PARAMETER,Scenario,REGION,TECHNOLOGY,FUEL,EMISSION,MODE_OF_OPERATION,YEAR,TIMESLICE,SEASON,DAYTYPE,DAILYTIMEBRACKET,STORAGE,Value
EmissionActivityRatio,BAU,ECU,DIST_DSL,,CO2e_sources,1,2010,,,,,,0.074539
EmissionActivityRatio,BAU,ECU,DIST_DSL,,CO2e_sources,1,2011,,,,,,0.074539
EmissionActivityRatio,BAU,ECU,DIST_DSL,,CO2e_sources,1,2012,,,,,,0.074539
EmissionActivityRatio,BAU,ECU,DIST_DSL,,CO2e_sources,1,2013,,,,,,0.074539
EmissionActivityRatio,BAU,ECU,DIST_DSL,,CO2e_sources,1,2014,,,,,,0.074539
EmissionActivityRatio,BAU,ECU,DIST_DSL,,CO2e_sources,1,2015,,,,,,0.074539
EmissionActivityRatio,BAU,ECU,DIST_DSL,,CO2e_sources,1,2016,,,,,,0.074539
EmissionActivityRatio,BAU,ECU,DIST_DSL,,CO2e_sources,1,2017,,,,,,0.074539
EmissionActivityRatio,BAU,ECU,DIST_DSL,,CO2e_sources,1,2018,,,,,,0.074539
EmissionActivityRatio,BAU,ECU,DIST_DSL,,CO2e_sources,1,2019,,,,,,0.074539
EmissionActivityRatio,BAU,ECU,DIST_DSL,,CO2e_sources,1,2020,,,,,,0.074539
EmissionActivityRatio,BAU,ECU,DIST_DSL,,CO2e_sources,1,2021,,,,,,0.074539
EmissionActivityRatio,BAU,ECU,DIST_DSL,,CO2e_sources,1,2022,,,,,,0.074539
EmissionActivityRatio,BAU,ECU,DIST_DSL,,CO2e_sources,1,2023,,,,,,0.074539
EmissionActivityRatio,BAU,ECU,DIST_DSL,,CO2e_sources,1,2024,,,,,,0.074539
EmissionActivityRatio,BAU,ECU,DIST_DSL,,CO2e_sources,1,2025,,,,,,0.074539
EmissionActivityRatio,BAU,ECU,DIST_DSL,,CO2e_sources,1,2026,,,,,,0.074539
EmissionActivityRatio,BAU,ECU,DIST_DSL,,CO2e_sources,1,2027,,,,,,0.074539
EmissionActivityRatio,BAU,ECU,DIST_DSL,,CO2e_sources,1,2028,,,,,,0.074539
EmissionActivityRatio,BAU,ECU,DIST_DSL,,CO2e_sources,1,2029,,,,,,0.074539
EmissionActivityRatio,BAU,ECU,DIST_DSL,,CO2e_sources,1,2030,,,,,,0.074539
EmissionActivityRatio,BAU,ECU,DIST_DSL,,CO2e_sources,1,2031,,,,,,0.074539
EmissionActivityRatio,BAU,ECU,DIST_DSL,,CO2e_sources,1,2032,,,,,,0.074539
EmissionActivityRatio,BAU,ECU,DIST_DSL,,CO2e_sources,1,2033,,,,,,0.074539
EmissionActivityRatio,BAU,ECU,DIST_DSL,,CO2e_sources,1,2034,,,,,,0.074539
EmissionActivityRatio,BAU,ECU,DIST_DSL,,CO2e_sources,1,2035,,,,,,0.074539
EmissionActivityRatio,BAU,ECU,DIST_GSL,,CO2e_sources,1,2010,,,,,,0.069739
EmissionActivityRatio,BAU,ECU,DIST_GSL,,CO2e_sources,1,2011,,,,,,0.069739
EmissionActivityRatio,BAU,ECU,DIST_GSL,,CO2e_sources,1,2012,,,,,,0.069739
EmissionActivityRatio,BAU,ECU,DIST_GSL,,CO2e_sources,1,2013,,,,,,0.069739
EmissionActivityRatio,BAU,ECU,DIST_GSL,,CO2e_sources,1,2014,,,,,,0.069739
EmissionActivityRatio,BAU,ECU,DIST_GSL,,CO2e_sources,1,2015,,,,,,0.069739
EmissionActivityRatio,BAU,ECU,DIST_GSL,,CO2e_sources,1,2016,,,,,,0.069739
EmissionActivityRatio,BAU,ECU,DIST_GSL,,CO2e_sources,1,2017,,,,,,0.069739
EmissionActivityRatio,BAU,ECU,DIST_GSL,,CO2e_sources,1,2018,,,,,,0.069739
EmissionActivityRatio,BAU,ECU,DIST_GSL,,CO2e_sources,1,2019,,,,,,0.069739
EmissionActivityRatio,BAU,ECU,DIST_GSL,,CO2e_sources,1,2020,,,,,,0.069739
EmissionActivityRatio,BAU,ECU,DIST_GSL,,CO2e_sources,1,2021,,,,,,0.069739
EmissionActivityRatio,BAU,ECU,DIST_GSL,,CO2e_sources,1,2022,,,,,,0.069739
EmissionActivityRatio,BAU,ECU,DIST_GSL,,CO2e_sources,1,2023,,,,,,0.069739
EmissionActivityRatio,BAU,ECU,DIST_GSL,,CO2e_sources,1,2024,,,,,,0.069739
EmissionActivityRatio,BAU,ECU,DIST_GSL,,CO2e_sources,1,2025,,,,,,0.069739
EmissionActivityRatio,BAU,ECU,DIST_GSL,,CO2e_sources,1,2026,,,,,,0.069739
EmissionActivityRatio,BAU,ECU,DIST_GSL,,CO2e_sources,1,2027,,,,,,0.069739
EmissionActivityRatio,BAU,ECU,DIST_GSL,,CO2e_sources,1,2028,,,,,,0.069739
EmissionActivityRatio,BAU,ECU,DIST_GSL,,CO2e_sources,1,2029,,,,,,0.069739
EmissionActivityRatio,BAU,ECU,DIST_GSL,,CO2e_sources,1,2030,,,,,,0.069739
EmissionActivityRatio,BAU,ECU,DIST_GSL,,CO2e_sources,1,2031,,,,,,0.069739
EmissionActivityRatio,BAU,ECU,DIST_GSL,,CO2e_sources,1,2032,,,,,,0.069739
EmissionActivityRatio,BAU,ECU,DIST_GSL,,CO2e_sources,1,2033,,,,,,0.069739
EmissionActivityRatio,BAU,ECU,DIST_GSL,,CO2e_sources,1,2034,,,,,,0.069739
EmissionActivityRatio,BAU,ECU,DIST_GSL,,CO2e_sources,1,2035,,,,,,0.069739
EmissionActivityRatio,BAU,ECU,DIST_NGS,,CO2e_sources,1,2010,,,,,,0.0561545
EmissionActivityRatio,BAU,ECU,DIST_NGS,,CO2e_sources,1,2011,,,,,,0.0561545
EmissionActivityRatio,BAU,ECU,DIST_NGS,,CO2e_sources,1,2012,,,,,,0.0561545
EmissionActivityRatio,BAU,ECU,DIST_NGS,,CO2e_sources,1,2013,,,,,,0.0561545
EmissionActivityRatio,BAU,ECU,DIST_NGS,,CO2e_sources,1,2014,,,,,,0.0561545
EmissionActivityRatio,BAU,ECU,DIST_NGS,,CO2e_sources,1,2015,,,,,,0.0561545
EmissionActivityRatio,BAU,ECU,DIST_NGS,,CO2e_sources,1,2016,,,,,,0.0561545
EmissionActivityRatio,BAU,ECU,DIST_NGS,,CO2e_sources,1,2017,,,,,,0.0561545
EmissionActivityRatio,BAU,ECU,DIST_NGS,,CO2e_sources,1,2018,,,,,,0.0561545
EmissionActivityRatio,BAU,ECU,DIST_NGS,,CO2e_sources,1,2019,,,,,,0.0561545
EmissionActivityRatio,BAU,ECU,DIST_NGS,,CO2e_sources,1,2020,,,,,,0.0561545
EmissionActivityRatio,BAU,ECU,DIST_NGS,,CO2e_sources,1,2021,,,,,,0.0561545
EmissionActivityRatio,BAU,ECU,DIST_NGS,,CO2e_sources,1,2022,,,,,,0.0561545
EmissionActivityRatio,BAU,ECU,DIST_NGS,,CO2e_sources,1,2023,,,,,,0.0561545
EmissionActivityRatio,BAU,ECU,DIST_NGS,,CO2e_sources,1,2024,,,,,,0.0561545
EmissionActivityRatio,BAU,ECU,DIST_NGS,,CO2e_sources,1,2025,,,,,,0.0561545
EmissionActivityRatio,BAU,ECU,DIST_NGS,,CO2e_sources,1,2026,,,,,,0.0561545
EmissionActivityRatio,BAU,ECU,DIST_NGS,,CO2e_sources,1,2027,,,,,,0.0561545
EmissionActivityRatio,BAU,ECU,DIST_NGS,,CO2e_sources,1,2028,,,,,,0.0561545
EmissionActivityRatio,BAU,ECU,DIST_NGS,,CO2e_sources,1,2029,,,,,,0.0561545
EmissionActivityRatio,BAU,ECU,DIST_NGS,,CO2e_sources,1,2030,,,,,,0.0561545
EmissionActivityRatio,BAU,ECU,DIST_NGS,,CO2e_sources,1,2031,,,,,,0.0561545
EmissionActivityRatio,BAU,ECU,DIST_NGS,,CO2e_sources,1,2032,,,,,,0.0561545
EmissionActivityRatio,BAU,ECU,DIST_NGS,,CO2e_sources,1,2033,,,,,,0.0561545
EmissionActivityRatio,BAU,ECU,DIST_NGS,,CO2e_sources,1,2034,,,,,,0.0561545
EmissionActivityRatio,BAU,ECU,DIST_NGS,,CO2e_sources,1,2035,,,,,,0.0561545
EmissionActivityRatio,BAU,ECU,ADD_GRE,,CO2e_sources,1,2010,,,,,,0.0561545
EmissionActivityRatio,BAU,ECU,ADD_GRE,,CO2e_sources,1,2011,,,,,,0.0561545
EmissionActivityRatio,BAU,ECU,ADD_GRE,,CO2e_sources,1,2012,,,,,,0.0561545
EmissionActivityRatio,BAU,ECU,ADD_GRE,,CO2e_sources,1,2013,,,,,,0.0561545
EmissionActivityRatio,BAU,ECU,ADD_GRE,,CO2e_sources,1,2014,,,,,,0.0561545
EmissionActivityRatio,BAU,ECU,ADD_GRE,,CO2e_sources,1,2015,,,,,,0.0561545
EmissionActivityRatio,BAU,ECU,ADD_GRE,,CO2e_sources,1,2016,,,,,,0.0561545
EmissionActivityRatio,BAU,ECU,ADD_GRE,,CO2e_sources,1,2017,,,,,,0.0561545
EmissionActivityRatio,BAU,ECU,ADD_GRE,,CO2e_sources,1,2018,,,,,,0.0561545
EmissionActivityRatio,BAU,ECU,ADD_GRE,,CO2e_sources,1,2019,,,,,,0.0561545
EmissionActivityRatio,BAU,ECU,ADD_GRE,,CO2e_sources,1,2020,,,,,,0.0561545
EmissionActivityRatio,BAU,ECU,ADD_GRE,,CO2e_sources,1,2021,,,,,,0.0561545
EmissionActivityRatio,BAU,ECU,ADD_GRE,,CO2e_sources,1,2022,,,,,,0.0561545
EmissionActivityRatio,BAU,ECU,ADD_GRE,,CO2e_sources,1,2023,,,,,,0.0561545
EmissionActivityRatio,BAU,ECU,ADD_GRE,,CO2e_sources,1,2024,,,,,,0.0561545
EmissionActivityRatio,BAU,ECU,ADD_GRE,,CO2e_sources,1,2025,,,,,,0.0561545
EmissionActivityRatio,BAU,ECU,ADD_GRE,,CO2e_sources,1,2026,,,,,,0.0561545
EmissionActivityRatio,BAU,ECU,ADD_GRE,,CO2e_sources,1,2027,,,,,,0.0561545
EmissionActivityRatio,BAU,ECU,ADD_GRE,,CO2e_sources,1,2028,,,,,,0.0561545
EmissionActivityRatio,BAU,ECU,ADD_GRE,,CO2e_sources,1,2029,,,,,,0.0561545
EmissionActivityRatio,BAU,ECU,ADD_GRE,,CO2e_sources,1,2030,,,,,,0.0561545
EmissionActivityRatio,BAU,ECU,ADD_GRE,,CO2e_sources,1,2031,,,,,,0.0561545
EmissionActivityRatio,BAU,ECU,ADD_GRE,,CO2e_sources,1,2032,,,,,,0.0561545
EmissionActivityRatio,BAU,ECU,ADD_GRE,,CO2e_sources,1,2033,,,,,,0.0561545
EmissionActivityRatio,BAU,ECU,ADD_GRE,,CO2e_sources,1,2034,,,,,,0.0561545
EmissionActivityRatio,BAU,ECU,ADD_GRE,,CO2e_sources,1,2035,,,,,,0.0561545
EmissionActivityRatio,BAU,ECU,DIST_LPG,,CO2e_sources,1,2010,,,,,,0.0632665
EmissionActivityRatio,BAU,ECU,DIST_LPG,,CO2e_sources,1,2011,,,,,,0.0632665
EmissionActivityRatio,BAU,ECU,DIST_LPG,,CO2e_sources,1,2012,,,,,,0.0632665
EmissionActivityRatio,BAU,ECU,DIST_LPG,,CO2e_sources,1,2013,,,,,,0.0632665
EmissionActivityRatio,BAU,ECU,DIST_LPG,,CO2e_sources,1,2014,,,,,,0.0632665
EmissionActivityRatio,BAU,ECU,DIST_LPG,,CO2e_sources,1,2015,,,,,,0.0632665
EmissionActivityRatio,BAU,ECU,DIST_LPG,,CO2e_sources,1,2016,,,,,,0.0632665
EmissionActivityRatio,BAU,ECU,DIST_LPG,,CO2e_sources,1,2017,,,,,,0.0632665
EmissionActivityRatio,BAU,ECU,DIST_LPG,,CO2e_sources,1,2018,,,,,,0.0632665
EmissionActivityRatio,BAU,ECU,DIST_LPG,,CO2e_sources,1,2019,,,,,,0.0632665
EmissionActivityRatio,BAU,ECU,DIST_LPG,,CO2e_sources,1,2020,,,,,,0.0632665
EmissionActivityRatio,BAU,ECU,DIST_LPG,,CO2e_sources,1,2021,,,,,,0.0632665
EmissionActivityRatio,BAU,ECU,DIST_LPG,,CO2e_sources,1,2022,,,,,,0.0632665
EmissionActivityRatio,BAU,ECU,DIST_LPG,,CO2e_sources,1,2023,,,,,,0.0632665
EmissionActivityRatio,BAU,ECU,DIST_LPG,,CO2e_sources,1,2024,,,,,,0.0632665
EmissionActivityRatio,BAU,ECU,DIST_LPG,,CO2e_sources,1,2025,,,,,,0.0632665
EmissionActivityRatio,BAU,ECU,DIST_LPG,,CO2e_sources,1,2026,,,,,,0.0632665
EmissionActivityRatio,BAU,ECU,DIST_LPG,,CO2e_sources,1,2027,,,,,,0.0632665
EmissionActivityRatio,BAU,ECU,DIST_LPG,,CO2e_sources,1,2028,,,,,,0.0632665
EmissionActivityRatio,BAU,ECU,DIST_LPG,,CO2e_sources,1,2029,,,,,,0.0632665
EmissionActivityRatio,BAU,ECU,DIST_LPG,,CO2e_sources,1,2030,,,,,,0.0632665
EmissionActivityRatio,BAU,ECU,DIST_LPG,,CO2e_sources,1,2031,,,,,,0.0632665
EmissionActivityRatio,BAU,ECU,DIST_LPG,,CO2e_sources,1,2032,,,,,,0.0632665
EmissionActivityRatio,BAU,ECU,DIST_LPG,,CO2e_sources,1,2033,,,,,,0.0632665
EmissionActivityRatio,BAU,ECU,DIST_LPG,,CO2e_sources,1,2034,,,,,,0.0632665
EmissionActivityRatio,BAU,ECU,DIST_LPG,,CO2e_sources,1,2035,,,,,,0.0632665
EmissionActivityRatio,BAU,ECU,DIST_COK,,CO2e_sources,1,2010,,,,,,0.097743
EmissionActivityRatio,BAU,ECU,DIST_COK,,CO2e_sources,1,2011,,,,,,0.097743
EmissionActivityRatio,BAU,ECU,DIST_COK,,CO2e_sources,1,2012,,,,,,0.097743
EmissionActivityRatio,BAU,ECU,DIST_COK,,CO2e_sources,1,2013,,,,,,0.097743
EmissionActivityRatio,BAU,ECU,DIST_COK,,CO2e_sources,1,2014,,,,,,0.097743
EmissionActivityRatio,BAU,ECU,DIST_COK,,CO2e_sources,1,2015,,,,,,0.097743
EmissionActivityRatio,BAU,ECU,DIST_COK,,CO2e_sources,1,2016,,,,,,0.097743
EmissionActivityRatio,BAU,ECU,DIST_COK,,CO2e_sources,1,2017,,,,,,0.097743
EmissionActivityRatio,BAU,ECU,DIST_COK,,CO2e_sources,1,2018,,,,,,0.097743
EmissionActivityRatio,BAU,ECU,DIST_COK,,CO2e_sources,1,2019,,,,,,0.097743
EmissionActivityRatio,BAU,ECU,DIST_COK,,CO2e_sources,1,2020,,,,,,0.097743
EmissionActivityRatio,BAU,ECU,DIST_COK,,CO2e_sources,1,2021,,,,,,0.097743
EmissionActivityRatio,BAU,ECU,DIST_COK,,CO2e_sources,1,2022,,,,,,0.097743
EmissionActivityRatio,BAU,ECU,DIST_COK,,CO2e_sources,1,2023,,,,,,0.097743
EmissionActivityRatio,BAU,ECU,DIST_COK,,CO2e_sources,1,2024,,,,,,0.097743
EmissionActivityRatio,BAU,ECU,DIST_COK,,CO2e_sources,1,2025,,,,,,0.097743
EmissionActivityRatio,BAU,ECU,DIST_COK,,CO2e_sources,1,2026,,,,,,0.097743
EmissionActivityRatio,BAU,ECU,DIST_COK,,CO2e_sources,1,2027,,,,,,0.097743
EmissionActivityRatio,BAU,ECU,DIST_COK,,CO2e_sources,1,2028,,,,,,0.097743
EmissionActivityRatio,BAU,ECU,DIST_COK,,CO2e_sources,1,2029,,,,,,0.097743
EmissionActivityRatio,BAU,ECU,DIST_COK,,CO2e_sources,1,2030,,,,,,0.097743
EmissionActivityRatio,BAU,ECU,DIST_COK,,CO2e_sources,1,2031,,,,,,0.097743
EmissionActivityRatio,BAU,ECU,DIST_COK,,CO2e_sources,1,2032,,,,,,0.097743
EmissionActivityRatio,BAU,ECU,DIST_COK,,CO2e_sources,1,2033,,,,,,0.097743
EmissionActivityRatio,BAU,ECU,DIST_COK,,CO2e_sources,1,2034,,,,,,0.097743
EmissionActivityRatio,BAU,ECU,DIST_COK,,CO2e_sources,1,2035,,,,,,0.097743
EmissionActivityRatio,BAU,ECU,DIST_KER,,CO2e_sources,1,2010,,,,,,0.071743
EmissionActivityRatio,BAU,ECU,DIST_KER,,CO2e_sources,1,2011,,,,,,0.071743
EmissionActivityRatio,BAU,ECU,DIST_KER,,CO2e_sources,1,2012,,,,,,0.071743
EmissionActivityRatio,BAU,ECU,DIST_KER,,CO2e_sources,1,2013,,,,,,0.071743
EmissionActivityRatio,BAU,ECU,DIST_KER,,CO2e_sources,1,2014,,,,,,0.071743
EmissionActivityRatio,BAU,ECU,DIST_KER,,CO2e_sources,1,2015,,,,,,0.071743
EmissionActivityRatio,BAU,ECU,DIST_KER,,CO2e_sources,1,2016,,,,,,0.071743
EmissionActivityRatio,BAU,ECU,DIST_KER,,CO2e_sources,1,2017,,,,,,0.071743
EmissionActivityRatio,BAU,ECU,DIST_KER,,CO2e_sources,1,2018,,,,,,0.071743
EmissionActivityRatio,BAU,ECU,DIST_KER,,CO2e_sources,1,2019,,,,,,0.071743
EmissionActivityRatio,BAU,ECU,DIST_KER,,CO2e_sources,1,2020,,,,,,0.071743
EmissionActivityRatio,BAU,ECU,DIST_KER,,CO2e_sources,1,2021,,,,,,0.071743
EmissionActivityRatio,BAU,ECU,DIST_KER,,CO2e_sources,1,2022,,,,,,0.071743
EmissionActivityRatio,BAU,ECU,DIST_KER,,CO2e_sources,1,2023,,,,,,0.071743
EmissionActivityRatio,BAU,ECU,DIST_KER,,CO2e_sources,1,2024,,,,,,0.071743
EmissionActivityRatio,BAU,ECU,DIST_KER,,CO2e_sources,1,2025,,,,,,0.071743
EmissionActivityRatio,BAU,ECU,DIST_KER,,CO2e_sources,1,2026,,,,,,0.071743
EmissionActivityRatio,BAU,ECU,DIST_KER,,CO2e_sources,1,2027,,,,,,0.071743
EmissionActivityRatio,BAU,ECU,DIST_KER,,CO2e_sources,1,2028,,,,,,0.071743
EmissionActivityRatio,BAU,ECU,DIST_KER,,CO2e_sources,1,2029,,,,,,0.071743
EmissionActivityRatio,BAU,ECU,DIST_KER,,CO2e_sources,1,2030,,,,,,0.071743
EmissionActivityRatio,BAU,ECU,DIST_KER,,CO2e_sources,1,2031,,,,,,0.071743
EmissionActivityRatio,BAU,ECU,DIST_KER,,CO2e_sources,1,2032,,,,,,0.071743
EmissionActivityRatio,BAU,ECU,DIST_KER,,CO2e_sources,1,2033,,,,,,0.071743
EmissionActivityRatio,BAU,ECU,DIST_KER,,CO2e_sources,1,2034,,,,,,0.071743
EmissionActivityRatio,BAU,ECU,DIST_KER,,CO2e_sources,1,2035,,,,,,0.071743
EmissionActivityRatio,BAU,ECU,DIST_JET,,CO2e_sources,1,2010,,,,,,0.071743
EmissionActivityRatio,BAU,ECU,DIST_JET,,CO2e_sources,1,2011,,,,,,0.071743
EmissionActivityRatio,BAU,ECU,DIST_JET,,CO2e_sources,1,2012,,,,,,0.071743
EmissionActivityRatio,BAU,ECU,DIST_JET,,CO2e_sources,1,2013,,,,,,0.071743
EmissionActivityRatio,BAU,ECU,DIST_JET,,CO2e_sources,1,2014,,,,,,0.071743
EmissionActivityRatio,BAU,ECU,DIST_JET,,CO2e_sources,1,2015,,,,,,0.071743
EmissionActivityRatio,BAU,ECU,DIST_JET,,CO2e_sources,1,2016,,,,,,0.071743
EmissionActivityRatio,BAU,ECU,DIST_JET,,CO2e_sources,1,2017,,,,,,0.071743
EmissionActivityRatio,BAU,ECU,DIST_JET,,CO2e_sources,1,2018,,,,,,0.071743
EmissionActivityRatio,BAU,ECU,DIST_JET,,CO2e_sources,1,2019,,,,,,0.071743
EmissionActivityRatio,BAU,ECU,DIST_JET,,CO2e_sources,1,2020,,,,,,0.071743
EmissionActivityRatio,BAU,ECU,DIST_JET,,CO2e_sources,1,2021,,,,,,0.071743
EmissionActivityRatio,BAU,ECU,DIST_JET,,CO2e_sources,1,2022,,,,,,0.071743
EmissionActivityRatio,BAU,ECU,DIST_JET,,CO2e_sources,1,2023,,,,,,0.071743
EmissionActivityRatio,BAU,ECU,DIST_JET,,CO2e_sources,1,2024,,,,,,0.071743
EmissionActivityRatio,BAU,ECU,DIST_JET,,CO2e_sources,1,2025,,,,,,0.071743
EmissionActivityRatio,BAU,ECU,DIST_JET,,CO2e_sources,1,2026,,,,,,0.071743
EmissionActivityRatio,BAU,ECU,DIST_JET,,CO2e_sources,1,2027,,,,,,0.071743
EmissionActivityRatio,BAU,ECU,DIST_JET,,CO2e_sources,1,2028,,,,,,0.071743
EmissionActivityRatio,BAU,ECU,DIST_JET,,CO2e_sources,1,2029,,,,,,0.071743
EmissionActivityRatio,BAU,ECU,DIST_JET,,CO2e_sources,1,2030,,,,,,0.071743
EmissionActivityRatio,BAU,ECU,DIST_JET,,CO2e_sources,1,2031,,,,,,0.071743
EmissionActivityRatio,BAU,ECU,DIST_JET,,CO2e_sources,1,2032,,,,,,0.071743
EmissionActivityRatio,BAU,ECU,DIST_JET,,CO2e_sources,1,2033,,,,,,0.071743
EmissionActivityRatio,BAU,ECU,DIST_JET,,CO2e_sources,1,2034,,,,,,0.071743
EmissionActivityRatio,BAU,ECU,DIST_JET,,CO2e_sources,1,2035,,,,,,0.071743
EmissionActivityRatio,BAU,ECU,DIST_FIR,,CO2e_sources,1,2010,,,,,,0.00946
EmissionActivityRatio,BAU,ECU,DIST_FIR,,CO2e_sources,1,2011,,,,,,0.00946
EmissionActivityRatio,BAU,ECU,DIST_FIR,,CO2e_sources,1,2012,,,,,,0.00946
EmissionActivityRatio,BAU,ECU,DIST_FIR,,CO2e_sources,1,2013,,,,,,0.00946
EmissionActivityRatio,BAU,ECU,DIST_FIR,,CO2e_sources,1,2014,,,,,,0.00946
EmissionActivityRatio,BAU,ECU,DIST_FIR,,CO2e_sources,1,2015,,,,,,0.00946
EmissionActivityRatio,BAU,ECU,DIST_FIR,,CO2e_sources,1,2016,,,,,,0.00946
EmissionActivityRatio,BAU,ECU,DIST_FIR,,CO2e_sources,1,2017,,,,,,0.00946
EmissionActivityRatio,BAU,ECU,DIST_FIR,,CO2e_sources,1,2018,,,,,,0.00946
EmissionActivityRatio,BAU,ECU,DIST_FIR,,CO2e_sources,1,2019,,,,,,0.00946
EmissionActivityRatio,BAU,ECU,DIST_FIR,,CO2e_sources,1,2020,,,,,,0.00946
EmissionActivityRatio,BAU,ECU,DIST_FIR,,CO2e_sources,1,2021,,,,,,0.00946
EmissionActivityRatio,BAU,ECU,DIST_FIR,,CO2e_sources,1,2022,,,,,,0.00946
EmissionActivityRatio,BAU,ECU,DIST_FIR,,CO2e_sources,1,2023,,,,,,0.00946
EmissionActivityRatio,BAU,ECU,DIST_FIR,,CO2e_sources,1,2024,,,,,,0.00946
EmissionActivityRatio,BAU,ECU,DIST_FIR,,CO2e_sources,1,2025,,,,,,0.00946
EmissionActivityRatio,BAU,ECU,DIST_FIR,,CO2e_sources,1,2026,,,,,,0.00946
EmissionActivityRatio,BAU,ECU,DIST_FIR,,CO2e_sources,1,2027,,,,,,0.00946
EmissionActivityRatio,BAU,ECU,DIST_FIR,,CO2e_sources,1,2028,,,,,,0.00946
EmissionActivityRatio,BAU,ECU,DIST_FIR,,CO2e_sources,1,2029,,,,,,0.00946
EmissionActivityRatio,BAU,ECU,DIST_FIR,,CO2e_sources,1,2030,,,,,,0.00946
EmissionActivityRatio,BAU,ECU,DIST_FIR,,CO2e_sources,1,2031,,,,,,0.00946
EmissionActivityRatio,BAU,ECU,DIST_FIR,,CO2e_sources,1,2032,,,,,,0.00946
EmissionActivityRatio,BAU,ECU,DIST_FIR,,CO2e_sources,1,2033,,,,,,0.00946
EmissionActivityRatio,BAU,ECU,DIST_FIR,,CO2e_sources,1,2034,,,,,,0.00946
EmissionActivityRatio,BAU,ECU,DIST_FIR,,CO2e_sources,1,2035,,,,,,0.00946
EmissionActivityRatio,BAU,ECU,DIST_CHA,,CO2e_sources,1,2010,,,,,,0.005865
EmissionActivityRatio,BAU,ECU,DIST_CHA,,CO2e_sources,1,2011,,,,,,0.005865
EmissionActivityRatio,BAU,ECU,DIST_CHA,,CO2e_sources,1,2012,,,,,,0.005865
EmissionActivityRatio,BAU,ECU,DIST_CHA,,CO2e_sources,1,2013,,,,,,0.005865
EmissionActivityRatio,BAU,ECU,DIST_CHA,,CO2e_sources,1,2014,,,,,,0.005865
EmissionActivityRatio,BAU,ECU,DIST_CHA,,CO2e_sources,1,2015,,,,,,0.005865
EmissionActivityRatio,BAU,ECU,DIST_CHA,,CO2e_sources,1,2016,,,,,,0.005865
EmissionActivityRatio,BAU,ECU,DIST_CHA,,CO2e_sources,1,2017,,,,,,0.005865
EmissionActivityRatio,BAU,ECU,DIST_CHA,,CO2e_sources,1,2018,,,,,,0.005865
EmissionActivityRatio,BAU,ECU,DIST_CHA,,CO2e_sources,1,2019,,,,,,0.005865
EmissionActivityRatio,BAU,ECU,DIST_CHA,,CO2e_sources,1,2020,,,,,,0.005865
EmissionActivityRatio,BAU,ECU,DIST_CHA,,CO2e_sources,1,2021,,,,,,0.005865
EmissionActivityRatio,BAU,ECU,DIST_CHA,,CO2e_sources,1,2022,,,,,,0.005865
EmissionActivityRatio,BAU,ECU,DIST_CHA,,CO2e_sources,1,2023,,,,,,0.005865
EmissionActivityRatio,BAU,ECU,DIST_CHA,,CO2e_sources,1,2024,,,,,,0.005865
EmissionActivityRatio,BAU,ECU,DIST_CHA,,CO2e_sources,1,2025,,,,,,0.005865
EmissionActivityRatio,BAU,ECU,DIST_CHA,,CO2e_sources,1,2026,,,,,,0.005865
EmissionActivityRatio,BAU,ECU,DIST_CHA,,CO2e_sources,1,2027,,,,,,0.005865
EmissionActivityRatio,BAU,ECU,DIST_CHA,,CO2e_sources,1,2028,,,,,,0.005865
EmissionActivityRatio,BAU,ECU,DIST_CHA,,CO2e_sources,1,2029,,,,,,0.005865
EmissionActivityRatio,BAU,ECU,DIST_CHA,,CO2e_sources,1,2030,,,,,,0.005865
EmissionActivityRatio,BAU,ECU,DIST_CHA,,CO2e_sources,1,2031,,,,,,0.005865
EmissionActivityRatio,BAU,ECU,DIST_CHA,,CO2e_sources,1,2032,,,,,,0.005865
EmissionActivityRatio,BAU,ECU,DIST_CHA,,CO2e_sources,1,2033,,,,,,0.005865
EmissionActivityRatio,BAU,ECU,DIST_CHA,,CO2e_sources,1,2034,,,,,,0.005865
EmissionActivityRatio,BAU,ECU,DIST_CHA,,CO2e_sources,1,2035,,,,,,0.005865
EmissionActivityRatio,BAU,ECU,DIST_BIM,,CO2e_sources,1,2010,,,,,,0.0019
EmissionActivityRatio,BAU,ECU,DIST_BIM,,CO2e_sources,1,2011,,,,,,0.0019
EmissionActivityRatio,BAU,ECU,DIST_BIM,,CO2e_sources,1,2012,,,,,,0.0019
EmissionActivityRatio,BAU,ECU,DIST_BIM,,CO2e_sources,1,2013,,,,,,0.0019
EmissionActivityRatio,BAU,ECU,DIST_BIM,,CO2e_sources,1,2014,,,,,,0.0019
EmissionActivityRatio,BAU,ECU,DIST_BIM,,CO2e_sources,1,2015,,,,,,0.0019
EmissionActivityRatio,BAU,ECU,DIST_BIM,,CO2e_sources,1,2016,,,,,,0.0019
EmissionActivityRatio,BAU,ECU,DIST_BIM,,CO2e_sources,1,2017,,,,,,0.0019
EmissionActivityRatio,BAU,ECU,DIST_BIM,,CO2e_sources,1,2018,,,,,,0.0019
EmissionActivityRatio,BAU,ECU,DIST_BIM,,CO2e_sources,1,2019,,,,,,0.0019
EmissionActivityRatio,BAU,ECU,DIST_BIM,,CO2e_sources,1,2020,,,,,,0.0019
EmissionActivityRatio,BAU,ECU,DIST_BIM,,CO2e_sources,1,2021,,,,,,0.0019
EmissionActivityRatio,BAU,ECU,DIST_BIM,,CO2e_sources,1,2022,,,,,,0.0019
EmissionActivityRatio,BAU,ECU,DIST_BIM,,CO2e_sources,1,2023,,,,,,0.0019
EmissionActivityRatio,BAU,ECU,DIST_BIM,,CO2e_sources,1,2024,,,,,,0.0019
EmissionActivityRatio,BAU,ECU,DIST_BIM,,CO2e_sources,1,2025,,,,,,0.0019
EmissionActivityRatio,BAU,ECU,DIST_BIM,,CO2e_sources,1,2026,,,,,,0.0019
EmissionActivityRatio,BAU,ECU,DIST_BIM,,CO2e_sources,1,2027,,,,,,0.0019
EmissionActivityRatio,BAU,ECU,DIST_BIM,,CO2e_sources,1,2028,,,,,,0.0019
EmissionActivityRatio,BAU,ECU,DIST_BIM,,CO2e_sources,1,2029,,,,,,0.0019
EmissionActivityRatio,BAU,ECU,DIST_BIM,,CO2e_sources,1,2030,,,,,,0.0019
EmissionActivityRatio,BAU,ECU,DIST_BIM,,CO2e_sources,1,2031,,,,,,0.0019
EmissionActivityRatio,BAU,ECU,DIST_BIM,,CO2e_sources,1,2032,,,,,,0.0019
EmissionActivityRatio,BAU,ECU,DIST_BIM,,CO2e_sources,1,2033,,,,,,0.0019
EmissionActivityRatio,BAU,ECU,DIST_BIM,,CO2e_sources,1,2034,,,,,,0.0019
EmissionActivityRatio,BAU,ECU,DIST_BIM,,CO2e_sources,1,2035,,,,,,0.0019
EmissionActivityRatio,BAU,ECU,DIST_BGS,,CO2e_sources,1,2010,,,,,,5.45e-05
EmissionActivityRatio,BAU,ECU,DIST_BGS,,CO2e_sources,1,2011,,,,,,5.45e-05
EmissionActivityRatio,BAU,ECU,DIST_BGS,,CO2e_sources,1,2012,,,,,,5.45e-05
EmissionActivityRatio,BAU,ECU,DIST_BGS,,CO2e_sources,1,2013,,,,,,5.45e-05
EmissionActivityRatio,BAU,ECU,DIST_BGS,,CO2e_sources,1,2014,,,,,,5.45e-05
EmissionActivityRatio,BAU,ECU,DIST_BGS,,CO2e_sources,1,2015,,,,,,5.45e-05
EmissionActivityRatio,BAU,ECU,DIST_BGS,,CO2e_sources,1,2016,,,,,,5.45e-05
EmissionActivityRatio,BAU,ECU,DIST_BGS,,CO2e_sources,1,2017,,,,,,5.45e-05
EmissionActivityRatio,BAU,ECU,DIST_BGS,,CO2e_sources,1,2018,,,,,,5.45e-05
EmissionActivityRatio,BAU,ECU,DIST_BGS,,CO2e_sources,1,2019,,,,,,5.45e-05
EmissionActivityRatio,BAU,ECU,DIST_BGS,,CO2e_sources,1,2020,,,,,,5.45e-05
EmissionActivityRatio,BAU,ECU,DIST_BGS,,CO2e_sources,1,2021,,,,,,5.45e-05
EmissionActivityRatio,BAU,ECU,DIST_BGS,,CO2e_sources,1,2022,,,,,,5.45e-05
EmissionActivityRatio,BAU,ECU,DIST_BGS,,CO2e_sources,1,2023,,,,,,5.45e-05
EmissionActivityRatio,BAU,ECU,DIST_BGS,,CO2e_sources,1,2024,,,,,,5.45e-05
EmissionActivityRatio,BAU,ECU,DIST_BGS,,CO2e_sources,1,2025,,,,,,5.45e-05
EmissionActivityRatio,BAU,ECU,DIST_BGS,,CO2e_sources,1,2026,,,,,,5.45e-05
EmissionActivityRatio,BAU,ECU,DIST_BGS,,CO2e_sources,1,2027,,,,,,5.45e-05
EmissionActivityRatio,BAU,ECU,DIST_BGS,,CO2e_sources,1,2028,,,,,,5.45e-05
EmissionActivityRatio,BAU,ECU,DIST_BGS,,CO2e_sources,1,2029,,,,,,5.45e-05
EmissionActivityRatio,BAU,ECU,DIST_BGS,,CO2e_sources,1,2030,,,,,,5.45e-05
EmissionActivityRatio,BAU,ECU,DIST_BGS,,CO2e_sources,1,2031,,,,,,5.45e-05
EmissionActivityRatio,BAU,ECU,DIST_BGS,,CO2e_sources,1,2032,,,,,,5.45e-05
EmissionActivityRatio,BAU,ECU,DIST_BGS,,CO2e_sources,1,2033,,,,,,5.45e-05
EmissionActivityRatio,BAU,ECU,DIST_BGS,,CO2e_sources,1,2034,,,,,,5.45e-05
EmissionActivityRatio,BAU,ECU,DIST_BGS,,CO2e_sources,1,2035,,,,,,5.45e-05
EmissionActivityRatio,BAU,ECU,DIST_OPE,,CO2e_sources,1,2010,,,,,,0.0
EmissionActivityRatio,BAU,ECU,DIST_OPE,,CO2e_sources,1,2011,,,,,,0.0
EmissionActivityRatio,BAU,ECU,DIST_OPE,,CO2e_sources,1,2012,,,,,,0.0
EmissionActivityRatio,BAU,ECU,DIST_OPE,,CO2e_sources,1,2013,,,,,,0.0
EmissionActivityRatio,BAU,ECU,DIST_OPE,,CO2e_sources,1,2014,,,,,,0.0
EmissionActivityRatio,BAU,ECU,DIST_OPE,,CO2e_sources,1,2015,,,,,,0.0
EmissionActivityRatio,BAU,ECU,DIST_OPE,,CO2e_sources,1,2016,,,,,,0.0
EmissionActivityRatio,BAU,ECU,DIST_OPE,,CO2e_sources,1,2017,,,,,,0.0
EmissionActivityRatio,BAU,ECU,DIST_OPE,,CO2e_sources,1,2018,,,,,,0.0
EmissionActivityRatio,BAU,ECU,DIST_OPE,,CO2e_sources,1,2019,,,,,,0.0
EmissionActivityRatio,BAU,ECU,DIST_OPE,,CO2e_sources,1,2020,,,,,,0.0
EmissionActivityRatio,BAU,ECU,DIST_OPE,,CO2e_sources,1,2021,,,,,,0.0
EmissionActivityRatio,BAU,ECU,DIST_OPE,,CO2e_sources,1,2022,,,,,,0.0
EmissionActivityRatio,BAU,ECU,DIST_OPE,,CO2e_sources,1,2023,,,,,,0.0
EmissionActivityRatio,BAU,ECU,DIST_OPE,,CO2e_sources,1,2024,,,,,,0.0
EmissionActivityRatio,BAU,ECU,DIST_OPE,,CO2e_sources,1,2025,,,,,,0.0
EmissionActivityRatio,BAU,ECU,DIST_OPE,,CO2e_sources,1,2026,,,,,,0.0
EmissionActivityRatio,BAU,ECU,DIST_OPE,,CO2e_sources,1,2027,,,,,,0.0
EmissionActivityRatio,BAU,ECU,DIST_OPE,,CO2e_sources,1,2028,,,,,,0.0
EmissionActivityRatio,BAU,ECU,DIST_OPE,,CO2e_sources,1,2029,,,,,,0.0
EmissionActivityRatio,BAU,ECU,DIST_OPE,,CO2e_sources,1,2030,,,,,,0.0
EmissionActivityRatio,BAU,ECU,DIST_OPE,,CO2e_sources,1,2031,,,,,,0.0
EmissionActivityRatio,BAU,ECU,DIST_OPE,,CO2e_sources,1,2032,,,,,,0.0
EmissionActivityRatio,BAU,ECU,DIST_OPE,,CO2e_sources,1,2033,,,,,,0.0
EmissionActivityRatio,BAU,ECU,DIST_OPE,,CO2e_sources,1,2034,,,,,,0.0
EmissionActivityRatio,BAU,ECU,DIST_OPE,,CO2e_sources,1,2035,,,,,,0.0
EmissionActivityRatio,BAU,ECU,DIST_COA,,CO2e_sources,1,2010,,,,,,0.09596
EmissionActivityRatio,BAU,ECU,DIST_COA,,CO2e_sources,1,2011,,,,,,0.09596
EmissionActivityRatio,BAU,ECU,DIST_COA,,CO2e_sources,1,2012,,,,,,0.09596
EmissionActivityRatio,BAU,ECU,DIST_COA,,CO2e_sources,1,2013,,,,,,0.09596
EmissionActivityRatio,BAU,ECU,DIST_COA,,CO2e_sources,1,2014,,,,,,0.09596
EmissionActivityRatio,BAU,ECU,DIST_COA,,CO2e_sources,1,2015,,,,,,0.09596
EmissionActivityRatio,BAU,ECU,DIST_COA,,CO2e_sources,1,2016,,,,,,0.09596
EmissionActivityRatio,BAU,ECU,DIST_COA,,CO2e_sources,1,2017,,,,,,0.09596
EmissionActivityRatio,BAU,ECU,DIST_COA,,CO2e_sources,1,2018,,,,,,0.09596
EmissionActivityRatio,BAU,ECU,DIST_COA,,CO2e_sources,1,2019,,,,,,0.09596
EmissionActivityRatio,BAU,ECU,DIST_COA,,CO2e_sources,1,2020,,,,,,0.09596
EmissionActivityRatio,BAU,ECU,DIST_COA,,CO2e_sources,1,2021,,,,,,0.09596
EmissionActivityRatio,BAU,ECU,DIST_COA,,CO2e_sources,1,2022,,,,,,0.09596
EmissionActivityRatio,BAU,ECU,DIST_COA,,CO2e_sources,1,2023,,,,,,0.09596
EmissionActivityRatio,BAU,ECU,DIST_COA,,CO2e_sources,1,2024,,,,,,0.09596
EmissionActivityRatio,BAU,ECU,DIST_COA,,CO2e_sources,1,2025,,,,,,0.09596
EmissionActivityRatio,BAU,ECU,DIST_COA,,CO2e_sources,1,2026,,,,,,0.09596
EmissionActivityRatio,BAU,ECU,DIST_COA,,CO2e_sources,1,2027,,,,,,0.09596
EmissionActivityRatio,BAU,ECU,DIST_COA,,CO2e_sources,1,2028,,,,,,0.09596
EmissionActivityRatio,BAU,ECU,DIST_COA,,CO2e_sources,1,2029,,,,,,0.09596
EmissionActivityRatio,BAU,ECU,DIST_COA,,CO2e_sources,1,2030,,,,,,0.09596
EmissionActivityRatio,BAU,ECU,DIST_COA,,CO2e_sources,1,2031,,,,,,0.09596
EmissionActivityRatio,BAU,ECU,DIST_COA,,CO2e_sources,1,2032,,,,,,0.09596
EmissionActivityRatio,BAU,ECU,DIST_COA,,CO2e_sources,1,2033,,,,,,0.09596
EmissionActivityRatio,BAU,ECU,DIST_COA,,CO2e_sources,1,2034,,,,,,0.09596
EmissionActivityRatio,BAU,ECU,DIST_COA,,CO2e_sources,1,2035,,,,,,0.09596
EmissionActivityRatio,BAU,ECU,DIST_RDF,,CO2e_sources,1,2010,,,,,,0.092844
EmissionActivityRatio,BAU,ECU,DIST_RDF,,CO2e_sources,1,2011,,,,,,0.092844
EmissionActivityRatio,BAU,ECU,DIST_RDF,,CO2e_sources,1,2012,,,,,,0.092844
EmissionActivityRatio,BAU,ECU,DIST_RDF,,CO2e_sources,1,2013,,,,,,0.092844
EmissionActivityRatio,BAU,ECU,DIST_RDF,,CO2e_sources,1,2014,,,,,,0.092844
EmissionActivityRatio,BAU,ECU,DIST_RDF,,CO2e_sources,1,2015,,,,,,0.092844
EmissionActivityRatio,BAU,ECU,DIST_RDF,,CO2e_sources,1,2016,,,,,,0.092844
EmissionActivityRatio,BAU,ECU,DIST_RDF,,CO2e_sources,1,2017,,,,,,0.092844
EmissionActivityRatio,BAU,ECU,DIST_RDF,,CO2e_sources,1,2018,,,,,,0.092844
EmissionActivityRatio,BAU,ECU,DIST_RDF,,CO2e_sources,1,2019,,,,,,0.092844
EmissionActivityRatio,BAU,ECU,DIST_RDF,,CO2e_sources,1,2020,,,,,,0.092844
EmissionActivityRatio,BAU,ECU,DIST_RDF,,CO2e_sources,1,2021,,,,,,0.092844
EmissionActivityRatio,BAU,ECU,DIST_RDF,,CO2e_sources,1,2022,,,,,,0.092844
EmissionActivityRatio,BAU,ECU,DIST_RDF,,CO2e_sources,1,2023,,,,,,0.092844
EmissionActivityRatio,BAU,ECU,DIST_RDF,,CO2e_sources,1,2024,,,,,,0.092844
EmissionActivityRatio,BAU,ECU,DIST_RDF,,CO2e_sources,1,2025,,,,,,0.092844
EmissionActivityRatio,BAU,ECU,DIST_RDF,,CO2e_sources,1,2026,,,,,,0.092844
EmissionActivityRatio,BAU,ECU,DIST_RDF,,CO2e_sources,1,2027,,,,,,0.092844
EmissionActivityRatio,BAU,ECU,DIST_RDF,,CO2e_sources,1,2028,,,,,,0.092844
EmissionActivityRatio,BAU,ECU,DIST_RDF,,CO2e_sources,1,2029,,,,,,0.092844
EmissionActivityRatio,BAU,ECU,DIST_RDF,,CO2e_sources,1,2030,,,,,,0.092844
EmissionActivityRatio,BAU,ECU,DIST_RDF,,CO2e_sources,1,2031,,,,,,0.092844
EmissionActivityRatio,BAU,ECU,DIST_RDF,,CO2e_sources,1,2032,,,,,,0.092844
EmissionActivityRatio,BAU,ECU,DIST_RDF,,CO2e_sources,1,2033,,,,,,0.092844
EmissionActivityRatio,BAU,ECU,DIST_RDF,,CO2e_sources,1,2034,,,,,,0.092844
EmissionActivityRatio,BAU,ECU,DIST_RDF,,CO2e_sources,1,2035,,,,,,0.092844
EmissionActivityRatio,BAU,ECU,DIST_OID,,CO2e_sources,1,2010,,,,,,0.0752
EmissionActivityRatio,BAU,ECU,DIST_OID,,CO2e_sources,1,2011,,,,,,0.0752
EmissionActivityRatio,BAU,ECU,DIST_OID,,CO2e_sources,1,2012,,,,,,0.0752
EmissionActivityRatio,BAU,ECU,DIST_OID,,CO2e_sources,1,2013,,,,,,0.0752
EmissionActivityRatio,BAU,ECU,DIST_OID,,CO2e_sources,1,2014,,,,,,0.0752
EmissionActivityRatio,BAU,ECU,DIST_OID,,CO2e_sources,1,2015,,,,,,0.0752
EmissionActivityRatio,BAU,ECU,DIST_OID,,CO2e_sources,1,2016,,,,,,0.0752
EmissionActivityRatio,BAU,ECU,DIST_OID,,CO2e_sources,1,2017,,,,,,0.0752
EmissionActivityRatio,BAU,ECU,DIST_OID,,CO2e_sources,1,2018,,,,,,0.0752
EmissionActivityRatio,BAU,ECU,DIST_OID,,CO2e_sources,1,2019,,,,,,0.0752
EmissionActivityRatio,BAU,ECU,DIST_OID,,CO2e_sources,1,2020,,,,,,0.0752
EmissionActivityRatio,BAU,ECU,DIST_OID,,CO2e_sources,1,2021,,,,,,0.0752
EmissionActivityRatio,BAU,ECU,DIST_OID,,CO2e_sources,1,2022,,,,,,0.0752
EmissionActivityRatio,BAU,ECU,DIST_OID,,CO2e_sources,1,2023,,,,,,0.0752
EmissionActivityRatio,BAU,ECU,DIST_OID,,CO2e_sources,1,2024,,,,,,0.0752
EmissionActivityRatio,BAU,ECU,DIST_OID,,CO2e_sources,1,2025,,,,,,0.0752
EmissionActivityRatio,BAU,ECU,DIST_OID,,CO2e_sources,1,2026,,,,,,0.0752
EmissionActivityRatio,BAU,ECU,DIST_OID,,CO2e_sources,1,2027,,,,,,0.0752
EmissionActivityRatio,BAU,ECU,DIST_OID,,CO2e_sources,1,2028,,,,,,0.0752
EmissionActivityRatio,BAU,ECU,DIST_OID,,CO2e_sources,1,2029,,,,,,0.0752
EmissionActivityRatio,BAU,ECU,DIST_OID,,CO2e_sources,1,2030,,,,,,0.0752
EmissionActivityRatio,BAU,ECU,DIST_OID,,CO2e_sources,1,2031,,,,,,0.0752
EmissionActivityRatio,BAU,ECU,DIST_OID,,CO2e_sources,1,2032,,,,,,0.0752
EmissionActivityRatio,BAU,ECU,DIST_OID,,CO2e_sources,1,2033,,,,,,0.0752
EmissionActivityRatio,BAU,ECU,DIST_OID,,CO2e_sources,1,2034,,,,,,0.0752
EmissionActivityRatio,BAU,ECU,DIST_OID,,CO2e_sources,1,2035,,,,,,0.0752
EmissionActivityRatio,BAU,ECU,DIST_FOI,,CO2e_sources,1,2010,,,,,,0.077839
EmissionActivityRatio,BAU,ECU,DIST_FOI,,CO2e_sources,1,2011,,,,,,0.077839
EmissionActivityRatio,BAU,ECU,DIST_FOI,,CO2e_sources,1,2012,,,,,,0.077839
EmissionActivityRatio,BAU,ECU,DIST_FOI,,CO2e_sources,1,2013,,,,,,0.077839
EmissionActivityRatio,BAU,ECU,DIST_FOI,,CO2e_sources,1,2014,,,,,,0.077839
EmissionActivityRatio,BAU,ECU,DIST_FOI,,CO2e_sources,1,2015,,,,,,0.077839
EmissionActivityRatio,BAU,ECU,DIST_FOI,,CO2e_sources,1,2016,,,,,,0.077839
EmissionActivityRatio,BAU,ECU,DIST_FOI,,CO2e_sources,1,2017,,,,,,0.077839
EmissionActivityRatio,BAU,ECU,DIST_FOI,,CO2e_sources,1,2018,,,,,,0.077839
EmissionActivityRatio,BAU,ECU,DIST_FOI,,CO2e_sources,1,2019,,,,,,0.077839
EmissionActivityRatio,BAU,ECU,DIST_FOI,,CO2e_sources,1,2020,,,,,,0.077839
EmissionActivityRatio,BAU,ECU,DIST_FOI,,CO2e_sources,1,2021,,,,,,0.077839
EmissionActivityRatio,BAU,ECU,DIST_FOI,,CO2e_sources,1,2022,,,,,,0.077839
EmissionActivityRatio,BAU,ECU,DIST_FOI,,CO2e_sources,1,2023,,,,,,0.077839
EmissionActivityRatio,BAU,ECU,DIST_FOI,,CO2e_sources,1,2024,,,,,,0.077839
EmissionActivityRatio,BAU,ECU,DIST_FOI,,CO2e_sources,1,2025,,,,,,0.077839
EmissionActivityRatio,BAU,ECU,DIST_FOI,,CO2e_sources,1,2026,,,,,,0.077839
EmissionActivityRatio,BAU,ECU,DIST_FOI,,CO2e_sources,1,2027,,,,,,0.077839
EmissionActivityRatio,BAU,ECU,DIST_FOI,,CO2e_sources,1,2028,,,,,,0.077839
EmissionActivityRatio,BAU,ECU,DIST_FOI,,CO2e_sources,1,2029,,,,,,0.077839
EmissionActivityRatio,BAU,ECU,DIST_FOI,,CO2e_sources,1,2030,,,,,,0.077839
EmissionActivityRatio,BAU,ECU,DIST_FOI,,CO2e_sources,1,2031,,,,,,0.077839
EmissionActivityRatio,BAU,ECU,DIST_FOI,,CO2e_sources,1,2032,,,,,,0.077839
EmissionActivityRatio,BAU,ECU,DIST_FOI,,CO2e_sources,1,2033,,,,,,0.077839
EmissionActivityRatio,BAU,ECU,DIST_FOI,,CO2e_sources,1,2034,,,,,,0.077839
EmissionActivityRatio,BAU,ECU,DIST_FOI,,CO2e_sources,1,2035,,,,,,0.077839
EmissionActivityRatio,BAU,ECU,PPBIM,,CO2e_PP,1,2010,,,,,,0.007505
EmissionActivityRatio,BAU,ECU,PPBIM,,CO2e_PP,1,2011,,,,,,0.007505
EmissionActivityRatio,BAU,ECU,PPBIM,,CO2e_PP,1,2012,,,,,,0.007505
EmissionActivityRatio,BAU,ECU,PPBIM,,CO2e_PP,1,2013,,,,,,0.007505
EmissionActivityRatio,BAU,ECU,PPBIM,,CO2e_PP,1,2014,,,,,,0.007505
EmissionActivityRatio,BAU,ECU,PPBIM,,CO2e_PP,1,2015,,,,,,0.007505
EmissionActivityRatio,BAU,ECU,PPBIM,,CO2e_PP,1,2016,,,,,,0.007505
EmissionActivityRatio,BAU,ECU,PPBIM,,CO2e_PP,1,2017,,,,,,0.007505
EmissionActivityRatio,BAU,ECU,PPBIM,,CO2e_PP,1,2018,,,,,,0.007505
EmissionActivityRatio,BAU,ECU,PPBIM,,CO2e_PP,1,2019,,,,,,0.007505
EmissionActivityRatio,BAU,ECU,PPBIM,,CO2e_PP,1,2020,,,,,,0.007505
EmissionActivityRatio,BAU,ECU,PPBIM,,CO2e_PP,1,2021,,,,,,0.007505
EmissionActivityRatio,BAU,ECU,PPBIM,,CO2e_PP,1,2022,,,,,,0.007505
EmissionActivityRatio,BAU,ECU,PPBIM,,CO2e_PP,1,2023,,,,,,0.007505
EmissionActivityRatio,BAU,ECU,PPBIM,,CO2e_PP,1,2024,,,,,,0.007505
EmissionActivityRatio,BAU,ECU,PPBIM,,CO2e_PP,1,2025,,,,,,0.007505
EmissionActivityRatio,BAU,ECU,PPBIM,,CO2e_PP,1,2026,,,,,,0.007505
EmissionActivityRatio,BAU,ECU,PPBIM,,CO2e_PP,1,2027,,,,,,0.007505
EmissionActivityRatio,BAU,ECU,PPBIM,,CO2e_PP,1,2028,,,,,,0.007505
EmissionActivityRatio,BAU,ECU,PPBIM,,CO2e_PP,1,2029,,,,,,0.007505
EmissionActivityRatio,BAU,ECU,PPBIM,,CO2e_PP,1,2030,,,,,,0.007505
EmissionActivityRatio,BAU,ECU,PPBIM,,CO2e_PP,1,2031,,,,,,0.007505
EmissionActivityRatio,BAU,ECU,PPBIM,,CO2e_PP,1,2032,,,,,,0.007505
EmissionActivityRatio,BAU,ECU,PPBIM,,CO2e_PP,1,2033,,,,,,0.007505
EmissionActivityRatio,BAU,ECU,PPBIM,,CO2e_PP,1,2034,,,,,,0.007505
EmissionActivityRatio,BAU,ECU,PPBIM,,CO2e_PP,1,2035,,,,,,0.007505
EmissionActivityRatio,BAU,ECU,PPBGS,,CO2e_PP,1,2010,,,,,,0.000215275
EmissionActivityRatio,BAU,ECU,PPBGS,,CO2e_PP,1,2011,,,,,,0.000215275
EmissionActivityRatio,BAU,ECU,PPBGS,,CO2e_PP,1,2012,,,,,,0.000215275
EmissionActivityRatio,BAU,ECU,PPBGS,,CO2e_PP,1,2013,,,,,,0.000215275
EmissionActivityRatio,BAU,ECU,PPBGS,,CO2e_PP,1,2014,,,,,,0.000215275
EmissionActivityRatio,BAU,ECU,PPBGS,,CO2e_PP,1,2015,,,,,,0.000215275
EmissionActivityRatio,BAU,ECU,PPBGS,,CO2e_PP,1,2016,,,,,,0.000215275
EmissionActivityRatio,BAU,ECU,PPBGS,,CO2e_PP,1,2017,,,,,,0.000215275
EmissionActivityRatio,BAU,ECU,PPBGS,,CO2e_PP,1,2018,,,,,,0.000215275
EmissionActivityRatio,BAU,ECU,PPBGS,,CO2e_PP,1,2019,,,,,,0.000215275
EmissionActivityRatio,BAU,ECU,PPBGS,,CO2e_PP,1,2020,,,,,,0.000215275
EmissionActivityRatio,BAU,ECU,PPBGS,,CO2e_PP,1,2021,,,,,,0.000215275
EmissionActivityRatio,BAU,ECU,PPBGS,,CO2e_PP,1,2022,,,,,,0.000215275
EmissionActivityRatio,BAU,ECU,PPBGS,,CO2e_PP,1,2023,,,,,,0.000215275
EmissionActivityRatio,BAU,ECU,PPBGS,,CO2e_PP,1,2024,,,,,,0.000215275
EmissionActivityRatio,BAU,ECU,PPBGS,,CO2e_PP,1,2025,,,,,,0.000215275
EmissionActivityRatio,BAU,ECU,PPBGS,,CO2e_PP,1,2026,,,,,,0.000215275
EmissionActivityRatio,BAU,ECU,PPBGS,,CO2e_PP,1,2027,,,,,,0.000215275
EmissionActivityRatio,BAU,ECU,PPBGS,,CO2e_PP,1,2028,,,,,,0.000215275
EmissionActivityRatio,BAU,ECU,PPBGS,,CO2e_PP,1,2029,,,,,,0.000215275
EmissionActivityRatio,BAU,ECU,PPBGS,,CO2e_PP,1,2030,,,,,,0.000215275
EmissionActivityRatio,BAU,ECU,PPBGS,,CO2e_PP,1,2031,,,,,,0.000215275
EmissionActivityRatio,BAU,ECU,PPBGS,,CO2e_PP,1,2032,,,,,,0.000215275
EmissionActivityRatio,BAU,ECU,PPBGS,,CO2e_PP,1,2033,,,,,,0.000215275
EmissionActivityRatio,BAU,ECU,PPBGS,,CO2e_PP,1,2034,,,,,,0.000215275
EmissionActivityRatio,BAU,ECU,PPBGS,,CO2e_PP,1,2035,,,,,,0.000215275
EmissionActivityRatio,BAU,ECU,PPNGS,,CO2e_PP,1,2010,,,,,,0.2
EmissionActivityRatio,BAU,ECU,PPNGS,,CO2e_PP,1,2011,,,,,,0.2
EmissionActivityRatio,BAU,ECU,PPNGS,,CO2e_PP,1,2012,,,,,,0.2451
EmissionActivityRatio,BAU,ECU,PPNGS,,CO2e_PP,1,2013,,,,,,0.228
EmissionActivityRatio,BAU,ECU,PPNGS,,CO2e_PP,1,2014,,,,,,0.228
EmissionActivityRatio,BAU,ECU,PPNGS,,CO2e_PP,1,2015,,,,,,0.2337
EmissionActivityRatio,BAU,ECU,PPNGS,,CO2e_PP,1,2016,,,,,,0.2337
EmissionActivityRatio,BAU,ECU,PPNGS,,CO2e_PP,1,2017,,,,,,0.2337
EmissionActivityRatio,BAU,ECU,PPNGS,,CO2e_PP,1,2018,,,,,,0.2813
EmissionActivityRatio,BAU,ECU,PPNGS,,CO2e_PP,1,2019,,,,,,0.2813
EmissionActivityRatio,BAU,ECU,PPNGS,,CO2e_PP,1,2020,,,,,,0.2813
EmissionActivityRatio,BAU,ECU,PPNGS,,CO2e_PP,1,2021,,,,,,0.2813
EmissionActivityRatio,BAU,ECU,PPNGS,,CO2e_PP,1,2022,,,,,,0.2813
EmissionActivityRatio,BAU,ECU,PPNGS,,CO2e_PP,1,2023,,,,,,0.2813
EmissionActivityRatio,BAU,ECU,PPNGS,,CO2e_PP,1,2024,,,,,,0.2813
EmissionActivityRatio,BAU,ECU,PPNGS,,CO2e_PP,1,2025,,,,,,0.2813
EmissionActivityRatio,BAU,ECU,PPNGS,,CO2e_PP,1,2026,,,,,,0.2813
EmissionActivityRatio,BAU,ECU,PPNGS,,CO2e_PP,1,2027,,,,,,0.2813
EmissionActivityRatio,BAU,ECU,PPNGS,,CO2e_PP,1,2028,,,,,,0.2813
EmissionActivityRatio,BAU,ECU,PPNGS,,CO2e_PP,1,2029,,,,,,0.2813
EmissionActivityRatio,BAU,ECU,PPNGS,,CO2e_PP,1,2030,,,,,,0.2813
EmissionActivityRatio,BAU,ECU,PPNGS,,CO2e_PP,1,2031,,,,,,0.2813
EmissionActivityRatio,BAU,ECU,PPNGS,,CO2e_PP,1,2032,,,,,,0.2813
EmissionActivityRatio,BAU,ECU,PPNGS,,CO2e_PP,1,2033,,,,,,0.2813
EmissionActivityRatio,BAU,ECU,PPNGS,,CO2e_PP,1,2034,,,,,,0.2813
EmissionActivityRatio,BAU,ECU,PPNGS,,CO2e_PP,1,2035,,,,,,0.2813
EmissionActivityRatio,BAU,ECU,PPDSL,,CO2e_PP,1,2010,,,,,,0.47
EmissionActivityRatio,BAU,ECU,PPDSL,,CO2e_PP,1,2011,,,,,,0.47
EmissionActivityRatio,BAU,ECU,PPDSL,,CO2e_PP,1,2012,,,,,,0.2068
EmissionActivityRatio,BAU,ECU,PPDSL,,CO2e_PP,1,2013,,,,,,0.1885
EmissionActivityRatio,BAU,ECU,PPDSL,,CO2e_PP,1,2014,,,,,,0.1885
EmissionActivityRatio,BAU,ECU,PPDSL,,CO2e_PP,1,2015,,,,,,0.1986
EmissionActivityRatio,BAU,ECU,PPDSL,,CO2e_PP,1,2016,,,,,,0.1986
EmissionActivityRatio,BAU,ECU,PPDSL,,CO2e_PP,1,2017,,,,,,0.1986
EmissionActivityRatio,BAU,ECU,PPDSL,,CO2e_PP,1,2018,,,,,,0.1547
EmissionActivityRatio,BAU,ECU,PPDSL,,CO2e_PP,1,2019,,,,,,0.1547
EmissionActivityRatio,BAU,ECU,PPDSL,,CO2e_PP,1,2020,,,,,,0.1547
EmissionActivityRatio,BAU,ECU,PPDSL,,CO2e_PP,1,2021,,,,,,0.1547
EmissionActivityRatio,BAU,ECU,PPDSL,,CO2e_PP,1,2022,,,,,,0.1547
EmissionActivityRatio,BAU,ECU,PPDSL,,CO2e_PP,1,2023,,,,,,0.1547
EmissionActivityRatio,BAU,ECU,PPDSL,,CO2e_PP,1,2024,,,,,,0.1547
EmissionActivityRatio,BAU,ECU,PPDSL,,CO2e_PP,1,2025,,,,,,0.1547
EmissionActivityRatio,BAU,ECU,PPDSL,,CO2e_PP,1,2026,,,,,,0.1547
EmissionActivityRatio,BAU,ECU,PPDSL,,CO2e_PP,1,2027,,,,,,0.1547
EmissionActivityRatio,BAU,ECU,PPDSL,,CO2e_PP,1,2028,,,,,,0.1547
EmissionActivityRatio,BAU,ECU,PPDSL,,CO2e_PP,1,2029,,,,,,0.1547
EmissionActivityRatio,BAU,ECU,PPDSL,,CO2e_PP,1,2030,,,,,,0.1547
EmissionActivityRatio,BAU,ECU,PPDSL,,CO2e_PP,1,2031,,,,,,0.1547
EmissionActivityRatio,BAU,ECU,PPDSL,,CO2e_PP,1,2032,,,,,,0.1547
EmissionActivityRatio,BAU,ECU,PPDSL,,CO2e_PP,1,2033,,,,,,0.1547
EmissionActivityRatio,BAU,ECU,PPDSL,,CO2e_PP,1,2034,,,,,,0.1547
EmissionActivityRatio,BAU,ECU,PPDSL,,CO2e_PP,1,2035,,,,,,0.1547
EmissionActivityRatio,BAU,ECU,PPFOI,,CO2e_PP,1,2010,,,,,,0.14
EmissionActivityRatio,BAU,ECU,PPFOI,,CO2e_PP,1,2011,,,,,,0.14
EmissionActivityRatio,BAU,ECU,PPFOI,,CO2e_PP,1,2012,,,,,,0.2123
EmissionActivityRatio,BAU,ECU,PPFOI,,CO2e_PP,1,2013,,,,,,0.2058
EmissionActivityRatio,BAU,ECU,PPFOI,,CO2e_PP,1,2014,,,,,,0.2058
EmissionActivityRatio,BAU,ECU,PPFOI,,CO2e_PP,1,2015,,,,,,0.2036
EmissionActivityRatio,BAU,ECU,PPFOI,,CO2e_PP,1,2016,,,,,,0.2036
EmissionActivityRatio,BAU,ECU,PPFOI,,CO2e_PP,1,2017,,,,,,0.2036
EmissionActivityRatio,BAU,ECU,PPFOI,,CO2e_PP,1,2018,,,,,,0.226
EmissionActivityRatio,BAU,ECU,PPFOI,,CO2e_PP,1,2019,,,,,,0.226
EmissionActivityRatio,BAU,ECU,PPFOI,,CO2e_PP,1,2020,,,,,,0.226
EmissionActivityRatio,BAU,ECU,PPFOI,,CO2e_PP,1,2021,,,,,,0.226
EmissionActivityRatio,BAU,ECU,PPFOI,,CO2e_PP,1,2022,,,,,,0.226
EmissionActivityRatio,BAU,ECU,PPFOI,,CO2e_PP,1,2023,,,,,,0.226
EmissionActivityRatio,BAU,ECU,PPFOI,,CO2e_PP,1,2024,,,,,,0.226
EmissionActivityRatio,BAU,ECU,PPFOI,,CO2e_PP,1,2025,,,,,,0.226
EmissionActivityRatio,BAU,ECU,PPFOI,,CO2e_PP,1,2026,,,,,,0.226
EmissionActivityRatio,BAU,ECU,PPFOI,,CO2e_PP,1,2027,,,,,,0.226
EmissionActivityRatio,BAU,ECU,PPFOI,,CO2e_PP,1,2028,,,,,,0.226
EmissionActivityRatio,BAU,ECU,PPFOI,,CO2e_PP,1,2029,,,,,,0.226
EmissionActivityRatio,BAU,ECU,PPFOI,,CO2e_PP,1,2030,,,,,,0.226
EmissionActivityRatio,BAU,ECU,PPFOI,,CO2e_PP,1,2031,,,,,,0.226
EmissionActivityRatio,BAU,ECU,PPFOI,,CO2e_PP,1,2032,,,,,,0.226
EmissionActivityRatio,BAU,ECU,PPFOI,,CO2e_PP,1,2033,,,,,,0.226
EmissionActivityRatio,BAU,ECU,PPFOI,,CO2e_PP,1,2034,,,,,,0.226
EmissionActivityRatio,BAU,ECU,PPFOI,,CO2e_PP,1,2035,,,,,,0.226
EmissionActivityRatio,BAU,ECU,PPRNGS,,CO2e_PP,1,2010,,,,,,0.2
EmissionActivityRatio,BAU,ECU,PPRNGS,,CO2e_PP,1,2011,,,,,,0.2
EmissionActivityRatio,BAU,ECU,PPRNGS,,CO2e_PP,1,2012,,,,,,0.2451
EmissionActivityRatio,BAU,ECU,PPRNGS,,CO2e_PP,1,2013,,,,,,0.228
EmissionActivityRatio,BAU,ECU,PPRNGS,,CO2e_PP,1,2014,,,,,,0.228
EmissionActivityRatio,BAU,ECU,PPRNGS,,CO2e_PP,1,2015,,,,,,0.2337
EmissionActivityRatio,BAU,ECU,PPRNGS,,CO2e_PP,1,2016,,,,,,0.2337
EmissionActivityRatio,BAU,ECU,PPRNGS,,CO2e_PP,1,2017,,,,,,0.2337
EmissionActivityRatio,BAU,ECU,PPRNGS,,CO2e_PP,1,2018,,,,,,0.2813
EmissionActivityRatio,BAU,ECU,PPRNGS,,CO2e_PP,1,2019,,,,,,0.2813
EmissionActivityRatio,BAU,ECU,PPRNGS,,CO2e_PP,1,2020,,,,,,0.2813
EmissionActivityRatio,BAU,ECU,PPRNGS,,CO2e_PP,1,2021,,,,,,0.2813
EmissionActivityRatio,BAU,ECU,PPRNGS,,CO2e_PP,1,2022,,,,,,0.2813
EmissionActivityRatio,BAU,ECU,PPRNGS,,CO2e_PP,1,2023,,,,,,0.2813
EmissionActivityRatio,BAU,ECU,PPRNGS,,CO2e_PP,1,2024,,,,,,0.2813
EmissionActivityRatio,BAU,ECU,PPRNGS,,CO2e_PP,1,2025,,,,,,0.2813
EmissionActivityRatio,BAU,ECU,PPRNGS,,CO2e_PP,1,2026,,,,,,0.2813
EmissionActivityRatio,BAU,ECU,PPRNGS,,CO2e_PP,1,2027,,,,,,0.2813
EmissionActivityRatio,BAU,ECU,PPRNGS,,CO2e_PP,1,2028,,,,,,0.2813
EmissionActivityRatio,BAU,ECU,PPRNGS,,CO2e_PP,1,2029,,,,,,0.2813
EmissionActivityRatio,BAU,ECU,PPRNGS,,CO2e_PP,1,2030,,,,,,0.2813
EmissionActivityRatio,BAU,ECU,PPRNGS,,CO2e_PP,1,2031,,,,,,0.2813
EmissionActivityRatio,BAU,ECU,PPRNGS,,CO2e_PP,1,2032,,,,,,0.2813
EmissionActivityRatio,BAU,ECU,PPRNGS,,CO2e_PP,1,2033,,,,,,0.2813
EmissionActivityRatio,BAU,ECU,PPRNGS,,CO2e_PP,1,2034,,,,,,0.2813
EmissionActivityRatio,BAU,ECU,PPRNGS,,CO2e_PP,1,2035,,,,,,0.2813
EmissionActivityRatio,BAU,ECU,PPRDSL,,CO2e_PP,1,2010,,,,,,0.47
EmissionActivityRatio,BAU,ECU,PPRDSL,,CO2e_PP,1,2011,,,,,,0.47
EmissionActivityRatio,BAU,ECU,PPRDSL,,CO2e_PP,1,2012,,,,,,0.2068
EmissionActivityRatio,BAU,ECU,PPRDSL,,CO2e_PP,1,2013,,,,,,0.1885
EmissionActivityRatio,BAU,ECU,PPRDSL,,CO2e_PP,1,2014,,,,,,0.1885
EmissionActivityRatio,BAU,ECU,PPRDSL,,CO2e_PP,1,2015,,,,,,0.1986
EmissionActivityRatio,BAU,ECU,PPRDSL,,CO2e_PP,1,2016,,,,,,0.1986
EmissionActivityRatio,BAU,ECU,PPRDSL,,CO2e_PP,1,2017,,,,,,0.1986
EmissionActivityRatio,BAU,ECU,PPRDSL,,CO2e_PP,1,2018,,,,,,0.1547
EmissionActivityRatio,BAU,ECU,PPRDSL,,CO2e_PP,1,2019,,,,,,0.1547
EmissionActivityRatio,BAU,ECU,PPRDSL,,CO2e_PP,1,2020,,,,,,0.1547
EmissionActivityRatio,BAU,ECU,PPRDSL,,CO2e_PP,1,2021,,,,,,0.1547
EmissionActivityRatio,BAU,ECU,PPRDSL,,CO2e_PP,1,2022,,,,,,0.1547
EmissionActivityRatio,BAU,ECU,PPRDSL,,CO2e_PP,1,2023,,,,,,0.1547
EmissionActivityRatio,BAU,ECU,PPRDSL,,CO2e_PP,1,2024,,,,,,0.1547
EmissionActivityRatio,BAU,ECU,PPRDSL,,CO2e_PP,1,2025,,,,,,0.1547
EmissionActivityRatio,BAU,ECU,PPRDSL,,CO2e_PP,1,2026,,,,,,0.1547
EmissionActivityRatio,BAU,ECU,PPRDSL,,CO2e_PP,1,2027,,,,,,0.1547
EmissionActivityRatio,BAU,ECU,PPRDSL,,CO2e_PP,1,2028,,,,,,0.1547
EmissionActivityRatio,BAU,ECU,PPRDSL,,CO2e_PP,1,2029,,,,,,0.1547
EmissionActivityRatio,BAU,ECU,PPRDSL,,CO2e_PP,1,2030,,,,,,0.1547
EmissionActivityRatio,BAU,ECU,PPRDSL,,CO2e_PP,1,2031,,,,,,0.1547
EmissionActivityRatio,BAU,ECU,PPRDSL,,CO2e_PP,1,2032,,,,,,0.1547
EmissionActivityRatio,BAU,ECU,PPRDSL,,CO2e_PP,1,2033,,,,,,0.1547
EmissionActivityRatio,BAU,ECU,PPRDSL,,CO2e_PP,1,2034,,,,,,0.1547
EmissionActivityRatio,BAU,ECU,PPRDSL,,CO2e_PP,1,2035,,,,,,0.1547
EmissionActivityRatio,BAU,ECU,PPCRU,,CO2e_PP,1,2010,,,,,,0.16
EmissionActivityRatio,BAU,ECU,PPCRU,,CO2e_PP,1,2011,,,,,,0.16
EmissionActivityRatio,BAU,ECU,PPCRU,,CO2e_PP,1,2012,,,,,,0.1562
EmissionActivityRatio,BAU,ECU,PPCRU,,CO2e_PP,1,2013,,,,,,0.256
EmissionActivityRatio,BAU,ECU,PPCRU,,CO2e_PP,1,2014,,,,,,0.256
EmissionActivityRatio,BAU,ECU,PPCRU,,CO2e_PP,1,2015,,,,,,0.2558
EmissionActivityRatio,BAU,ECU,PPCRU,,CO2e_PP,1,2016,,,,,,0.2558
EmissionActivityRatio,BAU,ECU,PPCRU,,CO2e_PP,1,2017,,,,,,0.2558
EmissionActivityRatio,BAU,ECU,PPCRU,,CO2e_PP,1,2018,,,,,,0.2894
EmissionActivityRatio,BAU,ECU,PPCRU,,CO2e_PP,1,2019,,,,,,0.2894
EmissionActivityRatio,BAU,ECU,PPCRU,,CO2e_PP,1,2020,,,,,,0.2894
EmissionActivityRatio,BAU,ECU,PPCRU,,CO2e_PP,1,2021,,,,,,0.2894
EmissionActivityRatio,BAU,ECU,PPCRU,,CO2e_PP,1,2022,,,,,,0.2894
EmissionActivityRatio,BAU,ECU,PPCRU,,CO2e_PP,1,2023,,,,,,0.2894
EmissionActivityRatio,BAU,ECU,PPCRU,,CO2e_PP,1,2024,,,,,,0.2894
EmissionActivityRatio,BAU,ECU,PPCRU,,CO2e_PP,1,2025,,,,,,0.2894
EmissionActivityRatio,BAU,ECU,PPCRU,,CO2e_PP,1,2026,,,,,,0.2894
EmissionActivityRatio,BAU,ECU,PPCRU,,CO2e_PP,1,2027,,,,,,0.2894
EmissionActivityRatio,BAU,ECU,PPCRU,,CO2e_PP,1,2028,,,,,,0.2894
EmissionActivityRatio,BAU,ECU,PPCRU,,CO2e_PP,1,2029,,,,,,0.2894
EmissionActivityRatio,BAU,ECU,PPCRU,,CO2e_PP,1,2030,,,,,,0.2894
EmissionActivityRatio,BAU,ECU,PPCRU,,CO2e_PP,1,2031,,,,,,0.2894
EmissionActivityRatio,BAU,ECU,PPCRU,,CO2e_PP,1,2032,,,,,,0.2894
EmissionActivityRatio,BAU,ECU,PPCRU,,CO2e_PP,1,2033,,,,,,0.2894
EmissionActivityRatio,BAU,ECU,PPCRU,,CO2e_PP,1,2034,,,,,,0.2894
EmissionActivityRatio,BAU,ECU,PPCRU,,CO2e_PP,1,2035,,,,,,0.2894
EmissionActivityRatio,BAU,ECU,PPDFOI,,CO2e_PP,1,2010,,,,,,0.2122767235303659
EmissionActivityRatio,BAU,ECU,PPDFOI,,CO2e_PP,1,2011,,,,,,0.2122767235303659
EmissionActivityRatio,BAU,ECU,PPDFOI,,CO2e_PP,1,2012,,,,,,0.2122767235303659
EmissionActivityRatio,BAU,ECU,PPDFOI,,CO2e_PP,1,2013,,,,,,0.2122767235303659
EmissionActivityRatio,BAU,ECU,PPDFOI,,CO2e_PP,1,2014,,,,,,0.2122767235303659
EmissionActivityRatio,BAU,ECU,PPDFOI,,CO2e_PP,1,2015,,,,,,0.2122767235303659
EmissionActivityRatio,BAU,ECU,PPDFOI,,CO2e_PP,1,2016,,,,,,0.2122767235303659
EmissionActivityRatio,BAU,ECU,PPDFOI,,CO2e_PP,1,2017,,,,,,0.2122767235303659
EmissionActivityRatio,BAU,ECU,PPDFOI,,CO2e_PP,1,2018,,,,,,0.2122767235303659
EmissionActivityRatio,BAU,ECU,PPDFOI,,CO2e_PP,1,2019,,,,,,0.2122767235303659
EmissionActivityRatio,BAU,ECU,PPDFOI,,CO2e_PP,1,2020,,,,,,0.2122767235303659
EmissionActivityRatio,BAU,ECU,PPDFOI,,CO2e_PP,1,2021,,,,,,0.2122767235303659
EmissionActivityRatio,BAU,ECU,PPDFOI,,CO2e_PP,1,2022,,,,,,0.2122767235303659
EmissionActivityRatio,BAU,ECU,PPDFOI,,CO2e_PP,1,2023,,,,,,0.2122767235303659
EmissionActivityRatio,BAU,ECU,PPDFOI,,CO2e_PP,1,2024,,,,,,0.2122767235303659
EmissionActivityRatio,BAU,ECU,PPDFOI,,CO2e_PP,1,2025,,,,,,0.2122767235303659
EmissionActivityRatio,BAU,ECU,PPDFOI,,CO2e_PP,1,2026,,,,,,0.2122767235303659
EmissionActivityRatio,BAU,ECU,PPDFOI,,CO2e_PP,1,2027,,,,,,0.2122767235303659
EmissionActivityRatio,BAU,ECU,PPDFOI,,CO2e_PP,1,2028,,,,,,0.2122767235303659
EmissionActivityRatio,BAU,ECU,PPDFOI,,CO2e_PP,1,2029,,,,,,0.2122767235303659
EmissionActivityRatio,BAU,ECU,PPDFOI,,CO2e_PP,1,2030,,,,,,0.2122767235303659
EmissionActivityRatio,BAU,ECU,PPDFOI,,CO2e_PP,1,2031,,,,,,0.2122767235303659
EmissionActivityRatio,BAU,ECU,PPDFOI,,CO2e_PP,1,2032,,,,,,0.2122767235303659
EmissionActivityRatio,BAU,ECU,PPDFOI,,CO2e_PP,1,2033,,,,,,0.2122767235303659
EmissionActivityRatio,BAU,ECU,PPDFOI,,CO2e_PP,1,2034,,,,,,0.2122767235303659
EmissionActivityRatio,BAU,ECU,PPDFOI,,CO2e_PP,1,2035,,,,,,0.2122767235303659
EmissionActivityRatio,BAU,ECU,PPDDSL,,CO2e_PP,1,2010,,,,,,0.20677544177206184
EmissionActivityRatio,BAU,ECU,PPDDSL,,CO2e_PP,1,2011,,,,,,0.20677544177206184
EmissionActivityRatio,BAU,ECU,PPDDSL,,CO2e_PP,1,2012,,,,,,0.20677544177206184
EmissionActivityRatio,BAU,ECU,PPDDSL,,CO2e_PP,1,2013,,,,,,0.20677544177206184
EmissionActivityRatio,BAU,ECU,PPDDSL,,CO2e_PP,1,2014,,,,,,0.20677544177206184
EmissionActivityRatio,BAU,ECU,PPDDSL,,CO2e_PP,1,2015,,,,,,0.20677544177206184
EmissionActivityRatio,BAU,ECU,PPDDSL,,CO2e_PP,1,2016,,,,,,0.20677544177206184
EmissionActivityRatio,BAU,ECU,PPDDSL,,CO2e_PP,1,2017,,,,,,0.20677544177206184
EmissionActivityRatio,BAU,ECU,PPDDSL,,CO2e_PP,1,2018,,,,,,0.20677544177206184
EmissionActivityRatio,BAU,ECU,PPDDSL,,CO2e_PP,1,2019,,,,,,0.20677544177206184
EmissionActivityRatio,BAU,ECU,PPDDSL,,CO2e_PP,1,2020,,,,,,0.20677544177206184
EmissionActivityRatio,BAU,ECU,PPDDSL,,CO2e_PP,1,2021,,,,,,0.20677544177206184
EmissionActivityRatio,BAU,ECU,PPDDSL,,CO2e_PP,1,2022,,,,,,0.20677544177206184
EmissionActivityRatio,BAU,ECU,PPDDSL,,CO2e_PP,1,2023,,,,,,0.20677544177206184
EmissionActivityRatio,BAU,ECU,PPDDSL,,CO2e_PP,1,2024,,,,,,0.20677544177206184
EmissionActivityRatio,BAU,ECU,PPDDSL,,CO2e_PP,1,2025,,,,,,0.20677544177206184
EmissionActivityRatio,BAU,ECU,PPDDSL,,CO2e_PP,1,2026,,,,,,0.20677544177206184
EmissionActivityRatio,BAU,ECU,PPDDSL,,CO2e_PP,1,2027,,,,,,0.20677544177206184
EmissionActivityRatio,BAU,ECU,PPDDSL,,CO2e_PP,1,2028,,,,,,0.20677544177206184
EmissionActivityRatio,BAU,ECU,PPDDSL,,CO2e_PP,1,2029,,,,,,0.20677544177206184
EmissionActivityRatio,BAU,ECU,PPDDSL,,CO2e_PP,1,2030,,,,,,0.20677544177206184
EmissionActivityRatio,BAU,ECU,PPDDSL,,CO2e_PP,1,2031,,,,,,0.20677544177206184
EmissionActivityRatio,BAU,ECU,PPDDSL,,CO2e_PP,1,2032,,,,,,0.20677544177206184
EmissionActivityRatio,BAU,ECU,PPDDSL,,CO2e_PP,1,2033,,,,,,0.20677544177206184
EmissionActivityRatio,BAU,ECU,PPDDSL,,CO2e_PP,1,2034,,,,,,0.20677544177206184
EmissionActivityRatio,BAU,ECU,PPDDSL,,CO2e_PP,1,2035,,,,,,0.20677544177206184
EmissionActivityRatio,BAU,ECU,PPILPG,,CO2e_PP,1,2010,,,,,,0.0632665
EmissionActivityRatio,BAU,ECU,PPILPG,,CO2e_PP,1,2011,,,,,,0.0632665
EmissionActivityRatio,BAU,ECU,PPILPG,,CO2e_PP,1,2012,,,,,,0.0632665
EmissionActivityRatio,BAU,ECU,PPILPG,,CO2e_PP,1,2013,,,,,,0.0632665
EmissionActivityRatio,BAU,ECU,PPILPG,,CO2e_PP,1,2014,,,,,,0.0632665
EmissionActivityRatio,BAU,ECU,PPILPG,,CO2e_PP,1,2015,,,,,,0.0632665
EmissionActivityRatio,BAU,ECU,PPILPG,,CO2e_PP,1,2016,,,,,,0.0632665
EmissionActivityRatio,BAU,ECU,PPILPG,,CO2e_PP,1,2017,,,,,,0.0632665
EmissionActivityRatio,BAU,ECU,PPILPG,,CO2e_PP,1,2018,,,,,,0.0632665
EmissionActivityRatio,BAU,ECU,PPILPG,,CO2e_PP,1,2019,,,,,,0.0632665
EmissionActivityRatio,BAU,ECU,PPILPG,,CO2e_PP,1,2020,,,,,,0.0632665
EmissionActivityRatio,BAU,ECU,PPILPG,,CO2e_PP,1,2021,,,,,,0.0632665
EmissionActivityRatio,BAU,ECU,PPILPG,,CO2e_PP,1,2022,,,,,,0.0632665
EmissionActivityRatio,BAU,ECU,PPILPG,,CO2e_PP,1,2023,,,,,,0.0632665
EmissionActivityRatio,BAU,ECU,PPILPG,,CO2e_PP,1,2024,,,,,,0.0632665
EmissionActivityRatio,BAU,ECU,PPILPG,,CO2e_PP,1,2025,,,,,,0.0632665
EmissionActivityRatio,BAU,ECU,PPILPG,,CO2e_PP,1,2026,,,,,,0.0632665
EmissionActivityRatio,BAU,ECU,PPILPG,,CO2e_PP,1,2027,,,,,,0.0632665
EmissionActivityRatio,BAU,ECU,PPILPG,,CO2e_PP,1,2028,,,,,,0.0632665
EmissionActivityRatio,BAU,ECU,PPILPG,,CO2e_PP,1,2029,,,,,,0.0632665
EmissionActivityRatio,BAU,ECU,PPILPG,,CO2e_PP,1,2030,,,,,,0.0632665
EmissionActivityRatio,BAU,ECU,PPILPG,,CO2e_PP,1,2031,,,,,,0.0632665
EmissionActivityRatio,BAU,ECU,PPILPG,,CO2e_PP,1,2032,,,,,,0.0632665
EmissionActivityRatio,BAU,ECU,PPILPG,,CO2e_PP,1,2033,,,,,,0.0632665
EmissionActivityRatio,BAU,ECU,PPILPG,,CO2e_PP,1,2034,,,,,,0.0632665
EmissionActivityRatio,BAU,ECU,PPILPG,,CO2e_PP,1,2035,,,,,,0.0632665
EmissionActivityRatio,BAU,ECU,PPIBIM,,CO2e_PP,1,2010,,,,,,0.007505
EmissionActivityRatio,BAU,ECU,PPIBIM,,CO2e_PP,1,2011,,,,,,0.007505
EmissionActivityRatio,BAU,ECU,PPIBIM,,CO2e_PP,1,2012,,,,,,0.007505
EmissionActivityRatio,BAU,ECU,PPIBIM,,CO2e_PP,1,2013,,,,,,0.007505
EmissionActivityRatio,BAU,ECU,PPIBIM,,CO2e_PP,1,2014,,,,,,0.007505
EmissionActivityRatio,BAU,ECU,PPIBIM,,CO2e_PP,1,2015,,,,,,0.007505
EmissionActivityRatio,BAU,ECU,PPIBIM,,CO2e_PP,1,2016,,,,,,0.007505
EmissionActivityRatio,BAU,ECU,PPIBIM,,CO2e_PP,1,2017,,,,,,0.007505
EmissionActivityRatio,BAU,ECU,PPIBIM,,CO2e_PP,1,2018,,,,,,0.007505
EmissionActivityRatio,BAU,ECU,PPIBIM,,CO2e_PP,1,2019,,,,,,0.007505
EmissionActivityRatio,BAU,ECU,PPIBIM,,CO2e_PP,1,2020,,,,,,0.007505
EmissionActivityRatio,BAU,ECU,PPIBIM,,CO2e_PP,1,2021,,,,,,0.007505
EmissionActivityRatio,BAU,ECU,PPIBIM,,CO2e_PP,1,2022,,,,,,0.007505
EmissionActivityRatio,BAU,ECU,PPIBIM,,CO2e_PP,1,2023,,,,,,0.007505
EmissionActivityRatio,BAU,ECU,PPIBIM,,CO2e_PP,1,2024,,,,,,0.007505
EmissionActivityRatio,BAU,ECU,PPIBIM,,CO2e_PP,1,2025,,,,,,0.007505
EmissionActivityRatio,BAU,ECU,PPIBIM,,CO2e_PP,1,2026,,,,,,0.007505
EmissionActivityRatio,BAU,ECU,PPIBIM,,CO2e_PP,1,2027,,,,,,0.007505
EmissionActivityRatio,BAU,ECU,PPIBIM,,CO2e_PP,1,2028,,,,,,0.007505
EmissionActivityRatio,BAU,ECU,PPIBIM,,CO2e_PP,1,2029,,,,,,0.007505
EmissionActivityRatio,BAU,ECU,PPIBIM,,CO2e_PP,1,2030,,,,,,0.007505
EmissionActivityRatio,BAU,ECU,PPIBIM,,CO2e_PP,1,2031,,,,,,0.007505
EmissionActivityRatio,BAU,ECU,PPIBIM,,CO2e_PP,1,2032,,,,,,0.007505
EmissionActivityRatio,BAU,ECU,PPIBIM,,CO2e_PP,1,2033,,,,,,0.007505
EmissionActivityRatio,BAU,ECU,PPIBIM,,CO2e_PP,1,2034,,,,,,0.007505
EmissionActivityRatio,BAU,ECU,PPIBIM,,CO2e_PP,1,2035,,,,,,0.007505
EmissionActivityRatio,BAU,ECU,PPBIM,,CO2_PP,1,2010,,,,,,0.0
EmissionActivityRatio,BAU,ECU,PPBIM,,CO2_PP,1,2011,,,,,,0.0
EmissionActivityRatio,BAU,ECU,PPBIM,,CO2_PP,1,2012,,,,,,0.0
EmissionActivityRatio,BAU,ECU,PPBIM,,CO2_PP,1,2013,,,,,,0.0
EmissionActivityRatio,BAU,ECU,PPBIM,,CO2_PP,1,2014,,,,,,0.0
EmissionActivityRatio,BAU,ECU,PPBIM,,CO2_PP,1,2015,,,,,,0.0
EmissionActivityRatio,BAU,ECU,PPBIM,,CO2_PP,1,2016,,,,,,0.0
EmissionActivityRatio,BAU,ECU,PPBIM,,CO2_PP,1,2017,,,,,,0.0
EmissionActivityRatio,BAU,ECU,PPBIM,,CO2_PP,1,2018,,,,,,0.0
EmissionActivityRatio,BAU,ECU,PPBIM,,CO2_PP,1,2019,,,,,,0.0
EmissionActivityRatio,BAU,ECU,PPBIM,,CO2_PP,1,2020,,,,,,0.0
EmissionActivityRatio,BAU,ECU,PPBIM,,CO2_PP,1,2021,,,,,,0.0
EmissionActivityRatio,BAU,ECU,PPBIM,,CO2_PP,1,2022,,,,,,0.0
EmissionActivityRatio,BAU,ECU,PPBIM,,CO2_PP,1,2023,,,,,,0.0
EmissionActivityRatio,BAU,ECU,PPBIM,,CO2_PP,1,2024,,,,,,0.0
EmissionActivityRatio,BAU,ECU,PPBIM,,CO2_PP,1,2025,,,,,,0.0
EmissionActivityRatio,BAU,ECU,PPBIM,,CO2_PP,1,2026,,,,,,0.0
EmissionActivityRatio,BAU,ECU,PPBIM,,CO2_PP,1,2027,,,,,,0.0
EmissionActivityRatio,BAU,ECU,PPBIM,,CO2_PP,1,2028,,,,,,0.0
EmissionActivityRatio,BAU,ECU,PPBIM,,CO2_PP,1,2029,,,,,,0.0
EmissionActivityRatio,BAU,ECU,PPBIM,,CO2_PP,1,2030,,,,,,0.0
EmissionActivityRatio,BAU,ECU,PPBIM,,CO2_PP,1,2031,,,,,,0.0
EmissionActivityRatio,BAU,ECU,PPBIM,,CO2_PP,1,2032,,,,,,0.0
EmissionActivityRatio,BAU,ECU,PPBIM,,CO2_PP,1,2033,,,,,,0.0
EmissionActivityRatio,BAU,ECU,PPBIM,,CO2_PP,1,2034,,,,,,0.0
EmissionActivityRatio,BAU,ECU,PPBIM,,CO2_PP,1,2035,,,,,,0.0
EmissionActivityRatio,BAU,ECU,PPBGS,,CO2_PP,1,2010,,,,,,0.0
EmissionActivityRatio,BAU,ECU,PPBGS,,CO2_PP,1,2011,,,,,,0.0
EmissionActivityRatio,BAU,ECU,PPBGS,,CO2_PP,1,2012,,,,,,0.0
EmissionActivityRatio,BAU,ECU,PPBGS,,CO2_PP,1,2013,,,,,,0.0
EmissionActivityRatio,BAU,ECU,PPBGS,,CO2_PP,1,2014,,,,,,0.0
EmissionActivityRatio,BAU,ECU,PPBGS,,CO2_PP,1,2015,,,,,,0.0
EmissionActivityRatio,BAU,ECU,PPBGS,,CO2_PP,1,2016,,,,,,0.0
EmissionActivityRatio,BAU,ECU,PPBGS,,CO2_PP,1,2017,,,,,,0.0
EmissionActivityRatio,BAU,ECU,PPBGS,,CO2_PP,1,2018,,,,,,0.0
EmissionActivityRatio,BAU,ECU,PPBGS,,CO2_PP,1,2019,,,,,,0.0
EmissionActivityRatio,BAU,ECU,PPBGS,,CO2_PP,1,2020,,,,,,0.0
EmissionActivityRatio,BAU,ECU,PPBGS,,CO2_PP,1,2021,,,,,,0.0
EmissionActivityRatio,BAU,ECU,PPBGS,,CO2_PP,1,2022,,,,,,0.0
EmissionActivityRatio,BAU,ECU,PPBGS,,CO2_PP,1,2023,,,,,,0.0
EmissionActivityRatio,BAU,ECU,PPBGS,,CO2_PP,1,2024,,,,,,0.0
EmissionActivityRatio,BAU,ECU,PPBGS,,CO2_PP,1,2025,,,,,,0.0
EmissionActivityRatio,BAU,ECU,PPBGS,,CO2_PP,1,2026,,,,,,0.0
EmissionActivityRatio,BAU,ECU,PPBGS,,CO2_PP,1,2027,,,,,,0.0
EmissionActivityRatio,BAU,ECU,PPBGS,,CO2_PP,1,2028,,,,,,0.0
EmissionActivityRatio,BAU,ECU,PPBGS,,CO2_PP,1,2029,,,,,,0.0
EmissionActivityRatio,BAU,ECU,PPBGS,,CO2_PP,1,2030,,,,,,0.0
EmissionActivityRatio,BAU,ECU,PPBGS,,CO2_PP,1,2031,,,,,,0.0
EmissionActivityRatio,BAU,ECU,PPBGS,,CO2_PP,1,2032,,,,,,0.0
EmissionActivityRatio,BAU,ECU,PPBGS,,CO2_PP,1,2033,,,,,,0.0
EmissionActivityRatio,BAU,ECU,PPBGS,,CO2_PP,1,2034,,,,,,0.0
EmissionActivityRatio,BAU,ECU,PPBGS,,CO2_PP,1,2035,,,,,,0.0
EmissionActivityRatio,BAU,ECU,PPNGS,,CO2_PP,1,2010,,,,,,0.2009
EmissionActivityRatio,BAU,ECU,PPNGS,,CO2_PP,1,2011,,,,,,0.2451
EmissionActivityRatio,BAU,ECU,PPNGS,,CO2_PP,1,2012,,,,,,0.2451
EmissionActivityRatio,BAU,ECU,PPNGS,,CO2_PP,1,2013,,,,,,0.228
EmissionActivityRatio,BAU,ECU,PPNGS,,CO2_PP,1,2014,,,,,,0.228
EmissionActivityRatio,BAU,ECU,PPNGS,,CO2_PP,1,2015,,,,,,0.2337
EmissionActivityRatio,BAU,ECU,PPNGS,,CO2_PP,1,2016,,,,,,0.2337
EmissionActivityRatio,BAU,ECU,PPNGS,,CO2_PP,1,2017,,,,,,0.2813
EmissionActivityRatio,BAU,ECU,PPNGS,,CO2_PP,1,2018,,,,,,0.2813
EmissionActivityRatio,BAU,ECU,PPNGS,,CO2_PP,1,2019,,,,,,0.2813
EmissionActivityRatio,BAU,ECU,PPNGS,,CO2_PP,1,2020,,,,,,0.2813
EmissionActivityRatio,BAU,ECU,PPNGS,,CO2_PP,1,2021,,,,,,0.2813
EmissionActivityRatio,BAU,ECU,PPNGS,,CO2_PP,1,2022,,,,,,0.2813
EmissionActivityRatio,BAU,ECU,PPNGS,,CO2_PP,1,2023,,,,,,0.2813
EmissionActivityRatio,BAU,ECU,PPNGS,,CO2_PP,1,2024,,,,,,0.2813
EmissionActivityRatio,BAU,ECU,PPNGS,,CO2_PP,1,2025,,,,,,0.2813
EmissionActivityRatio,BAU,ECU,PPNGS,,CO2_PP,1,2026,,,,,,0.2813
EmissionActivityRatio,BAU,ECU,PPNGS,,CO2_PP,1,2027,,,,,,0.2813
EmissionActivityRatio,BAU,ECU,PPNGS,,CO2_PP,1,2028,,,,,,0.2813
EmissionActivityRatio,BAU,ECU,PPNGS,,CO2_PP,1,2029,,,,,,0.2813
EmissionActivityRatio,BAU,ECU,PPNGS,,CO2_PP,1,2030,,,,,,0.2813
EmissionActivityRatio,BAU,ECU,PPNGS,,CO2_PP,1,2031,,,,,,0.2813
EmissionActivityRatio,BAU,ECU,PPNGS,,CO2_PP,1,2032,,,,,,0.2813
EmissionActivityRatio,BAU,ECU,PPNGS,,CO2_PP,1,2033,,,,,,0.2813
EmissionActivityRatio,BAU,ECU,PPNGS,,CO2_PP,1,2034,,,,,,0.2813
EmissionActivityRatio,BAU,ECU,PPNGS,,CO2_PP,1,2035,,,,,,0.2813
EmissionActivityRatio,BAU,ECU,PPDSL,,CO2_PP,1,2010,,,,,,0.4751
EmissionActivityRatio,BAU,ECU,PPDSL,,CO2_PP,1,2011,,,,,,0.2061
EmissionActivityRatio,BAU,ECU,PPDSL,,CO2_PP,1,2012,,,,,,0.2061
EmissionActivityRatio,BAU,ECU,PPDSL,,CO2_PP,1,2013,,,,,,0.1878
EmissionActivityRatio,BAU,ECU,PPDSL,,CO2_PP,1,2014,,,,,,0.1878
EmissionActivityRatio,BAU,ECU,PPDSL,,CO2_PP,1,2015,,,,,,0.1979
EmissionActivityRatio,BAU,ECU,PPDSL,,CO2_PP,1,2016,,,,,,0.1979
EmissionActivityRatio,BAU,ECU,PPDSL,,CO2_PP,1,2017,,,,,,0.1542
EmissionActivityRatio,BAU,ECU,PPDSL,,CO2_PP,1,2018,,,,,,0.1542
EmissionActivityRatio,BAU,ECU,PPDSL,,CO2_PP,1,2019,,,,,,0.1542
EmissionActivityRatio,BAU,ECU,PPDSL,,CO2_PP,1,2020,,,,,,0.1542
EmissionActivityRatio,BAU,ECU,PPDSL,,CO2_PP,1,2021,,,,,,0.1542
EmissionActivityRatio,BAU,ECU,PPDSL,,CO2_PP,1,2022,,,,,,0.1542
EmissionActivityRatio,BAU,ECU,PPDSL,,CO2_PP,1,2023,,,,,,0.1542
EmissionActivityRatio,BAU,ECU,PPDSL,,CO2_PP,1,2024,,,,,,0.1542
EmissionActivityRatio,BAU,ECU,PPDSL,,CO2_PP,1,2025,,,,,,0.1542
EmissionActivityRatio,BAU,ECU,PPDSL,,CO2_PP,1,2026,,,,,,0.1542
EmissionActivityRatio,BAU,ECU,PPDSL,,CO2_PP,1,2027,,,,,,0.1542
EmissionActivityRatio,BAU,ECU,PPDSL,,CO2_PP,1,2028,,,,,,0.1542
EmissionActivityRatio,BAU,ECU,PPDSL,,CO2_PP,1,2029,,,,,,0.1542
EmissionActivityRatio,BAU,ECU,PPDSL,,CO2_PP,1,2030,,,,,,0.1542
EmissionActivityRatio,BAU,ECU,PPDSL,,CO2_PP,1,2031,,,,,,0.1542
EmissionActivityRatio,BAU,ECU,PPDSL,,CO2_PP,1,2032,,,,,,0.1542
EmissionActivityRatio,BAU,ECU,PPDSL,,CO2_PP,1,2033,,,,,,0.1542
EmissionActivityRatio,BAU,ECU,PPDSL,,CO2_PP,1,2034,,,,,,0.1542
EmissionActivityRatio,BAU,ECU,PPDSL,,CO2_PP,1,2035,,,,,,0.1542
EmissionActivityRatio,BAU,ECU,PPFOI,,CO2_PP,1,2010,,,,,,0.1488
EmissionActivityRatio,BAU,ECU,PPFOI,,CO2_PP,1,2011,,,,,,0.2123
EmissionActivityRatio,BAU,ECU,PPFOI,,CO2_PP,1,2012,,,,,,0.2123
EmissionActivityRatio,BAU,ECU,PPFOI,,CO2_PP,1,2013,,,,,,0.2058
EmissionActivityRatio,BAU,ECU,PPFOI,,CO2_PP,1,2014,,,,,,0.2058
EmissionActivityRatio,BAU,ECU,PPFOI,,CO2_PP,1,2015,,,,,,0.2036
EmissionActivityRatio,BAU,ECU,PPFOI,,CO2_PP,1,2016,,,,,,0.2036
EmissionActivityRatio,BAU,ECU,PPFOI,,CO2_PP,1,2017,,,,,,0.226
EmissionActivityRatio,BAU,ECU,PPFOI,,CO2_PP,1,2018,,,,,,0.226
EmissionActivityRatio,BAU,ECU,PPFOI,,CO2_PP,1,2019,,,,,,0.226
EmissionActivityRatio,BAU,ECU,PPFOI,,CO2_PP,1,2020,,,,,,0.226
EmissionActivityRatio,BAU,ECU,PPFOI,,CO2_PP,1,2021,,,,,,0.226
EmissionActivityRatio,BAU,ECU,PPFOI,,CO2_PP,1,2022,,,,,,0.226
EmissionActivityRatio,BAU,ECU,PPFOI,,CO2_PP,1,2023,,,,,,0.226
EmissionActivityRatio,BAU,ECU,PPFOI,,CO2_PP,1,2024,,,,,,0.226
EmissionActivityRatio,BAU,ECU,PPFOI,,CO2_PP,1,2025,,,,,,0.226
EmissionActivityRatio,BAU,ECU,PPFOI,,CO2_PP,1,2026,,,,,,0.226
EmissionActivityRatio,BAU,ECU,PPFOI,,CO2_PP,1,2027,,,,,,0.226
EmissionActivityRatio,BAU,ECU,PPFOI,,CO2_PP,1,2028,,,,,,0.226
EmissionActivityRatio,BAU,ECU,PPFOI,,CO2_PP,1,2029,,,,,,0.226
EmissionActivityRatio,BAU,ECU,PPFOI,,CO2_PP,1,2030,,,,,,0.226
EmissionActivityRatio,BAU,ECU,PPFOI,,CO2_PP,1,2031,,,,,,0.226
EmissionActivityRatio,BAU,ECU,PPFOI,,CO2_PP,1,2032,,,,,,0.226
EmissionActivityRatio,BAU,ECU,PPFOI,,CO2_PP,1,2033,,,,,,0.226
EmissionActivityRatio,BAU,ECU,PPFOI,,CO2_PP,1,2034,,,,,,0.226
EmissionActivityRatio,BAU,ECU,PPFOI,,CO2_PP,1,2035,,,,,,0.226
EmissionActivityRatio,BAU,ECU,PPRNGS,,CO2_PP,1,2010,,,,,,0.2009
EmissionActivityRatio,BAU,ECU,PPRNGS,,CO2_PP,1,2011,,,,,,0.2451
EmissionActivityRatio,BAU,ECU,PPRNGS,,CO2_PP,1,2012,,,,,,0.2451
EmissionActivityRatio,BAU,ECU,PPRNGS,,CO2_PP,1,2013,,,,,,0.228
EmissionActivityRatio,BAU,ECU,PPRNGS,,CO2_PP,1,2014,,,,,,0.228
EmissionActivityRatio,BAU,ECU,PPRNGS,,CO2_PP,1,2015,,,,,,0.2337
EmissionActivityRatio,BAU,ECU,PPRNGS,,CO2_PP,1,2016,,,,,,0.2337
EmissionActivityRatio,BAU,ECU,PPRNGS,,CO2_PP,1,2017,,,,,,0.2813
EmissionActivityRatio,BAU,ECU,PPRNGS,,CO2_PP,1,2018,,,,,,0.2813
EmissionActivityRatio,BAU,ECU,PPRNGS,,CO2_PP,1,2019,,,,,,0.2813
EmissionActivityRatio,BAU,ECU,PPRNGS,,CO2_PP,1,2020,,,,,,0.2813
EmissionActivityRatio,BAU,ECU,PPRNGS,,CO2_PP,1,2021,,,,,,0.2813
EmissionActivityRatio,BAU,ECU,PPRNGS,,CO2_PP,1,2022,,,,,,0.2813
EmissionActivityRatio,BAU,ECU,PPRNGS,,CO2_PP,1,2023,,,,,,0.2813
EmissionActivityRatio,BAU,ECU,PPRNGS,,CO2_PP,1,2024,,,,,,0.2813
EmissionActivityRatio,BAU,ECU,PPRNGS,,CO2_PP,1,2025,,,,,,0.2813
EmissionActivityRatio,BAU,ECU,PPRNGS,,CO2_PP,1,2026,,,,,,0.2813
EmissionActivityRatio,BAU,ECU,PPRNGS,,CO2_PP,1,2027,,,,,,0.2813
EmissionActivityRatio,BAU,ECU,PPRNGS,,CO2_PP,1,2028,,,,,,0.2813
EmissionActivityRatio,BAU,ECU,PPRNGS,,CO2_PP,1,2029,,,,,,0.2813
EmissionActivityRatio,BAU,ECU,PPRNGS,,CO2_PP,1,2030,,,,,,0.2813
EmissionActivityRatio,BAU,ECU,PPRNGS,,CO2_PP,1,2031,,,,,,0.2813
EmissionActivityRatio,BAU,ECU,PPRNGS,,CO2_PP,1,2032,,,,,,0.2813
EmissionActivityRatio,BAU,ECU,PPRNGS,,CO2_PP,1,2033,,,,,,0.2813
EmissionActivityRatio,BAU,ECU,PPRNGS,,CO2_PP,1,2034,,,,,,0.2813
EmissionActivityRatio,BAU,ECU,PPRNGS,,CO2_PP,1,2035,,,,,,0.2813
EmissionActivityRatio,BAU,ECU,PPRDSL,,CO2_PP,1,2010,,,,,,0.4751
EmissionActivityRatio,BAU,ECU,PPRDSL,,CO2_PP,1,2011,,,,,,0.2061
EmissionActivityRatio,BAU,ECU,PPRDSL,,CO2_PP,1,2012,,,,,,0.2061
EmissionActivityRatio,BAU,ECU,PPRDSL,,CO2_PP,1,2013,,,,,,0.1878
EmissionActivityRatio,BAU,ECU,PPRDSL,,CO2_PP,1,2014,,,,,,0.1878
EmissionActivityRatio,BAU,ECU,PPRDSL,,CO2_PP,1,2015,,,,,,0.1979
EmissionActivityRatio,BAU,ECU,PPRDSL,,CO2_PP,1,2016,,,,,,0.1979
EmissionActivityRatio,BAU,ECU,PPRDSL,,CO2_PP,1,2017,,,,,,0.1542
EmissionActivityRatio,BAU,ECU,PPRDSL,,CO2_PP,1,2018,,,,,,0.1542
EmissionActivityRatio,BAU,ECU,PPRDSL,,CO2_PP,1,2019,,,,,,0.1542
EmissionActivityRatio,BAU,ECU,PPRDSL,,CO2_PP,1,2020,,,,,,0.1542
EmissionActivityRatio,BAU,ECU,PPRDSL,,CO2_PP,1,2021,,,,,,0.1542
EmissionActivityRatio,BAU,ECU,PPRDSL,,CO2_PP,1,2022,,,,,,0.1542
EmissionActivityRatio,BAU,ECU,PPRDSL,,CO2_PP,1,2023,,,,,,0.1542
EmissionActivityRatio,BAU,ECU,PPRDSL,,CO2_PP,1,2024,,,,,,0.1542
EmissionActivityRatio,BAU,ECU,PPRDSL,,CO2_PP,1,2025,,,,,,0.1542
EmissionActivityRatio,BAU,ECU,PPRDSL,,CO2_PP,1,2026,,,,,,0.1542
EmissionActivityRatio,BAU,ECU,PPRDSL,,CO2_PP,1,2027,,,,,,0.1542
EmissionActivityRatio,BAU,ECU,PPRDSL,,CO2_PP,1,2028,,,,,,0.1542
EmissionActivityRatio,BAU,ECU,PPRDSL,,CO2_PP,1,2029,,,,,,0.1542
EmissionActivityRatio,BAU,ECU,PPRDSL,,CO2_PP,1,2030,,,,,,0.1542
EmissionActivityRatio,BAU,ECU,PPRDSL,,CO2_PP,1,2031,,,,,,0.1542
EmissionActivityRatio,BAU,ECU,PPRDSL,,CO2_PP,1,2032,,,,,,0.1542
EmissionActivityRatio,BAU,ECU,PPRDSL,,CO2_PP,1,2033,,,,,,0.1542
EmissionActivityRatio,BAU,ECU,PPRDSL,,CO2_PP,1,2034,,,,,,0.1542
EmissionActivityRatio,BAU,ECU,PPRDSL,,CO2_PP,1,2035,,,,,,0.1542
EmissionActivityRatio,BAU,ECU,PPCRU,,CO2_PP,1,2010,,,,,,0.1637
EmissionActivityRatio,BAU,ECU,PPCRU,,CO2_PP,1,2011,,,,,,0.1562
EmissionActivityRatio,BAU,ECU,PPCRU,,CO2_PP,1,2012,,,,,,0.1562
EmissionActivityRatio,BAU,ECU,PPCRU,,CO2_PP,1,2013,,,,,,0.256
EmissionActivityRatio,BAU,ECU,PPCRU,,CO2_PP,1,2014,,,,,,0.256
EmissionActivityRatio,BAU,ECU,PPCRU,,CO2_PP,1,2015,,,,,,0.2558
EmissionActivityRatio,BAU,ECU,PPCRU,,CO2_PP,1,2016,,,,,,0.2558
EmissionActivityRatio,BAU,ECU,PPCRU,,CO2_PP,1,2017,,,,,,0.2894
EmissionActivityRatio,BAU,ECU,PPCRU,,CO2_PP,1,2018,,,,,,0.2894
EmissionActivityRatio,BAU,ECU,PPCRU,,CO2_PP,1,2019,,,,,,0.2894
EmissionActivityRatio,BAU,ECU,PPCRU,,CO2_PP,1,2020,,,,,,0.2894
EmissionActivityRatio,BAU,ECU,PPCRU,,CO2_PP,1,2021,,,,,,0.2894
EmissionActivityRatio,BAU,ECU,PPCRU,,CO2_PP,1,2022,,,,,,0.2894
EmissionActivityRatio,BAU,ECU,PPCRU,,CO2_PP,1,2023,,,,,,0.2894
EmissionActivityRatio,BAU,ECU,PPCRU,,CO2_PP,1,2024,,,,,,0.2894
EmissionActivityRatio,BAU,ECU,PPCRU,,CO2_PP,1,2025,,,,,,0.2894
EmissionActivityRatio,BAU,ECU,PPCRU,,CO2_PP,1,2026,,,,,,0.2894
EmissionActivityRatio,BAU,ECU,PPCRU,,CO2_PP,1,2027,,,,,,0.2894
EmissionActivityRatio,BAU,ECU,PPCRU,,CO2_PP,1,2028,,,,,,0.2894
EmissionActivityRatio,BAU,ECU,PPCRU,,CO2_PP,1,2029,,,,,,0.2894
EmissionActivityRatio,BAU,ECU,PPCRU,,CO2_PP,1,2030,,,,,,0.2894
EmissionActivityRatio,BAU,ECU,PPCRU,,CO2_PP,1,2031,,,,,,0.2894
EmissionActivityRatio,BAU,ECU,PPCRU,,CO2_PP,1,2032,,,,,,0.2894
EmissionActivityRatio,BAU,ECU,PPCRU,,CO2_PP,1,2033,,,,,,0.2894
EmissionActivityRatio,BAU,ECU,PPCRU,,CO2_PP,1,2034,,,,,,0.2894
EmissionActivityRatio,BAU,ECU,PPCRU,,CO2_PP,1,2035,,,,,,0.2894
EmissionActivityRatio,BAU,ECU,PPDFOI,,CO2_PP,1,2010,,,,,,0.21158292834671738
EmissionActivityRatio,BAU,ECU,PPDFOI,,CO2_PP,1,2011,,,,,,0.21158292834671738
EmissionActivityRatio,BAU,ECU,PPDFOI,,CO2_PP,1,2012,,,,,,0.21158292834671738
EmissionActivityRatio,BAU,ECU,PPDFOI,,CO2_PP,1,2013,,,,,,0.21158292834671738
EmissionActivityRatio,BAU,ECU,PPDFOI,,CO2_PP,1,2014,,,,,,0.21158292834671738
EmissionActivityRatio,BAU,ECU,PPDFOI,,CO2_PP,1,2015,,,,,,0.21158292834671738
EmissionActivityRatio,BAU,ECU,PPDFOI,,CO2_PP,1,2016,,,,,,0.21158292834671738
EmissionActivityRatio,BAU,ECU,PPDFOI,,CO2_PP,1,2017,,,,,,0.21158292834671738
EmissionActivityRatio,BAU,ECU,PPDFOI,,CO2_PP,1,2018,,,,,,0.21158292834671738
EmissionActivityRatio,BAU,ECU,PPDFOI,,CO2_PP,1,2019,,,,,,0.21158292834671738
EmissionActivityRatio,BAU,ECU,PPDFOI,,CO2_PP,1,2020,,,,,,0.21158292834671738
EmissionActivityRatio,BAU,ECU,PPDFOI,,CO2_PP,1,2021,,,,,,0.21158292834671738
EmissionActivityRatio,BAU,ECU,PPDFOI,,CO2_PP,1,2022,,,,,,0.21158292834671738
EmissionActivityRatio,BAU,ECU,PPDFOI,,CO2_PP,1,2023,,,,,,0.21158292834671738
EmissionActivityRatio,BAU,ECU,PPDFOI,,CO2_PP,1,2024,,,,,,0.21158292834671738
EmissionActivityRatio,BAU,ECU,PPDFOI,,CO2_PP,1,2025,,,,,,0.21158292834671738
EmissionActivityRatio,BAU,ECU,PPDFOI,,CO2_PP,1,2026,,,,,,0.21158292834671738
EmissionActivityRatio,BAU,ECU,PPDFOI,,CO2_PP,1,2027,,,,,,0.21158292834671738
EmissionActivityRatio,BAU,ECU,PPDFOI,,CO2_PP,1,2028,,,,,,0.21158292834671738
EmissionActivityRatio,BAU,ECU,PPDFOI,,CO2_PP,1,2029,,,,,,0.21158292834671738
EmissionActivityRatio,BAU,ECU,PPDFOI,,CO2_PP,1,2030,,,,,,0.21158292834671738
EmissionActivityRatio,BAU,ECU,PPDFOI,,CO2_PP,1,2031,,,,,,0.21158292834671738
EmissionActivityRatio,BAU,ECU,PPDFOI,,CO2_PP,1,2032,,,,,,0.21158292834671738
EmissionActivityRatio,BAU,ECU,PPDFOI,,CO2_PP,1,2033,,,,,,0.21158292834671738
EmissionActivityRatio,BAU,ECU,PPDFOI,,CO2_PP,1,2034,,,,,,0.21158292834671738
EmissionActivityRatio,BAU,ECU,PPDFOI,,CO2_PP,1,2035,,,,,,0.21158292834671738
EmissionActivityRatio,BAU,ECU,PPDDSL,,CO2_PP,1,2010,,,,,,0.2060696324237602
EmissionActivityRatio,BAU,ECU,PPDDSL,,CO2_PP,1,2011,,,,,,0.2060696324237602
EmissionActivityRatio,BAU,ECU,PPDDSL,,CO2_PP,1,2012,,,,,,0.2060696324237602
EmissionActivityRatio,BAU,ECU,PPDDSL,,CO2_PP,1,2013,,,,,,0.2060696324237602
EmissionActivityRatio,BAU,ECU,PPDDSL,,CO2_PP,1,2014,,,,,,0.2060696324237602
EmissionActivityRatio,BAU,ECU,PPDDSL,,CO2_PP,1,2015,,,,,,0.2060696324237602
EmissionActivityRatio,BAU,ECU,PPDDSL,,CO2_PP,1,2016,,,,,,0.2060696324237602
EmissionActivityRatio,BAU,ECU,PPDDSL,,CO2_PP,1,2017,,,,,,0.2060696324237602
EmissionActivityRatio,BAU,ECU,PPDDSL,,CO2_PP,1,2018,,,,,,0.2060696324237602
EmissionActivityRatio,BAU,ECU,PPDDSL,,CO2_PP,1,2019,,,,,,0.2060696324237602
EmissionActivityRatio,BAU,ECU,PPDDSL,,CO2_PP,1,2020,,,,,,0.2060696324237602
EmissionActivityRatio,BAU,ECU,PPDDSL,,CO2_PP,1,2021,,,,,,0.2060696324237602
EmissionActivityRatio,BAU,ECU,PPDDSL,,CO2_PP,1,2022,,,,,,0.2060696324237602
EmissionActivityRatio,BAU,ECU,PPDDSL,,CO2_PP,1,2023,,,,,,0.2060696324237602
EmissionActivityRatio,BAU,ECU,PPDDSL,,CO2_PP,1,2024,,,,,,0.2060696324237602
EmissionActivityRatio,BAU,ECU,PPDDSL,,CO2_PP,1,2025,,,,,,0.2060696324237602
EmissionActivityRatio,BAU,ECU,PPDDSL,,CO2_PP,1,2026,,,,,,0.2060696324237602
EmissionActivityRatio,BAU,ECU,PPDDSL,,CO2_PP,1,2027,,,,,,0.2060696324237602
EmissionActivityRatio,BAU,ECU,PPDDSL,,CO2_PP,1,2028,,,,,,0.2060696324237602
EmissionActivityRatio,BAU,ECU,PPDDSL,,CO2_PP,1,2029,,,,,,0.2060696324237602
EmissionActivityRatio,BAU,ECU,PPDDSL,,CO2_PP,1,2030,,,,,,0.2060696324237602
EmissionActivityRatio,BAU,ECU,PPDDSL,,CO2_PP,1,2031,,,,,,0.2060696324237602
EmissionActivityRatio,BAU,ECU,PPDDSL,,CO2_PP,1,2032,,,,,,0.2060696324237602
EmissionActivityRatio,BAU,ECU,PPDDSL,,CO2_PP,1,2033,,,,,,0.2060696324237602
EmissionActivityRatio,BAU,ECU,PPDDSL,,CO2_PP,1,2034,,,,,,0.2060696324237602
EmissionActivityRatio,BAU,ECU,PPDDSL,,CO2_PP,1,2035,,,,,,0.2060696324237602
EmissionActivityRatio,BAU,ECU,PPILPG,,CO2_PP,1,2010,,,,,,0.26936015324382134
EmissionActivityRatio,BAU,ECU,PPILPG,,CO2_PP,1,2011,,,,,,0.26936015324382134
EmissionActivityRatio,BAU,ECU,PPILPG,,CO2_PP,1,2012,,,,,,0.26936015324382134
EmissionActivityRatio,BAU,ECU,PPILPG,,CO2_PP,1,2013,,,,,,0.26936015324382134
EmissionActivityRatio,BAU,ECU,PPILPG,,CO2_PP,1,2014,,,,,,0.26936015324382134
EmissionActivityRatio,BAU,ECU,PPILPG,,CO2_PP,1,2015,,,,,,0.26936015324382134
EmissionActivityRatio,BAU,ECU,PPILPG,,CO2_PP,1,2016,,,,,,0.26936015324382134
EmissionActivityRatio,BAU,ECU,PPILPG,,CO2_PP,1,2017,,,,,,0.26936015324382134
EmissionActivityRatio,BAU,ECU,PPILPG,,CO2_PP,1,2018,,,,,,0.26936015324382134
EmissionActivityRatio,BAU,ECU,PPILPG,,CO2_PP,1,2019,,,,,,0.26936015324382134
EmissionActivityRatio,BAU,ECU,PPILPG,,CO2_PP,1,2020,,,,,,0.26936015324382134
EmissionActivityRatio,BAU,ECU,PPILPG,,CO2_PP,1,2021,,,,,,0.26936015324382134
EmissionActivityRatio,BAU,ECU,PPILPG,,CO2_PP,1,2022,,,,,,0.26936015324382134
EmissionActivityRatio,BAU,ECU,PPILPG,,CO2_PP,1,2023,,,,,,0.26936015324382134
EmissionActivityRatio,BAU,ECU,PPILPG,,CO2_PP,1,2024,,,,,,0.26936015324382134
EmissionActivityRatio,BAU,ECU,PPILPG,,CO2_PP,1,2025,,,,,,0.26936015324382134
EmissionActivityRatio,BAU,ECU,PPILPG,,CO2_PP,1,2026,,,,,,0.26936015324382134
EmissionActivityRatio,BAU,ECU,PPILPG,,CO2_PP,1,2027,,,,,,0.26936015324382134
EmissionActivityRatio,BAU,ECU,PPILPG,,CO2_PP,1,2028,,,,,,0.26936015324382134
EmissionActivityRatio,BAU,ECU,PPILPG,,CO2_PP,1,2029,,,,,,0.26936015324382134
EmissionActivityRatio,BAU,ECU,PPILPG,,CO2_PP,1,2030,,,,,,0.26936015324382134
EmissionActivityRatio,BAU,ECU,PPILPG,,CO2_PP,1,2031,,,,,,0.26936015324382134
EmissionActivityRatio,BAU,ECU,PPILPG,,CO2_PP,1,2032,,,,,,0.26936015324382134
EmissionActivityRatio,BAU,ECU,PPILPG,,CO2_PP,1,2033,,,,,,0.26936015324382134
EmissionActivityRatio,BAU,ECU,PPILPG,,CO2_PP,1,2034,,,,,,0.26936015324382134
EmissionActivityRatio,BAU,ECU,PPILPG,,CO2_PP,1,2035,,,,,,0.26936015324382134
EmissionActivityRatio,BAU,ECU,PPIBIM,,CO2_PP,1,2010,,,,,,0.0
EmissionActivityRatio,BAU,ECU,PPIBIM,,CO2_PP,1,2011,,,,,,0.0
EmissionActivityRatio,BAU,ECU,PPIBIM,,CO2_PP,1,2012,,,,,,0.0
EmissionActivityRatio,BAU,ECU,PPIBIM,,CO2_PP,1,2013,,,,,,0.0
EmissionActivityRatio,BAU,ECU,PPIBIM,,CO2_PP,1,2014,,,,,,0.0
EmissionActivityRatio,BAU,ECU,PPIBIM,,CO2_PP,1,2015,,,,,,0.0
EmissionActivityRatio,BAU,ECU,PPIBIM,,CO2_PP,1,2016,,,,,,0.0
EmissionActivityRatio,BAU,ECU,PPIBIM,,CO2_PP,1,2017,,,,,,0.0
EmissionActivityRatio,BAU,ECU,PPIBIM,,CO2_PP,1,2018,,,,,,0.0
EmissionActivityRatio,BAU,ECU,PPIBIM,,CO2_PP,1,2019,,,,,,0.0
EmissionActivityRatio,BAU,ECU,PPIBIM,,CO2_PP,1,2020,,,,,,0.0
EmissionActivityRatio,BAU,ECU,PPIBIM,,CO2_PP,1,2021,,,,,,0.0
EmissionActivityRatio,BAU,ECU,PPIBIM,,CO2_PP,1,2022,,,,,,0.0
EmissionActivityRatio,BAU,ECU,PPIBIM,,CO2_PP,1,2023,,,,,,0.0
EmissionActivityRatio,BAU,ECU,PPIBIM,,CO2_PP,1,2024,,,,,,0.0
EmissionActivityRatio,BAU,ECU,PPIBIM,,CO2_PP,1,2025,,,,,,0.0
EmissionActivityRatio,BAU,ECU,PPIBIM,,CO2_PP,1,2026,,,,,,0.0
EmissionActivityRatio,BAU,ECU,PPIBIM,,CO2_PP,1,2027,,,,,,0.0
EmissionActivityRatio,BAU,ECU,PPIBIM,,CO2_PP,1,2028,,,,,,0.0
EmissionActivityRatio,BAU,ECU,PPIBIM,,CO2_PP,1,2029,,,,,,0.0
EmissionActivityRatio,BAU,ECU,PPIBIM,,CO2_PP,1,2030,,,,,,0.0
EmissionActivityRatio,BAU,ECU,PPIBIM,,CO2_PP,1,2031,,,,,,0.0
EmissionActivityRatio,BAU,ECU,PPIBIM,,CO2_PP,1,2032,,,,,,0.0
EmissionActivityRatio,BAU,ECU,PPIBIM,,CO2_PP,1,2033,,,,,,0.0
EmissionActivityRatio,BAU,ECU,PPIBIM,,CO2_PP,1,2034,,,,,,0.0
EmissionActivityRatio,BAU,ECU,PPIBIM,,CO2_PP,1,2035,,,,,,0.0
EmissionActivityRatio,BAU,ECU,PPBIM,,CH4_PP,1,2010,,,,,,1.693387655673312e-05
EmissionActivityRatio,BAU,ECU,PPBIM,,CH4_PP,1,2011,,,,,,1.693387655673312e-05
EmissionActivityRatio,BAU,ECU,PPBIM,,CH4_PP,1,2012,,,,,,1.693387655673312e-05
EmissionActivityRatio,BAU,ECU,PPBIM,,CH4_PP,1,2013,,,,,,1.693387655673312e-05
EmissionActivityRatio,BAU,ECU,PPBIM,,CH4_PP,1,2014,,,,,,1.693387655673312e-05
EmissionActivityRatio,BAU,ECU,PPBIM,,CH4_PP,1,2015,,,,,,1.693387655673312e-05
EmissionActivityRatio,BAU,ECU,PPBIM,,CH4_PP,1,2016,,,,,,1.693387655673312e-05
EmissionActivityRatio,BAU,ECU,PPBIM,,CH4_PP,1,2017,,,,,,1.693387655673312e-05
EmissionActivityRatio,BAU,ECU,PPBIM,,CH4_PP,1,2018,,,,,,1.693387655673312e-05
EmissionActivityRatio,BAU,ECU,PPBIM,,CH4_PP,1,2019,,,,,,1.693387655673312e-05
EmissionActivityRatio,BAU,ECU,PPBIM,,CH4_PP,1,2020,,,,,,1.693387655673312e-05
EmissionActivityRatio,BAU,ECU,PPBIM,,CH4_PP,1,2021,,,,,,1.693387655673312e-05
EmissionActivityRatio,BAU,ECU,PPBIM,,CH4_PP,1,2022,,,,,,1.693387655673312e-05
EmissionActivityRatio,BAU,ECU,PPBIM,,CH4_PP,1,2023,,,,,,1.693387655673312e-05
EmissionActivityRatio,BAU,ECU,PPBIM,,CH4_PP,1,2024,,,,,,1.693387655673312e-05
EmissionActivityRatio,BAU,ECU,PPBIM,,CH4_PP,1,2025,,,,,,1.693387655673312e-05
EmissionActivityRatio,BAU,ECU,PPBIM,,CH4_PP,1,2026,,,,,,1.693387655673312e-05
EmissionActivityRatio,BAU,ECU,PPBIM,,CH4_PP,1,2027,,,,,,1.693387655673312e-05
EmissionActivityRatio,BAU,ECU,PPBIM,,CH4_PP,1,2028,,,,,,1.693387655673312e-05
EmissionActivityRatio,BAU,ECU,PPBIM,,CH4_PP,1,2029,,,,,,1.693387655673312e-05
EmissionActivityRatio,BAU,ECU,PPBIM,,CH4_PP,1,2030,,,,,,1.693387655673312e-05
EmissionActivityRatio,BAU,ECU,PPBIM,,CH4_PP,1,2031,,,,,,1.693387655673312e-05
EmissionActivityRatio,BAU,ECU,PPBIM,,CH4_PP,1,2032,,,,,,1.693387655673312e-05
EmissionActivityRatio,BAU,ECU,PPBIM,,CH4_PP,1,2033,,,,,,1.693387655673312e-05
EmissionActivityRatio,BAU,ECU,PPBIM,,CH4_PP,1,2034,,,,,,1.693387655673312e-05
EmissionActivityRatio,BAU,ECU,PPBIM,,CH4_PP,1,2035,,,,,,1.693387655673312e-05
EmissionActivityRatio,BAU,ECU,PPBGS,,CH4_PP,1,2010,,,,,,1.693387655673312e-05
EmissionActivityRatio,BAU,ECU,PPBGS,,CH4_PP,1,2011,,,,,,1.693387655673312e-05
EmissionActivityRatio,BAU,ECU,PPBGS,,CH4_PP,1,2012,,,,,,1.693387655673312e-05
EmissionActivityRatio,BAU,ECU,PPBGS,,CH4_PP,1,2013,,,,,,1.693387655673312e-05
EmissionActivityRatio,BAU,ECU,PPBGS,,CH4_PP,1,2014,,,,,,1.693387655673312e-05
EmissionActivityRatio,BAU,ECU,PPBGS,,CH4_PP,1,2015,,,,,,1.693387655673312e-05
EmissionActivityRatio,BAU,ECU,PPBGS,,CH4_PP,1,2016,,,,,,1.693387655673312e-05
EmissionActivityRatio,BAU,ECU,PPBGS,,CH4_PP,1,2017,,,,,,1.693387655673312e-05
EmissionActivityRatio,BAU,ECU,PPBGS,,CH4_PP,1,2018,,,,,,1.693387655673312e-05
EmissionActivityRatio,BAU,ECU,PPBGS,,CH4_PP,1,2019,,,,,,1.693387655673312e-05
EmissionActivityRatio,BAU,ECU,PPBGS,,CH4_PP,1,2020,,,,,,1.693387655673312e-05
EmissionActivityRatio,BAU,ECU,PPBGS,,CH4_PP,1,2021,,,,,,1.693387655673312e-05
EmissionActivityRatio,BAU,ECU,PPBGS,,CH4_PP,1,2022,,,,,,1.693387655673312e-05
EmissionActivityRatio,BAU,ECU,PPBGS,,CH4_PP,1,2023,,,,,,1.693387655673312e-05
EmissionActivityRatio,BAU,ECU,PPBGS,,CH4_PP,1,2024,,,,,,1.693387655673312e-05
EmissionActivityRatio,BAU,ECU,PPBGS,,CH4_PP,1,2025,,,,,,1.693387655673312e-05
EmissionActivityRatio,BAU,ECU,PPBGS,,CH4_PP,1,2026,,,,,,1.693387655673312e-05
EmissionActivityRatio,BAU,ECU,PPBGS,,CH4_PP,1,2027,,,,,,1.693387655673312e-05
EmissionActivityRatio,BAU,ECU,PPBGS,,CH4_PP,1,2028,,,,,,1.693387655673312e-05
EmissionActivityRatio,BAU,ECU,PPBGS,,CH4_PP,1,2029,,,,,,1.693387655673312e-05
EmissionActivityRatio,BAU,ECU,PPBGS,,CH4_PP,1,2030,,,,,,1.693387655673312e-05
EmissionActivityRatio,BAU,ECU,PPBGS,,CH4_PP,1,2031,,,,,,1.693387655673312e-05
EmissionActivityRatio,BAU,ECU,PPBGS,,CH4_PP,1,2032,,,,,,1.693387655673312e-05
EmissionActivityRatio,BAU,ECU,PPBGS,,CH4_PP,1,2033,,,,,,1.693387655673312e-05
EmissionActivityRatio,BAU,ECU,PPBGS,,CH4_PP,1,2034,,,,,,1.693387655673312e-05
EmissionActivityRatio,BAU,ECU,PPBGS,,CH4_PP,1,2035,,,,,,1.693387655673312e-05
EmissionActivityRatio,BAU,ECU,PPNGS,,CH4_PP,1,2010,,,,,,0.0
EmissionActivityRatio,BAU,ECU,PPNGS,,CH4_PP,1,2011,,,,,,0.0
EmissionActivityRatio,BAU,ECU,PPNGS,,CH4_PP,1,2012,,,,,,0.0
EmissionActivityRatio,BAU,ECU,PPNGS,,CH4_PP,1,2013,,,,,,0.0
EmissionActivityRatio,BAU,ECU,PPNGS,,CH4_PP,1,2014,,,,,,0.0
EmissionActivityRatio,BAU,ECU,PPNGS,,CH4_PP,1,2015,,,,,,0.0
EmissionActivityRatio,BAU,ECU,PPNGS,,CH4_PP,1,2016,,,,,,0.0
EmissionActivityRatio,BAU,ECU,PPNGS,,CH4_PP,1,2017,,,,,,0.0
EmissionActivityRatio,BAU,ECU,PPNGS,,CH4_PP,1,2018,,,,,,0.0
EmissionActivityRatio,BAU,ECU,PPNGS,,CH4_PP,1,2019,,,,,,0.0
EmissionActivityRatio,BAU,ECU,PPNGS,,CH4_PP,1,2020,,,,,,0.0
EmissionActivityRatio,BAU,ECU,PPNGS,,CH4_PP,1,2021,,,,,,0.0
EmissionActivityRatio,BAU,ECU,PPNGS,,CH4_PP,1,2022,,,,,,0.0
EmissionActivityRatio,BAU,ECU,PPNGS,,CH4_PP,1,2023,,,,,,0.0
EmissionActivityRatio,BAU,ECU,PPNGS,,CH4_PP,1,2024,,,,,,0.0
EmissionActivityRatio,BAU,ECU,PPNGS,,CH4_PP,1,2025,,,,,,0.0
EmissionActivityRatio,BAU,ECU,PPNGS,,CH4_PP,1,2026,,,,,,0.0
EmissionActivityRatio,BAU,ECU,PPNGS,,CH4_PP,1,2027,,,,,,0.0
EmissionActivityRatio,BAU,ECU,PPNGS,,CH4_PP,1,2028,,,,,,0.0
EmissionActivityRatio,BAU,ECU,PPNGS,,CH4_PP,1,2029,,,,,,0.0
EmissionActivityRatio,BAU,ECU,PPNGS,,CH4_PP,1,2030,,,,,,0.0
EmissionActivityRatio,BAU,ECU,PPNGS,,CH4_PP,1,2031,,,,,,0.0
EmissionActivityRatio,BAU,ECU,PPNGS,,CH4_PP,1,2032,,,,,,0.0
EmissionActivityRatio,BAU,ECU,PPNGS,,CH4_PP,1,2033,,,,,,0.0
EmissionActivityRatio,BAU,ECU,PPNGS,,CH4_PP,1,2034,,,,,,0.0
EmissionActivityRatio,BAU,ECU,PPNGS,,CH4_PP,1,2035,,,,,,0.0
EmissionActivityRatio,BAU,ECU,PPDSL,,CH4_PP,1,2010,,,,,,0.0
EmissionActivityRatio,BAU,ECU,PPDSL,,CH4_PP,1,2011,,,,,,0.0
EmissionActivityRatio,BAU,ECU,PPDSL,,CH4_PP,1,2012,,,,,,0.0
EmissionActivityRatio,BAU,ECU,PPDSL,,CH4_PP,1,2013,,,,,,0.0
EmissionActivityRatio,BAU,ECU,PPDSL,,CH4_PP,1,2014,,,,,,0.0
EmissionActivityRatio,BAU,ECU,PPDSL,,CH4_PP,1,2015,,,,,,0.0
EmissionActivityRatio,BAU,ECU,PPDSL,,CH4_PP,1,2016,,,,,,0.0
EmissionActivityRatio,BAU,ECU,PPDSL,,CH4_PP,1,2017,,,,,,0.0
EmissionActivityRatio,BAU,ECU,PPDSL,,CH4_PP,1,2018,,,,,,0.0
EmissionActivityRatio,BAU,ECU,PPDSL,,CH4_PP,1,2019,,,,,,0.0
EmissionActivityRatio,BAU,ECU,PPDSL,,CH4_PP,1,2020,,,,,,0.0
EmissionActivityRatio,BAU,ECU,PPDSL,,CH4_PP,1,2021,,,,,,0.0
EmissionActivityRatio,BAU,ECU,PPDSL,,CH4_PP,1,2022,,,,,,0.0
EmissionActivityRatio,BAU,ECU,PPDSL,,CH4_PP,1,2023,,,,,,0.0
EmissionActivityRatio,BAU,ECU,PPDSL,,CH4_PP,1,2024,,,,,,0.0
EmissionActivityRatio,BAU,ECU,PPDSL,,CH4_PP,1,2025,,,,,,0.0
EmissionActivityRatio,BAU,ECU,PPDSL,,CH4_PP,1,2026,,,,,,0.0
EmissionActivityRatio,BAU,ECU,PPDSL,,CH4_PP,1,2027,,,,,,0.0
EmissionActivityRatio,BAU,ECU,PPDSL,,CH4_PP,1,2028,,,,,,0.0
EmissionActivityRatio,BAU,ECU,PPDSL,,CH4_PP,1,2029,,,,,,0.0
EmissionActivityRatio,BAU,ECU,PPDSL,,CH4_PP,1,2030,,,,,,0.0
EmissionActivityRatio,BAU,ECU,PPDSL,,CH4_PP,1,2031,,,,,,0.0
EmissionActivityRatio,BAU,ECU,PPDSL,,CH4_PP,1,2032,,,,,,0.0
EmissionActivityRatio,BAU,ECU,PPDSL,,CH4_PP,1,2033,,,,,,0.0
EmissionActivityRatio,BAU,ECU,PPDSL,,CH4_PP,1,2034,,,,,,0.0
EmissionActivityRatio,BAU,ECU,PPDSL,,CH4_PP,1,2035,,,,,,0.0
EmissionActivityRatio,BAU,ECU,PPFOI,,CH4_PP,1,2010,,,,,,0.0
EmissionActivityRatio,BAU,ECU,PPFOI,,CH4_PP,1,2011,,,,,,0.0
EmissionActivityRatio,BAU,ECU,PPFOI,,CH4_PP,1,2012,,,,,,0.0
EmissionActivityRatio,BAU,ECU,PPFOI,,CH4_PP,1,2013,,,,,,0.0
EmissionActivityRatio,BAU,ECU,PPFOI,,CH4_PP,1,2014,,,,,,0.0
EmissionActivityRatio,BAU,ECU,PPFOI,,CH4_PP,1,2015,,,,,,0.0
EmissionActivityRatio,BAU,ECU,PPFOI,,CH4_PP,1,2016,,,,,,0.0
EmissionActivityRatio,BAU,ECU,PPFOI,,CH4_PP,1,2017,,,,,,0.0
EmissionActivityRatio,BAU,ECU,PPFOI,,CH4_PP,1,2018,,,,,,0.0
EmissionActivityRatio,BAU,ECU,PPFOI,,CH4_PP,1,2019,,,,,,0.0
EmissionActivityRatio,BAU,ECU,PPFOI,,CH4_PP,1,2020,,,,,,0.0
EmissionActivityRatio,BAU,ECU,PPFOI,,CH4_PP,1,2021,,,,,,0.0
EmissionActivityRatio,BAU,ECU,PPFOI,,CH4_PP,1,2022,,,,,,0.0
EmissionActivityRatio,BAU,ECU,PPFOI,,CH4_PP,1,2023,,,,,,0.0
EmissionActivityRatio,BAU,ECU,PPFOI,,CH4_PP,1,2024,,,,,,0.0
EmissionActivityRatio,BAU,ECU,PPFOI,,CH4_PP,1,2025,,,,,,0.0
EmissionActivityRatio,BAU,ECU,PPFOI,,CH4_PP,1,2026,,,,,,0.0
EmissionActivityRatio,BAU,ECU,PPFOI,,CH4_PP,1,2027,,,,,,0.0
EmissionActivityRatio,BAU,ECU,PPFOI,,CH4_PP,1,2028,,,,,,0.0
EmissionActivityRatio,BAU,ECU,PPFOI,,CH4_PP,1,2029,,,,,,0.0
EmissionActivityRatio,BAU,ECU,PPFOI,,CH4_PP,1,2030,,,,,,0.0
EmissionActivityRatio,BAU,ECU,PPFOI,,CH4_PP,1,2031,,,,,,0.0
EmissionActivityRatio,BAU,ECU,PPFOI,,CH4_PP,1,2032,,,,,,0.0
EmissionActivityRatio,BAU,ECU,PPFOI,,CH4_PP,1,2033,,,,,,0.0
EmissionActivityRatio,BAU,ECU,PPFOI,,CH4_PP,1,2034,,,,,,0.0
EmissionActivityRatio,BAU,ECU,PPFOI,,CH4_PP,1,2035,,,,,,0.0
EmissionActivityRatio,BAU,ECU,PPRNGS,,CH4_PP,1,2010,,,,,,0.0
EmissionActivityRatio,BAU,ECU,PPRNGS,,CH4_PP,1,2011,,,,,,0.0
EmissionActivityRatio,BAU,ECU,PPRNGS,,CH4_PP,1,2012,,,,,,0.0
EmissionActivityRatio,BAU,ECU,PPRNGS,,CH4_PP,1,2013,,,,,,0.0
EmissionActivityRatio,BAU,ECU,PPRNGS,,CH4_PP,1,2014,,,,,,0.0
EmissionActivityRatio,BAU,ECU,PPRNGS,,CH4_PP,1,2015,,,,,,0.0
EmissionActivityRatio,BAU,ECU,PPRNGS,,CH4_PP,1,2016,,,,,,0.0
EmissionActivityRatio,BAU,ECU,PPRNGS,,CH4_PP,1,2017,,,,,,0.0
EmissionActivityRatio,BAU,ECU,PPRNGS,,CH4_PP,1,2018,,,,,,0.0
EmissionActivityRatio,BAU,ECU,PPRNGS,,CH4_PP,1,2019,,,,,,0.0
EmissionActivityRatio,BAU,ECU,PPRNGS,,CH4_PP,1,2020,,,,,,0.0
EmissionActivityRatio,BAU,ECU,PPRNGS,,CH4_PP,1,2021,,,,,,0.0
EmissionActivityRatio,BAU,ECU,PPRNGS,,CH4_PP,1,2022,,,,,,0.0
EmissionActivityRatio,BAU,ECU,PPRNGS,,CH4_PP,1,2023,,,,,,0.0
EmissionActivityRatio,BAU,ECU,PPRNGS,,CH4_PP,1,2024,,,,,,0.0
EmissionActivityRatio,BAU,ECU,PPRNGS,,CH4_PP,1,2025,,,,,,0.0
EmissionActivityRatio,BAU,ECU,PPRNGS,,CH4_PP,1,2026,,,,,,0.0
EmissionActivityRatio,BAU,ECU,PPRNGS,,CH4_PP,1,2027,,,,,,0.0
EmissionActivityRatio,BAU,ECU,PPRNGS,,CH4_PP,1,2028,,,,,,0.0
EmissionActivityRatio,BAU,ECU,PPRNGS,,CH4_PP,1,2029,,,,,,0.0
EmissionActivityRatio,BAU,ECU,PPRNGS,,CH4_PP,1,2030,,,,,,0.0
EmissionActivityRatio,BAU,ECU,PPRNGS,,CH4_PP,1,2031,,,,,,0.0
EmissionActivityRatio,BAU,ECU,PPRNGS,,CH4_PP,1,2032,,,,,,0.0
EmissionActivityRatio,BAU,ECU,PPRNGS,,CH4_PP,1,2033,,,,,,0.0
EmissionActivityRatio,BAU,ECU,PPRNGS,,CH4_PP,1,2034,,,,,,0.0
EmissionActivityRatio,BAU,ECU,PPRNGS,,CH4_PP,1,2035,,,,,,0.0
EmissionActivityRatio,BAU,ECU,PPRDSL,,CH4_PP,1,2010,,,,,,0.0
EmissionActivityRatio,BAU,ECU,PPRDSL,,CH4_PP,1,2011,,,,,,0.0
EmissionActivityRatio,BAU,ECU,PPRDSL,,CH4_PP,1,2012,,,,,,0.0
EmissionActivityRatio,BAU,ECU,PPRDSL,,CH4_PP,1,2013,,,,,,0.0
EmissionActivityRatio,BAU,ECU,PPRDSL,,CH4_PP,1,2014,,,,,,0.0
EmissionActivityRatio,BAU,ECU,PPRDSL,,CH4_PP,1,2015,,,,,,0.0
EmissionActivityRatio,BAU,ECU,PPRDSL,,CH4_PP,1,2016,,,,,,0.0
EmissionActivityRatio,BAU,ECU,PPRDSL,,CH4_PP,1,2017,,,,,,0.0
EmissionActivityRatio,BAU,ECU,PPRDSL,,CH4_PP,1,2018,,,,,,0.0
EmissionActivityRatio,BAU,ECU,PPRDSL,,CH4_PP,1,2019,,,,,,0.0
EmissionActivityRatio,BAU,ECU,PPRDSL,,CH4_PP,1,2020,,,,,,0.0
EmissionActivityRatio,BAU,ECU,PPRDSL,,CH4_PP,1,2021,,,,,,0.0
EmissionActivityRatio,BAU,ECU,PPRDSL,,CH4_PP,1,2022,,,,,,0.0
EmissionActivityRatio,BAU,ECU,PPRDSL,,CH4_PP,1,2023,,,,,,0.0
EmissionActivityRatio,BAU,ECU,PPRDSL,,CH4_PP,1,2024,,,,,,0.0
EmissionActivityRatio,BAU,ECU,PPRDSL,,CH4_PP,1,2025,,,,,,0.0
EmissionActivityRatio,BAU,ECU,PPRDSL,,CH4_PP,1,2026,,,,,,0.0
EmissionActivityRatio,BAU,ECU,PPRDSL,,CH4_PP,1,2027,,,,,,0.0
EmissionActivityRatio,BAU,ECU,PPRDSL,,CH4_PP,1,2028,,,,,,0.0
EmissionActivityRatio,BAU,ECU,PPRDSL,,CH4_PP,1,2029,,,,,,0.0
EmissionActivityRatio,BAU,ECU,PPRDSL,,CH4_PP,1,2030,,,,,,0.0
EmissionActivityRatio,BAU,ECU,PPRDSL,,CH4_PP,1,2031,,,,,,0.0
EmissionActivityRatio,BAU,ECU,PPRDSL,,CH4_PP,1,2032,,,,,,0.0
EmissionActivityRatio,BAU,ECU,PPRDSL,,CH4_PP,1,2033,,,,,,0.0
EmissionActivityRatio,BAU,ECU,PPRDSL,,CH4_PP,1,2034,,,,,,0.0
EmissionActivityRatio,BAU,ECU,PPRDSL,,CH4_PP,1,2035,,,,,,0.0
EmissionActivityRatio,BAU,ECU,PPCRU,,CH4_PP,1,2010,,,,,,0.0
EmissionActivityRatio,BAU,ECU,PPCRU,,CH4_PP,1,2011,,,,,,0.0
EmissionActivityRatio,BAU,ECU,PPCRU,,CH4_PP,1,2012,,,,,,0.0
EmissionActivityRatio,BAU,ECU,PPCRU,,CH4_PP,1,2013,,,,,,0.0
EmissionActivityRatio,BAU,ECU,PPCRU,,CH4_PP,1,2014,,,,,,0.0
EmissionActivityRatio,BAU,ECU,PPCRU,,CH4_PP,1,2015,,,,,,0.0
EmissionActivityRatio,BAU,ECU,PPCRU,,CH4_PP,1,2016,,,,,,0.0
EmissionActivityRatio,BAU,ECU,PPCRU,,CH4_PP,1,2017,,,,,,0.0
EmissionActivityRatio,BAU,ECU,PPCRU,,CH4_PP,1,2018,,,,,,0.0
EmissionActivityRatio,BAU,ECU,PPCRU,,CH4_PP,1,2019,,,,,,0.0
EmissionActivityRatio,BAU,ECU,PPCRU,,CH4_PP,1,2020,,,,,,0.0
EmissionActivityRatio,BAU,ECU,PPCRU,,CH4_PP,1,2021,,,,,,0.0
EmissionActivityRatio,BAU,ECU,PPCRU,,CH4_PP,1,2022,,,,,,0.0
EmissionActivityRatio,BAU,ECU,PPCRU,,CH4_PP,1,2023,,,,,,0.0
EmissionActivityRatio,BAU,ECU,PPCRU,,CH4_PP,1,2024,,,,,,0.0
EmissionActivityRatio,BAU,ECU,PPCRU,,CH4_PP,1,2025,,,,,,0.0
EmissionActivityRatio,BAU,ECU,PPCRU,,CH4_PP,1,2026,,,,,,0.0
EmissionActivityRatio,BAU,ECU,PPCRU,,CH4_PP,1,2027,,,,,,0.0
EmissionActivityRatio,BAU,ECU,PPCRU,,CH4_PP,1,2028,,,,,,0.0
EmissionActivityRatio,BAU,ECU,PPCRU,,CH4_PP,1,2029,,,,,,0.0
EmissionActivityRatio,BAU,ECU,PPCRU,,CH4_PP,1,2030,,,,,,0.0
EmissionActivityRatio,BAU,ECU,PPCRU,,CH4_PP,1,2031,,,,,,0.0
EmissionActivityRatio,BAU,ECU,PPCRU,,CH4_PP,1,2032,,,,,,0.0
EmissionActivityRatio,BAU,ECU,PPCRU,,CH4_PP,1,2033,,,,,,0.0
EmissionActivityRatio,BAU,ECU,PPCRU,,CH4_PP,1,2034,,,,,,0.0
EmissionActivityRatio,BAU,ECU,PPCRU,,CH4_PP,1,2035,,,,,,0.0
EmissionActivityRatio,BAU,ECU,PPDFOI,,CH4_PP,1,2010,,,,,,8.2008886956092e-06
EmissionActivityRatio,BAU,ECU,PPDFOI,,CH4_PP,1,2011,,,,,,8.2008886956092e-06
EmissionActivityRatio,BAU,ECU,PPDFOI,,CH4_PP,1,2012,,,,,,8.2008886956092e-06
EmissionActivityRatio,BAU,ECU,PPDFOI,,CH4_PP,1,2013,,,,,,8.2008886956092e-06
EmissionActivityRatio,BAU,ECU,PPDFOI,,CH4_PP,1,2014,,,,,,8.2008886956092e-06
EmissionActivityRatio,BAU,ECU,PPDFOI,,CH4_PP,1,2015,,,,,,8.2008886956092e-06
EmissionActivityRatio,BAU,ECU,PPDFOI,,CH4_PP,1,2016,,,,,,8.2008886956092e-06
EmissionActivityRatio,BAU,ECU,PPDFOI,,CH4_PP,1,2017,,,,,,8.2008886956092e-06
EmissionActivityRatio,BAU,ECU,PPDFOI,,CH4_PP,1,2018,,,,,,8.2008886956092e-06
EmissionActivityRatio,BAU,ECU,PPDFOI,,CH4_PP,1,2019,,,,,,8.2008886956092e-06
EmissionActivityRatio,BAU,ECU,PPDFOI,,CH4_PP,1,2020,,,,,,8.2008886956092e-06
EmissionActivityRatio,BAU,ECU,PPDFOI,,CH4_PP,1,2021,,,,,,8.2008886956092e-06
EmissionActivityRatio,BAU,ECU,PPDFOI,,CH4_PP,1,2022,,,,,,8.2008886956092e-06
EmissionActivityRatio,BAU,ECU,PPDFOI,,CH4_PP,1,2023,,,,,,8.2008886956092e-06
EmissionActivityRatio,BAU,ECU,PPDFOI,,CH4_PP,1,2024,,,,,,8.2008886956092e-06
EmissionActivityRatio,BAU,ECU,PPDFOI,,CH4_PP,1,2025,,,,,,8.2008886956092e-06
EmissionActivityRatio,BAU,ECU,PPDFOI,,CH4_PP,1,2026,,,,,,8.2008886956092e-06
EmissionActivityRatio,BAU,ECU,PPDFOI,,CH4_PP,1,2027,,,,,,8.2008886956092e-06
EmissionActivityRatio,BAU,ECU,PPDFOI,,CH4_PP,1,2028,,,,,,8.2008886956092e-06
EmissionActivityRatio,BAU,ECU,PPDFOI,,CH4_PP,1,2029,,,,,,8.2008886956092e-06
EmissionActivityRatio,BAU,ECU,PPDFOI,,CH4_PP,1,2030,,,,,,8.2008886956092e-06
EmissionActivityRatio,BAU,ECU,PPDFOI,,CH4_PP,1,2031,,,,,,8.2008886956092e-06
EmissionActivityRatio,BAU,ECU,PPDFOI,,CH4_PP,1,2032,,,,,,8.2008886956092e-06
EmissionActivityRatio,BAU,ECU,PPDFOI,,CH4_PP,1,2033,,,,,,8.2008886956092e-06
EmissionActivityRatio,BAU,ECU,PPDFOI,,CH4_PP,1,2034,,,,,,8.2008886956092e-06
EmissionActivityRatio,BAU,ECU,PPDFOI,,CH4_PP,1,2035,,,,,,8.2008886956092e-06
EmissionActivityRatio,BAU,ECU,PPDDSL,,CH4_PP,1,2010,,,,,,8.342900098127943e-06
EmissionActivityRatio,BAU,ECU,PPDDSL,,CH4_PP,1,2011,,,,,,8.342900098127943e-06
EmissionActivityRatio,BAU,ECU,PPDDSL,,CH4_PP,1,2012,,,,,,8.342900098127943e-06
EmissionActivityRatio,BAU,ECU,PPDDSL,,CH4_PP,1,2013,,,,,,8.342900098127943e-06
EmissionActivityRatio,BAU,ECU,PPDDSL,,CH4_PP,1,2014,,,,,,8.342900098127943e-06
EmissionActivityRatio,BAU,ECU,PPDDSL,,CH4_PP,1,2015,,,,,,8.342900098127943e-06
EmissionActivityRatio,BAU,ECU,PPDDSL,,CH4_PP,1,2016,,,,,,8.342900098127943e-06
EmissionActivityRatio,BAU,ECU,PPDDSL,,CH4_PP,1,2017,,,,,,8.342900098127943e-06
EmissionActivityRatio,BAU,ECU,PPDDSL,,CH4_PP,1,2018,,,,,,8.342900098127943e-06
EmissionActivityRatio,BAU,ECU,PPDDSL,,CH4_PP,1,2019,,,,,,8.342900098127943e-06
EmissionActivityRatio,BAU,ECU,PPDDSL,,CH4_PP,1,2020,,,,,,8.342900098127943e-06
EmissionActivityRatio,BAU,ECU,PPDDSL,,CH4_PP,1,2021,,,,,,8.342900098127943e-06
EmissionActivityRatio,BAU,ECU,PPDDSL,,CH4_PP,1,2022,,,,,,8.342900098127943e-06
EmissionActivityRatio,BAU,ECU,PPDDSL,,CH4_PP,1,2023,,,,,,8.342900098127943e-06
EmissionActivityRatio,BAU,ECU,PPDDSL,,CH4_PP,1,2024,,,,,,8.342900098127943e-06
EmissionActivityRatio,BAU,ECU,PPDDSL,,CH4_PP,1,2025,,,,,,8.342900098127943e-06
EmissionActivityRatio,BAU,ECU,PPDDSL,,CH4_PP,1,2026,,,,,,8.342900098127943e-06
EmissionActivityRatio,BAU,ECU,PPDDSL,,CH4_PP,1,2027,,,,,,8.342900098127943e-06
EmissionActivityRatio,BAU,ECU,PPDDSL,,CH4_PP,1,2028,,,,,,8.342900098127943e-06
EmissionActivityRatio,BAU,ECU,PPDDSL,,CH4_PP,1,2029,,,,,,8.342900098127943e-06
EmissionActivityRatio,BAU,ECU,PPDDSL,,CH4_PP,1,2030,,,,,,8.342900098127943e-06
EmissionActivityRatio,BAU,ECU,PPDDSL,,CH4_PP,1,2031,,,,,,8.342900098127943e-06
EmissionActivityRatio,BAU,ECU,PPDDSL,,CH4_PP,1,2032,,,,,,8.342900098127943e-06
EmissionActivityRatio,BAU,ECU,PPDDSL,,CH4_PP,1,2033,,,,,,8.342900098127943e-06
EmissionActivityRatio,BAU,ECU,PPDDSL,,CH4_PP,1,2034,,,,,,8.342900098127943e-06
EmissionActivityRatio,BAU,ECU,PPDDSL,,CH4_PP,1,2035,,,,,,8.342900098127943e-06
EmissionActivityRatio,BAU,ECU,PPILPG,,CH4_PP,1,2010,,,,,,4.268782143325219e-06
EmissionActivityRatio,BAU,ECU,PPILPG,,CH4_PP,1,2011,,,,,,4.268782143325219e-06
EmissionActivityRatio,BAU,ECU,PPILPG,,CH4_PP,1,2012,,,,,,4.268782143325219e-06
EmissionActivityRatio,BAU,ECU,PPILPG,,CH4_PP,1,2013,,,,,,4.268782143325219e-06
EmissionActivityRatio,BAU,ECU,PPILPG,,CH4_PP,1,2014,,,,,,4.268782143325219e-06
EmissionActivityRatio,BAU,ECU,PPILPG,,CH4_PP,1,2015,,,,,,4.268782143325219e-06
EmissionActivityRatio,BAU,ECU,PPILPG,,CH4_PP,1,2016,,,,,,4.268782143325219e-06
EmissionActivityRatio,BAU,ECU,PPILPG,,CH4_PP,1,2017,,,,,,4.268782143325219e-06
EmissionActivityRatio,BAU,ECU,PPILPG,,CH4_PP,1,2018,,,,,,4.268782143325219e-06
EmissionActivityRatio,BAU,ECU,PPILPG,,CH4_PP,1,2019,,,,,,4.268782143325219e-06
EmissionActivityRatio,BAU,ECU,PPILPG,,CH4_PP,1,2020,,,,,,4.268782143325219e-06
EmissionActivityRatio,BAU,ECU,PPILPG,,CH4_PP,1,2021,,,,,,4.268782143325219e-06
EmissionActivityRatio,BAU,ECU,PPILPG,,CH4_PP,1,2022,,,,,,4.268782143325219e-06
EmissionActivityRatio,BAU,ECU,PPILPG,,CH4_PP,1,2023,,,,,,4.268782143325219e-06
EmissionActivityRatio,BAU,ECU,PPILPG,,CH4_PP,1,2024,,,,,,4.268782143325219e-06
EmissionActivityRatio,BAU,ECU,PPILPG,,CH4_PP,1,2025,,,,,,4.268782143325219e-06
EmissionActivityRatio,BAU,ECU,PPILPG,,CH4_PP,1,2026,,,,,,4.268782143325219e-06
EmissionActivityRatio,BAU,ECU,PPILPG,,CH4_PP,1,2027,,,,,,4.268782143325219e-06
EmissionActivityRatio,BAU,ECU,PPILPG,,CH4_PP,1,2028,,,,,,4.268782143325219e-06
EmissionActivityRatio,BAU,ECU,PPILPG,,CH4_PP,1,2029,,,,,,4.268782143325219e-06
EmissionActivityRatio,BAU,ECU,PPILPG,,CH4_PP,1,2030,,,,,,4.268782143325219e-06
EmissionActivityRatio,BAU,ECU,PPILPG,,CH4_PP,1,2031,,,,,,4.268782143325219e-06
EmissionActivityRatio,BAU,ECU,PPILPG,,CH4_PP,1,2032,,,,,,4.268782143325219e-06
EmissionActivityRatio,BAU,ECU,PPILPG,,CH4_PP,1,2033,,,,,,4.268782143325219e-06
EmissionActivityRatio,BAU,ECU,PPILPG,,CH4_PP,1,2034,,,,,,4.268782143325219e-06
EmissionActivityRatio,BAU,ECU,PPILPG,,CH4_PP,1,2035,,,,,,4.268782143325219e-06
EmissionActivityRatio,BAU,ECU,PPIBIM,,CH4_PP,1,2010,,,,,,1.693387655673312e-05
EmissionActivityRatio,BAU,ECU,PPIBIM,,CH4_PP,1,2011,,,,,,1.693387655673312e-05
EmissionActivityRatio,BAU,ECU,PPIBIM,,CH4_PP,1,2012,,,,,,1.693387655673312e-05
EmissionActivityRatio,BAU,ECU,PPIBIM,,CH4_PP,1,2013,,,,,,1.693387655673312e-05
EmissionActivityRatio,BAU,ECU,PPIBIM,,CH4_PP,1,2014,,,,,,1.693387655673312e-05
EmissionActivityRatio,BAU,ECU,PPIBIM,,CH4_PP,1,2015,,,,,,1.693387655673312e-05
EmissionActivityRatio,BAU,ECU,PPIBIM,,CH4_PP,1,2016,,,,,,1.693387655673312e-05
EmissionActivityRatio,BAU,ECU,PPIBIM,,CH4_PP,1,2017,,,,,,1.693387655673312e-05
EmissionActivityRatio,BAU,ECU,PPIBIM,,CH4_PP,1,2018,,,,,,1.693387655673312e-05
EmissionActivityRatio,BAU,ECU,PPIBIM,,CH4_PP,1,2019,,,,,,1.693387655673312e-05
EmissionActivityRatio,BAU,ECU,PPIBIM,,CH4_PP,1,2020,,,,,,1.693387655673312e-05
EmissionActivityRatio,BAU,ECU,PPIBIM,,CH4_PP,1,2021,,,,,,1.693387655673312e-05
EmissionActivityRatio,BAU,ECU,PPIBIM,,CH4_PP,1,2022,,,,,,1.693387655673312e-05
EmissionActivityRatio,BAU,ECU,PPIBIM,,CH4_PP,1,2023,,,,,,1.693387655673312e-05
EmissionActivityRatio,BAU,ECU,PPIBIM,,CH4_PP,1,2024,,,,,,1.693387655673312e-05
EmissionActivityRatio,BAU,ECU,PPIBIM,,CH4_PP,1,2025,,,,,,1.693387655673312e-05
EmissionActivityRatio,BAU,ECU,PPIBIM,,CH4_PP,1,2026,,,,,,1.693387655673312e-05
EmissionActivityRatio,BAU,ECU,PPIBIM,,CH4_PP,1,2027,,,,,,1.693387655673312e-05
EmissionActivityRatio,BAU,ECU,PPIBIM,,CH4_PP,1,2028,,,,,,1.693387655673312e-05
EmissionActivityRatio,BAU,ECU,PPIBIM,,CH4_PP,1,2029,,,,,,1.693387655673312e-05
EmissionActivityRatio,BAU,ECU,PPIBIM,,CH4_PP,1,2030,,,,,,1.693387655673312e-05
EmissionActivityRatio,BAU,ECU,PPIBIM,,CH4_PP,1,2031,,,,,,1.693387655673312e-05
EmissionActivityRatio,BAU,ECU,PPIBIM,,CH4_PP,1,2032,,,,,,1.693387655673312e-05
EmissionActivityRatio,BAU,ECU,PPIBIM,,CH4_PP,1,2033,,,,,,1.693387655673312e-05
EmissionActivityRatio,BAU,ECU,PPIBIM,,CH4_PP,1,2034,,,,,,1.693387655673312e-05
EmissionActivityRatio,BAU,ECU,PPIBIM,,CH4_PP,1,2035,,,,,,1.693387655673312e-05
EmissionActivityRatio,BAU,ECU,PPBIM,,N2O_PP,1,2010,,,,,,3.3867753113466243e-06
EmissionActivityRatio,BAU,ECU,PPBIM,,N2O_PP,1,2011,,,,,,3.3867753113466243e-06
EmissionActivityRatio,BAU,ECU,PPBIM,,N2O_PP,1,2012,,,,,,3.3867753113466243e-06
EmissionActivityRatio,BAU,ECU,PPBIM,,N2O_PP,1,2013,,,,,,3.3867753113466243e-06
EmissionActivityRatio,BAU,ECU,PPBIM,,N2O_PP,1,2014,,,,,,3.3867753113466243e-06
EmissionActivityRatio,BAU,ECU,PPBIM,,N2O_PP,1,2015,,,,,,3.3867753113466243e-06
EmissionActivityRatio,BAU,ECU,PPBIM,,N2O_PP,1,2016,,,,,,3.3867753113466243e-06
EmissionActivityRatio,BAU,ECU,PPBIM,,N2O_PP,1,2017,,,,,,3.3867753113466243e-06
EmissionActivityRatio,BAU,ECU,PPBIM,,N2O_PP,1,2018,,,,,,3.3867753113466243e-06
EmissionActivityRatio,BAU,ECU,PPBIM,,N2O_PP,1,2019,,,,,,3.3867753113466243e-06
EmissionActivityRatio,BAU,ECU,PPBIM,,N2O_PP,1,2020,,,,,,3.3867753113466243e-06
EmissionActivityRatio,BAU,ECU,PPBIM,,N2O_PP,1,2021,,,,,,3.3867753113466243e-06
EmissionActivityRatio,BAU,ECU,PPBIM,,N2O_PP,1,2022,,,,,,3.3867753113466243e-06
EmissionActivityRatio,BAU,ECU,PPBIM,,N2O_PP,1,2023,,,,,,3.3867753113466243e-06
EmissionActivityRatio,BAU,ECU,PPBIM,,N2O_PP,1,2024,,,,,,3.3867753113466243e-06
EmissionActivityRatio,BAU,ECU,PPBIM,,N2O_PP,1,2025,,,,,,3.3867753113466243e-06
EmissionActivityRatio,BAU,ECU,PPBIM,,N2O_PP,1,2026,,,,,,3.3867753113466243e-06
EmissionActivityRatio,BAU,ECU,PPBIM,,N2O_PP,1,2027,,,,,,3.3867753113466243e-06
EmissionActivityRatio,BAU,ECU,PPBIM,,N2O_PP,1,2028,,,,,,3.3867753113466243e-06
EmissionActivityRatio,BAU,ECU,PPBIM,,N2O_PP,1,2029,,,,,,3.3867753113466243e-06
EmissionActivityRatio,BAU,ECU,PPBIM,,N2O_PP,1,2030,,,,,,3.3867753113466243e-06
EmissionActivityRatio,BAU,ECU,PPBIM,,N2O_PP,1,2031,,,,,,3.3867753113466243e-06
EmissionActivityRatio,BAU,ECU,PPBIM,,N2O_PP,1,2032,,,,,,3.3867753113466243e-06
EmissionActivityRatio,BAU,ECU,PPBIM,,N2O_PP,1,2033,,,,,,3.3867753113466243e-06
EmissionActivityRatio,BAU,ECU,PPBIM,,N2O_PP,1,2034,,,,,,3.3867753113466243e-06
EmissionActivityRatio,BAU,ECU,PPBIM,,N2O_PP,1,2035,,,,,,3.3867753113466243e-06
EmissionActivityRatio,BAU,ECU,PPBGS,,N2O_PP,1,2010,,,,,,3.3867753113466243e-06
EmissionActivityRatio,BAU,ECU,PPBGS,,N2O_PP,1,2011,,,,,,3.3867753113466243e-06
EmissionActivityRatio,BAU,ECU,PPBGS,,N2O_PP,1,2012,,,,,,3.3867753113466243e-06
EmissionActivityRatio,BAU,ECU,PPBGS,,N2O_PP,1,2013,,,,,,3.3867753113466243e-06
EmissionActivityRatio,BAU,ECU,PPBGS,,N2O_PP,1,2014,,,,,,3.3867753113466243e-06
EmissionActivityRatio,BAU,ECU,PPBGS,,N2O_PP,1,2015,,,,,,3.3867753113466243e-06
EmissionActivityRatio,BAU,ECU,PPBGS,,N2O_PP,1,2016,,,,,,3.3867753113466243e-06
EmissionActivityRatio,BAU,ECU,PPBGS,,N2O_PP,1,2017,,,,,,3.3867753113466243e-06
EmissionActivityRatio,BAU,ECU,PPBGS,,N2O_PP,1,2018,,,,,,3.3867753113466243e-06
EmissionActivityRatio,BAU,ECU,PPBGS,,N2O_PP,1,2019,,,,,,3.3867753113466243e-06
EmissionActivityRatio,BAU,ECU,PPBGS,,N2O_PP,1,2020,,,,,,3.3867753113466243e-06
EmissionActivityRatio,BAU,ECU,PPBGS,,N2O_PP,1,2021,,,,,,3.3867753113466243e-06
EmissionActivityRatio,BAU,ECU,PPBGS,,N2O_PP,1,2022,,,,,,3.3867753113466243e-06
EmissionActivityRatio,BAU,ECU,PPBGS,,N2O_PP,1,2023,,,,,,3.3867753113466243e-06
EmissionActivityRatio,BAU,ECU,PPBGS,,N2O_PP,1,2024,,,,,,3.3867753113466243e-06
EmissionActivityRatio,BAU,ECU,PPBGS,,N2O_PP,1,2025,,,,,,3.3867753113466243e-06
EmissionActivityRatio,BAU,ECU,PPBGS,,N2O_PP,1,2026,,,,,,3.3867753113466243e-06
EmissionActivityRatio,BAU,ECU,PPBGS,,N2O_PP,1,2027,,,,,,3.3867753113466243e-06
EmissionActivityRatio,BAU,ECU,PPBGS,,N2O_PP,1,2028,,,,,,3.3867753113466243e-06
EmissionActivityRatio,BAU,ECU,PPBGS,,N2O_PP,1,2029,,,,,,3.3867753113466243e-06
EmissionActivityRatio,BAU,ECU,PPBGS,,N2O_PP,1,2030,,,,,,3.3867753113466243e-06
EmissionActivityRatio,BAU,ECU,PPBGS,,N2O_PP,1,2031,,,,,,3.3867753113466243e-06
EmissionActivityRatio,BAU,ECU,PPBGS,,N2O_PP,1,2032,,,,,,3.3867753113466243e-06
EmissionActivityRatio,BAU,ECU,PPBGS,,N2O_PP,1,2033,,,,,,3.3867753113466243e-06
EmissionActivityRatio,BAU,ECU,PPBGS,,N2O_PP,1,2034,,,,,,3.3867753113466243e-06
EmissionActivityRatio,BAU,ECU,PPBGS,,N2O_PP,1,2035,,,,,,3.3867753113466243e-06
EmissionActivityRatio,BAU,ECU,PPNGS,,N2O_PP,1,2010,,,,,,0.0
EmissionActivityRatio,BAU,ECU,PPNGS,,N2O_PP,1,2011,,,,,,0.0
EmissionActivityRatio,BAU,ECU,PPNGS,,N2O_PP,1,2012,,,,,,0.0
EmissionActivityRatio,BAU,ECU,PPNGS,,N2O_PP,1,2013,,,,,,0.0
EmissionActivityRatio,BAU,ECU,PPNGS,,N2O_PP,1,2014,,,,,,0.0
EmissionActivityRatio,BAU,ECU,PPNGS,,N2O_PP,1,2015,,,,,,0.0
EmissionActivityRatio,BAU,ECU,PPNGS,,N2O_PP,1,2016,,,,,,0.0
EmissionActivityRatio,BAU,ECU,PPNGS,,N2O_PP,1,2017,,,,,,0.0
EmissionActivityRatio,BAU,ECU,PPNGS,,N2O_PP,1,2018,,,,,,0.0
EmissionActivityRatio,BAU,ECU,PPNGS,,N2O_PP,1,2019,,,,,,0.0
EmissionActivityRatio,BAU,ECU,PPNGS,,N2O_PP,1,2020,,,,,,0.0
EmissionActivityRatio,BAU,ECU,PPNGS,,N2O_PP,1,2021,,,,,,0.0
EmissionActivityRatio,BAU,ECU,PPNGS,,N2O_PP,1,2022,,,,,,0.0
EmissionActivityRatio,BAU,ECU,PPNGS,,N2O_PP,1,2023,,,,,,0.0
EmissionActivityRatio,BAU,ECU,PPNGS,,N2O_PP,1,2024,,,,,,0.0
EmissionActivityRatio,BAU,ECU,PPNGS,,N2O_PP,1,2025,,,,,,0.0
EmissionActivityRatio,BAU,ECU,PPNGS,,N2O_PP,1,2026,,,,,,0.0
EmissionActivityRatio,BAU,ECU,PPNGS,,N2O_PP,1,2027,,,,,,0.0
EmissionActivityRatio,BAU,ECU,PPNGS,,N2O_PP,1,2028,,,,,,0.0
EmissionActivityRatio,BAU,ECU,PPNGS,,N2O_PP,1,2029,,,,,,0.0
EmissionActivityRatio,BAU,ECU,PPNGS,,N2O_PP,1,2030,,,,,,0.0
EmissionActivityRatio,BAU,ECU,PPNGS,,N2O_PP,1,2031,,,,,,0.0
EmissionActivityRatio,BAU,ECU,PPNGS,,N2O_PP,1,2032,,,,,,0.0
EmissionActivityRatio,BAU,ECU,PPNGS,,N2O_PP,1,2033,,,,,,0.0
EmissionActivityRatio,BAU,ECU,PPNGS,,N2O_PP,1,2034,,,,,,0.0
EmissionActivityRatio,BAU,ECU,PPNGS,,N2O_PP,1,2035,,,,,,0.0
EmissionActivityRatio,BAU,ECU,PPDSL,,N2O_PP,1,2010,,,,,,0.0
EmissionActivityRatio,BAU,ECU,PPDSL,,N2O_PP,1,2011,,,,,,0.0
EmissionActivityRatio,BAU,ECU,PPDSL,,N2O_PP,1,2012,,,,,,0.0
EmissionActivityRatio,BAU,ECU,PPDSL,,N2O_PP,1,2013,,,,,,0.0
EmissionActivityRatio,BAU,ECU,PPDSL,,N2O_PP,1,2014,,,,,,0.0
EmissionActivityRatio,BAU,ECU,PPDSL,,N2O_PP,1,2015,,,,,,0.0
EmissionActivityRatio,BAU,ECU,PPDSL,,N2O_PP,1,2016,,,,,,0.0
EmissionActivityRatio,BAU,ECU,PPDSL,,N2O_PP,1,2017,,,,,,0.0
EmissionActivityRatio,BAU,ECU,PPDSL,,N2O_PP,1,2018,,,,,,0.0
EmissionActivityRatio,BAU,ECU,PPDSL,,N2O_PP,1,2019,,,,,,0.0
EmissionActivityRatio,BAU,ECU,PPDSL,,N2O_PP,1,2020,,,,,,0.0
EmissionActivityRatio,BAU,ECU,PPDSL,,N2O_PP,1,2021,,,,,,0.0
EmissionActivityRatio,BAU,ECU,PPDSL,,N2O_PP,1,2022,,,,,,0.0
EmissionActivityRatio,BAU,ECU,PPDSL,,N2O_PP,1,2023,,,,,,0.0
EmissionActivityRatio,BAU,ECU,PPDSL,,N2O_PP,1,2024,,,,,,0.0
EmissionActivityRatio,BAU,ECU,PPDSL,,N2O_PP,1,2025,,,,,,0.0
EmissionActivityRatio,BAU,ECU,PPDSL,,N2O_PP,1,2026,,,,,,0.0
EmissionActivityRatio,BAU,ECU,PPDSL,,N2O_PP,1,2027,,,,,,0.0
EmissionActivityRatio,BAU,ECU,PPDSL,,N2O_PP,1,2028,,,,,,0.0
EmissionActivityRatio,BAU,ECU,PPDSL,,N2O_PP,1,2029,,,,,,0.0
EmissionActivityRatio,BAU,ECU,PPDSL,,N2O_PP,1,2030,,,,,,0.0
EmissionActivityRatio,BAU,ECU,PPDSL,,N2O_PP,1,2031,,,,,,0.0
EmissionActivityRatio,BAU,ECU,PPDSL,,N2O_PP,1,2032,,,,,,0.0
EmissionActivityRatio,BAU,ECU,PPDSL,,N2O_PP,1,2033,,,,,,0.0
EmissionActivityRatio,BAU,ECU,PPDSL,,N2O_PP,1,2034,,,,,,0.0
EmissionActivityRatio,BAU,ECU,PPDSL,,N2O_PP,1,2035,,,,,,0.0
EmissionActivityRatio,BAU,ECU,PPFOI,,N2O_PP,1,2010,,,,,,0.0
EmissionActivityRatio,BAU,ECU,PPFOI,,N2O_PP,1,2011,,,,,,0.0
EmissionActivityRatio,BAU,ECU,PPFOI,,N2O_PP,1,2012,,,,,,0.0
EmissionActivityRatio,BAU,ECU,PPFOI,,N2O_PP,1,2013,,,,,,0.0
EmissionActivityRatio,BAU,ECU,PPFOI,,N2O_PP,1,2014,,,,,,0.0
EmissionActivityRatio,BAU,ECU,PPFOI,,N2O_PP,1,2015,,,,,,0.0
EmissionActivityRatio,BAU,ECU,PPFOI,,N2O_PP,1,2016,,,,,,0.0
EmissionActivityRatio,BAU,ECU,PPFOI,,N2O_PP,1,2017,,,,,,0.0
EmissionActivityRatio,BAU,ECU,PPFOI,,N2O_PP,1,2018,,,,,,0.0
EmissionActivityRatio,BAU,ECU,PPFOI,,N2O_PP,1,2019,,,,,,0.0
EmissionActivityRatio,BAU,ECU,PPFOI,,N2O_PP,1,2020,,,,,,0.0
EmissionActivityRatio,BAU,ECU,PPFOI,,N2O_PP,1,2021,,,,,,0.0
EmissionActivityRatio,BAU,ECU,PPFOI,,N2O_PP,1,2022,,,,,,0.0
EmissionActivityRatio,BAU,ECU,PPFOI,,N2O_PP,1,2023,,,,,,0.0
EmissionActivityRatio,BAU,ECU,PPFOI,,N2O_PP,1,2024,,,,,,0.0
EmissionActivityRatio,BAU,ECU,PPFOI,,N2O_PP,1,2025,,,,,,0.0
EmissionActivityRatio,BAU,ECU,PPFOI,,N2O_PP,1,2026,,,,,,0.0
EmissionActivityRatio,BAU,ECU,PPFOI,,N2O_PP,1,2027,,,,,,0.0
EmissionActivityRatio,BAU,ECU,PPFOI,,N2O_PP,1,2028,,,,,,0.0
EmissionActivityRatio,BAU,ECU,PPFOI,,N2O_PP,1,2029,,,,,,0.0
EmissionActivityRatio,BAU,ECU,PPFOI,,N2O_PP,1,2030,,,,,,0.0
EmissionActivityRatio,BAU,ECU,PPFOI,,N2O_PP,1,2031,,,,,,0.0
EmissionActivityRatio,BAU,ECU,PPFOI,,N2O_PP,1,2032,,,,,,0.0
EmissionActivityRatio,BAU,ECU,PPFOI,,N2O_PP,1,2033,,,,,,0.0
EmissionActivityRatio,BAU,ECU,PPFOI,,N2O_PP,1,2034,,,,,,0.0
EmissionActivityRatio,BAU,ECU,PPFOI,,N2O_PP,1,2035,,,,,,0.0
EmissionActivityRatio,BAU,ECU,PPRNGS,,N2O_PP,1,2010,,,,,,0.0
EmissionActivityRatio,BAU,ECU,PPRNGS,,N2O_PP,1,2011,,,,,,0.0
EmissionActivityRatio,BAU,ECU,PPRNGS,,N2O_PP,1,2012,,,,,,0.0
EmissionActivityRatio,BAU,ECU,PPRNGS,,N2O_PP,1,2013,,,,,,0.0
EmissionActivityRatio,BAU,ECU,PPRNGS,,N2O_PP,1,2014,,,,,,0.0
EmissionActivityRatio,BAU,ECU,PPRNGS,,N2O_PP,1,2015,,,,,,0.0
EmissionActivityRatio,BAU,ECU,PPRNGS,,N2O_PP,1,2016,,,,,,0.0
EmissionActivityRatio,BAU,ECU,PPRNGS,,N2O_PP,1,2017,,,,,,0.0
EmissionActivityRatio,BAU,ECU,PPRNGS,,N2O_PP,1,2018,,,,,,0.0
EmissionActivityRatio,BAU,ECU,PPRNGS,,N2O_PP,1,2019,,,,,,0.0
EmissionActivityRatio,BAU,ECU,PPRNGS,,N2O_PP,1,2020,,,,,,0.0
EmissionActivityRatio,BAU,ECU,PPRNGS,,N2O_PP,1,2021,,,,,,0.0
EmissionActivityRatio,BAU,ECU,PPRNGS,,N2O_PP,1,2022,,,,,,0.0
EmissionActivityRatio,BAU,ECU,PPRNGS,,N2O_PP,1,2023,,,,,,0.0
EmissionActivityRatio,BAU,ECU,PPRNGS,,N2O_PP,1,2024,,,,,,0.0
EmissionActivityRatio,BAU,ECU,PPRNGS,,N2O_PP,1,2025,,,,,,0.0
EmissionActivityRatio,BAU,ECU,PPRNGS,,N2O_PP,1,2026,,,,,,0.0
EmissionActivityRatio,BAU,ECU,PPRNGS,,N2O_PP,1,2027,,,,,,0.0
EmissionActivityRatio,BAU,ECU,PPRNGS,,N2O_PP,1,2028,,,,,,0.0
EmissionActivityRatio,BAU,ECU,PPRNGS,,N2O_PP,1,2029,,,,,,0.0
EmissionActivityRatio,BAU,ECU,PPRNGS,,N2O_PP,1,2030,,,,,,0.0
EmissionActivityRatio,BAU,ECU,PPRNGS,,N2O_PP,1,2031,,,,,,0.0
EmissionActivityRatio,BAU,ECU,PPRNGS,,N2O_PP,1,2032,,,,,,0.0
EmissionActivityRatio,BAU,ECU,PPRNGS,,N2O_PP,1,2033,,,,,,0.0
EmissionActivityRatio,BAU,ECU,PPRNGS,,N2O_PP,1,2034,,,,,,0.0
EmissionActivityRatio,BAU,ECU,PPRNGS,,N2O_PP,1,2035,,,,,,0.0
EmissionActivityRatio,BAU,ECU,PPRDSL,,N2O_PP,1,2010,,,,,,0.0
EmissionActivityRatio,BAU,ECU,PPRDSL,,N2O_PP,1,2011,,,,,,0.0
EmissionActivityRatio,BAU,ECU,PPRDSL,,N2O_PP,1,2012,,,,,,0.0
EmissionActivityRatio,BAU,ECU,PPRDSL,,N2O_PP,1,2013,,,,,,0.0
EmissionActivityRatio,BAU,ECU,PPRDSL,,N2O_PP,1,2014,,,,,,0.0
EmissionActivityRatio,BAU,ECU,PPRDSL,,N2O_PP,1,2015,,,,,,0.0
EmissionActivityRatio,BAU,ECU,PPRDSL,,N2O_PP,1,2016,,,,,,0.0
EmissionActivityRatio,BAU,ECU,PPRDSL,,N2O_PP,1,2017,,,,,,0.0
EmissionActivityRatio,BAU,ECU,PPRDSL,,N2O_PP,1,2018,,,,,,0.0
EmissionActivityRatio,BAU,ECU,PPRDSL,,N2O_PP,1,2019,,,,,,0.0
EmissionActivityRatio,BAU,ECU,PPRDSL,,N2O_PP,1,2020,,,,,,0.0
EmissionActivityRatio,BAU,ECU,PPRDSL,,N2O_PP,1,2021,,,,,,0.0
EmissionActivityRatio,BAU,ECU,PPRDSL,,N2O_PP,1,2022,,,,,,0.0
EmissionActivityRatio,BAU,ECU,PPRDSL,,N2O_PP,1,2023,,,,,,0.0
EmissionActivityRatio,BAU,ECU,PPRDSL,,N2O_PP,1,2024,,,,,,0.0
EmissionActivityRatio,BAU,ECU,PPRDSL,,N2O_PP,1,2025,,,,,,0.0
EmissionActivityRatio,BAU,ECU,PPRDSL,,N2O_PP,1,2026,,,,,,0.0
EmissionActivityRatio,BAU,ECU,PPRDSL,,N2O_PP,1,2027,,,,,,0.0
EmissionActivityRatio,BAU,ECU,PPRDSL,,N2O_PP,1,2028,,,,,,0.0
EmissionActivityRatio,BAU,ECU,PPRDSL,,N2O_PP,1,2029,,,,,,0.0
EmissionActivityRatio,BAU,ECU,PPRDSL,,N2O_PP,1,2030,,,,,,0.0
EmissionActivityRatio,BAU,ECU,PPRDSL,,N2O_PP,1,2031,,,,,,0.0
EmissionActivityRatio,BAU,ECU,PPRDSL,,N2O_PP,1,2032,,,,,,0.0
EmissionActivityRatio,BAU,ECU,PPRDSL,,N2O_PP,1,2033,,,,,,0.0
EmissionActivityRatio,BAU,ECU,PPRDSL,,N2O_PP,1,2034,,,,,,0.0
EmissionActivityRatio,BAU,ECU,PPRDSL,,N2O_PP,1,2035,,,,,,0.0
EmissionActivityRatio,BAU,ECU,PPCRU,,N2O_PP,1,2010,,,,,,0.0
EmissionActivityRatio,BAU,ECU,PPCRU,,N2O_PP,1,2011,,,,,,0.0
EmissionActivityRatio,BAU,ECU,PPCRU,,N2O_PP,1,2012,,,,,,0.0
EmissionActivityRatio,BAU,ECU,PPCRU,,N2O_PP,1,2013,,,,,,0.0
EmissionActivityRatio,BAU,ECU,PPCRU,,N2O_PP,1,2014,,,,,,0.0
EmissionActivityRatio,BAU,ECU,PPCRU,,N2O_PP,1,2015,,,,,,0.0
EmissionActivityRatio,BAU,ECU,PPCRU,,N2O_PP,1,2016,,,,,,0.0
EmissionActivityRatio,BAU,ECU,PPCRU,,N2O_PP,1,2017,,,,,,0.0
EmissionActivityRatio,BAU,ECU,PPCRU,,N2O_PP,1,2018,,,,,,0.0
EmissionActivityRatio,BAU,ECU,PPCRU,,N2O_PP,1,2019,,,,,,0.0
EmissionActivityRatio,BAU,ECU,PPCRU,,N2O_PP,1,2020,,,,,,0.0
EmissionActivityRatio,BAU,ECU,PPCRU,,N2O_PP,1,2021,,,,,,0.0
EmissionActivityRatio,BAU,ECU,PPCRU,,N2O_PP,1,2022,,,,,,0.0
EmissionActivityRatio,BAU,ECU,PPCRU,,N2O_PP,1,2023,,,,,,0.0
EmissionActivityRatio,BAU,ECU,PPCRU,,N2O_PP,1,2024,,,,,,0.0
EmissionActivityRatio,BAU,ECU,PPCRU,,N2O_PP,1,2025,,,,,,0.0
EmissionActivityRatio,BAU,ECU,PPCRU,,N2O_PP,1,2026,,,,,,0.0
EmissionActivityRatio,BAU,ECU,PPCRU,,N2O_PP,1,2027,,,,,,0.0
EmissionActivityRatio,BAU,ECU,PPCRU,,N2O_PP,1,2028,,,,,,0.0
EmissionActivityRatio,BAU,ECU,PPCRU,,N2O_PP,1,2029,,,,,,0.0
EmissionActivityRatio,BAU,ECU,PPCRU,,N2O_PP,1,2030,,,,,,0.0
EmissionActivityRatio,BAU,ECU,PPCRU,,N2O_PP,1,2031,,,,,,0.0
EmissionActivityRatio,BAU,ECU,PPCRU,,N2O_PP,1,2032,,,,,,0.0
EmissionActivityRatio,BAU,ECU,PPCRU,,N2O_PP,1,2033,,,,,,0.0
EmissionActivityRatio,BAU,ECU,PPCRU,,N2O_PP,1,2034,,,,,,0.0
EmissionActivityRatio,BAU,ECU,PPCRU,,N2O_PP,1,2035,,,,,,0.0
EmissionActivityRatio,BAU,ECU,PPDFOI,,N2O_PP,1,2010,,,,,,1.64017773912184e-06
EmissionActivityRatio,BAU,ECU,PPDFOI,,N2O_PP,1,2011,,,,,,1.64017773912184e-06
EmissionActivityRatio,BAU,ECU,PPDFOI,,N2O_PP,1,2012,,,,,,1.64017773912184e-06
EmissionActivityRatio,BAU,ECU,PPDFOI,,N2O_PP,1,2013,,,,,,1.64017773912184e-06
EmissionActivityRatio,BAU,ECU,PPDFOI,,N2O_PP,1,2014,,,,,,1.64017773912184e-06
EmissionActivityRatio,BAU,ECU,PPDFOI,,N2O_PP,1,2015,,,,,,1.64017773912184e-06
EmissionActivityRatio,BAU,ECU,PPDFOI,,N2O_PP,1,2016,,,,,,1.64017773912184e-06
EmissionActivityRatio,BAU,ECU,PPDFOI,,N2O_PP,1,2017,,,,,,1.64017773912184e-06
EmissionActivityRatio,BAU,ECU,PPDFOI,,N2O_PP,1,2018,,,,,,1.64017773912184e-06
EmissionActivityRatio,BAU,ECU,PPDFOI,,N2O_PP,1,2019,,,,,,1.64017773912184e-06
EmissionActivityRatio,BAU,ECU,PPDFOI,,N2O_PP,1,2020,,,,,,1.64017773912184e-06
EmissionActivityRatio,BAU,ECU,PPDFOI,,N2O_PP,1,2021,,,,,,1.64017773912184e-06
EmissionActivityRatio,BAU,ECU,PPDFOI,,N2O_PP,1,2022,,,,,,1.64017773912184e-06
EmissionActivityRatio,BAU,ECU,PPDFOI,,N2O_PP,1,2023,,,,,,1.64017773912184e-06
EmissionActivityRatio,BAU,ECU,PPDFOI,,N2O_PP,1,2024,,,,,,1.64017773912184e-06
EmissionActivityRatio,BAU,ECU,PPDFOI,,N2O_PP,1,2025,,,,,,1.64017773912184e-06
EmissionActivityRatio,BAU,ECU,PPDFOI,,N2O_PP,1,2026,,,,,,1.64017773912184e-06
EmissionActivityRatio,BAU,ECU,PPDFOI,,N2O_PP,1,2027,,,,,,1.64017773912184e-06
EmissionActivityRatio,BAU,ECU,PPDFOI,,N2O_PP,1,2028,,,,,,1.64017773912184e-06
EmissionActivityRatio,BAU,ECU,PPDFOI,,N2O_PP,1,2029,,,,,,1.64017773912184e-06
EmissionActivityRatio,BAU,ECU,PPDFOI,,N2O_PP,1,2030,,,,,,1.64017773912184e-06
EmissionActivityRatio,BAU,ECU,PPDFOI,,N2O_PP,1,2031,,,,,,1.64017773912184e-06
EmissionActivityRatio,BAU,ECU,PPDFOI,,N2O_PP,1,2032,,,,,,1.64017773912184e-06
EmissionActivityRatio,BAU,ECU,PPDFOI,,N2O_PP,1,2033,,,,,,1.64017773912184e-06
EmissionActivityRatio,BAU,ECU,PPDFOI,,N2O_PP,1,2034,,,,,,1.64017773912184e-06
EmissionActivityRatio,BAU,ECU,PPDFOI,,N2O_PP,1,2035,,,,,,1.64017773912184e-06
EmissionActivityRatio,BAU,ECU,PPDDSL,,N2O_PP,1,2010,,,,,,1.6685800196255885e-06
EmissionActivityRatio,BAU,ECU,PPDDSL,,N2O_PP,1,2011,,,,,,1.6685800196255885e-06
EmissionActivityRatio,BAU,ECU,PPDDSL,,N2O_PP,1,2012,,,,,,1.6685800196255885e-06
EmissionActivityRatio,BAU,ECU,PPDDSL,,N2O_PP,1,2013,,,,,,1.6685800196255885e-06
EmissionActivityRatio,BAU,ECU,PPDDSL,,N2O_PP,1,2014,,,,,,1.6685800196255885e-06
EmissionActivityRatio,BAU,ECU,PPDDSL,,N2O_PP,1,2015,,,,,,1.6685800196255885e-06
EmissionActivityRatio,BAU,ECU,PPDDSL,,N2O_PP,1,2016,,,,,,1.6685800196255885e-06
EmissionActivityRatio,BAU,ECU,PPDDSL,,N2O_PP,1,2017,,,,,,1.6685800196255885e-06
EmissionActivityRatio,BAU,ECU,PPDDSL,,N2O_PP,1,2018,,,,,,1.6685800196255885e-06
EmissionActivityRatio,BAU,ECU,PPDDSL,,N2O_PP,1,2019,,,,,,1.6685800196255885e-06
EmissionActivityRatio,BAU,ECU,PPDDSL,,N2O_PP,1,2020,,,,,,1.6685800196255885e-06
EmissionActivityRatio,BAU,ECU,PPDDSL,,N2O_PP,1,2021,,,,,,1.6685800196255885e-06
EmissionActivityRatio,BAU,ECU,PPDDSL,,N2O_PP,1,2022,,,,,,1.6685800196255885e-06
EmissionActivityRatio,BAU,ECU,PPDDSL,,N2O_PP,1,2023,,,,,,1.6685800196255885e-06
EmissionActivityRatio,BAU,ECU,PPDDSL,,N2O_PP,1,2024,,,,,,1.6685800196255885e-06
EmissionActivityRatio,BAU,ECU,PPDDSL,,N2O_PP,1,2025,,,,,,1.6685800196255885e-06
EmissionActivityRatio,BAU,ECU,PPDDSL,,N2O_PP,1,2026,,,,,,1.6685800196255885e-06
EmissionActivityRatio,BAU,ECU,PPDDSL,,N2O_PP,1,2027,,,,,,1.6685800196255885e-06
EmissionActivityRatio,BAU,ECU,PPDDSL,,N2O_PP,1,2028,,,,,,1.6685800196255885e-06
EmissionActivityRatio,BAU,ECU,PPDDSL,,N2O_PP,1,2029,,,,,,1.6685800196255885e-06
EmissionActivityRatio,BAU,ECU,PPDDSL,,N2O_PP,1,2030,,,,,,1.6685800196255885e-06
EmissionActivityRatio,BAU,ECU,PPDDSL,,N2O_PP,1,2031,,,,,,1.6685800196255885e-06
EmissionActivityRatio,BAU,ECU,PPDDSL,,N2O_PP,1,2032,,,,,,1.6685800196255885e-06
EmissionActivityRatio,BAU,ECU,PPDDSL,,N2O_PP,1,2033,,,,,,1.6685800196255885e-06
EmissionActivityRatio,BAU,ECU,PPDDSL,,N2O_PP,1,2034,,,,,,1.6685800196255885e-06
EmissionActivityRatio,BAU,ECU,PPDDSL,,N2O_PP,1,2035,,,,,,1.6685800196255885e-06
EmissionActivityRatio,BAU,ECU,PPILPG,,N2O_PP,1,2010,,,,,,4.2687821433252195e-07
EmissionActivityRatio,BAU,ECU,PPILPG,,N2O_PP,1,2011,,,,,,4.2687821433252195e-07
EmissionActivityRatio,BAU,ECU,PPILPG,,N2O_PP,1,2012,,,,,,4.2687821433252195e-07
EmissionActivityRatio,BAU,ECU,PPILPG,,N2O_PP,1,2013,,,,,,4.2687821433252195e-07
EmissionActivityRatio,BAU,ECU,PPILPG,,N2O_PP,1,2014,,,,,,4.2687821433252195e-07
EmissionActivityRatio,BAU,ECU,PPILPG,,N2O_PP,1,2015,,,,,,4.2687821433252195e-07
EmissionActivityRatio,BAU,ECU,PPILPG,,N2O_PP,1,2016,,,,,,4.2687821433252195e-07
EmissionActivityRatio,BAU,ECU,PPILPG,,N2O_PP,1,2017,,,,,,4.2687821433252195e-07
EmissionActivityRatio,BAU,ECU,PPILPG,,N2O_PP,1,2018,,,,,,4.2687821433252195e-07
EmissionActivityRatio,BAU,ECU,PPILPG,,N2O_PP,1,2019,,,,,,4.2687821433252195e-07
EmissionActivityRatio,BAU,ECU,PPILPG,,N2O_PP,1,2020,,,,,,4.2687821433252195e-07
EmissionActivityRatio,BAU,ECU,PPILPG,,N2O_PP,1,2021,,,,,,4.2687821433252195e-07
EmissionActivityRatio,BAU,ECU,PPILPG,,N2O_PP,1,2022,,,,,,4.2687821433252195e-07
EmissionActivityRatio,BAU,ECU,PPILPG,,N2O_PP,1,2023,,,,,,4.2687821433252195e-07
EmissionActivityRatio,BAU,ECU,PPILPG,,N2O_PP,1,2024,,,,,,4.2687821433252195e-07
EmissionActivityRatio,BAU,ECU,PPILPG,,N2O_PP,1,2025,,,,,,4.2687821433252195e-07
EmissionActivityRatio,BAU,ECU,PPILPG,,N2O_PP,1,2026,,,,,,4.2687821433252195e-07
EmissionActivityRatio,BAU,ECU,PPILPG,,N2O_PP,1,2027,,,,,,4.2687821433252195e-07
EmissionActivityRatio,BAU,ECU,PPILPG,,N2O_PP,1,2028,,,,,,4.2687821433252195e-07
EmissionActivityRatio,BAU,ECU,PPILPG,,N2O_PP,1,2029,,,,,,4.2687821433252195e-07
EmissionActivityRatio,BAU,ECU,PPILPG,,N2O_PP,1,2030,,,,,,4.2687821433252195e-07
EmissionActivityRatio,BAU,ECU,PPILPG,,N2O_PP,1,2031,,,,,,4.2687821433252195e-07
EmissionActivityRatio,BAU,ECU,PPILPG,,N2O_PP,1,2032,,,,,,4.2687821433252195e-07
EmissionActivityRatio,BAU,ECU,PPILPG,,N2O_PP,1,2033,,,,,,4.2687821433252195e-07
EmissionActivityRatio,BAU,ECU,PPILPG,,N2O_PP,1,2034,,,,,,4.2687821433252195e-07
EmissionActivityRatio,BAU,ECU,PPILPG,,N2O_PP,1,2035,,,,,,4.2687821433252195e-07
EmissionActivityRatio,BAU,ECU,PPIBIM,,N2O_PP,1,2010,,,,,,3.3867753113466243e-06
EmissionActivityRatio,BAU,ECU,PPIBIM,,N2O_PP,1,2011,,,,,,3.3867753113466243e-06
EmissionActivityRatio,BAU,ECU,PPIBIM,,N2O_PP,1,2012,,,,,,3.3867753113466243e-06
EmissionActivityRatio,BAU,ECU,PPIBIM,,N2O_PP,1,2013,,,,,,3.3867753113466243e-06
EmissionActivityRatio,BAU,ECU,PPIBIM,,N2O_PP,1,2014,,,,,,3.3867753113466243e-06
EmissionActivityRatio,BAU,ECU,PPIBIM,,N2O_PP,1,2015,,,,,,3.3867753113466243e-06
EmissionActivityRatio,BAU,ECU,PPIBIM,,N2O_PP,1,2016,,,,,,3.3867753113466243e-06
EmissionActivityRatio,BAU,ECU,PPIBIM,,N2O_PP,1,2017,,,,,,3.3867753113466243e-06
EmissionActivityRatio,BAU,ECU,PPIBIM,,N2O_PP,1,2018,,,,,,3.3867753113466243e-06
EmissionActivityRatio,BAU,ECU,PPIBIM,,N2O_PP,1,2019,,,,,,3.3867753113466243e-06
EmissionActivityRatio,BAU,ECU,PPIBIM,,N2O_PP,1,2020,,,,,,3.3867753113466243e-06
EmissionActivityRatio,BAU,ECU,PPIBIM,,N2O_PP,1,2021,,,,,,3.3867753113466243e-06
EmissionActivityRatio,BAU,ECU,PPIBIM,,N2O_PP,1,2022,,,,,,3.3867753113466243e-06
EmissionActivityRatio,BAU,ECU,PPIBIM,,N2O_PP,1,2023,,,,,,3.3867753113466243e-06
EmissionActivityRatio,BAU,ECU,PPIBIM,,N2O_PP,1,2024,,,,,,3.3867753113466243e-06
EmissionActivityRatio,BAU,ECU,PPIBIM,,N2O_PP,1,2025,,,,,,3.3867753113466243e-06
EmissionActivityRatio,BAU,ECU,PPIBIM,,N2O_PP,1,2026,,,,,,3.3867753113466243e-06
EmissionActivityRatio,BAU,ECU,PPIBIM,,N2O_PP,1,2027,,,,,,3.3867753113466243e-06
EmissionActivityRatio,BAU,ECU,PPIBIM,,N2O_PP,1,2028,,,,,,3.3867753113466243e-06
EmissionActivityRatio,BAU,ECU,PPIBIM,,N2O_PP,1,2029,,,,,,3.3867753113466243e-06
EmissionActivityRatio,BAU,ECU,PPIBIM,,N2O_PP,1,2030,,,,,,3.3867753113466243e-06
EmissionActivityRatio,BAU,ECU,PPIBIM,,N2O_PP,1,2031,,,,,,3.3867753113466243e-06
EmissionActivityRatio,BAU,ECU,PPIBIM,,N2O_PP,1,2032,,,,,,3.3867753113466243e-06
EmissionActivityRatio,BAU,ECU,PPIBIM,,N2O_PP,1,2033,,,,,,3.3867753113466243e-06
EmissionActivityRatio,BAU,ECU,PPIBIM,,N2O_PP,1,2034,,,,,,3.3867753113466243e-06
EmissionActivityRatio,BAU,ECU,PPIBIM,,N2O_PP,1,2035,,,,,,3.3867753113466243e-06
EmissionActivityRatio,BAU,ECU,PROCRU,,CO2e_REF,1,2010,,,,,,0.0041
EmissionActivityRatio,BAU,ECU,PROCRU,,CO2e_REF,1,2011,,,,,,0.0043
EmissionActivityRatio,BAU,ECU,PROCRU,,CO2e_REF,1,2012,,,,,,0.0043
EmissionActivityRatio,BAU,ECU,PROCRU,,CO2e_REF,1,2013,,,,,,0.0047
EmissionActivityRatio,BAU,ECU,PROCRU,,CO2e_REF,1,2014,,,,,,0.0051
EmissionActivityRatio,BAU,ECU,PROCRU,,CO2e_REF,1,2015,,,,,,0.0051
EmissionActivityRatio,BAU,ECU,PROCRU,,CO2e_REF,1,2016,,,,,,0.004
EmissionActivityRatio,BAU,ECU,PROCRU,,CO2e_REF,1,2017,,,,,,0.0038
EmissionActivityRatio,BAU,ECU,PROCRU,,CO2e_REF,1,2018,,,,,,0.0036
EmissionActivityRatio,BAU,ECU,PROCRU,,CO2e_REF,1,2019,,,,,,0.0036
EmissionActivityRatio,BAU,ECU,PROCRU,,CO2e_REF,1,2020,,,,,,0.0036
EmissionActivityRatio,BAU,ECU,PROCRU,,CO2e_REF,1,2021,,,,,,0.0036
EmissionActivityRatio,BAU,ECU,PROCRU,,CO2e_REF,1,2022,,,,,,0.0036
EmissionActivityRatio,BAU,ECU,PROCRU,,CO2e_REF,1,2023,,,,,,0.0036
EmissionActivityRatio,BAU,ECU,PROCRU,,CO2e_REF,1,2024,,,,,,0.0036
EmissionActivityRatio,BAU,ECU,PROCRU,,CO2e_REF,1,2025,,,,,,0.0036
EmissionActivityRatio,BAU,ECU,PROCRU,,CO2e_REF,1,2026,,,,,,0.0036
EmissionActivityRatio,BAU,ECU,PROCRU,,CO2e_REF,1,2027,,,,,,0.0036
EmissionActivityRatio,BAU,ECU,PROCRU,,CO2e_REF,1,2028,,,,,,0.0036
EmissionActivityRatio,BAU,ECU,PROCRU,,CO2e_REF,1,2029,,,,,,0.0036
EmissionActivityRatio,BAU,ECU,PROCRU,,CO2e_REF,1,2030,,,,,,0.0036
EmissionActivityRatio,BAU,ECU,PROCRU,,CO2e_REF,1,2031,,,,,,0.0036
EmissionActivityRatio,BAU,ECU,PROCRU,,CO2e_REF,1,2032,,,,,,0.0036
EmissionActivityRatio,BAU,ECU,PROCRU,,CO2e_REF,1,2033,,,,,,0.0036
EmissionActivityRatio,BAU,ECU,PROCRU,,CO2e_REF,1,2034,,,,,,0.0036
EmissionActivityRatio,BAU,ECU,PROCRU,,CO2e_REF,1,2035,,,,,,0.0036
EmissionActivityRatio,BAU,ECU,PROCRU,,CO2_REF,1,2010,,,,,,0.0043
EmissionActivityRatio,BAU,ECU,PROCRU,,CO2_REF,1,2011,,,,,,0.0045
EmissionActivityRatio,BAU,ECU,PROCRU,,CO2_REF,1,2012,,,,,,0.0045
EmissionActivityRatio,BAU,ECU,PROCRU,,CO2_REF,1,2013,,,,,,0.0049
EmissionActivityRatio,BAU,ECU,PROCRU,,CO2_REF,1,2014,,,,,,0.0053
EmissionActivityRatio,BAU,ECU,PROCRU,,CO2_REF,1,2015,,,,,,0.0053
EmissionActivityRatio,BAU,ECU,PROCRU,,CO2_REF,1,2016,,,,,,0.0041
EmissionActivityRatio,BAU,ECU,PROCRU,,CO2_REF,1,2017,,,,,,0.0039
EmissionActivityRatio,BAU,ECU,PROCRU,,CO2_REF,1,2018,,,,,,0.0038
EmissionActivityRatio,BAU,ECU,PROCRU,,CO2_REF,1,2019,,,,,,0.0038
EmissionActivityRatio,BAU,ECU,PROCRU,,CO2_REF,1,2020,,,,,,0.0038
EmissionActivityRatio,BAU,ECU,PROCRU,,CO2_REF,1,2021,,,,,,0.0038
EmissionActivityRatio,BAU,ECU,PROCRU,,CO2_REF,1,2022,,,,,,0.0038
EmissionActivityRatio,BAU,ECU,PROCRU,,CO2_REF,1,2023,,,,,,0.0038
EmissionActivityRatio,BAU,ECU,PROCRU,,CO2_REF,1,2024,,,,,,0.0038
EmissionActivityRatio,BAU,ECU,PROCRU,,CO2_REF,1,2025,,,,,,0.0038
EmissionActivityRatio,BAU,ECU,PROCRU,,CO2_REF,1,2026,,,,,,0.0038
EmissionActivityRatio,BAU,ECU,PROCRU,,CO2_REF,1,2027,,,,,,0.0038
EmissionActivityRatio,BAU,ECU,PROCRU,,CO2_REF,1,2028,,,,,,0.0038
EmissionActivityRatio,BAU,ECU,PROCRU,,CO2_REF,1,2029,,,,,,0.0038
EmissionActivityRatio,BAU,ECU,PROCRU,,CO2_REF,1,2030,,,,,,0.0038
EmissionActivityRatio,BAU,ECU,PROCRU,,CO2_REF,1,2031,,,,,,0.0038
EmissionActivityRatio,BAU,ECU,PROCRU,,CO2_REF,1,2032,,,,,,0.0038
EmissionActivityRatio,BAU,ECU,PROCRU,,CO2_REF,1,2033,,,,,,0.0038
EmissionActivityRatio,BAU,ECU,PROCRU,,CO2_REF,1,2034,,,,,,0.0038
EmissionActivityRatio,BAU,ECU,PROCRU,,CO2_REF,1,2035,,,,,,0.0038
EmissionActivityRatio,BAU,ECU,PROCRU,,CH4_REF,1,2010,,,,,,0.0
EmissionActivityRatio,BAU,ECU,PROCRU,,CH4_REF,1,2011,,,,,,0.0
EmissionActivityRatio,BAU,ECU,PROCRU,,CH4_REF,1,2012,,,,,,0.0
EmissionActivityRatio,BAU,ECU,PROCRU,,CH4_REF,1,2013,,,,,,0.0
EmissionActivityRatio,BAU,ECU,PROCRU,,CH4_REF,1,2014,,,,,,0.0
EmissionActivityRatio,BAU,ECU,PROCRU,,CH4_REF,1,2015,,,,,,0.0
EmissionActivityRatio,BAU,ECU,PROCRU,,CH4_REF,1,2016,,,,,,0.0
EmissionActivityRatio,BAU,ECU,PROCRU,,CH4_REF,1,2017,,,,,,0.0
EmissionActivityRatio,BAU,ECU,PROCRU,,CH4_REF,1,2018,,,,,,0.0
EmissionActivityRatio,BAU,ECU,PROCRU,,CH4_REF,1,2019,,,,,,0.0
EmissionActivityRatio,BAU,ECU,PROCRU,,CH4_REF,1,2020,,,,,,0.0
EmissionActivityRatio,BAU,ECU,PROCRU,,CH4_REF,1,2021,,,,,,0.0
EmissionActivityRatio,BAU,ECU,PROCRU,,CH4_REF,1,2022,,,,,,0.0
EmissionActivityRatio,BAU,ECU,PROCRU,,CH4_REF,1,2023,,,,,,0.0
EmissionActivityRatio,BAU,ECU,PROCRU,,CH4_REF,1,2024,,,,,,0.0
EmissionActivityRatio,BAU,ECU,PROCRU,,CH4_REF,1,2025,,,,,,0.0
EmissionActivityRatio,BAU,ECU,PROCRU,,CH4_REF,1,2026,,,,,,0.0
EmissionActivityRatio,BAU,ECU,PROCRU,,CH4_REF,1,2027,,,,,,0.0
EmissionActivityRatio,BAU,ECU,PROCRU,,CH4_REF,1,2028,,,,,,0.0
EmissionActivityRatio,BAU,ECU,PROCRU,,CH4_REF,1,2029,,,,,,0.0
EmissionActivityRatio,BAU,ECU,PROCRU,,CH4_REF,1,2030,,,,,,0.0
EmissionActivityRatio,BAU,ECU,PROCRU,,CH4_REF,1,2031,,,,,,0.0
EmissionActivityRatio,BAU,ECU,PROCRU,,CH4_REF,1,2032,,,,,,0.0
EmissionActivityRatio,BAU,ECU,PROCRU,,CH4_REF,1,2033,,,,,,0.0
EmissionActivityRatio,BAU,ECU,PROCRU,,CH4_REF,1,2034,,,,,,0.0
EmissionActivityRatio,BAU,ECU,PROCRU,,CH4_REF,1,2035,,,,,,0.0
EmissionActivityRatio,BAU,ECU,PROCRU,,N2O_REF,1,2010,,,,,,0.0
EmissionActivityRatio,BAU,ECU,PROCRU,,N2O_REF,1,2011,,,,,,0.0
EmissionActivityRatio,BAU,ECU,PROCRU,,N2O_REF,1,2012,,,,,,0.0
EmissionActivityRatio,BAU,ECU,PROCRU,,N2O_REF,1,2013,,,,,,0.0
EmissionActivityRatio,BAU,ECU,PROCRU,,N2O_REF,1,2014,,,,,,0.0
EmissionActivityRatio,BAU,ECU,PROCRU,,N2O_REF,1,2015,,,,,,0.0
EmissionActivityRatio,BAU,ECU,PROCRU,,N2O_REF,1,2016,,,,,,0.0
EmissionActivityRatio,BAU,ECU,PROCRU,,N2O_REF,1,2017,,,,,,0.0
EmissionActivityRatio,BAU,ECU,PROCRU,,N2O_REF,1,2018,,,,,,0.0
EmissionActivityRatio,BAU,ECU,PROCRU,,N2O_REF,1,2019,,,,,,0.0
EmissionActivityRatio,BAU,ECU,PROCRU,,N2O_REF,1,2020,,,,,,0.0
EmissionActivityRatio,BAU,ECU,PROCRU,,N2O_REF,1,2021,,,,,,0.0
EmissionActivityRatio,BAU,ECU,PROCRU,,N2O_REF,1,2022,,,,,,0.0
EmissionActivityRatio,BAU,ECU,PROCRU,,N2O_REF,1,2023,,,,,,0.0
EmissionActivityRatio,BAU,ECU,PROCRU,,N2O_REF,1,2024,,,,,,0.0
EmissionActivityRatio,BAU,ECU,PROCRU,,N2O_REF,1,2025,,,,,,0.0
EmissionActivityRatio,BAU,ECU,PROCRU,,N2O_REF,1,2026,,,,,,0.0
EmissionActivityRatio,BAU,ECU,PROCRU,,N2O_REF,1,2027,,,,,,0.0
EmissionActivityRatio,BAU,ECU,PROCRU,,N2O_REF,1,2028,,,,,,0.0
EmissionActivityRatio,BAU,ECU,PROCRU,,N2O_REF,1,2029,,,,,,0.0
EmissionActivityRatio,BAU,ECU,PROCRU,,N2O_REF,1,2030,,,,,,0.0
EmissionActivityRatio,BAU,ECU,PROCRU,,N2O_REF,1,2031,,,,,,0.0
EmissionActivityRatio,BAU,ECU,PROCRU,,N2O_REF,1,2032,,,,,,0.0
EmissionActivityRatio,BAU,ECU,PROCRU,,N2O_REF,1,2033,,,,,,0.0
EmissionActivityRatio,BAU,ECU,PROCRU,,N2O_REF,1,2034,,,,,,0.0
EmissionActivityRatio,BAU,ECU,PROCRU,,N2O_REF,1,2035,,,,,,0.0
EmissionActivityRatio,BAU,ECU,EXTT_CRU,,CO2e_FUG,1,2010,,,,,,0.00340717185517873
EmissionActivityRatio,BAU,ECU,EXTT_CRU,,CO2e_FUG,1,2011,,,,,,0.00340717185517873
EmissionActivityRatio,BAU,ECU,EXTT_CRU,,CO2e_FUG,1,2012,,,,,,0.00340717185517873
EmissionActivityRatio,BAU,ECU,EXTT_CRU,,CO2e_FUG,1,2013,,,,,,0.00340717185517873
EmissionActivityRatio,BAU,ECU,EXTT_CRU,,CO2e_FUG,1,2014,,,,,,0.00340717185517873
EmissionActivityRatio,BAU,ECU,EXTT_CRU,,CO2e_FUG,1,2015,,,,,,0.00340717185517873
EmissionActivityRatio,BAU,ECU,EXTT_CRU,,CO2e_FUG,1,2016,,,,,,0.00340717185517873
EmissionActivityRatio,BAU,ECU,EXTT_CRU,,CO2e_FUG,1,2017,,,,,,0.00340717185517873
EmissionActivityRatio,BAU,ECU,EXTT_CRU,,CO2e_FUG,1,2018,,,,,,0.00340717185517873
EmissionActivityRatio,BAU,ECU,EXTT_CRU,,CO2e_FUG,1,2019,,,,,,0.00340717185517873
EmissionActivityRatio,BAU,ECU,EXTT_CRU,,CO2e_FUG,1,2020,,,,,,0.00340717185517873
EmissionActivityRatio,BAU,ECU,EXTT_CRU,,CO2e_FUG,1,2021,,,,,,0.00340717185517873
EmissionActivityRatio,BAU,ECU,EXTT_CRU,,CO2e_FUG,1,2022,,,,,,0.00340717185517873
EmissionActivityRatio,BAU,ECU,EXTT_CRU,,CO2e_FUG,1,2023,,,,,,0.00340717185517873
EmissionActivityRatio,BAU,ECU,EXTT_CRU,,CO2e_FUG,1,2024,,,,,,0.00340717185517873
EmissionActivityRatio,BAU,ECU,EXTT_CRU,,CO2e_FUG,1,2025,,,,,,0.00340717185517873
EmissionActivityRatio,BAU,ECU,EXTT_CRU,,CO2e_FUG,1,2026,,,,,,0.00340717185517873
EmissionActivityRatio,BAU,ECU,EXTT_CRU,,CO2e_FUG,1,2027,,,,,,0.00340717185517873
EmissionActivityRatio,BAU,ECU,EXTT_CRU,,CO2e_FUG,1,2028,,,,,,0.00340717185517873
EmissionActivityRatio,BAU,ECU,EXTT_CRU,,CO2e_FUG,1,2029,,,,,,0.00340717185517873
EmissionActivityRatio,BAU,ECU,EXTT_CRU,,CO2e_FUG,1,2030,,,,,,0.00340717185517873
EmissionActivityRatio,BAU,ECU,EXTT_CRU,,CO2e_FUG,1,2031,,,,,,0.00340717185517873
EmissionActivityRatio,BAU,ECU,EXTT_CRU,,CO2e_FUG,1,2032,,,,,,0.00340717185517873
EmissionActivityRatio,BAU,ECU,EXTT_CRU,,CO2e_FUG,1,2033,,,,,,0.00340717185517873
EmissionActivityRatio,BAU,ECU,EXTT_CRU,,CO2e_FUG,1,2034,,,,,,0.00340717185517873
EmissionActivityRatio,BAU,ECU,EXTT_CRU,,CO2e_FUG,1,2035,,,,,,0.00340717185517873
EmissionActivityRatio,BAU,ECU,EXTT_NGS,,CO2e_FUG,1,2010,,,,,,0.000945371
EmissionActivityRatio,BAU,ECU,EXTT_NGS,,CO2e_FUG,1,2011,,,,,,0.000945371
EmissionActivityRatio,BAU,ECU,EXTT_NGS,,CO2e_FUG,1,2012,,,,,,0.000945371
EmissionActivityRatio,BAU,ECU,EXTT_NGS,,CO2e_FUG,1,2013,,,,,,0.000945371
EmissionActivityRatio,BAU,ECU,EXTT_NGS,,CO2e_FUG,1,2014,,,,,,0.000945371
EmissionActivityRatio,BAU,ECU,EXTT_NGS,,CO2e_FUG,1,2015,,,,,,0.000945371
EmissionActivityRatio,BAU,ECU,EXTT_NGS,,CO2e_FUG,1,2016,,,,,,0.000945371
EmissionActivityRatio,BAU,ECU,EXTT_NGS,,CO2e_FUG,1,2017,,,,,,0.000945371
EmissionActivityRatio,BAU,ECU,EXTT_NGS,,CO2e_FUG,1,2018,,,,,,0.000945371
EmissionActivityRatio,BAU,ECU,EXTT_NGS,,CO2e_FUG,1,2019,,,,,,0.000945371
EmissionActivityRatio,BAU,ECU,EXTT_NGS,,CO2e_FUG,1,2020,,,,,,0.000945371
EmissionActivityRatio,BAU,ECU,EXTT_NGS,,CO2e_FUG,1,2021,,,,,,0.000945371
EmissionActivityRatio,BAU,ECU,EXTT_NGS,,CO2e_FUG,1,2022,,,,,,0.000945371
EmissionActivityRatio,BAU,ECU,EXTT_NGS,,CO2e_FUG,1,2023,,,,,,0.000945371
EmissionActivityRatio,BAU,ECU,EXTT_NGS,,CO2e_FUG,1,2024,,,,,,0.000945371
EmissionActivityRatio,BAU,ECU,EXTT_NGS,,CO2e_FUG,1,2025,,,,,,0.000945371
EmissionActivityRatio,BAU,ECU,EXTT_NGS,,CO2e_FUG,1,2026,,,,,,0.000945371
EmissionActivityRatio,BAU,ECU,EXTT_NGS,,CO2e_FUG,1,2027,,,,,,0.000945371
EmissionActivityRatio,BAU,ECU,EXTT_NGS,,CO2e_FUG,1,2028,,,,,,0.000945371
EmissionActivityRatio,BAU,ECU,EXTT_NGS,,CO2e_FUG,1,2029,,,,,,0.000945371
EmissionActivityRatio,BAU,ECU,EXTT_NGS,,CO2e_FUG,1,2030,,,,,,0.000945371
EmissionActivityRatio,BAU,ECU,EXTT_NGS,,CO2e_FUG,1,2031,,,,,,0.000945371
EmissionActivityRatio,BAU,ECU,EXTT_NGS,,CO2e_FUG,1,2032,,,,,,0.000945371
EmissionActivityRatio,BAU,ECU,EXTT_NGS,,CO2e_FUG,1,2033,,,,,,0.000945371
EmissionActivityRatio,BAU,ECU,EXTT_NGS,,CO2e_FUG,1,2034,,,,,,0.000945371
EmissionActivityRatio,BAU,ECU,EXTT_NGS,,CO2e_FUG,1,2035,,,,,,0.000945371
EmissionActivityRatio,BAU,ECU,EXTT_CRU,,CO2_FUG,1,2010,,,,,,0.0013890902175121669
EmissionActivityRatio,BAU,ECU,EXTT_CRU,,CO2_FUG,1,2011,,,,,,0.0013890902175121669
EmissionActivityRatio,BAU,ECU,EXTT_CRU,,CO2_FUG,1,2012,,,,,,0.0013890902175121669
EmissionActivityRatio,BAU,ECU,EXTT_CRU,,CO2_FUG,1,2013,,,,,,0.0013890902175121669
EmissionActivityRatio,BAU,ECU,EXTT_CRU,,CO2_FUG,1,2014,,,,,,0.0013890902175121669
EmissionActivityRatio,BAU,ECU,EXTT_CRU,,CO2_FUG,1,2015,,,,,,0.0013890902175121669
EmissionActivityRatio,BAU,ECU,EXTT_CRU,,CO2_FUG,1,2016,,,,,,0.0013890902175121669
EmissionActivityRatio,BAU,ECU,EXTT_CRU,,CO2_FUG,1,2017,,,,,,0.0013890902175121669
EmissionActivityRatio,BAU,ECU,EXTT_CRU,,CO2_FUG,1,2018,,,,,,0.0013890902175121669
EmissionActivityRatio,BAU,ECU,EXTT_CRU,,CO2_FUG,1,2019,,,,,,0.0013890902175121669
EmissionActivityRatio,BAU,ECU,EXTT_CRU,,CO2_FUG,1,2020,,,,,,0.0013890902175121669
EmissionActivityRatio,BAU,ECU,EXTT_CRU,,CO2_FUG,1,2021,,,,,,0.0013890902175121669
EmissionActivityRatio,BAU,ECU,EXTT_CRU,,CO2_FUG,1,2022,,,,,,0.0013890902175121669
EmissionActivityRatio,BAU,ECU,EXTT_CRU,,CO2_FUG,1,2023,,,,,,0.0013890902175121669
EmissionActivityRatio,BAU,ECU,EXTT_CRU,,CO2_FUG,1,2024,,,,,,0.0013890902175121669
EmissionActivityRatio,BAU,ECU,EXTT_CRU,,CO2_FUG,1,2025,,,,,,0.0013890902175121669
EmissionActivityRatio,BAU,ECU,EXTT_CRU,,CO2_FUG,1,2026,,,,,,0.0013890902175121669
EmissionActivityRatio,BAU,ECU,EXTT_CRU,,CO2_FUG,1,2027,,,,,,0.0013890902175121669
EmissionActivityRatio,BAU,ECU,EXTT_CRU,,CO2_FUG,1,2028,,,,,,0.0013890902175121669
EmissionActivityRatio,BAU,ECU,EXTT_CRU,,CO2_FUG,1,2029,,,,,,0.0013890902175121669
EmissionActivityRatio,BAU,ECU,EXTT_CRU,,CO2_FUG,1,2030,,,,,,0.0013890902175121669
EmissionActivityRatio,BAU,ECU,EXTT_CRU,,CO2_FUG,1,2031,,,,,,0.0013890902175121669
EmissionActivityRatio,BAU,ECU,EXTT_CRU,,CO2_FUG,1,2032,,,,,,0.0013890902175121669
EmissionActivityRatio,BAU,ECU,EXTT_CRU,,CO2_FUG,1,2033,,,,,,0.0013890902175121669
EmissionActivityRatio,BAU,ECU,EXTT_CRU,,CO2_FUG,1,2034,,,,,,0.0013890902175121669
EmissionActivityRatio,BAU,ECU,EXTT_CRU,,CO2_FUG,1,2035,,,,,,0.0013890902175121669
EmissionActivityRatio,BAU,ECU,EXTT_NGS,,CO2_FUG,1,2010,,,,,,3.946372723542905e-05
EmissionActivityRatio,BAU,ECU,EXTT_NGS,,CO2_FUG,1,2011,,,,,,3.946372723542905e-05
EmissionActivityRatio,BAU,ECU,EXTT_NGS,,CO2_FUG,1,2012,,,,,,3.946372723542905e-05
EmissionActivityRatio,BAU,ECU,EXTT_NGS,,CO2_FUG,1,2013,,,,,,3.946372723542905e-05
EmissionActivityRatio,BAU,ECU,EXTT_NGS,,CO2_FUG,1,2014,,,,,,3.946372723542905e-05
EmissionActivityRatio,BAU,ECU,EXTT_NGS,,CO2_FUG,1,2015,,,,,,3.946372723542905e-05
EmissionActivityRatio,BAU,ECU,EXTT_NGS,,CO2_FUG,1,2016,,,,,,3.946372723542905e-05
EmissionActivityRatio,BAU,ECU,EXTT_NGS,,CO2_FUG,1,2017,,,,,,3.946372723542905e-05
EmissionActivityRatio,BAU,ECU,EXTT_NGS,,CO2_FUG,1,2018,,,,,,3.946372723542905e-05
EmissionActivityRatio,BAU,ECU,EXTT_NGS,,CO2_FUG,1,2019,,,,,,3.946372723542905e-05
EmissionActivityRatio,BAU,ECU,EXTT_NGS,,CO2_FUG,1,2020,,,,,,3.946372723542905e-05
EmissionActivityRatio,BAU,ECU,EXTT_NGS,,CO2_FUG,1,2021,,,,,,3.946372723542905e-05
EmissionActivityRatio,BAU,ECU,EXTT_NGS,,CO2_FUG,1,2022,,,,,,3.946372723542905e-05
EmissionActivityRatio,BAU,ECU,EXTT_NGS,,CO2_FUG,1,2023,,,,,,3.946372723542905e-05
EmissionActivityRatio,BAU,ECU,EXTT_NGS,,CO2_FUG,1,2024,,,,,,3.946372723542905e-05
EmissionActivityRatio,BAU,ECU,EXTT_NGS,,CO2_FUG,1,2025,,,,,,3.946372723542905e-05
EmissionActivityRatio,BAU,ECU,EXTT_NGS,,CO2_FUG,1,2026,,,,,,3.946372723542905e-05
EmissionActivityRatio,BAU,ECU,EXTT_NGS,,CO2_FUG,1,2027,,,,,,3.946372723542905e-05
EmissionActivityRatio,BAU,ECU,EXTT_NGS,,CO2_FUG,1,2028,,,,,,3.946372723542905e-05
EmissionActivityRatio,BAU,ECU,EXTT_NGS,,CO2_FUG,1,2029,,,,,,3.946372723542905e-05
EmissionActivityRatio,BAU,ECU,EXTT_NGS,,CO2_FUG,1,2030,,,,,,3.946372723542905e-05
EmissionActivityRatio,BAU,ECU,EXTT_NGS,,CO2_FUG,1,2031,,,,,,3.946372723542905e-05
EmissionActivityRatio,BAU,ECU,EXTT_NGS,,CO2_FUG,1,2032,,,,,,3.946372723542905e-05
EmissionActivityRatio,BAU,ECU,EXTT_NGS,,CO2_FUG,1,2033,,,,,,3.946372723542905e-05
EmissionActivityRatio,BAU,ECU,EXTT_NGS,,CO2_FUG,1,2034,,,,,,3.946372723542905e-05
EmissionActivityRatio,BAU,ECU,EXTT_NGS,,CO2_FUG,1,2035,,,,,,3.946372723542905e-05
EmissionActivityRatio,BAU,ECU,EXTT_CRU,,CH4_FUG,1,2010,,,,,,8.047574534903845e-05
EmissionActivityRatio,BAU,ECU,EXTT_CRU,,CH4_FUG,1,2011,,,,,,8.047574534903845e-05
EmissionActivityRatio,BAU,ECU,EXTT_CRU,,CH4_FUG,1,2012,,,,,,8.047574534903845e-05
EmissionActivityRatio,BAU,ECU,EXTT_CRU,,CH4_FUG,1,2013,,,,,,8.047574534903845e-05
EmissionActivityRatio,BAU,ECU,EXTT_CRU,,CH4_FUG,1,2014,,,,,,8.047574534903845e-05
EmissionActivityRatio,BAU,ECU,EXTT_CRU,,CH4_FUG,1,2015,,,,,,8.047574534903845e-05
EmissionActivityRatio,BAU,ECU,EXTT_CRU,,CH4_FUG,1,2016,,,,,,8.047574534903845e-05
EmissionActivityRatio,BAU,ECU,EXTT_CRU,,CH4_FUG,1,2017,,,,,,8.047574534903845e-05
EmissionActivityRatio,BAU,ECU,EXTT_CRU,,CH4_FUG,1,2018,,,,,,8.047574534903845e-05
EmissionActivityRatio,BAU,ECU,EXTT_CRU,,CH4_FUG,1,2019,,,,,,8.047574534903845e-05
EmissionActivityRatio,BAU,ECU,EXTT_CRU,,CH4_FUG,1,2020,,,,,,8.047574534903845e-05
EmissionActivityRatio,BAU,ECU,EXTT_CRU,,CH4_FUG,1,2021,,,,,,8.047574534903845e-05
EmissionActivityRatio,BAU,ECU,EXTT_CRU,,CH4_FUG,1,2022,,,,,,8.047574534903845e-05
EmissionActivityRatio,BAU,ECU,EXTT_CRU,,CH4_FUG,1,2023,,,,,,8.047574534903845e-05
EmissionActivityRatio,BAU,ECU,EXTT_CRU,,CH4_FUG,1,2024,,,,,,8.047574534903845e-05
EmissionActivityRatio,BAU,ECU,EXTT_CRU,,CH4_FUG,1,2025,,,,,,8.047574534903845e-05
EmissionActivityRatio,BAU,ECU,EXTT_CRU,,CH4_FUG,1,2026,,,,,,8.047574534903845e-05
EmissionActivityRatio,BAU,ECU,EXTT_CRU,,CH4_FUG,1,2027,,,,,,8.047574534903845e-05
EmissionActivityRatio,BAU,ECU,EXTT_CRU,,CH4_FUG,1,2028,,,,,,8.047574534903845e-05
EmissionActivityRatio,BAU,ECU,EXTT_CRU,,CH4_FUG,1,2029,,,,,,8.047574534903845e-05
EmissionActivityRatio,BAU,ECU,EXTT_CRU,,CH4_FUG,1,2030,,,,,,8.047574534903845e-05
EmissionActivityRatio,BAU,ECU,EXTT_CRU,,CH4_FUG,1,2031,,,,,,8.047574534903845e-05
EmissionActivityRatio,BAU,ECU,EXTT_CRU,,CH4_FUG,1,2032,,,,,,8.047574534903845e-05
EmissionActivityRatio,BAU,ECU,EXTT_CRU,,CH4_FUG,1,2033,,,,,,8.047574534903845e-05
EmissionActivityRatio,BAU,ECU,EXTT_CRU,,CH4_FUG,1,2034,,,,,,8.047574534903845e-05
EmissionActivityRatio,BAU,ECU,EXTT_CRU,,CH4_FUG,1,2035,,,,,,8.047574534903845e-05
EmissionActivityRatio,BAU,ECU,EXTT_NGS,,CH4_FUG,1,2010,,,,,,3.609945939402898e-05
EmissionActivityRatio,BAU,ECU,EXTT_NGS,,CH4_FUG,1,2011,,,,,,3.609945939402898e-05
EmissionActivityRatio,BAU,ECU,EXTT_NGS,,CH4_FUG,1,2012,,,,,,3.609945939402898e-05
EmissionActivityRatio,BAU,ECU,EXTT_NGS,,CH4_FUG,1,2013,,,,,,3.609945939402898e-05
EmissionActivityRatio,BAU,ECU,EXTT_NGS,,CH4_FUG,1,2014,,,,,,3.609945939402898e-05
EmissionActivityRatio,BAU,ECU,EXTT_NGS,,CH4_FUG,1,2015,,,,,,3.609945939402898e-05
EmissionActivityRatio,BAU,ECU,EXTT_NGS,,CH4_FUG,1,2016,,,,,,3.609945939402898e-05
EmissionActivityRatio,BAU,ECU,EXTT_NGS,,CH4_FUG,1,2017,,,,,,3.609945939402898e-05
EmissionActivityRatio,BAU,ECU,EXTT_NGS,,CH4_FUG,1,2018,,,,,,3.609945939402898e-05
EmissionActivityRatio,BAU,ECU,EXTT_NGS,,CH4_FUG,1,2019,,,,,,3.609945939402898e-05
EmissionActivityRatio,BAU,ECU,EXTT_NGS,,CH4_FUG,1,2020,,,,,,3.609945939402898e-05
EmissionActivityRatio,BAU,ECU,EXTT_NGS,,CH4_FUG,1,2021,,,,,,3.609945939402898e-05
EmissionActivityRatio,BAU,ECU,EXTT_NGS,,CH4_FUG,1,2022,,,,,,3.609945939402898e-05
EmissionActivityRatio,BAU,ECU,EXTT_NGS,,CH4_FUG,1,2023,,,,,,3.609945939402898e-05
EmissionActivityRatio,BAU,ECU,EXTT_NGS,,CH4_FUG,1,2024,,,,,,3.609945939402898e-05
EmissionActivityRatio,BAU,ECU,EXTT_NGS,,CH4_FUG,1,2025,,,,,,3.609945939402898e-05
EmissionActivityRatio,BAU,ECU,EXTT_NGS,,CH4_FUG,1,2026,,,,,,3.609945939402898e-05
EmissionActivityRatio,BAU,ECU,EXTT_NGS,,CH4_FUG,1,2027,,,,,,3.609945939402898e-05
EmissionActivityRatio,BAU,ECU,EXTT_NGS,,CH4_FUG,1,2028,,,,,,3.609945939402898e-05
EmissionActivityRatio,BAU,ECU,EXTT_NGS,,CH4_FUG,1,2029,,,,,,3.609945939402898e-05
EmissionActivityRatio,BAU,ECU,EXTT_NGS,,CH4_FUG,1,2030,,,,,,3.609945939402898e-05
EmissionActivityRatio,BAU,ECU,EXTT_NGS,,CH4_FUG,1,2031,,,,,,3.609945939402898e-05
EmissionActivityRatio,BAU,ECU,EXTT_NGS,,CH4_FUG,1,2032,,,,,,3.609945939402898e-05
EmissionActivityRatio,BAU,ECU,EXTT_NGS,,CH4_FUG,1,2033,,,,,,3.609945939402898e-05
EmissionActivityRatio,BAU,ECU,EXTT_NGS,,CH4_FUG,1,2034,,,,,,3.609945939402898e-05
EmissionActivityRatio,BAU,ECU,EXTT_NGS,,CH4_FUG,1,2035,,,,,,3.609945939402898e-05
EmissionActivityRatio,BAU,ECU,EXTT_CRU,,N2O_FUG,1,2010,,,,,,2.0765113894638837e-08
EmissionActivityRatio,BAU,ECU,EXTT_CRU,,N2O_FUG,1,2011,,,,,,2.0765113894638837e-08
EmissionActivityRatio,BAU,ECU,EXTT_CRU,,N2O_FUG,1,2012,,,,,,2.0765113894638837e-08
EmissionActivityRatio,BAU,ECU,EXTT_CRU,,N2O_FUG,1,2013,,,,,,2.0765113894638837e-08
EmissionActivityRatio,BAU,ECU,EXTT_CRU,,N2O_FUG,1,2014,,,,,,2.0765113894638837e-08
EmissionActivityRatio,BAU,ECU,EXTT_CRU,,N2O_FUG,1,2015,,,,,,2.0765113894638837e-08
EmissionActivityRatio,BAU,ECU,EXTT_CRU,,N2O_FUG,1,2016,,,,,,2.0765113894638837e-08
EmissionActivityRatio,BAU,ECU,EXTT_CRU,,N2O_FUG,1,2017,,,,,,2.0765113894638837e-08
EmissionActivityRatio,BAU,ECU,EXTT_CRU,,N2O_FUG,1,2018,,,,,,2.0765113894638837e-08
EmissionActivityRatio,BAU,ECU,EXTT_CRU,,N2O_FUG,1,2019,,,,,,2.0765113894638837e-08
EmissionActivityRatio,BAU,ECU,EXTT_CRU,,N2O_FUG,1,2020,,,,,,2.0765113894638837e-08
EmissionActivityRatio,BAU,ECU,EXTT_CRU,,N2O_FUG,1,2021,,,,,,2.0765113894638837e-08
EmissionActivityRatio,BAU,ECU,EXTT_CRU,,N2O_FUG,1,2022,,,,,,2.0765113894638837e-08
EmissionActivityRatio,BAU,ECU,EXTT_CRU,,N2O_FUG,1,2023,,,,,,2.0765113894638837e-08
EmissionActivityRatio,BAU,ECU,EXTT_CRU,,N2O_FUG,1,2024,,,,,,2.0765113894638837e-08
EmissionActivityRatio,BAU,ECU,EXTT_CRU,,N2O_FUG,1,2025,,,,,,2.0765113894638837e-08
EmissionActivityRatio,BAU,ECU,EXTT_CRU,,N2O_FUG,1,2026,,,,,,2.0765113894638837e-08
EmissionActivityRatio,BAU,ECU,EXTT_CRU,,N2O_FUG,1,2027,,,,,,2.0765113894638837e-08
EmissionActivityRatio,BAU,ECU,EXTT_CRU,,N2O_FUG,1,2028,,,,,,2.0765113894638837e-08
EmissionActivityRatio,BAU,ECU,EXTT_CRU,,N2O_FUG,1,2029,,,,,,2.0765113894638837e-08
EmissionActivityRatio,BAU,ECU,EXTT_CRU,,N2O_FUG,1,2030,,,,,,2.0765113894638837e-08
EmissionActivityRatio,BAU,ECU,EXTT_CRU,,N2O_FUG,1,2031,,,,,,2.0765113894638837e-08
EmissionActivityRatio,BAU,ECU,EXTT_CRU,,N2O_FUG,1,2032,,,,,,2.0765113894638837e-08
EmissionActivityRatio,BAU,ECU,EXTT_CRU,,N2O_FUG,1,2033,,,,,,2.0765113894638837e-08
EmissionActivityRatio,BAU,ECU,EXTT_CRU,,N2O_FUG,1,2034,,,,,,2.0765113894638837e-08
EmissionActivityRatio,BAU,ECU,EXTT_CRU,,N2O_FUG,1,2035,,,,,,2.0765113894638837e-08
EmissionActivityRatio,BAU,ECU,EXTT_NGS,,N2O_FUG,1,2010,,,,,,5.941298770010777e-10
EmissionActivityRatio,BAU,ECU,EXTT_NGS,,N2O_FUG,1,2011,,,,,,5.941298770010777e-10
EmissionActivityRatio,BAU,ECU,EXTT_NGS,,N2O_FUG,1,2012,,,,,,5.941298770010777e-10
EmissionActivityRatio,BAU,ECU,EXTT_NGS,,N2O_FUG,1,2013,,,,,,5.941298770010777e-10
EmissionActivityRatio,BAU,ECU,EXTT_NGS,,N2O_FUG,1,2014,,,,,,5.941298770010777e-10
EmissionActivityRatio,BAU,ECU,EXTT_NGS,,N2O_FUG,1,2015,,,,,,5.941298770010777e-10
EmissionActivityRatio,BAU,ECU,EXTT_NGS,,N2O_FUG,1,2016,,,,,,5.941298770010777e-10
EmissionActivityRatio,BAU,ECU,EXTT_NGS,,N2O_FUG,1,2017,,,,,,5.941298770010777e-10
EmissionActivityRatio,BAU,ECU,EXTT_NGS,,N2O_FUG,1,2018,,,,,,5.941298770010777e-10
EmissionActivityRatio,BAU,ECU,EXTT_NGS,,N2O_FUG,1,2019,,,,,,5.941298770010777e-10
EmissionActivityRatio,BAU,ECU,EXTT_NGS,,N2O_FUG,1,2020,,,,,,5.941298770010777e-10
EmissionActivityRatio,BAU,ECU,EXTT_NGS,,N2O_FUG,1,2021,,,,,,5.941298770010777e-10
EmissionActivityRatio,BAU,ECU,EXTT_NGS,,N2O_FUG,1,2022,,,,,,5.941298770010777e-10
EmissionActivityRatio,BAU,ECU,EXTT_NGS,,N2O_FUG,1,2023,,,,,,5.941298770010777e-10
EmissionActivityRatio,BAU,ECU,EXTT_NGS,,N2O_FUG,1,2024,,,,,,5.941298770010777e-10
EmissionActivityRatio,BAU,ECU,EXTT_NGS,,N2O_FUG,1,2025,,,,,,5.941298770010777e-10
EmissionActivityRatio,BAU,ECU,EXTT_NGS,,N2O_FUG,1,2026,,,,,,5.941298770010777e-10
EmissionActivityRatio,BAU,ECU,EXTT_NGS,,N2O_FUG,1,2027,,,,,,5.941298770010777e-10
EmissionActivityRatio,BAU,ECU,EXTT_NGS,,N2O_FUG,1,2028,,,,,,5.941298770010777e-10
EmissionActivityRatio,BAU,ECU,EXTT_NGS,,N2O_FUG,1,2029,,,,,,5.941298770010777e-10
EmissionActivityRatio,BAU,ECU,EXTT_NGS,,N2O_FUG,1,2030,,,,,,5.941298770010777e-10
EmissionActivityRatio,BAU,ECU,EXTT_NGS,,N2O_FUG,1,2031,,,,,,5.941298770010777e-10
EmissionActivityRatio,BAU,ECU,EXTT_NGS,,N2O_FUG,1,2032,,,,,,5.941298770010777e-10
EmissionActivityRatio,BAU,ECU,EXTT_NGS,,N2O_FUG,1,2033,,,,,,5.941298770010777e-10
EmissionActivityRatio,BAU,ECU,EXTT_NGS,,N2O_FUG,1,2034,,,,,,5.941298770010777e-10
EmissionActivityRatio,BAU,ECU,EXTT_NGS,,N2O_FUG,1,2035,,,,,,5.941298770010777e-10
EmissionActivityRatio,BAU,ECU,T5DSLCOM,,CO2e_DE,1,2010,,,,,,0.074539
EmissionActivityRatio,BAU,ECU,T5DSLCOM,,CO2e_DE,1,2011,,,,,,0.074539
EmissionActivityRatio,BAU,ECU,T5DSLCOM,,CO2e_DE,1,2012,,,,,,0.074539
EmissionActivityRatio,BAU,ECU,T5DSLCOM,,CO2e_DE,1,2013,,,,,,0.074539
EmissionActivityRatio,BAU,ECU,T5DSLCOM,,CO2e_DE,1,2014,,,,,,0.074539
EmissionActivityRatio,BAU,ECU,T5DSLCOM,,CO2e_DE,1,2015,,,,,,0.074539
EmissionActivityRatio,BAU,ECU,T5DSLCOM,,CO2e_DE,1,2016,,,,,,0.074539
EmissionActivityRatio,BAU,ECU,T5DSLCOM,,CO2e_DE,1,2017,,,,,,0.074539
EmissionActivityRatio,BAU,ECU,T5DSLCOM,,CO2e_DE,1,2018,,,,,,0.074539
EmissionActivityRatio,BAU,ECU,T5DSLCOM,,CO2e_DE,1,2019,,,,,,0.074539
EmissionActivityRatio,BAU,ECU,T5DSLCOM,,CO2e_DE,1,2020,,,,,,0.074539
EmissionActivityRatio,BAU,ECU,T5DSLCOM,,CO2e_DE,1,2021,,,,,,0.074539
EmissionActivityRatio,BAU,ECU,T5DSLCOM,,CO2e_DE,1,2022,,,,,,0.074539
EmissionActivityRatio,BAU,ECU,T5DSLCOM,,CO2e_DE,1,2023,,,,,,0.074539
EmissionActivityRatio,BAU,ECU,T5DSLCOM,,CO2e_DE,1,2024,,,,,,0.074539
EmissionActivityRatio,BAU,ECU,T5DSLCOM,,CO2e_DE,1,2025,,,,,,0.074539
EmissionActivityRatio,BAU,ECU,T5DSLCOM,,CO2e_DE,1,2026,,,,,,0.074539
EmissionActivityRatio,BAU,ECU,T5DSLCOM,,CO2e_DE,1,2027,,,,,,0.074539
EmissionActivityRatio,BAU,ECU,T5DSLCOM,,CO2e_DE,1,2028,,,,,,0.074539
EmissionActivityRatio,BAU,ECU,T5DSLCOM,,CO2e_DE,1,2029,,,,,,0.074539
EmissionActivityRatio,BAU,ECU,T5DSLCOM,,CO2e_DE,1,2030,,,,,,0.074539
EmissionActivityRatio,BAU,ECU,T5DSLCOM,,CO2e_DE,1,2031,,,,,,0.074539
EmissionActivityRatio,BAU,ECU,T5DSLCOM,,CO2e_DE,1,2032,,,,,,0.074539
EmissionActivityRatio,BAU,ECU,T5DSLCOM,,CO2e_DE,1,2033,,,,,,0.074539
EmissionActivityRatio,BAU,ECU,T5DSLCOM,,CO2e_DE,1,2034,,,,,,0.074539
EmissionActivityRatio,BAU,ECU,T5DSLCOM,,CO2e_DE,1,2035,,,,,,0.074539
EmissionActivityRatio,BAU,ECU,T5LPGCOM,,CO2e_DE,1,2010,,,,,,0.0632665
EmissionActivityRatio,BAU,ECU,T5LPGCOM,,CO2e_DE,1,2011,,,,,,0.0632665
EmissionActivityRatio,BAU,ECU,T5LPGCOM,,CO2e_DE,1,2012,,,,,,0.0632665
EmissionActivityRatio,BAU,ECU,T5LPGCOM,,CO2e_DE,1,2013,,,,,,0.0632665
EmissionActivityRatio,BAU,ECU,T5LPGCOM,,CO2e_DE,1,2014,,,,,,0.0632665
EmissionActivityRatio,BAU,ECU,T5LPGCOM,,CO2e_DE,1,2015,,,,,,0.0632665
EmissionActivityRatio,BAU,ECU,T5LPGCOM,,CO2e_DE,1,2016,,,,,,0.0632665
EmissionActivityRatio,BAU,ECU,T5LPGCOM,,CO2e_DE,1,2017,,,,,,0.0632665
EmissionActivityRatio,BAU,ECU,T5LPGCOM,,CO2e_DE,1,2018,,,,,,0.0632665
EmissionActivityRatio,BAU,ECU,T5LPGCOM,,CO2e_DE,1,2019,,,,,,0.0632665
EmissionActivityRatio,BAU,ECU,T5LPGCOM,,CO2e_DE,1,2020,,,,,,0.0632665
EmissionActivityRatio,BAU,ECU,T5LPGCOM,,CO2e_DE,1,2021,,,,,,0.0632665
EmissionActivityRatio,BAU,ECU,T5LPGCOM,,CO2e_DE,1,2022,,,,,,0.0632665
EmissionActivityRatio,BAU,ECU,T5LPGCOM,,CO2e_DE,1,2023,,,,,,0.0632665
EmissionActivityRatio,BAU,ECU,T5LPGCOM,,CO2e_DE,1,2024,,,,,,0.0632665
EmissionActivityRatio,BAU,ECU,T5LPGCOM,,CO2e_DE,1,2025,,,,,,0.0632665
EmissionActivityRatio,BAU,ECU,T5LPGCOM,,CO2e_DE,1,2026,,,,,,0.0632665
EmissionActivityRatio,BAU,ECU,T5LPGCOM,,CO2e_DE,1,2027,,,,,,0.0632665
EmissionActivityRatio,BAU,ECU,T5LPGCOM,,CO2e_DE,1,2028,,,,,,0.0632665
EmissionActivityRatio,BAU,ECU,T5LPGCOM,,CO2e_DE,1,2029,,,,,,0.0632665
EmissionActivityRatio,BAU,ECU,T5LPGCOM,,CO2e_DE,1,2030,,,,,,0.0632665
EmissionActivityRatio,BAU,ECU,T5LPGCOM,,CO2e_DE,1,2031,,,,,,0.0632665
EmissionActivityRatio,BAU,ECU,T5LPGCOM,,CO2e_DE,1,2032,,,,,,0.0632665
EmissionActivityRatio,BAU,ECU,T5LPGCOM,,CO2e_DE,1,2033,,,,,,0.0632665
EmissionActivityRatio,BAU,ECU,T5LPGCOM,,CO2e_DE,1,2034,,,,,,0.0632665
EmissionActivityRatio,BAU,ECU,T5LPGCOM,,CO2e_DE,1,2035,,,,,,0.0632665
EmissionActivityRatio,BAU,ECU,T5ELECOM,,CO2e_DE,1,2010,,,,,,0.0
EmissionActivityRatio,BAU,ECU,T5ELECOM,,CO2e_DE,1,2011,,,,,,0.0
EmissionActivityRatio,BAU,ECU,T5ELECOM,,CO2e_DE,1,2012,,,,,,0.0
EmissionActivityRatio,BAU,ECU,T5ELECOM,,CO2e_DE,1,2013,,,,,,0.0
EmissionActivityRatio,BAU,ECU,T5ELECOM,,CO2e_DE,1,2014,,,,,,0.0
EmissionActivityRatio,BAU,ECU,T5ELECOM,,CO2e_DE,1,2015,,,,,,0.0
EmissionActivityRatio,BAU,ECU,T5ELECOM,,CO2e_DE,1,2016,,,,,,0.0
EmissionActivityRatio,BAU,ECU,T5ELECOM,,CO2e_DE,1,2017,,,,,,0.0
EmissionActivityRatio,BAU,ECU,T5ELECOM,,CO2e_DE,1,2018,,,,,,0.0
EmissionActivityRatio,BAU,ECU,T5ELECOM,,CO2e_DE,1,2019,,,,,,0.0
EmissionActivityRatio,BAU,ECU,T5ELECOM,,CO2e_DE,1,2020,,,,,,0.0
EmissionActivityRatio,BAU,ECU,T5ELECOM,,CO2e_DE,1,2021,,,,,,0.0
EmissionActivityRatio,BAU,ECU,T5ELECOM,,CO2e_DE,1,2022,,,,,,0.0
EmissionActivityRatio,BAU,ECU,T5ELECOM,,CO2e_DE,1,2023,,,,,,0.0
EmissionActivityRatio,BAU,ECU,T5ELECOM,,CO2e_DE,1,2024,,,,,,0.0
EmissionActivityRatio,BAU,ECU,T5ELECOM,,CO2e_DE,1,2025,,,,,,0.0
EmissionActivityRatio,BAU,ECU,T5ELECOM,,CO2e_DE,1,2026,,,,,,0.0
EmissionActivityRatio,BAU,ECU,T5ELECOM,,CO2e_DE,1,2027,,,,,,0.0
EmissionActivityRatio,BAU,ECU,T5ELECOM,,CO2e_DE,1,2028,,,,,,0.0
EmissionActivityRatio,BAU,ECU,T5ELECOM,,CO2e_DE,1,2029,,,,,,0.0
EmissionActivityRatio,BAU,ECU,T5ELECOM,,CO2e_DE,1,2030,,,,,,0.0
EmissionActivityRatio,BAU,ECU,T5ELECOM,,CO2e_DE,1,2031,,,,,,0.0
EmissionActivityRatio,BAU,ECU,T5ELECOM,,CO2e_DE,1,2032,,,,,,0.0
EmissionActivityRatio,BAU,ECU,T5ELECOM,,CO2e_DE,1,2033,,,,,,0.0
EmissionActivityRatio,BAU,ECU,T5ELECOM,,CO2e_DE,1,2034,,,,,,0.0
EmissionActivityRatio,BAU,ECU,T5ELECOM,,CO2e_DE,1,2035,,,,,,0.0
EmissionActivityRatio,BAU,ECU,T5FOICOM,,CO2e_DE,1,2010,,,,,,0.077839
EmissionActivityRatio,BAU,ECU,T5FOICOM,,CO2e_DE,1,2011,,,,,,0.077839
EmissionActivityRatio,BAU,ECU,T5FOICOM,,CO2e_DE,1,2012,,,,,,0.077839
EmissionActivityRatio,BAU,ECU,T5FOICOM,,CO2e_DE,1,2013,,,,,,0.077839
EmissionActivityRatio,BAU,ECU,T5FOICOM,,CO2e_DE,1,2014,,,,,,0.077839
EmissionActivityRatio,BAU,ECU,T5FOICOM,,CO2e_DE,1,2015,,,,,,0.077839
EmissionActivityRatio,BAU,ECU,T5FOICOM,,CO2e_DE,1,2016,,,,,,0.077839
EmissionActivityRatio,BAU,ECU,T5FOICOM,,CO2e_DE,1,2017,,,,,,0.077839
EmissionActivityRatio,BAU,ECU,T5FOICOM,,CO2e_DE,1,2018,,,,,,0.077839
EmissionActivityRatio,BAU,ECU,T5FOICOM,,CO2e_DE,1,2019,,,,,,0.077839
EmissionActivityRatio,BAU,ECU,T5FOICOM,,CO2e_DE,1,2020,,,,,,0.077839
EmissionActivityRatio,BAU,ECU,T5FOICOM,,CO2e_DE,1,2021,,,,,,0.077839
EmissionActivityRatio,BAU,ECU,T5FOICOM,,CO2e_DE,1,2022,,,,,,0.077839
EmissionActivityRatio,BAU,ECU,T5FOICOM,,CO2e_DE,1,2023,,,,,,0.077839
EmissionActivityRatio,BAU,ECU,T5FOICOM,,CO2e_DE,1,2024,,,,,,0.077839
EmissionActivityRatio,BAU,ECU,T5FOICOM,,CO2e_DE,1,2025,,,,,,0.077839
EmissionActivityRatio,BAU,ECU,T5FOICOM,,CO2e_DE,1,2026,,,,,,0.077839
EmissionActivityRatio,BAU,ECU,T5FOICOM,,CO2e_DE,1,2027,,,,,,0.077839
EmissionActivityRatio,BAU,ECU,T5FOICOM,,CO2e_DE,1,2028,,,,,,0.077839
EmissionActivityRatio,BAU,ECU,T5FOICOM,,CO2e_DE,1,2029,,,,,,0.077839
EmissionActivityRatio,BAU,ECU,T5FOICOM,,CO2e_DE,1,2030,,,,,,0.077839
EmissionActivityRatio,BAU,ECU,T5FOICOM,,CO2e_DE,1,2031,,,,,,0.077839
EmissionActivityRatio,BAU,ECU,T5FOICOM,,CO2e_DE,1,2032,,,,,,0.077839
EmissionActivityRatio,BAU,ECU,T5FOICOM,,CO2e_DE,1,2033,,,,,,0.077839
EmissionActivityRatio,BAU,ECU,T5FOICOM,,CO2e_DE,1,2034,,,,,,0.077839
EmissionActivityRatio,BAU,ECU,T5FOICOM,,CO2e_DE,1,2035,,,,,,0.077839
EmissionActivityRatio,BAU,ECU,T5NGSRES,,CO2e_DE,1,2010,,,,,,0.0561545
EmissionActivityRatio,BAU,ECU,T5NGSRES,,CO2e_DE,1,2011,,,,,,0.0561545
EmissionActivityRatio,BAU,ECU,T5NGSRES,,CO2e_DE,1,2012,,,,,,0.0561545
EmissionActivityRatio,BAU,ECU,T5NGSRES,,CO2e_DE,1,2013,,,,,,0.0561545
EmissionActivityRatio,BAU,ECU,T5NGSRES,,CO2e_DE,1,2014,,,,,,0.0561545
EmissionActivityRatio,BAU,ECU,T5NGSRES,,CO2e_DE,1,2015,,,,,,0.0561545
EmissionActivityRatio,BAU,ECU,T5NGSRES,,CO2e_DE,1,2016,,,,,,0.0561545
EmissionActivityRatio,BAU,ECU,T5NGSRES,,CO2e_DE,1,2017,,,,,,0.0561545
EmissionActivityRatio,BAU,ECU,T5NGSRES,,CO2e_DE,1,2018,,,,,,0.0561545
EmissionActivityRatio,BAU,ECU,T5NGSRES,,CO2e_DE,1,2019,,,,,,0.0561545
EmissionActivityRatio,BAU,ECU,T5NGSRES,,CO2e_DE,1,2020,,,,,,0.0561545
EmissionActivityRatio,BAU,ECU,T5NGSRES,,CO2e_DE,1,2021,,,,,,0.0561545
EmissionActivityRatio,BAU,ECU,T5NGSRES,,CO2e_DE,1,2022,,,,,,0.0561545
EmissionActivityRatio,BAU,ECU,T5NGSRES,,CO2e_DE,1,2023,,,,,,0.0561545
EmissionActivityRatio,BAU,ECU,T5NGSRES,,CO2e_DE,1,2024,,,,,,0.0561545
EmissionActivityRatio,BAU,ECU,T5NGSRES,,CO2e_DE,1,2025,,,,,,0.0561545
EmissionActivityRatio,BAU,ECU,T5NGSRES,,CO2e_DE,1,2026,,,,,,0.0561545
EmissionActivityRatio,BAU,ECU,T5NGSRES,,CO2e_DE,1,2027,,,,,,0.0561545
EmissionActivityRatio,BAU,ECU,T5NGSRES,,CO2e_DE,1,2028,,,,,,0.0561545
EmissionActivityRatio,BAU,ECU,T5NGSRES,,CO2e_DE,1,2029,,,,,,0.0561545
EmissionActivityRatio,BAU,ECU,T5NGSRES,,CO2e_DE,1,2030,,,,,,0.0561545
EmissionActivityRatio,BAU,ECU,T5NGSRES,,CO2e_DE,1,2031,,,,,,0.0561545
EmissionActivityRatio,BAU,ECU,T5NGSRES,,CO2e_DE,1,2032,,,,,,0.0561545
EmissionActivityRatio,BAU,ECU,T5NGSRES,,CO2e_DE,1,2033,,,,,,0.0561545
EmissionActivityRatio,BAU,ECU,T5NGSRES,,CO2e_DE,1,2034,,,,,,0.0561545
EmissionActivityRatio,BAU,ECU,T5NGSRES,,CO2e_DE,1,2035,,,,,,0.0561545
EmissionActivityRatio,BAU,ECU,T5GSLRES,,CO2e_DE,1,2010,,,,,,0.069739
EmissionActivityRatio,BAU,ECU,T5GSLRES,,CO2e_DE,1,2011,,,,,,0.069739
EmissionActivityRatio,BAU,ECU,T5GSLRES,,CO2e_DE,1,2012,,,,,,0.069739
EmissionActivityRatio,BAU,ECU,T5GSLRES,,CO2e_DE,1,2013,,,,,,0.069739
EmissionActivityRatio,BAU,ECU,T5GSLRES,,CO2e_DE,1,2014,,,,,,0.069739
EmissionActivityRatio,BAU,ECU,T5GSLRES,,CO2e_DE,1,2015,,,,,,0.069739
EmissionActivityRatio,BAU,ECU,T5GSLRES,,CO2e_DE,1,2016,,,,,,0.069739
EmissionActivityRatio,BAU,ECU,T5GSLRES,,CO2e_DE,1,2017,,,,,,0.069739
EmissionActivityRatio,BAU,ECU,T5GSLRES,,CO2e_DE,1,2018,,,,,,0.069739
EmissionActivityRatio,BAU,ECU,T5GSLRES,,CO2e_DE,1,2019,,,,,,0.069739
EmissionActivityRatio,BAU,ECU,T5GSLRES,,CO2e_DE,1,2020,,,,,,0.069739
EmissionActivityRatio,BAU,ECU,T5GSLRES,,CO2e_DE,1,2021,,,,,,0.069739
EmissionActivityRatio,BAU,ECU,T5GSLRES,,CO2e_DE,1,2022,,,,,,0.069739
EmissionActivityRatio,BAU,ECU,T5GSLRES,,CO2e_DE,1,2023,,,,,,0.069739
EmissionActivityRatio,BAU,ECU,T5GSLRES,,CO2e_DE,1,2024,,,,,,0.069739
EmissionActivityRatio,BAU,ECU,T5GSLRES,,CO2e_DE,1,2025,,,,,,0.069739
EmissionActivityRatio,BAU,ECU,T5GSLRES,,CO2e_DE,1,2026,,,,,,0.069739
EmissionActivityRatio,BAU,ECU,T5GSLRES,,CO2e_DE,1,2027,,,,,,0.069739
EmissionActivityRatio,BAU,ECU,T5GSLRES,,CO2e_DE,1,2028,,,,,,0.069739
EmissionActivityRatio,BAU,ECU,T5GSLRES,,CO2e_DE,1,2029,,,,,,0.069739
EmissionActivityRatio,BAU,ECU,T5GSLRES,,CO2e_DE,1,2030,,,,,,0.069739
EmissionActivityRatio,BAU,ECU,T5GSLRES,,CO2e_DE,1,2031,,,,,,0.069739
EmissionActivityRatio,BAU,ECU,T5GSLRES,,CO2e_DE,1,2032,,,,,,0.069739
EmissionActivityRatio,BAU,ECU,T5GSLRES,,CO2e_DE,1,2033,,,,,,0.069739
EmissionActivityRatio,BAU,ECU,T5GSLRES,,CO2e_DE,1,2034,,,,,,0.069739
EmissionActivityRatio,BAU,ECU,T5GSLRES,,CO2e_DE,1,2035,,,,,,0.069739
EmissionActivityRatio,BAU,ECU,T5LPGRES,,CO2e_DE,1,2010,,,,,,0.0632665
EmissionActivityRatio,BAU,ECU,T5LPGRES,,CO2e_DE,1,2011,,,,,,0.0632665
EmissionActivityRatio,BAU,ECU,T5LPGRES,,CO2e_DE,1,2012,,,,,,0.0632665
EmissionActivityRatio,BAU,ECU,T5LPGRES,,CO2e_DE,1,2013,,,,,,0.0632665
EmissionActivityRatio,BAU,ECU,T5LPGRES,,CO2e_DE,1,2014,,,,,,0.0632665
EmissionActivityRatio,BAU,ECU,T5LPGRES,,CO2e_DE,1,2015,,,,,,0.0632665
EmissionActivityRatio,BAU,ECU,T5LPGRES,,CO2e_DE,1,2016,,,,,,0.0632665
EmissionActivityRatio,BAU,ECU,T5LPGRES,,CO2e_DE,1,2017,,,,,,0.0632665
EmissionActivityRatio,BAU,ECU,T5LPGRES,,CO2e_DE,1,2018,,,,,,0.0632665
EmissionActivityRatio,BAU,ECU,T5LPGRES,,CO2e_DE,1,2019,,,,,,0.0632665
EmissionActivityRatio,BAU,ECU,T5LPGRES,,CO2e_DE,1,2020,,,,,,0.0632665
EmissionActivityRatio,BAU,ECU,T5LPGRES,,CO2e_DE,1,2021,,,,,,0.0632665
EmissionActivityRatio,BAU,ECU,T5LPGRES,,CO2e_DE,1,2022,,,,,,0.0632665
EmissionActivityRatio,BAU,ECU,T5LPGRES,,CO2e_DE,1,2023,,,,,,0.0632665
EmissionActivityRatio,BAU,ECU,T5LPGRES,,CO2e_DE,1,2024,,,,,,0.0632665
EmissionActivityRatio,BAU,ECU,T5LPGRES,,CO2e_DE,1,2025,,,,,,0.0632665
EmissionActivityRatio,BAU,ECU,T5LPGRES,,CO2e_DE,1,2026,,,,,,0.0632665
EmissionActivityRatio,BAU,ECU,T5LPGRES,,CO2e_DE,1,2027,,,,,,0.0632665
EmissionActivityRatio,BAU,ECU,T5LPGRES,,CO2e_DE,1,2028,,,,,,0.0632665
EmissionActivityRatio,BAU,ECU,T5LPGRES,,CO2e_DE,1,2029,,,,,,0.0632665
EmissionActivityRatio,BAU,ECU,T5LPGRES,,CO2e_DE,1,2030,,,,,,0.0632665
EmissionActivityRatio,BAU,ECU,T5LPGRES,,CO2e_DE,1,2031,,,,,,0.0632665
EmissionActivityRatio,BAU,ECU,T5LPGRES,,CO2e_DE,1,2032,,,,,,0.0632665
EmissionActivityRatio,BAU,ECU,T5LPGRES,,CO2e_DE,1,2033,,,,,,0.0632665
EmissionActivityRatio,BAU,ECU,T5LPGRES,,CO2e_DE,1,2034,,,,,,0.0632665
EmissionActivityRatio,BAU,ECU,T5LPGRES,,CO2e_DE,1,2035,,,,,,0.0632665
EmissionActivityRatio,BAU,ECU,T5ELERES,,CO2e_DE,1,2010,,,,,,0.0
EmissionActivityRatio,BAU,ECU,T5ELERES,,CO2e_DE,1,2011,,,,,,0.0
EmissionActivityRatio,BAU,ECU,T5ELERES,,CO2e_DE,1,2012,,,,,,0.0
EmissionActivityRatio,BAU,ECU,T5ELERES,,CO2e_DE,1,2013,,,,,,0.0
EmissionActivityRatio,BAU,ECU,T5ELERES,,CO2e_DE,1,2014,,,,,,0.0
EmissionActivityRatio,BAU,ECU,T5ELERES,,CO2e_DE,1,2015,,,,,,0.0
EmissionActivityRatio,BAU,ECU,T5ELERES,,CO2e_DE,1,2016,,,,,,0.0
EmissionActivityRatio,BAU,ECU,T5ELERES,,CO2e_DE,1,2017,,,,,,0.0
EmissionActivityRatio,BAU,ECU,T5ELERES,,CO2e_DE,1,2018,,,,,,0.0
EmissionActivityRatio,BAU,ECU,T5ELERES,,CO2e_DE,1,2019,,,,,,0.0
EmissionActivityRatio,BAU,ECU,T5ELERES,,CO2e_DE,1,2020,,,,,,0.0
EmissionActivityRatio,BAU,ECU,T5ELERES,,CO2e_DE,1,2021,,,,,,0.0
EmissionActivityRatio,BAU,ECU,T5ELERES,,CO2e_DE,1,2022,,,,,,0.0
EmissionActivityRatio,BAU,ECU,T5ELERES,,CO2e_DE,1,2023,,,,,,0.0
EmissionActivityRatio,BAU,ECU,T5ELERES,,CO2e_DE,1,2024,,,,,,0.0
EmissionActivityRatio,BAU,ECU,T5ELERES,,CO2e_DE,1,2025,,,,,,0.0
EmissionActivityRatio,BAU,ECU,T5ELERES,,CO2e_DE,1,2026,,,,,,0.0
EmissionActivityRatio,BAU,ECU,T5ELERES,,CO2e_DE,1,2027,,,,,,0.0
EmissionActivityRatio,BAU,ECU,T5ELERES,,CO2e_DE,1,2028,,,,,,0.0
EmissionActivityRatio,BAU,ECU,T5ELERES,,CO2e_DE,1,2029,,,,,,0.0
EmissionActivityRatio,BAU,ECU,T5ELERES,,CO2e_DE,1,2030,,,,,,0.0
EmissionActivityRatio,BAU,ECU,T5ELERES,,CO2e_DE,1,2031,,,,,,0.0
EmissionActivityRatio,BAU,ECU,T5ELERES,,CO2e_DE,1,2032,,,,,,0.0
EmissionActivityRatio,BAU,ECU,T5ELERES,,CO2e_DE,1,2033,,,,,,0.0
EmissionActivityRatio,BAU,ECU,T5ELERES,,CO2e_DE,1,2034,,,,,,0.0
EmissionActivityRatio,BAU,ECU,T5ELERES,,CO2e_DE,1,2035,,,,,,0.0
EmissionActivityRatio,BAU,ECU,T5KERRES,,CO2e_DE,1,2010,,,,,,0.071743
EmissionActivityRatio,BAU,ECU,T5KERRES,,CO2e_DE,1,2011,,,,,,0.071743
EmissionActivityRatio,BAU,ECU,T5KERRES,,CO2e_DE,1,2012,,,,,,0.071743
EmissionActivityRatio,BAU,ECU,T5KERRES,,CO2e_DE,1,2013,,,,,,0.071743
EmissionActivityRatio,BAU,ECU,T5KERRES,,CO2e_DE,1,2014,,,,,,0.071743
EmissionActivityRatio,BAU,ECU,T5KERRES,,CO2e_DE,1,2015,,,,,,0.071743
EmissionActivityRatio,BAU,ECU,T5KERRES,,CO2e_DE,1,2016,,,,,,0.071743
EmissionActivityRatio,BAU,ECU,T5KERRES,,CO2e_DE,1,2017,,,,,,0.071743
EmissionActivityRatio,BAU,ECU,T5KERRES,,CO2e_DE,1,2018,,,,,,0.071743
EmissionActivityRatio,BAU,ECU,T5KERRES,,CO2e_DE,1,2019,,,,,,0.071743
EmissionActivityRatio,BAU,ECU,T5KERRES,,CO2e_DE,1,2020,,,,,,0.071743
EmissionActivityRatio,BAU,ECU,T5KERRES,,CO2e_DE,1,2021,,,,,,0.071743
EmissionActivityRatio,BAU,ECU,T5KERRES,,CO2e_DE,1,2022,,,,,,0.071743
EmissionActivityRatio,BAU,ECU,T5KERRES,,CO2e_DE,1,2023,,,,,,0.071743
EmissionActivityRatio,BAU,ECU,T5KERRES,,CO2e_DE,1,2024,,,,,,0.071743
EmissionActivityRatio,BAU,ECU,T5KERRES,,CO2e_DE,1,2025,,,,,,0.071743
EmissionActivityRatio,BAU,ECU,T5KERRES,,CO2e_DE,1,2026,,,,,,0.071743
EmissionActivityRatio,BAU,ECU,T5KERRES,,CO2e_DE,1,2027,,,,,,0.071743
EmissionActivityRatio,BAU,ECU,T5KERRES,,CO2e_DE,1,2028,,,,,,0.071743
EmissionActivityRatio,BAU,ECU,T5KERRES,,CO2e_DE,1,2029,,,,,,0.071743
EmissionActivityRatio,BAU,ECU,T5KERRES,,CO2e_DE,1,2030,,,,,,0.071743
EmissionActivityRatio,BAU,ECU,T5KERRES,,CO2e_DE,1,2031,,,,,,0.071743
EmissionActivityRatio,BAU,ECU,T5KERRES,,CO2e_DE,1,2032,,,,,,0.071743
EmissionActivityRatio,BAU,ECU,T5KERRES,,CO2e_DE,1,2033,,,,,,0.071743
EmissionActivityRatio,BAU,ECU,T5KERRES,,CO2e_DE,1,2034,,,,,,0.071743
EmissionActivityRatio,BAU,ECU,T5KERRES,,CO2e_DE,1,2035,,,,,,0.071743
EmissionActivityRatio,BAU,ECU,T5FIRRES,,CO2e_DE,1,2010,,,,,,0.00946
EmissionActivityRatio,BAU,ECU,T5FIRRES,,CO2e_DE,1,2011,,,,,,0.00946
EmissionActivityRatio,BAU,ECU,T5FIRRES,,CO2e_DE,1,2012,,,,,,0.00946
EmissionActivityRatio,BAU,ECU,T5FIRRES,,CO2e_DE,1,2013,,,,,,0.00946
EmissionActivityRatio,BAU,ECU,T5FIRRES,,CO2e_DE,1,2014,,,,,,0.00946
EmissionActivityRatio,BAU,ECU,T5FIRRES,,CO2e_DE,1,2015,,,,,,0.00946
EmissionActivityRatio,BAU,ECU,T5FIRRES,,CO2e_DE,1,2016,,,,,,0.00946
EmissionActivityRatio,BAU,ECU,T5FIRRES,,CO2e_DE,1,2017,,,,,,0.00946
EmissionActivityRatio,BAU,ECU,T5FIRRES,,CO2e_DE,1,2018,,,,,,0.00946
EmissionActivityRatio,BAU,ECU,T5FIRRES,,CO2e_DE,1,2019,,,,,,0.00946
EmissionActivityRatio,BAU,ECU,T5FIRRES,,CO2e_DE,1,2020,,,,,,0.00946
EmissionActivityRatio,BAU,ECU,T5FIRRES,,CO2e_DE,1,2021,,,,,,0.00946
EmissionActivityRatio,BAU,ECU,T5FIRRES,,CO2e_DE,1,2022,,,,,,0.00946
EmissionActivityRatio,BAU,ECU,T5FIRRES,,CO2e_DE,1,2023,,,,,,0.00946
EmissionActivityRatio,BAU,ECU,T5FIRRES,,CO2e_DE,1,2024,,,,,,0.00946
EmissionActivityRatio,BAU,ECU,T5FIRRES,,CO2e_DE,1,2025,,,,,,0.00946
EmissionActivityRatio,BAU,ECU,T5FIRRES,,CO2e_DE,1,2026,,,,,,0.00946
EmissionActivityRatio,BAU,ECU,T5FIRRES,,CO2e_DE,1,2027,,,,,,0.00946
EmissionActivityRatio,BAU,ECU,T5FIRRES,,CO2e_DE,1,2028,,,,,,0.00946
EmissionActivityRatio,BAU,ECU,T5FIRRES,,CO2e_DE,1,2029,,,,,,0.00946
EmissionActivityRatio,BAU,ECU,T5FIRRES,,CO2e_DE,1,2030,,,,,,0.00946
EmissionActivityRatio,BAU,ECU,T5FIRRES,,CO2e_DE,1,2031,,,,,,0.00946
EmissionActivityRatio,BAU,ECU,T5FIRRES,,CO2e_DE,1,2032,,,,,,0.00946
EmissionActivityRatio,BAU,ECU,T5FIRRES,,CO2e_DE,1,2033,,,,,,0.00946
EmissionActivityRatio,BAU,ECU,T5FIRRES,,CO2e_DE,1,2034,,,,,,0.00946
EmissionActivityRatio,BAU,ECU,T5FIRRES,,CO2e_DE,1,2035,,,,,,0.00946
EmissionActivityRatio,BAU,ECU,T5CHARES,,CO2e_DE,1,2010,,,,,,0.005865
EmissionActivityRatio,BAU,ECU,T5CHARES,,CO2e_DE,1,2011,,,,,,0.005865
EmissionActivityRatio,BAU,ECU,T5CHARES,,CO2e_DE,1,2012,,,,,,0.005865
EmissionActivityRatio,BAU,ECU,T5CHARES,,CO2e_DE,1,2013,,,,,,0.005865
EmissionActivityRatio,BAU,ECU,T5CHARES,,CO2e_DE,1,2014,,,,,,0.005865
EmissionActivityRatio,BAU,ECU,T5CHARES,,CO2e_DE,1,2015,,,,,,0.005865
EmissionActivityRatio,BAU,ECU,T5CHARES,,CO2e_DE,1,2016,,,,,,0.005865
EmissionActivityRatio,BAU,ECU,T5CHARES,,CO2e_DE,1,2017,,,,,,0.005865
EmissionActivityRatio,BAU,ECU,T5CHARES,,CO2e_DE,1,2018,,,,,,0.005865
EmissionActivityRatio,BAU,ECU,T5CHARES,,CO2e_DE,1,2019,,,,,,0.005865
EmissionActivityRatio,BAU,ECU,T5CHARES,,CO2e_DE,1,2020,,,,,,0.005865
EmissionActivityRatio,BAU,ECU,T5CHARES,,CO2e_DE,1,2021,,,,,,0.005865
EmissionActivityRatio,BAU,ECU,T5CHARES,,CO2e_DE,1,2022,,,,,,0.005865
EmissionActivityRatio,BAU,ECU,T5CHARES,,CO2e_DE,1,2023,,,,,,0.005865
EmissionActivityRatio,BAU,ECU,T5CHARES,,CO2e_DE,1,2024,,,,,,0.005865
EmissionActivityRatio,BAU,ECU,T5CHARES,,CO2e_DE,1,2025,,,,,,0.005865
EmissionActivityRatio,BAU,ECU,T5CHARES,,CO2e_DE,1,2026,,,,,,0.005865
EmissionActivityRatio,BAU,ECU,T5CHARES,,CO2e_DE,1,2027,,,,,,0.005865
EmissionActivityRatio,BAU,ECU,T5CHARES,,CO2e_DE,1,2028,,,,,,0.005865
EmissionActivityRatio,BAU,ECU,T5CHARES,,CO2e_DE,1,2029,,,,,,0.005865
EmissionActivityRatio,BAU,ECU,T5CHARES,,CO2e_DE,1,2030,,,,,,0.005865
EmissionActivityRatio,BAU,ECU,T5CHARES,,CO2e_DE,1,2031,,,,,,0.005865
EmissionActivityRatio,BAU,ECU,T5CHARES,,CO2e_DE,1,2032,,,,,,0.005865
EmissionActivityRatio,BAU,ECU,T5CHARES,,CO2e_DE,1,2033,,,,,,0.005865
EmissionActivityRatio,BAU,ECU,T5CHARES,,CO2e_DE,1,2034,,,,,,0.005865
EmissionActivityRatio,BAU,ECU,T5CHARES,,CO2e_DE,1,2035,,,,,,0.005865
EmissionActivityRatio,BAU,ECU,T5OPERES,,CO2e_DE,1,2010,,,,,,0.0
EmissionActivityRatio,BAU,ECU,T5OPERES,,CO2e_DE,1,2011,,,,,,0.0
EmissionActivityRatio,BAU,ECU,T5OPERES,,CO2e_DE,1,2012,,,,,,0.0
EmissionActivityRatio,BAU,ECU,T5OPERES,,CO2e_DE,1,2013,,,,,,0.0
EmissionActivityRatio,BAU,ECU,T5OPERES,,CO2e_DE,1,2014,,,,,,0.0
EmissionActivityRatio,BAU,ECU,T5OPERES,,CO2e_DE,1,2015,,,,,,0.0
EmissionActivityRatio,BAU,ECU,T5OPERES,,CO2e_DE,1,2016,,,,,,0.0
EmissionActivityRatio,BAU,ECU,T5OPERES,,CO2e_DE,1,2017,,,,,,0.0
EmissionActivityRatio,BAU,ECU,T5OPERES,,CO2e_DE,1,2018,,,,,,0.0
EmissionActivityRatio,BAU,ECU,T5OPERES,,CO2e_DE,1,2019,,,,,,0.0
EmissionActivityRatio,BAU,ECU,T5OPERES,,CO2e_DE,1,2020,,,,,,0.0
EmissionActivityRatio,BAU,ECU,T5OPERES,,CO2e_DE,1,2021,,,,,,0.0
EmissionActivityRatio,BAU,ECU,T5OPERES,,CO2e_DE,1,2022,,,,,,0.0
EmissionActivityRatio,BAU,ECU,T5OPERES,,CO2e_DE,1,2023,,,,,,0.0
EmissionActivityRatio,BAU,ECU,T5OPERES,,CO2e_DE,1,2024,,,,,,0.0
EmissionActivityRatio,BAU,ECU,T5OPERES,,CO2e_DE,1,2025,,,,,,0.0
EmissionActivityRatio,BAU,ECU,T5OPERES,,CO2e_DE,1,2026,,,,,,0.0
EmissionActivityRatio,BAU,ECU,T5OPERES,,CO2e_DE,1,2027,,,,,,0.0
EmissionActivityRatio,BAU,ECU,T5OPERES,,CO2e_DE,1,2028,,,,,,0.0
EmissionActivityRatio,BAU,ECU,T5OPERES,,CO2e_DE,1,2029,,,,,,0.0
EmissionActivityRatio,BAU,ECU,T5OPERES,,CO2e_DE,1,2030,,,,,,0.0
EmissionActivityRatio,BAU,ECU,T5OPERES,,CO2e_DE,1,2031,,,,,,0.0
EmissionActivityRatio,BAU,ECU,T5OPERES,,CO2e_DE,1,2032,,,,,,0.0
EmissionActivityRatio,BAU,ECU,T5OPERES,,CO2e_DE,1,2033,,,,,,0.0
EmissionActivityRatio,BAU,ECU,T5OPERES,,CO2e_DE,1,2034,,,,,,0.0
EmissionActivityRatio,BAU,ECU,T5OPERES,,CO2e_DE,1,2035,,,,,,0.0
EmissionActivityRatio,BAU,ECU,T5ELEPUB,,CO2e_DE,1,2010,,,,,,0.0
EmissionActivityRatio,BAU,ECU,T5ELEPUB,,CO2e_DE,1,2011,,,,,,0.0
EmissionActivityRatio,BAU,ECU,T5ELEPUB,,CO2e_DE,1,2012,,,,,,0.0
EmissionActivityRatio,BAU,ECU,T5ELEPUB,,CO2e_DE,1,2013,,,,,,0.0
EmissionActivityRatio,BAU,ECU,T5ELEPUB,,CO2e_DE,1,2014,,,,,,0.0
EmissionActivityRatio,BAU,ECU,T5ELEPUB,,CO2e_DE,1,2015,,,,,,0.0
EmissionActivityRatio,BAU,ECU,T5ELEPUB,,CO2e_DE,1,2016,,,,,,0.0
EmissionActivityRatio,BAU,ECU,T5ELEPUB,,CO2e_DE,1,2017,,,,,,0.0
EmissionActivityRatio,BAU,ECU,T5ELEPUB,,CO2e_DE,1,2018,,,,,,0.0
EmissionActivityRatio,BAU,ECU,T5ELEPUB,,CO2e_DE,1,2019,,,,,,0.0
EmissionActivityRatio,BAU,ECU,T5ELEPUB,,CO2e_DE,1,2020,,,,,,0.0
EmissionActivityRatio,BAU,ECU,T5ELEPUB,,CO2e_DE,1,2021,,,,,,0.0
EmissionActivityRatio,BAU,ECU,T5ELEPUB,,CO2e_DE,1,2022,,,,,,0.0
EmissionActivityRatio,BAU,ECU,T5ELEPUB,,CO2e_DE,1,2023,,,,,,0.0
EmissionActivityRatio,BAU,ECU,T5ELEPUB,,CO2e_DE,1,2024,,,,,,0.0
EmissionActivityRatio,BAU,ECU,T5ELEPUB,,CO2e_DE,1,2025,,,,,,0.0
EmissionActivityRatio,BAU,ECU,T5ELEPUB,,CO2e_DE,1,2026,,,,,,0.0
EmissionActivityRatio,BAU,ECU,T5ELEPUB,,CO2e_DE,1,2027,,,,,,0.0
EmissionActivityRatio,BAU,ECU,T5ELEPUB,,CO2e_DE,1,2028,,,,,,0.0
EmissionActivityRatio,BAU,ECU,T5ELEPUB,,CO2e_DE,1,2029,,,,,,0.0
EmissionActivityRatio,BAU,ECU,T5ELEPUB,,CO2e_DE,1,2030,,,,,,0.0
EmissionActivityRatio,BAU,ECU,T5ELEPUB,,CO2e_DE,1,2031,,,,,,0.0
EmissionActivityRatio,BAU,ECU,T5ELEPUB,,CO2e_DE,1,2032,,,,,,0.0
EmissionActivityRatio,BAU,ECU,T5ELEPUB,,CO2e_DE,1,2033,,,,,,0.0
EmissionActivityRatio,BAU,ECU,T5ELEPUB,,CO2e_DE,1,2034,,,,,,0.0
EmissionActivityRatio,BAU,ECU,T5ELEPUB,,CO2e_DE,1,2035,,,,,,0.0
EmissionActivityRatio,BAU,ECU,T5DSLIND,,CO2e_DE,1,2010,,,,,,0.074539
EmissionActivityRatio,BAU,ECU,T5DSLIND,,CO2e_DE,1,2011,,,,,,0.074539
EmissionActivityRatio,BAU,ECU,T5DSLIND,,CO2e_DE,1,2012,,,,,,0.074539
EmissionActivityRatio,BAU,ECU,T5DSLIND,,CO2e_DE,1,2013,,,,,,0.074539
EmissionActivityRatio,BAU,ECU,T5DSLIND,,CO2e_DE,1,2014,,,,,,0.074539
EmissionActivityRatio,BAU,ECU,T5DSLIND,,CO2e_DE,1,2015,,,,,,0.074539
EmissionActivityRatio,BAU,ECU,T5DSLIND,,CO2e_DE,1,2016,,,,,,0.074539
EmissionActivityRatio,BAU,ECU,T5DSLIND,,CO2e_DE,1,2017,,,,,,0.074539
EmissionActivityRatio,BAU,ECU,T5DSLIND,,CO2e_DE,1,2018,,,,,,0.074539
EmissionActivityRatio,BAU,ECU,T5DSLIND,,CO2e_DE,1,2019,,,,,,0.074539
EmissionActivityRatio,BAU,ECU,T5DSLIND,,CO2e_DE,1,2020,,,,,,0.074539
EmissionActivityRatio,BAU,ECU,T5DSLIND,,CO2e_DE,1,2021,,,,,,0.074539
EmissionActivityRatio,BAU,ECU,T5DSLIND,,CO2e_DE,1,2022,,,,,,0.074539
EmissionActivityRatio,BAU,ECU,T5DSLIND,,CO2e_DE,1,2023,,,,,,0.074539
EmissionActivityRatio,BAU,ECU,T5DSLIND,,CO2e_DE,1,2024,,,,,,0.074539
EmissionActivityRatio,BAU,ECU,T5DSLIND,,CO2e_DE,1,2025,,,,,,0.074539
EmissionActivityRatio,BAU,ECU,T5DSLIND,,CO2e_DE,1,2026,,,,,,0.074539
EmissionActivityRatio,BAU,ECU,T5DSLIND,,CO2e_DE,1,2027,,,,,,0.074539
EmissionActivityRatio,BAU,ECU,T5DSLIND,,CO2e_DE,1,2028,,,,,,0.074539
EmissionActivityRatio,BAU,ECU,T5DSLIND,,CO2e_DE,1,2029,,,,,,0.074539
EmissionActivityRatio,BAU,ECU,T5DSLIND,,CO2e_DE,1,2030,,,,,,0.074539
EmissionActivityRatio,BAU,ECU,T5DSLIND,,CO2e_DE,1,2031,,,,,,0.074539
EmissionActivityRatio,BAU,ECU,T5DSLIND,,CO2e_DE,1,2032,,,,,,0.074539
EmissionActivityRatio,BAU,ECU,T5DSLIND,,CO2e_DE,1,2033,,,,,,0.074539
EmissionActivityRatio,BAU,ECU,T5DSLIND,,CO2e_DE,1,2034,,,,,,0.074539
EmissionActivityRatio,BAU,ECU,T5DSLIND,,CO2e_DE,1,2035,,,,,,0.074539
EmissionActivityRatio,BAU,ECU,T5GSLIND,,CO2e_DE,1,2010,,,,,,0.069739
EmissionActivityRatio,BAU,ECU,T5GSLIND,,CO2e_DE,1,2011,,,,,,0.069739
EmissionActivityRatio,BAU,ECU,T5GSLIND,,CO2e_DE,1,2012,,,,,,0.069739
EmissionActivityRatio,BAU,ECU,T5GSLIND,,CO2e_DE,1,2013,,,,,,0.069739
EmissionActivityRatio,BAU,ECU,T5GSLIND,,CO2e_DE,1,2014,,,,,,0.069739
EmissionActivityRatio,BAU,ECU,T5GSLIND,,CO2e_DE,1,2015,,,,,,0.069739
EmissionActivityRatio,BAU,ECU,T5GSLIND,,CO2e_DE,1,2016,,,,,,0.069739
EmissionActivityRatio,BAU,ECU,T5GSLIND,,CO2e_DE,1,2017,,,,,,0.069739
EmissionActivityRatio,BAU,ECU,T5GSLIND,,CO2e_DE,1,2018,,,,,,0.069739
EmissionActivityRatio,BAU,ECU,T5GSLIND,,CO2e_DE,1,2019,,,,,,0.069739
EmissionActivityRatio,BAU,ECU,T5GSLIND,,CO2e_DE,1,2020,,,,,,0.069739
EmissionActivityRatio,BAU,ECU,T5GSLIND,,CO2e_DE,1,2021,,,,,,0.069739
EmissionActivityRatio,BAU,ECU,T5GSLIND,,CO2e_DE,1,2022,,,,,,0.069739
EmissionActivityRatio,BAU,ECU,T5GSLIND,,CO2e_DE,1,2023,,,,,,0.069739
EmissionActivityRatio,BAU,ECU,T5GSLIND,,CO2e_DE,1,2024,,,,,,0.069739
EmissionActivityRatio,BAU,ECU,T5GSLIND,,CO2e_DE,1,2025,,,,,,0.069739
EmissionActivityRatio,BAU,ECU,T5GSLIND,,CO2e_DE,1,2026,,,,,,0.069739
EmissionActivityRatio,BAU,ECU,T5GSLIND,,CO2e_DE,1,2027,,,,,,0.069739
EmissionActivityRatio,BAU,ECU,T5GSLIND,,CO2e_DE,1,2028,,,,,,0.069739
EmissionActivityRatio,BAU,ECU,T5GSLIND,,CO2e_DE,1,2029,,,,,,0.069739
EmissionActivityRatio,BAU,ECU,T5GSLIND,,CO2e_DE,1,2030,,,,,,0.069739
EmissionActivityRatio,BAU,ECU,T5GSLIND,,CO2e_DE,1,2031,,,,,,0.069739
EmissionActivityRatio,BAU,ECU,T5GSLIND,,CO2e_DE,1,2032,,,,,,0.069739
EmissionActivityRatio,BAU,ECU,T5GSLIND,,CO2e_DE,1,2033,,,,,,0.069739
EmissionActivityRatio,BAU,ECU,T5GSLIND,,CO2e_DE,1,2034,,,,,,0.069739
EmissionActivityRatio,BAU,ECU,T5GSLIND,,CO2e_DE,1,2035,,,,,,0.069739
EmissionActivityRatio,BAU,ECU,T5NGSIND,,CO2e_DE,1,2010,,,,,,0.0561545
EmissionActivityRatio,BAU,ECU,T5NGSIND,,CO2e_DE,1,2011,,,,,,0.0561545
EmissionActivityRatio,BAU,ECU,T5NGSIND,,CO2e_DE,1,2012,,,,,,0.0561545
EmissionActivityRatio,BAU,ECU,T5NGSIND,,CO2e_DE,1,2013,,,,,,0.0561545
EmissionActivityRatio,BAU,ECU,T5NGSIND,,CO2e_DE,1,2014,,,,,,0.0561545
EmissionActivityRatio,BAU,ECU,T5NGSIND,,CO2e_DE,1,2015,,,,,,0.0561545
EmissionActivityRatio,BAU,ECU,T5NGSIND,,CO2e_DE,1,2016,,,,,,0.0561545
EmissionActivityRatio,BAU,ECU,T5NGSIND,,CO2e_DE,1,2017,,,,,,0.0561545
EmissionActivityRatio,BAU,ECU,T5NGSIND,,CO2e_DE,1,2018,,,,,,0.0561545
EmissionActivityRatio,BAU,ECU,T5NGSIND,,CO2e_DE,1,2019,,,,,,0.0561545
EmissionActivityRatio,BAU,ECU,T5NGSIND,,CO2e_DE,1,2020,,,,,,0.0561545
EmissionActivityRatio,BAU,ECU,T5NGSIND,,CO2e_DE,1,2021,,,,,,0.0561545
EmissionActivityRatio,BAU,ECU,T5NGSIND,,CO2e_DE,1,2022,,,,,,0.0561545
EmissionActivityRatio,BAU,ECU,T5NGSIND,,CO2e_DE,1,2023,,,,,,0.0561545
EmissionActivityRatio,BAU,ECU,T5NGSIND,,CO2e_DE,1,2024,,,,,,0.0561545
EmissionActivityRatio,BAU,ECU,T5NGSIND,,CO2e_DE,1,2025,,,,,,0.0561545
EmissionActivityRatio,BAU,ECU,T5NGSIND,,CO2e_DE,1,2026,,,,,,0.0561545
EmissionActivityRatio,BAU,ECU,T5NGSIND,,CO2e_DE,1,2027,,,,,,0.0561545
EmissionActivityRatio,BAU,ECU,T5NGSIND,,CO2e_DE,1,2028,,,,,,0.0561545
EmissionActivityRatio,BAU,ECU,T5NGSIND,,CO2e_DE,1,2029,,,,,,0.0561545
EmissionActivityRatio,BAU,ECU,T5NGSIND,,CO2e_DE,1,2030,,,,,,0.0561545
EmissionActivityRatio,BAU,ECU,T5NGSIND,,CO2e_DE,1,2031,,,,,,0.0561545
EmissionActivityRatio,BAU,ECU,T5NGSIND,,CO2e_DE,1,2032,,,,,,0.0561545
EmissionActivityRatio,BAU,ECU,T5NGSIND,,CO2e_DE,1,2033,,,,,,0.0561545
EmissionActivityRatio,BAU,ECU,T5NGSIND,,CO2e_DE,1,2034,,,,,,0.0561545
EmissionActivityRatio,BAU,ECU,T5NGSIND,,CO2e_DE,1,2035,,,,,,0.0561545
EmissionActivityRatio,BAU,ECU,T5ELEIND,,CO2e_DE,1,2010,,,,,,0.0
EmissionActivityRatio,BAU,ECU,T5ELEIND,,CO2e_DE,1,2011,,,,,,0.0
EmissionActivityRatio,BAU,ECU,T5ELEIND,,CO2e_DE,1,2012,,,,,,0.0
EmissionActivityRatio,BAU,ECU,T5ELEIND,,CO2e_DE,1,2013,,,,,,0.0
EmissionActivityRatio,BAU,ECU,T5ELEIND,,CO2e_DE,1,2014,,,,,,0.0
EmissionActivityRatio,BAU,ECU,T5ELEIND,,CO2e_DE,1,2015,,,,,,0.0
EmissionActivityRatio,BAU,ECU,T5ELEIND,,CO2e_DE,1,2016,,,,,,0.0
EmissionActivityRatio,BAU,ECU,T5ELEIND,,CO2e_DE,1,2017,,,,,,0.0
EmissionActivityRatio,BAU,ECU,T5ELEIND,,CO2e_DE,1,2018,,,,,,0.0
EmissionActivityRatio,BAU,ECU,T5ELEIND,,CO2e_DE,1,2019,,,,,,0.0
EmissionActivityRatio,BAU,ECU,T5ELEIND,,CO2e_DE,1,2020,,,,,,0.0
EmissionActivityRatio,BAU,ECU,T5ELEIND,,CO2e_DE,1,2021,,,,,,0.0
EmissionActivityRatio,BAU,ECU,T5ELEIND,,CO2e_DE,1,2022,,,,,,0.0
EmissionActivityRatio,BAU,ECU,T5ELEIND,,CO2e_DE,1,2023,,,,,,0.0
EmissionActivityRatio,BAU,ECU,T5ELEIND,,CO2e_DE,1,2024,,,,,,0.0
EmissionActivityRatio,BAU,ECU,T5ELEIND,,CO2e_DE,1,2025,,,,,,0.0
EmissionActivityRatio,BAU,ECU,T5ELEIND,,CO2e_DE,1,2026,,,,,,0.0
EmissionActivityRatio,BAU,ECU,T5ELEIND,,CO2e_DE,1,2027,,,,,,0.0
EmissionActivityRatio,BAU,ECU,T5ELEIND,,CO2e_DE,1,2028,,,,,,0.0
EmissionActivityRatio,BAU,ECU,T5ELEIND,,CO2e_DE,1,2029,,,,,,0.0
EmissionActivityRatio,BAU,ECU,T5ELEIND,,CO2e_DE,1,2030,,,,,,0.0
EmissionActivityRatio,BAU,ECU,T5ELEIND,,CO2e_DE,1,2031,,,,,,0.0
EmissionActivityRatio,BAU,ECU,T5ELEIND,,CO2e_DE,1,2032,,,,,,0.0
EmissionActivityRatio,BAU,ECU,T5ELEIND,,CO2e_DE,1,2033,,,,,,0.0
EmissionActivityRatio,BAU,ECU,T5ELEIND,,CO2e_DE,1,2034,,,,,,0.0
EmissionActivityRatio,BAU,ECU,T5ELEIND,,CO2e_DE,1,2035,,,,,,0.0
EmissionActivityRatio,BAU,ECU,T5HYDIND,,CO2e_DE,1,2010,,,,,,0.0
EmissionActivityRatio,BAU,ECU,T5HYDIND,,CO2e_DE,1,2011,,,,,,0.0
EmissionActivityRatio,BAU,ECU,T5HYDIND,,CO2e_DE,1,2012,,,,,,0.0
EmissionActivityRatio,BAU,ECU,T5HYDIND,,CO2e_DE,1,2013,,,,,,0.0
EmissionActivityRatio,BAU,ECU,T5HYDIND,,CO2e_DE,1,2014,,,,,,0.0
EmissionActivityRatio,BAU,ECU,T5HYDIND,,CO2e_DE,1,2015,,,,,,0.0
EmissionActivityRatio,BAU,ECU,T5HYDIND,,CO2e_DE,1,2016,,,,,,0.0
EmissionActivityRatio,BAU,ECU,T5HYDIND,,CO2e_DE,1,2017,,,,,,0.0
EmissionActivityRatio,BAU,ECU,T5HYDIND,,CO2e_DE,1,2018,,,,,,0.0
EmissionActivityRatio,BAU,ECU,T5HYDIND,,CO2e_DE,1,2019,,,,,,0.0
EmissionActivityRatio,BAU,ECU,T5HYDIND,,CO2e_DE,1,2020,,,,,,0.0
EmissionActivityRatio,BAU,ECU,T5HYDIND,,CO2e_DE,1,2021,,,,,,0.0
EmissionActivityRatio,BAU,ECU,T5HYDIND,,CO2e_DE,1,2022,,,,,,0.0
EmissionActivityRatio,BAU,ECU,T5HYDIND,,CO2e_DE,1,2023,,,,,,0.0
EmissionActivityRatio,BAU,ECU,T5HYDIND,,CO2e_DE,1,2024,,,,,,0.0
EmissionActivityRatio,BAU,ECU,T5HYDIND,,CO2e_DE,1,2025,,,,,,0.0
EmissionActivityRatio,BAU,ECU,T5HYDIND,,CO2e_DE,1,2026,,,,,,0.0
EmissionActivityRatio,BAU,ECU,T5HYDIND,,CO2e_DE,1,2027,,,,,,0.0
EmissionActivityRatio,BAU,ECU,T5HYDIND,,CO2e_DE,1,2028,,,,,,0.0
EmissionActivityRatio,BAU,ECU,T5HYDIND,,CO2e_DE,1,2029,,,,,,0.0
EmissionActivityRatio,BAU,ECU,T5HYDIND,,CO2e_DE,1,2030,,,,,,0.0
EmissionActivityRatio,BAU,ECU,T5HYDIND,,CO2e_DE,1,2031,,,,,,0.0
EmissionActivityRatio,BAU,ECU,T5HYDIND,,CO2e_DE,1,2032,,,,,,0.0
EmissionActivityRatio,BAU,ECU,T5HYDIND,,CO2e_DE,1,2033,,,,,,0.0
EmissionActivityRatio,BAU,ECU,T5HYDIND,,CO2e_DE,1,2034,,,,,,0.0
EmissionActivityRatio,BAU,ECU,T5HYDIND,,CO2e_DE,1,2035,,,,,,0.0
EmissionActivityRatio,BAU,ECU,T5LPGIND,,CO2e_DE,1,2010,,,,,,0.0632665
EmissionActivityRatio,BAU,ECU,T5LPGIND,,CO2e_DE,1,2011,,,,,,0.0632665
EmissionActivityRatio,BAU,ECU,T5LPGIND,,CO2e_DE,1,2012,,,,,,0.0632665
EmissionActivityRatio,BAU,ECU,T5LPGIND,,CO2e_DE,1,2013,,,,,,0.0632665
EmissionActivityRatio,BAU,ECU,T5LPGIND,,CO2e_DE,1,2014,,,,,,0.0632665
EmissionActivityRatio,BAU,ECU,T5LPGIND,,CO2e_DE,1,2015,,,,,,0.0632665
EmissionActivityRatio,BAU,ECU,T5LPGIND,,CO2e_DE,1,2016,,,,,,0.0632665
EmissionActivityRatio,BAU,ECU,T5LPGIND,,CO2e_DE,1,2017,,,,,,0.0632665
EmissionActivityRatio,BAU,ECU,T5LPGIND,,CO2e_DE,1,2018,,,,,,0.0632665
EmissionActivityRatio,BAU,ECU,T5LPGIND,,CO2e_DE,1,2019,,,,,,0.0632665
EmissionActivityRatio,BAU,ECU,T5LPGIND,,CO2e_DE,1,2020,,,,,,0.0632665
EmissionActivityRatio,BAU,ECU,T5LPGIND,,CO2e_DE,1,2021,,,,,,0.0632665
EmissionActivityRatio,BAU,ECU,T5LPGIND,,CO2e_DE,1,2022,,,,,,0.0632665
EmissionActivityRatio,BAU,ECU,T5LPGIND,,CO2e_DE,1,2023,,,,,,0.0632665
EmissionActivityRatio,BAU,ECU,T5LPGIND,,CO2e_DE,1,2024,,,,,,0.0632665
EmissionActivityRatio,BAU,ECU,T5LPGIND,,CO2e_DE,1,2025,,,,,,0.0632665
EmissionActivityRatio,BAU,ECU,T5LPGIND,,CO2e_DE,1,2026,,,,,,0.0632665
EmissionActivityRatio,BAU,ECU,T5LPGIND,,CO2e_DE,1,2027,,,,,,0.0632665
EmissionActivityRatio,BAU,ECU,T5LPGIND,,CO2e_DE,1,2028,,,,,,0.0632665
EmissionActivityRatio,BAU,ECU,T5LPGIND,,CO2e_DE,1,2029,,,,,,0.0632665
EmissionActivityRatio,BAU,ECU,T5LPGIND,,CO2e_DE,1,2030,,,,,,0.0632665
EmissionActivityRatio,BAU,ECU,T5LPGIND,,CO2e_DE,1,2031,,,,,,0.0632665
EmissionActivityRatio,BAU,ECU,T5LPGIND,,CO2e_DE,1,2032,,,,,,0.0632665
EmissionActivityRatio,BAU,ECU,T5LPGIND,,CO2e_DE,1,2033,,,,,,0.0632665
EmissionActivityRatio,BAU,ECU,T5LPGIND,,CO2e_DE,1,2034,,,,,,0.0632665
EmissionActivityRatio,BAU,ECU,T5LPGIND,,CO2e_DE,1,2035,,,,,,0.0632665
EmissionActivityRatio,BAU,ECU,T5BIMIND,,CO2e_DE,1,2010,,,,,,0.0019
EmissionActivityRatio,BAU,ECU,T5BIMIND,,CO2e_DE,1,2011,,,,,,0.0019
EmissionActivityRatio,BAU,ECU,T5BIMIND,,CO2e_DE,1,2012,,,,,,0.0019
EmissionActivityRatio,BAU,ECU,T5BIMIND,,CO2e_DE,1,2013,,,,,,0.0019
EmissionActivityRatio,BAU,ECU,T5BIMIND,,CO2e_DE,1,2014,,,,,,0.0019
EmissionActivityRatio,BAU,ECU,T5BIMIND,,CO2e_DE,1,2015,,,,,,0.0019
EmissionActivityRatio,BAU,ECU,T5BIMIND,,CO2e_DE,1,2016,,,,,,0.0019
EmissionActivityRatio,BAU,ECU,T5BIMIND,,CO2e_DE,1,2017,,,,,,0.0019
EmissionActivityRatio,BAU,ECU,T5BIMIND,,CO2e_DE,1,2018,,,,,,0.0019
EmissionActivityRatio,BAU,ECU,T5BIMIND,,CO2e_DE,1,2019,,,,,,0.0019
EmissionActivityRatio,BAU,ECU,T5BIMIND,,CO2e_DE,1,2020,,,,,,0.0019
EmissionActivityRatio,BAU,ECU,T5BIMIND,,CO2e_DE,1,2021,,,,,,0.0019
EmissionActivityRatio,BAU,ECU,T5BIMIND,,CO2e_DE,1,2022,,,,,,0.0019
EmissionActivityRatio,BAU,ECU,T5BIMIND,,CO2e_DE,1,2023,,,,,,0.0019
EmissionActivityRatio,BAU,ECU,T5BIMIND,,CO2e_DE,1,2024,,,,,,0.0019
EmissionActivityRatio,BAU,ECU,T5BIMIND,,CO2e_DE,1,2025,,,,,,0.0019
EmissionActivityRatio,BAU,ECU,T5BIMIND,,CO2e_DE,1,2026,,,,,,0.0019
EmissionActivityRatio,BAU,ECU,T5BIMIND,,CO2e_DE,1,2027,,,,,,0.0019
EmissionActivityRatio,BAU,ECU,T5BIMIND,,CO2e_DE,1,2028,,,,,,0.0019
EmissionActivityRatio,BAU,ECU,T5BIMIND,,CO2e_DE,1,2029,,,,,,0.0019
EmissionActivityRatio,BAU,ECU,T5BIMIND,,CO2e_DE,1,2030,,,,,,0.0019
EmissionActivityRatio,BAU,ECU,T5BIMIND,,CO2e_DE,1,2031,,,,,,0.0019
EmissionActivityRatio,BAU,ECU,T5BIMIND,,CO2e_DE,1,2032,,,,,,0.0019
EmissionActivityRatio,BAU,ECU,T5BIMIND,,CO2e_DE,1,2033,,,,,,0.0019
EmissionActivityRatio,BAU,ECU,T5BIMIND,,CO2e_DE,1,2034,,,,,,0.0019
EmissionActivityRatio,BAU,ECU,T5BIMIND,,CO2e_DE,1,2035,,,,,,0.0019
EmissionActivityRatio,BAU,ECU,T5FIRIND,,CO2e_DE,1,2010,,,,,,0.00946
EmissionActivityRatio,BAU,ECU,T5FIRIND,,CO2e_DE,1,2011,,,,,,0.00946
EmissionActivityRatio,BAU,ECU,T5FIRIND,,CO2e_DE,1,2012,,,,,,0.00946
EmissionActivityRatio,BAU,ECU,T5FIRIND,,CO2e_DE,1,2013,,,,,,0.00946
EmissionActivityRatio,BAU,ECU,T5FIRIND,,CO2e_DE,1,2014,,,,,,0.00946
EmissionActivityRatio,BAU,ECU,T5FIRIND,,CO2e_DE,1,2015,,,,,,0.00946
EmissionActivityRatio,BAU,ECU,T5FIRIND,,CO2e_DE,1,2016,,,,,,0.00946
EmissionActivityRatio,BAU,ECU,T5FIRIND,,CO2e_DE,1,2017,,,,,,0.00946
EmissionActivityRatio,BAU,ECU,T5FIRIND,,CO2e_DE,1,2018,,,,,,0.00946
EmissionActivityRatio,BAU,ECU,T5FIRIND,,CO2e_DE,1,2019,,,,,,0.00946
EmissionActivityRatio,BAU,ECU,T5FIRIND,,CO2e_DE,1,2020,,,,,,0.00946
EmissionActivityRatio,BAU,ECU,T5FIRIND,,CO2e_DE,1,2021,,,,,,0.00946
EmissionActivityRatio,BAU,ECU,T5FIRIND,,CO2e_DE,1,2022,,,,,,0.00946
EmissionActivityRatio,BAU,ECU,T5FIRIND,,CO2e_DE,1,2023,,,,,,0.00946
EmissionActivityRatio,BAU,ECU,T5FIRIND,,CO2e_DE,1,2024,,,,,,0.00946
EmissionActivityRatio,BAU,ECU,T5FIRIND,,CO2e_DE,1,2025,,,,,,0.00946
EmissionActivityRatio,BAU,ECU,T5FIRIND,,CO2e_DE,1,2026,,,,,,0.00946
EmissionActivityRatio,BAU,ECU,T5FIRIND,,CO2e_DE,1,2027,,,,,,0.00946
EmissionActivityRatio,BAU,ECU,T5FIRIND,,CO2e_DE,1,2028,,,,,,0.00946
EmissionActivityRatio,BAU,ECU,T5FIRIND,,CO2e_DE,1,2029,,,,,,0.00946
EmissionActivityRatio,BAU,ECU,T5FIRIND,,CO2e_DE,1,2030,,,,,,0.00946
EmissionActivityRatio,BAU,ECU,T5FIRIND,,CO2e_DE,1,2031,,,,,,0.00946
EmissionActivityRatio,BAU,ECU,T5FIRIND,,CO2e_DE,1,2032,,,,,,0.00946
EmissionActivityRatio,BAU,ECU,T5FIRIND,,CO2e_DE,1,2033,,,,,,0.00946
EmissionActivityRatio,BAU,ECU,T5FIRIND,,CO2e_DE,1,2034,,,,,,0.00946
EmissionActivityRatio,BAU,ECU,T5FIRIND,,CO2e_DE,1,2035,,,,,,0.00946
EmissionActivityRatio,BAU,ECU,T5FOIIND,,CO2e_DE,1,2010,,,,,,0.077839
EmissionActivityRatio,BAU,ECU,T5FOIIND,,CO2e_DE,1,2011,,,,,,0.077839
EmissionActivityRatio,BAU,ECU,T5FOIIND,,CO2e_DE,1,2012,,,,,,0.077839
EmissionActivityRatio,BAU,ECU,T5FOIIND,,CO2e_DE,1,2013,,,,,,0.077839
EmissionActivityRatio,BAU,ECU,T5FOIIND,,CO2e_DE,1,2014,,,,,,0.077839
EmissionActivityRatio,BAU,ECU,T5FOIIND,,CO2e_DE,1,2015,,,,,,0.077839
EmissionActivityRatio,BAU,ECU,T5FOIIND,,CO2e_DE,1,2016,,,,,,0.077839
EmissionActivityRatio,BAU,ECU,T5FOIIND,,CO2e_DE,1,2017,,,,,,0.077839
EmissionActivityRatio,BAU,ECU,T5FOIIND,,CO2e_DE,1,2018,,,,,,0.077839
EmissionActivityRatio,BAU,ECU,T5FOIIND,,CO2e_DE,1,2019,,,,,,0.077839
EmissionActivityRatio,BAU,ECU,T5FOIIND,,CO2e_DE,1,2020,,,,,,0.077839
EmissionActivityRatio,BAU,ECU,T5FOIIND,,CO2e_DE,1,2021,,,,,,0.077839
EmissionActivityRatio,BAU,ECU,T5FOIIND,,CO2e_DE,1,2022,,,,,,0.077839
EmissionActivityRatio,BAU,ECU,T5FOIIND,,CO2e_DE,1,2023,,,,,,0.077839
EmissionActivityRatio,BAU,ECU,T5FOIIND,,CO2e_DE,1,2024,,,,,,0.077839
EmissionActivityRatio,BAU,ECU,T5FOIIND,,CO2e_DE,1,2025,,,,,,0.077839
EmissionActivityRatio,BAU,ECU,T5FOIIND,,CO2e_DE,1,2026,,,,,,0.077839
EmissionActivityRatio,BAU,ECU,T5FOIIND,,CO2e_DE,1,2027,,,,,,0.077839
EmissionActivityRatio,BAU,ECU,T5FOIIND,,CO2e_DE,1,2028,,,,,,0.077839
EmissionActivityRatio,BAU,ECU,T5FOIIND,,CO2e_DE,1,2029,,,,,,0.077839
EmissionActivityRatio,BAU,ECU,T5FOIIND,,CO2e_DE,1,2030,,,,,,0.077839
EmissionActivityRatio,BAU,ECU,T5FOIIND,,CO2e_DE,1,2031,,,,,,0.077839
EmissionActivityRatio,BAU,ECU,T5FOIIND,,CO2e_DE,1,2032,,,,,,0.077839
EmissionActivityRatio,BAU,ECU,T5FOIIND,,CO2e_DE,1,2033,,,,,,0.077839
EmissionActivityRatio,BAU,ECU,T5FOIIND,,CO2e_DE,1,2034,,,,,,0.077839
EmissionActivityRatio,BAU,ECU,T5FOIIND,,CO2e_DE,1,2035,,,,,,0.077839
EmissionActivityRatio,BAU,ECU,T5COAIND,,CO2e_DE,1,2010,,,,,,0.09596
EmissionActivityRatio,BAU,ECU,T5COAIND,,CO2e_DE,1,2011,,,,,,0.09596
EmissionActivityRatio,BAU,ECU,T5COAIND,,CO2e_DE,1,2012,,,,,,0.09596
EmissionActivityRatio,BAU,ECU,T5COAIND,,CO2e_DE,1,2013,,,,,,0.09596
EmissionActivityRatio,BAU,ECU,T5COAIND,,CO2e_DE,1,2014,,,,,,0.09596
EmissionActivityRatio,BAU,ECU,T5COAIND,,CO2e_DE,1,2015,,,,,,0.09596
EmissionActivityRatio,BAU,ECU,T5COAIND,,CO2e_DE,1,2016,,,,,,0.09596
EmissionActivityRatio,BAU,ECU,T5COAIND,,CO2e_DE,1,2017,,,,,,0.09596
EmissionActivityRatio,BAU,ECU,T5COAIND,,CO2e_DE,1,2018,,,,,,0.09596
EmissionActivityRatio,BAU,ECU,T5COAIND,,CO2e_DE,1,2019,,,,,,0.09596
EmissionActivityRatio,BAU,ECU,T5COAIND,,CO2e_DE,1,2020,,,,,,0.09596
EmissionActivityRatio,BAU,ECU,T5COAIND,,CO2e_DE,1,2021,,,,,,0.09596
EmissionActivityRatio,BAU,ECU,T5COAIND,,CO2e_DE,1,2022,,,,,,0.09596
EmissionActivityRatio,BAU,ECU,T5COAIND,,CO2e_DE,1,2023,,,,,,0.09596
EmissionActivityRatio,BAU,ECU,T5COAIND,,CO2e_DE,1,2024,,,,,,0.09596
EmissionActivityRatio,BAU,ECU,T5COAIND,,CO2e_DE,1,2025,,,,,,0.09596
EmissionActivityRatio,BAU,ECU,T5COAIND,,CO2e_DE,1,2026,,,,,,0.09596
EmissionActivityRatio,BAU,ECU,T5COAIND,,CO2e_DE,1,2027,,,,,,0.09596
EmissionActivityRatio,BAU,ECU,T5COAIND,,CO2e_DE,1,2028,,,,,,0.09596
EmissionActivityRatio,BAU,ECU,T5COAIND,,CO2e_DE,1,2029,,,,,,0.09596
EmissionActivityRatio,BAU,ECU,T5COAIND,,CO2e_DE,1,2030,,,,,,0.09596
EmissionActivityRatio,BAU,ECU,T5COAIND,,CO2e_DE,1,2031,,,,,,0.09596
EmissionActivityRatio,BAU,ECU,T5COAIND,,CO2e_DE,1,2032,,,,,,0.09596
EmissionActivityRatio,BAU,ECU,T5COAIND,,CO2e_DE,1,2033,,,,,,0.09596
EmissionActivityRatio,BAU,ECU,T5COAIND,,CO2e_DE,1,2034,,,,,,0.09596
EmissionActivityRatio,BAU,ECU,T5COAIND,,CO2e_DE,1,2035,,,,,,0.09596
EmissionActivityRatio,BAU,ECU,T5RDFIND,,CO2e_DE,1,2010,,,,,,0.092844
EmissionActivityRatio,BAU,ECU,T5RDFIND,,CO2e_DE,1,2011,,,,,,0.092844
EmissionActivityRatio,BAU,ECU,T5RDFIND,,CO2e_DE,1,2012,,,,,,0.092844
EmissionActivityRatio,BAU,ECU,T5RDFIND,,CO2e_DE,1,2013,,,,,,0.092844
EmissionActivityRatio,BAU,ECU,T5RDFIND,,CO2e_DE,1,2014,,,,,,0.092844
EmissionActivityRatio,BAU,ECU,T5RDFIND,,CO2e_DE,1,2015,,,,,,0.092844
EmissionActivityRatio,BAU,ECU,T5RDFIND,,CO2e_DE,1,2016,,,,,,0.092844
EmissionActivityRatio,BAU,ECU,T5RDFIND,,CO2e_DE,1,2017,,,,,,0.092844
EmissionActivityRatio,BAU,ECU,T5RDFIND,,CO2e_DE,1,2018,,,,,,0.092844
EmissionActivityRatio,BAU,ECU,T5RDFIND,,CO2e_DE,1,2019,,,,,,0.092844
EmissionActivityRatio,BAU,ECU,T5RDFIND,,CO2e_DE,1,2020,,,,,,0.092844
EmissionActivityRatio,BAU,ECU,T5RDFIND,,CO2e_DE,1,2021,,,,,,0.092844
EmissionActivityRatio,BAU,ECU,T5RDFIND,,CO2e_DE,1,2022,,,,,,0.092844
EmissionActivityRatio,BAU,ECU,T5RDFIND,,CO2e_DE,1,2023,,,,,,0.092844
EmissionActivityRatio,BAU,ECU,T5RDFIND,,CO2e_DE,1,2024,,,,,,0.092844
EmissionActivityRatio,BAU,ECU,T5RDFIND,,CO2e_DE,1,2025,,,,,,0.092844
EmissionActivityRatio,BAU,ECU,T5RDFIND,,CO2e_DE,1,2026,,,,,,0.092844
EmissionActivityRatio,BAU,ECU,T5RDFIND,,CO2e_DE,1,2027,,,,,,0.092844
EmissionActivityRatio,BAU,ECU,T5RDFIND,,CO2e_DE,1,2028,,,,,,0.092844
EmissionActivityRatio,BAU,ECU,T5RDFIND,,CO2e_DE,1,2029,,,,,,0.092844
EmissionActivityRatio,BAU,ECU,T5RDFIND,,CO2e_DE,1,2030,,,,,,0.092844
EmissionActivityRatio,BAU,ECU,T5RDFIND,,CO2e_DE,1,2031,,,,,,0.092844
EmissionActivityRatio,BAU,ECU,T5RDFIND,,CO2e_DE,1,2032,,,,,,0.092844
EmissionActivityRatio,BAU,ECU,T5RDFIND,,CO2e_DE,1,2033,,,,,,0.092844
EmissionActivityRatio,BAU,ECU,T5RDFIND,,CO2e_DE,1,2034,,,,,,0.092844
EmissionActivityRatio,BAU,ECU,T5RDFIND,,CO2e_DE,1,2035,,,,,,0.092844
EmissionActivityRatio,BAU,ECU,T5OIDIND,,CO2e_DE,1,2010,,,,,,0.0752
EmissionActivityRatio,BAU,ECU,T5OIDIND,,CO2e_DE,1,2011,,,,,,0.0752
EmissionActivityRatio,BAU,ECU,T5OIDIND,,CO2e_DE,1,2012,,,,,,0.0752
EmissionActivityRatio,BAU,ECU,T5OIDIND,,CO2e_DE,1,2013,,,,,,0.0752
EmissionActivityRatio,BAU,ECU,T5OIDIND,,CO2e_DE,1,2014,,,,,,0.0752
EmissionActivityRatio,BAU,ECU,T5OIDIND,,CO2e_DE,1,2015,,,,,,0.0752
EmissionActivityRatio,BAU,ECU,T5OIDIND,,CO2e_DE,1,2016,,,,,,0.0752
EmissionActivityRatio,BAU,ECU,T5OIDIND,,CO2e_DE,1,2017,,,,,,0.0752
EmissionActivityRatio,BAU,ECU,T5OIDIND,,CO2e_DE,1,2018,,,,,,0.0752
EmissionActivityRatio,BAU,ECU,T5OIDIND,,CO2e_DE,1,2019,,,,,,0.0752
EmissionActivityRatio,BAU,ECU,T5OIDIND,,CO2e_DE,1,2020,,,,,,0.0752
EmissionActivityRatio,BAU,ECU,T5OIDIND,,CO2e_DE,1,2021,,,,,,0.0752
EmissionActivityRatio,BAU,ECU,T5OIDIND,,CO2e_DE,1,2022,,,,,,0.0752
EmissionActivityRatio,BAU,ECU,T5OIDIND,,CO2e_DE,1,2023,,,,,,0.0752
EmissionActivityRatio,BAU,ECU,T5OIDIND,,CO2e_DE,1,2024,,,,,,0.0752
EmissionActivityRatio,BAU,ECU,T5OIDIND,,CO2e_DE,1,2025,,,,,,0.0752
EmissionActivityRatio,BAU,ECU,T5OIDIND,,CO2e_DE,1,2026,,,,,,0.0752
EmissionActivityRatio,BAU,ECU,T5OIDIND,,CO2e_DE,1,2027,,,,,,0.0752
EmissionActivityRatio,BAU,ECU,T5OIDIND,,CO2e_DE,1,2028,,,,,,0.0752
EmissionActivityRatio,BAU,ECU,T5OIDIND,,CO2e_DE,1,2029,,,,,,0.0752
EmissionActivityRatio,BAU,ECU,T5OIDIND,,CO2e_DE,1,2030,,,,,,0.0752
EmissionActivityRatio,BAU,ECU,T5OIDIND,,CO2e_DE,1,2031,,,,,,0.0752
EmissionActivityRatio,BAU,ECU,T5OIDIND,,CO2e_DE,1,2032,,,,,,0.0752
EmissionActivityRatio,BAU,ECU,T5OIDIND,,CO2e_DE,1,2033,,,,,,0.0752
EmissionActivityRatio,BAU,ECU,T5OIDIND,,CO2e_DE,1,2034,,,,,,0.0752
EmissionActivityRatio,BAU,ECU,T5OIDIND,,CO2e_DE,1,2035,,,,,,0.0752
EmissionActivityRatio,BAU,ECU,T5DSLCON,,CO2e_DE,1,2010,,,,,,0.074539
EmissionActivityRatio,BAU,ECU,T5DSLCON,,CO2e_DE,1,2011,,,,,,0.074539
EmissionActivityRatio,BAU,ECU,T5DSLCON,,CO2e_DE,1,2012,,,,,,0.074539
EmissionActivityRatio,BAU,ECU,T5DSLCON,,CO2e_DE,1,2013,,,,,,0.074539
EmissionActivityRatio,BAU,ECU,T5DSLCON,,CO2e_DE,1,2014,,,,,,0.074539
EmissionActivityRatio,BAU,ECU,T5DSLCON,,CO2e_DE,1,2015,,,,,,0.074539
EmissionActivityRatio,BAU,ECU,T5DSLCON,,CO2e_DE,1,2016,,,,,,0.074539
EmissionActivityRatio,BAU,ECU,T5DSLCON,,CO2e_DE,1,2017,,,,,,0.074539
EmissionActivityRatio,BAU,ECU,T5DSLCON,,CO2e_DE,1,2018,,,,,,0.074539
EmissionActivityRatio,BAU,ECU,T5DSLCON,,CO2e_DE,1,2019,,,,,,0.074539
EmissionActivityRatio,BAU,ECU,T5DSLCON,,CO2e_DE,1,2020,,,,,,0.074539
EmissionActivityRatio,BAU,ECU,T5DSLCON,,CO2e_DE,1,2021,,,,,,0.074539
EmissionActivityRatio,BAU,ECU,T5DSLCON,,CO2e_DE,1,2022,,,,,,0.074539
EmissionActivityRatio,BAU,ECU,T5DSLCON,,CO2e_DE,1,2023,,,,,,0.074539
EmissionActivityRatio,BAU,ECU,T5DSLCON,,CO2e_DE,1,2024,,,,,,0.074539
EmissionActivityRatio,BAU,ECU,T5DSLCON,,CO2e_DE,1,2025,,,,,,0.074539
EmissionActivityRatio,BAU,ECU,T5DSLCON,,CO2e_DE,1,2026,,,,,,0.074539
EmissionActivityRatio,BAU,ECU,T5DSLCON,,CO2e_DE,1,2027,,,,,,0.074539
EmissionActivityRatio,BAU,ECU,T5DSLCON,,CO2e_DE,1,2028,,,,,,0.074539
EmissionActivityRatio,BAU,ECU,T5DSLCON,,CO2e_DE,1,2029,,,,,,0.074539
EmissionActivityRatio,BAU,ECU,T5DSLCON,,CO2e_DE,1,2030,,,,,,0.074539
EmissionActivityRatio,BAU,ECU,T5DSLCON,,CO2e_DE,1,2031,,,,,,0.074539
EmissionActivityRatio,BAU,ECU,T5DSLCON,,CO2e_DE,1,2032,,,,,,0.074539
EmissionActivityRatio,BAU,ECU,T5DSLCON,,CO2e_DE,1,2033,,,,,,0.074539
EmissionActivityRatio,BAU,ECU,T5DSLCON,,CO2e_DE,1,2034,,,,,,0.074539
EmissionActivityRatio,BAU,ECU,T5DSLCON,,CO2e_DE,1,2035,,,,,,0.074539
EmissionActivityRatio,BAU,ECU,T5ELECON,,CO2e_DE,1,2010,,,,,,0.0
EmissionActivityRatio,BAU,ECU,T5ELECON,,CO2e_DE,1,2011,,,,,,0.0
EmissionActivityRatio,BAU,ECU,T5ELECON,,CO2e_DE,1,2012,,,,,,0.0
EmissionActivityRatio,BAU,ECU,T5ELECON,,CO2e_DE,1,2013,,,,,,0.0
EmissionActivityRatio,BAU,ECU,T5ELECON,,CO2e_DE,1,2014,,,,,,0.0
EmissionActivityRatio,BAU,ECU,T5ELECON,,CO2e_DE,1,2015,,,,,,0.0
EmissionActivityRatio,BAU,ECU,T5ELECON,,CO2e_DE,1,2016,,,,,,0.0
EmissionActivityRatio,BAU,ECU,T5ELECON,,CO2e_DE,1,2017,,,,,,0.0
EmissionActivityRatio,BAU,ECU,T5ELECON,,CO2e_DE,1,2018,,,,,,0.0
EmissionActivityRatio,BAU,ECU,T5ELECON,,CO2e_DE,1,2019,,,,,,0.0
EmissionActivityRatio,BAU,ECU,T5ELECON,,CO2e_DE,1,2020,,,,,,0.0
EmissionActivityRatio,BAU,ECU,T5ELECON,,CO2e_DE,1,2021,,,,,,0.0
EmissionActivityRatio,BAU,ECU,T5ELECON,,CO2e_DE,1,2022,,,,,,0.0
EmissionActivityRatio,BAU,ECU,T5ELECON,,CO2e_DE,1,2023,,,,,,0.0
EmissionActivityRatio,BAU,ECU,T5ELECON,,CO2e_DE,1,2024,,,,,,0.0
EmissionActivityRatio,BAU,ECU,T5ELECON,,CO2e_DE,1,2025,,,,,,0.0
EmissionActivityRatio,BAU,ECU,T5ELECON,,CO2e_DE,1,2026,,,,,,0.0
EmissionActivityRatio,BAU,ECU,T5ELECON,,CO2e_DE,1,2027,,,,,,0.0
EmissionActivityRatio,BAU,ECU,T5ELECON,,CO2e_DE,1,2028,,,,,,0.0
EmissionActivityRatio,BAU,ECU,T5ELECON,,CO2e_DE,1,2029,,,,,,0.0
EmissionActivityRatio,BAU,ECU,T5ELECON,,CO2e_DE,1,2030,,,,,,0.0
EmissionActivityRatio,BAU,ECU,T5ELECON,,CO2e_DE,1,2031,,,,,,0.0
EmissionActivityRatio,BAU,ECU,T5ELECON,,CO2e_DE,1,2032,,,,,,0.0
EmissionActivityRatio,BAU,ECU,T5ELECON,,CO2e_DE,1,2033,,,,,,0.0
EmissionActivityRatio,BAU,ECU,T5ELECON,,CO2e_DE,1,2034,,,,,,0.0
EmissionActivityRatio,BAU,ECU,T5ELECON,,CO2e_DE,1,2035,,,,,,0.0
EmissionActivityRatio,BAU,ECU,T5FOICON,,CO2e_DE,1,2010,,,,,,0.077839
EmissionActivityRatio,BAU,ECU,T5FOICON,,CO2e_DE,1,2011,,,,,,0.077839
EmissionActivityRatio,BAU,ECU,T5FOICON,,CO2e_DE,1,2012,,,,,,0.077839
EmissionActivityRatio,BAU,ECU,T5FOICON,,CO2e_DE,1,2013,,,,,,0.077839
EmissionActivityRatio,BAU,ECU,T5FOICON,,CO2e_DE,1,2014,,,,,,0.077839
EmissionActivityRatio,BAU,ECU,T5FOICON,,CO2e_DE,1,2015,,,,,,0.077839
EmissionActivityRatio,BAU,ECU,T5FOICON,,CO2e_DE,1,2016,,,,,,0.077839
EmissionActivityRatio,BAU,ECU,T5FOICON,,CO2e_DE,1,2017,,,,,,0.077839
EmissionActivityRatio,BAU,ECU,T5FOICON,,CO2e_DE,1,2018,,,,,,0.077839
EmissionActivityRatio,BAU,ECU,T5FOICON,,CO2e_DE,1,2019,,,,,,0.077839
EmissionActivityRatio,BAU,ECU,T5FOICON,,CO2e_DE,1,2020,,,,,,0.077839
EmissionActivityRatio,BAU,ECU,T5FOICON,,CO2e_DE,1,2021,,,,,,0.077839
EmissionActivityRatio,BAU,ECU,T5FOICON,,CO2e_DE,1,2022,,,,,,0.077839
EmissionActivityRatio,BAU,ECU,T5FOICON,,CO2e_DE,1,2023,,,,,,0.077839
EmissionActivityRatio,BAU,ECU,T5FOICON,,CO2e_DE,1,2024,,,,,,0.077839
EmissionActivityRatio,BAU,ECU,T5FOICON,,CO2e_DE,1,2025,,,,,,0.077839
EmissionActivityRatio,BAU,ECU,T5FOICON,,CO2e_DE,1,2026,,,,,,0.077839
EmissionActivityRatio,BAU,ECU,T5FOICON,,CO2e_DE,1,2027,,,,,,0.077839
EmissionActivityRatio,BAU,ECU,T5FOICON,,CO2e_DE,1,2028,,,,,,0.077839
EmissionActivityRatio,BAU,ECU,T5FOICON,,CO2e_DE,1,2029,,,,,,0.077839
EmissionActivityRatio,BAU,ECU,T5FOICON,,CO2e_DE,1,2030,,,,,,0.077839
EmissionActivityRatio,BAU,ECU,T5FOICON,,CO2e_DE,1,2031,,,,,,0.077839
EmissionActivityRatio,BAU,ECU,T5FOICON,,CO2e_DE,1,2032,,,,,,0.077839
EmissionActivityRatio,BAU,ECU,T5FOICON,,CO2e_DE,1,2033,,,,,,0.077839
EmissionActivityRatio,BAU,ECU,T5FOICON,,CO2e_DE,1,2034,,,,,,0.077839
EmissionActivityRatio,BAU,ECU,T5FOICON,,CO2e_DE,1,2035,,,,,,0.077839
EmissionActivityRatio,BAU,ECU,T5GSLCON,,CO2e_DE,1,2010,,,,,,0.069739
EmissionActivityRatio,BAU,ECU,T5GSLCON,,CO2e_DE,1,2011,,,,,,0.069739
EmissionActivityRatio,BAU,ECU,T5GSLCON,,CO2e_DE,1,2012,,,,,,0.069739
EmissionActivityRatio,BAU,ECU,T5GSLCON,,CO2e_DE,1,2013,,,,,,0.069739
EmissionActivityRatio,BAU,ECU,T5GSLCON,,CO2e_DE,1,2014,,,,,,0.069739
EmissionActivityRatio,BAU,ECU,T5GSLCON,,CO2e_DE,1,2015,,,,,,0.069739
EmissionActivityRatio,BAU,ECU,T5GSLCON,,CO2e_DE,1,2016,,,,,,0.069739
EmissionActivityRatio,BAU,ECU,T5GSLCON,,CO2e_DE,1,2017,,,,,,0.069739
EmissionActivityRatio,BAU,ECU,T5GSLCON,,CO2e_DE,1,2018,,,,,,0.069739
EmissionActivityRatio,BAU,ECU,T5GSLCON,,CO2e_DE,1,2019,,,,,,0.069739
EmissionActivityRatio,BAU,ECU,T5GSLCON,,CO2e_DE,1,2020,,,,,,0.069739
EmissionActivityRatio,BAU,ECU,T5GSLCON,,CO2e_DE,1,2021,,,,,,0.069739
EmissionActivityRatio,BAU,ECU,T5GSLCON,,CO2e_DE,1,2022,,,,,,0.069739
EmissionActivityRatio,BAU,ECU,T5GSLCON,,CO2e_DE,1,2023,,,,,,0.069739
EmissionActivityRatio,BAU,ECU,T5GSLCON,,CO2e_DE,1,2024,,,,,,0.069739
EmissionActivityRatio,BAU,ECU,T5GSLCON,,CO2e_DE,1,2025,,,,,,0.069739
EmissionActivityRatio,BAU,ECU,T5GSLCON,,CO2e_DE,1,2026,,,,,,0.069739
EmissionActivityRatio,BAU,ECU,T5GSLCON,,CO2e_DE,1,2027,,,,,,0.069739
EmissionActivityRatio,BAU,ECU,T5GSLCON,,CO2e_DE,1,2028,,,,,,0.069739
EmissionActivityRatio,BAU,ECU,T5GSLCON,,CO2e_DE,1,2029,,,,,,0.069739
EmissionActivityRatio,BAU,ECU,T5GSLCON,,CO2e_DE,1,2030,,,,,,0.069739
EmissionActivityRatio,BAU,ECU,T5GSLCON,,CO2e_DE,1,2031,,,,,,0.069739
EmissionActivityRatio,BAU,ECU,T5GSLCON,,CO2e_DE,1,2032,,,,,,0.069739
EmissionActivityRatio,BAU,ECU,T5GSLCON,,CO2e_DE,1,2033,,,,,,0.069739
EmissionActivityRatio,BAU,ECU,T5GSLCON,,CO2e_DE,1,2034,,,,,,0.069739
EmissionActivityRatio,BAU,ECU,T5GSLCON,,CO2e_DE,1,2035,,,,,,0.069739
EmissionActivityRatio,BAU,ECU,T5LPGCON,,CO2e_DE,1,2010,,,,,,0.0632665
EmissionActivityRatio,BAU,ECU,T5LPGCON,,CO2e_DE,1,2011,,,,,,0.0632665
EmissionActivityRatio,BAU,ECU,T5LPGCON,,CO2e_DE,1,2012,,,,,,0.0632665
EmissionActivityRatio,BAU,ECU,T5LPGCON,,CO2e_DE,1,2013,,,,,,0.0632665
EmissionActivityRatio,BAU,ECU,T5LPGCON,,CO2e_DE,1,2014,,,,,,0.0632665
EmissionActivityRatio,BAU,ECU,T5LPGCON,,CO2e_DE,1,2015,,,,,,0.0632665
EmissionActivityRatio,BAU,ECU,T5LPGCON,,CO2e_DE,1,2016,,,,,,0.0632665
EmissionActivityRatio,BAU,ECU,T5LPGCON,,CO2e_DE,1,2017,,,,,,0.0632665
EmissionActivityRatio,BAU,ECU,T5LPGCON,,CO2e_DE,1,2018,,,,,,0.0632665
EmissionActivityRatio,BAU,ECU,T5LPGCON,,CO2e_DE,1,2019,,,,,,0.0632665
EmissionActivityRatio,BAU,ECU,T5LPGCON,,CO2e_DE,1,2020,,,,,,0.0632665
EmissionActivityRatio,BAU,ECU,T5LPGCON,,CO2e_DE,1,2021,,,,,,0.0632665
EmissionActivityRatio,BAU,ECU,T5LPGCON,,CO2e_DE,1,2022,,,,,,0.0632665
EmissionActivityRatio,BAU,ECU,T5LPGCON,,CO2e_DE,1,2023,,,,,,0.0632665
EmissionActivityRatio,BAU,ECU,T5LPGCON,,CO2e_DE,1,2024,,,,,,0.0632665
EmissionActivityRatio,BAU,ECU,T5LPGCON,,CO2e_DE,1,2025,,,,,,0.0632665
EmissionActivityRatio,BAU,ECU,T5LPGCON,,CO2e_DE,1,2026,,,,,,0.0632665
EmissionActivityRatio,BAU,ECU,T5LPGCON,,CO2e_DE,1,2027,,,,,,0.0632665
EmissionActivityRatio,BAU,ECU,T5LPGCON,,CO2e_DE,1,2028,,,,,,0.0632665
EmissionActivityRatio,BAU,ECU,T5LPGCON,,CO2e_DE,1,2029,,,,,,0.0632665
EmissionActivityRatio,BAU,ECU,T5LPGCON,,CO2e_DE,1,2030,,,,,,0.0632665
EmissionActivityRatio,BAU,ECU,T5LPGCON,,CO2e_DE,1,2031,,,,,,0.0632665
EmissionActivityRatio,BAU,ECU,T5LPGCON,,CO2e_DE,1,2032,,,,,,0.0632665
EmissionActivityRatio,BAU,ECU,T5LPGCON,,CO2e_DE,1,2033,,,,,,0.0632665
EmissionActivityRatio,BAU,ECU,T5LPGCON,,CO2e_DE,1,2034,,,,,,0.0632665
EmissionActivityRatio,BAU,ECU,T5LPGCON,,CO2e_DE,1,2035,,,,,,0.0632665
EmissionActivityRatio,BAU,ECU,T5OPECON,,CO2e_DE,1,2010,,,,,,0.0
EmissionActivityRatio,BAU,ECU,T5OPECON,,CO2e_DE,1,2011,,,,,,0.0
EmissionActivityRatio,BAU,ECU,T5OPECON,,CO2e_DE,1,2012,,,,,,0.0
EmissionActivityRatio,BAU,ECU,T5OPECON,,CO2e_DE,1,2013,,,,,,0.0
EmissionActivityRatio,BAU,ECU,T5OPECON,,CO2e_DE,1,2014,,,,,,0.0
EmissionActivityRatio,BAU,ECU,T5OPECON,,CO2e_DE,1,2015,,,,,,0.0
EmissionActivityRatio,BAU,ECU,T5OPECON,,CO2e_DE,1,2016,,,,,,0.0
EmissionActivityRatio,BAU,ECU,T5OPECON,,CO2e_DE,1,2017,,,,,,0.0
EmissionActivityRatio,BAU,ECU,T5OPECON,,CO2e_DE,1,2018,,,,,,0.0
EmissionActivityRatio,BAU,ECU,T5OPECON,,CO2e_DE,1,2019,,,,,,0.0
EmissionActivityRatio,BAU,ECU,T5OPECON,,CO2e_DE,1,2020,,,,,,0.0
EmissionActivityRatio,BAU,ECU,T5OPECON,,CO2e_DE,1,2021,,,,,,0.0
EmissionActivityRatio,BAU,ECU,T5OPECON,,CO2e_DE,1,2022,,,,,,0.0
EmissionActivityRatio,BAU,ECU,T5OPECON,,CO2e_DE,1,2023,,,,,,0.0
EmissionActivityRatio,BAU,ECU,T5OPECON,,CO2e_DE,1,2024,,,,,,0.0
EmissionActivityRatio,BAU,ECU,T5OPECON,,CO2e_DE,1,2025,,,,,,0.0
EmissionActivityRatio,BAU,ECU,T5OPECON,,CO2e_DE,1,2026,,,,,,0.0
EmissionActivityRatio,BAU,ECU,T5OPECON,,CO2e_DE,1,2027,,,,,,0.0
EmissionActivityRatio,BAU,ECU,T5OPECON,,CO2e_DE,1,2028,,,,,,0.0
EmissionActivityRatio,BAU,ECU,T5OPECON,,CO2e_DE,1,2029,,,,,,0.0
EmissionActivityRatio,BAU,ECU,T5OPECON,,CO2e_DE,1,2030,,,,,,0.0
EmissionActivityRatio,BAU,ECU,T5OPECON,,CO2e_DE,1,2031,,,,,,0.0
EmissionActivityRatio,BAU,ECU,T5OPECON,,CO2e_DE,1,2032,,,,,,0.0
EmissionActivityRatio,BAU,ECU,T5OPECON,,CO2e_DE,1,2033,,,,,,0.0
EmissionActivityRatio,BAU,ECU,T5OPECON,,CO2e_DE,1,2034,,,,,,0.0
EmissionActivityRatio,BAU,ECU,T5OPECON,,CO2e_DE,1,2035,,,,,,0.0
EmissionActivityRatio,BAU,ECU,T5JETTAE,,CO2e_DE,1,2010,,,,,,0.071743
EmissionActivityRatio,BAU,ECU,T5JETTAE,,CO2e_DE,1,2011,,,,,,0.071743
EmissionActivityRatio,BAU,ECU,T5JETTAE,,CO2e_DE,1,2012,,,,,,0.071743
EmissionActivityRatio,BAU,ECU,T5JETTAE,,CO2e_DE,1,2013,,,,,,0.071743
EmissionActivityRatio,BAU,ECU,T5JETTAE,,CO2e_DE,1,2014,,,,,,0.071743
EmissionActivityRatio,BAU,ECU,T5JETTAE,,CO2e_DE,1,2015,,,,,,0.071743
EmissionActivityRatio,BAU,ECU,T5JETTAE,,CO2e_DE,1,2016,,,,,,0.071743
EmissionActivityRatio,BAU,ECU,T5JETTAE,,CO2e_DE,1,2017,,,,,,0.071743
EmissionActivityRatio,BAU,ECU,T5JETTAE,,CO2e_DE,1,2018,,,,,,0.071743
EmissionActivityRatio,BAU,ECU,T5JETTAE,,CO2e_DE,1,2019,,,,,,0.071743
EmissionActivityRatio,BAU,ECU,T5JETTAE,,CO2e_DE,1,2020,,,,,,0.071743
EmissionActivityRatio,BAU,ECU,T5JETTAE,,CO2e_DE,1,2021,,,,,,0.071743
EmissionActivityRatio,BAU,ECU,T5JETTAE,,CO2e_DE,1,2022,,,,,,0.071743
EmissionActivityRatio,BAU,ECU,T5JETTAE,,CO2e_DE,1,2023,,,,,,0.071743
EmissionActivityRatio,BAU,ECU,T5JETTAE,,CO2e_DE,1,2024,,,,,,0.071743
EmissionActivityRatio,BAU,ECU,T5JETTAE,,CO2e_DE,1,2025,,,,,,0.071743
EmissionActivityRatio,BAU,ECU,T5JETTAE,,CO2e_DE,1,2026,,,,,,0.071743
EmissionActivityRatio,BAU,ECU,T5JETTAE,,CO2e_DE,1,2027,,,,,,0.071743
EmissionActivityRatio,BAU,ECU,T5JETTAE,,CO2e_DE,1,2028,,,,,,0.071743
EmissionActivityRatio,BAU,ECU,T5JETTAE,,CO2e_DE,1,2029,,,,,,0.071743
EmissionActivityRatio,BAU,ECU,T5JETTAE,,CO2e_DE,1,2030,,,,,,0.071743
EmissionActivityRatio,BAU,ECU,T5JETTAE,,CO2e_DE,1,2031,,,,,,0.071743
EmissionActivityRatio,BAU,ECU,T5JETTAE,,CO2e_DE,1,2032,,,,,,0.071743
EmissionActivityRatio,BAU,ECU,T5JETTAE,,CO2e_DE,1,2033,,,,,,0.071743
EmissionActivityRatio,BAU,ECU,T5JETTAE,,CO2e_DE,1,2034,,,,,,0.071743
EmissionActivityRatio,BAU,ECU,T5JETTAE,,CO2e_DE,1,2035,,,,,,0.071743
EmissionActivityRatio,BAU,ECU,T5DSLTMA,,CO2e_DE,1,2010,,,,,,0.074539
EmissionActivityRatio,BAU,ECU,T5DSLTMA,,CO2e_DE,1,2011,,,,,,0.074539
EmissionActivityRatio,BAU,ECU,T5DSLTMA,,CO2e_DE,1,2012,,,,,,0.074539
EmissionActivityRatio,BAU,ECU,T5DSLTMA,,CO2e_DE,1,2013,,,,,,0.074539
EmissionActivityRatio,BAU,ECU,T5DSLTMA,,CO2e_DE,1,2014,,,,,,0.074539
EmissionActivityRatio,BAU,ECU,T5DSLTMA,,CO2e_DE,1,2015,,,,,,0.074539
EmissionActivityRatio,BAU,ECU,T5DSLTMA,,CO2e_DE,1,2016,,,,,,0.074539
EmissionActivityRatio,BAU,ECU,T5DSLTMA,,CO2e_DE,1,2017,,,,,,0.074539
EmissionActivityRatio,BAU,ECU,T5DSLTMA,,CO2e_DE,1,2018,,,,,,0.074539
EmissionActivityRatio,BAU,ECU,T5DSLTMA,,CO2e_DE,1,2019,,,,,,0.074539
EmissionActivityRatio,BAU,ECU,T5DSLTMA,,CO2e_DE,1,2020,,,,,,0.074539
EmissionActivityRatio,BAU,ECU,T5DSLTMA,,CO2e_DE,1,2021,,,,,,0.074539
EmissionActivityRatio,BAU,ECU,T5DSLTMA,,CO2e_DE,1,2022,,,,,,0.074539
EmissionActivityRatio,BAU,ECU,T5DSLTMA,,CO2e_DE,1,2023,,,,,,0.074539
EmissionActivityRatio,BAU,ECU,T5DSLTMA,,CO2e_DE,1,2024,,,,,,0.074539
EmissionActivityRatio,BAU,ECU,T5DSLTMA,,CO2e_DE,1,2025,,,,,,0.074539
EmissionActivityRatio,BAU,ECU,T5DSLTMA,,CO2e_DE,1,2026,,,,,,0.074539
EmissionActivityRatio,BAU,ECU,T5DSLTMA,,CO2e_DE,1,2027,,,,,,0.074539
EmissionActivityRatio,BAU,ECU,T5DSLTMA,,CO2e_DE,1,2028,,,,,,0.074539
EmissionActivityRatio,BAU,ECU,T5DSLTMA,,CO2e_DE,1,2029,,,,,,0.074539
EmissionActivityRatio,BAU,ECU,T5DSLTMA,,CO2e_DE,1,2030,,,,,,0.074539
EmissionActivityRatio,BAU,ECU,T5DSLTMA,,CO2e_DE,1,2031,,,,,,0.074539
EmissionActivityRatio,BAU,ECU,T5DSLTMA,,CO2e_DE,1,2032,,,,,,0.074539
EmissionActivityRatio,BAU,ECU,T5DSLTMA,,CO2e_DE,1,2033,,,,,,0.074539
EmissionActivityRatio,BAU,ECU,T5DSLTMA,,CO2e_DE,1,2034,,,,,,0.074539
EmissionActivityRatio,BAU,ECU,T5DSLTMA,,CO2e_DE,1,2035,,,,,,0.074539
EmissionActivityRatio,BAU,ECU,T5NGSTMA,,CO2e_DE,1,2010,,,,,,0.0561545
EmissionActivityRatio,BAU,ECU,T5NGSTMA,,CO2e_DE,1,2011,,,,,,0.0561545
EmissionActivityRatio,BAU,ECU,T5NGSTMA,,CO2e_DE,1,2012,,,,,,0.0561545
EmissionActivityRatio,BAU,ECU,T5NGSTMA,,CO2e_DE,1,2013,,,,,,0.0561545
EmissionActivityRatio,BAU,ECU,T5NGSTMA,,CO2e_DE,1,2014,,,,,,0.0561545
EmissionActivityRatio,BAU,ECU,T5NGSTMA,,CO2e_DE,1,2015,,,,,,0.0561545
EmissionActivityRatio,BAU,ECU,T5NGSTMA,,CO2e_DE,1,2016,,,,,,0.0561545
EmissionActivityRatio,BAU,ECU,T5NGSTMA,,CO2e_DE,1,2017,,,,,,0.0561545
EmissionActivityRatio,BAU,ECU,T5NGSTMA,,CO2e_DE,1,2018,,,,,,0.0561545
EmissionActivityRatio,BAU,ECU,T5NGSTMA,,CO2e_DE,1,2019,,,,,,0.0561545
EmissionActivityRatio,BAU,ECU,T5NGSTMA,,CO2e_DE,1,2020,,,,,,0.0561545
EmissionActivityRatio,BAU,ECU,T5NGSTMA,,CO2e_DE,1,2021,,,,,,0.0561545
EmissionActivityRatio,BAU,ECU,T5NGSTMA,,CO2e_DE,1,2022,,,,,,0.0561545
EmissionActivityRatio,BAU,ECU,T5NGSTMA,,CO2e_DE,1,2023,,,,,,0.0561545
EmissionActivityRatio,BAU,ECU,T5NGSTMA,,CO2e_DE,1,2024,,,,,,0.0561545
EmissionActivityRatio,BAU,ECU,T5NGSTMA,,CO2e_DE,1,2025,,,,,,0.0561545
EmissionActivityRatio,BAU,ECU,T5NGSTMA,,CO2e_DE,1,2026,,,,,,0.0561545
EmissionActivityRatio,BAU,ECU,T5NGSTMA,,CO2e_DE,1,2027,,,,,,0.0561545
EmissionActivityRatio,BAU,ECU,T5NGSTMA,,CO2e_DE,1,2028,,,,,,0.0561545
EmissionActivityRatio,BAU,ECU,T5NGSTMA,,CO2e_DE,1,2029,,,,,,0.0561545
EmissionActivityRatio,BAU,ECU,T5NGSTMA,,CO2e_DE,1,2030,,,,,,0.0561545
EmissionActivityRatio,BAU,ECU,T5NGSTMA,,CO2e_DE,1,2031,,,,,,0.0561545
EmissionActivityRatio,BAU,ECU,T5NGSTMA,,CO2e_DE,1,2032,,,,,,0.0561545
EmissionActivityRatio,BAU,ECU,T5NGSTMA,,CO2e_DE,1,2033,,,,,,0.0561545
EmissionActivityRatio,BAU,ECU,T5NGSTMA,,CO2e_DE,1,2034,,,,,,0.0561545
EmissionActivityRatio,BAU,ECU,T5NGSTMA,,CO2e_DE,1,2035,,,,,,0.0561545
EmissionActivityRatio,BAU,ECU,T5LPGTMA,,CO2e_DE,1,2010,,,,,,0.0632665
EmissionActivityRatio,BAU,ECU,T5LPGTMA,,CO2e_DE,1,2011,,,,,,0.0632665
EmissionActivityRatio,BAU,ECU,T5LPGTMA,,CO2e_DE,1,2012,,,,,,0.0632665
EmissionActivityRatio,BAU,ECU,T5LPGTMA,,CO2e_DE,1,2013,,,,,,0.0632665
EmissionActivityRatio,BAU,ECU,T5LPGTMA,,CO2e_DE,1,2014,,,,,,0.0632665
EmissionActivityRatio,BAU,ECU,T5LPGTMA,,CO2e_DE,1,2015,,,,,,0.0632665
EmissionActivityRatio,BAU,ECU,T5LPGTMA,,CO2e_DE,1,2016,,,,,,0.0632665
EmissionActivityRatio,BAU,ECU,T5LPGTMA,,CO2e_DE,1,2017,,,,,,0.0632665
EmissionActivityRatio,BAU,ECU,T5LPGTMA,,CO2e_DE,1,2018,,,,,,0.0632665
EmissionActivityRatio,BAU,ECU,T5LPGTMA,,CO2e_DE,1,2019,,,,,,0.0632665
EmissionActivityRatio,BAU,ECU,T5LPGTMA,,CO2e_DE,1,2020,,,,,,0.0632665
EmissionActivityRatio,BAU,ECU,T5LPGTMA,,CO2e_DE,1,2021,,,,,,0.0632665
EmissionActivityRatio,BAU,ECU,T5LPGTMA,,CO2e_DE,1,2022,,,,,,0.0632665
EmissionActivityRatio,BAU,ECU,T5LPGTMA,,CO2e_DE,1,2023,,,,,,0.0632665
EmissionActivityRatio,BAU,ECU,T5LPGTMA,,CO2e_DE,1,2024,,,,,,0.0632665
EmissionActivityRatio,BAU,ECU,T5LPGTMA,,CO2e_DE,1,2025,,,,,,0.0632665
EmissionActivityRatio,BAU,ECU,T5LPGTMA,,CO2e_DE,1,2026,,,,,,0.0632665
EmissionActivityRatio,BAU,ECU,T5LPGTMA,,CO2e_DE,1,2027,,,,,,0.0632665
EmissionActivityRatio,BAU,ECU,T5LPGTMA,,CO2e_DE,1,2028,,,,,,0.0632665
EmissionActivityRatio,BAU,ECU,T5LPGTMA,,CO2e_DE,1,2029,,,,,,0.0632665
EmissionActivityRatio,BAU,ECU,T5LPGTMA,,CO2e_DE,1,2030,,,,,,0.0632665
EmissionActivityRatio,BAU,ECU,T5LPGTMA,,CO2e_DE,1,2031,,,,,,0.0632665
EmissionActivityRatio,BAU,ECU,T5LPGTMA,,CO2e_DE,1,2032,,,,,,0.0632665
EmissionActivityRatio,BAU,ECU,T5LPGTMA,,CO2e_DE,1,2033,,,,,,0.0632665
EmissionActivityRatio,BAU,ECU,T5LPGTMA,,CO2e_DE,1,2034,,,,,,0.0632665
EmissionActivityRatio,BAU,ECU,T5LPGTMA,,CO2e_DE,1,2035,,,,,,0.0632665
EmissionActivityRatio,BAU,ECU,T5ELETMA,,CO2e_DE,1,2010,,,,,,0.0
EmissionActivityRatio,BAU,ECU,T5ELETMA,,CO2e_DE,1,2011,,,,,,0.0
EmissionActivityRatio,BAU,ECU,T5ELETMA,,CO2e_DE,1,2012,,,,,,0.0
EmissionActivityRatio,BAU,ECU,T5ELETMA,,CO2e_DE,1,2013,,,,,,0.0
EmissionActivityRatio,BAU,ECU,T5ELETMA,,CO2e_DE,1,2014,,,,,,0.0
EmissionActivityRatio,BAU,ECU,T5ELETMA,,CO2e_DE,1,2015,,,,,,0.0
EmissionActivityRatio,BAU,ECU,T5ELETMA,,CO2e_DE,1,2016,,,,,,0.0
EmissionActivityRatio,BAU,ECU,T5ELETMA,,CO2e_DE,1,2017,,,,,,0.0
EmissionActivityRatio,BAU,ECU,T5ELETMA,,CO2e_DE,1,2018,,,,,,0.0
EmissionActivityRatio,BAU,ECU,T5ELETMA,,CO2e_DE,1,2019,,,,,,0.0
EmissionActivityRatio,BAU,ECU,T5ELETMA,,CO2e_DE,1,2020,,,,,,0.0
EmissionActivityRatio,BAU,ECU,T5ELETMA,,CO2e_DE,1,2021,,,,,,0.0
EmissionActivityRatio,BAU,ECU,T5ELETMA,,CO2e_DE,1,2022,,,,,,0.0
EmissionActivityRatio,BAU,ECU,T5ELETMA,,CO2e_DE,1,2023,,,,,,0.0
EmissionActivityRatio,BAU,ECU,T5ELETMA,,CO2e_DE,1,2024,,,,,,0.0
EmissionActivityRatio,BAU,ECU,T5ELETMA,,CO2e_DE,1,2025,,,,,,0.0
EmissionActivityRatio,BAU,ECU,T5ELETMA,,CO2e_DE,1,2026,,,,,,0.0
EmissionActivityRatio,BAU,ECU,T5ELETMA,,CO2e_DE,1,2027,,,,,,0.0
EmissionActivityRatio,BAU,ECU,T5ELETMA,,CO2e_DE,1,2028,,,,,,0.0
EmissionActivityRatio,BAU,ECU,T5ELETMA,,CO2e_DE,1,2029,,,,,,0.0
EmissionActivityRatio,BAU,ECU,T5ELETMA,,CO2e_DE,1,2030,,,,,,0.0
EmissionActivityRatio,BAU,ECU,T5ELETMA,,CO2e_DE,1,2031,,,,,,0.0
EmissionActivityRatio,BAU,ECU,T5ELETMA,,CO2e_DE,1,2032,,,,,,0.0
EmissionActivityRatio,BAU,ECU,T5ELETMA,,CO2e_DE,1,2033,,,,,,0.0
EmissionActivityRatio,BAU,ECU,T5ELETMA,,CO2e_DE,1,2034,,,,,,0.0
EmissionActivityRatio,BAU,ECU,T5ELETMA,,CO2e_DE,1,2035,,,,,,0.0
EmissionActivityRatio,BAU,ECU,T5FOITMA,,CO2e_DE,1,2010,,,,,,0.077839
EmissionActivityRatio,BAU,ECU,T5FOITMA,,CO2e_DE,1,2011,,,,,,0.077839
EmissionActivityRatio,BAU,ECU,T5FOITMA,,CO2e_DE,1,2012,,,,,,0.077839
EmissionActivityRatio,BAU,ECU,T5FOITMA,,CO2e_DE,1,2013,,,,,,0.077839
EmissionActivityRatio,BAU,ECU,T5FOITMA,,CO2e_DE,1,2014,,,,,,0.077839
EmissionActivityRatio,BAU,ECU,T5FOITMA,,CO2e_DE,1,2015,,,,,,0.077839
EmissionActivityRatio,BAU,ECU,T5FOITMA,,CO2e_DE,1,2016,,,,,,0.077839
EmissionActivityRatio,BAU,ECU,T5FOITMA,,CO2e_DE,1,2017,,,,,,0.077839
EmissionActivityRatio,BAU,ECU,T5FOITMA,,CO2e_DE,1,2018,,,,,,0.077839
EmissionActivityRatio,BAU,ECU,T5FOITMA,,CO2e_DE,1,2019,,,,,,0.077839
EmissionActivityRatio,BAU,ECU,T5FOITMA,,CO2e_DE,1,2020,,,,,,0.077839
EmissionActivityRatio,BAU,ECU,T5FOITMA,,CO2e_DE,1,2021,,,,,,0.077839
EmissionActivityRatio,BAU,ECU,T5FOITMA,,CO2e_DE,1,2022,,,,,,0.077839
EmissionActivityRatio,BAU,ECU,T5FOITMA,,CO2e_DE,1,2023,,,,,,0.077839
EmissionActivityRatio,BAU,ECU,T5FOITMA,,CO2e_DE,1,2024,,,,,,0.077839
EmissionActivityRatio,BAU,ECU,T5FOITMA,,CO2e_DE,1,2025,,,,,,0.077839
EmissionActivityRatio,BAU,ECU,T5FOITMA,,CO2e_DE,1,2026,,,,,,0.077839
EmissionActivityRatio,BAU,ECU,T5FOITMA,,CO2e_DE,1,2027,,,,,,0.077839
EmissionActivityRatio,BAU,ECU,T5FOITMA,,CO2e_DE,1,2028,,,,,,0.077839
EmissionActivityRatio,BAU,ECU,T5FOITMA,,CO2e_DE,1,2029,,,,,,0.077839
EmissionActivityRatio,BAU,ECU,T5FOITMA,,CO2e_DE,1,2030,,,,,,0.077839
EmissionActivityRatio,BAU,ECU,T5FOITMA,,CO2e_DE,1,2031,,,,,,0.077839
EmissionActivityRatio,BAU,ECU,T5FOITMA,,CO2e_DE,1,2032,,,,,,0.077839
EmissionActivityRatio,BAU,ECU,T5FOITMA,,CO2e_DE,1,2033,,,,,,0.077839
EmissionActivityRatio,BAU,ECU,T5FOITMA,,CO2e_DE,1,2034,,,,,,0.077839
EmissionActivityRatio,BAU,ECU,T5FOITMA,,CO2e_DE,1,2035,,,,,,0.077839
EmissionActivityRatio,BAU,ECU,T5DSLTRO,,CO2e_DE,1,2010,,,,,,0.0752427
EmissionActivityRatio,BAU,ECU,T5DSLTRO,,CO2e_DE,1,2011,,,,,,0.0752427
EmissionActivityRatio,BAU,ECU,T5DSLTRO,,CO2e_DE,1,2012,,,,,,0.0752427
EmissionActivityRatio,BAU,ECU,T5DSLTRO,,CO2e_DE,1,2013,,,,,,0.0752427
EmissionActivityRatio,BAU,ECU,T5DSLTRO,,CO2e_DE,1,2014,,,,,,0.0752427
EmissionActivityRatio,BAU,ECU,T5DSLTRO,,CO2e_DE,1,2015,,,,,,0.0752427
EmissionActivityRatio,BAU,ECU,T5DSLTRO,,CO2e_DE,1,2016,,,,,,0.0752427
EmissionActivityRatio,BAU,ECU,T5DSLTRO,,CO2e_DE,1,2017,,,,,,0.0752427
EmissionActivityRatio,BAU,ECU,T5DSLTRO,,CO2e_DE,1,2018,,,,,,0.0752427
EmissionActivityRatio,BAU,ECU,T5DSLTRO,,CO2e_DE,1,2019,,,,,,0.0752427
EmissionActivityRatio,BAU,ECU,T5DSLTRO,,CO2e_DE,1,2020,,,,,,0.0752427
EmissionActivityRatio,BAU,ECU,T5DSLTRO,,CO2e_DE,1,2021,,,,,,0.0752427
EmissionActivityRatio,BAU,ECU,T5DSLTRO,,CO2e_DE,1,2022,,,,,,0.0752427
EmissionActivityRatio,BAU,ECU,T5DSLTRO,,CO2e_DE,1,2023,,,,,,0.0752427
EmissionActivityRatio,BAU,ECU,T5DSLTRO,,CO2e_DE,1,2024,,,,,,0.0752427
EmissionActivityRatio,BAU,ECU,T5DSLTRO,,CO2e_DE,1,2025,,,,,,0.0752427
EmissionActivityRatio,BAU,ECU,T5DSLTRO,,CO2e_DE,1,2026,,,,,,0.0752427
EmissionActivityRatio,BAU,ECU,T5DSLTRO,,CO2e_DE,1,2027,,,,,,0.0752427
EmissionActivityRatio,BAU,ECU,T5DSLTRO,,CO2e_DE,1,2028,,,,,,0.0752427
EmissionActivityRatio,BAU,ECU,T5DSLTRO,,CO2e_DE,1,2029,,,,,,0.0752427
EmissionActivityRatio,BAU,ECU,T5DSLTRO,,CO2e_DE,1,2030,,,,,,0.0752427
EmissionActivityRatio,BAU,ECU,T5DSLTRO,,CO2e_DE,1,2031,,,,,,0.0752427
EmissionActivityRatio,BAU,ECU,T5DSLTRO,,CO2e_DE,1,2032,,,,,,0.0752427
EmissionActivityRatio,BAU,ECU,T5DSLTRO,,CO2e_DE,1,2033,,,,,,0.0752427
EmissionActivityRatio,BAU,ECU,T5DSLTRO,,CO2e_DE,1,2034,,,,,,0.0752427
EmissionActivityRatio,BAU,ECU,T5DSLTRO,,CO2e_DE,1,2035,,,,,,0.0752427
EmissionActivityRatio,BAU,ECU,T5GSLTRO,,CO2e_DE,1,2010,,,,,,0.071072
EmissionActivityRatio,BAU,ECU,T5GSLTRO,,CO2e_DE,1,2011,,,,,,0.071072
EmissionActivityRatio,BAU,ECU,T5GSLTRO,,CO2e_DE,1,2012,,,,,,0.071072
EmissionActivityRatio,BAU,ECU,T5GSLTRO,,CO2e_DE,1,2013,,,,,,0.071072
EmissionActivityRatio,BAU,ECU,T5GSLTRO,,CO2e_DE,1,2014,,,,,,0.071072
EmissionActivityRatio,BAU,ECU,T5GSLTRO,,CO2e_DE,1,2015,,,,,,0.071072
EmissionActivityRatio,BAU,ECU,T5GSLTRO,,CO2e_DE,1,2016,,,,,,0.071072
EmissionActivityRatio,BAU,ECU,T5GSLTRO,,CO2e_DE,1,2017,,,,,,0.071072
EmissionActivityRatio,BAU,ECU,T5GSLTRO,,CO2e_DE,1,2018,,,,,,0.071072
EmissionActivityRatio,BAU,ECU,T5GSLTRO,,CO2e_DE,1,2019,,,,,,0.071072
EmissionActivityRatio,BAU,ECU,T5GSLTRO,,CO2e_DE,1,2020,,,,,,0.071072
EmissionActivityRatio,BAU,ECU,T5GSLTRO,,CO2e_DE,1,2021,,,,,,0.071072
EmissionActivityRatio,BAU,ECU,T5GSLTRO,,CO2e_DE,1,2022,,,,,,0.071072
EmissionActivityRatio,BAU,ECU,T5GSLTRO,,CO2e_DE,1,2023,,,,,,0.071072
EmissionActivityRatio,BAU,ECU,T5GSLTRO,,CO2e_DE,1,2024,,,,,,0.071072
EmissionActivityRatio,BAU,ECU,T5GSLTRO,,CO2e_DE,1,2025,,,,,,0.071072
EmissionActivityRatio,BAU,ECU,T5GSLTRO,,CO2e_DE,1,2026,,,,,,0.071072
EmissionActivityRatio,BAU,ECU,T5GSLTRO,,CO2e_DE,1,2027,,,,,,0.071072
EmissionActivityRatio,BAU,ECU,T5GSLTRO,,CO2e_DE,1,2028,,,,,,0.071072
EmissionActivityRatio,BAU,ECU,T5GSLTRO,,CO2e_DE,1,2029,,,,,,0.071072
EmissionActivityRatio,BAU,ECU,T5GSLTRO,,CO2e_DE,1,2030,,,,,,0.071072
EmissionActivityRatio,BAU,ECU,T5GSLTRO,,CO2e_DE,1,2031,,,,,,0.071072
EmissionActivityRatio,BAU,ECU,T5GSLTRO,,CO2e_DE,1,2032,,,,,,0.071072
EmissionActivityRatio,BAU,ECU,T5GSLTRO,,CO2e_DE,1,2033,,,,,,0.071072
EmissionActivityRatio,BAU,ECU,T5GSLTRO,,CO2e_DE,1,2034,,,,,,0.071072
EmissionActivityRatio,BAU,ECU,T5GSLTRO,,CO2e_DE,1,2035,,,,,,0.071072
EmissionActivityRatio,BAU,ECU,T5NGSTRO,,CO2e_DE,1,2010,,,,,,0.0561545
EmissionActivityRatio,BAU,ECU,T5NGSTRO,,CO2e_DE,1,2011,,,,,,0.0561545
EmissionActivityRatio,BAU,ECU,T5NGSTRO,,CO2e_DE,1,2012,,,,,,0.0561545
EmissionActivityRatio,BAU,ECU,T5NGSTRO,,CO2e_DE,1,2013,,,,,,0.0561545
EmissionActivityRatio,BAU,ECU,T5NGSTRO,,CO2e_DE,1,2014,,,,,,0.0561545
EmissionActivityRatio,BAU,ECU,T5NGSTRO,,CO2e_DE,1,2015,,,,,,0.0561545
EmissionActivityRatio,BAU,ECU,T5NGSTRO,,CO2e_DE,1,2016,,,,,,0.0561545
EmissionActivityRatio,BAU,ECU,T5NGSTRO,,CO2e_DE,1,2017,,,,,,0.0561545
EmissionActivityRatio,BAU,ECU,T5NGSTRO,,CO2e_DE,1,2018,,,,,,0.0561545
EmissionActivityRatio,BAU,ECU,T5NGSTRO,,CO2e_DE,1,2019,,,,,,0.0561545
EmissionActivityRatio,BAU,ECU,T5NGSTRO,,CO2e_DE,1,2020,,,,,,0.0561545
EmissionActivityRatio,BAU,ECU,T5NGSTRO,,CO2e_DE,1,2021,,,,,,0.0561545
EmissionActivityRatio,BAU,ECU,T5NGSTRO,,CO2e_DE,1,2022,,,,,,0.0561545
EmissionActivityRatio,BAU,ECU,T5NGSTRO,,CO2e_DE,1,2023,,,,,,0.0561545
EmissionActivityRatio,BAU,ECU,T5NGSTRO,,CO2e_DE,1,2024,,,,,,0.0561545
EmissionActivityRatio,BAU,ECU,T5NGSTRO,,CO2e_DE,1,2025,,,,,,0.0561545
EmissionActivityRatio,BAU,ECU,T5NGSTRO,,CO2e_DE,1,2026,,,,,,0.0561545
EmissionActivityRatio,BAU,ECU,T5NGSTRO,,CO2e_DE,1,2027,,,,,,0.0561545
EmissionActivityRatio,BAU,ECU,T5NGSTRO,,CO2e_DE,1,2028,,,,,,0.0561545
EmissionActivityRatio,BAU,ECU,T5NGSTRO,,CO2e_DE,1,2029,,,,,,0.0561545
EmissionActivityRatio,BAU,ECU,T5NGSTRO,,CO2e_DE,1,2030,,,,,,0.0561545
EmissionActivityRatio,BAU,ECU,T5NGSTRO,,CO2e_DE,1,2031,,,,,,0.0561545
EmissionActivityRatio,BAU,ECU,T5NGSTRO,,CO2e_DE,1,2032,,,,,,0.0561545
EmissionActivityRatio,BAU,ECU,T5NGSTRO,,CO2e_DE,1,2033,,,,,,0.0561545
EmissionActivityRatio,BAU,ECU,T5NGSTRO,,CO2e_DE,1,2034,,,,,,0.0561545
EmissionActivityRatio,BAU,ECU,T5NGSTRO,,CO2e_DE,1,2035,,,,,,0.0561545
EmissionActivityRatio,BAU,ECU,T5LPGTRO,,CO2e_DE,1,2010,,,,,,0.0632665
EmissionActivityRatio,BAU,ECU,T5LPGTRO,,CO2e_DE,1,2011,,,,,,0.0632665
EmissionActivityRatio,BAU,ECU,T5LPGTRO,,CO2e_DE,1,2012,,,,,,0.0632665
EmissionActivityRatio,BAU,ECU,T5LPGTRO,,CO2e_DE,1,2013,,,,,,0.0632665
EmissionActivityRatio,BAU,ECU,T5LPGTRO,,CO2e_DE,1,2014,,,,,,0.0632665
EmissionActivityRatio,BAU,ECU,T5LPGTRO,,CO2e_DE,1,2015,,,,,,0.0632665
EmissionActivityRatio,BAU,ECU,T5LPGTRO,,CO2e_DE,1,2016,,,,,,0.0632665
EmissionActivityRatio,BAU,ECU,T5LPGTRO,,CO2e_DE,1,2017,,,,,,0.0632665
EmissionActivityRatio,BAU,ECU,T5LPGTRO,,CO2e_DE,1,2018,,,,,,0.0632665
EmissionActivityRatio,BAU,ECU,T5LPGTRO,,CO2e_DE,1,2019,,,,,,0.0632665
EmissionActivityRatio,BAU,ECU,T5LPGTRO,,CO2e_DE,1,2020,,,,,,0.0632665
EmissionActivityRatio,BAU,ECU,T5LPGTRO,,CO2e_DE,1,2021,,,,,,0.0632665
EmissionActivityRatio,BAU,ECU,T5LPGTRO,,CO2e_DE,1,2022,,,,,,0.0632665
EmissionActivityRatio,BAU,ECU,T5LPGTRO,,CO2e_DE,1,2023,,,,,,0.0632665
EmissionActivityRatio,BAU,ECU,T5LPGTRO,,CO2e_DE,1,2024,,,,,,0.0632665
EmissionActivityRatio,BAU,ECU,T5LPGTRO,,CO2e_DE,1,2025,,,,,,0.0632665
EmissionActivityRatio,BAU,ECU,T5LPGTRO,,CO2e_DE,1,2026,,,,,,0.0632665
EmissionActivityRatio,BAU,ECU,T5LPGTRO,,CO2e_DE,1,2027,,,,,,0.0632665
EmissionActivityRatio,BAU,ECU,T5LPGTRO,,CO2e_DE,1,2028,,,,,,0.0632665
EmissionActivityRatio,BAU,ECU,T5LPGTRO,,CO2e_DE,1,2029,,,,,,0.0632665
EmissionActivityRatio,BAU,ECU,T5LPGTRO,,CO2e_DE,1,2030,,,,,,0.0632665
EmissionActivityRatio,BAU,ECU,T5LPGTRO,,CO2e_DE,1,2031,,,,,,0.0632665
EmissionActivityRatio,BAU,ECU,T5LPGTRO,,CO2e_DE,1,2032,,,,,,0.0632665
EmissionActivityRatio,BAU,ECU,T5LPGTRO,,CO2e_DE,1,2033,,,,,,0.0632665
EmissionActivityRatio,BAU,ECU,T5LPGTRO,,CO2e_DE,1,2034,,,,,,0.0632665
EmissionActivityRatio,BAU,ECU,T5LPGTRO,,CO2e_DE,1,2035,,,,,,0.0632665
EmissionActivityRatio,BAU,ECU,T5ELETRO,,CO2e_DE,1,2010,,,,,,0.0
EmissionActivityRatio,BAU,ECU,T5ELETRO,,CO2e_DE,1,2011,,,,,,0.0
EmissionActivityRatio,BAU,ECU,T5ELETRO,,CO2e_DE,1,2012,,,,,,0.0
EmissionActivityRatio,BAU,ECU,T5ELETRO,,CO2e_DE,1,2013,,,,,,0.0
EmissionActivityRatio,BAU,ECU,T5ELETRO,,CO2e_DE,1,2014,,,,,,0.0
EmissionActivityRatio,BAU,ECU,T5ELETRO,,CO2e_DE,1,2015,,,,,,0.0
EmissionActivityRatio,BAU,ECU,T5ELETRO,,CO2e_DE,1,2016,,,,,,0.0
EmissionActivityRatio,BAU,ECU,T5ELETRO,,CO2e_DE,1,2017,,,,,,0.0
EmissionActivityRatio,BAU,ECU,T5ELETRO,,CO2e_DE,1,2018,,,,,,0.0
EmissionActivityRatio,BAU,ECU,T5ELETRO,,CO2e_DE,1,2019,,,,,,0.0
EmissionActivityRatio,BAU,ECU,T5ELETRO,,CO2e_DE,1,2020,,,,,,0.0
EmissionActivityRatio,BAU,ECU,T5ELETRO,,CO2e_DE,1,2021,,,,,,0.0
EmissionActivityRatio,BAU,ECU,T5ELETRO,,CO2e_DE,1,2022,,,,,,0.0
EmissionActivityRatio,BAU,ECU,T5ELETRO,,CO2e_DE,1,2023,,,,,,0.0
EmissionActivityRatio,BAU,ECU,T5ELETRO,,CO2e_DE,1,2024,,,,,,0.0
EmissionActivityRatio,BAU,ECU,T5ELETRO,,CO2e_DE,1,2025,,,,,,0.0
EmissionActivityRatio,BAU,ECU,T5ELETRO,,CO2e_DE,1,2026,,,,,,0.0
EmissionActivityRatio,BAU,ECU,T5ELETRO,,CO2e_DE,1,2027,,,,,,0.0
EmissionActivityRatio,BAU,ECU,T5ELETRO,,CO2e_DE,1,2028,,,,,,0.0
EmissionActivityRatio,BAU,ECU,T5ELETRO,,CO2e_DE,1,2029,,,,,,0.0
EmissionActivityRatio,BAU,ECU,T5ELETRO,,CO2e_DE,1,2030,,,,,,0.0
EmissionActivityRatio,BAU,ECU,T5ELETRO,,CO2e_DE,1,2031,,,,,,0.0
EmissionActivityRatio,BAU,ECU,T5ELETRO,,CO2e_DE,1,2032,,,,,,0.0
EmissionActivityRatio,BAU,ECU,T5ELETRO,,CO2e_DE,1,2033,,,,,,0.0
EmissionActivityRatio,BAU,ECU,T5ELETRO,,CO2e_DE,1,2034,,,,,,0.0
EmissionActivityRatio,BAU,ECU,T5ELETRO,,CO2e_DE,1,2035,,,,,,0.0
EmissionActivityRatio,BAU,ECU,T5BGSTRO,,CO2e_DE,1,2010,,,,,,0.000243
EmissionActivityRatio,BAU,ECU,T5BGSTRO,,CO2e_DE,1,2011,,,,,,0.000243
EmissionActivityRatio,BAU,ECU,T5BGSTRO,,CO2e_DE,1,2012,,,,,,0.000243
EmissionActivityRatio,BAU,ECU,T5BGSTRO,,CO2e_DE,1,2013,,,,,,0.000243
EmissionActivityRatio,BAU,ECU,T5BGSTRO,,CO2e_DE,1,2014,,,,,,0.000243
EmissionActivityRatio,BAU,ECU,T5BGSTRO,,CO2e_DE,1,2015,,,,,,0.000243
EmissionActivityRatio,BAU,ECU,T5BGSTRO,,CO2e_DE,1,2016,,,,,,0.000243
EmissionActivityRatio,BAU,ECU,T5BGSTRO,,CO2e_DE,1,2017,,,,,,0.000243
EmissionActivityRatio,BAU,ECU,T5BGSTRO,,CO2e_DE,1,2018,,,,,,0.000243
EmissionActivityRatio,BAU,ECU,T5BGSTRO,,CO2e_DE,1,2019,,,,,,0.000243
EmissionActivityRatio,BAU,ECU,T5BGSTRO,,CO2e_DE,1,2020,,,,,,0.000243
EmissionActivityRatio,BAU,ECU,T5BGSTRO,,CO2e_DE,1,2021,,,,,,0.000243
EmissionActivityRatio,BAU,ECU,T5BGSTRO,,CO2e_DE,1,2022,,,,,,0.000243
EmissionActivityRatio,BAU,ECU,T5BGSTRO,,CO2e_DE,1,2023,,,,,,0.000243
EmissionActivityRatio,BAU,ECU,T5BGSTRO,,CO2e_DE,1,2024,,,,,,0.000243
EmissionActivityRatio,BAU,ECU,T5BGSTRO,,CO2e_DE,1,2025,,,,,,0.000243
EmissionActivityRatio,BAU,ECU,T5BGSTRO,,CO2e_DE,1,2026,,,,,,0.000243
EmissionActivityRatio,BAU,ECU,T5BGSTRO,,CO2e_DE,1,2027,,,,,,0.000243
EmissionActivityRatio,BAU,ECU,T5BGSTRO,,CO2e_DE,1,2028,,,,,,0.000243
EmissionActivityRatio,BAU,ECU,T5BGSTRO,,CO2e_DE,1,2029,,,,,,0.000243
EmissionActivityRatio,BAU,ECU,T5BGSTRO,,CO2e_DE,1,2030,,,,,,0.000243
EmissionActivityRatio,BAU,ECU,T5BGSTRO,,CO2e_DE,1,2031,,,,,,0.000243
EmissionActivityRatio,BAU,ECU,T5BGSTRO,,CO2e_DE,1,2032,,,,,,0.000243
EmissionActivityRatio,BAU,ECU,T5BGSTRO,,CO2e_DE,1,2033,,,,,,0.000243
EmissionActivityRatio,BAU,ECU,T5BGSTRO,,CO2e_DE,1,2034,,,,,,0.000243
EmissionActivityRatio,BAU,ECU,T5BGSTRO,,CO2e_DE,1,2035,,,,,,0.000243
EmissionActivityRatio,BAU,ECU,T5FOITRO,,CO2e_DE,1,2010,,,,,,0.077839
EmissionActivityRatio,BAU,ECU,T5FOITRO,,CO2e_DE,1,2011,,,,,,0.077839
EmissionActivityRatio,BAU,ECU,T5FOITRO,,CO2e_DE,1,2012,,,,,,0.077839
EmissionActivityRatio,BAU,ECU,T5FOITRO,,CO2e_DE,1,2013,,,,,,0.077839
EmissionActivityRatio,BAU,ECU,T5FOITRO,,CO2e_DE,1,2014,,,,,,0.077839
EmissionActivityRatio,BAU,ECU,T5FOITRO,,CO2e_DE,1,2015,,,,,,0.077839
EmissionActivityRatio,BAU,ECU,T5FOITRO,,CO2e_DE,1,2016,,,,,,0.077839
EmissionActivityRatio,BAU,ECU,T5FOITRO,,CO2e_DE,1,2017,,,,,,0.077839
EmissionActivityRatio,BAU,ECU,T5FOITRO,,CO2e_DE,1,2018,,,,,,0.077839
EmissionActivityRatio,BAU,ECU,T5FOITRO,,CO2e_DE,1,2019,,,,,,0.077839
EmissionActivityRatio,BAU,ECU,T5FOITRO,,CO2e_DE,1,2020,,,,,,0.077839
EmissionActivityRatio,BAU,ECU,T5FOITRO,,CO2e_DE,1,2021,,,,,,0.077839
EmissionActivityRatio,BAU,ECU,T5FOITRO,,CO2e_DE,1,2022,,,,,,0.077839
EmissionActivityRatio,BAU,ECU,T5FOITRO,,CO2e_DE,1,2023,,,,,,0.077839
EmissionActivityRatio,BAU,ECU,T5FOITRO,,CO2e_DE,1,2024,,,,,,0.077839
EmissionActivityRatio,BAU,ECU,T5FOITRO,,CO2e_DE,1,2025,,,,,,0.077839
EmissionActivityRatio,BAU,ECU,T5FOITRO,,CO2e_DE,1,2026,,,,,,0.077839
EmissionActivityRatio,BAU,ECU,T5FOITRO,,CO2e_DE,1,2027,,,,,,0.077839
EmissionActivityRatio,BAU,ECU,T5FOITRO,,CO2e_DE,1,2028,,,,,,0.077839
EmissionActivityRatio,BAU,ECU,T5FOITRO,,CO2e_DE,1,2029,,,,,,0.077839
EmissionActivityRatio,BAU,ECU,T5FOITRO,,CO2e_DE,1,2030,,,,,,0.077839
EmissionActivityRatio,BAU,ECU,T5FOITRO,,CO2e_DE,1,2031,,,,,,0.077839
EmissionActivityRatio,BAU,ECU,T5FOITRO,,CO2e_DE,1,2032,,,,,,0.077839
EmissionActivityRatio,BAU,ECU,T5FOITRO,,CO2e_DE,1,2033,,,,,,0.077839
EmissionActivityRatio,BAU,ECU,T5FOITRO,,CO2e_DE,1,2034,,,,,,0.077839
EmissionActivityRatio,BAU,ECU,T5FOITRO,,CO2e_DE,1,2035,,,,,,0.077839
EmissionActivityRatio,BAU,ECU,T5INDCOK,,CO2e_DE,1,2010,,,,,,0.097743
EmissionActivityRatio,BAU,ECU,T5INDCOK,,CO2e_DE,1,2011,,,,,,0.097743
EmissionActivityRatio,BAU,ECU,T5INDCOK,,CO2e_DE,1,2012,,,,,,0.097743
EmissionActivityRatio,BAU,ECU,T5INDCOK,,CO2e_DE,1,2013,,,,,,0.097743
EmissionActivityRatio,BAU,ECU,T5INDCOK,,CO2e_DE,1,2014,,,,,,0.097743
EmissionActivityRatio,BAU,ECU,T5INDCOK,,CO2e_DE,1,2015,,,,,,0.097743
EmissionActivityRatio,BAU,ECU,T5INDCOK,,CO2e_DE,1,2016,,,,,,0.097743
EmissionActivityRatio,BAU,ECU,T5INDCOK,,CO2e_DE,1,2017,,,,,,0.097743
EmissionActivityRatio,BAU,ECU,T5INDCOK,,CO2e_DE,1,2018,,,,,,0.097743
EmissionActivityRatio,BAU,ECU,T5INDCOK,,CO2e_DE,1,2019,,,,,,0.097743
EmissionActivityRatio,BAU,ECU,T5INDCOK,,CO2e_DE,1,2020,,,,,,0.097743
EmissionActivityRatio,BAU,ECU,T5INDCOK,,CO2e_DE,1,2021,,,,,,0.097743
EmissionActivityRatio,BAU,ECU,T5INDCOK,,CO2e_DE,1,2022,,,,,,0.097743
EmissionActivityRatio,BAU,ECU,T5INDCOK,,CO2e_DE,1,2023,,,,,,0.097743
EmissionActivityRatio,BAU,ECU,T5INDCOK,,CO2e_DE,1,2024,,,,,,0.097743
EmissionActivityRatio,BAU,ECU,T5INDCOK,,CO2e_DE,1,2025,,,,,,0.097743
EmissionActivityRatio,BAU,ECU,T5INDCOK,,CO2e_DE,1,2026,,,,,,0.097743
EmissionActivityRatio,BAU,ECU,T5INDCOK,,CO2e_DE,1,2027,,,,,,0.097743
EmissionActivityRatio,BAU,ECU,T5INDCOK,,CO2e_DE,1,2028,,,,,,0.097743
EmissionActivityRatio,BAU,ECU,T5INDCOK,,CO2e_DE,1,2029,,,,,,0.097743
EmissionActivityRatio,BAU,ECU,T5INDCOK,,CO2e_DE,1,2030,,,,,,0.097743
EmissionActivityRatio,BAU,ECU,T5INDCOK,,CO2e_DE,1,2031,,,,,,0.097743
EmissionActivityRatio,BAU,ECU,T5INDCOK,,CO2e_DE,1,2032,,,,,,0.097743
EmissionActivityRatio,BAU,ECU,T5INDCOK,,CO2e_DE,1,2033,,,,,,0.097743
EmissionActivityRatio,BAU,ECU,T5INDCOK,,CO2e_DE,1,2034,,,,,,0.097743
EmissionActivityRatio,BAU,ECU,T5INDCOK,,CO2e_DE,1,2035,,,,,,0.097743
EmissionActivityRatio,BAU,ECU,T5TRNFOI,,CO2e_DE,1,2010,,,,,,0.077839
EmissionActivityRatio,BAU,ECU,T5TRNFOI,,CO2e_DE,1,2011,,,,,,0.077839
EmissionActivityRatio,BAU,ECU,T5TRNFOI,,CO2e_DE,1,2012,,,,,,0.077839
EmissionActivityRatio,BAU,ECU,T5TRNFOI,,CO2e_DE,1,2013,,,,,,0.077839
EmissionActivityRatio,BAU,ECU,T5TRNFOI,,CO2e_DE,1,2014,,,,,,0.077839
EmissionActivityRatio,BAU,ECU,T5TRNFOI,,CO2e_DE,1,2015,,,,,,0.077839
EmissionActivityRatio,BAU,ECU,T5TRNFOI,,CO2e_DE,1,2016,,,,,,0.077839
EmissionActivityRatio,BAU,ECU,T5TRNFOI,,CO2e_DE,1,2017,,,,,,0.077839
EmissionActivityRatio,BAU,ECU,T5TRNFOI,,CO2e_DE,1,2018,,,,,,0.077839
EmissionActivityRatio,BAU,ECU,T5TRNFOI,,CO2e_DE,1,2019,,,,,,0.077839
EmissionActivityRatio,BAU,ECU,T5TRNFOI,,CO2e_DE,1,2020,,,,,,0.077839
EmissionActivityRatio,BAU,ECU,T5TRNFOI,,CO2e_DE,1,2021,,,,,,0.077839
EmissionActivityRatio,BAU,ECU,T5TRNFOI,,CO2e_DE,1,2022,,,,,,0.077839
EmissionActivityRatio,BAU,ECU,T5TRNFOI,,CO2e_DE,1,2023,,,,,,0.077839
EmissionActivityRatio,BAU,ECU,T5TRNFOI,,CO2e_DE,1,2024,,,,,,0.077839
EmissionActivityRatio,BAU,ECU,T5TRNFOI,,CO2e_DE,1,2025,,,,,,0.077839
EmissionActivityRatio,BAU,ECU,T5TRNFOI,,CO2e_DE,1,2026,,,,,,0.077839
EmissionActivityRatio,BAU,ECU,T5TRNFOI,,CO2e_DE,1,2027,,,,,,0.077839
EmissionActivityRatio,BAU,ECU,T5TRNFOI,,CO2e_DE,1,2028,,,,,,0.077839
EmissionActivityRatio,BAU,ECU,T5TRNFOI,,CO2e_DE,1,2029,,,,,,0.077839
EmissionActivityRatio,BAU,ECU,T5TRNFOI,,CO2e_DE,1,2030,,,,,,0.077839
EmissionActivityRatio,BAU,ECU,T5TRNFOI,,CO2e_DE,1,2031,,,,,,0.077839
EmissionActivityRatio,BAU,ECU,T5TRNFOI,,CO2e_DE,1,2032,,,,,,0.077839
EmissionActivityRatio,BAU,ECU,T5TRNFOI,,CO2e_DE,1,2033,,,,,,0.077839
EmissionActivityRatio,BAU,ECU,T5TRNFOI,,CO2e_DE,1,2034,,,,,,0.077839
EmissionActivityRatio,BAU,ECU,T5TRNFOI,,CO2e_DE,1,2035,,,,,,0.077839
EmissionActivityRatio,BAU,ECU,T5COMGSL,,CO2e_DE,1,2010,,,,,,0.069739
EmissionActivityRatio,BAU,ECU,T5COMGSL,,CO2e_DE,1,2011,,,,,,0.069739
EmissionActivityRatio,BAU,ECU,T5COMGSL,,CO2e_DE,1,2012,,,,,,0.069739
EmissionActivityRatio,BAU,ECU,T5COMGSL,,CO2e_DE,1,2013,,,,,,0.069739
EmissionActivityRatio,BAU,ECU,T5COMGSL,,CO2e_DE,1,2014,,,,,,0.069739
EmissionActivityRatio,BAU,ECU,T5COMGSL,,CO2e_DE,1,2015,,,,,,0.069739
EmissionActivityRatio,BAU,ECU,T5COMGSL,,CO2e_DE,1,2016,,,,,,0.069739
EmissionActivityRatio,BAU,ECU,T5COMGSL,,CO2e_DE,1,2017,,,,,,0.069739
EmissionActivityRatio,BAU,ECU,T5COMGSL,,CO2e_DE,1,2018,,,,,,0.069739
EmissionActivityRatio,BAU,ECU,T5COMGSL,,CO2e_DE,1,2019,,,,,,0.069739
EmissionActivityRatio,BAU,ECU,T5COMGSL,,CO2e_DE,1,2020,,,,,,0.069739
EmissionActivityRatio,BAU,ECU,T5COMGSL,,CO2e_DE,1,2021,,,,,,0.069739
EmissionActivityRatio,BAU,ECU,T5COMGSL,,CO2e_DE,1,2022,,,,,,0.069739
EmissionActivityRatio,BAU,ECU,T5COMGSL,,CO2e_DE,1,2023,,,,,,0.069739
EmissionActivityRatio,BAU,ECU,T5COMGSL,,CO2e_DE,1,2024,,,,,,0.069739
EmissionActivityRatio,BAU,ECU,T5COMGSL,,CO2e_DE,1,2025,,,,,,0.069739
EmissionActivityRatio,BAU,ECU,T5COMGSL,,CO2e_DE,1,2026,,,,,,0.069739
EmissionActivityRatio,BAU,ECU,T5COMGSL,,CO2e_DE,1,2027,,,,,,0.069739
EmissionActivityRatio,BAU,ECU,T5COMGSL,,CO2e_DE,1,2028,,,,,,0.069739
EmissionActivityRatio,BAU,ECU,T5COMGSL,,CO2e_DE,1,2029,,,,,,0.069739
EmissionActivityRatio,BAU,ECU,T5COMGSL,,CO2e_DE,1,2030,,,,,,0.069739
EmissionActivityRatio,BAU,ECU,T5COMGSL,,CO2e_DE,1,2031,,,,,,0.069739
EmissionActivityRatio,BAU,ECU,T5COMGSL,,CO2e_DE,1,2032,,,,,,0.069739
EmissionActivityRatio,BAU,ECU,T5COMGSL,,CO2e_DE,1,2033,,,,,,0.069739
EmissionActivityRatio,BAU,ECU,T5COMGSL,,CO2e_DE,1,2034,,,,,,0.069739
EmissionActivityRatio,BAU,ECU,T5COMGSL,,CO2e_DE,1,2035,,,,,,0.069739
EmissionActivityRatio,BAU,ECU,T5TAEGSL,,CO2e_DE,1,2010,,,,,,0.0706085
EmissionActivityRatio,BAU,ECU,T5TAEGSL,,CO2e_DE,1,2011,,,,,,0.0706085
EmissionActivityRatio,BAU,ECU,T5TAEGSL,,CO2e_DE,1,2012,,,,,,0.0706085
EmissionActivityRatio,BAU,ECU,T5TAEGSL,,CO2e_DE,1,2013,,,,,,0.0706085
EmissionActivityRatio,BAU,ECU,T5TAEGSL,,CO2e_DE,1,2014,,,,,,0.0706085
EmissionActivityRatio,BAU,ECU,T5TAEGSL,,CO2e_DE,1,2015,,,,,,0.0706085
EmissionActivityRatio,BAU,ECU,T5TAEGSL,,CO2e_DE,1,2016,,,,,,0.0706085
EmissionActivityRatio,BAU,ECU,T5TAEGSL,,CO2e_DE,1,2017,,,,,,0.0706085
EmissionActivityRatio,BAU,ECU,T5TAEGSL,,CO2e_DE,1,2018,,,,,,0.0706085
EmissionActivityRatio,BAU,ECU,T5TAEGSL,,CO2e_DE,1,2019,,,,,,0.0706085
EmissionActivityRatio,BAU,ECU,T5TAEGSL,,CO2e_DE,1,2020,,,,,,0.0706085
EmissionActivityRatio,BAU,ECU,T5TAEGSL,,CO2e_DE,1,2021,,,,,,0.0706085
EmissionActivityRatio,BAU,ECU,T5TAEGSL,,CO2e_DE,1,2022,,,,,,0.0706085
EmissionActivityRatio,BAU,ECU,T5TAEGSL,,CO2e_DE,1,2023,,,,,,0.0706085
EmissionActivityRatio,BAU,ECU,T5TAEGSL,,CO2e_DE,1,2024,,,,,,0.0706085
EmissionActivityRatio,BAU,ECU,T5TAEGSL,,CO2e_DE,1,2025,,,,,,0.0706085
EmissionActivityRatio,BAU,ECU,T5TAEGSL,,CO2e_DE,1,2026,,,,,,0.0706085
EmissionActivityRatio,BAU,ECU,T5TAEGSL,,CO2e_DE,1,2027,,,,,,0.0706085
EmissionActivityRatio,BAU,ECU,T5TAEGSL,,CO2e_DE,1,2028,,,,,,0.0706085
EmissionActivityRatio,BAU,ECU,T5TAEGSL,,CO2e_DE,1,2029,,,,,,0.0706085
EmissionActivityRatio,BAU,ECU,T5TAEGSL,,CO2e_DE,1,2030,,,,,,0.0706085
EmissionActivityRatio,BAU,ECU,T5TAEGSL,,CO2e_DE,1,2031,,,,,,0.0706085
EmissionActivityRatio,BAU,ECU,T5TAEGSL,,CO2e_DE,1,2032,,,,,,0.0706085
EmissionActivityRatio,BAU,ECU,T5TAEGSL,,CO2e_DE,1,2033,,,,,,0.0706085
EmissionActivityRatio,BAU,ECU,T5TAEGSL,,CO2e_DE,1,2034,,,,,,0.0706085
EmissionActivityRatio,BAU,ECU,T5TAEGSL,,CO2e_DE,1,2035,,,,,,0.0706085
EmissionActivityRatio,BAU,ECU,T5TMAGSL,,CO2e_DE,1,2010,,,,,,0.069739
EmissionActivityRatio,BAU,ECU,T5TMAGSL,,CO2e_DE,1,2011,,,,,,0.069739
EmissionActivityRatio,BAU,ECU,T5TMAGSL,,CO2e_DE,1,2012,,,,,,0.069739
EmissionActivityRatio,BAU,ECU,T5TMAGSL,,CO2e_DE,1,2013,,,,,,0.069739
EmissionActivityRatio,BAU,ECU,T5TMAGSL,,CO2e_DE,1,2014,,,,,,0.069739
EmissionActivityRatio,BAU,ECU,T5TMAGSL,,CO2e_DE,1,2015,,,,,,0.069739
EmissionActivityRatio,BAU,ECU,T5TMAGSL,,CO2e_DE,1,2016,,,,,,0.069739
EmissionActivityRatio,BAU,ECU,T5TMAGSL,,CO2e_DE,1,2017,,,,,,0.069739
EmissionActivityRatio,BAU,ECU,T5TMAGSL,,CO2e_DE,1,2018,,,,,,0.069739
EmissionActivityRatio,BAU,ECU,T5TMAGSL,,CO2e_DE,1,2019,,,,,,0.069739
EmissionActivityRatio,BAU,ECU,T5TMAGSL,,CO2e_DE,1,2020,,,,,,0.069739
EmissionActivityRatio,BAU,ECU,T5TMAGSL,,CO2e_DE,1,2021,,,,,,0.069739
EmissionActivityRatio,BAU,ECU,T5TMAGSL,,CO2e_DE,1,2022,,,,,,0.069739
EmissionActivityRatio,BAU,ECU,T5TMAGSL,,CO2e_DE,1,2023,,,,,,0.069739
EmissionActivityRatio,BAU,ECU,T5TMAGSL,,CO2e_DE,1,2024,,,,,,0.069739
EmissionActivityRatio,BAU,ECU,T5TMAGSL,,CO2e_DE,1,2025,,,,,,0.069739
EmissionActivityRatio,BAU,ECU,T5TMAGSL,,CO2e_DE,1,2026,,,,,,0.069739
EmissionActivityRatio,BAU,ECU,T5TMAGSL,,CO2e_DE,1,2027,,,,,,0.069739
EmissionActivityRatio,BAU,ECU,T5TMAGSL,,CO2e_DE,1,2028,,,,,,0.069739
EmissionActivityRatio,BAU,ECU,T5TMAGSL,,CO2e_DE,1,2029,,,,,,0.069739
EmissionActivityRatio,BAU,ECU,T5TMAGSL,,CO2e_DE,1,2030,,,,,,0.069739
EmissionActivityRatio,BAU,ECU,T5TMAGSL,,CO2e_DE,1,2031,,,,,,0.069739
EmissionActivityRatio,BAU,ECU,T5TMAGSL,,CO2e_DE,1,2032,,,,,,0.069739
EmissionActivityRatio,BAU,ECU,T5TMAGSL,,CO2e_DE,1,2033,,,,,,0.069739
EmissionActivityRatio,BAU,ECU,T5TMAGSL,,CO2e_DE,1,2034,,,,,,0.069739
EmissionActivityRatio,BAU,ECU,T5TMAGSL,,CO2e_DE,1,2035,,,,,,0.069739
EmissionActivityRatio,BAU,ECU,T5TCADSL,,CO2e_DE,1,2010,,,,,,0.074539
EmissionActivityRatio,BAU,ECU,T5TCADSL,,CO2e_DE,1,2011,,,,,,0.074539
EmissionActivityRatio,BAU,ECU,T5TCADSL,,CO2e_DE,1,2012,,,,,,0.074539
EmissionActivityRatio,BAU,ECU,T5TCADSL,,CO2e_DE,1,2013,,,,,,0.074539
EmissionActivityRatio,BAU,ECU,T5TCADSL,,CO2e_DE,1,2014,,,,,,0.074539
EmissionActivityRatio,BAU,ECU,T5TCADSL,,CO2e_DE,1,2015,,,,,,0.074539
EmissionActivityRatio,BAU,ECU,T5TCADSL,,CO2e_DE,1,2016,,,,,,0.074539
EmissionActivityRatio,BAU,ECU,T5TCADSL,,CO2e_DE,1,2017,,,,,,0.074539
EmissionActivityRatio,BAU,ECU,T5TCADSL,,CO2e_DE,1,2018,,,,,,0.074539
EmissionActivityRatio,BAU,ECU,T5TCADSL,,CO2e_DE,1,2019,,,,,,0.074539
EmissionActivityRatio,BAU,ECU,T5TCADSL,,CO2e_DE,1,2020,,,,,,0.074539
EmissionActivityRatio,BAU,ECU,T5TCADSL,,CO2e_DE,1,2021,,,,,,0.074539
EmissionActivityRatio,BAU,ECU,T5TCADSL,,CO2e_DE,1,2022,,,,,,0.074539
EmissionActivityRatio,BAU,ECU,T5TCADSL,,CO2e_DE,1,2023,,,,,,0.074539
EmissionActivityRatio,BAU,ECU,T5TCADSL,,CO2e_DE,1,2024,,,,,,0.074539
EmissionActivityRatio,BAU,ECU,T5TCADSL,,CO2e_DE,1,2025,,,,,,0.074539
EmissionActivityRatio,BAU,ECU,T5TCADSL,,CO2e_DE,1,2026,,,,,,0.074539
EmissionActivityRatio,BAU,ECU,T5TCADSL,,CO2e_DE,1,2027,,,,,,0.074539
EmissionActivityRatio,BAU,ECU,T5TCADSL,,CO2e_DE,1,2028,,,,,,0.074539
EmissionActivityRatio,BAU,ECU,T5TCADSL,,CO2e_DE,1,2029,,,,,,0.074539
EmissionActivityRatio,BAU,ECU,T5TCADSL,,CO2e_DE,1,2030,,,,,,0.074539
EmissionActivityRatio,BAU,ECU,T5TCADSL,,CO2e_DE,1,2031,,,,,,0.074539
EmissionActivityRatio,BAU,ECU,T5TCADSL,,CO2e_DE,1,2032,,,,,,0.074539
EmissionActivityRatio,BAU,ECU,T5TCADSL,,CO2e_DE,1,2033,,,,,,0.074539
EmissionActivityRatio,BAU,ECU,T5TCADSL,,CO2e_DE,1,2034,,,,,,0.074539
EmissionActivityRatio,BAU,ECU,T5TCADSL,,CO2e_DE,1,2035,,,,,,0.074539
EmissionActivityRatio,BAU,ECU,T5TCAGSL,,CO2e_DE,1,2010,,,,,,0.069739
EmissionActivityRatio,BAU,ECU,T5TCAGSL,,CO2e_DE,1,2011,,,,,,0.069739
EmissionActivityRatio,BAU,ECU,T5TCAGSL,,CO2e_DE,1,2012,,,,,,0.069739
EmissionActivityRatio,BAU,ECU,T5TCAGSL,,CO2e_DE,1,2013,,,,,,0.069739
EmissionActivityRatio,BAU,ECU,T5TCAGSL,,CO2e_DE,1,2014,,,,,,0.069739
EmissionActivityRatio,BAU,ECU,T5TCAGSL,,CO2e_DE,1,2015,,,,,,0.069739
EmissionActivityRatio,BAU,ECU,T5TCAGSL,,CO2e_DE,1,2016,,,,,,0.069739
EmissionActivityRatio,BAU,ECU,T5TCAGSL,,CO2e_DE,1,2017,,,,,,0.069739
EmissionActivityRatio,BAU,ECU,T5TCAGSL,,CO2e_DE,1,2018,,,,,,0.069739
EmissionActivityRatio,BAU,ECU,T5TCAGSL,,CO2e_DE,1,2019,,,,,,0.069739
EmissionActivityRatio,BAU,ECU,T5TCAGSL,,CO2e_DE,1,2020,,,,,,0.069739
EmissionActivityRatio,BAU,ECU,T5TCAGSL,,CO2e_DE,1,2021,,,,,,0.069739
EmissionActivityRatio,BAU,ECU,T5TCAGSL,,CO2e_DE,1,2022,,,,,,0.069739
EmissionActivityRatio,BAU,ECU,T5TCAGSL,,CO2e_DE,1,2023,,,,,,0.069739
EmissionActivityRatio,BAU,ECU,T5TCAGSL,,CO2e_DE,1,2024,,,,,,0.069739
EmissionActivityRatio,BAU,ECU,T5TCAGSL,,CO2e_DE,1,2025,,,,,,0.069739
EmissionActivityRatio,BAU,ECU,T5TCAGSL,,CO2e_DE,1,2026,,,,,,0.069739
EmissionActivityRatio,BAU,ECU,T5TCAGSL,,CO2e_DE,1,2027,,,,,,0.069739
EmissionActivityRatio,BAU,ECU,T5TCAGSL,,CO2e_DE,1,2028,,,,,,0.069739
EmissionActivityRatio,BAU,ECU,T5TCAGSL,,CO2e_DE,1,2029,,,,,,0.069739
EmissionActivityRatio,BAU,ECU,T5TCAGSL,,CO2e_DE,1,2030,,,,,,0.069739
EmissionActivityRatio,BAU,ECU,T5TCAGSL,,CO2e_DE,1,2031,,,,,,0.069739
EmissionActivityRatio,BAU,ECU,T5TCAGSL,,CO2e_DE,1,2032,,,,,,0.069739
EmissionActivityRatio,BAU,ECU,T5TCAGSL,,CO2e_DE,1,2033,,,,,,0.069739
EmissionActivityRatio,BAU,ECU,T5TCAGSL,,CO2e_DE,1,2034,,,,,,0.069739
EmissionActivityRatio,BAU,ECU,T5TCAGSL,,CO2e_DE,1,2035,,,,,,0.069739
EmissionActivityRatio,BAU,ECU,T5ALLTRNDSL,,CO2e_DE,1,2010,,,,,,0.074539
EmissionActivityRatio,BAU,ECU,T5ALLTRNDSL,,CO2e_DE,1,2011,,,,,,0.074539
EmissionActivityRatio,BAU,ECU,T5ALLTRNDSL,,CO2e_DE,1,2012,,,,,,0.074539
EmissionActivityRatio,BAU,ECU,T5ALLTRNDSL,,CO2e_DE,1,2013,,,,,,0.074539
EmissionActivityRatio,BAU,ECU,T5ALLTRNDSL,,CO2e_DE,1,2014,,,,,,0.074539
EmissionActivityRatio,BAU,ECU,T5ALLTRNDSL,,CO2e_DE,1,2015,,,,,,0.074539
EmissionActivityRatio,BAU,ECU,T5ALLTRNDSL,,CO2e_DE,1,2016,,,,,,0.074539
EmissionActivityRatio,BAU,ECU,T5ALLTRNDSL,,CO2e_DE,1,2017,,,,,,0.074539
EmissionActivityRatio,BAU,ECU,T5ALLTRNDSL,,CO2e_DE,1,2018,,,,,,0.074539
EmissionActivityRatio,BAU,ECU,T5ALLTRNDSL,,CO2e_DE,1,2019,,,,,,0.074539
EmissionActivityRatio,BAU,ECU,T5ALLTRNDSL,,CO2e_DE,1,2020,,,,,,0.074539
EmissionActivityRatio,BAU,ECU,T5ALLTRNDSL,,CO2e_DE,1,2021,,,,,,0.074539
EmissionActivityRatio,BAU,ECU,T5ALLTRNDSL,,CO2e_DE,1,2022,,,,,,0.074539
EmissionActivityRatio,BAU,ECU,T5ALLTRNDSL,,CO2e_DE,1,2023,,,,,,0.074539
EmissionActivityRatio,BAU,ECU,T5ALLTRNDSL,,CO2e_DE,1,2024,,,,,,0.074539
EmissionActivityRatio,BAU,ECU,T5ALLTRNDSL,,CO2e_DE,1,2025,,,,,,0.074539
EmissionActivityRatio,BAU,ECU,T5ALLTRNDSL,,CO2e_DE,1,2026,,,,,,0.074539
EmissionActivityRatio,BAU,ECU,T5ALLTRNDSL,,CO2e_DE,1,2027,,,,,,0.074539
EmissionActivityRatio,BAU,ECU,T5ALLTRNDSL,,CO2e_DE,1,2028,,,,,,0.074539
EmissionActivityRatio,BAU,ECU,T5ALLTRNDSL,,CO2e_DE,1,2029,,,,,,0.074539
EmissionActivityRatio,BAU,ECU,T5ALLTRNDSL,,CO2e_DE,1,2030,,,,,,0.074539
EmissionActivityRatio,BAU,ECU,T5ALLTRNDSL,,CO2e_DE,1,2031,,,,,,0.074539
EmissionActivityRatio,BAU,ECU,T5ALLTRNDSL,,CO2e_DE,1,2032,,,,,,0.074539
EmissionActivityRatio,BAU,ECU,T5ALLTRNDSL,,CO2e_DE,1,2033,,,,,,0.074539
EmissionActivityRatio,BAU,ECU,T5ALLTRNDSL,,CO2e_DE,1,2034,,,,,,0.074539
EmissionActivityRatio,BAU,ECU,T5ALLTRNDSL,,CO2e_DE,1,2035,,,,,,0.074539
EmissionActivityRatio,BAU,ECU,T5ALLTRNFOI,,CO2e_DE,1,2010,,,,,,0.077839
EmissionActivityRatio,BAU,ECU,T5ALLTRNFOI,,CO2e_DE,1,2011,,,,,,0.077839
EmissionActivityRatio,BAU,ECU,T5ALLTRNFOI,,CO2e_DE,1,2012,,,,,,0.077839
EmissionActivityRatio,BAU,ECU,T5ALLTRNFOI,,CO2e_DE,1,2013,,,,,,0.077839
EmissionActivityRatio,BAU,ECU,T5ALLTRNFOI,,CO2e_DE,1,2014,,,,,,0.077839
EmissionActivityRatio,BAU,ECU,T5ALLTRNFOI,,CO2e_DE,1,2015,,,,,,0.077839
EmissionActivityRatio,BAU,ECU,T5ALLTRNFOI,,CO2e_DE,1,2016,,,,,,0.077839
EmissionActivityRatio,BAU,ECU,T5ALLTRNFOI,,CO2e_DE,1,2017,,,,,,0.077839
EmissionActivityRatio,BAU,ECU,T5ALLTRNFOI,,CO2e_DE,1,2018,,,,,,0.077839
EmissionActivityRatio,BAU,ECU,T5ALLTRNFOI,,CO2e_DE,1,2019,,,,,,0.077839
EmissionActivityRatio,BAU,ECU,T5ALLTRNFOI,,CO2e_DE,1,2020,,,,,,0.077839
EmissionActivityRatio,BAU,ECU,T5ALLTRNFOI,,CO2e_DE,1,2021,,,,,,0.077839
EmissionActivityRatio,BAU,ECU,T5ALLTRNFOI,,CO2e_DE,1,2022,,,,,,0.077839
EmissionActivityRatio,BAU,ECU,T5ALLTRNFOI,,CO2e_DE,1,2023,,,,,,0.077839
EmissionActivityRatio,BAU,ECU,T5ALLTRNFOI,,CO2e_DE,1,2024,,,,,,0.077839
EmissionActivityRatio,BAU,ECU,T5ALLTRNFOI,,CO2e_DE,1,2025,,,,,,0.077839
EmissionActivityRatio,BAU,ECU,T5ALLTRNFOI,,CO2e_DE,1,2026,,,,,,0.077839
EmissionActivityRatio,BAU,ECU,T5ALLTRNFOI,,CO2e_DE,1,2027,,,,,,0.077839
EmissionActivityRatio,BAU,ECU,T5ALLTRNFOI,,CO2e_DE,1,2028,,,,,,0.077839
EmissionActivityRatio,BAU,ECU,T5ALLTRNFOI,,CO2e_DE,1,2029,,,,,,0.077839
EmissionActivityRatio,BAU,ECU,T5ALLTRNFOI,,CO2e_DE,1,2030,,,,,,0.077839
EmissionActivityRatio,BAU,ECU,T5ALLTRNFOI,,CO2e_DE,1,2031,,,,,,0.077839
EmissionActivityRatio,BAU,ECU,T5ALLTRNFOI,,CO2e_DE,1,2032,,,,,,0.077839
EmissionActivityRatio,BAU,ECU,T5ALLTRNFOI,,CO2e_DE,1,2033,,,,,,0.077839
EmissionActivityRatio,BAU,ECU,T5ALLTRNFOI,,CO2e_DE,1,2034,,,,,,0.077839
EmissionActivityRatio,BAU,ECU,T5ALLTRNFOI,,CO2e_DE,1,2035,,,,,,0.077839
EmissionActivityRatio,BAU,ECU,T5ALLTRNLPG,,CO2e_DE,1,2010,,,,,,0.0632665
EmissionActivityRatio,BAU,ECU,T5ALLTRNLPG,,CO2e_DE,1,2011,,,,,,0.0632665
EmissionActivityRatio,BAU,ECU,T5ALLTRNLPG,,CO2e_DE,1,2012,,,,,,0.0632665
EmissionActivityRatio,BAU,ECU,T5ALLTRNLPG,,CO2e_DE,1,2013,,,,,,0.0632665
EmissionActivityRatio,BAU,ECU,T5ALLTRNLPG,,CO2e_DE,1,2014,,,,,,0.0632665
EmissionActivityRatio,BAU,ECU,T5ALLTRNLPG,,CO2e_DE,1,2015,,,,,,0.0632665
EmissionActivityRatio,BAU,ECU,T5ALLTRNLPG,,CO2e_DE,1,2016,,,,,,0.0632665
EmissionActivityRatio,BAU,ECU,T5ALLTRNLPG,,CO2e_DE,1,2017,,,,,,0.0632665
EmissionActivityRatio,BAU,ECU,T5ALLTRNLPG,,CO2e_DE,1,2018,,,,,,0.0632665
EmissionActivityRatio,BAU,ECU,T5ALLTRNLPG,,CO2e_DE,1,2019,,,,,,0.0632665
EmissionActivityRatio,BAU,ECU,T5ALLTRNLPG,,CO2e_DE,1,2020,,,,,,0.0632665
EmissionActivityRatio,BAU,ECU,T5ALLTRNLPG,,CO2e_DE,1,2021,,,,,,0.0632665
EmissionActivityRatio,BAU,ECU,T5ALLTRNLPG,,CO2e_DE,1,2022,,,,,,0.0632665
EmissionActivityRatio,BAU,ECU,T5ALLTRNLPG,,CO2e_DE,1,2023,,,,,,0.0632665
EmissionActivityRatio,BAU,ECU,T5ALLTRNLPG,,CO2e_DE,1,2024,,,,,,0.0632665
EmissionActivityRatio,BAU,ECU,T5ALLTRNLPG,,CO2e_DE,1,2025,,,,,,0.0632665
EmissionActivityRatio,BAU,ECU,T5ALLTRNLPG,,CO2e_DE,1,2026,,,,,,0.0632665
EmissionActivityRatio,BAU,ECU,T5ALLTRNLPG,,CO2e_DE,1,2027,,,,,,0.0632665
EmissionActivityRatio,BAU,ECU,T5ALLTRNLPG,,CO2e_DE,1,2028,,,,,,0.0632665
EmissionActivityRatio,BAU,ECU,T5ALLTRNLPG,,CO2e_DE,1,2029,,,,,,0.0632665
EmissionActivityRatio,BAU,ECU,T5ALLTRNLPG,,CO2e_DE,1,2030,,,,,,0.0632665
EmissionActivityRatio,BAU,ECU,T5ALLTRNLPG,,CO2e_DE,1,2031,,,,,,0.0632665
EmissionActivityRatio,BAU,ECU,T5ALLTRNLPG,,CO2e_DE,1,2032,,,,,,0.0632665
EmissionActivityRatio,BAU,ECU,T5ALLTRNLPG,,CO2e_DE,1,2033,,,,,,0.0632665
EmissionActivityRatio,BAU,ECU,T5ALLTRNLPG,,CO2e_DE,1,2034,,,,,,0.0632665
EmissionActivityRatio,BAU,ECU,T5ALLTRNLPG,,CO2e_DE,1,2035,,,,,,0.0632665
EmissionActivityRatio,BAU,ECU,T5ALLTRNGSL,,CO2e_DE,1,2010,,,,,,0.069739
EmissionActivityRatio,BAU,ECU,T5ALLTRNGSL,,CO2e_DE,1,2011,,,,,,0.069739
EmissionActivityRatio,BAU,ECU,T5ALLTRNGSL,,CO2e_DE,1,2012,,,,,,0.069739
EmissionActivityRatio,BAU,ECU,T5ALLTRNGSL,,CO2e_DE,1,2013,,,,,,0.069739
EmissionActivityRatio,BAU,ECU,T5ALLTRNGSL,,CO2e_DE,1,2014,,,,,,0.069739
EmissionActivityRatio,BAU,ECU,T5ALLTRNGSL,,CO2e_DE,1,2015,,,,,,0.069739
EmissionActivityRatio,BAU,ECU,T5ALLTRNGSL,,CO2e_DE,1,2016,,,,,,0.069739
EmissionActivityRatio,BAU,ECU,T5ALLTRNGSL,,CO2e_DE,1,2017,,,,,,0.069739
EmissionActivityRatio,BAU,ECU,T5ALLTRNGSL,,CO2e_DE,1,2018,,,,,,0.069739
EmissionActivityRatio,BAU,ECU,T5ALLTRNGSL,,CO2e_DE,1,2019,,,,,,0.069739
EmissionActivityRatio,BAU,ECU,T5ALLTRNGSL,,CO2e_DE,1,2020,,,,,,0.069739
EmissionActivityRatio,BAU,ECU,T5ALLTRNGSL,,CO2e_DE,1,2021,,,,,,0.069739
EmissionActivityRatio,BAU,ECU,T5ALLTRNGSL,,CO2e_DE,1,2022,,,,,,0.069739
EmissionActivityRatio,BAU,ECU,T5ALLTRNGSL,,CO2e_DE,1,2023,,,,,,0.069739
EmissionActivityRatio,BAU,ECU,T5ALLTRNGSL,,CO2e_DE,1,2024,,,,,,0.069739
EmissionActivityRatio,BAU,ECU,T5ALLTRNGSL,,CO2e_DE,1,2025,,,,,,0.069739
EmissionActivityRatio,BAU,ECU,T5ALLTRNGSL,,CO2e_DE,1,2026,,,,,,0.069739
EmissionActivityRatio,BAU,ECU,T5ALLTRNGSL,,CO2e_DE,1,2027,,,,,,0.069739
EmissionActivityRatio,BAU,ECU,T5ALLTRNGSL,,CO2e_DE,1,2028,,,,,,0.069739
EmissionActivityRatio,BAU,ECU,T5ALLTRNGSL,,CO2e_DE,1,2029,,,,,,0.069739
EmissionActivityRatio,BAU,ECU,T5ALLTRNGSL,,CO2e_DE,1,2030,,,,,,0.069739
EmissionActivityRatio,BAU,ECU,T5ALLTRNGSL,,CO2e_DE,1,2031,,,,,,0.069739
EmissionActivityRatio,BAU,ECU,T5ALLTRNGSL,,CO2e_DE,1,2032,,,,,,0.069739
EmissionActivityRatio,BAU,ECU,T5ALLTRNGSL,,CO2e_DE,1,2033,,,,,,0.069739
EmissionActivityRatio,BAU,ECU,T5ALLTRNGSL,,CO2e_DE,1,2034,,,,,,0.069739
EmissionActivityRatio,BAU,ECU,T5ALLTRNGSL,,CO2e_DE,1,2035,,,,,,0.069739
EmissionActivityRatio,BAU,ECU,T5ALLTRNJET,,CO2e_DE,1,2010,,,,,,0.0
EmissionActivityRatio,BAU,ECU,T5ALLTRNJET,,CO2e_DE,1,2011,,,,,,0.0
EmissionActivityRatio,BAU,ECU,T5ALLTRNJET,,CO2e_DE,1,2012,,,,,,0.0
EmissionActivityRatio,BAU,ECU,T5ALLTRNJET,,CO2e_DE,1,2013,,,,,,0.0
EmissionActivityRatio,BAU,ECU,T5ALLTRNJET,,CO2e_DE,1,2014,,,,,,0.0
EmissionActivityRatio,BAU,ECU,T5ALLTRNJET,,CO2e_DE,1,2015,,,,,,0.0
EmissionActivityRatio,BAU,ECU,T5ALLTRNJET,,CO2e_DE,1,2016,,,,,,0.0
EmissionActivityRatio,BAU,ECU,T5ALLTRNJET,,CO2e_DE,1,2017,,,,,,0.0
EmissionActivityRatio,BAU,ECU,T5ALLTRNJET,,CO2e_DE,1,2018,,,,,,0.0
EmissionActivityRatio,BAU,ECU,T5ALLTRNJET,,CO2e_DE,1,2019,,,,,,0.0
EmissionActivityRatio,BAU,ECU,T5ALLTRNJET,,CO2e_DE,1,2020,,,,,,0.0
EmissionActivityRatio,BAU,ECU,T5ALLTRNJET,,CO2e_DE,1,2021,,,,,,0.0
EmissionActivityRatio,BAU,ECU,T5ALLTRNJET,,CO2e_DE,1,2022,,,,,,0.0
EmissionActivityRatio,BAU,ECU,T5ALLTRNJET,,CO2e_DE,1,2023,,,,,,0.0
EmissionActivityRatio,BAU,ECU,T5ALLTRNJET,,CO2e_DE,1,2024,,,,,,0.0
EmissionActivityRatio,BAU,ECU,T5ALLTRNJET,,CO2e_DE,1,2025,,,,,,0.0
EmissionActivityRatio,BAU,ECU,T5ALLTRNJET,,CO2e_DE,1,2026,,,,,,0.0
EmissionActivityRatio,BAU,ECU,T5ALLTRNJET,,CO2e_DE,1,2027,,,,,,0.0
EmissionActivityRatio,BAU,ECU,T5ALLTRNJET,,CO2e_DE,1,2028,,,,,,0.0
EmissionActivityRatio,BAU,ECU,T5ALLTRNJET,,CO2e_DE,1,2029,,,,,,0.0
EmissionActivityRatio,BAU,ECU,T5ALLTRNJET,,CO2e_DE,1,2030,,,,,,0.0
EmissionActivityRatio,BAU,ECU,T5ALLTRNJET,,CO2e_DE,1,2031,,,,,,0.0
EmissionActivityRatio,BAU,ECU,T5ALLTRNJET,,CO2e_DE,1,2032,,,,,,0.0
EmissionActivityRatio,BAU,ECU,T5ALLTRNJET,,CO2e_DE,1,2033,,,,,,0.0
EmissionActivityRatio,BAU,ECU,T5ALLTRNJET,,CO2e_DE,1,2034,,,,,,0.0
EmissionActivityRatio,BAU,ECU,T5ALLTRNJET,,CO2e_DE,1,2035,,,,,,0.0
EmissionActivityRatio,BAU,ECU,T5CONKER,,CO2e_DE,1,2010,,,,,,0.0
EmissionActivityRatio,BAU,ECU,T5CONKER,,CO2e_DE,1,2011,,,,,,0.0
EmissionActivityRatio,BAU,ECU,T5CONKER,,CO2e_DE,1,2012,,,,,,0.0
EmissionActivityRatio,BAU,ECU,T5CONKER,,CO2e_DE,1,2013,,,,,,0.0
EmissionActivityRatio,BAU,ECU,T5CONKER,,CO2e_DE,1,2014,,,,,,0.0
EmissionActivityRatio,BAU,ECU,T5CONKER,,CO2e_DE,1,2015,,,,,,0.0
EmissionActivityRatio,BAU,ECU,T5CONKER,,CO2e_DE,1,2016,,,,,,0.0
EmissionActivityRatio,BAU,ECU,T5CONKER,,CO2e_DE,1,2017,,,,,,0.0
EmissionActivityRatio,BAU,ECU,T5CONKER,,CO2e_DE,1,2018,,,,,,0.0
EmissionActivityRatio,BAU,ECU,T5CONKER,,CO2e_DE,1,2019,,,,,,0.0
EmissionActivityRatio,BAU,ECU,T5CONKER,,CO2e_DE,1,2020,,,,,,0.0
EmissionActivityRatio,BAU,ECU,T5CONKER,,CO2e_DE,1,2021,,,,,,0.0
EmissionActivityRatio,BAU,ECU,T5CONKER,,CO2e_DE,1,2022,,,,,,0.0
EmissionActivityRatio,BAU,ECU,T5CONKER,,CO2e_DE,1,2023,,,,,,0.0
EmissionActivityRatio,BAU,ECU,T5CONKER,,CO2e_DE,1,2024,,,,,,0.0
EmissionActivityRatio,BAU,ECU,T5CONKER,,CO2e_DE,1,2025,,,,,,0.0
EmissionActivityRatio,BAU,ECU,T5CONKER,,CO2e_DE,1,2026,,,,,,0.0
EmissionActivityRatio,BAU,ECU,T5CONKER,,CO2e_DE,1,2027,,,,,,0.0
EmissionActivityRatio,BAU,ECU,T5CONKER,,CO2e_DE,1,2028,,,,,,0.0
EmissionActivityRatio,BAU,ECU,T5CONKER,,CO2e_DE,1,2029,,,,,,0.0
EmissionActivityRatio,BAU,ECU,T5CONKER,,CO2e_DE,1,2030,,,,,,0.0
EmissionActivityRatio,BAU,ECU,T5CONKER,,CO2e_DE,1,2031,,,,,,0.0
EmissionActivityRatio,BAU,ECU,T5CONKER,,CO2e_DE,1,2032,,,,,,0.0
EmissionActivityRatio,BAU,ECU,T5CONKER,,CO2e_DE,1,2033,,,,,,0.0
EmissionActivityRatio,BAU,ECU,T5CONKER,,CO2e_DE,1,2034,,,,,,0.0
EmissionActivityRatio,BAU,ECU,T5CONKER,,CO2e_DE,1,2035,,,,,,0.0
EmissionActivityRatio,BAU,ECU,T5AGRDSL,,CO2e_DE,1,2010,,,,,,0.074539
EmissionActivityRatio,BAU,ECU,T5AGRDSL,,CO2e_DE,1,2011,,,,,,0.074539
EmissionActivityRatio,BAU,ECU,T5AGRDSL,,CO2e_DE,1,2012,,,,,,0.074539
EmissionActivityRatio,BAU,ECU,T5AGRDSL,,CO2e_DE,1,2013,,,,,,0.074539
EmissionActivityRatio,BAU,ECU,T5AGRDSL,,CO2e_DE,1,2014,,,,,,0.074539
EmissionActivityRatio,BAU,ECU,T5AGRDSL,,CO2e_DE,1,2015,,,,,,0.074539
EmissionActivityRatio,BAU,ECU,T5AGRDSL,,CO2e_DE,1,2016,,,,,,0.074539
EmissionActivityRatio,BAU,ECU,T5AGRDSL,,CO2e_DE,1,2017,,,,,,0.074539
EmissionActivityRatio,BAU,ECU,T5AGRDSL,,CO2e_DE,1,2018,,,,,,0.074539
EmissionActivityRatio,BAU,ECU,T5AGRDSL,,CO2e_DE,1,2019,,,,,,0.074539
EmissionActivityRatio,BAU,ECU,T5AGRDSL,,CO2e_DE,1,2020,,,,,,0.074539
EmissionActivityRatio,BAU,ECU,T5AGRDSL,,CO2e_DE,1,2021,,,,,,0.074539
EmissionActivityRatio,BAU,ECU,T5AGRDSL,,CO2e_DE,1,2022,,,,,,0.074539
EmissionActivityRatio,BAU,ECU,T5AGRDSL,,CO2e_DE,1,2023,,,,,,0.074539
EmissionActivityRatio,BAU,ECU,T5AGRDSL,,CO2e_DE,1,2024,,,,,,0.074539
EmissionActivityRatio,BAU,ECU,T5AGRDSL,,CO2e_DE,1,2025,,,,,,0.074539
EmissionActivityRatio,BAU,ECU,T5AGRDSL,,CO2e_DE,1,2026,,,,,,0.074539
EmissionActivityRatio,BAU,ECU,T5AGRDSL,,CO2e_DE,1,2027,,,,,,0.074539
EmissionActivityRatio,BAU,ECU,T5AGRDSL,,CO2e_DE,1,2028,,,,,,0.074539
EmissionActivityRatio,BAU,ECU,T5AGRDSL,,CO2e_DE,1,2029,,,,,,0.074539
EmissionActivityRatio,BAU,ECU,T5AGRDSL,,CO2e_DE,1,2030,,,,,,0.074539
EmissionActivityRatio,BAU,ECU,T5AGRDSL,,CO2e_DE,1,2031,,,,,,0.074539
EmissionActivityRatio,BAU,ECU,T5AGRDSL,,CO2e_DE,1,2032,,,,,,0.074539
EmissionActivityRatio,BAU,ECU,T5AGRDSL,,CO2e_DE,1,2033,,,,,,0.074539
EmissionActivityRatio,BAU,ECU,T5AGRDSL,,CO2e_DE,1,2034,,,,,,0.074539
EmissionActivityRatio,BAU,ECU,T5AGRDSL,,CO2e_DE,1,2035,,,,,,0.074539
EmissionActivityRatio,BAU,ECU,T5AGRLPG,,CO2e_DE,1,2010,,,,,,0.0632665
EmissionActivityRatio,BAU,ECU,T5AGRLPG,,CO2e_DE,1,2011,,,,,,0.0632665
EmissionActivityRatio,BAU,ECU,T5AGRLPG,,CO2e_DE,1,2012,,,,,,0.0632665
EmissionActivityRatio,BAU,ECU,T5AGRLPG,,CO2e_DE,1,2013,,,,,,0.0632665
EmissionActivityRatio,BAU,ECU,T5AGRLPG,,CO2e_DE,1,2014,,,,,,0.0632665
EmissionActivityRatio,BAU,ECU,T5AGRLPG,,CO2e_DE,1,2015,,,,,,0.0632665
EmissionActivityRatio,BAU,ECU,T5AGRLPG,,CO2e_DE,1,2016,,,,,,0.0632665
EmissionActivityRatio,BAU,ECU,T5AGRLPG,,CO2e_DE,1,2017,,,,,,0.0632665
EmissionActivityRatio,BAU,ECU,T5AGRLPG,,CO2e_DE,1,2018,,,,,,0.0632665
EmissionActivityRatio,BAU,ECU,T5AGRLPG,,CO2e_DE,1,2019,,,,,,0.0632665
EmissionActivityRatio,BAU,ECU,T5AGRLPG,,CO2e_DE,1,2020,,,,,,0.0632665
EmissionActivityRatio,BAU,ECU,T5AGRLPG,,CO2e_DE,1,2021,,,,,,0.0632665
EmissionActivityRatio,BAU,ECU,T5AGRLPG,,CO2e_DE,1,2022,,,,,,0.0632665
EmissionActivityRatio,BAU,ECU,T5AGRLPG,,CO2e_DE,1,2023,,,,,,0.0632665
EmissionActivityRatio,BAU,ECU,T5AGRLPG,,CO2e_DE,1,2024,,,,,,0.0632665
EmissionActivityRatio,BAU,ECU,T5AGRLPG,,CO2e_DE,1,2025,,,,,,0.0632665
EmissionActivityRatio,BAU,ECU,T5AGRLPG,,CO2e_DE,1,2026,,,,,,0.0632665
EmissionActivityRatio,BAU,ECU,T5AGRLPG,,CO2e_DE,1,2027,,,,,,0.0632665
EmissionActivityRatio,BAU,ECU,T5AGRLPG,,CO2e_DE,1,2028,,,,,,0.0632665
EmissionActivityRatio,BAU,ECU,T5AGRLPG,,CO2e_DE,1,2029,,,,,,0.0632665
EmissionActivityRatio,BAU,ECU,T5AGRLPG,,CO2e_DE,1,2030,,,,,,0.0632665
EmissionActivityRatio,BAU,ECU,T5AGRLPG,,CO2e_DE,1,2031,,,,,,0.0632665
EmissionActivityRatio,BAU,ECU,T5AGRLPG,,CO2e_DE,1,2032,,,,,,0.0632665
EmissionActivityRatio,BAU,ECU,T5AGRLPG,,CO2e_DE,1,2033,,,,,,0.0632665
EmissionActivityRatio,BAU,ECU,T5AGRLPG,,CO2e_DE,1,2034,,,,,,0.0632665
EmissionActivityRatio,BAU,ECU,T5AGRLPG,,CO2e_DE,1,2035,,,,,,0.0632665
EmissionActivityRatio,BAU,ECU,T5AGRGSL,,CO2e_DE,1,2010,,,,,,0.069739
EmissionActivityRatio,BAU,ECU,T5AGRGSL,,CO2e_DE,1,2011,,,,,,0.069739
EmissionActivityRatio,BAU,ECU,T5AGRGSL,,CO2e_DE,1,2012,,,,,,0.069739
EmissionActivityRatio,BAU,ECU,T5AGRGSL,,CO2e_DE,1,2013,,,,,,0.069739
EmissionActivityRatio,BAU,ECU,T5AGRGSL,,CO2e_DE,1,2014,,,,,,0.069739
EmissionActivityRatio,BAU,ECU,T5AGRGSL,,CO2e_DE,1,2015,,,,,,0.069739
EmissionActivityRatio,BAU,ECU,T5AGRGSL,,CO2e_DE,1,2016,,,,,,0.069739
EmissionActivityRatio,BAU,ECU,T5AGRGSL,,CO2e_DE,1,2017,,,,,,0.069739
EmissionActivityRatio,BAU,ECU,T5AGRGSL,,CO2e_DE,1,2018,,,,,,0.069739
EmissionActivityRatio,BAU,ECU,T5AGRGSL,,CO2e_DE,1,2019,,,,,,0.069739
EmissionActivityRatio,BAU,ECU,T5AGRGSL,,CO2e_DE,1,2020,,,,,,0.069739
EmissionActivityRatio,BAU,ECU,T5AGRGSL,,CO2e_DE,1,2021,,,,,,0.069739
EmissionActivityRatio,BAU,ECU,T5AGRGSL,,CO2e_DE,1,2022,,,,,,0.069739
EmissionActivityRatio,BAU,ECU,T5AGRGSL,,CO2e_DE,1,2023,,,,,,0.069739
EmissionActivityRatio,BAU,ECU,T5AGRGSL,,CO2e_DE,1,2024,,,,,,0.069739
EmissionActivityRatio,BAU,ECU,T5AGRGSL,,CO2e_DE,1,2025,,,,,,0.069739
EmissionActivityRatio,BAU,ECU,T5AGRGSL,,CO2e_DE,1,2026,,,,,,0.069739
EmissionActivityRatio,BAU,ECU,T5AGRGSL,,CO2e_DE,1,2027,,,,,,0.069739
EmissionActivityRatio,BAU,ECU,T5AGRGSL,,CO2e_DE,1,2028,,,,,,0.069739
EmissionActivityRatio,BAU,ECU,T5AGRGSL,,CO2e_DE,1,2029,,,,,,0.069739
EmissionActivityRatio,BAU,ECU,T5AGRGSL,,CO2e_DE,1,2030,,,,,,0.069739
EmissionActivityRatio,BAU,ECU,T5AGRGSL,,CO2e_DE,1,2031,,,,,,0.069739
EmissionActivityRatio,BAU,ECU,T5AGRGSL,,CO2e_DE,1,2032,,,,,,0.069739
EmissionActivityRatio,BAU,ECU,T5AGRGSL,,CO2e_DE,1,2033,,,,,,0.069739
EmissionActivityRatio,BAU,ECU,T5AGRGSL,,CO2e_DE,1,2034,,,,,,0.069739
EmissionActivityRatio,BAU,ECU,T5AGRGSL,,CO2e_DE,1,2035,,,,,,0.069739
EmissionActivityRatio,BAU,ECU,T5AGROTP,,CO2e_DE,1,2010,,,,,,0.0
EmissionActivityRatio,BAU,ECU,T5AGROTP,,CO2e_DE,1,2011,,,,,,0.0
EmissionActivityRatio,BAU,ECU,T5AGROTP,,CO2e_DE,1,2012,,,,,,0.0
EmissionActivityRatio,BAU,ECU,T5AGROTP,,CO2e_DE,1,2013,,,,,,0.0
EmissionActivityRatio,BAU,ECU,T5AGROTP,,CO2e_DE,1,2014,,,,,,0.0
EmissionActivityRatio,BAU,ECU,T5AGROTP,,CO2e_DE,1,2015,,,,,,0.0
EmissionActivityRatio,BAU,ECU,T5AGROTP,,CO2e_DE,1,2016,,,,,,0.0
EmissionActivityRatio,BAU,ECU,T5AGROTP,,CO2e_DE,1,2017,,,,,,0.0
EmissionActivityRatio,BAU,ECU,T5AGROTP,,CO2e_DE,1,2018,,,,,,0.0
EmissionActivityRatio,BAU,ECU,T5AGROTP,,CO2e_DE,1,2019,,,,,,0.0
EmissionActivityRatio,BAU,ECU,T5AGROTP,,CO2e_DE,1,2020,,,,,,0.0
EmissionActivityRatio,BAU,ECU,T5AGROTP,,CO2e_DE,1,2021,,,,,,0.0
EmissionActivityRatio,BAU,ECU,T5AGROTP,,CO2e_DE,1,2022,,,,,,0.0
EmissionActivityRatio,BAU,ECU,T5AGROTP,,CO2e_DE,1,2023,,,,,,0.0
EmissionActivityRatio,BAU,ECU,T5AGROTP,,CO2e_DE,1,2024,,,,,,0.0
EmissionActivityRatio,BAU,ECU,T5AGROTP,,CO2e_DE,1,2025,,,,,,0.0
EmissionActivityRatio,BAU,ECU,T5AGROTP,,CO2e_DE,1,2026,,,,,,0.0
EmissionActivityRatio,BAU,ECU,T5AGROTP,,CO2e_DE,1,2027,,,,,,0.0
EmissionActivityRatio,BAU,ECU,T5AGROTP,,CO2e_DE,1,2028,,,,,,0.0
EmissionActivityRatio,BAU,ECU,T5AGROTP,,CO2e_DE,1,2029,,,,,,0.0
EmissionActivityRatio,BAU,ECU,T5AGROTP,,CO2e_DE,1,2030,,,,,,0.0
EmissionActivityRatio,BAU,ECU,T5AGROTP,,CO2e_DE,1,2031,,,,,,0.0
EmissionActivityRatio,BAU,ECU,T5AGROTP,,CO2e_DE,1,2032,,,,,,0.0
EmissionActivityRatio,BAU,ECU,T5AGROTP,,CO2e_DE,1,2033,,,,,,0.0
EmissionActivityRatio,BAU,ECU,T5AGROTP,,CO2e_DE,1,2034,,,,,,0.0
EmissionActivityRatio,BAU,ECU,T5AGROTP,,CO2e_DE,1,2035,,,,,,0.0
EmissionActivityRatio,BAU,ECU,T5VEGWAS,,CO2e_DE,1,2010,,,,,,0.001942
EmissionActivityRatio,BAU,ECU,T5VEGWAS,,CO2e_DE,1,2011,,,,,,0.001942
EmissionActivityRatio,BAU,ECU,T5VEGWAS,,CO2e_DE,1,2012,,,,,,0.001942
EmissionActivityRatio,BAU,ECU,T5VEGWAS,,CO2e_DE,1,2013,,,,,,0.001942
EmissionActivityRatio,BAU,ECU,T5VEGWAS,,CO2e_DE,1,2014,,,,,,0.001942
EmissionActivityRatio,BAU,ECU,T5VEGWAS,,CO2e_DE,1,2015,,,,,,0.001942
EmissionActivityRatio,BAU,ECU,T5VEGWAS,,CO2e_DE,1,2016,,,,,,0.001942
EmissionActivityRatio,BAU,ECU,T5VEGWAS,,CO2e_DE,1,2017,,,,,,0.001942
EmissionActivityRatio,BAU,ECU,T5VEGWAS,,CO2e_DE,1,2018,,,,,,0.001942
EmissionActivityRatio,BAU,ECU,T5VEGWAS,,CO2e_DE,1,2019,,,,,,0.001942
EmissionActivityRatio,BAU,ECU,T5VEGWAS,,CO2e_DE,1,2020,,,,,,0.001942
EmissionActivityRatio,BAU,ECU,T5VEGWAS,,CO2e_DE,1,2021,,,,,,0.001942
EmissionActivityRatio,BAU,ECU,T5VEGWAS,,CO2e_DE,1,2022,,,,,,0.001942
EmissionActivityRatio,BAU,ECU,T5VEGWAS,,CO2e_DE,1,2023,,,,,,0.001942
EmissionActivityRatio,BAU,ECU,T5VEGWAS,,CO2e_DE,1,2024,,,,,,0.001942
EmissionActivityRatio,BAU,ECU,T5VEGWAS,,CO2e_DE,1,2025,,,,,,0.001942
EmissionActivityRatio,BAU,ECU,T5VEGWAS,,CO2e_DE,1,2026,,,,,,0.001942
EmissionActivityRatio,BAU,ECU,T5VEGWAS,,CO2e_DE,1,2027,,,,,,0.001942
EmissionActivityRatio,BAU,ECU,T5VEGWAS,,CO2e_DE,1,2028,,,,,,0.001942
EmissionActivityRatio,BAU,ECU,T5VEGWAS,,CO2e_DE,1,2029,,,,,,0.001942
EmissionActivityRatio,BAU,ECU,T5VEGWAS,,CO2e_DE,1,2030,,,,,,0.001942
EmissionActivityRatio,BAU,ECU,T5VEGWAS,,CO2e_DE,1,2031,,,,,,0.001942
EmissionActivityRatio,BAU,ECU,T5VEGWAS,,CO2e_DE,1,2032,,,,,,0.001942
EmissionActivityRatio,BAU,ECU,T5VEGWAS,,CO2e_DE,1,2033,,,,,,0.001942
EmissionActivityRatio,BAU,ECU,T5VEGWAS,,CO2e_DE,1,2034,,,,,,0.001942
EmissionActivityRatio,BAU,ECU,T5VEGWAS,,CO2e_DE,1,2035,,,,,,0.001942
EmissionActivityRatio,BAU,ECU,T5DSLCOM,,CO2_DE,1,2010,,,,,,0.0741
EmissionActivityRatio,BAU,ECU,T5DSLCOM,,CO2_DE,1,2011,,,,,,0.0741
EmissionActivityRatio,BAU,ECU,T5DSLCOM,,CO2_DE,1,2012,,,,,,0.0741
EmissionActivityRatio,BAU,ECU,T5DSLCOM,,CO2_DE,1,2013,,,,,,0.0741
EmissionActivityRatio,BAU,ECU,T5DSLCOM,,CO2_DE,1,2014,,,,,,0.0741
EmissionActivityRatio,BAU,ECU,T5DSLCOM,,CO2_DE,1,2015,,,,,,0.0741
EmissionActivityRatio,BAU,ECU,T5DSLCOM,,CO2_DE,1,2016,,,,,,0.0741
EmissionActivityRatio,BAU,ECU,T5DSLCOM,,CO2_DE,1,2017,,,,,,0.0741
EmissionActivityRatio,BAU,ECU,T5DSLCOM,,CO2_DE,1,2018,,,,,,0.0741
EmissionActivityRatio,BAU,ECU,T5DSLCOM,,CO2_DE,1,2019,,,,,,0.0741
EmissionActivityRatio,BAU,ECU,T5DSLCOM,,CO2_DE,1,2020,,,,,,0.0741
EmissionActivityRatio,BAU,ECU,T5DSLCOM,,CO2_DE,1,2021,,,,,,0.0741
EmissionActivityRatio,BAU,ECU,T5DSLCOM,,CO2_DE,1,2022,,,,,,0.0741
EmissionActivityRatio,BAU,ECU,T5DSLCOM,,CO2_DE,1,2023,,,,,,0.0741
EmissionActivityRatio,BAU,ECU,T5DSLCOM,,CO2_DE,1,2024,,,,,,0.0741
EmissionActivityRatio,BAU,ECU,T5DSLCOM,,CO2_DE,1,2025,,,,,,0.0741
EmissionActivityRatio,BAU,ECU,T5DSLCOM,,CO2_DE,1,2026,,,,,,0.0741
EmissionActivityRatio,BAU,ECU,T5DSLCOM,,CO2_DE,1,2027,,,,,,0.0741
EmissionActivityRatio,BAU,ECU,T5DSLCOM,,CO2_DE,1,2028,,,,,,0.0741
EmissionActivityRatio,BAU,ECU,T5DSLCOM,,CO2_DE,1,2029,,,,,,0.0741
EmissionActivityRatio,BAU,ECU,T5DSLCOM,,CO2_DE,1,2030,,,,,,0.0741
EmissionActivityRatio,BAU,ECU,T5DSLCOM,,CO2_DE,1,2031,,,,,,0.0741
EmissionActivityRatio,BAU,ECU,T5DSLCOM,,CO2_DE,1,2032,,,,,,0.0741
EmissionActivityRatio,BAU,ECU,T5DSLCOM,,CO2_DE,1,2033,,,,,,0.0741
EmissionActivityRatio,BAU,ECU,T5DSLCOM,,CO2_DE,1,2034,,,,,,0.0741
EmissionActivityRatio,BAU,ECU,T5DSLCOM,,CO2_DE,1,2035,,,,,,0.0741
EmissionActivityRatio,BAU,ECU,T5LPGCOM,,CO2_DE,1,2010,,,,,,0.0631
EmissionActivityRatio,BAU,ECU,T5LPGCOM,,CO2_DE,1,2011,,,,,,0.0631
EmissionActivityRatio,BAU,ECU,T5LPGCOM,,CO2_DE,1,2012,,,,,,0.0631
EmissionActivityRatio,BAU,ECU,T5LPGCOM,,CO2_DE,1,2013,,,,,,0.0631
EmissionActivityRatio,BAU,ECU,T5LPGCOM,,CO2_DE,1,2014,,,,,,0.0631
EmissionActivityRatio,BAU,ECU,T5LPGCOM,,CO2_DE,1,2015,,,,,,0.0631
EmissionActivityRatio,BAU,ECU,T5LPGCOM,,CO2_DE,1,2016,,,,,,0.0631
EmissionActivityRatio,BAU,ECU,T5LPGCOM,,CO2_DE,1,2017,,,,,,0.0631
EmissionActivityRatio,BAU,ECU,T5LPGCOM,,CO2_DE,1,2018,,,,,,0.0631
EmissionActivityRatio,BAU,ECU,T5LPGCOM,,CO2_DE,1,2019,,,,,,0.0631
EmissionActivityRatio,BAU,ECU,T5LPGCOM,,CO2_DE,1,2020,,,,,,0.0631
EmissionActivityRatio,BAU,ECU,T5LPGCOM,,CO2_DE,1,2021,,,,,,0.0631
EmissionActivityRatio,BAU,ECU,T5LPGCOM,,CO2_DE,1,2022,,,,,,0.0631
EmissionActivityRatio,BAU,ECU,T5LPGCOM,,CO2_DE,1,2023,,,,,,0.0631
EmissionActivityRatio,BAU,ECU,T5LPGCOM,,CO2_DE,1,2024,,,,,,0.0631
EmissionActivityRatio,BAU,ECU,T5LPGCOM,,CO2_DE,1,2025,,,,,,0.0631
EmissionActivityRatio,BAU,ECU,T5LPGCOM,,CO2_DE,1,2026,,,,,,0.0631
EmissionActivityRatio,BAU,ECU,T5LPGCOM,,CO2_DE,1,2027,,,,,,0.0631
EmissionActivityRatio,BAU,ECU,T5LPGCOM,,CO2_DE,1,2028,,,,,,0.0631
EmissionActivityRatio,BAU,ECU,T5LPGCOM,,CO2_DE,1,2029,,,,,,0.0631
EmissionActivityRatio,BAU,ECU,T5LPGCOM,,CO2_DE,1,2030,,,,,,0.0631
EmissionActivityRatio,BAU,ECU,T5LPGCOM,,CO2_DE,1,2031,,,,,,0.0631
EmissionActivityRatio,BAU,ECU,T5LPGCOM,,CO2_DE,1,2032,,,,,,0.0631
EmissionActivityRatio,BAU,ECU,T5LPGCOM,,CO2_DE,1,2033,,,,,,0.0631
EmissionActivityRatio,BAU,ECU,T5LPGCOM,,CO2_DE,1,2034,,,,,,0.0631
EmissionActivityRatio,BAU,ECU,T5LPGCOM,,CO2_DE,1,2035,,,,,,0.0631
EmissionActivityRatio,BAU,ECU,T5ELECOM,,CO2_DE,1,2010,,,,,,0.0
EmissionActivityRatio,BAU,ECU,T5ELECOM,,CO2_DE,1,2011,,,,,,0.0
EmissionActivityRatio,BAU,ECU,T5ELECOM,,CO2_DE,1,2012,,,,,,0.0
EmissionActivityRatio,BAU,ECU,T5ELECOM,,CO2_DE,1,2013,,,,,,0.0
EmissionActivityRatio,BAU,ECU,T5ELECOM,,CO2_DE,1,2014,,,,,,0.0
EmissionActivityRatio,BAU,ECU,T5ELECOM,,CO2_DE,1,2015,,,,,,0.0
EmissionActivityRatio,BAU,ECU,T5ELECOM,,CO2_DE,1,2016,,,,,,0.0
EmissionActivityRatio,BAU,ECU,T5ELECOM,,CO2_DE,1,2017,,,,,,0.0
EmissionActivityRatio,BAU,ECU,T5ELECOM,,CO2_DE,1,2018,,,,,,0.0
EmissionActivityRatio,BAU,ECU,T5ELECOM,,CO2_DE,1,2019,,,,,,0.0
EmissionActivityRatio,BAU,ECU,T5ELECOM,,CO2_DE,1,2020,,,,,,0.0
EmissionActivityRatio,BAU,ECU,T5ELECOM,,CO2_DE,1,2021,,,,,,0.0
EmissionActivityRatio,BAU,ECU,T5ELECOM,,CO2_DE,1,2022,,,,,,0.0
EmissionActivityRatio,BAU,ECU,T5ELECOM,,CO2_DE,1,2023,,,,,,0.0
EmissionActivityRatio,BAU,ECU,T5ELECOM,,CO2_DE,1,2024,,,,,,0.0
EmissionActivityRatio,BAU,ECU,T5ELECOM,,CO2_DE,1,2025,,,,,,0.0
EmissionActivityRatio,BAU,ECU,T5ELECOM,,CO2_DE,1,2026,,,,,,0.0
EmissionActivityRatio,BAU,ECU,T5ELECOM,,CO2_DE,1,2027,,,,,,0.0
EmissionActivityRatio,BAU,ECU,T5ELECOM,,CO2_DE,1,2028,,,,,,0.0
EmissionActivityRatio,BAU,ECU,T5ELECOM,,CO2_DE,1,2029,,,,,,0.0
EmissionActivityRatio,BAU,ECU,T5ELECOM,,CO2_DE,1,2030,,,,,,0.0
EmissionActivityRatio,BAU,ECU,T5ELECOM,,CO2_DE,1,2031,,,,,,0.0
EmissionActivityRatio,BAU,ECU,T5ELECOM,,CO2_DE,1,2032,,,,,,0.0
EmissionActivityRatio,BAU,ECU,T5ELECOM,,CO2_DE,1,2033,,,,,,0.0
EmissionActivityRatio,BAU,ECU,T5ELECOM,,CO2_DE,1,2034,,,,,,0.0
EmissionActivityRatio,BAU,ECU,T5ELECOM,,CO2_DE,1,2035,,,,,,0.0
EmissionActivityRatio,BAU,ECU,T5FOICOM,,CO2_DE,1,2010,,,,,,0.0774
EmissionActivityRatio,BAU,ECU,T5FOICOM,,CO2_DE,1,2011,,,,,,0.0774
EmissionActivityRatio,BAU,ECU,T5FOICOM,,CO2_DE,1,2012,,,,,,0.0774
EmissionActivityRatio,BAU,ECU,T5FOICOM,,CO2_DE,1,2013,,,,,,0.0774
EmissionActivityRatio,BAU,ECU,T5FOICOM,,CO2_DE,1,2014,,,,,,0.0774
EmissionActivityRatio,BAU,ECU,T5FOICOM,,CO2_DE,1,2015,,,,,,0.0774
EmissionActivityRatio,BAU,ECU,T5FOICOM,,CO2_DE,1,2016,,,,,,0.0774
EmissionActivityRatio,BAU,ECU,T5FOICOM,,CO2_DE,1,2017,,,,,,0.0774
EmissionActivityRatio,BAU,ECU,T5FOICOM,,CO2_DE,1,2018,,,,,,0.0774
EmissionActivityRatio,BAU,ECU,T5FOICOM,,CO2_DE,1,2019,,,,,,0.0774
EmissionActivityRatio,BAU,ECU,T5FOICOM,,CO2_DE,1,2020,,,,,,0.0774
EmissionActivityRatio,BAU,ECU,T5FOICOM,,CO2_DE,1,2021,,,,,,0.0774
EmissionActivityRatio,BAU,ECU,T5FOICOM,,CO2_DE,1,2022,,,,,,0.0774
EmissionActivityRatio,BAU,ECU,T5FOICOM,,CO2_DE,1,2023,,,,,,0.0774
EmissionActivityRatio,BAU,ECU,T5FOICOM,,CO2_DE,1,2024,,,,,,0.0774
EmissionActivityRatio,BAU,ECU,T5FOICOM,,CO2_DE,1,2025,,,,,,0.0774
EmissionActivityRatio,BAU,ECU,T5FOICOM,,CO2_DE,1,2026,,,,,,0.0774
EmissionActivityRatio,BAU,ECU,T5FOICOM,,CO2_DE,1,2027,,,,,,0.0774
EmissionActivityRatio,BAU,ECU,T5FOICOM,,CO2_DE,1,2028,,,,,,0.0774
EmissionActivityRatio,BAU,ECU,T5FOICOM,,CO2_DE,1,2029,,,,,,0.0774
EmissionActivityRatio,BAU,ECU,T5FOICOM,,CO2_DE,1,2030,,,,,,0.0774
EmissionActivityRatio,BAU,ECU,T5FOICOM,,CO2_DE,1,2031,,,,,,0.0774
EmissionActivityRatio,BAU,ECU,T5FOICOM,,CO2_DE,1,2032,,,,,,0.0774
EmissionActivityRatio,BAU,ECU,T5FOICOM,,CO2_DE,1,2033,,,,,,0.0774
EmissionActivityRatio,BAU,ECU,T5FOICOM,,CO2_DE,1,2034,,,,,,0.0774
EmissionActivityRatio,BAU,ECU,T5FOICOM,,CO2_DE,1,2035,,,,,,0.0774
EmissionActivityRatio,BAU,ECU,T5NGSRES,,CO2_DE,1,2010,,,,,,0.0561
EmissionActivityRatio,BAU,ECU,T5NGSRES,,CO2_DE,1,2011,,,,,,0.0561
EmissionActivityRatio,BAU,ECU,T5NGSRES,,CO2_DE,1,2012,,,,,,0.0561
EmissionActivityRatio,BAU,ECU,T5NGSRES,,CO2_DE,1,2013,,,,,,0.0561
EmissionActivityRatio,BAU,ECU,T5NGSRES,,CO2_DE,1,2014,,,,,,0.0561
EmissionActivityRatio,BAU,ECU,T5NGSRES,,CO2_DE,1,2015,,,,,,0.0561
EmissionActivityRatio,BAU,ECU,T5NGSRES,,CO2_DE,1,2016,,,,,,0.0561
EmissionActivityRatio,BAU,ECU,T5NGSRES,,CO2_DE,1,2017,,,,,,0.0561
EmissionActivityRatio,BAU,ECU,T5NGSRES,,CO2_DE,1,2018,,,,,,0.0561
EmissionActivityRatio,BAU,ECU,T5NGSRES,,CO2_DE,1,2019,,,,,,0.0561
EmissionActivityRatio,BAU,ECU,T5NGSRES,,CO2_DE,1,2020,,,,,,0.0561
EmissionActivityRatio,BAU,ECU,T5NGSRES,,CO2_DE,1,2021,,,,,,0.0561
EmissionActivityRatio,BAU,ECU,T5NGSRES,,CO2_DE,1,2022,,,,,,0.0561
EmissionActivityRatio,BAU,ECU,T5NGSRES,,CO2_DE,1,2023,,,,,,0.0561
EmissionActivityRatio,BAU,ECU,T5NGSRES,,CO2_DE,1,2024,,,,,,0.0561
EmissionActivityRatio,BAU,ECU,T5NGSRES,,CO2_DE,1,2025,,,,,,0.0561
EmissionActivityRatio,BAU,ECU,T5NGSRES,,CO2_DE,1,2026,,,,,,0.0561
EmissionActivityRatio,BAU,ECU,T5NGSRES,,CO2_DE,1,2027,,,,,,0.0561
EmissionActivityRatio,BAU,ECU,T5NGSRES,,CO2_DE,1,2028,,,,,,0.0561
EmissionActivityRatio,BAU,ECU,T5NGSRES,,CO2_DE,1,2029,,,,,,0.0561
EmissionActivityRatio,BAU,ECU,T5NGSRES,,CO2_DE,1,2030,,,,,,0.0561
EmissionActivityRatio,BAU,ECU,T5NGSRES,,CO2_DE,1,2031,,,,,,0.0561
EmissionActivityRatio,BAU,ECU,T5NGSRES,,CO2_DE,1,2032,,,,,,0.0561
EmissionActivityRatio,BAU,ECU,T5NGSRES,,CO2_DE,1,2033,,,,,,0.0561
EmissionActivityRatio,BAU,ECU,T5NGSRES,,CO2_DE,1,2034,,,,,,0.0561
EmissionActivityRatio,BAU,ECU,T5NGSRES,,CO2_DE,1,2035,,,,,,0.0561
EmissionActivityRatio,BAU,ECU,T5GSLRES,,CO2_DE,1,2010,,,,,,0.0693
EmissionActivityRatio,BAU,ECU,T5GSLRES,,CO2_DE,1,2011,,,,,,0.0693
EmissionActivityRatio,BAU,ECU,T5GSLRES,,CO2_DE,1,2012,,,,,,0.0693
EmissionActivityRatio,BAU,ECU,T5GSLRES,,CO2_DE,1,2013,,,,,,0.0693
EmissionActivityRatio,BAU,ECU,T5GSLRES,,CO2_DE,1,2014,,,,,,0.0693
EmissionActivityRatio,BAU,ECU,T5GSLRES,,CO2_DE,1,2015,,,,,,0.0693
EmissionActivityRatio,BAU,ECU,T5GSLRES,,CO2_DE,1,2016,,,,,,0.0693
EmissionActivityRatio,BAU,ECU,T5GSLRES,,CO2_DE,1,2017,,,,,,0.0693
EmissionActivityRatio,BAU,ECU,T5GSLRES,,CO2_DE,1,2018,,,,,,0.0693
EmissionActivityRatio,BAU,ECU,T5GSLRES,,CO2_DE,1,2019,,,,,,0.0693
EmissionActivityRatio,BAU,ECU,T5GSLRES,,CO2_DE,1,2020,,,,,,0.0693
EmissionActivityRatio,BAU,ECU,T5GSLRES,,CO2_DE,1,2021,,,,,,0.0693
EmissionActivityRatio,BAU,ECU,T5GSLRES,,CO2_DE,1,2022,,,,,,0.0693
EmissionActivityRatio,BAU,ECU,T5GSLRES,,CO2_DE,1,2023,,,,,,0.0693
EmissionActivityRatio,BAU,ECU,T5GSLRES,,CO2_DE,1,2024,,,,,,0.0693
EmissionActivityRatio,BAU,ECU,T5GSLRES,,CO2_DE,1,2025,,,,,,0.0693
EmissionActivityRatio,BAU,ECU,T5GSLRES,,CO2_DE,1,2026,,,,,,0.0693
EmissionActivityRatio,BAU,ECU,T5GSLRES,,CO2_DE,1,2027,,,,,,0.0693
EmissionActivityRatio,BAU,ECU,T5GSLRES,,CO2_DE,1,2028,,,,,,0.0693
EmissionActivityRatio,BAU,ECU,T5GSLRES,,CO2_DE,1,2029,,,,,,0.0693
EmissionActivityRatio,BAU,ECU,T5GSLRES,,CO2_DE,1,2030,,,,,,0.0693
EmissionActivityRatio,BAU,ECU,T5GSLRES,,CO2_DE,1,2031,,,,,,0.0693
EmissionActivityRatio,BAU,ECU,T5GSLRES,,CO2_DE,1,2032,,,,,,0.0693
EmissionActivityRatio,BAU,ECU,T5GSLRES,,CO2_DE,1,2033,,,,,,0.0693
EmissionActivityRatio,BAU,ECU,T5GSLRES,,CO2_DE,1,2034,,,,,,0.0693
EmissionActivityRatio,BAU,ECU,T5GSLRES,,CO2_DE,1,2035,,,,,,0.0693
EmissionActivityRatio,BAU,ECU,T5LPGRES,,CO2_DE,1,2010,,,,,,0.0631
EmissionActivityRatio,BAU,ECU,T5LPGRES,,CO2_DE,1,2011,,,,,,0.0631
EmissionActivityRatio,BAU,ECU,T5LPGRES,,CO2_DE,1,2012,,,,,,0.0631
EmissionActivityRatio,BAU,ECU,T5LPGRES,,CO2_DE,1,2013,,,,,,0.0631
EmissionActivityRatio,BAU,ECU,T5LPGRES,,CO2_DE,1,2014,,,,,,0.0631
EmissionActivityRatio,BAU,ECU,T5LPGRES,,CO2_DE,1,2015,,,,,,0.0631
EmissionActivityRatio,BAU,ECU,T5LPGRES,,CO2_DE,1,2016,,,,,,0.0631
EmissionActivityRatio,BAU,ECU,T5LPGRES,,CO2_DE,1,2017,,,,,,0.0631
EmissionActivityRatio,BAU,ECU,T5LPGRES,,CO2_DE,1,2018,,,,,,0.0631
EmissionActivityRatio,BAU,ECU,T5LPGRES,,CO2_DE,1,2019,,,,,,0.0631
EmissionActivityRatio,BAU,ECU,T5LPGRES,,CO2_DE,1,2020,,,,,,0.0631
EmissionActivityRatio,BAU,ECU,T5LPGRES,,CO2_DE,1,2021,,,,,,0.0631
EmissionActivityRatio,BAU,ECU,T5LPGRES,,CO2_DE,1,2022,,,,,,0.0631
EmissionActivityRatio,BAU,ECU,T5LPGRES,,CO2_DE,1,2023,,,,,,0.0631
EmissionActivityRatio,BAU,ECU,T5LPGRES,,CO2_DE,1,2024,,,,,,0.0631
EmissionActivityRatio,BAU,ECU,T5LPGRES,,CO2_DE,1,2025,,,,,,0.0631
EmissionActivityRatio,BAU,ECU,T5LPGRES,,CO2_DE,1,2026,,,,,,0.0631
EmissionActivityRatio,BAU,ECU,T5LPGRES,,CO2_DE,1,2027,,,,,,0.0631
EmissionActivityRatio,BAU,ECU,T5LPGRES,,CO2_DE,1,2028,,,,,,0.0631
EmissionActivityRatio,BAU,ECU,T5LPGRES,,CO2_DE,1,2029,,,,,,0.0631
EmissionActivityRatio,BAU,ECU,T5LPGRES,,CO2_DE,1,2030,,,,,,0.0631
EmissionActivityRatio,BAU,ECU,T5LPGRES,,CO2_DE,1,2031,,,,,,0.0631
EmissionActivityRatio,BAU,ECU,T5LPGRES,,CO2_DE,1,2032,,,,,,0.0631
EmissionActivityRatio,BAU,ECU,T5LPGRES,,CO2_DE,1,2033,,,,,,0.0631
EmissionActivityRatio,BAU,ECU,T5LPGRES,,CO2_DE,1,2034,,,,,,0.0631
EmissionActivityRatio,BAU,ECU,T5LPGRES,,CO2_DE,1,2035,,,,,,0.0631
EmissionActivityRatio,BAU,ECU,T5ELERES,,CO2_DE,1,2010,,,,,,0.0
EmissionActivityRatio,BAU,ECU,T5ELERES,,CO2_DE,1,2011,,,,,,0.0
EmissionActivityRatio,BAU,ECU,T5ELERES,,CO2_DE,1,2012,,,,,,0.0
EmissionActivityRatio,BAU,ECU,T5ELERES,,CO2_DE,1,2013,,,,,,0.0
EmissionActivityRatio,BAU,ECU,T5ELERES,,CO2_DE,1,2014,,,,,,0.0
EmissionActivityRatio,BAU,ECU,T5ELERES,,CO2_DE,1,2015,,,,,,0.0
EmissionActivityRatio,BAU,ECU,T5ELERES,,CO2_DE,1,2016,,,,,,0.0
EmissionActivityRatio,BAU,ECU,T5ELERES,,CO2_DE,1,2017,,,,,,0.0
EmissionActivityRatio,BAU,ECU,T5ELERES,,CO2_DE,1,2018,,,,,,0.0
EmissionActivityRatio,BAU,ECU,T5ELERES,,CO2_DE,1,2019,,,,,,0.0
EmissionActivityRatio,BAU,ECU,T5ELERES,,CO2_DE,1,2020,,,,,,0.0
EmissionActivityRatio,BAU,ECU,T5ELERES,,CO2_DE,1,2021,,,,,,0.0
EmissionActivityRatio,BAU,ECU,T5ELERES,,CO2_DE,1,2022,,,,,,0.0
EmissionActivityRatio,BAU,ECU,T5ELERES,,CO2_DE,1,2023,,,,,,0.0
EmissionActivityRatio,BAU,ECU,T5ELERES,,CO2_DE,1,2024,,,,,,0.0
EmissionActivityRatio,BAU,ECU,T5ELERES,,CO2_DE,1,2025,,,,,,0.0
EmissionActivityRatio,BAU,ECU,T5ELERES,,CO2_DE,1,2026,,,,,,0.0
EmissionActivityRatio,BAU,ECU,T5ELERES,,CO2_DE,1,2027,,,,,,0.0
EmissionActivityRatio,BAU,ECU,T5ELERES,,CO2_DE,1,2028,,,,,,0.0
EmissionActivityRatio,BAU,ECU,T5ELERES,,CO2_DE,1,2029,,,,,,0.0
EmissionActivityRatio,BAU,ECU,T5ELERES,,CO2_DE,1,2030,,,,,,0.0
EmissionActivityRatio,BAU,ECU,T5ELERES,,CO2_DE,1,2031,,,,,,0.0
EmissionActivityRatio,BAU,ECU,T5ELERES,,CO2_DE,1,2032,,,,,,0.0
EmissionActivityRatio,BAU,ECU,T5ELERES,,CO2_DE,1,2033,,,,,,0.0
EmissionActivityRatio,BAU,ECU,T5ELERES,,CO2_DE,1,2034,,,,,,0.0
EmissionActivityRatio,BAU,ECU,T5ELERES,,CO2_DE,1,2035,,,,,,0.0
EmissionActivityRatio,BAU,ECU,T5KERRES,,CO2_DE,1,2010,,,,,,0.0715
EmissionActivityRatio,BAU,ECU,T5KERRES,,CO2_DE,1,2011,,,,,,0.0715
EmissionActivityRatio,BAU,ECU,T5KERRES,,CO2_DE,1,2012,,,,,,0.0715
EmissionActivityRatio,BAU,ECU,T5KERRES,,CO2_DE,1,2013,,,,,,0.0715
EmissionActivityRatio,BAU,ECU,T5KERRES,,CO2_DE,1,2014,,,,,,0.0715
EmissionActivityRatio,BAU,ECU,T5KERRES,,CO2_DE,1,2015,,,,,,0.0715
EmissionActivityRatio,BAU,ECU,T5KERRES,,CO2_DE,1,2016,,,,,,0.0715
EmissionActivityRatio,BAU,ECU,T5KERRES,,CO2_DE,1,2017,,,,,,0.0715
EmissionActivityRatio,BAU,ECU,T5KERRES,,CO2_DE,1,2018,,,,,,0.0715
EmissionActivityRatio,BAU,ECU,T5KERRES,,CO2_DE,1,2019,,,,,,0.0715
EmissionActivityRatio,BAU,ECU,T5KERRES,,CO2_DE,1,2020,,,,,,0.0715
EmissionActivityRatio,BAU,ECU,T5KERRES,,CO2_DE,1,2021,,,,,,0.0715
EmissionActivityRatio,BAU,ECU,T5KERRES,,CO2_DE,1,2022,,,,,,0.0715
EmissionActivityRatio,BAU,ECU,T5KERRES,,CO2_DE,1,2023,,,,,,0.0715
EmissionActivityRatio,BAU,ECU,T5KERRES,,CO2_DE,1,2024,,,,,,0.0715
EmissionActivityRatio,BAU,ECU,T5KERRES,,CO2_DE,1,2025,,,,,,0.0715
EmissionActivityRatio,BAU,ECU,T5KERRES,,CO2_DE,1,2026,,,,,,0.0715
EmissionActivityRatio,BAU,ECU,T5KERRES,,CO2_DE,1,2027,,,,,,0.0715
EmissionActivityRatio,BAU,ECU,T5KERRES,,CO2_DE,1,2028,,,,,,0.0715
EmissionActivityRatio,BAU,ECU,T5KERRES,,CO2_DE,1,2029,,,,,,0.0715
EmissionActivityRatio,BAU,ECU,T5KERRES,,CO2_DE,1,2030,,,,,,0.0715
EmissionActivityRatio,BAU,ECU,T5KERRES,,CO2_DE,1,2031,,,,,,0.0715
EmissionActivityRatio,BAU,ECU,T5KERRES,,CO2_DE,1,2032,,,,,,0.0715
EmissionActivityRatio,BAU,ECU,T5KERRES,,CO2_DE,1,2033,,,,,,0.0715
EmissionActivityRatio,BAU,ECU,T5KERRES,,CO2_DE,1,2034,,,,,,0.0715
EmissionActivityRatio,BAU,ECU,T5KERRES,,CO2_DE,1,2035,,,,,,0.0715
EmissionActivityRatio,BAU,ECU,T5FIRRES,,CO2_DE,1,2010,,,,,,0.0
EmissionActivityRatio,BAU,ECU,T5FIRRES,,CO2_DE,1,2011,,,,,,0.0
EmissionActivityRatio,BAU,ECU,T5FIRRES,,CO2_DE,1,2012,,,,,,0.0
EmissionActivityRatio,BAU,ECU,T5FIRRES,,CO2_DE,1,2013,,,,,,0.0
EmissionActivityRatio,BAU,ECU,T5FIRRES,,CO2_DE,1,2014,,,,,,0.0
EmissionActivityRatio,BAU,ECU,T5FIRRES,,CO2_DE,1,2015,,,,,,0.0
EmissionActivityRatio,BAU,ECU,T5FIRRES,,CO2_DE,1,2016,,,,,,0.0
EmissionActivityRatio,BAU,ECU,T5FIRRES,,CO2_DE,1,2017,,,,,,0.0
EmissionActivityRatio,BAU,ECU,T5FIRRES,,CO2_DE,1,2018,,,,,,0.0
EmissionActivityRatio,BAU,ECU,T5FIRRES,,CO2_DE,1,2019,,,,,,0.0
EmissionActivityRatio,BAU,ECU,T5FIRRES,,CO2_DE,1,2020,,,,,,0.0
EmissionActivityRatio,BAU,ECU,T5FIRRES,,CO2_DE,1,2021,,,,,,0.0
EmissionActivityRatio,BAU,ECU,T5FIRRES,,CO2_DE,1,2022,,,,,,0.0
EmissionActivityRatio,BAU,ECU,T5FIRRES,,CO2_DE,1,2023,,,,,,0.0
EmissionActivityRatio,BAU,ECU,T5FIRRES,,CO2_DE,1,2024,,,,,,0.0
EmissionActivityRatio,BAU,ECU,T5FIRRES,,CO2_DE,1,2025,,,,,,0.0
EmissionActivityRatio,BAU,ECU,T5FIRRES,,CO2_DE,1,2026,,,,,,0.0
EmissionActivityRatio,BAU,ECU,T5FIRRES,,CO2_DE,1,2027,,,,,,0.0
EmissionActivityRatio,BAU,ECU,T5FIRRES,,CO2_DE,1,2028,,,,,,0.0
EmissionActivityRatio,BAU,ECU,T5FIRRES,,CO2_DE,1,2029,,,,,,0.0
EmissionActivityRatio,BAU,ECU,T5FIRRES,,CO2_DE,1,2030,,,,,,0.0
EmissionActivityRatio,BAU,ECU,T5FIRRES,,CO2_DE,1,2031,,,,,,0.0
EmissionActivityRatio,BAU,ECU,T5FIRRES,,CO2_DE,1,2032,,,,,,0.0
EmissionActivityRatio,BAU,ECU,T5FIRRES,,CO2_DE,1,2033,,,,,,0.0
EmissionActivityRatio,BAU,ECU,T5FIRRES,,CO2_DE,1,2034,,,,,,0.0
EmissionActivityRatio,BAU,ECU,T5FIRRES,,CO2_DE,1,2035,,,,,,0.0
EmissionActivityRatio,BAU,ECU,T5CHARES,,CO2_DE,1,2010,,,,,,0.0
EmissionActivityRatio,BAU,ECU,T5CHARES,,CO2_DE,1,2011,,,,,,0.0
EmissionActivityRatio,BAU,ECU,T5CHARES,,CO2_DE,1,2012,,,,,,0.0
EmissionActivityRatio,BAU,ECU,T5CHARES,,CO2_DE,1,2013,,,,,,0.0
EmissionActivityRatio,BAU,ECU,T5CHARES,,CO2_DE,1,2014,,,,,,0.0
EmissionActivityRatio,BAU,ECU,T5CHARES,,CO2_DE,1,2015,,,,,,0.0
EmissionActivityRatio,BAU,ECU,T5CHARES,,CO2_DE,1,2016,,,,,,0.0
EmissionActivityRatio,BAU,ECU,T5CHARES,,CO2_DE,1,2017,,,,,,0.0
EmissionActivityRatio,BAU,ECU,T5CHARES,,CO2_DE,1,2018,,,,,,0.0
EmissionActivityRatio,BAU,ECU,T5CHARES,,CO2_DE,1,2019,,,,,,0.0
EmissionActivityRatio,BAU,ECU,T5CHARES,,CO2_DE,1,2020,,,,,,0.0
EmissionActivityRatio,BAU,ECU,T5CHARES,,CO2_DE,1,2021,,,,,,0.0
EmissionActivityRatio,BAU,ECU,T5CHARES,,CO2_DE,1,2022,,,,,,0.0
EmissionActivityRatio,BAU,ECU,T5CHARES,,CO2_DE,1,2023,,,,,,0.0
EmissionActivityRatio,BAU,ECU,T5CHARES,,CO2_DE,1,2024,,,,,,0.0
EmissionActivityRatio,BAU,ECU,T5CHARES,,CO2_DE,1,2025,,,,,,0.0
EmissionActivityRatio,BAU,ECU,T5CHARES,,CO2_DE,1,2026,,,,,,0.0
EmissionActivityRatio,BAU,ECU,T5CHARES,,CO2_DE,1,2027,,,,,,0.0
EmissionActivityRatio,BAU,ECU,T5CHARES,,CO2_DE,1,2028,,,,,,0.0
EmissionActivityRatio,BAU,ECU,T5CHARES,,CO2_DE,1,2029,,,,,,0.0
EmissionActivityRatio,BAU,ECU,T5CHARES,,CO2_DE,1,2030,,,,,,0.0
EmissionActivityRatio,BAU,ECU,T5CHARES,,CO2_DE,1,2031,,,,,,0.0
EmissionActivityRatio,BAU,ECU,T5CHARES,,CO2_DE,1,2032,,,,,,0.0
EmissionActivityRatio,BAU,ECU,T5CHARES,,CO2_DE,1,2033,,,,,,0.0
EmissionActivityRatio,BAU,ECU,T5CHARES,,CO2_DE,1,2034,,,,,,0.0
EmissionActivityRatio,BAU,ECU,T5CHARES,,CO2_DE,1,2035,,,,,,0.0
EmissionActivityRatio,BAU,ECU,T5OPERES,,CO2_DE,1,2010,,,,,,0.0975
EmissionActivityRatio,BAU,ECU,T5OPERES,,CO2_DE,1,2011,,,,,,0.0975
EmissionActivityRatio,BAU,ECU,T5OPERES,,CO2_DE,1,2012,,,,,,0.0975
EmissionActivityRatio,BAU,ECU,T5OPERES,,CO2_DE,1,2013,,,,,,0.0975
EmissionActivityRatio,BAU,ECU,T5OPERES,,CO2_DE,1,2014,,,,,,0.0975
EmissionActivityRatio,BAU,ECU,T5OPERES,,CO2_DE,1,2015,,,,,,0.0975
EmissionActivityRatio,BAU,ECU,T5OPERES,,CO2_DE,1,2016,,,,,,0.0975
EmissionActivityRatio,BAU,ECU,T5OPERES,,CO2_DE,1,2017,,,,,,0.0975
EmissionActivityRatio,BAU,ECU,T5OPERES,,CO2_DE,1,2018,,,,,,0.0975
EmissionActivityRatio,BAU,ECU,T5OPERES,,CO2_DE,1,2019,,,,,,0.0975
EmissionActivityRatio,BAU,ECU,T5OPERES,,CO2_DE,1,2020,,,,,,0.0975
EmissionActivityRatio,BAU,ECU,T5OPERES,,CO2_DE,1,2021,,,,,,0.0975
EmissionActivityRatio,BAU,ECU,T5OPERES,,CO2_DE,1,2022,,,,,,0.0975
EmissionActivityRatio,BAU,ECU,T5OPERES,,CO2_DE,1,2023,,,,,,0.0975
EmissionActivityRatio,BAU,ECU,T5OPERES,,CO2_DE,1,2024,,,,,,0.0975
EmissionActivityRatio,BAU,ECU,T5OPERES,,CO2_DE,1,2025,,,,,,0.0975
EmissionActivityRatio,BAU,ECU,T5OPERES,,CO2_DE,1,2026,,,,,,0.0975
EmissionActivityRatio,BAU,ECU,T5OPERES,,CO2_DE,1,2027,,,,,,0.0975
EmissionActivityRatio,BAU,ECU,T5OPERES,,CO2_DE,1,2028,,,,,,0.0975
EmissionActivityRatio,BAU,ECU,T5OPERES,,CO2_DE,1,2029,,,,,,0.0975
EmissionActivityRatio,BAU,ECU,T5OPERES,,CO2_DE,1,2030,,,,,,0.0975
EmissionActivityRatio,BAU,ECU,T5OPERES,,CO2_DE,1,2031,,,,,,0.0975
EmissionActivityRatio,BAU,ECU,T5OPERES,,CO2_DE,1,2032,,,,,,0.0975
EmissionActivityRatio,BAU,ECU,T5OPERES,,CO2_DE,1,2033,,,,,,0.0975
EmissionActivityRatio,BAU,ECU,T5OPERES,,CO2_DE,1,2034,,,,,,0.0975
EmissionActivityRatio,BAU,ECU,T5OPERES,,CO2_DE,1,2035,,,,,,0.0975
EmissionActivityRatio,BAU,ECU,T5ELEPUB,,CO2_DE,1,2010,,,,,,0.0
EmissionActivityRatio,BAU,ECU,T5ELEPUB,,CO2_DE,1,2011,,,,,,0.0
EmissionActivityRatio,BAU,ECU,T5ELEPUB,,CO2_DE,1,2012,,,,,,0.0
EmissionActivityRatio,BAU,ECU,T5ELEPUB,,CO2_DE,1,2013,,,,,,0.0
EmissionActivityRatio,BAU,ECU,T5ELEPUB,,CO2_DE,1,2014,,,,,,0.0
EmissionActivityRatio,BAU,ECU,T5ELEPUB,,CO2_DE,1,2015,,,,,,0.0
EmissionActivityRatio,BAU,ECU,T5ELEPUB,,CO2_DE,1,2016,,,,,,0.0
EmissionActivityRatio,BAU,ECU,T5ELEPUB,,CO2_DE,1,2017,,,,,,0.0
EmissionActivityRatio,BAU,ECU,T5ELEPUB,,CO2_DE,1,2018,,,,,,0.0
EmissionActivityRatio,BAU,ECU,T5ELEPUB,,CO2_DE,1,2019,,,,,,0.0
EmissionActivityRatio,BAU,ECU,T5ELEPUB,,CO2_DE,1,2020,,,,,,0.0
EmissionActivityRatio,BAU,ECU,T5ELEPUB,,CO2_DE,1,2021,,,,,,0.0
EmissionActivityRatio,BAU,ECU,T5ELEPUB,,CO2_DE,1,2022,,,,,,0.0
EmissionActivityRatio,BAU,ECU,T5ELEPUB,,CO2_DE,1,2023,,,,,,0.0
EmissionActivityRatio,BAU,ECU,T5ELEPUB,,CO2_DE,1,2024,,,,,,0.0
EmissionActivityRatio,BAU,ECU,T5ELEPUB,,CO2_DE,1,2025,,,,,,0.0
EmissionActivityRatio,BAU,ECU,T5ELEPUB,,CO2_DE,1,2026,,,,,,0.0
EmissionActivityRatio,BAU,ECU,T5ELEPUB,,CO2_DE,1,2027,,,,,,0.0
EmissionActivityRatio,BAU,ECU,T5ELEPUB,,CO2_DE,1,2028,,,,,,0.0
EmissionActivityRatio,BAU,ECU,T5ELEPUB,,CO2_DE,1,2029,,,,,,0.0
EmissionActivityRatio,BAU,ECU,T5ELEPUB,,CO2_DE,1,2030,,,,,,0.0
EmissionActivityRatio,BAU,ECU,T5ELEPUB,,CO2_DE,1,2031,,,,,,0.0
EmissionActivityRatio,BAU,ECU,T5ELEPUB,,CO2_DE,1,2032,,,,,,0.0
EmissionActivityRatio,BAU,ECU,T5ELEPUB,,CO2_DE,1,2033,,,,,,0.0
EmissionActivityRatio,BAU,ECU,T5ELEPUB,,CO2_DE,1,2034,,,,,,0.0
EmissionActivityRatio,BAU,ECU,T5ELEPUB,,CO2_DE,1,2035,,,,,,0.0
EmissionActivityRatio,BAU,ECU,T5DSLIND,,CO2_DE,1,2010,,,,,,0.0741
EmissionActivityRatio,BAU,ECU,T5DSLIND,,CO2_DE,1,2011,,,,,,0.0741
EmissionActivityRatio,BAU,ECU,T5DSLIND,,CO2_DE,1,2012,,,,,,0.0741
EmissionActivityRatio,BAU,ECU,T5DSLIND,,CO2_DE,1,2013,,,,,,0.0741
EmissionActivityRatio,BAU,ECU,T5DSLIND,,CO2_DE,1,2014,,,,,,0.0741
EmissionActivityRatio,BAU,ECU,T5DSLIND,,CO2_DE,1,2015,,,,,,0.0741
EmissionActivityRatio,BAU,ECU,T5DSLIND,,CO2_DE,1,2016,,,,,,0.0741
EmissionActivityRatio,BAU,ECU,T5DSLIND,,CO2_DE,1,2017,,,,,,0.0741
EmissionActivityRatio,BAU,ECU,T5DSLIND,,CO2_DE,1,2018,,,,,,0.0741
EmissionActivityRatio,BAU,ECU,T5DSLIND,,CO2_DE,1,2019,,,,,,0.0741
EmissionActivityRatio,BAU,ECU,T5DSLIND,,CO2_DE,1,2020,,,,,,0.0741
EmissionActivityRatio,BAU,ECU,T5DSLIND,,CO2_DE,1,2021,,,,,,0.0741
EmissionActivityRatio,BAU,ECU,T5DSLIND,,CO2_DE,1,2022,,,,,,0.0741
EmissionActivityRatio,BAU,ECU,T5DSLIND,,CO2_DE,1,2023,,,,,,0.0741
EmissionActivityRatio,BAU,ECU,T5DSLIND,,CO2_DE,1,2024,,,,,,0.0741
EmissionActivityRatio,BAU,ECU,T5DSLIND,,CO2_DE,1,2025,,,,,,0.0741
EmissionActivityRatio,BAU,ECU,T5DSLIND,,CO2_DE,1,2026,,,,,,0.0741
EmissionActivityRatio,BAU,ECU,T5DSLIND,,CO2_DE,1,2027,,,,,,0.0741
EmissionActivityRatio,BAU,ECU,T5DSLIND,,CO2_DE,1,2028,,,,,,0.0741
EmissionActivityRatio,BAU,ECU,T5DSLIND,,CO2_DE,1,2029,,,,,,0.0741
EmissionActivityRatio,BAU,ECU,T5DSLIND,,CO2_DE,1,2030,,,,,,0.0741
EmissionActivityRatio,BAU,ECU,T5DSLIND,,CO2_DE,1,2031,,,,,,0.0741
EmissionActivityRatio,BAU,ECU,T5DSLIND,,CO2_DE,1,2032,,,,,,0.0741
EmissionActivityRatio,BAU,ECU,T5DSLIND,,CO2_DE,1,2033,,,,,,0.0741
EmissionActivityRatio,BAU,ECU,T5DSLIND,,CO2_DE,1,2034,,,,,,0.0741
EmissionActivityRatio,BAU,ECU,T5DSLIND,,CO2_DE,1,2035,,,,,,0.0741
EmissionActivityRatio,BAU,ECU,T5GSLIND,,CO2_DE,1,2010,,,,,,0.0693
EmissionActivityRatio,BAU,ECU,T5GSLIND,,CO2_DE,1,2011,,,,,,0.0693
EmissionActivityRatio,BAU,ECU,T5GSLIND,,CO2_DE,1,2012,,,,,,0.0693
EmissionActivityRatio,BAU,ECU,T5GSLIND,,CO2_DE,1,2013,,,,,,0.0693
EmissionActivityRatio,BAU,ECU,T5GSLIND,,CO2_DE,1,2014,,,,,,0.0693
EmissionActivityRatio,BAU,ECU,T5GSLIND,,CO2_DE,1,2015,,,,,,0.0693
EmissionActivityRatio,BAU,ECU,T5GSLIND,,CO2_DE,1,2016,,,,,,0.0693
EmissionActivityRatio,BAU,ECU,T5GSLIND,,CO2_DE,1,2017,,,,,,0.0693
EmissionActivityRatio,BAU,ECU,T5GSLIND,,CO2_DE,1,2018,,,,,,0.0693
EmissionActivityRatio,BAU,ECU,T5GSLIND,,CO2_DE,1,2019,,,,,,0.0693
EmissionActivityRatio,BAU,ECU,T5GSLIND,,CO2_DE,1,2020,,,,,,0.0693
EmissionActivityRatio,BAU,ECU,T5GSLIND,,CO2_DE,1,2021,,,,,,0.0693
EmissionActivityRatio,BAU,ECU,T5GSLIND,,CO2_DE,1,2022,,,,,,0.0693
EmissionActivityRatio,BAU,ECU,T5GSLIND,,CO2_DE,1,2023,,,,,,0.0693
EmissionActivityRatio,BAU,ECU,T5GSLIND,,CO2_DE,1,2024,,,,,,0.0693
EmissionActivityRatio,BAU,ECU,T5GSLIND,,CO2_DE,1,2025,,,,,,0.0693
EmissionActivityRatio,BAU,ECU,T5GSLIND,,CO2_DE,1,2026,,,,,,0.0693
EmissionActivityRatio,BAU,ECU,T5GSLIND,,CO2_DE,1,2027,,,,,,0.0693
EmissionActivityRatio,BAU,ECU,T5GSLIND,,CO2_DE,1,2028,,,,,,0.0693
EmissionActivityRatio,BAU,ECU,T5GSLIND,,CO2_DE,1,2029,,,,,,0.0693
EmissionActivityRatio,BAU,ECU,T5GSLIND,,CO2_DE,1,2030,,,,,,0.0693
EmissionActivityRatio,BAU,ECU,T5GSLIND,,CO2_DE,1,2031,,,,,,0.0693
EmissionActivityRatio,BAU,ECU,T5GSLIND,,CO2_DE,1,2032,,,,,,0.0693
EmissionActivityRatio,BAU,ECU,T5GSLIND,,CO2_DE,1,2033,,,,,,0.0693
EmissionActivityRatio,BAU,ECU,T5GSLIND,,CO2_DE,1,2034,,,,,,0.0693
EmissionActivityRatio,BAU,ECU,T5GSLIND,,CO2_DE,1,2035,,,,,,0.0693
EmissionActivityRatio,BAU,ECU,T5NGSIND,,CO2_DE,1,2010,,,,,,0.0561
EmissionActivityRatio,BAU,ECU,T5NGSIND,,CO2_DE,1,2011,,,,,,0.0561
EmissionActivityRatio,BAU,ECU,T5NGSIND,,CO2_DE,1,2012,,,,,,0.0561
EmissionActivityRatio,BAU,ECU,T5NGSIND,,CO2_DE,1,2013,,,,,,0.0561
EmissionActivityRatio,BAU,ECU,T5NGSIND,,CO2_DE,1,2014,,,,,,0.0561
EmissionActivityRatio,BAU,ECU,T5NGSIND,,CO2_DE,1,2015,,,,,,0.0561
EmissionActivityRatio,BAU,ECU,T5NGSIND,,CO2_DE,1,2016,,,,,,0.0561
EmissionActivityRatio,BAU,ECU,T5NGSIND,,CO2_DE,1,2017,,,,,,0.0561
EmissionActivityRatio,BAU,ECU,T5NGSIND,,CO2_DE,1,2018,,,,,,0.0561
EmissionActivityRatio,BAU,ECU,T5NGSIND,,CO2_DE,1,2019,,,,,,0.0561
EmissionActivityRatio,BAU,ECU,T5NGSIND,,CO2_DE,1,2020,,,,,,0.0561
EmissionActivityRatio,BAU,ECU,T5NGSIND,,CO2_DE,1,2021,,,,,,0.0561
EmissionActivityRatio,BAU,ECU,T5NGSIND,,CO2_DE,1,2022,,,,,,0.0561
EmissionActivityRatio,BAU,ECU,T5NGSIND,,CO2_DE,1,2023,,,,,,0.0561
EmissionActivityRatio,BAU,ECU,T5NGSIND,,CO2_DE,1,2024,,,,,,0.0561
EmissionActivityRatio,BAU,ECU,T5NGSIND,,CO2_DE,1,2025,,,,,,0.0561
EmissionActivityRatio,BAU,ECU,T5NGSIND,,CO2_DE,1,2026,,,,,,0.0561
EmissionActivityRatio,BAU,ECU,T5NGSIND,,CO2_DE,1,2027,,,,,,0.0561
EmissionActivityRatio,BAU,ECU,T5NGSIND,,CO2_DE,1,2028,,,,,,0.0561
EmissionActivityRatio,BAU,ECU,T5NGSIND,,CO2_DE,1,2029,,,,,,0.0561
EmissionActivityRatio,BAU,ECU,T5NGSIND,,CO2_DE,1,2030,,,,,,0.0561
EmissionActivityRatio,BAU,ECU,T5NGSIND,,CO2_DE,1,2031,,,,,,0.0561
EmissionActivityRatio,BAU,ECU,T5NGSIND,,CO2_DE,1,2032,,,,,,0.0561
EmissionActivityRatio,BAU,ECU,T5NGSIND,,CO2_DE,1,2033,,,,,,0.0561
EmissionActivityRatio,BAU,ECU,T5NGSIND,,CO2_DE,1,2034,,,,,,0.0561
EmissionActivityRatio,BAU,ECU,T5NGSIND,,CO2_DE,1,2035,,,,,,0.0561
EmissionActivityRatio,BAU,ECU,T5ELEIND,,CO2_DE,1,2010,,,,,,0.0
EmissionActivityRatio,BAU,ECU,T5ELEIND,,CO2_DE,1,2011,,,,,,0.0
EmissionActivityRatio,BAU,ECU,T5ELEIND,,CO2_DE,1,2012,,,,,,0.0
EmissionActivityRatio,BAU,ECU,T5ELEIND,,CO2_DE,1,2013,,,,,,0.0
EmissionActivityRatio,BAU,ECU,T5ELEIND,,CO2_DE,1,2014,,,,,,0.0
EmissionActivityRatio,BAU,ECU,T5ELEIND,,CO2_DE,1,2015,,,,,,0.0
EmissionActivityRatio,BAU,ECU,T5ELEIND,,CO2_DE,1,2016,,,,,,0.0
EmissionActivityRatio,BAU,ECU,T5ELEIND,,CO2_DE,1,2017,,,,,,0.0
EmissionActivityRatio,BAU,ECU,T5ELEIND,,CO2_DE,1,2018,,,,,,0.0
EmissionActivityRatio,BAU,ECU,T5ELEIND,,CO2_DE,1,2019,,,,,,0.0
EmissionActivityRatio,BAU,ECU,T5ELEIND,,CO2_DE,1,2020,,,,,,0.0
EmissionActivityRatio,BAU,ECU,T5ELEIND,,CO2_DE,1,2021,,,,,,0.0
EmissionActivityRatio,BAU,ECU,T5ELEIND,,CO2_DE,1,2022,,,,,,0.0
EmissionActivityRatio,BAU,ECU,T5ELEIND,,CO2_DE,1,2023,,,,,,0.0
EmissionActivityRatio,BAU,ECU,T5ELEIND,,CO2_DE,1,2024,,,,,,0.0
EmissionActivityRatio,BAU,ECU,T5ELEIND,,CO2_DE,1,2025,,,,,,0.0
EmissionActivityRatio,BAU,ECU,T5ELEIND,,CO2_DE,1,2026,,,,,,0.0
EmissionActivityRatio,BAU,ECU,T5ELEIND,,CO2_DE,1,2027,,,,,,0.0
EmissionActivityRatio,BAU,ECU,T5ELEIND,,CO2_DE,1,2028,,,,,,0.0
EmissionActivityRatio,BAU,ECU,T5ELEIND,,CO2_DE,1,2029,,,,,,0.0
EmissionActivityRatio,BAU,ECU,T5ELEIND,,CO2_DE,1,2030,,,,,,0.0
EmissionActivityRatio,BAU,ECU,T5ELEIND,,CO2_DE,1,2031,,,,,,0.0
EmissionActivityRatio,BAU,ECU,T5ELEIND,,CO2_DE,1,2032,,,,,,0.0
EmissionActivityRatio,BAU,ECU,T5ELEIND,,CO2_DE,1,2033,,,,,,0.0
EmissionActivityRatio,BAU,ECU,T5ELEIND,,CO2_DE,1,2034,,,,,,0.0
EmissionActivityRatio,BAU,ECU,T5ELEIND,,CO2_DE,1,2035,,,,,,0.0
EmissionActivityRatio,BAU,ECU,T5HYDIND,,CO2_DE,1,2010,,,,,,0.0
EmissionActivityRatio,BAU,ECU,T5HYDIND,,CO2_DE,1,2011,,,,,,0.0
EmissionActivityRatio,BAU,ECU,T5HYDIND,,CO2_DE,1,2012,,,,,,0.0
EmissionActivityRatio,BAU,ECU,T5HYDIND,,CO2_DE,1,2013,,,,,,0.0
EmissionActivityRatio,BAU,ECU,T5HYDIND,,CO2_DE,1,2014,,,,,,0.0
EmissionActivityRatio,BAU,ECU,T5HYDIND,,CO2_DE,1,2015,,,,,,0.0
EmissionActivityRatio,BAU,ECU,T5HYDIND,,CO2_DE,1,2016,,,,,,0.0
EmissionActivityRatio,BAU,ECU,T5HYDIND,,CO2_DE,1,2017,,,,,,0.0
EmissionActivityRatio,BAU,ECU,T5HYDIND,,CO2_DE,1,2018,,,,,,0.0
EmissionActivityRatio,BAU,ECU,T5HYDIND,,CO2_DE,1,2019,,,,,,0.0
EmissionActivityRatio,BAU,ECU,T5HYDIND,,CO2_DE,1,2020,,,,,,0.0
EmissionActivityRatio,BAU,ECU,T5HYDIND,,CO2_DE,1,2021,,,,,,0.0
EmissionActivityRatio,BAU,ECU,T5HYDIND,,CO2_DE,1,2022,,,,,,0.0
EmissionActivityRatio,BAU,ECU,T5HYDIND,,CO2_DE,1,2023,,,,,,0.0
EmissionActivityRatio,BAU,ECU,T5HYDIND,,CO2_DE,1,2024,,,,,,0.0
EmissionActivityRatio,BAU,ECU,T5HYDIND,,CO2_DE,1,2025,,,,,,0.0
EmissionActivityRatio,BAU,ECU,T5HYDIND,,CO2_DE,1,2026,,,,,,0.0
EmissionActivityRatio,BAU,ECU,T5HYDIND,,CO2_DE,1,2027,,,,,,0.0
EmissionActivityRatio,BAU,ECU,T5HYDIND,,CO2_DE,1,2028,,,,,,0.0
EmissionActivityRatio,BAU,ECU,T5HYDIND,,CO2_DE,1,2029,,,,,,0.0
EmissionActivityRatio,BAU,ECU,T5HYDIND,,CO2_DE,1,2030,,,,,,0.0
EmissionActivityRatio,BAU,ECU,T5HYDIND,,CO2_DE,1,2031,,,,,,0.0
EmissionActivityRatio,BAU,ECU,T5HYDIND,,CO2_DE,1,2032,,,,,,0.0
EmissionActivityRatio,BAU,ECU,T5HYDIND,,CO2_DE,1,2033,,,,,,0.0
EmissionActivityRatio,BAU,ECU,T5HYDIND,,CO2_DE,1,2034,,,,,,0.0
EmissionActivityRatio,BAU,ECU,T5HYDIND,,CO2_DE,1,2035,,,,,,0.0
EmissionActivityRatio,BAU,ECU,T5LPGIND,,CO2_DE,1,2010,,,,,,0.0631
EmissionActivityRatio,BAU,ECU,T5LPGIND,,CO2_DE,1,2011,,,,,,0.0631
EmissionActivityRatio,BAU,ECU,T5LPGIND,,CO2_DE,1,2012,,,,,,0.0631
EmissionActivityRatio,BAU,ECU,T5LPGIND,,CO2_DE,1,2013,,,,,,0.0631
EmissionActivityRatio,BAU,ECU,T5LPGIND,,CO2_DE,1,2014,,,,,,0.0631
EmissionActivityRatio,BAU,ECU,T5LPGIND,,CO2_DE,1,2015,,,,,,0.0631
EmissionActivityRatio,BAU,ECU,T5LPGIND,,CO2_DE,1,2016,,,,,,0.0631
EmissionActivityRatio,BAU,ECU,T5LPGIND,,CO2_DE,1,2017,,,,,,0.0631
EmissionActivityRatio,BAU,ECU,T5LPGIND,,CO2_DE,1,2018,,,,,,0.0631
EmissionActivityRatio,BAU,ECU,T5LPGIND,,CO2_DE,1,2019,,,,,,0.0631
EmissionActivityRatio,BAU,ECU,T5LPGIND,,CO2_DE,1,2020,,,,,,0.0631
EmissionActivityRatio,BAU,ECU,T5LPGIND,,CO2_DE,1,2021,,,,,,0.0631
EmissionActivityRatio,BAU,ECU,T5LPGIND,,CO2_DE,1,2022,,,,,,0.0631
EmissionActivityRatio,BAU,ECU,T5LPGIND,,CO2_DE,1,2023,,,,,,0.0631
EmissionActivityRatio,BAU,ECU,T5LPGIND,,CO2_DE,1,2024,,,,,,0.0631
EmissionActivityRatio,BAU,ECU,T5LPGIND,,CO2_DE,1,2025,,,,,,0.0631
EmissionActivityRatio,BAU,ECU,T5LPGIND,,CO2_DE,1,2026,,,,,,0.0631
EmissionActivityRatio,BAU,ECU,T5LPGIND,,CO2_DE,1,2027,,,,,,0.0631
EmissionActivityRatio,BAU,ECU,T5LPGIND,,CO2_DE,1,2028,,,,,,0.0631
EmissionActivityRatio,BAU,ECU,T5LPGIND,,CO2_DE,1,2029,,,,,,0.0631
EmissionActivityRatio,BAU,ECU,T5LPGIND,,CO2_DE,1,2030,,,,,,0.0631
EmissionActivityRatio,BAU,ECU,T5LPGIND,,CO2_DE,1,2031,,,,,,0.0631
EmissionActivityRatio,BAU,ECU,T5LPGIND,,CO2_DE,1,2032,,,,,,0.0631
EmissionActivityRatio,BAU,ECU,T5LPGIND,,CO2_DE,1,2033,,,,,,0.0631
EmissionActivityRatio,BAU,ECU,T5LPGIND,,CO2_DE,1,2034,,,,,,0.0631
EmissionActivityRatio,BAU,ECU,T5LPGIND,,CO2_DE,1,2035,,,,,,0.0631
EmissionActivityRatio,BAU,ECU,T5BIMIND,,CO2_DE,1,2010,,,,,,0.0
EmissionActivityRatio,BAU,ECU,T5BIMIND,,CO2_DE,1,2011,,,,,,0.0
EmissionActivityRatio,BAU,ECU,T5BIMIND,,CO2_DE,1,2012,,,,,,0.0
EmissionActivityRatio,BAU,ECU,T5BIMIND,,CO2_DE,1,2013,,,,,,0.0
EmissionActivityRatio,BAU,ECU,T5BIMIND,,CO2_DE,1,2014,,,,,,0.0
EmissionActivityRatio,BAU,ECU,T5BIMIND,,CO2_DE,1,2015,,,,,,0.0
EmissionActivityRatio,BAU,ECU,T5BIMIND,,CO2_DE,1,2016,,,,,,0.0
EmissionActivityRatio,BAU,ECU,T5BIMIND,,CO2_DE,1,2017,,,,,,0.0
EmissionActivityRatio,BAU,ECU,T5BIMIND,,CO2_DE,1,2018,,,,,,0.0
EmissionActivityRatio,BAU,ECU,T5BIMIND,,CO2_DE,1,2019,,,,,,0.0
EmissionActivityRatio,BAU,ECU,T5BIMIND,,CO2_DE,1,2020,,,,,,0.0
EmissionActivityRatio,BAU,ECU,T5BIMIND,,CO2_DE,1,2021,,,,,,0.0
EmissionActivityRatio,BAU,ECU,T5BIMIND,,CO2_DE,1,2022,,,,,,0.0
EmissionActivityRatio,BAU,ECU,T5BIMIND,,CO2_DE,1,2023,,,,,,0.0
EmissionActivityRatio,BAU,ECU,T5BIMIND,,CO2_DE,1,2024,,,,,,0.0
EmissionActivityRatio,BAU,ECU,T5BIMIND,,CO2_DE,1,2025,,,,,,0.0
EmissionActivityRatio,BAU,ECU,T5BIMIND,,CO2_DE,1,2026,,,,,,0.0
EmissionActivityRatio,BAU,ECU,T5BIMIND,,CO2_DE,1,2027,,,,,,0.0
EmissionActivityRatio,BAU,ECU,T5BIMIND,,CO2_DE,1,2028,,,,,,0.0
EmissionActivityRatio,BAU,ECU,T5BIMIND,,CO2_DE,1,2029,,,,,,0.0
EmissionActivityRatio,BAU,ECU,T5BIMIND,,CO2_DE,1,2030,,,,,,0.0
EmissionActivityRatio,BAU,ECU,T5BIMIND,,CO2_DE,1,2031,,,,,,0.0
EmissionActivityRatio,BAU,ECU,T5BIMIND,,CO2_DE,1,2032,,,,,,0.0
EmissionActivityRatio,BAU,ECU,T5BIMIND,,CO2_DE,1,2033,,,,,,0.0
EmissionActivityRatio,BAU,ECU,T5BIMIND,,CO2_DE,1,2034,,,,,,0.0
EmissionActivityRatio,BAU,ECU,T5BIMIND,,CO2_DE,1,2035,,,,,,0.0
EmissionActivityRatio,BAU,ECU,T5FIRIND,,CO2_DE,1,2010,,,,,,0.0
EmissionActivityRatio,BAU,ECU,T5FIRIND,,CO2_DE,1,2011,,,,,,0.0
EmissionActivityRatio,BAU,ECU,T5FIRIND,,CO2_DE,1,2012,,,,,,0.0
EmissionActivityRatio,BAU,ECU,T5FIRIND,,CO2_DE,1,2013,,,,,,0.0
EmissionActivityRatio,BAU,ECU,T5FIRIND,,CO2_DE,1,2014,,,,,,0.0
EmissionActivityRatio,BAU,ECU,T5FIRIND,,CO2_DE,1,2015,,,,,,0.0
EmissionActivityRatio,BAU,ECU,T5FIRIND,,CO2_DE,1,2016,,,,,,0.0
EmissionActivityRatio,BAU,ECU,T5FIRIND,,CO2_DE,1,2017,,,,,,0.0
EmissionActivityRatio,BAU,ECU,T5FIRIND,,CO2_DE,1,2018,,,,,,0.0
EmissionActivityRatio,BAU,ECU,T5FIRIND,,CO2_DE,1,2019,,,,,,0.0
EmissionActivityRatio,BAU,ECU,T5FIRIND,,CO2_DE,1,2020,,,,,,0.0
EmissionActivityRatio,BAU,ECU,T5FIRIND,,CO2_DE,1,2021,,,,,,0.0
EmissionActivityRatio,BAU,ECU,T5FIRIND,,CO2_DE,1,2022,,,,,,0.0
EmissionActivityRatio,BAU,ECU,T5FIRIND,,CO2_DE,1,2023,,,,,,0.0
EmissionActivityRatio,BAU,ECU,T5FIRIND,,CO2_DE,1,2024,,,,,,0.0
EmissionActivityRatio,BAU,ECU,T5FIRIND,,CO2_DE,1,2025,,,,,,0.0
EmissionActivityRatio,BAU,ECU,T5FIRIND,,CO2_DE,1,2026,,,,,,0.0
EmissionActivityRatio,BAU,ECU,T5FIRIND,,CO2_DE,1,2027,,,,,,0.0
EmissionActivityRatio,BAU,ECU,T5FIRIND,,CO2_DE,1,2028,,,,,,0.0
EmissionActivityRatio,BAU,ECU,T5FIRIND,,CO2_DE,1,2029,,,,,,0.0
EmissionActivityRatio,BAU,ECU,T5FIRIND,,CO2_DE,1,2030,,,,,,0.0
EmissionActivityRatio,BAU,ECU,T5FIRIND,,CO2_DE,1,2031,,,,,,0.0
EmissionActivityRatio,BAU,ECU,T5FIRIND,,CO2_DE,1,2032,,,,,,0.0
EmissionActivityRatio,BAU,ECU,T5FIRIND,,CO2_DE,1,2033,,,,,,0.0
EmissionActivityRatio,BAU,ECU,T5FIRIND,,CO2_DE,1,2034,,,,,,0.0
EmissionActivityRatio,BAU,ECU,T5FIRIND,,CO2_DE,1,2035,,,,,,0.0
EmissionActivityRatio,BAU,ECU,T5FOIIND,,CO2_DE,1,2010,,,,,,0.0774
EmissionActivityRatio,BAU,ECU,T5FOIIND,,CO2_DE,1,2011,,,,,,0.0774
EmissionActivityRatio,BAU,ECU,T5FOIIND,,CO2_DE,1,2012,,,,,,0.0774
EmissionActivityRatio,BAU,ECU,T5FOIIND,,CO2_DE,1,2013,,,,,,0.0774
EmissionActivityRatio,BAU,ECU,T5FOIIND,,CO2_DE,1,2014,,,,,,0.0774
EmissionActivityRatio,BAU,ECU,T5FOIIND,,CO2_DE,1,2015,,,,,,0.0774
EmissionActivityRatio,BAU,ECU,T5FOIIND,,CO2_DE,1,2016,,,,,,0.0774
EmissionActivityRatio,BAU,ECU,T5FOIIND,,CO2_DE,1,2017,,,,,,0.0774
EmissionActivityRatio,BAU,ECU,T5FOIIND,,CO2_DE,1,2018,,,,,,0.0774
EmissionActivityRatio,BAU,ECU,T5FOIIND,,CO2_DE,1,2019,,,,,,0.0774
EmissionActivityRatio,BAU,ECU,T5FOIIND,,CO2_DE,1,2020,,,,,,0.0774
EmissionActivityRatio,BAU,ECU,T5FOIIND,,CO2_DE,1,2021,,,,,,0.0774
EmissionActivityRatio,BAU,ECU,T5FOIIND,,CO2_DE,1,2022,,,,,,0.0774
EmissionActivityRatio,BAU,ECU,T5FOIIND,,CO2_DE,1,2023,,,,,,0.0774
EmissionActivityRatio,BAU,ECU,T5FOIIND,,CO2_DE,1,2024,,,,,,0.0774
EmissionActivityRatio,BAU,ECU,T5FOIIND,,CO2_DE,1,2025,,,,,,0.0774
EmissionActivityRatio,BAU,ECU,T5FOIIND,,CO2_DE,1,2026,,,,,,0.0774
EmissionActivityRatio,BAU,ECU,T5FOIIND,,CO2_DE,1,2027,,,,,,0.0774
EmissionActivityRatio,BAU,ECU,T5FOIIND,,CO2_DE,1,2028,,,,,,0.0774
EmissionActivityRatio,BAU,ECU,T5FOIIND,,CO2_DE,1,2029,,,,,,0.0774
EmissionActivityRatio,BAU,ECU,T5FOIIND,,CO2_DE,1,2030,,,,,,0.0774
EmissionActivityRatio,BAU,ECU,T5FOIIND,,CO2_DE,1,2031,,,,,,0.0774
EmissionActivityRatio,BAU,ECU,T5FOIIND,,CO2_DE,1,2032,,,,,,0.0774
EmissionActivityRatio,BAU,ECU,T5FOIIND,,CO2_DE,1,2033,,,,,,0.0774
EmissionActivityRatio,BAU,ECU,T5FOIIND,,CO2_DE,1,2034,,,,,,0.0774
EmissionActivityRatio,BAU,ECU,T5FOIIND,,CO2_DE,1,2035,,,,,,0.0774
EmissionActivityRatio,BAU,ECU,T5COAIND,,CO2_DE,1,2010,,,,,,0.0946
EmissionActivityRatio,BAU,ECU,T5COAIND,,CO2_DE,1,2011,,,,,,0.0946
EmissionActivityRatio,BAU,ECU,T5COAIND,,CO2_DE,1,2012,,,,,,0.0946
EmissionActivityRatio,BAU,ECU,T5COAIND,,CO2_DE,1,2013,,,,,,0.0946
EmissionActivityRatio,BAU,ECU,T5COAIND,,CO2_DE,1,2014,,,,,,0.0946
EmissionActivityRatio,BAU,ECU,T5COAIND,,CO2_DE,1,2015,,,,,,0.0946
EmissionActivityRatio,BAU,ECU,T5COAIND,,CO2_DE,1,2016,,,,,,0.0946
EmissionActivityRatio,BAU,ECU,T5COAIND,,CO2_DE,1,2017,,,,,,0.0946
EmissionActivityRatio,BAU,ECU,T5COAIND,,CO2_DE,1,2018,,,,,,0.0946
EmissionActivityRatio,BAU,ECU,T5COAIND,,CO2_DE,1,2019,,,,,,0.0946
EmissionActivityRatio,BAU,ECU,T5COAIND,,CO2_DE,1,2020,,,,,,0.0946
EmissionActivityRatio,BAU,ECU,T5COAIND,,CO2_DE,1,2021,,,,,,0.0946
EmissionActivityRatio,BAU,ECU,T5COAIND,,CO2_DE,1,2022,,,,,,0.0946
EmissionActivityRatio,BAU,ECU,T5COAIND,,CO2_DE,1,2023,,,,,,0.0946
EmissionActivityRatio,BAU,ECU,T5COAIND,,CO2_DE,1,2024,,,,,,0.0946
EmissionActivityRatio,BAU,ECU,T5COAIND,,CO2_DE,1,2025,,,,,,0.0946
EmissionActivityRatio,BAU,ECU,T5COAIND,,CO2_DE,1,2026,,,,,,0.0946
EmissionActivityRatio,BAU,ECU,T5COAIND,,CO2_DE,1,2027,,,,,,0.0946
EmissionActivityRatio,BAU,ECU,T5COAIND,,CO2_DE,1,2028,,,,,,0.0946
EmissionActivityRatio,BAU,ECU,T5COAIND,,CO2_DE,1,2029,,,,,,0.0946
EmissionActivityRatio,BAU,ECU,T5COAIND,,CO2_DE,1,2030,,,,,,0.0946
EmissionActivityRatio,BAU,ECU,T5COAIND,,CO2_DE,1,2031,,,,,,0.0946
EmissionActivityRatio,BAU,ECU,T5COAIND,,CO2_DE,1,2032,,,,,,0.0946
EmissionActivityRatio,BAU,ECU,T5COAIND,,CO2_DE,1,2033,,,,,,0.0946
EmissionActivityRatio,BAU,ECU,T5COAIND,,CO2_DE,1,2034,,,,,,0.0946
EmissionActivityRatio,BAU,ECU,T5COAIND,,CO2_DE,1,2035,,,,,,0.0946
EmissionActivityRatio,BAU,ECU,T5RDFIND,,CO2_DE,1,2010,,,,,,0.0917
EmissionActivityRatio,BAU,ECU,T5RDFIND,,CO2_DE,1,2011,,,,,,0.0917
EmissionActivityRatio,BAU,ECU,T5RDFIND,,CO2_DE,1,2012,,,,,,0.0917
EmissionActivityRatio,BAU,ECU,T5RDFIND,,CO2_DE,1,2013,,,,,,0.0917
EmissionActivityRatio,BAU,ECU,T5RDFIND,,CO2_DE,1,2014,,,,,,0.0917
EmissionActivityRatio,BAU,ECU,T5RDFIND,,CO2_DE,1,2015,,,,,,0.0917
EmissionActivityRatio,BAU,ECU,T5RDFIND,,CO2_DE,1,2016,,,,,,0.0917
EmissionActivityRatio,BAU,ECU,T5RDFIND,,CO2_DE,1,2017,,,,,,0.0917
EmissionActivityRatio,BAU,ECU,T5RDFIND,,CO2_DE,1,2018,,,,,,0.0917
EmissionActivityRatio,BAU,ECU,T5RDFIND,,CO2_DE,1,2019,,,,,,0.0917
EmissionActivityRatio,BAU,ECU,T5RDFIND,,CO2_DE,1,2020,,,,,,0.0917
EmissionActivityRatio,BAU,ECU,T5RDFIND,,CO2_DE,1,2021,,,,,,0.0917
EmissionActivityRatio,BAU,ECU,T5RDFIND,,CO2_DE,1,2022,,,,,,0.0917
EmissionActivityRatio,BAU,ECU,T5RDFIND,,CO2_DE,1,2023,,,,,,0.0917
EmissionActivityRatio,BAU,ECU,T5RDFIND,,CO2_DE,1,2024,,,,,,0.0917
EmissionActivityRatio,BAU,ECU,T5RDFIND,,CO2_DE,1,2025,,,,,,0.0917
EmissionActivityRatio,BAU,ECU,T5RDFIND,,CO2_DE,1,2026,,,,,,0.0917
EmissionActivityRatio,BAU,ECU,T5RDFIND,,CO2_DE,1,2027,,,,,,0.0917
EmissionActivityRatio,BAU,ECU,T5RDFIND,,CO2_DE,1,2028,,,,,,0.0917
EmissionActivityRatio,BAU,ECU,T5RDFIND,,CO2_DE,1,2029,,,,,,0.0917
EmissionActivityRatio,BAU,ECU,T5RDFIND,,CO2_DE,1,2030,,,,,,0.0917
EmissionActivityRatio,BAU,ECU,T5RDFIND,,CO2_DE,1,2031,,,,,,0.0917
EmissionActivityRatio,BAU,ECU,T5RDFIND,,CO2_DE,1,2032,,,,,,0.0917
EmissionActivityRatio,BAU,ECU,T5RDFIND,,CO2_DE,1,2033,,,,,,0.0917
EmissionActivityRatio,BAU,ECU,T5RDFIND,,CO2_DE,1,2034,,,,,,0.0917
EmissionActivityRatio,BAU,ECU,T5RDFIND,,CO2_DE,1,2035,,,,,,0.0917
EmissionActivityRatio,BAU,ECU,T5OIDIND,,CO2_DE,1,2010,,,,,,0.0733
EmissionActivityRatio,BAU,ECU,T5OIDIND,,CO2_DE,1,2011,,,,,,0.0733
EmissionActivityRatio,BAU,ECU,T5OIDIND,,CO2_DE,1,2012,,,,,,0.0733
EmissionActivityRatio,BAU,ECU,T5OIDIND,,CO2_DE,1,2013,,,,,,0.0733
EmissionActivityRatio,BAU,ECU,T5OIDIND,,CO2_DE,1,2014,,,,,,0.0733
EmissionActivityRatio,BAU,ECU,T5OIDIND,,CO2_DE,1,2015,,,,,,0.0733
EmissionActivityRatio,BAU,ECU,T5OIDIND,,CO2_DE,1,2016,,,,,,0.0733
EmissionActivityRatio,BAU,ECU,T5OIDIND,,CO2_DE,1,2017,,,,,,0.0733
EmissionActivityRatio,BAU,ECU,T5OIDIND,,CO2_DE,1,2018,,,,,,0.0733
EmissionActivityRatio,BAU,ECU,T5OIDIND,,CO2_DE,1,2019,,,,,,0.0733
EmissionActivityRatio,BAU,ECU,T5OIDIND,,CO2_DE,1,2020,,,,,,0.0733
EmissionActivityRatio,BAU,ECU,T5OIDIND,,CO2_DE,1,2021,,,,,,0.0733
EmissionActivityRatio,BAU,ECU,T5OIDIND,,CO2_DE,1,2022,,,,,,0.0733
EmissionActivityRatio,BAU,ECU,T5OIDIND,,CO2_DE,1,2023,,,,,,0.0733
EmissionActivityRatio,BAU,ECU,T5OIDIND,,CO2_DE,1,2024,,,,,,0.0733
EmissionActivityRatio,BAU,ECU,T5OIDIND,,CO2_DE,1,2025,,,,,,0.0733
EmissionActivityRatio,BAU,ECU,T5OIDIND,,CO2_DE,1,2026,,,,,,0.0733
EmissionActivityRatio,BAU,ECU,T5OIDIND,,CO2_DE,1,2027,,,,,,0.0733
EmissionActivityRatio,BAU,ECU,T5OIDIND,,CO2_DE,1,2028,,,,,,0.0733
EmissionActivityRatio,BAU,ECU,T5OIDIND,,CO2_DE,1,2029,,,,,,0.0733
EmissionActivityRatio,BAU,ECU,T5OIDIND,,CO2_DE,1,2030,,,,,,0.0733
EmissionActivityRatio,BAU,ECU,T5OIDIND,,CO2_DE,1,2031,,,,,,0.0733
EmissionActivityRatio,BAU,ECU,T5OIDIND,,CO2_DE,1,2032,,,,,,0.0733
EmissionActivityRatio,BAU,ECU,T5OIDIND,,CO2_DE,1,2033,,,,,,0.0733
EmissionActivityRatio,BAU,ECU,T5OIDIND,,CO2_DE,1,2034,,,,,,0.0733
EmissionActivityRatio,BAU,ECU,T5OIDIND,,CO2_DE,1,2035,,,,,,0.0733
EmissionActivityRatio,BAU,ECU,T5DSLCON,,CO2_DE,1,2010,,,,,,0.0741
EmissionActivityRatio,BAU,ECU,T5DSLCON,,CO2_DE,1,2011,,,,,,0.0741
EmissionActivityRatio,BAU,ECU,T5DSLCON,,CO2_DE,1,2012,,,,,,0.0741
EmissionActivityRatio,BAU,ECU,T5DSLCON,,CO2_DE,1,2013,,,,,,0.0741
EmissionActivityRatio,BAU,ECU,T5DSLCON,,CO2_DE,1,2014,,,,,,0.0741
EmissionActivityRatio,BAU,ECU,T5DSLCON,,CO2_DE,1,2015,,,,,,0.0741
EmissionActivityRatio,BAU,ECU,T5DSLCON,,CO2_DE,1,2016,,,,,,0.0741
EmissionActivityRatio,BAU,ECU,T5DSLCON,,CO2_DE,1,2017,,,,,,0.0741
EmissionActivityRatio,BAU,ECU,T5DSLCON,,CO2_DE,1,2018,,,,,,0.0741
EmissionActivityRatio,BAU,ECU,T5DSLCON,,CO2_DE,1,2019,,,,,,0.0741
EmissionActivityRatio,BAU,ECU,T5DSLCON,,CO2_DE,1,2020,,,,,,0.0741
EmissionActivityRatio,BAU,ECU,T5DSLCON,,CO2_DE,1,2021,,,,,,0.0741
EmissionActivityRatio,BAU,ECU,T5DSLCON,,CO2_DE,1,2022,,,,,,0.0741
EmissionActivityRatio,BAU,ECU,T5DSLCON,,CO2_DE,1,2023,,,,,,0.0741
EmissionActivityRatio,BAU,ECU,T5DSLCON,,CO2_DE,1,2024,,,,,,0.0741
EmissionActivityRatio,BAU,ECU,T5DSLCON,,CO2_DE,1,2025,,,,,,0.0741
EmissionActivityRatio,BAU,ECU,T5DSLCON,,CO2_DE,1,2026,,,,,,0.0741
EmissionActivityRatio,BAU,ECU,T5DSLCON,,CO2_DE,1,2027,,,,,,0.0741
EmissionActivityRatio,BAU,ECU,T5DSLCON,,CO2_DE,1,2028,,,,,,0.0741
EmissionActivityRatio,BAU,ECU,T5DSLCON,,CO2_DE,1,2029,,,,,,0.0741
EmissionActivityRatio,BAU,ECU,T5DSLCON,,CO2_DE,1,2030,,,,,,0.0741
EmissionActivityRatio,BAU,ECU,T5DSLCON,,CO2_DE,1,2031,,,,,,0.0741
EmissionActivityRatio,BAU,ECU,T5DSLCON,,CO2_DE,1,2032,,,,,,0.0741
EmissionActivityRatio,BAU,ECU,T5DSLCON,,CO2_DE,1,2033,,,,,,0.0741
EmissionActivityRatio,BAU,ECU,T5DSLCON,,CO2_DE,1,2034,,,,,,0.0741
EmissionActivityRatio,BAU,ECU,T5DSLCON,,CO2_DE,1,2035,,,,,,0.0741
EmissionActivityRatio,BAU,ECU,T5ELECON,,CO2_DE,1,2010,,,,,,0.0
EmissionActivityRatio,BAU,ECU,T5ELECON,,CO2_DE,1,2011,,,,,,0.0
EmissionActivityRatio,BAU,ECU,T5ELECON,,CO2_DE,1,2012,,,,,,0.0
EmissionActivityRatio,BAU,ECU,T5ELECON,,CO2_DE,1,2013,,,,,,0.0
EmissionActivityRatio,BAU,ECU,T5ELECON,,CO2_DE,1,2014,,,,,,0.0
EmissionActivityRatio,BAU,ECU,T5ELECON,,CO2_DE,1,2015,,,,,,0.0
EmissionActivityRatio,BAU,ECU,T5ELECON,,CO2_DE,1,2016,,,,,,0.0
EmissionActivityRatio,BAU,ECU,T5ELECON,,CO2_DE,1,2017,,,,,,0.0
EmissionActivityRatio,BAU,ECU,T5ELECON,,CO2_DE,1,2018,,,,,,0.0
EmissionActivityRatio,BAU,ECU,T5ELECON,,CO2_DE,1,2019,,,,,,0.0
EmissionActivityRatio,BAU,ECU,T5ELECON,,CO2_DE,1,2020,,,,,,0.0
EmissionActivityRatio,BAU,ECU,T5ELECON,,CO2_DE,1,2021,,,,,,0.0
EmissionActivityRatio,BAU,ECU,T5ELECON,,CO2_DE,1,2022,,,,,,0.0
EmissionActivityRatio,BAU,ECU,T5ELECON,,CO2_DE,1,2023,,,,,,0.0
EmissionActivityRatio,BAU,ECU,T5ELECON,,CO2_DE,1,2024,,,,,,0.0
EmissionActivityRatio,BAU,ECU,T5ELECON,,CO2_DE,1,2025,,,,,,0.0
EmissionActivityRatio,BAU,ECU,T5ELECON,,CO2_DE,1,2026,,,,,,0.0
EmissionActivityRatio,BAU,ECU,T5ELECON,,CO2_DE,1,2027,,,,,,0.0
EmissionActivityRatio,BAU,ECU,T5ELECON,,CO2_DE,1,2028,,,,,,0.0
EmissionActivityRatio,BAU,ECU,T5ELECON,,CO2_DE,1,2029,,,,,,0.0
EmissionActivityRatio,BAU,ECU,T5ELECON,,CO2_DE,1,2030,,,,,,0.0
EmissionActivityRatio,BAU,ECU,T5ELECON,,CO2_DE,1,2031,,,,,,0.0
EmissionActivityRatio,BAU,ECU,T5ELECON,,CO2_DE,1,2032,,,,,,0.0
EmissionActivityRatio,BAU,ECU,T5ELECON,,CO2_DE,1,2033,,,,,,0.0
EmissionActivityRatio,BAU,ECU,T5ELECON,,CO2_DE,1,2034,,,,,,0.0
EmissionActivityRatio,BAU,ECU,T5ELECON,,CO2_DE,1,2035,,,,,,0.0
EmissionActivityRatio,BAU,ECU,T5FOICON,,CO2_DE,1,2010,,,,,,0.0774
EmissionActivityRatio,BAU,ECU,T5FOICON,,CO2_DE,1,2011,,,,,,0.0774
EmissionActivityRatio,BAU,ECU,T5FOICON,,CO2_DE,1,2012,,,,,,0.0774
EmissionActivityRatio,BAU,ECU,T5FOICON,,CO2_DE,1,2013,,,,,,0.0774
EmissionActivityRatio,BAU,ECU,T5FOICON,,CO2_DE,1,2014,,,,,,0.0774
EmissionActivityRatio,BAU,ECU,T5FOICON,,CO2_DE,1,2015,,,,,,0.0774
EmissionActivityRatio,BAU,ECU,T5FOICON,,CO2_DE,1,2016,,,,,,0.0774
EmissionActivityRatio,BAU,ECU,T5FOICON,,CO2_DE,1,2017,,,,,,0.0774
EmissionActivityRatio,BAU,ECU,T5FOICON,,CO2_DE,1,2018,,,,,,0.0774
EmissionActivityRatio,BAU,ECU,T5FOICON,,CO2_DE,1,2019,,,,,,0.0774
EmissionActivityRatio,BAU,ECU,T5FOICON,,CO2_DE,1,2020,,,,,,0.0774
EmissionActivityRatio,BAU,ECU,T5FOICON,,CO2_DE,1,2021,,,,,,0.0774
EmissionActivityRatio,BAU,ECU,T5FOICON,,CO2_DE,1,2022,,,,,,0.0774
EmissionActivityRatio,BAU,ECU,T5FOICON,,CO2_DE,1,2023,,,,,,0.0774
EmissionActivityRatio,BAU,ECU,T5FOICON,,CO2_DE,1,2024,,,,,,0.0774
EmissionActivityRatio,BAU,ECU,T5FOICON,,CO2_DE,1,2025,,,,,,0.0774
EmissionActivityRatio,BAU,ECU,T5FOICON,,CO2_DE,1,2026,,,,,,0.0774
EmissionActivityRatio,BAU,ECU,T5FOICON,,CO2_DE,1,2027,,,,,,0.0774
EmissionActivityRatio,BAU,ECU,T5FOICON,,CO2_DE,1,2028,,,,,,0.0774
EmissionActivityRatio,BAU,ECU,T5FOICON,,CO2_DE,1,2029,,,,,,0.0774
EmissionActivityRatio,BAU,ECU,T5FOICON,,CO2_DE,1,2030,,,,,,0.0774
EmissionActivityRatio,BAU,ECU,T5FOICON,,CO2_DE,1,2031,,,,,,0.0774
EmissionActivityRatio,BAU,ECU,T5FOICON,,CO2_DE,1,2032,,,,,,0.0774
EmissionActivityRatio,BAU,ECU,T5FOICON,,CO2_DE,1,2033,,,,,,0.0774
EmissionActivityRatio,BAU,ECU,T5FOICON,,CO2_DE,1,2034,,,,,,0.0774
EmissionActivityRatio,BAU,ECU,T5FOICON,,CO2_DE,1,2035,,,,,,0.0774
EmissionActivityRatio,BAU,ECU,T5GSLCON,,CO2_DE,1,2010,,,,,,0.0693
EmissionActivityRatio,BAU,ECU,T5GSLCON,,CO2_DE,1,2011,,,,,,0.0693
EmissionActivityRatio,BAU,ECU,T5GSLCON,,CO2_DE,1,2012,,,,,,0.0693
EmissionActivityRatio,BAU,ECU,T5GSLCON,,CO2_DE,1,2013,,,,,,0.0693
EmissionActivityRatio,BAU,ECU,T5GSLCON,,CO2_DE,1,2014,,,,,,0.0693
EmissionActivityRatio,BAU,ECU,T5GSLCON,,CO2_DE,1,2015,,,,,,0.0693
EmissionActivityRatio,BAU,ECU,T5GSLCON,,CO2_DE,1,2016,,,,,,0.0693
EmissionActivityRatio,BAU,ECU,T5GSLCON,,CO2_DE,1,2017,,,,,,0.0693
EmissionActivityRatio,BAU,ECU,T5GSLCON,,CO2_DE,1,2018,,,,,,0.0693
EmissionActivityRatio,BAU,ECU,T5GSLCON,,CO2_DE,1,2019,,,,,,0.0693
EmissionActivityRatio,BAU,ECU,T5GSLCON,,CO2_DE,1,2020,,,,,,0.0693
EmissionActivityRatio,BAU,ECU,T5GSLCON,,CO2_DE,1,2021,,,,,,0.0693
EmissionActivityRatio,BAU,ECU,T5GSLCON,,CO2_DE,1,2022,,,,,,0.0693
EmissionActivityRatio,BAU,ECU,T5GSLCON,,CO2_DE,1,2023,,,,,,0.0693
EmissionActivityRatio,BAU,ECU,T5GSLCON,,CO2_DE,1,2024,,,,,,0.0693
EmissionActivityRatio,BAU,ECU,T5GSLCON,,CO2_DE,1,2025,,,,,,0.0693
EmissionActivityRatio,BAU,ECU,T5GSLCON,,CO2_DE,1,2026,,,,,,0.0693
EmissionActivityRatio,BAU,ECU,T5GSLCON,,CO2_DE,1,2027,,,,,,0.0693
EmissionActivityRatio,BAU,ECU,T5GSLCON,,CO2_DE,1,2028,,,,,,0.0693
EmissionActivityRatio,BAU,ECU,T5GSLCON,,CO2_DE,1,2029,,,,,,0.0693
EmissionActivityRatio,BAU,ECU,T5GSLCON,,CO2_DE,1,2030,,,,,,0.0693
EmissionActivityRatio,BAU,ECU,T5GSLCON,,CO2_DE,1,2031,,,,,,0.0693
EmissionActivityRatio,BAU,ECU,T5GSLCON,,CO2_DE,1,2032,,,,,,0.0693
EmissionActivityRatio,BAU,ECU,T5GSLCON,,CO2_DE,1,2033,,,,,,0.0693
EmissionActivityRatio,BAU,ECU,T5GSLCON,,CO2_DE,1,2034,,,,,,0.0693
EmissionActivityRatio,BAU,ECU,T5GSLCON,,CO2_DE,1,2035,,,,,,0.0693
EmissionActivityRatio,BAU,ECU,T5LPGCON,,CO2_DE,1,2010,,,,,,0.0631
EmissionActivityRatio,BAU,ECU,T5LPGCON,,CO2_DE,1,2011,,,,,,0.0631
EmissionActivityRatio,BAU,ECU,T5LPGCON,,CO2_DE,1,2012,,,,,,0.0631
EmissionActivityRatio,BAU,ECU,T5LPGCON,,CO2_DE,1,2013,,,,,,0.0631
EmissionActivityRatio,BAU,ECU,T5LPGCON,,CO2_DE,1,2014,,,,,,0.0631
EmissionActivityRatio,BAU,ECU,T5LPGCON,,CO2_DE,1,2015,,,,,,0.0631
EmissionActivityRatio,BAU,ECU,T5LPGCON,,CO2_DE,1,2016,,,,,,0.0631
EmissionActivityRatio,BAU,ECU,T5LPGCON,,CO2_DE,1,2017,,,,,,0.0631
EmissionActivityRatio,BAU,ECU,T5LPGCON,,CO2_DE,1,2018,,,,,,0.0631
EmissionActivityRatio,BAU,ECU,T5LPGCON,,CO2_DE,1,2019,,,,,,0.0631
EmissionActivityRatio,BAU,ECU,T5LPGCON,,CO2_DE,1,2020,,,,,,0.0631
EmissionActivityRatio,BAU,ECU,T5LPGCON,,CO2_DE,1,2021,,,,,,0.0631
EmissionActivityRatio,BAU,ECU,T5LPGCON,,CO2_DE,1,2022,,,,,,0.0631
EmissionActivityRatio,BAU,ECU,T5LPGCON,,CO2_DE,1,2023,,,,,,0.0631
EmissionActivityRatio,BAU,ECU,T5LPGCON,,CO2_DE,1,2024,,,,,,0.0631
EmissionActivityRatio,BAU,ECU,T5LPGCON,,CO2_DE,1,2025,,,,,,0.0631
EmissionActivityRatio,BAU,ECU,T5LPGCON,,CO2_DE,1,2026,,,,,,0.0631
EmissionActivityRatio,BAU,ECU,T5LPGCON,,CO2_DE,1,2027,,,,,,0.0631
EmissionActivityRatio,BAU,ECU,T5LPGCON,,CO2_DE,1,2028,,,,,,0.0631
EmissionActivityRatio,BAU,ECU,T5LPGCON,,CO2_DE,1,2029,,,,,,0.0631
EmissionActivityRatio,BAU,ECU,T5LPGCON,,CO2_DE,1,2030,,,,,,0.0631
EmissionActivityRatio,BAU,ECU,T5LPGCON,,CO2_DE,1,2031,,,,,,0.0631
EmissionActivityRatio,BAU,ECU,T5LPGCON,,CO2_DE,1,2032,,,,,,0.0631
EmissionActivityRatio,BAU,ECU,T5LPGCON,,CO2_DE,1,2033,,,,,,0.0631
EmissionActivityRatio,BAU,ECU,T5LPGCON,,CO2_DE,1,2034,,,,,,0.0631
EmissionActivityRatio,BAU,ECU,T5LPGCON,,CO2_DE,1,2035,,,,,,0.0631
EmissionActivityRatio,BAU,ECU,T5OPECON,,CO2_DE,1,2010,,,,,,0.0
EmissionActivityRatio,BAU,ECU,T5OPECON,,CO2_DE,1,2011,,,,,,0.0
EmissionActivityRatio,BAU,ECU,T5OPECON,,CO2_DE,1,2012,,,,,,0.0
EmissionActivityRatio,BAU,ECU,T5OPECON,,CO2_DE,1,2013,,,,,,0.0
EmissionActivityRatio,BAU,ECU,T5OPECON,,CO2_DE,1,2014,,,,,,0.0
EmissionActivityRatio,BAU,ECU,T5OPECON,,CO2_DE,1,2015,,,,,,0.0
EmissionActivityRatio,BAU,ECU,T5OPECON,,CO2_DE,1,2016,,,,,,0.0
EmissionActivityRatio,BAU,ECU,T5OPECON,,CO2_DE,1,2017,,,,,,0.0
EmissionActivityRatio,BAU,ECU,T5OPECON,,CO2_DE,1,2018,,,,,,0.0
EmissionActivityRatio,BAU,ECU,T5OPECON,,CO2_DE,1,2019,,,,,,0.0
EmissionActivityRatio,BAU,ECU,T5OPECON,,CO2_DE,1,2020,,,,,,0.0
EmissionActivityRatio,BAU,ECU,T5OPECON,,CO2_DE,1,2021,,,,,,0.0
EmissionActivityRatio,BAU,ECU,T5OPECON,,CO2_DE,1,2022,,,,,,0.0
EmissionActivityRatio,BAU,ECU,T5OPECON,,CO2_DE,1,2023,,,,,,0.0
EmissionActivityRatio,BAU,ECU,T5OPECON,,CO2_DE,1,2024,,,,,,0.0
EmissionActivityRatio,BAU,ECU,T5OPECON,,CO2_DE,1,2025,,,,,,0.0
EmissionActivityRatio,BAU,ECU,T5OPECON,,CO2_DE,1,2026,,,,,,0.0
EmissionActivityRatio,BAU,ECU,T5OPECON,,CO2_DE,1,2027,,,,,,0.0
EmissionActivityRatio,BAU,ECU,T5OPECON,,CO2_DE,1,2028,,,,,,0.0
EmissionActivityRatio,BAU,ECU,T5OPECON,,CO2_DE,1,2029,,,,,,0.0
EmissionActivityRatio,BAU,ECU,T5OPECON,,CO2_DE,1,2030,,,,,,0.0
EmissionActivityRatio,BAU,ECU,T5OPECON,,CO2_DE,1,2031,,,,,,0.0
EmissionActivityRatio,BAU,ECU,T5OPECON,,CO2_DE,1,2032,,,,,,0.0
EmissionActivityRatio,BAU,ECU,T5OPECON,,CO2_DE,1,2033,,,,,,0.0
EmissionActivityRatio,BAU,ECU,T5OPECON,,CO2_DE,1,2034,,,,,,0.0
EmissionActivityRatio,BAU,ECU,T5OPECON,,CO2_DE,1,2035,,,,,,0.0
EmissionActivityRatio,BAU,ECU,T5JETTAE,,CO2_DE,1,2010,,,,,,0.0715
EmissionActivityRatio,BAU,ECU,T5JETTAE,,CO2_DE,1,2011,,,,,,0.0715
EmissionActivityRatio,BAU,ECU,T5JETTAE,,CO2_DE,1,2012,,,,,,0.0715
EmissionActivityRatio,BAU,ECU,T5JETTAE,,CO2_DE,1,2013,,,,,,0.0715
EmissionActivityRatio,BAU,ECU,T5JETTAE,,CO2_DE,1,2014,,,,,,0.0715
EmissionActivityRatio,BAU,ECU,T5JETTAE,,CO2_DE,1,2015,,,,,,0.0715
EmissionActivityRatio,BAU,ECU,T5JETTAE,,CO2_DE,1,2016,,,,,,0.0715
EmissionActivityRatio,BAU,ECU,T5JETTAE,,CO2_DE,1,2017,,,,,,0.0715
EmissionActivityRatio,BAU,ECU,T5JETTAE,,CO2_DE,1,2018,,,,,,0.0715
EmissionActivityRatio,BAU,ECU,T5JETTAE,,CO2_DE,1,2019,,,,,,0.0715
EmissionActivityRatio,BAU,ECU,T5JETTAE,,CO2_DE,1,2020,,,,,,0.0715
EmissionActivityRatio,BAU,ECU,T5JETTAE,,CO2_DE,1,2021,,,,,,0.0715
EmissionActivityRatio,BAU,ECU,T5JETTAE,,CO2_DE,1,2022,,,,,,0.0715
EmissionActivityRatio,BAU,ECU,T5JETTAE,,CO2_DE,1,2023,,,,,,0.0715
EmissionActivityRatio,BAU,ECU,T5JETTAE,,CO2_DE,1,2024,,,,,,0.0715
EmissionActivityRatio,BAU,ECU,T5JETTAE,,CO2_DE,1,2025,,,,,,0.0715
EmissionActivityRatio,BAU,ECU,T5JETTAE,,CO2_DE,1,2026,,,,,,0.0715
EmissionActivityRatio,BAU,ECU,T5JETTAE,,CO2_DE,1,2027,,,,,,0.0715
EmissionActivityRatio,BAU,ECU,T5JETTAE,,CO2_DE,1,2028,,,,,,0.0715
EmissionActivityRatio,BAU,ECU,T5JETTAE,,CO2_DE,1,2029,,,,,,0.0715
EmissionActivityRatio,BAU,ECU,T5JETTAE,,CO2_DE,1,2030,,,,,,0.0715
EmissionActivityRatio,BAU,ECU,T5JETTAE,,CO2_DE,1,2031,,,,,,0.0715
EmissionActivityRatio,BAU,ECU,T5JETTAE,,CO2_DE,1,2032,,,,,,0.0715
EmissionActivityRatio,BAU,ECU,T5JETTAE,,CO2_DE,1,2033,,,,,,0.0715
EmissionActivityRatio,BAU,ECU,T5JETTAE,,CO2_DE,1,2034,,,,,,0.0715
EmissionActivityRatio,BAU,ECU,T5JETTAE,,CO2_DE,1,2035,,,,,,0.0715
EmissionActivityRatio,BAU,ECU,T5DSLTMA,,CO2_DE,1,2010,,,,,,0.0741
EmissionActivityRatio,BAU,ECU,T5DSLTMA,,CO2_DE,1,2011,,,,,,0.0741
EmissionActivityRatio,BAU,ECU,T5DSLTMA,,CO2_DE,1,2012,,,,,,0.0741
EmissionActivityRatio,BAU,ECU,T5DSLTMA,,CO2_DE,1,2013,,,,,,0.0741
EmissionActivityRatio,BAU,ECU,T5DSLTMA,,CO2_DE,1,2014,,,,,,0.0741
EmissionActivityRatio,BAU,ECU,T5DSLTMA,,CO2_DE,1,2015,,,,,,0.0741
EmissionActivityRatio,BAU,ECU,T5DSLTMA,,CO2_DE,1,2016,,,,,,0.0741
EmissionActivityRatio,BAU,ECU,T5DSLTMA,,CO2_DE,1,2017,,,,,,0.0741
EmissionActivityRatio,BAU,ECU,T5DSLTMA,,CO2_DE,1,2018,,,,,,0.0741
EmissionActivityRatio,BAU,ECU,T5DSLTMA,,CO2_DE,1,2019,,,,,,0.0741
EmissionActivityRatio,BAU,ECU,T5DSLTMA,,CO2_DE,1,2020,,,,,,0.0741
EmissionActivityRatio,BAU,ECU,T5DSLTMA,,CO2_DE,1,2021,,,,,,0.0741
EmissionActivityRatio,BAU,ECU,T5DSLTMA,,CO2_DE,1,2022,,,,,,0.0741
EmissionActivityRatio,BAU,ECU,T5DSLTMA,,CO2_DE,1,2023,,,,,,0.0741
EmissionActivityRatio,BAU,ECU,T5DSLTMA,,CO2_DE,1,2024,,,,,,0.0741
EmissionActivityRatio,BAU,ECU,T5DSLTMA,,CO2_DE,1,2025,,,,,,0.0741
EmissionActivityRatio,BAU,ECU,T5DSLTMA,,CO2_DE,1,2026,,,,,,0.0741
EmissionActivityRatio,BAU,ECU,T5DSLTMA,,CO2_DE,1,2027,,,,,,0.0741
EmissionActivityRatio,BAU,ECU,T5DSLTMA,,CO2_DE,1,2028,,,,,,0.0741
EmissionActivityRatio,BAU,ECU,T5DSLTMA,,CO2_DE,1,2029,,,,,,0.0741
EmissionActivityRatio,BAU,ECU,T5DSLTMA,,CO2_DE,1,2030,,,,,,0.0741
EmissionActivityRatio,BAU,ECU,T5DSLTMA,,CO2_DE,1,2031,,,,,,0.0741
EmissionActivityRatio,BAU,ECU,T5DSLTMA,,CO2_DE,1,2032,,,,,,0.0741
EmissionActivityRatio,BAU,ECU,T5DSLTMA,,CO2_DE,1,2033,,,,,,0.0741
EmissionActivityRatio,BAU,ECU,T5DSLTMA,,CO2_DE,1,2034,,,,,,0.0741
EmissionActivityRatio,BAU,ECU,T5DSLTMA,,CO2_DE,1,2035,,,,,,0.0741
EmissionActivityRatio,BAU,ECU,T5NGSTMA,,CO2_DE,1,2010,,,,,,0.0561
EmissionActivityRatio,BAU,ECU,T5NGSTMA,,CO2_DE,1,2011,,,,,,0.0561
EmissionActivityRatio,BAU,ECU,T5NGSTMA,,CO2_DE,1,2012,,,,,,0.0561
EmissionActivityRatio,BAU,ECU,T5NGSTMA,,CO2_DE,1,2013,,,,,,0.0561
EmissionActivityRatio,BAU,ECU,T5NGSTMA,,CO2_DE,1,2014,,,,,,0.0561
EmissionActivityRatio,BAU,ECU,T5NGSTMA,,CO2_DE,1,2015,,,,,,0.0561
EmissionActivityRatio,BAU,ECU,T5NGSTMA,,CO2_DE,1,2016,,,,,,0.0561
EmissionActivityRatio,BAU,ECU,T5NGSTMA,,CO2_DE,1,2017,,,,,,0.0561
EmissionActivityRatio,BAU,ECU,T5NGSTMA,,CO2_DE,1,2018,,,,,,0.0561
EmissionActivityRatio,BAU,ECU,T5NGSTMA,,CO2_DE,1,2019,,,,,,0.0561
EmissionActivityRatio,BAU,ECU,T5NGSTMA,,CO2_DE,1,2020,,,,,,0.0561
EmissionActivityRatio,BAU,ECU,T5NGSTMA,,CO2_DE,1,2021,,,,,,0.0561
EmissionActivityRatio,BAU,ECU,T5NGSTMA,,CO2_DE,1,2022,,,,,,0.0561
EmissionActivityRatio,BAU,ECU,T5NGSTMA,,CO2_DE,1,2023,,,,,,0.0561
EmissionActivityRatio,BAU,ECU,T5NGSTMA,,CO2_DE,1,2024,,,,,,0.0561
EmissionActivityRatio,BAU,ECU,T5NGSTMA,,CO2_DE,1,2025,,,,,,0.0561
EmissionActivityRatio,BAU,ECU,T5NGSTMA,,CO2_DE,1,2026,,,,,,0.0561
EmissionActivityRatio,BAU,ECU,T5NGSTMA,,CO2_DE,1,2027,,,,,,0.0561
EmissionActivityRatio,BAU,ECU,T5NGSTMA,,CO2_DE,1,2028,,,,,,0.0561
EmissionActivityRatio,BAU,ECU,T5NGSTMA,,CO2_DE,1,2029,,,,,,0.0561
EmissionActivityRatio,BAU,ECU,T5NGSTMA,,CO2_DE,1,2030,,,,,,0.0561
EmissionActivityRatio,BAU,ECU,T5NGSTMA,,CO2_DE,1,2031,,,,,,0.0561
EmissionActivityRatio,BAU,ECU,T5NGSTMA,,CO2_DE,1,2032,,,,,,0.0561
EmissionActivityRatio,BAU,ECU,T5NGSTMA,,CO2_DE,1,2033,,,,,,0.0561
EmissionActivityRatio,BAU,ECU,T5NGSTMA,,CO2_DE,1,2034,,,,,,0.0561
EmissionActivityRatio,BAU,ECU,T5NGSTMA,,CO2_DE,1,2035,,,,,,0.0561
EmissionActivityRatio,BAU,ECU,T5LPGTMA,,CO2_DE,1,2010,,,,,,0.0631
EmissionActivityRatio,BAU,ECU,T5LPGTMA,,CO2_DE,1,2011,,,,,,0.0631
EmissionActivityRatio,BAU,ECU,T5LPGTMA,,CO2_DE,1,2012,,,,,,0.0631
EmissionActivityRatio,BAU,ECU,T5LPGTMA,,CO2_DE,1,2013,,,,,,0.0631
EmissionActivityRatio,BAU,ECU,T5LPGTMA,,CO2_DE,1,2014,,,,,,0.0631
EmissionActivityRatio,BAU,ECU,T5LPGTMA,,CO2_DE,1,2015,,,,,,0.0631
EmissionActivityRatio,BAU,ECU,T5LPGTMA,,CO2_DE,1,2016,,,,,,0.0631
EmissionActivityRatio,BAU,ECU,T5LPGTMA,,CO2_DE,1,2017,,,,,,0.0631
EmissionActivityRatio,BAU,ECU,T5LPGTMA,,CO2_DE,1,2018,,,,,,0.0631
EmissionActivityRatio,BAU,ECU,T5LPGTMA,,CO2_DE,1,2019,,,,,,0.0631
EmissionActivityRatio,BAU,ECU,T5LPGTMA,,CO2_DE,1,2020,,,,,,0.0631
EmissionActivityRatio,BAU,ECU,T5LPGTMA,,CO2_DE,1,2021,,,,,,0.0631
EmissionActivityRatio,BAU,ECU,T5LPGTMA,,CO2_DE,1,2022,,,,,,0.0631
EmissionActivityRatio,BAU,ECU,T5LPGTMA,,CO2_DE,1,2023,,,,,,0.0631
EmissionActivityRatio,BAU,ECU,T5LPGTMA,,CO2_DE,1,2024,,,,,,0.0631
EmissionActivityRatio,BAU,ECU,T5LPGTMA,,CO2_DE,1,2025,,,,,,0.0631
EmissionActivityRatio,BAU,ECU,T5LPGTMA,,CO2_DE,1,2026,,,,,,0.0631
EmissionActivityRatio,BAU,ECU,T5LPGTMA,,CO2_DE,1,2027,,,,,,0.0631
EmissionActivityRatio,BAU,ECU,T5LPGTMA,,CO2_DE,1,2028,,,,,,0.0631
EmissionActivityRatio,BAU,ECU,T5LPGTMA,,CO2_DE,1,2029,,,,,,0.0631
EmissionActivityRatio,BAU,ECU,T5LPGTMA,,CO2_DE,1,2030,,,,,,0.0631
EmissionActivityRatio,BAU,ECU,T5LPGTMA,,CO2_DE,1,2031,,,,,,0.0631
EmissionActivityRatio,BAU,ECU,T5LPGTMA,,CO2_DE,1,2032,,,,,,0.0631
EmissionActivityRatio,BAU,ECU,T5LPGTMA,,CO2_DE,1,2033,,,,,,0.0631
EmissionActivityRatio,BAU,ECU,T5LPGTMA,,CO2_DE,1,2034,,,,,,0.0631
EmissionActivityRatio,BAU,ECU,T5LPGTMA,,CO2_DE,1,2035,,,,,,0.0631
EmissionActivityRatio,BAU,ECU,T5ELETMA,,CO2_DE,1,2010,,,,,,0.0
EmissionActivityRatio,BAU,ECU,T5ELETMA,,CO2_DE,1,2011,,,,,,0.0
EmissionActivityRatio,BAU,ECU,T5ELETMA,,CO2_DE,1,2012,,,,,,0.0
EmissionActivityRatio,BAU,ECU,T5ELETMA,,CO2_DE,1,2013,,,,,,0.0
EmissionActivityRatio,BAU,ECU,T5ELETMA,,CO2_DE,1,2014,,,,,,0.0
EmissionActivityRatio,BAU,ECU,T5ELETMA,,CO2_DE,1,2015,,,,,,0.0
EmissionActivityRatio,BAU,ECU,T5ELETMA,,CO2_DE,1,2016,,,,,,0.0
EmissionActivityRatio,BAU,ECU,T5ELETMA,,CO2_DE,1,2017,,,,,,0.0
EmissionActivityRatio,BAU,ECU,T5ELETMA,,CO2_DE,1,2018,,,,,,0.0
EmissionActivityRatio,BAU,ECU,T5ELETMA,,CO2_DE,1,2019,,,,,,0.0
EmissionActivityRatio,BAU,ECU,T5ELETMA,,CO2_DE,1,2020,,,,,,0.0
EmissionActivityRatio,BAU,ECU,T5ELETMA,,CO2_DE,1,2021,,,,,,0.0
EmissionActivityRatio,BAU,ECU,T5ELETMA,,CO2_DE,1,2022,,,,,,0.0
EmissionActivityRatio,BAU,ECU,T5ELETMA,,CO2_DE,1,2023,,,,,,0.0
EmissionActivityRatio,BAU,ECU,T5ELETMA,,CO2_DE,1,2024,,,,,,0.0
EmissionActivityRatio,BAU,ECU,T5ELETMA,,CO2_DE,1,2025,,,,,,0.0
EmissionActivityRatio,BAU,ECU,T5ELETMA,,CO2_DE,1,2026,,,,,,0.0
EmissionActivityRatio,BAU,ECU,T5ELETMA,,CO2_DE,1,2027,,,,,,0.0
EmissionActivityRatio,BAU,ECU,T5ELETMA,,CO2_DE,1,2028,,,,,,0.0
EmissionActivityRatio,BAU,ECU,T5ELETMA,,CO2_DE,1,2029,,,,,,0.0
EmissionActivityRatio,BAU,ECU,T5ELETMA,,CO2_DE,1,2030,,,,,,0.0
EmissionActivityRatio,BAU,ECU,T5ELETMA,,CO2_DE,1,2031,,,,,,0.0
EmissionActivityRatio,BAU,ECU,T5ELETMA,,CO2_DE,1,2032,,,,,,0.0
EmissionActivityRatio,BAU,ECU,T5ELETMA,,CO2_DE,1,2033,,,,,,0.0
EmissionActivityRatio,BAU,ECU,T5ELETMA,,CO2_DE,1,2034,,,,,,0.0
EmissionActivityRatio,BAU,ECU,T5ELETMA,,CO2_DE,1,2035,,,,,,0.0
EmissionActivityRatio,BAU,ECU,T5FOITMA,,CO2_DE,1,2010,,,,,,0.0774
EmissionActivityRatio,BAU,ECU,T5FOITMA,,CO2_DE,1,2011,,,,,,0.0774
EmissionActivityRatio,BAU,ECU,T5FOITMA,,CO2_DE,1,2012,,,,,,0.0774
EmissionActivityRatio,BAU,ECU,T5FOITMA,,CO2_DE,1,2013,,,,,,0.0774
EmissionActivityRatio,BAU,ECU,T5FOITMA,,CO2_DE,1,2014,,,,,,0.0774
EmissionActivityRatio,BAU,ECU,T5FOITMA,,CO2_DE,1,2015,,,,,,0.0774
EmissionActivityRatio,BAU,ECU,T5FOITMA,,CO2_DE,1,2016,,,,,,0.0774
EmissionActivityRatio,BAU,ECU,T5FOITMA,,CO2_DE,1,2017,,,,,,0.0774
EmissionActivityRatio,BAU,ECU,T5FOITMA,,CO2_DE,1,2018,,,,,,0.0774
EmissionActivityRatio,BAU,ECU,T5FOITMA,,CO2_DE,1,2019,,,,,,0.0774
EmissionActivityRatio,BAU,ECU,T5FOITMA,,CO2_DE,1,2020,,,,,,0.0774
EmissionActivityRatio,BAU,ECU,T5FOITMA,,CO2_DE,1,2021,,,,,,0.0774
EmissionActivityRatio,BAU,ECU,T5FOITMA,,CO2_DE,1,2022,,,,,,0.0774
EmissionActivityRatio,BAU,ECU,T5FOITMA,,CO2_DE,1,2023,,,,,,0.0774
EmissionActivityRatio,BAU,ECU,T5FOITMA,,CO2_DE,1,2024,,,,,,0.0774
EmissionActivityRatio,BAU,ECU,T5FOITMA,,CO2_DE,1,2025,,,,,,0.0774
EmissionActivityRatio,BAU,ECU,T5FOITMA,,CO2_DE,1,2026,,,,,,0.0774
EmissionActivityRatio,BAU,ECU,T5FOITMA,,CO2_DE,1,2027,,,,,,0.0774
EmissionActivityRatio,BAU,ECU,T5FOITMA,,CO2_DE,1,2028,,,,,,0.0774
EmissionActivityRatio,BAU,ECU,T5FOITMA,,CO2_DE,1,2029,,,,,,0.0774
EmissionActivityRatio,BAU,ECU,T5FOITMA,,CO2_DE,1,2030,,,,,,0.0774
EmissionActivityRatio,BAU,ECU,T5FOITMA,,CO2_DE,1,2031,,,,,,0.0774
EmissionActivityRatio,BAU,ECU,T5FOITMA,,CO2_DE,1,2032,,,,,,0.0774
EmissionActivityRatio,BAU,ECU,T5FOITMA,,CO2_DE,1,2033,,,,,,0.0774
EmissionActivityRatio,BAU,ECU,T5FOITMA,,CO2_DE,1,2034,,,,,,0.0774
EmissionActivityRatio,BAU,ECU,T5FOITMA,,CO2_DE,1,2035,,,,,,0.0774
EmissionActivityRatio,BAU,ECU,T5DSLTRO,,CO2_DE,1,2010,,,,,,0.0741
EmissionActivityRatio,BAU,ECU,T5DSLTRO,,CO2_DE,1,2011,,,,,,0.0741
EmissionActivityRatio,BAU,ECU,T5DSLTRO,,CO2_DE,1,2012,,,,,,0.0741
EmissionActivityRatio,BAU,ECU,T5DSLTRO,,CO2_DE,1,2013,,,,,,0.0741
EmissionActivityRatio,BAU,ECU,T5DSLTRO,,CO2_DE,1,2014,,,,,,0.0741
EmissionActivityRatio,BAU,ECU,T5DSLTRO,,CO2_DE,1,2015,,,,,,0.0741
EmissionActivityRatio,BAU,ECU,T5DSLTRO,,CO2_DE,1,2016,,,,,,0.0741
EmissionActivityRatio,BAU,ECU,T5DSLTRO,,CO2_DE,1,2017,,,,,,0.0741
EmissionActivityRatio,BAU,ECU,T5DSLTRO,,CO2_DE,1,2018,,,,,,0.0741
EmissionActivityRatio,BAU,ECU,T5DSLTRO,,CO2_DE,1,2019,,,,,,0.0741
EmissionActivityRatio,BAU,ECU,T5DSLTRO,,CO2_DE,1,2020,,,,,,0.0741
EmissionActivityRatio,BAU,ECU,T5DSLTRO,,CO2_DE,1,2021,,,,,,0.0741
EmissionActivityRatio,BAU,ECU,T5DSLTRO,,CO2_DE,1,2022,,,,,,0.0741
EmissionActivityRatio,BAU,ECU,T5DSLTRO,,CO2_DE,1,2023,,,,,,0.0741
EmissionActivityRatio,BAU,ECU,T5DSLTRO,,CO2_DE,1,2024,,,,,,0.0741
EmissionActivityRatio,BAU,ECU,T5DSLTRO,,CO2_DE,1,2025,,,,,,0.0741
EmissionActivityRatio,BAU,ECU,T5DSLTRO,,CO2_DE,1,2026,,,,,,0.0741
EmissionActivityRatio,BAU,ECU,T5DSLTRO,,CO2_DE,1,2027,,,,,,0.0741
EmissionActivityRatio,BAU,ECU,T5DSLTRO,,CO2_DE,1,2028,,,,,,0.0741
EmissionActivityRatio,BAU,ECU,T5DSLTRO,,CO2_DE,1,2029,,,,,,0.0741
EmissionActivityRatio,BAU,ECU,T5DSLTRO,,CO2_DE,1,2030,,,,,,0.0741
EmissionActivityRatio,BAU,ECU,T5DSLTRO,,CO2_DE,1,2031,,,,,,0.0741
EmissionActivityRatio,BAU,ECU,T5DSLTRO,,CO2_DE,1,2032,,,,,,0.0741
EmissionActivityRatio,BAU,ECU,T5DSLTRO,,CO2_DE,1,2033,,,,,,0.0741
EmissionActivityRatio,BAU,ECU,T5DSLTRO,,CO2_DE,1,2034,,,,,,0.0741
EmissionActivityRatio,BAU,ECU,T5DSLTRO,,CO2_DE,1,2035,,,,,,0.0741
EmissionActivityRatio,BAU,ECU,T5GSLTRO,,CO2_DE,1,2010,,,,,,0.0693
EmissionActivityRatio,BAU,ECU,T5GSLTRO,,CO2_DE,1,2011,,,,,,0.0693
EmissionActivityRatio,BAU,ECU,T5GSLTRO,,CO2_DE,1,2012,,,,,,0.0693
EmissionActivityRatio,BAU,ECU,T5GSLTRO,,CO2_DE,1,2013,,,,,,0.0693
EmissionActivityRatio,BAU,ECU,T5GSLTRO,,CO2_DE,1,2014,,,,,,0.0693
EmissionActivityRatio,BAU,ECU,T5GSLTRO,,CO2_DE,1,2015,,,,,,0.0693
EmissionActivityRatio,BAU,ECU,T5GSLTRO,,CO2_DE,1,2016,,,,,,0.0693
EmissionActivityRatio,BAU,ECU,T5GSLTRO,,CO2_DE,1,2017,,,,,,0.0693
EmissionActivityRatio,BAU,ECU,T5GSLTRO,,CO2_DE,1,2018,,,,,,0.0693
EmissionActivityRatio,BAU,ECU,T5GSLTRO,,CO2_DE,1,2019,,,,,,0.0693
EmissionActivityRatio,BAU,ECU,T5GSLTRO,,CO2_DE,1,2020,,,,,,0.0693
EmissionActivityRatio,BAU,ECU,T5GSLTRO,,CO2_DE,1,2021,,,,,,0.0693
EmissionActivityRatio,BAU,ECU,T5GSLTRO,,CO2_DE,1,2022,,,,,,0.0693
EmissionActivityRatio,BAU,ECU,T5GSLTRO,,CO2_DE,1,2023,,,,,,0.0693
EmissionActivityRatio,BAU,ECU,T5GSLTRO,,CO2_DE,1,2024,,,,,,0.0693
EmissionActivityRatio,BAU,ECU,T5GSLTRO,,CO2_DE,1,2025,,,,,,0.0693
EmissionActivityRatio,BAU,ECU,T5GSLTRO,,CO2_DE,1,2026,,,,,,0.0693
EmissionActivityRatio,BAU,ECU,T5GSLTRO,,CO2_DE,1,2027,,,,,,0.0693
EmissionActivityRatio,BAU,ECU,T5GSLTRO,,CO2_DE,1,2028,,,,,,0.0693
EmissionActivityRatio,BAU,ECU,T5GSLTRO,,CO2_DE,1,2029,,,,,,0.0693
EmissionActivityRatio,BAU,ECU,T5GSLTRO,,CO2_DE,1,2030,,,,,,0.0693
EmissionActivityRatio,BAU,ECU,T5GSLTRO,,CO2_DE,1,2031,,,,,,0.0693
EmissionActivityRatio,BAU,ECU,T5GSLTRO,,CO2_DE,1,2032,,,,,,0.0693
EmissionActivityRatio,BAU,ECU,T5GSLTRO,,CO2_DE,1,2033,,,,,,0.0693
EmissionActivityRatio,BAU,ECU,T5GSLTRO,,CO2_DE,1,2034,,,,,,0.0693
EmissionActivityRatio,BAU,ECU,T5GSLTRO,,CO2_DE,1,2035,,,,,,0.0693
EmissionActivityRatio,BAU,ECU,T5NGSTRO,,CO2_DE,1,2010,,,,,,0.0561
EmissionActivityRatio,BAU,ECU,T5NGSTRO,,CO2_DE,1,2011,,,,,,0.0561
EmissionActivityRatio,BAU,ECU,T5NGSTRO,,CO2_DE,1,2012,,,,,,0.0561
EmissionActivityRatio,BAU,ECU,T5NGSTRO,,CO2_DE,1,2013,,,,,,0.0561
EmissionActivityRatio,BAU,ECU,T5NGSTRO,,CO2_DE,1,2014,,,,,,0.0561
EmissionActivityRatio,BAU,ECU,T5NGSTRO,,CO2_DE,1,2015,,,,,,0.0561
EmissionActivityRatio,BAU,ECU,T5NGSTRO,,CO2_DE,1,2016,,,,,,0.0561
EmissionActivityRatio,BAU,ECU,T5NGSTRO,,CO2_DE,1,2017,,,,,,0.0561
EmissionActivityRatio,BAU,ECU,T5NGSTRO,,CO2_DE,1,2018,,,,,,0.0561
EmissionActivityRatio,BAU,ECU,T5NGSTRO,,CO2_DE,1,2019,,,,,,0.0561
EmissionActivityRatio,BAU,ECU,T5NGSTRO,,CO2_DE,1,2020,,,,,,0.0561
EmissionActivityRatio,BAU,ECU,T5NGSTRO,,CO2_DE,1,2021,,,,,,0.0561
EmissionActivityRatio,BAU,ECU,T5NGSTRO,,CO2_DE,1,2022,,,,,,0.0561
EmissionActivityRatio,BAU,ECU,T5NGSTRO,,CO2_DE,1,2023,,,,,,0.0561
EmissionActivityRatio,BAU,ECU,T5NGSTRO,,CO2_DE,1,2024,,,,,,0.0561
EmissionActivityRatio,BAU,ECU,T5NGSTRO,,CO2_DE,1,2025,,,,,,0.0561
EmissionActivityRatio,BAU,ECU,T5NGSTRO,,CO2_DE,1,2026,,,,,,0.0561
EmissionActivityRatio,BAU,ECU,T5NGSTRO,,CO2_DE,1,2027,,,,,,0.0561
EmissionActivityRatio,BAU,ECU,T5NGSTRO,,CO2_DE,1,2028,,,,,,0.0561
EmissionActivityRatio,BAU,ECU,T5NGSTRO,,CO2_DE,1,2029,,,,,,0.0561
EmissionActivityRatio,BAU,ECU,T5NGSTRO,,CO2_DE,1,2030,,,,,,0.0561
EmissionActivityRatio,BAU,ECU,T5NGSTRO,,CO2_DE,1,2031,,,,,,0.0561
EmissionActivityRatio,BAU,ECU,T5NGSTRO,,CO2_DE,1,2032,,,,,,0.0561
EmissionActivityRatio,BAU,ECU,T5NGSTRO,,CO2_DE,1,2033,,,,,,0.0561
EmissionActivityRatio,BAU,ECU,T5NGSTRO,,CO2_DE,1,2034,,,,,,0.0561
EmissionActivityRatio,BAU,ECU,T5NGSTRO,,CO2_DE,1,2035,,,,,,0.0561
EmissionActivityRatio,BAU,ECU,T5LPGTRO,,CO2_DE,1,2010,,,,,,0.0631
EmissionActivityRatio,BAU,ECU,T5LPGTRO,,CO2_DE,1,2011,,,,,,0.0631
EmissionActivityRatio,BAU,ECU,T5LPGTRO,,CO2_DE,1,2012,,,,,,0.0631
EmissionActivityRatio,BAU,ECU,T5LPGTRO,,CO2_DE,1,2013,,,,,,0.0631
EmissionActivityRatio,BAU,ECU,T5LPGTRO,,CO2_DE,1,2014,,,,,,0.0631
EmissionActivityRatio,BAU,ECU,T5LPGTRO,,CO2_DE,1,2015,,,,,,0.0631
EmissionActivityRatio,BAU,ECU,T5LPGTRO,,CO2_DE,1,2016,,,,,,0.0631
EmissionActivityRatio,BAU,ECU,T5LPGTRO,,CO2_DE,1,2017,,,,,,0.0631
EmissionActivityRatio,BAU,ECU,T5LPGTRO,,CO2_DE,1,2018,,,,,,0.0631
EmissionActivityRatio,BAU,ECU,T5LPGTRO,,CO2_DE,1,2019,,,,,,0.0631
EmissionActivityRatio,BAU,ECU,T5LPGTRO,,CO2_DE,1,2020,,,,,,0.0631
EmissionActivityRatio,BAU,ECU,T5LPGTRO,,CO2_DE,1,2021,,,,,,0.0631
EmissionActivityRatio,BAU,ECU,T5LPGTRO,,CO2_DE,1,2022,,,,,,0.0631
EmissionActivityRatio,BAU,ECU,T5LPGTRO,,CO2_DE,1,2023,,,,,,0.0631
EmissionActivityRatio,BAU,ECU,T5LPGTRO,,CO2_DE,1,2024,,,,,,0.0631
EmissionActivityRatio,BAU,ECU,T5LPGTRO,,CO2_DE,1,2025,,,,,,0.0631
EmissionActivityRatio,BAU,ECU,T5LPGTRO,,CO2_DE,1,2026,,,,,,0.0631
EmissionActivityRatio,BAU,ECU,T5LPGTRO,,CO2_DE,1,2027,,,,,,0.0631
EmissionActivityRatio,BAU,ECU,T5LPGTRO,,CO2_DE,1,2028,,,,,,0.0631
EmissionActivityRatio,BAU,ECU,T5LPGTRO,,CO2_DE,1,2029,,,,,,0.0631
EmissionActivityRatio,BAU,ECU,T5LPGTRO,,CO2_DE,1,2030,,,,,,0.0631
EmissionActivityRatio,BAU,ECU,T5LPGTRO,,CO2_DE,1,2031,,,,,,0.0631
EmissionActivityRatio,BAU,ECU,T5LPGTRO,,CO2_DE,1,2032,,,,,,0.0631
EmissionActivityRatio,BAU,ECU,T5LPGTRO,,CO2_DE,1,2033,,,,,,0.0631
EmissionActivityRatio,BAU,ECU,T5LPGTRO,,CO2_DE,1,2034,,,,,,0.0631
EmissionActivityRatio,BAU,ECU,T5LPGTRO,,CO2_DE,1,2035,,,,,,0.0631
EmissionActivityRatio,BAU,ECU,T5ELETRO,,CO2_DE,1,2010,,,,,,0.0
EmissionActivityRatio,BAU,ECU,T5ELETRO,,CO2_DE,1,2011,,,,,,0.0
EmissionActivityRatio,BAU,ECU,T5ELETRO,,CO2_DE,1,2012,,,,,,0.0
EmissionActivityRatio,BAU,ECU,T5ELETRO,,CO2_DE,1,2013,,,,,,0.0
EmissionActivityRatio,BAU,ECU,T5ELETRO,,CO2_DE,1,2014,,,,,,0.0
EmissionActivityRatio,BAU,ECU,T5ELETRO,,CO2_DE,1,2015,,,,,,0.0
EmissionActivityRatio,BAU,ECU,T5ELETRO,,CO2_DE,1,2016,,,,,,0.0
EmissionActivityRatio,BAU,ECU,T5ELETRO,,CO2_DE,1,2017,,,,,,0.0
EmissionActivityRatio,BAU,ECU,T5ELETRO,,CO2_DE,1,2018,,,,,,0.0
EmissionActivityRatio,BAU,ECU,T5ELETRO,,CO2_DE,1,2019,,,,,,0.0
EmissionActivityRatio,BAU,ECU,T5ELETRO,,CO2_DE,1,2020,,,,,,0.0
EmissionActivityRatio,BAU,ECU,T5ELETRO,,CO2_DE,1,2021,,,,,,0.0
EmissionActivityRatio,BAU,ECU,T5ELETRO,,CO2_DE,1,2022,,,,,,0.0
EmissionActivityRatio,BAU,ECU,T5ELETRO,,CO2_DE,1,2023,,,,,,0.0
EmissionActivityRatio,BAU,ECU,T5ELETRO,,CO2_DE,1,2024,,,,,,0.0
EmissionActivityRatio,BAU,ECU,T5ELETRO,,CO2_DE,1,2025,,,,,,0.0
EmissionActivityRatio,BAU,ECU,T5ELETRO,,CO2_DE,1,2026,,,,,,0.0
EmissionActivityRatio,BAU,ECU,T5ELETRO,,CO2_DE,1,2027,,,,,,0.0
EmissionActivityRatio,BAU,ECU,T5ELETRO,,CO2_DE,1,2028,,,,,,0.0
EmissionActivityRatio,BAU,ECU,T5ELETRO,,CO2_DE,1,2029,,,,,,0.0
EmissionActivityRatio,BAU,ECU,T5ELETRO,,CO2_DE,1,2030,,,,,,0.0
EmissionActivityRatio,BAU,ECU,T5ELETRO,,CO2_DE,1,2031,,,,,,0.0
EmissionActivityRatio,BAU,ECU,T5ELETRO,,CO2_DE,1,2032,,,,,,0.0
EmissionActivityRatio,BAU,ECU,T5ELETRO,,CO2_DE,1,2033,,,,,,0.0
EmissionActivityRatio,BAU,ECU,T5ELETRO,,CO2_DE,1,2034,,,,,,0.0
EmissionActivityRatio,BAU,ECU,T5ELETRO,,CO2_DE,1,2035,,,,,,0.0
EmissionActivityRatio,BAU,ECU,T5BGSTRO,,CO2_DE,1,2010,,,,,,0.0
EmissionActivityRatio,BAU,ECU,T5BGSTRO,,CO2_DE,1,2011,,,,,,0.0
EmissionActivityRatio,BAU,ECU,T5BGSTRO,,CO2_DE,1,2012,,,,,,0.0
EmissionActivityRatio,BAU,ECU,T5BGSTRO,,CO2_DE,1,2013,,,,,,0.0
EmissionActivityRatio,BAU,ECU,T5BGSTRO,,CO2_DE,1,2014,,,,,,0.0
EmissionActivityRatio,BAU,ECU,T5BGSTRO,,CO2_DE,1,2015,,,,,,0.0
EmissionActivityRatio,BAU,ECU,T5BGSTRO,,CO2_DE,1,2016,,,,,,0.0
EmissionActivityRatio,BAU,ECU,T5BGSTRO,,CO2_DE,1,2017,,,,,,0.0
EmissionActivityRatio,BAU,ECU,T5BGSTRO,,CO2_DE,1,2018,,,,,,0.0
EmissionActivityRatio,BAU,ECU,T5BGSTRO,,CO2_DE,1,2019,,,,,,0.0
EmissionActivityRatio,BAU,ECU,T5BGSTRO,,CO2_DE,1,2020,,,,,,0.0
EmissionActivityRatio,BAU,ECU,T5BGSTRO,,CO2_DE,1,2021,,,,,,0.0
EmissionActivityRatio,BAU,ECU,T5BGSTRO,,CO2_DE,1,2022,,,,,,0.0
EmissionActivityRatio,BAU,ECU,T5BGSTRO,,CO2_DE,1,2023,,,,,,0.0
EmissionActivityRatio,BAU,ECU,T5BGSTRO,,CO2_DE,1,2024,,,,,,0.0
EmissionActivityRatio,BAU,ECU,T5BGSTRO,,CO2_DE,1,2025,,,,,,0.0
EmissionActivityRatio,BAU,ECU,T5BGSTRO,,CO2_DE,1,2026,,,,,,0.0
EmissionActivityRatio,BAU,ECU,T5BGSTRO,,CO2_DE,1,2027,,,,,,0.0
EmissionActivityRatio,BAU,ECU,T5BGSTRO,,CO2_DE,1,2028,,,,,,0.0
EmissionActivityRatio,BAU,ECU,T5BGSTRO,,CO2_DE,1,2029,,,,,,0.0
EmissionActivityRatio,BAU,ECU,T5BGSTRO,,CO2_DE,1,2030,,,,,,0.0
EmissionActivityRatio,BAU,ECU,T5BGSTRO,,CO2_DE,1,2031,,,,,,0.0
EmissionActivityRatio,BAU,ECU,T5BGSTRO,,CO2_DE,1,2032,,,,,,0.0
EmissionActivityRatio,BAU,ECU,T5BGSTRO,,CO2_DE,1,2033,,,,,,0.0
EmissionActivityRatio,BAU,ECU,T5BGSTRO,,CO2_DE,1,2034,,,,,,0.0
EmissionActivityRatio,BAU,ECU,T5BGSTRO,,CO2_DE,1,2035,,,,,,0.0
EmissionActivityRatio,BAU,ECU,T5FOITRO,,CO2_DE,1,2010,,,,,,0.0774
EmissionActivityRatio,BAU,ECU,T5FOITRO,,CO2_DE,1,2011,,,,,,0.0774
EmissionActivityRatio,BAU,ECU,T5FOITRO,,CO2_DE,1,2012,,,,,,0.0774
EmissionActivityRatio,BAU,ECU,T5FOITRO,,CO2_DE,1,2013,,,,,,0.0774
EmissionActivityRatio,BAU,ECU,T5FOITRO,,CO2_DE,1,2014,,,,,,0.0774
EmissionActivityRatio,BAU,ECU,T5FOITRO,,CO2_DE,1,2015,,,,,,0.0774
EmissionActivityRatio,BAU,ECU,T5FOITRO,,CO2_DE,1,2016,,,,,,0.0774
EmissionActivityRatio,BAU,ECU,T5FOITRO,,CO2_DE,1,2017,,,,,,0.0774
EmissionActivityRatio,BAU,ECU,T5FOITRO,,CO2_DE,1,2018,,,,,,0.0774
EmissionActivityRatio,BAU,ECU,T5FOITRO,,CO2_DE,1,2019,,,,,,0.0774
EmissionActivityRatio,BAU,ECU,T5FOITRO,,CO2_DE,1,2020,,,,,,0.0774
EmissionActivityRatio,BAU,ECU,T5FOITRO,,CO2_DE,1,2021,,,,,,0.0774
EmissionActivityRatio,BAU,ECU,T5FOITRO,,CO2_DE,1,2022,,,,,,0.0774
EmissionActivityRatio,BAU,ECU,T5FOITRO,,CO2_DE,1,2023,,,,,,0.0774
EmissionActivityRatio,BAU,ECU,T5FOITRO,,CO2_DE,1,2024,,,,,,0.0774
EmissionActivityRatio,BAU,ECU,T5FOITRO,,CO2_DE,1,2025,,,,,,0.0774
EmissionActivityRatio,BAU,ECU,T5FOITRO,,CO2_DE,1,2026,,,,,,0.0774
EmissionActivityRatio,BAU,ECU,T5FOITRO,,CO2_DE,1,2027,,,,,,0.0774
EmissionActivityRatio,BAU,ECU,T5FOITRO,,CO2_DE,1,2028,,,,,,0.0774
EmissionActivityRatio,BAU,ECU,T5FOITRO,,CO2_DE,1,2029,,,,,,0.0774
EmissionActivityRatio,BAU,ECU,T5FOITRO,,CO2_DE,1,2030,,,,,,0.0774
EmissionActivityRatio,BAU,ECU,T5FOITRO,,CO2_DE,1,2031,,,,,,0.0774
EmissionActivityRatio,BAU,ECU,T5FOITRO,,CO2_DE,1,2032,,,,,,0.0774
EmissionActivityRatio,BAU,ECU,T5FOITRO,,CO2_DE,1,2033,,,,,,0.0774
EmissionActivityRatio,BAU,ECU,T5FOITRO,,CO2_DE,1,2034,,,,,,0.0774
EmissionActivityRatio,BAU,ECU,T5FOITRO,,CO2_DE,1,2035,,,,,,0.0774
EmissionActivityRatio,BAU,ECU,T5INDCOK,,CO2_DE,1,2010,,,,,,0.0975
EmissionActivityRatio,BAU,ECU,T5INDCOK,,CO2_DE,1,2011,,,,,,0.0975
EmissionActivityRatio,BAU,ECU,T5INDCOK,,CO2_DE,1,2012,,,,,,0.0975
EmissionActivityRatio,BAU,ECU,T5INDCOK,,CO2_DE,1,2013,,,,,,0.0975
EmissionActivityRatio,BAU,ECU,T5INDCOK,,CO2_DE,1,2014,,,,,,0.0975
EmissionActivityRatio,BAU,ECU,T5INDCOK,,CO2_DE,1,2015,,,,,,0.0975
EmissionActivityRatio,BAU,ECU,T5INDCOK,,CO2_DE,1,2016,,,,,,0.0975
EmissionActivityRatio,BAU,ECU,T5INDCOK,,CO2_DE,1,2017,,,,,,0.0975
EmissionActivityRatio,BAU,ECU,T5INDCOK,,CO2_DE,1,2018,,,,,,0.0975
EmissionActivityRatio,BAU,ECU,T5INDCOK,,CO2_DE,1,2019,,,,,,0.0975
EmissionActivityRatio,BAU,ECU,T5INDCOK,,CO2_DE,1,2020,,,,,,0.0975
EmissionActivityRatio,BAU,ECU,T5INDCOK,,CO2_DE,1,2021,,,,,,0.0975
EmissionActivityRatio,BAU,ECU,T5INDCOK,,CO2_DE,1,2022,,,,,,0.0975
EmissionActivityRatio,BAU,ECU,T5INDCOK,,CO2_DE,1,2023,,,,,,0.0975
EmissionActivityRatio,BAU,ECU,T5INDCOK,,CO2_DE,1,2024,,,,,,0.0975
EmissionActivityRatio,BAU,ECU,T5INDCOK,,CO2_DE,1,2025,,,,,,0.0975
EmissionActivityRatio,BAU,ECU,T5INDCOK,,CO2_DE,1,2026,,,,,,0.0975
EmissionActivityRatio,BAU,ECU,T5INDCOK,,CO2_DE,1,2027,,,,,,0.0975
EmissionActivityRatio,BAU,ECU,T5INDCOK,,CO2_DE,1,2028,,,,,,0.0975
EmissionActivityRatio,BAU,ECU,T5INDCOK,,CO2_DE,1,2029,,,,,,0.0975
EmissionActivityRatio,BAU,ECU,T5INDCOK,,CO2_DE,1,2030,,,,,,0.0975
EmissionActivityRatio,BAU,ECU,T5INDCOK,,CO2_DE,1,2031,,,,,,0.0975
EmissionActivityRatio,BAU,ECU,T5INDCOK,,CO2_DE,1,2032,,,,,,0.0975
EmissionActivityRatio,BAU,ECU,T5INDCOK,,CO2_DE,1,2033,,,,,,0.0975
EmissionActivityRatio,BAU,ECU,T5INDCOK,,CO2_DE,1,2034,,,,,,0.0975
EmissionActivityRatio,BAU,ECU,T5INDCOK,,CO2_DE,1,2035,,,,,,0.0975
EmissionActivityRatio,BAU,ECU,T5TRNFOI,,CO2_DE,1,2010,,,,,,0.0774
EmissionActivityRatio,BAU,ECU,T5TRNFOI,,CO2_DE,1,2011,,,,,,0.0774
EmissionActivityRatio,BAU,ECU,T5TRNFOI,,CO2_DE,1,2012,,,,,,0.0774
EmissionActivityRatio,BAU,ECU,T5TRNFOI,,CO2_DE,1,2013,,,,,,0.0774
EmissionActivityRatio,BAU,ECU,T5TRNFOI,,CO2_DE,1,2014,,,,,,0.0774
EmissionActivityRatio,BAU,ECU,T5TRNFOI,,CO2_DE,1,2015,,,,,,0.0774
EmissionActivityRatio,BAU,ECU,T5TRNFOI,,CO2_DE,1,2016,,,,,,0.0774
EmissionActivityRatio,BAU,ECU,T5TRNFOI,,CO2_DE,1,2017,,,,,,0.0774
EmissionActivityRatio,BAU,ECU,T5TRNFOI,,CO2_DE,1,2018,,,,,,0.0774
EmissionActivityRatio,BAU,ECU,T5TRNFOI,,CO2_DE,1,2019,,,,,,0.0774
EmissionActivityRatio,BAU,ECU,T5TRNFOI,,CO2_DE,1,2020,,,,,,0.0774
EmissionActivityRatio,BAU,ECU,T5TRNFOI,,CO2_DE,1,2021,,,,,,0.0774
EmissionActivityRatio,BAU,ECU,T5TRNFOI,,CO2_DE,1,2022,,,,,,0.0774
EmissionActivityRatio,BAU,ECU,T5TRNFOI,,CO2_DE,1,2023,,,,,,0.0774
EmissionActivityRatio,BAU,ECU,T5TRNFOI,,CO2_DE,1,2024,,,,,,0.0774
EmissionActivityRatio,BAU,ECU,T5TRNFOI,,CO2_DE,1,2025,,,,,,0.0774
EmissionActivityRatio,BAU,ECU,T5TRNFOI,,CO2_DE,1,2026,,,,,,0.0774
EmissionActivityRatio,BAU,ECU,T5TRNFOI,,CO2_DE,1,2027,,,,,,0.0774
EmissionActivityRatio,BAU,ECU,T5TRNFOI,,CO2_DE,1,2028,,,,,,0.0774
EmissionActivityRatio,BAU,ECU,T5TRNFOI,,CO2_DE,1,2029,,,,,,0.0774
EmissionActivityRatio,BAU,ECU,T5TRNFOI,,CO2_DE,1,2030,,,,,,0.0774
EmissionActivityRatio,BAU,ECU,T5TRNFOI,,CO2_DE,1,2031,,,,,,0.0774
EmissionActivityRatio,BAU,ECU,T5TRNFOI,,CO2_DE,1,2032,,,,,,0.0774
EmissionActivityRatio,BAU,ECU,T5TRNFOI,,CO2_DE,1,2033,,,,,,0.0774
EmissionActivityRatio,BAU,ECU,T5TRNFOI,,CO2_DE,1,2034,,,,,,0.0774
EmissionActivityRatio,BAU,ECU,T5TRNFOI,,CO2_DE,1,2035,,,,,,0.0774
EmissionActivityRatio,BAU,ECU,T5COMGSL,,CO2_DE,1,2010,,,,,,0.0693
EmissionActivityRatio,BAU,ECU,T5COMGSL,,CO2_DE,1,2011,,,,,,0.0693
EmissionActivityRatio,BAU,ECU,T5COMGSL,,CO2_DE,1,2012,,,,,,0.0693
EmissionActivityRatio,BAU,ECU,T5COMGSL,,CO2_DE,1,2013,,,,,,0.0693
EmissionActivityRatio,BAU,ECU,T5COMGSL,,CO2_DE,1,2014,,,,,,0.0693
EmissionActivityRatio,BAU,ECU,T5COMGSL,,CO2_DE,1,2015,,,,,,0.0693
EmissionActivityRatio,BAU,ECU,T5COMGSL,,CO2_DE,1,2016,,,,,,0.0693
EmissionActivityRatio,BAU,ECU,T5COMGSL,,CO2_DE,1,2017,,,,,,0.0693
EmissionActivityRatio,BAU,ECU,T5COMGSL,,CO2_DE,1,2018,,,,,,0.0693
EmissionActivityRatio,BAU,ECU,T5COMGSL,,CO2_DE,1,2019,,,,,,0.0693
EmissionActivityRatio,BAU,ECU,T5COMGSL,,CO2_DE,1,2020,,,,,,0.0693
EmissionActivityRatio,BAU,ECU,T5COMGSL,,CO2_DE,1,2021,,,,,,0.0693
EmissionActivityRatio,BAU,ECU,T5COMGSL,,CO2_DE,1,2022,,,,,,0.0693
EmissionActivityRatio,BAU,ECU,T5COMGSL,,CO2_DE,1,2023,,,,,,0.0693
EmissionActivityRatio,BAU,ECU,T5COMGSL,,CO2_DE,1,2024,,,,,,0.0693
EmissionActivityRatio,BAU,ECU,T5COMGSL,,CO2_DE,1,2025,,,,,,0.0693
EmissionActivityRatio,BAU,ECU,T5COMGSL,,CO2_DE,1,2026,,,,,,0.0693
EmissionActivityRatio,BAU,ECU,T5COMGSL,,CO2_DE,1,2027,,,,,,0.0693
EmissionActivityRatio,BAU,ECU,T5COMGSL,,CO2_DE,1,2028,,,,,,0.0693
EmissionActivityRatio,BAU,ECU,T5COMGSL,,CO2_DE,1,2029,,,,,,0.0693
EmissionActivityRatio,BAU,ECU,T5COMGSL,,CO2_DE,1,2030,,,,,,0.0693
EmissionActivityRatio,BAU,ECU,T5COMGSL,,CO2_DE,1,2031,,,,,,0.0693
EmissionActivityRatio,BAU,ECU,T5COMGSL,,CO2_DE,1,2032,,,,,,0.0693
EmissionActivityRatio,BAU,ECU,T5COMGSL,,CO2_DE,1,2033,,,,,,0.0693
EmissionActivityRatio,BAU,ECU,T5COMGSL,,CO2_DE,1,2034,,,,,,0.0693
EmissionActivityRatio,BAU,ECU,T5COMGSL,,CO2_DE,1,2035,,,,,,0.0693
EmissionActivityRatio,BAU,ECU,T5TAEGSL,,CO2_DE,1,2010,,,,,,0.07
EmissionActivityRatio,BAU,ECU,T5TAEGSL,,CO2_DE,1,2011,,,,,,0.07
EmissionActivityRatio,BAU,ECU,T5TAEGSL,,CO2_DE,1,2012,,,,,,0.07
EmissionActivityRatio,BAU,ECU,T5TAEGSL,,CO2_DE,1,2013,,,,,,0.07
EmissionActivityRatio,BAU,ECU,T5TAEGSL,,CO2_DE,1,2014,,,,,,0.07
EmissionActivityRatio,BAU,ECU,T5TAEGSL,,CO2_DE,1,2015,,,,,,0.07
EmissionActivityRatio,BAU,ECU,T5TAEGSL,,CO2_DE,1,2016,,,,,,0.07
EmissionActivityRatio,BAU,ECU,T5TAEGSL,,CO2_DE,1,2017,,,,,,0.07
EmissionActivityRatio,BAU,ECU,T5TAEGSL,,CO2_DE,1,2018,,,,,,0.07
EmissionActivityRatio,BAU,ECU,T5TAEGSL,,CO2_DE,1,2019,,,,,,0.07
EmissionActivityRatio,BAU,ECU,T5TAEGSL,,CO2_DE,1,2020,,,,,,0.07
EmissionActivityRatio,BAU,ECU,T5TAEGSL,,CO2_DE,1,2021,,,,,,0.07
EmissionActivityRatio,BAU,ECU,T5TAEGSL,,CO2_DE,1,2022,,,,,,0.07
EmissionActivityRatio,BAU,ECU,T5TAEGSL,,CO2_DE,1,2023,,,,,,0.07
EmissionActivityRatio,BAU,ECU,T5TAEGSL,,CO2_DE,1,2024,,,,,,0.07
EmissionActivityRatio,BAU,ECU,T5TAEGSL,,CO2_DE,1,2025,,,,,,0.07
EmissionActivityRatio,BAU,ECU,T5TAEGSL,,CO2_DE,1,2026,,,,,,0.07
EmissionActivityRatio,BAU,ECU,T5TAEGSL,,CO2_DE,1,2027,,,,,,0.07
EmissionActivityRatio,BAU,ECU,T5TAEGSL,,CO2_DE,1,2028,,,,,,0.07
EmissionActivityRatio,BAU,ECU,T5TAEGSL,,CO2_DE,1,2029,,,,,,0.07
EmissionActivityRatio,BAU,ECU,T5TAEGSL,,CO2_DE,1,2030,,,,,,0.07
EmissionActivityRatio,BAU,ECU,T5TAEGSL,,CO2_DE,1,2031,,,,,,0.07
EmissionActivityRatio,BAU,ECU,T5TAEGSL,,CO2_DE,1,2032,,,,,,0.07
EmissionActivityRatio,BAU,ECU,T5TAEGSL,,CO2_DE,1,2033,,,,,,0.07
EmissionActivityRatio,BAU,ECU,T5TAEGSL,,CO2_DE,1,2034,,,,,,0.07
EmissionActivityRatio,BAU,ECU,T5TAEGSL,,CO2_DE,1,2035,,,,,,0.07
EmissionActivityRatio,BAU,ECU,T5TMAGSL,,CO2_DE,1,2010,,,,,,0.0693
EmissionActivityRatio,BAU,ECU,T5TMAGSL,,CO2_DE,1,2011,,,,,,0.0693
EmissionActivityRatio,BAU,ECU,T5TMAGSL,,CO2_DE,1,2012,,,,,,0.0693
EmissionActivityRatio,BAU,ECU,T5TMAGSL,,CO2_DE,1,2013,,,,,,0.0693
EmissionActivityRatio,BAU,ECU,T5TMAGSL,,CO2_DE,1,2014,,,,,,0.0693
EmissionActivityRatio,BAU,ECU,T5TMAGSL,,CO2_DE,1,2015,,,,,,0.0693
EmissionActivityRatio,BAU,ECU,T5TMAGSL,,CO2_DE,1,2016,,,,,,0.0693
EmissionActivityRatio,BAU,ECU,T5TMAGSL,,CO2_DE,1,2017,,,,,,0.0693
EmissionActivityRatio,BAU,ECU,T5TMAGSL,,CO2_DE,1,2018,,,,,,0.0693
EmissionActivityRatio,BAU,ECU,T5TMAGSL,,CO2_DE,1,2019,,,,,,0.0693
EmissionActivityRatio,BAU,ECU,T5TMAGSL,,CO2_DE,1,2020,,,,,,0.0693
EmissionActivityRatio,BAU,ECU,T5TMAGSL,,CO2_DE,1,2021,,,,,,0.0693
EmissionActivityRatio,BAU,ECU,T5TMAGSL,,CO2_DE,1,2022,,,,,,0.0693
EmissionActivityRatio,BAU,ECU,T5TMAGSL,,CO2_DE,1,2023,,,,,,0.0693
EmissionActivityRatio,BAU,ECU,T5TMAGSL,,CO2_DE,1,2024,,,,,,0.0693
EmissionActivityRatio,BAU,ECU,T5TMAGSL,,CO2_DE,1,2025,,,,,,0.0693
EmissionActivityRatio,BAU,ECU,T5TMAGSL,,CO2_DE,1,2026,,,,,,0.0693
EmissionActivityRatio,BAU,ECU,T5TMAGSL,,CO2_DE,1,2027,,,,,,0.0693
EmissionActivityRatio,BAU,ECU,T5TMAGSL,,CO2_DE,1,2028,,,,,,0.0693
EmissionActivityRatio,BAU,ECU,T5TMAGSL,,CO2_DE,1,2029,,,,,,0.0693
EmissionActivityRatio,BAU,ECU,T5TMAGSL,,CO2_DE,1,2030,,,,,,0.0693
EmissionActivityRatio,BAU,ECU,T5TMAGSL,,CO2_DE,1,2031,,,,,,0.0693
EmissionActivityRatio,BAU,ECU,T5TMAGSL,,CO2_DE,1,2032,,,,,,0.0693
EmissionActivityRatio,BAU,ECU,T5TMAGSL,,CO2_DE,1,2033,,,,,,0.0693
EmissionActivityRatio,BAU,ECU,T5TMAGSL,,CO2_DE,1,2034,,,,,,0.0693
EmissionActivityRatio,BAU,ECU,T5TMAGSL,,CO2_DE,1,2035,,,,,,0.0693
EmissionActivityRatio,BAU,ECU,T5TCADSL,,CO2_DE,1,2010,,,,,,0.0741
EmissionActivityRatio,BAU,ECU,T5TCADSL,,CO2_DE,1,2011,,,,,,0.0741
EmissionActivityRatio,BAU,ECU,T5TCADSL,,CO2_DE,1,2012,,,,,,0.0741
EmissionActivityRatio,BAU,ECU,T5TCADSL,,CO2_DE,1,2013,,,,,,0.0741
EmissionActivityRatio,BAU,ECU,T5TCADSL,,CO2_DE,1,2014,,,,,,0.0741
EmissionActivityRatio,BAU,ECU,T5TCADSL,,CO2_DE,1,2015,,,,,,0.0741
EmissionActivityRatio,BAU,ECU,T5TCADSL,,CO2_DE,1,2016,,,,,,0.0741
EmissionActivityRatio,BAU,ECU,T5TCADSL,,CO2_DE,1,2017,,,,,,0.0741
EmissionActivityRatio,BAU,ECU,T5TCADSL,,CO2_DE,1,2018,,,,,,0.0741
EmissionActivityRatio,BAU,ECU,T5TCADSL,,CO2_DE,1,2019,,,,,,0.0741
EmissionActivityRatio,BAU,ECU,T5TCADSL,,CO2_DE,1,2020,,,,,,0.0741
EmissionActivityRatio,BAU,ECU,T5TCADSL,,CO2_DE,1,2021,,,,,,0.0741
EmissionActivityRatio,BAU,ECU,T5TCADSL,,CO2_DE,1,2022,,,,,,0.0741
EmissionActivityRatio,BAU,ECU,T5TCADSL,,CO2_DE,1,2023,,,,,,0.0741
EmissionActivityRatio,BAU,ECU,T5TCADSL,,CO2_DE,1,2024,,,,,,0.0741
EmissionActivityRatio,BAU,ECU,T5TCADSL,,CO2_DE,1,2025,,,,,,0.0741
EmissionActivityRatio,BAU,ECU,T5TCADSL,,CO2_DE,1,2026,,,,,,0.0741
EmissionActivityRatio,BAU,ECU,T5TCADSL,,CO2_DE,1,2027,,,,,,0.0741
EmissionActivityRatio,BAU,ECU,T5TCADSL,,CO2_DE,1,2028,,,,,,0.0741
EmissionActivityRatio,BAU,ECU,T5TCADSL,,CO2_DE,1,2029,,,,,,0.0741
EmissionActivityRatio,BAU,ECU,T5TCADSL,,CO2_DE,1,2030,,,,,,0.0741
EmissionActivityRatio,BAU,ECU,T5TCADSL,,CO2_DE,1,2031,,,,,,0.0741
EmissionActivityRatio,BAU,ECU,T5TCADSL,,CO2_DE,1,2032,,,,,,0.0741
EmissionActivityRatio,BAU,ECU,T5TCADSL,,CO2_DE,1,2033,,,,,,0.0741
EmissionActivityRatio,BAU,ECU,T5TCADSL,,CO2_DE,1,2034,,,,,,0.0741
EmissionActivityRatio,BAU,ECU,T5TCADSL,,CO2_DE,1,2035,,,,,,0.0741
EmissionActivityRatio,BAU,ECU,T5TCAGSL,,CO2_DE,1,2010,,,,,,0.0693
EmissionActivityRatio,BAU,ECU,T5TCAGSL,,CO2_DE,1,2011,,,,,,0.0693
EmissionActivityRatio,BAU,ECU,T5TCAGSL,,CO2_DE,1,2012,,,,,,0.0693
EmissionActivityRatio,BAU,ECU,T5TCAGSL,,CO2_DE,1,2013,,,,,,0.0693
EmissionActivityRatio,BAU,ECU,T5TCAGSL,,CO2_DE,1,2014,,,,,,0.0693
EmissionActivityRatio,BAU,ECU,T5TCAGSL,,CO2_DE,1,2015,,,,,,0.0693
EmissionActivityRatio,BAU,ECU,T5TCAGSL,,CO2_DE,1,2016,,,,,,0.0693
EmissionActivityRatio,BAU,ECU,T5TCAGSL,,CO2_DE,1,2017,,,,,,0.0693
EmissionActivityRatio,BAU,ECU,T5TCAGSL,,CO2_DE,1,2018,,,,,,0.0693
EmissionActivityRatio,BAU,ECU,T5TCAGSL,,CO2_DE,1,2019,,,,,,0.0693
EmissionActivityRatio,BAU,ECU,T5TCAGSL,,CO2_DE,1,2020,,,,,,0.0693
EmissionActivityRatio,BAU,ECU,T5TCAGSL,,CO2_DE,1,2021,,,,,,0.0693
EmissionActivityRatio,BAU,ECU,T5TCAGSL,,CO2_DE,1,2022,,,,,,0.0693
EmissionActivityRatio,BAU,ECU,T5TCAGSL,,CO2_DE,1,2023,,,,,,0.0693
EmissionActivityRatio,BAU,ECU,T5TCAGSL,,CO2_DE,1,2024,,,,,,0.0693
EmissionActivityRatio,BAU,ECU,T5TCAGSL,,CO2_DE,1,2025,,,,,,0.0693
EmissionActivityRatio,BAU,ECU,T5TCAGSL,,CO2_DE,1,2026,,,,,,0.0693
EmissionActivityRatio,BAU,ECU,T5TCAGSL,,CO2_DE,1,2027,,,,,,0.0693
EmissionActivityRatio,BAU,ECU,T5TCAGSL,,CO2_DE,1,2028,,,,,,0.0693
EmissionActivityRatio,BAU,ECU,T5TCAGSL,,CO2_DE,1,2029,,,,,,0.0693
EmissionActivityRatio,BAU,ECU,T5TCAGSL,,CO2_DE,1,2030,,,,,,0.0693
EmissionActivityRatio,BAU,ECU,T5TCAGSL,,CO2_DE,1,2031,,,,,,0.0693
EmissionActivityRatio,BAU,ECU,T5TCAGSL,,CO2_DE,1,2032,,,,,,0.0693
EmissionActivityRatio,BAU,ECU,T5TCAGSL,,CO2_DE,1,2033,,,,,,0.0693
EmissionActivityRatio,BAU,ECU,T5TCAGSL,,CO2_DE,1,2034,,,,,,0.0693
EmissionActivityRatio,BAU,ECU,T5TCAGSL,,CO2_DE,1,2035,,,,,,0.0693
EmissionActivityRatio,BAU,ECU,T5ALLTRNDSL,,CO2_DE,1,2010,,,,,,0.0741
EmissionActivityRatio,BAU,ECU,T5ALLTRNDSL,,CO2_DE,1,2011,,,,,,0.0741
EmissionActivityRatio,BAU,ECU,T5ALLTRNDSL,,CO2_DE,1,2012,,,,,,0.0741
EmissionActivityRatio,BAU,ECU,T5ALLTRNDSL,,CO2_DE,1,2013,,,,,,0.0741
EmissionActivityRatio,BAU,ECU,T5ALLTRNDSL,,CO2_DE,1,2014,,,,,,0.0741
EmissionActivityRatio,BAU,ECU,T5ALLTRNDSL,,CO2_DE,1,2015,,,,,,0.0741
EmissionActivityRatio,BAU,ECU,T5ALLTRNDSL,,CO2_DE,1,2016,,,,,,0.0741
EmissionActivityRatio,BAU,ECU,T5ALLTRNDSL,,CO2_DE,1,2017,,,,,,0.0741
EmissionActivityRatio,BAU,ECU,T5ALLTRNDSL,,CO2_DE,1,2018,,,,,,0.0741
EmissionActivityRatio,BAU,ECU,T5ALLTRNDSL,,CO2_DE,1,2019,,,,,,0.0741
EmissionActivityRatio,BAU,ECU,T5ALLTRNDSL,,CO2_DE,1,2020,,,,,,0.0741
EmissionActivityRatio,BAU,ECU,T5ALLTRNDSL,,CO2_DE,1,2021,,,,,,0.0741
EmissionActivityRatio,BAU,ECU,T5ALLTRNDSL,,CO2_DE,1,2022,,,,,,0.0741
EmissionActivityRatio,BAU,ECU,T5ALLTRNDSL,,CO2_DE,1,2023,,,,,,0.0741
EmissionActivityRatio,BAU,ECU,T5ALLTRNDSL,,CO2_DE,1,2024,,,,,,0.0741
EmissionActivityRatio,BAU,ECU,T5ALLTRNDSL,,CO2_DE,1,2025,,,,,,0.0741
EmissionActivityRatio,BAU,ECU,T5ALLTRNDSL,,CO2_DE,1,2026,,,,,,0.0741
EmissionActivityRatio,BAU,ECU,T5ALLTRNDSL,,CO2_DE,1,2027,,,,,,0.0741
EmissionActivityRatio,BAU,ECU,T5ALLTRNDSL,,CO2_DE,1,2028,,,,,,0.0741
EmissionActivityRatio,BAU,ECU,T5ALLTRNDSL,,CO2_DE,1,2029,,,,,,0.0741
EmissionActivityRatio,BAU,ECU,T5ALLTRNDSL,,CO2_DE,1,2030,,,,,,0.0741
EmissionActivityRatio,BAU,ECU,T5ALLTRNDSL,,CO2_DE,1,2031,,,,,,0.0741
EmissionActivityRatio,BAU,ECU,T5ALLTRNDSL,,CO2_DE,1,2032,,,,,,0.0741
EmissionActivityRatio,BAU,ECU,T5ALLTRNDSL,,CO2_DE,1,2033,,,,,,0.0741
EmissionActivityRatio,BAU,ECU,T5ALLTRNDSL,,CO2_DE,1,2034,,,,,,0.0741
EmissionActivityRatio,BAU,ECU,T5ALLTRNDSL,,CO2_DE,1,2035,,,,,,0.0741
EmissionActivityRatio,BAU,ECU,T5ALLTRNFOI,,CO2_DE,1,2010,,,,,,0.0774
EmissionActivityRatio,BAU,ECU,T5ALLTRNFOI,,CO2_DE,1,2011,,,,,,0.0774
EmissionActivityRatio,BAU,ECU,T5ALLTRNFOI,,CO2_DE,1,2012,,,,,,0.0774
EmissionActivityRatio,BAU,ECU,T5ALLTRNFOI,,CO2_DE,1,2013,,,,,,0.0774
EmissionActivityRatio,BAU,ECU,T5ALLTRNFOI,,CO2_DE,1,2014,,,,,,0.0774
EmissionActivityRatio,BAU,ECU,T5ALLTRNFOI,,CO2_DE,1,2015,,,,,,0.0774
EmissionActivityRatio,BAU,ECU,T5ALLTRNFOI,,CO2_DE,1,2016,,,,,,0.0774
EmissionActivityRatio,BAU,ECU,T5ALLTRNFOI,,CO2_DE,1,2017,,,,,,0.0774
EmissionActivityRatio,BAU,ECU,T5ALLTRNFOI,,CO2_DE,1,2018,,,,,,0.0774
EmissionActivityRatio,BAU,ECU,T5ALLTRNFOI,,CO2_DE,1,2019,,,,,,0.0774
EmissionActivityRatio,BAU,ECU,T5ALLTRNFOI,,CO2_DE,1,2020,,,,,,0.0774
EmissionActivityRatio,BAU,ECU,T5ALLTRNFOI,,CO2_DE,1,2021,,,,,,0.0774
EmissionActivityRatio,BAU,ECU,T5ALLTRNFOI,,CO2_DE,1,2022,,,,,,0.0774
EmissionActivityRatio,BAU,ECU,T5ALLTRNFOI,,CO2_DE,1,2023,,,,,,0.0774
EmissionActivityRatio,BAU,ECU,T5ALLTRNFOI,,CO2_DE,1,2024,,,,,,0.0774
EmissionActivityRatio,BAU,ECU,T5ALLTRNFOI,,CO2_DE,1,2025,,,,,,0.0774
EmissionActivityRatio,BAU,ECU,T5ALLTRNFOI,,CO2_DE,1,2026,,,,,,0.0774
EmissionActivityRatio,BAU,ECU,T5ALLTRNFOI,,CO2_DE,1,2027,,,,,,0.0774
EmissionActivityRatio,BAU,ECU,T5ALLTRNFOI,,CO2_DE,1,2028,,,,,,0.0774
EmissionActivityRatio,BAU,ECU,T5ALLTRNFOI,,CO2_DE,1,2029,,,,,,0.0774
EmissionActivityRatio,BAU,ECU,T5ALLTRNFOI,,CO2_DE,1,2030,,,,,,0.0774
EmissionActivityRatio,BAU,ECU,T5ALLTRNFOI,,CO2_DE,1,2031,,,,,,0.0774
EmissionActivityRatio,BAU,ECU,T5ALLTRNFOI,,CO2_DE,1,2032,,,,,,0.0774
EmissionActivityRatio,BAU,ECU,T5ALLTRNFOI,,CO2_DE,1,2033,,,,,,0.0774
EmissionActivityRatio,BAU,ECU,T5ALLTRNFOI,,CO2_DE,1,2034,,,,,,0.0774
EmissionActivityRatio,BAU,ECU,T5ALLTRNFOI,,CO2_DE,1,2035,,,,,,0.0774
EmissionActivityRatio,BAU,ECU,T5ALLTRNLPG,,CO2_DE,1,2010,,,,,,0.0631
EmissionActivityRatio,BAU,ECU,T5ALLTRNLPG,,CO2_DE,1,2011,,,,,,0.0631
EmissionActivityRatio,BAU,ECU,T5ALLTRNLPG,,CO2_DE,1,2012,,,,,,0.0631
EmissionActivityRatio,BAU,ECU,T5ALLTRNLPG,,CO2_DE,1,2013,,,,,,0.0631
EmissionActivityRatio,BAU,ECU,T5ALLTRNLPG,,CO2_DE,1,2014,,,,,,0.0631
EmissionActivityRatio,BAU,ECU,T5ALLTRNLPG,,CO2_DE,1,2015,,,,,,0.0631
EmissionActivityRatio,BAU,ECU,T5ALLTRNLPG,,CO2_DE,1,2016,,,,,,0.0631
EmissionActivityRatio,BAU,ECU,T5ALLTRNLPG,,CO2_DE,1,2017,,,,,,0.0631
EmissionActivityRatio,BAU,ECU,T5ALLTRNLPG,,CO2_DE,1,2018,,,,,,0.0631
EmissionActivityRatio,BAU,ECU,T5ALLTRNLPG,,CO2_DE,1,2019,,,,,,0.0631
EmissionActivityRatio,BAU,ECU,T5ALLTRNLPG,,CO2_DE,1,2020,,,,,,0.0631
EmissionActivityRatio,BAU,ECU,T5ALLTRNLPG,,CO2_DE,1,2021,,,,,,0.0631
EmissionActivityRatio,BAU,ECU,T5ALLTRNLPG,,CO2_DE,1,2022,,,,,,0.0631
EmissionActivityRatio,BAU,ECU,T5ALLTRNLPG,,CO2_DE,1,2023,,,,,,0.0631
EmissionActivityRatio,BAU,ECU,T5ALLTRNLPG,,CO2_DE,1,2024,,,,,,0.0631
EmissionActivityRatio,BAU,ECU,T5ALLTRNLPG,,CO2_DE,1,2025,,,,,,0.0631
EmissionActivityRatio,BAU,ECU,T5ALLTRNLPG,,CO2_DE,1,2026,,,,,,0.0631
EmissionActivityRatio,BAU,ECU,T5ALLTRNLPG,,CO2_DE,1,2027,,,,,,0.0631
EmissionActivityRatio,BAU,ECU,T5ALLTRNLPG,,CO2_DE,1,2028,,,,,,0.0631
EmissionActivityRatio,BAU,ECU,T5ALLTRNLPG,,CO2_DE,1,2029,,,,,,0.0631
EmissionActivityRatio,BAU,ECU,T5ALLTRNLPG,,CO2_DE,1,2030,,,,,,0.0631
EmissionActivityRatio,BAU,ECU,T5ALLTRNLPG,,CO2_DE,1,2031,,,,,,0.0631
EmissionActivityRatio,BAU,ECU,T5ALLTRNLPG,,CO2_DE,1,2032,,,,,,0.0631
EmissionActivityRatio,BAU,ECU,T5ALLTRNLPG,,CO2_DE,1,2033,,,,,,0.0631
EmissionActivityRatio,BAU,ECU,T5ALLTRNLPG,,CO2_DE,1,2034,,,,,,0.0631
EmissionActivityRatio,BAU,ECU,T5ALLTRNLPG,,CO2_DE,1,2035,,,,,,0.0631
EmissionActivityRatio,BAU,ECU,T5ALLTRNGSL,,CO2_DE,1,2010,,,,,,0.0693
EmissionActivityRatio,BAU,ECU,T5ALLTRNGSL,,CO2_DE,1,2011,,,,,,0.0693
EmissionActivityRatio,BAU,ECU,T5ALLTRNGSL,,CO2_DE,1,2012,,,,,,0.0693
EmissionActivityRatio,BAU,ECU,T5ALLTRNGSL,,CO2_DE,1,2013,,,,,,0.0693
EmissionActivityRatio,BAU,ECU,T5ALLTRNGSL,,CO2_DE,1,2014,,,,,,0.0693
EmissionActivityRatio,BAU,ECU,T5ALLTRNGSL,,CO2_DE,1,2015,,,,,,0.0693
EmissionActivityRatio,BAU,ECU,T5ALLTRNGSL,,CO2_DE,1,2016,,,,,,0.0693
EmissionActivityRatio,BAU,ECU,T5ALLTRNGSL,,CO2_DE,1,2017,,,,,,0.0693
EmissionActivityRatio,BAU,ECU,T5ALLTRNGSL,,CO2_DE,1,2018,,,,,,0.0693
EmissionActivityRatio,BAU,ECU,T5ALLTRNGSL,,CO2_DE,1,2019,,,,,,0.0693
EmissionActivityRatio,BAU,ECU,T5ALLTRNGSL,,CO2_DE,1,2020,,,,,,0.0693
EmissionActivityRatio,BAU,ECU,T5ALLTRNGSL,,CO2_DE,1,2021,,,,,,0.0693
EmissionActivityRatio,BAU,ECU,T5ALLTRNGSL,,CO2_DE,1,2022,,,,,,0.0693
EmissionActivityRatio,BAU,ECU,T5ALLTRNGSL,,CO2_DE,1,2023,,,,,,0.0693
EmissionActivityRatio,BAU,ECU,T5ALLTRNGSL,,CO2_DE,1,2024,,,,,,0.0693
EmissionActivityRatio,BAU,ECU,T5ALLTRNGSL,,CO2_DE,1,2025,,,,,,0.0693
EmissionActivityRatio,BAU,ECU,T5ALLTRNGSL,,CO2_DE,1,2026,,,,,,0.0693
EmissionActivityRatio,BAU,ECU,T5ALLTRNGSL,,CO2_DE,1,2027,,,,,,0.0693
EmissionActivityRatio,BAU,ECU,T5ALLTRNGSL,,CO2_DE,1,2028,,,,,,0.0693
EmissionActivityRatio,BAU,ECU,T5ALLTRNGSL,,CO2_DE,1,2029,,,,,,0.0693
EmissionActivityRatio,BAU,ECU,T5ALLTRNGSL,,CO2_DE,1,2030,,,,,,0.0693
EmissionActivityRatio,BAU,ECU,T5ALLTRNGSL,,CO2_DE,1,2031,,,,,,0.0693
EmissionActivityRatio,BAU,ECU,T5ALLTRNGSL,,CO2_DE,1,2032,,,,,,0.0693
EmissionActivityRatio,BAU,ECU,T5ALLTRNGSL,,CO2_DE,1,2033,,,,,,0.0693
EmissionActivityRatio,BAU,ECU,T5ALLTRNGSL,,CO2_DE,1,2034,,,,,,0.0693
EmissionActivityRatio,BAU,ECU,T5ALLTRNGSL,,CO2_DE,1,2035,,,,,,0.0693
EmissionActivityRatio,BAU,ECU,T5ALLTRNJET,,CO2_DE,1,2010,,,,,,0.0
EmissionActivityRatio,BAU,ECU,T5ALLTRNJET,,CO2_DE,1,2011,,,,,,0.0
EmissionActivityRatio,BAU,ECU,T5ALLTRNJET,,CO2_DE,1,2012,,,,,,0.0
EmissionActivityRatio,BAU,ECU,T5ALLTRNJET,,CO2_DE,1,2013,,,,,,0.0
EmissionActivityRatio,BAU,ECU,T5ALLTRNJET,,CO2_DE,1,2014,,,,,,0.0
EmissionActivityRatio,BAU,ECU,T5ALLTRNJET,,CO2_DE,1,2015,,,,,,0.0
EmissionActivityRatio,BAU,ECU,T5ALLTRNJET,,CO2_DE,1,2016,,,,,,0.0
EmissionActivityRatio,BAU,ECU,T5ALLTRNJET,,CO2_DE,1,2017,,,,,,0.0
EmissionActivityRatio,BAU,ECU,T5ALLTRNJET,,CO2_DE,1,2018,,,,,,0.0
EmissionActivityRatio,BAU,ECU,T5ALLTRNJET,,CO2_DE,1,2019,,,,,,0.0
EmissionActivityRatio,BAU,ECU,T5ALLTRNJET,,CO2_DE,1,2020,,,,,,0.0
EmissionActivityRatio,BAU,ECU,T5ALLTRNJET,,CO2_DE,1,2021,,,,,,0.0
EmissionActivityRatio,BAU,ECU,T5ALLTRNJET,,CO2_DE,1,2022,,,,,,0.0
EmissionActivityRatio,BAU,ECU,T5ALLTRNJET,,CO2_DE,1,2023,,,,,,0.0
EmissionActivityRatio,BAU,ECU,T5ALLTRNJET,,CO2_DE,1,2024,,,,,,0.0
EmissionActivityRatio,BAU,ECU,T5ALLTRNJET,,CO2_DE,1,2025,,,,,,0.0
EmissionActivityRatio,BAU,ECU,T5ALLTRNJET,,CO2_DE,1,2026,,,,,,0.0
EmissionActivityRatio,BAU,ECU,T5ALLTRNJET,,CO2_DE,1,2027,,,,,,0.0
EmissionActivityRatio,BAU,ECU,T5ALLTRNJET,,CO2_DE,1,2028,,,,,,0.0
EmissionActivityRatio,BAU,ECU,T5ALLTRNJET,,CO2_DE,1,2029,,,,,,0.0
EmissionActivityRatio,BAU,ECU,T5ALLTRNJET,,CO2_DE,1,2030,,,,,,0.0
EmissionActivityRatio,BAU,ECU,T5ALLTRNJET,,CO2_DE,1,2031,,,,,,0.0
EmissionActivityRatio,BAU,ECU,T5ALLTRNJET,,CO2_DE,1,2032,,,,,,0.0
EmissionActivityRatio,BAU,ECU,T5ALLTRNJET,,CO2_DE,1,2033,,,,,,0.0
EmissionActivityRatio,BAU,ECU,T5ALLTRNJET,,CO2_DE,1,2034,,,,,,0.0
EmissionActivityRatio,BAU,ECU,T5ALLTRNJET,,CO2_DE,1,2035,,,,,,0.0
EmissionActivityRatio,BAU,ECU,T5CONKER,,CO2_DE,1,2010,,,,,,0.0715
EmissionActivityRatio,BAU,ECU,T5CONKER,,CO2_DE,1,2011,,,,,,0.0715
EmissionActivityRatio,BAU,ECU,T5CONKER,,CO2_DE,1,2012,,,,,,0.0715
EmissionActivityRatio,BAU,ECU,T5CONKER,,CO2_DE,1,2013,,,,,,0.0715
EmissionActivityRatio,BAU,ECU,T5CONKER,,CO2_DE,1,2014,,,,,,0.0715
EmissionActivityRatio,BAU,ECU,T5CONKER,,CO2_DE,1,2015,,,,,,0.0715
EmissionActivityRatio,BAU,ECU,T5CONKER,,CO2_DE,1,2016,,,,,,0.0715
EmissionActivityRatio,BAU,ECU,T5CONKER,,CO2_DE,1,2017,,,,,,0.0715
EmissionActivityRatio,BAU,ECU,T5CONKER,,CO2_DE,1,2018,,,,,,0.0715
EmissionActivityRatio,BAU,ECU,T5CONKER,,CO2_DE,1,2019,,,,,,0.0715
EmissionActivityRatio,BAU,ECU,T5CONKER,,CO2_DE,1,2020,,,,,,0.0715
EmissionActivityRatio,BAU,ECU,T5CONKER,,CO2_DE,1,2021,,,,,,0.0715
EmissionActivityRatio,BAU,ECU,T5CONKER,,CO2_DE,1,2022,,,,,,0.0715
EmissionActivityRatio,BAU,ECU,T5CONKER,,CO2_DE,1,2023,,,,,,0.0715
EmissionActivityRatio,BAU,ECU,T5CONKER,,CO2_DE,1,2024,,,,,,0.0715
EmissionActivityRatio,BAU,ECU,T5CONKER,,CO2_DE,1,2025,,,,,,0.0715
EmissionActivityRatio,BAU,ECU,T5CONKER,,CO2_DE,1,2026,,,,,,0.0715
EmissionActivityRatio,BAU,ECU,T5CONKER,,CO2_DE,1,2027,,,,,,0.0715
EmissionActivityRatio,BAU,ECU,T5CONKER,,CO2_DE,1,2028,,,,,,0.0715
EmissionActivityRatio,BAU,ECU,T5CONKER,,CO2_DE,1,2029,,,,,,0.0715
EmissionActivityRatio,BAU,ECU,T5CONKER,,CO2_DE,1,2030,,,,,,0.0715
EmissionActivityRatio,BAU,ECU,T5CONKER,,CO2_DE,1,2031,,,,,,0.0715
EmissionActivityRatio,BAU,ECU,T5CONKER,,CO2_DE,1,2032,,,,,,0.0715
EmissionActivityRatio,BAU,ECU,T5CONKER,,CO2_DE,1,2033,,,,,,0.0715
EmissionActivityRatio,BAU,ECU,T5CONKER,,CO2_DE,1,2034,,,,,,0.0715
EmissionActivityRatio,BAU,ECU,T5CONKER,,CO2_DE,1,2035,,,,,,0.0715
EmissionActivityRatio,BAU,ECU,T5AGRDSL,,CO2_DE,1,2010,,,,,,0.0741
EmissionActivityRatio,BAU,ECU,T5AGRDSL,,CO2_DE,1,2011,,,,,,0.0741
EmissionActivityRatio,BAU,ECU,T5AGRDSL,,CO2_DE,1,2012,,,,,,0.0741
EmissionActivityRatio,BAU,ECU,T5AGRDSL,,CO2_DE,1,2013,,,,,,0.0741
EmissionActivityRatio,BAU,ECU,T5AGRDSL,,CO2_DE,1,2014,,,,,,0.0741
EmissionActivityRatio,BAU,ECU,T5AGRDSL,,CO2_DE,1,2015,,,,,,0.0741
EmissionActivityRatio,BAU,ECU,T5AGRDSL,,CO2_DE,1,2016,,,,,,0.0741
EmissionActivityRatio,BAU,ECU,T5AGRDSL,,CO2_DE,1,2017,,,,,,0.0741
EmissionActivityRatio,BAU,ECU,T5AGRDSL,,CO2_DE,1,2018,,,,,,0.0741
EmissionActivityRatio,BAU,ECU,T5AGRDSL,,CO2_DE,1,2019,,,,,,0.0741
EmissionActivityRatio,BAU,ECU,T5AGRDSL,,CO2_DE,1,2020,,,,,,0.0741
EmissionActivityRatio,BAU,ECU,T5AGRDSL,,CO2_DE,1,2021,,,,,,0.0741
EmissionActivityRatio,BAU,ECU,T5AGRDSL,,CO2_DE,1,2022,,,,,,0.0741
EmissionActivityRatio,BAU,ECU,T5AGRDSL,,CO2_DE,1,2023,,,,,,0.0741
EmissionActivityRatio,BAU,ECU,T5AGRDSL,,CO2_DE,1,2024,,,,,,0.0741
EmissionActivityRatio,BAU,ECU,T5AGRDSL,,CO2_DE,1,2025,,,,,,0.0741
EmissionActivityRatio,BAU,ECU,T5AGRDSL,,CO2_DE,1,2026,,,,,,0.0741
EmissionActivityRatio,BAU,ECU,T5AGRDSL,,CO2_DE,1,2027,,,,,,0.0741
EmissionActivityRatio,BAU,ECU,T5AGRDSL,,CO2_DE,1,2028,,,,,,0.0741
EmissionActivityRatio,BAU,ECU,T5AGRDSL,,CO2_DE,1,2029,,,,,,0.0741
EmissionActivityRatio,BAU,ECU,T5AGRDSL,,CO2_DE,1,2030,,,,,,0.0741
EmissionActivityRatio,BAU,ECU,T5AGRDSL,,CO2_DE,1,2031,,,,,,0.0741
EmissionActivityRatio,BAU,ECU,T5AGRDSL,,CO2_DE,1,2032,,,,,,0.0741
EmissionActivityRatio,BAU,ECU,T5AGRDSL,,CO2_DE,1,2033,,,,,,0.0741
EmissionActivityRatio,BAU,ECU,T5AGRDSL,,CO2_DE,1,2034,,,,,,0.0741
EmissionActivityRatio,BAU,ECU,T5AGRDSL,,CO2_DE,1,2035,,,,,,0.0741
EmissionActivityRatio,BAU,ECU,T5AGRLPG,,CO2_DE,1,2010,,,,,,0.0631
EmissionActivityRatio,BAU,ECU,T5AGRLPG,,CO2_DE,1,2011,,,,,,0.0631
EmissionActivityRatio,BAU,ECU,T5AGRLPG,,CO2_DE,1,2012,,,,,,0.0631
EmissionActivityRatio,BAU,ECU,T5AGRLPG,,CO2_DE,1,2013,,,,,,0.0631
EmissionActivityRatio,BAU,ECU,T5AGRLPG,,CO2_DE,1,2014,,,,,,0.0631
EmissionActivityRatio,BAU,ECU,T5AGRLPG,,CO2_DE,1,2015,,,,,,0.0631
EmissionActivityRatio,BAU,ECU,T5AGRLPG,,CO2_DE,1,2016,,,,,,0.0631
EmissionActivityRatio,BAU,ECU,T5AGRLPG,,CO2_DE,1,2017,,,,,,0.0631
EmissionActivityRatio,BAU,ECU,T5AGRLPG,,CO2_DE,1,2018,,,,,,0.0631
EmissionActivityRatio,BAU,ECU,T5AGRLPG,,CO2_DE,1,2019,,,,,,0.0631
EmissionActivityRatio,BAU,ECU,T5AGRLPG,,CO2_DE,1,2020,,,,,,0.0631
EmissionActivityRatio,BAU,ECU,T5AGRLPG,,CO2_DE,1,2021,,,,,,0.0631
EmissionActivityRatio,BAU,ECU,T5AGRLPG,,CO2_DE,1,2022,,,,,,0.0631
EmissionActivityRatio,BAU,ECU,T5AGRLPG,,CO2_DE,1,2023,,,,,,0.0631
EmissionActivityRatio,BAU,ECU,T5AGRLPG,,CO2_DE,1,2024,,,,,,0.0631
EmissionActivityRatio,BAU,ECU,T5AGRLPG,,CO2_DE,1,2025,,,,,,0.0631
EmissionActivityRatio,BAU,ECU,T5AGRLPG,,CO2_DE,1,2026,,,,,,0.0631
EmissionActivityRatio,BAU,ECU,T5AGRLPG,,CO2_DE,1,2027,,,,,,0.0631
EmissionActivityRatio,BAU,ECU,T5AGRLPG,,CO2_DE,1,2028,,,,,,0.0631
EmissionActivityRatio,BAU,ECU,T5AGRLPG,,CO2_DE,1,2029,,,,,,0.0631
EmissionActivityRatio,BAU,ECU,T5AGRLPG,,CO2_DE,1,2030,,,,,,0.0631
EmissionActivityRatio,BAU,ECU,T5AGRLPG,,CO2_DE,1,2031,,,,,,0.0631
EmissionActivityRatio,BAU,ECU,T5AGRLPG,,CO2_DE,1,2032,,,,,,0.0631
EmissionActivityRatio,BAU,ECU,T5AGRLPG,,CO2_DE,1,2033,,,,,,0.0631
EmissionActivityRatio,BAU,ECU,T5AGRLPG,,CO2_DE,1,2034,,,,,,0.0631
EmissionActivityRatio,BAU,ECU,T5AGRLPG,,CO2_DE,1,2035,,,,,,0.0631
EmissionActivityRatio,BAU,ECU,T5AGRGSL,,CO2_DE,1,2010,,,,,,0.0693
EmissionActivityRatio,BAU,ECU,T5AGRGSL,,CO2_DE,1,2011,,,,,,0.0693
EmissionActivityRatio,BAU,ECU,T5AGRGSL,,CO2_DE,1,2012,,,,,,0.0693
EmissionActivityRatio,BAU,ECU,T5AGRGSL,,CO2_DE,1,2013,,,,,,0.0693
EmissionActivityRatio,BAU,ECU,T5AGRGSL,,CO2_DE,1,2014,,,,,,0.0693
EmissionActivityRatio,BAU,ECU,T5AGRGSL,,CO2_DE,1,2015,,,,,,0.0693
EmissionActivityRatio,BAU,ECU,T5AGRGSL,,CO2_DE,1,2016,,,,,,0.0693
EmissionActivityRatio,BAU,ECU,T5AGRGSL,,CO2_DE,1,2017,,,,,,0.0693
EmissionActivityRatio,BAU,ECU,T5AGRGSL,,CO2_DE,1,2018,,,,,,0.0693
EmissionActivityRatio,BAU,ECU,T5AGRGSL,,CO2_DE,1,2019,,,,,,0.0693
EmissionActivityRatio,BAU,ECU,T5AGRGSL,,CO2_DE,1,2020,,,,,,0.0693
EmissionActivityRatio,BAU,ECU,T5AGRGSL,,CO2_DE,1,2021,,,,,,0.0693
EmissionActivityRatio,BAU,ECU,T5AGRGSL,,CO2_DE,1,2022,,,,,,0.0693
EmissionActivityRatio,BAU,ECU,T5AGRGSL,,CO2_DE,1,2023,,,,,,0.0693
EmissionActivityRatio,BAU,ECU,T5AGRGSL,,CO2_DE,1,2024,,,,,,0.0693
EmissionActivityRatio,BAU,ECU,T5AGRGSL,,CO2_DE,1,2025,,,,,,0.0693
EmissionActivityRatio,BAU,ECU,T5AGRGSL,,CO2_DE,1,2026,,,,,,0.0693
EmissionActivityRatio,BAU,ECU,T5AGRGSL,,CO2_DE,1,2027,,,,,,0.0693
EmissionActivityRatio,BAU,ECU,T5AGRGSL,,CO2_DE,1,2028,,,,,,0.0693
EmissionActivityRatio,BAU,ECU,T5AGRGSL,,CO2_DE,1,2029,,,,,,0.0693
EmissionActivityRatio,BAU,ECU,T5AGRGSL,,CO2_DE,1,2030,,,,,,0.0693
EmissionActivityRatio,BAU,ECU,T5AGRGSL,,CO2_DE,1,2031,,,,,,0.0693
EmissionActivityRatio,BAU,ECU,T5AGRGSL,,CO2_DE,1,2032,,,,,,0.0693
EmissionActivityRatio,BAU,ECU,T5AGRGSL,,CO2_DE,1,2033,,,,,,0.0693
EmissionActivityRatio,BAU,ECU,T5AGRGSL,,CO2_DE,1,2034,,,,,,0.0693
EmissionActivityRatio,BAU,ECU,T5AGRGSL,,CO2_DE,1,2035,,,,,,0.0693
EmissionActivityRatio,BAU,ECU,T5AGROTP,,CO2_DE,1,2010,,,,,,0.0
EmissionActivityRatio,BAU,ECU,T5AGROTP,,CO2_DE,1,2011,,,,,,0.0
EmissionActivityRatio,BAU,ECU,T5AGROTP,,CO2_DE,1,2012,,,,,,0.0
EmissionActivityRatio,BAU,ECU,T5AGROTP,,CO2_DE,1,2013,,,,,,0.0
EmissionActivityRatio,BAU,ECU,T5AGROTP,,CO2_DE,1,2014,,,,,,0.0
EmissionActivityRatio,BAU,ECU,T5AGROTP,,CO2_DE,1,2015,,,,,,0.0
EmissionActivityRatio,BAU,ECU,T5AGROTP,,CO2_DE,1,2016,,,,,,0.0
EmissionActivityRatio,BAU,ECU,T5AGROTP,,CO2_DE,1,2017,,,,,,0.0
EmissionActivityRatio,BAU,ECU,T5AGROTP,,CO2_DE,1,2018,,,,,,0.0
EmissionActivityRatio,BAU,ECU,T5AGROTP,,CO2_DE,1,2019,,,,,,0.0
EmissionActivityRatio,BAU,ECU,T5AGROTP,,CO2_DE,1,2020,,,,,,0.0
EmissionActivityRatio,BAU,ECU,T5AGROTP,,CO2_DE,1,2021,,,,,,0.0
EmissionActivityRatio,BAU,ECU,T5AGROTP,,CO2_DE,1,2022,,,,,,0.0
EmissionActivityRatio,BAU,ECU,T5AGROTP,,CO2_DE,1,2023,,,,,,0.0
EmissionActivityRatio,BAU,ECU,T5AGROTP,,CO2_DE,1,2024,,,,,,0.0
EmissionActivityRatio,BAU,ECU,T5AGROTP,,CO2_DE,1,2025,,,,,,0.0
EmissionActivityRatio,BAU,ECU,T5AGROTP,,CO2_DE,1,2026,,,,,,0.0
EmissionActivityRatio,BAU,ECU,T5AGROTP,,CO2_DE,1,2027,,,,,,0.0
EmissionActivityRatio,BAU,ECU,T5AGROTP,,CO2_DE,1,2028,,,,,,0.0
EmissionActivityRatio,BAU,ECU,T5AGROTP,,CO2_DE,1,2029,,,,,,0.0
EmissionActivityRatio,BAU,ECU,T5AGROTP,,CO2_DE,1,2030,,,,,,0.0
EmissionActivityRatio,BAU,ECU,T5AGROTP,,CO2_DE,1,2031,,,,,,0.0
EmissionActivityRatio,BAU,ECU,T5AGROTP,,CO2_DE,1,2032,,,,,,0.0
EmissionActivityRatio,BAU,ECU,T5AGROTP,,CO2_DE,1,2033,,,,,,0.0
EmissionActivityRatio,BAU,ECU,T5AGROTP,,CO2_DE,1,2034,,,,,,0.0
EmissionActivityRatio,BAU,ECU,T5AGROTP,,CO2_DE,1,2035,,,,,,0.0
EmissionActivityRatio,BAU,ECU,T5VEGWAS,,CO2_DE,1,2010,,,,,,0.0
EmissionActivityRatio,BAU,ECU,T5VEGWAS,,CO2_DE,1,2011,,,,,,0.0
EmissionActivityRatio,BAU,ECU,T5VEGWAS,,CO2_DE,1,2012,,,,,,0.0
EmissionActivityRatio,BAU,ECU,T5VEGWAS,,CO2_DE,1,2013,,,,,,0.0
EmissionActivityRatio,BAU,ECU,T5VEGWAS,,CO2_DE,1,2014,,,,,,0.0
EmissionActivityRatio,BAU,ECU,T5VEGWAS,,CO2_DE,1,2015,,,,,,0.0
EmissionActivityRatio,BAU,ECU,T5VEGWAS,,CO2_DE,1,2016,,,,,,0.0
EmissionActivityRatio,BAU,ECU,T5VEGWAS,,CO2_DE,1,2017,,,,,,0.0
EmissionActivityRatio,BAU,ECU,T5VEGWAS,,CO2_DE,1,2018,,,,,,0.0
EmissionActivityRatio,BAU,ECU,T5VEGWAS,,CO2_DE,1,2019,,,,,,0.0
EmissionActivityRatio,BAU,ECU,T5VEGWAS,,CO2_DE,1,2020,,,,,,0.0
EmissionActivityRatio,BAU,ECU,T5VEGWAS,,CO2_DE,1,2021,,,,,,0.0
EmissionActivityRatio,BAU,ECU,T5VEGWAS,,CO2_DE,1,2022,,,,,,0.0
EmissionActivityRatio,BAU,ECU,T5VEGWAS,,CO2_DE,1,2023,,,,,,0.0
EmissionActivityRatio,BAU,ECU,T5VEGWAS,,CO2_DE,1,2024,,,,,,0.0
EmissionActivityRatio,BAU,ECU,T5VEGWAS,,CO2_DE,1,2025,,,,,,0.0
EmissionActivityRatio,BAU,ECU,T5VEGWAS,,CO2_DE,1,2026,,,,,,0.0
EmissionActivityRatio,BAU,ECU,T5VEGWAS,,CO2_DE,1,2027,,,,,,0.0
EmissionActivityRatio,BAU,ECU,T5VEGWAS,,CO2_DE,1,2028,,,,,,0.0
EmissionActivityRatio,BAU,ECU,T5VEGWAS,,CO2_DE,1,2029,,,,,,0.0
EmissionActivityRatio,BAU,ECU,T5VEGWAS,,CO2_DE,1,2030,,,,,,0.0
EmissionActivityRatio,BAU,ECU,T5VEGWAS,,CO2_DE,1,2031,,,,,,0.0
EmissionActivityRatio,BAU,ECU,T5VEGWAS,,CO2_DE,1,2032,,,,,,0.0
EmissionActivityRatio,BAU,ECU,T5VEGWAS,,CO2_DE,1,2033,,,,,,0.0
EmissionActivityRatio,BAU,ECU,T5VEGWAS,,CO2_DE,1,2034,,,,,,0.0
EmissionActivityRatio,BAU,ECU,T5VEGWAS,,CO2_DE,1,2035,,,,,,0.0
EmissionActivityRatio,BAU,ECU,T5DSLCOM,,CH4_DE,1,2010,,,,,,3e-06
EmissionActivityRatio,BAU,ECU,T5DSLCOM,,CH4_DE,1,2011,,,,,,3e-06
EmissionActivityRatio,BAU,ECU,T5DSLCOM,,CH4_DE,1,2012,,,,,,3e-06
EmissionActivityRatio,BAU,ECU,T5DSLCOM,,CH4_DE,1,2013,,,,,,3e-06
EmissionActivityRatio,BAU,ECU,T5DSLCOM,,CH4_DE,1,2014,,,,,,3e-06
EmissionActivityRatio,BAU,ECU,T5DSLCOM,,CH4_DE,1,2015,,,,,,3e-06
EmissionActivityRatio,BAU,ECU,T5DSLCOM,,CH4_DE,1,2016,,,,,,3e-06
EmissionActivityRatio,BAU,ECU,T5DSLCOM,,CH4_DE,1,2017,,,,,,3e-06
EmissionActivityRatio,BAU,ECU,T5DSLCOM,,CH4_DE,1,2018,,,,,,3e-06
EmissionActivityRatio,BAU,ECU,T5DSLCOM,,CH4_DE,1,2019,,,,,,3e-06
EmissionActivityRatio,BAU,ECU,T5DSLCOM,,CH4_DE,1,2020,,,,,,3e-06
EmissionActivityRatio,BAU,ECU,T5DSLCOM,,CH4_DE,1,2021,,,,,,3e-06
EmissionActivityRatio,BAU,ECU,T5DSLCOM,,CH4_DE,1,2022,,,,,,3e-06
EmissionActivityRatio,BAU,ECU,T5DSLCOM,,CH4_DE,1,2023,,,,,,3e-06
EmissionActivityRatio,BAU,ECU,T5DSLCOM,,CH4_DE,1,2024,,,,,,3e-06
EmissionActivityRatio,BAU,ECU,T5DSLCOM,,CH4_DE,1,2025,,,,,,3e-06
EmissionActivityRatio,BAU,ECU,T5DSLCOM,,CH4_DE,1,2026,,,,,,3e-06
EmissionActivityRatio,BAU,ECU,T5DSLCOM,,CH4_DE,1,2027,,,,,,3e-06
EmissionActivityRatio,BAU,ECU,T5DSLCOM,,CH4_DE,1,2028,,,,,,3e-06
EmissionActivityRatio,BAU,ECU,T5DSLCOM,,CH4_DE,1,2029,,,,,,3e-06
EmissionActivityRatio,BAU,ECU,T5DSLCOM,,CH4_DE,1,2030,,,,,,3e-06
EmissionActivityRatio,BAU,ECU,T5DSLCOM,,CH4_DE,1,2031,,,,,,3e-06
EmissionActivityRatio,BAU,ECU,T5DSLCOM,,CH4_DE,1,2032,,,,,,3e-06
EmissionActivityRatio,BAU,ECU,T5DSLCOM,,CH4_DE,1,2033,,,,,,3e-06
EmissionActivityRatio,BAU,ECU,T5DSLCOM,,CH4_DE,1,2034,,,,,,3e-06
EmissionActivityRatio,BAU,ECU,T5DSLCOM,,CH4_DE,1,2035,,,,,,3e-06
EmissionActivityRatio,BAU,ECU,T5LPGCOM,,CH4_DE,1,2010,,,,,,1e-06
EmissionActivityRatio,BAU,ECU,T5LPGCOM,,CH4_DE,1,2011,,,,,,1e-06
EmissionActivityRatio,BAU,ECU,T5LPGCOM,,CH4_DE,1,2012,,,,,,1e-06
EmissionActivityRatio,BAU,ECU,T5LPGCOM,,CH4_DE,1,2013,,,,,,1e-06
EmissionActivityRatio,BAU,ECU,T5LPGCOM,,CH4_DE,1,2014,,,,,,1e-06
EmissionActivityRatio,BAU,ECU,T5LPGCOM,,CH4_DE,1,2015,,,,,,1e-06
EmissionActivityRatio,BAU,ECU,T5LPGCOM,,CH4_DE,1,2016,,,,,,1e-06
EmissionActivityRatio,BAU,ECU,T5LPGCOM,,CH4_DE,1,2017,,,,,,1e-06
EmissionActivityRatio,BAU,ECU,T5LPGCOM,,CH4_DE,1,2018,,,,,,1e-06
EmissionActivityRatio,BAU,ECU,T5LPGCOM,,CH4_DE,1,2019,,,,,,1e-06
EmissionActivityRatio,BAU,ECU,T5LPGCOM,,CH4_DE,1,2020,,,,,,1e-06
EmissionActivityRatio,BAU,ECU,T5LPGCOM,,CH4_DE,1,2021,,,,,,1e-06
EmissionActivityRatio,BAU,ECU,T5LPGCOM,,CH4_DE,1,2022,,,,,,1e-06
EmissionActivityRatio,BAU,ECU,T5LPGCOM,,CH4_DE,1,2023,,,,,,1e-06
EmissionActivityRatio,BAU,ECU,T5LPGCOM,,CH4_DE,1,2024,,,,,,1e-06
EmissionActivityRatio,BAU,ECU,T5LPGCOM,,CH4_DE,1,2025,,,,,,1e-06
EmissionActivityRatio,BAU,ECU,T5LPGCOM,,CH4_DE,1,2026,,,,,,1e-06
EmissionActivityRatio,BAU,ECU,T5LPGCOM,,CH4_DE,1,2027,,,,,,1e-06
EmissionActivityRatio,BAU,ECU,T5LPGCOM,,CH4_DE,1,2028,,,,,,1e-06
EmissionActivityRatio,BAU,ECU,T5LPGCOM,,CH4_DE,1,2029,,,,,,1e-06
EmissionActivityRatio,BAU,ECU,T5LPGCOM,,CH4_DE,1,2030,,,,,,1e-06
EmissionActivityRatio,BAU,ECU,T5LPGCOM,,CH4_DE,1,2031,,,,,,1e-06
EmissionActivityRatio,BAU,ECU,T5LPGCOM,,CH4_DE,1,2032,,,,,,1e-06
EmissionActivityRatio,BAU,ECU,T5LPGCOM,,CH4_DE,1,2033,,,,,,1e-06
EmissionActivityRatio,BAU,ECU,T5LPGCOM,,CH4_DE,1,2034,,,,,,1e-06
EmissionActivityRatio,BAU,ECU,T5LPGCOM,,CH4_DE,1,2035,,,,,,1e-06
EmissionActivityRatio,BAU,ECU,T5ELECOM,,CH4_DE,1,2010,,,,,,0.0
EmissionActivityRatio,BAU,ECU,T5ELECOM,,CH4_DE,1,2011,,,,,,0.0
EmissionActivityRatio,BAU,ECU,T5ELECOM,,CH4_DE,1,2012,,,,,,0.0
EmissionActivityRatio,BAU,ECU,T5ELECOM,,CH4_DE,1,2013,,,,,,0.0
EmissionActivityRatio,BAU,ECU,T5ELECOM,,CH4_DE,1,2014,,,,,,0.0
EmissionActivityRatio,BAU,ECU,T5ELECOM,,CH4_DE,1,2015,,,,,,0.0
EmissionActivityRatio,BAU,ECU,T5ELECOM,,CH4_DE,1,2016,,,,,,0.0
EmissionActivityRatio,BAU,ECU,T5ELECOM,,CH4_DE,1,2017,,,,,,0.0
EmissionActivityRatio,BAU,ECU,T5ELECOM,,CH4_DE,1,2018,,,,,,0.0
EmissionActivityRatio,BAU,ECU,T5ELECOM,,CH4_DE,1,2019,,,,,,0.0
EmissionActivityRatio,BAU,ECU,T5ELECOM,,CH4_DE,1,2020,,,,,,0.0
EmissionActivityRatio,BAU,ECU,T5ELECOM,,CH4_DE,1,2021,,,,,,0.0
EmissionActivityRatio,BAU,ECU,T5ELECOM,,CH4_DE,1,2022,,,,,,0.0
EmissionActivityRatio,BAU,ECU,T5ELECOM,,CH4_DE,1,2023,,,,,,0.0
EmissionActivityRatio,BAU,ECU,T5ELECOM,,CH4_DE,1,2024,,,,,,0.0
EmissionActivityRatio,BAU,ECU,T5ELECOM,,CH4_DE,1,2025,,,,,,0.0
EmissionActivityRatio,BAU,ECU,T5ELECOM,,CH4_DE,1,2026,,,,,,0.0
EmissionActivityRatio,BAU,ECU,T5ELECOM,,CH4_DE,1,2027,,,,,,0.0
EmissionActivityRatio,BAU,ECU,T5ELECOM,,CH4_DE,1,2028,,,,,,0.0
EmissionActivityRatio,BAU,ECU,T5ELECOM,,CH4_DE,1,2029,,,,,,0.0
EmissionActivityRatio,BAU,ECU,T5ELECOM,,CH4_DE,1,2030,,,,,,0.0
EmissionActivityRatio,BAU,ECU,T5ELECOM,,CH4_DE,1,2031,,,,,,0.0
EmissionActivityRatio,BAU,ECU,T5ELECOM,,CH4_DE,1,2032,,,,,,0.0
EmissionActivityRatio,BAU,ECU,T5ELECOM,,CH4_DE,1,2033,,,,,,0.0
EmissionActivityRatio,BAU,ECU,T5ELECOM,,CH4_DE,1,2034,,,,,,0.0
EmissionActivityRatio,BAU,ECU,T5ELECOM,,CH4_DE,1,2035,,,,,,0.0
EmissionActivityRatio,BAU,ECU,T5FOICOM,,CH4_DE,1,2010,,,,,,3e-06
EmissionActivityRatio,BAU,ECU,T5FOICOM,,CH4_DE,1,2011,,,,,,3e-06
EmissionActivityRatio,BAU,ECU,T5FOICOM,,CH4_DE,1,2012,,,,,,3e-06
EmissionActivityRatio,BAU,ECU,T5FOICOM,,CH4_DE,1,2013,,,,,,3e-06
EmissionActivityRatio,BAU,ECU,T5FOICOM,,CH4_DE,1,2014,,,,,,3e-06
EmissionActivityRatio,BAU,ECU,T5FOICOM,,CH4_DE,1,2015,,,,,,3e-06
EmissionActivityRatio,BAU,ECU,T5FOICOM,,CH4_DE,1,2016,,,,,,3e-06
EmissionActivityRatio,BAU,ECU,T5FOICOM,,CH4_DE,1,2017,,,,,,3e-06
EmissionActivityRatio,BAU,ECU,T5FOICOM,,CH4_DE,1,2018,,,,,,3e-06
EmissionActivityRatio,BAU,ECU,T5FOICOM,,CH4_DE,1,2019,,,,,,3e-06
EmissionActivityRatio,BAU,ECU,T5FOICOM,,CH4_DE,1,2020,,,,,,3e-06
EmissionActivityRatio,BAU,ECU,T5FOICOM,,CH4_DE,1,2021,,,,,,3e-06
EmissionActivityRatio,BAU,ECU,T5FOICOM,,CH4_DE,1,2022,,,,,,3e-06
EmissionActivityRatio,BAU,ECU,T5FOICOM,,CH4_DE,1,2023,,,,,,3e-06
EmissionActivityRatio,BAU,ECU,T5FOICOM,,CH4_DE,1,2024,,,,,,3e-06
EmissionActivityRatio,BAU,ECU,T5FOICOM,,CH4_DE,1,2025,,,,,,3e-06
EmissionActivityRatio,BAU,ECU,T5FOICOM,,CH4_DE,1,2026,,,,,,3e-06
EmissionActivityRatio,BAU,ECU,T5FOICOM,,CH4_DE,1,2027,,,,,,3e-06
EmissionActivityRatio,BAU,ECU,T5FOICOM,,CH4_DE,1,2028,,,,,,3e-06
EmissionActivityRatio,BAU,ECU,T5FOICOM,,CH4_DE,1,2029,,,,,,3e-06
EmissionActivityRatio,BAU,ECU,T5FOICOM,,CH4_DE,1,2030,,,,,,3e-06
EmissionActivityRatio,BAU,ECU,T5FOICOM,,CH4_DE,1,2031,,,,,,3e-06
EmissionActivityRatio,BAU,ECU,T5FOICOM,,CH4_DE,1,2032,,,,,,3e-06
EmissionActivityRatio,BAU,ECU,T5FOICOM,,CH4_DE,1,2033,,,,,,3e-06
EmissionActivityRatio,BAU,ECU,T5FOICOM,,CH4_DE,1,2034,,,,,,3e-06
EmissionActivityRatio,BAU,ECU,T5FOICOM,,CH4_DE,1,2035,,,,,,3e-06
EmissionActivityRatio,BAU,ECU,T5NGSRES,,CH4_DE,1,2010,,,,,,1e-06
EmissionActivityRatio,BAU,ECU,T5NGSRES,,CH4_DE,1,2011,,,,,,1e-06
EmissionActivityRatio,BAU,ECU,T5NGSRES,,CH4_DE,1,2012,,,,,,1e-06
EmissionActivityRatio,BAU,ECU,T5NGSRES,,CH4_DE,1,2013,,,,,,1e-06
EmissionActivityRatio,BAU,ECU,T5NGSRES,,CH4_DE,1,2014,,,,,,1e-06
EmissionActivityRatio,BAU,ECU,T5NGSRES,,CH4_DE,1,2015,,,,,,1e-06
EmissionActivityRatio,BAU,ECU,T5NGSRES,,CH4_DE,1,2016,,,,,,1e-06
EmissionActivityRatio,BAU,ECU,T5NGSRES,,CH4_DE,1,2017,,,,,,1e-06
EmissionActivityRatio,BAU,ECU,T5NGSRES,,CH4_DE,1,2018,,,,,,1e-06
EmissionActivityRatio,BAU,ECU,T5NGSRES,,CH4_DE,1,2019,,,,,,1e-06
EmissionActivityRatio,BAU,ECU,T5NGSRES,,CH4_DE,1,2020,,,,,,1e-06
EmissionActivityRatio,BAU,ECU,T5NGSRES,,CH4_DE,1,2021,,,,,,1e-06
EmissionActivityRatio,BAU,ECU,T5NGSRES,,CH4_DE,1,2022,,,,,,1e-06
EmissionActivityRatio,BAU,ECU,T5NGSRES,,CH4_DE,1,2023,,,,,,1e-06
EmissionActivityRatio,BAU,ECU,T5NGSRES,,CH4_DE,1,2024,,,,,,1e-06
EmissionActivityRatio,BAU,ECU,T5NGSRES,,CH4_DE,1,2025,,,,,,1e-06
EmissionActivityRatio,BAU,ECU,T5NGSRES,,CH4_DE,1,2026,,,,,,1e-06
EmissionActivityRatio,BAU,ECU,T5NGSRES,,CH4_DE,1,2027,,,,,,1e-06
EmissionActivityRatio,BAU,ECU,T5NGSRES,,CH4_DE,1,2028,,,,,,1e-06
EmissionActivityRatio,BAU,ECU,T5NGSRES,,CH4_DE,1,2029,,,,,,1e-06
EmissionActivityRatio,BAU,ECU,T5NGSRES,,CH4_DE,1,2030,,,,,,1e-06
EmissionActivityRatio,BAU,ECU,T5NGSRES,,CH4_DE,1,2031,,,,,,1e-06
EmissionActivityRatio,BAU,ECU,T5NGSRES,,CH4_DE,1,2032,,,,,,1e-06
EmissionActivityRatio,BAU,ECU,T5NGSRES,,CH4_DE,1,2033,,,,,,1e-06
EmissionActivityRatio,BAU,ECU,T5NGSRES,,CH4_DE,1,2034,,,,,,1e-06
EmissionActivityRatio,BAU,ECU,T5NGSRES,,CH4_DE,1,2035,,,,,,1e-06
EmissionActivityRatio,BAU,ECU,T5GSLRES,,CH4_DE,1,2010,,,,,,3e-06
EmissionActivityRatio,BAU,ECU,T5GSLRES,,CH4_DE,1,2011,,,,,,3e-06
EmissionActivityRatio,BAU,ECU,T5GSLRES,,CH4_DE,1,2012,,,,,,3e-06
EmissionActivityRatio,BAU,ECU,T5GSLRES,,CH4_DE,1,2013,,,,,,3e-06
EmissionActivityRatio,BAU,ECU,T5GSLRES,,CH4_DE,1,2014,,,,,,3e-06
EmissionActivityRatio,BAU,ECU,T5GSLRES,,CH4_DE,1,2015,,,,,,3e-06
EmissionActivityRatio,BAU,ECU,T5GSLRES,,CH4_DE,1,2016,,,,,,3e-06
EmissionActivityRatio,BAU,ECU,T5GSLRES,,CH4_DE,1,2017,,,,,,3e-06
EmissionActivityRatio,BAU,ECU,T5GSLRES,,CH4_DE,1,2018,,,,,,3e-06
EmissionActivityRatio,BAU,ECU,T5GSLRES,,CH4_DE,1,2019,,,,,,3e-06
EmissionActivityRatio,BAU,ECU,T5GSLRES,,CH4_DE,1,2020,,,,,,3e-06
EmissionActivityRatio,BAU,ECU,T5GSLRES,,CH4_DE,1,2021,,,,,,3e-06
EmissionActivityRatio,BAU,ECU,T5GSLRES,,CH4_DE,1,2022,,,,,,3e-06
EmissionActivityRatio,BAU,ECU,T5GSLRES,,CH4_DE,1,2023,,,,,,3e-06
EmissionActivityRatio,BAU,ECU,T5GSLRES,,CH4_DE,1,2024,,,,,,3e-06
EmissionActivityRatio,BAU,ECU,T5GSLRES,,CH4_DE,1,2025,,,,,,3e-06
EmissionActivityRatio,BAU,ECU,T5GSLRES,,CH4_DE,1,2026,,,,,,3e-06
EmissionActivityRatio,BAU,ECU,T5GSLRES,,CH4_DE,1,2027,,,,,,3e-06
EmissionActivityRatio,BAU,ECU,T5GSLRES,,CH4_DE,1,2028,,,,,,3e-06
EmissionActivityRatio,BAU,ECU,T5GSLRES,,CH4_DE,1,2029,,,,,,3e-06
EmissionActivityRatio,BAU,ECU,T5GSLRES,,CH4_DE,1,2030,,,,,,3e-06
EmissionActivityRatio,BAU,ECU,T5GSLRES,,CH4_DE,1,2031,,,,,,3e-06
EmissionActivityRatio,BAU,ECU,T5GSLRES,,CH4_DE,1,2032,,,,,,3e-06
EmissionActivityRatio,BAU,ECU,T5GSLRES,,CH4_DE,1,2033,,,,,,3e-06
EmissionActivityRatio,BAU,ECU,T5GSLRES,,CH4_DE,1,2034,,,,,,3e-06
EmissionActivityRatio,BAU,ECU,T5GSLRES,,CH4_DE,1,2035,,,,,,3e-06
EmissionActivityRatio,BAU,ECU,T5LPGRES,,CH4_DE,1,2010,,,,,,1e-06
EmissionActivityRatio,BAU,ECU,T5LPGRES,,CH4_DE,1,2011,,,,,,1e-06
EmissionActivityRatio,BAU,ECU,T5LPGRES,,CH4_DE,1,2012,,,,,,1e-06
EmissionActivityRatio,BAU,ECU,T5LPGRES,,CH4_DE,1,2013,,,,,,1e-06
EmissionActivityRatio,BAU,ECU,T5LPGRES,,CH4_DE,1,2014,,,,,,1e-06
EmissionActivityRatio,BAU,ECU,T5LPGRES,,CH4_DE,1,2015,,,,,,1e-06
EmissionActivityRatio,BAU,ECU,T5LPGRES,,CH4_DE,1,2016,,,,,,1e-06
EmissionActivityRatio,BAU,ECU,T5LPGRES,,CH4_DE,1,2017,,,,,,1e-06
EmissionActivityRatio,BAU,ECU,T5LPGRES,,CH4_DE,1,2018,,,,,,1e-06
EmissionActivityRatio,BAU,ECU,T5LPGRES,,CH4_DE,1,2019,,,,,,1e-06
EmissionActivityRatio,BAU,ECU,T5LPGRES,,CH4_DE,1,2020,,,,,,1e-06
EmissionActivityRatio,BAU,ECU,T5LPGRES,,CH4_DE,1,2021,,,,,,1e-06
EmissionActivityRatio,BAU,ECU,T5LPGRES,,CH4_DE,1,2022,,,,,,1e-06
EmissionActivityRatio,BAU,ECU,T5LPGRES,,CH4_DE,1,2023,,,,,,1e-06
EmissionActivityRatio,BAU,ECU,T5LPGRES,,CH4_DE,1,2024,,,,,,1e-06
EmissionActivityRatio,BAU,ECU,T5LPGRES,,CH4_DE,1,2025,,,,,,1e-06
EmissionActivityRatio,BAU,ECU,T5LPGRES,,CH4_DE,1,2026,,,,,,1e-06
EmissionActivityRatio,BAU,ECU,T5LPGRES,,CH4_DE,1,2027,,,,,,1e-06
EmissionActivityRatio,BAU,ECU,T5LPGRES,,CH4_DE,1,2028,,,,,,1e-06
EmissionActivityRatio,BAU,ECU,T5LPGRES,,CH4_DE,1,2029,,,,,,1e-06
EmissionActivityRatio,BAU,ECU,T5LPGRES,,CH4_DE,1,2030,,,,,,1e-06
EmissionActivityRatio,BAU,ECU,T5LPGRES,,CH4_DE,1,2031,,,,,,1e-06
EmissionActivityRatio,BAU,ECU,T5LPGRES,,CH4_DE,1,2032,,,,,,1e-06
EmissionActivityRatio,BAU,ECU,T5LPGRES,,CH4_DE,1,2033,,,,,,1e-06
EmissionActivityRatio,BAU,ECU,T5LPGRES,,CH4_DE,1,2034,,,,,,1e-06
EmissionActivityRatio,BAU,ECU,T5LPGRES,,CH4_DE,1,2035,,,,,,1e-06
EmissionActivityRatio,BAU,ECU,T5ELERES,,CH4_DE,1,2010,,,,,,0.0
EmissionActivityRatio,BAU,ECU,T5ELERES,,CH4_DE,1,2011,,,,,,0.0
EmissionActivityRatio,BAU,ECU,T5ELERES,,CH4_DE,1,2012,,,,,,0.0
EmissionActivityRatio,BAU,ECU,T5ELERES,,CH4_DE,1,2013,,,,,,0.0
EmissionActivityRatio,BAU,ECU,T5ELERES,,CH4_DE,1,2014,,,,,,0.0
EmissionActivityRatio,BAU,ECU,T5ELERES,,CH4_DE,1,2015,,,,,,0.0
EmissionActivityRatio,BAU,ECU,T5ELERES,,CH4_DE,1,2016,,,,,,0.0
EmissionActivityRatio,BAU,ECU,T5ELERES,,CH4_DE,1,2017,,,,,,0.0
EmissionActivityRatio,BAU,ECU,T5ELERES,,CH4_DE,1,2018,,,,,,0.0
EmissionActivityRatio,BAU,ECU,T5ELERES,,CH4_DE,1,2019,,,,,,0.0
EmissionActivityRatio,BAU,ECU,T5ELERES,,CH4_DE,1,2020,,,,,,0.0
EmissionActivityRatio,BAU,ECU,T5ELERES,,CH4_DE,1,2021,,,,,,0.0
EmissionActivityRatio,BAU,ECU,T5ELERES,,CH4_DE,1,2022,,,,,,0.0
EmissionActivityRatio,BAU,ECU,T5ELERES,,CH4_DE,1,2023,,,,,,0.0
EmissionActivityRatio,BAU,ECU,T5ELERES,,CH4_DE,1,2024,,,,,,0.0
EmissionActivityRatio,BAU,ECU,T5ELERES,,CH4_DE,1,2025,,,,,,0.0
EmissionActivityRatio,BAU,ECU,T5ELERES,,CH4_DE,1,2026,,,,,,0.0
EmissionActivityRatio,BAU,ECU,T5ELERES,,CH4_DE,1,2027,,,,,,0.0
EmissionActivityRatio,BAU,ECU,T5ELERES,,CH4_DE,1,2028,,,,,,0.0
EmissionActivityRatio,BAU,ECU,T5ELERES,,CH4_DE,1,2029,,,,,,0.0
EmissionActivityRatio,BAU,ECU,T5ELERES,,CH4_DE,1,2030,,,,,,0.0
EmissionActivityRatio,BAU,ECU,T5ELERES,,CH4_DE,1,2031,,,,,,0.0
EmissionActivityRatio,BAU,ECU,T5ELERES,,CH4_DE,1,2032,,,,,,0.0
EmissionActivityRatio,BAU,ECU,T5ELERES,,CH4_DE,1,2033,,,,,,0.0
EmissionActivityRatio,BAU,ECU,T5ELERES,,CH4_DE,1,2034,,,,,,0.0
EmissionActivityRatio,BAU,ECU,T5ELERES,,CH4_DE,1,2035,,,,,,0.0
EmissionActivityRatio,BAU,ECU,T5KERRES,,CH4_DE,1,2010,,,,,,3e-06
EmissionActivityRatio,BAU,ECU,T5KERRES,,CH4_DE,1,2011,,,,,,3e-06
EmissionActivityRatio,BAU,ECU,T5KERRES,,CH4_DE,1,2012,,,,,,3e-06
EmissionActivityRatio,BAU,ECU,T5KERRES,,CH4_DE,1,2013,,,,,,3e-06
EmissionActivityRatio,BAU,ECU,T5KERRES,,CH4_DE,1,2014,,,,,,3e-06
EmissionActivityRatio,BAU,ECU,T5KERRES,,CH4_DE,1,2015,,,,,,3e-06
EmissionActivityRatio,BAU,ECU,T5KERRES,,CH4_DE,1,2016,,,,,,3e-06
EmissionActivityRatio,BAU,ECU,T5KERRES,,CH4_DE,1,2017,,,,,,3e-06
EmissionActivityRatio,BAU,ECU,T5KERRES,,CH4_DE,1,2018,,,,,,3e-06
EmissionActivityRatio,BAU,ECU,T5KERRES,,CH4_DE,1,2019,,,,,,3e-06
EmissionActivityRatio,BAU,ECU,T5KERRES,,CH4_DE,1,2020,,,,,,3e-06
EmissionActivityRatio,BAU,ECU,T5KERRES,,CH4_DE,1,2021,,,,,,3e-06
EmissionActivityRatio,BAU,ECU,T5KERRES,,CH4_DE,1,2022,,,,,,3e-06
EmissionActivityRatio,BAU,ECU,T5KERRES,,CH4_DE,1,2023,,,,,,3e-06
EmissionActivityRatio,BAU,ECU,T5KERRES,,CH4_DE,1,2024,,,,,,3e-06
EmissionActivityRatio,BAU,ECU,T5KERRES,,CH4_DE,1,2025,,,,,,3e-06
EmissionActivityRatio,BAU,ECU,T5KERRES,,CH4_DE,1,2026,,,,,,3e-06
EmissionActivityRatio,BAU,ECU,T5KERRES,,CH4_DE,1,2027,,,,,,3e-06
EmissionActivityRatio,BAU,ECU,T5KERRES,,CH4_DE,1,2028,,,,,,3e-06
EmissionActivityRatio,BAU,ECU,T5KERRES,,CH4_DE,1,2029,,,,,,3e-06
EmissionActivityRatio,BAU,ECU,T5KERRES,,CH4_DE,1,2030,,,,,,3e-06
EmissionActivityRatio,BAU,ECU,T5KERRES,,CH4_DE,1,2031,,,,,,3e-06
EmissionActivityRatio,BAU,ECU,T5KERRES,,CH4_DE,1,2032,,,,,,3e-06
EmissionActivityRatio,BAU,ECU,T5KERRES,,CH4_DE,1,2033,,,,,,3e-06
EmissionActivityRatio,BAU,ECU,T5KERRES,,CH4_DE,1,2034,,,,,,3e-06
EmissionActivityRatio,BAU,ECU,T5KERRES,,CH4_DE,1,2035,,,,,,3e-06
EmissionActivityRatio,BAU,ECU,T5FIRRES,,CH4_DE,1,2010,,,,,,3e-05
EmissionActivityRatio,BAU,ECU,T5FIRRES,,CH4_DE,1,2011,,,,,,3e-05
EmissionActivityRatio,BAU,ECU,T5FIRRES,,CH4_DE,1,2012,,,,,,3e-05
EmissionActivityRatio,BAU,ECU,T5FIRRES,,CH4_DE,1,2013,,,,,,3e-05
EmissionActivityRatio,BAU,ECU,T5FIRRES,,CH4_DE,1,2014,,,,,,3e-05
EmissionActivityRatio,BAU,ECU,T5FIRRES,,CH4_DE,1,2015,,,,,,3e-05
EmissionActivityRatio,BAU,ECU,T5FIRRES,,CH4_DE,1,2016,,,,,,3e-05
EmissionActivityRatio,BAU,ECU,T5FIRRES,,CH4_DE,1,2017,,,,,,3e-05
EmissionActivityRatio,BAU,ECU,T5FIRRES,,CH4_DE,1,2018,,,,,,3e-05
EmissionActivityRatio,BAU,ECU,T5FIRRES,,CH4_DE,1,2019,,,,,,3e-05
EmissionActivityRatio,BAU,ECU,T5FIRRES,,CH4_DE,1,2020,,,,,,3e-05
EmissionActivityRatio,BAU,ECU,T5FIRRES,,CH4_DE,1,2021,,,,,,3e-05
EmissionActivityRatio,BAU,ECU,T5FIRRES,,CH4_DE,1,2022,,,,,,3e-05
EmissionActivityRatio,BAU,ECU,T5FIRRES,,CH4_DE,1,2023,,,,,,3e-05
EmissionActivityRatio,BAU,ECU,T5FIRRES,,CH4_DE,1,2024,,,,,,3e-05
EmissionActivityRatio,BAU,ECU,T5FIRRES,,CH4_DE,1,2025,,,,,,3e-05
EmissionActivityRatio,BAU,ECU,T5FIRRES,,CH4_DE,1,2026,,,,,,3e-05
EmissionActivityRatio,BAU,ECU,T5FIRRES,,CH4_DE,1,2027,,,,,,3e-05
EmissionActivityRatio,BAU,ECU,T5FIRRES,,CH4_DE,1,2028,,,,,,3e-05
EmissionActivityRatio,BAU,ECU,T5FIRRES,,CH4_DE,1,2029,,,,,,3e-05
EmissionActivityRatio,BAU,ECU,T5FIRRES,,CH4_DE,1,2030,,,,,,3e-05
EmissionActivityRatio,BAU,ECU,T5FIRRES,,CH4_DE,1,2031,,,,,,3e-05
EmissionActivityRatio,BAU,ECU,T5FIRRES,,CH4_DE,1,2032,,,,,,3e-05
EmissionActivityRatio,BAU,ECU,T5FIRRES,,CH4_DE,1,2033,,,,,,3e-05
EmissionActivityRatio,BAU,ECU,T5FIRRES,,CH4_DE,1,2034,,,,,,3e-05
EmissionActivityRatio,BAU,ECU,T5FIRRES,,CH4_DE,1,2035,,,,,,3e-05
EmissionActivityRatio,BAU,ECU,T5CHARES,,CH4_DE,1,2010,,,,,,0.0002
EmissionActivityRatio,BAU,ECU,T5CHARES,,CH4_DE,1,2011,,,,,,0.0002
EmissionActivityRatio,BAU,ECU,T5CHARES,,CH4_DE,1,2012,,,,,,0.0002
EmissionActivityRatio,BAU,ECU,T5CHARES,,CH4_DE,1,2013,,,,,,0.0002
EmissionActivityRatio,BAU,ECU,T5CHARES,,CH4_DE,1,2014,,,,,,0.0002
EmissionActivityRatio,BAU,ECU,T5CHARES,,CH4_DE,1,2015,,,,,,0.0002
EmissionActivityRatio,BAU,ECU,T5CHARES,,CH4_DE,1,2016,,,,,,0.0002
EmissionActivityRatio,BAU,ECU,T5CHARES,,CH4_DE,1,2017,,,,,,0.0002
EmissionActivityRatio,BAU,ECU,T5CHARES,,CH4_DE,1,2018,,,,,,0.0002
EmissionActivityRatio,BAU,ECU,T5CHARES,,CH4_DE,1,2019,,,,,,0.0002
EmissionActivityRatio,BAU,ECU,T5CHARES,,CH4_DE,1,2020,,,,,,0.0002
EmissionActivityRatio,BAU,ECU,T5CHARES,,CH4_DE,1,2021,,,,,,0.0002
EmissionActivityRatio,BAU,ECU,T5CHARES,,CH4_DE,1,2022,,,,,,0.0002
EmissionActivityRatio,BAU,ECU,T5CHARES,,CH4_DE,1,2023,,,,,,0.0002
EmissionActivityRatio,BAU,ECU,T5CHARES,,CH4_DE,1,2024,,,,,,0.0002
EmissionActivityRatio,BAU,ECU,T5CHARES,,CH4_DE,1,2025,,,,,,0.0002
EmissionActivityRatio,BAU,ECU,T5CHARES,,CH4_DE,1,2026,,,,,,0.0002
EmissionActivityRatio,BAU,ECU,T5CHARES,,CH4_DE,1,2027,,,,,,0.0002
EmissionActivityRatio,BAU,ECU,T5CHARES,,CH4_DE,1,2028,,,,,,0.0002
EmissionActivityRatio,BAU,ECU,T5CHARES,,CH4_DE,1,2029,,,,,,0.0002
EmissionActivityRatio,BAU,ECU,T5CHARES,,CH4_DE,1,2030,,,,,,0.0002
EmissionActivityRatio,BAU,ECU,T5CHARES,,CH4_DE,1,2031,,,,,,0.0002
EmissionActivityRatio,BAU,ECU,T5CHARES,,CH4_DE,1,2032,,,,,,0.0002
EmissionActivityRatio,BAU,ECU,T5CHARES,,CH4_DE,1,2033,,,,,,0.0002
EmissionActivityRatio,BAU,ECU,T5CHARES,,CH4_DE,1,2034,,,,,,0.0002
EmissionActivityRatio,BAU,ECU,T5CHARES,,CH4_DE,1,2035,,,,,,0.0002
EmissionActivityRatio,BAU,ECU,T5OPERES,,CH4_DE,1,2010,,,,,,3e-06
EmissionActivityRatio,BAU,ECU,T5OPERES,,CH4_DE,1,2011,,,,,,3e-06
EmissionActivityRatio,BAU,ECU,T5OPERES,,CH4_DE,1,2012,,,,,,3e-06
EmissionActivityRatio,BAU,ECU,T5OPERES,,CH4_DE,1,2013,,,,,,3e-06
EmissionActivityRatio,BAU,ECU,T5OPERES,,CH4_DE,1,2014,,,,,,3e-06
EmissionActivityRatio,BAU,ECU,T5OPERES,,CH4_DE,1,2015,,,,,,3e-06
EmissionActivityRatio,BAU,ECU,T5OPERES,,CH4_DE,1,2016,,,,,,3e-06
EmissionActivityRatio,BAU,ECU,T5OPERES,,CH4_DE,1,2017,,,,,,3e-06
EmissionActivityRatio,BAU,ECU,T5OPERES,,CH4_DE,1,2018,,,,,,3e-06
EmissionActivityRatio,BAU,ECU,T5OPERES,,CH4_DE,1,2019,,,,,,3e-06
EmissionActivityRatio,BAU,ECU,T5OPERES,,CH4_DE,1,2020,,,,,,3e-06
EmissionActivityRatio,BAU,ECU,T5OPERES,,CH4_DE,1,2021,,,,,,3e-06
EmissionActivityRatio,BAU,ECU,T5OPERES,,CH4_DE,1,2022,,,,,,3e-06
EmissionActivityRatio,BAU,ECU,T5OPERES,,CH4_DE,1,2023,,,,,,3e-06
EmissionActivityRatio,BAU,ECU,T5OPERES,,CH4_DE,1,2024,,,,,,3e-06
EmissionActivityRatio,BAU,ECU,T5OPERES,,CH4_DE,1,2025,,,,,,3e-06
EmissionActivityRatio,BAU,ECU,T5OPERES,,CH4_DE,1,2026,,,,,,3e-06
EmissionActivityRatio,BAU,ECU,T5OPERES,,CH4_DE,1,2027,,,,,,3e-06
EmissionActivityRatio,BAU,ECU,T5OPERES,,CH4_DE,1,2028,,,,,,3e-06
EmissionActivityRatio,BAU,ECU,T5OPERES,,CH4_DE,1,2029,,,,,,3e-06
EmissionActivityRatio,BAU,ECU,T5OPERES,,CH4_DE,1,2030,,,,,,3e-06
EmissionActivityRatio,BAU,ECU,T5OPERES,,CH4_DE,1,2031,,,,,,3e-06
EmissionActivityRatio,BAU,ECU,T5OPERES,,CH4_DE,1,2032,,,,,,3e-06
EmissionActivityRatio,BAU,ECU,T5OPERES,,CH4_DE,1,2033,,,,,,3e-06
EmissionActivityRatio,BAU,ECU,T5OPERES,,CH4_DE,1,2034,,,,,,3e-06
EmissionActivityRatio,BAU,ECU,T5OPERES,,CH4_DE,1,2035,,,,,,3e-06
EmissionActivityRatio,BAU,ECU,T5ELEPUB,,CH4_DE,1,2010,,,,,,0.0
EmissionActivityRatio,BAU,ECU,T5ELEPUB,,CH4_DE,1,2011,,,,,,0.0
EmissionActivityRatio,BAU,ECU,T5ELEPUB,,CH4_DE,1,2012,,,,,,0.0
EmissionActivityRatio,BAU,ECU,T5ELEPUB,,CH4_DE,1,2013,,,,,,0.0
EmissionActivityRatio,BAU,ECU,T5ELEPUB,,CH4_DE,1,2014,,,,,,0.0
EmissionActivityRatio,BAU,ECU,T5ELEPUB,,CH4_DE,1,2015,,,,,,0.0
EmissionActivityRatio,BAU,ECU,T5ELEPUB,,CH4_DE,1,2016,,,,,,0.0
EmissionActivityRatio,BAU,ECU,T5ELEPUB,,CH4_DE,1,2017,,,,,,0.0
EmissionActivityRatio,BAU,ECU,T5ELEPUB,,CH4_DE,1,2018,,,,,,0.0
EmissionActivityRatio,BAU,ECU,T5ELEPUB,,CH4_DE,1,2019,,,,,,0.0
EmissionActivityRatio,BAU,ECU,T5ELEPUB,,CH4_DE,1,2020,,,,,,0.0
EmissionActivityRatio,BAU,ECU,T5ELEPUB,,CH4_DE,1,2021,,,,,,0.0
EmissionActivityRatio,BAU,ECU,T5ELEPUB,,CH4_DE,1,2022,,,,,,0.0
EmissionActivityRatio,BAU,ECU,T5ELEPUB,,CH4_DE,1,2023,,,,,,0.0
EmissionActivityRatio,BAU,ECU,T5ELEPUB,,CH4_DE,1,2024,,,,,,0.0
EmissionActivityRatio,BAU,ECU,T5ELEPUB,,CH4_DE,1,2025,,,,,,0.0
EmissionActivityRatio,BAU,ECU,T5ELEPUB,,CH4_DE,1,2026,,,,,,0.0
EmissionActivityRatio,BAU,ECU,T5ELEPUB,,CH4_DE,1,2027,,,,,,0.0
EmissionActivityRatio,BAU,ECU,T5ELEPUB,,CH4_DE,1,2028,,,,,,0.0
EmissionActivityRatio,BAU,ECU,T5ELEPUB,,CH4_DE,1,2029,,,,,,0.0
EmissionActivityRatio,BAU,ECU,T5ELEPUB,,CH4_DE,1,2030,,,,,,0.0
EmissionActivityRatio,BAU,ECU,T5ELEPUB,,CH4_DE,1,2031,,,,,,0.0
EmissionActivityRatio,BAU,ECU,T5ELEPUB,,CH4_DE,1,2032,,,,,,0.0
EmissionActivityRatio,BAU,ECU,T5ELEPUB,,CH4_DE,1,2033,,,,,,0.0
EmissionActivityRatio,BAU,ECU,T5ELEPUB,,CH4_DE,1,2034,,,,,,0.0
EmissionActivityRatio,BAU,ECU,T5ELEPUB,,CH4_DE,1,2035,,,,,,0.0
EmissionActivityRatio,BAU,ECU,T5DSLIND,,CH4_DE,1,2010,,,,,,3e-06
EmissionActivityRatio,BAU,ECU,T5DSLIND,,CH4_DE,1,2011,,,,,,3e-06
EmissionActivityRatio,BAU,ECU,T5DSLIND,,CH4_DE,1,2012,,,,,,3e-06
EmissionActivityRatio,BAU,ECU,T5DSLIND,,CH4_DE,1,2013,,,,,,3e-06
EmissionActivityRatio,BAU,ECU,T5DSLIND,,CH4_DE,1,2014,,,,,,3e-06
EmissionActivityRatio,BAU,ECU,T5DSLIND,,CH4_DE,1,2015,,,,,,3e-06
EmissionActivityRatio,BAU,ECU,T5DSLIND,,CH4_DE,1,2016,,,,,,3e-06
EmissionActivityRatio,BAU,ECU,T5DSLIND,,CH4_DE,1,2017,,,,,,3e-06
EmissionActivityRatio,BAU,ECU,T5DSLIND,,CH4_DE,1,2018,,,,,,3e-06
EmissionActivityRatio,BAU,ECU,T5DSLIND,,CH4_DE,1,2019,,,,,,3e-06
EmissionActivityRatio,BAU,ECU,T5DSLIND,,CH4_DE,1,2020,,,,,,3e-06
EmissionActivityRatio,BAU,ECU,T5DSLIND,,CH4_DE,1,2021,,,,,,3e-06
EmissionActivityRatio,BAU,ECU,T5DSLIND,,CH4_DE,1,2022,,,,,,3e-06
EmissionActivityRatio,BAU,ECU,T5DSLIND,,CH4_DE,1,2023,,,,,,3e-06
EmissionActivityRatio,BAU,ECU,T5DSLIND,,CH4_DE,1,2024,,,,,,3e-06
EmissionActivityRatio,BAU,ECU,T5DSLIND,,CH4_DE,1,2025,,,,,,3e-06
EmissionActivityRatio,BAU,ECU,T5DSLIND,,CH4_DE,1,2026,,,,,,3e-06
EmissionActivityRatio,BAU,ECU,T5DSLIND,,CH4_DE,1,2027,,,,,,3e-06
EmissionActivityRatio,BAU,ECU,T5DSLIND,,CH4_DE,1,2028,,,,,,3e-06
EmissionActivityRatio,BAU,ECU,T5DSLIND,,CH4_DE,1,2029,,,,,,3e-06
EmissionActivityRatio,BAU,ECU,T5DSLIND,,CH4_DE,1,2030,,,,,,3e-06
EmissionActivityRatio,BAU,ECU,T5DSLIND,,CH4_DE,1,2031,,,,,,3e-06
EmissionActivityRatio,BAU,ECU,T5DSLIND,,CH4_DE,1,2032,,,,,,3e-06
EmissionActivityRatio,BAU,ECU,T5DSLIND,,CH4_DE,1,2033,,,,,,3e-06
EmissionActivityRatio,BAU,ECU,T5DSLIND,,CH4_DE,1,2034,,,,,,3e-06
EmissionActivityRatio,BAU,ECU,T5DSLIND,,CH4_DE,1,2035,,,,,,3e-06
EmissionActivityRatio,BAU,ECU,T5GSLIND,,CH4_DE,1,2010,,,,,,3e-06
EmissionActivityRatio,BAU,ECU,T5GSLIND,,CH4_DE,1,2011,,,,,,3e-06
EmissionActivityRatio,BAU,ECU,T5GSLIND,,CH4_DE,1,2012,,,,,,3e-06
EmissionActivityRatio,BAU,ECU,T5GSLIND,,CH4_DE,1,2013,,,,,,3e-06
EmissionActivityRatio,BAU,ECU,T5GSLIND,,CH4_DE,1,2014,,,,,,3e-06
EmissionActivityRatio,BAU,ECU,T5GSLIND,,CH4_DE,1,2015,,,,,,3e-06
EmissionActivityRatio,BAU,ECU,T5GSLIND,,CH4_DE,1,2016,,,,,,3e-06
EmissionActivityRatio,BAU,ECU,T5GSLIND,,CH4_DE,1,2017,,,,,,3e-06
EmissionActivityRatio,BAU,ECU,T5GSLIND,,CH4_DE,1,2018,,,,,,3e-06
EmissionActivityRatio,BAU,ECU,T5GSLIND,,CH4_DE,1,2019,,,,,,3e-06
EmissionActivityRatio,BAU,ECU,T5GSLIND,,CH4_DE,1,2020,,,,,,3e-06
EmissionActivityRatio,BAU,ECU,T5GSLIND,,CH4_DE,1,2021,,,,,,3e-06
EmissionActivityRatio,BAU,ECU,T5GSLIND,,CH4_DE,1,2022,,,,,,3e-06
EmissionActivityRatio,BAU,ECU,T5GSLIND,,CH4_DE,1,2023,,,,,,3e-06
EmissionActivityRatio,BAU,ECU,T5GSLIND,,CH4_DE,1,2024,,,,,,3e-06
EmissionActivityRatio,BAU,ECU,T5GSLIND,,CH4_DE,1,2025,,,,,,3e-06
EmissionActivityRatio,BAU,ECU,T5GSLIND,,CH4_DE,1,2026,,,,,,3e-06
EmissionActivityRatio,BAU,ECU,T5GSLIND,,CH4_DE,1,2027,,,,,,3e-06
EmissionActivityRatio,BAU,ECU,T5GSLIND,,CH4_DE,1,2028,,,,,,3e-06
EmissionActivityRatio,BAU,ECU,T5GSLIND,,CH4_DE,1,2029,,,,,,3e-06
EmissionActivityRatio,BAU,ECU,T5GSLIND,,CH4_DE,1,2030,,,,,,3e-06
EmissionActivityRatio,BAU,ECU,T5GSLIND,,CH4_DE,1,2031,,,,,,3e-06
EmissionActivityRatio,BAU,ECU,T5GSLIND,,CH4_DE,1,2032,,,,,,3e-06
EmissionActivityRatio,BAU,ECU,T5GSLIND,,CH4_DE,1,2033,,,,,,3e-06
EmissionActivityRatio,BAU,ECU,T5GSLIND,,CH4_DE,1,2034,,,,,,3e-06
EmissionActivityRatio,BAU,ECU,T5GSLIND,,CH4_DE,1,2035,,,,,,3e-06
EmissionActivityRatio,BAU,ECU,T5NGSIND,,CH4_DE,1,2010,,,,,,1e-06
EmissionActivityRatio,BAU,ECU,T5NGSIND,,CH4_DE,1,2011,,,,,,1e-06
EmissionActivityRatio,BAU,ECU,T5NGSIND,,CH4_DE,1,2012,,,,,,1e-06
EmissionActivityRatio,BAU,ECU,T5NGSIND,,CH4_DE,1,2013,,,,,,1e-06
EmissionActivityRatio,BAU,ECU,T5NGSIND,,CH4_DE,1,2014,,,,,,1e-06
EmissionActivityRatio,BAU,ECU,T5NGSIND,,CH4_DE,1,2015,,,,,,1e-06
EmissionActivityRatio,BAU,ECU,T5NGSIND,,CH4_DE,1,2016,,,,,,1e-06
EmissionActivityRatio,BAU,ECU,T5NGSIND,,CH4_DE,1,2017,,,,,,1e-06
EmissionActivityRatio,BAU,ECU,T5NGSIND,,CH4_DE,1,2018,,,,,,1e-06
EmissionActivityRatio,BAU,ECU,T5NGSIND,,CH4_DE,1,2019,,,,,,1e-06
EmissionActivityRatio,BAU,ECU,T5NGSIND,,CH4_DE,1,2020,,,,,,1e-06
EmissionActivityRatio,BAU,ECU,T5NGSIND,,CH4_DE,1,2021,,,,,,1e-06
EmissionActivityRatio,BAU,ECU,T5NGSIND,,CH4_DE,1,2022,,,,,,1e-06
EmissionActivityRatio,BAU,ECU,T5NGSIND,,CH4_DE,1,2023,,,,,,1e-06
EmissionActivityRatio,BAU,ECU,T5NGSIND,,CH4_DE,1,2024,,,,,,1e-06
EmissionActivityRatio,BAU,ECU,T5NGSIND,,CH4_DE,1,2025,,,,,,1e-06
EmissionActivityRatio,BAU,ECU,T5NGSIND,,CH4_DE,1,2026,,,,,,1e-06
EmissionActivityRatio,BAU,ECU,T5NGSIND,,CH4_DE,1,2027,,,,,,1e-06
EmissionActivityRatio,BAU,ECU,T5NGSIND,,CH4_DE,1,2028,,,,,,1e-06
EmissionActivityRatio,BAU,ECU,T5NGSIND,,CH4_DE,1,2029,,,,,,1e-06
EmissionActivityRatio,BAU,ECU,T5NGSIND,,CH4_DE,1,2030,,,,,,1e-06
EmissionActivityRatio,BAU,ECU,T5NGSIND,,CH4_DE,1,2031,,,,,,1e-06
EmissionActivityRatio,BAU,ECU,T5NGSIND,,CH4_DE,1,2032,,,,,,1e-06
EmissionActivityRatio,BAU,ECU,T5NGSIND,,CH4_DE,1,2033,,,,,,1e-06
EmissionActivityRatio,BAU,ECU,T5NGSIND,,CH4_DE,1,2034,,,,,,1e-06
EmissionActivityRatio,BAU,ECU,T5NGSIND,,CH4_DE,1,2035,,,,,,1e-06
EmissionActivityRatio,BAU,ECU,T5ELEIND,,CH4_DE,1,2010,,,,,,0.0
EmissionActivityRatio,BAU,ECU,T5ELEIND,,CH4_DE,1,2011,,,,,,0.0
EmissionActivityRatio,BAU,ECU,T5ELEIND,,CH4_DE,1,2012,,,,,,0.0
EmissionActivityRatio,BAU,ECU,T5ELEIND,,CH4_DE,1,2013,,,,,,0.0
EmissionActivityRatio,BAU,ECU,T5ELEIND,,CH4_DE,1,2014,,,,,,0.0
EmissionActivityRatio,BAU,ECU,T5ELEIND,,CH4_DE,1,2015,,,,,,0.0
EmissionActivityRatio,BAU,ECU,T5ELEIND,,CH4_DE,1,2016,,,,,,0.0
EmissionActivityRatio,BAU,ECU,T5ELEIND,,CH4_DE,1,2017,,,,,,0.0
EmissionActivityRatio,BAU,ECU,T5ELEIND,,CH4_DE,1,2018,,,,,,0.0
EmissionActivityRatio,BAU,ECU,T5ELEIND,,CH4_DE,1,2019,,,,,,0.0
EmissionActivityRatio,BAU,ECU,T5ELEIND,,CH4_DE,1,2020,,,,,,0.0
EmissionActivityRatio,BAU,ECU,T5ELEIND,,CH4_DE,1,2021,,,,,,0.0
EmissionActivityRatio,BAU,ECU,T5ELEIND,,CH4_DE,1,2022,,,,,,0.0
EmissionActivityRatio,BAU,ECU,T5ELEIND,,CH4_DE,1,2023,,,,,,0.0
EmissionActivityRatio,BAU,ECU,T5ELEIND,,CH4_DE,1,2024,,,,,,0.0
EmissionActivityRatio,BAU,ECU,T5ELEIND,,CH4_DE,1,2025,,,,,,0.0
EmissionActivityRatio,BAU,ECU,T5ELEIND,,CH4_DE,1,2026,,,,,,0.0
EmissionActivityRatio,BAU,ECU,T5ELEIND,,CH4_DE,1,2027,,,,,,0.0
EmissionActivityRatio,BAU,ECU,T5ELEIND,,CH4_DE,1,2028,,,,,,0.0
EmissionActivityRatio,BAU,ECU,T5ELEIND,,CH4_DE,1,2029,,,,,,0.0
EmissionActivityRatio,BAU,ECU,T5ELEIND,,CH4_DE,1,2030,,,,,,0.0
EmissionActivityRatio,BAU,ECU,T5ELEIND,,CH4_DE,1,2031,,,,,,0.0
EmissionActivityRatio,BAU,ECU,T5ELEIND,,CH4_DE,1,2032,,,,,,0.0
EmissionActivityRatio,BAU,ECU,T5ELEIND,,CH4_DE,1,2033,,,,,,0.0
EmissionActivityRatio,BAU,ECU,T5ELEIND,,CH4_DE,1,2034,,,,,,0.0
EmissionActivityRatio,BAU,ECU,T5ELEIND,,CH4_DE,1,2035,,,,,,0.0
EmissionActivityRatio,BAU,ECU,T5HYDIND,,CH4_DE,1,2010,,,,,,0.0
EmissionActivityRatio,BAU,ECU,T5HYDIND,,CH4_DE,1,2011,,,,,,0.0
EmissionActivityRatio,BAU,ECU,T5HYDIND,,CH4_DE,1,2012,,,,,,0.0
EmissionActivityRatio,BAU,ECU,T5HYDIND,,CH4_DE,1,2013,,,,,,0.0
EmissionActivityRatio,BAU,ECU,T5HYDIND,,CH4_DE,1,2014,,,,,,0.0
EmissionActivityRatio,BAU,ECU,T5HYDIND,,CH4_DE,1,2015,,,,,,0.0
EmissionActivityRatio,BAU,ECU,T5HYDIND,,CH4_DE,1,2016,,,,,,0.0
EmissionActivityRatio,BAU,ECU,T5HYDIND,,CH4_DE,1,2017,,,,,,0.0
EmissionActivityRatio,BAU,ECU,T5HYDIND,,CH4_DE,1,2018,,,,,,0.0
EmissionActivityRatio,BAU,ECU,T5HYDIND,,CH4_DE,1,2019,,,,,,0.0
EmissionActivityRatio,BAU,ECU,T5HYDIND,,CH4_DE,1,2020,,,,,,0.0
EmissionActivityRatio,BAU,ECU,T5HYDIND,,CH4_DE,1,2021,,,,,,0.0
EmissionActivityRatio,BAU,ECU,T5HYDIND,,CH4_DE,1,2022,,,,,,0.0
EmissionActivityRatio,BAU,ECU,T5HYDIND,,CH4_DE,1,2023,,,,,,0.0
EmissionActivityRatio,BAU,ECU,T5HYDIND,,CH4_DE,1,2024,,,,,,0.0
EmissionActivityRatio,BAU,ECU,T5HYDIND,,CH4_DE,1,2025,,,,,,0.0
EmissionActivityRatio,BAU,ECU,T5HYDIND,,CH4_DE,1,2026,,,,,,0.0
EmissionActivityRatio,BAU,ECU,T5HYDIND,,CH4_DE,1,2027,,,,,,0.0
EmissionActivityRatio,BAU,ECU,T5HYDIND,,CH4_DE,1,2028,,,,,,0.0
EmissionActivityRatio,BAU,ECU,T5HYDIND,,CH4_DE,1,2029,,,,,,0.0
EmissionActivityRatio,BAU,ECU,T5HYDIND,,CH4_DE,1,2030,,,,,,0.0
EmissionActivityRatio,BAU,ECU,T5HYDIND,,CH4_DE,1,2031,,,,,,0.0
EmissionActivityRatio,BAU,ECU,T5HYDIND,,CH4_DE,1,2032,,,,,,0.0
EmissionActivityRatio,BAU,ECU,T5HYDIND,,CH4_DE,1,2033,,,,,,0.0
EmissionActivityRatio,BAU,ECU,T5HYDIND,,CH4_DE,1,2034,,,,,,0.0
EmissionActivityRatio,BAU,ECU,T5HYDIND,,CH4_DE,1,2035,,,,,,0.0
EmissionActivityRatio,BAU,ECU,T5LPGIND,,CH4_DE,1,2010,,,,,,1e-06
EmissionActivityRatio,BAU,ECU,T5LPGIND,,CH4_DE,1,2011,,,,,,1e-06
EmissionActivityRatio,BAU,ECU,T5LPGIND,,CH4_DE,1,2012,,,,,,1e-06
EmissionActivityRatio,BAU,ECU,T5LPGIND,,CH4_DE,1,2013,,,,,,1e-06
EmissionActivityRatio,BAU,ECU,T5LPGIND,,CH4_DE,1,2014,,,,,,1e-06
EmissionActivityRatio,BAU,ECU,T5LPGIND,,CH4_DE,1,2015,,,,,,1e-06
EmissionActivityRatio,BAU,ECU,T5LPGIND,,CH4_DE,1,2016,,,,,,1e-06
EmissionActivityRatio,BAU,ECU,T5LPGIND,,CH4_DE,1,2017,,,,,,1e-06
EmissionActivityRatio,BAU,ECU,T5LPGIND,,CH4_DE,1,2018,,,,,,1e-06
EmissionActivityRatio,BAU,ECU,T5LPGIND,,CH4_DE,1,2019,,,,,,1e-06
EmissionActivityRatio,BAU,ECU,T5LPGIND,,CH4_DE,1,2020,,,,,,1e-06
EmissionActivityRatio,BAU,ECU,T5LPGIND,,CH4_DE,1,2021,,,,,,1e-06
EmissionActivityRatio,BAU,ECU,T5LPGIND,,CH4_DE,1,2022,,,,,,1e-06
EmissionActivityRatio,BAU,ECU,T5LPGIND,,CH4_DE,1,2023,,,,,,1e-06
EmissionActivityRatio,BAU,ECU,T5LPGIND,,CH4_DE,1,2024,,,,,,1e-06
EmissionActivityRatio,BAU,ECU,T5LPGIND,,CH4_DE,1,2025,,,,,,1e-06
EmissionActivityRatio,BAU,ECU,T5LPGIND,,CH4_DE,1,2026,,,,,,1e-06
EmissionActivityRatio,BAU,ECU,T5LPGIND,,CH4_DE,1,2027,,,,,,1e-06
EmissionActivityRatio,BAU,ECU,T5LPGIND,,CH4_DE,1,2028,,,,,,1e-06
EmissionActivityRatio,BAU,ECU,T5LPGIND,,CH4_DE,1,2029,,,,,,1e-06
EmissionActivityRatio,BAU,ECU,T5LPGIND,,CH4_DE,1,2030,,,,,,1e-06
EmissionActivityRatio,BAU,ECU,T5LPGIND,,CH4_DE,1,2031,,,,,,1e-06
EmissionActivityRatio,BAU,ECU,T5LPGIND,,CH4_DE,1,2032,,,,,,1e-06
EmissionActivityRatio,BAU,ECU,T5LPGIND,,CH4_DE,1,2033,,,,,,1e-06
EmissionActivityRatio,BAU,ECU,T5LPGIND,,CH4_DE,1,2034,,,,,,1e-06
EmissionActivityRatio,BAU,ECU,T5LPGIND,,CH4_DE,1,2035,,,,,,1e-06
EmissionActivityRatio,BAU,ECU,T5BIMIND,,CH4_DE,1,2010,,,,,,3e-05
EmissionActivityRatio,BAU,ECU,T5BIMIND,,CH4_DE,1,2011,,,,,,3e-05
EmissionActivityRatio,BAU,ECU,T5BIMIND,,CH4_DE,1,2012,,,,,,3e-05
EmissionActivityRatio,BAU,ECU,T5BIMIND,,CH4_DE,1,2013,,,,,,3e-05
EmissionActivityRatio,BAU,ECU,T5BIMIND,,CH4_DE,1,2014,,,,,,3e-05
EmissionActivityRatio,BAU,ECU,T5BIMIND,,CH4_DE,1,2015,,,,,,3e-05
EmissionActivityRatio,BAU,ECU,T5BIMIND,,CH4_DE,1,2016,,,,,,3e-05
EmissionActivityRatio,BAU,ECU,T5BIMIND,,CH4_DE,1,2017,,,,,,3e-05
EmissionActivityRatio,BAU,ECU,T5BIMIND,,CH4_DE,1,2018,,,,,,3e-05
EmissionActivityRatio,BAU,ECU,T5BIMIND,,CH4_DE,1,2019,,,,,,3e-05
EmissionActivityRatio,BAU,ECU,T5BIMIND,,CH4_DE,1,2020,,,,,,3e-05
EmissionActivityRatio,BAU,ECU,T5BIMIND,,CH4_DE,1,2021,,,,,,3e-05
EmissionActivityRatio,BAU,ECU,T5BIMIND,,CH4_DE,1,2022,,,,,,3e-05
EmissionActivityRatio,BAU,ECU,T5BIMIND,,CH4_DE,1,2023,,,,,,3e-05
EmissionActivityRatio,BAU,ECU,T5BIMIND,,CH4_DE,1,2024,,,,,,3e-05
EmissionActivityRatio,BAU,ECU,T5BIMIND,,CH4_DE,1,2025,,,,,,3e-05
EmissionActivityRatio,BAU,ECU,T5BIMIND,,CH4_DE,1,2026,,,,,,3e-05
EmissionActivityRatio,BAU,ECU,T5BIMIND,,CH4_DE,1,2027,,,,,,3e-05
EmissionActivityRatio,BAU,ECU,T5BIMIND,,CH4_DE,1,2028,,,,,,3e-05
EmissionActivityRatio,BAU,ECU,T5BIMIND,,CH4_DE,1,2029,,,,,,3e-05
EmissionActivityRatio,BAU,ECU,T5BIMIND,,CH4_DE,1,2030,,,,,,3e-05
EmissionActivityRatio,BAU,ECU,T5BIMIND,,CH4_DE,1,2031,,,,,,3e-05
EmissionActivityRatio,BAU,ECU,T5BIMIND,,CH4_DE,1,2032,,,,,,3e-05
EmissionActivityRatio,BAU,ECU,T5BIMIND,,CH4_DE,1,2033,,,,,,3e-05
EmissionActivityRatio,BAU,ECU,T5BIMIND,,CH4_DE,1,2034,,,,,,3e-05
EmissionActivityRatio,BAU,ECU,T5BIMIND,,CH4_DE,1,2035,,,,,,3e-05
EmissionActivityRatio,BAU,ECU,T5FIRIND,,CH4_DE,1,2010,,,,,,3e-05
EmissionActivityRatio,BAU,ECU,T5FIRIND,,CH4_DE,1,2011,,,,,,3e-05
EmissionActivityRatio,BAU,ECU,T5FIRIND,,CH4_DE,1,2012,,,,,,3e-05
EmissionActivityRatio,BAU,ECU,T5FIRIND,,CH4_DE,1,2013,,,,,,3e-05
EmissionActivityRatio,BAU,ECU,T5FIRIND,,CH4_DE,1,2014,,,,,,3e-05
EmissionActivityRatio,BAU,ECU,T5FIRIND,,CH4_DE,1,2015,,,,,,3e-05
EmissionActivityRatio,BAU,ECU,T5FIRIND,,CH4_DE,1,2016,,,,,,3e-05
EmissionActivityRatio,BAU,ECU,T5FIRIND,,CH4_DE,1,2017,,,,,,3e-05
EmissionActivityRatio,BAU,ECU,T5FIRIND,,CH4_DE,1,2018,,,,,,3e-05
EmissionActivityRatio,BAU,ECU,T5FIRIND,,CH4_DE,1,2019,,,,,,3e-05
EmissionActivityRatio,BAU,ECU,T5FIRIND,,CH4_DE,1,2020,,,,,,3e-05
EmissionActivityRatio,BAU,ECU,T5FIRIND,,CH4_DE,1,2021,,,,,,3e-05
EmissionActivityRatio,BAU,ECU,T5FIRIND,,CH4_DE,1,2022,,,,,,3e-05
EmissionActivityRatio,BAU,ECU,T5FIRIND,,CH4_DE,1,2023,,,,,,3e-05
EmissionActivityRatio,BAU,ECU,T5FIRIND,,CH4_DE,1,2024,,,,,,3e-05
EmissionActivityRatio,BAU,ECU,T5FIRIND,,CH4_DE,1,2025,,,,,,3e-05
EmissionActivityRatio,BAU,ECU,T5FIRIND,,CH4_DE,1,2026,,,,,,3e-05
EmissionActivityRatio,BAU,ECU,T5FIRIND,,CH4_DE,1,2027,,,,,,3e-05
EmissionActivityRatio,BAU,ECU,T5FIRIND,,CH4_DE,1,2028,,,,,,3e-05
EmissionActivityRatio,BAU,ECU,T5FIRIND,,CH4_DE,1,2029,,,,,,3e-05
EmissionActivityRatio,BAU,ECU,T5FIRIND,,CH4_DE,1,2030,,,,,,3e-05
EmissionActivityRatio,BAU,ECU,T5FIRIND,,CH4_DE,1,2031,,,,,,3e-05
EmissionActivityRatio,BAU,ECU,T5FIRIND,,CH4_DE,1,2032,,,,,,3e-05
EmissionActivityRatio,BAU,ECU,T5FIRIND,,CH4_DE,1,2033,,,,,,3e-05
EmissionActivityRatio,BAU,ECU,T5FIRIND,,CH4_DE,1,2034,,,,,,3e-05
EmissionActivityRatio,BAU,ECU,T5FIRIND,,CH4_DE,1,2035,,,,,,3e-05
EmissionActivityRatio,BAU,ECU,T5FOIIND,,CH4_DE,1,2010,,,,,,3e-06
EmissionActivityRatio,BAU,ECU,T5FOIIND,,CH4_DE,1,2011,,,,,,3e-06
EmissionActivityRatio,BAU,ECU,T5FOIIND,,CH4_DE,1,2012,,,,,,3e-06
EmissionActivityRatio,BAU,ECU,T5FOIIND,,CH4_DE,1,2013,,,,,,3e-06
EmissionActivityRatio,BAU,ECU,T5FOIIND,,CH4_DE,1,2014,,,,,,3e-06
EmissionActivityRatio,BAU,ECU,T5FOIIND,,CH4_DE,1,2015,,,,,,3e-06
EmissionActivityRatio,BAU,ECU,T5FOIIND,,CH4_DE,1,2016,,,,,,3e-06
EmissionActivityRatio,BAU,ECU,T5FOIIND,,CH4_DE,1,2017,,,,,,3e-06
EmissionActivityRatio,BAU,ECU,T5FOIIND,,CH4_DE,1,2018,,,,,,3e-06
EmissionActivityRatio,BAU,ECU,T5FOIIND,,CH4_DE,1,2019,,,,,,3e-06
EmissionActivityRatio,BAU,ECU,T5FOIIND,,CH4_DE,1,2020,,,,,,3e-06
EmissionActivityRatio,BAU,ECU,T5FOIIND,,CH4_DE,1,2021,,,,,,3e-06
EmissionActivityRatio,BAU,ECU,T5FOIIND,,CH4_DE,1,2022,,,,,,3e-06
EmissionActivityRatio,BAU,ECU,T5FOIIND,,CH4_DE,1,2023,,,,,,3e-06
EmissionActivityRatio,BAU,ECU,T5FOIIND,,CH4_DE,1,2024,,,,,,3e-06
EmissionActivityRatio,BAU,ECU,T5FOIIND,,CH4_DE,1,2025,,,,,,3e-06
EmissionActivityRatio,BAU,ECU,T5FOIIND,,CH4_DE,1,2026,,,,,,3e-06
EmissionActivityRatio,BAU,ECU,T5FOIIND,,CH4_DE,1,2027,,,,,,3e-06
EmissionActivityRatio,BAU,ECU,T5FOIIND,,CH4_DE,1,2028,,,,,,3e-06
EmissionActivityRatio,BAU,ECU,T5FOIIND,,CH4_DE,1,2029,,,,,,3e-06
EmissionActivityRatio,BAU,ECU,T5FOIIND,,CH4_DE,1,2030,,,,,,3e-06
EmissionActivityRatio,BAU,ECU,T5FOIIND,,CH4_DE,1,2031,,,,,,3e-06
EmissionActivityRatio,BAU,ECU,T5FOIIND,,CH4_DE,1,2032,,,,,,3e-06
EmissionActivityRatio,BAU,ECU,T5FOIIND,,CH4_DE,1,2033,,,,,,3e-06
EmissionActivityRatio,BAU,ECU,T5FOIIND,,CH4_DE,1,2034,,,,,,3e-06
EmissionActivityRatio,BAU,ECU,T5FOIIND,,CH4_DE,1,2035,,,,,,3e-06
EmissionActivityRatio,BAU,ECU,T5COAIND,,CH4_DE,1,2010,,,,,,0.0003
EmissionActivityRatio,BAU,ECU,T5COAIND,,CH4_DE,1,2011,,,,,,0.0003
EmissionActivityRatio,BAU,ECU,T5COAIND,,CH4_DE,1,2012,,,,,,0.0003
EmissionActivityRatio,BAU,ECU,T5COAIND,,CH4_DE,1,2013,,,,,,0.0003
EmissionActivityRatio,BAU,ECU,T5COAIND,,CH4_DE,1,2014,,,,,,0.0003
EmissionActivityRatio,BAU,ECU,T5COAIND,,CH4_DE,1,2015,,,,,,0.0003
EmissionActivityRatio,BAU,ECU,T5COAIND,,CH4_DE,1,2016,,,,,,0.0003
EmissionActivityRatio,BAU,ECU,T5COAIND,,CH4_DE,1,2017,,,,,,0.0003
EmissionActivityRatio,BAU,ECU,T5COAIND,,CH4_DE,1,2018,,,,,,0.0003
EmissionActivityRatio,BAU,ECU,T5COAIND,,CH4_DE,1,2019,,,,,,0.0003
EmissionActivityRatio,BAU,ECU,T5COAIND,,CH4_DE,1,2020,,,,,,0.0003
EmissionActivityRatio,BAU,ECU,T5COAIND,,CH4_DE,1,2021,,,,,,0.0003
EmissionActivityRatio,BAU,ECU,T5COAIND,,CH4_DE,1,2022,,,,,,0.0003
EmissionActivityRatio,BAU,ECU,T5COAIND,,CH4_DE,1,2023,,,,,,0.0003
EmissionActivityRatio,BAU,ECU,T5COAIND,,CH4_DE,1,2024,,,,,,0.0003
EmissionActivityRatio,BAU,ECU,T5COAIND,,CH4_DE,1,2025,,,,,,0.0003
EmissionActivityRatio,BAU,ECU,T5COAIND,,CH4_DE,1,2026,,,,,,0.0003
EmissionActivityRatio,BAU,ECU,T5COAIND,,CH4_DE,1,2027,,,,,,0.0003
EmissionActivityRatio,BAU,ECU,T5COAIND,,CH4_DE,1,2028,,,,,,0.0003
EmissionActivityRatio,BAU,ECU,T5COAIND,,CH4_DE,1,2029,,,,,,0.0003
EmissionActivityRatio,BAU,ECU,T5COAIND,,CH4_DE,1,2030,,,,,,0.0003
EmissionActivityRatio,BAU,ECU,T5COAIND,,CH4_DE,1,2031,,,,,,0.0003
EmissionActivityRatio,BAU,ECU,T5COAIND,,CH4_DE,1,2032,,,,,,0.0003
EmissionActivityRatio,BAU,ECU,T5COAIND,,CH4_DE,1,2033,,,,,,0.0003
EmissionActivityRatio,BAU,ECU,T5COAIND,,CH4_DE,1,2034,,,,,,0.0003
EmissionActivityRatio,BAU,ECU,T5COAIND,,CH4_DE,1,2035,,,,,,0.0003
EmissionActivityRatio,BAU,ECU,T5RDFIND,,CH4_DE,1,2010,,,,,,3e-06
EmissionActivityRatio,BAU,ECU,T5RDFIND,,CH4_DE,1,2011,,,,,,3e-06
EmissionActivityRatio,BAU,ECU,T5RDFIND,,CH4_DE,1,2012,,,,,,3e-06
EmissionActivityRatio,BAU,ECU,T5RDFIND,,CH4_DE,1,2013,,,,,,3e-06
EmissionActivityRatio,BAU,ECU,T5RDFIND,,CH4_DE,1,2014,,,,,,3e-06
EmissionActivityRatio,BAU,ECU,T5RDFIND,,CH4_DE,1,2015,,,,,,3e-06
EmissionActivityRatio,BAU,ECU,T5RDFIND,,CH4_DE,1,2016,,,,,,3e-06
EmissionActivityRatio,BAU,ECU,T5RDFIND,,CH4_DE,1,2017,,,,,,3e-06
EmissionActivityRatio,BAU,ECU,T5RDFIND,,CH4_DE,1,2018,,,,,,3e-06
EmissionActivityRatio,BAU,ECU,T5RDFIND,,CH4_DE,1,2019,,,,,,3e-06
EmissionActivityRatio,BAU,ECU,T5RDFIND,,CH4_DE,1,2020,,,,,,3e-06
EmissionActivityRatio,BAU,ECU,T5RDFIND,,CH4_DE,1,2021,,,,,,3e-06
EmissionActivityRatio,BAU,ECU,T5RDFIND,,CH4_DE,1,2022,,,,,,3e-06
EmissionActivityRatio,BAU,ECU,T5RDFIND,,CH4_DE,1,2023,,,,,,3e-06
EmissionActivityRatio,BAU,ECU,T5RDFIND,,CH4_DE,1,2024,,,,,,3e-06
EmissionActivityRatio,BAU,ECU,T5RDFIND,,CH4_DE,1,2025,,,,,,3e-06
EmissionActivityRatio,BAU,ECU,T5RDFIND,,CH4_DE,1,2026,,,,,,3e-06
EmissionActivityRatio,BAU,ECU,T5RDFIND,,CH4_DE,1,2027,,,,,,3e-06
EmissionActivityRatio,BAU,ECU,T5RDFIND,,CH4_DE,1,2028,,,,,,3e-06
EmissionActivityRatio,BAU,ECU,T5RDFIND,,CH4_DE,1,2029,,,,,,3e-06
EmissionActivityRatio,BAU,ECU,T5RDFIND,,CH4_DE,1,2030,,,,,,3e-06
EmissionActivityRatio,BAU,ECU,T5RDFIND,,CH4_DE,1,2031,,,,,,3e-06
EmissionActivityRatio,BAU,ECU,T5RDFIND,,CH4_DE,1,2032,,,,,,3e-06
EmissionActivityRatio,BAU,ECU,T5RDFIND,,CH4_DE,1,2033,,,,,,3e-06
EmissionActivityRatio,BAU,ECU,T5RDFIND,,CH4_DE,1,2034,,,,,,3e-06
EmissionActivityRatio,BAU,ECU,T5RDFIND,,CH4_DE,1,2035,,,,,,3e-06
EmissionActivityRatio,BAU,ECU,T5OIDIND,,CH4_DE,1,2010,,,,,,3e-05
EmissionActivityRatio,BAU,ECU,T5OIDIND,,CH4_DE,1,2011,,,,,,3e-05
EmissionActivityRatio,BAU,ECU,T5OIDIND,,CH4_DE,1,2012,,,,,,3e-05
EmissionActivityRatio,BAU,ECU,T5OIDIND,,CH4_DE,1,2013,,,,,,3e-05
EmissionActivityRatio,BAU,ECU,T5OIDIND,,CH4_DE,1,2014,,,,,,3e-05
EmissionActivityRatio,BAU,ECU,T5OIDIND,,CH4_DE,1,2015,,,,,,3e-05
EmissionActivityRatio,BAU,ECU,T5OIDIND,,CH4_DE,1,2016,,,,,,3e-05
EmissionActivityRatio,BAU,ECU,T5OIDIND,,CH4_DE,1,2017,,,,,,3e-05
EmissionActivityRatio,BAU,ECU,T5OIDIND,,CH4_DE,1,2018,,,,,,3e-05
EmissionActivityRatio,BAU,ECU,T5OIDIND,,CH4_DE,1,2019,,,,,,3e-05
EmissionActivityRatio,BAU,ECU,T5OIDIND,,CH4_DE,1,2020,,,,,,3e-05
EmissionActivityRatio,BAU,ECU,T5OIDIND,,CH4_DE,1,2021,,,,,,3e-05
EmissionActivityRatio,BAU,ECU,T5OIDIND,,CH4_DE,1,2022,,,,,,3e-05
EmissionActivityRatio,BAU,ECU,T5OIDIND,,CH4_DE,1,2023,,,,,,3e-05
EmissionActivityRatio,BAU,ECU,T5OIDIND,,CH4_DE,1,2024,,,,,,3e-05
EmissionActivityRatio,BAU,ECU,T5OIDIND,,CH4_DE,1,2025,,,,,,3e-05
EmissionActivityRatio,BAU,ECU,T5OIDIND,,CH4_DE,1,2026,,,,,,3e-05
EmissionActivityRatio,BAU,ECU,T5OIDIND,,CH4_DE,1,2027,,,,,,3e-05
EmissionActivityRatio,BAU,ECU,T5OIDIND,,CH4_DE,1,2028,,,,,,3e-05
EmissionActivityRatio,BAU,ECU,T5OIDIND,,CH4_DE,1,2029,,,,,,3e-05
EmissionActivityRatio,BAU,ECU,T5OIDIND,,CH4_DE,1,2030,,,,,,3e-05
EmissionActivityRatio,BAU,ECU,T5OIDIND,,CH4_DE,1,2031,,,,,,3e-05
EmissionActivityRatio,BAU,ECU,T5OIDIND,,CH4_DE,1,2032,,,,,,3e-05
EmissionActivityRatio,BAU,ECU,T5OIDIND,,CH4_DE,1,2033,,,,,,3e-05
EmissionActivityRatio,BAU,ECU,T5OIDIND,,CH4_DE,1,2034,,,,,,3e-05
EmissionActivityRatio,BAU,ECU,T5OIDIND,,CH4_DE,1,2035,,,,,,3e-05
EmissionActivityRatio,BAU,ECU,T5DSLCON,,CH4_DE,1,2010,,,,,,3e-06
EmissionActivityRatio,BAU,ECU,T5DSLCON,,CH4_DE,1,2011,,,,,,3e-06
EmissionActivityRatio,BAU,ECU,T5DSLCON,,CH4_DE,1,2012,,,,,,3e-06
EmissionActivityRatio,BAU,ECU,T5DSLCON,,CH4_DE,1,2013,,,,,,3e-06
EmissionActivityRatio,BAU,ECU,T5DSLCON,,CH4_DE,1,2014,,,,,,3e-06
EmissionActivityRatio,BAU,ECU,T5DSLCON,,CH4_DE,1,2015,,,,,,3e-06
EmissionActivityRatio,BAU,ECU,T5DSLCON,,CH4_DE,1,2016,,,,,,3e-06
EmissionActivityRatio,BAU,ECU,T5DSLCON,,CH4_DE,1,2017,,,,,,3e-06
EmissionActivityRatio,BAU,ECU,T5DSLCON,,CH4_DE,1,2018,,,,,,3e-06
EmissionActivityRatio,BAU,ECU,T5DSLCON,,CH4_DE,1,2019,,,,,,3e-06
EmissionActivityRatio,BAU,ECU,T5DSLCON,,CH4_DE,1,2020,,,,,,3e-06
EmissionActivityRatio,BAU,ECU,T5DSLCON,,CH4_DE,1,2021,,,,,,3e-06
EmissionActivityRatio,BAU,ECU,T5DSLCON,,CH4_DE,1,2022,,,,,,3e-06
EmissionActivityRatio,BAU,ECU,T5DSLCON,,CH4_DE,1,2023,,,,,,3e-06
EmissionActivityRatio,BAU,ECU,T5DSLCON,,CH4_DE,1,2024,,,,,,3e-06
EmissionActivityRatio,BAU,ECU,T5DSLCON,,CH4_DE,1,2025,,,,,,3e-06
EmissionActivityRatio,BAU,ECU,T5DSLCON,,CH4_DE,1,2026,,,,,,3e-06
EmissionActivityRatio,BAU,ECU,T5DSLCON,,CH4_DE,1,2027,,,,,,3e-06
EmissionActivityRatio,BAU,ECU,T5DSLCON,,CH4_DE,1,2028,,,,,,3e-06
EmissionActivityRatio,BAU,ECU,T5DSLCON,,CH4_DE,1,2029,,,,,,3e-06
EmissionActivityRatio,BAU,ECU,T5DSLCON,,CH4_DE,1,2030,,,,,,3e-06
EmissionActivityRatio,BAU,ECU,T5DSLCON,,CH4_DE,1,2031,,,,,,3e-06
EmissionActivityRatio,BAU,ECU,T5DSLCON,,CH4_DE,1,2032,,,,,,3e-06
EmissionActivityRatio,BAU,ECU,T5DSLCON,,CH4_DE,1,2033,,,,,,3e-06
EmissionActivityRatio,BAU,ECU,T5DSLCON,,CH4_DE,1,2034,,,,,,3e-06
EmissionActivityRatio,BAU,ECU,T5DSLCON,,CH4_DE,1,2035,,,,,,3e-06
EmissionActivityRatio,BAU,ECU,T5ELECON,,CH4_DE,1,2010,,,,,,0.0
EmissionActivityRatio,BAU,ECU,T5ELECON,,CH4_DE,1,2011,,,,,,0.0
EmissionActivityRatio,BAU,ECU,T5ELECON,,CH4_DE,1,2012,,,,,,0.0
EmissionActivityRatio,BAU,ECU,T5ELECON,,CH4_DE,1,2013,,,,,,0.0
EmissionActivityRatio,BAU,ECU,T5ELECON,,CH4_DE,1,2014,,,,,,0.0
EmissionActivityRatio,BAU,ECU,T5ELECON,,CH4_DE,1,2015,,,,,,0.0
EmissionActivityRatio,BAU,ECU,T5ELECON,,CH4_DE,1,2016,,,,,,0.0
EmissionActivityRatio,BAU,ECU,T5ELECON,,CH4_DE,1,2017,,,,,,0.0
EmissionActivityRatio,BAU,ECU,T5ELECON,,CH4_DE,1,2018,,,,,,0.0
EmissionActivityRatio,BAU,ECU,T5ELECON,,CH4_DE,1,2019,,,,,,0.0
EmissionActivityRatio,BAU,ECU,T5ELECON,,CH4_DE,1,2020,,,,,,0.0
EmissionActivityRatio,BAU,ECU,T5ELECON,,CH4_DE,1,2021,,,,,,0.0
EmissionActivityRatio,BAU,ECU,T5ELECON,,CH4_DE,1,2022,,,,,,0.0
EmissionActivityRatio,BAU,ECU,T5ELECON,,CH4_DE,1,2023,,,,,,0.0
EmissionActivityRatio,BAU,ECU,T5ELECON,,CH4_DE,1,2024,,,,,,0.0
EmissionActivityRatio,BAU,ECU,T5ELECON,,CH4_DE,1,2025,,,,,,0.0
EmissionActivityRatio,BAU,ECU,T5ELECON,,CH4_DE,1,2026,,,,,,0.0
EmissionActivityRatio,BAU,ECU,T5ELECON,,CH4_DE,1,2027,,,,,,0.0
EmissionActivityRatio,BAU,ECU,T5ELECON,,CH4_DE,1,2028,,,,,,0.0
EmissionActivityRatio,BAU,ECU,T5ELECON,,CH4_DE,1,2029,,,,,,0.0
EmissionActivityRatio,BAU,ECU,T5ELECON,,CH4_DE,1,2030,,,,,,0.0
EmissionActivityRatio,BAU,ECU,T5ELECON,,CH4_DE,1,2031,,,,,,0.0
EmissionActivityRatio,BAU,ECU,T5ELECON,,CH4_DE,1,2032,,,,,,0.0
EmissionActivityRatio,BAU,ECU,T5ELECON,,CH4_DE,1,2033,,,,,,0.0
EmissionActivityRatio,BAU,ECU,T5ELECON,,CH4_DE,1,2034,,,,,,0.0
EmissionActivityRatio,BAU,ECU,T5ELECON,,CH4_DE,1,2035,,,,,,0.0
EmissionActivityRatio,BAU,ECU,T5FOICON,,CH4_DE,1,2010,,,,,,3e-06
EmissionActivityRatio,BAU,ECU,T5FOICON,,CH4_DE,1,2011,,,,,,3e-06
EmissionActivityRatio,BAU,ECU,T5FOICON,,CH4_DE,1,2012,,,,,,3e-06
EmissionActivityRatio,BAU,ECU,T5FOICON,,CH4_DE,1,2013,,,,,,3e-06
EmissionActivityRatio,BAU,ECU,T5FOICON,,CH4_DE,1,2014,,,,,,3e-06
EmissionActivityRatio,BAU,ECU,T5FOICON,,CH4_DE,1,2015,,,,,,3e-06
EmissionActivityRatio,BAU,ECU,T5FOICON,,CH4_DE,1,2016,,,,,,3e-06
EmissionActivityRatio,BAU,ECU,T5FOICON,,CH4_DE,1,2017,,,,,,3e-06
EmissionActivityRatio,BAU,ECU,T5FOICON,,CH4_DE,1,2018,,,,,,3e-06
EmissionActivityRatio,BAU,ECU,T5FOICON,,CH4_DE,1,2019,,,,,,3e-06
EmissionActivityRatio,BAU,ECU,T5FOICON,,CH4_DE,1,2020,,,,,,3e-06
EmissionActivityRatio,BAU,ECU,T5FOICON,,CH4_DE,1,2021,,,,,,3e-06
EmissionActivityRatio,BAU,ECU,T5FOICON,,CH4_DE,1,2022,,,,,,3e-06
EmissionActivityRatio,BAU,ECU,T5FOICON,,CH4_DE,1,2023,,,,,,3e-06
EmissionActivityRatio,BAU,ECU,T5FOICON,,CH4_DE,1,2024,,,,,,3e-06
EmissionActivityRatio,BAU,ECU,T5FOICON,,CH4_DE,1,2025,,,,,,3e-06
EmissionActivityRatio,BAU,ECU,T5FOICON,,CH4_DE,1,2026,,,,,,3e-06
EmissionActivityRatio,BAU,ECU,T5FOICON,,CH4_DE,1,2027,,,,,,3e-06
EmissionActivityRatio,BAU,ECU,T5FOICON,,CH4_DE,1,2028,,,,,,3e-06
EmissionActivityRatio,BAU,ECU,T5FOICON,,CH4_DE,1,2029,,,,,,3e-06
EmissionActivityRatio,BAU,ECU,T5FOICON,,CH4_DE,1,2030,,,,,,3e-06
EmissionActivityRatio,BAU,ECU,T5FOICON,,CH4_DE,1,2031,,,,,,3e-06
EmissionActivityRatio,BAU,ECU,T5FOICON,,CH4_DE,1,2032,,,,,,3e-06
EmissionActivityRatio,BAU,ECU,T5FOICON,,CH4_DE,1,2033,,,,,,3e-06
EmissionActivityRatio,BAU,ECU,T5FOICON,,CH4_DE,1,2034,,,,,,3e-06
EmissionActivityRatio,BAU,ECU,T5FOICON,,CH4_DE,1,2035,,,,,,3e-06
EmissionActivityRatio,BAU,ECU,T5GSLCON,,CH4_DE,1,2010,,,,,,3e-06
EmissionActivityRatio,BAU,ECU,T5GSLCON,,CH4_DE,1,2011,,,,,,3e-06
EmissionActivityRatio,BAU,ECU,T5GSLCON,,CH4_DE,1,2012,,,,,,3e-06
EmissionActivityRatio,BAU,ECU,T5GSLCON,,CH4_DE,1,2013,,,,,,3e-06
EmissionActivityRatio,BAU,ECU,T5GSLCON,,CH4_DE,1,2014,,,,,,3e-06
EmissionActivityRatio,BAU,ECU,T5GSLCON,,CH4_DE,1,2015,,,,,,3e-06
EmissionActivityRatio,BAU,ECU,T5GSLCON,,CH4_DE,1,2016,,,,,,3e-06
EmissionActivityRatio,BAU,ECU,T5GSLCON,,CH4_DE,1,2017,,,,,,3e-06
EmissionActivityRatio,BAU,ECU,T5GSLCON,,CH4_DE,1,2018,,,,,,3e-06
EmissionActivityRatio,BAU,ECU,T5GSLCON,,CH4_DE,1,2019,,,,,,3e-06
EmissionActivityRatio,BAU,ECU,T5GSLCON,,CH4_DE,1,2020,,,,,,3e-06
EmissionActivityRatio,BAU,ECU,T5GSLCON,,CH4_DE,1,2021,,,,,,3e-06
EmissionActivityRatio,BAU,ECU,T5GSLCON,,CH4_DE,1,2022,,,,,,3e-06
EmissionActivityRatio,BAU,ECU,T5GSLCON,,CH4_DE,1,2023,,,,,,3e-06
EmissionActivityRatio,BAU,ECU,T5GSLCON,,CH4_DE,1,2024,,,,,,3e-06
EmissionActivityRatio,BAU,ECU,T5GSLCON,,CH4_DE,1,2025,,,,,,3e-06
EmissionActivityRatio,BAU,ECU,T5GSLCON,,CH4_DE,1,2026,,,,,,3e-06
EmissionActivityRatio,BAU,ECU,T5GSLCON,,CH4_DE,1,2027,,,,,,3e-06
EmissionActivityRatio,BAU,ECU,T5GSLCON,,CH4_DE,1,2028,,,,,,3e-06
EmissionActivityRatio,BAU,ECU,T5GSLCON,,CH4_DE,1,2029,,,,,,3e-06
EmissionActivityRatio,BAU,ECU,T5GSLCON,,CH4_DE,1,2030,,,,,,3e-06
EmissionActivityRatio,BAU,ECU,T5GSLCON,,CH4_DE,1,2031,,,,,,3e-06
EmissionActivityRatio,BAU,ECU,T5GSLCON,,CH4_DE,1,2032,,,,,,3e-06
EmissionActivityRatio,BAU,ECU,T5GSLCON,,CH4_DE,1,2033,,,,,,3e-06
EmissionActivityRatio,BAU,ECU,T5GSLCON,,CH4_DE,1,2034,,,,,,3e-06
EmissionActivityRatio,BAU,ECU,T5GSLCON,,CH4_DE,1,2035,,,,,,3e-06
EmissionActivityRatio,BAU,ECU,T5LPGCON,,CH4_DE,1,2010,,,,,,1e-06
EmissionActivityRatio,BAU,ECU,T5LPGCON,,CH4_DE,1,2011,,,,,,1e-06
EmissionActivityRatio,BAU,ECU,T5LPGCON,,CH4_DE,1,2012,,,,,,1e-06
EmissionActivityRatio,BAU,ECU,T5LPGCON,,CH4_DE,1,2013,,,,,,1e-06
EmissionActivityRatio,BAU,ECU,T5LPGCON,,CH4_DE,1,2014,,,,,,1e-06
EmissionActivityRatio,BAU,ECU,T5LPGCON,,CH4_DE,1,2015,,,,,,1e-06
EmissionActivityRatio,BAU,ECU,T5LPGCON,,CH4_DE,1,2016,,,,,,1e-06
EmissionActivityRatio,BAU,ECU,T5LPGCON,,CH4_DE,1,2017,,,,,,1e-06
EmissionActivityRatio,BAU,ECU,T5LPGCON,,CH4_DE,1,2018,,,,,,1e-06
EmissionActivityRatio,BAU,ECU,T5LPGCON,,CH4_DE,1,2019,,,,,,1e-06
EmissionActivityRatio,BAU,ECU,T5LPGCON,,CH4_DE,1,2020,,,,,,1e-06
EmissionActivityRatio,BAU,ECU,T5LPGCON,,CH4_DE,1,2021,,,,,,1e-06
EmissionActivityRatio,BAU,ECU,T5LPGCON,,CH4_DE,1,2022,,,,,,1e-06
EmissionActivityRatio,BAU,ECU,T5LPGCON,,CH4_DE,1,2023,,,,,,1e-06
EmissionActivityRatio,BAU,ECU,T5LPGCON,,CH4_DE,1,2024,,,,,,1e-06
EmissionActivityRatio,BAU,ECU,T5LPGCON,,CH4_DE,1,2025,,,,,,1e-06
EmissionActivityRatio,BAU,ECU,T5LPGCON,,CH4_DE,1,2026,,,,,,1e-06
EmissionActivityRatio,BAU,ECU,T5LPGCON,,CH4_DE,1,2027,,,,,,1e-06
EmissionActivityRatio,BAU,ECU,T5LPGCON,,CH4_DE,1,2028,,,,,,1e-06
EmissionActivityRatio,BAU,ECU,T5LPGCON,,CH4_DE,1,2029,,,,,,1e-06
EmissionActivityRatio,BAU,ECU,T5LPGCON,,CH4_DE,1,2030,,,,,,1e-06
EmissionActivityRatio,BAU,ECU,T5LPGCON,,CH4_DE,1,2031,,,,,,1e-06
EmissionActivityRatio,BAU,ECU,T5LPGCON,,CH4_DE,1,2032,,,,,,1e-06
EmissionActivityRatio,BAU,ECU,T5LPGCON,,CH4_DE,1,2033,,,,,,1e-06
EmissionActivityRatio,BAU,ECU,T5LPGCON,,CH4_DE,1,2034,,,,,,1e-06
EmissionActivityRatio,BAU,ECU,T5LPGCON,,CH4_DE,1,2035,,,,,,1e-06
EmissionActivityRatio,BAU,ECU,T5OPECON,,CH4_DE,1,2010,,,,,,0.0
EmissionActivityRatio,BAU,ECU,T5OPECON,,CH4_DE,1,2011,,,,,,0.0
EmissionActivityRatio,BAU,ECU,T5OPECON,,CH4_DE,1,2012,,,,,,0.0
EmissionActivityRatio,BAU,ECU,T5OPECON,,CH4_DE,1,2013,,,,,,0.0
EmissionActivityRatio,BAU,ECU,T5OPECON,,CH4_DE,1,2014,,,,,,0.0
EmissionActivityRatio,BAU,ECU,T5OPECON,,CH4_DE,1,2015,,,,,,0.0
EmissionActivityRatio,BAU,ECU,T5OPECON,,CH4_DE,1,2016,,,,,,0.0
EmissionActivityRatio,BAU,ECU,T5OPECON,,CH4_DE,1,2017,,,,,,0.0
EmissionActivityRatio,BAU,ECU,T5OPECON,,CH4_DE,1,2018,,,,,,0.0
EmissionActivityRatio,BAU,ECU,T5OPECON,,CH4_DE,1,2019,,,,,,0.0
EmissionActivityRatio,BAU,ECU,T5OPECON,,CH4_DE,1,2020,,,,,,0.0
EmissionActivityRatio,BAU,ECU,T5OPECON,,CH4_DE,1,2021,,,,,,0.0
EmissionActivityRatio,BAU,ECU,T5OPECON,,CH4_DE,1,2022,,,,,,0.0
EmissionActivityRatio,BAU,ECU,T5OPECON,,CH4_DE,1,2023,,,,,,0.0
EmissionActivityRatio,BAU,ECU,T5OPECON,,CH4_DE,1,2024,,,,,,0.0
EmissionActivityRatio,BAU,ECU,T5OPECON,,CH4_DE,1,2025,,,,,,0.0
EmissionActivityRatio,BAU,ECU,T5OPECON,,CH4_DE,1,2026,,,,,,0.0
EmissionActivityRatio,BAU,ECU,T5OPECON,,CH4_DE,1,2027,,,,,,0.0
EmissionActivityRatio,BAU,ECU,T5OPECON,,CH4_DE,1,2028,,,,,,0.0
EmissionActivityRatio,BAU,ECU,T5OPECON,,CH4_DE,1,2029,,,,,,0.0
EmissionActivityRatio,BAU,ECU,T5OPECON,,CH4_DE,1,2030,,,,,,0.0
EmissionActivityRatio,BAU,ECU,T5OPECON,,CH4_DE,1,2031,,,,,,0.0
EmissionActivityRatio,BAU,ECU,T5OPECON,,CH4_DE,1,2032,,,,,,0.0
EmissionActivityRatio,BAU,ECU,T5OPECON,,CH4_DE,1,2033,,,,,,0.0
EmissionActivityRatio,BAU,ECU,T5OPECON,,CH4_DE,1,2034,,,,,,0.0
EmissionActivityRatio,BAU,ECU,T5OPECON,,CH4_DE,1,2035,,,,,,0.0
EmissionActivityRatio,BAU,ECU,T5JETTAE,,CH4_DE,1,2010,,,,,,3e-06
EmissionActivityRatio,BAU,ECU,T5JETTAE,,CH4_DE,1,2011,,,,,,3e-06
EmissionActivityRatio,BAU,ECU,T5JETTAE,,CH4_DE,1,2012,,,,,,3e-06
EmissionActivityRatio,BAU,ECU,T5JETTAE,,CH4_DE,1,2013,,,,,,3e-06
EmissionActivityRatio,BAU,ECU,T5JETTAE,,CH4_DE,1,2014,,,,,,3e-06
EmissionActivityRatio,BAU,ECU,T5JETTAE,,CH4_DE,1,2015,,,,,,3e-06
EmissionActivityRatio,BAU,ECU,T5JETTAE,,CH4_DE,1,2016,,,,,,3e-06
EmissionActivityRatio,BAU,ECU,T5JETTAE,,CH4_DE,1,2017,,,,,,3e-06
EmissionActivityRatio,BAU,ECU,T5JETTAE,,CH4_DE,1,2018,,,,,,3e-06
EmissionActivityRatio,BAU,ECU,T5JETTAE,,CH4_DE,1,2019,,,,,,3e-06
EmissionActivityRatio,BAU,ECU,T5JETTAE,,CH4_DE,1,2020,,,,,,3e-06
EmissionActivityRatio,BAU,ECU,T5JETTAE,,CH4_DE,1,2021,,,,,,3e-06
EmissionActivityRatio,BAU,ECU,T5JETTAE,,CH4_DE,1,2022,,,,,,3e-06
EmissionActivityRatio,BAU,ECU,T5JETTAE,,CH4_DE,1,2023,,,,,,3e-06
EmissionActivityRatio,BAU,ECU,T5JETTAE,,CH4_DE,1,2024,,,,,,3e-06
EmissionActivityRatio,BAU,ECU,T5JETTAE,,CH4_DE,1,2025,,,,,,3e-06
EmissionActivityRatio,BAU,ECU,T5JETTAE,,CH4_DE,1,2026,,,,,,3e-06
EmissionActivityRatio,BAU,ECU,T5JETTAE,,CH4_DE,1,2027,,,,,,3e-06
EmissionActivityRatio,BAU,ECU,T5JETTAE,,CH4_DE,1,2028,,,,,,3e-06
EmissionActivityRatio,BAU,ECU,T5JETTAE,,CH4_DE,1,2029,,,,,,3e-06
EmissionActivityRatio,BAU,ECU,T5JETTAE,,CH4_DE,1,2030,,,,,,3e-06
EmissionActivityRatio,BAU,ECU,T5JETTAE,,CH4_DE,1,2031,,,,,,3e-06
EmissionActivityRatio,BAU,ECU,T5JETTAE,,CH4_DE,1,2032,,,,,,3e-06
EmissionActivityRatio,BAU,ECU,T5JETTAE,,CH4_DE,1,2033,,,,,,3e-06
EmissionActivityRatio,BAU,ECU,T5JETTAE,,CH4_DE,1,2034,,,,,,3e-06
EmissionActivityRatio,BAU,ECU,T5JETTAE,,CH4_DE,1,2035,,,,,,3e-06
EmissionActivityRatio,BAU,ECU,T5DSLTMA,,CH4_DE,1,2010,,,,,,3e-06
EmissionActivityRatio,BAU,ECU,T5DSLTMA,,CH4_DE,1,2011,,,,,,3e-06
EmissionActivityRatio,BAU,ECU,T5DSLTMA,,CH4_DE,1,2012,,,,,,3e-06
EmissionActivityRatio,BAU,ECU,T5DSLTMA,,CH4_DE,1,2013,,,,,,3e-06
EmissionActivityRatio,BAU,ECU,T5DSLTMA,,CH4_DE,1,2014,,,,,,3e-06
EmissionActivityRatio,BAU,ECU,T5DSLTMA,,CH4_DE,1,2015,,,,,,3e-06
EmissionActivityRatio,BAU,ECU,T5DSLTMA,,CH4_DE,1,2016,,,,,,3e-06
EmissionActivityRatio,BAU,ECU,T5DSLTMA,,CH4_DE,1,2017,,,,,,3e-06
EmissionActivityRatio,BAU,ECU,T5DSLTMA,,CH4_DE,1,2018,,,,,,3e-06
EmissionActivityRatio,BAU,ECU,T5DSLTMA,,CH4_DE,1,2019,,,,,,3e-06
EmissionActivityRatio,BAU,ECU,T5DSLTMA,,CH4_DE,1,2020,,,,,,3e-06
EmissionActivityRatio,BAU,ECU,T5DSLTMA,,CH4_DE,1,2021,,,,,,3e-06
EmissionActivityRatio,BAU,ECU,T5DSLTMA,,CH4_DE,1,2022,,,,,,3e-06
EmissionActivityRatio,BAU,ECU,T5DSLTMA,,CH4_DE,1,2023,,,,,,3e-06
EmissionActivityRatio,BAU,ECU,T5DSLTMA,,CH4_DE,1,2024,,,,,,3e-06
EmissionActivityRatio,BAU,ECU,T5DSLTMA,,CH4_DE,1,2025,,,,,,3e-06
EmissionActivityRatio,BAU,ECU,T5DSLTMA,,CH4_DE,1,2026,,,,,,3e-06
EmissionActivityRatio,BAU,ECU,T5DSLTMA,,CH4_DE,1,2027,,,,,,3e-06
EmissionActivityRatio,BAU,ECU,T5DSLTMA,,CH4_DE,1,2028,,,,,,3e-06
EmissionActivityRatio,BAU,ECU,T5DSLTMA,,CH4_DE,1,2029,,,,,,3e-06
EmissionActivityRatio,BAU,ECU,T5DSLTMA,,CH4_DE,1,2030,,,,,,3e-06
EmissionActivityRatio,BAU,ECU,T5DSLTMA,,CH4_DE,1,2031,,,,,,3e-06
EmissionActivityRatio,BAU,ECU,T5DSLTMA,,CH4_DE,1,2032,,,,,,3e-06
EmissionActivityRatio,BAU,ECU,T5DSLTMA,,CH4_DE,1,2033,,,,,,3e-06
EmissionActivityRatio,BAU,ECU,T5DSLTMA,,CH4_DE,1,2034,,,,,,3e-06
EmissionActivityRatio,BAU,ECU,T5DSLTMA,,CH4_DE,1,2035,,,,,,3e-06
EmissionActivityRatio,BAU,ECU,T5NGSTMA,,CH4_DE,1,2010,,,,,,1e-06
EmissionActivityRatio,BAU,ECU,T5NGSTMA,,CH4_DE,1,2011,,,,,,1e-06
EmissionActivityRatio,BAU,ECU,T5NGSTMA,,CH4_DE,1,2012,,,,,,1e-06
EmissionActivityRatio,BAU,ECU,T5NGSTMA,,CH4_DE,1,2013,,,,,,1e-06
EmissionActivityRatio,BAU,ECU,T5NGSTMA,,CH4_DE,1,2014,,,,,,1e-06
EmissionActivityRatio,BAU,ECU,T5NGSTMA,,CH4_DE,1,2015,,,,,,1e-06
EmissionActivityRatio,BAU,ECU,T5NGSTMA,,CH4_DE,1,2016,,,,,,1e-06
EmissionActivityRatio,BAU,ECU,T5NGSTMA,,CH4_DE,1,2017,,,,,,1e-06
EmissionActivityRatio,BAU,ECU,T5NGSTMA,,CH4_DE,1,2018,,,,,,1e-06
EmissionActivityRatio,BAU,ECU,T5NGSTMA,,CH4_DE,1,2019,,,,,,1e-06
EmissionActivityRatio,BAU,ECU,T5NGSTMA,,CH4_DE,1,2020,,,,,,1e-06
EmissionActivityRatio,BAU,ECU,T5NGSTMA,,CH4_DE,1,2021,,,,,,1e-06
EmissionActivityRatio,BAU,ECU,T5NGSTMA,,CH4_DE,1,2022,,,,,,1e-06
EmissionActivityRatio,BAU,ECU,T5NGSTMA,,CH4_DE,1,2023,,,,,,1e-06
EmissionActivityRatio,BAU,ECU,T5NGSTMA,,CH4_DE,1,2024,,,,,,1e-06
EmissionActivityRatio,BAU,ECU,T5NGSTMA,,CH4_DE,1,2025,,,,,,1e-06
EmissionActivityRatio,BAU,ECU,T5NGSTMA,,CH4_DE,1,2026,,,,,,1e-06
EmissionActivityRatio,BAU,ECU,T5NGSTMA,,CH4_DE,1,2027,,,,,,1e-06
EmissionActivityRatio,BAU,ECU,T5NGSTMA,,CH4_DE,1,2028,,,,,,1e-06
EmissionActivityRatio,BAU,ECU,T5NGSTMA,,CH4_DE,1,2029,,,,,,1e-06
EmissionActivityRatio,BAU,ECU,T5NGSTMA,,CH4_DE,1,2030,,,,,,1e-06
EmissionActivityRatio,BAU,ECU,T5NGSTMA,,CH4_DE,1,2031,,,,,,1e-06
EmissionActivityRatio,BAU,ECU,T5NGSTMA,,CH4_DE,1,2032,,,,,,1e-06
EmissionActivityRatio,BAU,ECU,T5NGSTMA,,CH4_DE,1,2033,,,,,,1e-06
EmissionActivityRatio,BAU,ECU,T5NGSTMA,,CH4_DE,1,2034,,,,,,1e-06
EmissionActivityRatio,BAU,ECU,T5NGSTMA,,CH4_DE,1,2035,,,,,,1e-06
EmissionActivityRatio,BAU,ECU,T5LPGTMA,,CH4_DE,1,2010,,,,,,1e-06
EmissionActivityRatio,BAU,ECU,T5LPGTMA,,CH4_DE,1,2011,,,,,,1e-06
EmissionActivityRatio,BAU,ECU,T5LPGTMA,,CH4_DE,1,2012,,,,,,1e-06
EmissionActivityRatio,BAU,ECU,T5LPGTMA,,CH4_DE,1,2013,,,,,,1e-06
EmissionActivityRatio,BAU,ECU,T5LPGTMA,,CH4_DE,1,2014,,,,,,1e-06
EmissionActivityRatio,BAU,ECU,T5LPGTMA,,CH4_DE,1,2015,,,,,,1e-06
EmissionActivityRatio,BAU,ECU,T5LPGTMA,,CH4_DE,1,2016,,,,,,1e-06
EmissionActivityRatio,BAU,ECU,T5LPGTMA,,CH4_DE,1,2017,,,,,,1e-06
EmissionActivityRatio,BAU,ECU,T5LPGTMA,,CH4_DE,1,2018,,,,,,1e-06
EmissionActivityRatio,BAU,ECU,T5LPGTMA,,CH4_DE,1,2019,,,,,,1e-06
EmissionActivityRatio,BAU,ECU,T5LPGTMA,,CH4_DE,1,2020,,,,,,1e-06
EmissionActivityRatio,BAU,ECU,T5LPGTMA,,CH4_DE,1,2021,,,,,,1e-06
EmissionActivityRatio,BAU,ECU,T5LPGTMA,,CH4_DE,1,2022,,,,,,1e-06
EmissionActivityRatio,BAU,ECU,T5LPGTMA,,CH4_DE,1,2023,,,,,,1e-06
EmissionActivityRatio,BAU,ECU,T5LPGTMA,,CH4_DE,1,2024,,,,,,1e-06
EmissionActivityRatio,BAU,ECU,T5LPGTMA,,CH4_DE,1,2025,,,,,,1e-06
EmissionActivityRatio,BAU,ECU,T5LPGTMA,,CH4_DE,1,2026,,,,,,1e-06
EmissionActivityRatio,BAU,ECU,T5LPGTMA,,CH4_DE,1,2027,,,,,,1e-06
EmissionActivityRatio,BAU,ECU,T5LPGTMA,,CH4_DE,1,2028,,,,,,1e-06
EmissionActivityRatio,BAU,ECU,T5LPGTMA,,CH4_DE,1,2029,,,,,,1e-06
EmissionActivityRatio,BAU,ECU,T5LPGTMA,,CH4_DE,1,2030,,,,,,1e-06
EmissionActivityRatio,BAU,ECU,T5LPGTMA,,CH4_DE,1,2031,,,,,,1e-06
EmissionActivityRatio,BAU,ECU,T5LPGTMA,,CH4_DE,1,2032,,,,,,1e-06
EmissionActivityRatio,BAU,ECU,T5LPGTMA,,CH4_DE,1,2033,,,,,,1e-06
EmissionActivityRatio,BAU,ECU,T5LPGTMA,,CH4_DE,1,2034,,,,,,1e-06
EmissionActivityRatio,BAU,ECU,T5LPGTMA,,CH4_DE,1,2035,,,,,,1e-06
EmissionActivityRatio,BAU,ECU,T5ELETMA,,CH4_DE,1,2010,,,,,,0.0
EmissionActivityRatio,BAU,ECU,T5ELETMA,,CH4_DE,1,2011,,,,,,0.0
EmissionActivityRatio,BAU,ECU,T5ELETMA,,CH4_DE,1,2012,,,,,,0.0
EmissionActivityRatio,BAU,ECU,T5ELETMA,,CH4_DE,1,2013,,,,,,0.0
EmissionActivityRatio,BAU,ECU,T5ELETMA,,CH4_DE,1,2014,,,,,,0.0
EmissionActivityRatio,BAU,ECU,T5ELETMA,,CH4_DE,1,2015,,,,,,0.0
EmissionActivityRatio,BAU,ECU,T5ELETMA,,CH4_DE,1,2016,,,,,,0.0
EmissionActivityRatio,BAU,ECU,T5ELETMA,,CH4_DE,1,2017,,,,,,0.0
EmissionActivityRatio,BAU,ECU,T5ELETMA,,CH4_DE,1,2018,,,,,,0.0
EmissionActivityRatio,BAU,ECU,T5ELETMA,,CH4_DE,1,2019,,,,,,0.0
EmissionActivityRatio,BAU,ECU,T5ELETMA,,CH4_DE,1,2020,,,,,,0.0
EmissionActivityRatio,BAU,ECU,T5ELETMA,,CH4_DE,1,2021,,,,,,0.0
EmissionActivityRatio,BAU,ECU,T5ELETMA,,CH4_DE,1,2022,,,,,,0.0
EmissionActivityRatio,BAU,ECU,T5ELETMA,,CH4_DE,1,2023,,,,,,0.0
EmissionActivityRatio,BAU,ECU,T5ELETMA,,CH4_DE,1,2024,,,,,,0.0
EmissionActivityRatio,BAU,ECU,T5ELETMA,,CH4_DE,1,2025,,,,,,0.0
EmissionActivityRatio,BAU,ECU,T5ELETMA,,CH4_DE,1,2026,,,,,,0.0
EmissionActivityRatio,BAU,ECU,T5ELETMA,,CH4_DE,1,2027,,,,,,0.0
EmissionActivityRatio,BAU,ECU,T5ELETMA,,CH4_DE,1,2028,,,,,,0.0
EmissionActivityRatio,BAU,ECU,T5ELETMA,,CH4_DE,1,2029,,,,,,0.0
EmissionActivityRatio,BAU,ECU,T5ELETMA,,CH4_DE,1,2030,,,,,,0.0
EmissionActivityRatio,BAU,ECU,T5ELETMA,,CH4_DE,1,2031,,,,,,0.0
EmissionActivityRatio,BAU,ECU,T5ELETMA,,CH4_DE,1,2032,,,,,,0.0
EmissionActivityRatio,BAU,ECU,T5ELETMA,,CH4_DE,1,2033,,,,,,0.0
EmissionActivityRatio,BAU,ECU,T5ELETMA,,CH4_DE,1,2034,,,,,,0.0
EmissionActivityRatio,BAU,ECU,T5ELETMA,,CH4_DE,1,2035,,,,,,0.0
EmissionActivityRatio,BAU,ECU,T5FOITMA,,CH4_DE,1,2010,,,,,,3e-06
EmissionActivityRatio,BAU,ECU,T5FOITMA,,CH4_DE,1,2011,,,,,,3e-06
EmissionActivityRatio,BAU,ECU,T5FOITMA,,CH4_DE,1,2012,,,,,,3e-06
EmissionActivityRatio,BAU,ECU,T5FOITMA,,CH4_DE,1,2013,,,,,,3e-06
EmissionActivityRatio,BAU,ECU,T5FOITMA,,CH4_DE,1,2014,,,,,,3e-06
EmissionActivityRatio,BAU,ECU,T5FOITMA,,CH4_DE,1,2015,,,,,,3e-06
EmissionActivityRatio,BAU,ECU,T5FOITMA,,CH4_DE,1,2016,,,,,,3e-06
EmissionActivityRatio,BAU,ECU,T5FOITMA,,CH4_DE,1,2017,,,,,,3e-06
EmissionActivityRatio,BAU,ECU,T5FOITMA,,CH4_DE,1,2018,,,,,,3e-06
EmissionActivityRatio,BAU,ECU,T5FOITMA,,CH4_DE,1,2019,,,,,,3e-06
EmissionActivityRatio,BAU,ECU,T5FOITMA,,CH4_DE,1,2020,,,,,,3e-06
EmissionActivityRatio,BAU,ECU,T5FOITMA,,CH4_DE,1,2021,,,,,,3e-06
EmissionActivityRatio,BAU,ECU,T5FOITMA,,CH4_DE,1,2022,,,,,,3e-06
EmissionActivityRatio,BAU,ECU,T5FOITMA,,CH4_DE,1,2023,,,,,,3e-06
EmissionActivityRatio,BAU,ECU,T5FOITMA,,CH4_DE,1,2024,,,,,,3e-06
EmissionActivityRatio,BAU,ECU,T5FOITMA,,CH4_DE,1,2025,,,,,,3e-06
EmissionActivityRatio,BAU,ECU,T5FOITMA,,CH4_DE,1,2026,,,,,,3e-06
EmissionActivityRatio,BAU,ECU,T5FOITMA,,CH4_DE,1,2027,,,,,,3e-06
EmissionActivityRatio,BAU,ECU,T5FOITMA,,CH4_DE,1,2028,,,,,,3e-06
EmissionActivityRatio,BAU,ECU,T5FOITMA,,CH4_DE,1,2029,,,,,,3e-06
EmissionActivityRatio,BAU,ECU,T5FOITMA,,CH4_DE,1,2030,,,,,,3e-06
EmissionActivityRatio,BAU,ECU,T5FOITMA,,CH4_DE,1,2031,,,,,,3e-06
EmissionActivityRatio,BAU,ECU,T5FOITMA,,CH4_DE,1,2032,,,,,,3e-06
EmissionActivityRatio,BAU,ECU,T5FOITMA,,CH4_DE,1,2033,,,,,,3e-06
EmissionActivityRatio,BAU,ECU,T5FOITMA,,CH4_DE,1,2034,,,,,,3e-06
EmissionActivityRatio,BAU,ECU,T5FOITMA,,CH4_DE,1,2035,,,,,,3e-06
EmissionActivityRatio,BAU,ECU,T5DSLTRO,,CH4_DE,1,2010,,,,,,3.9e-06
EmissionActivityRatio,BAU,ECU,T5DSLTRO,,CH4_DE,1,2011,,,,,,3.9e-06
EmissionActivityRatio,BAU,ECU,T5DSLTRO,,CH4_DE,1,2012,,,,,,3.9e-06
EmissionActivityRatio,BAU,ECU,T5DSLTRO,,CH4_DE,1,2013,,,,,,3.9e-06
EmissionActivityRatio,BAU,ECU,T5DSLTRO,,CH4_DE,1,2014,,,,,,3.9e-06
EmissionActivityRatio,BAU,ECU,T5DSLTRO,,CH4_DE,1,2015,,,,,,3.9e-06
EmissionActivityRatio,BAU,ECU,T5DSLTRO,,CH4_DE,1,2016,,,,,,3.9e-06
EmissionActivityRatio,BAU,ECU,T5DSLTRO,,CH4_DE,1,2017,,,,,,3.9e-06
EmissionActivityRatio,BAU,ECU,T5DSLTRO,,CH4_DE,1,2018,,,,,,3.9e-06
EmissionActivityRatio,BAU,ECU,T5DSLTRO,,CH4_DE,1,2019,,,,,,3.9e-06
EmissionActivityRatio,BAU,ECU,T5DSLTRO,,CH4_DE,1,2020,,,,,,3.9e-06
EmissionActivityRatio,BAU,ECU,T5DSLTRO,,CH4_DE,1,2021,,,,,,3.9e-06
EmissionActivityRatio,BAU,ECU,T5DSLTRO,,CH4_DE,1,2022,,,,,,3.9e-06
EmissionActivityRatio,BAU,ECU,T5DSLTRO,,CH4_DE,1,2023,,,,,,3.9e-06
EmissionActivityRatio,BAU,ECU,T5DSLTRO,,CH4_DE,1,2024,,,,,,3.9e-06
EmissionActivityRatio,BAU,ECU,T5DSLTRO,,CH4_DE,1,2025,,,,,,3.9e-06
EmissionActivityRatio,BAU,ECU,T5DSLTRO,,CH4_DE,1,2026,,,,,,3.9e-06
EmissionActivityRatio,BAU,ECU,T5DSLTRO,,CH4_DE,1,2027,,,,,,3.9e-06
EmissionActivityRatio,BAU,ECU,T5DSLTRO,,CH4_DE,1,2028,,,,,,3.9e-06
EmissionActivityRatio,BAU,ECU,T5DSLTRO,,CH4_DE,1,2029,,,,,,3.9e-06
EmissionActivityRatio,BAU,ECU,T5DSLTRO,,CH4_DE,1,2030,,,,,,3.9e-06
EmissionActivityRatio,BAU,ECU,T5DSLTRO,,CH4_DE,1,2031,,,,,,3.9e-06
EmissionActivityRatio,BAU,ECU,T5DSLTRO,,CH4_DE,1,2032,,,,,,3.9e-06
EmissionActivityRatio,BAU,ECU,T5DSLTRO,,CH4_DE,1,2033,,,,,,3.9e-06
EmissionActivityRatio,BAU,ECU,T5DSLTRO,,CH4_DE,1,2034,,,,,,3.9e-06
EmissionActivityRatio,BAU,ECU,T5DSLTRO,,CH4_DE,1,2035,,,,,,3.9e-06
EmissionActivityRatio,BAU,ECU,T5GSLTRO,,CH4_DE,1,2010,,,,,,3.3e-05
EmissionActivityRatio,BAU,ECU,T5GSLTRO,,CH4_DE,1,2011,,,,,,3.3e-05
EmissionActivityRatio,BAU,ECU,T5GSLTRO,,CH4_DE,1,2012,,,,,,3.3e-05
EmissionActivityRatio,BAU,ECU,T5GSLTRO,,CH4_DE,1,2013,,,,,,3.3e-05
EmissionActivityRatio,BAU,ECU,T5GSLTRO,,CH4_DE,1,2014,,,,,,3.3e-05
EmissionActivityRatio,BAU,ECU,T5GSLTRO,,CH4_DE,1,2015,,,,,,3.3e-05
EmissionActivityRatio,BAU,ECU,T5GSLTRO,,CH4_DE,1,2016,,,,,,3.3e-05
EmissionActivityRatio,BAU,ECU,T5GSLTRO,,CH4_DE,1,2017,,,,,,3.3e-05
EmissionActivityRatio,BAU,ECU,T5GSLTRO,,CH4_DE,1,2018,,,,,,3.3e-05
EmissionActivityRatio,BAU,ECU,T5GSLTRO,,CH4_DE,1,2019,,,,,,3.3e-05
EmissionActivityRatio,BAU,ECU,T5GSLTRO,,CH4_DE,1,2020,,,,,,3.3e-05
EmissionActivityRatio,BAU,ECU,T5GSLTRO,,CH4_DE,1,2021,,,,,,3.3e-05
EmissionActivityRatio,BAU,ECU,T5GSLTRO,,CH4_DE,1,2022,,,,,,3.3e-05
EmissionActivityRatio,BAU,ECU,T5GSLTRO,,CH4_DE,1,2023,,,,,,3.3e-05
EmissionActivityRatio,BAU,ECU,T5GSLTRO,,CH4_DE,1,2024,,,,,,3.3e-05
EmissionActivityRatio,BAU,ECU,T5GSLTRO,,CH4_DE,1,2025,,,,,,3.3e-05
EmissionActivityRatio,BAU,ECU,T5GSLTRO,,CH4_DE,1,2026,,,,,,3.3e-05
EmissionActivityRatio,BAU,ECU,T5GSLTRO,,CH4_DE,1,2027,,,,,,3.3e-05
EmissionActivityRatio,BAU,ECU,T5GSLTRO,,CH4_DE,1,2028,,,,,,3.3e-05
EmissionActivityRatio,BAU,ECU,T5GSLTRO,,CH4_DE,1,2029,,,,,,3.3e-05
EmissionActivityRatio,BAU,ECU,T5GSLTRO,,CH4_DE,1,2030,,,,,,3.3e-05
EmissionActivityRatio,BAU,ECU,T5GSLTRO,,CH4_DE,1,2031,,,,,,3.3e-05
EmissionActivityRatio,BAU,ECU,T5GSLTRO,,CH4_DE,1,2032,,,,,,3.3e-05
EmissionActivityRatio,BAU,ECU,T5GSLTRO,,CH4_DE,1,2033,,,,,,3.3e-05
EmissionActivityRatio,BAU,ECU,T5GSLTRO,,CH4_DE,1,2034,,,,,,3.3e-05
EmissionActivityRatio,BAU,ECU,T5GSLTRO,,CH4_DE,1,2035,,,,,,3.3e-05
EmissionActivityRatio,BAU,ECU,T5NGSTRO,,CH4_DE,1,2010,,,,,,1e-06
EmissionActivityRatio,BAU,ECU,T5NGSTRO,,CH4_DE,1,2011,,,,,,1e-06
EmissionActivityRatio,BAU,ECU,T5NGSTRO,,CH4_DE,1,2012,,,,,,1e-06
EmissionActivityRatio,BAU,ECU,T5NGSTRO,,CH4_DE,1,2013,,,,,,1e-06
EmissionActivityRatio,BAU,ECU,T5NGSTRO,,CH4_DE,1,2014,,,,,,1e-06
EmissionActivityRatio,BAU,ECU,T5NGSTRO,,CH4_DE,1,2015,,,,,,1e-06
EmissionActivityRatio,BAU,ECU,T5NGSTRO,,CH4_DE,1,2016,,,,,,1e-06
EmissionActivityRatio,BAU,ECU,T5NGSTRO,,CH4_DE,1,2017,,,,,,1e-06
EmissionActivityRatio,BAU,ECU,T5NGSTRO,,CH4_DE,1,2018,,,,,,1e-06
EmissionActivityRatio,BAU,ECU,T5NGSTRO,,CH4_DE,1,2019,,,,,,1e-06
EmissionActivityRatio,BAU,ECU,T5NGSTRO,,CH4_DE,1,2020,,,,,,1e-06
EmissionActivityRatio,BAU,ECU,T5NGSTRO,,CH4_DE,1,2021,,,,,,1e-06
EmissionActivityRatio,BAU,ECU,T5NGSTRO,,CH4_DE,1,2022,,,,,,1e-06
EmissionActivityRatio,BAU,ECU,T5NGSTRO,,CH4_DE,1,2023,,,,,,1e-06
EmissionActivityRatio,BAU,ECU,T5NGSTRO,,CH4_DE,1,2024,,,,,,1e-06
EmissionActivityRatio,BAU,ECU,T5NGSTRO,,CH4_DE,1,2025,,,,,,1e-06
EmissionActivityRatio,BAU,ECU,T5NGSTRO,,CH4_DE,1,2026,,,,,,1e-06
EmissionActivityRatio,BAU,ECU,T5NGSTRO,,CH4_DE,1,2027,,,,,,1e-06
EmissionActivityRatio,BAU,ECU,T5NGSTRO,,CH4_DE,1,2028,,,,,,1e-06
EmissionActivityRatio,BAU,ECU,T5NGSTRO,,CH4_DE,1,2029,,,,,,1e-06
EmissionActivityRatio,BAU,ECU,T5NGSTRO,,CH4_DE,1,2030,,,,,,1e-06
EmissionActivityRatio,BAU,ECU,T5NGSTRO,,CH4_DE,1,2031,,,,,,1e-06
EmissionActivityRatio,BAU,ECU,T5NGSTRO,,CH4_DE,1,2032,,,,,,1e-06
EmissionActivityRatio,BAU,ECU,T5NGSTRO,,CH4_DE,1,2033,,,,,,1e-06
EmissionActivityRatio,BAU,ECU,T5NGSTRO,,CH4_DE,1,2034,,,,,,1e-06
EmissionActivityRatio,BAU,ECU,T5NGSTRO,,CH4_DE,1,2035,,,,,,1e-06
EmissionActivityRatio,BAU,ECU,T5LPGTRO,,CH4_DE,1,2010,,,,,,1e-06
EmissionActivityRatio,BAU,ECU,T5LPGTRO,,CH4_DE,1,2011,,,,,,1e-06
EmissionActivityRatio,BAU,ECU,T5LPGTRO,,CH4_DE,1,2012,,,,,,1e-06
EmissionActivityRatio,BAU,ECU,T5LPGTRO,,CH4_DE,1,2013,,,,,,1e-06
EmissionActivityRatio,BAU,ECU,T5LPGTRO,,CH4_DE,1,2014,,,,,,1e-06
EmissionActivityRatio,BAU,ECU,T5LPGTRO,,CH4_DE,1,2015,,,,,,1e-06
EmissionActivityRatio,BAU,ECU,T5LPGTRO,,CH4_DE,1,2016,,,,,,1e-06
EmissionActivityRatio,BAU,ECU,T5LPGTRO,,CH4_DE,1,2017,,,,,,1e-06
EmissionActivityRatio,BAU,ECU,T5LPGTRO,,CH4_DE,1,2018,,,,,,1e-06
EmissionActivityRatio,BAU,ECU,T5LPGTRO,,CH4_DE,1,2019,,,,,,1e-06
EmissionActivityRatio,BAU,ECU,T5LPGTRO,,CH4_DE,1,2020,,,,,,1e-06
EmissionActivityRatio,BAU,ECU,T5LPGTRO,,CH4_DE,1,2021,,,,,,1e-06
EmissionActivityRatio,BAU,ECU,T5LPGTRO,,CH4_DE,1,2022,,,,,,1e-06
EmissionActivityRatio,BAU,ECU,T5LPGTRO,,CH4_DE,1,2023,,,,,,1e-06
EmissionActivityRatio,BAU,ECU,T5LPGTRO,,CH4_DE,1,2024,,,,,,1e-06
EmissionActivityRatio,BAU,ECU,T5LPGTRO,,CH4_DE,1,2025,,,,,,1e-06
EmissionActivityRatio,BAU,ECU,T5LPGTRO,,CH4_DE,1,2026,,,,,,1e-06
EmissionActivityRatio,BAU,ECU,T5LPGTRO,,CH4_DE,1,2027,,,,,,1e-06
EmissionActivityRatio,BAU,ECU,T5LPGTRO,,CH4_DE,1,2028,,,,,,1e-06
EmissionActivityRatio,BAU,ECU,T5LPGTRO,,CH4_DE,1,2029,,,,,,1e-06
EmissionActivityRatio,BAU,ECU,T5LPGTRO,,CH4_DE,1,2030,,,,,,1e-06
EmissionActivityRatio,BAU,ECU,T5LPGTRO,,CH4_DE,1,2031,,,,,,1e-06
EmissionActivityRatio,BAU,ECU,T5LPGTRO,,CH4_DE,1,2032,,,,,,1e-06
EmissionActivityRatio,BAU,ECU,T5LPGTRO,,CH4_DE,1,2033,,,,,,1e-06
EmissionActivityRatio,BAU,ECU,T5LPGTRO,,CH4_DE,1,2034,,,,,,1e-06
EmissionActivityRatio,BAU,ECU,T5LPGTRO,,CH4_DE,1,2035,,,,,,1e-06
EmissionActivityRatio,BAU,ECU,T5ELETRO,,CH4_DE,1,2010,,,,,,0.0
EmissionActivityRatio,BAU,ECU,T5ELETRO,,CH4_DE,1,2011,,,,,,0.0
EmissionActivityRatio,BAU,ECU,T5ELETRO,,CH4_DE,1,2012,,,,,,0.0
EmissionActivityRatio,BAU,ECU,T5ELETRO,,CH4_DE,1,2013,,,,,,0.0
EmissionActivityRatio,BAU,ECU,T5ELETRO,,CH4_DE,1,2014,,,,,,0.0
EmissionActivityRatio,BAU,ECU,T5ELETRO,,CH4_DE,1,2015,,,,,,0.0
EmissionActivityRatio,BAU,ECU,T5ELETRO,,CH4_DE,1,2016,,,,,,0.0
EmissionActivityRatio,BAU,ECU,T5ELETRO,,CH4_DE,1,2017,,,,,,0.0
EmissionActivityRatio,BAU,ECU,T5ELETRO,,CH4_DE,1,2018,,,,,,0.0
EmissionActivityRatio,BAU,ECU,T5ELETRO,,CH4_DE,1,2019,,,,,,0.0
EmissionActivityRatio,BAU,ECU,T5ELETRO,,CH4_DE,1,2020,,,,,,0.0
EmissionActivityRatio,BAU,ECU,T5ELETRO,,CH4_DE,1,2021,,,,,,0.0
EmissionActivityRatio,BAU,ECU,T5ELETRO,,CH4_DE,1,2022,,,,,,0.0
EmissionActivityRatio,BAU,ECU,T5ELETRO,,CH4_DE,1,2023,,,,,,0.0
EmissionActivityRatio,BAU,ECU,T5ELETRO,,CH4_DE,1,2024,,,,,,0.0
EmissionActivityRatio,BAU,ECU,T5ELETRO,,CH4_DE,1,2025,,,,,,0.0
EmissionActivityRatio,BAU,ECU,T5ELETRO,,CH4_DE,1,2026,,,,,,0.0
EmissionActivityRatio,BAU,ECU,T5ELETRO,,CH4_DE,1,2027,,,,,,0.0
EmissionActivityRatio,BAU,ECU,T5ELETRO,,CH4_DE,1,2028,,,,,,0.0
EmissionActivityRatio,BAU,ECU,T5ELETRO,,CH4_DE,1,2029,,,,,,0.0
EmissionActivityRatio,BAU,ECU,T5ELETRO,,CH4_DE,1,2030,,,,,,0.0
EmissionActivityRatio,BAU,ECU,T5ELETRO,,CH4_DE,1,2031,,,,,,0.0
EmissionActivityRatio,BAU,ECU,T5ELETRO,,CH4_DE,1,2032,,,,,,0.0
EmissionActivityRatio,BAU,ECU,T5ELETRO,,CH4_DE,1,2033,,,,,,0.0
EmissionActivityRatio,BAU,ECU,T5ELETRO,,CH4_DE,1,2034,,,,,,0.0
EmissionActivityRatio,BAU,ECU,T5ELETRO,,CH4_DE,1,2035,,,,,,0.0
EmissionActivityRatio,BAU,ECU,T5BGSTRO,,CH4_DE,1,2010,,,,,,8.4e-05
EmissionActivityRatio,BAU,ECU,T5BGSTRO,,CH4_DE,1,2011,,,,,,8.4e-05
EmissionActivityRatio,BAU,ECU,T5BGSTRO,,CH4_DE,1,2012,,,,,,8.4e-05
EmissionActivityRatio,BAU,ECU,T5BGSTRO,,CH4_DE,1,2013,,,,,,8.4e-05
EmissionActivityRatio,BAU,ECU,T5BGSTRO,,CH4_DE,1,2014,,,,,,8.4e-05
EmissionActivityRatio,BAU,ECU,T5BGSTRO,,CH4_DE,1,2015,,,,,,8.4e-05
EmissionActivityRatio,BAU,ECU,T5BGSTRO,,CH4_DE,1,2016,,,,,,8.4e-05
EmissionActivityRatio,BAU,ECU,T5BGSTRO,,CH4_DE,1,2017,,,,,,8.4e-05
EmissionActivityRatio,BAU,ECU,T5BGSTRO,,CH4_DE,1,2018,,,,,,8.4e-05
EmissionActivityRatio,BAU,ECU,T5BGSTRO,,CH4_DE,1,2019,,,,,,8.4e-05
EmissionActivityRatio,BAU,ECU,T5BGSTRO,,CH4_DE,1,2020,,,,,,8.4e-05
EmissionActivityRatio,BAU,ECU,T5BGSTRO,,CH4_DE,1,2021,,,,,,8.4e-05
EmissionActivityRatio,BAU,ECU,T5BGSTRO,,CH4_DE,1,2022,,,,,,8.4e-05
EmissionActivityRatio,BAU,ECU,T5BGSTRO,,CH4_DE,1,2023,,,,,,8.4e-05
EmissionActivityRatio,BAU,ECU,T5BGSTRO,,CH4_DE,1,2024,,,,,,8.4e-05
EmissionActivityRatio,BAU,ECU,T5BGSTRO,,CH4_DE,1,2025,,,,,,8.4e-05
EmissionActivityRatio,BAU,ECU,T5BGSTRO,,CH4_DE,1,2026,,,,,,8.4e-05
EmissionActivityRatio,BAU,ECU,T5BGSTRO,,CH4_DE,1,2027,,,,,,8.4e-05
EmissionActivityRatio,BAU,ECU,T5BGSTRO,,CH4_DE,1,2028,,,,,,8.4e-05
EmissionActivityRatio,BAU,ECU,T5BGSTRO,,CH4_DE,1,2029,,,,,,8.4e-05
EmissionActivityRatio,BAU,ECU,T5BGSTRO,,CH4_DE,1,2030,,,,,,8.4e-05
EmissionActivityRatio,BAU,ECU,T5BGSTRO,,CH4_DE,1,2031,,,,,,8.4e-05
EmissionActivityRatio,BAU,ECU,T5BGSTRO,,CH4_DE,1,2032,,,,,,8.4e-05
EmissionActivityRatio,BAU,ECU,T5BGSTRO,,CH4_DE,1,2033,,,,,,8.4e-05
EmissionActivityRatio,BAU,ECU,T5BGSTRO,,CH4_DE,1,2034,,,,,,8.4e-05
EmissionActivityRatio,BAU,ECU,T5BGSTRO,,CH4_DE,1,2035,,,,,,8.4e-05
EmissionActivityRatio,BAU,ECU,T5FOITRO,,CH4_DE,1,2010,,,,,,3e-06
EmissionActivityRatio,BAU,ECU,T5FOITRO,,CH4_DE,1,2011,,,,,,3e-06
EmissionActivityRatio,BAU,ECU,T5FOITRO,,CH4_DE,1,2012,,,,,,3e-06
EmissionActivityRatio,BAU,ECU,T5FOITRO,,CH4_DE,1,2013,,,,,,3e-06
EmissionActivityRatio,BAU,ECU,T5FOITRO,,CH4_DE,1,2014,,,,,,3e-06
EmissionActivityRatio,BAU,ECU,T5FOITRO,,CH4_DE,1,2015,,,,,,3e-06
EmissionActivityRatio,BAU,ECU,T5FOITRO,,CH4_DE,1,2016,,,,,,3e-06
EmissionActivityRatio,BAU,ECU,T5FOITRO,,CH4_DE,1,2017,,,,,,3e-06
EmissionActivityRatio,BAU,ECU,T5FOITRO,,CH4_DE,1,2018,,,,,,3e-06
EmissionActivityRatio,BAU,ECU,T5FOITRO,,CH4_DE,1,2019,,,,,,3e-06
EmissionActivityRatio,BAU,ECU,T5FOITRO,,CH4_DE,1,2020,,,,,,3e-06
EmissionActivityRatio,BAU,ECU,T5FOITRO,,CH4_DE,1,2021,,,,,,3e-06
EmissionActivityRatio,BAU,ECU,T5FOITRO,,CH4_DE,1,2022,,,,,,3e-06
EmissionActivityRatio,BAU,ECU,T5FOITRO,,CH4_DE,1,2023,,,,,,3e-06
EmissionActivityRatio,BAU,ECU,T5FOITRO,,CH4_DE,1,2024,,,,,,3e-06
EmissionActivityRatio,BAU,ECU,T5FOITRO,,CH4_DE,1,2025,,,,,,3e-06
EmissionActivityRatio,BAU,ECU,T5FOITRO,,CH4_DE,1,2026,,,,,,3e-06
EmissionActivityRatio,BAU,ECU,T5FOITRO,,CH4_DE,1,2027,,,,,,3e-06
EmissionActivityRatio,BAU,ECU,T5FOITRO,,CH4_DE,1,2028,,,,,,3e-06
EmissionActivityRatio,BAU,ECU,T5FOITRO,,CH4_DE,1,2029,,,,,,3e-06
EmissionActivityRatio,BAU,ECU,T5FOITRO,,CH4_DE,1,2030,,,,,,3e-06
EmissionActivityRatio,BAU,ECU,T5FOITRO,,CH4_DE,1,2031,,,,,,3e-06
EmissionActivityRatio,BAU,ECU,T5FOITRO,,CH4_DE,1,2032,,,,,,3e-06
EmissionActivityRatio,BAU,ECU,T5FOITRO,,CH4_DE,1,2033,,,,,,3e-06
EmissionActivityRatio,BAU,ECU,T5FOITRO,,CH4_DE,1,2034,,,,,,3e-06
EmissionActivityRatio,BAU,ECU,T5FOITRO,,CH4_DE,1,2035,,,,,,3e-06
EmissionActivityRatio,BAU,ECU,T5INDCOK,,CH4_DE,1,2010,,,,,,3e-06
EmissionActivityRatio,BAU,ECU,T5INDCOK,,CH4_DE,1,2011,,,,,,3e-06
EmissionActivityRatio,BAU,ECU,T5INDCOK,,CH4_DE,1,2012,,,,,,3e-06
EmissionActivityRatio,BAU,ECU,T5INDCOK,,CH4_DE,1,2013,,,,,,3e-06
EmissionActivityRatio,BAU,ECU,T5INDCOK,,CH4_DE,1,2014,,,,,,3e-06
EmissionActivityRatio,BAU,ECU,T5INDCOK,,CH4_DE,1,2015,,,,,,3e-06
EmissionActivityRatio,BAU,ECU,T5INDCOK,,CH4_DE,1,2016,,,,,,3e-06
EmissionActivityRatio,BAU,ECU,T5INDCOK,,CH4_DE,1,2017,,,,,,3e-06
EmissionActivityRatio,BAU,ECU,T5INDCOK,,CH4_DE,1,2018,,,,,,3e-06
EmissionActivityRatio,BAU,ECU,T5INDCOK,,CH4_DE,1,2019,,,,,,3e-06
EmissionActivityRatio,BAU,ECU,T5INDCOK,,CH4_DE,1,2020,,,,,,3e-06
EmissionActivityRatio,BAU,ECU,T5INDCOK,,CH4_DE,1,2021,,,,,,3e-06
EmissionActivityRatio,BAU,ECU,T5INDCOK,,CH4_DE,1,2022,,,,,,3e-06
EmissionActivityRatio,BAU,ECU,T5INDCOK,,CH4_DE,1,2023,,,,,,3e-06
EmissionActivityRatio,BAU,ECU,T5INDCOK,,CH4_DE,1,2024,,,,,,3e-06
EmissionActivityRatio,BAU,ECU,T5INDCOK,,CH4_DE,1,2025,,,,,,3e-06
EmissionActivityRatio,BAU,ECU,T5INDCOK,,CH4_DE,1,2026,,,,,,3e-06
EmissionActivityRatio,BAU,ECU,T5INDCOK,,CH4_DE,1,2027,,,,,,3e-06
EmissionActivityRatio,BAU,ECU,T5INDCOK,,CH4_DE,1,2028,,,,,,3e-06
EmissionActivityRatio,BAU,ECU,T5INDCOK,,CH4_DE,1,2029,,,,,,3e-06
EmissionActivityRatio,BAU,ECU,T5INDCOK,,CH4_DE,1,2030,,,,,,3e-06
EmissionActivityRatio,BAU,ECU,T5INDCOK,,CH4_DE,1,2031,,,,,,3e-06
EmissionActivityRatio,BAU,ECU,T5INDCOK,,CH4_DE,1,2032,,,,,,3e-06
EmissionActivityRatio,BAU,ECU,T5INDCOK,,CH4_DE,1,2033,,,,,,3e-06
EmissionActivityRatio,BAU,ECU,T5INDCOK,,CH4_DE,1,2034,,,,,,3e-06
EmissionActivityRatio,BAU,ECU,T5INDCOK,,CH4_DE,1,2035,,,,,,3e-06
EmissionActivityRatio,BAU,ECU,T5TRNFOI,,CH4_DE,1,2010,,,,,,3e-06
EmissionActivityRatio,BAU,ECU,T5TRNFOI,,CH4_DE,1,2011,,,,,,3e-06
EmissionActivityRatio,BAU,ECU,T5TRNFOI,,CH4_DE,1,2012,,,,,,3e-06
EmissionActivityRatio,BAU,ECU,T5TRNFOI,,CH4_DE,1,2013,,,,,,3e-06
EmissionActivityRatio,BAU,ECU,T5TRNFOI,,CH4_DE,1,2014,,,,,,3e-06
EmissionActivityRatio,BAU,ECU,T5TRNFOI,,CH4_DE,1,2015,,,,,,3e-06
EmissionActivityRatio,BAU,ECU,T5TRNFOI,,CH4_DE,1,2016,,,,,,3e-06
EmissionActivityRatio,BAU,ECU,T5TRNFOI,,CH4_DE,1,2017,,,,,,3e-06
EmissionActivityRatio,BAU,ECU,T5TRNFOI,,CH4_DE,1,2018,,,,,,3e-06
EmissionActivityRatio,BAU,ECU,T5TRNFOI,,CH4_DE,1,2019,,,,,,3e-06
EmissionActivityRatio,BAU,ECU,T5TRNFOI,,CH4_DE,1,2020,,,,,,3e-06
EmissionActivityRatio,BAU,ECU,T5TRNFOI,,CH4_DE,1,2021,,,,,,3e-06
EmissionActivityRatio,BAU,ECU,T5TRNFOI,,CH4_DE,1,2022,,,,,,3e-06
EmissionActivityRatio,BAU,ECU,T5TRNFOI,,CH4_DE,1,2023,,,,,,3e-06
EmissionActivityRatio,BAU,ECU,T5TRNFOI,,CH4_DE,1,2024,,,,,,3e-06
EmissionActivityRatio,BAU,ECU,T5TRNFOI,,CH4_DE,1,2025,,,,,,3e-06
EmissionActivityRatio,BAU,ECU,T5TRNFOI,,CH4_DE,1,2026,,,,,,3e-06
EmissionActivityRatio,BAU,ECU,T5TRNFOI,,CH4_DE,1,2027,,,,,,3e-06
EmissionActivityRatio,BAU,ECU,T5TRNFOI,,CH4_DE,1,2028,,,,,,3e-06
EmissionActivityRatio,BAU,ECU,T5TRNFOI,,CH4_DE,1,2029,,,,,,3e-06
EmissionActivityRatio,BAU,ECU,T5TRNFOI,,CH4_DE,1,2030,,,,,,3e-06
EmissionActivityRatio,BAU,ECU,T5TRNFOI,,CH4_DE,1,2031,,,,,,3e-06
EmissionActivityRatio,BAU,ECU,T5TRNFOI,,CH4_DE,1,2032,,,,,,3e-06
EmissionActivityRatio,BAU,ECU,T5TRNFOI,,CH4_DE,1,2033,,,,,,3e-06
EmissionActivityRatio,BAU,ECU,T5TRNFOI,,CH4_DE,1,2034,,,,,,3e-06
EmissionActivityRatio,BAU,ECU,T5TRNFOI,,CH4_DE,1,2035,,,,,,3e-06
EmissionActivityRatio,BAU,ECU,T5COMGSL,,CH4_DE,1,2010,,,,,,3e-06
EmissionActivityRatio,BAU,ECU,T5COMGSL,,CH4_DE,1,2011,,,,,,3e-06
EmissionActivityRatio,BAU,ECU,T5COMGSL,,CH4_DE,1,2012,,,,,,3e-06
EmissionActivityRatio,BAU,ECU,T5COMGSL,,CH4_DE,1,2013,,,,,,3e-06
EmissionActivityRatio,BAU,ECU,T5COMGSL,,CH4_DE,1,2014,,,,,,3e-06
EmissionActivityRatio,BAU,ECU,T5COMGSL,,CH4_DE,1,2015,,,,,,3e-06
EmissionActivityRatio,BAU,ECU,T5COMGSL,,CH4_DE,1,2016,,,,,,3e-06
EmissionActivityRatio,BAU,ECU,T5COMGSL,,CH4_DE,1,2017,,,,,,3e-06
EmissionActivityRatio,BAU,ECU,T5COMGSL,,CH4_DE,1,2018,,,,,,3e-06
EmissionActivityRatio,BAU,ECU,T5COMGSL,,CH4_DE,1,2019,,,,,,3e-06
EmissionActivityRatio,BAU,ECU,T5COMGSL,,CH4_DE,1,2020,,,,,,3e-06
EmissionActivityRatio,BAU,ECU,T5COMGSL,,CH4_DE,1,2021,,,,,,3e-06
EmissionActivityRatio,BAU,ECU,T5COMGSL,,CH4_DE,1,2022,,,,,,3e-06
EmissionActivityRatio,BAU,ECU,T5COMGSL,,CH4_DE,1,2023,,,,,,3e-06
EmissionActivityRatio,BAU,ECU,T5COMGSL,,CH4_DE,1,2024,,,,,,3e-06
EmissionActivityRatio,BAU,ECU,T5COMGSL,,CH4_DE,1,2025,,,,,,3e-06
EmissionActivityRatio,BAU,ECU,T5COMGSL,,CH4_DE,1,2026,,,,,,3e-06
EmissionActivityRatio,BAU,ECU,T5COMGSL,,CH4_DE,1,2027,,,,,,3e-06
EmissionActivityRatio,BAU,ECU,T5COMGSL,,CH4_DE,1,2028,,,,,,3e-06
EmissionActivityRatio,BAU,ECU,T5COMGSL,,CH4_DE,1,2029,,,,,,3e-06
EmissionActivityRatio,BAU,ECU,T5COMGSL,,CH4_DE,1,2030,,,,,,3e-06
EmissionActivityRatio,BAU,ECU,T5COMGSL,,CH4_DE,1,2031,,,,,,3e-06
EmissionActivityRatio,BAU,ECU,T5COMGSL,,CH4_DE,1,2032,,,,,,3e-06
EmissionActivityRatio,BAU,ECU,T5COMGSL,,CH4_DE,1,2033,,,,,,3e-06
EmissionActivityRatio,BAU,ECU,T5COMGSL,,CH4_DE,1,2034,,,,,,3e-06
EmissionActivityRatio,BAU,ECU,T5COMGSL,,CH4_DE,1,2035,,,,,,3e-06
EmissionActivityRatio,BAU,ECU,T5TAEGSL,,CH4_DE,1,2010,,,,,,5e-07
EmissionActivityRatio,BAU,ECU,T5TAEGSL,,CH4_DE,1,2011,,,,,,5e-07
EmissionActivityRatio,BAU,ECU,T5TAEGSL,,CH4_DE,1,2012,,,,,,5e-07
EmissionActivityRatio,BAU,ECU,T5TAEGSL,,CH4_DE,1,2013,,,,,,5e-07
EmissionActivityRatio,BAU,ECU,T5TAEGSL,,CH4_DE,1,2014,,,,,,5e-07
EmissionActivityRatio,BAU,ECU,T5TAEGSL,,CH4_DE,1,2015,,,,,,5e-07
EmissionActivityRatio,BAU,ECU,T5TAEGSL,,CH4_DE,1,2016,,,,,,5e-07
EmissionActivityRatio,BAU,ECU,T5TAEGSL,,CH4_DE,1,2017,,,,,,5e-07
EmissionActivityRatio,BAU,ECU,T5TAEGSL,,CH4_DE,1,2018,,,,,,5e-07
EmissionActivityRatio,BAU,ECU,T5TAEGSL,,CH4_DE,1,2019,,,,,,5e-07
EmissionActivityRatio,BAU,ECU,T5TAEGSL,,CH4_DE,1,2020,,,,,,5e-07
EmissionActivityRatio,BAU,ECU,T5TAEGSL,,CH4_DE,1,2021,,,,,,5e-07
EmissionActivityRatio,BAU,ECU,T5TAEGSL,,CH4_DE,1,2022,,,,,,5e-07
EmissionActivityRatio,BAU,ECU,T5TAEGSL,,CH4_DE,1,2023,,,,,,5e-07
EmissionActivityRatio,BAU,ECU,T5TAEGSL,,CH4_DE,1,2024,,,,,,5e-07
EmissionActivityRatio,BAU,ECU,T5TAEGSL,,CH4_DE,1,2025,,,,,,5e-07
EmissionActivityRatio,BAU,ECU,T5TAEGSL,,CH4_DE,1,2026,,,,,,5e-07
EmissionActivityRatio,BAU,ECU,T5TAEGSL,,CH4_DE,1,2027,,,,,,5e-07
EmissionActivityRatio,BAU,ECU,T5TAEGSL,,CH4_DE,1,2028,,,,,,5e-07
EmissionActivityRatio,BAU,ECU,T5TAEGSL,,CH4_DE,1,2029,,,,,,5e-07
EmissionActivityRatio,BAU,ECU,T5TAEGSL,,CH4_DE,1,2030,,,,,,5e-07
EmissionActivityRatio,BAU,ECU,T5TAEGSL,,CH4_DE,1,2031,,,,,,5e-07
EmissionActivityRatio,BAU,ECU,T5TAEGSL,,CH4_DE,1,2032,,,,,,5e-07
EmissionActivityRatio,BAU,ECU,T5TAEGSL,,CH4_DE,1,2033,,,,,,5e-07
EmissionActivityRatio,BAU,ECU,T5TAEGSL,,CH4_DE,1,2034,,,,,,5e-07
EmissionActivityRatio,BAU,ECU,T5TAEGSL,,CH4_DE,1,2035,,,,,,5e-07
EmissionActivityRatio,BAU,ECU,T5TMAGSL,,CH4_DE,1,2010,,,,,,0.0693
EmissionActivityRatio,BAU,ECU,T5TMAGSL,,CH4_DE,1,2011,,,,,,0.0693
EmissionActivityRatio,BAU,ECU,T5TMAGSL,,CH4_DE,1,2012,,,,,,0.0693
EmissionActivityRatio,BAU,ECU,T5TMAGSL,,CH4_DE,1,2013,,,,,,0.0693
EmissionActivityRatio,BAU,ECU,T5TMAGSL,,CH4_DE,1,2014,,,,,,0.0693
EmissionActivityRatio,BAU,ECU,T5TMAGSL,,CH4_DE,1,2015,,,,,,0.0693
EmissionActivityRatio,BAU,ECU,T5TMAGSL,,CH4_DE,1,2016,,,,,,0.0693
EmissionActivityRatio,BAU,ECU,T5TMAGSL,,CH4_DE,1,2017,,,,,,0.0693
EmissionActivityRatio,BAU,ECU,T5TMAGSL,,CH4_DE,1,2018,,,,,,0.0693
EmissionActivityRatio,BAU,ECU,T5TMAGSL,,CH4_DE,1,2019,,,,,,0.0693
EmissionActivityRatio,BAU,ECU,T5TMAGSL,,CH4_DE,1,2020,,,,,,0.0693
EmissionActivityRatio,BAU,ECU,T5TMAGSL,,CH4_DE,1,2021,,,,,,0.0693
EmissionActivityRatio,BAU,ECU,T5TMAGSL,,CH4_DE,1,2022,,,,,,0.0693
EmissionActivityRatio,BAU,ECU,T5TMAGSL,,CH4_DE,1,2023,,,,,,0.0693
EmissionActivityRatio,BAU,ECU,T5TMAGSL,,CH4_DE,1,2024,,,,,,0.0693
EmissionActivityRatio,BAU,ECU,T5TMAGSL,,CH4_DE,1,2025,,,,,,0.0693
EmissionActivityRatio,BAU,ECU,T5TMAGSL,,CH4_DE,1,2026,,,,,,0.0693
EmissionActivityRatio,BAU,ECU,T5TMAGSL,,CH4_DE,1,2027,,,,,,0.0693
EmissionActivityRatio,BAU,ECU,T5TMAGSL,,CH4_DE,1,2028,,,,,,0.0693
EmissionActivityRatio,BAU,ECU,T5TMAGSL,,CH4_DE,1,2029,,,,,,0.0693
EmissionActivityRatio,BAU,ECU,T5TMAGSL,,CH4_DE,1,2030,,,,,,0.0693
EmissionActivityRatio,BAU,ECU,T5TMAGSL,,CH4_DE,1,2031,,,,,,0.0693
EmissionActivityRatio,BAU,ECU,T5TMAGSL,,CH4_DE,1,2032,,,,,,0.0693
EmissionActivityRatio,BAU,ECU,T5TMAGSL,,CH4_DE,1,2033,,,,,,0.0693
EmissionActivityRatio,BAU,ECU,T5TMAGSL,,CH4_DE,1,2034,,,,,,0.0693
EmissionActivityRatio,BAU,ECU,T5TMAGSL,,CH4_DE,1,2035,,,,,,0.0693
EmissionActivityRatio,BAU,ECU,T5TCADSL,,CH4_DE,1,2010,,,,,,3.9e-06
EmissionActivityRatio,BAU,ECU,T5TCADSL,,CH4_DE,1,2011,,,,,,3.9e-06
EmissionActivityRatio,BAU,ECU,T5TCADSL,,CH4_DE,1,2012,,,,,,3.9e-06
EmissionActivityRatio,BAU,ECU,T5TCADSL,,CH4_DE,1,2013,,,,,,3.9e-06
EmissionActivityRatio,BAU,ECU,T5TCADSL,,CH4_DE,1,2014,,,,,,3.9e-06
EmissionActivityRatio,BAU,ECU,T5TCADSL,,CH4_DE,1,2015,,,,,,3.9e-06
EmissionActivityRatio,BAU,ECU,T5TCADSL,,CH4_DE,1,2016,,,,,,3.9e-06
EmissionActivityRatio,BAU,ECU,T5TCADSL,,CH4_DE,1,2017,,,,,,3.9e-06
EmissionActivityRatio,BAU,ECU,T5TCADSL,,CH4_DE,1,2018,,,,,,3.9e-06
EmissionActivityRatio,BAU,ECU,T5TCADSL,,CH4_DE,1,2019,,,,,,3.9e-06
EmissionActivityRatio,BAU,ECU,T5TCADSL,,CH4_DE,1,2020,,,,,,3.9e-06
EmissionActivityRatio,BAU,ECU,T5TCADSL,,CH4_DE,1,2021,,,,,,3.9e-06
EmissionActivityRatio,BAU,ECU,T5TCADSL,,CH4_DE,1,2022,,,,,,3.9e-06
EmissionActivityRatio,BAU,ECU,T5TCADSL,,CH4_DE,1,2023,,,,,,3.9e-06
EmissionActivityRatio,BAU,ECU,T5TCADSL,,CH4_DE,1,2024,,,,,,3.9e-06
EmissionActivityRatio,BAU,ECU,T5TCADSL,,CH4_DE,1,2025,,,,,,3.9e-06
EmissionActivityRatio,BAU,ECU,T5TCADSL,,CH4_DE,1,2026,,,,,,3.9e-06
EmissionActivityRatio,BAU,ECU,T5TCADSL,,CH4_DE,1,2027,,,,,,3.9e-06
EmissionActivityRatio,BAU,ECU,T5TCADSL,,CH4_DE,1,2028,,,,,,3.9e-06
EmissionActivityRatio,BAU,ECU,T5TCADSL,,CH4_DE,1,2029,,,,,,3.9e-06
EmissionActivityRatio,BAU,ECU,T5TCADSL,,CH4_DE,1,2030,,,,,,3.9e-06
EmissionActivityRatio,BAU,ECU,T5TCADSL,,CH4_DE,1,2031,,,,,,3.9e-06
EmissionActivityRatio,BAU,ECU,T5TCADSL,,CH4_DE,1,2032,,,,,,3.9e-06
EmissionActivityRatio,BAU,ECU,T5TCADSL,,CH4_DE,1,2033,,,,,,3.9e-06
EmissionActivityRatio,BAU,ECU,T5TCADSL,,CH4_DE,1,2034,,,,,,3.9e-06
EmissionActivityRatio,BAU,ECU,T5TCADSL,,CH4_DE,1,2035,,,,,,3.9e-06
EmissionActivityRatio,BAU,ECU,T5TCAGSL,,CH4_DE,1,2010,,,,,,3.3e-05
EmissionActivityRatio,BAU,ECU,T5TCAGSL,,CH4_DE,1,2011,,,,,,3.3e-05
EmissionActivityRatio,BAU,ECU,T5TCAGSL,,CH4_DE,1,2012,,,,,,3.3e-05
EmissionActivityRatio,BAU,ECU,T5TCAGSL,,CH4_DE,1,2013,,,,,,3.3e-05
EmissionActivityRatio,BAU,ECU,T5TCAGSL,,CH4_DE,1,2014,,,,,,3.3e-05
EmissionActivityRatio,BAU,ECU,T5TCAGSL,,CH4_DE,1,2015,,,,,,3.3e-05
EmissionActivityRatio,BAU,ECU,T5TCAGSL,,CH4_DE,1,2016,,,,,,3.3e-05
EmissionActivityRatio,BAU,ECU,T5TCAGSL,,CH4_DE,1,2017,,,,,,3.3e-05
EmissionActivityRatio,BAU,ECU,T5TCAGSL,,CH4_DE,1,2018,,,,,,3.3e-05
EmissionActivityRatio,BAU,ECU,T5TCAGSL,,CH4_DE,1,2019,,,,,,3.3e-05
EmissionActivityRatio,BAU,ECU,T5TCAGSL,,CH4_DE,1,2020,,,,,,3.3e-05
EmissionActivityRatio,BAU,ECU,T5TCAGSL,,CH4_DE,1,2021,,,,,,3.3e-05
EmissionActivityRatio,BAU,ECU,T5TCAGSL,,CH4_DE,1,2022,,,,,,3.3e-05
EmissionActivityRatio,BAU,ECU,T5TCAGSL,,CH4_DE,1,2023,,,,,,3.3e-05
EmissionActivityRatio,BAU,ECU,T5TCAGSL,,CH4_DE,1,2024,,,,,,3.3e-05
EmissionActivityRatio,BAU,ECU,T5TCAGSL,,CH4_DE,1,2025,,,,,,3.3e-05
EmissionActivityRatio,BAU,ECU,T5TCAGSL,,CH4_DE,1,2026,,,,,,3.3e-05
EmissionActivityRatio,BAU,ECU,T5TCAGSL,,CH4_DE,1,2027,,,,,,3.3e-05
EmissionActivityRatio,BAU,ECU,T5TCAGSL,,CH4_DE,1,2028,,,,,,3.3e-05
EmissionActivityRatio,BAU,ECU,T5TCAGSL,,CH4_DE,1,2029,,,,,,3.3e-05
EmissionActivityRatio,BAU,ECU,T5TCAGSL,,CH4_DE,1,2030,,,,,,3.3e-05
EmissionActivityRatio,BAU,ECU,T5TCAGSL,,CH4_DE,1,2031,,,,,,3.3e-05
EmissionActivityRatio,BAU,ECU,T5TCAGSL,,CH4_DE,1,2032,,,,,,3.3e-05
EmissionActivityRatio,BAU,ECU,T5TCAGSL,,CH4_DE,1,2033,,,,,,3.3e-05
EmissionActivityRatio,BAU,ECU,T5TCAGSL,,CH4_DE,1,2034,,,,,,3.3e-05
EmissionActivityRatio,BAU,ECU,T5TCAGSL,,CH4_DE,1,2035,,,,,,3.3e-05
EmissionActivityRatio,BAU,ECU,T5ALLTRNDSL,,CH4_DE,1,2010,,,,,,3e-06
EmissionActivityRatio,BAU,ECU,T5ALLTRNDSL,,CH4_DE,1,2011,,,,,,3e-06
EmissionActivityRatio,BAU,ECU,T5ALLTRNDSL,,CH4_DE,1,2012,,,,,,3e-06
EmissionActivityRatio,BAU,ECU,T5ALLTRNDSL,,CH4_DE,1,2013,,,,,,3e-06
EmissionActivityRatio,BAU,ECU,T5ALLTRNDSL,,CH4_DE,1,2014,,,,,,3e-06
EmissionActivityRatio,BAU,ECU,T5ALLTRNDSL,,CH4_DE,1,2015,,,,,,3e-06
EmissionActivityRatio,BAU,ECU,T5ALLTRNDSL,,CH4_DE,1,2016,,,,,,3e-06
EmissionActivityRatio,BAU,ECU,T5ALLTRNDSL,,CH4_DE,1,2017,,,,,,3e-06
EmissionActivityRatio,BAU,ECU,T5ALLTRNDSL,,CH4_DE,1,2018,,,,,,3e-06
EmissionActivityRatio,BAU,ECU,T5ALLTRNDSL,,CH4_DE,1,2019,,,,,,3e-06
EmissionActivityRatio,BAU,ECU,T5ALLTRNDSL,,CH4_DE,1,2020,,,,,,3e-06
EmissionActivityRatio,BAU,ECU,T5ALLTRNDSL,,CH4_DE,1,2021,,,,,,3e-06
EmissionActivityRatio,BAU,ECU,T5ALLTRNDSL,,CH4_DE,1,2022,,,,,,3e-06
EmissionActivityRatio,BAU,ECU,T5ALLTRNDSL,,CH4_DE,1,2023,,,,,,3e-06
EmissionActivityRatio,BAU,ECU,T5ALLTRNDSL,,CH4_DE,1,2024,,,,,,3e-06
EmissionActivityRatio,BAU,ECU,T5ALLTRNDSL,,CH4_DE,1,2025,,,,,,3e-06
EmissionActivityRatio,BAU,ECU,T5ALLTRNDSL,,CH4_DE,1,2026,,,,,,3e-06
EmissionActivityRatio,BAU,ECU,T5ALLTRNDSL,,CH4_DE,1,2027,,,,,,3e-06
EmissionActivityRatio,BAU,ECU,T5ALLTRNDSL,,CH4_DE,1,2028,,,,,,3e-06
EmissionActivityRatio,BAU,ECU,T5ALLTRNDSL,,CH4_DE,1,2029,,,,,,3e-06
EmissionActivityRatio,BAU,ECU,T5ALLTRNDSL,,CH4_DE,1,2030,,,,,,3e-06
EmissionActivityRatio,BAU,ECU,T5ALLTRNDSL,,CH4_DE,1,2031,,,,,,3e-06
EmissionActivityRatio,BAU,ECU,T5ALLTRNDSL,,CH4_DE,1,2032,,,,,,3e-06
EmissionActivityRatio,BAU,ECU,T5ALLTRNDSL,,CH4_DE,1,2033,,,,,,3e-06
EmissionActivityRatio,BAU,ECU,T5ALLTRNDSL,,CH4_DE,1,2034,,,,,,3e-06
EmissionActivityRatio,BAU,ECU,T5ALLTRNDSL,,CH4_DE,1,2035,,,,,,3e-06
EmissionActivityRatio,BAU,ECU,T5ALLTRNFOI,,CH4_DE,1,2010,,,,,,3e-06
EmissionActivityRatio,BAU,ECU,T5ALLTRNFOI,,CH4_DE,1,2011,,,,,,3e-06
EmissionActivityRatio,BAU,ECU,T5ALLTRNFOI,,CH4_DE,1,2012,,,,,,3e-06
EmissionActivityRatio,BAU,ECU,T5ALLTRNFOI,,CH4_DE,1,2013,,,,,,3e-06
EmissionActivityRatio,BAU,ECU,T5ALLTRNFOI,,CH4_DE,1,2014,,,,,,3e-06
EmissionActivityRatio,BAU,ECU,T5ALLTRNFOI,,CH4_DE,1,2015,,,,,,3e-06
EmissionActivityRatio,BAU,ECU,T5ALLTRNFOI,,CH4_DE,1,2016,,,,,,3e-06
EmissionActivityRatio,BAU,ECU,T5ALLTRNFOI,,CH4_DE,1,2017,,,,,,3e-06
EmissionActivityRatio,BAU,ECU,T5ALLTRNFOI,,CH4_DE,1,2018,,,,,,3e-06
EmissionActivityRatio,BAU,ECU,T5ALLTRNFOI,,CH4_DE,1,2019,,,,,,3e-06
EmissionActivityRatio,BAU,ECU,T5ALLTRNFOI,,CH4_DE,1,2020,,,,,,3e-06
EmissionActivityRatio,BAU,ECU,T5ALLTRNFOI,,CH4_DE,1,2021,,,,,,3e-06
EmissionActivityRatio,BAU,ECU,T5ALLTRNFOI,,CH4_DE,1,2022,,,,,,3e-06
EmissionActivityRatio,BAU,ECU,T5ALLTRNFOI,,CH4_DE,1,2023,,,,,,3e-06
EmissionActivityRatio,BAU,ECU,T5ALLTRNFOI,,CH4_DE,1,2024,,,,,,3e-06
EmissionActivityRatio,BAU,ECU,T5ALLTRNFOI,,CH4_DE,1,2025,,,,,,3e-06
EmissionActivityRatio,BAU,ECU,T5ALLTRNFOI,,CH4_DE,1,2026,,,,,,3e-06
EmissionActivityRatio,BAU,ECU,T5ALLTRNFOI,,CH4_DE,1,2027,,,,,,3e-06
EmissionActivityRatio,BAU,ECU,T5ALLTRNFOI,,CH4_DE,1,2028,,,,,,3e-06
EmissionActivityRatio,BAU,ECU,T5ALLTRNFOI,,CH4_DE,1,2029,,,,,,3e-06
EmissionActivityRatio,BAU,ECU,T5ALLTRNFOI,,CH4_DE,1,2030,,,,,,3e-06
EmissionActivityRatio,BAU,ECU,T5ALLTRNFOI,,CH4_DE,1,2031,,,,,,3e-06
EmissionActivityRatio,BAU,ECU,T5ALLTRNFOI,,CH4_DE,1,2032,,,,,,3e-06
EmissionActivityRatio,BAU,ECU,T5ALLTRNFOI,,CH4_DE,1,2033,,,,,,3e-06
EmissionActivityRatio,BAU,ECU,T5ALLTRNFOI,,CH4_DE,1,2034,,,,,,3e-06
EmissionActivityRatio,BAU,ECU,T5ALLTRNFOI,,CH4_DE,1,2035,,,,,,3e-06
EmissionActivityRatio,BAU,ECU,T5ALLTRNLPG,,CH4_DE,1,2010,,,,,,1e-06
EmissionActivityRatio,BAU,ECU,T5ALLTRNLPG,,CH4_DE,1,2011,,,,,,1e-06
EmissionActivityRatio,BAU,ECU,T5ALLTRNLPG,,CH4_DE,1,2012,,,,,,1e-06
EmissionActivityRatio,BAU,ECU,T5ALLTRNLPG,,CH4_DE,1,2013,,,,,,1e-06
EmissionActivityRatio,BAU,ECU,T5ALLTRNLPG,,CH4_DE,1,2014,,,,,,1e-06
EmissionActivityRatio,BAU,ECU,T5ALLTRNLPG,,CH4_DE,1,2015,,,,,,1e-06
EmissionActivityRatio,BAU,ECU,T5ALLTRNLPG,,CH4_DE,1,2016,,,,,,1e-06
EmissionActivityRatio,BAU,ECU,T5ALLTRNLPG,,CH4_DE,1,2017,,,,,,1e-06
EmissionActivityRatio,BAU,ECU,T5ALLTRNLPG,,CH4_DE,1,2018,,,,,,1e-06
EmissionActivityRatio,BAU,ECU,T5ALLTRNLPG,,CH4_DE,1,2019,,,,,,1e-06
EmissionActivityRatio,BAU,ECU,T5ALLTRNLPG,,CH4_DE,1,2020,,,,,,1e-06
EmissionActivityRatio,BAU,ECU,T5ALLTRNLPG,,CH4_DE,1,2021,,,,,,1e-06
EmissionActivityRatio,BAU,ECU,T5ALLTRNLPG,,CH4_DE,1,2022,,,,,,1e-06
EmissionActivityRatio,BAU,ECU,T5ALLTRNLPG,,CH4_DE,1,2023,,,,,,1e-06
EmissionActivityRatio,BAU,ECU,T5ALLTRNLPG,,CH4_DE,1,2024,,,,,,1e-06
EmissionActivityRatio,BAU,ECU,T5ALLTRNLPG,,CH4_DE,1,2025,,,,,,1e-06
EmissionActivityRatio,BAU,ECU,T5ALLTRNLPG,,CH4_DE,1,2026,,,,,,1e-06
EmissionActivityRatio,BAU,ECU,T5ALLTRNLPG,,CH4_DE,1,2027,,,,,,1e-06
EmissionActivityRatio,BAU,ECU,T5ALLTRNLPG,,CH4_DE,1,2028,,,,,,1e-06
EmissionActivityRatio,BAU,ECU,T5ALLTRNLPG,,CH4_DE,1,2029,,,,,,1e-06
EmissionActivityRatio,BAU,ECU,T5ALLTRNLPG,,CH4_DE,1,2030,,,,,,1e-06
EmissionActivityRatio,BAU,ECU,T5ALLTRNLPG,,CH4_DE,1,2031,,,,,,1e-06
EmissionActivityRatio,BAU,ECU,T5ALLTRNLPG,,CH4_DE,1,2032,,,,,,1e-06
EmissionActivityRatio,BAU,ECU,T5ALLTRNLPG,,CH4_DE,1,2033,,,,,,1e-06
EmissionActivityRatio,BAU,ECU,T5ALLTRNLPG,,CH4_DE,1,2034,,,,,,1e-06
EmissionActivityRatio,BAU,ECU,T5ALLTRNLPG,,CH4_DE,1,2035,,,,,,1e-06
EmissionActivityRatio,BAU,ECU,T5ALLTRNGSL,,CH4_DE,1,2010,,,,,,3e-06
EmissionActivityRatio,BAU,ECU,T5ALLTRNGSL,,CH4_DE,1,2011,,,,,,3e-06
EmissionActivityRatio,BAU,ECU,T5ALLTRNGSL,,CH4_DE,1,2012,,,,,,3e-06
EmissionActivityRatio,BAU,ECU,T5ALLTRNGSL,,CH4_DE,1,2013,,,,,,3e-06
EmissionActivityRatio,BAU,ECU,T5ALLTRNGSL,,CH4_DE,1,2014,,,,,,3e-06
EmissionActivityRatio,BAU,ECU,T5ALLTRNGSL,,CH4_DE,1,2015,,,,,,3e-06
EmissionActivityRatio,BAU,ECU,T5ALLTRNGSL,,CH4_DE,1,2016,,,,,,3e-06
EmissionActivityRatio,BAU,ECU,T5ALLTRNGSL,,CH4_DE,1,2017,,,,,,3e-06
EmissionActivityRatio,BAU,ECU,T5ALLTRNGSL,,CH4_DE,1,2018,,,,,,3e-06
EmissionActivityRatio,BAU,ECU,T5ALLTRNGSL,,CH4_DE,1,2019,,,,,,3e-06
EmissionActivityRatio,BAU,ECU,T5ALLTRNGSL,,CH4_DE,1,2020,,,,,,3e-06
EmissionActivityRatio,BAU,ECU,T5ALLTRNGSL,,CH4_DE,1,2021,,,,,,3e-06
EmissionActivityRatio,BAU,ECU,T5ALLTRNGSL,,CH4_DE,1,2022,,,,,,3e-06
EmissionActivityRatio,BAU,ECU,T5ALLTRNGSL,,CH4_DE,1,2023,,,,,,3e-06
EmissionActivityRatio,BAU,ECU,T5ALLTRNGSL,,CH4_DE,1,2024,,,,,,3e-06
EmissionActivityRatio,BAU,ECU,T5ALLTRNGSL,,CH4_DE,1,2025,,,,,,3e-06
EmissionActivityRatio,BAU,ECU,T5ALLTRNGSL,,CH4_DE,1,2026,,,,,,3e-06
EmissionActivityRatio,BAU,ECU,T5ALLTRNGSL,,CH4_DE,1,2027,,,,,,3e-06
EmissionActivityRatio,BAU,ECU,T5ALLTRNGSL,,CH4_DE,1,2028,,,,,,3e-06
EmissionActivityRatio,BAU,ECU,T5ALLTRNGSL,,CH4_DE,1,2029,,,,,,3e-06
EmissionActivityRatio,BAU,ECU,T5ALLTRNGSL,,CH4_DE,1,2030,,,,,,3e-06
EmissionActivityRatio,BAU,ECU,T5ALLTRNGSL,,CH4_DE,1,2031,,,,,,3e-06
EmissionActivityRatio,BAU,ECU,T5ALLTRNGSL,,CH4_DE,1,2032,,,,,,3e-06
EmissionActivityRatio,BAU,ECU,T5ALLTRNGSL,,CH4_DE,1,2033,,,,,,3e-06
EmissionActivityRatio,BAU,ECU,T5ALLTRNGSL,,CH4_DE,1,2034,,,,,,3e-06
EmissionActivityRatio,BAU,ECU,T5ALLTRNGSL,,CH4_DE,1,2035,,,,,,3e-06
EmissionActivityRatio,BAU,ECU,T5ALLTRNJET,,CH4_DE,1,2010,,,,,,0.0
EmissionActivityRatio,BAU,ECU,T5ALLTRNJET,,CH4_DE,1,2011,,,,,,0.0
EmissionActivityRatio,BAU,ECU,T5ALLTRNJET,,CH4_DE,1,2012,,,,,,0.0
EmissionActivityRatio,BAU,ECU,T5ALLTRNJET,,CH4_DE,1,2013,,,,,,0.0
EmissionActivityRatio,BAU,ECU,T5ALLTRNJET,,CH4_DE,1,2014,,,,,,0.0
EmissionActivityRatio,BAU,ECU,T5ALLTRNJET,,CH4_DE,1,2015,,,,,,0.0
EmissionActivityRatio,BAU,ECU,T5ALLTRNJET,,CH4_DE,1,2016,,,,,,0.0
EmissionActivityRatio,BAU,ECU,T5ALLTRNJET,,CH4_DE,1,2017,,,,,,0.0
EmissionActivityRatio,BAU,ECU,T5ALLTRNJET,,CH4_DE,1,2018,,,,,,0.0
EmissionActivityRatio,BAU,ECU,T5ALLTRNJET,,CH4_DE,1,2019,,,,,,0.0
EmissionActivityRatio,BAU,ECU,T5ALLTRNJET,,CH4_DE,1,2020,,,,,,0.0
EmissionActivityRatio,BAU,ECU,T5ALLTRNJET,,CH4_DE,1,2021,,,,,,0.0
EmissionActivityRatio,BAU,ECU,T5ALLTRNJET,,CH4_DE,1,2022,,,,,,0.0
EmissionActivityRatio,BAU,ECU,T5ALLTRNJET,,CH4_DE,1,2023,,,,,,0.0
EmissionActivityRatio,BAU,ECU,T5ALLTRNJET,,CH4_DE,1,2024,,,,,,0.0
EmissionActivityRatio,BAU,ECU,T5ALLTRNJET,,CH4_DE,1,2025,,,,,,0.0
EmissionActivityRatio,BAU,ECU,T5ALLTRNJET,,CH4_DE,1,2026,,,,,,0.0
EmissionActivityRatio,BAU,ECU,T5ALLTRNJET,,CH4_DE,1,2027,,,,,,0.0
EmissionActivityRatio,BAU,ECU,T5ALLTRNJET,,CH4_DE,1,2028,,,,,,0.0
EmissionActivityRatio,BAU,ECU,T5ALLTRNJET,,CH4_DE,1,2029,,,,,,0.0
EmissionActivityRatio,BAU,ECU,T5ALLTRNJET,,CH4_DE,1,2030,,,,,,0.0
EmissionActivityRatio,BAU,ECU,T5ALLTRNJET,,CH4_DE,1,2031,,,,,,0.0
EmissionActivityRatio,BAU,ECU,T5ALLTRNJET,,CH4_DE,1,2032,,,,,,0.0
EmissionActivityRatio,BAU,ECU,T5ALLTRNJET,,CH4_DE,1,2033,,,,,,0.0
EmissionActivityRatio,BAU,ECU,T5ALLTRNJET,,CH4_DE,1,2034,,,,,,0.0
EmissionActivityRatio,BAU,ECU,T5ALLTRNJET,,CH4_DE,1,2035,,,,,,0.0
EmissionActivityRatio,BAU,ECU,T5CONKER,,CH4_DE,1,2010,,,,,,3e-06
EmissionActivityRatio,BAU,ECU,T5CONKER,,CH4_DE,1,2011,,,,,,3e-06
EmissionActivityRatio,BAU,ECU,T5CONKER,,CH4_DE,1,2012,,,,,,3e-06
EmissionActivityRatio,BAU,ECU,T5CONKER,,CH4_DE,1,2013,,,,,,3e-06
EmissionActivityRatio,BAU,ECU,T5CONKER,,CH4_DE,1,2014,,,,,,3e-06
EmissionActivityRatio,BAU,ECU,T5CONKER,,CH4_DE,1,2015,,,,,,3e-06
EmissionActivityRatio,BAU,ECU,T5CONKER,,CH4_DE,1,2016,,,,,,3e-06
EmissionActivityRatio,BAU,ECU,T5CONKER,,CH4_DE,1,2017,,,,,,3e-06
EmissionActivityRatio,BAU,ECU,T5CONKER,,CH4_DE,1,2018,,,,,,3e-06
EmissionActivityRatio,BAU,ECU,T5CONKER,,CH4_DE,1,2019,,,,,,3e-06
EmissionActivityRatio,BAU,ECU,T5CONKER,,CH4_DE,1,2020,,,,,,3e-06
EmissionActivityRatio,BAU,ECU,T5CONKER,,CH4_DE,1,2021,,,,,,3e-06
EmissionActivityRatio,BAU,ECU,T5CONKER,,CH4_DE,1,2022,,,,,,3e-06
EmissionActivityRatio,BAU,ECU,T5CONKER,,CH4_DE,1,2023,,,,,,3e-06
EmissionActivityRatio,BAU,ECU,T5CONKER,,CH4_DE,1,2024,,,,,,3e-06
EmissionActivityRatio,BAU,ECU,T5CONKER,,CH4_DE,1,2025,,,,,,3e-06
EmissionActivityRatio,BAU,ECU,T5CONKER,,CH4_DE,1,2026,,,,,,3e-06
EmissionActivityRatio,BAU,ECU,T5CONKER,,CH4_DE,1,2027,,,,,,3e-06
EmissionActivityRatio,BAU,ECU,T5CONKER,,CH4_DE,1,2028,,,,,,3e-06
EmissionActivityRatio,BAU,ECU,T5CONKER,,CH4_DE,1,2029,,,,,,3e-06
EmissionActivityRatio,BAU,ECU,T5CONKER,,CH4_DE,1,2030,,,,,,3e-06
EmissionActivityRatio,BAU,ECU,T5CONKER,,CH4_DE,1,2031,,,,,,3e-06
EmissionActivityRatio,BAU,ECU,T5CONKER,,CH4_DE,1,2032,,,,,,3e-06
EmissionActivityRatio,BAU,ECU,T5CONKER,,CH4_DE,1,2033,,,,,,3e-06
EmissionActivityRatio,BAU,ECU,T5CONKER,,CH4_DE,1,2034,,,,,,3e-06
EmissionActivityRatio,BAU,ECU,T5CONKER,,CH4_DE,1,2035,,,,,,3e-06
EmissionActivityRatio,BAU,ECU,T5AGRDSL,,CH4_DE,1,2010,,,,,,3e-06
EmissionActivityRatio,BAU,ECU,T5AGRDSL,,CH4_DE,1,2011,,,,,,3e-06
EmissionActivityRatio,BAU,ECU,T5AGRDSL,,CH4_DE,1,2012,,,,,,3e-06
EmissionActivityRatio,BAU,ECU,T5AGRDSL,,CH4_DE,1,2013,,,,,,3e-06
EmissionActivityRatio,BAU,ECU,T5AGRDSL,,CH4_DE,1,2014,,,,,,3e-06
EmissionActivityRatio,BAU,ECU,T5AGRDSL,,CH4_DE,1,2015,,,,,,3e-06
EmissionActivityRatio,BAU,ECU,T5AGRDSL,,CH4_DE,1,2016,,,,,,3e-06
EmissionActivityRatio,BAU,ECU,T5AGRDSL,,CH4_DE,1,2017,,,,,,3e-06
EmissionActivityRatio,BAU,ECU,T5AGRDSL,,CH4_DE,1,2018,,,,,,3e-06
EmissionActivityRatio,BAU,ECU,T5AGRDSL,,CH4_DE,1,2019,,,,,,3e-06
EmissionActivityRatio,BAU,ECU,T5AGRDSL,,CH4_DE,1,2020,,,,,,3e-06
EmissionActivityRatio,BAU,ECU,T5AGRDSL,,CH4_DE,1,2021,,,,,,3e-06
EmissionActivityRatio,BAU,ECU,T5AGRDSL,,CH4_DE,1,2022,,,,,,3e-06
EmissionActivityRatio,BAU,ECU,T5AGRDSL,,CH4_DE,1,2023,,,,,,3e-06
EmissionActivityRatio,BAU,ECU,T5AGRDSL,,CH4_DE,1,2024,,,,,,3e-06
EmissionActivityRatio,BAU,ECU,T5AGRDSL,,CH4_DE,1,2025,,,,,,3e-06
EmissionActivityRatio,BAU,ECU,T5AGRDSL,,CH4_DE,1,2026,,,,,,3e-06
EmissionActivityRatio,BAU,ECU,T5AGRDSL,,CH4_DE,1,2027,,,,,,3e-06
EmissionActivityRatio,BAU,ECU,T5AGRDSL,,CH4_DE,1,2028,,,,,,3e-06
EmissionActivityRatio,BAU,ECU,T5AGRDSL,,CH4_DE,1,2029,,,,,,3e-06
EmissionActivityRatio,BAU,ECU,T5AGRDSL,,CH4_DE,1,2030,,,,,,3e-06
EmissionActivityRatio,BAU,ECU,T5AGRDSL,,CH4_DE,1,2031,,,,,,3e-06
EmissionActivityRatio,BAU,ECU,T5AGRDSL,,CH4_DE,1,2032,,,,,,3e-06
EmissionActivityRatio,BAU,ECU,T5AGRDSL,,CH4_DE,1,2033,,,,,,3e-06
EmissionActivityRatio,BAU,ECU,T5AGRDSL,,CH4_DE,1,2034,,,,,,3e-06
EmissionActivityRatio,BAU,ECU,T5AGRDSL,,CH4_DE,1,2035,,,,,,3e-06
EmissionActivityRatio,BAU,ECU,T5AGRLPG,,CH4_DE,1,2010,,,,,,1e-06
EmissionActivityRatio,BAU,ECU,T5AGRLPG,,CH4_DE,1,2011,,,,,,1e-06
EmissionActivityRatio,BAU,ECU,T5AGRLPG,,CH4_DE,1,2012,,,,,,1e-06
EmissionActivityRatio,BAU,ECU,T5AGRLPG,,CH4_DE,1,2013,,,,,,1e-06
EmissionActivityRatio,BAU,ECU,T5AGRLPG,,CH4_DE,1,2014,,,,,,1e-06
EmissionActivityRatio,BAU,ECU,T5AGRLPG,,CH4_DE,1,2015,,,,,,1e-06
EmissionActivityRatio,BAU,ECU,T5AGRLPG,,CH4_DE,1,2016,,,,,,1e-06
EmissionActivityRatio,BAU,ECU,T5AGRLPG,,CH4_DE,1,2017,,,,,,1e-06
EmissionActivityRatio,BAU,ECU,T5AGRLPG,,CH4_DE,1,2018,,,,,,1e-06
EmissionActivityRatio,BAU,ECU,T5AGRLPG,,CH4_DE,1,2019,,,,,,1e-06
EmissionActivityRatio,BAU,ECU,T5AGRLPG,,CH4_DE,1,2020,,,,,,1e-06
EmissionActivityRatio,BAU,ECU,T5AGRLPG,,CH4_DE,1,2021,,,,,,1e-06
EmissionActivityRatio,BAU,ECU,T5AGRLPG,,CH4_DE,1,2022,,,,,,1e-06
EmissionActivityRatio,BAU,ECU,T5AGRLPG,,CH4_DE,1,2023,,,,,,1e-06
EmissionActivityRatio,BAU,ECU,T5AGRLPG,,CH4_DE,1,2024,,,,,,1e-06
EmissionActivityRatio,BAU,ECU,T5AGRLPG,,CH4_DE,1,2025,,,,,,1e-06
EmissionActivityRatio,BAU,ECU,T5AGRLPG,,CH4_DE,1,2026,,,,,,1e-06
EmissionActivityRatio,BAU,ECU,T5AGRLPG,,CH4_DE,1,2027,,,,,,1e-06
EmissionActivityRatio,BAU,ECU,T5AGRLPG,,CH4_DE,1,2028,,,,,,1e-06
EmissionActivityRatio,BAU,ECU,T5AGRLPG,,CH4_DE,1,2029,,,,,,1e-06
EmissionActivityRatio,BAU,ECU,T5AGRLPG,,CH4_DE,1,2030,,,,,,1e-06
EmissionActivityRatio,BAU,ECU,T5AGRLPG,,CH4_DE,1,2031,,,,,,1e-06
EmissionActivityRatio,BAU,ECU,T5AGRLPG,,CH4_DE,1,2032,,,,,,1e-06
EmissionActivityRatio,BAU,ECU,T5AGRLPG,,CH4_DE,1,2033,,,,,,1e-06
EmissionActivityRatio,BAU,ECU,T5AGRLPG,,CH4_DE,1,2034,,,,,,1e-06
EmissionActivityRatio,BAU,ECU,T5AGRLPG,,CH4_DE,1,2035,,,,,,1e-06
EmissionActivityRatio,BAU,ECU,T5AGRGSL,,CH4_DE,1,2010,,,,,,3e-06
EmissionActivityRatio,BAU,ECU,T5AGRGSL,,CH4_DE,1,2011,,,,,,3e-06
EmissionActivityRatio,BAU,ECU,T5AGRGSL,,CH4_DE,1,2012,,,,,,3e-06
EmissionActivityRatio,BAU,ECU,T5AGRGSL,,CH4_DE,1,2013,,,,,,3e-06
EmissionActivityRatio,BAU,ECU,T5AGRGSL,,CH4_DE,1,2014,,,,,,3e-06
EmissionActivityRatio,BAU,ECU,T5AGRGSL,,CH4_DE,1,2015,,,,,,3e-06
EmissionActivityRatio,BAU,ECU,T5AGRGSL,,CH4_DE,1,2016,,,,,,3e-06
EmissionActivityRatio,BAU,ECU,T5AGRGSL,,CH4_DE,1,2017,,,,,,3e-06
EmissionActivityRatio,BAU,ECU,T5AGRGSL,,CH4_DE,1,2018,,,,,,3e-06
EmissionActivityRatio,BAU,ECU,T5AGRGSL,,CH4_DE,1,2019,,,,,,3e-06
EmissionActivityRatio,BAU,ECU,T5AGRGSL,,CH4_DE,1,2020,,,,,,3e-06
EmissionActivityRatio,BAU,ECU,T5AGRGSL,,CH4_DE,1,2021,,,,,,3e-06
EmissionActivityRatio,BAU,ECU,T5AGRGSL,,CH4_DE,1,2022,,,,,,3e-06
EmissionActivityRatio,BAU,ECU,T5AGRGSL,,CH4_DE,1,2023,,,,,,3e-06
EmissionActivityRatio,BAU,ECU,T5AGRGSL,,CH4_DE,1,2024,,,,,,3e-06
EmissionActivityRatio,BAU,ECU,T5AGRGSL,,CH4_DE,1,2025,,,,,,3e-06
EmissionActivityRatio,BAU,ECU,T5AGRGSL,,CH4_DE,1,2026,,,,,,3e-06
EmissionActivityRatio,BAU,ECU,T5AGRGSL,,CH4_DE,1,2027,,,,,,3e-06
EmissionActivityRatio,BAU,ECU,T5AGRGSL,,CH4_DE,1,2028,,,,,,3e-06
EmissionActivityRatio,BAU,ECU,T5AGRGSL,,CH4_DE,1,2029,,,,,,3e-06
EmissionActivityRatio,BAU,ECU,T5AGRGSL,,CH4_DE,1,2030,,,,,,3e-06
EmissionActivityRatio,BAU,ECU,T5AGRGSL,,CH4_DE,1,2031,,,,,,3e-06
EmissionActivityRatio,BAU,ECU,T5AGRGSL,,CH4_DE,1,2032,,,,,,3e-06
EmissionActivityRatio,BAU,ECU,T5AGRGSL,,CH4_DE,1,2033,,,,,,3e-06
EmissionActivityRatio,BAU,ECU,T5AGRGSL,,CH4_DE,1,2034,,,,,,3e-06
EmissionActivityRatio,BAU,ECU,T5AGRGSL,,CH4_DE,1,2035,,,,,,3e-06
EmissionActivityRatio,BAU,ECU,T5AGROTP,,CH4_DE,1,2010,,,,,,0.0
EmissionActivityRatio,BAU,ECU,T5AGROTP,,CH4_DE,1,2011,,,,,,0.0
EmissionActivityRatio,BAU,ECU,T5AGROTP,,CH4_DE,1,2012,,,,,,0.0
EmissionActivityRatio,BAU,ECU,T5AGROTP,,CH4_DE,1,2013,,,,,,0.0
EmissionActivityRatio,BAU,ECU,T5AGROTP,,CH4_DE,1,2014,,,,,,0.0
EmissionActivityRatio,BAU,ECU,T5AGROTP,,CH4_DE,1,2015,,,,,,0.0
EmissionActivityRatio,BAU,ECU,T5AGROTP,,CH4_DE,1,2016,,,,,,0.0
EmissionActivityRatio,BAU,ECU,T5AGROTP,,CH4_DE,1,2017,,,,,,0.0
EmissionActivityRatio,BAU,ECU,T5AGROTP,,CH4_DE,1,2018,,,,,,0.0
EmissionActivityRatio,BAU,ECU,T5AGROTP,,CH4_DE,1,2019,,,,,,0.0
EmissionActivityRatio,BAU,ECU,T5AGROTP,,CH4_DE,1,2020,,,,,,0.0
EmissionActivityRatio,BAU,ECU,T5AGROTP,,CH4_DE,1,2021,,,,,,0.0
EmissionActivityRatio,BAU,ECU,T5AGROTP,,CH4_DE,1,2022,,,,,,0.0
EmissionActivityRatio,BAU,ECU,T5AGROTP,,CH4_DE,1,2023,,,,,,0.0
EmissionActivityRatio,BAU,ECU,T5AGROTP,,CH4_DE,1,2024,,,,,,0.0
EmissionActivityRatio,BAU,ECU,T5AGROTP,,CH4_DE,1,2025,,,,,,0.0
EmissionActivityRatio,BAU,ECU,T5AGROTP,,CH4_DE,1,2026,,,,,,0.0
EmissionActivityRatio,BAU,ECU,T5AGROTP,,CH4_DE,1,2027,,,,,,0.0
EmissionActivityRatio,BAU,ECU,T5AGROTP,,CH4_DE,1,2028,,,,,,0.0
EmissionActivityRatio,BAU,ECU,T5AGROTP,,CH4_DE,1,2029,,,,,,0.0
EmissionActivityRatio,BAU,ECU,T5AGROTP,,CH4_DE,1,2030,,,,,,0.0
EmissionActivityRatio,BAU,ECU,T5AGROTP,,CH4_DE,1,2031,,,,,,0.0
EmissionActivityRatio,BAU,ECU,T5AGROTP,,CH4_DE,1,2032,,,,,,0.0
EmissionActivityRatio,BAU,ECU,T5AGROTP,,CH4_DE,1,2033,,,,,,0.0
EmissionActivityRatio,BAU,ECU,T5AGROTP,,CH4_DE,1,2034,,,,,,0.0
EmissionActivityRatio,BAU,ECU,T5AGROTP,,CH4_DE,1,2035,,,,,,0.0
EmissionActivityRatio,BAU,ECU,T5VEGWAS,,CH4_DE,1,2010,,,,,,3e-05
EmissionActivityRatio,BAU,ECU,T5VEGWAS,,CH4_DE,1,2011,,,,,,3e-05
EmissionActivityRatio,BAU,ECU,T5VEGWAS,,CH4_DE,1,2012,,,,,,3e-05
EmissionActivityRatio,BAU,ECU,T5VEGWAS,,CH4_DE,1,2013,,,,,,3e-05
EmissionActivityRatio,BAU,ECU,T5VEGWAS,,CH4_DE,1,2014,,,,,,3e-05
EmissionActivityRatio,BAU,ECU,T5VEGWAS,,CH4_DE,1,2015,,,,,,3e-05
EmissionActivityRatio,BAU,ECU,T5VEGWAS,,CH4_DE,1,2016,,,,,,3e-05
EmissionActivityRatio,BAU,ECU,T5VEGWAS,,CH4_DE,1,2017,,,,,,3e-05
EmissionActivityRatio,BAU,ECU,T5VEGWAS,,CH4_DE,1,2018,,,,,,3e-05
EmissionActivityRatio,BAU,ECU,T5VEGWAS,,CH4_DE,1,2019,,,,,,3e-05
EmissionActivityRatio,BAU,ECU,T5VEGWAS,,CH4_DE,1,2020,,,,,,3e-05
EmissionActivityRatio,BAU,ECU,T5VEGWAS,,CH4_DE,1,2021,,,,,,3e-05
EmissionActivityRatio,BAU,ECU,T5VEGWAS,,CH4_DE,1,2022,,,,,,3e-05
EmissionActivityRatio,BAU,ECU,T5VEGWAS,,CH4_DE,1,2023,,,,,,3e-05
EmissionActivityRatio,BAU,ECU,T5VEGWAS,,CH4_DE,1,2024,,,,,,3e-05
EmissionActivityRatio,BAU,ECU,T5VEGWAS,,CH4_DE,1,2025,,,,,,3e-05
EmissionActivityRatio,BAU,ECU,T5VEGWAS,,CH4_DE,1,2026,,,,,,3e-05
EmissionActivityRatio,BAU,ECU,T5VEGWAS,,CH4_DE,1,2027,,,,,,3e-05
EmissionActivityRatio,BAU,ECU,T5VEGWAS,,CH4_DE,1,2028,,,,,,3e-05
EmissionActivityRatio,BAU,ECU,T5VEGWAS,,CH4_DE,1,2029,,,,,,3e-05
EmissionActivityRatio,BAU,ECU,T5VEGWAS,,CH4_DE,1,2030,,,,,,3e-05
EmissionActivityRatio,BAU,ECU,T5VEGWAS,,CH4_DE,1,2031,,,,,,3e-05
EmissionActivityRatio,BAU,ECU,T5VEGWAS,,CH4_DE,1,2032,,,,,,3e-05
EmissionActivityRatio,BAU,ECU,T5VEGWAS,,CH4_DE,1,2033,,,,,,3e-05
EmissionActivityRatio,BAU,ECU,T5VEGWAS,,CH4_DE,1,2034,,,,,,3e-05
EmissionActivityRatio,BAU,ECU,T5VEGWAS,,CH4_DE,1,2035,,,,,,3e-05
EmissionActivityRatio,BAU,ECU,T5DSLCOM,,N2O_DE,1,2010,,,,,,6e-07
EmissionActivityRatio,BAU,ECU,T5DSLCOM,,N2O_DE,1,2011,,,,,,6e-07
EmissionActivityRatio,BAU,ECU,T5DSLCOM,,N2O_DE,1,2012,,,,,,6e-07
EmissionActivityRatio,BAU,ECU,T5DSLCOM,,N2O_DE,1,2013,,,,,,6e-07
EmissionActivityRatio,BAU,ECU,T5DSLCOM,,N2O_DE,1,2014,,,,,,6e-07
EmissionActivityRatio,BAU,ECU,T5DSLCOM,,N2O_DE,1,2015,,,,,,6e-07
EmissionActivityRatio,BAU,ECU,T5DSLCOM,,N2O_DE,1,2016,,,,,,6e-07
EmissionActivityRatio,BAU,ECU,T5DSLCOM,,N2O_DE,1,2017,,,,,,6e-07
EmissionActivityRatio,BAU,ECU,T5DSLCOM,,N2O_DE,1,2018,,,,,,6e-07
EmissionActivityRatio,BAU,ECU,T5DSLCOM,,N2O_DE,1,2019,,,,,,6e-07
EmissionActivityRatio,BAU,ECU,T5DSLCOM,,N2O_DE,1,2020,,,,,,6e-07
EmissionActivityRatio,BAU,ECU,T5DSLCOM,,N2O_DE,1,2021,,,,,,6e-07
EmissionActivityRatio,BAU,ECU,T5DSLCOM,,N2O_DE,1,2022,,,,,,6e-07
EmissionActivityRatio,BAU,ECU,T5DSLCOM,,N2O_DE,1,2023,,,,,,6e-07
EmissionActivityRatio,BAU,ECU,T5DSLCOM,,N2O_DE,1,2024,,,,,,6e-07
EmissionActivityRatio,BAU,ECU,T5DSLCOM,,N2O_DE,1,2025,,,,,,6e-07
EmissionActivityRatio,BAU,ECU,T5DSLCOM,,N2O_DE,1,2026,,,,,,6e-07
EmissionActivityRatio,BAU,ECU,T5DSLCOM,,N2O_DE,1,2027,,,,,,6e-07
EmissionActivityRatio,BAU,ECU,T5DSLCOM,,N2O_DE,1,2028,,,,,,6e-07
EmissionActivityRatio,BAU,ECU,T5DSLCOM,,N2O_DE,1,2029,,,,,,6e-07
EmissionActivityRatio,BAU,ECU,T5DSLCOM,,N2O_DE,1,2030,,,,,,6e-07
EmissionActivityRatio,BAU,ECU,T5DSLCOM,,N2O_DE,1,2031,,,,,,6e-07
EmissionActivityRatio,BAU,ECU,T5DSLCOM,,N2O_DE,1,2032,,,,,,6e-07
EmissionActivityRatio,BAU,ECU,T5DSLCOM,,N2O_DE,1,2033,,,,,,6e-07
EmissionActivityRatio,BAU,ECU,T5DSLCOM,,N2O_DE,1,2034,,,,,,6e-07
EmissionActivityRatio,BAU,ECU,T5DSLCOM,,N2O_DE,1,2035,,,,,,6e-07
EmissionActivityRatio,BAU,ECU,T5LPGCOM,,N2O_DE,1,2010,,,,,,1.0000000000000001e-07
EmissionActivityRatio,BAU,ECU,T5LPGCOM,,N2O_DE,1,2011,,,,,,1.0000000000000001e-07
EmissionActivityRatio,BAU,ECU,T5LPGCOM,,N2O_DE,1,2012,,,,,,1.0000000000000001e-07
EmissionActivityRatio,BAU,ECU,T5LPGCOM,,N2O_DE,1,2013,,,,,,1.0000000000000001e-07
EmissionActivityRatio,BAU,ECU,T5LPGCOM,,N2O_DE,1,2014,,,,,,1.0000000000000001e-07
EmissionActivityRatio,BAU,ECU,T5LPGCOM,,N2O_DE,1,2015,,,,,,1.0000000000000001e-07
EmissionActivityRatio,BAU,ECU,T5LPGCOM,,N2O_DE,1,2016,,,,,,1.0000000000000001e-07
EmissionActivityRatio,BAU,ECU,T5LPGCOM,,N2O_DE,1,2017,,,,,,1.0000000000000001e-07
EmissionActivityRatio,BAU,ECU,T5LPGCOM,,N2O_DE,1,2018,,,,,,1.0000000000000001e-07
EmissionActivityRatio,BAU,ECU,T5LPGCOM,,N2O_DE,1,2019,,,,,,1.0000000000000001e-07
EmissionActivityRatio,BAU,ECU,T5LPGCOM,,N2O_DE,1,2020,,,,,,1.0000000000000001e-07
EmissionActivityRatio,BAU,ECU,T5LPGCOM,,N2O_DE,1,2021,,,,,,1.0000000000000001e-07
EmissionActivityRatio,BAU,ECU,T5LPGCOM,,N2O_DE,1,2022,,,,,,1.0000000000000001e-07
EmissionActivityRatio,BAU,ECU,T5LPGCOM,,N2O_DE,1,2023,,,,,,1.0000000000000001e-07
EmissionActivityRatio,BAU,ECU,T5LPGCOM,,N2O_DE,1,2024,,,,,,1.0000000000000001e-07
EmissionActivityRatio,BAU,ECU,T5LPGCOM,,N2O_DE,1,2025,,,,,,1.0000000000000001e-07
EmissionActivityRatio,BAU,ECU,T5LPGCOM,,N2O_DE,1,2026,,,,,,1.0000000000000001e-07
EmissionActivityRatio,BAU,ECU,T5LPGCOM,,N2O_DE,1,2027,,,,,,1.0000000000000001e-07
EmissionActivityRatio,BAU,ECU,T5LPGCOM,,N2O_DE,1,2028,,,,,,1.0000000000000001e-07
EmissionActivityRatio,BAU,ECU,T5LPGCOM,,N2O_DE,1,2029,,,,,,1.0000000000000001e-07
EmissionActivityRatio,BAU,ECU,T5LPGCOM,,N2O_DE,1,2030,,,,,,1.0000000000000001e-07
EmissionActivityRatio,BAU,ECU,T5LPGCOM,,N2O_DE,1,2031,,,,,,1.0000000000000001e-07
EmissionActivityRatio,BAU,ECU,T5LPGCOM,,N2O_DE,1,2032,,,,,,1.0000000000000001e-07
EmissionActivityRatio,BAU,ECU,T5LPGCOM,,N2O_DE,1,2033,,,,,,1.0000000000000001e-07
EmissionActivityRatio,BAU,ECU,T5LPGCOM,,N2O_DE,1,2034,,,,,,1.0000000000000001e-07
EmissionActivityRatio,BAU,ECU,T5LPGCOM,,N2O_DE,1,2035,,,,,,1.0000000000000001e-07
EmissionActivityRatio,BAU,ECU,T5ELECOM,,N2O_DE,1,2010,,,,,,0.0
EmissionActivityRatio,BAU,ECU,T5ELECOM,,N2O_DE,1,2011,,,,,,0.0
EmissionActivityRatio,BAU,ECU,T5ELECOM,,N2O_DE,1,2012,,,,,,0.0
EmissionActivityRatio,BAU,ECU,T5ELECOM,,N2O_DE,1,2013,,,,,,0.0
EmissionActivityRatio,BAU,ECU,T5ELECOM,,N2O_DE,1,2014,,,,,,0.0
EmissionActivityRatio,BAU,ECU,T5ELECOM,,N2O_DE,1,2015,,,,,,0.0
EmissionActivityRatio,BAU,ECU,T5ELECOM,,N2O_DE,1,2016,,,,,,0.0
EmissionActivityRatio,BAU,ECU,T5ELECOM,,N2O_DE,1,2017,,,,,,0.0
EmissionActivityRatio,BAU,ECU,T5ELECOM,,N2O_DE,1,2018,,,,,,0.0
EmissionActivityRatio,BAU,ECU,T5ELECOM,,N2O_DE,1,2019,,,,,,0.0
EmissionActivityRatio,BAU,ECU,T5ELECOM,,N2O_DE,1,2020,,,,,,0.0
EmissionActivityRatio,BAU,ECU,T5ELECOM,,N2O_DE,1,2021,,,,,,0.0
EmissionActivityRatio,BAU,ECU,T5ELECOM,,N2O_DE,1,2022,,,,,,0.0
EmissionActivityRatio,BAU,ECU,T5ELECOM,,N2O_DE,1,2023,,,,,,0.0
EmissionActivityRatio,BAU,ECU,T5ELECOM,,N2O_DE,1,2024,,,,,,0.0
EmissionActivityRatio,BAU,ECU,T5ELECOM,,N2O_DE,1,2025,,,,,,0.0
EmissionActivityRatio,BAU,ECU,T5ELECOM,,N2O_DE,1,2026,,,,,,0.0
EmissionActivityRatio,BAU,ECU,T5ELECOM,,N2O_DE,1,2027,,,,,,0.0
EmissionActivityRatio,BAU,ECU,T5ELECOM,,N2O_DE,1,2028,,,,,,0.0
EmissionActivityRatio,BAU,ECU,T5ELECOM,,N2O_DE,1,2029,,,,,,0.0
EmissionActivityRatio,BAU,ECU,T5ELECOM,,N2O_DE,1,2030,,,,,,0.0
EmissionActivityRatio,BAU,ECU,T5ELECOM,,N2O_DE,1,2031,,,,,,0.0
EmissionActivityRatio,BAU,ECU,T5ELECOM,,N2O_DE,1,2032,,,,,,0.0
EmissionActivityRatio,BAU,ECU,T5ELECOM,,N2O_DE,1,2033,,,,,,0.0
EmissionActivityRatio,BAU,ECU,T5ELECOM,,N2O_DE,1,2034,,,,,,0.0
EmissionActivityRatio,BAU,ECU,T5ELECOM,,N2O_DE,1,2035,,,,,,0.0
EmissionActivityRatio,BAU,ECU,T5FOICOM,,N2O_DE,1,2010,,,,,,6e-07
EmissionActivityRatio,BAU,ECU,T5FOICOM,,N2O_DE,1,2011,,,,,,6e-07
EmissionActivityRatio,BAU,ECU,T5FOICOM,,N2O_DE,1,2012,,,,,,6e-07
EmissionActivityRatio,BAU,ECU,T5FOICOM,,N2O_DE,1,2013,,,,,,6e-07
EmissionActivityRatio,BAU,ECU,T5FOICOM,,N2O_DE,1,2014,,,,,,6e-07
EmissionActivityRatio,BAU,ECU,T5FOICOM,,N2O_DE,1,2015,,,,,,6e-07
EmissionActivityRatio,BAU,ECU,T5FOICOM,,N2O_DE,1,2016,,,,,,6e-07
EmissionActivityRatio,BAU,ECU,T5FOICOM,,N2O_DE,1,2017,,,,,,6e-07
EmissionActivityRatio,BAU,ECU,T5FOICOM,,N2O_DE,1,2018,,,,,,6e-07
EmissionActivityRatio,BAU,ECU,T5FOICOM,,N2O_DE,1,2019,,,,,,6e-07
EmissionActivityRatio,BAU,ECU,T5FOICOM,,N2O_DE,1,2020,,,,,,6e-07
EmissionActivityRatio,BAU,ECU,T5FOICOM,,N2O_DE,1,2021,,,,,,6e-07
EmissionActivityRatio,BAU,ECU,T5FOICOM,,N2O_DE,1,2022,,,,,,6e-07
EmissionActivityRatio,BAU,ECU,T5FOICOM,,N2O_DE,1,2023,,,,,,6e-07
EmissionActivityRatio,BAU,ECU,T5FOICOM,,N2O_DE,1,2024,,,,,,6e-07
EmissionActivityRatio,BAU,ECU,T5FOICOM,,N2O_DE,1,2025,,,,,,6e-07
EmissionActivityRatio,BAU,ECU,T5FOICOM,,N2O_DE,1,2026,,,,,,6e-07
EmissionActivityRatio,BAU,ECU,T5FOICOM,,N2O_DE,1,2027,,,,,,6e-07
EmissionActivityRatio,BAU,ECU,T5FOICOM,,N2O_DE,1,2028,,,,,,6e-07
EmissionActivityRatio,BAU,ECU,T5FOICOM,,N2O_DE,1,2029,,,,,,6e-07
EmissionActivityRatio,BAU,ECU,T5FOICOM,,N2O_DE,1,2030,,,,,,6e-07
EmissionActivityRatio,BAU,ECU,T5FOICOM,,N2O_DE,1,2031,,,,,,6e-07
EmissionActivityRatio,BAU,ECU,T5FOICOM,,N2O_DE,1,2032,,,,,,6e-07
EmissionActivityRatio,BAU,ECU,T5FOICOM,,N2O_DE,1,2033,,,,,,6e-07
EmissionActivityRatio,BAU,ECU,T5FOICOM,,N2O_DE,1,2034,,,,,,6e-07
EmissionActivityRatio,BAU,ECU,T5FOICOM,,N2O_DE,1,2035,,,,,,6e-07
EmissionActivityRatio,BAU,ECU,T5NGSRES,,N2O_DE,1,2010,,,,,,1.0000000000000001e-07
EmissionActivityRatio,BAU,ECU,T5NGSRES,,N2O_DE,1,2011,,,,,,1.0000000000000001e-07
EmissionActivityRatio,BAU,ECU,T5NGSRES,,N2O_DE,1,2012,,,,,,1.0000000000000001e-07
EmissionActivityRatio,BAU,ECU,T5NGSRES,,N2O_DE,1,2013,,,,,,1.0000000000000001e-07
EmissionActivityRatio,BAU,ECU,T5NGSRES,,N2O_DE,1,2014,,,,,,1.0000000000000001e-07
EmissionActivityRatio,BAU,ECU,T5NGSRES,,N2O_DE,1,2015,,,,,,1.0000000000000001e-07
EmissionActivityRatio,BAU,ECU,T5NGSRES,,N2O_DE,1,2016,,,,,,1.0000000000000001e-07
EmissionActivityRatio,BAU,ECU,T5NGSRES,,N2O_DE,1,2017,,,,,,1.0000000000000001e-07
EmissionActivityRatio,BAU,ECU,T5NGSRES,,N2O_DE,1,2018,,,,,,1.0000000000000001e-07
EmissionActivityRatio,BAU,ECU,T5NGSRES,,N2O_DE,1,2019,,,,,,1.0000000000000001e-07
EmissionActivityRatio,BAU,ECU,T5NGSRES,,N2O_DE,1,2020,,,,,,1.0000000000000001e-07
EmissionActivityRatio,BAU,ECU,T5NGSRES,,N2O_DE,1,2021,,,,,,1.0000000000000001e-07
EmissionActivityRatio,BAU,ECU,T5NGSRES,,N2O_DE,1,2022,,,,,,1.0000000000000001e-07
EmissionActivityRatio,BAU,ECU,T5NGSRES,,N2O_DE,1,2023,,,,,,1.0000000000000001e-07
EmissionActivityRatio,BAU,ECU,T5NGSRES,,N2O_DE,1,2024,,,,,,1.0000000000000001e-07
EmissionActivityRatio,BAU,ECU,T5NGSRES,,N2O_DE,1,2025,,,,,,1.0000000000000001e-07
EmissionActivityRatio,BAU,ECU,T5NGSRES,,N2O_DE,1,2026,,,,,,1.0000000000000001e-07
EmissionActivityRatio,BAU,ECU,T5NGSRES,,N2O_DE,1,2027,,,,,,1.0000000000000001e-07
EmissionActivityRatio,BAU,ECU,T5NGSRES,,N2O_DE,1,2028,,,,,,1.0000000000000001e-07
EmissionActivityRatio,BAU,ECU,T5NGSRES,,N2O_DE,1,2029,,,,,,1.0000000000000001e-07
EmissionActivityRatio,BAU,ECU,T5NGSRES,,N2O_DE,1,2030,,,,,,1.0000000000000001e-07
EmissionActivityRatio,BAU,ECU,T5NGSRES,,N2O_DE,1,2031,,,,,,1.0000000000000001e-07
EmissionActivityRatio,BAU,ECU,T5NGSRES,,N2O_DE,1,2032,,,,,,1.0000000000000001e-07
EmissionActivityRatio,BAU,ECU,T5NGSRES,,N2O_DE,1,2033,,,,,,1.0000000000000001e-07
EmissionActivityRatio,BAU,ECU,T5NGSRES,,N2O_DE,1,2034,,,,,,1.0000000000000001e-07
EmissionActivityRatio,BAU,ECU,T5NGSRES,,N2O_DE,1,2035,,,,,,1.0000000000000001e-07
EmissionActivityRatio,BAU,ECU,T5GSLRES,,N2O_DE,1,2010,,,,,,6e-07
EmissionActivityRatio,BAU,ECU,T5GSLRES,,N2O_DE,1,2011,,,,,,6e-07
EmissionActivityRatio,BAU,ECU,T5GSLRES,,N2O_DE,1,2012,,,,,,6e-07
EmissionActivityRatio,BAU,ECU,T5GSLRES,,N2O_DE,1,2013,,,,,,6e-07
EmissionActivityRatio,BAU,ECU,T5GSLRES,,N2O_DE,1,2014,,,,,,6e-07
EmissionActivityRatio,BAU,ECU,T5GSLRES,,N2O_DE,1,2015,,,,,,6e-07
EmissionActivityRatio,BAU,ECU,T5GSLRES,,N2O_DE,1,2016,,,,,,6e-07
EmissionActivityRatio,BAU,ECU,T5GSLRES,,N2O_DE,1,2017,,,,,,6e-07
EmissionActivityRatio,BAU,ECU,T5GSLRES,,N2O_DE,1,2018,,,,,,6e-07
EmissionActivityRatio,BAU,ECU,T5GSLRES,,N2O_DE,1,2019,,,,,,6e-07
EmissionActivityRatio,BAU,ECU,T5GSLRES,,N2O_DE,1,2020,,,,,,6e-07
EmissionActivityRatio,BAU,ECU,T5GSLRES,,N2O_DE,1,2021,,,,,,6e-07
EmissionActivityRatio,BAU,ECU,T5GSLRES,,N2O_DE,1,2022,,,,,,6e-07
EmissionActivityRatio,BAU,ECU,T5GSLRES,,N2O_DE,1,2023,,,,,,6e-07
EmissionActivityRatio,BAU,ECU,T5GSLRES,,N2O_DE,1,2024,,,,,,6e-07
EmissionActivityRatio,BAU,ECU,T5GSLRES,,N2O_DE,1,2025,,,,,,6e-07
EmissionActivityRatio,BAU,ECU,T5GSLRES,,N2O_DE,1,2026,,,,,,6e-07
EmissionActivityRatio,BAU,ECU,T5GSLRES,,N2O_DE,1,2027,,,,,,6e-07
EmissionActivityRatio,BAU,ECU,T5GSLRES,,N2O_DE,1,2028,,,,,,6e-07
EmissionActivityRatio,BAU,ECU,T5GSLRES,,N2O_DE,1,2029,,,,,,6e-07
EmissionActivityRatio,BAU,ECU,T5GSLRES,,N2O_DE,1,2030,,,,,,6e-07
EmissionActivityRatio,BAU,ECU,T5GSLRES,,N2O_DE,1,2031,,,,,,6e-07
EmissionActivityRatio,BAU,ECU,T5GSLRES,,N2O_DE,1,2032,,,,,,6e-07
EmissionActivityRatio,BAU,ECU,T5GSLRES,,N2O_DE,1,2033,,,,,,6e-07
EmissionActivityRatio,BAU,ECU,T5GSLRES,,N2O_DE,1,2034,,,,,,6e-07
EmissionActivityRatio,BAU,ECU,T5GSLRES,,N2O_DE,1,2035,,,,,,6e-07
EmissionActivityRatio,BAU,ECU,T5LPGRES,,N2O_DE,1,2010,,,,,,1.0000000000000001e-07
EmissionActivityRatio,BAU,ECU,T5LPGRES,,N2O_DE,1,2011,,,,,,1.0000000000000001e-07
EmissionActivityRatio,BAU,ECU,T5LPGRES,,N2O_DE,1,2012,,,,,,1.0000000000000001e-07
EmissionActivityRatio,BAU,ECU,T5LPGRES,,N2O_DE,1,2013,,,,,,1.0000000000000001e-07
EmissionActivityRatio,BAU,ECU,T5LPGRES,,N2O_DE,1,2014,,,,,,1.0000000000000001e-07
EmissionActivityRatio,BAU,ECU,T5LPGRES,,N2O_DE,1,2015,,,,,,1.0000000000000001e-07
EmissionActivityRatio,BAU,ECU,T5LPGRES,,N2O_DE,1,2016,,,,,,1.0000000000000001e-07
EmissionActivityRatio,BAU,ECU,T5LPGRES,,N2O_DE,1,2017,,,,,,1.0000000000000001e-07
EmissionActivityRatio,BAU,ECU,T5LPGRES,,N2O_DE,1,2018,,,,,,1.0000000000000001e-07
EmissionActivityRatio,BAU,ECU,T5LPGRES,,N2O_DE,1,2019,,,,,,1.0000000000000001e-07
EmissionActivityRatio,BAU,ECU,T5LPGRES,,N2O_DE,1,2020,,,,,,1.0000000000000001e-07
EmissionActivityRatio,BAU,ECU,T5LPGRES,,N2O_DE,1,2021,,,,,,1.0000000000000001e-07
EmissionActivityRatio,BAU,ECU,T5LPGRES,,N2O_DE,1,2022,,,,,,1.0000000000000001e-07
EmissionActivityRatio,BAU,ECU,T5LPGRES,,N2O_DE,1,2023,,,,,,1.0000000000000001e-07
EmissionActivityRatio,BAU,ECU,T5LPGRES,,N2O_DE,1,2024,,,,,,1.0000000000000001e-07
EmissionActivityRatio,BAU,ECU,T5LPGRES,,N2O_DE,1,2025,,,,,,1.0000000000000001e-07
EmissionActivityRatio,BAU,ECU,T5LPGRES,,N2O_DE,1,2026,,,,,,1.0000000000000001e-07
EmissionActivityRatio,BAU,ECU,T5LPGRES,,N2O_DE,1,2027,,,,,,1.0000000000000001e-07
EmissionActivityRatio,BAU,ECU,T5LPGRES,,N2O_DE,1,2028,,,,,,1.0000000000000001e-07
EmissionActivityRatio,BAU,ECU,T5LPGRES,,N2O_DE,1,2029,,,,,,1.0000000000000001e-07
EmissionActivityRatio,BAU,ECU,T5LPGRES,,N2O_DE,1,2030,,,,,,1.0000000000000001e-07
EmissionActivityRatio,BAU,ECU,T5LPGRES,,N2O_DE,1,2031,,,,,,1.0000000000000001e-07
EmissionActivityRatio,BAU,ECU,T5LPGRES,,N2O_DE,1,2032,,,,,,1.0000000000000001e-07
EmissionActivityRatio,BAU,ECU,T5LPGRES,,N2O_DE,1,2033,,,,,,1.0000000000000001e-07
EmissionActivityRatio,BAU,ECU,T5LPGRES,,N2O_DE,1,2034,,,,,,1.0000000000000001e-07
EmissionActivityRatio,BAU,ECU,T5LPGRES,,N2O_DE,1,2035,,,,,,1.0000000000000001e-07
EmissionActivityRatio,BAU,ECU,T5ELERES,,N2O_DE,1,2010,,,,,,0.0
EmissionActivityRatio,BAU,ECU,T5ELERES,,N2O_DE,1,2011,,,,,,0.0
EmissionActivityRatio,BAU,ECU,T5ELERES,,N2O_DE,1,2012,,,,,,0.0
EmissionActivityRatio,BAU,ECU,T5ELERES,,N2O_DE,1,2013,,,,,,0.0
EmissionActivityRatio,BAU,ECU,T5ELERES,,N2O_DE,1,2014,,,,,,0.0
EmissionActivityRatio,BAU,ECU,T5ELERES,,N2O_DE,1,2015,,,,,,0.0
EmissionActivityRatio,BAU,ECU,T5ELERES,,N2O_DE,1,2016,,,,,,0.0
EmissionActivityRatio,BAU,ECU,T5ELERES,,N2O_DE,1,2017,,,,,,0.0
EmissionActivityRatio,BAU,ECU,T5ELERES,,N2O_DE,1,2018,,,,,,0.0
EmissionActivityRatio,BAU,ECU,T5ELERES,,N2O_DE,1,2019,,,,,,0.0
EmissionActivityRatio,BAU,ECU,T5ELERES,,N2O_DE,1,2020,,,,,,0.0
EmissionActivityRatio,BAU,ECU,T5ELERES,,N2O_DE,1,2021,,,,,,0.0
EmissionActivityRatio,BAU,ECU,T5ELERES,,N2O_DE,1,2022,,,,,,0.0
EmissionActivityRatio,BAU,ECU,T5ELERES,,N2O_DE,1,2023,,,,,,0.0
EmissionActivityRatio,BAU,ECU,T5ELERES,,N2O_DE,1,2024,,,,,,0.0
EmissionActivityRatio,BAU,ECU,T5ELERES,,N2O_DE,1,2025,,,,,,0.0
EmissionActivityRatio,BAU,ECU,T5ELERES,,N2O_DE,1,2026,,,,,,0.0
EmissionActivityRatio,BAU,ECU,T5ELERES,,N2O_DE,1,2027,,,,,,0.0
EmissionActivityRatio,BAU,ECU,T5ELERES,,N2O_DE,1,2028,,,,,,0.0
EmissionActivityRatio,BAU,ECU,T5ELERES,,N2O_DE,1,2029,,,,,,0.0
EmissionActivityRatio,BAU,ECU,T5ELERES,,N2O_DE,1,2030,,,,,,0.0
EmissionActivityRatio,BAU,ECU,T5ELERES,,N2O_DE,1,2031,,,,,,0.0
EmissionActivityRatio,BAU,ECU,T5ELERES,,N2O_DE,1,2032,,,,,,0.0
EmissionActivityRatio,BAU,ECU,T5ELERES,,N2O_DE,1,2033,,,,,,0.0
EmissionActivityRatio,BAU,ECU,T5ELERES,,N2O_DE,1,2034,,,,,,0.0
EmissionActivityRatio,BAU,ECU,T5ELERES,,N2O_DE,1,2035,,,,,,0.0
EmissionActivityRatio,BAU,ECU,T5KERRES,,N2O_DE,1,2010,,,,,,6e-07
EmissionActivityRatio,BAU,ECU,T5KERRES,,N2O_DE,1,2011,,,,,,6e-07
EmissionActivityRatio,BAU,ECU,T5KERRES,,N2O_DE,1,2012,,,,,,6e-07
EmissionActivityRatio,BAU,ECU,T5KERRES,,N2O_DE,1,2013,,,,,,6e-07
EmissionActivityRatio,BAU,ECU,T5KERRES,,N2O_DE,1,2014,,,,,,6e-07
EmissionActivityRatio,BAU,ECU,T5KERRES,,N2O_DE,1,2015,,,,,,6e-07
EmissionActivityRatio,BAU,ECU,T5KERRES,,N2O_DE,1,2016,,,,,,6e-07
EmissionActivityRatio,BAU,ECU,T5KERRES,,N2O_DE,1,2017,,,,,,6e-07
EmissionActivityRatio,BAU,ECU,T5KERRES,,N2O_DE,1,2018,,,,,,6e-07
EmissionActivityRatio,BAU,ECU,T5KERRES,,N2O_DE,1,2019,,,,,,6e-07
EmissionActivityRatio,BAU,ECU,T5KERRES,,N2O_DE,1,2020,,,,,,6e-07
EmissionActivityRatio,BAU,ECU,T5KERRES,,N2O_DE,1,2021,,,,,,6e-07
EmissionActivityRatio,BAU,ECU,T5KERRES,,N2O_DE,1,2022,,,,,,6e-07
EmissionActivityRatio,BAU,ECU,T5KERRES,,N2O_DE,1,2023,,,,,,6e-07
EmissionActivityRatio,BAU,ECU,T5KERRES,,N2O_DE,1,2024,,,,,,6e-07
EmissionActivityRatio,BAU,ECU,T5KERRES,,N2O_DE,1,2025,,,,,,6e-07
EmissionActivityRatio,BAU,ECU,T5KERRES,,N2O_DE,1,2026,,,,,,6e-07
EmissionActivityRatio,BAU,ECU,T5KERRES,,N2O_DE,1,2027,,,,,,6e-07
EmissionActivityRatio,BAU,ECU,T5KERRES,,N2O_DE,1,2028,,,,,,6e-07
EmissionActivityRatio,BAU,ECU,T5KERRES,,N2O_DE,1,2029,,,,,,6e-07
EmissionActivityRatio,BAU,ECU,T5KERRES,,N2O_DE,1,2030,,,,,,6e-07
EmissionActivityRatio,BAU,ECU,T5KERRES,,N2O_DE,1,2031,,,,,,6e-07
EmissionActivityRatio,BAU,ECU,T5KERRES,,N2O_DE,1,2032,,,,,,6e-07
EmissionActivityRatio,BAU,ECU,T5KERRES,,N2O_DE,1,2033,,,,,,6e-07
EmissionActivityRatio,BAU,ECU,T5KERRES,,N2O_DE,1,2034,,,,,,6e-07
EmissionActivityRatio,BAU,ECU,T5KERRES,,N2O_DE,1,2035,,,,,,6e-07
EmissionActivityRatio,BAU,ECU,T5FIRRES,,N2O_DE,1,2010,,,,,,4e-06
EmissionActivityRatio,BAU,ECU,T5FIRRES,,N2O_DE,1,2011,,,,,,4e-06
EmissionActivityRatio,BAU,ECU,T5FIRRES,,N2O_DE,1,2012,,,,,,4e-06
EmissionActivityRatio,BAU,ECU,T5FIRRES,,N2O_DE,1,2013,,,,,,4e-06
EmissionActivityRatio,BAU,ECU,T5FIRRES,,N2O_DE,1,2014,,,,,,4e-06
EmissionActivityRatio,BAU,ECU,T5FIRRES,,N2O_DE,1,2015,,,,,,4e-06
EmissionActivityRatio,BAU,ECU,T5FIRRES,,N2O_DE,1,2016,,,,,,4e-06
EmissionActivityRatio,BAU,ECU,T5FIRRES,,N2O_DE,1,2017,,,,,,4e-06
EmissionActivityRatio,BAU,ECU,T5FIRRES,,N2O_DE,1,2018,,,,,,4e-06
EmissionActivityRatio,BAU,ECU,T5FIRRES,,N2O_DE,1,2019,,,,,,4e-06
EmissionActivityRatio,BAU,ECU,T5FIRRES,,N2O_DE,1,2020,,,,,,4e-06
EmissionActivityRatio,BAU,ECU,T5FIRRES,,N2O_DE,1,2021,,,,,,4e-06
EmissionActivityRatio,BAU,ECU,T5FIRRES,,N2O_DE,1,2022,,,,,,4e-06
EmissionActivityRatio,BAU,ECU,T5FIRRES,,N2O_DE,1,2023,,,,,,4e-06
EmissionActivityRatio,BAU,ECU,T5FIRRES,,N2O_DE,1,2024,,,,,,4e-06
EmissionActivityRatio,BAU,ECU,T5FIRRES,,N2O_DE,1,2025,,,,,,4e-06
EmissionActivityRatio,BAU,ECU,T5FIRRES,,N2O_DE,1,2026,,,,,,4e-06
EmissionActivityRatio,BAU,ECU,T5FIRRES,,N2O_DE,1,2027,,,,,,4e-06
EmissionActivityRatio,BAU,ECU,T5FIRRES,,N2O_DE,1,2028,,,,,,4e-06
EmissionActivityRatio,BAU,ECU,T5FIRRES,,N2O_DE,1,2029,,,,,,4e-06
EmissionActivityRatio,BAU,ECU,T5FIRRES,,N2O_DE,1,2030,,,,,,4e-06
EmissionActivityRatio,BAU,ECU,T5FIRRES,,N2O_DE,1,2031,,,,,,4e-06
EmissionActivityRatio,BAU,ECU,T5FIRRES,,N2O_DE,1,2032,,,,,,4e-06
EmissionActivityRatio,BAU,ECU,T5FIRRES,,N2O_DE,1,2033,,,,,,4e-06
EmissionActivityRatio,BAU,ECU,T5FIRRES,,N2O_DE,1,2034,,,,,,4e-06
EmissionActivityRatio,BAU,ECU,T5FIRRES,,N2O_DE,1,2035,,,,,,4e-06
EmissionActivityRatio,BAU,ECU,T5CHARES,,N2O_DE,1,2010,,,,,,1e-06
EmissionActivityRatio,BAU,ECU,T5CHARES,,N2O_DE,1,2011,,,,,,1e-06
EmissionActivityRatio,BAU,ECU,T5CHARES,,N2O_DE,1,2012,,,,,,1e-06
EmissionActivityRatio,BAU,ECU,T5CHARES,,N2O_DE,1,2013,,,,,,1e-06
EmissionActivityRatio,BAU,ECU,T5CHARES,,N2O_DE,1,2014,,,,,,1e-06
EmissionActivityRatio,BAU,ECU,T5CHARES,,N2O_DE,1,2015,,,,,,1e-06
EmissionActivityRatio,BAU,ECU,T5CHARES,,N2O_DE,1,2016,,,,,,1e-06
EmissionActivityRatio,BAU,ECU,T5CHARES,,N2O_DE,1,2017,,,,,,1e-06
EmissionActivityRatio,BAU,ECU,T5CHARES,,N2O_DE,1,2018,,,,,,1e-06
EmissionActivityRatio,BAU,ECU,T5CHARES,,N2O_DE,1,2019,,,,,,1e-06
EmissionActivityRatio,BAU,ECU,T5CHARES,,N2O_DE,1,2020,,,,,,1e-06
EmissionActivityRatio,BAU,ECU,T5CHARES,,N2O_DE,1,2021,,,,,,1e-06
EmissionActivityRatio,BAU,ECU,T5CHARES,,N2O_DE,1,2022,,,,,,1e-06
EmissionActivityRatio,BAU,ECU,T5CHARES,,N2O_DE,1,2023,,,,,,1e-06
EmissionActivityRatio,BAU,ECU,T5CHARES,,N2O_DE,1,2024,,,,,,1e-06
EmissionActivityRatio,BAU,ECU,T5CHARES,,N2O_DE,1,2025,,,,,,1e-06
EmissionActivityRatio,BAU,ECU,T5CHARES,,N2O_DE,1,2026,,,,,,1e-06
EmissionActivityRatio,BAU,ECU,T5CHARES,,N2O_DE,1,2027,,,,,,1e-06
EmissionActivityRatio,BAU,ECU,T5CHARES,,N2O_DE,1,2028,,,,,,1e-06
EmissionActivityRatio,BAU,ECU,T5CHARES,,N2O_DE,1,2029,,,,,,1e-06
EmissionActivityRatio,BAU,ECU,T5CHARES,,N2O_DE,1,2030,,,,,,1e-06
EmissionActivityRatio,BAU,ECU,T5CHARES,,N2O_DE,1,2031,,,,,,1e-06
EmissionActivityRatio,BAU,ECU,T5CHARES,,N2O_DE,1,2032,,,,,,1e-06
EmissionActivityRatio,BAU,ECU,T5CHARES,,N2O_DE,1,2033,,,,,,1e-06
EmissionActivityRatio,BAU,ECU,T5CHARES,,N2O_DE,1,2034,,,,,,1e-06
EmissionActivityRatio,BAU,ECU,T5CHARES,,N2O_DE,1,2035,,,,,,1e-06
EmissionActivityRatio,BAU,ECU,T5OPERES,,N2O_DE,1,2010,,,,,,6e-07
EmissionActivityRatio,BAU,ECU,T5OPERES,,N2O_DE,1,2011,,,,,,6e-07
EmissionActivityRatio,BAU,ECU,T5OPERES,,N2O_DE,1,2012,,,,,,6e-07
EmissionActivityRatio,BAU,ECU,T5OPERES,,N2O_DE,1,2013,,,,,,6e-07
EmissionActivityRatio,BAU,ECU,T5OPERES,,N2O_DE,1,2014,,,,,,6e-07
EmissionActivityRatio,BAU,ECU,T5OPERES,,N2O_DE,1,2015,,,,,,6e-07
EmissionActivityRatio,BAU,ECU,T5OPERES,,N2O_DE,1,2016,,,,,,6e-07
EmissionActivityRatio,BAU,ECU,T5OPERES,,N2O_DE,1,2017,,,,,,6e-07
EmissionActivityRatio,BAU,ECU,T5OPERES,,N2O_DE,1,2018,,,,,,6e-07
EmissionActivityRatio,BAU,ECU,T5OPERES,,N2O_DE,1,2019,,,,,,6e-07
EmissionActivityRatio,BAU,ECU,T5OPERES,,N2O_DE,1,2020,,,,,,6e-07
EmissionActivityRatio,BAU,ECU,T5OPERES,,N2O_DE,1,2021,,,,,,6e-07
EmissionActivityRatio,BAU,ECU,T5OPERES,,N2O_DE,1,2022,,,,,,6e-07
EmissionActivityRatio,BAU,ECU,T5OPERES,,N2O_DE,1,2023,,,,,,6e-07
EmissionActivityRatio,BAU,ECU,T5OPERES,,N2O_DE,1,2024,,,,,,6e-07
EmissionActivityRatio,BAU,ECU,T5OPERES,,N2O_DE,1,2025,,,,,,6e-07
EmissionActivityRatio,BAU,ECU,T5OPERES,,N2O_DE,1,2026,,,,,,6e-07
EmissionActivityRatio,BAU,ECU,T5OPERES,,N2O_DE,1,2027,,,,,,6e-07
EmissionActivityRatio,BAU,ECU,T5OPERES,,N2O_DE,1,2028,,,,,,6e-07
EmissionActivityRatio,BAU,ECU,T5OPERES,,N2O_DE,1,2029,,,,,,6e-07
EmissionActivityRatio,BAU,ECU,T5OPERES,,N2O_DE,1,2030,,,,,,6e-07
EmissionActivityRatio,BAU,ECU,T5OPERES,,N2O_DE,1,2031,,,,,,6e-07
EmissionActivityRatio,BAU,ECU,T5OPERES,,N2O_DE,1,2032,,,,,,6e-07
EmissionActivityRatio,BAU,ECU,T5OPERES,,N2O_DE,1,2033,,,,,,6e-07
EmissionActivityRatio,BAU,ECU,T5OPERES,,N2O_DE,1,2034,,,,,,6e-07
EmissionActivityRatio,BAU,ECU,T5OPERES,,N2O_DE,1,2035,,,,,,6e-07
EmissionActivityRatio,BAU,ECU,T5ELEPUB,,N2O_DE,1,2010,,,,,,0.0
EmissionActivityRatio,BAU,ECU,T5ELEPUB,,N2O_DE,1,2011,,,,,,0.0
EmissionActivityRatio,BAU,ECU,T5ELEPUB,,N2O_DE,1,2012,,,,,,0.0
EmissionActivityRatio,BAU,ECU,T5ELEPUB,,N2O_DE,1,2013,,,,,,0.0
EmissionActivityRatio,BAU,ECU,T5ELEPUB,,N2O_DE,1,2014,,,,,,0.0
EmissionActivityRatio,BAU,ECU,T5ELEPUB,,N2O_DE,1,2015,,,,,,0.0
EmissionActivityRatio,BAU,ECU,T5ELEPUB,,N2O_DE,1,2016,,,,,,0.0
EmissionActivityRatio,BAU,ECU,T5ELEPUB,,N2O_DE,1,2017,,,,,,0.0
EmissionActivityRatio,BAU,ECU,T5ELEPUB,,N2O_DE,1,2018,,,,,,0.0
EmissionActivityRatio,BAU,ECU,T5ELEPUB,,N2O_DE,1,2019,,,,,,0.0
EmissionActivityRatio,BAU,ECU,T5ELEPUB,,N2O_DE,1,2020,,,,,,0.0
EmissionActivityRatio,BAU,ECU,T5ELEPUB,,N2O_DE,1,2021,,,,,,0.0
EmissionActivityRatio,BAU,ECU,T5ELEPUB,,N2O_DE,1,2022,,,,,,0.0
EmissionActivityRatio,BAU,ECU,T5ELEPUB,,N2O_DE,1,2023,,,,,,0.0
EmissionActivityRatio,BAU,ECU,T5ELEPUB,,N2O_DE,1,2024,,,,,,0.0
EmissionActivityRatio,BAU,ECU,T5ELEPUB,,N2O_DE,1,2025,,,,,,0.0
EmissionActivityRatio,BAU,ECU,T5ELEPUB,,N2O_DE,1,2026,,,,,,0.0
EmissionActivityRatio,BAU,ECU,T5ELEPUB,,N2O_DE,1,2027,,,,,,0.0
EmissionActivityRatio,BAU,ECU,T5ELEPUB,,N2O_DE,1,2028,,,,,,0.0
EmissionActivityRatio,BAU,ECU,T5ELEPUB,,N2O_DE,1,2029,,,,,,0.0
EmissionActivityRatio,BAU,ECU,T5ELEPUB,,N2O_DE,1,2030,,,,,,0.0
EmissionActivityRatio,BAU,ECU,T5ELEPUB,,N2O_DE,1,2031,,,,,,0.0
EmissionActivityRatio,BAU,ECU,T5ELEPUB,,N2O_DE,1,2032,,,,,,0.0
EmissionActivityRatio,BAU,ECU,T5ELEPUB,,N2O_DE,1,2033,,,,,,0.0
EmissionActivityRatio,BAU,ECU,T5ELEPUB,,N2O_DE,1,2034,,,,,,0.0
EmissionActivityRatio,BAU,ECU,T5ELEPUB,,N2O_DE,1,2035,,,,,,0.0
EmissionActivityRatio,BAU,ECU,T5DSLIND,,N2O_DE,1,2010,,,,,,6e-07
EmissionActivityRatio,BAU,ECU,T5DSLIND,,N2O_DE,1,2011,,,,,,6e-07
EmissionActivityRatio,BAU,ECU,T5DSLIND,,N2O_DE,1,2012,,,,,,6e-07
EmissionActivityRatio,BAU,ECU,T5DSLIND,,N2O_DE,1,2013,,,,,,6e-07
EmissionActivityRatio,BAU,ECU,T5DSLIND,,N2O_DE,1,2014,,,,,,6e-07
EmissionActivityRatio,BAU,ECU,T5DSLIND,,N2O_DE,1,2015,,,,,,6e-07
EmissionActivityRatio,BAU,ECU,T5DSLIND,,N2O_DE,1,2016,,,,,,6e-07
EmissionActivityRatio,BAU,ECU,T5DSLIND,,N2O_DE,1,2017,,,,,,6e-07
EmissionActivityRatio,BAU,ECU,T5DSLIND,,N2O_DE,1,2018,,,,,,6e-07
EmissionActivityRatio,BAU,ECU,T5DSLIND,,N2O_DE,1,2019,,,,,,6e-07
EmissionActivityRatio,BAU,ECU,T5DSLIND,,N2O_DE,1,2020,,,,,,6e-07
EmissionActivityRatio,BAU,ECU,T5DSLIND,,N2O_DE,1,2021,,,,,,6e-07
EmissionActivityRatio,BAU,ECU,T5DSLIND,,N2O_DE,1,2022,,,,,,6e-07
EmissionActivityRatio,BAU,ECU,T5DSLIND,,N2O_DE,1,2023,,,,,,6e-07
EmissionActivityRatio,BAU,ECU,T5DSLIND,,N2O_DE,1,2024,,,,,,6e-07
EmissionActivityRatio,BAU,ECU,T5DSLIND,,N2O_DE,1,2025,,,,,,6e-07
EmissionActivityRatio,BAU,ECU,T5DSLIND,,N2O_DE,1,2026,,,,,,6e-07
EmissionActivityRatio,BAU,ECU,T5DSLIND,,N2O_DE,1,2027,,,,,,6e-07
EmissionActivityRatio,BAU,ECU,T5DSLIND,,N2O_DE,1,2028,,,,,,6e-07
EmissionActivityRatio,BAU,ECU,T5DSLIND,,N2O_DE,1,2029,,,,,,6e-07
EmissionActivityRatio,BAU,ECU,T5DSLIND,,N2O_DE,1,2030,,,,,,6e-07
EmissionActivityRatio,BAU,ECU,T5DSLIND,,N2O_DE,1,2031,,,,,,6e-07
EmissionActivityRatio,BAU,ECU,T5DSLIND,,N2O_DE,1,2032,,,,,,6e-07
EmissionActivityRatio,BAU,ECU,T5DSLIND,,N2O_DE,1,2033,,,,,,6e-07
EmissionActivityRatio,BAU,ECU,T5DSLIND,,N2O_DE,1,2034,,,,,,6e-07
EmissionActivityRatio,BAU,ECU,T5DSLIND,,N2O_DE,1,2035,,,,,,6e-07
EmissionActivityRatio,BAU,ECU,T5GSLIND,,N2O_DE,1,2010,,,,,,6e-07
EmissionActivityRatio,BAU,ECU,T5GSLIND,,N2O_DE,1,2011,,,,,,6e-07
EmissionActivityRatio,BAU,ECU,T5GSLIND,,N2O_DE,1,2012,,,,,,6e-07
EmissionActivityRatio,BAU,ECU,T5GSLIND,,N2O_DE,1,2013,,,,,,6e-07
EmissionActivityRatio,BAU,ECU,T5GSLIND,,N2O_DE,1,2014,,,,,,6e-07
EmissionActivityRatio,BAU,ECU,T5GSLIND,,N2O_DE,1,2015,,,,,,6e-07
EmissionActivityRatio,BAU,ECU,T5GSLIND,,N2O_DE,1,2016,,,,,,6e-07
EmissionActivityRatio,BAU,ECU,T5GSLIND,,N2O_DE,1,2017,,,,,,6e-07
EmissionActivityRatio,BAU,ECU,T5GSLIND,,N2O_DE,1,2018,,,,,,6e-07
EmissionActivityRatio,BAU,ECU,T5GSLIND,,N2O_DE,1,2019,,,,,,6e-07
EmissionActivityRatio,BAU,ECU,T5GSLIND,,N2O_DE,1,2020,,,,,,6e-07
EmissionActivityRatio,BAU,ECU,T5GSLIND,,N2O_DE,1,2021,,,,,,6e-07
EmissionActivityRatio,BAU,ECU,T5GSLIND,,N2O_DE,1,2022,,,,,,6e-07
EmissionActivityRatio,BAU,ECU,T5GSLIND,,N2O_DE,1,2023,,,,,,6e-07
EmissionActivityRatio,BAU,ECU,T5GSLIND,,N2O_DE,1,2024,,,,,,6e-07
EmissionActivityRatio,BAU,ECU,T5GSLIND,,N2O_DE,1,2025,,,,,,6e-07
EmissionActivityRatio,BAU,ECU,T5GSLIND,,N2O_DE,1,2026,,,,,,6e-07
EmissionActivityRatio,BAU,ECU,T5GSLIND,,N2O_DE,1,2027,,,,,,6e-07
EmissionActivityRatio,BAU,ECU,T5GSLIND,,N2O_DE,1,2028,,,,,,6e-07
EmissionActivityRatio,BAU,ECU,T5GSLIND,,N2O_DE,1,2029,,,,,,6e-07
EmissionActivityRatio,BAU,ECU,T5GSLIND,,N2O_DE,1,2030,,,,,,6e-07
EmissionActivityRatio,BAU,ECU,T5GSLIND,,N2O_DE,1,2031,,,,,,6e-07
EmissionActivityRatio,BAU,ECU,T5GSLIND,,N2O_DE,1,2032,,,,,,6e-07
EmissionActivityRatio,BAU,ECU,T5GSLIND,,N2O_DE,1,2033,,,,,,6e-07
EmissionActivityRatio,BAU,ECU,T5GSLIND,,N2O_DE,1,2034,,,,,,6e-07
EmissionActivityRatio,BAU,ECU,T5GSLIND,,N2O_DE,1,2035,,,,,,6e-07
EmissionActivityRatio,BAU,ECU,T5NGSIND,,N2O_DE,1,2010,,,,,,1.0000000000000001e-07
EmissionActivityRatio,BAU,ECU,T5NGSIND,,N2O_DE,1,2011,,,,,,1.0000000000000001e-07
EmissionActivityRatio,BAU,ECU,T5NGSIND,,N2O_DE,1,2012,,,,,,1.0000000000000001e-07
EmissionActivityRatio,BAU,ECU,T5NGSIND,,N2O_DE,1,2013,,,,,,1.0000000000000001e-07
EmissionActivityRatio,BAU,ECU,T5NGSIND,,N2O_DE,1,2014,,,,,,1.0000000000000001e-07
EmissionActivityRatio,BAU,ECU,T5NGSIND,,N2O_DE,1,2015,,,,,,1.0000000000000001e-07
EmissionActivityRatio,BAU,ECU,T5NGSIND,,N2O_DE,1,2016,,,,,,1.0000000000000001e-07
EmissionActivityRatio,BAU,ECU,T5NGSIND,,N2O_DE,1,2017,,,,,,1.0000000000000001e-07
EmissionActivityRatio,BAU,ECU,T5NGSIND,,N2O_DE,1,2018,,,,,,1.0000000000000001e-07
EmissionActivityRatio,BAU,ECU,T5NGSIND,,N2O_DE,1,2019,,,,,,1.0000000000000001e-07
EmissionActivityRatio,BAU,ECU,T5NGSIND,,N2O_DE,1,2020,,,,,,1.0000000000000001e-07
EmissionActivityRatio,BAU,ECU,T5NGSIND,,N2O_DE,1,2021,,,,,,1.0000000000000001e-07
EmissionActivityRatio,BAU,ECU,T5NGSIND,,N2O_DE,1,2022,,,,,,1.0000000000000001e-07
EmissionActivityRatio,BAU,ECU,T5NGSIND,,N2O_DE,1,2023,,,,,,1.0000000000000001e-07
EmissionActivityRatio,BAU,ECU,T5NGSIND,,N2O_DE,1,2024,,,,,,1.0000000000000001e-07
EmissionActivityRatio,BAU,ECU,T5NGSIND,,N2O_DE,1,2025,,,,,,1.0000000000000001e-07
EmissionActivityRatio,BAU,ECU,T5NGSIND,,N2O_DE,1,2026,,,,,,1.0000000000000001e-07
EmissionActivityRatio,BAU,ECU,T5NGSIND,,N2O_DE,1,2027,,,,,,1.0000000000000001e-07
EmissionActivityRatio,BAU,ECU,T5NGSIND,,N2O_DE,1,2028,,,,,,1.0000000000000001e-07
EmissionActivityRatio,BAU,ECU,T5NGSIND,,N2O_DE,1,2029,,,,,,1.0000000000000001e-07
EmissionActivityRatio,BAU,ECU,T5NGSIND,,N2O_DE,1,2030,,,,,,1.0000000000000001e-07
EmissionActivityRatio,BAU,ECU,T5NGSIND,,N2O_DE,1,2031,,,,,,1.0000000000000001e-07
EmissionActivityRatio,BAU,ECU,T5NGSIND,,N2O_DE,1,2032,,,,,,1.0000000000000001e-07
EmissionActivityRatio,BAU,ECU,T5NGSIND,,N2O_DE,1,2033,,,,,,1.0000000000000001e-07
EmissionActivityRatio,BAU,ECU,T5NGSIND,,N2O_DE,1,2034,,,,,,1.0000000000000001e-07
EmissionActivityRatio,BAU,ECU,T5NGSIND,,N2O_DE,1,2035,,,,,,1.0000000000000001e-07
EmissionActivityRatio,BAU,ECU,T5ELEIND,,N2O_DE,1,2010,,,,,,0.0
EmissionActivityRatio,BAU,ECU,T5ELEIND,,N2O_DE,1,2011,,,,,,0.0
EmissionActivityRatio,BAU,ECU,T5ELEIND,,N2O_DE,1,2012,,,,,,0.0
EmissionActivityRatio,BAU,ECU,T5ELEIND,,N2O_DE,1,2013,,,,,,0.0
EmissionActivityRatio,BAU,ECU,T5ELEIND,,N2O_DE,1,2014,,,,,,0.0
EmissionActivityRatio,BAU,ECU,T5ELEIND,,N2O_DE,1,2015,,,,,,0.0
EmissionActivityRatio,BAU,ECU,T5ELEIND,,N2O_DE,1,2016,,,,,,0.0
EmissionActivityRatio,BAU,ECU,T5ELEIND,,N2O_DE,1,2017,,,,,,0.0
EmissionActivityRatio,BAU,ECU,T5ELEIND,,N2O_DE,1,2018,,,,,,0.0
EmissionActivityRatio,BAU,ECU,T5ELEIND,,N2O_DE,1,2019,,,,,,0.0
EmissionActivityRatio,BAU,ECU,T5ELEIND,,N2O_DE,1,2020,,,,,,0.0
EmissionActivityRatio,BAU,ECU,T5ELEIND,,N2O_DE,1,2021,,,,,,0.0
EmissionActivityRatio,BAU,ECU,T5ELEIND,,N2O_DE,1,2022,,,,,,0.0
EmissionActivityRatio,BAU,ECU,T5ELEIND,,N2O_DE,1,2023,,,,,,0.0
EmissionActivityRatio,BAU,ECU,T5ELEIND,,N2O_DE,1,2024,,,,,,0.0
EmissionActivityRatio,BAU,ECU,T5ELEIND,,N2O_DE,1,2025,,,,,,0.0
EmissionActivityRatio,BAU,ECU,T5ELEIND,,N2O_DE,1,2026,,,,,,0.0
EmissionActivityRatio,BAU,ECU,T5ELEIND,,N2O_DE,1,2027,,,,,,0.0
EmissionActivityRatio,BAU,ECU,T5ELEIND,,N2O_DE,1,2028,,,,,,0.0
EmissionActivityRatio,BAU,ECU,T5ELEIND,,N2O_DE,1,2029,,,,,,0.0
EmissionActivityRatio,BAU,ECU,T5ELEIND,,N2O_DE,1,2030,,,,,,0.0
EmissionActivityRatio,BAU,ECU,T5ELEIND,,N2O_DE,1,2031,,,,,,0.0
EmissionActivityRatio,BAU,ECU,T5ELEIND,,N2O_DE,1,2032,,,,,,0.0
EmissionActivityRatio,BAU,ECU,T5ELEIND,,N2O_DE,1,2033,,,,,,0.0
EmissionActivityRatio,BAU,ECU,T5ELEIND,,N2O_DE,1,2034,,,,,,0.0
EmissionActivityRatio,BAU,ECU,T5ELEIND,,N2O_DE,1,2035,,,,,,0.0
EmissionActivityRatio,BAU,ECU,T5HYDIND,,N2O_DE,1,2010,,,,,,0.0
EmissionActivityRatio,BAU,ECU,T5HYDIND,,N2O_DE,1,2011,,,,,,0.0
EmissionActivityRatio,BAU,ECU,T5HYDIND,,N2O_DE,1,2012,,,,,,0.0
EmissionActivityRatio,BAU,ECU,T5HYDIND,,N2O_DE,1,2013,,,,,,0.0
EmissionActivityRatio,BAU,ECU,T5HYDIND,,N2O_DE,1,2014,,,,,,0.0
EmissionActivityRatio,BAU,ECU,T5HYDIND,,N2O_DE,1,2015,,,,,,0.0
EmissionActivityRatio,BAU,ECU,T5HYDIND,,N2O_DE,1,2016,,,,,,0.0
EmissionActivityRatio,BAU,ECU,T5HYDIND,,N2O_DE,1,2017,,,,,,0.0
EmissionActivityRatio,BAU,ECU,T5HYDIND,,N2O_DE,1,2018,,,,,,0.0
EmissionActivityRatio,BAU,ECU,T5HYDIND,,N2O_DE,1,2019,,,,,,0.0
EmissionActivityRatio,BAU,ECU,T5HYDIND,,N2O_DE,1,2020,,,,,,0.0
EmissionActivityRatio,BAU,ECU,T5HYDIND,,N2O_DE,1,2021,,,,,,0.0
EmissionActivityRatio,BAU,ECU,T5HYDIND,,N2O_DE,1,2022,,,,,,0.0
EmissionActivityRatio,BAU,ECU,T5HYDIND,,N2O_DE,1,2023,,,,,,0.0
EmissionActivityRatio,BAU,ECU,T5HYDIND,,N2O_DE,1,2024,,,,,,0.0
EmissionActivityRatio,BAU,ECU,T5HYDIND,,N2O_DE,1,2025,,,,,,0.0
EmissionActivityRatio,BAU,ECU,T5HYDIND,,N2O_DE,1,2026,,,,,,0.0
EmissionActivityRatio,BAU,ECU,T5HYDIND,,N2O_DE,1,2027,,,,,,0.0
EmissionActivityRatio,BAU,ECU,T5HYDIND,,N2O_DE,1,2028,,,,,,0.0
EmissionActivityRatio,BAU,ECU,T5HYDIND,,N2O_DE,1,2029,,,,,,0.0
EmissionActivityRatio,BAU,ECU,T5HYDIND,,N2O_DE,1,2030,,,,,,0.0
EmissionActivityRatio,BAU,ECU,T5HYDIND,,N2O_DE,1,2031,,,,,,0.0
EmissionActivityRatio,BAU,ECU,T5HYDIND,,N2O_DE,1,2032,,,,,,0.0
EmissionActivityRatio,BAU,ECU,T5HYDIND,,N2O_DE,1,2033,,,,,,0.0
EmissionActivityRatio,BAU,ECU,T5HYDIND,,N2O_DE,1,2034,,,,,,0.0
EmissionActivityRatio,BAU,ECU,T5HYDIND,,N2O_DE,1,2035,,,,,,0.0
EmissionActivityRatio,BAU,ECU,T5LPGIND,,N2O_DE,1,2010,,,,,,1.0000000000000001e-07
EmissionActivityRatio,BAU,ECU,T5LPGIND,,N2O_DE,1,2011,,,,,,1.0000000000000001e-07
EmissionActivityRatio,BAU,ECU,T5LPGIND,,N2O_DE,1,2012,,,,,,1.0000000000000001e-07
EmissionActivityRatio,BAU,ECU,T5LPGIND,,N2O_DE,1,2013,,,,,,1.0000000000000001e-07
EmissionActivityRatio,BAU,ECU,T5LPGIND,,N2O_DE,1,2014,,,,,,1.0000000000000001e-07
EmissionActivityRatio,BAU,ECU,T5LPGIND,,N2O_DE,1,2015,,,,,,1.0000000000000001e-07
EmissionActivityRatio,BAU,ECU,T5LPGIND,,N2O_DE,1,2016,,,,,,1.0000000000000001e-07
EmissionActivityRatio,BAU,ECU,T5LPGIND,,N2O_DE,1,2017,,,,,,1.0000000000000001e-07
EmissionActivityRatio,BAU,ECU,T5LPGIND,,N2O_DE,1,2018,,,,,,1.0000000000000001e-07
EmissionActivityRatio,BAU,ECU,T5LPGIND,,N2O_DE,1,2019,,,,,,1.0000000000000001e-07
EmissionActivityRatio,BAU,ECU,T5LPGIND,,N2O_DE,1,2020,,,,,,1.0000000000000001e-07
EmissionActivityRatio,BAU,ECU,T5LPGIND,,N2O_DE,1,2021,,,,,,1.0000000000000001e-07
EmissionActivityRatio,BAU,ECU,T5LPGIND,,N2O_DE,1,2022,,,,,,1.0000000000000001e-07
EmissionActivityRatio,BAU,ECU,T5LPGIND,,N2O_DE,1,2023,,,,,,1.0000000000000001e-07
EmissionActivityRatio,BAU,ECU,T5LPGIND,,N2O_DE,1,2024,,,,,,1.0000000000000001e-07
EmissionActivityRatio,BAU,ECU,T5LPGIND,,N2O_DE,1,2025,,,,,,1.0000000000000001e-07
EmissionActivityRatio,BAU,ECU,T5LPGIND,,N2O_DE,1,2026,,,,,,1.0000000000000001e-07
EmissionActivityRatio,BAU,ECU,T5LPGIND,,N2O_DE,1,2027,,,,,,1.0000000000000001e-07
EmissionActivityRatio,BAU,ECU,T5LPGIND,,N2O_DE,1,2028,,,,,,1.0000000000000001e-07
EmissionActivityRatio,BAU,ECU,T5LPGIND,,N2O_DE,1,2029,,,,,,1.0000000000000001e-07
EmissionActivityRatio,BAU,ECU,T5LPGIND,,N2O_DE,1,2030,,,,,,1.0000000000000001e-07
EmissionActivityRatio,BAU,ECU,T5LPGIND,,N2O_DE,1,2031,,,,,,1.0000000000000001e-07
EmissionActivityRatio,BAU,ECU,T5LPGIND,,N2O_DE,1,2032,,,,,,1.0000000000000001e-07
EmissionActivityRatio,BAU,ECU,T5LPGIND,,N2O_DE,1,2033,,,,,,1.0000000000000001e-07
EmissionActivityRatio,BAU,ECU,T5LPGIND,,N2O_DE,1,2034,,,,,,1.0000000000000001e-07
EmissionActivityRatio,BAU,ECU,T5LPGIND,,N2O_DE,1,2035,,,,,,1.0000000000000001e-07
EmissionActivityRatio,BAU,ECU,T5BIMIND,,N2O_DE,1,2010,,,,,,4e-06
EmissionActivityRatio,BAU,ECU,T5BIMIND,,N2O_DE,1,2011,,,,,,4e-06
EmissionActivityRatio,BAU,ECU,T5BIMIND,,N2O_DE,1,2012,,,,,,4e-06
EmissionActivityRatio,BAU,ECU,T5BIMIND,,N2O_DE,1,2013,,,,,,4e-06
EmissionActivityRatio,BAU,ECU,T5BIMIND,,N2O_DE,1,2014,,,,,,4e-06
EmissionActivityRatio,BAU,ECU,T5BIMIND,,N2O_DE,1,2015,,,,,,4e-06
EmissionActivityRatio,BAU,ECU,T5BIMIND,,N2O_DE,1,2016,,,,,,4e-06
EmissionActivityRatio,BAU,ECU,T5BIMIND,,N2O_DE,1,2017,,,,,,4e-06
EmissionActivityRatio,BAU,ECU,T5BIMIND,,N2O_DE,1,2018,,,,,,4e-06
EmissionActivityRatio,BAU,ECU,T5BIMIND,,N2O_DE,1,2019,,,,,,4e-06
EmissionActivityRatio,BAU,ECU,T5BIMIND,,N2O_DE,1,2020,,,,,,4e-06
EmissionActivityRatio,BAU,ECU,T5BIMIND,,N2O_DE,1,2021,,,,,,4e-06
EmissionActivityRatio,BAU,ECU,T5BIMIND,,N2O_DE,1,2022,,,,,,4e-06
EmissionActivityRatio,BAU,ECU,T5BIMIND,,N2O_DE,1,2023,,,,,,4e-06
EmissionActivityRatio,BAU,ECU,T5BIMIND,,N2O_DE,1,2024,,,,,,4e-06
EmissionActivityRatio,BAU,ECU,T5BIMIND,,N2O_DE,1,2025,,,,,,4e-06
EmissionActivityRatio,BAU,ECU,T5BIMIND,,N2O_DE,1,2026,,,,,,4e-06
EmissionActivityRatio,BAU,ECU,T5BIMIND,,N2O_DE,1,2027,,,,,,4e-06
EmissionActivityRatio,BAU,ECU,T5BIMIND,,N2O_DE,1,2028,,,,,,4e-06
EmissionActivityRatio,BAU,ECU,T5BIMIND,,N2O_DE,1,2029,,,,,,4e-06
EmissionActivityRatio,BAU,ECU,T5BIMIND,,N2O_DE,1,2030,,,,,,4e-06
EmissionActivityRatio,BAU,ECU,T5BIMIND,,N2O_DE,1,2031,,,,,,4e-06
EmissionActivityRatio,BAU,ECU,T5BIMIND,,N2O_DE,1,2032,,,,,,4e-06
EmissionActivityRatio,BAU,ECU,T5BIMIND,,N2O_DE,1,2033,,,,,,4e-06
EmissionActivityRatio,BAU,ECU,T5BIMIND,,N2O_DE,1,2034,,,,,,4e-06
EmissionActivityRatio,BAU,ECU,T5BIMIND,,N2O_DE,1,2035,,,,,,4e-06
EmissionActivityRatio,BAU,ECU,T5FIRIND,,N2O_DE,1,2010,,,,,,4e-06
EmissionActivityRatio,BAU,ECU,T5FIRIND,,N2O_DE,1,2011,,,,,,4e-06
EmissionActivityRatio,BAU,ECU,T5FIRIND,,N2O_DE,1,2012,,,,,,4e-06
EmissionActivityRatio,BAU,ECU,T5FIRIND,,N2O_DE,1,2013,,,,,,4e-06
EmissionActivityRatio,BAU,ECU,T5FIRIND,,N2O_DE,1,2014,,,,,,4e-06
EmissionActivityRatio,BAU,ECU,T5FIRIND,,N2O_DE,1,2015,,,,,,4e-06
EmissionActivityRatio,BAU,ECU,T5FIRIND,,N2O_DE,1,2016,,,,,,4e-06
EmissionActivityRatio,BAU,ECU,T5FIRIND,,N2O_DE,1,2017,,,,,,4e-06
EmissionActivityRatio,BAU,ECU,T5FIRIND,,N2O_DE,1,2018,,,,,,4e-06
EmissionActivityRatio,BAU,ECU,T5FIRIND,,N2O_DE,1,2019,,,,,,4e-06
EmissionActivityRatio,BAU,ECU,T5FIRIND,,N2O_DE,1,2020,,,,,,4e-06
EmissionActivityRatio,BAU,ECU,T5FIRIND,,N2O_DE,1,2021,,,,,,4e-06
EmissionActivityRatio,BAU,ECU,T5FIRIND,,N2O_DE,1,2022,,,,,,4e-06
EmissionActivityRatio,BAU,ECU,T5FIRIND,,N2O_DE,1,2023,,,,,,4e-06
EmissionActivityRatio,BAU,ECU,T5FIRIND,,N2O_DE,1,2024,,,,,,4e-06
EmissionActivityRatio,BAU,ECU,T5FIRIND,,N2O_DE,1,2025,,,,,,4e-06
EmissionActivityRatio,BAU,ECU,T5FIRIND,,N2O_DE,1,2026,,,,,,4e-06
EmissionActivityRatio,BAU,ECU,T5FIRIND,,N2O_DE,1,2027,,,,,,4e-06
EmissionActivityRatio,BAU,ECU,T5FIRIND,,N2O_DE,1,2028,,,,,,4e-06
EmissionActivityRatio,BAU,ECU,T5FIRIND,,N2O_DE,1,2029,,,,,,4e-06
EmissionActivityRatio,BAU,ECU,T5FIRIND,,N2O_DE,1,2030,,,,,,4e-06
EmissionActivityRatio,BAU,ECU,T5FIRIND,,N2O_DE,1,2031,,,,,,4e-06
EmissionActivityRatio,BAU,ECU,T5FIRIND,,N2O_DE,1,2032,,,,,,4e-06
EmissionActivityRatio,BAU,ECU,T5FIRIND,,N2O_DE,1,2033,,,,,,4e-06
EmissionActivityRatio,BAU,ECU,T5FIRIND,,N2O_DE,1,2034,,,,,,4e-06
EmissionActivityRatio,BAU,ECU,T5FIRIND,,N2O_DE,1,2035,,,,,,4e-06
EmissionActivityRatio,BAU,ECU,T5FOIIND,,N2O_DE,1,2010,,,,,,6e-07
EmissionActivityRatio,BAU,ECU,T5FOIIND,,N2O_DE,1,2011,,,,,,6e-07
EmissionActivityRatio,BAU,ECU,T5FOIIND,,N2O_DE,1,2012,,,,,,6e-07
EmissionActivityRatio,BAU,ECU,T5FOIIND,,N2O_DE,1,2013,,,,,,6e-07
EmissionActivityRatio,BAU,ECU,T5FOIIND,,N2O_DE,1,2014,,,,,,6e-07
EmissionActivityRatio,BAU,ECU,T5FOIIND,,N2O_DE,1,2015,,,,,,6e-07
EmissionActivityRatio,BAU,ECU,T5FOIIND,,N2O_DE,1,2016,,,,,,6e-07
EmissionActivityRatio,BAU,ECU,T5FOIIND,,N2O_DE,1,2017,,,,,,6e-07
EmissionActivityRatio,BAU,ECU,T5FOIIND,,N2O_DE,1,2018,,,,,,6e-07
EmissionActivityRatio,BAU,ECU,T5FOIIND,,N2O_DE,1,2019,,,,,,6e-07
EmissionActivityRatio,BAU,ECU,T5FOIIND,,N2O_DE,1,2020,,,,,,6e-07
EmissionActivityRatio,BAU,ECU,T5FOIIND,,N2O_DE,1,2021,,,,,,6e-07
EmissionActivityRatio,BAU,ECU,T5FOIIND,,N2O_DE,1,2022,,,,,,6e-07
EmissionActivityRatio,BAU,ECU,T5FOIIND,,N2O_DE,1,2023,,,,,,6e-07
EmissionActivityRatio,BAU,ECU,T5FOIIND,,N2O_DE,1,2024,,,,,,6e-07
EmissionActivityRatio,BAU,ECU,T5FOIIND,,N2O_DE,1,2025,,,,,,6e-07
EmissionActivityRatio,BAU,ECU,T5FOIIND,,N2O_DE,1,2026,,,,,,6e-07
EmissionActivityRatio,BAU,ECU,T5FOIIND,,N2O_DE,1,2027,,,,,,6e-07
EmissionActivityRatio,BAU,ECU,T5FOIIND,,N2O_DE,1,2028,,,,,,6e-07
EmissionActivityRatio,BAU,ECU,T5FOIIND,,N2O_DE,1,2029,,,,,,6e-07
EmissionActivityRatio,BAU,ECU,T5FOIIND,,N2O_DE,1,2030,,,,,,6e-07
EmissionActivityRatio,BAU,ECU,T5FOIIND,,N2O_DE,1,2031,,,,,,6e-07
EmissionActivityRatio,BAU,ECU,T5FOIIND,,N2O_DE,1,2032,,,,,,6e-07
EmissionActivityRatio,BAU,ECU,T5FOIIND,,N2O_DE,1,2033,,,,,,6e-07
EmissionActivityRatio,BAU,ECU,T5FOIIND,,N2O_DE,1,2034,,,,,,6e-07
EmissionActivityRatio,BAU,ECU,T5FOIIND,,N2O_DE,1,2035,,,,,,6e-07
EmissionActivityRatio,BAU,ECU,T5COAIND,,N2O_DE,1,2010,,,,,,0.00106
EmissionActivityRatio,BAU,ECU,T5COAIND,,N2O_DE,1,2011,,,,,,0.00106
EmissionActivityRatio,BAU,ECU,T5COAIND,,N2O_DE,1,2012,,,,,,0.00106
EmissionActivityRatio,BAU,ECU,T5COAIND,,N2O_DE,1,2013,,,,,,0.00106
EmissionActivityRatio,BAU,ECU,T5COAIND,,N2O_DE,1,2014,,,,,,0.00106
EmissionActivityRatio,BAU,ECU,T5COAIND,,N2O_DE,1,2015,,,,,,0.00106
EmissionActivityRatio,BAU,ECU,T5COAIND,,N2O_DE,1,2016,,,,,,0.00106
EmissionActivityRatio,BAU,ECU,T5COAIND,,N2O_DE,1,2017,,,,,,0.00106
EmissionActivityRatio,BAU,ECU,T5COAIND,,N2O_DE,1,2018,,,,,,0.00106
EmissionActivityRatio,BAU,ECU,T5COAIND,,N2O_DE,1,2019,,,,,,0.00106
EmissionActivityRatio,BAU,ECU,T5COAIND,,N2O_DE,1,2020,,,,,,0.00106
EmissionActivityRatio,BAU,ECU,T5COAIND,,N2O_DE,1,2021,,,,,,0.00106
EmissionActivityRatio,BAU,ECU,T5COAIND,,N2O_DE,1,2022,,,,,,0.00106
EmissionActivityRatio,BAU,ECU,T5COAIND,,N2O_DE,1,2023,,,,,,0.00106
EmissionActivityRatio,BAU,ECU,T5COAIND,,N2O_DE,1,2024,,,,,,0.00106
EmissionActivityRatio,BAU,ECU,T5COAIND,,N2O_DE,1,2025,,,,,,0.00106
EmissionActivityRatio,BAU,ECU,T5COAIND,,N2O_DE,1,2026,,,,,,0.00106
EmissionActivityRatio,BAU,ECU,T5COAIND,,N2O_DE,1,2027,,,,,,0.00106
EmissionActivityRatio,BAU,ECU,T5COAIND,,N2O_DE,1,2028,,,,,,0.00106
EmissionActivityRatio,BAU,ECU,T5COAIND,,N2O_DE,1,2029,,,,,,0.00106
EmissionActivityRatio,BAU,ECU,T5COAIND,,N2O_DE,1,2030,,,,,,0.00106
EmissionActivityRatio,BAU,ECU,T5COAIND,,N2O_DE,1,2031,,,,,,0.00106
EmissionActivityRatio,BAU,ECU,T5COAIND,,N2O_DE,1,2032,,,,,,0.00106
EmissionActivityRatio,BAU,ECU,T5COAIND,,N2O_DE,1,2033,,,,,,0.00106
EmissionActivityRatio,BAU,ECU,T5COAIND,,N2O_DE,1,2034,,,,,,0.00106
EmissionActivityRatio,BAU,ECU,T5COAIND,,N2O_DE,1,2035,,,,,,0.00106
EmissionActivityRatio,BAU,ECU,T5RDFIND,,N2O_DE,1,2010,,,,,,4e-06
EmissionActivityRatio,BAU,ECU,T5RDFIND,,N2O_DE,1,2011,,,,,,4e-06
EmissionActivityRatio,BAU,ECU,T5RDFIND,,N2O_DE,1,2012,,,,,,4e-06
EmissionActivityRatio,BAU,ECU,T5RDFIND,,N2O_DE,1,2013,,,,,,4e-06
EmissionActivityRatio,BAU,ECU,T5RDFIND,,N2O_DE,1,2014,,,,,,4e-06
EmissionActivityRatio,BAU,ECU,T5RDFIND,,N2O_DE,1,2015,,,,,,4e-06
EmissionActivityRatio,BAU,ECU,T5RDFIND,,N2O_DE,1,2016,,,,,,4e-06
EmissionActivityRatio,BAU,ECU,T5RDFIND,,N2O_DE,1,2017,,,,,,4e-06
EmissionActivityRatio,BAU,ECU,T5RDFIND,,N2O_DE,1,2018,,,,,,4e-06
EmissionActivityRatio,BAU,ECU,T5RDFIND,,N2O_DE,1,2019,,,,,,4e-06
EmissionActivityRatio,BAU,ECU,T5RDFIND,,N2O_DE,1,2020,,,,,,4e-06
EmissionActivityRatio,BAU,ECU,T5RDFIND,,N2O_DE,1,2021,,,,,,4e-06
EmissionActivityRatio,BAU,ECU,T5RDFIND,,N2O_DE,1,2022,,,,,,4e-06
EmissionActivityRatio,BAU,ECU,T5RDFIND,,N2O_DE,1,2023,,,,,,4e-06
EmissionActivityRatio,BAU,ECU,T5RDFIND,,N2O_DE,1,2024,,,,,,4e-06
EmissionActivityRatio,BAU,ECU,T5RDFIND,,N2O_DE,1,2025,,,,,,4e-06
EmissionActivityRatio,BAU,ECU,T5RDFIND,,N2O_DE,1,2026,,,,,,4e-06
EmissionActivityRatio,BAU,ECU,T5RDFIND,,N2O_DE,1,2027,,,,,,4e-06
EmissionActivityRatio,BAU,ECU,T5RDFIND,,N2O_DE,1,2028,,,,,,4e-06
EmissionActivityRatio,BAU,ECU,T5RDFIND,,N2O_DE,1,2029,,,,,,4e-06
EmissionActivityRatio,BAU,ECU,T5RDFIND,,N2O_DE,1,2030,,,,,,4e-06
EmissionActivityRatio,BAU,ECU,T5RDFIND,,N2O_DE,1,2031,,,,,,4e-06
EmissionActivityRatio,BAU,ECU,T5RDFIND,,N2O_DE,1,2032,,,,,,4e-06
EmissionActivityRatio,BAU,ECU,T5RDFIND,,N2O_DE,1,2033,,,,,,4e-06
EmissionActivityRatio,BAU,ECU,T5RDFIND,,N2O_DE,1,2034,,,,,,4e-06
EmissionActivityRatio,BAU,ECU,T5RDFIND,,N2O_DE,1,2035,,,,,,4e-06
EmissionActivityRatio,BAU,ECU,T5OIDIND,,N2O_DE,1,2010,,,,,,4e-06
EmissionActivityRatio,BAU,ECU,T5OIDIND,,N2O_DE,1,2011,,,,,,4e-06
EmissionActivityRatio,BAU,ECU,T5OIDIND,,N2O_DE,1,2012,,,,,,4e-06
EmissionActivityRatio,BAU,ECU,T5OIDIND,,N2O_DE,1,2013,,,,,,4e-06
EmissionActivityRatio,BAU,ECU,T5OIDIND,,N2O_DE,1,2014,,,,,,4e-06
EmissionActivityRatio,BAU,ECU,T5OIDIND,,N2O_DE,1,2015,,,,,,4e-06
EmissionActivityRatio,BAU,ECU,T5OIDIND,,N2O_DE,1,2016,,,,,,4e-06
EmissionActivityRatio,BAU,ECU,T5OIDIND,,N2O_DE,1,2017,,,,,,4e-06
EmissionActivityRatio,BAU,ECU,T5OIDIND,,N2O_DE,1,2018,,,,,,4e-06
EmissionActivityRatio,BAU,ECU,T5OIDIND,,N2O_DE,1,2019,,,,,,4e-06
EmissionActivityRatio,BAU,ECU,T5OIDIND,,N2O_DE,1,2020,,,,,,4e-06
EmissionActivityRatio,BAU,ECU,T5OIDIND,,N2O_DE,1,2021,,,,,,4e-06
EmissionActivityRatio,BAU,ECU,T5OIDIND,,N2O_DE,1,2022,,,,,,4e-06
EmissionActivityRatio,BAU,ECU,T5OIDIND,,N2O_DE,1,2023,,,,,,4e-06
EmissionActivityRatio,BAU,ECU,T5OIDIND,,N2O_DE,1,2024,,,,,,4e-06
EmissionActivityRatio,BAU,ECU,T5OIDIND,,N2O_DE,1,2025,,,,,,4e-06
EmissionActivityRatio,BAU,ECU,T5OIDIND,,N2O_DE,1,2026,,,,,,4e-06
EmissionActivityRatio,BAU,ECU,T5OIDIND,,N2O_DE,1,2027,,,,,,4e-06
EmissionActivityRatio,BAU,ECU,T5OIDIND,,N2O_DE,1,2028,,,,,,4e-06
EmissionActivityRatio,BAU,ECU,T5OIDIND,,N2O_DE,1,2029,,,,,,4e-06
EmissionActivityRatio,BAU,ECU,T5OIDIND,,N2O_DE,1,2030,,,,,,4e-06
EmissionActivityRatio,BAU,ECU,T5OIDIND,,N2O_DE,1,2031,,,,,,4e-06
EmissionActivityRatio,BAU,ECU,T5OIDIND,,N2O_DE,1,2032,,,,,,4e-06
EmissionActivityRatio,BAU,ECU,T5OIDIND,,N2O_DE,1,2033,,,,,,4e-06
EmissionActivityRatio,BAU,ECU,T5OIDIND,,N2O_DE,1,2034,,,,,,4e-06
EmissionActivityRatio,BAU,ECU,T5OIDIND,,N2O_DE,1,2035,,,,,,4e-06
EmissionActivityRatio,BAU,ECU,T5DSLCON,,N2O_DE,1,2010,,,,,,6e-07
EmissionActivityRatio,BAU,ECU,T5DSLCON,,N2O_DE,1,2011,,,,,,6e-07
EmissionActivityRatio,BAU,ECU,T5DSLCON,,N2O_DE,1,2012,,,,,,6e-07
EmissionActivityRatio,BAU,ECU,T5DSLCON,,N2O_DE,1,2013,,,,,,6e-07
EmissionActivityRatio,BAU,ECU,T5DSLCON,,N2O_DE,1,2014,,,,,,6e-07
EmissionActivityRatio,BAU,ECU,T5DSLCON,,N2O_DE,1,2015,,,,,,6e-07
EmissionActivityRatio,BAU,ECU,T5DSLCON,,N2O_DE,1,2016,,,,,,6e-07
EmissionActivityRatio,BAU,ECU,T5DSLCON,,N2O_DE,1,2017,,,,,,6e-07
EmissionActivityRatio,BAU,ECU,T5DSLCON,,N2O_DE,1,2018,,,,,,6e-07
EmissionActivityRatio,BAU,ECU,T5DSLCON,,N2O_DE,1,2019,,,,,,6e-07
EmissionActivityRatio,BAU,ECU,T5DSLCON,,N2O_DE,1,2020,,,,,,6e-07
EmissionActivityRatio,BAU,ECU,T5DSLCON,,N2O_DE,1,2021,,,,,,6e-07
EmissionActivityRatio,BAU,ECU,T5DSLCON,,N2O_DE,1,2022,,,,,,6e-07
EmissionActivityRatio,BAU,ECU,T5DSLCON,,N2O_DE,1,2023,,,,,,6e-07
EmissionActivityRatio,BAU,ECU,T5DSLCON,,N2O_DE,1,2024,,,,,,6e-07
EmissionActivityRatio,BAU,ECU,T5DSLCON,,N2O_DE,1,2025,,,,,,6e-07
EmissionActivityRatio,BAU,ECU,T5DSLCON,,N2O_DE,1,2026,,,,,,6e-07
EmissionActivityRatio,BAU,ECU,T5DSLCON,,N2O_DE,1,2027,,,,,,6e-07
EmissionActivityRatio,BAU,ECU,T5DSLCON,,N2O_DE,1,2028,,,,,,6e-07
EmissionActivityRatio,BAU,ECU,T5DSLCON,,N2O_DE,1,2029,,,,,,6e-07
EmissionActivityRatio,BAU,ECU,T5DSLCON,,N2O_DE,1,2030,,,,,,6e-07
EmissionActivityRatio,BAU,ECU,T5DSLCON,,N2O_DE,1,2031,,,,,,6e-07
EmissionActivityRatio,BAU,ECU,T5DSLCON,,N2O_DE,1,2032,,,,,,6e-07
EmissionActivityRatio,BAU,ECU,T5DSLCON,,N2O_DE,1,2033,,,,,,6e-07
EmissionActivityRatio,BAU,ECU,T5DSLCON,,N2O_DE,1,2034,,,,,,6e-07
EmissionActivityRatio,BAU,ECU,T5DSLCON,,N2O_DE,1,2035,,,,,,6e-07
EmissionActivityRatio,BAU,ECU,T5ELECON,,N2O_DE,1,2010,,,,,,0.0
EmissionActivityRatio,BAU,ECU,T5ELECON,,N2O_DE,1,2011,,,,,,0.0
EmissionActivityRatio,BAU,ECU,T5ELECON,,N2O_DE,1,2012,,,,,,0.0
EmissionActivityRatio,BAU,ECU,T5ELECON,,N2O_DE,1,2013,,,,,,0.0
EmissionActivityRatio,BAU,ECU,T5ELECON,,N2O_DE,1,2014,,,,,,0.0
EmissionActivityRatio,BAU,ECU,T5ELECON,,N2O_DE,1,2015,,,,,,0.0
EmissionActivityRatio,BAU,ECU,T5ELECON,,N2O_DE,1,2016,,,,,,0.0
EmissionActivityRatio,BAU,ECU,T5ELECON,,N2O_DE,1,2017,,,,,,0.0
EmissionActivityRatio,BAU,ECU,T5ELECON,,N2O_DE,1,2018,,,,,,0.0
EmissionActivityRatio,BAU,ECU,T5ELECON,,N2O_DE,1,2019,,,,,,0.0
EmissionActivityRatio,BAU,ECU,T5ELECON,,N2O_DE,1,2020,,,,,,0.0
EmissionActivityRatio,BAU,ECU,T5ELECON,,N2O_DE,1,2021,,,,,,0.0
EmissionActivityRatio,BAU,ECU,T5ELECON,,N2O_DE,1,2022,,,,,,0.0
EmissionActivityRatio,BAU,ECU,T5ELECON,,N2O_DE,1,2023,,,,,,0.0
EmissionActivityRatio,BAU,ECU,T5ELECON,,N2O_DE,1,2024,,,,,,0.0
EmissionActivityRatio,BAU,ECU,T5ELECON,,N2O_DE,1,2025,,,,,,0.0
EmissionActivityRatio,BAU,ECU,T5ELECON,,N2O_DE,1,2026,,,,,,0.0
EmissionActivityRatio,BAU,ECU,T5ELECON,,N2O_DE,1,2027,,,,,,0.0
EmissionActivityRatio,BAU,ECU,T5ELECON,,N2O_DE,1,2028,,,,,,0.0
EmissionActivityRatio,BAU,ECU,T5ELECON,,N2O_DE,1,2029,,,,,,0.0
EmissionActivityRatio,BAU,ECU,T5ELECON,,N2O_DE,1,2030,,,,,,0.0
EmissionActivityRatio,BAU,ECU,T5ELECON,,N2O_DE,1,2031,,,,,,0.0
EmissionActivityRatio,BAU,ECU,T5ELECON,,N2O_DE,1,2032,,,,,,0.0
EmissionActivityRatio,BAU,ECU,T5ELECON,,N2O_DE,1,2033,,,,,,0.0
EmissionActivityRatio,BAU,ECU,T5ELECON,,N2O_DE,1,2034,,,,,,0.0
EmissionActivityRatio,BAU,ECU,T5ELECON,,N2O_DE,1,2035,,,,,,0.0
EmissionActivityRatio,BAU,ECU,T5FOICON,,N2O_DE,1,2010,,,,,,6e-07
EmissionActivityRatio,BAU,ECU,T5FOICON,,N2O_DE,1,2011,,,,,,6e-07
EmissionActivityRatio,BAU,ECU,T5FOICON,,N2O_DE,1,2012,,,,,,6e-07
EmissionActivityRatio,BAU,ECU,T5FOICON,,N2O_DE,1,2013,,,,,,6e-07
EmissionActivityRatio,BAU,ECU,T5FOICON,,N2O_DE,1,2014,,,,,,6e-07
EmissionActivityRatio,BAU,ECU,T5FOICON,,N2O_DE,1,2015,,,,,,6e-07
EmissionActivityRatio,BAU,ECU,T5FOICON,,N2O_DE,1,2016,,,,,,6e-07
EmissionActivityRatio,BAU,ECU,T5FOICON,,N2O_DE,1,2017,,,,,,6e-07
EmissionActivityRatio,BAU,ECU,T5FOICON,,N2O_DE,1,2018,,,,,,6e-07
EmissionActivityRatio,BAU,ECU,T5FOICON,,N2O_DE,1,2019,,,,,,6e-07
EmissionActivityRatio,BAU,ECU,T5FOICON,,N2O_DE,1,2020,,,,,,6e-07
EmissionActivityRatio,BAU,ECU,T5FOICON,,N2O_DE,1,2021,,,,,,6e-07
EmissionActivityRatio,BAU,ECU,T5FOICON,,N2O_DE,1,2022,,,,,,6e-07
EmissionActivityRatio,BAU,ECU,T5FOICON,,N2O_DE,1,2023,,,,,,6e-07
EmissionActivityRatio,BAU,ECU,T5FOICON,,N2O_DE,1,2024,,,,,,6e-07
EmissionActivityRatio,BAU,ECU,T5FOICON,,N2O_DE,1,2025,,,,,,6e-07
EmissionActivityRatio,BAU,ECU,T5FOICON,,N2O_DE,1,2026,,,,,,6e-07
EmissionActivityRatio,BAU,ECU,T5FOICON,,N2O_DE,1,2027,,,,,,6e-07
EmissionActivityRatio,BAU,ECU,T5FOICON,,N2O_DE,1,2028,,,,,,6e-07
EmissionActivityRatio,BAU,ECU,T5FOICON,,N2O_DE,1,2029,,,,,,6e-07
EmissionActivityRatio,BAU,ECU,T5FOICON,,N2O_DE,1,2030,,,,,,6e-07
EmissionActivityRatio,BAU,ECU,T5FOICON,,N2O_DE,1,2031,,,,,,6e-07
EmissionActivityRatio,BAU,ECU,T5FOICON,,N2O_DE,1,2032,,,,,,6e-07
EmissionActivityRatio,BAU,ECU,T5FOICON,,N2O_DE,1,2033,,,,,,6e-07
EmissionActivityRatio,BAU,ECU,T5FOICON,,N2O_DE,1,2034,,,,,,6e-07
EmissionActivityRatio,BAU,ECU,T5FOICON,,N2O_DE,1,2035,,,,,,6e-07
EmissionActivityRatio,BAU,ECU,T5GSLCON,,N2O_DE,1,2010,,,,,,6e-07
EmissionActivityRatio,BAU,ECU,T5GSLCON,,N2O_DE,1,2011,,,,,,6e-07
EmissionActivityRatio,BAU,ECU,T5GSLCON,,N2O_DE,1,2012,,,,,,6e-07
EmissionActivityRatio,BAU,ECU,T5GSLCON,,N2O_DE,1,2013,,,,,,6e-07
EmissionActivityRatio,BAU,ECU,T5GSLCON,,N2O_DE,1,2014,,,,,,6e-07
EmissionActivityRatio,BAU,ECU,T5GSLCON,,N2O_DE,1,2015,,,,,,6e-07
EmissionActivityRatio,BAU,ECU,T5GSLCON,,N2O_DE,1,2016,,,,,,6e-07
EmissionActivityRatio,BAU,ECU,T5GSLCON,,N2O_DE,1,2017,,,,,,6e-07
EmissionActivityRatio,BAU,ECU,T5GSLCON,,N2O_DE,1,2018,,,,,,6e-07
EmissionActivityRatio,BAU,ECU,T5GSLCON,,N2O_DE,1,2019,,,,,,6e-07
EmissionActivityRatio,BAU,ECU,T5GSLCON,,N2O_DE,1,2020,,,,,,6e-07
EmissionActivityRatio,BAU,ECU,T5GSLCON,,N2O_DE,1,2021,,,,,,6e-07
EmissionActivityRatio,BAU,ECU,T5GSLCON,,N2O_DE,1,2022,,,,,,6e-07
EmissionActivityRatio,BAU,ECU,T5GSLCON,,N2O_DE,1,2023,,,,,,6e-07
EmissionActivityRatio,BAU,ECU,T5GSLCON,,N2O_DE,1,2024,,,,,,6e-07
EmissionActivityRatio,BAU,ECU,T5GSLCON,,N2O_DE,1,2025,,,,,,6e-07
EmissionActivityRatio,BAU,ECU,T5GSLCON,,N2O_DE,1,2026,,,,,,6e-07
EmissionActivityRatio,BAU,ECU,T5GSLCON,,N2O_DE,1,2027,,,,,,6e-07
EmissionActivityRatio,BAU,ECU,T5GSLCON,,N2O_DE,1,2028,,,,,,6e-07
EmissionActivityRatio,BAU,ECU,T5GSLCON,,N2O_DE,1,2029,,,,,,6e-07
EmissionActivityRatio,BAU,ECU,T5GSLCON,,N2O_DE,1,2030,,,,,,6e-07
EmissionActivityRatio,BAU,ECU,T5GSLCON,,N2O_DE,1,2031,,,,,,6e-07
EmissionActivityRatio,BAU,ECU,T5GSLCON,,N2O_DE,1,2032,,,,,,6e-07
EmissionActivityRatio,BAU,ECU,T5GSLCON,,N2O_DE,1,2033,,,,,,6e-07
EmissionActivityRatio,BAU,ECU,T5GSLCON,,N2O_DE,1,2034,,,,,,6e-07
EmissionActivityRatio,BAU,ECU,T5GSLCON,,N2O_DE,1,2035,,,,,,6e-07
EmissionActivityRatio,BAU,ECU,T5LPGCON,,N2O_DE,1,2010,,,,,,1.0000000000000001e-07
EmissionActivityRatio,BAU,ECU,T5LPGCON,,N2O_DE,1,2011,,,,,,1.0000000000000001e-07
EmissionActivityRatio,BAU,ECU,T5LPGCON,,N2O_DE,1,2012,,,,,,1.0000000000000001e-07
EmissionActivityRatio,BAU,ECU,T5LPGCON,,N2O_DE,1,2013,,,,,,1.0000000000000001e-07
EmissionActivityRatio,BAU,ECU,T5LPGCON,,N2O_DE,1,2014,,,,,,1.0000000000000001e-07
EmissionActivityRatio,BAU,ECU,T5LPGCON,,N2O_DE,1,2015,,,,,,1.0000000000000001e-07
EmissionActivityRatio,BAU,ECU,T5LPGCON,,N2O_DE,1,2016,,,,,,1.0000000000000001e-07
EmissionActivityRatio,BAU,ECU,T5LPGCON,,N2O_DE,1,2017,,,,,,1.0000000000000001e-07
EmissionActivityRatio,BAU,ECU,T5LPGCON,,N2O_DE,1,2018,,,,,,1.0000000000000001e-07
EmissionActivityRatio,BAU,ECU,T5LPGCON,,N2O_DE,1,2019,,,,,,1.0000000000000001e-07
EmissionActivityRatio,BAU,ECU,T5LPGCON,,N2O_DE,1,2020,,,,,,1.0000000000000001e-07
EmissionActivityRatio,BAU,ECU,T5LPGCON,,N2O_DE,1,2021,,,,,,1.0000000000000001e-07
EmissionActivityRatio,BAU,ECU,T5LPGCON,,N2O_DE,1,2022,,,,,,1.0000000000000001e-07
EmissionActivityRatio,BAU,ECU,T5LPGCON,,N2O_DE,1,2023,,,,,,1.0000000000000001e-07
EmissionActivityRatio,BAU,ECU,T5LPGCON,,N2O_DE,1,2024,,,,,,1.0000000000000001e-07
EmissionActivityRatio,BAU,ECU,T5LPGCON,,N2O_DE,1,2025,,,,,,1.0000000000000001e-07
EmissionActivityRatio,BAU,ECU,T5LPGCON,,N2O_DE,1,2026,,,,,,1.0000000000000001e-07
EmissionActivityRatio,BAU,ECU,T5LPGCON,,N2O_DE,1,2027,,,,,,1.0000000000000001e-07
EmissionActivityRatio,BAU,ECU,T5LPGCON,,N2O_DE,1,2028,,,,,,1.0000000000000001e-07
EmissionActivityRatio,BAU,ECU,T5LPGCON,,N2O_DE,1,2029,,,,,,1.0000000000000001e-07
EmissionActivityRatio,BAU,ECU,T5LPGCON,,N2O_DE,1,2030,,,,,,1.0000000000000001e-07
EmissionActivityRatio,BAU,ECU,T5LPGCON,,N2O_DE,1,2031,,,,,,1.0000000000000001e-07
EmissionActivityRatio,BAU,ECU,T5LPGCON,,N2O_DE,1,2032,,,,,,1.0000000000000001e-07
EmissionActivityRatio,BAU,ECU,T5LPGCON,,N2O_DE,1,2033,,,,,,1.0000000000000001e-07
EmissionActivityRatio,BAU,ECU,T5LPGCON,,N2O_DE,1,2034,,,,,,1.0000000000000001e-07
EmissionActivityRatio,BAU,ECU,T5LPGCON,,N2O_DE,1,2035,,,,,,1.0000000000000001e-07
EmissionActivityRatio,BAU,ECU,T5OPECON,,N2O_DE,1,2010,,,,,,0.0
EmissionActivityRatio,BAU,ECU,T5OPECON,,N2O_DE,1,2011,,,,,,0.0
EmissionActivityRatio,BAU,ECU,T5OPECON,,N2O_DE,1,2012,,,,,,0.0
EmissionActivityRatio,BAU,ECU,T5OPECON,,N2O_DE,1,2013,,,,,,0.0
EmissionActivityRatio,BAU,ECU,T5OPECON,,N2O_DE,1,2014,,,,,,0.0
EmissionActivityRatio,BAU,ECU,T5OPECON,,N2O_DE,1,2015,,,,,,0.0
EmissionActivityRatio,BAU,ECU,T5OPECON,,N2O_DE,1,2016,,,,,,0.0
EmissionActivityRatio,BAU,ECU,T5OPECON,,N2O_DE,1,2017,,,,,,0.0
EmissionActivityRatio,BAU,ECU,T5OPECON,,N2O_DE,1,2018,,,,,,0.0
EmissionActivityRatio,BAU,ECU,T5OPECON,,N2O_DE,1,2019,,,,,,0.0
EmissionActivityRatio,BAU,ECU,T5OPECON,,N2O_DE,1,2020,,,,,,0.0
EmissionActivityRatio,BAU,ECU,T5OPECON,,N2O_DE,1,2021,,,,,,0.0
EmissionActivityRatio,BAU,ECU,T5OPECON,,N2O_DE,1,2022,,,,,,0.0
EmissionActivityRatio,BAU,ECU,T5OPECON,,N2O_DE,1,2023,,,,,,0.0
EmissionActivityRatio,BAU,ECU,T5OPECON,,N2O_DE,1,2024,,,,,,0.0
EmissionActivityRatio,BAU,ECU,T5OPECON,,N2O_DE,1,2025,,,,,,0.0
EmissionActivityRatio,BAU,ECU,T5OPECON,,N2O_DE,1,2026,,,,,,0.0
EmissionActivityRatio,BAU,ECU,T5OPECON,,N2O_DE,1,2027,,,,,,0.0
EmissionActivityRatio,BAU,ECU,T5OPECON,,N2O_DE,1,2028,,,,,,0.0
EmissionActivityRatio,BAU,ECU,T5OPECON,,N2O_DE,1,2029,,,,,,0.0
EmissionActivityRatio,BAU,ECU,T5OPECON,,N2O_DE,1,2030,,,,,,0.0
EmissionActivityRatio,BAU,ECU,T5OPECON,,N2O_DE,1,2031,,,,,,0.0
EmissionActivityRatio,BAU,ECU,T5OPECON,,N2O_DE,1,2032,,,,,,0.0
EmissionActivityRatio,BAU,ECU,T5OPECON,,N2O_DE,1,2033,,,,,,0.0
EmissionActivityRatio,BAU,ECU,T5OPECON,,N2O_DE,1,2034,,,,,,0.0
EmissionActivityRatio,BAU,ECU,T5OPECON,,N2O_DE,1,2035,,,,,,0.0
EmissionActivityRatio,BAU,ECU,T5JETTAE,,N2O_DE,1,2010,,,,,,6e-07
EmissionActivityRatio,BAU,ECU,T5JETTAE,,N2O_DE,1,2011,,,,,,6e-07
EmissionActivityRatio,BAU,ECU,T5JETTAE,,N2O_DE,1,2012,,,,,,6e-07
EmissionActivityRatio,BAU,ECU,T5JETTAE,,N2O_DE,1,2013,,,,,,6e-07
EmissionActivityRatio,BAU,ECU,T5JETTAE,,N2O_DE,1,2014,,,,,,6e-07
EmissionActivityRatio,BAU,ECU,T5JETTAE,,N2O_DE,1,2015,,,,,,6e-07
EmissionActivityRatio,BAU,ECU,T5JETTAE,,N2O_DE,1,2016,,,,,,6e-07
EmissionActivityRatio,BAU,ECU,T5JETTAE,,N2O_DE,1,2017,,,,,,6e-07
EmissionActivityRatio,BAU,ECU,T5JETTAE,,N2O_DE,1,2018,,,,,,6e-07
EmissionActivityRatio,BAU,ECU,T5JETTAE,,N2O_DE,1,2019,,,,,,6e-07
EmissionActivityRatio,BAU,ECU,T5JETTAE,,N2O_DE,1,2020,,,,,,6e-07
EmissionActivityRatio,BAU,ECU,T5JETTAE,,N2O_DE,1,2021,,,,,,6e-07
EmissionActivityRatio,BAU,ECU,T5JETTAE,,N2O_DE,1,2022,,,,,,6e-07
EmissionActivityRatio,BAU,ECU,T5JETTAE,,N2O_DE,1,2023,,,,,,6e-07
EmissionActivityRatio,BAU,ECU,T5JETTAE,,N2O_DE,1,2024,,,,,,6e-07
EmissionActivityRatio,BAU,ECU,T5JETTAE,,N2O_DE,1,2025,,,,,,6e-07
EmissionActivityRatio,BAU,ECU,T5JETTAE,,N2O_DE,1,2026,,,,,,6e-07
EmissionActivityRatio,BAU,ECU,T5JETTAE,,N2O_DE,1,2027,,,,,,6e-07
EmissionActivityRatio,BAU,ECU,T5JETTAE,,N2O_DE,1,2028,,,,,,6e-07
EmissionActivityRatio,BAU,ECU,T5JETTAE,,N2O_DE,1,2029,,,,,,6e-07
EmissionActivityRatio,BAU,ECU,T5JETTAE,,N2O_DE,1,2030,,,,,,6e-07
EmissionActivityRatio,BAU,ECU,T5JETTAE,,N2O_DE,1,2031,,,,,,6e-07
EmissionActivityRatio,BAU,ECU,T5JETTAE,,N2O_DE,1,2032,,,,,,6e-07
EmissionActivityRatio,BAU,ECU,T5JETTAE,,N2O_DE,1,2033,,,,,,6e-07
EmissionActivityRatio,BAU,ECU,T5JETTAE,,N2O_DE,1,2034,,,,,,6e-07
EmissionActivityRatio,BAU,ECU,T5JETTAE,,N2O_DE,1,2035,,,,,,6e-07
EmissionActivityRatio,BAU,ECU,T5DSLTMA,,N2O_DE,1,2010,,,,,,6e-07
EmissionActivityRatio,BAU,ECU,T5DSLTMA,,N2O_DE,1,2011,,,,,,6e-07
EmissionActivityRatio,BAU,ECU,T5DSLTMA,,N2O_DE,1,2012,,,,,,6e-07
EmissionActivityRatio,BAU,ECU,T5DSLTMA,,N2O_DE,1,2013,,,,,,6e-07
EmissionActivityRatio,BAU,ECU,T5DSLTMA,,N2O_DE,1,2014,,,,,,6e-07
EmissionActivityRatio,BAU,ECU,T5DSLTMA,,N2O_DE,1,2015,,,,,,6e-07
EmissionActivityRatio,BAU,ECU,T5DSLTMA,,N2O_DE,1,2016,,,,,,6e-07
EmissionActivityRatio,BAU,ECU,T5DSLTMA,,N2O_DE,1,2017,,,,,,6e-07
EmissionActivityRatio,BAU,ECU,T5DSLTMA,,N2O_DE,1,2018,,,,,,6e-07
EmissionActivityRatio,BAU,ECU,T5DSLTMA,,N2O_DE,1,2019,,,,,,6e-07
EmissionActivityRatio,BAU,ECU,T5DSLTMA,,N2O_DE,1,2020,,,,,,6e-07
EmissionActivityRatio,BAU,ECU,T5DSLTMA,,N2O_DE,1,2021,,,,,,6e-07
EmissionActivityRatio,BAU,ECU,T5DSLTMA,,N2O_DE,1,2022,,,,,,6e-07
EmissionActivityRatio,BAU,ECU,T5DSLTMA,,N2O_DE,1,2023,,,,,,6e-07
EmissionActivityRatio,BAU,ECU,T5DSLTMA,,N2O_DE,1,2024,,,,,,6e-07
EmissionActivityRatio,BAU,ECU,T5DSLTMA,,N2O_DE,1,2025,,,,,,6e-07
EmissionActivityRatio,BAU,ECU,T5DSLTMA,,N2O_DE,1,2026,,,,,,6e-07
EmissionActivityRatio,BAU,ECU,T5DSLTMA,,N2O_DE,1,2027,,,,,,6e-07
EmissionActivityRatio,BAU,ECU,T5DSLTMA,,N2O_DE,1,2028,,,,,,6e-07
EmissionActivityRatio,BAU,ECU,T5DSLTMA,,N2O_DE,1,2029,,,,,,6e-07
EmissionActivityRatio,BAU,ECU,T5DSLTMA,,N2O_DE,1,2030,,,,,,6e-07
EmissionActivityRatio,BAU,ECU,T5DSLTMA,,N2O_DE,1,2031,,,,,,6e-07
EmissionActivityRatio,BAU,ECU,T5DSLTMA,,N2O_DE,1,2032,,,,,,6e-07
EmissionActivityRatio,BAU,ECU,T5DSLTMA,,N2O_DE,1,2033,,,,,,6e-07
EmissionActivityRatio,BAU,ECU,T5DSLTMA,,N2O_DE,1,2034,,,,,,6e-07
EmissionActivityRatio,BAU,ECU,T5DSLTMA,,N2O_DE,1,2035,,,,,,6e-07
EmissionActivityRatio,BAU,ECU,T5NGSTMA,,N2O_DE,1,2010,,,,,,1.0000000000000001e-07
EmissionActivityRatio,BAU,ECU,T5NGSTMA,,N2O_DE,1,2011,,,,,,1.0000000000000001e-07
EmissionActivityRatio,BAU,ECU,T5NGSTMA,,N2O_DE,1,2012,,,,,,1.0000000000000001e-07
EmissionActivityRatio,BAU,ECU,T5NGSTMA,,N2O_DE,1,2013,,,,,,1.0000000000000001e-07
EmissionActivityRatio,BAU,ECU,T5NGSTMA,,N2O_DE,1,2014,,,,,,1.0000000000000001e-07
EmissionActivityRatio,BAU,ECU,T5NGSTMA,,N2O_DE,1,2015,,,,,,1.0000000000000001e-07
EmissionActivityRatio,BAU,ECU,T5NGSTMA,,N2O_DE,1,2016,,,,,,1.0000000000000001e-07
EmissionActivityRatio,BAU,ECU,T5NGSTMA,,N2O_DE,1,2017,,,,,,1.0000000000000001e-07
EmissionActivityRatio,BAU,ECU,T5NGSTMA,,N2O_DE,1,2018,,,,,,1.0000000000000001e-07
EmissionActivityRatio,BAU,ECU,T5NGSTMA,,N2O_DE,1,2019,,,,,,1.0000000000000001e-07
EmissionActivityRatio,BAU,ECU,T5NGSTMA,,N2O_DE,1,2020,,,,,,1.0000000000000001e-07
EmissionActivityRatio,BAU,ECU,T5NGSTMA,,N2O_DE,1,2021,,,,,,1.0000000000000001e-07
EmissionActivityRatio,BAU,ECU,T5NGSTMA,,N2O_DE,1,2022,,,,,,1.0000000000000001e-07
EmissionActivityRatio,BAU,ECU,T5NGSTMA,,N2O_DE,1,2023,,,,,,1.0000000000000001e-07
EmissionActivityRatio,BAU,ECU,T5NGSTMA,,N2O_DE,1,2024,,,,,,1.0000000000000001e-07
EmissionActivityRatio,BAU,ECU,T5NGSTMA,,N2O_DE,1,2025,,,,,,1.0000000000000001e-07
EmissionActivityRatio,BAU,ECU,T5NGSTMA,,N2O_DE,1,2026,,,,,,1.0000000000000001e-07
EmissionActivityRatio,BAU,ECU,T5NGSTMA,,N2O_DE,1,2027,,,,,,1.0000000000000001e-07
EmissionActivityRatio,BAU,ECU,T5NGSTMA,,N2O_DE,1,2028,,,,,,1.0000000000000001e-07
EmissionActivityRatio,BAU,ECU,T5NGSTMA,,N2O_DE,1,2029,,,,,,1.0000000000000001e-07
EmissionActivityRatio,BAU,ECU,T5NGSTMA,,N2O_DE,1,2030,,,,,,1.0000000000000001e-07
EmissionActivityRatio,BAU,ECU,T5NGSTMA,,N2O_DE,1,2031,,,,,,1.0000000000000001e-07
EmissionActivityRatio,BAU,ECU,T5NGSTMA,,N2O_DE,1,2032,,,,,,1.0000000000000001e-07
EmissionActivityRatio,BAU,ECU,T5NGSTMA,,N2O_DE,1,2033,,,,,,1.0000000000000001e-07
EmissionActivityRatio,BAU,ECU,T5NGSTMA,,N2O_DE,1,2034,,,,,,1.0000000000000001e-07
EmissionActivityRatio,BAU,ECU,T5NGSTMA,,N2O_DE,1,2035,,,,,,1.0000000000000001e-07
EmissionActivityRatio,BAU,ECU,T5LPGTMA,,N2O_DE,1,2010,,,,,,1.0000000000000001e-07
EmissionActivityRatio,BAU,ECU,T5LPGTMA,,N2O_DE,1,2011,,,,,,1.0000000000000001e-07
EmissionActivityRatio,BAU,ECU,T5LPGTMA,,N2O_DE,1,2012,,,,,,1.0000000000000001e-07
EmissionActivityRatio,BAU,ECU,T5LPGTMA,,N2O_DE,1,2013,,,,,,1.0000000000000001e-07
EmissionActivityRatio,BAU,ECU,T5LPGTMA,,N2O_DE,1,2014,,,,,,1.0000000000000001e-07
EmissionActivityRatio,BAU,ECU,T5LPGTMA,,N2O_DE,1,2015,,,,,,1.0000000000000001e-07
EmissionActivityRatio,BAU,ECU,T5LPGTMA,,N2O_DE,1,2016,,,,,,1.0000000000000001e-07
EmissionActivityRatio,BAU,ECU,T5LPGTMA,,N2O_DE,1,2017,,,,,,1.0000000000000001e-07
EmissionActivityRatio,BAU,ECU,T5LPGTMA,,N2O_DE,1,2018,,,,,,1.0000000000000001e-07
EmissionActivityRatio,BAU,ECU,T5LPGTMA,,N2O_DE,1,2019,,,,,,1.0000000000000001e-07
EmissionActivityRatio,BAU,ECU,T5LPGTMA,,N2O_DE,1,2020,,,,,,1.0000000000000001e-07
EmissionActivityRatio,BAU,ECU,T5LPGTMA,,N2O_DE,1,2021,,,,,,1.0000000000000001e-07
EmissionActivityRatio,BAU,ECU,T5LPGTMA,,N2O_DE,1,2022,,,,,,1.0000000000000001e-07
EmissionActivityRatio,BAU,ECU,T5LPGTMA,,N2O_DE,1,2023,,,,,,1.0000000000000001e-07
EmissionActivityRatio,BAU,ECU,T5LPGTMA,,N2O_DE,1,2024,,,,,,1.0000000000000001e-07
EmissionActivityRatio,BAU,ECU,T5LPGTMA,,N2O_DE,1,2025,,,,,,1.0000000000000001e-07
EmissionActivityRatio,BAU,ECU,T5LPGTMA,,N2O_DE,1,2026,,,,,,1.0000000000000001e-07
EmissionActivityRatio,BAU,ECU,T5LPGTMA,,N2O_DE,1,2027,,,,,,1.0000000000000001e-07
EmissionActivityRatio,BAU,ECU,T5LPGTMA,,N2O_DE,1,2028,,,,,,1.0000000000000001e-07
EmissionActivityRatio,BAU,ECU,T5LPGTMA,,N2O_DE,1,2029,,,,,,1.0000000000000001e-07
EmissionActivityRatio,BAU,ECU,T5LPGTMA,,N2O_DE,1,2030,,,,,,1.0000000000000001e-07
EmissionActivityRatio,BAU,ECU,T5LPGTMA,,N2O_DE,1,2031,,,,,,1.0000000000000001e-07
EmissionActivityRatio,BAU,ECU,T5LPGTMA,,N2O_DE,1,2032,,,,,,1.0000000000000001e-07
EmissionActivityRatio,BAU,ECU,T5LPGTMA,,N2O_DE,1,2033,,,,,,1.0000000000000001e-07
EmissionActivityRatio,BAU,ECU,T5LPGTMA,,N2O_DE,1,2034,,,,,,1.0000000000000001e-07
EmissionActivityRatio,BAU,ECU,T5LPGTMA,,N2O_DE,1,2035,,,,,,1.0000000000000001e-07
EmissionActivityRatio,BAU,ECU,T5ELETMA,,N2O_DE,1,2010,,,,,,0.0
EmissionActivityRatio,BAU,ECU,T5ELETMA,,N2O_DE,1,2011,,,,,,0.0
EmissionActivityRatio,BAU,ECU,T5ELETMA,,N2O_DE,1,2012,,,,,,0.0
EmissionActivityRatio,BAU,ECU,T5ELETMA,,N2O_DE,1,2013,,,,,,0.0
EmissionActivityRatio,BAU,ECU,T5ELETMA,,N2O_DE,1,2014,,,,,,0.0
EmissionActivityRatio,BAU,ECU,T5ELETMA,,N2O_DE,1,2015,,,,,,0.0
EmissionActivityRatio,BAU,ECU,T5ELETMA,,N2O_DE,1,2016,,,,,,0.0
EmissionActivityRatio,BAU,ECU,T5ELETMA,,N2O_DE,1,2017,,,,,,0.0
EmissionActivityRatio,BAU,ECU,T5ELETMA,,N2O_DE,1,2018,,,,,,0.0
EmissionActivityRatio,BAU,ECU,T5ELETMA,,N2O_DE,1,2019,,,,,,0.0
EmissionActivityRatio,BAU,ECU,T5ELETMA,,N2O_DE,1,2020,,,,,,0.0
EmissionActivityRatio,BAU,ECU,T5ELETMA,,N2O_DE,1,2021,,,,,,0.0
EmissionActivityRatio,BAU,ECU,T5ELETMA,,N2O_DE,1,2022,,,,,,0.0
EmissionActivityRatio,BAU,ECU,T5ELETMA,,N2O_DE,1,2023,,,,,,0.0
EmissionActivityRatio,BAU,ECU,T5ELETMA,,N2O_DE,1,2024,,,,,,0.0
EmissionActivityRatio,BAU,ECU,T5ELETMA,,N2O_DE,1,2025,,,,,,0.0
EmissionActivityRatio,BAU,ECU,T5ELETMA,,N2O_DE,1,2026,,,,,,0.0
EmissionActivityRatio,BAU,ECU,T5ELETMA,,N2O_DE,1,2027,,,,,,0.0
EmissionActivityRatio,BAU,ECU,T5ELETMA,,N2O_DE,1,2028,,,,,,0.0
EmissionActivityRatio,BAU,ECU,T5ELETMA,,N2O_DE,1,2029,,,,,,0.0
EmissionActivityRatio,BAU,ECU,T5ELETMA,,N2O_DE,1,2030,,,,,,0.0
EmissionActivityRatio,BAU,ECU,T5ELETMA,,N2O_DE,1,2031,,,,,,0.0
EmissionActivityRatio,BAU,ECU,T5ELETMA,,N2O_DE,1,2032,,,,,,0.0
EmissionActivityRatio,BAU,ECU,T5ELETMA,,N2O_DE,1,2033,,,,,,0.0
EmissionActivityRatio,BAU,ECU,T5ELETMA,,N2O_DE,1,2034,,,,,,0.0
EmissionActivityRatio,BAU,ECU,T5ELETMA,,N2O_DE,1,2035,,,,,,0.0
EmissionActivityRatio,BAU,ECU,T5FOITMA,,N2O_DE,1,2010,,,,,,6e-07
EmissionActivityRatio,BAU,ECU,T5FOITMA,,N2O_DE,1,2011,,,,,,6e-07
EmissionActivityRatio,BAU,ECU,T5FOITMA,,N2O_DE,1,2012,,,,,,6e-07
EmissionActivityRatio,BAU,ECU,T5FOITMA,,N2O_DE,1,2013,,,,,,6e-07
EmissionActivityRatio,BAU,ECU,T5FOITMA,,N2O_DE,1,2014,,,,,,6e-07
EmissionActivityRatio,BAU,ECU,T5FOITMA,,N2O_DE,1,2015,,,,,,6e-07
EmissionActivityRatio,BAU,ECU,T5FOITMA,,N2O_DE,1,2016,,,,,,6e-07
EmissionActivityRatio,BAU,ECU,T5FOITMA,,N2O_DE,1,2017,,,,,,6e-07
EmissionActivityRatio,BAU,ECU,T5FOITMA,,N2O_DE,1,2018,,,,,,6e-07
EmissionActivityRatio,BAU,ECU,T5FOITMA,,N2O_DE,1,2019,,,,,,6e-07
EmissionActivityRatio,BAU,ECU,T5FOITMA,,N2O_DE,1,2020,,,,,,6e-07
EmissionActivityRatio,BAU,ECU,T5FOITMA,,N2O_DE,1,2021,,,,,,6e-07
EmissionActivityRatio,BAU,ECU,T5FOITMA,,N2O_DE,1,2022,,,,,,6e-07
EmissionActivityRatio,BAU,ECU,T5FOITMA,,N2O_DE,1,2023,,,,,,6e-07
EmissionActivityRatio,BAU,ECU,T5FOITMA,,N2O_DE,1,2024,,,,,,6e-07
EmissionActivityRatio,BAU,ECU,T5FOITMA,,N2O_DE,1,2025,,,,,,6e-07
EmissionActivityRatio,BAU,ECU,T5FOITMA,,N2O_DE,1,2026,,,,,,6e-07
EmissionActivityRatio,BAU,ECU,T5FOITMA,,N2O_DE,1,2027,,,,,,6e-07
EmissionActivityRatio,BAU,ECU,T5FOITMA,,N2O_DE,1,2028,,,,,,6e-07
EmissionActivityRatio,BAU,ECU,T5FOITMA,,N2O_DE,1,2029,,,,,,6e-07
EmissionActivityRatio,BAU,ECU,T5FOITMA,,N2O_DE,1,2030,,,,,,6e-07
EmissionActivityRatio,BAU,ECU,T5FOITMA,,N2O_DE,1,2031,,,,,,6e-07
EmissionActivityRatio,BAU,ECU,T5FOITMA,,N2O_DE,1,2032,,,,,,6e-07
EmissionActivityRatio,BAU,ECU,T5FOITMA,,N2O_DE,1,2033,,,,,,6e-07
EmissionActivityRatio,BAU,ECU,T5FOITMA,,N2O_DE,1,2034,,,,,,6e-07
EmissionActivityRatio,BAU,ECU,T5FOITMA,,N2O_DE,1,2035,,,,,,6e-07
EmissionActivityRatio,BAU,ECU,T5DSLTRO,,N2O_DE,1,2010,,,,,,3.9e-06
EmissionActivityRatio,BAU,ECU,T5DSLTRO,,N2O_DE,1,2011,,,,,,3.9e-06
EmissionActivityRatio,BAU,ECU,T5DSLTRO,,N2O_DE,1,2012,,,,,,3.9e-06
EmissionActivityRatio,BAU,ECU,T5DSLTRO,,N2O_DE,1,2013,,,,,,3.9e-06
EmissionActivityRatio,BAU,ECU,T5DSLTRO,,N2O_DE,1,2014,,,,,,3.9e-06
EmissionActivityRatio,BAU,ECU,T5DSLTRO,,N2O_DE,1,2015,,,,,,3.9e-06
EmissionActivityRatio,BAU,ECU,T5DSLTRO,,N2O_DE,1,2016,,,,,,3.9e-06
EmissionActivityRatio,BAU,ECU,T5DSLTRO,,N2O_DE,1,2017,,,,,,3.9e-06
EmissionActivityRatio,BAU,ECU,T5DSLTRO,,N2O_DE,1,2018,,,,,,3.9e-06
EmissionActivityRatio,BAU,ECU,T5DSLTRO,,N2O_DE,1,2019,,,,,,3.9e-06
EmissionActivityRatio,BAU,ECU,T5DSLTRO,,N2O_DE,1,2020,,,,,,3.9e-06
EmissionActivityRatio,BAU,ECU,T5DSLTRO,,N2O_DE,1,2021,,,,,,3.9e-06
EmissionActivityRatio,BAU,ECU,T5DSLTRO,,N2O_DE,1,2022,,,,,,3.9e-06
EmissionActivityRatio,BAU,ECU,T5DSLTRO,,N2O_DE,1,2023,,,,,,3.9e-06
EmissionActivityRatio,BAU,ECU,T5DSLTRO,,N2O_DE,1,2024,,,,,,3.9e-06
EmissionActivityRatio,BAU,ECU,T5DSLTRO,,N2O_DE,1,2025,,,,,,3.9e-06
EmissionActivityRatio,BAU,ECU,T5DSLTRO,,N2O_DE,1,2026,,,,,,3.9e-06
EmissionActivityRatio,BAU,ECU,T5DSLTRO,,N2O_DE,1,2027,,,,,,3.9e-06
EmissionActivityRatio,BAU,ECU,T5DSLTRO,,N2O_DE,1,2028,,,,,,3.9e-06
EmissionActivityRatio,BAU,ECU,T5DSLTRO,,N2O_DE,1,2029,,,,,,3.9e-06
EmissionActivityRatio,BAU,ECU,T5DSLTRO,,N2O_DE,1,2030,,,,,,3.9e-06
EmissionActivityRatio,BAU,ECU,T5DSLTRO,,N2O_DE,1,2031,,,,,,3.9e-06
EmissionActivityRatio,BAU,ECU,T5DSLTRO,,N2O_DE,1,2032,,,,,,3.9e-06
EmissionActivityRatio,BAU,ECU,T5DSLTRO,,N2O_DE,1,2033,,,,,,3.9e-06
EmissionActivityRatio,BAU,ECU,T5DSLTRO,,N2O_DE,1,2034,,,,,,3.9e-06
EmissionActivityRatio,BAU,ECU,T5DSLTRO,,N2O_DE,1,2035,,,,,,3.9e-06
EmissionActivityRatio,BAU,ECU,T5GSLTRO,,N2O_DE,1,2010,,,,,,3.2000000000000003e-06
EmissionActivityRatio,BAU,ECU,T5GSLTRO,,N2O_DE,1,2011,,,,,,3.2000000000000003e-06
EmissionActivityRatio,BAU,ECU,T5GSLTRO,,N2O_DE,1,2012,,,,,,3.2000000000000003e-06
EmissionActivityRatio,BAU,ECU,T5GSLTRO,,N2O_DE,1,2013,,,,,,3.2000000000000003e-06
EmissionActivityRatio,BAU,ECU,T5GSLTRO,,N2O_DE,1,2014,,,,,,3.2000000000000003e-06
EmissionActivityRatio,BAU,ECU,T5GSLTRO,,N2O_DE,1,2015,,,,,,3.2000000000000003e-06
EmissionActivityRatio,BAU,ECU,T5GSLTRO,,N2O_DE,1,2016,,,,,,3.2000000000000003e-06
EmissionActivityRatio,BAU,ECU,T5GSLTRO,,N2O_DE,1,2017,,,,,,3.2000000000000003e-06
EmissionActivityRatio,BAU,ECU,T5GSLTRO,,N2O_DE,1,2018,,,,,,3.2000000000000003e-06
EmissionActivityRatio,BAU,ECU,T5GSLTRO,,N2O_DE,1,2019,,,,,,3.2000000000000003e-06
EmissionActivityRatio,BAU,ECU,T5GSLTRO,,N2O_DE,1,2020,,,,,,3.2000000000000003e-06
EmissionActivityRatio,BAU,ECU,T5GSLTRO,,N2O_DE,1,2021,,,,,,3.2000000000000003e-06
EmissionActivityRatio,BAU,ECU,T5GSLTRO,,N2O_DE,1,2022,,,,,,3.2000000000000003e-06
EmissionActivityRatio,BAU,ECU,T5GSLTRO,,N2O_DE,1,2023,,,,,,3.2000000000000003e-06
EmissionActivityRatio,BAU,ECU,T5GSLTRO,,N2O_DE,1,2024,,,,,,3.2000000000000003e-06
EmissionActivityRatio,BAU,ECU,T5GSLTRO,,N2O_DE,1,2025,,,,,,3.2000000000000003e-06
EmissionActivityRatio,BAU,ECU,T5GSLTRO,,N2O_DE,1,2026,,,,,,3.2000000000000003e-06
EmissionActivityRatio,BAU,ECU,T5GSLTRO,,N2O_DE,1,2027,,,,,,3.2000000000000003e-06
EmissionActivityRatio,BAU,ECU,T5GSLTRO,,N2O_DE,1,2028,,,,,,3.2000000000000003e-06
EmissionActivityRatio,BAU,ECU,T5GSLTRO,,N2O_DE,1,2029,,,,,,3.2000000000000003e-06
EmissionActivityRatio,BAU,ECU,T5GSLTRO,,N2O_DE,1,2030,,,,,,3.2000000000000003e-06
EmissionActivityRatio,BAU,ECU,T5GSLTRO,,N2O_DE,1,2031,,,,,,3.2000000000000003e-06
EmissionActivityRatio,BAU,ECU,T5GSLTRO,,N2O_DE,1,2032,,,,,,3.2000000000000003e-06
EmissionActivityRatio,BAU,ECU,T5GSLTRO,,N2O_DE,1,2033,,,,,,3.2000000000000003e-06
EmissionActivityRatio,BAU,ECU,T5GSLTRO,,N2O_DE,1,2034,,,,,,3.2000000000000003e-06
EmissionActivityRatio,BAU,ECU,T5GSLTRO,,N2O_DE,1,2035,,,,,,3.2000000000000003e-06
EmissionActivityRatio,BAU,ECU,T5NGSTRO,,N2O_DE,1,2010,,,,,,1.0000000000000001e-07
EmissionActivityRatio,BAU,ECU,T5NGSTRO,,N2O_DE,1,2011,,,,,,1.0000000000000001e-07
EmissionActivityRatio,BAU,ECU,T5NGSTRO,,N2O_DE,1,2012,,,,,,1.0000000000000001e-07
EmissionActivityRatio,BAU,ECU,T5NGSTRO,,N2O_DE,1,2013,,,,,,1.0000000000000001e-07
EmissionActivityRatio,BAU,ECU,T5NGSTRO,,N2O_DE,1,2014,,,,,,1.0000000000000001e-07
EmissionActivityRatio,BAU,ECU,T5NGSTRO,,N2O_DE,1,2015,,,,,,1.0000000000000001e-07
EmissionActivityRatio,BAU,ECU,T5NGSTRO,,N2O_DE,1,2016,,,,,,1.0000000000000001e-07
EmissionActivityRatio,BAU,ECU,T5NGSTRO,,N2O_DE,1,2017,,,,,,1.0000000000000001e-07
EmissionActivityRatio,BAU,ECU,T5NGSTRO,,N2O_DE,1,2018,,,,,,1.0000000000000001e-07
EmissionActivityRatio,BAU,ECU,T5NGSTRO,,N2O_DE,1,2019,,,,,,1.0000000000000001e-07
EmissionActivityRatio,BAU,ECU,T5NGSTRO,,N2O_DE,1,2020,,,,,,1.0000000000000001e-07
EmissionActivityRatio,BAU,ECU,T5NGSTRO,,N2O_DE,1,2021,,,,,,1.0000000000000001e-07
EmissionActivityRatio,BAU,ECU,T5NGSTRO,,N2O_DE,1,2022,,,,,,1.0000000000000001e-07
EmissionActivityRatio,BAU,ECU,T5NGSTRO,,N2O_DE,1,2023,,,,,,1.0000000000000001e-07
EmissionActivityRatio,BAU,ECU,T5NGSTRO,,N2O_DE,1,2024,,,,,,1.0000000000000001e-07
EmissionActivityRatio,BAU,ECU,T5NGSTRO,,N2O_DE,1,2025,,,,,,1.0000000000000001e-07
EmissionActivityRatio,BAU,ECU,T5NGSTRO,,N2O_DE,1,2026,,,,,,1.0000000000000001e-07
EmissionActivityRatio,BAU,ECU,T5NGSTRO,,N2O_DE,1,2027,,,,,,1.0000000000000001e-07
EmissionActivityRatio,BAU,ECU,T5NGSTRO,,N2O_DE,1,2028,,,,,,1.0000000000000001e-07
EmissionActivityRatio,BAU,ECU,T5NGSTRO,,N2O_DE,1,2029,,,,,,1.0000000000000001e-07
EmissionActivityRatio,BAU,ECU,T5NGSTRO,,N2O_DE,1,2030,,,,,,1.0000000000000001e-07
EmissionActivityRatio,BAU,ECU,T5NGSTRO,,N2O_DE,1,2031,,,,,,1.0000000000000001e-07
EmissionActivityRatio,BAU,ECU,T5NGSTRO,,N2O_DE,1,2032,,,,,,1.0000000000000001e-07
EmissionActivityRatio,BAU,ECU,T5NGSTRO,,N2O_DE,1,2033,,,,,,1.0000000000000001e-07
EmissionActivityRatio,BAU,ECU,T5NGSTRO,,N2O_DE,1,2034,,,,,,1.0000000000000001e-07
EmissionActivityRatio,BAU,ECU,T5NGSTRO,,N2O_DE,1,2035,,,,,,1.0000000000000001e-07
EmissionActivityRatio,BAU,ECU,T5LPGTRO,,N2O_DE,1,2010,,,,,,1.0000000000000001e-07
EmissionActivityRatio,BAU,ECU,T5LPGTRO,,N2O_DE,1,2011,,,,,,1.0000000000000001e-07
EmissionActivityRatio,BAU,ECU,T5LPGTRO,,N2O_DE,1,2012,,,,,,1.0000000000000001e-07
EmissionActivityRatio,BAU,ECU,T5LPGTRO,,N2O_DE,1,2013,,,,,,1.0000000000000001e-07
EmissionActivityRatio,BAU,ECU,T5LPGTRO,,N2O_DE,1,2014,,,,,,1.0000000000000001e-07
EmissionActivityRatio,BAU,ECU,T5LPGTRO,,N2O_DE,1,2015,,,,,,1.0000000000000001e-07
EmissionActivityRatio,BAU,ECU,T5LPGTRO,,N2O_DE,1,2016,,,,,,1.0000000000000001e-07
EmissionActivityRatio,BAU,ECU,T5LPGTRO,,N2O_DE,1,2017,,,,,,1.0000000000000001e-07
EmissionActivityRatio,BAU,ECU,T5LPGTRO,,N2O_DE,1,2018,,,,,,1.0000000000000001e-07
EmissionActivityRatio,BAU,ECU,T5LPGTRO,,N2O_DE,1,2019,,,,,,1.0000000000000001e-07
EmissionActivityRatio,BAU,ECU,T5LPGTRO,,N2O_DE,1,2020,,,,,,1.0000000000000001e-07
EmissionActivityRatio,BAU,ECU,T5LPGTRO,,N2O_DE,1,2021,,,,,,1.0000000000000001e-07
EmissionActivityRatio,BAU,ECU,T5LPGTRO,,N2O_DE,1,2022,,,,,,1.0000000000000001e-07
EmissionActivityRatio,BAU,ECU,T5LPGTRO,,N2O_DE,1,2023,,,,,,1.0000000000000001e-07
EmissionActivityRatio,BAU,ECU,T5LPGTRO,,N2O_DE,1,2024,,,,,,1.0000000000000001e-07
EmissionActivityRatio,BAU,ECU,T5LPGTRO,,N2O_DE,1,2025,,,,,,1.0000000000000001e-07
EmissionActivityRatio,BAU,ECU,T5LPGTRO,,N2O_DE,1,2026,,,,,,1.0000000000000001e-07
EmissionActivityRatio,BAU,ECU,T5LPGTRO,,N2O_DE,1,2027,,,,,,1.0000000000000001e-07
EmissionActivityRatio,BAU,ECU,T5LPGTRO,,N2O_DE,1,2028,,,,,,1.0000000000000001e-07
EmissionActivityRatio,BAU,ECU,T5LPGTRO,,N2O_DE,1,2029,,,,,,1.0000000000000001e-07
EmissionActivityRatio,BAU,ECU,T5LPGTRO,,N2O_DE,1,2030,,,,,,1.0000000000000001e-07
EmissionActivityRatio,BAU,ECU,T5LPGTRO,,N2O_DE,1,2031,,,,,,1.0000000000000001e-07
EmissionActivityRatio,BAU,ECU,T5LPGTRO,,N2O_DE,1,2032,,,,,,1.0000000000000001e-07
EmissionActivityRatio,BAU,ECU,T5LPGTRO,,N2O_DE,1,2033,,,,,,1.0000000000000001e-07
EmissionActivityRatio,BAU,ECU,T5LPGTRO,,N2O_DE,1,2034,,,,,,1.0000000000000001e-07
EmissionActivityRatio,BAU,ECU,T5LPGTRO,,N2O_DE,1,2035,,,,,,1.0000000000000001e-07
EmissionActivityRatio,BAU,ECU,T5ELETRO,,N2O_DE,1,2010,,,,,,0.0
EmissionActivityRatio,BAU,ECU,T5ELETRO,,N2O_DE,1,2011,,,,,,0.0
EmissionActivityRatio,BAU,ECU,T5ELETRO,,N2O_DE,1,2012,,,,,,0.0
EmissionActivityRatio,BAU,ECU,T5ELETRO,,N2O_DE,1,2013,,,,,,0.0
EmissionActivityRatio,BAU,ECU,T5ELETRO,,N2O_DE,1,2014,,,,,,0.0
EmissionActivityRatio,BAU,ECU,T5ELETRO,,N2O_DE,1,2015,,,,,,0.0
EmissionActivityRatio,BAU,ECU,T5ELETRO,,N2O_DE,1,2016,,,,,,0.0
EmissionActivityRatio,BAU,ECU,T5ELETRO,,N2O_DE,1,2017,,,,,,0.0
EmissionActivityRatio,BAU,ECU,T5ELETRO,,N2O_DE,1,2018,,,,,,0.0
EmissionActivityRatio,BAU,ECU,T5ELETRO,,N2O_DE,1,2019,,,,,,0.0
EmissionActivityRatio,BAU,ECU,T5ELETRO,,N2O_DE,1,2020,,,,,,0.0
EmissionActivityRatio,BAU,ECU,T5ELETRO,,N2O_DE,1,2021,,,,,,0.0
EmissionActivityRatio,BAU,ECU,T5ELETRO,,N2O_DE,1,2022,,,,,,0.0
EmissionActivityRatio,BAU,ECU,T5ELETRO,,N2O_DE,1,2023,,,,,,0.0
EmissionActivityRatio,BAU,ECU,T5ELETRO,,N2O_DE,1,2024,,,,,,0.0
EmissionActivityRatio,BAU,ECU,T5ELETRO,,N2O_DE,1,2025,,,,,,0.0
EmissionActivityRatio,BAU,ECU,T5ELETRO,,N2O_DE,1,2026,,,,,,0.0
EmissionActivityRatio,BAU,ECU,T5ELETRO,,N2O_DE,1,2027,,,,,,0.0
EmissionActivityRatio,BAU,ECU,T5ELETRO,,N2O_DE,1,2028,,,,,,0.0
EmissionActivityRatio,BAU,ECU,T5ELETRO,,N2O_DE,1,2029,,,,,,0.0
EmissionActivityRatio,BAU,ECU,T5ELETRO,,N2O_DE,1,2030,,,,,,0.0
EmissionActivityRatio,BAU,ECU,T5ELETRO,,N2O_DE,1,2031,,,,,,0.0
EmissionActivityRatio,BAU,ECU,T5ELETRO,,N2O_DE,1,2032,,,,,,0.0
EmissionActivityRatio,BAU,ECU,T5ELETRO,,N2O_DE,1,2033,,,,,,0.0
EmissionActivityRatio,BAU,ECU,T5ELETRO,,N2O_DE,1,2034,,,,,,0.0
EmissionActivityRatio,BAU,ECU,T5ELETRO,,N2O_DE,1,2035,,,,,,0.0
EmissionActivityRatio,BAU,ECU,T5BGSTRO,,N2O_DE,1,2010,,,,,,0.000159
EmissionActivityRatio,BAU,ECU,T5BGSTRO,,N2O_DE,1,2011,,,,,,0.000159
EmissionActivityRatio,BAU,ECU,T5BGSTRO,,N2O_DE,1,2012,,,,,,0.000159
EmissionActivityRatio,BAU,ECU,T5BGSTRO,,N2O_DE,1,2013,,,,,,0.000159
EmissionActivityRatio,BAU,ECU,T5BGSTRO,,N2O_DE,1,2014,,,,,,0.000159
EmissionActivityRatio,BAU,ECU,T5BGSTRO,,N2O_DE,1,2015,,,,,,0.000159
EmissionActivityRatio,BAU,ECU,T5BGSTRO,,N2O_DE,1,2016,,,,,,0.000159
EmissionActivityRatio,BAU,ECU,T5BGSTRO,,N2O_DE,1,2017,,,,,,0.000159
EmissionActivityRatio,BAU,ECU,T5BGSTRO,,N2O_DE,1,2018,,,,,,0.000159
EmissionActivityRatio,BAU,ECU,T5BGSTRO,,N2O_DE,1,2019,,,,,,0.000159
EmissionActivityRatio,BAU,ECU,T5BGSTRO,,N2O_DE,1,2020,,,,,,0.000159
EmissionActivityRatio,BAU,ECU,T5BGSTRO,,N2O_DE,1,2021,,,,,,0.000159
EmissionActivityRatio,BAU,ECU,T5BGSTRO,,N2O_DE,1,2022,,,,,,0.000159
EmissionActivityRatio,BAU,ECU,T5BGSTRO,,N2O_DE,1,2023,,,,,,0.000159
EmissionActivityRatio,BAU,ECU,T5BGSTRO,,N2O_DE,1,2024,,,,,,0.000159
EmissionActivityRatio,BAU,ECU,T5BGSTRO,,N2O_DE,1,2025,,,,,,0.000159
EmissionActivityRatio,BAU,ECU,T5BGSTRO,,N2O_DE,1,2026,,,,,,0.000159
EmissionActivityRatio,BAU,ECU,T5BGSTRO,,N2O_DE,1,2027,,,,,,0.000159
EmissionActivityRatio,BAU,ECU,T5BGSTRO,,N2O_DE,1,2028,,,,,,0.000159
EmissionActivityRatio,BAU,ECU,T5BGSTRO,,N2O_DE,1,2029,,,,,,0.000159
EmissionActivityRatio,BAU,ECU,T5BGSTRO,,N2O_DE,1,2030,,,,,,0.000159
EmissionActivityRatio,BAU,ECU,T5BGSTRO,,N2O_DE,1,2031,,,,,,0.000159
EmissionActivityRatio,BAU,ECU,T5BGSTRO,,N2O_DE,1,2032,,,,,,0.000159
EmissionActivityRatio,BAU,ECU,T5BGSTRO,,N2O_DE,1,2033,,,,,,0.000159
EmissionActivityRatio,BAU,ECU,T5BGSTRO,,N2O_DE,1,2034,,,,,,0.000159
EmissionActivityRatio,BAU,ECU,T5BGSTRO,,N2O_DE,1,2035,,,,,,0.000159
EmissionActivityRatio,BAU,ECU,T5FOITRO,,N2O_DE,1,2010,,,,,,6e-07
EmissionActivityRatio,BAU,ECU,T5FOITRO,,N2O_DE,1,2011,,,,,,6e-07
EmissionActivityRatio,BAU,ECU,T5FOITRO,,N2O_DE,1,2012,,,,,,6e-07
EmissionActivityRatio,BAU,ECU,T5FOITRO,,N2O_DE,1,2013,,,,,,6e-07
EmissionActivityRatio,BAU,ECU,T5FOITRO,,N2O_DE,1,2014,,,,,,6e-07
EmissionActivityRatio,BAU,ECU,T5FOITRO,,N2O_DE,1,2015,,,,,,6e-07
EmissionActivityRatio,BAU,ECU,T5FOITRO,,N2O_DE,1,2016,,,,,,6e-07
EmissionActivityRatio,BAU,ECU,T5FOITRO,,N2O_DE,1,2017,,,,,,6e-07
EmissionActivityRatio,BAU,ECU,T5FOITRO,,N2O_DE,1,2018,,,,,,6e-07
EmissionActivityRatio,BAU,ECU,T5FOITRO,,N2O_DE,1,2019,,,,,,6e-07
EmissionActivityRatio,BAU,ECU,T5FOITRO,,N2O_DE,1,2020,,,,,,6e-07
EmissionActivityRatio,BAU,ECU,T5FOITRO,,N2O_DE,1,2021,,,,,,6e-07
EmissionActivityRatio,BAU,ECU,T5FOITRO,,N2O_DE,1,2022,,,,,,6e-07
EmissionActivityRatio,BAU,ECU,T5FOITRO,,N2O_DE,1,2023,,,,,,6e-07
EmissionActivityRatio,BAU,ECU,T5FOITRO,,N2O_DE,1,2024,,,,,,6e-07
EmissionActivityRatio,BAU,ECU,T5FOITRO,,N2O_DE,1,2025,,,,,,6e-07
EmissionActivityRatio,BAU,ECU,T5FOITRO,,N2O_DE,1,2026,,,,,,6e-07
EmissionActivityRatio,BAU,ECU,T5FOITRO,,N2O_DE,1,2027,,,,,,6e-07
EmissionActivityRatio,BAU,ECU,T5FOITRO,,N2O_DE,1,2028,,,,,,6e-07
EmissionActivityRatio,BAU,ECU,T5FOITRO,,N2O_DE,1,2029,,,,,,6e-07
EmissionActivityRatio,BAU,ECU,T5FOITRO,,N2O_DE,1,2030,,,,,,6e-07
EmissionActivityRatio,BAU,ECU,T5FOITRO,,N2O_DE,1,2031,,,,,,6e-07
EmissionActivityRatio,BAU,ECU,T5FOITRO,,N2O_DE,1,2032,,,,,,6e-07
EmissionActivityRatio,BAU,ECU,T5FOITRO,,N2O_DE,1,2033,,,,,,6e-07
EmissionActivityRatio,BAU,ECU,T5FOITRO,,N2O_DE,1,2034,,,,,,6e-07
EmissionActivityRatio,BAU,ECU,T5FOITRO,,N2O_DE,1,2035,,,,,,6e-07
EmissionActivityRatio,BAU,ECU,T5INDCOK,,N2O_DE,1,2010,,,,,,6e-07
EmissionActivityRatio,BAU,ECU,T5INDCOK,,N2O_DE,1,2011,,,,,,6e-07
EmissionActivityRatio,BAU,ECU,T5INDCOK,,N2O_DE,1,2012,,,,,,6e-07
EmissionActivityRatio,BAU,ECU,T5INDCOK,,N2O_DE,1,2013,,,,,,6e-07
EmissionActivityRatio,BAU,ECU,T5INDCOK,,N2O_DE,1,2014,,,,,,6e-07
EmissionActivityRatio,BAU,ECU,T5INDCOK,,N2O_DE,1,2015,,,,,,6e-07
EmissionActivityRatio,BAU,ECU,T5INDCOK,,N2O_DE,1,2016,,,,,,6e-07
EmissionActivityRatio,BAU,ECU,T5INDCOK,,N2O_DE,1,2017,,,,,,6e-07
EmissionActivityRatio,BAU,ECU,T5INDCOK,,N2O_DE,1,2018,,,,,,6e-07
EmissionActivityRatio,BAU,ECU,T5INDCOK,,N2O_DE,1,2019,,,,,,6e-07
EmissionActivityRatio,BAU,ECU,T5INDCOK,,N2O_DE,1,2020,,,,,,6e-07
EmissionActivityRatio,BAU,ECU,T5INDCOK,,N2O_DE,1,2021,,,,,,6e-07
EmissionActivityRatio,BAU,ECU,T5INDCOK,,N2O_DE,1,2022,,,,,,6e-07
EmissionActivityRatio,BAU,ECU,T5INDCOK,,N2O_DE,1,2023,,,,,,6e-07
EmissionActivityRatio,BAU,ECU,T5INDCOK,,N2O_DE,1,2024,,,,,,6e-07
EmissionActivityRatio,BAU,ECU,T5INDCOK,,N2O_DE,1,2025,,,,,,6e-07
EmissionActivityRatio,BAU,ECU,T5INDCOK,,N2O_DE,1,2026,,,,,,6e-07
EmissionActivityRatio,BAU,ECU,T5INDCOK,,N2O_DE,1,2027,,,,,,6e-07
EmissionActivityRatio,BAU,ECU,T5INDCOK,,N2O_DE,1,2028,,,,,,6e-07
EmissionActivityRatio,BAU,ECU,T5INDCOK,,N2O_DE,1,2029,,,,,,6e-07
EmissionActivityRatio,BAU,ECU,T5INDCOK,,N2O_DE,1,2030,,,,,,6e-07
EmissionActivityRatio,BAU,ECU,T5INDCOK,,N2O_DE,1,2031,,,,,,6e-07
EmissionActivityRatio,BAU,ECU,T5INDCOK,,N2O_DE,1,2032,,,,,,6e-07
EmissionActivityRatio,BAU,ECU,T5INDCOK,,N2O_DE,1,2033,,,,,,6e-07
EmissionActivityRatio,BAU,ECU,T5INDCOK,,N2O_DE,1,2034,,,,,,6e-07
EmissionActivityRatio,BAU,ECU,T5INDCOK,,N2O_DE,1,2035,,,,,,6e-07
EmissionActivityRatio,BAU,ECU,T5TRNFOI,,N2O_DE,1,2010,,,,,,6e-07
EmissionActivityRatio,BAU,ECU,T5TRNFOI,,N2O_DE,1,2011,,,,,,6e-07
EmissionActivityRatio,BAU,ECU,T5TRNFOI,,N2O_DE,1,2012,,,,,,6e-07
EmissionActivityRatio,BAU,ECU,T5TRNFOI,,N2O_DE,1,2013,,,,,,6e-07
EmissionActivityRatio,BAU,ECU,T5TRNFOI,,N2O_DE,1,2014,,,,,,6e-07
EmissionActivityRatio,BAU,ECU,T5TRNFOI,,N2O_DE,1,2015,,,,,,6e-07
EmissionActivityRatio,BAU,ECU,T5TRNFOI,,N2O_DE,1,2016,,,,,,6e-07
EmissionActivityRatio,BAU,ECU,T5TRNFOI,,N2O_DE,1,2017,,,,,,6e-07
EmissionActivityRatio,BAU,ECU,T5TRNFOI,,N2O_DE,1,2018,,,,,,6e-07
EmissionActivityRatio,BAU,ECU,T5TRNFOI,,N2O_DE,1,2019,,,,,,6e-07
EmissionActivityRatio,BAU,ECU,T5TRNFOI,,N2O_DE,1,2020,,,,,,6e-07
EmissionActivityRatio,BAU,ECU,T5TRNFOI,,N2O_DE,1,2021,,,,,,6e-07
EmissionActivityRatio,BAU,ECU,T5TRNFOI,,N2O_DE,1,2022,,,,,,6e-07
EmissionActivityRatio,BAU,ECU,T5TRNFOI,,N2O_DE,1,2023,,,,,,6e-07
EmissionActivityRatio,BAU,ECU,T5TRNFOI,,N2O_DE,1,2024,,,,,,6e-07
EmissionActivityRatio,BAU,ECU,T5TRNFOI,,N2O_DE,1,2025,,,,,,6e-07
EmissionActivityRatio,BAU,ECU,T5TRNFOI,,N2O_DE,1,2026,,,,,,6e-07
EmissionActivityRatio,BAU,ECU,T5TRNFOI,,N2O_DE,1,2027,,,,,,6e-07
EmissionActivityRatio,BAU,ECU,T5TRNFOI,,N2O_DE,1,2028,,,,,,6e-07
EmissionActivityRatio,BAU,ECU,T5TRNFOI,,N2O_DE,1,2029,,,,,,6e-07
EmissionActivityRatio,BAU,ECU,T5TRNFOI,,N2O_DE,1,2030,,,,,,6e-07
EmissionActivityRatio,BAU,ECU,T5TRNFOI,,N2O_DE,1,2031,,,,,,6e-07
EmissionActivityRatio,BAU,ECU,T5TRNFOI,,N2O_DE,1,2032,,,,,,6e-07
EmissionActivityRatio,BAU,ECU,T5TRNFOI,,N2O_DE,1,2033,,,,,,6e-07
EmissionActivityRatio,BAU,ECU,T5TRNFOI,,N2O_DE,1,2034,,,,,,6e-07
EmissionActivityRatio,BAU,ECU,T5TRNFOI,,N2O_DE,1,2035,,,,,,6e-07
EmissionActivityRatio,BAU,ECU,T5COMGSL,,N2O_DE,1,2010,,,,,,6e-07
EmissionActivityRatio,BAU,ECU,T5COMGSL,,N2O_DE,1,2011,,,,,,6e-07
EmissionActivityRatio,BAU,ECU,T5COMGSL,,N2O_DE,1,2012,,,,,,6e-07
EmissionActivityRatio,BAU,ECU,T5COMGSL,,N2O_DE,1,2013,,,,,,6e-07
EmissionActivityRatio,BAU,ECU,T5COMGSL,,N2O_DE,1,2014,,,,,,6e-07
EmissionActivityRatio,BAU,ECU,T5COMGSL,,N2O_DE,1,2015,,,,,,6e-07
EmissionActivityRatio,BAU,ECU,T5COMGSL,,N2O_DE,1,2016,,,,,,6e-07
EmissionActivityRatio,BAU,ECU,T5COMGSL,,N2O_DE,1,2017,,,,,,6e-07
EmissionActivityRatio,BAU,ECU,T5COMGSL,,N2O_DE,1,2018,,,,,,6e-07
EmissionActivityRatio,BAU,ECU,T5COMGSL,,N2O_DE,1,2019,,,,,,6e-07
EmissionActivityRatio,BAU,ECU,T5COMGSL,,N2O_DE,1,2020,,,,,,6e-07
EmissionActivityRatio,BAU,ECU,T5COMGSL,,N2O_DE,1,2021,,,,,,6e-07
EmissionActivityRatio,BAU,ECU,T5COMGSL,,N2O_DE,1,2022,,,,,,6e-07
EmissionActivityRatio,BAU,ECU,T5COMGSL,,N2O_DE,1,2023,,,,,,6e-07
EmissionActivityRatio,BAU,ECU,T5COMGSL,,N2O_DE,1,2024,,,,,,6e-07
EmissionActivityRatio,BAU,ECU,T5COMGSL,,N2O_DE,1,2025,,,,,,6e-07
EmissionActivityRatio,BAU,ECU,T5COMGSL,,N2O_DE,1,2026,,,,,,6e-07
EmissionActivityRatio,BAU,ECU,T5COMGSL,,N2O_DE,1,2027,,,,,,6e-07
EmissionActivityRatio,BAU,ECU,T5COMGSL,,N2O_DE,1,2028,,,,,,6e-07
EmissionActivityRatio,BAU,ECU,T5COMGSL,,N2O_DE,1,2029,,,,,,6e-07
EmissionActivityRatio,BAU,ECU,T5COMGSL,,N2O_DE,1,2030,,,,,,6e-07
EmissionActivityRatio,BAU,ECU,T5COMGSL,,N2O_DE,1,2031,,,,,,6e-07
EmissionActivityRatio,BAU,ECU,T5COMGSL,,N2O_DE,1,2032,,,,,,6e-07
EmissionActivityRatio,BAU,ECU,T5COMGSL,,N2O_DE,1,2033,,,,,,6e-07
EmissionActivityRatio,BAU,ECU,T5COMGSL,,N2O_DE,1,2034,,,,,,6e-07
EmissionActivityRatio,BAU,ECU,T5COMGSL,,N2O_DE,1,2035,,,,,,6e-07
EmissionActivityRatio,BAU,ECU,T5TAEGSL,,N2O_DE,1,2010,,,,,,2e-06
EmissionActivityRatio,BAU,ECU,T5TAEGSL,,N2O_DE,1,2011,,,,,,2e-06
EmissionActivityRatio,BAU,ECU,T5TAEGSL,,N2O_DE,1,2012,,,,,,2e-06
EmissionActivityRatio,BAU,ECU,T5TAEGSL,,N2O_DE,1,2013,,,,,,2e-06
EmissionActivityRatio,BAU,ECU,T5TAEGSL,,N2O_DE,1,2014,,,,,,2e-06
EmissionActivityRatio,BAU,ECU,T5TAEGSL,,N2O_DE,1,2015,,,,,,2e-06
EmissionActivityRatio,BAU,ECU,T5TAEGSL,,N2O_DE,1,2016,,,,,,2e-06
EmissionActivityRatio,BAU,ECU,T5TAEGSL,,N2O_DE,1,2017,,,,,,2e-06
EmissionActivityRatio,BAU,ECU,T5TAEGSL,,N2O_DE,1,2018,,,,,,2e-06
EmissionActivityRatio,BAU,ECU,T5TAEGSL,,N2O_DE,1,2019,,,,,,2e-06
EmissionActivityRatio,BAU,ECU,T5TAEGSL,,N2O_DE,1,2020,,,,,,2e-06
EmissionActivityRatio,BAU,ECU,T5TAEGSL,,N2O_DE,1,2021,,,,,,2e-06
EmissionActivityRatio,BAU,ECU,T5TAEGSL,,N2O_DE,1,2022,,,,,,2e-06
EmissionActivityRatio,BAU,ECU,T5TAEGSL,,N2O_DE,1,2023,,,,,,2e-06
EmissionActivityRatio,BAU,ECU,T5TAEGSL,,N2O_DE,1,2024,,,,,,2e-06
EmissionActivityRatio,BAU,ECU,T5TAEGSL,,N2O_DE,1,2025,,,,,,2e-06
EmissionActivityRatio,BAU,ECU,T5TAEGSL,,N2O_DE,1,2026,,,,,,2e-06
EmissionActivityRatio,BAU,ECU,T5TAEGSL,,N2O_DE,1,2027,,,,,,2e-06
EmissionActivityRatio,BAU,ECU,T5TAEGSL,,N2O_DE,1,2028,,,,,,2e-06
EmissionActivityRatio,BAU,ECU,T5TAEGSL,,N2O_DE,1,2029,,,,,,2e-06
EmissionActivityRatio,BAU,ECU,T5TAEGSL,,N2O_DE,1,2030,,,,,,2e-06
EmissionActivityRatio,BAU,ECU,T5TAEGSL,,N2O_DE,1,2031,,,,,,2e-06
EmissionActivityRatio,BAU,ECU,T5TAEGSL,,N2O_DE,1,2032,,,,,,2e-06
EmissionActivityRatio,BAU,ECU,T5TAEGSL,,N2O_DE,1,2033,,,,,,2e-06
EmissionActivityRatio,BAU,ECU,T5TAEGSL,,N2O_DE,1,2034,,,,,,2e-06
EmissionActivityRatio,BAU,ECU,T5TAEGSL,,N2O_DE,1,2035,,,,,,2e-06
EmissionActivityRatio,BAU,ECU,T5TMAGSL,,N2O_DE,1,2010,,,,,,6e-07
EmissionActivityRatio,BAU,ECU,T5TMAGSL,,N2O_DE,1,2011,,,,,,6e-07
EmissionActivityRatio,BAU,ECU,T5TMAGSL,,N2O_DE,1,2012,,,,,,6e-07
EmissionActivityRatio,BAU,ECU,T5TMAGSL,,N2O_DE,1,2013,,,,,,6e-07
EmissionActivityRatio,BAU,ECU,T5TMAGSL,,N2O_DE,1,2014,,,,,,6e-07
EmissionActivityRatio,BAU,ECU,T5TMAGSL,,N2O_DE,1,2015,,,,,,6e-07
EmissionActivityRatio,BAU,ECU,T5TMAGSL,,N2O_DE,1,2016,,,,,,6e-07
EmissionActivityRatio,BAU,ECU,T5TMAGSL,,N2O_DE,1,2017,,,,,,6e-07
EmissionActivityRatio,BAU,ECU,T5TMAGSL,,N2O_DE,1,2018,,,,,,6e-07
EmissionActivityRatio,BAU,ECU,T5TMAGSL,,N2O_DE,1,2019,,,,,,6e-07
EmissionActivityRatio,BAU,ECU,T5TMAGSL,,N2O_DE,1,2020,,,,,,6e-07
EmissionActivityRatio,BAU,ECU,T5TMAGSL,,N2O_DE,1,2021,,,,,,6e-07
EmissionActivityRatio,BAU,ECU,T5TMAGSL,,N2O_DE,1,2022,,,,,,6e-07
EmissionActivityRatio,BAU,ECU,T5TMAGSL,,N2O_DE,1,2023,,,,,,6e-07
EmissionActivityRatio,BAU,ECU,T5TMAGSL,,N2O_DE,1,2024,,,,,,6e-07
EmissionActivityRatio,BAU,ECU,T5TMAGSL,,N2O_DE,1,2025,,,,,,6e-07
EmissionActivityRatio,BAU,ECU,T5TMAGSL,,N2O_DE,1,2026,,,,,,6e-07
EmissionActivityRatio,BAU,ECU,T5TMAGSL,,N2O_DE,1,2027,,,,,,6e-07
EmissionActivityRatio,BAU,ECU,T5TMAGSL,,N2O_DE,1,2028,,,,,,6e-07
EmissionActivityRatio,BAU,ECU,T5TMAGSL,,N2O_DE,1,2029,,,,,,6e-07
EmissionActivityRatio,BAU,ECU,T5TMAGSL,,N2O_DE,1,2030,,,,,,6e-07
EmissionActivityRatio,BAU,ECU,T5TMAGSL,,N2O_DE,1,2031,,,,,,6e-07
EmissionActivityRatio,BAU,ECU,T5TMAGSL,,N2O_DE,1,2032,,,,,,6e-07
EmissionActivityRatio,BAU,ECU,T5TMAGSL,,N2O_DE,1,2033,,,,,,6e-07
EmissionActivityRatio,BAU,ECU,T5TMAGSL,,N2O_DE,1,2034,,,,,,6e-07
EmissionActivityRatio,BAU,ECU,T5TMAGSL,,N2O_DE,1,2035,,,,,,6e-07
EmissionActivityRatio,BAU,ECU,T5TCADSL,,N2O_DE,1,2010,,,,,,3.9e-06
EmissionActivityRatio,BAU,ECU,T5TCADSL,,N2O_DE,1,2011,,,,,,3.9e-06
EmissionActivityRatio,BAU,ECU,T5TCADSL,,N2O_DE,1,2012,,,,,,3.9e-06
EmissionActivityRatio,BAU,ECU,T5TCADSL,,N2O_DE,1,2013,,,,,,3.9e-06
EmissionActivityRatio,BAU,ECU,T5TCADSL,,N2O_DE,1,2014,,,,,,3.9e-06
EmissionActivityRatio,BAU,ECU,T5TCADSL,,N2O_DE,1,2015,,,,,,3.9e-06
EmissionActivityRatio,BAU,ECU,T5TCADSL,,N2O_DE,1,2016,,,,,,3.9e-06
EmissionActivityRatio,BAU,ECU,T5TCADSL,,N2O_DE,1,2017,,,,,,3.9e-06
EmissionActivityRatio,BAU,ECU,T5TCADSL,,N2O_DE,1,2018,,,,,,3.9e-06
EmissionActivityRatio,BAU,ECU,T5TCADSL,,N2O_DE,1,2019,,,,,,3.9e-06
EmissionActivityRatio,BAU,ECU,T5TCADSL,,N2O_DE,1,2020,,,,,,3.9e-06
EmissionActivityRatio,BAU,ECU,T5TCADSL,,N2O_DE,1,2021,,,,,,3.9e-06
EmissionActivityRatio,BAU,ECU,T5TCADSL,,N2O_DE,1,2022,,,,,,3.9e-06
EmissionActivityRatio,BAU,ECU,T5TCADSL,,N2O_DE,1,2023,,,,,,3.9e-06
EmissionActivityRatio,BAU,ECU,T5TCADSL,,N2O_DE,1,2024,,,,,,3.9e-06
EmissionActivityRatio,BAU,ECU,T5TCADSL,,N2O_DE,1,2025,,,,,,3.9e-06
EmissionActivityRatio,BAU,ECU,T5TCADSL,,N2O_DE,1,2026,,,,,,3.9e-06
EmissionActivityRatio,BAU,ECU,T5TCADSL,,N2O_DE,1,2027,,,,,,3.9e-06
EmissionActivityRatio,BAU,ECU,T5TCADSL,,N2O_DE,1,2028,,,,,,3.9e-06
EmissionActivityRatio,BAU,ECU,T5TCADSL,,N2O_DE,1,2029,,,,,,3.9e-06
EmissionActivityRatio,BAU,ECU,T5TCADSL,,N2O_DE,1,2030,,,,,,3.9e-06
EmissionActivityRatio,BAU,ECU,T5TCADSL,,N2O_DE,1,2031,,,,,,3.9e-06
EmissionActivityRatio,BAU,ECU,T5TCADSL,,N2O_DE,1,2032,,,,,,3.9e-06
EmissionActivityRatio,BAU,ECU,T5TCADSL,,N2O_DE,1,2033,,,,,,3.9e-06
EmissionActivityRatio,BAU,ECU,T5TCADSL,,N2O_DE,1,2034,,,,,,3.9e-06
EmissionActivityRatio,BAU,ECU,T5TCADSL,,N2O_DE,1,2035,,,,,,3.9e-06
EmissionActivityRatio,BAU,ECU,T5TCAGSL,,N2O_DE,1,2010,,,,,,3.2000000000000003e-06
EmissionActivityRatio,BAU,ECU,T5TCAGSL,,N2O_DE,1,2011,,,,,,3.2000000000000003e-06
EmissionActivityRatio,BAU,ECU,T5TCAGSL,,N2O_DE,1,2012,,,,,,3.2000000000000003e-06
EmissionActivityRatio,BAU,ECU,T5TCAGSL,,N2O_DE,1,2013,,,,,,3.2000000000000003e-06
EmissionActivityRatio,BAU,ECU,T5TCAGSL,,N2O_DE,1,2014,,,,,,3.2000000000000003e-06
EmissionActivityRatio,BAU,ECU,T5TCAGSL,,N2O_DE,1,2015,,,,,,3.2000000000000003e-06
EmissionActivityRatio,BAU,ECU,T5TCAGSL,,N2O_DE,1,2016,,,,,,3.2000000000000003e-06
EmissionActivityRatio,BAU,ECU,T5TCAGSL,,N2O_DE,1,2017,,,,,,3.2000000000000003e-06
EmissionActivityRatio,BAU,ECU,T5TCAGSL,,N2O_DE,1,2018,,,,,,3.2000000000000003e-06
EmissionActivityRatio,BAU,ECU,T5TCAGSL,,N2O_DE,1,2019,,,,,,3.2000000000000003e-06
EmissionActivityRatio,BAU,ECU,T5TCAGSL,,N2O_DE,1,2020,,,,,,3.2000000000000003e-06
EmissionActivityRatio,BAU,ECU,T5TCAGSL,,N2O_DE,1,2021,,,,,,3.2000000000000003e-06
EmissionActivityRatio,BAU,ECU,T5TCAGSL,,N2O_DE,1,2022,,,,,,3.2000000000000003e-06
EmissionActivityRatio,BAU,ECU,T5TCAGSL,,N2O_DE,1,2023,,,,,,3.2000000000000003e-06
EmissionActivityRatio,BAU,ECU,T5TCAGSL,,N2O_DE,1,2024,,,,,,3.2000000000000003e-06
EmissionActivityRatio,BAU,ECU,T5TCAGSL,,N2O_DE,1,2025,,,,,,3.2000000000000003e-06
EmissionActivityRatio,BAU,ECU,T5TCAGSL,,N2O_DE,1,2026,,,,,,3.2000000000000003e-06
EmissionActivityRatio,BAU,ECU,T5TCAGSL,,N2O_DE,1,2027,,,,,,3.2000000000000003e-06
EmissionActivityRatio,BAU,ECU,T5TCAGSL,,N2O_DE,1,2028,,,,,,3.2000000000000003e-06
EmissionActivityRatio,BAU,ECU,T5TCAGSL,,N2O_DE,1,2029,,,,,,3.2000000000000003e-06
EmissionActivityRatio,BAU,ECU,T5TCAGSL,,N2O_DE,1,2030,,,,,,3.2000000000000003e-06
EmissionActivityRatio,BAU,ECU,T5TCAGSL,,N2O_DE,1,2031,,,,,,3.2000000000000003e-06
EmissionActivityRatio,BAU,ECU,T5TCAGSL,,N2O_DE,1,2032,,,,,,3.2000000000000003e-06
EmissionActivityRatio,BAU,ECU,T5TCAGSL,,N2O_DE,1,2033,,,,,,3.2000000000000003e-06
EmissionActivityRatio,BAU,ECU,T5TCAGSL,,N2O_DE,1,2034,,,,,,3.2000000000000003e-06
EmissionActivityRatio,BAU,ECU,T5TCAGSL,,N2O_DE,1,2035,,,,,,3.2000000000000003e-06
EmissionActivityRatio,BAU,ECU,T5ALLTRNDSL,,N2O_DE,1,2010,,,,,,6e-07
EmissionActivityRatio,BAU,ECU,T5ALLTRNDSL,,N2O_DE,1,2011,,,,,,6e-07
EmissionActivityRatio,BAU,ECU,T5ALLTRNDSL,,N2O_DE,1,2012,,,,,,6e-07
EmissionActivityRatio,BAU,ECU,T5ALLTRNDSL,,N2O_DE,1,2013,,,,,,6e-07
EmissionActivityRatio,BAU,ECU,T5ALLTRNDSL,,N2O_DE,1,2014,,,,,,6e-07
EmissionActivityRatio,BAU,ECU,T5ALLTRNDSL,,N2O_DE,1,2015,,,,,,6e-07
EmissionActivityRatio,BAU,ECU,T5ALLTRNDSL,,N2O_DE,1,2016,,,,,,6e-07
EmissionActivityRatio,BAU,ECU,T5ALLTRNDSL,,N2O_DE,1,2017,,,,,,6e-07
EmissionActivityRatio,BAU,ECU,T5ALLTRNDSL,,N2O_DE,1,2018,,,,,,6e-07
EmissionActivityRatio,BAU,ECU,T5ALLTRNDSL,,N2O_DE,1,2019,,,,,,6e-07
EmissionActivityRatio,BAU,ECU,T5ALLTRNDSL,,N2O_DE,1,2020,,,,,,6e-07
EmissionActivityRatio,BAU,ECU,T5ALLTRNDSL,,N2O_DE,1,2021,,,,,,6e-07
EmissionActivityRatio,BAU,ECU,T5ALLTRNDSL,,N2O_DE,1,2022,,,,,,6e-07
EmissionActivityRatio,BAU,ECU,T5ALLTRNDSL,,N2O_DE,1,2023,,,,,,6e-07
EmissionActivityRatio,BAU,ECU,T5ALLTRNDSL,,N2O_DE,1,2024,,,,,,6e-07
EmissionActivityRatio,BAU,ECU,T5ALLTRNDSL,,N2O_DE,1,2025,,,,,,6e-07
EmissionActivityRatio,BAU,ECU,T5ALLTRNDSL,,N2O_DE,1,2026,,,,,,6e-07
EmissionActivityRatio,BAU,ECU,T5ALLTRNDSL,,N2O_DE,1,2027,,,,,,6e-07
EmissionActivityRatio,BAU,ECU,T5ALLTRNDSL,,N2O_DE,1,2028,,,,,,6e-07
EmissionActivityRatio,BAU,ECU,T5ALLTRNDSL,,N2O_DE,1,2029,,,,,,6e-07
EmissionActivityRatio,BAU,ECU,T5ALLTRNDSL,,N2O_DE,1,2030,,,,,,6e-07
EmissionActivityRatio,BAU,ECU,T5ALLTRNDSL,,N2O_DE,1,2031,,,,,,6e-07
EmissionActivityRatio,BAU,ECU,T5ALLTRNDSL,,N2O_DE,1,2032,,,,,,6e-07
EmissionActivityRatio,BAU,ECU,T5ALLTRNDSL,,N2O_DE,1,2033,,,,,,6e-07
EmissionActivityRatio,BAU,ECU,T5ALLTRNDSL,,N2O_DE,1,2034,,,,,,6e-07
EmissionActivityRatio,BAU,ECU,T5ALLTRNDSL,,N2O_DE,1,2035,,,,,,6e-07
EmissionActivityRatio,BAU,ECU,T5ALLTRNFOI,,N2O_DE,1,2010,,,,,,6e-07
EmissionActivityRatio,BAU,ECU,T5ALLTRNFOI,,N2O_DE,1,2011,,,,,,6e-07
EmissionActivityRatio,BAU,ECU,T5ALLTRNFOI,,N2O_DE,1,2012,,,,,,6e-07
EmissionActivityRatio,BAU,ECU,T5ALLTRNFOI,,N2O_DE,1,2013,,,,,,6e-07
EmissionActivityRatio,BAU,ECU,T5ALLTRNFOI,,N2O_DE,1,2014,,,,,,6e-07
EmissionActivityRatio,BAU,ECU,T5ALLTRNFOI,,N2O_DE,1,2015,,,,,,6e-07
EmissionActivityRatio,BAU,ECU,T5ALLTRNFOI,,N2O_DE,1,2016,,,,,,6e-07
EmissionActivityRatio,BAU,ECU,T5ALLTRNFOI,,N2O_DE,1,2017,,,,,,6e-07
EmissionActivityRatio,BAU,ECU,T5ALLTRNFOI,,N2O_DE,1,2018,,,,,,6e-07
EmissionActivityRatio,BAU,ECU,T5ALLTRNFOI,,N2O_DE,1,2019,,,,,,6e-07
EmissionActivityRatio,BAU,ECU,T5ALLTRNFOI,,N2O_DE,1,2020,,,,,,6e-07
EmissionActivityRatio,BAU,ECU,T5ALLTRNFOI,,N2O_DE,1,2021,,,,,,6e-07
EmissionActivityRatio,BAU,ECU,T5ALLTRNFOI,,N2O_DE,1,2022,,,,,,6e-07
EmissionActivityRatio,BAU,ECU,T5ALLTRNFOI,,N2O_DE,1,2023,,,,,,6e-07
EmissionActivityRatio,BAU,ECU,T5ALLTRNFOI,,N2O_DE,1,2024,,,,,,6e-07
EmissionActivityRatio,BAU,ECU,T5ALLTRNFOI,,N2O_DE,1,2025,,,,,,6e-07
EmissionActivityRatio,BAU,ECU,T5ALLTRNFOI,,N2O_DE,1,2026,,,,,,6e-07
EmissionActivityRatio,BAU,ECU,T5ALLTRNFOI,,N2O_DE,1,2027,,,,,,6e-07
EmissionActivityRatio,BAU,ECU,T5ALLTRNFOI,,N2O_DE,1,2028,,,,,,6e-07
EmissionActivityRatio,BAU,ECU,T5ALLTRNFOI,,N2O_DE,1,2029,,,,,,6e-07
EmissionActivityRatio,BAU,ECU,T5ALLTRNFOI,,N2O_DE,1,2030,,,,,,6e-07
EmissionActivityRatio,BAU,ECU,T5ALLTRNFOI,,N2O_DE,1,2031,,,,,,6e-07
EmissionActivityRatio,BAU,ECU,T5ALLTRNFOI,,N2O_DE,1,2032,,,,,,6e-07
EmissionActivityRatio,BAU,ECU,T5ALLTRNFOI,,N2O_DE,1,2033,,,,,,6e-07
EmissionActivityRatio,BAU,ECU,T5ALLTRNFOI,,N2O_DE,1,2034,,,,,,6e-07
EmissionActivityRatio,BAU,ECU,T5ALLTRNFOI,,N2O_DE,1,2035,,,,,,6e-07
EmissionActivityRatio,BAU,ECU,T5ALLTRNLPG,,N2O_DE,1,2010,,,,,,1.0000000000000001e-07
EmissionActivityRatio,BAU,ECU,T5ALLTRNLPG,,N2O_DE,1,2011,,,,,,1.0000000000000001e-07
EmissionActivityRatio,BAU,ECU,T5ALLTRNLPG,,N2O_DE,1,2012,,,,,,1.0000000000000001e-07
EmissionActivityRatio,BAU,ECU,T5ALLTRNLPG,,N2O_DE,1,2013,,,,,,1.0000000000000001e-07
EmissionActivityRatio,BAU,ECU,T5ALLTRNLPG,,N2O_DE,1,2014,,,,,,1.0000000000000001e-07
EmissionActivityRatio,BAU,ECU,T5ALLTRNLPG,,N2O_DE,1,2015,,,,,,1.0000000000000001e-07
EmissionActivityRatio,BAU,ECU,T5ALLTRNLPG,,N2O_DE,1,2016,,,,,,1.0000000000000001e-07
EmissionActivityRatio,BAU,ECU,T5ALLTRNLPG,,N2O_DE,1,2017,,,,,,1.0000000000000001e-07
EmissionActivityRatio,BAU,ECU,T5ALLTRNLPG,,N2O_DE,1,2018,,,,,,1.0000000000000001e-07
EmissionActivityRatio,BAU,ECU,T5ALLTRNLPG,,N2O_DE,1,2019,,,,,,1.0000000000000001e-07
EmissionActivityRatio,BAU,ECU,T5ALLTRNLPG,,N2O_DE,1,2020,,,,,,1.0000000000000001e-07
EmissionActivityRatio,BAU,ECU,T5ALLTRNLPG,,N2O_DE,1,2021,,,,,,1.0000000000000001e-07
EmissionActivityRatio,BAU,ECU,T5ALLTRNLPG,,N2O_DE,1,2022,,,,,,1.0000000000000001e-07
EmissionActivityRatio,BAU,ECU,T5ALLTRNLPG,,N2O_DE,1,2023,,,,,,1.0000000000000001e-07
EmissionActivityRatio,BAU,ECU,T5ALLTRNLPG,,N2O_DE,1,2024,,,,,,1.0000000000000001e-07
EmissionActivityRatio,BAU,ECU,T5ALLTRNLPG,,N2O_DE,1,2025,,,,,,1.0000000000000001e-07
EmissionActivityRatio,BAU,ECU,T5ALLTRNLPG,,N2O_DE,1,2026,,,,,,1.0000000000000001e-07
EmissionActivityRatio,BAU,ECU,T5ALLTRNLPG,,N2O_DE,1,2027,,,,,,1.0000000000000001e-07
EmissionActivityRatio,BAU,ECU,T5ALLTRNLPG,,N2O_DE,1,2028,,,,,,1.0000000000000001e-07
EmissionActivityRatio,BAU,ECU,T5ALLTRNLPG,,N2O_DE,1,2029,,,,,,1.0000000000000001e-07
EmissionActivityRatio,BAU,ECU,T5ALLTRNLPG,,N2O_DE,1,2030,,,,,,1.0000000000000001e-07
EmissionActivityRatio,BAU,ECU,T5ALLTRNLPG,,N2O_DE,1,2031,,,,,,1.0000000000000001e-07
EmissionActivityRatio,BAU,ECU,T5ALLTRNLPG,,N2O_DE,1,2032,,,,,,1.0000000000000001e-07
EmissionActivityRatio,BAU,ECU,T5ALLTRNLPG,,N2O_DE,1,2033,,,,,,1.0000000000000001e-07
EmissionActivityRatio,BAU,ECU,T5ALLTRNLPG,,N2O_DE,1,2034,,,,,,1.0000000000000001e-07
EmissionActivityRatio,BAU,ECU,T5ALLTRNLPG,,N2O_DE,1,2035,,,,,,1.0000000000000001e-07
EmissionActivityRatio,BAU,ECU,T5ALLTRNGSL,,N2O_DE,1,2010,,,,,,6e-07
EmissionActivityRatio,BAU,ECU,T5ALLTRNGSL,,N2O_DE,1,2011,,,,,,6e-07
EmissionActivityRatio,BAU,ECU,T5ALLTRNGSL,,N2O_DE,1,2012,,,,,,6e-07
EmissionActivityRatio,BAU,ECU,T5ALLTRNGSL,,N2O_DE,1,2013,,,,,,6e-07
EmissionActivityRatio,BAU,ECU,T5ALLTRNGSL,,N2O_DE,1,2014,,,,,,6e-07
EmissionActivityRatio,BAU,ECU,T5ALLTRNGSL,,N2O_DE,1,2015,,,,,,6e-07
EmissionActivityRatio,BAU,ECU,T5ALLTRNGSL,,N2O_DE,1,2016,,,,,,6e-07
EmissionActivityRatio,BAU,ECU,T5ALLTRNGSL,,N2O_DE,1,2017,,,,,,6e-07
EmissionActivityRatio,BAU,ECU,T5ALLTRNGSL,,N2O_DE,1,2018,,,,,,6e-07
EmissionActivityRatio,BAU,ECU,T5ALLTRNGSL,,N2O_DE,1,2019,,,,,,6e-07
EmissionActivityRatio,BAU,ECU,T5ALLTRNGSL,,N2O_DE,1,2020,,,,,,6e-07
EmissionActivityRatio,BAU,ECU,T5ALLTRNGSL,,N2O_DE,1,2021,,,,,,6e-07
EmissionActivityRatio,BAU,ECU,T5ALLTRNGSL,,N2O_DE,1,2022,,,,,,6e-07
EmissionActivityRatio,BAU,ECU,T5ALLTRNGSL,,N2O_DE,1,2023,,,,,,6e-07
EmissionActivityRatio,BAU,ECU,T5ALLTRNGSL,,N2O_DE,1,2024,,,,,,6e-07
EmissionActivityRatio,BAU,ECU,T5ALLTRNGSL,,N2O_DE,1,2025,,,,,,6e-07
EmissionActivityRatio,BAU,ECU,T5ALLTRNGSL,,N2O_DE,1,2026,,,,,,6e-07
EmissionActivityRatio,BAU,ECU,T5ALLTRNGSL,,N2O_DE,1,2027,,,,,,6e-07
EmissionActivityRatio,BAU,ECU,T5ALLTRNGSL,,N2O_DE,1,2028,,,,,,6e-07
EmissionActivityRatio,BAU,ECU,T5ALLTRNGSL,,N2O_DE,1,2029,,,,,,6e-07
EmissionActivityRatio,BAU,ECU,T5ALLTRNGSL,,N2O_DE,1,2030,,,,,,6e-07
EmissionActivityRatio,BAU,ECU,T5ALLTRNGSL,,N2O_DE,1,2031,,,,,,6e-07
EmissionActivityRatio,BAU,ECU,T5ALLTRNGSL,,N2O_DE,1,2032,,,,,,6e-07
EmissionActivityRatio,BAU,ECU,T5ALLTRNGSL,,N2O_DE,1,2033,,,,,,6e-07
EmissionActivityRatio,BAU,ECU,T5ALLTRNGSL,,N2O_DE,1,2034,,,,,,6e-07
EmissionActivityRatio,BAU,ECU,T5ALLTRNGSL,,N2O_DE,1,2035,,,,,,6e-07
EmissionActivityRatio,BAU,ECU,T5ALLTRNJET,,N2O_DE,1,2010,,,,,,0.0
EmissionActivityRatio,BAU,ECU,T5ALLTRNJET,,N2O_DE,1,2011,,,,,,0.0
EmissionActivityRatio,BAU,ECU,T5ALLTRNJET,,N2O_DE,1,2012,,,,,,0.0
EmissionActivityRatio,BAU,ECU,T5ALLTRNJET,,N2O_DE,1,2013,,,,,,0.0
EmissionActivityRatio,BAU,ECU,T5ALLTRNJET,,N2O_DE,1,2014,,,,,,0.0
EmissionActivityRatio,BAU,ECU,T5ALLTRNJET,,N2O_DE,1,2015,,,,,,0.0
EmissionActivityRatio,BAU,ECU,T5ALLTRNJET,,N2O_DE,1,2016,,,,,,0.0
EmissionActivityRatio,BAU,ECU,T5ALLTRNJET,,N2O_DE,1,2017,,,,,,0.0
EmissionActivityRatio,BAU,ECU,T5ALLTRNJET,,N2O_DE,1,2018,,,,,,0.0
EmissionActivityRatio,BAU,ECU,T5ALLTRNJET,,N2O_DE,1,2019,,,,,,0.0
EmissionActivityRatio,BAU,ECU,T5ALLTRNJET,,N2O_DE,1,2020,,,,,,0.0
EmissionActivityRatio,BAU,ECU,T5ALLTRNJET,,N2O_DE,1,2021,,,,,,0.0
EmissionActivityRatio,BAU,ECU,T5ALLTRNJET,,N2O_DE,1,2022,,,,,,0.0
EmissionActivityRatio,BAU,ECU,T5ALLTRNJET,,N2O_DE,1,2023,,,,,,0.0
EmissionActivityRatio,BAU,ECU,T5ALLTRNJET,,N2O_DE,1,2024,,,,,,0.0
EmissionActivityRatio,BAU,ECU,T5ALLTRNJET,,N2O_DE,1,2025,,,,,,0.0
EmissionActivityRatio,BAU,ECU,T5ALLTRNJET,,N2O_DE,1,2026,,,,,,0.0
EmissionActivityRatio,BAU,ECU,T5ALLTRNJET,,N2O_DE,1,2027,,,,,,0.0
EmissionActivityRatio,BAU,ECU,T5ALLTRNJET,,N2O_DE,1,2028,,,,,,0.0
EmissionActivityRatio,BAU,ECU,T5ALLTRNJET,,N2O_DE,1,2029,,,,,,0.0
EmissionActivityRatio,BAU,ECU,T5ALLTRNJET,,N2O_DE,1,2030,,,,,,0.0
EmissionActivityRatio,BAU,ECU,T5ALLTRNJET,,N2O_DE,1,2031,,,,,,0.0
EmissionActivityRatio,BAU,ECU,T5ALLTRNJET,,N2O_DE,1,2032,,,,,,0.0
EmissionActivityRatio,BAU,ECU,T5ALLTRNJET,,N2O_DE,1,2033,,,,,,0.0
EmissionActivityRatio,BAU,ECU,T5ALLTRNJET,,N2O_DE,1,2034,,,,,,0.0
EmissionActivityRatio,BAU,ECU,T5ALLTRNJET,,N2O_DE,1,2035,,,,,,0.0
EmissionActivityRatio,BAU,ECU,T5CONKER,,N2O_DE,1,2010,,,,,,6e-07
EmissionActivityRatio,BAU,ECU,T5CONKER,,N2O_DE,1,2011,,,,,,6e-07
EmissionActivityRatio,BAU,ECU,T5CONKER,,N2O_DE,1,2012,,,,,,6e-07
EmissionActivityRatio,BAU,ECU,T5CONKER,,N2O_DE,1,2013,,,,,,6e-07
EmissionActivityRatio,BAU,ECU,T5CONKER,,N2O_DE,1,2014,,,,,,6e-07
EmissionActivityRatio,BAU,ECU,T5CONKER,,N2O_DE,1,2015,,,,,,6e-07
EmissionActivityRatio,BAU,ECU,T5CONKER,,N2O_DE,1,2016,,,,,,6e-07
EmissionActivityRatio,BAU,ECU,T5CONKER,,N2O_DE,1,2017,,,,,,6e-07
EmissionActivityRatio,BAU,ECU,T5CONKER,,N2O_DE,1,2018,,,,,,6e-07
EmissionActivityRatio,BAU,ECU,T5CONKER,,N2O_DE,1,2019,,,,,,6e-07
EmissionActivityRatio,BAU,ECU,T5CONKER,,N2O_DE,1,2020,,,,,,6e-07
EmissionActivityRatio,BAU,ECU,T5CONKER,,N2O_DE,1,2021,,,,,,6e-07
EmissionActivityRatio,BAU,ECU,T5CONKER,,N2O_DE,1,2022,,,,,,6e-07
EmissionActivityRatio,BAU,ECU,T5CONKER,,N2O_DE,1,2023,,,,,,6e-07
EmissionActivityRatio,BAU,ECU,T5CONKER,,N2O_DE,1,2024,,,,,,6e-07
EmissionActivityRatio,BAU,ECU,T5CONKER,,N2O_DE,1,2025,,,,,,6e-07
EmissionActivityRatio,BAU,ECU,T5CONKER,,N2O_DE,1,2026,,,,,,6e-07
EmissionActivityRatio,BAU,ECU,T5CONKER,,N2O_DE,1,2027,,,,,,6e-07
EmissionActivityRatio,BAU,ECU,T5CONKER,,N2O_DE,1,2028,,,,,,6e-07
EmissionActivityRatio,BAU,ECU,T5CONKER,,N2O_DE,1,2029,,,,,,6e-07
EmissionActivityRatio,BAU,ECU,T5CONKER,,N2O_DE,1,2030,,,,,,6e-07
EmissionActivityRatio,BAU,ECU,T5CONKER,,N2O_DE,1,2031,,,,,,6e-07
EmissionActivityRatio,BAU,ECU,T5CONKER,,N2O_DE,1,2032,,,,,,6e-07
EmissionActivityRatio,BAU,ECU,T5CONKER,,N2O_DE,1,2033,,,,,,6e-07
EmissionActivityRatio,BAU,ECU,T5CONKER,,N2O_DE,1,2034,,,,,,6e-07
EmissionActivityRatio,BAU,ECU,T5CONKER,,N2O_DE,1,2035,,,,,,6e-07
EmissionActivityRatio,BAU,ECU,T5AGRDSL,,N2O_DE,1,2010,,,,,,6e-07
EmissionActivityRatio,BAU,ECU,T5AGRDSL,,N2O_DE,1,2011,,,,,,6e-07
EmissionActivityRatio,BAU,ECU,T5AGRDSL,,N2O_DE,1,2012,,,,,,6e-07
EmissionActivityRatio,BAU,ECU,T5AGRDSL,,N2O_DE,1,2013,,,,,,6e-07
EmissionActivityRatio,BAU,ECU,T5AGRDSL,,N2O_DE,1,2014,,,,,,6e-07
EmissionActivityRatio,BAU,ECU,T5AGRDSL,,N2O_DE,1,2015,,,,,,6e-07
EmissionActivityRatio,BAU,ECU,T5AGRDSL,,N2O_DE,1,2016,,,,,,6e-07
EmissionActivityRatio,BAU,ECU,T5AGRDSL,,N2O_DE,1,2017,,,,,,6e-07
EmissionActivityRatio,BAU,ECU,T5AGRDSL,,N2O_DE,1,2018,,,,,,6e-07
EmissionActivityRatio,BAU,ECU,T5AGRDSL,,N2O_DE,1,2019,,,,,,6e-07
EmissionActivityRatio,BAU,ECU,T5AGRDSL,,N2O_DE,1,2020,,,,,,6e-07
EmissionActivityRatio,BAU,ECU,T5AGRDSL,,N2O_DE,1,2021,,,,,,6e-07
EmissionActivityRatio,BAU,ECU,T5AGRDSL,,N2O_DE,1,2022,,,,,,6e-07
EmissionActivityRatio,BAU,ECU,T5AGRDSL,,N2O_DE,1,2023,,,,,,6e-07
EmissionActivityRatio,BAU,ECU,T5AGRDSL,,N2O_DE,1,2024,,,,,,6e-07
EmissionActivityRatio,BAU,ECU,T5AGRDSL,,N2O_DE,1,2025,,,,,,6e-07
EmissionActivityRatio,BAU,ECU,T5AGRDSL,,N2O_DE,1,2026,,,,,,6e-07
EmissionActivityRatio,BAU,ECU,T5AGRDSL,,N2O_DE,1,2027,,,,,,6e-07
EmissionActivityRatio,BAU,ECU,T5AGRDSL,,N2O_DE,1,2028,,,,,,6e-07
EmissionActivityRatio,BAU,ECU,T5AGRDSL,,N2O_DE,1,2029,,,,,,6e-07
EmissionActivityRatio,BAU,ECU,T5AGRDSL,,N2O_DE,1,2030,,,,,,6e-07
EmissionActivityRatio,BAU,ECU,T5AGRDSL,,N2O_DE,1,2031,,,,,,6e-07
EmissionActivityRatio,BAU,ECU,T5AGRDSL,,N2O_DE,1,2032,,,,,,6e-07
EmissionActivityRatio,BAU,ECU,T5AGRDSL,,N2O_DE,1,2033,,,,,,6e-07
EmissionActivityRatio,BAU,ECU,T5AGRDSL,,N2O_DE,1,2034,,,,,,6e-07
EmissionActivityRatio,BAU,ECU,T5AGRDSL,,N2O_DE,1,2035,,,,,,6e-07
EmissionActivityRatio,BAU,ECU,T5AGRLPG,,N2O_DE,1,2010,,,,,,1.0000000000000001e-07
EmissionActivityRatio,BAU,ECU,T5AGRLPG,,N2O_DE,1,2011,,,,,,1.0000000000000001e-07
EmissionActivityRatio,BAU,ECU,T5AGRLPG,,N2O_DE,1,2012,,,,,,1.0000000000000001e-07
EmissionActivityRatio,BAU,ECU,T5AGRLPG,,N2O_DE,1,2013,,,,,,1.0000000000000001e-07
EmissionActivityRatio,BAU,ECU,T5AGRLPG,,N2O_DE,1,2014,,,,,,1.0000000000000001e-07
EmissionActivityRatio,BAU,ECU,T5AGRLPG,,N2O_DE,1,2015,,,,,,1.0000000000000001e-07
EmissionActivityRatio,BAU,ECU,T5AGRLPG,,N2O_DE,1,2016,,,,,,1.0000000000000001e-07
EmissionActivityRatio,BAU,ECU,T5AGRLPG,,N2O_DE,1,2017,,,,,,1.0000000000000001e-07
EmissionActivityRatio,BAU,ECU,T5AGRLPG,,N2O_DE,1,2018,,,,,,1.0000000000000001e-07
EmissionActivityRatio,BAU,ECU,T5AGRLPG,,N2O_DE,1,2019,,,,,,1.0000000000000001e-07
EmissionActivityRatio,BAU,ECU,T5AGRLPG,,N2O_DE,1,2020,,,,,,1.0000000000000001e-07
EmissionActivityRatio,BAU,ECU,T5AGRLPG,,N2O_DE,1,2021,,,,,,1.0000000000000001e-07
EmissionActivityRatio,BAU,ECU,T5AGRLPG,,N2O_DE,1,2022,,,,,,1.0000000000000001e-07
EmissionActivityRatio,BAU,ECU,T5AGRLPG,,N2O_DE,1,2023,,,,,,1.0000000000000001e-07
EmissionActivityRatio,BAU,ECU,T5AGRLPG,,N2O_DE,1,2024,,,,,,1.0000000000000001e-07
EmissionActivityRatio,BAU,ECU,T5AGRLPG,,N2O_DE,1,2025,,,,,,1.0000000000000001e-07
EmissionActivityRatio,BAU,ECU,T5AGRLPG,,N2O_DE,1,2026,,,,,,1.0000000000000001e-07
EmissionActivityRatio,BAU,ECU,T5AGRLPG,,N2O_DE,1,2027,,,,,,1.0000000000000001e-07
EmissionActivityRatio,BAU,ECU,T5AGRLPG,,N2O_DE,1,2028,,,,,,1.0000000000000001e-07
EmissionActivityRatio,BAU,ECU,T5AGRLPG,,N2O_DE,1,2029,,,,,,1.0000000000000001e-07
EmissionActivityRatio,BAU,ECU,T5AGRLPG,,N2O_DE,1,2030,,,,,,1.0000000000000001e-07
EmissionActivityRatio,BAU,ECU,T5AGRLPG,,N2O_DE,1,2031,,,,,,1.0000000000000001e-07
EmissionActivityRatio,BAU,ECU,T5AGRLPG,,N2O_DE,1,2032,,,,,,1.0000000000000001e-07
EmissionActivityRatio,BAU,ECU,T5AGRLPG,,N2O_DE,1,2033,,,,,,1.0000000000000001e-07
EmissionActivityRatio,BAU,ECU,T5AGRLPG,,N2O_DE,1,2034,,,,,,1.0000000000000001e-07
EmissionActivityRatio,BAU,ECU,T5AGRLPG,,N2O_DE,1,2035,,,,,,1.0000000000000001e-07
EmissionActivityRatio,BAU,ECU,T5AGRGSL,,N2O_DE,1,2010,,,,,,6e-07
EmissionActivityRatio,BAU,ECU,T5AGRGSL,,N2O_DE,1,2011,,,,,,6e-07
EmissionActivityRatio,BAU,ECU,T5AGRGSL,,N2O_DE,1,2012,,,,,,6e-07
EmissionActivityRatio,BAU,ECU,T5AGRGSL,,N2O_DE,1,2013,,,,,,6e-07
EmissionActivityRatio,BAU,ECU,T5AGRGSL,,N2O_DE,1,2014,,,,,,6e-07
EmissionActivityRatio,BAU,ECU,T5AGRGSL,,N2O_DE,1,2015,,,,,,6e-07
EmissionActivityRatio,BAU,ECU,T5AGRGSL,,N2O_DE,1,2016,,,,,,6e-07
EmissionActivityRatio,BAU,ECU,T5AGRGSL,,N2O_DE,1,2017,,,,,,6e-07
EmissionActivityRatio,BAU,ECU,T5AGRGSL,,N2O_DE,1,2018,,,,,,6e-07
EmissionActivityRatio,BAU,ECU,T5AGRGSL,,N2O_DE,1,2019,,,,,,6e-07
EmissionActivityRatio,BAU,ECU,T5AGRGSL,,N2O_DE,1,2020,,,,,,6e-07
EmissionActivityRatio,BAU,ECU,T5AGRGSL,,N2O_DE,1,2021,,,,,,6e-07
EmissionActivityRatio,BAU,ECU,T5AGRGSL,,N2O_DE,1,2022,,,,,,6e-07
EmissionActivityRatio,BAU,ECU,T5AGRGSL,,N2O_DE,1,2023,,,,,,6e-07
EmissionActivityRatio,BAU,ECU,T5AGRGSL,,N2O_DE,1,2024,,,,,,6e-07
EmissionActivityRatio,BAU,ECU,T5AGRGSL,,N2O_DE,1,2025,,,,,,6e-07
EmissionActivityRatio,BAU,ECU,T5AGRGSL,,N2O_DE,1,2026,,,,,,6e-07
EmissionActivityRatio,BAU,ECU,T5AGRGSL,,N2O_DE,1,2027,,,,,,6e-07
EmissionActivityRatio,BAU,ECU,T5AGRGSL,,N2O_DE,1,2028,,,,,,6e-07
EmissionActivityRatio,BAU,ECU,T5AGRGSL,,N2O_DE,1,2029,,,,,,6e-07
EmissionActivityRatio,BAU,ECU,T5AGRGSL,,N2O_DE,1,2030,,,,,,6e-07
EmissionActivityRatio,BAU,ECU,T5AGRGSL,,N2O_DE,1,2031,,,,,,6e-07
EmissionActivityRatio,BAU,ECU,T5AGRGSL,,N2O_DE,1,2032,,,,,,6e-07
EmissionActivityRatio,BAU,ECU,T5AGRGSL,,N2O_DE,1,2033,,,,,,6e-07
EmissionActivityRatio,BAU,ECU,T5AGRGSL,,N2O_DE,1,2034,,,,,,6e-07
EmissionActivityRatio,BAU,ECU,T5AGRGSL,,N2O_DE,1,2035,,,,,,6e-07
EmissionActivityRatio,BAU,ECU,T5AGROTP,,N2O_DE,1,2010,,,,,,0.0
EmissionActivityRatio,BAU,ECU,T5AGROTP,,N2O_DE,1,2011,,,,,,0.0
EmissionActivityRatio,BAU,ECU,T5AGROTP,,N2O_DE,1,2012,,,,,,0.0
EmissionActivityRatio,BAU,ECU,T5AGROTP,,N2O_DE,1,2013,,,,,,0.0
EmissionActivityRatio,BAU,ECU,T5AGROTP,,N2O_DE,1,2014,,,,,,0.0
EmissionActivityRatio,BAU,ECU,T5AGROTP,,N2O_DE,1,2015,,,,,,0.0
EmissionActivityRatio,BAU,ECU,T5AGROTP,,N2O_DE,1,2016,,,,,,0.0
EmissionActivityRatio,BAU,ECU,T5AGROTP,,N2O_DE,1,2017,,,,,,0.0
EmissionActivityRatio,BAU,ECU,T5AGROTP,,N2O_DE,1,2018,,,,,,0.0
EmissionActivityRatio,BAU,ECU,T5AGROTP,,N2O_DE,1,2019,,,,,,0.0
EmissionActivityRatio,BAU,ECU,T5AGROTP,,N2O_DE,1,2020,,,,,,0.0
EmissionActivityRatio,BAU,ECU,T5AGROTP,,N2O_DE,1,2021,,,,,,0.0
EmissionActivityRatio,BAU,ECU,T5AGROTP,,N2O_DE,1,2022,,,,,,0.0
EmissionActivityRatio,BAU,ECU,T5AGROTP,,N2O_DE,1,2023,,,,,,0.0
EmissionActivityRatio,BAU,ECU,T5AGROTP,,N2O_DE,1,2024,,,,,,0.0
EmissionActivityRatio,BAU,ECU,T5AGROTP,,N2O_DE,1,2025,,,,,,0.0
EmissionActivityRatio,BAU,ECU,T5AGROTP,,N2O_DE,1,2026,,,,,,0.0
EmissionActivityRatio,BAU,ECU,T5AGROTP,,N2O_DE,1,2027,,,,,,0.0
EmissionActivityRatio,BAU,ECU,T5AGROTP,,N2O_DE,1,2028,,,,,,0.0
EmissionActivityRatio,BAU,ECU,T5AGROTP,,N2O_DE,1,2029,,,,,,0.0
EmissionActivityRatio,BAU,ECU,T5AGROTP,,N2O_DE,1,2030,,,,,,0.0
EmissionActivityRatio,BAU,ECU,T5AGROTP,,N2O_DE,1,2031,,,,,,0.0
EmissionActivityRatio,BAU,ECU,T5AGROTP,,N2O_DE,1,2032,,,,,,0.0
EmissionActivityRatio,BAU,ECU,T5AGROTP,,N2O_DE,1,2033,,,,,,0.0
EmissionActivityRatio,BAU,ECU,T5AGROTP,,N2O_DE,1,2034,,,,,,0.0
EmissionActivityRatio,BAU,ECU,T5AGROTP,,N2O_DE,1,2035,,,,,,0.0
EmissionActivityRatio,BAU,ECU,T5VEGWAS,,N2O_DE,1,2010,,,,,,4e-06
EmissionActivityRatio,BAU,ECU,T5VEGWAS,,N2O_DE,1,2011,,,,,,4e-06
EmissionActivityRatio,BAU,ECU,T5VEGWAS,,N2O_DE,1,2012,,,,,,4e-06
EmissionActivityRatio,BAU,ECU,T5VEGWAS,,N2O_DE,1,2013,,,,,,4e-06
EmissionActivityRatio,BAU,ECU,T5VEGWAS,,N2O_DE,1,2014,,,,,,4e-06
EmissionActivityRatio,BAU,ECU,T5VEGWAS,,N2O_DE,1,2015,,,,,,4e-06
EmissionActivityRatio,BAU,ECU,T5VEGWAS,,N2O_DE,1,2016,,,,,,4e-06
EmissionActivityRatio,BAU,ECU,T5VEGWAS,,N2O_DE,1,2017,,,,,,4e-06
EmissionActivityRatio,BAU,ECU,T5VEGWAS,,N2O_DE,1,2018,,,,,,4e-06
EmissionActivityRatio,BAU,ECU,T5VEGWAS,,N2O_DE,1,2019,,,,,,4e-06
EmissionActivityRatio,BAU,ECU,T5VEGWAS,,N2O_DE,1,2020,,,,,,4e-06
EmissionActivityRatio,BAU,ECU,T5VEGWAS,,N2O_DE,1,2021,,,,,,4e-06
EmissionActivityRatio,BAU,ECU,T5VEGWAS,,N2O_DE,1,2022,,,,,,4e-06
EmissionActivityRatio,BAU,ECU,T5VEGWAS,,N2O_DE,1,2023,,,,,,4e-06
EmissionActivityRatio,BAU,ECU,T5VEGWAS,,N2O_DE,1,2024,,,,,,4e-06
EmissionActivityRatio,BAU,ECU,T5VEGWAS,,N2O_DE,1,2025,,,,,,4e-06
EmissionActivityRatio,BAU,ECU,T5VEGWAS,,N2O_DE,1,2026,,,,,,4e-06
EmissionActivityRatio,BAU,ECU,T5VEGWAS,,N2O_DE,1,2027,,,,,,4e-06
EmissionActivityRatio,BAU,ECU,T5VEGWAS,,N2O_DE,1,2028,,,,,,4e-06
EmissionActivityRatio,BAU,ECU,T5VEGWAS,,N2O_DE,1,2029,,,,,,4e-06
EmissionActivityRatio,BAU,ECU,T5VEGWAS,,N2O_DE,1,2030,,,,,,4e-06
EmissionActivityRatio,BAU,ECU,T5VEGWAS,,N2O_DE,1,2031,,,,,,4e-06
EmissionActivityRatio,BAU,ECU,T5VEGWAS,,N2O_DE,1,2032,,,,,,4e-06
EmissionActivityRatio,BAU,ECU,T5VEGWAS,,N2O_DE,1,2033,,,,,,4e-06
EmissionActivityRatio,BAU,ECU,T5VEGWAS,,N2O_DE,1,2034,,,,,,4e-06
EmissionActivityRatio,BAU,ECU,T5VEGWAS,,N2O_DE,1,2035,,,,,,4e-06
