PARAMETER,Scenario,REGION,TECHNOLOGY,FUEL,EMISSION,MODE_OF_OPERATION,YEAR,TIMESLICE,SEASON,DAYTYPE,DAILYTIMEBRACKET,STORAGE,Value
CapitalCost,BAU,RD,IMP_ELE,,,,2018,,,,,,1642.8571
CapitalCost,BAU,RD,IMP_ELE,,,,2019,,,,,,1642.8571
CapitalCost,BAU,RD,IMP_ELE,,,,2020,,,,,,1642.8571
CapitalCost,BAU,RD,IMP_ELE,,,,2021,,,,,,1642.8571
CapitalCost,BAU,RD,IMP_ELE,,,,2022,,,,,,1642.8571
CapitalCost,BAU,RD,IMP_ELE,,,,2023,,,,,,1642.8571
CapitalCost,BAU,RD,IMP_ELE,,,,2024,,,,,,1642.8571
CapitalCost,BAU,RD,IMP_ELE,,,,2025,,,,,,1642.8571
CapitalCost,BAU,RD,IMP_ELE,,,,2026,,,,,,1642.8571
CapitalCost,BAU,RD,IMP_ELE,,,,2027,,,,,,1642.8571
CapitalCost,BAU,RD,IMP_ELE,,,,2028,,,,,,1642.8571
CapitalCost,BAU,RD,IMP_ELE,,,,2029,,,,,,1642.8571
CapitalCost,BAU,RD,IMP_ELE,,,,2030,,,,,,1642.8571
CapitalCost,BAU,RD,IMP_ELE,,,,2031,,,,,,1642.8571
CapitalCost,BAU,RD,IMP_ELE,,,,2032,,,,,,1642.8571
CapitalCost,BAU,RD,IMP_ELE,,,,2033,,,,,,1642.8571
CapitalCost,BAU,RD,IMP_ELE,,,,2034,,,,,,1642.8571
CapitalCost,BAU,RD,IMP_ELE,,,,2035,,,,,,1642.8571
CapitalCost,BAU,RD,IMP_ELE,,,,2036,,,,,,1642.8571
CapitalCost,BAU,RD,IMP_ELE,,,,2037,,,,,,1642.8571
CapitalCost,BAU,RD,IMP_ELE,,,,2038,,,,,,1642.8571
CapitalCost,BAU,RD,IMP_ELE,,,,2039,,,,,,1642.8571
CapitalCost,BAU,RD,IMP_ELE,,,,2040,,,,,,1642.8571
CapitalCost,BAU,RD,IMP_ELE,,,,2041,,,,,,1642.8571
CapitalCost,BAU,RD,IMP_ELE,,,,2042,,,,,,1642.8571
CapitalCost,BAU,RD,IMP_ELE,,,,2043,,,,,,1642.8571
CapitalCost,BAU,RD,IMP_ELE,,,,2044,,,,,,1642.8571
CapitalCost,BAU,RD,IMP_ELE,,,,2045,,,,,,1642.8571
CapitalCost,BAU,RD,IMP_ELE,,,,2046,,,,,,1642.8571
CapitalCost,BAU,RD,IMP_ELE,,,,2047,,,,,,1642.8571
CapitalCost,BAU,RD,IMP_ELE,,,,2048,,,,,,1642.8571
CapitalCost,BAU,RD,IMP_ELE,,,,2049,,,,,,1642.8571
CapitalCost,BAU,RD,IMP_ELE,,,,2050,,,,,,1642.8571
CapitalCost,BAU,RD,PPHDAM,,,,2018,,,,,,3007.7097
CapitalCost,BAU,RD,PPHDAM,,,,2019,,,,,,3007.7097
CapitalCost,BAU,RD,PPHDAM,,,,2020,,,,,,3007.7097
CapitalCost,BAU,RD,PPHDAM,,,,2021,,,,,,3007.7097
CapitalCost,BAU,RD,PPHDAM,,,,2022,,,,,,3007.7097
CapitalCost,BAU,RD,PPHDAM,,,,2023,,,,,,3007.7097
CapitalCost,BAU,RD,PPHDAM,,,,2024,,,,,,3007.7097
CapitalCost,BAU,RD,PPHDAM,,,,2025,,,,,,3007.7097
CapitalCost,BAU,RD,PPHDAM,,,,2026,,,,,,3007.7097
CapitalCost,BAU,RD,PPHDAM,,,,2027,,,,,,3007.7097
CapitalCost,BAU,RD,PPHDAM,,,,2028,,,,,,3007.7097
CapitalCost,BAU,RD,PPHDAM,,,,2029,,,,,,3007.7097
CapitalCost,BAU,RD,PPHDAM,,,,2030,,,,,,3007.7097
CapitalCost,BAU,RD,PPHDAM,,,,2031,,,,,,3007.7097
CapitalCost,BAU,RD,PPHDAM,,,,2032,,,,,,3007.7097
CapitalCost,BAU,RD,PPHDAM,,,,2033,,,,,,3007.7097
CapitalCost,BAU,RD,PPHDAM,,,,2034,,,,,,3007.7097
CapitalCost,BAU,RD,PPHDAM,,,,2035,,,,,,3007.7097
CapitalCost,BAU,RD,PPHDAM,,,,2036,,,,,,3007.7097
CapitalCost,BAU,RD,PPHDAM,,,,2037,,,,,,3007.7097
CapitalCost,BAU,RD,PPHDAM,,,,2038,,,,,,3007.7097
CapitalCost,BAU,RD,PPHDAM,,,,2039,,,,,,3007.7097
CapitalCost,BAU,RD,PPHDAM,,,,2040,,,,,,2887.188
CapitalCost,BAU,RD,PPHDAM,,,,2041,,,,,,2887.188
CapitalCost,BAU,RD,PPHDAM,,,,2042,,,,,,2887.188
CapitalCost,BAU,RD,PPHDAM,,,,2043,,,,,,2887.188
CapitalCost,BAU,RD,PPHDAM,,,,2044,,,,,,2887.188
CapitalCost,BAU,RD,PPHDAM,,,,2045,,,,,,2887.188
CapitalCost,BAU,RD,PPHDAM,,,,2046,,,,,,2887.188
CapitalCost,BAU,RD,PPHDAM,,,,2047,,,,,,2887.188
CapitalCost,BAU,RD,PPHDAM,,,,2048,,,,,,2887.188
CapitalCost,BAU,RD,PPHDAM,,,,2049,,,,,,2887.188
CapitalCost,BAU,RD,PPHDAM,,,,2050,,,,,,2887.188
CapitalCost,BAU,RD,PPHROR,,,,2018,,,,,,8461.0499
CapitalCost,BAU,RD,PPHROR,,,,2019,,,,,,8461.0499
CapitalCost,BAU,RD,PPHROR,,,,2020,,,,,,8461.0499
CapitalCost,BAU,RD,PPHROR,,,,2021,,,,,,8461.0499
CapitalCost,BAU,RD,PPHROR,,,,2022,,,,,,8461.0499
CapitalCost,BAU,RD,PPHROR,,,,2023,,,,,,8461.0499
CapitalCost,BAU,RD,PPHROR,,,,2024,,,,,,8461.0499
CapitalCost,BAU,RD,PPHROR,,,,2025,,,,,,8461.0499
CapitalCost,BAU,RD,PPHROR,,,,2026,,,,,,8461.0499
CapitalCost,BAU,RD,PPHROR,,,,2027,,,,,,8461.0499
CapitalCost,BAU,RD,PPHROR,,,,2028,,,,,,8461.0499
CapitalCost,BAU,RD,PPHROR,,,,2029,,,,,,8461.0499
CapitalCost,BAU,RD,PPHROR,,,,2030,,,,,,8461.0499
CapitalCost,BAU,RD,PPHROR,,,,2031,,,,,,8461.0499
CapitalCost,BAU,RD,PPHROR,,,,2032,,,,,,8461.0499
CapitalCost,BAU,RD,PPHROR,,,,2033,,,,,,8461.0499
CapitalCost,BAU,RD,PPHROR,,,,2034,,,,,,8461.0499
CapitalCost,BAU,RD,PPHROR,,,,2035,,,,,,8461.0499
CapitalCost,BAU,RD,PPHROR,,,,2036,,,,,,8461.0499
CapitalCost,BAU,RD,PPHROR,,,,2037,,,,,,8461.0499
CapitalCost,BAU,RD,PPHROR,,,,2038,,,,,,8461.0499
CapitalCost,BAU,RD,PPHROR,,,,2039,,,,,,8461.0499
CapitalCost,BAU,RD,PPHROR,,,,2040,,,,,,8461.0499
CapitalCost,BAU,RD,PPHROR,,,,2041,,,,,,8461.0499
CapitalCost,BAU,RD,PPHROR,,,,2042,,,,,,8461.0499
CapitalCost,BAU,RD,PPHROR,,,,2043,,,,,,8461.0499
CapitalCost,BAU,RD,PPHROR,,,,2044,,,,,,8461.0499
CapitalCost,BAU,RD,PPHROR,,,,2045,,,,,,8461.0499
CapitalCost,BAU,RD,PPHROR,,,,2046,,,,,,8461.0499
CapitalCost,BAU,RD,PPHROR,,,,2047,,,,,,8461.0499
CapitalCost,BAU,RD,PPHROR,,,,2048,,,,,,8461.0499
CapitalCost,BAU,RD,PPHROR,,,,2049,,,,,,8461.0499
CapitalCost,BAU,RD,PPHROR,,,,2050,,,,,,8461.0499
CapitalCost,BAU,RD,PPGEO,,,,2018,,,,,,4000.0
CapitalCost,BAU,RD,PPGEO,,,,2019,,,,,,4000.0
CapitalCost,BAU,RD,PPGEO,,,,2020,,,,,,4000.0
CapitalCost,BAU,RD,PPGEO,,,,2021,,,,,,4000.0
CapitalCost,BAU,RD,PPGEO,,,,2022,,,,,,4000.0
CapitalCost,BAU,RD,PPGEO,,,,2023,,,,,,4000.0
CapitalCost,BAU,RD,PPGEO,,,,2024,,,,,,4000.0
CapitalCost,BAU,RD,PPGEO,,,,2025,,,,,,4000.0
CapitalCost,BAU,RD,PPGEO,,,,2026,,,,,,4000.0
CapitalCost,BAU,RD,PPGEO,,,,2027,,,,,,4000.0
CapitalCost,BAU,RD,PPGEO,,,,2028,,,,,,4000.0
CapitalCost,BAU,RD,PPGEO,,,,2029,,,,,,4000.0
CapitalCost,BAU,RD,PPGEO,,,,2030,,,,,,4000.0
CapitalCost,BAU,RD,PPGEO,,,,2031,,,,,,4000.0
CapitalCost,BAU,RD,PPGEO,,,,2032,,,,,,4000.0
CapitalCost,BAU,RD,PPGEO,,,,2033,,,,,,4000.0
CapitalCost,BAU,RD,PPGEO,,,,2034,,,,,,4000.0
CapitalCost,BAU,RD,PPGEO,,,,2035,,,,,,4000.0
CapitalCost,BAU,RD,PPGEO,,,,2036,,,,,,4000.0
CapitalCost,BAU,RD,PPGEO,,,,2037,,,,,,4000.0
CapitalCost,BAU,RD,PPGEO,,,,2038,,,,,,4000.0
CapitalCost,BAU,RD,PPGEO,,,,2039,,,,,,4000.0
CapitalCost,BAU,RD,PPGEO,,,,2040,,,,,,4000.0
CapitalCost,BAU,RD,PPGEO,,,,2041,,,,,,4000.0
CapitalCost,BAU,RD,PPGEO,,,,2042,,,,,,4000.0
CapitalCost,BAU,RD,PPGEO,,,,2043,,,,,,4000.0
CapitalCost,BAU,RD,PPGEO,,,,2044,,,,,,4000.0
CapitalCost,BAU,RD,PPGEO,,,,2045,,,,,,4000.0
CapitalCost,BAU,RD,PPGEO,,,,2046,,,,,,4000.0
CapitalCost,BAU,RD,PPGEO,,,,2047,,,,,,4000.0
CapitalCost,BAU,RD,PPGEO,,,,2048,,,,,,4000.0
CapitalCost,BAU,RD,PPGEO,,,,2049,,,,,,4000.0
CapitalCost,BAU,RD,PPGEO,,,,2050,,,,,,4000.0
CapitalCost,BAU,RD,PPWNDON,,,,2018,,,,,,1749.26
CapitalCost,BAU,RD,PPWNDON,,,,2019,,,,,,1749.26
CapitalCost,BAU,RD,PPWNDON,,,,2020,,,,,,1688.0
CapitalCost,BAU,RD,PPWNDON,,,,2021,,,,,,1626.74
CapitalCost,BAU,RD,PPWNDON,,,,2022,,,,,,1565.48
CapitalCost,BAU,RD,PPWNDON,,,,2023,,,,,,1504.22
CapitalCost,BAU,RD,PPWNDON,,,,2024,,,,,,1442.96
CapitalCost,BAU,RD,PPWNDON,,,,2025,,,,,,3279.96
CapitalCost,BAU,RD,PPWNDON,,,,2026,,,,,,3149.7
CapitalCost,BAU,RD,PPWNDON,,,,2027,,,,,,3019.44
CapitalCost,BAU,RD,PPWNDON,,,,2028,,,,,,2889.18
CapitalCost,BAU,RD,PPWNDON,,,,2029,,,,,,2759.92
CapitalCost,BAU,RD,PPWNDON,,,,2030,,,,,,2629.6601
CapitalCost,BAU,RD,PPWNDON,,,,2031,,,,,,2608.2935
CapitalCost,BAU,RD,PPWNDON,,,,2032,,,,,,2585.9269
CapitalCost,BAU,RD,PPWNDON,,,,2033,,,,,,2564.5602
CapitalCost,BAU,RD,PPWNDON,,,,2034,,,,,,2543.1936
CapitalCost,BAU,RD,PPWNDON,,,,2035,,,,,,2521.827
CapitalCost,BAU,RD,PPWNDON,,,,2036,,,,,,2500.4604
CapitalCost,BAU,RD,PPWNDON,,,,2037,,,,,,2478.0938
CapitalCost,BAU,RD,PPWNDON,,,,2038,,,,,,2456.7272
CapitalCost,BAU,RD,PPWNDON,,,,2039,,,,,,2435.3606
CapitalCost,BAU,RD,PPWNDON,,,,2040,,,,,,2413.994
CapitalCost,BAU,RD,PPWNDON,,,,2041,,,,,,2391.6274
CapitalCost,BAU,RD,PPWNDON,,,,2042,,,,,,2370.2608
CapitalCost,BAU,RD,PPWNDON,,,,2043,,,,,,2348.8942
CapitalCost,BAU,RD,PPWNDON,,,,2044,,,,,,2327.5276
CapitalCost,BAU,RD,PPWNDON,,,,2045,,,,,,2306.161
CapitalCost,BAU,RD,PPWNDON,,,,2046,,,,,,2283.7944
CapitalCost,BAU,RD,PPWNDON,,,,2047,,,,,,2262.4278
CapitalCost,BAU,RD,PPWNDON,,,,2048,,,,,,2241.0612
CapitalCost,BAU,RD,PPWNDON,,,,2049,,,,,,2219.6946
CapitalCost,BAU,RD,PPWNDON,,,,2050,,,,,,2197.328
CapitalCost,BAU,RD,PPPVT,,,,2018,,,,,,1170.4607
CapitalCost,BAU,RD,PPPVT,,,,2019,,,,,,1170.4607
CapitalCost,BAU,RD,PPPVT,,,,2020,,,,,,1023.5
CapitalCost,BAU,RD,PPPVT,,,,2021,,,,,,983.0834
CapitalCost,BAU,RD,PPPVT,,,,2022,,,,,,942.6668
CapitalCost,BAU,RD,PPPVT,,,,2023,,,,,,902.2501
CapitalCost,BAU,RD,PPPVT,,,,2024,,,,,,861.8335
CapitalCost,BAU,RD,PPPVT,,,,2025,,,,,,2698.8335
CapitalCost,BAU,RD,PPPVT,,,,2026,,,,,,2589.4169
CapitalCost,BAU,RD,PPPVT,,,,2027,,,,,,2480.0003
CapitalCost,BAU,RD,PPPVT,,,,2028,,,,,,2370.5836
CapitalCost,BAU,RD,PPPVT,,,,2029,,,,,,2262.167
CapitalCost,BAU,RD,PPPVT,,,,2030,,,,,,2152.7504
CapitalCost,BAU,RD,PPPVT,,,,2031,,,,,,2136.8714
CapitalCost,BAU,RD,PPPVT,,,,2032,,,,,,2119.9925
CapitalCost,BAU,RD,PPPVT,,,,2033,,,,,,2104.1136
CapitalCost,BAU,RD,PPPVT,,,,2034,,,,,,2088.2346
CapitalCost,BAU,RD,PPPVT,,,,2035,,,,,,2072.3557
CapitalCost,BAU,RD,PPPVT,,,,2036,,,,,,2056.4767
CapitalCost,BAU,RD,PPPVT,,,,2037,,,,,,2039.5978
CapitalCost,BAU,RD,PPPVT,,,,2038,,,,,,2023.7189
CapitalCost,BAU,RD,PPPVT,,,,2039,,,,,,2007.8399
CapitalCost,BAU,RD,PPPVT,,,,2040,,,,,,1991.961
CapitalCost,BAU,RD,PPPVT,,,,2041,,,,,,1975.082
CapitalCost,BAU,RD,PPPVT,,,,2042,,,,,,1959.2031
CapitalCost,BAU,RD,PPPVT,,,,2043,,,,,,1943.3242
CapitalCost,BAU,RD,PPPVT,,,,2044,,,,,,1927.4452
CapitalCost,BAU,RD,PPPVT,,,,2045,,,,,,1911.5663
CapitalCost,BAU,RD,PPPVT,,,,2046,,,,,,1894.6873
CapitalCost,BAU,RD,PPPVT,,,,2047,,,,,,1878.8084
CapitalCost,BAU,RD,PPPVT,,,,2048,,,,,,1862.9295
CapitalCost,BAU,RD,PPPVT,,,,2049,,,,,,1847.0505
CapitalCost,BAU,RD,PPPVT,,,,2050,,,,,,1830.1716
CapitalCost,BAU,RD,PPPVTHYD,,,,2018,,,,,,1170.4607
CapitalCost,BAU,RD,PPPVTHYD,,,,2019,,,,,,1170.4607
CapitalCost,BAU,RD,PPPVTHYD,,,,2020,,,,,,1023.5
CapitalCost,BAU,RD,PPPVTHYD,,,,2021,,,,,,983.0834
CapitalCost,BAU,RD,PPPVTHYD,,,,2022,,,,,,942.6668
CapitalCost,BAU,RD,PPPVTHYD,,,,2023,,,,,,902.2501
CapitalCost,BAU,RD,PPPVTHYD,,,,2024,,,,,,861.8335
CapitalCost,BAU,RD,PPPVTHYD,,,,2025,,,,,,2698.8335
CapitalCost,BAU,RD,PPPVTHYD,,,,2026,,,,,,2589.4169
CapitalCost,BAU,RD,PPPVTHYD,,,,2027,,,,,,2480.0003
CapitalCost,BAU,RD,PPPVTHYD,,,,2028,,,,,,2370.5836
CapitalCost,BAU,RD,PPPVTHYD,,,,2029,,,,,,2262.167
CapitalCost,BAU,RD,PPPVTHYD,,,,2030,,,,,,2152.7504
CapitalCost,BAU,RD,PPPVTHYD,,,,2031,,,,,,2136.8714
CapitalCost,BAU,RD,PPPVTHYD,,,,2032,,,,,,2119.9925
CapitalCost,BAU,RD,PPPVTHYD,,,,2033,,,,,,2104.1136
CapitalCost,BAU,RD,PPPVTHYD,,,,2034,,,,,,2088.2346
CapitalCost,BAU,RD,PPPVTHYD,,,,2035,,,,,,2072.3557
CapitalCost,BAU,RD,PPPVTHYD,,,,2036,,,,,,2056.4767
CapitalCost,BAU,RD,PPPVTHYD,,,,2037,,,,,,2039.5978
CapitalCost,BAU,RD,PPPVTHYD,,,,2038,,,,,,2023.7189
CapitalCost,BAU,RD,PPPVTHYD,,,,2039,,,,,,2007.8399
CapitalCost,BAU,RD,PPPVTHYD,,,,2040,,,,,,1991.961
CapitalCost,BAU,RD,PPPVTHYD,,,,2041,,,,,,1975.082
CapitalCost,BAU,RD,PPPVTHYD,,,,2042,,,,,,1959.2031
CapitalCost,BAU,RD,PPPVTHYD,,,,2043,,,,,,1943.3242
CapitalCost,BAU,RD,PPPVTHYD,,,,2044,,,,,,1927.4452
CapitalCost,BAU,RD,PPPVTHYD,,,,2045,,,,,,1911.5663
CapitalCost,BAU,RD,PPPVTHYD,,,,2046,,,,,,1894.6873
CapitalCost,BAU,RD,PPPVTHYD,,,,2047,,,,,,1878.8084
CapitalCost,BAU,RD,PPPVTHYD,,,,2048,,,,,,1862.9295
CapitalCost,BAU,RD,PPPVTHYD,,,,2049,,,,,,1847.0505
CapitalCost,BAU,RD,PPPVTHYD,,,,2050,,,,,,1830.1716
CapitalCost,BAU,RD,PPPVTS,,,,2018,,,,,,1170.4607
CapitalCost,BAU,RD,PPPVTS,,,,2019,,,,,,1170.4607
CapitalCost,BAU,RD,PPPVTS,,,,2020,,,,,,1023.5
CapitalCost,BAU,RD,PPPVTS,,,,2021,,,,,,983.0834
CapitalCost,BAU,RD,PPPVTS,,,,2022,,,,,,942.6668
CapitalCost,BAU,RD,PPPVTS,,,,2023,,,,,,902.2501
CapitalCost,BAU,RD,PPPVTS,,,,2024,,,,,,861.8335
CapitalCost,BAU,RD,PPPVTS,,,,2025,,,,,,2698.8335
CapitalCost,BAU,RD,PPPVTS,,,,2026,,,,,,2589.4169
CapitalCost,BAU,RD,PPPVTS,,,,2027,,,,,,2480.0003
CapitalCost,BAU,RD,PPPVTS,,,,2028,,,,,,2370.5836
CapitalCost,BAU,RD,PPPVTS,,,,2029,,,,,,2262.167
CapitalCost,BAU,RD,PPPVTS,,,,2030,,,,,,2152.7504
CapitalCost,BAU,RD,PPPVTS,,,,2031,,,,,,2136.8714
CapitalCost,BAU,RD,PPPVTS,,,,2032,,,,,,2119.9925
CapitalCost,BAU,RD,PPPVTS,,,,2033,,,,,,2104.1136
CapitalCost,BAU,RD,PPPVTS,,,,2034,,,,,,2088.2346
CapitalCost,BAU,RD,PPPVTS,,,,2035,,,,,,2072.3557
CapitalCost,BAU,RD,PPPVTS,,,,2036,,,,,,2056.4767
CapitalCost,BAU,RD,PPPVTS,,,,2037,,,,,,2039.5978
CapitalCost,BAU,RD,PPPVTS,,,,2038,,,,,,2023.7189
CapitalCost,BAU,RD,PPPVTS,,,,2039,,,,,,2007.8399
CapitalCost,BAU,RD,PPPVTS,,,,2040,,,,,,1991.961
CapitalCost,BAU,RD,PPPVTS,,,,2041,,,,,,1975.082
CapitalCost,BAU,RD,PPPVTS,,,,2042,,,,,,1959.2031
CapitalCost,BAU,RD,PPPVTS,,,,2043,,,,,,1943.3242
CapitalCost,BAU,RD,PPPVTS,,,,2044,,,,,,1927.4452
CapitalCost,BAU,RD,PPPVTS,,,,2045,,,,,,1911.5663
CapitalCost,BAU,RD,PPPVTS,,,,2046,,,,,,1894.6873
CapitalCost,BAU,RD,PPPVTS,,,,2047,,,,,,1878.8084
CapitalCost,BAU,RD,PPPVTS,,,,2048,,,,,,1862.9295
CapitalCost,BAU,RD,PPPVTS,,,,2049,,,,,,1847.0505
CapitalCost,BAU,RD,PPPVTS,,,,2050,,,,,,1830.1716
CapitalCost,BAU,RD,PPPVD,,,,2018,,,,,,1753.7986
CapitalCost,BAU,RD,PPPVD,,,,2019,,,,,,1753.7986
CapitalCost,BAU,RD,PPPVD,,,,2020,,,,,,1753.7986
CapitalCost,BAU,RD,PPPVD,,,,2021,,,,,,1753.7986
CapitalCost,BAU,RD,PPPVD,,,,2022,,,,,,1906.3028
CapitalCost,BAU,RD,PPPVD,,,,2023,,,,,,1847.9595
CapitalCost,BAU,RD,PPPVD,,,,2024,,,,,,1789.6163
CapitalCost,BAU,RD,PPPVD,,,,2025,,,,,,1731.273
CapitalCost,BAU,RD,PPPVD,,,,2026,,,,,,1672.9297
CapitalCost,BAU,RD,PPPVD,,,,2027,,,,,,1614.5865
CapitalCost,BAU,RD,PPPVD,,,,2028,,,,,,1556.2432
CapitalCost,BAU,RD,PPPVD,,,,2029,,,,,,1497.8999
CapitalCost,BAU,RD,PPPVD,,,,2030,,,,,,1439.5566
CapitalCost,BAU,RD,PPPVD,,,,2031,,,,,,1381.2134
CapitalCost,BAU,RD,PPPVD,,,,2032,,,,,,1322.8701
CapitalCost,BAU,RD,PPPVD,,,,2033,,,,,,1264.5268
CapitalCost,BAU,RD,PPPVD,,,,2034,,,,,,1206.1836
CapitalCost,BAU,RD,PPPVD,,,,2035,,,,,,1147.8403
CapitalCost,BAU,RD,PPPVD,,,,2036,,,,,,1128.6906
CapitalCost,BAU,RD,PPPVD,,,,2037,,,,,,1109.541
CapitalCost,BAU,RD,PPPVD,,,,2038,,,,,,1090.3913
CapitalCost,BAU,RD,PPPVD,,,,2039,,,,,,1071.2417
CapitalCost,BAU,RD,PPPVD,,,,2040,,,,,,1052.092
CapitalCost,BAU,RD,PPPVD,,,,2041,,,,,,1032.9424
CapitalCost,BAU,RD,PPPVD,,,,2042,,,,,,1013.7927
CapitalCost,BAU,RD,PPPVD,,,,2043,,,,,,994.6431
CapitalCost,BAU,RD,PPPVD,,,,2044,,,,,,975.4934
CapitalCost,BAU,RD,PPPVD,,,,2045,,,,,,956.3438
CapitalCost,BAU,RD,PPPVD,,,,2046,,,,,,937.1941
CapitalCost,BAU,RD,PPPVD,,,,2047,,,,,,918.0445
CapitalCost,BAU,RD,PPPVD,,,,2048,,,,,,898.8948
CapitalCost,BAU,RD,PPPVD,,,,2049,,,,,,879.7452
CapitalCost,BAU,RD,PPPVD,,,,2050,,,,,,860.5955
CapitalCost,BAU,RD,PPWNDOFF,,,,2018,,,,,,1749.26
CapitalCost,BAU,RD,PPWNDOFF,,,,2019,,,,,,1749.26
CapitalCost,BAU,RD,PPWNDOFF,,,,2020,,,,,,1688.0
CapitalCost,BAU,RD,PPWNDOFF,,,,2021,,,,,,1626.74
CapitalCost,BAU,RD,PPWNDOFF,,,,2022,,,,,,1565.48
CapitalCost,BAU,RD,PPWNDOFF,,,,2023,,,,,,1504.22
CapitalCost,BAU,RD,PPWNDOFF,,,,2024,,,,,,1442.96
CapitalCost,BAU,RD,PPWNDOFF,,,,2025,,,,,,3279.96
CapitalCost,BAU,RD,PPWNDOFF,,,,2026,,,,,,3149.7
CapitalCost,BAU,RD,PPWNDOFF,,,,2027,,,,,,3019.44
CapitalCost,BAU,RD,PPWNDOFF,,,,2028,,,,,,2889.18
CapitalCost,BAU,RD,PPWNDOFF,,,,2029,,,,,,2759.92
CapitalCost,BAU,RD,PPWNDOFF,,,,2030,,,,,,2629.6601
CapitalCost,BAU,RD,PPWNDOFF,,,,2031,,,,,,2608.2935
CapitalCost,BAU,RD,PPWNDOFF,,,,2032,,,,,,2585.9269
CapitalCost,BAU,RD,PPWNDOFF,,,,2033,,,,,,2564.5602
CapitalCost,BAU,RD,PPWNDOFF,,,,2034,,,,,,2543.1936
CapitalCost,BAU,RD,PPWNDOFF,,,,2035,,,,,,2521.827
CapitalCost,BAU,RD,PPWNDOFF,,,,2036,,,,,,2500.4604
CapitalCost,BAU,RD,PPWNDOFF,,,,2037,,,,,,2478.0938
CapitalCost,BAU,RD,PPWNDOFF,,,,2038,,,,,,2456.7272
CapitalCost,BAU,RD,PPWNDOFF,,,,2039,,,,,,2435.3606
CapitalCost,BAU,RD,PPWNDOFF,,,,2040,,,,,,2413.994
CapitalCost,BAU,RD,PPWNDOFF,,,,2041,,,,,,2391.6274
CapitalCost,BAU,RD,PPWNDOFF,,,,2042,,,,,,2370.2608
CapitalCost,BAU,RD,PPWNDOFF,,,,2043,,,,,,2348.8942
CapitalCost,BAU,RD,PPWNDOFF,,,,2044,,,,,,2327.5276
CapitalCost,BAU,RD,PPWNDOFF,,,,2045,,,,,,2306.161
CapitalCost,BAU,RD,PPWNDOFF,,,,2046,,,,,,2283.7944
CapitalCost,BAU,RD,PPWNDOFF,,,,2047,,,,,,2262.4278
CapitalCost,BAU,RD,PPWNDOFF,,,,2048,,,,,,2241.0612
CapitalCost,BAU,RD,PPWNDOFF,,,,2049,,,,,,2219.6946
CapitalCost,BAU,RD,PPWNDOFF,,,,2050,,,,,,2197.328
CapitalCost,BAU,RD,PPDHYD,,,,2018,,,,,,1980.0
CapitalCost,BAU,RD,PPDHYD,,,,2019,,,,,,1980.0
CapitalCost,BAU,RD,PPDHYD,,,,2020,,,,,,1980.0
CapitalCost,BAU,RD,PPDHYD,,,,2021,,,,,,1980.0
CapitalCost,BAU,RD,PPDHYD,,,,2022,,,,,,1980.0
CapitalCost,BAU,RD,PPDHYD,,,,2023,,,,,,1980.0
CapitalCost,BAU,RD,PPDHYD,,,,2024,,,,,,1980.0
CapitalCost,BAU,RD,PPDHYD,,,,2025,,,,,,1980.0
CapitalCost,BAU,RD,PPDHYD,,,,2026,,,,,,1980.0
CapitalCost,BAU,RD,PPDHYD,,,,2027,,,,,,1980.0
CapitalCost,BAU,RD,PPDHYD,,,,2028,,,,,,1980.0
CapitalCost,BAU,RD,PPDHYD,,,,2029,,,,,,1980.0
CapitalCost,BAU,RD,PPDHYD,,,,2030,,,,,,1980.0
CapitalCost,BAU,RD,PPDHYD,,,,2031,,,,,,1980.0
CapitalCost,BAU,RD,PPDHYD,,,,2032,,,,,,1980.0
CapitalCost,BAU,RD,PPDHYD,,,,2033,,,,,,1980.0
CapitalCost,BAU,RD,PPDHYD,,,,2034,,,,,,1980.0
CapitalCost,BAU,RD,PPDHYD,,,,2035,,,,,,1980.0
CapitalCost,BAU,RD,PPDHYD,,,,2036,,,,,,1980.0
CapitalCost,BAU,RD,PPDHYD,,,,2037,,,,,,1980.0
CapitalCost,BAU,RD,PPDHYD,,,,2038,,,,,,1980.0
CapitalCost,BAU,RD,PPDHYD,,,,2039,,,,,,1980.0
CapitalCost,BAU,RD,PPDHYD,,,,2040,,,,,,1980.0
CapitalCost,BAU,RD,PPDHYD,,,,2041,,,,,,1980.0
CapitalCost,BAU,RD,PPDHYD,,,,2042,,,,,,1980.0
CapitalCost,BAU,RD,PPDHYD,,,,2043,,,,,,1980.0
CapitalCost,BAU,RD,PPDHYD,,,,2044,,,,,,1980.0
CapitalCost,BAU,RD,PPDHYD,,,,2045,,,,,,1980.0
CapitalCost,BAU,RD,PPDHYD,,,,2046,,,,,,1980.0
CapitalCost,BAU,RD,PPDHYD,,,,2047,,,,,,1980.0
CapitalCost,BAU,RD,PPDHYD,,,,2048,,,,,,1980.0
CapitalCost,BAU,RD,PPDHYD,,,,2049,,,,,,1980.0
CapitalCost,BAU,RD,PPDHYD,,,,2050,,,,,,1980.0
CapitalCost,BAU,RD,REF_DSL,,,,2018,,,,,,0.0
CapitalCost,BAU,RD,REF_DSL,,,,2019,,,,,,0.0
CapitalCost,BAU,RD,REF_DSL,,,,2020,,,,,,0.0
CapitalCost,BAU,RD,REF_DSL,,,,2021,,,,,,0.0
CapitalCost,BAU,RD,REF_DSL,,,,2022,,,,,,0.0
CapitalCost,BAU,RD,REF_DSL,,,,2023,,,,,,0.0
CapitalCost,BAU,RD,REF_DSL,,,,2024,,,,,,0.0
CapitalCost,BAU,RD,REF_DSL,,,,2025,,,,,,0.0
CapitalCost,BAU,RD,REF_DSL,,,,2026,,,,,,0.0
CapitalCost,BAU,RD,REF_DSL,,,,2027,,,,,,0.0
CapitalCost,BAU,RD,REF_DSL,,,,2028,,,,,,0.0
CapitalCost,BAU,RD,REF_DSL,,,,2029,,,,,,0.0
CapitalCost,BAU,RD,REF_DSL,,,,2030,,,,,,0.0
CapitalCost,BAU,RD,REF_DSL,,,,2031,,,,,,0.0
CapitalCost,BAU,RD,REF_DSL,,,,2032,,,,,,0.0
CapitalCost,BAU,RD,REF_DSL,,,,2033,,,,,,0.0
CapitalCost,BAU,RD,REF_DSL,,,,2034,,,,,,0.0
CapitalCost,BAU,RD,REF_DSL,,,,2035,,,,,,0.0
CapitalCost,BAU,RD,REF_DSL,,,,2036,,,,,,0.0
CapitalCost,BAU,RD,REF_DSL,,,,2037,,,,,,0.0
CapitalCost,BAU,RD,REF_DSL,,,,2038,,,,,,0.0
CapitalCost,BAU,RD,REF_DSL,,,,2039,,,,,,0.0
CapitalCost,BAU,RD,REF_DSL,,,,2040,,,,,,0.0
CapitalCost,BAU,RD,REF_DSL,,,,2041,,,,,,0.0
CapitalCost,BAU,RD,REF_DSL,,,,2042,,,,,,0.0
CapitalCost,BAU,RD,REF_DSL,,,,2043,,,,,,0.0
CapitalCost,BAU,RD,REF_DSL,,,,2044,,,,,,0.0
CapitalCost,BAU,RD,REF_DSL,,,,2045,,,,,,0.0
CapitalCost,BAU,RD,REF_DSL,,,,2046,,,,,,0.0
CapitalCost,BAU,RD,REF_DSL,,,,2047,,,,,,0.0
CapitalCost,BAU,RD,REF_DSL,,,,2048,,,,,,0.0
CapitalCost,BAU,RD,REF_DSL,,,,2049,,,,,,0.0
CapitalCost,BAU,RD,REF_DSL,,,,2050,,,,,,0.0
CapitalCost,BAU,RD,REF_GSL,,,,2018,,,,,,0.0
CapitalCost,BAU,RD,REF_GSL,,,,2019,,,,,,0.0
CapitalCost,BAU,RD,REF_GSL,,,,2020,,,,,,0.0
CapitalCost,BAU,RD,REF_GSL,,,,2021,,,,,,0.0
CapitalCost,BAU,RD,REF_GSL,,,,2022,,,,,,0.0
CapitalCost,BAU,RD,REF_GSL,,,,2023,,,,,,0.0
CapitalCost,BAU,RD,REF_GSL,,,,2024,,,,,,0.0
CapitalCost,BAU,RD,REF_GSL,,,,2025,,,,,,0.0
CapitalCost,BAU,RD,REF_GSL,,,,2026,,,,,,0.0
CapitalCost,BAU,RD,REF_GSL,,,,2027,,,,,,0.0
CapitalCost,BAU,RD,REF_GSL,,,,2028,,,,,,0.0
CapitalCost,BAU,RD,REF_GSL,,,,2029,,,,,,0.0
CapitalCost,BAU,RD,REF_GSL,,,,2030,,,,,,0.0
CapitalCost,BAU,RD,REF_GSL,,,,2031,,,,,,0.0
CapitalCost,BAU,RD,REF_GSL,,,,2032,,,,,,0.0
CapitalCost,BAU,RD,REF_GSL,,,,2033,,,,,,0.0
CapitalCost,BAU,RD,REF_GSL,,,,2034,,,,,,0.0
CapitalCost,BAU,RD,REF_GSL,,,,2035,,,,,,0.0
CapitalCost,BAU,RD,REF_GSL,,,,2036,,,,,,0.0
CapitalCost,BAU,RD,REF_GSL,,,,2037,,,,,,0.0
CapitalCost,BAU,RD,REF_GSL,,,,2038,,,,,,0.0
CapitalCost,BAU,RD,REF_GSL,,,,2039,,,,,,0.0
CapitalCost,BAU,RD,REF_GSL,,,,2040,,,,,,0.0
CapitalCost,BAU,RD,REF_GSL,,,,2041,,,,,,0.0
CapitalCost,BAU,RD,REF_GSL,,,,2042,,,,,,0.0
CapitalCost,BAU,RD,REF_GSL,,,,2043,,,,,,0.0
CapitalCost,BAU,RD,REF_GSL,,,,2044,,,,,,0.0
CapitalCost,BAU,RD,REF_GSL,,,,2045,,,,,,0.0
CapitalCost,BAU,RD,REF_GSL,,,,2046,,,,,,0.0
CapitalCost,BAU,RD,REF_GSL,,,,2047,,,,,,0.0
CapitalCost,BAU,RD,REF_GSL,,,,2048,,,,,,0.0
CapitalCost,BAU,RD,REF_GSL,,,,2049,,,,,,0.0
CapitalCost,BAU,RD,REF_GSL,,,,2050,,,,,,0.0
CapitalCost,BAU,RD,REF_LPG,,,,2018,,,,,,0.0
CapitalCost,BAU,RD,REF_LPG,,,,2019,,,,,,0.0
CapitalCost,BAU,RD,REF_LPG,,,,2020,,,,,,0.0
CapitalCost,BAU,RD,REF_LPG,,,,2021,,,,,,0.0
CapitalCost,BAU,RD,REF_LPG,,,,2022,,,,,,0.0
CapitalCost,BAU,RD,REF_LPG,,,,2023,,,,,,0.0
CapitalCost,BAU,RD,REF_LPG,,,,2024,,,,,,0.0
CapitalCost,BAU,RD,REF_LPG,,,,2025,,,,,,0.0
CapitalCost,BAU,RD,REF_LPG,,,,2026,,,,,,0.0
CapitalCost,BAU,RD,REF_LPG,,,,2027,,,,,,0.0
CapitalCost,BAU,RD,REF_LPG,,,,2028,,,,,,0.0
CapitalCost,BAU,RD,REF_LPG,,,,2029,,,,,,0.0
CapitalCost,BAU,RD,REF_LPG,,,,2030,,,,,,0.0
CapitalCost,BAU,RD,REF_LPG,,,,2031,,,,,,0.0
CapitalCost,BAU,RD,REF_LPG,,,,2032,,,,,,0.0
CapitalCost,BAU,RD,REF_LPG,,,,2033,,,,,,0.0
CapitalCost,BAU,RD,REF_LPG,,,,2034,,,,,,0.0
CapitalCost,BAU,RD,REF_LPG,,,,2035,,,,,,0.0
CapitalCost,BAU,RD,REF_LPG,,,,2036,,,,,,0.0
CapitalCost,BAU,RD,REF_LPG,,,,2037,,,,,,0.0
CapitalCost,BAU,RD,REF_LPG,,,,2038,,,,,,0.0
CapitalCost,BAU,RD,REF_LPG,,,,2039,,,,,,0.0
CapitalCost,BAU,RD,REF_LPG,,,,2040,,,,,,0.0
CapitalCost,BAU,RD,REF_LPG,,,,2041,,,,,,0.0
CapitalCost,BAU,RD,REF_LPG,,,,2042,,,,,,0.0
CapitalCost,BAU,RD,REF_LPG,,,,2043,,,,,,0.0
CapitalCost,BAU,RD,REF_LPG,,,,2044,,,,,,0.0
CapitalCost,BAU,RD,REF_LPG,,,,2045,,,,,,0.0
CapitalCost,BAU,RD,REF_LPG,,,,2046,,,,,,0.0
CapitalCost,BAU,RD,REF_LPG,,,,2047,,,,,,0.0
CapitalCost,BAU,RD,REF_LPG,,,,2048,,,,,,0.0
CapitalCost,BAU,RD,REF_LPG,,,,2049,,,,,,0.0
CapitalCost,BAU,RD,REF_LPG,,,,2050,,,,,,0.0
CapitalCost,BAU,RD,REF_FOI,,,,2018,,,,,,0.0
CapitalCost,BAU,RD,REF_FOI,,,,2019,,,,,,0.0
CapitalCost,BAU,RD,REF_FOI,,,,2020,,,,,,0.0
CapitalCost,BAU,RD,REF_FOI,,,,2021,,,,,,0.0
CapitalCost,BAU,RD,REF_FOI,,,,2022,,,,,,0.0
CapitalCost,BAU,RD,REF_FOI,,,,2023,,,,,,0.0
CapitalCost,BAU,RD,REF_FOI,,,,2024,,,,,,0.0
CapitalCost,BAU,RD,REF_FOI,,,,2025,,,,,,0.0
CapitalCost,BAU,RD,REF_FOI,,,,2026,,,,,,0.0
CapitalCost,BAU,RD,REF_FOI,,,,2027,,,,,,0.0
CapitalCost,BAU,RD,REF_FOI,,,,2028,,,,,,0.0
CapitalCost,BAU,RD,REF_FOI,,,,2029,,,,,,0.0
CapitalCost,BAU,RD,REF_FOI,,,,2030,,,,,,0.0
CapitalCost,BAU,RD,REF_FOI,,,,2031,,,,,,0.0
CapitalCost,BAU,RD,REF_FOI,,,,2032,,,,,,0.0
CapitalCost,BAU,RD,REF_FOI,,,,2033,,,,,,0.0
CapitalCost,BAU,RD,REF_FOI,,,,2034,,,,,,0.0
CapitalCost,BAU,RD,REF_FOI,,,,2035,,,,,,0.0
CapitalCost,BAU,RD,REF_FOI,,,,2036,,,,,,0.0
CapitalCost,BAU,RD,REF_FOI,,,,2037,,,,,,0.0
CapitalCost,BAU,RD,REF_FOI,,,,2038,,,,,,0.0
CapitalCost,BAU,RD,REF_FOI,,,,2039,,,,,,0.0
CapitalCost,BAU,RD,REF_FOI,,,,2040,,,,,,0.0
CapitalCost,BAU,RD,REF_FOI,,,,2041,,,,,,0.0
CapitalCost,BAU,RD,REF_FOI,,,,2042,,,,,,0.0
CapitalCost,BAU,RD,REF_FOI,,,,2043,,,,,,0.0
CapitalCost,BAU,RD,REF_FOI,,,,2044,,,,,,0.0
CapitalCost,BAU,RD,REF_FOI,,,,2045,,,,,,0.0
CapitalCost,BAU,RD,REF_FOI,,,,2046,,,,,,0.0
CapitalCost,BAU,RD,REF_FOI,,,,2047,,,,,,0.0
CapitalCost,BAU,RD,REF_FOI,,,,2048,,,,,,0.0
CapitalCost,BAU,RD,REF_FOI,,,,2049,,,,,,0.0
CapitalCost,BAU,RD,REF_FOI,,,,2050,,,,,,0.0
CapitalCost,BAU,RD,PPBIM,,,,2018,,,,,,38.46
CapitalCost,BAU,RD,PPBIM,,,,2019,,,,,,38.46
CapitalCost,BAU,RD,PPBIM,,,,2020,,,,,,38.46
CapitalCost,BAU,RD,PPBIM,,,,2021,,,,,,38.46
CapitalCost,BAU,RD,PPBIM,,,,2022,,,,,,38.46
CapitalCost,BAU,RD,PPBIM,,,,2023,,,,,,38.46
CapitalCost,BAU,RD,PPBIM,,,,2024,,,,,,38.46
CapitalCost,BAU,RD,PPBIM,,,,2025,,,,,,38.46
CapitalCost,BAU,RD,PPBIM,,,,2026,,,,,,38.46
CapitalCost,BAU,RD,PPBIM,,,,2027,,,,,,38.46
CapitalCost,BAU,RD,PPBIM,,,,2028,,,,,,38.46
CapitalCost,BAU,RD,PPBIM,,,,2029,,,,,,38.46
CapitalCost,BAU,RD,PPBIM,,,,2030,,,,,,38.46
CapitalCost,BAU,RD,PPBIM,,,,2031,,,,,,38.46
CapitalCost,BAU,RD,PPBIM,,,,2032,,,,,,38.46
CapitalCost,BAU,RD,PPBIM,,,,2033,,,,,,38.46
CapitalCost,BAU,RD,PPBIM,,,,2034,,,,,,38.46
CapitalCost,BAU,RD,PPBIM,,,,2035,,,,,,38.46
CapitalCost,BAU,RD,PPBIM,,,,2036,,,,,,38.46
CapitalCost,BAU,RD,PPBIM,,,,2037,,,,,,38.46
CapitalCost,BAU,RD,PPBIM,,,,2038,,,,,,38.46
CapitalCost,BAU,RD,PPBIM,,,,2039,,,,,,38.46
CapitalCost,BAU,RD,PPBIM,,,,2040,,,,,,38.46
CapitalCost,BAU,RD,PPBIM,,,,2041,,,,,,38.46
CapitalCost,BAU,RD,PPBIM,,,,2042,,,,,,38.46
CapitalCost,BAU,RD,PPBIM,,,,2043,,,,,,38.46
CapitalCost,BAU,RD,PPBIM,,,,2044,,,,,,38.46
CapitalCost,BAU,RD,PPBIM,,,,2045,,,,,,38.46
CapitalCost,BAU,RD,PPBIM,,,,2046,,,,,,38.46
CapitalCost,BAU,RD,PPBIM,,,,2047,,,,,,38.46
CapitalCost,BAU,RD,PPBIM,,,,2048,,,,,,38.46
CapitalCost,BAU,RD,PPBIM,,,,2049,,,,,,38.46
CapitalCost,BAU,RD,PPBIM,,,,2050,,,,,,38.46
CapitalCost,BAU,RD,PPBGS,,,,2018,,,,,,0.0
CapitalCost,BAU,RD,PPBGS,,,,2019,,,,,,0.0
CapitalCost,BAU,RD,PPBGS,,,,2020,,,,,,0.0
CapitalCost,BAU,RD,PPBGS,,,,2021,,,,,,0.0
CapitalCost,BAU,RD,PPBGS,,,,2022,,,,,,0.0
CapitalCost,BAU,RD,PPBGS,,,,2023,,,,,,0.0
CapitalCost,BAU,RD,PPBGS,,,,2024,,,,,,0.0
CapitalCost,BAU,RD,PPBGS,,,,2025,,,,,,0.0
CapitalCost,BAU,RD,PPBGS,,,,2026,,,,,,0.0
CapitalCost,BAU,RD,PPBGS,,,,2027,,,,,,0.0
CapitalCost,BAU,RD,PPBGS,,,,2028,,,,,,0.0
CapitalCost,BAU,RD,PPBGS,,,,2029,,,,,,0.0
CapitalCost,BAU,RD,PPBGS,,,,2030,,,,,,0.0
CapitalCost,BAU,RD,PPBGS,,,,2031,,,,,,0.0
CapitalCost,BAU,RD,PPBGS,,,,2032,,,,,,0.0
CapitalCost,BAU,RD,PPBGS,,,,2033,,,,,,0.0
CapitalCost,BAU,RD,PPBGS,,,,2034,,,,,,0.0
CapitalCost,BAU,RD,PPBGS,,,,2035,,,,,,0.0
CapitalCost,BAU,RD,PPBGS,,,,2036,,,,,,0.0
CapitalCost,BAU,RD,PPBGS,,,,2037,,,,,,0.0
CapitalCost,BAU,RD,PPBGS,,,,2038,,,,,,0.0
CapitalCost,BAU,RD,PPBGS,,,,2039,,,,,,0.0
CapitalCost,BAU,RD,PPBGS,,,,2040,,,,,,0.0
CapitalCost,BAU,RD,PPBGS,,,,2041,,,,,,0.0
CapitalCost,BAU,RD,PPBGS,,,,2042,,,,,,0.0
CapitalCost,BAU,RD,PPBGS,,,,2043,,,,,,0.0
CapitalCost,BAU,RD,PPBGS,,,,2044,,,,,,0.0
CapitalCost,BAU,RD,PPBGS,,,,2045,,,,,,0.0
CapitalCost,BAU,RD,PPBGS,,,,2046,,,,,,0.0
CapitalCost,BAU,RD,PPBGS,,,,2047,,,,,,0.0
CapitalCost,BAU,RD,PPBGS,,,,2048,,,,,,0.0
CapitalCost,BAU,RD,PPBGS,,,,2049,,,,,,0.0
CapitalCost,BAU,RD,PPBGS,,,,2050,,,,,,0.0
CapitalCost,BAU,RD,PPCOA,,,,2018,,,,,,3676.0
CapitalCost,BAU,RD,PPCOA,,,,2019,,,,,,3676.0
CapitalCost,BAU,RD,PPCOA,,,,2020,,,,,,3676.0
CapitalCost,BAU,RD,PPCOA,,,,2021,,,,,,3676.0
CapitalCost,BAU,RD,PPCOA,,,,2022,,,,,,3676.0
CapitalCost,BAU,RD,PPCOA,,,,2023,,,,,,3676.0
CapitalCost,BAU,RD,PPCOA,,,,2024,,,,,,3676.0
CapitalCost,BAU,RD,PPCOA,,,,2025,,,,,,3676.0
CapitalCost,BAU,RD,PPCOA,,,,2026,,,,,,3676.0
CapitalCost,BAU,RD,PPCOA,,,,2027,,,,,,3676.0
CapitalCost,BAU,RD,PPCOA,,,,2028,,,,,,3676.0
CapitalCost,BAU,RD,PPCOA,,,,2029,,,,,,3676.0
CapitalCost,BAU,RD,PPCOA,,,,2030,,,,,,3676.0
CapitalCost,BAU,RD,PPCOA,,,,2031,,,,,,3676.0
CapitalCost,BAU,RD,PPCOA,,,,2032,,,,,,3676.0
CapitalCost,BAU,RD,PPCOA,,,,2033,,,,,,3676.0
CapitalCost,BAU,RD,PPCOA,,,,2034,,,,,,3676.0
CapitalCost,BAU,RD,PPCOA,,,,2035,,,,,,3676.0
CapitalCost,BAU,RD,PPCOA,,,,2036,,,,,,3676.0
CapitalCost,BAU,RD,PPCOA,,,,2037,,,,,,3676.0
CapitalCost,BAU,RD,PPCOA,,,,2038,,,,,,3676.0
CapitalCost,BAU,RD,PPCOA,,,,2039,,,,,,3676.0
CapitalCost,BAU,RD,PPCOA,,,,2040,,,,,,3676.0
CapitalCost,BAU,RD,PPCOA,,,,2041,,,,,,3676.0
CapitalCost,BAU,RD,PPCOA,,,,2042,,,,,,3676.0
CapitalCost,BAU,RD,PPCOA,,,,2043,,,,,,3676.0
CapitalCost,BAU,RD,PPCOA,,,,2044,,,,,,3676.0
CapitalCost,BAU,RD,PPCOA,,,,2045,,,,,,3676.0
CapitalCost,BAU,RD,PPCOA,,,,2046,,,,,,3676.0
CapitalCost,BAU,RD,PPCOA,,,,2047,,,,,,3676.0
CapitalCost,BAU,RD,PPCOA,,,,2048,,,,,,3676.0
CapitalCost,BAU,RD,PPCOA,,,,2049,,,,,,3676.0
CapitalCost,BAU,RD,PPCOA,,,,2050,,,,,,3676.0
CapitalCost,BAU,RD,PPCCTDSL,,,,2018,,,,,,1100.0
CapitalCost,BAU,RD,PPCCTDSL,,,,2019,,,,,,1100.0
CapitalCost,BAU,RD,PPCCTDSL,,,,2020,,,,,,1100.0
CapitalCost,BAU,RD,PPCCTDSL,,,,2021,,,,,,1100.0
CapitalCost,BAU,RD,PPCCTDSL,,,,2022,,,,,,1100.0
CapitalCost,BAU,RD,PPCCTDSL,,,,2023,,,,,,1100.0
CapitalCost,BAU,RD,PPCCTDSL,,,,2024,,,,,,1100.0
CapitalCost,BAU,RD,PPCCTDSL,,,,2025,,,,,,1100.0
CapitalCost,BAU,RD,PPCCTDSL,,,,2026,,,,,,1100.0
CapitalCost,BAU,RD,PPCCTDSL,,,,2027,,,,,,1100.0
CapitalCost,BAU,RD,PPCCTDSL,,,,2028,,,,,,1100.0
CapitalCost,BAU,RD,PPCCTDSL,,,,2029,,,,,,1100.0
CapitalCost,BAU,RD,PPCCTDSL,,,,2030,,,,,,1100.0
CapitalCost,BAU,RD,PPCCTDSL,,,,2031,,,,,,1100.0
CapitalCost,BAU,RD,PPCCTDSL,,,,2032,,,,,,1100.0
CapitalCost,BAU,RD,PPCCTDSL,,,,2033,,,,,,1100.0
CapitalCost,BAU,RD,PPCCTDSL,,,,2034,,,,,,1100.0
CapitalCost,BAU,RD,PPCCTDSL,,,,2035,,,,,,1100.0
CapitalCost,BAU,RD,PPCCTDSL,,,,2036,,,,,,1100.0
CapitalCost,BAU,RD,PPCCTDSL,,,,2037,,,,,,1100.0
CapitalCost,BAU,RD,PPCCTDSL,,,,2038,,,,,,1100.0
CapitalCost,BAU,RD,PPCCTDSL,,,,2039,,,,,,1100.0
CapitalCost,BAU,RD,PPCCTDSL,,,,2040,,,,,,1100.0
CapitalCost,BAU,RD,PPCCTDSL,,,,2041,,,,,,1100.0
CapitalCost,BAU,RD,PPCCTDSL,,,,2042,,,,,,1100.0
CapitalCost,BAU,RD,PPCCTDSL,,,,2043,,,,,,1100.0
CapitalCost,BAU,RD,PPCCTDSL,,,,2044,,,,,,1100.0
CapitalCost,BAU,RD,PPCCTDSL,,,,2045,,,,,,1100.0
CapitalCost,BAU,RD,PPCCTDSL,,,,2046,,,,,,1100.0
CapitalCost,BAU,RD,PPCCTDSL,,,,2047,,,,,,1100.0
CapitalCost,BAU,RD,PPCCTDSL,,,,2048,,,,,,1100.0
CapitalCost,BAU,RD,PPCCTDSL,,,,2049,,,,,,1100.0
CapitalCost,BAU,RD,PPCCTDSL,,,,2050,,,,,,1100.0
CapitalCost,BAU,RD,PPCCFOIDSL,,,,2018,,,,,,1100.0
CapitalCost,BAU,RD,PPCCFOIDSL,,,,2019,,,,,,1100.0
CapitalCost,BAU,RD,PPCCFOIDSL,,,,2020,,,,,,1100.0
CapitalCost,BAU,RD,PPCCFOIDSL,,,,2021,,,,,,1100.0
CapitalCost,BAU,RD,PPCCFOIDSL,,,,2022,,,,,,1100.0
CapitalCost,BAU,RD,PPCCFOIDSL,,,,2023,,,,,,1100.0
CapitalCost,BAU,RD,PPCCFOIDSL,,,,2024,,,,,,1100.0
CapitalCost,BAU,RD,PPCCFOIDSL,,,,2025,,,,,,1100.0
CapitalCost,BAU,RD,PPCCFOIDSL,,,,2026,,,,,,1100.0
CapitalCost,BAU,RD,PPCCFOIDSL,,,,2027,,,,,,1100.0
CapitalCost,BAU,RD,PPCCFOIDSL,,,,2028,,,,,,1100.0
CapitalCost,BAU,RD,PPCCFOIDSL,,,,2029,,,,,,1100.0
CapitalCost,BAU,RD,PPCCFOIDSL,,,,2030,,,,,,1100.0
CapitalCost,BAU,RD,PPCCFOIDSL,,,,2031,,,,,,1100.0
CapitalCost,BAU,RD,PPCCFOIDSL,,,,2032,,,,,,1100.0
CapitalCost,BAU,RD,PPCCFOIDSL,,,,2033,,,,,,1100.0
CapitalCost,BAU,RD,PPCCFOIDSL,,,,2034,,,,,,1100.0
CapitalCost,BAU,RD,PPCCFOIDSL,,,,2035,,,,,,1100.0
CapitalCost,BAU,RD,PPCCFOIDSL,,,,2036,,,,,,1100.0
CapitalCost,BAU,RD,PPCCFOIDSL,,,,2037,,,,,,1100.0
CapitalCost,BAU,RD,PPCCFOIDSL,,,,2038,,,,,,1100.0
CapitalCost,BAU,RD,PPCCFOIDSL,,,,2039,,,,,,1100.0
CapitalCost,BAU,RD,PPCCFOIDSL,,,,2040,,,,,,1100.0
CapitalCost,BAU,RD,PPCCFOIDSL,,,,2041,,,,,,1100.0
CapitalCost,BAU,RD,PPCCFOIDSL,,,,2042,,,,,,1100.0
CapitalCost,BAU,RD,PPCCFOIDSL,,,,2043,,,,,,1100.0
CapitalCost,BAU,RD,PPCCFOIDSL,,,,2044,,,,,,1100.0
CapitalCost,BAU,RD,PPCCFOIDSL,,,,2045,,,,,,1100.0
CapitalCost,BAU,RD,PPCCFOIDSL,,,,2046,,,,,,1100.0
CapitalCost,BAU,RD,PPCCFOIDSL,,,,2047,,,,,,1100.0
CapitalCost,BAU,RD,PPCCFOIDSL,,,,2048,,,,,,1100.0
CapitalCost,BAU,RD,PPCCFOIDSL,,,,2049,,,,,,1100.0
CapitalCost,BAU,RD,PPCCFOIDSL,,,,2050,,,,,,1100.0
CapitalCost,BAU,RD,PPCCTNGS,,,,2018,,,,,,1084.0
CapitalCost,BAU,RD,PPCCTNGS,,,,2019,,,,,,1084.0
CapitalCost,BAU,RD,PPCCTNGS,,,,2020,,,,,,1084.0
CapitalCost,BAU,RD,PPCCTNGS,,,,2021,,,,,,1010.7413
CapitalCost,BAU,RD,PPCCTNGS,,,,2022,,,,,,1005.018
CapitalCost,BAU,RD,PPCCTNGS,,,,2023,,,,,,991.2819
CapitalCost,BAU,RD,PPCCTNGS,,,,2024,,,,,,982.1246
CapitalCost,BAU,RD,PPCCTNGS,,,,2025,,,,,,975.2566
CapitalCost,BAU,RD,PPCCTNGS,,,,2026,,,,,,967.2439
CapitalCost,BAU,RD,PPCCTNGS,,,,2027,,,,,,961.5206
CapitalCost,BAU,RD,PPCCTNGS,,,,2028,,,,,,955.7973
CapitalCost,BAU,RD,PPCCTNGS,,,,2029,,,,,,952.3633
CapitalCost,BAU,RD,PPCCTNGS,,,,2030,,,,,,946.6399
CapitalCost,BAU,RD,PPCCTNGS,,,,2031,,,,,,943.2059
CapitalCost,BAU,RD,PPCCTNGS,,,,2032,,,,,,938.6272
CapitalCost,BAU,RD,PPCCTNGS,,,,2033,,,,,,935.1932
CapitalCost,BAU,RD,PPCCTNGS,,,,2034,,,,,,930.6146
CapitalCost,BAU,RD,PPCCTNGS,,,,2035,,,,,,927.1806
CapitalCost,BAU,RD,PPCCTNGS,,,,2036,,,,,,922.6019
CapitalCost,BAU,RD,PPCCTNGS,,,,2037,,,,,,919.1679
CapitalCost,BAU,RD,PPCCTNGS,,,,2038,,,,,,914.5892
CapitalCost,BAU,RD,PPCCTNGS,,,,2039,,,,,,911.1552
CapitalCost,BAU,RD,PPCCTNGS,,,,2040,,,,,,907.7212
CapitalCost,BAU,RD,PPCCTNGS,,,,2041,,,,,,903.1426
CapitalCost,BAU,RD,PPCCTNGS,,,,2042,,,,,,899.7086
CapitalCost,BAU,RD,PPCCTNGS,,,,2043,,,,,,895.1299
CapitalCost,BAU,RD,PPCCTNGS,,,,2044,,,,,,891.6959
CapitalCost,BAU,RD,PPCCTNGS,,,,2045,,,,,,887.1172
CapitalCost,BAU,RD,PPCCTNGS,,,,2046,,,,,,883.6832
CapitalCost,BAU,RD,PPCCTNGS,,,,2047,,,,,,879.1045
CapitalCost,BAU,RD,PPCCTNGS,,,,2048,,,,,,876.8152
CapitalCost,BAU,RD,PPCCTNGS,,,,2049,,,,,,874.5259
CapitalCost,BAU,RD,PPCCTNGS,,,,2050,,,,,,874.5259
CapitalCost,BAU,RD,PPCCTNGSDSL,,,,2018,,,,,,1084.0
CapitalCost,BAU,RD,PPCCTNGSDSL,,,,2019,,,,,,1084.0
CapitalCost,BAU,RD,PPCCTNGSDSL,,,,2020,,,,,,1084.0
CapitalCost,BAU,RD,PPCCTNGSDSL,,,,2021,,,,,,1010.7413
CapitalCost,BAU,RD,PPCCTNGSDSL,,,,2022,,,,,,1005.018
CapitalCost,BAU,RD,PPCCTNGSDSL,,,,2023,,,,,,991.2819
CapitalCost,BAU,RD,PPCCTNGSDSL,,,,2024,,,,,,982.1246
CapitalCost,BAU,RD,PPCCTNGSDSL,,,,2025,,,,,,975.2566
CapitalCost,BAU,RD,PPCCTNGSDSL,,,,2026,,,,,,967.2439
CapitalCost,BAU,RD,PPCCTNGSDSL,,,,2027,,,,,,961.5206
CapitalCost,BAU,RD,PPCCTNGSDSL,,,,2028,,,,,,955.7973
CapitalCost,BAU,RD,PPCCTNGSDSL,,,,2029,,,,,,952.3633
CapitalCost,BAU,RD,PPCCTNGSDSL,,,,2030,,,,,,946.6399
CapitalCost,BAU,RD,PPCCTNGSDSL,,,,2031,,,,,,943.2059
CapitalCost,BAU,RD,PPCCTNGSDSL,,,,2032,,,,,,938.6272
CapitalCost,BAU,RD,PPCCTNGSDSL,,,,2033,,,,,,935.1932
CapitalCost,BAU,RD,PPCCTNGSDSL,,,,2034,,,,,,930.6146
CapitalCost,BAU,RD,PPCCTNGSDSL,,,,2035,,,,,,927.1806
CapitalCost,BAU,RD,PPCCTNGSDSL,,,,2036,,,,,,922.6019
CapitalCost,BAU,RD,PPCCTNGSDSL,,,,2037,,,,,,919.1679
CapitalCost,BAU,RD,PPCCTNGSDSL,,,,2038,,,,,,914.5892
CapitalCost,BAU,RD,PPCCTNGSDSL,,,,2039,,,,,,911.1552
CapitalCost,BAU,RD,PPCCTNGSDSL,,,,2040,,,,,,907.7212
CapitalCost,BAU,RD,PPCCTNGSDSL,,,,2041,,,,,,903.1426
CapitalCost,BAU,RD,PPCCTNGSDSL,,,,2042,,,,,,899.7086
CapitalCost,BAU,RD,PPCCTNGSDSL,,,,2043,,,,,,895.1299
CapitalCost,BAU,RD,PPCCTNGSDSL,,,,2044,,,,,,891.6959
CapitalCost,BAU,RD,PPCCTNGSDSL,,,,2045,,,,,,887.1172
CapitalCost,BAU,RD,PPCCTNGSDSL,,,,2046,,,,,,883.6832
CapitalCost,BAU,RD,PPCCTNGSDSL,,,,2047,,,,,,879.1045
CapitalCost,BAU,RD,PPCCTNGSDSL,,,,2048,,,,,,876.8152
CapitalCost,BAU,RD,PPCCTNGSDSL,,,,2049,,,,,,874.5259
CapitalCost,BAU,RD,PPCCTNGSDSL,,,,2050,,,,,,874.5259
CapitalCost,BAU,RD,PPICEFOI,,,,2018,,,,,,1100.0
CapitalCost,BAU,RD,PPICEFOI,,,,2019,,,,,,1100.0
CapitalCost,BAU,RD,PPICEFOI,,,,2020,,,,,,1100.0
CapitalCost,BAU,RD,PPICEFOI,,,,2021,,,,,,1100.0
CapitalCost,BAU,RD,PPICEFOI,,,,2022,,,,,,1100.0
CapitalCost,BAU,RD,PPICEFOI,,,,2023,,,,,,1100.0
CapitalCost,BAU,RD,PPICEFOI,,,,2024,,,,,,1100.0
CapitalCost,BAU,RD,PPICEFOI,,,,2025,,,,,,1100.0
CapitalCost,BAU,RD,PPICEFOI,,,,2026,,,,,,1100.0
CapitalCost,BAU,RD,PPICEFOI,,,,2027,,,,,,1100.0
CapitalCost,BAU,RD,PPICEFOI,,,,2028,,,,,,1100.0
CapitalCost,BAU,RD,PPICEFOI,,,,2029,,,,,,1100.0
CapitalCost,BAU,RD,PPICEFOI,,,,2030,,,,,,1100.0
CapitalCost,BAU,RD,PPICEFOI,,,,2031,,,,,,1100.0
CapitalCost,BAU,RD,PPICEFOI,,,,2032,,,,,,1100.0
CapitalCost,BAU,RD,PPICEFOI,,,,2033,,,,,,1100.0
CapitalCost,BAU,RD,PPICEFOI,,,,2034,,,,,,1100.0
CapitalCost,BAU,RD,PPICEFOI,,,,2035,,,,,,1100.0
CapitalCost,BAU,RD,PPICEFOI,,,,2036,,,,,,1100.0
CapitalCost,BAU,RD,PPICEFOI,,,,2037,,,,,,1100.0
CapitalCost,BAU,RD,PPICEFOI,,,,2038,,,,,,1100.0
CapitalCost,BAU,RD,PPICEFOI,,,,2039,,,,,,1100.0
CapitalCost,BAU,RD,PPICEFOI,,,,2040,,,,,,1100.0
CapitalCost,BAU,RD,PPICEFOI,,,,2041,,,,,,1100.0
CapitalCost,BAU,RD,PPICEFOI,,,,2042,,,,,,1100.0
CapitalCost,BAU,RD,PPICEFOI,,,,2043,,,,,,1100.0
CapitalCost,BAU,RD,PPICEFOI,,,,2044,,,,,,1100.0
CapitalCost,BAU,RD,PPICEFOI,,,,2045,,,,,,1100.0
CapitalCost,BAU,RD,PPICEFOI,,,,2046,,,,,,1100.0
CapitalCost,BAU,RD,PPICEFOI,,,,2047,,,,,,1100.0
CapitalCost,BAU,RD,PPICEFOI,,,,2048,,,,,,1100.0
CapitalCost,BAU,RD,PPICEFOI,,,,2049,,,,,,1100.0
CapitalCost,BAU,RD,PPICEFOI,,,,2050,,,,,,1100.0
CapitalCost,BAU,RD,PPICEGASFOI,,,,2018,,,,,,1084.0
CapitalCost,BAU,RD,PPICEGASFOI,,,,2019,,,,,,1084.0
CapitalCost,BAU,RD,PPICEGASFOI,,,,2020,,,,,,1084.0
CapitalCost,BAU,RD,PPICEGASFOI,,,,2021,,,,,,1010.7413
CapitalCost,BAU,RD,PPICEGASFOI,,,,2022,,,,,,1005.018
CapitalCost,BAU,RD,PPICEGASFOI,,,,2023,,,,,,991.2819
CapitalCost,BAU,RD,PPICEGASFOI,,,,2024,,,,,,982.1246
CapitalCost,BAU,RD,PPICEGASFOI,,,,2025,,,,,,975.2566
CapitalCost,BAU,RD,PPICEGASFOI,,,,2026,,,,,,967.2439
CapitalCost,BAU,RD,PPICEGASFOI,,,,2027,,,,,,961.5206
CapitalCost,BAU,RD,PPICEGASFOI,,,,2028,,,,,,955.7973
CapitalCost,BAU,RD,PPICEGASFOI,,,,2029,,,,,,952.3633
CapitalCost,BAU,RD,PPICEGASFOI,,,,2030,,,,,,946.6399
CapitalCost,BAU,RD,PPICEGASFOI,,,,2031,,,,,,943.2059
CapitalCost,BAU,RD,PPICEGASFOI,,,,2032,,,,,,938.6272
CapitalCost,BAU,RD,PPICEGASFOI,,,,2033,,,,,,935.1932
CapitalCost,BAU,RD,PPICEGASFOI,,,,2034,,,,,,930.6146
CapitalCost,BAU,RD,PPICEGASFOI,,,,2035,,,,,,927.1806
CapitalCost,BAU,RD,PPICEGASFOI,,,,2036,,,,,,922.6019
CapitalCost,BAU,RD,PPICEGASFOI,,,,2037,,,,,,919.1679
CapitalCost,BAU,RD,PPICEGASFOI,,,,2038,,,,,,914.5892
CapitalCost,BAU,RD,PPICEGASFOI,,,,2039,,,,,,911.1552
CapitalCost,BAU,RD,PPICEGASFOI,,,,2040,,,,,,907.7212
CapitalCost,BAU,RD,PPICEGASFOI,,,,2041,,,,,,903.1426
CapitalCost,BAU,RD,PPICEGASFOI,,,,2042,,,,,,899.7086
CapitalCost,BAU,RD,PPICEGASFOI,,,,2043,,,,,,895.1299
CapitalCost,BAU,RD,PPICEGASFOI,,,,2044,,,,,,891.6959
CapitalCost,BAU,RD,PPICEGASFOI,,,,2045,,,,,,887.1172
CapitalCost,BAU,RD,PPICEGASFOI,,,,2046,,,,,,883.6832
CapitalCost,BAU,RD,PPICEGASFOI,,,,2047,,,,,,879.1045
CapitalCost,BAU,RD,PPICEGASFOI,,,,2048,,,,,,876.8152
CapitalCost,BAU,RD,PPICEGASFOI,,,,2049,,,,,,874.5259
CapitalCost,BAU,RD,PPICEGASFOI,,,,2050,,,,,,874.5259
CapitalCost,BAU,RD,PPADSL,,,,2018,,,,,,1084.0
CapitalCost,BAU,RD,PPADSL,,,,2019,,,,,,1084.0
CapitalCost,BAU,RD,PPADSL,,,,2020,,,,,,1084.0
CapitalCost,BAU,RD,PPADSL,,,,2021,,,,,,1010.7413
CapitalCost,BAU,RD,PPADSL,,,,2022,,,,,,1005.018
CapitalCost,BAU,RD,PPADSL,,,,2023,,,,,,991.2819
CapitalCost,BAU,RD,PPADSL,,,,2024,,,,,,982.1246
CapitalCost,BAU,RD,PPADSL,,,,2025,,,,,,975.2566
CapitalCost,BAU,RD,PPADSL,,,,2026,,,,,,967.2439
CapitalCost,BAU,RD,PPADSL,,,,2027,,,,,,961.5206
CapitalCost,BAU,RD,PPADSL,,,,2028,,,,,,955.7973
CapitalCost,BAU,RD,PPADSL,,,,2029,,,,,,952.3633
CapitalCost,BAU,RD,PPADSL,,,,2030,,,,,,946.6399
CapitalCost,BAU,RD,PPADSL,,,,2031,,,,,,943.2059
CapitalCost,BAU,RD,PPADSL,,,,2032,,,,,,938.6272
CapitalCost,BAU,RD,PPADSL,,,,2033,,,,,,935.1932
CapitalCost,BAU,RD,PPADSL,,,,2034,,,,,,930.6146
CapitalCost,BAU,RD,PPADSL,,,,2035,,,,,,927.1806
CapitalCost,BAU,RD,PPADSL,,,,2036,,,,,,922.6019
CapitalCost,BAU,RD,PPADSL,,,,2037,,,,,,919.1679
CapitalCost,BAU,RD,PPADSL,,,,2038,,,,,,914.5892
CapitalCost,BAU,RD,PPADSL,,,,2039,,,,,,911.1552
CapitalCost,BAU,RD,PPADSL,,,,2040,,,,,,907.7212
CapitalCost,BAU,RD,PPADSL,,,,2041,,,,,,903.1426
CapitalCost,BAU,RD,PPADSL,,,,2042,,,,,,899.7086
CapitalCost,BAU,RD,PPADSL,,,,2043,,,,,,895.1299
CapitalCost,BAU,RD,PPADSL,,,,2044,,,,,,891.6959
CapitalCost,BAU,RD,PPADSL,,,,2045,,,,,,887.1172
CapitalCost,BAU,RD,PPADSL,,,,2046,,,,,,883.6832
CapitalCost,BAU,RD,PPADSL,,,,2047,,,,,,879.1045
CapitalCost,BAU,RD,PPADSL,,,,2048,,,,,,876.8152
CapitalCost,BAU,RD,PPADSL,,,,2049,,,,,,874.5259
CapitalCost,BAU,RD,PPADSL,,,,2050,,,,,,874.5259
CapitalCost,BAU,RD,PPAFOI,,,,2018,,,,,,1084.0
CapitalCost,BAU,RD,PPAFOI,,,,2019,,,,,,1084.0
CapitalCost,BAU,RD,PPAFOI,,,,2020,,,,,,1084.0
CapitalCost,BAU,RD,PPAFOI,,,,2021,,,,,,1010.7413
CapitalCost,BAU,RD,PPAFOI,,,,2022,,,,,,1005.018
CapitalCost,BAU,RD,PPAFOI,,,,2023,,,,,,991.2819
CapitalCost,BAU,RD,PPAFOI,,,,2024,,,,,,982.1246
CapitalCost,BAU,RD,PPAFOI,,,,2025,,,,,,975.2566
CapitalCost,BAU,RD,PPAFOI,,,,2026,,,,,,967.2439
CapitalCost,BAU,RD,PPAFOI,,,,2027,,,,,,961.5206
CapitalCost,BAU,RD,PPAFOI,,,,2028,,,,,,955.7973
CapitalCost,BAU,RD,PPAFOI,,,,2029,,,,,,952.3633
CapitalCost,BAU,RD,PPAFOI,,,,2030,,,,,,946.6399
CapitalCost,BAU,RD,PPAFOI,,,,2031,,,,,,943.2059
CapitalCost,BAU,RD,PPAFOI,,,,2032,,,,,,938.6272
CapitalCost,BAU,RD,PPAFOI,,,,2033,,,,,,935.1932
CapitalCost,BAU,RD,PPAFOI,,,,2034,,,,,,930.6146
CapitalCost,BAU,RD,PPAFOI,,,,2035,,,,,,927.1806
CapitalCost,BAU,RD,PPAFOI,,,,2036,,,,,,922.6019
CapitalCost,BAU,RD,PPAFOI,,,,2037,,,,,,919.1679
CapitalCost,BAU,RD,PPAFOI,,,,2038,,,,,,914.5892
CapitalCost,BAU,RD,PPAFOI,,,,2039,,,,,,911.1552
CapitalCost,BAU,RD,PPAFOI,,,,2040,,,,,,907.7212
CapitalCost,BAU,RD,PPAFOI,,,,2041,,,,,,903.1426
CapitalCost,BAU,RD,PPAFOI,,,,2042,,,,,,899.7086
CapitalCost,BAU,RD,PPAFOI,,,,2043,,,,,,895.1299
CapitalCost,BAU,RD,PPAFOI,,,,2044,,,,,,891.6959
CapitalCost,BAU,RD,PPAFOI,,,,2045,,,,,,887.1172
CapitalCost,BAU,RD,PPAFOI,,,,2046,,,,,,883.6832
CapitalCost,BAU,RD,PPAFOI,,,,2047,,,,,,879.1045
CapitalCost,BAU,RD,PPAFOI,,,,2048,,,,,,876.8152
CapitalCost,BAU,RD,PPAFOI,,,,2049,,,,,,874.5259
CapitalCost,BAU,RD,PPAFOI,,,,2050,,,,,,874.5259
CapitalCost,BAU,RD,PPANGS,,,,2018,,,,,,1084.0
CapitalCost,BAU,RD,PPANGS,,,,2019,,,,,,1084.0
CapitalCost,BAU,RD,PPANGS,,,,2020,,,,,,1084.0
CapitalCost,BAU,RD,PPANGS,,,,2021,,,,,,1010.7413
CapitalCost,BAU,RD,PPANGS,,,,2022,,,,,,1005.018
CapitalCost,BAU,RD,PPANGS,,,,2023,,,,,,991.2819
CapitalCost,BAU,RD,PPANGS,,,,2024,,,,,,982.1246
CapitalCost,BAU,RD,PPANGS,,,,2025,,,,,,975.2566
CapitalCost,BAU,RD,PPANGS,,,,2026,,,,,,967.2439
CapitalCost,BAU,RD,PPANGS,,,,2027,,,,,,961.5206
CapitalCost,BAU,RD,PPANGS,,,,2028,,,,,,955.7973
CapitalCost,BAU,RD,PPANGS,,,,2029,,,,,,952.3633
CapitalCost,BAU,RD,PPANGS,,,,2030,,,,,,946.6399
CapitalCost,BAU,RD,PPANGS,,,,2031,,,,,,943.2059
CapitalCost,BAU,RD,PPANGS,,,,2032,,,,,,938.6272
CapitalCost,BAU,RD,PPANGS,,,,2033,,,,,,935.1932
CapitalCost,BAU,RD,PPANGS,,,,2034,,,,,,930.6146
CapitalCost,BAU,RD,PPANGS,,,,2035,,,,,,927.1806
CapitalCost,BAU,RD,PPANGS,,,,2036,,,,,,922.6019
CapitalCost,BAU,RD,PPANGS,,,,2037,,,,,,919.1679
CapitalCost,BAU,RD,PPANGS,,,,2038,,,,,,914.5892
CapitalCost,BAU,RD,PPANGS,,,,2039,,,,,,911.1552
CapitalCost,BAU,RD,PPANGS,,,,2040,,,,,,907.7212
CapitalCost,BAU,RD,PPANGS,,,,2041,,,,,,903.1426
CapitalCost,BAU,RD,PPANGS,,,,2042,,,,,,899.7086
CapitalCost,BAU,RD,PPANGS,,,,2043,,,,,,895.1299
CapitalCost,BAU,RD,PPANGS,,,,2044,,,,,,891.6959
CapitalCost,BAU,RD,PPANGS,,,,2045,,,,,,887.1172
CapitalCost,BAU,RD,PPANGS,,,,2046,,,,,,883.6832
CapitalCost,BAU,RD,PPANGS,,,,2047,,,,,,879.1045
CapitalCost,BAU,RD,PPANGS,,,,2048,,,,,,876.8152
CapitalCost,BAU,RD,PPANGS,,,,2049,,,,,,874.5259
CapitalCost,BAU,RD,PPANGS,,,,2050,,,,,,874.5259
CapitalCost,BAU,RD,PPDBGS,,,,2018,,,,,,1084.0
CapitalCost,BAU,RD,PPDBGS,,,,2019,,,,,,1084.0
CapitalCost,BAU,RD,PPDBGS,,,,2020,,,,,,1084.0
CapitalCost,BAU,RD,PPDBGS,,,,2021,,,,,,1010.7413
CapitalCost,BAU,RD,PPDBGS,,,,2022,,,,,,1005.018
CapitalCost,BAU,RD,PPDBGS,,,,2023,,,,,,991.2819
CapitalCost,BAU,RD,PPDBGS,,,,2024,,,,,,982.1246
CapitalCost,BAU,RD,PPDBGS,,,,2025,,,,,,975.2566
CapitalCost,BAU,RD,PPDBGS,,,,2026,,,,,,967.2439
CapitalCost,BAU,RD,PPDBGS,,,,2027,,,,,,961.5206
CapitalCost,BAU,RD,PPDBGS,,,,2028,,,,,,955.7973
CapitalCost,BAU,RD,PPDBGS,,,,2029,,,,,,952.3633
CapitalCost,BAU,RD,PPDBGS,,,,2030,,,,,,946.6399
CapitalCost,BAU,RD,PPDBGS,,,,2031,,,,,,943.2059
CapitalCost,BAU,RD,PPDBGS,,,,2032,,,,,,938.6272
CapitalCost,BAU,RD,PPDBGS,,,,2033,,,,,,935.1932
CapitalCost,BAU,RD,PPDBGS,,,,2034,,,,,,930.6146
CapitalCost,BAU,RD,PPDBGS,,,,2035,,,,,,927.1806
CapitalCost,BAU,RD,PPDBGS,,,,2036,,,,,,922.6019
CapitalCost,BAU,RD,PPDBGS,,,,2037,,,,,,919.1679
CapitalCost,BAU,RD,PPDBGS,,,,2038,,,,,,914.5892
CapitalCost,BAU,RD,PPDBGS,,,,2039,,,,,,911.1552
CapitalCost,BAU,RD,PPDBGS,,,,2040,,,,,,907.7212
CapitalCost,BAU,RD,PPDBGS,,,,2041,,,,,,903.1426
CapitalCost,BAU,RD,PPDBGS,,,,2042,,,,,,899.7086
CapitalCost,BAU,RD,PPDBGS,,,,2043,,,,,,895.1299
CapitalCost,BAU,RD,PPDBGS,,,,2044,,,,,,891.6959
CapitalCost,BAU,RD,PPDBGS,,,,2045,,,,,,887.1172
CapitalCost,BAU,RD,PPDBGS,,,,2046,,,,,,883.6832
CapitalCost,BAU,RD,PPDBGS,,,,2047,,,,,,879.1045
CapitalCost,BAU,RD,PPDBGS,,,,2048,,,,,,876.8152
CapitalCost,BAU,RD,PPDBGS,,,,2049,,,,,,874.5259
CapitalCost,BAU,RD,PPDBGS,,,,2050,,,,,,874.5259
CapitalCost,BAU,RD,PPDDSL,,,,2018,,,,,,1084.0
CapitalCost,BAU,RD,PPDDSL,,,,2019,,,,,,1084.0
CapitalCost,BAU,RD,PPDDSL,,,,2020,,,,,,1084.0
CapitalCost,BAU,RD,PPDDSL,,,,2021,,,,,,1010.7413
CapitalCost,BAU,RD,PPDDSL,,,,2022,,,,,,1005.018
CapitalCost,BAU,RD,PPDDSL,,,,2023,,,,,,991.2819
CapitalCost,BAU,RD,PPDDSL,,,,2024,,,,,,982.1246
CapitalCost,BAU,RD,PPDDSL,,,,2025,,,,,,975.2566
CapitalCost,BAU,RD,PPDDSL,,,,2026,,,,,,967.2439
CapitalCost,BAU,RD,PPDDSL,,,,2027,,,,,,961.5206
CapitalCost,BAU,RD,PPDDSL,,,,2028,,,,,,955.7973
CapitalCost,BAU,RD,PPDDSL,,,,2029,,,,,,952.3633
CapitalCost,BAU,RD,PPDDSL,,,,2030,,,,,,946.6399
CapitalCost,BAU,RD,PPDDSL,,,,2031,,,,,,943.2059
CapitalCost,BAU,RD,PPDDSL,,,,2032,,,,,,938.6272
CapitalCost,BAU,RD,PPDDSL,,,,2033,,,,,,935.1932
CapitalCost,BAU,RD,PPDDSL,,,,2034,,,,,,930.6146
CapitalCost,BAU,RD,PPDDSL,,,,2035,,,,,,927.1806
CapitalCost,BAU,RD,PPDDSL,,,,2036,,,,,,922.6019
CapitalCost,BAU,RD,PPDDSL,,,,2037,,,,,,919.1679
CapitalCost,BAU,RD,PPDDSL,,,,2038,,,,,,914.5892
CapitalCost,BAU,RD,PPDDSL,,,,2039,,,,,,911.1552
CapitalCost,BAU,RD,PPDDSL,,,,2040,,,,,,907.7212
CapitalCost,BAU,RD,PPDDSL,,,,2041,,,,,,903.1426
CapitalCost,BAU,RD,PPDDSL,,,,2042,,,,,,899.7086
CapitalCost,BAU,RD,PPDDSL,,,,2043,,,,,,895.1299
CapitalCost,BAU,RD,PPDDSL,,,,2044,,,,,,891.6959
CapitalCost,BAU,RD,PPDDSL,,,,2045,,,,,,887.1172
CapitalCost,BAU,RD,PPDDSL,,,,2046,,,,,,883.6832
CapitalCost,BAU,RD,PPDDSL,,,,2047,,,,,,879.1045
CapitalCost,BAU,RD,PPDDSL,,,,2048,,,,,,876.8152
CapitalCost,BAU,RD,PPDDSL,,,,2049,,,,,,874.5259
CapitalCost,BAU,RD,PPDDSL,,,,2050,,,,,,874.5259
CapitalCost,BAU,RD,PPDFOI,,,,2018,,,,,,1084.0
CapitalCost,BAU,RD,PPDFOI,,,,2019,,,,,,1084.0
CapitalCost,BAU,RD,PPDFOI,,,,2020,,,,,,1084.0
CapitalCost,BAU,RD,PPDFOI,,,,2021,,,,,,1010.7413
CapitalCost,BAU,RD,PPDFOI,,,,2022,,,,,,1005.018
CapitalCost,BAU,RD,PPDFOI,,,,2023,,,,,,991.2819
CapitalCost,BAU,RD,PPDFOI,,,,2024,,,,,,982.1246
CapitalCost,BAU,RD,PPDFOI,,,,2025,,,,,,975.2566
CapitalCost,BAU,RD,PPDFOI,,,,2026,,,,,,967.2439
CapitalCost,BAU,RD,PPDFOI,,,,2027,,,,,,961.5206
CapitalCost,BAU,RD,PPDFOI,,,,2028,,,,,,955.7973
CapitalCost,BAU,RD,PPDFOI,,,,2029,,,,,,952.3633
CapitalCost,BAU,RD,PPDFOI,,,,2030,,,,,,946.6399
CapitalCost,BAU,RD,PPDFOI,,,,2031,,,,,,943.2059
CapitalCost,BAU,RD,PPDFOI,,,,2032,,,,,,938.6272
CapitalCost,BAU,RD,PPDFOI,,,,2033,,,,,,935.1932
CapitalCost,BAU,RD,PPDFOI,,,,2034,,,,,,930.6146
CapitalCost,BAU,RD,PPDFOI,,,,2035,,,,,,927.1806
CapitalCost,BAU,RD,PPDFOI,,,,2036,,,,,,922.6019
CapitalCost,BAU,RD,PPDFOI,,,,2037,,,,,,919.1679
CapitalCost,BAU,RD,PPDFOI,,,,2038,,,,,,914.5892
CapitalCost,BAU,RD,PPDFOI,,,,2039,,,,,,911.1552
CapitalCost,BAU,RD,PPDFOI,,,,2040,,,,,,907.7212
CapitalCost,BAU,RD,PPDFOI,,,,2041,,,,,,903.1426
CapitalCost,BAU,RD,PPDFOI,,,,2042,,,,,,899.7086
CapitalCost,BAU,RD,PPDFOI,,,,2043,,,,,,895.1299
CapitalCost,BAU,RD,PPDFOI,,,,2044,,,,,,891.6959
CapitalCost,BAU,RD,PPDFOI,,,,2045,,,,,,887.1172
CapitalCost,BAU,RD,PPDFOI,,,,2046,,,,,,883.6832
CapitalCost,BAU,RD,PPDFOI,,,,2047,,,,,,879.1045
CapitalCost,BAU,RD,PPDFOI,,,,2048,,,,,,876.8152
CapitalCost,BAU,RD,PPDFOI,,,,2049,,,,,,874.5259
CapitalCost,BAU,RD,PPDFOI,,,,2050,,,,,,874.5259
CapitalCost,BAU,RD,PPDNGS,,,,2018,,,,,,1084.0
CapitalCost,BAU,RD,PPDNGS,,,,2019,,,,,,1084.0
CapitalCost,BAU,RD,PPDNGS,,,,2020,,,,,,1084.0
CapitalCost,BAU,RD,PPDNGS,,,,2021,,,,,,1010.7413
CapitalCost,BAU,RD,PPDNGS,,,,2022,,,,,,1005.018
CapitalCost,BAU,RD,PPDNGS,,,,2023,,,,,,991.2819
CapitalCost,BAU,RD,PPDNGS,,,,2024,,,,,,982.1246
CapitalCost,BAU,RD,PPDNGS,,,,2025,,,,,,975.2566
CapitalCost,BAU,RD,PPDNGS,,,,2026,,,,,,967.2439
CapitalCost,BAU,RD,PPDNGS,,,,2027,,,,,,961.5206
CapitalCost,BAU,RD,PPDNGS,,,,2028,,,,,,955.7973
CapitalCost,BAU,RD,PPDNGS,,,,2029,,,,,,952.3633
CapitalCost,BAU,RD,PPDNGS,,,,2030,,,,,,946.6399
CapitalCost,BAU,RD,PPDNGS,,,,2031,,,,,,943.2059
CapitalCost,BAU,RD,PPDNGS,,,,2032,,,,,,938.6272
CapitalCost,BAU,RD,PPDNGS,,,,2033,,,,,,935.1932
CapitalCost,BAU,RD,PPDNGS,,,,2034,,,,,,930.6146
CapitalCost,BAU,RD,PPDNGS,,,,2035,,,,,,927.1806
CapitalCost,BAU,RD,PPDNGS,,,,2036,,,,,,922.6019
CapitalCost,BAU,RD,PPDNGS,,,,2037,,,,,,919.1679
CapitalCost,BAU,RD,PPDNGS,,,,2038,,,,,,914.5892
CapitalCost,BAU,RD,PPDNGS,,,,2039,,,,,,911.1552
CapitalCost,BAU,RD,PPDNGS,,,,2040,,,,,,907.7212
CapitalCost,BAU,RD,PPDNGS,,,,2041,,,,,,903.1426
CapitalCost,BAU,RD,PPDNGS,,,,2042,,,,,,899.7086
CapitalCost,BAU,RD,PPDNGS,,,,2043,,,,,,895.1299
CapitalCost,BAU,RD,PPDNGS,,,,2044,,,,,,891.6959
CapitalCost,BAU,RD,PPDNGS,,,,2045,,,,,,887.1172
CapitalCost,BAU,RD,PPDNGS,,,,2046,,,,,,883.6832
CapitalCost,BAU,RD,PPDNGS,,,,2047,,,,,,879.1045
CapitalCost,BAU,RD,PPDNGS,,,,2048,,,,,,876.8152
CapitalCost,BAU,RD,PPDNGS,,,,2049,,,,,,874.5259
CapitalCost,BAU,RD,PPDNGS,,,,2050,,,,,,874.5259
CapitalCost,BAU,RD,PPDGSL,,,,2018,,,,,,1084.0
CapitalCost,BAU,RD,PPDGSL,,,,2019,,,,,,1084.0
CapitalCost,BAU,RD,PPDGSL,,,,2020,,,,,,1084.0
CapitalCost,BAU,RD,PPDGSL,,,,2021,,,,,,1010.7413
CapitalCost,BAU,RD,PPDGSL,,,,2022,,,,,,1005.018
CapitalCost,BAU,RD,PPDGSL,,,,2023,,,,,,991.2819
CapitalCost,BAU,RD,PPDGSL,,,,2024,,,,,,982.1246
CapitalCost,BAU,RD,PPDGSL,,,,2025,,,,,,975.2566
CapitalCost,BAU,RD,PPDGSL,,,,2026,,,,,,967.2439
CapitalCost,BAU,RD,PPDGSL,,,,2027,,,,,,961.5206
CapitalCost,BAU,RD,PPDGSL,,,,2028,,,,,,955.7973
CapitalCost,BAU,RD,PPDGSL,,,,2029,,,,,,952.3633
CapitalCost,BAU,RD,PPDGSL,,,,2030,,,,,,946.6399
CapitalCost,BAU,RD,PPDGSL,,,,2031,,,,,,943.2059
CapitalCost,BAU,RD,PPDGSL,,,,2032,,,,,,938.6272
CapitalCost,BAU,RD,PPDGSL,,,,2033,,,,,,935.1932
CapitalCost,BAU,RD,PPDGSL,,,,2034,,,,,,930.6146
CapitalCost,BAU,RD,PPDGSL,,,,2035,,,,,,927.1806
CapitalCost,BAU,RD,PPDGSL,,,,2036,,,,,,922.6019
CapitalCost,BAU,RD,PPDGSL,,,,2037,,,,,,919.1679
CapitalCost,BAU,RD,PPDGSL,,,,2038,,,,,,914.5892
CapitalCost,BAU,RD,PPDGSL,,,,2039,,,,,,911.1552
CapitalCost,BAU,RD,PPDGSL,,,,2040,,,,,,907.7212
CapitalCost,BAU,RD,PPDGSL,,,,2041,,,,,,903.1426
CapitalCost,BAU,RD,PPDGSL,,,,2042,,,,,,899.7086
CapitalCost,BAU,RD,PPDGSL,,,,2043,,,,,,895.1299
CapitalCost,BAU,RD,PPDGSL,,,,2044,,,,,,891.6959
CapitalCost,BAU,RD,PPDGSL,,,,2045,,,,,,887.1172
CapitalCost,BAU,RD,PPDGSL,,,,2046,,,,,,883.6832
CapitalCost,BAU,RD,PPDGSL,,,,2047,,,,,,879.1045
CapitalCost,BAU,RD,PPDGSL,,,,2048,,,,,,876.8152
CapitalCost,BAU,RD,PPDGSL,,,,2049,,,,,,874.5259
CapitalCost,BAU,RD,PPDGSL,,,,2050,,,,,,874.5259
CapitalCost,BAU,RD,PPDGLP,,,,2018,,,,,,1084.0
CapitalCost,BAU,RD,PPDGLP,,,,2019,,,,,,1084.0
CapitalCost,BAU,RD,PPDGLP,,,,2020,,,,,,1084.0
CapitalCost,BAU,RD,PPDGLP,,,,2021,,,,,,1010.7413
CapitalCost,BAU,RD,PPDGLP,,,,2022,,,,,,1005.018
CapitalCost,BAU,RD,PPDGLP,,,,2023,,,,,,991.2819
CapitalCost,BAU,RD,PPDGLP,,,,2024,,,,,,982.1246
CapitalCost,BAU,RD,PPDGLP,,,,2025,,,,,,975.2566
CapitalCost,BAU,RD,PPDGLP,,,,2026,,,,,,967.2439
CapitalCost,BAU,RD,PPDGLP,,,,2027,,,,,,961.5206
CapitalCost,BAU,RD,PPDGLP,,,,2028,,,,,,955.7973
CapitalCost,BAU,RD,PPDGLP,,,,2029,,,,,,952.3633
CapitalCost,BAU,RD,PPDGLP,,,,2030,,,,,,946.6399
CapitalCost,BAU,RD,PPDGLP,,,,2031,,,,,,943.2059
CapitalCost,BAU,RD,PPDGLP,,,,2032,,,,,,938.6272
CapitalCost,BAU,RD,PPDGLP,,,,2033,,,,,,935.1932
CapitalCost,BAU,RD,PPDGLP,,,,2034,,,,,,930.6146
CapitalCost,BAU,RD,PPDGLP,,,,2035,,,,,,927.1806
CapitalCost,BAU,RD,PPDGLP,,,,2036,,,,,,922.6019
CapitalCost,BAU,RD,PPDGLP,,,,2037,,,,,,919.1679
CapitalCost,BAU,RD,PPDGLP,,,,2038,,,,,,914.5892
CapitalCost,BAU,RD,PPDGLP,,,,2039,,,,,,911.1552
CapitalCost,BAU,RD,PPDGLP,,,,2040,,,,,,907.7212
CapitalCost,BAU,RD,PPDGLP,,,,2041,,,,,,903.1426
CapitalCost,BAU,RD,PPDGLP,,,,2042,,,,,,899.7086
CapitalCost,BAU,RD,PPDGLP,,,,2043,,,,,,895.1299
CapitalCost,BAU,RD,PPDGLP,,,,2044,,,,,,891.6959
CapitalCost,BAU,RD,PPDGLP,,,,2045,,,,,,887.1172
CapitalCost,BAU,RD,PPDGLP,,,,2046,,,,,,883.6832
CapitalCost,BAU,RD,PPDGLP,,,,2047,,,,,,879.1045
CapitalCost,BAU,RD,PPDGLP,,,,2048,,,,,,876.8152
CapitalCost,BAU,RD,PPDGLP,,,,2049,,,,,,874.5259
CapitalCost,BAU,RD,PPDGLP,,,,2050,,,,,,874.5259
CapitalCost,BAU,RD,PPDBIM,,,,2018,,,,,,1084.0
CapitalCost,BAU,RD,PPDBIM,,,,2019,,,,,,1084.0
CapitalCost,BAU,RD,PPDBIM,,,,2020,,,,,,1084.0
CapitalCost,BAU,RD,PPDBIM,,,,2021,,,,,,1010.7413
CapitalCost,BAU,RD,PPDBIM,,,,2022,,,,,,1005.018
CapitalCost,BAU,RD,PPDBIM,,,,2023,,,,,,991.2819
CapitalCost,BAU,RD,PPDBIM,,,,2024,,,,,,982.1246
CapitalCost,BAU,RD,PPDBIM,,,,2025,,,,,,975.2566
CapitalCost,BAU,RD,PPDBIM,,,,2026,,,,,,967.2439
CapitalCost,BAU,RD,PPDBIM,,,,2027,,,,,,961.5206
CapitalCost,BAU,RD,PPDBIM,,,,2028,,,,,,955.7973
CapitalCost,BAU,RD,PPDBIM,,,,2029,,,,,,952.3633
CapitalCost,BAU,RD,PPDBIM,,,,2030,,,,,,946.6399
CapitalCost,BAU,RD,PPDBIM,,,,2031,,,,,,943.2059
CapitalCost,BAU,RD,PPDBIM,,,,2032,,,,,,938.6272
CapitalCost,BAU,RD,PPDBIM,,,,2033,,,,,,935.1932
CapitalCost,BAU,RD,PPDBIM,,,,2034,,,,,,930.6146
CapitalCost,BAU,RD,PPDBIM,,,,2035,,,,,,927.1806
CapitalCost,BAU,RD,PPDBIM,,,,2036,,,,,,922.6019
CapitalCost,BAU,RD,PPDBIM,,,,2037,,,,,,919.1679
CapitalCost,BAU,RD,PPDBIM,,,,2038,,,,,,914.5892
CapitalCost,BAU,RD,PPDBIM,,,,2039,,,,,,911.1552
CapitalCost,BAU,RD,PPDBIM,,,,2040,,,,,,907.7212
CapitalCost,BAU,RD,PPDBIM,,,,2041,,,,,,903.1426
CapitalCost,BAU,RD,PPDBIM,,,,2042,,,,,,899.7086
CapitalCost,BAU,RD,PPDBIM,,,,2043,,,,,,895.1299
CapitalCost,BAU,RD,PPDBIM,,,,2044,,,,,,891.6959
CapitalCost,BAU,RD,PPDBIM,,,,2045,,,,,,887.1172
CapitalCost,BAU,RD,PPDBIM,,,,2046,,,,,,883.6832
CapitalCost,BAU,RD,PPDBIM,,,,2047,,,,,,879.1045
CapitalCost,BAU,RD,PPDBIM,,,,2048,,,,,,876.8152
CapitalCost,BAU,RD,PPDBIM,,,,2049,,,,,,874.5259
CapitalCost,BAU,RD,PPDBIM,,,,2050,,,,,,874.5259
CapitalCost,BAU,RD,ELE_TRANS,,,,2018,,,,,,2.7251
CapitalCost,BAU,RD,ELE_TRANS,,,,2019,,,,,,2.7251
CapitalCost,BAU,RD,ELE_TRANS,,,,2020,,,,,,2.7251
CapitalCost,BAU,RD,ELE_TRANS,,,,2021,,,,,,2.7251
CapitalCost,BAU,RD,ELE_TRANS,,,,2022,,,,,,2.7251
CapitalCost,BAU,RD,ELE_TRANS,,,,2023,,,,,,2.7251
CapitalCost,BAU,RD,ELE_TRANS,,,,2024,,,,,,2.7251
CapitalCost,BAU,RD,ELE_TRANS,,,,2025,,,,,,2.7251
CapitalCost,BAU,RD,ELE_TRANS,,,,2026,,,,,,2.7251
CapitalCost,BAU,RD,ELE_TRANS,,,,2027,,,,,,2.7251
CapitalCost,BAU,RD,ELE_TRANS,,,,2028,,,,,,2.7251
CapitalCost,BAU,RD,ELE_TRANS,,,,2029,,,,,,2.7251
CapitalCost,BAU,RD,ELE_TRANS,,,,2030,,,,,,2.7251
CapitalCost,BAU,RD,ELE_TRANS,,,,2031,,,,,,2.7251
CapitalCost,BAU,RD,ELE_TRANS,,,,2032,,,,,,2.7251
CapitalCost,BAU,RD,ELE_TRANS,,,,2033,,,,,,2.7251
CapitalCost,BAU,RD,ELE_TRANS,,,,2034,,,,,,2.7251
CapitalCost,BAU,RD,ELE_TRANS,,,,2035,,,,,,2.7251
CapitalCost,BAU,RD,ELE_TRANS,,,,2036,,,,,,2.7251
CapitalCost,BAU,RD,ELE_TRANS,,,,2037,,,,,,2.7251
CapitalCost,BAU,RD,ELE_TRANS,,,,2038,,,,,,2.7251
CapitalCost,BAU,RD,ELE_TRANS,,,,2039,,,,,,2.7251
CapitalCost,BAU,RD,ELE_TRANS,,,,2040,,,,,,2.7251
CapitalCost,BAU,RD,ELE_TRANS,,,,2041,,,,,,2.7251
CapitalCost,BAU,RD,ELE_TRANS,,,,2042,,,,,,2.7251
CapitalCost,BAU,RD,ELE_TRANS,,,,2043,,,,,,2.7251
CapitalCost,BAU,RD,ELE_TRANS,,,,2044,,,,,,2.7251
CapitalCost,BAU,RD,ELE_TRANS,,,,2045,,,,,,2.7251
CapitalCost,BAU,RD,ELE_TRANS,,,,2046,,,,,,2.7251
CapitalCost,BAU,RD,ELE_TRANS,,,,2047,,,,,,2.7251
CapitalCost,BAU,RD,ELE_TRANS,,,,2048,,,,,,2.7251
CapitalCost,BAU,RD,ELE_TRANS,,,,2049,,,,,,2.7251
CapitalCost,BAU,RD,ELE_TRANS,,,,2050,,,,,,2.7251
CapitalCost,BAU,RD,HYD_G_PROD,,,,2018,,,,,,112.0
CapitalCost,BAU,RD,HYD_G_PROD,,,,2019,,,,,,112.0
CapitalCost,BAU,RD,HYD_G_PROD,,,,2020,,,,,,112.0
CapitalCost,BAU,RD,HYD_G_PROD,,,,2021,,,,,,112.0
CapitalCost,BAU,RD,HYD_G_PROD,,,,2022,,,,,,112.0
CapitalCost,BAU,RD,HYD_G_PROD,,,,2023,,,,,,112.0
CapitalCost,BAU,RD,HYD_G_PROD,,,,2024,,,,,,112.0
CapitalCost,BAU,RD,HYD_G_PROD,,,,2025,,,,,,112.0
CapitalCost,BAU,RD,HYD_G_PROD,,,,2026,,,,,,112.0
CapitalCost,BAU,RD,HYD_G_PROD,,,,2027,,,,,,112.0
CapitalCost,BAU,RD,HYD_G_PROD,,,,2028,,,,,,112.0
CapitalCost,BAU,RD,HYD_G_PROD,,,,2029,,,,,,112.0
CapitalCost,BAU,RD,HYD_G_PROD,,,,2030,,,,,,112.0
CapitalCost,BAU,RD,HYD_G_PROD,,,,2031,,,,,,112.0
CapitalCost,BAU,RD,HYD_G_PROD,,,,2032,,,,,,112.0
CapitalCost,BAU,RD,HYD_G_PROD,,,,2033,,,,,,112.0
CapitalCost,BAU,RD,HYD_G_PROD,,,,2034,,,,,,112.0
CapitalCost,BAU,RD,HYD_G_PROD,,,,2035,,,,,,112.0
CapitalCost,BAU,RD,HYD_G_PROD,,,,2036,,,,,,112.0
CapitalCost,BAU,RD,HYD_G_PROD,,,,2037,,,,,,112.0
CapitalCost,BAU,RD,HYD_G_PROD,,,,2038,,,,,,112.0
CapitalCost,BAU,RD,HYD_G_PROD,,,,2039,,,,,,112.0
CapitalCost,BAU,RD,HYD_G_PROD,,,,2040,,,,,,112.0
CapitalCost,BAU,RD,HYD_G_PROD,,,,2041,,,,,,112.0
CapitalCost,BAU,RD,HYD_G_PROD,,,,2042,,,,,,112.0
CapitalCost,BAU,RD,HYD_G_PROD,,,,2043,,,,,,112.0
CapitalCost,BAU,RD,HYD_G_PROD,,,,2044,,,,,,112.0
CapitalCost,BAU,RD,HYD_G_PROD,,,,2045,,,,,,112.0
CapitalCost,BAU,RD,HYD_G_PROD,,,,2046,,,,,,112.0
CapitalCost,BAU,RD,HYD_G_PROD,,,,2047,,,,,,112.0
CapitalCost,BAU,RD,HYD_G_PROD,,,,2048,,,,,,112.0
CapitalCost,BAU,RD,HYD_G_PROD,,,,2049,,,,,,112.0
CapitalCost,BAU,RD,HYD_G_PROD,,,,2050,,,,,,112.0
CapitalCost,BAU,RD,ELE_DIST,,,,2018,,,,,,0.9813
CapitalCost,BAU,RD,ELE_DIST,,,,2019,,,,,,0.9813
CapitalCost,BAU,RD,ELE_DIST,,,,2020,,,,,,0.9813
CapitalCost,BAU,RD,ELE_DIST,,,,2021,,,,,,0.9813
CapitalCost,BAU,RD,ELE_DIST,,,,2022,,,,,,0.9813
CapitalCost,BAU,RD,ELE_DIST,,,,2023,,,,,,0.9813
CapitalCost,BAU,RD,ELE_DIST,,,,2024,,,,,,0.9813
CapitalCost,BAU,RD,ELE_DIST,,,,2025,,,,,,0.9813
CapitalCost,BAU,RD,ELE_DIST,,,,2026,,,,,,0.9813
CapitalCost,BAU,RD,ELE_DIST,,,,2027,,,,,,0.9813
CapitalCost,BAU,RD,ELE_DIST,,,,2028,,,,,,0.9813
CapitalCost,BAU,RD,ELE_DIST,,,,2029,,,,,,0.9813
CapitalCost,BAU,RD,ELE_DIST,,,,2030,,,,,,0.9813
CapitalCost,BAU,RD,ELE_DIST,,,,2031,,,,,,0.9813
CapitalCost,BAU,RD,ELE_DIST,,,,2032,,,,,,0.9813
CapitalCost,BAU,RD,ELE_DIST,,,,2033,,,,,,0.9813
CapitalCost,BAU,RD,ELE_DIST,,,,2034,,,,,,0.9813
CapitalCost,BAU,RD,ELE_DIST,,,,2035,,,,,,0.9813
CapitalCost,BAU,RD,ELE_DIST,,,,2036,,,,,,0.9813
CapitalCost,BAU,RD,ELE_DIST,,,,2037,,,,,,0.9813
CapitalCost,BAU,RD,ELE_DIST,,,,2038,,,,,,0.9813
CapitalCost,BAU,RD,ELE_DIST,,,,2039,,,,,,0.9813
CapitalCost,BAU,RD,ELE_DIST,,,,2040,,,,,,0.9813
CapitalCost,BAU,RD,ELE_DIST,,,,2041,,,,,,0.9813
CapitalCost,BAU,RD,ELE_DIST,,,,2042,,,,,,0.9813
CapitalCost,BAU,RD,ELE_DIST,,,,2043,,,,,,0.9813
CapitalCost,BAU,RD,ELE_DIST,,,,2044,,,,,,0.9813
CapitalCost,BAU,RD,ELE_DIST,,,,2045,,,,,,0.9813
CapitalCost,BAU,RD,ELE_DIST,,,,2046,,,,,,0.9813
CapitalCost,BAU,RD,ELE_DIST,,,,2047,,,,,,0.9813
CapitalCost,BAU,RD,ELE_DIST,,,,2048,,,,,,0.9813
CapitalCost,BAU,RD,ELE_DIST,,,,2049,,,,,,0.9813
CapitalCost,BAU,RD,ELE_DIST,,,,2050,,,,,,0.9813
CapitalCost,BAU,RD,HYD_DIST,,,,2018,,,,,,4.5
CapitalCost,BAU,RD,HYD_DIST,,,,2019,,,,,,4.5
CapitalCost,BAU,RD,HYD_DIST,,,,2020,,,,,,4.5
CapitalCost,BAU,RD,HYD_DIST,,,,2021,,,,,,4.5
CapitalCost,BAU,RD,HYD_DIST,,,,2022,,,,,,4.5
CapitalCost,BAU,RD,HYD_DIST,,,,2023,,,,,,4.5
CapitalCost,BAU,RD,HYD_DIST,,,,2024,,,,,,4.5
CapitalCost,BAU,RD,HYD_DIST,,,,2025,,,,,,4.5
CapitalCost,BAU,RD,HYD_DIST,,,,2026,,,,,,4.5
CapitalCost,BAU,RD,HYD_DIST,,,,2027,,,,,,4.5
CapitalCost,BAU,RD,HYD_DIST,,,,2028,,,,,,4.5
CapitalCost,BAU,RD,HYD_DIST,,,,2029,,,,,,4.5
CapitalCost,BAU,RD,HYD_DIST,,,,2030,,,,,,4.5
CapitalCost,BAU,RD,HYD_DIST,,,,2031,,,,,,4.5
CapitalCost,BAU,RD,HYD_DIST,,,,2032,,,,,,4.5
CapitalCost,BAU,RD,HYD_DIST,,,,2033,,,,,,4.5
CapitalCost,BAU,RD,HYD_DIST,,,,2034,,,,,,4.5
CapitalCost,BAU,RD,HYD_DIST,,,,2035,,,,,,4.5
CapitalCost,BAU,RD,HYD_DIST,,,,2036,,,,,,4.5
CapitalCost,BAU,RD,HYD_DIST,,,,2037,,,,,,4.5
CapitalCost,BAU,RD,HYD_DIST,,,,2038,,,,,,4.5
CapitalCost,BAU,RD,HYD_DIST,,,,2039,,,,,,4.5
CapitalCost,BAU,RD,HYD_DIST,,,,2040,,,,,,4.5
CapitalCost,BAU,RD,HYD_DIST,,,,2041,,,,,,4.5
CapitalCost,BAU,RD,HYD_DIST,,,,2042,,,,,,4.5
CapitalCost,BAU,RD,HYD_DIST,,,,2043,,,,,,4.5
CapitalCost,BAU,RD,HYD_DIST,,,,2044,,,,,,4.5
CapitalCost,BAU,RD,HYD_DIST,,,,2045,,,,,,4.5
CapitalCost,BAU,RD,HYD_DIST,,,,2046,,,,,,4.5
CapitalCost,BAU,RD,HYD_DIST,,,,2047,,,,,,4.5
CapitalCost,BAU,RD,HYD_DIST,,,,2048,,,,,,4.5
CapitalCost,BAU,RD,HYD_DIST,,,,2049,,,,,,4.5
CapitalCost,BAU,RD,HYD_DIST,,,,2050,,,,,,4.5
CapitalCost,BAU,RD,TRAUTDSL,,,,2018,,,,,,1536.6667
CapitalCost,BAU,RD,TRAUTDSL,,,,2019,,,,,,1536.6667
CapitalCost,BAU,RD,TRAUTDSL,,,,2020,,,,,,2048.8889
CapitalCost,BAU,RD,TRAUTDSL,,,,2021,,,,,,1774.3891
CapitalCost,BAU,RD,TRAUTDSL,,,,2022,,,,,,1536.6654
CapitalCost,BAU,RD,TRAUTDSL,,,,2023,,,,,,1536.6654
CapitalCost,BAU,RD,TRAUTDSL,,,,2024,,,,,,1536.6654
CapitalCost,BAU,RD,TRAUTDSL,,,,2025,,,,,,1536.6654
CapitalCost,BAU,RD,TRAUTDSL,,,,2026,,,,,,1536.6654
CapitalCost,BAU,RD,TRAUTDSL,,,,2027,,,,,,1536.6654
CapitalCost,BAU,RD,TRAUTDSL,,,,2028,,,,,,1536.6654
CapitalCost,BAU,RD,TRAUTDSL,,,,2029,,,,,,1536.6654
CapitalCost,BAU,RD,TRAUTDSL,,,,2030,,,,,,1536.6654
CapitalCost,BAU,RD,TRAUTDSL,,,,2031,,,,,,1536.6654
CapitalCost,BAU,RD,TRAUTDSL,,,,2032,,,,,,1536.6654
CapitalCost,BAU,RD,TRAUTDSL,,,,2033,,,,,,1536.6654
CapitalCost,BAU,RD,TRAUTDSL,,,,2034,,,,,,1536.6654
CapitalCost,BAU,RD,TRAUTDSL,,,,2035,,,,,,1536.6654
CapitalCost,BAU,RD,TRAUTDSL,,,,2036,,,,,,1536.6654
CapitalCost,BAU,RD,TRAUTDSL,,,,2037,,,,,,1536.6654
CapitalCost,BAU,RD,TRAUTDSL,,,,2038,,,,,,1536.6654
CapitalCost,BAU,RD,TRAUTDSL,,,,2039,,,,,,1536.6654
CapitalCost,BAU,RD,TRAUTDSL,,,,2040,,,,,,1536.6654
CapitalCost,BAU,RD,TRAUTDSL,,,,2041,,,,,,1536.6654
CapitalCost,BAU,RD,TRAUTDSL,,,,2042,,,,,,1536.6654
CapitalCost,BAU,RD,TRAUTDSL,,,,2043,,,,,,1536.6654
CapitalCost,BAU,RD,TRAUTDSL,,,,2044,,,,,,1536.6654
CapitalCost,BAU,RD,TRAUTDSL,,,,2045,,,,,,1536.6654
CapitalCost,BAU,RD,TRAUTDSL,,,,2046,,,,,,1536.6654
CapitalCost,BAU,RD,TRAUTDSL,,,,2047,,,,,,1536.6654
CapitalCost,BAU,RD,TRAUTDSL,,,,2048,,,,,,1536.6654
CapitalCost,BAU,RD,TRAUTDSL,,,,2049,,,,,,1536.6654
CapitalCost,BAU,RD,TRAUTDSL,,,,2050,,,,,,1536.6654
CapitalCost,BAU,RD,TRAUTGSL,,,,2018,,,,,,1400.5995
CapitalCost,BAU,RD,TRAUTGSL,,,,2019,,,,,,1400.5995
CapitalCost,BAU,RD,TRAUTGSL,,,,2020,,,,,,1867.466
CapitalCost,BAU,RD,TRAUTGSL,,,,2021,,,,,,1617.2724
CapitalCost,BAU,RD,TRAUTGSL,,,,2022,,,,,,1400.5984
CapitalCost,BAU,RD,TRAUTGSL,,,,2023,,,,,,1400.5984
CapitalCost,BAU,RD,TRAUTGSL,,,,2024,,,,,,1400.5984
CapitalCost,BAU,RD,TRAUTGSL,,,,2025,,,,,,1400.5984
CapitalCost,BAU,RD,TRAUTGSL,,,,2026,,,,,,1400.5984
CapitalCost,BAU,RD,TRAUTGSL,,,,2027,,,,,,1400.5984
CapitalCost,BAU,RD,TRAUTGSL,,,,2028,,,,,,1400.5984
CapitalCost,BAU,RD,TRAUTGSL,,,,2029,,,,,,1400.5984
CapitalCost,BAU,RD,TRAUTGSL,,,,2030,,,,,,1400.5984
CapitalCost,BAU,RD,TRAUTGSL,,,,2031,,,,,,1400.5984
CapitalCost,BAU,RD,TRAUTGSL,,,,2032,,,,,,1400.5984
CapitalCost,BAU,RD,TRAUTGSL,,,,2033,,,,,,1400.5984
CapitalCost,BAU,RD,TRAUTGSL,,,,2034,,,,,,1400.5984
CapitalCost,BAU,RD,TRAUTGSL,,,,2035,,,,,,1400.5984
CapitalCost,BAU,RD,TRAUTGSL,,,,2036,,,,,,1400.5984
CapitalCost,BAU,RD,TRAUTGSL,,,,2037,,,,,,1400.5984
CapitalCost,BAU,RD,TRAUTGSL,,,,2038,,,,,,1400.5984
CapitalCost,BAU,RD,TRAUTGSL,,,,2039,,,,,,1400.5984
CapitalCost,BAU,RD,TRAUTGSL,,,,2040,,,,,,1400.5984
CapitalCost,BAU,RD,TRAUTGSL,,,,2041,,,,,,1400.5984
CapitalCost,BAU,RD,TRAUTGSL,,,,2042,,,,,,1400.5984
CapitalCost,BAU,RD,TRAUTGSL,,,,2043,,,,,,1400.5984
CapitalCost,BAU,RD,TRAUTGSL,,,,2044,,,,,,1400.5984
CapitalCost,BAU,RD,TRAUTGSL,,,,2045,,,,,,1400.5984
CapitalCost,BAU,RD,TRAUTGSL,,,,2046,,,,,,1400.5984
CapitalCost,BAU,RD,TRAUTGSL,,,,2047,,,,,,1400.5984
CapitalCost,BAU,RD,TRAUTGSL,,,,2048,,,,,,1400.5984
CapitalCost,BAU,RD,TRAUTGSL,,,,2049,,,,,,1400.5984
CapitalCost,BAU,RD,TRAUTGSL,,,,2050,,,,,,1400.5984
CapitalCost,BAU,RD,TRAUTLPG,,,,2018,,,,,,2151.3333
CapitalCost,BAU,RD,TRAUTLPG,,,,2019,,,,,,2151.3333
CapitalCost,BAU,RD,TRAUTLPG,,,,2020,,,,,,2868.4444
CapitalCost,BAU,RD,TRAUTLPG,,,,2021,,,,,,2484.1448
CapitalCost,BAU,RD,TRAUTLPG,,,,2022,,,,,,2151.3316
CapitalCost,BAU,RD,TRAUTLPG,,,,2023,,,,,,2151.3316
CapitalCost,BAU,RD,TRAUTLPG,,,,2024,,,,,,2151.3316
CapitalCost,BAU,RD,TRAUTLPG,,,,2025,,,,,,2151.3316
CapitalCost,BAU,RD,TRAUTLPG,,,,2026,,,,,,2151.3316
CapitalCost,BAU,RD,TRAUTLPG,,,,2027,,,,,,2151.3316
CapitalCost,BAU,RD,TRAUTLPG,,,,2028,,,,,,2151.3316
CapitalCost,BAU,RD,TRAUTLPG,,,,2029,,,,,,2151.3316
CapitalCost,BAU,RD,TRAUTLPG,,,,2030,,,,,,2151.3316
CapitalCost,BAU,RD,TRAUTLPG,,,,2031,,,,,,2151.3316
CapitalCost,BAU,RD,TRAUTLPG,,,,2032,,,,,,2151.3316
CapitalCost,BAU,RD,TRAUTLPG,,,,2033,,,,,,2151.3316
CapitalCost,BAU,RD,TRAUTLPG,,,,2034,,,,,,2151.3316
CapitalCost,BAU,RD,TRAUTLPG,,,,2035,,,,,,2151.3316
CapitalCost,BAU,RD,TRAUTLPG,,,,2036,,,,,,2151.3316
CapitalCost,BAU,RD,TRAUTLPG,,,,2037,,,,,,2151.3316
CapitalCost,BAU,RD,TRAUTLPG,,,,2038,,,,,,2151.3316
CapitalCost,BAU,RD,TRAUTLPG,,,,2039,,,,,,2151.3316
CapitalCost,BAU,RD,TRAUTLPG,,,,2040,,,,,,2151.3316
CapitalCost,BAU,RD,TRAUTLPG,,,,2041,,,,,,2151.3316
CapitalCost,BAU,RD,TRAUTLPG,,,,2042,,,,,,2151.3316
CapitalCost,BAU,RD,TRAUTLPG,,,,2043,,,,,,2151.3316
CapitalCost,BAU,RD,TRAUTLPG,,,,2044,,,,,,2151.3316
CapitalCost,BAU,RD,TRAUTLPG,,,,2045,,,,,,2151.3316
CapitalCost,BAU,RD,TRAUTLPG,,,,2046,,,,,,2151.3316
CapitalCost,BAU,RD,TRAUTLPG,,,,2047,,,,,,2151.3316
CapitalCost,BAU,RD,TRAUTLPG,,,,2048,,,,,,2151.3316
CapitalCost,BAU,RD,TRAUTLPG,,,,2049,,,,,,2151.3316
CapitalCost,BAU,RD,TRAUTLPG,,,,2050,,,,,,2151.3316
CapitalCost,BAU,RD,TRAUTELE,,,,2018,,,,,,4000.0
CapitalCost,BAU,RD,TRAUTELE,,,,2019,,,,,,3795.4472
CapitalCost,BAU,RD,TRAUTELE,,,,2020,,,,,,4785.8627
CapitalCost,BAU,RD,TRAUTELE,,,,2021,,,,,,3997.7051
CapitalCost,BAU,RD,TRAUTELE,,,,2022,,,,,,3333.3339
CapitalCost,BAU,RD,TRAUTELE,,,,2023,,,,,,3230.2993
CapitalCost,BAU,RD,TRAUTELE,,,,2024,,,,,,3128.7813
CapitalCost,BAU,RD,TRAUTELE,,,,2025,,,,,,3051.5101
CapitalCost,BAU,RD,TRAUTELE,,,,2026,,,,,,2974.2389
CapitalCost,BAU,RD,TRAUTELE,,,,2027,,,,,,2896.9678
CapitalCost,BAU,RD,TRAUTELE,,,,2028,,,,,,2821.2133
CapitalCost,BAU,RD,TRAUTELE,,,,2029,,,,,,2743.9421
CapitalCost,BAU,RD,TRAUTELE,,,,2030,,,,,,2666.6709
CapitalCost,BAU,RD,TRAUTELE,,,,2031,,,,,,2660.6044
CapitalCost,BAU,RD,TRAUTELE,,,,2032,,,,,,2654.5379
CapitalCost,BAU,RD,TRAUTELE,,,,2033,,,,,,2646.974
CapitalCost,BAU,RD,TRAUTELE,,,,2034,,,,,,2640.9075
CapitalCost,BAU,RD,TRAUTELE,,,,2035,,,,,,2634.841
CapitalCost,BAU,RD,TRAUTELE,,,,2036,,,,,,2628.7745
CapitalCost,BAU,RD,TRAUTELE,,,,2037,,,,,,2621.2105
CapitalCost,BAU,RD,TRAUTELE,,,,2038,,,,,,2615.144
CapitalCost,BAU,RD,TRAUTELE,,,,2039,,,,,,2609.0775
CapitalCost,BAU,RD,TRAUTELE,,,,2040,,,,,,2603.0302
CapitalCost,BAU,RD,TRAUTELE,,,,2041,,,,,,2596.9637
CapitalCost,BAU,RD,TRAUTELE,,,,2042,,,,,,2589.3806
CapitalCost,BAU,RD,TRAUTELE,,,,2043,,,,,,2583.3333
CapitalCost,BAU,RD,TRAUTELE,,,,2044,,,,,,2577.2668
CapitalCost,BAU,RD,TRAUTELE,,,,2045,,,,,,2571.2003
CapitalCost,BAU,RD,TRAUTELE,,,,2046,,,,,,2563.6363
CapitalCost,BAU,RD,TRAUTELE,,,,2047,,,,,,2557.5698
CapitalCost,BAU,RD,TRAUTELE,,,,2048,,,,,,2551.5033
CapitalCost,BAU,RD,TRAUTELE,,,,2049,,,,,,2545.456
CapitalCost,BAU,RD,TRAUTELE,,,,2050,,,,,,2537.8729
CapitalCost,BAU,RD,TRAUTHG,,,,2018,,,,,,4080.0
CapitalCost,BAU,RD,TRAUTHG,,,,2019,,,,,,3790.9368
CapitalCost,BAU,RD,TRAUTHG,,,,2020,,,,,,4780.1753
CapitalCost,BAU,RD,TRAUTHG,,,,2021,,,,,,3992.9543
CapitalCost,BAU,RD,TRAUTHG,,,,2022,,,,,,3329.3726
CapitalCost,BAU,RD,TRAUTHG,,,,2023,,,,,,3226.4604
CapitalCost,BAU,RD,TRAUTHG,,,,2024,,,,,,3125.0631
CapitalCost,BAU,RD,TRAUTHG,,,,2025,,,,,,3047.8838
CapitalCost,BAU,RD,TRAUTHG,,,,2026,,,,,,2970.7044
CapitalCost,BAU,RD,TRAUTHG,,,,2027,,,,,,2893.5251
CapitalCost,BAU,RD,TRAUTHG,,,,2028,,,,,,2817.8606
CapitalCost,BAU,RD,TRAUTHG,,,,2029,,,,,,2740.6812
CapitalCost,BAU,RD,TRAUTHG,,,,2030,,,,,,2663.5019
CapitalCost,BAU,RD,TRAUTHG,,,,2031,,,,,,2657.4426
CapitalCost,BAU,RD,TRAUTHG,,,,2032,,,,,,2651.3833
CapitalCost,BAU,RD,TRAUTHG,,,,2033,,,,,,2643.8284
CapitalCost,BAU,RD,TRAUTHG,,,,2034,,,,,,2637.7691
CapitalCost,BAU,RD,TRAUTHG,,,,2035,,,,,,2631.7098
CapitalCost,BAU,RD,TRAUTHG,,,,2036,,,,,,2625.6505
CapitalCost,BAU,RD,TRAUTHG,,,,2037,,,,,,2618.0955
CapitalCost,BAU,RD,TRAUTHG,,,,2038,,,,,,2612.0362
CapitalCost,BAU,RD,TRAUTHG,,,,2039,,,,,,2605.9769
CapitalCost,BAU,RD,TRAUTHG,,,,2040,,,,,,2599.9368
CapitalCost,BAU,RD,TRAUTHG,,,,2041,,,,,,2593.8775
CapitalCost,BAU,RD,TRAUTHG,,,,2042,,,,,,2586.3034
CapitalCost,BAU,RD,TRAUTHG,,,,2043,,,,,,2580.2633
CapitalCost,BAU,RD,TRAUTHG,,,,2044,,,,,,2574.204
CapitalCost,BAU,RD,TRAUTHG,,,,2045,,,,,,2568.1447
CapitalCost,BAU,RD,TRAUTHG,,,,2046,,,,,,2560.5897
CapitalCost,BAU,RD,TRAUTHG,,,,2047,,,,,,2554.5304
CapitalCost,BAU,RD,TRAUTHG,,,,2048,,,,,,2548.4712
CapitalCost,BAU,RD,TRAUTHG,,,,2049,,,,,,2542.431
CapitalCost,BAU,RD,TRAUTHG,,,,2050,,,,,,2534.8569
CapitalCost,BAU,RD,TRTAXGSL,,,,2018,,,,,,233.4333
CapitalCost,BAU,RD,TRTAXGSL,,,,2019,,,,,,233.4333
CapitalCost,BAU,RD,TRTAXGSL,,,,2020,,,,,,311.2444
CapitalCost,BAU,RD,TRTAXGSL,,,,2021,,,,,,269.5455
CapitalCost,BAU,RD,TRTAXGSL,,,,2022,,,,,,233.4331
CapitalCost,BAU,RD,TRTAXGSL,,,,2023,,,,,,233.4331
CapitalCost,BAU,RD,TRTAXGSL,,,,2024,,,,,,233.4331
CapitalCost,BAU,RD,TRTAXGSL,,,,2025,,,,,,233.4331
CapitalCost,BAU,RD,TRTAXGSL,,,,2026,,,,,,233.4331
CapitalCost,BAU,RD,TRTAXGSL,,,,2027,,,,,,233.4331
CapitalCost,BAU,RD,TRTAXGSL,,,,2028,,,,,,233.4331
CapitalCost,BAU,RD,TRTAXGSL,,,,2029,,,,,,233.4331
CapitalCost,BAU,RD,TRTAXGSL,,,,2030,,,,,,233.4331
CapitalCost,BAU,RD,TRTAXGSL,,,,2031,,,,,,233.4331
CapitalCost,BAU,RD,TRTAXGSL,,,,2032,,,,,,233.4331
CapitalCost,BAU,RD,TRTAXGSL,,,,2033,,,,,,233.4331
CapitalCost,BAU,RD,TRTAXGSL,,,,2034,,,,,,233.4331
CapitalCost,BAU,RD,TRTAXGSL,,,,2035,,,,,,233.4331
CapitalCost,BAU,RD,TRTAXGSL,,,,2036,,,,,,233.4331
CapitalCost,BAU,RD,TRTAXGSL,,,,2037,,,,,,233.4331
CapitalCost,BAU,RD,TRTAXGSL,,,,2038,,,,,,233.4331
CapitalCost,BAU,RD,TRTAXGSL,,,,2039,,,,,,233.4331
CapitalCost,BAU,RD,TRTAXGSL,,,,2040,,,,,,233.4331
CapitalCost,BAU,RD,TRTAXGSL,,,,2041,,,,,,233.4331
CapitalCost,BAU,RD,TRTAXGSL,,,,2042,,,,,,233.4331
CapitalCost,BAU,RD,TRTAXGSL,,,,2043,,,,,,233.4331
CapitalCost,BAU,RD,TRTAXGSL,,,,2044,,,,,,233.4331
CapitalCost,BAU,RD,TRTAXGSL,,,,2045,,,,,,233.4331
CapitalCost,BAU,RD,TRTAXGSL,,,,2046,,,,,,233.4331
CapitalCost,BAU,RD,TRTAXGSL,,,,2047,,,,,,233.4331
CapitalCost,BAU,RD,TRTAXGSL,,,,2048,,,,,,233.4331
CapitalCost,BAU,RD,TRTAXGSL,,,,2049,,,,,,233.4331
CapitalCost,BAU,RD,TRTAXGSL,,,,2050,,,,,,233.4331
CapitalCost,BAU,RD,TRTAXLPG,,,,2018,,,,,,233.4333
CapitalCost,BAU,RD,TRTAXLPG,,,,2019,,,,,,233.4333
CapitalCost,BAU,RD,TRTAXLPG,,,,2020,,,,,,311.2444
CapitalCost,BAU,RD,TRTAXLPG,,,,2021,,,,,,269.5455
CapitalCost,BAU,RD,TRTAXLPG,,,,2022,,,,,,233.4331
CapitalCost,BAU,RD,TRTAXLPG,,,,2023,,,,,,233.4331
CapitalCost,BAU,RD,TRTAXLPG,,,,2024,,,,,,233.4331
CapitalCost,BAU,RD,TRTAXLPG,,,,2025,,,,,,233.4331
CapitalCost,BAU,RD,TRTAXLPG,,,,2026,,,,,,233.4331
CapitalCost,BAU,RD,TRTAXLPG,,,,2027,,,,,,233.4331
CapitalCost,BAU,RD,TRTAXLPG,,,,2028,,,,,,233.4331
CapitalCost,BAU,RD,TRTAXLPG,,,,2029,,,,,,233.4331
CapitalCost,BAU,RD,TRTAXLPG,,,,2030,,,,,,233.4331
CapitalCost,BAU,RD,TRTAXLPG,,,,2031,,,,,,233.4331
CapitalCost,BAU,RD,TRTAXLPG,,,,2032,,,,,,233.4331
CapitalCost,BAU,RD,TRTAXLPG,,,,2033,,,,,,233.4331
CapitalCost,BAU,RD,TRTAXLPG,,,,2034,,,,,,233.4331
CapitalCost,BAU,RD,TRTAXLPG,,,,2035,,,,,,233.4331
CapitalCost,BAU,RD,TRTAXLPG,,,,2036,,,,,,233.4331
CapitalCost,BAU,RD,TRTAXLPG,,,,2037,,,,,,233.4331
CapitalCost,BAU,RD,TRTAXLPG,,,,2038,,,,,,233.4331
CapitalCost,BAU,RD,TRTAXLPG,,,,2039,,,,,,233.4331
CapitalCost,BAU,RD,TRTAXLPG,,,,2040,,,,,,233.4331
CapitalCost,BAU,RD,TRTAXLPG,,,,2041,,,,,,233.4331
CapitalCost,BAU,RD,TRTAXLPG,,,,2042,,,,,,233.4331
CapitalCost,BAU,RD,TRTAXLPG,,,,2043,,,,,,233.4331
CapitalCost,BAU,RD,TRTAXLPG,,,,2044,,,,,,233.4331
CapitalCost,BAU,RD,TRTAXLPG,,,,2045,,,,,,233.4331
CapitalCost,BAU,RD,TRTAXLPG,,,,2046,,,,,,233.4331
CapitalCost,BAU,RD,TRTAXLPG,,,,2047,,,,,,233.4331
CapitalCost,BAU,RD,TRTAXLPG,,,,2048,,,,,,233.4331
CapitalCost,BAU,RD,TRTAXLPG,,,,2049,,,,,,233.4331
CapitalCost,BAU,RD,TRTAXLPG,,,,2050,,,,,,233.4331
CapitalCost,BAU,RD,TRTAXELE,,,,2018,,,,,,666.6667
CapitalCost,BAU,RD,TRTAXELE,,,,2019,,,,,,632.5427
CapitalCost,BAU,RD,TRTAXELE,,,,2020,,,,,,797.8915
CapitalCost,BAU,RD,TRTAXELE,,,,2021,,,,,,666.0068
CapitalCost,BAU,RD,TRTAXELE,,,,2022,,,,,,555.139
CapitalCost,BAU,RD,TRTAXELE,,,,2023,,,,,,538.4931
CapitalCost,BAU,RD,TRTAXELE,,,,2024,,,,,,521.015
CapitalCost,BAU,RD,TRTAXELE,,,,2025,,,,,,508.5306
CapitalCost,BAU,RD,TRTAXELE,,,,2026,,,,,,495.2139
CapitalCost,BAU,RD,TRTAXELE,,,,2027,,,,,,482.7295
CapitalCost,BAU,RD,TRTAXELE,,,,2028,,,,,,470.2452
CapitalCost,BAU,RD,TRTAXELE,,,,2029,,,,,,456.9285
CapitalCost,BAU,RD,TRTAXELE,,,,2030,,,,,,444.4441
CapitalCost,BAU,RD,TRTAXELE,,,,2031,,,,,,441.1149
CapitalCost,BAU,RD,TRTAXELE,,,,2032,,,,,,436.9535
CapitalCost,BAU,RD,TRTAXELE,,,,2033,,,,,,433.6243
CapitalCost,BAU,RD,TRTAXELE,,,,2034,,,,,,430.2951
CapitalCost,BAU,RD,TRTAXELE,,,,2035,,,,,,426.966
CapitalCost,BAU,RD,TRTAXELE,,,,2036,,,,,,422.8045
CapitalCost,BAU,RD,TRTAXELE,,,,2037,,,,,,419.4753
CapitalCost,BAU,RD,TRTAXELE,,,,2038,,,,,,416.1462
CapitalCost,BAU,RD,TRTAXELE,,,,2039,,,,,,412.817
CapitalCost,BAU,RD,TRTAXELE,,,,2040,,,,,,409.4878
CapitalCost,BAU,RD,TRTAXELE,,,,2041,,,,,,405.3264
CapitalCost,BAU,RD,TRTAXELE,,,,2042,,,,,,401.9972
CapitalCost,BAU,RD,TRTAXELE,,,,2043,,,,,,398.668
CapitalCost,BAU,RD,TRTAXELE,,,,2044,,,,,,395.3388
CapitalCost,BAU,RD,TRTAXELE,,,,2045,,,,,,391.1774
CapitalCost,BAU,RD,TRTAXELE,,,,2046,,,,,,387.8482
CapitalCost,BAU,RD,TRTAXELE,,,,2047,,,,,,384.519
CapitalCost,BAU,RD,TRTAXELE,,,,2048,,,,,,381.1899
CapitalCost,BAU,RD,TRTAXELE,,,,2049,,,,,,377.8607
CapitalCost,BAU,RD,TRTAXELE,,,,2050,,,,,,373.6992
CapitalCost,BAU,RD,TRMOTGSL,,,,2018,,,,,,109.8543
CapitalCost,BAU,RD,TRMOTGSL,,,,2019,,,,,,109.8543
CapitalCost,BAU,RD,TRMOTGSL,,,,2020,,,,,,146.4724
CapitalCost,BAU,RD,TRMOTGSL,,,,2021,,,,,,126.8488
CapitalCost,BAU,RD,TRMOTGSL,,,,2022,,,,,,109.8542
CapitalCost,BAU,RD,TRMOTGSL,,,,2023,,,,,,109.8542
CapitalCost,BAU,RD,TRMOTGSL,,,,2024,,,,,,109.8542
CapitalCost,BAU,RD,TRMOTGSL,,,,2025,,,,,,109.8542
CapitalCost,BAU,RD,TRMOTGSL,,,,2026,,,,,,109.8542
CapitalCost,BAU,RD,TRMOTGSL,,,,2027,,,,,,109.8542
CapitalCost,BAU,RD,TRMOTGSL,,,,2028,,,,,,109.8542
CapitalCost,BAU,RD,TRMOTGSL,,,,2029,,,,,,109.8542
CapitalCost,BAU,RD,TRMOTGSL,,,,2030,,,,,,109.8542
CapitalCost,BAU,RD,TRMOTGSL,,,,2031,,,,,,109.8542
CapitalCost,BAU,RD,TRMOTGSL,,,,2032,,,,,,109.8542
CapitalCost,BAU,RD,TRMOTGSL,,,,2033,,,,,,109.8542
CapitalCost,BAU,RD,TRMOTGSL,,,,2034,,,,,,109.8542
CapitalCost,BAU,RD,TRMOTGSL,,,,2035,,,,,,109.8542
CapitalCost,BAU,RD,TRMOTGSL,,,,2036,,,,,,109.8542
CapitalCost,BAU,RD,TRMOTGSL,,,,2037,,,,,,109.8542
CapitalCost,BAU,RD,TRMOTGSL,,,,2038,,,,,,109.8542
CapitalCost,BAU,RD,TRMOTGSL,,,,2039,,,,,,109.8542
CapitalCost,BAU,RD,TRMOTGSL,,,,2040,,,,,,109.8542
CapitalCost,BAU,RD,TRMOTGSL,,,,2041,,,,,,109.8542
CapitalCost,BAU,RD,TRMOTGSL,,,,2042,,,,,,109.8542
CapitalCost,BAU,RD,TRMOTGSL,,,,2043,,,,,,109.8542
CapitalCost,BAU,RD,TRMOTGSL,,,,2044,,,,,,109.8542
CapitalCost,BAU,RD,TRMOTGSL,,,,2045,,,,,,109.8542
CapitalCost,BAU,RD,TRMOTGSL,,,,2046,,,,,,109.8542
CapitalCost,BAU,RD,TRMOTGSL,,,,2047,,,,,,109.8542
CapitalCost,BAU,RD,TRMOTGSL,,,,2048,,,,,,109.8542
CapitalCost,BAU,RD,TRMOTGSL,,,,2049,,,,,,109.8542
CapitalCost,BAU,RD,TRMOTGSL,,,,2050,,,,,,109.8542
CapitalCost,BAU,RD,TRMOTELE,,,,2018,,,,,,285.7143
CapitalCost,BAU,RD,TRMOTELE,,,,2019,,,,,,285.7143
CapitalCost,BAU,RD,TRMOTELE,,,,2020,,,,,,380.9524
CapitalCost,BAU,RD,TRMOTELE,,,,2021,,,,,,329.9143
CapitalCost,BAU,RD,TRMOTELE,,,,2022,,,,,,285.7141
CapitalCost,BAU,RD,TRMOTELE,,,,2023,,,,,,285.7141
CapitalCost,BAU,RD,TRMOTELE,,,,2024,,,,,,285.7141
CapitalCost,BAU,RD,TRMOTELE,,,,2025,,,,,,285.7141
CapitalCost,BAU,RD,TRMOTELE,,,,2026,,,,,,285.7141
CapitalCost,BAU,RD,TRMOTELE,,,,2027,,,,,,285.7141
CapitalCost,BAU,RD,TRMOTELE,,,,2028,,,,,,285.7141
CapitalCost,BAU,RD,TRMOTELE,,,,2029,,,,,,285.7141
CapitalCost,BAU,RD,TRMOTELE,,,,2030,,,,,,285.7141
CapitalCost,BAU,RD,TRMOTELE,,,,2031,,,,,,285.7141
CapitalCost,BAU,RD,TRMOTELE,,,,2032,,,,,,285.7141
CapitalCost,BAU,RD,TRMOTELE,,,,2033,,,,,,285.7141
CapitalCost,BAU,RD,TRMOTELE,,,,2034,,,,,,285.7141
CapitalCost,BAU,RD,TRMOTELE,,,,2035,,,,,,285.7141
CapitalCost,BAU,RD,TRMOTELE,,,,2036,,,,,,285.7141
CapitalCost,BAU,RD,TRMOTELE,,,,2037,,,,,,285.7141
CapitalCost,BAU,RD,TRMOTELE,,,,2038,,,,,,285.7141
CapitalCost,BAU,RD,TRMOTELE,,,,2039,,,,,,285.7141
CapitalCost,BAU,RD,TRMOTELE,,,,2040,,,,,,285.7141
CapitalCost,BAU,RD,TRMOTELE,,,,2041,,,,,,285.7141
CapitalCost,BAU,RD,TRMOTELE,,,,2042,,,,,,285.7141
CapitalCost,BAU,RD,TRMOTELE,,,,2043,,,,,,285.7141
CapitalCost,BAU,RD,TRMOTELE,,,,2044,,,,,,285.7141
CapitalCost,BAU,RD,TRMOTELE,,,,2045,,,,,,285.7141
CapitalCost,BAU,RD,TRMOTELE,,,,2046,,,,,,285.7141
CapitalCost,BAU,RD,TRMOTELE,,,,2047,,,,,,285.7141
CapitalCost,BAU,RD,TRMOTELE,,,,2048,,,,,,285.7141
CapitalCost,BAU,RD,TRMOTELE,,,,2049,,,,,,285.7141
CapitalCost,BAU,RD,TRMOTELE,,,,2050,,,,,,285.7141
CapitalCost,BAU,RD,TRSUVDSL,,,,2018,,,,,,2624.1293
CapitalCost,BAU,RD,TRSUVDSL,,,,2019,,,,,,2624.1293
CapitalCost,BAU,RD,TRSUVDSL,,,,2020,,,,,,3498.8391
CapitalCost,BAU,RD,TRSUVDSL,,,,2021,,,,,,3030.0824
CapitalCost,BAU,RD,TRSUVDSL,,,,2022,,,,,,2624.1272
CapitalCost,BAU,RD,TRSUVDSL,,,,2023,,,,,,2624.1272
CapitalCost,BAU,RD,TRSUVDSL,,,,2024,,,,,,2624.1272
CapitalCost,BAU,RD,TRSUVDSL,,,,2025,,,,,,2624.1272
CapitalCost,BAU,RD,TRSUVDSL,,,,2026,,,,,,2624.1272
CapitalCost,BAU,RD,TRSUVDSL,,,,2027,,,,,,2624.1272
CapitalCost,BAU,RD,TRSUVDSL,,,,2028,,,,,,2624.1272
CapitalCost,BAU,RD,TRSUVDSL,,,,2029,,,,,,2624.1272
CapitalCost,BAU,RD,TRSUVDSL,,,,2030,,,,,,2624.1272
CapitalCost,BAU,RD,TRSUVDSL,,,,2031,,,,,,2624.1272
CapitalCost,BAU,RD,TRSUVDSL,,,,2032,,,,,,2624.1272
CapitalCost,BAU,RD,TRSUVDSL,,,,2033,,,,,,2624.1272
CapitalCost,BAU,RD,TRSUVDSL,,,,2034,,,,,,2624.1272
CapitalCost,BAU,RD,TRSUVDSL,,,,2035,,,,,,2624.1272
CapitalCost,BAU,RD,TRSUVDSL,,,,2036,,,,,,2624.1272
CapitalCost,BAU,RD,TRSUVDSL,,,,2037,,,,,,2624.1272
CapitalCost,BAU,RD,TRSUVDSL,,,,2038,,,,,,2624.1272
CapitalCost,BAU,RD,TRSUVDSL,,,,2039,,,,,,2624.1272
CapitalCost,BAU,RD,TRSUVDSL,,,,2040,,,,,,2624.1272
CapitalCost,BAU,RD,TRSUVDSL,,,,2041,,,,,,2624.1272
CapitalCost,BAU,RD,TRSUVDSL,,,,2042,,,,,,2624.1272
CapitalCost,BAU,RD,TRSUVDSL,,,,2043,,,,,,2624.1272
CapitalCost,BAU,RD,TRSUVDSL,,,,2044,,,,,,2624.1272
CapitalCost,BAU,RD,TRSUVDSL,,,,2045,,,,,,2624.1272
CapitalCost,BAU,RD,TRSUVDSL,,,,2046,,,,,,2624.1272
CapitalCost,BAU,RD,TRSUVDSL,,,,2047,,,,,,2624.1272
CapitalCost,BAU,RD,TRSUVDSL,,,,2048,,,,,,2624.1272
CapitalCost,BAU,RD,TRSUVDSL,,,,2049,,,,,,2624.1272
CapitalCost,BAU,RD,TRSUVDSL,,,,2050,,,,,,2624.1272
CapitalCost,BAU,RD,TRSUVGSL,,,,2018,,,,,,2624.1293
CapitalCost,BAU,RD,TRSUVGSL,,,,2019,,,,,,2624.1293
CapitalCost,BAU,RD,TRSUVGSL,,,,2020,,,,,,3498.8391
CapitalCost,BAU,RD,TRSUVGSL,,,,2021,,,,,,3030.0824
CapitalCost,BAU,RD,TRSUVGSL,,,,2022,,,,,,2624.1272
CapitalCost,BAU,RD,TRSUVGSL,,,,2023,,,,,,2624.1272
CapitalCost,BAU,RD,TRSUVGSL,,,,2024,,,,,,2624.1272
CapitalCost,BAU,RD,TRSUVGSL,,,,2025,,,,,,2624.1272
CapitalCost,BAU,RD,TRSUVGSL,,,,2026,,,,,,2624.1272
CapitalCost,BAU,RD,TRSUVGSL,,,,2027,,,,,,2624.1272
CapitalCost,BAU,RD,TRSUVGSL,,,,2028,,,,,,2624.1272
CapitalCost,BAU,RD,TRSUVGSL,,,,2029,,,,,,2624.1272
CapitalCost,BAU,RD,TRSUVGSL,,,,2030,,,,,,2624.1272
CapitalCost,BAU,RD,TRSUVGSL,,,,2031,,,,,,2624.1272
CapitalCost,BAU,RD,TRSUVGSL,,,,2032,,,,,,2624.1272
CapitalCost,BAU,RD,TRSUVGSL,,,,2033,,,,,,2624.1272
CapitalCost,BAU,RD,TRSUVGSL,,,,2034,,,,,,2624.1272
CapitalCost,BAU,RD,TRSUVGSL,,,,2035,,,,,,2624.1272
CapitalCost,BAU,RD,TRSUVGSL,,,,2036,,,,,,2624.1272
CapitalCost,BAU,RD,TRSUVGSL,,,,2037,,,,,,2624.1272
CapitalCost,BAU,RD,TRSUVGSL,,,,2038,,,,,,2624.1272
CapitalCost,BAU,RD,TRSUVGSL,,,,2039,,,,,,2624.1272
CapitalCost,BAU,RD,TRSUVGSL,,,,2040,,,,,,2624.1272
CapitalCost,BAU,RD,TRSUVGSL,,,,2041,,,,,,2624.1272
CapitalCost,BAU,RD,TRSUVGSL,,,,2042,,,,,,2624.1272
CapitalCost,BAU,RD,TRSUVGSL,,,,2043,,,,,,2624.1272
CapitalCost,BAU,RD,TRSUVGSL,,,,2044,,,,,,2624.1272
CapitalCost,BAU,RD,TRSUVGSL,,,,2045,,,,,,2624.1272
CapitalCost,BAU,RD,TRSUVGSL,,,,2046,,,,,,2624.1272
CapitalCost,BAU,RD,TRSUVGSL,,,,2047,,,,,,2624.1272
CapitalCost,BAU,RD,TRSUVGSL,,,,2048,,,,,,2624.1272
CapitalCost,BAU,RD,TRSUVGSL,,,,2049,,,,,,2624.1272
CapitalCost,BAU,RD,TRSUVGSL,,,,2050,,,,,,2624.1272
CapitalCost,BAU,RD,TRSUVLPG,,,,2018,,,,,,3673.7811
CapitalCost,BAU,RD,TRSUVLPG,,,,2019,,,,,,3673.7811
CapitalCost,BAU,RD,TRSUVLPG,,,,2020,,,,,,4898.3748
CapitalCost,BAU,RD,TRSUVLPG,,,,2021,,,,,,4242.1153
CapitalCost,BAU,RD,TRSUVLPG,,,,2022,,,,,,3673.7781
CapitalCost,BAU,RD,TRSUVLPG,,,,2023,,,,,,3673.7781
CapitalCost,BAU,RD,TRSUVLPG,,,,2024,,,,,,3673.7781
CapitalCost,BAU,RD,TRSUVLPG,,,,2025,,,,,,3673.7781
CapitalCost,BAU,RD,TRSUVLPG,,,,2026,,,,,,3673.7781
CapitalCost,BAU,RD,TRSUVLPG,,,,2027,,,,,,3673.7781
CapitalCost,BAU,RD,TRSUVLPG,,,,2028,,,,,,3673.7781
CapitalCost,BAU,RD,TRSUVLPG,,,,2029,,,,,,3673.7781
CapitalCost,BAU,RD,TRSUVLPG,,,,2030,,,,,,3673.7781
CapitalCost,BAU,RD,TRSUVLPG,,,,2031,,,,,,3673.7781
CapitalCost,BAU,RD,TRSUVLPG,,,,2032,,,,,,3673.7781
CapitalCost,BAU,RD,TRSUVLPG,,,,2033,,,,,,3673.7781
CapitalCost,BAU,RD,TRSUVLPG,,,,2034,,,,,,3673.7781
CapitalCost,BAU,RD,TRSUVLPG,,,,2035,,,,,,3673.7781
CapitalCost,BAU,RD,TRSUVLPG,,,,2036,,,,,,3673.7781
CapitalCost,BAU,RD,TRSUVLPG,,,,2037,,,,,,3673.7781
CapitalCost,BAU,RD,TRSUVLPG,,,,2038,,,,,,3673.7781
CapitalCost,BAU,RD,TRSUVLPG,,,,2039,,,,,,3673.7781
CapitalCost,BAU,RD,TRSUVLPG,,,,2040,,,,,,3673.7781
CapitalCost,BAU,RD,TRSUVLPG,,,,2041,,,,,,3673.7781
CapitalCost,BAU,RD,TRSUVLPG,,,,2042,,,,,,3673.7781
CapitalCost,BAU,RD,TRSUVLPG,,,,2043,,,,,,3673.7781
CapitalCost,BAU,RD,TRSUVLPG,,,,2044,,,,,,3673.7781
CapitalCost,BAU,RD,TRSUVLPG,,,,2045,,,,,,3673.7781
CapitalCost,BAU,RD,TRSUVLPG,,,,2046,,,,,,3673.7781
CapitalCost,BAU,RD,TRSUVLPG,,,,2047,,,,,,3673.7781
CapitalCost,BAU,RD,TRSUVLPG,,,,2048,,,,,,3673.7781
CapitalCost,BAU,RD,TRSUVLPG,,,,2049,,,,,,3673.7781
CapitalCost,BAU,RD,TRSUVLPG,,,,2050,,,,,,3673.7781
CapitalCost,BAU,RD,TRSUVELE,,,,2018,,,,,,5248.2587
CapitalCost,BAU,RD,TRSUVELE,,,,2019,,,,,,5014.4241
CapitalCost,BAU,RD,TRSUVELE,,,,2020,,,,,,6374.1195
CapitalCost,BAU,RD,TRSUVELE,,,,2021,,,,,,5250.1385
CapitalCost,BAU,RD,TRSUVELE,,,,2022,,,,,,4312.9171
CapitalCost,BAU,RD,TRSUVELE,,,,2023,,,,,,4234.9795
CapitalCost,BAU,RD,TRSUVELE,,,,2024,,,,,,4157.0311
CapitalCost,BAU,RD,TRSUVELE,,,,2025,,,,,,4053.1107
CapitalCost,BAU,RD,TRSUVELE,,,,2026,,,,,,3949.1796
CapitalCost,BAU,RD,TRSUVELE,,,,2027,,,,,,3845.2485
CapitalCost,BAU,RD,TRSUVELE,,,,2028,,,,,,3741.328
CapitalCost,BAU,RD,TRSUVELE,,,,2029,,,,,,3689.3625
CapitalCost,BAU,RD,TRSUVELE,,,,2030,,,,,,3637.3969
CapitalCost,BAU,RD,TRSUVELE,,,,2031,,,,,,3628.672
CapitalCost,BAU,RD,TRSUVELE,,,,2032,,,,,,3619.9471
CapitalCost,BAU,RD,TRSUVELE,,,,2033,,,,,,3611.2115
CapitalCost,BAU,RD,TRSUVELE,,,,2034,,,,,,3602.4865
CapitalCost,BAU,RD,TRSUVELE,,,,2035,,,,,,3593.751
CapitalCost,BAU,RD,TRSUVELE,,,,2036,,,,,,3585.026
CapitalCost,BAU,RD,TRSUVELE,,,,2037,,,,,,3576.2904
CapitalCost,BAU,RD,TRSUVELE,,,,2038,,,,,,3567.5655
CapitalCost,BAU,RD,TRSUVELE,,,,2039,,,,,,3558.8299
CapitalCost,BAU,RD,TRSUVELE,,,,2040,,,,,,3550.105
CapitalCost,BAU,RD,TRSUVELE,,,,2041,,,,,,3541.3694
CapitalCost,BAU,RD,TRSUVELE,,,,2042,,,,,,3532.6445
CapitalCost,BAU,RD,TRSUVELE,,,,2043,,,,,,3523.9196
CapitalCost,BAU,RD,TRSUVELE,,,,2044,,,,,,3515.184
CapitalCost,BAU,RD,TRSUVELE,,,,2045,,,,,,3506.4591
CapitalCost,BAU,RD,TRSUVELE,,,,2046,,,,,,3497.7235
CapitalCost,BAU,RD,TRSUVELE,,,,2047,,,,,,3488.9986
CapitalCost,BAU,RD,TRSUVELE,,,,2048,,,,,,3480.263
CapitalCost,BAU,RD,TRSUVELE,,,,2049,,,,,,3471.538
CapitalCost,BAU,RD,TRSUVELE,,,,2050,,,,,,3462.8025
CapitalCost,BAU,RD,TRSUVNGS,,,,2018,,,,,,2624.1293
CapitalCost,BAU,RD,TRSUVNGS,,,,2019,,,,,,2624.1293
CapitalCost,BAU,RD,TRSUVNGS,,,,2020,,,,,,3498.8391
CapitalCost,BAU,RD,TRSUVNGS,,,,2021,,,,,,3030.0824
CapitalCost,BAU,RD,TRSUVNGS,,,,2022,,,,,,2624.1272
CapitalCost,BAU,RD,TRSUVNGS,,,,2023,,,,,,2624.1272
CapitalCost,BAU,RD,TRSUVNGS,,,,2024,,,,,,2624.1272
CapitalCost,BAU,RD,TRSUVNGS,,,,2025,,,,,,2624.1272
CapitalCost,BAU,RD,TRSUVNGS,,,,2026,,,,,,2624.1272
CapitalCost,BAU,RD,TRSUVNGS,,,,2027,,,,,,2624.1272
CapitalCost,BAU,RD,TRSUVNGS,,,,2028,,,,,,2624.1272
CapitalCost,BAU,RD,TRSUVNGS,,,,2029,,,,,,2624.1272
CapitalCost,BAU,RD,TRSUVNGS,,,,2030,,,,,,2624.1272
CapitalCost,BAU,RD,TRSUVNGS,,,,2031,,,,,,2624.1272
CapitalCost,BAU,RD,TRSUVNGS,,,,2032,,,,,,2624.1272
CapitalCost,BAU,RD,TRSUVNGS,,,,2033,,,,,,2624.1272
CapitalCost,BAU,RD,TRSUVNGS,,,,2034,,,,,,2624.1272
CapitalCost,BAU,RD,TRSUVNGS,,,,2035,,,,,,2624.1272
CapitalCost,BAU,RD,TRSUVNGS,,,,2036,,,,,,2624.1272
CapitalCost,BAU,RD,TRSUVNGS,,,,2037,,,,,,2624.1272
CapitalCost,BAU,RD,TRSUVNGS,,,,2038,,,,,,2624.1272
CapitalCost,BAU,RD,TRSUVNGS,,,,2039,,,,,,2624.1272
CapitalCost,BAU,RD,TRSUVNGS,,,,2040,,,,,,2624.1272
CapitalCost,BAU,RD,TRSUVNGS,,,,2041,,,,,,2624.1272
CapitalCost,BAU,RD,TRSUVNGS,,,,2042,,,,,,2624.1272
CapitalCost,BAU,RD,TRSUVNGS,,,,2043,,,,,,2624.1272
CapitalCost,BAU,RD,TRSUVNGS,,,,2044,,,,,,2624.1272
CapitalCost,BAU,RD,TRSUVNGS,,,,2045,,,,,,2624.1272
CapitalCost,BAU,RD,TRSUVNGS,,,,2046,,,,,,2624.1272
CapitalCost,BAU,RD,TRSUVNGS,,,,2047,,,,,,2624.1272
CapitalCost,BAU,RD,TRSUVNGS,,,,2048,,,,,,2624.1272
CapitalCost,BAU,RD,TRSUVNGS,,,,2049,,,,,,2624.1272
CapitalCost,BAU,RD,TRSUVNGS,,,,2050,,,,,,2624.1272
CapitalCost,BAU,RD,TRBPUDSL,,,,2018,,,,,,3229.8806
CapitalCost,BAU,RD,TRBPUDSL,,,,2019,,,,,,3229.8806
CapitalCost,BAU,RD,TRBPUDSL,,,,2020,,,,,,4306.5075
CapitalCost,BAU,RD,TRBPUDSL,,,,2021,,,,,,3729.5434
CapitalCost,BAU,RD,TRBPUDSL,,,,2022,,,,,,3229.878
CapitalCost,BAU,RD,TRBPUDSL,,,,2023,,,,,,3229.878
CapitalCost,BAU,RD,TRBPUDSL,,,,2024,,,,,,3229.878
CapitalCost,BAU,RD,TRBPUDSL,,,,2025,,,,,,3229.878
CapitalCost,BAU,RD,TRBPUDSL,,,,2026,,,,,,3229.878
CapitalCost,BAU,RD,TRBPUDSL,,,,2027,,,,,,3229.878
CapitalCost,BAU,RD,TRBPUDSL,,,,2028,,,,,,3229.878
CapitalCost,BAU,RD,TRBPUDSL,,,,2029,,,,,,3229.878
CapitalCost,BAU,RD,TRBPUDSL,,,,2030,,,,,,3229.878
CapitalCost,BAU,RD,TRBPUDSL,,,,2031,,,,,,3229.878
CapitalCost,BAU,RD,TRBPUDSL,,,,2032,,,,,,3229.878
CapitalCost,BAU,RD,TRBPUDSL,,,,2033,,,,,,3229.878
CapitalCost,BAU,RD,TRBPUDSL,,,,2034,,,,,,3229.878
CapitalCost,BAU,RD,TRBPUDSL,,,,2035,,,,,,3229.878
CapitalCost,BAU,RD,TRBPUDSL,,,,2036,,,,,,3229.878
CapitalCost,BAU,RD,TRBPUDSL,,,,2037,,,,,,3229.878
CapitalCost,BAU,RD,TRBPUDSL,,,,2038,,,,,,3229.878
CapitalCost,BAU,RD,TRBPUDSL,,,,2039,,,,,,3229.878
CapitalCost,BAU,RD,TRBPUDSL,,,,2040,,,,,,3229.878
CapitalCost,BAU,RD,TRBPUDSL,,,,2041,,,,,,3229.878
CapitalCost,BAU,RD,TRBPUDSL,,,,2042,,,,,,3229.878
CapitalCost,BAU,RD,TRBPUDSL,,,,2043,,,,,,3229.878
CapitalCost,BAU,RD,TRBPUDSL,,,,2044,,,,,,3229.878
CapitalCost,BAU,RD,TRBPUDSL,,,,2045,,,,,,3229.878
CapitalCost,BAU,RD,TRBPUDSL,,,,2046,,,,,,3229.878
CapitalCost,BAU,RD,TRBPUDSL,,,,2047,,,,,,3229.878
CapitalCost,BAU,RD,TRBPUDSL,,,,2048,,,,,,3229.878
CapitalCost,BAU,RD,TRBPUDSL,,,,2049,,,,,,3229.878
CapitalCost,BAU,RD,TRBPUDSL,,,,2050,,,,,,3229.878
CapitalCost,BAU,RD,TRBPUGSL,,,,2018,,,,,,3229.8806
CapitalCost,BAU,RD,TRBPUGSL,,,,2019,,,,,,3229.8806
CapitalCost,BAU,RD,TRBPUGSL,,,,2020,,,,,,4306.5075
CapitalCost,BAU,RD,TRBPUGSL,,,,2021,,,,,,3729.5434
CapitalCost,BAU,RD,TRBPUGSL,,,,2022,,,,,,3229.878
CapitalCost,BAU,RD,TRBPUGSL,,,,2023,,,,,,3229.878
CapitalCost,BAU,RD,TRBPUGSL,,,,2024,,,,,,3229.878
CapitalCost,BAU,RD,TRBPUGSL,,,,2025,,,,,,3229.878
CapitalCost,BAU,RD,TRBPUGSL,,,,2026,,,,,,3229.878
CapitalCost,BAU,RD,TRBPUGSL,,,,2027,,,,,,3229.878
CapitalCost,BAU,RD,TRBPUGSL,,,,2028,,,,,,3229.878
CapitalCost,BAU,RD,TRBPUGSL,,,,2029,,,,,,3229.878
CapitalCost,BAU,RD,TRBPUGSL,,,,2030,,,,,,3229.878
CapitalCost,BAU,RD,TRBPUGSL,,,,2031,,,,,,3229.878
CapitalCost,BAU,RD,TRBPUGSL,,,,2032,,,,,,3229.878
CapitalCost,BAU,RD,TRBPUGSL,,,,2033,,,,,,3229.878
CapitalCost,BAU,RD,TRBPUGSL,,,,2034,,,,,,3229.878
CapitalCost,BAU,RD,TRBPUGSL,,,,2035,,,,,,3229.878
CapitalCost,BAU,RD,TRBPUGSL,,,,2036,,,,,,3229.878
CapitalCost,BAU,RD,TRBPUGSL,,,,2037,,,,,,3229.878
CapitalCost,BAU,RD,TRBPUGSL,,,,2038,,,,,,3229.878
CapitalCost,BAU,RD,TRBPUGSL,,,,2039,,,,,,3229.878
CapitalCost,BAU,RD,TRBPUGSL,,,,2040,,,,,,3229.878
CapitalCost,BAU,RD,TRBPUGSL,,,,2041,,,,,,3229.878
CapitalCost,BAU,RD,TRBPUGSL,,,,2042,,,,,,3229.878
CapitalCost,BAU,RD,TRBPUGSL,,,,2043,,,,,,3229.878
CapitalCost,BAU,RD,TRBPUGSL,,,,2044,,,,,,3229.878
CapitalCost,BAU,RD,TRBPUGSL,,,,2045,,,,,,3229.878
CapitalCost,BAU,RD,TRBPUGSL,,,,2046,,,,,,3229.878
CapitalCost,BAU,RD,TRBPUGSL,,,,2047,,,,,,3229.878
CapitalCost,BAU,RD,TRBPUGSL,,,,2048,,,,,,3229.878
CapitalCost,BAU,RD,TRBPUGSL,,,,2049,,,,,,3229.878
CapitalCost,BAU,RD,TRBPUGSL,,,,2050,,,,,,3229.878
CapitalCost,BAU,RD,TRBPULPG,,,,2018,,,,,,3552.8687
CapitalCost,BAU,RD,TRBPULPG,,,,2019,,,,,,3552.8687
CapitalCost,BAU,RD,TRBPULPG,,,,2020,,,,,,4737.1582
CapitalCost,BAU,RD,TRBPULPG,,,,2021,,,,,,4102.4977
CapitalCost,BAU,RD,TRBPULPG,,,,2022,,,,,,3552.8658
CapitalCost,BAU,RD,TRBPULPG,,,,2023,,,,,,3552.8658
CapitalCost,BAU,RD,TRBPULPG,,,,2024,,,,,,3552.8658
CapitalCost,BAU,RD,TRBPULPG,,,,2025,,,,,,3552.8658
CapitalCost,BAU,RD,TRBPULPG,,,,2026,,,,,,3552.8658
CapitalCost,BAU,RD,TRBPULPG,,,,2027,,,,,,3552.8658
CapitalCost,BAU,RD,TRBPULPG,,,,2028,,,,,,3552.8658
CapitalCost,BAU,RD,TRBPULPG,,,,2029,,,,,,3552.8658
CapitalCost,BAU,RD,TRBPULPG,,,,2030,,,,,,3552.8658
CapitalCost,BAU,RD,TRBPULPG,,,,2031,,,,,,3552.8658
CapitalCost,BAU,RD,TRBPULPG,,,,2032,,,,,,3552.8658
CapitalCost,BAU,RD,TRBPULPG,,,,2033,,,,,,3552.8658
CapitalCost,BAU,RD,TRBPULPG,,,,2034,,,,,,3552.8658
CapitalCost,BAU,RD,TRBPULPG,,,,2035,,,,,,3552.8658
CapitalCost,BAU,RD,TRBPULPG,,,,2036,,,,,,3552.8658
CapitalCost,BAU,RD,TRBPULPG,,,,2037,,,,,,3552.8658
CapitalCost,BAU,RD,TRBPULPG,,,,2038,,,,,,3552.8658
CapitalCost,BAU,RD,TRBPULPG,,,,2039,,,,,,3552.8658
CapitalCost,BAU,RD,TRBPULPG,,,,2040,,,,,,3552.8658
CapitalCost,BAU,RD,TRBPULPG,,,,2041,,,,,,3552.8658
CapitalCost,BAU,RD,TRBPULPG,,,,2042,,,,,,3552.8658
CapitalCost,BAU,RD,TRBPULPG,,,,2043,,,,,,3552.8658
CapitalCost,BAU,RD,TRBPULPG,,,,2044,,,,,,3552.8658
CapitalCost,BAU,RD,TRBPULPG,,,,2045,,,,,,3552.8658
CapitalCost,BAU,RD,TRBPULPG,,,,2046,,,,,,3552.8658
CapitalCost,BAU,RD,TRBPULPG,,,,2047,,,,,,3552.8658
CapitalCost,BAU,RD,TRBPULPG,,,,2048,,,,,,3552.8658
CapitalCost,BAU,RD,TRBPULPG,,,,2049,,,,,,3552.8658
CapitalCost,BAU,RD,TRBPULPG,,,,2050,,,,,,3552.8658
CapitalCost,BAU,RD,TRBPUELE,,,,2018,,,,,,23030.303
CapitalCost,BAU,RD,TRBPUELE,,,,2019,,,,,,22005.4775
CapitalCost,BAU,RD,TRBPUELE,,,,2020,,,,,,27969.4908
CapitalCost,BAU,RD,TRBPUELE,,,,2021,,,,,,23038.9138
CapitalCost,BAU,RD,TRBPUELE,,,,2022,,,,,,18927.4519
CapitalCost,BAU,RD,TRBPUELE,,,,2023,,,,,,18584.6658
CapitalCost,BAU,RD,TRBPUELE,,,,2024,,,,,,18241.8796
CapitalCost,BAU,RD,TRBPUELE,,,,2025,,,,,,17786.0093
CapitalCost,BAU,RD,TRBPUELE,,,,2026,,,,,,17330.139
CapitalCost,BAU,RD,TRBPUELE,,,,2027,,,,,,16874.2687
CapitalCost,BAU,RD,TRBPUELE,,,,2028,,,,,,16418.3984
CapitalCost,BAU,RD,TRBPUELE,,,,2029,,,,,,16188.6963
CapitalCost,BAU,RD,TRBPUELE,,,,2030,,,,,,15962.5281
CapitalCost,BAU,RD,TRBPUELE,,,,2031,,,,,,15923.6554
CapitalCost,BAU,RD,TRBPUELE,,,,2032,,,,,,15884.7828
CapitalCost,BAU,RD,TRBPUELE,,,,2033,,,,,,15845.9101
CapitalCost,BAU,RD,TRBPUELE,,,,2034,,,,,,15807.0374
CapitalCost,BAU,RD,TRBPUELE,,,,2035,,,,,,15771.6987
CapitalCost,BAU,RD,TRBPUELE,,,,2036,,,,,,15732.826
CapitalCost,BAU,RD,TRBPUELE,,,,2037,,,,,,15693.9533
CapitalCost,BAU,RD,TRBPUELE,,,,2038,,,,,,15655.0807
CapitalCost,BAU,RD,TRBPUELE,,,,2039,,,,,,15616.208
CapitalCost,BAU,RD,TRBPUELE,,,,2040,,,,,,15577.3354
CapitalCost,BAU,RD,TRBPUELE,,,,2041,,,,,,15541.9966
CapitalCost,BAU,RD,TRBPUELE,,,,2042,,,,,,15503.1239
CapitalCost,BAU,RD,TRBPUELE,,,,2043,,,,,,15464.2513
CapitalCost,BAU,RD,TRBPUELE,,,,2044,,,,,,15425.3786
CapitalCost,BAU,RD,TRBPUELE,,,,2045,,,,,,15386.5059
CapitalCost,BAU,RD,TRBPUELE,,,,2046,,,,,,15347.6333
CapitalCost,BAU,RD,TRBPUELE,,,,2047,,,,,,15312.2945
CapitalCost,BAU,RD,TRBPUELE,,,,2048,,,,,,15273.4218
CapitalCost,BAU,RD,TRBPUELE,,,,2049,,,,,,15234.5492
CapitalCost,BAU,RD,TRBPUELE,,,,2050,,,,,,15195.6765
CapitalCost,BAU,RD,TRBPUHYD,,,,2018,,,,,,12112.0523
CapitalCost,BAU,RD,TRBPUHYD,,,,2019,,,,,,12036.9874
CapitalCost,BAU,RD,TRBPUHYD,,,,2020,,,,,,15947.9631
CapitalCost,BAU,RD,TRBPUHYD,,,,2021,,,,,,13724.6582
CapitalCost,BAU,RD,TRBPUHYD,,,,2022,,,,,,11810.8331
CapitalCost,BAU,RD,TRBPUHYD,,,,2023,,,,,,11734.8181
CapitalCost,BAU,RD,TRBPUHYD,,,,2024,,,,,,11659.7532
CapitalCost,BAU,RD,TRBPUHYD,,,,2025,,,,,,11583.7382
CapitalCost,BAU,RD,TRBPUHYD,,,,2026,,,,,,11508.6734
CapitalCost,BAU,RD,TRBPUHYD,,,,2027,,,,,,11433.6086
CapitalCost,BAU,RD,TRBPUHYD,,,,2028,,,,,,11357.5936
CapitalCost,BAU,RD,TRBPUHYD,,,,2029,,,,,,11282.5287
CapitalCost,BAU,RD,TRBPUHYD,,,,2030,,,,,,11207.4639
CapitalCost,BAU,RD,TRBPUHYD,,,,2031,,,,,,11131.4489
CapitalCost,BAU,RD,TRBPUHYD,,,,2032,,,,,,11056.3841
CapitalCost,BAU,RD,TRBPUHYD,,,,2033,,,,,,10981.3192
CapitalCost,BAU,RD,TRBPUHYD,,,,2034,,,,,,10905.3042
CapitalCost,BAU,RD,TRBPUHYD,,,,2035,,,,,,10830.2394
CapitalCost,BAU,RD,TRBPUHYD,,,,2036,,,,,,10755.1746
CapitalCost,BAU,RD,TRBPUHYD,,,,2037,,,,,,10679.1595
CapitalCost,BAU,RD,TRBPUHYD,,,,2038,,,,,,10604.0947
CapitalCost,BAU,RD,TRBPUHYD,,,,2039,,,,,,10529.0299
CapitalCost,BAU,RD,TRBPUHYD,,,,2040,,,,,,10453.0149
CapitalCost,BAU,RD,TRBPUHYD,,,,2041,,,,,,10377.95
CapitalCost,BAU,RD,TRBPUHYD,,,,2042,,,,,,10301.935
CapitalCost,BAU,RD,TRBPUHYD,,,,2043,,,,,,10226.8702
CapitalCost,BAU,RD,TRBPUHYD,,,,2044,,,,,,10151.8054
CapitalCost,BAU,RD,TRBPUHYD,,,,2045,,,,,,10075.7903
CapitalCost,BAU,RD,TRBPUHYD,,,,2046,,,,,,10000.7255
CapitalCost,BAU,RD,TRBPUHYD,,,,2047,,,,,,9925.6607
CapitalCost,BAU,RD,TRBPUHYD,,,,2048,,,,,,9849.6457
CapitalCost,BAU,RD,TRBPUHYD,,,,2049,,,,,,9774.5808
CapitalCost,BAU,RD,TRBPUHYD,,,,2050,,,,,,9699.516
CapitalCost,BAU,RD,TRBTURDSL,,,,2018,,,,,,3229.8805
CapitalCost,BAU,RD,TRBTURDSL,,,,2019,,,,,,3229.8805
CapitalCost,BAU,RD,TRBTURDSL,,,,2020,,,,,,4306.5074
CapitalCost,BAU,RD,TRBTURDSL,,,,2021,,,,,,3729.5433
CapitalCost,BAU,RD,TRBTURDSL,,,,2022,,,,,,3229.8779
CapitalCost,BAU,RD,TRBTURDSL,,,,2023,,,,,,3229.8779
CapitalCost,BAU,RD,TRBTURDSL,,,,2024,,,,,,3229.8779
CapitalCost,BAU,RD,TRBTURDSL,,,,2025,,,,,,3229.8779
CapitalCost,BAU,RD,TRBTURDSL,,,,2026,,,,,,3229.8779
CapitalCost,BAU,RD,TRBTURDSL,,,,2027,,,,,,3229.8779
CapitalCost,BAU,RD,TRBTURDSL,,,,2028,,,,,,3229.8779
CapitalCost,BAU,RD,TRBTURDSL,,,,2029,,,,,,3229.8779
CapitalCost,BAU,RD,TRBTURDSL,,,,2030,,,,,,3229.8779
CapitalCost,BAU,RD,TRBTURDSL,,,,2031,,,,,,3229.8779
CapitalCost,BAU,RD,TRBTURDSL,,,,2032,,,,,,3229.8779
CapitalCost,BAU,RD,TRBTURDSL,,,,2033,,,,,,3229.8779
CapitalCost,BAU,RD,TRBTURDSL,,,,2034,,,,,,3229.8779
CapitalCost,BAU,RD,TRBTURDSL,,,,2035,,,,,,3229.8779
CapitalCost,BAU,RD,TRBTURDSL,,,,2036,,,,,,3229.8779
CapitalCost,BAU,RD,TRBTURDSL,,,,2037,,,,,,3229.8779
CapitalCost,BAU,RD,TRBTURDSL,,,,2038,,,,,,3229.8779
CapitalCost,BAU,RD,TRBTURDSL,,,,2039,,,,,,3229.8779
CapitalCost,BAU,RD,TRBTURDSL,,,,2040,,,,,,3229.8779
CapitalCost,BAU,RD,TRBTURDSL,,,,2041,,,,,,3229.8779
CapitalCost,BAU,RD,TRBTURDSL,,,,2042,,,,,,3229.8779
CapitalCost,BAU,RD,TRBTURDSL,,,,2043,,,,,,3229.8779
CapitalCost,BAU,RD,TRBTURDSL,,,,2044,,,,,,3229.8779
CapitalCost,BAU,RD,TRBTURDSL,,,,2045,,,,,,3229.8779
CapitalCost,BAU,RD,TRBTURDSL,,,,2046,,,,,,3229.8779
CapitalCost,BAU,RD,TRBTURDSL,,,,2047,,,,,,3229.8779
CapitalCost,BAU,RD,TRBTURDSL,,,,2048,,,,,,3229.8779
CapitalCost,BAU,RD,TRBTURDSL,,,,2049,,,,,,3229.8779
CapitalCost,BAU,RD,TRBTURDSL,,,,2050,,,,,,3229.8779
CapitalCost,BAU,RD,TRBTURGSL,,,,2018,,,,,,3229.8806
CapitalCost,BAU,RD,TRBTURGSL,,,,2019,,,,,,3229.8806
CapitalCost,BAU,RD,TRBTURGSL,,,,2020,,,,,,4306.5075
CapitalCost,BAU,RD,TRBTURGSL,,,,2021,,,,,,3729.5434
CapitalCost,BAU,RD,TRBTURGSL,,,,2022,,,,,,3229.878
CapitalCost,BAU,RD,TRBTURGSL,,,,2023,,,,,,3229.878
CapitalCost,BAU,RD,TRBTURGSL,,,,2024,,,,,,3229.878
CapitalCost,BAU,RD,TRBTURGSL,,,,2025,,,,,,3229.878
CapitalCost,BAU,RD,TRBTURGSL,,,,2026,,,,,,3229.878
CapitalCost,BAU,RD,TRBTURGSL,,,,2027,,,,,,3229.878
CapitalCost,BAU,RD,TRBTURGSL,,,,2028,,,,,,3229.878
CapitalCost,BAU,RD,TRBTURGSL,,,,2029,,,,,,3229.878
CapitalCost,BAU,RD,TRBTURGSL,,,,2030,,,,,,3229.878
CapitalCost,BAU,RD,TRBTURGSL,,,,2031,,,,,,3229.878
CapitalCost,BAU,RD,TRBTURGSL,,,,2032,,,,,,3229.878
CapitalCost,BAU,RD,TRBTURGSL,,,,2033,,,,,,3229.878
CapitalCost,BAU,RD,TRBTURGSL,,,,2034,,,,,,3229.878
CapitalCost,BAU,RD,TRBTURGSL,,,,2035,,,,,,3229.878
CapitalCost,BAU,RD,TRBTURGSL,,,,2036,,,,,,3229.878
CapitalCost,BAU,RD,TRBTURGSL,,,,2037,,,,,,3229.878
CapitalCost,BAU,RD,TRBTURGSL,,,,2038,,,,,,3229.878
CapitalCost,BAU,RD,TRBTURGSL,,,,2039,,,,,,3229.878
CapitalCost,BAU,RD,TRBTURGSL,,,,2040,,,,,,3229.878
CapitalCost,BAU,RD,TRBTURGSL,,,,2041,,,,,,3229.878
CapitalCost,BAU,RD,TRBTURGSL,,,,2042,,,,,,3229.878
CapitalCost,BAU,RD,TRBTURGSL,,,,2043,,,,,,3229.878
CapitalCost,BAU,RD,TRBTURGSL,,,,2044,,,,,,3229.878
CapitalCost,BAU,RD,TRBTURGSL,,,,2045,,,,,,3229.878
CapitalCost,BAU,RD,TRBTURGSL,,,,2046,,,,,,3229.878
CapitalCost,BAU,RD,TRBTURGSL,,,,2047,,,,,,3229.878
CapitalCost,BAU,RD,TRBTURGSL,,,,2048,,,,,,3229.878
CapitalCost,BAU,RD,TRBTURGSL,,,,2049,,,,,,3229.878
CapitalCost,BAU,RD,TRBTURGSL,,,,2050,,,,,,3229.878
CapitalCost,BAU,RD,TRBTURLPG,,,,2018,,,,,,3568.1675
CapitalCost,BAU,RD,TRBTURLPG,,,,2019,,,,,,3568.1675
CapitalCost,BAU,RD,TRBTURLPG,,,,2020,,,,,,4757.5567
CapitalCost,BAU,RD,TRBTURLPG,,,,2021,,,,,,4120.1633
CapitalCost,BAU,RD,TRBTURLPG,,,,2022,,,,,,3568.1647
CapitalCost,BAU,RD,TRBTURLPG,,,,2023,,,,,,3568.1647
CapitalCost,BAU,RD,TRBTURLPG,,,,2024,,,,,,3568.1647
CapitalCost,BAU,RD,TRBTURLPG,,,,2025,,,,,,3568.1647
CapitalCost,BAU,RD,TRBTURLPG,,,,2026,,,,,,3568.1647
CapitalCost,BAU,RD,TRBTURLPG,,,,2027,,,,,,3568.1647
CapitalCost,BAU,RD,TRBTURLPG,,,,2028,,,,,,3568.1647
CapitalCost,BAU,RD,TRBTURLPG,,,,2029,,,,,,3568.1647
CapitalCost,BAU,RD,TRBTURLPG,,,,2030,,,,,,3568.1647
CapitalCost,BAU,RD,TRBTURLPG,,,,2031,,,,,,3568.1647
CapitalCost,BAU,RD,TRBTURLPG,,,,2032,,,,,,3568.1647
CapitalCost,BAU,RD,TRBTURLPG,,,,2033,,,,,,3568.1647
CapitalCost,BAU,RD,TRBTURLPG,,,,2034,,,,,,3568.1647
CapitalCost,BAU,RD,TRBTURLPG,,,,2035,,,,,,3568.1647
CapitalCost,BAU,RD,TRBTURLPG,,,,2036,,,,,,3568.1647
CapitalCost,BAU,RD,TRBTURLPG,,,,2037,,,,,,3568.1647
CapitalCost,BAU,RD,TRBTURLPG,,,,2038,,,,,,3568.1647
CapitalCost,BAU,RD,TRBTURLPG,,,,2039,,,,,,3568.1647
CapitalCost,BAU,RD,TRBTURLPG,,,,2040,,,,,,3568.1647
CapitalCost,BAU,RD,TRBTURLPG,,,,2041,,,,,,3568.1647
CapitalCost,BAU,RD,TRBTURLPG,,,,2042,,,,,,3568.1647
CapitalCost,BAU,RD,TRBTURLPG,,,,2043,,,,,,3568.1647
CapitalCost,BAU,RD,TRBTURLPG,,,,2044,,,,,,3568.1647
CapitalCost,BAU,RD,TRBTURLPG,,,,2045,,,,,,3568.1647
CapitalCost,BAU,RD,TRBTURLPG,,,,2046,,,,,,3568.1647
CapitalCost,BAU,RD,TRBTURLPG,,,,2047,,,,,,3568.1647
CapitalCost,BAU,RD,TRBTURLPG,,,,2048,,,,,,3568.1647
CapitalCost,BAU,RD,TRBTURLPG,,,,2049,,,,,,3568.1647
CapitalCost,BAU,RD,TRBTURLPG,,,,2050,,,,,,3568.1647
CapitalCost,BAU,RD,TRBTURELE,,,,2018,,,,,,10909.0909
CapitalCost,BAU,RD,TRBTURELE,,,,2019,,,,,,10423.6472
CapitalCost,BAU,RD,TRBTURELE,,,,2020,,,,,,13248.7062
CapitalCost,BAU,RD,TRBTURELE,,,,2021,,,,,,10913.1697
CapitalCost,BAU,RD,TRBTURELE,,,,2022,,,,,,8965.6351
CapitalCost,BAU,RD,TRBTURELE,,,,2023,,,,,,8803.2627
CapitalCost,BAU,RD,TRBTURELE,,,,2024,,,,,,8640.8903
CapitalCost,BAU,RD,TRBTURELE,,,,2025,,,,,,8424.9518
CapitalCost,BAU,RD,TRBTURELE,,,,2026,,,,,,8209.0132
CapitalCost,BAU,RD,TRBTURELE,,,,2027,,,,,,7993.0746
CapitalCost,BAU,RD,TRBTURELE,,,,2028,,,,,,7777.1361
CapitalCost,BAU,RD,TRBTURELE,,,,2029,,,,,,7668.3298
CapitalCost,BAU,RD,TRBTURELE,,,,2030,,,,,,7561.1975
CapitalCost,BAU,RD,TRBTURELE,,,,2031,,,,,,7542.7842
CapitalCost,BAU,RD,TRBTURELE,,,,2032,,,,,,7524.3708
CapitalCost,BAU,RD,TRBTURELE,,,,2033,,,,,,7505.9574
CapitalCost,BAU,RD,TRBTURELE,,,,2034,,,,,,7487.5441
CapitalCost,BAU,RD,TRBTURELE,,,,2035,,,,,,7470.8046
CapitalCost,BAU,RD,TRBTURELE,,,,2036,,,,,,7452.3913
CapitalCost,BAU,RD,TRBTURELE,,,,2037,,,,,,7433.9779
CapitalCost,BAU,RD,TRBTURELE,,,,2038,,,,,,7415.5645
CapitalCost,BAU,RD,TRBTURELE,,,,2039,,,,,,7397.1512
CapitalCost,BAU,RD,TRBTURELE,,,,2040,,,,,,7378.7378
CapitalCost,BAU,RD,TRBTURELE,,,,2041,,,,,,7361.9984
CapitalCost,BAU,RD,TRBTURELE,,,,2042,,,,,,7343.585
CapitalCost,BAU,RD,TRBTURELE,,,,2043,,,,,,7325.1716
CapitalCost,BAU,RD,TRBTURELE,,,,2044,,,,,,7306.7583
CapitalCost,BAU,RD,TRBTURELE,,,,2045,,,,,,7288.3449
CapitalCost,BAU,RD,TRBTURELE,,,,2046,,,,,,7269.9316
CapitalCost,BAU,RD,TRBTURELE,,,,2047,,,,,,7253.1921
CapitalCost,BAU,RD,TRBTURELE,,,,2048,,,,,,7234.7788
CapitalCost,BAU,RD,TRBTURELE,,,,2049,,,,,,7216.3654
CapitalCost,BAU,RD,TRBTURELE,,,,2050,,,,,,7197.952
CapitalCost,BAU,RD,TRBTURHYD,,,,2018,,,,,,12112.7647
CapitalCost,BAU,RD,TRBTURHYD,,,,2019,,,,,,12037.6954
CapitalCost,BAU,RD,TRBTURHYD,,,,2020,,,,,,15948.9011
CapitalCost,BAU,RD,TRBTURHYD,,,,2021,,,,,,13725.4654
CapitalCost,BAU,RD,TRBTURHYD,,,,2022,,,,,,11811.5278
CapitalCost,BAU,RD,TRBTURHYD,,,,2023,,,,,,11735.5083
CapitalCost,BAU,RD,TRBTURHYD,,,,2024,,,,,,11660.439
CapitalCost,BAU,RD,TRBTURHYD,,,,2025,,,,,,11584.4195
CapitalCost,BAU,RD,TRBTURHYD,,,,2026,,,,,,11509.3503
CapitalCost,BAU,RD,TRBTURHYD,,,,2027,,,,,,11434.2811
CapitalCost,BAU,RD,TRBTURHYD,,,,2028,,,,,,11358.2616
CapitalCost,BAU,RD,TRBTURHYD,,,,2029,,,,,,11283.1923
CapitalCost,BAU,RD,TRBTURHYD,,,,2030,,,,,,11208.1231
CapitalCost,BAU,RD,TRBTURHYD,,,,2031,,,,,,11132.1036
CapitalCost,BAU,RD,TRBTURHYD,,,,2032,,,,,,11057.0343
CapitalCost,BAU,RD,TRBTURHYD,,,,2033,,,,,,10981.9651
CapitalCost,BAU,RD,TRBTURHYD,,,,2034,,,,,,10905.9456
CapitalCost,BAU,RD,TRBTURHYD,,,,2035,,,,,,10830.8764
CapitalCost,BAU,RD,TRBTURHYD,,,,2036,,,,,,10755.8071
CapitalCost,BAU,RD,TRBTURHYD,,,,2037,,,,,,10679.7876
CapitalCost,BAU,RD,TRBTURHYD,,,,2038,,,,,,10604.7184
CapitalCost,BAU,RD,TRBTURHYD,,,,2039,,,,,,10529.6492
CapitalCost,BAU,RD,TRBTURHYD,,,,2040,,,,,,10453.6297
CapitalCost,BAU,RD,TRBTURHYD,,,,2041,,,,,,10378.5604
CapitalCost,BAU,RD,TRBTURHYD,,,,2042,,,,,,10302.5409
CapitalCost,BAU,RD,TRBTURHYD,,,,2043,,,,,,10227.4717
CapitalCost,BAU,RD,TRBTURHYD,,,,2044,,,,,,10152.4025
CapitalCost,BAU,RD,TRBTURHYD,,,,2045,,,,,,10076.383
CapitalCost,BAU,RD,TRBTURHYD,,,,2046,,,,,,10001.3137
CapitalCost,BAU,RD,TRBTURHYD,,,,2047,,,,,,9926.2445
CapitalCost,BAU,RD,TRBTURHYD,,,,2048,,,,,,9850.225
CapitalCost,BAU,RD,TRBTURHYD,,,,2049,,,,,,9775.1558
CapitalCost,BAU,RD,TRBTURHYD,,,,2050,,,,,,9700.0865
CapitalCost,BAU,RD,TRMBSDSL,,,,2018,,,,,,627.1432
CapitalCost,BAU,RD,TRMBSDSL,,,,2019,,,,,,627.1432
CapitalCost,BAU,RD,TRMBSDSL,,,,2020,,,,,,836.1909
CapitalCost,BAU,RD,TRMBSDSL,,,,2021,,,,,,724.1623
CapitalCost,BAU,RD,TRMBSDSL,,,,2022,,,,,,627.1427
CapitalCost,BAU,RD,TRMBSDSL,,,,2023,,,,,,627.1427
CapitalCost,BAU,RD,TRMBSDSL,,,,2024,,,,,,627.1427
CapitalCost,BAU,RD,TRMBSDSL,,,,2025,,,,,,627.1427
CapitalCost,BAU,RD,TRMBSDSL,,,,2026,,,,,,627.1427
CapitalCost,BAU,RD,TRMBSDSL,,,,2027,,,,,,627.1427
CapitalCost,BAU,RD,TRMBSDSL,,,,2028,,,,,,627.1427
CapitalCost,BAU,RD,TRMBSDSL,,,,2029,,,,,,627.1427
CapitalCost,BAU,RD,TRMBSDSL,,,,2030,,,,,,627.1427
CapitalCost,BAU,RD,TRMBSDSL,,,,2031,,,,,,627.1427
CapitalCost,BAU,RD,TRMBSDSL,,,,2032,,,,,,627.1427
CapitalCost,BAU,RD,TRMBSDSL,,,,2033,,,,,,627.1427
CapitalCost,BAU,RD,TRMBSDSL,,,,2034,,,,,,627.1427
CapitalCost,BAU,RD,TRMBSDSL,,,,2035,,,,,,627.1427
CapitalCost,BAU,RD,TRMBSDSL,,,,2036,,,,,,627.1427
CapitalCost,BAU,RD,TRMBSDSL,,,,2037,,,,,,627.1427
CapitalCost,BAU,RD,TRMBSDSL,,,,2038,,,,,,627.1427
CapitalCost,BAU,RD,TRMBSDSL,,,,2039,,,,,,627.1427
CapitalCost,BAU,RD,TRMBSDSL,,,,2040,,,,,,627.1427
CapitalCost,BAU,RD,TRMBSDSL,,,,2041,,,,,,627.1427
CapitalCost,BAU,RD,TRMBSDSL,,,,2042,,,,,,627.1427
CapitalCost,BAU,RD,TRMBSDSL,,,,2043,,,,,,627.1427
CapitalCost,BAU,RD,TRMBSDSL,,,,2044,,,,,,627.1427
CapitalCost,BAU,RD,TRMBSDSL,,,,2045,,,,,,627.1427
CapitalCost,BAU,RD,TRMBSDSL,,,,2046,,,,,,627.1427
CapitalCost,BAU,RD,TRMBSDSL,,,,2047,,,,,,627.1427
CapitalCost,BAU,RD,TRMBSDSL,,,,2048,,,,,,627.1427
CapitalCost,BAU,RD,TRMBSDSL,,,,2049,,,,,,627.1427
CapitalCost,BAU,RD,TRMBSDSL,,,,2050,,,,,,627.1427
CapitalCost,BAU,RD,TRMBSGSL,,,,2018,,,,,,627.1432
CapitalCost,BAU,RD,TRMBSGSL,,,,2019,,,,,,627.1432
CapitalCost,BAU,RD,TRMBSGSL,,,,2020,,,,,,836.1909
CapitalCost,BAU,RD,TRMBSGSL,,,,2021,,,,,,724.1623
CapitalCost,BAU,RD,TRMBSGSL,,,,2022,,,,,,627.1427
CapitalCost,BAU,RD,TRMBSGSL,,,,2023,,,,,,627.1427
CapitalCost,BAU,RD,TRMBSGSL,,,,2024,,,,,,627.1427
CapitalCost,BAU,RD,TRMBSGSL,,,,2025,,,,,,627.1427
CapitalCost,BAU,RD,TRMBSGSL,,,,2026,,,,,,627.1427
CapitalCost,BAU,RD,TRMBSGSL,,,,2027,,,,,,627.1427
CapitalCost,BAU,RD,TRMBSGSL,,,,2028,,,,,,627.1427
CapitalCost,BAU,RD,TRMBSGSL,,,,2029,,,,,,627.1427
CapitalCost,BAU,RD,TRMBSGSL,,,,2030,,,,,,627.1427
CapitalCost,BAU,RD,TRMBSGSL,,,,2031,,,,,,627.1427
CapitalCost,BAU,RD,TRMBSGSL,,,,2032,,,,,,627.1427
CapitalCost,BAU,RD,TRMBSGSL,,,,2033,,,,,,627.1427
CapitalCost,BAU,RD,TRMBSGSL,,,,2034,,,,,,627.1427
CapitalCost,BAU,RD,TRMBSGSL,,,,2035,,,,,,627.1427
CapitalCost,BAU,RD,TRMBSGSL,,,,2036,,,,,,627.1427
CapitalCost,BAU,RD,TRMBSGSL,,,,2037,,,,,,627.1427
CapitalCost,BAU,RD,TRMBSGSL,,,,2038,,,,,,627.1427
CapitalCost,BAU,RD,TRMBSGSL,,,,2039,,,,,,627.1427
CapitalCost,BAU,RD,TRMBSGSL,,,,2040,,,,,,627.1427
CapitalCost,BAU,RD,TRMBSGSL,,,,2041,,,,,,627.1427
CapitalCost,BAU,RD,TRMBSGSL,,,,2042,,,,,,627.1427
CapitalCost,BAU,RD,TRMBSGSL,,,,2043,,,,,,627.1427
CapitalCost,BAU,RD,TRMBSGSL,,,,2044,,,,,,627.1427
CapitalCost,BAU,RD,TRMBSGSL,,,,2045,,,,,,627.1427
CapitalCost,BAU,RD,TRMBSGSL,,,,2046,,,,,,627.1427
CapitalCost,BAU,RD,TRMBSGSL,,,,2047,,,,,,627.1427
CapitalCost,BAU,RD,TRMBSGSL,,,,2048,,,,,,627.1427
CapitalCost,BAU,RD,TRMBSGSL,,,,2049,,,,,,627.1427
CapitalCost,BAU,RD,TRMBSGSL,,,,2050,,,,,,627.1427
CapitalCost,BAU,RD,TRMBSLPG,,,,2018,,,,,,1285.6435
CapitalCost,BAU,RD,TRMBSLPG,,,,2019,,,,,,1285.6435
CapitalCost,BAU,RD,TRMBSLPG,,,,2020,,,,,,1714.1914
CapitalCost,BAU,RD,TRMBSLPG,,,,2021,,,,,,1484.5327
CapitalCost,BAU,RD,TRMBSLPG,,,,2022,,,,,,1285.6425
CapitalCost,BAU,RD,TRMBSLPG,,,,2023,,,,,,1285.6425
CapitalCost,BAU,RD,TRMBSLPG,,,,2024,,,,,,1285.6425
CapitalCost,BAU,RD,TRMBSLPG,,,,2025,,,,,,1285.6425
CapitalCost,BAU,RD,TRMBSLPG,,,,2026,,,,,,1285.6425
CapitalCost,BAU,RD,TRMBSLPG,,,,2027,,,,,,1285.6425
CapitalCost,BAU,RD,TRMBSLPG,,,,2028,,,,,,1285.6425
CapitalCost,BAU,RD,TRMBSLPG,,,,2029,,,,,,1285.6425
CapitalCost,BAU,RD,TRMBSLPG,,,,2030,,,,,,1285.6425
CapitalCost,BAU,RD,TRMBSLPG,,,,2031,,,,,,1285.6425
CapitalCost,BAU,RD,TRMBSLPG,,,,2032,,,,,,1285.6425
CapitalCost,BAU,RD,TRMBSLPG,,,,2033,,,,,,1285.6425
CapitalCost,BAU,RD,TRMBSLPG,,,,2034,,,,,,1285.6425
CapitalCost,BAU,RD,TRMBSLPG,,,,2035,,,,,,1285.6425
CapitalCost,BAU,RD,TRMBSLPG,,,,2036,,,,,,1285.6425
CapitalCost,BAU,RD,TRMBSLPG,,,,2037,,,,,,1285.6425
CapitalCost,BAU,RD,TRMBSLPG,,,,2038,,,,,,1285.6425
CapitalCost,BAU,RD,TRMBSLPG,,,,2039,,,,,,1285.6425
CapitalCost,BAU,RD,TRMBSLPG,,,,2040,,,,,,1285.6425
CapitalCost,BAU,RD,TRMBSLPG,,,,2041,,,,,,1285.6425
CapitalCost,BAU,RD,TRMBSLPG,,,,2042,,,,,,1285.6425
CapitalCost,BAU,RD,TRMBSLPG,,,,2043,,,,,,1285.6425
CapitalCost,BAU,RD,TRMBSLPG,,,,2044,,,,,,1285.6425
CapitalCost,BAU,RD,TRMBSLPG,,,,2045,,,,,,1285.6425
CapitalCost,BAU,RD,TRMBSLPG,,,,2046,,,,,,1285.6425
CapitalCost,BAU,RD,TRMBSLPG,,,,2047,,,,,,1285.6425
CapitalCost,BAU,RD,TRMBSLPG,,,,2048,,,,,,1285.6425
CapitalCost,BAU,RD,TRMBSLPG,,,,2049,,,,,,1285.6425
CapitalCost,BAU,RD,TRMBSLPG,,,,2050,,,,,,1285.6425
CapitalCost,BAU,RD,TRMBSELE,,,,2018,,,,,,878.0005
CapitalCost,BAU,RD,TRMBSELE,,,,2019,,,,,,838.9305
CapitalCost,BAU,RD,TRMBSELE,,,,2020,,,,,,1066.3
CapitalCost,BAU,RD,TRMBSELE,,,,2021,,,,,,878.3285
CapitalCost,BAU,RD,TRMBSELE,,,,2022,,,,,,721.5846
CapitalCost,BAU,RD,TRMBSELE,,,,2023,,,,,,708.5166
CapitalCost,BAU,RD,TRMBSELE,,,,2024,,,,,,695.4486
CapitalCost,BAU,RD,TRMBSELE,,,,2025,,,,,,678.0683
CapitalCost,BAU,RD,TRMBSELE,,,,2026,,,,,,660.6895
CapitalCost,BAU,RD,TRMBSELE,,,,2027,,,,,,643.3092
CapitalCost,BAU,RD,TRMBSELE,,,,2028,,,,,,625.9304
CapitalCost,BAU,RD,TRMBSELE,,,,2029,,,,,,617.1732
CapitalCost,BAU,RD,TRMBSELE,,,,2030,,,,,,608.55
CapitalCost,BAU,RD,TRMBSELE,,,,2031,,,,,,607.0679
CapitalCost,BAU,RD,TRMBSELE,,,,2032,,,,,,605.5874
CapitalCost,BAU,RD,TRMBSELE,,,,2033,,,,,,604.1052
CapitalCost,BAU,RD,TRMBSELE,,,,2034,,,,,,602.6231
CapitalCost,BAU,RD,TRMBSELE,,,,2035,,,,,,601.275
CapitalCost,BAU,RD,TRMBSELE,,,,2036,,,,,,599.7929
CapitalCost,BAU,RD,TRMBSELE,,,,2037,,,,,,598.3123
CapitalCost,BAU,RD,TRMBSELE,,,,2038,,,,,,596.8302
CapitalCost,BAU,RD,TRMBSELE,,,,2039,,,,,,595.3481
CapitalCost,BAU,RD,TRMBSELE,,,,2040,,,,,,593.8659
CapitalCost,BAU,RD,TRMBSELE,,,,2041,,,,,,592.5178
CapitalCost,BAU,RD,TRMBSELE,,,,2042,,,,,,591.0357
CapitalCost,BAU,RD,TRMBSELE,,,,2043,,,,,,589.5551
CapitalCost,BAU,RD,TRMBSELE,,,,2044,,,,,,588.073
CapitalCost,BAU,RD,TRMBSELE,,,,2045,,,,,,586.5909
CapitalCost,BAU,RD,TRMBSELE,,,,2046,,,,,,585.1087
CapitalCost,BAU,RD,TRMBSELE,,,,2047,,,,,,583.7606
CapitalCost,BAU,RD,TRMBSELE,,,,2048,,,,,,582.2801
CapitalCost,BAU,RD,TRMBSELE,,,,2049,,,,,,580.798
CapitalCost,BAU,RD,TRMBSELE,,,,2050,,,,,,579.3158
CapitalCost,BAU,RD,TRXTTELELE,,,,2018,,,,,,
CapitalCost,BAU,RD,TRXTTELELE,,,,2019,,,,,,
CapitalCost,BAU,RD,TRXTTELELE,,,,2020,,,,,,
CapitalCost,BAU,RD,TRXTTELELE,,,,2021,,,,,,
CapitalCost,BAU,RD,TRXTTELELE,,,,2022,,,,,,
CapitalCost,BAU,RD,TRXTTELELE,,,,2023,,,,,,
CapitalCost,BAU,RD,TRXTTELELE,,,,2024,,,,,,
CapitalCost,BAU,RD,TRXTTELELE,,,,2025,,,,,,
CapitalCost,BAU,RD,TRXTTELELE,,,,2026,,,,,,
CapitalCost,BAU,RD,TRXTTELELE,,,,2027,,,,,,
CapitalCost,BAU,RD,TRXTTELELE,,,,2028,,,,,,
CapitalCost,BAU,RD,TRXTTELELE,,,,2029,,,,,,
CapitalCost,BAU,RD,TRXTTELELE,,,,2030,,,,,,
CapitalCost,BAU,RD,TRXTTELELE,,,,2031,,,,,,
CapitalCost,BAU,RD,TRXTTELELE,,,,2032,,,,,,
CapitalCost,BAU,RD,TRXTTELELE,,,,2033,,,,,,
CapitalCost,BAU,RD,TRXTTELELE,,,,2034,,,,,,
CapitalCost,BAU,RD,TRXTTELELE,,,,2035,,,,,,
CapitalCost,BAU,RD,TRXTTELELE,,,,2036,,,,,,
CapitalCost,BAU,RD,TRXTTELELE,,,,2037,,,,,,
CapitalCost,BAU,RD,TRXTTELELE,,,,2038,,,,,,
CapitalCost,BAU,RD,TRXTTELELE,,,,2039,,,,,,
CapitalCost,BAU,RD,TRXTTELELE,,,,2040,,,,,,
CapitalCost,BAU,RD,TRXTTELELE,,,,2041,,,,,,
CapitalCost,BAU,RD,TRXTTELELE,,,,2042,,,,,,
CapitalCost,BAU,RD,TRXTTELELE,,,,2043,,,,,,
CapitalCost,BAU,RD,TRXTTELELE,,,,2044,,,,,,
CapitalCost,BAU,RD,TRXTTELELE,,,,2045,,,,,,
CapitalCost,BAU,RD,TRXTTELELE,,,,2046,,,,,,
CapitalCost,BAU,RD,TRXTTELELE,,,,2047,,,,,,
CapitalCost,BAU,RD,TRXTTELELE,,,,2048,,,,,,
CapitalCost,BAU,RD,TRXTTELELE,,,,2049,,,,,,
CapitalCost,BAU,RD,TRXTTELELE,,,,2050,,,,,,
CapitalCost,BAU,RD,TRXTRAIELE,,,,2018,,,,,,
CapitalCost,BAU,RD,TRXTRAIELE,,,,2019,,,,,,
CapitalCost,BAU,RD,TRXTRAIELE,,,,2020,,,,,,
CapitalCost,BAU,RD,TRXTRAIELE,,,,2021,,,,,,
CapitalCost,BAU,RD,TRXTRAIELE,,,,2022,,,,,,
CapitalCost,BAU,RD,TRXTRAIELE,,,,2023,,,,,,
CapitalCost,BAU,RD,TRXTRAIELE,,,,2024,,,,,,
CapitalCost,BAU,RD,TRXTRAIELE,,,,2025,,,,,,
CapitalCost,BAU,RD,TRXTRAIELE,,,,2026,,,,,,
CapitalCost,BAU,RD,TRXTRAIELE,,,,2027,,,,,,
CapitalCost,BAU,RD,TRXTRAIELE,,,,2028,,,,,,
CapitalCost,BAU,RD,TRXTRAIELE,,,,2029,,,,,,
CapitalCost,BAU,RD,TRXTRAIELE,,,,2030,,,,,,
CapitalCost,BAU,RD,TRXTRAIELE,,,,2031,,,,,,
CapitalCost,BAU,RD,TRXTRAIELE,,,,2032,,,,,,
CapitalCost,BAU,RD,TRXTRAIELE,,,,2033,,,,,,
CapitalCost,BAU,RD,TRXTRAIELE,,,,2034,,,,,,
CapitalCost,BAU,RD,TRXTRAIELE,,,,2035,,,,,,
CapitalCost,BAU,RD,TRXTRAIELE,,,,2036,,,,,,
CapitalCost,BAU,RD,TRXTRAIELE,,,,2037,,,,,,
CapitalCost,BAU,RD,TRXTRAIELE,,,,2038,,,,,,
CapitalCost,BAU,RD,TRXTRAIELE,,,,2039,,,,,,
CapitalCost,BAU,RD,TRXTRAIELE,,,,2040,,,,,,
CapitalCost,BAU,RD,TRXTRAIELE,,,,2041,,,,,,
CapitalCost,BAU,RD,TRXTRAIELE,,,,2042,,,,,,
CapitalCost,BAU,RD,TRXTRAIELE,,,,2043,,,,,,
CapitalCost,BAU,RD,TRXTRAIELE,,,,2044,,,,,,
CapitalCost,BAU,RD,TRXTRAIELE,,,,2045,,,,,,
CapitalCost,BAU,RD,TRXTRAIELE,,,,2046,,,,,,
CapitalCost,BAU,RD,TRXTRAIELE,,,,2047,,,,,,
CapitalCost,BAU,RD,TRXTRAIELE,,,,2048,,,,,,
CapitalCost,BAU,RD,TRXTRAIELE,,,,2049,,,,,,
CapitalCost,BAU,RD,TRXTRAIELE,,,,2050,,,,,,
CapitalCost,BAU,RD,TRXTRAIFREELE,,,,2018,,,,,,
CapitalCost,BAU,RD,TRXTRAIFREELE,,,,2019,,,,,,
CapitalCost,BAU,RD,TRXTRAIFREELE,,,,2020,,,,,,
CapitalCost,BAU,RD,TRXTRAIFREELE,,,,2021,,,,,,
CapitalCost,BAU,RD,TRXTRAIFREELE,,,,2022,,,,,,
CapitalCost,BAU,RD,TRXTRAIFREELE,,,,2023,,,,,,
CapitalCost,BAU,RD,TRXTRAIFREELE,,,,2024,,,,,,
CapitalCost,BAU,RD,TRXTRAIFREELE,,,,2025,,,,,,
CapitalCost,BAU,RD,TRXTRAIFREELE,,,,2026,,,,,,
CapitalCost,BAU,RD,TRXTRAIFREELE,,,,2027,,,,,,
CapitalCost,BAU,RD,TRXTRAIFREELE,,,,2028,,,,,,
CapitalCost,BAU,RD,TRXTRAIFREELE,,,,2029,,,,,,
CapitalCost,BAU,RD,TRXTRAIFREELE,,,,2030,,,,,,
CapitalCost,BAU,RD,TRXTRAIFREELE,,,,2031,,,,,,
CapitalCost,BAU,RD,TRXTRAIFREELE,,,,2032,,,,,,
CapitalCost,BAU,RD,TRXTRAIFREELE,,,,2033,,,,,,
CapitalCost,BAU,RD,TRXTRAIFREELE,,,,2034,,,,,,
CapitalCost,BAU,RD,TRXTRAIFREELE,,,,2035,,,,,,
CapitalCost,BAU,RD,TRXTRAIFREELE,,,,2036,,,,,,
CapitalCost,BAU,RD,TRXTRAIFREELE,,,,2037,,,,,,
CapitalCost,BAU,RD,TRXTRAIFREELE,,,,2038,,,,,,
CapitalCost,BAU,RD,TRXTRAIFREELE,,,,2039,,,,,,
CapitalCost,BAU,RD,TRXTRAIFREELE,,,,2040,,,,,,
CapitalCost,BAU,RD,TRXTRAIFREELE,,,,2041,,,,,,
CapitalCost,BAU,RD,TRXTRAIFREELE,,,,2042,,,,,,
CapitalCost,BAU,RD,TRXTRAIFREELE,,,,2043,,,,,,
CapitalCost,BAU,RD,TRXTRAIFREELE,,,,2044,,,,,,
CapitalCost,BAU,RD,TRXTRAIFREELE,,,,2045,,,,,,
CapitalCost,BAU,RD,TRXTRAIFREELE,,,,2046,,,,,,
CapitalCost,BAU,RD,TRXTRAIFREELE,,,,2047,,,,,,
CapitalCost,BAU,RD,TRXTRAIFREELE,,,,2048,,,,,,
CapitalCost,BAU,RD,TRXTRAIFREELE,,,,2049,,,,,,
CapitalCost,BAU,RD,TRXTRAIFREELE,,,,2050,,,,,,
CapitalCost,BAU,RD,TRYTKDSL,,,,2018,,,,,,10960.2389
CapitalCost,BAU,RD,TRYTKDSL,,,,2019,,,,,,10960.2389
CapitalCost,BAU,RD,TRYTKDSL,,,,2020,,,,,,14613.6519
CapitalCost,BAU,RD,TRYTKDSL,,,,2021,,,,,,12655.7888
CapitalCost,BAU,RD,TRYTKDSL,,,,2022,,,,,,10960.2302
CapitalCost,BAU,RD,TRYTKDSL,,,,2023,,,,,,10960.2302
CapitalCost,BAU,RD,TRYTKDSL,,,,2024,,,,,,10960.2302
CapitalCost,BAU,RD,TRYTKDSL,,,,2025,,,,,,10960.2302
CapitalCost,BAU,RD,TRYTKDSL,,,,2026,,,,,,10960.2302
CapitalCost,BAU,RD,TRYTKDSL,,,,2027,,,,,,10960.2302
CapitalCost,BAU,RD,TRYTKDSL,,,,2028,,,,,,10960.2302
CapitalCost,BAU,RD,TRYTKDSL,,,,2029,,,,,,10960.2302
CapitalCost,BAU,RD,TRYTKDSL,,,,2030,,,,,,10960.2302
CapitalCost,BAU,RD,TRYTKDSL,,,,2031,,,,,,10960.2302
CapitalCost,BAU,RD,TRYTKDSL,,,,2032,,,,,,10960.2302
CapitalCost,BAU,RD,TRYTKDSL,,,,2033,,,,,,10960.2302
CapitalCost,BAU,RD,TRYTKDSL,,,,2034,,,,,,10960.2302
CapitalCost,BAU,RD,TRYTKDSL,,,,2035,,,,,,10960.2302
CapitalCost,BAU,RD,TRYTKDSL,,,,2036,,,,,,10960.2302
CapitalCost,BAU,RD,TRYTKDSL,,,,2037,,,,,,10960.2302
CapitalCost,BAU,RD,TRYTKDSL,,,,2038,,,,,,10960.2302
CapitalCost,BAU,RD,TRYTKDSL,,,,2039,,,,,,10960.2302
CapitalCost,BAU,RD,TRYTKDSL,,,,2040,,,,,,10960.2302
CapitalCost,BAU,RD,TRYTKDSL,,,,2041,,,,,,10960.2302
CapitalCost,BAU,RD,TRYTKDSL,,,,2042,,,,,,10960.2302
CapitalCost,BAU,RD,TRYTKDSL,,,,2043,,,,,,10960.2302
CapitalCost,BAU,RD,TRYTKDSL,,,,2044,,,,,,10960.2302
CapitalCost,BAU,RD,TRYTKDSL,,,,2045,,,,,,10960.2302
CapitalCost,BAU,RD,TRYTKDSL,,,,2046,,,,,,10960.2302
CapitalCost,BAU,RD,TRYTKDSL,,,,2047,,,,,,10960.2302
CapitalCost,BAU,RD,TRYTKDSL,,,,2048,,,,,,10960.2302
CapitalCost,BAU,RD,TRYTKDSL,,,,2049,,,,,,10960.2302
CapitalCost,BAU,RD,TRYTKDSL,,,,2050,,,,,,10960.2302
CapitalCost,BAU,RD,TRYTKGSL,,,,2018,,,,,,10960.2389
CapitalCost,BAU,RD,TRYTKGSL,,,,2019,,,,,,10960.2389
CapitalCost,BAU,RD,TRYTKGSL,,,,2020,,,,,,14613.6519
CapitalCost,BAU,RD,TRYTKGSL,,,,2021,,,,,,12655.7888
CapitalCost,BAU,RD,TRYTKGSL,,,,2022,,,,,,10960.2302
CapitalCost,BAU,RD,TRYTKGSL,,,,2023,,,,,,10960.2302
CapitalCost,BAU,RD,TRYTKGSL,,,,2024,,,,,,10960.2302
CapitalCost,BAU,RD,TRYTKGSL,,,,2025,,,,,,10960.2302
CapitalCost,BAU,RD,TRYTKGSL,,,,2026,,,,,,10960.2302
CapitalCost,BAU,RD,TRYTKGSL,,,,2027,,,,,,10960.2302
CapitalCost,BAU,RD,TRYTKGSL,,,,2028,,,,,,10960.2302
CapitalCost,BAU,RD,TRYTKGSL,,,,2029,,,,,,10960.2302
CapitalCost,BAU,RD,TRYTKGSL,,,,2030,,,,,,10960.2302
CapitalCost,BAU,RD,TRYTKGSL,,,,2031,,,,,,10960.2302
CapitalCost,BAU,RD,TRYTKGSL,,,,2032,,,,,,10960.2302
CapitalCost,BAU,RD,TRYTKGSL,,,,2033,,,,,,10960.2302
CapitalCost,BAU,RD,TRYTKGSL,,,,2034,,,,,,10960.2302
CapitalCost,BAU,RD,TRYTKGSL,,,,2035,,,,,,10960.2302
CapitalCost,BAU,RD,TRYTKGSL,,,,2036,,,,,,10960.2302
CapitalCost,BAU,RD,TRYTKGSL,,,,2037,,,,,,10960.2302
CapitalCost,BAU,RD,TRYTKGSL,,,,2038,,,,,,10960.2302
CapitalCost,BAU,RD,TRYTKGSL,,,,2039,,,,,,10960.2302
CapitalCost,BAU,RD,TRYTKGSL,,,,2040,,,,,,10960.2302
CapitalCost,BAU,RD,TRYTKGSL,,,,2041,,,,,,10960.2302
CapitalCost,BAU,RD,TRYTKGSL,,,,2042,,,,,,10960.2302
CapitalCost,BAU,RD,TRYTKGSL,,,,2043,,,,,,10960.2302
CapitalCost,BAU,RD,TRYTKGSL,,,,2044,,,,,,10960.2302
CapitalCost,BAU,RD,TRYTKGSL,,,,2045,,,,,,10960.2302
CapitalCost,BAU,RD,TRYTKGSL,,,,2046,,,,,,10960.2302
CapitalCost,BAU,RD,TRYTKGSL,,,,2047,,,,,,10960.2302
CapitalCost,BAU,RD,TRYTKGSL,,,,2048,,,,,,10960.2302
CapitalCost,BAU,RD,TRYTKGSL,,,,2049,,,,,,10960.2302
CapitalCost,BAU,RD,TRYTKGSL,,,,2050,,,,,,10960.2302
CapitalCost,BAU,RD,TRYTKLPG,,,,2018,,,,,,15345.4305
CapitalCost,BAU,RD,TRYTKLPG,,,,2019,,,,,,15345.4305
CapitalCost,BAU,RD,TRYTKLPG,,,,2020,,,,,,20460.574
CapitalCost,BAU,RD,TRYTKLPG,,,,2021,,,,,,17719.3699
CapitalCost,BAU,RD,TRYTKLPG,,,,2022,,,,,,15345.4184
CapitalCost,BAU,RD,TRYTKLPG,,,,2023,,,,,,15345.4184
CapitalCost,BAU,RD,TRYTKLPG,,,,2024,,,,,,15345.4184
CapitalCost,BAU,RD,TRYTKLPG,,,,2025,,,,,,15345.4184
CapitalCost,BAU,RD,TRYTKLPG,,,,2026,,,,,,15345.4184
CapitalCost,BAU,RD,TRYTKLPG,,,,2027,,,,,,15345.4184
CapitalCost,BAU,RD,TRYTKLPG,,,,2028,,,,,,15345.4184
CapitalCost,BAU,RD,TRYTKLPG,,,,2029,,,,,,15345.4184
CapitalCost,BAU,RD,TRYTKLPG,,,,2030,,,,,,15345.4184
CapitalCost,BAU,RD,TRYTKLPG,,,,2031,,,,,,15345.4184
CapitalCost,BAU,RD,TRYTKLPG,,,,2032,,,,,,15345.4184
CapitalCost,BAU,RD,TRYTKLPG,,,,2033,,,,,,15345.4184
CapitalCost,BAU,RD,TRYTKLPG,,,,2034,,,,,,15345.4184
CapitalCost,BAU,RD,TRYTKLPG,,,,2035,,,,,,15345.4184
CapitalCost,BAU,RD,TRYTKLPG,,,,2036,,,,,,15345.4184
CapitalCost,BAU,RD,TRYTKLPG,,,,2037,,,,,,15345.4184
CapitalCost,BAU,RD,TRYTKLPG,,,,2038,,,,,,15345.4184
CapitalCost,BAU,RD,TRYTKLPG,,,,2039,,,,,,15345.4184
CapitalCost,BAU,RD,TRYTKLPG,,,,2040,,,,,,15345.4184
CapitalCost,BAU,RD,TRYTKLPG,,,,2041,,,,,,15345.4184
CapitalCost,BAU,RD,TRYTKLPG,,,,2042,,,,,,15345.4184
CapitalCost,BAU,RD,TRYTKLPG,,,,2043,,,,,,15345.4184
CapitalCost,BAU,RD,TRYTKLPG,,,,2044,,,,,,15345.4184
CapitalCost,BAU,RD,TRYTKLPG,,,,2045,,,,,,15345.4184
CapitalCost,BAU,RD,TRYTKLPG,,,,2046,,,,,,15345.4184
CapitalCost,BAU,RD,TRYTKLPG,,,,2047,,,,,,15345.4184
CapitalCost,BAU,RD,TRYTKLPG,,,,2048,,,,,,15345.4184
CapitalCost,BAU,RD,TRYTKLPG,,,,2049,,,,,,15345.4184
CapitalCost,BAU,RD,TRYTKLPG,,,,2050,,,,,,15345.4184
CapitalCost,BAU,RD,TRYTKELE,,,,2018,,,,,,13333.3333
CapitalCost,BAU,RD,TRYTKELE,,,,2019,,,,,,13294.5996
CapitalCost,BAU,RD,TRYTKELE,,,,2020,,,,,,17678.4606
CapitalCost,BAU,RD,TRYTKELE,,,,2021,,,,,,15265.2641
CapitalCost,BAU,RD,TRYTKELE,,,,2022,,,,,,13184.3471
CapitalCost,BAU,RD,TRYTKELE,,,,2023,,,,,,13145.6135
CapitalCost,BAU,RD,TRYTKELE,,,,2024,,,,,,13109.8593
CapitalCost,BAU,RD,TRYTKELE,,,,2025,,,,,,13071.1256
CapitalCost,BAU,RD,TRYTKELE,,,,2026,,,,,,13035.3715
CapitalCost,BAU,RD,TRYTKELE,,,,2027,,,,,,12996.6378
CapitalCost,BAU,RD,TRYTKELE,,,,2028,,,,,,12960.8836
CapitalCost,BAU,RD,TRYTKELE,,,,2029,,,,,,12922.15
CapitalCost,BAU,RD,TRYTKELE,,,,2030,,,,,,12886.3958
CapitalCost,BAU,RD,TRYTKELE,,,,2031,,,,,,12847.6621
CapitalCost,BAU,RD,TRYTKELE,,,,2032,,,,,,12808.9284
CapitalCost,BAU,RD,TRYTKELE,,,,2033,,,,,,12773.1743
CapitalCost,BAU,RD,TRYTKELE,,,,2034,,,,,,12734.4406
CapitalCost,BAU,RD,TRYTKELE,,,,2035,,,,,,12698.6864
CapitalCost,BAU,RD,TRYTKELE,,,,2036,,,,,,12659.9528
CapitalCost,BAU,RD,TRYTKELE,,,,2037,,,,,,12624.1986
CapitalCost,BAU,RD,TRYTKELE,,,,2038,,,,,,12585.4649
CapitalCost,BAU,RD,TRYTKELE,,,,2039,,,,,,12549.7108
CapitalCost,BAU,RD,TRYTKELE,,,,2040,,,,,,12510.9771
CapitalCost,BAU,RD,TRYTKELE,,,,2041,,,,,,12475.2229
CapitalCost,BAU,RD,TRYTKELE,,,,2042,,,,,,12436.4893
CapitalCost,BAU,RD,TRYTKELE,,,,2043,,,,,,12400.7351
CapitalCost,BAU,RD,TRYTKELE,,,,2044,,,,,,12362.0014
CapitalCost,BAU,RD,TRYTKELE,,,,2045,,,,,,12323.2677
CapitalCost,BAU,RD,TRYTKELE,,,,2046,,,,,,12287.5136
CapitalCost,BAU,RD,TRYTKELE,,,,2047,,,,,,12248.7799
CapitalCost,BAU,RD,TRYTKELE,,,,2048,,,,,,12213.0257
CapitalCost,BAU,RD,TRYTKELE,,,,2049,,,,,,12174.2921
CapitalCost,BAU,RD,TRYTKELE,,,,2050,,,,,,12138.5379
CapitalCost,BAU,RD,TRYTKHYD,,,,2018,,,,,,40647.1419
CapitalCost,BAU,RD,TRYTKHYD,,,,2019,,,,,,40392.6691
CapitalCost,BAU,RD,TRYTKHYD,,,,2020,,,,,,53517.595
CapitalCost,BAU,RD,TRYTKHYD,,,,2021,,,,,,46059.3896
CapitalCost,BAU,RD,TRYTKHYD,,,,2022,,,,,,39634.113
CapitalCost,BAU,RD,TRYTKHYD,,,,2023,,,,,,39379.6404
CapitalCost,BAU,RD,TRYTKHYD,,,,2024,,,,,,39130.0615
CapitalCost,BAU,RD,TRYTKHYD,,,,2025,,,,,,38875.5888
CapitalCost,BAU,RD,TRYTKHYD,,,,2026,,,,,,38621.1162
CapitalCost,BAU,RD,TRYTKHYD,,,,2027,,,,,,38371.5373
CapitalCost,BAU,RD,TRYTKHYD,,,,2028,,,,,,38117.0646
CapitalCost,BAU,RD,TRYTKHYD,,,,2029,,,,,,37862.592
CapitalCost,BAU,RD,TRYTKHYD,,,,2030,,,,,,37608.1194
CapitalCost,BAU,RD,TRYTKHYD,,,,2031,,,,,,37358.5404
CapitalCost,BAU,RD,TRYTKHYD,,,,2032,,,,,,37104.0678
CapitalCost,BAU,RD,TRYTKHYD,,,,2033,,,,,,36849.5952
CapitalCost,BAU,RD,TRYTKHYD,,,,2034,,,,,,36600.0162
CapitalCost,BAU,RD,TRYTKHYD,,,,2035,,,,,,36345.5436
CapitalCost,BAU,RD,TRYTKHYD,,,,2036,,,,,,36091.071
CapitalCost,BAU,RD,TRYTKHYD,,,,2037,,,,,,35836.5983
CapitalCost,BAU,RD,TRYTKHYD,,,,2038,,,,,,35587.0194
CapitalCost,BAU,RD,TRYTKHYD,,,,2039,,,,,,35332.5468
CapitalCost,BAU,RD,TRYTKHYD,,,,2040,,,,,,35078.0741
CapitalCost,BAU,RD,TRYTKHYD,,,,2041,,,,,,34828.4952
CapitalCost,BAU,RD,TRYTKHYD,,,,2042,,,,,,34574.0225
CapitalCost,BAU,RD,TRYTKHYD,,,,2043,,,,,,34319.5499
CapitalCost,BAU,RD,TRYTKHYD,,,,2044,,,,,,34069.971
CapitalCost,BAU,RD,TRYTKHYD,,,,2045,,,,,,33815.4983
CapitalCost,BAU,RD,TRYTKHYD,,,,2046,,,,,,33561.0257
CapitalCost,BAU,RD,TRYTKHYD,,,,2047,,,,,,33306.5531
CapitalCost,BAU,RD,TRYTKHYD,,,,2048,,,,,,33056.9741
CapitalCost,BAU,RD,TRYTKHYD,,,,2049,,,,,,32802.5015
CapitalCost,BAU,RD,TRYTKHYD,,,,2050,,,,,,32548.0289
CapitalCost,BAU,RD,TRYTKHD,,,,2018,,,,,,16191.5609
CapitalCost,BAU,RD,TRYTKHD,,,,2019,,,,,,16191.5609
CapitalCost,BAU,RD,TRYTKHD,,,,2020,,,,,,21588.7479
CapitalCost,BAU,RD,TRYTKHD,,,,2021,,,,,,18696.3967
CapitalCost,BAU,RD,TRYTKHD,,,,2022,,,,,,16191.5481
CapitalCost,BAU,RD,TRYTKHD,,,,2023,,,,,,16191.5481
CapitalCost,BAU,RD,TRYTKHD,,,,2024,,,,,,16191.5481
CapitalCost,BAU,RD,TRYTKHD,,,,2025,,,,,,16191.5481
CapitalCost,BAU,RD,TRYTKHD,,,,2026,,,,,,16191.5481
CapitalCost,BAU,RD,TRYTKHD,,,,2027,,,,,,16191.5481
CapitalCost,BAU,RD,TRYTKHD,,,,2028,,,,,,16191.5481
CapitalCost,BAU,RD,TRYTKHD,,,,2029,,,,,,16191.5481
CapitalCost,BAU,RD,TRYTKHD,,,,2030,,,,,,16191.5481
CapitalCost,BAU,RD,TRYTKHD,,,,2031,,,,,,16191.5481
CapitalCost,BAU,RD,TRYTKHD,,,,2032,,,,,,16191.5481
CapitalCost,BAU,RD,TRYTKHD,,,,2033,,,,,,16191.5481
CapitalCost,BAU,RD,TRYTKHD,,,,2034,,,,,,16191.5481
CapitalCost,BAU,RD,TRYTKHD,,,,2035,,,,,,16191.5481
CapitalCost,BAU,RD,TRYTKHD,,,,2036,,,,,,16191.5481
CapitalCost,BAU,RD,TRYTKHD,,,,2037,,,,,,16191.5481
CapitalCost,BAU,RD,TRYTKHD,,,,2038,,,,,,16191.5481
CapitalCost,BAU,RD,TRYTKHD,,,,2039,,,,,,16191.5481
CapitalCost,BAU,RD,TRYTKHD,,,,2040,,,,,,16191.5481
CapitalCost,BAU,RD,TRYTKHD,,,,2041,,,,,,16191.5481
CapitalCost,BAU,RD,TRYTKHD,,,,2042,,,,,,16191.5481
CapitalCost,BAU,RD,TRYTKHD,,,,2043,,,,,,16191.5481
CapitalCost,BAU,RD,TRYTKHD,,,,2044,,,,,,16191.5481
CapitalCost,BAU,RD,TRYTKHD,,,,2045,,,,,,16191.5481
CapitalCost,BAU,RD,TRYTKHD,,,,2046,,,,,,16191.5481
CapitalCost,BAU,RD,TRYTKHD,,,,2047,,,,,,16191.5481
CapitalCost,BAU,RD,TRYTKHD,,,,2048,,,,,,16191.5481
CapitalCost,BAU,RD,TRYTKHD,,,,2049,,,,,,16191.5481
CapitalCost,BAU,RD,TRYTKHD,,,,2050,,,,,,16191.5481
CapitalCost,BAU,RD,TRYLFDSL,,,,2018,,,,,,1940.7356
CapitalCost,BAU,RD,TRYLFDSL,,,,2019,,,,,,1940.7356
CapitalCost,BAU,RD,TRYLFDSL,,,,2020,,,,,,2587.6474
CapitalCost,BAU,RD,TRYLFDSL,,,,2021,,,,,,2240.9675
CapitalCost,BAU,RD,TRYLFDSL,,,,2022,,,,,,1940.734
CapitalCost,BAU,RD,TRYLFDSL,,,,2023,,,,,,1940.734
CapitalCost,BAU,RD,TRYLFDSL,,,,2024,,,,,,1940.734
CapitalCost,BAU,RD,TRYLFDSL,,,,2025,,,,,,1940.734
CapitalCost,BAU,RD,TRYLFDSL,,,,2026,,,,,,1940.734
CapitalCost,BAU,RD,TRYLFDSL,,,,2027,,,,,,1940.734
CapitalCost,BAU,RD,TRYLFDSL,,,,2028,,,,,,1940.734
CapitalCost,BAU,RD,TRYLFDSL,,,,2029,,,,,,1940.734
CapitalCost,BAU,RD,TRYLFDSL,,,,2030,,,,,,1940.734
CapitalCost,BAU,RD,TRYLFDSL,,,,2031,,,,,,1940.734
CapitalCost,BAU,RD,TRYLFDSL,,,,2032,,,,,,1940.734
CapitalCost,BAU,RD,TRYLFDSL,,,,2033,,,,,,1940.734
CapitalCost,BAU,RD,TRYLFDSL,,,,2034,,,,,,1940.734
CapitalCost,BAU,RD,TRYLFDSL,,,,2035,,,,,,1940.734
CapitalCost,BAU,RD,TRYLFDSL,,,,2036,,,,,,1940.734
CapitalCost,BAU,RD,TRYLFDSL,,,,2037,,,,,,1940.734
CapitalCost,BAU,RD,TRYLFDSL,,,,2038,,,,,,1940.734
CapitalCost,BAU,RD,TRYLFDSL,,,,2039,,,,,,1940.734
CapitalCost,BAU,RD,TRYLFDSL,,,,2040,,,,,,1940.734
CapitalCost,BAU,RD,TRYLFDSL,,,,2041,,,,,,1940.734
CapitalCost,BAU,RD,TRYLFDSL,,,,2042,,,,,,1940.734
CapitalCost,BAU,RD,TRYLFDSL,,,,2043,,,,,,1940.734
CapitalCost,BAU,RD,TRYLFDSL,,,,2044,,,,,,1940.734
CapitalCost,BAU,RD,TRYLFDSL,,,,2045,,,,,,1940.734
CapitalCost,BAU,RD,TRYLFDSL,,,,2046,,,,,,1940.734
CapitalCost,BAU,RD,TRYLFDSL,,,,2047,,,,,,1940.734
CapitalCost,BAU,RD,TRYLFDSL,,,,2048,,,,,,1940.734
CapitalCost,BAU,RD,TRYLFDSL,,,,2049,,,,,,1940.734
CapitalCost,BAU,RD,TRYLFDSL,,,,2050,,,,,,1940.734
CapitalCost,BAU,RD,TRYLFGSL,,,,2018,,,,,,1940.7356
CapitalCost,BAU,RD,TRYLFGSL,,,,2019,,,,,,1940.7356
CapitalCost,BAU,RD,TRYLFGSL,,,,2020,,,,,,2587.6474
CapitalCost,BAU,RD,TRYLFGSL,,,,2021,,,,,,2240.9675
CapitalCost,BAU,RD,TRYLFGSL,,,,2022,,,,,,1940.734
CapitalCost,BAU,RD,TRYLFGSL,,,,2023,,,,,,1940.734
CapitalCost,BAU,RD,TRYLFGSL,,,,2024,,,,,,1940.734
CapitalCost,BAU,RD,TRYLFGSL,,,,2025,,,,,,1940.734
CapitalCost,BAU,RD,TRYLFGSL,,,,2026,,,,,,1940.734
CapitalCost,BAU,RD,TRYLFGSL,,,,2027,,,,,,1940.734
CapitalCost,BAU,RD,TRYLFGSL,,,,2028,,,,,,1940.734
CapitalCost,BAU,RD,TRYLFGSL,,,,2029,,,,,,1940.734
CapitalCost,BAU,RD,TRYLFGSL,,,,2030,,,,,,1940.734
CapitalCost,BAU,RD,TRYLFGSL,,,,2031,,,,,,1940.734
CapitalCost,BAU,RD,TRYLFGSL,,,,2032,,,,,,1940.734
CapitalCost,BAU,RD,TRYLFGSL,,,,2033,,,,,,1940.734
CapitalCost,BAU,RD,TRYLFGSL,,,,2034,,,,,,1940.734
CapitalCost,BAU,RD,TRYLFGSL,,,,2035,,,,,,1940.734
CapitalCost,BAU,RD,TRYLFGSL,,,,2036,,,,,,1940.734
CapitalCost,BAU,RD,TRYLFGSL,,,,2037,,,,,,1940.734
CapitalCost,BAU,RD,TRYLFGSL,,,,2038,,,,,,1940.734
CapitalCost,BAU,RD,TRYLFGSL,,,,2039,,,,,,1940.734
CapitalCost,BAU,RD,TRYLFGSL,,,,2040,,,,,,1940.734
CapitalCost,BAU,RD,TRYLFGSL,,,,2041,,,,,,1940.734
CapitalCost,BAU,RD,TRYLFGSL,,,,2042,,,,,,1940.734
CapitalCost,BAU,RD,TRYLFGSL,,,,2043,,,,,,1940.734
CapitalCost,BAU,RD,TRYLFGSL,,,,2044,,,,,,1940.734
CapitalCost,BAU,RD,TRYLFGSL,,,,2045,,,,,,1940.734
CapitalCost,BAU,RD,TRYLFGSL,,,,2046,,,,,,1940.734
CapitalCost,BAU,RD,TRYLFGSL,,,,2047,,,,,,1940.734
CapitalCost,BAU,RD,TRYLFGSL,,,,2048,,,,,,1940.734
CapitalCost,BAU,RD,TRYLFGSL,,,,2049,,,,,,1940.734
CapitalCost,BAU,RD,TRYLFGSL,,,,2050,,,,,,1940.734
CapitalCost,BAU,RD,TRYLFLPG,,,,2018,,,,,,2717.0298
CapitalCost,BAU,RD,TRYLFLPG,,,,2019,,,,,,2717.0298
CapitalCost,BAU,RD,TRYLFLPG,,,,2020,,,,,,3622.7064
CapitalCost,BAU,RD,TRYLFLPG,,,,2021,,,,,,3137.3545
CapitalCost,BAU,RD,TRYLFLPG,,,,2022,,,,,,2717.0276
CapitalCost,BAU,RD,TRYLFLPG,,,,2023,,,,,,2717.0276
CapitalCost,BAU,RD,TRYLFLPG,,,,2024,,,,,,2717.0276
CapitalCost,BAU,RD,TRYLFLPG,,,,2025,,,,,,2717.0276
CapitalCost,BAU,RD,TRYLFLPG,,,,2026,,,,,,2717.0276
CapitalCost,BAU,RD,TRYLFLPG,,,,2027,,,,,,2717.0276
CapitalCost,BAU,RD,TRYLFLPG,,,,2028,,,,,,2717.0276
CapitalCost,BAU,RD,TRYLFLPG,,,,2029,,,,,,2717.0276
CapitalCost,BAU,RD,TRYLFLPG,,,,2030,,,,,,2717.0276
CapitalCost,BAU,RD,TRYLFLPG,,,,2031,,,,,,2717.0276
CapitalCost,BAU,RD,TRYLFLPG,,,,2032,,,,,,2717.0276
CapitalCost,BAU,RD,TRYLFLPG,,,,2033,,,,,,2717.0276
CapitalCost,BAU,RD,TRYLFLPG,,,,2034,,,,,,2717.0276
CapitalCost,BAU,RD,TRYLFLPG,,,,2035,,,,,,2717.0276
CapitalCost,BAU,RD,TRYLFLPG,,,,2036,,,,,,2717.0276
CapitalCost,BAU,RD,TRYLFLPG,,,,2037,,,,,,2717.0276
CapitalCost,BAU,RD,TRYLFLPG,,,,2038,,,,,,2717.0276
CapitalCost,BAU,RD,TRYLFLPG,,,,2039,,,,,,2717.0276
CapitalCost,BAU,RD,TRYLFLPG,,,,2040,,,,,,2717.0276
CapitalCost,BAU,RD,TRYLFLPG,,,,2041,,,,,,2717.0276
CapitalCost,BAU,RD,TRYLFLPG,,,,2042,,,,,,2717.0276
CapitalCost,BAU,RD,TRYLFLPG,,,,2043,,,,,,2717.0276
CapitalCost,BAU,RD,TRYLFLPG,,,,2044,,,,,,2717.0276
CapitalCost,BAU,RD,TRYLFLPG,,,,2045,,,,,,2717.0276
CapitalCost,BAU,RD,TRYLFLPG,,,,2046,,,,,,2717.0276
CapitalCost,BAU,RD,TRYLFLPG,,,,2047,,,,,,2717.0276
CapitalCost,BAU,RD,TRYLFLPG,,,,2048,,,,,,2717.0276
CapitalCost,BAU,RD,TRYLFLPG,,,,2049,,,,,,2717.0276
CapitalCost,BAU,RD,TRYLFLPG,,,,2050,,,,,,2717.0276
CapitalCost,BAU,RD,TRYLFELE,,,,2018,,,,,,4580.1359
CapitalCost,BAU,RD,TRYLFELE,,,,2019,,,,,,4376.0694
CapitalCost,BAU,RD,TRYLFELE,,,,2020,,,,,,5562.6705
CapitalCost,BAU,RD,TRYLFELE,,,,2021,,,,,,4581.7764
CapitalCost,BAU,RD,TRYLFELE,,,,2022,,,,,,3763.8669
CapitalCost,BAU,RD,TRYLFELE,,,,2023,,,,,,3695.8509
CapitalCost,BAU,RD,TRYLFELE,,,,2024,,,,,,3627.8257
CapitalCost,BAU,RD,TRYLFELE,,,,2025,,,,,,3537.1347
CapitalCost,BAU,RD,TRYLFELE,,,,2026,,,,,,3446.4344
CapitalCost,BAU,RD,TRYLFELE,,,,2027,,,,,,3355.7341
CapitalCost,BAU,RD,TRYLFELE,,,,2028,,,,,,3265.0431
CapitalCost,BAU,RD,TRYLFELE,,,,2029,,,,,,3219.693
CapitalCost,BAU,RD,TRYLFELE,,,,2030,,,,,,3174.3429
CapitalCost,BAU,RD,TRYLFELE,,,,2031,,,,,,3166.7286
CapitalCost,BAU,RD,TRYLFELE,,,,2032,,,,,,3159.1144
CapitalCost,BAU,RD,TRYLFELE,,,,2033,,,,,,3151.4909
CapitalCost,BAU,RD,TRYLFELE,,,,2034,,,,,,3143.8767
CapitalCost,BAU,RD,TRYLFELE,,,,2035,,,,,,3136.2532
CapitalCost,BAU,RD,TRYLFELE,,,,2036,,,,,,3128.639
CapitalCost,BAU,RD,TRYLFELE,,,,2037,,,,,,3121.0155
CapitalCost,BAU,RD,TRYLFELE,,,,2038,,,,,,3113.4013
CapitalCost,BAU,RD,TRYLFELE,,,,2039,,,,,,3105.7777
CapitalCost,BAU,RD,TRYLFELE,,,,2040,,,,,,3098.1635
CapitalCost,BAU,RD,TRYLFELE,,,,2041,,,,,,3090.54
CapitalCost,BAU,RD,TRYLFELE,,,,2042,,,,,,3082.9258
CapitalCost,BAU,RD,TRYLFELE,,,,2043,,,,,,3075.3116
CapitalCost,BAU,RD,TRYLFELE,,,,2044,,,,,,3067.6881
CapitalCost,BAU,RD,TRYLFELE,,,,2045,,,,,,3060.0739
CapitalCost,BAU,RD,TRYLFELE,,,,2046,,,,,,3052.4504
CapitalCost,BAU,RD,TRYLFELE,,,,2047,,,,,,3044.8362
CapitalCost,BAU,RD,TRYLFELE,,,,2048,,,,,,3037.2126
CapitalCost,BAU,RD,TRYLFELE,,,,2049,,,,,,3029.5984
CapitalCost,BAU,RD,TRYLFELE,,,,2050,,,,,,3021.9749
CapitalCost,BAU,RD,TRYLFNGS,,,,2018,,,,,,33898090.4694
CapitalCost,BAU,RD,TRYLFNGS,,,,2019,,,,,,33898090.4694
CapitalCost,BAU,RD,TRYLFNGS,,,,2020,,,,,,45197453.9592
CapitalCost,BAU,RD,TRYLFNGS,,,,2021,,,,,,39142127.9181
CapitalCost,BAU,RD,TRYLFNGS,,,,2022,,,,,,33898063.7276
CapitalCost,BAU,RD,TRYLFNGS,,,,2023,,,,,,33898063.7276
CapitalCost,BAU,RD,TRYLFNGS,,,,2024,,,,,,33898063.7276
CapitalCost,BAU,RD,TRYLFNGS,,,,2025,,,,,,33898063.7276
CapitalCost,BAU,RD,TRYLFNGS,,,,2026,,,,,,33898063.7276
CapitalCost,BAU,RD,TRYLFNGS,,,,2027,,,,,,33898063.7276
CapitalCost,BAU,RD,TRYLFNGS,,,,2028,,,,,,33898063.7276
CapitalCost,BAU,RD,TRYLFNGS,,,,2029,,,,,,33898063.7276
CapitalCost,BAU,RD,TRYLFNGS,,,,2030,,,,,,33898063.7276
CapitalCost,BAU,RD,TRYLFNGS,,,,2031,,,,,,33898063.7276
CapitalCost,BAU,RD,TRYLFNGS,,,,2032,,,,,,33898063.7276
CapitalCost,BAU,RD,TRYLFNGS,,,,2033,,,,,,33898063.7276
CapitalCost,BAU,RD,TRYLFNGS,,,,2034,,,,,,33898063.7276
CapitalCost,BAU,RD,TRYLFNGS,,,,2035,,,,,,33898063.7276
CapitalCost,BAU,RD,TRYLFNGS,,,,2036,,,,,,33898063.7276
CapitalCost,BAU,RD,TRYLFNGS,,,,2037,,,,,,33898063.7276
CapitalCost,BAU,RD,TRYLFNGS,,,,2038,,,,,,33898063.7276
CapitalCost,BAU,RD,TRYLFNGS,,,,2039,,,,,,33898063.7276
CapitalCost,BAU,RD,TRYLFNGS,,,,2040,,,,,,33898063.7276
CapitalCost,BAU,RD,TRYLFNGS,,,,2041,,,,,,33898063.7276
CapitalCost,BAU,RD,TRYLFNGS,,,,2042,,,,,,33898063.7276
CapitalCost,BAU,RD,TRYLFNGS,,,,2043,,,,,,33898063.7276
CapitalCost,BAU,RD,TRYLFNGS,,,,2044,,,,,,33898063.7276
CapitalCost,BAU,RD,TRYLFNGS,,,,2045,,,,,,33898063.7276
CapitalCost,BAU,RD,TRYLFNGS,,,,2046,,,,,,33898063.7276
CapitalCost,BAU,RD,TRYLFNGS,,,,2047,,,,,,33898063.7276
CapitalCost,BAU,RD,TRYLFNGS,,,,2048,,,,,,33898063.7276
CapitalCost,BAU,RD,TRYLFNGS,,,,2049,,,,,,33898063.7276
CapitalCost,BAU,RD,TRYLFNGS,,,,2050,,,,,,33898063.7276
CapitalCost,BAU,RD,TRYLFHD,,,,2018,,,,,,4250.2109
CapitalCost,BAU,RD,TRYLFHD,,,,2019,,,,,,4250.2109
CapitalCost,BAU,RD,TRYLFHD,,,,2020,,,,,,5666.9478
CapitalCost,BAU,RD,TRYLFHD,,,,2021,,,,,,4907.7188
CapitalCost,BAU,RD,TRYLFHD,,,,2022,,,,,,4250.2075
CapitalCost,BAU,RD,TRYLFHD,,,,2023,,,,,,4250.2075
CapitalCost,BAU,RD,TRYLFHD,,,,2024,,,,,,4250.2075
CapitalCost,BAU,RD,TRYLFHD,,,,2025,,,,,,4250.2075
CapitalCost,BAU,RD,TRYLFHD,,,,2026,,,,,,4250.2075
CapitalCost,BAU,RD,TRYLFHD,,,,2027,,,,,,4250.2075
CapitalCost,BAU,RD,TRYLFHD,,,,2028,,,,,,4250.2075
CapitalCost,BAU,RD,TRYLFHD,,,,2029,,,,,,4250.2075
CapitalCost,BAU,RD,TRYLFHD,,,,2030,,,,,,4250.2075
CapitalCost,BAU,RD,TRYLFHD,,,,2031,,,,,,4250.2075
CapitalCost,BAU,RD,TRYLFHD,,,,2032,,,,,,4250.2075
CapitalCost,BAU,RD,TRYLFHD,,,,2033,,,,,,4250.2075
CapitalCost,BAU,RD,TRYLFHD,,,,2034,,,,,,4250.2075
CapitalCost,BAU,RD,TRYLFHD,,,,2035,,,,,,4250.2075
CapitalCost,BAU,RD,TRYLFHD,,,,2036,,,,,,4250.2075
CapitalCost,BAU,RD,TRYLFHD,,,,2037,,,,,,4250.2075
CapitalCost,BAU,RD,TRYLFHD,,,,2038,,,,,,4250.2075
CapitalCost,BAU,RD,TRYLFHD,,,,2039,,,,,,4250.2075
CapitalCost,BAU,RD,TRYLFHD,,,,2040,,,,,,4250.2075
CapitalCost,BAU,RD,TRYLFHD,,,,2041,,,,,,4250.2075
CapitalCost,BAU,RD,TRYLFHD,,,,2042,,,,,,4250.2075
CapitalCost,BAU,RD,TRYLFHD,,,,2043,,,,,,4250.2075
CapitalCost,BAU,RD,TRYLFHD,,,,2044,,,,,,4250.2075
CapitalCost,BAU,RD,TRYLFHD,,,,2045,,,,,,4250.2075
CapitalCost,BAU,RD,TRYLFHD,,,,2046,,,,,,4250.2075
CapitalCost,BAU,RD,TRYLFHD,,,,2047,,,,,,4250.2075
CapitalCost,BAU,RD,TRYLFHD,,,,2048,,,,,,4250.2075
CapitalCost,BAU,RD,TRYLFHD,,,,2049,,,,,,4250.2075
CapitalCost,BAU,RD,TRYLFHD,,,,2050,,,,,,4250.2075
