PARAMETER,Scenario,REGION,TECHNOLOGY,FUEL,EMISSION,MODE_OF_OPERATION,YEAR,TIMESLICE,SEASON,DAYTYPE,DAILYTIMEBRACKET,STORAGE,Value
TotalTechnologyAnnualActivityLowerLimit,BAU,RD,Techs_Auto,,,,2018,,,,,,6.6094
TotalTechnologyAnnualActivityLowerLimit,BAU,RD,Techs_Auto,,,,2019,,,,,,6.9587
TotalTechnologyAnnualActivityLowerLimit,BAU,RD,Techs_Auto,,,,2020,,,,,,6.4332
TotalTechnologyAnnualActivityLowerLimit,BAU,RD,Techs_Auto,,,,2021,,,,,,7.2629
TotalTechnologyAnnualActivityLowerLimit,BAU,RD,Techs_Auto,,,,2022,,,,,,7.7268
TotalTechnologyAnnualActivityLowerLimit,BAU,RD,Techs_Auto,,,,2023,,,,,,7.8409
TotalTechnologyAnnualActivityLowerLimit,BAU,RD,Techs_Auto,,,,2024,,,,,,8.0936
TotalTechnologyAnnualActivityLowerLimit,BAU,RD,Techs_Auto,,,,2025,,,,,,8.3465
TotalTechnologyAnnualActivityLowerLimit,BAU,RD,Techs_Auto,,,,2026,,,,,,8.585
TotalTechnologyAnnualActivityLowerLimit,BAU,RD,Techs_Auto,,,,2027,,,,,,8.8265
TotalTechnologyAnnualActivityLowerLimit,BAU,RD,Techs_Auto,,,,2028,,,,,,9.0822
TotalTechnologyAnnualActivityLowerLimit,BAU,RD,Techs_Auto,,,,2029,,,,,,9.3279
TotalTechnologyAnnualActivityLowerLimit,BAU,RD,Techs_Auto,,,,2030,,,,,,9.5721
TotalTechnologyAnnualActivityLowerLimit,BAU,RD,Techs_Auto,,,,2031,,,,,,9.7932
TotalTechnologyAnnualActivityLowerLimit,BAU,RD,Techs_Auto,,,,2032,,,,,,10.0181
TotalTechnologyAnnualActivityLowerLimit,BAU,RD,Techs_Auto,,,,2033,,,,,,10.2468
TotalTechnologyAnnualActivityLowerLimit,BAU,RD,Techs_Auto,,,,2034,,,,,,10.4795
TotalTechnologyAnnualActivityLowerLimit,BAU,RD,Techs_Auto,,,,2035,,,,,,10.7162
TotalTechnologyAnnualActivityLowerLimit,BAU,RD,Techs_Auto,,,,2036,,,,,,10.9156
TotalTechnologyAnnualActivityLowerLimit,BAU,RD,Techs_Auto,,,,2037,,,,,,11.1179
TotalTechnologyAnnualActivityLowerLimit,BAU,RD,Techs_Auto,,,,2038,,,,,,11.3229
TotalTechnologyAnnualActivityLowerLimit,BAU,RD,Techs_Auto,,,,2039,,,,,,11.5309
TotalTechnologyAnnualActivityLowerLimit,BAU,RD,Techs_Auto,,,,2040,,,,,,11.7416
TotalTechnologyAnnualActivityLowerLimit,BAU,RD,Techs_Auto,,,,2041,,,,,,11.9128
TotalTechnologyAnnualActivityLowerLimit,BAU,RD,Techs_Auto,,,,2042,,,,,,12.0858
TotalTechnologyAnnualActivityLowerLimit,BAU,RD,Techs_Auto,,,,2043,,,,,,12.2607
TotalTechnologyAnnualActivityLowerLimit,BAU,RD,Techs_Auto,,,,2044,,,,,,12.4375
TotalTechnologyAnnualActivityLowerLimit,BAU,RD,Techs_Auto,,,,2045,,,,,,12.6162
TotalTechnologyAnnualActivityLowerLimit,BAU,RD,Techs_Auto,,,,2046,,,,,,12.7549
TotalTechnologyAnnualActivityLowerLimit,BAU,RD,Techs_Auto,,,,2047,,,,,,12.8948
TotalTechnologyAnnualActivityLowerLimit,BAU,RD,Techs_Auto,,,,2048,,,,,,13.0358
TotalTechnologyAnnualActivityLowerLimit,BAU,RD,Techs_Auto,,,,2049,,,,,,13.178
TotalTechnologyAnnualActivityLowerLimit,BAU,RD,Techs_Auto,,,,2050,,,,,,13.3214
TotalTechnologyAnnualActivityLowerLimit,BAU,RD,Techs_Taxi,,,,2018,,,,,,1.572
TotalTechnologyAnnualActivityLowerLimit,BAU,RD,Techs_Taxi,,,,2019,,,,,,1.6563
TotalTechnologyAnnualActivityLowerLimit,BAU,RD,Techs_Taxi,,,,2020,,,,,,1.5312
TotalTechnologyAnnualActivityLowerLimit,BAU,RD,Techs_Taxi,,,,2021,,,,,,1.7287
TotalTechnologyAnnualActivityLowerLimit,BAU,RD,Techs_Taxi,,,,2022,,,,,,1.8391
TotalTechnologyAnnualActivityLowerLimit,BAU,RD,Techs_Taxi,,,,2023,,,,,,1.8662
TotalTechnologyAnnualActivityLowerLimit,BAU,RD,Techs_Taxi,,,,2024,,,,,,1.9264
TotalTechnologyAnnualActivityLowerLimit,BAU,RD,Techs_Taxi,,,,2025,,,,,,1.9866
TotalTechnologyAnnualActivityLowerLimit,BAU,RD,Techs_Taxi,,,,2026,,,,,,2.0433
TotalTechnologyAnnualActivityLowerLimit,BAU,RD,Techs_Taxi,,,,2027,,,,,,2.1008
TotalTechnologyAnnualActivityLowerLimit,BAU,RD,Techs_Taxi,,,,2028,,,,,,2.1617
TotalTechnologyAnnualActivityLowerLimit,BAU,RD,Techs_Taxi,,,,2029,,,,,,2.2202
TotalTechnologyAnnualActivityLowerLimit,BAU,RD,Techs_Taxi,,,,2030,,,,,,2.2783
TotalTechnologyAnnualActivityLowerLimit,BAU,RD,Techs_Taxi,,,,2031,,,,,,2.3309
TotalTechnologyAnnualActivityLowerLimit,BAU,RD,Techs_Taxi,,,,2032,,,,,,2.3844
TotalTechnologyAnnualActivityLowerLimit,BAU,RD,Techs_Taxi,,,,2033,,,,,,2.4389
TotalTechnologyAnnualActivityLowerLimit,BAU,RD,Techs_Taxi,,,,2034,,,,,,2.4942
TotalTechnologyAnnualActivityLowerLimit,BAU,RD,Techs_Taxi,,,,2035,,,,,,2.5506
TotalTechnologyAnnualActivityLowerLimit,BAU,RD,Techs_Taxi,,,,2036,,,,,,2.5981
TotalTechnologyAnnualActivityLowerLimit,BAU,RD,Techs_Taxi,,,,2037,,,,,,2.6462
TotalTechnologyAnnualActivityLowerLimit,BAU,RD,Techs_Taxi,,,,2038,,,,,,2.695
TotalTechnologyAnnualActivityLowerLimit,BAU,RD,Techs_Taxi,,,,2039,,,,,,2.7445
TotalTechnologyAnnualActivityLowerLimit,BAU,RD,Techs_Taxi,,,,2040,,,,,,2.7947
TotalTechnologyAnnualActivityLowerLimit,BAU,RD,Techs_Taxi,,,,2041,,,,,,2.8354
TotalTechnologyAnnualActivityLowerLimit,BAU,RD,Techs_Taxi,,,,2042,,,,,,2.8766
TotalTechnologyAnnualActivityLowerLimit,BAU,RD,Techs_Taxi,,,,2043,,,,,,2.9182
TotalTechnologyAnnualActivityLowerLimit,BAU,RD,Techs_Taxi,,,,2044,,,,,,2.9603
TotalTechnologyAnnualActivityLowerLimit,BAU,RD,Techs_Taxi,,,,2045,,,,,,3.0028
TotalTechnologyAnnualActivityLowerLimit,BAU,RD,Techs_Taxi,,,,2046,,,,,,3.0358
TotalTechnologyAnnualActivityLowerLimit,BAU,RD,Techs_Taxi,,,,2047,,,,,,3.0691
TotalTechnologyAnnualActivityLowerLimit,BAU,RD,Techs_Taxi,,,,2048,,,,,,3.1027
TotalTechnologyAnnualActivityLowerLimit,BAU,RD,Techs_Taxi,,,,2049,,,,,,3.1365
TotalTechnologyAnnualActivityLowerLimit,BAU,RD,Techs_Taxi,,,,2050,,,,,,3.1707
TotalTechnologyAnnualActivityLowerLimit,BAU,RD,Techs_Motos,,,,2018,,,,,,25.1844
TotalTechnologyAnnualActivityLowerLimit,BAU,RD,Techs_Motos,,,,2019,,,,,,26.519
TotalTechnologyAnnualActivityLowerLimit,BAU,RD,Techs_Motos,,,,2020,,,,,,24.5167
TotalTechnologyAnnualActivityLowerLimit,BAU,RD,Techs_Motos,,,,2021,,,,,,27.6784
TotalTechnologyAnnualActivityLowerLimit,BAU,RD,Techs_Motos,,,,2022,,,,,,29.4462
TotalTechnologyAnnualActivityLowerLimit,BAU,RD,Techs_Motos,,,,2023,,,,,,29.8811
TotalTechnologyAnnualActivityLowerLimit,BAU,RD,Techs_Motos,,,,2024,,,,,,30.8442
TotalTechnologyAnnualActivityLowerLimit,BAU,RD,Techs_Motos,,,,2025,,,,,,31.808
TotalTechnologyAnnualActivityLowerLimit,BAU,RD,Techs_Motos,,,,2026,,,,,,32.7167
TotalTechnologyAnnualActivityLowerLimit,BAU,RD,Techs_Motos,,,,2027,,,,,,33.6372
TotalTechnologyAnnualActivityLowerLimit,BAU,RD,Techs_Motos,,,,2028,,,,,,34.6116
TotalTechnologyAnnualActivityLowerLimit,BAU,RD,Techs_Motos,,,,2029,,,,,,35.5479
TotalTechnologyAnnualActivityLowerLimit,BAU,RD,Techs_Motos,,,,2030,,,,,,36.4786
TotalTechnologyAnnualActivityLowerLimit,BAU,RD,Techs_Motos,,,,2031,,,,,,37.3211
TotalTechnologyAnnualActivityLowerLimit,BAU,RD,Techs_Motos,,,,2032,,,,,,38.1781
TotalTechnologyAnnualActivityLowerLimit,BAU,RD,Techs_Motos,,,,2033,,,,,,39.0499
TotalTechnologyAnnualActivityLowerLimit,BAU,RD,Techs_Motos,,,,2034,,,,,,39.9366
TotalTechnologyAnnualActivityLowerLimit,BAU,RD,Techs_Motos,,,,2035,,,,,,40.8385
TotalTechnologyAnnualActivityLowerLimit,BAU,RD,Techs_Motos,,,,2036,,,,,,41.5986
TotalTechnologyAnnualActivityLowerLimit,BAU,RD,Techs_Motos,,,,2037,,,,,,42.3694
TotalTechnologyAnnualActivityLowerLimit,BAU,RD,Techs_Motos,,,,2038,,,,,,43.1509
TotalTechnologyAnnualActivityLowerLimit,BAU,RD,Techs_Motos,,,,2039,,,,,,43.9433
TotalTechnologyAnnualActivityLowerLimit,BAU,RD,Techs_Motos,,,,2040,,,,,,44.7466
TotalTechnologyAnnualActivityLowerLimit,BAU,RD,Techs_Motos,,,,2041,,,,,,45.3987
TotalTechnologyAnnualActivityLowerLimit,BAU,RD,Techs_Motos,,,,2042,,,,,,46.0581
TotalTechnologyAnnualActivityLowerLimit,BAU,RD,Techs_Motos,,,,2043,,,,,,46.7246
TotalTechnologyAnnualActivityLowerLimit,BAU,RD,Techs_Motos,,,,2044,,,,,,47.3984
TotalTechnologyAnnualActivityLowerLimit,BAU,RD,Techs_Motos,,,,2045,,,,,,48.0795
TotalTechnologyAnnualActivityLowerLimit,BAU,RD,Techs_Motos,,,,2046,,,,,,48.6082
TotalTechnologyAnnualActivityLowerLimit,BAU,RD,Techs_Motos,,,,2047,,,,,,49.1412
TotalTechnologyAnnualActivityLowerLimit,BAU,RD,Techs_Motos,,,,2048,,,,,,49.6787
TotalTechnologyAnnualActivityLowerLimit,BAU,RD,Techs_Motos,,,,2049,,,,,,50.2206
TotalTechnologyAnnualActivityLowerLimit,BAU,RD,Techs_Motos,,,,2050,,,,,,50.7669
TotalTechnologyAnnualActivityLowerLimit,BAU,RD,Techs_SUV,,,,2018,,,,,,3.3744
TotalTechnologyAnnualActivityLowerLimit,BAU,RD,Techs_SUV,,,,2019,,,,,,3.552
TotalTechnologyAnnualActivityLowerLimit,BAU,RD,Techs_SUV,,,,2020,,,,,,3.2838
TotalTechnologyAnnualActivityLowerLimit,BAU,RD,Techs_SUV,,,,2021,,,,,,3.7072
TotalTechnologyAnnualActivityLowerLimit,BAU,RD,Techs_SUV,,,,2022,,,,,,3.944
TotalTechnologyAnnualActivityLowerLimit,BAU,RD,Techs_SUV,,,,2023,,,,,,4.0023
TotalTechnologyAnnualActivityLowerLimit,BAU,RD,Techs_SUV,,,,2024,,,,,,4.1313
TotalTechnologyAnnualActivityLowerLimit,BAU,RD,Techs_SUV,,,,2025,,,,,,4.2604
TotalTechnologyAnnualActivityLowerLimit,BAU,RD,Techs_SUV,,,,2026,,,,,,4.3821
TotalTechnologyAnnualActivityLowerLimit,BAU,RD,Techs_SUV,,,,2027,,,,,,4.5054
TotalTechnologyAnnualActivityLowerLimit,BAU,RD,Techs_SUV,,,,2028,,,,,,4.6359
TotalTechnologyAnnualActivityLowerLimit,BAU,RD,Techs_SUV,,,,2029,,,,,,4.7613
TotalTechnologyAnnualActivityLowerLimit,BAU,RD,Techs_SUV,,,,2030,,,,,,4.8859
TotalTechnologyAnnualActivityLowerLimit,BAU,RD,Techs_SUV,,,,2031,,,,,,4.9988
TotalTechnologyAnnualActivityLowerLimit,BAU,RD,Techs_SUV,,,,2032,,,,,,5.1136
TotalTechnologyAnnualActivityLowerLimit,BAU,RD,Techs_SUV,,,,2033,,,,,,5.2303
TotalTechnologyAnnualActivityLowerLimit,BAU,RD,Techs_SUV,,,,2034,,,,,,5.3491
TotalTechnologyAnnualActivityLowerLimit,BAU,RD,Techs_SUV,,,,2035,,,,,,5.4699
TotalTechnologyAnnualActivityLowerLimit,BAU,RD,Techs_SUV,,,,2036,,,,,,5.5717
TotalTechnologyAnnualActivityLowerLimit,BAU,RD,Techs_SUV,,,,2037,,,,,,5.6749
TotalTechnologyAnnualActivityLowerLimit,BAU,RD,Techs_SUV,,,,2038,,,,,,5.7796
TotalTechnologyAnnualActivityLowerLimit,BAU,RD,Techs_SUV,,,,2039,,,,,,5.8858
TotalTechnologyAnnualActivityLowerLimit,BAU,RD,Techs_SUV,,,,2040,,,,,,5.9933
TotalTechnologyAnnualActivityLowerLimit,BAU,RD,Techs_SUV,,,,2041,,,,,,6.0807
TotalTechnologyAnnualActivityLowerLimit,BAU,RD,Techs_SUV,,,,2042,,,,,,6.169
TotalTechnologyAnnualActivityLowerLimit,BAU,RD,Techs_SUV,,,,2043,,,,,,6.2583
TotalTechnologyAnnualActivityLowerLimit,BAU,RD,Techs_SUV,,,,2044,,,,,,6.3485
TotalTechnologyAnnualActivityLowerLimit,BAU,RD,Techs_SUV,,,,2045,,,,,,6.4398
TotalTechnologyAnnualActivityLowerLimit,BAU,RD,Techs_SUV,,,,2046,,,,,,6.5106
TotalTechnologyAnnualActivityLowerLimit,BAU,RD,Techs_SUV,,,,2047,,,,,,6.582
TotalTechnologyAnnualActivityLowerLimit,BAU,RD,Techs_SUV,,,,2048,,,,,,6.6539
TotalTechnologyAnnualActivityLowerLimit,BAU,RD,Techs_SUV,,,,2049,,,,,,6.7265
TotalTechnologyAnnualActivityLowerLimit,BAU,RD,Techs_SUV,,,,2050,,,,,,6.7997
TotalTechnologyAnnualActivityLowerLimit,BAU,RD,Techs_Buses_Pub,,,,2018,,,,,,0.1637
TotalTechnologyAnnualActivityLowerLimit,BAU,RD,Techs_Buses_Pub,,,,2019,,,,,,0.1723
TotalTechnologyAnnualActivityLowerLimit,BAU,RD,Techs_Buses_Pub,,,,2020,,,,,,0.1593
TotalTechnologyAnnualActivityLowerLimit,BAU,RD,Techs_Buses_Pub,,,,2021,,,,,,0.1798
TotalTechnologyAnnualActivityLowerLimit,BAU,RD,Techs_Buses_Pub,,,,2022,,,,,,0.1913
TotalTechnologyAnnualActivityLowerLimit,BAU,RD,Techs_Buses_Pub,,,,2023,,,,,,0.1941
TotalTechnologyAnnualActivityLowerLimit,BAU,RD,Techs_Buses_Pub,,,,2024,,,,,,0.2004
TotalTechnologyAnnualActivityLowerLimit,BAU,RD,Techs_Buses_Pub,,,,2025,,,,,,0.2067
TotalTechnologyAnnualActivityLowerLimit,BAU,RD,Techs_Buses_Pub,,,,2026,,,,,,0.2126
TotalTechnologyAnnualActivityLowerLimit,BAU,RD,Techs_Buses_Pub,,,,2027,,,,,,0.2186
TotalTechnologyAnnualActivityLowerLimit,BAU,RD,Techs_Buses_Pub,,,,2028,,,,,,0.2249
TotalTechnologyAnnualActivityLowerLimit,BAU,RD,Techs_Buses_Pub,,,,2029,,,,,,0.231
TotalTechnologyAnnualActivityLowerLimit,BAU,RD,Techs_Buses_Pub,,,,2030,,,,,,0.237
TotalTechnologyAnnualActivityLowerLimit,BAU,RD,Techs_Buses_Pub,,,,2031,,,,,,0.2425
TotalTechnologyAnnualActivityLowerLimit,BAU,RD,Techs_Buses_Pub,,,,2032,,,,,,0.2481
TotalTechnologyAnnualActivityLowerLimit,BAU,RD,Techs_Buses_Pub,,,,2033,,,,,,0.2537
TotalTechnologyAnnualActivityLowerLimit,BAU,RD,Techs_Buses_Pub,,,,2034,,,,,,0.2595
TotalTechnologyAnnualActivityLowerLimit,BAU,RD,Techs_Buses_Pub,,,,2035,,,,,,0.2653
TotalTechnologyAnnualActivityLowerLimit,BAU,RD,Techs_Buses_Pub,,,,2036,,,,,,0.2703
TotalTechnologyAnnualActivityLowerLimit,BAU,RD,Techs_Buses_Pub,,,,2037,,,,,,0.2753
TotalTechnologyAnnualActivityLowerLimit,BAU,RD,Techs_Buses_Pub,,,,2038,,,,,,0.2804
TotalTechnologyAnnualActivityLowerLimit,BAU,RD,Techs_Buses_Pub,,,,2039,,,,,,0.2855
TotalTechnologyAnnualActivityLowerLimit,BAU,RD,Techs_Buses_Pub,,,,2040,,,,,,0.2907
TotalTechnologyAnnualActivityLowerLimit,BAU,RD,Techs_Buses_Pub,,,,2041,,,,,,0.295
TotalTechnologyAnnualActivityLowerLimit,BAU,RD,Techs_Buses_Pub,,,,2042,,,,,,0.2993
TotalTechnologyAnnualActivityLowerLimit,BAU,RD,Techs_Buses_Pub,,,,2043,,,,,,0.3036
TotalTechnologyAnnualActivityLowerLimit,BAU,RD,Techs_Buses_Pub,,,,2044,,,,,,0.308
TotalTechnologyAnnualActivityLowerLimit,BAU,RD,Techs_Buses_Pub,,,,2045,,,,,,0.3124
TotalTechnologyAnnualActivityLowerLimit,BAU,RD,Techs_Buses_Pub,,,,2046,,,,,,0.3158
TotalTechnologyAnnualActivityLowerLimit,BAU,RD,Techs_Buses_Pub,,,,2047,,,,,,0.3193
TotalTechnologyAnnualActivityLowerLimit,BAU,RD,Techs_Buses_Pub,,,,2048,,,,,,0.3228
TotalTechnologyAnnualActivityLowerLimit,BAU,RD,Techs_Buses_Pub,,,,2049,,,,,,0.3263
TotalTechnologyAnnualActivityLowerLimit,BAU,RD,Techs_Buses_Pub,,,,2050,,,,,,0.3298
TotalTechnologyAnnualActivityLowerLimit,BAU,RD,Techs_Buses_Tur,,,,2018,,,,,,0.0373
TotalTechnologyAnnualActivityLowerLimit,BAU,RD,Techs_Buses_Tur,,,,2019,,,,,,0.0393
TotalTechnologyAnnualActivityLowerLimit,BAU,RD,Techs_Buses_Tur,,,,2020,,,,,,0.0363
TotalTechnologyAnnualActivityLowerLimit,BAU,RD,Techs_Buses_Tur,,,,2021,,,,,,0.041
TotalTechnologyAnnualActivityLowerLimit,BAU,RD,Techs_Buses_Tur,,,,2022,,,,,,0.0436
TotalTechnologyAnnualActivityLowerLimit,BAU,RD,Techs_Buses_Tur,,,,2023,,,,,,0.0442
TotalTechnologyAnnualActivityLowerLimit,BAU,RD,Techs_Buses_Tur,,,,2024,,,,,,0.0457
TotalTechnologyAnnualActivityLowerLimit,BAU,RD,Techs_Buses_Tur,,,,2025,,,,,,0.0471
TotalTechnologyAnnualActivityLowerLimit,BAU,RD,Techs_Buses_Tur,,,,2026,,,,,,0.0484
TotalTechnologyAnnualActivityLowerLimit,BAU,RD,Techs_Buses_Tur,,,,2027,,,,,,0.0498
TotalTechnologyAnnualActivityLowerLimit,BAU,RD,Techs_Buses_Tur,,,,2028,,,,,,0.0512
TotalTechnologyAnnualActivityLowerLimit,BAU,RD,Techs_Buses_Tur,,,,2029,,,,,,0.0526
TotalTechnologyAnnualActivityLowerLimit,BAU,RD,Techs_Buses_Tur,,,,2030,,,,,,0.054
TotalTechnologyAnnualActivityLowerLimit,BAU,RD,Techs_Buses_Tur,,,,2031,,,,,,0.0553
TotalTechnologyAnnualActivityLowerLimit,BAU,RD,Techs_Buses_Tur,,,,2032,,,,,,0.0565
TotalTechnologyAnnualActivityLowerLimit,BAU,RD,Techs_Buses_Tur,,,,2033,,,,,,0.0578
TotalTechnologyAnnualActivityLowerLimit,BAU,RD,Techs_Buses_Tur,,,,2034,,,,,,0.0591
TotalTechnologyAnnualActivityLowerLimit,BAU,RD,Techs_Buses_Tur,,,,2035,,,,,,0.0605
TotalTechnologyAnnualActivityLowerLimit,BAU,RD,Techs_Buses_Tur,,,,2036,,,,,,0.0616
TotalTechnologyAnnualActivityLowerLimit,BAU,RD,Techs_Buses_Tur,,,,2037,,,,,,0.0627
TotalTechnologyAnnualActivityLowerLimit,BAU,RD,Techs_Buses_Tur,,,,2038,,,,,,0.0639
TotalTechnologyAnnualActivityLowerLimit,BAU,RD,Techs_Buses_Tur,,,,2039,,,,,,0.0651
TotalTechnologyAnnualActivityLowerLimit,BAU,RD,Techs_Buses_Tur,,,,2040,,,,,,0.0663
TotalTechnologyAnnualActivityLowerLimit,BAU,RD,Techs_Buses_Tur,,,,2041,,,,,,0.0672
TotalTechnologyAnnualActivityLowerLimit,BAU,RD,Techs_Buses_Tur,,,,2042,,,,,,0.0682
TotalTechnologyAnnualActivityLowerLimit,BAU,RD,Techs_Buses_Tur,,,,2043,,,,,,0.0692
TotalTechnologyAnnualActivityLowerLimit,BAU,RD,Techs_Buses_Tur,,,,2044,,,,,,0.0702
TotalTechnologyAnnualActivityLowerLimit,BAU,RD,Techs_Buses_Tur,,,,2045,,,,,,0.0712
TotalTechnologyAnnualActivityLowerLimit,BAU,RD,Techs_Buses_Tur,,,,2046,,,,,,0.072
TotalTechnologyAnnualActivityLowerLimit,BAU,RD,Techs_Buses_Tur,,,,2047,,,,,,0.0728
TotalTechnologyAnnualActivityLowerLimit,BAU,RD,Techs_Buses_Tur,,,,2048,,,,,,0.0736
TotalTechnologyAnnualActivityLowerLimit,BAU,RD,Techs_Buses_Tur,,,,2049,,,,,,0.0744
TotalTechnologyAnnualActivityLowerLimit,BAU,RD,Techs_Buses_Tur,,,,2050,,,,,,0.0752
TotalTechnologyAnnualActivityLowerLimit,BAU,RD,Techs_Buses_Micro,,,,2018,,,,,,4.1826
TotalTechnologyAnnualActivityLowerLimit,BAU,RD,Techs_Buses_Micro,,,,2019,,,,,,4.4039
TotalTechnologyAnnualActivityLowerLimit,BAU,RD,Techs_Buses_Micro,,,,2020,,,,,,4.0714
TotalTechnologyAnnualActivityLowerLimit,BAU,RD,Techs_Buses_Micro,,,,2021,,,,,,4.5964
TotalTechnologyAnnualActivityLowerLimit,BAU,RD,Techs_Buses_Micro,,,,2022,,,,,,4.89
TotalTechnologyAnnualActivityLowerLimit,BAU,RD,Techs_Buses_Micro,,,,2023,,,,,,4.9622
TotalTechnologyAnnualActivityLowerLimit,BAU,RD,Techs_Buses_Micro,,,,2024,,,,,,5.1221
TotalTechnologyAnnualActivityLowerLimit,BAU,RD,Techs_Buses_Micro,,,,2025,,,,,,5.2822
TotalTechnologyAnnualActivityLowerLimit,BAU,RD,Techs_Buses_Micro,,,,2026,,,,,,5.4331
TotalTechnologyAnnualActivityLowerLimit,BAU,RD,Techs_Buses_Micro,,,,2027,,,,,,5.586
TotalTechnologyAnnualActivityLowerLimit,BAU,RD,Techs_Buses_Micro,,,,2028,,,,,,5.7478
TotalTechnologyAnnualActivityLowerLimit,BAU,RD,Techs_Buses_Micro,,,,2029,,,,,,5.9033
TotalTechnologyAnnualActivityLowerLimit,BAU,RD,Techs_Buses_Micro,,,,2030,,,,,,6.0578
TotalTechnologyAnnualActivityLowerLimit,BAU,RD,Techs_Buses_Micro,,,,2031,,,,,,6.1977
TotalTechnologyAnnualActivityLowerLimit,BAU,RD,Techs_Buses_Micro,,,,2032,,,,,,6.34
TotalTechnologyAnnualActivityLowerLimit,BAU,RD,Techs_Buses_Micro,,,,2033,,,,,,6.4848
TotalTechnologyAnnualActivityLowerLimit,BAU,RD,Techs_Buses_Micro,,,,2034,,,,,,6.6321
TotalTechnologyAnnualActivityLowerLimit,BAU,RD,Techs_Buses_Micro,,,,2035,,,,,,6.7818
TotalTechnologyAnnualActivityLowerLimit,BAU,RD,Techs_Buses_Micro,,,,2036,,,,,,6.9081
TotalTechnologyAnnualActivityLowerLimit,BAU,RD,Techs_Buses_Micro,,,,2037,,,,,,7.0361
TotalTechnologyAnnualActivityLowerLimit,BAU,RD,Techs_Buses_Micro,,,,2038,,,,,,7.1658
TotalTechnologyAnnualActivityLowerLimit,BAU,RD,Techs_Buses_Micro,,,,2039,,,,,,7.2974
TotalTechnologyAnnualActivityLowerLimit,BAU,RD,Techs_Buses_Micro,,,,2040,,,,,,7.4308
TotalTechnologyAnnualActivityLowerLimit,BAU,RD,Techs_Buses_Micro,,,,2041,,,,,,7.5391
TotalTechnologyAnnualActivityLowerLimit,BAU,RD,Techs_Buses_Micro,,,,2042,,,,,,7.6486
TotalTechnologyAnnualActivityLowerLimit,BAU,RD,Techs_Buses_Micro,,,,2043,,,,,,7.7593
TotalTechnologyAnnualActivityLowerLimit,BAU,RD,Techs_Buses_Micro,,,,2044,,,,,,7.8712
TotalTechnologyAnnualActivityLowerLimit,BAU,RD,Techs_Buses_Micro,,,,2045,,,,,,7.9843
TotalTechnologyAnnualActivityLowerLimit,BAU,RD,Techs_Buses_Micro,,,,2046,,,,,,8.0721
TotalTechnologyAnnualActivityLowerLimit,BAU,RD,Techs_Buses_Micro,,,,2047,,,,,,8.1606
TotalTechnologyAnnualActivityLowerLimit,BAU,RD,Techs_Buses_Micro,,,,2048,,,,,,8.2499
TotalTechnologyAnnualActivityLowerLimit,BAU,RD,Techs_Buses_Micro,,,,2049,,,,,,8.3399
TotalTechnologyAnnualActivityLowerLimit,BAU,RD,Techs_Buses_Micro,,,,2050,,,,,,8.4306
TotalTechnologyAnnualActivityLowerLimit,BAU,RD,Techs_Telef,,,,2018,,,,,,0.0712
TotalTechnologyAnnualActivityLowerLimit,BAU,RD,Techs_Telef,,,,2019,,,,,,0.0748
TotalTechnologyAnnualActivityLowerLimit,BAU,RD,Techs_Telef,,,,2020,,,,,,0.0691
TotalTechnologyAnnualActivityLowerLimit,BAU,RD,Techs_Telef,,,,2021,,,,,,0.0781
TotalTechnologyAnnualActivityLowerLimit,BAU,RD,Techs_Telef,,,,2022,,,,,,0.083
TotalTechnologyAnnualActivityLowerLimit,BAU,RD,Techs_Telef,,,,2023,,,,,,0.0843
TotalTechnologyAnnualActivityLowerLimit,BAU,RD,Techs_Telef,,,,2024,,,,,,0.087
TotalTechnologyAnnualActivityLowerLimit,BAU,RD,Techs_Telef,,,,2025,,,,,,0.0897
TotalTechnologyAnnualActivityLowerLimit,BAU,RD,Techs_Telef,,,,2026,,,,,,0.0923
TotalTechnologyAnnualActivityLowerLimit,BAU,RD,Techs_Telef,,,,2027,,,,,,0.0949
TotalTechnologyAnnualActivityLowerLimit,BAU,RD,Techs_Telef,,,,2028,,,,,,0.0976
TotalTechnologyAnnualActivityLowerLimit,BAU,RD,Techs_Telef,,,,2029,,,,,,0.1003
TotalTechnologyAnnualActivityLowerLimit,BAU,RD,Techs_Telef,,,,2030,,,,,,0.1029
TotalTechnologyAnnualActivityLowerLimit,BAU,RD,Techs_Telef,,,,2031,,,,,,0.1053
TotalTechnologyAnnualActivityLowerLimit,BAU,RD,Techs_Telef,,,,2032,,,,,,0.1077
TotalTechnologyAnnualActivityLowerLimit,BAU,RD,Techs_Telef,,,,2033,,,,,,0.1101
TotalTechnologyAnnualActivityLowerLimit,BAU,RD,Techs_Telef,,,,2034,,,,,,0.1126
TotalTechnologyAnnualActivityLowerLimit,BAU,RD,Techs_Telef,,,,2035,,,,,,0.1152
TotalTechnologyAnnualActivityLowerLimit,BAU,RD,Techs_Telef,,,,2036,,,,,,0.1173
TotalTechnologyAnnualActivityLowerLimit,BAU,RD,Techs_Telef,,,,2037,,,,,,0.1195
TotalTechnologyAnnualActivityLowerLimit,BAU,RD,Techs_Telef,,,,2038,,,,,,0.1217
TotalTechnologyAnnualActivityLowerLimit,BAU,RD,Techs_Telef,,,,2039,,,,,,0.1239
TotalTechnologyAnnualActivityLowerLimit,BAU,RD,Techs_Telef,,,,2040,,,,,,0.1262
TotalTechnologyAnnualActivityLowerLimit,BAU,RD,Techs_Telef,,,,2041,,,,,,0.128
TotalTechnologyAnnualActivityLowerLimit,BAU,RD,Techs_Telef,,,,2042,,,,,,0.1299
TotalTechnologyAnnualActivityLowerLimit,BAU,RD,Techs_Telef,,,,2043,,,,,,0.1318
TotalTechnologyAnnualActivityLowerLimit,BAU,RD,Techs_Telef,,,,2044,,,,,,0.1337
TotalTechnologyAnnualActivityLowerLimit,BAU,RD,Techs_Telef,,,,2045,,,,,,0.1356
TotalTechnologyAnnualActivityLowerLimit,BAU,RD,Techs_Telef,,,,2046,,,,,,0.1371
TotalTechnologyAnnualActivityLowerLimit,BAU,RD,Techs_Telef,,,,2047,,,,,,0.1386
TotalTechnologyAnnualActivityLowerLimit,BAU,RD,Techs_Telef,,,,2048,,,,,,0.1401
TotalTechnologyAnnualActivityLowerLimit,BAU,RD,Techs_Telef,,,,2049,,,,,,0.1416
TotalTechnologyAnnualActivityLowerLimit,BAU,RD,Techs_Telef,,,,2050,,,,,,0.1432
TotalTechnologyAnnualActivityLowerLimit,BAU,RD,Techs_Trains,,,,2018,,,,,,0.0417
TotalTechnologyAnnualActivityLowerLimit,BAU,RD,Techs_Trains,,,,2019,,,,,,0.0439
TotalTechnologyAnnualActivityLowerLimit,BAU,RD,Techs_Trains,,,,2020,,,,,,0.0406
TotalTechnologyAnnualActivityLowerLimit,BAU,RD,Techs_Trains,,,,2021,,,,,,0.0458
TotalTechnologyAnnualActivityLowerLimit,BAU,RD,Techs_Trains,,,,2022,,,,,,0.0487
TotalTechnologyAnnualActivityLowerLimit,BAU,RD,Techs_Trains,,,,2023,,,,,,0.0495
TotalTechnologyAnnualActivityLowerLimit,BAU,RD,Techs_Trains,,,,2024,,,,,,0.0511
TotalTechnologyAnnualActivityLowerLimit,BAU,RD,Techs_Trains,,,,2025,,,,,,0.0527
TotalTechnologyAnnualActivityLowerLimit,BAU,RD,Techs_Trains,,,,2026,,,,,,0.0542
TotalTechnologyAnnualActivityLowerLimit,BAU,RD,Techs_Trains,,,,2027,,,,,,0.0557
TotalTechnologyAnnualActivityLowerLimit,BAU,RD,Techs_Trains,,,,2028,,,,,,0.0573
TotalTechnologyAnnualActivityLowerLimit,BAU,RD,Techs_Trains,,,,2029,,,,,,0.0588
TotalTechnologyAnnualActivityLowerLimit,BAU,RD,Techs_Trains,,,,2030,,,,,,0.0604
TotalTechnologyAnnualActivityLowerLimit,BAU,RD,Techs_Trains,,,,2031,,,,,,0.0618
TotalTechnologyAnnualActivityLowerLimit,BAU,RD,Techs_Trains,,,,2032,,,,,,0.0632
TotalTechnologyAnnualActivityLowerLimit,BAU,RD,Techs_Trains,,,,2033,,,,,,0.0646
TotalTechnologyAnnualActivityLowerLimit,BAU,RD,Techs_Trains,,,,2034,,,,,,0.0661
TotalTechnologyAnnualActivityLowerLimit,BAU,RD,Techs_Trains,,,,2035,,,,,,0.0676
TotalTechnologyAnnualActivityLowerLimit,BAU,RD,Techs_Trains,,,,2036,,,,,,0.0689
TotalTechnologyAnnualActivityLowerLimit,BAU,RD,Techs_Trains,,,,2037,,,,,,0.0701
TotalTechnologyAnnualActivityLowerLimit,BAU,RD,Techs_Trains,,,,2038,,,,,,0.0714
TotalTechnologyAnnualActivityLowerLimit,BAU,RD,Techs_Trains,,,,2039,,,,,,0.0727
TotalTechnologyAnnualActivityLowerLimit,BAU,RD,Techs_Trains,,,,2040,,,,,,0.0741
TotalTechnologyAnnualActivityLowerLimit,BAU,RD,Techs_Trains,,,,2041,,,,,,0.0752
TotalTechnologyAnnualActivityLowerLimit,BAU,RD,Techs_Trains,,,,2042,,,,,,0.0762
TotalTechnologyAnnualActivityLowerLimit,BAU,RD,Techs_Trains,,,,2043,,,,,,0.0773
TotalTechnologyAnnualActivityLowerLimit,BAU,RD,Techs_Trains,,,,2044,,,,,,0.0785
TotalTechnologyAnnualActivityLowerLimit,BAU,RD,Techs_Trains,,,,2045,,,,,,0.0796
TotalTechnologyAnnualActivityLowerLimit,BAU,RD,Techs_Trains,,,,2046,,,,,,0.0805
TotalTechnologyAnnualActivityLowerLimit,BAU,RD,Techs_Trains,,,,2047,,,,,,0.0813
TotalTechnologyAnnualActivityLowerLimit,BAU,RD,Techs_Trains,,,,2048,,,,,,0.0822
TotalTechnologyAnnualActivityLowerLimit,BAU,RD,Techs_Trains,,,,2049,,,,,,0.0831
TotalTechnologyAnnualActivityLowerLimit,BAU,RD,Techs_Trains,,,,2050,,,,,,0.084
TotalTechnologyAnnualActivityLowerLimit,BAU,RD,Techs_Trains_Freight,,,,2018,,,,,,0.0
TotalTechnologyAnnualActivityLowerLimit,BAU,RD,Techs_Trains_Freight,,,,2019,,,,,,0.0
TotalTechnologyAnnualActivityLowerLimit,BAU,RD,Techs_Trains_Freight,,,,2020,,,,,,0.0
TotalTechnologyAnnualActivityLowerLimit,BAU,RD,Techs_Trains_Freight,,,,2021,,,,,,0.0
TotalTechnologyAnnualActivityLowerLimit,BAU,RD,Techs_Trains_Freight,,,,2022,,,,,,0.0
TotalTechnologyAnnualActivityLowerLimit,BAU,RD,Techs_Trains_Freight,,,,2023,,,,,,0.0
TotalTechnologyAnnualActivityLowerLimit,BAU,RD,Techs_Trains_Freight,,,,2024,,,,,,0.0
TotalTechnologyAnnualActivityLowerLimit,BAU,RD,Techs_Trains_Freight,,,,2025,,,,,,0.0
TotalTechnologyAnnualActivityLowerLimit,BAU,RD,Techs_Trains_Freight,,,,2026,,,,,,0.0
TotalTechnologyAnnualActivityLowerLimit,BAU,RD,Techs_Trains_Freight,,,,2027,,,,,,0.0
TotalTechnologyAnnualActivityLowerLimit,BAU,RD,Techs_Trains_Freight,,,,2028,,,,,,0.0
TotalTechnologyAnnualActivityLowerLimit,BAU,RD,Techs_Trains_Freight,,,,2029,,,,,,0.0
TotalTechnologyAnnualActivityLowerLimit,BAU,RD,Techs_Trains_Freight,,,,2030,,,,,,0.0
TotalTechnologyAnnualActivityLowerLimit,BAU,RD,Techs_Trains_Freight,,,,2031,,,,,,0.0
TotalTechnologyAnnualActivityLowerLimit,BAU,RD,Techs_Trains_Freight,,,,2032,,,,,,0.0
TotalTechnologyAnnualActivityLowerLimit,BAU,RD,Techs_Trains_Freight,,,,2033,,,,,,0.0
TotalTechnologyAnnualActivityLowerLimit,BAU,RD,Techs_Trains_Freight,,,,2034,,,,,,0.0
TotalTechnologyAnnualActivityLowerLimit,BAU,RD,Techs_Trains_Freight,,,,2035,,,,,,0.0
TotalTechnologyAnnualActivityLowerLimit,BAU,RD,Techs_Trains_Freight,,,,2036,,,,,,0.0
TotalTechnologyAnnualActivityLowerLimit,BAU,RD,Techs_Trains_Freight,,,,2037,,,,,,0.0
TotalTechnologyAnnualActivityLowerLimit,BAU,RD,Techs_Trains_Freight,,,,2038,,,,,,0.0
TotalTechnologyAnnualActivityLowerLimit,BAU,RD,Techs_Trains_Freight,,,,2039,,,,,,0.0
TotalTechnologyAnnualActivityLowerLimit,BAU,RD,Techs_Trains_Freight,,,,2040,,,,,,0.0
TotalTechnologyAnnualActivityLowerLimit,BAU,RD,Techs_Trains_Freight,,,,2041,,,,,,0.0
TotalTechnologyAnnualActivityLowerLimit,BAU,RD,Techs_Trains_Freight,,,,2042,,,,,,0.0
TotalTechnologyAnnualActivityLowerLimit,BAU,RD,Techs_Trains_Freight,,,,2043,,,,,,0.0
TotalTechnologyAnnualActivityLowerLimit,BAU,RD,Techs_Trains_Freight,,,,2044,,,,,,0.0
TotalTechnologyAnnualActivityLowerLimit,BAU,RD,Techs_Trains_Freight,,,,2045,,,,,,0.0
TotalTechnologyAnnualActivityLowerLimit,BAU,RD,Techs_Trains_Freight,,,,2046,,,,,,0.0
TotalTechnologyAnnualActivityLowerLimit,BAU,RD,Techs_Trains_Freight,,,,2047,,,,,,0.0
TotalTechnologyAnnualActivityLowerLimit,BAU,RD,Techs_Trains_Freight,,,,2048,,,,,,0.0
TotalTechnologyAnnualActivityLowerLimit,BAU,RD,Techs_Trains_Freight,,,,2049,,,,,,0.0
TotalTechnologyAnnualActivityLowerLimit,BAU,RD,Techs_Trains_Freight,,,,2050,,,,,,0.0
TotalTechnologyAnnualActivityLowerLimit,BAU,RD,Techs_He_Freight,,,,2018,,,,,,0.2071
TotalTechnologyAnnualActivityLowerLimit,BAU,RD,Techs_He_Freight,,,,2019,,,,,,0.2181
TotalTechnologyAnnualActivityLowerLimit,BAU,RD,Techs_He_Freight,,,,2020,,,,,,0.2016
TotalTechnologyAnnualActivityLowerLimit,BAU,RD,Techs_He_Freight,,,,2021,,,,,,0.2276
TotalTechnologyAnnualActivityLowerLimit,BAU,RD,Techs_He_Freight,,,,2022,,,,,,0.2422
TotalTechnologyAnnualActivityLowerLimit,BAU,RD,Techs_He_Freight,,,,2023,,,,,,0.2457
TotalTechnologyAnnualActivityLowerLimit,BAU,RD,Techs_He_Freight,,,,2024,,,,,,0.2536
TotalTechnologyAnnualActivityLowerLimit,BAU,RD,Techs_He_Freight,,,,2025,,,,,,0.2616
TotalTechnologyAnnualActivityLowerLimit,BAU,RD,Techs_He_Freight,,,,2026,,,,,,0.2691
TotalTechnologyAnnualActivityLowerLimit,BAU,RD,Techs_He_Freight,,,,2027,,,,,,0.2766
TotalTechnologyAnnualActivityLowerLimit,BAU,RD,Techs_He_Freight,,,,2028,,,,,,0.2846
TotalTechnologyAnnualActivityLowerLimit,BAU,RD,Techs_He_Freight,,,,2029,,,,,,0.2923
TotalTechnologyAnnualActivityLowerLimit,BAU,RD,Techs_He_Freight,,,,2030,,,,,,0.3
TotalTechnologyAnnualActivityLowerLimit,BAU,RD,Techs_He_Freight,,,,2031,,,,,,0.3069
TotalTechnologyAnnualActivityLowerLimit,BAU,RD,Techs_He_Freight,,,,2032,,,,,,0.314
TotalTechnologyAnnualActivityLowerLimit,BAU,RD,Techs_He_Freight,,,,2033,,,,,,0.3211
TotalTechnologyAnnualActivityLowerLimit,BAU,RD,Techs_He_Freight,,,,2034,,,,,,0.3284
TotalTechnologyAnnualActivityLowerLimit,BAU,RD,Techs_He_Freight,,,,2035,,,,,,0.3358
TotalTechnologyAnnualActivityLowerLimit,BAU,RD,Techs_He_Freight,,,,2036,,,,,,0.3421
TotalTechnologyAnnualActivityLowerLimit,BAU,RD,Techs_He_Freight,,,,2037,,,,,,0.3484
TotalTechnologyAnnualActivityLowerLimit,BAU,RD,Techs_He_Freight,,,,2038,,,,,,0.3548
TotalTechnologyAnnualActivityLowerLimit,BAU,RD,Techs_He_Freight,,,,2039,,,,,,0.3614
TotalTechnologyAnnualActivityLowerLimit,BAU,RD,Techs_He_Freight,,,,2040,,,,,,0.368
TotalTechnologyAnnualActivityLowerLimit,BAU,RD,Techs_He_Freight,,,,2041,,,,,,0.3733
TotalTechnologyAnnualActivityLowerLimit,BAU,RD,Techs_He_Freight,,,,2042,,,,,,0.3788
TotalTechnologyAnnualActivityLowerLimit,BAU,RD,Techs_He_Freight,,,,2043,,,,,,0.3842
TotalTechnologyAnnualActivityLowerLimit,BAU,RD,Techs_He_Freight,,,,2044,,,,,,0.3898
TotalTechnologyAnnualActivityLowerLimit,BAU,RD,Techs_He_Freight,,,,2045,,,,,,0.3954
TotalTechnologyAnnualActivityLowerLimit,BAU,RD,Techs_He_Freight,,,,2046,,,,,,0.3997
TotalTechnologyAnnualActivityLowerLimit,BAU,RD,Techs_He_Freight,,,,2047,,,,,,0.4041
TotalTechnologyAnnualActivityLowerLimit,BAU,RD,Techs_He_Freight,,,,2048,,,,,,0.4085
TotalTechnologyAnnualActivityLowerLimit,BAU,RD,Techs_He_Freight,,,,2049,,,,,,0.413
TotalTechnologyAnnualActivityLowerLimit,BAU,RD,Techs_He_Freight,,,,2050,,,,,,0.4175
TotalTechnologyAnnualActivityLowerLimit,BAU,RD,Techs_Li_Freight,,,,2018,,,,,,4.0862
TotalTechnologyAnnualActivityLowerLimit,BAU,RD,Techs_Li_Freight,,,,2019,,,,,,4.3024
TotalTechnologyAnnualActivityLowerLimit,BAU,RD,Techs_Li_Freight,,,,2020,,,,,,3.9776
TotalTechnologyAnnualActivityLowerLimit,BAU,RD,Techs_Li_Freight,,,,2021,,,,,,4.4905
TotalTechnologyAnnualActivityLowerLimit,BAU,RD,Techs_Li_Freight,,,,2022,,,,,,4.7774
TotalTechnologyAnnualActivityLowerLimit,BAU,RD,Techs_Li_Freight,,,,2023,,,,,,4.8479
TotalTechnologyAnnualActivityLowerLimit,BAU,RD,Techs_Li_Freight,,,,2024,,,,,,5.0041
TotalTechnologyAnnualActivityLowerLimit,BAU,RD,Techs_Li_Freight,,,,2025,,,,,,5.1605
TotalTechnologyAnnualActivityLowerLimit,BAU,RD,Techs_Li_Freight,,,,2026,,,,,,5.308
TotalTechnologyAnnualActivityLowerLimit,BAU,RD,Techs_Li_Freight,,,,2027,,,,,,5.4573
TotalTechnologyAnnualActivityLowerLimit,BAU,RD,Techs_Li_Freight,,,,2028,,,,,,5.6154
TotalTechnologyAnnualActivityLowerLimit,BAU,RD,Techs_Li_Freight,,,,2029,,,,,,5.7673
TotalTechnologyAnnualActivityLowerLimit,BAU,RD,Techs_Li_Freight,,,,2030,,,,,,5.9183
TotalTechnologyAnnualActivityLowerLimit,BAU,RD,Techs_Li_Freight,,,,2031,,,,,,6.0549
TotalTechnologyAnnualActivityLowerLimit,BAU,RD,Techs_Li_Freight,,,,2032,,,,,,6.194
TotalTechnologyAnnualActivityLowerLimit,BAU,RD,Techs_Li_Freight,,,,2033,,,,,,6.3354
TotalTechnologyAnnualActivityLowerLimit,BAU,RD,Techs_Li_Freight,,,,2034,,,,,,6.4793
TotalTechnologyAnnualActivityLowerLimit,BAU,RD,Techs_Li_Freight,,,,2035,,,,,,6.6256
TotalTechnologyAnnualActivityLowerLimit,BAU,RD,Techs_Li_Freight,,,,2036,,,,,,6.7489
TotalTechnologyAnnualActivityLowerLimit,BAU,RD,Techs_Li_Freight,,,,2037,,,,,,6.874
TotalTechnologyAnnualActivityLowerLimit,BAU,RD,Techs_Li_Freight,,,,2038,,,,,,7.0008
TotalTechnologyAnnualActivityLowerLimit,BAU,RD,Techs_Li_Freight,,,,2039,,,,,,7.1294
TotalTechnologyAnnualActivityLowerLimit,BAU,RD,Techs_Li_Freight,,,,2040,,,,,,7.2597
TotalTechnologyAnnualActivityLowerLimit,BAU,RD,Techs_Li_Freight,,,,2041,,,,,,7.3655
TotalTechnologyAnnualActivityLowerLimit,BAU,RD,Techs_Li_Freight,,,,2042,,,,,,7.4724
TotalTechnologyAnnualActivityLowerLimit,BAU,RD,Techs_Li_Freight,,,,2043,,,,,,7.5806
TotalTechnologyAnnualActivityLowerLimit,BAU,RD,Techs_Li_Freight,,,,2044,,,,,,7.6899
TotalTechnologyAnnualActivityLowerLimit,BAU,RD,Techs_Li_Freight,,,,2045,,,,,,7.8004
TotalTechnologyAnnualActivityLowerLimit,BAU,RD,Techs_Li_Freight,,,,2046,,,,,,7.8862
TotalTechnologyAnnualActivityLowerLimit,BAU,RD,Techs_Li_Freight,,,,2047,,,,,,7.9726
TotalTechnologyAnnualActivityLowerLimit,BAU,RD,Techs_Li_Freight,,,,2048,,,,,,8.0598
TotalTechnologyAnnualActivityLowerLimit,BAU,RD,Techs_Li_Freight,,,,2049,,,,,,8.1477
TotalTechnologyAnnualActivityLowerLimit,BAU,RD,Techs_Li_Freight,,,,2050,,,,,,8.2364
TotalTechnologyAnnualActivityLowerLimit,BAU,RD,Techs_Bus_Efi,,,,2018,,,,,,0.0004
TotalTechnologyAnnualActivityLowerLimit,BAU,RD,Techs_Bus_Efi,,,,2019,,,,,,0.0
TotalTechnologyAnnualActivityLowerLimit,BAU,RD,Techs_Bus_Efi,,,,2020,,,,,,0.0
TotalTechnologyAnnualActivityLowerLimit,BAU,RD,Techs_Bus_Efi,,,,2021,,,,,,0.0
TotalTechnologyAnnualActivityLowerLimit,BAU,RD,Techs_Bus_Efi,,,,2022,,,,,,0.0
TotalTechnologyAnnualActivityLowerLimit,BAU,RD,Techs_Bus_Efi,,,,2023,,,,,,0.0
TotalTechnologyAnnualActivityLowerLimit,BAU,RD,Techs_Bus_Efi,,,,2024,,,,,,0.0
TotalTechnologyAnnualActivityLowerLimit,BAU,RD,Techs_Bus_Efi,,,,2025,,,,,,0.0
TotalTechnologyAnnualActivityLowerLimit,BAU,RD,Techs_Bus_Efi,,,,2026,,,,,,0.0
TotalTechnologyAnnualActivityLowerLimit,BAU,RD,Techs_Bus_Efi,,,,2027,,,,,,0.0
TotalTechnologyAnnualActivityLowerLimit,BAU,RD,Techs_Bus_Efi,,,,2028,,,,,,0.0
TotalTechnologyAnnualActivityLowerLimit,BAU,RD,Techs_Bus_Efi,,,,2029,,,,,,0.0
TotalTechnologyAnnualActivityLowerLimit,BAU,RD,Techs_Bus_Efi,,,,2030,,,,,,0.0
TotalTechnologyAnnualActivityLowerLimit,BAU,RD,Techs_Bus_Efi,,,,2031,,,,,,0.0
TotalTechnologyAnnualActivityLowerLimit,BAU,RD,Techs_Bus_Efi,,,,2032,,,,,,0.0
TotalTechnologyAnnualActivityLowerLimit,BAU,RD,Techs_Bus_Efi,,,,2033,,,,,,0.0
TotalTechnologyAnnualActivityLowerLimit,BAU,RD,Techs_Bus_Efi,,,,2034,,,,,,0.0
TotalTechnologyAnnualActivityLowerLimit,BAU,RD,Techs_Bus_Efi,,,,2035,,,,,,0.0
TotalTechnologyAnnualActivityLowerLimit,BAU,RD,Techs_Bus_Efi,,,,2036,,,,,,0.0
TotalTechnologyAnnualActivityLowerLimit,BAU,RD,Techs_Bus_Efi,,,,2037,,,,,,0.0
TotalTechnologyAnnualActivityLowerLimit,BAU,RD,Techs_Bus_Efi,,,,2038,,,,,,0.0
TotalTechnologyAnnualActivityLowerLimit,BAU,RD,Techs_Bus_Efi,,,,2039,,,,,,0.0
TotalTechnologyAnnualActivityLowerLimit,BAU,RD,Techs_Bus_Efi,,,,2040,,,,,,0.0
TotalTechnologyAnnualActivityLowerLimit,BAU,RD,Techs_Bus_Efi,,,,2041,,,,,,0.0
TotalTechnologyAnnualActivityLowerLimit,BAU,RD,Techs_Bus_Efi,,,,2042,,,,,,0.0
TotalTechnologyAnnualActivityLowerLimit,BAU,RD,Techs_Bus_Efi,,,,2043,,,,,,0.0
TotalTechnologyAnnualActivityLowerLimit,BAU,RD,Techs_Bus_Efi,,,,2044,,,,,,0.0
TotalTechnologyAnnualActivityLowerLimit,BAU,RD,Techs_Bus_Efi,,,,2045,,,,,,0.0
TotalTechnologyAnnualActivityLowerLimit,BAU,RD,Techs_Bus_Efi,,,,2046,,,,,,0.0
TotalTechnologyAnnualActivityLowerLimit,BAU,RD,Techs_Bus_Efi,,,,2047,,,,,,0.0
TotalTechnologyAnnualActivityLowerLimit,BAU,RD,Techs_Bus_Efi,,,,2048,,,,,,0.0
TotalTechnologyAnnualActivityLowerLimit,BAU,RD,Techs_Bus_Efi,,,,2049,,,,,,0.0
TotalTechnologyAnnualActivityLowerLimit,BAU,RD,Techs_Bus_Efi,,,,2050,,,,,,0.0
TotalTechnologyAnnualActivityLowerLimit,BAU,RD,DIST_NGS,,,,2018,,,,,,0.0
TotalTechnologyAnnualActivityLowerLimit,BAU,RD,DIST_NGS,,,,2019,,,,,,0.0
TotalTechnologyAnnualActivityLowerLimit,BAU,RD,DIST_NGS,,,,2020,,,,,,0.0
TotalTechnologyAnnualActivityLowerLimit,BAU,RD,DIST_NGS,,,,2021,,,,,,0.0
TotalTechnologyAnnualActivityLowerLimit,BAU,RD,DIST_NGS,,,,2022,,,,,,0.0
TotalTechnologyAnnualActivityLowerLimit,BAU,RD,DIST_NGS,,,,2023,,,,,,0.0
TotalTechnologyAnnualActivityLowerLimit,BAU,RD,DIST_NGS,,,,2024,,,,,,0.0
TotalTechnologyAnnualActivityLowerLimit,BAU,RD,DIST_NGS,,,,2025,,,,,,0.0
TotalTechnologyAnnualActivityLowerLimit,BAU,RD,DIST_NGS,,,,2026,,,,,,0.0
TotalTechnologyAnnualActivityLowerLimit,BAU,RD,DIST_NGS,,,,2027,,,,,,0.0
TotalTechnologyAnnualActivityLowerLimit,BAU,RD,DIST_NGS,,,,2028,,,,,,0.0
TotalTechnologyAnnualActivityLowerLimit,BAU,RD,DIST_NGS,,,,2029,,,,,,0.0
TotalTechnologyAnnualActivityLowerLimit,BAU,RD,DIST_NGS,,,,2030,,,,,,0.0
TotalTechnologyAnnualActivityLowerLimit,BAU,RD,DIST_NGS,,,,2031,,,,,,0.0
TotalTechnologyAnnualActivityLowerLimit,BAU,RD,DIST_NGS,,,,2032,,,,,,0.0
TotalTechnologyAnnualActivityLowerLimit,BAU,RD,DIST_NGS,,,,2033,,,,,,0.0
TotalTechnologyAnnualActivityLowerLimit,BAU,RD,DIST_NGS,,,,2034,,,,,,0.0
TotalTechnologyAnnualActivityLowerLimit,BAU,RD,DIST_NGS,,,,2035,,,,,,0.0
TotalTechnologyAnnualActivityLowerLimit,BAU,RD,DIST_NGS,,,,2036,,,,,,0.0
TotalTechnologyAnnualActivityLowerLimit,BAU,RD,DIST_NGS,,,,2037,,,,,,0.0
TotalTechnologyAnnualActivityLowerLimit,BAU,RD,DIST_NGS,,,,2038,,,,,,0.0
TotalTechnologyAnnualActivityLowerLimit,BAU,RD,DIST_NGS,,,,2039,,,,,,0.0
TotalTechnologyAnnualActivityLowerLimit,BAU,RD,DIST_NGS,,,,2040,,,,,,0.0
TotalTechnologyAnnualActivityLowerLimit,BAU,RD,DIST_NGS,,,,2041,,,,,,0.0
TotalTechnologyAnnualActivityLowerLimit,BAU,RD,DIST_NGS,,,,2042,,,,,,0.0
TotalTechnologyAnnualActivityLowerLimit,BAU,RD,DIST_NGS,,,,2043,,,,,,0.0
TotalTechnologyAnnualActivityLowerLimit,BAU,RD,DIST_NGS,,,,2044,,,,,,0.0
TotalTechnologyAnnualActivityLowerLimit,BAU,RD,DIST_NGS,,,,2045,,,,,,0.0
TotalTechnologyAnnualActivityLowerLimit,BAU,RD,DIST_NGS,,,,2046,,,,,,0.0
TotalTechnologyAnnualActivityLowerLimit,BAU,RD,DIST_NGS,,,,2047,,,,,,0.0
TotalTechnologyAnnualActivityLowerLimit,BAU,RD,DIST_NGS,,,,2048,,,,,,0.0
TotalTechnologyAnnualActivityLowerLimit,BAU,RD,DIST_NGS,,,,2049,,,,,,0.0
TotalTechnologyAnnualActivityLowerLimit,BAU,RD,DIST_NGS,,,,2050,,,,,,0.0
TotalTechnologyAnnualActivityLowerLimit,BAU,RD,PPHDAM,,,,2018,,,,,,6.2139
TotalTechnologyAnnualActivityLowerLimit,BAU,RD,PPHDAM,,,,2019,,,,,,3.4668
TotalTechnologyAnnualActivityLowerLimit,BAU,RD,PPHDAM,,,,2020,,,,,,4.5335
TotalTechnologyAnnualActivityLowerLimit,BAU,RD,PPHDAM,,,,2021,,,,,,5.2779
TotalTechnologyAnnualActivityLowerLimit,BAU,RD,PPHDAM,,,,2022,,,,,,5.1403
TotalTechnologyAnnualActivityLowerLimit,BAU,RD,PPHDAM,,,,2023,,,,,,4.0784
TotalTechnologyAnnualActivityLowerLimit,BAU,RD,PPHDAM,,,,2024,,,,,,4.0784
TotalTechnologyAnnualActivityLowerLimit,BAU,RD,PPHDAM,,,,2025,,,,,,4.0784
TotalTechnologyAnnualActivityLowerLimit,BAU,RD,PPHDAM,,,,2026,,,,,,4.0784
TotalTechnologyAnnualActivityLowerLimit,BAU,RD,PPHDAM,,,,2027,,,,,,4.0784
TotalTechnologyAnnualActivityLowerLimit,BAU,RD,PPHDAM,,,,2028,,,,,,4.0784
TotalTechnologyAnnualActivityLowerLimit,BAU,RD,PPHDAM,,,,2029,,,,,,4.0784
TotalTechnologyAnnualActivityLowerLimit,BAU,RD,PPHDAM,,,,2030,,,,,,4.0784
TotalTechnologyAnnualActivityLowerLimit,BAU,RD,PPHDAM,,,,2031,,,,,,4.0784
TotalTechnologyAnnualActivityLowerLimit,BAU,RD,PPHDAM,,,,2032,,,,,,4.0784
TotalTechnologyAnnualActivityLowerLimit,BAU,RD,PPHDAM,,,,2033,,,,,,4.0784
TotalTechnologyAnnualActivityLowerLimit,BAU,RD,PPHDAM,,,,2034,,,,,,4.0784
TotalTechnologyAnnualActivityLowerLimit,BAU,RD,PPHDAM,,,,2035,,,,,,4.0784
TotalTechnologyAnnualActivityLowerLimit,BAU,RD,PPHDAM,,,,2036,,,,,,4.0784
TotalTechnologyAnnualActivityLowerLimit,BAU,RD,PPHDAM,,,,2037,,,,,,4.0784
TotalTechnologyAnnualActivityLowerLimit,BAU,RD,PPHDAM,,,,2038,,,,,,4.0784
TotalTechnologyAnnualActivityLowerLimit,BAU,RD,PPHDAM,,,,2039,,,,,,4.0784
TotalTechnologyAnnualActivityLowerLimit,BAU,RD,PPHDAM,,,,2040,,,,,,4.0784
TotalTechnologyAnnualActivityLowerLimit,BAU,RD,PPHDAM,,,,2041,,,,,,4.0784
TotalTechnologyAnnualActivityLowerLimit,BAU,RD,PPHDAM,,,,2042,,,,,,4.0784
TotalTechnologyAnnualActivityLowerLimit,BAU,RD,PPHDAM,,,,2043,,,,,,4.0784
TotalTechnologyAnnualActivityLowerLimit,BAU,RD,PPHDAM,,,,2044,,,,,,4.0784
TotalTechnologyAnnualActivityLowerLimit,BAU,RD,PPHDAM,,,,2045,,,,,,4.0784
TotalTechnologyAnnualActivityLowerLimit,BAU,RD,PPHDAM,,,,2046,,,,,,4.0784
TotalTechnologyAnnualActivityLowerLimit,BAU,RD,PPHDAM,,,,2047,,,,,,4.0784
TotalTechnologyAnnualActivityLowerLimit,BAU,RD,PPHDAM,,,,2048,,,,,,4.0784
TotalTechnologyAnnualActivityLowerLimit,BAU,RD,PPHDAM,,,,2049,,,,,,4.0784
TotalTechnologyAnnualActivityLowerLimit,BAU,RD,PPHDAM,,,,2050,,,,,,4.0784
TotalTechnologyAnnualActivityLowerLimit,BAU,RD,PPHROR,,,,2018,,,,,,0.0
TotalTechnologyAnnualActivityLowerLimit,BAU,RD,PPHROR,,,,2019,,,,,,0.0
TotalTechnologyAnnualActivityLowerLimit,BAU,RD,PPHROR,,,,2020,,,,,,0.0
TotalTechnologyAnnualActivityLowerLimit,BAU,RD,PPHROR,,,,2021,,,,,,0.0
TotalTechnologyAnnualActivityLowerLimit,BAU,RD,PPHROR,,,,2022,,,,,,0.0
TotalTechnologyAnnualActivityLowerLimit,BAU,RD,PPHROR,,,,2023,,,,,,0.0
TotalTechnologyAnnualActivityLowerLimit,BAU,RD,PPHROR,,,,2024,,,,,,0.0
TotalTechnologyAnnualActivityLowerLimit,BAU,RD,PPHROR,,,,2025,,,,,,0.0
TotalTechnologyAnnualActivityLowerLimit,BAU,RD,PPHROR,,,,2026,,,,,,0.0
TotalTechnologyAnnualActivityLowerLimit,BAU,RD,PPHROR,,,,2027,,,,,,0.0
TotalTechnologyAnnualActivityLowerLimit,BAU,RD,PPHROR,,,,2028,,,,,,0.0
TotalTechnologyAnnualActivityLowerLimit,BAU,RD,PPHROR,,,,2029,,,,,,0.0
TotalTechnologyAnnualActivityLowerLimit,BAU,RD,PPHROR,,,,2030,,,,,,0.0
TotalTechnologyAnnualActivityLowerLimit,BAU,RD,PPHROR,,,,2031,,,,,,0.0
TotalTechnologyAnnualActivityLowerLimit,BAU,RD,PPHROR,,,,2032,,,,,,0.0
TotalTechnologyAnnualActivityLowerLimit,BAU,RD,PPHROR,,,,2033,,,,,,0.0
TotalTechnologyAnnualActivityLowerLimit,BAU,RD,PPHROR,,,,2034,,,,,,0.0
TotalTechnologyAnnualActivityLowerLimit,BAU,RD,PPHROR,,,,2035,,,,,,0.0
TotalTechnologyAnnualActivityLowerLimit,BAU,RD,PPHROR,,,,2036,,,,,,0.0
TotalTechnologyAnnualActivityLowerLimit,BAU,RD,PPHROR,,,,2037,,,,,,0.0
TotalTechnologyAnnualActivityLowerLimit,BAU,RD,PPHROR,,,,2038,,,,,,0.0
TotalTechnologyAnnualActivityLowerLimit,BAU,RD,PPHROR,,,,2039,,,,,,0.0
TotalTechnologyAnnualActivityLowerLimit,BAU,RD,PPHROR,,,,2040,,,,,,0.0
TotalTechnologyAnnualActivityLowerLimit,BAU,RD,PPHROR,,,,2041,,,,,,0.0
TotalTechnologyAnnualActivityLowerLimit,BAU,RD,PPHROR,,,,2042,,,,,,0.0
TotalTechnologyAnnualActivityLowerLimit,BAU,RD,PPHROR,,,,2043,,,,,,0.0
TotalTechnologyAnnualActivityLowerLimit,BAU,RD,PPHROR,,,,2044,,,,,,0.0
TotalTechnologyAnnualActivityLowerLimit,BAU,RD,PPHROR,,,,2045,,,,,,0.0
TotalTechnologyAnnualActivityLowerLimit,BAU,RD,PPHROR,,,,2046,,,,,,0.0
TotalTechnologyAnnualActivityLowerLimit,BAU,RD,PPHROR,,,,2047,,,,,,0.0
TotalTechnologyAnnualActivityLowerLimit,BAU,RD,PPHROR,,,,2048,,,,,,0.0
TotalTechnologyAnnualActivityLowerLimit,BAU,RD,PPHROR,,,,2049,,,,,,0.0
TotalTechnologyAnnualActivityLowerLimit,BAU,RD,PPHROR,,,,2050,,,,,,0.0
TotalTechnologyAnnualActivityLowerLimit,BAU,RD,PPWNDON,,,,2018,,,,,,1.6977
TotalTechnologyAnnualActivityLowerLimit,BAU,RD,PPWNDON,,,,2019,,,,,,2.7835
TotalTechnologyAnnualActivityLowerLimit,BAU,RD,PPWNDON,,,,2020,,,,,,3.8843
TotalTechnologyAnnualActivityLowerLimit,BAU,RD,PPWNDON,,,,2021,,,,,,4.343
TotalTechnologyAnnualActivityLowerLimit,BAU,RD,PPWNDON,,,,2022,,,,,,4.1454
TotalTechnologyAnnualActivityLowerLimit,BAU,RD,PPWNDON,,,,2023,,,,,,3.9831
TotalTechnologyAnnualActivityLowerLimit,BAU,RD,PPWNDON,,,,2024,,,,,,3.9831
TotalTechnologyAnnualActivityLowerLimit,BAU,RD,PPWNDON,,,,2025,,,,,,3.9831
TotalTechnologyAnnualActivityLowerLimit,BAU,RD,PPWNDON,,,,2026,,,,,,3.9831
TotalTechnologyAnnualActivityLowerLimit,BAU,RD,PPWNDON,,,,2027,,,,,,3.9831
TotalTechnologyAnnualActivityLowerLimit,BAU,RD,PPWNDON,,,,2028,,,,,,3.9831
TotalTechnologyAnnualActivityLowerLimit,BAU,RD,PPWNDON,,,,2029,,,,,,3.9831
TotalTechnologyAnnualActivityLowerLimit,BAU,RD,PPWNDON,,,,2030,,,,,,3.9831
TotalTechnologyAnnualActivityLowerLimit,BAU,RD,PPWNDON,,,,2031,,,,,,3.9831
TotalTechnologyAnnualActivityLowerLimit,BAU,RD,PPWNDON,,,,2032,,,,,,3.9831
TotalTechnologyAnnualActivityLowerLimit,BAU,RD,PPWNDON,,,,2033,,,,,,3.9831
TotalTechnologyAnnualActivityLowerLimit,BAU,RD,PPWNDON,,,,2034,,,,,,3.9831
TotalTechnologyAnnualActivityLowerLimit,BAU,RD,PPWNDON,,,,2035,,,,,,3.9831
TotalTechnologyAnnualActivityLowerLimit,BAU,RD,PPWNDON,,,,2036,,,,,,3.9831
TotalTechnologyAnnualActivityLowerLimit,BAU,RD,PPWNDON,,,,2037,,,,,,3.9831
TotalTechnologyAnnualActivityLowerLimit,BAU,RD,PPWNDON,,,,2038,,,,,,3.9831
TotalTechnologyAnnualActivityLowerLimit,BAU,RD,PPWNDON,,,,2039,,,,,,3.9831
TotalTechnologyAnnualActivityLowerLimit,BAU,RD,PPWNDON,,,,2040,,,,,,3.9831
TotalTechnologyAnnualActivityLowerLimit,BAU,RD,PPWNDON,,,,2041,,,,,,3.9831
TotalTechnologyAnnualActivityLowerLimit,BAU,RD,PPWNDON,,,,2042,,,,,,3.9831
TotalTechnologyAnnualActivityLowerLimit,BAU,RD,PPWNDON,,,,2043,,,,,,3.9831
TotalTechnologyAnnualActivityLowerLimit,BAU,RD,PPWNDON,,,,2044,,,,,,3.9831
TotalTechnologyAnnualActivityLowerLimit,BAU,RD,PPWNDON,,,,2045,,,,,,3.9831
TotalTechnologyAnnualActivityLowerLimit,BAU,RD,PPWNDON,,,,2046,,,,,,3.9831
TotalTechnologyAnnualActivityLowerLimit,BAU,RD,PPWNDON,,,,2047,,,,,,3.9831
TotalTechnologyAnnualActivityLowerLimit,BAU,RD,PPWNDON,,,,2048,,,,,,3.9831
TotalTechnologyAnnualActivityLowerLimit,BAU,RD,PPWNDON,,,,2049,,,,,,3.9831
TotalTechnologyAnnualActivityLowerLimit,BAU,RD,PPWNDON,,,,2050,,,,,,3.9831
TotalTechnologyAnnualActivityLowerLimit,BAU,RD,PPPVT,,,,2018,,,,,,0.2878
TotalTechnologyAnnualActivityLowerLimit,BAU,RD,PPPVT,,,,2019,,,,,,0.5629
TotalTechnologyAnnualActivityLowerLimit,BAU,RD,PPPVT,,,,2020,,,,,,1.076
TotalTechnologyAnnualActivityLowerLimit,BAU,RD,PPPVT,,,,2021,,,,,,1.7146
TotalTechnologyAnnualActivityLowerLimit,BAU,RD,PPPVT,,,,2022,,,,,,2.5825
TotalTechnologyAnnualActivityLowerLimit,BAU,RD,PPPVT,,,,2023,,,,,,3.909
TotalTechnologyAnnualActivityLowerLimit,BAU,RD,PPPVT,,,,2024,,,,,,3.909
TotalTechnologyAnnualActivityLowerLimit,BAU,RD,PPPVT,,,,2025,,,,,,3.909
TotalTechnologyAnnualActivityLowerLimit,BAU,RD,PPPVT,,,,2026,,,,,,3.909
TotalTechnologyAnnualActivityLowerLimit,BAU,RD,PPPVT,,,,2027,,,,,,3.909
TotalTechnologyAnnualActivityLowerLimit,BAU,RD,PPPVT,,,,2028,,,,,,3.909
TotalTechnologyAnnualActivityLowerLimit,BAU,RD,PPPVT,,,,2029,,,,,,3.909
TotalTechnologyAnnualActivityLowerLimit,BAU,RD,PPPVT,,,,2030,,,,,,3.909
TotalTechnologyAnnualActivityLowerLimit,BAU,RD,PPPVT,,,,2031,,,,,,3.909
TotalTechnologyAnnualActivityLowerLimit,BAU,RD,PPPVT,,,,2032,,,,,,3.909
TotalTechnologyAnnualActivityLowerLimit,BAU,RD,PPPVT,,,,2033,,,,,,3.909
TotalTechnologyAnnualActivityLowerLimit,BAU,RD,PPPVT,,,,2034,,,,,,3.909
TotalTechnologyAnnualActivityLowerLimit,BAU,RD,PPPVT,,,,2035,,,,,,3.909
TotalTechnologyAnnualActivityLowerLimit,BAU,RD,PPPVT,,,,2036,,,,,,3.909
TotalTechnologyAnnualActivityLowerLimit,BAU,RD,PPPVT,,,,2037,,,,,,3.909
TotalTechnologyAnnualActivityLowerLimit,BAU,RD,PPPVT,,,,2038,,,,,,3.909
TotalTechnologyAnnualActivityLowerLimit,BAU,RD,PPPVT,,,,2039,,,,,,3.909
TotalTechnologyAnnualActivityLowerLimit,BAU,RD,PPPVT,,,,2040,,,,,,3.909
TotalTechnologyAnnualActivityLowerLimit,BAU,RD,PPPVT,,,,2041,,,,,,3.909
TotalTechnologyAnnualActivityLowerLimit,BAU,RD,PPPVT,,,,2042,,,,,,3.909
TotalTechnologyAnnualActivityLowerLimit,BAU,RD,PPPVT,,,,2043,,,,,,3.909
TotalTechnologyAnnualActivityLowerLimit,BAU,RD,PPPVT,,,,2044,,,,,,3.909
TotalTechnologyAnnualActivityLowerLimit,BAU,RD,PPPVT,,,,2045,,,,,,3.909
TotalTechnologyAnnualActivityLowerLimit,BAU,RD,PPPVT,,,,2046,,,,,,3.909
TotalTechnologyAnnualActivityLowerLimit,BAU,RD,PPPVT,,,,2047,,,,,,3.909
TotalTechnologyAnnualActivityLowerLimit,BAU,RD,PPPVT,,,,2048,,,,,,3.909
TotalTechnologyAnnualActivityLowerLimit,BAU,RD,PPPVT,,,,2049,,,,,,3.909
TotalTechnologyAnnualActivityLowerLimit,BAU,RD,PPPVT,,,,2050,,,,,,3.909
TotalTechnologyAnnualActivityLowerLimit,BAU,RD,PPPVTS,,,,2018,,,,,,0.0
TotalTechnologyAnnualActivityLowerLimit,BAU,RD,PPPVTS,,,,2019,,,,,,0.0
TotalTechnologyAnnualActivityLowerLimit,BAU,RD,PPPVTS,,,,2020,,,,,,0.0
TotalTechnologyAnnualActivityLowerLimit,BAU,RD,PPPVTS,,,,2021,,,,,,0.0
TotalTechnologyAnnualActivityLowerLimit,BAU,RD,PPPVTS,,,,2022,,,,,,0.0
TotalTechnologyAnnualActivityLowerLimit,BAU,RD,PPPVTS,,,,2023,,,,,,0.0
TotalTechnologyAnnualActivityLowerLimit,BAU,RD,PPPVTS,,,,2024,,,,,,0.0
TotalTechnologyAnnualActivityLowerLimit,BAU,RD,PPPVTS,,,,2025,,,,,,0.0
TotalTechnologyAnnualActivityLowerLimit,BAU,RD,PPPVTS,,,,2026,,,,,,0.0
TotalTechnologyAnnualActivityLowerLimit,BAU,RD,PPPVTS,,,,2027,,,,,,0.0
TotalTechnologyAnnualActivityLowerLimit,BAU,RD,PPPVTS,,,,2028,,,,,,0.0
TotalTechnologyAnnualActivityLowerLimit,BAU,RD,PPPVTS,,,,2029,,,,,,0.0
TotalTechnologyAnnualActivityLowerLimit,BAU,RD,PPPVTS,,,,2030,,,,,,0.0
TotalTechnologyAnnualActivityLowerLimit,BAU,RD,PPPVTS,,,,2031,,,,,,0.0
TotalTechnologyAnnualActivityLowerLimit,BAU,RD,PPPVTS,,,,2032,,,,,,0.0
TotalTechnologyAnnualActivityLowerLimit,BAU,RD,PPPVTS,,,,2033,,,,,,0.0
TotalTechnologyAnnualActivityLowerLimit,BAU,RD,PPPVTS,,,,2034,,,,,,0.0
TotalTechnologyAnnualActivityLowerLimit,BAU,RD,PPPVTS,,,,2035,,,,,,0.0
TotalTechnologyAnnualActivityLowerLimit,BAU,RD,PPPVTS,,,,2036,,,,,,0.0
TotalTechnologyAnnualActivityLowerLimit,BAU,RD,PPPVTS,,,,2037,,,,,,0.0
TotalTechnologyAnnualActivityLowerLimit,BAU,RD,PPPVTS,,,,2038,,,,,,0.0
TotalTechnologyAnnualActivityLowerLimit,BAU,RD,PPPVTS,,,,2039,,,,,,0.0
TotalTechnologyAnnualActivityLowerLimit,BAU,RD,PPPVTS,,,,2040,,,,,,0.0
TotalTechnologyAnnualActivityLowerLimit,BAU,RD,PPPVTS,,,,2041,,,,,,0.0
TotalTechnologyAnnualActivityLowerLimit,BAU,RD,PPPVTS,,,,2042,,,,,,0.0
TotalTechnologyAnnualActivityLowerLimit,BAU,RD,PPPVTS,,,,2043,,,,,,0.0
TotalTechnologyAnnualActivityLowerLimit,BAU,RD,PPPVTS,,,,2044,,,,,,0.0
TotalTechnologyAnnualActivityLowerLimit,BAU,RD,PPPVTS,,,,2045,,,,,,0.0
TotalTechnologyAnnualActivityLowerLimit,BAU,RD,PPPVTS,,,,2046,,,,,,0.0
TotalTechnologyAnnualActivityLowerLimit,BAU,RD,PPPVTS,,,,2047,,,,,,0.0
TotalTechnologyAnnualActivityLowerLimit,BAU,RD,PPPVTS,,,,2048,,,,,,0.0
TotalTechnologyAnnualActivityLowerLimit,BAU,RD,PPPVTS,,,,2049,,,,,,0.0
TotalTechnologyAnnualActivityLowerLimit,BAU,RD,PPPVTS,,,,2050,,,,,,0.0
TotalTechnologyAnnualActivityLowerLimit,BAU,RD,PPPVD,,,,2018,,,,,,0.6181
TotalTechnologyAnnualActivityLowerLimit,BAU,RD,PPPVD,,,,2019,,,,,,0.8716
TotalTechnologyAnnualActivityLowerLimit,BAU,RD,PPPVD,,,,2020,,,,,,1.1765
TotalTechnologyAnnualActivityLowerLimit,BAU,RD,PPPVD,,,,2021,,,,,,1.4598
TotalTechnologyAnnualActivityLowerLimit,BAU,RD,PPPVD,,,,2022,,,,,,1.8747
TotalTechnologyAnnualActivityLowerLimit,BAU,RD,PPPVD,,,,2023,,,,,,2.1263
TotalTechnologyAnnualActivityLowerLimit,BAU,RD,PPPVD,,,,2024,,,,,,2.1263
TotalTechnologyAnnualActivityLowerLimit,BAU,RD,PPPVD,,,,2025,,,,,,2.1263
TotalTechnologyAnnualActivityLowerLimit,BAU,RD,PPPVD,,,,2026,,,,,,2.1263
TotalTechnologyAnnualActivityLowerLimit,BAU,RD,PPPVD,,,,2027,,,,,,2.1263
TotalTechnologyAnnualActivityLowerLimit,BAU,RD,PPPVD,,,,2028,,,,,,2.1263
TotalTechnologyAnnualActivityLowerLimit,BAU,RD,PPPVD,,,,2029,,,,,,2.1263
TotalTechnologyAnnualActivityLowerLimit,BAU,RD,PPPVD,,,,2030,,,,,,2.1263
TotalTechnologyAnnualActivityLowerLimit,BAU,RD,PPPVD,,,,2031,,,,,,2.1263
TotalTechnologyAnnualActivityLowerLimit,BAU,RD,PPPVD,,,,2032,,,,,,2.1263
TotalTechnologyAnnualActivityLowerLimit,BAU,RD,PPPVD,,,,2033,,,,,,2.1263
TotalTechnologyAnnualActivityLowerLimit,BAU,RD,PPPVD,,,,2034,,,,,,2.1263
TotalTechnologyAnnualActivityLowerLimit,BAU,RD,PPPVD,,,,2035,,,,,,2.1263
TotalTechnologyAnnualActivityLowerLimit,BAU,RD,PPPVD,,,,2036,,,,,,2.1263
TotalTechnologyAnnualActivityLowerLimit,BAU,RD,PPPVD,,,,2037,,,,,,2.1263
TotalTechnologyAnnualActivityLowerLimit,BAU,RD,PPPVD,,,,2038,,,,,,2.1263
TotalTechnologyAnnualActivityLowerLimit,BAU,RD,PPPVD,,,,2039,,,,,,2.1263
TotalTechnologyAnnualActivityLowerLimit,BAU,RD,PPPVD,,,,2040,,,,,,2.1263
TotalTechnologyAnnualActivityLowerLimit,BAU,RD,PPPVD,,,,2041,,,,,,2.1263
TotalTechnologyAnnualActivityLowerLimit,BAU,RD,PPPVD,,,,2042,,,,,,2.1263
TotalTechnologyAnnualActivityLowerLimit,BAU,RD,PPPVD,,,,2043,,,,,,2.1263
TotalTechnologyAnnualActivityLowerLimit,BAU,RD,PPPVD,,,,2044,,,,,,2.1263
TotalTechnologyAnnualActivityLowerLimit,BAU,RD,PPPVD,,,,2045,,,,,,2.1263
TotalTechnologyAnnualActivityLowerLimit,BAU,RD,PPPVD,,,,2046,,,,,,2.1263
TotalTechnologyAnnualActivityLowerLimit,BAU,RD,PPPVD,,,,2047,,,,,,2.1263
TotalTechnologyAnnualActivityLowerLimit,BAU,RD,PPPVD,,,,2048,,,,,,2.1263
TotalTechnologyAnnualActivityLowerLimit,BAU,RD,PPPVD,,,,2049,,,,,,2.1263
TotalTechnologyAnnualActivityLowerLimit,BAU,RD,PPPVD,,,,2050,,,,,,2.1263
TotalTechnologyAnnualActivityLowerLimit,BAU,RD,PPWNDOFF,,,,2018,,,,,,0.0
TotalTechnologyAnnualActivityLowerLimit,BAU,RD,PPWNDOFF,,,,2019,,,,,,0.0
TotalTechnologyAnnualActivityLowerLimit,BAU,RD,PPWNDOFF,,,,2020,,,,,,0.0
TotalTechnologyAnnualActivityLowerLimit,BAU,RD,PPWNDOFF,,,,2021,,,,,,0.0
TotalTechnologyAnnualActivityLowerLimit,BAU,RD,PPWNDOFF,,,,2022,,,,,,0.0
TotalTechnologyAnnualActivityLowerLimit,BAU,RD,PPWNDOFF,,,,2023,,,,,,0.0
TotalTechnologyAnnualActivityLowerLimit,BAU,RD,PPWNDOFF,,,,2024,,,,,,0.0
TotalTechnologyAnnualActivityLowerLimit,BAU,RD,PPWNDOFF,,,,2025,,,,,,0.0
TotalTechnologyAnnualActivityLowerLimit,BAU,RD,PPWNDOFF,,,,2026,,,,,,0.0
TotalTechnologyAnnualActivityLowerLimit,BAU,RD,PPWNDOFF,,,,2027,,,,,,0.0
TotalTechnologyAnnualActivityLowerLimit,BAU,RD,PPWNDOFF,,,,2028,,,,,,0.0
TotalTechnologyAnnualActivityLowerLimit,BAU,RD,PPWNDOFF,,,,2029,,,,,,0.0
TotalTechnologyAnnualActivityLowerLimit,BAU,RD,PPWNDOFF,,,,2030,,,,,,0.0
TotalTechnologyAnnualActivityLowerLimit,BAU,RD,PPWNDOFF,,,,2031,,,,,,0.0
TotalTechnologyAnnualActivityLowerLimit,BAU,RD,PPWNDOFF,,,,2032,,,,,,0.0
TotalTechnologyAnnualActivityLowerLimit,BAU,RD,PPWNDOFF,,,,2033,,,,,,0.0
TotalTechnologyAnnualActivityLowerLimit,BAU,RD,PPWNDOFF,,,,2034,,,,,,0.0
TotalTechnologyAnnualActivityLowerLimit,BAU,RD,PPWNDOFF,,,,2035,,,,,,0.0
TotalTechnologyAnnualActivityLowerLimit,BAU,RD,PPWNDOFF,,,,2036,,,,,,0.0
TotalTechnologyAnnualActivityLowerLimit,BAU,RD,PPWNDOFF,,,,2037,,,,,,0.0
TotalTechnologyAnnualActivityLowerLimit,BAU,RD,PPWNDOFF,,,,2038,,,,,,0.0
TotalTechnologyAnnualActivityLowerLimit,BAU,RD,PPWNDOFF,,,,2039,,,,,,0.0
TotalTechnologyAnnualActivityLowerLimit,BAU,RD,PPWNDOFF,,,,2040,,,,,,0.0
TotalTechnologyAnnualActivityLowerLimit,BAU,RD,PPWNDOFF,,,,2041,,,,,,0.0
TotalTechnologyAnnualActivityLowerLimit,BAU,RD,PPWNDOFF,,,,2042,,,,,,0.0
TotalTechnologyAnnualActivityLowerLimit,BAU,RD,PPWNDOFF,,,,2043,,,,,,0.0
TotalTechnologyAnnualActivityLowerLimit,BAU,RD,PPWNDOFF,,,,2044,,,,,,0.0
TotalTechnologyAnnualActivityLowerLimit,BAU,RD,PPWNDOFF,,,,2045,,,,,,0.0
TotalTechnologyAnnualActivityLowerLimit,BAU,RD,PPWNDOFF,,,,2046,,,,,,0.0
TotalTechnologyAnnualActivityLowerLimit,BAU,RD,PPWNDOFF,,,,2047,,,,,,0.0
TotalTechnologyAnnualActivityLowerLimit,BAU,RD,PPWNDOFF,,,,2048,,,,,,0.0
TotalTechnologyAnnualActivityLowerLimit,BAU,RD,PPWNDOFF,,,,2049,,,,,,0.0
TotalTechnologyAnnualActivityLowerLimit,BAU,RD,PPWNDOFF,,,,2050,,,,,,0.0
TotalTechnologyAnnualActivityLowerLimit,BAU,RD,PPDHYD,,,,2018,,,,,,0.2282
TotalTechnologyAnnualActivityLowerLimit,BAU,RD,PPDHYD,,,,2019,,,,,,0.2282
TotalTechnologyAnnualActivityLowerLimit,BAU,RD,PPDHYD,,,,2020,,,,,,0.2282
TotalTechnologyAnnualActivityLowerLimit,BAU,RD,PPDHYD,,,,2021,,,,,,0.2282
TotalTechnologyAnnualActivityLowerLimit,BAU,RD,PPDHYD,,,,2022,,,,,,0.2282
TotalTechnologyAnnualActivityLowerLimit,BAU,RD,PPDHYD,,,,2023,,,,,,0.2282
TotalTechnologyAnnualActivityLowerLimit,BAU,RD,PPDHYD,,,,2024,,,,,,0.2282
TotalTechnologyAnnualActivityLowerLimit,BAU,RD,PPDHYD,,,,2025,,,,,,0.2282
TotalTechnologyAnnualActivityLowerLimit,BAU,RD,PPDHYD,,,,2026,,,,,,0.2282
TotalTechnologyAnnualActivityLowerLimit,BAU,RD,PPDHYD,,,,2027,,,,,,0.2282
TotalTechnologyAnnualActivityLowerLimit,BAU,RD,PPDHYD,,,,2028,,,,,,0.2282
TotalTechnologyAnnualActivityLowerLimit,BAU,RD,PPDHYD,,,,2029,,,,,,0.2282
TotalTechnologyAnnualActivityLowerLimit,BAU,RD,PPDHYD,,,,2030,,,,,,0.2282
TotalTechnologyAnnualActivityLowerLimit,BAU,RD,PPDHYD,,,,2031,,,,,,0.2282
TotalTechnologyAnnualActivityLowerLimit,BAU,RD,PPDHYD,,,,2032,,,,,,0.2282
TotalTechnologyAnnualActivityLowerLimit,BAU,RD,PPDHYD,,,,2033,,,,,,0.2282
TotalTechnologyAnnualActivityLowerLimit,BAU,RD,PPDHYD,,,,2034,,,,,,0.2282
TotalTechnologyAnnualActivityLowerLimit,BAU,RD,PPDHYD,,,,2035,,,,,,0.2282
TotalTechnologyAnnualActivityLowerLimit,BAU,RD,PPDHYD,,,,2036,,,,,,0.2282
TotalTechnologyAnnualActivityLowerLimit,BAU,RD,PPDHYD,,,,2037,,,,,,0.2282
TotalTechnologyAnnualActivityLowerLimit,BAU,RD,PPDHYD,,,,2038,,,,,,0.2282
TotalTechnologyAnnualActivityLowerLimit,BAU,RD,PPDHYD,,,,2039,,,,,,0.2282
TotalTechnologyAnnualActivityLowerLimit,BAU,RD,PPDHYD,,,,2040,,,,,,0.2282
TotalTechnologyAnnualActivityLowerLimit,BAU,RD,PPDHYD,,,,2041,,,,,,0.2282
TotalTechnologyAnnualActivityLowerLimit,BAU,RD,PPDHYD,,,,2042,,,,,,0.2282
TotalTechnologyAnnualActivityLowerLimit,BAU,RD,PPDHYD,,,,2043,,,,,,0.2282
TotalTechnologyAnnualActivityLowerLimit,BAU,RD,PPDHYD,,,,2044,,,,,,0.2282
TotalTechnologyAnnualActivityLowerLimit,BAU,RD,PPDHYD,,,,2045,,,,,,0.2282
TotalTechnologyAnnualActivityLowerLimit,BAU,RD,PPDHYD,,,,2046,,,,,,0.2282
TotalTechnologyAnnualActivityLowerLimit,BAU,RD,PPDHYD,,,,2047,,,,,,0.2282
TotalTechnologyAnnualActivityLowerLimit,BAU,RD,PPDHYD,,,,2048,,,,,,0.2282
TotalTechnologyAnnualActivityLowerLimit,BAU,RD,PPDHYD,,,,2049,,,,,,0.2282
TotalTechnologyAnnualActivityLowerLimit,BAU,RD,PPDHYD,,,,2050,,,,,,0.2282
TotalTechnologyAnnualActivityLowerLimit,BAU,RD,REF_DSL,,,,2018,,,,,,14.8203
TotalTechnologyAnnualActivityLowerLimit,BAU,RD,REF_DSL,,,,2019,,,,,,14.0877
TotalTechnologyAnnualActivityLowerLimit,BAU,RD,REF_DSL,,,,2020,,,,,,5.5539
TotalTechnologyAnnualActivityLowerLimit,BAU,RD,REF_DSL,,,,2021,,,,,,12.5532
TotalTechnologyAnnualActivityLowerLimit,BAU,RD,REF_DSL,,,,2022,,,,,,12.5532
TotalTechnologyAnnualActivityLowerLimit,BAU,RD,REF_DSL,,,,2023,,,,,,12.5532
TotalTechnologyAnnualActivityLowerLimit,BAU,RD,REF_DSL,,,,2024,,,,,,12.5532
TotalTechnologyAnnualActivityLowerLimit,BAU,RD,REF_DSL,,,,2025,,,,,,12.5532
TotalTechnologyAnnualActivityLowerLimit,BAU,RD,REF_DSL,,,,2026,,,,,,12.5532
TotalTechnologyAnnualActivityLowerLimit,BAU,RD,REF_DSL,,,,2027,,,,,,12.5532
TotalTechnologyAnnualActivityLowerLimit,BAU,RD,REF_DSL,,,,2028,,,,,,12.5532
TotalTechnologyAnnualActivityLowerLimit,BAU,RD,REF_DSL,,,,2029,,,,,,12.5532
TotalTechnologyAnnualActivityLowerLimit,BAU,RD,REF_DSL,,,,2030,,,,,,12.5532
TotalTechnologyAnnualActivityLowerLimit,BAU,RD,REF_DSL,,,,2031,,,,,,12.5532
TotalTechnologyAnnualActivityLowerLimit,BAU,RD,REF_DSL,,,,2032,,,,,,12.5532
TotalTechnologyAnnualActivityLowerLimit,BAU,RD,REF_DSL,,,,2033,,,,,,12.5532
TotalTechnologyAnnualActivityLowerLimit,BAU,RD,REF_DSL,,,,2034,,,,,,12.5532
TotalTechnologyAnnualActivityLowerLimit,BAU,RD,REF_DSL,,,,2035,,,,,,12.5532
TotalTechnologyAnnualActivityLowerLimit,BAU,RD,REF_DSL,,,,2036,,,,,,12.5532
TotalTechnologyAnnualActivityLowerLimit,BAU,RD,REF_DSL,,,,2037,,,,,,12.5532
TotalTechnologyAnnualActivityLowerLimit,BAU,RD,REF_DSL,,,,2038,,,,,,12.5532
TotalTechnologyAnnualActivityLowerLimit,BAU,RD,REF_DSL,,,,2039,,,,,,12.5532
TotalTechnologyAnnualActivityLowerLimit,BAU,RD,REF_DSL,,,,2040,,,,,,12.5532
TotalTechnologyAnnualActivityLowerLimit,BAU,RD,REF_DSL,,,,2041,,,,,,12.5532
TotalTechnologyAnnualActivityLowerLimit,BAU,RD,REF_DSL,,,,2042,,,,,,12.5532
TotalTechnologyAnnualActivityLowerLimit,BAU,RD,REF_DSL,,,,2043,,,,,,12.5532
TotalTechnologyAnnualActivityLowerLimit,BAU,RD,REF_DSL,,,,2044,,,,,,12.5532
TotalTechnologyAnnualActivityLowerLimit,BAU,RD,REF_DSL,,,,2045,,,,,,12.5532
TotalTechnologyAnnualActivityLowerLimit,BAU,RD,REF_DSL,,,,2046,,,,,,12.5532
TotalTechnologyAnnualActivityLowerLimit,BAU,RD,REF_DSL,,,,2047,,,,,,12.5532
TotalTechnologyAnnualActivityLowerLimit,BAU,RD,REF_DSL,,,,2048,,,,,,12.5532
TotalTechnologyAnnualActivityLowerLimit,BAU,RD,REF_DSL,,,,2049,,,,,,12.5532
TotalTechnologyAnnualActivityLowerLimit,BAU,RD,REF_DSL,,,,2050,,,,,,12.5532
TotalTechnologyAnnualActivityLowerLimit,BAU,RD,REF_GSL,,,,2018,,,,,,11.1771
TotalTechnologyAnnualActivityLowerLimit,BAU,RD,REF_GSL,,,,2019,,,,,,10.5435
TotalTechnologyAnnualActivityLowerLimit,BAU,RD,REF_GSL,,,,2020,,,,,,4.158
TotalTechnologyAnnualActivityLowerLimit,BAU,RD,REF_GSL,,,,2021,,,,,,10.6128
TotalTechnologyAnnualActivityLowerLimit,BAU,RD,REF_GSL,,,,2022,,,,,,10.6128
TotalTechnologyAnnualActivityLowerLimit,BAU,RD,REF_GSL,,,,2023,,,,,,10.6128
TotalTechnologyAnnualActivityLowerLimit,BAU,RD,REF_GSL,,,,2024,,,,,,10.6128
TotalTechnologyAnnualActivityLowerLimit,BAU,RD,REF_GSL,,,,2025,,,,,,10.6128
TotalTechnologyAnnualActivityLowerLimit,BAU,RD,REF_GSL,,,,2026,,,,,,10.6128
TotalTechnologyAnnualActivityLowerLimit,BAU,RD,REF_GSL,,,,2027,,,,,,10.6128
TotalTechnologyAnnualActivityLowerLimit,BAU,RD,REF_GSL,,,,2028,,,,,,10.6128
TotalTechnologyAnnualActivityLowerLimit,BAU,RD,REF_GSL,,,,2029,,,,,,10.6128
TotalTechnologyAnnualActivityLowerLimit,BAU,RD,REF_GSL,,,,2030,,,,,,10.6128
TotalTechnologyAnnualActivityLowerLimit,BAU,RD,REF_GSL,,,,2031,,,,,,10.6128
TotalTechnologyAnnualActivityLowerLimit,BAU,RD,REF_GSL,,,,2032,,,,,,10.6128
TotalTechnologyAnnualActivityLowerLimit,BAU,RD,REF_GSL,,,,2033,,,,,,10.6128
TotalTechnologyAnnualActivityLowerLimit,BAU,RD,REF_GSL,,,,2034,,,,,,10.6128
TotalTechnologyAnnualActivityLowerLimit,BAU,RD,REF_GSL,,,,2035,,,,,,10.6128
TotalTechnologyAnnualActivityLowerLimit,BAU,RD,REF_GSL,,,,2036,,,,,,10.6128
TotalTechnologyAnnualActivityLowerLimit,BAU,RD,REF_GSL,,,,2037,,,,,,10.6128
TotalTechnologyAnnualActivityLowerLimit,BAU,RD,REF_GSL,,,,2038,,,,,,10.6128
TotalTechnologyAnnualActivityLowerLimit,BAU,RD,REF_GSL,,,,2039,,,,,,10.6128
TotalTechnologyAnnualActivityLowerLimit,BAU,RD,REF_GSL,,,,2040,,,,,,10.6128
TotalTechnologyAnnualActivityLowerLimit,BAU,RD,REF_GSL,,,,2041,,,,,,10.6128
TotalTechnologyAnnualActivityLowerLimit,BAU,RD,REF_GSL,,,,2042,,,,,,10.6128
TotalTechnologyAnnualActivityLowerLimit,BAU,RD,REF_GSL,,,,2043,,,,,,10.6128
TotalTechnologyAnnualActivityLowerLimit,BAU,RD,REF_GSL,,,,2044,,,,,,10.6128
TotalTechnologyAnnualActivityLowerLimit,BAU,RD,REF_GSL,,,,2045,,,,,,10.6128
TotalTechnologyAnnualActivityLowerLimit,BAU,RD,REF_GSL,,,,2046,,,,,,10.6128
TotalTechnologyAnnualActivityLowerLimit,BAU,RD,REF_GSL,,,,2047,,,,,,10.6128
TotalTechnologyAnnualActivityLowerLimit,BAU,RD,REF_GSL,,,,2048,,,,,,10.6128
TotalTechnologyAnnualActivityLowerLimit,BAU,RD,REF_GSL,,,,2049,,,,,,10.6128
TotalTechnologyAnnualActivityLowerLimit,BAU,RD,REF_GSL,,,,2050,,,,,,10.6128
TotalTechnologyAnnualActivityLowerLimit,BAU,RD,REF_LPG,,,,2018,,,,,,0.6237
TotalTechnologyAnnualActivityLowerLimit,BAU,RD,REF_LPG,,,,2019,,,,,,1.2078
TotalTechnologyAnnualActivityLowerLimit,BAU,RD,REF_LPG,,,,2020,,,,,,0.7623
TotalTechnologyAnnualActivityLowerLimit,BAU,RD,REF_LPG,,,,2021,,,,,,1.584
TotalTechnologyAnnualActivityLowerLimit,BAU,RD,REF_LPG,,,,2022,,,,,,1.584
TotalTechnologyAnnualActivityLowerLimit,BAU,RD,REF_LPG,,,,2023,,,,,,1.584
TotalTechnologyAnnualActivityLowerLimit,BAU,RD,REF_LPG,,,,2024,,,,,,1.584
TotalTechnologyAnnualActivityLowerLimit,BAU,RD,REF_LPG,,,,2025,,,,,,1.584
TotalTechnologyAnnualActivityLowerLimit,BAU,RD,REF_LPG,,,,2026,,,,,,1.584
TotalTechnologyAnnualActivityLowerLimit,BAU,RD,REF_LPG,,,,2027,,,,,,1.584
TotalTechnologyAnnualActivityLowerLimit,BAU,RD,REF_LPG,,,,2028,,,,,,1.584
TotalTechnologyAnnualActivityLowerLimit,BAU,RD,REF_LPG,,,,2029,,,,,,1.584
TotalTechnologyAnnualActivityLowerLimit,BAU,RD,REF_LPG,,,,2030,,,,,,1.584
TotalTechnologyAnnualActivityLowerLimit,BAU,RD,REF_LPG,,,,2031,,,,,,1.584
TotalTechnologyAnnualActivityLowerLimit,BAU,RD,REF_LPG,,,,2032,,,,,,1.584
TotalTechnologyAnnualActivityLowerLimit,BAU,RD,REF_LPG,,,,2033,,,,,,1.584
TotalTechnologyAnnualActivityLowerLimit,BAU,RD,REF_LPG,,,,2034,,,,,,1.584
TotalTechnologyAnnualActivityLowerLimit,BAU,RD,REF_LPG,,,,2035,,,,,,1.584
TotalTechnologyAnnualActivityLowerLimit,BAU,RD,REF_LPG,,,,2036,,,,,,1.584
TotalTechnologyAnnualActivityLowerLimit,BAU,RD,REF_LPG,,,,2037,,,,,,1.584
TotalTechnologyAnnualActivityLowerLimit,BAU,RD,REF_LPG,,,,2038,,,,,,1.584
TotalTechnologyAnnualActivityLowerLimit,BAU,RD,REF_LPG,,,,2039,,,,,,1.584
TotalTechnologyAnnualActivityLowerLimit,BAU,RD,REF_LPG,,,,2040,,,,,,1.584
TotalTechnologyAnnualActivityLowerLimit,BAU,RD,REF_LPG,,,,2041,,,,,,1.584
TotalTechnologyAnnualActivityLowerLimit,BAU,RD,REF_LPG,,,,2042,,,,,,1.584
TotalTechnologyAnnualActivityLowerLimit,BAU,RD,REF_LPG,,,,2043,,,,,,1.584
TotalTechnologyAnnualActivityLowerLimit,BAU,RD,REF_LPG,,,,2044,,,,,,1.584
TotalTechnologyAnnualActivityLowerLimit,BAU,RD,REF_LPG,,,,2045,,,,,,1.584
TotalTechnologyAnnualActivityLowerLimit,BAU,RD,REF_LPG,,,,2046,,,,,,1.584
TotalTechnologyAnnualActivityLowerLimit,BAU,RD,REF_LPG,,,,2047,,,,,,1.584
TotalTechnologyAnnualActivityLowerLimit,BAU,RD,REF_LPG,,,,2048,,,,,,1.584
TotalTechnologyAnnualActivityLowerLimit,BAU,RD,REF_LPG,,,,2049,,,,,,1.584
TotalTechnologyAnnualActivityLowerLimit,BAU,RD,REF_LPG,,,,2050,,,,,,1.584
TotalTechnologyAnnualActivityLowerLimit,BAU,RD,REF_FOI,,,,2018,,,,,,14.5728
TotalTechnologyAnnualActivityLowerLimit,BAU,RD,REF_FOI,,,,2019,,,,,,12.9888
TotalTechnologyAnnualActivityLowerLimit,BAU,RD,REF_FOI,,,,2020,,,,,,5.3856
TotalTechnologyAnnualActivityLowerLimit,BAU,RD,REF_FOI,,,,2021,,,,,,14.4243
TotalTechnologyAnnualActivityLowerLimit,BAU,RD,REF_FOI,,,,2022,,,,,,14.4243
TotalTechnologyAnnualActivityLowerLimit,BAU,RD,REF_FOI,,,,2023,,,,,,14.4243
TotalTechnologyAnnualActivityLowerLimit,BAU,RD,REF_FOI,,,,2024,,,,,,14.4243
TotalTechnologyAnnualActivityLowerLimit,BAU,RD,REF_FOI,,,,2025,,,,,,14.4243
TotalTechnologyAnnualActivityLowerLimit,BAU,RD,REF_FOI,,,,2026,,,,,,14.4243
TotalTechnologyAnnualActivityLowerLimit,BAU,RD,REF_FOI,,,,2027,,,,,,14.4243
TotalTechnologyAnnualActivityLowerLimit,BAU,RD,REF_FOI,,,,2028,,,,,,14.4243
TotalTechnologyAnnualActivityLowerLimit,BAU,RD,REF_FOI,,,,2029,,,,,,14.4243
TotalTechnologyAnnualActivityLowerLimit,BAU,RD,REF_FOI,,,,2030,,,,,,14.4243
TotalTechnologyAnnualActivityLowerLimit,BAU,RD,REF_FOI,,,,2031,,,,,,14.4243
TotalTechnologyAnnualActivityLowerLimit,BAU,RD,REF_FOI,,,,2032,,,,,,14.4243
TotalTechnologyAnnualActivityLowerLimit,BAU,RD,REF_FOI,,,,2033,,,,,,14.4243
TotalTechnologyAnnualActivityLowerLimit,BAU,RD,REF_FOI,,,,2034,,,,,,14.4243
TotalTechnologyAnnualActivityLowerLimit,BAU,RD,REF_FOI,,,,2035,,,,,,14.4243
TotalTechnologyAnnualActivityLowerLimit,BAU,RD,REF_FOI,,,,2036,,,,,,14.4243
TotalTechnologyAnnualActivityLowerLimit,BAU,RD,REF_FOI,,,,2037,,,,,,14.4243
TotalTechnologyAnnualActivityLowerLimit,BAU,RD,REF_FOI,,,,2038,,,,,,14.4243
TotalTechnologyAnnualActivityLowerLimit,BAU,RD,REF_FOI,,,,2039,,,,,,14.4243
TotalTechnologyAnnualActivityLowerLimit,BAU,RD,REF_FOI,,,,2040,,,,,,14.4243
TotalTechnologyAnnualActivityLowerLimit,BAU,RD,REF_FOI,,,,2041,,,,,,14.4243
TotalTechnologyAnnualActivityLowerLimit,BAU,RD,REF_FOI,,,,2042,,,,,,14.4243
TotalTechnologyAnnualActivityLowerLimit,BAU,RD,REF_FOI,,,,2043,,,,,,14.4243
TotalTechnologyAnnualActivityLowerLimit,BAU,RD,REF_FOI,,,,2044,,,,,,14.4243
TotalTechnologyAnnualActivityLowerLimit,BAU,RD,REF_FOI,,,,2045,,,,,,14.4243
TotalTechnologyAnnualActivityLowerLimit,BAU,RD,REF_FOI,,,,2046,,,,,,14.4243
TotalTechnologyAnnualActivityLowerLimit,BAU,RD,REF_FOI,,,,2047,,,,,,14.4243
TotalTechnologyAnnualActivityLowerLimit,BAU,RD,REF_FOI,,,,2048,,,,,,14.4243
TotalTechnologyAnnualActivityLowerLimit,BAU,RD,REF_FOI,,,,2049,,,,,,14.4243
TotalTechnologyAnnualActivityLowerLimit,BAU,RD,REF_FOI,,,,2050,,,,,,14.4243
TotalTechnologyAnnualActivityLowerLimit,BAU,RD,PPBIM,,,,2018,,,,,,0.7116
TotalTechnologyAnnualActivityLowerLimit,BAU,RD,PPBIM,,,,2019,,,,,,0.7286
TotalTechnologyAnnualActivityLowerLimit,BAU,RD,PPBIM,,,,2020,,,,,,0.5915
TotalTechnologyAnnualActivityLowerLimit,BAU,RD,PPBIM,,,,2021,,,,,,0.7867
TotalTechnologyAnnualActivityLowerLimit,BAU,RD,PPBIM,,,,2022,,,,,,0.7484
TotalTechnologyAnnualActivityLowerLimit,BAU,RD,PPBIM,,,,2023,,,,,,0.7973
TotalTechnologyAnnualActivityLowerLimit,BAU,RD,PPBIM,,,,2024,,,,,,0.7417
TotalTechnologyAnnualActivityLowerLimit,BAU,RD,PPBIM,,,,2025,,,,,,0.7417
TotalTechnologyAnnualActivityLowerLimit,BAU,RD,PPBIM,,,,2026,,,,,,0.7417
TotalTechnologyAnnualActivityLowerLimit,BAU,RD,PPBIM,,,,2027,,,,,,0.7417
TotalTechnologyAnnualActivityLowerLimit,BAU,RD,PPBIM,,,,2028,,,,,,0.7417
TotalTechnologyAnnualActivityLowerLimit,BAU,RD,PPBIM,,,,2029,,,,,,0.7417
TotalTechnologyAnnualActivityLowerLimit,BAU,RD,PPBIM,,,,2030,,,,,,0.7417
TotalTechnologyAnnualActivityLowerLimit,BAU,RD,PPBIM,,,,2031,,,,,,0.7417
TotalTechnologyAnnualActivityLowerLimit,BAU,RD,PPBIM,,,,2032,,,,,,0.7417
TotalTechnologyAnnualActivityLowerLimit,BAU,RD,PPBIM,,,,2033,,,,,,0.7417
TotalTechnologyAnnualActivityLowerLimit,BAU,RD,PPBIM,,,,2034,,,,,,0.7417
TotalTechnologyAnnualActivityLowerLimit,BAU,RD,PPBIM,,,,2035,,,,,,0.7417
TotalTechnologyAnnualActivityLowerLimit,BAU,RD,PPBIM,,,,2036,,,,,,0.7417
TotalTechnologyAnnualActivityLowerLimit,BAU,RD,PPBIM,,,,2037,,,,,,0.7417
TotalTechnologyAnnualActivityLowerLimit,BAU,RD,PPBIM,,,,2038,,,,,,0.7417
TotalTechnologyAnnualActivityLowerLimit,BAU,RD,PPBIM,,,,2039,,,,,,0.7417
TotalTechnologyAnnualActivityLowerLimit,BAU,RD,PPBIM,,,,2040,,,,,,0.7417
TotalTechnologyAnnualActivityLowerLimit,BAU,RD,PPBIM,,,,2041,,,,,,0.7417
TotalTechnologyAnnualActivityLowerLimit,BAU,RD,PPBIM,,,,2042,,,,,,0.7417
TotalTechnologyAnnualActivityLowerLimit,BAU,RD,PPBIM,,,,2043,,,,,,0.7417
TotalTechnologyAnnualActivityLowerLimit,BAU,RD,PPBIM,,,,2044,,,,,,0.7417
TotalTechnologyAnnualActivityLowerLimit,BAU,RD,PPBIM,,,,2045,,,,,,0.7417
TotalTechnologyAnnualActivityLowerLimit,BAU,RD,PPBIM,,,,2046,,,,,,0.7417
TotalTechnologyAnnualActivityLowerLimit,BAU,RD,PPBIM,,,,2047,,,,,,0.7417
TotalTechnologyAnnualActivityLowerLimit,BAU,RD,PPBIM,,,,2048,,,,,,0.7417
TotalTechnologyAnnualActivityLowerLimit,BAU,RD,PPBIM,,,,2049,,,,,,0.7417
TotalTechnologyAnnualActivityLowerLimit,BAU,RD,PPBIM,,,,2050,,,,,,0.7417
TotalTechnologyAnnualActivityLowerLimit,BAU,RD,PPCOA,,,,2018,,,,,,7.2507
TotalTechnologyAnnualActivityLowerLimit,BAU,RD,PPCOA,,,,2019,,,,,,12.9155
TotalTechnologyAnnualActivityLowerLimit,BAU,RD,PPCOA,,,,2020,,,,,,23.3464
TotalTechnologyAnnualActivityLowerLimit,BAU,RD,PPCOA,,,,2021,,,,,,23.5046
TotalTechnologyAnnualActivityLowerLimit,BAU,RD,PPCOA,,,,2022,,,,,,24.4311
TotalTechnologyAnnualActivityLowerLimit,BAU,RD,PPCOA,,,,2023,,,,,,26.4449
TotalTechnologyAnnualActivityLowerLimit,BAU,RD,PPCOA,,,,2024,,,,,,26.4449
TotalTechnologyAnnualActivityLowerLimit,BAU,RD,PPCOA,,,,2025,,,,,,26.4449
TotalTechnologyAnnualActivityLowerLimit,BAU,RD,PPCOA,,,,2026,,,,,,26.4449
TotalTechnologyAnnualActivityLowerLimit,BAU,RD,PPCOA,,,,2027,,,,,,26.4449
TotalTechnologyAnnualActivityLowerLimit,BAU,RD,PPCOA,,,,2028,,,,,,26.4449
TotalTechnologyAnnualActivityLowerLimit,BAU,RD,PPCOA,,,,2029,,,,,,26.4449
TotalTechnologyAnnualActivityLowerLimit,BAU,RD,PPCOA,,,,2030,,,,,,26.4449
TotalTechnologyAnnualActivityLowerLimit,BAU,RD,PPCOA,,,,2031,,,,,,26.4449
TotalTechnologyAnnualActivityLowerLimit,BAU,RD,PPCOA,,,,2032,,,,,,26.4449
TotalTechnologyAnnualActivityLowerLimit,BAU,RD,PPCOA,,,,2033,,,,,,26.4449
TotalTechnologyAnnualActivityLowerLimit,BAU,RD,PPCOA,,,,2034,,,,,,26.4449
TotalTechnologyAnnualActivityLowerLimit,BAU,RD,PPCOA,,,,2035,,,,,,26.4449
TotalTechnologyAnnualActivityLowerLimit,BAU,RD,PPCOA,,,,2036,,,,,,26.4449
TotalTechnologyAnnualActivityLowerLimit,BAU,RD,PPCOA,,,,2037,,,,,,26.4449
TotalTechnologyAnnualActivityLowerLimit,BAU,RD,PPCOA,,,,2038,,,,,,26.4449
TotalTechnologyAnnualActivityLowerLimit,BAU,RD,PPCOA,,,,2039,,,,,,26.4449
TotalTechnologyAnnualActivityLowerLimit,BAU,RD,PPCOA,,,,2040,,,,,,26.4449
TotalTechnologyAnnualActivityLowerLimit,BAU,RD,PPCOA,,,,2041,,,,,,26.4449
TotalTechnologyAnnualActivityLowerLimit,BAU,RD,PPCOA,,,,2042,,,,,,26.4449
TotalTechnologyAnnualActivityLowerLimit,BAU,RD,PPCOA,,,,2043,,,,,,26.4449
TotalTechnologyAnnualActivityLowerLimit,BAU,RD,PPCOA,,,,2044,,,,,,26.4449
TotalTechnologyAnnualActivityLowerLimit,BAU,RD,PPCOA,,,,2045,,,,,,26.4449
TotalTechnologyAnnualActivityLowerLimit,BAU,RD,PPCOA,,,,2046,,,,,,26.4449
TotalTechnologyAnnualActivityLowerLimit,BAU,RD,PPCOA,,,,2047,,,,,,26.4449
TotalTechnologyAnnualActivityLowerLimit,BAU,RD,PPCOA,,,,2048,,,,,,26.4449
TotalTechnologyAnnualActivityLowerLimit,BAU,RD,PPCOA,,,,2049,,,,,,26.4449
TotalTechnologyAnnualActivityLowerLimit,BAU,RD,PPCOA,,,,2050,,,,,,26.4449
TotalTechnologyAnnualActivityLowerLimit,BAU,RD,PPCCTDSL,,,,2018,,,,,,0.0
TotalTechnologyAnnualActivityLowerLimit,BAU,RD,PPCCTDSL,,,,2019,,,,,,0.0
TotalTechnologyAnnualActivityLowerLimit,BAU,RD,PPCCTDSL,,,,2020,,,,,,0.6055
TotalTechnologyAnnualActivityLowerLimit,BAU,RD,PPCCTDSL,,,,2021,,,,,,0.3217
TotalTechnologyAnnualActivityLowerLimit,BAU,RD,PPCCTDSL,,,,2022,,,,,,0.1171
TotalTechnologyAnnualActivityLowerLimit,BAU,RD,PPCCTDSL,,,,2023,,,,,,0.3022
TotalTechnologyAnnualActivityLowerLimit,BAU,RD,PPCCTDSL,,,,2024,,,,,,0.3022
TotalTechnologyAnnualActivityLowerLimit,BAU,RD,PPCCTDSL,,,,2025,,,,,,0.3022
TotalTechnologyAnnualActivityLowerLimit,BAU,RD,PPCCTDSL,,,,2026,,,,,,0.3022
TotalTechnologyAnnualActivityLowerLimit,BAU,RD,PPCCTDSL,,,,2027,,,,,,0.3022
TotalTechnologyAnnualActivityLowerLimit,BAU,RD,PPCCTDSL,,,,2028,,,,,,0.3022
TotalTechnologyAnnualActivityLowerLimit,BAU,RD,PPCCTDSL,,,,2029,,,,,,0.3022
TotalTechnologyAnnualActivityLowerLimit,BAU,RD,PPCCTDSL,,,,2030,,,,,,0.3022
TotalTechnologyAnnualActivityLowerLimit,BAU,RD,PPCCTDSL,,,,2031,,,,,,0.3022
TotalTechnologyAnnualActivityLowerLimit,BAU,RD,PPCCTDSL,,,,2032,,,,,,0.3022
TotalTechnologyAnnualActivityLowerLimit,BAU,RD,PPCCTDSL,,,,2033,,,,,,0.3022
TotalTechnologyAnnualActivityLowerLimit,BAU,RD,PPCCTDSL,,,,2034,,,,,,0.3022
TotalTechnologyAnnualActivityLowerLimit,BAU,RD,PPCCTDSL,,,,2035,,,,,,0.3022
TotalTechnologyAnnualActivityLowerLimit,BAU,RD,PPCCTDSL,,,,2036,,,,,,0.3022
TotalTechnologyAnnualActivityLowerLimit,BAU,RD,PPCCTDSL,,,,2037,,,,,,0.3022
TotalTechnologyAnnualActivityLowerLimit,BAU,RD,PPCCTDSL,,,,2038,,,,,,0.3022
TotalTechnologyAnnualActivityLowerLimit,BAU,RD,PPCCTDSL,,,,2039,,,,,,0.3022
TotalTechnologyAnnualActivityLowerLimit,BAU,RD,PPCCTDSL,,,,2040,,,,,,0.3022
TotalTechnologyAnnualActivityLowerLimit,BAU,RD,PPCCTDSL,,,,2041,,,,,,0.3022
TotalTechnologyAnnualActivityLowerLimit,BAU,RD,PPCCTDSL,,,,2042,,,,,,0.3022
TotalTechnologyAnnualActivityLowerLimit,BAU,RD,PPCCTDSL,,,,2043,,,,,,0.3022
TotalTechnologyAnnualActivityLowerLimit,BAU,RD,PPCCTDSL,,,,2044,,,,,,0.3022
TotalTechnologyAnnualActivityLowerLimit,BAU,RD,PPCCTDSL,,,,2045,,,,,,0.3022
TotalTechnologyAnnualActivityLowerLimit,BAU,RD,PPCCTDSL,,,,2046,,,,,,0.3022
TotalTechnologyAnnualActivityLowerLimit,BAU,RD,PPCCTDSL,,,,2047,,,,,,0.3022
TotalTechnologyAnnualActivityLowerLimit,BAU,RD,PPCCTDSL,,,,2048,,,,,,0.3022
TotalTechnologyAnnualActivityLowerLimit,BAU,RD,PPCCTDSL,,,,2049,,,,,,0.3022
TotalTechnologyAnnualActivityLowerLimit,BAU,RD,PPCCTDSL,,,,2050,,,,,,0.3022
TotalTechnologyAnnualActivityLowerLimit,BAU,RD,PPCCTNGS,,,,2018,,,,,,15.7504
TotalTechnologyAnnualActivityLowerLimit,BAU,RD,PPCCTNGS,,,,2019,,,,,,15.2754
TotalTechnologyAnnualActivityLowerLimit,BAU,RD,PPCCTNGS,,,,2020,,,,,,13.8297
TotalTechnologyAnnualActivityLowerLimit,BAU,RD,PPCCTNGS,,,,2021,,,,,,21.0548
TotalTechnologyAnnualActivityLowerLimit,BAU,RD,PPCCTNGS,,,,2022,,,,,,15.8373
TotalTechnologyAnnualActivityLowerLimit,BAU,RD,PPCCTNGS,,,,2023,,,,,,18.4439
TotalTechnologyAnnualActivityLowerLimit,BAU,RD,PPCCTNGS,,,,2024,,,,,,17.898
TotalTechnologyAnnualActivityLowerLimit,BAU,RD,PPCCTNGS,,,,2025,,,,,,17.898
TotalTechnologyAnnualActivityLowerLimit,BAU,RD,PPCCTNGS,,,,2026,,,,,,17.898
TotalTechnologyAnnualActivityLowerLimit,BAU,RD,PPCCTNGS,,,,2027,,,,,,17.898
TotalTechnologyAnnualActivityLowerLimit,BAU,RD,PPCCTNGS,,,,2028,,,,,,17.898
TotalTechnologyAnnualActivityLowerLimit,BAU,RD,PPCCTNGS,,,,2029,,,,,,17.898
TotalTechnologyAnnualActivityLowerLimit,BAU,RD,PPCCTNGS,,,,2030,,,,,,17.898
TotalTechnologyAnnualActivityLowerLimit,BAU,RD,PPCCTNGS,,,,2031,,,,,,17.898
TotalTechnologyAnnualActivityLowerLimit,BAU,RD,PPCCTNGS,,,,2032,,,,,,17.898
TotalTechnologyAnnualActivityLowerLimit,BAU,RD,PPCCTNGS,,,,2033,,,,,,17.898
TotalTechnologyAnnualActivityLowerLimit,BAU,RD,PPCCTNGS,,,,2034,,,,,,17.898
TotalTechnologyAnnualActivityLowerLimit,BAU,RD,PPCCTNGS,,,,2035,,,,,,17.898
TotalTechnologyAnnualActivityLowerLimit,BAU,RD,PPCCTNGS,,,,2036,,,,,,17.898
TotalTechnologyAnnualActivityLowerLimit,BAU,RD,PPCCTNGS,,,,2037,,,,,,17.898
TotalTechnologyAnnualActivityLowerLimit,BAU,RD,PPCCTNGS,,,,2038,,,,,,17.898
TotalTechnologyAnnualActivityLowerLimit,BAU,RD,PPCCTNGS,,,,2039,,,,,,17.898
TotalTechnologyAnnualActivityLowerLimit,BAU,RD,PPCCTNGS,,,,2040,,,,,,17.898
TotalTechnologyAnnualActivityLowerLimit,BAU,RD,PPCCTNGS,,,,2041,,,,,,17.898
TotalTechnologyAnnualActivityLowerLimit,BAU,RD,PPCCTNGS,,,,2042,,,,,,17.898
TotalTechnologyAnnualActivityLowerLimit,BAU,RD,PPCCTNGS,,,,2043,,,,,,17.898
TotalTechnologyAnnualActivityLowerLimit,BAU,RD,PPCCTNGS,,,,2044,,,,,,17.898
TotalTechnologyAnnualActivityLowerLimit,BAU,RD,PPCCTNGS,,,,2045,,,,,,17.898
TotalTechnologyAnnualActivityLowerLimit,BAU,RD,PPCCTNGS,,,,2046,,,,,,17.898
TotalTechnologyAnnualActivityLowerLimit,BAU,RD,PPCCTNGS,,,,2047,,,,,,17.898
TotalTechnologyAnnualActivityLowerLimit,BAU,RD,PPCCTNGS,,,,2048,,,,,,17.898
TotalTechnologyAnnualActivityLowerLimit,BAU,RD,PPCCTNGS,,,,2049,,,,,,17.898
TotalTechnologyAnnualActivityLowerLimit,BAU,RD,PPCCTNGS,,,,2050,,,,,,17.898
TotalTechnologyAnnualActivityLowerLimit,BAU,RD,PPCCTNGSDSL,,,,2018,,,,,,0.0
TotalTechnologyAnnualActivityLowerLimit,BAU,RD,PPCCTNGSDSL,,,,2019,,,,,,0.0
TotalTechnologyAnnualActivityLowerLimit,BAU,RD,PPCCTNGSDSL,,,,2020,,,,,,0.0
TotalTechnologyAnnualActivityLowerLimit,BAU,RD,PPCCTNGSDSL,,,,2021,,,,,,0.0
TotalTechnologyAnnualActivityLowerLimit,BAU,RD,PPCCTNGSDSL,,,,2022,,,,,,0.0
TotalTechnologyAnnualActivityLowerLimit,BAU,RD,PPCCTNGSDSL,,,,2023,,,,,,0.0
TotalTechnologyAnnualActivityLowerLimit,BAU,RD,PPCCTNGSDSL,,,,2024,,,,,,0.0
TotalTechnologyAnnualActivityLowerLimit,BAU,RD,PPCCTNGSDSL,,,,2025,,,,,,0.0
TotalTechnologyAnnualActivityLowerLimit,BAU,RD,PPCCTNGSDSL,,,,2026,,,,,,0.0
TotalTechnologyAnnualActivityLowerLimit,BAU,RD,PPCCTNGSDSL,,,,2027,,,,,,0.0
TotalTechnologyAnnualActivityLowerLimit,BAU,RD,PPCCTNGSDSL,,,,2028,,,,,,0.0
TotalTechnologyAnnualActivityLowerLimit,BAU,RD,PPCCTNGSDSL,,,,2029,,,,,,0.0
TotalTechnologyAnnualActivityLowerLimit,BAU,RD,PPCCTNGSDSL,,,,2030,,,,,,0.0
TotalTechnologyAnnualActivityLowerLimit,BAU,RD,PPCCTNGSDSL,,,,2031,,,,,,0.0
TotalTechnologyAnnualActivityLowerLimit,BAU,RD,PPCCTNGSDSL,,,,2032,,,,,,0.0
TotalTechnologyAnnualActivityLowerLimit,BAU,RD,PPCCTNGSDSL,,,,2033,,,,,,0.0
TotalTechnologyAnnualActivityLowerLimit,BAU,RD,PPCCTNGSDSL,,,,2034,,,,,,0.0
TotalTechnologyAnnualActivityLowerLimit,BAU,RD,PPCCTNGSDSL,,,,2035,,,,,,0.0
TotalTechnologyAnnualActivityLowerLimit,BAU,RD,PPCCTNGSDSL,,,,2036,,,,,,0.0
TotalTechnologyAnnualActivityLowerLimit,BAU,RD,PPCCTNGSDSL,,,,2037,,,,,,0.0
TotalTechnologyAnnualActivityLowerLimit,BAU,RD,PPCCTNGSDSL,,,,2038,,,,,,0.0
TotalTechnologyAnnualActivityLowerLimit,BAU,RD,PPCCTNGSDSL,,,,2039,,,,,,0.0
TotalTechnologyAnnualActivityLowerLimit,BAU,RD,PPCCTNGSDSL,,,,2040,,,,,,0.0
TotalTechnologyAnnualActivityLowerLimit,BAU,RD,PPCCTNGSDSL,,,,2041,,,,,,0.0
TotalTechnologyAnnualActivityLowerLimit,BAU,RD,PPCCTNGSDSL,,,,2042,,,,,,0.0
TotalTechnologyAnnualActivityLowerLimit,BAU,RD,PPCCTNGSDSL,,,,2043,,,,,,0.0
TotalTechnologyAnnualActivityLowerLimit,BAU,RD,PPCCTNGSDSL,,,,2044,,,,,,0.0
TotalTechnologyAnnualActivityLowerLimit,BAU,RD,PPCCTNGSDSL,,,,2045,,,,,,0.0
TotalTechnologyAnnualActivityLowerLimit,BAU,RD,PPCCTNGSDSL,,,,2046,,,,,,0.0
TotalTechnologyAnnualActivityLowerLimit,BAU,RD,PPCCTNGSDSL,,,,2047,,,,,,0.0
TotalTechnologyAnnualActivityLowerLimit,BAU,RD,PPCCTNGSDSL,,,,2048,,,,,,0.0
TotalTechnologyAnnualActivityLowerLimit,BAU,RD,PPCCTNGSDSL,,,,2049,,,,,,0.0
TotalTechnologyAnnualActivityLowerLimit,BAU,RD,PPCCTNGSDSL,,,,2050,,,,,,0.0
TotalTechnologyAnnualActivityLowerLimit,BAU,RD,PPICEFOI,,,,2018,,,,,,19.7304
TotalTechnologyAnnualActivityLowerLimit,BAU,RD,PPICEFOI,,,,2019,,,,,,20.9528
TotalTechnologyAnnualActivityLowerLimit,BAU,RD,PPICEFOI,,,,2020,,,,,,10.4862
TotalTechnologyAnnualActivityLowerLimit,BAU,RD,PPICEFOI,,,,2021,,,,,,9.652
TotalTechnologyAnnualActivityLowerLimit,BAU,RD,PPICEFOI,,,,2022,,,,,,12.1351
TotalTechnologyAnnualActivityLowerLimit,BAU,RD,PPICEFOI,,,,2023,,,,,,9.1011
TotalTechnologyAnnualActivityLowerLimit,BAU,RD,PPICEFOI,,,,2024,,,,,,0.0
TotalTechnologyAnnualActivityLowerLimit,BAU,RD,PPICEFOI,,,,2025,,,,,,0.0
TotalTechnologyAnnualActivityLowerLimit,BAU,RD,PPICEFOI,,,,2026,,,,,,0.0
TotalTechnologyAnnualActivityLowerLimit,BAU,RD,PPICEFOI,,,,2027,,,,,,0.0
TotalTechnologyAnnualActivityLowerLimit,BAU,RD,PPICEFOI,,,,2028,,,,,,0.0
TotalTechnologyAnnualActivityLowerLimit,BAU,RD,PPICEFOI,,,,2029,,,,,,0.0
TotalTechnologyAnnualActivityLowerLimit,BAU,RD,PPICEFOI,,,,2030,,,,,,0.0
TotalTechnologyAnnualActivityLowerLimit,BAU,RD,PPICEFOI,,,,2031,,,,,,0.0
TotalTechnologyAnnualActivityLowerLimit,BAU,RD,PPICEFOI,,,,2032,,,,,,0.0
TotalTechnologyAnnualActivityLowerLimit,BAU,RD,PPICEFOI,,,,2033,,,,,,0.0
TotalTechnologyAnnualActivityLowerLimit,BAU,RD,PPICEFOI,,,,2034,,,,,,0.0
TotalTechnologyAnnualActivityLowerLimit,BAU,RD,PPICEFOI,,,,2035,,,,,,0.0
TotalTechnologyAnnualActivityLowerLimit,BAU,RD,PPICEFOI,,,,2036,,,,,,0.0
TotalTechnologyAnnualActivityLowerLimit,BAU,RD,PPICEFOI,,,,2037,,,,,,0.0
TotalTechnologyAnnualActivityLowerLimit,BAU,RD,PPICEFOI,,,,2038,,,,,,0.0
TotalTechnologyAnnualActivityLowerLimit,BAU,RD,PPICEFOI,,,,2039,,,,,,0.0
TotalTechnologyAnnualActivityLowerLimit,BAU,RD,PPICEFOI,,,,2040,,,,,,0.0
TotalTechnologyAnnualActivityLowerLimit,BAU,RD,PPICEFOI,,,,2041,,,,,,0.0
TotalTechnologyAnnualActivityLowerLimit,BAU,RD,PPICEFOI,,,,2042,,,,,,0.0
TotalTechnologyAnnualActivityLowerLimit,BAU,RD,PPICEFOI,,,,2043,,,,,,0.0
TotalTechnologyAnnualActivityLowerLimit,BAU,RD,PPICEFOI,,,,2044,,,,,,0.0
TotalTechnologyAnnualActivityLowerLimit,BAU,RD,PPICEFOI,,,,2045,,,,,,0.0
TotalTechnologyAnnualActivityLowerLimit,BAU,RD,PPICEFOI,,,,2046,,,,,,0.0
TotalTechnologyAnnualActivityLowerLimit,BAU,RD,PPICEFOI,,,,2047,,,,,,0.0
TotalTechnologyAnnualActivityLowerLimit,BAU,RD,PPICEFOI,,,,2048,,,,,,0.0
TotalTechnologyAnnualActivityLowerLimit,BAU,RD,PPICEFOI,,,,2049,,,,,,0.0
TotalTechnologyAnnualActivityLowerLimit,BAU,RD,PPICEFOI,,,,2050,,,,,,0.0
TotalTechnologyAnnualActivityLowerLimit,BAU,RD,PPICEGASFOI,,,,2018,,,,,,4.2275
TotalTechnologyAnnualActivityLowerLimit,BAU,RD,PPICEGASFOI,,,,2019,,,,,,4.1846
TotalTechnologyAnnualActivityLowerLimit,BAU,RD,PPICEGASFOI,,,,2020,,,,,,7.8063
TotalTechnologyAnnualActivityLowerLimit,BAU,RD,PPICEGASFOI,,,,2021,,,,,,9.2678
TotalTechnologyAnnualActivityLowerLimit,BAU,RD,PPICEGASFOI,,,,2022,,,,,,14.2778
TotalTechnologyAnnualActivityLowerLimit,BAU,RD,PPICEGASFOI,,,,2023,,,,,,12.3735
TotalTechnologyAnnualActivityLowerLimit,BAU,RD,PPICEGASFOI,,,,2024,,,,,,10.4109
TotalTechnologyAnnualActivityLowerLimit,BAU,RD,PPICEGASFOI,,,,2025,,,,,,10.4109
TotalTechnologyAnnualActivityLowerLimit,BAU,RD,PPICEGASFOI,,,,2026,,,,,,10.4109
TotalTechnologyAnnualActivityLowerLimit,BAU,RD,PPICEGASFOI,,,,2027,,,,,,10.4109
TotalTechnologyAnnualActivityLowerLimit,BAU,RD,PPICEGASFOI,,,,2028,,,,,,10.4109
TotalTechnologyAnnualActivityLowerLimit,BAU,RD,PPICEGASFOI,,,,2029,,,,,,10.4109
TotalTechnologyAnnualActivityLowerLimit,BAU,RD,PPICEGASFOI,,,,2030,,,,,,10.4109
TotalTechnologyAnnualActivityLowerLimit,BAU,RD,PPICEGASFOI,,,,2031,,,,,,10.4109
TotalTechnologyAnnualActivityLowerLimit,BAU,RD,PPICEGASFOI,,,,2032,,,,,,10.4109
TotalTechnologyAnnualActivityLowerLimit,BAU,RD,PPICEGASFOI,,,,2033,,,,,,10.4109
TotalTechnologyAnnualActivityLowerLimit,BAU,RD,PPICEGASFOI,,,,2034,,,,,,10.4109
TotalTechnologyAnnualActivityLowerLimit,BAU,RD,PPICEGASFOI,,,,2035,,,,,,10.4109
TotalTechnologyAnnualActivityLowerLimit,BAU,RD,PPICEGASFOI,,,,2036,,,,,,10.4109
TotalTechnologyAnnualActivityLowerLimit,BAU,RD,PPICEGASFOI,,,,2037,,,,,,10.4109
TotalTechnologyAnnualActivityLowerLimit,BAU,RD,PPICEGASFOI,,,,2038,,,,,,10.4109
TotalTechnologyAnnualActivityLowerLimit,BAU,RD,PPICEGASFOI,,,,2039,,,,,,10.4109
TotalTechnologyAnnualActivityLowerLimit,BAU,RD,PPICEGASFOI,,,,2040,,,,,,10.4109
TotalTechnologyAnnualActivityLowerLimit,BAU,RD,PPICEGASFOI,,,,2041,,,,,,10.4109
TotalTechnologyAnnualActivityLowerLimit,BAU,RD,PPICEGASFOI,,,,2042,,,,,,10.4109
TotalTechnologyAnnualActivityLowerLimit,BAU,RD,PPICEGASFOI,,,,2043,,,,,,10.4109
TotalTechnologyAnnualActivityLowerLimit,BAU,RD,PPICEGASFOI,,,,2044,,,,,,10.4109
TotalTechnologyAnnualActivityLowerLimit,BAU,RD,PPICEGASFOI,,,,2045,,,,,,10.4109
TotalTechnologyAnnualActivityLowerLimit,BAU,RD,PPICEGASFOI,,,,2046,,,,,,10.4109
TotalTechnologyAnnualActivityLowerLimit,BAU,RD,PPICEGASFOI,,,,2047,,,,,,10.4109
TotalTechnologyAnnualActivityLowerLimit,BAU,RD,PPICEGASFOI,,,,2048,,,,,,10.4109
TotalTechnologyAnnualActivityLowerLimit,BAU,RD,PPICEGASFOI,,,,2049,,,,,,10.4109
TotalTechnologyAnnualActivityLowerLimit,BAU,RD,PPICEGASFOI,,,,2050,,,,,,10.4109
TotalTechnologyAnnualActivityLowerLimit,BAU,RD,PPADSL,,,,2018,,,,,,1.0375
TotalTechnologyAnnualActivityLowerLimit,BAU,RD,PPADSL,,,,2019,,,,,,0.0153
TotalTechnologyAnnualActivityLowerLimit,BAU,RD,PPADSL,,,,2020,,,,,,0.022
TotalTechnologyAnnualActivityLowerLimit,BAU,RD,PPADSL,,,,2021,,,,,,0.0142
TotalTechnologyAnnualActivityLowerLimit,BAU,RD,PPADSL,,,,2022,,,,,,0.0148
TotalTechnologyAnnualActivityLowerLimit,BAU,RD,PPADSL,,,,2023,,,,,,0.0148
TotalTechnologyAnnualActivityLowerLimit,BAU,RD,PPADSL,,,,2024,,,,,,0.0148
TotalTechnologyAnnualActivityLowerLimit,BAU,RD,PPADSL,,,,2025,,,,,,0.0148
TotalTechnologyAnnualActivityLowerLimit,BAU,RD,PPADSL,,,,2026,,,,,,0.0148
TotalTechnologyAnnualActivityLowerLimit,BAU,RD,PPADSL,,,,2027,,,,,,0.0148
TotalTechnologyAnnualActivityLowerLimit,BAU,RD,PPADSL,,,,2028,,,,,,0.0148
TotalTechnologyAnnualActivityLowerLimit,BAU,RD,PPADSL,,,,2029,,,,,,0.0148
TotalTechnologyAnnualActivityLowerLimit,BAU,RD,PPADSL,,,,2030,,,,,,0.0148
TotalTechnologyAnnualActivityLowerLimit,BAU,RD,PPADSL,,,,2031,,,,,,0.0148
TotalTechnologyAnnualActivityLowerLimit,BAU,RD,PPADSL,,,,2032,,,,,,0.0148
TotalTechnologyAnnualActivityLowerLimit,BAU,RD,PPADSL,,,,2033,,,,,,0.0148
TotalTechnologyAnnualActivityLowerLimit,BAU,RD,PPADSL,,,,2034,,,,,,0.0148
TotalTechnologyAnnualActivityLowerLimit,BAU,RD,PPADSL,,,,2035,,,,,,0.0148
TotalTechnologyAnnualActivityLowerLimit,BAU,RD,PPADSL,,,,2036,,,,,,0.0148
TotalTechnologyAnnualActivityLowerLimit,BAU,RD,PPADSL,,,,2037,,,,,,0.0148
TotalTechnologyAnnualActivityLowerLimit,BAU,RD,PPADSL,,,,2038,,,,,,0.0148
TotalTechnologyAnnualActivityLowerLimit,BAU,RD,PPADSL,,,,2039,,,,,,0.0148
TotalTechnologyAnnualActivityLowerLimit,BAU,RD,PPADSL,,,,2040,,,,,,0.0148
TotalTechnologyAnnualActivityLowerLimit,BAU,RD,PPADSL,,,,2041,,,,,,0.0148
TotalTechnologyAnnualActivityLowerLimit,BAU,RD,PPADSL,,,,2042,,,,,,0.0148
TotalTechnologyAnnualActivityLowerLimit,BAU,RD,PPADSL,,,,2043,,,,,,0.0148
TotalTechnologyAnnualActivityLowerLimit,BAU,RD,PPADSL,,,,2044,,,,,,0.0148
TotalTechnologyAnnualActivityLowerLimit,BAU,RD,PPADSL,,,,2045,,,,,,0.0148
TotalTechnologyAnnualActivityLowerLimit,BAU,RD,PPADSL,,,,2046,,,,,,0.0148
TotalTechnologyAnnualActivityLowerLimit,BAU,RD,PPADSL,,,,2047,,,,,,0.0148
TotalTechnologyAnnualActivityLowerLimit,BAU,RD,PPADSL,,,,2048,,,,,,0.0148
TotalTechnologyAnnualActivityLowerLimit,BAU,RD,PPADSL,,,,2049,,,,,,0.0148
TotalTechnologyAnnualActivityLowerLimit,BAU,RD,PPADSL,,,,2050,,,,,,0.0148
TotalTechnologyAnnualActivityLowerLimit,BAU,RD,PPAFOI,,,,2018,,,,,,3.6078
TotalTechnologyAnnualActivityLowerLimit,BAU,RD,PPAFOI,,,,2019,,,,,,3.4278
TotalTechnologyAnnualActivityLowerLimit,BAU,RD,PPAFOI,,,,2020,,,,,,2.1329
TotalTechnologyAnnualActivityLowerLimit,BAU,RD,PPAFOI,,,,2021,,,,,,3.0362
TotalTechnologyAnnualActivityLowerLimit,BAU,RD,PPAFOI,,,,2022,,,,,,4.0223
TotalTechnologyAnnualActivityLowerLimit,BAU,RD,PPAFOI,,,,2023,,,,,,4.0223
TotalTechnologyAnnualActivityLowerLimit,BAU,RD,PPAFOI,,,,2024,,,,,,4.0223
TotalTechnologyAnnualActivityLowerLimit,BAU,RD,PPAFOI,,,,2025,,,,,,4.0223
TotalTechnologyAnnualActivityLowerLimit,BAU,RD,PPAFOI,,,,2026,,,,,,4.0223
TotalTechnologyAnnualActivityLowerLimit,BAU,RD,PPAFOI,,,,2027,,,,,,4.0223
TotalTechnologyAnnualActivityLowerLimit,BAU,RD,PPAFOI,,,,2028,,,,,,4.0223
TotalTechnologyAnnualActivityLowerLimit,BAU,RD,PPAFOI,,,,2029,,,,,,4.0223
TotalTechnologyAnnualActivityLowerLimit,BAU,RD,PPAFOI,,,,2030,,,,,,4.0223
TotalTechnologyAnnualActivityLowerLimit,BAU,RD,PPAFOI,,,,2031,,,,,,4.0223
TotalTechnologyAnnualActivityLowerLimit,BAU,RD,PPAFOI,,,,2032,,,,,,4.0223
TotalTechnologyAnnualActivityLowerLimit,BAU,RD,PPAFOI,,,,2033,,,,,,4.0223
TotalTechnologyAnnualActivityLowerLimit,BAU,RD,PPAFOI,,,,2034,,,,,,4.0223
TotalTechnologyAnnualActivityLowerLimit,BAU,RD,PPAFOI,,,,2035,,,,,,4.0223
TotalTechnologyAnnualActivityLowerLimit,BAU,RD,PPAFOI,,,,2036,,,,,,4.0223
TotalTechnologyAnnualActivityLowerLimit,BAU,RD,PPAFOI,,,,2037,,,,,,4.0223
TotalTechnologyAnnualActivityLowerLimit,BAU,RD,PPAFOI,,,,2038,,,,,,4.0223
TotalTechnologyAnnualActivityLowerLimit,BAU,RD,PPAFOI,,,,2039,,,,,,4.0223
TotalTechnologyAnnualActivityLowerLimit,BAU,RD,PPAFOI,,,,2040,,,,,,4.0223
TotalTechnologyAnnualActivityLowerLimit,BAU,RD,PPAFOI,,,,2041,,,,,,4.0223
TotalTechnologyAnnualActivityLowerLimit,BAU,RD,PPAFOI,,,,2042,,,,,,4.0223
TotalTechnologyAnnualActivityLowerLimit,BAU,RD,PPAFOI,,,,2043,,,,,,4.0223
TotalTechnologyAnnualActivityLowerLimit,BAU,RD,PPAFOI,,,,2044,,,,,,4.0223
TotalTechnologyAnnualActivityLowerLimit,BAU,RD,PPAFOI,,,,2045,,,,,,4.0223
TotalTechnologyAnnualActivityLowerLimit,BAU,RD,PPAFOI,,,,2046,,,,,,4.0223
TotalTechnologyAnnualActivityLowerLimit,BAU,RD,PPAFOI,,,,2047,,,,,,4.0223
TotalTechnologyAnnualActivityLowerLimit,BAU,RD,PPAFOI,,,,2048,,,,,,4.0223
TotalTechnologyAnnualActivityLowerLimit,BAU,RD,PPAFOI,,,,2049,,,,,,4.0223
TotalTechnologyAnnualActivityLowerLimit,BAU,RD,PPAFOI,,,,2050,,,,,,4.0223
TotalTechnologyAnnualActivityLowerLimit,BAU,RD,PPANGS,,,,2018,,,,,,0.2296
TotalTechnologyAnnualActivityLowerLimit,BAU,RD,PPANGS,,,,2019,,,,,,1.4561
TotalTechnologyAnnualActivityLowerLimit,BAU,RD,PPANGS,,,,2020,,,,,,1.1502
TotalTechnologyAnnualActivityLowerLimit,BAU,RD,PPANGS,,,,2021,,,,,,1.2958
TotalTechnologyAnnualActivityLowerLimit,BAU,RD,PPANGS,,,,2022,,,,,,2.1664
TotalTechnologyAnnualActivityLowerLimit,BAU,RD,PPANGS,,,,2023,,,,,,2.1664
TotalTechnologyAnnualActivityLowerLimit,BAU,RD,PPANGS,,,,2024,,,,,,2.1664
TotalTechnologyAnnualActivityLowerLimit,BAU,RD,PPANGS,,,,2025,,,,,,2.1664
TotalTechnologyAnnualActivityLowerLimit,BAU,RD,PPANGS,,,,2026,,,,,,2.1664
TotalTechnologyAnnualActivityLowerLimit,BAU,RD,PPANGS,,,,2027,,,,,,2.1664
TotalTechnologyAnnualActivityLowerLimit,BAU,RD,PPANGS,,,,2028,,,,,,2.1664
TotalTechnologyAnnualActivityLowerLimit,BAU,RD,PPANGS,,,,2029,,,,,,2.1664
TotalTechnologyAnnualActivityLowerLimit,BAU,RD,PPANGS,,,,2030,,,,,,2.1664
TotalTechnologyAnnualActivityLowerLimit,BAU,RD,PPANGS,,,,2031,,,,,,2.1664
TotalTechnologyAnnualActivityLowerLimit,BAU,RD,PPANGS,,,,2032,,,,,,2.1664
TotalTechnologyAnnualActivityLowerLimit,BAU,RD,PPANGS,,,,2033,,,,,,2.1664
TotalTechnologyAnnualActivityLowerLimit,BAU,RD,PPANGS,,,,2034,,,,,,2.1664
TotalTechnologyAnnualActivityLowerLimit,BAU,RD,PPANGS,,,,2035,,,,,,2.1664
TotalTechnologyAnnualActivityLowerLimit,BAU,RD,PPANGS,,,,2036,,,,,,2.1664
TotalTechnologyAnnualActivityLowerLimit,BAU,RD,PPANGS,,,,2037,,,,,,2.1664
TotalTechnologyAnnualActivityLowerLimit,BAU,RD,PPANGS,,,,2038,,,,,,2.1664
TotalTechnologyAnnualActivityLowerLimit,BAU,RD,PPANGS,,,,2039,,,,,,2.1664
TotalTechnologyAnnualActivityLowerLimit,BAU,RD,PPANGS,,,,2040,,,,,,2.1664
TotalTechnologyAnnualActivityLowerLimit,BAU,RD,PPANGS,,,,2041,,,,,,2.1664
TotalTechnologyAnnualActivityLowerLimit,BAU,RD,PPANGS,,,,2042,,,,,,2.1664
TotalTechnologyAnnualActivityLowerLimit,BAU,RD,PPANGS,,,,2043,,,,,,2.1664
TotalTechnologyAnnualActivityLowerLimit,BAU,RD,PPANGS,,,,2044,,,,,,2.1664
TotalTechnologyAnnualActivityLowerLimit,BAU,RD,PPANGS,,,,2045,,,,,,2.1664
TotalTechnologyAnnualActivityLowerLimit,BAU,RD,PPANGS,,,,2046,,,,,,2.1664
TotalTechnologyAnnualActivityLowerLimit,BAU,RD,PPANGS,,,,2047,,,,,,2.1664
TotalTechnologyAnnualActivityLowerLimit,BAU,RD,PPANGS,,,,2048,,,,,,2.1664
TotalTechnologyAnnualActivityLowerLimit,BAU,RD,PPANGS,,,,2049,,,,,,2.1664
TotalTechnologyAnnualActivityLowerLimit,BAU,RD,PPANGS,,,,2050,,,,,,2.1664
TotalTechnologyAnnualActivityLowerLimit,BAU,RD,PPDBGS,,,,2018,,,,,,0.0554
TotalTechnologyAnnualActivityLowerLimit,BAU,RD,PPDBGS,,,,2019,,,,,,0.0554
TotalTechnologyAnnualActivityLowerLimit,BAU,RD,PPDBGS,,,,2020,,,,,,0.0554
TotalTechnologyAnnualActivityLowerLimit,BAU,RD,PPDBGS,,,,2021,,,,,,0.0554
TotalTechnologyAnnualActivityLowerLimit,BAU,RD,PPDBGS,,,,2022,,,,,,0.0554
TotalTechnologyAnnualActivityLowerLimit,BAU,RD,PPDBGS,,,,2023,,,,,,0.0554
TotalTechnologyAnnualActivityLowerLimit,BAU,RD,PPDBGS,,,,2024,,,,,,0.0554
TotalTechnologyAnnualActivityLowerLimit,BAU,RD,PPDBGS,,,,2025,,,,,,0.0554
TotalTechnologyAnnualActivityLowerLimit,BAU,RD,PPDBGS,,,,2026,,,,,,0.0554
TotalTechnologyAnnualActivityLowerLimit,BAU,RD,PPDBGS,,,,2027,,,,,,0.0554
TotalTechnologyAnnualActivityLowerLimit,BAU,RD,PPDBGS,,,,2028,,,,,,0.0554
TotalTechnologyAnnualActivityLowerLimit,BAU,RD,PPDBGS,,,,2029,,,,,,0.0554
TotalTechnologyAnnualActivityLowerLimit,BAU,RD,PPDBGS,,,,2030,,,,,,0.0554
TotalTechnologyAnnualActivityLowerLimit,BAU,RD,PPDBGS,,,,2031,,,,,,0.0554
TotalTechnologyAnnualActivityLowerLimit,BAU,RD,PPDBGS,,,,2032,,,,,,0.0554
TotalTechnologyAnnualActivityLowerLimit,BAU,RD,PPDBGS,,,,2033,,,,,,0.0554
TotalTechnologyAnnualActivityLowerLimit,BAU,RD,PPDBGS,,,,2034,,,,,,0.0554
TotalTechnologyAnnualActivityLowerLimit,BAU,RD,PPDBGS,,,,2035,,,,,,0.0554
TotalTechnologyAnnualActivityLowerLimit,BAU,RD,PPDBGS,,,,2036,,,,,,0.0554
TotalTechnologyAnnualActivityLowerLimit,BAU,RD,PPDBGS,,,,2037,,,,,,0.0554
TotalTechnologyAnnualActivityLowerLimit,BAU,RD,PPDBGS,,,,2038,,,,,,0.0554
TotalTechnologyAnnualActivityLowerLimit,BAU,RD,PPDBGS,,,,2039,,,,,,0.0554
TotalTechnologyAnnualActivityLowerLimit,BAU,RD,PPDBGS,,,,2040,,,,,,0.0554
TotalTechnologyAnnualActivityLowerLimit,BAU,RD,PPDBGS,,,,2041,,,,,,0.0554
TotalTechnologyAnnualActivityLowerLimit,BAU,RD,PPDBGS,,,,2042,,,,,,0.0554
TotalTechnologyAnnualActivityLowerLimit,BAU,RD,PPDBGS,,,,2043,,,,,,0.0554
TotalTechnologyAnnualActivityLowerLimit,BAU,RD,PPDBGS,,,,2044,,,,,,0.0554
TotalTechnologyAnnualActivityLowerLimit,BAU,RD,PPDBGS,,,,2045,,,,,,0.0554
TotalTechnologyAnnualActivityLowerLimit,BAU,RD,PPDBGS,,,,2046,,,,,,0.0554
TotalTechnologyAnnualActivityLowerLimit,BAU,RD,PPDBGS,,,,2047,,,,,,0.0554
TotalTechnologyAnnualActivityLowerLimit,BAU,RD,PPDBGS,,,,2048,,,,,,0.0554
TotalTechnologyAnnualActivityLowerLimit,BAU,RD,PPDBGS,,,,2049,,,,,,0.0554
TotalTechnologyAnnualActivityLowerLimit,BAU,RD,PPDBGS,,,,2050,,,,,,0.0554
TotalTechnologyAnnualActivityLowerLimit,BAU,RD,PPDDSL,,,,2018,,,,,,6.8593
TotalTechnologyAnnualActivityLowerLimit,BAU,RD,PPDDSL,,,,2019,,,,,,7.0223
TotalTechnologyAnnualActivityLowerLimit,BAU,RD,PPDDSL,,,,2020,,,,,,3.2578
TotalTechnologyAnnualActivityLowerLimit,BAU,RD,PPDDSL,,,,2021,,,,,,3.5431
TotalTechnologyAnnualActivityLowerLimit,BAU,RD,PPDDSL,,,,2022,,,,,,3.2685
TotalTechnologyAnnualActivityLowerLimit,BAU,RD,PPDDSL,,,,2023,,,,,,3.2685
TotalTechnologyAnnualActivityLowerLimit,BAU,RD,PPDDSL,,,,2024,,,,,,3.2685
TotalTechnologyAnnualActivityLowerLimit,BAU,RD,PPDDSL,,,,2025,,,,,,3.2685
TotalTechnologyAnnualActivityLowerLimit,BAU,RD,PPDDSL,,,,2026,,,,,,3.2685
TotalTechnologyAnnualActivityLowerLimit,BAU,RD,PPDDSL,,,,2027,,,,,,3.2685
TotalTechnologyAnnualActivityLowerLimit,BAU,RD,PPDDSL,,,,2028,,,,,,3.2685
TotalTechnologyAnnualActivityLowerLimit,BAU,RD,PPDDSL,,,,2029,,,,,,3.2685
TotalTechnologyAnnualActivityLowerLimit,BAU,RD,PPDDSL,,,,2030,,,,,,3.2685
TotalTechnologyAnnualActivityLowerLimit,BAU,RD,PPDDSL,,,,2031,,,,,,3.2685
TotalTechnologyAnnualActivityLowerLimit,BAU,RD,PPDDSL,,,,2032,,,,,,3.2685
TotalTechnologyAnnualActivityLowerLimit,BAU,RD,PPDDSL,,,,2033,,,,,,3.2685
TotalTechnologyAnnualActivityLowerLimit,BAU,RD,PPDDSL,,,,2034,,,,,,3.2685
TotalTechnologyAnnualActivityLowerLimit,BAU,RD,PPDDSL,,,,2035,,,,,,3.2685
TotalTechnologyAnnualActivityLowerLimit,BAU,RD,PPDDSL,,,,2036,,,,,,3.2685
TotalTechnologyAnnualActivityLowerLimit,BAU,RD,PPDDSL,,,,2037,,,,,,3.2685
TotalTechnologyAnnualActivityLowerLimit,BAU,RD,PPDDSL,,,,2038,,,,,,3.2685
TotalTechnologyAnnualActivityLowerLimit,BAU,RD,PPDDSL,,,,2039,,,,,,3.2685
TotalTechnologyAnnualActivityLowerLimit,BAU,RD,PPDDSL,,,,2040,,,,,,3.2685
TotalTechnologyAnnualActivityLowerLimit,BAU,RD,PPDDSL,,,,2041,,,,,,3.2685
TotalTechnologyAnnualActivityLowerLimit,BAU,RD,PPDDSL,,,,2042,,,,,,3.2685
TotalTechnologyAnnualActivityLowerLimit,BAU,RD,PPDDSL,,,,2043,,,,,,3.2685
TotalTechnologyAnnualActivityLowerLimit,BAU,RD,PPDDSL,,,,2044,,,,,,3.2685
TotalTechnologyAnnualActivityLowerLimit,BAU,RD,PPDDSL,,,,2045,,,,,,3.2685
TotalTechnologyAnnualActivityLowerLimit,BAU,RD,PPDDSL,,,,2046,,,,,,3.2685
TotalTechnologyAnnualActivityLowerLimit,BAU,RD,PPDDSL,,,,2047,,,,,,3.2685
TotalTechnologyAnnualActivityLowerLimit,BAU,RD,PPDDSL,,,,2048,,,,,,3.2685
TotalTechnologyAnnualActivityLowerLimit,BAU,RD,PPDDSL,,,,2049,,,,,,3.2685
TotalTechnologyAnnualActivityLowerLimit,BAU,RD,PPDDSL,,,,2050,,,,,,3.2685
TotalTechnologyAnnualActivityLowerLimit,BAU,RD,PPDFOI,,,,2018,,,,,,0.3607
TotalTechnologyAnnualActivityLowerLimit,BAU,RD,PPDFOI,,,,2019,,,,,,0.3722
TotalTechnologyAnnualActivityLowerLimit,BAU,RD,PPDFOI,,,,2020,,,,,,0.1972
TotalTechnologyAnnualActivityLowerLimit,BAU,RD,PPDFOI,,,,2021,,,,,,0.1828
TotalTechnologyAnnualActivityLowerLimit,BAU,RD,PPDFOI,,,,2022,,,,,,0.1636
TotalTechnologyAnnualActivityLowerLimit,BAU,RD,PPDFOI,,,,2023,,,,,,0.1636
TotalTechnologyAnnualActivityLowerLimit,BAU,RD,PPDFOI,,,,2024,,,,,,0.1636
TotalTechnologyAnnualActivityLowerLimit,BAU,RD,PPDFOI,,,,2025,,,,,,0.1636
TotalTechnologyAnnualActivityLowerLimit,BAU,RD,PPDFOI,,,,2026,,,,,,0.1636
TotalTechnologyAnnualActivityLowerLimit,BAU,RD,PPDFOI,,,,2027,,,,,,0.1636
TotalTechnologyAnnualActivityLowerLimit,BAU,RD,PPDFOI,,,,2028,,,,,,0.1636
TotalTechnologyAnnualActivityLowerLimit,BAU,RD,PPDFOI,,,,2029,,,,,,0.1636
TotalTechnologyAnnualActivityLowerLimit,BAU,RD,PPDFOI,,,,2030,,,,,,0.1636
TotalTechnologyAnnualActivityLowerLimit,BAU,RD,PPDFOI,,,,2031,,,,,,0.1636
TotalTechnologyAnnualActivityLowerLimit,BAU,RD,PPDFOI,,,,2032,,,,,,0.1636
TotalTechnologyAnnualActivityLowerLimit,BAU,RD,PPDFOI,,,,2033,,,,,,0.1636
TotalTechnologyAnnualActivityLowerLimit,BAU,RD,PPDFOI,,,,2034,,,,,,0.1636
TotalTechnologyAnnualActivityLowerLimit,BAU,RD,PPDFOI,,,,2035,,,,,,0.1636
TotalTechnologyAnnualActivityLowerLimit,BAU,RD,PPDFOI,,,,2036,,,,,,0.1636
TotalTechnologyAnnualActivityLowerLimit,BAU,RD,PPDFOI,,,,2037,,,,,,0.1636
TotalTechnologyAnnualActivityLowerLimit,BAU,RD,PPDFOI,,,,2038,,,,,,0.1636
TotalTechnologyAnnualActivityLowerLimit,BAU,RD,PPDFOI,,,,2039,,,,,,0.1636
TotalTechnologyAnnualActivityLowerLimit,BAU,RD,PPDFOI,,,,2040,,,,,,0.1636
TotalTechnologyAnnualActivityLowerLimit,BAU,RD,PPDFOI,,,,2041,,,,,,0.1636
TotalTechnologyAnnualActivityLowerLimit,BAU,RD,PPDFOI,,,,2042,,,,,,0.1636
TotalTechnologyAnnualActivityLowerLimit,BAU,RD,PPDFOI,,,,2043,,,,,,0.1636
TotalTechnologyAnnualActivityLowerLimit,BAU,RD,PPDFOI,,,,2044,,,,,,0.1636
TotalTechnologyAnnualActivityLowerLimit,BAU,RD,PPDFOI,,,,2045,,,,,,0.1636
TotalTechnologyAnnualActivityLowerLimit,BAU,RD,PPDFOI,,,,2046,,,,,,0.1636
TotalTechnologyAnnualActivityLowerLimit,BAU,RD,PPDFOI,,,,2047,,,,,,0.1636
TotalTechnologyAnnualActivityLowerLimit,BAU,RD,PPDFOI,,,,2048,,,,,,0.1636
TotalTechnologyAnnualActivityLowerLimit,BAU,RD,PPDFOI,,,,2049,,,,,,0.1636
TotalTechnologyAnnualActivityLowerLimit,BAU,RD,PPDFOI,,,,2050,,,,,,0.1636
TotalTechnologyAnnualActivityLowerLimit,BAU,RD,PPDNGS,,,,2018,,,,,,0.0015
TotalTechnologyAnnualActivityLowerLimit,BAU,RD,PPDNGS,,,,2019,,,,,,0.0006
TotalTechnologyAnnualActivityLowerLimit,BAU,RD,PPDNGS,,,,2020,,,,,,0.0
TotalTechnologyAnnualActivityLowerLimit,BAU,RD,PPDNGS,,,,2021,,,,,,0.0
TotalTechnologyAnnualActivityLowerLimit,BAU,RD,PPDNGS,,,,2022,,,,,,0.0
TotalTechnologyAnnualActivityLowerLimit,BAU,RD,PPDNGS,,,,2023,,,,,,0.0
TotalTechnologyAnnualActivityLowerLimit,BAU,RD,PPDNGS,,,,2024,,,,,,0.0
TotalTechnologyAnnualActivityLowerLimit,BAU,RD,PPDNGS,,,,2025,,,,,,0.0
TotalTechnologyAnnualActivityLowerLimit,BAU,RD,PPDNGS,,,,2026,,,,,,0.0
TotalTechnologyAnnualActivityLowerLimit,BAU,RD,PPDNGS,,,,2027,,,,,,0.0
TotalTechnologyAnnualActivityLowerLimit,BAU,RD,PPDNGS,,,,2028,,,,,,0.0
TotalTechnologyAnnualActivityLowerLimit,BAU,RD,PPDNGS,,,,2029,,,,,,0.0
TotalTechnologyAnnualActivityLowerLimit,BAU,RD,PPDNGS,,,,2030,,,,,,0.0
TotalTechnologyAnnualActivityLowerLimit,BAU,RD,PPDNGS,,,,2031,,,,,,0.0
TotalTechnologyAnnualActivityLowerLimit,BAU,RD,PPDNGS,,,,2032,,,,,,0.0
TotalTechnologyAnnualActivityLowerLimit,BAU,RD,PPDNGS,,,,2033,,,,,,0.0
TotalTechnologyAnnualActivityLowerLimit,BAU,RD,PPDNGS,,,,2034,,,,,,0.0
TotalTechnologyAnnualActivityLowerLimit,BAU,RD,PPDNGS,,,,2035,,,,,,0.0
TotalTechnologyAnnualActivityLowerLimit,BAU,RD,PPDNGS,,,,2036,,,,,,0.0
TotalTechnologyAnnualActivityLowerLimit,BAU,RD,PPDNGS,,,,2037,,,,,,0.0
TotalTechnologyAnnualActivityLowerLimit,BAU,RD,PPDNGS,,,,2038,,,,,,0.0
TotalTechnologyAnnualActivityLowerLimit,BAU,RD,PPDNGS,,,,2039,,,,,,0.0
TotalTechnologyAnnualActivityLowerLimit,BAU,RD,PPDNGS,,,,2040,,,,,,0.0
TotalTechnologyAnnualActivityLowerLimit,BAU,RD,PPDNGS,,,,2041,,,,,,0.0
TotalTechnologyAnnualActivityLowerLimit,BAU,RD,PPDNGS,,,,2042,,,,,,0.0
TotalTechnologyAnnualActivityLowerLimit,BAU,RD,PPDNGS,,,,2043,,,,,,0.0
TotalTechnologyAnnualActivityLowerLimit,BAU,RD,PPDNGS,,,,2044,,,,,,0.0
TotalTechnologyAnnualActivityLowerLimit,BAU,RD,PPDNGS,,,,2045,,,,,,0.0
TotalTechnologyAnnualActivityLowerLimit,BAU,RD,PPDNGS,,,,2046,,,,,,0.0
TotalTechnologyAnnualActivityLowerLimit,BAU,RD,PPDNGS,,,,2047,,,,,,0.0
TotalTechnologyAnnualActivityLowerLimit,BAU,RD,PPDNGS,,,,2048,,,,,,0.0
TotalTechnologyAnnualActivityLowerLimit,BAU,RD,PPDNGS,,,,2049,,,,,,0.0
TotalTechnologyAnnualActivityLowerLimit,BAU,RD,PPDNGS,,,,2050,,,,,,0.0
TotalTechnologyAnnualActivityLowerLimit,BAU,RD,PPDGSL,,,,2018,,,,,,0.0456
TotalTechnologyAnnualActivityLowerLimit,BAU,RD,PPDGSL,,,,2019,,,,,,0.0555
TotalTechnologyAnnualActivityLowerLimit,BAU,RD,PPDGSL,,,,2020,,,,,,0.0536
TotalTechnologyAnnualActivityLowerLimit,BAU,RD,PPDGSL,,,,2021,,,,,,0.0559
TotalTechnologyAnnualActivityLowerLimit,BAU,RD,PPDGSL,,,,2022,,,,,,0.0568
TotalTechnologyAnnualActivityLowerLimit,BAU,RD,PPDGSL,,,,2023,,,,,,0.0614
TotalTechnologyAnnualActivityLowerLimit,BAU,RD,PPDGSL,,,,2024,,,,,,0.0614
TotalTechnologyAnnualActivityLowerLimit,BAU,RD,PPDGSL,,,,2025,,,,,,0.0614
TotalTechnologyAnnualActivityLowerLimit,BAU,RD,PPDGSL,,,,2026,,,,,,0.0614
TotalTechnologyAnnualActivityLowerLimit,BAU,RD,PPDGSL,,,,2027,,,,,,0.0614
TotalTechnologyAnnualActivityLowerLimit,BAU,RD,PPDGSL,,,,2028,,,,,,0.0614
TotalTechnologyAnnualActivityLowerLimit,BAU,RD,PPDGSL,,,,2029,,,,,,0.0614
TotalTechnologyAnnualActivityLowerLimit,BAU,RD,PPDGSL,,,,2030,,,,,,0.0614
TotalTechnologyAnnualActivityLowerLimit,BAU,RD,PPDGSL,,,,2031,,,,,,0.0614
TotalTechnologyAnnualActivityLowerLimit,BAU,RD,PPDGSL,,,,2032,,,,,,0.0614
TotalTechnologyAnnualActivityLowerLimit,BAU,RD,PPDGSL,,,,2033,,,,,,0.0614
TotalTechnologyAnnualActivityLowerLimit,BAU,RD,PPDGSL,,,,2034,,,,,,0.0614
TotalTechnologyAnnualActivityLowerLimit,BAU,RD,PPDGSL,,,,2035,,,,,,0.0614
TotalTechnologyAnnualActivityLowerLimit,BAU,RD,PPDGSL,,,,2036,,,,,,0.0614
TotalTechnologyAnnualActivityLowerLimit,BAU,RD,PPDGSL,,,,2037,,,,,,0.0614
TotalTechnologyAnnualActivityLowerLimit,BAU,RD,PPDGSL,,,,2038,,,,,,0.0614
TotalTechnologyAnnualActivityLowerLimit,BAU,RD,PPDGSL,,,,2039,,,,,,0.0614
TotalTechnologyAnnualActivityLowerLimit,BAU,RD,PPDGSL,,,,2040,,,,,,0.0614
TotalTechnologyAnnualActivityLowerLimit,BAU,RD,PPDGSL,,,,2041,,,,,,0.0614
TotalTechnologyAnnualActivityLowerLimit,BAU,RD,PPDGSL,,,,2042,,,,,,0.0614
TotalTechnologyAnnualActivityLowerLimit,BAU,RD,PPDGSL,,,,2043,,,,,,0.0614
TotalTechnologyAnnualActivityLowerLimit,BAU,RD,PPDGSL,,,,2044,,,,,,0.0614
TotalTechnologyAnnualActivityLowerLimit,BAU,RD,PPDGSL,,,,2045,,,,,,0.0614
TotalTechnologyAnnualActivityLowerLimit,BAU,RD,PPDGSL,,,,2046,,,,,,0.0614
TotalTechnologyAnnualActivityLowerLimit,BAU,RD,PPDGSL,,,,2047,,,,,,0.0614
TotalTechnologyAnnualActivityLowerLimit,BAU,RD,PPDGSL,,,,2048,,,,,,0.0614
TotalTechnologyAnnualActivityLowerLimit,BAU,RD,PPDGSL,,,,2049,,,,,,0.0614
TotalTechnologyAnnualActivityLowerLimit,BAU,RD,PPDGSL,,,,2050,,,,,,0.0614
TotalTechnologyAnnualActivityLowerLimit,BAU,RD,PPDGLP,,,,2018,,,,,,0.0028
TotalTechnologyAnnualActivityLowerLimit,BAU,RD,PPDGLP,,,,2019,,,,,,0.0029
TotalTechnologyAnnualActivityLowerLimit,BAU,RD,PPDGLP,,,,2020,,,,,,0.0024
TotalTechnologyAnnualActivityLowerLimit,BAU,RD,PPDGLP,,,,2021,,,,,,0.0027
TotalTechnologyAnnualActivityLowerLimit,BAU,RD,PPDGLP,,,,2022,,,,,,0.0029
TotalTechnologyAnnualActivityLowerLimit,BAU,RD,PPDGLP,,,,2023,,,,,,0.003
TotalTechnologyAnnualActivityLowerLimit,BAU,RD,PPDGLP,,,,2024,,,,,,0.003
TotalTechnologyAnnualActivityLowerLimit,BAU,RD,PPDGLP,,,,2025,,,,,,0.003
TotalTechnologyAnnualActivityLowerLimit,BAU,RD,PPDGLP,,,,2026,,,,,,0.003
TotalTechnologyAnnualActivityLowerLimit,BAU,RD,PPDGLP,,,,2027,,,,,,0.003
TotalTechnologyAnnualActivityLowerLimit,BAU,RD,PPDGLP,,,,2028,,,,,,0.003
TotalTechnologyAnnualActivityLowerLimit,BAU,RD,PPDGLP,,,,2029,,,,,,0.003
TotalTechnologyAnnualActivityLowerLimit,BAU,RD,PPDGLP,,,,2030,,,,,,0.003
TotalTechnologyAnnualActivityLowerLimit,BAU,RD,PPDGLP,,,,2031,,,,,,0.003
TotalTechnologyAnnualActivityLowerLimit,BAU,RD,PPDGLP,,,,2032,,,,,,0.003
TotalTechnologyAnnualActivityLowerLimit,BAU,RD,PPDGLP,,,,2033,,,,,,0.003
TotalTechnologyAnnualActivityLowerLimit,BAU,RD,PPDGLP,,,,2034,,,,,,0.003
TotalTechnologyAnnualActivityLowerLimit,BAU,RD,PPDGLP,,,,2035,,,,,,0.003
TotalTechnologyAnnualActivityLowerLimit,BAU,RD,PPDGLP,,,,2036,,,,,,0.003
TotalTechnologyAnnualActivityLowerLimit,BAU,RD,PPDGLP,,,,2037,,,,,,0.003
TotalTechnologyAnnualActivityLowerLimit,BAU,RD,PPDGLP,,,,2038,,,,,,0.003
TotalTechnologyAnnualActivityLowerLimit,BAU,RD,PPDGLP,,,,2039,,,,,,0.003
TotalTechnologyAnnualActivityLowerLimit,BAU,RD,PPDGLP,,,,2040,,,,,,0.003
TotalTechnologyAnnualActivityLowerLimit,BAU,RD,PPDGLP,,,,2041,,,,,,0.003
TotalTechnologyAnnualActivityLowerLimit,BAU,RD,PPDGLP,,,,2042,,,,,,0.003
TotalTechnologyAnnualActivityLowerLimit,BAU,RD,PPDGLP,,,,2043,,,,,,0.003
TotalTechnologyAnnualActivityLowerLimit,BAU,RD,PPDGLP,,,,2044,,,,,,0.003
TotalTechnologyAnnualActivityLowerLimit,BAU,RD,PPDGLP,,,,2045,,,,,,0.003
TotalTechnologyAnnualActivityLowerLimit,BAU,RD,PPDGLP,,,,2046,,,,,,0.003
TotalTechnologyAnnualActivityLowerLimit,BAU,RD,PPDGLP,,,,2047,,,,,,0.003
TotalTechnologyAnnualActivityLowerLimit,BAU,RD,PPDGLP,,,,2048,,,,,,0.003
TotalTechnologyAnnualActivityLowerLimit,BAU,RD,PPDGLP,,,,2049,,,,,,0.003
TotalTechnologyAnnualActivityLowerLimit,BAU,RD,PPDGLP,,,,2050,,,,,,0.003
TotalTechnologyAnnualActivityLowerLimit,BAU,RD,PPDBIM,,,,2018,,,,,,0.2282
TotalTechnologyAnnualActivityLowerLimit,BAU,RD,PPDBIM,,,,2019,,,,,,0.2437
TotalTechnologyAnnualActivityLowerLimit,BAU,RD,PPDBIM,,,,2020,,,,,,0.2126
TotalTechnologyAnnualActivityLowerLimit,BAU,RD,PPDBIM,,,,2021,,,,,,0.2292
TotalTechnologyAnnualActivityLowerLimit,BAU,RD,PPDBIM,,,,2022,,,,,,0.2479
TotalTechnologyAnnualActivityLowerLimit,BAU,RD,PPDBIM,,,,2023,,,,,,0.2531
TotalTechnologyAnnualActivityLowerLimit,BAU,RD,PPDBIM,,,,2024,,,,,,0.2531
TotalTechnologyAnnualActivityLowerLimit,BAU,RD,PPDBIM,,,,2025,,,,,,0.2531
TotalTechnologyAnnualActivityLowerLimit,BAU,RD,PPDBIM,,,,2026,,,,,,0.2531
TotalTechnologyAnnualActivityLowerLimit,BAU,RD,PPDBIM,,,,2027,,,,,,0.2531
TotalTechnologyAnnualActivityLowerLimit,BAU,RD,PPDBIM,,,,2028,,,,,,0.2531
TotalTechnologyAnnualActivityLowerLimit,BAU,RD,PPDBIM,,,,2029,,,,,,0.2531
TotalTechnologyAnnualActivityLowerLimit,BAU,RD,PPDBIM,,,,2030,,,,,,0.2531
TotalTechnologyAnnualActivityLowerLimit,BAU,RD,PPDBIM,,,,2031,,,,,,0.2531
TotalTechnologyAnnualActivityLowerLimit,BAU,RD,PPDBIM,,,,2032,,,,,,0.2531
TotalTechnologyAnnualActivityLowerLimit,BAU,RD,PPDBIM,,,,2033,,,,,,0.2531
TotalTechnologyAnnualActivityLowerLimit,BAU,RD,PPDBIM,,,,2034,,,,,,0.2531
TotalTechnologyAnnualActivityLowerLimit,BAU,RD,PPDBIM,,,,2035,,,,,,0.2531
TotalTechnologyAnnualActivityLowerLimit,BAU,RD,PPDBIM,,,,2036,,,,,,0.2531
TotalTechnologyAnnualActivityLowerLimit,BAU,RD,PPDBIM,,,,2037,,,,,,0.2531
TotalTechnologyAnnualActivityLowerLimit,BAU,RD,PPDBIM,,,,2038,,,,,,0.2531
TotalTechnologyAnnualActivityLowerLimit,BAU,RD,PPDBIM,,,,2039,,,,,,0.2531
TotalTechnologyAnnualActivityLowerLimit,BAU,RD,PPDBIM,,,,2040,,,,,,0.2531
TotalTechnologyAnnualActivityLowerLimit,BAU,RD,PPDBIM,,,,2041,,,,,,0.2531
TotalTechnologyAnnualActivityLowerLimit,BAU,RD,PPDBIM,,,,2042,,,,,,0.2531
TotalTechnologyAnnualActivityLowerLimit,BAU,RD,PPDBIM,,,,2043,,,,,,0.2531
TotalTechnologyAnnualActivityLowerLimit,BAU,RD,PPDBIM,,,,2044,,,,,,0.2531
TotalTechnologyAnnualActivityLowerLimit,BAU,RD,PPDBIM,,,,2045,,,,,,0.2531
TotalTechnologyAnnualActivityLowerLimit,BAU,RD,PPDBIM,,,,2046,,,,,,0.2531
TotalTechnologyAnnualActivityLowerLimit,BAU,RD,PPDBIM,,,,2047,,,,,,0.2531
TotalTechnologyAnnualActivityLowerLimit,BAU,RD,PPDBIM,,,,2048,,,,,,0.2531
TotalTechnologyAnnualActivityLowerLimit,BAU,RD,PPDBIM,,,,2049,,,,,,0.2531
TotalTechnologyAnnualActivityLowerLimit,BAU,RD,PPDBIM,,,,2050,,,,,,0.2531
TotalTechnologyAnnualActivityLowerLimit,BAU,RD,TRAUTDSL,,,,2018,,,,,,0.3305
TotalTechnologyAnnualActivityLowerLimit,BAU,RD,TRAUTDSL,,,,2019,,,,,,0.3479
TotalTechnologyAnnualActivityLowerLimit,BAU,RD,TRAUTDSL,,,,2020,,,,,,0.3217
TotalTechnologyAnnualActivityLowerLimit,BAU,RD,TRAUTDSL,,,,2021,,,,,,0.3631
TotalTechnologyAnnualActivityLowerLimit,BAU,RD,TRAUTDSL,,,,2022,,,,,,0.3863
TotalTechnologyAnnualActivityLowerLimit,BAU,RD,TRAUTDSL,,,,2023,,,,,,0.392
TotalTechnologyAnnualActivityLowerLimit,BAU,RD,TRAUTDSL,,,,2024,,,,,,0.4047
TotalTechnologyAnnualActivityLowerLimit,BAU,RD,TRAUTDSL,,,,2025,,,,,,0.4173
TotalTechnologyAnnualActivityLowerLimit,BAU,RD,TRAUTDSL,,,,2026,,,,,,0.4292
TotalTechnologyAnnualActivityLowerLimit,BAU,RD,TRAUTDSL,,,,2027,,,,,,0.4413
TotalTechnologyAnnualActivityLowerLimit,BAU,RD,TRAUTDSL,,,,2028,,,,,,0.4541
TotalTechnologyAnnualActivityLowerLimit,BAU,RD,TRAUTDSL,,,,2029,,,,,,0.4664
TotalTechnologyAnnualActivityLowerLimit,BAU,RD,TRAUTDSL,,,,2030,,,,,,0.4786
TotalTechnologyAnnualActivityLowerLimit,BAU,RD,TRAUTDSL,,,,2031,,,,,,0.4897
TotalTechnologyAnnualActivityLowerLimit,BAU,RD,TRAUTDSL,,,,2032,,,,,,0.5009
TotalTechnologyAnnualActivityLowerLimit,BAU,RD,TRAUTDSL,,,,2033,,,,,,0.5123
TotalTechnologyAnnualActivityLowerLimit,BAU,RD,TRAUTDSL,,,,2034,,,,,,0.524
TotalTechnologyAnnualActivityLowerLimit,BAU,RD,TRAUTDSL,,,,2035,,,,,,0.5358
TotalTechnologyAnnualActivityLowerLimit,BAU,RD,TRAUTDSL,,,,2036,,,,,,0.5458
TotalTechnologyAnnualActivityLowerLimit,BAU,RD,TRAUTDSL,,,,2037,,,,,,0.5559
TotalTechnologyAnnualActivityLowerLimit,BAU,RD,TRAUTDSL,,,,2038,,,,,,0.5661
TotalTechnologyAnnualActivityLowerLimit,BAU,RD,TRAUTDSL,,,,2039,,,,,,0.5765
TotalTechnologyAnnualActivityLowerLimit,BAU,RD,TRAUTDSL,,,,2040,,,,,,0.5871
TotalTechnologyAnnualActivityLowerLimit,BAU,RD,TRAUTDSL,,,,2041,,,,,,0.5956
TotalTechnologyAnnualActivityLowerLimit,BAU,RD,TRAUTDSL,,,,2042,,,,,,0.6043
TotalTechnologyAnnualActivityLowerLimit,BAU,RD,TRAUTDSL,,,,2043,,,,,,0.613
TotalTechnologyAnnualActivityLowerLimit,BAU,RD,TRAUTDSL,,,,2044,,,,,,0.6219
TotalTechnologyAnnualActivityLowerLimit,BAU,RD,TRAUTDSL,,,,2045,,,,,,0.6308
TotalTechnologyAnnualActivityLowerLimit,BAU,RD,TRAUTDSL,,,,2046,,,,,,0.6377
TotalTechnologyAnnualActivityLowerLimit,BAU,RD,TRAUTDSL,,,,2047,,,,,,0.6447
TotalTechnologyAnnualActivityLowerLimit,BAU,RD,TRAUTDSL,,,,2048,,,,,,0.6518
TotalTechnologyAnnualActivityLowerLimit,BAU,RD,TRAUTDSL,,,,2049,,,,,,0.6589
TotalTechnologyAnnualActivityLowerLimit,BAU,RD,TRAUTDSL,,,,2050,,,,,,0.6661
TotalTechnologyAnnualActivityLowerLimit,BAU,RD,TRAUTGSL,,,,2018,,,,,,4.6266
TotalTechnologyAnnualActivityLowerLimit,BAU,RD,TRAUTGSL,,,,2019,,,,,,4.8015
TotalTechnologyAnnualActivityLowerLimit,BAU,RD,TRAUTGSL,,,,2020,,,,,,4.4389
TotalTechnologyAnnualActivityLowerLimit,BAU,RD,TRAUTGSL,,,,2021,,,,,,5.0114
TotalTechnologyAnnualActivityLowerLimit,BAU,RD,TRAUTGSL,,,,2022,,,,,,5.3315
TotalTechnologyAnnualActivityLowerLimit,BAU,RD,TRAUTGSL,,,,2023,,,,,,5.4102
TotalTechnologyAnnualActivityLowerLimit,BAU,RD,TRAUTGSL,,,,2024,,,,,,5.5846
TotalTechnologyAnnualActivityLowerLimit,BAU,RD,TRAUTGSL,,,,2025,,,,,,5.7591
TotalTechnologyAnnualActivityLowerLimit,BAU,RD,TRAUTGSL,,,,2026,,,,,,5.9236
TotalTechnologyAnnualActivityLowerLimit,BAU,RD,TRAUTGSL,,,,2027,,,,,,6.0903
TotalTechnologyAnnualActivityLowerLimit,BAU,RD,TRAUTGSL,,,,2028,,,,,,6.2667
TotalTechnologyAnnualActivityLowerLimit,BAU,RD,TRAUTGSL,,,,2029,,,,,,6.4363
TotalTechnologyAnnualActivityLowerLimit,BAU,RD,TRAUTGSL,,,,2030,,,,,,6.6047
TotalTechnologyAnnualActivityLowerLimit,BAU,RD,TRAUTGSL,,,,2031,,,,,,6.7573
TotalTechnologyAnnualActivityLowerLimit,BAU,RD,TRAUTGSL,,,,2032,,,,,,6.9125
TotalTechnologyAnnualActivityLowerLimit,BAU,RD,TRAUTGSL,,,,2033,,,,,,7.0703
TotalTechnologyAnnualActivityLowerLimit,BAU,RD,TRAUTGSL,,,,2034,,,,,,7.2309
TotalTechnologyAnnualActivityLowerLimit,BAU,RD,TRAUTGSL,,,,2035,,,,,,7.3942
TotalTechnologyAnnualActivityLowerLimit,BAU,RD,TRAUTGSL,,,,2036,,,,,,7.5318
TotalTechnologyAnnualActivityLowerLimit,BAU,RD,TRAUTGSL,,,,2037,,,,,,7.6714
TotalTechnologyAnnualActivityLowerLimit,BAU,RD,TRAUTGSL,,,,2038,,,,,,7.8128
TotalTechnologyAnnualActivityLowerLimit,BAU,RD,TRAUTGSL,,,,2039,,,,,,7.9563
TotalTechnologyAnnualActivityLowerLimit,BAU,RD,TRAUTGSL,,,,2040,,,,,,8.1017
TotalTechnologyAnnualActivityLowerLimit,BAU,RD,TRAUTGSL,,,,2041,,,,,,8.2198
TotalTechnologyAnnualActivityLowerLimit,BAU,RD,TRAUTGSL,,,,2042,,,,,,8.3392
TotalTechnologyAnnualActivityLowerLimit,BAU,RD,TRAUTGSL,,,,2043,,,,,,8.4599
TotalTechnologyAnnualActivityLowerLimit,BAU,RD,TRAUTGSL,,,,2044,,,,,,8.5819
TotalTechnologyAnnualActivityLowerLimit,BAU,RD,TRAUTGSL,,,,2045,,,,,,8.7052
TotalTechnologyAnnualActivityLowerLimit,BAU,RD,TRAUTGSL,,,,2046,,,,,,8.8009
TotalTechnologyAnnualActivityLowerLimit,BAU,RD,TRAUTGSL,,,,2047,,,,,,8.8974
TotalTechnologyAnnualActivityLowerLimit,BAU,RD,TRAUTGSL,,,,2048,,,,,,8.9947
TotalTechnologyAnnualActivityLowerLimit,BAU,RD,TRAUTGSL,,,,2049,,,,,,9.0928
TotalTechnologyAnnualActivityLowerLimit,BAU,RD,TRAUTGSL,,,,2050,,,,,,9.1918
TotalTechnologyAnnualActivityLowerLimit,BAU,RD,TRAUTLPG,,,,2018,,,,,,1.4541
TotalTechnologyAnnualActivityLowerLimit,BAU,RD,TRAUTLPG,,,,2019,,,,,,1.5309
TotalTechnologyAnnualActivityLowerLimit,BAU,RD,TRAUTLPG,,,,2020,,,,,,1.4153
TotalTechnologyAnnualActivityLowerLimit,BAU,RD,TRAUTLPG,,,,2021,,,,,,1.5978
TotalTechnologyAnnualActivityLowerLimit,BAU,RD,TRAUTLPG,,,,2022,,,,,,1.6999
TotalTechnologyAnnualActivityLowerLimit,BAU,RD,TRAUTLPG,,,,2023,,,,,,1.725
TotalTechnologyAnnualActivityLowerLimit,BAU,RD,TRAUTLPG,,,,2024,,,,,,1.7806
TotalTechnologyAnnualActivityLowerLimit,BAU,RD,TRAUTLPG,,,,2025,,,,,,1.8362
TotalTechnologyAnnualActivityLowerLimit,BAU,RD,TRAUTLPG,,,,2026,,,,,,1.8887
TotalTechnologyAnnualActivityLowerLimit,BAU,RD,TRAUTLPG,,,,2027,,,,,,1.9418
TotalTechnologyAnnualActivityLowerLimit,BAU,RD,TRAUTLPG,,,,2028,,,,,,1.9981
TotalTechnologyAnnualActivityLowerLimit,BAU,RD,TRAUTLPG,,,,2029,,,,,,2.0521
TotalTechnologyAnnualActivityLowerLimit,BAU,RD,TRAUTLPG,,,,2030,,,,,,2.1059
TotalTechnologyAnnualActivityLowerLimit,BAU,RD,TRAUTLPG,,,,2031,,,,,,2.1545
TotalTechnologyAnnualActivityLowerLimit,BAU,RD,TRAUTLPG,,,,2032,,,,,,2.204
TotalTechnologyAnnualActivityLowerLimit,BAU,RD,TRAUTLPG,,,,2033,,,,,,2.2543
TotalTechnologyAnnualActivityLowerLimit,BAU,RD,TRAUTLPG,,,,2034,,,,,,2.3055
TotalTechnologyAnnualActivityLowerLimit,BAU,RD,TRAUTLPG,,,,2035,,,,,,2.3576
TotalTechnologyAnnualActivityLowerLimit,BAU,RD,TRAUTLPG,,,,2036,,,,,,2.4014
TotalTechnologyAnnualActivityLowerLimit,BAU,RD,TRAUTLPG,,,,2037,,,,,,2.4459
TotalTechnologyAnnualActivityLowerLimit,BAU,RD,TRAUTLPG,,,,2038,,,,,,2.491
TotalTechnologyAnnualActivityLowerLimit,BAU,RD,TRAUTLPG,,,,2039,,,,,,2.5368
TotalTechnologyAnnualActivityLowerLimit,BAU,RD,TRAUTLPG,,,,2040,,,,,,2.5832
TotalTechnologyAnnualActivityLowerLimit,BAU,RD,TRAUTLPG,,,,2041,,,,,,2.6208
TotalTechnologyAnnualActivityLowerLimit,BAU,RD,TRAUTLPG,,,,2042,,,,,,2.6589
TotalTechnologyAnnualActivityLowerLimit,BAU,RD,TRAUTLPG,,,,2043,,,,,,2.6974
TotalTechnologyAnnualActivityLowerLimit,BAU,RD,TRAUTLPG,,,,2044,,,,,,2.7362
TotalTechnologyAnnualActivityLowerLimit,BAU,RD,TRAUTLPG,,,,2045,,,,,,2.7756
TotalTechnologyAnnualActivityLowerLimit,BAU,RD,TRAUTLPG,,,,2046,,,,,,2.8061
TotalTechnologyAnnualActivityLowerLimit,BAU,RD,TRAUTLPG,,,,2047,,,,,,2.8369
TotalTechnologyAnnualActivityLowerLimit,BAU,RD,TRAUTLPG,,,,2048,,,,,,2.8679
TotalTechnologyAnnualActivityLowerLimit,BAU,RD,TRAUTLPG,,,,2049,,,,,,2.8992
TotalTechnologyAnnualActivityLowerLimit,BAU,RD,TRAUTLPG,,,,2050,,,,,,2.9307
TotalTechnologyAnnualActivityLowerLimit,BAU,RD,TRAUTELE,,,,2018,,,,,,0.1322
TotalTechnologyAnnualActivityLowerLimit,BAU,RD,TRAUTELE,,,,2019,,,,,,0.1392
TotalTechnologyAnnualActivityLowerLimit,BAU,RD,TRAUTELE,,,,2020,,,,,,0.1287
TotalTechnologyAnnualActivityLowerLimit,BAU,RD,TRAUTELE,,,,2021,,,,,,0.1453
TotalTechnologyAnnualActivityLowerLimit,BAU,RD,TRAUTELE,,,,2022,,,,,,0.1545
TotalTechnologyAnnualActivityLowerLimit,BAU,RD,TRAUTELE,,,,2023,,,,,,0.1568
TotalTechnologyAnnualActivityLowerLimit,BAU,RD,TRAUTELE,,,,2024,,,,,,0.1619
TotalTechnologyAnnualActivityLowerLimit,BAU,RD,TRAUTELE,,,,2025,,,,,,0.1669
TotalTechnologyAnnualActivityLowerLimit,BAU,RD,TRAUTELE,,,,2026,,,,,,0.1717
TotalTechnologyAnnualActivityLowerLimit,BAU,RD,TRAUTELE,,,,2027,,,,,,0.1765
TotalTechnologyAnnualActivityLowerLimit,BAU,RD,TRAUTELE,,,,2028,,,,,,0.1816
TotalTechnologyAnnualActivityLowerLimit,BAU,RD,TRAUTELE,,,,2029,,,,,,0.1866
TotalTechnologyAnnualActivityLowerLimit,BAU,RD,TRAUTELE,,,,2030,,,,,,0.1914
TotalTechnologyAnnualActivityLowerLimit,BAU,RD,TRAUTELE,,,,2031,,,,,,0.1959
TotalTechnologyAnnualActivityLowerLimit,BAU,RD,TRAUTELE,,,,2032,,,,,,0.2004
TotalTechnologyAnnualActivityLowerLimit,BAU,RD,TRAUTELE,,,,2033,,,,,,0.2049
TotalTechnologyAnnualActivityLowerLimit,BAU,RD,TRAUTELE,,,,2034,,,,,,0.2096
TotalTechnologyAnnualActivityLowerLimit,BAU,RD,TRAUTELE,,,,2035,,,,,,0.2143
TotalTechnologyAnnualActivityLowerLimit,BAU,RD,TRAUTELE,,,,2036,,,,,,0.2183
TotalTechnologyAnnualActivityLowerLimit,BAU,RD,TRAUTELE,,,,2037,,,,,,0.2224
TotalTechnologyAnnualActivityLowerLimit,BAU,RD,TRAUTELE,,,,2038,,,,,,0.2265
TotalTechnologyAnnualActivityLowerLimit,BAU,RD,TRAUTELE,,,,2039,,,,,,0.2306
TotalTechnologyAnnualActivityLowerLimit,BAU,RD,TRAUTELE,,,,2040,,,,,,0.2348
TotalTechnologyAnnualActivityLowerLimit,BAU,RD,TRAUTELE,,,,2041,,,,,,0.2383
TotalTechnologyAnnualActivityLowerLimit,BAU,RD,TRAUTELE,,,,2042,,,,,,0.2417
TotalTechnologyAnnualActivityLowerLimit,BAU,RD,TRAUTELE,,,,2043,,,,,,0.2452
TotalTechnologyAnnualActivityLowerLimit,BAU,RD,TRAUTELE,,,,2044,,,,,,0.2488
TotalTechnologyAnnualActivityLowerLimit,BAU,RD,TRAUTELE,,,,2045,,,,,,0.2523
TotalTechnologyAnnualActivityLowerLimit,BAU,RD,TRAUTELE,,,,2046,,,,,,0.2551
TotalTechnologyAnnualActivityLowerLimit,BAU,RD,TRAUTELE,,,,2047,,,,,,0.2579
TotalTechnologyAnnualActivityLowerLimit,BAU,RD,TRAUTELE,,,,2048,,,,,,0.2607
TotalTechnologyAnnualActivityLowerLimit,BAU,RD,TRAUTELE,,,,2049,,,,,,0.2636
TotalTechnologyAnnualActivityLowerLimit,BAU,RD,TRAUTELE,,,,2050,,,,,,0.2664
TotalTechnologyAnnualActivityLowerLimit,BAU,RD,TRTAXGSL,,,,2018,,,,,,0.0314
TotalTechnologyAnnualActivityLowerLimit,BAU,RD,TRTAXGSL,,,,2019,,,,,,0.0331
TotalTechnologyAnnualActivityLowerLimit,BAU,RD,TRTAXGSL,,,,2020,,,,,,0.0306
TotalTechnologyAnnualActivityLowerLimit,BAU,RD,TRTAXGSL,,,,2021,,,,,,0.0346
TotalTechnologyAnnualActivityLowerLimit,BAU,RD,TRTAXGSL,,,,2022,,,,,,0.0368
TotalTechnologyAnnualActivityLowerLimit,BAU,RD,TRTAXGSL,,,,2023,,,,,,0.0373
TotalTechnologyAnnualActivityLowerLimit,BAU,RD,TRTAXGSL,,,,2024,,,,,,0.0385
TotalTechnologyAnnualActivityLowerLimit,BAU,RD,TRTAXGSL,,,,2025,,,,,,0.0397
TotalTechnologyAnnualActivityLowerLimit,BAU,RD,TRTAXGSL,,,,2026,,,,,,0.0409
TotalTechnologyAnnualActivityLowerLimit,BAU,RD,TRTAXGSL,,,,2027,,,,,,0.042
TotalTechnologyAnnualActivityLowerLimit,BAU,RD,TRTAXGSL,,,,2028,,,,,,0.0432
TotalTechnologyAnnualActivityLowerLimit,BAU,RD,TRTAXGSL,,,,2029,,,,,,0.0444
TotalTechnologyAnnualActivityLowerLimit,BAU,RD,TRTAXGSL,,,,2030,,,,,,0.0456
TotalTechnologyAnnualActivityLowerLimit,BAU,RD,TRTAXGSL,,,,2031,,,,,,0.0466
TotalTechnologyAnnualActivityLowerLimit,BAU,RD,TRTAXGSL,,,,2032,,,,,,0.0477
TotalTechnologyAnnualActivityLowerLimit,BAU,RD,TRTAXGSL,,,,2033,,,,,,0.0488
TotalTechnologyAnnualActivityLowerLimit,BAU,RD,TRTAXGSL,,,,2034,,,,,,0.0499
TotalTechnologyAnnualActivityLowerLimit,BAU,RD,TRTAXGSL,,,,2035,,,,,,0.051
TotalTechnologyAnnualActivityLowerLimit,BAU,RD,TRTAXGSL,,,,2036,,,,,,0.052
TotalTechnologyAnnualActivityLowerLimit,BAU,RD,TRTAXGSL,,,,2037,,,,,,0.0529
TotalTechnologyAnnualActivityLowerLimit,BAU,RD,TRTAXGSL,,,,2038,,,,,,0.0539
TotalTechnologyAnnualActivityLowerLimit,BAU,RD,TRTAXGSL,,,,2039,,,,,,0.0549
TotalTechnologyAnnualActivityLowerLimit,BAU,RD,TRTAXGSL,,,,2040,,,,,,0.0559
TotalTechnologyAnnualActivityLowerLimit,BAU,RD,TRTAXGSL,,,,2041,,,,,,0.0567
TotalTechnologyAnnualActivityLowerLimit,BAU,RD,TRTAXGSL,,,,2042,,,,,,0.0575
TotalTechnologyAnnualActivityLowerLimit,BAU,RD,TRTAXGSL,,,,2043,,,,,,0.0584
TotalTechnologyAnnualActivityLowerLimit,BAU,RD,TRTAXGSL,,,,2044,,,,,,0.0592
TotalTechnologyAnnualActivityLowerLimit,BAU,RD,TRTAXGSL,,,,2045,,,,,,0.0601
TotalTechnologyAnnualActivityLowerLimit,BAU,RD,TRTAXGSL,,,,2046,,,,,,0.0607
TotalTechnologyAnnualActivityLowerLimit,BAU,RD,TRTAXGSL,,,,2047,,,,,,0.0614
TotalTechnologyAnnualActivityLowerLimit,BAU,RD,TRTAXGSL,,,,2048,,,,,,0.0621
TotalTechnologyAnnualActivityLowerLimit,BAU,RD,TRTAXGSL,,,,2049,,,,,,0.0627
TotalTechnologyAnnualActivityLowerLimit,BAU,RD,TRTAXGSL,,,,2050,,,,,,0.0634
TotalTechnologyAnnualActivityLowerLimit,BAU,RD,TRTAXLPG,,,,2018,,,,,,1.5091
TotalTechnologyAnnualActivityLowerLimit,BAU,RD,TRTAXLPG,,,,2019,,,,,,1.59
TotalTechnologyAnnualActivityLowerLimit,BAU,RD,TRTAXLPG,,,,2020,,,,,,1.47
TotalTechnologyAnnualActivityLowerLimit,BAU,RD,TRTAXLPG,,,,2021,,,,,,1.6596
TotalTechnologyAnnualActivityLowerLimit,BAU,RD,TRTAXLPG,,,,2022,,,,,,1.7655
TotalTechnologyAnnualActivityLowerLimit,BAU,RD,TRTAXLPG,,,,2023,,,,,,1.7916
TotalTechnologyAnnualActivityLowerLimit,BAU,RD,TRTAXLPG,,,,2024,,,,,,1.8493
TotalTechnologyAnnualActivityLowerLimit,BAU,RD,TRTAXLPG,,,,2025,,,,,,1.9071
TotalTechnologyAnnualActivityLowerLimit,BAU,RD,TRTAXLPG,,,,2026,,,,,,1.9616
TotalTechnologyAnnualActivityLowerLimit,BAU,RD,TRTAXLPG,,,,2027,,,,,,2.0168
TotalTechnologyAnnualActivityLowerLimit,BAU,RD,TRTAXLPG,,,,2028,,,,,,2.0752
TotalTechnologyAnnualActivityLowerLimit,BAU,RD,TRTAXLPG,,,,2029,,,,,,2.1314
TotalTechnologyAnnualActivityLowerLimit,BAU,RD,TRTAXLPG,,,,2030,,,,,,2.1872
TotalTechnologyAnnualActivityLowerLimit,BAU,RD,TRTAXLPG,,,,2031,,,,,,2.2377
TotalTechnologyAnnualActivityLowerLimit,BAU,RD,TRTAXLPG,,,,2032,,,,,,2.289
TotalTechnologyAnnualActivityLowerLimit,BAU,RD,TRTAXLPG,,,,2033,,,,,,2.3413
TotalTechnologyAnnualActivityLowerLimit,BAU,RD,TRTAXLPG,,,,2034,,,,,,2.3944
TotalTechnologyAnnualActivityLowerLimit,BAU,RD,TRTAXLPG,,,,2035,,,,,,2.4486
TotalTechnologyAnnualActivityLowerLimit,BAU,RD,TRTAXLPG,,,,2036,,,,,,2.4942
TotalTechnologyAnnualActivityLowerLimit,BAU,RD,TRTAXLPG,,,,2037,,,,,,2.5404
TotalTechnologyAnnualActivityLowerLimit,BAU,RD,TRTAXLPG,,,,2038,,,,,,2.5872
TotalTechnologyAnnualActivityLowerLimit,BAU,RD,TRTAXLPG,,,,2039,,,,,,2.6347
TotalTechnologyAnnualActivityLowerLimit,BAU,RD,TRTAXLPG,,,,2040,,,,,,2.6829
TotalTechnologyAnnualActivityLowerLimit,BAU,RD,TRTAXLPG,,,,2041,,,,,,2.722
TotalTechnologyAnnualActivityLowerLimit,BAU,RD,TRTAXLPG,,,,2042,,,,,,2.7615
TotalTechnologyAnnualActivityLowerLimit,BAU,RD,TRTAXLPG,,,,2043,,,,,,2.8015
TotalTechnologyAnnualActivityLowerLimit,BAU,RD,TRTAXLPG,,,,2044,,,,,,2.8419
TotalTechnologyAnnualActivityLowerLimit,BAU,RD,TRTAXLPG,,,,2045,,,,,,2.8827
TotalTechnologyAnnualActivityLowerLimit,BAU,RD,TRTAXLPG,,,,2046,,,,,,2.9144
TotalTechnologyAnnualActivityLowerLimit,BAU,RD,TRTAXLPG,,,,2047,,,,,,2.9463
TotalTechnologyAnnualActivityLowerLimit,BAU,RD,TRTAXLPG,,,,2048,,,,,,2.9786
TotalTechnologyAnnualActivityLowerLimit,BAU,RD,TRTAXLPG,,,,2049,,,,,,3.011
TotalTechnologyAnnualActivityLowerLimit,BAU,RD,TRTAXLPG,,,,2050,,,,,,3.0439
TotalTechnologyAnnualActivityLowerLimit,BAU,RD,TRMOTGSL,,,,2018,,,,,,24.6807
TotalTechnologyAnnualActivityLowerLimit,BAU,RD,TRMOTGSL,,,,2019,,,,,,25.7234
TotalTechnologyAnnualActivityLowerLimit,BAU,RD,TRMOTGSL,,,,2020,,,,,,23.7812
TotalTechnologyAnnualActivityLowerLimit,BAU,RD,TRMOTGSL,,,,2021,,,,,,26.848
TotalTechnologyAnnualActivityLowerLimit,BAU,RD,TRMOTGSL,,,,2022,,,,,,28.5628
TotalTechnologyAnnualActivityLowerLimit,BAU,RD,TRMOTGSL,,,,2023,,,,,,28.9847
TotalTechnologyAnnualActivityLowerLimit,BAU,RD,TRMOTGSL,,,,2024,,,,,,29.9189
TotalTechnologyAnnualActivityLowerLimit,BAU,RD,TRMOTGSL,,,,2025,,,,,,30.8538
TotalTechnologyAnnualActivityLowerLimit,BAU,RD,TRMOTGSL,,,,2026,,,,,,31.7352
TotalTechnologyAnnualActivityLowerLimit,BAU,RD,TRMOTGSL,,,,2027,,,,,,32.6281
TotalTechnologyAnnualActivityLowerLimit,BAU,RD,TRMOTGSL,,,,2028,,,,,,33.5733
TotalTechnologyAnnualActivityLowerLimit,BAU,RD,TRMOTGSL,,,,2029,,,,,,34.4815
TotalTechnologyAnnualActivityLowerLimit,BAU,RD,TRMOTGSL,,,,2030,,,,,,35.3842
TotalTechnologyAnnualActivityLowerLimit,BAU,RD,TRMOTGSL,,,,2031,,,,,,36.2015
TotalTechnologyAnnualActivityLowerLimit,BAU,RD,TRMOTGSL,,,,2032,,,,,,37.0328
TotalTechnologyAnnualActivityLowerLimit,BAU,RD,TRMOTGSL,,,,2033,,,,,,37.8784
TotalTechnologyAnnualActivityLowerLimit,BAU,RD,TRMOTGSL,,,,2034,,,,,,38.7385
TotalTechnologyAnnualActivityLowerLimit,BAU,RD,TRMOTGSL,,,,2035,,,,,,39.6133
TotalTechnologyAnnualActivityLowerLimit,BAU,RD,TRMOTGSL,,,,2036,,,,,,40.3506
TotalTechnologyAnnualActivityLowerLimit,BAU,RD,TRMOTGSL,,,,2037,,,,,,41.0983
TotalTechnologyAnnualActivityLowerLimit,BAU,RD,TRMOTGSL,,,,2038,,,,,,41.8564
TotalTechnologyAnnualActivityLowerLimit,BAU,RD,TRMOTGSL,,,,2039,,,,,,42.625
TotalTechnologyAnnualActivityLowerLimit,BAU,RD,TRMOTGSL,,,,2040,,,,,,43.4042
TotalTechnologyAnnualActivityLowerLimit,BAU,RD,TRMOTGSL,,,,2041,,,,,,44.0367
TotalTechnologyAnnualActivityLowerLimit,BAU,RD,TRMOTGSL,,,,2042,,,,,,44.6764
TotalTechnologyAnnualActivityLowerLimit,BAU,RD,TRMOTGSL,,,,2043,,,,,,45.3229
TotalTechnologyAnnualActivityLowerLimit,BAU,RD,TRMOTGSL,,,,2044,,,,,,45.9764
TotalTechnologyAnnualActivityLowerLimit,BAU,RD,TRMOTGSL,,,,2045,,,,,,46.6371
TotalTechnologyAnnualActivityLowerLimit,BAU,RD,TRMOTGSL,,,,2046,,,,,,47.15
TotalTechnologyAnnualActivityLowerLimit,BAU,RD,TRMOTGSL,,,,2047,,,,,,47.667
TotalTechnologyAnnualActivityLowerLimit,BAU,RD,TRMOTGSL,,,,2048,,,,,,48.1883
TotalTechnologyAnnualActivityLowerLimit,BAU,RD,TRMOTGSL,,,,2049,,,,,,48.714
TotalTechnologyAnnualActivityLowerLimit,BAU,RD,TRMOTGSL,,,,2050,,,,,,49.2439
TotalTechnologyAnnualActivityLowerLimit,BAU,RD,TRMOTELE,,,,2018,,,,,,0.2518
TotalTechnologyAnnualActivityLowerLimit,BAU,RD,TRMOTELE,,,,2019,,,,,,0.2652
TotalTechnologyAnnualActivityLowerLimit,BAU,RD,TRMOTELE,,,,2020,,,,,,0.2452
TotalTechnologyAnnualActivityLowerLimit,BAU,RD,TRMOTELE,,,,2021,,,,,,0.2768
TotalTechnologyAnnualActivityLowerLimit,BAU,RD,TRMOTELE,,,,2022,,,,,,0.2945
TotalTechnologyAnnualActivityLowerLimit,BAU,RD,TRMOTELE,,,,2023,,,,,,0.2988
TotalTechnologyAnnualActivityLowerLimit,BAU,RD,TRMOTELE,,,,2024,,,,,,0.3084
TotalTechnologyAnnualActivityLowerLimit,BAU,RD,TRMOTELE,,,,2025,,,,,,0.3181
TotalTechnologyAnnualActivityLowerLimit,BAU,RD,TRMOTELE,,,,2026,,,,,,0.3272
TotalTechnologyAnnualActivityLowerLimit,BAU,RD,TRMOTELE,,,,2027,,,,,,0.3364
TotalTechnologyAnnualActivityLowerLimit,BAU,RD,TRMOTELE,,,,2028,,,,,,0.3461
TotalTechnologyAnnualActivityLowerLimit,BAU,RD,TRMOTELE,,,,2029,,,,,,0.3555
TotalTechnologyAnnualActivityLowerLimit,BAU,RD,TRMOTELE,,,,2030,,,,,,0.3648
TotalTechnologyAnnualActivityLowerLimit,BAU,RD,TRMOTELE,,,,2031,,,,,,0.3732
TotalTechnologyAnnualActivityLowerLimit,BAU,RD,TRMOTELE,,,,2032,,,,,,0.3818
TotalTechnologyAnnualActivityLowerLimit,BAU,RD,TRMOTELE,,,,2033,,,,,,0.3905
TotalTechnologyAnnualActivityLowerLimit,BAU,RD,TRMOTELE,,,,2034,,,,,,0.3994
TotalTechnologyAnnualActivityLowerLimit,BAU,RD,TRMOTELE,,,,2035,,,,,,0.4084
TotalTechnologyAnnualActivityLowerLimit,BAU,RD,TRMOTELE,,,,2036,,,,,,0.416
TotalTechnologyAnnualActivityLowerLimit,BAU,RD,TRMOTELE,,,,2037,,,,,,0.4237
TotalTechnologyAnnualActivityLowerLimit,BAU,RD,TRMOTELE,,,,2038,,,,,,0.4315
TotalTechnologyAnnualActivityLowerLimit,BAU,RD,TRMOTELE,,,,2039,,,,,,0.4394
TotalTechnologyAnnualActivityLowerLimit,BAU,RD,TRMOTELE,,,,2040,,,,,,0.4475
TotalTechnologyAnnualActivityLowerLimit,BAU,RD,TRMOTELE,,,,2041,,,,,,0.454
TotalTechnologyAnnualActivityLowerLimit,BAU,RD,TRMOTELE,,,,2042,,,,,,0.4606
TotalTechnologyAnnualActivityLowerLimit,BAU,RD,TRMOTELE,,,,2043,,,,,,0.4672
TotalTechnologyAnnualActivityLowerLimit,BAU,RD,TRMOTELE,,,,2044,,,,,,0.474
TotalTechnologyAnnualActivityLowerLimit,BAU,RD,TRMOTELE,,,,2045,,,,,,0.4808
TotalTechnologyAnnualActivityLowerLimit,BAU,RD,TRMOTELE,,,,2046,,,,,,0.4861
TotalTechnologyAnnualActivityLowerLimit,BAU,RD,TRMOTELE,,,,2047,,,,,,0.4914
TotalTechnologyAnnualActivityLowerLimit,BAU,RD,TRMOTELE,,,,2048,,,,,,0.4968
TotalTechnologyAnnualActivityLowerLimit,BAU,RD,TRMOTELE,,,,2049,,,,,,0.5022
TotalTechnologyAnnualActivityLowerLimit,BAU,RD,TRMOTELE,,,,2050,,,,,,0.5077
TotalTechnologyAnnualActivityLowerLimit,BAU,RD,TRSUVDSL,,,,2018,,,,,,0.8099
TotalTechnologyAnnualActivityLowerLimit,BAU,RD,TRSUVDSL,,,,2019,,,,,,0.8525
TotalTechnologyAnnualActivityLowerLimit,BAU,RD,TRSUVDSL,,,,2020,,,,,,0.7881
TotalTechnologyAnnualActivityLowerLimit,BAU,RD,TRSUVDSL,,,,2021,,,,,,0.8897
TotalTechnologyAnnualActivityLowerLimit,BAU,RD,TRSUVDSL,,,,2022,,,,,,0.9466
TotalTechnologyAnnualActivityLowerLimit,BAU,RD,TRSUVDSL,,,,2023,,,,,,0.9606
TotalTechnologyAnnualActivityLowerLimit,BAU,RD,TRSUVDSL,,,,2024,,,,,,0.9915
TotalTechnologyAnnualActivityLowerLimit,BAU,RD,TRSUVDSL,,,,2025,,,,,,1.0225
TotalTechnologyAnnualActivityLowerLimit,BAU,RD,TRSUVDSL,,,,2026,,,,,,1.0517
TotalTechnologyAnnualActivityLowerLimit,BAU,RD,TRSUVDSL,,,,2027,,,,,,1.0813
TotalTechnologyAnnualActivityLowerLimit,BAU,RD,TRSUVDSL,,,,2028,,,,,,1.1126
TotalTechnologyAnnualActivityLowerLimit,BAU,RD,TRSUVDSL,,,,2029,,,,,,1.1427
TotalTechnologyAnnualActivityLowerLimit,BAU,RD,TRSUVDSL,,,,2030,,,,,,1.1726
TotalTechnologyAnnualActivityLowerLimit,BAU,RD,TRSUVDSL,,,,2031,,,,,,1.1997
TotalTechnologyAnnualActivityLowerLimit,BAU,RD,TRSUVDSL,,,,2032,,,,,,1.2273
TotalTechnologyAnnualActivityLowerLimit,BAU,RD,TRSUVDSL,,,,2033,,,,,,1.2553
TotalTechnologyAnnualActivityLowerLimit,BAU,RD,TRSUVDSL,,,,2034,,,,,,1.2838
TotalTechnologyAnnualActivityLowerLimit,BAU,RD,TRSUVDSL,,,,2035,,,,,,1.3128
TotalTechnologyAnnualActivityLowerLimit,BAU,RD,TRSUVDSL,,,,2036,,,,,,1.3372
TotalTechnologyAnnualActivityLowerLimit,BAU,RD,TRSUVDSL,,,,2037,,,,,,1.362
TotalTechnologyAnnualActivityLowerLimit,BAU,RD,TRSUVDSL,,,,2038,,,,,,1.3871
TotalTechnologyAnnualActivityLowerLimit,BAU,RD,TRSUVDSL,,,,2039,,,,,,1.4126
TotalTechnologyAnnualActivityLowerLimit,BAU,RD,TRSUVDSL,,,,2040,,,,,,1.4384
TotalTechnologyAnnualActivityLowerLimit,BAU,RD,TRSUVDSL,,,,2041,,,,,,1.4594
TotalTechnologyAnnualActivityLowerLimit,BAU,RD,TRSUVDSL,,,,2042,,,,,,1.4806
TotalTechnologyAnnualActivityLowerLimit,BAU,RD,TRSUVDSL,,,,2043,,,,,,1.502
TotalTechnologyAnnualActivityLowerLimit,BAU,RD,TRSUVDSL,,,,2044,,,,,,1.5236
TotalTechnologyAnnualActivityLowerLimit,BAU,RD,TRSUVDSL,,,,2045,,,,,,1.5456
TotalTechnologyAnnualActivityLowerLimit,BAU,RD,TRSUVDSL,,,,2046,,,,,,1.5625
TotalTechnologyAnnualActivityLowerLimit,BAU,RD,TRSUVDSL,,,,2047,,,,,,1.5797
TotalTechnologyAnnualActivityLowerLimit,BAU,RD,TRSUVDSL,,,,2048,,,,,,1.5969
TotalTechnologyAnnualActivityLowerLimit,BAU,RD,TRSUVDSL,,,,2049,,,,,,1.6144
TotalTechnologyAnnualActivityLowerLimit,BAU,RD,TRSUVDSL,,,,2050,,,,,,1.6319
TotalTechnologyAnnualActivityLowerLimit,BAU,RD,TRSUVGSL,,,,2018,,,,,,0.9786
TotalTechnologyAnnualActivityLowerLimit,BAU,RD,TRSUVGSL,,,,2019,,,,,,1.0301
TotalTechnologyAnnualActivityLowerLimit,BAU,RD,TRSUVGSL,,,,2020,,,,,,0.9523
TotalTechnologyAnnualActivityLowerLimit,BAU,RD,TRSUVGSL,,,,2021,,,,,,1.0751
TotalTechnologyAnnualActivityLowerLimit,BAU,RD,TRSUVGSL,,,,2022,,,,,,1.1438
TotalTechnologyAnnualActivityLowerLimit,BAU,RD,TRSUVGSL,,,,2023,,,,,,1.1607
TotalTechnologyAnnualActivityLowerLimit,BAU,RD,TRSUVGSL,,,,2024,,,,,,1.1981
TotalTechnologyAnnualActivityLowerLimit,BAU,RD,TRSUVGSL,,,,2025,,,,,,1.2355
TotalTechnologyAnnualActivityLowerLimit,BAU,RD,TRSUVGSL,,,,2026,,,,,,1.2708
TotalTechnologyAnnualActivityLowerLimit,BAU,RD,TRSUVGSL,,,,2027,,,,,,1.3066
TotalTechnologyAnnualActivityLowerLimit,BAU,RD,TRSUVGSL,,,,2028,,,,,,1.3444
TotalTechnologyAnnualActivityLowerLimit,BAU,RD,TRSUVGSL,,,,2029,,,,,,1.3808
TotalTechnologyAnnualActivityLowerLimit,BAU,RD,TRSUVGSL,,,,2030,,,,,,1.4169
TotalTechnologyAnnualActivityLowerLimit,BAU,RD,TRSUVGSL,,,,2031,,,,,,1.4497
TotalTechnologyAnnualActivityLowerLimit,BAU,RD,TRSUVGSL,,,,2032,,,,,,1.4829
TotalTechnologyAnnualActivityLowerLimit,BAU,RD,TRSUVGSL,,,,2033,,,,,,1.5168
TotalTechnologyAnnualActivityLowerLimit,BAU,RD,TRSUVGSL,,,,2034,,,,,,1.5512
TotalTechnologyAnnualActivityLowerLimit,BAU,RD,TRSUVGSL,,,,2035,,,,,,1.5863
TotalTechnologyAnnualActivityLowerLimit,BAU,RD,TRSUVGSL,,,,2036,,,,,,1.6158
TotalTechnologyAnnualActivityLowerLimit,BAU,RD,TRSUVGSL,,,,2037,,,,,,1.6457
TotalTechnologyAnnualActivityLowerLimit,BAU,RD,TRSUVGSL,,,,2038,,,,,,1.6761
TotalTechnologyAnnualActivityLowerLimit,BAU,RD,TRSUVGSL,,,,2039,,,,,,1.7069
TotalTechnologyAnnualActivityLowerLimit,BAU,RD,TRSUVGSL,,,,2040,,,,,,1.7381
TotalTechnologyAnnualActivityLowerLimit,BAU,RD,TRSUVGSL,,,,2041,,,,,,1.7634
TotalTechnologyAnnualActivityLowerLimit,BAU,RD,TRSUVGSL,,,,2042,,,,,,1.789
TotalTechnologyAnnualActivityLowerLimit,BAU,RD,TRSUVGSL,,,,2043,,,,,,1.8149
TotalTechnologyAnnualActivityLowerLimit,BAU,RD,TRSUVGSL,,,,2044,,,,,,1.8411
TotalTechnologyAnnualActivityLowerLimit,BAU,RD,TRSUVGSL,,,,2045,,,,,,1.8675
TotalTechnologyAnnualActivityLowerLimit,BAU,RD,TRSUVGSL,,,,2046,,,,,,1.8881
TotalTechnologyAnnualActivityLowerLimit,BAU,RD,TRSUVGSL,,,,2047,,,,,,1.9088
TotalTechnologyAnnualActivityLowerLimit,BAU,RD,TRSUVGSL,,,,2048,,,,,,1.9296
TotalTechnologyAnnualActivityLowerLimit,BAU,RD,TRSUVGSL,,,,2049,,,,,,1.9507
TotalTechnologyAnnualActivityLowerLimit,BAU,RD,TRSUVGSL,,,,2050,,,,,,1.9719
TotalTechnologyAnnualActivityLowerLimit,BAU,RD,TRSUVLPG,,,,2018,,,,,,1.2823
TotalTechnologyAnnualActivityLowerLimit,BAU,RD,TRSUVLPG,,,,2019,,,,,,1.3498
TotalTechnologyAnnualActivityLowerLimit,BAU,RD,TRSUVLPG,,,,2020,,,,,,1.2478
TotalTechnologyAnnualActivityLowerLimit,BAU,RD,TRSUVLPG,,,,2021,,,,,,1.4087
TotalTechnologyAnnualActivityLowerLimit,BAU,RD,TRSUVLPG,,,,2022,,,,,,1.4987
TotalTechnologyAnnualActivityLowerLimit,BAU,RD,TRSUVLPG,,,,2023,,,,,,1.5209
TotalTechnologyAnnualActivityLowerLimit,BAU,RD,TRSUVLPG,,,,2024,,,,,,1.5699
TotalTechnologyAnnualActivityLowerLimit,BAU,RD,TRSUVLPG,,,,2025,,,,,,1.619
TotalTechnologyAnnualActivityLowerLimit,BAU,RD,TRSUVLPG,,,,2026,,,,,,1.6652
TotalTechnologyAnnualActivityLowerLimit,BAU,RD,TRSUVLPG,,,,2027,,,,,,1.7121
TotalTechnologyAnnualActivityLowerLimit,BAU,RD,TRSUVLPG,,,,2028,,,,,,1.7616
TotalTechnologyAnnualActivityLowerLimit,BAU,RD,TRSUVLPG,,,,2029,,,,,,1.8093
TotalTechnologyAnnualActivityLowerLimit,BAU,RD,TRSUVLPG,,,,2030,,,,,,1.8566
TotalTechnologyAnnualActivityLowerLimit,BAU,RD,TRSUVLPG,,,,2031,,,,,,1.8995
TotalTechnologyAnnualActivityLowerLimit,BAU,RD,TRSUVLPG,,,,2032,,,,,,1.9432
TotalTechnologyAnnualActivityLowerLimit,BAU,RD,TRSUVLPG,,,,2033,,,,,,1.9875
TotalTechnologyAnnualActivityLowerLimit,BAU,RD,TRSUVLPG,,,,2034,,,,,,2.0327
TotalTechnologyAnnualActivityLowerLimit,BAU,RD,TRSUVLPG,,,,2035,,,,,,2.0786
TotalTechnologyAnnualActivityLowerLimit,BAU,RD,TRSUVLPG,,,,2036,,,,,,2.1172
TotalTechnologyAnnualActivityLowerLimit,BAU,RD,TRSUVLPG,,,,2037,,,,,,2.1565
TotalTechnologyAnnualActivityLowerLimit,BAU,RD,TRSUVLPG,,,,2038,,,,,,2.1962
TotalTechnologyAnnualActivityLowerLimit,BAU,RD,TRSUVLPG,,,,2039,,,,,,2.2366
TotalTechnologyAnnualActivityLowerLimit,BAU,RD,TRSUVLPG,,,,2040,,,,,,2.2775
TotalTechnologyAnnualActivityLowerLimit,BAU,RD,TRSUVLPG,,,,2041,,,,,,2.3107
TotalTechnologyAnnualActivityLowerLimit,BAU,RD,TRSUVLPG,,,,2042,,,,,,2.3442
TotalTechnologyAnnualActivityLowerLimit,BAU,RD,TRSUVLPG,,,,2043,,,,,,2.3782
TotalTechnologyAnnualActivityLowerLimit,BAU,RD,TRSUVLPG,,,,2044,,,,,,2.4124
TotalTechnologyAnnualActivityLowerLimit,BAU,RD,TRSUVLPG,,,,2045,,,,,,2.4471
TotalTechnologyAnnualActivityLowerLimit,BAU,RD,TRSUVLPG,,,,2046,,,,,,2.474
TotalTechnologyAnnualActivityLowerLimit,BAU,RD,TRSUVLPG,,,,2047,,,,,,2.5012
TotalTechnologyAnnualActivityLowerLimit,BAU,RD,TRSUVLPG,,,,2048,,,,,,2.5285
TotalTechnologyAnnualActivityLowerLimit,BAU,RD,TRSUVLPG,,,,2049,,,,,,2.5561
TotalTechnologyAnnualActivityLowerLimit,BAU,RD,TRSUVLPG,,,,2050,,,,,,2.5839
TotalTechnologyAnnualActivityLowerLimit,BAU,RD,TRSUVNGS,,,,2018,,,,,,0.27
TotalTechnologyAnnualActivityLowerLimit,BAU,RD,TRSUVNGS,,,,2019,,,,,,0.2605
TotalTechnologyAnnualActivityLowerLimit,BAU,RD,TRSUVNGS,,,,2020,,,,,,0.2299
TotalTechnologyAnnualActivityLowerLimit,BAU,RD,TRSUVNGS,,,,2021,,,,,,0.2595
TotalTechnologyAnnualActivityLowerLimit,BAU,RD,TRSUVNGS,,,,2022,,,,,,0.2761
TotalTechnologyAnnualActivityLowerLimit,BAU,RD,TRSUVNGS,,,,2023,,,,,,0.2802
TotalTechnologyAnnualActivityLowerLimit,BAU,RD,TRSUVNGS,,,,2024,,,,,,0.2892
TotalTechnologyAnnualActivityLowerLimit,BAU,RD,TRSUVNGS,,,,2025,,,,,,0.2982
TotalTechnologyAnnualActivityLowerLimit,BAU,RD,TRSUVNGS,,,,2026,,,,,,0.3067
TotalTechnologyAnnualActivityLowerLimit,BAU,RD,TRSUVNGS,,,,2027,,,,,,0.3154
TotalTechnologyAnnualActivityLowerLimit,BAU,RD,TRSUVNGS,,,,2028,,,,,,0.3245
TotalTechnologyAnnualActivityLowerLimit,BAU,RD,TRSUVNGS,,,,2029,,,,,,0.3333
TotalTechnologyAnnualActivityLowerLimit,BAU,RD,TRSUVNGS,,,,2030,,,,,,0.342
TotalTechnologyAnnualActivityLowerLimit,BAU,RD,TRSUVNGS,,,,2031,,,,,,0.3499
TotalTechnologyAnnualActivityLowerLimit,BAU,RD,TRSUVNGS,,,,2032,,,,,,0.358
TotalTechnologyAnnualActivityLowerLimit,BAU,RD,TRSUVNGS,,,,2033,,,,,,0.3661
TotalTechnologyAnnualActivityLowerLimit,BAU,RD,TRSUVNGS,,,,2034,,,,,,0.3744
TotalTechnologyAnnualActivityLowerLimit,BAU,RD,TRSUVNGS,,,,2035,,,,,,0.3829
TotalTechnologyAnnualActivityLowerLimit,BAU,RD,TRSUVNGS,,,,2036,,,,,,0.39
TotalTechnologyAnnualActivityLowerLimit,BAU,RD,TRSUVNGS,,,,2037,,,,,,0.3972
TotalTechnologyAnnualActivityLowerLimit,BAU,RD,TRSUVNGS,,,,2038,,,,,,0.4046
TotalTechnologyAnnualActivityLowerLimit,BAU,RD,TRSUVNGS,,,,2039,,,,,,0.412
TotalTechnologyAnnualActivityLowerLimit,BAU,RD,TRSUVNGS,,,,2040,,,,,,0.4195
TotalTechnologyAnnualActivityLowerLimit,BAU,RD,TRSUVNGS,,,,2041,,,,,,0.4256
TotalTechnologyAnnualActivityLowerLimit,BAU,RD,TRSUVNGS,,,,2042,,,,,,0.4318
TotalTechnologyAnnualActivityLowerLimit,BAU,RD,TRSUVNGS,,,,2043,,,,,,0.4381
TotalTechnologyAnnualActivityLowerLimit,BAU,RD,TRSUVNGS,,,,2044,,,,,,0.4444
TotalTechnologyAnnualActivityLowerLimit,BAU,RD,TRSUVNGS,,,,2045,,,,,,0.4508
TotalTechnologyAnnualActivityLowerLimit,BAU,RD,TRSUVNGS,,,,2046,,,,,,0.4557
TotalTechnologyAnnualActivityLowerLimit,BAU,RD,TRSUVNGS,,,,2047,,,,,,0.4607
TotalTechnologyAnnualActivityLowerLimit,BAU,RD,TRSUVNGS,,,,2048,,,,,,0.4658
TotalTechnologyAnnualActivityLowerLimit,BAU,RD,TRSUVNGS,,,,2049,,,,,,0.4709
TotalTechnologyAnnualActivityLowerLimit,BAU,RD,TRSUVNGS,,,,2050,,,,,,0.476
TotalTechnologyAnnualActivityLowerLimit,BAU,RD,TRBPUDSL,,,,2018,,,,,,0.0671
TotalTechnologyAnnualActivityLowerLimit,BAU,RD,TRBPUDSL,,,,2019,,,,,,0.0689
TotalTechnologyAnnualActivityLowerLimit,BAU,RD,TRBPUDSL,,,,2020,,,,,,0.0637
TotalTechnologyAnnualActivityLowerLimit,BAU,RD,TRBPUDSL,,,,2021,,,,,,0.0719
TotalTechnologyAnnualActivityLowerLimit,BAU,RD,TRBPUDSL,,,,2022,,,,,,0.0765
TotalTechnologyAnnualActivityLowerLimit,BAU,RD,TRBPUDSL,,,,2023,,,,,,0.0776
TotalTechnologyAnnualActivityLowerLimit,BAU,RD,TRBPUDSL,,,,2024,,,,,,0.0802
TotalTechnologyAnnualActivityLowerLimit,BAU,RD,TRBPUDSL,,,,2025,,,,,,0.0827
TotalTechnologyAnnualActivityLowerLimit,BAU,RD,TRBPUDSL,,,,2026,,,,,,0.085
TotalTechnologyAnnualActivityLowerLimit,BAU,RD,TRBPUDSL,,,,2027,,,,,,0.0874
TotalTechnologyAnnualActivityLowerLimit,BAU,RD,TRBPUDSL,,,,2028,,,,,,0.09
TotalTechnologyAnnualActivityLowerLimit,BAU,RD,TRBPUDSL,,,,2029,,,,,,0.0924
TotalTechnologyAnnualActivityLowerLimit,BAU,RD,TRBPUDSL,,,,2030,,,,,,0.0948
TotalTechnologyAnnualActivityLowerLimit,BAU,RD,TRBPUDSL,,,,2031,,,,,,0.097
TotalTechnologyAnnualActivityLowerLimit,BAU,RD,TRBPUDSL,,,,2032,,,,,,0.0992
TotalTechnologyAnnualActivityLowerLimit,BAU,RD,TRBPUDSL,,,,2033,,,,,,0.1015
TotalTechnologyAnnualActivityLowerLimit,BAU,RD,TRBPUDSL,,,,2034,,,,,,0.1038
TotalTechnologyAnnualActivityLowerLimit,BAU,RD,TRBPUDSL,,,,2035,,,,,,0.1061
TotalTechnologyAnnualActivityLowerLimit,BAU,RD,TRBPUDSL,,,,2036,,,,,,0.1081
TotalTechnologyAnnualActivityLowerLimit,BAU,RD,TRBPUDSL,,,,2037,,,,,,0.1101
TotalTechnologyAnnualActivityLowerLimit,BAU,RD,TRBPUDSL,,,,2038,,,,,,0.1122
TotalTechnologyAnnualActivityLowerLimit,BAU,RD,TRBPUDSL,,,,2039,,,,,,0.1142
TotalTechnologyAnnualActivityLowerLimit,BAU,RD,TRBPUDSL,,,,2040,,,,,,0.1163
TotalTechnologyAnnualActivityLowerLimit,BAU,RD,TRBPUDSL,,,,2041,,,,,,0.118
TotalTechnologyAnnualActivityLowerLimit,BAU,RD,TRBPUDSL,,,,2042,,,,,,0.1197
TotalTechnologyAnnualActivityLowerLimit,BAU,RD,TRBPUDSL,,,,2043,,,,,,0.1214
TotalTechnologyAnnualActivityLowerLimit,BAU,RD,TRBPUDSL,,,,2044,,,,,,0.1232
TotalTechnologyAnnualActivityLowerLimit,BAU,RD,TRBPUDSL,,,,2045,,,,,,0.125
TotalTechnologyAnnualActivityLowerLimit,BAU,RD,TRBPUDSL,,,,2046,,,,,,0.1263
TotalTechnologyAnnualActivityLowerLimit,BAU,RD,TRBPUDSL,,,,2047,,,,,,0.1277
TotalTechnologyAnnualActivityLowerLimit,BAU,RD,TRBPUDSL,,,,2048,,,,,,0.1291
TotalTechnologyAnnualActivityLowerLimit,BAU,RD,TRBPUDSL,,,,2049,,,,,,0.1305
TotalTechnologyAnnualActivityLowerLimit,BAU,RD,TRBPUDSL,,,,2050,,,,,,0.1319
TotalTechnologyAnnualActivityLowerLimit,BAU,RD,TRBPUGSL,,,,2018,,,,,,0.072
TotalTechnologyAnnualActivityLowerLimit,BAU,RD,TRBPUGSL,,,,2019,,,,,,0.0758
TotalTechnologyAnnualActivityLowerLimit,BAU,RD,TRBPUGSL,,,,2020,,,,,,0.0701
TotalTechnologyAnnualActivityLowerLimit,BAU,RD,TRBPUGSL,,,,2021,,,,,,0.0791
TotalTechnologyAnnualActivityLowerLimit,BAU,RD,TRBPUGSL,,,,2022,,,,,,0.0842
TotalTechnologyAnnualActivityLowerLimit,BAU,RD,TRBPUGSL,,,,2023,,,,,,0.0854
TotalTechnologyAnnualActivityLowerLimit,BAU,RD,TRBPUGSL,,,,2024,,,,,,0.0882
TotalTechnologyAnnualActivityLowerLimit,BAU,RD,TRBPUGSL,,,,2025,,,,,,0.0909
TotalTechnologyAnnualActivityLowerLimit,BAU,RD,TRBPUGSL,,,,2026,,,,,,0.0935
TotalTechnologyAnnualActivityLowerLimit,BAU,RD,TRBPUGSL,,,,2027,,,,,,0.0962
TotalTechnologyAnnualActivityLowerLimit,BAU,RD,TRBPUGSL,,,,2028,,,,,,0.099
TotalTechnologyAnnualActivityLowerLimit,BAU,RD,TRBPUGSL,,,,2029,,,,,,0.1016
TotalTechnologyAnnualActivityLowerLimit,BAU,RD,TRBPUGSL,,,,2030,,,,,,0.1043
TotalTechnologyAnnualActivityLowerLimit,BAU,RD,TRBPUGSL,,,,2031,,,,,,0.1067
TotalTechnologyAnnualActivityLowerLimit,BAU,RD,TRBPUGSL,,,,2032,,,,,,0.1092
TotalTechnologyAnnualActivityLowerLimit,BAU,RD,TRBPUGSL,,,,2033,,,,,,0.1116
TotalTechnologyAnnualActivityLowerLimit,BAU,RD,TRBPUGSL,,,,2034,,,,,,0.1142
TotalTechnologyAnnualActivityLowerLimit,BAU,RD,TRBPUGSL,,,,2035,,,,,,0.1167
TotalTechnologyAnnualActivityLowerLimit,BAU,RD,TRBPUGSL,,,,2036,,,,,,0.1189
TotalTechnologyAnnualActivityLowerLimit,BAU,RD,TRBPUGSL,,,,2037,,,,,,0.1211
TotalTechnologyAnnualActivityLowerLimit,BAU,RD,TRBPUGSL,,,,2038,,,,,,0.1234
TotalTechnologyAnnualActivityLowerLimit,BAU,RD,TRBPUGSL,,,,2039,,,,,,0.1256
TotalTechnologyAnnualActivityLowerLimit,BAU,RD,TRBPUGSL,,,,2040,,,,,,0.1279
TotalTechnologyAnnualActivityLowerLimit,BAU,RD,TRBPUGSL,,,,2041,,,,,,0.1298
TotalTechnologyAnnualActivityLowerLimit,BAU,RD,TRBPUGSL,,,,2042,,,,,,0.1317
TotalTechnologyAnnualActivityLowerLimit,BAU,RD,TRBPUGSL,,,,2043,,,,,,0.1336
TotalTechnologyAnnualActivityLowerLimit,BAU,RD,TRBPUGSL,,,,2044,,,,,,0.1355
TotalTechnologyAnnualActivityLowerLimit,BAU,RD,TRBPUGSL,,,,2045,,,,,,0.1375
TotalTechnologyAnnualActivityLowerLimit,BAU,RD,TRBPUGSL,,,,2046,,,,,,0.139
TotalTechnologyAnnualActivityLowerLimit,BAU,RD,TRBPUGSL,,,,2047,,,,,,0.1405
TotalTechnologyAnnualActivityLowerLimit,BAU,RD,TRBPUGSL,,,,2048,,,,,,0.142
TotalTechnologyAnnualActivityLowerLimit,BAU,RD,TRBPUGSL,,,,2049,,,,,,0.1436
TotalTechnologyAnnualActivityLowerLimit,BAU,RD,TRBPUGSL,,,,2050,,,,,,0.1451
TotalTechnologyAnnualActivityLowerLimit,BAU,RD,TRBPULPG,,,,2018,,,,,,0.0213
TotalTechnologyAnnualActivityLowerLimit,BAU,RD,TRBPULPG,,,,2019,,,,,,0.0224
TotalTechnologyAnnualActivityLowerLimit,BAU,RD,TRBPULPG,,,,2020,,,,,,0.0207
TotalTechnologyAnnualActivityLowerLimit,BAU,RD,TRBPULPG,,,,2021,,,,,,0.0234
TotalTechnologyAnnualActivityLowerLimit,BAU,RD,TRBPULPG,,,,2022,,,,,,0.0249
TotalTechnologyAnnualActivityLowerLimit,BAU,RD,TRBPULPG,,,,2023,,,,,,0.0252
TotalTechnologyAnnualActivityLowerLimit,BAU,RD,TRBPULPG,,,,2024,,,,,,0.0261
TotalTechnologyAnnualActivityLowerLimit,BAU,RD,TRBPULPG,,,,2025,,,,,,0.0269
TotalTechnologyAnnualActivityLowerLimit,BAU,RD,TRBPULPG,,,,2026,,,,,,0.0276
TotalTechnologyAnnualActivityLowerLimit,BAU,RD,TRBPULPG,,,,2027,,,,,,0.0284
TotalTechnologyAnnualActivityLowerLimit,BAU,RD,TRBPULPG,,,,2028,,,,,,0.0292
TotalTechnologyAnnualActivityLowerLimit,BAU,RD,TRBPULPG,,,,2029,,,,,,0.03
TotalTechnologyAnnualActivityLowerLimit,BAU,RD,TRBPULPG,,,,2030,,,,,,0.0308
TotalTechnologyAnnualActivityLowerLimit,BAU,RD,TRBPULPG,,,,2031,,,,,,0.0315
TotalTechnologyAnnualActivityLowerLimit,BAU,RD,TRBPULPG,,,,2032,,,,,,0.0323
TotalTechnologyAnnualActivityLowerLimit,BAU,RD,TRBPULPG,,,,2033,,,,,,0.033
TotalTechnologyAnnualActivityLowerLimit,BAU,RD,TRBPULPG,,,,2034,,,,,,0.0337
TotalTechnologyAnnualActivityLowerLimit,BAU,RD,TRBPULPG,,,,2035,,,,,,0.0345
TotalTechnologyAnnualActivityLowerLimit,BAU,RD,TRBPULPG,,,,2036,,,,,,0.0351
TotalTechnologyAnnualActivityLowerLimit,BAU,RD,TRBPULPG,,,,2037,,,,,,0.0358
TotalTechnologyAnnualActivityLowerLimit,BAU,RD,TRBPULPG,,,,2038,,,,,,0.0365
TotalTechnologyAnnualActivityLowerLimit,BAU,RD,TRBPULPG,,,,2039,,,,,,0.0371
TotalTechnologyAnnualActivityLowerLimit,BAU,RD,TRBPULPG,,,,2040,,,,,,0.0378
TotalTechnologyAnnualActivityLowerLimit,BAU,RD,TRBPULPG,,,,2041,,,,,,0.0384
TotalTechnologyAnnualActivityLowerLimit,BAU,RD,TRBPULPG,,,,2042,,,,,,0.0389
TotalTechnologyAnnualActivityLowerLimit,BAU,RD,TRBPULPG,,,,2043,,,,,,0.0395
TotalTechnologyAnnualActivityLowerLimit,BAU,RD,TRBPULPG,,,,2044,,,,,,0.04
TotalTechnologyAnnualActivityLowerLimit,BAU,RD,TRBPULPG,,,,2045,,,,,,0.0406
TotalTechnologyAnnualActivityLowerLimit,BAU,RD,TRBPULPG,,,,2046,,,,,,0.0411
TotalTechnologyAnnualActivityLowerLimit,BAU,RD,TRBPULPG,,,,2047,,,,,,0.0415
TotalTechnologyAnnualActivityLowerLimit,BAU,RD,TRBPULPG,,,,2048,,,,,,0.042
TotalTechnologyAnnualActivityLowerLimit,BAU,RD,TRBPULPG,,,,2049,,,,,,0.0424
TotalTechnologyAnnualActivityLowerLimit,BAU,RD,TRBPULPG,,,,2050,,,,,,0.0429
TotalTechnologyAnnualActivityLowerLimit,BAU,RD,TRBPUELE,,,,2018,,,,,,
TotalTechnologyAnnualActivityLowerLimit,BAU,RD,TRBPUELE,,,,2019,,,,,,
TotalTechnologyAnnualActivityLowerLimit,BAU,RD,TRBPUELE,,,,2020,,,,,,
TotalTechnologyAnnualActivityLowerLimit,BAU,RD,TRBPUELE,,,,2021,,,,,,
TotalTechnologyAnnualActivityLowerLimit,BAU,RD,TRBPUELE,,,,2022,,,,,,
TotalTechnologyAnnualActivityLowerLimit,BAU,RD,TRBPUELE,,,,2023,,,,,,
TotalTechnologyAnnualActivityLowerLimit,BAU,RD,TRBPUELE,,,,2024,,,,,,
TotalTechnologyAnnualActivityLowerLimit,BAU,RD,TRBPUELE,,,,2025,,,,,,
TotalTechnologyAnnualActivityLowerLimit,BAU,RD,TRBPUELE,,,,2026,,,,,,
TotalTechnologyAnnualActivityLowerLimit,BAU,RD,TRBPUELE,,,,2027,,,,,,
TotalTechnologyAnnualActivityLowerLimit,BAU,RD,TRBPUELE,,,,2028,,,,,,
TotalTechnologyAnnualActivityLowerLimit,BAU,RD,TRBPUELE,,,,2029,,,,,,
TotalTechnologyAnnualActivityLowerLimit,BAU,RD,TRBPUELE,,,,2030,,,,,,
TotalTechnologyAnnualActivityLowerLimit,BAU,RD,TRBPUELE,,,,2031,,,,,,
TotalTechnologyAnnualActivityLowerLimit,BAU,RD,TRBPUELE,,,,2032,,,,,,
TotalTechnologyAnnualActivityLowerLimit,BAU,RD,TRBPUELE,,,,2033,,,,,,
TotalTechnologyAnnualActivityLowerLimit,BAU,RD,TRBPUELE,,,,2034,,,,,,
TotalTechnologyAnnualActivityLowerLimit,BAU,RD,TRBPUELE,,,,2035,,,,,,
TotalTechnologyAnnualActivityLowerLimit,BAU,RD,TRBPUELE,,,,2036,,,,,,
TotalTechnologyAnnualActivityLowerLimit,BAU,RD,TRBPUELE,,,,2037,,,,,,
TotalTechnologyAnnualActivityLowerLimit,BAU,RD,TRBPUELE,,,,2038,,,,,,
TotalTechnologyAnnualActivityLowerLimit,BAU,RD,TRBPUELE,,,,2039,,,,,,
TotalTechnologyAnnualActivityLowerLimit,BAU,RD,TRBPUELE,,,,2040,,,,,,
TotalTechnologyAnnualActivityLowerLimit,BAU,RD,TRBPUELE,,,,2041,,,,,,
TotalTechnologyAnnualActivityLowerLimit,BAU,RD,TRBPUELE,,,,2042,,,,,,
TotalTechnologyAnnualActivityLowerLimit,BAU,RD,TRBPUELE,,,,2043,,,,,,
TotalTechnologyAnnualActivityLowerLimit,BAU,RD,TRBPUELE,,,,2044,,,,,,
TotalTechnologyAnnualActivityLowerLimit,BAU,RD,TRBPUELE,,,,2045,,,,,,
TotalTechnologyAnnualActivityLowerLimit,BAU,RD,TRBPUELE,,,,2046,,,,,,
TotalTechnologyAnnualActivityLowerLimit,BAU,RD,TRBPUELE,,,,2047,,,,,,
TotalTechnologyAnnualActivityLowerLimit,BAU,RD,TRBPUELE,,,,2048,,,,,,
TotalTechnologyAnnualActivityLowerLimit,BAU,RD,TRBPUELE,,,,2049,,,,,,
TotalTechnologyAnnualActivityLowerLimit,BAU,RD,TRBPUELE,,,,2050,,,,,,
TotalTechnologyAnnualActivityLowerLimit,BAU,RD,TRBTURDSL,,,,2018,,,,,,0.0153
TotalTechnologyAnnualActivityLowerLimit,BAU,RD,TRBTURDSL,,,,2019,,,,,,0.0157
TotalTechnologyAnnualActivityLowerLimit,BAU,RD,TRBTURDSL,,,,2020,,,,,,0.0145
TotalTechnologyAnnualActivityLowerLimit,BAU,RD,TRBTURDSL,,,,2021,,,,,,0.0164
TotalTechnologyAnnualActivityLowerLimit,BAU,RD,TRBTURDSL,,,,2022,,,,,,0.0174
TotalTechnologyAnnualActivityLowerLimit,BAU,RD,TRBTURDSL,,,,2023,,,,,,0.0177
TotalTechnologyAnnualActivityLowerLimit,BAU,RD,TRBTURDSL,,,,2024,,,,,,0.0183
TotalTechnologyAnnualActivityLowerLimit,BAU,RD,TRBTURDSL,,,,2025,,,,,,0.0188
TotalTechnologyAnnualActivityLowerLimit,BAU,RD,TRBTURDSL,,,,2026,,,,,,0.0194
TotalTechnologyAnnualActivityLowerLimit,BAU,RD,TRBTURDSL,,,,2027,,,,,,0.0199
TotalTechnologyAnnualActivityLowerLimit,BAU,RD,TRBTURDSL,,,,2028,,,,,,0.0205
TotalTechnologyAnnualActivityLowerLimit,BAU,RD,TRBTURDSL,,,,2029,,,,,,0.021
TotalTechnologyAnnualActivityLowerLimit,BAU,RD,TRBTURDSL,,,,2030,,,,,,0.0216
TotalTechnologyAnnualActivityLowerLimit,BAU,RD,TRBTURDSL,,,,2031,,,,,,0.0221
TotalTechnologyAnnualActivityLowerLimit,BAU,RD,TRBTURDSL,,,,2032,,,,,,0.0226
TotalTechnologyAnnualActivityLowerLimit,BAU,RD,TRBTURDSL,,,,2033,,,,,,0.0231
TotalTechnologyAnnualActivityLowerLimit,BAU,RD,TRBTURDSL,,,,2034,,,,,,0.0236
TotalTechnologyAnnualActivityLowerLimit,BAU,RD,TRBTURDSL,,,,2035,,,,,,0.0242
TotalTechnologyAnnualActivityLowerLimit,BAU,RD,TRBTURDSL,,,,2036,,,,,,0.0246
TotalTechnologyAnnualActivityLowerLimit,BAU,RD,TRBTURDSL,,,,2037,,,,,,0.0251
TotalTechnologyAnnualActivityLowerLimit,BAU,RD,TRBTURDSL,,,,2038,,,,,,0.0256
TotalTechnologyAnnualActivityLowerLimit,BAU,RD,TRBTURDSL,,,,2039,,,,,,0.026
TotalTechnologyAnnualActivityLowerLimit,BAU,RD,TRBTURDSL,,,,2040,,,,,,0.0265
TotalTechnologyAnnualActivityLowerLimit,BAU,RD,TRBTURDSL,,,,2041,,,,,,0.0269
TotalTechnologyAnnualActivityLowerLimit,BAU,RD,TRBTURDSL,,,,2042,,,,,,0.0273
TotalTechnologyAnnualActivityLowerLimit,BAU,RD,TRBTURDSL,,,,2043,,,,,,0.0277
TotalTechnologyAnnualActivityLowerLimit,BAU,RD,TRBTURDSL,,,,2044,,,,,,0.0281
TotalTechnologyAnnualActivityLowerLimit,BAU,RD,TRBTURDSL,,,,2045,,,,,,0.0285
TotalTechnologyAnnualActivityLowerLimit,BAU,RD,TRBTURDSL,,,,2046,,,,,,0.0288
TotalTechnologyAnnualActivityLowerLimit,BAU,RD,TRBTURDSL,,,,2047,,,,,,0.0291
TotalTechnologyAnnualActivityLowerLimit,BAU,RD,TRBTURDSL,,,,2048,,,,,,0.0294
TotalTechnologyAnnualActivityLowerLimit,BAU,RD,TRBTURDSL,,,,2049,,,,,,0.0298
TotalTechnologyAnnualActivityLowerLimit,BAU,RD,TRBTURDSL,,,,2050,,,,,,0.0301
TotalTechnologyAnnualActivityLowerLimit,BAU,RD,TRBTURGSL,,,,2018,,,,,,0.0168
TotalTechnologyAnnualActivityLowerLimit,BAU,RD,TRBTURGSL,,,,2019,,,,,,0.0173
TotalTechnologyAnnualActivityLowerLimit,BAU,RD,TRBTURGSL,,,,2020,,,,,,0.016
TotalTechnologyAnnualActivityLowerLimit,BAU,RD,TRBTURGSL,,,,2021,,,,,,0.018
TotalTechnologyAnnualActivityLowerLimit,BAU,RD,TRBTURGSL,,,,2022,,,,,,0.0192
TotalTechnologyAnnualActivityLowerLimit,BAU,RD,TRBTURGSL,,,,2023,,,,,,0.0194
TotalTechnologyAnnualActivityLowerLimit,BAU,RD,TRBTURGSL,,,,2024,,,,,,0.0201
TotalTechnologyAnnualActivityLowerLimit,BAU,RD,TRBTURGSL,,,,2025,,,,,,0.0207
TotalTechnologyAnnualActivityLowerLimit,BAU,RD,TRBTURGSL,,,,2026,,,,,,0.0213
TotalTechnologyAnnualActivityLowerLimit,BAU,RD,TRBTURGSL,,,,2027,,,,,,0.0219
TotalTechnologyAnnualActivityLowerLimit,BAU,RD,TRBTURGSL,,,,2028,,,,,,0.0225
TotalTechnologyAnnualActivityLowerLimit,BAU,RD,TRBTURGSL,,,,2029,,,,,,0.0231
TotalTechnologyAnnualActivityLowerLimit,BAU,RD,TRBTURGSL,,,,2030,,,,,,0.0238
TotalTechnologyAnnualActivityLowerLimit,BAU,RD,TRBTURGSL,,,,2031,,,,,,0.0243
TotalTechnologyAnnualActivityLowerLimit,BAU,RD,TRBTURGSL,,,,2032,,,,,,0.0249
TotalTechnologyAnnualActivityLowerLimit,BAU,RD,TRBTURGSL,,,,2033,,,,,,0.0254
TotalTechnologyAnnualActivityLowerLimit,BAU,RD,TRBTURGSL,,,,2034,,,,,,0.026
TotalTechnologyAnnualActivityLowerLimit,BAU,RD,TRBTURGSL,,,,2035,,,,,,0.0266
TotalTechnologyAnnualActivityLowerLimit,BAU,RD,TRBTURGSL,,,,2036,,,,,,0.0271
TotalTechnologyAnnualActivityLowerLimit,BAU,RD,TRBTURGSL,,,,2037,,,,,,0.0276
TotalTechnologyAnnualActivityLowerLimit,BAU,RD,TRBTURGSL,,,,2038,,,,,,0.0281
TotalTechnologyAnnualActivityLowerLimit,BAU,RD,TRBTURGSL,,,,2039,,,,,,0.0286
TotalTechnologyAnnualActivityLowerLimit,BAU,RD,TRBTURGSL,,,,2040,,,,,,0.0292
TotalTechnologyAnnualActivityLowerLimit,BAU,RD,TRBTURGSL,,,,2041,,,,,,0.0296
TotalTechnologyAnnualActivityLowerLimit,BAU,RD,TRBTURGSL,,,,2042,,,,,,0.03
TotalTechnologyAnnualActivityLowerLimit,BAU,RD,TRBTURGSL,,,,2043,,,,,,0.0304
TotalTechnologyAnnualActivityLowerLimit,BAU,RD,TRBTURGSL,,,,2044,,,,,,0.0309
TotalTechnologyAnnualActivityLowerLimit,BAU,RD,TRBTURGSL,,,,2045,,,,,,0.0313
TotalTechnologyAnnualActivityLowerLimit,BAU,RD,TRBTURGSL,,,,2046,,,,,,0.0317
TotalTechnologyAnnualActivityLowerLimit,BAU,RD,TRBTURGSL,,,,2047,,,,,,0.032
TotalTechnologyAnnualActivityLowerLimit,BAU,RD,TRBTURGSL,,,,2048,,,,,,0.0324
TotalTechnologyAnnualActivityLowerLimit,BAU,RD,TRBTURGSL,,,,2049,,,,,,0.0327
TotalTechnologyAnnualActivityLowerLimit,BAU,RD,TRBTURGSL,,,,2050,,,,,,0.0331
TotalTechnologyAnnualActivityLowerLimit,BAU,RD,TRBTURLPG,,,,2018,,,,,,0.0048
TotalTechnologyAnnualActivityLowerLimit,BAU,RD,TRBTURLPG,,,,2019,,,,,,0.0051
TotalTechnologyAnnualActivityLowerLimit,BAU,RD,TRBTURLPG,,,,2020,,,,,,0.0047
TotalTechnologyAnnualActivityLowerLimit,BAU,RD,TRBTURLPG,,,,2021,,,,,,0.0053
TotalTechnologyAnnualActivityLowerLimit,BAU,RD,TRBTURLPG,,,,2022,,,,,,0.0057
TotalTechnologyAnnualActivityLowerLimit,BAU,RD,TRBTURLPG,,,,2023,,,,,,0.0057
TotalTechnologyAnnualActivityLowerLimit,BAU,RD,TRBTURLPG,,,,2024,,,,,,0.0059
TotalTechnologyAnnualActivityLowerLimit,BAU,RD,TRBTURLPG,,,,2025,,,,,,0.0061
TotalTechnologyAnnualActivityLowerLimit,BAU,RD,TRBTURLPG,,,,2026,,,,,,0.0063
TotalTechnologyAnnualActivityLowerLimit,BAU,RD,TRBTURLPG,,,,2027,,,,,,0.0065
TotalTechnologyAnnualActivityLowerLimit,BAU,RD,TRBTURLPG,,,,2028,,,,,,0.0067
TotalTechnologyAnnualActivityLowerLimit,BAU,RD,TRBTURLPG,,,,2029,,,,,,0.0068
TotalTechnologyAnnualActivityLowerLimit,BAU,RD,TRBTURLPG,,,,2030,,,,,,0.007
TotalTechnologyAnnualActivityLowerLimit,BAU,RD,TRBTURLPG,,,,2031,,,,,,0.0072
TotalTechnologyAnnualActivityLowerLimit,BAU,RD,TRBTURLPG,,,,2032,,,,,,0.0073
TotalTechnologyAnnualActivityLowerLimit,BAU,RD,TRBTURLPG,,,,2033,,,,,,0.0075
TotalTechnologyAnnualActivityLowerLimit,BAU,RD,TRBTURLPG,,,,2034,,,,,,0.0077
TotalTechnologyAnnualActivityLowerLimit,BAU,RD,TRBTURLPG,,,,2035,,,,,,0.0079
TotalTechnologyAnnualActivityLowerLimit,BAU,RD,TRBTURLPG,,,,2036,,,,,,0.008
TotalTechnologyAnnualActivityLowerLimit,BAU,RD,TRBTURLPG,,,,2037,,,,,,0.0082
TotalTechnologyAnnualActivityLowerLimit,BAU,RD,TRBTURLPG,,,,2038,,,,,,0.0083
TotalTechnologyAnnualActivityLowerLimit,BAU,RD,TRBTURLPG,,,,2039,,,,,,0.0085
TotalTechnologyAnnualActivityLowerLimit,BAU,RD,TRBTURLPG,,,,2040,,,,,,0.0086
TotalTechnologyAnnualActivityLowerLimit,BAU,RD,TRBTURLPG,,,,2041,,,,,,0.0087
TotalTechnologyAnnualActivityLowerLimit,BAU,RD,TRBTURLPG,,,,2042,,,,,,0.0089
TotalTechnologyAnnualActivityLowerLimit,BAU,RD,TRBTURLPG,,,,2043,,,,,,0.009
TotalTechnologyAnnualActivityLowerLimit,BAU,RD,TRBTURLPG,,,,2044,,,,,,0.0091
TotalTechnologyAnnualActivityLowerLimit,BAU,RD,TRBTURLPG,,,,2045,,,,,,0.0093
TotalTechnologyAnnualActivityLowerLimit,BAU,RD,TRBTURLPG,,,,2046,,,,,,0.0094
TotalTechnologyAnnualActivityLowerLimit,BAU,RD,TRBTURLPG,,,,2047,,,,,,0.0095
TotalTechnologyAnnualActivityLowerLimit,BAU,RD,TRBTURLPG,,,,2048,,,,,,0.0096
TotalTechnologyAnnualActivityLowerLimit,BAU,RD,TRBTURLPG,,,,2049,,,,,,0.0097
TotalTechnologyAnnualActivityLowerLimit,BAU,RD,TRBTURLPG,,,,2050,,,,,,0.0098
TotalTechnologyAnnualActivityLowerLimit,BAU,RD,TRMBSDSL,,,,2018,,,,,,1.7149
TotalTechnologyAnnualActivityLowerLimit,BAU,RD,TRMBSDSL,,,,2019,,,,,,1.7616
TotalTechnologyAnnualActivityLowerLimit,BAU,RD,TRMBSDSL,,,,2020,,,,,,1.6286
TotalTechnologyAnnualActivityLowerLimit,BAU,RD,TRMBSDSL,,,,2021,,,,,,1.8386
TotalTechnologyAnnualActivityLowerLimit,BAU,RD,TRMBSDSL,,,,2022,,,,,,1.956
TotalTechnologyAnnualActivityLowerLimit,BAU,RD,TRMBSDSL,,,,2023,,,,,,1.9849
TotalTechnologyAnnualActivityLowerLimit,BAU,RD,TRMBSDSL,,,,2024,,,,,,2.0488
TotalTechnologyAnnualActivityLowerLimit,BAU,RD,TRMBSDSL,,,,2025,,,,,,2.1129
TotalTechnologyAnnualActivityLowerLimit,BAU,RD,TRMBSDSL,,,,2026,,,,,,2.1732
TotalTechnologyAnnualActivityLowerLimit,BAU,RD,TRMBSDSL,,,,2027,,,,,,2.2344
TotalTechnologyAnnualActivityLowerLimit,BAU,RD,TRMBSDSL,,,,2028,,,,,,2.2991
TotalTechnologyAnnualActivityLowerLimit,BAU,RD,TRMBSDSL,,,,2029,,,,,,2.3613
TotalTechnologyAnnualActivityLowerLimit,BAU,RD,TRMBSDSL,,,,2030,,,,,,2.4231
TotalTechnologyAnnualActivityLowerLimit,BAU,RD,TRMBSDSL,,,,2031,,,,,,2.4791
TotalTechnologyAnnualActivityLowerLimit,BAU,RD,TRMBSDSL,,,,2032,,,,,,2.536
TotalTechnologyAnnualActivityLowerLimit,BAU,RD,TRMBSDSL,,,,2033,,,,,,2.5939
TotalTechnologyAnnualActivityLowerLimit,BAU,RD,TRMBSDSL,,,,2034,,,,,,2.6528
TotalTechnologyAnnualActivityLowerLimit,BAU,RD,TRMBSDSL,,,,2035,,,,,,2.7127
TotalTechnologyAnnualActivityLowerLimit,BAU,RD,TRMBSDSL,,,,2036,,,,,,2.7632
TotalTechnologyAnnualActivityLowerLimit,BAU,RD,TRMBSDSL,,,,2037,,,,,,2.8144
TotalTechnologyAnnualActivityLowerLimit,BAU,RD,TRMBSDSL,,,,2038,,,,,,2.8663
TotalTechnologyAnnualActivityLowerLimit,BAU,RD,TRMBSDSL,,,,2039,,,,,,2.919
TotalTechnologyAnnualActivityLowerLimit,BAU,RD,TRMBSDSL,,,,2040,,,,,,2.9723
TotalTechnologyAnnualActivityLowerLimit,BAU,RD,TRMBSDSL,,,,2041,,,,,,3.0156
TotalTechnologyAnnualActivityLowerLimit,BAU,RD,TRMBSDSL,,,,2042,,,,,,3.0594
TotalTechnologyAnnualActivityLowerLimit,BAU,RD,TRMBSDSL,,,,2043,,,,,,3.1037
TotalTechnologyAnnualActivityLowerLimit,BAU,RD,TRMBSDSL,,,,2044,,,,,,3.1485
TotalTechnologyAnnualActivityLowerLimit,BAU,RD,TRMBSDSL,,,,2045,,,,,,3.1937
TotalTechnologyAnnualActivityLowerLimit,BAU,RD,TRMBSDSL,,,,2046,,,,,,3.2288
TotalTechnologyAnnualActivityLowerLimit,BAU,RD,TRMBSDSL,,,,2047,,,,,,3.2642
TotalTechnologyAnnualActivityLowerLimit,BAU,RD,TRMBSDSL,,,,2048,,,,,,3.3
TotalTechnologyAnnualActivityLowerLimit,BAU,RD,TRMBSDSL,,,,2049,,,,,,3.336
TotalTechnologyAnnualActivityLowerLimit,BAU,RD,TRMBSDSL,,,,2050,,,,,,3.3722
TotalTechnologyAnnualActivityLowerLimit,BAU,RD,TRMBSGSL,,,,2018,,,,,,1.8822
TotalTechnologyAnnualActivityLowerLimit,BAU,RD,TRMBSGSL,,,,2019,,,,,,1.9377
TotalTechnologyAnnualActivityLowerLimit,BAU,RD,TRMBSGSL,,,,2020,,,,,,1.7914
TotalTechnologyAnnualActivityLowerLimit,BAU,RD,TRMBSGSL,,,,2021,,,,,,2.0224
TotalTechnologyAnnualActivityLowerLimit,BAU,RD,TRMBSGSL,,,,2022,,,,,,2.1516
TotalTechnologyAnnualActivityLowerLimit,BAU,RD,TRMBSGSL,,,,2023,,,,,,2.1834
TotalTechnologyAnnualActivityLowerLimit,BAU,RD,TRMBSGSL,,,,2024,,,,,,2.2537
TotalTechnologyAnnualActivityLowerLimit,BAU,RD,TRMBSGSL,,,,2025,,,,,,2.3242
TotalTechnologyAnnualActivityLowerLimit,BAU,RD,TRMBSGSL,,,,2026,,,,,,2.3906
TotalTechnologyAnnualActivityLowerLimit,BAU,RD,TRMBSGSL,,,,2027,,,,,,2.4578
TotalTechnologyAnnualActivityLowerLimit,BAU,RD,TRMBSGSL,,,,2028,,,,,,2.529
TotalTechnologyAnnualActivityLowerLimit,BAU,RD,TRMBSGSL,,,,2029,,,,,,2.5975
TotalTechnologyAnnualActivityLowerLimit,BAU,RD,TRMBSGSL,,,,2030,,,,,,2.6654
TotalTechnologyAnnualActivityLowerLimit,BAU,RD,TRMBSGSL,,,,2031,,,,,,2.727
TotalTechnologyAnnualActivityLowerLimit,BAU,RD,TRMBSGSL,,,,2032,,,,,,2.7896
TotalTechnologyAnnualActivityLowerLimit,BAU,RD,TRMBSGSL,,,,2033,,,,,,2.8533
TotalTechnologyAnnualActivityLowerLimit,BAU,RD,TRMBSGSL,,,,2034,,,,,,2.9181
TotalTechnologyAnnualActivityLowerLimit,BAU,RD,TRMBSGSL,,,,2035,,,,,,2.984
TotalTechnologyAnnualActivityLowerLimit,BAU,RD,TRMBSGSL,,,,2036,,,,,,3.0396
TotalTechnologyAnnualActivityLowerLimit,BAU,RD,TRMBSGSL,,,,2037,,,,,,3.0959
TotalTechnologyAnnualActivityLowerLimit,BAU,RD,TRMBSGSL,,,,2038,,,,,,3.153
TotalTechnologyAnnualActivityLowerLimit,BAU,RD,TRMBSGSL,,,,2039,,,,,,3.2109
TotalTechnologyAnnualActivityLowerLimit,BAU,RD,TRMBSGSL,,,,2040,,,,,,3.2696
TotalTechnologyAnnualActivityLowerLimit,BAU,RD,TRMBSGSL,,,,2041,,,,,,3.3172
TotalTechnologyAnnualActivityLowerLimit,BAU,RD,TRMBSGSL,,,,2042,,,,,,3.3654
TotalTechnologyAnnualActivityLowerLimit,BAU,RD,TRMBSGSL,,,,2043,,,,,,3.4141
TotalTechnologyAnnualActivityLowerLimit,BAU,RD,TRMBSGSL,,,,2044,,,,,,3.4633
TotalTechnologyAnnualActivityLowerLimit,BAU,RD,TRMBSGSL,,,,2045,,,,,,3.5131
TotalTechnologyAnnualActivityLowerLimit,BAU,RD,TRMBSGSL,,,,2046,,,,,,3.5517
TotalTechnologyAnnualActivityLowerLimit,BAU,RD,TRMBSGSL,,,,2047,,,,,,3.5907
TotalTechnologyAnnualActivityLowerLimit,BAU,RD,TRMBSGSL,,,,2048,,,,,,3.63
TotalTechnologyAnnualActivityLowerLimit,BAU,RD,TRMBSGSL,,,,2049,,,,,,3.6696
TotalTechnologyAnnualActivityLowerLimit,BAU,RD,TRMBSGSL,,,,2050,,,,,,3.7095
TotalTechnologyAnnualActivityLowerLimit,BAU,RD,TRMBSLPG,,,,2018,,,,,,0.5437
TotalTechnologyAnnualActivityLowerLimit,BAU,RD,TRMBSLPG,,,,2019,,,,,,0.5725
TotalTechnologyAnnualActivityLowerLimit,BAU,RD,TRMBSLPG,,,,2020,,,,,,0.5293
TotalTechnologyAnnualActivityLowerLimit,BAU,RD,TRMBSLPG,,,,2021,,,,,,0.5975
TotalTechnologyAnnualActivityLowerLimit,BAU,RD,TRMBSLPG,,,,2022,,,,,,0.6357
TotalTechnologyAnnualActivityLowerLimit,BAU,RD,TRMBSLPG,,,,2023,,,,,,0.6451
TotalTechnologyAnnualActivityLowerLimit,BAU,RD,TRMBSLPG,,,,2024,,,,,,0.6659
TotalTechnologyAnnualActivityLowerLimit,BAU,RD,TRMBSLPG,,,,2025,,,,,,0.6867
TotalTechnologyAnnualActivityLowerLimit,BAU,RD,TRMBSLPG,,,,2026,,,,,,0.7063
TotalTechnologyAnnualActivityLowerLimit,BAU,RD,TRMBSLPG,,,,2027,,,,,,0.7262
TotalTechnologyAnnualActivityLowerLimit,BAU,RD,TRMBSLPG,,,,2028,,,,,,0.7472
TotalTechnologyAnnualActivityLowerLimit,BAU,RD,TRMBSLPG,,,,2029,,,,,,0.7674
TotalTechnologyAnnualActivityLowerLimit,BAU,RD,TRMBSLPG,,,,2030,,,,,,0.7875
TotalTechnologyAnnualActivityLowerLimit,BAU,RD,TRMBSLPG,,,,2031,,,,,,0.8057
TotalTechnologyAnnualActivityLowerLimit,BAU,RD,TRMBSLPG,,,,2032,,,,,,0.8242
TotalTechnologyAnnualActivityLowerLimit,BAU,RD,TRMBSLPG,,,,2033,,,,,,0.843
TotalTechnologyAnnualActivityLowerLimit,BAU,RD,TRMBSLPG,,,,2034,,,,,,0.8622
TotalTechnologyAnnualActivityLowerLimit,BAU,RD,TRMBSLPG,,,,2035,,,,,,0.8816
TotalTechnologyAnnualActivityLowerLimit,BAU,RD,TRMBSLPG,,,,2036,,,,,,0.8981
TotalTechnologyAnnualActivityLowerLimit,BAU,RD,TRMBSLPG,,,,2037,,,,,,0.9147
TotalTechnologyAnnualActivityLowerLimit,BAU,RD,TRMBSLPG,,,,2038,,,,,,0.9316
TotalTechnologyAnnualActivityLowerLimit,BAU,RD,TRMBSLPG,,,,2039,,,,,,0.9487
TotalTechnologyAnnualActivityLowerLimit,BAU,RD,TRMBSLPG,,,,2040,,,,,,0.966
TotalTechnologyAnnualActivityLowerLimit,BAU,RD,TRMBSLPG,,,,2041,,,,,,0.9801
TotalTechnologyAnnualActivityLowerLimit,BAU,RD,TRMBSLPG,,,,2042,,,,,,0.9943
TotalTechnologyAnnualActivityLowerLimit,BAU,RD,TRMBSLPG,,,,2043,,,,,,1.0087
TotalTechnologyAnnualActivityLowerLimit,BAU,RD,TRMBSLPG,,,,2044,,,,,,1.0233
TotalTechnologyAnnualActivityLowerLimit,BAU,RD,TRMBSLPG,,,,2045,,,,,,1.038
TotalTechnologyAnnualActivityLowerLimit,BAU,RD,TRMBSLPG,,,,2046,,,,,,1.0494
TotalTechnologyAnnualActivityLowerLimit,BAU,RD,TRMBSLPG,,,,2047,,,,,,1.0609
TotalTechnologyAnnualActivityLowerLimit,BAU,RD,TRMBSLPG,,,,2048,,,,,,1.0725
TotalTechnologyAnnualActivityLowerLimit,BAU,RD,TRMBSLPG,,,,2049,,,,,,1.0842
TotalTechnologyAnnualActivityLowerLimit,BAU,RD,TRMBSLPG,,,,2050,,,,,,1.096
TotalTechnologyAnnualActivityLowerLimit,BAU,RD,TRYTKDSL,,,,2018,,,,,,0.203
TotalTechnologyAnnualActivityLowerLimit,BAU,RD,TRYTKDSL,,,,2019,,,,,,0.2116
TotalTechnologyAnnualActivityLowerLimit,BAU,RD,TRYTKDSL,,,,2020,,,,,,0.1956
TotalTechnologyAnnualActivityLowerLimit,BAU,RD,TRYTKDSL,,,,2021,,,,,,0.2208
TotalTechnologyAnnualActivityLowerLimit,BAU,RD,TRYTKDSL,,,,2022,,,,,,0.2349
TotalTechnologyAnnualActivityLowerLimit,BAU,RD,TRYTKDSL,,,,2023,,,,,,0.2383
TotalTechnologyAnnualActivityLowerLimit,BAU,RD,TRYTKDSL,,,,2024,,,,,,0.246
TotalTechnologyAnnualActivityLowerLimit,BAU,RD,TRYTKDSL,,,,2025,,,,,,0.2538
TotalTechnologyAnnualActivityLowerLimit,BAU,RD,TRYTKDSL,,,,2026,,,,,,0.261
TotalTechnologyAnnualActivityLowerLimit,BAU,RD,TRYTKDSL,,,,2027,,,,,,0.2683
TotalTechnologyAnnualActivityLowerLimit,BAU,RD,TRYTKDSL,,,,2028,,,,,,0.2761
TotalTechnologyAnnualActivityLowerLimit,BAU,RD,TRYTKDSL,,,,2029,,,,,,0.2835
TotalTechnologyAnnualActivityLowerLimit,BAU,RD,TRYTKDSL,,,,2030,,,,,,0.291
TotalTechnologyAnnualActivityLowerLimit,BAU,RD,TRYTKDSL,,,,2031,,,,,,0.2977
TotalTechnologyAnnualActivityLowerLimit,BAU,RD,TRYTKDSL,,,,2032,,,,,,0.3046
TotalTechnologyAnnualActivityLowerLimit,BAU,RD,TRYTKDSL,,,,2033,,,,,,0.3115
TotalTechnologyAnnualActivityLowerLimit,BAU,RD,TRYTKDSL,,,,2034,,,,,,0.3185
TotalTechnologyAnnualActivityLowerLimit,BAU,RD,TRYTKDSL,,,,2035,,,,,,0.3257
TotalTechnologyAnnualActivityLowerLimit,BAU,RD,TRYTKDSL,,,,2036,,,,,,0.3318
TotalTechnologyAnnualActivityLowerLimit,BAU,RD,TRYTKDSL,,,,2037,,,,,,0.3379
TotalTechnologyAnnualActivityLowerLimit,BAU,RD,TRYTKDSL,,,,2038,,,,,,0.3442
TotalTechnologyAnnualActivityLowerLimit,BAU,RD,TRYTKDSL,,,,2039,,,,,,0.3506
TotalTechnologyAnnualActivityLowerLimit,BAU,RD,TRYTKDSL,,,,2040,,,,,,0.357
TotalTechnologyAnnualActivityLowerLimit,BAU,RD,TRYTKDSL,,,,2041,,,,,,0.3621
TotalTechnologyAnnualActivityLowerLimit,BAU,RD,TRYTKDSL,,,,2042,,,,,,0.3674
TotalTechnologyAnnualActivityLowerLimit,BAU,RD,TRYTKDSL,,,,2043,,,,,,0.3727
TotalTechnologyAnnualActivityLowerLimit,BAU,RD,TRYTKDSL,,,,2044,,,,,,0.3781
TotalTechnologyAnnualActivityLowerLimit,BAU,RD,TRYTKDSL,,,,2045,,,,,,0.3835
TotalTechnologyAnnualActivityLowerLimit,BAU,RD,TRYTKDSL,,,,2046,,,,,,0.3877
TotalTechnologyAnnualActivityLowerLimit,BAU,RD,TRYTKDSL,,,,2047,,,,,,0.392
TotalTechnologyAnnualActivityLowerLimit,BAU,RD,TRYTKDSL,,,,2048,,,,,,0.3962
TotalTechnologyAnnualActivityLowerLimit,BAU,RD,TRYTKDSL,,,,2049,,,,,,0.4006
TotalTechnologyAnnualActivityLowerLimit,BAU,RD,TRYTKDSL,,,,2050,,,,,,0.405
TotalTechnologyAnnualActivityLowerLimit,BAU,RD,TRYTKGSL,,,,2018,,,,,,0.0021
TotalTechnologyAnnualActivityLowerLimit,BAU,RD,TRYTKGSL,,,,2019,,,,,,0.0022
TotalTechnologyAnnualActivityLowerLimit,BAU,RD,TRYTKGSL,,,,2020,,,,,,0.002
TotalTechnologyAnnualActivityLowerLimit,BAU,RD,TRYTKGSL,,,,2021,,,,,,0.0023
TotalTechnologyAnnualActivityLowerLimit,BAU,RD,TRYTKGSL,,,,2022,,,,,,0.0024
TotalTechnologyAnnualActivityLowerLimit,BAU,RD,TRYTKGSL,,,,2023,,,,,,0.0025
TotalTechnologyAnnualActivityLowerLimit,BAU,RD,TRYTKGSL,,,,2024,,,,,,0.0025
TotalTechnologyAnnualActivityLowerLimit,BAU,RD,TRYTKGSL,,,,2025,,,,,,0.0026
TotalTechnologyAnnualActivityLowerLimit,BAU,RD,TRYTKGSL,,,,2026,,,,,,0.0027
TotalTechnologyAnnualActivityLowerLimit,BAU,RD,TRYTKGSL,,,,2027,,,,,,0.0028
TotalTechnologyAnnualActivityLowerLimit,BAU,RD,TRYTKGSL,,,,2028,,,,,,0.0028
TotalTechnologyAnnualActivityLowerLimit,BAU,RD,TRYTKGSL,,,,2029,,,,,,0.0029
TotalTechnologyAnnualActivityLowerLimit,BAU,RD,TRYTKGSL,,,,2030,,,,,,0.003
TotalTechnologyAnnualActivityLowerLimit,BAU,RD,TRYTKGSL,,,,2031,,,,,,0.0031
TotalTechnologyAnnualActivityLowerLimit,BAU,RD,TRYTKGSL,,,,2032,,,,,,0.0031
TotalTechnologyAnnualActivityLowerLimit,BAU,RD,TRYTKGSL,,,,2033,,,,,,0.0032
TotalTechnologyAnnualActivityLowerLimit,BAU,RD,TRYTKGSL,,,,2034,,,,,,0.0033
TotalTechnologyAnnualActivityLowerLimit,BAU,RD,TRYTKGSL,,,,2035,,,,,,0.0034
TotalTechnologyAnnualActivityLowerLimit,BAU,RD,TRYTKGSL,,,,2036,,,,,,0.0034
TotalTechnologyAnnualActivityLowerLimit,BAU,RD,TRYTKGSL,,,,2037,,,,,,0.0035
TotalTechnologyAnnualActivityLowerLimit,BAU,RD,TRYTKGSL,,,,2038,,,,,,0.0035
TotalTechnologyAnnualActivityLowerLimit,BAU,RD,TRYTKGSL,,,,2039,,,,,,0.0036
TotalTechnologyAnnualActivityLowerLimit,BAU,RD,TRYTKGSL,,,,2040,,,,,,0.0037
TotalTechnologyAnnualActivityLowerLimit,BAU,RD,TRYTKGSL,,,,2041,,,,,,0.0037
TotalTechnologyAnnualActivityLowerLimit,BAU,RD,TRYTKGSL,,,,2042,,,,,,0.0038
TotalTechnologyAnnualActivityLowerLimit,BAU,RD,TRYTKGSL,,,,2043,,,,,,0.0038
TotalTechnologyAnnualActivityLowerLimit,BAU,RD,TRYTKGSL,,,,2044,,,,,,0.0039
TotalTechnologyAnnualActivityLowerLimit,BAU,RD,TRYTKGSL,,,,2045,,,,,,0.004
TotalTechnologyAnnualActivityLowerLimit,BAU,RD,TRYTKGSL,,,,2046,,,,,,0.004
TotalTechnologyAnnualActivityLowerLimit,BAU,RD,TRYTKGSL,,,,2047,,,,,,0.004
TotalTechnologyAnnualActivityLowerLimit,BAU,RD,TRYTKGSL,,,,2048,,,,,,0.0041
TotalTechnologyAnnualActivityLowerLimit,BAU,RD,TRYTKGSL,,,,2049,,,,,,0.0041
TotalTechnologyAnnualActivityLowerLimit,BAU,RD,TRYTKGSL,,,,2050,,,,,,0.0042
TotalTechnologyAnnualActivityLowerLimit,BAU,RD,TRYLFDSL,,,,2018,,,,,,3.1872
TotalTechnologyAnnualActivityLowerLimit,BAU,RD,TRYLFDSL,,,,2019,,,,,,3.3559
TotalTechnologyAnnualActivityLowerLimit,BAU,RD,TRYLFDSL,,,,2020,,,,,,3.1025
TotalTechnologyAnnualActivityLowerLimit,BAU,RD,TRYLFDSL,,,,2021,,,,,,3.5026
TotalTechnologyAnnualActivityLowerLimit,BAU,RD,TRYLFDSL,,,,2022,,,,,,3.7264
TotalTechnologyAnnualActivityLowerLimit,BAU,RD,TRYLFDSL,,,,2023,,,,,,3.7814
TotalTechnologyAnnualActivityLowerLimit,BAU,RD,TRYLFDSL,,,,2024,,,,,,3.9032
TotalTechnologyAnnualActivityLowerLimit,BAU,RD,TRYLFDSL,,,,2025,,,,,,4.0252
TotalTechnologyAnnualActivityLowerLimit,BAU,RD,TRYLFDSL,,,,2026,,,,,,4.1402
TotalTechnologyAnnualActivityLowerLimit,BAU,RD,TRYLFDSL,,,,2027,,,,,,4.2567
TotalTechnologyAnnualActivityLowerLimit,BAU,RD,TRYLFDSL,,,,2028,,,,,,4.38
TotalTechnologyAnnualActivityLowerLimit,BAU,RD,TRYLFDSL,,,,2029,,,,,,4.4985
TotalTechnologyAnnualActivityLowerLimit,BAU,RD,TRYLFDSL,,,,2030,,,,,,4.6163
TotalTechnologyAnnualActivityLowerLimit,BAU,RD,TRYLFDSL,,,,2031,,,,,,4.7228
TotalTechnologyAnnualActivityLowerLimit,BAU,RD,TRYLFDSL,,,,2032,,,,,,4.8313
TotalTechnologyAnnualActivityLowerLimit,BAU,RD,TRYLFDSL,,,,2033,,,,,,4.9416
TotalTechnologyAnnualActivityLowerLimit,BAU,RD,TRYLFDSL,,,,2034,,,,,,5.0539
TotalTechnologyAnnualActivityLowerLimit,BAU,RD,TRYLFDSL,,,,2035,,,,,,5.168
TotalTechnologyAnnualActivityLowerLimit,BAU,RD,TRYLFDSL,,,,2036,,,,,,5.2641
TotalTechnologyAnnualActivityLowerLimit,BAU,RD,TRYLFDSL,,,,2037,,,,,,5.3617
TotalTechnologyAnnualActivityLowerLimit,BAU,RD,TRYLFDSL,,,,2038,,,,,,5.4606
TotalTechnologyAnnualActivityLowerLimit,BAU,RD,TRYLFDSL,,,,2039,,,,,,5.5609
TotalTechnologyAnnualActivityLowerLimit,BAU,RD,TRYLFDSL,,,,2040,,,,,,5.6626
TotalTechnologyAnnualActivityLowerLimit,BAU,RD,TRYLFDSL,,,,2041,,,,,,5.7451
TotalTechnologyAnnualActivityLowerLimit,BAU,RD,TRYLFDSL,,,,2042,,,,,,5.8285
TotalTechnologyAnnualActivityLowerLimit,BAU,RD,TRYLFDSL,,,,2043,,,,,,5.9129
TotalTechnologyAnnualActivityLowerLimit,BAU,RD,TRYLFDSL,,,,2044,,,,,,5.9981
TotalTechnologyAnnualActivityLowerLimit,BAU,RD,TRYLFDSL,,,,2045,,,,,,6.0843
TotalTechnologyAnnualActivityLowerLimit,BAU,RD,TRYLFDSL,,,,2046,,,,,,6.1512
TotalTechnologyAnnualActivityLowerLimit,BAU,RD,TRYLFDSL,,,,2047,,,,,,6.2186
TotalTechnologyAnnualActivityLowerLimit,BAU,RD,TRYLFDSL,,,,2048,,,,,,6.2866
TotalTechnologyAnnualActivityLowerLimit,BAU,RD,TRYLFDSL,,,,2049,,,,,,6.3552
TotalTechnologyAnnualActivityLowerLimit,BAU,RD,TRYLFDSL,,,,2050,,,,,,6.4244
TotalTechnologyAnnualActivityLowerLimit,BAU,RD,TRYLFGSL,,,,2018,,,,,,0.1634
TotalTechnologyAnnualActivityLowerLimit,BAU,RD,TRYLFGSL,,,,2019,,,,,,0.1721
TotalTechnologyAnnualActivityLowerLimit,BAU,RD,TRYLFGSL,,,,2020,,,,,,0.1591
TotalTechnologyAnnualActivityLowerLimit,BAU,RD,TRYLFGSL,,,,2021,,,,,,0.1796
TotalTechnologyAnnualActivityLowerLimit,BAU,RD,TRYLFGSL,,,,2022,,,,,,0.1911
TotalTechnologyAnnualActivityLowerLimit,BAU,RD,TRYLFGSL,,,,2023,,,,,,0.1939
TotalTechnologyAnnualActivityLowerLimit,BAU,RD,TRYLFGSL,,,,2024,,,,,,0.2002
TotalTechnologyAnnualActivityLowerLimit,BAU,RD,TRYLFGSL,,,,2025,,,,,,0.2064
TotalTechnologyAnnualActivityLowerLimit,BAU,RD,TRYLFGSL,,,,2026,,,,,,0.2123
TotalTechnologyAnnualActivityLowerLimit,BAU,RD,TRYLFGSL,,,,2027,,,,,,0.2183
TotalTechnologyAnnualActivityLowerLimit,BAU,RD,TRYLFGSL,,,,2028,,,,,,0.2246
TotalTechnologyAnnualActivityLowerLimit,BAU,RD,TRYLFGSL,,,,2029,,,,,,0.2307
TotalTechnologyAnnualActivityLowerLimit,BAU,RD,TRYLFGSL,,,,2030,,,,,,0.2367
TotalTechnologyAnnualActivityLowerLimit,BAU,RD,TRYLFGSL,,,,2031,,,,,,0.2422
TotalTechnologyAnnualActivityLowerLimit,BAU,RD,TRYLFGSL,,,,2032,,,,,,0.2478
TotalTechnologyAnnualActivityLowerLimit,BAU,RD,TRYLFGSL,,,,2033,,,,,,0.2534
TotalTechnologyAnnualActivityLowerLimit,BAU,RD,TRYLFGSL,,,,2034,,,,,,0.2592
TotalTechnologyAnnualActivityLowerLimit,BAU,RD,TRYLFGSL,,,,2035,,,,,,0.265
TotalTechnologyAnnualActivityLowerLimit,BAU,RD,TRYLFGSL,,,,2036,,,,,,0.27
TotalTechnologyAnnualActivityLowerLimit,BAU,RD,TRYLFGSL,,,,2037,,,,,,0.275
TotalTechnologyAnnualActivityLowerLimit,BAU,RD,TRYLFGSL,,,,2038,,,,,,0.28
TotalTechnologyAnnualActivityLowerLimit,BAU,RD,TRYLFGSL,,,,2039,,,,,,0.2852
TotalTechnologyAnnualActivityLowerLimit,BAU,RD,TRYLFGSL,,,,2040,,,,,,0.2904
TotalTechnologyAnnualActivityLowerLimit,BAU,RD,TRYLFGSL,,,,2041,,,,,,0.2946
TotalTechnologyAnnualActivityLowerLimit,BAU,RD,TRYLFGSL,,,,2042,,,,,,0.2989
TotalTechnologyAnnualActivityLowerLimit,BAU,RD,TRYLFGSL,,,,2043,,,,,,0.3032
TotalTechnologyAnnualActivityLowerLimit,BAU,RD,TRYLFGSL,,,,2044,,,,,,0.3076
TotalTechnologyAnnualActivityLowerLimit,BAU,RD,TRYLFGSL,,,,2045,,,,,,0.312
TotalTechnologyAnnualActivityLowerLimit,BAU,RD,TRYLFGSL,,,,2046,,,,,,0.3154
TotalTechnologyAnnualActivityLowerLimit,BAU,RD,TRYLFGSL,,,,2047,,,,,,0.3189
TotalTechnologyAnnualActivityLowerLimit,BAU,RD,TRYLFGSL,,,,2048,,,,,,0.3224
TotalTechnologyAnnualActivityLowerLimit,BAU,RD,TRYLFGSL,,,,2049,,,,,,0.3259
TotalTechnologyAnnualActivityLowerLimit,BAU,RD,TRYLFGSL,,,,2050,,,,,,0.3295
TotalTechnologyAnnualActivityLowerLimit,BAU,RD,TRYLFLPG,,,,2018,,,,,,0.6946
TotalTechnologyAnnualActivityLowerLimit,BAU,RD,TRYLFLPG,,,,2019,,,,,,0.6884
TotalTechnologyAnnualActivityLowerLimit,BAU,RD,TRYLFLPG,,,,2020,,,,,,0.6364
TotalTechnologyAnnualActivityLowerLimit,BAU,RD,TRYLFLPG,,,,2021,,,,,,0.7185
TotalTechnologyAnnualActivityLowerLimit,BAU,RD,TRYLFLPG,,,,2022,,,,,,0.7644
TotalTechnologyAnnualActivityLowerLimit,BAU,RD,TRYLFLPG,,,,2023,,,,,,0.7757
TotalTechnologyAnnualActivityLowerLimit,BAU,RD,TRYLFLPG,,,,2024,,,,,,0.8007
TotalTechnologyAnnualActivityLowerLimit,BAU,RD,TRYLFLPG,,,,2025,,,,,,0.8257
TotalTechnologyAnnualActivityLowerLimit,BAU,RD,TRYLFLPG,,,,2026,,,,,,0.8493
TotalTechnologyAnnualActivityLowerLimit,BAU,RD,TRYLFLPG,,,,2027,,,,,,0.8732
TotalTechnologyAnnualActivityLowerLimit,BAU,RD,TRYLFLPG,,,,2028,,,,,,0.8985
TotalTechnologyAnnualActivityLowerLimit,BAU,RD,TRYLFLPG,,,,2029,,,,,,0.9228
TotalTechnologyAnnualActivityLowerLimit,BAU,RD,TRYLFLPG,,,,2030,,,,,,0.9469
TotalTechnologyAnnualActivityLowerLimit,BAU,RD,TRYLFLPG,,,,2031,,,,,,0.9688
TotalTechnologyAnnualActivityLowerLimit,BAU,RD,TRYLFLPG,,,,2032,,,,,,0.991
TotalTechnologyAnnualActivityLowerLimit,BAU,RD,TRYLFLPG,,,,2033,,,,,,1.0137
TotalTechnologyAnnualActivityLowerLimit,BAU,RD,TRYLFLPG,,,,2034,,,,,,1.0367
TotalTechnologyAnnualActivityLowerLimit,BAU,RD,TRYLFLPG,,,,2035,,,,,,1.0601
TotalTechnologyAnnualActivityLowerLimit,BAU,RD,TRYLFLPG,,,,2036,,,,,,1.0798
TotalTechnologyAnnualActivityLowerLimit,BAU,RD,TRYLFLPG,,,,2037,,,,,,1.0998
TotalTechnologyAnnualActivityLowerLimit,BAU,RD,TRYLFLPG,,,,2038,,,,,,1.1201
TotalTechnologyAnnualActivityLowerLimit,BAU,RD,TRYLFLPG,,,,2039,,,,,,1.1407
TotalTechnologyAnnualActivityLowerLimit,BAU,RD,TRYLFLPG,,,,2040,,,,,,1.1616
TotalTechnologyAnnualActivityLowerLimit,BAU,RD,TRYLFLPG,,,,2041,,,,,,1.1785
TotalTechnologyAnnualActivityLowerLimit,BAU,RD,TRYLFLPG,,,,2042,,,,,,1.1956
TotalTechnologyAnnualActivityLowerLimit,BAU,RD,TRYLFLPG,,,,2043,,,,,,1.2129
TotalTechnologyAnnualActivityLowerLimit,BAU,RD,TRYLFLPG,,,,2044,,,,,,1.2304
TotalTechnologyAnnualActivityLowerLimit,BAU,RD,TRYLFLPG,,,,2045,,,,,,1.2481
TotalTechnologyAnnualActivityLowerLimit,BAU,RD,TRYLFLPG,,,,2046,,,,,,1.2618
TotalTechnologyAnnualActivityLowerLimit,BAU,RD,TRYLFLPG,,,,2047,,,,,,1.2756
TotalTechnologyAnnualActivityLowerLimit,BAU,RD,TRYLFLPG,,,,2048,,,,,,1.2896
TotalTechnologyAnnualActivityLowerLimit,BAU,RD,TRYLFLPG,,,,2049,,,,,,1.3036
TotalTechnologyAnnualActivityLowerLimit,BAU,RD,TRYLFLPG,,,,2050,,,,,,1.3178
