PARAMETER,Scenario,REGION,TECHNOLOGY,FUEL,EMISSION,MODE_OF_OPERATION,YEAR,TIMESLICE,SEASON,DAYTYPE,DAILYTIMEBRACKET,STORAGE,Value
EmissionActivityRatio,BAU,GUA,INORG_RCY_OS,,CO2e_WASTE,1,2018,,,,,,0.0
EmissionActivityRatio,BAU,GUA,INORG_RCY_OS,,CO2e_WASTE,1,2019,,,,,,0.0
EmissionActivityRatio,BAU,GUA,INORG_RCY_OS,,CO2e_WASTE,1,2020,,,,,,0.0
EmissionActivityRatio,BAU,GUA,INORG_RCY_OS,,CO2e_WASTE,1,2021,,,,,,0.0
EmissionActivityRatio,BAU,GUA,INORG_RCY_OS,,CO2e_WASTE,1,2022,,,,,,0.0
EmissionActivityRatio,BAU,GUA,INORG_RCY_OS,,CO2e_WASTE,1,2023,,,,,,0.0
EmissionActivityRatio,BAU,GUA,INORG_RCY_OS,,CO2e_WASTE,1,2024,,,,,,0.0
EmissionActivityRatio,BAU,GUA,INORG_RCY_OS,,CO2e_WASTE,1,2025,,,,,,0.0
EmissionActivityRatio,BAU,GUA,INORG_RCY_OS,,CO2e_WASTE,1,2026,,,,,,0.0
EmissionActivityRatio,BAU,GUA,INORG_RCY_OS,,CO2e_WASTE,1,2027,,,,,,0.0
EmissionActivityRatio,BAU,GUA,INORG_RCY_OS,,CO2e_WASTE,1,2028,,,,,,0.0
EmissionActivityRatio,BAU,GUA,INORG_RCY_OS,,CO2e_WASTE,1,2029,,,,,,0.0
EmissionActivityRatio,BAU,GUA,INORG_RCY_OS,,CO2e_WASTE,1,2030,,,,,,0.0
EmissionActivityRatio,BAU,GUA,INORG_RCY_OS,,CO2e_WASTE,1,2031,,,,,,0.0
EmissionActivityRatio,BAU,GUA,INORG_RCY_OS,,CO2e_WASTE,1,2032,,,,,,0.0
EmissionActivityRatio,BAU,GUA,INORG_RCY_OS,,CO2e_WASTE,1,2033,,,,,,0.0
EmissionActivityRatio,BAU,GUA,INORG_RCY_OS,,CO2e_WASTE,1,2034,,,,,,0.0
EmissionActivityRatio,BAU,GUA,INORG_RCY_OS,,CO2e_WASTE,1,2035,,,,,,0.0
EmissionActivityRatio,BAU,GUA,INORG_RCY_OS,,CO2e_WASTE,1,2036,,,,,,0.0
EmissionActivityRatio,BAU,GUA,INORG_RCY_OS,,CO2e_WASTE,1,2037,,,,,,0.0
EmissionActivityRatio,BAU,GUA,INORG_RCY_OS,,CO2e_WASTE,1,2038,,,,,,0.0
EmissionActivityRatio,BAU,GUA,INORG_RCY_OS,,CO2e_WASTE,1,2039,,,,,,0.0
EmissionActivityRatio,BAU,GUA,INORG_RCY_OS,,CO2e_WASTE,1,2040,,,,,,0.0
EmissionActivityRatio,BAU,GUA,INORG_RCY_OS,,CO2e_WASTE,1,2041,,,,,,0.0
EmissionActivityRatio,BAU,GUA,INORG_RCY_OS,,CO2e_WASTE,1,2042,,,,,,0.0
EmissionActivityRatio,BAU,GUA,INORG_RCY_OS,,CO2e_WASTE,1,2043,,,,,,0.0
EmissionActivityRatio,BAU,GUA,INORG_RCY_OS,,CO2e_WASTE,1,2044,,,,,,0.0
EmissionActivityRatio,BAU,GUA,INORG_RCY_OS,,CO2e_WASTE,1,2045,,,,,,0.0
EmissionActivityRatio,BAU,GUA,INORG_RCY_OS,,CO2e_WASTE,1,2046,,,,,,0.0
EmissionActivityRatio,BAU,GUA,INORG_RCY_OS,,CO2e_WASTE,1,2047,,,,,,0.0
EmissionActivityRatio,BAU,GUA,INORG_RCY_OS,,CO2e_WASTE,1,2048,,,,,,0.0
EmissionActivityRatio,BAU,GUA,INORG_RCY_OS,,CO2e_WASTE,1,2049,,,,,,0.0
EmissionActivityRatio,BAU,GUA,INORG_RCY_OS,,CO2e_WASTE,1,2050,,,,,,0.0
EmissionActivityRatio,BAU,GUA,INORG_RCY_OS,,CO2_WASTE,1,2018,,,,,,0.0
EmissionActivityRatio,BAU,GUA,INORG_RCY_OS,,CO2_WASTE,1,2019,,,,,,0.0
EmissionActivityRatio,BAU,GUA,INORG_RCY_OS,,CO2_WASTE,1,2020,,,,,,0.0
EmissionActivityRatio,BAU,GUA,INORG_RCY_OS,,CO2_WASTE,1,2021,,,,,,0.0
EmissionActivityRatio,BAU,GUA,INORG_RCY_OS,,CO2_WASTE,1,2022,,,,,,0.0
EmissionActivityRatio,BAU,GUA,INORG_RCY_OS,,CO2_WASTE,1,2023,,,,,,0.0
EmissionActivityRatio,BAU,GUA,INORG_RCY_OS,,CO2_WASTE,1,2024,,,,,,0.0
EmissionActivityRatio,BAU,GUA,INORG_RCY_OS,,CO2_WASTE,1,2025,,,,,,0.0
EmissionActivityRatio,BAU,GUA,INORG_RCY_OS,,CO2_WASTE,1,2026,,,,,,0.0
EmissionActivityRatio,BAU,GUA,INORG_RCY_OS,,CO2_WASTE,1,2027,,,,,,0.0
EmissionActivityRatio,BAU,GUA,INORG_RCY_OS,,CO2_WASTE,1,2028,,,,,,0.0
EmissionActivityRatio,BAU,GUA,INORG_RCY_OS,,CO2_WASTE,1,2029,,,,,,0.0
EmissionActivityRatio,BAU,GUA,INORG_RCY_OS,,CO2_WASTE,1,2030,,,,,,0.0
EmissionActivityRatio,BAU,GUA,INORG_RCY_OS,,CO2_WASTE,1,2031,,,,,,0.0
EmissionActivityRatio,BAU,GUA,INORG_RCY_OS,,CO2_WASTE,1,2032,,,,,,0.0
EmissionActivityRatio,BAU,GUA,INORG_RCY_OS,,CO2_WASTE,1,2033,,,,,,0.0
EmissionActivityRatio,BAU,GUA,INORG_RCY_OS,,CO2_WASTE,1,2034,,,,,,0.0
EmissionActivityRatio,BAU,GUA,INORG_RCY_OS,,CO2_WASTE,1,2035,,,,,,0.0
EmissionActivityRatio,BAU,GUA,INORG_RCY_OS,,CO2_WASTE,1,2036,,,,,,0.0
EmissionActivityRatio,BAU,GUA,INORG_RCY_OS,,CO2_WASTE,1,2037,,,,,,0.0
EmissionActivityRatio,BAU,GUA,INORG_RCY_OS,,CO2_WASTE,1,2038,,,,,,0.0
EmissionActivityRatio,BAU,GUA,INORG_RCY_OS,,CO2_WASTE,1,2039,,,,,,0.0
EmissionActivityRatio,BAU,GUA,INORG_RCY_OS,,CO2_WASTE,1,2040,,,,,,0.0
EmissionActivityRatio,BAU,GUA,INORG_RCY_OS,,CO2_WASTE,1,2041,,,,,,0.0
EmissionActivityRatio,BAU,GUA,INORG_RCY_OS,,CO2_WASTE,1,2042,,,,,,0.0
EmissionActivityRatio,BAU,GUA,INORG_RCY_OS,,CO2_WASTE,1,2043,,,,,,0.0
EmissionActivityRatio,BAU,GUA,INORG_RCY_OS,,CO2_WASTE,1,2044,,,,,,0.0
EmissionActivityRatio,BAU,GUA,INORG_RCY_OS,,CO2_WASTE,1,2045,,,,,,0.0
EmissionActivityRatio,BAU,GUA,INORG_RCY_OS,,CO2_WASTE,1,2046,,,,,,0.0
EmissionActivityRatio,BAU,GUA,INORG_RCY_OS,,CO2_WASTE,1,2047,,,,,,0.0
EmissionActivityRatio,BAU,GUA,INORG_RCY_OS,,CO2_WASTE,1,2048,,,,,,0.0
EmissionActivityRatio,BAU,GUA,INORG_RCY_OS,,CO2_WASTE,1,2049,,,,,,0.0
EmissionActivityRatio,BAU,GUA,INORG_RCY_OS,,CO2_WASTE,1,2050,,,,,,0.0
EmissionActivityRatio,BAU,GUA,INORG_RCY_OS,,CH4_WASTE,1,2018,,,,,,0.0
EmissionActivityRatio,BAU,GUA,INORG_RCY_OS,,CH4_WASTE,1,2019,,,,,,0.0
EmissionActivityRatio,BAU,GUA,INORG_RCY_OS,,CH4_WASTE,1,2020,,,,,,0.0
EmissionActivityRatio,BAU,GUA,INORG_RCY_OS,,CH4_WASTE,1,2021,,,,,,0.0
EmissionActivityRatio,BAU,GUA,INORG_RCY_OS,,CH4_WASTE,1,2022,,,,,,0.0
EmissionActivityRatio,BAU,GUA,INORG_RCY_OS,,CH4_WASTE,1,2023,,,,,,0.0
EmissionActivityRatio,BAU,GUA,INORG_RCY_OS,,CH4_WASTE,1,2024,,,,,,0.0
EmissionActivityRatio,BAU,GUA,INORG_RCY_OS,,CH4_WASTE,1,2025,,,,,,0.0
EmissionActivityRatio,BAU,GUA,INORG_RCY_OS,,CH4_WASTE,1,2026,,,,,,0.0
EmissionActivityRatio,BAU,GUA,INORG_RCY_OS,,CH4_WASTE,1,2027,,,,,,0.0
EmissionActivityRatio,BAU,GUA,INORG_RCY_OS,,CH4_WASTE,1,2028,,,,,,0.0
EmissionActivityRatio,BAU,GUA,INORG_RCY_OS,,CH4_WASTE,1,2029,,,,,,0.0
EmissionActivityRatio,BAU,GUA,INORG_RCY_OS,,CH4_WASTE,1,2030,,,,,,0.0
EmissionActivityRatio,BAU,GUA,INORG_RCY_OS,,CH4_WASTE,1,2031,,,,,,0.0
EmissionActivityRatio,BAU,GUA,INORG_RCY_OS,,CH4_WASTE,1,2032,,,,,,0.0
EmissionActivityRatio,BAU,GUA,INORG_RCY_OS,,CH4_WASTE,1,2033,,,,,,0.0
EmissionActivityRatio,BAU,GUA,INORG_RCY_OS,,CH4_WASTE,1,2034,,,,,,0.0
EmissionActivityRatio,BAU,GUA,INORG_RCY_OS,,CH4_WASTE,1,2035,,,,,,0.0
EmissionActivityRatio,BAU,GUA,INORG_RCY_OS,,CH4_WASTE,1,2036,,,,,,0.0
EmissionActivityRatio,BAU,GUA,INORG_RCY_OS,,CH4_WASTE,1,2037,,,,,,0.0
EmissionActivityRatio,BAU,GUA,INORG_RCY_OS,,CH4_WASTE,1,2038,,,,,,0.0
EmissionActivityRatio,BAU,GUA,INORG_RCY_OS,,CH4_WASTE,1,2039,,,,,,0.0
EmissionActivityRatio,BAU,GUA,INORG_RCY_OS,,CH4_WASTE,1,2040,,,,,,0.0
EmissionActivityRatio,BAU,GUA,INORG_RCY_OS,,CH4_WASTE,1,2041,,,,,,0.0
EmissionActivityRatio,BAU,GUA,INORG_RCY_OS,,CH4_WASTE,1,2042,,,,,,0.0
EmissionActivityRatio,BAU,GUA,INORG_RCY_OS,,CH4_WASTE,1,2043,,,,,,0.0
EmissionActivityRatio,BAU,GUA,INORG_RCY_OS,,CH4_WASTE,1,2044,,,,,,0.0
EmissionActivityRatio,BAU,GUA,INORG_RCY_OS,,CH4_WASTE,1,2045,,,,,,0.0
EmissionActivityRatio,BAU,GUA,INORG_RCY_OS,,CH4_WASTE,1,2046,,,,,,0.0
EmissionActivityRatio,BAU,GUA,INORG_RCY_OS,,CH4_WASTE,1,2047,,,,,,0.0
EmissionActivityRatio,BAU,GUA,INORG_RCY_OS,,CH4_WASTE,1,2048,,,,,,0.0
EmissionActivityRatio,BAU,GUA,INORG_RCY_OS,,CH4_WASTE,1,2049,,,,,,0.0
EmissionActivityRatio,BAU,GUA,INORG_RCY_OS,,CH4_WASTE,1,2050,,,,,,0.0
EmissionActivityRatio,BAU,GUA,INORG_RCY_OS,,N2O_WASTE,1,2018,,,,,,0.0
EmissionActivityRatio,BAU,GUA,INORG_RCY_OS,,N2O_WASTE,1,2019,,,,,,0.0
EmissionActivityRatio,BAU,GUA,INORG_RCY_OS,,N2O_WASTE,1,2020,,,,,,0.0
EmissionActivityRatio,BAU,GUA,INORG_RCY_OS,,N2O_WASTE,1,2021,,,,,,0.0
EmissionActivityRatio,BAU,GUA,INORG_RCY_OS,,N2O_WASTE,1,2022,,,,,,0.0
EmissionActivityRatio,BAU,GUA,INORG_RCY_OS,,N2O_WASTE,1,2023,,,,,,0.0
EmissionActivityRatio,BAU,GUA,INORG_RCY_OS,,N2O_WASTE,1,2024,,,,,,0.0
EmissionActivityRatio,BAU,GUA,INORG_RCY_OS,,N2O_WASTE,1,2025,,,,,,0.0
EmissionActivityRatio,BAU,GUA,INORG_RCY_OS,,N2O_WASTE,1,2026,,,,,,0.0
EmissionActivityRatio,BAU,GUA,INORG_RCY_OS,,N2O_WASTE,1,2027,,,,,,0.0
EmissionActivityRatio,BAU,GUA,INORG_RCY_OS,,N2O_WASTE,1,2028,,,,,,0.0
EmissionActivityRatio,BAU,GUA,INORG_RCY_OS,,N2O_WASTE,1,2029,,,,,,0.0
EmissionActivityRatio,BAU,GUA,INORG_RCY_OS,,N2O_WASTE,1,2030,,,,,,0.0
EmissionActivityRatio,BAU,GUA,INORG_RCY_OS,,N2O_WASTE,1,2031,,,,,,0.0
EmissionActivityRatio,BAU,GUA,INORG_RCY_OS,,N2O_WASTE,1,2032,,,,,,0.0
EmissionActivityRatio,BAU,GUA,INORG_RCY_OS,,N2O_WASTE,1,2033,,,,,,0.0
EmissionActivityRatio,BAU,GUA,INORG_RCY_OS,,N2O_WASTE,1,2034,,,,,,0.0
EmissionActivityRatio,BAU,GUA,INORG_RCY_OS,,N2O_WASTE,1,2035,,,,,,0.0
EmissionActivityRatio,BAU,GUA,INORG_RCY_OS,,N2O_WASTE,1,2036,,,,,,0.0
EmissionActivityRatio,BAU,GUA,INORG_RCY_OS,,N2O_WASTE,1,2037,,,,,,0.0
EmissionActivityRatio,BAU,GUA,INORG_RCY_OS,,N2O_WASTE,1,2038,,,,,,0.0
EmissionActivityRatio,BAU,GUA,INORG_RCY_OS,,N2O_WASTE,1,2039,,,,,,0.0
EmissionActivityRatio,BAU,GUA,INORG_RCY_OS,,N2O_WASTE,1,2040,,,,,,0.0
EmissionActivityRatio,BAU,GUA,INORG_RCY_OS,,N2O_WASTE,1,2041,,,,,,0.0
EmissionActivityRatio,BAU,GUA,INORG_RCY_OS,,N2O_WASTE,1,2042,,,,,,0.0
EmissionActivityRatio,BAU,GUA,INORG_RCY_OS,,N2O_WASTE,1,2043,,,,,,0.0
EmissionActivityRatio,BAU,GUA,INORG_RCY_OS,,N2O_WASTE,1,2044,,,,,,0.0
EmissionActivityRatio,BAU,GUA,INORG_RCY_OS,,N2O_WASTE,1,2045,,,,,,0.0
EmissionActivityRatio,BAU,GUA,INORG_RCY_OS,,N2O_WASTE,1,2046,,,,,,0.0
EmissionActivityRatio,BAU,GUA,INORG_RCY_OS,,N2O_WASTE,1,2047,,,,,,0.0
EmissionActivityRatio,BAU,GUA,INORG_RCY_OS,,N2O_WASTE,1,2048,,,,,,0.0
EmissionActivityRatio,BAU,GUA,INORG_RCY_OS,,N2O_WASTE,1,2049,,,,,,0.0
EmissionActivityRatio,BAU,GUA,INORG_RCY_OS,,N2O_WASTE,1,2050,,,,,,0.0
EmissionActivityRatio,BAU,GUA,AD,,CO2e_WASTE,1,2018,,,,,,0.0
EmissionActivityRatio,BAU,GUA,AD,,CO2e_WASTE,1,2019,,,,,,0.0
EmissionActivityRatio,BAU,GUA,AD,,CO2e_WASTE,1,2020,,,,,,0.0
EmissionActivityRatio,BAU,GUA,AD,,CO2e_WASTE,1,2021,,,,,,0.0
EmissionActivityRatio,BAU,GUA,AD,,CO2e_WASTE,1,2022,,,,,,0.0
EmissionActivityRatio,BAU,GUA,AD,,CO2e_WASTE,1,2023,,,,,,0.0
EmissionActivityRatio,BAU,GUA,AD,,CO2e_WASTE,1,2024,,,,,,0.0
EmissionActivityRatio,BAU,GUA,AD,,CO2e_WASTE,1,2025,,,,,,0.0
EmissionActivityRatio,BAU,GUA,AD,,CO2e_WASTE,1,2026,,,,,,0.0
EmissionActivityRatio,BAU,GUA,AD,,CO2e_WASTE,1,2027,,,,,,0.0
EmissionActivityRatio,BAU,GUA,AD,,CO2e_WASTE,1,2028,,,,,,0.0
EmissionActivityRatio,BAU,GUA,AD,,CO2e_WASTE,1,2029,,,,,,0.0
EmissionActivityRatio,BAU,GUA,AD,,CO2e_WASTE,1,2030,,,,,,0.0
EmissionActivityRatio,BAU,GUA,AD,,CO2e_WASTE,1,2031,,,,,,0.0
EmissionActivityRatio,BAU,GUA,AD,,CO2e_WASTE,1,2032,,,,,,0.0
EmissionActivityRatio,BAU,GUA,AD,,CO2e_WASTE,1,2033,,,,,,0.0
EmissionActivityRatio,BAU,GUA,AD,,CO2e_WASTE,1,2034,,,,,,0.0
EmissionActivityRatio,BAU,GUA,AD,,CO2e_WASTE,1,2035,,,,,,0.0
EmissionActivityRatio,BAU,GUA,AD,,CO2e_WASTE,1,2036,,,,,,0.0
EmissionActivityRatio,BAU,GUA,AD,,CO2e_WASTE,1,2037,,,,,,0.0
EmissionActivityRatio,BAU,GUA,AD,,CO2e_WASTE,1,2038,,,,,,0.0
EmissionActivityRatio,BAU,GUA,AD,,CO2e_WASTE,1,2039,,,,,,0.0
EmissionActivityRatio,BAU,GUA,AD,,CO2e_WASTE,1,2040,,,,,,0.0
EmissionActivityRatio,BAU,GUA,AD,,CO2e_WASTE,1,2041,,,,,,0.0
EmissionActivityRatio,BAU,GUA,AD,,CO2e_WASTE,1,2042,,,,,,0.0
EmissionActivityRatio,BAU,GUA,AD,,CO2e_WASTE,1,2043,,,,,,0.0
EmissionActivityRatio,BAU,GUA,AD,,CO2e_WASTE,1,2044,,,,,,0.0
EmissionActivityRatio,BAU,GUA,AD,,CO2e_WASTE,1,2045,,,,,,0.0
EmissionActivityRatio,BAU,GUA,AD,,CO2e_WASTE,1,2046,,,,,,0.0
EmissionActivityRatio,BAU,GUA,AD,,CO2e_WASTE,1,2047,,,,,,0.0
EmissionActivityRatio,BAU,GUA,AD,,CO2e_WASTE,1,2048,,,,,,0.0
EmissionActivityRatio,BAU,GUA,AD,,CO2e_WASTE,1,2049,,,,,,0.0
EmissionActivityRatio,BAU,GUA,AD,,CO2e_WASTE,1,2050,,,,,,0.0
EmissionActivityRatio,BAU,GUA,AD,,CO2_WASTE,1,2018,,,,,,0.0
EmissionActivityRatio,BAU,GUA,AD,,CO2_WASTE,1,2019,,,,,,0.0
EmissionActivityRatio,BAU,GUA,AD,,CO2_WASTE,1,2020,,,,,,0.0
EmissionActivityRatio,BAU,GUA,AD,,CO2_WASTE,1,2021,,,,,,0.0
EmissionActivityRatio,BAU,GUA,AD,,CO2_WASTE,1,2022,,,,,,0.0
EmissionActivityRatio,BAU,GUA,AD,,CO2_WASTE,1,2023,,,,,,0.0
EmissionActivityRatio,BAU,GUA,AD,,CO2_WASTE,1,2024,,,,,,0.0
EmissionActivityRatio,BAU,GUA,AD,,CO2_WASTE,1,2025,,,,,,0.0
EmissionActivityRatio,BAU,GUA,AD,,CO2_WASTE,1,2026,,,,,,0.0
EmissionActivityRatio,BAU,GUA,AD,,CO2_WASTE,1,2027,,,,,,0.0
EmissionActivityRatio,BAU,GUA,AD,,CO2_WASTE,1,2028,,,,,,0.0
EmissionActivityRatio,BAU,GUA,AD,,CO2_WASTE,1,2029,,,,,,0.0
EmissionActivityRatio,BAU,GUA,AD,,CO2_WASTE,1,2030,,,,,,0.0
EmissionActivityRatio,BAU,GUA,AD,,CO2_WASTE,1,2031,,,,,,0.0
EmissionActivityRatio,BAU,GUA,AD,,CO2_WASTE,1,2032,,,,,,0.0
EmissionActivityRatio,BAU,GUA,AD,,CO2_WASTE,1,2033,,,,,,0.0
EmissionActivityRatio,BAU,GUA,AD,,CO2_WASTE,1,2034,,,,,,0.0
EmissionActivityRatio,BAU,GUA,AD,,CO2_WASTE,1,2035,,,,,,0.0
EmissionActivityRatio,BAU,GUA,AD,,CO2_WASTE,1,2036,,,,,,0.0
EmissionActivityRatio,BAU,GUA,AD,,CO2_WASTE,1,2037,,,,,,0.0
EmissionActivityRatio,BAU,GUA,AD,,CO2_WASTE,1,2038,,,,,,0.0
EmissionActivityRatio,BAU,GUA,AD,,CO2_WASTE,1,2039,,,,,,0.0
EmissionActivityRatio,BAU,GUA,AD,,CO2_WASTE,1,2040,,,,,,0.0
EmissionActivityRatio,BAU,GUA,AD,,CO2_WASTE,1,2041,,,,,,0.0
EmissionActivityRatio,BAU,GUA,AD,,CO2_WASTE,1,2042,,,,,,0.0
EmissionActivityRatio,BAU,GUA,AD,,CO2_WASTE,1,2043,,,,,,0.0
EmissionActivityRatio,BAU,GUA,AD,,CO2_WASTE,1,2044,,,,,,0.0
EmissionActivityRatio,BAU,GUA,AD,,CO2_WASTE,1,2045,,,,,,0.0
EmissionActivityRatio,BAU,GUA,AD,,CO2_WASTE,1,2046,,,,,,0.0
EmissionActivityRatio,BAU,GUA,AD,,CO2_WASTE,1,2047,,,,,,0.0
EmissionActivityRatio,BAU,GUA,AD,,CO2_WASTE,1,2048,,,,,,0.0
EmissionActivityRatio,BAU,GUA,AD,,CO2_WASTE,1,2049,,,,,,0.0
EmissionActivityRatio,BAU,GUA,AD,,CO2_WASTE,1,2050,,,,,,0.0
EmissionActivityRatio,BAU,GUA,AD,,CH4_WASTE,1,2018,,,,,,0.0
EmissionActivityRatio,BAU,GUA,AD,,CH4_WASTE,1,2019,,,,,,0.0
EmissionActivityRatio,BAU,GUA,AD,,CH4_WASTE,1,2020,,,,,,0.0
EmissionActivityRatio,BAU,GUA,AD,,CH4_WASTE,1,2021,,,,,,0.0
EmissionActivityRatio,BAU,GUA,AD,,CH4_WASTE,1,2022,,,,,,0.0
EmissionActivityRatio,BAU,GUA,AD,,CH4_WASTE,1,2023,,,,,,0.0
EmissionActivityRatio,BAU,GUA,AD,,CH4_WASTE,1,2024,,,,,,0.0
EmissionActivityRatio,BAU,GUA,AD,,CH4_WASTE,1,2025,,,,,,0.0
EmissionActivityRatio,BAU,GUA,AD,,CH4_WASTE,1,2026,,,,,,0.0
EmissionActivityRatio,BAU,GUA,AD,,CH4_WASTE,1,2027,,,,,,0.0
EmissionActivityRatio,BAU,GUA,AD,,CH4_WASTE,1,2028,,,,,,0.0
EmissionActivityRatio,BAU,GUA,AD,,CH4_WASTE,1,2029,,,,,,0.0
EmissionActivityRatio,BAU,GUA,AD,,CH4_WASTE,1,2030,,,,,,0.0
EmissionActivityRatio,BAU,GUA,AD,,CH4_WASTE,1,2031,,,,,,0.0
EmissionActivityRatio,BAU,GUA,AD,,CH4_WASTE,1,2032,,,,,,0.0
EmissionActivityRatio,BAU,GUA,AD,,CH4_WASTE,1,2033,,,,,,0.0
EmissionActivityRatio,BAU,GUA,AD,,CH4_WASTE,1,2034,,,,,,0.0
EmissionActivityRatio,BAU,GUA,AD,,CH4_WASTE,1,2035,,,,,,0.0
EmissionActivityRatio,BAU,GUA,AD,,CH4_WASTE,1,2036,,,,,,0.0
EmissionActivityRatio,BAU,GUA,AD,,CH4_WASTE,1,2037,,,,,,0.0
EmissionActivityRatio,BAU,GUA,AD,,CH4_WASTE,1,2038,,,,,,0.0
EmissionActivityRatio,BAU,GUA,AD,,CH4_WASTE,1,2039,,,,,,0.0
EmissionActivityRatio,BAU,GUA,AD,,CH4_WASTE,1,2040,,,,,,0.0
EmissionActivityRatio,BAU,GUA,AD,,CH4_WASTE,1,2041,,,,,,0.0
EmissionActivityRatio,BAU,GUA,AD,,CH4_WASTE,1,2042,,,,,,0.0
EmissionActivityRatio,BAU,GUA,AD,,CH4_WASTE,1,2043,,,,,,0.0
EmissionActivityRatio,BAU,GUA,AD,,CH4_WASTE,1,2044,,,,,,0.0
EmissionActivityRatio,BAU,GUA,AD,,CH4_WASTE,1,2045,,,,,,0.0
EmissionActivityRatio,BAU,GUA,AD,,CH4_WASTE,1,2046,,,,,,0.0
EmissionActivityRatio,BAU,GUA,AD,,CH4_WASTE,1,2047,,,,,,0.0
EmissionActivityRatio,BAU,GUA,AD,,CH4_WASTE,1,2048,,,,,,0.0
EmissionActivityRatio,BAU,GUA,AD,,CH4_WASTE,1,2049,,,,,,0.0
EmissionActivityRatio,BAU,GUA,AD,,CH4_WASTE,1,2050,,,,,,0.0
EmissionActivityRatio,BAU,GUA,AD,,N2O_WASTE,1,2018,,,,,,0.0
EmissionActivityRatio,BAU,GUA,AD,,N2O_WASTE,1,2019,,,,,,0.0
EmissionActivityRatio,BAU,GUA,AD,,N2O_WASTE,1,2020,,,,,,0.0
EmissionActivityRatio,BAU,GUA,AD,,N2O_WASTE,1,2021,,,,,,0.0
EmissionActivityRatio,BAU,GUA,AD,,N2O_WASTE,1,2022,,,,,,0.0
EmissionActivityRatio,BAU,GUA,AD,,N2O_WASTE,1,2023,,,,,,0.0
EmissionActivityRatio,BAU,GUA,AD,,N2O_WASTE,1,2024,,,,,,0.0
EmissionActivityRatio,BAU,GUA,AD,,N2O_WASTE,1,2025,,,,,,0.0
EmissionActivityRatio,BAU,GUA,AD,,N2O_WASTE,1,2026,,,,,,0.0
EmissionActivityRatio,BAU,GUA,AD,,N2O_WASTE,1,2027,,,,,,0.0
EmissionActivityRatio,BAU,GUA,AD,,N2O_WASTE,1,2028,,,,,,0.0
EmissionActivityRatio,BAU,GUA,AD,,N2O_WASTE,1,2029,,,,,,0.0
EmissionActivityRatio,BAU,GUA,AD,,N2O_WASTE,1,2030,,,,,,0.0
EmissionActivityRatio,BAU,GUA,AD,,N2O_WASTE,1,2031,,,,,,0.0
EmissionActivityRatio,BAU,GUA,AD,,N2O_WASTE,1,2032,,,,,,0.0
EmissionActivityRatio,BAU,GUA,AD,,N2O_WASTE,1,2033,,,,,,0.0
EmissionActivityRatio,BAU,GUA,AD,,N2O_WASTE,1,2034,,,,,,0.0
EmissionActivityRatio,BAU,GUA,AD,,N2O_WASTE,1,2035,,,,,,0.0
EmissionActivityRatio,BAU,GUA,AD,,N2O_WASTE,1,2036,,,,,,0.0
EmissionActivityRatio,BAU,GUA,AD,,N2O_WASTE,1,2037,,,,,,0.0
EmissionActivityRatio,BAU,GUA,AD,,N2O_WASTE,1,2038,,,,,,0.0
EmissionActivityRatio,BAU,GUA,AD,,N2O_WASTE,1,2039,,,,,,0.0
EmissionActivityRatio,BAU,GUA,AD,,N2O_WASTE,1,2040,,,,,,0.0
EmissionActivityRatio,BAU,GUA,AD,,N2O_WASTE,1,2041,,,,,,0.0
EmissionActivityRatio,BAU,GUA,AD,,N2O_WASTE,1,2042,,,,,,0.0
EmissionActivityRatio,BAU,GUA,AD,,N2O_WASTE,1,2043,,,,,,0.0
EmissionActivityRatio,BAU,GUA,AD,,N2O_WASTE,1,2044,,,,,,0.0
EmissionActivityRatio,BAU,GUA,AD,,N2O_WASTE,1,2045,,,,,,0.0
EmissionActivityRatio,BAU,GUA,AD,,N2O_WASTE,1,2046,,,,,,0.0
EmissionActivityRatio,BAU,GUA,AD,,N2O_WASTE,1,2047,,,,,,0.0
EmissionActivityRatio,BAU,GUA,AD,,N2O_WASTE,1,2048,,,,,,0.0
EmissionActivityRatio,BAU,GUA,AD,,N2O_WASTE,1,2049,,,,,,0.0
EmissionActivityRatio,BAU,GUA,AD,,N2O_WASTE,1,2050,,,,,,0.0
EmissionActivityRatio,BAU,GUA,COMPOST,,CO2e_WASTE,1,2018,,,,,,0.1915
EmissionActivityRatio,BAU,GUA,COMPOST,,CO2e_WASTE,1,2019,,,,,,0.1915
EmissionActivityRatio,BAU,GUA,COMPOST,,CO2e_WASTE,1,2020,,,,,,0.1915
EmissionActivityRatio,BAU,GUA,COMPOST,,CO2e_WASTE,1,2021,,,,,,0.1915
EmissionActivityRatio,BAU,GUA,COMPOST,,CO2e_WASTE,1,2022,,,,,,0.1915
EmissionActivityRatio,BAU,GUA,COMPOST,,CO2e_WASTE,1,2023,,,,,,0.1915
EmissionActivityRatio,BAU,GUA,COMPOST,,CO2e_WASTE,1,2024,,,,,,0.1915
EmissionActivityRatio,BAU,GUA,COMPOST,,CO2e_WASTE,1,2025,,,,,,0.1915
EmissionActivityRatio,BAU,GUA,COMPOST,,CO2e_WASTE,1,2026,,,,,,0.1915
EmissionActivityRatio,BAU,GUA,COMPOST,,CO2e_WASTE,1,2027,,,,,,0.1915
EmissionActivityRatio,BAU,GUA,COMPOST,,CO2e_WASTE,1,2028,,,,,,0.1915
EmissionActivityRatio,BAU,GUA,COMPOST,,CO2e_WASTE,1,2029,,,,,,0.1915
EmissionActivityRatio,BAU,GUA,COMPOST,,CO2e_WASTE,1,2030,,,,,,0.1915
EmissionActivityRatio,BAU,GUA,COMPOST,,CO2e_WASTE,1,2031,,,,,,0.1915
EmissionActivityRatio,BAU,GUA,COMPOST,,CO2e_WASTE,1,2032,,,,,,0.1915
EmissionActivityRatio,BAU,GUA,COMPOST,,CO2e_WASTE,1,2033,,,,,,0.1915
EmissionActivityRatio,BAU,GUA,COMPOST,,CO2e_WASTE,1,2034,,,,,,0.1915
EmissionActivityRatio,BAU,GUA,COMPOST,,CO2e_WASTE,1,2035,,,,,,0.1915
EmissionActivityRatio,BAU,GUA,COMPOST,,CO2e_WASTE,1,2036,,,,,,0.1915
EmissionActivityRatio,BAU,GUA,COMPOST,,CO2e_WASTE,1,2037,,,,,,0.1915
EmissionActivityRatio,BAU,GUA,COMPOST,,CO2e_WASTE,1,2038,,,,,,0.1915
EmissionActivityRatio,BAU,GUA,COMPOST,,CO2e_WASTE,1,2039,,,,,,0.1915
EmissionActivityRatio,BAU,GUA,COMPOST,,CO2e_WASTE,1,2040,,,,,,0.1915
EmissionActivityRatio,BAU,GUA,COMPOST,,CO2e_WASTE,1,2041,,,,,,0.1915
EmissionActivityRatio,BAU,GUA,COMPOST,,CO2e_WASTE,1,2042,,,,,,0.1915
EmissionActivityRatio,BAU,GUA,COMPOST,,CO2e_WASTE,1,2043,,,,,,0.1915
EmissionActivityRatio,BAU,GUA,COMPOST,,CO2e_WASTE,1,2044,,,,,,0.1915
EmissionActivityRatio,BAU,GUA,COMPOST,,CO2e_WASTE,1,2045,,,,,,0.1915
EmissionActivityRatio,BAU,GUA,COMPOST,,CO2e_WASTE,1,2046,,,,,,0.1915
EmissionActivityRatio,BAU,GUA,COMPOST,,CO2e_WASTE,1,2047,,,,,,0.1915
EmissionActivityRatio,BAU,GUA,COMPOST,,CO2e_WASTE,1,2048,,,,,,0.1915
EmissionActivityRatio,BAU,GUA,COMPOST,,CO2e_WASTE,1,2049,,,,,,0.1915
EmissionActivityRatio,BAU,GUA,COMPOST,,CO2e_WASTE,1,2050,,,,,,0.1915
EmissionActivityRatio,BAU,GUA,COMPOST,,CO2_WASTE,1,2018,,,,,,0.0
EmissionActivityRatio,BAU,GUA,COMPOST,,CO2_WASTE,1,2019,,,,,,0.0
EmissionActivityRatio,BAU,GUA,COMPOST,,CO2_WASTE,1,2020,,,,,,0.0
EmissionActivityRatio,BAU,GUA,COMPOST,,CO2_WASTE,1,2021,,,,,,0.0
EmissionActivityRatio,BAU,GUA,COMPOST,,CO2_WASTE,1,2022,,,,,,0.0
EmissionActivityRatio,BAU,GUA,COMPOST,,CO2_WASTE,1,2023,,,,,,0.0
EmissionActivityRatio,BAU,GUA,COMPOST,,CO2_WASTE,1,2024,,,,,,0.0
EmissionActivityRatio,BAU,GUA,COMPOST,,CO2_WASTE,1,2025,,,,,,0.0
EmissionActivityRatio,BAU,GUA,COMPOST,,CO2_WASTE,1,2026,,,,,,0.0
EmissionActivityRatio,BAU,GUA,COMPOST,,CO2_WASTE,1,2027,,,,,,0.0
EmissionActivityRatio,BAU,GUA,COMPOST,,CO2_WASTE,1,2028,,,,,,0.0
EmissionActivityRatio,BAU,GUA,COMPOST,,CO2_WASTE,1,2029,,,,,,0.0
EmissionActivityRatio,BAU,GUA,COMPOST,,CO2_WASTE,1,2030,,,,,,0.0
EmissionActivityRatio,BAU,GUA,COMPOST,,CO2_WASTE,1,2031,,,,,,0.0
EmissionActivityRatio,BAU,GUA,COMPOST,,CO2_WASTE,1,2032,,,,,,0.0
EmissionActivityRatio,BAU,GUA,COMPOST,,CO2_WASTE,1,2033,,,,,,0.0
EmissionActivityRatio,BAU,GUA,COMPOST,,CO2_WASTE,1,2034,,,,,,0.0
EmissionActivityRatio,BAU,GUA,COMPOST,,CO2_WASTE,1,2035,,,,,,0.0
EmissionActivityRatio,BAU,GUA,COMPOST,,CO2_WASTE,1,2036,,,,,,0.0
EmissionActivityRatio,BAU,GUA,COMPOST,,CO2_WASTE,1,2037,,,,,,0.0
EmissionActivityRatio,BAU,GUA,COMPOST,,CO2_WASTE,1,2038,,,,,,0.0
EmissionActivityRatio,BAU,GUA,COMPOST,,CO2_WASTE,1,2039,,,,,,0.0
EmissionActivityRatio,BAU,GUA,COMPOST,,CO2_WASTE,1,2040,,,,,,0.0
EmissionActivityRatio,BAU,GUA,COMPOST,,CO2_WASTE,1,2041,,,,,,0.0
EmissionActivityRatio,BAU,GUA,COMPOST,,CO2_WASTE,1,2042,,,,,,0.0
EmissionActivityRatio,BAU,GUA,COMPOST,,CO2_WASTE,1,2043,,,,,,0.0
EmissionActivityRatio,BAU,GUA,COMPOST,,CO2_WASTE,1,2044,,,,,,0.0
EmissionActivityRatio,BAU,GUA,COMPOST,,CO2_WASTE,1,2045,,,,,,0.0
EmissionActivityRatio,BAU,GUA,COMPOST,,CO2_WASTE,1,2046,,,,,,0.0
EmissionActivityRatio,BAU,GUA,COMPOST,,CO2_WASTE,1,2047,,,,,,0.0
EmissionActivityRatio,BAU,GUA,COMPOST,,CO2_WASTE,1,2048,,,,,,0.0
EmissionActivityRatio,BAU,GUA,COMPOST,,CO2_WASTE,1,2049,,,,,,0.0
EmissionActivityRatio,BAU,GUA,COMPOST,,CO2_WASTE,1,2050,,,,,,0.0
EmissionActivityRatio,BAU,GUA,COMPOST,,CH4_WASTE,1,2018,,,,,,0.0
EmissionActivityRatio,BAU,GUA,COMPOST,,CH4_WASTE,1,2019,,,,,,0.0
EmissionActivityRatio,BAU,GUA,COMPOST,,CH4_WASTE,1,2020,,,,,,0.0
EmissionActivityRatio,BAU,GUA,COMPOST,,CH4_WASTE,1,2021,,,,,,0.0
EmissionActivityRatio,BAU,GUA,COMPOST,,CH4_WASTE,1,2022,,,,,,0.0
EmissionActivityRatio,BAU,GUA,COMPOST,,CH4_WASTE,1,2023,,,,,,0.0
EmissionActivityRatio,BAU,GUA,COMPOST,,CH4_WASTE,1,2024,,,,,,0.0
EmissionActivityRatio,BAU,GUA,COMPOST,,CH4_WASTE,1,2025,,,,,,0.0
EmissionActivityRatio,BAU,GUA,COMPOST,,CH4_WASTE,1,2026,,,,,,0.0
EmissionActivityRatio,BAU,GUA,COMPOST,,CH4_WASTE,1,2027,,,,,,0.0
EmissionActivityRatio,BAU,GUA,COMPOST,,CH4_WASTE,1,2028,,,,,,0.0
EmissionActivityRatio,BAU,GUA,COMPOST,,CH4_WASTE,1,2029,,,,,,0.0
EmissionActivityRatio,BAU,GUA,COMPOST,,CH4_WASTE,1,2030,,,,,,0.0
EmissionActivityRatio,BAU,GUA,COMPOST,,CH4_WASTE,1,2031,,,,,,0.0
EmissionActivityRatio,BAU,GUA,COMPOST,,CH4_WASTE,1,2032,,,,,,0.0
EmissionActivityRatio,BAU,GUA,COMPOST,,CH4_WASTE,1,2033,,,,,,0.0
EmissionActivityRatio,BAU,GUA,COMPOST,,CH4_WASTE,1,2034,,,,,,0.0
EmissionActivityRatio,BAU,GUA,COMPOST,,CH4_WASTE,1,2035,,,,,,0.0
EmissionActivityRatio,BAU,GUA,COMPOST,,CH4_WASTE,1,2036,,,,,,0.0
EmissionActivityRatio,BAU,GUA,COMPOST,,CH4_WASTE,1,2037,,,,,,0.0
EmissionActivityRatio,BAU,GUA,COMPOST,,CH4_WASTE,1,2038,,,,,,0.0
EmissionActivityRatio,BAU,GUA,COMPOST,,CH4_WASTE,1,2039,,,,,,0.0
EmissionActivityRatio,BAU,GUA,COMPOST,,CH4_WASTE,1,2040,,,,,,0.0
EmissionActivityRatio,BAU,GUA,COMPOST,,CH4_WASTE,1,2041,,,,,,0.0
EmissionActivityRatio,BAU,GUA,COMPOST,,CH4_WASTE,1,2042,,,,,,0.0
EmissionActivityRatio,BAU,GUA,COMPOST,,CH4_WASTE,1,2043,,,,,,0.0
EmissionActivityRatio,BAU,GUA,COMPOST,,CH4_WASTE,1,2044,,,,,,0.0
EmissionActivityRatio,BAU,GUA,COMPOST,,CH4_WASTE,1,2045,,,,,,0.0
EmissionActivityRatio,BAU,GUA,COMPOST,,CH4_WASTE,1,2046,,,,,,0.0
EmissionActivityRatio,BAU,GUA,COMPOST,,CH4_WASTE,1,2047,,,,,,0.0
EmissionActivityRatio,BAU,GUA,COMPOST,,CH4_WASTE,1,2048,,,,,,0.0
EmissionActivityRatio,BAU,GUA,COMPOST,,CH4_WASTE,1,2049,,,,,,0.0
EmissionActivityRatio,BAU,GUA,COMPOST,,CH4_WASTE,1,2050,,,,,,0.0
EmissionActivityRatio,BAU,GUA,COMPOST,,N2O_WASTE,1,2018,,,,,,0.0
EmissionActivityRatio,BAU,GUA,COMPOST,,N2O_WASTE,1,2019,,,,,,0.0
EmissionActivityRatio,BAU,GUA,COMPOST,,N2O_WASTE,1,2020,,,,,,0.0
EmissionActivityRatio,BAU,GUA,COMPOST,,N2O_WASTE,1,2021,,,,,,0.0
EmissionActivityRatio,BAU,GUA,COMPOST,,N2O_WASTE,1,2022,,,,,,0.0
EmissionActivityRatio,BAU,GUA,COMPOST,,N2O_WASTE,1,2023,,,,,,0.0
EmissionActivityRatio,BAU,GUA,COMPOST,,N2O_WASTE,1,2024,,,,,,0.0
EmissionActivityRatio,BAU,GUA,COMPOST,,N2O_WASTE,1,2025,,,,,,0.0
EmissionActivityRatio,BAU,GUA,COMPOST,,N2O_WASTE,1,2026,,,,,,0.0
EmissionActivityRatio,BAU,GUA,COMPOST,,N2O_WASTE,1,2027,,,,,,0.0
EmissionActivityRatio,BAU,GUA,COMPOST,,N2O_WASTE,1,2028,,,,,,0.0
EmissionActivityRatio,BAU,GUA,COMPOST,,N2O_WASTE,1,2029,,,,,,0.0
EmissionActivityRatio,BAU,GUA,COMPOST,,N2O_WASTE,1,2030,,,,,,0.0
EmissionActivityRatio,BAU,GUA,COMPOST,,N2O_WASTE,1,2031,,,,,,0.0
EmissionActivityRatio,BAU,GUA,COMPOST,,N2O_WASTE,1,2032,,,,,,0.0
EmissionActivityRatio,BAU,GUA,COMPOST,,N2O_WASTE,1,2033,,,,,,0.0
EmissionActivityRatio,BAU,GUA,COMPOST,,N2O_WASTE,1,2034,,,,,,0.0
EmissionActivityRatio,BAU,GUA,COMPOST,,N2O_WASTE,1,2035,,,,,,0.0
EmissionActivityRatio,BAU,GUA,COMPOST,,N2O_WASTE,1,2036,,,,,,0.0
EmissionActivityRatio,BAU,GUA,COMPOST,,N2O_WASTE,1,2037,,,,,,0.0
EmissionActivityRatio,BAU,GUA,COMPOST,,N2O_WASTE,1,2038,,,,,,0.0
EmissionActivityRatio,BAU,GUA,COMPOST,,N2O_WASTE,1,2039,,,,,,0.0
EmissionActivityRatio,BAU,GUA,COMPOST,,N2O_WASTE,1,2040,,,,,,0.0
EmissionActivityRatio,BAU,GUA,COMPOST,,N2O_WASTE,1,2041,,,,,,0.0
EmissionActivityRatio,BAU,GUA,COMPOST,,N2O_WASTE,1,2042,,,,,,0.0
EmissionActivityRatio,BAU,GUA,COMPOST,,N2O_WASTE,1,2043,,,,,,0.0
EmissionActivityRatio,BAU,GUA,COMPOST,,N2O_WASTE,1,2044,,,,,,0.0
EmissionActivityRatio,BAU,GUA,COMPOST,,N2O_WASTE,1,2045,,,,,,0.0
EmissionActivityRatio,BAU,GUA,COMPOST,,N2O_WASTE,1,2046,,,,,,0.0
EmissionActivityRatio,BAU,GUA,COMPOST,,N2O_WASTE,1,2047,,,,,,0.0
EmissionActivityRatio,BAU,GUA,COMPOST,,N2O_WASTE,1,2048,,,,,,0.0
EmissionActivityRatio,BAU,GUA,COMPOST,,N2O_WASTE,1,2049,,,,,,0.0
EmissionActivityRatio,BAU,GUA,COMPOST,,N2O_WASTE,1,2050,,,,,,0.0
EmissionActivityRatio,BAU,GUA,LANDFILL,,CO2e_WASTE,1,2018,,,,,,0.8071
EmissionActivityRatio,BAU,GUA,LANDFILL,,CO2e_WASTE,1,2019,,,,,,0.8071
EmissionActivityRatio,BAU,GUA,LANDFILL,,CO2e_WASTE,1,2020,,,,,,0.8071
EmissionActivityRatio,BAU,GUA,LANDFILL,,CO2e_WASTE,1,2021,,,,,,0.8071
EmissionActivityRatio,BAU,GUA,LANDFILL,,CO2e_WASTE,1,2022,,,,,,0.8071
EmissionActivityRatio,BAU,GUA,LANDFILL,,CO2e_WASTE,1,2023,,,,,,0.8071
EmissionActivityRatio,BAU,GUA,LANDFILL,,CO2e_WASTE,1,2024,,,,,,0.8071
EmissionActivityRatio,BAU,GUA,LANDFILL,,CO2e_WASTE,1,2025,,,,,,0.8071
EmissionActivityRatio,BAU,GUA,LANDFILL,,CO2e_WASTE,1,2026,,,,,,0.8071
EmissionActivityRatio,BAU,GUA,LANDFILL,,CO2e_WASTE,1,2027,,,,,,0.8071
EmissionActivityRatio,BAU,GUA,LANDFILL,,CO2e_WASTE,1,2028,,,,,,0.8071
EmissionActivityRatio,BAU,GUA,LANDFILL,,CO2e_WASTE,1,2029,,,,,,0.8071
EmissionActivityRatio,BAU,GUA,LANDFILL,,CO2e_WASTE,1,2030,,,,,,0.8071
EmissionActivityRatio,BAU,GUA,LANDFILL,,CO2e_WASTE,1,2031,,,,,,0.8071
EmissionActivityRatio,BAU,GUA,LANDFILL,,CO2e_WASTE,1,2032,,,,,,0.8071
EmissionActivityRatio,BAU,GUA,LANDFILL,,CO2e_WASTE,1,2033,,,,,,0.8071
EmissionActivityRatio,BAU,GUA,LANDFILL,,CO2e_WASTE,1,2034,,,,,,0.8071
EmissionActivityRatio,BAU,GUA,LANDFILL,,CO2e_WASTE,1,2035,,,,,,0.8071
EmissionActivityRatio,BAU,GUA,LANDFILL,,CO2e_WASTE,1,2036,,,,,,0.8071
EmissionActivityRatio,BAU,GUA,LANDFILL,,CO2e_WASTE,1,2037,,,,,,0.8071
EmissionActivityRatio,BAU,GUA,LANDFILL,,CO2e_WASTE,1,2038,,,,,,0.8071
EmissionActivityRatio,BAU,GUA,LANDFILL,,CO2e_WASTE,1,2039,,,,,,0.8071
EmissionActivityRatio,BAU,GUA,LANDFILL,,CO2e_WASTE,1,2040,,,,,,0.8071
EmissionActivityRatio,BAU,GUA,LANDFILL,,CO2e_WASTE,1,2041,,,,,,0.8071
EmissionActivityRatio,BAU,GUA,LANDFILL,,CO2e_WASTE,1,2042,,,,,,0.8071
EmissionActivityRatio,BAU,GUA,LANDFILL,,CO2e_WASTE,1,2043,,,,,,0.8071
EmissionActivityRatio,BAU,GUA,LANDFILL,,CO2e_WASTE,1,2044,,,,,,0.8071
EmissionActivityRatio,BAU,GUA,LANDFILL,,CO2e_WASTE,1,2045,,,,,,0.8071
EmissionActivityRatio,BAU,GUA,LANDFILL,,CO2e_WASTE,1,2046,,,,,,0.8071
EmissionActivityRatio,BAU,GUA,LANDFILL,,CO2e_WASTE,1,2047,,,,,,0.8071
EmissionActivityRatio,BAU,GUA,LANDFILL,,CO2e_WASTE,1,2048,,,,,,0.8071
EmissionActivityRatio,BAU,GUA,LANDFILL,,CO2e_WASTE,1,2049,,,,,,0.8071
EmissionActivityRatio,BAU,GUA,LANDFILL,,CO2e_WASTE,1,2050,,,,,,0.8071
EmissionActivityRatio,BAU,GUA,LANDFILL,,CO2_WASTE,1,2018,,,,,,0.0
EmissionActivityRatio,BAU,GUA,LANDFILL,,CO2_WASTE,1,2019,,,,,,0.0
EmissionActivityRatio,BAU,GUA,LANDFILL,,CO2_WASTE,1,2020,,,,,,0.0
EmissionActivityRatio,BAU,GUA,LANDFILL,,CO2_WASTE,1,2021,,,,,,0.0
EmissionActivityRatio,BAU,GUA,LANDFILL,,CO2_WASTE,1,2022,,,,,,0.0
EmissionActivityRatio,BAU,GUA,LANDFILL,,CO2_WASTE,1,2023,,,,,,0.0
EmissionActivityRatio,BAU,GUA,LANDFILL,,CO2_WASTE,1,2024,,,,,,0.0
EmissionActivityRatio,BAU,GUA,LANDFILL,,CO2_WASTE,1,2025,,,,,,0.0
EmissionActivityRatio,BAU,GUA,LANDFILL,,CO2_WASTE,1,2026,,,,,,0.0
EmissionActivityRatio,BAU,GUA,LANDFILL,,CO2_WASTE,1,2027,,,,,,0.0
EmissionActivityRatio,BAU,GUA,LANDFILL,,CO2_WASTE,1,2028,,,,,,0.0
EmissionActivityRatio,BAU,GUA,LANDFILL,,CO2_WASTE,1,2029,,,,,,0.0
EmissionActivityRatio,BAU,GUA,LANDFILL,,CO2_WASTE,1,2030,,,,,,0.0
EmissionActivityRatio,BAU,GUA,LANDFILL,,CO2_WASTE,1,2031,,,,,,0.0
EmissionActivityRatio,BAU,GUA,LANDFILL,,CO2_WASTE,1,2032,,,,,,0.0
EmissionActivityRatio,BAU,GUA,LANDFILL,,CO2_WASTE,1,2033,,,,,,0.0
EmissionActivityRatio,BAU,GUA,LANDFILL,,CO2_WASTE,1,2034,,,,,,0.0
EmissionActivityRatio,BAU,GUA,LANDFILL,,CO2_WASTE,1,2035,,,,,,0.0
EmissionActivityRatio,BAU,GUA,LANDFILL,,CO2_WASTE,1,2036,,,,,,0.0
EmissionActivityRatio,BAU,GUA,LANDFILL,,CO2_WASTE,1,2037,,,,,,0.0
EmissionActivityRatio,BAU,GUA,LANDFILL,,CO2_WASTE,1,2038,,,,,,0.0
EmissionActivityRatio,BAU,GUA,LANDFILL,,CO2_WASTE,1,2039,,,,,,0.0
EmissionActivityRatio,BAU,GUA,LANDFILL,,CO2_WASTE,1,2040,,,,,,0.0
EmissionActivityRatio,BAU,GUA,LANDFILL,,CO2_WASTE,1,2041,,,,,,0.0
EmissionActivityRatio,BAU,GUA,LANDFILL,,CO2_WASTE,1,2042,,,,,,0.0
EmissionActivityRatio,BAU,GUA,LANDFILL,,CO2_WASTE,1,2043,,,,,,0.0
EmissionActivityRatio,BAU,GUA,LANDFILL,,CO2_WASTE,1,2044,,,,,,0.0
EmissionActivityRatio,BAU,GUA,LANDFILL,,CO2_WASTE,1,2045,,,,,,0.0
EmissionActivityRatio,BAU,GUA,LANDFILL,,CO2_WASTE,1,2046,,,,,,0.0
EmissionActivityRatio,BAU,GUA,LANDFILL,,CO2_WASTE,1,2047,,,,,,0.0
EmissionActivityRatio,BAU,GUA,LANDFILL,,CO2_WASTE,1,2048,,,,,,0.0
EmissionActivityRatio,BAU,GUA,LANDFILL,,CO2_WASTE,1,2049,,,,,,0.0
EmissionActivityRatio,BAU,GUA,LANDFILL,,CO2_WASTE,1,2050,,,,,,0.0
EmissionActivityRatio,BAU,GUA,LANDFILL,,CH4_WASTE,1,2018,,,,,,0.0
EmissionActivityRatio,BAU,GUA,LANDFILL,,CH4_WASTE,1,2019,,,,,,0.0
EmissionActivityRatio,BAU,GUA,LANDFILL,,CH4_WASTE,1,2020,,,,,,0.0
EmissionActivityRatio,BAU,GUA,LANDFILL,,CH4_WASTE,1,2021,,,,,,0.0
EmissionActivityRatio,BAU,GUA,LANDFILL,,CH4_WASTE,1,2022,,,,,,0.0
EmissionActivityRatio,BAU,GUA,LANDFILL,,CH4_WASTE,1,2023,,,,,,0.0
EmissionActivityRatio,BAU,GUA,LANDFILL,,CH4_WASTE,1,2024,,,,,,0.0
EmissionActivityRatio,BAU,GUA,LANDFILL,,CH4_WASTE,1,2025,,,,,,0.0
EmissionActivityRatio,BAU,GUA,LANDFILL,,CH4_WASTE,1,2026,,,,,,0.0
EmissionActivityRatio,BAU,GUA,LANDFILL,,CH4_WASTE,1,2027,,,,,,0.0
EmissionActivityRatio,BAU,GUA,LANDFILL,,CH4_WASTE,1,2028,,,,,,0.0
EmissionActivityRatio,BAU,GUA,LANDFILL,,CH4_WASTE,1,2029,,,,,,0.0
EmissionActivityRatio,BAU,GUA,LANDFILL,,CH4_WASTE,1,2030,,,,,,0.0
EmissionActivityRatio,BAU,GUA,LANDFILL,,CH4_WASTE,1,2031,,,,,,0.0
EmissionActivityRatio,BAU,GUA,LANDFILL,,CH4_WASTE,1,2032,,,,,,0.0
EmissionActivityRatio,BAU,GUA,LANDFILL,,CH4_WASTE,1,2033,,,,,,0.0
EmissionActivityRatio,BAU,GUA,LANDFILL,,CH4_WASTE,1,2034,,,,,,0.0
EmissionActivityRatio,BAU,GUA,LANDFILL,,CH4_WASTE,1,2035,,,,,,0.0
EmissionActivityRatio,BAU,GUA,LANDFILL,,CH4_WASTE,1,2036,,,,,,0.0
EmissionActivityRatio,BAU,GUA,LANDFILL,,CH4_WASTE,1,2037,,,,,,0.0
EmissionActivityRatio,BAU,GUA,LANDFILL,,CH4_WASTE,1,2038,,,,,,0.0
EmissionActivityRatio,BAU,GUA,LANDFILL,,CH4_WASTE,1,2039,,,,,,0.0
EmissionActivityRatio,BAU,GUA,LANDFILL,,CH4_WASTE,1,2040,,,,,,0.0
EmissionActivityRatio,BAU,GUA,LANDFILL,,CH4_WASTE,1,2041,,,,,,0.0
EmissionActivityRatio,BAU,GUA,LANDFILL,,CH4_WASTE,1,2042,,,,,,0.0
EmissionActivityRatio,BAU,GUA,LANDFILL,,CH4_WASTE,1,2043,,,,,,0.0
EmissionActivityRatio,BAU,GUA,LANDFILL,,CH4_WASTE,1,2044,,,,,,0.0
EmissionActivityRatio,BAU,GUA,LANDFILL,,CH4_WASTE,1,2045,,,,,,0.0
EmissionActivityRatio,BAU,GUA,LANDFILL,,CH4_WASTE,1,2046,,,,,,0.0
EmissionActivityRatio,BAU,GUA,LANDFILL,,CH4_WASTE,1,2047,,,,,,0.0
EmissionActivityRatio,BAU,GUA,LANDFILL,,CH4_WASTE,1,2048,,,,,,0.0
EmissionActivityRatio,BAU,GUA,LANDFILL,,CH4_WASTE,1,2049,,,,,,0.0
EmissionActivityRatio,BAU,GUA,LANDFILL,,CH4_WASTE,1,2050,,,,,,0.0
EmissionActivityRatio,BAU,GUA,LANDFILL,,N2O_WASTE,1,2018,,,,,,0.0
EmissionActivityRatio,BAU,GUA,LANDFILL,,N2O_WASTE,1,2019,,,,,,0.0
EmissionActivityRatio,BAU,GUA,LANDFILL,,N2O_WASTE,1,2020,,,,,,0.0
EmissionActivityRatio,BAU,GUA,LANDFILL,,N2O_WASTE,1,2021,,,,,,0.0
EmissionActivityRatio,BAU,GUA,LANDFILL,,N2O_WASTE,1,2022,,,,,,0.0
EmissionActivityRatio,BAU,GUA,LANDFILL,,N2O_WASTE,1,2023,,,,,,0.0
EmissionActivityRatio,BAU,GUA,LANDFILL,,N2O_WASTE,1,2024,,,,,,0.0
EmissionActivityRatio,BAU,GUA,LANDFILL,,N2O_WASTE,1,2025,,,,,,0.0
EmissionActivityRatio,BAU,GUA,LANDFILL,,N2O_WASTE,1,2026,,,,,,0.0
EmissionActivityRatio,BAU,GUA,LANDFILL,,N2O_WASTE,1,2027,,,,,,0.0
EmissionActivityRatio,BAU,GUA,LANDFILL,,N2O_WASTE,1,2028,,,,,,0.0
EmissionActivityRatio,BAU,GUA,LANDFILL,,N2O_WASTE,1,2029,,,,,,0.0
EmissionActivityRatio,BAU,GUA,LANDFILL,,N2O_WASTE,1,2030,,,,,,0.0
EmissionActivityRatio,BAU,GUA,LANDFILL,,N2O_WASTE,1,2031,,,,,,0.0
EmissionActivityRatio,BAU,GUA,LANDFILL,,N2O_WASTE,1,2032,,,,,,0.0
EmissionActivityRatio,BAU,GUA,LANDFILL,,N2O_WASTE,1,2033,,,,,,0.0
EmissionActivityRatio,BAU,GUA,LANDFILL,,N2O_WASTE,1,2034,,,,,,0.0
EmissionActivityRatio,BAU,GUA,LANDFILL,,N2O_WASTE,1,2035,,,,,,0.0
EmissionActivityRatio,BAU,GUA,LANDFILL,,N2O_WASTE,1,2036,,,,,,0.0
EmissionActivityRatio,BAU,GUA,LANDFILL,,N2O_WASTE,1,2037,,,,,,0.0
EmissionActivityRatio,BAU,GUA,LANDFILL,,N2O_WASTE,1,2038,,,,,,0.0
EmissionActivityRatio,BAU,GUA,LANDFILL,,N2O_WASTE,1,2039,,,,,,0.0
EmissionActivityRatio,BAU,GUA,LANDFILL,,N2O_WASTE,1,2040,,,,,,0.0
EmissionActivityRatio,BAU,GUA,LANDFILL,,N2O_WASTE,1,2041,,,,,,0.0
EmissionActivityRatio,BAU,GUA,LANDFILL,,N2O_WASTE,1,2042,,,,,,0.0
EmissionActivityRatio,BAU,GUA,LANDFILL,,N2O_WASTE,1,2043,,,,,,0.0
EmissionActivityRatio,BAU,GUA,LANDFILL,,N2O_WASTE,1,2044,,,,,,0.0
EmissionActivityRatio,BAU,GUA,LANDFILL,,N2O_WASTE,1,2045,,,,,,0.0
EmissionActivityRatio,BAU,GUA,LANDFILL,,N2O_WASTE,1,2046,,,,,,0.0
EmissionActivityRatio,BAU,GUA,LANDFILL,,N2O_WASTE,1,2047,,,,,,0.0
EmissionActivityRatio,BAU,GUA,LANDFILL,,N2O_WASTE,1,2048,,,,,,0.0
EmissionActivityRatio,BAU,GUA,LANDFILL,,N2O_WASTE,1,2049,,,,,,0.0
EmissionActivityRatio,BAU,GUA,LANDFILL,,N2O_WASTE,1,2050,,,,,,0.0
EmissionActivityRatio,BAU,GUA,NO_CONTR_OD,,CO2e_WASTE,1,2018,,,,,,0.3921
EmissionActivityRatio,BAU,GUA,NO_CONTR_OD,,CO2e_WASTE,1,2019,,,,,,0.3921
EmissionActivityRatio,BAU,GUA,NO_CONTR_OD,,CO2e_WASTE,1,2020,,,,,,0.3921
EmissionActivityRatio,BAU,GUA,NO_CONTR_OD,,CO2e_WASTE,1,2021,,,,,,0.3921
EmissionActivityRatio,BAU,GUA,NO_CONTR_OD,,CO2e_WASTE,1,2022,,,,,,0.3921
EmissionActivityRatio,BAU,GUA,NO_CONTR_OD,,CO2e_WASTE,1,2023,,,,,,0.3921
EmissionActivityRatio,BAU,GUA,NO_CONTR_OD,,CO2e_WASTE,1,2024,,,,,,0.3921
EmissionActivityRatio,BAU,GUA,NO_CONTR_OD,,CO2e_WASTE,1,2025,,,,,,0.3921
EmissionActivityRatio,BAU,GUA,NO_CONTR_OD,,CO2e_WASTE,1,2026,,,,,,0.3921
EmissionActivityRatio,BAU,GUA,NO_CONTR_OD,,CO2e_WASTE,1,2027,,,,,,0.3921
EmissionActivityRatio,BAU,GUA,NO_CONTR_OD,,CO2e_WASTE,1,2028,,,,,,0.3921
EmissionActivityRatio,BAU,GUA,NO_CONTR_OD,,CO2e_WASTE,1,2029,,,,,,0.3921
EmissionActivityRatio,BAU,GUA,NO_CONTR_OD,,CO2e_WASTE,1,2030,,,,,,0.3921
EmissionActivityRatio,BAU,GUA,NO_CONTR_OD,,CO2e_WASTE,1,2031,,,,,,0.3921
EmissionActivityRatio,BAU,GUA,NO_CONTR_OD,,CO2e_WASTE,1,2032,,,,,,0.3921
EmissionActivityRatio,BAU,GUA,NO_CONTR_OD,,CO2e_WASTE,1,2033,,,,,,0.3921
EmissionActivityRatio,BAU,GUA,NO_CONTR_OD,,CO2e_WASTE,1,2034,,,,,,0.3921
EmissionActivityRatio,BAU,GUA,NO_CONTR_OD,,CO2e_WASTE,1,2035,,,,,,0.3921
EmissionActivityRatio,BAU,GUA,NO_CONTR_OD,,CO2e_WASTE,1,2036,,,,,,0.3921
EmissionActivityRatio,BAU,GUA,NO_CONTR_OD,,CO2e_WASTE,1,2037,,,,,,0.3921
EmissionActivityRatio,BAU,GUA,NO_CONTR_OD,,CO2e_WASTE,1,2038,,,,,,0.3921
EmissionActivityRatio,BAU,GUA,NO_CONTR_OD,,CO2e_WASTE,1,2039,,,,,,0.3921
EmissionActivityRatio,BAU,GUA,NO_CONTR_OD,,CO2e_WASTE,1,2040,,,,,,0.3921
EmissionActivityRatio,BAU,GUA,NO_CONTR_OD,,CO2e_WASTE,1,2041,,,,,,0.3921
EmissionActivityRatio,BAU,GUA,NO_CONTR_OD,,CO2e_WASTE,1,2042,,,,,,0.3921
EmissionActivityRatio,BAU,GUA,NO_CONTR_OD,,CO2e_WASTE,1,2043,,,,,,0.3921
EmissionActivityRatio,BAU,GUA,NO_CONTR_OD,,CO2e_WASTE,1,2044,,,,,,0.3921
EmissionActivityRatio,BAU,GUA,NO_CONTR_OD,,CO2e_WASTE,1,2045,,,,,,0.3921
EmissionActivityRatio,BAU,GUA,NO_CONTR_OD,,CO2e_WASTE,1,2046,,,,,,0.3921
EmissionActivityRatio,BAU,GUA,NO_CONTR_OD,,CO2e_WASTE,1,2047,,,,,,0.3921
EmissionActivityRatio,BAU,GUA,NO_CONTR_OD,,CO2e_WASTE,1,2048,,,,,,0.3921
EmissionActivityRatio,BAU,GUA,NO_CONTR_OD,,CO2e_WASTE,1,2049,,,,,,0.3921
EmissionActivityRatio,BAU,GUA,NO_CONTR_OD,,CO2e_WASTE,1,2050,,,,,,0.3921
EmissionActivityRatio,BAU,GUA,NO_CONTR_OD,,CO2_WASTE,1,2018,,,,,,0.0
EmissionActivityRatio,BAU,GUA,NO_CONTR_OD,,CO2_WASTE,1,2019,,,,,,0.0
EmissionActivityRatio,BAU,GUA,NO_CONTR_OD,,CO2_WASTE,1,2020,,,,,,0.0
EmissionActivityRatio,BAU,GUA,NO_CONTR_OD,,CO2_WASTE,1,2021,,,,,,0.0
EmissionActivityRatio,BAU,GUA,NO_CONTR_OD,,CO2_WASTE,1,2022,,,,,,0.0
EmissionActivityRatio,BAU,GUA,NO_CONTR_OD,,CO2_WASTE,1,2023,,,,,,0.0
EmissionActivityRatio,BAU,GUA,NO_CONTR_OD,,CO2_WASTE,1,2024,,,,,,0.0
EmissionActivityRatio,BAU,GUA,NO_CONTR_OD,,CO2_WASTE,1,2025,,,,,,0.0
EmissionActivityRatio,BAU,GUA,NO_CONTR_OD,,CO2_WASTE,1,2026,,,,,,0.0
EmissionActivityRatio,BAU,GUA,NO_CONTR_OD,,CO2_WASTE,1,2027,,,,,,0.0
EmissionActivityRatio,BAU,GUA,NO_CONTR_OD,,CO2_WASTE,1,2028,,,,,,0.0
EmissionActivityRatio,BAU,GUA,NO_CONTR_OD,,CO2_WASTE,1,2029,,,,,,0.0
EmissionActivityRatio,BAU,GUA,NO_CONTR_OD,,CO2_WASTE,1,2030,,,,,,0.0
EmissionActivityRatio,BAU,GUA,NO_CONTR_OD,,CO2_WASTE,1,2031,,,,,,0.0
EmissionActivityRatio,BAU,GUA,NO_CONTR_OD,,CO2_WASTE,1,2032,,,,,,0.0
EmissionActivityRatio,BAU,GUA,NO_CONTR_OD,,CO2_WASTE,1,2033,,,,,,0.0
EmissionActivityRatio,BAU,GUA,NO_CONTR_OD,,CO2_WASTE,1,2034,,,,,,0.0
EmissionActivityRatio,BAU,GUA,NO_CONTR_OD,,CO2_WASTE,1,2035,,,,,,0.0
EmissionActivityRatio,BAU,GUA,NO_CONTR_OD,,CO2_WASTE,1,2036,,,,,,0.0
EmissionActivityRatio,BAU,GUA,NO_CONTR_OD,,CO2_WASTE,1,2037,,,,,,0.0
EmissionActivityRatio,BAU,GUA,NO_CONTR_OD,,CO2_WASTE,1,2038,,,,,,0.0
EmissionActivityRatio,BAU,GUA,NO_CONTR_OD,,CO2_WASTE,1,2039,,,,,,0.0
EmissionActivityRatio,BAU,GUA,NO_CONTR_OD,,CO2_WASTE,1,2040,,,,,,0.0
EmissionActivityRatio,BAU,GUA,NO_CONTR_OD,,CO2_WASTE,1,2041,,,,,,0.0
EmissionActivityRatio,BAU,GUA,NO_CONTR_OD,,CO2_WASTE,1,2042,,,,,,0.0
EmissionActivityRatio,BAU,GUA,NO_CONTR_OD,,CO2_WASTE,1,2043,,,,,,0.0
EmissionActivityRatio,BAU,GUA,NO_CONTR_OD,,CO2_WASTE,1,2044,,,,,,0.0
EmissionActivityRatio,BAU,GUA,NO_CONTR_OD,,CO2_WASTE,1,2045,,,,,,0.0
EmissionActivityRatio,BAU,GUA,NO_CONTR_OD,,CO2_WASTE,1,2046,,,,,,0.0
EmissionActivityRatio,BAU,GUA,NO_CONTR_OD,,CO2_WASTE,1,2047,,,,,,0.0
EmissionActivityRatio,BAU,GUA,NO_CONTR_OD,,CO2_WASTE,1,2048,,,,,,0.0
EmissionActivityRatio,BAU,GUA,NO_CONTR_OD,,CO2_WASTE,1,2049,,,,,,0.0
EmissionActivityRatio,BAU,GUA,NO_CONTR_OD,,CO2_WASTE,1,2050,,,,,,0.0
EmissionActivityRatio,BAU,GUA,NO_CONTR_OD,,CH4_WASTE,1,2018,,,,,,0.0
EmissionActivityRatio,BAU,GUA,NO_CONTR_OD,,CH4_WASTE,1,2019,,,,,,0.0
EmissionActivityRatio,BAU,GUA,NO_CONTR_OD,,CH4_WASTE,1,2020,,,,,,0.0
EmissionActivityRatio,BAU,GUA,NO_CONTR_OD,,CH4_WASTE,1,2021,,,,,,0.0
EmissionActivityRatio,BAU,GUA,NO_CONTR_OD,,CH4_WASTE,1,2022,,,,,,0.0
EmissionActivityRatio,BAU,GUA,NO_CONTR_OD,,CH4_WASTE,1,2023,,,,,,0.0
EmissionActivityRatio,BAU,GUA,NO_CONTR_OD,,CH4_WASTE,1,2024,,,,,,0.0
EmissionActivityRatio,BAU,GUA,NO_CONTR_OD,,CH4_WASTE,1,2025,,,,,,0.0
EmissionActivityRatio,BAU,GUA,NO_CONTR_OD,,CH4_WASTE,1,2026,,,,,,0.0
EmissionActivityRatio,BAU,GUA,NO_CONTR_OD,,CH4_WASTE,1,2027,,,,,,0.0
EmissionActivityRatio,BAU,GUA,NO_CONTR_OD,,CH4_WASTE,1,2028,,,,,,0.0
EmissionActivityRatio,BAU,GUA,NO_CONTR_OD,,CH4_WASTE,1,2029,,,,,,0.0
EmissionActivityRatio,BAU,GUA,NO_CONTR_OD,,CH4_WASTE,1,2030,,,,,,0.0
EmissionActivityRatio,BAU,GUA,NO_CONTR_OD,,CH4_WASTE,1,2031,,,,,,0.0
EmissionActivityRatio,BAU,GUA,NO_CONTR_OD,,CH4_WASTE,1,2032,,,,,,0.0
EmissionActivityRatio,BAU,GUA,NO_CONTR_OD,,CH4_WASTE,1,2033,,,,,,0.0
EmissionActivityRatio,BAU,GUA,NO_CONTR_OD,,CH4_WASTE,1,2034,,,,,,0.0
EmissionActivityRatio,BAU,GUA,NO_CONTR_OD,,CH4_WASTE,1,2035,,,,,,0.0
EmissionActivityRatio,BAU,GUA,NO_CONTR_OD,,CH4_WASTE,1,2036,,,,,,0.0
EmissionActivityRatio,BAU,GUA,NO_CONTR_OD,,CH4_WASTE,1,2037,,,,,,0.0
EmissionActivityRatio,BAU,GUA,NO_CONTR_OD,,CH4_WASTE,1,2038,,,,,,0.0
EmissionActivityRatio,BAU,GUA,NO_CONTR_OD,,CH4_WASTE,1,2039,,,,,,0.0
EmissionActivityRatio,BAU,GUA,NO_CONTR_OD,,CH4_WASTE,1,2040,,,,,,0.0
EmissionActivityRatio,BAU,GUA,NO_CONTR_OD,,CH4_WASTE,1,2041,,,,,,0.0
EmissionActivityRatio,BAU,GUA,NO_CONTR_OD,,CH4_WASTE,1,2042,,,,,,0.0
EmissionActivityRatio,BAU,GUA,NO_CONTR_OD,,CH4_WASTE,1,2043,,,,,,0.0
EmissionActivityRatio,BAU,GUA,NO_CONTR_OD,,CH4_WASTE,1,2044,,,,,,0.0
EmissionActivityRatio,BAU,GUA,NO_CONTR_OD,,CH4_WASTE,1,2045,,,,,,0.0
EmissionActivityRatio,BAU,GUA,NO_CONTR_OD,,CH4_WASTE,1,2046,,,,,,0.0
EmissionActivityRatio,BAU,GUA,NO_CONTR_OD,,CH4_WASTE,1,2047,,,,,,0.0
EmissionActivityRatio,BAU,GUA,NO_CONTR_OD,,CH4_WASTE,1,2048,,,,,,0.0
EmissionActivityRatio,BAU,GUA,NO_CONTR_OD,,CH4_WASTE,1,2049,,,,,,0.0
EmissionActivityRatio,BAU,GUA,NO_CONTR_OD,,CH4_WASTE,1,2050,,,,,,0.0
EmissionActivityRatio,BAU,GUA,NO_CONTR_OD,,N2O_WASTE,1,2018,,,,,,0.0
EmissionActivityRatio,BAU,GUA,NO_CONTR_OD,,N2O_WASTE,1,2019,,,,,,0.0
EmissionActivityRatio,BAU,GUA,NO_CONTR_OD,,N2O_WASTE,1,2020,,,,,,0.0
EmissionActivityRatio,BAU,GUA,NO_CONTR_OD,,N2O_WASTE,1,2021,,,,,,0.0
EmissionActivityRatio,BAU,GUA,NO_CONTR_OD,,N2O_WASTE,1,2022,,,,,,0.0
EmissionActivityRatio,BAU,GUA,NO_CONTR_OD,,N2O_WASTE,1,2023,,,,,,0.0
EmissionActivityRatio,BAU,GUA,NO_CONTR_OD,,N2O_WASTE,1,2024,,,,,,0.0
EmissionActivityRatio,BAU,GUA,NO_CONTR_OD,,N2O_WASTE,1,2025,,,,,,0.0
EmissionActivityRatio,BAU,GUA,NO_CONTR_OD,,N2O_WASTE,1,2026,,,,,,0.0
EmissionActivityRatio,BAU,GUA,NO_CONTR_OD,,N2O_WASTE,1,2027,,,,,,0.0
EmissionActivityRatio,BAU,GUA,NO_CONTR_OD,,N2O_WASTE,1,2028,,,,,,0.0
EmissionActivityRatio,BAU,GUA,NO_CONTR_OD,,N2O_WASTE,1,2029,,,,,,0.0
EmissionActivityRatio,BAU,GUA,NO_CONTR_OD,,N2O_WASTE,1,2030,,,,,,0.0
EmissionActivityRatio,BAU,GUA,NO_CONTR_OD,,N2O_WASTE,1,2031,,,,,,0.0
EmissionActivityRatio,BAU,GUA,NO_CONTR_OD,,N2O_WASTE,1,2032,,,,,,0.0
EmissionActivityRatio,BAU,GUA,NO_CONTR_OD,,N2O_WASTE,1,2033,,,,,,0.0
EmissionActivityRatio,BAU,GUA,NO_CONTR_OD,,N2O_WASTE,1,2034,,,,,,0.0
EmissionActivityRatio,BAU,GUA,NO_CONTR_OD,,N2O_WASTE,1,2035,,,,,,0.0
EmissionActivityRatio,BAU,GUA,NO_CONTR_OD,,N2O_WASTE,1,2036,,,,,,0.0
EmissionActivityRatio,BAU,GUA,NO_CONTR_OD,,N2O_WASTE,1,2037,,,,,,0.0
EmissionActivityRatio,BAU,GUA,NO_CONTR_OD,,N2O_WASTE,1,2038,,,,,,0.0
EmissionActivityRatio,BAU,GUA,NO_CONTR_OD,,N2O_WASTE,1,2039,,,,,,0.0
EmissionActivityRatio,BAU,GUA,NO_CONTR_OD,,N2O_WASTE,1,2040,,,,,,0.0
EmissionActivityRatio,BAU,GUA,NO_CONTR_OD,,N2O_WASTE,1,2041,,,,,,0.0
EmissionActivityRatio,BAU,GUA,NO_CONTR_OD,,N2O_WASTE,1,2042,,,,,,0.0
EmissionActivityRatio,BAU,GUA,NO_CONTR_OD,,N2O_WASTE,1,2043,,,,,,0.0
EmissionActivityRatio,BAU,GUA,NO_CONTR_OD,,N2O_WASTE,1,2044,,,,,,0.0
EmissionActivityRatio,BAU,GUA,NO_CONTR_OD,,N2O_WASTE,1,2045,,,,,,0.0
EmissionActivityRatio,BAU,GUA,NO_CONTR_OD,,N2O_WASTE,1,2046,,,,,,0.0
EmissionActivityRatio,BAU,GUA,NO_CONTR_OD,,N2O_WASTE,1,2047,,,,,,0.0
EmissionActivityRatio,BAU,GUA,NO_CONTR_OD,,N2O_WASTE,1,2048,,,,,,0.0
EmissionActivityRatio,BAU,GUA,NO_CONTR_OD,,N2O_WASTE,1,2049,,,,,,0.0
EmissionActivityRatio,BAU,GUA,NO_CONTR_OD,,N2O_WASTE,1,2050,,,,,,0.0
EmissionActivityRatio,BAU,GUA,COPROC,,CO2e_WASTE,1,2018,,,,,,0.0
EmissionActivityRatio,BAU,GUA,COPROC,,CO2e_WASTE,1,2019,,,,,,0.0
EmissionActivityRatio,BAU,GUA,COPROC,,CO2e_WASTE,1,2020,,,,,,0.0
EmissionActivityRatio,BAU,GUA,COPROC,,CO2e_WASTE,1,2021,,,,,,0.0
EmissionActivityRatio,BAU,GUA,COPROC,,CO2e_WASTE,1,2022,,,,,,0.0
EmissionActivityRatio,BAU,GUA,COPROC,,CO2e_WASTE,1,2023,,,,,,0.0
EmissionActivityRatio,BAU,GUA,COPROC,,CO2e_WASTE,1,2024,,,,,,0.0
EmissionActivityRatio,BAU,GUA,COPROC,,CO2e_WASTE,1,2025,,,,,,0.0
EmissionActivityRatio,BAU,GUA,COPROC,,CO2e_WASTE,1,2026,,,,,,0.0
EmissionActivityRatio,BAU,GUA,COPROC,,CO2e_WASTE,1,2027,,,,,,0.0
EmissionActivityRatio,BAU,GUA,COPROC,,CO2e_WASTE,1,2028,,,,,,0.0
EmissionActivityRatio,BAU,GUA,COPROC,,CO2e_WASTE,1,2029,,,,,,0.0
EmissionActivityRatio,BAU,GUA,COPROC,,CO2e_WASTE,1,2030,,,,,,0.0
EmissionActivityRatio,BAU,GUA,COPROC,,CO2e_WASTE,1,2031,,,,,,0.0
EmissionActivityRatio,BAU,GUA,COPROC,,CO2e_WASTE,1,2032,,,,,,0.0
EmissionActivityRatio,BAU,GUA,COPROC,,CO2e_WASTE,1,2033,,,,,,0.0
EmissionActivityRatio,BAU,GUA,COPROC,,CO2e_WASTE,1,2034,,,,,,0.0
EmissionActivityRatio,BAU,GUA,COPROC,,CO2e_WASTE,1,2035,,,,,,0.0
EmissionActivityRatio,BAU,GUA,COPROC,,CO2e_WASTE,1,2036,,,,,,0.0
EmissionActivityRatio,BAU,GUA,COPROC,,CO2e_WASTE,1,2037,,,,,,0.0
EmissionActivityRatio,BAU,GUA,COPROC,,CO2e_WASTE,1,2038,,,,,,0.0
EmissionActivityRatio,BAU,GUA,COPROC,,CO2e_WASTE,1,2039,,,,,,0.0
EmissionActivityRatio,BAU,GUA,COPROC,,CO2e_WASTE,1,2040,,,,,,0.0
EmissionActivityRatio,BAU,GUA,COPROC,,CO2e_WASTE,1,2041,,,,,,0.0
EmissionActivityRatio,BAU,GUA,COPROC,,CO2e_WASTE,1,2042,,,,,,0.0
EmissionActivityRatio,BAU,GUA,COPROC,,CO2e_WASTE,1,2043,,,,,,0.0
EmissionActivityRatio,BAU,GUA,COPROC,,CO2e_WASTE,1,2044,,,,,,0.0
EmissionActivityRatio,BAU,GUA,COPROC,,CO2e_WASTE,1,2045,,,,,,0.0
EmissionActivityRatio,BAU,GUA,COPROC,,CO2e_WASTE,1,2046,,,,,,0.0
EmissionActivityRatio,BAU,GUA,COPROC,,CO2e_WASTE,1,2047,,,,,,0.0
EmissionActivityRatio,BAU,GUA,COPROC,,CO2e_WASTE,1,2048,,,,,,0.0
EmissionActivityRatio,BAU,GUA,COPROC,,CO2e_WASTE,1,2049,,,,,,0.0
EmissionActivityRatio,BAU,GUA,COPROC,,CO2e_WASTE,1,2050,,,,,,0.0
EmissionActivityRatio,BAU,GUA,COPROC,,CO2_WASTE,1,2018,,,,,,0.0
EmissionActivityRatio,BAU,GUA,COPROC,,CO2_WASTE,1,2019,,,,,,0.0
EmissionActivityRatio,BAU,GUA,COPROC,,CO2_WASTE,1,2020,,,,,,0.0
EmissionActivityRatio,BAU,GUA,COPROC,,CO2_WASTE,1,2021,,,,,,0.0
EmissionActivityRatio,BAU,GUA,COPROC,,CO2_WASTE,1,2022,,,,,,0.0
EmissionActivityRatio,BAU,GUA,COPROC,,CO2_WASTE,1,2023,,,,,,0.0
EmissionActivityRatio,BAU,GUA,COPROC,,CO2_WASTE,1,2024,,,,,,0.0
EmissionActivityRatio,BAU,GUA,COPROC,,CO2_WASTE,1,2025,,,,,,0.0
EmissionActivityRatio,BAU,GUA,COPROC,,CO2_WASTE,1,2026,,,,,,0.0
EmissionActivityRatio,BAU,GUA,COPROC,,CO2_WASTE,1,2027,,,,,,0.0
EmissionActivityRatio,BAU,GUA,COPROC,,CO2_WASTE,1,2028,,,,,,0.0
EmissionActivityRatio,BAU,GUA,COPROC,,CO2_WASTE,1,2029,,,,,,0.0
EmissionActivityRatio,BAU,GUA,COPROC,,CO2_WASTE,1,2030,,,,,,0.0
EmissionActivityRatio,BAU,GUA,COPROC,,CO2_WASTE,1,2031,,,,,,0.0
EmissionActivityRatio,BAU,GUA,COPROC,,CO2_WASTE,1,2032,,,,,,0.0
EmissionActivityRatio,BAU,GUA,COPROC,,CO2_WASTE,1,2033,,,,,,0.0
EmissionActivityRatio,BAU,GUA,COPROC,,CO2_WASTE,1,2034,,,,,,0.0
EmissionActivityRatio,BAU,GUA,COPROC,,CO2_WASTE,1,2035,,,,,,0.0
EmissionActivityRatio,BAU,GUA,COPROC,,CO2_WASTE,1,2036,,,,,,0.0
EmissionActivityRatio,BAU,GUA,COPROC,,CO2_WASTE,1,2037,,,,,,0.0
EmissionActivityRatio,BAU,GUA,COPROC,,CO2_WASTE,1,2038,,,,,,0.0
EmissionActivityRatio,BAU,GUA,COPROC,,CO2_WASTE,1,2039,,,,,,0.0
EmissionActivityRatio,BAU,GUA,COPROC,,CO2_WASTE,1,2040,,,,,,0.0
EmissionActivityRatio,BAU,GUA,COPROC,,CO2_WASTE,1,2041,,,,,,0.0
EmissionActivityRatio,BAU,GUA,COPROC,,CO2_WASTE,1,2042,,,,,,0.0
EmissionActivityRatio,BAU,GUA,COPROC,,CO2_WASTE,1,2043,,,,,,0.0
EmissionActivityRatio,BAU,GUA,COPROC,,CO2_WASTE,1,2044,,,,,,0.0
EmissionActivityRatio,BAU,GUA,COPROC,,CO2_WASTE,1,2045,,,,,,0.0
EmissionActivityRatio,BAU,GUA,COPROC,,CO2_WASTE,1,2046,,,,,,0.0
EmissionActivityRatio,BAU,GUA,COPROC,,CO2_WASTE,1,2047,,,,,,0.0
EmissionActivityRatio,BAU,GUA,COPROC,,CO2_WASTE,1,2048,,,,,,0.0
EmissionActivityRatio,BAU,GUA,COPROC,,CO2_WASTE,1,2049,,,,,,0.0
EmissionActivityRatio,BAU,GUA,COPROC,,CO2_WASTE,1,2050,,,,,,0.0
EmissionActivityRatio,BAU,GUA,COPROC,,CH4_WASTE,1,2018,,,,,,0.0
EmissionActivityRatio,BAU,GUA,COPROC,,CH4_WASTE,1,2019,,,,,,0.0
EmissionActivityRatio,BAU,GUA,COPROC,,CH4_WASTE,1,2020,,,,,,0.0
EmissionActivityRatio,BAU,GUA,COPROC,,CH4_WASTE,1,2021,,,,,,0.0
EmissionActivityRatio,BAU,GUA,COPROC,,CH4_WASTE,1,2022,,,,,,0.0
EmissionActivityRatio,BAU,GUA,COPROC,,CH4_WASTE,1,2023,,,,,,0.0
EmissionActivityRatio,BAU,GUA,COPROC,,CH4_WASTE,1,2024,,,,,,0.0
EmissionActivityRatio,BAU,GUA,COPROC,,CH4_WASTE,1,2025,,,,,,0.0
EmissionActivityRatio,BAU,GUA,COPROC,,CH4_WASTE,1,2026,,,,,,0.0
EmissionActivityRatio,BAU,GUA,COPROC,,CH4_WASTE,1,2027,,,,,,0.0
EmissionActivityRatio,BAU,GUA,COPROC,,CH4_WASTE,1,2028,,,,,,0.0
EmissionActivityRatio,BAU,GUA,COPROC,,CH4_WASTE,1,2029,,,,,,0.0
EmissionActivityRatio,BAU,GUA,COPROC,,CH4_WASTE,1,2030,,,,,,0.0
EmissionActivityRatio,BAU,GUA,COPROC,,CH4_WASTE,1,2031,,,,,,0.0
EmissionActivityRatio,BAU,GUA,COPROC,,CH4_WASTE,1,2032,,,,,,0.0
EmissionActivityRatio,BAU,GUA,COPROC,,CH4_WASTE,1,2033,,,,,,0.0
EmissionActivityRatio,BAU,GUA,COPROC,,CH4_WASTE,1,2034,,,,,,0.0
EmissionActivityRatio,BAU,GUA,COPROC,,CH4_WASTE,1,2035,,,,,,0.0
EmissionActivityRatio,BAU,GUA,COPROC,,CH4_WASTE,1,2036,,,,,,0.0
EmissionActivityRatio,BAU,GUA,COPROC,,CH4_WASTE,1,2037,,,,,,0.0
EmissionActivityRatio,BAU,GUA,COPROC,,CH4_WASTE,1,2038,,,,,,0.0
EmissionActivityRatio,BAU,GUA,COPROC,,CH4_WASTE,1,2039,,,,,,0.0
EmissionActivityRatio,BAU,GUA,COPROC,,CH4_WASTE,1,2040,,,,,,0.0
EmissionActivityRatio,BAU,GUA,COPROC,,CH4_WASTE,1,2041,,,,,,0.0
EmissionActivityRatio,BAU,GUA,COPROC,,CH4_WASTE,1,2042,,,,,,0.0
EmissionActivityRatio,BAU,GUA,COPROC,,CH4_WASTE,1,2043,,,,,,0.0
EmissionActivityRatio,BAU,GUA,COPROC,,CH4_WASTE,1,2044,,,,,,0.0
EmissionActivityRatio,BAU,GUA,COPROC,,CH4_WASTE,1,2045,,,,,,0.0
EmissionActivityRatio,BAU,GUA,COPROC,,CH4_WASTE,1,2046,,,,,,0.0
EmissionActivityRatio,BAU,GUA,COPROC,,CH4_WASTE,1,2047,,,,,,0.0
EmissionActivityRatio,BAU,GUA,COPROC,,CH4_WASTE,1,2048,,,,,,0.0
EmissionActivityRatio,BAU,GUA,COPROC,,CH4_WASTE,1,2049,,,,,,0.0
EmissionActivityRatio,BAU,GUA,COPROC,,CH4_WASTE,1,2050,,,,,,0.0
EmissionActivityRatio,BAU,GUA,COPROC,,N2O_WASTE,1,2018,,,,,,0.0
EmissionActivityRatio,BAU,GUA,COPROC,,N2O_WASTE,1,2019,,,,,,0.0
EmissionActivityRatio,BAU,GUA,COPROC,,N2O_WASTE,1,2020,,,,,,0.0
EmissionActivityRatio,BAU,GUA,COPROC,,N2O_WASTE,1,2021,,,,,,0.0
EmissionActivityRatio,BAU,GUA,COPROC,,N2O_WASTE,1,2022,,,,,,0.0
EmissionActivityRatio,BAU,GUA,COPROC,,N2O_WASTE,1,2023,,,,,,0.0
EmissionActivityRatio,BAU,GUA,COPROC,,N2O_WASTE,1,2024,,,,,,0.0
EmissionActivityRatio,BAU,GUA,COPROC,,N2O_WASTE,1,2025,,,,,,0.0
EmissionActivityRatio,BAU,GUA,COPROC,,N2O_WASTE,1,2026,,,,,,0.0
EmissionActivityRatio,BAU,GUA,COPROC,,N2O_WASTE,1,2027,,,,,,0.0
EmissionActivityRatio,BAU,GUA,COPROC,,N2O_WASTE,1,2028,,,,,,0.0
EmissionActivityRatio,BAU,GUA,COPROC,,N2O_WASTE,1,2029,,,,,,0.0
EmissionActivityRatio,BAU,GUA,COPROC,,N2O_WASTE,1,2030,,,,,,0.0
EmissionActivityRatio,BAU,GUA,COPROC,,N2O_WASTE,1,2031,,,,,,0.0
EmissionActivityRatio,BAU,GUA,COPROC,,N2O_WASTE,1,2032,,,,,,0.0
EmissionActivityRatio,BAU,GUA,COPROC,,N2O_WASTE,1,2033,,,,,,0.0
EmissionActivityRatio,BAU,GUA,COPROC,,N2O_WASTE,1,2034,,,,,,0.0
EmissionActivityRatio,BAU,GUA,COPROC,,N2O_WASTE,1,2035,,,,,,0.0
EmissionActivityRatio,BAU,GUA,COPROC,,N2O_WASTE,1,2036,,,,,,0.0
EmissionActivityRatio,BAU,GUA,COPROC,,N2O_WASTE,1,2037,,,,,,0.0
EmissionActivityRatio,BAU,GUA,COPROC,,N2O_WASTE,1,2038,,,,,,0.0
EmissionActivityRatio,BAU,GUA,COPROC,,N2O_WASTE,1,2039,,,,,,0.0
EmissionActivityRatio,BAU,GUA,COPROC,,N2O_WASTE,1,2040,,,,,,0.0
EmissionActivityRatio,BAU,GUA,COPROC,,N2O_WASTE,1,2041,,,,,,0.0
EmissionActivityRatio,BAU,GUA,COPROC,,N2O_WASTE,1,2042,,,,,,0.0
EmissionActivityRatio,BAU,GUA,COPROC,,N2O_WASTE,1,2043,,,,,,0.0
EmissionActivityRatio,BAU,GUA,COPROC,,N2O_WASTE,1,2044,,,,,,0.0
EmissionActivityRatio,BAU,GUA,COPROC,,N2O_WASTE,1,2045,,,,,,0.0
EmissionActivityRatio,BAU,GUA,COPROC,,N2O_WASTE,1,2046,,,,,,0.0
EmissionActivityRatio,BAU,GUA,COPROC,,N2O_WASTE,1,2047,,,,,,0.0
EmissionActivityRatio,BAU,GUA,COPROC,,N2O_WASTE,1,2048,,,,,,0.0
EmissionActivityRatio,BAU,GUA,COPROC,,N2O_WASTE,1,2049,,,,,,0.0
EmissionActivityRatio,BAU,GUA,COPROC,,N2O_WASTE,1,2050,,,,,,0.0
EmissionActivityRatio,BAU,GUA,INCIN,,CO2e_WASTE,1,2018,,,,,,0.0
EmissionActivityRatio,BAU,GUA,INCIN,,CO2e_WASTE,1,2019,,,,,,0.0
EmissionActivityRatio,BAU,GUA,INCIN,,CO2e_WASTE,1,2020,,,,,,0.0
EmissionActivityRatio,BAU,GUA,INCIN,,CO2e_WASTE,1,2021,,,,,,0.0
EmissionActivityRatio,BAU,GUA,INCIN,,CO2e_WASTE,1,2022,,,,,,0.0
EmissionActivityRatio,BAU,GUA,INCIN,,CO2e_WASTE,1,2023,,,,,,0.0
EmissionActivityRatio,BAU,GUA,INCIN,,CO2e_WASTE,1,2024,,,,,,0.0
EmissionActivityRatio,BAU,GUA,INCIN,,CO2e_WASTE,1,2025,,,,,,0.0
EmissionActivityRatio,BAU,GUA,INCIN,,CO2e_WASTE,1,2026,,,,,,0.0
EmissionActivityRatio,BAU,GUA,INCIN,,CO2e_WASTE,1,2027,,,,,,0.0
EmissionActivityRatio,BAU,GUA,INCIN,,CO2e_WASTE,1,2028,,,,,,0.0
EmissionActivityRatio,BAU,GUA,INCIN,,CO2e_WASTE,1,2029,,,,,,0.0
EmissionActivityRatio,BAU,GUA,INCIN,,CO2e_WASTE,1,2030,,,,,,0.0
EmissionActivityRatio,BAU,GUA,INCIN,,CO2e_WASTE,1,2031,,,,,,0.0
EmissionActivityRatio,BAU,GUA,INCIN,,CO2e_WASTE,1,2032,,,,,,0.0
EmissionActivityRatio,BAU,GUA,INCIN,,CO2e_WASTE,1,2033,,,,,,0.0
EmissionActivityRatio,BAU,GUA,INCIN,,CO2e_WASTE,1,2034,,,,,,0.0
EmissionActivityRatio,BAU,GUA,INCIN,,CO2e_WASTE,1,2035,,,,,,0.0
EmissionActivityRatio,BAU,GUA,INCIN,,CO2e_WASTE,1,2036,,,,,,0.0
EmissionActivityRatio,BAU,GUA,INCIN,,CO2e_WASTE,1,2037,,,,,,0.0
EmissionActivityRatio,BAU,GUA,INCIN,,CO2e_WASTE,1,2038,,,,,,0.0
EmissionActivityRatio,BAU,GUA,INCIN,,CO2e_WASTE,1,2039,,,,,,0.0
EmissionActivityRatio,BAU,GUA,INCIN,,CO2e_WASTE,1,2040,,,,,,0.0
EmissionActivityRatio,BAU,GUA,INCIN,,CO2e_WASTE,1,2041,,,,,,0.0
EmissionActivityRatio,BAU,GUA,INCIN,,CO2e_WASTE,1,2042,,,,,,0.0
EmissionActivityRatio,BAU,GUA,INCIN,,CO2e_WASTE,1,2043,,,,,,0.0
EmissionActivityRatio,BAU,GUA,INCIN,,CO2e_WASTE,1,2044,,,,,,0.0
EmissionActivityRatio,BAU,GUA,INCIN,,CO2e_WASTE,1,2045,,,,,,0.0
EmissionActivityRatio,BAU,GUA,INCIN,,CO2e_WASTE,1,2046,,,,,,0.0
EmissionActivityRatio,BAU,GUA,INCIN,,CO2e_WASTE,1,2047,,,,,,0.0
EmissionActivityRatio,BAU,GUA,INCIN,,CO2e_WASTE,1,2048,,,,,,0.0
EmissionActivityRatio,BAU,GUA,INCIN,,CO2e_WASTE,1,2049,,,,,,0.0
EmissionActivityRatio,BAU,GUA,INCIN,,CO2e_WASTE,1,2050,,,,,,0.0
EmissionActivityRatio,BAU,GUA,INCIN,,CO2_WASTE,1,2018,,,,,,0.0
EmissionActivityRatio,BAU,GUA,INCIN,,CO2_WASTE,1,2019,,,,,,0.0
EmissionActivityRatio,BAU,GUA,INCIN,,CO2_WASTE,1,2020,,,,,,0.0
EmissionActivityRatio,BAU,GUA,INCIN,,CO2_WASTE,1,2021,,,,,,0.0
EmissionActivityRatio,BAU,GUA,INCIN,,CO2_WASTE,1,2022,,,,,,0.0
EmissionActivityRatio,BAU,GUA,INCIN,,CO2_WASTE,1,2023,,,,,,0.0
EmissionActivityRatio,BAU,GUA,INCIN,,CO2_WASTE,1,2024,,,,,,0.0
EmissionActivityRatio,BAU,GUA,INCIN,,CO2_WASTE,1,2025,,,,,,0.0
EmissionActivityRatio,BAU,GUA,INCIN,,CO2_WASTE,1,2026,,,,,,0.0
EmissionActivityRatio,BAU,GUA,INCIN,,CO2_WASTE,1,2027,,,,,,0.0
EmissionActivityRatio,BAU,GUA,INCIN,,CO2_WASTE,1,2028,,,,,,0.0
EmissionActivityRatio,BAU,GUA,INCIN,,CO2_WASTE,1,2029,,,,,,0.0
EmissionActivityRatio,BAU,GUA,INCIN,,CO2_WASTE,1,2030,,,,,,0.0
EmissionActivityRatio,BAU,GUA,INCIN,,CO2_WASTE,1,2031,,,,,,0.0
EmissionActivityRatio,BAU,GUA,INCIN,,CO2_WASTE,1,2032,,,,,,0.0
EmissionActivityRatio,BAU,GUA,INCIN,,CO2_WASTE,1,2033,,,,,,0.0
EmissionActivityRatio,BAU,GUA,INCIN,,CO2_WASTE,1,2034,,,,,,0.0
EmissionActivityRatio,BAU,GUA,INCIN,,CO2_WASTE,1,2035,,,,,,0.0
EmissionActivityRatio,BAU,GUA,INCIN,,CO2_WASTE,1,2036,,,,,,0.0
EmissionActivityRatio,BAU,GUA,INCIN,,CO2_WASTE,1,2037,,,,,,0.0
EmissionActivityRatio,BAU,GUA,INCIN,,CO2_WASTE,1,2038,,,,,,0.0
EmissionActivityRatio,BAU,GUA,INCIN,,CO2_WASTE,1,2039,,,,,,0.0
EmissionActivityRatio,BAU,GUA,INCIN,,CO2_WASTE,1,2040,,,,,,0.0
EmissionActivityRatio,BAU,GUA,INCIN,,CO2_WASTE,1,2041,,,,,,0.0
EmissionActivityRatio,BAU,GUA,INCIN,,CO2_WASTE,1,2042,,,,,,0.0
EmissionActivityRatio,BAU,GUA,INCIN,,CO2_WASTE,1,2043,,,,,,0.0
EmissionActivityRatio,BAU,GUA,INCIN,,CO2_WASTE,1,2044,,,,,,0.0
EmissionActivityRatio,BAU,GUA,INCIN,,CO2_WASTE,1,2045,,,,,,0.0
EmissionActivityRatio,BAU,GUA,INCIN,,CO2_WASTE,1,2046,,,,,,0.0
EmissionActivityRatio,BAU,GUA,INCIN,,CO2_WASTE,1,2047,,,,,,0.0
EmissionActivityRatio,BAU,GUA,INCIN,,CO2_WASTE,1,2048,,,,,,0.0
EmissionActivityRatio,BAU,GUA,INCIN,,CO2_WASTE,1,2049,,,,,,0.0
EmissionActivityRatio,BAU,GUA,INCIN,,CO2_WASTE,1,2050,,,,,,0.0
EmissionActivityRatio,BAU,GUA,INCIN,,CH4_WASTE,1,2018,,,,,,0.0
EmissionActivityRatio,BAU,GUA,INCIN,,CH4_WASTE,1,2019,,,,,,0.0
EmissionActivityRatio,BAU,GUA,INCIN,,CH4_WASTE,1,2020,,,,,,0.0
EmissionActivityRatio,BAU,GUA,INCIN,,CH4_WASTE,1,2021,,,,,,0.0
EmissionActivityRatio,BAU,GUA,INCIN,,CH4_WASTE,1,2022,,,,,,0.0
EmissionActivityRatio,BAU,GUA,INCIN,,CH4_WASTE,1,2023,,,,,,0.0
EmissionActivityRatio,BAU,GUA,INCIN,,CH4_WASTE,1,2024,,,,,,0.0
EmissionActivityRatio,BAU,GUA,INCIN,,CH4_WASTE,1,2025,,,,,,0.0
EmissionActivityRatio,BAU,GUA,INCIN,,CH4_WASTE,1,2026,,,,,,0.0
EmissionActivityRatio,BAU,GUA,INCIN,,CH4_WASTE,1,2027,,,,,,0.0
EmissionActivityRatio,BAU,GUA,INCIN,,CH4_WASTE,1,2028,,,,,,0.0
EmissionActivityRatio,BAU,GUA,INCIN,,CH4_WASTE,1,2029,,,,,,0.0
EmissionActivityRatio,BAU,GUA,INCIN,,CH4_WASTE,1,2030,,,,,,0.0
EmissionActivityRatio,BAU,GUA,INCIN,,CH4_WASTE,1,2031,,,,,,0.0
EmissionActivityRatio,BAU,GUA,INCIN,,CH4_WASTE,1,2032,,,,,,0.0
EmissionActivityRatio,BAU,GUA,INCIN,,CH4_WASTE,1,2033,,,,,,0.0
EmissionActivityRatio,BAU,GUA,INCIN,,CH4_WASTE,1,2034,,,,,,0.0
EmissionActivityRatio,BAU,GUA,INCIN,,CH4_WASTE,1,2035,,,,,,0.0
EmissionActivityRatio,BAU,GUA,INCIN,,CH4_WASTE,1,2036,,,,,,0.0
EmissionActivityRatio,BAU,GUA,INCIN,,CH4_WASTE,1,2037,,,,,,0.0
EmissionActivityRatio,BAU,GUA,INCIN,,CH4_WASTE,1,2038,,,,,,0.0
EmissionActivityRatio,BAU,GUA,INCIN,,CH4_WASTE,1,2039,,,,,,0.0
EmissionActivityRatio,BAU,GUA,INCIN,,CH4_WASTE,1,2040,,,,,,0.0
EmissionActivityRatio,BAU,GUA,INCIN,,CH4_WASTE,1,2041,,,,,,0.0
EmissionActivityRatio,BAU,GUA,INCIN,,CH4_WASTE,1,2042,,,,,,0.0
EmissionActivityRatio,BAU,GUA,INCIN,,CH4_WASTE,1,2043,,,,,,0.0
EmissionActivityRatio,BAU,GUA,INCIN,,CH4_WASTE,1,2044,,,,,,0.0
EmissionActivityRatio,BAU,GUA,INCIN,,CH4_WASTE,1,2045,,,,,,0.0
EmissionActivityRatio,BAU,GUA,INCIN,,CH4_WASTE,1,2046,,,,,,0.0
EmissionActivityRatio,BAU,GUA,INCIN,,CH4_WASTE,1,2047,,,,,,0.0
EmissionActivityRatio,BAU,GUA,INCIN,,CH4_WASTE,1,2048,,,,,,0.0
EmissionActivityRatio,BAU,GUA,INCIN,,CH4_WASTE,1,2049,,,,,,0.0
EmissionActivityRatio,BAU,GUA,INCIN,,CH4_WASTE,1,2050,,,,,,0.0
EmissionActivityRatio,BAU,GUA,INCIN,,N2O_WASTE,1,2018,,,,,,0.0
EmissionActivityRatio,BAU,GUA,INCIN,,N2O_WASTE,1,2019,,,,,,0.0
EmissionActivityRatio,BAU,GUA,INCIN,,N2O_WASTE,1,2020,,,,,,0.0
EmissionActivityRatio,BAU,GUA,INCIN,,N2O_WASTE,1,2021,,,,,,0.0
EmissionActivityRatio,BAU,GUA,INCIN,,N2O_WASTE,1,2022,,,,,,0.0
EmissionActivityRatio,BAU,GUA,INCIN,,N2O_WASTE,1,2023,,,,,,0.0
EmissionActivityRatio,BAU,GUA,INCIN,,N2O_WASTE,1,2024,,,,,,0.0
EmissionActivityRatio,BAU,GUA,INCIN,,N2O_WASTE,1,2025,,,,,,0.0
EmissionActivityRatio,BAU,GUA,INCIN,,N2O_WASTE,1,2026,,,,,,0.0
EmissionActivityRatio,BAU,GUA,INCIN,,N2O_WASTE,1,2027,,,,,,0.0
EmissionActivityRatio,BAU,GUA,INCIN,,N2O_WASTE,1,2028,,,,,,0.0
EmissionActivityRatio,BAU,GUA,INCIN,,N2O_WASTE,1,2029,,,,,,0.0
EmissionActivityRatio,BAU,GUA,INCIN,,N2O_WASTE,1,2030,,,,,,0.0
EmissionActivityRatio,BAU,GUA,INCIN,,N2O_WASTE,1,2031,,,,,,0.0
EmissionActivityRatio,BAU,GUA,INCIN,,N2O_WASTE,1,2032,,,,,,0.0
EmissionActivityRatio,BAU,GUA,INCIN,,N2O_WASTE,1,2033,,,,,,0.0
EmissionActivityRatio,BAU,GUA,INCIN,,N2O_WASTE,1,2034,,,,,,0.0
EmissionActivityRatio,BAU,GUA,INCIN,,N2O_WASTE,1,2035,,,,,,0.0
EmissionActivityRatio,BAU,GUA,INCIN,,N2O_WASTE,1,2036,,,,,,0.0
EmissionActivityRatio,BAU,GUA,INCIN,,N2O_WASTE,1,2037,,,,,,0.0
EmissionActivityRatio,BAU,GUA,INCIN,,N2O_WASTE,1,2038,,,,,,0.0
EmissionActivityRatio,BAU,GUA,INCIN,,N2O_WASTE,1,2039,,,,,,0.0
EmissionActivityRatio,BAU,GUA,INCIN,,N2O_WASTE,1,2040,,,,,,0.0
EmissionActivityRatio,BAU,GUA,INCIN,,N2O_WASTE,1,2041,,,,,,0.0
EmissionActivityRatio,BAU,GUA,INCIN,,N2O_WASTE,1,2042,,,,,,0.0
EmissionActivityRatio,BAU,GUA,INCIN,,N2O_WASTE,1,2043,,,,,,0.0
EmissionActivityRatio,BAU,GUA,INCIN,,N2O_WASTE,1,2044,,,,,,0.0
EmissionActivityRatio,BAU,GUA,INCIN,,N2O_WASTE,1,2045,,,,,,0.0
EmissionActivityRatio,BAU,GUA,INCIN,,N2O_WASTE,1,2046,,,,,,0.0
EmissionActivityRatio,BAU,GUA,INCIN,,N2O_WASTE,1,2047,,,,,,0.0
EmissionActivityRatio,BAU,GUA,INCIN,,N2O_WASTE,1,2048,,,,,,0.0
EmissionActivityRatio,BAU,GUA,INCIN,,N2O_WASTE,1,2049,,,,,,0.0
EmissionActivityRatio,BAU,GUA,INCIN,,N2O_WASTE,1,2050,,,,,,0.0
EmissionActivityRatio,BAU,GUA,GAS_MSW,,CO2e_WASTE,1,2018,,,,,,0.0
EmissionActivityRatio,BAU,GUA,GAS_MSW,,CO2e_WASTE,1,2019,,,,,,0.0
EmissionActivityRatio,BAU,GUA,GAS_MSW,,CO2e_WASTE,1,2020,,,,,,0.0
EmissionActivityRatio,BAU,GUA,GAS_MSW,,CO2e_WASTE,1,2021,,,,,,0.0
EmissionActivityRatio,BAU,GUA,GAS_MSW,,CO2e_WASTE,1,2022,,,,,,0.0
EmissionActivityRatio,BAU,GUA,GAS_MSW,,CO2e_WASTE,1,2023,,,,,,0.0
EmissionActivityRatio,BAU,GUA,GAS_MSW,,CO2e_WASTE,1,2024,,,,,,0.0
EmissionActivityRatio,BAU,GUA,GAS_MSW,,CO2e_WASTE,1,2025,,,,,,0.0
EmissionActivityRatio,BAU,GUA,GAS_MSW,,CO2e_WASTE,1,2026,,,,,,0.0
EmissionActivityRatio,BAU,GUA,GAS_MSW,,CO2e_WASTE,1,2027,,,,,,0.0
EmissionActivityRatio,BAU,GUA,GAS_MSW,,CO2e_WASTE,1,2028,,,,,,0.0
EmissionActivityRatio,BAU,GUA,GAS_MSW,,CO2e_WASTE,1,2029,,,,,,0.0
EmissionActivityRatio,BAU,GUA,GAS_MSW,,CO2e_WASTE,1,2030,,,,,,0.0
EmissionActivityRatio,BAU,GUA,GAS_MSW,,CO2e_WASTE,1,2031,,,,,,0.0
EmissionActivityRatio,BAU,GUA,GAS_MSW,,CO2e_WASTE,1,2032,,,,,,0.0
EmissionActivityRatio,BAU,GUA,GAS_MSW,,CO2e_WASTE,1,2033,,,,,,0.0
EmissionActivityRatio,BAU,GUA,GAS_MSW,,CO2e_WASTE,1,2034,,,,,,0.0
EmissionActivityRatio,BAU,GUA,GAS_MSW,,CO2e_WASTE,1,2035,,,,,,0.0
EmissionActivityRatio,BAU,GUA,GAS_MSW,,CO2e_WASTE,1,2036,,,,,,0.0
EmissionActivityRatio,BAU,GUA,GAS_MSW,,CO2e_WASTE,1,2037,,,,,,0.0
EmissionActivityRatio,BAU,GUA,GAS_MSW,,CO2e_WASTE,1,2038,,,,,,0.0
EmissionActivityRatio,BAU,GUA,GAS_MSW,,CO2e_WASTE,1,2039,,,,,,0.0
EmissionActivityRatio,BAU,GUA,GAS_MSW,,CO2e_WASTE,1,2040,,,,,,0.0
EmissionActivityRatio,BAU,GUA,GAS_MSW,,CO2e_WASTE,1,2041,,,,,,0.0
EmissionActivityRatio,BAU,GUA,GAS_MSW,,CO2e_WASTE,1,2042,,,,,,0.0
EmissionActivityRatio,BAU,GUA,GAS_MSW,,CO2e_WASTE,1,2043,,,,,,0.0
EmissionActivityRatio,BAU,GUA,GAS_MSW,,CO2e_WASTE,1,2044,,,,,,0.0
EmissionActivityRatio,BAU,GUA,GAS_MSW,,CO2e_WASTE,1,2045,,,,,,0.0
EmissionActivityRatio,BAU,GUA,GAS_MSW,,CO2e_WASTE,1,2046,,,,,,0.0
EmissionActivityRatio,BAU,GUA,GAS_MSW,,CO2e_WASTE,1,2047,,,,,,0.0
EmissionActivityRatio,BAU,GUA,GAS_MSW,,CO2e_WASTE,1,2048,,,,,,0.0
EmissionActivityRatio,BAU,GUA,GAS_MSW,,CO2e_WASTE,1,2049,,,,,,0.0
EmissionActivityRatio,BAU,GUA,GAS_MSW,,CO2e_WASTE,1,2050,,,,,,0.0
EmissionActivityRatio,BAU,GUA,GAS_MSW,,CO2_WASTE,1,2018,,,,,,0.0
EmissionActivityRatio,BAU,GUA,GAS_MSW,,CO2_WASTE,1,2019,,,,,,0.0
EmissionActivityRatio,BAU,GUA,GAS_MSW,,CO2_WASTE,1,2020,,,,,,0.0
EmissionActivityRatio,BAU,GUA,GAS_MSW,,CO2_WASTE,1,2021,,,,,,0.0
EmissionActivityRatio,BAU,GUA,GAS_MSW,,CO2_WASTE,1,2022,,,,,,0.0
EmissionActivityRatio,BAU,GUA,GAS_MSW,,CO2_WASTE,1,2023,,,,,,0.0
EmissionActivityRatio,BAU,GUA,GAS_MSW,,CO2_WASTE,1,2024,,,,,,0.0
EmissionActivityRatio,BAU,GUA,GAS_MSW,,CO2_WASTE,1,2025,,,,,,0.0
EmissionActivityRatio,BAU,GUA,GAS_MSW,,CO2_WASTE,1,2026,,,,,,0.0
EmissionActivityRatio,BAU,GUA,GAS_MSW,,CO2_WASTE,1,2027,,,,,,0.0
EmissionActivityRatio,BAU,GUA,GAS_MSW,,CO2_WASTE,1,2028,,,,,,0.0
EmissionActivityRatio,BAU,GUA,GAS_MSW,,CO2_WASTE,1,2029,,,,,,0.0
EmissionActivityRatio,BAU,GUA,GAS_MSW,,CO2_WASTE,1,2030,,,,,,0.0
EmissionActivityRatio,BAU,GUA,GAS_MSW,,CO2_WASTE,1,2031,,,,,,0.0
EmissionActivityRatio,BAU,GUA,GAS_MSW,,CO2_WASTE,1,2032,,,,,,0.0
EmissionActivityRatio,BAU,GUA,GAS_MSW,,CO2_WASTE,1,2033,,,,,,0.0
EmissionActivityRatio,BAU,GUA,GAS_MSW,,CO2_WASTE,1,2034,,,,,,0.0
EmissionActivityRatio,BAU,GUA,GAS_MSW,,CO2_WASTE,1,2035,,,,,,0.0
EmissionActivityRatio,BAU,GUA,GAS_MSW,,CO2_WASTE,1,2036,,,,,,0.0
EmissionActivityRatio,BAU,GUA,GAS_MSW,,CO2_WASTE,1,2037,,,,,,0.0
EmissionActivityRatio,BAU,GUA,GAS_MSW,,CO2_WASTE,1,2038,,,,,,0.0
EmissionActivityRatio,BAU,GUA,GAS_MSW,,CO2_WASTE,1,2039,,,,,,0.0
EmissionActivityRatio,BAU,GUA,GAS_MSW,,CO2_WASTE,1,2040,,,,,,0.0
EmissionActivityRatio,BAU,GUA,GAS_MSW,,CO2_WASTE,1,2041,,,,,,0.0
EmissionActivityRatio,BAU,GUA,GAS_MSW,,CO2_WASTE,1,2042,,,,,,0.0
EmissionActivityRatio,BAU,GUA,GAS_MSW,,CO2_WASTE,1,2043,,,,,,0.0
EmissionActivityRatio,BAU,GUA,GAS_MSW,,CO2_WASTE,1,2044,,,,,,0.0
EmissionActivityRatio,BAU,GUA,GAS_MSW,,CO2_WASTE,1,2045,,,,,,0.0
EmissionActivityRatio,BAU,GUA,GAS_MSW,,CO2_WASTE,1,2046,,,,,,0.0
EmissionActivityRatio,BAU,GUA,GAS_MSW,,CO2_WASTE,1,2047,,,,,,0.0
EmissionActivityRatio,BAU,GUA,GAS_MSW,,CO2_WASTE,1,2048,,,,,,0.0
EmissionActivityRatio,BAU,GUA,GAS_MSW,,CO2_WASTE,1,2049,,,,,,0.0
EmissionActivityRatio,BAU,GUA,GAS_MSW,,CO2_WASTE,1,2050,,,,,,0.0
EmissionActivityRatio,BAU,GUA,GAS_MSW,,CH4_WASTE,1,2018,,,,,,0.0
EmissionActivityRatio,BAU,GUA,GAS_MSW,,CH4_WASTE,1,2019,,,,,,0.0
EmissionActivityRatio,BAU,GUA,GAS_MSW,,CH4_WASTE,1,2020,,,,,,0.0
EmissionActivityRatio,BAU,GUA,GAS_MSW,,CH4_WASTE,1,2021,,,,,,0.0
EmissionActivityRatio,BAU,GUA,GAS_MSW,,CH4_WASTE,1,2022,,,,,,0.0
EmissionActivityRatio,BAU,GUA,GAS_MSW,,CH4_WASTE,1,2023,,,,,,0.0
EmissionActivityRatio,BAU,GUA,GAS_MSW,,CH4_WASTE,1,2024,,,,,,0.0
EmissionActivityRatio,BAU,GUA,GAS_MSW,,CH4_WASTE,1,2025,,,,,,0.0
EmissionActivityRatio,BAU,GUA,GAS_MSW,,CH4_WASTE,1,2026,,,,,,0.0
EmissionActivityRatio,BAU,GUA,GAS_MSW,,CH4_WASTE,1,2027,,,,,,0.0
EmissionActivityRatio,BAU,GUA,GAS_MSW,,CH4_WASTE,1,2028,,,,,,0.0
EmissionActivityRatio,BAU,GUA,GAS_MSW,,CH4_WASTE,1,2029,,,,,,0.0
EmissionActivityRatio,BAU,GUA,GAS_MSW,,CH4_WASTE,1,2030,,,,,,0.0
EmissionActivityRatio,BAU,GUA,GAS_MSW,,CH4_WASTE,1,2031,,,,,,0.0
EmissionActivityRatio,BAU,GUA,GAS_MSW,,CH4_WASTE,1,2032,,,,,,0.0
EmissionActivityRatio,BAU,GUA,GAS_MSW,,CH4_WASTE,1,2033,,,,,,0.0
EmissionActivityRatio,BAU,GUA,GAS_MSW,,CH4_WASTE,1,2034,,,,,,0.0
EmissionActivityRatio,BAU,GUA,GAS_MSW,,CH4_WASTE,1,2035,,,,,,0.0
EmissionActivityRatio,BAU,GUA,GAS_MSW,,CH4_WASTE,1,2036,,,,,,0.0
EmissionActivityRatio,BAU,GUA,GAS_MSW,,CH4_WASTE,1,2037,,,,,,0.0
EmissionActivityRatio,BAU,GUA,GAS_MSW,,CH4_WASTE,1,2038,,,,,,0.0
EmissionActivityRatio,BAU,GUA,GAS_MSW,,CH4_WASTE,1,2039,,,,,,0.0
EmissionActivityRatio,BAU,GUA,GAS_MSW,,CH4_WASTE,1,2040,,,,,,0.0
EmissionActivityRatio,BAU,GUA,GAS_MSW,,CH4_WASTE,1,2041,,,,,,0.0
EmissionActivityRatio,BAU,GUA,GAS_MSW,,CH4_WASTE,1,2042,,,,,,0.0
EmissionActivityRatio,BAU,GUA,GAS_MSW,,CH4_WASTE,1,2043,,,,,,0.0
EmissionActivityRatio,BAU,GUA,GAS_MSW,,CH4_WASTE,1,2044,,,,,,0.0
EmissionActivityRatio,BAU,GUA,GAS_MSW,,CH4_WASTE,1,2045,,,,,,0.0
EmissionActivityRatio,BAU,GUA,GAS_MSW,,CH4_WASTE,1,2046,,,,,,0.0
EmissionActivityRatio,BAU,GUA,GAS_MSW,,CH4_WASTE,1,2047,,,,,,0.0
EmissionActivityRatio,BAU,GUA,GAS_MSW,,CH4_WASTE,1,2048,,,,,,0.0
EmissionActivityRatio,BAU,GUA,GAS_MSW,,CH4_WASTE,1,2049,,,,,,0.0
EmissionActivityRatio,BAU,GUA,GAS_MSW,,CH4_WASTE,1,2050,,,,,,0.0
EmissionActivityRatio,BAU,GUA,GAS_MSW,,N2O_WASTE,1,2018,,,,,,0.0
EmissionActivityRatio,BAU,GUA,GAS_MSW,,N2O_WASTE,1,2019,,,,,,0.0
EmissionActivityRatio,BAU,GUA,GAS_MSW,,N2O_WASTE,1,2020,,,,,,0.0
EmissionActivityRatio,BAU,GUA,GAS_MSW,,N2O_WASTE,1,2021,,,,,,0.0
EmissionActivityRatio,BAU,GUA,GAS_MSW,,N2O_WASTE,1,2022,,,,,,0.0
EmissionActivityRatio,BAU,GUA,GAS_MSW,,N2O_WASTE,1,2023,,,,,,0.0
EmissionActivityRatio,BAU,GUA,GAS_MSW,,N2O_WASTE,1,2024,,,,,,0.0
EmissionActivityRatio,BAU,GUA,GAS_MSW,,N2O_WASTE,1,2025,,,,,,0.0
EmissionActivityRatio,BAU,GUA,GAS_MSW,,N2O_WASTE,1,2026,,,,,,0.0
EmissionActivityRatio,BAU,GUA,GAS_MSW,,N2O_WASTE,1,2027,,,,,,0.0
EmissionActivityRatio,BAU,GUA,GAS_MSW,,N2O_WASTE,1,2028,,,,,,0.0
EmissionActivityRatio,BAU,GUA,GAS_MSW,,N2O_WASTE,1,2029,,,,,,0.0
EmissionActivityRatio,BAU,GUA,GAS_MSW,,N2O_WASTE,1,2030,,,,,,0.0
EmissionActivityRatio,BAU,GUA,GAS_MSW,,N2O_WASTE,1,2031,,,,,,0.0
EmissionActivityRatio,BAU,GUA,GAS_MSW,,N2O_WASTE,1,2032,,,,,,0.0
EmissionActivityRatio,BAU,GUA,GAS_MSW,,N2O_WASTE,1,2033,,,,,,0.0
EmissionActivityRatio,BAU,GUA,GAS_MSW,,N2O_WASTE,1,2034,,,,,,0.0
EmissionActivityRatio,BAU,GUA,GAS_MSW,,N2O_WASTE,1,2035,,,,,,0.0
EmissionActivityRatio,BAU,GUA,GAS_MSW,,N2O_WASTE,1,2036,,,,,,0.0
EmissionActivityRatio,BAU,GUA,GAS_MSW,,N2O_WASTE,1,2037,,,,,,0.0
EmissionActivityRatio,BAU,GUA,GAS_MSW,,N2O_WASTE,1,2038,,,,,,0.0
EmissionActivityRatio,BAU,GUA,GAS_MSW,,N2O_WASTE,1,2039,,,,,,0.0
EmissionActivityRatio,BAU,GUA,GAS_MSW,,N2O_WASTE,1,2040,,,,,,0.0
EmissionActivityRatio,BAU,GUA,GAS_MSW,,N2O_WASTE,1,2041,,,,,,0.0
EmissionActivityRatio,BAU,GUA,GAS_MSW,,N2O_WASTE,1,2042,,,,,,0.0
EmissionActivityRatio,BAU,GUA,GAS_MSW,,N2O_WASTE,1,2043,,,,,,0.0
EmissionActivityRatio,BAU,GUA,GAS_MSW,,N2O_WASTE,1,2044,,,,,,0.0
EmissionActivityRatio,BAU,GUA,GAS_MSW,,N2O_WASTE,1,2045,,,,,,0.0
EmissionActivityRatio,BAU,GUA,GAS_MSW,,N2O_WASTE,1,2046,,,,,,0.0
EmissionActivityRatio,BAU,GUA,GAS_MSW,,N2O_WASTE,1,2047,,,,,,0.0
EmissionActivityRatio,BAU,GUA,GAS_MSW,,N2O_WASTE,1,2048,,,,,,0.0
EmissionActivityRatio,BAU,GUA,GAS_MSW,,N2O_WASTE,1,2049,,,,,,0.0
EmissionActivityRatio,BAU,GUA,GAS_MSW,,N2O_WASTE,1,2050,,,,,,0.0
EmissionActivityRatio,BAU,GUA,HTC,,CO2e_WASTE,1,2018,,,,,,0.0
EmissionActivityRatio,BAU,GUA,HTC,,CO2e_WASTE,1,2019,,,,,,0.0
EmissionActivityRatio,BAU,GUA,HTC,,CO2e_WASTE,1,2020,,,,,,0.0
EmissionActivityRatio,BAU,GUA,HTC,,CO2e_WASTE,1,2021,,,,,,0.0
EmissionActivityRatio,BAU,GUA,HTC,,CO2e_WASTE,1,2022,,,,,,0.0
EmissionActivityRatio,BAU,GUA,HTC,,CO2e_WASTE,1,2023,,,,,,0.0
EmissionActivityRatio,BAU,GUA,HTC,,CO2e_WASTE,1,2024,,,,,,0.0
EmissionActivityRatio,BAU,GUA,HTC,,CO2e_WASTE,1,2025,,,,,,0.0
EmissionActivityRatio,BAU,GUA,HTC,,CO2e_WASTE,1,2026,,,,,,0.0
EmissionActivityRatio,BAU,GUA,HTC,,CO2e_WASTE,1,2027,,,,,,0.0
EmissionActivityRatio,BAU,GUA,HTC,,CO2e_WASTE,1,2028,,,,,,0.0
EmissionActivityRatio,BAU,GUA,HTC,,CO2e_WASTE,1,2029,,,,,,0.0
EmissionActivityRatio,BAU,GUA,HTC,,CO2e_WASTE,1,2030,,,,,,0.0
EmissionActivityRatio,BAU,GUA,HTC,,CO2e_WASTE,1,2031,,,,,,0.0
EmissionActivityRatio,BAU,GUA,HTC,,CO2e_WASTE,1,2032,,,,,,0.0
EmissionActivityRatio,BAU,GUA,HTC,,CO2e_WASTE,1,2033,,,,,,0.0
EmissionActivityRatio,BAU,GUA,HTC,,CO2e_WASTE,1,2034,,,,,,0.0
EmissionActivityRatio,BAU,GUA,HTC,,CO2e_WASTE,1,2035,,,,,,0.0
EmissionActivityRatio,BAU,GUA,HTC,,CO2e_WASTE,1,2036,,,,,,0.0
EmissionActivityRatio,BAU,GUA,HTC,,CO2e_WASTE,1,2037,,,,,,0.0
EmissionActivityRatio,BAU,GUA,HTC,,CO2e_WASTE,1,2038,,,,,,0.0
EmissionActivityRatio,BAU,GUA,HTC,,CO2e_WASTE,1,2039,,,,,,0.0
EmissionActivityRatio,BAU,GUA,HTC,,CO2e_WASTE,1,2040,,,,,,0.0
EmissionActivityRatio,BAU,GUA,HTC,,CO2e_WASTE,1,2041,,,,,,0.0
EmissionActivityRatio,BAU,GUA,HTC,,CO2e_WASTE,1,2042,,,,,,0.0
EmissionActivityRatio,BAU,GUA,HTC,,CO2e_WASTE,1,2043,,,,,,0.0
EmissionActivityRatio,BAU,GUA,HTC,,CO2e_WASTE,1,2044,,,,,,0.0
EmissionActivityRatio,BAU,GUA,HTC,,CO2e_WASTE,1,2045,,,,,,0.0
EmissionActivityRatio,BAU,GUA,HTC,,CO2e_WASTE,1,2046,,,,,,0.0
EmissionActivityRatio,BAU,GUA,HTC,,CO2e_WASTE,1,2047,,,,,,0.0
EmissionActivityRatio,BAU,GUA,HTC,,CO2e_WASTE,1,2048,,,,,,0.0
EmissionActivityRatio,BAU,GUA,HTC,,CO2e_WASTE,1,2049,,,,,,0.0
EmissionActivityRatio,BAU,GUA,HTC,,CO2e_WASTE,1,2050,,,,,,0.0
EmissionActivityRatio,BAU,GUA,HTC,,CO2_WASTE,1,2018,,,,,,0.0
EmissionActivityRatio,BAU,GUA,HTC,,CO2_WASTE,1,2019,,,,,,0.0
EmissionActivityRatio,BAU,GUA,HTC,,CO2_WASTE,1,2020,,,,,,0.0
EmissionActivityRatio,BAU,GUA,HTC,,CO2_WASTE,1,2021,,,,,,0.0
EmissionActivityRatio,BAU,GUA,HTC,,CO2_WASTE,1,2022,,,,,,0.0
EmissionActivityRatio,BAU,GUA,HTC,,CO2_WASTE,1,2023,,,,,,0.0
EmissionActivityRatio,BAU,GUA,HTC,,CO2_WASTE,1,2024,,,,,,0.0
EmissionActivityRatio,BAU,GUA,HTC,,CO2_WASTE,1,2025,,,,,,0.0
EmissionActivityRatio,BAU,GUA,HTC,,CO2_WASTE,1,2026,,,,,,0.0
EmissionActivityRatio,BAU,GUA,HTC,,CO2_WASTE,1,2027,,,,,,0.0
EmissionActivityRatio,BAU,GUA,HTC,,CO2_WASTE,1,2028,,,,,,0.0
EmissionActivityRatio,BAU,GUA,HTC,,CO2_WASTE,1,2029,,,,,,0.0
EmissionActivityRatio,BAU,GUA,HTC,,CO2_WASTE,1,2030,,,,,,0.0
EmissionActivityRatio,BAU,GUA,HTC,,CO2_WASTE,1,2031,,,,,,0.0
EmissionActivityRatio,BAU,GUA,HTC,,CO2_WASTE,1,2032,,,,,,0.0
EmissionActivityRatio,BAU,GUA,HTC,,CO2_WASTE,1,2033,,,,,,0.0
EmissionActivityRatio,BAU,GUA,HTC,,CO2_WASTE,1,2034,,,,,,0.0
EmissionActivityRatio,BAU,GUA,HTC,,CO2_WASTE,1,2035,,,,,,0.0
EmissionActivityRatio,BAU,GUA,HTC,,CO2_WASTE,1,2036,,,,,,0.0
EmissionActivityRatio,BAU,GUA,HTC,,CO2_WASTE,1,2037,,,,,,0.0
EmissionActivityRatio,BAU,GUA,HTC,,CO2_WASTE,1,2038,,,,,,0.0
EmissionActivityRatio,BAU,GUA,HTC,,CO2_WASTE,1,2039,,,,,,0.0
EmissionActivityRatio,BAU,GUA,HTC,,CO2_WASTE,1,2040,,,,,,0.0
EmissionActivityRatio,BAU,GUA,HTC,,CO2_WASTE,1,2041,,,,,,0.0
EmissionActivityRatio,BAU,GUA,HTC,,CO2_WASTE,1,2042,,,,,,0.0
EmissionActivityRatio,BAU,GUA,HTC,,CO2_WASTE,1,2043,,,,,,0.0
EmissionActivityRatio,BAU,GUA,HTC,,CO2_WASTE,1,2044,,,,,,0.0
EmissionActivityRatio,BAU,GUA,HTC,,CO2_WASTE,1,2045,,,,,,0.0
EmissionActivityRatio,BAU,GUA,HTC,,CO2_WASTE,1,2046,,,,,,0.0
EmissionActivityRatio,BAU,GUA,HTC,,CO2_WASTE,1,2047,,,,,,0.0
EmissionActivityRatio,BAU,GUA,HTC,,CO2_WASTE,1,2048,,,,,,0.0
EmissionActivityRatio,BAU,GUA,HTC,,CO2_WASTE,1,2049,,,,,,0.0
EmissionActivityRatio,BAU,GUA,HTC,,CO2_WASTE,1,2050,,,,,,0.0
EmissionActivityRatio,BAU,GUA,HTC,,CH4_WASTE,1,2018,,,,,,0.0
EmissionActivityRatio,BAU,GUA,HTC,,CH4_WASTE,1,2019,,,,,,0.0
EmissionActivityRatio,BAU,GUA,HTC,,CH4_WASTE,1,2020,,,,,,0.0
EmissionActivityRatio,BAU,GUA,HTC,,CH4_WASTE,1,2021,,,,,,0.0
EmissionActivityRatio,BAU,GUA,HTC,,CH4_WASTE,1,2022,,,,,,0.0
EmissionActivityRatio,BAU,GUA,HTC,,CH4_WASTE,1,2023,,,,,,0.0
EmissionActivityRatio,BAU,GUA,HTC,,CH4_WASTE,1,2024,,,,,,0.0
EmissionActivityRatio,BAU,GUA,HTC,,CH4_WASTE,1,2025,,,,,,0.0
EmissionActivityRatio,BAU,GUA,HTC,,CH4_WASTE,1,2026,,,,,,0.0
EmissionActivityRatio,BAU,GUA,HTC,,CH4_WASTE,1,2027,,,,,,0.0
EmissionActivityRatio,BAU,GUA,HTC,,CH4_WASTE,1,2028,,,,,,0.0
EmissionActivityRatio,BAU,GUA,HTC,,CH4_WASTE,1,2029,,,,,,0.0
EmissionActivityRatio,BAU,GUA,HTC,,CH4_WASTE,1,2030,,,,,,0.0
EmissionActivityRatio,BAU,GUA,HTC,,CH4_WASTE,1,2031,,,,,,0.0
EmissionActivityRatio,BAU,GUA,HTC,,CH4_WASTE,1,2032,,,,,,0.0
EmissionActivityRatio,BAU,GUA,HTC,,CH4_WASTE,1,2033,,,,,,0.0
EmissionActivityRatio,BAU,GUA,HTC,,CH4_WASTE,1,2034,,,,,,0.0
EmissionActivityRatio,BAU,GUA,HTC,,CH4_WASTE,1,2035,,,,,,0.0
EmissionActivityRatio,BAU,GUA,HTC,,CH4_WASTE,1,2036,,,,,,0.0
EmissionActivityRatio,BAU,GUA,HTC,,CH4_WASTE,1,2037,,,,,,0.0
EmissionActivityRatio,BAU,GUA,HTC,,CH4_WASTE,1,2038,,,,,,0.0
EmissionActivityRatio,BAU,GUA,HTC,,CH4_WASTE,1,2039,,,,,,0.0
EmissionActivityRatio,BAU,GUA,HTC,,CH4_WASTE,1,2040,,,,,,0.0
EmissionActivityRatio,BAU,GUA,HTC,,CH4_WASTE,1,2041,,,,,,0.0
EmissionActivityRatio,BAU,GUA,HTC,,CH4_WASTE,1,2042,,,,,,0.0
EmissionActivityRatio,BAU,GUA,HTC,,CH4_WASTE,1,2043,,,,,,0.0
EmissionActivityRatio,BAU,GUA,HTC,,CH4_WASTE,1,2044,,,,,,0.0
EmissionActivityRatio,BAU,GUA,HTC,,CH4_WASTE,1,2045,,,,,,0.0
EmissionActivityRatio,BAU,GUA,HTC,,CH4_WASTE,1,2046,,,,,,0.0
EmissionActivityRatio,BAU,GUA,HTC,,CH4_WASTE,1,2047,,,,,,0.0
EmissionActivityRatio,BAU,GUA,HTC,,CH4_WASTE,1,2048,,,,,,0.0
EmissionActivityRatio,BAU,GUA,HTC,,CH4_WASTE,1,2049,,,,,,0.0
EmissionActivityRatio,BAU,GUA,HTC,,CH4_WASTE,1,2050,,,,,,0.0
EmissionActivityRatio,BAU,GUA,HTC,,N2O_WASTE,1,2018,,,,,,0.0
EmissionActivityRatio,BAU,GUA,HTC,,N2O_WASTE,1,2019,,,,,,0.0
EmissionActivityRatio,BAU,GUA,HTC,,N2O_WASTE,1,2020,,,,,,0.0
EmissionActivityRatio,BAU,GUA,HTC,,N2O_WASTE,1,2021,,,,,,0.0
EmissionActivityRatio,BAU,GUA,HTC,,N2O_WASTE,1,2022,,,,,,0.0
EmissionActivityRatio,BAU,GUA,HTC,,N2O_WASTE,1,2023,,,,,,0.0
EmissionActivityRatio,BAU,GUA,HTC,,N2O_WASTE,1,2024,,,,,,0.0
EmissionActivityRatio,BAU,GUA,HTC,,N2O_WASTE,1,2025,,,,,,0.0
EmissionActivityRatio,BAU,GUA,HTC,,N2O_WASTE,1,2026,,,,,,0.0
EmissionActivityRatio,BAU,GUA,HTC,,N2O_WASTE,1,2027,,,,,,0.0
EmissionActivityRatio,BAU,GUA,HTC,,N2O_WASTE,1,2028,,,,,,0.0
EmissionActivityRatio,BAU,GUA,HTC,,N2O_WASTE,1,2029,,,,,,0.0
EmissionActivityRatio,BAU,GUA,HTC,,N2O_WASTE,1,2030,,,,,,0.0
EmissionActivityRatio,BAU,GUA,HTC,,N2O_WASTE,1,2031,,,,,,0.0
EmissionActivityRatio,BAU,GUA,HTC,,N2O_WASTE,1,2032,,,,,,0.0
EmissionActivityRatio,BAU,GUA,HTC,,N2O_WASTE,1,2033,,,,,,0.0
EmissionActivityRatio,BAU,GUA,HTC,,N2O_WASTE,1,2034,,,,,,0.0
EmissionActivityRatio,BAU,GUA,HTC,,N2O_WASTE,1,2035,,,,,,0.0
EmissionActivityRatio,BAU,GUA,HTC,,N2O_WASTE,1,2036,,,,,,0.0
EmissionActivityRatio,BAU,GUA,HTC,,N2O_WASTE,1,2037,,,,,,0.0
EmissionActivityRatio,BAU,GUA,HTC,,N2O_WASTE,1,2038,,,,,,0.0
EmissionActivityRatio,BAU,GUA,HTC,,N2O_WASTE,1,2039,,,,,,0.0
EmissionActivityRatio,BAU,GUA,HTC,,N2O_WASTE,1,2040,,,,,,0.0
EmissionActivityRatio,BAU,GUA,HTC,,N2O_WASTE,1,2041,,,,,,0.0
EmissionActivityRatio,BAU,GUA,HTC,,N2O_WASTE,1,2042,,,,,,0.0
EmissionActivityRatio,BAU,GUA,HTC,,N2O_WASTE,1,2043,,,,,,0.0
EmissionActivityRatio,BAU,GUA,HTC,,N2O_WASTE,1,2044,,,,,,0.0
EmissionActivityRatio,BAU,GUA,HTC,,N2O_WASTE,1,2045,,,,,,0.0
EmissionActivityRatio,BAU,GUA,HTC,,N2O_WASTE,1,2046,,,,,,0.0
EmissionActivityRatio,BAU,GUA,HTC,,N2O_WASTE,1,2047,,,,,,0.0
EmissionActivityRatio,BAU,GUA,HTC,,N2O_WASTE,1,2048,,,,,,0.0
EmissionActivityRatio,BAU,GUA,HTC,,N2O_WASTE,1,2049,,,,,,0.0
EmissionActivityRatio,BAU,GUA,HTC,,N2O_WASTE,1,2050,,,,,,0.0
EmissionActivityRatio,BAU,GUA,OPEN_BURN,,CO2e_WASTE,1,2018,,,,,,0.3828
EmissionActivityRatio,BAU,GUA,OPEN_BURN,,CO2e_WASTE,1,2019,,,,,,0.3828
EmissionActivityRatio,BAU,GUA,OPEN_BURN,,CO2e_WASTE,1,2020,,,,,,0.3828
EmissionActivityRatio,BAU,GUA,OPEN_BURN,,CO2e_WASTE,1,2021,,,,,,0.3828
EmissionActivityRatio,BAU,GUA,OPEN_BURN,,CO2e_WASTE,1,2022,,,,,,0.3828
EmissionActivityRatio,BAU,GUA,OPEN_BURN,,CO2e_WASTE,1,2023,,,,,,0.3828
EmissionActivityRatio,BAU,GUA,OPEN_BURN,,CO2e_WASTE,1,2024,,,,,,0.3828
EmissionActivityRatio,BAU,GUA,OPEN_BURN,,CO2e_WASTE,1,2025,,,,,,0.3828
EmissionActivityRatio,BAU,GUA,OPEN_BURN,,CO2e_WASTE,1,2026,,,,,,0.3828
EmissionActivityRatio,BAU,GUA,OPEN_BURN,,CO2e_WASTE,1,2027,,,,,,0.3828
EmissionActivityRatio,BAU,GUA,OPEN_BURN,,CO2e_WASTE,1,2028,,,,,,0.3828
EmissionActivityRatio,BAU,GUA,OPEN_BURN,,CO2e_WASTE,1,2029,,,,,,0.3828
EmissionActivityRatio,BAU,GUA,OPEN_BURN,,CO2e_WASTE,1,2030,,,,,,0.3828
EmissionActivityRatio,BAU,GUA,OPEN_BURN,,CO2e_WASTE,1,2031,,,,,,0.3828
EmissionActivityRatio,BAU,GUA,OPEN_BURN,,CO2e_WASTE,1,2032,,,,,,0.3828
EmissionActivityRatio,BAU,GUA,OPEN_BURN,,CO2e_WASTE,1,2033,,,,,,0.3828
EmissionActivityRatio,BAU,GUA,OPEN_BURN,,CO2e_WASTE,1,2034,,,,,,0.3828
EmissionActivityRatio,BAU,GUA,OPEN_BURN,,CO2e_WASTE,1,2035,,,,,,0.3828
EmissionActivityRatio,BAU,GUA,OPEN_BURN,,CO2e_WASTE,1,2036,,,,,,0.3828
EmissionActivityRatio,BAU,GUA,OPEN_BURN,,CO2e_WASTE,1,2037,,,,,,0.3828
EmissionActivityRatio,BAU,GUA,OPEN_BURN,,CO2e_WASTE,1,2038,,,,,,0.3828
EmissionActivityRatio,BAU,GUA,OPEN_BURN,,CO2e_WASTE,1,2039,,,,,,0.3828
EmissionActivityRatio,BAU,GUA,OPEN_BURN,,CO2e_WASTE,1,2040,,,,,,0.3828
EmissionActivityRatio,BAU,GUA,OPEN_BURN,,CO2e_WASTE,1,2041,,,,,,0.3828
EmissionActivityRatio,BAU,GUA,OPEN_BURN,,CO2e_WASTE,1,2042,,,,,,0.3828
EmissionActivityRatio,BAU,GUA,OPEN_BURN,,CO2e_WASTE,1,2043,,,,,,0.3828
EmissionActivityRatio,BAU,GUA,OPEN_BURN,,CO2e_WASTE,1,2044,,,,,,0.3828
EmissionActivityRatio,BAU,GUA,OPEN_BURN,,CO2e_WASTE,1,2045,,,,,,0.3828
EmissionActivityRatio,BAU,GUA,OPEN_BURN,,CO2e_WASTE,1,2046,,,,,,0.3828
EmissionActivityRatio,BAU,GUA,OPEN_BURN,,CO2e_WASTE,1,2047,,,,,,0.3828
EmissionActivityRatio,BAU,GUA,OPEN_BURN,,CO2e_WASTE,1,2048,,,,,,0.3828
EmissionActivityRatio,BAU,GUA,OPEN_BURN,,CO2e_WASTE,1,2049,,,,,,0.3828
EmissionActivityRatio,BAU,GUA,OPEN_BURN,,CO2e_WASTE,1,2050,,,,,,0.3828
EmissionActivityRatio,BAU,GUA,OPEN_BURN,,CO2_WASTE,1,2018,,,,,,0.0
EmissionActivityRatio,BAU,GUA,OPEN_BURN,,CO2_WASTE,1,2019,,,,,,0.0
EmissionActivityRatio,BAU,GUA,OPEN_BURN,,CO2_WASTE,1,2020,,,,,,0.0
EmissionActivityRatio,BAU,GUA,OPEN_BURN,,CO2_WASTE,1,2021,,,,,,0.0
EmissionActivityRatio,BAU,GUA,OPEN_BURN,,CO2_WASTE,1,2022,,,,,,0.0
EmissionActivityRatio,BAU,GUA,OPEN_BURN,,CO2_WASTE,1,2023,,,,,,0.0
EmissionActivityRatio,BAU,GUA,OPEN_BURN,,CO2_WASTE,1,2024,,,,,,0.0
EmissionActivityRatio,BAU,GUA,OPEN_BURN,,CO2_WASTE,1,2025,,,,,,0.0
EmissionActivityRatio,BAU,GUA,OPEN_BURN,,CO2_WASTE,1,2026,,,,,,0.0
EmissionActivityRatio,BAU,GUA,OPEN_BURN,,CO2_WASTE,1,2027,,,,,,0.0
EmissionActivityRatio,BAU,GUA,OPEN_BURN,,CO2_WASTE,1,2028,,,,,,0.0
EmissionActivityRatio,BAU,GUA,OPEN_BURN,,CO2_WASTE,1,2029,,,,,,0.0
EmissionActivityRatio,BAU,GUA,OPEN_BURN,,CO2_WASTE,1,2030,,,,,,0.0
EmissionActivityRatio,BAU,GUA,OPEN_BURN,,CO2_WASTE,1,2031,,,,,,0.0
EmissionActivityRatio,BAU,GUA,OPEN_BURN,,CO2_WASTE,1,2032,,,,,,0.0
EmissionActivityRatio,BAU,GUA,OPEN_BURN,,CO2_WASTE,1,2033,,,,,,0.0
EmissionActivityRatio,BAU,GUA,OPEN_BURN,,CO2_WASTE,1,2034,,,,,,0.0
EmissionActivityRatio,BAU,GUA,OPEN_BURN,,CO2_WASTE,1,2035,,,,,,0.0
EmissionActivityRatio,BAU,GUA,OPEN_BURN,,CO2_WASTE,1,2036,,,,,,0.0
EmissionActivityRatio,BAU,GUA,OPEN_BURN,,CO2_WASTE,1,2037,,,,,,0.0
EmissionActivityRatio,BAU,GUA,OPEN_BURN,,CO2_WASTE,1,2038,,,,,,0.0
EmissionActivityRatio,BAU,GUA,OPEN_BURN,,CO2_WASTE,1,2039,,,,,,0.0
EmissionActivityRatio,BAU,GUA,OPEN_BURN,,CO2_WASTE,1,2040,,,,,,0.0
EmissionActivityRatio,BAU,GUA,OPEN_BURN,,CO2_WASTE,1,2041,,,,,,0.0
EmissionActivityRatio,BAU,GUA,OPEN_BURN,,CO2_WASTE,1,2042,,,,,,0.0
EmissionActivityRatio,BAU,GUA,OPEN_BURN,,CO2_WASTE,1,2043,,,,,,0.0
EmissionActivityRatio,BAU,GUA,OPEN_BURN,,CO2_WASTE,1,2044,,,,,,0.0
EmissionActivityRatio,BAU,GUA,OPEN_BURN,,CO2_WASTE,1,2045,,,,,,0.0
EmissionActivityRatio,BAU,GUA,OPEN_BURN,,CO2_WASTE,1,2046,,,,,,0.0
EmissionActivityRatio,BAU,GUA,OPEN_BURN,,CO2_WASTE,1,2047,,,,,,0.0
EmissionActivityRatio,BAU,GUA,OPEN_BURN,,CO2_WASTE,1,2048,,,,,,0.0
EmissionActivityRatio,BAU,GUA,OPEN_BURN,,CO2_WASTE,1,2049,,,,,,0.0
EmissionActivityRatio,BAU,GUA,OPEN_BURN,,CO2_WASTE,1,2050,,,,,,0.0
EmissionActivityRatio,BAU,GUA,OPEN_BURN,,CH4_WASTE,1,2018,,,,,,0.0
EmissionActivityRatio,BAU,GUA,OPEN_BURN,,CH4_WASTE,1,2019,,,,,,0.0
EmissionActivityRatio,BAU,GUA,OPEN_BURN,,CH4_WASTE,1,2020,,,,,,0.0
EmissionActivityRatio,BAU,GUA,OPEN_BURN,,CH4_WASTE,1,2021,,,,,,0.0
EmissionActivityRatio,BAU,GUA,OPEN_BURN,,CH4_WASTE,1,2022,,,,,,0.0
EmissionActivityRatio,BAU,GUA,OPEN_BURN,,CH4_WASTE,1,2023,,,,,,0.0
EmissionActivityRatio,BAU,GUA,OPEN_BURN,,CH4_WASTE,1,2024,,,,,,0.0
EmissionActivityRatio,BAU,GUA,OPEN_BURN,,CH4_WASTE,1,2025,,,,,,0.0
EmissionActivityRatio,BAU,GUA,OPEN_BURN,,CH4_WASTE,1,2026,,,,,,0.0
EmissionActivityRatio,BAU,GUA,OPEN_BURN,,CH4_WASTE,1,2027,,,,,,0.0
EmissionActivityRatio,BAU,GUA,OPEN_BURN,,CH4_WASTE,1,2028,,,,,,0.0
EmissionActivityRatio,BAU,GUA,OPEN_BURN,,CH4_WASTE,1,2029,,,,,,0.0
EmissionActivityRatio,BAU,GUA,OPEN_BURN,,CH4_WASTE,1,2030,,,,,,0.0
EmissionActivityRatio,BAU,GUA,OPEN_BURN,,CH4_WASTE,1,2031,,,,,,0.0
EmissionActivityRatio,BAU,GUA,OPEN_BURN,,CH4_WASTE,1,2032,,,,,,0.0
EmissionActivityRatio,BAU,GUA,OPEN_BURN,,CH4_WASTE,1,2033,,,,,,0.0
EmissionActivityRatio,BAU,GUA,OPEN_BURN,,CH4_WASTE,1,2034,,,,,,0.0
EmissionActivityRatio,BAU,GUA,OPEN_BURN,,CH4_WASTE,1,2035,,,,,,0.0
EmissionActivityRatio,BAU,GUA,OPEN_BURN,,CH4_WASTE,1,2036,,,,,,0.0
EmissionActivityRatio,BAU,GUA,OPEN_BURN,,CH4_WASTE,1,2037,,,,,,0.0
EmissionActivityRatio,BAU,GUA,OPEN_BURN,,CH4_WASTE,1,2038,,,,,,0.0
EmissionActivityRatio,BAU,GUA,OPEN_BURN,,CH4_WASTE,1,2039,,,,,,0.0
EmissionActivityRatio,BAU,GUA,OPEN_BURN,,CH4_WASTE,1,2040,,,,,,0.0
EmissionActivityRatio,BAU,GUA,OPEN_BURN,,CH4_WASTE,1,2041,,,,,,0.0
EmissionActivityRatio,BAU,GUA,OPEN_BURN,,CH4_WASTE,1,2042,,,,,,0.0
EmissionActivityRatio,BAU,GUA,OPEN_BURN,,CH4_WASTE,1,2043,,,,,,0.0
EmissionActivityRatio,BAU,GUA,OPEN_BURN,,CH4_WASTE,1,2044,,,,,,0.0
EmissionActivityRatio,BAU,GUA,OPEN_BURN,,CH4_WASTE,1,2045,,,,,,0.0
EmissionActivityRatio,BAU,GUA,OPEN_BURN,,CH4_WASTE,1,2046,,,,,,0.0
EmissionActivityRatio,BAU,GUA,OPEN_BURN,,CH4_WASTE,1,2047,,,,,,0.0
EmissionActivityRatio,BAU,GUA,OPEN_BURN,,CH4_WASTE,1,2048,,,,,,0.0
EmissionActivityRatio,BAU,GUA,OPEN_BURN,,CH4_WASTE,1,2049,,,,,,0.0
EmissionActivityRatio,BAU,GUA,OPEN_BURN,,CH4_WASTE,1,2050,,,,,,0.0
EmissionActivityRatio,BAU,GUA,OPEN_BURN,,N2O_WASTE,1,2018,,,,,,0.0
EmissionActivityRatio,BAU,GUA,OPEN_BURN,,N2O_WASTE,1,2019,,,,,,0.0
EmissionActivityRatio,BAU,GUA,OPEN_BURN,,N2O_WASTE,1,2020,,,,,,0.0
EmissionActivityRatio,BAU,GUA,OPEN_BURN,,N2O_WASTE,1,2021,,,,,,0.0
EmissionActivityRatio,BAU,GUA,OPEN_BURN,,N2O_WASTE,1,2022,,,,,,0.0
EmissionActivityRatio,BAU,GUA,OPEN_BURN,,N2O_WASTE,1,2023,,,,,,0.0
EmissionActivityRatio,BAU,GUA,OPEN_BURN,,N2O_WASTE,1,2024,,,,,,0.0
EmissionActivityRatio,BAU,GUA,OPEN_BURN,,N2O_WASTE,1,2025,,,,,,0.0
EmissionActivityRatio,BAU,GUA,OPEN_BURN,,N2O_WASTE,1,2026,,,,,,0.0
EmissionActivityRatio,BAU,GUA,OPEN_BURN,,N2O_WASTE,1,2027,,,,,,0.0
EmissionActivityRatio,BAU,GUA,OPEN_BURN,,N2O_WASTE,1,2028,,,,,,0.0
EmissionActivityRatio,BAU,GUA,OPEN_BURN,,N2O_WASTE,1,2029,,,,,,0.0
EmissionActivityRatio,BAU,GUA,OPEN_BURN,,N2O_WASTE,1,2030,,,,,,0.0
EmissionActivityRatio,BAU,GUA,OPEN_BURN,,N2O_WASTE,1,2031,,,,,,0.0
EmissionActivityRatio,BAU,GUA,OPEN_BURN,,N2O_WASTE,1,2032,,,,,,0.0
EmissionActivityRatio,BAU,GUA,OPEN_BURN,,N2O_WASTE,1,2033,,,,,,0.0
EmissionActivityRatio,BAU,GUA,OPEN_BURN,,N2O_WASTE,1,2034,,,,,,0.0
EmissionActivityRatio,BAU,GUA,OPEN_BURN,,N2O_WASTE,1,2035,,,,,,0.0
EmissionActivityRatio,BAU,GUA,OPEN_BURN,,N2O_WASTE,1,2036,,,,,,0.0
EmissionActivityRatio,BAU,GUA,OPEN_BURN,,N2O_WASTE,1,2037,,,,,,0.0
EmissionActivityRatio,BAU,GUA,OPEN_BURN,,N2O_WASTE,1,2038,,,,,,0.0
EmissionActivityRatio,BAU,GUA,OPEN_BURN,,N2O_WASTE,1,2039,,,,,,0.0
EmissionActivityRatio,BAU,GUA,OPEN_BURN,,N2O_WASTE,1,2040,,,,,,0.0
EmissionActivityRatio,BAU,GUA,OPEN_BURN,,N2O_WASTE,1,2041,,,,,,0.0
EmissionActivityRatio,BAU,GUA,OPEN_BURN,,N2O_WASTE,1,2042,,,,,,0.0
EmissionActivityRatio,BAU,GUA,OPEN_BURN,,N2O_WASTE,1,2043,,,,,,0.0
EmissionActivityRatio,BAU,GUA,OPEN_BURN,,N2O_WASTE,1,2044,,,,,,0.0
EmissionActivityRatio,BAU,GUA,OPEN_BURN,,N2O_WASTE,1,2045,,,,,,0.0
EmissionActivityRatio,BAU,GUA,OPEN_BURN,,N2O_WASTE,1,2046,,,,,,0.0
EmissionActivityRatio,BAU,GUA,OPEN_BURN,,N2O_WASTE,1,2047,,,,,,0.0
EmissionActivityRatio,BAU,GUA,OPEN_BURN,,N2O_WASTE,1,2048,,,,,,0.0
EmissionActivityRatio,BAU,GUA,OPEN_BURN,,N2O_WASTE,1,2049,,,,,,0.0
EmissionActivityRatio,BAU,GUA,OPEN_BURN,,N2O_WASTE,1,2050,,,,,,0.0
EmissionActivityRatio,BAU,GUA,SIT_CLAN,,CO2e_WASTE,1,2018,,,,,,0.0
EmissionActivityRatio,BAU,GUA,SIT_CLAN,,CO2e_WASTE,1,2019,,,,,,0.0
EmissionActivityRatio,BAU,GUA,SIT_CLAN,,CO2e_WASTE,1,2020,,,,,,0.0
EmissionActivityRatio,BAU,GUA,SIT_CLAN,,CO2e_WASTE,1,2021,,,,,,0.0
EmissionActivityRatio,BAU,GUA,SIT_CLAN,,CO2e_WASTE,1,2022,,,,,,0.0
EmissionActivityRatio,BAU,GUA,SIT_CLAN,,CO2e_WASTE,1,2023,,,,,,0.0
EmissionActivityRatio,BAU,GUA,SIT_CLAN,,CO2e_WASTE,1,2024,,,,,,0.0
EmissionActivityRatio,BAU,GUA,SIT_CLAN,,CO2e_WASTE,1,2025,,,,,,0.0
EmissionActivityRatio,BAU,GUA,SIT_CLAN,,CO2e_WASTE,1,2026,,,,,,0.0
EmissionActivityRatio,BAU,GUA,SIT_CLAN,,CO2e_WASTE,1,2027,,,,,,0.0
EmissionActivityRatio,BAU,GUA,SIT_CLAN,,CO2e_WASTE,1,2028,,,,,,0.0
EmissionActivityRatio,BAU,GUA,SIT_CLAN,,CO2e_WASTE,1,2029,,,,,,0.0
EmissionActivityRatio,BAU,GUA,SIT_CLAN,,CO2e_WASTE,1,2030,,,,,,0.0
EmissionActivityRatio,BAU,GUA,SIT_CLAN,,CO2e_WASTE,1,2031,,,,,,0.0
EmissionActivityRatio,BAU,GUA,SIT_CLAN,,CO2e_WASTE,1,2032,,,,,,0.0
EmissionActivityRatio,BAU,GUA,SIT_CLAN,,CO2e_WASTE,1,2033,,,,,,0.0
EmissionActivityRatio,BAU,GUA,SIT_CLAN,,CO2e_WASTE,1,2034,,,,,,0.0
EmissionActivityRatio,BAU,GUA,SIT_CLAN,,CO2e_WASTE,1,2035,,,,,,0.0
EmissionActivityRatio,BAU,GUA,SIT_CLAN,,CO2e_WASTE,1,2036,,,,,,0.0
EmissionActivityRatio,BAU,GUA,SIT_CLAN,,CO2e_WASTE,1,2037,,,,,,0.0
EmissionActivityRatio,BAU,GUA,SIT_CLAN,,CO2e_WASTE,1,2038,,,,,,0.0
EmissionActivityRatio,BAU,GUA,SIT_CLAN,,CO2e_WASTE,1,2039,,,,,,0.0
EmissionActivityRatio,BAU,GUA,SIT_CLAN,,CO2e_WASTE,1,2040,,,,,,0.0
EmissionActivityRatio,BAU,GUA,SIT_CLAN,,CO2e_WASTE,1,2041,,,,,,0.0
EmissionActivityRatio,BAU,GUA,SIT_CLAN,,CO2e_WASTE,1,2042,,,,,,0.0
EmissionActivityRatio,BAU,GUA,SIT_CLAN,,CO2e_WASTE,1,2043,,,,,,0.0
EmissionActivityRatio,BAU,GUA,SIT_CLAN,,CO2e_WASTE,1,2044,,,,,,0.0
EmissionActivityRatio,BAU,GUA,SIT_CLAN,,CO2e_WASTE,1,2045,,,,,,0.0
EmissionActivityRatio,BAU,GUA,SIT_CLAN,,CO2e_WASTE,1,2046,,,,,,0.0
EmissionActivityRatio,BAU,GUA,SIT_CLAN,,CO2e_WASTE,1,2047,,,,,,0.0
EmissionActivityRatio,BAU,GUA,SIT_CLAN,,CO2e_WASTE,1,2048,,,,,,0.0
EmissionActivityRatio,BAU,GUA,SIT_CLAN,,CO2e_WASTE,1,2049,,,,,,0.0
EmissionActivityRatio,BAU,GUA,SIT_CLAN,,CO2e_WASTE,1,2050,,,,,,0.0
EmissionActivityRatio,BAU,GUA,SIT_CLAN,,CO2_WASTE,1,2018,,,,,,0.0
EmissionActivityRatio,BAU,GUA,SIT_CLAN,,CO2_WASTE,1,2019,,,,,,0.0
EmissionActivityRatio,BAU,GUA,SIT_CLAN,,CO2_WASTE,1,2020,,,,,,0.0
EmissionActivityRatio,BAU,GUA,SIT_CLAN,,CO2_WASTE,1,2021,,,,,,0.0
EmissionActivityRatio,BAU,GUA,SIT_CLAN,,CO2_WASTE,1,2022,,,,,,0.0
EmissionActivityRatio,BAU,GUA,SIT_CLAN,,CO2_WASTE,1,2023,,,,,,0.0
EmissionActivityRatio,BAU,GUA,SIT_CLAN,,CO2_WASTE,1,2024,,,,,,0.0
EmissionActivityRatio,BAU,GUA,SIT_CLAN,,CO2_WASTE,1,2025,,,,,,0.0
EmissionActivityRatio,BAU,GUA,SIT_CLAN,,CO2_WASTE,1,2026,,,,,,0.0
EmissionActivityRatio,BAU,GUA,SIT_CLAN,,CO2_WASTE,1,2027,,,,,,0.0
EmissionActivityRatio,BAU,GUA,SIT_CLAN,,CO2_WASTE,1,2028,,,,,,0.0
EmissionActivityRatio,BAU,GUA,SIT_CLAN,,CO2_WASTE,1,2029,,,,,,0.0
EmissionActivityRatio,BAU,GUA,SIT_CLAN,,CO2_WASTE,1,2030,,,,,,0.0
EmissionActivityRatio,BAU,GUA,SIT_CLAN,,CO2_WASTE,1,2031,,,,,,0.0
EmissionActivityRatio,BAU,GUA,SIT_CLAN,,CO2_WASTE,1,2032,,,,,,0.0
EmissionActivityRatio,BAU,GUA,SIT_CLAN,,CO2_WASTE,1,2033,,,,,,0.0
EmissionActivityRatio,BAU,GUA,SIT_CLAN,,CO2_WASTE,1,2034,,,,,,0.0
EmissionActivityRatio,BAU,GUA,SIT_CLAN,,CO2_WASTE,1,2035,,,,,,0.0
EmissionActivityRatio,BAU,GUA,SIT_CLAN,,CO2_WASTE,1,2036,,,,,,0.0
EmissionActivityRatio,BAU,GUA,SIT_CLAN,,CO2_WASTE,1,2037,,,,,,0.0
EmissionActivityRatio,BAU,GUA,SIT_CLAN,,CO2_WASTE,1,2038,,,,,,0.0
EmissionActivityRatio,BAU,GUA,SIT_CLAN,,CO2_WASTE,1,2039,,,,,,0.0
EmissionActivityRatio,BAU,GUA,SIT_CLAN,,CO2_WASTE,1,2040,,,,,,0.0
EmissionActivityRatio,BAU,GUA,SIT_CLAN,,CO2_WASTE,1,2041,,,,,,0.0
EmissionActivityRatio,BAU,GUA,SIT_CLAN,,CO2_WASTE,1,2042,,,,,,0.0
EmissionActivityRatio,BAU,GUA,SIT_CLAN,,CO2_WASTE,1,2043,,,,,,0.0
EmissionActivityRatio,BAU,GUA,SIT_CLAN,,CO2_WASTE,1,2044,,,,,,0.0
EmissionActivityRatio,BAU,GUA,SIT_CLAN,,CO2_WASTE,1,2045,,,,,,0.0
EmissionActivityRatio,BAU,GUA,SIT_CLAN,,CO2_WASTE,1,2046,,,,,,0.0
EmissionActivityRatio,BAU,GUA,SIT_CLAN,,CO2_WASTE,1,2047,,,,,,0.0
EmissionActivityRatio,BAU,GUA,SIT_CLAN,,CO2_WASTE,1,2048,,,,,,0.0
EmissionActivityRatio,BAU,GUA,SIT_CLAN,,CO2_WASTE,1,2049,,,,,,0.0
EmissionActivityRatio,BAU,GUA,SIT_CLAN,,CO2_WASTE,1,2050,,,,,,0.0
EmissionActivityRatio,BAU,GUA,SIT_CLAN,,CH4_WASTE,1,2018,,,,,,0.0
EmissionActivityRatio,BAU,GUA,SIT_CLAN,,CH4_WASTE,1,2019,,,,,,0.0
EmissionActivityRatio,BAU,GUA,SIT_CLAN,,CH4_WASTE,1,2020,,,,,,0.0
EmissionActivityRatio,BAU,GUA,SIT_CLAN,,CH4_WASTE,1,2021,,,,,,0.0
EmissionActivityRatio,BAU,GUA,SIT_CLAN,,CH4_WASTE,1,2022,,,,,,0.0
EmissionActivityRatio,BAU,GUA,SIT_CLAN,,CH4_WASTE,1,2023,,,,,,0.0
EmissionActivityRatio,BAU,GUA,SIT_CLAN,,CH4_WASTE,1,2024,,,,,,0.0
EmissionActivityRatio,BAU,GUA,SIT_CLAN,,CH4_WASTE,1,2025,,,,,,0.0
EmissionActivityRatio,BAU,GUA,SIT_CLAN,,CH4_WASTE,1,2026,,,,,,0.0
EmissionActivityRatio,BAU,GUA,SIT_CLAN,,CH4_WASTE,1,2027,,,,,,0.0
EmissionActivityRatio,BAU,GUA,SIT_CLAN,,CH4_WASTE,1,2028,,,,,,0.0
EmissionActivityRatio,BAU,GUA,SIT_CLAN,,CH4_WASTE,1,2029,,,,,,0.0
EmissionActivityRatio,BAU,GUA,SIT_CLAN,,CH4_WASTE,1,2030,,,,,,0.0
EmissionActivityRatio,BAU,GUA,SIT_CLAN,,CH4_WASTE,1,2031,,,,,,0.0
EmissionActivityRatio,BAU,GUA,SIT_CLAN,,CH4_WASTE,1,2032,,,,,,0.0
EmissionActivityRatio,BAU,GUA,SIT_CLAN,,CH4_WASTE,1,2033,,,,,,0.0
EmissionActivityRatio,BAU,GUA,SIT_CLAN,,CH4_WASTE,1,2034,,,,,,0.0
EmissionActivityRatio,BAU,GUA,SIT_CLAN,,CH4_WASTE,1,2035,,,,,,0.0
EmissionActivityRatio,BAU,GUA,SIT_CLAN,,CH4_WASTE,1,2036,,,,,,0.0
EmissionActivityRatio,BAU,GUA,SIT_CLAN,,CH4_WASTE,1,2037,,,,,,0.0
EmissionActivityRatio,BAU,GUA,SIT_CLAN,,CH4_WASTE,1,2038,,,,,,0.0
EmissionActivityRatio,BAU,GUA,SIT_CLAN,,CH4_WASTE,1,2039,,,,,,0.0
EmissionActivityRatio,BAU,GUA,SIT_CLAN,,CH4_WASTE,1,2040,,,,,,0.0
EmissionActivityRatio,BAU,GUA,SIT_CLAN,,CH4_WASTE,1,2041,,,,,,0.0
EmissionActivityRatio,BAU,GUA,SIT_CLAN,,CH4_WASTE,1,2042,,,,,,0.0
EmissionActivityRatio,BAU,GUA,SIT_CLAN,,CH4_WASTE,1,2043,,,,,,0.0
EmissionActivityRatio,BAU,GUA,SIT_CLAN,,CH4_WASTE,1,2044,,,,,,0.0
EmissionActivityRatio,BAU,GUA,SIT_CLAN,,CH4_WASTE,1,2045,,,,,,0.0
EmissionActivityRatio,BAU,GUA,SIT_CLAN,,CH4_WASTE,1,2046,,,,,,0.0
EmissionActivityRatio,BAU,GUA,SIT_CLAN,,CH4_WASTE,1,2047,,,,,,0.0
EmissionActivityRatio,BAU,GUA,SIT_CLAN,,CH4_WASTE,1,2048,,,,,,0.0
EmissionActivityRatio,BAU,GUA,SIT_CLAN,,CH4_WASTE,1,2049,,,,,,0.0
EmissionActivityRatio,BAU,GUA,SIT_CLAN,,CH4_WASTE,1,2050,,,,,,0.0
EmissionActivityRatio,BAU,GUA,SIT_CLAN,,N2O_WASTE,1,2018,,,,,,0.0
EmissionActivityRatio,BAU,GUA,SIT_CLAN,,N2O_WASTE,1,2019,,,,,,0.0
EmissionActivityRatio,BAU,GUA,SIT_CLAN,,N2O_WASTE,1,2020,,,,,,0.0
EmissionActivityRatio,BAU,GUA,SIT_CLAN,,N2O_WASTE,1,2021,,,,,,0.0
EmissionActivityRatio,BAU,GUA,SIT_CLAN,,N2O_WASTE,1,2022,,,,,,0.0
EmissionActivityRatio,BAU,GUA,SIT_CLAN,,N2O_WASTE,1,2023,,,,,,0.0
EmissionActivityRatio,BAU,GUA,SIT_CLAN,,N2O_WASTE,1,2024,,,,,,0.0
EmissionActivityRatio,BAU,GUA,SIT_CLAN,,N2O_WASTE,1,2025,,,,,,0.0
EmissionActivityRatio,BAU,GUA,SIT_CLAN,,N2O_WASTE,1,2026,,,,,,0.0
EmissionActivityRatio,BAU,GUA,SIT_CLAN,,N2O_WASTE,1,2027,,,,,,0.0
EmissionActivityRatio,BAU,GUA,SIT_CLAN,,N2O_WASTE,1,2028,,,,,,0.0
EmissionActivityRatio,BAU,GUA,SIT_CLAN,,N2O_WASTE,1,2029,,,,,,0.0
EmissionActivityRatio,BAU,GUA,SIT_CLAN,,N2O_WASTE,1,2030,,,,,,0.0
EmissionActivityRatio,BAU,GUA,SIT_CLAN,,N2O_WASTE,1,2031,,,,,,0.0
EmissionActivityRatio,BAU,GUA,SIT_CLAN,,N2O_WASTE,1,2032,,,,,,0.0
EmissionActivityRatio,BAU,GUA,SIT_CLAN,,N2O_WASTE,1,2033,,,,,,0.0
EmissionActivityRatio,BAU,GUA,SIT_CLAN,,N2O_WASTE,1,2034,,,,,,0.0
EmissionActivityRatio,BAU,GUA,SIT_CLAN,,N2O_WASTE,1,2035,,,,,,0.0
EmissionActivityRatio,BAU,GUA,SIT_CLAN,,N2O_WASTE,1,2036,,,,,,0.0
EmissionActivityRatio,BAU,GUA,SIT_CLAN,,N2O_WASTE,1,2037,,,,,,0.0
EmissionActivityRatio,BAU,GUA,SIT_CLAN,,N2O_WASTE,1,2038,,,,,,0.0
EmissionActivityRatio,BAU,GUA,SIT_CLAN,,N2O_WASTE,1,2039,,,,,,0.0
EmissionActivityRatio,BAU,GUA,SIT_CLAN,,N2O_WASTE,1,2040,,,,,,0.0
EmissionActivityRatio,BAU,GUA,SIT_CLAN,,N2O_WASTE,1,2041,,,,,,0.0
EmissionActivityRatio,BAU,GUA,SIT_CLAN,,N2O_WASTE,1,2042,,,,,,0.0
EmissionActivityRatio,BAU,GUA,SIT_CLAN,,N2O_WASTE,1,2043,,,,,,0.0
EmissionActivityRatio,BAU,GUA,SIT_CLAN,,N2O_WASTE,1,2044,,,,,,0.0
EmissionActivityRatio,BAU,GUA,SIT_CLAN,,N2O_WASTE,1,2045,,,,,,0.0
EmissionActivityRatio,BAU,GUA,SIT_CLAN,,N2O_WASTE,1,2046,,,,,,0.0
EmissionActivityRatio,BAU,GUA,SIT_CLAN,,N2O_WASTE,1,2047,,,,,,0.0
EmissionActivityRatio,BAU,GUA,SIT_CLAN,,N2O_WASTE,1,2048,,,,,,0.0
EmissionActivityRatio,BAU,GUA,SIT_CLAN,,N2O_WASTE,1,2049,,,,,,0.0
EmissionActivityRatio,BAU,GUA,SIT_CLAN,,N2O_WASTE,1,2050,,,,,,0.0
EmissionActivityRatio,BAU,GUA,LANDFILL_ELEC,,CO2e_WASTE,1,2018,,,,,,0.0
EmissionActivityRatio,BAU,GUA,LANDFILL_ELEC,,CO2e_WASTE,1,2019,,,,,,0.0
EmissionActivityRatio,BAU,GUA,LANDFILL_ELEC,,CO2e_WASTE,1,2020,,,,,,0.0
EmissionActivityRatio,BAU,GUA,LANDFILL_ELEC,,CO2e_WASTE,1,2021,,,,,,0.0
EmissionActivityRatio,BAU,GUA,LANDFILL_ELEC,,CO2e_WASTE,1,2022,,,,,,0.0
EmissionActivityRatio,BAU,GUA,LANDFILL_ELEC,,CO2e_WASTE,1,2023,,,,,,0.0
EmissionActivityRatio,BAU,GUA,LANDFILL_ELEC,,CO2e_WASTE,1,2024,,,,,,0.0
EmissionActivityRatio,BAU,GUA,LANDFILL_ELEC,,CO2e_WASTE,1,2025,,,,,,0.0
EmissionActivityRatio,BAU,GUA,LANDFILL_ELEC,,CO2e_WASTE,1,2026,,,,,,0.0
EmissionActivityRatio,BAU,GUA,LANDFILL_ELEC,,CO2e_WASTE,1,2027,,,,,,0.0
EmissionActivityRatio,BAU,GUA,LANDFILL_ELEC,,CO2e_WASTE,1,2028,,,,,,0.0
EmissionActivityRatio,BAU,GUA,LANDFILL_ELEC,,CO2e_WASTE,1,2029,,,,,,0.0
EmissionActivityRatio,BAU,GUA,LANDFILL_ELEC,,CO2e_WASTE,1,2030,,,,,,0.0
EmissionActivityRatio,BAU,GUA,LANDFILL_ELEC,,CO2e_WASTE,1,2031,,,,,,0.0
EmissionActivityRatio,BAU,GUA,LANDFILL_ELEC,,CO2e_WASTE,1,2032,,,,,,0.0
EmissionActivityRatio,BAU,GUA,LANDFILL_ELEC,,CO2e_WASTE,1,2033,,,,,,0.0
EmissionActivityRatio,BAU,GUA,LANDFILL_ELEC,,CO2e_WASTE,1,2034,,,,,,0.0
EmissionActivityRatio,BAU,GUA,LANDFILL_ELEC,,CO2e_WASTE,1,2035,,,,,,0.0
EmissionActivityRatio,BAU,GUA,LANDFILL_ELEC,,CO2e_WASTE,1,2036,,,,,,0.0
EmissionActivityRatio,BAU,GUA,LANDFILL_ELEC,,CO2e_WASTE,1,2037,,,,,,0.0
EmissionActivityRatio,BAU,GUA,LANDFILL_ELEC,,CO2e_WASTE,1,2038,,,,,,0.0
EmissionActivityRatio,BAU,GUA,LANDFILL_ELEC,,CO2e_WASTE,1,2039,,,,,,0.0
EmissionActivityRatio,BAU,GUA,LANDFILL_ELEC,,CO2e_WASTE,1,2040,,,,,,0.0
EmissionActivityRatio,BAU,GUA,LANDFILL_ELEC,,CO2e_WASTE,1,2041,,,,,,0.0
EmissionActivityRatio,BAU,GUA,LANDFILL_ELEC,,CO2e_WASTE,1,2042,,,,,,0.0
EmissionActivityRatio,BAU,GUA,LANDFILL_ELEC,,CO2e_WASTE,1,2043,,,,,,0.0
EmissionActivityRatio,BAU,GUA,LANDFILL_ELEC,,CO2e_WASTE,1,2044,,,,,,0.0
EmissionActivityRatio,BAU,GUA,LANDFILL_ELEC,,CO2e_WASTE,1,2045,,,,,,0.0
EmissionActivityRatio,BAU,GUA,LANDFILL_ELEC,,CO2e_WASTE,1,2046,,,,,,0.0
EmissionActivityRatio,BAU,GUA,LANDFILL_ELEC,,CO2e_WASTE,1,2047,,,,,,0.0
EmissionActivityRatio,BAU,GUA,LANDFILL_ELEC,,CO2e_WASTE,1,2048,,,,,,0.0
EmissionActivityRatio,BAU,GUA,LANDFILL_ELEC,,CO2e_WASTE,1,2049,,,,,,0.0
EmissionActivityRatio,BAU,GUA,LANDFILL_ELEC,,CO2e_WASTE,1,2050,,,,,,0.0
EmissionActivityRatio,BAU,GUA,LANDFILL_ELEC,,CO2_WASTE,1,2018,,,,,,0.0
EmissionActivityRatio,BAU,GUA,LANDFILL_ELEC,,CO2_WASTE,1,2019,,,,,,0.0
EmissionActivityRatio,BAU,GUA,LANDFILL_ELEC,,CO2_WASTE,1,2020,,,,,,0.0
EmissionActivityRatio,BAU,GUA,LANDFILL_ELEC,,CO2_WASTE,1,2021,,,,,,0.0
EmissionActivityRatio,BAU,GUA,LANDFILL_ELEC,,CO2_WASTE,1,2022,,,,,,0.0
EmissionActivityRatio,BAU,GUA,LANDFILL_ELEC,,CO2_WASTE,1,2023,,,,,,0.0
EmissionActivityRatio,BAU,GUA,LANDFILL_ELEC,,CO2_WASTE,1,2024,,,,,,0.0
EmissionActivityRatio,BAU,GUA,LANDFILL_ELEC,,CO2_WASTE,1,2025,,,,,,0.0
EmissionActivityRatio,BAU,GUA,LANDFILL_ELEC,,CO2_WASTE,1,2026,,,,,,0.0
EmissionActivityRatio,BAU,GUA,LANDFILL_ELEC,,CO2_WASTE,1,2027,,,,,,0.0
EmissionActivityRatio,BAU,GUA,LANDFILL_ELEC,,CO2_WASTE,1,2028,,,,,,0.0
EmissionActivityRatio,BAU,GUA,LANDFILL_ELEC,,CO2_WASTE,1,2029,,,,,,0.0
EmissionActivityRatio,BAU,GUA,LANDFILL_ELEC,,CO2_WASTE,1,2030,,,,,,0.0
EmissionActivityRatio,BAU,GUA,LANDFILL_ELEC,,CO2_WASTE,1,2031,,,,,,0.0
EmissionActivityRatio,BAU,GUA,LANDFILL_ELEC,,CO2_WASTE,1,2032,,,,,,0.0
EmissionActivityRatio,BAU,GUA,LANDFILL_ELEC,,CO2_WASTE,1,2033,,,,,,0.0
EmissionActivityRatio,BAU,GUA,LANDFILL_ELEC,,CO2_WASTE,1,2034,,,,,,0.0
EmissionActivityRatio,BAU,GUA,LANDFILL_ELEC,,CO2_WASTE,1,2035,,,,,,0.0
EmissionActivityRatio,BAU,GUA,LANDFILL_ELEC,,CO2_WASTE,1,2036,,,,,,0.0
EmissionActivityRatio,BAU,GUA,LANDFILL_ELEC,,CO2_WASTE,1,2037,,,,,,0.0
EmissionActivityRatio,BAU,GUA,LANDFILL_ELEC,,CO2_WASTE,1,2038,,,,,,0.0
EmissionActivityRatio,BAU,GUA,LANDFILL_ELEC,,CO2_WASTE,1,2039,,,,,,0.0
EmissionActivityRatio,BAU,GUA,LANDFILL_ELEC,,CO2_WASTE,1,2040,,,,,,0.0
EmissionActivityRatio,BAU,GUA,LANDFILL_ELEC,,CO2_WASTE,1,2041,,,,,,0.0
EmissionActivityRatio,BAU,GUA,LANDFILL_ELEC,,CO2_WASTE,1,2042,,,,,,0.0
EmissionActivityRatio,BAU,GUA,LANDFILL_ELEC,,CO2_WASTE,1,2043,,,,,,0.0
EmissionActivityRatio,BAU,GUA,LANDFILL_ELEC,,CO2_WASTE,1,2044,,,,,,0.0
EmissionActivityRatio,BAU,GUA,LANDFILL_ELEC,,CO2_WASTE,1,2045,,,,,,0.0
EmissionActivityRatio,BAU,GUA,LANDFILL_ELEC,,CO2_WASTE,1,2046,,,,,,0.0
EmissionActivityRatio,BAU,GUA,LANDFILL_ELEC,,CO2_WASTE,1,2047,,,,,,0.0
EmissionActivityRatio,BAU,GUA,LANDFILL_ELEC,,CO2_WASTE,1,2048,,,,,,0.0
EmissionActivityRatio,BAU,GUA,LANDFILL_ELEC,,CO2_WASTE,1,2049,,,,,,0.0
EmissionActivityRatio,BAU,GUA,LANDFILL_ELEC,,CO2_WASTE,1,2050,,,,,,0.0
EmissionActivityRatio,BAU,GUA,LANDFILL_ELEC,,CH4_WASTE,1,2018,,,,,,0.0
EmissionActivityRatio,BAU,GUA,LANDFILL_ELEC,,CH4_WASTE,1,2019,,,,,,0.0
EmissionActivityRatio,BAU,GUA,LANDFILL_ELEC,,CH4_WASTE,1,2020,,,,,,0.0
EmissionActivityRatio,BAU,GUA,LANDFILL_ELEC,,CH4_WASTE,1,2021,,,,,,0.0
EmissionActivityRatio,BAU,GUA,LANDFILL_ELEC,,CH4_WASTE,1,2022,,,,,,0.0
EmissionActivityRatio,BAU,GUA,LANDFILL_ELEC,,CH4_WASTE,1,2023,,,,,,0.0
EmissionActivityRatio,BAU,GUA,LANDFILL_ELEC,,CH4_WASTE,1,2024,,,,,,0.0
EmissionActivityRatio,BAU,GUA,LANDFILL_ELEC,,CH4_WASTE,1,2025,,,,,,0.0
EmissionActivityRatio,BAU,GUA,LANDFILL_ELEC,,CH4_WASTE,1,2026,,,,,,0.0
EmissionActivityRatio,BAU,GUA,LANDFILL_ELEC,,CH4_WASTE,1,2027,,,,,,0.0
EmissionActivityRatio,BAU,GUA,LANDFILL_ELEC,,CH4_WASTE,1,2028,,,,,,0.0
EmissionActivityRatio,BAU,GUA,LANDFILL_ELEC,,CH4_WASTE,1,2029,,,,,,0.0
EmissionActivityRatio,BAU,GUA,LANDFILL_ELEC,,CH4_WASTE,1,2030,,,,,,0.0
EmissionActivityRatio,BAU,GUA,LANDFILL_ELEC,,CH4_WASTE,1,2031,,,,,,0.0
EmissionActivityRatio,BAU,GUA,LANDFILL_ELEC,,CH4_WASTE,1,2032,,,,,,0.0
EmissionActivityRatio,BAU,GUA,LANDFILL_ELEC,,CH4_WASTE,1,2033,,,,,,0.0
EmissionActivityRatio,BAU,GUA,LANDFILL_ELEC,,CH4_WASTE,1,2034,,,,,,0.0
EmissionActivityRatio,BAU,GUA,LANDFILL_ELEC,,CH4_WASTE,1,2035,,,,,,0.0
EmissionActivityRatio,BAU,GUA,LANDFILL_ELEC,,CH4_WASTE,1,2036,,,,,,0.0
EmissionActivityRatio,BAU,GUA,LANDFILL_ELEC,,CH4_WASTE,1,2037,,,,,,0.0
EmissionActivityRatio,BAU,GUA,LANDFILL_ELEC,,CH4_WASTE,1,2038,,,,,,0.0
EmissionActivityRatio,BAU,GUA,LANDFILL_ELEC,,CH4_WASTE,1,2039,,,,,,0.0
EmissionActivityRatio,BAU,GUA,LANDFILL_ELEC,,CH4_WASTE,1,2040,,,,,,0.0
EmissionActivityRatio,BAU,GUA,LANDFILL_ELEC,,CH4_WASTE,1,2041,,,,,,0.0
EmissionActivityRatio,BAU,GUA,LANDFILL_ELEC,,CH4_WASTE,1,2042,,,,,,0.0
EmissionActivityRatio,BAU,GUA,LANDFILL_ELEC,,CH4_WASTE,1,2043,,,,,,0.0
EmissionActivityRatio,BAU,GUA,LANDFILL_ELEC,,CH4_WASTE,1,2044,,,,,,0.0
EmissionActivityRatio,BAU,GUA,LANDFILL_ELEC,,CH4_WASTE,1,2045,,,,,,0.0
EmissionActivityRatio,BAU,GUA,LANDFILL_ELEC,,CH4_WASTE,1,2046,,,,,,0.0
EmissionActivityRatio,BAU,GUA,LANDFILL_ELEC,,CH4_WASTE,1,2047,,,,,,0.0
EmissionActivityRatio,BAU,GUA,LANDFILL_ELEC,,CH4_WASTE,1,2048,,,,,,0.0
EmissionActivityRatio,BAU,GUA,LANDFILL_ELEC,,CH4_WASTE,1,2049,,,,,,0.0
EmissionActivityRatio,BAU,GUA,LANDFILL_ELEC,,CH4_WASTE,1,2050,,,,,,0.0
EmissionActivityRatio,BAU,GUA,LANDFILL_ELEC,,N2O_WASTE,1,2018,,,,,,0.0
EmissionActivityRatio,BAU,GUA,LANDFILL_ELEC,,N2O_WASTE,1,2019,,,,,,0.0
EmissionActivityRatio,BAU,GUA,LANDFILL_ELEC,,N2O_WASTE,1,2020,,,,,,0.0
EmissionActivityRatio,BAU,GUA,LANDFILL_ELEC,,N2O_WASTE,1,2021,,,,,,0.0
EmissionActivityRatio,BAU,GUA,LANDFILL_ELEC,,N2O_WASTE,1,2022,,,,,,0.0
EmissionActivityRatio,BAU,GUA,LANDFILL_ELEC,,N2O_WASTE,1,2023,,,,,,0.0
EmissionActivityRatio,BAU,GUA,LANDFILL_ELEC,,N2O_WASTE,1,2024,,,,,,0.0
EmissionActivityRatio,BAU,GUA,LANDFILL_ELEC,,N2O_WASTE,1,2025,,,,,,0.0
EmissionActivityRatio,BAU,GUA,LANDFILL_ELEC,,N2O_WASTE,1,2026,,,,,,0.0
EmissionActivityRatio,BAU,GUA,LANDFILL_ELEC,,N2O_WASTE,1,2027,,,,,,0.0
EmissionActivityRatio,BAU,GUA,LANDFILL_ELEC,,N2O_WASTE,1,2028,,,,,,0.0
EmissionActivityRatio,BAU,GUA,LANDFILL_ELEC,,N2O_WASTE,1,2029,,,,,,0.0
EmissionActivityRatio,BAU,GUA,LANDFILL_ELEC,,N2O_WASTE,1,2030,,,,,,0.0
EmissionActivityRatio,BAU,GUA,LANDFILL_ELEC,,N2O_WASTE,1,2031,,,,,,0.0
EmissionActivityRatio,BAU,GUA,LANDFILL_ELEC,,N2O_WASTE,1,2032,,,,,,0.0
EmissionActivityRatio,BAU,GUA,LANDFILL_ELEC,,N2O_WASTE,1,2033,,,,,,0.0
EmissionActivityRatio,BAU,GUA,LANDFILL_ELEC,,N2O_WASTE,1,2034,,,,,,0.0
EmissionActivityRatio,BAU,GUA,LANDFILL_ELEC,,N2O_WASTE,1,2035,,,,,,0.0
EmissionActivityRatio,BAU,GUA,LANDFILL_ELEC,,N2O_WASTE,1,2036,,,,,,0.0
EmissionActivityRatio,BAU,GUA,LANDFILL_ELEC,,N2O_WASTE,1,2037,,,,,,0.0
EmissionActivityRatio,BAU,GUA,LANDFILL_ELEC,,N2O_WASTE,1,2038,,,,,,0.0
EmissionActivityRatio,BAU,GUA,LANDFILL_ELEC,,N2O_WASTE,1,2039,,,,,,0.0
EmissionActivityRatio,BAU,GUA,LANDFILL_ELEC,,N2O_WASTE,1,2040,,,,,,0.0
EmissionActivityRatio,BAU,GUA,LANDFILL_ELEC,,N2O_WASTE,1,2041,,,,,,0.0
EmissionActivityRatio,BAU,GUA,LANDFILL_ELEC,,N2O_WASTE,1,2042,,,,,,0.0
EmissionActivityRatio,BAU,GUA,LANDFILL_ELEC,,N2O_WASTE,1,2043,,,,,,0.0
EmissionActivityRatio,BAU,GUA,LANDFILL_ELEC,,N2O_WASTE,1,2044,,,,,,0.0
EmissionActivityRatio,BAU,GUA,LANDFILL_ELEC,,N2O_WASTE,1,2045,,,,,,0.0
EmissionActivityRatio,BAU,GUA,LANDFILL_ELEC,,N2O_WASTE,1,2046,,,,,,0.0
EmissionActivityRatio,BAU,GUA,LANDFILL_ELEC,,N2O_WASTE,1,2047,,,,,,0.0
EmissionActivityRatio,BAU,GUA,LANDFILL_ELEC,,N2O_WASTE,1,2048,,,,,,0.0
EmissionActivityRatio,BAU,GUA,LANDFILL_ELEC,,N2O_WASTE,1,2049,,,,,,0.0
EmissionActivityRatio,BAU,GUA,LANDFILL_ELEC,,N2O_WASTE,1,2050,,,,,,0.0
EmissionActivityRatio,BAU,GUA,IND_SW,,CO2e_WASTE,1,2018,,,,,,0.0
EmissionActivityRatio,BAU,GUA,IND_SW,,CO2e_WASTE,1,2019,,,,,,0.0
EmissionActivityRatio,BAU,GUA,IND_SW,,CO2e_WASTE,1,2020,,,,,,0.0
EmissionActivityRatio,BAU,GUA,IND_SW,,CO2e_WASTE,1,2021,,,,,,0.0
EmissionActivityRatio,BAU,GUA,IND_SW,,CO2e_WASTE,1,2022,,,,,,0.0
EmissionActivityRatio,BAU,GUA,IND_SW,,CO2e_WASTE,1,2023,,,,,,0.0
EmissionActivityRatio,BAU,GUA,IND_SW,,CO2e_WASTE,1,2024,,,,,,0.0
EmissionActivityRatio,BAU,GUA,IND_SW,,CO2e_WASTE,1,2025,,,,,,0.0
EmissionActivityRatio,BAU,GUA,IND_SW,,CO2e_WASTE,1,2026,,,,,,0.0
EmissionActivityRatio,BAU,GUA,IND_SW,,CO2e_WASTE,1,2027,,,,,,0.0
EmissionActivityRatio,BAU,GUA,IND_SW,,CO2e_WASTE,1,2028,,,,,,0.0
EmissionActivityRatio,BAU,GUA,IND_SW,,CO2e_WASTE,1,2029,,,,,,0.0
EmissionActivityRatio,BAU,GUA,IND_SW,,CO2e_WASTE,1,2030,,,,,,0.0
EmissionActivityRatio,BAU,GUA,IND_SW,,CO2e_WASTE,1,2031,,,,,,0.0
EmissionActivityRatio,BAU,GUA,IND_SW,,CO2e_WASTE,1,2032,,,,,,0.0
EmissionActivityRatio,BAU,GUA,IND_SW,,CO2e_WASTE,1,2033,,,,,,0.0
EmissionActivityRatio,BAU,GUA,IND_SW,,CO2e_WASTE,1,2034,,,,,,0.0
EmissionActivityRatio,BAU,GUA,IND_SW,,CO2e_WASTE,1,2035,,,,,,0.0
EmissionActivityRatio,BAU,GUA,IND_SW,,CO2e_WASTE,1,2036,,,,,,0.0
EmissionActivityRatio,BAU,GUA,IND_SW,,CO2e_WASTE,1,2037,,,,,,0.0
EmissionActivityRatio,BAU,GUA,IND_SW,,CO2e_WASTE,1,2038,,,,,,0.0
EmissionActivityRatio,BAU,GUA,IND_SW,,CO2e_WASTE,1,2039,,,,,,0.0
EmissionActivityRatio,BAU,GUA,IND_SW,,CO2e_WASTE,1,2040,,,,,,0.0
EmissionActivityRatio,BAU,GUA,IND_SW,,CO2e_WASTE,1,2041,,,,,,0.0
EmissionActivityRatio,BAU,GUA,IND_SW,,CO2e_WASTE,1,2042,,,,,,0.0
EmissionActivityRatio,BAU,GUA,IND_SW,,CO2e_WASTE,1,2043,,,,,,0.0
EmissionActivityRatio,BAU,GUA,IND_SW,,CO2e_WASTE,1,2044,,,,,,0.0
EmissionActivityRatio,BAU,GUA,IND_SW,,CO2e_WASTE,1,2045,,,,,,0.0
EmissionActivityRatio,BAU,GUA,IND_SW,,CO2e_WASTE,1,2046,,,,,,0.0
EmissionActivityRatio,BAU,GUA,IND_SW,,CO2e_WASTE,1,2047,,,,,,0.0
EmissionActivityRatio,BAU,GUA,IND_SW,,CO2e_WASTE,1,2048,,,,,,0.0
EmissionActivityRatio,BAU,GUA,IND_SW,,CO2e_WASTE,1,2049,,,,,,0.0
EmissionActivityRatio,BAU,GUA,IND_SW,,CO2e_WASTE,1,2050,,,,,,0.0
EmissionActivityRatio,BAU,GUA,IND_SW,,CO2_WASTE,1,2018,,,,,,0.0
EmissionActivityRatio,BAU,GUA,IND_SW,,CO2_WASTE,1,2019,,,,,,0.0
EmissionActivityRatio,BAU,GUA,IND_SW,,CO2_WASTE,1,2020,,,,,,0.0
EmissionActivityRatio,BAU,GUA,IND_SW,,CO2_WASTE,1,2021,,,,,,0.0
EmissionActivityRatio,BAU,GUA,IND_SW,,CO2_WASTE,1,2022,,,,,,0.0
EmissionActivityRatio,BAU,GUA,IND_SW,,CO2_WASTE,1,2023,,,,,,0.0
EmissionActivityRatio,BAU,GUA,IND_SW,,CO2_WASTE,1,2024,,,,,,0.0
EmissionActivityRatio,BAU,GUA,IND_SW,,CO2_WASTE,1,2025,,,,,,0.0
EmissionActivityRatio,BAU,GUA,IND_SW,,CO2_WASTE,1,2026,,,,,,0.0
EmissionActivityRatio,BAU,GUA,IND_SW,,CO2_WASTE,1,2027,,,,,,0.0
EmissionActivityRatio,BAU,GUA,IND_SW,,CO2_WASTE,1,2028,,,,,,0.0
EmissionActivityRatio,BAU,GUA,IND_SW,,CO2_WASTE,1,2029,,,,,,0.0
EmissionActivityRatio,BAU,GUA,IND_SW,,CO2_WASTE,1,2030,,,,,,0.0
EmissionActivityRatio,BAU,GUA,IND_SW,,CO2_WASTE,1,2031,,,,,,0.0
EmissionActivityRatio,BAU,GUA,IND_SW,,CO2_WASTE,1,2032,,,,,,0.0
EmissionActivityRatio,BAU,GUA,IND_SW,,CO2_WASTE,1,2033,,,,,,0.0
EmissionActivityRatio,BAU,GUA,IND_SW,,CO2_WASTE,1,2034,,,,,,0.0
EmissionActivityRatio,BAU,GUA,IND_SW,,CO2_WASTE,1,2035,,,,,,0.0
EmissionActivityRatio,BAU,GUA,IND_SW,,CO2_WASTE,1,2036,,,,,,0.0
EmissionActivityRatio,BAU,GUA,IND_SW,,CO2_WASTE,1,2037,,,,,,0.0
EmissionActivityRatio,BAU,GUA,IND_SW,,CO2_WASTE,1,2038,,,,,,0.0
EmissionActivityRatio,BAU,GUA,IND_SW,,CO2_WASTE,1,2039,,,,,,0.0
EmissionActivityRatio,BAU,GUA,IND_SW,,CO2_WASTE,1,2040,,,,,,0.0
EmissionActivityRatio,BAU,GUA,IND_SW,,CO2_WASTE,1,2041,,,,,,0.0
EmissionActivityRatio,BAU,GUA,IND_SW,,CO2_WASTE,1,2042,,,,,,0.0
EmissionActivityRatio,BAU,GUA,IND_SW,,CO2_WASTE,1,2043,,,,,,0.0
EmissionActivityRatio,BAU,GUA,IND_SW,,CO2_WASTE,1,2044,,,,,,0.0
EmissionActivityRatio,BAU,GUA,IND_SW,,CO2_WASTE,1,2045,,,,,,0.0
EmissionActivityRatio,BAU,GUA,IND_SW,,CO2_WASTE,1,2046,,,,,,0.0
EmissionActivityRatio,BAU,GUA,IND_SW,,CO2_WASTE,1,2047,,,,,,0.0
EmissionActivityRatio,BAU,GUA,IND_SW,,CO2_WASTE,1,2048,,,,,,0.0
EmissionActivityRatio,BAU,GUA,IND_SW,,CO2_WASTE,1,2049,,,,,,0.0
EmissionActivityRatio,BAU,GUA,IND_SW,,CO2_WASTE,1,2050,,,,,,0.0
EmissionActivityRatio,BAU,GUA,IND_SW,,CH4_WASTE,1,2018,,,,,,0.0
EmissionActivityRatio,BAU,GUA,IND_SW,,CH4_WASTE,1,2019,,,,,,0.0
EmissionActivityRatio,BAU,GUA,IND_SW,,CH4_WASTE,1,2020,,,,,,0.0
EmissionActivityRatio,BAU,GUA,IND_SW,,CH4_WASTE,1,2021,,,,,,0.0
EmissionActivityRatio,BAU,GUA,IND_SW,,CH4_WASTE,1,2022,,,,,,0.0
EmissionActivityRatio,BAU,GUA,IND_SW,,CH4_WASTE,1,2023,,,,,,0.0
EmissionActivityRatio,BAU,GUA,IND_SW,,CH4_WASTE,1,2024,,,,,,0.0
EmissionActivityRatio,BAU,GUA,IND_SW,,CH4_WASTE,1,2025,,,,,,0.0
EmissionActivityRatio,BAU,GUA,IND_SW,,CH4_WASTE,1,2026,,,,,,0.0
EmissionActivityRatio,BAU,GUA,IND_SW,,CH4_WASTE,1,2027,,,,,,0.0
EmissionActivityRatio,BAU,GUA,IND_SW,,CH4_WASTE,1,2028,,,,,,0.0
EmissionActivityRatio,BAU,GUA,IND_SW,,CH4_WASTE,1,2029,,,,,,0.0
EmissionActivityRatio,BAU,GUA,IND_SW,,CH4_WASTE,1,2030,,,,,,0.0
EmissionActivityRatio,BAU,GUA,IND_SW,,CH4_WASTE,1,2031,,,,,,0.0
EmissionActivityRatio,BAU,GUA,IND_SW,,CH4_WASTE,1,2032,,,,,,0.0
EmissionActivityRatio,BAU,GUA,IND_SW,,CH4_WASTE,1,2033,,,,,,0.0
EmissionActivityRatio,BAU,GUA,IND_SW,,CH4_WASTE,1,2034,,,,,,0.0
EmissionActivityRatio,BAU,GUA,IND_SW,,CH4_WASTE,1,2035,,,,,,0.0
EmissionActivityRatio,BAU,GUA,IND_SW,,CH4_WASTE,1,2036,,,,,,0.0
EmissionActivityRatio,BAU,GUA,IND_SW,,CH4_WASTE,1,2037,,,,,,0.0
EmissionActivityRatio,BAU,GUA,IND_SW,,CH4_WASTE,1,2038,,,,,,0.0
EmissionActivityRatio,BAU,GUA,IND_SW,,CH4_WASTE,1,2039,,,,,,0.0
EmissionActivityRatio,BAU,GUA,IND_SW,,CH4_WASTE,1,2040,,,,,,0.0
EmissionActivityRatio,BAU,GUA,IND_SW,,CH4_WASTE,1,2041,,,,,,0.0
EmissionActivityRatio,BAU,GUA,IND_SW,,CH4_WASTE,1,2042,,,,,,0.0
EmissionActivityRatio,BAU,GUA,IND_SW,,CH4_WASTE,1,2043,,,,,,0.0
EmissionActivityRatio,BAU,GUA,IND_SW,,CH4_WASTE,1,2044,,,,,,0.0
EmissionActivityRatio,BAU,GUA,IND_SW,,CH4_WASTE,1,2045,,,,,,0.0
EmissionActivityRatio,BAU,GUA,IND_SW,,CH4_WASTE,1,2046,,,,,,0.0
EmissionActivityRatio,BAU,GUA,IND_SW,,CH4_WASTE,1,2047,,,,,,0.0
EmissionActivityRatio,BAU,GUA,IND_SW,,CH4_WASTE,1,2048,,,,,,0.0
EmissionActivityRatio,BAU,GUA,IND_SW,,CH4_WASTE,1,2049,,,,,,0.0
EmissionActivityRatio,BAU,GUA,IND_SW,,CH4_WASTE,1,2050,,,,,,0.0
EmissionActivityRatio,BAU,GUA,IND_SW,,N2O_WASTE,1,2018,,,,,,0.0
EmissionActivityRatio,BAU,GUA,IND_SW,,N2O_WASTE,1,2019,,,,,,0.0
EmissionActivityRatio,BAU,GUA,IND_SW,,N2O_WASTE,1,2020,,,,,,0.0
EmissionActivityRatio,BAU,GUA,IND_SW,,N2O_WASTE,1,2021,,,,,,0.0
EmissionActivityRatio,BAU,GUA,IND_SW,,N2O_WASTE,1,2022,,,,,,0.0
EmissionActivityRatio,BAU,GUA,IND_SW,,N2O_WASTE,1,2023,,,,,,0.0
EmissionActivityRatio,BAU,GUA,IND_SW,,N2O_WASTE,1,2024,,,,,,0.0
EmissionActivityRatio,BAU,GUA,IND_SW,,N2O_WASTE,1,2025,,,,,,0.0
EmissionActivityRatio,BAU,GUA,IND_SW,,N2O_WASTE,1,2026,,,,,,0.0
EmissionActivityRatio,BAU,GUA,IND_SW,,N2O_WASTE,1,2027,,,,,,0.0
EmissionActivityRatio,BAU,GUA,IND_SW,,N2O_WASTE,1,2028,,,,,,0.0
EmissionActivityRatio,BAU,GUA,IND_SW,,N2O_WASTE,1,2029,,,,,,0.0
EmissionActivityRatio,BAU,GUA,IND_SW,,N2O_WASTE,1,2030,,,,,,0.0
EmissionActivityRatio,BAU,GUA,IND_SW,,N2O_WASTE,1,2031,,,,,,0.0
EmissionActivityRatio,BAU,GUA,IND_SW,,N2O_WASTE,1,2032,,,,,,0.0
EmissionActivityRatio,BAU,GUA,IND_SW,,N2O_WASTE,1,2033,,,,,,0.0
EmissionActivityRatio,BAU,GUA,IND_SW,,N2O_WASTE,1,2034,,,,,,0.0
EmissionActivityRatio,BAU,GUA,IND_SW,,N2O_WASTE,1,2035,,,,,,0.0
EmissionActivityRatio,BAU,GUA,IND_SW,,N2O_WASTE,1,2036,,,,,,0.0
EmissionActivityRatio,BAU,GUA,IND_SW,,N2O_WASTE,1,2037,,,,,,0.0
EmissionActivityRatio,BAU,GUA,IND_SW,,N2O_WASTE,1,2038,,,,,,0.0
EmissionActivityRatio,BAU,GUA,IND_SW,,N2O_WASTE,1,2039,,,,,,0.0
EmissionActivityRatio,BAU,GUA,IND_SW,,N2O_WASTE,1,2040,,,,,,0.0
EmissionActivityRatio,BAU,GUA,IND_SW,,N2O_WASTE,1,2041,,,,,,0.0
EmissionActivityRatio,BAU,GUA,IND_SW,,N2O_WASTE,1,2042,,,,,,0.0
EmissionActivityRatio,BAU,GUA,IND_SW,,N2O_WASTE,1,2043,,,,,,0.0
EmissionActivityRatio,BAU,GUA,IND_SW,,N2O_WASTE,1,2044,,,,,,0.0
EmissionActivityRatio,BAU,GUA,IND_SW,,N2O_WASTE,1,2045,,,,,,0.0
EmissionActivityRatio,BAU,GUA,IND_SW,,N2O_WASTE,1,2046,,,,,,0.0
EmissionActivityRatio,BAU,GUA,IND_SW,,N2O_WASTE,1,2047,,,,,,0.0
EmissionActivityRatio,BAU,GUA,IND_SW,,N2O_WASTE,1,2048,,,,,,0.0
EmissionActivityRatio,BAU,GUA,IND_SW,,N2O_WASTE,1,2049,,,,,,0.0
EmissionActivityRatio,BAU,GUA,IND_SW,,N2O_WASTE,1,2050,,,,,,0.0
EmissionActivityRatio,BAU,GUA,CO2_CH4_BURN,,CO2e_WASTE,1,2018,,,,,,0.0
EmissionActivityRatio,BAU,GUA,CO2_CH4_BURN,,CO2e_WASTE,1,2019,,,,,,0.0
EmissionActivityRatio,BAU,GUA,CO2_CH4_BURN,,CO2e_WASTE,1,2020,,,,,,0.0
EmissionActivityRatio,BAU,GUA,CO2_CH4_BURN,,CO2e_WASTE,1,2021,,,,,,0.0
EmissionActivityRatio,BAU,GUA,CO2_CH4_BURN,,CO2e_WASTE,1,2022,,,,,,0.0
EmissionActivityRatio,BAU,GUA,CO2_CH4_BURN,,CO2e_WASTE,1,2023,,,,,,0.0
EmissionActivityRatio,BAU,GUA,CO2_CH4_BURN,,CO2e_WASTE,1,2024,,,,,,0.0
EmissionActivityRatio,BAU,GUA,CO2_CH4_BURN,,CO2e_WASTE,1,2025,,,,,,0.0
EmissionActivityRatio,BAU,GUA,CO2_CH4_BURN,,CO2e_WASTE,1,2026,,,,,,0.0
EmissionActivityRatio,BAU,GUA,CO2_CH4_BURN,,CO2e_WASTE,1,2027,,,,,,0.0
EmissionActivityRatio,BAU,GUA,CO2_CH4_BURN,,CO2e_WASTE,1,2028,,,,,,0.0
EmissionActivityRatio,BAU,GUA,CO2_CH4_BURN,,CO2e_WASTE,1,2029,,,,,,0.0
EmissionActivityRatio,BAU,GUA,CO2_CH4_BURN,,CO2e_WASTE,1,2030,,,,,,0.0
EmissionActivityRatio,BAU,GUA,CO2_CH4_BURN,,CO2e_WASTE,1,2031,,,,,,0.0
EmissionActivityRatio,BAU,GUA,CO2_CH4_BURN,,CO2e_WASTE,1,2032,,,,,,0.0
EmissionActivityRatio,BAU,GUA,CO2_CH4_BURN,,CO2e_WASTE,1,2033,,,,,,0.0
EmissionActivityRatio,BAU,GUA,CO2_CH4_BURN,,CO2e_WASTE,1,2034,,,,,,0.0
EmissionActivityRatio,BAU,GUA,CO2_CH4_BURN,,CO2e_WASTE,1,2035,,,,,,0.0
EmissionActivityRatio,BAU,GUA,CO2_CH4_BURN,,CO2e_WASTE,1,2036,,,,,,0.0
EmissionActivityRatio,BAU,GUA,CO2_CH4_BURN,,CO2e_WASTE,1,2037,,,,,,0.0
EmissionActivityRatio,BAU,GUA,CO2_CH4_BURN,,CO2e_WASTE,1,2038,,,,,,0.0
EmissionActivityRatio,BAU,GUA,CO2_CH4_BURN,,CO2e_WASTE,1,2039,,,,,,0.0
EmissionActivityRatio,BAU,GUA,CO2_CH4_BURN,,CO2e_WASTE,1,2040,,,,,,0.0
EmissionActivityRatio,BAU,GUA,CO2_CH4_BURN,,CO2e_WASTE,1,2041,,,,,,0.0
EmissionActivityRatio,BAU,GUA,CO2_CH4_BURN,,CO2e_WASTE,1,2042,,,,,,0.0
EmissionActivityRatio,BAU,GUA,CO2_CH4_BURN,,CO2e_WASTE,1,2043,,,,,,0.0
EmissionActivityRatio,BAU,GUA,CO2_CH4_BURN,,CO2e_WASTE,1,2044,,,,,,0.0
EmissionActivityRatio,BAU,GUA,CO2_CH4_BURN,,CO2e_WASTE,1,2045,,,,,,0.0
EmissionActivityRatio,BAU,GUA,CO2_CH4_BURN,,CO2e_WASTE,1,2046,,,,,,0.0
EmissionActivityRatio,BAU,GUA,CO2_CH4_BURN,,CO2e_WASTE,1,2047,,,,,,0.0
EmissionActivityRatio,BAU,GUA,CO2_CH4_BURN,,CO2e_WASTE,1,2048,,,,,,0.0
EmissionActivityRatio,BAU,GUA,CO2_CH4_BURN,,CO2e_WASTE,1,2049,,,,,,0.0
EmissionActivityRatio,BAU,GUA,CO2_CH4_BURN,,CO2e_WASTE,1,2050,,,,,,0.0
EmissionActivityRatio,BAU,GUA,CO2_CH4_BURN,,CO2_WASTE,1,2018,,,,,,0.0
EmissionActivityRatio,BAU,GUA,CO2_CH4_BURN,,CO2_WASTE,1,2019,,,,,,0.0
EmissionActivityRatio,BAU,GUA,CO2_CH4_BURN,,CO2_WASTE,1,2020,,,,,,0.0
EmissionActivityRatio,BAU,GUA,CO2_CH4_BURN,,CO2_WASTE,1,2021,,,,,,0.0
EmissionActivityRatio,BAU,GUA,CO2_CH4_BURN,,CO2_WASTE,1,2022,,,,,,0.0
EmissionActivityRatio,BAU,GUA,CO2_CH4_BURN,,CO2_WASTE,1,2023,,,,,,0.0
EmissionActivityRatio,BAU,GUA,CO2_CH4_BURN,,CO2_WASTE,1,2024,,,,,,0.0
EmissionActivityRatio,BAU,GUA,CO2_CH4_BURN,,CO2_WASTE,1,2025,,,,,,0.0
EmissionActivityRatio,BAU,GUA,CO2_CH4_BURN,,CO2_WASTE,1,2026,,,,,,0.0
EmissionActivityRatio,BAU,GUA,CO2_CH4_BURN,,CO2_WASTE,1,2027,,,,,,0.0
EmissionActivityRatio,BAU,GUA,CO2_CH4_BURN,,CO2_WASTE,1,2028,,,,,,0.0
EmissionActivityRatio,BAU,GUA,CO2_CH4_BURN,,CO2_WASTE,1,2029,,,,,,0.0
EmissionActivityRatio,BAU,GUA,CO2_CH4_BURN,,CO2_WASTE,1,2030,,,,,,0.0
EmissionActivityRatio,BAU,GUA,CO2_CH4_BURN,,CO2_WASTE,1,2031,,,,,,0.0
EmissionActivityRatio,BAU,GUA,CO2_CH4_BURN,,CO2_WASTE,1,2032,,,,,,0.0
EmissionActivityRatio,BAU,GUA,CO2_CH4_BURN,,CO2_WASTE,1,2033,,,,,,0.0
EmissionActivityRatio,BAU,GUA,CO2_CH4_BURN,,CO2_WASTE,1,2034,,,,,,0.0
EmissionActivityRatio,BAU,GUA,CO2_CH4_BURN,,CO2_WASTE,1,2035,,,,,,0.0
EmissionActivityRatio,BAU,GUA,CO2_CH4_BURN,,CO2_WASTE,1,2036,,,,,,0.0
EmissionActivityRatio,BAU,GUA,CO2_CH4_BURN,,CO2_WASTE,1,2037,,,,,,0.0
EmissionActivityRatio,BAU,GUA,CO2_CH4_BURN,,CO2_WASTE,1,2038,,,,,,0.0
EmissionActivityRatio,BAU,GUA,CO2_CH4_BURN,,CO2_WASTE,1,2039,,,,,,0.0
EmissionActivityRatio,BAU,GUA,CO2_CH4_BURN,,CO2_WASTE,1,2040,,,,,,0.0
EmissionActivityRatio,BAU,GUA,CO2_CH4_BURN,,CO2_WASTE,1,2041,,,,,,0.0
EmissionActivityRatio,BAU,GUA,CO2_CH4_BURN,,CO2_WASTE,1,2042,,,,,,0.0
EmissionActivityRatio,BAU,GUA,CO2_CH4_BURN,,CO2_WASTE,1,2043,,,,,,0.0
EmissionActivityRatio,BAU,GUA,CO2_CH4_BURN,,CO2_WASTE,1,2044,,,,,,0.0
EmissionActivityRatio,BAU,GUA,CO2_CH4_BURN,,CO2_WASTE,1,2045,,,,,,0.0
EmissionActivityRatio,BAU,GUA,CO2_CH4_BURN,,CO2_WASTE,1,2046,,,,,,0.0
EmissionActivityRatio,BAU,GUA,CO2_CH4_BURN,,CO2_WASTE,1,2047,,,,,,0.0
EmissionActivityRatio,BAU,GUA,CO2_CH4_BURN,,CO2_WASTE,1,2048,,,,,,0.0
EmissionActivityRatio,BAU,GUA,CO2_CH4_BURN,,CO2_WASTE,1,2049,,,,,,0.0
EmissionActivityRatio,BAU,GUA,CO2_CH4_BURN,,CO2_WASTE,1,2050,,,,,,0.0
EmissionActivityRatio,BAU,GUA,CO2_CH4_BURN,,CH4_WASTE,1,2018,,,,,,0.0
EmissionActivityRatio,BAU,GUA,CO2_CH4_BURN,,CH4_WASTE,1,2019,,,,,,0.0
EmissionActivityRatio,BAU,GUA,CO2_CH4_BURN,,CH4_WASTE,1,2020,,,,,,0.0
EmissionActivityRatio,BAU,GUA,CO2_CH4_BURN,,CH4_WASTE,1,2021,,,,,,0.0
EmissionActivityRatio,BAU,GUA,CO2_CH4_BURN,,CH4_WASTE,1,2022,,,,,,0.0
EmissionActivityRatio,BAU,GUA,CO2_CH4_BURN,,CH4_WASTE,1,2023,,,,,,0.0
EmissionActivityRatio,BAU,GUA,CO2_CH4_BURN,,CH4_WASTE,1,2024,,,,,,0.0
EmissionActivityRatio,BAU,GUA,CO2_CH4_BURN,,CH4_WASTE,1,2025,,,,,,0.0
EmissionActivityRatio,BAU,GUA,CO2_CH4_BURN,,CH4_WASTE,1,2026,,,,,,0.0
EmissionActivityRatio,BAU,GUA,CO2_CH4_BURN,,CH4_WASTE,1,2027,,,,,,0.0
EmissionActivityRatio,BAU,GUA,CO2_CH4_BURN,,CH4_WASTE,1,2028,,,,,,0.0
EmissionActivityRatio,BAU,GUA,CO2_CH4_BURN,,CH4_WASTE,1,2029,,,,,,0.0
EmissionActivityRatio,BAU,GUA,CO2_CH4_BURN,,CH4_WASTE,1,2030,,,,,,0.0
EmissionActivityRatio,BAU,GUA,CO2_CH4_BURN,,CH4_WASTE,1,2031,,,,,,0.0
EmissionActivityRatio,BAU,GUA,CO2_CH4_BURN,,CH4_WASTE,1,2032,,,,,,0.0
EmissionActivityRatio,BAU,GUA,CO2_CH4_BURN,,CH4_WASTE,1,2033,,,,,,0.0
EmissionActivityRatio,BAU,GUA,CO2_CH4_BURN,,CH4_WASTE,1,2034,,,,,,0.0
EmissionActivityRatio,BAU,GUA,CO2_CH4_BURN,,CH4_WASTE,1,2035,,,,,,0.0
EmissionActivityRatio,BAU,GUA,CO2_CH4_BURN,,CH4_WASTE,1,2036,,,,,,0.0
EmissionActivityRatio,BAU,GUA,CO2_CH4_BURN,,CH4_WASTE,1,2037,,,,,,0.0
EmissionActivityRatio,BAU,GUA,CO2_CH4_BURN,,CH4_WASTE,1,2038,,,,,,0.0
EmissionActivityRatio,BAU,GUA,CO2_CH4_BURN,,CH4_WASTE,1,2039,,,,,,0.0
EmissionActivityRatio,BAU,GUA,CO2_CH4_BURN,,CH4_WASTE,1,2040,,,,,,0.0
EmissionActivityRatio,BAU,GUA,CO2_CH4_BURN,,CH4_WASTE,1,2041,,,,,,0.0
EmissionActivityRatio,BAU,GUA,CO2_CH4_BURN,,CH4_WASTE,1,2042,,,,,,0.0
EmissionActivityRatio,BAU,GUA,CO2_CH4_BURN,,CH4_WASTE,1,2043,,,,,,0.0
EmissionActivityRatio,BAU,GUA,CO2_CH4_BURN,,CH4_WASTE,1,2044,,,,,,0.0
EmissionActivityRatio,BAU,GUA,CO2_CH4_BURN,,CH4_WASTE,1,2045,,,,,,0.0
EmissionActivityRatio,BAU,GUA,CO2_CH4_BURN,,CH4_WASTE,1,2046,,,,,,0.0
EmissionActivityRatio,BAU,GUA,CO2_CH4_BURN,,CH4_WASTE,1,2047,,,,,,0.0
EmissionActivityRatio,BAU,GUA,CO2_CH4_BURN,,CH4_WASTE,1,2048,,,,,,0.0
EmissionActivityRatio,BAU,GUA,CO2_CH4_BURN,,CH4_WASTE,1,2049,,,,,,0.0
EmissionActivityRatio,BAU,GUA,CO2_CH4_BURN,,CH4_WASTE,1,2050,,,,,,0.0
EmissionActivityRatio,BAU,GUA,CO2_CH4_BURN,,N2O_WASTE,1,2018,,,,,,0.0
EmissionActivityRatio,BAU,GUA,CO2_CH4_BURN,,N2O_WASTE,1,2019,,,,,,0.0
EmissionActivityRatio,BAU,GUA,CO2_CH4_BURN,,N2O_WASTE,1,2020,,,,,,0.0
EmissionActivityRatio,BAU,GUA,CO2_CH4_BURN,,N2O_WASTE,1,2021,,,,,,0.0
EmissionActivityRatio,BAU,GUA,CO2_CH4_BURN,,N2O_WASTE,1,2022,,,,,,0.0
EmissionActivityRatio,BAU,GUA,CO2_CH4_BURN,,N2O_WASTE,1,2023,,,,,,0.0
EmissionActivityRatio,BAU,GUA,CO2_CH4_BURN,,N2O_WASTE,1,2024,,,,,,0.0
EmissionActivityRatio,BAU,GUA,CO2_CH4_BURN,,N2O_WASTE,1,2025,,,,,,0.0
EmissionActivityRatio,BAU,GUA,CO2_CH4_BURN,,N2O_WASTE,1,2026,,,,,,0.0
EmissionActivityRatio,BAU,GUA,CO2_CH4_BURN,,N2O_WASTE,1,2027,,,,,,0.0
EmissionActivityRatio,BAU,GUA,CO2_CH4_BURN,,N2O_WASTE,1,2028,,,,,,0.0
EmissionActivityRatio,BAU,GUA,CO2_CH4_BURN,,N2O_WASTE,1,2029,,,,,,0.0
EmissionActivityRatio,BAU,GUA,CO2_CH4_BURN,,N2O_WASTE,1,2030,,,,,,0.0
EmissionActivityRatio,BAU,GUA,CO2_CH4_BURN,,N2O_WASTE,1,2031,,,,,,0.0
EmissionActivityRatio,BAU,GUA,CO2_CH4_BURN,,N2O_WASTE,1,2032,,,,,,0.0
EmissionActivityRatio,BAU,GUA,CO2_CH4_BURN,,N2O_WASTE,1,2033,,,,,,0.0
EmissionActivityRatio,BAU,GUA,CO2_CH4_BURN,,N2O_WASTE,1,2034,,,,,,0.0
EmissionActivityRatio,BAU,GUA,CO2_CH4_BURN,,N2O_WASTE,1,2035,,,,,,0.0
EmissionActivityRatio,BAU,GUA,CO2_CH4_BURN,,N2O_WASTE,1,2036,,,,,,0.0
EmissionActivityRatio,BAU,GUA,CO2_CH4_BURN,,N2O_WASTE,1,2037,,,,,,0.0
EmissionActivityRatio,BAU,GUA,CO2_CH4_BURN,,N2O_WASTE,1,2038,,,,,,0.0
EmissionActivityRatio,BAU,GUA,CO2_CH4_BURN,,N2O_WASTE,1,2039,,,,,,0.0
EmissionActivityRatio,BAU,GUA,CO2_CH4_BURN,,N2O_WASTE,1,2040,,,,,,0.0
EmissionActivityRatio,BAU,GUA,CO2_CH4_BURN,,N2O_WASTE,1,2041,,,,,,0.0
EmissionActivityRatio,BAU,GUA,CO2_CH4_BURN,,N2O_WASTE,1,2042,,,,,,0.0
EmissionActivityRatio,BAU,GUA,CO2_CH4_BURN,,N2O_WASTE,1,2043,,,,,,0.0
EmissionActivityRatio,BAU,GUA,CO2_CH4_BURN,,N2O_WASTE,1,2044,,,,,,0.0
EmissionActivityRatio,BAU,GUA,CO2_CH4_BURN,,N2O_WASTE,1,2045,,,,,,0.0
EmissionActivityRatio,BAU,GUA,CO2_CH4_BURN,,N2O_WASTE,1,2046,,,,,,0.0
EmissionActivityRatio,BAU,GUA,CO2_CH4_BURN,,N2O_WASTE,1,2047,,,,,,0.0
EmissionActivityRatio,BAU,GUA,CO2_CH4_BURN,,N2O_WASTE,1,2048,,,,,,0.0
EmissionActivityRatio,BAU,GUA,CO2_CH4_BURN,,N2O_WASTE,1,2049,,,,,,0.0
EmissionActivityRatio,BAU,GUA,CO2_CH4_BURN,,N2O_WASTE,1,2050,,,,,,0.0
EmissionActivityRatio,BAU,GUA,COMPOST_DOM,,CO2e_WASTE,1,2018,,,,,,0.1915
EmissionActivityRatio,BAU,GUA,COMPOST_DOM,,CO2e_WASTE,1,2019,,,,,,0.1915
EmissionActivityRatio,BAU,GUA,COMPOST_DOM,,CO2e_WASTE,1,2020,,,,,,0.1915
EmissionActivityRatio,BAU,GUA,COMPOST_DOM,,CO2e_WASTE,1,2021,,,,,,0.1915
EmissionActivityRatio,BAU,GUA,COMPOST_DOM,,CO2e_WASTE,1,2022,,,,,,0.1915
EmissionActivityRatio,BAU,GUA,COMPOST_DOM,,CO2e_WASTE,1,2023,,,,,,0.1915
EmissionActivityRatio,BAU,GUA,COMPOST_DOM,,CO2e_WASTE,1,2024,,,,,,0.1915
EmissionActivityRatio,BAU,GUA,COMPOST_DOM,,CO2e_WASTE,1,2025,,,,,,0.1915
EmissionActivityRatio,BAU,GUA,COMPOST_DOM,,CO2e_WASTE,1,2026,,,,,,0.1915
EmissionActivityRatio,BAU,GUA,COMPOST_DOM,,CO2e_WASTE,1,2027,,,,,,0.1915
EmissionActivityRatio,BAU,GUA,COMPOST_DOM,,CO2e_WASTE,1,2028,,,,,,0.1915
EmissionActivityRatio,BAU,GUA,COMPOST_DOM,,CO2e_WASTE,1,2029,,,,,,0.1915
EmissionActivityRatio,BAU,GUA,COMPOST_DOM,,CO2e_WASTE,1,2030,,,,,,0.1915
EmissionActivityRatio,BAU,GUA,COMPOST_DOM,,CO2e_WASTE,1,2031,,,,,,0.1915
EmissionActivityRatio,BAU,GUA,COMPOST_DOM,,CO2e_WASTE,1,2032,,,,,,0.1915
EmissionActivityRatio,BAU,GUA,COMPOST_DOM,,CO2e_WASTE,1,2033,,,,,,0.1915
EmissionActivityRatio,BAU,GUA,COMPOST_DOM,,CO2e_WASTE,1,2034,,,,,,0.1915
EmissionActivityRatio,BAU,GUA,COMPOST_DOM,,CO2e_WASTE,1,2035,,,,,,0.1915
EmissionActivityRatio,BAU,GUA,COMPOST_DOM,,CO2e_WASTE,1,2036,,,,,,0.1915
EmissionActivityRatio,BAU,GUA,COMPOST_DOM,,CO2e_WASTE,1,2037,,,,,,0.1915
EmissionActivityRatio,BAU,GUA,COMPOST_DOM,,CO2e_WASTE,1,2038,,,,,,0.1915
EmissionActivityRatio,BAU,GUA,COMPOST_DOM,,CO2e_WASTE,1,2039,,,,,,0.1915
EmissionActivityRatio,BAU,GUA,COMPOST_DOM,,CO2e_WASTE,1,2040,,,,,,0.1915
EmissionActivityRatio,BAU,GUA,COMPOST_DOM,,CO2e_WASTE,1,2041,,,,,,0.1915
EmissionActivityRatio,BAU,GUA,COMPOST_DOM,,CO2e_WASTE,1,2042,,,,,,0.1915
EmissionActivityRatio,BAU,GUA,COMPOST_DOM,,CO2e_WASTE,1,2043,,,,,,0.1915
EmissionActivityRatio,BAU,GUA,COMPOST_DOM,,CO2e_WASTE,1,2044,,,,,,0.1915
EmissionActivityRatio,BAU,GUA,COMPOST_DOM,,CO2e_WASTE,1,2045,,,,,,0.1915
EmissionActivityRatio,BAU,GUA,COMPOST_DOM,,CO2e_WASTE,1,2046,,,,,,0.1915
EmissionActivityRatio,BAU,GUA,COMPOST_DOM,,CO2e_WASTE,1,2047,,,,,,0.1915
EmissionActivityRatio,BAU,GUA,COMPOST_DOM,,CO2e_WASTE,1,2048,,,,,,0.1915
EmissionActivityRatio,BAU,GUA,COMPOST_DOM,,CO2e_WASTE,1,2049,,,,,,0.1915
EmissionActivityRatio,BAU,GUA,COMPOST_DOM,,CO2e_WASTE,1,2050,,,,,,0.1915
EmissionActivityRatio,BAU,GUA,COMPOST_DOM,,CO2_WASTE,1,2018,,,,,,0.0
EmissionActivityRatio,BAU,GUA,COMPOST_DOM,,CO2_WASTE,1,2019,,,,,,0.0
EmissionActivityRatio,BAU,GUA,COMPOST_DOM,,CO2_WASTE,1,2020,,,,,,0.0
EmissionActivityRatio,BAU,GUA,COMPOST_DOM,,CO2_WASTE,1,2021,,,,,,0.0
EmissionActivityRatio,BAU,GUA,COMPOST_DOM,,CO2_WASTE,1,2022,,,,,,0.0
EmissionActivityRatio,BAU,GUA,COMPOST_DOM,,CO2_WASTE,1,2023,,,,,,0.0
EmissionActivityRatio,BAU,GUA,COMPOST_DOM,,CO2_WASTE,1,2024,,,,,,0.0
EmissionActivityRatio,BAU,GUA,COMPOST_DOM,,CO2_WASTE,1,2025,,,,,,0.0
EmissionActivityRatio,BAU,GUA,COMPOST_DOM,,CO2_WASTE,1,2026,,,,,,0.0
EmissionActivityRatio,BAU,GUA,COMPOST_DOM,,CO2_WASTE,1,2027,,,,,,0.0
EmissionActivityRatio,BAU,GUA,COMPOST_DOM,,CO2_WASTE,1,2028,,,,,,0.0
EmissionActivityRatio,BAU,GUA,COMPOST_DOM,,CO2_WASTE,1,2029,,,,,,0.0
EmissionActivityRatio,BAU,GUA,COMPOST_DOM,,CO2_WASTE,1,2030,,,,,,0.0
EmissionActivityRatio,BAU,GUA,COMPOST_DOM,,CO2_WASTE,1,2031,,,,,,0.0
EmissionActivityRatio,BAU,GUA,COMPOST_DOM,,CO2_WASTE,1,2032,,,,,,0.0
EmissionActivityRatio,BAU,GUA,COMPOST_DOM,,CO2_WASTE,1,2033,,,,,,0.0
EmissionActivityRatio,BAU,GUA,COMPOST_DOM,,CO2_WASTE,1,2034,,,,,,0.0
EmissionActivityRatio,BAU,GUA,COMPOST_DOM,,CO2_WASTE,1,2035,,,,,,0.0
EmissionActivityRatio,BAU,GUA,COMPOST_DOM,,CO2_WASTE,1,2036,,,,,,0.0
EmissionActivityRatio,BAU,GUA,COMPOST_DOM,,CO2_WASTE,1,2037,,,,,,0.0
EmissionActivityRatio,BAU,GUA,COMPOST_DOM,,CO2_WASTE,1,2038,,,,,,0.0
EmissionActivityRatio,BAU,GUA,COMPOST_DOM,,CO2_WASTE,1,2039,,,,,,0.0
EmissionActivityRatio,BAU,GUA,COMPOST_DOM,,CO2_WASTE,1,2040,,,,,,0.0
EmissionActivityRatio,BAU,GUA,COMPOST_DOM,,CO2_WASTE,1,2041,,,,,,0.0
EmissionActivityRatio,BAU,GUA,COMPOST_DOM,,CO2_WASTE,1,2042,,,,,,0.0
EmissionActivityRatio,BAU,GUA,COMPOST_DOM,,CO2_WASTE,1,2043,,,,,,0.0
EmissionActivityRatio,BAU,GUA,COMPOST_DOM,,CO2_WASTE,1,2044,,,,,,0.0
EmissionActivityRatio,BAU,GUA,COMPOST_DOM,,CO2_WASTE,1,2045,,,,,,0.0
EmissionActivityRatio,BAU,GUA,COMPOST_DOM,,CO2_WASTE,1,2046,,,,,,0.0
EmissionActivityRatio,BAU,GUA,COMPOST_DOM,,CO2_WASTE,1,2047,,,,,,0.0
EmissionActivityRatio,BAU,GUA,COMPOST_DOM,,CO2_WASTE,1,2048,,,,,,0.0
EmissionActivityRatio,BAU,GUA,COMPOST_DOM,,CO2_WASTE,1,2049,,,,,,0.0
EmissionActivityRatio,BAU,GUA,COMPOST_DOM,,CO2_WASTE,1,2050,,,,,,0.0
EmissionActivityRatio,BAU,GUA,COMPOST_DOM,,CH4_WASTE,1,2018,,,,,,0.0
EmissionActivityRatio,BAU,GUA,COMPOST_DOM,,CH4_WASTE,1,2019,,,,,,0.0
EmissionActivityRatio,BAU,GUA,COMPOST_DOM,,CH4_WASTE,1,2020,,,,,,0.0
EmissionActivityRatio,BAU,GUA,COMPOST_DOM,,CH4_WASTE,1,2021,,,,,,0.0
EmissionActivityRatio,BAU,GUA,COMPOST_DOM,,CH4_WASTE,1,2022,,,,,,0.0
EmissionActivityRatio,BAU,GUA,COMPOST_DOM,,CH4_WASTE,1,2023,,,,,,0.0
EmissionActivityRatio,BAU,GUA,COMPOST_DOM,,CH4_WASTE,1,2024,,,,,,0.0
EmissionActivityRatio,BAU,GUA,COMPOST_DOM,,CH4_WASTE,1,2025,,,,,,0.0
EmissionActivityRatio,BAU,GUA,COMPOST_DOM,,CH4_WASTE,1,2026,,,,,,0.0
EmissionActivityRatio,BAU,GUA,COMPOST_DOM,,CH4_WASTE,1,2027,,,,,,0.0
EmissionActivityRatio,BAU,GUA,COMPOST_DOM,,CH4_WASTE,1,2028,,,,,,0.0
EmissionActivityRatio,BAU,GUA,COMPOST_DOM,,CH4_WASTE,1,2029,,,,,,0.0
EmissionActivityRatio,BAU,GUA,COMPOST_DOM,,CH4_WASTE,1,2030,,,,,,0.0
EmissionActivityRatio,BAU,GUA,COMPOST_DOM,,CH4_WASTE,1,2031,,,,,,0.0
EmissionActivityRatio,BAU,GUA,COMPOST_DOM,,CH4_WASTE,1,2032,,,,,,0.0
EmissionActivityRatio,BAU,GUA,COMPOST_DOM,,CH4_WASTE,1,2033,,,,,,0.0
EmissionActivityRatio,BAU,GUA,COMPOST_DOM,,CH4_WASTE,1,2034,,,,,,0.0
EmissionActivityRatio,BAU,GUA,COMPOST_DOM,,CH4_WASTE,1,2035,,,,,,0.0
EmissionActivityRatio,BAU,GUA,COMPOST_DOM,,CH4_WASTE,1,2036,,,,,,0.0
EmissionActivityRatio,BAU,GUA,COMPOST_DOM,,CH4_WASTE,1,2037,,,,,,0.0
EmissionActivityRatio,BAU,GUA,COMPOST_DOM,,CH4_WASTE,1,2038,,,,,,0.0
EmissionActivityRatio,BAU,GUA,COMPOST_DOM,,CH4_WASTE,1,2039,,,,,,0.0
EmissionActivityRatio,BAU,GUA,COMPOST_DOM,,CH4_WASTE,1,2040,,,,,,0.0
EmissionActivityRatio,BAU,GUA,COMPOST_DOM,,CH4_WASTE,1,2041,,,,,,0.0
EmissionActivityRatio,BAU,GUA,COMPOST_DOM,,CH4_WASTE,1,2042,,,,,,0.0
EmissionActivityRatio,BAU,GUA,COMPOST_DOM,,CH4_WASTE,1,2043,,,,,,0.0
EmissionActivityRatio,BAU,GUA,COMPOST_DOM,,CH4_WASTE,1,2044,,,,,,0.0
EmissionActivityRatio,BAU,GUA,COMPOST_DOM,,CH4_WASTE,1,2045,,,,,,0.0
EmissionActivityRatio,BAU,GUA,COMPOST_DOM,,CH4_WASTE,1,2046,,,,,,0.0
EmissionActivityRatio,BAU,GUA,COMPOST_DOM,,CH4_WASTE,1,2047,,,,,,0.0
EmissionActivityRatio,BAU,GUA,COMPOST_DOM,,CH4_WASTE,1,2048,,,,,,0.0
EmissionActivityRatio,BAU,GUA,COMPOST_DOM,,CH4_WASTE,1,2049,,,,,,0.0
EmissionActivityRatio,BAU,GUA,COMPOST_DOM,,CH4_WASTE,1,2050,,,,,,0.0
EmissionActivityRatio,BAU,GUA,COMPOST_DOM,,N2O_WASTE,1,2018,,,,,,0.0
EmissionActivityRatio,BAU,GUA,COMPOST_DOM,,N2O_WASTE,1,2019,,,,,,0.0
EmissionActivityRatio,BAU,GUA,COMPOST_DOM,,N2O_WASTE,1,2020,,,,,,0.0
EmissionActivityRatio,BAU,GUA,COMPOST_DOM,,N2O_WASTE,1,2021,,,,,,0.0
EmissionActivityRatio,BAU,GUA,COMPOST_DOM,,N2O_WASTE,1,2022,,,,,,0.0
EmissionActivityRatio,BAU,GUA,COMPOST_DOM,,N2O_WASTE,1,2023,,,,,,0.0
EmissionActivityRatio,BAU,GUA,COMPOST_DOM,,N2O_WASTE,1,2024,,,,,,0.0
EmissionActivityRatio,BAU,GUA,COMPOST_DOM,,N2O_WASTE,1,2025,,,,,,0.0
EmissionActivityRatio,BAU,GUA,COMPOST_DOM,,N2O_WASTE,1,2026,,,,,,0.0
EmissionActivityRatio,BAU,GUA,COMPOST_DOM,,N2O_WASTE,1,2027,,,,,,0.0
EmissionActivityRatio,BAU,GUA,COMPOST_DOM,,N2O_WASTE,1,2028,,,,,,0.0
EmissionActivityRatio,BAU,GUA,COMPOST_DOM,,N2O_WASTE,1,2029,,,,,,0.0
EmissionActivityRatio,BAU,GUA,COMPOST_DOM,,N2O_WASTE,1,2030,,,,,,0.0
EmissionActivityRatio,BAU,GUA,COMPOST_DOM,,N2O_WASTE,1,2031,,,,,,0.0
EmissionActivityRatio,BAU,GUA,COMPOST_DOM,,N2O_WASTE,1,2032,,,,,,0.0
EmissionActivityRatio,BAU,GUA,COMPOST_DOM,,N2O_WASTE,1,2033,,,,,,0.0
EmissionActivityRatio,BAU,GUA,COMPOST_DOM,,N2O_WASTE,1,2034,,,,,,0.0
EmissionActivityRatio,BAU,GUA,COMPOST_DOM,,N2O_WASTE,1,2035,,,,,,0.0
EmissionActivityRatio,BAU,GUA,COMPOST_DOM,,N2O_WASTE,1,2036,,,,,,0.0
EmissionActivityRatio,BAU,GUA,COMPOST_DOM,,N2O_WASTE,1,2037,,,,,,0.0
EmissionActivityRatio,BAU,GUA,COMPOST_DOM,,N2O_WASTE,1,2038,,,,,,0.0
EmissionActivityRatio,BAU,GUA,COMPOST_DOM,,N2O_WASTE,1,2039,,,,,,0.0
EmissionActivityRatio,BAU,GUA,COMPOST_DOM,,N2O_WASTE,1,2040,,,,,,0.0
EmissionActivityRatio,BAU,GUA,COMPOST_DOM,,N2O_WASTE,1,2041,,,,,,0.0
EmissionActivityRatio,BAU,GUA,COMPOST_DOM,,N2O_WASTE,1,2042,,,,,,0.0
EmissionActivityRatio,BAU,GUA,COMPOST_DOM,,N2O_WASTE,1,2043,,,,,,0.0
EmissionActivityRatio,BAU,GUA,COMPOST_DOM,,N2O_WASTE,1,2044,,,,,,0.0
EmissionActivityRatio,BAU,GUA,COMPOST_DOM,,N2O_WASTE,1,2045,,,,,,0.0
EmissionActivityRatio,BAU,GUA,COMPOST_DOM,,N2O_WASTE,1,2046,,,,,,0.0
EmissionActivityRatio,BAU,GUA,COMPOST_DOM,,N2O_WASTE,1,2047,,,,,,0.0
EmissionActivityRatio,BAU,GUA,COMPOST_DOM,,N2O_WASTE,1,2048,,,,,,0.0
EmissionActivityRatio,BAU,GUA,COMPOST_DOM,,N2O_WASTE,1,2049,,,,,,0.0
EmissionActivityRatio,BAU,GUA,COMPOST_DOM,,N2O_WASTE,1,2050,,,,,,0.0
EmissionActivityRatio,BAU,GUA,COMPOST_COFFEE,,CO2e_WASTE,1,2018,,,,,,0.1915
EmissionActivityRatio,BAU,GUA,COMPOST_COFFEE,,CO2e_WASTE,1,2019,,,,,,0.1915
EmissionActivityRatio,BAU,GUA,COMPOST_COFFEE,,CO2e_WASTE,1,2020,,,,,,0.1915
EmissionActivityRatio,BAU,GUA,COMPOST_COFFEE,,CO2e_WASTE,1,2021,,,,,,0.1915
EmissionActivityRatio,BAU,GUA,COMPOST_COFFEE,,CO2e_WASTE,1,2022,,,,,,0.1915
EmissionActivityRatio,BAU,GUA,COMPOST_COFFEE,,CO2e_WASTE,1,2023,,,,,,0.1915
EmissionActivityRatio,BAU,GUA,COMPOST_COFFEE,,CO2e_WASTE,1,2024,,,,,,0.1915
EmissionActivityRatio,BAU,GUA,COMPOST_COFFEE,,CO2e_WASTE,1,2025,,,,,,0.1915
EmissionActivityRatio,BAU,GUA,COMPOST_COFFEE,,CO2e_WASTE,1,2026,,,,,,0.1915
EmissionActivityRatio,BAU,GUA,COMPOST_COFFEE,,CO2e_WASTE,1,2027,,,,,,0.1915
EmissionActivityRatio,BAU,GUA,COMPOST_COFFEE,,CO2e_WASTE,1,2028,,,,,,0.1915
EmissionActivityRatio,BAU,GUA,COMPOST_COFFEE,,CO2e_WASTE,1,2029,,,,,,0.1915
EmissionActivityRatio,BAU,GUA,COMPOST_COFFEE,,CO2e_WASTE,1,2030,,,,,,0.1915
EmissionActivityRatio,BAU,GUA,COMPOST_COFFEE,,CO2e_WASTE,1,2031,,,,,,0.1915
EmissionActivityRatio,BAU,GUA,COMPOST_COFFEE,,CO2e_WASTE,1,2032,,,,,,0.1915
EmissionActivityRatio,BAU,GUA,COMPOST_COFFEE,,CO2e_WASTE,1,2033,,,,,,0.1915
EmissionActivityRatio,BAU,GUA,COMPOST_COFFEE,,CO2e_WASTE,1,2034,,,,,,0.1915
EmissionActivityRatio,BAU,GUA,COMPOST_COFFEE,,CO2e_WASTE,1,2035,,,,,,0.1915
EmissionActivityRatio,BAU,GUA,COMPOST_COFFEE,,CO2e_WASTE,1,2036,,,,,,0.1915
EmissionActivityRatio,BAU,GUA,COMPOST_COFFEE,,CO2e_WASTE,1,2037,,,,,,0.1915
EmissionActivityRatio,BAU,GUA,COMPOST_COFFEE,,CO2e_WASTE,1,2038,,,,,,0.1915
EmissionActivityRatio,BAU,GUA,COMPOST_COFFEE,,CO2e_WASTE,1,2039,,,,,,0.1915
EmissionActivityRatio,BAU,GUA,COMPOST_COFFEE,,CO2e_WASTE,1,2040,,,,,,0.1915
EmissionActivityRatio,BAU,GUA,COMPOST_COFFEE,,CO2e_WASTE,1,2041,,,,,,0.1915
EmissionActivityRatio,BAU,GUA,COMPOST_COFFEE,,CO2e_WASTE,1,2042,,,,,,0.1915
EmissionActivityRatio,BAU,GUA,COMPOST_COFFEE,,CO2e_WASTE,1,2043,,,,,,0.1915
EmissionActivityRatio,BAU,GUA,COMPOST_COFFEE,,CO2e_WASTE,1,2044,,,,,,0.1915
EmissionActivityRatio,BAU,GUA,COMPOST_COFFEE,,CO2e_WASTE,1,2045,,,,,,0.1915
EmissionActivityRatio,BAU,GUA,COMPOST_COFFEE,,CO2e_WASTE,1,2046,,,,,,0.1915
EmissionActivityRatio,BAU,GUA,COMPOST_COFFEE,,CO2e_WASTE,1,2047,,,,,,0.1915
EmissionActivityRatio,BAU,GUA,COMPOST_COFFEE,,CO2e_WASTE,1,2048,,,,,,0.1915
EmissionActivityRatio,BAU,GUA,COMPOST_COFFEE,,CO2e_WASTE,1,2049,,,,,,0.1915
EmissionActivityRatio,BAU,GUA,COMPOST_COFFEE,,CO2e_WASTE,1,2050,,,,,,0.1915
EmissionActivityRatio,BAU,GUA,COMPOST_COFFEE,,CO2_WASTE,1,2018,,,,,,0.0
EmissionActivityRatio,BAU,GUA,COMPOST_COFFEE,,CO2_WASTE,1,2019,,,,,,0.0
EmissionActivityRatio,BAU,GUA,COMPOST_COFFEE,,CO2_WASTE,1,2020,,,,,,0.0
EmissionActivityRatio,BAU,GUA,COMPOST_COFFEE,,CO2_WASTE,1,2021,,,,,,0.0
EmissionActivityRatio,BAU,GUA,COMPOST_COFFEE,,CO2_WASTE,1,2022,,,,,,0.0
EmissionActivityRatio,BAU,GUA,COMPOST_COFFEE,,CO2_WASTE,1,2023,,,,,,0.0
EmissionActivityRatio,BAU,GUA,COMPOST_COFFEE,,CO2_WASTE,1,2024,,,,,,0.0
EmissionActivityRatio,BAU,GUA,COMPOST_COFFEE,,CO2_WASTE,1,2025,,,,,,0.0
EmissionActivityRatio,BAU,GUA,COMPOST_COFFEE,,CO2_WASTE,1,2026,,,,,,0.0
EmissionActivityRatio,BAU,GUA,COMPOST_COFFEE,,CO2_WASTE,1,2027,,,,,,0.0
EmissionActivityRatio,BAU,GUA,COMPOST_COFFEE,,CO2_WASTE,1,2028,,,,,,0.0
EmissionActivityRatio,BAU,GUA,COMPOST_COFFEE,,CO2_WASTE,1,2029,,,,,,0.0
EmissionActivityRatio,BAU,GUA,COMPOST_COFFEE,,CO2_WASTE,1,2030,,,,,,0.0
EmissionActivityRatio,BAU,GUA,COMPOST_COFFEE,,CO2_WASTE,1,2031,,,,,,0.0
EmissionActivityRatio,BAU,GUA,COMPOST_COFFEE,,CO2_WASTE,1,2032,,,,,,0.0
EmissionActivityRatio,BAU,GUA,COMPOST_COFFEE,,CO2_WASTE,1,2033,,,,,,0.0
EmissionActivityRatio,BAU,GUA,COMPOST_COFFEE,,CO2_WASTE,1,2034,,,,,,0.0
EmissionActivityRatio,BAU,GUA,COMPOST_COFFEE,,CO2_WASTE,1,2035,,,,,,0.0
EmissionActivityRatio,BAU,GUA,COMPOST_COFFEE,,CO2_WASTE,1,2036,,,,,,0.0
EmissionActivityRatio,BAU,GUA,COMPOST_COFFEE,,CO2_WASTE,1,2037,,,,,,0.0
EmissionActivityRatio,BAU,GUA,COMPOST_COFFEE,,CO2_WASTE,1,2038,,,,,,0.0
EmissionActivityRatio,BAU,GUA,COMPOST_COFFEE,,CO2_WASTE,1,2039,,,,,,0.0
EmissionActivityRatio,BAU,GUA,COMPOST_COFFEE,,CO2_WASTE,1,2040,,,,,,0.0
EmissionActivityRatio,BAU,GUA,COMPOST_COFFEE,,CO2_WASTE,1,2041,,,,,,0.0
EmissionActivityRatio,BAU,GUA,COMPOST_COFFEE,,CO2_WASTE,1,2042,,,,,,0.0
EmissionActivityRatio,BAU,GUA,COMPOST_COFFEE,,CO2_WASTE,1,2043,,,,,,0.0
EmissionActivityRatio,BAU,GUA,COMPOST_COFFEE,,CO2_WASTE,1,2044,,,,,,0.0
EmissionActivityRatio,BAU,GUA,COMPOST_COFFEE,,CO2_WASTE,1,2045,,,,,,0.0
EmissionActivityRatio,BAU,GUA,COMPOST_COFFEE,,CO2_WASTE,1,2046,,,,,,0.0
EmissionActivityRatio,BAU,GUA,COMPOST_COFFEE,,CO2_WASTE,1,2047,,,,,,0.0
EmissionActivityRatio,BAU,GUA,COMPOST_COFFEE,,CO2_WASTE,1,2048,,,,,,0.0
EmissionActivityRatio,BAU,GUA,COMPOST_COFFEE,,CO2_WASTE,1,2049,,,,,,0.0
EmissionActivityRatio,BAU,GUA,COMPOST_COFFEE,,CO2_WASTE,1,2050,,,,,,0.0
EmissionActivityRatio,BAU,GUA,COMPOST_COFFEE,,CH4_WASTE,1,2018,,,,,,0.0
EmissionActivityRatio,BAU,GUA,COMPOST_COFFEE,,CH4_WASTE,1,2019,,,,,,0.0
EmissionActivityRatio,BAU,GUA,COMPOST_COFFEE,,CH4_WASTE,1,2020,,,,,,0.0
EmissionActivityRatio,BAU,GUA,COMPOST_COFFEE,,CH4_WASTE,1,2021,,,,,,0.0
EmissionActivityRatio,BAU,GUA,COMPOST_COFFEE,,CH4_WASTE,1,2022,,,,,,0.0
EmissionActivityRatio,BAU,GUA,COMPOST_COFFEE,,CH4_WASTE,1,2023,,,,,,0.0
EmissionActivityRatio,BAU,GUA,COMPOST_COFFEE,,CH4_WASTE,1,2024,,,,,,0.0
EmissionActivityRatio,BAU,GUA,COMPOST_COFFEE,,CH4_WASTE,1,2025,,,,,,0.0
EmissionActivityRatio,BAU,GUA,COMPOST_COFFEE,,CH4_WASTE,1,2026,,,,,,0.0
EmissionActivityRatio,BAU,GUA,COMPOST_COFFEE,,CH4_WASTE,1,2027,,,,,,0.0
EmissionActivityRatio,BAU,GUA,COMPOST_COFFEE,,CH4_WASTE,1,2028,,,,,,0.0
EmissionActivityRatio,BAU,GUA,COMPOST_COFFEE,,CH4_WASTE,1,2029,,,,,,0.0
EmissionActivityRatio,BAU,GUA,COMPOST_COFFEE,,CH4_WASTE,1,2030,,,,,,0.0
EmissionActivityRatio,BAU,GUA,COMPOST_COFFEE,,CH4_WASTE,1,2031,,,,,,0.0
EmissionActivityRatio,BAU,GUA,COMPOST_COFFEE,,CH4_WASTE,1,2032,,,,,,0.0
EmissionActivityRatio,BAU,GUA,COMPOST_COFFEE,,CH4_WASTE,1,2033,,,,,,0.0
EmissionActivityRatio,BAU,GUA,COMPOST_COFFEE,,CH4_WASTE,1,2034,,,,,,0.0
EmissionActivityRatio,BAU,GUA,COMPOST_COFFEE,,CH4_WASTE,1,2035,,,,,,0.0
EmissionActivityRatio,BAU,GUA,COMPOST_COFFEE,,CH4_WASTE,1,2036,,,,,,0.0
EmissionActivityRatio,BAU,GUA,COMPOST_COFFEE,,CH4_WASTE,1,2037,,,,,,0.0
EmissionActivityRatio,BAU,GUA,COMPOST_COFFEE,,CH4_WASTE,1,2038,,,,,,0.0
EmissionActivityRatio,BAU,GUA,COMPOST_COFFEE,,CH4_WASTE,1,2039,,,,,,0.0
EmissionActivityRatio,BAU,GUA,COMPOST_COFFEE,,CH4_WASTE,1,2040,,,,,,0.0
EmissionActivityRatio,BAU,GUA,COMPOST_COFFEE,,CH4_WASTE,1,2041,,,,,,0.0
EmissionActivityRatio,BAU,GUA,COMPOST_COFFEE,,CH4_WASTE,1,2042,,,,,,0.0
EmissionActivityRatio,BAU,GUA,COMPOST_COFFEE,,CH4_WASTE,1,2043,,,,,,0.0
EmissionActivityRatio,BAU,GUA,COMPOST_COFFEE,,CH4_WASTE,1,2044,,,,,,0.0
EmissionActivityRatio,BAU,GUA,COMPOST_COFFEE,,CH4_WASTE,1,2045,,,,,,0.0
EmissionActivityRatio,BAU,GUA,COMPOST_COFFEE,,CH4_WASTE,1,2046,,,,,,0.0
EmissionActivityRatio,BAU,GUA,COMPOST_COFFEE,,CH4_WASTE,1,2047,,,,,,0.0
EmissionActivityRatio,BAU,GUA,COMPOST_COFFEE,,CH4_WASTE,1,2048,,,,,,0.0
EmissionActivityRatio,BAU,GUA,COMPOST_COFFEE,,CH4_WASTE,1,2049,,,,,,0.0
EmissionActivityRatio,BAU,GUA,COMPOST_COFFEE,,CH4_WASTE,1,2050,,,,,,0.0
EmissionActivityRatio,BAU,GUA,COMPOST_COFFEE,,N2O_WASTE,1,2018,,,,,,0.0
EmissionActivityRatio,BAU,GUA,COMPOST_COFFEE,,N2O_WASTE,1,2019,,,,,,0.0
EmissionActivityRatio,BAU,GUA,COMPOST_COFFEE,,N2O_WASTE,1,2020,,,,,,0.0
EmissionActivityRatio,BAU,GUA,COMPOST_COFFEE,,N2O_WASTE,1,2021,,,,,,0.0
EmissionActivityRatio,BAU,GUA,COMPOST_COFFEE,,N2O_WASTE,1,2022,,,,,,0.0
EmissionActivityRatio,BAU,GUA,COMPOST_COFFEE,,N2O_WASTE,1,2023,,,,,,0.0
EmissionActivityRatio,BAU,GUA,COMPOST_COFFEE,,N2O_WASTE,1,2024,,,,,,0.0
EmissionActivityRatio,BAU,GUA,COMPOST_COFFEE,,N2O_WASTE,1,2025,,,,,,0.0
EmissionActivityRatio,BAU,GUA,COMPOST_COFFEE,,N2O_WASTE,1,2026,,,,,,0.0
EmissionActivityRatio,BAU,GUA,COMPOST_COFFEE,,N2O_WASTE,1,2027,,,,,,0.0
EmissionActivityRatio,BAU,GUA,COMPOST_COFFEE,,N2O_WASTE,1,2028,,,,,,0.0
EmissionActivityRatio,BAU,GUA,COMPOST_COFFEE,,N2O_WASTE,1,2029,,,,,,0.0
EmissionActivityRatio,BAU,GUA,COMPOST_COFFEE,,N2O_WASTE,1,2030,,,,,,0.0
EmissionActivityRatio,BAU,GUA,COMPOST_COFFEE,,N2O_WASTE,1,2031,,,,,,0.0
EmissionActivityRatio,BAU,GUA,COMPOST_COFFEE,,N2O_WASTE,1,2032,,,,,,0.0
EmissionActivityRatio,BAU,GUA,COMPOST_COFFEE,,N2O_WASTE,1,2033,,,,,,0.0
EmissionActivityRatio,BAU,GUA,COMPOST_COFFEE,,N2O_WASTE,1,2034,,,,,,0.0
EmissionActivityRatio,BAU,GUA,COMPOST_COFFEE,,N2O_WASTE,1,2035,,,,,,0.0
EmissionActivityRatio,BAU,GUA,COMPOST_COFFEE,,N2O_WASTE,1,2036,,,,,,0.0
EmissionActivityRatio,BAU,GUA,COMPOST_COFFEE,,N2O_WASTE,1,2037,,,,,,0.0
EmissionActivityRatio,BAU,GUA,COMPOST_COFFEE,,N2O_WASTE,1,2038,,,,,,0.0
EmissionActivityRatio,BAU,GUA,COMPOST_COFFEE,,N2O_WASTE,1,2039,,,,,,0.0
EmissionActivityRatio,BAU,GUA,COMPOST_COFFEE,,N2O_WASTE,1,2040,,,,,,0.0
EmissionActivityRatio,BAU,GUA,COMPOST_COFFEE,,N2O_WASTE,1,2041,,,,,,0.0
EmissionActivityRatio,BAU,GUA,COMPOST_COFFEE,,N2O_WASTE,1,2042,,,,,,0.0
EmissionActivityRatio,BAU,GUA,COMPOST_COFFEE,,N2O_WASTE,1,2043,,,,,,0.0
EmissionActivityRatio,BAU,GUA,COMPOST_COFFEE,,N2O_WASTE,1,2044,,,,,,0.0
EmissionActivityRatio,BAU,GUA,COMPOST_COFFEE,,N2O_WASTE,1,2045,,,,,,0.0
EmissionActivityRatio,BAU,GUA,COMPOST_COFFEE,,N2O_WASTE,1,2046,,,,,,0.0
EmissionActivityRatio,BAU,GUA,COMPOST_COFFEE,,N2O_WASTE,1,2047,,,,,,0.0
EmissionActivityRatio,BAU,GUA,COMPOST_COFFEE,,N2O_WASTE,1,2048,,,,,,0.0
EmissionActivityRatio,BAU,GUA,COMPOST_COFFEE,,N2O_WASTE,1,2049,,,,,,0.0
EmissionActivityRatio,BAU,GUA,COMPOST_COFFEE,,N2O_WASTE,1,2050,,,,,,0.0
EmissionActivityRatio,BAU,GUA,DWW_DC,,CO2e_WASTE,1,2018,,,,,,0.0076
EmissionActivityRatio,BAU,GUA,DWW_DC,,CO2e_WASTE,1,2019,,,,,,0.0076
EmissionActivityRatio,BAU,GUA,DWW_DC,,CO2e_WASTE,1,2020,,,,,,0.0076
EmissionActivityRatio,BAU,GUA,DWW_DC,,CO2e_WASTE,1,2021,,,,,,0.0076
EmissionActivityRatio,BAU,GUA,DWW_DC,,CO2e_WASTE,1,2022,,,,,,0.0076
EmissionActivityRatio,BAU,GUA,DWW_DC,,CO2e_WASTE,1,2023,,,,,,0.0076
EmissionActivityRatio,BAU,GUA,DWW_DC,,CO2e_WASTE,1,2024,,,,,,0.0076
EmissionActivityRatio,BAU,GUA,DWW_DC,,CO2e_WASTE,1,2025,,,,,,0.0076
EmissionActivityRatio,BAU,GUA,DWW_DC,,CO2e_WASTE,1,2026,,,,,,0.0076
EmissionActivityRatio,BAU,GUA,DWW_DC,,CO2e_WASTE,1,2027,,,,,,0.0076
EmissionActivityRatio,BAU,GUA,DWW_DC,,CO2e_WASTE,1,2028,,,,,,0.0076
EmissionActivityRatio,BAU,GUA,DWW_DC,,CO2e_WASTE,1,2029,,,,,,0.0076
EmissionActivityRatio,BAU,GUA,DWW_DC,,CO2e_WASTE,1,2030,,,,,,0.0076
EmissionActivityRatio,BAU,GUA,DWW_DC,,CO2e_WASTE,1,2031,,,,,,0.0076
EmissionActivityRatio,BAU,GUA,DWW_DC,,CO2e_WASTE,1,2032,,,,,,0.0076
EmissionActivityRatio,BAU,GUA,DWW_DC,,CO2e_WASTE,1,2033,,,,,,0.0076
EmissionActivityRatio,BAU,GUA,DWW_DC,,CO2e_WASTE,1,2034,,,,,,0.0076
EmissionActivityRatio,BAU,GUA,DWW_DC,,CO2e_WASTE,1,2035,,,,,,0.0076
EmissionActivityRatio,BAU,GUA,DWW_DC,,CO2e_WASTE,1,2036,,,,,,0.0076
EmissionActivityRatio,BAU,GUA,DWW_DC,,CO2e_WASTE,1,2037,,,,,,0.0076
EmissionActivityRatio,BAU,GUA,DWW_DC,,CO2e_WASTE,1,2038,,,,,,0.0076
EmissionActivityRatio,BAU,GUA,DWW_DC,,CO2e_WASTE,1,2039,,,,,,0.0076
EmissionActivityRatio,BAU,GUA,DWW_DC,,CO2e_WASTE,1,2040,,,,,,0.0076
EmissionActivityRatio,BAU,GUA,DWW_DC,,CO2e_WASTE,1,2041,,,,,,0.0076
EmissionActivityRatio,BAU,GUA,DWW_DC,,CO2e_WASTE,1,2042,,,,,,0.0076
EmissionActivityRatio,BAU,GUA,DWW_DC,,CO2e_WASTE,1,2043,,,,,,0.0076
EmissionActivityRatio,BAU,GUA,DWW_DC,,CO2e_WASTE,1,2044,,,,,,0.0076
EmissionActivityRatio,BAU,GUA,DWW_DC,,CO2e_WASTE,1,2045,,,,,,0.0076
EmissionActivityRatio,BAU,GUA,DWW_DC,,CO2e_WASTE,1,2046,,,,,,0.0076
EmissionActivityRatio,BAU,GUA,DWW_DC,,CO2e_WASTE,1,2047,,,,,,0.0076
EmissionActivityRatio,BAU,GUA,DWW_DC,,CO2e_WASTE,1,2048,,,,,,0.0076
EmissionActivityRatio,BAU,GUA,DWW_DC,,CO2e_WASTE,1,2049,,,,,,0.0076
EmissionActivityRatio,BAU,GUA,DWW_DC,,CO2e_WASTE,1,2050,,,,,,0.0076
EmissionActivityRatio,BAU,GUA,DWW_DC,,CO2_WASTE,1,2018,,,,,,0.0
EmissionActivityRatio,BAU,GUA,DWW_DC,,CO2_WASTE,1,2019,,,,,,0.0
EmissionActivityRatio,BAU,GUA,DWW_DC,,CO2_WASTE,1,2020,,,,,,0.0
EmissionActivityRatio,BAU,GUA,DWW_DC,,CO2_WASTE,1,2021,,,,,,0.0
EmissionActivityRatio,BAU,GUA,DWW_DC,,CO2_WASTE,1,2022,,,,,,0.0
EmissionActivityRatio,BAU,GUA,DWW_DC,,CO2_WASTE,1,2023,,,,,,0.0
EmissionActivityRatio,BAU,GUA,DWW_DC,,CO2_WASTE,1,2024,,,,,,0.0
EmissionActivityRatio,BAU,GUA,DWW_DC,,CO2_WASTE,1,2025,,,,,,0.0
EmissionActivityRatio,BAU,GUA,DWW_DC,,CO2_WASTE,1,2026,,,,,,0.0
EmissionActivityRatio,BAU,GUA,DWW_DC,,CO2_WASTE,1,2027,,,,,,0.0
EmissionActivityRatio,BAU,GUA,DWW_DC,,CO2_WASTE,1,2028,,,,,,0.0
EmissionActivityRatio,BAU,GUA,DWW_DC,,CO2_WASTE,1,2029,,,,,,0.0
EmissionActivityRatio,BAU,GUA,DWW_DC,,CO2_WASTE,1,2030,,,,,,0.0
EmissionActivityRatio,BAU,GUA,DWW_DC,,CO2_WASTE,1,2031,,,,,,0.0
EmissionActivityRatio,BAU,GUA,DWW_DC,,CO2_WASTE,1,2032,,,,,,0.0
EmissionActivityRatio,BAU,GUA,DWW_DC,,CO2_WASTE,1,2033,,,,,,0.0
EmissionActivityRatio,BAU,GUA,DWW_DC,,CO2_WASTE,1,2034,,,,,,0.0
EmissionActivityRatio,BAU,GUA,DWW_DC,,CO2_WASTE,1,2035,,,,,,0.0
EmissionActivityRatio,BAU,GUA,DWW_DC,,CO2_WASTE,1,2036,,,,,,0.0
EmissionActivityRatio,BAU,GUA,DWW_DC,,CO2_WASTE,1,2037,,,,,,0.0
EmissionActivityRatio,BAU,GUA,DWW_DC,,CO2_WASTE,1,2038,,,,,,0.0
EmissionActivityRatio,BAU,GUA,DWW_DC,,CO2_WASTE,1,2039,,,,,,0.0
EmissionActivityRatio,BAU,GUA,DWW_DC,,CO2_WASTE,1,2040,,,,,,0.0
EmissionActivityRatio,BAU,GUA,DWW_DC,,CO2_WASTE,1,2041,,,,,,0.0
EmissionActivityRatio,BAU,GUA,DWW_DC,,CO2_WASTE,1,2042,,,,,,0.0
EmissionActivityRatio,BAU,GUA,DWW_DC,,CO2_WASTE,1,2043,,,,,,0.0
EmissionActivityRatio,BAU,GUA,DWW_DC,,CO2_WASTE,1,2044,,,,,,0.0
EmissionActivityRatio,BAU,GUA,DWW_DC,,CO2_WASTE,1,2045,,,,,,0.0
EmissionActivityRatio,BAU,GUA,DWW_DC,,CO2_WASTE,1,2046,,,,,,0.0
EmissionActivityRatio,BAU,GUA,DWW_DC,,CO2_WASTE,1,2047,,,,,,0.0
EmissionActivityRatio,BAU,GUA,DWW_DC,,CO2_WASTE,1,2048,,,,,,0.0
EmissionActivityRatio,BAU,GUA,DWW_DC,,CO2_WASTE,1,2049,,,,,,0.0
EmissionActivityRatio,BAU,GUA,DWW_DC,,CO2_WASTE,1,2050,,,,,,0.0
EmissionActivityRatio,BAU,GUA,DWW_DC,,CH4_WASTE,1,2018,,,,,,0.0
EmissionActivityRatio,BAU,GUA,DWW_DC,,CH4_WASTE,1,2019,,,,,,0.0
EmissionActivityRatio,BAU,GUA,DWW_DC,,CH4_WASTE,1,2020,,,,,,0.0
EmissionActivityRatio,BAU,GUA,DWW_DC,,CH4_WASTE,1,2021,,,,,,0.0
EmissionActivityRatio,BAU,GUA,DWW_DC,,CH4_WASTE,1,2022,,,,,,0.0
EmissionActivityRatio,BAU,GUA,DWW_DC,,CH4_WASTE,1,2023,,,,,,0.0
EmissionActivityRatio,BAU,GUA,DWW_DC,,CH4_WASTE,1,2024,,,,,,0.0
EmissionActivityRatio,BAU,GUA,DWW_DC,,CH4_WASTE,1,2025,,,,,,0.0
EmissionActivityRatio,BAU,GUA,DWW_DC,,CH4_WASTE,1,2026,,,,,,0.0
EmissionActivityRatio,BAU,GUA,DWW_DC,,CH4_WASTE,1,2027,,,,,,0.0
EmissionActivityRatio,BAU,GUA,DWW_DC,,CH4_WASTE,1,2028,,,,,,0.0
EmissionActivityRatio,BAU,GUA,DWW_DC,,CH4_WASTE,1,2029,,,,,,0.0
EmissionActivityRatio,BAU,GUA,DWW_DC,,CH4_WASTE,1,2030,,,,,,0.0
EmissionActivityRatio,BAU,GUA,DWW_DC,,CH4_WASTE,1,2031,,,,,,0.0
EmissionActivityRatio,BAU,GUA,DWW_DC,,CH4_WASTE,1,2032,,,,,,0.0
EmissionActivityRatio,BAU,GUA,DWW_DC,,CH4_WASTE,1,2033,,,,,,0.0
EmissionActivityRatio,BAU,GUA,DWW_DC,,CH4_WASTE,1,2034,,,,,,0.0
EmissionActivityRatio,BAU,GUA,DWW_DC,,CH4_WASTE,1,2035,,,,,,0.0
EmissionActivityRatio,BAU,GUA,DWW_DC,,CH4_WASTE,1,2036,,,,,,0.0
EmissionActivityRatio,BAU,GUA,DWW_DC,,CH4_WASTE,1,2037,,,,,,0.0
EmissionActivityRatio,BAU,GUA,DWW_DC,,CH4_WASTE,1,2038,,,,,,0.0
EmissionActivityRatio,BAU,GUA,DWW_DC,,CH4_WASTE,1,2039,,,,,,0.0
EmissionActivityRatio,BAU,GUA,DWW_DC,,CH4_WASTE,1,2040,,,,,,0.0
EmissionActivityRatio,BAU,GUA,DWW_DC,,CH4_WASTE,1,2041,,,,,,0.0
EmissionActivityRatio,BAU,GUA,DWW_DC,,CH4_WASTE,1,2042,,,,,,0.0
EmissionActivityRatio,BAU,GUA,DWW_DC,,CH4_WASTE,1,2043,,,,,,0.0
EmissionActivityRatio,BAU,GUA,DWW_DC,,CH4_WASTE,1,2044,,,,,,0.0
EmissionActivityRatio,BAU,GUA,DWW_DC,,CH4_WASTE,1,2045,,,,,,0.0
EmissionActivityRatio,BAU,GUA,DWW_DC,,CH4_WASTE,1,2046,,,,,,0.0
EmissionActivityRatio,BAU,GUA,DWW_DC,,CH4_WASTE,1,2047,,,,,,0.0
EmissionActivityRatio,BAU,GUA,DWW_DC,,CH4_WASTE,1,2048,,,,,,0.0
EmissionActivityRatio,BAU,GUA,DWW_DC,,CH4_WASTE,1,2049,,,,,,0.0
EmissionActivityRatio,BAU,GUA,DWW_DC,,CH4_WASTE,1,2050,,,,,,0.0
EmissionActivityRatio,BAU,GUA,DWW_DC,,N2O_WASTE,1,2018,,,,,,0.0
EmissionActivityRatio,BAU,GUA,DWW_DC,,N2O_WASTE,1,2019,,,,,,0.0
EmissionActivityRatio,BAU,GUA,DWW_DC,,N2O_WASTE,1,2020,,,,,,0.0
EmissionActivityRatio,BAU,GUA,DWW_DC,,N2O_WASTE,1,2021,,,,,,0.0
EmissionActivityRatio,BAU,GUA,DWW_DC,,N2O_WASTE,1,2022,,,,,,0.0
EmissionActivityRatio,BAU,GUA,DWW_DC,,N2O_WASTE,1,2023,,,,,,0.0
EmissionActivityRatio,BAU,GUA,DWW_DC,,N2O_WASTE,1,2024,,,,,,0.0
EmissionActivityRatio,BAU,GUA,DWW_DC,,N2O_WASTE,1,2025,,,,,,0.0
EmissionActivityRatio,BAU,GUA,DWW_DC,,N2O_WASTE,1,2026,,,,,,0.0
EmissionActivityRatio,BAU,GUA,DWW_DC,,N2O_WASTE,1,2027,,,,,,0.0
EmissionActivityRatio,BAU,GUA,DWW_DC,,N2O_WASTE,1,2028,,,,,,0.0
EmissionActivityRatio,BAU,GUA,DWW_DC,,N2O_WASTE,1,2029,,,,,,0.0
EmissionActivityRatio,BAU,GUA,DWW_DC,,N2O_WASTE,1,2030,,,,,,0.0
EmissionActivityRatio,BAU,GUA,DWW_DC,,N2O_WASTE,1,2031,,,,,,0.0
EmissionActivityRatio,BAU,GUA,DWW_DC,,N2O_WASTE,1,2032,,,,,,0.0
EmissionActivityRatio,BAU,GUA,DWW_DC,,N2O_WASTE,1,2033,,,,,,0.0
EmissionActivityRatio,BAU,GUA,DWW_DC,,N2O_WASTE,1,2034,,,,,,0.0
EmissionActivityRatio,BAU,GUA,DWW_DC,,N2O_WASTE,1,2035,,,,,,0.0
EmissionActivityRatio,BAU,GUA,DWW_DC,,N2O_WASTE,1,2036,,,,,,0.0
EmissionActivityRatio,BAU,GUA,DWW_DC,,N2O_WASTE,1,2037,,,,,,0.0
EmissionActivityRatio,BAU,GUA,DWW_DC,,N2O_WASTE,1,2038,,,,,,0.0
EmissionActivityRatio,BAU,GUA,DWW_DC,,N2O_WASTE,1,2039,,,,,,0.0
EmissionActivityRatio,BAU,GUA,DWW_DC,,N2O_WASTE,1,2040,,,,,,0.0
EmissionActivityRatio,BAU,GUA,DWW_DC,,N2O_WASTE,1,2041,,,,,,0.0
EmissionActivityRatio,BAU,GUA,DWW_DC,,N2O_WASTE,1,2042,,,,,,0.0
EmissionActivityRatio,BAU,GUA,DWW_DC,,N2O_WASTE,1,2043,,,,,,0.0
EmissionActivityRatio,BAU,GUA,DWW_DC,,N2O_WASTE,1,2044,,,,,,0.0
EmissionActivityRatio,BAU,GUA,DWW_DC,,N2O_WASTE,1,2045,,,,,,0.0
EmissionActivityRatio,BAU,GUA,DWW_DC,,N2O_WASTE,1,2046,,,,,,0.0
EmissionActivityRatio,BAU,GUA,DWW_DC,,N2O_WASTE,1,2047,,,,,,0.0
EmissionActivityRatio,BAU,GUA,DWW_DC,,N2O_WASTE,1,2048,,,,,,0.0
EmissionActivityRatio,BAU,GUA,DWW_DC,,N2O_WASTE,1,2049,,,,,,0.0
EmissionActivityRatio,BAU,GUA,DWW_DC,,N2O_WASTE,1,2050,,,,,,0.0
EmissionActivityRatio,BAU,GUA,DWW_N,,CO2e_WASTE,1,2018,,,,,,0.0021
EmissionActivityRatio,BAU,GUA,DWW_N,,CO2e_WASTE,1,2019,,,,,,0.0021
EmissionActivityRatio,BAU,GUA,DWW_N,,CO2e_WASTE,1,2020,,,,,,0.0021
EmissionActivityRatio,BAU,GUA,DWW_N,,CO2e_WASTE,1,2021,,,,,,0.0021
EmissionActivityRatio,BAU,GUA,DWW_N,,CO2e_WASTE,1,2022,,,,,,0.0021
EmissionActivityRatio,BAU,GUA,DWW_N,,CO2e_WASTE,1,2023,,,,,,0.0021
EmissionActivityRatio,BAU,GUA,DWW_N,,CO2e_WASTE,1,2024,,,,,,0.0021
EmissionActivityRatio,BAU,GUA,DWW_N,,CO2e_WASTE,1,2025,,,,,,0.0021
EmissionActivityRatio,BAU,GUA,DWW_N,,CO2e_WASTE,1,2026,,,,,,0.0021
EmissionActivityRatio,BAU,GUA,DWW_N,,CO2e_WASTE,1,2027,,,,,,0.0021
EmissionActivityRatio,BAU,GUA,DWW_N,,CO2e_WASTE,1,2028,,,,,,0.0021
EmissionActivityRatio,BAU,GUA,DWW_N,,CO2e_WASTE,1,2029,,,,,,0.0021
EmissionActivityRatio,BAU,GUA,DWW_N,,CO2e_WASTE,1,2030,,,,,,0.0021
EmissionActivityRatio,BAU,GUA,DWW_N,,CO2e_WASTE,1,2031,,,,,,0.0021
EmissionActivityRatio,BAU,GUA,DWW_N,,CO2e_WASTE,1,2032,,,,,,0.0021
EmissionActivityRatio,BAU,GUA,DWW_N,,CO2e_WASTE,1,2033,,,,,,0.0021
EmissionActivityRatio,BAU,GUA,DWW_N,,CO2e_WASTE,1,2034,,,,,,0.0021
EmissionActivityRatio,BAU,GUA,DWW_N,,CO2e_WASTE,1,2035,,,,,,0.0021
EmissionActivityRatio,BAU,GUA,DWW_N,,CO2e_WASTE,1,2036,,,,,,0.0021
EmissionActivityRatio,BAU,GUA,DWW_N,,CO2e_WASTE,1,2037,,,,,,0.0021
EmissionActivityRatio,BAU,GUA,DWW_N,,CO2e_WASTE,1,2038,,,,,,0.0021
EmissionActivityRatio,BAU,GUA,DWW_N,,CO2e_WASTE,1,2039,,,,,,0.0021
EmissionActivityRatio,BAU,GUA,DWW_N,,CO2e_WASTE,1,2040,,,,,,0.0021
EmissionActivityRatio,BAU,GUA,DWW_N,,CO2e_WASTE,1,2041,,,,,,0.0021
EmissionActivityRatio,BAU,GUA,DWW_N,,CO2e_WASTE,1,2042,,,,,,0.0021
EmissionActivityRatio,BAU,GUA,DWW_N,,CO2e_WASTE,1,2043,,,,,,0.0021
EmissionActivityRatio,BAU,GUA,DWW_N,,CO2e_WASTE,1,2044,,,,,,0.0021
EmissionActivityRatio,BAU,GUA,DWW_N,,CO2e_WASTE,1,2045,,,,,,0.0021
EmissionActivityRatio,BAU,GUA,DWW_N,,CO2e_WASTE,1,2046,,,,,,0.0021
EmissionActivityRatio,BAU,GUA,DWW_N,,CO2e_WASTE,1,2047,,,,,,0.0021
EmissionActivityRatio,BAU,GUA,DWW_N,,CO2e_WASTE,1,2048,,,,,,0.0021
EmissionActivityRatio,BAU,GUA,DWW_N,,CO2e_WASTE,1,2049,,,,,,0.0021
EmissionActivityRatio,BAU,GUA,DWW_N,,CO2e_WASTE,1,2050,,,,,,0.0021
EmissionActivityRatio,BAU,GUA,DWW_N,,CO2_WASTE,1,2018,,,,,,0.0
EmissionActivityRatio,BAU,GUA,DWW_N,,CO2_WASTE,1,2019,,,,,,0.0
EmissionActivityRatio,BAU,GUA,DWW_N,,CO2_WASTE,1,2020,,,,,,0.0
EmissionActivityRatio,BAU,GUA,DWW_N,,CO2_WASTE,1,2021,,,,,,0.0
EmissionActivityRatio,BAU,GUA,DWW_N,,CO2_WASTE,1,2022,,,,,,0.0
EmissionActivityRatio,BAU,GUA,DWW_N,,CO2_WASTE,1,2023,,,,,,0.0
EmissionActivityRatio,BAU,GUA,DWW_N,,CO2_WASTE,1,2024,,,,,,0.0
EmissionActivityRatio,BAU,GUA,DWW_N,,CO2_WASTE,1,2025,,,,,,0.0
EmissionActivityRatio,BAU,GUA,DWW_N,,CO2_WASTE,1,2026,,,,,,0.0
EmissionActivityRatio,BAU,GUA,DWW_N,,CO2_WASTE,1,2027,,,,,,0.0
EmissionActivityRatio,BAU,GUA,DWW_N,,CO2_WASTE,1,2028,,,,,,0.0
EmissionActivityRatio,BAU,GUA,DWW_N,,CO2_WASTE,1,2029,,,,,,0.0
EmissionActivityRatio,BAU,GUA,DWW_N,,CO2_WASTE,1,2030,,,,,,0.0
EmissionActivityRatio,BAU,GUA,DWW_N,,CO2_WASTE,1,2031,,,,,,0.0
EmissionActivityRatio,BAU,GUA,DWW_N,,CO2_WASTE,1,2032,,,,,,0.0
EmissionActivityRatio,BAU,GUA,DWW_N,,CO2_WASTE,1,2033,,,,,,0.0
EmissionActivityRatio,BAU,GUA,DWW_N,,CO2_WASTE,1,2034,,,,,,0.0
EmissionActivityRatio,BAU,GUA,DWW_N,,CO2_WASTE,1,2035,,,,,,0.0
EmissionActivityRatio,BAU,GUA,DWW_N,,CO2_WASTE,1,2036,,,,,,0.0
EmissionActivityRatio,BAU,GUA,DWW_N,,CO2_WASTE,1,2037,,,,,,0.0
EmissionActivityRatio,BAU,GUA,DWW_N,,CO2_WASTE,1,2038,,,,,,0.0
EmissionActivityRatio,BAU,GUA,DWW_N,,CO2_WASTE,1,2039,,,,,,0.0
EmissionActivityRatio,BAU,GUA,DWW_N,,CO2_WASTE,1,2040,,,,,,0.0
EmissionActivityRatio,BAU,GUA,DWW_N,,CO2_WASTE,1,2041,,,,,,0.0
EmissionActivityRatio,BAU,GUA,DWW_N,,CO2_WASTE,1,2042,,,,,,0.0
EmissionActivityRatio,BAU,GUA,DWW_N,,CO2_WASTE,1,2043,,,,,,0.0
EmissionActivityRatio,BAU,GUA,DWW_N,,CO2_WASTE,1,2044,,,,,,0.0
EmissionActivityRatio,BAU,GUA,DWW_N,,CO2_WASTE,1,2045,,,,,,0.0
EmissionActivityRatio,BAU,GUA,DWW_N,,CO2_WASTE,1,2046,,,,,,0.0
EmissionActivityRatio,BAU,GUA,DWW_N,,CO2_WASTE,1,2047,,,,,,0.0
EmissionActivityRatio,BAU,GUA,DWW_N,,CO2_WASTE,1,2048,,,,,,0.0
EmissionActivityRatio,BAU,GUA,DWW_N,,CO2_WASTE,1,2049,,,,,,0.0
EmissionActivityRatio,BAU,GUA,DWW_N,,CO2_WASTE,1,2050,,,,,,0.0
EmissionActivityRatio,BAU,GUA,DWW_N,,CH4_WASTE,1,2018,,,,,,0.0
EmissionActivityRatio,BAU,GUA,DWW_N,,CH4_WASTE,1,2019,,,,,,0.0
EmissionActivityRatio,BAU,GUA,DWW_N,,CH4_WASTE,1,2020,,,,,,0.0
EmissionActivityRatio,BAU,GUA,DWW_N,,CH4_WASTE,1,2021,,,,,,0.0
EmissionActivityRatio,BAU,GUA,DWW_N,,CH4_WASTE,1,2022,,,,,,0.0
EmissionActivityRatio,BAU,GUA,DWW_N,,CH4_WASTE,1,2023,,,,,,0.0
EmissionActivityRatio,BAU,GUA,DWW_N,,CH4_WASTE,1,2024,,,,,,0.0
EmissionActivityRatio,BAU,GUA,DWW_N,,CH4_WASTE,1,2025,,,,,,0.0
EmissionActivityRatio,BAU,GUA,DWW_N,,CH4_WASTE,1,2026,,,,,,0.0
EmissionActivityRatio,BAU,GUA,DWW_N,,CH4_WASTE,1,2027,,,,,,0.0
EmissionActivityRatio,BAU,GUA,DWW_N,,CH4_WASTE,1,2028,,,,,,0.0
EmissionActivityRatio,BAU,GUA,DWW_N,,CH4_WASTE,1,2029,,,,,,0.0
EmissionActivityRatio,BAU,GUA,DWW_N,,CH4_WASTE,1,2030,,,,,,0.0
EmissionActivityRatio,BAU,GUA,DWW_N,,CH4_WASTE,1,2031,,,,,,0.0
EmissionActivityRatio,BAU,GUA,DWW_N,,CH4_WASTE,1,2032,,,,,,0.0
EmissionActivityRatio,BAU,GUA,DWW_N,,CH4_WASTE,1,2033,,,,,,0.0
EmissionActivityRatio,BAU,GUA,DWW_N,,CH4_WASTE,1,2034,,,,,,0.0
EmissionActivityRatio,BAU,GUA,DWW_N,,CH4_WASTE,1,2035,,,,,,0.0
EmissionActivityRatio,BAU,GUA,DWW_N,,CH4_WASTE,1,2036,,,,,,0.0
EmissionActivityRatio,BAU,GUA,DWW_N,,CH4_WASTE,1,2037,,,,,,0.0
EmissionActivityRatio,BAU,GUA,DWW_N,,CH4_WASTE,1,2038,,,,,,0.0
EmissionActivityRatio,BAU,GUA,DWW_N,,CH4_WASTE,1,2039,,,,,,0.0
EmissionActivityRatio,BAU,GUA,DWW_N,,CH4_WASTE,1,2040,,,,,,0.0
EmissionActivityRatio,BAU,GUA,DWW_N,,CH4_WASTE,1,2041,,,,,,0.0
EmissionActivityRatio,BAU,GUA,DWW_N,,CH4_WASTE,1,2042,,,,,,0.0
EmissionActivityRatio,BAU,GUA,DWW_N,,CH4_WASTE,1,2043,,,,,,0.0
EmissionActivityRatio,BAU,GUA,DWW_N,,CH4_WASTE,1,2044,,,,,,0.0
EmissionActivityRatio,BAU,GUA,DWW_N,,CH4_WASTE,1,2045,,,,,,0.0
EmissionActivityRatio,BAU,GUA,DWW_N,,CH4_WASTE,1,2046,,,,,,0.0
EmissionActivityRatio,BAU,GUA,DWW_N,,CH4_WASTE,1,2047,,,,,,0.0
EmissionActivityRatio,BAU,GUA,DWW_N,,CH4_WASTE,1,2048,,,,,,0.0
EmissionActivityRatio,BAU,GUA,DWW_N,,CH4_WASTE,1,2049,,,,,,0.0
EmissionActivityRatio,BAU,GUA,DWW_N,,CH4_WASTE,1,2050,,,,,,0.0
EmissionActivityRatio,BAU,GUA,DWW_N,,N2O_WASTE,1,2018,,,,,,0.0
EmissionActivityRatio,BAU,GUA,DWW_N,,N2O_WASTE,1,2019,,,,,,0.0
EmissionActivityRatio,BAU,GUA,DWW_N,,N2O_WASTE,1,2020,,,,,,0.0
EmissionActivityRatio,BAU,GUA,DWW_N,,N2O_WASTE,1,2021,,,,,,0.0
EmissionActivityRatio,BAU,GUA,DWW_N,,N2O_WASTE,1,2022,,,,,,0.0
EmissionActivityRatio,BAU,GUA,DWW_N,,N2O_WASTE,1,2023,,,,,,0.0
EmissionActivityRatio,BAU,GUA,DWW_N,,N2O_WASTE,1,2024,,,,,,0.0
EmissionActivityRatio,BAU,GUA,DWW_N,,N2O_WASTE,1,2025,,,,,,0.0
EmissionActivityRatio,BAU,GUA,DWW_N,,N2O_WASTE,1,2026,,,,,,0.0
EmissionActivityRatio,BAU,GUA,DWW_N,,N2O_WASTE,1,2027,,,,,,0.0
EmissionActivityRatio,BAU,GUA,DWW_N,,N2O_WASTE,1,2028,,,,,,0.0
EmissionActivityRatio,BAU,GUA,DWW_N,,N2O_WASTE,1,2029,,,,,,0.0
EmissionActivityRatio,BAU,GUA,DWW_N,,N2O_WASTE,1,2030,,,,,,0.0
EmissionActivityRatio,BAU,GUA,DWW_N,,N2O_WASTE,1,2031,,,,,,0.0
EmissionActivityRatio,BAU,GUA,DWW_N,,N2O_WASTE,1,2032,,,,,,0.0
EmissionActivityRatio,BAU,GUA,DWW_N,,N2O_WASTE,1,2033,,,,,,0.0
EmissionActivityRatio,BAU,GUA,DWW_N,,N2O_WASTE,1,2034,,,,,,0.0
EmissionActivityRatio,BAU,GUA,DWW_N,,N2O_WASTE,1,2035,,,,,,0.0
EmissionActivityRatio,BAU,GUA,DWW_N,,N2O_WASTE,1,2036,,,,,,0.0
EmissionActivityRatio,BAU,GUA,DWW_N,,N2O_WASTE,1,2037,,,,,,0.0
EmissionActivityRatio,BAU,GUA,DWW_N,,N2O_WASTE,1,2038,,,,,,0.0
EmissionActivityRatio,BAU,GUA,DWW_N,,N2O_WASTE,1,2039,,,,,,0.0
EmissionActivityRatio,BAU,GUA,DWW_N,,N2O_WASTE,1,2040,,,,,,0.0
EmissionActivityRatio,BAU,GUA,DWW_N,,N2O_WASTE,1,2041,,,,,,0.0
EmissionActivityRatio,BAU,GUA,DWW_N,,N2O_WASTE,1,2042,,,,,,0.0
EmissionActivityRatio,BAU,GUA,DWW_N,,N2O_WASTE,1,2043,,,,,,0.0
EmissionActivityRatio,BAU,GUA,DWW_N,,N2O_WASTE,1,2044,,,,,,0.0
EmissionActivityRatio,BAU,GUA,DWW_N,,N2O_WASTE,1,2045,,,,,,0.0
EmissionActivityRatio,BAU,GUA,DWW_N,,N2O_WASTE,1,2046,,,,,,0.0
EmissionActivityRatio,BAU,GUA,DWW_N,,N2O_WASTE,1,2047,,,,,,0.0
EmissionActivityRatio,BAU,GUA,DWW_N,,N2O_WASTE,1,2048,,,,,,0.0
EmissionActivityRatio,BAU,GUA,DWW_N,,N2O_WASTE,1,2049,,,,,,0.0
EmissionActivityRatio,BAU,GUA,DWW_N,,N2O_WASTE,1,2050,,,,,,0.0
EmissionActivityRatio,BAU,GUA,IWW,,CO2e_WASTE,1,2018,,,,,,0.0027
EmissionActivityRatio,BAU,GUA,IWW,,CO2e_WASTE,1,2019,,,,,,0.0027
EmissionActivityRatio,BAU,GUA,IWW,,CO2e_WASTE,1,2020,,,,,,0.0027
EmissionActivityRatio,BAU,GUA,IWW,,CO2e_WASTE,1,2021,,,,,,0.0027
EmissionActivityRatio,BAU,GUA,IWW,,CO2e_WASTE,1,2022,,,,,,0.0027
EmissionActivityRatio,BAU,GUA,IWW,,CO2e_WASTE,1,2023,,,,,,0.0027
EmissionActivityRatio,BAU,GUA,IWW,,CO2e_WASTE,1,2024,,,,,,0.0027
EmissionActivityRatio,BAU,GUA,IWW,,CO2e_WASTE,1,2025,,,,,,0.0027
EmissionActivityRatio,BAU,GUA,IWW,,CO2e_WASTE,1,2026,,,,,,0.0027
EmissionActivityRatio,BAU,GUA,IWW,,CO2e_WASTE,1,2027,,,,,,0.0027
EmissionActivityRatio,BAU,GUA,IWW,,CO2e_WASTE,1,2028,,,,,,0.0027
EmissionActivityRatio,BAU,GUA,IWW,,CO2e_WASTE,1,2029,,,,,,0.0027
EmissionActivityRatio,BAU,GUA,IWW,,CO2e_WASTE,1,2030,,,,,,0.0027
EmissionActivityRatio,BAU,GUA,IWW,,CO2e_WASTE,1,2031,,,,,,0.0027
EmissionActivityRatio,BAU,GUA,IWW,,CO2e_WASTE,1,2032,,,,,,0.0027
EmissionActivityRatio,BAU,GUA,IWW,,CO2e_WASTE,1,2033,,,,,,0.0027
EmissionActivityRatio,BAU,GUA,IWW,,CO2e_WASTE,1,2034,,,,,,0.0027
EmissionActivityRatio,BAU,GUA,IWW,,CO2e_WASTE,1,2035,,,,,,0.0027
EmissionActivityRatio,BAU,GUA,IWW,,CO2e_WASTE,1,2036,,,,,,0.0027
EmissionActivityRatio,BAU,GUA,IWW,,CO2e_WASTE,1,2037,,,,,,0.0027
EmissionActivityRatio,BAU,GUA,IWW,,CO2e_WASTE,1,2038,,,,,,0.0027
EmissionActivityRatio,BAU,GUA,IWW,,CO2e_WASTE,1,2039,,,,,,0.0027
EmissionActivityRatio,BAU,GUA,IWW,,CO2e_WASTE,1,2040,,,,,,0.0027
EmissionActivityRatio,BAU,GUA,IWW,,CO2e_WASTE,1,2041,,,,,,0.0027
EmissionActivityRatio,BAU,GUA,IWW,,CO2e_WASTE,1,2042,,,,,,0.0027
EmissionActivityRatio,BAU,GUA,IWW,,CO2e_WASTE,1,2043,,,,,,0.0027
EmissionActivityRatio,BAU,GUA,IWW,,CO2e_WASTE,1,2044,,,,,,0.0027
EmissionActivityRatio,BAU,GUA,IWW,,CO2e_WASTE,1,2045,,,,,,0.0027
EmissionActivityRatio,BAU,GUA,IWW,,CO2e_WASTE,1,2046,,,,,,0.0027
EmissionActivityRatio,BAU,GUA,IWW,,CO2e_WASTE,1,2047,,,,,,0.0027
EmissionActivityRatio,BAU,GUA,IWW,,CO2e_WASTE,1,2048,,,,,,0.0027
EmissionActivityRatio,BAU,GUA,IWW,,CO2e_WASTE,1,2049,,,,,,0.0027
EmissionActivityRatio,BAU,GUA,IWW,,CO2e_WASTE,1,2050,,,,,,0.0027
EmissionActivityRatio,BAU,GUA,IWW,,CO2_WASTE,1,2018,,,,,,0.0
EmissionActivityRatio,BAU,GUA,IWW,,CO2_WASTE,1,2019,,,,,,0.0
EmissionActivityRatio,BAU,GUA,IWW,,CO2_WASTE,1,2020,,,,,,0.0
EmissionActivityRatio,BAU,GUA,IWW,,CO2_WASTE,1,2021,,,,,,0.0
EmissionActivityRatio,BAU,GUA,IWW,,CO2_WASTE,1,2022,,,,,,0.0
EmissionActivityRatio,BAU,GUA,IWW,,CO2_WASTE,1,2023,,,,,,0.0
EmissionActivityRatio,BAU,GUA,IWW,,CO2_WASTE,1,2024,,,,,,0.0
EmissionActivityRatio,BAU,GUA,IWW,,CO2_WASTE,1,2025,,,,,,0.0
EmissionActivityRatio,BAU,GUA,IWW,,CO2_WASTE,1,2026,,,,,,0.0
EmissionActivityRatio,BAU,GUA,IWW,,CO2_WASTE,1,2027,,,,,,0.0
EmissionActivityRatio,BAU,GUA,IWW,,CO2_WASTE,1,2028,,,,,,0.0
EmissionActivityRatio,BAU,GUA,IWW,,CO2_WASTE,1,2029,,,,,,0.0
EmissionActivityRatio,BAU,GUA,IWW,,CO2_WASTE,1,2030,,,,,,0.0
EmissionActivityRatio,BAU,GUA,IWW,,CO2_WASTE,1,2031,,,,,,0.0
EmissionActivityRatio,BAU,GUA,IWW,,CO2_WASTE,1,2032,,,,,,0.0
EmissionActivityRatio,BAU,GUA,IWW,,CO2_WASTE,1,2033,,,,,,0.0
EmissionActivityRatio,BAU,GUA,IWW,,CO2_WASTE,1,2034,,,,,,0.0
EmissionActivityRatio,BAU,GUA,IWW,,CO2_WASTE,1,2035,,,,,,0.0
EmissionActivityRatio,BAU,GUA,IWW,,CO2_WASTE,1,2036,,,,,,0.0
EmissionActivityRatio,BAU,GUA,IWW,,CO2_WASTE,1,2037,,,,,,0.0
EmissionActivityRatio,BAU,GUA,IWW,,CO2_WASTE,1,2038,,,,,,0.0
EmissionActivityRatio,BAU,GUA,IWW,,CO2_WASTE,1,2039,,,,,,0.0
EmissionActivityRatio,BAU,GUA,IWW,,CO2_WASTE,1,2040,,,,,,0.0
EmissionActivityRatio,BAU,GUA,IWW,,CO2_WASTE,1,2041,,,,,,0.0
EmissionActivityRatio,BAU,GUA,IWW,,CO2_WASTE,1,2042,,,,,,0.0
EmissionActivityRatio,BAU,GUA,IWW,,CO2_WASTE,1,2043,,,,,,0.0
EmissionActivityRatio,BAU,GUA,IWW,,CO2_WASTE,1,2044,,,,,,0.0
EmissionActivityRatio,BAU,GUA,IWW,,CO2_WASTE,1,2045,,,,,,0.0
EmissionActivityRatio,BAU,GUA,IWW,,CO2_WASTE,1,2046,,,,,,0.0
EmissionActivityRatio,BAU,GUA,IWW,,CO2_WASTE,1,2047,,,,,,0.0
EmissionActivityRatio,BAU,GUA,IWW,,CO2_WASTE,1,2048,,,,,,0.0
EmissionActivityRatio,BAU,GUA,IWW,,CO2_WASTE,1,2049,,,,,,0.0
EmissionActivityRatio,BAU,GUA,IWW,,CO2_WASTE,1,2050,,,,,,0.0
EmissionActivityRatio,BAU,GUA,IWW,,CH4_WASTE,1,2018,,,,,,0.0
EmissionActivityRatio,BAU,GUA,IWW,,CH4_WASTE,1,2019,,,,,,0.0
EmissionActivityRatio,BAU,GUA,IWW,,CH4_WASTE,1,2020,,,,,,0.0
EmissionActivityRatio,BAU,GUA,IWW,,CH4_WASTE,1,2021,,,,,,0.0
EmissionActivityRatio,BAU,GUA,IWW,,CH4_WASTE,1,2022,,,,,,0.0
EmissionActivityRatio,BAU,GUA,IWW,,CH4_WASTE,1,2023,,,,,,0.0
EmissionActivityRatio,BAU,GUA,IWW,,CH4_WASTE,1,2024,,,,,,0.0
EmissionActivityRatio,BAU,GUA,IWW,,CH4_WASTE,1,2025,,,,,,0.0
EmissionActivityRatio,BAU,GUA,IWW,,CH4_WASTE,1,2026,,,,,,0.0
EmissionActivityRatio,BAU,GUA,IWW,,CH4_WASTE,1,2027,,,,,,0.0
EmissionActivityRatio,BAU,GUA,IWW,,CH4_WASTE,1,2028,,,,,,0.0
EmissionActivityRatio,BAU,GUA,IWW,,CH4_WASTE,1,2029,,,,,,0.0
EmissionActivityRatio,BAU,GUA,IWW,,CH4_WASTE,1,2030,,,,,,0.0
EmissionActivityRatio,BAU,GUA,IWW,,CH4_WASTE,1,2031,,,,,,0.0
EmissionActivityRatio,BAU,GUA,IWW,,CH4_WASTE,1,2032,,,,,,0.0
EmissionActivityRatio,BAU,GUA,IWW,,CH4_WASTE,1,2033,,,,,,0.0
EmissionActivityRatio,BAU,GUA,IWW,,CH4_WASTE,1,2034,,,,,,0.0
EmissionActivityRatio,BAU,GUA,IWW,,CH4_WASTE,1,2035,,,,,,0.0
EmissionActivityRatio,BAU,GUA,IWW,,CH4_WASTE,1,2036,,,,,,0.0
EmissionActivityRatio,BAU,GUA,IWW,,CH4_WASTE,1,2037,,,,,,0.0
EmissionActivityRatio,BAU,GUA,IWW,,CH4_WASTE,1,2038,,,,,,0.0
EmissionActivityRatio,BAU,GUA,IWW,,CH4_WASTE,1,2039,,,,,,0.0
EmissionActivityRatio,BAU,GUA,IWW,,CH4_WASTE,1,2040,,,,,,0.0
EmissionActivityRatio,BAU,GUA,IWW,,CH4_WASTE,1,2041,,,,,,0.0
EmissionActivityRatio,BAU,GUA,IWW,,CH4_WASTE,1,2042,,,,,,0.0
EmissionActivityRatio,BAU,GUA,IWW,,CH4_WASTE,1,2043,,,,,,0.0
EmissionActivityRatio,BAU,GUA,IWW,,CH4_WASTE,1,2044,,,,,,0.0
EmissionActivityRatio,BAU,GUA,IWW,,CH4_WASTE,1,2045,,,,,,0.0
EmissionActivityRatio,BAU,GUA,IWW,,CH4_WASTE,1,2046,,,,,,0.0
EmissionActivityRatio,BAU,GUA,IWW,,CH4_WASTE,1,2047,,,,,,0.0
EmissionActivityRatio,BAU,GUA,IWW,,CH4_WASTE,1,2048,,,,,,0.0
EmissionActivityRatio,BAU,GUA,IWW,,CH4_WASTE,1,2049,,,,,,0.0
EmissionActivityRatio,BAU,GUA,IWW,,CH4_WASTE,1,2050,,,,,,0.0
EmissionActivityRatio,BAU,GUA,IWW,,N2O_WASTE,1,2018,,,,,,0.0
EmissionActivityRatio,BAU,GUA,IWW,,N2O_WASTE,1,2019,,,,,,0.0
EmissionActivityRatio,BAU,GUA,IWW,,N2O_WASTE,1,2020,,,,,,0.0
EmissionActivityRatio,BAU,GUA,IWW,,N2O_WASTE,1,2021,,,,,,0.0
EmissionActivityRatio,BAU,GUA,IWW,,N2O_WASTE,1,2022,,,,,,0.0
EmissionActivityRatio,BAU,GUA,IWW,,N2O_WASTE,1,2023,,,,,,0.0
EmissionActivityRatio,BAU,GUA,IWW,,N2O_WASTE,1,2024,,,,,,0.0
EmissionActivityRatio,BAU,GUA,IWW,,N2O_WASTE,1,2025,,,,,,0.0
EmissionActivityRatio,BAU,GUA,IWW,,N2O_WASTE,1,2026,,,,,,0.0
EmissionActivityRatio,BAU,GUA,IWW,,N2O_WASTE,1,2027,,,,,,0.0
EmissionActivityRatio,BAU,GUA,IWW,,N2O_WASTE,1,2028,,,,,,0.0
EmissionActivityRatio,BAU,GUA,IWW,,N2O_WASTE,1,2029,,,,,,0.0
EmissionActivityRatio,BAU,GUA,IWW,,N2O_WASTE,1,2030,,,,,,0.0
EmissionActivityRatio,BAU,GUA,IWW,,N2O_WASTE,1,2031,,,,,,0.0
EmissionActivityRatio,BAU,GUA,IWW,,N2O_WASTE,1,2032,,,,,,0.0
EmissionActivityRatio,BAU,GUA,IWW,,N2O_WASTE,1,2033,,,,,,0.0
EmissionActivityRatio,BAU,GUA,IWW,,N2O_WASTE,1,2034,,,,,,0.0
EmissionActivityRatio,BAU,GUA,IWW,,N2O_WASTE,1,2035,,,,,,0.0
EmissionActivityRatio,BAU,GUA,IWW,,N2O_WASTE,1,2036,,,,,,0.0
EmissionActivityRatio,BAU,GUA,IWW,,N2O_WASTE,1,2037,,,,,,0.0
EmissionActivityRatio,BAU,GUA,IWW,,N2O_WASTE,1,2038,,,,,,0.0
EmissionActivityRatio,BAU,GUA,IWW,,N2O_WASTE,1,2039,,,,,,0.0
EmissionActivityRatio,BAU,GUA,IWW,,N2O_WASTE,1,2040,,,,,,0.0
EmissionActivityRatio,BAU,GUA,IWW,,N2O_WASTE,1,2041,,,,,,0.0
EmissionActivityRatio,BAU,GUA,IWW,,N2O_WASTE,1,2042,,,,,,0.0
EmissionActivityRatio,BAU,GUA,IWW,,N2O_WASTE,1,2043,,,,,,0.0
EmissionActivityRatio,BAU,GUA,IWW,,N2O_WASTE,1,2044,,,,,,0.0
EmissionActivityRatio,BAU,GUA,IWW,,N2O_WASTE,1,2045,,,,,,0.0
EmissionActivityRatio,BAU,GUA,IWW,,N2O_WASTE,1,2046,,,,,,0.0
EmissionActivityRatio,BAU,GUA,IWW,,N2O_WASTE,1,2047,,,,,,0.0
EmissionActivityRatio,BAU,GUA,IWW,,N2O_WASTE,1,2048,,,,,,0.0
EmissionActivityRatio,BAU,GUA,IWW,,N2O_WASTE,1,2049,,,,,,0.0
EmissionActivityRatio,BAU,GUA,IWW,,N2O_WASTE,1,2050,,,,,,0.0
EmissionActivityRatio,BAU,GUA,SIT_CLAN,,salud_residuos,1,2018,,,,,,1.0
EmissionActivityRatio,BAU,GUA,SIT_CLAN,,salud_residuos,1,2019,,,,,,1.0
EmissionActivityRatio,BAU,GUA,SIT_CLAN,,salud_residuos,1,2020,,,,,,1.0
EmissionActivityRatio,BAU,GUA,SIT_CLAN,,salud_residuos,1,2021,,,,,,1.0
EmissionActivityRatio,BAU,GUA,SIT_CLAN,,salud_residuos,1,2022,,,,,,1.0
EmissionActivityRatio,BAU,GUA,SIT_CLAN,,salud_residuos,1,2023,,,,,,1.0
EmissionActivityRatio,BAU,GUA,SIT_CLAN,,salud_residuos,1,2024,,,,,,1.0
EmissionActivityRatio,BAU,GUA,SIT_CLAN,,salud_residuos,1,2025,,,,,,1.0
EmissionActivityRatio,BAU,GUA,SIT_CLAN,,salud_residuos,1,2026,,,,,,1.0
EmissionActivityRatio,BAU,GUA,SIT_CLAN,,salud_residuos,1,2027,,,,,,1.0
EmissionActivityRatio,BAU,GUA,SIT_CLAN,,salud_residuos,1,2028,,,,,,1.0
EmissionActivityRatio,BAU,GUA,SIT_CLAN,,salud_residuos,1,2029,,,,,,1.0
EmissionActivityRatio,BAU,GUA,SIT_CLAN,,salud_residuos,1,2030,,,,,,1.0
EmissionActivityRatio,BAU,GUA,SIT_CLAN,,salud_residuos,1,2031,,,,,,1.0
EmissionActivityRatio,BAU,GUA,SIT_CLAN,,salud_residuos,1,2032,,,,,,1.0
EmissionActivityRatio,BAU,GUA,SIT_CLAN,,salud_residuos,1,2033,,,,,,1.0
EmissionActivityRatio,BAU,GUA,SIT_CLAN,,salud_residuos,1,2034,,,,,,1.0
EmissionActivityRatio,BAU,GUA,SIT_CLAN,,salud_residuos,1,2035,,,,,,1.0
EmissionActivityRatio,BAU,GUA,SIT_CLAN,,salud_residuos,1,2036,,,,,,1.0
EmissionActivityRatio,BAU,GUA,SIT_CLAN,,salud_residuos,1,2037,,,,,,1.0
EmissionActivityRatio,BAU,GUA,SIT_CLAN,,salud_residuos,1,2038,,,,,,1.0
EmissionActivityRatio,BAU,GUA,SIT_CLAN,,salud_residuos,1,2039,,,,,,1.0
EmissionActivityRatio,BAU,GUA,SIT_CLAN,,salud_residuos,1,2040,,,,,,1.0
EmissionActivityRatio,BAU,GUA,SIT_CLAN,,salud_residuos,1,2041,,,,,,1.0
EmissionActivityRatio,BAU,GUA,SIT_CLAN,,salud_residuos,1,2042,,,,,,1.0
EmissionActivityRatio,BAU,GUA,SIT_CLAN,,salud_residuos,1,2043,,,,,,1.0
EmissionActivityRatio,BAU,GUA,SIT_CLAN,,salud_residuos,1,2044,,,,,,1.0
EmissionActivityRatio,BAU,GUA,SIT_CLAN,,salud_residuos,1,2045,,,,,,1.0
EmissionActivityRatio,BAU,GUA,SIT_CLAN,,salud_residuos,1,2046,,,,,,1.0
EmissionActivityRatio,BAU,GUA,SIT_CLAN,,salud_residuos,1,2047,,,,,,1.0
EmissionActivityRatio,BAU,GUA,SIT_CLAN,,salud_residuos,1,2048,,,,,,1.0
EmissionActivityRatio,BAU,GUA,SIT_CLAN,,salud_residuos,1,2049,,,,,,1.0
EmissionActivityRatio,BAU,GUA,SIT_CLAN,,salud_residuos,1,2050,,,,,,1.0
EmissionActivityRatio,BAU,GUA,OPEN_BURN,,salud_residuos,1,2018,,,,,,1.0
EmissionActivityRatio,BAU,GUA,OPEN_BURN,,salud_residuos,1,2019,,,,,,1.0
EmissionActivityRatio,BAU,GUA,OPEN_BURN,,salud_residuos,1,2020,,,,,,1.0
EmissionActivityRatio,BAU,GUA,OPEN_BURN,,salud_residuos,1,2021,,,,,,1.0
EmissionActivityRatio,BAU,GUA,OPEN_BURN,,salud_residuos,1,2022,,,,,,1.0
EmissionActivityRatio,BAU,GUA,OPEN_BURN,,salud_residuos,1,2023,,,,,,1.0
EmissionActivityRatio,BAU,GUA,OPEN_BURN,,salud_residuos,1,2024,,,,,,1.0
EmissionActivityRatio,BAU,GUA,OPEN_BURN,,salud_residuos,1,2025,,,,,,1.0
EmissionActivityRatio,BAU,GUA,OPEN_BURN,,salud_residuos,1,2026,,,,,,1.0
EmissionActivityRatio,BAU,GUA,OPEN_BURN,,salud_residuos,1,2027,,,,,,1.0
EmissionActivityRatio,BAU,GUA,OPEN_BURN,,salud_residuos,1,2028,,,,,,1.0
EmissionActivityRatio,BAU,GUA,OPEN_BURN,,salud_residuos,1,2029,,,,,,1.0
EmissionActivityRatio,BAU,GUA,OPEN_BURN,,salud_residuos,1,2030,,,,,,1.0
EmissionActivityRatio,BAU,GUA,OPEN_BURN,,salud_residuos,1,2031,,,,,,1.0
EmissionActivityRatio,BAU,GUA,OPEN_BURN,,salud_residuos,1,2032,,,,,,1.0
EmissionActivityRatio,BAU,GUA,OPEN_BURN,,salud_residuos,1,2033,,,,,,1.0
EmissionActivityRatio,BAU,GUA,OPEN_BURN,,salud_residuos,1,2034,,,,,,1.0
EmissionActivityRatio,BAU,GUA,OPEN_BURN,,salud_residuos,1,2035,,,,,,1.0
EmissionActivityRatio,BAU,GUA,OPEN_BURN,,salud_residuos,1,2036,,,,,,1.0
EmissionActivityRatio,BAU,GUA,OPEN_BURN,,salud_residuos,1,2037,,,,,,1.0
EmissionActivityRatio,BAU,GUA,OPEN_BURN,,salud_residuos,1,2038,,,,,,1.0
EmissionActivityRatio,BAU,GUA,OPEN_BURN,,salud_residuos,1,2039,,,,,,1.0
EmissionActivityRatio,BAU,GUA,OPEN_BURN,,salud_residuos,1,2040,,,,,,1.0
EmissionActivityRatio,BAU,GUA,OPEN_BURN,,salud_residuos,1,2041,,,,,,1.0
EmissionActivityRatio,BAU,GUA,OPEN_BURN,,salud_residuos,1,2042,,,,,,1.0
EmissionActivityRatio,BAU,GUA,OPEN_BURN,,salud_residuos,1,2043,,,,,,1.0
EmissionActivityRatio,BAU,GUA,OPEN_BURN,,salud_residuos,1,2044,,,,,,1.0
EmissionActivityRatio,BAU,GUA,OPEN_BURN,,salud_residuos,1,2045,,,,,,1.0
EmissionActivityRatio,BAU,GUA,OPEN_BURN,,salud_residuos,1,2046,,,,,,1.0
EmissionActivityRatio,BAU,GUA,OPEN_BURN,,salud_residuos,1,2047,,,,,,1.0
EmissionActivityRatio,BAU,GUA,OPEN_BURN,,salud_residuos,1,2048,,,,,,1.0
EmissionActivityRatio,BAU,GUA,OPEN_BURN,,salud_residuos,1,2049,,,,,,1.0
EmissionActivityRatio,BAU,GUA,OPEN_BURN,,salud_residuos,1,2050,,,,,,1.0
EmissionActivityRatio,BAU,GUA,NO_CONTR_OD,,salud_residuos,1,2018,,,,,,1.0
EmissionActivityRatio,BAU,GUA,NO_CONTR_OD,,salud_residuos,1,2019,,,,,,1.0
EmissionActivityRatio,BAU,GUA,NO_CONTR_OD,,salud_residuos,1,2020,,,,,,1.0
EmissionActivityRatio,BAU,GUA,NO_CONTR_OD,,salud_residuos,1,2021,,,,,,1.0
EmissionActivityRatio,BAU,GUA,NO_CONTR_OD,,salud_residuos,1,2022,,,,,,1.0
EmissionActivityRatio,BAU,GUA,NO_CONTR_OD,,salud_residuos,1,2023,,,,,,1.0
EmissionActivityRatio,BAU,GUA,NO_CONTR_OD,,salud_residuos,1,2024,,,,,,1.0
EmissionActivityRatio,BAU,GUA,NO_CONTR_OD,,salud_residuos,1,2025,,,,,,1.0
EmissionActivityRatio,BAU,GUA,NO_CONTR_OD,,salud_residuos,1,2026,,,,,,1.0
EmissionActivityRatio,BAU,GUA,NO_CONTR_OD,,salud_residuos,1,2027,,,,,,1.0
EmissionActivityRatio,BAU,GUA,NO_CONTR_OD,,salud_residuos,1,2028,,,,,,1.0
EmissionActivityRatio,BAU,GUA,NO_CONTR_OD,,salud_residuos,1,2029,,,,,,1.0
EmissionActivityRatio,BAU,GUA,NO_CONTR_OD,,salud_residuos,1,2030,,,,,,1.0
EmissionActivityRatio,BAU,GUA,NO_CONTR_OD,,salud_residuos,1,2031,,,,,,1.0
EmissionActivityRatio,BAU,GUA,NO_CONTR_OD,,salud_residuos,1,2032,,,,,,1.0
EmissionActivityRatio,BAU,GUA,NO_CONTR_OD,,salud_residuos,1,2033,,,,,,1.0
EmissionActivityRatio,BAU,GUA,NO_CONTR_OD,,salud_residuos,1,2034,,,,,,1.0
EmissionActivityRatio,BAU,GUA,NO_CONTR_OD,,salud_residuos,1,2035,,,,,,1.0
EmissionActivityRatio,BAU,GUA,NO_CONTR_OD,,salud_residuos,1,2036,,,,,,1.0
EmissionActivityRatio,BAU,GUA,NO_CONTR_OD,,salud_residuos,1,2037,,,,,,1.0
EmissionActivityRatio,BAU,GUA,NO_CONTR_OD,,salud_residuos,1,2038,,,,,,1.0
EmissionActivityRatio,BAU,GUA,NO_CONTR_OD,,salud_residuos,1,2039,,,,,,1.0
EmissionActivityRatio,BAU,GUA,NO_CONTR_OD,,salud_residuos,1,2040,,,,,,1.0
EmissionActivityRatio,BAU,GUA,NO_CONTR_OD,,salud_residuos,1,2041,,,,,,1.0
EmissionActivityRatio,BAU,GUA,NO_CONTR_OD,,salud_residuos,1,2042,,,,,,1.0
EmissionActivityRatio,BAU,GUA,NO_CONTR_OD,,salud_residuos,1,2043,,,,,,1.0
EmissionActivityRatio,BAU,GUA,NO_CONTR_OD,,salud_residuos,1,2044,,,,,,1.0
EmissionActivityRatio,BAU,GUA,NO_CONTR_OD,,salud_residuos,1,2045,,,,,,1.0
EmissionActivityRatio,BAU,GUA,NO_CONTR_OD,,salud_residuos,1,2046,,,,,,1.0
EmissionActivityRatio,BAU,GUA,NO_CONTR_OD,,salud_residuos,1,2047,,,,,,1.0
EmissionActivityRatio,BAU,GUA,NO_CONTR_OD,,salud_residuos,1,2048,,,,,,1.0
EmissionActivityRatio,BAU,GUA,NO_CONTR_OD,,salud_residuos,1,2049,,,,,,1.0
EmissionActivityRatio,BAU,GUA,NO_CONTR_OD,,salud_residuos,1,2050,,,,,,1.0
EmissionActivityRatio,BAU,GUA,SIT_CLAN,,contam_agua,1,2018,,,,,,1.0
EmissionActivityRatio,BAU,GUA,SIT_CLAN,,contam_agua,1,2019,,,,,,1.0
EmissionActivityRatio,BAU,GUA,SIT_CLAN,,contam_agua,1,2020,,,,,,1.0
EmissionActivityRatio,BAU,GUA,SIT_CLAN,,contam_agua,1,2021,,,,,,1.0
EmissionActivityRatio,BAU,GUA,SIT_CLAN,,contam_agua,1,2022,,,,,,1.0
EmissionActivityRatio,BAU,GUA,SIT_CLAN,,contam_agua,1,2023,,,,,,1.0
EmissionActivityRatio,BAU,GUA,SIT_CLAN,,contam_agua,1,2024,,,,,,1.0
EmissionActivityRatio,BAU,GUA,SIT_CLAN,,contam_agua,1,2025,,,,,,1.0
EmissionActivityRatio,BAU,GUA,SIT_CLAN,,contam_agua,1,2026,,,,,,1.0
EmissionActivityRatio,BAU,GUA,SIT_CLAN,,contam_agua,1,2027,,,,,,1.0
EmissionActivityRatio,BAU,GUA,SIT_CLAN,,contam_agua,1,2028,,,,,,1.0
EmissionActivityRatio,BAU,GUA,SIT_CLAN,,contam_agua,1,2029,,,,,,1.0
EmissionActivityRatio,BAU,GUA,SIT_CLAN,,contam_agua,1,2030,,,,,,1.0
EmissionActivityRatio,BAU,GUA,SIT_CLAN,,contam_agua,1,2031,,,,,,1.0
EmissionActivityRatio,BAU,GUA,SIT_CLAN,,contam_agua,1,2032,,,,,,1.0
EmissionActivityRatio,BAU,GUA,SIT_CLAN,,contam_agua,1,2033,,,,,,1.0
EmissionActivityRatio,BAU,GUA,SIT_CLAN,,contam_agua,1,2034,,,,,,1.0
EmissionActivityRatio,BAU,GUA,SIT_CLAN,,contam_agua,1,2035,,,,,,1.0
EmissionActivityRatio,BAU,GUA,SIT_CLAN,,contam_agua,1,2036,,,,,,1.0
EmissionActivityRatio,BAU,GUA,SIT_CLAN,,contam_agua,1,2037,,,,,,1.0
EmissionActivityRatio,BAU,GUA,SIT_CLAN,,contam_agua,1,2038,,,,,,1.0
EmissionActivityRatio,BAU,GUA,SIT_CLAN,,contam_agua,1,2039,,,,,,1.0
EmissionActivityRatio,BAU,GUA,SIT_CLAN,,contam_agua,1,2040,,,,,,1.0
EmissionActivityRatio,BAU,GUA,SIT_CLAN,,contam_agua,1,2041,,,,,,1.0
EmissionActivityRatio,BAU,GUA,SIT_CLAN,,contam_agua,1,2042,,,,,,1.0
EmissionActivityRatio,BAU,GUA,SIT_CLAN,,contam_agua,1,2043,,,,,,1.0
EmissionActivityRatio,BAU,GUA,SIT_CLAN,,contam_agua,1,2044,,,,,,1.0
EmissionActivityRatio,BAU,GUA,SIT_CLAN,,contam_agua,1,2045,,,,,,1.0
EmissionActivityRatio,BAU,GUA,SIT_CLAN,,contam_agua,1,2046,,,,,,1.0
EmissionActivityRatio,BAU,GUA,SIT_CLAN,,contam_agua,1,2047,,,,,,1.0
EmissionActivityRatio,BAU,GUA,SIT_CLAN,,contam_agua,1,2048,,,,,,1.0
EmissionActivityRatio,BAU,GUA,SIT_CLAN,,contam_agua,1,2049,,,,,,1.0
EmissionActivityRatio,BAU,GUA,SIT_CLAN,,contam_agua,1,2050,,,,,,1.0
EmissionActivityRatio,BAU,GUA,NO_CONTR_OD,,contam_agua,1,2018,,,,,,1.0
EmissionActivityRatio,BAU,GUA,NO_CONTR_OD,,contam_agua,1,2019,,,,,,1.0
EmissionActivityRatio,BAU,GUA,NO_CONTR_OD,,contam_agua,1,2020,,,,,,1.0
EmissionActivityRatio,BAU,GUA,NO_CONTR_OD,,contam_agua,1,2021,,,,,,1.0
EmissionActivityRatio,BAU,GUA,NO_CONTR_OD,,contam_agua,1,2022,,,,,,1.0
EmissionActivityRatio,BAU,GUA,NO_CONTR_OD,,contam_agua,1,2023,,,,,,1.0
EmissionActivityRatio,BAU,GUA,NO_CONTR_OD,,contam_agua,1,2024,,,,,,1.0
EmissionActivityRatio,BAU,GUA,NO_CONTR_OD,,contam_agua,1,2025,,,,,,1.0
EmissionActivityRatio,BAU,GUA,NO_CONTR_OD,,contam_agua,1,2026,,,,,,1.0
EmissionActivityRatio,BAU,GUA,NO_CONTR_OD,,contam_agua,1,2027,,,,,,1.0
EmissionActivityRatio,BAU,GUA,NO_CONTR_OD,,contam_agua,1,2028,,,,,,1.0
EmissionActivityRatio,BAU,GUA,NO_CONTR_OD,,contam_agua,1,2029,,,,,,1.0
EmissionActivityRatio,BAU,GUA,NO_CONTR_OD,,contam_agua,1,2030,,,,,,1.0
EmissionActivityRatio,BAU,GUA,NO_CONTR_OD,,contam_agua,1,2031,,,,,,1.0
EmissionActivityRatio,BAU,GUA,NO_CONTR_OD,,contam_agua,1,2032,,,,,,1.0
EmissionActivityRatio,BAU,GUA,NO_CONTR_OD,,contam_agua,1,2033,,,,,,1.0
EmissionActivityRatio,BAU,GUA,NO_CONTR_OD,,contam_agua,1,2034,,,,,,1.0
EmissionActivityRatio,BAU,GUA,NO_CONTR_OD,,contam_agua,1,2035,,,,,,1.0
EmissionActivityRatio,BAU,GUA,NO_CONTR_OD,,contam_agua,1,2036,,,,,,1.0
EmissionActivityRatio,BAU,GUA,NO_CONTR_OD,,contam_agua,1,2037,,,,,,1.0
EmissionActivityRatio,BAU,GUA,NO_CONTR_OD,,contam_agua,1,2038,,,,,,1.0
EmissionActivityRatio,BAU,GUA,NO_CONTR_OD,,contam_agua,1,2039,,,,,,1.0
EmissionActivityRatio,BAU,GUA,NO_CONTR_OD,,contam_agua,1,2040,,,,,,1.0
EmissionActivityRatio,BAU,GUA,NO_CONTR_OD,,contam_agua,1,2041,,,,,,1.0
EmissionActivityRatio,BAU,GUA,NO_CONTR_OD,,contam_agua,1,2042,,,,,,1.0
EmissionActivityRatio,BAU,GUA,NO_CONTR_OD,,contam_agua,1,2043,,,,,,1.0
EmissionActivityRatio,BAU,GUA,NO_CONTR_OD,,contam_agua,1,2044,,,,,,1.0
EmissionActivityRatio,BAU,GUA,NO_CONTR_OD,,contam_agua,1,2045,,,,,,1.0
EmissionActivityRatio,BAU,GUA,NO_CONTR_OD,,contam_agua,1,2046,,,,,,1.0
EmissionActivityRatio,BAU,GUA,NO_CONTR_OD,,contam_agua,1,2047,,,,,,1.0
EmissionActivityRatio,BAU,GUA,NO_CONTR_OD,,contam_agua,1,2048,,,,,,1.0
EmissionActivityRatio,BAU,GUA,NO_CONTR_OD,,contam_agua,1,2049,,,,,,1.0
EmissionActivityRatio,BAU,GUA,NO_CONTR_OD,,contam_agua,1,2050,,,,,,1.0
EmissionActivityRatio,BAU,GUA,SIT_CLAN,,turismo_residuos,1,2018,,,,,,1.0
EmissionActivityRatio,BAU,GUA,SIT_CLAN,,turismo_residuos,1,2019,,,,,,1.0
EmissionActivityRatio,BAU,GUA,SIT_CLAN,,turismo_residuos,1,2020,,,,,,1.0
EmissionActivityRatio,BAU,GUA,SIT_CLAN,,turismo_residuos,1,2021,,,,,,1.0
EmissionActivityRatio,BAU,GUA,SIT_CLAN,,turismo_residuos,1,2022,,,,,,1.0
EmissionActivityRatio,BAU,GUA,SIT_CLAN,,turismo_residuos,1,2023,,,,,,1.0
EmissionActivityRatio,BAU,GUA,SIT_CLAN,,turismo_residuos,1,2024,,,,,,1.0
EmissionActivityRatio,BAU,GUA,SIT_CLAN,,turismo_residuos,1,2025,,,,,,1.0
EmissionActivityRatio,BAU,GUA,SIT_CLAN,,turismo_residuos,1,2026,,,,,,1.0
EmissionActivityRatio,BAU,GUA,SIT_CLAN,,turismo_residuos,1,2027,,,,,,1.0
EmissionActivityRatio,BAU,GUA,SIT_CLAN,,turismo_residuos,1,2028,,,,,,1.0
EmissionActivityRatio,BAU,GUA,SIT_CLAN,,turismo_residuos,1,2029,,,,,,1.0
EmissionActivityRatio,BAU,GUA,SIT_CLAN,,turismo_residuos,1,2030,,,,,,1.0
EmissionActivityRatio,BAU,GUA,SIT_CLAN,,turismo_residuos,1,2031,,,,,,1.0
EmissionActivityRatio,BAU,GUA,SIT_CLAN,,turismo_residuos,1,2032,,,,,,1.0
EmissionActivityRatio,BAU,GUA,SIT_CLAN,,turismo_residuos,1,2033,,,,,,1.0
EmissionActivityRatio,BAU,GUA,SIT_CLAN,,turismo_residuos,1,2034,,,,,,1.0
EmissionActivityRatio,BAU,GUA,SIT_CLAN,,turismo_residuos,1,2035,,,,,,1.0
EmissionActivityRatio,BAU,GUA,SIT_CLAN,,turismo_residuos,1,2036,,,,,,1.0
EmissionActivityRatio,BAU,GUA,SIT_CLAN,,turismo_residuos,1,2037,,,,,,1.0
EmissionActivityRatio,BAU,GUA,SIT_CLAN,,turismo_residuos,1,2038,,,,,,1.0
EmissionActivityRatio,BAU,GUA,SIT_CLAN,,turismo_residuos,1,2039,,,,,,1.0
EmissionActivityRatio,BAU,GUA,SIT_CLAN,,turismo_residuos,1,2040,,,,,,1.0
EmissionActivityRatio,BAU,GUA,SIT_CLAN,,turismo_residuos,1,2041,,,,,,1.0
EmissionActivityRatio,BAU,GUA,SIT_CLAN,,turismo_residuos,1,2042,,,,,,1.0
EmissionActivityRatio,BAU,GUA,SIT_CLAN,,turismo_residuos,1,2043,,,,,,1.0
EmissionActivityRatio,BAU,GUA,SIT_CLAN,,turismo_residuos,1,2044,,,,,,1.0
EmissionActivityRatio,BAU,GUA,SIT_CLAN,,turismo_residuos,1,2045,,,,,,1.0
EmissionActivityRatio,BAU,GUA,SIT_CLAN,,turismo_residuos,1,2046,,,,,,1.0
EmissionActivityRatio,BAU,GUA,SIT_CLAN,,turismo_residuos,1,2047,,,,,,1.0
EmissionActivityRatio,BAU,GUA,SIT_CLAN,,turismo_residuos,1,2048,,,,,,1.0
EmissionActivityRatio,BAU,GUA,SIT_CLAN,,turismo_residuos,1,2049,,,,,,1.0
EmissionActivityRatio,BAU,GUA,SIT_CLAN,,turismo_residuos,1,2050,,,,,,1.0
EmissionActivityRatio,BAU,GUA,NO_CONTR_OD,,turismo_residuos,1,2018,,,,,,1.0
EmissionActivityRatio,BAU,GUA,NO_CONTR_OD,,turismo_residuos,1,2019,,,,,,1.0
EmissionActivityRatio,BAU,GUA,NO_CONTR_OD,,turismo_residuos,1,2020,,,,,,1.0
EmissionActivityRatio,BAU,GUA,NO_CONTR_OD,,turismo_residuos,1,2021,,,,,,1.0
EmissionActivityRatio,BAU,GUA,NO_CONTR_OD,,turismo_residuos,1,2022,,,,,,1.0
EmissionActivityRatio,BAU,GUA,NO_CONTR_OD,,turismo_residuos,1,2023,,,,,,1.0
EmissionActivityRatio,BAU,GUA,NO_CONTR_OD,,turismo_residuos,1,2024,,,,,,1.0
EmissionActivityRatio,BAU,GUA,NO_CONTR_OD,,turismo_residuos,1,2025,,,,,,1.0
EmissionActivityRatio,BAU,GUA,NO_CONTR_OD,,turismo_residuos,1,2026,,,,,,1.0
EmissionActivityRatio,BAU,GUA,NO_CONTR_OD,,turismo_residuos,1,2027,,,,,,1.0
EmissionActivityRatio,BAU,GUA,NO_CONTR_OD,,turismo_residuos,1,2028,,,,,,1.0
EmissionActivityRatio,BAU,GUA,NO_CONTR_OD,,turismo_residuos,1,2029,,,,,,1.0
EmissionActivityRatio,BAU,GUA,NO_CONTR_OD,,turismo_residuos,1,2030,,,,,,1.0
EmissionActivityRatio,BAU,GUA,NO_CONTR_OD,,turismo_residuos,1,2031,,,,,,1.0
EmissionActivityRatio,BAU,GUA,NO_CONTR_OD,,turismo_residuos,1,2032,,,,,,1.0
EmissionActivityRatio,BAU,GUA,NO_CONTR_OD,,turismo_residuos,1,2033,,,,,,1.0
EmissionActivityRatio,BAU,GUA,NO_CONTR_OD,,turismo_residuos,1,2034,,,,,,1.0
EmissionActivityRatio,BAU,GUA,NO_CONTR_OD,,turismo_residuos,1,2035,,,,,,1.0
EmissionActivityRatio,BAU,GUA,NO_CONTR_OD,,turismo_residuos,1,2036,,,,,,1.0
EmissionActivityRatio,BAU,GUA,NO_CONTR_OD,,turismo_residuos,1,2037,,,,,,1.0
EmissionActivityRatio,BAU,GUA,NO_CONTR_OD,,turismo_residuos,1,2038,,,,,,1.0
EmissionActivityRatio,BAU,GUA,NO_CONTR_OD,,turismo_residuos,1,2039,,,,,,1.0
EmissionActivityRatio,BAU,GUA,NO_CONTR_OD,,turismo_residuos,1,2040,,,,,,1.0
EmissionActivityRatio,BAU,GUA,NO_CONTR_OD,,turismo_residuos,1,2041,,,,,,1.0
EmissionActivityRatio,BAU,GUA,NO_CONTR_OD,,turismo_residuos,1,2042,,,,,,1.0
EmissionActivityRatio,BAU,GUA,NO_CONTR_OD,,turismo_residuos,1,2043,,,,,,1.0
EmissionActivityRatio,BAU,GUA,NO_CONTR_OD,,turismo_residuos,1,2044,,,,,,1.0
EmissionActivityRatio,BAU,GUA,NO_CONTR_OD,,turismo_residuos,1,2045,,,,,,1.0
EmissionActivityRatio,BAU,GUA,NO_CONTR_OD,,turismo_residuos,1,2046,,,,,,1.0
EmissionActivityRatio,BAU,GUA,NO_CONTR_OD,,turismo_residuos,1,2047,,,,,,1.0
EmissionActivityRatio,BAU,GUA,NO_CONTR_OD,,turismo_residuos,1,2048,,,,,,1.0
EmissionActivityRatio,BAU,GUA,NO_CONTR_OD,,turismo_residuos,1,2049,,,,,,1.0
EmissionActivityRatio,BAU,GUA,NO_CONTR_OD,,turismo_residuos,1,2050,,,,,,1.0
EmissionActivityRatio,BAU,GUA,INORG_RCY_OS,,RM,1,2018,,,,,,1.0
EmissionActivityRatio,BAU,GUA,INORG_RCY_OS,,RM,1,2019,,,,,,1.0
EmissionActivityRatio,BAU,GUA,INORG_RCY_OS,,RM,1,2020,,,,,,1.0
EmissionActivityRatio,BAU,GUA,INORG_RCY_OS,,RM,1,2021,,,,,,1.0
EmissionActivityRatio,BAU,GUA,INORG_RCY_OS,,RM,1,2022,,,,,,1.0
EmissionActivityRatio,BAU,GUA,INORG_RCY_OS,,RM,1,2023,,,,,,1.0
EmissionActivityRatio,BAU,GUA,INORG_RCY_OS,,RM,1,2024,,,,,,1.0
EmissionActivityRatio,BAU,GUA,INORG_RCY_OS,,RM,1,2025,,,,,,1.0
EmissionActivityRatio,BAU,GUA,INORG_RCY_OS,,RM,1,2026,,,,,,1.0
EmissionActivityRatio,BAU,GUA,INORG_RCY_OS,,RM,1,2027,,,,,,1.0
EmissionActivityRatio,BAU,GUA,INORG_RCY_OS,,RM,1,2028,,,,,,1.0
EmissionActivityRatio,BAU,GUA,INORG_RCY_OS,,RM,1,2029,,,,,,1.0
EmissionActivityRatio,BAU,GUA,INORG_RCY_OS,,RM,1,2030,,,,,,1.0
EmissionActivityRatio,BAU,GUA,INORG_RCY_OS,,RM,1,2031,,,,,,1.0
EmissionActivityRatio,BAU,GUA,INORG_RCY_OS,,RM,1,2032,,,,,,1.0
EmissionActivityRatio,BAU,GUA,INORG_RCY_OS,,RM,1,2033,,,,,,1.0
EmissionActivityRatio,BAU,GUA,INORG_RCY_OS,,RM,1,2034,,,,,,1.0
EmissionActivityRatio,BAU,GUA,INORG_RCY_OS,,RM,1,2035,,,,,,1.0
EmissionActivityRatio,BAU,GUA,INORG_RCY_OS,,RM,1,2036,,,,,,1.0
EmissionActivityRatio,BAU,GUA,INORG_RCY_OS,,RM,1,2037,,,,,,1.0
EmissionActivityRatio,BAU,GUA,INORG_RCY_OS,,RM,1,2038,,,,,,1.0
EmissionActivityRatio,BAU,GUA,INORG_RCY_OS,,RM,1,2039,,,,,,1.0
EmissionActivityRatio,BAU,GUA,INORG_RCY_OS,,RM,1,2040,,,,,,1.0
EmissionActivityRatio,BAU,GUA,INORG_RCY_OS,,RM,1,2041,,,,,,1.0
EmissionActivityRatio,BAU,GUA,INORG_RCY_OS,,RM,1,2042,,,,,,1.0
EmissionActivityRatio,BAU,GUA,INORG_RCY_OS,,RM,1,2043,,,,,,1.0
EmissionActivityRatio,BAU,GUA,INORG_RCY_OS,,RM,1,2044,,,,,,1.0
EmissionActivityRatio,BAU,GUA,INORG_RCY_OS,,RM,1,2045,,,,,,1.0
EmissionActivityRatio,BAU,GUA,INORG_RCY_OS,,RM,1,2046,,,,,,1.0
EmissionActivityRatio,BAU,GUA,INORG_RCY_OS,,RM,1,2047,,,,,,1.0
EmissionActivityRatio,BAU,GUA,INORG_RCY_OS,,RM,1,2048,,,,,,1.0
EmissionActivityRatio,BAU,GUA,INORG_RCY_OS,,RM,1,2049,,,,,,1.0
EmissionActivityRatio,BAU,GUA,INORG_RCY_OS,,RM,1,2050,,,,,,1.0
EmissionActivityRatio,BAU,GUA,COMPOST,,FERT_ORG,1,2018,,,,,,1.0
EmissionActivityRatio,BAU,GUA,COMPOST,,FERT_ORG,1,2019,,,,,,1.0
EmissionActivityRatio,BAU,GUA,COMPOST,,FERT_ORG,1,2020,,,,,,1.0
EmissionActivityRatio,BAU,GUA,COMPOST,,FERT_ORG,1,2021,,,,,,1.0
EmissionActivityRatio,BAU,GUA,COMPOST,,FERT_ORG,1,2022,,,,,,1.0
EmissionActivityRatio,BAU,GUA,COMPOST,,FERT_ORG,1,2023,,,,,,1.0
EmissionActivityRatio,BAU,GUA,COMPOST,,FERT_ORG,1,2024,,,,,,1.0
EmissionActivityRatio,BAU,GUA,COMPOST,,FERT_ORG,1,2025,,,,,,1.0
EmissionActivityRatio,BAU,GUA,COMPOST,,FERT_ORG,1,2026,,,,,,1.0
EmissionActivityRatio,BAU,GUA,COMPOST,,FERT_ORG,1,2027,,,,,,1.0
EmissionActivityRatio,BAU,GUA,COMPOST,,FERT_ORG,1,2028,,,,,,1.0
EmissionActivityRatio,BAU,GUA,COMPOST,,FERT_ORG,1,2029,,,,,,1.0
EmissionActivityRatio,BAU,GUA,COMPOST,,FERT_ORG,1,2030,,,,,,1.0
EmissionActivityRatio,BAU,GUA,COMPOST,,FERT_ORG,1,2031,,,,,,1.0
EmissionActivityRatio,BAU,GUA,COMPOST,,FERT_ORG,1,2032,,,,,,1.0
EmissionActivityRatio,BAU,GUA,COMPOST,,FERT_ORG,1,2033,,,,,,1.0
EmissionActivityRatio,BAU,GUA,COMPOST,,FERT_ORG,1,2034,,,,,,1.0
EmissionActivityRatio,BAU,GUA,COMPOST,,FERT_ORG,1,2035,,,,,,1.0
EmissionActivityRatio,BAU,GUA,COMPOST,,FERT_ORG,1,2036,,,,,,1.0
EmissionActivityRatio,BAU,GUA,COMPOST,,FERT_ORG,1,2037,,,,,,1.0
EmissionActivityRatio,BAU,GUA,COMPOST,,FERT_ORG,1,2038,,,,,,1.0
EmissionActivityRatio,BAU,GUA,COMPOST,,FERT_ORG,1,2039,,,,,,1.0
EmissionActivityRatio,BAU,GUA,COMPOST,,FERT_ORG,1,2040,,,,,,1.0
EmissionActivityRatio,BAU,GUA,COMPOST,,FERT_ORG,1,2041,,,,,,1.0
EmissionActivityRatio,BAU,GUA,COMPOST,,FERT_ORG,1,2042,,,,,,1.0
EmissionActivityRatio,BAU,GUA,COMPOST,,FERT_ORG,1,2043,,,,,,1.0
EmissionActivityRatio,BAU,GUA,COMPOST,,FERT_ORG,1,2044,,,,,,1.0
EmissionActivityRatio,BAU,GUA,COMPOST,,FERT_ORG,1,2045,,,,,,1.0
EmissionActivityRatio,BAU,GUA,COMPOST,,FERT_ORG,1,2046,,,,,,1.0
EmissionActivityRatio,BAU,GUA,COMPOST,,FERT_ORG,1,2047,,,,,,1.0
EmissionActivityRatio,BAU,GUA,COMPOST,,FERT_ORG,1,2048,,,,,,1.0
EmissionActivityRatio,BAU,GUA,COMPOST,,FERT_ORG,1,2049,,,,,,1.0
EmissionActivityRatio,BAU,GUA,COMPOST,,FERT_ORG,1,2050,,,,,,1.0
EmissionActivityRatio,BAU,GUA,AD,,FERT_ORG,1,2018,,,,,,1.0
EmissionActivityRatio,BAU,GUA,AD,,FERT_ORG,1,2019,,,,,,1.0
EmissionActivityRatio,BAU,GUA,AD,,FERT_ORG,1,2020,,,,,,1.0
EmissionActivityRatio,BAU,GUA,AD,,FERT_ORG,1,2021,,,,,,1.0
EmissionActivityRatio,BAU,GUA,AD,,FERT_ORG,1,2022,,,,,,1.0
EmissionActivityRatio,BAU,GUA,AD,,FERT_ORG,1,2023,,,,,,1.0
EmissionActivityRatio,BAU,GUA,AD,,FERT_ORG,1,2024,,,,,,1.0
EmissionActivityRatio,BAU,GUA,AD,,FERT_ORG,1,2025,,,,,,1.0
EmissionActivityRatio,BAU,GUA,AD,,FERT_ORG,1,2026,,,,,,1.0
EmissionActivityRatio,BAU,GUA,AD,,FERT_ORG,1,2027,,,,,,1.0
EmissionActivityRatio,BAU,GUA,AD,,FERT_ORG,1,2028,,,,,,1.0
EmissionActivityRatio,BAU,GUA,AD,,FERT_ORG,1,2029,,,,,,1.0
EmissionActivityRatio,BAU,GUA,AD,,FERT_ORG,1,2030,,,,,,1.0
EmissionActivityRatio,BAU,GUA,AD,,FERT_ORG,1,2031,,,,,,1.0
EmissionActivityRatio,BAU,GUA,AD,,FERT_ORG,1,2032,,,,,,1.0
EmissionActivityRatio,BAU,GUA,AD,,FERT_ORG,1,2033,,,,,,1.0
EmissionActivityRatio,BAU,GUA,AD,,FERT_ORG,1,2034,,,,,,1.0
EmissionActivityRatio,BAU,GUA,AD,,FERT_ORG,1,2035,,,,,,1.0
EmissionActivityRatio,BAU,GUA,AD,,FERT_ORG,1,2036,,,,,,1.0
EmissionActivityRatio,BAU,GUA,AD,,FERT_ORG,1,2037,,,,,,1.0
EmissionActivityRatio,BAU,GUA,AD,,FERT_ORG,1,2038,,,,,,1.0
EmissionActivityRatio,BAU,GUA,AD,,FERT_ORG,1,2039,,,,,,1.0
EmissionActivityRatio,BAU,GUA,AD,,FERT_ORG,1,2040,,,,,,1.0
EmissionActivityRatio,BAU,GUA,AD,,FERT_ORG,1,2041,,,,,,1.0
EmissionActivityRatio,BAU,GUA,AD,,FERT_ORG,1,2042,,,,,,1.0
EmissionActivityRatio,BAU,GUA,AD,,FERT_ORG,1,2043,,,,,,1.0
EmissionActivityRatio,BAU,GUA,AD,,FERT_ORG,1,2044,,,,,,1.0
EmissionActivityRatio,BAU,GUA,AD,,FERT_ORG,1,2045,,,,,,1.0
EmissionActivityRatio,BAU,GUA,AD,,FERT_ORG,1,2046,,,,,,1.0
EmissionActivityRatio,BAU,GUA,AD,,FERT_ORG,1,2047,,,,,,1.0
EmissionActivityRatio,BAU,GUA,AD,,FERT_ORG,1,2048,,,,,,1.0
EmissionActivityRatio,BAU,GUA,AD,,FERT_ORG,1,2049,,,,,,1.0
EmissionActivityRatio,BAU,GUA,AD,,FERT_ORG,1,2050,,,,,,1.0
