###############
#    Sets     #
###############
#
set DAILYTIMEBRACKET :=  ;
set DAYTYPE :=  ;
set SEASON :=  ;
set STORAGE :=  ;
set YEAR := 2018 2019 2020 2021 2022 2023 2024 2025 2026 2027 2028 2029 2030 2031 2032 2033 2034 2035 2036 2037 2038 2039 2040 2041 2042 2043 2044 2045 2046 2047 2048 2049 2050 ;
set TECHNOLOGY := EXTT_CRU EXTT_NGS PRO_COA DIST_FIR DIST_BIM DIST_BGS DIST_CRU DIST_NGS DIST_DSL DIST_GSL DIST_LPG DIST_FOI DIST_COK DIST_KER DIST_COA IMP_ELE PPHDAM PPHROR PPGEO PPWNDON PPWNDOFF PPPVT PPPVTHYD PPPVTS PPPVD PPDHYD REF_DSL REF_GSL REF_LPG REF_FOI PPBIM PPBGS PPCOA PPCCTDSL PPCCFOIDSL PPCCTNGS PPCCTNGSDSL PPICEFOI PPICEGASFOI PPADSL PPAFOI PPANGS PPDBIM PPDBGS PPDDSL PPDFOI PPDNGS PPDGSL PPDGLP ELE_TRANS HYD_G_PROD ELE_DIST HYD_DIST T5DSLCOM T5GSLCOM T5NGSCOM T5LPGCOM T5ELECOM T5FIRCOM T5BIMCOM T5DSLIND T5GSLIND T5NGSIND T5LPGIND T5ELEIND T5HYDIND T5COKIND T5BIMIND T5COAIND T5FOIIND T5LPGRES T5ELERES T5KERRES T5FIRRES T5BIMRES T5GSLCON T5LPGCON T5NGSEXP T5KEREXP T5BIMEXP T5DSLTOT T5GSLTOT T5ELETOT T5GSLTAC T5KERTAC T5DSLAGR T5LPGAGR T5ELEAGR T4DSL_PRI T4GSL_PRI T4LPG_PRI T4ELE_PRI T4GSL_PUB T4LPG_PUB T4ELE_PUB T4NGS_PRI T4DSL_PUB T4HYD_PUB T4DSL_TUR T4GSL_TUR T4LPG_TUR T4ELE_TUR T4HYD_TUR T4ELE_HEA T4DSL_HEA T4GSL_HEA T4LPG_HEA T4HYD_HEA T4DSL_LIG T4GSL_LIG T4LPG_LIG T4ELE_LIG T4NGS_LIG TRAUTDSL TRAUTGSL TRAUTLPG TRAUTELE TRAUTHG TRTAXGSL TRTAXLPG TRTAXELE TRMOTGSL TRMOTELE TRSUVDSL TRSUVGSL TRSUVLPG TRSUVELE TRSUVNGS TRBPUDSL TRBPUGSL TRBPULPG TRBPUELE TRBPUHYD TRBTURDSL TRBTURGSL TRBTURLPG TRBTURELE TRBTURHYD TRMBSDSL TRMBSGSL TRMBSLPG TRMBSELE TRXTTELELE TRXTRAIELE TRXTRAIFREELE TRYTKDSL TRYTKGSL TRYTKLPG TRYTKELE TRYTKHYD TRYTKHD TRYLFDSL TRYLFGSL TRYLFLPG TRYLFELE TRYLFNGS TRYLFHD Techs_Auto Techs_Taxi Techs_Motos Techs_SUV Techs_Buses_Pub Techs_Buses_Tur Techs_Buses_Micro Techs_Telef Techs_Trains Techs_Trains_Freight Techs_He_Freight Techs_Li_Freight TRANE6NOMOT TRANRAILINF TRXBUSEFIELE Techs_Bus_Efi ;
set TIMESLICE := All ;
set FUEL := E1CRU E1NGS E1COA E1FIR E1BIM E1BGS E1DSL E1GSL E1LPG E1FOI E1COK E1KER E1ELE E7ELE E3ELE E2ELE E2HYDG E3HYD E5COMDSL E5COMGSL E5COMNGS E5COMLPG E5COMELE E5COMFIR E5COMBIM E5INDDSL E5INDGSL E5INDNGS E5INDLPG E5INDELE E5INDHYD E5INDCOK E5INDBIM E5INDCOA E5INDFOI E5RESLPG E5RESELE E5RESKER E5RESFIR E5RESBIM E5CONGSL E5CONLPG E5EXPNGS E5EXPKER E5EXPBIM E5TOTDSL E5TOTGSL E5TOTELE E5TACGSL E5TACKER E5AGRDSL E5AGRLPG E5AGRELE E4DSL_PRI E4GSL_PRI E4LPG_PRI E4ELE_PRI E4GSL_PUB E4LPG_PUB E4ELE_PUB E4NGS_PRI E4DSL_PUB E4HYD_PUB E4DSL_TUR E4GSL_TUR E4LPG_TUR E4ELE_TUR E4HYD_TUR E4ELE_HEA E4DSL_HEA E4GSL_HEA E4LPG_HEA E4HYD_HEA E4DSL_LIG E4GSL_LIG E4LPG_LIG E4ELE_LIG E4NGS_LIG E5TRAUT E5TRTAX E5TRMOT E5TRSUV E5TRBPU E5TRBTUR E5TRMBS E5TRXTTEL E5TRXTRAI E5TRXTRAIFRE E5TRYTK E5TRYLF E6TDPASPRI E6TDPASPUB E6TDPASTUR E6TDFREHEA E6TDFRELIG E6TRNOMOT E5TRXBUSEFI ;
set EMISSION := CO2e_DE CO2e_sources Health CO2e_AP CO2e_FUG CO2e_TRN CO2e_PP CO2e_CARBONERAS ;
set MODE_OF_OPERATION := 1 ;
set REGION := RD ;

###############
#    Parameters     #
###############
#
param AvailabilityFactor default 1 :=
[RD,*,*]:
2018 2019 2020 2021 2022 2023 2024 2025 2026 2027 2028 2029 2030 2031 2032 2033 2034 2035 2036 2037 2038 2039 2040 2041 2042 2043 2044 2045 2046 2047 2048 2049 2050 :=
IMP_ELE 1.0 1.0 1.0 1.0 1.0 1.0 1.0 1.0 1.0 1.0 1.0 1.0 1.0 1.0 1.0 1.0 1.0 1.0 1.0 1.0 1.0 1.0 1.0 1.0 1.0 1.0 1.0 1.0 1.0 1.0 1.0 1.0 1.0 
PPHDAM 1.0 1.0 1.0 1.0 1.0 1.0 1.0 1.0 1.0 1.0 1.0 1.0 1.0 1.0 1.0 1.0 1.0 1.0 1.0 1.0 1.0 1.0 1.0 1.0 1.0 1.0 1.0 1.0 1.0 1.0 1.0 1.0 1.0 
PPHROR 1.0 1.0 1.0 1.0 1.0 1.0 1.0 1.0 1.0 1.0 1.0 1.0 1.0 1.0 1.0 1.0 1.0 1.0 1.0 1.0 1.0 1.0 1.0 1.0 1.0 1.0 1.0 1.0 1.0 1.0 1.0 1.0 1.0 
PPGEO 1.0 1.0 1.0 1.0 1.0 1.0 1.0 1.0 1.0 1.0 1.0 1.0 1.0 1.0 1.0 1.0 1.0 1.0 1.0 1.0 1.0 1.0 1.0 1.0 1.0 1.0 1.0 1.0 1.0 1.0 1.0 1.0 1.0 
PPWNDON 1.0 1.0 1.0 1.0 1.0 1.0 1.0 1.0 1.0 1.0 1.0 1.0 1.0 1.0 1.0 1.0 1.0 1.0 1.0 1.0 1.0 1.0 1.0 1.0 1.0 1.0 1.0 1.0 1.0 1.0 1.0 1.0 1.0 
PPPVT 1.0 1.0 1.0 1.0 1.0 1.0 1.0 1.0 1.0 1.0 1.0 1.0 1.0 1.0 1.0 1.0 1.0 1.0 1.0 1.0 1.0 1.0 1.0 1.0 1.0 1.0 1.0 1.0 1.0 1.0 1.0 1.0 1.0 
PPPVTHYD 1.0 1.0 1.0 1.0 1.0 1.0 1.0 1.0 1.0 1.0 1.0 1.0 1.0 1.0 1.0 1.0 1.0 1.0 1.0 1.0 1.0 1.0 1.0 1.0 1.0 1.0 1.0 1.0 1.0 1.0 1.0 1.0 1.0 
PPPVTS 1.0 1.0 1.0 1.0 1.0 1.0 1.0 1.0 1.0 1.0 1.0 1.0 1.0 1.0 1.0 1.0 1.0 1.0 1.0 1.0 1.0 1.0 1.0 1.0 1.0 1.0 1.0 1.0 1.0 1.0 1.0 1.0 1.0 
PPPVD 1.0 1.0 1.0 1.0 1.0 1.0 1.0 1.0 1.0 1.0 1.0 1.0 1.0 1.0 1.0 1.0 1.0 1.0 1.0 1.0 1.0 1.0 1.0 1.0 1.0 1.0 1.0 1.0 1.0 1.0 1.0 1.0 1.0 
PPWNDOFF 1.0 1.0 1.0 1.0 1.0 1.0 1.0 1.0 1.0 1.0 1.0 1.0 1.0 1.0 1.0 1.0 1.0 1.0 1.0 1.0 1.0 1.0 1.0 1.0 1.0 1.0 1.0 1.0 1.0 1.0 1.0 1.0 1.0 
PPDHYD 1.0 1.0 1.0 1.0 1.0 1.0 1.0 1.0 1.0 1.0 1.0 1.0 1.0 1.0 1.0 1.0 1.0 1.0 1.0 1.0 1.0 1.0 1.0 1.0 1.0 1.0 1.0 1.0 1.0 1.0 1.0 1.0 1.0 
REF_DSL 1.0 1.0 1.0 1.0 1.0 1.0 1.0 1.0 1.0 1.0 1.0 1.0 1.0 1.0 1.0 1.0 1.0 1.0 1.0 1.0 1.0 1.0 1.0 1.0 1.0 1.0 1.0 1.0 1.0 1.0 1.0 1.0 1.0 
REF_GSL 1.0 1.0 1.0 1.0 1.0 1.0 1.0 1.0 1.0 1.0 1.0 1.0 1.0 1.0 1.0 1.0 1.0 1.0 1.0 1.0 1.0 1.0 1.0 1.0 1.0 1.0 1.0 1.0 1.0 1.0 1.0 1.0 1.0 
REF_LPG 1.0 1.0 1.0 1.0 1.0 1.0 1.0 1.0 1.0 1.0 1.0 1.0 1.0 1.0 1.0 1.0 1.0 1.0 1.0 1.0 1.0 1.0 1.0 1.0 1.0 1.0 1.0 1.0 1.0 1.0 1.0 1.0 1.0 
REF_FOI 1.0 1.0 1.0 1.0 1.0 1.0 1.0 1.0 1.0 1.0 1.0 1.0 1.0 1.0 1.0 1.0 1.0 1.0 1.0 1.0 1.0 1.0 1.0 1.0 1.0 1.0 1.0 1.0 1.0 1.0 1.0 1.0 1.0 
PPBIM 1.0 1.0 1.0 1.0 1.0 1.0 1.0 1.0 1.0 1.0 1.0 1.0 1.0 1.0 1.0 1.0 1.0 1.0 1.0 1.0 1.0 1.0 1.0 1.0 1.0 1.0 1.0 1.0 1.0 1.0 1.0 1.0 1.0 
PPBGS 1.0 1.0 1.0 1.0 1.0 1.0 1.0 1.0 1.0 1.0 1.0 1.0 1.0 1.0 1.0 1.0 1.0 1.0 1.0 1.0 1.0 1.0 1.0 1.0 1.0 1.0 1.0 1.0 1.0 1.0 1.0 1.0 1.0 
PPCOA 1.0 1.0 1.0 1.0 1.0 1.0 1.0 1.0 1.0 1.0 1.0 1.0 1.0 1.0 1.0 1.0 1.0 1.0 1.0 1.0 1.0 1.0 1.0 1.0 1.0 1.0 1.0 1.0 1.0 1.0 1.0 1.0 1.0 
PPCCTDSL 1.0 1.0 1.0 1.0 1.0 1.0 1.0 1.0 1.0 1.0 1.0 1.0 1.0 1.0 1.0 1.0 1.0 1.0 1.0 1.0 1.0 1.0 1.0 1.0 1.0 1.0 1.0 1.0 1.0 1.0 1.0 1.0 1.0 
PPCCFOIDSL 1.0 1.0 1.0 1.0 1.0 1.0 1.0 1.0 1.0 1.0 1.0 1.0 1.0 1.0 1.0 1.0 1.0 1.0 1.0 1.0 1.0 1.0 1.0 1.0 1.0 1.0 1.0 1.0 1.0 1.0 1.0 1.0 1.0 
PPCCTNGS 1.0 1.0 1.0 1.0 1.0 1.0 1.0 1.0 1.0 1.0 1.0 1.0 1.0 1.0 1.0 1.0 1.0 1.0 1.0 1.0 1.0 1.0 1.0 1.0 1.0 1.0 1.0 1.0 1.0 1.0 1.0 1.0 1.0 
PPCCTNGSDSL 1.0 1.0 1.0 1.0 1.0 1.0 1.0 1.0 1.0 1.0 1.0 1.0 1.0 1.0 1.0 1.0 1.0 1.0 1.0 1.0 1.0 1.0 1.0 1.0 1.0 1.0 1.0 1.0 1.0 1.0 1.0 1.0 1.0 
PPICEFOI 1.0 1.0 1.0 1.0 1.0 1.0 1.0 1.0 1.0 1.0 1.0 1.0 1.0 1.0 1.0 1.0 1.0 1.0 1.0 1.0 1.0 1.0 1.0 1.0 1.0 1.0 1.0 1.0 1.0 1.0 1.0 1.0 1.0 
PPICEGASFOI 1.0 1.0 1.0 1.0 1.0 1.0 1.0 1.0 1.0 1.0 1.0 1.0 1.0 1.0 1.0 1.0 1.0 1.0 1.0 1.0 1.0 1.0 1.0 1.0 1.0 1.0 1.0 1.0 1.0 1.0 1.0 1.0 1.0 
PPADSL 1.0 1.0 1.0 1.0 1.0 1.0 1.0 1.0 1.0 1.0 1.0 1.0 1.0 1.0 1.0 1.0 1.0 1.0 1.0 1.0 1.0 1.0 1.0 1.0 1.0 1.0 1.0 1.0 1.0 1.0 1.0 1.0 1.0 
PPAFOI 1.0 1.0 1.0 1.0 1.0 1.0 1.0 1.0 1.0 1.0 1.0 1.0 1.0 1.0 1.0 1.0 1.0 1.0 1.0 1.0 1.0 1.0 1.0 1.0 1.0 1.0 1.0 1.0 1.0 1.0 1.0 1.0 1.0 
PPANGS 1.0 1.0 1.0 1.0 1.0 1.0 1.0 1.0 1.0 1.0 1.0 1.0 1.0 1.0 1.0 1.0 1.0 1.0 1.0 1.0 1.0 1.0 1.0 1.0 1.0 1.0 1.0 1.0 1.0 1.0 1.0 1.0 1.0 
PPDBGS 1.0 1.0 1.0 1.0 1.0 1.0 1.0 1.0 1.0 1.0 1.0 1.0 1.0 1.0 1.0 1.0 1.0 1.0 1.0 1.0 1.0 1.0 1.0 1.0 1.0 1.0 1.0 1.0 1.0 1.0 1.0 1.0 1.0 
PPDDSL 1.0 1.0 1.0 1.0 1.0 1.0 1.0 1.0 1.0 1.0 1.0 1.0 1.0 1.0 1.0 1.0 1.0 1.0 1.0 1.0 1.0 1.0 1.0 1.0 1.0 1.0 1.0 1.0 1.0 1.0 1.0 1.0 1.0 
PPDFOI 1.0 1.0 1.0 1.0 1.0 1.0 1.0 1.0 1.0 1.0 1.0 1.0 1.0 1.0 1.0 1.0 1.0 1.0 1.0 1.0 1.0 1.0 1.0 1.0 1.0 1.0 1.0 1.0 1.0 1.0 1.0 1.0 1.0 
PPDNGS 1.0 1.0 1.0 1.0 1.0 1.0 1.0 1.0 1.0 1.0 1.0 1.0 1.0 1.0 1.0 1.0 1.0 1.0 1.0 1.0 1.0 1.0 1.0 1.0 1.0 1.0 1.0 1.0 1.0 1.0 1.0 1.0 1.0 
PPDGSL 1.0 1.0 1.0 1.0 1.0 1.0 1.0 1.0 1.0 1.0 1.0 1.0 1.0 1.0 1.0 1.0 1.0 1.0 1.0 1.0 1.0 1.0 1.0 1.0 1.0 1.0 1.0 1.0 1.0 1.0 1.0 1.0 1.0 
PPDGLP 1.0 1.0 1.0 1.0 1.0 1.0 1.0 1.0 1.0 1.0 1.0 1.0 1.0 1.0 1.0 1.0 1.0 1.0 1.0 1.0 1.0 1.0 1.0 1.0 1.0 1.0 1.0 1.0 1.0 1.0 1.0 1.0 1.0 
PPDBIM 1.0 1.0 1.0 1.0 1.0 1.0 1.0 1.0 1.0 1.0 1.0 1.0 1.0 1.0 1.0 1.0 1.0 1.0 1.0 1.0 1.0 1.0 1.0 1.0 1.0 1.0 1.0 1.0 1.0 1.0 1.0 1.0 1.0 
;

param CapacityFactor default 1 :=
[RD,PPHROR,*,*]:
2018 2019 2020 2021 2022 2023 2024 2025 2026 2027 2028 2029 2030 2031 2032 2033 2034 2035 2036 2037 2038 2039 2040 2041 2042 2043 2044 2045 2046 2047 2048 2049 2050 :=
All 0.5 0.5 0.5 0.5 0.5 0.5 0.5 0.5 0.5 0.5 0.5 0.5 0.5 0.5 0.5 0.5 0.5 0.5 0.5 0.5 0.5 0.5 0.5 0.5 0.5 0.5 0.5 0.5 0.5 0.5 0.5 0.5 0.5 
[RD,PPCCFOIDSL,*,*]:
2018 2019 2020 2021 2022 2023 2024 2025 2026 2027 2028 2029 2030 2031 2032 2033 2034 2035 2036 2037 2038 2039 2040 2041 2042 2043 2044 2045 2046 2047 2048 2049 2050 :=
All 0.0 0.0 0.0 0.0 0.0 0.0942 0.0942 0.0942 0.0942 0.0942 0.0942 0.0942 0.0942 0.0942 0.0942 0.0942 0.0942 0.0942 0.0942 0.0942 0.0942 0.0942 0.0942 0.0942 0.0942 0.0942 0.0942 0.0942 0.0942 0.0942 0.0942 0.0942 0.0942 
[RD,PPBGS,*,*]:
2018 2019 2020 2021 2022 2023 2024 2025 2026 2027 2028 2029 2030 2031 2032 2033 2034 2035 2036 2037 2038 2039 2040 2041 2042 2043 2044 2045 2046 2047 2048 2049 2050 :=
All 0.5 0.5 0.5 0.5 0.5 0.5 0.5 0.5 0.5 0.5 0.5 0.5 0.5 0.5 0.5 0.5 0.5 0.5 0.5 0.5 0.5 0.5 0.5 0.5 0.5 0.5 0.5 0.5 0.5 0.5 0.5 0.5 0.5 
[RD,PPDDSL,*,*]:
2018 2019 2020 2021 2022 2023 2024 2025 2026 2027 2028 2029 2030 2031 2032 2033 2034 2035 2036 2037 2038 2039 2040 2041 2042 2043 2044 2045 2046 2047 2048 2049 2050 :=
All 0.0833 0.0854 0.0811 0.0838 0.0809 0.0812 0.0812 0.0812 0.0812 0.0812 0.0812 0.0812 0.0812 0.0812 0.0812 0.0812 0.0812 0.0812 0.0812 0.0812 0.0812 0.0812 0.0812 0.0812 0.0812 0.0812 0.0812 0.0812 0.0812 0.0812 0.0812 0.0812 0.0812 
[RD,PPPVD,*,*]:
2018 2019 2020 2021 2022 2023 2024 2025 2026 2027 2028 2029 2030 2031 2032 2033 2034 2035 2036 2037 2038 2039 2040 2041 2042 2043 2044 2045 2046 2047 2048 2049 2050 :=
All 0.215 0.215 0.215 0.215 0.215 0.215 0.215 0.215 0.215 0.215 0.215 0.215 0.215 0.215 0.215 0.215 0.215 0.215 0.215 0.215 0.215 0.215 0.215 0.215 0.215 0.215 0.215 0.215 0.215 0.215 0.215 0.215 0.215 
[RD,PPAFOI,*,*]:
2018 2019 2020 2021 2022 2023 2024 2025 2026 2027 2028 2029 2030 2031 2032 2033 2034 2035 2036 2037 2038 2039 2040 2041 2042 2043 2044 2045 2046 2047 2048 2049 2050 :=
All 0.3839 0.3858 0.2603 0.3423 0.3984 0.3984 0.3984 0.3984 0.3984 0.3984 0.3984 0.3984 0.3984 0.3984 0.3984 0.3984 0.3984 0.3984 0.3984 0.3984 0.3984 0.3984 0.3984 0.3984 0.3984 0.3984 0.3984 0.3984 0.3984 0.3984 0.3984 0.3984 0.3984 
[RD,PPGEO,*,*]:
2018 2019 2020 2021 2022 2023 2024 2025 2026 2027 2028 2029 2030 2031 2032 2033 2034 2035 2036 2037 2038 2039 2040 2041 2042 2043 2044 2045 2046 2047 2048 2049 2050 :=
All 0.8695 0.8695 0.8695 0.8695 0.8695 0.8695 0.8695 0.8695 0.8695 0.8695 0.8695 0.8695 0.8695 0.8695 0.8695 0.8695 0.8695 0.8695 0.8695 0.8695 0.8695 0.8695 0.8695 0.8695 0.8695 0.8695 0.8695 0.8695 0.8695 0.8695 0.8695 0.8695 0.8695 
[RD,PPHDAM,*,*]:
2018 2019 2020 2021 2022 2023 2024 2025 2026 2027 2028 2029 2030 2031 2032 2033 2034 2035 2036 2037 2038 2039 2040 2041 2042 2043 2044 2045 2046 2047 2048 2049 2050 :=
All 0.3265 0.18 0.2354 0.274 0.2669 0.2117 0.2117 0.2117 0.2117 0.2117 0.2117 0.2117 0.2117 0.2117 0.2117 0.2117 0.2117 0.2117 0.2117 0.2117 0.2117 0.2117 0.2117 0.2117 0.2117 0.2117 0.2117 0.2117 0.2117 0.2117 0.2117 0.2117 0.2117 
[RD,PPDHYD,*,*]:
2018 2019 2020 2021 2022 2023 2024 2025 2026 2027 2028 2029 2030 2031 2032 2033 2034 2035 2036 2037 2038 2039 2040 2041 2042 2043 2044 2045 2046 2047 2048 2049 2050 :=
All 0.0152 0.0152 0.0152 0.0152 0.0152 0.0152 0.0152 0.0152 0.0152 0.0152 0.0152 0.0152 0.0152 0.0152 0.0152 0.0152 0.0152 0.0152 0.0152 0.0152 0.0152 0.0152 0.0152 0.0152 0.0152 0.0152 0.0152 0.0152 0.0152 0.0152 0.0152 0.0152 0.0152 
[RD,PPCCTNGSDSL,*,*]:
2018 2019 2020 2021 2022 2023 2024 2025 2026 2027 2028 2029 2030 2031 2032 2033 2034 2035 2036 2037 2038 2039 2040 2041 2042 2043 2044 2045 2046 2047 2048 2049 2050 :=
All 0.5 0.5 0.5 0.5 0.5 0.5 0.5 0.5 0.5 0.5 0.5 0.5 0.5 0.5 0.5 0.5 0.5 0.5 0.5 0.5 0.5 0.5 0.5 0.5 0.5 0.5 0.5 0.5 0.5 0.5 0.5 0.5 0.5 
[RD,PPADSL,*,*]:
2018 2019 2020 2021 2022 2023 2024 2025 2026 2027 2028 2029 2030 2031 2032 2033 2034 2035 2036 2037 2038 2039 2040 2041 2042 2043 2044 2045 2046 2047 2048 2049 2050 :=
All 0.3839 0.3858 0.2603 0.3423 0.3984 0.3984 0.3984 0.3984 0.3984 0.3984 0.3984 0.3984 0.3984 0.3984 0.3984 0.3984 0.3984 0.3984 0.3984 0.3984 0.3984 0.3984 0.3984 0.3984 0.3984 0.3984 0.3984 0.3984 0.3984 0.3984 0.3984 0.3984 0.3984 
[RD,PPPVTHYD,*,*]:
2018 2019 2020 2021 2022 2023 2024 2025 2026 2027 2028 2029 2030 2031 2032 2033 2034 2035 2036 2037 2038 2039 2040 2041 2042 2043 2044 2045 2046 2047 2048 2049 2050 :=
All 0.215 0.215 0.215 0.215 0.215 0.215 0.215 0.215 0.215 0.215 0.215 0.215 0.215 0.215 0.215 0.215 0.215 0.215 0.215 0.215 0.215 0.215 0.215 0.215 0.215 0.215 0.215 0.215 0.215 0.215 0.215 0.215 0.215 
[RD,PPPVT,*,*]:
2018 2019 2020 2021 2022 2023 2024 2025 2026 2027 2028 2029 2030 2031 2032 2033 2034 2035 2036 2037 2038 2039 2040 2041 2042 2043 2044 2045 2046 2047 2048 2049 2050 :=
All 0.1059 0.0972 0.1857 0.1517 0.2004 0.1874 0.1874 0.1874 0.1874 0.1874 0.1874 0.1874 0.1874 0.1874 0.1874 0.1874 0.1874 0.1874 0.1874 0.1874 0.1874 0.1874 0.1874 0.1874 0.1874 0.1874 0.1874 0.1874 0.1874 0.1874 0.1874 0.1874 0.1874 
[RD,PPCCTNGS,*,*]:
2018 2019 2020 2021 2022 2023 2024 2025 2026 2027 2028 2029 2030 2031 2032 2033 2034 2035 2036 2037 2038 2039 2040 2041 2042 2043 2044 2045 2046 2047 2048 2049 2050 :=
All 0.4557 0.5053 0.4574 0.5882 0.4424 0.5152 0.5 0.5 0.5 0.5 0.5 0.5 0.5 0.5 0.5 0.5 0.5 0.5 0.5 0.5 0.5 0.5 0.5 0.5 0.5 0.5 0.5 0.5 0.5 0.5 0.5 0.5 0.5 
[RD,PPDGLP,*,*]:
2018 2019 2020 2021 2022 2023 2024 2025 2026 2027 2028 2029 2030 2031 2032 2033 2034 2035 2036 2037 2038 2039 2040 2041 2042 2043 2044 2045 2046 2047 2048 2049 2050 :=
All 0.0833 0.0854 0.0811 0.0838 0.0809 0.0812 0.0812 0.0812 0.0812 0.0812 0.0812 0.0812 0.0812 0.0812 0.0812 0.0812 0.0812 0.0812 0.0812 0.0812 0.0812 0.0812 0.0812 0.0812 0.0812 0.0812 0.0812 0.0812 0.0812 0.0812 0.0812 0.0812 0.0812 
[RD,PPPVTS,*,*]:
2018 2019 2020 2021 2022 2023 2024 2025 2026 2027 2028 2029 2030 2031 2032 2033 2034 2035 2036 2037 2038 2039 2040 2041 2042 2043 2044 2045 2046 2047 2048 2049 2050 :=
All 0.215 0.215 0.215 0.215 0.215 0.215 0.215 0.215 0.215 0.215 0.215 0.215 0.215 0.215 0.215 0.215 0.215 0.215 0.215 0.215 0.215 0.215 0.215 0.215 0.215 0.215 0.215 0.215 0.215 0.215 0.215 0.215 0.215 
[RD,PPDBIM,*,*]:
2018 2019 2020 2021 2022 2023 2024 2025 2026 2027 2028 2029 2030 2031 2032 2033 2034 2035 2036 2037 2038 2039 2040 2041 2042 2043 2044 2045 2046 2047 2048 2049 2050 :=
All 0.7675 0.7859 0.638 0.8486 0.7877 0.8599 0.8599 0.8599 0.8599 0.8599 0.8599 0.8599 0.8599 0.8599 0.8599 0.8599 0.8599 0.8599 0.8599 0.8599 0.8599 0.8599 0.8599 0.8599 0.8599 0.8599 0.8599 0.8599 0.8599 0.8599 0.8599 0.8599 0.8599 
[RD,PPDNGS,*,*]:
2018 2019 2020 2021 2022 2023 2024 2025 2026 2027 2028 2029 2030 2031 2032 2033 2034 2035 2036 2037 2038 2039 2040 2041 2042 2043 2044 2045 2046 2047 2048 2049 2050 :=
All 0.0833 0.0854 0.0811 0.0838 0.0809 0.0812 0.0812 0.0812 0.0812 0.0812 0.0812 0.0812 0.0812 0.0812 0.0812 0.0812 0.0812 0.0812 0.0812 0.0812 0.0812 0.0812 0.0812 0.0812 0.0812 0.0812 0.0812 0.0812 0.0812 0.0812 0.0812 0.0812 0.0812 
[RD,PPBIM,*,*]:
2018 2019 2020 2021 2022 2023 2024 2025 2026 2027 2028 2029 2030 2031 2032 2033 2034 2035 2036 2037 2038 2039 2040 2041 2042 2043 2044 2045 2046 2047 2048 2049 2050 :=
All 0.7675 0.7859 0.638 0.8486 0.8072 0.8599 0.8 0.8 0.8 0.8 0.8 0.8 0.8 0.8 0.8 0.8 0.8 0.8 0.8 0.8 0.8 0.8 0.8 0.8 0.8 0.8 0.8 0.8 0.8 0.8 0.8 0.8 0.8 
[RD,PPCOA,*,*]:
2018 2019 2020 2021 2022 2023 2024 2025 2026 2027 2028 2029 2030 2031 2032 2033 2034 2035 2036 2037 2038 2039 2040 2041 2042 2043 2044 2045 2046 2047 2048 2049 2050 :=
All 0.7444 0.3782 0.6836 0.6882 0.7227 0.7743 0.7743 0.7743 0.7743 0.7743 0.7743 0.7743 0.7743 0.7743 0.7743 0.7743 0.7743 0.7743 0.7743 0.7743 0.7743 0.7743 0.7743 0.7743 0.7743 0.7743 0.7743 0.7743 0.7743 0.7743 0.7743 0.7743 0.7743 
[RD,PPANGS,*,*]:
2018 2019 2020 2021 2022 2023 2024 2025 2026 2027 2028 2029 2030 2031 2032 2033 2034 2035 2036 2037 2038 2039 2040 2041 2042 2043 2044 2045 2046 2047 2048 2049 2050 :=
All 0.3839 0.3858 0.2603 0.3423 0.3984 0.3984 0.3984 0.3984 0.3984 0.3984 0.3984 0.3984 0.3984 0.3984 0.3984 0.3984 0.3984 0.3984 0.3984 0.3984 0.3984 0.3984 0.3984 0.3984 0.3984 0.3984 0.3984 0.3984 0.3984 0.3984 0.3984 0.3984 0.3984 
[RD,PPDGSL,*,*]:
2018 2019 2020 2021 2022 2023 2024 2025 2026 2027 2028 2029 2030 2031 2032 2033 2034 2035 2036 2037 2038 2039 2040 2041 2042 2043 2044 2045 2046 2047 2048 2049 2050 :=
All 0.0833 0.0854 0.0811 0.0838 0.0809 0.0812 0.0812 0.0812 0.0812 0.0812 0.0812 0.0812 0.0812 0.0812 0.0812 0.0812 0.0812 0.0812 0.0812 0.0812 0.0812 0.0812 0.0812 0.0812 0.0812 0.0812 0.0812 0.0812 0.0812 0.0812 0.0812 0.0812 0.0812 
[RD,PPICEFOI,*,*]:
2018 2019 2020 2021 2022 2023 2024 2025 2026 2027 2028 2029 2030 2031 2032 2033 2034 2035 2036 2037 2038 2039 2040 2041 2042 2043 2044 2045 2046 2047 2048 2049 2050 :=
All 0.5843 0.6205 0.5539 0.5098 0.8445 0.5943 0.5943 0.5943 0.5943 0.5943 0.5943 0.5943 0.5943 0.5943 0.5943 0.5943 0.5943 0.5943 0.5943 0.5943 0.5943 0.5943 0.5943 0.5943 0.5943 0.5943 0.5943 0.5943 0.5943 0.5943 0.5943 0.5943 0.5943 
[RD,PPCCTDSL,*,*]:
2018 2019 2020 2021 2022 2023 2024 2025 2026 2027 2028 2029 2030 2031 2032 2033 2034 2035 2036 2037 2038 2039 2040 2041 2042 2043 2044 2045 2046 2047 2048 2049 2050 :=
All 0.0 0.0 0.1473 0.0783 0.0285 0.0735 0.0735 0.0735 0.0735 0.0735 0.0735 0.0735 0.0735 0.0735 0.0735 0.0735 0.0735 0.0735 0.0735 0.0735 0.0735 0.0735 0.0735 0.0735 0.0735 0.0735 0.0735 0.0735 0.0735 0.0735 0.0735 0.0735 0.0735 
[RD,PPICEGASFOI,*,*]:
2018 2019 2020 2021 2022 2023 2024 2025 2026 2027 2028 2029 2030 2031 2032 2033 2034 2035 2036 2037 2038 2039 2040 2041 2042 2043 2044 2045 2046 2047 2048 2049 2050 :=
All 0.7955 0.6066 0.3752 0.4451 0.6857 0.5943 0.5 0.5 0.5 0.5 0.5 0.5 0.5 0.5 0.5 0.5 0.5 0.5 0.5 0.5 0.5 0.5 0.5 0.5 0.5 0.5 0.5 0.5 0.5 0.5 0.5 0.5 0.5 
[RD,PPDFOI,*,*]:
2018 2019 2020 2021 2022 2023 2024 2025 2026 2027 2028 2029 2030 2031 2032 2033 2034 2035 2036 2037 2038 2039 2040 2041 2042 2043 2044 2045 2046 2047 2048 2049 2050 :=
All 0.0833 0.0854 0.0811 0.0838 0.0809 0.0812 0.0812 0.0812 0.0812 0.0812 0.0812 0.0812 0.0812 0.0812 0.0812 0.0812 0.0812 0.0812 0.0812 0.0812 0.0812 0.0812 0.0812 0.0812 0.0812 0.0812 0.0812 0.0812 0.0812 0.0812 0.0812 0.0812 0.0812 
[RD,PPWNDOFF,*,*]:
2018 2019 2020 2021 2022 2023 2024 2025 2026 2027 2028 2029 2030 2031 2032 2033 2034 2035 2036 2037 2038 2039 2040 2041 2042 2043 2044 2045 2046 2047 2048 2049 2050 :=
All 0.35 0.35 0.35 0.35 0.35 0.35 0.35 0.35 0.35 0.35 0.35 0.35 0.35 0.35 0.35 0.35 0.35 0.35 0.35 0.35 0.35 0.35 0.35 0.35 0.35 0.35 0.35 0.35 0.35 0.35 0.35 0.35 0.35 
[RD,PPDBGS,*,*]:
2018 2019 2020 2021 2022 2023 2024 2025 2026 2027 2028 2029 2030 2031 2032 2033 2034 2035 2036 2037 2038 2039 2040 2041 2042 2043 2044 2045 2046 2047 2048 2049 2050 :=
All 0.0833 0.0854 0.0811 0.0838 0.0809 0.0812 0.0812 0.0812 0.0812 0.0812 0.0812 0.0812 0.0812 0.0812 0.0812 0.0812 0.0812 0.0812 0.0812 0.0812 0.0812 0.0812 0.0812 0.0812 0.0812 0.0812 0.0812 0.0812 0.0812 0.0812 0.0812 0.0812 0.0812 
[RD,IMP_ELE,*,*]:
2018 2019 2020 2021 2022 2023 2024 2025 2026 2027 2028 2029 2030 2031 2032 2033 2034 2035 2036 2037 2038 2039 2040 2041 2042 2043 2044 2045 2046 2047 2048 2049 2050 :=
All 0.76 0.76 0.76 0.76 0.76 0.76 0.76 0.76 0.76 0.76 0.76 0.76 0.76 0.76 0.76 0.76 0.76 0.76 0.76 0.76 0.76 0.76 0.76 0.76 0.76 0.76 0.76 0.76 0.76 0.76 0.76 0.76 0.76 
[RD,PPWNDON,*,*]:
2018 2019 2020 2021 2022 2023 2024 2025 2026 2027 2028 2029 2030 2031 2032 2033 2034 2035 2036 2037 2038 2039 2040 2041 2042 2043 2044 2045 2046 2047 2048 2049 2050 :=
All 0.2998 0.2433 0.3395 0.3795 0.3216 0.309 0.309 0.309 0.309 0.309 0.309 0.309 0.309 0.309 0.309 0.309 0.309 0.309 0.309 0.309 0.309 0.309 0.309 0.309 0.309 0.309 0.309 0.309 0.309 0.309 0.309 0.309 0.309 
;

param CapacityToActivityUnit default 1 :
DIST_CRU DIST_NGS DIST_DSL DIST_GSL DIST_LPG DIST_FOI DIST_COK DIST_KER DIST_COA IMP_ELE PRO_COA EXTT_CRU EXTT_NGS PPHDAM PPHROR PPGEO PPWNDON PPWNDOFF PPPVT PPPVTHYD PPPVTS PPPVD PPDHYD DIST_FIR DIST_BIM DIST_BGS REF_DSL REF_GSL REF_LPG REF_FOI PPBIM PPBGS PPCOA PPCCTDSL PPCCFOIDSL PPCCTNGS PPCCTNGSDSL PPICEFOI PPICEGASFOI PPADSL PPAFOI PPANGS PPDBGS PPDDSL PPDFOI PPDNGS PPDGSL PPDGLP PPDBIM ELE_TRANS HYD_G_PROD ELE_DIST HYD_DIST T4DSL_PRI T4GSL_PRI T4LPG_PRI T4ELE_PRI T4GSL_PUB T4LPG_PUB T4ELE_PUB T4NGS_PRI T4DSL_PUB T4HYD_PUB T4DSL_TUR T4GSL_TUR T4LPG_TUR T4ELE_TUR T4HYD_TUR T4ELE_HEA T4DSL_HEA T4GSL_HEA T4LPG_HEA T4HYD_HEA T4DSL_LIG T4GSL_LIG T4LPG_LIG T4ELE_LIG T4NGS_LIG TRAUTDSL TRAUTGSL TRAUTLPG TRAUTELE TRAUTHG TRTAXGSL TRTAXLPG TRTAXELE TRMOTGSL TRMOTELE TRSUVDSL TRSUVGSL TRSUVLPG TRSUVELE TRSUVNGS TRBPUDSL TRBPUGSL TRBPULPG TRBPUELE TRBPUHYD TRBTURDSL TRBTURGSL TRBTURLPG TRBTURELE TRBTURHYD TRMBSDSL TRMBSGSL TRMBSLPG TRMBSELE TRXTTELELE TRXTRAIELE TRXTRAIFREELE TRYTKDSL TRYTKGSL TRYTKLPG TRYTKELE TRYTKHYD TRYTKHD TRYLFDSL TRYLFGSL TRYLFLPG TRYLFELE TRYLFNGS TRYLFHD Techs_Auto Techs_Taxi Techs_Motos Techs_SUV Techs_Buses_Pub Techs_Buses_Tur Techs_Buses_Micro Techs_Telef Techs_Trains Techs_Trains_Freight Techs_He_Freight Techs_Li_Freight TRXBUSEFIELE Techs_Bus_Efi :=
RD 1.0 1.0 1.0 1.0 1.0 1.0 1.0 1.0 1.0 31.356 1.0 1.0 1.0 31.356 31.356 31.356 31.356 31.356 31.356 31.356 31.356 31.356 31.356 1.0 1.0 1.0 1.0 1.0 1.0 1.0 31.356 31.356 31.356 31.356 31.356 31.356 31.356 31.356 31.356 31.356 31.356 31.356 31.356 31.356 31.356 31.356 31.356 31.356 31.356 1.0 1.0 1.0 10.0 1.0 1.0 1.0 1.0 1.0 1.0 1.0 1.0 1.0 1.0 1.0 1.0 1.0 1.0 1.0 1.0 1.0 1.0 1.0 1.0 1.0 1.0 1.0 1.0 1.0 1.0 1.0 1.0 1.0 1.0 1.0 1.0 1.0 1.0 1.0 1.0 1.0 1.0 1.0 1.0 1.0 1.0 1.0 1.0 1.0 1.0 1.0 1.0 1.0 1.0 1.0 1.0 1.0 1.0 1.0 1.0 1.0 1.0 1.0 1.0 1.0 1.0 1.0 1.0 1.0 1.0 1.0 1.0 1.0 1.0 1.0 1.0 1.0 1.0 1.0 1.0 1.0 1.0 1.0 1.0 1.0 1.0 1.0 
;

param CapitalCost default 0 :=
[RD,*,*]:
2018 2019 2020 2021 2022 2023 2024 2025 2026 2027 2028 2029 2030 2031 2032 2033 2034 2035 2036 2037 2038 2039 2040 2041 2042 2043 2044 2045 2046 2047 2048 2049 2050 :=
IMP_ELE 1642.8571 1642.8571 1642.8571 1642.8571 1642.8571 1642.8571 1642.8571 1642.8571 1642.8571 1642.8571 1642.8571 1642.8571 1642.8571 1642.8571 1642.8571 1642.8571 1642.8571 1642.8571 1642.8571 1642.8571 1642.8571 1642.8571 1642.8571 1642.8571 1642.8571 1642.8571 1642.8571 1642.8571 1642.8571 1642.8571 1642.8571 1642.8571 1642.8571 
PPHDAM 3007.7097 3007.7097 3007.7097 3007.7097 3007.7097 3007.7097 3007.7097 3007.7097 3007.7097 3007.7097 3007.7097 3007.7097 3007.7097 3007.7097 3007.7097 3007.7097 3007.7097 3007.7097 3007.7097 3007.7097 3007.7097 3007.7097 2887.188 2887.188 2887.188 2887.188 2887.188 2887.188 2887.188 2887.188 2887.188 2887.188 2887.188 
PPHROR 8461.0499 8461.0499 8461.0499 8461.0499 8461.0499 8461.0499 8461.0499 8461.0499 8461.0499 8461.0499 8461.0499 8461.0499 8461.0499 8461.0499 8461.0499 8461.0499 8461.0499 8461.0499 8461.0499 8461.0499 8461.0499 8461.0499 8461.0499 8461.0499 8461.0499 8461.0499 8461.0499 8461.0499 8461.0499 8461.0499 8461.0499 8461.0499 8461.0499 
PPGEO 4000.0 4000.0 4000.0 4000.0 4000.0 4000.0 4000.0 4000.0 4000.0 4000.0 4000.0 4000.0 4000.0 4000.0 4000.0 4000.0 4000.0 4000.0 4000.0 4000.0 4000.0 4000.0 4000.0 4000.0 4000.0 4000.0 4000.0 4000.0 4000.0 4000.0 4000.0 4000.0 4000.0 
PPWNDON 1749.26 1749.26 1688.0 1626.74 1565.48 1504.22 1442.96 3279.96 3149.7 3019.44 2889.18 2759.92 2629.6601 2608.2935 2585.9269 2564.5602 2543.1936 2521.827 2500.4604 2478.0938 2456.7272 2435.3606 2413.994 2391.6274 2370.2608 2348.8942 2327.5276 2306.161 2283.7944 2262.4278 2241.0612 2219.6946 2197.328 
PPPVT 1170.4607 1170.4607 1023.5 983.0834 942.6668 902.2501 861.8335 2698.8335 2589.4169 2480.0003 2370.5836 2262.167 2152.7504 2136.8714 2119.9925 2104.1136 2088.2346 2072.3557 2056.4767 2039.5978 2023.7189 2007.8399 1991.961 1975.082 1959.2031 1943.3242 1927.4452 1911.5663 1894.6873 1878.8084 1862.9295 1847.0505 1830.1716 
PPPVTHYD 1170.4607 1170.4607 1023.5 983.0834 942.6668 902.2501 861.8335 2698.8335 2589.4169 2480.0003 2370.5836 2262.167 2152.7504 2136.8714 2119.9925 2104.1136 2088.2346 2072.3557 2056.4767 2039.5978 2023.7189 2007.8399 1991.961 1975.082 1959.2031 1943.3242 1927.4452 1911.5663 1894.6873 1878.8084 1862.9295 1847.0505 1830.1716 
PPPVTS 1170.4607 1170.4607 1023.5 983.0834 942.6668 902.2501 861.8335 2698.8335 2589.4169 2480.0003 2370.5836 2262.167 2152.7504 2136.8714 2119.9925 2104.1136 2088.2346 2072.3557 2056.4767 2039.5978 2023.7189 2007.8399 1991.961 1975.082 1959.2031 1943.3242 1927.4452 1911.5663 1894.6873 1878.8084 1862.9295 1847.0505 1830.1716 
PPPVD 1753.7986 1753.7986 1753.7986 1753.7986 1906.3028 1847.9595 1789.6163 1731.273 1672.9297 1614.5865 1556.2432 1497.8999 1439.5566 1381.2134 1322.8701 1264.5268 1206.1836 1147.8403 1128.6906 1109.541 1090.3913 1071.2417 1052.092 1032.9424 1013.7927 994.6431 975.4934 956.3438 937.1941 918.0445 898.8948 879.7452 860.5955 
PPWNDOFF 1749.26 1749.26 1688.0 1626.74 1565.48 1504.22 1442.96 3279.96 3149.7 3019.44 2889.18 2759.92 2629.6601 2608.2935 2585.9269 2564.5602 2543.1936 2521.827 2500.4604 2478.0938 2456.7272 2435.3606 2413.994 2391.6274 2370.2608 2348.8942 2327.5276 2306.161 2283.7944 2262.4278 2241.0612 2219.6946 2197.328 
PPDHYD 1980.0 1980.0 1980.0 1980.0 1980.0 1980.0 1980.0 1980.0 1980.0 1980.0 1980.0 1980.0 1980.0 1980.0 1980.0 1980.0 1980.0 1980.0 1980.0 1980.0 1980.0 1980.0 1980.0 1980.0 1980.0 1980.0 1980.0 1980.0 1980.0 1980.0 1980.0 1980.0 1980.0 
REF_DSL 0.0 0.0 0.0 0.0 0.0 0.0 0.0 0.0 0.0 0.0 0.0 0.0 0.0 0.0 0.0 0.0 0.0 0.0 0.0 0.0 0.0 0.0 0.0 0.0 0.0 0.0 0.0 0.0 0.0 0.0 0.0 0.0 0.0 
REF_GSL 0.0 0.0 0.0 0.0 0.0 0.0 0.0 0.0 0.0 0.0 0.0 0.0 0.0 0.0 0.0 0.0 0.0 0.0 0.0 0.0 0.0 0.0 0.0 0.0 0.0 0.0 0.0 0.0 0.0 0.0 0.0 0.0 0.0 
REF_LPG 0.0 0.0 0.0 0.0 0.0 0.0 0.0 0.0 0.0 0.0 0.0 0.0 0.0 0.0 0.0 0.0 0.0 0.0 0.0 0.0 0.0 0.0 0.0 0.0 0.0 0.0 0.0 0.0 0.0 0.0 0.0 0.0 0.0 
REF_FOI 0.0 0.0 0.0 0.0 0.0 0.0 0.0 0.0 0.0 0.0 0.0 0.0 0.0 0.0 0.0 0.0 0.0 0.0 0.0 0.0 0.0 0.0 0.0 0.0 0.0 0.0 0.0 0.0 0.0 0.0 0.0 0.0 0.0 
PPBIM 38.46 38.46 38.46 38.46 38.46 38.46 38.46 38.46 38.46 38.46 38.46 38.46 38.46 38.46 38.46 38.46 38.46 38.46 38.46 38.46 38.46 38.46 38.46 38.46 38.46 38.46 38.46 38.46 38.46 38.46 38.46 38.46 38.46 
PPBGS 0.0 0.0 0.0 0.0 0.0 0.0 0.0 0.0 0.0 0.0 0.0 0.0 0.0 0.0 0.0 0.0 0.0 0.0 0.0 0.0 0.0 0.0 0.0 0.0 0.0 0.0 0.0 0.0 0.0 0.0 0.0 0.0 0.0 
PPCOA 3676.0 3676.0 3676.0 3676.0 3676.0 3676.0 3676.0 3676.0 3676.0 3676.0 3676.0 3676.0 3676.0 3676.0 3676.0 3676.0 3676.0 3676.0 3676.0 3676.0 3676.0 3676.0 3676.0 3676.0 3676.0 3676.0 3676.0 3676.0 3676.0 3676.0 3676.0 3676.0 3676.0 
PPCCTDSL 1100.0 1100.0 1100.0 1100.0 1100.0 1100.0 1100.0 1100.0 1100.0 1100.0 1100.0 1100.0 1100.0 1100.0 1100.0 1100.0 1100.0 1100.0 1100.0 1100.0 1100.0 1100.0 1100.0 1100.0 1100.0 1100.0 1100.0 1100.0 1100.0 1100.0 1100.0 1100.0 1100.0 
PPCCFOIDSL 1100.0 1100.0 1100.0 1100.0 1100.0 1100.0 1100.0 1100.0 1100.0 1100.0 1100.0 1100.0 1100.0 1100.0 1100.0 1100.0 1100.0 1100.0 1100.0 1100.0 1100.0 1100.0 1100.0 1100.0 1100.0 1100.0 1100.0 1100.0 1100.0 1100.0 1100.0 1100.0 1100.0 
PPCCTNGS 1084.0 1084.0 1084.0 1010.7413 1005.018 991.2819 982.1246 975.2566 967.2439 961.5206 955.7973 952.3633 946.6399 943.2059 938.6272 935.1932 930.6146 927.1806 922.6019 919.1679 914.5892 911.1552 907.7212 903.1426 899.7086 895.1299 891.6959 887.1172 883.6832 879.1045 876.8152 874.5259 874.5259 
PPCCTNGSDSL 1084.0 1084.0 1084.0 1010.7413 1005.018 991.2819 982.1246 975.2566 967.2439 961.5206 955.7973 952.3633 946.6399 943.2059 938.6272 935.1932 930.6146 927.1806 922.6019 919.1679 914.5892 911.1552 907.7212 903.1426 899.7086 895.1299 891.6959 887.1172 883.6832 879.1045 876.8152 874.5259 874.5259 
PPICEFOI 1100.0 1100.0 1100.0 1100.0 1100.0 1100.0 1100.0 1100.0 1100.0 1100.0 1100.0 1100.0 1100.0 1100.0 1100.0 1100.0 1100.0 1100.0 1100.0 1100.0 1100.0 1100.0 1100.0 1100.0 1100.0 1100.0 1100.0 1100.0 1100.0 1100.0 1100.0 1100.0 1100.0 
PPICEGASFOI 1084.0 1084.0 1084.0 1010.7413 1005.018 991.2819 982.1246 975.2566 967.2439 961.5206 955.7973 952.3633 946.6399 943.2059 938.6272 935.1932 930.6146 927.1806 922.6019 919.1679 914.5892 911.1552 907.7212 903.1426 899.7086 895.1299 891.6959 887.1172 883.6832 879.1045 876.8152 874.5259 874.5259 
PPADSL 1084.0 1084.0 1084.0 1010.7413 1005.018 991.2819 982.1246 975.2566 967.2439 961.5206 955.7973 952.3633 946.6399 943.2059 938.6272 935.1932 930.6146 927.1806 922.6019 919.1679 914.5892 911.1552 907.7212 903.1426 899.7086 895.1299 891.6959 887.1172 883.6832 879.1045 876.8152 874.5259 874.5259 
PPAFOI 1084.0 1084.0 1084.0 1010.7413 1005.018 991.2819 982.1246 975.2566 967.2439 961.5206 955.7973 952.3633 946.6399 943.2059 938.6272 935.1932 930.6146 927.1806 922.6019 919.1679 914.5892 911.1552 907.7212 903.1426 899.7086 895.1299 891.6959 887.1172 883.6832 879.1045 876.8152 874.5259 874.5259 
PPANGS 1084.0 1084.0 1084.0 1010.7413 1005.018 991.2819 982.1246 975.2566 967.2439 961.5206 955.7973 952.3633 946.6399 943.2059 938.6272 935.1932 930.6146 927.1806 922.6019 919.1679 914.5892 911.1552 907.7212 903.1426 899.7086 895.1299 891.6959 887.1172 883.6832 879.1045 876.8152 874.5259 874.5259 
PPDBGS 1084.0 1084.0 1084.0 1010.7413 1005.018 991.2819 982.1246 975.2566 967.2439 961.5206 955.7973 952.3633 946.6399 943.2059 938.6272 935.1932 930.6146 927.1806 922.6019 919.1679 914.5892 911.1552 907.7212 903.1426 899.7086 895.1299 891.6959 887.1172 883.6832 879.1045 876.8152 874.5259 874.5259 
PPDDSL 1084.0 1084.0 1084.0 1010.7413 1005.018 991.2819 982.1246 975.2566 967.2439 961.5206 955.7973 952.3633 946.6399 943.2059 938.6272 935.1932 930.6146 927.1806 922.6019 919.1679 914.5892 911.1552 907.7212 903.1426 899.7086 895.1299 891.6959 887.1172 883.6832 879.1045 876.8152 874.5259 874.5259 
PPDFOI 1084.0 1084.0 1084.0 1010.7413 1005.018 991.2819 982.1246 975.2566 967.2439 961.5206 955.7973 952.3633 946.6399 943.2059 938.6272 935.1932 930.6146 927.1806 922.6019 919.1679 914.5892 911.1552 907.7212 903.1426 899.7086 895.1299 891.6959 887.1172 883.6832 879.1045 876.8152 874.5259 874.5259 
PPDNGS 1084.0 1084.0 1084.0 1010.7413 1005.018 991.2819 982.1246 975.2566 967.2439 961.5206 955.7973 952.3633 946.6399 943.2059 938.6272 935.1932 930.6146 927.1806 922.6019 919.1679 914.5892 911.1552 907.7212 903.1426 899.7086 895.1299 891.6959 887.1172 883.6832 879.1045 876.8152 874.5259 874.5259 
PPDGSL 1084.0 1084.0 1084.0 1010.7413 1005.018 991.2819 982.1246 975.2566 967.2439 961.5206 955.7973 952.3633 946.6399 943.2059 938.6272 935.1932 930.6146 927.1806 922.6019 919.1679 914.5892 911.1552 907.7212 903.1426 899.7086 895.1299 891.6959 887.1172 883.6832 879.1045 876.8152 874.5259 874.5259 
PPDGLP 1084.0 1084.0 1084.0 1010.7413 1005.018 991.2819 982.1246 975.2566 967.2439 961.5206 955.7973 952.3633 946.6399 943.2059 938.6272 935.1932 930.6146 927.1806 922.6019 919.1679 914.5892 911.1552 907.7212 903.1426 899.7086 895.1299 891.6959 887.1172 883.6832 879.1045 876.8152 874.5259 874.5259 
PPDBIM 1084.0 1084.0 1084.0 1010.7413 1005.018 991.2819 982.1246 975.2566 967.2439 961.5206 955.7973 952.3633 946.6399 943.2059 938.6272 935.1932 930.6146 927.1806 922.6019 919.1679 914.5892 911.1552 907.7212 903.1426 899.7086 895.1299 891.6959 887.1172 883.6832 879.1045 876.8152 874.5259 874.5259 
ELE_TRANS 2.7251 2.7251 2.7251 2.7251 2.7251 2.7251 2.7251 2.7251 2.7251 2.7251 2.7251 2.7251 2.7251 2.7251 2.7251 2.7251 2.7251 2.7251 2.7251 2.7251 2.7251 2.7251 2.7251 2.7251 2.7251 2.7251 2.7251 2.7251 2.7251 2.7251 2.7251 2.7251 2.7251 
HYD_G_PROD 112.0 112.0 112.0 112.0 112.0 112.0 112.0 112.0 112.0 112.0 112.0 112.0 112.0 112.0 112.0 112.0 112.0 112.0 112.0 112.0 112.0 112.0 112.0 112.0 112.0 112.0 112.0 112.0 112.0 112.0 112.0 112.0 112.0 
ELE_DIST 0.9813 0.9813 0.9813 0.9813 0.9813 0.9813 0.9813 0.9813 0.9813 0.9813 0.9813 0.9813 0.9813 0.9813 0.9813 0.9813 0.9813 0.9813 0.9813 0.9813 0.9813 0.9813 0.9813 0.9813 0.9813 0.9813 0.9813 0.9813 0.9813 0.9813 0.9813 0.9813 0.9813 
HYD_DIST 4.5 4.5 4.5 4.5 4.5 4.5 4.5 4.5 4.5 4.5 4.5 4.5 4.5 4.5 4.5 4.5 4.5 4.5 4.5 4.5 4.5 4.5 4.5 4.5 4.5 4.5 4.5 4.5 4.5 4.5 4.5 4.5 4.5 
TRAUTDSL 1536.6667 1536.6667 2048.8889 1774.3891 1536.6654 1536.6654 1536.6654 1536.6654 1536.6654 1536.6654 1536.6654 1536.6654 1536.6654 1536.6654 1536.6654 1536.6654 1536.6654 1536.6654 1536.6654 1536.6654 1536.6654 1536.6654 1536.6654 1536.6654 1536.6654 1536.6654 1536.6654 1536.6654 1536.6654 1536.6654 1536.6654 1536.6654 1536.6654 
TRAUTGSL 1400.5995 1400.5995 1867.466 1617.2724 1400.5984 1400.5984 1400.5984 1400.5984 1400.5984 1400.5984 1400.5984 1400.5984 1400.5984 1400.5984 1400.5984 1400.5984 1400.5984 1400.5984 1400.5984 1400.5984 1400.5984 1400.5984 1400.5984 1400.5984 1400.5984 1400.5984 1400.5984 1400.5984 1400.5984 1400.5984 1400.5984 1400.5984 1400.5984 
TRAUTLPG 2151.3333 2151.3333 2868.4444 2484.1448 2151.3316 2151.3316 2151.3316 2151.3316 2151.3316 2151.3316 2151.3316 2151.3316 2151.3316 2151.3316 2151.3316 2151.3316 2151.3316 2151.3316 2151.3316 2151.3316 2151.3316 2151.3316 2151.3316 2151.3316 2151.3316 2151.3316 2151.3316 2151.3316 2151.3316 2151.3316 2151.3316 2151.3316 2151.3316 
TRAUTELE 4000.0 3795.4472 4785.8627 3997.7051 3333.3339 3230.2993 3128.7813 3051.5101 2974.2389 2896.9678 2821.2133 2743.9421 2666.6709 2660.6044 2654.5379 2646.974 2640.9075 2634.841 2628.7745 2621.2105 2615.144 2609.0775 2603.0302 2596.9637 2589.3806 2583.3333 2577.2668 2571.2003 2563.6363 2557.5698 2551.5033 2545.456 2537.8729 
TRAUTHG 4080.0 3790.9368 4780.1753 3992.9543 3329.3726 3226.4604 3125.0631 3047.8838 2970.7044 2893.5251 2817.8606 2740.6812 2663.5019 2657.4426 2651.3833 2643.8284 2637.7691 2631.7098 2625.6505 2618.0955 2612.0362 2605.9769 2599.9368 2593.8775 2586.3034 2580.2633 2574.204 2568.1447 2560.5897 2554.5304 2548.4712 2542.431 2534.8569 
TRTAXGSL 233.4333 233.4333 311.2444 269.5455 233.4331 233.4331 233.4331 233.4331 233.4331 233.4331 233.4331 233.4331 233.4331 233.4331 233.4331 233.4331 233.4331 233.4331 233.4331 233.4331 233.4331 233.4331 233.4331 233.4331 233.4331 233.4331 233.4331 233.4331 233.4331 233.4331 233.4331 233.4331 233.4331 
TRTAXLPG 233.4333 233.4333 311.2444 269.5455 233.4331 233.4331 233.4331 233.4331 233.4331 233.4331 233.4331 233.4331 233.4331 233.4331 233.4331 233.4331 233.4331 233.4331 233.4331 233.4331 233.4331 233.4331 233.4331 233.4331 233.4331 233.4331 233.4331 233.4331 233.4331 233.4331 233.4331 233.4331 233.4331 
TRTAXELE 666.6667 632.5427 797.8915 666.0068 555.139 538.4931 521.015 508.5306 495.2139 482.7295 470.2452 456.9285 444.4441 441.1149 436.9535 433.6243 430.2951 426.966 422.8045 419.4753 416.1462 412.817 409.4878 405.3264 401.9972 398.668 395.3388 391.1774 387.8482 384.519 381.1899 377.8607 373.6992 
TRMOTGSL 109.8543 109.8543 146.4724 126.8488 109.8542 109.8542 109.8542 109.8542 109.8542 109.8542 109.8542 109.8542 109.8542 109.8542 109.8542 109.8542 109.8542 109.8542 109.8542 109.8542 109.8542 109.8542 109.8542 109.8542 109.8542 109.8542 109.8542 109.8542 109.8542 109.8542 109.8542 109.8542 109.8542 
TRMOTELE 285.7143 285.7143 380.9524 329.9143 285.7141 285.7141 285.7141 285.7141 285.7141 285.7141 285.7141 285.7141 285.7141 285.7141 285.7141 285.7141 285.7141 285.7141 285.7141 285.7141 285.7141 285.7141 285.7141 285.7141 285.7141 285.7141 285.7141 285.7141 285.7141 285.7141 285.7141 285.7141 285.7141 
TRSUVDSL 2624.1293 2624.1293 3498.8391 3030.0824 2624.1272 2624.1272 2624.1272 2624.1272 2624.1272 2624.1272 2624.1272 2624.1272 2624.1272 2624.1272 2624.1272 2624.1272 2624.1272 2624.1272 2624.1272 2624.1272 2624.1272 2624.1272 2624.1272 2624.1272 2624.1272 2624.1272 2624.1272 2624.1272 2624.1272 2624.1272 2624.1272 2624.1272 2624.1272 
TRSUVGSL 2624.1293 2624.1293 3498.8391 3030.0824 2624.1272 2624.1272 2624.1272 2624.1272 2624.1272 2624.1272 2624.1272 2624.1272 2624.1272 2624.1272 2624.1272 2624.1272 2624.1272 2624.1272 2624.1272 2624.1272 2624.1272 2624.1272 2624.1272 2624.1272 2624.1272 2624.1272 2624.1272 2624.1272 2624.1272 2624.1272 2624.1272 2624.1272 2624.1272 
TRSUVLPG 3673.7811 3673.7811 4898.3748 4242.1153 3673.7781 3673.7781 3673.7781 3673.7781 3673.7781 3673.7781 3673.7781 3673.7781 3673.7781 3673.7781 3673.7781 3673.7781 3673.7781 3673.7781 3673.7781 3673.7781 3673.7781 3673.7781 3673.7781 3673.7781 3673.7781 3673.7781 3673.7781 3673.7781 3673.7781 3673.7781 3673.7781 3673.7781 3673.7781 
TRSUVELE 5248.2587 5014.4241 6374.1195 5250.1385 4312.9171 4234.9795 4157.0311 4053.1107 3949.1796 3845.2485 3741.328 3689.3625 3637.3969 3628.672 3619.9471 3611.2115 3602.4865 3593.751 3585.026 3576.2904 3567.5655 3558.8299 3550.105 3541.3694 3532.6445 3523.9196 3515.184 3506.4591 3497.7235 3488.9986 3480.263 3471.538 3462.8025 
TRSUVNGS 2624.1293 2624.1293 3498.8391 3030.0824 2624.1272 2624.1272 2624.1272 2624.1272 2624.1272 2624.1272 2624.1272 2624.1272 2624.1272 2624.1272 2624.1272 2624.1272 2624.1272 2624.1272 2624.1272 2624.1272 2624.1272 2624.1272 2624.1272 2624.1272 2624.1272 2624.1272 2624.1272 2624.1272 2624.1272 2624.1272 2624.1272 2624.1272 2624.1272 
TRBPUDSL 3229.8806 3229.8806 4306.5075 3729.5434 3229.878 3229.878 3229.878 3229.878 3229.878 3229.878 3229.878 3229.878 3229.878 3229.878 3229.878 3229.878 3229.878 3229.878 3229.878 3229.878 3229.878 3229.878 3229.878 3229.878 3229.878 3229.878 3229.878 3229.878 3229.878 3229.878 3229.878 3229.878 3229.878 
TRBPUGSL 3229.8806 3229.8806 4306.5075 3729.5434 3229.878 3229.878 3229.878 3229.878 3229.878 3229.878 3229.878 3229.878 3229.878 3229.878 3229.878 3229.878 3229.878 3229.878 3229.878 3229.878 3229.878 3229.878 3229.878 3229.878 3229.878 3229.878 3229.878 3229.878 3229.878 3229.878 3229.878 3229.878 3229.878 
TRBPULPG 3552.8687 3552.8687 4737.1582 4102.4977 3552.8658 3552.8658 3552.8658 3552.8658 3552.8658 3552.8658 3552.8658 3552.8658 3552.8658 3552.8658 3552.8658 3552.8658 3552.8658 3552.8658 3552.8658 3552.8658 3552.8658 3552.8658 3552.8658 3552.8658 3552.8658 3552.8658 3552.8658 3552.8658 3552.8658 3552.8658 3552.8658 3552.8658 3552.8658 
TRBPUELE 23030.303 22005.4775 27969.4908 23038.9138 18927.4519 18584.6658 18241.8796 17786.0093 17330.139 16874.2687 16418.3984 16188.6963 15962.5281 15923.6554 15884.7828 15845.9101 15807.0374 15771.6987 15732.826 15693.9533 15655.0807 15616.208 15577.3354 15541.9966 15503.1239 15464.2513 15425.3786 15386.5059 15347.6333 15312.2945 15273.4218 15234.5492 15195.6765 
TRBPUHYD 12112.0523 12036.9874 15947.9631 13724.6582 11810.8331 11734.8181 11659.7532 11583.7382 11508.6734 11433.6086 11357.5936 11282.5287 11207.4639 11131.4489 11056.3841 10981.3192 10905.3042 10830.2394 10755.1746 10679.1595 10604.0947 10529.0299 10453.0149 10377.95 10301.935 10226.8702 10151.8054 10075.7903 10000.7255 9925.6607 9849.6457 9774.5808 9699.516 
TRBTURDSL 3229.8805 3229.8805 4306.5074 3729.5433 3229.8779 3229.8779 3229.8779 3229.8779 3229.8779 3229.8779 3229.8779 3229.8779 3229.8779 3229.8779 3229.8779 3229.8779 3229.8779 3229.8779 3229.8779 3229.8779 3229.8779 3229.8779 3229.8779 3229.8779 3229.8779 3229.8779 3229.8779 3229.8779 3229.8779 3229.8779 3229.8779 3229.8779 3229.8779 
TRBTURGSL 3229.8806 3229.8806 4306.5075 3729.5434 3229.878 3229.878 3229.878 3229.878 3229.878 3229.878 3229.878 3229.878 3229.878 3229.878 3229.878 3229.878 3229.878 3229.878 3229.878 3229.878 3229.878 3229.878 3229.878 3229.878 3229.878 3229.878 3229.878 3229.878 3229.878 3229.878 3229.878 3229.878 3229.878 
TRBTURLPG 3568.1675 3568.1675 4757.5567 4120.1633 3568.1647 3568.1647 3568.1647 3568.1647 3568.1647 3568.1647 3568.1647 3568.1647 3568.1647 3568.1647 3568.1647 3568.1647 3568.1647 3568.1647 3568.1647 3568.1647 3568.1647 3568.1647 3568.1647 3568.1647 3568.1647 3568.1647 3568.1647 3568.1647 3568.1647 3568.1647 3568.1647 3568.1647 3568.1647 
TRBTURELE 10909.0909 10423.6472 13248.7062 10913.1697 8965.6351 8803.2627 8640.8903 8424.9518 8209.0132 7993.0746 7777.1361 7668.3298 7561.1975 7542.7842 7524.3708 7505.9574 7487.5441 7470.8046 7452.3913 7433.9779 7415.5645 7397.1512 7378.7378 7361.9984 7343.585 7325.1716 7306.7583 7288.3449 7269.9316 7253.1921 7234.7788 7216.3654 7197.952 
TRBTURHYD 12112.7647 12037.6954 15948.9011 13725.4654 11811.5278 11735.5083 11660.439 11584.4195 11509.3503 11434.2811 11358.2616 11283.1923 11208.1231 11132.1036 11057.0343 10981.9651 10905.9456 10830.8764 10755.8071 10679.7876 10604.7184 10529.6492 10453.6297 10378.5604 10302.5409 10227.4717 10152.4025 10076.383 10001.3137 9926.2445 9850.225 9775.1558 9700.0865 
TRMBSDSL 627.1432 627.1432 836.1909 724.1623 627.1427 627.1427 627.1427 627.1427 627.1427 627.1427 627.1427 627.1427 627.1427 627.1427 627.1427 627.1427 627.1427 627.1427 627.1427 627.1427 627.1427 627.1427 627.1427 627.1427 627.1427 627.1427 627.1427 627.1427 627.1427 627.1427 627.1427 627.1427 627.1427 
TRMBSGSL 627.1432 627.1432 836.1909 724.1623 627.1427 627.1427 627.1427 627.1427 627.1427 627.1427 627.1427 627.1427 627.1427 627.1427 627.1427 627.1427 627.1427 627.1427 627.1427 627.1427 627.1427 627.1427 627.1427 627.1427 627.1427 627.1427 627.1427 627.1427 627.1427 627.1427 627.1427 627.1427 627.1427 
TRMBSLPG 1285.6435 1285.6435 1714.1914 1484.5327 1285.6425 1285.6425 1285.6425 1285.6425 1285.6425 1285.6425 1285.6425 1285.6425 1285.6425 1285.6425 1285.6425 1285.6425 1285.6425 1285.6425 1285.6425 1285.6425 1285.6425 1285.6425 1285.6425 1285.6425 1285.6425 1285.6425 1285.6425 1285.6425 1285.6425 1285.6425 1285.6425 1285.6425 1285.6425 
TRMBSELE 878.0005 838.9305 1066.3 878.3285 721.5846 708.5166 695.4486 678.0683 660.6895 643.3092 625.9304 617.1732 608.55 607.0679 605.5874 604.1052 602.6231 601.275 599.7929 598.3123 596.8302 595.3481 593.8659 592.5178 591.0357 589.5551 588.073 586.5909 585.1087 583.7606 582.2801 580.798 579.3158 
TRYTKDSL 10960.2389 10960.2389 14613.6519 12655.7888 10960.2302 10960.2302 10960.2302 10960.2302 10960.2302 10960.2302 10960.2302 10960.2302 10960.2302 10960.2302 10960.2302 10960.2302 10960.2302 10960.2302 10960.2302 10960.2302 10960.2302 10960.2302 10960.2302 10960.2302 10960.2302 10960.2302 10960.2302 10960.2302 10960.2302 10960.2302 10960.2302 10960.2302 10960.2302 
TRYTKGSL 10960.2389 10960.2389 14613.6519 12655.7888 10960.2302 10960.2302 10960.2302 10960.2302 10960.2302 10960.2302 10960.2302 10960.2302 10960.2302 10960.2302 10960.2302 10960.2302 10960.2302 10960.2302 10960.2302 10960.2302 10960.2302 10960.2302 10960.2302 10960.2302 10960.2302 10960.2302 10960.2302 10960.2302 10960.2302 10960.2302 10960.2302 10960.2302 10960.2302 
TRYTKLPG 15345.4305 15345.4305 20460.574 17719.3699 15345.4184 15345.4184 15345.4184 15345.4184 15345.4184 15345.4184 15345.4184 15345.4184 15345.4184 15345.4184 15345.4184 15345.4184 15345.4184 15345.4184 15345.4184 15345.4184 15345.4184 15345.4184 15345.4184 15345.4184 15345.4184 15345.4184 15345.4184 15345.4184 15345.4184 15345.4184 15345.4184 15345.4184 15345.4184 
TRYTKELE 13333.3333 13294.5996 17678.4606 15265.2641 13184.3471 13145.6135 13109.8593 13071.1256 13035.3715 12996.6378 12960.8836 12922.15 12886.3958 12847.6621 12808.9284 12773.1743 12734.4406 12698.6864 12659.9528 12624.1986 12585.4649 12549.7108 12510.9771 12475.2229 12436.4893 12400.7351 12362.0014 12323.2677 12287.5136 12248.7799 12213.0257 12174.2921 12138.5379 
TRYTKHYD 40647.1419 40392.6691 53517.595 46059.3896 39634.113 39379.6404 39130.0615 38875.5888 38621.1162 38371.5373 38117.0646 37862.592 37608.1194 37358.5404 37104.0678 36849.5952 36600.0162 36345.5436 36091.071 35836.5983 35587.0194 35332.5468 35078.0741 34828.4952 34574.0225 34319.5499 34069.971 33815.4983 33561.0257 33306.5531 33056.9741 32802.5015 32548.0289 
TRYTKHD 16191.5609 16191.5609 21588.7479 18696.3967 16191.5481 16191.5481 16191.5481 16191.5481 16191.5481 16191.5481 16191.5481 16191.5481 16191.5481 16191.5481 16191.5481 16191.5481 16191.5481 16191.5481 16191.5481 16191.5481 16191.5481 16191.5481 16191.5481 16191.5481 16191.5481 16191.5481 16191.5481 16191.5481 16191.5481 16191.5481 16191.5481 16191.5481 16191.5481 
TRYLFDSL 1940.7356 1940.7356 2587.6474 2240.9675 1940.734 1940.734 1940.734 1940.734 1940.734 1940.734 1940.734 1940.734 1940.734 1940.734 1940.734 1940.734 1940.734 1940.734 1940.734 1940.734 1940.734 1940.734 1940.734 1940.734 1940.734 1940.734 1940.734 1940.734 1940.734 1940.734 1940.734 1940.734 1940.734 
TRYLFGSL 1940.7356 1940.7356 2587.6474 2240.9675 1940.734 1940.734 1940.734 1940.734 1940.734 1940.734 1940.734 1940.734 1940.734 1940.734 1940.734 1940.734 1940.734 1940.734 1940.734 1940.734 1940.734 1940.734 1940.734 1940.734 1940.734 1940.734 1940.734 1940.734 1940.734 1940.734 1940.734 1940.734 1940.734 
TRYLFLPG 2717.0298 2717.0298 3622.7064 3137.3545 2717.0276 2717.0276 2717.0276 2717.0276 2717.0276 2717.0276 2717.0276 2717.0276 2717.0276 2717.0276 2717.0276 2717.0276 2717.0276 2717.0276 2717.0276 2717.0276 2717.0276 2717.0276 2717.0276 2717.0276 2717.0276 2717.0276 2717.0276 2717.0276 2717.0276 2717.0276 2717.0276 2717.0276 2717.0276 
TRYLFELE 4580.1359 4376.0694 5562.6705 4581.7764 3763.8669 3695.8509 3627.8257 3537.1347 3446.4344 3355.7341 3265.0431 3219.693 3174.3429 3166.7286 3159.1144 3151.4909 3143.8767 3136.2532 3128.639 3121.0155 3113.4013 3105.7777 3098.1635 3090.54 3082.9258 3075.3116 3067.6881 3060.0739 3052.4504 3044.8362 3037.2126 3029.5984 3021.9749 
TRYLFNGS 33898090.4694 33898090.4694 45197453.9592 39142127.9181 33898063.7276 33898063.7276 33898063.7276 33898063.7276 33898063.7276 33898063.7276 33898063.7276 33898063.7276 33898063.7276 33898063.7276 33898063.7276 33898063.7276 33898063.7276 33898063.7276 33898063.7276 33898063.7276 33898063.7276 33898063.7276 33898063.7276 33898063.7276 33898063.7276 33898063.7276 33898063.7276 33898063.7276 33898063.7276 33898063.7276 33898063.7276 33898063.7276 33898063.7276 
TRYLFHD 4250.2109 4250.2109 5666.9478 4907.7188 4250.2075 4250.2075 4250.2075 4250.2075 4250.2075 4250.2075 4250.2075 4250.2075 4250.2075 4250.2075 4250.2075 4250.2075 4250.2075 4250.2075 4250.2075 4250.2075 4250.2075 4250.2075 4250.2075 4250.2075 4250.2075 4250.2075 4250.2075 4250.2075 4250.2075 4250.2075 4250.2075 4250.2075 4250.2075 
;

param EmissionActivityRatio default 0 :=
[RD,PPICEFOI,CO2e_PP,*,*]:
2018 2019 2020 2021 2022 2023 2024 2025 2026 2027 2028 2029 2030 2031 2032 2033 2034 2035 2036 2037 2038 2039 2040 2041 2042 2043 2044 2045 2046 2047 2048 2049 2050 :=
1 0.1262 0.1416 0.1308 0.1664 0.1703 0.1703 0.1703 0.1703 0.1703 0.1703 0.1703 0.1703 0.1703 0.1703 0.1703 0.1703 0.1703 0.1703 0.1703 0.1703 0.1703 0.1703 0.1703 0.1703 0.1703 0.1703 0.1703 0.1703 0.1703 0.1703 0.1703 0.1703 0.1703 
[RD,T5KERRES,CO2e_DE,*,*]:
2018 2019 2020 2021 2022 2023 2024 2025 2026 2027 2028 2029 2030 2031 2032 2033 2034 2035 2036 2037 2038 2039 2040 2041 2042 2043 2044 2045 2046 2047 2048 2049 2050 :=
1 0.072339 0.072339 0.072339 0.072339 0.072339 0.072339 0.072339 0.072339 0.072339 0.072339 0.072339 0.072339 0.072339 0.072339 0.072339 0.072339 0.072339 0.072339 0.072339 0.072339 0.072339 0.072339 0.072339 0.072339 0.072339 0.072339 0.072339 0.072339 0.072339 0.072339 0.072339 0.072339 0.072339 
[RD,PPCCFOIDSL,CO2e_PP,*,*]:
2018 2019 2020 2021 2022 2023 2024 2025 2026 2027 2028 2029 2030 2031 2032 2033 2034 2035 2036 2037 2038 2039 2040 2041 2042 2043 2044 2045 2046 2047 2048 2049 2050 :=
1 0.0 0.0 0.0 0.0 0.0 0.0 0.0 0.0 0.0 0.0 0.0 0.0 0.0 0.0 0.0 0.0 0.0 0.0 0.0 0.0 0.0 0.0 0.0 0.0 0.0 0.0 0.0 0.0 0.0 0.0 0.0 0.0 0.0 
[RD,DIST_COA,CO2e_sources,*,*]:
2018 2019 2020 2021 2022 2023 2024 2025 2026 2027 2028 2029 2030 2031 2032 2033 2034 2035 2036 2037 2038 2039 2040 2041 2042 2043 2044 2045 2046 2047 2048 2049 2050 :=
1 0.0946 0.0946 0.0946 0.0946 0.0946 0.0946 0.0946 0.0946 0.0946 0.0946 0.0946 0.0946 0.0946 0.0946 0.0946 0.0946 0.0946 0.0946 0.0946 0.0946 0.0946 0.0946 0.0946 0.0946 0.0946 0.0946 0.0946 0.0946 0.0946 0.0946 0.0946 0.0946 0.0946 
[RD,DIST_NGS,CO2e_FUG,*,*]:
2018 2019 2020 2021 2022 2023 2024 2025 2026 2027 2028 2029 2030 2031 2032 2033 2034 2035 2036 2037 2038 2039 2040 2041 2042 2043 2044 2045 2046 2047 2048 2049 2050 :=
1 0.000460559430539422 0.000460559430539422 0.000460559430539422 0.000460559430539422 0.000460559430539422 0.000460559430539422 0.000460559430539422 0.000460559430539422 0.000460559430539422 0.000460559430539422 0.000460559430539422 0.000460559430539422 0.000460559430539422 0.000460559430539422 0.000460559430539422 0.000460559430539422 0.000460559430539422 0.000460559430539422 0.000460559430539422 0.000460559430539422 0.000460559430539422 0.000460559430539422 0.000460559430539422 0.000460559430539422 0.000460559430539422 0.000460559430539422 0.000460559430539422 0.000460559430539422 0.000460559430539422 0.000460559430539422 0.000460559430539422 0.000460559430539422 0.000460559430539422 
[RD,T4DSL_HEA,CO2e_TRN,*,*]:
2018 2019 2020 2021 2022 2023 2024 2025 2026 2027 2028 2029 2030 2031 2032 2033 2034 2035 2036 2037 2038 2039 2040 2041 2042 2043 2044 2045 2046 2047 2048 2049 2050 :=
1 0.07435380000000001 0.07435380000000001 0.07435380000000001 0.07435380000000001 0.07435380000000001 0.07435380000000001 0.07435380000000001 0.07435380000000001 0.07435380000000001 0.07435380000000001 0.07435380000000001 0.07435380000000001 0.07435380000000001 0.07435380000000001 0.07435380000000001 0.07435380000000001 0.07435380000000001 0.07435380000000001 0.07435380000000001 0.07435380000000001 0.07435380000000001 0.07435380000000001 0.07435380000000001 0.07435380000000001 0.07435380000000001 0.07435380000000001 0.07435380000000001 0.07435380000000001 0.07435380000000001 0.07435380000000001 0.07435380000000001 0.07435380000000001 0.07435380000000001 
[RD,PPCCTDSL,CO2e_PP,*,*]:
2018 2019 2020 2021 2022 2023 2024 2025 2026 2027 2028 2029 2030 2031 2032 2033 2034 2035 2036 2037 2038 2039 2040 2041 2042 2043 2044 2045 2046 2047 2048 2049 2050 :=
1 0.1767 0.1961 0.2664 0.4271 0.489 0.489 0.489 0.489 0.489 0.489 0.489 0.489 0.489 0.489 0.489 0.489 0.489 0.489 0.489 0.489 0.489 0.489 0.489 0.489 0.489 0.489 0.489 0.489 0.489 0.489 0.489 0.489 0.489 
[RD,T5ELERES,CO2e_DE,*,*]:
2018 2019 2020 2021 2022 2023 2024 2025 2026 2027 2028 2029 2030 2031 2032 2033 2034 2035 2036 2037 2038 2039 2040 2041 2042 2043 2044 2045 2046 2047 2048 2049 2050 :=
1 0.0 0.0 0.0 0.0 0.0 0.0 0.0 0.0 0.0 0.0 0.0 0.0 0.0 0.0 0.0 0.0 0.0 0.0 0.0 0.0 0.0 0.0 0.0 0.0 0.0 0.0 0.0 0.0 0.0 0.0 0.0 0.0 0.0 
[RD,T4DSL_LIG,Health,*,*]:
2018 2019 2020 2021 2022 2023 2024 2025 2026 2027 2028 2029 2030 2031 2032 2033 2034 2035 2036 2037 2038 2039 2040 2041 2042 2043 2044 2045 2046 2047 2048 2049 2050 :=
1 0.009676468585854548 0.009676468585854548 0.009676468585854548 0.009676468585854548 0.009676468585854548 0.009676468585854548 0.009676468585854548 0.009676468585854548 0.009676468585854548 0.009676468585854548 0.009676468585854548 0.009676468585854548 0.009676468585854548 0.009676468585854548 0.009676468585854548 0.009676468585854548 0.009676468585854548 0.009676468585854548 0.009676468585854548 0.009676468585854548 0.009676468585854548 0.009676468585854548 0.009676468585854548 0.009676468585854548 0.009676468585854548 0.009676468585854548 0.009676468585854548 0.009676468585854548 0.009676468585854548 0.009676468585854548 0.009676468585854548 0.009676468585854548 0.009676468585854548 
[RD,T4DSL_PUB,Health,*,*]:
2018 2019 2020 2021 2022 2023 2024 2025 2026 2027 2028 2029 2030 2031 2032 2033 2034 2035 2036 2037 2038 2039 2040 2041 2042 2043 2044 2045 2046 2047 2048 2049 2050 :=
1 0.009676468585854548 0.009676468585854548 0.009676468585854548 0.009676468585854548 0.009676468585854548 0.009676468585854548 0.009676468585854548 0.009676468585854548 0.009676468585854548 0.009676468585854548 0.009676468585854548 0.009676468585854548 0.009676468585854548 0.009676468585854548 0.009676468585854548 0.009676468585854548 0.009676468585854548 0.009676468585854548 0.009676468585854548 0.009676468585854548 0.009676468585854548 0.009676468585854548 0.009676468585854548 0.009676468585854548 0.009676468585854548 0.009676468585854548 0.009676468585854548 0.009676468585854548 0.009676468585854548 0.009676468585854548 0.009676468585854548 0.009676468585854548 0.009676468585854548 
[RD,DIST_GSL,CO2e_sources,*,*]:
2018 2019 2020 2021 2022 2023 2024 2025 2026 2027 2028 2029 2030 2031 2032 2033 2034 2035 2036 2037 2038 2039 2040 2041 2042 2043 2044 2045 2046 2047 2048 2049 2050 :=
1 0.0695538 0.0695538 0.0695538 0.0695538 0.0695538 0.0695538 0.0695538 0.0695538 0.0695538 0.0695538 0.0695538 0.0695538 0.0695538 0.0695538 0.0695538 0.0695538 0.0695538 0.0695538 0.0695538 0.0695538 0.0695538 0.0695538 0.0695538 0.0695538 0.0695538 0.0695538 0.0695538 0.0695538 0.0695538 0.0695538 0.0695538 0.0695538 0.0695538 
[RD,T5DSLIND,CO2e_DE,*,*]:
2018 2019 2020 2021 2022 2023 2024 2025 2026 2027 2028 2029 2030 2031 2032 2033 2034 2035 2036 2037 2038 2039 2040 2041 2042 2043 2044 2045 2046 2047 2048 2049 2050 :=
1 0.074343 0.074343 0.074343 0.074343 0.074343 0.074343 0.074343 0.074343 0.074343 0.074343 0.074343 0.074343 0.074343 0.074343 0.074343 0.074343 0.074343 0.074343 0.074343 0.074343 0.074343 0.074343 0.074343 0.074343 0.074343 0.074343 0.074343 0.074343 0.074343 0.074343 0.074343 0.074343 0.074343 
[RD,EXTT_NGS,CO2e_FUG,*,*]:
2018 2019 2020 2021 2022 2023 2024 2025 2026 2027 2028 2029 2030 2031 2032 2033 2034 2035 2036 2037 2038 2039 2040 2041 2042 2043 2044 2045 2046 2047 2048 2049 2050 :=
1 0.000460559430539422 0.000460559430539422 0.000460559430539422 0.000460559430539422 0.000460559430539422 0.000460559430539422 0.000460559430539422 0.000460559430539422 0.000460559430539422 0.000460559430539422 0.000460559430539422 0.000460559430539422 0.000460559430539422 0.000460559430539422 0.000460559430539422 0.000460559430539422 0.000460559430539422 0.000460559430539422 0.000460559430539422 0.000460559430539422 0.000460559430539422 0.000460559430539422 0.000460559430539422 0.000460559430539422 0.000460559430539422 0.000460559430539422 0.000460559430539422 0.000460559430539422 0.000460559430539422 0.000460559430539422 0.000460559430539422 0.000460559430539422 0.000460559430539422 
[RD,PPAFOI,CO2e_PP,*,*]:
2018 2019 2020 2021 2022 2023 2024 2025 2026 2027 2028 2029 2030 2031 2032 2033 2034 2035 2036 2037 2038 2039 2040 2041 2042 2043 2044 2045 2046 2047 2048 2049 2050 :=
1 0.2283 0.1896 0.1834 0.192 0.195 0.195 0.195 0.195 0.195 0.195 0.195 0.195 0.195 0.195 0.195 0.195 0.195 0.195 0.195 0.195 0.195 0.195 0.195 0.195 0.195 0.195 0.195 0.195 0.195 0.195 0.195 0.195 0.195 
[RD,T4DSL_LIG,CO2e_TRN,*,*]:
2018 2019 2020 2021 2022 2023 2024 2025 2026 2027 2028 2029 2030 2031 2032 2033 2034 2035 2036 2037 2038 2039 2040 2041 2042 2043 2044 2045 2046 2047 2048 2049 2050 :=
1 0.07435380000000001 0.07435380000000001 0.07435380000000001 0.07435380000000001 0.07435380000000001 0.07435380000000001 0.07435380000000001 0.07435380000000001 0.07435380000000001 0.07435380000000001 0.07435380000000001 0.07435380000000001 0.07435380000000001 0.07435380000000001 0.07435380000000001 0.07435380000000001 0.07435380000000001 0.07435380000000001 0.07435380000000001 0.07435380000000001 0.07435380000000001 0.07435380000000001 0.07435380000000001 0.07435380000000001 0.07435380000000001 0.07435380000000001 0.07435380000000001 0.07435380000000001 0.07435380000000001 0.07435380000000001 0.07435380000000001 0.07435380000000001 0.07435380000000001 
[RD,T4LPG_HEA,Health,*,*]:
2018 2019 2020 2021 2022 2023 2024 2025 2026 2027 2028 2029 2030 2031 2032 2033 2034 2035 2036 2037 2038 2039 2040 2041 2042 2043 2044 2045 2046 2047 2048 2049 2050 :=
1 0.005810906478973186 0.005810906478973186 0.005810906478973186 0.005810906478973186 0.005810906478973186 0.005810906478973186 0.005810906478973186 0.005810906478973186 0.005810906478973186 0.005810906478973186 0.005810906478973186 0.005810906478973186 0.005810906478973186 0.005810906478973186 0.005810906478973186 0.005810906478973186 0.005810906478973186 0.005810906478973186 0.005810906478973186 0.005810906478973186 0.005810906478973186 0.005810906478973186 0.005810906478973186 0.005810906478973186 0.005810906478973186 0.005810906478973186 0.005810906478973186 0.005810906478973186 0.005810906478973186 0.005810906478973186 0.005810906478973186 0.005810906478973186 0.005810906478973186 
[RD,T4DSL_PRI,CO2e_TRN,*,*]:
2018 2019 2020 2021 2022 2023 2024 2025 2026 2027 2028 2029 2030 2031 2032 2033 2034 2035 2036 2037 2038 2039 2040 2041 2042 2043 2044 2045 2046 2047 2048 2049 2050 :=
1 0.07435380000000001 0.07435380000000001 0.07435380000000001 0.07435380000000001 0.07435380000000001 0.07435380000000001 0.07435380000000001 0.07435380000000001 0.07435380000000001 0.07435380000000001 0.07435380000000001 0.07435380000000001 0.07435380000000001 0.07435380000000001 0.07435380000000001 0.07435380000000001 0.07435380000000001 0.07435380000000001 0.07435380000000001 0.07435380000000001 0.07435380000000001 0.07435380000000001 0.07435380000000001 0.07435380000000001 0.07435380000000001 0.07435380000000001 0.07435380000000001 0.07435380000000001 0.07435380000000001 0.07435380000000001 0.07435380000000001 0.07435380000000001 0.07435380000000001 
[RD,PPDNGS,CO2e_AP,*,*]:
2018 2019 2020 2021 2022 2023 2024 2025 2026 2027 2028 2029 2030 2031 2032 2033 2034 2035 2036 2037 2038 2039 2040 2041 2042 2043 2044 2045 2046 2047 2048 2049 2050 :=
1 0.3024 0.3024 0.3024 0.3024 0.3024 0.3024 0.3024 0.3024 0.3024 0.3024 0.3024 0.3024 0.3024 0.3024 0.3024 0.3024 0.3024 0.3024 0.3024 0.3024 0.3024 0.3024 0.3024 0.3024 0.3024 0.3024 0.3024 0.3024 0.3024 0.3024 0.3024 0.3024 0.3024 
[RD,T5GSLIND,CO2e_DE,*,*]:
2018 2019 2020 2021 2022 2023 2024 2025 2026 2027 2028 2029 2030 2031 2032 2033 2034 2035 2036 2037 2038 2039 2040 2041 2042 2043 2044 2045 2046 2047 2048 2049 2050 :=
1 0.06954300000000001 0.06954300000000001 0.06954300000000001 0.06954300000000001 0.06954300000000001 0.06954300000000001 0.06954300000000001 0.06954300000000001 0.06954300000000001 0.06954300000000001 0.06954300000000001 0.06954300000000001 0.06954300000000001 0.06954300000000001 0.06954300000000001 0.06954300000000001 0.06954300000000001 0.06954300000000001 0.06954300000000001 0.06954300000000001 0.06954300000000001 0.06954300000000001 0.06954300000000001 0.06954300000000001 0.06954300000000001 0.06954300000000001 0.06954300000000001 0.06954300000000001 0.06954300000000001 0.06954300000000001 0.06954300000000001 0.06954300000000001 0.06954300000000001 
[RD,T5NGSCOM,CO2e_DE,*,*]:
2018 2019 2020 2021 2022 2023 2024 2025 2026 2027 2028 2029 2030 2031 2032 2033 2034 2035 2036 2037 2038 2039 2040 2041 2042 2043 2044 2045 2046 2047 2048 2049 2050 :=
1 0.064639 0.064639 0.064639 0.064639 0.064639 0.064639 0.064639 0.064639 0.064639 0.064639 0.064639 0.064639 0.064639 0.064639 0.064639 0.064639 0.064639 0.064639 0.064639 0.064639 0.064639 0.064639 0.064639 0.064639 0.064639 0.064639 0.064639 0.064639 0.064639 0.064639 0.064639 0.064639 0.064639 
[RD,T4DSL_TUR,Health,*,*]:
2018 2019 2020 2021 2022 2023 2024 2025 2026 2027 2028 2029 2030 2031 2032 2033 2034 2035 2036 2037 2038 2039 2040 2041 2042 2043 2044 2045 2046 2047 2048 2049 2050 :=
1 0.009676468585854548 0.009676468585854548 0.009676468585854548 0.009676468585854548 0.009676468585854548 0.009676468585854548 0.009676468585854548 0.009676468585854548 0.009676468585854548 0.009676468585854548 0.009676468585854548 0.009676468585854548 0.009676468585854548 0.009676468585854548 0.009676468585854548 0.009676468585854548 0.009676468585854548 0.009676468585854548 0.009676468585854548 0.009676468585854548 0.009676468585854548 0.009676468585854548 0.009676468585854548 0.009676468585854548 0.009676468585854548 0.009676468585854548 0.009676468585854548 0.009676468585854548 0.009676468585854548 0.009676468585854548 0.009676468585854548 0.009676468585854548 0.009676468585854548 
[RD,T5GSLCOM,CO2e_DE,*,*]:
2018 2019 2020 2021 2022 2023 2024 2025 2026 2027 2028 2029 2030 2031 2032 2033 2034 2035 2036 2037 2038 2039 2040 2041 2042 2043 2044 2045 2046 2047 2048 2049 2050 :=
1 0.06973900000000001 0.06973900000000001 0.06973900000000001 0.06973900000000001 0.06973900000000001 0.06973900000000001 0.06973900000000001 0.06973900000000001 0.06973900000000001 0.06973900000000001 0.06973900000000001 0.06973900000000001 0.06973900000000001 0.06973900000000001 0.06973900000000001 0.06973900000000001 0.06973900000000001 0.06973900000000001 0.06973900000000001 0.06973900000000001 0.06973900000000001 0.06973900000000001 0.06973900000000001 0.06973900000000001 0.06973900000000001 0.06973900000000001 0.06973900000000001 0.06973900000000001 0.06973900000000001 0.06973900000000001 0.06973900000000001 0.06973900000000001 0.06973900000000001 
[RD,PPCCTNGS,Health,*,*]:
2018 2019 2020 2021 2022 2023 2024 2025 2026 2027 2028 2029 2030 2031 2032 2033 2034 2035 2036 2037 2038 2039 2040 2041 2042 2043 2044 2045 2046 2047 2048 2049 2050 :=
1 8.197455600897615e-05 8.197455600897615e-05 8.197455600897615e-05 8.197455600897615e-05 8.197455600897615e-05 8.197455600897615e-05 8.197455600897615e-05 8.197455600897615e-05 8.197455600897615e-05 8.197455600897615e-05 8.197455600897615e-05 8.197455600897615e-05 8.197455600897615e-05 8.197455600897615e-05 8.197455600897615e-05 8.197455600897615e-05 8.197455600897615e-05 8.197455600897615e-05 8.197455600897615e-05 8.197455600897615e-05 8.197455600897615e-05 8.197455600897615e-05 8.197455600897615e-05 8.197455600897615e-05 8.197455600897615e-05 8.197455600897615e-05 8.197455600897615e-05 8.197455600897615e-05 8.197455600897615e-05 8.197455600897615e-05 8.197455600897615e-05 8.197455600897615e-05 8.197455600897615e-05 
[RD,DIST_NGS,CO2e_sources,*,*]:
2018 2019 2020 2021 2022 2023 2024 2025 2026 2027 2028 2029 2030 2031 2032 2033 2034 2035 2036 2037 2038 2039 2040 2041 2042 2043 2044 2045 2046 2047 2048 2049 2050 :=
1 0.0561 0.0561 0.0561 0.0561 0.0561 0.0561 0.0561 0.0561 0.0561 0.0561 0.0561 0.0561 0.0561 0.0561 0.0561 0.0561 0.0561 0.0561 0.0561 0.0561 0.0561 0.0561 0.0561 0.0561 0.0561 0.0561 0.0561 0.0561 0.0561 0.0561 0.0561 0.0561 0.0561 
[RD,T4DSL_HEA,Health,*,*]:
2018 2019 2020 2021 2022 2023 2024 2025 2026 2027 2028 2029 2030 2031 2032 2033 2034 2035 2036 2037 2038 2039 2040 2041 2042 2043 2044 2045 2046 2047 2048 2049 2050 :=
1 0.009676468585854548 0.009676468585854548 0.009676468585854548 0.009676468585854548 0.009676468585854548 0.009676468585854548 0.009676468585854548 0.009676468585854548 0.009676468585854548 0.009676468585854548 0.009676468585854548 0.009676468585854548 0.009676468585854548 0.009676468585854548 0.009676468585854548 0.009676468585854548 0.009676468585854548 0.009676468585854548 0.009676468585854548 0.009676468585854548 0.009676468585854548 0.009676468585854548 0.009676468585854548 0.009676468585854548 0.009676468585854548 0.009676468585854548 0.009676468585854548 0.009676468585854548 0.009676468585854548 0.009676468585854548 0.009676468585854548 0.009676468585854548 0.009676468585854548 
[RD,T4LPG_LIG,Health,*,*]:
2018 2019 2020 2021 2022 2023 2024 2025 2026 2027 2028 2029 2030 2031 2032 2033 2034 2035 2036 2037 2038 2039 2040 2041 2042 2043 2044 2045 2046 2047 2048 2049 2050 :=
1 0.005810906478973186 0.005810906478973186 0.005810906478973186 0.005810906478973186 0.005810906478973186 0.005810906478973186 0.005810906478973186 0.005810906478973186 0.005810906478973186 0.005810906478973186 0.005810906478973186 0.005810906478973186 0.005810906478973186 0.005810906478973186 0.005810906478973186 0.005810906478973186 0.005810906478973186 0.005810906478973186 0.005810906478973186 0.005810906478973186 0.005810906478973186 0.005810906478973186 0.005810906478973186 0.005810906478973186 0.005810906478973186 0.005810906478973186 0.005810906478973186 0.005810906478973186 0.005810906478973186 0.005810906478973186 0.005810906478973186 0.005810906478973186 0.005810906478973186 
[RD,PPBIM,CO2e_PP,*,*]:
2018 2019 2020 2021 2022 2023 2024 2025 2026 2027 2028 2029 2030 2031 2032 2033 2034 2035 2036 2037 2038 2039 2040 2041 2042 2043 2044 2045 2046 2047 2048 2049 2050 :=
1 0.0 0.0 0.0 0.0 0.0 0.0 0.0 0.0 0.0 0.0 0.0 0.0 0.0 0.0 0.0 0.0 0.0 0.0 0.0 0.0 0.0 0.0 0.0 0.0 0.0 0.0 0.0 0.0 0.0 0.0 0.0 0.0 0.0 
[RD,T4DSL_TUR,CO2e_TRN,*,*]:
2018 2019 2020 2021 2022 2023 2024 2025 2026 2027 2028 2029 2030 2031 2032 2033 2034 2035 2036 2037 2038 2039 2040 2041 2042 2043 2044 2045 2046 2047 2048 2049 2050 :=
1 0.07435380000000001 0.07435380000000001 0.07435380000000001 0.07435380000000001 0.07435380000000001 0.07435380000000001 0.07435380000000001 0.07435380000000001 0.07435380000000001 0.07435380000000001 0.07435380000000001 0.07435380000000001 0.07435380000000001 0.07435380000000001 0.07435380000000001 0.07435380000000001 0.07435380000000001 0.07435380000000001 0.07435380000000001 0.07435380000000001 0.07435380000000001 0.07435380000000001 0.07435380000000001 0.07435380000000001 0.07435380000000001 0.07435380000000001 0.07435380000000001 0.07435380000000001 0.07435380000000001 0.07435380000000001 0.07435380000000001 0.07435380000000001 0.07435380000000001 
[RD,T5COAIND,CO2e_DE,*,*]:
2018 2019 2020 2021 2022 2023 2024 2025 2026 2027 2028 2029 2030 2031 2032 2033 2034 2035 2036 2037 2038 2039 2040 2041 2042 2043 2044 2045 2046 2047 2048 2049 2050 :=
1 0.0952775 0.0952775 0.0952775 0.0952775 0.0952775 0.0952775 0.0952775 0.0952775 0.0952775 0.0952775 0.0952775 0.0952775 0.0952775 0.0952775 0.0952775 0.0952775 0.0952775 0.0952775 0.0952775 0.0952775 0.0952775 0.0952775 0.0952775 0.0952775 0.0952775 0.0952775 0.0952775 0.0952775 0.0952775 0.0952775 0.0952775 0.0952775 0.0952775 
[RD,T5DSLTOT,CO2e_DE,*,*]:
2018 2019 2020 2021 2022 2023 2024 2025 2026 2027 2028 2029 2030 2031 2032 2033 2034 2035 2036 2037 2038 2039 2040 2041 2042 2043 2044 2045 2046 2047 2048 2049 2050 :=
1 0.0741 0.0741 0.0741 0.0741 0.0741 0.0741 0.0741 0.0741 0.0741 0.0741 0.0741 0.0741 0.0741 0.0741 0.0741 0.0741 0.0741 0.0741 0.0741 0.0741 0.0741 0.0741 0.0741 0.0741 0.0741 0.0741 0.0741 0.0741 0.0741 0.0741 0.0741 0.0741 0.0741 
[RD,T4GSL_LIG,Health,*,*]:
2018 2019 2020 2021 2022 2023 2024 2025 2026 2027 2028 2029 2030 2031 2032 2033 2034 2035 2036 2037 2038 2039 2040 2041 2042 2043 2044 2045 2046 2047 2048 2049 2050 :=
1 0.0011536190198848217 0.0011536190198848217 0.0011536190198848217 0.0011536190198848217 0.0011536190198848217 0.0011536190198848217 0.0011536190198848217 0.0011536190198848217 0.0011536190198848217 0.0011536190198848217 0.0011536190198848217 0.0011536190198848217 0.0011536190198848217 0.0011536190198848217 0.0011536190198848217 0.0011536190198848217 0.0011536190198848217 0.0011536190198848217 0.0011536190198848217 0.0011536190198848217 0.0011536190198848217 0.0011536190198848217 0.0011536190198848217 0.0011536190198848217 0.0011536190198848217 0.0011536190198848217 0.0011536190198848217 0.0011536190198848217 0.0011536190198848217 0.0011536190198848217 0.0011536190198848217 0.0011536190198848217 0.0011536190198848217 
[RD,T5ELETOT,CO2e_DE,*,*]:
2018 2019 2020 2021 2022 2023 2024 2025 2026 2027 2028 2029 2030 2031 2032 2033 2034 2035 2036 2037 2038 2039 2040 2041 2042 2043 2044 2045 2046 2047 2048 2049 2050 :=
1 0.0 0.0 0.0 0.0 0.0 0.0 0.0 0.0 0.0 0.0 0.0 0.0 0.0 0.0 0.0 0.0 0.0 0.0 0.0 0.0 0.0 0.0 0.0 0.0 0.0 0.0 0.0 0.0 0.0 0.0 0.0 0.0 0.0 
[RD,T4NGS_LIG,Health,*,*]:
2018 2019 2020 2021 2022 2023 2024 2025 2026 2027 2028 2029 2030 2031 2032 2033 2034 2035 2036 2037 2038 2039 2040 2041 2042 2043 2044 2045 2046 2047 2048 2049 2050 :=
1 9.20049994740835e-05 9.20049994740835e-05 9.20049994740835e-05 9.20049994740835e-05 9.20049994740835e-05 9.20049994740835e-05 9.20049994740835e-05 9.20049994740835e-05 9.20049994740835e-05 9.20049994740835e-05 9.20049994740835e-05 9.20049994740835e-05 9.20049994740835e-05 9.20049994740835e-05 9.20049994740835e-05 9.20049994740835e-05 9.20049994740835e-05 9.20049994740835e-05 9.20049994740835e-05 9.20049994740835e-05 9.20049994740835e-05 9.20049994740835e-05 9.20049994740835e-05 9.20049994740835e-05 9.20049994740835e-05 9.20049994740835e-05 9.20049994740835e-05 9.20049994740835e-05 9.20049994740835e-05 9.20049994740835e-05 9.20049994740835e-05 9.20049994740835e-05 9.20049994740835e-05 
[RD,T5GSLCON,CO2e_DE,*,*]:
2018 2019 2020 2021 2022 2023 2024 2025 2026 2027 2028 2029 2030 2031 2032 2033 2034 2035 2036 2037 2038 2039 2040 2041 2042 2043 2044 2045 2046 2047 2048 2049 2050 :=
1 0.06973900000000001 0.06973900000000001 0.06973900000000001 0.06973900000000001 0.06973900000000001 0.06973900000000001 0.06973900000000001 0.06973900000000001 0.06973900000000001 0.06973900000000001 0.06973900000000001 0.06973900000000001 0.06973900000000001 0.06973900000000001 0.06973900000000001 0.06973900000000001 0.06973900000000001 0.06973900000000001 0.06973900000000001 0.06973900000000001 0.06973900000000001 0.06973900000000001 0.06973900000000001 0.06973900000000001 0.06973900000000001 0.06973900000000001 0.06973900000000001 0.06973900000000001 0.06973900000000001 0.06973900000000001 0.06973900000000001 0.06973900000000001 0.06973900000000001 
[RD,T4GSL_HEA,Health,*,*]:
2018 2019 2020 2021 2022 2023 2024 2025 2026 2027 2028 2029 2030 2031 2032 2033 2034 2035 2036 2037 2038 2039 2040 2041 2042 2043 2044 2045 2046 2047 2048 2049 2050 :=
1 0.0011536190198848217 0.0011536190198848217 0.0011536190198848217 0.0011536190198848217 0.0011536190198848217 0.0011536190198848217 0.0011536190198848217 0.0011536190198848217 0.0011536190198848217 0.0011536190198848217 0.0011536190198848217 0.0011536190198848217 0.0011536190198848217 0.0011536190198848217 0.0011536190198848217 0.0011536190198848217 0.0011536190198848217 0.0011536190198848217 0.0011536190198848217 0.0011536190198848217 0.0011536190198848217 0.0011536190198848217 0.0011536190198848217 0.0011536190198848217 0.0011536190198848217 0.0011536190198848217 0.0011536190198848217 0.0011536190198848217 0.0011536190198848217 0.0011536190198848217 0.0011536190198848217 0.0011536190198848217 0.0011536190198848217 
[RD,T4GSL_PRI,Health,*,*]:
2018 2019 2020 2021 2022 2023 2024 2025 2026 2027 2028 2029 2030 2031 2032 2033 2034 2035 2036 2037 2038 2039 2040 2041 2042 2043 2044 2045 2046 2047 2048 2049 2050 :=
1 0.0011536190198848217 0.0011536190198848217 0.0011536190198848217 0.0011536190198848217 0.0011536190198848217 0.0011536190198848217 0.0011536190198848217 0.0011536190198848217 0.0011536190198848217 0.0011536190198848217 0.0011536190198848217 0.0011536190198848217 0.0011536190198848217 0.0011536190198848217 0.0011536190198848217 0.0011536190198848217 0.0011536190198848217 0.0011536190198848217 0.0011536190198848217 0.0011536190198848217 0.0011536190198848217 0.0011536190198848217 0.0011536190198848217 0.0011536190198848217 0.0011536190198848217 0.0011536190198848217 0.0011536190198848217 0.0011536190198848217 0.0011536190198848217 0.0011536190198848217 0.0011536190198848217 0.0011536190198848217 0.0011536190198848217 
[RD,T5GSLTAC,CO2e_DE,*,*]:
2018 2019 2020 2021 2022 2023 2024 2025 2026 2027 2028 2029 2030 2031 2032 2033 2034 2035 2036 2037 2038 2039 2040 2041 2042 2043 2044 2045 2046 2047 2048 2049 2050 :=
1 0.070544 0.070544 0.070544 0.070544 0.070544 0.070544 0.070544 0.070544 0.070544 0.070544 0.070544 0.070544 0.070544 0.070544 0.070544 0.070544 0.070544 0.070544 0.070544 0.070544 0.070544 0.070544 0.070544 0.070544 0.070544 0.070544 0.070544 0.070544 0.070544 0.070544 0.070544 0.070544 0.070544 
[RD,T5DSLCOM,CO2e_DE,*,*]:
2018 2019 2020 2021 2022 2023 2024 2025 2026 2027 2028 2029 2030 2031 2032 2033 2034 2035 2036 2037 2038 2039 2040 2041 2042 2043 2044 2045 2046 2047 2048 2049 2050 :=
1 0.07453900000000001 0.07453900000000001 0.07453900000000001 0.07453900000000001 0.07453900000000001 0.07453900000000001 0.07453900000000001 0.07453900000000001 0.07453900000000001 0.07453900000000001 0.07453900000000001 0.07453900000000001 0.07453900000000001 0.07453900000000001 0.07453900000000001 0.07453900000000001 0.07453900000000001 0.07453900000000001 0.07453900000000001 0.07453900000000001 0.07453900000000001 0.07453900000000001 0.07453900000000001 0.07453900000000001 0.07453900000000001 0.07453900000000001 0.07453900000000001 0.07453900000000001 0.07453900000000001 0.07453900000000001 0.07453900000000001 0.07453900000000001 0.07453900000000001 
[RD,T5BIMRES,CO2e_DE,*,*]:
2018 2019 2020 2021 2022 2023 2024 2025 2026 2027 2028 2029 2030 2031 2032 2033 2034 2035 2036 2037 2038 2039 2040 2041 2042 2043 2044 2045 2046 2047 2048 2049 2050 :=
1 0.005865 0.005865 0.005865 0.005865 0.005865 0.005865 0.005865 0.005865 0.005865 0.005865 0.005865 0.005865 0.005865 0.005865 0.005865 0.005865 0.005865 0.005865 0.005865 0.005865 0.005865 0.005865 0.005865 0.005865 0.005865 0.005865 0.005865 0.005865 0.005865 0.005865 0.005865 0.005865 0.005865 
[RD,T5HYDIND,CO2e_DE,*,*]:
2018 2019 2020 2021 2022 2023 2024 2025 2026 2027 2028 2029 2030 2031 2032 2033 2034 2035 2036 2037 2038 2039 2040 2041 2042 2043 2044 2045 2046 2047 2048 2049 2050 :=
1 0.0 0.0 0.0 0.0 0.0 0.0 0.0 0.0 0.0 0.0 0.0 0.0 0.0 0.0 0.0 0.0 0.0 0.0 0.0 0.0 0.0 0.0 0.0 0.0 0.0 0.0 0.0 0.0 0.0 0.0 0.0 0.0 0.0 
[RD,T5BIMRES,CO2e_CARBONERAS,*,*]:
2018 2019 2020 2021 2022 2023 2024 2025 2026 2027 2028 2029 2030 2031 2032 2033 2034 2035 2036 2037 2038 2039 2040 2041 2042 2043 2044 2045 2046 2047 2048 2049 2050 :=
1 0.0034735032481966813 0.0034735032481966813 0.0034735032481966813 0.0034735032481966813 0.0034735032481966813 0.0034735032481966813 0.0034735032481966813 0.0034735032481966813 0.0034735032481966813 0.0034735032481966813 0.0034735032481966813 0.0034735032481966813 0.0034735032481966813 0.0034735032481966813 0.0034735032481966813 0.0034735032481966813 0.0034735032481966813 0.0034735032481966813 0.0034735032481966813 0.0034735032481966813 0.0034735032481966813 0.0034735032481966813 0.0034735032481966813 0.0034735032481966813 0.0034735032481966813 0.0034735032481966813 0.0034735032481966813 0.0034735032481966813 0.0034735032481966813 0.0034735032481966813 0.0034735032481966813 0.0034735032481966813 0.0034735032481966813 
[RD,PPCOA,CO2e_PP,*,*]:
2018 2019 2020 2021 2022 2023 2024 2025 2026 2027 2028 2029 2030 2031 2032 2033 2034 2035 2036 2037 2038 2039 2040 2041 2042 2043 2044 2045 2046 2047 2048 2049 2050 :=
1 0.3557 0.3292 0.2989 0.2866 0.2952 0.2952 0.2952 0.2952 0.2952 0.2952 0.2952 0.2952 0.2952 0.2952 0.2952 0.2952 0.2952 0.2952 0.2952 0.2952 0.2952 0.2952 0.2952 0.2952 0.2952 0.2952 0.2952 0.2952 0.2952 0.2952 0.2952 0.2952 0.2952 
[RD,PPDGLP,CO2e_AP,*,*]:
2018 2019 2020 2021 2022 2023 2024 2025 2026 2027 2028 2029 2030 2031 2032 2033 2034 2035 2036 2037 2038 2039 2040 2041 2042 2043 2044 2045 2046 2047 2048 2049 2050 :=
1 0.2777 0.2777 0.2777 0.2777 0.2777 0.2777 0.2777 0.2777 0.2777 0.2777 0.2777 0.2777 0.2777 0.2777 0.2777 0.2777 0.2777 0.2777 0.2777 0.2777 0.2777 0.2777 0.2777 0.2777 0.2777 0.2777 0.2777 0.2777 0.2777 0.2777 0.2777 0.2777 0.2777 
[RD,T5NGSEXP,CO2e_DE,*,*]:
2018 2019 2020 2021 2022 2023 2024 2025 2026 2027 2028 2029 2030 2031 2032 2033 2034 2035 2036 2037 2038 2039 2040 2041 2042 2043 2044 2045 2046 2047 2048 2049 2050 :=
1 0.0561 0.0561 0.0561 0.0561 0.0561 0.0561 0.0561 0.0561 0.0561 0.0561 0.0561 0.0561 0.0561 0.0561 0.0561 0.0561 0.0561 0.0561 0.0561 0.0561 0.0561 0.0561 0.0561 0.0561 0.0561 0.0561 0.0561 0.0561 0.0561 0.0561 0.0561 0.0561 0.0561 
[RD,T5FOIIND,CO2e_DE,*,*]:
2018 2019 2020 2021 2022 2023 2024 2025 2026 2027 2028 2029 2030 2031 2032 2033 2034 2035 2036 2037 2038 2039 2040 2041 2042 2043 2044 2045 2046 2047 2048 2049 2050 :=
1 0.077643 0.077643 0.077643 0.077643 0.077643 0.077643 0.077643 0.077643 0.077643 0.077643 0.077643 0.077643 0.077643 0.077643 0.077643 0.077643 0.077643 0.077643 0.077643 0.077643 0.077643 0.077643 0.077643 0.077643 0.077643 0.077643 0.077643 0.077643 0.077643 0.077643 0.077643 0.077643 0.077643 
[RD,DIST_DSL,CO2e_sources,*,*]:
2018 2019 2020 2021 2022 2023 2024 2025 2026 2027 2028 2029 2030 2031 2032 2033 2034 2035 2036 2037 2038 2039 2040 2041 2042 2043 2044 2045 2046 2047 2048 2049 2050 :=
1 0.0743538 0.0743538 0.0743538 0.0743538 0.0743538 0.0743538 0.0743538 0.0743538 0.0743538 0.0743538 0.0743538 0.0743538 0.0743538 0.0743538 0.0743538 0.0743538 0.0743538 0.0743538 0.0743538 0.0743538 0.0743538 0.0743538 0.0743538 0.0743538 0.0743538 0.0743538 0.0743538 0.0743538 0.0743538 0.0743538 0.0743538 0.0743538 0.0743538 
[RD,T5LPGAGR,CO2e_DE,*,*]:
2018 2019 2020 2021 2022 2023 2024 2025 2026 2027 2028 2029 2030 2031 2032 2033 2034 2035 2036 2037 2038 2039 2040 2041 2042 2043 2044 2045 2046 2047 2048 2049 2050 :=
1 0.0 0.0 0.0 0.0 0.0 0.0 0.0 0.0 0.0 0.0 0.0 0.0 0.0 0.0 0.0 0.0 0.0 0.0 0.0 0.0 0.0 0.0 0.0 0.0 0.0 0.0 0.0 0.0 0.0 0.0 0.0 0.0 0.0 
[RD,T4GSL_TUR,Health,*,*]:
2018 2019 2020 2021 2022 2023 2024 2025 2026 2027 2028 2029 2030 2031 2032 2033 2034 2035 2036 2037 2038 2039 2040 2041 2042 2043 2044 2045 2046 2047 2048 2049 2050 :=
1 0.0011536190198848217 0.0011536190198848217 0.0011536190198848217 0.0011536190198848217 0.0011536190198848217 0.0011536190198848217 0.0011536190198848217 0.0011536190198848217 0.0011536190198848217 0.0011536190198848217 0.0011536190198848217 0.0011536190198848217 0.0011536190198848217 0.0011536190198848217 0.0011536190198848217 0.0011536190198848217 0.0011536190198848217 0.0011536190198848217 0.0011536190198848217 0.0011536190198848217 0.0011536190198848217 0.0011536190198848217 0.0011536190198848217 0.0011536190198848217 0.0011536190198848217 0.0011536190198848217 0.0011536190198848217 0.0011536190198848217 0.0011536190198848217 0.0011536190198848217 0.0011536190198848217 0.0011536190198848217 0.0011536190198848217 
[RD,T5NGSIND,CO2e_DE,*,*]:
2018 2019 2020 2021 2022 2023 2024 2025 2026 2027 2028 2029 2030 2031 2032 2033 2034 2035 2036 2037 2038 2039 2040 2041 2042 2043 2044 2045 2046 2047 2048 2049 2050 :=
1 0.056154499999999996 0.056154499999999996 0.056154499999999996 0.056154499999999996 0.056154499999999996 0.056154499999999996 0.056154499999999996 0.056154499999999996 0.056154499999999996 0.056154499999999996 0.056154499999999996 0.056154499999999996 0.056154499999999996 0.056154499999999996 0.056154499999999996 0.056154499999999996 0.056154499999999996 0.056154499999999996 0.056154499999999996 0.056154499999999996 0.056154499999999996 0.056154499999999996 0.056154499999999996 0.056154499999999996 0.056154499999999996 0.056154499999999996 0.056154499999999996 0.056154499999999996 0.056154499999999996 0.056154499999999996 0.056154499999999996 0.056154499999999996 0.056154499999999996 
[RD,T5BIMCOM,CO2e_CARBONERAS,*,*]:
2018 2019 2020 2021 2022 2023 2024 2025 2026 2027 2028 2029 2030 2031 2032 2033 2034 2035 2036 2037 2038 2039 2040 2041 2042 2043 2044 2045 2046 2047 2048 2049 2050 :=
1 0.0034735032481966813 0.0034735032481966813 0.0034735032481966813 0.0034735032481966813 0.0034735032481966813 0.0034735032481966813 0.0034735032481966813 0.0034735032481966813 0.0034735032481966813 0.0034735032481966813 0.0034735032481966813 0.0034735032481966813 0.0034735032481966813 0.0034735032481966813 0.0034735032481966813 0.0034735032481966813 0.0034735032481966813 0.0034735032481966813 0.0034735032481966813 0.0034735032481966813 0.0034735032481966813 0.0034735032481966813 0.0034735032481966813 0.0034735032481966813 0.0034735032481966813 0.0034735032481966813 0.0034735032481966813 0.0034735032481966813 0.0034735032481966813 0.0034735032481966813 0.0034735032481966813 0.0034735032481966813 0.0034735032481966813 
[RD,T5DSLAGR,CO2e_DE,*,*]:
2018 2019 2020 2021 2022 2023 2024 2025 2026 2027 2028 2029 2030 2031 2032 2033 2034 2035 2036 2037 2038 2039 2040 2041 2042 2043 2044 2045 2046 2047 2048 2049 2050 :=
1 0.0 0.0 0.0 0.0 0.0 0.0 0.0 0.0 0.0 0.0 0.0 0.0 0.0 0.0 0.0 0.0 0.0 0.0 0.0 0.0 0.0 0.0 0.0 0.0 0.0 0.0 0.0 0.0 0.0 0.0 0.0 0.0 0.0 
[RD,T4GSL_PRI,CO2e_TRN,*,*]:
2018 2019 2020 2021 2022 2023 2024 2025 2026 2027 2028 2029 2030 2031 2032 2033 2034 2035 2036 2037 2038 2039 2040 2041 2042 2043 2044 2045 2046 2047 2048 2049 2050 :=
1 0.06955380000000001 0.06955380000000001 0.06955380000000001 0.06955380000000001 0.06955380000000001 0.06955380000000001 0.06955380000000001 0.06955380000000001 0.06955380000000001 0.06955380000000001 0.06955380000000001 0.06955380000000001 0.06955380000000001 0.06955380000000001 0.06955380000000001 0.06955380000000001 0.06955380000000001 0.06955380000000001 0.06955380000000001 0.06955380000000001 0.06955380000000001 0.06955380000000001 0.06955380000000001 0.06955380000000001 0.06955380000000001 0.06955380000000001 0.06955380000000001 0.06955380000000001 0.06955380000000001 0.06955380000000001 0.06955380000000001 0.06955380000000001 0.06955380000000001 
[RD,T4GSL_PUB,Health,*,*]:
2018 2019 2020 2021 2022 2023 2024 2025 2026 2027 2028 2029 2030 2031 2032 2033 2034 2035 2036 2037 2038 2039 2040 2041 2042 2043 2044 2045 2046 2047 2048 2049 2050 :=
1 0.0011536190198848217 0.0011536190198848217 0.0011536190198848217 0.0011536190198848217 0.0011536190198848217 0.0011536190198848217 0.0011536190198848217 0.0011536190198848217 0.0011536190198848217 0.0011536190198848217 0.0011536190198848217 0.0011536190198848217 0.0011536190198848217 0.0011536190198848217 0.0011536190198848217 0.0011536190198848217 0.0011536190198848217 0.0011536190198848217 0.0011536190198848217 0.0011536190198848217 0.0011536190198848217 0.0011536190198848217 0.0011536190198848217 0.0011536190198848217 0.0011536190198848217 0.0011536190198848217 0.0011536190198848217 0.0011536190198848217 0.0011536190198848217 0.0011536190198848217 0.0011536190198848217 0.0011536190198848217 0.0011536190198848217 
[RD,T4LPG_TUR,Health,*,*]:
2018 2019 2020 2021 2022 2023 2024 2025 2026 2027 2028 2029 2030 2031 2032 2033 2034 2035 2036 2037 2038 2039 2040 2041 2042 2043 2044 2045 2046 2047 2048 2049 2050 :=
1 0.005810906478973186 0.005810906478973186 0.005810906478973186 0.005810906478973186 0.005810906478973186 0.005810906478973186 0.005810906478973186 0.005810906478973186 0.005810906478973186 0.005810906478973186 0.005810906478973186 0.005810906478973186 0.005810906478973186 0.005810906478973186 0.005810906478973186 0.005810906478973186 0.005810906478973186 0.005810906478973186 0.005810906478973186 0.005810906478973186 0.005810906478973186 0.005810906478973186 0.005810906478973186 0.005810906478973186 0.005810906478973186 0.005810906478973186 0.005810906478973186 0.005810906478973186 0.005810906478973186 0.005810906478973186 0.005810906478973186 0.005810906478973186 0.005810906478973186 
[RD,PPADSL,CO2e_PP,*,*]:
2018 2019 2020 2021 2022 2023 2024 2025 2026 2027 2028 2029 2030 2031 2032 2033 2034 2035 2036 2037 2038 2039 2040 2041 2042 2043 2044 2045 2046 2047 2048 2049 2050 :=
1 0.2193 0.1822 0.1762 0.1844 0.1874 0.1874 0.1874 0.1874 0.1874 0.1874 0.1874 0.1874 0.1874 0.1874 0.1874 0.1874 0.1874 0.1874 0.1874 0.1874 0.1874 0.1874 0.1874 0.1874 0.1874 0.1874 0.1874 0.1874 0.1874 0.1874 0.1874 0.1874 0.1874 
[RD,T4NGS_LIG,CO2e_TRN,*,*]:
2018 2019 2020 2021 2022 2023 2024 2025 2026 2027 2028 2029 2030 2031 2032 2033 2034 2035 2036 2037 2038 2039 2040 2041 2042 2043 2044 2045 2046 2047 2048 2049 2050 :=
1 0.0561548 0.0561548 0.0561548 0.0561548 0.0561548 0.0561548 0.0561548 0.0561548 0.0561548 0.0561548 0.0561548 0.0561548 0.0561548 0.0561548 0.0561548 0.0561548 0.0561548 0.0561548 0.0561548 0.0561548 0.0561548 0.0561548 0.0561548 0.0561548 0.0561548 0.0561548 0.0561548 0.0561548 0.0561548 0.0561548 0.0561548 0.0561548 0.0561548 
[RD,T5BIMCOM,CO2e_DE,*,*]:
2018 2019 2020 2021 2022 2023 2024 2025 2026 2027 2028 2029 2030 2031 2032 2033 2034 2035 2036 2037 2038 2039 2040 2041 2042 2043 2044 2045 2046 2047 2048 2049 2050 :=
1 0.005865 0.005865 0.005865 0.005865 0.005865 0.005865 0.005865 0.005865 0.005865 0.005865 0.005865 0.005865 0.005865 0.005865 0.005865 0.005865 0.005865 0.005865 0.005865 0.005865 0.005865 0.005865 0.005865 0.005865 0.005865 0.005865 0.005865 0.005865 0.005865 0.005865 0.005865 0.005865 0.005865 
[RD,PPDGSL,CO2e_AP,*,*]:
2018 2019 2020 2021 2022 2023 2024 2025 2026 2027 2028 2029 2030 2031 2032 2033 2034 2035 2036 2037 2038 2039 2040 2041 2042 2043 2044 2045 2046 2047 2048 2049 2050 :=
1 0.3312 0.3312 0.3312 0.3312 0.3312 0.3312 0.3312 0.3312 0.3312 0.3312 0.3312 0.3312 0.3312 0.3312 0.3312 0.3312 0.3312 0.3312 0.3312 0.3312 0.3312 0.3312 0.3312 0.3312 0.3312 0.3312 0.3312 0.3312 0.3312 0.3312 0.3312 0.3312 0.3312 
[RD,T4LPG_PRI,CO2e_TRN,*,*]:
2018 2019 2020 2021 2022 2023 2024 2025 2026 2027 2028 2029 2030 2031 2032 2033 2034 2035 2036 2037 2038 2039 2040 2041 2042 2043 2044 2045 2046 2047 2048 2049 2050 :=
1 0.0631548 0.0631548 0.0631548 0.0631548 0.0631548 0.0631548 0.0631548 0.0631548 0.0631548 0.0631548 0.0631548 0.0631548 0.0631548 0.0631548 0.0631548 0.0631548 0.0631548 0.0631548 0.0631548 0.0631548 0.0631548 0.0631548 0.0631548 0.0631548 0.0631548 0.0631548 0.0631548 0.0631548 0.0631548 0.0631548 0.0631548 0.0631548 0.0631548 
[RD,T5LPGIND,CO2e_DE,*,*]:
2018 2019 2020 2021 2022 2023 2024 2025 2026 2027 2028 2029 2030 2031 2032 2033 2034 2035 2036 2037 2038 2039 2040 2041 2042 2043 2044 2045 2046 2047 2048 2049 2050 :=
1 0.0631545 0.0631545 0.0631545 0.0631545 0.0631545 0.0631545 0.0631545 0.0631545 0.0631545 0.0631545 0.0631545 0.0631545 0.0631545 0.0631545 0.0631545 0.0631545 0.0631545 0.0631545 0.0631545 0.0631545 0.0631545 0.0631545 0.0631545 0.0631545 0.0631545 0.0631545 0.0631545 0.0631545 0.0631545 0.0631545 0.0631545 0.0631545 0.0631545 
[RD,T5LPGRES,CO2e_DE,*,*]:
2018 2019 2020 2021 2022 2023 2024 2025 2026 2027 2028 2029 2030 2031 2032 2033 2034 2035 2036 2037 2038 2039 2040 2041 2042 2043 2044 2045 2046 2047 2048 2049 2050 :=
1 0.0632665 0.0632665 0.0632665 0.0632665 0.0632665 0.0632665 0.0632665 0.0632665 0.0632665 0.0632665 0.0632665 0.0632665 0.0632665 0.0632665 0.0632665 0.0632665 0.0632665 0.0632665 0.0632665 0.0632665 0.0632665 0.0632665 0.0632665 0.0632665 0.0632665 0.0632665 0.0632665 0.0632665 0.0632665 0.0632665 0.0632665 0.0632665 0.0632665 
[RD,PPDFOI,CO2e_AP,*,*]:
2018 2019 2020 2021 2022 2023 2024 2025 2026 2027 2028 2029 2030 2031 2032 2033 2034 2035 2036 2037 2038 2039 2040 2041 2042 2043 2044 2045 2046 2047 2048 2049 2050 :=
1 0.2817 0.291 0.4791 0.5573 0.6742 0.6742 0.6742 0.6742 0.6742 0.6742 0.6742 0.6742 0.6742 0.6742 0.6742 0.6742 0.6742 0.6742 0.6742 0.6742 0.6742 0.6742 0.6742 0.6742 0.6742 0.6742 0.6742 0.6742 0.6742 0.6742 0.6742 0.6742 0.6742 
[RD,PPICEGASFOI,CO2e_PP,*,*]:
2018 2019 2020 2021 2022 2023 2024 2025 2026 2027 2028 2029 2030 2031 2032 2033 2034 2035 2036 2037 2038 2039 2040 2041 2042 2043 2044 2045 2046 2047 2048 2049 2050 :=
1 0.1374 0.1795 0.1144 0.0987 0.0931 0.0931 0.0931 0.0931 0.0931 0.0931 0.0931 0.0931 0.0931 0.0931 0.0931 0.0931 0.0931 0.0931 0.0931 0.0931 0.0931 0.0931 0.0931 0.0931 0.0931 0.0931 0.0931 0.0931 0.0931 0.0931 0.0931 0.0931 0.0931 
[RD,T5BIMEXP,CO2e_DE,*,*]:
2018 2019 2020 2021 2022 2023 2024 2025 2026 2027 2028 2029 2030 2031 2032 2033 2034 2035 2036 2037 2038 2039 2040 2041 2042 2043 2044 2045 2046 2047 2048 2049 2050 :=
1 0.0 0.0 0.0 0.0 0.0 0.0 0.0 0.0 0.0 0.0 0.0 0.0 0.0 0.0 0.0 0.0 0.0 0.0 0.0 0.0 0.0 0.0 0.0 0.0 0.0 0.0 0.0 0.0 0.0 0.0 0.0 0.0 0.0 
[RD,T5FIRRES,CO2e_DE,*,*]:
2018 2019 2020 2021 2022 2023 2024 2025 2026 2027 2028 2029 2030 2031 2032 2033 2034 2035 2036 2037 2038 2039 2040 2041 2042 2043 2044 2045 2046 2047 2048 2049 2050 :=
1 0.009460000000000001 0.009460000000000001 0.009460000000000001 0.009460000000000001 0.009460000000000001 0.009460000000000001 0.009460000000000001 0.009460000000000001 0.009460000000000001 0.009460000000000001 0.009460000000000001 0.009460000000000001 0.009460000000000001 0.009460000000000001 0.009460000000000001 0.009460000000000001 0.009460000000000001 0.009460000000000001 0.009460000000000001 0.009460000000000001 0.009460000000000001 0.009460000000000001 0.009460000000000001 0.009460000000000001 0.009460000000000001 0.009460000000000001 0.009460000000000001 0.009460000000000001 0.009460000000000001 0.009460000000000001 0.009460000000000001 0.009460000000000001 0.009460000000000001 
[RD,T4GSL_HEA,CO2e_TRN,*,*]:
2018 2019 2020 2021 2022 2023 2024 2025 2026 2027 2028 2029 2030 2031 2032 2033 2034 2035 2036 2037 2038 2039 2040 2041 2042 2043 2044 2045 2046 2047 2048 2049 2050 :=
1 0.06955380000000001 0.06955380000000001 0.06955380000000001 0.06955380000000001 0.06955380000000001 0.06955380000000001 0.06955380000000001 0.06955380000000001 0.06955380000000001 0.06955380000000001 0.06955380000000001 0.06955380000000001 0.06955380000000001 0.06955380000000001 0.06955380000000001 0.06955380000000001 0.06955380000000001 0.06955380000000001 0.06955380000000001 0.06955380000000001 0.06955380000000001 0.06955380000000001 0.06955380000000001 0.06955380000000001 0.06955380000000001 0.06955380000000001 0.06955380000000001 0.06955380000000001 0.06955380000000001 0.06955380000000001 0.06955380000000001 0.06955380000000001 0.06955380000000001 
[RD,PPDDSL,CO2e_AP,*,*]:
2018 2019 2020 2021 2022 2023 2024 2025 2026 2027 2028 2029 2030 2031 2032 2033 2034 2035 2036 2037 2038 2039 2040 2041 2042 2043 2044 2045 2046 2047 2048 2049 2050 :=
1 0.2706 0.2796 0.4603 0.5353 0.6476 0.6476 0.6476 0.6476 0.6476 0.6476 0.6476 0.6476 0.6476 0.6476 0.6476 0.6476 0.6476 0.6476 0.6476 0.6476 0.6476 0.6476 0.6476 0.6476 0.6476 0.6476 0.6476 0.6476 0.6476 0.6476 0.6476 0.6476 0.6476 
[RD,T5KEREXP,CO2e_DE,*,*]:
2018 2019 2020 2021 2022 2023 2024 2025 2026 2027 2028 2029 2030 2031 2032 2033 2034 2035 2036 2037 2038 2039 2040 2041 2042 2043 2044 2045 2046 2047 2048 2049 2050 :=
1 0.0719 0.0719 0.0719 0.0719 0.0719 0.0719 0.0719 0.0719 0.0719 0.0719 0.0719 0.0719 0.0719 0.0719 0.0719 0.0719 0.0719 0.0719 0.0719 0.0719 0.0719 0.0719 0.0719 0.0719 0.0719 0.0719 0.0719 0.0719 0.0719 0.0719 0.0719 0.0719 0.0719 
[RD,T4LPG_LIG,CO2e_TRN,*,*]:
2018 2019 2020 2021 2022 2023 2024 2025 2026 2027 2028 2029 2030 2031 2032 2033 2034 2035 2036 2037 2038 2039 2040 2041 2042 2043 2044 2045 2046 2047 2048 2049 2050 :=
1 0.0631548 0.0631548 0.0631548 0.0631548 0.0631548 0.0631548 0.0631548 0.0631548 0.0631548 0.0631548 0.0631548 0.0631548 0.0631548 0.0631548 0.0631548 0.0631548 0.0631548 0.0631548 0.0631548 0.0631548 0.0631548 0.0631548 0.0631548 0.0631548 0.0631548 0.0631548 0.0631548 0.0631548 0.0631548 0.0631548 0.0631548 0.0631548 0.0631548 
[RD,PPCOA,Health,*,*]:
2018 2019 2020 2021 2022 2023 2024 2025 2026 2027 2028 2029 2030 2031 2032 2033 2034 2035 2036 2037 2038 2039 2040 2041 2042 2043 2044 2045 2046 2047 2048 2049 2050 :=
1 0.004747278963327471 0.004747278963327471 0.004747278963327471 0.004747278963327471 0.004747278963327471 0.004747278963327471 0.004747278963327471 0.004747278963327471 0.004747278963327471 0.004747278963327471 0.004747278963327471 0.004747278963327471 0.004747278963327471 0.004747278963327471 0.004747278963327471 0.004747278963327471 0.004747278963327471 0.004747278963327471 0.004747278963327471 0.004747278963327471 0.004747278963327471 0.004747278963327471 0.004747278963327471 0.004747278963327471 0.004747278963327471 0.004747278963327471 0.004747278963327471 0.004747278963327471 0.004747278963327471 0.004747278963327471 0.004747278963327471 0.004747278963327471 0.004747278963327471 
[RD,DIST_COK,CO2e_sources,*,*]:
2018 2019 2020 2021 2022 2023 2024 2025 2026 2027 2028 2029 2030 2031 2032 2033 2034 2035 2036 2037 2038 2039 2040 2041 2042 2043 2044 2045 2046 2047 2048 2049 2050 :=
1 0.0975 0.0975 0.0975 0.0975 0.0975 0.0975 0.0975 0.0975 0.0975 0.0975 0.0975 0.0975 0.0975 0.0975 0.0975 0.0975 0.0975 0.0975 0.0975 0.0975 0.0975 0.0975 0.0975 0.0975 0.0975 0.0975 0.0975 0.0975 0.0975 0.0975 0.0975 0.0975 0.0975 
[RD,PPANGS,CO2e_PP,*,*]:
2018 2019 2020 2021 2022 2023 2024 2025 2026 2027 2028 2029 2030 2031 2032 2033 2034 2035 2036 2037 2038 2039 2040 2041 2042 2043 2044 2045 2046 2047 2048 2049 2050 :=
1 0.1386 0.1251 0.1251 0.1268 0.1251 0.1251 0.1251 0.1251 0.1251 0.1251 0.1251 0.1251 0.1251 0.1251 0.1251 0.1251 0.1251 0.1251 0.1251 0.1251 0.1251 0.1251 0.1251 0.1251 0.1251 0.1251 0.1251 0.1251 0.1251 0.1251 0.1251 0.1251 0.1251 
[RD,T4GSL_PUB,CO2e_TRN,*,*]:
2018 2019 2020 2021 2022 2023 2024 2025 2026 2027 2028 2029 2030 2031 2032 2033 2034 2035 2036 2037 2038 2039 2040 2041 2042 2043 2044 2045 2046 2047 2048 2049 2050 :=
1 0.06955380000000001 0.06955380000000001 0.06955380000000001 0.06955380000000001 0.06955380000000001 0.06955380000000001 0.06955380000000001 0.06955380000000001 0.06955380000000001 0.06955380000000001 0.06955380000000001 0.06955380000000001 0.06955380000000001 0.06955380000000001 0.06955380000000001 0.06955380000000001 0.06955380000000001 0.06955380000000001 0.06955380000000001 0.06955380000000001 0.06955380000000001 0.06955380000000001 0.06955380000000001 0.06955380000000001 0.06955380000000001 0.06955380000000001 0.06955380000000001 0.06955380000000001 0.06955380000000001 0.06955380000000001 0.06955380000000001 0.06955380000000001 0.06955380000000001 
[RD,T5BIMIND,CO2e_DE,*,*]:
2018 2019 2020 2021 2022 2023 2024 2025 2026 2027 2028 2029 2030 2031 2032 2033 2034 2035 2036 2037 2038 2039 2040 2041 2042 2043 2044 2045 2046 2047 2048 2049 2050 :=
1 0.0019 0.0019 0.0019 0.0019 0.0019 0.0019 0.0019 0.0019 0.0019 0.0019 0.0019 0.0019 0.0019 0.0019 0.0019 0.0019 0.0019 0.0019 0.0019 0.0019 0.0019 0.0019 0.0019 0.0019 0.0019 0.0019 0.0019 0.0019 0.0019 0.0019 0.0019 0.0019 0.0019 
[RD,PPCCTNGS,CO2e_PP,*,*]:
2018 2019 2020 2021 2022 2023 2024 2025 2026 2027 2028 2029 2030 2031 2032 2033 2034 2035 2036 2037 2038 2039 2040 2041 2042 2043 2044 2045 2046 2047 2048 2049 2050 :=
1 0.1374 0.1795 0.1144 0.0987 0.0931 0.0931 0.0931 0.0931 0.0931 0.0931 0.0931 0.0931 0.0931 0.0931 0.0931 0.0931 0.0931 0.0931 0.0931 0.0931 0.0931 0.0931 0.0931 0.0931 0.0931 0.0931 0.0931 0.0931 0.0931 0.0931 0.0931 0.0931 0.0931 
[RD,DIST_LPG,CO2e_sources,*,*]:
2018 2019 2020 2021 2022 2023 2024 2025 2026 2027 2028 2029 2030 2031 2032 2033 2034 2035 2036 2037 2038 2039 2040 2041 2042 2043 2044 2045 2046 2047 2048 2049 2050 :=
1 0.0631 0.0631 0.0631 0.0631 0.0631 0.0631 0.0631 0.0631 0.0631 0.0631 0.0631 0.0631 0.0631 0.0631 0.0631 0.0631 0.0631 0.0631 0.0631 0.0631 0.0631 0.0631 0.0631 0.0631 0.0631 0.0631 0.0631 0.0631 0.0631 0.0631 0.0631 0.0631 0.0631 
[RD,PPCCTNGSDSL,CO2e_PP,*,*]:
2018 2019 2020 2021 2022 2023 2024 2025 2026 2027 2028 2029 2030 2031 2032 2033 2034 2035 2036 2037 2038 2039 2040 2041 2042 2043 2044 2045 2046 2047 2048 2049 2050 :=
1 0.1374 0.1795 0.1144 0.0987 0.0931 0.0931 0.0931 0.0931 0.0931 0.0931 0.0931 0.0931 0.0931 0.0931 0.0931 0.0931 0.0931 0.0931 0.0931 0.0931 0.0931 0.0931 0.0931 0.0931 0.0931 0.0931 0.0931 0.0931 0.0931 0.0931 0.0931 0.0931 0.0931 
[RD,PRO_COA,CO2e_FUG,*,*]:
2018 2019 2020 2021 2022 2023 2024 2025 2026 2027 2028 2029 2030 2031 2032 2033 2034 2035 2036 2037 2038 2039 2040 2041 2042 2043 2044 2045 2046 2047 2048 2049 2050 :=
1 0.0392354948805461 0.0392354948805461 0.0392354948805461 0.0392354948805461 0.0392354948805461 0.0392354948805461 0.0392354948805461 0.0392354948805461 0.0392354948805461 0.0392354948805461 0.0392354948805461 0.0392354948805461 0.0392354948805461 0.0392354948805461 0.0392354948805461 0.0392354948805461 0.0392354948805461 0.0392354948805461 0.0392354948805461 0.0392354948805461 0.0392354948805461 0.0392354948805461 0.0392354948805461 0.0392354948805461 0.0392354948805461 0.0392354948805461 0.0392354948805461 0.0392354948805461 0.0392354948805461 0.0392354948805461 0.0392354948805461 0.0392354948805461 0.0392354948805461 
[RD,T4LPG_HEA,CO2e_TRN,*,*]:
2018 2019 2020 2021 2022 2023 2024 2025 2026 2027 2028 2029 2030 2031 2032 2033 2034 2035 2036 2037 2038 2039 2040 2041 2042 2043 2044 2045 2046 2047 2048 2049 2050 :=
1 0.0631548 0.0631548 0.0631548 0.0631548 0.0631548 0.0631548 0.0631548 0.0631548 0.0631548 0.0631548 0.0631548 0.0631548 0.0631548 0.0631548 0.0631548 0.0631548 0.0631548 0.0631548 0.0631548 0.0631548 0.0631548 0.0631548 0.0631548 0.0631548 0.0631548 0.0631548 0.0631548 0.0631548 0.0631548 0.0631548 0.0631548 0.0631548 0.0631548 
[RD,T5FIRCOM,CO2e_DE,*,*]:
2018 2019 2020 2021 2022 2023 2024 2025 2026 2027 2028 2029 2030 2031 2032 2033 2034 2035 2036 2037 2038 2039 2040 2041 2042 2043 2044 2045 2046 2047 2048 2049 2050 :=
1 0.009460000000000001 0.009460000000000001 0.009460000000000001 0.009460000000000001 0.009460000000000001 0.009460000000000001 0.009460000000000001 0.009460000000000001 0.009460000000000001 0.009460000000000001 0.009460000000000001 0.009460000000000001 0.009460000000000001 0.009460000000000001 0.009460000000000001 0.009460000000000001 0.009460000000000001 0.009460000000000001 0.009460000000000001 0.009460000000000001 0.009460000000000001 0.009460000000000001 0.009460000000000001 0.009460000000000001 0.009460000000000001 0.009460000000000001 0.009460000000000001 0.009460000000000001 0.009460000000000001 0.009460000000000001 0.009460000000000001 0.009460000000000001 0.009460000000000001 
[RD,T5KERTAC,CO2e_DE,*,*]:
2018 2019 2020 2021 2022 2023 2024 2025 2026 2027 2028 2029 2030 2031 2032 2033 2034 2035 2036 2037 2038 2039 2040 2041 2042 2043 2044 2045 2046 2047 2048 2049 2050 :=
1 0.072044 0.072044 0.072044 0.072044 0.072044 0.072044 0.072044 0.072044 0.072044 0.072044 0.072044 0.072044 0.072044 0.072044 0.072044 0.072044 0.072044 0.072044 0.072044 0.072044 0.072044 0.072044 0.072044 0.072044 0.072044 0.072044 0.072044 0.072044 0.072044 0.072044 0.072044 0.072044 0.072044 
[RD,T4LPG_PRI,Health,*,*]:
2018 2019 2020 2021 2022 2023 2024 2025 2026 2027 2028 2029 2030 2031 2032 2033 2034 2035 2036 2037 2038 2039 2040 2041 2042 2043 2044 2045 2046 2047 2048 2049 2050 :=
1 0.005810906478973186 0.005810906478973186 0.005810906478973186 0.005810906478973186 0.005810906478973186 0.005810906478973186 0.005810906478973186 0.005810906478973186 0.005810906478973186 0.005810906478973186 0.005810906478973186 0.005810906478973186 0.005810906478973186 0.005810906478973186 0.005810906478973186 0.005810906478973186 0.005810906478973186 0.005810906478973186 0.005810906478973186 0.005810906478973186 0.005810906478973186 0.005810906478973186 0.005810906478973186 0.005810906478973186 0.005810906478973186 0.005810906478973186 0.005810906478973186 0.005810906478973186 0.005810906478973186 0.005810906478973186 0.005810906478973186 0.005810906478973186 0.005810906478973186 
[RD,EXTT_CRU,CO2e_FUG,*,*]:
2018 2019 2020 2021 2022 2023 2024 2025 2026 2027 2028 2029 2030 2031 2032 2033 2034 2035 2036 2037 2038 2039 2040 2041 2042 2043 2044 2045 2046 2047 2048 2049 2050 :=
1 0.000172367136150235 0.000172367136150235 0.000172367136150235 0.000172367136150235 0.000172367136150235 0.000172367136150235 0.000172367136150235 0.000172367136150235 0.000172367136150235 0.000172367136150235 0.000172367136150235 0.000172367136150235 0.000172367136150235 0.000172367136150235 0.000172367136150235 0.000172367136150235 0.000172367136150235 0.000172367136150235 0.000172367136150235 0.000172367136150235 0.000172367136150235 0.000172367136150235 0.000172367136150235 0.000172367136150235 0.000172367136150235 0.000172367136150235 0.000172367136150235 0.000172367136150235 0.000172367136150235 0.000172367136150235 0.000172367136150235 0.000172367136150235 0.000172367136150235 
[RD,T4LPG_PUB,CO2e_TRN,*,*]:
2018 2019 2020 2021 2022 2023 2024 2025 2026 2027 2028 2029 2030 2031 2032 2033 2034 2035 2036 2037 2038 2039 2040 2041 2042 2043 2044 2045 2046 2047 2048 2049 2050 :=
1 0.0631548 0.0631548 0.0631548 0.0631548 0.0631548 0.0631548 0.0631548 0.0631548 0.0631548 0.0631548 0.0631548 0.0631548 0.0631548 0.0631548 0.0631548 0.0631548 0.0631548 0.0631548 0.0631548 0.0631548 0.0631548 0.0631548 0.0631548 0.0631548 0.0631548 0.0631548 0.0631548 0.0631548 0.0631548 0.0631548 0.0631548 0.0631548 0.0631548 
[RD,T5COKIND,CO2e_DE,*,*]:
2018 2019 2020 2021 2022 2023 2024 2025 2026 2027 2028 2029 2030 2031 2032 2033 2034 2035 2036 2037 2038 2039 2040 2041 2042 2043 2044 2045 2046 2047 2048 2049 2050 :=
1 0.097743 0.097743 0.097743 0.097743 0.097743 0.097743 0.097743 0.097743 0.097743 0.097743 0.097743 0.097743 0.097743 0.097743 0.097743 0.097743 0.097743 0.097743 0.097743 0.097743 0.097743 0.097743 0.097743 0.097743 0.097743 0.097743 0.097743 0.097743 0.097743 0.097743 0.097743 0.097743 0.097743 
[RD,T4LPG_PUB,Health,*,*]:
2018 2019 2020 2021 2022 2023 2024 2025 2026 2027 2028 2029 2030 2031 2032 2033 2034 2035 2036 2037 2038 2039 2040 2041 2042 2043 2044 2045 2046 2047 2048 2049 2050 :=
1 0.005810906478973186 0.005810906478973186 0.005810906478973186 0.005810906478973186 0.005810906478973186 0.005810906478973186 0.005810906478973186 0.005810906478973186 0.005810906478973186 0.005810906478973186 0.005810906478973186 0.005810906478973186 0.005810906478973186 0.005810906478973186 0.005810906478973186 0.005810906478973186 0.005810906478973186 0.005810906478973186 0.005810906478973186 0.005810906478973186 0.005810906478973186 0.005810906478973186 0.005810906478973186 0.005810906478973186 0.005810906478973186 0.005810906478973186 0.005810906478973186 0.005810906478973186 0.005810906478973186 0.005810906478973186 0.005810906478973186 0.005810906478973186 0.005810906478973186 
[RD,T4LPG_TUR,CO2e_TRN,*,*]:
2018 2019 2020 2021 2022 2023 2024 2025 2026 2027 2028 2029 2030 2031 2032 2033 2034 2035 2036 2037 2038 2039 2040 2041 2042 2043 2044 2045 2046 2047 2048 2049 2050 :=
1 0.0631548 0.0631548 0.0631548 0.0631548 0.0631548 0.0631548 0.0631548 0.0631548 0.0631548 0.0631548 0.0631548 0.0631548 0.0631548 0.0631548 0.0631548 0.0631548 0.0631548 0.0631548 0.0631548 0.0631548 0.0631548 0.0631548 0.0631548 0.0631548 0.0631548 0.0631548 0.0631548 0.0631548 0.0631548 0.0631548 0.0631548 0.0631548 0.0631548 
[RD,T5LPGCOM,CO2e_DE,*,*]:
2018 2019 2020 2021 2022 2023 2024 2025 2026 2027 2028 2029 2030 2031 2032 2033 2034 2035 2036 2037 2038 2039 2040 2041 2042 2043 2044 2045 2046 2047 2048 2049 2050 :=
1 0.0632665 0.0632665 0.0632665 0.0632665 0.0632665 0.0632665 0.0632665 0.0632665 0.0632665 0.0632665 0.0632665 0.0632665 0.0632665 0.0632665 0.0632665 0.0632665 0.0632665 0.0632665 0.0632665 0.0632665 0.0632665 0.0632665 0.0632665 0.0632665 0.0632665 0.0632665 0.0632665 0.0632665 0.0632665 0.0632665 0.0632665 0.0632665 0.0632665 
[RD,T5ELECOM,CO2e_DE,*,*]:
2018 2019 2020 2021 2022 2023 2024 2025 2026 2027 2028 2029 2030 2031 2032 2033 2034 2035 2036 2037 2038 2039 2040 2041 2042 2043 2044 2045 2046 2047 2048 2049 2050 :=
1 0.0 0.0 0.0 0.0 0.0 0.0 0.0 0.0 0.0 0.0 0.0 0.0 0.0 0.0 0.0 0.0 0.0 0.0 0.0 0.0 0.0 0.0 0.0 0.0 0.0 0.0 0.0 0.0 0.0 0.0 0.0 0.0 0.0 
[RD,T5LPGCON,CO2e_DE,*,*]:
2018 2019 2020 2021 2022 2023 2024 2025 2026 2027 2028 2029 2030 2031 2032 2033 2034 2035 2036 2037 2038 2039 2040 2041 2042 2043 2044 2045 2046 2047 2048 2049 2050 :=
1 0.0632665 0.0632665 0.0632665 0.0632665 0.0632665 0.0632665 0.0632665 0.0632665 0.0632665 0.0632665 0.0632665 0.0632665 0.0632665 0.0632665 0.0632665 0.0632665 0.0632665 0.0632665 0.0632665 0.0632665 0.0632665 0.0632665 0.0632665 0.0632665 0.0632665 0.0632665 0.0632665 0.0632665 0.0632665 0.0632665 0.0632665 0.0632665 0.0632665 
[RD,DIST_KER,CO2e_sources,*,*]:
2018 2019 2020 2021 2022 2023 2024 2025 2026 2027 2028 2029 2030 2031 2032 2033 2034 2035 2036 2037 2038 2039 2040 2041 2042 2043 2044 2045 2046 2047 2048 2049 2050 :=
1 0.0719 0.0719 0.0719 0.0719 0.0719 0.0719 0.0719 0.0719 0.0719 0.0719 0.0719 0.0719 0.0719 0.0719 0.0719 0.0719 0.0719 0.0719 0.0719 0.0719 0.0719 0.0719 0.0719 0.0719 0.0719 0.0719 0.0719 0.0719 0.0719 0.0719 0.0719 0.0719 0.0719 
[RD,T4DSL_PRI,Health,*,*]:
2018 2019 2020 2021 2022 2023 2024 2025 2026 2027 2028 2029 2030 2031 2032 2033 2034 2035 2036 2037 2038 2039 2040 2041 2042 2043 2044 2045 2046 2047 2048 2049 2050 :=
1 0.009676468585854548 0.009676468585854548 0.009676468585854548 0.009676468585854548 0.009676468585854548 0.009676468585854548 0.009676468585854548 0.009676468585854548 0.009676468585854548 0.009676468585854548 0.009676468585854548 0.009676468585854548 0.009676468585854548 0.009676468585854548 0.009676468585854548 0.009676468585854548 0.009676468585854548 0.009676468585854548 0.009676468585854548 0.009676468585854548 0.009676468585854548 0.009676468585854548 0.009676468585854548 0.009676468585854548 0.009676468585854548 0.009676468585854548 0.009676468585854548 0.009676468585854548 0.009676468585854548 0.009676468585854548 0.009676468585854548 0.009676468585854548 0.009676468585854548 
[RD,T4GSL_TUR,CO2e_TRN,*,*]:
2018 2019 2020 2021 2022 2023 2024 2025 2026 2027 2028 2029 2030 2031 2032 2033 2034 2035 2036 2037 2038 2039 2040 2041 2042 2043 2044 2045 2046 2047 2048 2049 2050 :=
1 0.06955380000000001 0.06955380000000001 0.06955380000000001 0.06955380000000001 0.06955380000000001 0.06955380000000001 0.06955380000000001 0.06955380000000001 0.06955380000000001 0.06955380000000001 0.06955380000000001 0.06955380000000001 0.06955380000000001 0.06955380000000001 0.06955380000000001 0.06955380000000001 0.06955380000000001 0.06955380000000001 0.06955380000000001 0.06955380000000001 0.06955380000000001 0.06955380000000001 0.06955380000000001 0.06955380000000001 0.06955380000000001 0.06955380000000001 0.06955380000000001 0.06955380000000001 0.06955380000000001 0.06955380000000001 0.06955380000000001 0.06955380000000001 0.06955380000000001 
[RD,PPBGS,CO2e_PP,*,*]:
2018 2019 2020 2021 2022 2023 2024 2025 2026 2027 2028 2029 2030 2031 2032 2033 2034 2035 2036 2037 2038 2039 2040 2041 2042 2043 2044 2045 2046 2047 2048 2049 2050 :=
1 0.0 0.0 0.0 0.0 0.0 0.0 0.0 0.0 0.0 0.0 0.0 0.0 0.0 0.0 0.0 0.0 0.0 0.0 0.0 0.0 0.0 0.0 0.0 0.0 0.0 0.0 0.0 0.0 0.0 0.0 0.0 0.0 0.0 
[RD,PPCCTNGSDSL,Health,*,*]:
2018 2019 2020 2021 2022 2023 2024 2025 2026 2027 2028 2029 2030 2031 2032 2033 2034 2035 2036 2037 2038 2039 2040 2041 2042 2043 2044 2045 2046 2047 2048 2049 2050 :=
1 8.197455600897615e-05 8.197455600897615e-05 8.197455600897615e-05 8.197455600897615e-05 8.197455600897615e-05 8.197455600897615e-05 8.197455600897615e-05 8.197455600897615e-05 8.197455600897615e-05 8.197455600897615e-05 8.197455600897615e-05 8.197455600897615e-05 8.197455600897615e-05 8.197455600897615e-05 8.197455600897615e-05 8.197455600897615e-05 8.197455600897615e-05 8.197455600897615e-05 8.197455600897615e-05 8.197455600897615e-05 8.197455600897615e-05 8.197455600897615e-05 8.197455600897615e-05 8.197455600897615e-05 8.197455600897615e-05 8.197455600897615e-05 8.197455600897615e-05 8.197455600897615e-05 8.197455600897615e-05 8.197455600897615e-05 8.197455600897615e-05 8.197455600897615e-05 8.197455600897615e-05 
[RD,T5ELEIND,CO2e_DE,*,*]:
2018 2019 2020 2021 2022 2023 2024 2025 2026 2027 2028 2029 2030 2031 2032 2033 2034 2035 2036 2037 2038 2039 2040 2041 2042 2043 2044 2045 2046 2047 2048 2049 2050 :=
1 0.0 0.0 0.0 0.0 0.0 0.0 0.0 0.0 0.0 0.0 0.0 0.0 0.0 0.0 0.0 0.0 0.0 0.0 0.0 0.0 0.0 0.0 0.0 0.0 0.0 0.0 0.0 0.0 0.0 0.0 0.0 0.0 0.0 
[RD,T5ELEAGR,CO2e_DE,*,*]:
2018 2019 2020 2021 2022 2023 2024 2025 2026 2027 2028 2029 2030 2031 2032 2033 2034 2035 2036 2037 2038 2039 2040 2041 2042 2043 2044 2045 2046 2047 2048 2049 2050 :=
1 0.0 0.0 0.0 0.0 0.0 0.0 0.0 0.0 0.0 0.0 0.0 0.0 0.0 0.0 0.0 0.0 0.0 0.0 0.0 0.0 0.0 0.0 0.0 0.0 0.0 0.0 0.0 0.0 0.0 0.0 0.0 0.0 0.0 
[RD,T4DSL_PUB,CO2e_TRN,*,*]:
2018 2019 2020 2021 2022 2023 2024 2025 2026 2027 2028 2029 2030 2031 2032 2033 2034 2035 2036 2037 2038 2039 2040 2041 2042 2043 2044 2045 2046 2047 2048 2049 2050 :=
1 0.07435380000000001 0.07435380000000001 0.07435380000000001 0.07435380000000001 0.07435380000000001 0.07435380000000001 0.07435380000000001 0.07435380000000001 0.07435380000000001 0.07435380000000001 0.07435380000000001 0.07435380000000001 0.07435380000000001 0.07435380000000001 0.07435380000000001 0.07435380000000001 0.07435380000000001 0.07435380000000001 0.07435380000000001 0.07435380000000001 0.07435380000000001 0.07435380000000001 0.07435380000000001 0.07435380000000001 0.07435380000000001 0.07435380000000001 0.07435380000000001 0.07435380000000001 0.07435380000000001 0.07435380000000001 0.07435380000000001 0.07435380000000001 0.07435380000000001 
[RD,T5GSLTOT,CO2e_DE,*,*]:
2018 2019 2020 2021 2022 2023 2024 2025 2026 2027 2028 2029 2030 2031 2032 2033 2034 2035 2036 2037 2038 2039 2040 2041 2042 2043 2044 2045 2046 2047 2048 2049 2050 :=
1 0.0693 0.0693 0.0693 0.0693 0.0693 0.0693 0.0693 0.0693 0.0693 0.0693 0.0693 0.0693 0.0693 0.0693 0.0693 0.0693 0.0693 0.0693 0.0693 0.0693 0.0693 0.0693 0.0693 0.0693 0.0693 0.0693 0.0693 0.0693 0.0693 0.0693 0.0693 0.0693 0.0693 
[RD,T4GSL_LIG,CO2e_TRN,*,*]:
2018 2019 2020 2021 2022 2023 2024 2025 2026 2027 2028 2029 2030 2031 2032 2033 2034 2035 2036 2037 2038 2039 2040 2041 2042 2043 2044 2045 2046 2047 2048 2049 2050 :=
1 0.06955380000000001 0.06955380000000001 0.06955380000000001 0.06955380000000001 0.06955380000000001 0.06955380000000001 0.06955380000000001 0.06955380000000001 0.06955380000000001 0.06955380000000001 0.06955380000000001 0.06955380000000001 0.06955380000000001 0.06955380000000001 0.06955380000000001 0.06955380000000001 0.06955380000000001 0.06955380000000001 0.06955380000000001 0.06955380000000001 0.06955380000000001 0.06955380000000001 0.06955380000000001 0.06955380000000001 0.06955380000000001 0.06955380000000001 0.06955380000000001 0.06955380000000001 0.06955380000000001 0.06955380000000001 0.06955380000000001 0.06955380000000001 0.06955380000000001 
[RD,DIST_FOI,CO2e_sources,*,*]:
2018 2019 2020 2021 2022 2023 2024 2025 2026 2027 2028 2029 2030 2031 2032 2033 2034 2035 2036 2037 2038 2039 2040 2041 2042 2043 2044 2045 2046 2047 2048 2049 2050 :=
1 0.0774 0.0774 0.0774 0.0774 0.0774 0.0774 0.0774 0.0774 0.0774 0.0774 0.0774 0.0774 0.0774 0.0774 0.0774 0.0774 0.0774 0.0774 0.0774 0.0774 0.0774 0.0774 0.0774 0.0774 0.0774 0.0774 0.0774 0.0774 0.0774 0.0774 0.0774 0.0774 0.0774 
;

param EmissionsPenalty default 0 :=
[RD,*,*]:
2018 2019 2020 2021 2022 2023 2024 2025 2026 2027 2028 2029 2030 2031 2032 2033 2034 2035 2036 2037 2038 2039 2040 2041 2042 2043 2044 2045 2046 2047 2048 2049 2050 :=
Health 1000 1000 1000 1000 1000 1000 1000 1000 1000 1000 1000 1000 1000 1000 1000 1000 1000 1000 1000 1000 1000 1000 1000 1000 1000 1000 1000 1000 1000 1000 1000 1000 1000 
;

param FixedCost default 0 :=
[RD,*,*]:
2018 2019 2020 2021 2022 2023 2024 2025 2026 2027 2028 2029 2030 2031 2032 2033 2034 2035 2036 2037 2038 2039 2040 2041 2042 2043 2044 2045 2046 2047 2048 2049 2050 :=
IMP_ELE 32.8571 32.8571 32.8571 32.8571 32.8571 32.8571 32.8571 32.8571 32.8571 32.8571 32.8571 32.8571 32.8571 32.8571 32.8571 32.8571 32.8571 32.8571 32.8571 32.8571 32.8571 32.8571 32.8571 32.8571 32.8571 32.8571 32.8571 32.8571 32.8571 32.8571 32.8571 32.8571 32.8571 
PPHDAM 85.0 85.0 85.0 85.0 85.0 85.0 85.0 85.0 85.0 85.0 85.0 85.0 85.0 85.0 85.0 85.0 85.0 85.0 85.0 85.0 85.0 85.0 85.0 85.0 85.0 85.0 85.0 85.0 85.0 85.0 85.0 85.0 85.0 
PPHROR 50.0 50.0 50.0 50.0 50.0 50.0 50.0 50.0 50.0 50.0 50.0 50.0 50.0 50.0 50.0 50.0 50.0 50.0 50.0 50.0 50.0 50.0 50.0 50.0 50.0 50.0 50.0 50.0 50.0 50.0 50.0 50.0 50.0 
PPGEO 120.0 120.0 120.0 120.0 120.0 120.0 120.0 120.0 120.0 120.0 120.0 120.0 120.0 120.0 120.0 120.0 120.0 120.0 120.0 120.0 120.0 120.0 120.0 120.0 120.0 120.0 120.0 120.0 120.0 120.0 120.0 120.0 120.0 
PPWNDON 26.7217 26.7217 26.47 26.2183 25.9666 25.715 25.4633 61.4633 60.2116 58.9599 56.7082 55.4566 54.2049 54.0233 52.8418 52.6603 51.4787 51.2972 50.1157 49.9341 48.7526 48.571 47.3895 47.208 47.0264 45.8449 45.6634 44.4818 44.3003 43.1188 42.9372 41.7557 41.5741 
PPPVT 16.8714 16.8714 15.33 14.8788 14.4333 13.9893 13.5466 49.5466 48.1052 46.665 44.226 42.7881 41.3513 41.2762 40.2013 40.1266 39.0521 38.9777 37.9036 37.8296 36.7558 36.6821 35.6087 35.5354 35.4622 34.3893 34.3164 33.2438 33.1713 32.0989 32.0267 30.9547 30.8828 
PPPVTHYD 16.8714 16.8714 15.33 14.8788 14.4333 13.9893 13.5466 49.5466 48.1052 46.665 44.226 42.7881 41.3513 41.2762 40.2013 40.1266 39.0521 38.9777 37.9036 37.8296 36.7558 36.6821 35.6087 35.5354 35.4622 34.3893 34.3164 33.2438 33.1713 32.0989 32.0267 30.9547 30.8828 
PPPVTS 16.8714 16.8714 15.33 14.8788 14.4333 13.9893 13.5466 49.5466 48.1052 46.665 44.226 42.7881 41.3513 41.2762 40.2013 40.1266 39.0521 38.9777 37.9036 37.8296 36.7558 36.6821 35.6087 35.5354 35.4622 34.3893 34.3164 33.2438 33.1713 32.0989 32.0267 30.9547 30.8828 
PPPVD 18.0 18.0 18.0 18.0 18.0 18.0 18.0 18.0 18.0 18.0 18.0 18.0 18.0 18.0 18.0 18.0 18.0 18.0 18.0 18.0 18.0 18.0 18.0 18.0 18.0 18.0 18.0 18.0 18.0 18.0 18.0 18.0 18.0 
PPWNDOFF 26.7217 26.7217 26.47 26.2183 25.9666 25.715 25.4633 61.4633 60.2116 58.9599 56.7082 55.4566 54.2049 54.0233 52.8418 52.6603 51.4787 51.2972 50.1157 49.9341 48.7526 48.571 47.3895 47.208 47.0264 45.8449 45.6634 44.4818 44.3003 43.1188 42.9372 41.7557 41.5741 
PPDHYD 20.0 20.0 20.0 20.0 20.0 20.0 20.0 20.0 20.0 20.0 20.0 20.0 20.0 20.0 20.0 20.0 20.0 20.0 20.0 20.0 20.0 20.0 20.0 20.0 20.0 20.0 20.0 20.0 20.0 20.0 20.0 20.0 20.0 
REF_DSL 0.0 0.0 0.0 0.0 0.0 0.0 0.0 0.0 0.0 0.0 0.0 0.0 0.0 0.0 0.0 0.0 0.0 0.0 0.0 0.0 0.0 0.0 0.0 0.0 0.0 0.0 0.0 0.0 0.0 0.0 0.0 0.0 0.0 
REF_GSL 0.0 0.0 0.0 0.0 0.0 0.0 0.0 0.0 0.0 0.0 0.0 0.0 0.0 0.0 0.0 0.0 0.0 0.0 0.0 0.0 0.0 0.0 0.0 0.0 0.0 0.0 0.0 0.0 0.0 0.0 0.0 0.0 0.0 
REF_LPG 0.0 0.0 0.0 0.0 0.0 0.0 0.0 0.0 0.0 0.0 0.0 0.0 0.0 0.0 0.0 0.0 0.0 0.0 0.0 0.0 0.0 0.0 0.0 0.0 0.0 0.0 0.0 0.0 0.0 0.0 0.0 0.0 0.0 
REF_FOI 0.0 0.0 0.0 0.0 0.0 0.0 0.0 0.0 0.0 0.0 0.0 0.0 0.0 0.0 0.0 0.0 0.0 0.0 0.0 0.0 0.0 0.0 0.0 0.0 0.0 0.0 0.0 0.0 0.0 0.0 0.0 0.0 0.0 
PPBIM 35.16 35.16 35.16 35.16 35.16 35.16 35.16 35.16 35.16 35.16 35.16 35.16 35.16 35.16 35.16 35.16 35.16 35.16 35.16 35.16 35.16 35.16 35.16 35.16 35.16 35.16 35.16 35.16 35.16 35.16 35.16 35.16 35.16 
PPBGS 0.0 0.0 0.0 0.0 0.0 0.0 0.0 0.0 0.0 0.0 0.0 0.0 0.0 0.0 0.0 0.0 0.0 0.0 0.0 0.0 0.0 0.0 0.0 0.0 0.0 0.0 0.0 0.0 0.0 0.0 0.0 0.0 0.0 
PPCOA 82.0 82.0 82.0 82.0 82.0 82.0 82.0 82.0 82.0 82.0 82.0 82.0 82.0 82.0 82.0 82.0 82.0 82.0 82.0 82.0 82.0 82.0 82.0 82.0 82.0 82.0 82.0 82.0 82.0 82.0 82.0 82.0 82.0 
PPCCTDSL 35.16 35.16 35.16 35.16 35.16 35.16 35.16 35.16 35.16 35.16 35.16 35.16 35.16 35.16 35.16 35.16 35.16 35.16 35.16 35.16 35.16 35.16 35.16 35.16 35.16 35.16 35.16 35.16 35.16 35.16 35.16 35.16 35.16 
PPCCFOIDSL 2.2858 2.2858 2.2858 2.2858 2.2858 2.2858 2.2858 2.2858 2.2858 2.2858 2.2858 2.2858 2.2858 2.2858 2.2858 2.2858 2.2858 2.2858 2.2858 2.2858 2.2858 2.2858 2.2858 2.2858 2.2858 2.2858 2.2858 2.2858 2.2858 2.2858 2.2858 2.2858 2.2858 
PPCCTNGS 14.1 14.1 14.1 14.1 14.1 14.1 14.1 14.1 14.1 14.1 14.1 14.1 14.1 14.1 14.1 14.1 14.1 14.1 14.1 14.1 14.1 14.1 14.1 14.1 14.1 14.1 14.1 14.1 14.1 14.1 14.1 14.1 14.1 
PPCCTNGSDSL 14.1 14.1 14.1 14.1 14.1 14.1 14.1 14.1 14.1 14.1 14.1 14.1 14.1 14.1 14.1 14.1 14.1 14.1 14.1 14.1 14.1 14.1 14.1 14.1 14.1 14.1 14.1 14.1 14.1 14.1 14.1 14.1 14.1 
PPICEFOI 35.16 35.16 35.16 35.16 35.16 35.16 35.16 35.16 35.16 35.16 35.16 35.16 35.16 35.16 35.16 35.16 35.16 35.16 35.16 35.16 35.16 35.16 35.16 35.16 35.16 35.16 35.16 35.16 35.16 35.16 35.16 35.16 35.16 
PPICEGASFOI 14.1 14.1 14.1 14.1 14.1 14.1 14.1 14.1 14.1 14.1 14.1 14.1 14.1 14.1 14.1 14.1 14.1 14.1 14.1 14.1 14.1 14.1 14.1 14.1 14.1 14.1 14.1 14.1 14.1 14.1 14.1 14.1 14.1 
PPADSL 14.1 14.1 14.1 14.1 14.1 14.1 14.1 14.1 14.1 14.1 14.1 14.1 14.1 14.1 14.1 14.1 14.1 14.1 14.1 14.1 14.1 14.1 14.1 14.1 14.1 14.1 14.1 14.1 14.1 14.1 14.1 14.1 14.1 
PPAFOI 14.1 14.1 14.1 14.1 14.1 14.1 14.1 14.1 14.1 14.1 14.1 14.1 14.1 14.1 14.1 14.1 14.1 14.1 14.1 14.1 14.1 14.1 14.1 14.1 14.1 14.1 14.1 14.1 14.1 14.1 14.1 14.1 14.1 
PPANGS 14.1 14.1 14.1 14.1 14.1 14.1 14.1 14.1 14.1 14.1 14.1 14.1 14.1 14.1 14.1 14.1 14.1 14.1 14.1 14.1 14.1 14.1 14.1 14.1 14.1 14.1 14.1 14.1 14.1 14.1 14.1 14.1 14.1 
PPDBGS 14.1 14.1 14.1 14.1 14.1 14.1 14.1 14.1 14.1 14.1 14.1 14.1 14.1 14.1 14.1 14.1 14.1 14.1 14.1 14.1 14.1 14.1 14.1 14.1 14.1 14.1 14.1 14.1 14.1 14.1 14.1 14.1 14.1 
PPDDSL 14.1 14.1 14.1 14.1 14.1 14.1 14.1 14.1 14.1 14.1 14.1 14.1 14.1 14.1 14.1 14.1 14.1 14.1 14.1 14.1 14.1 14.1 14.1 14.1 14.1 14.1 14.1 14.1 14.1 14.1 14.1 14.1 14.1 
PPDFOI 14.1 14.1 14.1 14.1 14.1 14.1 14.1 14.1 14.1 14.1 14.1 14.1 14.1 14.1 14.1 14.1 14.1 14.1 14.1 14.1 14.1 14.1 14.1 14.1 14.1 14.1 14.1 14.1 14.1 14.1 14.1 14.1 14.1 
PPDNGS 14.1 14.1 14.1 14.1 14.1 14.1 14.1 14.1 14.1 14.1 14.1 14.1 14.1 14.1 14.1 14.1 14.1 14.1 14.1 14.1 14.1 14.1 14.1 14.1 14.1 14.1 14.1 14.1 14.1 14.1 14.1 14.1 14.1 
PPDGSL 14.1 14.1 14.1 14.1 14.1 14.1 14.1 14.1 14.1 14.1 14.1 14.1 14.1 14.1 14.1 14.1 14.1 14.1 14.1 14.1 14.1 14.1 14.1 14.1 14.1 14.1 14.1 14.1 14.1 14.1 14.1 14.1 14.1 
PPDGLP 14.1 14.1 14.1 14.1 14.1 14.1 14.1 14.1 14.1 14.1 14.1 14.1 14.1 14.1 14.1 14.1 14.1 14.1 14.1 14.1 14.1 14.1 14.1 14.1 14.1 14.1 14.1 14.1 14.1 14.1 14.1 14.1 14.1 
PPDBIM 14.1 14.1 14.1 14.1 14.1 14.1 14.1 14.1 14.1 14.1 14.1 14.1 14.1 14.1 14.1 14.1 14.1 14.1 14.1 14.1 14.1 14.1 14.1 14.1 14.1 14.1 14.1 14.1 14.1 14.1 14.1 14.1 14.1 
ELE_TRANS 0.0136 0.0136 0.0136 0.0136 0.0136 0.0136 0.0136 0.0136 0.0136 0.0136 0.0136 0.0136 0.0136 0.0136 0.0136 0.0136 0.0136 0.0136 0.0136 0.0136 0.0136 0.0136 0.0136 0.0136 0.0136 0.0136 0.0136 0.0136 0.0136 0.0136 0.0136 0.0136 0.0136 
HYD_G_PROD 5.6 5.6 5.6 5.6 5.6 5.6 5.6 5.6 5.6 5.6 5.6 5.6 5.6 5.6 5.6 5.6 5.6 5.6 5.6 5.6 5.6 5.6 5.6 5.6 5.6 5.6 5.6 5.6 5.6 5.6 5.6 5.6 5.6 
ELE_DIST 0.0136 0.0136 0.0136 0.0136 0.0136 0.0136 0.0136 0.0136 0.0136 0.0136 0.0136 0.0136 0.0136 0.0136 0.0136 0.0136 0.0136 0.0136 0.0136 0.0136 0.0136 0.0136 0.0136 0.0136 0.0136 0.0136 0.0136 0.0136 0.0136 0.0136 0.0136 0.0136 0.0136 
HYD_DIST 0.225 0.225 0.225 0.225 0.225 0.225 0.225 0.225 0.225 0.225 0.225 0.225 0.225 0.225 0.225 0.225 0.225 0.225 0.225 0.225 0.225 0.225 0.225 0.225 0.225 0.225 0.225 0.225 0.225 0.225 0.225 0.225 0.225 
TRAUTDSL 61.65 61.65 61.65 61.65 61.65 61.65 61.65 61.65 61.65 61.65 61.65 61.65 61.65 61.65 61.65 61.65 61.65 61.65 61.65 61.65 61.65 61.65 61.65 61.65 61.65 61.65 61.65 61.65 61.65 61.65 61.65 61.65 61.65 
TRAUTGSL 49.32 49.32 49.32 49.32 49.32 49.32 49.32 49.32 49.32 49.32 49.32 49.32 49.32 49.32 49.32 49.32 49.32 49.32 49.32 49.32 49.32 49.32 49.32 49.32 49.32 49.32 49.32 49.32 49.32 49.32 49.32 49.32 49.32 
TRAUTLPG 61.65 61.65 61.65 61.65 61.65 61.65 61.65 61.65 61.65 61.65 61.65 61.65 61.65 61.65 61.65 61.65 61.65 61.65 61.65 61.65 61.65 61.65 61.65 61.65 61.65 61.65 61.65 61.65 61.65 61.65 61.65 61.65 61.65 
TRAUTELE 16.2756 16.2756 16.2756 16.2756 16.2756 16.2756 16.2756 16.2756 16.2756 16.2756 16.2756 16.2756 16.2756 16.2756 16.2756 16.2756 16.2756 16.2756 16.2756 16.2756 16.2756 16.2756 16.2756 16.2756 16.2756 16.2756 16.2756 16.2756 16.2756 16.2756 16.2756 16.2756 16.2756 
TRAUTHG 24.66 24.66 24.66 24.66 24.66 24.66 24.66 24.66 24.66 24.66 24.66 24.66 24.66 24.66 24.66 24.66 24.66 24.66 24.66 24.66 24.66 24.66 24.66 24.66 24.66 24.66 24.66 24.66 24.66 24.66 24.66 24.66 24.66 
TRTAXGSL 49.32 49.32 49.32 49.32 49.32 49.32 49.32 49.32 49.32 49.32 49.32 49.32 49.32 49.32 49.32 49.32 49.32 49.32 49.32 49.32 49.32 49.32 49.32 49.32 49.32 49.32 49.32 49.32 49.32 49.32 49.32 49.32 49.32 
TRTAXLPG 49.32 49.32 49.32 49.32 49.32 49.32 49.32 49.32 49.32 49.32 49.32 49.32 49.32 49.32 49.32 49.32 49.32 49.32 49.32 49.32 49.32 49.32 49.32 49.32 49.32 49.32 49.32 49.32 49.32 49.32 49.32 49.32 49.32 
TRTAXELE 16.2756 16.2756 16.2756 16.2756 16.2756 16.2756 16.2756 16.2756 16.2756 16.2756 16.2756 16.2756 16.2756 16.2756 16.2756 16.2756 16.2756 16.2756 16.2756 16.2756 16.2756 16.2756 16.2756 16.2756 16.2756 16.2756 16.2756 16.2756 16.2756 16.2756 16.2756 16.2756 16.2756 
TRMOTGSL 5.41 5.41 5.41 5.41 5.41 5.41 5.41 5.41 5.41 5.41 5.41 5.41 5.41 5.41 5.41 5.41 5.41 5.41 5.41 5.41 5.41 5.41 5.41 5.41 5.41 5.41 5.41 5.41 5.41 5.41 5.41 5.41 5.41 
TRMOTELE 1.7853 1.7853 1.7853 1.7853 1.7853 1.7853 1.7853 1.7853 1.7853 1.7853 1.7853 1.7853 1.7853 1.7853 1.7853 1.7853 1.7853 1.7853 1.7853 1.7853 1.7853 1.7853 1.7853 1.7853 1.7853 1.7853 1.7853 1.7853 1.7853 1.7853 1.7853 1.7853 1.7853 
TRSUVDSL 61.65 61.65 61.65 61.65 61.65 61.65 61.65 61.65 61.65 61.65 61.65 61.65 61.65 61.65 61.65 61.65 61.65 61.65 61.65 61.65 61.65 61.65 61.65 61.65 61.65 61.65 61.65 61.65 61.65 61.65 61.65 61.65 61.65 
TRSUVGSL 61.65 61.65 61.65 61.65 61.65 61.65 61.65 61.65 61.65 61.65 61.65 61.65 61.65 61.65 61.65 61.65 61.65 61.65 61.65 61.65 61.65 61.65 61.65 61.65 61.65 61.65 61.65 61.65 61.65 61.65 61.65 61.65 61.65 
TRSUVLPG 61.65 61.65 61.65 61.65 61.65 61.65 61.65 61.65 61.65 61.65 61.65 61.65 61.65 61.65 61.65 61.65 61.65 61.65 61.65 61.65 61.65 61.65 61.65 61.65 61.65 61.65 61.65 61.65 61.65 61.65 61.65 61.65 61.65 
TRSUVELE 20.3445 20.3445 20.3445 20.3445 20.3445 20.3445 20.3445 20.3445 20.3445 20.3445 20.3445 20.3445 20.3445 20.3445 20.3445 20.3445 20.3445 20.3445 20.3445 20.3445 20.3445 20.3445 20.3445 20.3445 20.3445 20.3445 20.3445 20.3445 20.3445 20.3445 20.3445 20.3445 20.3445 
TRSUVNGS 61.65 61.65 61.65 61.65 61.65 61.65 61.65 61.65 61.65 61.65 61.65 61.65 61.65 61.65 61.65 61.65 61.65 61.65 61.65 61.65 61.65 61.65 61.65 61.65 61.65 61.65 61.65 61.65 61.65 61.65 61.65 61.65 61.65 
TRBPUDSL 171.78 171.78 171.78 171.78 171.78 171.78 171.78 171.78 171.78 171.78 171.78 171.78 171.78 171.78 171.78 171.78 171.78 171.78 171.78 171.78 171.78 171.78 171.78 171.78 171.78 171.78 171.78 171.78 171.78 171.78 171.78 171.78 171.78 
TRBPUGSL 171.78 171.78 171.78 171.78 171.78 171.78 171.78 171.78 171.78 171.78 171.78 171.78 171.78 171.78 171.78 171.78 171.78 171.78 171.78 171.78 171.78 171.78 171.78 171.78 171.78 171.78 171.78 171.78 171.78 171.78 171.78 171.78 171.78 
TRBPULPG 100.77 100.77 100.77 100.77 100.77 100.77 100.77 100.77 100.77 100.77 100.77 100.77 100.77 100.77 100.77 100.77 100.77 100.77 100.77 100.77 100.77 100.77 100.77 100.77 100.77 100.77 100.77 100.77 100.77 100.77 100.77 100.77 100.77 
TRBPUELE 53.6 47.864 46.1888 44.5722 43.0121 41.5067 40.054 38.6521 37.2993 35.7886 34.1424 32.384 30.5381 28.6295 26.8402 25.1627 23.59 22.1156 20.7334 19.4375 17.834 16.006 14.0452 12.3247 10.8149 9.4901 8.3276 6.8911 5.3578 3.8978 2.6408 1.6571 0.957 
TRBPUHYD 56.6874 56.6874 56.6874 56.6874 56.6874 56.6874 56.6874 56.6874 56.6874 56.6874 56.6874 56.6874 56.6874 56.6874 56.6874 56.6874 56.6874 56.6874 56.6874 56.6874 56.6874 56.6874 56.6874 56.6874 56.6874 56.6874 56.6874 56.6874 56.6874 56.6874 56.6874 56.6874 56.6874 
TRBTURDSL 171.78 171.78 171.78 171.78 171.78 171.78 171.78 171.78 171.78 171.78 171.78 171.78 171.78 171.78 171.78 171.78 171.78 171.78 171.78 171.78 171.78 171.78 171.78 171.78 171.78 171.78 171.78 171.78 171.78 171.78 171.78 171.78 171.78 
TRBTURGSL 171.78 171.78 171.78 171.78 171.78 171.78 171.78 171.78 171.78 171.78 171.78 171.78 171.78 171.78 171.78 171.78 171.78 171.78 171.78 171.78 171.78 171.78 171.78 171.78 171.78 171.78 171.78 171.78 171.78 171.78 171.78 171.78 171.78 
TRBTURLPG 100.77 100.77 100.77 100.77 100.77 100.77 100.77 100.77 100.77 100.77 100.77 100.77 100.77 100.77 100.77 100.77 100.77 100.77 100.77 100.77 100.77 100.77 100.77 100.77 100.77 100.77 100.77 100.77 100.77 100.77 100.77 100.77 100.77 
TRBTURELE 56.6874 56.6874 56.6874 56.6874 56.6874 56.6874 56.6874 56.6874 56.6874 56.6874 56.6874 56.6874 56.6874 56.6874 56.6874 56.6874 56.6874 56.6874 56.6874 56.6874 56.6874 56.6874 56.6874 56.6874 56.6874 56.6874 56.6874 56.6874 56.6874 56.6874 56.6874 56.6874 56.6874 
TRBTURHYD 56.6874 56.6874 56.6874 56.6874 56.6874 56.6874 56.6874 56.6874 56.6874 56.6874 56.6874 56.6874 56.6874 56.6874 56.6874 56.6874 56.6874 56.6874 56.6874 56.6874 56.6874 56.6874 56.6874 56.6874 56.6874 56.6874 56.6874 56.6874 56.6874 56.6874 56.6874 56.6874 56.6874 
TRMBSDSL 179.16 179.16 179.16 179.16 179.16 179.16 179.16 179.16 179.16 179.16 179.16 179.16 179.16 179.16 179.16 179.16 179.16 179.16 179.16 179.16 179.16 179.16 179.16 179.16 179.16 179.16 179.16 179.16 179.16 179.16 179.16 179.16 179.16 
TRMBSGSL 179.16 179.16 179.16 179.16 179.16 179.16 179.16 179.16 179.16 179.16 179.16 179.16 179.16 179.16 179.16 179.16 179.16 179.16 179.16 179.16 179.16 179.16 179.16 179.16 179.16 179.16 179.16 179.16 179.16 179.16 179.16 179.16 179.16 
TRMBSLPG 105.1 105.1 105.1 105.1 105.1 105.1 105.1 105.1 105.1 105.1 105.1 105.1 105.1 105.1 105.1 105.1 105.1 105.1 105.1 105.1 105.1 105.1 105.1 105.1 105.1 105.1 105.1 105.1 105.1 105.1 105.1 105.1 105.1 
TRMBSELE 59.1228 59.1228 59.1228 59.1228 59.1228 59.1228 59.1228 59.1228 59.1228 59.1228 59.1228 59.1228 59.1228 59.1228 59.1228 59.1228 59.1228 59.1228 59.1228 59.1228 59.1228 59.1228 59.1228 59.1228 59.1228 59.1228 59.1228 59.1228 59.1228 59.1228 59.1228 59.1228 59.1228 
TRYTKDSL 464.79 464.79 464.79 464.79 464.79 464.79 464.79 464.79 464.79 464.79 464.79 464.79 464.79 464.79 464.79 464.79 464.79 464.79 464.79 464.79 464.79 464.79 464.79 464.79 464.79 464.79 464.79 464.79 464.79 464.79 464.79 464.79 464.79 
TRYTKGSL 464.79 464.79 464.79 464.79 464.79 464.79 464.79 464.79 464.79 464.79 464.79 464.79 464.79 464.79 464.79 464.79 464.79 464.79 464.79 464.79 464.79 464.79 464.79 464.79 464.79 464.79 464.79 464.79 464.79 464.79 464.79 464.79 464.79 
TRYTKLPG 387.84 387.84 387.84 387.84 387.84 387.84 387.84 387.84 387.84 387.84 387.84 387.84 387.84 387.84 387.84 387.84 387.84 387.84 387.84 387.84 387.84 387.84 387.84 387.84 387.84 387.84 387.84 387.84 387.84 387.84 387.84 387.84 387.84 
TRYTKELE 153.3807 153.3807 153.3807 153.3807 153.3807 153.3807 153.3807 153.3807 153.3807 153.3807 153.3807 153.3807 153.3807 153.3807 153.3807 153.3807 153.3807 153.3807 153.3807 153.3807 153.3807 153.3807 153.3807 153.3807 153.3807 153.3807 153.3807 153.3807 153.3807 153.3807 153.3807 153.3807 153.3807 
TRYTKHYD 153.3807 153.3807 153.3807 153.3807 153.3807 153.3807 153.3807 153.3807 153.3807 153.3807 153.3807 153.3807 153.3807 153.3807 153.3807 153.3807 153.3807 153.3807 153.3807 153.3807 153.3807 153.3807 153.3807 153.3807 153.3807 153.3807 153.3807 153.3807 153.3807 153.3807 153.3807 153.3807 153.3807 
TRYTKHD 232.395 232.395 232.395 232.395 232.395 232.395 232.395 232.395 232.395 232.395 232.395 232.395 232.395 232.395 232.395 232.395 232.395 232.395 232.395 232.395 232.395 232.395 232.395 232.395 232.395 232.395 232.395 232.395 232.395 232.395 232.395 232.395 232.395 
TRYLFDSL 236.83 236.83 236.83 236.83 236.83 236.83 236.83 236.83 236.83 236.83 236.83 236.83 236.83 236.83 236.83 236.83 236.83 236.83 236.83 236.83 236.83 236.83 236.83 236.83 236.83 236.83 236.83 236.83 236.83 236.83 236.83 236.83 236.83 
TRYLFGSL 236.83 236.83 236.83 236.83 236.83 236.83 236.83 236.83 236.83 236.83 236.83 236.83 236.83 236.83 236.83 236.83 236.83 236.83 236.83 236.83 236.83 236.83 236.83 236.83 236.83 236.83 236.83 236.83 236.83 236.83 236.83 236.83 236.83 
TRYLFLPG 236.83 236.83 236.83 236.83 236.83 236.83 236.83 236.83 236.83 236.83 236.83 236.83 236.83 236.83 236.83 236.83 236.83 236.83 236.83 236.83 236.83 236.83 236.83 236.83 236.83 236.83 236.83 236.83 236.83 236.83 236.83 236.83 236.83 
TRYLFELE 78.1539 78.1539 78.1539 78.1539 78.1539 78.1539 78.1539 78.1539 78.1539 78.1539 78.1539 78.1539 78.1539 78.1539 78.1539 78.1539 78.1539 78.1539 78.1539 78.1539 78.1539 78.1539 78.1539 78.1539 78.1539 78.1539 78.1539 78.1539 78.1539 78.1539 78.1539 78.1539 78.1539 
TRYLFNGS 236.83 236.83 236.83 236.83 236.83 236.83 236.83 236.83 236.83 236.83 236.83 236.83 236.83 236.83 236.83 236.83 236.83 236.83 236.83 236.83 236.83 236.83 236.83 236.83 236.83 236.83 236.83 236.83 236.83 236.83 236.83 236.83 236.83 
TRYLFHD 118.415 118.415 118.415 118.415 118.415 118.415 118.415 118.415 118.415 118.415 118.415 118.415 118.415 118.415 118.415 118.415 118.415 118.415 118.415 118.415 118.415 118.415 118.415 118.415 118.415 118.415 118.415 118.415 118.415 118.415 118.415 118.415 118.415 
;

param InputActivityRatio default 0 :=
[RD,TRAUTGSL,E4GSL_PRI,*,*]:
2018 2019 2020 2021 2022 2023 2024 2025 2026 2027 2028 2029 2030 2031 2032 2033 2034 2035 2036 2037 2038 2039 2040 2041 2042 2043 2044 2045 2046 2047 2048 2049 2050 :=
1 2.1199 2.1199 2.1199 2.1199 2.1199 2.1199 2.1199 2.1199 2.1199 2.1199 2.1199 2.1199 2.1199 2.1199 2.1199 2.1199 2.1199 2.1199 2.1199 2.1199 2.1199 2.1199 2.1199 2.1199 2.1199 2.1199 2.1199 2.1199 2.1199 2.1199 2.1199 2.1199 2.1199 
[RD,ELE_DIST,E2ELE,*,*]:
2018 2019 2020 2021 2022 2023 2024 2025 2026 2027 2028 2029 2030 2031 2032 2033 2034 2035 2036 2037 2038 2039 2040 2041 2042 2043 2044 2045 2046 2047 2048 2049 2050 :=
1 1.1483 1.1313 1.1337 1.1189 1.1189 1.1189 1.1189 1.1189 1.1189 1.1189 1.1189 1.1189 1.1189 1.1189 1.1189 1.1189 1.1189 1.1189 1.1189 1.1189 1.1189 1.1189 1.1189 1.1189 1.1189 1.1189 1.1189 1.1189 1.1189 1.1189 1.1189 1.1189 1.1189 
[RD,PPCOA,E1COA,*,*]:
2018 2019 2020 2021 2022 2023 2024 2025 2026 2027 2028 2029 2030 2031 2032 2033 2034 2035 2036 2037 2038 2039 2040 2041 2042 2043 2044 2045 2046 2047 2048 2049 2050 :=
1 3.76 3.48 3.16 3.03 3.12 3.12 3.12 3.12 3.12 3.12 3.12 3.12 3.12 3.12 3.12 3.12 3.12 3.12 3.12 3.12 3.12 3.12 3.12 3.12 3.12 3.12 3.12 3.12 3.12 3.12 3.12 3.12 3.12 
[RD,T5KERTAC,E1KER,*,*]:
2018 2019 2020 2021 2022 2023 2024 2025 2026 2027 2028 2029 2030 2031 2032 2033 2034 2035 2036 2037 2038 2039 2040 2041 2042 2043 2044 2045 2046 2047 2048 2049 2050 :=
1 1.0 1.0 1.0 1.0 1.0 1.0 1.0 1.0 1.0 1.0 1.0 1.0 1.0 1.0 1.0 1.0 1.0 1.0 1.0 1.0 1.0 1.0 1.0 1.0 1.0 1.0 1.0 1.0 1.0 1.0 1.0 1.0 1.0 
[RD,TRTAXELE,E4ELE_PRI,*,*]:
2018 2019 2020 2021 2022 2023 2024 2025 2026 2027 2028 2029 2030 2031 2032 2033 2034 2035 2036 2037 2038 2039 2040 2041 2042 2043 2044 2045 2046 2047 2048 2049 2050 :=
1 0.54 0.54 0.54 0.54 0.54 0.54 0.54 0.54 0.54 0.54 0.54 0.54 0.54 0.54 0.54 0.54 0.54 0.54 0.54 0.54 0.54 0.54 0.54 0.54 0.54 0.54 0.54 0.54 0.54 0.54 0.54 0.54 0.54 
[RD,TRYLFDSL,E4DSL_LIG,*,*]:
2018 2019 2020 2021 2022 2023 2024 2025 2026 2027 2028 2029 2030 2031 2032 2033 2034 2035 2036 2037 2038 2039 2040 2041 2042 2043 2044 2045 2046 2047 2048 2049 2050 :=
1 3.7142 3.7142 3.7142 3.7142 3.7142 3.7142 3.7142 3.7142 3.7142 3.7142 3.7142 3.7142 3.7142 3.7142 3.7142 3.7142 3.7142 3.7142 3.7142 3.7142 3.7142 3.7142 3.7142 3.7142 3.7142 3.7142 3.7142 3.7142 3.7142 3.7142 3.7142 3.7142 3.7142 
[RD,T5KERRES,E1KER,*,*]:
2018 2019 2020 2021 2022 2023 2024 2025 2026 2027 2028 2029 2030 2031 2032 2033 2034 2035 2036 2037 2038 2039 2040 2041 2042 2043 2044 2045 2046 2047 2048 2049 2050 :=
1 1.0 1.0 1.0 1.0 1.0 1.0 1.0 1.0 1.0 1.0 1.0 1.0 1.0 1.0 1.0 1.0 1.0 1.0 1.0 1.0 1.0 1.0 1.0 1.0 1.0 1.0 1.0 1.0 1.0 1.0 1.0 1.0 1.0 
[RD,TRYLFLPG,E4LPG_LIG,*,*]:
2018 2019 2020 2021 2022 2023 2024 2025 2026 2027 2028 2029 2030 2031 2032 2033 2034 2035 2036 2037 2038 2039 2040 2041 2042 2043 2044 2045 2046 2047 2048 2049 2050 :=
1 2.48 2.48 2.48 2.48 2.48 2.48 2.48 2.48 2.48 2.48 2.48 2.48 2.48 2.48 2.48 2.48 2.48 2.48 2.48 2.48 2.48 2.48 2.48 2.48 2.48 2.48 2.48 2.48 2.48 2.48 2.48 2.48 2.48 
[RD,Techs_Li_Freight,E5TRYLF,*,*]:
2018 2019 2020 2021 2022 2023 2024 2025 2026 2027 2028 2029 2030 2031 2032 2033 2034 2035 2036 2037 2038 2039 2040 2041 2042 2043 2044 2045 2046 2047 2048 2049 2050 :=
1 1.0 1.0 1.0 1.0 1.0 1.0 1.0 1.0 1.0 1.0 1.0 1.0 1.0 1.0 1.0 1.0 1.0 1.0 1.0 1.0 1.0 1.0 1.0 1.0 1.0 1.0 1.0 1.0 1.0 1.0 1.0 1.0 1.0 
[RD,PPBIM,E1BIM,*,*]:
2018 2019 2020 2021 2022 2023 2024 2025 2026 2027 2028 2029 2030 2031 2032 2033 2034 2035 2036 2037 2038 2039 2040 2041 2042 2043 2044 2045 2046 2047 2048 2049 2050 :=
1 3.02 2.69 3.45 3.28 3.66 3.66 3.66 3.66 3.66 3.66 3.66 3.66 3.66 3.66 3.66 3.66 3.66 3.66 3.66 3.66 3.66 3.66 3.66 3.66 3.66 3.66 3.66 3.66 3.66 3.66 3.66 3.66 3.66 
[RD,T4ELE_PRI,E3ELE,*,*]:
2018 2019 2020 2021 2022 2023 2024 2025 2026 2027 2028 2029 2030 2031 2032 2033 2034 2035 2036 2037 2038 2039 2040 2041 2042 2043 2044 2045 2046 2047 2048 2049 2050 :=
1 1.0 1.0 1.0 1.0 1.0 1.0 1.0 1.0 1.0 1.0 1.0 1.0 1.0 1.0 1.0 1.0 1.0 1.0 1.0 1.0 1.0 1.0 1.0 1.0 1.0 1.0 1.0 1.0 1.0 1.0 1.0 1.0 1.0 
[RD,Techs_Buses_Micro,E5TRMBS,*,*]:
2018 2019 2020 2021 2022 2023 2024 2025 2026 2027 2028 2029 2030 2031 2032 2033 2034 2035 2036 2037 2038 2039 2040 2041 2042 2043 2044 2045 2046 2047 2048 2049 2050 :=
1 1.0 1.0 1.0 1.0 1.0 1.0 1.0 1.0 1.0 1.0 1.0 1.0 1.0 1.0 1.0 1.0 1.0 1.0 1.0 1.0 1.0 1.0 1.0 1.0 1.0 1.0 1.0 1.0 1.0 1.0 1.0 1.0 1.0 
[RD,Techs_Bus_Efi,E5TRXBUSEFI,*,*]:
2018 2019 2020 2021 2022 2023 2024 2025 2026 2027 2028 2029 2030 2031 2032 2033 2034 2035 2036 2037 2038 2039 2040 2041 2042 2043 2044 2045 2046 2047 2048 2049 2050 :=
1 1.0 1.0 1.0 1.0 1.0 1.0 1.0 1.0 1.0 1.0 1.0 1.0 1.0 1.0 1.0 1.0 1.0 1.0 1.0 1.0 1.0 1.0 1.0 1.0 1.0 1.0 1.0 1.0 1.0 1.0 1.0 1.0 1.0 
[RD,T4LPG_TUR,E1LPG,*,*]:
2018 2019 2020 2021 2022 2023 2024 2025 2026 2027 2028 2029 2030 2031 2032 2033 2034 2035 2036 2037 2038 2039 2040 2041 2042 2043 2044 2045 2046 2047 2048 2049 2050 :=
1 1.0 1.0 1.0 1.0 1.0 1.0 1.0 1.0 1.0 1.0 1.0 1.0 1.0 1.0 1.0 1.0 1.0 1.0 1.0 1.0 1.0 1.0 1.0 1.0 1.0 1.0 1.0 1.0 1.0 1.0 1.0 1.0 1.0 
[RD,HYD_G_PROD,E7ELE,*,*]:
2018 2019 2020 2021 2022 2023 2024 2025 2026 2027 2028 2029 2030 2031 2032 2033 2034 2035 2036 2037 2038 2039 2040 2041 2042 2043 2044 2045 2046 2047 2048 2049 2050 :=
1 1.472 1.46 1.448 1.436 1.424 1.412 1.4 1.388 1.388 1.388 1.388 1.388 1.388 1.388 1.388 1.388 1.388 1.388 1.388 1.388 1.388 1.388 1.388 1.388 1.388 1.388 1.388 1.388 1.388 1.388 1.388 1.388 1.388 
[RD,T4GSL_LIG,E1GSL,*,*]:
2018 2019 2020 2021 2022 2023 2024 2025 2026 2027 2028 2029 2030 2031 2032 2033 2034 2035 2036 2037 2038 2039 2040 2041 2042 2043 2044 2045 2046 2047 2048 2049 2050 :=
1 1.0 1.0 1.0 1.0 1.0 1.0 1.0 1.0 1.0 1.0 1.0 1.0 1.0 1.0 1.0 1.0 1.0 1.0 1.0 1.0 1.0 1.0 1.0 1.0 1.0 1.0 1.0 1.0 1.0 1.0 1.0 1.0 1.0 
[RD,TRAUTHG,E4ELE_PRI,*,*]:
2018 2019 2020 2021 2022 2023 2024 2025 2026 2027 2028 2029 2030 2031 2032 2033 2034 2035 2036 2037 2038 2039 2040 2041 2042 2043 2044 2045 2046 2047 2048 2049 2050 :=
1 0.0 0.0 0.0 0.0 0.0 0.0 0.0 0.0 0.0 0.0 0.0 0.0 0.0 0.0 0.0 0.0 0.0 0.0 0.0 0.0 0.0 0.0 0.0 0.0 0.0 0.0 0.0 0.0 0.0 0.0 0.0 0.0 0.0 
[RD,TRMBSDSL,E4DSL_PUB,*,*]:
2018 2019 2020 2021 2022 2023 2024 2025 2026 2027 2028 2029 2030 2031 2032 2033 2034 2035 2036 2037 2038 2039 2040 2041 2042 2043 2044 2045 2046 2047 2048 2049 2050 :=
1 6.2496 6.2496 6.2496 6.2496 6.2496 6.2496 6.2496 6.2496 6.2496 6.2496 6.2496 6.2496 6.2496 6.2496 6.2496 6.2496 6.2496 6.2496 6.2496 6.2496 6.2496 6.2496 6.2496 6.2496 6.2496 6.2496 6.2496 6.2496 6.2496 6.2496 6.2496 6.2496 6.2496 
[RD,TRBPUDSL,E4DSL_PUB,*,*]:
2018 2019 2020 2021 2022 2023 2024 2025 2026 2027 2028 2029 2030 2031 2032 2033 2034 2035 2036 2037 2038 2039 2040 2041 2042 2043 2044 2045 2046 2047 2048 2049 2050 :=
1 3.8656 3.8656 3.8656 3.8656 3.8656 3.8656 3.8656 3.8656 3.8656 3.8656 3.8656 3.8656 3.8656 3.8656 3.8656 3.8656 3.8656 3.8656 3.8656 3.8656 3.8656 3.8656 3.8656 3.8656 3.8656 3.8656 3.8656 3.8656 3.8656 3.8656 3.8656 3.8656 3.8656 
[RD,T5ELERES,E3ELE,*,*]:
2018 2019 2020 2021 2022 2023 2024 2025 2026 2027 2028 2029 2030 2031 2032 2033 2034 2035 2036 2037 2038 2039 2040 2041 2042 2043 2044 2045 2046 2047 2048 2049 2050 :=
1 1.0 1.0 1.0 1.0 1.0 1.0 1.0 1.0 1.0 1.0 1.0 1.0 1.0 1.0 1.0 1.0 1.0 1.0 1.0 1.0 1.0 1.0 1.0 1.0 1.0 1.0 1.0 1.0 1.0 1.0 1.0 1.0 1.0 
[RD,PPCCFOIDSL,E1DSL,*,*]:
2018 2019 2020 2021 2022 2023 2024 2025 2026 2027 2028 2029 2030 2031 2032 2033 2034 2035 2036 2037 2038 2039 2040 2041 2042 2043 2044 2045 2046 2047 2048 2049 2050 :=
1 0.0983 0.0953 0.0885 0.0973 0.098 0.0797 0.0797 0.0797 0.0797 0.0797 0.0797 0.0797 0.0797 0.0797 0.0797 0.0797 0.0797 0.0797 0.0797 0.0797 0.0797 0.0797 0.0797 0.0797 0.0797 0.0797 0.0797 0.0797 0.0797 0.0797 0.0797 0.0797 0.0797 
[RD,T5GSLTOT,E1GSL,*,*]:
2018 2019 2020 2021 2022 2023 2024 2025 2026 2027 2028 2029 2030 2031 2032 2033 2034 2035 2036 2037 2038 2039 2040 2041 2042 2043 2044 2045 2046 2047 2048 2049 2050 :=
1 1.0 1.0 1.0 1.0 1.0 1.0 1.0 1.0 1.0 1.0 1.0 1.0 1.0 1.0 1.0 1.0 1.0 1.0 1.0 1.0 1.0 1.0 1.0 1.0 1.0 1.0 1.0 1.0 1.0 1.0 1.0 1.0 1.0 
[RD,T4NGS_LIG,E1NGS,*,*]:
2018 2019 2020 2021 2022 2023 2024 2025 2026 2027 2028 2029 2030 2031 2032 2033 2034 2035 2036 2037 2038 2039 2040 2041 2042 2043 2044 2045 2046 2047 2048 2049 2050 :=
1 1.0 1.0 1.0 1.0 1.0 1.0 1.0 1.0 1.0 1.0 1.0 1.0 1.0 1.0 1.0 1.0 1.0 1.0 1.0 1.0 1.0 1.0 1.0 1.0 1.0 1.0 1.0 1.0 1.0 1.0 1.0 1.0 1.0 
[RD,T4GSL_TUR,E1GSL,*,*]:
2018 2019 2020 2021 2022 2023 2024 2025 2026 2027 2028 2029 2030 2031 2032 2033 2034 2035 2036 2037 2038 2039 2040 2041 2042 2043 2044 2045 2046 2047 2048 2049 2050 :=
1 1.0 1.0 1.0 1.0 1.0 1.0 1.0 1.0 1.0 1.0 1.0 1.0 1.0 1.0 1.0 1.0 1.0 1.0 1.0 1.0 1.0 1.0 1.0 1.0 1.0 1.0 1.0 1.0 1.0 1.0 1.0 1.0 1.0 
[RD,T5BIMIND,E1BIM,*,*]:
2018 2019 2020 2021 2022 2023 2024 2025 2026 2027 2028 2029 2030 2031 2032 2033 2034 2035 2036 2037 2038 2039 2040 2041 2042 2043 2044 2045 2046 2047 2048 2049 2050 :=
1 1.0 1.0 1.0 1.0 1.0 1.0 1.0 1.0 1.0 1.0 1.0 1.0 1.0 1.0 1.0 1.0 1.0 1.0 1.0 1.0 1.0 1.0 1.0 1.0 1.0 1.0 1.0 1.0 1.0 1.0 1.0 1.0 1.0 
[RD,PPDGSL,E1GSL,*,*]:
2018 2019 2020 2021 2022 2023 2024 2025 2026 2027 2028 2029 2030 2031 2032 2033 2034 2035 2036 2037 2038 2039 2040 2041 2042 2043 2044 2045 2046 2047 2048 2049 2050 :=
1 4.762 4.762 4.762 4.762 4.762 4.762 4.762 4.762 4.762 4.762 4.762 4.762 4.762 4.762 4.762 4.762 4.762 4.762 4.762 4.762 4.762 4.762 4.762 4.762 4.762 4.762 4.762 4.762 4.762 4.762 4.762 4.762 4.762 
[RD,T5HYDIND,E3HYD,*,*]:
2018 2019 2020 2021 2022 2023 2024 2025 2026 2027 2028 2029 2030 2031 2032 2033 2034 2035 2036 2037 2038 2039 2040 2041 2042 2043 2044 2045 2046 2047 2048 2049 2050 :=
1 1.0 1.0 1.0 1.0 1.0 1.0 1.0 1.0 1.0 1.0 1.0 1.0 1.0 1.0 1.0 1.0 1.0 1.0 1.0 1.0 1.0 1.0 1.0 1.0 1.0 1.0 1.0 1.0 1.0 1.0 1.0 1.0 1.0 
[RD,Techs_He_Freight,E5TRYTK,*,*]:
2018 2019 2020 2021 2022 2023 2024 2025 2026 2027 2028 2029 2030 2031 2032 2033 2034 2035 2036 2037 2038 2039 2040 2041 2042 2043 2044 2045 2046 2047 2048 2049 2050 :=
1 1.0 1.0 1.0 1.0 1.0 1.0 1.0 1.0 1.0 1.0 1.0 1.0 1.0 1.0 1.0 1.0 1.0 1.0 1.0 1.0 1.0 1.0 1.0 1.0 1.0 1.0 1.0 1.0 1.0 1.0 1.0 1.0 1.0 
[RD,TRAUTLPG,E4LPG_PRI,*,*]:
2018 2019 2020 2021 2022 2023 2024 2025 2026 2027 2028 2029 2030 2031 2032 2033 2034 2035 2036 2037 2038 2039 2040 2041 2042 2043 2044 2045 2046 2047 2048 2049 2050 :=
1 1.98 1.98 1.98 1.98 1.98 1.98 1.98 1.98 1.98 1.98 1.98 1.98 1.98 1.98 1.98 1.98 1.98 1.98 1.98 1.98 1.98 1.98 1.98 1.98 1.98 1.98 1.98 1.98 1.98 1.98 1.98 1.98 1.98 
[RD,T5FOIIND,E1FOI,*,*]:
2018 2019 2020 2021 2022 2023 2024 2025 2026 2027 2028 2029 2030 2031 2032 2033 2034 2035 2036 2037 2038 2039 2040 2041 2042 2043 2044 2045 2046 2047 2048 2049 2050 :=
1 1.0 1.0 1.0 1.0 1.0 1.0 1.0 1.0 1.0 1.0 1.0 1.0 1.0 1.0 1.0 1.0 1.0 1.0 1.0 1.0 1.0 1.0 1.0 1.0 1.0 1.0 1.0 1.0 1.0 1.0 1.0 1.0 1.0 
[RD,T4LPG_PUB,E1LPG,*,*]:
2018 2019 2020 2021 2022 2023 2024 2025 2026 2027 2028 2029 2030 2031 2032 2033 2034 2035 2036 2037 2038 2039 2040 2041 2042 2043 2044 2045 2046 2047 2048 2049 2050 :=
1 1.0 1.0 1.0 1.0 1.0 1.0 1.0 1.0 1.0 1.0 1.0 1.0 1.0 1.0 1.0 1.0 1.0 1.0 1.0 1.0 1.0 1.0 1.0 1.0 1.0 1.0 1.0 1.0 1.0 1.0 1.0 1.0 1.0 
[RD,Techs_Taxi,E5TRTAX,*,*]:
2018 2019 2020 2021 2022 2023 2024 2025 2026 2027 2028 2029 2030 2031 2032 2033 2034 2035 2036 2037 2038 2039 2040 2041 2042 2043 2044 2045 2046 2047 2048 2049 2050 :=
1 1.0 1.0 1.0 1.0 1.0 1.0 1.0 1.0 1.0 1.0 1.0 1.0 1.0 1.0 1.0 1.0 1.0 1.0 1.0 1.0 1.0 1.0 1.0 1.0 1.0 1.0 1.0 1.0 1.0 1.0 1.0 1.0 1.0 
[RD,T5LPGRES,E1LPG,*,*]:
2018 2019 2020 2021 2022 2023 2024 2025 2026 2027 2028 2029 2030 2031 2032 2033 2034 2035 2036 2037 2038 2039 2040 2041 2042 2043 2044 2045 2046 2047 2048 2049 2050 :=
1 1.0 1.0 1.0 1.0 1.0 1.0 1.0 1.0 1.0 1.0 1.0 1.0 1.0 1.0 1.0 1.0 1.0 1.0 1.0 1.0 1.0 1.0 1.0 1.0 1.0 1.0 1.0 1.0 1.0 1.0 1.0 1.0 1.0 
[RD,T5LPGIND,E1LPG,*,*]:
2018 2019 2020 2021 2022 2023 2024 2025 2026 2027 2028 2029 2030 2031 2032 2033 2034 2035 2036 2037 2038 2039 2040 2041 2042 2043 2044 2045 2046 2047 2048 2049 2050 :=
1 1.0 1.0 1.0 1.0 1.0 1.0 1.0 1.0 1.0 1.0 1.0 1.0 1.0 1.0 1.0 1.0 1.0 1.0 1.0 1.0 1.0 1.0 1.0 1.0 1.0 1.0 1.0 1.0 1.0 1.0 1.0 1.0 1.0 
[RD,T5LPGAGR,E1LPG,*,*]:
2018 2019 2020 2021 2022 2023 2024 2025 2026 2027 2028 2029 2030 2031 2032 2033 2034 2035 2036 2037 2038 2039 2040 2041 2042 2043 2044 2045 2046 2047 2048 2049 2050 :=
1 1.0 1.0 1.0 1.0 1.0 1.0 1.0 1.0 1.0 1.0 1.0 1.0 1.0 1.0 1.0 1.0 1.0 1.0 1.0 1.0 1.0 1.0 1.0 1.0 1.0 1.0 1.0 1.0 1.0 1.0 1.0 1.0 1.0 
[RD,TRYLFHD,E4DSL_LIG,*,*]:
2018 2019 2020 2021 2022 2023 2024 2025 2026 2027 2028 2029 2030 2031 2032 2033 2034 2035 2036 2037 2038 2039 2040 2041 2042 2043 2044 2045 2046 2047 2048 2049 2050 :=
1 0.8 0.8 0.8 0.8 0.8 0.8 0.8 0.8 0.8 0.8 0.8 0.8 0.8 0.8 0.8 0.8 0.8 0.8 0.8 0.8 0.8 0.8 0.8 0.8 0.8 0.8 0.8 0.8 0.8 0.8 0.8 0.8 0.8 
[RD,REF_DSL,E1CRU,*,*]:
2018 2019 2020 2021 2022 2023 2024 2025 2026 2027 2028 2029 2030 2031 2032 2033 2034 2035 2036 2037 2038 2039 2040 2041 2042 2043 2044 2045 2046 2047 2048 2049 2050 :=
1 1.276 1.276 1.276 1.276 1.276 1.276 1.276 1.276 1.276 1.276 1.276 1.276 1.276 1.276 1.276 1.276 1.276 1.276 1.276 1.276 1.276 1.276 1.276 1.276 1.276 1.276 1.276 1.276 1.276 1.276 1.276 1.276 1.276 
[RD,T4ELE_PUB,E3ELE,*,*]:
2018 2019 2020 2021 2022 2023 2024 2025 2026 2027 2028 2029 2030 2031 2032 2033 2034 2035 2036 2037 2038 2039 2040 2041 2042 2043 2044 2045 2046 2047 2048 2049 2050 :=
1 1.0 1.0 1.0 1.0 1.0 1.0 1.0 1.0 1.0 1.0 1.0 1.0 1.0 1.0 1.0 1.0 1.0 1.0 1.0 1.0 1.0 1.0 1.0 1.0 1.0 1.0 1.0 1.0 1.0 1.0 1.0 1.0 1.0 
[RD,TRBPUHYD,E4HYD_PUB,*,*]:
2018 2019 2020 2021 2022 2023 2024 2025 2026 2027 2028 2029 2030 2031 2032 2033 2034 2035 2036 2037 2038 2039 2040 2041 2042 2043 2044 2045 2046 2047 2048 2049 2050 :=
1 5.45 5.45 5.45 5.45 5.45 5.45 5.45 5.45 5.45 5.45 5.45 5.45 5.45 5.45 5.45 5.45 5.45 5.45 5.45 5.45 5.45 5.45 5.45 5.45 5.45 5.45 5.45 5.45 5.45 5.45 5.45 5.45 5.45 
[RD,PPCCTDSL,E1DSL,*,*]:
2018 2019 2020 2021 2022 2023 2024 2025 2026 2027 2028 2029 2030 2031 2032 2033 2034 2035 2036 2037 2038 2039 2040 2041 2042 2043 2044 2045 2046 2047 2048 2049 2050 :=
1 2.54 2.82 3.83 6.14 7.03 7.03 7.03 7.03 7.03 7.03 7.03 7.03 7.03 7.03 7.03 7.03 7.03 7.03 7.03 7.03 7.03 7.03 7.03 7.03 7.03 7.03 7.03 7.03 7.03 7.03 7.03 7.03 7.03 
[RD,Techs_Motos,E5TRMOT,*,*]:
2018 2019 2020 2021 2022 2023 2024 2025 2026 2027 2028 2029 2030 2031 2032 2033 2034 2035 2036 2037 2038 2039 2040 2041 2042 2043 2044 2045 2046 2047 2048 2049 2050 :=
1 1.0 1.0 1.0 1.0 1.0 1.0 1.0 1.0 1.0 1.0 1.0 1.0 1.0 1.0 1.0 1.0 1.0 1.0 1.0 1.0 1.0 1.0 1.0 1.0 1.0 1.0 1.0 1.0 1.0 1.0 1.0 1.0 1.0 
[RD,TRMBSLPG,E4LPG_PUB,*,*]:
2018 2019 2020 2021 2022 2023 2024 2025 2026 2027 2028 2029 2030 2031 2032 2033 2034 2035 2036 2037 2038 2039 2040 2041 2042 2043 2044 2045 2046 2047 2048 2049 2050 :=
1 7.32 7.32 7.32 7.32 7.32 7.32 7.32 7.32 7.32 7.32 7.32 7.32 7.32 7.32 7.32 7.32 7.32 7.32 7.32 7.32 7.32 7.32 7.32 7.32 7.32 7.32 7.32 7.32 7.32 7.32 7.32 7.32 7.32 
[RD,TRYTKLPG,E4LPG_HEA,*,*]:
2018 2019 2020 2021 2022 2023 2024 2025 2026 2027 2028 2029 2030 2031 2032 2033 2034 2035 2036 2037 2038 2039 2040 2041 2042 2043 2044 2045 2046 2047 2048 2049 2050 :=
1 8.84 8.84 8.84 8.84 8.84 8.84 8.84 8.84 8.84 8.84 8.84 8.84 8.84 8.84 8.84 8.84 8.84 8.84 8.84 8.84 8.84 8.84 8.84 8.84 8.84 8.84 8.84 8.84 8.84 8.84 8.84 8.84 8.84 
[RD,TRAUTDSL,E4DSL_PRI,*,*]:
2018 2019 2020 2021 2022 2023 2024 2025 2026 2027 2028 2029 2030 2031 2032 2033 2034 2035 2036 2037 2038 2039 2040 2041 2042 2043 2044 2045 2046 2047 2048 2049 2050 :=
1 6.6624 6.6624 6.6624 6.6624 6.6624 6.6624 6.6624 6.6624 6.6624 6.6624 6.6624 6.6624 6.6624 6.6624 6.6624 6.6624 6.6624 6.6624 6.6624 6.6624 6.6624 6.6624 6.6624 6.6624 6.6624 6.6624 6.6624 6.6624 6.6624 6.6624 6.6624 6.6624 6.6624 
[RD,T5GSLTAC,E1GSL,*,*]:
2018 2019 2020 2021 2022 2023 2024 2025 2026 2027 2028 2029 2030 2031 2032 2033 2034 2035 2036 2037 2038 2039 2040 2041 2042 2043 2044 2045 2046 2047 2048 2049 2050 :=
1 1.0 1.0 1.0 1.0 1.0 1.0 1.0 1.0 1.0 1.0 1.0 1.0 1.0 1.0 1.0 1.0 1.0 1.0 1.0 1.0 1.0 1.0 1.0 1.0 1.0 1.0 1.0 1.0 1.0 1.0 1.0 1.0 1.0 
[RD,PPCCTNGSDSL,E1NGS,*,*]:
2018 2019 2020 2021 2022 2023 2024 2025 2026 2027 2028 2029 2030 2031 2032 2033 2034 2035 2036 2037 2038 2039 2040 2041 2042 2043 2044 2045 2046 2047 2048 2049 2050 :=
1 2.45 3.2 2.04 1.76 1.66 1.66 1.66 1.66 1.66 1.66 1.66 1.66 1.66 1.66 1.66 1.66 1.66 1.66 1.66 1.66 1.66 1.66 1.66 1.66 1.66 1.66 1.66 1.66 1.66 1.66 1.66 1.66 1.66 
[RD,TRXTRAIFREELE,E4ELE_HEA,*,*]:
2018 2019 2020 2021 2022 2023 2024 2025 2026 2027 2028 2029 2030 2031 2032 2033 2034 2035 2036 2037 2038 2039 2040 2041 2042 2043 2044 2045 2046 2047 2048 2049 2050 :=
1 0.4 0.4 0.4 0.4 0.4 0.4 0.4 0.4 0.4 0.4 0.4 0.4 0.4 0.4 0.4 0.4 0.4 0.4 0.4 0.4 0.4 0.4 0.4 0.4 0.4 0.4 0.4 0.4 0.4 0.4 0.4 0.4 0.4 
[RD,PPICEGASFOI,E1FOI,*,*]:
2018 2019 2020 2021 2022 2023 2024 2025 2026 2027 2028 2029 2030 2031 2032 2033 2034 2035 2036 2037 2038 2039 2040 2041 2042 2043 2044 2045 2046 2047 2048 2049 2050 :=
1 0.0 0.0 0.0 0.0 0.0 0.0 0.0 0.0 0.0 0.0 0.0 0.0 0.0 0.0 0.0 0.0 0.0 0.0 0.0 0.0 0.0 0.0 0.0 0.0 0.0 0.0 0.0 0.0 0.0 0.0 0.0 0.0 0.0 
[RD,T5DSLAGR,E1DSL,*,*]:
2018 2019 2020 2021 2022 2023 2024 2025 2026 2027 2028 2029 2030 2031 2032 2033 2034 2035 2036 2037 2038 2039 2040 2041 2042 2043 2044 2045 2046 2047 2048 2049 2050 :=
1 1.0 1.0 1.0 1.0 1.0 1.0 1.0 1.0 1.0 1.0 1.0 1.0 1.0 1.0 1.0 1.0 1.0 1.0 1.0 1.0 1.0 1.0 1.0 1.0 1.0 1.0 1.0 1.0 1.0 1.0 1.0 1.0 1.0 
[RD,T4NGS_PRI,E1NGS,*,*]:
2018 2019 2020 2021 2022 2023 2024 2025 2026 2027 2028 2029 2030 2031 2032 2033 2034 2035 2036 2037 2038 2039 2040 2041 2042 2043 2044 2045 2046 2047 2048 2049 2050 :=
1 1.0 1.0 1.0 1.0 1.0 1.0 1.0 1.0 1.0 1.0 1.0 1.0 1.0 1.0 1.0 1.0 1.0 1.0 1.0 1.0 1.0 1.0 1.0 1.0 1.0 1.0 1.0 1.0 1.0 1.0 1.0 1.0 1.0 
[RD,REF_FOI,E1CRU,*,*]:
2018 2019 2020 2021 2022 2023 2024 2025 2026 2027 2028 2029 2030 2031 2032 2033 2034 2035 2036 2037 2038 2039 2040 2041 2042 2043 2044 2045 2046 2047 2048 2049 2050 :=
1 1.276 1.276 1.276 1.276 1.276 1.276 1.276 1.276 1.276 1.276 1.276 1.276 1.276 1.276 1.276 1.276 1.276 1.276 1.276 1.276 1.276 1.276 1.276 1.276 1.276 1.276 1.276 1.276 1.276 1.276 1.276 1.276 1.276 
[RD,TRBTURLPG,E4LPG_TUR,*,*]:
2018 2019 2020 2021 2022 2023 2024 2025 2026 2027 2028 2029 2030 2031 2032 2033 2034 2035 2036 2037 2038 2039 2040 2041 2042 2043 2044 2045 2046 2047 2048 2049 2050 :=
1 9.92 9.92 9.92 9.92 9.92 9.92 9.92 9.92 9.92 9.92 9.92 9.92 9.92 9.92 9.92 9.92 9.92 9.92 9.92 9.92 9.92 9.92 9.92 9.92 9.92 9.92 9.92 9.92 9.92 9.92 9.92 9.92 9.92 
[RD,TRMOTGSL,E4GSL_PRI,*,*]:
2018 2019 2020 2021 2022 2023 2024 2025 2026 2027 2028 2029 2030 2031 2032 2033 2034 2035 2036 2037 2038 2039 2040 2041 2042 2043 2044 2045 2046 2047 2048 2049 2050 :=
1 0.9042 0.9042 0.9042 0.9042 0.9042 0.9042 0.9042 0.9042 0.9042 0.9042 0.9042 0.9042 0.9042 0.9042 0.9042 0.9042 0.9042 0.9042 0.9042 0.9042 0.9042 0.9042 0.9042 0.9042 0.9042 0.9042 0.9042 0.9042 0.9042 0.9042 0.9042 0.9042 0.9042 
[RD,TRXTTELELE,E4ELE_PUB,*,*]:
2018 2019 2020 2021 2022 2023 2024 2025 2026 2027 2028 2029 2030 2031 2032 2033 2034 2035 2036 2037 2038 2039 2040 2041 2042 2043 2044 2045 2046 2047 2048 2049 2050 :=
1 0.3 0.3 0.3 0.3 0.3 0.3 0.3 0.3 0.3 0.3 0.3 0.3 0.3 0.3 0.3 0.3 0.3 0.3 0.3 0.3 0.3 0.3 0.3 0.3 0.3 0.3 0.3 0.3 0.3 0.3 0.3 0.3 0.3 
[RD,PPDBGS,E1BGS,*,*]:
2018 2019 2020 2021 2022 2023 2024 2025 2026 2027 2028 2029 2030 2031 2032 2033 2034 2035 2036 2037 2038 2039 2040 2041 2042 2043 2044 2045 2046 2047 2048 2049 2050 :=
1 1.0 1.0 1.0 1.0 1.0 1.0 1.0 1.0 1.0 1.0 1.0 1.0 1.0 1.0 1.0 1.0 1.0 1.0 1.0 1.0 1.0 1.0 1.0 1.0 1.0 1.0 1.0 1.0 1.0 1.0 1.0 1.0 1.0 
[RD,T5COKIND,E1COK,*,*]:
2018 2019 2020 2021 2022 2023 2024 2025 2026 2027 2028 2029 2030 2031 2032 2033 2034 2035 2036 2037 2038 2039 2040 2041 2042 2043 2044 2045 2046 2047 2048 2049 2050 :=
1 1.0 1.0 1.0 1.0 1.0 1.0 1.0 1.0 1.0 1.0 1.0 1.0 1.0 1.0 1.0 1.0 1.0 1.0 1.0 1.0 1.0 1.0 1.0 1.0 1.0 1.0 1.0 1.0 1.0 1.0 1.0 1.0 1.0 
[RD,T5BIMEXP,E1BIM,*,*]:
2018 2019 2020 2021 2022 2023 2024 2025 2026 2027 2028 2029 2030 2031 2032 2033 2034 2035 2036 2037 2038 2039 2040 2041 2042 2043 2044 2045 2046 2047 2048 2049 2050 :=
1 1.0 1.0 1.0 1.0 1.0 1.0 1.0 1.0 1.0 1.0 1.0 1.0 1.0 1.0 1.0 1.0 1.0 1.0 1.0 1.0 1.0 1.0 1.0 1.0 1.0 1.0 1.0 1.0 1.0 1.0 1.0 1.0 1.0 
[RD,TRYLFGSL,E4GSL_LIG,*,*]:
2018 2019 2020 2021 2022 2023 2024 2025 2026 2027 2028 2029 2030 2031 2032 2033 2034 2035 2036 2037 2038 2039 2040 2041 2042 2043 2044 2045 2046 2047 2048 2049 2050 :=
1 4.4768 4.4768 4.4768 4.4768 4.4768 4.4768 4.4768 4.4768 4.4768 4.4768 4.4768 4.4768 4.4768 4.4768 4.4768 4.4768 4.4768 4.4768 4.4768 4.4768 4.4768 4.4768 4.4768 4.4768 4.4768 4.4768 4.4768 4.4768 4.4768 4.4768 4.4768 4.4768 4.4768 
[RD,T5FIRRES,E1FIR,*,*]:
2018 2019 2020 2021 2022 2023 2024 2025 2026 2027 2028 2029 2030 2031 2032 2033 2034 2035 2036 2037 2038 2039 2040 2041 2042 2043 2044 2045 2046 2047 2048 2049 2050 :=
1 1.0 1.0 1.0 1.0 1.0 1.0 1.0 1.0 1.0 1.0 1.0 1.0 1.0 1.0 1.0 1.0 1.0 1.0 1.0 1.0 1.0 1.0 1.0 1.0 1.0 1.0 1.0 1.0 1.0 1.0 1.0 1.0 1.0 
[RD,TRBPUGSL,E4GSL_PUB,*,*]:
2018 2019 2020 2021 2022 2023 2024 2025 2026 2027 2028 2029 2030 2031 2032 2033 2034 2035 2036 2037 2038 2039 2040 2041 2042 2043 2044 2045 2046 2047 2048 2049 2050 :=
1 3.0308 3.0308 3.0308 3.0308 3.0308 3.0308 3.0308 3.0308 3.0308 3.0308 3.0308 3.0308 3.0308 3.0308 3.0308 3.0308 3.0308 3.0308 3.0308 3.0308 3.0308 3.0308 3.0308 3.0308 3.0308 3.0308 3.0308 3.0308 3.0308 3.0308 3.0308 3.0308 3.0308 
[RD,PPICEFOI,E1FOI,*,*]:
2018 2019 2020 2021 2022 2023 2024 2025 2026 2027 2028 2029 2030 2031 2032 2033 2034 2035 2036 2037 2038 2039 2040 2041 2042 2043 2044 2045 2046 2047 2048 2049 2050 :=
1 1.63 1.83 1.69 2.15 2.2 2.2 2.2 2.2 2.2 2.2 2.2 2.2 2.2 2.2 2.2 2.2 2.2 2.2 2.2 2.2 2.2 2.2 2.2 2.2 2.2 2.2 2.2 2.2 2.2 2.2 2.2 2.2 2.2 
[RD,T4DSL_HEA,E1DSL,*,*]:
2018 2019 2020 2021 2022 2023 2024 2025 2026 2027 2028 2029 2030 2031 2032 2033 2034 2035 2036 2037 2038 2039 2040 2041 2042 2043 2044 2045 2046 2047 2048 2049 2050 :=
1 1.0 1.0 1.0 1.0 1.0 1.0 1.0 1.0 1.0 1.0 1.0 1.0 1.0 1.0 1.0 1.0 1.0 1.0 1.0 1.0 1.0 1.0 1.0 1.0 1.0 1.0 1.0 1.0 1.0 1.0 1.0 1.0 1.0 
[RD,TRSUVELE,E4ELE_PRI,*,*]:
2018 2019 2020 2021 2022 2023 2024 2025 2026 2027 2028 2029 2030 2031 2032 2033 2034 2035 2036 2037 2038 2039 2040 2041 2042 2043 2044 2045 2046 2047 2048 2049 2050 :=
1 0.7 0.7 0.7 0.7 0.7 0.7 0.7 0.7 0.7 0.7 0.7 0.7 0.7 0.7 0.7 0.7 0.7 0.7 0.7 0.7 0.7 0.7 0.7 0.7 0.7 0.7 0.7 0.7 0.7 0.7 0.7 0.7 0.7 
[RD,T5LPGCOM,E1LPG,*,*]:
2018 2019 2020 2021 2022 2023 2024 2025 2026 2027 2028 2029 2030 2031 2032 2033 2034 2035 2036 2037 2038 2039 2040 2041 2042 2043 2044 2045 2046 2047 2048 2049 2050 :=
1 1.0 1.0 1.0 1.0 1.0 1.0 1.0 1.0 1.0 1.0 1.0 1.0 1.0 1.0 1.0 1.0 1.0 1.0 1.0 1.0 1.0 1.0 1.0 1.0 1.0 1.0 1.0 1.0 1.0 1.0 1.0 1.0 1.0 
[RD,T5GSLIND,E1GSL,*,*]:
2018 2019 2020 2021 2022 2023 2024 2025 2026 2027 2028 2029 2030 2031 2032 2033 2034 2035 2036 2037 2038 2039 2040 2041 2042 2043 2044 2045 2046 2047 2048 2049 2050 :=
1 1.0 1.0 1.0 1.0 1.0 1.0 1.0 1.0 1.0 1.0 1.0 1.0 1.0 1.0 1.0 1.0 1.0 1.0 1.0 1.0 1.0 1.0 1.0 1.0 1.0 1.0 1.0 1.0 1.0 1.0 1.0 1.0 1.0 
[RD,T5NGSIND,E1NGS,*,*]:
2018 2019 2020 2021 2022 2023 2024 2025 2026 2027 2028 2029 2030 2031 2032 2033 2034 2035 2036 2037 2038 2039 2040 2041 2042 2043 2044 2045 2046 2047 2048 2049 2050 :=
1 1.0 1.0 1.0 1.0 1.0 1.0 1.0 1.0 1.0 1.0 1.0 1.0 1.0 1.0 1.0 1.0 1.0 1.0 1.0 1.0 1.0 1.0 1.0 1.0 1.0 1.0 1.0 1.0 1.0 1.0 1.0 1.0 1.0 
[RD,T4HYD_HEA,E3HYD,*,*]:
2018 2019 2020 2021 2022 2023 2024 2025 2026 2027 2028 2029 2030 2031 2032 2033 2034 2035 2036 2037 2038 2039 2040 2041 2042 2043 2044 2045 2046 2047 2048 2049 2050 :=
1 1.0 1.0 1.0 1.0 1.0 1.0 1.0 1.0 1.0 1.0 1.0 1.0 1.0 1.0 1.0 1.0 1.0 1.0 1.0 1.0 1.0 1.0 1.0 1.0 1.0 1.0 1.0 1.0 1.0 1.0 1.0 1.0 1.0 
[RD,Techs_SUV,E5TRSUV,*,*]:
2018 2019 2020 2021 2022 2023 2024 2025 2026 2027 2028 2029 2030 2031 2032 2033 2034 2035 2036 2037 2038 2039 2040 2041 2042 2043 2044 2045 2046 2047 2048 2049 2050 :=
1 1.0 1.0 1.0 1.0 1.0 1.0 1.0 1.0 1.0 1.0 1.0 1.0 1.0 1.0 1.0 1.0 1.0 1.0 1.0 1.0 1.0 1.0 1.0 1.0 1.0 1.0 1.0 1.0 1.0 1.0 1.0 1.0 1.0 
[RD,TRSUVGSL,E4GSL_PRI,*,*]:
2018 2019 2020 2021 2022 2023 2024 2025 2026 2027 2028 2029 2030 2031 2032 2033 2034 2035 2036 2037 2038 2039 2040 2041 2042 2043 2044 2045 2046 2047 2048 2049 2050 :=
1 3.2619 3.2619 3.2619 3.2619 3.2619 3.2619 3.2619 3.2619 3.2619 3.2619 3.2619 3.2619 3.2619 3.2619 3.2619 3.2619 3.2619 3.2619 3.2619 3.2619 3.2619 3.2619 3.2619 3.2619 3.2619 3.2619 3.2619 3.2619 3.2619 3.2619 3.2619 3.2619 3.2619 
[RD,T4ELE_HEA,E3ELE,*,*]:
2018 2019 2020 2021 2022 2023 2024 2025 2026 2027 2028 2029 2030 2031 2032 2033 2034 2035 2036 2037 2038 2039 2040 2041 2042 2043 2044 2045 2046 2047 2048 2049 2050 :=
1 1.0 1.0 1.0 1.0 1.0 1.0 1.0 1.0 1.0 1.0 1.0 1.0 1.0 1.0 1.0 1.0 1.0 1.0 1.0 1.0 1.0 1.0 1.0 1.0 1.0 1.0 1.0 1.0 1.0 1.0 1.0 1.0 1.0 
[RD,T4LPG_PRI,E1LPG,*,*]:
2018 2019 2020 2021 2022 2023 2024 2025 2026 2027 2028 2029 2030 2031 2032 2033 2034 2035 2036 2037 2038 2039 2040 2041 2042 2043 2044 2045 2046 2047 2048 2049 2050 :=
1 1.0 1.0 1.0 1.0 1.0 1.0 1.0 1.0 1.0 1.0 1.0 1.0 1.0 1.0 1.0 1.0 1.0 1.0 1.0 1.0 1.0 1.0 1.0 1.0 1.0 1.0 1.0 1.0 1.0 1.0 1.0 1.0 1.0 
[RD,Techs_Telef,E5TRXTTEL,*,*]:
2018 2019 2020 2021 2022 2023 2024 2025 2026 2027 2028 2029 2030 2031 2032 2033 2034 2035 2036 2037 2038 2039 2040 2041 2042 2043 2044 2045 2046 2047 2048 2049 2050 :=
1 1.0 1.0 1.0 1.0 1.0 1.0 1.0 1.0 1.0 1.0 1.0 1.0 1.0 1.0 1.0 1.0 1.0 1.0 1.0 1.0 1.0 1.0 1.0 1.0 1.0 1.0 1.0 1.0 1.0 1.0 1.0 1.0 1.0 
[RD,Techs_Auto,E5TRAUT,*,*]:
2018 2019 2020 2021 2022 2023 2024 2025 2026 2027 2028 2029 2030 2031 2032 2033 2034 2035 2036 2037 2038 2039 2040 2041 2042 2043 2044 2045 2046 2047 2048 2049 2050 :=
1 1.0 1.0 1.0 1.0 1.0 1.0 1.0 1.0 1.0 1.0 1.0 1.0 1.0 1.0 1.0 1.0 1.0 1.0 1.0 1.0 1.0 1.0 1.0 1.0 1.0 1.0 1.0 1.0 1.0 1.0 1.0 1.0 1.0 
[RD,PPDDSL,E1DSL,*,*]:
2018 2019 2020 2021 2022 2023 2024 2025 2026 2027 2028 2029 2030 2031 2032 2033 2034 2035 2036 2037 2038 2039 2040 2041 2042 2043 2044 2045 2046 2047 2048 2049 2050 :=
1 3.64 3.76 6.19 7.2 8.71 8.71 8.71 8.71 8.71 8.71 8.71 8.71 8.71 8.71 8.71 8.71 8.71 8.71 8.71 8.71 8.71 8.71 8.71 8.71 8.71 8.71 8.71 8.71 8.71 8.71 8.71 8.71 8.71 
[RD,T4GSL_PRI,E1GSL,*,*]:
2018 2019 2020 2021 2022 2023 2024 2025 2026 2027 2028 2029 2030 2031 2032 2033 2034 2035 2036 2037 2038 2039 2040 2041 2042 2043 2044 2045 2046 2047 2048 2049 2050 :=
1 1.0 1.0 1.0 1.0 1.0 1.0 1.0 1.0 1.0 1.0 1.0 1.0 1.0 1.0 1.0 1.0 1.0 1.0 1.0 1.0 1.0 1.0 1.0 1.0 1.0 1.0 1.0 1.0 1.0 1.0 1.0 1.0 1.0 
[RD,T4ELE_LIG,E3ELE,*,*]:
2018 2019 2020 2021 2022 2023 2024 2025 2026 2027 2028 2029 2030 2031 2032 2033 2034 2035 2036 2037 2038 2039 2040 2041 2042 2043 2044 2045 2046 2047 2048 2049 2050 :=
1 1.0 1.0 1.0 1.0 1.0 1.0 1.0 1.0 1.0 1.0 1.0 1.0 1.0 1.0 1.0 1.0 1.0 1.0 1.0 1.0 1.0 1.0 1.0 1.0 1.0 1.0 1.0 1.0 1.0 1.0 1.0 1.0 1.0 
[RD,TRYTKHD,E4DSL_HEA,*,*]:
2018 2019 2020 2021 2022 2023 2024 2025 2026 2027 2028 2029 2030 2031 2032 2033 2034 2035 2036 2037 2038 2039 2040 2041 2042 2043 2044 2045 2046 2047 2048 2049 2050 :=
1 2.21 2.21 2.21 2.21 2.21 2.21 2.21 2.21 2.21 2.21 2.21 2.21 2.21 2.21 2.21 2.21 2.21 2.21 2.21 2.21 2.21 2.21 2.21 2.21 2.21 2.21 2.21 2.21 2.21 2.21 2.21 2.21 2.21 
[RD,Techs_Buses_Pub,E5TRBPU,*,*]:
2018 2019 2020 2021 2022 2023 2024 2025 2026 2027 2028 2029 2030 2031 2032 2033 2034 2035 2036 2037 2038 2039 2040 2041 2042 2043 2044 2045 2046 2047 2048 2049 2050 :=
1 1.0 1.0 1.0 1.0 1.0 1.0 1.0 1.0 1.0 1.0 1.0 1.0 1.0 1.0 1.0 1.0 1.0 1.0 1.0 1.0 1.0 1.0 1.0 1.0 1.0 1.0 1.0 1.0 1.0 1.0 1.0 1.0 1.0 
[RD,T4HYD_TUR,E3HYD,*,*]:
2018 2019 2020 2021 2022 2023 2024 2025 2026 2027 2028 2029 2030 2031 2032 2033 2034 2035 2036 2037 2038 2039 2040 2041 2042 2043 2044 2045 2046 2047 2048 2049 2050 :=
1 1.0 1.0 1.0 1.0 1.0 1.0 1.0 1.0 1.0 1.0 1.0 1.0 1.0 1.0 1.0 1.0 1.0 1.0 1.0 1.0 1.0 1.0 1.0 1.0 1.0 1.0 1.0 1.0 1.0 1.0 1.0 1.0 1.0 
[RD,T5DSLTOT,E1DSL,*,*]:
2018 2019 2020 2021 2022 2023 2024 2025 2026 2027 2028 2029 2030 2031 2032 2033 2034 2035 2036 2037 2038 2039 2040 2041 2042 2043 2044 2045 2046 2047 2048 2049 2050 :=
1 1.0 1.0 1.0 1.0 1.0 1.0 1.0 1.0 1.0 1.0 1.0 1.0 1.0 1.0 1.0 1.0 1.0 1.0 1.0 1.0 1.0 1.0 1.0 1.0 1.0 1.0 1.0 1.0 1.0 1.0 1.0 1.0 1.0 
[RD,PPAFOI,E1FOI,*,*]:
2018 2019 2020 2021 2022 2023 2024 2025 2026 2027 2028 2029 2030 2031 2032 2033 2034 2035 2036 2037 2038 2039 2040 2041 2042 2043 2044 2045 2046 2047 2048 2049 2050 :=
1 2.95 2.45 2.37 2.48 2.52 2.52 2.52 2.52 2.52 2.52 2.52 2.52 2.52 2.52 2.52 2.52 2.52 2.52 2.52 2.52 2.52 2.52 2.52 2.52 2.52 2.52 2.52 2.52 2.52 2.52 2.52 2.52 2.52 
[RD,T5DSLIND,E1DSL,*,*]:
2018 2019 2020 2021 2022 2023 2024 2025 2026 2027 2028 2029 2030 2031 2032 2033 2034 2035 2036 2037 2038 2039 2040 2041 2042 2043 2044 2045 2046 2047 2048 2049 2050 :=
1 1.0 1.0 1.0 1.0 1.0 1.0 1.0 1.0 1.0 1.0 1.0 1.0 1.0 1.0 1.0 1.0 1.0 1.0 1.0 1.0 1.0 1.0 1.0 1.0 1.0 1.0 1.0 1.0 1.0 1.0 1.0 1.0 1.0 
[RD,T4DSL_TUR,E1DSL,*,*]:
2018 2019 2020 2021 2022 2023 2024 2025 2026 2027 2028 2029 2030 2031 2032 2033 2034 2035 2036 2037 2038 2039 2040 2041 2042 2043 2044 2045 2046 2047 2048 2049 2050 :=
1 1.0 1.0 1.0 1.0 1.0 1.0 1.0 1.0 1.0 1.0 1.0 1.0 1.0 1.0 1.0 1.0 1.0 1.0 1.0 1.0 1.0 1.0 1.0 1.0 1.0 1.0 1.0 1.0 1.0 1.0 1.0 1.0 1.0 
[RD,TRMOTELE,E4ELE_PRI,*,*]:
2018 2019 2020 2021 2022 2023 2024 2025 2026 2027 2028 2029 2030 2031 2032 2033 2034 2035 2036 2037 2038 2039 2040 2041 2042 2043 2044 2045 2046 2047 2048 2049 2050 :=
1 0.1548 0.1548 0.1548 0.1548 0.1548 0.1548 0.1548 0.1548 0.1548 0.1548 0.1548 0.1548 0.1548 0.1548 0.1548 0.1548 0.1548 0.1548 0.1548 0.1548 0.1548 0.1548 0.1548 0.1548 0.1548 0.1548 0.1548 0.1548 0.1548 0.1548 0.1548 0.1548 0.1548 
[RD,TRTAXLPG,E4LPG_PRI,*,*]:
2018 2019 2020 2021 2022 2023 2024 2025 2026 2027 2028 2029 2030 2031 2032 2033 2034 2035 2036 2037 2038 2039 2040 2041 2042 2043 2044 2045 2046 2047 2048 2049 2050 :=
1 1.98 1.98 1.98 1.98 1.98 1.98 1.98 1.98 1.98 1.98 1.98 1.98 1.98 1.98 1.98 1.98 1.98 1.98 1.98 1.98 1.98 1.98 1.98 1.98 1.98 1.98 1.98 1.98 1.98 1.98 1.98 1.98 1.98 
[RD,TRYTKHYD,E4HYD_HEA,*,*]:
2018 2019 2020 2021 2022 2023 2024 2025 2026 2027 2028 2029 2030 2031 2032 2033 2034 2035 2036 2037 2038 2039 2040 2041 2042 2043 2044 2045 2046 2047 2048 2049 2050 :=
1 2.17 2.17 2.17 2.17 2.17 2.17 2.17 2.17 2.17 2.17 2.17 2.17 2.17 2.17 2.17 2.17 2.17 2.17 2.17 2.17 2.17 2.17 2.17 2.17 2.17 2.17 2.17 2.17 2.17 2.17 2.17 2.17 2.17 
[RD,TRSUVLPG,E4LPG_PRI,*,*]:
2018 2019 2020 2021 2022 2023 2024 2025 2026 2027 2028 2029 2030 2031 2032 2033 2034 2035 2036 2037 2038 2039 2040 2041 2042 2043 2044 2045 2046 2047 2048 2049 2050 :=
1 1.98 1.98 1.98 1.98 1.98 1.98 1.98 1.98 1.98 1.98 1.98 1.98 1.98 1.98 1.98 1.98 1.98 1.98 1.98 1.98 1.98 1.98 1.98 1.98 1.98 1.98 1.98 1.98 1.98 1.98 1.98 1.98 1.98 
[RD,PPDGLP,E1LPG,*,*]:
2018 2019 2020 2021 2022 2023 2024 2025 2026 2027 2028 2029 2030 2031 2032 2033 2034 2035 2036 2037 2038 2039 2040 2041 2042 2043 2044 2045 2046 2047 2048 2049 2050 :=
1 4.4008 4.4008 4.4008 4.4008 4.4008 4.4008 4.4008 4.4008 4.4008 4.4008 4.4008 4.4008 4.4008 4.4008 4.4008 4.4008 4.4008 4.4008 4.4008 4.4008 4.4008 4.4008 4.4008 4.4008 4.4008 4.4008 4.4008 4.4008 4.4008 4.4008 4.4008 4.4008 4.4008 
[RD,TRAUTHG,E4GSL_PRI,*,*]:
2018 2019 2020 2021 2022 2023 2024 2025 2026 2027 2028 2029 2030 2031 2032 2033 2034 2035 2036 2037 2038 2039 2040 2041 2042 2043 2044 2045 2046 2047 2048 2049 2050 :=
1 0.29 0.29 0.29 0.29 0.29 0.29 0.29 0.29 0.29 0.29 0.29 0.29 0.29 0.29 0.29 0.29 0.29 0.29 0.29 0.29 0.29 0.29 0.29 0.29 0.29 0.29 0.29 0.29 0.29 0.29 0.29 0.29 0.29 
[RD,TRXTRAIELE,E4ELE_PUB,*,*]:
2018 2019 2020 2021 2022 2023 2024 2025 2026 2027 2028 2029 2030 2031 2032 2033 2034 2035 2036 2037 2038 2039 2040 2041 2042 2043 2044 2045 2046 2047 2048 2049 2050 :=
1 0.3 0.3 0.3 0.3 0.3 0.3 0.3 0.3 0.3 0.3 0.3 0.3 0.3 0.3 0.3 0.3 0.3 0.3 0.3 0.3 0.3 0.3 0.3 0.3 0.3 0.3 0.3 0.3 0.3 0.3 0.3 0.3 0.3 
[RD,PPDBIM,E1BIM,*,*]:
2018 2019 2020 2021 2022 2023 2024 2025 2026 2027 2028 2029 2030 2031 2032 2033 2034 2035 2036 2037 2038 2039 2040 2041 2042 2043 2044 2045 2046 2047 2048 2049 2050 :=
1 2.66 0.89 0.96 0.77 0.9 0.9 0.9 0.9 0.9 0.9 0.9 0.9 0.9 0.9 0.9 0.9 0.9 0.9 0.9 0.9 0.9 0.9 0.9 0.9 0.9 0.9 0.9 0.9 0.9 0.9 0.9 0.9 0.9 
[RD,T4LPG_LIG,E1LPG,*,*]:
2018 2019 2020 2021 2022 2023 2024 2025 2026 2027 2028 2029 2030 2031 2032 2033 2034 2035 2036 2037 2038 2039 2040 2041 2042 2043 2044 2045 2046 2047 2048 2049 2050 :=
1 1.0 1.0 1.0 1.0 1.0 1.0 1.0 1.0 1.0 1.0 1.0 1.0 1.0 1.0 1.0 1.0 1.0 1.0 1.0 1.0 1.0 1.0 1.0 1.0 1.0 1.0 1.0 1.0 1.0 1.0 1.0 1.0 1.0 
[RD,PPCCTNGS,E1NGS,*,*]:
2018 2019 2020 2021 2022 2023 2024 2025 2026 2027 2028 2029 2030 2031 2032 2033 2034 2035 2036 2037 2038 2039 2040 2041 2042 2043 2044 2045 2046 2047 2048 2049 2050 :=
1 2.45 3.2 2.04 1.76 1.66 1.66 1.66 1.66 1.66 1.66 1.66 1.66 1.66 1.66 1.66 1.66 1.66 1.66 1.66 1.66 1.66 1.66 1.66 1.66 1.66 1.66 1.66 1.66 1.66 1.66 1.66 1.66 1.66 
[RD,T4DSL_PUB,E1DSL,*,*]:
2018 2019 2020 2021 2022 2023 2024 2025 2026 2027 2028 2029 2030 2031 2032 2033 2034 2035 2036 2037 2038 2039 2040 2041 2042 2043 2044 2045 2046 2047 2048 2049 2050 :=
1 1.0 1.0 1.0 1.0 1.0 1.0 1.0 1.0 1.0 1.0 1.0 1.0 1.0 1.0 1.0 1.0 1.0 1.0 1.0 1.0 1.0 1.0 1.0 1.0 1.0 1.0 1.0 1.0 1.0 1.0 1.0 1.0 1.0 
[RD,TRMBSGSL,E4GSL_PUB,*,*]:
2018 2019 2020 2021 2022 2023 2024 2025 2026 2027 2028 2029 2030 2031 2032 2033 2034 2035 2036 2037 2038 2039 2040 2041 2042 2043 2044 2045 2046 2047 2048 2049 2050 :=
1 2.5192 2.5192 2.5192 2.5192 2.5192 2.5192 2.5192 2.5192 2.5192 2.5192 2.5192 2.5192 2.5192 2.5192 2.5192 2.5192 2.5192 2.5192 2.5192 2.5192 2.5192 2.5192 2.5192 2.5192 2.5192 2.5192 2.5192 2.5192 2.5192 2.5192 2.5192 2.5192 2.5192 
[RD,Techs_Trains,E5TRXTRAI,*,*]:
2018 2019 2020 2021 2022 2023 2024 2025 2026 2027 2028 2029 2030 2031 2032 2033 2034 2035 2036 2037 2038 2039 2040 2041 2042 2043 2044 2045 2046 2047 2048 2049 2050 :=
1 1.0 1.0 1.0 1.0 1.0 1.0 1.0 1.0 1.0 1.0 1.0 1.0 1.0 1.0 1.0 1.0 1.0 1.0 1.0 1.0 1.0 1.0 1.0 1.0 1.0 1.0 1.0 1.0 1.0 1.0 1.0 1.0 1.0 
[RD,TRBTURGSL,E4GSL_TUR,*,*]:
2018 2019 2020 2021 2022 2023 2024 2025 2026 2027 2028 2029 2030 2031 2032 2033 2034 2035 2036 2037 2038 2039 2040 2041 2042 2043 2044 2045 2046 2047 2048 2049 2050 :=
1 3.0308 3.0308 3.0308 3.0308 3.0308 3.0308 3.0308 3.0308 3.0308 3.0308 3.0308 3.0308 3.0308 3.0308 3.0308 3.0308 3.0308 3.0308 3.0308 3.0308 3.0308 3.0308 3.0308 3.0308 3.0308 3.0308 3.0308 3.0308 3.0308 3.0308 3.0308 3.0308 3.0308 
[RD,TRYLFNGS,E4NGS_LIG,*,*]:
2018 2019 2020 2021 2022 2023 2024 2025 2026 2027 2028 2029 2030 2031 2032 2033 2034 2035 2036 2037 2038 2039 2040 2041 2042 2043 2044 2045 2046 2047 2048 2049 2050 :=
1 2.5 2.5 2.5 2.5 2.5 2.5 2.5 2.5 2.5 2.5 2.5 2.5 2.5 2.5 2.5 2.5 2.5 2.5 2.5 2.5 2.5 2.5 2.5 2.5 2.5 2.5 2.5 2.5 2.5 2.5 2.5 2.5 2.5 
[RD,PPDNGS,E1NGS,*,*]:
2018 2019 2020 2021 2022 2023 2024 2025 2026 2027 2028 2029 2030 2031 2032 2033 2034 2035 2036 2037 2038 2039 2040 2041 2042 2043 2044 2045 2046 2047 2048 2049 2050 :=
1 5.3901 5.3901 5.3901 5.3901 5.3901 5.3901 5.3901 5.3901 5.3901 5.3901 5.3901 5.3901 5.3901 5.3901 5.3901 5.3901 5.3901 5.3901 5.3901 5.3901 5.3901 5.3901 5.3901 5.3901 5.3901 5.3901 5.3901 5.3901 5.3901 5.3901 5.3901 5.3901 5.3901 
[RD,PPDFOI,E1FOI,*,*]:
2018 2019 2020 2021 2022 2023 2024 2025 2026 2027 2028 2029 2030 2031 2032 2033 2034 2035 2036 2037 2038 2039 2040 2041 2042 2043 2044 2045 2046 2047 2048 2049 2050 :=
1 3.64 3.76 6.19 7.2 8.71 8.71 8.71 8.71 8.71 8.71 8.71 8.71 8.71 8.71 8.71 8.71 8.71 8.71 8.71 8.71 8.71 8.71 8.71 8.71 8.71 8.71 8.71 8.71 8.71 8.71 8.71 8.71 8.71 
[RD,T5FIRCOM,E1FIR,*,*]:
2018 2019 2020 2021 2022 2023 2024 2025 2026 2027 2028 2029 2030 2031 2032 2033 2034 2035 2036 2037 2038 2039 2040 2041 2042 2043 2044 2045 2046 2047 2048 2049 2050 :=
1 1.0 1.0 1.0 1.0 1.0 1.0 1.0 1.0 1.0 1.0 1.0 1.0 1.0 1.0 1.0 1.0 1.0 1.0 1.0 1.0 1.0 1.0 1.0 1.0 1.0 1.0 1.0 1.0 1.0 1.0 1.0 1.0 1.0 
[RD,T5ELETOT,E3ELE,*,*]:
2018 2019 2020 2021 2022 2023 2024 2025 2026 2027 2028 2029 2030 2031 2032 2033 2034 2035 2036 2037 2038 2039 2040 2041 2042 2043 2044 2045 2046 2047 2048 2049 2050 :=
1 1.0 1.0 1.0 1.0 1.0 1.0 1.0 1.0 1.0 1.0 1.0 1.0 1.0 1.0 1.0 1.0 1.0 1.0 1.0 1.0 1.0 1.0 1.0 1.0 1.0 1.0 1.0 1.0 1.0 1.0 1.0 1.0 1.0 
[RD,ELE_TRANS,E1ELE,*,*]:
2018 2019 2020 2021 2022 2023 2024 2025 2026 2027 2028 2029 2030 2031 2032 2033 2034 2035 2036 2037 2038 2039 2040 2041 2042 2043 2044 2045 2046 2047 2048 2049 2050 :=
1 1.0165 1.0165 1.0165 1.0165 1.0165 1.0165 1.0165 1.0165 1.0165 1.0165 1.0165 1.0165 1.0165 1.0165 1.0165 1.0165 1.0165 1.0165 1.0165 1.0165 1.0165 1.0165 1.0165 1.0165 1.0165 1.0165 1.0165 1.0165 1.0165 1.0165 1.0165 1.0165 1.0165 
[RD,TRYTKHD,E4ELE_HEA,*,*]:
2018 2019 2020 2021 2022 2023 2024 2025 2026 2027 2028 2029 2030 2031 2032 2033 2034 2035 2036 2037 2038 2039 2040 2041 2042 2043 2044 2045 2046 2047 2048 2049 2050 :=
1 0.0 0.0 0.0 0.0 0.0 0.0 0.0 0.0 0.0 0.0 0.0 0.0 0.0 0.0 0.0 0.0 0.0 0.0 0.0 0.0 0.0 0.0 0.0 0.0 0.0 0.0 0.0 0.0 0.0 0.0 0.0 0.0 0.0 
[RD,T4DSL_LIG,E1DSL,*,*]:
2018 2019 2020 2021 2022 2023 2024 2025 2026 2027 2028 2029 2030 2031 2032 2033 2034 2035 2036 2037 2038 2039 2040 2041 2042 2043 2044 2045 2046 2047 2048 2049 2050 :=
1 1.0 1.0 1.0 1.0 1.0 1.0 1.0 1.0 1.0 1.0 1.0 1.0 1.0 1.0 1.0 1.0 1.0 1.0 1.0 1.0 1.0 1.0 1.0 1.0 1.0 1.0 1.0 1.0 1.0 1.0 1.0 1.0 1.0 
[RD,TRTAXGSL,E4GSL_PRI,*,*]:
2018 2019 2020 2021 2022 2023 2024 2025 2026 2027 2028 2029 2030 2031 2032 2033 2034 2035 2036 2037 2038 2039 2040 2041 2042 2043 2044 2045 2046 2047 2048 2049 2050 :=
1 2.9001 2.9001 2.9001 2.9001 2.9001 2.9001 2.9001 2.9001 2.9001 2.9001 2.9001 2.9001 2.9001 2.9001 2.9001 2.9001 2.9001 2.9001 2.9001 2.9001 2.9001 2.9001 2.9001 2.9001 2.9001 2.9001 2.9001 2.9001 2.9001 2.9001 2.9001 2.9001 2.9001 
[RD,T4ELE_TUR,E3ELE,*,*]:
2018 2019 2020 2021 2022 2023 2024 2025 2026 2027 2028 2029 2030 2031 2032 2033 2034 2035 2036 2037 2038 2039 2040 2041 2042 2043 2044 2045 2046 2047 2048 2049 2050 :=
1 1.0 1.0 1.0 1.0 1.0 1.0 1.0 1.0 1.0 1.0 1.0 1.0 1.0 1.0 1.0 1.0 1.0 1.0 1.0 1.0 1.0 1.0 1.0 1.0 1.0 1.0 1.0 1.0 1.0 1.0 1.0 1.0 1.0 
[RD,T4DSL_PRI,E1DSL,*,*]:
2018 2019 2020 2021 2022 2023 2024 2025 2026 2027 2028 2029 2030 2031 2032 2033 2034 2035 2036 2037 2038 2039 2040 2041 2042 2043 2044 2045 2046 2047 2048 2049 2050 :=
1 1.0 1.0 1.0 1.0 1.0 1.0 1.0 1.0 1.0 1.0 1.0 1.0 1.0 1.0 1.0 1.0 1.0 1.0 1.0 1.0 1.0 1.0 1.0 1.0 1.0 1.0 1.0 1.0 1.0 1.0 1.0 1.0 1.0 
[RD,TRBTURDSL,E4DSL_TUR,*,*]:
2018 2019 2020 2021 2022 2023 2024 2025 2026 2027 2028 2029 2030 2031 2032 2033 2034 2035 2036 2037 2038 2039 2040 2041 2042 2043 2044 2045 2046 2047 2048 2049 2050 :=
1 3.8656 3.8656 3.8656 3.8656 3.8656 3.8656 3.8656 3.8656 3.8656 3.8656 3.8656 3.8656 3.8656 3.8656 3.8656 3.8656 3.8656 3.8656 3.8656 3.8656 3.8656 3.8656 3.8656 3.8656 3.8656 3.8656 3.8656 3.8656 3.8656 3.8656 3.8656 3.8656 3.8656 
[RD,T5BIMCOM,E1BIM,*,*]:
2018 2019 2020 2021 2022 2023 2024 2025 2026 2027 2028 2029 2030 2031 2032 2033 2034 2035 2036 2037 2038 2039 2040 2041 2042 2043 2044 2045 2046 2047 2048 2049 2050 :=
1 1.0 1.0 1.0 1.0 1.0 1.0 1.0 1.0 1.0 1.0 1.0 1.0 1.0 1.0 1.0 1.0 1.0 1.0 1.0 1.0 1.0 1.0 1.0 1.0 1.0 1.0 1.0 1.0 1.0 1.0 1.0 1.0 1.0 
[RD,PPCCFOIDSL,E1FOI,*,*]:
2018 2019 2020 2021 2022 2023 2024 2025 2026 2027 2028 2029 2030 2031 2032 2033 2034 2035 2036 2037 2038 2039 2040 2041 2042 2043 2044 2045 2046 2047 2048 2049 2050 :=
1 2.4724 2.5147 2.3777 2.3233 2.4137 2.4489 2.4489 2.4489 2.4489 2.4489 2.4489 2.4489 2.4489 2.4489 2.4489 2.4489 2.4489 2.4489 2.4489 2.4489 2.4489 2.4489 2.4489 2.4489 2.4489 2.4489 2.4489 2.4489 2.4489 2.4489 2.4489 2.4489 2.4489 
[RD,PPCCTNGSDSL,E1DSL,*,*]:
2018 2019 2020 2021 2022 2023 2024 2025 2026 2027 2028 2029 2030 2031 2032 2033 2034 2035 2036 2037 2038 2039 2040 2041 2042 2043 2044 2045 2046 2047 2048 2049 2050 :=
1 0.0 0.0 0.0 0.0 0.0 0.0 0.0 0.0 0.0 0.0 0.0 0.0 0.0 0.0 0.0 0.0 0.0 0.0 0.0 0.0 0.0 0.0 0.0 0.0 0.0 0.0 0.0 0.0 0.0 0.0 0.0 0.0 0.0 
[RD,T4GSL_PUB,E1GSL,*,*]:
2018 2019 2020 2021 2022 2023 2024 2025 2026 2027 2028 2029 2030 2031 2032 2033 2034 2035 2036 2037 2038 2039 2040 2041 2042 2043 2044 2045 2046 2047 2048 2049 2050 :=
1 1.0 1.0 1.0 1.0 1.0 1.0 1.0 1.0 1.0 1.0 1.0 1.0 1.0 1.0 1.0 1.0 1.0 1.0 1.0 1.0 1.0 1.0 1.0 1.0 1.0 1.0 1.0 1.0 1.0 1.0 1.0 1.0 1.0 
[RD,PPICEGASFOI,E1NGS,*,*]:
2018 2019 2020 2021 2022 2023 2024 2025 2026 2027 2028 2029 2030 2031 2032 2033 2034 2035 2036 2037 2038 2039 2040 2041 2042 2043 2044 2045 2046 2047 2048 2049 2050 :=
1 2.45 3.2 2.04 1.76 1.66 1.66 1.66 1.66 1.66 1.66 1.66 1.66 1.66 1.66 1.66 1.66 1.66 1.66 1.66 1.66 1.66 1.66 1.66 1.66 1.66 1.66 1.66 1.66 1.66 1.66 1.66 1.66 1.66 
[RD,T5BIMRES,E1BIM,*,*]:
2018 2019 2020 2021 2022 2023 2024 2025 2026 2027 2028 2029 2030 2031 2032 2033 2034 2035 2036 2037 2038 2039 2040 2041 2042 2043 2044 2045 2046 2047 2048 2049 2050 :=
1 1.0 1.0 1.0 1.0 1.0 1.0 1.0 1.0 1.0 1.0 1.0 1.0 1.0 1.0 1.0 1.0 1.0 1.0 1.0 1.0 1.0 1.0 1.0 1.0 1.0 1.0 1.0 1.0 1.0 1.0 1.0 1.0 1.0 
[RD,T5DSLCOM,E1DSL,*,*]:
2018 2019 2020 2021 2022 2023 2024 2025 2026 2027 2028 2029 2030 2031 2032 2033 2034 2035 2036 2037 2038 2039 2040 2041 2042 2043 2044 2045 2046 2047 2048 2049 2050 :=
1 1.0 1.0 1.0 1.0 1.0 1.0 1.0 1.0 1.0 1.0 1.0 1.0 1.0 1.0 1.0 1.0 1.0 1.0 1.0 1.0 1.0 1.0 1.0 1.0 1.0 1.0 1.0 1.0 1.0 1.0 1.0 1.0 1.0 
[RD,PPADSL,E1DSL,*,*]:
2018 2019 2020 2021 2022 2023 2024 2025 2026 2027 2028 2029 2030 2031 2032 2033 2034 2035 2036 2037 2038 2039 2040 2041 2042 2043 2044 2045 2046 2047 2048 2049 2050 :=
1 2.95 2.45 2.37 2.48 2.52 2.52 2.52 2.52 2.52 2.52 2.52 2.52 2.52 2.52 2.52 2.52 2.52 2.52 2.52 2.52 2.52 2.52 2.52 2.52 2.52 2.52 2.52 2.52 2.52 2.52 2.52 2.52 2.52 
[RD,TRYTKELE,E4ELE_HEA,*,*]:
2018 2019 2020 2021 2022 2023 2024 2025 2026 2027 2028 2029 2030 2031 2032 2033 2034 2035 2036 2037 2038 2039 2040 2041 2042 2043 2044 2045 2046 2047 2048 2049 2050 :=
1 1.2665 1.2665 1.2665 1.2665 1.2665 1.2665 1.2665 1.2665 1.2665 1.2665 1.2665 1.2665 1.2665 1.2665 1.2665 1.2665 1.2665 1.2665 1.2665 1.2665 1.2665 1.2665 1.2665 1.2665 1.2665 1.2665 1.2665 1.2665 1.2665 1.2665 1.2665 1.2665 1.2665 
[RD,T5COAIND,E1COA,*,*]:
2018 2019 2020 2021 2022 2023 2024 2025 2026 2027 2028 2029 2030 2031 2032 2033 2034 2035 2036 2037 2038 2039 2040 2041 2042 2043 2044 2045 2046 2047 2048 2049 2050 :=
1 1.0 1.0 1.0 1.0 1.0 1.0 1.0 1.0 1.0 1.0 1.0 1.0 1.0 1.0 1.0 1.0 1.0 1.0 1.0 1.0 1.0 1.0 1.0 1.0 1.0 1.0 1.0 1.0 1.0 1.0 1.0 1.0 1.0 
[RD,TRBTURHYD,E4HYD_TUR,*,*]:
2018 2019 2020 2021 2022 2023 2024 2025 2026 2027 2028 2029 2030 2031 2032 2033 2034 2035 2036 2037 2038 2039 2040 2041 2042 2043 2044 2045 2046 2047 2048 2049 2050 :=
1 5.45 5.45 5.45 5.45 5.45 5.45 5.45 5.45 5.45 5.45 5.45 5.45 5.45 5.45 5.45 5.45 5.45 5.45 5.45 5.45 5.45 5.45 5.45 5.45 5.45 5.45 5.45 5.45 5.45 5.45 5.45 5.45 5.45 
[RD,PPBGS,E1BGS,*,*]:
2018 2019 2020 2021 2022 2023 2024 2025 2026 2027 2028 2029 2030 2031 2032 2033 2034 2035 2036 2037 2038 2039 2040 2041 2042 2043 2044 2045 2046 2047 2048 2049 2050 :=
1 1.0 1.0 1.0 1.0 1.0 1.0 1.0 1.0 1.0 1.0 1.0 1.0 1.0 1.0 1.0 1.0 1.0 1.0 1.0 1.0 1.0 1.0 1.0 1.0 1.0 1.0 1.0 1.0 1.0 1.0 1.0 1.0 1.0 
[RD,PPANGS,E1NGS,*,*]:
2018 2019 2020 2021 2022 2023 2024 2025 2026 2027 2028 2029 2030 2031 2032 2033 2034 2035 2036 2037 2038 2039 2040 2041 2042 2043 2044 2045 2046 2047 2048 2049 2050 :=
1 2.47 2.23 2.23 2.26 2.23 2.23 2.23 2.23 2.23 2.23 2.23 2.23 2.23 2.23 2.23 2.23 2.23 2.23 2.23 2.23 2.23 2.23 2.23 2.23 2.23 2.23 2.23 2.23 2.23 2.23 2.23 2.23 2.23 
[RD,T5NGSEXP,E1NGS,*,*]:
2018 2019 2020 2021 2022 2023 2024 2025 2026 2027 2028 2029 2030 2031 2032 2033 2034 2035 2036 2037 2038 2039 2040 2041 2042 2043 2044 2045 2046 2047 2048 2049 2050 :=
1 1.0 1.0 1.0 1.0 1.0 1.0 1.0 1.0 1.0 1.0 1.0 1.0 1.0 1.0 1.0 1.0 1.0 1.0 1.0 1.0 1.0 1.0 1.0 1.0 1.0 1.0 1.0 1.0 1.0 1.0 1.0 1.0 1.0 
[RD,TRYLFHD,E4ELE_LIG,*,*]:
2018 2019 2020 2021 2022 2023 2024 2025 2026 2027 2028 2029 2030 2031 2032 2033 2034 2035 2036 2037 2038 2039 2040 2041 2042 2043 2044 2045 2046 2047 2048 2049 2050 :=
1 0.0 0.0 0.0 0.0 0.0 0.0 0.0 0.0 0.0 0.0 0.0 0.0 0.0 0.0 0.0 0.0 0.0 0.0 0.0 0.0 0.0 0.0 0.0 0.0 0.0 0.0 0.0 0.0 0.0 0.0 0.0 0.0 0.0 
[RD,TRYLFELE,E4ELE_LIG,*,*]:
2018 2019 2020 2021 2022 2023 2024 2025 2026 2027 2028 2029 2030 2031 2032 2033 2034 2035 2036 2037 2038 2039 2040 2041 2042 2043 2044 2045 2046 2047 2048 2049 2050 :=
1 0.77 0.77 0.77 0.77 0.77 0.77 0.77 0.77 0.77 0.77 0.77 0.77 0.77 0.77 0.77 0.77 0.77 0.77 0.77 0.77 0.77 0.77 0.77 0.77 0.77 0.77 0.77 0.77 0.77 0.77 0.77 0.77 0.77 
[RD,T5GSLCOM,E1GSL,*,*]:
2018 2019 2020 2021 2022 2023 2024 2025 2026 2027 2028 2029 2030 2031 2032 2033 2034 2035 2036 2037 2038 2039 2040 2041 2042 2043 2044 2045 2046 2047 2048 2049 2050 :=
1 1.0 1.0 1.0 1.0 1.0 1.0 1.0 1.0 1.0 1.0 1.0 1.0 1.0 1.0 1.0 1.0 1.0 1.0 1.0 1.0 1.0 1.0 1.0 1.0 1.0 1.0 1.0 1.0 1.0 1.0 1.0 1.0 1.0 
[RD,TRXBUSEFIELE,E4ELE_PUB,*,*]:
2018 2019 2020 2021 2022 2023 2024 2025 2026 2027 2028 2029 2030 2031 2032 2033 2034 2035 2036 2037 2038 2039 2040 2041 2042 2043 2044 2045 2046 2047 2048 2049 2050 :=
1 0.3 0.3 0.3 0.3 0.3 0.3 0.3 0.3 0.3 0.3 0.3 0.3 0.3 0.3 0.3 0.3 0.3 0.3 0.3 0.3 0.3 0.3 0.3 0.3 0.3 0.3 0.3 0.3 0.3 0.3 0.3 0.3 0.3 
[RD,REF_GSL,E1CRU,*,*]:
2018 2019 2020 2021 2022 2023 2024 2025 2026 2027 2028 2029 2030 2031 2032 2033 2034 2035 2036 2037 2038 2039 2040 2041 2042 2043 2044 2045 2046 2047 2048 2049 2050 :=
1 1.276 1.276 1.276 1.276 1.276 1.276 1.276 1.276 1.276 1.276 1.276 1.276 1.276 1.276 1.276 1.276 1.276 1.276 1.276 1.276 1.276 1.276 1.276 1.276 1.276 1.276 1.276 1.276 1.276 1.276 1.276 1.276 1.276 
[RD,TRBPULPG,E4LPG_PUB,*,*]:
2018 2019 2020 2021 2022 2023 2024 2025 2026 2027 2028 2029 2030 2031 2032 2033 2034 2035 2036 2037 2038 2039 2040 2041 2042 2043 2044 2045 2046 2047 2048 2049 2050 :=
1 9.92 9.92 9.92 9.92 9.92 9.92 9.92 9.92 9.92 9.92 9.92 9.92 9.92 9.92 9.92 9.92 9.92 9.92 9.92 9.92 9.92 9.92 9.92 9.92 9.92 9.92 9.92 9.92 9.92 9.92 9.92 9.92 9.92 
[RD,T5LPGCON,E1LPG,*,*]:
2018 2019 2020 2021 2022 2023 2024 2025 2026 2027 2028 2029 2030 2031 2032 2033 2034 2035 2036 2037 2038 2039 2040 2041 2042 2043 2044 2045 2046 2047 2048 2049 2050 :=
1 1.0 1.0 1.0 1.0 1.0 1.0 1.0 1.0 1.0 1.0 1.0 1.0 1.0 1.0 1.0 1.0 1.0 1.0 1.0 1.0 1.0 1.0 1.0 1.0 1.0 1.0 1.0 1.0 1.0 1.0 1.0 1.0 1.0 
[RD,Techs_Buses_Tur,E5TRBTUR,*,*]:
2018 2019 2020 2021 2022 2023 2024 2025 2026 2027 2028 2029 2030 2031 2032 2033 2034 2035 2036 2037 2038 2039 2040 2041 2042 2043 2044 2045 2046 2047 2048 2049 2050 :=
1 1.0 1.0 1.0 1.0 1.0 1.0 1.0 1.0 1.0 1.0 1.0 1.0 1.0 1.0 1.0 1.0 1.0 1.0 1.0 1.0 1.0 1.0 1.0 1.0 1.0 1.0 1.0 1.0 1.0 1.0 1.0 1.0 1.0 
[RD,TRSUVNGS,E4NGS_PRI,*,*]:
2018 2019 2020 2021 2022 2023 2024 2025 2026 2027 2028 2029 2030 2031 2032 2033 2034 2035 2036 2037 2038 2039 2040 2041 2042 2043 2044 2045 2046 2047 2048 2049 2050 :=
1 2.5 2.5 2.5 2.5 2.5 2.5 2.5 2.5 2.5 2.5 2.5 2.5 2.5 2.5 2.5 2.5 2.5 2.5 2.5 2.5 2.5 2.5 2.5 2.5 2.5 2.5 2.5 2.5 2.5 2.5 2.5 2.5 2.5 
[RD,TRBTURELE,E4ELE_TUR,*,*]:
2018 2019 2020 2021 2022 2023 2024 2025 2026 2027 2028 2029 2030 2031 2032 2033 2034 2035 2036 2037 2038 2039 2040 2041 2042 2043 2044 2045 2046 2047 2048 2049 2050 :=
1 3.798 3.798 3.798 3.798 3.798 3.798 3.798 3.798 3.798 3.798 3.798 3.798 3.798 3.798 3.798 3.798 3.798 3.798 3.798 3.798 3.798 3.798 3.798 3.798 3.798 3.798 3.798 3.798 3.798 3.798 3.798 3.798 3.798 
[RD,TRAUTELE,E4ELE_PRI,*,*]:
2018 2019 2020 2021 2022 2023 2024 2025 2026 2027 2028 2029 2030 2031 2032 2033 2034 2035 2036 2037 2038 2039 2040 2041 2042 2043 2044 2045 2046 2047 2048 2049 2050 :=
1 0.5148 0.5148 0.5148 0.5148 0.5148 0.5148 0.5148 0.5148 0.5148 0.5148 0.5148 0.5148 0.5148 0.5148 0.5148 0.5148 0.5148 0.5148 0.5148 0.5148 0.5148 0.5148 0.5148 0.5148 0.5148 0.5148 0.5148 0.5148 0.5148 0.5148 0.5148 0.5148 0.5148 
[RD,T5ELECOM,E3ELE,*,*]:
2018 2019 2020 2021 2022 2023 2024 2025 2026 2027 2028 2029 2030 2031 2032 2033 2034 2035 2036 2037 2038 2039 2040 2041 2042 2043 2044 2045 2046 2047 2048 2049 2050 :=
1 1.0 1.0 1.0 1.0 1.0 1.0 1.0 1.0 1.0 1.0 1.0 1.0 1.0 1.0 1.0 1.0 1.0 1.0 1.0 1.0 1.0 1.0 1.0 1.0 1.0 1.0 1.0 1.0 1.0 1.0 1.0 1.0 1.0 
[RD,TRSUVDSL,E4DSL_PRI,*,*]:
2018 2019 2020 2021 2022 2023 2024 2025 2026 2027 2028 2029 2030 2031 2032 2033 2034 2035 2036 2037 2038 2039 2040 2041 2042 2043 2044 2045 2046 2047 2048 2049 2050 :=
1 3.0022 3.0022 3.0022 3.0022 3.0022 3.0022 3.0022 3.0022 3.0022 3.0022 3.0022 3.0022 3.0022 3.0022 3.0022 3.0022 3.0022 3.0022 3.0022 3.0022 3.0022 3.0022 3.0022 3.0022 3.0022 3.0022 3.0022 3.0022 3.0022 3.0022 3.0022 3.0022 3.0022 
[RD,T5ELEAGR,E3ELE,*,*]:
2018 2019 2020 2021 2022 2023 2024 2025 2026 2027 2028 2029 2030 2031 2032 2033 2034 2035 2036 2037 2038 2039 2040 2041 2042 2043 2044 2045 2046 2047 2048 2049 2050 :=
1 1.0 1.0 1.0 1.0 1.0 1.0 1.0 1.0 1.0 1.0 1.0 1.0 1.0 1.0 1.0 1.0 1.0 1.0 1.0 1.0 1.0 1.0 1.0 1.0 1.0 1.0 1.0 1.0 1.0 1.0 1.0 1.0 1.0 
[RD,TRMBSELE,E4ELE_PUB,*,*]:
2018 2019 2020 2021 2022 2023 2024 2025 2026 2027 2028 2029 2030 2031 2032 2033 2034 2035 2036 2037 2038 2039 2040 2041 2042 2043 2044 2045 2046 2047 2048 2049 2050 :=
1 3.54 3.54 3.54 3.54 3.54 3.54 3.54 3.54 3.54 3.54 3.54 3.54 3.54 3.54 3.54 3.54 3.54 3.54 3.54 3.54 3.54 3.54 3.54 3.54 3.54 3.54 3.54 3.54 3.54 3.54 3.54 3.54 3.54 
[RD,T4HYD_PUB,E3HYD,*,*]:
2018 2019 2020 2021 2022 2023 2024 2025 2026 2027 2028 2029 2030 2031 2032 2033 2034 2035 2036 2037 2038 2039 2040 2041 2042 2043 2044 2045 2046 2047 2048 2049 2050 :=
1 1.0 1.0 1.0 1.0 1.0 1.0 1.0 1.0 1.0 1.0 1.0 1.0 1.0 1.0 1.0 1.0 1.0 1.0 1.0 1.0 1.0 1.0 1.0 1.0 1.0 1.0 1.0 1.0 1.0 1.0 1.0 1.0 1.0 
[RD,TRYTKDSL,E4DSL_HEA,*,*]:
2018 2019 2020 2021 2022 2023 2024 2025 2026 2027 2028 2029 2030 2031 2032 2033 2034 2035 2036 2037 2038 2039 2040 2041 2042 2043 2044 2045 2046 2047 2048 2049 2050 :=
1 10.7312 10.7312 10.7312 10.7312 10.7312 10.7312 10.7312 10.7312 10.7312 10.7312 10.7312 10.7312 10.7312 10.7312 10.7312 10.7312 10.7312 10.7312 10.7312 10.7312 10.7312 10.7312 10.7312 10.7312 10.7312 10.7312 10.7312 10.7312 10.7312 10.7312 10.7312 10.7312 10.7312 
[RD,T5KEREXP,E1KER,*,*]:
2018 2019 2020 2021 2022 2023 2024 2025 2026 2027 2028 2029 2030 2031 2032 2033 2034 2035 2036 2037 2038 2039 2040 2041 2042 2043 2044 2045 2046 2047 2048 2049 2050 :=
1 1.0 1.0 1.0 1.0 1.0 1.0 1.0 1.0 1.0 1.0 1.0 1.0 1.0 1.0 1.0 1.0 1.0 1.0 1.0 1.0 1.0 1.0 1.0 1.0 1.0 1.0 1.0 1.0 1.0 1.0 1.0 1.0 1.0 
[RD,T5NGSCOM,E1NGS,*,*]:
2018 2019 2020 2021 2022 2023 2024 2025 2026 2027 2028 2029 2030 2031 2032 2033 2034 2035 2036 2037 2038 2039 2040 2041 2042 2043 2044 2045 2046 2047 2048 2049 2050 :=
1 1.0 1.0 1.0 1.0 1.0 1.0 1.0 1.0 1.0 1.0 1.0 1.0 1.0 1.0 1.0 1.0 1.0 1.0 1.0 1.0 1.0 1.0 1.0 1.0 1.0 1.0 1.0 1.0 1.0 1.0 1.0 1.0 1.0 
[RD,T4GSL_HEA,E1GSL,*,*]:
2018 2019 2020 2021 2022 2023 2024 2025 2026 2027 2028 2029 2030 2031 2032 2033 2034 2035 2036 2037 2038 2039 2040 2041 2042 2043 2044 2045 2046 2047 2048 2049 2050 :=
1 1.0 1.0 1.0 1.0 1.0 1.0 1.0 1.0 1.0 1.0 1.0 1.0 1.0 1.0 1.0 1.0 1.0 1.0 1.0 1.0 1.0 1.0 1.0 1.0 1.0 1.0 1.0 1.0 1.0 1.0 1.0 1.0 1.0 
[RD,HYD_DIST,E2HYDG,*,*]:
2018 2019 2020 2021 2022 2023 2024 2025 2026 2027 2028 2029 2030 2031 2032 2033 2034 2035 2036 2037 2038 2039 2040 2041 2042 2043 2044 2045 2046 2047 2048 2049 2050 :=
1 1.0 1.0 1.0 1.0 1.0 1.0 1.0 1.0 1.0 1.0 1.0 1.0 1.0 1.0 1.0 1.0 1.0 1.0 1.0 1.0 1.0 1.0 1.0 1.0 1.0 1.0 1.0 1.0 1.0 1.0 1.0 1.0 1.0 
[RD,TRBPUELE,E4ELE_PUB,*,*]:
2018 2019 2020 2021 2022 2023 2024 2025 2026 2027 2028 2029 2030 2031 2032 2033 2034 2035 2036 2037 2038 2039 2040 2041 2042 2043 2044 2045 2046 2047 2048 2049 2050 :=
1 3.798 3.798 3.798 3.798 3.798 3.798 3.798 3.798 3.798 3.798 3.798 3.798 3.798 3.798 3.798 3.798 3.798 3.798 3.798 3.798 3.798 3.798 3.798 3.798 3.798 3.798 3.798 3.798 3.798 3.798 3.798 3.798 3.798 
[RD,T4LPG_HEA,E1LPG,*,*]:
2018 2019 2020 2021 2022 2023 2024 2025 2026 2027 2028 2029 2030 2031 2032 2033 2034 2035 2036 2037 2038 2039 2040 2041 2042 2043 2044 2045 2046 2047 2048 2049 2050 :=
1 1.0 1.0 1.0 1.0 1.0 1.0 1.0 1.0 1.0 1.0 1.0 1.0 1.0 1.0 1.0 1.0 1.0 1.0 1.0 1.0 1.0 1.0 1.0 1.0 1.0 1.0 1.0 1.0 1.0 1.0 1.0 1.0 1.0 
[RD,TRYTKGSL,E4GSL_HEA,*,*]:
2018 2019 2020 2021 2022 2023 2024 2025 2026 2027 2028 2029 2030 2031 2032 2033 2034 2035 2036 2037 2038 2039 2040 2041 2042 2043 2044 2045 2046 2047 2048 2049 2050 :=
1 0.3 0.3 0.3 0.3 0.3 0.3 0.3 0.3 0.3 0.3 0.3 0.3 0.3 0.3 0.3 0.3 0.3 0.3 0.3 0.3 0.3 0.3 0.3 0.3 0.3 0.3 0.3 0.3 0.3 0.3 0.3 0.3 0.3 
[RD,REF_LPG,E1CRU,*,*]:
2018 2019 2020 2021 2022 2023 2024 2025 2026 2027 2028 2029 2030 2031 2032 2033 2034 2035 2036 2037 2038 2039 2040 2041 2042 2043 2044 2045 2046 2047 2048 2049 2050 :=
1 1.276 1.276 1.276 1.276 1.276 1.276 1.276 1.276 1.276 1.276 1.276 1.276 1.276 1.276 1.276 1.276 1.276 1.276 1.276 1.276 1.276 1.276 1.276 1.276 1.276 1.276 1.276 1.276 1.276 1.276 1.276 1.276 1.276 
[RD,T5ELEIND,E3ELE,*,*]:
2018 2019 2020 2021 2022 2023 2024 2025 2026 2027 2028 2029 2030 2031 2032 2033 2034 2035 2036 2037 2038 2039 2040 2041 2042 2043 2044 2045 2046 2047 2048 2049 2050 :=
1 1.0 1.0 1.0 1.0 1.0 1.0 1.0 1.0 1.0 1.0 1.0 1.0 1.0 1.0 1.0 1.0 1.0 1.0 1.0 1.0 1.0 1.0 1.0 1.0 1.0 1.0 1.0 1.0 1.0 1.0 1.0 1.0 1.0 
[RD,T5GSLCON,E1GSL,*,*]:
2018 2019 2020 2021 2022 2023 2024 2025 2026 2027 2028 2029 2030 2031 2032 2033 2034 2035 2036 2037 2038 2039 2040 2041 2042 2043 2044 2045 2046 2047 2048 2049 2050 :=
1 1.0 1.0 1.0 1.0 1.0 1.0 1.0 1.0 1.0 1.0 1.0 1.0 1.0 1.0 1.0 1.0 1.0 1.0 1.0 1.0 1.0 1.0 1.0 1.0 1.0 1.0 1.0 1.0 1.0 1.0 1.0 1.0 1.0 
[RD,Techs_Trains_Freight,E5TRXTRAIFRE,*,*]:
2018 2019 2020 2021 2022 2023 2024 2025 2026 2027 2028 2029 2030 2031 2032 2033 2034 2035 2036 2037 2038 2039 2040 2041 2042 2043 2044 2045 2046 2047 2048 2049 2050 :=
1 1.0 1.0 1.0 1.0 1.0 1.0 1.0 1.0 1.0 1.0 1.0 1.0 1.0 1.0 1.0 1.0 1.0 1.0 1.0 1.0 1.0 1.0 1.0 1.0 1.0 1.0 1.0 1.0 1.0 1.0 1.0 1.0 1.0 
;

param OperationalLife default 1 :
DIST_CRU DIST_NGS DIST_DSL DIST_GSL DIST_LPG DIST_FOI DIST_COK DIST_KER DIST_COA IMP_ELE PRO_COA EXTT_CRU EXTT_NGS PPHDAM PPHROR PPGEO PPWNDON PPWNDOFF PPPVT PPPVTHYD PPPVTS PPPVD PPDHYD DIST_FIR DIST_BIM DIST_BGS REF_DSL REF_GSL REF_LPG REF_FOI PPBIM PPBGS PPCOA PPCCTDSL PPCCFOIDSL PPCCTNGS PPCCTNGSDSL PPICEFOI PPICEGASFOI PPADSL PPAFOI PPANGS PPDBGS PPDDSL PPDFOI PPDNGS PPDGSL PPDGLP PPDBIM ELE_TRANS HYD_G_PROD ELE_DIST HYD_DIST T4DSL_PRI T4GSL_PRI T4LPG_PRI T4ELE_PRI T4GSL_PUB T4LPG_PUB T4ELE_PUB T4NGS_PRI T4DSL_PUB T4HYD_PUB T4DSL_TUR T4GSL_TUR T4LPG_TUR T4ELE_TUR T4HYD_TUR T4ELE_HEA T4DSL_HEA T4GSL_HEA T4LPG_HEA T4HYD_HEA T4DSL_LIG T4GSL_LIG T4LPG_LIG T4ELE_LIG T4NGS_LIG TRAUTDSL TRAUTGSL TRAUTLPG TRAUTELE TRAUTHG TRTAXGSL TRTAXLPG TRTAXELE TRMOTGSL TRMOTELE TRSUVDSL TRSUVGSL TRSUVLPG TRSUVELE TRSUVNGS TRBPUDSL TRBPUGSL TRBPULPG TRBPUELE TRBPUHYD TRBTURDSL TRBTURGSL TRBTURLPG TRBTURELE TRBTURHYD TRMBSDSL TRMBSGSL TRMBSLPG TRMBSELE TRXTTELELE TRXTRAIELE TRXTRAIFREELE TRYTKDSL TRYTKGSL TRYTKLPG TRYTKELE TRYTKHYD TRYTKHD TRYLFDSL TRYLFGSL TRYLFLPG TRYLFELE TRYLFNGS TRYLFHD Techs_Auto Techs_Taxi Techs_Motos Techs_SUV Techs_Buses_Pub Techs_Buses_Tur Techs_Buses_Micro Techs_Telef Techs_Trains Techs_Trains_Freight Techs_He_Freight Techs_Li_Freight TRXBUSEFIELE Techs_Bus_Efi :=
RD 1.0 1.0 1.0 1.0 1.0 1.0 1.0 1.0 1.0 30.0 1.0 1.0 1.0 30.0 30.0 50.0 25.0 25.0 25.0 25.0 25.0 25.0 25.0 1.0 1.0 1.0 1.0 1.0 1.0 1.0 25.0 25.0 25.0 25.0 25.0 25.0 25.0 25.0 25.0 25.0 25.0 25.0 25.0 25.0 25.0 25.0 25.0 25.0 25.0 30.0 10.0 30.0 1.0 1.0 1.0 1.0 1.0 1.0 1.0 1.0 1.0 1.0 1.0 1.0 1.0 1.0 1.0 1.0 1.0 1.0 1.0 1.0 1.0 1.0 1.0 1.0 1.0 1.0 1.0 1.0 1.0 1.0 1.0 1.0 1.0 1.0 1.0 1.0 17.0 17.0 17.0 17.0 17.0 14.0 14.0 14.0 15.0 12.0 14.0 14.0 14.0 15.0 12.0 14.0 14.0 14.0 16.0 17.0 15.0 17.0 17.0 17.0 17.0 17.0 17.0 17.0 17.0 17.0 17.0 17.0 17.0 17.0 1.0 1.0 1.0 1.0 1.0 1.0 1.0 1.0 1.0 1.0 1.0 1.0 17.0 1.0 
;

param OutputActivityRatio default 0 :=
[RD,TRMOTELE,E5TRMOT,*,*]:
2018 2019 2020 2021 2022 2023 2024 2025 2026 2027 2028 2029 2030 2031 2032 2033 2034 2035 2036 2037 2038 2039 2040 2041 2042 2043 2044 2045 2046 2047 2048 2049 2050 :=
1 1.0 1.0 1.0 1.0 1.0 1.0 1.0 1.0 1.0 1.0 1.0 1.0 1.0 1.0 1.0 1.0 1.0 1.0 1.0 1.0 1.0 1.0 1.0 1.0 1.0 1.0 1.0 1.0 1.0 1.0 1.0 1.0 1.0 
[RD,REF_DSL,E1DSL,*,*]:
2018 2019 2020 2021 2022 2023 2024 2025 2026 2027 2028 2029 2030 2031 2032 2033 2034 2035 2036 2037 2038 2039 2040 2041 2042 2043 2044 2045 2046 2047 2048 2049 2050 :=
1 1.0 1.0 1.0 1.0 1.0 1.0 1.0 1.0 1.0 1.0 1.0 1.0 1.0 1.0 1.0 1.0 1.0 1.0 1.0 1.0 1.0 1.0 1.0 1.0 1.0 1.0 1.0 1.0 1.0 1.0 1.0 1.0 1.0 
[RD,PPPVD,E3ELE,*,*]:
2018 2019 2020 2021 2022 2023 2024 2025 2026 2027 2028 2029 2030 2031 2032 2033 2034 2035 2036 2037 2038 2039 2040 2041 2042 2043 2044 2045 2046 2047 2048 2049 2050 :=
1 1.0 1.0 1.0 1.0 1.0 1.0 1.0 1.0 1.0 1.0 1.0 1.0 1.0 1.0 1.0 1.0 1.0 1.0 1.0 1.0 1.0 1.0 1.0 1.0 1.0 1.0 1.0 1.0 1.0 1.0 1.0 1.0 1.0 
[RD,ELE_TRANS,E2ELE,*,*]:
2018 2019 2020 2021 2022 2023 2024 2025 2026 2027 2028 2029 2030 2031 2032 2033 2034 2035 2036 2037 2038 2039 2040 2041 2042 2043 2044 2045 2046 2047 2048 2049 2050 :=
1 1.0 1.0 1.0 1.0 1.0 1.0 1.0 1.0 1.0 1.0 1.0 1.0 1.0 1.0 1.0 1.0 1.0 1.0 1.0 1.0 1.0 1.0 1.0 1.0 1.0 1.0 1.0 1.0 1.0 1.0 1.0 1.0 1.0 
[RD,T5BIMRES,E5RESBIM,*,*]:
2018 2019 2020 2021 2022 2023 2024 2025 2026 2027 2028 2029 2030 2031 2032 2033 2034 2035 2036 2037 2038 2039 2040 2041 2042 2043 2044 2045 2046 2047 2048 2049 2050 :=
1 1.0 1.0 1.0 1.0 1.0 1.0 1.0 1.0 1.0 1.0 1.0 1.0 1.0 1.0 1.0 1.0 1.0 1.0 1.0 1.0 1.0 1.0 1.0 1.0 1.0 1.0 1.0 1.0 1.0 1.0 1.0 1.0 1.0 
[RD,TRAUTLPG,E5TRAUT,*,*]:
2018 2019 2020 2021 2022 2023 2024 2025 2026 2027 2028 2029 2030 2031 2032 2033 2034 2035 2036 2037 2038 2039 2040 2041 2042 2043 2044 2045 2046 2047 2048 2049 2050 :=
1 1.0 1.0 1.0 1.0 1.0 1.0 1.0 1.0 1.0 1.0 1.0 1.0 1.0 1.0 1.0 1.0 1.0 1.0 1.0 1.0 1.0 1.0 1.0 1.0 1.0 1.0 1.0 1.0 1.0 1.0 1.0 1.0 1.0 
[RD,TRBPULPG,E5TRBPU,*,*]:
2018 2019 2020 2021 2022 2023 2024 2025 2026 2027 2028 2029 2030 2031 2032 2033 2034 2035 2036 2037 2038 2039 2040 2041 2042 2043 2044 2045 2046 2047 2048 2049 2050 :=
1 1.0 1.0 1.0 1.0 1.0 1.0 1.0 1.0 1.0 1.0 1.0 1.0 1.0 1.0 1.0 1.0 1.0 1.0 1.0 1.0 1.0 1.0 1.0 1.0 1.0 1.0 1.0 1.0 1.0 1.0 1.0 1.0 1.0 
[RD,T5NGSIND,E5INDNGS,*,*]:
2018 2019 2020 2021 2022 2023 2024 2025 2026 2027 2028 2029 2030 2031 2032 2033 2034 2035 2036 2037 2038 2039 2040 2041 2042 2043 2044 2045 2046 2047 2048 2049 2050 :=
1 1.0 1.0 1.0 1.0 1.0 1.0 1.0 1.0 1.0 1.0 1.0 1.0 1.0 1.0 1.0 1.0 1.0 1.0 1.0 1.0 1.0 1.0 1.0 1.0 1.0 1.0 1.0 1.0 1.0 1.0 1.0 1.0 1.0 
[RD,Techs_Trains_Freight,E6TDFREHEA,*,*]:
2018 2019 2020 2021 2022 2023 2024 2025 2026 2027 2028 2029 2030 2031 2032 2033 2034 2035 2036 2037 2038 2039 2040 2041 2042 2043 2044 2045 2046 2047 2048 2049 2050 :=
1 1.0 1.0 1.0 1.0 1.0 1.0 1.0 1.0 1.0 1.0 1.0 1.0 1.0 1.0 1.0 1.0 1.0 1.0 1.0 1.0 1.0 1.0 1.0 1.0 1.0 1.0 1.0 1.0 1.0 1.0 1.0 1.0 1.0 
[RD,T5KERRES,E5RESKER,*,*]:
2018 2019 2020 2021 2022 2023 2024 2025 2026 2027 2028 2029 2030 2031 2032 2033 2034 2035 2036 2037 2038 2039 2040 2041 2042 2043 2044 2045 2046 2047 2048 2049 2050 :=
1 1.0 1.0 1.0 1.0 1.0 1.0 1.0 1.0 1.0 1.0 1.0 1.0 1.0 1.0 1.0 1.0 1.0 1.0 1.0 1.0 1.0 1.0 1.0 1.0 1.0 1.0 1.0 1.0 1.0 1.0 1.0 1.0 1.0 
[RD,DIST_FIR,E1FIR,*,*]:
2018 2019 2020 2021 2022 2023 2024 2025 2026 2027 2028 2029 2030 2031 2032 2033 2034 2035 2036 2037 2038 2039 2040 2041 2042 2043 2044 2045 2046 2047 2048 2049 2050 :=
1 1.0 1.0 1.0 1.0 1.0 1.0 1.0 1.0 1.0 1.0 1.0 1.0 1.0 1.0 1.0 1.0 1.0 1.0 1.0 1.0 1.0 1.0 1.0 1.0 1.0 1.0 1.0 1.0 1.0 1.0 1.0 1.0 1.0 
[RD,PPWNDOFF,E1ELE,*,*]:
2018 2019 2020 2021 2022 2023 2024 2025 2026 2027 2028 2029 2030 2031 2032 2033 2034 2035 2036 2037 2038 2039 2040 2041 2042 2043 2044 2045 2046 2047 2048 2049 2050 :=
1 1.0 1.0 1.0 1.0 1.0 1.0 1.0 1.0 1.0 1.0 1.0 1.0 1.0 1.0 1.0 1.0 1.0 1.0 1.0 1.0 1.0 1.0 1.0 1.0 1.0 1.0 1.0 1.0 1.0 1.0 1.0 1.0 1.0 
[RD,T4LPG_PRI,E4LPG_PRI,*,*]:
2018 2019 2020 2021 2022 2023 2024 2025 2026 2027 2028 2029 2030 2031 2032 2033 2034 2035 2036 2037 2038 2039 2040 2041 2042 2043 2044 2045 2046 2047 2048 2049 2050 :=
1 1.0 1.0 1.0 1.0 1.0 1.0 1.0 1.0 1.0 1.0 1.0 1.0 1.0 1.0 1.0 1.0 1.0 1.0 1.0 1.0 1.0 1.0 1.0 1.0 1.0 1.0 1.0 1.0 1.0 1.0 1.0 1.0 1.0 
[RD,TRYTKGSL,E5TRYTK,*,*]:
2018 2019 2020 2021 2022 2023 2024 2025 2026 2027 2028 2029 2030 2031 2032 2033 2034 2035 2036 2037 2038 2039 2040 2041 2042 2043 2044 2045 2046 2047 2048 2049 2050 :=
1 1.0 1.0 1.0 1.0 1.0 1.0 1.0 1.0 1.0 1.0 1.0 1.0 1.0 1.0 1.0 1.0 1.0 1.0 1.0 1.0 1.0 1.0 1.0 1.0 1.0 1.0 1.0 1.0 1.0 1.0 1.0 1.0 1.0 
[RD,PPDDSL,E1ELE,*,*]:
2018 2019 2020 2021 2022 2023 2024 2025 2026 2027 2028 2029 2030 2031 2032 2033 2034 2035 2036 2037 2038 2039 2040 2041 2042 2043 2044 2045 2046 2047 2048 2049 2050 :=
1 1.0 1.0 1.0 1.0 1.0 1.0 1.0 1.0 1.0 1.0 1.0 1.0 1.0 1.0 1.0 1.0 1.0 1.0 1.0 1.0 1.0 1.0 1.0 1.0 1.0 1.0 1.0 1.0 1.0 1.0 1.0 1.0 1.0 
[RD,T4LPG_PUB,E4LPG_PUB,*,*]:
2018 2019 2020 2021 2022 2023 2024 2025 2026 2027 2028 2029 2030 2031 2032 2033 2034 2035 2036 2037 2038 2039 2040 2041 2042 2043 2044 2045 2046 2047 2048 2049 2050 :=
1 1.0 1.0 1.0 1.0 1.0 1.0 1.0 1.0 1.0 1.0 1.0 1.0 1.0 1.0 1.0 1.0 1.0 1.0 1.0 1.0 1.0 1.0 1.0 1.0 1.0 1.0 1.0 1.0 1.0 1.0 1.0 1.0 1.0 
[RD,Techs_Bus_Efi,E6TDPASPUB,*,*]:
2018 2019 2020 2021 2022 2023 2024 2025 2026 2027 2028 2029 2030 2031 2032 2033 2034 2035 2036 2037 2038 2039 2040 2041 2042 2043 2044 2045 2046 2047 2048 2049 2050 :=
1 1.0 1.0 1.0 1.0 1.0 1.0 1.0 1.0 1.0 1.0 1.0 1.0 1.0 1.0 1.0 1.0 1.0 1.0 1.0 1.0 1.0 1.0 1.0 1.0 1.0 1.0 1.0 1.0 1.0 1.0 1.0 1.0 1.0 
[RD,T4NGS_LIG,E4NGS_LIG,*,*]:
2018 2019 2020 2021 2022 2023 2024 2025 2026 2027 2028 2029 2030 2031 2032 2033 2034 2035 2036 2037 2038 2039 2040 2041 2042 2043 2044 2045 2046 2047 2048 2049 2050 :=
1 1.0 1.0 1.0 1.0 1.0 1.0 1.0 1.0 1.0 1.0 1.0 1.0 1.0 1.0 1.0 1.0 1.0 1.0 1.0 1.0 1.0 1.0 1.0 1.0 1.0 1.0 1.0 1.0 1.0 1.0 1.0 1.0 1.0 
[RD,Techs_Taxi,E6TDPASPRI,*,*]:
2018 2019 2020 2021 2022 2023 2024 2025 2026 2027 2028 2029 2030 2031 2032 2033 2034 2035 2036 2037 2038 2039 2040 2041 2042 2043 2044 2045 2046 2047 2048 2049 2050 :=
1 0.25 0.25 0.25 0.25 0.25 0.25 0.25 0.25 0.25 0.25 0.25 0.25 0.25 0.25 0.25 0.25 0.25 0.25 0.25 0.25 0.25 0.25 0.25 0.25 0.25 0.25 0.25 0.25 0.25 0.25 0.25 0.25 0.25 
[RD,T4DSL_HEA,E4DSL_HEA,*,*]:
2018 2019 2020 2021 2022 2023 2024 2025 2026 2027 2028 2029 2030 2031 2032 2033 2034 2035 2036 2037 2038 2039 2040 2041 2042 2043 2044 2045 2046 2047 2048 2049 2050 :=
1 1.0 1.0 1.0 1.0 1.0 1.0 1.0 1.0 1.0 1.0 1.0 1.0 1.0 1.0 1.0 1.0 1.0 1.0 1.0 1.0 1.0 1.0 1.0 1.0 1.0 1.0 1.0 1.0 1.0 1.0 1.0 1.0 1.0 
[RD,T5FIRCOM,E5COMFIR,*,*]:
2018 2019 2020 2021 2022 2023 2024 2025 2026 2027 2028 2029 2030 2031 2032 2033 2034 2035 2036 2037 2038 2039 2040 2041 2042 2043 2044 2045 2046 2047 2048 2049 2050 :=
1 1.0 1.0 1.0 1.0 1.0 1.0 1.0 1.0 1.0 1.0 1.0 1.0 1.0 1.0 1.0 1.0 1.0 1.0 1.0 1.0 1.0 1.0 1.0 1.0 1.0 1.0 1.0 1.0 1.0 1.0 1.0 1.0 1.0 
[RD,T5GSLCOM,E5COMGSL,*,*]:
2018 2019 2020 2021 2022 2023 2024 2025 2026 2027 2028 2029 2030 2031 2032 2033 2034 2035 2036 2037 2038 2039 2040 2041 2042 2043 2044 2045 2046 2047 2048 2049 2050 :=
1 1.0 1.0 1.0 1.0 1.0 1.0 1.0 1.0 1.0 1.0 1.0 1.0 1.0 1.0 1.0 1.0 1.0 1.0 1.0 1.0 1.0 1.0 1.0 1.0 1.0 1.0 1.0 1.0 1.0 1.0 1.0 1.0 1.0 
[RD,TRMBSGSL,E5TRMBS,*,*]:
2018 2019 2020 2021 2022 2023 2024 2025 2026 2027 2028 2029 2030 2031 2032 2033 2034 2035 2036 2037 2038 2039 2040 2041 2042 2043 2044 2045 2046 2047 2048 2049 2050 :=
1 1.0 1.0 1.0 1.0 1.0 1.0 1.0 1.0 1.0 1.0 1.0 1.0 1.0 1.0 1.0 1.0 1.0 1.0 1.0 1.0 1.0 1.0 1.0 1.0 1.0 1.0 1.0 1.0 1.0 1.0 1.0 1.0 1.0 
[RD,T5KEREXP,E5EXPKER,*,*]:
2018 2019 2020 2021 2022 2023 2024 2025 2026 2027 2028 2029 2030 2031 2032 2033 2034 2035 2036 2037 2038 2039 2040 2041 2042 2043 2044 2045 2046 2047 2048 2049 2050 :=
1 1.0 1.0 1.0 1.0 1.0 1.0 1.0 1.0 1.0 1.0 1.0 1.0 1.0 1.0 1.0 1.0 1.0 1.0 1.0 1.0 1.0 1.0 1.0 1.0 1.0 1.0 1.0 1.0 1.0 1.0 1.0 1.0 1.0 
[RD,PPPVTS,E1ELE,*,*]:
2018 2019 2020 2021 2022 2023 2024 2025 2026 2027 2028 2029 2030 2031 2032 2033 2034 2035 2036 2037 2038 2039 2040 2041 2042 2043 2044 2045 2046 2047 2048 2049 2050 :=
1 1.0 1.0 1.0 1.0 1.0 1.0 1.0 1.0 1.0 1.0 1.0 1.0 1.0 1.0 1.0 1.0 1.0 1.0 1.0 1.0 1.0 1.0 1.0 1.0 1.0 1.0 1.0 1.0 1.0 1.0 1.0 1.0 1.0 
[RD,Techs_Buses_Tur,E6TDPASTUR,*,*]:
2018 2019 2020 2021 2022 2023 2024 2025 2026 2027 2028 2029 2030 2031 2032 2033 2034 2035 2036 2037 2038 2039 2040 2041 2042 2043 2044 2045 2046 2047 2048 2049 2050 :=
1 14.3 14.3 14.3 14.3 14.3 14.3 14.3 14.3 14.3 14.3 14.3 14.3 14.3 14.3 14.3 14.3 14.3 14.3 14.3 14.3 14.3 14.3 14.3 14.3 14.3 14.3 14.3 14.3 14.3 14.3 14.3 14.3 14.3 
[RD,PPAFOI,E1ELE,*,*]:
2018 2019 2020 2021 2022 2023 2024 2025 2026 2027 2028 2029 2030 2031 2032 2033 2034 2035 2036 2037 2038 2039 2040 2041 2042 2043 2044 2045 2046 2047 2048 2049 2050 :=
1 1.0 1.0 1.0 1.0 1.0 1.0 1.0 1.0 1.0 1.0 1.0 1.0 1.0 1.0 1.0 1.0 1.0 1.0 1.0 1.0 1.0 1.0 1.0 1.0 1.0 1.0 1.0 1.0 1.0 1.0 1.0 1.0 1.0 
[RD,TRTAXGSL,E5TRTAX,*,*]:
2018 2019 2020 2021 2022 2023 2024 2025 2026 2027 2028 2029 2030 2031 2032 2033 2034 2035 2036 2037 2038 2039 2040 2041 2042 2043 2044 2045 2046 2047 2048 2049 2050 :=
1 1.0 1.0 1.0 1.0 1.0 1.0 1.0 1.0 1.0 1.0 1.0 1.0 1.0 1.0 1.0 1.0 1.0 1.0 1.0 1.0 1.0 1.0 1.0 1.0 1.0 1.0 1.0 1.0 1.0 1.0 1.0 1.0 1.0 
[RD,TRYLFELE,E5TRYLF,*,*]:
2018 2019 2020 2021 2022 2023 2024 2025 2026 2027 2028 2029 2030 2031 2032 2033 2034 2035 2036 2037 2038 2039 2040 2041 2042 2043 2044 2045 2046 2047 2048 2049 2050 :=
1 1.0 1.0 1.0 1.0 1.0 1.0 1.0 1.0 1.0 1.0 1.0 1.0 1.0 1.0 1.0 1.0 1.0 1.0 1.0 1.0 1.0 1.0 1.0 1.0 1.0 1.0 1.0 1.0 1.0 1.0 1.0 1.0 1.0 
[RD,T5KERTAC,E5TACKER,*,*]:
2018 2019 2020 2021 2022 2023 2024 2025 2026 2027 2028 2029 2030 2031 2032 2033 2034 2035 2036 2037 2038 2039 2040 2041 2042 2043 2044 2045 2046 2047 2048 2049 2050 :=
1 1.0 1.0 1.0 1.0 1.0 1.0 1.0 1.0 1.0 1.0 1.0 1.0 1.0 1.0 1.0 1.0 1.0 1.0 1.0 1.0 1.0 1.0 1.0 1.0 1.0 1.0 1.0 1.0 1.0 1.0 1.0 1.0 1.0 
[RD,PPCCTNGSDSL,E1ELE,*,*]:
2018 2019 2020 2021 2022 2023 2024 2025 2026 2027 2028 2029 2030 2031 2032 2033 2034 2035 2036 2037 2038 2039 2040 2041 2042 2043 2044 2045 2046 2047 2048 2049 2050 :=
1 1.0 1.0 1.0 1.0 1.0 1.0 1.0 1.0 1.0 1.0 1.0 1.0 1.0 1.0 1.0 1.0 1.0 1.0 1.0 1.0 1.0 1.0 1.0 1.0 1.0 1.0 1.0 1.0 1.0 1.0 1.0 1.0 1.0 
[RD,T5COKIND,E5INDCOK,*,*]:
2018 2019 2020 2021 2022 2023 2024 2025 2026 2027 2028 2029 2030 2031 2032 2033 2034 2035 2036 2037 2038 2039 2040 2041 2042 2043 2044 2045 2046 2047 2048 2049 2050 :=
1 1.0 1.0 1.0 1.0 1.0 1.0 1.0 1.0 1.0 1.0 1.0 1.0 1.0 1.0 1.0 1.0 1.0 1.0 1.0 1.0 1.0 1.0 1.0 1.0 1.0 1.0 1.0 1.0 1.0 1.0 1.0 1.0 1.0 
[RD,Techs_Buses_Micro,E6TDPASPUB,*,*]:
2018 2019 2020 2021 2022 2023 2024 2025 2026 2027 2028 2029 2030 2031 2032 2033 2034 2035 2036 2037 2038 2039 2040 2041 2042 2043 2044 2045 2046 2047 2048 2049 2050 :=
1 4.6365 4.6365 4.6365 4.6365 4.6365 4.6365 4.6365 4.6365 4.6365 4.6365 4.6365 4.6365 4.6365 4.6365 4.6365 4.6365 4.6365 4.6365 4.6365 4.6365 4.6365 4.6365 4.6365 4.6365 4.6365 4.6365 4.6365 4.6365 4.6365 4.6365 4.6365 4.6365 4.6365 
[RD,T4GSL_PRI,E4GSL_PRI,*,*]:
2018 2019 2020 2021 2022 2023 2024 2025 2026 2027 2028 2029 2030 2031 2032 2033 2034 2035 2036 2037 2038 2039 2040 2041 2042 2043 2044 2045 2046 2047 2048 2049 2050 :=
1 1.0 1.0 1.0 1.0 1.0 1.0 1.0 1.0 1.0 1.0 1.0 1.0 1.0 1.0 1.0 1.0 1.0 1.0 1.0 1.0 1.0 1.0 1.0 1.0 1.0 1.0 1.0 1.0 1.0 1.0 1.0 1.0 1.0 
[RD,TRYTKHYD,E5TRYTK,*,*]:
2018 2019 2020 2021 2022 2023 2024 2025 2026 2027 2028 2029 2030 2031 2032 2033 2034 2035 2036 2037 2038 2039 2040 2041 2042 2043 2044 2045 2046 2047 2048 2049 2050 :=
1 1.0 1.0 1.0 1.0 1.0 1.0 1.0 1.0 1.0 1.0 1.0 1.0 1.0 1.0 1.0 1.0 1.0 1.0 1.0 1.0 1.0 1.0 1.0 1.0 1.0 1.0 1.0 1.0 1.0 1.0 1.0 1.0 1.0 
[RD,PPICEGASFOI,E1ELE,*,*]:
2018 2019 2020 2021 2022 2023 2024 2025 2026 2027 2028 2029 2030 2031 2032 2033 2034 2035 2036 2037 2038 2039 2040 2041 2042 2043 2044 2045 2046 2047 2048 2049 2050 :=
1 1.0 1.0 1.0 1.0 1.0 1.0 1.0 1.0 1.0 1.0 1.0 1.0 1.0 1.0 1.0 1.0 1.0 1.0 1.0 1.0 1.0 1.0 1.0 1.0 1.0 1.0 1.0 1.0 1.0 1.0 1.0 1.0 1.0 
[RD,T5HYDIND,E5INDHYD,*,*]:
2018 2019 2020 2021 2022 2023 2024 2025 2026 2027 2028 2029 2030 2031 2032 2033 2034 2035 2036 2037 2038 2039 2040 2041 2042 2043 2044 2045 2046 2047 2048 2049 2050 :=
1 1.0 1.0 1.0 1.0 1.0 1.0 1.0 1.0 1.0 1.0 1.0 1.0 1.0 1.0 1.0 1.0 1.0 1.0 1.0 1.0 1.0 1.0 1.0 1.0 1.0 1.0 1.0 1.0 1.0 1.0 1.0 1.0 1.0 
[RD,T4GSL_LIG,E4GSL_LIG,*,*]:
2018 2019 2020 2021 2022 2023 2024 2025 2026 2027 2028 2029 2030 2031 2032 2033 2034 2035 2036 2037 2038 2039 2040 2041 2042 2043 2044 2045 2046 2047 2048 2049 2050 :=
1 1.0 1.0 1.0 1.0 1.0 1.0 1.0 1.0 1.0 1.0 1.0 1.0 1.0 1.0 1.0 1.0 1.0 1.0 1.0 1.0 1.0 1.0 1.0 1.0 1.0 1.0 1.0 1.0 1.0 1.0 1.0 1.0 1.0 
[RD,TRYLFGSL,E5TRYLF,*,*]:
2018 2019 2020 2021 2022 2023 2024 2025 2026 2027 2028 2029 2030 2031 2032 2033 2034 2035 2036 2037 2038 2039 2040 2041 2042 2043 2044 2045 2046 2047 2048 2049 2050 :=
1 1.0 1.0 1.0 1.0 1.0 1.0 1.0 1.0 1.0 1.0 1.0 1.0 1.0 1.0 1.0 1.0 1.0 1.0 1.0 1.0 1.0 1.0 1.0 1.0 1.0 1.0 1.0 1.0 1.0 1.0 1.0 1.0 1.0 
[RD,PPPVT,E1ELE,*,*]:
2018 2019 2020 2021 2022 2023 2024 2025 2026 2027 2028 2029 2030 2031 2032 2033 2034 2035 2036 2037 2038 2039 2040 2041 2042 2043 2044 2045 2046 2047 2048 2049 2050 :=
1 1.0 1.0 1.0 1.0 1.0 1.0 1.0 1.0 1.0 1.0 1.0 1.0 1.0 1.0 1.0 1.0 1.0 1.0 1.0 1.0 1.0 1.0 1.0 1.0 1.0 1.0 1.0 1.0 1.0 1.0 1.0 1.0 1.0 
[RD,PPADSL,E1ELE,*,*]:
2018 2019 2020 2021 2022 2023 2024 2025 2026 2027 2028 2029 2030 2031 2032 2033 2034 2035 2036 2037 2038 2039 2040 2041 2042 2043 2044 2045 2046 2047 2048 2049 2050 :=
1 1.0 1.0 1.0 1.0 1.0 1.0 1.0 1.0 1.0 1.0 1.0 1.0 1.0 1.0 1.0 1.0 1.0 1.0 1.0 1.0 1.0 1.0 1.0 1.0 1.0 1.0 1.0 1.0 1.0 1.0 1.0 1.0 1.0 
[RD,PPDGSL,E1ELE,*,*]:
2018 2019 2020 2021 2022 2023 2024 2025 2026 2027 2028 2029 2030 2031 2032 2033 2034 2035 2036 2037 2038 2039 2040 2041 2042 2043 2044 2045 2046 2047 2048 2049 2050 :=
1 1.0 1.0 1.0 1.0 1.0 1.0 1.0 1.0 1.0 1.0 1.0 1.0 1.0 1.0 1.0 1.0 1.0 1.0 1.0 1.0 1.0 1.0 1.0 1.0 1.0 1.0 1.0 1.0 1.0 1.0 1.0 1.0 1.0 
[RD,PPICEFOI,E1ELE,*,*]:
2018 2019 2020 2021 2022 2023 2024 2025 2026 2027 2028 2029 2030 2031 2032 2033 2034 2035 2036 2037 2038 2039 2040 2041 2042 2043 2044 2045 2046 2047 2048 2049 2050 :=
1 1.0 1.0 1.0 1.0 1.0 1.0 1.0 1.0 1.0 1.0 1.0 1.0 1.0 1.0 1.0 1.0 1.0 1.0 1.0 1.0 1.0 1.0 1.0 1.0 1.0 1.0 1.0 1.0 1.0 1.0 1.0 1.0 1.0 
[RD,TRMOTGSL,E5TRMOT,*,*]:
2018 2019 2020 2021 2022 2023 2024 2025 2026 2027 2028 2029 2030 2031 2032 2033 2034 2035 2036 2037 2038 2039 2040 2041 2042 2043 2044 2045 2046 2047 2048 2049 2050 :=
1 1.0 1.0 1.0 1.0 1.0 1.0 1.0 1.0 1.0 1.0 1.0 1.0 1.0 1.0 1.0 1.0 1.0 1.0 1.0 1.0 1.0 1.0 1.0 1.0 1.0 1.0 1.0 1.0 1.0 1.0 1.0 1.0 1.0 
[RD,TRBTURGSL,E5TRBTUR,*,*]:
2018 2019 2020 2021 2022 2023 2024 2025 2026 2027 2028 2029 2030 2031 2032 2033 2034 2035 2036 2037 2038 2039 2040 2041 2042 2043 2044 2045 2046 2047 2048 2049 2050 :=
1 1.0 1.0 1.0 1.0 1.0 1.0 1.0 1.0 1.0 1.0 1.0 1.0 1.0 1.0 1.0 1.0 1.0 1.0 1.0 1.0 1.0 1.0 1.0 1.0 1.0 1.0 1.0 1.0 1.0 1.0 1.0 1.0 1.0 
[RD,Techs_Li_Freight,E6TDFRELIG,*,*]:
2018 2019 2020 2021 2022 2023 2024 2025 2026 2027 2028 2029 2030 2031 2032 2033 2034 2035 2036 2037 2038 2039 2040 2041 2042 2043 2044 2045 2046 2047 2048 2049 2050 :=
1 1.86 1.86 1.86 1.86 1.86 1.86 1.86 1.86 1.86 1.86 1.86 1.86 1.86 1.86 1.86 1.86 1.86 1.86 1.86 1.86 1.86 1.86 1.86 1.86 1.86 1.86 1.86 1.86 1.86 1.86 1.86 1.86 1.86 
[RD,PPBIM,E1ELE,*,*]:
2018 2019 2020 2021 2022 2023 2024 2025 2026 2027 2028 2029 2030 2031 2032 2033 2034 2035 2036 2037 2038 2039 2040 2041 2042 2043 2044 2045 2046 2047 2048 2049 2050 :=
1 1.0 1.0 1.0 1.0 1.0 1.0 1.0 1.0 1.0 1.0 1.0 1.0 1.0 1.0 1.0 1.0 1.0 1.0 1.0 1.0 1.0 1.0 1.0 1.0 1.0 1.0 1.0 1.0 1.0 1.0 1.0 1.0 1.0 
[RD,TRMBSLPG,E5TRMBS,*,*]:
2018 2019 2020 2021 2022 2023 2024 2025 2026 2027 2028 2029 2030 2031 2032 2033 2034 2035 2036 2037 2038 2039 2040 2041 2042 2043 2044 2045 2046 2047 2048 2049 2050 :=
1 1.0 1.0 1.0 1.0 1.0 1.0 1.0 1.0 1.0 1.0 1.0 1.0 1.0 1.0 1.0 1.0 1.0 1.0 1.0 1.0 1.0 1.0 1.0 1.0 1.0 1.0 1.0 1.0 1.0 1.0 1.0 1.0 1.0 
[RD,TRXTTELELE,E5TRXTTEL,*,*]:
2018 2019 2020 2021 2022 2023 2024 2025 2026 2027 2028 2029 2030 2031 2032 2033 2034 2035 2036 2037 2038 2039 2040 2041 2042 2043 2044 2045 2046 2047 2048 2049 2050 :=
1 1.0 1.0 1.0 1.0 1.0 1.0 1.0 1.0 1.0 1.0 1.0 1.0 1.0 1.0 1.0 1.0 1.0 1.0 1.0 1.0 1.0 1.0 1.0 1.0 1.0 1.0 1.0 1.0 1.0 1.0 1.0 1.0 1.0 
[RD,TRYLFNGS,E5TRYLF,*,*]:
2018 2019 2020 2021 2022 2023 2024 2025 2026 2027 2028 2029 2030 2031 2032 2033 2034 2035 2036 2037 2038 2039 2040 2041 2042 2043 2044 2045 2046 2047 2048 2049 2050 :=
1 1.0 1.0 1.0 1.0 1.0 1.0 1.0 1.0 1.0 1.0 1.0 1.0 1.0 1.0 1.0 1.0 1.0 1.0 1.0 1.0 1.0 1.0 1.0 1.0 1.0 1.0 1.0 1.0 1.0 1.0 1.0 1.0 1.0 
[RD,T4HYD_TUR,E4HYD_TUR,*,*]:
2018 2019 2020 2021 2022 2023 2024 2025 2026 2027 2028 2029 2030 2031 2032 2033 2034 2035 2036 2037 2038 2039 2040 2041 2042 2043 2044 2045 2046 2047 2048 2049 2050 :=
1 1.0 1.0 1.0 1.0 1.0 1.0 1.0 1.0 1.0 1.0 1.0 1.0 1.0 1.0 1.0 1.0 1.0 1.0 1.0 1.0 1.0 1.0 1.0 1.0 1.0 1.0 1.0 1.0 1.0 1.0 1.0 1.0 1.0 
[RD,Techs_Motos,E6TDPASPRI,*,*]:
2018 2019 2020 2021 2022 2023 2024 2025 2026 2027 2028 2029 2030 2031 2032 2033 2034 2035 2036 2037 2038 2039 2040 2041 2042 2043 2044 2045 2046 2047 2048 2049 2050 :=
1 1.1 1.1 1.1 1.1 1.1 1.1 1.1 1.1 1.1 1.1 1.1 1.1 1.1 1.1 1.1 1.1 1.1 1.1 1.1 1.1 1.1 1.1 1.1 1.1 1.1 1.1 1.1 1.1 1.1 1.1 1.1 1.1 1.1 
[RD,TRXBUSEFIELE,E5TRXBUSEFI,*,*]:
2018 2019 2020 2021 2022 2023 2024 2025 2026 2027 2028 2029 2030 2031 2032 2033 2034 2035 2036 2037 2038 2039 2040 2041 2042 2043 2044 2045 2046 2047 2048 2049 2050 :=
1 1.0 1.0 1.0 1.0 1.0 1.0 1.0 1.0 1.0 1.0 1.0 1.0 1.0 1.0 1.0 1.0 1.0 1.0 1.0 1.0 1.0 1.0 1.0 1.0 1.0 1.0 1.0 1.0 1.0 1.0 1.0 1.0 1.0 
[RD,TRAUTDSL,E5TRAUT,*,*]:
2018 2019 2020 2021 2022 2023 2024 2025 2026 2027 2028 2029 2030 2031 2032 2033 2034 2035 2036 2037 2038 2039 2040 2041 2042 2043 2044 2045 2046 2047 2048 2049 2050 :=
1 1.0 1.0 1.0 1.0 1.0 1.0 1.0 1.0 1.0 1.0 1.0 1.0 1.0 1.0 1.0 1.0 1.0 1.0 1.0 1.0 1.0 1.0 1.0 1.0 1.0 1.0 1.0 1.0 1.0 1.0 1.0 1.0 1.0 
[RD,PPCOA,E1ELE,*,*]:
2018 2019 2020 2021 2022 2023 2024 2025 2026 2027 2028 2029 2030 2031 2032 2033 2034 2035 2036 2037 2038 2039 2040 2041 2042 2043 2044 2045 2046 2047 2048 2049 2050 :=
1 1.0 1.0 1.0 1.0 1.0 1.0 1.0 1.0 1.0 1.0 1.0 1.0 1.0 1.0 1.0 1.0 1.0 1.0 1.0 1.0 1.0 1.0 1.0 1.0 1.0 1.0 1.0 1.0 1.0 1.0 1.0 1.0 1.0 
[RD,DIST_NGS,E1NGS,*,*]:
2018 2019 2020 2021 2022 2023 2024 2025 2026 2027 2028 2029 2030 2031 2032 2033 2034 2035 2036 2037 2038 2039 2040 2041 2042 2043 2044 2045 2046 2047 2048 2049 2050 :=
1 1.0 1.0 1.0 1.0 1.0 1.0 1.0 1.0 1.0 1.0 1.0 1.0 1.0 1.0 1.0 1.0 1.0 1.0 1.0 1.0 1.0 1.0 1.0 1.0 1.0 1.0 1.0 1.0 1.0 1.0 1.0 1.0 1.0 
[RD,T5FIRRES,E5RESFIR,*,*]:
2018 2019 2020 2021 2022 2023 2024 2025 2026 2027 2028 2029 2030 2031 2032 2033 2034 2035 2036 2037 2038 2039 2040 2041 2042 2043 2044 2045 2046 2047 2048 2049 2050 :=
1 1.0 1.0 1.0 1.0 1.0 1.0 1.0 1.0 1.0 1.0 1.0 1.0 1.0 1.0 1.0 1.0 1.0 1.0 1.0 1.0 1.0 1.0 1.0 1.0 1.0 1.0 1.0 1.0 1.0 1.0 1.0 1.0 1.0 
[RD,PPDNGS,E1ELE,*,*]:
2018 2019 2020 2021 2022 2023 2024 2025 2026 2027 2028 2029 2030 2031 2032 2033 2034 2035 2036 2037 2038 2039 2040 2041 2042 2043 2044 2045 2046 2047 2048 2049 2050 :=
1 1.0 1.0 1.0 1.0 1.0 1.0 1.0 1.0 1.0 1.0 1.0 1.0 1.0 1.0 1.0 1.0 1.0 1.0 1.0 1.0 1.0 1.0 1.0 1.0 1.0 1.0 1.0 1.0 1.0 1.0 1.0 1.0 1.0 
[RD,T4ELE_PUB,E4ELE_PUB,*,*]:
2018 2019 2020 2021 2022 2023 2024 2025 2026 2027 2028 2029 2030 2031 2032 2033 2034 2035 2036 2037 2038 2039 2040 2041 2042 2043 2044 2045 2046 2047 2048 2049 2050 :=
1 1.0 1.0 1.0 1.0 1.0 1.0 1.0 1.0 1.0 1.0 1.0 1.0 1.0 1.0 1.0 1.0 1.0 1.0 1.0 1.0 1.0 1.0 1.0 1.0 1.0 1.0 1.0 1.0 1.0 1.0 1.0 1.0 1.0 
[RD,PPBGS,E1ELE,*,*]:
2018 2019 2020 2021 2022 2023 2024 2025 2026 2027 2028 2029 2030 2031 2032 2033 2034 2035 2036 2037 2038 2039 2040 2041 2042 2043 2044 2045 2046 2047 2048 2049 2050 :=
1 1.0 1.0 1.0 1.0 1.0 1.0 1.0 1.0 1.0 1.0 1.0 1.0 1.0 1.0 1.0 1.0 1.0 1.0 1.0 1.0 1.0 1.0 1.0 1.0 1.0 1.0 1.0 1.0 1.0 1.0 1.0 1.0 1.0 
[RD,TRBTURELE,E5TRBTUR,*,*]:
2018 2019 2020 2021 2022 2023 2024 2025 2026 2027 2028 2029 2030 2031 2032 2033 2034 2035 2036 2037 2038 2039 2040 2041 2042 2043 2044 2045 2046 2047 2048 2049 2050 :=
1 1.0 1.0 1.0 1.0 1.0 1.0 1.0 1.0 1.0 1.0 1.0 1.0 1.0 1.0 1.0 1.0 1.0 1.0 1.0 1.0 1.0 1.0 1.0 1.0 1.0 1.0 1.0 1.0 1.0 1.0 1.0 1.0 1.0 
[RD,TRBPUDSL,E5TRBPU,*,*]:
2018 2019 2020 2021 2022 2023 2024 2025 2026 2027 2028 2029 2030 2031 2032 2033 2034 2035 2036 2037 2038 2039 2040 2041 2042 2043 2044 2045 2046 2047 2048 2049 2050 :=
1 1.0 1.0 1.0 1.0 1.0 1.0 1.0 1.0 1.0 1.0 1.0 1.0 1.0 1.0 1.0 1.0 1.0 1.0 1.0 1.0 1.0 1.0 1.0 1.0 1.0 1.0 1.0 1.0 1.0 1.0 1.0 1.0 1.0 
[RD,T5ELECOM,E5COMELE,*,*]:
2018 2019 2020 2021 2022 2023 2024 2025 2026 2027 2028 2029 2030 2031 2032 2033 2034 2035 2036 2037 2038 2039 2040 2041 2042 2043 2044 2045 2046 2047 2048 2049 2050 :=
1 1.0 1.0 1.0 1.0 1.0 1.0 1.0 1.0 1.0 1.0 1.0 1.0 1.0 1.0 1.0 1.0 1.0 1.0 1.0 1.0 1.0 1.0 1.0 1.0 1.0 1.0 1.0 1.0 1.0 1.0 1.0 1.0 1.0 
[RD,T4NGS_PRI,E4NGS_PRI,*,*]:
2018 2019 2020 2021 2022 2023 2024 2025 2026 2027 2028 2029 2030 2031 2032 2033 2034 2035 2036 2037 2038 2039 2040 2041 2042 2043 2044 2045 2046 2047 2048 2049 2050 :=
1 1.0 1.0 1.0 1.0 1.0 1.0 1.0 1.0 1.0 1.0 1.0 1.0 1.0 1.0 1.0 1.0 1.0 1.0 1.0 1.0 1.0 1.0 1.0 1.0 1.0 1.0 1.0 1.0 1.0 1.0 1.0 1.0 1.0 
[RD,T4LPG_LIG,E4LPG_LIG,*,*]:
2018 2019 2020 2021 2022 2023 2024 2025 2026 2027 2028 2029 2030 2031 2032 2033 2034 2035 2036 2037 2038 2039 2040 2041 2042 2043 2044 2045 2046 2047 2048 2049 2050 :=
1 1.0 1.0 1.0 1.0 1.0 1.0 1.0 1.0 1.0 1.0 1.0 1.0 1.0 1.0 1.0 1.0 1.0 1.0 1.0 1.0 1.0 1.0 1.0 1.0 1.0 1.0 1.0 1.0 1.0 1.0 1.0 1.0 1.0 
[RD,PPHROR,E1ELE,*,*]:
2018 2019 2020 2021 2022 2023 2024 2025 2026 2027 2028 2029 2030 2031 2032 2033 2034 2035 2036 2037 2038 2039 2040 2041 2042 2043 2044 2045 2046 2047 2048 2049 2050 :=
1 1.0 1.0 1.0 1.0 1.0 1.0 1.0 1.0 1.0 1.0 1.0 1.0 1.0 1.0 1.0 1.0 1.0 1.0 1.0 1.0 1.0 1.0 1.0 1.0 1.0 1.0 1.0 1.0 1.0 1.0 1.0 1.0 1.0 
[RD,Techs_Auto,E6TDPASPRI,*,*]:
2018 2019 2020 2021 2022 2023 2024 2025 2026 2027 2028 2029 2030 2031 2032 2033 2034 2035 2036 2037 2038 2039 2040 2041 2042 2043 2044 2045 2046 2047 2048 2049 2050 :=
1 1.5 1.5 1.5 1.5 1.5 1.5 1.5 1.5 1.5 1.5 1.5 1.5 1.5 1.5 1.5 1.5 1.5 1.5 1.5 1.5 1.5 1.5 1.5 1.5 1.5 1.5 1.5 1.5 1.5 1.5 1.5 1.5 1.5 
[RD,T5ELEIND,E5INDELE,*,*]:
2018 2019 2020 2021 2022 2023 2024 2025 2026 2027 2028 2029 2030 2031 2032 2033 2034 2035 2036 2037 2038 2039 2040 2041 2042 2043 2044 2045 2046 2047 2048 2049 2050 :=
1 1.0 1.0 1.0 1.0 1.0 1.0 1.0 1.0 1.0 1.0 1.0 1.0 1.0 1.0 1.0 1.0 1.0 1.0 1.0 1.0 1.0 1.0 1.0 1.0 1.0 1.0 1.0 1.0 1.0 1.0 1.0 1.0 1.0 
[RD,DIST_BIM,E1BIM,*,*]:
2018 2019 2020 2021 2022 2023 2024 2025 2026 2027 2028 2029 2030 2031 2032 2033 2034 2035 2036 2037 2038 2039 2040 2041 2042 2043 2044 2045 2046 2047 2048 2049 2050 :=
1 1.0 1.0 1.0 1.0 1.0 1.0 1.0 1.0 1.0 1.0 1.0 1.0 1.0 1.0 1.0 1.0 1.0 1.0 1.0 1.0 1.0 1.0 1.0 1.0 1.0 1.0 1.0 1.0 1.0 1.0 1.0 1.0 1.0 
[RD,ELE_DIST,E3ELE,*,*]:
2018 2019 2020 2021 2022 2023 2024 2025 2026 2027 2028 2029 2030 2031 2032 2033 2034 2035 2036 2037 2038 2039 2040 2041 2042 2043 2044 2045 2046 2047 2048 2049 2050 :=
1 1.0 1.0 1.0 1.0 1.0 1.0 1.0 1.0 1.0 1.0 1.0 1.0 1.0 1.0 1.0 1.0 1.0 1.0 1.0 1.0 1.0 1.0 1.0 1.0 1.0 1.0 1.0 1.0 1.0 1.0 1.0 1.0 1.0 
[RD,PPGEO,E1ELE,*,*]:
2018 2019 2020 2021 2022 2023 2024 2025 2026 2027 2028 2029 2030 2031 2032 2033 2034 2035 2036 2037 2038 2039 2040 2041 2042 2043 2044 2045 2046 2047 2048 2049 2050 :=
1 1.0 1.0 1.0 1.0 1.0 1.0 1.0 1.0 1.0 1.0 1.0 1.0 1.0 1.0 1.0 1.0 1.0 1.0 1.0 1.0 1.0 1.0 1.0 1.0 1.0 1.0 1.0 1.0 1.0 1.0 1.0 1.0 1.0 
[RD,T5NGSEXP,E5EXPNGS,*,*]:
2018 2019 2020 2021 2022 2023 2024 2025 2026 2027 2028 2029 2030 2031 2032 2033 2034 2035 2036 2037 2038 2039 2040 2041 2042 2043 2044 2045 2046 2047 2048 2049 2050 :=
1 1.0 1.0 1.0 1.0 1.0 1.0 1.0 1.0 1.0 1.0 1.0 1.0 1.0 1.0 1.0 1.0 1.0 1.0 1.0 1.0 1.0 1.0 1.0 1.0 1.0 1.0 1.0 1.0 1.0 1.0 1.0 1.0 1.0 
[RD,REF_LPG,E1LPG,*,*]:
2018 2019 2020 2021 2022 2023 2024 2025 2026 2027 2028 2029 2030 2031 2032 2033 2034 2035 2036 2037 2038 2039 2040 2041 2042 2043 2044 2045 2046 2047 2048 2049 2050 :=
1 1.0 1.0 1.0 1.0 1.0 1.0 1.0 1.0 1.0 1.0 1.0 1.0 1.0 1.0 1.0 1.0 1.0 1.0 1.0 1.0 1.0 1.0 1.0 1.0 1.0 1.0 1.0 1.0 1.0 1.0 1.0 1.0 1.0 
[RD,T5LPGCON,E5CONLPG,*,*]:
2018 2019 2020 2021 2022 2023 2024 2025 2026 2027 2028 2029 2030 2031 2032 2033 2034 2035 2036 2037 2038 2039 2040 2041 2042 2043 2044 2045 2046 2047 2048 2049 2050 :=
1 1.0 1.0 1.0 1.0 1.0 1.0 1.0 1.0 1.0 1.0 1.0 1.0 1.0 1.0 1.0 1.0 1.0 1.0 1.0 1.0 1.0 1.0 1.0 1.0 1.0 1.0 1.0 1.0 1.0 1.0 1.0 1.0 1.0 
[RD,DIST_COA,E1COA,*,*]:
2018 2019 2020 2021 2022 2023 2024 2025 2026 2027 2028 2029 2030 2031 2032 2033 2034 2035 2036 2037 2038 2039 2040 2041 2042 2043 2044 2045 2046 2047 2048 2049 2050 :=
1 1.0 1.0 1.0 1.0 1.0 1.0 1.0 1.0 1.0 1.0 1.0 1.0 1.0 1.0 1.0 1.0 1.0 1.0 1.0 1.0 1.0 1.0 1.0 1.0 1.0 1.0 1.0 1.0 1.0 1.0 1.0 1.0 1.0 
[RD,HYD_DIST,E3HYD,*,*]:
2018 2019 2020 2021 2022 2023 2024 2025 2026 2027 2028 2029 2030 2031 2032 2033 2034 2035 2036 2037 2038 2039 2040 2041 2042 2043 2044 2045 2046 2047 2048 2049 2050 :=
1 1.0 1.0 1.0 1.0 1.0 1.0 1.0 1.0 1.0 1.0 1.0 1.0 1.0 1.0 1.0 1.0 1.0 1.0 1.0 1.0 1.0 1.0 1.0 1.0 1.0 1.0 1.0 1.0 1.0 1.0 1.0 1.0 1.0 
[RD,TRAUTHG,E5TRAUT,*,*]:
2018 2019 2020 2021 2022 2023 2024 2025 2026 2027 2028 2029 2030 2031 2032 2033 2034 2035 2036 2037 2038 2039 2040 2041 2042 2043 2044 2045 2046 2047 2048 2049 2050 :=
1 1.0 1.0 1.0 1.0 1.0 1.0 1.0 1.0 1.0 1.0 1.0 1.0 1.0 1.0 1.0 1.0 1.0 1.0 1.0 1.0 1.0 1.0 1.0 1.0 1.0 1.0 1.0 1.0 1.0 1.0 1.0 1.0 1.0 
[RD,REF_FOI,E1FOI,*,*]:
2018 2019 2020 2021 2022 2023 2024 2025 2026 2027 2028 2029 2030 2031 2032 2033 2034 2035 2036 2037 2038 2039 2040 2041 2042 2043 2044 2045 2046 2047 2048 2049 2050 :=
1 1.0 1.0 1.0 1.0 1.0 1.0 1.0 1.0 1.0 1.0 1.0 1.0 1.0 1.0 1.0 1.0 1.0 1.0 1.0 1.0 1.0 1.0 1.0 1.0 1.0 1.0 1.0 1.0 1.0 1.0 1.0 1.0 1.0 
[RD,T5FOIIND,E5INDFOI,*,*]:
2018 2019 2020 2021 2022 2023 2024 2025 2026 2027 2028 2029 2030 2031 2032 2033 2034 2035 2036 2037 2038 2039 2040 2041 2042 2043 2044 2045 2046 2047 2048 2049 2050 :=
1 1.0 1.0 1.0 1.0 1.0 1.0 1.0 1.0 1.0 1.0 1.0 1.0 1.0 1.0 1.0 1.0 1.0 1.0 1.0 1.0 1.0 1.0 1.0 1.0 1.0 1.0 1.0 1.0 1.0 1.0 1.0 1.0 1.0 
[RD,T5DSLIND,E5INDDSL,*,*]:
2018 2019 2020 2021 2022 2023 2024 2025 2026 2027 2028 2029 2030 2031 2032 2033 2034 2035 2036 2037 2038 2039 2040 2041 2042 2043 2044 2045 2046 2047 2048 2049 2050 :=
1 1.0 1.0 1.0 1.0 1.0 1.0 1.0 1.0 1.0 1.0 1.0 1.0 1.0 1.0 1.0 1.0 1.0 1.0 1.0 1.0 1.0 1.0 1.0 1.0 1.0 1.0 1.0 1.0 1.0 1.0 1.0 1.0 1.0 
[RD,T5COAIND,E5INDCOA,*,*]:
2018 2019 2020 2021 2022 2023 2024 2025 2026 2027 2028 2029 2030 2031 2032 2033 2034 2035 2036 2037 2038 2039 2040 2041 2042 2043 2044 2045 2046 2047 2048 2049 2050 :=
1 1.0 1.0 1.0 1.0 1.0 1.0 1.0 1.0 1.0 1.0 1.0 1.0 1.0 1.0 1.0 1.0 1.0 1.0 1.0 1.0 1.0 1.0 1.0 1.0 1.0 1.0 1.0 1.0 1.0 1.0 1.0 1.0 1.0 
[RD,T5DSLAGR,E5AGRDSL,*,*]:
2018 2019 2020 2021 2022 2023 2024 2025 2026 2027 2028 2029 2030 2031 2032 2033 2034 2035 2036 2037 2038 2039 2040 2041 2042 2043 2044 2045 2046 2047 2048 2049 2050 :=
1 1.0 1.0 1.0 1.0 1.0 1.0 1.0 1.0 1.0 1.0 1.0 1.0 1.0 1.0 1.0 1.0 1.0 1.0 1.0 1.0 1.0 1.0 1.0 1.0 1.0 1.0 1.0 1.0 1.0 1.0 1.0 1.0 1.0 
[RD,PPWNDON,E1ELE,*,*]:
2018 2019 2020 2021 2022 2023 2024 2025 2026 2027 2028 2029 2030 2031 2032 2033 2034 2035 2036 2037 2038 2039 2040 2041 2042 2043 2044 2045 2046 2047 2048 2049 2050 :=
1 1.0 1.0 1.0 1.0 1.0 1.0 1.0 1.0 1.0 1.0 1.0 1.0 1.0 1.0 1.0 1.0 1.0 1.0 1.0 1.0 1.0 1.0 1.0 1.0 1.0 1.0 1.0 1.0 1.0 1.0 1.0 1.0 1.0 
[RD,PPCCTNGS,E1ELE,*,*]:
2018 2019 2020 2021 2022 2023 2024 2025 2026 2027 2028 2029 2030 2031 2032 2033 2034 2035 2036 2037 2038 2039 2040 2041 2042 2043 2044 2045 2046 2047 2048 2049 2050 :=
1 1.0 1.0 1.0 1.0 1.0 1.0 1.0 1.0 1.0 1.0 1.0 1.0 1.0 1.0 1.0 1.0 1.0 1.0 1.0 1.0 1.0 1.0 1.0 1.0 1.0 1.0 1.0 1.0 1.0 1.0 1.0 1.0 1.0 
[RD,T5GSLTAC,E5TACGSL,*,*]:
2018 2019 2020 2021 2022 2023 2024 2025 2026 2027 2028 2029 2030 2031 2032 2033 2034 2035 2036 2037 2038 2039 2040 2041 2042 2043 2044 2045 2046 2047 2048 2049 2050 :=
1 1.0 1.0 1.0 1.0 1.0 1.0 1.0 1.0 1.0 1.0 1.0 1.0 1.0 1.0 1.0 1.0 1.0 1.0 1.0 1.0 1.0 1.0 1.0 1.0 1.0 1.0 1.0 1.0 1.0 1.0 1.0 1.0 1.0 
[RD,TRYLFHD,E5TRYLF,*,*]:
2018 2019 2020 2021 2022 2023 2024 2025 2026 2027 2028 2029 2030 2031 2032 2033 2034 2035 2036 2037 2038 2039 2040 2041 2042 2043 2044 2045 2046 2047 2048 2049 2050 :=
1 1.0 1.0 1.0 1.0 1.0 1.0 1.0 1.0 1.0 1.0 1.0 1.0 1.0 1.0 1.0 1.0 1.0 1.0 1.0 1.0 1.0 1.0 1.0 1.0 1.0 1.0 1.0 1.0 1.0 1.0 1.0 1.0 1.0 
[RD,T4ELE_LIG,E4ELE_LIG,*,*]:
2018 2019 2020 2021 2022 2023 2024 2025 2026 2027 2028 2029 2030 2031 2032 2033 2034 2035 2036 2037 2038 2039 2040 2041 2042 2043 2044 2045 2046 2047 2048 2049 2050 :=
1 1.0 1.0 1.0 1.0 1.0 1.0 1.0 1.0 1.0 1.0 1.0 1.0 1.0 1.0 1.0 1.0 1.0 1.0 1.0 1.0 1.0 1.0 1.0 1.0 1.0 1.0 1.0 1.0 1.0 1.0 1.0 1.0 1.0 
[RD,TRXTRAIELE,E5TRXTRAI,*,*]:
2018 2019 2020 2021 2022 2023 2024 2025 2026 2027 2028 2029 2030 2031 2032 2033 2034 2035 2036 2037 2038 2039 2040 2041 2042 2043 2044 2045 2046 2047 2048 2049 2050 :=
1 1.0 1.0 1.0 1.0 1.0 1.0 1.0 1.0 1.0 1.0 1.0 1.0 1.0 1.0 1.0 1.0 1.0 1.0 1.0 1.0 1.0 1.0 1.0 1.0 1.0 1.0 1.0 1.0 1.0 1.0 1.0 1.0 1.0 
[RD,T4DSL_LIG,E4DSL_LIG,*,*]:
2018 2019 2020 2021 2022 2023 2024 2025 2026 2027 2028 2029 2030 2031 2032 2033 2034 2035 2036 2037 2038 2039 2040 2041 2042 2043 2044 2045 2046 2047 2048 2049 2050 :=
1 1.0 1.0 1.0 1.0 1.0 1.0 1.0 1.0 1.0 1.0 1.0 1.0 1.0 1.0 1.0 1.0 1.0 1.0 1.0 1.0 1.0 1.0 1.0 1.0 1.0 1.0 1.0 1.0 1.0 1.0 1.0 1.0 1.0 
[RD,Techs_Telef,E6TDPASPUB,*,*]:
2018 2019 2020 2021 2022 2023 2024 2025 2026 2027 2028 2029 2030 2031 2032 2033 2034 2035 2036 2037 2038 2039 2040 2041 2042 2043 2044 2045 2046 2047 2048 2049 2050 :=
1 1.0 1.0 1.0 1.0 1.0 1.0 1.0 1.0 1.0 1.0 1.0 1.0 1.0 1.0 1.0 1.0 1.0 1.0 1.0 1.0 1.0 1.0 1.0 1.0 1.0 1.0 1.0 1.0 1.0 1.0 1.0 1.0 1.0 
[RD,PPCCTDSL,E1ELE,*,*]:
2018 2019 2020 2021 2022 2023 2024 2025 2026 2027 2028 2029 2030 2031 2032 2033 2034 2035 2036 2037 2038 2039 2040 2041 2042 2043 2044 2045 2046 2047 2048 2049 2050 :=
1 1.0 1.0 1.0 1.0 1.0 1.0 1.0 1.0 1.0 1.0 1.0 1.0 1.0 1.0 1.0 1.0 1.0 1.0 1.0 1.0 1.0 1.0 1.0 1.0 1.0 1.0 1.0 1.0 1.0 1.0 1.0 1.0 1.0 
[RD,PRO_COA,E1COA,*,*]:
2018 2019 2020 2021 2022 2023 2024 2025 2026 2027 2028 2029 2030 2031 2032 2033 2034 2035 2036 2037 2038 2039 2040 2041 2042 2043 2044 2045 2046 2047 2048 2049 2050 :=
1 1.0 1.0 1.0 1.0 1.0 1.0 1.0 1.0 1.0 1.0 1.0 1.0 1.0 1.0 1.0 1.0 1.0 1.0 1.0 1.0 1.0 1.0 1.0 1.0 1.0 1.0 1.0 1.0 1.0 1.0 1.0 1.0 1.0 
[RD,TRAUTGSL,E5TRAUT,*,*]:
2018 2019 2020 2021 2022 2023 2024 2025 2026 2027 2028 2029 2030 2031 2032 2033 2034 2035 2036 2037 2038 2039 2040 2041 2042 2043 2044 2045 2046 2047 2048 2049 2050 :=
1 1.0 1.0 1.0 1.0 1.0 1.0 1.0 1.0 1.0 1.0 1.0 1.0 1.0 1.0 1.0 1.0 1.0 1.0 1.0 1.0 1.0 1.0 1.0 1.0 1.0 1.0 1.0 1.0 1.0 1.0 1.0 1.0 1.0 
[RD,T4HYD_PUB,E4HYD_PUB,*,*]:
2018 2019 2020 2021 2022 2023 2024 2025 2026 2027 2028 2029 2030 2031 2032 2033 2034 2035 2036 2037 2038 2039 2040 2041 2042 2043 2044 2045 2046 2047 2048 2049 2050 :=
1 1.0 1.0 1.0 1.0 1.0 1.0 1.0 1.0 1.0 1.0 1.0 1.0 1.0 1.0 1.0 1.0 1.0 1.0 1.0 1.0 1.0 1.0 1.0 1.0 1.0 1.0 1.0 1.0 1.0 1.0 1.0 1.0 1.0 
[RD,TRXTRAIFREELE,E5TRXTRAIFRE,*,*]:
2018 2019 2020 2021 2022 2023 2024 2025 2026 2027 2028 2029 2030 2031 2032 2033 2034 2035 2036 2037 2038 2039 2040 2041 2042 2043 2044 2045 2046 2047 2048 2049 2050 :=
1 1.0 1.0 1.0 1.0 1.0 1.0 1.0 1.0 1.0 1.0 1.0 1.0 1.0 1.0 1.0 1.0 1.0 1.0 1.0 1.0 1.0 1.0 1.0 1.0 1.0 1.0 1.0 1.0 1.0 1.0 1.0 1.0 1.0 
[RD,T4ELE_PRI,E4ELE_PRI,*,*]:
2018 2019 2020 2021 2022 2023 2024 2025 2026 2027 2028 2029 2030 2031 2032 2033 2034 2035 2036 2037 2038 2039 2040 2041 2042 2043 2044 2045 2046 2047 2048 2049 2050 :=
1 1.0 1.0 1.0 1.0 1.0 1.0 1.0 1.0 1.0 1.0 1.0 1.0 1.0 1.0 1.0 1.0 1.0 1.0 1.0 1.0 1.0 1.0 1.0 1.0 1.0 1.0 1.0 1.0 1.0 1.0 1.0 1.0 1.0 
[RD,T4ELE_TUR,E4ELE_TUR,*,*]:
2018 2019 2020 2021 2022 2023 2024 2025 2026 2027 2028 2029 2030 2031 2032 2033 2034 2035 2036 2037 2038 2039 2040 2041 2042 2043 2044 2045 2046 2047 2048 2049 2050 :=
1 1.0 1.0 1.0 1.0 1.0 1.0 1.0 1.0 1.0 1.0 1.0 1.0 1.0 1.0 1.0 1.0 1.0 1.0 1.0 1.0 1.0 1.0 1.0 1.0 1.0 1.0 1.0 1.0 1.0 1.0 1.0 1.0 1.0 
[RD,EXTT_NGS,E1NGS,*,*]:
2018 2019 2020 2021 2022 2023 2024 2025 2026 2027 2028 2029 2030 2031 2032 2033 2034 2035 2036 2037 2038 2039 2040 2041 2042 2043 2044 2045 2046 2047 2048 2049 2050 :=
1 1.0 1.0 1.0 1.0 1.0 1.0 1.0 1.0 1.0 1.0 1.0 1.0 1.0 1.0 1.0 1.0 1.0 1.0 1.0 1.0 1.0 1.0 1.0 1.0 1.0 1.0 1.0 1.0 1.0 1.0 1.0 1.0 1.0 
[RD,TRBTURDSL,E5TRBTUR,*,*]:
2018 2019 2020 2021 2022 2023 2024 2025 2026 2027 2028 2029 2030 2031 2032 2033 2034 2035 2036 2037 2038 2039 2040 2041 2042 2043 2044 2045 2046 2047 2048 2049 2050 :=
1 1.0 1.0 1.0 1.0 1.0 1.0 1.0 1.0 1.0 1.0 1.0 1.0 1.0 1.0 1.0 1.0 1.0 1.0 1.0 1.0 1.0 1.0 1.0 1.0 1.0 1.0 1.0 1.0 1.0 1.0 1.0 1.0 1.0 
[RD,HYD_G_PROD,E2HYDG,*,*]:
2018 2019 2020 2021 2022 2023 2024 2025 2026 2027 2028 2029 2030 2031 2032 2033 2034 2035 2036 2037 2038 2039 2040 2041 2042 2043 2044 2045 2046 2047 2048 2049 2050 :=
1 1.0 1.0 1.0 1.0 1.0 1.0 1.0 1.0 1.0 1.0 1.0 1.0 1.0 1.0 1.0 1.0 1.0 1.0 1.0 1.0 1.0 1.0 1.0 1.0 1.0 1.0 1.0 1.0 1.0 1.0 1.0 1.0 1.0 
[RD,T5ELEAGR,E5AGRELE,*,*]:
2018 2019 2020 2021 2022 2023 2024 2025 2026 2027 2028 2029 2030 2031 2032 2033 2034 2035 2036 2037 2038 2039 2040 2041 2042 2043 2044 2045 2046 2047 2048 2049 2050 :=
1 1.0 1.0 1.0 1.0 1.0 1.0 1.0 1.0 1.0 1.0 1.0 1.0 1.0 1.0 1.0 1.0 1.0 1.0 1.0 1.0 1.0 1.0 1.0 1.0 1.0 1.0 1.0 1.0 1.0 1.0 1.0 1.0 1.0 
[RD,TRAUTELE,E5TRAUT,*,*]:
2018 2019 2020 2021 2022 2023 2024 2025 2026 2027 2028 2029 2030 2031 2032 2033 2034 2035 2036 2037 2038 2039 2040 2041 2042 2043 2044 2045 2046 2047 2048 2049 2050 :=
1 1.0 1.0 1.0 1.0 1.0 1.0 1.0 1.0 1.0 1.0 1.0 1.0 1.0 1.0 1.0 1.0 1.0 1.0 1.0 1.0 1.0 1.0 1.0 1.0 1.0 1.0 1.0 1.0 1.0 1.0 1.0 1.0 1.0 
[RD,T5BIMCOM,E5COMBIM,*,*]:
2018 2019 2020 2021 2022 2023 2024 2025 2026 2027 2028 2029 2030 2031 2032 2033 2034 2035 2036 2037 2038 2039 2040 2041 2042 2043 2044 2045 2046 2047 2048 2049 2050 :=
1 1.0 1.0 1.0 1.0 1.0 1.0 1.0 1.0 1.0 1.0 1.0 1.0 1.0 1.0 1.0 1.0 1.0 1.0 1.0 1.0 1.0 1.0 1.0 1.0 1.0 1.0 1.0 1.0 1.0 1.0 1.0 1.0 1.0 
[RD,PPPVTHYD,E7ELE,*,*]:
2018 2019 2020 2021 2022 2023 2024 2025 2026 2027 2028 2029 2030 2031 2032 2033 2034 2035 2036 2037 2038 2039 2040 2041 2042 2043 2044 2045 2046 2047 2048 2049 2050 :=
1 1.0 1.0 1.0 1.0 1.0 1.0 1.0 1.0 1.0 1.0 1.0 1.0 1.0 1.0 1.0 1.0 1.0 1.0 1.0 1.0 1.0 1.0 1.0 1.0 1.0 1.0 1.0 1.0 1.0 1.0 1.0 1.0 1.0 
[RD,PPANGS,E1ELE,*,*]:
2018 2019 2020 2021 2022 2023 2024 2025 2026 2027 2028 2029 2030 2031 2032 2033 2034 2035 2036 2037 2038 2039 2040 2041 2042 2043 2044 2045 2046 2047 2048 2049 2050 :=
1 1.0 1.0 1.0 1.0 1.0 1.0 1.0 1.0 1.0 1.0 1.0 1.0 1.0 1.0 1.0 1.0 1.0 1.0 1.0 1.0 1.0 1.0 1.0 1.0 1.0 1.0 1.0 1.0 1.0 1.0 1.0 1.0 1.0 
[RD,DIST_DSL,E1DSL,*,*]:
2018 2019 2020 2021 2022 2023 2024 2025 2026 2027 2028 2029 2030 2031 2032 2033 2034 2035 2036 2037 2038 2039 2040 2041 2042 2043 2044 2045 2046 2047 2048 2049 2050 :=
1 1.0 1.0 1.0 1.0 1.0 1.0 1.0 1.0 1.0 1.0 1.0 1.0 1.0 1.0 1.0 1.0 1.0 1.0 1.0 1.0 1.0 1.0 1.0 1.0 1.0 1.0 1.0 1.0 1.0 1.0 1.0 1.0 1.0 
[RD,DIST_BGS,E1BGS,*,*]:
2018 2019 2020 2021 2022 2023 2024 2025 2026 2027 2028 2029 2030 2031 2032 2033 2034 2035 2036 2037 2038 2039 2040 2041 2042 2043 2044 2045 2046 2047 2048 2049 2050 :=
1 1.0 1.0 1.0 1.0 1.0 1.0 1.0 1.0 1.0 1.0 1.0 1.0 1.0 1.0 1.0 1.0 1.0 1.0 1.0 1.0 1.0 1.0 1.0 1.0 1.0 1.0 1.0 1.0 1.0 1.0 1.0 1.0 1.0 
[RD,TRYTKDSL,E5TRYTK,*,*]:
2018 2019 2020 2021 2022 2023 2024 2025 2026 2027 2028 2029 2030 2031 2032 2033 2034 2035 2036 2037 2038 2039 2040 2041 2042 2043 2044 2045 2046 2047 2048 2049 2050 :=
1 1.0 1.0 1.0 1.0 1.0 1.0 1.0 1.0 1.0 1.0 1.0 1.0 1.0 1.0 1.0 1.0 1.0 1.0 1.0 1.0 1.0 1.0 1.0 1.0 1.0 1.0 1.0 1.0 1.0 1.0 1.0 1.0 1.0 
[RD,TRSUVNGS,E5TRSUV,*,*]:
2018 2019 2020 2021 2022 2023 2024 2025 2026 2027 2028 2029 2030 2031 2032 2033 2034 2035 2036 2037 2038 2039 2040 2041 2042 2043 2044 2045 2046 2047 2048 2049 2050 :=
1 1.0 1.0 1.0 1.0 1.0 1.0 1.0 1.0 1.0 1.0 1.0 1.0 1.0 1.0 1.0 1.0 1.0 1.0 1.0 1.0 1.0 1.0 1.0 1.0 1.0 1.0 1.0 1.0 1.0 1.0 1.0 1.0 1.0 
[RD,Techs_He_Freight,E6TDFREHEA,*,*]:
2018 2019 2020 2021 2022 2023 2024 2025 2026 2027 2028 2029 2030 2031 2032 2033 2034 2035 2036 2037 2038 2039 2040 2041 2042 2043 2044 2045 2046 2047 2048 2049 2050 :=
1 11.16 11.16 11.16 11.16 11.16 11.16 11.16 11.16 11.16 11.16 11.16 11.16 11.16 11.16 11.16 11.16 11.16 11.16 11.16 11.16 11.16 11.16 11.16 11.16 11.16 11.16 11.16 11.16 11.16 11.16 11.16 11.16 11.16 
[RD,PPDFOI,E1ELE,*,*]:
2018 2019 2020 2021 2022 2023 2024 2025 2026 2027 2028 2029 2030 2031 2032 2033 2034 2035 2036 2037 2038 2039 2040 2041 2042 2043 2044 2045 2046 2047 2048 2049 2050 :=
1 1.0 1.0 1.0 1.0 1.0 1.0 1.0 1.0 1.0 1.0 1.0 1.0 1.0 1.0 1.0 1.0 1.0 1.0 1.0 1.0 1.0 1.0 1.0 1.0 1.0 1.0 1.0 1.0 1.0 1.0 1.0 1.0 1.0 
[RD,TRBPUHYD,E5TRBPU,*,*]:
2018 2019 2020 2021 2022 2023 2024 2025 2026 2027 2028 2029 2030 2031 2032 2033 2034 2035 2036 2037 2038 2039 2040 2041 2042 2043 2044 2045 2046 2047 2048 2049 2050 :=
1 1.0 1.0 1.0 1.0 1.0 1.0 1.0 1.0 1.0 1.0 1.0 1.0 1.0 1.0 1.0 1.0 1.0 1.0 1.0 1.0 1.0 1.0 1.0 1.0 1.0 1.0 1.0 1.0 1.0 1.0 1.0 1.0 1.0 
[RD,Techs_SUV,E6TDPASPRI,*,*]:
2018 2019 2020 2021 2022 2023 2024 2025 2026 2027 2028 2029 2030 2031 2032 2033 2034 2035 2036 2037 2038 2039 2040 2041 2042 2043 2044 2045 2046 2047 2048 2049 2050 :=
1 1.6 1.6 1.6 1.6 1.6 1.6 1.6 1.6 1.6 1.6 1.6 1.6 1.6 1.6 1.6 1.6 1.6 1.6 1.6 1.6 1.6 1.6 1.6 1.6 1.6 1.6 1.6 1.6 1.6 1.6 1.6 1.6 1.6 
[RD,TRYLFDSL,E5TRYLF,*,*]:
2018 2019 2020 2021 2022 2023 2024 2025 2026 2027 2028 2029 2030 2031 2032 2033 2034 2035 2036 2037 2038 2039 2040 2041 2042 2043 2044 2045 2046 2047 2048 2049 2050 :=
1 1.0 1.0 1.0 1.0 1.0 1.0 1.0 1.0 1.0 1.0 1.0 1.0 1.0 1.0 1.0 1.0 1.0 1.0 1.0 1.0 1.0 1.0 1.0 1.0 1.0 1.0 1.0 1.0 1.0 1.0 1.0 1.0 1.0 
[RD,T5DSLTOT,E5TOTDSL,*,*]:
2018 2019 2020 2021 2022 2023 2024 2025 2026 2027 2028 2029 2030 2031 2032 2033 2034 2035 2036 2037 2038 2039 2040 2041 2042 2043 2044 2045 2046 2047 2048 2049 2050 :=
1 1.0 1.0 1.0 1.0 1.0 1.0 1.0 1.0 1.0 1.0 1.0 1.0 1.0 1.0 1.0 1.0 1.0 1.0 1.0 1.0 1.0 1.0 1.0 1.0 1.0 1.0 1.0 1.0 1.0 1.0 1.0 1.0 1.0 
[RD,EXTT_CRU,E1CRU,*,*]:
2018 2019 2020 2021 2022 2023 2024 2025 2026 2027 2028 2029 2030 2031 2032 2033 2034 2035 2036 2037 2038 2039 2040 2041 2042 2043 2044 2045 2046 2047 2048 2049 2050 :=
1 1.0 1.0 1.0 1.0 1.0 1.0 1.0 1.0 1.0 1.0 1.0 1.0 1.0 1.0 1.0 1.0 1.0 1.0 1.0 1.0 1.0 1.0 1.0 1.0 1.0 1.0 1.0 1.0 1.0 1.0 1.0 1.0 1.0 
[RD,T5GSLIND,E5INDGSL,*,*]:
2018 2019 2020 2021 2022 2023 2024 2025 2026 2027 2028 2029 2030 2031 2032 2033 2034 2035 2036 2037 2038 2039 2040 2041 2042 2043 2044 2045 2046 2047 2048 2049 2050 :=
1 1.0 1.0 1.0 1.0 1.0 1.0 1.0 1.0 1.0 1.0 1.0 1.0 1.0 1.0 1.0 1.0 1.0 1.0 1.0 1.0 1.0 1.0 1.0 1.0 1.0 1.0 1.0 1.0 1.0 1.0 1.0 1.0 1.0 
[RD,T4GSL_PUB,E4GSL_PUB,*,*]:
2018 2019 2020 2021 2022 2023 2024 2025 2026 2027 2028 2029 2030 2031 2032 2033 2034 2035 2036 2037 2038 2039 2040 2041 2042 2043 2044 2045 2046 2047 2048 2049 2050 :=
1 1.0 1.0 1.0 1.0 1.0 1.0 1.0 1.0 1.0 1.0 1.0 1.0 1.0 1.0 1.0 1.0 1.0 1.0 1.0 1.0 1.0 1.0 1.0 1.0 1.0 1.0 1.0 1.0 1.0 1.0 1.0 1.0 1.0 
[RD,TRMBSELE,E5TRMBS,*,*]:
2018 2019 2020 2021 2022 2023 2024 2025 2026 2027 2028 2029 2030 2031 2032 2033 2034 2035 2036 2037 2038 2039 2040 2041 2042 2043 2044 2045 2046 2047 2048 2049 2050 :=
1 1.0 1.0 1.0 1.0 1.0 1.0 1.0 1.0 1.0 1.0 1.0 1.0 1.0 1.0 1.0 1.0 1.0 1.0 1.0 1.0 1.0 1.0 1.0 1.0 1.0 1.0 1.0 1.0 1.0 1.0 1.0 1.0 1.0 
[RD,DIST_LPG,E1LPG,*,*]:
2018 2019 2020 2021 2022 2023 2024 2025 2026 2027 2028 2029 2030 2031 2032 2033 2034 2035 2036 2037 2038 2039 2040 2041 2042 2043 2044 2045 2046 2047 2048 2049 2050 :=
1 1.0 1.0 1.0 1.0 1.0 1.0 1.0 1.0 1.0 1.0 1.0 1.0 1.0 1.0 1.0 1.0 1.0 1.0 1.0 1.0 1.0 1.0 1.0 1.0 1.0 1.0 1.0 1.0 1.0 1.0 1.0 1.0 1.0 
[RD,DIST_COK,E1COK,*,*]:
2018 2019 2020 2021 2022 2023 2024 2025 2026 2027 2028 2029 2030 2031 2032 2033 2034 2035 2036 2037 2038 2039 2040 2041 2042 2043 2044 2045 2046 2047 2048 2049 2050 :=
1 1.0 1.0 1.0 1.0 1.0 1.0 1.0 1.0 1.0 1.0 1.0 1.0 1.0 1.0 1.0 1.0 1.0 1.0 1.0 1.0 1.0 1.0 1.0 1.0 1.0 1.0 1.0 1.0 1.0 1.0 1.0 1.0 1.0 
[RD,PPDBIM,E1ELE,*,*]:
2018 2019 2020 2021 2022 2023 2024 2025 2026 2027 2028 2029 2030 2031 2032 2033 2034 2035 2036 2037 2038 2039 2040 2041 2042 2043 2044 2045 2046 2047 2048 2049 2050 :=
1 1.0 1.0 1.0 1.0 1.0 1.0 1.0 1.0 1.0 1.0 1.0 1.0 1.0 1.0 1.0 1.0 1.0 1.0 1.0 1.0 1.0 1.0 1.0 1.0 1.0 1.0 1.0 1.0 1.0 1.0 1.0 1.0 1.0 
[RD,REF_GSL,E1GSL,*,*]:
2018 2019 2020 2021 2022 2023 2024 2025 2026 2027 2028 2029 2030 2031 2032 2033 2034 2035 2036 2037 2038 2039 2040 2041 2042 2043 2044 2045 2046 2047 2048 2049 2050 :=
1 1.0 1.0 1.0 1.0 1.0 1.0 1.0 1.0 1.0 1.0 1.0 1.0 1.0 1.0 1.0 1.0 1.0 1.0 1.0 1.0 1.0 1.0 1.0 1.0 1.0 1.0 1.0 1.0 1.0 1.0 1.0 1.0 1.0 
[RD,T5ELETOT,E5TOTELE,*,*]:
2018 2019 2020 2021 2022 2023 2024 2025 2026 2027 2028 2029 2030 2031 2032 2033 2034 2035 2036 2037 2038 2039 2040 2041 2042 2043 2044 2045 2046 2047 2048 2049 2050 :=
1 1.0 1.0 1.0 1.0 1.0 1.0 1.0 1.0 1.0 1.0 1.0 1.0 1.0 1.0 1.0 1.0 1.0 1.0 1.0 1.0 1.0 1.0 1.0 1.0 1.0 1.0 1.0 1.0 1.0 1.0 1.0 1.0 1.0 
[RD,T4DSL_PRI,E4DSL_PRI,*,*]:
2018 2019 2020 2021 2022 2023 2024 2025 2026 2027 2028 2029 2030 2031 2032 2033 2034 2035 2036 2037 2038 2039 2040 2041 2042 2043 2044 2045 2046 2047 2048 2049 2050 :=
1 1.0 1.0 1.0 1.0 1.0 1.0 1.0 1.0 1.0 1.0 1.0 1.0 1.0 1.0 1.0 1.0 1.0 1.0 1.0 1.0 1.0 1.0 1.0 1.0 1.0 1.0 1.0 1.0 1.0 1.0 1.0 1.0 1.0 
[RD,TRYTKHD,E5TRYTK,*,*]:
2018 2019 2020 2021 2022 2023 2024 2025 2026 2027 2028 2029 2030 2031 2032 2033 2034 2035 2036 2037 2038 2039 2040 2041 2042 2043 2044 2045 2046 2047 2048 2049 2050 :=
1 1.0 1.0 1.0 1.0 1.0 1.0 1.0 1.0 1.0 1.0 1.0 1.0 1.0 1.0 1.0 1.0 1.0 1.0 1.0 1.0 1.0 1.0 1.0 1.0 1.0 1.0 1.0 1.0 1.0 1.0 1.0 1.0 1.0 
[RD,PPDGLP,E1ELE,*,*]:
2018 2019 2020 2021 2022 2023 2024 2025 2026 2027 2028 2029 2030 2031 2032 2033 2034 2035 2036 2037 2038 2039 2040 2041 2042 2043 2044 2045 2046 2047 2048 2049 2050 :=
1 1.0 1.0 1.0 1.0 1.0 1.0 1.0 1.0 1.0 1.0 1.0 1.0 1.0 1.0 1.0 1.0 1.0 1.0 1.0 1.0 1.0 1.0 1.0 1.0 1.0 1.0 1.0 1.0 1.0 1.0 1.0 1.0 1.0 
[RD,DIST_KER,E1KER,*,*]:
2018 2019 2020 2021 2022 2023 2024 2025 2026 2027 2028 2029 2030 2031 2032 2033 2034 2035 2036 2037 2038 2039 2040 2041 2042 2043 2044 2045 2046 2047 2048 2049 2050 :=
1 1.0 1.0 1.0 1.0 1.0 1.0 1.0 1.0 1.0 1.0 1.0 1.0 1.0 1.0 1.0 1.0 1.0 1.0 1.0 1.0 1.0 1.0 1.0 1.0 1.0 1.0 1.0 1.0 1.0 1.0 1.0 1.0 1.0 
[RD,T5LPGAGR,E5AGRLPG,*,*]:
2018 2019 2020 2021 2022 2023 2024 2025 2026 2027 2028 2029 2030 2031 2032 2033 2034 2035 2036 2037 2038 2039 2040 2041 2042 2043 2044 2045 2046 2047 2048 2049 2050 :=
1 1.0 1.0 1.0 1.0 1.0 1.0 1.0 1.0 1.0 1.0 1.0 1.0 1.0 1.0 1.0 1.0 1.0 1.0 1.0 1.0 1.0 1.0 1.0 1.0 1.0 1.0 1.0 1.0 1.0 1.0 1.0 1.0 1.0 
[RD,T5BIMEXP,E5EXPBIM,*,*]:
2018 2019 2020 2021 2022 2023 2024 2025 2026 2027 2028 2029 2030 2031 2032 2033 2034 2035 2036 2037 2038 2039 2040 2041 2042 2043 2044 2045 2046 2047 2048 2049 2050 :=
1 1.0 1.0 1.0 1.0 1.0 1.0 1.0 1.0 1.0 1.0 1.0 1.0 1.0 1.0 1.0 1.0 1.0 1.0 1.0 1.0 1.0 1.0 1.0 1.0 1.0 1.0 1.0 1.0 1.0 1.0 1.0 1.0 1.0 
[RD,PPDBGS,E1ELE,*,*]:
2018 2019 2020 2021 2022 2023 2024 2025 2026 2027 2028 2029 2030 2031 2032 2033 2034 2035 2036 2037 2038 2039 2040 2041 2042 2043 2044 2045 2046 2047 2048 2049 2050 :=
1 1.0 1.0 1.0 1.0 1.0 1.0 1.0 1.0 1.0 1.0 1.0 1.0 1.0 1.0 1.0 1.0 1.0 1.0 1.0 1.0 1.0 1.0 1.0 1.0 1.0 1.0 1.0 1.0 1.0 1.0 1.0 1.0 1.0 
[RD,T5GSLTOT,E5TOTGSL,*,*]:
2018 2019 2020 2021 2022 2023 2024 2025 2026 2027 2028 2029 2030 2031 2032 2033 2034 2035 2036 2037 2038 2039 2040 2041 2042 2043 2044 2045 2046 2047 2048 2049 2050 :=
1 1.0 1.0 1.0 1.0 1.0 1.0 1.0 1.0 1.0 1.0 1.0 1.0 1.0 1.0 1.0 1.0 1.0 1.0 1.0 1.0 1.0 1.0 1.0 1.0 1.0 1.0 1.0 1.0 1.0 1.0 1.0 1.0 1.0 
[RD,TRTAXELE,E5TRTAX,*,*]:
2018 2019 2020 2021 2022 2023 2024 2025 2026 2027 2028 2029 2030 2031 2032 2033 2034 2035 2036 2037 2038 2039 2040 2041 2042 2043 2044 2045 2046 2047 2048 2049 2050 :=
1 1.0 1.0 1.0 1.0 1.0 1.0 1.0 1.0 1.0 1.0 1.0 1.0 1.0 1.0 1.0 1.0 1.0 1.0 1.0 1.0 1.0 1.0 1.0 1.0 1.0 1.0 1.0 1.0 1.0 1.0 1.0 1.0 1.0 
[RD,TRYTKELE,E5TRYTK,*,*]:
2018 2019 2020 2021 2022 2023 2024 2025 2026 2027 2028 2029 2030 2031 2032 2033 2034 2035 2036 2037 2038 2039 2040 2041 2042 2043 2044 2045 2046 2047 2048 2049 2050 :=
1 1.0 1.0 1.0 1.0 1.0 1.0 1.0 1.0 1.0 1.0 1.0 1.0 1.0 1.0 1.0 1.0 1.0 1.0 1.0 1.0 1.0 1.0 1.0 1.0 1.0 1.0 1.0 1.0 1.0 1.0 1.0 1.0 1.0 
[RD,TRSUVGSL,E5TRSUV,*,*]:
2018 2019 2020 2021 2022 2023 2024 2025 2026 2027 2028 2029 2030 2031 2032 2033 2034 2035 2036 2037 2038 2039 2040 2041 2042 2043 2044 2045 2046 2047 2048 2049 2050 :=
1 1.0 1.0 1.0 1.0 1.0 1.0 1.0 1.0 1.0 1.0 1.0 1.0 1.0 1.0 1.0 1.0 1.0 1.0 1.0 1.0 1.0 1.0 1.0 1.0 1.0 1.0 1.0 1.0 1.0 1.0 1.0 1.0 1.0 
[RD,T4HYD_HEA,E4HYD_HEA,*,*]:
2018 2019 2020 2021 2022 2023 2024 2025 2026 2027 2028 2029 2030 2031 2032 2033 2034 2035 2036 2037 2038 2039 2040 2041 2042 2043 2044 2045 2046 2047 2048 2049 2050 :=
1 1.0 1.0 1.0 1.0 1.0 1.0 1.0 1.0 1.0 1.0 1.0 1.0 1.0 1.0 1.0 1.0 1.0 1.0 1.0 1.0 1.0 1.0 1.0 1.0 1.0 1.0 1.0 1.0 1.0 1.0 1.0 1.0 1.0 
[RD,Techs_Buses_Pub,E6TDPASPUB,*,*]:
2018 2019 2020 2021 2022 2023 2024 2025 2026 2027 2028 2029 2030 2031 2032 2033 2034 2035 2036 2037 2038 2039 2040 2041 2042 2043 2044 2045 2046 2047 2048 2049 2050 :=
1 14.3 14.3 14.3 14.3 14.3 14.3 14.3 14.3 14.3 14.3 14.3 14.3 14.3 14.3 14.3 14.3 14.3 14.3 14.3 14.3 14.3 14.3 14.3 14.3 14.3 14.3 14.3 14.3 14.3 14.3 14.3 14.3 14.3 
[RD,T5DSLCOM,E5COMDSL,*,*]:
2018 2019 2020 2021 2022 2023 2024 2025 2026 2027 2028 2029 2030 2031 2032 2033 2034 2035 2036 2037 2038 2039 2040 2041 2042 2043 2044 2045 2046 2047 2048 2049 2050 :=
1 1.0 1.0 1.0 1.0 1.0 1.0 1.0 1.0 1.0 1.0 1.0 1.0 1.0 1.0 1.0 1.0 1.0 1.0 1.0 1.0 1.0 1.0 1.0 1.0 1.0 1.0 1.0 1.0 1.0 1.0 1.0 1.0 1.0 
[RD,T5NGSCOM,E5COMNGS,*,*]:
2018 2019 2020 2021 2022 2023 2024 2025 2026 2027 2028 2029 2030 2031 2032 2033 2034 2035 2036 2037 2038 2039 2040 2041 2042 2043 2044 2045 2046 2047 2048 2049 2050 :=
1 1.0 1.0 1.0 1.0 1.0 1.0 1.0 1.0 1.0 1.0 1.0 1.0 1.0 1.0 1.0 1.0 1.0 1.0 1.0 1.0 1.0 1.0 1.0 1.0 1.0 1.0 1.0 1.0 1.0 1.0 1.0 1.0 1.0 
[RD,TRSUVELE,E5TRSUV,*,*]:
2018 2019 2020 2021 2022 2023 2024 2025 2026 2027 2028 2029 2030 2031 2032 2033 2034 2035 2036 2037 2038 2039 2040 2041 2042 2043 2044 2045 2046 2047 2048 2049 2050 :=
1 1.0 1.0 1.0 1.0 1.0 1.0 1.0 1.0 1.0 1.0 1.0 1.0 1.0 1.0 1.0 1.0 1.0 1.0 1.0 1.0 1.0 1.0 1.0 1.0 1.0 1.0 1.0 1.0 1.0 1.0 1.0 1.0 1.0 
[RD,TRSUVDSL,E5TRSUV,*,*]:
2018 2019 2020 2021 2022 2023 2024 2025 2026 2027 2028 2029 2030 2031 2032 2033 2034 2035 2036 2037 2038 2039 2040 2041 2042 2043 2044 2045 2046 2047 2048 2049 2050 :=
1 1.0 1.0 1.0 1.0 1.0 1.0 1.0 1.0 1.0 1.0 1.0 1.0 1.0 1.0 1.0 1.0 1.0 1.0 1.0 1.0 1.0 1.0 1.0 1.0 1.0 1.0 1.0 1.0 1.0 1.0 1.0 1.0 1.0 
[RD,DIST_CRU,E1CRU,*,*]:
2018 2019 2020 2021 2022 2023 2024 2025 2026 2027 2028 2029 2030 2031 2032 2033 2034 2035 2036 2037 2038 2039 2040 2041 2042 2043 2044 2045 2046 2047 2048 2049 2050 :=
1 1.0 1.0 1.0 1.0 1.0 1.0 1.0 1.0 1.0 1.0 1.0 1.0 1.0 1.0 1.0 1.0 1.0 1.0 1.0 1.0 1.0 1.0 1.0 1.0 1.0 1.0 1.0 1.0 1.0 1.0 1.0 1.0 1.0 
[RD,TRSUVLPG,E5TRSUV,*,*]:
2018 2019 2020 2021 2022 2023 2024 2025 2026 2027 2028 2029 2030 2031 2032 2033 2034 2035 2036 2037 2038 2039 2040 2041 2042 2043 2044 2045 2046 2047 2048 2049 2050 :=
1 1.0 1.0 1.0 1.0 1.0 1.0 1.0 1.0 1.0 1.0 1.0 1.0 1.0 1.0 1.0 1.0 1.0 1.0 1.0 1.0 1.0 1.0 1.0 1.0 1.0 1.0 1.0 1.0 1.0 1.0 1.0 1.0 1.0 
[RD,TRBPUGSL,E5TRBPU,*,*]:
2018 2019 2020 2021 2022 2023 2024 2025 2026 2027 2028 2029 2030 2031 2032 2033 2034 2035 2036 2037 2038 2039 2040 2041 2042 2043 2044 2045 2046 2047 2048 2049 2050 :=
1 1.0 1.0 1.0 1.0 1.0 1.0 1.0 1.0 1.0 1.0 1.0 1.0 1.0 1.0 1.0 1.0 1.0 1.0 1.0 1.0 1.0 1.0 1.0 1.0 1.0 1.0 1.0 1.0 1.0 1.0 1.0 1.0 1.0 
[RD,PPCCFOIDSL,E1ELE,*,*]:
2018 2019 2020 2021 2022 2023 2024 2025 2026 2027 2028 2029 2030 2031 2032 2033 2034 2035 2036 2037 2038 2039 2040 2041 2042 2043 2044 2045 2046 2047 2048 2049 2050 :=
1 1.0 1.0 1.0 1.0 1.0 1.0 1.0 1.0 1.0 1.0 1.0 1.0 1.0 1.0 1.0 1.0 1.0 1.0 1.0 1.0 1.0 1.0 1.0 1.0 1.0 1.0 1.0 1.0 1.0 1.0 1.0 1.0 1.0 
[RD,T5LPGRES,E5RESLPG,*,*]:
2018 2019 2020 2021 2022 2023 2024 2025 2026 2027 2028 2029 2030 2031 2032 2033 2034 2035 2036 2037 2038 2039 2040 2041 2042 2043 2044 2045 2046 2047 2048 2049 2050 :=
1 1.0 1.0 1.0 1.0 1.0 1.0 1.0 1.0 1.0 1.0 1.0 1.0 1.0 1.0 1.0 1.0 1.0 1.0 1.0 1.0 1.0 1.0 1.0 1.0 1.0 1.0 1.0 1.0 1.0 1.0 1.0 1.0 1.0 
[RD,T4LPG_HEA,E4LPG_HEA,*,*]:
2018 2019 2020 2021 2022 2023 2024 2025 2026 2027 2028 2029 2030 2031 2032 2033 2034 2035 2036 2037 2038 2039 2040 2041 2042 2043 2044 2045 2046 2047 2048 2049 2050 :=
1 1.0 1.0 1.0 1.0 1.0 1.0 1.0 1.0 1.0 1.0 1.0 1.0 1.0 1.0 1.0 1.0 1.0 1.0 1.0 1.0 1.0 1.0 1.0 1.0 1.0 1.0 1.0 1.0 1.0 1.0 1.0 1.0 1.0 
[RD,Techs_Trains,E6TDPASPUB,*,*]:
2018 2019 2020 2021 2022 2023 2024 2025 2026 2027 2028 2029 2030 2031 2032 2033 2034 2035 2036 2037 2038 2039 2040 2041 2042 2043 2044 2045 2046 2047 2048 2049 2050 :=
1 1.0 1.0 1.0 1.0 1.0 1.0 1.0 1.0 1.0 1.0 1.0 1.0 1.0 1.0 1.0 1.0 1.0 1.0 1.0 1.0 1.0 1.0 1.0 1.0 1.0 1.0 1.0 1.0 1.0 1.0 1.0 1.0 1.0 
[RD,DIST_FOI,E1FOI,*,*]:
2018 2019 2020 2021 2022 2023 2024 2025 2026 2027 2028 2029 2030 2031 2032 2033 2034 2035 2036 2037 2038 2039 2040 2041 2042 2043 2044 2045 2046 2047 2048 2049 2050 :=
1 1.0 1.0 1.0 1.0 1.0 1.0 1.0 1.0 1.0 1.0 1.0 1.0 1.0 1.0 1.0 1.0 1.0 1.0 1.0 1.0 1.0 1.0 1.0 1.0 1.0 1.0 1.0 1.0 1.0 1.0 1.0 1.0 1.0 
[RD,IMP_ELE,E1ELE,*,*]:
2018 2019 2020 2021 2022 2023 2024 2025 2026 2027 2028 2029 2030 2031 2032 2033 2034 2035 2036 2037 2038 2039 2040 2041 2042 2043 2044 2045 2046 2047 2048 2049 2050 :=
1 1.04 1.04 1.04 1.04 1.04 1.04 1.04 1.04 1.04 1.04 1.04 1.04 1.04 1.04 1.04 1.04 1.04 1.04 1.04 1.04 1.04 1.04 1.04 1.04 1.04 1.04 1.04 1.04 1.04 1.04 1.04 1.04 1.04 
[RD,TRYTKLPG,E5TRYTK,*,*]:
2018 2019 2020 2021 2022 2023 2024 2025 2026 2027 2028 2029 2030 2031 2032 2033 2034 2035 2036 2037 2038 2039 2040 2041 2042 2043 2044 2045 2046 2047 2048 2049 2050 :=
1 1.0 1.0 1.0 1.0 1.0 1.0 1.0 1.0 1.0 1.0 1.0 1.0 1.0 1.0 1.0 1.0 1.0 1.0 1.0 1.0 1.0 1.0 1.0 1.0 1.0 1.0 1.0 1.0 1.0 1.0 1.0 1.0 1.0 
[RD,TRBTURLPG,E5TRBTUR,*,*]:
2018 2019 2020 2021 2022 2023 2024 2025 2026 2027 2028 2029 2030 2031 2032 2033 2034 2035 2036 2037 2038 2039 2040 2041 2042 2043 2044 2045 2046 2047 2048 2049 2050 :=
1 1.0 1.0 1.0 1.0 1.0 1.0 1.0 1.0 1.0 1.0 1.0 1.0 1.0 1.0 1.0 1.0 1.0 1.0 1.0 1.0 1.0 1.0 1.0 1.0 1.0 1.0 1.0 1.0 1.0 1.0 1.0 1.0 1.0 
[RD,PPDHYD,E3ELE,*,*]:
2018 2019 2020 2021 2022 2023 2024 2025 2026 2027 2028 2029 2030 2031 2032 2033 2034 2035 2036 2037 2038 2039 2040 2041 2042 2043 2044 2045 2046 2047 2048 2049 2050 :=
1 1.0 1.0 1.0 1.0 1.0 1.0 1.0 1.0 1.0 1.0 1.0 1.0 1.0 1.0 1.0 1.0 1.0 1.0 1.0 1.0 1.0 1.0 1.0 1.0 1.0 1.0 1.0 1.0 1.0 1.0 1.0 1.0 1.0 
[RD,TRBPUELE,E5TRBPU,*,*]:
2018 2019 2020 2021 2022 2023 2024 2025 2026 2027 2028 2029 2030 2031 2032 2033 2034 2035 2036 2037 2038 2039 2040 2041 2042 2043 2044 2045 2046 2047 2048 2049 2050 :=
1 1.0 1.0 1.0 1.0 1.0 1.0 1.0 1.0 1.0 1.0 1.0 1.0 1.0 1.0 1.0 1.0 1.0 1.0 1.0 1.0 1.0 1.0 1.0 1.0 1.0 1.0 1.0 1.0 1.0 1.0 1.0 1.0 1.0 
[RD,TRBTURHYD,E5TRBTUR,*,*]:
2018 2019 2020 2021 2022 2023 2024 2025 2026 2027 2028 2029 2030 2031 2032 2033 2034 2035 2036 2037 2038 2039 2040 2041 2042 2043 2044 2045 2046 2047 2048 2049 2050 :=
1 1.0 1.0 1.0 1.0 1.0 1.0 1.0 1.0 1.0 1.0 1.0 1.0 1.0 1.0 1.0 1.0 1.0 1.0 1.0 1.0 1.0 1.0 1.0 1.0 1.0 1.0 1.0 1.0 1.0 1.0 1.0 1.0 1.0 
[RD,T4DSL_TUR,E4DSL_TUR,*,*]:
2018 2019 2020 2021 2022 2023 2024 2025 2026 2027 2028 2029 2030 2031 2032 2033 2034 2035 2036 2037 2038 2039 2040 2041 2042 2043 2044 2045 2046 2047 2048 2049 2050 :=
1 1.0 1.0 1.0 1.0 1.0 1.0 1.0 1.0 1.0 1.0 1.0 1.0 1.0 1.0 1.0 1.0 1.0 1.0 1.0 1.0 1.0 1.0 1.0 1.0 1.0 1.0 1.0 1.0 1.0 1.0 1.0 1.0 1.0 
[RD,TRMBSDSL,E5TRMBS,*,*]:
2018 2019 2020 2021 2022 2023 2024 2025 2026 2027 2028 2029 2030 2031 2032 2033 2034 2035 2036 2037 2038 2039 2040 2041 2042 2043 2044 2045 2046 2047 2048 2049 2050 :=
1 1.0 1.0 1.0 1.0 1.0 1.0 1.0 1.0 1.0 1.0 1.0 1.0 1.0 1.0 1.0 1.0 1.0 1.0 1.0 1.0 1.0 1.0 1.0 1.0 1.0 1.0 1.0 1.0 1.0 1.0 1.0 1.0 1.0 
[RD,T4DSL_PUB,E4DSL_PUB,*,*]:
2018 2019 2020 2021 2022 2023 2024 2025 2026 2027 2028 2029 2030 2031 2032 2033 2034 2035 2036 2037 2038 2039 2040 2041 2042 2043 2044 2045 2046 2047 2048 2049 2050 :=
1 1.0 1.0 1.0 1.0 1.0 1.0 1.0 1.0 1.0 1.0 1.0 1.0 1.0 1.0 1.0 1.0 1.0 1.0 1.0 1.0 1.0 1.0 1.0 1.0 1.0 1.0 1.0 1.0 1.0 1.0 1.0 1.0 1.0 
[RD,T4GSL_TUR,E4GSL_TUR,*,*]:
2018 2019 2020 2021 2022 2023 2024 2025 2026 2027 2028 2029 2030 2031 2032 2033 2034 2035 2036 2037 2038 2039 2040 2041 2042 2043 2044 2045 2046 2047 2048 2049 2050 :=
1 1.0 1.0 1.0 1.0 1.0 1.0 1.0 1.0 1.0 1.0 1.0 1.0 1.0 1.0 1.0 1.0 1.0 1.0 1.0 1.0 1.0 1.0 1.0 1.0 1.0 1.0 1.0 1.0 1.0 1.0 1.0 1.0 1.0 
[RD,TRTAXLPG,E5TRTAX,*,*]:
2018 2019 2020 2021 2022 2023 2024 2025 2026 2027 2028 2029 2030 2031 2032 2033 2034 2035 2036 2037 2038 2039 2040 2041 2042 2043 2044 2045 2046 2047 2048 2049 2050 :=
1 1.0 1.0 1.0 1.0 1.0 1.0 1.0 1.0 1.0 1.0 1.0 1.0 1.0 1.0 1.0 1.0 1.0 1.0 1.0 1.0 1.0 1.0 1.0 1.0 1.0 1.0 1.0 1.0 1.0 1.0 1.0 1.0 1.0 
[RD,T4GSL_HEA,E4GSL_HEA,*,*]:
2018 2019 2020 2021 2022 2023 2024 2025 2026 2027 2028 2029 2030 2031 2032 2033 2034 2035 2036 2037 2038 2039 2040 2041 2042 2043 2044 2045 2046 2047 2048 2049 2050 :=
1 1.0 1.0 1.0 1.0 1.0 1.0 1.0 1.0 1.0 1.0 1.0 1.0 1.0 1.0 1.0 1.0 1.0 1.0 1.0 1.0 1.0 1.0 1.0 1.0 1.0 1.0 1.0 1.0 1.0 1.0 1.0 1.0 1.0 
[RD,T4LPG_TUR,E4LPG_TUR,*,*]:
2018 2019 2020 2021 2022 2023 2024 2025 2026 2027 2028 2029 2030 2031 2032 2033 2034 2035 2036 2037 2038 2039 2040 2041 2042 2043 2044 2045 2046 2047 2048 2049 2050 :=
1 1.0 1.0 1.0 1.0 1.0 1.0 1.0 1.0 1.0 1.0 1.0 1.0 1.0 1.0 1.0 1.0 1.0 1.0 1.0 1.0 1.0 1.0 1.0 1.0 1.0 1.0 1.0 1.0 1.0 1.0 1.0 1.0 1.0 
[RD,T5BIMIND,E5INDBIM,*,*]:
2018 2019 2020 2021 2022 2023 2024 2025 2026 2027 2028 2029 2030 2031 2032 2033 2034 2035 2036 2037 2038 2039 2040 2041 2042 2043 2044 2045 2046 2047 2048 2049 2050 :=
1 1.0 1.0 1.0 1.0 1.0 1.0 1.0 1.0 1.0 1.0 1.0 1.0 1.0 1.0 1.0 1.0 1.0 1.0 1.0 1.0 1.0 1.0 1.0 1.0 1.0 1.0 1.0 1.0 1.0 1.0 1.0 1.0 1.0 
[RD,DIST_GSL,E1GSL,*,*]:
2018 2019 2020 2021 2022 2023 2024 2025 2026 2027 2028 2029 2030 2031 2032 2033 2034 2035 2036 2037 2038 2039 2040 2041 2042 2043 2044 2045 2046 2047 2048 2049 2050 :=
1 1.0 1.0 1.0 1.0 1.0 1.0 1.0 1.0 1.0 1.0 1.0 1.0 1.0 1.0 1.0 1.0 1.0 1.0 1.0 1.0 1.0 1.0 1.0 1.0 1.0 1.0 1.0 1.0 1.0 1.0 1.0 1.0 1.0 
[RD,PPHDAM,E1ELE,*,*]:
2018 2019 2020 2021 2022 2023 2024 2025 2026 2027 2028 2029 2030 2031 2032 2033 2034 2035 2036 2037 2038 2039 2040 2041 2042 2043 2044 2045 2046 2047 2048 2049 2050 :=
1 1.0 1.0 1.0 1.0 1.0 1.0 1.0 1.0 1.0 1.0 1.0 1.0 1.0 1.0 1.0 1.0 1.0 1.0 1.0 1.0 1.0 1.0 1.0 1.0 1.0 1.0 1.0 1.0 1.0 1.0 1.0 1.0 1.0 
[RD,TRYLFLPG,E5TRYLF,*,*]:
2018 2019 2020 2021 2022 2023 2024 2025 2026 2027 2028 2029 2030 2031 2032 2033 2034 2035 2036 2037 2038 2039 2040 2041 2042 2043 2044 2045 2046 2047 2048 2049 2050 :=
1 1.0 1.0 1.0 1.0 1.0 1.0 1.0 1.0 1.0 1.0 1.0 1.0 1.0 1.0 1.0 1.0 1.0 1.0 1.0 1.0 1.0 1.0 1.0 1.0 1.0 1.0 1.0 1.0 1.0 1.0 1.0 1.0 1.0 
[RD,T5LPGIND,E5INDLPG,*,*]:
2018 2019 2020 2021 2022 2023 2024 2025 2026 2027 2028 2029 2030 2031 2032 2033 2034 2035 2036 2037 2038 2039 2040 2041 2042 2043 2044 2045 2046 2047 2048 2049 2050 :=
1 1.0 1.0 1.0 1.0 1.0 1.0 1.0 1.0 1.0 1.0 1.0 1.0 1.0 1.0 1.0 1.0 1.0 1.0 1.0 1.0 1.0 1.0 1.0 1.0 1.0 1.0 1.0 1.0 1.0 1.0 1.0 1.0 1.0 
[RD,T5GSLCON,E5CONGSL,*,*]:
2018 2019 2020 2021 2022 2023 2024 2025 2026 2027 2028 2029 2030 2031 2032 2033 2034 2035 2036 2037 2038 2039 2040 2041 2042 2043 2044 2045 2046 2047 2048 2049 2050 :=
1 1.0 1.0 1.0 1.0 1.0 1.0 1.0 1.0 1.0 1.0 1.0 1.0 1.0 1.0 1.0 1.0 1.0 1.0 1.0 1.0 1.0 1.0 1.0 1.0 1.0 1.0 1.0 1.0 1.0 1.0 1.0 1.0 1.0 
[RD,T5ELERES,E5RESELE,*,*]:
2018 2019 2020 2021 2022 2023 2024 2025 2026 2027 2028 2029 2030 2031 2032 2033 2034 2035 2036 2037 2038 2039 2040 2041 2042 2043 2044 2045 2046 2047 2048 2049 2050 :=
1 1.0 1.0 1.0 1.0 1.0 1.0 1.0 1.0 1.0 1.0 1.0 1.0 1.0 1.0 1.0 1.0 1.0 1.0 1.0 1.0 1.0 1.0 1.0 1.0 1.0 1.0 1.0 1.0 1.0 1.0 1.0 1.0 1.0 
[RD,T4ELE_HEA,E4ELE_HEA,*,*]:
2018 2019 2020 2021 2022 2023 2024 2025 2026 2027 2028 2029 2030 2031 2032 2033 2034 2035 2036 2037 2038 2039 2040 2041 2042 2043 2044 2045 2046 2047 2048 2049 2050 :=
1 1.0 1.0 1.0 1.0 1.0 1.0 1.0 1.0 1.0 1.0 1.0 1.0 1.0 1.0 1.0 1.0 1.0 1.0 1.0 1.0 1.0 1.0 1.0 1.0 1.0 1.0 1.0 1.0 1.0 1.0 1.0 1.0 1.0 
[RD,T5LPGCOM,E5COMLPG,*,*]:
2018 2019 2020 2021 2022 2023 2024 2025 2026 2027 2028 2029 2030 2031 2032 2033 2034 2035 2036 2037 2038 2039 2040 2041 2042 2043 2044 2045 2046 2047 2048 2049 2050 :=
1 1.0 1.0 1.0 1.0 1.0 1.0 1.0 1.0 1.0 1.0 1.0 1.0 1.0 1.0 1.0 1.0 1.0 1.0 1.0 1.0 1.0 1.0 1.0 1.0 1.0 1.0 1.0 1.0 1.0 1.0 1.0 1.0 1.0 
;

param ResidualCapacity default 0 :=
[RD,*,*]:
2018 2019 2020 2021 2022 2023 2024 2025 2026 2027 2028 2029 2030 2031 2032 2033 2034 2035 2036 2037 2038 2039 2040 2041 2042 2043 2044 2045 2046 2047 2048 2049 2050 :=
PPHDAM 0.6157 0.6157 0.6157 0.6157 0.6157 0.6157 0.6157 0.6157 0.6157 0.6157 0.6157 0.6157 0.6157 0.6157 0.6157 0.6157 0.6157 0.6157 0.6157 0.6157 0.6157 0.6157 0.6157 0.6157 0.6157 0.6157 0.6157 0.6157 0.6157 0.6157 0.6157 0.6157 0.6157 
PPHROR 0.0 0.0 0.0 0.0 0.0 0.0 0.0 0.0 0.0 0.0 0.0 0.0 0.0 0.0 0.0 0.0 0.0 0.0 0.0 0.0 0.0 0.0 0.0 0.0 0.0 0.0 0.0 0.0 0.0 0.0 0.0 0.0 0.0 
PPGEO 0.0 0.0 0.0 0.0 0.0 0.0 0.0 0.0 0.0 0.0 0.0 0.0 0.0 0.0 0.0 0.0 0.0 0.0 0.0 0.0 0.0 0.0 0.0 0.0 0.0 0.0 0.0 0.0 0.0 0.0 0.0 0.0 0.0 
PPWNDON 0.1832 0.1832 0.1832 0.1832 0.1832 0.1832 0.1832 0.1832 0.1832 0.1832 0.1832 0.1832 0.1832 0.1832 0.1832 0.1832 0.1832 0.1832 0.1832 0.1832 0.1832 0.1832 0.1832 0.1832 0.1832 0.1832 0.1832 0.1832 0.1832 0.1832 0.1832 0.1832 0.1832 
PPPVT 0.088 0.088 0.088 0.088 0.088 0.088 0.088 0.088 0.088 0.088 0.088 0.088 0.088 0.088 0.088 0.088 0.088 0.088 0.088 0.088 0.088 0.088 0.088 0.088 0.088 0.088 0.088 0.088 0.088 0.088 0.088 0.088 0.088 
PPPVTHYD 0.0 0.0 0.0 0.0 0.0 0.0 0.0 0.0 0.0 0.0 0.0 0.0 0.0 0.0 0.0 0.0 0.0 0.0 0.0 0.0 0.0 0.0 0.0 0.0 0.0 0.0 0.0 0.0 0.0 0.0 0.0 0.0 0.0 
PPPVTS 0.0 0.0 0.0 0.0 0.0 0.0 0.0 0.0 0.0 0.0 0.0 0.0 0.0 0.0 0.0 0.0 0.0 0.0 0.0 0.0 0.0 0.0 0.0 0.0 0.0 0.0 0.0 0.0 0.0 0.0 0.0 0.0 0.0 
PPPVD 0.093 0.093 0.093 0.093 0.093 0.093 0.093 0.093 0.093 0.093 0.093 0.093 0.093 0.093 0.093 0.093 0.093 0.093 0.093 0.093 0.093 0.093 0.093 0.093 0.093 0.093 0.093 0.093 0.093 0.093 0.093 0.093 0.093 
PPWNDOFF 0.0 0.0 0.0 0.0 0.0 0.0 0.0 0.0 0.0 0.0 0.0 0.0 0.0 0.0 0.0 0.0 0.0 0.0 0.0 0.0 0.0 0.0 0.0 0.0 0.0 0.0 0.0 0.0 0.0 0.0 0.0 0.0 0.0 
PPDHYD 0.0018 0.0018 0.0018 0.0018 0.0018 0.0018 0.0018 0.0018 0.0018 0.0018 0.0018 0.0018 0.0018 0.0018 0.0018 0.0018 0.0018 0.0018 0.0018 0.0018 0.0018 0.0018 0.0018 0.0018 0.0018 0.0018 0.0018 0.0018 0.0018 0.0018 0.0018 0.0018 0.0018 
PPBIM 0.03 0.03 0.03 0.03 0.03 0.03 0.03 0.03 0.03 0.03 0.03 0.03 0.03 0.03 0.03 0.03 0.03 0.03 0.03 0.03 0.03 0.03 0.03 0.03 0.03 0.03 0.03 0.03 0.03 0.03 0.03 0.03 0.03 
PPBGS 0.0 0.0 0.0 0.0 0.0 0.0 0.0 0.0 0.0 0.0 0.0 0.0 0.0 0.0 0.0 0.0 0.0 0.0 0.0 0.0 0.0 0.0 0.0 0.0 0.0 0.0 0.0 0.0 0.0 0.0 0.0 0.0 0.0 
PPCOA 1.0939 1.0939 1.0939 1.0939 1.0939 1.0939 1.0939 1.0939 1.0939 1.0939 1.0939 1.0939 1.0939 1.0939 1.0939 1.0939 1.0939 1.0939 1.0939 1.0939 1.0939 1.0939 1.0939 1.0939 1.0939 1.0939 1.0939 1.0939 1.0939 1.0939 1.0939 1.0939 1.0939 
PPCCTDSL 0.4019 0.4 0.133 0.133 0.133 0.133 0.133 0.133 0.133 0.133 0.133 0.133 0.133 0.133 0.133 0.133 0.133 0.133 0.133 0.133 0.133 0.133 0.133 0.133 0.133 0.133 0.133 0.133 0.133 0.133 0.133 0.133 0.133 
PPCCFOIDSL 0.185 0.185 0.185 0.0 0.0 0.0 0.0 0.0 0.0 0.0 0.0 0.0 0.0 0.0 0.0 0.0 0.0 0.0 0.0 0.0 0.0 0.0 0.0 0.0 0.0 0.0 0.0 0.0 0.0 0.0 0.0 0.0 0.0 
PPCCTNGS 1.1183 0.9782 0.9782 1.1582 1.1582 1.1582 1.1582 1.1582 1.1582 1.1582 1.1582 1.1582 1.1582 1.1582 1.1582 1.1582 1.1582 1.1582 1.1582 1.1582 1.1582 1.1582 1.1582 1.1582 1.1582 1.1582 1.1582 1.1582 1.1582 1.1582 1.1582 1.1582 1.1582 
PPCCTNGSDSL 0.0 0.0 0.0 0.0 0.0 0.0 0.0 0.0 0.0 0.0 0.0 0.0 0.0 0.0 0.0 0.0 0.0 0.0 0.0 0.0 0.0 0.0 0.0 0.0 0.0 0.0 0.0 0.0 0.0 0.0 0.0 0.0 0.0 
PPICEFOI 1.0927 1.0927 0.6126 0.6126 0.4956 0.4956 0.4956 0.4956 0.4956 0.4956 0.4956 0.4956 0.4956 0.4956 0.4956 0.4956 0.4956 0.4956 0.4956 0.4956 0.4956 0.4956 0.4956 0.4956 0.4956 0.4956 0.4956 0.4956 0.4956 0.4956 0.4956 0.4956 0.4956 
PPICEGASFOI 0.172 0.172 0.172 0.172 0.172 0.172 0.172 0.172 0.172 0.172 0.172 0.172 0.172 0.172 0.172 0.172 0.172 0.172 0.172 0.172 0.172 0.172 0.172 0.172 0.172 0.172 0.172 0.172 0.172 0.172 0.172 0.172 0.172 
PPADSL 0.1211 0.1211 0.1211 0.1211 0.1211 0.1211 0.1211 0.1211 0.1211 0.1211 0.1211 0.1211 0.1211 0.1211 0.1211 0.1211 0.1211 0.1211 0.1211 0.1211 0.1211 0.1211 0.1211 0.1211 0.1211 0.1211 0.1211 0.1211 0.1211 0.1211 0.1211 0.1211 0.1211 
PPAFOI 0.2704 0.2704 0.2704 0.2704 0.2704 0.2704 0.2704 0.2704 0.2704 0.2704 0.2704 0.2704 0.2704 0.2704 0.2704 0.2704 0.2704 0.2704 0.2704 0.2704 0.2704 0.2704 0.2704 0.2704 0.2704 0.2704 0.2704 0.2704 0.2704 0.2704 0.2704 0.2704 0.2704 
PPANGS 0.0194 0.0194 0.0194 0.0194 0.0194 0.0194 0.0194 0.0194 0.0194 0.0194 0.0194 0.0194 0.0194 0.0194 0.0194 0.0194 0.0194 0.0194 0.0194 0.0194 0.0194 0.0194 0.0194 0.0194 0.0194 0.0194 0.0194 0.0194 0.0194 0.0194 0.0194 0.0194 0.0194 
PPDBGS 0.0024 0.0024 0.0024 0.0024 0.0024 0.0024 0.0024 0.0024 0.0024 0.0024 0.0024 0.0024 0.0024 0.0024 0.0024 0.0024 0.0024 0.0024 0.0024 0.0024 0.0024 0.0024 0.0024 0.0024 0.0024 0.0024 0.0024 0.0024 0.0024 0.0024 0.0024 0.0024 0.0024 
PPDDSL 0.5071 0.5071 0.5071 0.5071 0.5071 0.5071 0.5071 0.5071 0.5071 0.5071 0.5071 0.5071 0.5071 0.5071 0.5071 0.5071 0.5071 0.5071 0.5071 0.5071 0.5071 0.5071 0.5071 0.5071 0.5071 0.5071 0.5071 0.5071 0.5071 0.5071 0.5071 0.5071 0.5071 
PPDFOI 2.2961 2.2961 2.2961 2.2961 2.2961 2.2961 2.2961 2.2961 2.2961 2.2961 2.2961 2.2961 2.2961 2.2961 2.2961 2.2961 2.2961 2.2961 2.2961 2.2961 2.2961 2.2961 2.2961 2.2961 2.2961 2.2961 2.2961 2.2961 2.2961 2.2961 2.2961 2.2961 2.2961 
PPDNGS 0.0006 0.0006 0.0006 0.0006 0.0006 0.0006 0.0006 0.0006 0.0006 0.0006 0.0006 0.0006 0.0006 0.0006 0.0006 0.0006 0.0006 0.0006 0.0006 0.0006 0.0006 0.0006 0.0006 0.0006 0.0006 0.0006 0.0006 0.0006 0.0006 0.0006 0.0006 0.0006 0.0006 
PPDGSL 0.0177 0.0177 0.0177 0.0177 0.0177 0.0177 0.0177 0.0177 0.0177 0.0177 0.0177 0.0177 0.0177 0.0177 0.0177 0.0177 0.0177 0.0177 0.0177 0.0177 0.0177 0.0177 0.0177 0.0177 0.0177 0.0177 0.0177 0.0177 0.0177 0.0177 0.0177 0.0177 0.0177 
PPDGLP 0.0011 0.0011 0.0011 0.0011 0.0011 0.0011 0.0011 0.0011 0.0011 0.0011 0.0011 0.0011 0.0011 0.0011 0.0011 0.0011 0.0011 0.0011 0.0011 0.0011 0.0011 0.0011 0.0011 0.0011 0.0011 0.0011 0.0011 0.0011 0.0011 0.0011 0.0011 0.0011 0.0011 
PPDBIM 0.0096 0.0096 0.0096 0.0096 0.0096 0.0096 0.0096 0.0096 0.0096 0.0096 0.0096 0.0096 0.0096 0.0096 0.0096 0.0096 0.0096 0.0096 0.0096 0.0096 0.0096 0.0096 0.0096 0.0096 0.0096 0.0096 0.0096 0.0096 0.0096 0.0096 0.0096 0.0096 0.0096 
ELE_TRANS 83.3316 83.3316 83.3316 83.3316 83.3316 83.3316 83.3316 83.3316 83.3316 83.3316 83.3316 83.3316 83.3316 83.3316 83.3316 83.3316 83.3316 83.3316 83.3316 83.3316 83.3316 83.3316 83.3316 83.3316 83.3316 83.3316 83.3316 83.3316 83.3316 83.3316 83.3316 83.3316 83.3316 
ELE_DIST 81.9789 81.9789 81.9789 81.9789 81.9789 81.9789 81.9789 81.9789 81.9789 81.9789 81.9789 81.9789 81.9789 81.9789 81.9789 81.9789 81.9789 81.9789 81.9789 81.9789 81.9789 81.9789 81.9789 81.9789 81.9789 81.9789 81.9789 81.9789 81.9789 81.9789 81.9789 81.9789 81.9789 
TRAUTDSL 0.3305 0.3189 0.2308 0.2572 0.2866 0.2765 0.2669 0.2575 0.2485 0.2398 0.2314 0.2233 0.2155 0.208 0.2007 0.1937 0.1869 0.1803 0.174 0.1679 0.1621 0.1515 0.1371 0.1186 0.1026 0.0888 0.0768 0.0664 0.0574 0.0445 0.0278 0.0118 0.0 
TRAUTGSL 4.6266 4.4646 3.2313 3.6006 4.0121 3.8716 3.7361 3.6054 3.4792 3.3574 3.2399 3.1265 3.0171 2.9115 2.8096 2.7112 2.6163 2.5248 2.4364 2.3511 2.2688 2.1214 1.9198 1.6607 1.4365 1.2425 1.0748 0.9297 0.8042 0.6233 0.3895 0.1656 0.0 
TRAUTLPG 1.4541 1.4032 1.0155 1.1316 1.2609 1.2168 1.1742 1.1331 1.0935 1.0552 1.0183 0.9826 0.9482 0.915 0.883 0.8521 0.8223 0.7935 0.7657 0.7389 0.7131 0.6667 0.6034 0.5219 0.4515 0.3905 0.3378 0.2922 0.2527 0.1959 0.1224 0.052 0.0 
TRAUTELE 0.1322 0.1276 0.0923 0.1029 0.1146 0.1106 0.1067 0.103 0.0994 0.0959 0.0926 0.0893 0.0862 0.0832 0.0803 0.0775 0.0748 0.0721 0.0696 0.0672 0.0648 0.0606 0.0549 0.0474 0.041 0.0355 0.0307 0.0266 0.023 0.0178 0.0111 0.0047 0.0 
TRTAXGSL 0.0159 0.0153 0.0111 0.0123 0.0138 0.0133 0.0128 0.0124 0.0119 0.0114 0.0109 0.0104 0.0098 0.0092 0.0086 0.008 0.0075 0.0071 0.0066 0.0062 0.0057 0.0051 0.0045 0.0039 0.0035 0.003 0.0027 0.0022 0.0017 0.0012 0.0008 0.0005 0.0003 
TRTAXLPG 0.7695 0.7426 0.5375 0.5989 0.6673 0.644 0.6214 0.5997 0.5787 0.5553 0.5297 0.5024 0.4738 0.4442 0.4164 0.3904 0.366 0.3431 0.3217 0.3016 0.2767 0.2483 0.2179 0.1912 0.1678 0.1472 0.1292 0.1069 0.0831 0.0605 0.041 0.0257 0.0148 
TRMOTGSL 24.6807 23.8169 17.2374 19.2075 21.4026 20.6535 19.9306 19.2331 18.5599 17.8082 16.9891 16.1141 15.1956 14.2459 13.3555 12.5208 11.7383 11.0046 10.3168 9.672 8.8741 7.9645 6.9888 6.1327 5.3814 4.7222 4.1437 3.429 2.666 1.9395 1.314 0.8246 0.4762 
TRMOTELE 0.2518 0.243 0.1759 0.196 0.2184 0.2108 0.2034 0.1963 0.1894 0.1817 0.1734 0.1644 0.1551 0.1454 0.1363 0.1278 0.1198 0.1123 0.1053 0.0987 0.0906 0.0813 0.0713 0.0626 0.0549 0.0482 0.0423 0.035 0.0272 0.0198 0.0134 0.0084 0.0049 
TRSUVDSL 0.8099 0.7815 0.5656 0.6303 0.7023 0.6777 0.654 0.6311 0.609 0.5843 0.5575 0.5288 0.4986 0.4675 0.4382 0.4108 0.3852 0.3611 0.3385 0.3174 0.2912 0.2613 0.2293 0.2012 0.1766 0.155 0.136 0.1125 0.0875 0.0636 0.0431 0.0271 0.0156 
TRSUVGSL 0.9786 0.9443 0.6835 0.7616 0.8486 0.8189 0.7902 0.7626 0.7359 0.7061 0.6736 0.6389 0.6025 0.5648 0.5295 0.4964 0.4654 0.4363 0.4091 0.3835 0.3519 0.3158 0.2771 0.2432 0.2134 0.1872 0.1643 0.136 0.1057 0.0769 0.0521 0.0327 0.0189 
TRSUVLPG 1.2823 1.2374 0.8956 0.9979 1.112 1.073 1.0355 0.9992 0.9643 0.9252 0.8827 0.8372 0.7895 0.7401 0.6939 0.6505 0.6099 0.5717 0.536 0.5025 0.461 0.4138 0.3631 0.3186 0.2796 0.2453 0.2153 0.1781 0.1385 0.1008 0.0683 0.0428 0.0247 
TRSUVNGS 0.27 0.2605 0.1885 0.2101 0.2341 0.2259 0.218 0.2104 0.203 0.1948 0.1858 0.1763 0.1662 0.1558 0.1461 0.1369 0.1284 0.1204 0.1128 0.1058 0.0971 0.0871 0.0764 0.0671 0.0589 0.0517 0.0453 0.0375 0.0292 0.0212 0.0144 0.009 0.0052 
TRBPUDSL 0.0671 0.0648 0.0469 0.0522 0.0582 0.0562 0.0542 0.0523 0.0505 0.0484 0.0462 0.0438 0.0413 0.0387 0.0363 0.034 0.0319 0.0299 0.0281 0.0263 0.0241 0.0217 0.019 0.0167 0.0146 0.0128 0.0113 0.0093 0.0072 0.0053 0.0036 0.0022 0.0013 
TRBPUGSL 0.072 0.0695 0.0503 0.056 0.0625 0.0603 0.0582 0.0561 0.0542 0.052 0.0496 0.047 0.0443 0.0416 0.039 0.0365 0.0343 0.0321 0.0301 0.0282 0.0259 0.0232 0.0204 0.0179 0.0157 0.0138 0.0121 0.01 0.0078 0.0057 0.0038 0.0024 0.0014 
TRBPULPG 0.0213 0.0205 0.0149 0.0166 0.0185 0.0178 0.0172 0.0166 0.016 0.0154 0.0146 0.0139 0.0131 0.0123 0.0115 0.0108 0.0101 0.0095 0.0089 0.0083 0.0077 0.0069 0.006 0.0053 0.0046 0.0041 0.0036 0.003 0.0023 0.0017 0.0011 0.0007 0.0004 
TRBTURDSL 0.0153 0.0148 0.0107 0.0119 0.0133 0.0128 0.0123 0.0119 0.0115 0.011 0.0105 0.01 0.0094 0.0088 0.0083 0.0078 0.0073 0.0068 0.0064 0.006 0.0055 0.0049 0.0043 0.0038 0.0033 0.0029 0.0026 0.0021 0.0017 0.0012 0.0008 0.0005 0.0003 
TRBTURGSL 0.0168 0.0162 0.0117 0.0131 0.0146 0.014 0.0136 0.0131 0.0126 0.0121 0.0116 0.011 0.0103 0.0097 0.0091 0.0085 0.008 0.0075 0.007 0.0066 0.006 0.0054 0.0048 0.0042 0.0037 0.0032 0.0028 0.0023 0.0018 0.0013 0.0009 0.0006 0.0003 
TRBTURLPG 0.0048 0.0047 0.0034 0.0038 0.0042 0.0041 0.0039 0.0038 0.0036 0.0035 0.0033 0.0032 0.003 0.0028 0.0026 0.0025 0.0023 0.0022 0.002 0.0019 0.0017 0.0016 0.0014 0.0012 0.0011 0.0009 0.0008 0.0007 0.0005 0.0004 0.0003 0.0002 0.0001 
TRMBSDSL 1.7149 1.6548 1.1977 1.3346 1.4871 1.435 1.3848 1.3364 1.2896 1.2374 1.1804 1.1196 1.0558 0.9898 0.928 0.87 0.8156 0.7646 0.7168 0.672 0.6166 0.5534 0.4856 0.4261 0.3739 0.3281 0.2879 0.2383 0.1852 0.1348 0.0913 0.0573 0.0331 
TRMBSGSL 1.8822 1.8163 1.3145 1.4648 1.6322 1.5751 1.5199 1.4667 1.4154 1.3581 1.2956 1.2289 1.1588 1.0864 1.0185 0.9548 0.8952 0.8392 0.7868 0.7376 0.6767 0.6074 0.533 0.4677 0.4104 0.3601 0.316 0.2615 0.2033 0.1479 0.1002 0.0629 0.0363 
TRMBSLPG 0.5437 0.5247 0.3798 0.4232 0.4715 0.455 0.4391 0.4237 0.4089 0.3923 0.3743 0.355 0.3348 0.3138 0.2942 0.2758 0.2586 0.2424 0.2273 0.2131 0.1955 0.1755 0.154 0.1351 0.1186 0.104 0.0913 0.0755 0.0587 0.0427 0.0289 0.0182 0.0105 
TRYTKDSL 0.203 0.1959 0.1418 0.158 0.176 0.1699 0.1639 0.1582 0.1526 0.1465 0.1397 0.1325 0.125 0.1172 0.1098 0.103 0.0965 0.0905 0.0848 0.0795 0.073 0.0655 0.0575 0.0504 0.0443 0.0388 0.0341 0.0282 0.0219 0.016 0.0108 0.0068 0.0039 
TRYTKGSL 0.0021 0.002 0.0014 0.0016 0.0018 0.0017 0.0017 0.0016 0.0016 0.0015 0.0014 0.0014 0.0013 0.0012 0.0011 0.0011 0.001 0.0009 0.0009 0.0008 0.0007 0.0007 0.0006 0.0005 0.0005 0.0004 0.0003 0.0003 0.0002 0.0002 0.0001 0.0001 0.0 
TRYLFDSL 3.1872 3.0757 2.226 2.4804 2.7639 2.6672 2.5738 2.4837 2.3968 2.2997 2.1939 2.0809 1.9623 1.8397 1.7247 1.6169 1.5159 1.4211 1.3323 1.249 1.146 1.0285 0.9025 0.792 0.6949 0.6098 0.5351 0.4428 0.3443 0.2505 0.1697 0.1065 0.0615 
TRYLFGSL 0.1634 0.1577 0.1142 0.1272 0.1417 0.1368 0.132 0.1274 0.1229 0.1179 0.1125 0.1067 0.1006 0.0943 0.0884 0.0829 0.0777 0.0729 0.0683 0.0641 0.0588 0.0527 0.0463 0.0406 0.0356 0.0313 0.0274 0.0227 0.0177 0.0128 0.0087 0.0055 0.0032 
TRYLFLPG 0.6946 0.6703 0.4852 0.5406 0.6024 0.5813 0.561 0.5413 0.5224 0.5012 0.4782 0.4535 0.4277 0.401 0.3759 0.3524 0.3304 0.3097 0.2904 0.2722 0.2498 0.2242 0.1967 0.1726 0.1515 0.1329 0.1166 0.0965 0.075 0.0546 0.037 0.0232 0.0134 
;

param SpecifiedAnnualDemand default 0 :=
[RD,*,*]:
2018 2019 2020 2021 2022 2023 2024 2025 2026 2027 2028 2029 2030 2031 2032 2033 2034 2035 2036 2037 2038 2039 2040 2041 2042 2043 2044 2045 2046 2047 2048 2049 2050 :=
E5COMDSL 0.05650125943720073 0.0696698454702624 0.06611662332318693 0.06838463061544522 0.07198369407970637 0.07166242320695078 0.07410984478353685 0.07656363438453616 0.07888151662201819 0.08123312964096853 0.0837264794902984 0.08612660325266938 0.08851584536251716 0.09068183363987237 0.09288834828310628 0.09513591674323968 0.09742507036546995 0.09975634439623271 0.1017238258029084 0.10372101026798164 0.10574821005678385 0.10780573929887836 0.10989391399079623 0.11159107139618947 0.1133083113442123 0.1150457994772841 0.11680370221442644 0.11858218675215947 0.11996383190082577 0.12135782233157576 0.12276423499975614 0.12418314713362777 0.12561463623460348 
E5COMGSL 0.03199895660438392 0.03232694569998866 0.0292637362974195 0.037616805481407375 0.040776951050444814 0.040594959186596 0.04198136191438249 0.043371371967732164 0.044684393920090486 0.046016523511233 0.047428943449631535 0.04878855315603034 0.05014199868013815 0.05136897652686761 0.05261891153992225 0.05389210250703074 0.055188850421874804 0.05650945848808943 0.05762398718848982 0.05875534192392232 0.05990369958483826 0.06106923811772942 0.06225213652667781 0.06321353348371632 0.06418630669572818 0.0651705499949752 0.06616635765364473 0.06717382438435754 0.0679564915885978 0.06874615208443927 0.06954284946514905 0.07034662747859331 0.0711575300273719 
E5COMNGS 0.095165964 0.09359567778669141 0.057632323433804776 0.0770016383881289 0.09589654992337736 0.09546855343497793 0.09872900413014173 0.10199793829616466 0.10508581691291197 0.10821863161706607 0.11154026787593814 0.11473770850666816 0.11792065261915496 0.12080617837090157 0.12374569327558604 0.12673990000252525 0.12978950640885129 0.13289522554891886 0.13551630079867855 0.13817694641029468 0.14087757838308942 0.1436186151999114 0.1464004778307803 0.1486614279241988 0.15094913194538512 0.1532638105628773 0.15560568547980155 0.15797497943506622 0.15981560465817246 0.16167267624423343 0.16354629671302584 0.16543656894790226 0.16734359619610775 
E5COMLPG 2.053497420212684 2.122556045172636 1.8655026446480134 2.0702518836542794 2.049352855707069 2.0402063762306457 2.1098836894224644 2.1797422982421795 2.245731667686275 2.3126813417411722 2.3836662182375496 2.4519969777150914 2.5200179400092804 2.581682936761334 2.644501706249099 2.7084892648352326 2.7736607397483595 2.8400313692841155 2.896044938619092 2.952904144571201 3.0106178772350236 3.069195079779231 3.128644748524469 3.176962279595823 3.2258515542629174 3.2753172883127024 3.325364219641746 3.3759971082817524 3.4153321058418644 3.455018569652996 3.4950586906093695 3.5354546673749883 3.5762087063904042 
E5COMELE 14.596345493518628 15.652534892568365 12.125781629703091 15.512829671845445 16.570493850832676 17.137204740531157 17.723297142657323 18.329433904936202 18.95630054448502 19.604606023106406 20.27508354909665 20.968491406475753 21.685613812577227 22.427261804967365 23.19427415869725 23.987518334924697 24.807891461979125 25.65632134997881 26.533767540148087 27.441222390021153 28.379712195759875 29.35029835285486 30.354078556522502 31.39218804315557 32.46580087423149 33.576131264130204 34.724434953363456 35.91201062876849 37.140201392272374 38.41039627988808 39.72403183266026 41.08259372133724 42.48761842660697 
E5COMFIR 0.02470211944710495 0.026101924891565573 0.02063999815365657 0.03145096170824667 0.03397295198675958 0.03397295198675958 0.03397295198675958 0.03397295198675958 0.03397295198675958 0.03397295198675958 0.03397295198675958 0.03397295198675958 0.03397295198675958 0.03397295198675958 0.03397295198675958 0.03397295198675958 0.03397295198675958 0.03397295198675958 0.03397295198675958 0.03397295198675958 0.03397295198675958 0.03397295198675958 0.03397295198675958 0.03397295198675958 0.03397295198675958 0.03397295198675958 0.03397295198675958 0.03397295198675958 0.03397295198675958 0.03397295198675958 0.03397295198675958 0.03397295198675958 0.03397295198675958 
E5COMBIM 0.033578136 0.03714214449953518 0.033277419433556575 0.05328854719586533 0.054526901346494724 0.054526901346494724 0.054526901346494724 0.054526901346494724 0.054526901346494724 0.054526901346494724 0.054526901346494724 0.054526901346494724 0.054526901346494724 0.054526901346494724 0.054526901346494724 0.054526901346494724 0.054526901346494724 0.054526901346494724 0.054526901346494724 0.054526901346494724 0.054526901346494724 0.054526901346494724 0.054526901346494724 0.054526901346494724 0.054526901346494724 0.054526901346494724 0.054526901346494724 0.054526901346494724 0.054526901346494724 0.054526901346494724 0.054526901346494724 0.054526901346494724 0.054526901346494724 
E5INDDSL 2.4355561210878323 3.0032041812968795 2.8500381804661683 2.9478034178848334 3.102945464944999 3.093836626949628 3.2072146088792763 3.321161764898198 3.4290497064154795 3.5387425854316468 3.6552927947067952 3.767729219424073 3.8798836862409285 3.9817587368364125 4.085720949258943 4.191801176366086 4.30003055302236 4.410440497103464 4.5037801386979375 4.598662771274161 4.695106818698886 4.793130841010866 4.892753534813349 4.97383393286206 5.05596488682674 5.139156238332895 5.223417886130849 5.3087597862252 5.375131676566889 5.442152941684325 5.509828179143708 5.578162006697038 5.647159062316717 
E5INDGSL 0.0006268082968908318 0.0006332330778284266 0.0005732297129567949 0.0007368529564818484 0.000798755145560854 0.0007964103633849894 0.0008255959380213189 0.0008549280285206124 0.0008827003659350002 0.0009109373274077024 0.0009409394916179488 0.000969882692136938 0.000998753311514448 0.0010249778203840737 0.0010517396030368857 0.0010790466015650072 0.00110690683065433 0.0011353283778430204 0.001159355715690453 0.00118378024775227 0.0012086067166701114 0.0012338399001387914 0.001259484611007333 0.001280356194435783 0.0013014982102495457 0.0013229131918637588 0.0013446036873985378 0.0013665722597122996 0.0013836576031480614 0.0014009101075763012 0.001418330956494989 0.001435921338598291 0.0014536824477854756 
E5INDNGS 3.930554414681452 3.8602018314318265 3.6127617690067293 4.206697607410168 5.967978661874791 5.950459388202408 6.168522317289227 6.38767995424573 6.595183740607036 6.806159011917421 7.030323171374686 7.2465751780924705 7.462284887579357 7.658223918735368 7.858177244499008 8.062204205002963 8.270364682771497 8.4827191046519 8.662241753578872 8.844732078656966 9.030225515005775 9.218757759648174 9.410364772265215 9.566308887596163 9.72427356544116 9.884277734463852 10.04634043319759 10.21048081029441 10.338135656240764 10.467039462199146 10.597201070792568 10.72862936346794 10.86133326056261 
E5INDLPG 0.933688993859984 0.9650887304369768 0.848211091078041 0.9413069523533665 0.9318045336093187 0.9290691788839819 0.9631162218523618 0.9973341859673714 1.0297325874743608 1.0626730059015133 1.0976726585291894 1.1314369548979104 1.1651165802168602 1.1957093299377235 1.2269288476359135 1.2587843983252305 1.291285331705255 1.3244410824629136 1.3524706763393697 1.3809636254401942 1.4099254623932596 1.4393617607184521 1.4692781349455357 1.4936263174521776 1.518289978518262 1.5432720735522445 1.5685755751169803 1.5942034729685977 1.6141347379628739 1.6342610081117324 1.654583664049502 1.6751040924722422 1.695823686148134 
E5INDELE 25.85497383515396 29.836862537801434 28.98166571555684 33.482629397850246 33.448655558408866 34.592599578506444 35.77566648409137 36.999194277847295 38.26456672214967 39.57321490404719 40.9266188537656 42.32630921856439 43.773868993839294 45.2709353134286 46.81920130114786 48.42041798564712 50.07639628075624 51.7890090335581 53.56019314250578 55.39195174797949 57.28635649776039 59.2455498899838 61.27174769622125 63.36724146743201 65.53440112561819 67.77567764411431 70.09360581954303 72.4908071385714 74.96999274271055 77.53396649451125 80.18562814862352 82.92797663130645 85.76411343209713 
E5INDHYD 0.0 0.0 0.0 0.0 0.0 0.0 0.0 0.0 0.0 0.0 0.0 0.0 0.0 0.0 0.0 0.0 0.0 0.0 0.0 0.0 0.0 0.0 0.0 0.0 0.0 0.0 0.0 0.0 0.0 0.0 0.0 0.0 0.0 
E5INDCOK 7.967570036693206 7.545110280120943 6.95838050040763 7.399241939945679 7.938982172672303 7.915676928259865 8.205758010084162 8.49729534146197 8.773329984683516 9.053982616454435 9.352179940290752 9.639852018796102 9.926802699271683 10.187453174652168 10.453443718275425 10.724853268134067 11.00176148374424 11.284248748714964 11.5230611155431 11.76582127263539 12.012576358026111 12.263373858149832 12.518261608845613 12.72570832098862 12.935842913013015 13.148690565022775 13.364276603277498 13.58262650052361 13.752441039690373 13.923917024353448 14.097066217528496 14.271900433877178 14.44843153979567 
E5INDBIM 6.277352945513931 6.565450165468514 5.806427330907967 6.2830976300141534 6.692909034783663 6.673261694924056 6.917812728184298 7.163591443480045 7.396300714939323 7.632903152627267 7.884296532716013 8.126816670865582 8.368728638939176 8.588468384368973 8.81271004077565 9.04152015633786 9.274965887510135 9.513115001188957 9.71444426642701 9.919101691440673 10.127127015653546 10.338560272205902 10.553441788801278 10.728328435948232 10.90548108333946 11.084920958903394 11.266669413784049 11.450747922620236 11.593909002807456 11.738470754180378 11.884443093475442 12.03183598096892 12.180659420551544 
E5INDCOA 4.070643994724983 3.855622362767982 3.555176401440884 3.7812015184273116 0.019250574024186652 0.01919406308576211 0.019897456444912972 0.020604380941836635 0.021273714266562778 0.0219542453655727 0.022677319121309967 0.023374871089750122 0.02407067380043016 0.02470270334296061 0.025347681570444095 0.026005799893018218 0.026677251470382666 0.027362231218029397 0.02794130735720264 0.028529956162878855 0.029128291936135746 0.029736429822857756 0.030354485816171055 0.030857506002049475 0.03136704380309561 0.03188316027643806 0.03240591683360598 0.03293537524133219 0.033347144317708965 0.033762942094342045 0.034182797094384515 0.0346067379662215 0.03503479348368484 
E5INDFOI 20.408004043101865 27.02518050712574 20.237076252547052 17.857118337322746 17.0559501884427 17.005881668425577 17.62908605087595 18.255419010681255 18.8484463059531 19.45139479527171 20.092035949396777 20.71006487739744 21.326543968329045 21.886520225737247 22.457968978733753 23.041059816119834 23.63596387680346 24.24285385531922 24.7559135579881 25.27745461413975 25.807578294182274 26.346386617019995 26.89398235221083 27.3396567109777 27.79110565701185 28.24838328674401 28.71154401060271 29.180642553725868 29.54546870628627 29.913864275052628 30.28585453145203 30.661464857866807 31.04072074782468 
E5RESLPG 21.649174516748413 22.377231055280532 19.667223302991843 21.82580989958907 21.605480086263718 21.924515653272564 22.839311847847767 23.763204426776007 24.64212752339287 25.539651069510608 26.497378751366938 27.425384712795353 28.35489160811227 29.202587577583607 30.070717852787734 30.95965802058536 31.869788444695445 32.80149429970255 33.59188311522113 34.39764531660219 35.219009147208325 36.056205197724374 36.90946641968425 37.605873688045385 38.312897865010285 39.0306626184755 39.75929261514682 40.498913525064005 41.07541109421557 41.65854518006227 42.248374205623854 42.844956950838785 43.44835255378809 
E5RESELE 21.242188442147917 22.509372210253847 26.145588685042163 25.439347529370227 27.766969471095848 28.71659982700732 29.698707541090975 30.714403338996284 31.76483593318996 32.851193322105054 33.974704133721055 35.13663901509431 36.338312069410534 37.581082342184374 38.86635535828708 40.1955847115405 41.57027370867518 42.99197706951187 44.462302685289174 45.982913437126065 47.555529076675775 49.181928171098086 50.86395011454964 52.60349720846723 54.402536812996814 56.2631035720013 58.187301714163745 60.17730743278815 62.2353713469895 64.36382104705653 66.56506372686587 68.84158890632469 71.19597124692099 
E5RESKER 0.34322036518603366 0.3485019380153724 0.16457454199306512 0.29378480061996837 0.3265017825895699 0.33132304464539847 0.3451474348946508 0.3591092896063694 0.37239156598526824 0.3859549321568843 0.400428102579988 0.41445211868378956 0.42849881688436414 0.44130918925384244 0.45442836463168235 0.46786201888248163 0.48161590005866856 0.49569582891442054 0.5076401761899874 0.5198168459072908 0.5322292872775709 0.5448809849847756 0.5577754593899787 0.5682995585361396 0.5789841002908831 0.5898309535221312 0.6008420021918004 0.6120191454241793 0.6207311704861085 0.6295434865169259 0.6384569764046774 0.6474725284311604 0.6565910362904194 
E5RESFIR 12.232029002216677 12.91571101835019 13.393628466236791 13.465839039840823 15.002677467239709 15.002677467239709 15.002677467239709 15.002677467239709 15.002677467239709 15.002677467239709 15.002677467239709 15.002677467239709 15.002677467239709 15.002677467239709 15.002677467239709 15.002677467239709 15.002677467239709 15.002677467239709 15.002677467239709 15.002677467239709 15.002677467239709 15.002677467239709 15.002677467239709 15.002677467239709 15.002677467239709 15.002677467239709 15.002677467239709 15.002677467239709 15.002677467239709 15.002677467239709 15.002677467239709 15.002677467239709 15.002677467239709 
E5RESBIM 2.8841609160000004 2.877599863360629 3.042668607615726 3.0455782195842116 3.461356919220467 3.5124687650546904 3.6590258480321047 3.807040238729346 3.9478501873993435 4.091640064972722 4.245075088174545 4.39374847302149 4.542662318523765 4.678469451603414 4.817550310851389 4.959965068046975 5.105774660257304 5.255040795285585 5.381666900539737 5.510755935352244 5.642344465989596 5.776469434776573 5.913168162263358 6.024737731988855 6.138008208609717 6.252999404633126 6.3697312925828555 6.488224005724168 6.580583159139381 6.674005531371788 6.768500482219126 6.864077428660142 6.960745845050651 
E5CONGSL 1.1028950674934677 1.1141997347114156 1.0086213378104902 1.2965231877161139 1.4054426441766172 1.4349047024192654 1.503261848747249 1.5726906431180847 1.6391040409051567 1.7072657850901658 1.7803619752121833 1.85155258066817 1.9232003149112302 1.988845544576342 2.0563497994313518 2.125755038095933 2.1971039276654576 2.270439851690461 2.3329029729887427 2.396793392617427 2.4621371318652168 2.5289605673043987 2.59729043402994 2.653242041498083 2.7101957457897368 2.7681658804624654 2.8271669327658775 2.8872135447431013 2.9341380322692507 2.9816971263930845 3.0298976872676833 3.078746630686608 3.1282509283857665 
E5CONLPG 0.595735982419599 0.6157704404033849 0.5411971983878315 0.6005965859149073 0.594533611195194 0.6069967194926561 0.6359133182779334 0.6652832481069832 0.6933775978705221 0.7222115371874964 0.7531328572839943 0.7832480725297338 0.8135566634565701 0.8413260609572427 0.8698818676109551 0.8992418328504418 0.9294240058094728 0.9604467386983451 0.9868700333278797 1.0138971070117522 1.0415389673359388 1.0698067721793025 1.0987118310838033 1.122380610011242 1.1464732982641288 1.1709959592572714 1.195954721420643 1.2213557786653306 1.2412058843512512 1.2613244427938692 1.2817143559910724 1.3023785494779134 1.3233199724543063 
E5EXPNGS 1.2033743766107257 1.515965849841555 2.315307437132201 2.1181406825469593 4.414416210989632 4.518623612708803 4.688941821274627 4.860287785613164 5.022681206285685 5.187939717435203 5.3636845537006925 5.533380572109448 5.702795236558973 5.856809334498897 6.014093580467815 6.174698738136704 6.338676072590244 6.5060773524798465 6.647698122461233 6.791745183290533 6.938248958286915 7.087240113761774 7.238749559863281 7.362130947809364 7.487169141539217 7.61388044022706 7.742281245282757 7.87238806063118 7.97362084300526 8.075880106701666 8.179173483572846 8.28350864168109 8.388893285373396 
E5EXPKER 0.0 0.0 0.0 0.0 0.0 0.0 0.0 0.0 0.0 0.0 0.0 0.0 0.0 0.0 0.0 0.0 0.0 0.0 0.0 0.0 0.0 0.0 0.0 0.0 0.0 0.0 0.0 0.0 0.0 0.0 0.0 0.0 0.0 
E5EXPBIM 0.10333072354574009 0.1033 0.1033 0.1033 0.1033 0.1033 0.1033 0.1033 0.1033 0.1033 0.1033 0.1033 0.1033 0.1033 0.1033 0.1033 0.1033 0.1033 0.1033 0.1033 0.1033 0.1033 0.1033 0.1033 0.1033 0.1033 0.1033 0.1033 0.1033 0.1033 0.1033 0.1033 0.1033 
E5TOTDSL 0.0 0.0 0.0 0.0 0.0 0.0 0.0 0.0 0.0 0.0 0.0 0.0 0.0 0.0 0.0 0.0 0.0 0.0 0.0 0.0 0.0 0.0 0.0 0.0 0.0 0.0 0.0 0.0 0.0 0.0 0.0 0.0 0.0 
E5TOTGSL 0.0 0.0 0.0 0.0 0.0 0.0 0.0 0.0 0.0 0.0 0.0 0.0 0.0 0.0 0.0 0.0 0.0 0.0 0.0 0.0 0.0 0.0 0.0 0.0 0.0 0.0 0.0 0.0 0.0 0.0 0.0 0.0 0.0 
E5TOTELE 0.0 0.0 0.0 0.0 0.0 0.0 0.0 0.0 0.0 0.0 0.0 0.0 0.0 0.0 0.0 0.0 0.0 0.0 0.0 0.0 0.0 0.0 0.0 0.0 0.0 0.0 0.0 0.0 0.0 0.0 0.0 0.0 0.0 
E5TACGSL 0.0013596907640092413 0.001849746301311301 0.00024501998208154165 0.0011670743945825055 0.0017147583326658758 0.0017768314095137662 0.0018415636939335914 0.0019066074448627845 0.0019681800497226244 0.0020307711873241074 0.002097263041426701 0.002161395977920281 0.0022253568823017563 0.002283445650256504 0.002342715607735734 0.0024031840353190624 0.002464868368918387 0.002527786200307616 0.0025809685921302228 0.002635023561954401 0.002689961421262519 0.002745792556486171 0.002802527429213058 0.002848696992820556 0.002895460299022593 0.0029428228526669677 0.0029907901900240942 0.0030393678788551946 0.0030771440334301592 0.0031152870207626013 0.003153799411249099 0.0031926837863845464 0.003231942738780372 
E5TACKER 1.4983760321739228 1.4057829676219122 0.6413306982987625 1.046124410105935 1.462281969935082 1.5152155754256882 1.570416853982918 1.625883739566054 1.6783905612057564 1.731765949590709 1.7884677235664135 1.843157900559318 1.8977013749813763 1.9472373104061154 1.997780520215719 2.0493457406441626 2.101947840387001 2.155601821053099 2.2009537818505827 2.247049844633024 2.293898802648115 2.341509513057453 2.3898908971129598 2.4292625794876157 2.4691405834087177 2.509529603205216 2.5504343600020953 2.591859601778527 2.6240736978853367 2.6566006152900647 2.689442545931074 2.722601691210956 2.756080262012071 
E5AGRDSL 0.0 0.0 0.0 0.0 0.0 0.0 0.0 0.0 0.0 0.0 0.0 0.0 0.0 0.0 0.0 0.0 0.0 0.0 0.0 0.0 0.0 0.0 0.0 0.0 0.0 0.0 0.0 0.0 0.0 0.0 0.0 0.0 0.0 
E5AGRELE 0.0 0.0 0.0 0.0 0.0 0.0 0.0 0.0 0.0 0.0 0.0 0.0 0.0 0.0 0.0 0.0 0.0 0.0 0.0 0.0 0.0 0.0 0.0 0.0 0.0 0.0 0.0 0.0 0.0 0.0 0.0 0.0 0.0 
E5AGRLPG 0.0 0.0 0.0 0.0 0.0 0.0 0.0 0.0 0.0 0.0 0.0 0.0 0.0 0.0 0.0 0.0 0.0 0.0 0.0 0.0 0.0 0.0 0.0 0.0 0.0 0.0 0.0 0.0 0.0 0.0 0.0 0.0 0.0 
E6TDPASPRI 43.150079522862825 45.433623260437386 42.003031809145135 47.419766401590465 50.44850397614315 51.19362823061631 52.84363817097417 54.49487077534792 56.05174453280319 57.62873757455269 59.298136182902596 60.902256461232604 62.49664512922467 63.940173956262434 65.40846918489066 66.90188369781313 68.42109343936383 69.96634194831016 71.2684940357853 72.58904572564613 73.92788270377734 75.2856709741551 76.66164512922465 77.77906560636183 78.90870775347913 80.0506361829026 81.20493538767396 82.37189860834991 83.27761431411533 84.19084990059642 85.11151590457256 86.03994532803182 86.97602882703778 
E6TDPASPUB 21.808601919599997 22.9629 21.229 23.9667 25.4975 25.874 26.708 27.5425 28.3295 29.1265 29.9702 30.781 31.5869 32.3163 33.0584 33.8133 34.5812 35.3621 36.0203 36.6877 37.3644 38.0505 38.7461 39.3108 39.8817 40.4589 41.0423 41.6321 42.0899 42.5514 43.0168 43.486 43.9591 
E6TDPASTUR 0.533247 0.5615 0.5191 0.586 0.6234 0.6327 0.653 0.6734 0.6927 0.7122 0.7328 0.7526 0.7723 0.7902 0.8083 0.8268 0.8456 0.8646 0.8807 0.8971 0.9136 0.9304 0.9474 0.9612 0.9752 0.9893 1.0035 1.018 1.0291 1.0404 1.0518 1.0633 1.0749 
E6TDFREHEA 2.31142572 2.4338 2.25 2.5402 2.7024 2.7423 2.8307 2.9191 3.0026 3.087 3.1764 3.2624 3.3478 3.4251 3.5038 3.5838 3.6651 3.7479 3.8177 3.8884 3.9601 4.0329 4.1066 4.1664 4.2269 4.2881 4.3499 4.4125 4.461 4.5099 4.5592 4.6089 4.6591 
E6TDFRELIG 7.600278060000001 8.0025 7.3983 8.3524 8.8859 9.0171 9.3077 9.5986 9.8728 10.1506 10.4446 10.7272 11.008 11.2622 11.5208 11.7839 12.0515 12.3237 12.553 12.7856 13.0215 13.2606 13.503 13.6998 13.8987 14.0999 14.3032 14.5087 14.6683 14.8291 14.9913 15.1548 15.3197 
E6TRNOMOT 0.0 0.0 0.0 0.0 0.0 0.0 0.0 0.0 0.0 0.0 0.0 0.0 0.0 0.0 0.0 0.0 0.0 0.0 0.0 0.0 0.0 0.0 0.0 0.0 0.0 0.0 0.0 0.0 0.0 0.0 0.0 0.0 0.0 
;

param SpecifiedDemandProfile default 0 :=
[RD,E6TDFRELIG,*,*]:
2018 2019 2020 2021 2022 2023 2024 2025 2026 2027 2028 2029 2030 2031 2032 2033 2034 2035 2036 2037 2038 2039 2040 2041 2042 2043 2044 2045 2046 2047 2048 2049 2050 :=
All 1 1 1 1 1 1 1 1 1 1 1 1 1 1 1 1 1 1 1 1 1 1 1 1 1 1 1 1 1 1 1 1 1 
[RD,E5AGRDSL,*,*]:
2018 2019 2020 2021 2022 2023 2024 2025 2026 2027 2028 2029 2030 2031 2032 2033 2034 2035 2036 2037 2038 2039 2040 2041 2042 2043 2044 2045 2046 2047 2048 2049 2050 :=
All 1 1 1 1 1 1 1 1 1 1 1 1 1 1 1 1 1 1 1 1 1 1 1 1 1 1 1 1 1 1 1 1 1 
[RD,E6TDPASTUR,*,*]:
2018 2019 2020 2021 2022 2023 2024 2025 2026 2027 2028 2029 2030 2031 2032 2033 2034 2035 2036 2037 2038 2039 2040 2041 2042 2043 2044 2045 2046 2047 2048 2049 2050 :=
All 1 1 1 1 1 1 1 1 1 1 1 1 1 1 1 1 1 1 1 1 1 1 1 1 1 1 1 1 1 1 1 1 1 
[RD,E6TDPASPRI,*,*]:
2018 2019 2020 2021 2022 2023 2024 2025 2026 2027 2028 2029 2030 2031 2032 2033 2034 2035 2036 2037 2038 2039 2040 2041 2042 2043 2044 2045 2046 2047 2048 2049 2050 :=
All 1 1 1 1 1 1 1 1 1 1 1 1 1 1 1 1 1 1 1 1 1 1 1 1 1 1 1 1 1 1 1 1 1 
[RD,E5TACKER,*,*]:
2018 2019 2020 2021 2022 2023 2024 2025 2026 2027 2028 2029 2030 2031 2032 2033 2034 2035 2036 2037 2038 2039 2040 2041 2042 2043 2044 2045 2046 2047 2048 2049 2050 :=
All 1 1 1 1 1 1 1 1 1 1 1 1 1 1 1 1 1 1 1 1 1 1 1 1 1 1 1 1 1 1 1 1 1 
[RD,E5TACGSL,*,*]:
2018 2019 2020 2021 2022 2023 2024 2025 2026 2027 2028 2029 2030 2031 2032 2033 2034 2035 2036 2037 2038 2039 2040 2041 2042 2043 2044 2045 2046 2047 2048 2049 2050 :=
All 1 1 1 1 1 1 1 1 1 1 1 1 1 1 1 1 1 1 1 1 1 1 1 1 1 1 1 1 1 1 1 1 1 
[RD,E5AGRELE,*,*]:
2018 2019 2020 2021 2022 2023 2024 2025 2026 2027 2028 2029 2030 2031 2032 2033 2034 2035 2036 2037 2038 2039 2040 2041 2042 2043 2044 2045 2046 2047 2048 2049 2050 :=
All 1 1 1 1 1 1 1 1 1 1 1 1 1 1 1 1 1 1 1 1 1 1 1 1 1 1 1 1 1 1 1 1 1 
[RD,E6TDFREHEA,*,*]:
2018 2019 2020 2021 2022 2023 2024 2025 2026 2027 2028 2029 2030 2031 2032 2033 2034 2035 2036 2037 2038 2039 2040 2041 2042 2043 2044 2045 2046 2047 2048 2049 2050 :=
All 1 1 1 1 1 1 1 1 1 1 1 1 1 1 1 1 1 1 1 1 1 1 1 1 1 1 1 1 1 1 1 1 1 
[RD,E6TDPASPUB,*,*]:
2018 2019 2020 2021 2022 2023 2024 2025 2026 2027 2028 2029 2030 2031 2032 2033 2034 2035 2036 2037 2038 2039 2040 2041 2042 2043 2044 2045 2046 2047 2048 2049 2050 :=
All 1 1 1 1 1 1 1 1 1 1 1 1 1 1 1 1 1 1 1 1 1 1 1 1 1 1 1 1 1 1 1 1 1 
[RD,E6TRNOMOT,*,*]:
2018 2019 2020 2021 2022 2023 2024 2025 2026 2027 2028 2029 2030 2031 2032 2033 2034 2035 2036 2037 2038 2039 2040 2041 2042 2043 2044 2045 2046 2047 2048 2049 2050 :=
All 1 1 1 1 1 1 1 1 1 1 1 1 1 1 1 1 1 1 1 1 1 1 1 1 1 1 1 1 1 1 1 1 1 
[RD,E5INDCOK,*,*]:
2018 2019 2020 2021 2022 2023 2024 2025 2026 2027 2028 2029 2030 2031 2032 2033 2034 2035 2036 2037 2038 2039 2040 2041 2042 2043 2044 2045 2046 2047 2048 2049 2050 :=
All 1 1 1 1 1 1 1 1 1 1 1 1 1 1 1 1 1 1 1 1 1 1 1 1 1 1 1 1 1 1 1 1 1 
[RD,E5EXPBIM,*,*]:
2018 2019 2020 2021 2022 2023 2024 2025 2026 2027 2028 2029 2030 2031 2032 2033 2034 2035 2036 2037 2038 2039 2040 2041 2042 2043 2044 2045 2046 2047 2048 2049 2050 :=
All 1 1 1 1 1 1 1 1 1 1 1 1 1 1 1 1 1 1 1 1 1 1 1 1 1 1 1 1 1 1 1 1 1 
[RD,E5INDBIM,*,*]:
2018 2019 2020 2021 2022 2023 2024 2025 2026 2027 2028 2029 2030 2031 2032 2033 2034 2035 2036 2037 2038 2039 2040 2041 2042 2043 2044 2045 2046 2047 2048 2049 2050 :=
All 1 1 1 1 1 1 1 1 1 1 1 1 1 1 1 1 1 1 1 1 1 1 1 1 1 1 1 1 1 1 1 1 1 
[RD,E5RESKER,*,*]:
2018 2019 2020 2021 2022 2023 2024 2025 2026 2027 2028 2029 2030 2031 2032 2033 2034 2035 2036 2037 2038 2039 2040 2041 2042 2043 2044 2045 2046 2047 2048 2049 2050 :=
All 1 1 1 1 1 1 1 1 1 1 1 1 1 1 1 1 1 1 1 1 1 1 1 1 1 1 1 1 1 1 1 1 1 
[RD,E5INDGSL,*,*]:
2018 2019 2020 2021 2022 2023 2024 2025 2026 2027 2028 2029 2030 2031 2032 2033 2034 2035 2036 2037 2038 2039 2040 2041 2042 2043 2044 2045 2046 2047 2048 2049 2050 :=
All 1 1 1 1 1 1 1 1 1 1 1 1 1 1 1 1 1 1 1 1 1 1 1 1 1 1 1 1 1 1 1 1 1 
[RD,E5COMBIM,*,*]:
2018 2019 2020 2021 2022 2023 2024 2025 2026 2027 2028 2029 2030 2031 2032 2033 2034 2035 2036 2037 2038 2039 2040 2041 2042 2043 2044 2045 2046 2047 2048 2049 2050 :=
All 1 1 1 1 1 1 1 1 1 1 1 1 1 1 1 1 1 1 1 1 1 1 1 1 1 1 1 1 1 1 1 1 1 
[RD,E5INDCOA,*,*]:
2018 2019 2020 2021 2022 2023 2024 2025 2026 2027 2028 2029 2030 2031 2032 2033 2034 2035 2036 2037 2038 2039 2040 2041 2042 2043 2044 2045 2046 2047 2048 2049 2050 :=
All 1 1 1 1 1 1 1 1 1 1 1 1 1 1 1 1 1 1 1 1 1 1 1 1 1 1 1 1 1 1 1 1 1 
[RD,E5INDFOI,*,*]:
2018 2019 2020 2021 2022 2023 2024 2025 2026 2027 2028 2029 2030 2031 2032 2033 2034 2035 2036 2037 2038 2039 2040 2041 2042 2043 2044 2045 2046 2047 2048 2049 2050 :=
All 1 1 1 1 1 1 1 1 1 1 1 1 1 1 1 1 1 1 1 1 1 1 1 1 1 1 1 1 1 1 1 1 1 
[RD,E5RESELE,*,*]:
2018 2019 2020 2021 2022 2023 2024 2025 2026 2027 2028 2029 2030 2031 2032 2033 2034 2035 2036 2037 2038 2039 2040 2041 2042 2043 2044 2045 2046 2047 2048 2049 2050 :=
All 1 1 1 1 1 1 1 1 1 1 1 1 1 1 1 1 1 1 1 1 1 1 1 1 1 1 1 1 1 1 1 1 1 
[RD,E5INDDSL,*,*]:
2018 2019 2020 2021 2022 2023 2024 2025 2026 2027 2028 2029 2030 2031 2032 2033 2034 2035 2036 2037 2038 2039 2040 2041 2042 2043 2044 2045 2046 2047 2048 2049 2050 :=
All 1 1 1 1 1 1 1 1 1 1 1 1 1 1 1 1 1 1 1 1 1 1 1 1 1 1 1 1 1 1 1 1 1 
[RD,E5COMGSL,*,*]:
2018 2019 2020 2021 2022 2023 2024 2025 2026 2027 2028 2029 2030 2031 2032 2033 2034 2035 2036 2037 2038 2039 2040 2041 2042 2043 2044 2045 2046 2047 2048 2049 2050 :=
All 1 1 1 1 1 1 1 1 1 1 1 1 1 1 1 1 1 1 1 1 1 1 1 1 1 1 1 1 1 1 1 1 1 
[RD,E5COMLPG,*,*]:
2018 2019 2020 2021 2022 2023 2024 2025 2026 2027 2028 2029 2030 2031 2032 2033 2034 2035 2036 2037 2038 2039 2040 2041 2042 2043 2044 2045 2046 2047 2048 2049 2050 :=
All 1 1 1 1 1 1 1 1 1 1 1 1 1 1 1 1 1 1 1 1 1 1 1 1 1 1 1 1 1 1 1 1 1 
[RD,E5INDELE,*,*]:
2018 2019 2020 2021 2022 2023 2024 2025 2026 2027 2028 2029 2030 2031 2032 2033 2034 2035 2036 2037 2038 2039 2040 2041 2042 2043 2044 2045 2046 2047 2048 2049 2050 :=
All 1 1 1 1 1 1 1 1 1 1 1 1 1 1 1 1 1 1 1 1 1 1 1 1 1 1 1 1 1 1 1 1 1 
[RD,E5TOTDSL,*,*]:
2018 2019 2020 2021 2022 2023 2024 2025 2026 2027 2028 2029 2030 2031 2032 2033 2034 2035 2036 2037 2038 2039 2040 2041 2042 2043 2044 2045 2046 2047 2048 2049 2050 :=
All 1 1 1 1 1 1 1 1 1 1 1 1 1 1 1 1 1 1 1 1 1 1 1 1 1 1 1 1 1 1 1 1 1 
[RD,E5TOTGSL,*,*]:
2018 2019 2020 2021 2022 2023 2024 2025 2026 2027 2028 2029 2030 2031 2032 2033 2034 2035 2036 2037 2038 2039 2040 2041 2042 2043 2044 2045 2046 2047 2048 2049 2050 :=
All 1 1 1 1 1 1 1 1 1 1 1 1 1 1 1 1 1 1 1 1 1 1 1 1 1 1 1 1 1 1 1 1 1 
[RD,E5EXPKER,*,*]:
2018 2019 2020 2021 2022 2023 2024 2025 2026 2027 2028 2029 2030 2031 2032 2033 2034 2035 2036 2037 2038 2039 2040 2041 2042 2043 2044 2045 2046 2047 2048 2049 2050 :=
All 1 1 1 1 1 1 1 1 1 1 1 1 1 1 1 1 1 1 1 1 1 1 1 1 1 1 1 1 1 1 1 1 1 
[RD,E5RESLPG,*,*]:
2018 2019 2020 2021 2022 2023 2024 2025 2026 2027 2028 2029 2030 2031 2032 2033 2034 2035 2036 2037 2038 2039 2040 2041 2042 2043 2044 2045 2046 2047 2048 2049 2050 :=
All 1 1 1 1 1 1 1 1 1 1 1 1 1 1 1 1 1 1 1 1 1 1 1 1 1 1 1 1 1 1 1 1 1 
[RD,E5COMDSL,*,*]:
2018 2019 2020 2021 2022 2023 2024 2025 2026 2027 2028 2029 2030 2031 2032 2033 2034 2035 2036 2037 2038 2039 2040 2041 2042 2043 2044 2045 2046 2047 2048 2049 2050 :=
All 1 1 1 1 1 1 1 1 1 1 1 1 1 1 1 1 1 1 1 1 1 1 1 1 1 1 1 1 1 1 1 1 1 
[RD,E5CONLPG,*,*]:
2018 2019 2020 2021 2022 2023 2024 2025 2026 2027 2028 2029 2030 2031 2032 2033 2034 2035 2036 2037 2038 2039 2040 2041 2042 2043 2044 2045 2046 2047 2048 2049 2050 :=
All 1 1 1 1 1 1 1 1 1 1 1 1 1 1 1 1 1 1 1 1 1 1 1 1 1 1 1 1 1 1 1 1 1 
[RD,E5AGRLPG,*,*]:
2018 2019 2020 2021 2022 2023 2024 2025 2026 2027 2028 2029 2030 2031 2032 2033 2034 2035 2036 2037 2038 2039 2040 2041 2042 2043 2044 2045 2046 2047 2048 2049 2050 :=
All 1 1 1 1 1 1 1 1 1 1 1 1 1 1 1 1 1 1 1 1 1 1 1 1 1 1 1 1 1 1 1 1 1 
[RD,E5COMFIR,*,*]:
2018 2019 2020 2021 2022 2023 2024 2025 2026 2027 2028 2029 2030 2031 2032 2033 2034 2035 2036 2037 2038 2039 2040 2041 2042 2043 2044 2045 2046 2047 2048 2049 2050 :=
All 1 1 1 1 1 1 1 1 1 1 1 1 1 1 1 1 1 1 1 1 1 1 1 1 1 1 1 1 1 1 1 1 1 
[RD,E5EXPNGS,*,*]:
2018 2019 2020 2021 2022 2023 2024 2025 2026 2027 2028 2029 2030 2031 2032 2033 2034 2035 2036 2037 2038 2039 2040 2041 2042 2043 2044 2045 2046 2047 2048 2049 2050 :=
All 1 1 1 1 1 1 1 1 1 1 1 1 1 1 1 1 1 1 1 1 1 1 1 1 1 1 1 1 1 1 1 1 1 
[RD,E5COMNGS,*,*]:
2018 2019 2020 2021 2022 2023 2024 2025 2026 2027 2028 2029 2030 2031 2032 2033 2034 2035 2036 2037 2038 2039 2040 2041 2042 2043 2044 2045 2046 2047 2048 2049 2050 :=
All 1 1 1 1 1 1 1 1 1 1 1 1 1 1 1 1 1 1 1 1 1 1 1 1 1 1 1 1 1 1 1 1 1 
[RD,E5RESFIR,*,*]:
2018 2019 2020 2021 2022 2023 2024 2025 2026 2027 2028 2029 2030 2031 2032 2033 2034 2035 2036 2037 2038 2039 2040 2041 2042 2043 2044 2045 2046 2047 2048 2049 2050 :=
All 1 1 1 1 1 1 1 1 1 1 1 1 1 1 1 1 1 1 1 1 1 1 1 1 1 1 1 1 1 1 1 1 1 
[RD,E5INDLPG,*,*]:
2018 2019 2020 2021 2022 2023 2024 2025 2026 2027 2028 2029 2030 2031 2032 2033 2034 2035 2036 2037 2038 2039 2040 2041 2042 2043 2044 2045 2046 2047 2048 2049 2050 :=
All 1 1 1 1 1 1 1 1 1 1 1 1 1 1 1 1 1 1 1 1 1 1 1 1 1 1 1 1 1 1 1 1 1 
[RD,E5COMELE,*,*]:
2018 2019 2020 2021 2022 2023 2024 2025 2026 2027 2028 2029 2030 2031 2032 2033 2034 2035 2036 2037 2038 2039 2040 2041 2042 2043 2044 2045 2046 2047 2048 2049 2050 :=
All 1 1 1 1 1 1 1 1 1 1 1 1 1 1 1 1 1 1 1 1 1 1 1 1 1 1 1 1 1 1 1 1 1 
[RD,E5TOTELE,*,*]:
2018 2019 2020 2021 2022 2023 2024 2025 2026 2027 2028 2029 2030 2031 2032 2033 2034 2035 2036 2037 2038 2039 2040 2041 2042 2043 2044 2045 2046 2047 2048 2049 2050 :=
All 1 1 1 1 1 1 1 1 1 1 1 1 1 1 1 1 1 1 1 1 1 1 1 1 1 1 1 1 1 1 1 1 1 
[RD,E5RESBIM,*,*]:
2018 2019 2020 2021 2022 2023 2024 2025 2026 2027 2028 2029 2030 2031 2032 2033 2034 2035 2036 2037 2038 2039 2040 2041 2042 2043 2044 2045 2046 2047 2048 2049 2050 :=
All 1 1 1 1 1 1 1 1 1 1 1 1 1 1 1 1 1 1 1 1 1 1 1 1 1 1 1 1 1 1 1 1 1 
[RD,E5CONGSL,*,*]:
2018 2019 2020 2021 2022 2023 2024 2025 2026 2027 2028 2029 2030 2031 2032 2033 2034 2035 2036 2037 2038 2039 2040 2041 2042 2043 2044 2045 2046 2047 2048 2049 2050 :=
All 1 1 1 1 1 1 1 1 1 1 1 1 1 1 1 1 1 1 1 1 1 1 1 1 1 1 1 1 1 1 1 1 1 
[RD,E5INDNGS,*,*]:
2018 2019 2020 2021 2022 2023 2024 2025 2026 2027 2028 2029 2030 2031 2032 2033 2034 2035 2036 2037 2038 2039 2040 2041 2042 2043 2044 2045 2046 2047 2048 2049 2050 :=
All 1 1 1 1 1 1 1 1 1 1 1 1 1 1 1 1 1 1 1 1 1 1 1 1 1 1 1 1 1 1 1 1 1 
[RD,E5INDHYD,*,*]:
2018 2019 2020 2021 2022 2023 2024 2025 2026 2027 2028 2029 2030 2031 2032 2033 2034 2035 2036 2037 2038 2039 2040 2041 2042 2043 2044 2045 2046 2047 2048 2049 2050 :=
All 1 1 1 1 1 1 1 1 1 1 1 1 1 1 1 1 1 1 1 1 1 1 1 1 1 1 1 1 1 1 1 1 1 
;

param TotalAnnualMaxCapacity default 99999999999 :=
[RD,*,*]:
2018 2019 2020 2021 2022 2023 2024 2025 2026 2027 2028 2029 2030 2031 2032 2033 2034 2035 2036 2037 2038 2039 2040 2041 2042 2043 2044 2045 2046 2047 2048 2049 2050 :=
Techs_Auto 6.6755 7.0283 7.0283 7.3355 7.8041 7.9193 8.1745 8.43 8.6709 8.9148 9.173 9.4212 9.6678 9.8911 10.1183 10.3493 10.5843 10.8234 11.0248 11.2291 11.4361 11.6462 11.859 12.0319 12.2067 12.3833 12.5619 12.7424 12.8824 13.0237 13.1662 13.3098 13.4546 
Techs_Taxi 1.5877 1.6729 1.6729 1.746 1.8575 1.8849 1.9457 2.0065 2.0637 2.1218 2.1833 2.2424 2.3011 2.3542 2.4082 2.4633 2.5191 2.5761 2.6241 2.6727 2.7219 2.7719 2.8226 2.8638 2.9054 2.9474 2.9899 3.0328 3.0662 3.0998 3.1337 3.1679 3.2024 
Techs_Motos 25.4362 26.7842 26.7842 27.9552 29.7407 30.1799 31.1526 32.1261 33.0439 33.9736 34.9577 35.9034 36.8434 37.6943 38.5599 39.4404 40.336 41.2469 42.0146 42.7931 43.5824 44.3827 45.1941 45.8527 46.5187 47.1918 47.8724 48.5603 49.0943 49.6326 50.1755 50.7228 51.2746 
Techs_SUV 3.4081 3.5875 3.5875 3.7443 3.9834 4.0423 4.1726 4.303 4.4259 4.5505 4.6823 4.8089 4.9348 5.0488 5.1647 5.2826 5.4026 5.5246 5.6274 5.7316 5.8374 5.9447 6.0532 6.1415 6.2307 6.3209 6.412 6.5042 6.5757 6.6478 6.7204 6.7938 6.8677 
Techs_Buses_Pub 0.1653 0.174 0.174 0.1816 0.1932 0.196 0.2024 0.2088 0.2147 0.2208 0.2271 0.2333 0.2394 0.2449 0.2506 0.2562 0.2621 0.268 0.273 0.2781 0.2832 0.2884 0.2936 0.2979 0.3023 0.3066 0.3111 0.3155 0.319 0.3225 0.326 0.3296 0.3331 
Techs_Buses_Tur 0.0377 0.0397 0.0397 0.0414 0.044 0.0446 0.0462 0.0476 0.0489 0.0503 0.0517 0.0531 0.0545 0.0559 0.0571 0.0584 0.0597 0.0611 0.0622 0.0633 0.0645 0.0658 0.067 0.0679 0.0689 0.0699 0.0709 0.0719 0.0727 0.0735 0.0743 0.0751 0.076 
Techs_Buses_Micro 4.2244 4.4479 4.4479 4.6424 4.9389 5.0118 5.1733 5.335 5.4874 5.6419 5.8053 5.9623 6.1184 6.2597 6.4034 6.5496 6.6984 6.8496 6.9772 7.1065 7.2375 7.3704 7.5051 7.6145 7.7251 7.8369 7.9499 8.0641 8.1528 8.2422 8.3324 8.4233 8.5149 
Techs_Telef 0.0712 0.0748 0.0691 0.0781 0.083 0.0843 0.087 0.0897 0.0923 0.0949 0.0976 0.1003 0.1029 0.1053 0.1077 0.1101 0.1126 0.1152 0.1173 0.1195 0.1217 0.1239 0.1262 0.128 0.1299 0.1318 0.1337 0.1356 0.1371 0.1386 0.1401 0.1416 0.1432 
Techs_Trains 0.0417 0.0439 0.0406 0.0458 0.0487 0.0495 0.0511 0.0527 0.0542 0.0557 0.0573 0.0588 0.0604 0.0618 0.0632 0.0646 0.0661 0.0676 0.0689 0.0701 0.0714 0.0727 0.0741 0.0752 0.0762 0.0773 0.0785 0.0796 0.0805 0.0813 0.0822 0.0831 0.084 
Techs_Trains_Freight 0.0 0.0 0.0 0.0 0.0 0.0 0.0 0.0 0.0 0.0 0.0 0.0 0.0 0.0 0.0 0.0 0.0 0.0 0.0 0.0 0.0 0.0 0.0 0.0 0.0 0.0 0.0 0.0 0.0 0.0 0.0 0.0 0.0 
Techs_He_Freight 0.2092 0.2203 0.2203 0.2299 0.2446 0.2482 0.2561 0.2642 0.2718 0.2794 0.2874 0.2952 0.303 0.31 0.3171 0.3243 0.3317 0.3392 0.3455 0.3519 0.3583 0.365 0.3717 0.377 0.3826 0.388 0.3937 0.3994 0.4037 0.4081 0.4126 0.4171 0.4217 
Techs_Li_Freight 4.1271 4.3454 4.3454 4.5354 4.8252 4.8964 5.0541 5.2121 5.3611 5.5119 5.6716 5.825 5.9775 6.1154 6.2559 6.3988 6.5441 6.6919 6.8164 6.9427 7.0708 7.2007 7.3323 7.4392 7.5471 7.6564 7.7668 7.8784 7.9651 8.0523 8.1404 8.2292 8.3188 
Techs_Bus_Efi 0.0004 0.0 0.0 0.0 0.0 0.0 0.0 0.0 0.0 0.0 0.0 0.0 0.0 0.0 0.0 0.0 0.0 0.0 0.0 0.0 0.0 0.0 0.0 0.0 0.0 0.0 0.0 0.0 0.0 0.0 0.0 0.0 0.0 
PPHDAM 0.6157 0.6233 0.6233 0.6233 0.6233 0.6233 0.6233 0.6233 0.6233 0.6233 0.6233 0.6233 0.6233 0.6233 0.6233 0.6233 0.6233 0.6233 0.6233 0.6233 0.6233 0.6233 0.6233 0.6233 0.6233 0.6233 0.6233 0.6233 0.6233 0.6233 0.6233 0.6233 0.6233 
PPHROR 0.0 0.0 0.0 0.0 0.0 0.0 0.0 0.0 0.0 0.0 0.0 0.0 0.0 0.0 0.0 0.0 0.0 0.0 0.0 0.0 0.0 0.0 0.0 0.0 0.0 0.0 0.0 0.0 0.0 0.0 0.0 0.0 0.0 
PPGEO 0.0 0.0 0.0 0.0 0.0 0.0 0.0 0.0 0.0 0.0 0.0 0.0 0.0 0.0 0.0 0.0 0.0 0.0 0.0 0.0 0.0 0.0 0.0 0.0 0.0 0.0 0.0 0.0 0.0 0.0 0.0 0.0 0.0 
PPWNDON 0.1832 0.3703 0.3703 0.3703 0.417 0.417 0.417 0.417 0.417 0.417 0.417 0.417 0.417 0.417 0.417 0.417 0.417 0.417 0.417 0.417 0.417 0.417 0.417 0.417 0.417 0.417 0.417 0.417 0.417 0.417 0.417 0.417 0.417 
PPPVT 0.088 0.1875 0.1875 0.3658 0.417 0.6751 0.6751 0.6751 0.6751 0.6751 0.6751 0.6751 0.6751 0.6751 0.6751 0.6751 0.6751 0.6751 0.6751 0.6751 0.6751 0.6751 0.6751 0.6751 0.6751 0.6751 0.6751 0.6751 0.6751 0.6751 0.6751 0.6751 0.6751 
PPPVTS 0.0 0.0 0.0 0.0 0.0 0.0 0.0 0.0 0.0 0.0 0.0 0.0 0.0 0.0 0.0 0.0 0.0 0.0 0.0 0.0 0.0 0.0 0.0 0.0 0.0 0.0 0.0 0.0 0.0 0.0 0.0 0.0 0.0 
PPPVD 0.093 0.1312 0.1771 0.2197 0.2821 0.32 0.32 0.32 0.32 0.32 0.32 0.32 0.32 0.32 0.32 0.32 0.32 0.32 0.32 0.32 0.32 0.32 0.32 0.32 0.32 0.32 0.32 0.32 0.32 0.32 0.32 0.32 0.32 
PPWNDOFF 0.0 0.0 0.0 0.0 0.0 0.0 0.0 0.0 0.0 0.0 0.0 0.0 0.0 0.0 0.0 0.0 0.0 0.0 0.0 0.0 0.0 0.0 0.0 0.0 0.0 0.0 0.0 0.0 0.0 0.0 0.0 0.0 0.0 
PPBIM 0.03 0.03 0.03 0.03 0.03 0.03 0.03 0.03 0.03 0.03 0.03 0.03 0.03 0.03 0.03 0.03 0.03 0.03 0.03 0.03 0.03 0.03 0.03 0.03 0.03 0.03 0.03 0.03 0.03 0.03 0.03 0.03 0.03 
PPCOA 1.0939 1.0939 1.0939 1.0939 1.0939 1.0939 1.0939 1.0939 1.0939 1.0939 1.0939 1.0939 1.0939 1.0939 1.0939 1.0939 1.0939 1.0939 1.0939 1.0939 1.0939 1.0939 1.0939 1.0939 1.0939 1.0939 1.0939 1.0939 1.0939 1.0939 1.0939 1.0939 1.0939 
PPCCTDSL 0.4019 0.4 0.133 0.133 0.133 0.133 0.133 0.133 0.133 0.133 0.133 0.133 0.133 0.133 0.133 0.133 0.133 0.133 0.133 0.133 0.133 0.133 0.133 0.133 0.133 0.133 0.133 0.133 0.133 0.133 0.133 0.133 0.133 
PPCCFOIDSL 0.185 0.185 0.185 0.0 0.0 0.0 0.0 0.0 0.0 0.0 0.0 0.0 0.0 0.0 0.0 0.0 0.0 0.0 0.0 0.0 0.0 0.0 0.0 0.0 0.0 0.0 0.0 0.0 0.0 0.0 0.0 0.0 0.0 
PPCCTNGS 1.1183 0.9782 0.9782 1.1582 1.1582 1.1582 1.1582 1.1582 1.1582 1.1582 1.1582 1.1582 1.1582 1.1582 1.1582 1.1582 1.1582 1.1582 1.1582 1.1582 1.1582 1.1582 1.1582 1.1582 1.1582 1.1582 1.1582 1.1582 1.1582 1.1582 1.1582 1.1582 1.1582 
PPCCTNGSDSL 0.0 0.0 0.0 0.0 0.0 0.0 0.0 0.0 0.0 0.0 0.0 0.0 0.0 0.0 0.0 0.0 0.0 0.0 0.0 0.0 0.0 0.0 0.0 0.0 0.0 0.0 0.0 0.0 0.0 0.0 0.0 0.0 0.0 
PPICEFOI 9999.0 9999.0 9999.0 9999.0 9999.0 9999.0 9999.0 9999.0 9999.0 9999.0 9999.0 9999.0 9999.0 9999.0 9999.0 9999.0 9999.0 9999.0 9999.0667 9999.1333 9999.2 9999.2667 9999.3333 9999.4 9999.4667 9999.5333 9999.6 9999.6667 9999.7333 9999.8 9999.8667 9999.9333 10000.0 
PPICEGASFOI 0.172 0.2232 0.6732 0.6737 0.6737 0.6737 0.6737 0.6737 0.6737 0.6737 0.6737 0.6737 0.6737 0.6737 0.6737 0.6737 0.6737 0.6737 0.6737 0.6737 0.6737 0.6737 0.6737 0.6737 0.6737 0.6737 0.6737 0.6737 0.6737 0.6737 0.6737 0.6737 0.6737 
TRAUTHG 0.1323 0.1277 0.0924 0.103 0.1147 0.1107 0.1068 0.1031 0.0995 0.096 0.0927 0.0894 0.0863 0.0833 0.0804 0.0776 0.0749 0.0722 0.0697 0.0673 0.0649 0.0607 0.055 0.0474 0.041 0.0355 0.0307 0.0266 0.023 0.0178 0.0111 0.0047 0.0 
TRAUTDSL 6.6755 7.0283 7.0283 7.3355 7.8041 7.9193 8.1745 9999 9999 9999 9999 9999 9999 9999 9999 9999 9999 9999 9999 9999 9999 9999 9999 9999 9999 9999 9999 9999 9999 9999 9999 9999 9999 
TRAUTGSL 6.6755 7.0283 7.0283 7.3355 7.8041 7.9193 8.1745 9999 9999 9999 9999 9999 9999 9999 9999 9999 9999 9999 9999 9999 9999 9999 9999 9999 9999 9999 9999 9999 9999 9999 9999 9999 9999 
TRAUTLPG 6.6755 7.0283 7.0283 7.3355 7.8041 7.9193 8.1745 9999 9999 9999 9999 9999 9999 9999 9999 9999 9999 9999 9999 9999 9999 9999 9999 9999 9999 9999 9999 9999 9999 9999 9999 9999 9999 
TRAUTELE 6.6755 7.0283 7.0283 7.3355 7.8041 7.9193 8.1745 9999 9999 9999 9999 9999 9999 9999 9999 9999 9999 9999 9999 9999 9999 9999 9999 9999 9999 9999 9999 9999 9999 9999 9999 9999 9999 
TRTAXGSL 1.5877 1.6729 1.6729 1.746 1.8575 1.8849 1.9457 9999 9999 9999 9999 9999 9999 9999 9999 9999 9999 9999 9999 9999 9999 9999 9999 9999 9999 9999 9999 9999 9999 9999 9999 9999 9999 
TRTAXLPG 1.5877 1.6729 1.6729 1.746 1.8575 1.8849 1.9457 9999 9999 9999 9999 9999 9999 9999 9999 9999 9999 9999 9999 9999 9999 9999 9999 9999 9999 9999 9999 9999 9999 9999 9999 9999 9999 
TRMOTGSL 25.4362 26.7842 26.7842 27.9552 29.7407 30.1799 31.1526 9999 9999 9999 9999 9999 9999 9999 9999 9999 9999 9999 9999 9999 9999 9999 9999 9999 9999 9999 9999 9999 9999 9999 9999 9999 9999 
TRMOTELE 25.4362 26.7842 26.7842 27.9552 29.7407 30.1799 31.1526 9999 9999 9999 9999 9999 9999 9999 9999 9999 9999 9999 9999 9999 9999 9999 9999 9999 9999 9999 9999 9999 9999 9999 9999 9999 9999 
TRSUVDSL 3.4081 3.5875 3.5875 3.7443 3.9834 4.0423 4.1726 9999 9999 9999 9999 9999 9999 9999 9999 9999 9999 9999 9999 9999 9999 9999 9999 9999 9999 9999 9999 9999 9999 9999 9999 9999 9999 
TRSUVGSL 3.4081 3.5875 3.5875 3.7443 3.9834 4.0423 4.1726 9999 9999 9999 9999 9999 9999 9999 9999 9999 9999 9999 9999 9999 9999 9999 9999 9999 9999 9999 9999 9999 9999 9999 9999 9999 9999 
TRSUVLPG 3.4081 3.5875 3.5875 3.7443 3.9834 4.0423 4.1726 9999 9999 9999 9999 9999 9999 9999 9999 9999 9999 9999 9999 9999 9999 9999 9999 9999 9999 9999 9999 9999 9999 9999 9999 9999 9999 
TRSUVNGS 3.4081 3.5875 3.5875 3.7443 3.9834 4.0423 4.1726 9999 9999 9999 9999 9999 9999 9999 9999 9999 9999 9999 9999 9999 9999 9999 9999 9999 9999 9999 9999 9999 9999 9999 9999 9999 9999 
TRBPUDSL 0.1653 0.174 0.174 0.1816 0.1932 0.196 0.2024 9999 9999 9999 9999 9999 9999 9999 9999 9999 9999 9999 9999 9999 9999 9999 9999 9999 9999 9999 9999 9999 9999 9999 9999 9999 9999 
TRBPUGSL 0.1653 0.174 0.174 0.1816 0.1932 0.196 0.2024 9999 9999 9999 9999 9999 9999 9999 9999 9999 9999 9999 9999 9999 9999 9999 9999 9999 9999 9999 9999 9999 9999 9999 9999 9999 9999 
TRBPULPG 0.1653 0.174 0.174 0.1816 0.1932 0.196 0.2024 9999 9999 9999 9999 9999 9999 9999 9999 9999 9999 9999 9999 9999 9999 9999 9999 9999 9999 9999 9999 9999 9999 9999 9999 9999 9999 
TRBPUHYD 0 0 0 0 0 0 0 9999 9999 9999 9999 9999 9999 9999 9999 9999 9999 9999 9999 9999 9999 9999 9999 9999 9999 9999 9999 9999 9999 9999 9999 9999 9999 
TRBTURDSL 0.0377 0.0397 0.0397 0.0414 0.044 0.0446 0.0462 9999 9999 9999 9999 9999 9999 9999 9999 9999 9999 9999 9999 9999 9999 9999 9999 9999 9999 9999 9999 9999 9999 9999 9999 9999 9999 
TRBTURGSL 0.0377 0.0397 0.0397 0.0414 0.044 0.0446 0.0462 9999 9999 9999 9999 9999 9999 9999 9999 9999 9999 9999 9999 9999 9999 9999 9999 9999 9999 9999 9999 9999 9999 9999 9999 9999 9999 
TRBTURLPG 0.0377 0.0397 0.0397 0.0414 0.044 0.0446 0.0462 9999 9999 9999 9999 9999 9999 9999 9999 9999 9999 9999 9999 9999 9999 9999 9999 9999 9999 9999 9999 9999 9999 9999 9999 9999 9999 
TRBTURHYD 0 0 0 0 0 0 0 9999 9999 9999 9999 9999 9999 9999 9999 9999 9999 9999 9999 9999 9999 9999 9999 9999 9999 9999 9999 9999 9999 9999 9999 9999 9999 
TRMBSDSL 4.2244 4.4479 4.4479 4.6424 4.9389 5.0118 5.1733 9999 9999 9999 9999 9999 9999 9999 9999 9999 9999 9999 9999 9999 9999 9999 9999 9999 9999 9999 9999 9999 9999 9999 9999 9999 9999 
TRMBSGSL 4.2244 4.4479 4.4479 4.6424 4.9389 5.0118 5.1733 9999 9999 9999 9999 9999 9999 9999 9999 9999 9999 9999 9999 9999 9999 9999 9999 9999 9999 9999 9999 9999 9999 9999 9999 9999 9999 
TRMBSLPG 4.2244 4.4479 4.4479 4.6424 4.9389 5.0118 5.1733 9999 9999 9999 9999 9999 9999 9999 9999 9999 9999 9999 9999 9999 9999 9999 9999 9999 9999 9999 9999 9999 9999 9999 9999 9999 9999 
TRYTKDSL 0.2092 0.2203 0.2203 0.2299 0.2446 0.2482 0.2561 9999 9999 9999 9999 9999 9999 9999 9999 9999 9999 9999 9999 9999 9999 9999 9999 9999 9999 9999 9999 9999 9999 9999 9999 9999 9999 
TRYTKGSL 0.2092 0.2203 0.2203 0.2299 0.2446 0.2482 0.2561 9999 9999 9999 9999 9999 9999 9999 9999 9999 9999 9999 9999 9999 9999 9999 9999 9999 9999 9999 9999 9999 9999 9999 9999 9999 9999 
TRYLFDSL 4.1271 4.3454 4.3454 4.5354 4.8252 4.8964 5.0541 9999 9999 9999 9999 9999 9999 9999 9999 9999 9999 9999 9999 9999 9999 9999 9999 9999 9999 9999 9999 9999 9999 9999 9999 9999 9999 
TRYLFGSL 4.1271 4.3454 4.3454 4.5354 4.8252 4.8964 5.0541 9999 9999 9999 9999 9999 9999 9999 9999 9999 9999 9999 9999 9999 9999 9999 9999 9999 9999 9999 9999 9999 9999 9999 9999 9999 9999 
TRYLFLPG 4.1271 4.3454 4.3454 4.5354 4.8252 4.8964 5.0541 9999 9999 9999 9999 9999 9999 9999 9999 9999 9999 9999 9999 9999 9999 9999 9999 9999 9999 9999 9999 9999 9999 9999 9999 9999 9999 
TRYLFNGS 0 0 0 0 0 0 0 9999 9999 9999 9999 9999 9999 9999 9999 9999 9999 9999 9999 9999 9999 9999 9999 9999 9999 9999 9999 9999 9999 9999 9999 9999 9999 
;

param TotalAnnualMinCapacityInvestment default 0 :=
[RD,*,*]:
2018 2019 2020 2021 2022 2023 2024 2025 2026 2027 2028 2029 2030 2031 2032 2033 2034 2035 2036 2037 2038 2039 2040 2041 2042 2043 2044 2045 2046 2047 2048 2049 2050 :=
PPCCFOIDSL 0.0 0.0 0.0 0.0 0.0 0.0 0.0 0.0 0.0 0.0 0.0 0.0 0.0 0.0 0.0 0.0 0.0 0.0 0.0 0.0 0.0 0.0 0.0 0.0 0.0 0.0 0.0 0.0 0.0 0.0 0.0 0.0 0.0 
PPCCTNGSDSL 0.0 0.0 0.0 0.0 0.0 0.0 0.0 0.0 0.0 0.0 0.0 0.0 0.0 0.0 0.0 0.0 0.0 0.0 0.0 0.0 0.0 0.0 0.0 0.0 0.0 0.0 0.0 0.0 0.0 0.0 0.0 0.0 0.0 
;

param TotalTechnologyAnnualActivityLowerLimit default 0 :=
[RD,*,*]:
2018 2019 2020 2021 2022 2023 2024 2025 2026 2027 2028 2029 2030 2031 2032 2033 2034 2035 2036 2037 2038 2039 2040 2041 2042 2043 2044 2045 2046 2047 2048 2049 2050 :=
Techs_Auto 6.6094 6.9587 6.4332 7.2629 7.7268 7.8409 8.0936 8.3465 8.585 8.8265 9.0822 9.3279 9.5721 9.7932 10.0181 10.2468 10.4795 10.7162 10.9156 11.1179 11.3229 11.5309 11.7416 11.9128 12.0858 12.2607 12.4375 12.6162 12.7549 12.8948 13.0358 13.178 13.3214 
Techs_Taxi 1.572 1.6563 1.5312 1.7287 1.8391 1.8662 1.9264 1.9866 2.0433 2.1008 2.1617 2.2202 2.2783 2.3309 2.3844 2.4389 2.4942 2.5506 2.5981 2.6462 2.695 2.7445 2.7947 2.8354 2.8766 2.9182 2.9603 3.0028 3.0358 3.0691 3.1027 3.1365 3.1707 
Techs_Motos 25.1844 26.519 24.5167 27.6784 29.4462 29.8811 30.8442 31.808 32.7167 33.6372 34.6116 35.5479 36.4786 37.3211 38.1781 39.0499 39.9366 40.8385 41.5986 42.3694 43.1509 43.9433 44.7466 45.3987 46.0581 46.7246 47.3984 48.0795 48.6082 49.1412 49.6787 50.2206 50.7669 
Techs_SUV 3.3744 3.552 3.2838 3.7072 3.944 4.0023 4.1313 4.2604 4.3821 4.5054 4.6359 4.7613 4.8859 4.9988 5.1136 5.2303 5.3491 5.4699 5.5717 5.6749 5.7796 5.8858 5.9933 6.0807 6.169 6.2583 6.3485 6.4398 6.5106 6.582 6.6539 6.7265 6.7997 
Techs_Buses_Pub 0.1637 0.1723 0.1593 0.1798 0.1913 0.1941 0.2004 0.2067 0.2126 0.2186 0.2249 0.231 0.237 0.2425 0.2481 0.2537 0.2595 0.2653 0.2703 0.2753 0.2804 0.2855 0.2907 0.295 0.2993 0.3036 0.308 0.3124 0.3158 0.3193 0.3228 0.3263 0.3298 
Techs_Buses_Tur 0.0373 0.0393 0.0363 0.041 0.0436 0.0442 0.0457 0.0471 0.0484 0.0498 0.0512 0.0526 0.054 0.0553 0.0565 0.0578 0.0591 0.0605 0.0616 0.0627 0.0639 0.0651 0.0663 0.0672 0.0682 0.0692 0.0702 0.0712 0.072 0.0728 0.0736 0.0744 0.0752 
Techs_Buses_Micro 4.1826 4.4039 4.0714 4.5964 4.89 4.9622 5.1221 5.2822 5.4331 5.586 5.7478 5.9033 6.0578 6.1977 6.34 6.4848 6.6321 6.7818 6.9081 7.0361 7.1658 7.2974 7.4308 7.5391 7.6486 7.7593 7.8712 7.9843 8.0721 8.1606 8.2499 8.3399 8.4306 
Techs_Telef 0.0712 0.0748 0.0691 0.0781 0.083 0.0843 0.087 0.0897 0.0923 0.0949 0.0976 0.1003 0.1029 0.1053 0.1077 0.1101 0.1126 0.1152 0.1173 0.1195 0.1217 0.1239 0.1262 0.128 0.1299 0.1318 0.1337 0.1356 0.1371 0.1386 0.1401 0.1416 0.1432 
Techs_Trains 0.0417 0.0439 0.0406 0.0458 0.0487 0.0495 0.0511 0.0527 0.0542 0.0557 0.0573 0.0588 0.0604 0.0618 0.0632 0.0646 0.0661 0.0676 0.0689 0.0701 0.0714 0.0727 0.0741 0.0752 0.0762 0.0773 0.0785 0.0796 0.0805 0.0813 0.0822 0.0831 0.084 
Techs_Trains_Freight 0.0 0.0 0.0 0.0 0.0 0.0 0.0 0.0 0.0 0.0 0.0 0.0 0.0 0.0 0.0 0.0 0.0 0.0 0.0 0.0 0.0 0.0 0.0 0.0 0.0 0.0 0.0 0.0 0.0 0.0 0.0 0.0 0.0 
Techs_He_Freight 0.2071 0.2181 0.2016 0.2276 0.2422 0.2457 0.2536 0.2616 0.2691 0.2766 0.2846 0.2923 0.3 0.3069 0.314 0.3211 0.3284 0.3358 0.3421 0.3484 0.3548 0.3614 0.368 0.3733 0.3788 0.3842 0.3898 0.3954 0.3997 0.4041 0.4085 0.413 0.4175 
Techs_Li_Freight 4.0862 4.3024 3.9776 4.4905 4.7774 4.8479 5.0041 5.1605 5.308 5.4573 5.6154 5.7673 5.9183 6.0549 6.194 6.3354 6.4793 6.6256 6.7489 6.874 7.0008 7.1294 7.2597 7.3655 7.4724 7.5806 7.6899 7.8004 7.8862 7.9726 8.0598 8.1477 8.2364 
Techs_Bus_Efi 0.0004 0.0 0.0 0.0 0.0 0.0 0.0 0.0 0.0 0.0 0.0 0.0 0.0 0.0 0.0 0.0 0.0 0.0 0.0 0.0 0.0 0.0 0.0 0.0 0.0 0.0 0.0 0.0 0.0 0.0 0.0 0.0 0.0 
DIST_NGS 0.0 0.0 0.0 0.0 0.0 0.0 0.0 0.0 0.0 0.0 0.0 0.0 0.0 0.0 0.0 0.0 0.0 0.0 0.0 0.0 0.0 0.0 0.0 0.0 0.0 0.0 0.0 0.0 0.0 0.0 0.0 0.0 0.0 
PPHDAM 6.2139 3.4668 4.5335 5.2779 5.1403 4.0784 4.0784 4.0784 4.0784 4.0784 4.0784 4.0784 4.0784 4.0784 4.0784 4.0784 4.0784 4.0784 4.0784 4.0784 4.0784 4.0784 4.0784 4.0784 4.0784 4.0784 4.0784 4.0784 4.0784 4.0784 4.0784 4.0784 4.0784 
PPHROR 0.0 0.0 0.0 0.0 0.0 0.0 0.0 0.0 0.0 0.0 0.0 0.0 0.0 0.0 0.0 0.0 0.0 0.0 0.0 0.0 0.0 0.0 0.0 0.0 0.0 0.0 0.0 0.0 0.0 0.0 0.0 0.0 0.0 
PPWNDON 1.6977 2.7835 3.8843 4.343 4.1454 3.9831 3.9831 3.9831 3.9831 3.9831 3.9831 3.9831 3.9831 3.9831 3.9831 3.9831 3.9831 3.9831 3.9831 3.9831 3.9831 3.9831 3.9831 3.9831 3.9831 3.9831 3.9831 3.9831 3.9831 3.9831 3.9831 3.9831 3.9831 
PPPVT 0.2878 0.5629 1.076 1.7146 2.5825 3.909 3.909 3.909 3.909 3.909 3.909 3.909 3.909 3.909 3.909 3.909 3.909 3.909 3.909 3.909 3.909 3.909 3.909 3.909 3.909 3.909 3.909 3.909 3.909 3.909 3.909 3.909 3.909 
PPPVTS 0.0 0.0 0.0 0.0 0.0 0.0 0.0 0.0 0.0 0.0 0.0 0.0 0.0 0.0 0.0 0.0 0.0 0.0 0.0 0.0 0.0 0.0 0.0 0.0 0.0 0.0 0.0 0.0 0.0 0.0 0.0 0.0 0.0 
PPPVD 0.6181 0.8716 1.1765 1.4598 1.8747 2.1263 2.1263 2.1263 2.1263 2.1263 2.1263 2.1263 2.1263 2.1263 2.1263 2.1263 2.1263 2.1263 2.1263 2.1263 2.1263 2.1263 2.1263 2.1263 2.1263 2.1263 2.1263 2.1263 2.1263 2.1263 2.1263 2.1263 2.1263 
PPWNDOFF 0.0 0.0 0.0 0.0 0.0 0.0 0.0 0.0 0.0 0.0 0.0 0.0 0.0 0.0 0.0 0.0 0.0 0.0 0.0 0.0 0.0 0.0 0.0 0.0 0.0 0.0 0.0 0.0 0.0 0.0 0.0 0.0 0.0 
PPDHYD 0.2282 0.2282 0.2282 0.2282 0.2282 0.2282 0.2282 0.2282 0.2282 0.2282 0.2282 0.2282 0.2282 0.2282 0.2282 0.2282 0.2282 0.2282 0.2282 0.2282 0.2282 0.2282 0.2282 0.2282 0.2282 0.2282 0.2282 0.2282 0.2282 0.2282 0.2282 0.2282 0.2282 
REF_DSL 14.8203 14.0877 5.5539 12.5532 12.5532 12.5532 12.5532 12.5532 12.5532 12.5532 12.5532 12.5532 12.5532 12.5532 12.5532 12.5532 12.5532 12.5532 12.5532 12.5532 12.5532 12.5532 12.5532 12.5532 12.5532 12.5532 12.5532 12.5532 12.5532 12.5532 12.5532 12.5532 12.5532 
REF_GSL 11.1771 10.5435 4.158 10.6128 10.6128 10.6128 10.6128 10.6128 10.6128 10.6128 10.6128 10.6128 10.6128 10.6128 10.6128 10.6128 10.6128 10.6128 10.6128 10.6128 10.6128 10.6128 10.6128 10.6128 10.6128 10.6128 10.6128 10.6128 10.6128 10.6128 10.6128 10.6128 10.6128 
REF_LPG 0.6237 1.2078 0.7623 1.584 1.584 1.584 1.584 1.584 1.584 1.584 1.584 1.584 1.584 1.584 1.584 1.584 1.584 1.584 1.584 1.584 1.584 1.584 1.584 1.584 1.584 1.584 1.584 1.584 1.584 1.584 1.584 1.584 1.584 
REF_FOI 14.5728 12.9888 5.3856 14.4243 14.4243 14.4243 14.4243 14.4243 14.4243 14.4243 14.4243 14.4243 14.4243 14.4243 14.4243 14.4243 14.4243 14.4243 14.4243 14.4243 14.4243 14.4243 14.4243 14.4243 14.4243 14.4243 14.4243 14.4243 14.4243 14.4243 14.4243 14.4243 14.4243 
PPBIM 0.7116 0.7286 0.5915 0.7867 0.7484 0.7973 0.7417 0.7417 0.7417 0.7417 0.7417 0.7417 0.7417 0.7417 0.7417 0.7417 0.7417 0.7417 0.7417 0.7417 0.7417 0.7417 0.7417 0.7417 0.7417 0.7417 0.7417 0.7417 0.7417 0.7417 0.7417 0.7417 0.7417 
PPCOA 7.2507 12.9155 23.3464 23.5046 24.4311 26.4449 26.4449 26.4449 26.4449 26.4449 26.4449 26.4449 26.4449 26.4449 26.4449 26.4449 26.4449 26.4449 26.4449 26.4449 26.4449 26.4449 26.4449 26.4449 26.4449 26.4449 26.4449 26.4449 26.4449 26.4449 26.4449 26.4449 26.4449 
PPCCTDSL 0.0 0.0 0.6055 0.3217 0.1171 0.3022 0.3022 0.3022 0.3022 0.3022 0.3022 0.3022 0.3022 0.3022 0.3022 0.3022 0.3022 0.3022 0.3022 0.3022 0.3022 0.3022 0.3022 0.3022 0.3022 0.3022 0.3022 0.3022 0.3022 0.3022 0.3022 0.3022 0.3022 
PPCCTNGS 15.7504 15.2754 13.8297 21.0548 15.8373 18.4439 17.898 17.898 17.898 17.898 17.898 17.898 17.898 17.898 17.898 17.898 17.898 17.898 17.898 17.898 17.898 17.898 17.898 17.898 17.898 17.898 17.898 17.898 17.898 17.898 17.898 17.898 17.898 
PPCCTNGSDSL 0.0 0.0 0.0 0.0 0.0 0.0 0.0 0.0 0.0 0.0 0.0 0.0 0.0 0.0 0.0 0.0 0.0 0.0 0.0 0.0 0.0 0.0 0.0 0.0 0.0 0.0 0.0 0.0 0.0 0.0 0.0 0.0 0.0 
PPICEFOI 19.7304 20.9528 10.4862 9.652 12.1351 9.1011 0.0 0.0 0.0 0.0 0.0 0.0 0.0 0.0 0.0 0.0 0.0 0.0 0.0 0.0 0.0 0.0 0.0 0.0 0.0 0.0 0.0 0.0 0.0 0.0 0.0 0.0 0.0 
PPICEGASFOI 4.2275 4.1846 7.8063 9.2678 14.2778 12.3735 10.4109 10.4109 10.4109 10.4109 10.4109 10.4109 10.4109 10.4109 10.4109 10.4109 10.4109 10.4109 10.4109 10.4109 10.4109 10.4109 10.4109 10.4109 10.4109 10.4109 10.4109 10.4109 10.4109 10.4109 10.4109 10.4109 10.4109 
PPADSL 1.0375 0.0153 0.022 0.0142 0.0148 0.0148 0.0148 0.0148 0.0148 0.0148 0.0148 0.0148 0.0148 0.0148 0.0148 0.0148 0.0148 0.0148 0.0148 0.0148 0.0148 0.0148 0.0148 0.0148 0.0148 0.0148 0.0148 0.0148 0.0148 0.0148 0.0148 0.0148 0.0148 
PPAFOI 3.6078 3.4278 2.1329 3.0362 4.0223 4.0223 4.0223 4.0223 4.0223 4.0223 4.0223 4.0223 4.0223 4.0223 4.0223 4.0223 4.0223 4.0223 4.0223 4.0223 4.0223 4.0223 4.0223 4.0223 4.0223 4.0223 4.0223 4.0223 4.0223 4.0223 4.0223 4.0223 4.0223 
PPANGS 0.2296 1.4561 1.1502 1.2958 2.1664 2.1664 2.1664 2.1664 2.1664 2.1664 2.1664 2.1664 2.1664 2.1664 2.1664 2.1664 2.1664 2.1664 2.1664 2.1664 2.1664 2.1664 2.1664 2.1664 2.1664 2.1664 2.1664 2.1664 2.1664 2.1664 2.1664 2.1664 2.1664 
PPDBGS 0.0554 0.0554 0.0554 0.0554 0.0554 0.0554 0.0554 0.0554 0.0554 0.0554 0.0554 0.0554 0.0554 0.0554 0.0554 0.0554 0.0554 0.0554 0.0554 0.0554 0.0554 0.0554 0.0554 0.0554 0.0554 0.0554 0.0554 0.0554 0.0554 0.0554 0.0554 0.0554 0.0554 
PPDDSL 6.8593 7.0223 3.2578 3.5431 3.2685 3.2685 3.2685 3.2685 3.2685 3.2685 3.2685 3.2685 3.2685 3.2685 3.2685 3.2685 3.2685 3.2685 3.2685 3.2685 3.2685 3.2685 3.2685 3.2685 3.2685 3.2685 3.2685 3.2685 3.2685 3.2685 3.2685 3.2685 3.2685 
PPDFOI 0.3607 0.3722 0.1972 0.1828 0.1636 0.1636 0.1636 0.1636 0.1636 0.1636 0.1636 0.1636 0.1636 0.1636 0.1636 0.1636 0.1636 0.1636 0.1636 0.1636 0.1636 0.1636 0.1636 0.1636 0.1636 0.1636 0.1636 0.1636 0.1636 0.1636 0.1636 0.1636 0.1636 
PPDNGS 0.0015 0.0006 0.0 0.0 0.0 0.0 0.0 0.0 0.0 0.0 0.0 0.0 0.0 0.0 0.0 0.0 0.0 0.0 0.0 0.0 0.0 0.0 0.0 0.0 0.0 0.0 0.0 0.0 0.0 0.0 0.0 0.0 0.0 
PPDGSL 0.0456 0.0555 0.0536 0.0559 0.0568 0.0614 0.0614 0.0614 0.0614 0.0614 0.0614 0.0614 0.0614 0.0614 0.0614 0.0614 0.0614 0.0614 0.0614 0.0614 0.0614 0.0614 0.0614 0.0614 0.0614 0.0614 0.0614 0.0614 0.0614 0.0614 0.0614 0.0614 0.0614 
PPDGLP 0.0028 0.0029 0.0024 0.0027 0.0029 0.003 0.003 0.003 0.003 0.003 0.003 0.003 0.003 0.003 0.003 0.003 0.003 0.003 0.003 0.003 0.003 0.003 0.003 0.003 0.003 0.003 0.003 0.003 0.003 0.003 0.003 0.003 0.003 
PPDBIM 0.2282 0.2437 0.2126 0.2292 0.2479 0.2531 0.2531 0.2531 0.2531 0.2531 0.2531 0.2531 0.2531 0.2531 0.2531 0.2531 0.2531 0.2531 0.2531 0.2531 0.2531 0.2531 0.2531 0.2531 0.2531 0.2531 0.2531 0.2531 0.2531 0.2531 0.2531 0.2531 0.2531 
TRAUTDSL 0.3298 0.3472 0.3211 0.3624 0.3855 0.3912 0.4039 0.4165 0.4283 0.4403 0.4529 0.4651 0.4772 0.4882 0.4994 0.5108 0.5224 0.5342 0.5441 0.5542 0.5644 0.5748 0.5853 0.5939 0.6025 0.6112 0.62 0.6289 0.6358 0.6428 0.6498 0.6569 0.6641 
TRAUTGSL 4.6174 4.7919 4.43 5.0014 5.3208 5.3994 5.5734 5.7476 5.9598 6.1768 6.4066 6.632 6.8592 7.0176 7.1788 7.3427 7.5094 7.679 7.8219 7.9669 8.1138 8.2628 8.4138 8.5366 8.6607 8.7862 8.913 9.0412 9.1407 9.2411 9.3423 9.4443 9.5472 
TRAUTLPG 1.4512 1.5278 1.4125 1.5946 1.6965 1.7216 1.777 1.8325 1.8846 1.9373 1.9931 2.0467 2.0999 2.1484 2.1978 2.2479 2.299 2.3509 2.3947 2.439 2.484 2.5297 2.5759 2.6134 2.6514 2.6898 2.7285 2.7677 2.7982 2.8289 2.8598 2.891 2.9225 
TRAUTELE 0.264 0.2664 0.2207 0.2478 0.2687 0.267 0.2682 0.2695 0.259 0.248 0.2369 0.2248 0.2123 0.2123 0.2123 0.2125 0.2129 0.2133 0.2135 0.2137 0.214 0.2126 0.2097 0.2044 0.2003 0.1971 0.1947 0.1929 0.1912 0.1878 0.183 0.1785 0.1757 
TRTAXGSL 0.0313 0.033 0.0305 0.0345 0.0367 0.0372 0.0384 0.0396 0.0407 0.0418 0.043 0.0442 0.0453 0.0463 0.0474 0.0485 0.0496 0.0507 0.0517 0.0526 0.0536 0.0546 0.0556 0.0564 0.0572 0.058 0.0589 0.0597 0.0604 0.061 0.0617 0.0624 0.063 
TRTAXLPG 1.5061 1.5868 1.4671 1.6563 1.762 1.788 1.8456 1.9033 1.9662 2.0304 2.0984 2.1645 2.2307 2.2822 2.3346 2.388 2.4421 2.4973 2.5439 2.5909 2.6387 2.6872 2.7363 2.7762 2.8165 2.8573 2.8985 2.9401 2.9724 3.005 3.0379 3.071 3.1045 
TRMOTGSL 24.6314 25.672 23.7337 26.7943 28.5057 28.9268 29.8591 30.7921 31.8311 32.8905 34.0117 35.1049 36.2016 37.0377 37.8882 38.7534 39.6333 40.5284 41.2827 42.0477 42.8232 43.6096 44.4068 45.054 45.7084 46.3698 47.0385 47.7144 48.2391 48.7681 49.3015 49.8393 50.3814 
TRMOTELE 0.5028 0.5074 0.4204 0.4721 0.5121 0.5088 0.511 0.5136 0.4936 0.4717 0.4483 0.4227 0.3955 0.3913 0.3879 0.3851 0.383 0.3815 0.3795 0.378 0.375 0.371 0.3663 0.3619 0.3585 0.3562 0.3548 0.352 0.3477 0.3438 0.3409 0.3395 0.3396 
TRSUVDSL 0.8083 0.8508 0.7865 0.8879 0.9447 0.9587 0.9895 1.0205 1.0493 1.0785 1.1094 1.1391 1.1685 1.1955 1.223 1.2509 1.2793 1.3082 1.3325 1.3572 1.3823 1.4077 1.4334 1.4543 1.4754 1.4967 1.5183 1.5401 1.5571 1.5742 1.5914 1.6087 1.6262 
TRSUVGSL 0.9766 1.028 0.9504 1.073 1.1415 1.1584 1.1957 1.233 1.2687 1.3048 1.3431 1.3799 1.4165 1.4492 1.4825 1.5163 1.5508 1.5858 1.6153 1.6452 1.6756 1.7064 1.7375 1.7629 1.7885 1.8143 1.8405 1.867 1.8875 1.9082 1.929 1.9501 1.9713 
TRSUVLPG 1.2797 1.3471 1.2453 1.4059 1.4957 1.5179 1.5668 1.6158 1.6616 1.7081 1.7573 1.8045 1.8514 1.8941 1.9376 1.9819 2.0269 2.0727 2.1112 2.1503 2.19 2.2303 2.271 2.3041 2.3376 2.3714 2.4056 2.4402 2.467 2.4941 2.5213 2.5488 2.5765 
TRSUVNGS 0.2695 0.26 0.2294 0.259 0.2755 0.2796 0.2886 0.2976 0.3246 0.3528 0.3827 0.4132 0.4447 0.4549 0.4654 0.476 0.4868 0.4978 0.5071 0.5165 0.526 0.5357 0.5454 0.5534 0.5614 0.5696 0.5778 0.5861 0.5925 0.599 0.6056 0.6122 0.6188 
TRBPUDSL 0.067 0.0688 0.0636 0.0718 0.0763 0.0774 0.08 0.0825 0.0849 0.0872 0.0897 0.0921 0.0945 0.0967 0.0989 0.1012 0.1035 0.1058 0.1078 0.1098 0.1118 0.1139 0.1159 0.1176 0.1194 0.1211 0.1228 0.1246 0.1259 0.1273 0.1287 0.1301 0.1315 
TRBPUGSL 0.0719 0.0756 0.07 0.0789 0.084 0.0852 0.088 0.0907 0.0947 0.0987 0.103 0.1072 0.1115 0.1141 0.1168 0.1194 0.1221 0.1249 0.1272 0.1296 0.132 0.1344 0.1368 0.1388 0.1409 0.1429 0.145 0.147 0.1486 0.1503 0.1519 0.1536 0.1552 
TRBPULPG 0.0213 0.0224 0.0207 0.0234 0.0249 0.0251 0.026 0.0268 0.0276 0.0284 0.0292 0.0299 0.0307 0.0314 0.0321 0.0329 0.0336 0.0344 0.035 0.0357 0.0363 0.037 0.0377 0.0382 0.0388 0.0393 0.0399 0.0405 0.0409 0.0414 0.0418 0.0423 0.0427 
TRBTURDSL 0.0153 0.0157 0.0145 0.0164 0.0174 0.0177 0.0183 0.0188 0.0193 0.0199 0.0204 0.021 0.0216 0.0221 0.0226 0.0231 0.0236 0.0242 0.0246 0.0251 0.0256 0.026 0.0265 0.0269 0.0273 0.0277 0.0281 0.0285 0.0288 0.0291 0.0294 0.0298 0.0301 
TRBTURGSL 0.0168 0.0173 0.016 0.018 0.0192 0.0194 0.0201 0.0207 0.0215 0.0225 0.0234 0.0244 0.0254 0.026 0.0266 0.0272 0.0278 0.0284 0.029 0.0295 0.03 0.0306 0.0312 0.0316 0.0321 0.0325 0.033 0.0335 0.0338 0.0342 0.0346 0.035 0.0353 
TRBTURLPG 0.0048 0.0051 0.0047 0.0053 0.0057 0.0057 0.0059 0.0061 0.0063 0.0064 0.0066 0.0068 0.007 0.0071 0.0073 0.0075 0.0076 0.0078 0.0079 0.0081 0.0082 0.0084 0.0086 0.0087 0.0088 0.0089 0.0091 0.0092 0.0093 0.0094 0.0095 0.0096 0.0097 
TRMBSDSL 1.7115 1.7581 1.6253 1.8349 1.9521 1.9809 2.0447 2.1087 2.1685 2.2291 2.2932 2.3547 2.4159 2.4716 2.5284 2.5861 2.6449 2.7046 2.755 2.806 2.8577 2.9102 2.9634 3.0066 3.0503 3.0944 3.139 3.1841 3.2192 3.2545 3.2901 3.326 3.3621 
TRMBSGSL 1.8784 1.9338 1.7878 2.0184 2.1473 2.179 2.2492 2.3196 2.42 2.5233 2.6327 2.7411 2.851 2.9168 2.9838 3.0519 3.1213 3.1917 3.2512 3.3114 3.3724 3.4344 3.4971 3.5481 3.5997 3.6518 3.7044 3.7576 3.799 3.8406 3.8826 3.925 3.9677 
TRMBSLPG 0.5426 0.5714 0.5282 0.5963 0.6344 0.6438 0.6646 0.6853 0.7047 0.7244 0.7451 0.7651 0.7849 0.803 0.8215 0.8402 0.8593 0.8787 0.8951 0.9117 0.9285 0.9455 0.9628 0.9768 0.991 1.0054 1.0199 1.0345 1.0459 1.0574 1.0689 1.0806 1.0924 
TRYTKDSL 0.2026 0.2112 0.1952 0.2204 0.2344 0.2378 0.2455 0.2533 0.2607 0.2682 0.2761 0.2838 0.2914 0.2981 0.305 0.3119 0.319 0.3262 0.3323 0.3384 0.3447 0.3511 0.3575 0.3626 0.368 0.3732 0.3787 0.3841 0.3883 0.3926 0.3968 0.4012 0.4056 
TRYTKGSL 0.0021 0.0022 0.002 0.0023 0.0024 0.0025 0.0025 0.0026 0.0036 0.0047 0.0058 0.007 0.0083 0.0085 0.0087 0.0089 0.0091 0.0093 0.0094 0.0096 0.0098 0.01 0.0101 0.0103 0.0104 0.0106 0.0107 0.0109 0.011 0.0111 0.0113 0.0114 0.0115 
TRYLFDSL 3.1808 3.3492 3.0963 3.4956 3.719 3.7738 3.8954 4.0172 4.1521 4.2896 4.4351 4.577 4.7193 4.8282 4.9391 5.0519 5.1666 5.2833 5.3816 5.4813 5.5825 5.685 5.7889 5.8733 5.9585 6.0448 6.1319 6.2201 6.2885 6.3574 6.4269 6.497 6.5677 
TRYLFGSL 0.1631 0.1718 0.1588 0.1792 0.1907 0.1935 0.1998 0.206 0.2141 0.2225 0.2314 0.2401 0.2489 0.2547 0.2605 0.2665 0.2725 0.2787 0.2838 0.2891 0.2944 0.2998 0.3053 0.3098 0.3143 0.3188 0.3234 0.3281 0.3317 0.3353 0.339 0.3427 0.3464 
TRYLFLPG 0.6932 0.687 0.6351 0.7171 0.7629 0.7741 0.7991 0.824 0.8475 0.8711 0.8962 0.9203 0.9442 0.966 0.9882 1.0108 1.0337 1.0571 1.0767 1.0967 1.1169 1.1374 1.1582 1.1751 1.1921 1.2094 1.2268 1.2445 1.2582 1.272 1.2859 1.2999 1.314 
TRSUVELE 0.0 0.0 0.0 0.0 0.0 0.0 0.0 0.0 0.0 0.0 0.0 0.0 0.0 0.0 0.0 0.0 0.0 0.0 0.0 0.0 0.0 0.0 0.0 0.0 0.0 0.0 0.0 0.0 0.0 0.0 0.0 0.0 0.0 
TRTAXELE 0.0 0.0 0.0 0.0 0.0 0.0 0.0 0.0 0.0 0.0 0.0 0.0 0.0 0.0 0.0 0.0 0.0 0.0 0.0 0.0 0.0 0.0 0.0 0.0 0.0 0.0 0.0 0.0 0.0 0.0 0.0 0.0 0.0 
TRBPUELE 0.0 0.0 0.0 0.0 0.0 0.0 0.0 0.0 0.0 0.0 0.0 0.0 0.0 0.0 0.0 0.0 0.0 0.0 0.0 0.0 0.0 0.0 0.0 0.0 0.0 0.0 0.0 0.0 0.0 0.0 0.0 0.0 0.0 
TRBTURELE 0.0 0.0 0.0 0.0 0.0 0.0 0.0 0.0 0.0 0.0 0.0 0.0 0.0 0.0 0.0 0.0 0.0 0.0 0.0 0.0 0.0 0.0 0.0 0.0 0.0 0.0 0.0 0.0 0.0 0.0 0.0 0.0 0.0 
TRMBSELE 0.0 0.0 0.0 0.0 0.0 0.0 0.0 0.0 0.0 0.0 0.0 0.0 0.0 0.0 0.0 0.0 0.0 0.0 0.0 0.0 0.0 0.0 0.0 0.0 0.0 0.0 0.0 0.0 0.0 0.0 0.0 0.0 0.0 
TRYLFELE 0.0 0.0 0.0 0.0 0.0 0.0 0.0 0.0 0.0 0.0 0.0 0.0 0.0 0.0 0.0 0.0 0.0 0.0 0.0 0.0 0.0 0.0 0.0 0.0 0.0 0.0 0.0 0.0 0.0 0.0 0.0 0.0 0.0 
TRYLFHD 0.0 0.0 0.0 0.0 0.0 0.0 0.0 0.0 0.0 0.0 0.0 0.0 0.0 0.0 0.0 0.0 0.0 0.0 0.0 0.0 0.0 0.0 0.0 0.0 0.0 0.0 0.0 0.0 0.0 0.0 0.0 0.0 0.0 
TRYTKLPG 0.0 0.0 0.0 0.0 0.0 0.0 0.0 0.0 0.0 0.0 0.0 0.0 0.0 0.0 0.0 0.0 0.0 0.0 0.0 0.0 0.0 0.0 0.0 0.0 0.0 0.0 0.0 0.0 0.0 0.0 0.0 0.0 0.0 
TRYTKELE 0.0 0.0 0.0 0.0 0.0 0.0 0.0 0.0 0.0 0.0 0.0 0.0 0.0 0.0 0.0 0.0 0.0 0.0 0.0 0.0 0.0 0.0 0.0 0.0 0.0 0.0 0.0 0.0 0.0 0.0 0.0 0.0 0.0 
TRYTKHYD 0.0 0.0 0.0 0.0 0.0 0.0 0.0 0.0 0.0 0.0 0.0 0.0 0.0 0.0 0.0 0.0 0.0 0.0 0.0 0.0 0.0 0.0 0.0 0.0 0.0 0.0 0.0 0.0 0.0 0.0 0.0 0.0 0.0 
TRYTKHD 0.0 0.0 0.0 0.0 0.0 0.0 0.0 0.0 0.0 0.0 0.0 0.0 0.0 0.0 0.0 0.0 0.0 0.0 0.0 0.0 0.0 0.0 0.0 0.0 0.0 0.0 0.0 0.0 0.0 0.0 0.0 0.0 0.0 
;

param TotalTechnologyAnnualActivityUpperLimit default 99999999999 :=
[RD,*,*]:
2018 2019 2020 2021 2022 2023 2024 2025 2026 2027 2028 2029 2030 2031 2032 2033 2034 2035 2036 2037 2038 2039 2040 2041 2042 2043 2044 2045 2046 2047 2048 2049 2050 :=
DIST_CRU 53.09 52.69 21.63 51.22 51.22 51.22 51.22 51.22 51.22 51.22 51.22 51.22 51.22 51.22 51.22 51.22 51.22 51.22 51.22 51.22 51.22 51.22 51.22 51.22 51.22 51.22 51.22 51.22 51.22 51.22 51.22 51.22 51.22 
PRO_COA 2.9593 2.9564 3.1204 3.1439 3.5658 3.1492 3.1492 3.1492 3.1492 3.1492 3.1492 3.1492 3.1492 3.1492 3.1492 3.1492 3.1492 3.1492 3.1492 3.1492 3.1492 3.1492 3.1492 3.1492 3.1492 3.1492 3.1492 3.1492 3.1492 3.1492 3.1492 3.1492 3.1492 
IMP_ELE 0.0 0.0 0.0 0.0 0.0 0.0 0.0 0.0 0.0 0.0 0.0 0.0 0.0 0.0 0.0 0.0 0.0 0.0 0.0 0.0 0.0 0.0 0.0 0.0 0.0 0.0 0.0 0.0 0.0 0.0 0.0 0.0 0.0 
EXTT_CRU 51.4942 49.3542 19.1841 49.6584 46.2945 43.1971 43.1971 43.1971 43.1971 43.1971 43.1971 43.1971 43.1971 43.1971 43.1971 43.1971 43.1971 43.1971 43.1971 43.1971 43.1971 43.1971 43.1971 43.1971 43.1971 43.1971 43.1971 43.1971 43.1971 43.1971 43.1971 43.1971 43.1971 
EXTT_NGS 0.0 0.0 0.0 0.0 0.0 0.0 0.0 0.0 0.0 0.0 0.0 0.0 0.0 0.0 0.0 0.0 0.0 0.0 0.0 0.0 0.0 0.0 0.0 0.0 0.0 0.0 0.0 0.0 0.0 0.0 0.0 0.0 0.0 
PPDHYD 0.2328 0.2328 0.2328 0.2328 0.2328 0.2328 0.2328 0.2328 0.2328 0.2328 0.2328 0.2328 0.2328 0.2328 0.2328 0.2328 0.2328 0.2328 0.2328 0.2328 0.2328 0.2328 0.2328 0.2328 0.2328 0.2328 0.2328 0.2328 0.2328 0.2328 0.2328 0.2328 0.2328 
REF_DSL 14.97 14.23 5.61 12.68 12.68 12.68 12.68 12.68 12.68 12.68 12.68 12.68 12.68 12.68 12.68 12.68 12.68 12.68 12.68 12.68 12.68 12.68 12.68 12.68 12.68 12.68 12.68 12.68 12.68 12.68 12.68 12.68 12.68 
REF_GSL 11.29 10.65 4.2 10.72 10.72 10.72 10.72 10.72 10.72 10.72 10.72 10.72 10.72 10.72 10.72 10.72 10.72 10.72 10.72 10.72 10.72 10.72 10.72 10.72 10.72 10.72 10.72 10.72 10.72 10.72 10.72 10.72 10.72 
REF_LPG 0.63 1.22 0.77 1.6 1.6 1.6 1.6 1.6 1.6 1.6 1.6 1.6 1.6 1.6 1.6 1.6 1.6 1.6 1.6 1.6 1.6 1.6 1.6 1.6 1.6 1.6 1.6 1.6 1.6 1.6 1.6 1.6 1.6 
REF_FOI 14.72 13.12 5.44 14.57 14.57 14.57 14.57 14.57 14.57 14.57 14.57 14.57 14.57 14.57 14.57 14.57 14.57 14.57 14.57 14.57 14.57 14.57 14.57 14.57 14.57 14.57 14.57 14.57 14.57 14.57 14.57 14.57 14.57 
PPBGS 16.0 6.0 0.0 0.0 0.0 0.0 0.0 0.0 0.0 0.0 0.0 0.0 0.0 0.0 0.0 0.0 0.0 0.0 0.0 0.0 0.0 0.0 0.0 0.0 0.0 0.0 0.0 0.0 0.0 0.0 0.0 0.0 0.0 
PPADSL 1.0587 0.0156 0.0224 0.0145 0.0151 0.0151 0.0151 0.0151 0.0151 0.0151 0.0151 0.0151 0.0151 0.0151 0.0151 0.0151 0.0151 0.0151 0.0151 0.0151 0.0151 0.0151 0.0151 0.0151 0.0151 0.0151 0.0151 0.0151 0.0151 0.0151 0.0151 0.0151 0.0151 
PPAFOI 3.6814 3.4977 2.1764 3.0982 4.1044 4.1044 4.1044 4.1044 4.1044 4.1044 4.1044 4.1044 4.1044 4.1044 4.1044 4.1044 4.1044 4.1044 4.1044 4.1044 4.1044 4.1044 4.1044 4.1044 4.1044 4.1044 4.1044 4.1044 4.1044 4.1044 4.1044 4.1044 4.1044 
PPANGS 0.2343 1.4858 1.1737 1.3222 2.2107 2.2107 2.2107 2.2107 2.2107 2.2107 2.2107 2.2107 2.2107 2.2107 2.2107 2.2107 2.2107 2.2107 2.2107 2.2107 2.2107 2.2107 2.2107 2.2107 2.2107 2.2107 2.2107 2.2107 2.2107 2.2107 2.2107 2.2107 2.2107 
PPDBGS 0.0565 0.0565 0.0565 0.0565 0.0565 0.0565 0.0565 0.0565 0.0565 0.0565 0.0565 0.0565 0.0565 0.0565 0.0565 0.0565 0.0565 0.0565 0.0565 0.0565 0.0565 0.0565 0.0565 0.0565 0.0565 0.0565 0.0565 0.0565 0.0565 0.0565 0.0565 0.0565 0.0565 
PPDDSL 6.9993 7.1656 3.3243 3.6154 3.3352 3.3352 3.3352 3.3352 3.3352 3.3352 3.3352 3.3352 3.3352 3.3352 3.3352 3.3352 3.3352 3.3352 3.3352 3.3352 3.3352 3.3352 3.3352 3.3352 3.3352 3.3352 3.3352 3.3352 3.3352 3.3352 3.3352 3.3352 3.3352 
PPDFOI 0.368 0.3798 0.2013 0.1865 0.167 0.167 0.167 0.167 0.167 0.167 0.167 0.167 0.167 0.167 0.167 0.167 0.167 0.167 0.167 0.167 0.167 0.167 0.167 0.167 0.167 0.167 0.167 0.167 0.167 0.167 0.167 0.167 0.167 
PPDNGS 0.0016 0.0006 0.0 0.0 0.0 0.0 0.0 0.0 0.0 0.0 0.0 0.0 0.0 0.0 0.0 0.0 0.0 0.0 0.0 0.0 0.0 0.0 0.0 0.0 0.0 0.0 0.0 0.0 0.0 0.0 0.0 0.0 0.0 
PPDGSL 0.0466 0.0566 0.0547 0.057 0.058 0.0626 0.0626 0.0626 0.0626 0.0626 0.0626 0.0626 0.0626 0.0626 0.0626 0.0626 0.0626 0.0626 0.0626 0.0626 0.0626 0.0626 0.0626 0.0626 0.0626 0.0626 0.0626 0.0626 0.0626 0.0626 0.0626 0.0626 0.0626 
PPDGLP 0.0029 0.0029 0.0024 0.0028 0.003 0.003 0.003 0.003 0.003 0.003 0.003 0.003 0.003 0.003 0.003 0.003 0.003 0.003 0.003 0.003 0.003 0.003 0.003 0.003 0.003 0.003 0.003 0.003 0.003 0.003 0.003 0.003 0.003 
PPDBIM 0.2328 0.2487 0.2169 0.2339 0.253 0.2582 0.2582 0.2582 0.2582 0.2582 0.2582 0.2582 0.2582 0.2582 0.2582 0.2582 0.2582 0.2582 0.2582 0.2582 0.2582 0.2582 0.2582 0.2582 0.2582 0.2582 0.2582 0.2582 0.2582 0.2582 0.2582 0.2582 0.2582 
;

param VariableCost default 0 :=
[RD,DIST_FOI,*,*]:
2018 2019 2020 2021 2022 2023 2024 2025 2026 2027 2028 2029 2030 2031 2032 2033 2034 2035 2036 2037 2038 2039 2040 2041 2042 2043 2044 2045 2046 2047 2048 2049 2050 :=
1 8.85 8.85 8.12 8.3918 11.9591 12.2691 13.626 12.9492 12.4492 12.0617 12.7148 13.3679 14.021 14.1321 14.2432 14.3544 14.4655 14.5767 14.6878 14.7989 14.9101 15.0212 15.1324 15.2435 15.3547 15.4658 15.5769 15.6881 15.7992 15.9104 16.0215 16.1326 16.2438 
[RD,DIST_COK,*,*]:
2018 2019 2020 2021 2022 2023 2024 2025 2026 2027 2028 2029 2030 2031 2032 2033 2034 2035 2036 2037 2038 2039 2040 2041 2042 2043 2044 2045 2046 2047 2048 2049 2050 :=
1 4.4167 4.5006 4.5861 4.6732 4.762 4.8525 4.9447 5.0386 5.1343 5.2319 5.3313 5.4326 5.5358 5.641 5.7482 5.8574 5.9687 6.0821 6.1977 6.3155 6.4355 6.5578 6.6824 6.8094 6.9388 7.0706 7.2049 7.3418 7.4813 7.6234 7.7682 7.9158 8.0662 
[RD,PPHROR,*,*]:
2018 2019 2020 2021 2022 2023 2024 2025 2026 2027 2028 2029 2030 2031 2032 2033 2034 2035 2036 2037 2038 2039 2040 2041 2042 2043 2044 2045 2046 2047 2048 2049 2050 :=
1 0.63 0.63 0.63 0.63 0.63 0.63 0.63 0.63 0.63 0.63 0.63 0.63 0.63 0.63 0.63 0.63 0.63 0.63 0.63 0.63 0.63 0.63 0.63 0.63 0.63 0.63 0.63 0.63 0.63 0.63 0.63 0.63 0.63 
[RD,PPCCFOIDSL,*,*]:
2018 2019 2020 2021 2022 2023 2024 2025 2026 2027 2028 2029 2030 2031 2032 2033 2034 2035 2036 2037 2038 2039 2040 2041 2042 2043 2044 2045 2046 2047 2048 2049 2050 :=
1 0.0958 0.0824 0.1078 0.1427 0.1327 0.1245 0.1183 0.1137 0.1102 0.1161 0.1221 0.1281 0.1291 0.1301 0.1311 0.1321 0.1331 0.1342 0.1352 0.1362 0.1372 0.1382 0.1392 0.1403 0.1413 0.1423 0.1433 0.1443 0.1453 0.1463 0.1474 0.1484 0.1484 
[RD,DIST_NGS,*,*]:
2018 2019 2020 2021 2022 2023 2024 2025 2026 2027 2028 2029 2030 2031 2032 2033 2034 2035 2036 2037 2038 2039 2040 2041 2042 2043 2044 2045 2046 2047 2048 2049 2050 :=
1 5.3907 6.5644 5.5565 5.1476 7.6421 20.5872 7.646 6.1208 5.4194 5.0577 4.3673 3.6768 2.9863 2.9963 3.0062 3.0161 3.0261 3.036 3.0459 3.0559 3.0658 3.0757 3.0857 3.0956 3.1055 3.1154 3.1254 3.1353 3.1452 3.1552 3.1651 3.175 3.185 
[RD,PPBGS,*,*]:
2018 2019 2020 2021 2022 2023 2024 2025 2026 2027 2028 2029 2030 2031 2032 2033 2034 2035 2036 2037 2038 2039 2040 2041 2042 2043 2044 2045 2046 2047 2048 2049 2050 :=
1 0.0 0.0 0.0 0.0 0.0 0.0 0.0 0.0 0.0 0.0 0.0 0.0 0.0 0.0 0.0 0.0 0.0 0.0 0.0 0.0 0.0 0.0 0.0 0.0 0.0 0.0 0.0 0.0 0.0 0.0 0.0 0.0 0.0 
[RD,PPDDSL,*,*]:
2018 2019 2020 2021 2022 2023 2024 2025 2026 2027 2028 2029 2030 2031 2032 2033 2034 2035 2036 2037 2038 2039 2040 2041 2042 2043 2044 2045 2046 2047 2048 2049 2050 :=
1 0.3753 0.3527 0.2861 0.398 0.4633 0.3751 0.3751 0.3751 0.3751 0.3751 0.3751 0.3751 0.3751 0.3751 0.3751 0.3751 0.3751 0.3751 0.3751 0.3751 0.3751 0.3751 0.3751 0.3751 0.3751 0.3751 0.3751 0.3751 0.3751 0.3751 0.3751 0.3751 0.3751 
[RD,PPPVD,*,*]:
2018 2019 2020 2021 2022 2023 2024 2025 2026 2027 2028 2029 2030 2031 2032 2033 2034 2035 2036 2037 2038 2039 2040 2041 2042 2043 2044 2045 2046 2047 2048 2049 2050 :=
1 0.0 0.0 0.0 0.0 0.0 0.0 0.0 0.0 0.0 0.0 0.0 0.0 0.0 0.0 0.0 0.0 0.0 0.0 0.0 0.0 0.0 0.0 0.0 0.0 0.0 0.0 0.0 0.0 0.0 0.0 0.0 0.0 0.0 
[RD,PPAFOI,*,*]:
2018 2019 2020 2021 2022 2023 2024 2025 2026 2027 2028 2029 2030 2031 2032 2033 2034 2035 2036 2037 2038 2039 2040 2041 2042 2043 2044 2045 2046 2047 2048 2049 2050 :=
1 0.3753 0.3527 0.2861 0.398 0.4633 0.3751 0.3751 0.3751 0.3751 0.3751 0.3751 0.3751 0.3751 0.3751 0.3751 0.3751 0.3751 0.3751 0.3751 0.3751 0.3751 0.3751 0.3751 0.3751 0.3751 0.3751 0.3751 0.3751 0.3751 0.3751 0.3751 0.3751 0.3751 
[RD,DIST_COA,*,*]:
2018 2019 2020 2021 2022 2023 2024 2025 2026 2027 2028 2029 2030 2031 2032 2033 2034 2035 2036 2037 2038 2039 2040 2041 2042 2043 2044 2045 2046 2047 2048 2049 2050 :=
1 7.4 7.4 4.8 5.3261 16.4276 19.6303 9.6054 9.1932 8.7495 7.1289 5.5083 3.8877 3.8712 3.8546 3.8381 3.8216 3.8051 3.7886 3.7721 3.7556 3.7391 3.7226 3.7061 3.6896 3.6731 3.6566 3.6401 3.6236 3.6071 3.5906 3.5741 3.5576 3.5576 
[RD,PPGEO,*,*]:
2018 2019 2020 2021 2022 2023 2024 2025 2026 2027 2028 2029 2030 2031 2032 2033 2034 2035 2036 2037 2038 2039 2040 2041 2042 2043 2044 2045 2046 2047 2048 2049 2050 :=
1 0.001 0.001 0.001 0.001 0.001 0.001 0.001 0.001 0.001 0.001 0.001 0.001 0.001 0.001 0.001 0.001 0.001 0.001 0.001 0.001 0.001 0.001 0.001 0.001 0.001 0.001 0.001 0.001 0.001 0.001 0.001 0.001 0.001 
[RD,DIST_DSL,*,*]:
2018 2019 2020 2021 2022 2023 2024 2025 2026 2027 2028 2029 2030 2031 2032 2033 2034 2035 2036 2037 2038 2039 2040 2041 2042 2043 2044 2045 2046 2047 2048 2049 2050 :=
1 19.9482 18.6528 19.0073 19.3684 19.7364 20.1114 20.4935 20.8829 21.2797 21.684 22.096 22.5158 22.9436 23.3795 23.8237 24.2764 24.7377 25.2077 25.6866 26.1746 26.6719 27.1787 27.6951 28.2213 28.7575 29.3039 29.8607 30.4281 31.0062 31.5953 32.1956 32.8073 33.4306 
[RD,DIST_CRU,*,*]:
2018 2019 2020 2021 2022 2023 2024 2025 2026 2027 2028 2029 2030 2031 2032 2033 2034 2035 2036 2037 2038 2039 2040 2041 2042 2043 2044 2045 2046 2047 2048 2049 2050 :=
1 15.06 15.06 15.06 15.06 15.06 15.06 14.94 14.82 14.7 14.58 14.46 14.34 14.22 14.2078 14.1956 14.1833 14.1711 14.1589 14.1467 14.1344 14.1222 14.11 14.0978 14.0856 14.0733 14.0611 14.0489 14.0367 14.0244 14.0122 14.0 13.9878 13.89 
[RD,DIST_FIR,*,*]:
2018 2019 2020 2021 2022 2023 2024 2025 2026 2027 2028 2029 2030 2031 2032 2033 2034 2035 2036 2037 2038 2039 2040 2041 2042 2043 2044 2045 2046 2047 2048 2049 2050 :=
1 0.0 0.0 0.0 0.0 0.0 0.0 0.0 0.0 0.0 0.0 0.0 0.0 0.0 0.0 0.0 0.0 0.0 0.0 0.0 0.0 0.0 0.0 0.0 0.0 0.0 0.0 0.0 0.0 0.0 0.0 0.0 0.0 0.0 
[RD,PPHDAM,*,*]:
2018 2019 2020 2021 2022 2023 2024 2025 2026 2027 2028 2029 2030 2031 2032 2033 2034 2035 2036 2037 2038 2039 2040 2041 2042 2043 2044 2045 2046 2047 2048 2049 2050 :=
1 0.0 0.0 0.0 0.0 0.0 0.0 0.0 0.0 0.0 0.0 0.0 0.0 0.0 0.0 0.0 0.0 0.0 0.0 0.0 0.0 0.0 0.0 0.0 0.0 0.0 0.0 0.0 0.0 0.0 0.0 0.0 0.0 0.0 
[RD,PPDHYD,*,*]:
2018 2019 2020 2021 2022 2023 2024 2025 2026 2027 2028 2029 2030 2031 2032 2033 2034 2035 2036 2037 2038 2039 2040 2041 2042 2043 2044 2045 2046 2047 2048 2049 2050 :=
1 0.0 0.0 0.0 0.0 0.0 0.0 0.0 0.0 0.0 0.0 0.0 0.0 0.0 0.0 0.0 0.0 0.0 0.0 0.0 0.0 0.0 0.0 0.0 0.0 0.0 0.0 0.0 0.0 0.0 0.0 0.0 0.0 0.0 
[RD,REF_LPG,*,*]:
2018 2019 2020 2021 2022 2023 2024 2025 2026 2027 2028 2029 2030 2031 2032 2033 2034 2035 2036 2037 2038 2039 2040 2041 2042 2043 2044 2045 2046 2047 2048 2049 2050 :=
1 0.0 0.0 0.0 0.0 0.0 0.0 0.0 0.0 0.0 0.0 0.0 0.0 0.0 0.0 0.0 0.0 0.0 0.0 0.0 0.0 0.0 0.0 0.0 0.0 0.0 0.0 0.0 0.0 0.0 0.0 0.0 0.0 0.0 
[RD,EXTT_NGS,*,*]:
2018 2019 2020 2021 2022 2023 2024 2025 2026 2027 2028 2029 2030 2031 2032 2033 2034 2035 2036 2037 2038 2039 2040 2041 2042 2043 2044 2045 2046 2047 2048 2049 2050 :=
1 0.0 0.0 0.0 0.0 0.0 0.0 0.0 0.0 0.0 0.0 0.0 0.0 0.0 0.0 0.0 0.0 0.0 0.0 0.0 0.0 0.0 0.0 0.0 0.0 0.0 0.0 0.0 0.0 0.0 0.0 0.0 0.0 0.0 
[RD,REF_DSL,*,*]:
2018 2019 2020 2021 2022 2023 2024 2025 2026 2027 2028 2029 2030 2031 2032 2033 2034 2035 2036 2037 2038 2039 2040 2041 2042 2043 2044 2045 2046 2047 2048 2049 2050 :=
1 0.0 0.0 0.0 0.0 0.0 0.0 0.0 0.0 0.0 0.0 0.0 0.0 0.0 0.0 0.0 0.0 0.0 0.0 0.0 0.0 0.0 0.0 0.0 0.0 0.0 0.0 0.0 0.0 0.0 0.0 0.0 0.0 0.0 
[RD,REF_FOI,*,*]:
2018 2019 2020 2021 2022 2023 2024 2025 2026 2027 2028 2029 2030 2031 2032 2033 2034 2035 2036 2037 2038 2039 2040 2041 2042 2043 2044 2045 2046 2047 2048 2049 2050 :=
1 0.0 0.0 0.0 0.0 0.0 0.0 0.0 0.0 0.0 0.0 0.0 0.0 0.0 0.0 0.0 0.0 0.0 0.0 0.0 0.0 0.0 0.0 0.0 0.0 0.0 0.0 0.0 0.0 0.0 0.0 0.0 0.0 0.0 
[RD,PPCCTNGSDSL,*,*]:
2018 2019 2020 2021 2022 2023 2024 2025 2026 2027 2028 2029 2030 2031 2032 2033 2034 2035 2036 2037 2038 2039 2040 2041 2042 2043 2044 2045 2046 2047 2048 2049 2050 :=
1 0.3753 0.3527 0.2861 0.398 0.4633 0.3751 0.3751 0.3751 0.3751 0.3751 0.3751 0.3751 0.3751 0.3751 0.3751 0.3751 0.3751 0.3751 0.3751 0.3751 0.3751 0.3751 0.3751 0.3751 0.3751 0.3751 0.3751 0.3751 0.3751 0.3751 0.3751 0.3751 0.3751 
[RD,PPADSL,*,*]:
2018 2019 2020 2021 2022 2023 2024 2025 2026 2027 2028 2029 2030 2031 2032 2033 2034 2035 2036 2037 2038 2039 2040 2041 2042 2043 2044 2045 2046 2047 2048 2049 2050 :=
1 0.3753 0.3527 0.2861 0.398 0.4633 0.3751 0.3751 0.3751 0.3751 0.3751 0.3751 0.3751 0.3751 0.3751 0.3751 0.3751 0.3751 0.3751 0.3751 0.3751 0.3751 0.3751 0.3751 0.3751 0.3751 0.3751 0.3751 0.3751 0.3751 0.3751 0.3751 0.3751 0.3751 
[RD,PPPVTHYD,*,*]:
2018 2019 2020 2021 2022 2023 2024 2025 2026 2027 2028 2029 2030 2031 2032 2033 2034 2035 2036 2037 2038 2039 2040 2041 2042 2043 2044 2045 2046 2047 2048 2049 2050 :=
1 0.0 0.0 0.0 0.0 0.0 0.0 0.0 0.0 0.0 0.0 0.0 0.0 0.0 0.0 0.0 0.0 0.0 0.0 0.0 0.0 0.0 0.0 0.0 0.0 0.0 0.0 0.0 0.0 0.0 0.0 0.0 0.0 0.0 
[RD,EXTT_CRU,*,*]:
2018 2019 2020 2021 2022 2023 2024 2025 2026 2027 2028 2029 2030 2031 2032 2033 2034 2035 2036 2037 2038 2039 2040 2041 2042 2043 2044 2045 2046 2047 2048 2049 2050 :=
1 0.0 0.0 0.0 0.0 0.0 0.0 0.0 0.0 0.0 0.0 0.0 0.0 0.0 0.0 0.0 0.0 0.0 0.0 0.0 0.0 0.0 0.0 0.0 0.0 0.0 0.0 0.0 0.0 0.0 0.0 0.0 0.0 0.0 
[RD,DIST_KER,*,*]:
2018 2019 2020 2021 2022 2023 2024 2025 2026 2027 2028 2029 2030 2031 2032 2033 2034 2035 2036 2037 2038 2039 2040 2041 2042 2043 2044 2045 2046 2047 2048 2049 2050 :=
1 0.0 0.0 0.0 0.0 0.0 0.0 0.0 0.0 0.0 0.0 0.0 0.0 0.0 0.0 0.0 0.0 0.0 0.0 0.0 0.0 0.0 0.0 0.0 0.0 0.0 0.0 0.0 0.0 0.0 0.0 0.0 0.0 0.0 
[RD,PPPVT,*,*]:
2018 2019 2020 2021 2022 2023 2024 2025 2026 2027 2028 2029 2030 2031 2032 2033 2034 2035 2036 2037 2038 2039 2040 2041 2042 2043 2044 2045 2046 2047 2048 2049 2050 :=
1 0.0 0.0 0.0 0.0 0.0 0.0 0.0 0.0 0.0 0.0 0.0 0.0 0.0 0.0 0.0 0.0 0.0 0.0 0.0 0.0 0.0 0.0 0.0 0.0 0.0 0.0 0.0 0.0 0.0 0.0 0.0 0.0 0.0 
[RD,PPCCTNGS,*,*]:
2018 2019 2020 2021 2022 2023 2024 2025 2026 2027 2028 2029 2030 2031 2032 2033 2034 2035 2036 2037 2038 2039 2040 2041 2042 2043 2044 2045 2046 2047 2048 2049 2050 :=
1 0.3753 0.3527 0.2861 0.398 0.4633 0.3751 0.3751 0.3751 0.3751 0.3751 0.3751 0.3751 0.3751 0.3751 0.3751 0.3751 0.3751 0.3751 0.3751 0.3751 0.3751 0.3751 0.3751 0.3751 0.3751 0.3751 0.3751 0.3751 0.3751 0.3751 0.3751 0.3751 0.3751 
[RD,PPDGLP,*,*]:
2018 2019 2020 2021 2022 2023 2024 2025 2026 2027 2028 2029 2030 2031 2032 2033 2034 2035 2036 2037 2038 2039 2040 2041 2042 2043 2044 2045 2046 2047 2048 2049 2050 :=
1 0.3753 0.3527 0.2861 0.398 0.4633 0.3751 0.3751 0.3751 0.3751 0.3751 0.3751 0.3751 0.3751 0.3751 0.3751 0.3751 0.3751 0.3751 0.3751 0.3751 0.3751 0.3751 0.3751 0.3751 0.3751 0.3751 0.3751 0.3751 0.3751 0.3751 0.3751 0.3751 0.3751 
[RD,PRO_COA,*,*]:
2018 2019 2020 2021 2022 2023 2024 2025 2026 2027 2028 2029 2030 2031 2032 2033 2034 2035 2036 2037 2038 2039 2040 2041 2042 2043 2044 2045 2046 2047 2048 2049 2050 :=
1 0.0 0.0 0.0 0.0 0.0 0.0 0.0 0.0 0.0 0.0 0.0 0.0 0.0 0.0 0.0 0.0 0.0 0.0 0.0 0.0 0.0 0.0 0.0 0.0 0.0 0.0 0.0 0.0 0.0 0.0 0.0 0.0 0.0 
[RD,PPPVTS,*,*]:
2018 2019 2020 2021 2022 2023 2024 2025 2026 2027 2028 2029 2030 2031 2032 2033 2034 2035 2036 2037 2038 2039 2040 2041 2042 2043 2044 2045 2046 2047 2048 2049 2050 :=
1 0.0 0.0 0.0 0.0 0.0 0.0 0.0 0.0 0.0 0.0 0.0 0.0 0.0 0.0 0.0 0.0 0.0 0.0 0.0 0.0 0.0 0.0 0.0 0.0 0.0 0.0 0.0 0.0 0.0 0.0 0.0 0.0 0.0 
[RD,DIST_BIM,*,*]:
2018 2019 2020 2021 2022 2023 2024 2025 2026 2027 2028 2029 2030 2031 2032 2033 2034 2035 2036 2037 2038 2039 2040 2041 2042 2043 2044 2045 2046 2047 2048 2049 2050 :=
1 10.833 10.833 10.833 10.833 10.833 10.833 10.833 10.833 10.833 10.833 10.833 10.833 10.833 10.833 10.833 10.833 10.833 10.833 10.833 10.833 10.833 10.833 10.833 10.833 10.833 10.833 10.833 10.833 10.833 10.833 10.833 10.833 10.833 
[RD,PPDBIM,*,*]:
2018 2019 2020 2021 2022 2023 2024 2025 2026 2027 2028 2029 2030 2031 2032 2033 2034 2035 2036 2037 2038 2039 2040 2041 2042 2043 2044 2045 2046 2047 2048 2049 2050 :=
1 0.3753 0.3527 0.2861 0.398 0.4633 0.3751 0.3751 0.3751 0.3751 0.3751 0.3751 0.3751 0.3751 0.3751 0.3751 0.3751 0.3751 0.3751 0.3751 0.3751 0.3751 0.3751 0.3751 0.3751 0.3751 0.3751 0.3751 0.3751 0.3751 0.3751 0.3751 0.3751 0.3751 
[RD,PPDNGS,*,*]:
2018 2019 2020 2021 2022 2023 2024 2025 2026 2027 2028 2029 2030 2031 2032 2033 2034 2035 2036 2037 2038 2039 2040 2041 2042 2043 2044 2045 2046 2047 2048 2049 2050 :=
1 0.3753 0.3527 0.2861 0.398 0.4633 0.3751 0.3751 0.3751 0.3751 0.3751 0.3751 0.3751 0.3751 0.3751 0.3751 0.3751 0.3751 0.3751 0.3751 0.3751 0.3751 0.3751 0.3751 0.3751 0.3751 0.3751 0.3751 0.3751 0.3751 0.3751 0.3751 0.3751 0.3751 
[RD,DIST_LPG,*,*]:
2018 2019 2020 2021 2022 2023 2024 2025 2026 2027 2028 2029 2030 2031 2032 2033 2034 2035 2036 2037 2038 2039 2040 2041 2042 2043 2044 2045 2046 2047 2048 2049 2050 :=
1 28.636 26.821 27.3306 27.8499 28.379 28.9182 29.4676 30.0275 30.598 31.1794 31.7718 32.3755 32.9906 33.6174 34.2561 34.907 35.5702 36.246 36.9347 37.6365 38.3516 39.0803 39.8228 40.5794 41.3504 42.1361 42.9367 43.7525 44.5838 45.4309 46.2941 47.1737 48.07 
[RD,DIST_BGS,*,*]:
2018 2019 2020 2021 2022 2023 2024 2025 2026 2027 2028 2029 2030 2031 2032 2033 2034 2035 2036 2037 2038 2039 2040 2041 2042 2043 2044 2045 2046 2047 2048 2049 2050 :=
1 0.0 0.0 0.0 0.0 0.0 0.0 0.0 0.0 0.0 0.0 0.0 0.0 0.0 0.0 0.0 0.0 0.0 0.0 0.0 0.0 0.0 0.0 0.0 0.0 0.0 0.0 0.0 0.0 0.0 0.0 0.0 0.0 0.0 
[RD,PPBIM,*,*]:
2018 2019 2020 2021 2022 2023 2024 2025 2026 2027 2028 2029 2030 2031 2032 2033 2034 2035 2036 2037 2038 2039 2040 2041 2042 2043 2044 2045 2046 2047 2048 2049 2050 :=
1 1.5806 1.5806 1.5806 1.5806 1.5806 1.5806 1.5806 1.5806 1.5806 1.5806 1.5806 1.5806 1.5806 1.5806 1.5806 1.5806 1.5806 1.5806 1.5806 1.5806 1.5806 1.5806 1.5806 1.5806 1.5806 1.5806 1.5806 1.5806 1.5806 1.5806 1.5806 1.5806 1.5806 
[RD,REF_GSL,*,*]:
2018 2019 2020 2021 2022 2023 2024 2025 2026 2027 2028 2029 2030 2031 2032 2033 2034 2035 2036 2037 2038 2039 2040 2041 2042 2043 2044 2045 2046 2047 2048 2049 2050 :=
1 0.0 0.0 0.0 0.0 0.0 0.0 0.0 0.0 0.0 0.0 0.0 0.0 0.0 0.0 0.0 0.0 0.0 0.0 0.0 0.0 0.0 0.0 0.0 0.0 0.0 0.0 0.0 0.0 0.0 0.0 0.0 0.0 0.0 
[RD,PPCOA,*,*]:
2018 2019 2020 2021 2022 2023 2024 2025 2026 2027 2028 2029 2030 2031 2032 2033 2034 2035 2036 2037 2038 2039 2040 2041 2042 2043 2044 2045 2046 2047 2048 2049 2050 :=
1 0.9794 0.8028 1.1972 0.7056 0.7056 0.7056 0.7056 0.7056 0.7056 0.7056 0.7056 0.7056 0.7056 0.7056 0.7056 0.7056 0.7056 0.7056 0.7056 0.7056 0.7056 0.7056 0.7056 0.7056 0.7056 0.7056 0.7056 0.7056 0.7056 0.7056 0.7056 0.7056 0.7056 
[RD,PPANGS,*,*]:
2018 2019 2020 2021 2022 2023 2024 2025 2026 2027 2028 2029 2030 2031 2032 2033 2034 2035 2036 2037 2038 2039 2040 2041 2042 2043 2044 2045 2046 2047 2048 2049 2050 :=
1 0.3753 0.3527 0.2861 0.398 0.4633 0.3751 0.3751 0.3751 0.3751 0.3751 0.3751 0.3751 0.3751 0.3751 0.3751 0.3751 0.3751 0.3751 0.3751 0.3751 0.3751 0.3751 0.3751 0.3751 0.3751 0.3751 0.3751 0.3751 0.3751 0.3751 0.3751 0.3751 0.3751 
[RD,PPDGSL,*,*]:
2018 2019 2020 2021 2022 2023 2024 2025 2026 2027 2028 2029 2030 2031 2032 2033 2034 2035 2036 2037 2038 2039 2040 2041 2042 2043 2044 2045 2046 2047 2048 2049 2050 :=
1 0.3753 0.3527 0.2861 0.398 0.4633 0.3751 0.3751 0.3751 0.3751 0.3751 0.3751 0.3751 0.3751 0.3751 0.3751 0.3751 0.3751 0.3751 0.3751 0.3751 0.3751 0.3751 0.3751 0.3751 0.3751 0.3751 0.3751 0.3751 0.3751 0.3751 0.3751 0.3751 0.3751 
[RD,PPICEFOI,*,*]:
2018 2019 2020 2021 2022 2023 2024 2025 2026 2027 2028 2029 2030 2031 2032 2033 2034 2035 2036 2037 2038 2039 2040 2041 2042 2043 2044 2045 2046 2047 2048 2049 2050 :=
1 1.041 1.041 1.041 1.041 1.041 1.041 1.041 1.041 1.041 1.041 1.041 1.041 1.041 1.041 1.041 1.041 1.041 1.041 1.041 1.041 1.041 1.041 1.041 1.041 1.041 1.041 1.041 1.041 1.041 1.041 1.041 1.041 1.041 
[RD,PPCCTDSL,*,*]:
2018 2019 2020 2021 2022 2023 2024 2025 2026 2027 2028 2029 2030 2031 2032 2033 2034 2035 2036 2037 2038 2039 2040 2041 2042 2043 2044 2045 2046 2047 2048 2049 2050 :=
1 3.1767 3.1767 3.1767 3.1767 3.1767 3.1767 3.1767 3.1767 3.1767 3.1767 3.1767 3.1767 3.1767 3.1767 3.1767 3.1767 3.1767 3.1767 3.1767 3.1767 3.1767 3.1767 3.1767 3.1767 3.1767 3.1767 3.1767 3.1767 3.1767 3.1767 3.1767 3.1767 3.1767 
[RD,PPICEGASFOI,*,*]:
2018 2019 2020 2021 2022 2023 2024 2025 2026 2027 2028 2029 2030 2031 2032 2033 2034 2035 2036 2037 2038 2039 2040 2041 2042 2043 2044 2045 2046 2047 2048 2049 2050 :=
1 0.3753 0.3527 0.2861 0.398 0.4633 0.3751 0.3751 0.3751 0.3751 0.3751 0.3751 0.3751 0.3751 0.3751 0.3751 0.3751 0.3751 0.3751 0.3751 0.3751 0.3751 0.3751 0.3751 0.3751 0.3751 0.3751 0.3751 0.3751 0.3751 0.3751 0.3751 0.3751 0.3751 
[RD,PPDFOI,*,*]:
2018 2019 2020 2021 2022 2023 2024 2025 2026 2027 2028 2029 2030 2031 2032 2033 2034 2035 2036 2037 2038 2039 2040 2041 2042 2043 2044 2045 2046 2047 2048 2049 2050 :=
1 0.3753 0.3527 0.2861 0.398 0.4633 0.3751 0.3751 0.3751 0.3751 0.3751 0.3751 0.3751 0.3751 0.3751 0.3751 0.3751 0.3751 0.3751 0.3751 0.3751 0.3751 0.3751 0.3751 0.3751 0.3751 0.3751 0.3751 0.3751 0.3751 0.3751 0.3751 0.3751 0.3751 
[RD,PPWNDOFF,*,*]:
2018 2019 2020 2021 2022 2023 2024 2025 2026 2027 2028 2029 2030 2031 2032 2033 2034 2035 2036 2037 2038 2039 2040 2041 2042 2043 2044 2045 2046 2047 2048 2049 2050 :=
1 0.0 0.0 0.0 0.0 0.0 0.0 0.0 0.0 0.0 0.0 0.0 0.0 0.0 0.0 0.0 0.0 0.0 0.0 0.0 0.0 0.0 0.0 0.0 0.0 0.0 0.0 0.0 0.0 0.0 0.0 0.0 0.0 0.0 
[RD,PPDBGS,*,*]:
2018 2019 2020 2021 2022 2023 2024 2025 2026 2027 2028 2029 2030 2031 2032 2033 2034 2035 2036 2037 2038 2039 2040 2041 2042 2043 2044 2045 2046 2047 2048 2049 2050 :=
1 0.3753 0.3527 0.2861 0.398 0.4633 0.3751 0.3751 0.3751 0.3751 0.3751 0.3751 0.3751 0.3751 0.3751 0.3751 0.3751 0.3751 0.3751 0.3751 0.3751 0.3751 0.3751 0.3751 0.3751 0.3751 0.3751 0.3751 0.3751 0.3751 0.3751 0.3751 0.3751 0.3751 
[RD,DIST_GSL,*,*]:
2018 2019 2020 2021 2022 2023 2024 2025 2026 2027 2028 2029 2030 2031 2032 2033 2034 2035 2036 2037 2038 2039 2040 2041 2042 2043 2044 2045 2046 2047 2048 2049 2050 :=
1 26.1696 22.807 23.2404 23.682 24.132 24.5905 25.0577 25.5338 26.0189 26.5133 27.0171 27.5304 28.0535 28.5865 29.1296 29.6831 30.2471 30.8218 31.4074 32.0041 32.6122 33.2318 33.8632 34.5066 35.1622 35.8303 36.5111 37.2048 37.9117 38.632 39.366 40.114 40.8762 
[RD,IMP_ELE,*,*]:
2018 2019 2020 2021 2022 2023 2024 2025 2026 2027 2028 2029 2030 2031 2032 2033 2034 2035 2036 2037 2038 2039 2040 2041 2042 2043 2044 2045 2046 2047 2048 2049 2050 :=
1 19.05 19.05 19.05 19.05 19.05 19.05 19.05 19.05 19.05 19.05 19.05 19.05 19.05 19.05 19.05 19.05 19.05 19.05 19.05 19.05 19.05 19.05 19.05 19.05 19.05 19.05 19.05 19.05 19.05 19.05 19.05 19.05 19.05 
[RD,PPWNDON,*,*]:
2018 2019 2020 2021 2022 2023 2024 2025 2026 2027 2028 2029 2030 2031 2032 2033 2034 2035 2036 2037 2038 2039 2040 2041 2042 2043 2044 2045 2046 2047 2048 2049 2050 :=
1 0.0 0.0 0.0 0.0 0.0 0.0 0.0 0.0 0.0 0.0 0.0 0.0 0.0 0.0 0.0 0.0 0.0 0.0 0.0 0.0 0.0 0.0 0.0 0.0 0.0 0.0 0.0 0.0 0.0 0.0 0.0 0.0 0.0 
;

param YearSplit default 0 :
2018 2019 2020 2021 2022 2023 2024 2025 2026 2027 2028 2029 2030 2031 2032 2033 2034 2035 2036 2037 2038 2039 2040 2041 2042 2043 2044 2045 2046 2047 2048 2049 2050 :=
All 1 1 1 1 1 1 1 1 1 1 1 1 1 1 1 1 1 1 1 1 1 1 1 1 1 1 1 1 1 1 1 1 1 
;

param AccumulatedAnnualDemand default 0 :=
;
param AnnualEmissionLimit default 999999999999999999999 :=
;
param AnnualExogenousEmission default 0 :=
;
param CapacityOfOneTechnologyUnit default 0 :=
;
param CapitalCostStorage default 0 :=
;
param Conversionld default 0 :=
;
param Conversionlh default 0 :=
;
param Conversionls default 0 :=
;
param DaySplit default 0.00137 :=
;
param DaysInDayType default 7 :=
;
param DepreciationMethod default 1 :=
;
param DiscountRate default 0.05 :=
;
param MinStorageCharge default 0 :=
;
param ModelPeriodEmissionLimit default 999999999999999999999 :=
;
param ModelPeriodExogenousEmission default 0 :=
;
param OperationalLifeStorage default 1 :=
;
param REMinProductionTarget default 0 :=
;
param RETagFuel default 0 :=
;
param RETagTechnology default 0 :=
;
param ReserveMargin default 0 :=
;
param ReserveMarginTagFuel default 0 :=
;
param ReserveMarginTagTechnology default 0 :=
;
param ResidualStorageCapacity default 0 :=
;
param StorageLevelStart default 0 :=
;
param StorageMaxChargeRate default 0 :=
;
param StorageMaxDischargeRate default 0 :=
;
param TechnologyFromStorage default 0 :=
;
param TechnologyToStorage default 0 :=
;
param TotalAnnualMaxCapacityInvestment default 999999999999999999999 :=
;
param TotalAnnualMinCapacity default 0 :=
;
param TotalTechnologyModelPeriodActivityLowerLimit default 0 :=
;
param TotalTechnologyModelPeriodActivityUpperLimit default 999999999999999999999 :=
;
param TradeRoute default 0 :=
;
#
end;
