PARAMETER,Scenario,REGION,TECHNOLOGY,FUEL,EMISSION,MODE_OF_OPERATION,YEAR,TIMESLICE,SEASON,DAYTYPE,DAILYTIMEBRACKET,STORAGE,Value
OutputActivityRatio,BAU,RD,INORG_RCY_OS,OSS_INORG,,1,2018,,,,,,1
OutputActivityRatio,BAU,RD,INORG_RCY_OS,OSS_INORG,,1,2019,,,,,,1.0
OutputActivityRatio,BAU,RD,INORG_RCY_OS,OSS_INORG,,1,2020,,,,,,1.0
OutputActivityRatio,BAU,RD,INORG_RCY_OS,OSS_INORG,,1,2021,,,,,,1.0
OutputActivityRatio,BAU,RD,INORG_RCY_OS,OSS_INORG,,1,2022,,,,,,1.0
OutputActivityRatio,BAU,RD,INORG_RCY_OS,OSS_INORG,,1,2023,,,,,,1.0
OutputActivityRatio,BAU,RD,INORG_RCY_OS,OSS_INORG,,1,2024,,,,,,1.0
OutputActivityRatio,BAU,RD,INORG_RCY_OS,OSS_INORG,,1,2025,,,,,,1.0
OutputActivityRatio,BAU,RD,INORG_RCY_OS,OSS_INORG,,1,2026,,,,,,1.0
OutputActivityRatio,BAU,RD,INORG_RCY_OS,OSS_INORG,,1,2027,,,,,,1.0
OutputActivityRatio,BAU,RD,INORG_RCY_OS,OSS_INORG,,1,2028,,,,,,1.0
OutputActivityRatio,BAU,RD,INORG_RCY_OS,OSS_INORG,,1,2029,,,,,,1.0
OutputActivityRatio,BAU,RD,INORG_RCY_OS,OSS_INORG,,1,2030,,,,,,1.0
OutputActivityRatio,BAU,RD,INORG_RCY_OS,OSS_INORG,,1,2031,,,,,,1.0
OutputActivityRatio,BAU,RD,INORG_RCY_OS,OSS_INORG,,1,2032,,,,,,1.0
OutputActivityRatio,BAU,RD,INORG_RCY_OS,OSS_INORG,,1,2033,,,,,,1.0
OutputActivityRatio,BAU,RD,INORG_RCY_OS,OSS_INORG,,1,2034,,,,,,1.0
OutputActivityRatio,BAU,RD,INORG_RCY_OS,OSS_INORG,,1,2035,,,,,,1.0
OutputActivityRatio,BAU,RD,INORG_RCY_OS,OSS_INORG,,1,2036,,,,,,1.0
OutputActivityRatio,BAU,RD,INORG_RCY_OS,OSS_INORG,,1,2037,,,,,,1.0
OutputActivityRatio,BAU,RD,INORG_RCY_OS,OSS_INORG,,1,2038,,,,,,1.0
OutputActivityRatio,BAU,RD,INORG_RCY_OS,OSS_INORG,,1,2039,,,,,,1.0
OutputActivityRatio,BAU,RD,INORG_RCY_OS,OSS_INORG,,1,2040,,,,,,1.0
OutputActivityRatio,BAU,RD,INORG_RCY_OS,OSS_INORG,,1,2041,,,,,,1.0
OutputActivityRatio,BAU,RD,INORG_RCY_OS,OSS_INORG,,1,2042,,,,,,1.0
OutputActivityRatio,BAU,RD,INORG_RCY_OS,OSS_INORG,,1,2043,,,,,,1.0
OutputActivityRatio,BAU,RD,INORG_RCY_OS,OSS_INORG,,1,2044,,,,,,1.0
OutputActivityRatio,BAU,RD,INORG_RCY_OS,OSS_INORG,,1,2045,,,,,,1.0
OutputActivityRatio,BAU,RD,INORG_RCY_OS,OSS_INORG,,1,2046,,,,,,1.0
OutputActivityRatio,BAU,RD,INORG_RCY_OS,OSS_INORG,,1,2047,,,,,,1.0
OutputActivityRatio,BAU,RD,INORG_RCY_OS,OSS_INORG,,1,2048,,,,,,1.0
OutputActivityRatio,BAU,RD,INORG_RCY_OS,OSS_INORG,,1,2049,,,,,,1.0
OutputActivityRatio,BAU,RD,INORG_RCY_OS,OSS_INORG,,1,2050,,,,,,1.0
OutputActivityRatio,BAU,RD,AD,OSS_ORG,,1,2018,,,,,,1
OutputActivityRatio,BAU,RD,AD,OSS_ORG,,1,2019,,,,,,1.0
OutputActivityRatio,BAU,RD,AD,OSS_ORG,,1,2020,,,,,,1.0
OutputActivityRatio,BAU,RD,AD,OSS_ORG,,1,2021,,,,,,1.0
OutputActivityRatio,BAU,RD,AD,OSS_ORG,,1,2022,,,,,,1.0
OutputActivityRatio,BAU,RD,AD,OSS_ORG,,1,2023,,,,,,1.0
OutputActivityRatio,BAU,RD,AD,OSS_ORG,,1,2024,,,,,,1.0
OutputActivityRatio,BAU,RD,AD,OSS_ORG,,1,2025,,,,,,1.0
OutputActivityRatio,BAU,RD,AD,OSS_ORG,,1,2026,,,,,,1.0
OutputActivityRatio,BAU,RD,AD,OSS_ORG,,1,2027,,,,,,1.0
OutputActivityRatio,BAU,RD,AD,OSS_ORG,,1,2028,,,,,,1.0
OutputActivityRatio,BAU,RD,AD,OSS_ORG,,1,2029,,,,,,1.0
OutputActivityRatio,BAU,RD,AD,OSS_ORG,,1,2030,,,,,,1.0
OutputActivityRatio,BAU,RD,AD,OSS_ORG,,1,2031,,,,,,1.0
OutputActivityRatio,BAU,RD,AD,OSS_ORG,,1,2032,,,,,,1.0
OutputActivityRatio,BAU,RD,AD,OSS_ORG,,1,2033,,,,,,1.0
OutputActivityRatio,BAU,RD,AD,OSS_ORG,,1,2034,,,,,,1.0
OutputActivityRatio,BAU,RD,AD,OSS_ORG,,1,2035,,,,,,1.0
OutputActivityRatio,BAU,RD,AD,OSS_ORG,,1,2036,,,,,,1.0
OutputActivityRatio,BAU,RD,AD,OSS_ORG,,1,2037,,,,,,1.0
OutputActivityRatio,BAU,RD,AD,OSS_ORG,,1,2038,,,,,,1.0
OutputActivityRatio,BAU,RD,AD,OSS_ORG,,1,2039,,,,,,1.0
OutputActivityRatio,BAU,RD,AD,OSS_ORG,,1,2040,,,,,,1.0
OutputActivityRatio,BAU,RD,AD,OSS_ORG,,1,2041,,,,,,1.0
OutputActivityRatio,BAU,RD,AD,OSS_ORG,,1,2042,,,,,,1.0
OutputActivityRatio,BAU,RD,AD,OSS_ORG,,1,2043,,,,,,1.0
OutputActivityRatio,BAU,RD,AD,OSS_ORG,,1,2044,,,,,,1.0
OutputActivityRatio,BAU,RD,AD,OSS_ORG,,1,2045,,,,,,1.0
OutputActivityRatio,BAU,RD,AD,OSS_ORG,,1,2046,,,,,,1.0
OutputActivityRatio,BAU,RD,AD,OSS_ORG,,1,2047,,,,,,1.0
OutputActivityRatio,BAU,RD,AD,OSS_ORG,,1,2048,,,,,,1.0
OutputActivityRatio,BAU,RD,AD,OSS_ORG,,1,2049,,,,,,1.0
OutputActivityRatio,BAU,RD,AD,OSS_ORG,,1,2050,,,,,,1.0
OutputActivityRatio,BAU,RD,COMPOST,OSS_ORG,,1,2018,,,,,,1
OutputActivityRatio,BAU,RD,COMPOST,OSS_ORG,,1,2019,,,,,,1.0
OutputActivityRatio,BAU,RD,COMPOST,OSS_ORG,,1,2020,,,,,,1.0
OutputActivityRatio,BAU,RD,COMPOST,OSS_ORG,,1,2021,,,,,,1.0
OutputActivityRatio,BAU,RD,COMPOST,OSS_ORG,,1,2022,,,,,,1.0
OutputActivityRatio,BAU,RD,COMPOST,OSS_ORG,,1,2023,,,,,,1.0
OutputActivityRatio,BAU,RD,COMPOST,OSS_ORG,,1,2024,,,,,,1.0
OutputActivityRatio,BAU,RD,COMPOST,OSS_ORG,,1,2025,,,,,,1.0
OutputActivityRatio,BAU,RD,COMPOST,OSS_ORG,,1,2026,,,,,,1.0
OutputActivityRatio,BAU,RD,COMPOST,OSS_ORG,,1,2027,,,,,,1.0
OutputActivityRatio,BAU,RD,COMPOST,OSS_ORG,,1,2028,,,,,,1.0
OutputActivityRatio,BAU,RD,COMPOST,OSS_ORG,,1,2029,,,,,,1.0
OutputActivityRatio,BAU,RD,COMPOST,OSS_ORG,,1,2030,,,,,,1.0
OutputActivityRatio,BAU,RD,COMPOST,OSS_ORG,,1,2031,,,,,,1.0
OutputActivityRatio,BAU,RD,COMPOST,OSS_ORG,,1,2032,,,,,,1.0
OutputActivityRatio,BAU,RD,COMPOST,OSS_ORG,,1,2033,,,,,,1.0
OutputActivityRatio,BAU,RD,COMPOST,OSS_ORG,,1,2034,,,,,,1.0
OutputActivityRatio,BAU,RD,COMPOST,OSS_ORG,,1,2035,,,,,,1.0
OutputActivityRatio,BAU,RD,COMPOST,OSS_ORG,,1,2036,,,,,,1.0
OutputActivityRatio,BAU,RD,COMPOST,OSS_ORG,,1,2037,,,,,,1.0
OutputActivityRatio,BAU,RD,COMPOST,OSS_ORG,,1,2038,,,,,,1.0
OutputActivityRatio,BAU,RD,COMPOST,OSS_ORG,,1,2039,,,,,,1.0
OutputActivityRatio,BAU,RD,COMPOST,OSS_ORG,,1,2040,,,,,,1.0
OutputActivityRatio,BAU,RD,COMPOST,OSS_ORG,,1,2041,,,,,,1.0
OutputActivityRatio,BAU,RD,COMPOST,OSS_ORG,,1,2042,,,,,,1.0
OutputActivityRatio,BAU,RD,COMPOST,OSS_ORG,,1,2043,,,,,,1.0
OutputActivityRatio,BAU,RD,COMPOST,OSS_ORG,,1,2044,,,,,,1.0
OutputActivityRatio,BAU,RD,COMPOST,OSS_ORG,,1,2045,,,,,,1.0
OutputActivityRatio,BAU,RD,COMPOST,OSS_ORG,,1,2046,,,,,,1.0
OutputActivityRatio,BAU,RD,COMPOST,OSS_ORG,,1,2047,,,,,,1.0
OutputActivityRatio,BAU,RD,COMPOST,OSS_ORG,,1,2048,,,,,,1.0
OutputActivityRatio,BAU,RD,COMPOST,OSS_ORG,,1,2049,,,,,,1.0
OutputActivityRatio,BAU,RD,COMPOST,OSS_ORG,,1,2050,,,,,,1.0
OutputActivityRatio,BAU,RD,LANDFILL,NO_OSS,,1,2018,,,,,,1
OutputActivityRatio,BAU,RD,LANDFILL,NO_OSS,,1,2019,,,,,,1.0
OutputActivityRatio,BAU,RD,LANDFILL,NO_OSS,,1,2020,,,,,,1.0
OutputActivityRatio,BAU,RD,LANDFILL,NO_OSS,,1,2021,,,,,,1.0
OutputActivityRatio,BAU,RD,LANDFILL,NO_OSS,,1,2022,,,,,,1.0
OutputActivityRatio,BAU,RD,LANDFILL,NO_OSS,,1,2023,,,,,,1.0
OutputActivityRatio,BAU,RD,LANDFILL,NO_OSS,,1,2024,,,,,,1.0
OutputActivityRatio,BAU,RD,LANDFILL,NO_OSS,,1,2025,,,,,,1.0
OutputActivityRatio,BAU,RD,LANDFILL,NO_OSS,,1,2026,,,,,,1.0
OutputActivityRatio,BAU,RD,LANDFILL,NO_OSS,,1,2027,,,,,,1.0
OutputActivityRatio,BAU,RD,LANDFILL,NO_OSS,,1,2028,,,,,,1.0
OutputActivityRatio,BAU,RD,LANDFILL,NO_OSS,,1,2029,,,,,,1.0
OutputActivityRatio,BAU,RD,LANDFILL,NO_OSS,,1,2030,,,,,,1.0
OutputActivityRatio,BAU,RD,LANDFILL,NO_OSS,,1,2031,,,,,,1.0
OutputActivityRatio,BAU,RD,LANDFILL,NO_OSS,,1,2032,,,,,,1.0
OutputActivityRatio,BAU,RD,LANDFILL,NO_OSS,,1,2033,,,,,,1.0
OutputActivityRatio,BAU,RD,LANDFILL,NO_OSS,,1,2034,,,,,,1.0
OutputActivityRatio,BAU,RD,LANDFILL,NO_OSS,,1,2035,,,,,,1.0
OutputActivityRatio,BAU,RD,LANDFILL,NO_OSS,,1,2036,,,,,,1.0
OutputActivityRatio,BAU,RD,LANDFILL,NO_OSS,,1,2037,,,,,,1.0
OutputActivityRatio,BAU,RD,LANDFILL,NO_OSS,,1,2038,,,,,,1.0
OutputActivityRatio,BAU,RD,LANDFILL,NO_OSS,,1,2039,,,,,,1.0
OutputActivityRatio,BAU,RD,LANDFILL,NO_OSS,,1,2040,,,,,,1.0
OutputActivityRatio,BAU,RD,LANDFILL,NO_OSS,,1,2041,,,,,,1.0
OutputActivityRatio,BAU,RD,LANDFILL,NO_OSS,,1,2042,,,,,,1.0
OutputActivityRatio,BAU,RD,LANDFILL,NO_OSS,,1,2043,,,,,,1.0
OutputActivityRatio,BAU,RD,LANDFILL,NO_OSS,,1,2044,,,,,,1.0
OutputActivityRatio,BAU,RD,LANDFILL,NO_OSS,,1,2045,,,,,,1.0
OutputActivityRatio,BAU,RD,LANDFILL,NO_OSS,,1,2046,,,,,,1.0
OutputActivityRatio,BAU,RD,LANDFILL,NO_OSS,,1,2047,,,,,,1.0
OutputActivityRatio,BAU,RD,LANDFILL,NO_OSS,,1,2048,,,,,,1.0
OutputActivityRatio,BAU,RD,LANDFILL,NO_OSS,,1,2049,,,,,,1.0
OutputActivityRatio,BAU,RD,LANDFILL,NO_OSS,,1,2050,,,,,,1.0
OutputActivityRatio,BAU,RD,NO_CONTR_OD,NO_OSS,,1,2018,,,,,,1
OutputActivityRatio,BAU,RD,NO_CONTR_OD,NO_OSS,,1,2019,,,,,,1.0
OutputActivityRatio,BAU,RD,NO_CONTR_OD,NO_OSS,,1,2020,,,,,,1.0
OutputActivityRatio,BAU,RD,NO_CONTR_OD,NO_OSS,,1,2021,,,,,,1.0
OutputActivityRatio,BAU,RD,NO_CONTR_OD,NO_OSS,,1,2022,,,,,,1.0
OutputActivityRatio,BAU,RD,NO_CONTR_OD,NO_OSS,,1,2023,,,,,,1.0
OutputActivityRatio,BAU,RD,NO_CONTR_OD,NO_OSS,,1,2024,,,,,,1.0
OutputActivityRatio,BAU,RD,NO_CONTR_OD,NO_OSS,,1,2025,,,,,,1.0
OutputActivityRatio,BAU,RD,NO_CONTR_OD,NO_OSS,,1,2026,,,,,,1.0
OutputActivityRatio,BAU,RD,NO_CONTR_OD,NO_OSS,,1,2027,,,,,,1.0
OutputActivityRatio,BAU,RD,NO_CONTR_OD,NO_OSS,,1,2028,,,,,,1.0
OutputActivityRatio,BAU,RD,NO_CONTR_OD,NO_OSS,,1,2029,,,,,,1.0
OutputActivityRatio,BAU,RD,NO_CONTR_OD,NO_OSS,,1,2030,,,,,,1.0
OutputActivityRatio,BAU,RD,NO_CONTR_OD,NO_OSS,,1,2031,,,,,,1.0
OutputActivityRatio,BAU,RD,NO_CONTR_OD,NO_OSS,,1,2032,,,,,,1.0
OutputActivityRatio,BAU,RD,NO_CONTR_OD,NO_OSS,,1,2033,,,,,,1.0
OutputActivityRatio,BAU,RD,NO_CONTR_OD,NO_OSS,,1,2034,,,,,,1.0
OutputActivityRatio,BAU,RD,NO_CONTR_OD,NO_OSS,,1,2035,,,,,,1.0
OutputActivityRatio,BAU,RD,NO_CONTR_OD,NO_OSS,,1,2036,,,,,,1.0
OutputActivityRatio,BAU,RD,NO_CONTR_OD,NO_OSS,,1,2037,,,,,,1.0
OutputActivityRatio,BAU,RD,NO_CONTR_OD,NO_OSS,,1,2038,,,,,,1.0
OutputActivityRatio,BAU,RD,NO_CONTR_OD,NO_OSS,,1,2039,,,,,,1.0
OutputActivityRatio,BAU,RD,NO_CONTR_OD,NO_OSS,,1,2040,,,,,,1.0
OutputActivityRatio,BAU,RD,NO_CONTR_OD,NO_OSS,,1,2041,,,,,,1.0
OutputActivityRatio,BAU,RD,NO_CONTR_OD,NO_OSS,,1,2042,,,,,,1.0
OutputActivityRatio,BAU,RD,NO_CONTR_OD,NO_OSS,,1,2043,,,,,,1.0
OutputActivityRatio,BAU,RD,NO_CONTR_OD,NO_OSS,,1,2044,,,,,,1.0
OutputActivityRatio,BAU,RD,NO_CONTR_OD,NO_OSS,,1,2045,,,,,,1.0
OutputActivityRatio,BAU,RD,NO_CONTR_OD,NO_OSS,,1,2046,,,,,,1.0
OutputActivityRatio,BAU,RD,NO_CONTR_OD,NO_OSS,,1,2047,,,,,,1.0
OutputActivityRatio,BAU,RD,NO_CONTR_OD,NO_OSS,,1,2048,,,,,,1.0
OutputActivityRatio,BAU,RD,NO_CONTR_OD,NO_OSS,,1,2049,,,,,,1.0
OutputActivityRatio,BAU,RD,NO_CONTR_OD,NO_OSS,,1,2050,,,,,,1.0
OutputActivityRatio,BAU,RD,COPROC,NO_OSS,,1,2018,,,,,,1
OutputActivityRatio,BAU,RD,COPROC,NO_OSS,,1,2019,,,,,,1.0
OutputActivityRatio,BAU,RD,COPROC,NO_OSS,,1,2020,,,,,,1.0
OutputActivityRatio,BAU,RD,COPROC,NO_OSS,,1,2021,,,,,,1.0
OutputActivityRatio,BAU,RD,COPROC,NO_OSS,,1,2022,,,,,,1.0
OutputActivityRatio,BAU,RD,COPROC,NO_OSS,,1,2023,,,,,,1.0
OutputActivityRatio,BAU,RD,COPROC,NO_OSS,,1,2024,,,,,,1.0
OutputActivityRatio,BAU,RD,COPROC,NO_OSS,,1,2025,,,,,,1.0
OutputActivityRatio,BAU,RD,COPROC,NO_OSS,,1,2026,,,,,,1.0
OutputActivityRatio,BAU,RD,COPROC,NO_OSS,,1,2027,,,,,,1.0
OutputActivityRatio,BAU,RD,COPROC,NO_OSS,,1,2028,,,,,,1.0
OutputActivityRatio,BAU,RD,COPROC,NO_OSS,,1,2029,,,,,,1.0
OutputActivityRatio,BAU,RD,COPROC,NO_OSS,,1,2030,,,,,,1.0
OutputActivityRatio,BAU,RD,COPROC,NO_OSS,,1,2031,,,,,,1.0
OutputActivityRatio,BAU,RD,COPROC,NO_OSS,,1,2032,,,,,,1.0
OutputActivityRatio,BAU,RD,COPROC,NO_OSS,,1,2033,,,,,,1.0
OutputActivityRatio,BAU,RD,COPROC,NO_OSS,,1,2034,,,,,,1.0
OutputActivityRatio,BAU,RD,COPROC,NO_OSS,,1,2035,,,,,,1.0
OutputActivityRatio,BAU,RD,COPROC,NO_OSS,,1,2036,,,,,,1.0
OutputActivityRatio,BAU,RD,COPROC,NO_OSS,,1,2037,,,,,,1.0
OutputActivityRatio,BAU,RD,COPROC,NO_OSS,,1,2038,,,,,,1.0
OutputActivityRatio,BAU,RD,COPROC,NO_OSS,,1,2039,,,,,,1.0
OutputActivityRatio,BAU,RD,COPROC,NO_OSS,,1,2040,,,,,,1.0
OutputActivityRatio,BAU,RD,COPROC,NO_OSS,,1,2041,,,,,,1.0
OutputActivityRatio,BAU,RD,COPROC,NO_OSS,,1,2042,,,,,,1.0
OutputActivityRatio,BAU,RD,COPROC,NO_OSS,,1,2043,,,,,,1.0
OutputActivityRatio,BAU,RD,COPROC,NO_OSS,,1,2044,,,,,,1.0
OutputActivityRatio,BAU,RD,COPROC,NO_OSS,,1,2045,,,,,,1.0
OutputActivityRatio,BAU,RD,COPROC,NO_OSS,,1,2046,,,,,,1.0
OutputActivityRatio,BAU,RD,COPROC,NO_OSS,,1,2047,,,,,,1.0
OutputActivityRatio,BAU,RD,COPROC,NO_OSS,,1,2048,,,,,,1.0
OutputActivityRatio,BAU,RD,COPROC,NO_OSS,,1,2049,,,,,,1.0
OutputActivityRatio,BAU,RD,COPROC,NO_OSS,,1,2050,,,,,,1.0
OutputActivityRatio,BAU,RD,INCIN,NO_OSS,,1,2018,,,,,,1
OutputActivityRatio,BAU,RD,INCIN,NO_OSS,,1,2019,,,,,,1.0
OutputActivityRatio,BAU,RD,INCIN,NO_OSS,,1,2020,,,,,,1.0
OutputActivityRatio,BAU,RD,INCIN,NO_OSS,,1,2021,,,,,,1.0
OutputActivityRatio,BAU,RD,INCIN,NO_OSS,,1,2022,,,,,,1.0
OutputActivityRatio,BAU,RD,INCIN,NO_OSS,,1,2023,,,,,,1.0
OutputActivityRatio,BAU,RD,INCIN,NO_OSS,,1,2024,,,,,,1.0
OutputActivityRatio,BAU,RD,INCIN,NO_OSS,,1,2025,,,,,,1.0
OutputActivityRatio,BAU,RD,INCIN,NO_OSS,,1,2026,,,,,,1.0
OutputActivityRatio,BAU,RD,INCIN,NO_OSS,,1,2027,,,,,,1.0
OutputActivityRatio,BAU,RD,INCIN,NO_OSS,,1,2028,,,,,,1.0
OutputActivityRatio,BAU,RD,INCIN,NO_OSS,,1,2029,,,,,,1.0
OutputActivityRatio,BAU,RD,INCIN,NO_OSS,,1,2030,,,,,,1.0
OutputActivityRatio,BAU,RD,INCIN,NO_OSS,,1,2031,,,,,,1.0
OutputActivityRatio,BAU,RD,INCIN,NO_OSS,,1,2032,,,,,,1.0
OutputActivityRatio,BAU,RD,INCIN,NO_OSS,,1,2033,,,,,,1.0
OutputActivityRatio,BAU,RD,INCIN,NO_OSS,,1,2034,,,,,,1.0
OutputActivityRatio,BAU,RD,INCIN,NO_OSS,,1,2035,,,,,,1.0
OutputActivityRatio,BAU,RD,INCIN,NO_OSS,,1,2036,,,,,,1.0
OutputActivityRatio,BAU,RD,INCIN,NO_OSS,,1,2037,,,,,,1.0
OutputActivityRatio,BAU,RD,INCIN,NO_OSS,,1,2038,,,,,,1.0
OutputActivityRatio,BAU,RD,INCIN,NO_OSS,,1,2039,,,,,,1.0
OutputActivityRatio,BAU,RD,INCIN,NO_OSS,,1,2040,,,,,,1.0
OutputActivityRatio,BAU,RD,INCIN,NO_OSS,,1,2041,,,,,,1.0
OutputActivityRatio,BAU,RD,INCIN,NO_OSS,,1,2042,,,,,,1.0
OutputActivityRatio,BAU,RD,INCIN,NO_OSS,,1,2043,,,,,,1.0
OutputActivityRatio,BAU,RD,INCIN,NO_OSS,,1,2044,,,,,,1.0
OutputActivityRatio,BAU,RD,INCIN,NO_OSS,,1,2045,,,,,,1.0
OutputActivityRatio,BAU,RD,INCIN,NO_OSS,,1,2046,,,,,,1.0
OutputActivityRatio,BAU,RD,INCIN,NO_OSS,,1,2047,,,,,,1.0
OutputActivityRatio,BAU,RD,INCIN,NO_OSS,,1,2048,,,,,,1.0
OutputActivityRatio,BAU,RD,INCIN,NO_OSS,,1,2049,,,,,,1.0
OutputActivityRatio,BAU,RD,INCIN,NO_OSS,,1,2050,,,,,,1.0
OutputActivityRatio,BAU,RD,GAS_MSW,NO_OSS,,1,2018,,,,,,1
OutputActivityRatio,BAU,RD,GAS_MSW,NO_OSS,,1,2019,,,,,,1.0
OutputActivityRatio,BAU,RD,GAS_MSW,NO_OSS,,1,2020,,,,,,1.0
OutputActivityRatio,BAU,RD,GAS_MSW,NO_OSS,,1,2021,,,,,,1.0
OutputActivityRatio,BAU,RD,GAS_MSW,NO_OSS,,1,2022,,,,,,1.0
OutputActivityRatio,BAU,RD,GAS_MSW,NO_OSS,,1,2023,,,,,,1.0
OutputActivityRatio,BAU,RD,GAS_MSW,NO_OSS,,1,2024,,,,,,1.0
OutputActivityRatio,BAU,RD,GAS_MSW,NO_OSS,,1,2025,,,,,,1.0
OutputActivityRatio,BAU,RD,GAS_MSW,NO_OSS,,1,2026,,,,,,1.0
OutputActivityRatio,BAU,RD,GAS_MSW,NO_OSS,,1,2027,,,,,,1.0
OutputActivityRatio,BAU,RD,GAS_MSW,NO_OSS,,1,2028,,,,,,1.0
OutputActivityRatio,BAU,RD,GAS_MSW,NO_OSS,,1,2029,,,,,,1.0
OutputActivityRatio,BAU,RD,GAS_MSW,NO_OSS,,1,2030,,,,,,1.0
OutputActivityRatio,BAU,RD,GAS_MSW,NO_OSS,,1,2031,,,,,,1.0
OutputActivityRatio,BAU,RD,GAS_MSW,NO_OSS,,1,2032,,,,,,1.0
OutputActivityRatio,BAU,RD,GAS_MSW,NO_OSS,,1,2033,,,,,,1.0
OutputActivityRatio,BAU,RD,GAS_MSW,NO_OSS,,1,2034,,,,,,1.0
OutputActivityRatio,BAU,RD,GAS_MSW,NO_OSS,,1,2035,,,,,,1.0
OutputActivityRatio,BAU,RD,GAS_MSW,NO_OSS,,1,2036,,,,,,1.0
OutputActivityRatio,BAU,RD,GAS_MSW,NO_OSS,,1,2037,,,,,,1.0
OutputActivityRatio,BAU,RD,GAS_MSW,NO_OSS,,1,2038,,,,,,1.0
OutputActivityRatio,BAU,RD,GAS_MSW,NO_OSS,,1,2039,,,,,,1.0
OutputActivityRatio,BAU,RD,GAS_MSW,NO_OSS,,1,2040,,,,,,1.0
OutputActivityRatio,BAU,RD,GAS_MSW,NO_OSS,,1,2041,,,,,,1.0
OutputActivityRatio,BAU,RD,GAS_MSW,NO_OSS,,1,2042,,,,,,1.0
OutputActivityRatio,BAU,RD,GAS_MSW,NO_OSS,,1,2043,,,,,,1.0
OutputActivityRatio,BAU,RD,GAS_MSW,NO_OSS,,1,2044,,,,,,1.0
OutputActivityRatio,BAU,RD,GAS_MSW,NO_OSS,,1,2045,,,,,,1.0
OutputActivityRatio,BAU,RD,GAS_MSW,NO_OSS,,1,2046,,,,,,1.0
OutputActivityRatio,BAU,RD,GAS_MSW,NO_OSS,,1,2047,,,,,,1.0
OutputActivityRatio,BAU,RD,GAS_MSW,NO_OSS,,1,2048,,,,,,1.0
OutputActivityRatio,BAU,RD,GAS_MSW,NO_OSS,,1,2049,,,,,,1.0
OutputActivityRatio,BAU,RD,GAS_MSW,NO_OSS,,1,2050,,,,,,1.0
OutputActivityRatio,BAU,RD,HTC,NO_OSS,,1,2018,,,,,,1
OutputActivityRatio,BAU,RD,HTC,NO_OSS,,1,2019,,,,,,1.0
OutputActivityRatio,BAU,RD,HTC,NO_OSS,,1,2020,,,,,,1.0
OutputActivityRatio,BAU,RD,HTC,NO_OSS,,1,2021,,,,,,1.0
OutputActivityRatio,BAU,RD,HTC,NO_OSS,,1,2022,,,,,,1.0
OutputActivityRatio,BAU,RD,HTC,NO_OSS,,1,2023,,,,,,1.0
OutputActivityRatio,BAU,RD,HTC,NO_OSS,,1,2024,,,,,,1.0
OutputActivityRatio,BAU,RD,HTC,NO_OSS,,1,2025,,,,,,1.0
OutputActivityRatio,BAU,RD,HTC,NO_OSS,,1,2026,,,,,,1.0
OutputActivityRatio,BAU,RD,HTC,NO_OSS,,1,2027,,,,,,1.0
OutputActivityRatio,BAU,RD,HTC,NO_OSS,,1,2028,,,,,,1.0
OutputActivityRatio,BAU,RD,HTC,NO_OSS,,1,2029,,,,,,1.0
OutputActivityRatio,BAU,RD,HTC,NO_OSS,,1,2030,,,,,,1.0
OutputActivityRatio,BAU,RD,HTC,NO_OSS,,1,2031,,,,,,1.0
OutputActivityRatio,BAU,RD,HTC,NO_OSS,,1,2032,,,,,,1.0
OutputActivityRatio,BAU,RD,HTC,NO_OSS,,1,2033,,,,,,1.0
OutputActivityRatio,BAU,RD,HTC,NO_OSS,,1,2034,,,,,,1.0
OutputActivityRatio,BAU,RD,HTC,NO_OSS,,1,2035,,,,,,1.0
OutputActivityRatio,BAU,RD,HTC,NO_OSS,,1,2036,,,,,,1.0
OutputActivityRatio,BAU,RD,HTC,NO_OSS,,1,2037,,,,,,1.0
OutputActivityRatio,BAU,RD,HTC,NO_OSS,,1,2038,,,,,,1.0
OutputActivityRatio,BAU,RD,HTC,NO_OSS,,1,2039,,,,,,1.0
OutputActivityRatio,BAU,RD,HTC,NO_OSS,,1,2040,,,,,,1.0
OutputActivityRatio,BAU,RD,HTC,NO_OSS,,1,2041,,,,,,1.0
OutputActivityRatio,BAU,RD,HTC,NO_OSS,,1,2042,,,,,,1.0
OutputActivityRatio,BAU,RD,HTC,NO_OSS,,1,2043,,,,,,1.0
OutputActivityRatio,BAU,RD,HTC,NO_OSS,,1,2044,,,,,,1.0
OutputActivityRatio,BAU,RD,HTC,NO_OSS,,1,2045,,,,,,1.0
OutputActivityRatio,BAU,RD,HTC,NO_OSS,,1,2046,,,,,,1.0
OutputActivityRatio,BAU,RD,HTC,NO_OSS,,1,2047,,,,,,1.0
OutputActivityRatio,BAU,RD,HTC,NO_OSS,,1,2048,,,,,,1.0
OutputActivityRatio,BAU,RD,HTC,NO_OSS,,1,2049,,,,,,1.0
OutputActivityRatio,BAU,RD,HTC,NO_OSS,,1,2050,,,,,,1.0
OutputActivityRatio,BAU,RD,OPEN_BURN,NO_COLL_SDF,,1,2018,,,,,,1
OutputActivityRatio,BAU,RD,OPEN_BURN,NO_COLL_SDF,,1,2019,,,,,,1.0
OutputActivityRatio,BAU,RD,OPEN_BURN,NO_COLL_SDF,,1,2020,,,,,,1.0
OutputActivityRatio,BAU,RD,OPEN_BURN,NO_COLL_SDF,,1,2021,,,,,,1.0
OutputActivityRatio,BAU,RD,OPEN_BURN,NO_COLL_SDF,,1,2022,,,,,,1.0
OutputActivityRatio,BAU,RD,OPEN_BURN,NO_COLL_SDF,,1,2023,,,,,,1.0
OutputActivityRatio,BAU,RD,OPEN_BURN,NO_COLL_SDF,,1,2024,,,,,,1.0
OutputActivityRatio,BAU,RD,OPEN_BURN,NO_COLL_SDF,,1,2025,,,,,,1.0
OutputActivityRatio,BAU,RD,OPEN_BURN,NO_COLL_SDF,,1,2026,,,,,,1.0
OutputActivityRatio,BAU,RD,OPEN_BURN,NO_COLL_SDF,,1,2027,,,,,,1.0
OutputActivityRatio,BAU,RD,OPEN_BURN,NO_COLL_SDF,,1,2028,,,,,,1.0
OutputActivityRatio,BAU,RD,OPEN_BURN,NO_COLL_SDF,,1,2029,,,,,,1.0
OutputActivityRatio,BAU,RD,OPEN_BURN,NO_COLL_SDF,,1,2030,,,,,,1.0
OutputActivityRatio,BAU,RD,OPEN_BURN,NO_COLL_SDF,,1,2031,,,,,,1.0
OutputActivityRatio,BAU,RD,OPEN_BURN,NO_COLL_SDF,,1,2032,,,,,,1.0
OutputActivityRatio,BAU,RD,OPEN_BURN,NO_COLL_SDF,,1,2033,,,,,,1.0
OutputActivityRatio,BAU,RD,OPEN_BURN,NO_COLL_SDF,,1,2034,,,,,,1.0
OutputActivityRatio,BAU,RD,OPEN_BURN,NO_COLL_SDF,,1,2035,,,,,,1.0
OutputActivityRatio,BAU,RD,OPEN_BURN,NO_COLL_SDF,,1,2036,,,,,,1.0
OutputActivityRatio,BAU,RD,OPEN_BURN,NO_COLL_SDF,,1,2037,,,,,,1.0
OutputActivityRatio,BAU,RD,OPEN_BURN,NO_COLL_SDF,,1,2038,,,,,,1.0
OutputActivityRatio,BAU,RD,OPEN_BURN,NO_COLL_SDF,,1,2039,,,,,,1.0
OutputActivityRatio,BAU,RD,OPEN_BURN,NO_COLL_SDF,,1,2040,,,,,,1.0
OutputActivityRatio,BAU,RD,OPEN_BURN,NO_COLL_SDF,,1,2041,,,,,,1.0
OutputActivityRatio,BAU,RD,OPEN_BURN,NO_COLL_SDF,,1,2042,,,,,,1.0
OutputActivityRatio,BAU,RD,OPEN_BURN,NO_COLL_SDF,,1,2043,,,,,,1.0
OutputActivityRatio,BAU,RD,OPEN_BURN,NO_COLL_SDF,,1,2044,,,,,,1.0
OutputActivityRatio,BAU,RD,OPEN_BURN,NO_COLL_SDF,,1,2045,,,,,,1.0
OutputActivityRatio,BAU,RD,OPEN_BURN,NO_COLL_SDF,,1,2046,,,,,,1.0
OutputActivityRatio,BAU,RD,OPEN_BURN,NO_COLL_SDF,,1,2047,,,,,,1.0
OutputActivityRatio,BAU,RD,OPEN_BURN,NO_COLL_SDF,,1,2048,,,,,,1.0
OutputActivityRatio,BAU,RD,OPEN_BURN,NO_COLL_SDF,,1,2049,,,,,,1.0
OutputActivityRatio,BAU,RD,OPEN_BURN,NO_COLL_SDF,,1,2050,,,,,,1.0
OutputActivityRatio,BAU,RD,SIT_CLAN,NO_COLL_SDF,,1,2018,,,,,,1
OutputActivityRatio,BAU,RD,SIT_CLAN,NO_COLL_SDF,,1,2019,,,,,,1.0
OutputActivityRatio,BAU,RD,SIT_CLAN,NO_COLL_SDF,,1,2020,,,,,,1.0
OutputActivityRatio,BAU,RD,SIT_CLAN,NO_COLL_SDF,,1,2021,,,,,,1.0
OutputActivityRatio,BAU,RD,SIT_CLAN,NO_COLL_SDF,,1,2022,,,,,,1.0
OutputActivityRatio,BAU,RD,SIT_CLAN,NO_COLL_SDF,,1,2023,,,,,,1.0
OutputActivityRatio,BAU,RD,SIT_CLAN,NO_COLL_SDF,,1,2024,,,,,,1.0
OutputActivityRatio,BAU,RD,SIT_CLAN,NO_COLL_SDF,,1,2025,,,,,,1.0
OutputActivityRatio,BAU,RD,SIT_CLAN,NO_COLL_SDF,,1,2026,,,,,,1.0
OutputActivityRatio,BAU,RD,SIT_CLAN,NO_COLL_SDF,,1,2027,,,,,,1.0
OutputActivityRatio,BAU,RD,SIT_CLAN,NO_COLL_SDF,,1,2028,,,,,,1.0
OutputActivityRatio,BAU,RD,SIT_CLAN,NO_COLL_SDF,,1,2029,,,,,,1.0
OutputActivityRatio,BAU,RD,SIT_CLAN,NO_COLL_SDF,,1,2030,,,,,,1.0
OutputActivityRatio,BAU,RD,SIT_CLAN,NO_COLL_SDF,,1,2031,,,,,,1.0
OutputActivityRatio,BAU,RD,SIT_CLAN,NO_COLL_SDF,,1,2032,,,,,,1.0
OutputActivityRatio,BAU,RD,SIT_CLAN,NO_COLL_SDF,,1,2033,,,,,,1.0
OutputActivityRatio,BAU,RD,SIT_CLAN,NO_COLL_SDF,,1,2034,,,,,,1.0
OutputActivityRatio,BAU,RD,SIT_CLAN,NO_COLL_SDF,,1,2035,,,,,,1.0
OutputActivityRatio,BAU,RD,SIT_CLAN,NO_COLL_SDF,,1,2036,,,,,,1.0
OutputActivityRatio,BAU,RD,SIT_CLAN,NO_COLL_SDF,,1,2037,,,,,,1.0
OutputActivityRatio,BAU,RD,SIT_CLAN,NO_COLL_SDF,,1,2038,,,,,,1.0
OutputActivityRatio,BAU,RD,SIT_CLAN,NO_COLL_SDF,,1,2039,,,,,,1.0
OutputActivityRatio,BAU,RD,SIT_CLAN,NO_COLL_SDF,,1,2040,,,,,,1.0
OutputActivityRatio,BAU,RD,SIT_CLAN,NO_COLL_SDF,,1,2041,,,,,,1.0
OutputActivityRatio,BAU,RD,SIT_CLAN,NO_COLL_SDF,,1,2042,,,,,,1.0
OutputActivityRatio,BAU,RD,SIT_CLAN,NO_COLL_SDF,,1,2043,,,,,,1.0
OutputActivityRatio,BAU,RD,SIT_CLAN,NO_COLL_SDF,,1,2044,,,,,,1.0
OutputActivityRatio,BAU,RD,SIT_CLAN,NO_COLL_SDF,,1,2045,,,,,,1.0
OutputActivityRatio,BAU,RD,SIT_CLAN,NO_COLL_SDF,,1,2046,,,,,,1.0
OutputActivityRatio,BAU,RD,SIT_CLAN,NO_COLL_SDF,,1,2047,,,,,,1.0
OutputActivityRatio,BAU,RD,SIT_CLAN,NO_COLL_SDF,,1,2048,,,,,,1.0
OutputActivityRatio,BAU,RD,SIT_CLAN,NO_COLL_SDF,,1,2049,,,,,,1.0
OutputActivityRatio,BAU,RD,SIT_CLAN,NO_COLL_SDF,,1,2050,,,,,,1.0
OutputActivityRatio,BAU,RD,LANDFILL_ELEC,LANDFILL_ELEC,,1,2018,,,,,,1
OutputActivityRatio,BAU,RD,LANDFILL_ELEC,LANDFILL_ELEC,,1,2019,,,,,,1.0
OutputActivityRatio,BAU,RD,LANDFILL_ELEC,LANDFILL_ELEC,,1,2020,,,,,,1.0
OutputActivityRatio,BAU,RD,LANDFILL_ELEC,LANDFILL_ELEC,,1,2021,,,,,,1.0
OutputActivityRatio,BAU,RD,LANDFILL_ELEC,LANDFILL_ELEC,,1,2022,,,,,,1.0
OutputActivityRatio,BAU,RD,LANDFILL_ELEC,LANDFILL_ELEC,,1,2023,,,,,,1.0
OutputActivityRatio,BAU,RD,LANDFILL_ELEC,LANDFILL_ELEC,,1,2024,,,,,,1.0
OutputActivityRatio,BAU,RD,LANDFILL_ELEC,LANDFILL_ELEC,,1,2025,,,,,,1.0
OutputActivityRatio,BAU,RD,LANDFILL_ELEC,LANDFILL_ELEC,,1,2026,,,,,,1.0
OutputActivityRatio,BAU,RD,LANDFILL_ELEC,LANDFILL_ELEC,,1,2027,,,,,,1.0
OutputActivityRatio,BAU,RD,LANDFILL_ELEC,LANDFILL_ELEC,,1,2028,,,,,,1.0
OutputActivityRatio,BAU,RD,LANDFILL_ELEC,LANDFILL_ELEC,,1,2029,,,,,,1.0
OutputActivityRatio,BAU,RD,LANDFILL_ELEC,LANDFILL_ELEC,,1,2030,,,,,,1.0
OutputActivityRatio,BAU,RD,LANDFILL_ELEC,LANDFILL_ELEC,,1,2031,,,,,,1.0
OutputActivityRatio,BAU,RD,LANDFILL_ELEC,LANDFILL_ELEC,,1,2032,,,,,,1.0
OutputActivityRatio,BAU,RD,LANDFILL_ELEC,LANDFILL_ELEC,,1,2033,,,,,,1.0
OutputActivityRatio,BAU,RD,LANDFILL_ELEC,LANDFILL_ELEC,,1,2034,,,,,,1.0
OutputActivityRatio,BAU,RD,LANDFILL_ELEC,LANDFILL_ELEC,,1,2035,,,,,,1.0
OutputActivityRatio,BAU,RD,LANDFILL_ELEC,LANDFILL_ELEC,,1,2036,,,,,,1.0
OutputActivityRatio,BAU,RD,LANDFILL_ELEC,LANDFILL_ELEC,,1,2037,,,,,,1.0
OutputActivityRatio,BAU,RD,LANDFILL_ELEC,LANDFILL_ELEC,,1,2038,,,,,,1.0
OutputActivityRatio,BAU,RD,LANDFILL_ELEC,LANDFILL_ELEC,,1,2039,,,,,,1.0
OutputActivityRatio,BAU,RD,LANDFILL_ELEC,LANDFILL_ELEC,,1,2040,,,,,,1.0
OutputActivityRatio,BAU,RD,LANDFILL_ELEC,LANDFILL_ELEC,,1,2041,,,,,,1.0
OutputActivityRatio,BAU,RD,LANDFILL_ELEC,LANDFILL_ELEC,,1,2042,,,,,,1.0
OutputActivityRatio,BAU,RD,LANDFILL_ELEC,LANDFILL_ELEC,,1,2043,,,,,,1.0
OutputActivityRatio,BAU,RD,LANDFILL_ELEC,LANDFILL_ELEC,,1,2044,,,,,,1.0
OutputActivityRatio,BAU,RD,LANDFILL_ELEC,LANDFILL_ELEC,,1,2045,,,,,,1.0
OutputActivityRatio,BAU,RD,LANDFILL_ELEC,LANDFILL_ELEC,,1,2046,,,,,,1.0
OutputActivityRatio,BAU,RD,LANDFILL_ELEC,LANDFILL_ELEC,,1,2047,,,,,,1.0
OutputActivityRatio,BAU,RD,LANDFILL_ELEC,LANDFILL_ELEC,,1,2048,,,,,,1.0
OutputActivityRatio,BAU,RD,LANDFILL_ELEC,LANDFILL_ELEC,,1,2049,,,,,,1.0
OutputActivityRatio,BAU,RD,LANDFILL_ELEC,LANDFILL_ELEC,,1,2050,,,,,,1.0
OutputActivityRatio,BAU,RD,IND_SW,IND_SW,,1,2018,,,,,,1
OutputActivityRatio,BAU,RD,IND_SW,IND_SW,,1,2019,,,,,,1.0
OutputActivityRatio,BAU,RD,IND_SW,IND_SW,,1,2020,,,,,,1.0
OutputActivityRatio,BAU,RD,IND_SW,IND_SW,,1,2021,,,,,,1.0
OutputActivityRatio,BAU,RD,IND_SW,IND_SW,,1,2022,,,,,,1.0
OutputActivityRatio,BAU,RD,IND_SW,IND_SW,,1,2023,,,,,,1.0
OutputActivityRatio,BAU,RD,IND_SW,IND_SW,,1,2024,,,,,,1.0
OutputActivityRatio,BAU,RD,IND_SW,IND_SW,,1,2025,,,,,,1.0
OutputActivityRatio,BAU,RD,IND_SW,IND_SW,,1,2026,,,,,,1.0
OutputActivityRatio,BAU,RD,IND_SW,IND_SW,,1,2027,,,,,,1.0
OutputActivityRatio,BAU,RD,IND_SW,IND_SW,,1,2028,,,,,,1.0
OutputActivityRatio,BAU,RD,IND_SW,IND_SW,,1,2029,,,,,,1.0
OutputActivityRatio,BAU,RD,IND_SW,IND_SW,,1,2030,,,,,,1.0
OutputActivityRatio,BAU,RD,IND_SW,IND_SW,,1,2031,,,,,,1.0
OutputActivityRatio,BAU,RD,IND_SW,IND_SW,,1,2032,,,,,,1.0
OutputActivityRatio,BAU,RD,IND_SW,IND_SW,,1,2033,,,,,,1.0
OutputActivityRatio,BAU,RD,IND_SW,IND_SW,,1,2034,,,,,,1.0
OutputActivityRatio,BAU,RD,IND_SW,IND_SW,,1,2035,,,,,,1.0
OutputActivityRatio,BAU,RD,IND_SW,IND_SW,,1,2036,,,,,,1.0
OutputActivityRatio,BAU,RD,IND_SW,IND_SW,,1,2037,,,,,,1.0
OutputActivityRatio,BAU,RD,IND_SW,IND_SW,,1,2038,,,,,,1.0
OutputActivityRatio,BAU,RD,IND_SW,IND_SW,,1,2039,,,,,,1.0
OutputActivityRatio,BAU,RD,IND_SW,IND_SW,,1,2040,,,,,,1.0
OutputActivityRatio,BAU,RD,IND_SW,IND_SW,,1,2041,,,,,,1.0
OutputActivityRatio,BAU,RD,IND_SW,IND_SW,,1,2042,,,,,,1.0
OutputActivityRatio,BAU,RD,IND_SW,IND_SW,,1,2043,,,,,,1.0
OutputActivityRatio,BAU,RD,IND_SW,IND_SW,,1,2044,,,,,,1.0
OutputActivityRatio,BAU,RD,IND_SW,IND_SW,,1,2045,,,,,,1.0
OutputActivityRatio,BAU,RD,IND_SW,IND_SW,,1,2046,,,,,,1.0
OutputActivityRatio,BAU,RD,IND_SW,IND_SW,,1,2047,,,,,,1.0
OutputActivityRatio,BAU,RD,IND_SW,IND_SW,,1,2048,,,,,,1.0
OutputActivityRatio,BAU,RD,IND_SW,IND_SW,,1,2049,,,,,,1.0
OutputActivityRatio,BAU,RD,IND_SW,IND_SW,,1,2050,,,,,,1.0
OutputActivityRatio,BAU,RD,CO2_CH4_BURN,CO2_CH4_BURN,,1,2018,,,,,,1
OutputActivityRatio,BAU,RD,CO2_CH4_BURN,CO2_CH4_BURN,,1,2019,,,,,,1.0
OutputActivityRatio,BAU,RD,CO2_CH4_BURN,CO2_CH4_BURN,,1,2020,,,,,,1.0
OutputActivityRatio,BAU,RD,CO2_CH4_BURN,CO2_CH4_BURN,,1,2021,,,,,,1.0
OutputActivityRatio,BAU,RD,CO2_CH4_BURN,CO2_CH4_BURN,,1,2022,,,,,,1.0
OutputActivityRatio,BAU,RD,CO2_CH4_BURN,CO2_CH4_BURN,,1,2023,,,,,,1.0
OutputActivityRatio,BAU,RD,CO2_CH4_BURN,CO2_CH4_BURN,,1,2024,,,,,,1.0
OutputActivityRatio,BAU,RD,CO2_CH4_BURN,CO2_CH4_BURN,,1,2025,,,,,,1.0
OutputActivityRatio,BAU,RD,CO2_CH4_BURN,CO2_CH4_BURN,,1,2026,,,,,,1.0
OutputActivityRatio,BAU,RD,CO2_CH4_BURN,CO2_CH4_BURN,,1,2027,,,,,,1.0
OutputActivityRatio,BAU,RD,CO2_CH4_BURN,CO2_CH4_BURN,,1,2028,,,,,,1.0
OutputActivityRatio,BAU,RD,CO2_CH4_BURN,CO2_CH4_BURN,,1,2029,,,,,,1.0
OutputActivityRatio,BAU,RD,CO2_CH4_BURN,CO2_CH4_BURN,,1,2030,,,,,,1.0
OutputActivityRatio,BAU,RD,CO2_CH4_BURN,CO2_CH4_BURN,,1,2031,,,,,,1.0
OutputActivityRatio,BAU,RD,CO2_CH4_BURN,CO2_CH4_BURN,,1,2032,,,,,,1.0
OutputActivityRatio,BAU,RD,CO2_CH4_BURN,CO2_CH4_BURN,,1,2033,,,,,,1.0
OutputActivityRatio,BAU,RD,CO2_CH4_BURN,CO2_CH4_BURN,,1,2034,,,,,,1.0
OutputActivityRatio,BAU,RD,CO2_CH4_BURN,CO2_CH4_BURN,,1,2035,,,,,,1.0
OutputActivityRatio,BAU,RD,CO2_CH4_BURN,CO2_CH4_BURN,,1,2036,,,,,,1.0
OutputActivityRatio,BAU,RD,CO2_CH4_BURN,CO2_CH4_BURN,,1,2037,,,,,,1.0
OutputActivityRatio,BAU,RD,CO2_CH4_BURN,CO2_CH4_BURN,,1,2038,,,,,,1.0
OutputActivityRatio,BAU,RD,CO2_CH4_BURN,CO2_CH4_BURN,,1,2039,,,,,,1.0
OutputActivityRatio,BAU,RD,CO2_CH4_BURN,CO2_CH4_BURN,,1,2040,,,,,,1.0
OutputActivityRatio,BAU,RD,CO2_CH4_BURN,CO2_CH4_BURN,,1,2041,,,,,,1.0
OutputActivityRatio,BAU,RD,CO2_CH4_BURN,CO2_CH4_BURN,,1,2042,,,,,,1.0
OutputActivityRatio,BAU,RD,CO2_CH4_BURN,CO2_CH4_BURN,,1,2043,,,,,,1.0
OutputActivityRatio,BAU,RD,CO2_CH4_BURN,CO2_CH4_BURN,,1,2044,,,,,,1.0
OutputActivityRatio,BAU,RD,CO2_CH4_BURN,CO2_CH4_BURN,,1,2045,,,,,,1.0
OutputActivityRatio,BAU,RD,CO2_CH4_BURN,CO2_CH4_BURN,,1,2046,,,,,,1.0
OutputActivityRatio,BAU,RD,CO2_CH4_BURN,CO2_CH4_BURN,,1,2047,,,,,,1.0
OutputActivityRatio,BAU,RD,CO2_CH4_BURN,CO2_CH4_BURN,,1,2048,,,,,,1.0
OutputActivityRatio,BAU,RD,CO2_CH4_BURN,CO2_CH4_BURN,,1,2049,,,,,,1.0
OutputActivityRatio,BAU,RD,CO2_CH4_BURN,CO2_CH4_BURN,,1,2050,,,,,,1.0
OutputActivityRatio,BAU,RD,PTAR_OLD,SEWERWW,,1,2018,,,,,,1
OutputActivityRatio,BAU,RD,PTAR_OLD,SEWERWW,,1,2019,,,,,,1.0
OutputActivityRatio,BAU,RD,PTAR_OLD,SEWERWW,,1,2020,,,,,,1.0
OutputActivityRatio,BAU,RD,PTAR_OLD,SEWERWW,,1,2021,,,,,,1.0
OutputActivityRatio,BAU,RD,PTAR_OLD,SEWERWW,,1,2022,,,,,,1.0
OutputActivityRatio,BAU,RD,PTAR_OLD,SEWERWW,,1,2023,,,,,,1.0
OutputActivityRatio,BAU,RD,PTAR_OLD,SEWERWW,,1,2024,,,,,,1.0
OutputActivityRatio,BAU,RD,PTAR_OLD,SEWERWW,,1,2025,,,,,,1.0
OutputActivityRatio,BAU,RD,PTAR_OLD,SEWERWW,,1,2026,,,,,,1.0
OutputActivityRatio,BAU,RD,PTAR_OLD,SEWERWW,,1,2027,,,,,,1.0
OutputActivityRatio,BAU,RD,PTAR_OLD,SEWERWW,,1,2028,,,,,,1.0
OutputActivityRatio,BAU,RD,PTAR_OLD,SEWERWW,,1,2029,,,,,,1.0
OutputActivityRatio,BAU,RD,PTAR_OLD,SEWERWW,,1,2030,,,,,,1.0
OutputActivityRatio,BAU,RD,PTAR_OLD,SEWERWW,,1,2031,,,,,,1.0
OutputActivityRatio,BAU,RD,PTAR_OLD,SEWERWW,,1,2032,,,,,,1.0
OutputActivityRatio,BAU,RD,PTAR_OLD,SEWERWW,,1,2033,,,,,,1.0
OutputActivityRatio,BAU,RD,PTAR_OLD,SEWERWW,,1,2034,,,,,,1.0
OutputActivityRatio,BAU,RD,PTAR_OLD,SEWERWW,,1,2035,,,,,,1.0
OutputActivityRatio,BAU,RD,PTAR_OLD,SEWERWW,,1,2036,,,,,,1.0
OutputActivityRatio,BAU,RD,PTAR_OLD,SEWERWW,,1,2037,,,,,,1.0
OutputActivityRatio,BAU,RD,PTAR_OLD,SEWERWW,,1,2038,,,,,,1.0
OutputActivityRatio,BAU,RD,PTAR_OLD,SEWERWW,,1,2039,,,,,,1.0
OutputActivityRatio,BAU,RD,PTAR_OLD,SEWERWW,,1,2040,,,,,,1.0
OutputActivityRatio,BAU,RD,PTAR_OLD,SEWERWW,,1,2041,,,,,,1.0
OutputActivityRatio,BAU,RD,PTAR_OLD,SEWERWW,,1,2042,,,,,,1.0
OutputActivityRatio,BAU,RD,PTAR_OLD,SEWERWW,,1,2043,,,,,,1.0
OutputActivityRatio,BAU,RD,PTAR_OLD,SEWERWW,,1,2044,,,,,,1.0
OutputActivityRatio,BAU,RD,PTAR_OLD,SEWERWW,,1,2045,,,,,,1.0
OutputActivityRatio,BAU,RD,PTAR_OLD,SEWERWW,,1,2046,,,,,,1.0
OutputActivityRatio,BAU,RD,PTAR_OLD,SEWERWW,,1,2047,,,,,,1.0
OutputActivityRatio,BAU,RD,PTAR_OLD,SEWERWW,,1,2048,,,,,,1.0
OutputActivityRatio,BAU,RD,PTAR_OLD,SEWERWW,,1,2049,,,,,,1.0
OutputActivityRatio,BAU,RD,PTAR_OLD,SEWERWW,,1,2050,,,,,,1.0
OutputActivityRatio,BAU,RD,PTAR_NEW,SEWERWW,,1,2018,,,,,,1
OutputActivityRatio,BAU,RD,PTAR_NEW,SEWERWW,,1,2019,,,,,,1.0
OutputActivityRatio,BAU,RD,PTAR_NEW,SEWERWW,,1,2020,,,,,,1.0
OutputActivityRatio,BAU,RD,PTAR_NEW,SEWERWW,,1,2021,,,,,,1.0
OutputActivityRatio,BAU,RD,PTAR_NEW,SEWERWW,,1,2022,,,,,,1.0
OutputActivityRatio,BAU,RD,PTAR_NEW,SEWERWW,,1,2023,,,,,,1.0
OutputActivityRatio,BAU,RD,PTAR_NEW,SEWERWW,,1,2024,,,,,,1.0
OutputActivityRatio,BAU,RD,PTAR_NEW,SEWERWW,,1,2025,,,,,,1.0
OutputActivityRatio,BAU,RD,PTAR_NEW,SEWERWW,,1,2026,,,,,,1.0
OutputActivityRatio,BAU,RD,PTAR_NEW,SEWERWW,,1,2027,,,,,,1.0
OutputActivityRatio,BAU,RD,PTAR_NEW,SEWERWW,,1,2028,,,,,,1.0
OutputActivityRatio,BAU,RD,PTAR_NEW,SEWERWW,,1,2029,,,,,,1.0
OutputActivityRatio,BAU,RD,PTAR_NEW,SEWERWW,,1,2030,,,,,,1.0
OutputActivityRatio,BAU,RD,PTAR_NEW,SEWERWW,,1,2031,,,,,,1.0
OutputActivityRatio,BAU,RD,PTAR_NEW,SEWERWW,,1,2032,,,,,,1.0
OutputActivityRatio,BAU,RD,PTAR_NEW,SEWERWW,,1,2033,,,,,,1.0
OutputActivityRatio,BAU,RD,PTAR_NEW,SEWERWW,,1,2034,,,,,,1.0
OutputActivityRatio,BAU,RD,PTAR_NEW,SEWERWW,,1,2035,,,,,,1.0
OutputActivityRatio,BAU,RD,PTAR_NEW,SEWERWW,,1,2036,,,,,,1.0
OutputActivityRatio,BAU,RD,PTAR_NEW,SEWERWW,,1,2037,,,,,,1.0
OutputActivityRatio,BAU,RD,PTAR_NEW,SEWERWW,,1,2038,,,,,,1.0
OutputActivityRatio,BAU,RD,PTAR_NEW,SEWERWW,,1,2039,,,,,,1.0
OutputActivityRatio,BAU,RD,PTAR_NEW,SEWERWW,,1,2040,,,,,,1.0
OutputActivityRatio,BAU,RD,PTAR_NEW,SEWERWW,,1,2041,,,,,,1.0
OutputActivityRatio,BAU,RD,PTAR_NEW,SEWERWW,,1,2042,,,,,,1.0
OutputActivityRatio,BAU,RD,PTAR_NEW,SEWERWW,,1,2043,,,,,,1.0
OutputActivityRatio,BAU,RD,PTAR_NEW,SEWERWW,,1,2044,,,,,,1.0
OutputActivityRatio,BAU,RD,PTAR_NEW,SEWERWW,,1,2045,,,,,,1.0
OutputActivityRatio,BAU,RD,PTAR_NEW,SEWERWW,,1,2046,,,,,,1.0
OutputActivityRatio,BAU,RD,PTAR_NEW,SEWERWW,,1,2047,,,,,,1.0
OutputActivityRatio,BAU,RD,PTAR_NEW,SEWERWW,,1,2048,,,,,,1.0
OutputActivityRatio,BAU,RD,PTAR_NEW,SEWERWW,,1,2049,,,,,,1.0
OutputActivityRatio,BAU,RD,PTAR_NEW,SEWERWW,,1,2050,,,,,,1.0
OutputActivityRatio,BAU,RD,SEWER_NO_T,SEWERWW,,1,2018,,,,,,1
OutputActivityRatio,BAU,RD,SEWER_NO_T,SEWERWW,,1,2019,,,,,,1.0
OutputActivityRatio,BAU,RD,SEWER_NO_T,SEWERWW,,1,2020,,,,,,1.0
OutputActivityRatio,BAU,RD,SEWER_NO_T,SEWERWW,,1,2021,,,,,,1.0
OutputActivityRatio,BAU,RD,SEWER_NO_T,SEWERWW,,1,2022,,,,,,1.0
OutputActivityRatio,BAU,RD,SEWER_NO_T,SEWERWW,,1,2023,,,,,,1.0
OutputActivityRatio,BAU,RD,SEWER_NO_T,SEWERWW,,1,2024,,,,,,1.0
OutputActivityRatio,BAU,RD,SEWER_NO_T,SEWERWW,,1,2025,,,,,,1.0
OutputActivityRatio,BAU,RD,SEWER_NO_T,SEWERWW,,1,2026,,,,,,1.0
OutputActivityRatio,BAU,RD,SEWER_NO_T,SEWERWW,,1,2027,,,,,,1.0
OutputActivityRatio,BAU,RD,SEWER_NO_T,SEWERWW,,1,2028,,,,,,1.0
OutputActivityRatio,BAU,RD,SEWER_NO_T,SEWERWW,,1,2029,,,,,,1.0
OutputActivityRatio,BAU,RD,SEWER_NO_T,SEWERWW,,1,2030,,,,,,1.0
OutputActivityRatio,BAU,RD,SEWER_NO_T,SEWERWW,,1,2031,,,,,,1.0
OutputActivityRatio,BAU,RD,SEWER_NO_T,SEWERWW,,1,2032,,,,,,1.0
OutputActivityRatio,BAU,RD,SEWER_NO_T,SEWERWW,,1,2033,,,,,,1.0
OutputActivityRatio,BAU,RD,SEWER_NO_T,SEWERWW,,1,2034,,,,,,1.0
OutputActivityRatio,BAU,RD,SEWER_NO_T,SEWERWW,,1,2035,,,,,,1.0
OutputActivityRatio,BAU,RD,SEWER_NO_T,SEWERWW,,1,2036,,,,,,1.0
OutputActivityRatio,BAU,RD,SEWER_NO_T,SEWERWW,,1,2037,,,,,,1.0
OutputActivityRatio,BAU,RD,SEWER_NO_T,SEWERWW,,1,2038,,,,,,1.0
OutputActivityRatio,BAU,RD,SEWER_NO_T,SEWERWW,,1,2039,,,,,,1.0
OutputActivityRatio,BAU,RD,SEWER_NO_T,SEWERWW,,1,2040,,,,,,1.0
OutputActivityRatio,BAU,RD,SEWER_NO_T,SEWERWW,,1,2041,,,,,,1.0
OutputActivityRatio,BAU,RD,SEWER_NO_T,SEWERWW,,1,2042,,,,,,1.0
OutputActivityRatio,BAU,RD,SEWER_NO_T,SEWERWW,,1,2043,,,,,,1.0
OutputActivityRatio,BAU,RD,SEWER_NO_T,SEWERWW,,1,2044,,,,,,1.0
OutputActivityRatio,BAU,RD,SEWER_NO_T,SEWERWW,,1,2045,,,,,,1.0
OutputActivityRatio,BAU,RD,SEWER_NO_T,SEWERWW,,1,2046,,,,,,1.0
OutputActivityRatio,BAU,RD,SEWER_NO_T,SEWERWW,,1,2047,,,,,,1.0
OutputActivityRatio,BAU,RD,SEWER_NO_T,SEWERWW,,1,2048,,,,,,1.0
OutputActivityRatio,BAU,RD,SEWER_NO_T,SEWERWW,,1,2049,,,,,,1.0
OutputActivityRatio,BAU,RD,SEWER_NO_T,SEWERWW,,1,2050,,,,,,1.0
OutputActivityRatio,BAU,RD,SEPT_SYST,DIRECT_DISC,,1,2018,,,,,,1
OutputActivityRatio,BAU,RD,SEPT_SYST,DIRECT_DISC,,1,2019,,,,,,1.0
OutputActivityRatio,BAU,RD,SEPT_SYST,DIRECT_DISC,,1,2020,,,,,,1.0
OutputActivityRatio,BAU,RD,SEPT_SYST,DIRECT_DISC,,1,2021,,,,,,1.0
OutputActivityRatio,BAU,RD,SEPT_SYST,DIRECT_DISC,,1,2022,,,,,,1.0
OutputActivityRatio,BAU,RD,SEPT_SYST,DIRECT_DISC,,1,2023,,,,,,1.0
OutputActivityRatio,BAU,RD,SEPT_SYST,DIRECT_DISC,,1,2024,,,,,,1.0
OutputActivityRatio,BAU,RD,SEPT_SYST,DIRECT_DISC,,1,2025,,,,,,1.0
OutputActivityRatio,BAU,RD,SEPT_SYST,DIRECT_DISC,,1,2026,,,,,,1.0
OutputActivityRatio,BAU,RD,SEPT_SYST,DIRECT_DISC,,1,2027,,,,,,1.0
OutputActivityRatio,BAU,RD,SEPT_SYST,DIRECT_DISC,,1,2028,,,,,,1.0
OutputActivityRatio,BAU,RD,SEPT_SYST,DIRECT_DISC,,1,2029,,,,,,1.0
OutputActivityRatio,BAU,RD,SEPT_SYST,DIRECT_DISC,,1,2030,,,,,,1.0
OutputActivityRatio,BAU,RD,SEPT_SYST,DIRECT_DISC,,1,2031,,,,,,1.0
OutputActivityRatio,BAU,RD,SEPT_SYST,DIRECT_DISC,,1,2032,,,,,,1.0
OutputActivityRatio,BAU,RD,SEPT_SYST,DIRECT_DISC,,1,2033,,,,,,1.0
OutputActivityRatio,BAU,RD,SEPT_SYST,DIRECT_DISC,,1,2034,,,,,,1.0
OutputActivityRatio,BAU,RD,SEPT_SYST,DIRECT_DISC,,1,2035,,,,,,1.0
OutputActivityRatio,BAU,RD,SEPT_SYST,DIRECT_DISC,,1,2036,,,,,,1.0
OutputActivityRatio,BAU,RD,SEPT_SYST,DIRECT_DISC,,1,2037,,,,,,1.0
OutputActivityRatio,BAU,RD,SEPT_SYST,DIRECT_DISC,,1,2038,,,,,,1.0
OutputActivityRatio,BAU,RD,SEPT_SYST,DIRECT_DISC,,1,2039,,,,,,1.0
OutputActivityRatio,BAU,RD,SEPT_SYST,DIRECT_DISC,,1,2040,,,,,,1.0
OutputActivityRatio,BAU,RD,SEPT_SYST,DIRECT_DISC,,1,2041,,,,,,1.0
OutputActivityRatio,BAU,RD,SEPT_SYST,DIRECT_DISC,,1,2042,,,,,,1.0
OutputActivityRatio,BAU,RD,SEPT_SYST,DIRECT_DISC,,1,2043,,,,,,1.0
OutputActivityRatio,BAU,RD,SEPT_SYST,DIRECT_DISC,,1,2044,,,,,,1.0
OutputActivityRatio,BAU,RD,SEPT_SYST,DIRECT_DISC,,1,2045,,,,,,1.0
OutputActivityRatio,BAU,RD,SEPT_SYST,DIRECT_DISC,,1,2046,,,,,,1.0
OutputActivityRatio,BAU,RD,SEPT_SYST,DIRECT_DISC,,1,2047,,,,,,1.0
OutputActivityRatio,BAU,RD,SEPT_SYST,DIRECT_DISC,,1,2048,,,,,,1.0
OutputActivityRatio,BAU,RD,SEPT_SYST,DIRECT_DISC,,1,2049,,,,,,1.0
OutputActivityRatio,BAU,RD,SEPT_SYST,DIRECT_DISC,,1,2050,,,,,,1.0
OutputActivityRatio,BAU,RD,LATR,DIRECT_DISC,,1,2018,,,,,,1
OutputActivityRatio,BAU,RD,LATR,DIRECT_DISC,,1,2019,,,,,,1.0
OutputActivityRatio,BAU,RD,LATR,DIRECT_DISC,,1,2020,,,,,,1.0
OutputActivityRatio,BAU,RD,LATR,DIRECT_DISC,,1,2021,,,,,,1.0
OutputActivityRatio,BAU,RD,LATR,DIRECT_DISC,,1,2022,,,,,,1.0
OutputActivityRatio,BAU,RD,LATR,DIRECT_DISC,,1,2023,,,,,,1.0
OutputActivityRatio,BAU,RD,LATR,DIRECT_DISC,,1,2024,,,,,,1.0
OutputActivityRatio,BAU,RD,LATR,DIRECT_DISC,,1,2025,,,,,,1.0
OutputActivityRatio,BAU,RD,LATR,DIRECT_DISC,,1,2026,,,,,,1.0
OutputActivityRatio,BAU,RD,LATR,DIRECT_DISC,,1,2027,,,,,,1.0
OutputActivityRatio,BAU,RD,LATR,DIRECT_DISC,,1,2028,,,,,,1.0
OutputActivityRatio,BAU,RD,LATR,DIRECT_DISC,,1,2029,,,,,,1.0
OutputActivityRatio,BAU,RD,LATR,DIRECT_DISC,,1,2030,,,,,,1.0
OutputActivityRatio,BAU,RD,LATR,DIRECT_DISC,,1,2031,,,,,,1.0
OutputActivityRatio,BAU,RD,LATR,DIRECT_DISC,,1,2032,,,,,,1.0
OutputActivityRatio,BAU,RD,LATR,DIRECT_DISC,,1,2033,,,,,,1.0
OutputActivityRatio,BAU,RD,LATR,DIRECT_DISC,,1,2034,,,,,,1.0
OutputActivityRatio,BAU,RD,LATR,DIRECT_DISC,,1,2035,,,,,,1.0
OutputActivityRatio,BAU,RD,LATR,DIRECT_DISC,,1,2036,,,,,,1.0
OutputActivityRatio,BAU,RD,LATR,DIRECT_DISC,,1,2037,,,,,,1.0
OutputActivityRatio,BAU,RD,LATR,DIRECT_DISC,,1,2038,,,,,,1.0
OutputActivityRatio,BAU,RD,LATR,DIRECT_DISC,,1,2039,,,,,,1.0
OutputActivityRatio,BAU,RD,LATR,DIRECT_DISC,,1,2040,,,,,,1.0
OutputActivityRatio,BAU,RD,LATR,DIRECT_DISC,,1,2041,,,,,,1.0
OutputActivityRatio,BAU,RD,LATR,DIRECT_DISC,,1,2042,,,,,,1.0
OutputActivityRatio,BAU,RD,LATR,DIRECT_DISC,,1,2043,,,,,,1.0
OutputActivityRatio,BAU,RD,LATR,DIRECT_DISC,,1,2044,,,,,,1.0
OutputActivityRatio,BAU,RD,LATR,DIRECT_DISC,,1,2045,,,,,,1.0
OutputActivityRatio,BAU,RD,LATR,DIRECT_DISC,,1,2046,,,,,,1.0
OutputActivityRatio,BAU,RD,LATR,DIRECT_DISC,,1,2047,,,,,,1.0
OutputActivityRatio,BAU,RD,LATR,DIRECT_DISC,,1,2048,,,,,,1.0
OutputActivityRatio,BAU,RD,LATR,DIRECT_DISC,,1,2049,,,,,,1.0
OutputActivityRatio,BAU,RD,LATR,DIRECT_DISC,,1,2050,,,,,,1.0
OutputActivityRatio,BAU,RD,IWW_MEAT,IWW_MEAT,,1,2018,,,,,,1
OutputActivityRatio,BAU,RD,IWW_MEAT,IWW_MEAT,,1,2019,,,,,,1.0
OutputActivityRatio,BAU,RD,IWW_MEAT,IWW_MEAT,,1,2020,,,,,,1.0
OutputActivityRatio,BAU,RD,IWW_MEAT,IWW_MEAT,,1,2021,,,,,,1.0
OutputActivityRatio,BAU,RD,IWW_MEAT,IWW_MEAT,,1,2022,,,,,,1.0
OutputActivityRatio,BAU,RD,IWW_MEAT,IWW_MEAT,,1,2023,,,,,,1.0
OutputActivityRatio,BAU,RD,IWW_MEAT,IWW_MEAT,,1,2024,,,,,,1.0
OutputActivityRatio,BAU,RD,IWW_MEAT,IWW_MEAT,,1,2025,,,,,,1.0
OutputActivityRatio,BAU,RD,IWW_MEAT,IWW_MEAT,,1,2026,,,,,,1.0
OutputActivityRatio,BAU,RD,IWW_MEAT,IWW_MEAT,,1,2027,,,,,,1.0
OutputActivityRatio,BAU,RD,IWW_MEAT,IWW_MEAT,,1,2028,,,,,,1.0
OutputActivityRatio,BAU,RD,IWW_MEAT,IWW_MEAT,,1,2029,,,,,,1.0
OutputActivityRatio,BAU,RD,IWW_MEAT,IWW_MEAT,,1,2030,,,,,,1.0
OutputActivityRatio,BAU,RD,IWW_MEAT,IWW_MEAT,,1,2031,,,,,,1.0
OutputActivityRatio,BAU,RD,IWW_MEAT,IWW_MEAT,,1,2032,,,,,,1.0
OutputActivityRatio,BAU,RD,IWW_MEAT,IWW_MEAT,,1,2033,,,,,,1.0
OutputActivityRatio,BAU,RD,IWW_MEAT,IWW_MEAT,,1,2034,,,,,,1.0
OutputActivityRatio,BAU,RD,IWW_MEAT,IWW_MEAT,,1,2035,,,,,,1.0
OutputActivityRatio,BAU,RD,IWW_MEAT,IWW_MEAT,,1,2036,,,,,,1.0
OutputActivityRatio,BAU,RD,IWW_MEAT,IWW_MEAT,,1,2037,,,,,,1.0
OutputActivityRatio,BAU,RD,IWW_MEAT,IWW_MEAT,,1,2038,,,,,,1.0
OutputActivityRatio,BAU,RD,IWW_MEAT,IWW_MEAT,,1,2039,,,,,,1.0
OutputActivityRatio,BAU,RD,IWW_MEAT,IWW_MEAT,,1,2040,,,,,,1.0
OutputActivityRatio,BAU,RD,IWW_MEAT,IWW_MEAT,,1,2041,,,,,,1.0
OutputActivityRatio,BAU,RD,IWW_MEAT,IWW_MEAT,,1,2042,,,,,,1.0
OutputActivityRatio,BAU,RD,IWW_MEAT,IWW_MEAT,,1,2043,,,,,,1.0
OutputActivityRatio,BAU,RD,IWW_MEAT,IWW_MEAT,,1,2044,,,,,,1.0
OutputActivityRatio,BAU,RD,IWW_MEAT,IWW_MEAT,,1,2045,,,,,,1.0
OutputActivityRatio,BAU,RD,IWW_MEAT,IWW_MEAT,,1,2046,,,,,,1.0
OutputActivityRatio,BAU,RD,IWW_MEAT,IWW_MEAT,,1,2047,,,,,,1.0
OutputActivityRatio,BAU,RD,IWW_MEAT,IWW_MEAT,,1,2048,,,,,,1.0
OutputActivityRatio,BAU,RD,IWW_MEAT,IWW_MEAT,,1,2049,,,,,,1.0
OutputActivityRatio,BAU,RD,IWW_MEAT,IWW_MEAT,,1,2050,,,,,,1.0
OutputActivityRatio,BAU,RD,IWW_SUGAR,IWW_SUGAR,,1,2018,,,,,,1
OutputActivityRatio,BAU,RD,IWW_SUGAR,IWW_SUGAR,,1,2019,,,,,,1.0
OutputActivityRatio,BAU,RD,IWW_SUGAR,IWW_SUGAR,,1,2020,,,,,,1.0
OutputActivityRatio,BAU,RD,IWW_SUGAR,IWW_SUGAR,,1,2021,,,,,,1.0
OutputActivityRatio,BAU,RD,IWW_SUGAR,IWW_SUGAR,,1,2022,,,,,,1.0
OutputActivityRatio,BAU,RD,IWW_SUGAR,IWW_SUGAR,,1,2023,,,,,,1.0
OutputActivityRatio,BAU,RD,IWW_SUGAR,IWW_SUGAR,,1,2024,,,,,,1.0
OutputActivityRatio,BAU,RD,IWW_SUGAR,IWW_SUGAR,,1,2025,,,,,,1.0
OutputActivityRatio,BAU,RD,IWW_SUGAR,IWW_SUGAR,,1,2026,,,,,,1.0
OutputActivityRatio,BAU,RD,IWW_SUGAR,IWW_SUGAR,,1,2027,,,,,,1.0
OutputActivityRatio,BAU,RD,IWW_SUGAR,IWW_SUGAR,,1,2028,,,,,,1.0
OutputActivityRatio,BAU,RD,IWW_SUGAR,IWW_SUGAR,,1,2029,,,,,,1.0
OutputActivityRatio,BAU,RD,IWW_SUGAR,IWW_SUGAR,,1,2030,,,,,,1.0
OutputActivityRatio,BAU,RD,IWW_SUGAR,IWW_SUGAR,,1,2031,,,,,,1.0
OutputActivityRatio,BAU,RD,IWW_SUGAR,IWW_SUGAR,,1,2032,,,,,,1.0
OutputActivityRatio,BAU,RD,IWW_SUGAR,IWW_SUGAR,,1,2033,,,,,,1.0
OutputActivityRatio,BAU,RD,IWW_SUGAR,IWW_SUGAR,,1,2034,,,,,,1.0
OutputActivityRatio,BAU,RD,IWW_SUGAR,IWW_SUGAR,,1,2035,,,,,,1.0
OutputActivityRatio,BAU,RD,IWW_SUGAR,IWW_SUGAR,,1,2036,,,,,,1.0
OutputActivityRatio,BAU,RD,IWW_SUGAR,IWW_SUGAR,,1,2037,,,,,,1.0
OutputActivityRatio,BAU,RD,IWW_SUGAR,IWW_SUGAR,,1,2038,,,,,,1.0
OutputActivityRatio,BAU,RD,IWW_SUGAR,IWW_SUGAR,,1,2039,,,,,,1.0
OutputActivityRatio,BAU,RD,IWW_SUGAR,IWW_SUGAR,,1,2040,,,,,,1.0
OutputActivityRatio,BAU,RD,IWW_SUGAR,IWW_SUGAR,,1,2041,,,,,,1.0
OutputActivityRatio,BAU,RD,IWW_SUGAR,IWW_SUGAR,,1,2042,,,,,,1.0
OutputActivityRatio,BAU,RD,IWW_SUGAR,IWW_SUGAR,,1,2043,,,,,,1.0
OutputActivityRatio,BAU,RD,IWW_SUGAR,IWW_SUGAR,,1,2044,,,,,,1.0
OutputActivityRatio,BAU,RD,IWW_SUGAR,IWW_SUGAR,,1,2045,,,,,,1.0
OutputActivityRatio,BAU,RD,IWW_SUGAR,IWW_SUGAR,,1,2046,,,,,,1.0
OutputActivityRatio,BAU,RD,IWW_SUGAR,IWW_SUGAR,,1,2047,,,,,,1.0
OutputActivityRatio,BAU,RD,IWW_SUGAR,IWW_SUGAR,,1,2048,,,,,,1.0
OutputActivityRatio,BAU,RD,IWW_SUGAR,IWW_SUGAR,,1,2049,,,,,,1.0
OutputActivityRatio,BAU,RD,IWW_SUGAR,IWW_SUGAR,,1,2050,,,,,,1.0
OutputActivityRatio,BAU,RD,IWW_ALCOHOL,IWW_ALCOHOL,,1,2018,,,,,,1
OutputActivityRatio,BAU,RD,IWW_ALCOHOL,IWW_ALCOHOL,,1,2019,,,,,,1.0
OutputActivityRatio,BAU,RD,IWW_ALCOHOL,IWW_ALCOHOL,,1,2020,,,,,,1.0
OutputActivityRatio,BAU,RD,IWW_ALCOHOL,IWW_ALCOHOL,,1,2021,,,,,,1.0
OutputActivityRatio,BAU,RD,IWW_ALCOHOL,IWW_ALCOHOL,,1,2022,,,,,,1.0
OutputActivityRatio,BAU,RD,IWW_ALCOHOL,IWW_ALCOHOL,,1,2023,,,,,,1.0
OutputActivityRatio,BAU,RD,IWW_ALCOHOL,IWW_ALCOHOL,,1,2024,,,,,,1.0
OutputActivityRatio,BAU,RD,IWW_ALCOHOL,IWW_ALCOHOL,,1,2025,,,,,,1.0
OutputActivityRatio,BAU,RD,IWW_ALCOHOL,IWW_ALCOHOL,,1,2026,,,,,,1.0
OutputActivityRatio,BAU,RD,IWW_ALCOHOL,IWW_ALCOHOL,,1,2027,,,,,,1.0
OutputActivityRatio,BAU,RD,IWW_ALCOHOL,IWW_ALCOHOL,,1,2028,,,,,,1.0
OutputActivityRatio,BAU,RD,IWW_ALCOHOL,IWW_ALCOHOL,,1,2029,,,,,,1.0
OutputActivityRatio,BAU,RD,IWW_ALCOHOL,IWW_ALCOHOL,,1,2030,,,,,,1.0
OutputActivityRatio,BAU,RD,IWW_ALCOHOL,IWW_ALCOHOL,,1,2031,,,,,,1.0
OutputActivityRatio,BAU,RD,IWW_ALCOHOL,IWW_ALCOHOL,,1,2032,,,,,,1.0
OutputActivityRatio,BAU,RD,IWW_ALCOHOL,IWW_ALCOHOL,,1,2033,,,,,,1.0
OutputActivityRatio,BAU,RD,IWW_ALCOHOL,IWW_ALCOHOL,,1,2034,,,,,,1.0
OutputActivityRatio,BAU,RD,IWW_ALCOHOL,IWW_ALCOHOL,,1,2035,,,,,,1.0
OutputActivityRatio,BAU,RD,IWW_ALCOHOL,IWW_ALCOHOL,,1,2036,,,,,,1.0
OutputActivityRatio,BAU,RD,IWW_ALCOHOL,IWW_ALCOHOL,,1,2037,,,,,,1.0
OutputActivityRatio,BAU,RD,IWW_ALCOHOL,IWW_ALCOHOL,,1,2038,,,,,,1.0
OutputActivityRatio,BAU,RD,IWW_ALCOHOL,IWW_ALCOHOL,,1,2039,,,,,,1.0
OutputActivityRatio,BAU,RD,IWW_ALCOHOL,IWW_ALCOHOL,,1,2040,,,,,,1.0
OutputActivityRatio,BAU,RD,IWW_ALCOHOL,IWW_ALCOHOL,,1,2041,,,,,,1.0
OutputActivityRatio,BAU,RD,IWW_ALCOHOL,IWW_ALCOHOL,,1,2042,,,,,,1.0
OutputActivityRatio,BAU,RD,IWW_ALCOHOL,IWW_ALCOHOL,,1,2043,,,,,,1.0
OutputActivityRatio,BAU,RD,IWW_ALCOHOL,IWW_ALCOHOL,,1,2044,,,,,,1.0
OutputActivityRatio,BAU,RD,IWW_ALCOHOL,IWW_ALCOHOL,,1,2045,,,,,,1.0
OutputActivityRatio,BAU,RD,IWW_ALCOHOL,IWW_ALCOHOL,,1,2046,,,,,,1.0
OutputActivityRatio,BAU,RD,IWW_ALCOHOL,IWW_ALCOHOL,,1,2047,,,,,,1.0
OutputActivityRatio,BAU,RD,IWW_ALCOHOL,IWW_ALCOHOL,,1,2048,,,,,,1.0
OutputActivityRatio,BAU,RD,IWW_ALCOHOL,IWW_ALCOHOL,,1,2049,,,,,,1.0
OutputActivityRatio,BAU,RD,IWW_ALCOHOL,IWW_ALCOHOL,,1,2050,,,,,,1.0
OutputActivityRatio,BAU,RD,IWW_BEER,IWW_BEER,,1,2018,,,,,,1
OutputActivityRatio,BAU,RD,IWW_BEER,IWW_BEER,,1,2019,,,,,,1.0
OutputActivityRatio,BAU,RD,IWW_BEER,IWW_BEER,,1,2020,,,,,,1.0
OutputActivityRatio,BAU,RD,IWW_BEER,IWW_BEER,,1,2021,,,,,,1.0
OutputActivityRatio,BAU,RD,IWW_BEER,IWW_BEER,,1,2022,,,,,,1.0
OutputActivityRatio,BAU,RD,IWW_BEER,IWW_BEER,,1,2023,,,,,,1.0
OutputActivityRatio,BAU,RD,IWW_BEER,IWW_BEER,,1,2024,,,,,,1.0
OutputActivityRatio,BAU,RD,IWW_BEER,IWW_BEER,,1,2025,,,,,,1.0
OutputActivityRatio,BAU,RD,IWW_BEER,IWW_BEER,,1,2026,,,,,,1.0
OutputActivityRatio,BAU,RD,IWW_BEER,IWW_BEER,,1,2027,,,,,,1.0
OutputActivityRatio,BAU,RD,IWW_BEER,IWW_BEER,,1,2028,,,,,,1.0
OutputActivityRatio,BAU,RD,IWW_BEER,IWW_BEER,,1,2029,,,,,,1.0
OutputActivityRatio,BAU,RD,IWW_BEER,IWW_BEER,,1,2030,,,,,,1.0
OutputActivityRatio,BAU,RD,IWW_BEER,IWW_BEER,,1,2031,,,,,,1.0
OutputActivityRatio,BAU,RD,IWW_BEER,IWW_BEER,,1,2032,,,,,,1.0
OutputActivityRatio,BAU,RD,IWW_BEER,IWW_BEER,,1,2033,,,,,,1.0
OutputActivityRatio,BAU,RD,IWW_BEER,IWW_BEER,,1,2034,,,,,,1.0
OutputActivityRatio,BAU,RD,IWW_BEER,IWW_BEER,,1,2035,,,,,,1.0
OutputActivityRatio,BAU,RD,IWW_BEER,IWW_BEER,,1,2036,,,,,,1.0
OutputActivityRatio,BAU,RD,IWW_BEER,IWW_BEER,,1,2037,,,,,,1.0
OutputActivityRatio,BAU,RD,IWW_BEER,IWW_BEER,,1,2038,,,,,,1.0
OutputActivityRatio,BAU,RD,IWW_BEER,IWW_BEER,,1,2039,,,,,,1.0
OutputActivityRatio,BAU,RD,IWW_BEER,IWW_BEER,,1,2040,,,,,,1.0
OutputActivityRatio,BAU,RD,IWW_BEER,IWW_BEER,,1,2041,,,,,,1.0
OutputActivityRatio,BAU,RD,IWW_BEER,IWW_BEER,,1,2042,,,,,,1.0
OutputActivityRatio,BAU,RD,IWW_BEER,IWW_BEER,,1,2043,,,,,,1.0
OutputActivityRatio,BAU,RD,IWW_BEER,IWW_BEER,,1,2044,,,,,,1.0
OutputActivityRatio,BAU,RD,IWW_BEER,IWW_BEER,,1,2045,,,,,,1.0
OutputActivityRatio,BAU,RD,IWW_BEER,IWW_BEER,,1,2046,,,,,,1.0
OutputActivityRatio,BAU,RD,IWW_BEER,IWW_BEER,,1,2047,,,,,,1.0
OutputActivityRatio,BAU,RD,IWW_BEER,IWW_BEER,,1,2048,,,,,,1.0
OutputActivityRatio,BAU,RD,IWW_BEER,IWW_BEER,,1,2049,,,,,,1.0
OutputActivityRatio,BAU,RD,IWW_BEER,IWW_BEER,,1,2050,,,,,,1.0
OutputActivityRatio,BAU,RD,IWW_MILK,IWW_MILK,,1,2018,,,,,,1
OutputActivityRatio,BAU,RD,IWW_MILK,IWW_MILK,,1,2019,,,,,,1.0
OutputActivityRatio,BAU,RD,IWW_MILK,IWW_MILK,,1,2020,,,,,,1.0
OutputActivityRatio,BAU,RD,IWW_MILK,IWW_MILK,,1,2021,,,,,,1.0
OutputActivityRatio,BAU,RD,IWW_MILK,IWW_MILK,,1,2022,,,,,,1.0
OutputActivityRatio,BAU,RD,IWW_MILK,IWW_MILK,,1,2023,,,,,,1.0
OutputActivityRatio,BAU,RD,IWW_MILK,IWW_MILK,,1,2024,,,,,,1.0
OutputActivityRatio,BAU,RD,IWW_MILK,IWW_MILK,,1,2025,,,,,,1.0
OutputActivityRatio,BAU,RD,IWW_MILK,IWW_MILK,,1,2026,,,,,,1.0
OutputActivityRatio,BAU,RD,IWW_MILK,IWW_MILK,,1,2027,,,,,,1.0
OutputActivityRatio,BAU,RD,IWW_MILK,IWW_MILK,,1,2028,,,,,,1.0
OutputActivityRatio,BAU,RD,IWW_MILK,IWW_MILK,,1,2029,,,,,,1.0
OutputActivityRatio,BAU,RD,IWW_MILK,IWW_MILK,,1,2030,,,,,,1.0
OutputActivityRatio,BAU,RD,IWW_MILK,IWW_MILK,,1,2031,,,,,,1.0
OutputActivityRatio,BAU,RD,IWW_MILK,IWW_MILK,,1,2032,,,,,,1.0
OutputActivityRatio,BAU,RD,IWW_MILK,IWW_MILK,,1,2033,,,,,,1.0
OutputActivityRatio,BAU,RD,IWW_MILK,IWW_MILK,,1,2034,,,,,,1.0
OutputActivityRatio,BAU,RD,IWW_MILK,IWW_MILK,,1,2035,,,,,,1.0
OutputActivityRatio,BAU,RD,IWW_MILK,IWW_MILK,,1,2036,,,,,,1.0
OutputActivityRatio,BAU,RD,IWW_MILK,IWW_MILK,,1,2037,,,,,,1.0
OutputActivityRatio,BAU,RD,IWW_MILK,IWW_MILK,,1,2038,,,,,,1.0
OutputActivityRatio,BAU,RD,IWW_MILK,IWW_MILK,,1,2039,,,,,,1.0
OutputActivityRatio,BAU,RD,IWW_MILK,IWW_MILK,,1,2040,,,,,,1.0
OutputActivityRatio,BAU,RD,IWW_MILK,IWW_MILK,,1,2041,,,,,,1.0
OutputActivityRatio,BAU,RD,IWW_MILK,IWW_MILK,,1,2042,,,,,,1.0
OutputActivityRatio,BAU,RD,IWW_MILK,IWW_MILK,,1,2043,,,,,,1.0
OutputActivityRatio,BAU,RD,IWW_MILK,IWW_MILK,,1,2044,,,,,,1.0
OutputActivityRatio,BAU,RD,IWW_MILK,IWW_MILK,,1,2045,,,,,,1.0
OutputActivityRatio,BAU,RD,IWW_MILK,IWW_MILK,,1,2046,,,,,,1.0
OutputActivityRatio,BAU,RD,IWW_MILK,IWW_MILK,,1,2047,,,,,,1.0
OutputActivityRatio,BAU,RD,IWW_MILK,IWW_MILK,,1,2048,,,,,,1.0
OutputActivityRatio,BAU,RD,IWW_MILK,IWW_MILK,,1,2049,,,,,,1.0
OutputActivityRatio,BAU,RD,IWW_MILK,IWW_MILK,,1,2050,,,,,,1.0
OutputActivityRatio,BAU,RD,OSS_INORG,COLL_INORG,,1,2018,,,,,,1.0
OutputActivityRatio,BAU,RD,OSS_INORG,COLL_INORG,,1,2019,,,,,,1.0
OutputActivityRatio,BAU,RD,OSS_INORG,COLL_INORG,,1,2020,,,,,,1.0
OutputActivityRatio,BAU,RD,OSS_INORG,COLL_INORG,,1,2021,,,,,,1.0
OutputActivityRatio,BAU,RD,OSS_INORG,COLL_INORG,,1,2022,,,,,,1.0
OutputActivityRatio,BAU,RD,OSS_INORG,COLL_INORG,,1,2023,,,,,,1.0
OutputActivityRatio,BAU,RD,OSS_INORG,COLL_INORG,,1,2024,,,,,,1.0
OutputActivityRatio,BAU,RD,OSS_INORG,COLL_INORG,,1,2025,,,,,,1.0
OutputActivityRatio,BAU,RD,OSS_INORG,COLL_INORG,,1,2026,,,,,,1.0
OutputActivityRatio,BAU,RD,OSS_INORG,COLL_INORG,,1,2027,,,,,,1.0
OutputActivityRatio,BAU,RD,OSS_INORG,COLL_INORG,,1,2028,,,,,,1.0
OutputActivityRatio,BAU,RD,OSS_INORG,COLL_INORG,,1,2029,,,,,,1.0
OutputActivityRatio,BAU,RD,OSS_INORG,COLL_INORG,,1,2030,,,,,,1.0
OutputActivityRatio,BAU,RD,OSS_INORG,COLL_INORG,,1,2031,,,,,,1.0
OutputActivityRatio,BAU,RD,OSS_INORG,COLL_INORG,,1,2032,,,,,,1.0
OutputActivityRatio,BAU,RD,OSS_INORG,COLL_INORG,,1,2033,,,,,,1.0
OutputActivityRatio,BAU,RD,OSS_INORG,COLL_INORG,,1,2034,,,,,,1.0
OutputActivityRatio,BAU,RD,OSS_INORG,COLL_INORG,,1,2035,,,,,,1.0
OutputActivityRatio,BAU,RD,OSS_INORG,COLL_INORG,,1,2036,,,,,,1.0
OutputActivityRatio,BAU,RD,OSS_INORG,COLL_INORG,,1,2037,,,,,,1.0
OutputActivityRatio,BAU,RD,OSS_INORG,COLL_INORG,,1,2038,,,,,,1.0
OutputActivityRatio,BAU,RD,OSS_INORG,COLL_INORG,,1,2039,,,,,,1.0
OutputActivityRatio,BAU,RD,OSS_INORG,COLL_INORG,,1,2040,,,,,,1.0
OutputActivityRatio,BAU,RD,OSS_INORG,COLL_INORG,,1,2041,,,,,,1.0
OutputActivityRatio,BAU,RD,OSS_INORG,COLL_INORG,,1,2042,,,,,,1.0
OutputActivityRatio,BAU,RD,OSS_INORG,COLL_INORG,,1,2043,,,,,,1.0
OutputActivityRatio,BAU,RD,OSS_INORG,COLL_INORG,,1,2044,,,,,,1.0
OutputActivityRatio,BAU,RD,OSS_INORG,COLL_INORG,,1,2045,,,,,,1.0
OutputActivityRatio,BAU,RD,OSS_INORG,COLL_INORG,,1,2046,,,,,,1.0
OutputActivityRatio,BAU,RD,OSS_INORG,COLL_INORG,,1,2047,,,,,,1.0
OutputActivityRatio,BAU,RD,OSS_INORG,COLL_INORG,,1,2048,,,,,,1.0
OutputActivityRatio,BAU,RD,OSS_INORG,COLL_INORG,,1,2049,,,,,,1.0
OutputActivityRatio,BAU,RD,OSS_INORG,COLL_INORG,,1,2050,,,,,,1.0
OutputActivityRatio,BAU,RD,OSS_ORG,COLL_ORG,,1,2018,,,,,,1.0
OutputActivityRatio,BAU,RD,OSS_ORG,COLL_ORG,,1,2019,,,,,,1.0
OutputActivityRatio,BAU,RD,OSS_ORG,COLL_ORG,,1,2020,,,,,,1.0
OutputActivityRatio,BAU,RD,OSS_ORG,COLL_ORG,,1,2021,,,,,,1.0
OutputActivityRatio,BAU,RD,OSS_ORG,COLL_ORG,,1,2022,,,,,,1.0
OutputActivityRatio,BAU,RD,OSS_ORG,COLL_ORG,,1,2023,,,,,,1.0
OutputActivityRatio,BAU,RD,OSS_ORG,COLL_ORG,,1,2024,,,,,,1.0
OutputActivityRatio,BAU,RD,OSS_ORG,COLL_ORG,,1,2025,,,,,,1.0
OutputActivityRatio,BAU,RD,OSS_ORG,COLL_ORG,,1,2026,,,,,,1.0
OutputActivityRatio,BAU,RD,OSS_ORG,COLL_ORG,,1,2027,,,,,,1.0
OutputActivityRatio,BAU,RD,OSS_ORG,COLL_ORG,,1,2028,,,,,,1.0
OutputActivityRatio,BAU,RD,OSS_ORG,COLL_ORG,,1,2029,,,,,,1.0
OutputActivityRatio,BAU,RD,OSS_ORG,COLL_ORG,,1,2030,,,,,,1.0
OutputActivityRatio,BAU,RD,OSS_ORG,COLL_ORG,,1,2031,,,,,,1.0
OutputActivityRatio,BAU,RD,OSS_ORG,COLL_ORG,,1,2032,,,,,,1.0
OutputActivityRatio,BAU,RD,OSS_ORG,COLL_ORG,,1,2033,,,,,,1.0
OutputActivityRatio,BAU,RD,OSS_ORG,COLL_ORG,,1,2034,,,,,,1.0
OutputActivityRatio,BAU,RD,OSS_ORG,COLL_ORG,,1,2035,,,,,,1.0
OutputActivityRatio,BAU,RD,OSS_ORG,COLL_ORG,,1,2036,,,,,,1.0
OutputActivityRatio,BAU,RD,OSS_ORG,COLL_ORG,,1,2037,,,,,,1.0
OutputActivityRatio,BAU,RD,OSS_ORG,COLL_ORG,,1,2038,,,,,,1.0
OutputActivityRatio,BAU,RD,OSS_ORG,COLL_ORG,,1,2039,,,,,,1.0
OutputActivityRatio,BAU,RD,OSS_ORG,COLL_ORG,,1,2040,,,,,,1.0
OutputActivityRatio,BAU,RD,OSS_ORG,COLL_ORG,,1,2041,,,,,,1.0
OutputActivityRatio,BAU,RD,OSS_ORG,COLL_ORG,,1,2042,,,,,,1.0
OutputActivityRatio,BAU,RD,OSS_ORG,COLL_ORG,,1,2043,,,,,,1.0
OutputActivityRatio,BAU,RD,OSS_ORG,COLL_ORG,,1,2044,,,,,,1.0
OutputActivityRatio,BAU,RD,OSS_ORG,COLL_ORG,,1,2045,,,,,,1.0
OutputActivityRatio,BAU,RD,OSS_ORG,COLL_ORG,,1,2046,,,,,,1.0
OutputActivityRatio,BAU,RD,OSS_ORG,COLL_ORG,,1,2047,,,,,,1.0
OutputActivityRatio,BAU,RD,OSS_ORG,COLL_ORG,,1,2048,,,,,,1.0
OutputActivityRatio,BAU,RD,OSS_ORG,COLL_ORG,,1,2049,,,,,,1.0
OutputActivityRatio,BAU,RD,OSS_ORG,COLL_ORG,,1,2050,,,,,,1.0
OutputActivityRatio,BAU,RD,NO_OSS_BLEND,COLL_BLEND,,1,2018,,,,,,1.0
OutputActivityRatio,BAU,RD,NO_OSS_BLEND,COLL_BLEND,,1,2019,,,,,,1.0
OutputActivityRatio,BAU,RD,NO_OSS_BLEND,COLL_BLEND,,1,2020,,,,,,1.0
OutputActivityRatio,BAU,RD,NO_OSS_BLEND,COLL_BLEND,,1,2021,,,,,,1.0
OutputActivityRatio,BAU,RD,NO_OSS_BLEND,COLL_BLEND,,1,2022,,,,,,1.0
OutputActivityRatio,BAU,RD,NO_OSS_BLEND,COLL_BLEND,,1,2023,,,,,,1.0
OutputActivityRatio,BAU,RD,NO_OSS_BLEND,COLL_BLEND,,1,2024,,,,,,1.0
OutputActivityRatio,BAU,RD,NO_OSS_BLEND,COLL_BLEND,,1,2025,,,,,,1.0
OutputActivityRatio,BAU,RD,NO_OSS_BLEND,COLL_BLEND,,1,2026,,,,,,1.0
OutputActivityRatio,BAU,RD,NO_OSS_BLEND,COLL_BLEND,,1,2027,,,,,,1.0
OutputActivityRatio,BAU,RD,NO_OSS_BLEND,COLL_BLEND,,1,2028,,,,,,1.0
OutputActivityRatio,BAU,RD,NO_OSS_BLEND,COLL_BLEND,,1,2029,,,,,,1.0
OutputActivityRatio,BAU,RD,NO_OSS_BLEND,COLL_BLEND,,1,2030,,,,,,1.0
OutputActivityRatio,BAU,RD,NO_OSS_BLEND,COLL_BLEND,,1,2031,,,,,,1.0
OutputActivityRatio,BAU,RD,NO_OSS_BLEND,COLL_BLEND,,1,2032,,,,,,1.0
OutputActivityRatio,BAU,RD,NO_OSS_BLEND,COLL_BLEND,,1,2033,,,,,,1.0
OutputActivityRatio,BAU,RD,NO_OSS_BLEND,COLL_BLEND,,1,2034,,,,,,1.0
OutputActivityRatio,BAU,RD,NO_OSS_BLEND,COLL_BLEND,,1,2035,,,,,,1.0
OutputActivityRatio,BAU,RD,NO_OSS_BLEND,COLL_BLEND,,1,2036,,,,,,1.0
OutputActivityRatio,BAU,RD,NO_OSS_BLEND,COLL_BLEND,,1,2037,,,,,,1.0
OutputActivityRatio,BAU,RD,NO_OSS_BLEND,COLL_BLEND,,1,2038,,,,,,1.0
OutputActivityRatio,BAU,RD,NO_OSS_BLEND,COLL_BLEND,,1,2039,,,,,,1.0
OutputActivityRatio,BAU,RD,NO_OSS_BLEND,COLL_BLEND,,1,2040,,,,,,1.0
OutputActivityRatio,BAU,RD,NO_OSS_BLEND,COLL_BLEND,,1,2041,,,,,,1.0
OutputActivityRatio,BAU,RD,NO_OSS_BLEND,COLL_BLEND,,1,2042,,,,,,1.0
OutputActivityRatio,BAU,RD,NO_OSS_BLEND,COLL_BLEND,,1,2043,,,,,,1.0
OutputActivityRatio,BAU,RD,NO_OSS_BLEND,COLL_BLEND,,1,2044,,,,,,1.0
OutputActivityRatio,BAU,RD,NO_OSS_BLEND,COLL_BLEND,,1,2045,,,,,,1.0
OutputActivityRatio,BAU,RD,NO_OSS_BLEND,COLL_BLEND,,1,2046,,,,,,1.0
OutputActivityRatio,BAU,RD,NO_OSS_BLEND,COLL_BLEND,,1,2047,,,,,,1.0
OutputActivityRatio,BAU,RD,NO_OSS_BLEND,COLL_BLEND,,1,2048,,,,,,1.0
OutputActivityRatio,BAU,RD,NO_OSS_BLEND,COLL_BLEND,,1,2049,,,,,,1.0
OutputActivityRatio,BAU,RD,NO_OSS_BLEND,COLL_BLEND,,1,2050,,,,,,1.0
OutputActivityRatio,BAU,RD,NO_OSS_NO_COLL,NO_COLL,,1,2018,,,,,,1.0
OutputActivityRatio,BAU,RD,NO_OSS_NO_COLL,NO_COLL,,1,2019,,,,,,1.0
OutputActivityRatio,BAU,RD,NO_OSS_NO_COLL,NO_COLL,,1,2020,,,,,,1.0
OutputActivityRatio,BAU,RD,NO_OSS_NO_COLL,NO_COLL,,1,2021,,,,,,1.0
OutputActivityRatio,BAU,RD,NO_OSS_NO_COLL,NO_COLL,,1,2022,,,,,,1.0
OutputActivityRatio,BAU,RD,NO_OSS_NO_COLL,NO_COLL,,1,2023,,,,,,1.0
OutputActivityRatio,BAU,RD,NO_OSS_NO_COLL,NO_COLL,,1,2024,,,,,,1.0
OutputActivityRatio,BAU,RD,NO_OSS_NO_COLL,NO_COLL,,1,2025,,,,,,1.0
OutputActivityRatio,BAU,RD,NO_OSS_NO_COLL,NO_COLL,,1,2026,,,,,,1.0
OutputActivityRatio,BAU,RD,NO_OSS_NO_COLL,NO_COLL,,1,2027,,,,,,1.0
OutputActivityRatio,BAU,RD,NO_OSS_NO_COLL,NO_COLL,,1,2028,,,,,,1.0
OutputActivityRatio,BAU,RD,NO_OSS_NO_COLL,NO_COLL,,1,2029,,,,,,1.0
OutputActivityRatio,BAU,RD,NO_OSS_NO_COLL,NO_COLL,,1,2030,,,,,,1.0
OutputActivityRatio,BAU,RD,NO_OSS_NO_COLL,NO_COLL,,1,2031,,,,,,1.0
OutputActivityRatio,BAU,RD,NO_OSS_NO_COLL,NO_COLL,,1,2032,,,,,,1.0
OutputActivityRatio,BAU,RD,NO_OSS_NO_COLL,NO_COLL,,1,2033,,,,,,1.0
OutputActivityRatio,BAU,RD,NO_OSS_NO_COLL,NO_COLL,,1,2034,,,,,,1.0
OutputActivityRatio,BAU,RD,NO_OSS_NO_COLL,NO_COLL,,1,2035,,,,,,1.0
OutputActivityRatio,BAU,RD,NO_OSS_NO_COLL,NO_COLL,,1,2036,,,,,,1.0
OutputActivityRatio,BAU,RD,NO_OSS_NO_COLL,NO_COLL,,1,2037,,,,,,1.0
OutputActivityRatio,BAU,RD,NO_OSS_NO_COLL,NO_COLL,,1,2038,,,,,,1.0
OutputActivityRatio,BAU,RD,NO_OSS_NO_COLL,NO_COLL,,1,2039,,,,,,1.0
OutputActivityRatio,BAU,RD,NO_OSS_NO_COLL,NO_COLL,,1,2040,,,,,,1.0
OutputActivityRatio,BAU,RD,NO_OSS_NO_COLL,NO_COLL,,1,2041,,,,,,1.0
OutputActivityRatio,BAU,RD,NO_OSS_NO_COLL,NO_COLL,,1,2042,,,,,,1.0
OutputActivityRatio,BAU,RD,NO_OSS_NO_COLL,NO_COLL,,1,2043,,,,,,1.0
OutputActivityRatio,BAU,RD,NO_OSS_NO_COLL,NO_COLL,,1,2044,,,,,,1.0
OutputActivityRatio,BAU,RD,NO_OSS_NO_COLL,NO_COLL,,1,2045,,,,,,1.0
OutputActivityRatio,BAU,RD,NO_OSS_NO_COLL,NO_COLL,,1,2046,,,,,,1.0
OutputActivityRatio,BAU,RD,NO_OSS_NO_COLL,NO_COLL,,1,2047,,,,,,1.0
OutputActivityRatio,BAU,RD,NO_OSS_NO_COLL,NO_COLL,,1,2048,,,,,,1.0
OutputActivityRatio,BAU,RD,NO_OSS_NO_COLL,NO_COLL,,1,2049,,,,,,1.0
OutputActivityRatio,BAU,RD,NO_OSS_NO_COLL,NO_COLL,,1,2050,,,,,,1.0
OutputActivityRatio,BAU,RD,INORG_DCOLL,INORGSS,,1,2018,,,,,,1.0
OutputActivityRatio,BAU,RD,INORG_DCOLL,INORGSS,,1,2019,,,,,,1.0
OutputActivityRatio,BAU,RD,INORG_DCOLL,INORGSS,,1,2020,,,,,,1.0
OutputActivityRatio,BAU,RD,INORG_DCOLL,INORGSS,,1,2021,,,,,,1.0
OutputActivityRatio,BAU,RD,INORG_DCOLL,INORGSS,,1,2022,,,,,,1.0
OutputActivityRatio,BAU,RD,INORG_DCOLL,INORGSS,,1,2023,,,,,,1.0
OutputActivityRatio,BAU,RD,INORG_DCOLL,INORGSS,,1,2024,,,,,,1.0
OutputActivityRatio,BAU,RD,INORG_DCOLL,INORGSS,,1,2025,,,,,,1.0
OutputActivityRatio,BAU,RD,INORG_DCOLL,INORGSS,,1,2026,,,,,,1.0
OutputActivityRatio,BAU,RD,INORG_DCOLL,INORGSS,,1,2027,,,,,,1.0
OutputActivityRatio,BAU,RD,INORG_DCOLL,INORGSS,,1,2028,,,,,,1.0
OutputActivityRatio,BAU,RD,INORG_DCOLL,INORGSS,,1,2029,,,,,,1.0
OutputActivityRatio,BAU,RD,INORG_DCOLL,INORGSS,,1,2030,,,,,,1.0
OutputActivityRatio,BAU,RD,INORG_DCOLL,INORGSS,,1,2031,,,,,,1.0
OutputActivityRatio,BAU,RD,INORG_DCOLL,INORGSS,,1,2032,,,,,,1.0
OutputActivityRatio,BAU,RD,INORG_DCOLL,INORGSS,,1,2033,,,,,,1.0
OutputActivityRatio,BAU,RD,INORG_DCOLL,INORGSS,,1,2034,,,,,,1.0
OutputActivityRatio,BAU,RD,INORG_DCOLL,INORGSS,,1,2035,,,,,,1.0
OutputActivityRatio,BAU,RD,INORG_DCOLL,INORGSS,,1,2036,,,,,,1.0
OutputActivityRatio,BAU,RD,INORG_DCOLL,INORGSS,,1,2037,,,,,,1.0
OutputActivityRatio,BAU,RD,INORG_DCOLL,INORGSS,,1,2038,,,,,,1.0
OutputActivityRatio,BAU,RD,INORG_DCOLL,INORGSS,,1,2039,,,,,,1.0
OutputActivityRatio,BAU,RD,INORG_DCOLL,INORGSS,,1,2040,,,,,,1.0
OutputActivityRatio,BAU,RD,INORG_DCOLL,INORGSS,,1,2041,,,,,,1.0
OutputActivityRatio,BAU,RD,INORG_DCOLL,INORGSS,,1,2042,,,,,,1.0
OutputActivityRatio,BAU,RD,INORG_DCOLL,INORGSS,,1,2043,,,,,,1.0
OutputActivityRatio,BAU,RD,INORG_DCOLL,INORGSS,,1,2044,,,,,,1.0
OutputActivityRatio,BAU,RD,INORG_DCOLL,INORGSS,,1,2045,,,,,,1.0
OutputActivityRatio,BAU,RD,INORG_DCOLL,INORGSS,,1,2046,,,,,,1.0
OutputActivityRatio,BAU,RD,INORG_DCOLL,INORGSS,,1,2047,,,,,,1.0
OutputActivityRatio,BAU,RD,INORG_DCOLL,INORGSS,,1,2048,,,,,,1.0
OutputActivityRatio,BAU,RD,INORG_DCOLL,INORGSS,,1,2049,,,,,,1.0
OutputActivityRatio,BAU,RD,INORG_DCOLL,INORGSS,,1,2050,,,,,,1.0
OutputActivityRatio,BAU,RD,ORG_DCOLL,ORGSS,,1,2018,,,,,,1.0
OutputActivityRatio,BAU,RD,ORG_DCOLL,ORGSS,,1,2019,,,,,,1.0
OutputActivityRatio,BAU,RD,ORG_DCOLL,ORGSS,,1,2020,,,,,,1.0
OutputActivityRatio,BAU,RD,ORG_DCOLL,ORGSS,,1,2021,,,,,,1.0
OutputActivityRatio,BAU,RD,ORG_DCOLL,ORGSS,,1,2022,,,,,,1.0
OutputActivityRatio,BAU,RD,ORG_DCOLL,ORGSS,,1,2023,,,,,,1.0
OutputActivityRatio,BAU,RD,ORG_DCOLL,ORGSS,,1,2024,,,,,,1.0
OutputActivityRatio,BAU,RD,ORG_DCOLL,ORGSS,,1,2025,,,,,,1.0
OutputActivityRatio,BAU,RD,ORG_DCOLL,ORGSS,,1,2026,,,,,,1.0
OutputActivityRatio,BAU,RD,ORG_DCOLL,ORGSS,,1,2027,,,,,,1.0
OutputActivityRatio,BAU,RD,ORG_DCOLL,ORGSS,,1,2028,,,,,,1.0
OutputActivityRatio,BAU,RD,ORG_DCOLL,ORGSS,,1,2029,,,,,,1.0
OutputActivityRatio,BAU,RD,ORG_DCOLL,ORGSS,,1,2030,,,,,,1.0
OutputActivityRatio,BAU,RD,ORG_DCOLL,ORGSS,,1,2031,,,,,,1.0
OutputActivityRatio,BAU,RD,ORG_DCOLL,ORGSS,,1,2032,,,,,,1.0
OutputActivityRatio,BAU,RD,ORG_DCOLL,ORGSS,,1,2033,,,,,,1.0
OutputActivityRatio,BAU,RD,ORG_DCOLL,ORGSS,,1,2034,,,,,,1.0
OutputActivityRatio,BAU,RD,ORG_DCOLL,ORGSS,,1,2035,,,,,,1.0
OutputActivityRatio,BAU,RD,ORG_DCOLL,ORGSS,,1,2036,,,,,,1.0
OutputActivityRatio,BAU,RD,ORG_DCOLL,ORGSS,,1,2037,,,,,,1.0
OutputActivityRatio,BAU,RD,ORG_DCOLL,ORGSS,,1,2038,,,,,,1.0
OutputActivityRatio,BAU,RD,ORG_DCOLL,ORGSS,,1,2039,,,,,,1.0
OutputActivityRatio,BAU,RD,ORG_DCOLL,ORGSS,,1,2040,,,,,,1.0
OutputActivityRatio,BAU,RD,ORG_DCOLL,ORGSS,,1,2041,,,,,,1.0
OutputActivityRatio,BAU,RD,ORG_DCOLL,ORGSS,,1,2042,,,,,,1.0
OutputActivityRatio,BAU,RD,ORG_DCOLL,ORGSS,,1,2043,,,,,,1.0
OutputActivityRatio,BAU,RD,ORG_DCOLL,ORGSS,,1,2044,,,,,,1.0
OutputActivityRatio,BAU,RD,ORG_DCOLL,ORGSS,,1,2045,,,,,,1.0
OutputActivityRatio,BAU,RD,ORG_DCOLL,ORGSS,,1,2046,,,,,,1.0
OutputActivityRatio,BAU,RD,ORG_DCOLL,ORGSS,,1,2047,,,,,,1.0
OutputActivityRatio,BAU,RD,ORG_DCOLL,ORGSS,,1,2048,,,,,,1.0
OutputActivityRatio,BAU,RD,ORG_DCOLL,ORGSS,,1,2049,,,,,,1.0
OutputActivityRatio,BAU,RD,ORG_DCOLL,ORGSS,,1,2050,,,,,,1.0
OutputActivityRatio,BAU,RD,BLEND_NO_DCOLL,NOSS,,1,2018,,,,,,1.0
OutputActivityRatio,BAU,RD,BLEND_NO_DCOLL,NOSS,,1,2019,,,,,,1.0
OutputActivityRatio,BAU,RD,BLEND_NO_DCOLL,NOSS,,1,2020,,,,,,1.0
OutputActivityRatio,BAU,RD,BLEND_NO_DCOLL,NOSS,,1,2021,,,,,,1.0
OutputActivityRatio,BAU,RD,BLEND_NO_DCOLL,NOSS,,1,2022,,,,,,1.0
OutputActivityRatio,BAU,RD,BLEND_NO_DCOLL,NOSS,,1,2023,,,,,,1.0
OutputActivityRatio,BAU,RD,BLEND_NO_DCOLL,NOSS,,1,2024,,,,,,1.0
OutputActivityRatio,BAU,RD,BLEND_NO_DCOLL,NOSS,,1,2025,,,,,,1.0
OutputActivityRatio,BAU,RD,BLEND_NO_DCOLL,NOSS,,1,2026,,,,,,1.0
OutputActivityRatio,BAU,RD,BLEND_NO_DCOLL,NOSS,,1,2027,,,,,,1.0
OutputActivityRatio,BAU,RD,BLEND_NO_DCOLL,NOSS,,1,2028,,,,,,1.0
OutputActivityRatio,BAU,RD,BLEND_NO_DCOLL,NOSS,,1,2029,,,,,,1.0
OutputActivityRatio,BAU,RD,BLEND_NO_DCOLL,NOSS,,1,2030,,,,,,1.0
OutputActivityRatio,BAU,RD,BLEND_NO_DCOLL,NOSS,,1,2031,,,,,,1.0
OutputActivityRatio,BAU,RD,BLEND_NO_DCOLL,NOSS,,1,2032,,,,,,1.0
OutputActivityRatio,BAU,RD,BLEND_NO_DCOLL,NOSS,,1,2033,,,,,,1.0
OutputActivityRatio,BAU,RD,BLEND_NO_DCOLL,NOSS,,1,2034,,,,,,1.0
OutputActivityRatio,BAU,RD,BLEND_NO_DCOLL,NOSS,,1,2035,,,,,,1.0
OutputActivityRatio,BAU,RD,BLEND_NO_DCOLL,NOSS,,1,2036,,,,,,1.0
OutputActivityRatio,BAU,RD,BLEND_NO_DCOLL,NOSS,,1,2037,,,,,,1.0
OutputActivityRatio,BAU,RD,BLEND_NO_DCOLL,NOSS,,1,2038,,,,,,1.0
OutputActivityRatio,BAU,RD,BLEND_NO_DCOLL,NOSS,,1,2039,,,,,,1.0
OutputActivityRatio,BAU,RD,BLEND_NO_DCOLL,NOSS,,1,2040,,,,,,1.0
OutputActivityRatio,BAU,RD,BLEND_NO_DCOLL,NOSS,,1,2041,,,,,,1.0
OutputActivityRatio,BAU,RD,BLEND_NO_DCOLL,NOSS,,1,2042,,,,,,1.0
OutputActivityRatio,BAU,RD,BLEND_NO_DCOLL,NOSS,,1,2043,,,,,,1.0
OutputActivityRatio,BAU,RD,BLEND_NO_DCOLL,NOSS,,1,2044,,,,,,1.0
OutputActivityRatio,BAU,RD,BLEND_NO_DCOLL,NOSS,,1,2045,,,,,,1.0
OutputActivityRatio,BAU,RD,BLEND_NO_DCOLL,NOSS,,1,2046,,,,,,1.0
OutputActivityRatio,BAU,RD,BLEND_NO_DCOLL,NOSS,,1,2047,,,,,,1.0
OutputActivityRatio,BAU,RD,BLEND_NO_DCOLL,NOSS,,1,2048,,,,,,1.0
OutputActivityRatio,BAU,RD,BLEND_NO_DCOLL,NOSS,,1,2049,,,,,,1.0
OutputActivityRatio,BAU,RD,BLEND_NO_DCOLL,NOSS,,1,2050,,,,,,1.0
OutputActivityRatio,BAU,RD,BLEND_NO_COLL,NOSS,,1,2018,,,,,,1.0
OutputActivityRatio,BAU,RD,BLEND_NO_COLL,NOSS,,1,2019,,,,,,1.0
OutputActivityRatio,BAU,RD,BLEND_NO_COLL,NOSS,,1,2020,,,,,,1.0
OutputActivityRatio,BAU,RD,BLEND_NO_COLL,NOSS,,1,2021,,,,,,1.0
OutputActivityRatio,BAU,RD,BLEND_NO_COLL,NOSS,,1,2022,,,,,,1.0
OutputActivityRatio,BAU,RD,BLEND_NO_COLL,NOSS,,1,2023,,,,,,1.0
OutputActivityRatio,BAU,RD,BLEND_NO_COLL,NOSS,,1,2024,,,,,,1.0
OutputActivityRatio,BAU,RD,BLEND_NO_COLL,NOSS,,1,2025,,,,,,1.0
OutputActivityRatio,BAU,RD,BLEND_NO_COLL,NOSS,,1,2026,,,,,,1.0
OutputActivityRatio,BAU,RD,BLEND_NO_COLL,NOSS,,1,2027,,,,,,1.0
OutputActivityRatio,BAU,RD,BLEND_NO_COLL,NOSS,,1,2028,,,,,,1.0
OutputActivityRatio,BAU,RD,BLEND_NO_COLL,NOSS,,1,2029,,,,,,1.0
OutputActivityRatio,BAU,RD,BLEND_NO_COLL,NOSS,,1,2030,,,,,,1.0
OutputActivityRatio,BAU,RD,BLEND_NO_COLL,NOSS,,1,2031,,,,,,1.0
OutputActivityRatio,BAU,RD,BLEND_NO_COLL,NOSS,,1,2032,,,,,,1.0
OutputActivityRatio,BAU,RD,BLEND_NO_COLL,NOSS,,1,2033,,,,,,1.0
OutputActivityRatio,BAU,RD,BLEND_NO_COLL,NOSS,,1,2034,,,,,,1.0
OutputActivityRatio,BAU,RD,BLEND_NO_COLL,NOSS,,1,2035,,,,,,1.0
OutputActivityRatio,BAU,RD,BLEND_NO_COLL,NOSS,,1,2036,,,,,,1.0
OutputActivityRatio,BAU,RD,BLEND_NO_COLL,NOSS,,1,2037,,,,,,1.0
OutputActivityRatio,BAU,RD,BLEND_NO_COLL,NOSS,,1,2038,,,,,,1.0
OutputActivityRatio,BAU,RD,BLEND_NO_COLL,NOSS,,1,2039,,,,,,1.0
OutputActivityRatio,BAU,RD,BLEND_NO_COLL,NOSS,,1,2040,,,,,,1.0
OutputActivityRatio,BAU,RD,BLEND_NO_COLL,NOSS,,1,2041,,,,,,1.0
OutputActivityRatio,BAU,RD,BLEND_NO_COLL,NOSS,,1,2042,,,,,,1.0
OutputActivityRatio,BAU,RD,BLEND_NO_COLL,NOSS,,1,2043,,,,,,1.0
OutputActivityRatio,BAU,RD,BLEND_NO_COLL,NOSS,,1,2044,,,,,,1.0
OutputActivityRatio,BAU,RD,BLEND_NO_COLL,NOSS,,1,2045,,,,,,1.0
OutputActivityRatio,BAU,RD,BLEND_NO_COLL,NOSS,,1,2046,,,,,,1.0
OutputActivityRatio,BAU,RD,BLEND_NO_COLL,NOSS,,1,2047,,,,,,1.0
OutputActivityRatio,BAU,RD,BLEND_NO_COLL,NOSS,,1,2048,,,,,,1.0
OutputActivityRatio,BAU,RD,BLEND_NO_COLL,NOSS,,1,2049,,,,,,1.0
OutputActivityRatio,BAU,RD,BLEND_NO_COLL,NOSS,,1,2050,,,,,,1.0
OutputActivityRatio,BAU,RD,INORG_SS,TSW,,1,2018,,,,,,1.0
OutputActivityRatio,BAU,RD,INORG_SS,TSW,,1,2019,,,,,,1.0
OutputActivityRatio,BAU,RD,INORG_SS,TSW,,1,2020,,,,,,1.0
OutputActivityRatio,BAU,RD,INORG_SS,TSW,,1,2021,,,,,,1.0
OutputActivityRatio,BAU,RD,INORG_SS,TSW,,1,2022,,,,,,1.0
OutputActivityRatio,BAU,RD,INORG_SS,TSW,,1,2023,,,,,,1.0
OutputActivityRatio,BAU,RD,INORG_SS,TSW,,1,2024,,,,,,1.0
OutputActivityRatio,BAU,RD,INORG_SS,TSW,,1,2025,,,,,,1.0
OutputActivityRatio,BAU,RD,INORG_SS,TSW,,1,2026,,,,,,1.0
OutputActivityRatio,BAU,RD,INORG_SS,TSW,,1,2027,,,,,,1.0
OutputActivityRatio,BAU,RD,INORG_SS,TSW,,1,2028,,,,,,1.0
OutputActivityRatio,BAU,RD,INORG_SS,TSW,,1,2029,,,,,,1.0
OutputActivityRatio,BAU,RD,INORG_SS,TSW,,1,2030,,,,,,1.0
OutputActivityRatio,BAU,RD,INORG_SS,TSW,,1,2031,,,,,,1.0
OutputActivityRatio,BAU,RD,INORG_SS,TSW,,1,2032,,,,,,1.0
OutputActivityRatio,BAU,RD,INORG_SS,TSW,,1,2033,,,,,,1.0
OutputActivityRatio,BAU,RD,INORG_SS,TSW,,1,2034,,,,,,1.0
OutputActivityRatio,BAU,RD,INORG_SS,TSW,,1,2035,,,,,,1.0
OutputActivityRatio,BAU,RD,INORG_SS,TSW,,1,2036,,,,,,1.0
OutputActivityRatio,BAU,RD,INORG_SS,TSW,,1,2037,,,,,,1.0
OutputActivityRatio,BAU,RD,INORG_SS,TSW,,1,2038,,,,,,1.0
OutputActivityRatio,BAU,RD,INORG_SS,TSW,,1,2039,,,,,,1.0
OutputActivityRatio,BAU,RD,INORG_SS,TSW,,1,2040,,,,,,1.0
OutputActivityRatio,BAU,RD,INORG_SS,TSW,,1,2041,,,,,,1.0
OutputActivityRatio,BAU,RD,INORG_SS,TSW,,1,2042,,,,,,1.0
OutputActivityRatio,BAU,RD,INORG_SS,TSW,,1,2043,,,,,,1.0
OutputActivityRatio,BAU,RD,INORG_SS,TSW,,1,2044,,,,,,1.0
OutputActivityRatio,BAU,RD,INORG_SS,TSW,,1,2045,,,,,,1.0
OutputActivityRatio,BAU,RD,INORG_SS,TSW,,1,2046,,,,,,1.0
OutputActivityRatio,BAU,RD,INORG_SS,TSW,,1,2047,,,,,,1.0
OutputActivityRatio,BAU,RD,INORG_SS,TSW,,1,2048,,,,,,1.0
OutputActivityRatio,BAU,RD,INORG_SS,TSW,,1,2049,,,,,,1.0
OutputActivityRatio,BAU,RD,INORG_SS,TSW,,1,2050,,,,,,1.0
OutputActivityRatio,BAU,RD,ORG_SS,TSW,,1,2018,,,,,,1.0
OutputActivityRatio,BAU,RD,ORG_SS,TSW,,1,2019,,,,,,1.0
OutputActivityRatio,BAU,RD,ORG_SS,TSW,,1,2020,,,,,,1.0
OutputActivityRatio,BAU,RD,ORG_SS,TSW,,1,2021,,,,,,1.0
OutputActivityRatio,BAU,RD,ORG_SS,TSW,,1,2022,,,,,,1.0
OutputActivityRatio,BAU,RD,ORG_SS,TSW,,1,2023,,,,,,1.0
OutputActivityRatio,BAU,RD,ORG_SS,TSW,,1,2024,,,,,,1.0
OutputActivityRatio,BAU,RD,ORG_SS,TSW,,1,2025,,,,,,1.0
OutputActivityRatio,BAU,RD,ORG_SS,TSW,,1,2026,,,,,,1.0
OutputActivityRatio,BAU,RD,ORG_SS,TSW,,1,2027,,,,,,1.0
OutputActivityRatio,BAU,RD,ORG_SS,TSW,,1,2028,,,,,,1.0
OutputActivityRatio,BAU,RD,ORG_SS,TSW,,1,2029,,,,,,1.0
OutputActivityRatio,BAU,RD,ORG_SS,TSW,,1,2030,,,,,,1.0
OutputActivityRatio,BAU,RD,ORG_SS,TSW,,1,2031,,,,,,1.0
OutputActivityRatio,BAU,RD,ORG_SS,TSW,,1,2032,,,,,,1.0
OutputActivityRatio,BAU,RD,ORG_SS,TSW,,1,2033,,,,,,1.0
OutputActivityRatio,BAU,RD,ORG_SS,TSW,,1,2034,,,,,,1.0
OutputActivityRatio,BAU,RD,ORG_SS,TSW,,1,2035,,,,,,1.0
OutputActivityRatio,BAU,RD,ORG_SS,TSW,,1,2036,,,,,,1.0
OutputActivityRatio,BAU,RD,ORG_SS,TSW,,1,2037,,,,,,1.0
OutputActivityRatio,BAU,RD,ORG_SS,TSW,,1,2038,,,,,,1.0
OutputActivityRatio,BAU,RD,ORG_SS,TSW,,1,2039,,,,,,1.0
OutputActivityRatio,BAU,RD,ORG_SS,TSW,,1,2040,,,,,,1.0
OutputActivityRatio,BAU,RD,ORG_SS,TSW,,1,2041,,,,,,1.0
OutputActivityRatio,BAU,RD,ORG_SS,TSW,,1,2042,,,,,,1.0
OutputActivityRatio,BAU,RD,ORG_SS,TSW,,1,2043,,,,,,1.0
OutputActivityRatio,BAU,RD,ORG_SS,TSW,,1,2044,,,,,,1.0
OutputActivityRatio,BAU,RD,ORG_SS,TSW,,1,2045,,,,,,1.0
OutputActivityRatio,BAU,RD,ORG_SS,TSW,,1,2046,,,,,,1.0
OutputActivityRatio,BAU,RD,ORG_SS,TSW,,1,2047,,,,,,1.0
OutputActivityRatio,BAU,RD,ORG_SS,TSW,,1,2048,,,,,,1.0
OutputActivityRatio,BAU,RD,ORG_SS,TSW,,1,2049,,,,,,1.0
OutputActivityRatio,BAU,RD,ORG_SS,TSW,,1,2050,,,,,,1.0
OutputActivityRatio,BAU,RD,NO_SS,TSW,,1,2018,,,,,,1.0
OutputActivityRatio,BAU,RD,NO_SS,TSW,,1,2019,,,,,,1.0
OutputActivityRatio,BAU,RD,NO_SS,TSW,,1,2020,,,,,,1.0
OutputActivityRatio,BAU,RD,NO_SS,TSW,,1,2021,,,,,,1.0
OutputActivityRatio,BAU,RD,NO_SS,TSW,,1,2022,,,,,,1.0
OutputActivityRatio,BAU,RD,NO_SS,TSW,,1,2023,,,,,,1.0
OutputActivityRatio,BAU,RD,NO_SS,TSW,,1,2024,,,,,,1.0
OutputActivityRatio,BAU,RD,NO_SS,TSW,,1,2025,,,,,,1.0
OutputActivityRatio,BAU,RD,NO_SS,TSW,,1,2026,,,,,,1.0
OutputActivityRatio,BAU,RD,NO_SS,TSW,,1,2027,,,,,,1.0
OutputActivityRatio,BAU,RD,NO_SS,TSW,,1,2028,,,,,,1.0
OutputActivityRatio,BAU,RD,NO_SS,TSW,,1,2029,,,,,,1.0
OutputActivityRatio,BAU,RD,NO_SS,TSW,,1,2030,,,,,,1.0
OutputActivityRatio,BAU,RD,NO_SS,TSW,,1,2031,,,,,,1.0
OutputActivityRatio,BAU,RD,NO_SS,TSW,,1,2032,,,,,,1.0
OutputActivityRatio,BAU,RD,NO_SS,TSW,,1,2033,,,,,,1.0
OutputActivityRatio,BAU,RD,NO_SS,TSW,,1,2034,,,,,,1.0
OutputActivityRatio,BAU,RD,NO_SS,TSW,,1,2035,,,,,,1.0
OutputActivityRatio,BAU,RD,NO_SS,TSW,,1,2036,,,,,,1.0
OutputActivityRatio,BAU,RD,NO_SS,TSW,,1,2037,,,,,,1.0
OutputActivityRatio,BAU,RD,NO_SS,TSW,,1,2038,,,,,,1.0
OutputActivityRatio,BAU,RD,NO_SS,TSW,,1,2039,,,,,,1.0
OutputActivityRatio,BAU,RD,NO_SS,TSW,,1,2040,,,,,,1.0
OutputActivityRatio,BAU,RD,NO_SS,TSW,,1,2041,,,,,,1.0
OutputActivityRatio,BAU,RD,NO_SS,TSW,,1,2042,,,,,,1.0
OutputActivityRatio,BAU,RD,NO_SS,TSW,,1,2043,,,,,,1.0
OutputActivityRatio,BAU,RD,NO_SS,TSW,,1,2044,,,,,,1.0
OutputActivityRatio,BAU,RD,NO_SS,TSW,,1,2045,,,,,,1.0
OutputActivityRatio,BAU,RD,NO_SS,TSW,,1,2046,,,,,,1.0
OutputActivityRatio,BAU,RD,NO_SS,TSW,,1,2047,,,,,,1.0
OutputActivityRatio,BAU,RD,NO_SS,TSW,,1,2048,,,,,,1.0
OutputActivityRatio,BAU,RD,NO_SS,TSW,,1,2049,,,,,,1.0
OutputActivityRatio,BAU,RD,NO_SS,TSW,,1,2050,,,,,,1.0
OutputActivityRatio,BAU,RD,SEWERWW,TWW,,1,2018,,,,,,1.0
OutputActivityRatio,BAU,RD,SEWERWW,TWW,,1,2019,,,,,,1.0
OutputActivityRatio,BAU,RD,SEWERWW,TWW,,1,2020,,,,,,1.0
OutputActivityRatio,BAU,RD,SEWERWW,TWW,,1,2021,,,,,,1.0
OutputActivityRatio,BAU,RD,SEWERWW,TWW,,1,2022,,,,,,1.0
OutputActivityRatio,BAU,RD,SEWERWW,TWW,,1,2023,,,,,,1.0
OutputActivityRatio,BAU,RD,SEWERWW,TWW,,1,2024,,,,,,1.0
OutputActivityRatio,BAU,RD,SEWERWW,TWW,,1,2025,,,,,,1.0
OutputActivityRatio,BAU,RD,SEWERWW,TWW,,1,2026,,,,,,1.0
OutputActivityRatio,BAU,RD,SEWERWW,TWW,,1,2027,,,,,,1.0
OutputActivityRatio,BAU,RD,SEWERWW,TWW,,1,2028,,,,,,1.0
OutputActivityRatio,BAU,RD,SEWERWW,TWW,,1,2029,,,,,,1.0
OutputActivityRatio,BAU,RD,SEWERWW,TWW,,1,2030,,,,,,1.0
OutputActivityRatio,BAU,RD,SEWERWW,TWW,,1,2031,,,,,,1.0
OutputActivityRatio,BAU,RD,SEWERWW,TWW,,1,2032,,,,,,1.0
OutputActivityRatio,BAU,RD,SEWERWW,TWW,,1,2033,,,,,,1.0
OutputActivityRatio,BAU,RD,SEWERWW,TWW,,1,2034,,,,,,1.0
OutputActivityRatio,BAU,RD,SEWERWW,TWW,,1,2035,,,,,,1.0
OutputActivityRatio,BAU,RD,SEWERWW,TWW,,1,2036,,,,,,1.0
OutputActivityRatio,BAU,RD,SEWERWW,TWW,,1,2037,,,,,,1.0
OutputActivityRatio,BAU,RD,SEWERWW,TWW,,1,2038,,,,,,1.0
OutputActivityRatio,BAU,RD,SEWERWW,TWW,,1,2039,,,,,,1.0
OutputActivityRatio,BAU,RD,SEWERWW,TWW,,1,2040,,,,,,1.0
OutputActivityRatio,BAU,RD,SEWERWW,TWW,,1,2041,,,,,,1.0
OutputActivityRatio,BAU,RD,SEWERWW,TWW,,1,2042,,,,,,1.0
OutputActivityRatio,BAU,RD,SEWERWW,TWW,,1,2043,,,,,,1.0
OutputActivityRatio,BAU,RD,SEWERWW,TWW,,1,2044,,,,,,1.0
OutputActivityRatio,BAU,RD,SEWERWW,TWW,,1,2045,,,,,,1.0
OutputActivityRatio,BAU,RD,SEWERWW,TWW,,1,2046,,,,,,1.0
OutputActivityRatio,BAU,RD,SEWERWW,TWW,,1,2047,,,,,,1.0
OutputActivityRatio,BAU,RD,SEWERWW,TWW,,1,2048,,,,,,1.0
OutputActivityRatio,BAU,RD,SEWERWW,TWW,,1,2049,,,,,,1.0
OutputActivityRatio,BAU,RD,SEWERWW,TWW,,1,2050,,,,,,1.0
OutputActivityRatio,BAU,RD,DIRECT_DISC,TWW,,1,2018,,,,,,1.0
OutputActivityRatio,BAU,RD,DIRECT_DISC,TWW,,1,2019,,,,,,1.0
OutputActivityRatio,BAU,RD,DIRECT_DISC,TWW,,1,2020,,,,,,1.0
OutputActivityRatio,BAU,RD,DIRECT_DISC,TWW,,1,2021,,,,,,1.0
OutputActivityRatio,BAU,RD,DIRECT_DISC,TWW,,1,2022,,,,,,1.0
OutputActivityRatio,BAU,RD,DIRECT_DISC,TWW,,1,2023,,,,,,1.0
OutputActivityRatio,BAU,RD,DIRECT_DISC,TWW,,1,2024,,,,,,1.0
OutputActivityRatio,BAU,RD,DIRECT_DISC,TWW,,1,2025,,,,,,1.0
OutputActivityRatio,BAU,RD,DIRECT_DISC,TWW,,1,2026,,,,,,1.0
OutputActivityRatio,BAU,RD,DIRECT_DISC,TWW,,1,2027,,,,,,1.0
OutputActivityRatio,BAU,RD,DIRECT_DISC,TWW,,1,2028,,,,,,1.0
OutputActivityRatio,BAU,RD,DIRECT_DISC,TWW,,1,2029,,,,,,1.0
OutputActivityRatio,BAU,RD,DIRECT_DISC,TWW,,1,2030,,,,,,1.0
OutputActivityRatio,BAU,RD,DIRECT_DISC,TWW,,1,2031,,,,,,1.0
OutputActivityRatio,BAU,RD,DIRECT_DISC,TWW,,1,2032,,,,,,1.0
OutputActivityRatio,BAU,RD,DIRECT_DISC,TWW,,1,2033,,,,,,1.0
OutputActivityRatio,BAU,RD,DIRECT_DISC,TWW,,1,2034,,,,,,1.0
OutputActivityRatio,BAU,RD,DIRECT_DISC,TWW,,1,2035,,,,,,1.0
OutputActivityRatio,BAU,RD,DIRECT_DISC,TWW,,1,2036,,,,,,1.0
OutputActivityRatio,BAU,RD,DIRECT_DISC,TWW,,1,2037,,,,,,1.0
OutputActivityRatio,BAU,RD,DIRECT_DISC,TWW,,1,2038,,,,,,1.0
OutputActivityRatio,BAU,RD,DIRECT_DISC,TWW,,1,2039,,,,,,1.0
OutputActivityRatio,BAU,RD,DIRECT_DISC,TWW,,1,2040,,,,,,1.0
OutputActivityRatio,BAU,RD,DIRECT_DISC,TWW,,1,2041,,,,,,1.0
OutputActivityRatio,BAU,RD,DIRECT_DISC,TWW,,1,2042,,,,,,1.0
OutputActivityRatio,BAU,RD,DIRECT_DISC,TWW,,1,2043,,,,,,1.0
OutputActivityRatio,BAU,RD,DIRECT_DISC,TWW,,1,2044,,,,,,1.0
OutputActivityRatio,BAU,RD,DIRECT_DISC,TWW,,1,2045,,,,,,1.0
OutputActivityRatio,BAU,RD,DIRECT_DISC,TWW,,1,2046,,,,,,1.0
OutputActivityRatio,BAU,RD,DIRECT_DISC,TWW,,1,2047,,,,,,1.0
OutputActivityRatio,BAU,RD,DIRECT_DISC,TWW,,1,2048,,,,,,1.0
OutputActivityRatio,BAU,RD,DIRECT_DISC,TWW,,1,2049,,,,,,1.0
OutputActivityRatio,BAU,RD,DIRECT_DISC,TWW,,1,2050,,,,,,1.0
OutputActivityRatio,BAU,RD,T5TSWTSW,E5TSWTSW,,1,2018,,,,,,1
OutputActivityRatio,BAU,RD,T5TSWTSW,E5TSWTSW,,1,2019,,,,,,1.0
OutputActivityRatio,BAU,RD,T5TSWTSW,E5TSWTSW,,1,2020,,,,,,1.0
OutputActivityRatio,BAU,RD,T5TSWTSW,E5TSWTSW,,1,2021,,,,,,1.0
OutputActivityRatio,BAU,RD,T5TSWTSW,E5TSWTSW,,1,2022,,,,,,1.0
OutputActivityRatio,BAU,RD,T5TSWTSW,E5TSWTSW,,1,2023,,,,,,1.0
OutputActivityRatio,BAU,RD,T5TSWTSW,E5TSWTSW,,1,2024,,,,,,1.0
OutputActivityRatio,BAU,RD,T5TSWTSW,E5TSWTSW,,1,2025,,,,,,1.0
OutputActivityRatio,BAU,RD,T5TSWTSW,E5TSWTSW,,1,2026,,,,,,1.0
OutputActivityRatio,BAU,RD,T5TSWTSW,E5TSWTSW,,1,2027,,,,,,1.0
OutputActivityRatio,BAU,RD,T5TSWTSW,E5TSWTSW,,1,2028,,,,,,1.0
OutputActivityRatio,BAU,RD,T5TSWTSW,E5TSWTSW,,1,2029,,,,,,1.0
OutputActivityRatio,BAU,RD,T5TSWTSW,E5TSWTSW,,1,2030,,,,,,1.0
OutputActivityRatio,BAU,RD,T5TSWTSW,E5TSWTSW,,1,2031,,,,,,1.0
OutputActivityRatio,BAU,RD,T5TSWTSW,E5TSWTSW,,1,2032,,,,,,1.0
OutputActivityRatio,BAU,RD,T5TSWTSW,E5TSWTSW,,1,2033,,,,,,1.0
OutputActivityRatio,BAU,RD,T5TSWTSW,E5TSWTSW,,1,2034,,,,,,1.0
OutputActivityRatio,BAU,RD,T5TSWTSW,E5TSWTSW,,1,2035,,,,,,1.0
OutputActivityRatio,BAU,RD,T5TSWTSW,E5TSWTSW,,1,2036,,,,,,1.0
OutputActivityRatio,BAU,RD,T5TSWTSW,E5TSWTSW,,1,2037,,,,,,1.0
OutputActivityRatio,BAU,RD,T5TSWTSW,E5TSWTSW,,1,2038,,,,,,1.0
OutputActivityRatio,BAU,RD,T5TSWTSW,E5TSWTSW,,1,2039,,,,,,1.0
OutputActivityRatio,BAU,RD,T5TSWTSW,E5TSWTSW,,1,2040,,,,,,1.0
OutputActivityRatio,BAU,RD,T5TSWTSW,E5TSWTSW,,1,2041,,,,,,1.0
OutputActivityRatio,BAU,RD,T5TSWTSW,E5TSWTSW,,1,2042,,,,,,1.0
OutputActivityRatio,BAU,RD,T5TSWTSW,E5TSWTSW,,1,2043,,,,,,1.0
OutputActivityRatio,BAU,RD,T5TSWTSW,E5TSWTSW,,1,2044,,,,,,1.0
OutputActivityRatio,BAU,RD,T5TSWTSW,E5TSWTSW,,1,2045,,,,,,1.0
OutputActivityRatio,BAU,RD,T5TSWTSW,E5TSWTSW,,1,2046,,,,,,1.0
OutputActivityRatio,BAU,RD,T5TSWTSW,E5TSWTSW,,1,2047,,,,,,1.0
OutputActivityRatio,BAU,RD,T5TSWTSW,E5TSWTSW,,1,2048,,,,,,1.0
OutputActivityRatio,BAU,RD,T5TSWTSW,E5TSWTSW,,1,2049,,,,,,1.0
OutputActivityRatio,BAU,RD,T5TSWTSW,E5TSWTSW,,1,2050,,,,,,1.0
OutputActivityRatio,BAU,RD,T5LANDFILL_ELECTSW,E5TSWLANDFILL_ELEC,,1,2018,,,,,,1
OutputActivityRatio,BAU,RD,T5LANDFILL_ELECTSW,E5TSWLANDFILL_ELEC,,1,2019,,,,,,1.0
OutputActivityRatio,BAU,RD,T5LANDFILL_ELECTSW,E5TSWLANDFILL_ELEC,,1,2020,,,,,,1.0
OutputActivityRatio,BAU,RD,T5LANDFILL_ELECTSW,E5TSWLANDFILL_ELEC,,1,2021,,,,,,1.0
OutputActivityRatio,BAU,RD,T5LANDFILL_ELECTSW,E5TSWLANDFILL_ELEC,,1,2022,,,,,,1.0
OutputActivityRatio,BAU,RD,T5LANDFILL_ELECTSW,E5TSWLANDFILL_ELEC,,1,2023,,,,,,1.0
OutputActivityRatio,BAU,RD,T5LANDFILL_ELECTSW,E5TSWLANDFILL_ELEC,,1,2024,,,,,,1.0
OutputActivityRatio,BAU,RD,T5LANDFILL_ELECTSW,E5TSWLANDFILL_ELEC,,1,2025,,,,,,1.0
OutputActivityRatio,BAU,RD,T5LANDFILL_ELECTSW,E5TSWLANDFILL_ELEC,,1,2026,,,,,,1.0
OutputActivityRatio,BAU,RD,T5LANDFILL_ELECTSW,E5TSWLANDFILL_ELEC,,1,2027,,,,,,1.0
OutputActivityRatio,BAU,RD,T5LANDFILL_ELECTSW,E5TSWLANDFILL_ELEC,,1,2028,,,,,,1.0
OutputActivityRatio,BAU,RD,T5LANDFILL_ELECTSW,E5TSWLANDFILL_ELEC,,1,2029,,,,,,1.0
OutputActivityRatio,BAU,RD,T5LANDFILL_ELECTSW,E5TSWLANDFILL_ELEC,,1,2030,,,,,,1.0
OutputActivityRatio,BAU,RD,T5LANDFILL_ELECTSW,E5TSWLANDFILL_ELEC,,1,2031,,,,,,1.0
OutputActivityRatio,BAU,RD,T5LANDFILL_ELECTSW,E5TSWLANDFILL_ELEC,,1,2032,,,,,,1.0
OutputActivityRatio,BAU,RD,T5LANDFILL_ELECTSW,E5TSWLANDFILL_ELEC,,1,2033,,,,,,1.0
OutputActivityRatio,BAU,RD,T5LANDFILL_ELECTSW,E5TSWLANDFILL_ELEC,,1,2034,,,,,,1.0
OutputActivityRatio,BAU,RD,T5LANDFILL_ELECTSW,E5TSWLANDFILL_ELEC,,1,2035,,,,,,1.0
OutputActivityRatio,BAU,RD,T5LANDFILL_ELECTSW,E5TSWLANDFILL_ELEC,,1,2036,,,,,,1.0
OutputActivityRatio,BAU,RD,T5LANDFILL_ELECTSW,E5TSWLANDFILL_ELEC,,1,2037,,,,,,1.0
OutputActivityRatio,BAU,RD,T5LANDFILL_ELECTSW,E5TSWLANDFILL_ELEC,,1,2038,,,,,,1.0
OutputActivityRatio,BAU,RD,T5LANDFILL_ELECTSW,E5TSWLANDFILL_ELEC,,1,2039,,,,,,1.0
OutputActivityRatio,BAU,RD,T5LANDFILL_ELECTSW,E5TSWLANDFILL_ELEC,,1,2040,,,,,,1.0
OutputActivityRatio,BAU,RD,T5LANDFILL_ELECTSW,E5TSWLANDFILL_ELEC,,1,2041,,,,,,1.0
OutputActivityRatio,BAU,RD,T5LANDFILL_ELECTSW,E5TSWLANDFILL_ELEC,,1,2042,,,,,,1.0
OutputActivityRatio,BAU,RD,T5LANDFILL_ELECTSW,E5TSWLANDFILL_ELEC,,1,2043,,,,,,1.0
OutputActivityRatio,BAU,RD,T5LANDFILL_ELECTSW,E5TSWLANDFILL_ELEC,,1,2044,,,,,,1.0
OutputActivityRatio,BAU,RD,T5LANDFILL_ELECTSW,E5TSWLANDFILL_ELEC,,1,2045,,,,,,1.0
OutputActivityRatio,BAU,RD,T5LANDFILL_ELECTSW,E5TSWLANDFILL_ELEC,,1,2046,,,,,,1.0
OutputActivityRatio,BAU,RD,T5LANDFILL_ELECTSW,E5TSWLANDFILL_ELEC,,1,2047,,,,,,1.0
OutputActivityRatio,BAU,RD,T5LANDFILL_ELECTSW,E5TSWLANDFILL_ELEC,,1,2048,,,,,,1.0
OutputActivityRatio,BAU,RD,T5LANDFILL_ELECTSW,E5TSWLANDFILL_ELEC,,1,2049,,,,,,1.0
OutputActivityRatio,BAU,RD,T5LANDFILL_ELECTSW,E5TSWLANDFILL_ELEC,,1,2050,,,,,,1.0
OutputActivityRatio,BAU,RD,T5IND_SWTSW,E5TSWIND_SW,,1,2018,,,,,,1
OutputActivityRatio,BAU,RD,T5IND_SWTSW,E5TSWIND_SW,,1,2019,,,,,,1.0
OutputActivityRatio,BAU,RD,T5IND_SWTSW,E5TSWIND_SW,,1,2020,,,,,,1.0
OutputActivityRatio,BAU,RD,T5IND_SWTSW,E5TSWIND_SW,,1,2021,,,,,,1.0
OutputActivityRatio,BAU,RD,T5IND_SWTSW,E5TSWIND_SW,,1,2022,,,,,,1.0
OutputActivityRatio,BAU,RD,T5IND_SWTSW,E5TSWIND_SW,,1,2023,,,,,,1.0
OutputActivityRatio,BAU,RD,T5IND_SWTSW,E5TSWIND_SW,,1,2024,,,,,,1.0
OutputActivityRatio,BAU,RD,T5IND_SWTSW,E5TSWIND_SW,,1,2025,,,,,,1.0
OutputActivityRatio,BAU,RD,T5IND_SWTSW,E5TSWIND_SW,,1,2026,,,,,,1.0
OutputActivityRatio,BAU,RD,T5IND_SWTSW,E5TSWIND_SW,,1,2027,,,,,,1.0
OutputActivityRatio,BAU,RD,T5IND_SWTSW,E5TSWIND_SW,,1,2028,,,,,,1.0
OutputActivityRatio,BAU,RD,T5IND_SWTSW,E5TSWIND_SW,,1,2029,,,,,,1.0
OutputActivityRatio,BAU,RD,T5IND_SWTSW,E5TSWIND_SW,,1,2030,,,,,,1.0
OutputActivityRatio,BAU,RD,T5IND_SWTSW,E5TSWIND_SW,,1,2031,,,,,,1.0
OutputActivityRatio,BAU,RD,T5IND_SWTSW,E5TSWIND_SW,,1,2032,,,,,,1.0
OutputActivityRatio,BAU,RD,T5IND_SWTSW,E5TSWIND_SW,,1,2033,,,,,,1.0
OutputActivityRatio,BAU,RD,T5IND_SWTSW,E5TSWIND_SW,,1,2034,,,,,,1.0
OutputActivityRatio,BAU,RD,T5IND_SWTSW,E5TSWIND_SW,,1,2035,,,,,,1.0
OutputActivityRatio,BAU,RD,T5IND_SWTSW,E5TSWIND_SW,,1,2036,,,,,,1.0
OutputActivityRatio,BAU,RD,T5IND_SWTSW,E5TSWIND_SW,,1,2037,,,,,,1.0
OutputActivityRatio,BAU,RD,T5IND_SWTSW,E5TSWIND_SW,,1,2038,,,,,,1.0
OutputActivityRatio,BAU,RD,T5IND_SWTSW,E5TSWIND_SW,,1,2039,,,,,,1.0
OutputActivityRatio,BAU,RD,T5IND_SWTSW,E5TSWIND_SW,,1,2040,,,,,,1.0
OutputActivityRatio,BAU,RD,T5IND_SWTSW,E5TSWIND_SW,,1,2041,,,,,,1.0
OutputActivityRatio,BAU,RD,T5IND_SWTSW,E5TSWIND_SW,,1,2042,,,,,,1.0
OutputActivityRatio,BAU,RD,T5IND_SWTSW,E5TSWIND_SW,,1,2043,,,,,,1.0
OutputActivityRatio,BAU,RD,T5IND_SWTSW,E5TSWIND_SW,,1,2044,,,,,,1.0
OutputActivityRatio,BAU,RD,T5IND_SWTSW,E5TSWIND_SW,,1,2045,,,,,,1.0
OutputActivityRatio,BAU,RD,T5IND_SWTSW,E5TSWIND_SW,,1,2046,,,,,,1.0
OutputActivityRatio,BAU,RD,T5IND_SWTSW,E5TSWIND_SW,,1,2047,,,,,,1.0
OutputActivityRatio,BAU,RD,T5IND_SWTSW,E5TSWIND_SW,,1,2048,,,,,,1.0
OutputActivityRatio,BAU,RD,T5IND_SWTSW,E5TSWIND_SW,,1,2049,,,,,,1.0
OutputActivityRatio,BAU,RD,T5IND_SWTSW,E5TSWIND_SW,,1,2050,,,,,,1.0
OutputActivityRatio,BAU,RD,T5CO2_CH4_BURNTSW,E5TSWCO2_CH4_BURN,,1,2018,,,,,,1
OutputActivityRatio,BAU,RD,T5CO2_CH4_BURNTSW,E5TSWCO2_CH4_BURN,,1,2019,,,,,,1.0
OutputActivityRatio,BAU,RD,T5CO2_CH4_BURNTSW,E5TSWCO2_CH4_BURN,,1,2020,,,,,,1.0
OutputActivityRatio,BAU,RD,T5CO2_CH4_BURNTSW,E5TSWCO2_CH4_BURN,,1,2021,,,,,,1.0
OutputActivityRatio,BAU,RD,T5CO2_CH4_BURNTSW,E5TSWCO2_CH4_BURN,,1,2022,,,,,,1.0
OutputActivityRatio,BAU,RD,T5CO2_CH4_BURNTSW,E5TSWCO2_CH4_BURN,,1,2023,,,,,,1.0
OutputActivityRatio,BAU,RD,T5CO2_CH4_BURNTSW,E5TSWCO2_CH4_BURN,,1,2024,,,,,,1.0
OutputActivityRatio,BAU,RD,T5CO2_CH4_BURNTSW,E5TSWCO2_CH4_BURN,,1,2025,,,,,,1.0
OutputActivityRatio,BAU,RD,T5CO2_CH4_BURNTSW,E5TSWCO2_CH4_BURN,,1,2026,,,,,,1.0
OutputActivityRatio,BAU,RD,T5CO2_CH4_BURNTSW,E5TSWCO2_CH4_BURN,,1,2027,,,,,,1.0
OutputActivityRatio,BAU,RD,T5CO2_CH4_BURNTSW,E5TSWCO2_CH4_BURN,,1,2028,,,,,,1.0
OutputActivityRatio,BAU,RD,T5CO2_CH4_BURNTSW,E5TSWCO2_CH4_BURN,,1,2029,,,,,,1.0
OutputActivityRatio,BAU,RD,T5CO2_CH4_BURNTSW,E5TSWCO2_CH4_BURN,,1,2030,,,,,,1.0
OutputActivityRatio,BAU,RD,T5CO2_CH4_BURNTSW,E5TSWCO2_CH4_BURN,,1,2031,,,,,,1.0
OutputActivityRatio,BAU,RD,T5CO2_CH4_BURNTSW,E5TSWCO2_CH4_BURN,,1,2032,,,,,,1.0
OutputActivityRatio,BAU,RD,T5CO2_CH4_BURNTSW,E5TSWCO2_CH4_BURN,,1,2033,,,,,,1.0
OutputActivityRatio,BAU,RD,T5CO2_CH4_BURNTSW,E5TSWCO2_CH4_BURN,,1,2034,,,,,,1.0
OutputActivityRatio,BAU,RD,T5CO2_CH4_BURNTSW,E5TSWCO2_CH4_BURN,,1,2035,,,,,,1.0
OutputActivityRatio,BAU,RD,T5CO2_CH4_BURNTSW,E5TSWCO2_CH4_BURN,,1,2036,,,,,,1.0
OutputActivityRatio,BAU,RD,T5CO2_CH4_BURNTSW,E5TSWCO2_CH4_BURN,,1,2037,,,,,,1.0
OutputActivityRatio,BAU,RD,T5CO2_CH4_BURNTSW,E5TSWCO2_CH4_BURN,,1,2038,,,,,,1.0
OutputActivityRatio,BAU,RD,T5CO2_CH4_BURNTSW,E5TSWCO2_CH4_BURN,,1,2039,,,,,,1.0
OutputActivityRatio,BAU,RD,T5CO2_CH4_BURNTSW,E5TSWCO2_CH4_BURN,,1,2040,,,,,,1.0
OutputActivityRatio,BAU,RD,T5CO2_CH4_BURNTSW,E5TSWCO2_CH4_BURN,,1,2041,,,,,,1.0
OutputActivityRatio,BAU,RD,T5CO2_CH4_BURNTSW,E5TSWCO2_CH4_BURN,,1,2042,,,,,,1.0
OutputActivityRatio,BAU,RD,T5CO2_CH4_BURNTSW,E5TSWCO2_CH4_BURN,,1,2043,,,,,,1.0
OutputActivityRatio,BAU,RD,T5CO2_CH4_BURNTSW,E5TSWCO2_CH4_BURN,,1,2044,,,,,,1.0
OutputActivityRatio,BAU,RD,T5CO2_CH4_BURNTSW,E5TSWCO2_CH4_BURN,,1,2045,,,,,,1.0
OutputActivityRatio,BAU,RD,T5CO2_CH4_BURNTSW,E5TSWCO2_CH4_BURN,,1,2046,,,,,,1.0
OutputActivityRatio,BAU,RD,T5CO2_CH4_BURNTSW,E5TSWCO2_CH4_BURN,,1,2047,,,,,,1.0
OutputActivityRatio,BAU,RD,T5CO2_CH4_BURNTSW,E5TSWCO2_CH4_BURN,,1,2048,,,,,,1.0
OutputActivityRatio,BAU,RD,T5CO2_CH4_BURNTSW,E5TSWCO2_CH4_BURN,,1,2049,,,,,,1.0
OutputActivityRatio,BAU,RD,T5CO2_CH4_BURNTSW,E5TSWCO2_CH4_BURN,,1,2050,,,,,,1.0
OutputActivityRatio,BAU,RD,T5TWWWW,E5WWTWW,,1,2018,,,,,,1
OutputActivityRatio,BAU,RD,T5TWWWW,E5WWTWW,,1,2019,,,,,,1.0
OutputActivityRatio,BAU,RD,T5TWWWW,E5WWTWW,,1,2020,,,,,,1.0
OutputActivityRatio,BAU,RD,T5TWWWW,E5WWTWW,,1,2021,,,,,,1.0
OutputActivityRatio,BAU,RD,T5TWWWW,E5WWTWW,,1,2022,,,,,,1.0
OutputActivityRatio,BAU,RD,T5TWWWW,E5WWTWW,,1,2023,,,,,,1.0
OutputActivityRatio,BAU,RD,T5TWWWW,E5WWTWW,,1,2024,,,,,,1.0
OutputActivityRatio,BAU,RD,T5TWWWW,E5WWTWW,,1,2025,,,,,,1.0
OutputActivityRatio,BAU,RD,T5TWWWW,E5WWTWW,,1,2026,,,,,,1.0
OutputActivityRatio,BAU,RD,T5TWWWW,E5WWTWW,,1,2027,,,,,,1.0
OutputActivityRatio,BAU,RD,T5TWWWW,E5WWTWW,,1,2028,,,,,,1.0
OutputActivityRatio,BAU,RD,T5TWWWW,E5WWTWW,,1,2029,,,,,,1.0
OutputActivityRatio,BAU,RD,T5TWWWW,E5WWTWW,,1,2030,,,,,,1.0
OutputActivityRatio,BAU,RD,T5TWWWW,E5WWTWW,,1,2031,,,,,,1.0
OutputActivityRatio,BAU,RD,T5TWWWW,E5WWTWW,,1,2032,,,,,,1.0
OutputActivityRatio,BAU,RD,T5TWWWW,E5WWTWW,,1,2033,,,,,,1.0
OutputActivityRatio,BAU,RD,T5TWWWW,E5WWTWW,,1,2034,,,,,,1.0
OutputActivityRatio,BAU,RD,T5TWWWW,E5WWTWW,,1,2035,,,,,,1.0
OutputActivityRatio,BAU,RD,T5TWWWW,E5WWTWW,,1,2036,,,,,,1.0
OutputActivityRatio,BAU,RD,T5TWWWW,E5WWTWW,,1,2037,,,,,,1.0
OutputActivityRatio,BAU,RD,T5TWWWW,E5WWTWW,,1,2038,,,,,,1.0
OutputActivityRatio,BAU,RD,T5TWWWW,E5WWTWW,,1,2039,,,,,,1.0
OutputActivityRatio,BAU,RD,T5TWWWW,E5WWTWW,,1,2040,,,,,,1.0
OutputActivityRatio,BAU,RD,T5TWWWW,E5WWTWW,,1,2041,,,,,,1.0
OutputActivityRatio,BAU,RD,T5TWWWW,E5WWTWW,,1,2042,,,,,,1.0
OutputActivityRatio,BAU,RD,T5TWWWW,E5WWTWW,,1,2043,,,,,,1.0
OutputActivityRatio,BAU,RD,T5TWWWW,E5WWTWW,,1,2044,,,,,,1.0
OutputActivityRatio,BAU,RD,T5TWWWW,E5WWTWW,,1,2045,,,,,,1.0
OutputActivityRatio,BAU,RD,T5TWWWW,E5WWTWW,,1,2046,,,,,,1.0
OutputActivityRatio,BAU,RD,T5TWWWW,E5WWTWW,,1,2047,,,,,,1.0
OutputActivityRatio,BAU,RD,T5TWWWW,E5WWTWW,,1,2048,,,,,,1.0
OutputActivityRatio,BAU,RD,T5TWWWW,E5WWTWW,,1,2049,,,,,,1.0
OutputActivityRatio,BAU,RD,T5TWWWW,E5WWTWW,,1,2050,,,,,,1.0
OutputActivityRatio,BAU,RD,T5IWW_MEATWW,E5WWIWW_MEAT,,1,2018,,,,,,1
OutputActivityRatio,BAU,RD,T5IWW_MEATWW,E5WWIWW_MEAT,,1,2019,,,,,,1.0
OutputActivityRatio,BAU,RD,T5IWW_MEATWW,E5WWIWW_MEAT,,1,2020,,,,,,1.0
OutputActivityRatio,BAU,RD,T5IWW_MEATWW,E5WWIWW_MEAT,,1,2021,,,,,,1.0
OutputActivityRatio,BAU,RD,T5IWW_MEATWW,E5WWIWW_MEAT,,1,2022,,,,,,1.0
OutputActivityRatio,BAU,RD,T5IWW_MEATWW,E5WWIWW_MEAT,,1,2023,,,,,,1.0
OutputActivityRatio,BAU,RD,T5IWW_MEATWW,E5WWIWW_MEAT,,1,2024,,,,,,1.0
OutputActivityRatio,BAU,RD,T5IWW_MEATWW,E5WWIWW_MEAT,,1,2025,,,,,,1.0
OutputActivityRatio,BAU,RD,T5IWW_MEATWW,E5WWIWW_MEAT,,1,2026,,,,,,1.0
OutputActivityRatio,BAU,RD,T5IWW_MEATWW,E5WWIWW_MEAT,,1,2027,,,,,,1.0
OutputActivityRatio,BAU,RD,T5IWW_MEATWW,E5WWIWW_MEAT,,1,2028,,,,,,1.0
OutputActivityRatio,BAU,RD,T5IWW_MEATWW,E5WWIWW_MEAT,,1,2029,,,,,,1.0
OutputActivityRatio,BAU,RD,T5IWW_MEATWW,E5WWIWW_MEAT,,1,2030,,,,,,1.0
OutputActivityRatio,BAU,RD,T5IWW_MEATWW,E5WWIWW_MEAT,,1,2031,,,,,,1.0
OutputActivityRatio,BAU,RD,T5IWW_MEATWW,E5WWIWW_MEAT,,1,2032,,,,,,1.0
OutputActivityRatio,BAU,RD,T5IWW_MEATWW,E5WWIWW_MEAT,,1,2033,,,,,,1.0
OutputActivityRatio,BAU,RD,T5IWW_MEATWW,E5WWIWW_MEAT,,1,2034,,,,,,1.0
OutputActivityRatio,BAU,RD,T5IWW_MEATWW,E5WWIWW_MEAT,,1,2035,,,,,,1.0
OutputActivityRatio,BAU,RD,T5IWW_MEATWW,E5WWIWW_MEAT,,1,2036,,,,,,1.0
OutputActivityRatio,BAU,RD,T5IWW_MEATWW,E5WWIWW_MEAT,,1,2037,,,,,,1.0
OutputActivityRatio,BAU,RD,T5IWW_MEATWW,E5WWIWW_MEAT,,1,2038,,,,,,1.0
OutputActivityRatio,BAU,RD,T5IWW_MEATWW,E5WWIWW_MEAT,,1,2039,,,,,,1.0
OutputActivityRatio,BAU,RD,T5IWW_MEATWW,E5WWIWW_MEAT,,1,2040,,,,,,1.0
OutputActivityRatio,BAU,RD,T5IWW_MEATWW,E5WWIWW_MEAT,,1,2041,,,,,,1.0
OutputActivityRatio,BAU,RD,T5IWW_MEATWW,E5WWIWW_MEAT,,1,2042,,,,,,1.0
OutputActivityRatio,BAU,RD,T5IWW_MEATWW,E5WWIWW_MEAT,,1,2043,,,,,,1.0
OutputActivityRatio,BAU,RD,T5IWW_MEATWW,E5WWIWW_MEAT,,1,2044,,,,,,1.0
OutputActivityRatio,BAU,RD,T5IWW_MEATWW,E5WWIWW_MEAT,,1,2045,,,,,,1.0
OutputActivityRatio,BAU,RD,T5IWW_MEATWW,E5WWIWW_MEAT,,1,2046,,,,,,1.0
OutputActivityRatio,BAU,RD,T5IWW_MEATWW,E5WWIWW_MEAT,,1,2047,,,,,,1.0
OutputActivityRatio,BAU,RD,T5IWW_MEATWW,E5WWIWW_MEAT,,1,2048,,,,,,1.0
OutputActivityRatio,BAU,RD,T5IWW_MEATWW,E5WWIWW_MEAT,,1,2049,,,,,,1.0
OutputActivityRatio,BAU,RD,T5IWW_MEATWW,E5WWIWW_MEAT,,1,2050,,,,,,1.0
OutputActivityRatio,BAU,RD,T5IWW_SUGARWW,E5WWIWW_SUGAR,,1,2018,,,,,,1
OutputActivityRatio,BAU,RD,T5IWW_SUGARWW,E5WWIWW_SUGAR,,1,2019,,,,,,1.0
OutputActivityRatio,BAU,RD,T5IWW_SUGARWW,E5WWIWW_SUGAR,,1,2020,,,,,,1.0
OutputActivityRatio,BAU,RD,T5IWW_SUGARWW,E5WWIWW_SUGAR,,1,2021,,,,,,1.0
OutputActivityRatio,BAU,RD,T5IWW_SUGARWW,E5WWIWW_SUGAR,,1,2022,,,,,,1.0
OutputActivityRatio,BAU,RD,T5IWW_SUGARWW,E5WWIWW_SUGAR,,1,2023,,,,,,1.0
OutputActivityRatio,BAU,RD,T5IWW_SUGARWW,E5WWIWW_SUGAR,,1,2024,,,,,,1.0
OutputActivityRatio,BAU,RD,T5IWW_SUGARWW,E5WWIWW_SUGAR,,1,2025,,,,,,1.0
OutputActivityRatio,BAU,RD,T5IWW_SUGARWW,E5WWIWW_SUGAR,,1,2026,,,,,,1.0
OutputActivityRatio,BAU,RD,T5IWW_SUGARWW,E5WWIWW_SUGAR,,1,2027,,,,,,1.0
OutputActivityRatio,BAU,RD,T5IWW_SUGARWW,E5WWIWW_SUGAR,,1,2028,,,,,,1.0
OutputActivityRatio,BAU,RD,T5IWW_SUGARWW,E5WWIWW_SUGAR,,1,2029,,,,,,1.0
OutputActivityRatio,BAU,RD,T5IWW_SUGARWW,E5WWIWW_SUGAR,,1,2030,,,,,,1.0
OutputActivityRatio,BAU,RD,T5IWW_SUGARWW,E5WWIWW_SUGAR,,1,2031,,,,,,1.0
OutputActivityRatio,BAU,RD,T5IWW_SUGARWW,E5WWIWW_SUGAR,,1,2032,,,,,,1.0
OutputActivityRatio,BAU,RD,T5IWW_SUGARWW,E5WWIWW_SUGAR,,1,2033,,,,,,1.0
OutputActivityRatio,BAU,RD,T5IWW_SUGARWW,E5WWIWW_SUGAR,,1,2034,,,,,,1.0
OutputActivityRatio,BAU,RD,T5IWW_SUGARWW,E5WWIWW_SUGAR,,1,2035,,,,,,1.0
OutputActivityRatio,BAU,RD,T5IWW_SUGARWW,E5WWIWW_SUGAR,,1,2036,,,,,,1.0
OutputActivityRatio,BAU,RD,T5IWW_SUGARWW,E5WWIWW_SUGAR,,1,2037,,,,,,1.0
OutputActivityRatio,BAU,RD,T5IWW_SUGARWW,E5WWIWW_SUGAR,,1,2038,,,,,,1.0
OutputActivityRatio,BAU,RD,T5IWW_SUGARWW,E5WWIWW_SUGAR,,1,2039,,,,,,1.0
OutputActivityRatio,BAU,RD,T5IWW_SUGARWW,E5WWIWW_SUGAR,,1,2040,,,,,,1.0
OutputActivityRatio,BAU,RD,T5IWW_SUGARWW,E5WWIWW_SUGAR,,1,2041,,,,,,1.0
OutputActivityRatio,BAU,RD,T5IWW_SUGARWW,E5WWIWW_SUGAR,,1,2042,,,,,,1.0
OutputActivityRatio,BAU,RD,T5IWW_SUGARWW,E5WWIWW_SUGAR,,1,2043,,,,,,1.0
OutputActivityRatio,BAU,RD,T5IWW_SUGARWW,E5WWIWW_SUGAR,,1,2044,,,,,,1.0
OutputActivityRatio,BAU,RD,T5IWW_SUGARWW,E5WWIWW_SUGAR,,1,2045,,,,,,1.0
OutputActivityRatio,BAU,RD,T5IWW_SUGARWW,E5WWIWW_SUGAR,,1,2046,,,,,,1.0
OutputActivityRatio,BAU,RD,T5IWW_SUGARWW,E5WWIWW_SUGAR,,1,2047,,,,,,1.0
OutputActivityRatio,BAU,RD,T5IWW_SUGARWW,E5WWIWW_SUGAR,,1,2048,,,,,,1.0
OutputActivityRatio,BAU,RD,T5IWW_SUGARWW,E5WWIWW_SUGAR,,1,2049,,,,,,1.0
OutputActivityRatio,BAU,RD,T5IWW_SUGARWW,E5WWIWW_SUGAR,,1,2050,,,,,,1.0
OutputActivityRatio,BAU,RD,T5IWW_ALCOHOLWW,E5WWIWW_ALCOHOL,,1,2018,,,,,,1
OutputActivityRatio,BAU,RD,T5IWW_ALCOHOLWW,E5WWIWW_ALCOHOL,,1,2019,,,,,,1.0
OutputActivityRatio,BAU,RD,T5IWW_ALCOHOLWW,E5WWIWW_ALCOHOL,,1,2020,,,,,,1.0
OutputActivityRatio,BAU,RD,T5IWW_ALCOHOLWW,E5WWIWW_ALCOHOL,,1,2021,,,,,,1.0
OutputActivityRatio,BAU,RD,T5IWW_ALCOHOLWW,E5WWIWW_ALCOHOL,,1,2022,,,,,,1.0
OutputActivityRatio,BAU,RD,T5IWW_ALCOHOLWW,E5WWIWW_ALCOHOL,,1,2023,,,,,,1.0
OutputActivityRatio,BAU,RD,T5IWW_ALCOHOLWW,E5WWIWW_ALCOHOL,,1,2024,,,,,,1.0
OutputActivityRatio,BAU,RD,T5IWW_ALCOHOLWW,E5WWIWW_ALCOHOL,,1,2025,,,,,,1.0
OutputActivityRatio,BAU,RD,T5IWW_ALCOHOLWW,E5WWIWW_ALCOHOL,,1,2026,,,,,,1.0
OutputActivityRatio,BAU,RD,T5IWW_ALCOHOLWW,E5WWIWW_ALCOHOL,,1,2027,,,,,,1.0
OutputActivityRatio,BAU,RD,T5IWW_ALCOHOLWW,E5WWIWW_ALCOHOL,,1,2028,,,,,,1.0
OutputActivityRatio,BAU,RD,T5IWW_ALCOHOLWW,E5WWIWW_ALCOHOL,,1,2029,,,,,,1.0
OutputActivityRatio,BAU,RD,T5IWW_ALCOHOLWW,E5WWIWW_ALCOHOL,,1,2030,,,,,,1.0
OutputActivityRatio,BAU,RD,T5IWW_ALCOHOLWW,E5WWIWW_ALCOHOL,,1,2031,,,,,,1.0
OutputActivityRatio,BAU,RD,T5IWW_ALCOHOLWW,E5WWIWW_ALCOHOL,,1,2032,,,,,,1.0
OutputActivityRatio,BAU,RD,T5IWW_ALCOHOLWW,E5WWIWW_ALCOHOL,,1,2033,,,,,,1.0
OutputActivityRatio,BAU,RD,T5IWW_ALCOHOLWW,E5WWIWW_ALCOHOL,,1,2034,,,,,,1.0
OutputActivityRatio,BAU,RD,T5IWW_ALCOHOLWW,E5WWIWW_ALCOHOL,,1,2035,,,,,,1.0
OutputActivityRatio,BAU,RD,T5IWW_ALCOHOLWW,E5WWIWW_ALCOHOL,,1,2036,,,,,,1.0
OutputActivityRatio,BAU,RD,T5IWW_ALCOHOLWW,E5WWIWW_ALCOHOL,,1,2037,,,,,,1.0
OutputActivityRatio,BAU,RD,T5IWW_ALCOHOLWW,E5WWIWW_ALCOHOL,,1,2038,,,,,,1.0
OutputActivityRatio,BAU,RD,T5IWW_ALCOHOLWW,E5WWIWW_ALCOHOL,,1,2039,,,,,,1.0
OutputActivityRatio,BAU,RD,T5IWW_ALCOHOLWW,E5WWIWW_ALCOHOL,,1,2040,,,,,,1.0
OutputActivityRatio,BAU,RD,T5IWW_ALCOHOLWW,E5WWIWW_ALCOHOL,,1,2041,,,,,,1.0
OutputActivityRatio,BAU,RD,T5IWW_ALCOHOLWW,E5WWIWW_ALCOHOL,,1,2042,,,,,,1.0
OutputActivityRatio,BAU,RD,T5IWW_ALCOHOLWW,E5WWIWW_ALCOHOL,,1,2043,,,,,,1.0
OutputActivityRatio,BAU,RD,T5IWW_ALCOHOLWW,E5WWIWW_ALCOHOL,,1,2044,,,,,,1.0
OutputActivityRatio,BAU,RD,T5IWW_ALCOHOLWW,E5WWIWW_ALCOHOL,,1,2045,,,,,,1.0
OutputActivityRatio,BAU,RD,T5IWW_ALCOHOLWW,E5WWIWW_ALCOHOL,,1,2046,,,,,,1.0
OutputActivityRatio,BAU,RD,T5IWW_ALCOHOLWW,E5WWIWW_ALCOHOL,,1,2047,,,,,,1.0
OutputActivityRatio,BAU,RD,T5IWW_ALCOHOLWW,E5WWIWW_ALCOHOL,,1,2048,,,,,,1.0
OutputActivityRatio,BAU,RD,T5IWW_ALCOHOLWW,E5WWIWW_ALCOHOL,,1,2049,,,,,,1.0
OutputActivityRatio,BAU,RD,T5IWW_ALCOHOLWW,E5WWIWW_ALCOHOL,,1,2050,,,,,,1.0
OutputActivityRatio,BAU,RD,T5IWW_BEERWW,E5WWIWW_BEER,,1,2018,,,,,,1
OutputActivityRatio,BAU,RD,T5IWW_BEERWW,E5WWIWW_BEER,,1,2019,,,,,,1.0
OutputActivityRatio,BAU,RD,T5IWW_BEERWW,E5WWIWW_BEER,,1,2020,,,,,,1.0
OutputActivityRatio,BAU,RD,T5IWW_BEERWW,E5WWIWW_BEER,,1,2021,,,,,,1.0
OutputActivityRatio,BAU,RD,T5IWW_BEERWW,E5WWIWW_BEER,,1,2022,,,,,,1.0
OutputActivityRatio,BAU,RD,T5IWW_BEERWW,E5WWIWW_BEER,,1,2023,,,,,,1.0
OutputActivityRatio,BAU,RD,T5IWW_BEERWW,E5WWIWW_BEER,,1,2024,,,,,,1.0
OutputActivityRatio,BAU,RD,T5IWW_BEERWW,E5WWIWW_BEER,,1,2025,,,,,,1.0
OutputActivityRatio,BAU,RD,T5IWW_BEERWW,E5WWIWW_BEER,,1,2026,,,,,,1.0
OutputActivityRatio,BAU,RD,T5IWW_BEERWW,E5WWIWW_BEER,,1,2027,,,,,,1.0
OutputActivityRatio,BAU,RD,T5IWW_BEERWW,E5WWIWW_BEER,,1,2028,,,,,,1.0
OutputActivityRatio,BAU,RD,T5IWW_BEERWW,E5WWIWW_BEER,,1,2029,,,,,,1.0
OutputActivityRatio,BAU,RD,T5IWW_BEERWW,E5WWIWW_BEER,,1,2030,,,,,,1.0
OutputActivityRatio,BAU,RD,T5IWW_BEERWW,E5WWIWW_BEER,,1,2031,,,,,,1.0
OutputActivityRatio,BAU,RD,T5IWW_BEERWW,E5WWIWW_BEER,,1,2032,,,,,,1.0
OutputActivityRatio,BAU,RD,T5IWW_BEERWW,E5WWIWW_BEER,,1,2033,,,,,,1.0
OutputActivityRatio,BAU,RD,T5IWW_BEERWW,E5WWIWW_BEER,,1,2034,,,,,,1.0
OutputActivityRatio,BAU,RD,T5IWW_BEERWW,E5WWIWW_BEER,,1,2035,,,,,,1.0
OutputActivityRatio,BAU,RD,T5IWW_BEERWW,E5WWIWW_BEER,,1,2036,,,,,,1.0
OutputActivityRatio,BAU,RD,T5IWW_BEERWW,E5WWIWW_BEER,,1,2037,,,,,,1.0
OutputActivityRatio,BAU,RD,T5IWW_BEERWW,E5WWIWW_BEER,,1,2038,,,,,,1.0
OutputActivityRatio,BAU,RD,T5IWW_BEERWW,E5WWIWW_BEER,,1,2039,,,,,,1.0
OutputActivityRatio,BAU,RD,T5IWW_BEERWW,E5WWIWW_BEER,,1,2040,,,,,,1.0
OutputActivityRatio,BAU,RD,T5IWW_BEERWW,E5WWIWW_BEER,,1,2041,,,,,,1.0
OutputActivityRatio,BAU,RD,T5IWW_BEERWW,E5WWIWW_BEER,,1,2042,,,,,,1.0
OutputActivityRatio,BAU,RD,T5IWW_BEERWW,E5WWIWW_BEER,,1,2043,,,,,,1.0
OutputActivityRatio,BAU,RD,T5IWW_BEERWW,E5WWIWW_BEER,,1,2044,,,,,,1.0
OutputActivityRatio,BAU,RD,T5IWW_BEERWW,E5WWIWW_BEER,,1,2045,,,,,,1.0
OutputActivityRatio,BAU,RD,T5IWW_BEERWW,E5WWIWW_BEER,,1,2046,,,,,,1.0
OutputActivityRatio,BAU,RD,T5IWW_BEERWW,E5WWIWW_BEER,,1,2047,,,,,,1.0
OutputActivityRatio,BAU,RD,T5IWW_BEERWW,E5WWIWW_BEER,,1,2048,,,,,,1.0
OutputActivityRatio,BAU,RD,T5IWW_BEERWW,E5WWIWW_BEER,,1,2049,,,,,,1.0
OutputActivityRatio,BAU,RD,T5IWW_BEERWW,E5WWIWW_BEER,,1,2050,,,,,,1.0
OutputActivityRatio,BAU,RD,T5IWW_MILKWW,E5WWIWW_MILK,,1,2018,,,,,,1
OutputActivityRatio,BAU,RD,T5IWW_MILKWW,E5WWIWW_MILK,,1,2019,,,,,,1.0
OutputActivityRatio,BAU,RD,T5IWW_MILKWW,E5WWIWW_MILK,,1,2020,,,,,,1.0
OutputActivityRatio,BAU,RD,T5IWW_MILKWW,E5WWIWW_MILK,,1,2021,,,,,,1.0
OutputActivityRatio,BAU,RD,T5IWW_MILKWW,E5WWIWW_MILK,,1,2022,,,,,,1.0
OutputActivityRatio,BAU,RD,T5IWW_MILKWW,E5WWIWW_MILK,,1,2023,,,,,,1.0
OutputActivityRatio,BAU,RD,T5IWW_MILKWW,E5WWIWW_MILK,,1,2024,,,,,,1.0
OutputActivityRatio,BAU,RD,T5IWW_MILKWW,E5WWIWW_MILK,,1,2025,,,,,,1.0
OutputActivityRatio,BAU,RD,T5IWW_MILKWW,E5WWIWW_MILK,,1,2026,,,,,,1.0
OutputActivityRatio,BAU,RD,T5IWW_MILKWW,E5WWIWW_MILK,,1,2027,,,,,,1.0
OutputActivityRatio,BAU,RD,T5IWW_MILKWW,E5WWIWW_MILK,,1,2028,,,,,,1.0
OutputActivityRatio,BAU,RD,T5IWW_MILKWW,E5WWIWW_MILK,,1,2029,,,,,,1.0
OutputActivityRatio,BAU,RD,T5IWW_MILKWW,E5WWIWW_MILK,,1,2030,,,,,,1.0
OutputActivityRatio,BAU,RD,T5IWW_MILKWW,E5WWIWW_MILK,,1,2031,,,,,,1.0
OutputActivityRatio,BAU,RD,T5IWW_MILKWW,E5WWIWW_MILK,,1,2032,,,,,,1.0
OutputActivityRatio,BAU,RD,T5IWW_MILKWW,E5WWIWW_MILK,,1,2033,,,,,,1.0
OutputActivityRatio,BAU,RD,T5IWW_MILKWW,E5WWIWW_MILK,,1,2034,,,,,,1.0
OutputActivityRatio,BAU,RD,T5IWW_MILKWW,E5WWIWW_MILK,,1,2035,,,,,,1.0
OutputActivityRatio,BAU,RD,T5IWW_MILKWW,E5WWIWW_MILK,,1,2036,,,,,,1.0
OutputActivityRatio,BAU,RD,T5IWW_MILKWW,E5WWIWW_MILK,,1,2037,,,,,,1.0
OutputActivityRatio,BAU,RD,T5IWW_MILKWW,E5WWIWW_MILK,,1,2038,,,,,,1.0
OutputActivityRatio,BAU,RD,T5IWW_MILKWW,E5WWIWW_MILK,,1,2039,,,,,,1.0
OutputActivityRatio,BAU,RD,T5IWW_MILKWW,E5WWIWW_MILK,,1,2040,,,,,,1.0
OutputActivityRatio,BAU,RD,T5IWW_MILKWW,E5WWIWW_MILK,,1,2041,,,,,,1.0
OutputActivityRatio,BAU,RD,T5IWW_MILKWW,E5WWIWW_MILK,,1,2042,,,,,,1.0
OutputActivityRatio,BAU,RD,T5IWW_MILKWW,E5WWIWW_MILK,,1,2043,,,,,,1.0
OutputActivityRatio,BAU,RD,T5IWW_MILKWW,E5WWIWW_MILK,,1,2044,,,,,,1.0
OutputActivityRatio,BAU,RD,T5IWW_MILKWW,E5WWIWW_MILK,,1,2045,,,,,,1.0
OutputActivityRatio,BAU,RD,T5IWW_MILKWW,E5WWIWW_MILK,,1,2046,,,,,,1.0
OutputActivityRatio,BAU,RD,T5IWW_MILKWW,E5WWIWW_MILK,,1,2047,,,,,,1.0
OutputActivityRatio,BAU,RD,T5IWW_MILKWW,E5WWIWW_MILK,,1,2048,,,,,,1.0
OutputActivityRatio,BAU,RD,T5IWW_MILKWW,E5WWIWW_MILK,,1,2049,,,,,,1.0
OutputActivityRatio,BAU,RD,T5IWW_MILKWW,E5WWIWW_MILK,,1,2050,,,,,,1.0
