Future.ID,Strategy.ID,Strategy,Fuel,Technology,Emission,Season,Year,SpecifiedAnnualDemand,CapacityFactor,OperationalLife,ResidualCapacity,InputActivityRatio,OutputActivityRatio,EmissionActivityRatio,CapitalCost,VariableCost,FixedCost,TotalAnnualMaxCapacity,TotalAnnualMinCapacity,TotalAnnualMinCapacityInvestment,TotalTechnologyAnnualActivityUpperLimit,TotalTechnologyAnnualActivityLowerLimit,DistanceDriven,UnitCapitalCost (USD),UnitFixedCost (USD),BiofuelShares,FilterFuelType,FilterVehicleType
0,0,BAU,E5TSWTSW,,,,2018,2.8971,,,,,,,,,,,,,,,,,,,,
0,0,BAU,E5TSWTSW,,,,2019,3.0177,,,,,,,,,,,,,,,,,,,,
0,0,BAU,E5TSWTSW,,,,2020,3.1582000000000003,,,,,,,,,,,,,,,,,,,,
0,0,BAU,E5TSWTSW,,,,2021,3.3022,,,,,,,,,,,,,,,,,,,,
0,0,BAU,E5TSWTSW,,,,2022,3.4495,,,,,,,,,,,,,,,,,,,,
0,0,BAU,E5TSWTSW,,,,2023,3.5806,,,,,,,,,,,,,,,,,,,,
0,0,BAU,E5TSWTSW,,,,2024,3.7167000000000003,,,,,,,,,,,,,,,,,,,,
0,0,BAU,E5TSWTSW,,,,2025,3.8579,,,,,,,,,,,,,,,,,,,,
0,0,BAU,E5TSWTSW,,,,2026,4.0043999999999995,,,,,,,,,,,,,,,,,,,,
0,0,BAU,E5TSWTSW,,,,2027,4.1566,,,,,,,,,,,,,,,,,,,,
0,0,BAU,E5TSWTSW,,,,2028,4.3147,,,,,,,,,,,,,,,,,,,,
0,0,BAU,E5TSWTSW,,,,2029,4.4786,,,,,,,,,,,,,,,,,,,,
0,0,BAU,E5TSWTSW,,,,2030,4.6488,,,,,,,,,,,,,,,,,,,,
0,0,BAU,E5TSWTSW,,,,2031,4.8255,,,,,,,,,,,,,,,,,,,,
0,0,BAU,E5TSWTSW,,,,2032,5.0088,,,,,,,,,,,,,,,,,,,,
0,0,BAU,E5TSWTSW,,,,2033,5.1991,,,,,,,,,,,,,,,,,,,,
0,0,BAU,E5TSWTSW,,,,2034,5.3967,,,,,,,,,,,,,,,,,,,,
0,0,BAU,E5TSWTSW,,,,2035,5.6017,,,,,,,,,,,,,,,,,,,,
0,0,BAU,E5TSWTSW,,,,2036,5.8147,,,,,,,,,,,,,,,,,,,,
0,0,BAU,E5TSWTSW,,,,2037,6.0356000000000005,,,,,,,,,,,,,,,,,,,,
0,0,BAU,E5TSWTSW,,,,2038,6.264899999999999,,,,,,,,,,,,,,,,,,,,
0,0,BAU,E5TSWTSW,,,,2039,6.503,,,,,,,,,,,,,,,,,,,,
0,0,BAU,E5TSWTSW,,,,2040,6.7501,,,,,,,,,,,,,,,,,,,,
0,0,BAU,E5TSWTSW,,,,2041,7.006600000000001,,,,,,,,,,,,,,,,,,,,
0,0,BAU,E5TSWTSW,,,,2042,7.2729,,,,,,,,,,,,,,,,,,,,
0,0,BAU,E5TSWTSW,,,,2043,7.549199999999999,,,,,,,,,,,,,,,,,,,,
0,0,BAU,E5TSWTSW,,,,2044,7.8361,,,,,,,,,,,,,,,,,,,,
0,0,BAU,E5TSWTSW,,,,2045,8.1339,,,,,,,,,,,,,,,,,,,,
0,0,BAU,E5TSWTSW,,,,2046,8.4429,,,,,,,,,,,,,,,,,,,,
0,0,BAU,E5TSWTSW,,,,2047,8.7638,,,,,,,,,,,,,,,,,,,,
0,0,BAU,E5TSWTSW,,,,2048,9.0968,,,,,,,,,,,,,,,,,,,,
0,0,BAU,E5TSWTSW,,,,2049,9.442499999999999,,,,,,,,,,,,,,,,,,,,
0,0,BAU,E5TSWTSW,,,,2050,9.801300000000001,,,,,,,,,,,,,,,,,,,,
0,0,BAU,E5TSWLANDFILL_ELEC,,,,2018,0.0,,,,,,,,,,,,,,,,,,,,
0,0,BAU,E5TSWLANDFILL_ELEC,,,,2019,0.0,,,,,,,,,,,,,,,,,,,,
0,0,BAU,E5TSWLANDFILL_ELEC,,,,2020,0.0,,,,,,,,,,,,,,,,,,,,
0,0,BAU,E5TSWLANDFILL_ELEC,,,,2021,0.0,,,,,,,,,,,,,,,,,,,,
0,0,BAU,E5TSWLANDFILL_ELEC,,,,2022,0.0,,,,,,,,,,,,,,,,,,,,
0,0,BAU,E5TSWLANDFILL_ELEC,,,,2023,0.0,,,,,,,,,,,,,,,,,,,,
0,0,BAU,E5TSWLANDFILL_ELEC,,,,2024,0.0,,,,,,,,,,,,,,,,,,,,
0,0,BAU,E5TSWLANDFILL_ELEC,,,,2025,0.0,,,,,,,,,,,,,,,,,,,,
0,0,BAU,E5TSWLANDFILL_ELEC,,,,2026,0.0,,,,,,,,,,,,,,,,,,,,
0,0,BAU,E5TSWLANDFILL_ELEC,,,,2027,0.0,,,,,,,,,,,,,,,,,,,,
0,0,BAU,E5TSWLANDFILL_ELEC,,,,2028,0.0,,,,,,,,,,,,,,,,,,,,
0,0,BAU,E5TSWLANDFILL_ELEC,,,,2029,0.0,,,,,,,,,,,,,,,,,,,,
0,0,BAU,E5TSWLANDFILL_ELEC,,,,2030,0.0,,,,,,,,,,,,,,,,,,,,
0,0,BAU,E5TSWLANDFILL_ELEC,,,,2031,0.0,,,,,,,,,,,,,,,,,,,,
0,0,BAU,E5TSWLANDFILL_ELEC,,,,2032,0.0,,,,,,,,,,,,,,,,,,,,
0,0,BAU,E5TSWLANDFILL_ELEC,,,,2033,0.0,,,,,,,,,,,,,,,,,,,,
0,0,BAU,E5TSWLANDFILL_ELEC,,,,2034,0.0,,,,,,,,,,,,,,,,,,,,
0,0,BAU,E5TSWLANDFILL_ELEC,,,,2035,0.0,,,,,,,,,,,,,,,,,,,,
0,0,BAU,E5TSWLANDFILL_ELEC,,,,2036,0.0,,,,,,,,,,,,,,,,,,,,
0,0,BAU,E5TSWLANDFILL_ELEC,,,,2037,0.0,,,,,,,,,,,,,,,,,,,,
0,0,BAU,E5TSWLANDFILL_ELEC,,,,2038,0.0,,,,,,,,,,,,,,,,,,,,
0,0,BAU,E5TSWLANDFILL_ELEC,,,,2039,0.0,,,,,,,,,,,,,,,,,,,,
0,0,BAU,E5TSWLANDFILL_ELEC,,,,2040,0.0,,,,,,,,,,,,,,,,,,,,
0,0,BAU,E5TSWLANDFILL_ELEC,,,,2041,0.0,,,,,,,,,,,,,,,,,,,,
0,0,BAU,E5TSWLANDFILL_ELEC,,,,2042,0.0,,,,,,,,,,,,,,,,,,,,
0,0,BAU,E5TSWLANDFILL_ELEC,,,,2043,0.0,,,,,,,,,,,,,,,,,,,,
0,0,BAU,E5TSWLANDFILL_ELEC,,,,2044,0.0,,,,,,,,,,,,,,,,,,,,
0,0,BAU,E5TSWLANDFILL_ELEC,,,,2045,0.0,,,,,,,,,,,,,,,,,,,,
0,0,BAU,E5TSWLANDFILL_ELEC,,,,2046,0.0,,,,,,,,,,,,,,,,,,,,
0,0,BAU,E5TSWLANDFILL_ELEC,,,,2047,0.0,,,,,,,,,,,,,,,,,,,,
0,0,BAU,E5TSWLANDFILL_ELEC,,,,2048,0.0,,,,,,,,,,,,,,,,,,,,
0,0,BAU,E5TSWLANDFILL_ELEC,,,,2049,0.0,,,,,,,,,,,,,,,,,,,,
0,0,BAU,E5TSWLANDFILL_ELEC,,,,2050,0.0,,,,,,,,,,,,,,,,,,,,
0,0,BAU,E5TSWIND_SW,,,,2018,0.0,,,,,,,,,,,,,,,,,,,,
0,0,BAU,E5TSWIND_SW,,,,2019,0.0,,,,,,,,,,,,,,,,,,,,
0,0,BAU,E5TSWIND_SW,,,,2020,0.0,,,,,,,,,,,,,,,,,,,,
0,0,BAU,E5TSWIND_SW,,,,2021,0.0,,,,,,,,,,,,,,,,,,,,
0,0,BAU,E5TSWIND_SW,,,,2022,0.0,,,,,,,,,,,,,,,,,,,,
0,0,BAU,E5TSWIND_SW,,,,2023,0.0,,,,,,,,,,,,,,,,,,,,
0,0,BAU,E5TSWIND_SW,,,,2024,0.0,,,,,,,,,,,,,,,,,,,,
0,0,BAU,E5TSWIND_SW,,,,2025,0.0,,,,,,,,,,,,,,,,,,,,
0,0,BAU,E5TSWIND_SW,,,,2026,0.0,,,,,,,,,,,,,,,,,,,,
0,0,BAU,E5TSWIND_SW,,,,2027,0.0,,,,,,,,,,,,,,,,,,,,
0,0,BAU,E5TSWIND_SW,,,,2028,0.0,,,,,,,,,,,,,,,,,,,,
0,0,BAU,E5TSWIND_SW,,,,2029,0.0,,,,,,,,,,,,,,,,,,,,
0,0,BAU,E5TSWIND_SW,,,,2030,0.0,,,,,,,,,,,,,,,,,,,,
0,0,BAU,E5TSWIND_SW,,,,2031,0.0,,,,,,,,,,,,,,,,,,,,
0,0,BAU,E5TSWIND_SW,,,,2032,0.0,,,,,,,,,,,,,,,,,,,,
0,0,BAU,E5TSWIND_SW,,,,2033,0.0,,,,,,,,,,,,,,,,,,,,
0,0,BAU,E5TSWIND_SW,,,,2034,0.0,,,,,,,,,,,,,,,,,,,,
0,0,BAU,E5TSWIND_SW,,,,2035,0.0,,,,,,,,,,,,,,,,,,,,
0,0,BAU,E5TSWIND_SW,,,,2036,0.0,,,,,,,,,,,,,,,,,,,,
0,0,BAU,E5TSWIND_SW,,,,2037,0.0,,,,,,,,,,,,,,,,,,,,
0,0,BAU,E5TSWIND_SW,,,,2038,0.0,,,,,,,,,,,,,,,,,,,,
0,0,BAU,E5TSWIND_SW,,,,2039,0.0,,,,,,,,,,,,,,,,,,,,
0,0,BAU,E5TSWIND_SW,,,,2040,0.0,,,,,,,,,,,,,,,,,,,,
0,0,BAU,E5TSWIND_SW,,,,2041,0.0,,,,,,,,,,,,,,,,,,,,
0,0,BAU,E5TSWIND_SW,,,,2042,0.0,,,,,,,,,,,,,,,,,,,,
0,0,BAU,E5TSWIND_SW,,,,2043,0.0,,,,,,,,,,,,,,,,,,,,
0,0,BAU,E5TSWIND_SW,,,,2044,0.0,,,,,,,,,,,,,,,,,,,,
0,0,BAU,E5TSWIND_SW,,,,2045,0.0,,,,,,,,,,,,,,,,,,,,
0,0,BAU,E5TSWIND_SW,,,,2046,0.0,,,,,,,,,,,,,,,,,,,,
0,0,BAU,E5TSWIND_SW,,,,2047,0.0,,,,,,,,,,,,,,,,,,,,
0,0,BAU,E5TSWIND_SW,,,,2048,0.0,,,,,,,,,,,,,,,,,,,,
0,0,BAU,E5TSWIND_SW,,,,2049,0.0,,,,,,,,,,,,,,,,,,,,
0,0,BAU,E5TSWIND_SW,,,,2050,0.0,,,,,,,,,,,,,,,,,,,,
0,0,BAU,E5TSWCO2_CH4_BURN,,,,2018,0.0,,,,,,,,,,,,,,,,,,,,
0,0,BAU,E5TSWCO2_CH4_BURN,,,,2019,0.0,,,,,,,,,,,,,,,,,,,,
0,0,BAU,E5TSWCO2_CH4_BURN,,,,2020,0.0,,,,,,,,,,,,,,,,,,,,
0,0,BAU,E5TSWCO2_CH4_BURN,,,,2021,0.0,,,,,,,,,,,,,,,,,,,,
0,0,BAU,E5TSWCO2_CH4_BURN,,,,2022,0.0,,,,,,,,,,,,,,,,,,,,
0,0,BAU,E5TSWCO2_CH4_BURN,,,,2023,0.0,,,,,,,,,,,,,,,,,,,,
0,0,BAU,E5TSWCO2_CH4_BURN,,,,2024,0.0,,,,,,,,,,,,,,,,,,,,
0,0,BAU,E5TSWCO2_CH4_BURN,,,,2025,0.0,,,,,,,,,,,,,,,,,,,,
0,0,BAU,E5TSWCO2_CH4_BURN,,,,2026,0.0,,,,,,,,,,,,,,,,,,,,
0,0,BAU,E5TSWCO2_CH4_BURN,,,,2027,0.0,,,,,,,,,,,,,,,,,,,,
0,0,BAU,E5TSWCO2_CH4_BURN,,,,2028,0.0,,,,,,,,,,,,,,,,,,,,
0,0,BAU,E5TSWCO2_CH4_BURN,,,,2029,0.0,,,,,,,,,,,,,,,,,,,,
0,0,BAU,E5TSWCO2_CH4_BURN,,,,2030,0.0,,,,,,,,,,,,,,,,,,,,
0,0,BAU,E5TSWCO2_CH4_BURN,,,,2031,0.0,,,,,,,,,,,,,,,,,,,,
0,0,BAU,E5TSWCO2_CH4_BURN,,,,2032,0.0,,,,,,,,,,,,,,,,,,,,
0,0,BAU,E5TSWCO2_CH4_BURN,,,,2033,0.0,,,,,,,,,,,,,,,,,,,,
0,0,BAU,E5TSWCO2_CH4_BURN,,,,2034,0.0,,,,,,,,,,,,,,,,,,,,
0,0,BAU,E5TSWCO2_CH4_BURN,,,,2035,0.0,,,,,,,,,,,,,,,,,,,,
0,0,BAU,E5TSWCO2_CH4_BURN,,,,2036,0.0,,,,,,,,,,,,,,,,,,,,
0,0,BAU,E5TSWCO2_CH4_BURN,,,,2037,0.0,,,,,,,,,,,,,,,,,,,,
0,0,BAU,E5TSWCO2_CH4_BURN,,,,2038,0.0,,,,,,,,,,,,,,,,,,,,
0,0,BAU,E5TSWCO2_CH4_BURN,,,,2039,0.0,,,,,,,,,,,,,,,,,,,,
0,0,BAU,E5TSWCO2_CH4_BURN,,,,2040,0.0,,,,,,,,,,,,,,,,,,,,
0,0,BAU,E5TSWCO2_CH4_BURN,,,,2041,0.0,,,,,,,,,,,,,,,,,,,,
0,0,BAU,E5TSWCO2_CH4_BURN,,,,2042,0.0,,,,,,,,,,,,,,,,,,,,
0,0,BAU,E5TSWCO2_CH4_BURN,,,,2043,0.0,,,,,,,,,,,,,,,,,,,,
0,0,BAU,E5TSWCO2_CH4_BURN,,,,2044,0.0,,,,,,,,,,,,,,,,,,,,
0,0,BAU,E5TSWCO2_CH4_BURN,,,,2045,0.0,,,,,,,,,,,,,,,,,,,,
0,0,BAU,E5TSWCO2_CH4_BURN,,,,2046,0.0,,,,,,,,,,,,,,,,,,,,
0,0,BAU,E5TSWCO2_CH4_BURN,,,,2047,0.0,,,,,,,,,,,,,,,,,,,,
0,0,BAU,E5TSWCO2_CH4_BURN,,,,2048,0.0,,,,,,,,,,,,,,,,,,,,
0,0,BAU,E5TSWCO2_CH4_BURN,,,,2049,0.0,,,,,,,,,,,,,,,,,,,,
0,0,BAU,E5TSWCO2_CH4_BURN,,,,2050,0.0,,,,,,,,,,,,,,,,,,,,
0,0,BAU,E5TSWCOMPOST_DOM,,,,2018,0.0844,,,,,,,,,,,,,,,,,,,,
0,0,BAU,E5TSWCOMPOST_DOM,,,,2019,0.0861,,,,,,,,,,,,,,,,,,,,
0,0,BAU,E5TSWCOMPOST_DOM,,,,2020,0.0887,,,,,,,,,,,,,,,,,,,,
0,0,BAU,E5TSWCOMPOST_DOM,,,,2021,0.0912,,,,,,,,,,,,,,,,,,,,
0,0,BAU,E5TSWCOMPOST_DOM,,,,2022,0.0936,,,,,,,,,,,,,,,,,,,,
0,0,BAU,E5TSWCOMPOST_DOM,,,,2023,0.0936,,,,,,,,,,,,,,,,,,,,
0,0,BAU,E5TSWCOMPOST_DOM,,,,2024,0.0936,,,,,,,,,,,,,,,,,,,,
0,0,BAU,E5TSWCOMPOST_DOM,,,,2025,0.0936,,,,,,,,,,,,,,,,,,,,
0,0,BAU,E5TSWCOMPOST_DOM,,,,2026,0.0936,,,,,,,,,,,,,,,,,,,,
0,0,BAU,E5TSWCOMPOST_DOM,,,,2027,0.0936,,,,,,,,,,,,,,,,,,,,
0,0,BAU,E5TSWCOMPOST_DOM,,,,2028,0.0936,,,,,,,,,,,,,,,,,,,,
0,0,BAU,E5TSWCOMPOST_DOM,,,,2029,0.0936,,,,,,,,,,,,,,,,,,,,
0,0,BAU,E5TSWCOMPOST_DOM,,,,2030,0.0936,,,,,,,,,,,,,,,,,,,,
0,0,BAU,E5TSWCOMPOST_DOM,,,,2031,0.0936,,,,,,,,,,,,,,,,,,,,
0,0,BAU,E5TSWCOMPOST_DOM,,,,2032,0.0936,,,,,,,,,,,,,,,,,,,,
0,0,BAU,E5TSWCOMPOST_DOM,,,,2033,0.0936,,,,,,,,,,,,,,,,,,,,
0,0,BAU,E5TSWCOMPOST_DOM,,,,2034,0.0936,,,,,,,,,,,,,,,,,,,,
0,0,BAU,E5TSWCOMPOST_DOM,,,,2035,0.0936,,,,,,,,,,,,,,,,,,,,
0,0,BAU,E5TSWCOMPOST_DOM,,,,2036,0.0936,,,,,,,,,,,,,,,,,,,,
0,0,BAU,E5TSWCOMPOST_DOM,,,,2037,0.0936,,,,,,,,,,,,,,,,,,,,
0,0,BAU,E5TSWCOMPOST_DOM,,,,2038,0.0936,,,,,,,,,,,,,,,,,,,,
0,0,BAU,E5TSWCOMPOST_DOM,,,,2039,0.0936,,,,,,,,,,,,,,,,,,,,
0,0,BAU,E5TSWCOMPOST_DOM,,,,2040,0.0936,,,,,,,,,,,,,,,,,,,,
0,0,BAU,E5TSWCOMPOST_DOM,,,,2041,0.0936,,,,,,,,,,,,,,,,,,,,
0,0,BAU,E5TSWCOMPOST_DOM,,,,2042,0.0936,,,,,,,,,,,,,,,,,,,,
0,0,BAU,E5TSWCOMPOST_DOM,,,,2043,0.0936,,,,,,,,,,,,,,,,,,,,
0,0,BAU,E5TSWCOMPOST_DOM,,,,2044,0.0936,,,,,,,,,,,,,,,,,,,,
0,0,BAU,E5TSWCOMPOST_DOM,,,,2045,0.0936,,,,,,,,,,,,,,,,,,,,
0,0,BAU,E5TSWCOMPOST_DOM,,,,2046,0.0936,,,,,,,,,,,,,,,,,,,,
0,0,BAU,E5TSWCOMPOST_DOM,,,,2047,0.0936,,,,,,,,,,,,,,,,,,,,
0,0,BAU,E5TSWCOMPOST_DOM,,,,2048,0.0936,,,,,,,,,,,,,,,,,,,,
0,0,BAU,E5TSWCOMPOST_DOM,,,,2049,0.0936,,,,,,,,,,,,,,,,,,,,
0,0,BAU,E5TSWCOMPOST_DOM,,,,2050,0.0936,,,,,,,,,,,,,,,,,,,,
0,0,BAU,E5TSWCOMPOST_COFFEE,,,,2018,0.3668,,,,,,,,,,,,,,,,,,,,
0,0,BAU,E5TSWCOMPOST_COFFEE,,,,2019,0.3179,,,,,,,,,,,,,,,,,,,,
0,0,BAU,E5TSWCOMPOST_COFFEE,,,,2020,0.316,,,,,,,,,,,,,,,,,,,,
0,0,BAU,E5TSWCOMPOST_COFFEE,,,,2021,0.3141,,,,,,,,,,,,,,,,,,,,
0,0,BAU,E5TSWCOMPOST_COFFEE,,,,2022,0.3122,,,,,,,,,,,,,,,,,,,,
0,0,BAU,E5TSWCOMPOST_COFFEE,,,,2023,0.3122,,,,,,,,,,,,,,,,,,,,
0,0,BAU,E5TSWCOMPOST_COFFEE,,,,2024,0.3122,,,,,,,,,,,,,,,,,,,,
0,0,BAU,E5TSWCOMPOST_COFFEE,,,,2025,0.3122,,,,,,,,,,,,,,,,,,,,
0,0,BAU,E5TSWCOMPOST_COFFEE,,,,2026,0.3122,,,,,,,,,,,,,,,,,,,,
0,0,BAU,E5TSWCOMPOST_COFFEE,,,,2027,0.3122,,,,,,,,,,,,,,,,,,,,
0,0,BAU,E5TSWCOMPOST_COFFEE,,,,2028,0.3122,,,,,,,,,,,,,,,,,,,,
0,0,BAU,E5TSWCOMPOST_COFFEE,,,,2029,0.3122,,,,,,,,,,,,,,,,,,,,
0,0,BAU,E5TSWCOMPOST_COFFEE,,,,2030,0.3122,,,,,,,,,,,,,,,,,,,,
0,0,BAU,E5TSWCOMPOST_COFFEE,,,,2031,0.3122,,,,,,,,,,,,,,,,,,,,
0,0,BAU,E5TSWCOMPOST_COFFEE,,,,2032,0.3122,,,,,,,,,,,,,,,,,,,,
0,0,BAU,E5TSWCOMPOST_COFFEE,,,,2033,0.3122,,,,,,,,,,,,,,,,,,,,
0,0,BAU,E5TSWCOMPOST_COFFEE,,,,2034,0.3122,,,,,,,,,,,,,,,,,,,,
0,0,BAU,E5TSWCOMPOST_COFFEE,,,,2035,0.3122,,,,,,,,,,,,,,,,,,,,
0,0,BAU,E5TSWCOMPOST_COFFEE,,,,2036,0.3122,,,,,,,,,,,,,,,,,,,,
0,0,BAU,E5TSWCOMPOST_COFFEE,,,,2037,0.3122,,,,,,,,,,,,,,,,,,,,
0,0,BAU,E5TSWCOMPOST_COFFEE,,,,2038,0.3122,,,,,,,,,,,,,,,,,,,,
0,0,BAU,E5TSWCOMPOST_COFFEE,,,,2039,0.3122,,,,,,,,,,,,,,,,,,,,
0,0,BAU,E5TSWCOMPOST_COFFEE,,,,2040,0.3122,,,,,,,,,,,,,,,,,,,,
0,0,BAU,E5TSWCOMPOST_COFFEE,,,,2041,0.3122,,,,,,,,,,,,,,,,,,,,
0,0,BAU,E5TSWCOMPOST_COFFEE,,,,2042,0.3122,,,,,,,,,,,,,,,,,,,,
0,0,BAU,E5TSWCOMPOST_COFFEE,,,,2043,0.3122,,,,,,,,,,,,,,,,,,,,
0,0,BAU,E5TSWCOMPOST_COFFEE,,,,2044,0.3122,,,,,,,,,,,,,,,,,,,,
0,0,BAU,E5TSWCOMPOST_COFFEE,,,,2045,0.3122,,,,,,,,,,,,,,,,,,,,
0,0,BAU,E5TSWCOMPOST_COFFEE,,,,2046,0.3122,,,,,,,,,,,,,,,,,,,,
0,0,BAU,E5TSWCOMPOST_COFFEE,,,,2047,0.3122,,,,,,,,,,,,,,,,,,,,
0,0,BAU,E5TSWCOMPOST_COFFEE,,,,2048,0.3122,,,,,,,,,,,,,,,,,,,,
0,0,BAU,E5TSWCOMPOST_COFFEE,,,,2049,0.3122,,,,,,,,,,,,,,,,,,,,
0,0,BAU,E5TSWCOMPOST_COFFEE,,,,2050,0.3122,,,,,,,,,,,,,,,,,,,,
0,0,BAU,E5WWDWW_DC,,,,2018,11.6499,,,,,,,,,,,,,,,,,,,,
0,0,BAU,E5WWDWW_DC,,,,2019,12.0903,,,,,,,,,,,,,,,,,,,,
0,0,BAU,E5WWDWW_DC,,,,2020,12.2817,,,,,,,,,,,,,,,,,,,,
0,0,BAU,E5WWDWW_DC,,,,2021,12.471,,,,,,,,,,,,,,,,,,,,
0,0,BAU,E5WWDWW_DC,,,,2022,12.6578,,,,,,,,,,,,,,,,,,,,
0,0,BAU,E5WWDWW_DC,,,,2023,13.1388,,,,,,,,,,,,,,,,,,,,
0,0,BAU,E5WWDWW_DC,,,,2024,13.6381,,,,,,,,,,,,,,,,,,,,
0,0,BAU,E5WWDWW_DC,,,,2025,14.1563,,,,,,,,,,,,,,,,,,,,
0,0,BAU,E5WWDWW_DC,,,,2026,14.6943,,,,,,,,,,,,,,,,,,,,
0,0,BAU,E5WWDWW_DC,,,,2027,15.2526,,,,,,,,,,,,,,,,,,,,
0,0,BAU,E5WWDWW_DC,,,,2028,15.8322,,,,,,,,,,,,,,,,,,,,
0,0,BAU,E5WWDWW_DC,,,,2029,16.4339,,,,,,,,,,,,,,,,,,,,
0,0,BAU,E5WWDWW_DC,,,,2030,17.0584,,,,,,,,,,,,,,,,,,,,
0,0,BAU,E5WWDWW_DC,,,,2031,17.7066,,,,,,,,,,,,,,,,,,,,
0,0,BAU,E5WWDWW_DC,,,,2032,18.3794,,,,,,,,,,,,,,,,,,,,
0,0,BAU,E5WWDWW_DC,,,,2033,19.0778,,,,,,,,,,,,,,,,,,,,
0,0,BAU,E5WWDWW_DC,,,,2034,19.8028,,,,,,,,,,,,,,,,,,,,
0,0,BAU,E5WWDWW_DC,,,,2035,20.5553,,,,,,,,,,,,,,,,,,,,
0,0,BAU,E5WWDWW_DC,,,,2036,21.3364,,,,,,,,,,,,,,,,,,,,
0,0,BAU,E5WWDWW_DC,,,,2037,22.1472,,,,,,,,,,,,,,,,,,,,
0,0,BAU,E5WWDWW_DC,,,,2038,22.9888,,,,,,,,,,,,,,,,,,,,
0,0,BAU,E5WWDWW_DC,,,,2039,23.8624,,,,,,,,,,,,,,,,,,,,
0,0,BAU,E5WWDWW_DC,,,,2040,24.7691,,,,,,,,,,,,,,,,,,,,
0,0,BAU,E5WWDWW_DC,,,,2041,25.7103,,,,,,,,,,,,,,,,,,,,
0,0,BAU,E5WWDWW_DC,,,,2042,26.6873,,,,,,,,,,,,,,,,,,,,
0,0,BAU,E5WWDWW_DC,,,,2043,27.7015,,,,,,,,,,,,,,,,,,,,
0,0,BAU,E5WWDWW_DC,,,,2044,28.7541,,,,,,,,,,,,,,,,,,,,
0,0,BAU,E5WWDWW_DC,,,,2045,29.8468,,,,,,,,,,,,,,,,,,,,
0,0,BAU,E5WWDWW_DC,,,,2046,30.981,,,,,,,,,,,,,,,,,,,,
0,0,BAU,E5WWDWW_DC,,,,2047,32.1582,,,,,,,,,,,,,,,,,,,,
0,0,BAU,E5WWDWW_DC,,,,2048,33.3802,,,,,,,,,,,,,,,,,,,,
0,0,BAU,E5WWDWW_DC,,,,2049,34.6487,,,,,,,,,,,,,,,,,,,,
0,0,BAU,E5WWDWW_DC,,,,2050,35.9653,,,,,,,,,,,,,,,,,,,,
0,0,BAU,E5WWDWW_N,,,,2018,102.7812,,,,,,,,,,,,,,,,,,,,
0,0,BAU,E5WWDWW_N,,,,2019,101.9675,,,,,,,,,,,,,,,,,,,,
0,0,BAU,E5WWDWW_N,,,,2020,97.6878,,,,,,,,,,,,,,,,,,,,
0,0,BAU,E5WWDWW_N,,,,2021,91.2393,,,,,,,,,,,,,,,,,,,,
0,0,BAU,E5WWDWW_N,,,,2022,103.2446,,,,,,,,,,,,,,,,,,,,
0,0,BAU,E5WWDWW_N,,,,2023,107.1679,,,,,,,,,,,,,,,,,,,,
0,0,BAU,E5WWDWW_N,,,,2024,111.2403,,,,,,,,,,,,,,,,,,,,
0,0,BAU,E5WWDWW_N,,,,2025,115.4674,,,,,,,,,,,,,,,,,,,,
0,0,BAU,E5WWDWW_N,,,,2026,119.8552,,,,,,,,,,,,,,,,,,,,
0,0,BAU,E5WWDWW_N,,,,2027,124.4097,,,,,,,,,,,,,,,,,,,,
0,0,BAU,E5WWDWW_N,,,,2028,129.1372,,,,,,,,,,,,,,,,,,,,
0,0,BAU,E5WWDWW_N,,,,2029,134.0444,,,,,,,,,,,,,,,,,,,,
0,0,BAU,E5WWDWW_N,,,,2030,139.1381,,,,,,,,,,,,,,,,,,,,
0,0,BAU,E5WWDWW_N,,,,2031,144.4254,,,,,,,,,,,,,,,,,,,,
0,0,BAU,E5WWDWW_N,,,,2032,149.9135,,,,,,,,,,,,,,,,,,,,
0,0,BAU,E5WWDWW_N,,,,2033,155.6103,,,,,,,,,,,,,,,,,,,,
0,0,BAU,E5WWDWW_N,,,,2034,161.5234,,,,,,,,,,,,,,,,,,,,
0,0,BAU,E5WWDWW_N,,,,2035,167.6613,,,,,,,,,,,,,,,,,,,,
0,0,BAU,E5WWDWW_N,,,,2036,174.0325,,,,,,,,,,,,,,,,,,,,
0,0,BAU,E5WWDWW_N,,,,2037,180.6457,,,,,,,,,,,,,,,,,,,,
0,0,BAU,E5WWDWW_N,,,,2038,187.5102,,,,,,,,,,,,,,,,,,,,
0,0,BAU,E5WWDWW_N,,,,2039,194.6356,,,,,,,,,,,,,,,,,,,,
0,0,BAU,E5WWDWW_N,,,,2040,202.0318,,,,,,,,,,,,,,,,,,,,
0,0,BAU,E5WWDWW_N,,,,2041,209.709,,,,,,,,,,,,,,,,,,,,
0,0,BAU,E5WWDWW_N,,,,2042,217.6779,,,,,,,,,,,,,,,,,,,,
0,0,BAU,E5WWDWW_N,,,,2043,225.9497,,,,,,,,,,,,,,,,,,,,
0,0,BAU,E5WWDWW_N,,,,2044,234.5358,,,,,,,,,,,,,,,,,,,,
0,0,BAU,E5WWDWW_N,,,,2045,243.4481,,,,,,,,,,,,,,,,,,,,
0,0,BAU,E5WWDWW_N,,,,2046,252.6992,,,,,,,,,,,,,,,,,,,,
0,0,BAU,E5WWDWW_N,,,,2047,262.3017,,,,,,,,,,,,,,,,,,,,
0,0,BAU,E5WWDWW_N,,,,2048,272.2692,,,,,,,,,,,,,,,,,,,,
0,0,BAU,E5WWDWW_N,,,,2049,282.6154,,,,,,,,,,,,,,,,,,,,
0,0,BAU,E5WWDWW_N,,,,2050,293.3548,,,,,,,,,,,,,,,,,,,,
0,0,BAU,E5WWIWW,,,,2018,20.5574,,,,,,,,,,,,,,,,,,,,
0,0,BAU,E5WWIWW,,,,2019,10.6769,,,,,,,,,,,,,,,,,,,,
0,0,BAU,E5WWIWW,,,,2020,10.6136,,,,,,,,,,,,,,,,,,,,
0,0,BAU,E5WWIWW,,,,2021,10.5504,,,,,,,,,,,,,,,,,,,,
0,0,BAU,E5WWIWW,,,,2022,10.4872,,,,,,,,,,,,,,,,,,,,
0,0,BAU,E5WWIWW,,,,2023,10.8857,,,,,,,,,,,,,,,,,,,,
0,0,BAU,E5WWIWW,,,,2024,11.2994,,,,,,,,,,,,,,,,,,,,
0,0,BAU,E5WWIWW,,,,2025,11.7287,,,,,,,,,,,,,,,,,,,,
0,0,BAU,E5WWIWW,,,,2026,12.1744,,,,,,,,,,,,,,,,,,,,
0,0,BAU,E5WWIWW,,,,2027,12.6371,,,,,,,,,,,,,,,,,,,,
0,0,BAU,E5WWIWW,,,,2028,13.1173,,,,,,,,,,,,,,,,,,,,
0,0,BAU,E5WWIWW,,,,2029,13.6157,,,,,,,,,,,,,,,,,,,,
0,0,BAU,E5WWIWW,,,,2030,14.1331,,,,,,,,,,,,,,,,,,,,
0,0,BAU,E5WWIWW,,,,2031,14.6702,,,,,,,,,,,,,,,,,,,,
0,0,BAU,E5WWIWW,,,,2032,15.2277,,,,,,,,,,,,,,,,,,,,
0,0,BAU,E5WWIWW,,,,2033,15.8063,,,,,,,,,,,,,,,,,,,,
0,0,BAU,E5WWIWW,,,,2034,16.4069,,,,,,,,,,,,,,,,,,,,
0,0,BAU,E5WWIWW,,,,2035,17.0304,,,,,,,,,,,,,,,,,,,,
0,0,BAU,E5WWIWW,,,,2036,17.6776,,,,,,,,,,,,,,,,,,,,
0,0,BAU,E5WWIWW,,,,2037,18.3493,,,,,,,,,,,,,,,,,,,,
0,0,BAU,E5WWIWW,,,,2038,19.0466,,,,,,,,,,,,,,,,,,,,
0,0,BAU,E5WWIWW,,,,2039,19.7704,,,,,,,,,,,,,,,,,,,,
0,0,BAU,E5WWIWW,,,,2040,20.5216,,,,,,,,,,,,,,,,,,,,
0,0,BAU,E5WWIWW,,,,2041,21.3014,,,,,,,,,,,,,,,,,,,,
0,0,BAU,E5WWIWW,,,,2042,22.1109,,,,,,,,,,,,,,,,,,,,
0,0,BAU,E5WWIWW,,,,2043,22.9511,,,,,,,,,,,,,,,,,,,,
0,0,BAU,E5WWIWW,,,,2044,23.8233,,,,,,,,,,,,,,,,,,,,
0,0,BAU,E5WWIWW,,,,2045,24.7285,,,,,,,,,,,,,,,,,,,,
0,0,BAU,E5WWIWW,,,,2046,25.6682,,,,,,,,,,,,,,,,,,,,
0,0,BAU,E5WWIWW,,,,2047,26.6436,,,,,,,,,,,,,,,,,,,,
0,0,BAU,E5WWIWW,,,,2048,27.6561,,,,,,,,,,,,,,,,,,,,
0,0,BAU,E5WWIWW,,,,2049,28.707,,,,,,,,,,,,,,,,,,,,
0,0,BAU,E5WWIWW,,,,2050,29.7979,,,,,,,,,,,,,,,,,,,,
0,0,BAU,,INORG_RCY_OS,,,,,,1,,,,,,,,,,,,,,,,,,
0,0,BAU,,AD,,,,,,1,,,,,,,,,,,,,,,,,,
0,0,BAU,,COMPOST,,,,,,1,,,,,,,,,,,,,,,,,,
0,0,BAU,,LANDFILL,,,,,,1,,,,,,,,,,,,,,,,,,
0,0,BAU,,NO_CONTR_OD,,,,,,1,,,,,,,,,,,,,,,,,,
0,0,BAU,,COPROC,,,,,,1,,,,,,,,,,,,,,,,,,
0,0,BAU,,INCIN,,,,,,1,,,,,,,,,,,,,,,,,,
0,0,BAU,,GAS_MSW,,,,,,1,,,,,,,,,,,,,,,,,,
0,0,BAU,,HTC,,,,,,1,,,,,,,,,,,,,,,,,,
0,0,BAU,,OPEN_BURN,,,,,,1,,,,,,,,,,,,,,,,,,
0,0,BAU,,SIT_CLAN,,,,,,1,,,,,,,,,,,,,,,,,,
0,0,BAU,,LANDFILL_ELEC,,,,,,1,,,,,,,,,,,,,,,,,,
0,0,BAU,,IND_SW,,,,,,1,,,,,,,,,,,,,,,,,,
0,0,BAU,,CO2_CH4_BURN,,,,,,1,,,,,,,,,,,,,,,,,,
0,0,BAU,,COMPOST_DOM,,,,,,1,,,,,,,,,,,,,,,,,,
0,0,BAU,,COMPOST_COFFEE,,,,,,1,,,,,,,,,,,,,,,,,,
0,0,BAU,,DWW_DC,,,,,,100,,,,,,,,,,,,,,,,,,
0,0,BAU,,DWW_N,,,,,,100,,,,,,,,,,,,,,,,,,
0,0,BAU,,IWW,,,,,,100,,,,,,,,,,,,,,,,,,
0,0,BAU,,OSS_INORG,,,,,,1,,,,,,,,,,,,,,,,,,
0,0,BAU,,OSS_ORG,,,,,,1,,,,,,,,,,,,,,,,,,
0,0,BAU,,NO_OSS_BLEND,,,,,,1,,,,,,,,,,,,,,,,,,
0,0,BAU,,NO_OSS_NO_COLL,,,,,,1,,,,,,,,,,,,,,,,,,
0,0,BAU,,INORG_DCOLL,,,,,,1,,,,,,,,,,,,,,,,,,
0,0,BAU,,ORG_DCOLL,,,,,,1,,,,,,,,,,,,,,,,,,
0,0,BAU,,BLEND_NO_DCOLL,,,,,,1,,,,,,,,,,,,,,,,,,
0,0,BAU,,BLEND_NO_COLL,,,,,,1,,,,,,,,,,,,,,,,,,
0,0,BAU,,INORG_SS,,,,,,1,,,,,,,,,,,,,,,,,,
0,0,BAU,,ORG_SS,,,,,,1,,,,,,,,,,,,,,,,,,
0,0,BAU,,NO_SS,,,,,,1,,,,,,,,,,,,,,,,,,
0,0,BAU,,T5TSWTSW,,,,,,1,,,,,,,,,,,,,,,,,,
0,0,BAU,,T5LANDFILL_ELECTSW,,,,,,1,,,,,,,,,,,,,,,,,,
0,0,BAU,,T5IND_SWTSW,,,,,,1,,,,,,,,,,,,,,,,,,
0,0,BAU,,T5CO2_CH4_BURNTSW,,,,,,1,,,,,,,,,,,,,,,,,,
0,0,BAU,,T5COMPOST_DOMTSW,,,,,,1,,,,,,,,,,,,,,,,,,
0,0,BAU,,T5COMPOST_COFFEETSW,,,,,,1,,,,,,,,,,,,,,,,,,
0,0,BAU,,T5DWW_DCWW,,,,,,100,,,,,,,,,,,,,,,,,,
0,0,BAU,,T5DWW_NWW,,,,,,100,,,,,,,,,,,,,,,,,,
0,0,BAU,,T5IWWWW,,,,,,100,,,,,,,,,,,,,,,,,,
0,0,BAU,OSS_INORG,OSS_INORG,,,2018,,,,,1,,,,,,,,,,,,,,,,
0,0,BAU,OSS_INORG,OSS_INORG,,,2019,,,,,1.0,,,,,,,,,,,,,,,,
0,0,BAU,OSS_INORG,OSS_INORG,,,2020,,,,,1.0,,,,,,,,,,,,,,,,
0,0,BAU,OSS_INORG,OSS_INORG,,,2021,,,,,1.0,,,,,,,,,,,,,,,,
0,0,BAU,OSS_INORG,OSS_INORG,,,2022,,,,,1.0,,,,,,,,,,,,,,,,
0,0,BAU,OSS_INORG,OSS_INORG,,,2023,,,,,1.0,,,,,,,,,,,,,,,,
0,0,BAU,OSS_INORG,OSS_INORG,,,2024,,,,,1.0,,,,,,,,,,,,,,,,
0,0,BAU,OSS_INORG,OSS_INORG,,,2025,,,,,1.0,,,,,,,,,,,,,,,,
0,0,BAU,OSS_INORG,OSS_INORG,,,2026,,,,,1.0,,,,,,,,,,,,,,,,
0,0,BAU,OSS_INORG,OSS_INORG,,,2027,,,,,1.0,,,,,,,,,,,,,,,,
0,0,BAU,OSS_INORG,OSS_INORG,,,2028,,,,,1.0,,,,,,,,,,,,,,,,
0,0,BAU,OSS_INORG,OSS_INORG,,,2029,,,,,1.0,,,,,,,,,,,,,,,,
0,0,BAU,OSS_INORG,OSS_INORG,,,2030,,,,,1.0,,,,,,,,,,,,,,,,
0,0,BAU,OSS_INORG,OSS_INORG,,,2031,,,,,1.0,,,,,,,,,,,,,,,,
0,0,BAU,OSS_INORG,OSS_INORG,,,2032,,,,,1.0,,,,,,,,,,,,,,,,
0,0,BAU,OSS_INORG,OSS_INORG,,,2033,,,,,1.0,,,,,,,,,,,,,,,,
0,0,BAU,OSS_INORG,OSS_INORG,,,2034,,,,,1.0,,,,,,,,,,,,,,,,
0,0,BAU,OSS_INORG,OSS_INORG,,,2035,,,,,1.0,,,,,,,,,,,,,,,,
0,0,BAU,OSS_INORG,OSS_INORG,,,2036,,,,,1.0,,,,,,,,,,,,,,,,
0,0,BAU,OSS_INORG,OSS_INORG,,,2037,,,,,1.0,,,,,,,,,,,,,,,,
0,0,BAU,OSS_INORG,OSS_INORG,,,2038,,,,,1.0,,,,,,,,,,,,,,,,
0,0,BAU,OSS_INORG,OSS_INORG,,,2039,,,,,1.0,,,,,,,,,,,,,,,,
0,0,BAU,OSS_INORG,OSS_INORG,,,2040,,,,,1.0,,,,,,,,,,,,,,,,
0,0,BAU,OSS_INORG,OSS_INORG,,,2041,,,,,1.0,,,,,,,,,,,,,,,,
0,0,BAU,OSS_INORG,OSS_INORG,,,2042,,,,,1.0,,,,,,,,,,,,,,,,
0,0,BAU,OSS_INORG,OSS_INORG,,,2043,,,,,1.0,,,,,,,,,,,,,,,,
0,0,BAU,OSS_INORG,OSS_INORG,,,2044,,,,,1.0,,,,,,,,,,,,,,,,
0,0,BAU,OSS_INORG,OSS_INORG,,,2045,,,,,1.0,,,,,,,,,,,,,,,,
0,0,BAU,OSS_INORG,OSS_INORG,,,2046,,,,,1.0,,,,,,,,,,,,,,,,
0,0,BAU,OSS_INORG,OSS_INORG,,,2047,,,,,1.0,,,,,,,,,,,,,,,,
0,0,BAU,OSS_INORG,OSS_INORG,,,2048,,,,,1.0,,,,,,,,,,,,,,,,
0,0,BAU,OSS_INORG,OSS_INORG,,,2049,,,,,1.0,,,,,,,,,,,,,,,,
0,0,BAU,OSS_INORG,OSS_INORG,,,2050,,,,,1.0,,,,,,,,,,,,,,,,
0,0,BAU,OSS_ORG,OSS_ORG,,,2018,,,,,1,,,,,,,,,,,,,,,,
0,0,BAU,OSS_ORG,OSS_ORG,,,2019,,,,,1.0,,,,,,,,,,,,,,,,
0,0,BAU,OSS_ORG,OSS_ORG,,,2020,,,,,1.0,,,,,,,,,,,,,,,,
0,0,BAU,OSS_ORG,OSS_ORG,,,2021,,,,,1.0,,,,,,,,,,,,,,,,
0,0,BAU,OSS_ORG,OSS_ORG,,,2022,,,,,1.0,,,,,,,,,,,,,,,,
0,0,BAU,OSS_ORG,OSS_ORG,,,2023,,,,,1.0,,,,,,,,,,,,,,,,
0,0,BAU,OSS_ORG,OSS_ORG,,,2024,,,,,1.0,,,,,,,,,,,,,,,,
0,0,BAU,OSS_ORG,OSS_ORG,,,2025,,,,,1.0,,,,,,,,,,,,,,,,
0,0,BAU,OSS_ORG,OSS_ORG,,,2026,,,,,1.0,,,,,,,,,,,,,,,,
0,0,BAU,OSS_ORG,OSS_ORG,,,2027,,,,,1.0,,,,,,,,,,,,,,,,
0,0,BAU,OSS_ORG,OSS_ORG,,,2028,,,,,1.0,,,,,,,,,,,,,,,,
0,0,BAU,OSS_ORG,OSS_ORG,,,2029,,,,,1.0,,,,,,,,,,,,,,,,
0,0,BAU,OSS_ORG,OSS_ORG,,,2030,,,,,1.0,,,,,,,,,,,,,,,,
0,0,BAU,OSS_ORG,OSS_ORG,,,2031,,,,,1.0,,,,,,,,,,,,,,,,
0,0,BAU,OSS_ORG,OSS_ORG,,,2032,,,,,1.0,,,,,,,,,,,,,,,,
0,0,BAU,OSS_ORG,OSS_ORG,,,2033,,,,,1.0,,,,,,,,,,,,,,,,
0,0,BAU,OSS_ORG,OSS_ORG,,,2034,,,,,1.0,,,,,,,,,,,,,,,,
0,0,BAU,OSS_ORG,OSS_ORG,,,2035,,,,,1.0,,,,,,,,,,,,,,,,
0,0,BAU,OSS_ORG,OSS_ORG,,,2036,,,,,1.0,,,,,,,,,,,,,,,,
0,0,BAU,OSS_ORG,OSS_ORG,,,2037,,,,,1.0,,,,,,,,,,,,,,,,
0,0,BAU,OSS_ORG,OSS_ORG,,,2038,,,,,1.0,,,,,,,,,,,,,,,,
0,0,BAU,OSS_ORG,OSS_ORG,,,2039,,,,,1.0,,,,,,,,,,,,,,,,
0,0,BAU,OSS_ORG,OSS_ORG,,,2040,,,,,1.0,,,,,,,,,,,,,,,,
0,0,BAU,OSS_ORG,OSS_ORG,,,2041,,,,,1.0,,,,,,,,,,,,,,,,
0,0,BAU,OSS_ORG,OSS_ORG,,,2042,,,,,1.0,,,,,,,,,,,,,,,,
0,0,BAU,OSS_ORG,OSS_ORG,,,2043,,,,,1.0,,,,,,,,,,,,,,,,
0,0,BAU,OSS_ORG,OSS_ORG,,,2044,,,,,1.0,,,,,,,,,,,,,,,,
0,0,BAU,OSS_ORG,OSS_ORG,,,2045,,,,,1.0,,,,,,,,,,,,,,,,
0,0,BAU,OSS_ORG,OSS_ORG,,,2046,,,,,1.0,,,,,,,,,,,,,,,,
0,0,BAU,OSS_ORG,OSS_ORG,,,2047,,,,,1.0,,,,,,,,,,,,,,,,
0,0,BAU,OSS_ORG,OSS_ORG,,,2048,,,,,1.0,,,,,,,,,,,,,,,,
0,0,BAU,OSS_ORG,OSS_ORG,,,2049,,,,,1.0,,,,,,,,,,,,,,,,
0,0,BAU,OSS_ORG,OSS_ORG,,,2050,,,,,1.0,,,,,,,,,,,,,,,,
0,0,BAU,NO_OSS,NO_OSS_BLEND,,,2018,,,,,1,,,,,,,,,,,,,,,,
0,0,BAU,NO_OSS,NO_OSS_BLEND,,,2019,,,,,1.0,,,,,,,,,,,,,,,,
0,0,BAU,NO_OSS,NO_OSS_BLEND,,,2020,,,,,1.0,,,,,,,,,,,,,,,,
0,0,BAU,NO_OSS,NO_OSS_BLEND,,,2021,,,,,1.0,,,,,,,,,,,,,,,,
0,0,BAU,NO_OSS,NO_OSS_BLEND,,,2022,,,,,1.0,,,,,,,,,,,,,,,,
0,0,BAU,NO_OSS,NO_OSS_BLEND,,,2023,,,,,1.0,,,,,,,,,,,,,,,,
0,0,BAU,NO_OSS,NO_OSS_BLEND,,,2024,,,,,1.0,,,,,,,,,,,,,,,,
0,0,BAU,NO_OSS,NO_OSS_BLEND,,,2025,,,,,1.0,,,,,,,,,,,,,,,,
0,0,BAU,NO_OSS,NO_OSS_BLEND,,,2026,,,,,1.0,,,,,,,,,,,,,,,,
0,0,BAU,NO_OSS,NO_OSS_BLEND,,,2027,,,,,1.0,,,,,,,,,,,,,,,,
0,0,BAU,NO_OSS,NO_OSS_BLEND,,,2028,,,,,1.0,,,,,,,,,,,,,,,,
0,0,BAU,NO_OSS,NO_OSS_BLEND,,,2029,,,,,1.0,,,,,,,,,,,,,,,,
0,0,BAU,NO_OSS,NO_OSS_BLEND,,,2030,,,,,1.0,,,,,,,,,,,,,,,,
0,0,BAU,NO_OSS,NO_OSS_BLEND,,,2031,,,,,1.0,,,,,,,,,,,,,,,,
0,0,BAU,NO_OSS,NO_OSS_BLEND,,,2032,,,,,1.0,,,,,,,,,,,,,,,,
0,0,BAU,NO_OSS,NO_OSS_BLEND,,,2033,,,,,1.0,,,,,,,,,,,,,,,,
0,0,BAU,NO_OSS,NO_OSS_BLEND,,,2034,,,,,1.0,,,,,,,,,,,,,,,,
0,0,BAU,NO_OSS,NO_OSS_BLEND,,,2035,,,,,1.0,,,,,,,,,,,,,,,,
0,0,BAU,NO_OSS,NO_OSS_BLEND,,,2036,,,,,1.0,,,,,,,,,,,,,,,,
0,0,BAU,NO_OSS,NO_OSS_BLEND,,,2037,,,,,1.0,,,,,,,,,,,,,,,,
0,0,BAU,NO_OSS,NO_OSS_BLEND,,,2038,,,,,1.0,,,,,,,,,,,,,,,,
0,0,BAU,NO_OSS,NO_OSS_BLEND,,,2039,,,,,1.0,,,,,,,,,,,,,,,,
0,0,BAU,NO_OSS,NO_OSS_BLEND,,,2040,,,,,1.0,,,,,,,,,,,,,,,,
0,0,BAU,NO_OSS,NO_OSS_BLEND,,,2041,,,,,1.0,,,,,,,,,,,,,,,,
0,0,BAU,NO_OSS,NO_OSS_BLEND,,,2042,,,,,1.0,,,,,,,,,,,,,,,,
0,0,BAU,NO_OSS,NO_OSS_BLEND,,,2043,,,,,1.0,,,,,,,,,,,,,,,,
0,0,BAU,NO_OSS,NO_OSS_BLEND,,,2044,,,,,1.0,,,,,,,,,,,,,,,,
0,0,BAU,NO_OSS,NO_OSS_BLEND,,,2045,,,,,1.0,,,,,,,,,,,,,,,,
0,0,BAU,NO_OSS,NO_OSS_BLEND,,,2046,,,,,1.0,,,,,,,,,,,,,,,,
0,0,BAU,NO_OSS,NO_OSS_BLEND,,,2047,,,,,1.0,,,,,,,,,,,,,,,,
0,0,BAU,NO_OSS,NO_OSS_BLEND,,,2048,,,,,1.0,,,,,,,,,,,,,,,,
0,0,BAU,NO_OSS,NO_OSS_BLEND,,,2049,,,,,1.0,,,,,,,,,,,,,,,,
0,0,BAU,NO_OSS,NO_OSS_BLEND,,,2050,,,,,1.0,,,,,,,,,,,,,,,,
0,0,BAU,NO_COLL_SDF,NO_OSS_NO_COLL,,,2018,,,,,1,,,,,,,,,,,,,,,,
0,0,BAU,NO_COLL_SDF,NO_OSS_NO_COLL,,,2019,,,,,1.0,,,,,,,,,,,,,,,,
0,0,BAU,NO_COLL_SDF,NO_OSS_NO_COLL,,,2020,,,,,1.0,,,,,,,,,,,,,,,,
0,0,BAU,NO_COLL_SDF,NO_OSS_NO_COLL,,,2021,,,,,1.0,,,,,,,,,,,,,,,,
0,0,BAU,NO_COLL_SDF,NO_OSS_NO_COLL,,,2022,,,,,1.0,,,,,,,,,,,,,,,,
0,0,BAU,NO_COLL_SDF,NO_OSS_NO_COLL,,,2023,,,,,1.0,,,,,,,,,,,,,,,,
0,0,BAU,NO_COLL_SDF,NO_OSS_NO_COLL,,,2024,,,,,1.0,,,,,,,,,,,,,,,,
0,0,BAU,NO_COLL_SDF,NO_OSS_NO_COLL,,,2025,,,,,1.0,,,,,,,,,,,,,,,,
0,0,BAU,NO_COLL_SDF,NO_OSS_NO_COLL,,,2026,,,,,1.0,,,,,,,,,,,,,,,,
0,0,BAU,NO_COLL_SDF,NO_OSS_NO_COLL,,,2027,,,,,1.0,,,,,,,,,,,,,,,,
0,0,BAU,NO_COLL_SDF,NO_OSS_NO_COLL,,,2028,,,,,1.0,,,,,,,,,,,,,,,,
0,0,BAU,NO_COLL_SDF,NO_OSS_NO_COLL,,,2029,,,,,1.0,,,,,,,,,,,,,,,,
0,0,BAU,NO_COLL_SDF,NO_OSS_NO_COLL,,,2030,,,,,1.0,,,,,,,,,,,,,,,,
0,0,BAU,NO_COLL_SDF,NO_OSS_NO_COLL,,,2031,,,,,1.0,,,,,,,,,,,,,,,,
0,0,BAU,NO_COLL_SDF,NO_OSS_NO_COLL,,,2032,,,,,1.0,,,,,,,,,,,,,,,,
0,0,BAU,NO_COLL_SDF,NO_OSS_NO_COLL,,,2033,,,,,1.0,,,,,,,,,,,,,,,,
0,0,BAU,NO_COLL_SDF,NO_OSS_NO_COLL,,,2034,,,,,1.0,,,,,,,,,,,,,,,,
0,0,BAU,NO_COLL_SDF,NO_OSS_NO_COLL,,,2035,,,,,1.0,,,,,,,,,,,,,,,,
0,0,BAU,NO_COLL_SDF,NO_OSS_NO_COLL,,,2036,,,,,1.0,,,,,,,,,,,,,,,,
0,0,BAU,NO_COLL_SDF,NO_OSS_NO_COLL,,,2037,,,,,1.0,,,,,,,,,,,,,,,,
0,0,BAU,NO_COLL_SDF,NO_OSS_NO_COLL,,,2038,,,,,1.0,,,,,,,,,,,,,,,,
0,0,BAU,NO_COLL_SDF,NO_OSS_NO_COLL,,,2039,,,,,1.0,,,,,,,,,,,,,,,,
0,0,BAU,NO_COLL_SDF,NO_OSS_NO_COLL,,,2040,,,,,1.0,,,,,,,,,,,,,,,,
0,0,BAU,NO_COLL_SDF,NO_OSS_NO_COLL,,,2041,,,,,1.0,,,,,,,,,,,,,,,,
0,0,BAU,NO_COLL_SDF,NO_OSS_NO_COLL,,,2042,,,,,1.0,,,,,,,,,,,,,,,,
0,0,BAU,NO_COLL_SDF,NO_OSS_NO_COLL,,,2043,,,,,1.0,,,,,,,,,,,,,,,,
0,0,BAU,NO_COLL_SDF,NO_OSS_NO_COLL,,,2044,,,,,1.0,,,,,,,,,,,,,,,,
0,0,BAU,NO_COLL_SDF,NO_OSS_NO_COLL,,,2045,,,,,1.0,,,,,,,,,,,,,,,,
0,0,BAU,NO_COLL_SDF,NO_OSS_NO_COLL,,,2046,,,,,1.0,,,,,,,,,,,,,,,,
0,0,BAU,NO_COLL_SDF,NO_OSS_NO_COLL,,,2047,,,,,1.0,,,,,,,,,,,,,,,,
0,0,BAU,NO_COLL_SDF,NO_OSS_NO_COLL,,,2048,,,,,1.0,,,,,,,,,,,,,,,,
0,0,BAU,NO_COLL_SDF,NO_OSS_NO_COLL,,,2049,,,,,1.0,,,,,,,,,,,,,,,,
0,0,BAU,NO_COLL_SDF,NO_OSS_NO_COLL,,,2050,,,,,1.0,,,,,,,,,,,,,,,,
0,0,BAU,COLL_INORG,INORG_DCOLL,,,2018,,,,,1,,,,,,,,,,,,,,,,
0,0,BAU,COLL_INORG,INORG_DCOLL,,,2019,,,,,1.0,,,,,,,,,,,,,,,,
0,0,BAU,COLL_INORG,INORG_DCOLL,,,2020,,,,,1.0,,,,,,,,,,,,,,,,
0,0,BAU,COLL_INORG,INORG_DCOLL,,,2021,,,,,1.0,,,,,,,,,,,,,,,,
0,0,BAU,COLL_INORG,INORG_DCOLL,,,2022,,,,,1.0,,,,,,,,,,,,,,,,
0,0,BAU,COLL_INORG,INORG_DCOLL,,,2023,,,,,1.0,,,,,,,,,,,,,,,,
0,0,BAU,COLL_INORG,INORG_DCOLL,,,2024,,,,,1.0,,,,,,,,,,,,,,,,
0,0,BAU,COLL_INORG,INORG_DCOLL,,,2025,,,,,1.0,,,,,,,,,,,,,,,,
0,0,BAU,COLL_INORG,INORG_DCOLL,,,2026,,,,,1.0,,,,,,,,,,,,,,,,
0,0,BAU,COLL_INORG,INORG_DCOLL,,,2027,,,,,1.0,,,,,,,,,,,,,,,,
0,0,BAU,COLL_INORG,INORG_DCOLL,,,2028,,,,,1.0,,,,,,,,,,,,,,,,
0,0,BAU,COLL_INORG,INORG_DCOLL,,,2029,,,,,1.0,,,,,,,,,,,,,,,,
0,0,BAU,COLL_INORG,INORG_DCOLL,,,2030,,,,,1.0,,,,,,,,,,,,,,,,
0,0,BAU,COLL_INORG,INORG_DCOLL,,,2031,,,,,1.0,,,,,,,,,,,,,,,,
0,0,BAU,COLL_INORG,INORG_DCOLL,,,2032,,,,,1.0,,,,,,,,,,,,,,,,
0,0,BAU,COLL_INORG,INORG_DCOLL,,,2033,,,,,1.0,,,,,,,,,,,,,,,,
0,0,BAU,COLL_INORG,INORG_DCOLL,,,2034,,,,,1.0,,,,,,,,,,,,,,,,
0,0,BAU,COLL_INORG,INORG_DCOLL,,,2035,,,,,1.0,,,,,,,,,,,,,,,,
0,0,BAU,COLL_INORG,INORG_DCOLL,,,2036,,,,,1.0,,,,,,,,,,,,,,,,
0,0,BAU,COLL_INORG,INORG_DCOLL,,,2037,,,,,1.0,,,,,,,,,,,,,,,,
0,0,BAU,COLL_INORG,INORG_DCOLL,,,2038,,,,,1.0,,,,,,,,,,,,,,,,
0,0,BAU,COLL_INORG,INORG_DCOLL,,,2039,,,,,1.0,,,,,,,,,,,,,,,,
0,0,BAU,COLL_INORG,INORG_DCOLL,,,2040,,,,,1.0,,,,,,,,,,,,,,,,
0,0,BAU,COLL_INORG,INORG_DCOLL,,,2041,,,,,1.0,,,,,,,,,,,,,,,,
0,0,BAU,COLL_INORG,INORG_DCOLL,,,2042,,,,,1.0,,,,,,,,,,,,,,,,
0,0,BAU,COLL_INORG,INORG_DCOLL,,,2043,,,,,1.0,,,,,,,,,,,,,,,,
0,0,BAU,COLL_INORG,INORG_DCOLL,,,2044,,,,,1.0,,,,,,,,,,,,,,,,
0,0,BAU,COLL_INORG,INORG_DCOLL,,,2045,,,,,1.0,,,,,,,,,,,,,,,,
0,0,BAU,COLL_INORG,INORG_DCOLL,,,2046,,,,,1.0,,,,,,,,,,,,,,,,
0,0,BAU,COLL_INORG,INORG_DCOLL,,,2047,,,,,1.0,,,,,,,,,,,,,,,,
0,0,BAU,COLL_INORG,INORG_DCOLL,,,2048,,,,,1.0,,,,,,,,,,,,,,,,
0,0,BAU,COLL_INORG,INORG_DCOLL,,,2049,,,,,1.0,,,,,,,,,,,,,,,,
0,0,BAU,COLL_INORG,INORG_DCOLL,,,2050,,,,,1.0,,,,,,,,,,,,,,,,
0,0,BAU,COLL_ORG,ORG_DCOLL,,,2018,,,,,1,,,,,,,,,,,,,,,,
0,0,BAU,COLL_ORG,ORG_DCOLL,,,2019,,,,,1.0,,,,,,,,,,,,,,,,
0,0,BAU,COLL_ORG,ORG_DCOLL,,,2020,,,,,1.0,,,,,,,,,,,,,,,,
0,0,BAU,COLL_ORG,ORG_DCOLL,,,2021,,,,,1.0,,,,,,,,,,,,,,,,
0,0,BAU,COLL_ORG,ORG_DCOLL,,,2022,,,,,1.0,,,,,,,,,,,,,,,,
0,0,BAU,COLL_ORG,ORG_DCOLL,,,2023,,,,,1.0,,,,,,,,,,,,,,,,
0,0,BAU,COLL_ORG,ORG_DCOLL,,,2024,,,,,1.0,,,,,,,,,,,,,,,,
0,0,BAU,COLL_ORG,ORG_DCOLL,,,2025,,,,,1.0,,,,,,,,,,,,,,,,
0,0,BAU,COLL_ORG,ORG_DCOLL,,,2026,,,,,1.0,,,,,,,,,,,,,,,,
0,0,BAU,COLL_ORG,ORG_DCOLL,,,2027,,,,,1.0,,,,,,,,,,,,,,,,
0,0,BAU,COLL_ORG,ORG_DCOLL,,,2028,,,,,1.0,,,,,,,,,,,,,,,,
0,0,BAU,COLL_ORG,ORG_DCOLL,,,2029,,,,,1.0,,,,,,,,,,,,,,,,
0,0,BAU,COLL_ORG,ORG_DCOLL,,,2030,,,,,1.0,,,,,,,,,,,,,,,,
0,0,BAU,COLL_ORG,ORG_DCOLL,,,2031,,,,,1.0,,,,,,,,,,,,,,,,
0,0,BAU,COLL_ORG,ORG_DCOLL,,,2032,,,,,1.0,,,,,,,,,,,,,,,,
0,0,BAU,COLL_ORG,ORG_DCOLL,,,2033,,,,,1.0,,,,,,,,,,,,,,,,
0,0,BAU,COLL_ORG,ORG_DCOLL,,,2034,,,,,1.0,,,,,,,,,,,,,,,,
0,0,BAU,COLL_ORG,ORG_DCOLL,,,2035,,,,,1.0,,,,,,,,,,,,,,,,
0,0,BAU,COLL_ORG,ORG_DCOLL,,,2036,,,,,1.0,,,,,,,,,,,,,,,,
0,0,BAU,COLL_ORG,ORG_DCOLL,,,2037,,,,,1.0,,,,,,,,,,,,,,,,
0,0,BAU,COLL_ORG,ORG_DCOLL,,,2038,,,,,1.0,,,,,,,,,,,,,,,,
0,0,BAU,COLL_ORG,ORG_DCOLL,,,2039,,,,,1.0,,,,,,,,,,,,,,,,
0,0,BAU,COLL_ORG,ORG_DCOLL,,,2040,,,,,1.0,,,,,,,,,,,,,,,,
0,0,BAU,COLL_ORG,ORG_DCOLL,,,2041,,,,,1.0,,,,,,,,,,,,,,,,
0,0,BAU,COLL_ORG,ORG_DCOLL,,,2042,,,,,1.0,,,,,,,,,,,,,,,,
0,0,BAU,COLL_ORG,ORG_DCOLL,,,2043,,,,,1.0,,,,,,,,,,,,,,,,
0,0,BAU,COLL_ORG,ORG_DCOLL,,,2044,,,,,1.0,,,,,,,,,,,,,,,,
0,0,BAU,COLL_ORG,ORG_DCOLL,,,2045,,,,,1.0,,,,,,,,,,,,,,,,
0,0,BAU,COLL_ORG,ORG_DCOLL,,,2046,,,,,1.0,,,,,,,,,,,,,,,,
0,0,BAU,COLL_ORG,ORG_DCOLL,,,2047,,,,,1.0,,,,,,,,,,,,,,,,
0,0,BAU,COLL_ORG,ORG_DCOLL,,,2048,,,,,1.0,,,,,,,,,,,,,,,,
0,0,BAU,COLL_ORG,ORG_DCOLL,,,2049,,,,,1.0,,,,,,,,,,,,,,,,
0,0,BAU,COLL_ORG,ORG_DCOLL,,,2050,,,,,1.0,,,,,,,,,,,,,,,,
0,0,BAU,COLL_BLEND,BLEND_NO_DCOLL,,,2018,,,,,1,,,,,,,,,,,,,,,,
0,0,BAU,COLL_BLEND,BLEND_NO_DCOLL,,,2019,,,,,1.0,,,,,,,,,,,,,,,,
0,0,BAU,COLL_BLEND,BLEND_NO_DCOLL,,,2020,,,,,1.0,,,,,,,,,,,,,,,,
0,0,BAU,COLL_BLEND,BLEND_NO_DCOLL,,,2021,,,,,1.0,,,,,,,,,,,,,,,,
0,0,BAU,COLL_BLEND,BLEND_NO_DCOLL,,,2022,,,,,1.0,,,,,,,,,,,,,,,,
0,0,BAU,COLL_BLEND,BLEND_NO_DCOLL,,,2023,,,,,1.0,,,,,,,,,,,,,,,,
0,0,BAU,COLL_BLEND,BLEND_NO_DCOLL,,,2024,,,,,1.0,,,,,,,,,,,,,,,,
0,0,BAU,COLL_BLEND,BLEND_NO_DCOLL,,,2025,,,,,1.0,,,,,,,,,,,,,,,,
0,0,BAU,COLL_BLEND,BLEND_NO_DCOLL,,,2026,,,,,1.0,,,,,,,,,,,,,,,,
0,0,BAU,COLL_BLEND,BLEND_NO_DCOLL,,,2027,,,,,1.0,,,,,,,,,,,,,,,,
0,0,BAU,COLL_BLEND,BLEND_NO_DCOLL,,,2028,,,,,1.0,,,,,,,,,,,,,,,,
0,0,BAU,COLL_BLEND,BLEND_NO_DCOLL,,,2029,,,,,1.0,,,,,,,,,,,,,,,,
0,0,BAU,COLL_BLEND,BLEND_NO_DCOLL,,,2030,,,,,1.0,,,,,,,,,,,,,,,,
0,0,BAU,COLL_BLEND,BLEND_NO_DCOLL,,,2031,,,,,1.0,,,,,,,,,,,,,,,,
0,0,BAU,COLL_BLEND,BLEND_NO_DCOLL,,,2032,,,,,1.0,,,,,,,,,,,,,,,,
0,0,BAU,COLL_BLEND,BLEND_NO_DCOLL,,,2033,,,,,1.0,,,,,,,,,,,,,,,,
0,0,BAU,COLL_BLEND,BLEND_NO_DCOLL,,,2034,,,,,1.0,,,,,,,,,,,,,,,,
0,0,BAU,COLL_BLEND,BLEND_NO_DCOLL,,,2035,,,,,1.0,,,,,,,,,,,,,,,,
0,0,BAU,COLL_BLEND,BLEND_NO_DCOLL,,,2036,,,,,1.0,,,,,,,,,,,,,,,,
0,0,BAU,COLL_BLEND,BLEND_NO_DCOLL,,,2037,,,,,1.0,,,,,,,,,,,,,,,,
0,0,BAU,COLL_BLEND,BLEND_NO_DCOLL,,,2038,,,,,1.0,,,,,,,,,,,,,,,,
0,0,BAU,COLL_BLEND,BLEND_NO_DCOLL,,,2039,,,,,1.0,,,,,,,,,,,,,,,,
0,0,BAU,COLL_BLEND,BLEND_NO_DCOLL,,,2040,,,,,1.0,,,,,,,,,,,,,,,,
0,0,BAU,COLL_BLEND,BLEND_NO_DCOLL,,,2041,,,,,1.0,,,,,,,,,,,,,,,,
0,0,BAU,COLL_BLEND,BLEND_NO_DCOLL,,,2042,,,,,1.0,,,,,,,,,,,,,,,,
0,0,BAU,COLL_BLEND,BLEND_NO_DCOLL,,,2043,,,,,1.0,,,,,,,,,,,,,,,,
0,0,BAU,COLL_BLEND,BLEND_NO_DCOLL,,,2044,,,,,1.0,,,,,,,,,,,,,,,,
0,0,BAU,COLL_BLEND,BLEND_NO_DCOLL,,,2045,,,,,1.0,,,,,,,,,,,,,,,,
0,0,BAU,COLL_BLEND,BLEND_NO_DCOLL,,,2046,,,,,1.0,,,,,,,,,,,,,,,,
0,0,BAU,COLL_BLEND,BLEND_NO_DCOLL,,,2047,,,,,1.0,,,,,,,,,,,,,,,,
0,0,BAU,COLL_BLEND,BLEND_NO_DCOLL,,,2048,,,,,1.0,,,,,,,,,,,,,,,,
0,0,BAU,COLL_BLEND,BLEND_NO_DCOLL,,,2049,,,,,1.0,,,,,,,,,,,,,,,,
0,0,BAU,COLL_BLEND,BLEND_NO_DCOLL,,,2050,,,,,1.0,,,,,,,,,,,,,,,,
0,0,BAU,NO_COLL,BLEND_NO_COLL,,,2018,,,,,1,,,,,,,,,,,,,,,,
0,0,BAU,NO_COLL,BLEND_NO_COLL,,,2019,,,,,1.0,,,,,,,,,,,,,,,,
0,0,BAU,NO_COLL,BLEND_NO_COLL,,,2020,,,,,1.0,,,,,,,,,,,,,,,,
0,0,BAU,NO_COLL,BLEND_NO_COLL,,,2021,,,,,1.0,,,,,,,,,,,,,,,,
0,0,BAU,NO_COLL,BLEND_NO_COLL,,,2022,,,,,1.0,,,,,,,,,,,,,,,,
0,0,BAU,NO_COLL,BLEND_NO_COLL,,,2023,,,,,1.0,,,,,,,,,,,,,,,,
0,0,BAU,NO_COLL,BLEND_NO_COLL,,,2024,,,,,1.0,,,,,,,,,,,,,,,,
0,0,BAU,NO_COLL,BLEND_NO_COLL,,,2025,,,,,1.0,,,,,,,,,,,,,,,,
0,0,BAU,NO_COLL,BLEND_NO_COLL,,,2026,,,,,1.0,,,,,,,,,,,,,,,,
0,0,BAU,NO_COLL,BLEND_NO_COLL,,,2027,,,,,1.0,,,,,,,,,,,,,,,,
0,0,BAU,NO_COLL,BLEND_NO_COLL,,,2028,,,,,1.0,,,,,,,,,,,,,,,,
0,0,BAU,NO_COLL,BLEND_NO_COLL,,,2029,,,,,1.0,,,,,,,,,,,,,,,,
0,0,BAU,NO_COLL,BLEND_NO_COLL,,,2030,,,,,1.0,,,,,,,,,,,,,,,,
0,0,BAU,NO_COLL,BLEND_NO_COLL,,,2031,,,,,1.0,,,,,,,,,,,,,,,,
0,0,BAU,NO_COLL,BLEND_NO_COLL,,,2032,,,,,1.0,,,,,,,,,,,,,,,,
0,0,BAU,NO_COLL,BLEND_NO_COLL,,,2033,,,,,1.0,,,,,,,,,,,,,,,,
0,0,BAU,NO_COLL,BLEND_NO_COLL,,,2034,,,,,1.0,,,,,,,,,,,,,,,,
0,0,BAU,NO_COLL,BLEND_NO_COLL,,,2035,,,,,1.0,,,,,,,,,,,,,,,,
0,0,BAU,NO_COLL,BLEND_NO_COLL,,,2036,,,,,1.0,,,,,,,,,,,,,,,,
0,0,BAU,NO_COLL,BLEND_NO_COLL,,,2037,,,,,1.0,,,,,,,,,,,,,,,,
0,0,BAU,NO_COLL,BLEND_NO_COLL,,,2038,,,,,1.0,,,,,,,,,,,,,,,,
0,0,BAU,NO_COLL,BLEND_NO_COLL,,,2039,,,,,1.0,,,,,,,,,,,,,,,,
0,0,BAU,NO_COLL,BLEND_NO_COLL,,,2040,,,,,1.0,,,,,,,,,,,,,,,,
0,0,BAU,NO_COLL,BLEND_NO_COLL,,,2041,,,,,1.0,,,,,,,,,,,,,,,,
0,0,BAU,NO_COLL,BLEND_NO_COLL,,,2042,,,,,1.0,,,,,,,,,,,,,,,,
0,0,BAU,NO_COLL,BLEND_NO_COLL,,,2043,,,,,1.0,,,,,,,,,,,,,,,,
0,0,BAU,NO_COLL,BLEND_NO_COLL,,,2044,,,,,1.0,,,,,,,,,,,,,,,,
0,0,BAU,NO_COLL,BLEND_NO_COLL,,,2045,,,,,1.0,,,,,,,,,,,,,,,,
0,0,BAU,NO_COLL,BLEND_NO_COLL,,,2046,,,,,1.0,,,,,,,,,,,,,,,,
0,0,BAU,NO_COLL,BLEND_NO_COLL,,,2047,,,,,1.0,,,,,,,,,,,,,,,,
0,0,BAU,NO_COLL,BLEND_NO_COLL,,,2048,,,,,1.0,,,,,,,,,,,,,,,,
0,0,BAU,NO_COLL,BLEND_NO_COLL,,,2049,,,,,1.0,,,,,,,,,,,,,,,,
0,0,BAU,NO_COLL,BLEND_NO_COLL,,,2050,,,,,1.0,,,,,,,,,,,,,,,,
0,0,BAU,INORGSS,INORG_SS,,,2018,,,,,1,,,,,,,,,,,,,,,,
0,0,BAU,INORGSS,INORG_SS,,,2019,,,,,1.0,,,,,,,,,,,,,,,,
0,0,BAU,INORGSS,INORG_SS,,,2020,,,,,1.0,,,,,,,,,,,,,,,,
0,0,BAU,INORGSS,INORG_SS,,,2021,,,,,1.0,,,,,,,,,,,,,,,,
0,0,BAU,INORGSS,INORG_SS,,,2022,,,,,1.0,,,,,,,,,,,,,,,,
0,0,BAU,INORGSS,INORG_SS,,,2023,,,,,1.0,,,,,,,,,,,,,,,,
0,0,BAU,INORGSS,INORG_SS,,,2024,,,,,1.0,,,,,,,,,,,,,,,,
0,0,BAU,INORGSS,INORG_SS,,,2025,,,,,1.0,,,,,,,,,,,,,,,,
0,0,BAU,INORGSS,INORG_SS,,,2026,,,,,1.0,,,,,,,,,,,,,,,,
0,0,BAU,INORGSS,INORG_SS,,,2027,,,,,1.0,,,,,,,,,,,,,,,,
0,0,BAU,INORGSS,INORG_SS,,,2028,,,,,1.0,,,,,,,,,,,,,,,,
0,0,BAU,INORGSS,INORG_SS,,,2029,,,,,1.0,,,,,,,,,,,,,,,,
0,0,BAU,INORGSS,INORG_SS,,,2030,,,,,1.0,,,,,,,,,,,,,,,,
0,0,BAU,INORGSS,INORG_SS,,,2031,,,,,1.0,,,,,,,,,,,,,,,,
0,0,BAU,INORGSS,INORG_SS,,,2032,,,,,1.0,,,,,,,,,,,,,,,,
0,0,BAU,INORGSS,INORG_SS,,,2033,,,,,1.0,,,,,,,,,,,,,,,,
0,0,BAU,INORGSS,INORG_SS,,,2034,,,,,1.0,,,,,,,,,,,,,,,,
0,0,BAU,INORGSS,INORG_SS,,,2035,,,,,1.0,,,,,,,,,,,,,,,,
0,0,BAU,INORGSS,INORG_SS,,,2036,,,,,1.0,,,,,,,,,,,,,,,,
0,0,BAU,INORGSS,INORG_SS,,,2037,,,,,1.0,,,,,,,,,,,,,,,,
0,0,BAU,INORGSS,INORG_SS,,,2038,,,,,1.0,,,,,,,,,,,,,,,,
0,0,BAU,INORGSS,INORG_SS,,,2039,,,,,1.0,,,,,,,,,,,,,,,,
0,0,BAU,INORGSS,INORG_SS,,,2040,,,,,1.0,,,,,,,,,,,,,,,,
0,0,BAU,INORGSS,INORG_SS,,,2041,,,,,1.0,,,,,,,,,,,,,,,,
0,0,BAU,INORGSS,INORG_SS,,,2042,,,,,1.0,,,,,,,,,,,,,,,,
0,0,BAU,INORGSS,INORG_SS,,,2043,,,,,1.0,,,,,,,,,,,,,,,,
0,0,BAU,INORGSS,INORG_SS,,,2044,,,,,1.0,,,,,,,,,,,,,,,,
0,0,BAU,INORGSS,INORG_SS,,,2045,,,,,1.0,,,,,,,,,,,,,,,,
0,0,BAU,INORGSS,INORG_SS,,,2046,,,,,1.0,,,,,,,,,,,,,,,,
0,0,BAU,INORGSS,INORG_SS,,,2047,,,,,1.0,,,,,,,,,,,,,,,,
0,0,BAU,INORGSS,INORG_SS,,,2048,,,,,1.0,,,,,,,,,,,,,,,,
0,0,BAU,INORGSS,INORG_SS,,,2049,,,,,1.0,,,,,,,,,,,,,,,,
0,0,BAU,INORGSS,INORG_SS,,,2050,,,,,1.0,,,,,,,,,,,,,,,,
0,0,BAU,ORGSS,ORG_SS,,,2018,,,,,1,,,,,,,,,,,,,,,,
0,0,BAU,ORGSS,ORG_SS,,,2019,,,,,1.0,,,,,,,,,,,,,,,,
0,0,BAU,ORGSS,ORG_SS,,,2020,,,,,1.0,,,,,,,,,,,,,,,,
0,0,BAU,ORGSS,ORG_SS,,,2021,,,,,1.0,,,,,,,,,,,,,,,,
0,0,BAU,ORGSS,ORG_SS,,,2022,,,,,1.0,,,,,,,,,,,,,,,,
0,0,BAU,ORGSS,ORG_SS,,,2023,,,,,1.0,,,,,,,,,,,,,,,,
0,0,BAU,ORGSS,ORG_SS,,,2024,,,,,1.0,,,,,,,,,,,,,,,,
0,0,BAU,ORGSS,ORG_SS,,,2025,,,,,1.0,,,,,,,,,,,,,,,,
0,0,BAU,ORGSS,ORG_SS,,,2026,,,,,1.0,,,,,,,,,,,,,,,,
0,0,BAU,ORGSS,ORG_SS,,,2027,,,,,1.0,,,,,,,,,,,,,,,,
0,0,BAU,ORGSS,ORG_SS,,,2028,,,,,1.0,,,,,,,,,,,,,,,,
0,0,BAU,ORGSS,ORG_SS,,,2029,,,,,1.0,,,,,,,,,,,,,,,,
0,0,BAU,ORGSS,ORG_SS,,,2030,,,,,1.0,,,,,,,,,,,,,,,,
0,0,BAU,ORGSS,ORG_SS,,,2031,,,,,1.0,,,,,,,,,,,,,,,,
0,0,BAU,ORGSS,ORG_SS,,,2032,,,,,1.0,,,,,,,,,,,,,,,,
0,0,BAU,ORGSS,ORG_SS,,,2033,,,,,1.0,,,,,,,,,,,,,,,,
0,0,BAU,ORGSS,ORG_SS,,,2034,,,,,1.0,,,,,,,,,,,,,,,,
0,0,BAU,ORGSS,ORG_SS,,,2035,,,,,1.0,,,,,,,,,,,,,,,,
0,0,BAU,ORGSS,ORG_SS,,,2036,,,,,1.0,,,,,,,,,,,,,,,,
0,0,BAU,ORGSS,ORG_SS,,,2037,,,,,1.0,,,,,,,,,,,,,,,,
0,0,BAU,ORGSS,ORG_SS,,,2038,,,,,1.0,,,,,,,,,,,,,,,,
0,0,BAU,ORGSS,ORG_SS,,,2039,,,,,1.0,,,,,,,,,,,,,,,,
0,0,BAU,ORGSS,ORG_SS,,,2040,,,,,1.0,,,,,,,,,,,,,,,,
0,0,BAU,ORGSS,ORG_SS,,,2041,,,,,1.0,,,,,,,,,,,,,,,,
0,0,BAU,ORGSS,ORG_SS,,,2042,,,,,1.0,,,,,,,,,,,,,,,,
0,0,BAU,ORGSS,ORG_SS,,,2043,,,,,1.0,,,,,,,,,,,,,,,,
0,0,BAU,ORGSS,ORG_SS,,,2044,,,,,1.0,,,,,,,,,,,,,,,,
0,0,BAU,ORGSS,ORG_SS,,,2045,,,,,1.0,,,,,,,,,,,,,,,,
0,0,BAU,ORGSS,ORG_SS,,,2046,,,,,1.0,,,,,,,,,,,,,,,,
0,0,BAU,ORGSS,ORG_SS,,,2047,,,,,1.0,,,,,,,,,,,,,,,,
0,0,BAU,ORGSS,ORG_SS,,,2048,,,,,1.0,,,,,,,,,,,,,,,,
0,0,BAU,ORGSS,ORG_SS,,,2049,,,,,1.0,,,,,,,,,,,,,,,,
0,0,BAU,ORGSS,ORG_SS,,,2050,,,,,1.0,,,,,,,,,,,,,,,,
0,0,BAU,NOSS,NO_SS,,,2018,,,,,1,,,,,,,,,,,,,,,,
0,0,BAU,NOSS,NO_SS,,,2019,,,,,1.0,,,,,,,,,,,,,,,,
0,0,BAU,NOSS,NO_SS,,,2020,,,,,1.0,,,,,,,,,,,,,,,,
0,0,BAU,NOSS,NO_SS,,,2021,,,,,1.0,,,,,,,,,,,,,,,,
0,0,BAU,NOSS,NO_SS,,,2022,,,,,1.0,,,,,,,,,,,,,,,,
0,0,BAU,NOSS,NO_SS,,,2023,,,,,1.0,,,,,,,,,,,,,,,,
0,0,BAU,NOSS,NO_SS,,,2024,,,,,1.0,,,,,,,,,,,,,,,,
0,0,BAU,NOSS,NO_SS,,,2025,,,,,1.0,,,,,,,,,,,,,,,,
0,0,BAU,NOSS,NO_SS,,,2026,,,,,1.0,,,,,,,,,,,,,,,,
0,0,BAU,NOSS,NO_SS,,,2027,,,,,1.0,,,,,,,,,,,,,,,,
0,0,BAU,NOSS,NO_SS,,,2028,,,,,1.0,,,,,,,,,,,,,,,,
0,0,BAU,NOSS,NO_SS,,,2029,,,,,1.0,,,,,,,,,,,,,,,,
0,0,BAU,NOSS,NO_SS,,,2030,,,,,1.0,,,,,,,,,,,,,,,,
0,0,BAU,NOSS,NO_SS,,,2031,,,,,1.0,,,,,,,,,,,,,,,,
0,0,BAU,NOSS,NO_SS,,,2032,,,,,1.0,,,,,,,,,,,,,,,,
0,0,BAU,NOSS,NO_SS,,,2033,,,,,1.0,,,,,,,,,,,,,,,,
0,0,BAU,NOSS,NO_SS,,,2034,,,,,1.0,,,,,,,,,,,,,,,,
0,0,BAU,NOSS,NO_SS,,,2035,,,,,1.0,,,,,,,,,,,,,,,,
0,0,BAU,NOSS,NO_SS,,,2036,,,,,1.0,,,,,,,,,,,,,,,,
0,0,BAU,NOSS,NO_SS,,,2037,,,,,1.0,,,,,,,,,,,,,,,,
0,0,BAU,NOSS,NO_SS,,,2038,,,,,1.0,,,,,,,,,,,,,,,,
0,0,BAU,NOSS,NO_SS,,,2039,,,,,1.0,,,,,,,,,,,,,,,,
0,0,BAU,NOSS,NO_SS,,,2040,,,,,1.0,,,,,,,,,,,,,,,,
0,0,BAU,NOSS,NO_SS,,,2041,,,,,1.0,,,,,,,,,,,,,,,,
0,0,BAU,NOSS,NO_SS,,,2042,,,,,1.0,,,,,,,,,,,,,,,,
0,0,BAU,NOSS,NO_SS,,,2043,,,,,1.0,,,,,,,,,,,,,,,,
0,0,BAU,NOSS,NO_SS,,,2044,,,,,1.0,,,,,,,,,,,,,,,,
0,0,BAU,NOSS,NO_SS,,,2045,,,,,1.0,,,,,,,,,,,,,,,,
0,0,BAU,NOSS,NO_SS,,,2046,,,,,1.0,,,,,,,,,,,,,,,,
0,0,BAU,NOSS,NO_SS,,,2047,,,,,1.0,,,,,,,,,,,,,,,,
0,0,BAU,NOSS,NO_SS,,,2048,,,,,1.0,,,,,,,,,,,,,,,,
0,0,BAU,NOSS,NO_SS,,,2049,,,,,1.0,,,,,,,,,,,,,,,,
0,0,BAU,NOSS,NO_SS,,,2050,,,,,1.0,,,,,,,,,,,,,,,,
0,0,BAU,TSW,T5TSWTSW,,,2018,,,,,1,,,,,,,,,,,,,,,,
0,0,BAU,TSW,T5TSWTSW,,,2019,,,,,1.0,,,,,,,,,,,,,,,,
0,0,BAU,TSW,T5TSWTSW,,,2020,,,,,1.0,,,,,,,,,,,,,,,,
0,0,BAU,TSW,T5TSWTSW,,,2021,,,,,1.0,,,,,,,,,,,,,,,,
0,0,BAU,TSW,T5TSWTSW,,,2022,,,,,1.0,,,,,,,,,,,,,,,,
0,0,BAU,TSW,T5TSWTSW,,,2023,,,,,1.0,,,,,,,,,,,,,,,,
0,0,BAU,TSW,T5TSWTSW,,,2024,,,,,1.0,,,,,,,,,,,,,,,,
0,0,BAU,TSW,T5TSWTSW,,,2025,,,,,1.0,,,,,,,,,,,,,,,,
0,0,BAU,TSW,T5TSWTSW,,,2026,,,,,1.0,,,,,,,,,,,,,,,,
0,0,BAU,TSW,T5TSWTSW,,,2027,,,,,1.0,,,,,,,,,,,,,,,,
0,0,BAU,TSW,T5TSWTSW,,,2028,,,,,1.0,,,,,,,,,,,,,,,,
0,0,BAU,TSW,T5TSWTSW,,,2029,,,,,1.0,,,,,,,,,,,,,,,,
0,0,BAU,TSW,T5TSWTSW,,,2030,,,,,1.0,,,,,,,,,,,,,,,,
0,0,BAU,TSW,T5TSWTSW,,,2031,,,,,1.0,,,,,,,,,,,,,,,,
0,0,BAU,TSW,T5TSWTSW,,,2032,,,,,1.0,,,,,,,,,,,,,,,,
0,0,BAU,TSW,T5TSWTSW,,,2033,,,,,1.0,,,,,,,,,,,,,,,,
0,0,BAU,TSW,T5TSWTSW,,,2034,,,,,1.0,,,,,,,,,,,,,,,,
0,0,BAU,TSW,T5TSWTSW,,,2035,,,,,1.0,,,,,,,,,,,,,,,,
0,0,BAU,TSW,T5TSWTSW,,,2036,,,,,1.0,,,,,,,,,,,,,,,,
0,0,BAU,TSW,T5TSWTSW,,,2037,,,,,1.0,,,,,,,,,,,,,,,,
0,0,BAU,TSW,T5TSWTSW,,,2038,,,,,1.0,,,,,,,,,,,,,,,,
0,0,BAU,TSW,T5TSWTSW,,,2039,,,,,1.0,,,,,,,,,,,,,,,,
0,0,BAU,TSW,T5TSWTSW,,,2040,,,,,1.0,,,,,,,,,,,,,,,,
0,0,BAU,TSW,T5TSWTSW,,,2041,,,,,1.0,,,,,,,,,,,,,,,,
0,0,BAU,TSW,T5TSWTSW,,,2042,,,,,1.0,,,,,,,,,,,,,,,,
0,0,BAU,TSW,T5TSWTSW,,,2043,,,,,1.0,,,,,,,,,,,,,,,,
0,0,BAU,TSW,T5TSWTSW,,,2044,,,,,1.0,,,,,,,,,,,,,,,,
0,0,BAU,TSW,T5TSWTSW,,,2045,,,,,1.0,,,,,,,,,,,,,,,,
0,0,BAU,TSW,T5TSWTSW,,,2046,,,,,1.0,,,,,,,,,,,,,,,,
0,0,BAU,TSW,T5TSWTSW,,,2047,,,,,1.0,,,,,,,,,,,,,,,,
0,0,BAU,TSW,T5TSWTSW,,,2048,,,,,1.0,,,,,,,,,,,,,,,,
0,0,BAU,TSW,T5TSWTSW,,,2049,,,,,1.0,,,,,,,,,,,,,,,,
0,0,BAU,TSW,T5TSWTSW,,,2050,,,,,1.0,,,,,,,,,,,,,,,,
0,0,BAU,LANDFILL_ELEC,T5LANDFILL_ELECTSW,,,2018,,,,,1,,,,,,,,,,,,,,,,
0,0,BAU,LANDFILL_ELEC,T5LANDFILL_ELECTSW,,,2019,,,,,1.0,,,,,,,,,,,,,,,,
0,0,BAU,LANDFILL_ELEC,T5LANDFILL_ELECTSW,,,2020,,,,,1.0,,,,,,,,,,,,,,,,
0,0,BAU,LANDFILL_ELEC,T5LANDFILL_ELECTSW,,,2021,,,,,1.0,,,,,,,,,,,,,,,,
0,0,BAU,LANDFILL_ELEC,T5LANDFILL_ELECTSW,,,2022,,,,,1.0,,,,,,,,,,,,,,,,
0,0,BAU,LANDFILL_ELEC,T5LANDFILL_ELECTSW,,,2023,,,,,1.0,,,,,,,,,,,,,,,,
0,0,BAU,LANDFILL_ELEC,T5LANDFILL_ELECTSW,,,2024,,,,,1.0,,,,,,,,,,,,,,,,
0,0,BAU,LANDFILL_ELEC,T5LANDFILL_ELECTSW,,,2025,,,,,1.0,,,,,,,,,,,,,,,,
0,0,BAU,LANDFILL_ELEC,T5LANDFILL_ELECTSW,,,2026,,,,,1.0,,,,,,,,,,,,,,,,
0,0,BAU,LANDFILL_ELEC,T5LANDFILL_ELECTSW,,,2027,,,,,1.0,,,,,,,,,,,,,,,,
0,0,BAU,LANDFILL_ELEC,T5LANDFILL_ELECTSW,,,2028,,,,,1.0,,,,,,,,,,,,,,,,
0,0,BAU,LANDFILL_ELEC,T5LANDFILL_ELECTSW,,,2029,,,,,1.0,,,,,,,,,,,,,,,,
0,0,BAU,LANDFILL_ELEC,T5LANDFILL_ELECTSW,,,2030,,,,,1.0,,,,,,,,,,,,,,,,
0,0,BAU,LANDFILL_ELEC,T5LANDFILL_ELECTSW,,,2031,,,,,1.0,,,,,,,,,,,,,,,,
0,0,BAU,LANDFILL_ELEC,T5LANDFILL_ELECTSW,,,2032,,,,,1.0,,,,,,,,,,,,,,,,
0,0,BAU,LANDFILL_ELEC,T5LANDFILL_ELECTSW,,,2033,,,,,1.0,,,,,,,,,,,,,,,,
0,0,BAU,LANDFILL_ELEC,T5LANDFILL_ELECTSW,,,2034,,,,,1.0,,,,,,,,,,,,,,,,
0,0,BAU,LANDFILL_ELEC,T5LANDFILL_ELECTSW,,,2035,,,,,1.0,,,,,,,,,,,,,,,,
0,0,BAU,LANDFILL_ELEC,T5LANDFILL_ELECTSW,,,2036,,,,,1.0,,,,,,,,,,,,,,,,
0,0,BAU,LANDFILL_ELEC,T5LANDFILL_ELECTSW,,,2037,,,,,1.0,,,,,,,,,,,,,,,,
0,0,BAU,LANDFILL_ELEC,T5LANDFILL_ELECTSW,,,2038,,,,,1.0,,,,,,,,,,,,,,,,
0,0,BAU,LANDFILL_ELEC,T5LANDFILL_ELECTSW,,,2039,,,,,1.0,,,,,,,,,,,,,,,,
0,0,BAU,LANDFILL_ELEC,T5LANDFILL_ELECTSW,,,2040,,,,,1.0,,,,,,,,,,,,,,,,
0,0,BAU,LANDFILL_ELEC,T5LANDFILL_ELECTSW,,,2041,,,,,1.0,,,,,,,,,,,,,,,,
0,0,BAU,LANDFILL_ELEC,T5LANDFILL_ELECTSW,,,2042,,,,,1.0,,,,,,,,,,,,,,,,
0,0,BAU,LANDFILL_ELEC,T5LANDFILL_ELECTSW,,,2043,,,,,1.0,,,,,,,,,,,,,,,,
0,0,BAU,LANDFILL_ELEC,T5LANDFILL_ELECTSW,,,2044,,,,,1.0,,,,,,,,,,,,,,,,
0,0,BAU,LANDFILL_ELEC,T5LANDFILL_ELECTSW,,,2045,,,,,1.0,,,,,,,,,,,,,,,,
0,0,BAU,LANDFILL_ELEC,T5LANDFILL_ELECTSW,,,2046,,,,,1.0,,,,,,,,,,,,,,,,
0,0,BAU,LANDFILL_ELEC,T5LANDFILL_ELECTSW,,,2047,,,,,1.0,,,,,,,,,,,,,,,,
0,0,BAU,LANDFILL_ELEC,T5LANDFILL_ELECTSW,,,2048,,,,,1.0,,,,,,,,,,,,,,,,
0,0,BAU,LANDFILL_ELEC,T5LANDFILL_ELECTSW,,,2049,,,,,1.0,,,,,,,,,,,,,,,,
0,0,BAU,LANDFILL_ELEC,T5LANDFILL_ELECTSW,,,2050,,,,,1.0,,,,,,,,,,,,,,,,
0,0,BAU,IND_SW,T5IND_SWTSW,,,2018,,,,,1,,,,,,,,,,,,,,,,
0,0,BAU,IND_SW,T5IND_SWTSW,,,2019,,,,,1.0,,,,,,,,,,,,,,,,
0,0,BAU,IND_SW,T5IND_SWTSW,,,2020,,,,,1.0,,,,,,,,,,,,,,,,
0,0,BAU,IND_SW,T5IND_SWTSW,,,2021,,,,,1.0,,,,,,,,,,,,,,,,
0,0,BAU,IND_SW,T5IND_SWTSW,,,2022,,,,,1.0,,,,,,,,,,,,,,,,
0,0,BAU,IND_SW,T5IND_SWTSW,,,2023,,,,,1.0,,,,,,,,,,,,,,,,
0,0,BAU,IND_SW,T5IND_SWTSW,,,2024,,,,,1.0,,,,,,,,,,,,,,,,
0,0,BAU,IND_SW,T5IND_SWTSW,,,2025,,,,,1.0,,,,,,,,,,,,,,,,
0,0,BAU,IND_SW,T5IND_SWTSW,,,2026,,,,,1.0,,,,,,,,,,,,,,,,
0,0,BAU,IND_SW,T5IND_SWTSW,,,2027,,,,,1.0,,,,,,,,,,,,,,,,
0,0,BAU,IND_SW,T5IND_SWTSW,,,2028,,,,,1.0,,,,,,,,,,,,,,,,
0,0,BAU,IND_SW,T5IND_SWTSW,,,2029,,,,,1.0,,,,,,,,,,,,,,,,
0,0,BAU,IND_SW,T5IND_SWTSW,,,2030,,,,,1.0,,,,,,,,,,,,,,,,
0,0,BAU,IND_SW,T5IND_SWTSW,,,2031,,,,,1.0,,,,,,,,,,,,,,,,
0,0,BAU,IND_SW,T5IND_SWTSW,,,2032,,,,,1.0,,,,,,,,,,,,,,,,
0,0,BAU,IND_SW,T5IND_SWTSW,,,2033,,,,,1.0,,,,,,,,,,,,,,,,
0,0,BAU,IND_SW,T5IND_SWTSW,,,2034,,,,,1.0,,,,,,,,,,,,,,,,
0,0,BAU,IND_SW,T5IND_SWTSW,,,2035,,,,,1.0,,,,,,,,,,,,,,,,
0,0,BAU,IND_SW,T5IND_SWTSW,,,2036,,,,,1.0,,,,,,,,,,,,,,,,
0,0,BAU,IND_SW,T5IND_SWTSW,,,2037,,,,,1.0,,,,,,,,,,,,,,,,
0,0,BAU,IND_SW,T5IND_SWTSW,,,2038,,,,,1.0,,,,,,,,,,,,,,,,
0,0,BAU,IND_SW,T5IND_SWTSW,,,2039,,,,,1.0,,,,,,,,,,,,,,,,
0,0,BAU,IND_SW,T5IND_SWTSW,,,2040,,,,,1.0,,,,,,,,,,,,,,,,
0,0,BAU,IND_SW,T5IND_SWTSW,,,2041,,,,,1.0,,,,,,,,,,,,,,,,
0,0,BAU,IND_SW,T5IND_SWTSW,,,2042,,,,,1.0,,,,,,,,,,,,,,,,
0,0,BAU,IND_SW,T5IND_SWTSW,,,2043,,,,,1.0,,,,,,,,,,,,,,,,
0,0,BAU,IND_SW,T5IND_SWTSW,,,2044,,,,,1.0,,,,,,,,,,,,,,,,
0,0,BAU,IND_SW,T5IND_SWTSW,,,2045,,,,,1.0,,,,,,,,,,,,,,,,
0,0,BAU,IND_SW,T5IND_SWTSW,,,2046,,,,,1.0,,,,,,,,,,,,,,,,
0,0,BAU,IND_SW,T5IND_SWTSW,,,2047,,,,,1.0,,,,,,,,,,,,,,,,
0,0,BAU,IND_SW,T5IND_SWTSW,,,2048,,,,,1.0,,,,,,,,,,,,,,,,
0,0,BAU,IND_SW,T5IND_SWTSW,,,2049,,,,,1.0,,,,,,,,,,,,,,,,
0,0,BAU,IND_SW,T5IND_SWTSW,,,2050,,,,,1.0,,,,,,,,,,,,,,,,
0,0,BAU,CO2_CH4_BURN,T5CO2_CH4_BURNTSW,,,2018,,,,,1,,,,,,,,,,,,,,,,
0,0,BAU,CO2_CH4_BURN,T5CO2_CH4_BURNTSW,,,2019,,,,,1.0,,,,,,,,,,,,,,,,
0,0,BAU,CO2_CH4_BURN,T5CO2_CH4_BURNTSW,,,2020,,,,,1.0,,,,,,,,,,,,,,,,
0,0,BAU,CO2_CH4_BURN,T5CO2_CH4_BURNTSW,,,2021,,,,,1.0,,,,,,,,,,,,,,,,
0,0,BAU,CO2_CH4_BURN,T5CO2_CH4_BURNTSW,,,2022,,,,,1.0,,,,,,,,,,,,,,,,
0,0,BAU,CO2_CH4_BURN,T5CO2_CH4_BURNTSW,,,2023,,,,,1.0,,,,,,,,,,,,,,,,
0,0,BAU,CO2_CH4_BURN,T5CO2_CH4_BURNTSW,,,2024,,,,,1.0,,,,,,,,,,,,,,,,
0,0,BAU,CO2_CH4_BURN,T5CO2_CH4_BURNTSW,,,2025,,,,,1.0,,,,,,,,,,,,,,,,
0,0,BAU,CO2_CH4_BURN,T5CO2_CH4_BURNTSW,,,2026,,,,,1.0,,,,,,,,,,,,,,,,
0,0,BAU,CO2_CH4_BURN,T5CO2_CH4_BURNTSW,,,2027,,,,,1.0,,,,,,,,,,,,,,,,
0,0,BAU,CO2_CH4_BURN,T5CO2_CH4_BURNTSW,,,2028,,,,,1.0,,,,,,,,,,,,,,,,
0,0,BAU,CO2_CH4_BURN,T5CO2_CH4_BURNTSW,,,2029,,,,,1.0,,,,,,,,,,,,,,,,
0,0,BAU,CO2_CH4_BURN,T5CO2_CH4_BURNTSW,,,2030,,,,,1.0,,,,,,,,,,,,,,,,
0,0,BAU,CO2_CH4_BURN,T5CO2_CH4_BURNTSW,,,2031,,,,,1.0,,,,,,,,,,,,,,,,
0,0,BAU,CO2_CH4_BURN,T5CO2_CH4_BURNTSW,,,2032,,,,,1.0,,,,,,,,,,,,,,,,
0,0,BAU,CO2_CH4_BURN,T5CO2_CH4_BURNTSW,,,2033,,,,,1.0,,,,,,,,,,,,,,,,
0,0,BAU,CO2_CH4_BURN,T5CO2_CH4_BURNTSW,,,2034,,,,,1.0,,,,,,,,,,,,,,,,
0,0,BAU,CO2_CH4_BURN,T5CO2_CH4_BURNTSW,,,2035,,,,,1.0,,,,,,,,,,,,,,,,
0,0,BAU,CO2_CH4_BURN,T5CO2_CH4_BURNTSW,,,2036,,,,,1.0,,,,,,,,,,,,,,,,
0,0,BAU,CO2_CH4_BURN,T5CO2_CH4_BURNTSW,,,2037,,,,,1.0,,,,,,,,,,,,,,,,
0,0,BAU,CO2_CH4_BURN,T5CO2_CH4_BURNTSW,,,2038,,,,,1.0,,,,,,,,,,,,,,,,
0,0,BAU,CO2_CH4_BURN,T5CO2_CH4_BURNTSW,,,2039,,,,,1.0,,,,,,,,,,,,,,,,
0,0,BAU,CO2_CH4_BURN,T5CO2_CH4_BURNTSW,,,2040,,,,,1.0,,,,,,,,,,,,,,,,
0,0,BAU,CO2_CH4_BURN,T5CO2_CH4_BURNTSW,,,2041,,,,,1.0,,,,,,,,,,,,,,,,
0,0,BAU,CO2_CH4_BURN,T5CO2_CH4_BURNTSW,,,2042,,,,,1.0,,,,,,,,,,,,,,,,
0,0,BAU,CO2_CH4_BURN,T5CO2_CH4_BURNTSW,,,2043,,,,,1.0,,,,,,,,,,,,,,,,
0,0,BAU,CO2_CH4_BURN,T5CO2_CH4_BURNTSW,,,2044,,,,,1.0,,,,,,,,,,,,,,,,
0,0,BAU,CO2_CH4_BURN,T5CO2_CH4_BURNTSW,,,2045,,,,,1.0,,,,,,,,,,,,,,,,
0,0,BAU,CO2_CH4_BURN,T5CO2_CH4_BURNTSW,,,2046,,,,,1.0,,,,,,,,,,,,,,,,
0,0,BAU,CO2_CH4_BURN,T5CO2_CH4_BURNTSW,,,2047,,,,,1.0,,,,,,,,,,,,,,,,
0,0,BAU,CO2_CH4_BURN,T5CO2_CH4_BURNTSW,,,2048,,,,,1.0,,,,,,,,,,,,,,,,
0,0,BAU,CO2_CH4_BURN,T5CO2_CH4_BURNTSW,,,2049,,,,,1.0,,,,,,,,,,,,,,,,
0,0,BAU,CO2_CH4_BURN,T5CO2_CH4_BURNTSW,,,2050,,,,,1.0,,,,,,,,,,,,,,,,
0,0,BAU,COMPOST_DOM,T5COMPOST_DOMTSW,,,2018,,,,,1,,,,,,,,,,,,,,,,
0,0,BAU,COMPOST_DOM,T5COMPOST_DOMTSW,,,2019,,,,,1.0,,,,,,,,,,,,,,,,
0,0,BAU,COMPOST_DOM,T5COMPOST_DOMTSW,,,2020,,,,,1.0,,,,,,,,,,,,,,,,
0,0,BAU,COMPOST_DOM,T5COMPOST_DOMTSW,,,2021,,,,,1.0,,,,,,,,,,,,,,,,
0,0,BAU,COMPOST_DOM,T5COMPOST_DOMTSW,,,2022,,,,,1.0,,,,,,,,,,,,,,,,
0,0,BAU,COMPOST_DOM,T5COMPOST_DOMTSW,,,2023,,,,,1.0,,,,,,,,,,,,,,,,
0,0,BAU,COMPOST_DOM,T5COMPOST_DOMTSW,,,2024,,,,,1.0,,,,,,,,,,,,,,,,
0,0,BAU,COMPOST_DOM,T5COMPOST_DOMTSW,,,2025,,,,,1.0,,,,,,,,,,,,,,,,
0,0,BAU,COMPOST_DOM,T5COMPOST_DOMTSW,,,2026,,,,,1.0,,,,,,,,,,,,,,,,
0,0,BAU,COMPOST_DOM,T5COMPOST_DOMTSW,,,2027,,,,,1.0,,,,,,,,,,,,,,,,
0,0,BAU,COMPOST_DOM,T5COMPOST_DOMTSW,,,2028,,,,,1.0,,,,,,,,,,,,,,,,
0,0,BAU,COMPOST_DOM,T5COMPOST_DOMTSW,,,2029,,,,,1.0,,,,,,,,,,,,,,,,
0,0,BAU,COMPOST_DOM,T5COMPOST_DOMTSW,,,2030,,,,,1.0,,,,,,,,,,,,,,,,
0,0,BAU,COMPOST_DOM,T5COMPOST_DOMTSW,,,2031,,,,,1.0,,,,,,,,,,,,,,,,
0,0,BAU,COMPOST_DOM,T5COMPOST_DOMTSW,,,2032,,,,,1.0,,,,,,,,,,,,,,,,
0,0,BAU,COMPOST_DOM,T5COMPOST_DOMTSW,,,2033,,,,,1.0,,,,,,,,,,,,,,,,
0,0,BAU,COMPOST_DOM,T5COMPOST_DOMTSW,,,2034,,,,,1.0,,,,,,,,,,,,,,,,
0,0,BAU,COMPOST_DOM,T5COMPOST_DOMTSW,,,2035,,,,,1.0,,,,,,,,,,,,,,,,
0,0,BAU,COMPOST_DOM,T5COMPOST_DOMTSW,,,2036,,,,,1.0,,,,,,,,,,,,,,,,
0,0,BAU,COMPOST_DOM,T5COMPOST_DOMTSW,,,2037,,,,,1.0,,,,,,,,,,,,,,,,
0,0,BAU,COMPOST_DOM,T5COMPOST_DOMTSW,,,2038,,,,,1.0,,,,,,,,,,,,,,,,
0,0,BAU,COMPOST_DOM,T5COMPOST_DOMTSW,,,2039,,,,,1.0,,,,,,,,,,,,,,,,
0,0,BAU,COMPOST_DOM,T5COMPOST_DOMTSW,,,2040,,,,,1.0,,,,,,,,,,,,,,,,
0,0,BAU,COMPOST_DOM,T5COMPOST_DOMTSW,,,2041,,,,,1.0,,,,,,,,,,,,,,,,
0,0,BAU,COMPOST_DOM,T5COMPOST_DOMTSW,,,2042,,,,,1.0,,,,,,,,,,,,,,,,
0,0,BAU,COMPOST_DOM,T5COMPOST_DOMTSW,,,2043,,,,,1.0,,,,,,,,,,,,,,,,
0,0,BAU,COMPOST_DOM,T5COMPOST_DOMTSW,,,2044,,,,,1.0,,,,,,,,,,,,,,,,
0,0,BAU,COMPOST_DOM,T5COMPOST_DOMTSW,,,2045,,,,,1.0,,,,,,,,,,,,,,,,
0,0,BAU,COMPOST_DOM,T5COMPOST_DOMTSW,,,2046,,,,,1.0,,,,,,,,,,,,,,,,
0,0,BAU,COMPOST_DOM,T5COMPOST_DOMTSW,,,2047,,,,,1.0,,,,,,,,,,,,,,,,
0,0,BAU,COMPOST_DOM,T5COMPOST_DOMTSW,,,2048,,,,,1.0,,,,,,,,,,,,,,,,
0,0,BAU,COMPOST_DOM,T5COMPOST_DOMTSW,,,2049,,,,,1.0,,,,,,,,,,,,,,,,
0,0,BAU,COMPOST_DOM,T5COMPOST_DOMTSW,,,2050,,,,,1.0,,,,,,,,,,,,,,,,
0,0,BAU,COMPOST_COFFEE,T5COMPOST_COFFEETSW,,,2018,,,,,1,,,,,,,,,,,,,,,,
0,0,BAU,COMPOST_COFFEE,T5COMPOST_COFFEETSW,,,2019,,,,,1.0,,,,,,,,,,,,,,,,
0,0,BAU,COMPOST_COFFEE,T5COMPOST_COFFEETSW,,,2020,,,,,1.0,,,,,,,,,,,,,,,,
0,0,BAU,COMPOST_COFFEE,T5COMPOST_COFFEETSW,,,2021,,,,,1.0,,,,,,,,,,,,,,,,
0,0,BAU,COMPOST_COFFEE,T5COMPOST_COFFEETSW,,,2022,,,,,1.0,,,,,,,,,,,,,,,,
0,0,BAU,COMPOST_COFFEE,T5COMPOST_COFFEETSW,,,2023,,,,,1.0,,,,,,,,,,,,,,,,
0,0,BAU,COMPOST_COFFEE,T5COMPOST_COFFEETSW,,,2024,,,,,1.0,,,,,,,,,,,,,,,,
0,0,BAU,COMPOST_COFFEE,T5COMPOST_COFFEETSW,,,2025,,,,,1.0,,,,,,,,,,,,,,,,
0,0,BAU,COMPOST_COFFEE,T5COMPOST_COFFEETSW,,,2026,,,,,1.0,,,,,,,,,,,,,,,,
0,0,BAU,COMPOST_COFFEE,T5COMPOST_COFFEETSW,,,2027,,,,,1.0,,,,,,,,,,,,,,,,
0,0,BAU,COMPOST_COFFEE,T5COMPOST_COFFEETSW,,,2028,,,,,1.0,,,,,,,,,,,,,,,,
0,0,BAU,COMPOST_COFFEE,T5COMPOST_COFFEETSW,,,2029,,,,,1.0,,,,,,,,,,,,,,,,
0,0,BAU,COMPOST_COFFEE,T5COMPOST_COFFEETSW,,,2030,,,,,1.0,,,,,,,,,,,,,,,,
0,0,BAU,COMPOST_COFFEE,T5COMPOST_COFFEETSW,,,2031,,,,,1.0,,,,,,,,,,,,,,,,
0,0,BAU,COMPOST_COFFEE,T5COMPOST_COFFEETSW,,,2032,,,,,1.0,,,,,,,,,,,,,,,,
0,0,BAU,COMPOST_COFFEE,T5COMPOST_COFFEETSW,,,2033,,,,,1.0,,,,,,,,,,,,,,,,
0,0,BAU,COMPOST_COFFEE,T5COMPOST_COFFEETSW,,,2034,,,,,1.0,,,,,,,,,,,,,,,,
0,0,BAU,COMPOST_COFFEE,T5COMPOST_COFFEETSW,,,2035,,,,,1.0,,,,,,,,,,,,,,,,
0,0,BAU,COMPOST_COFFEE,T5COMPOST_COFFEETSW,,,2036,,,,,1.0,,,,,,,,,,,,,,,,
0,0,BAU,COMPOST_COFFEE,T5COMPOST_COFFEETSW,,,2037,,,,,1.0,,,,,,,,,,,,,,,,
0,0,BAU,COMPOST_COFFEE,T5COMPOST_COFFEETSW,,,2038,,,,,1.0,,,,,,,,,,,,,,,,
0,0,BAU,COMPOST_COFFEE,T5COMPOST_COFFEETSW,,,2039,,,,,1.0,,,,,,,,,,,,,,,,
0,0,BAU,COMPOST_COFFEE,T5COMPOST_COFFEETSW,,,2040,,,,,1.0,,,,,,,,,,,,,,,,
0,0,BAU,COMPOST_COFFEE,T5COMPOST_COFFEETSW,,,2041,,,,,1.0,,,,,,,,,,,,,,,,
0,0,BAU,COMPOST_COFFEE,T5COMPOST_COFFEETSW,,,2042,,,,,1.0,,,,,,,,,,,,,,,,
0,0,BAU,COMPOST_COFFEE,T5COMPOST_COFFEETSW,,,2043,,,,,1.0,,,,,,,,,,,,,,,,
0,0,BAU,COMPOST_COFFEE,T5COMPOST_COFFEETSW,,,2044,,,,,1.0,,,,,,,,,,,,,,,,
0,0,BAU,COMPOST_COFFEE,T5COMPOST_COFFEETSW,,,2045,,,,,1.0,,,,,,,,,,,,,,,,
0,0,BAU,COMPOST_COFFEE,T5COMPOST_COFFEETSW,,,2046,,,,,1.0,,,,,,,,,,,,,,,,
0,0,BAU,COMPOST_COFFEE,T5COMPOST_COFFEETSW,,,2047,,,,,1.0,,,,,,,,,,,,,,,,
0,0,BAU,COMPOST_COFFEE,T5COMPOST_COFFEETSW,,,2048,,,,,1.0,,,,,,,,,,,,,,,,
0,0,BAU,COMPOST_COFFEE,T5COMPOST_COFFEETSW,,,2049,,,,,1.0,,,,,,,,,,,,,,,,
0,0,BAU,COMPOST_COFFEE,T5COMPOST_COFFEETSW,,,2050,,,,,1.0,,,,,,,,,,,,,,,,
0,0,BAU,DWW_DC,T5DWW_DCWW,,,2018,,,,,1,,,,,,,,,,,,,,,,
0,0,BAU,DWW_DC,T5DWW_DCWW,,,2019,,,,,1.0,,,,,,,,,,,,,,,,
0,0,BAU,DWW_DC,T5DWW_DCWW,,,2020,,,,,1.0,,,,,,,,,,,,,,,,
0,0,BAU,DWW_DC,T5DWW_DCWW,,,2021,,,,,1.0,,,,,,,,,,,,,,,,
0,0,BAU,DWW_DC,T5DWW_DCWW,,,2022,,,,,1.0,,,,,,,,,,,,,,,,
0,0,BAU,DWW_DC,T5DWW_DCWW,,,2023,,,,,1.0,,,,,,,,,,,,,,,,
0,0,BAU,DWW_DC,T5DWW_DCWW,,,2024,,,,,1.0,,,,,,,,,,,,,,,,
0,0,BAU,DWW_DC,T5DWW_DCWW,,,2025,,,,,1.0,,,,,,,,,,,,,,,,
0,0,BAU,DWW_DC,T5DWW_DCWW,,,2026,,,,,1.0,,,,,,,,,,,,,,,,
0,0,BAU,DWW_DC,T5DWW_DCWW,,,2027,,,,,1.0,,,,,,,,,,,,,,,,
0,0,BAU,DWW_DC,T5DWW_DCWW,,,2028,,,,,1.0,,,,,,,,,,,,,,,,
0,0,BAU,DWW_DC,T5DWW_DCWW,,,2029,,,,,1.0,,,,,,,,,,,,,,,,
0,0,BAU,DWW_DC,T5DWW_DCWW,,,2030,,,,,1.0,,,,,,,,,,,,,,,,
0,0,BAU,DWW_DC,T5DWW_DCWW,,,2031,,,,,1.0,,,,,,,,,,,,,,,,
0,0,BAU,DWW_DC,T5DWW_DCWW,,,2032,,,,,1.0,,,,,,,,,,,,,,,,
0,0,BAU,DWW_DC,T5DWW_DCWW,,,2033,,,,,1.0,,,,,,,,,,,,,,,,
0,0,BAU,DWW_DC,T5DWW_DCWW,,,2034,,,,,1.0,,,,,,,,,,,,,,,,
0,0,BAU,DWW_DC,T5DWW_DCWW,,,2035,,,,,1.0,,,,,,,,,,,,,,,,
0,0,BAU,DWW_DC,T5DWW_DCWW,,,2036,,,,,1.0,,,,,,,,,,,,,,,,
0,0,BAU,DWW_DC,T5DWW_DCWW,,,2037,,,,,1.0,,,,,,,,,,,,,,,,
0,0,BAU,DWW_DC,T5DWW_DCWW,,,2038,,,,,1.0,,,,,,,,,,,,,,,,
0,0,BAU,DWW_DC,T5DWW_DCWW,,,2039,,,,,1.0,,,,,,,,,,,,,,,,
0,0,BAU,DWW_DC,T5DWW_DCWW,,,2040,,,,,1.0,,,,,,,,,,,,,,,,
0,0,BAU,DWW_DC,T5DWW_DCWW,,,2041,,,,,1.0,,,,,,,,,,,,,,,,
0,0,BAU,DWW_DC,T5DWW_DCWW,,,2042,,,,,1.0,,,,,,,,,,,,,,,,
0,0,BAU,DWW_DC,T5DWW_DCWW,,,2043,,,,,1.0,,,,,,,,,,,,,,,,
0,0,BAU,DWW_DC,T5DWW_DCWW,,,2044,,,,,1.0,,,,,,,,,,,,,,,,
0,0,BAU,DWW_DC,T5DWW_DCWW,,,2045,,,,,1.0,,,,,,,,,,,,,,,,
0,0,BAU,DWW_DC,T5DWW_DCWW,,,2046,,,,,1.0,,,,,,,,,,,,,,,,
0,0,BAU,DWW_DC,T5DWW_DCWW,,,2047,,,,,1.0,,,,,,,,,,,,,,,,
0,0,BAU,DWW_DC,T5DWW_DCWW,,,2048,,,,,1.0,,,,,,,,,,,,,,,,
0,0,BAU,DWW_DC,T5DWW_DCWW,,,2049,,,,,1.0,,,,,,,,,,,,,,,,
0,0,BAU,DWW_DC,T5DWW_DCWW,,,2050,,,,,1.0,,,,,,,,,,,,,,,,
0,0,BAU,DWW_N,T5DWW_NWW,,,2018,,,,,1,,,,,,,,,,,,,,,,
0,0,BAU,DWW_N,T5DWW_NWW,,,2019,,,,,1.0,,,,,,,,,,,,,,,,
0,0,BAU,DWW_N,T5DWW_NWW,,,2020,,,,,1.0,,,,,,,,,,,,,,,,
0,0,BAU,DWW_N,T5DWW_NWW,,,2021,,,,,1.0,,,,,,,,,,,,,,,,
0,0,BAU,DWW_N,T5DWW_NWW,,,2022,,,,,1.0,,,,,,,,,,,,,,,,
0,0,BAU,DWW_N,T5DWW_NWW,,,2023,,,,,1.0,,,,,,,,,,,,,,,,
0,0,BAU,DWW_N,T5DWW_NWW,,,2024,,,,,1.0,,,,,,,,,,,,,,,,
0,0,BAU,DWW_N,T5DWW_NWW,,,2025,,,,,1.0,,,,,,,,,,,,,,,,
0,0,BAU,DWW_N,T5DWW_NWW,,,2026,,,,,1.0,,,,,,,,,,,,,,,,
0,0,BAU,DWW_N,T5DWW_NWW,,,2027,,,,,1.0,,,,,,,,,,,,,,,,
0,0,BAU,DWW_N,T5DWW_NWW,,,2028,,,,,1.0,,,,,,,,,,,,,,,,
0,0,BAU,DWW_N,T5DWW_NWW,,,2029,,,,,1.0,,,,,,,,,,,,,,,,
0,0,BAU,DWW_N,T5DWW_NWW,,,2030,,,,,1.0,,,,,,,,,,,,,,,,
0,0,BAU,DWW_N,T5DWW_NWW,,,2031,,,,,1.0,,,,,,,,,,,,,,,,
0,0,BAU,DWW_N,T5DWW_NWW,,,2032,,,,,1.0,,,,,,,,,,,,,,,,
0,0,BAU,DWW_N,T5DWW_NWW,,,2033,,,,,1.0,,,,,,,,,,,,,,,,
0,0,BAU,DWW_N,T5DWW_NWW,,,2034,,,,,1.0,,,,,,,,,,,,,,,,
0,0,BAU,DWW_N,T5DWW_NWW,,,2035,,,,,1.0,,,,,,,,,,,,,,,,
0,0,BAU,DWW_N,T5DWW_NWW,,,2036,,,,,1.0,,,,,,,,,,,,,,,,
0,0,BAU,DWW_N,T5DWW_NWW,,,2037,,,,,1.0,,,,,,,,,,,,,,,,
0,0,BAU,DWW_N,T5DWW_NWW,,,2038,,,,,1.0,,,,,,,,,,,,,,,,
0,0,BAU,DWW_N,T5DWW_NWW,,,2039,,,,,1.0,,,,,,,,,,,,,,,,
0,0,BAU,DWW_N,T5DWW_NWW,,,2040,,,,,1.0,,,,,,,,,,,,,,,,
0,0,BAU,DWW_N,T5DWW_NWW,,,2041,,,,,1.0,,,,,,,,,,,,,,,,
0,0,BAU,DWW_N,T5DWW_NWW,,,2042,,,,,1.0,,,,,,,,,,,,,,,,
0,0,BAU,DWW_N,T5DWW_NWW,,,2043,,,,,1.0,,,,,,,,,,,,,,,,
0,0,BAU,DWW_N,T5DWW_NWW,,,2044,,,,,1.0,,,,,,,,,,,,,,,,
0,0,BAU,DWW_N,T5DWW_NWW,,,2045,,,,,1.0,,,,,,,,,,,,,,,,
0,0,BAU,DWW_N,T5DWW_NWW,,,2046,,,,,1.0,,,,,,,,,,,,,,,,
0,0,BAU,DWW_N,T5DWW_NWW,,,2047,,,,,1.0,,,,,,,,,,,,,,,,
0,0,BAU,DWW_N,T5DWW_NWW,,,2048,,,,,1.0,,,,,,,,,,,,,,,,
0,0,BAU,DWW_N,T5DWW_NWW,,,2049,,,,,1.0,,,,,,,,,,,,,,,,
0,0,BAU,DWW_N,T5DWW_NWW,,,2050,,,,,1.0,,,,,,,,,,,,,,,,
0,0,BAU,IWW,T5IWWWW,,,2018,,,,,1,,,,,,,,,,,,,,,,
0,0,BAU,IWW,T5IWWWW,,,2019,,,,,1.0,,,,,,,,,,,,,,,,
0,0,BAU,IWW,T5IWWWW,,,2020,,,,,1.0,,,,,,,,,,,,,,,,
0,0,BAU,IWW,T5IWWWW,,,2021,,,,,1.0,,,,,,,,,,,,,,,,
0,0,BAU,IWW,T5IWWWW,,,2022,,,,,1.0,,,,,,,,,,,,,,,,
0,0,BAU,IWW,T5IWWWW,,,2023,,,,,1.0,,,,,,,,,,,,,,,,
0,0,BAU,IWW,T5IWWWW,,,2024,,,,,1.0,,,,,,,,,,,,,,,,
0,0,BAU,IWW,T5IWWWW,,,2025,,,,,1.0,,,,,,,,,,,,,,,,
0,0,BAU,IWW,T5IWWWW,,,2026,,,,,1.0,,,,,,,,,,,,,,,,
0,0,BAU,IWW,T5IWWWW,,,2027,,,,,1.0,,,,,,,,,,,,,,,,
0,0,BAU,IWW,T5IWWWW,,,2028,,,,,1.0,,,,,,,,,,,,,,,,
0,0,BAU,IWW,T5IWWWW,,,2029,,,,,1.0,,,,,,,,,,,,,,,,
0,0,BAU,IWW,T5IWWWW,,,2030,,,,,1.0,,,,,,,,,,,,,,,,
0,0,BAU,IWW,T5IWWWW,,,2031,,,,,1.0,,,,,,,,,,,,,,,,
0,0,BAU,IWW,T5IWWWW,,,2032,,,,,1.0,,,,,,,,,,,,,,,,
0,0,BAU,IWW,T5IWWWW,,,2033,,,,,1.0,,,,,,,,,,,,,,,,
0,0,BAU,IWW,T5IWWWW,,,2034,,,,,1.0,,,,,,,,,,,,,,,,
0,0,BAU,IWW,T5IWWWW,,,2035,,,,,1.0,,,,,,,,,,,,,,,,
0,0,BAU,IWW,T5IWWWW,,,2036,,,,,1.0,,,,,,,,,,,,,,,,
0,0,BAU,IWW,T5IWWWW,,,2037,,,,,1.0,,,,,,,,,,,,,,,,
0,0,BAU,IWW,T5IWWWW,,,2038,,,,,1.0,,,,,,,,,,,,,,,,
0,0,BAU,IWW,T5IWWWW,,,2039,,,,,1.0,,,,,,,,,,,,,,,,
0,0,BAU,IWW,T5IWWWW,,,2040,,,,,1.0,,,,,,,,,,,,,,,,
0,0,BAU,IWW,T5IWWWW,,,2041,,,,,1.0,,,,,,,,,,,,,,,,
0,0,BAU,IWW,T5IWWWW,,,2042,,,,,1.0,,,,,,,,,,,,,,,,
0,0,BAU,IWW,T5IWWWW,,,2043,,,,,1.0,,,,,,,,,,,,,,,,
0,0,BAU,IWW,T5IWWWW,,,2044,,,,,1.0,,,,,,,,,,,,,,,,
0,0,BAU,IWW,T5IWWWW,,,2045,,,,,1.0,,,,,,,,,,,,,,,,
0,0,BAU,IWW,T5IWWWW,,,2046,,,,,1.0,,,,,,,,,,,,,,,,
0,0,BAU,IWW,T5IWWWW,,,2047,,,,,1.0,,,,,,,,,,,,,,,,
0,0,BAU,IWW,T5IWWWW,,,2048,,,,,1.0,,,,,,,,,,,,,,,,
0,0,BAU,IWW,T5IWWWW,,,2049,,,,,1.0,,,,,,,,,,,,,,,,
0,0,BAU,IWW,T5IWWWW,,,2050,,,,,1.0,,,,,,,,,,,,,,,,
0,0,BAU,OSS_INORG,INORG_RCY_OS,,,2018,,,,,,1,,,,,,,,,,,,,,,
0,0,BAU,OSS_INORG,INORG_RCY_OS,,,2019,,,,,,1.0,,,,,,,,,,,,,,,
0,0,BAU,OSS_INORG,INORG_RCY_OS,,,2020,,,,,,1.0,,,,,,,,,,,,,,,
0,0,BAU,OSS_INORG,INORG_RCY_OS,,,2021,,,,,,1.0,,,,,,,,,,,,,,,
0,0,BAU,OSS_INORG,INORG_RCY_OS,,,2022,,,,,,1.0,,,,,,,,,,,,,,,
0,0,BAU,OSS_INORG,INORG_RCY_OS,,,2023,,,,,,1.0,,,,,,,,,,,,,,,
0,0,BAU,OSS_INORG,INORG_RCY_OS,,,2024,,,,,,1.0,,,,,,,,,,,,,,,
0,0,BAU,OSS_INORG,INORG_RCY_OS,,,2025,,,,,,1.0,,,,,,,,,,,,,,,
0,0,BAU,OSS_INORG,INORG_RCY_OS,,,2026,,,,,,1.0,,,,,,,,,,,,,,,
0,0,BAU,OSS_INORG,INORG_RCY_OS,,,2027,,,,,,1.0,,,,,,,,,,,,,,,
0,0,BAU,OSS_INORG,INORG_RCY_OS,,,2028,,,,,,1.0,,,,,,,,,,,,,,,
0,0,BAU,OSS_INORG,INORG_RCY_OS,,,2029,,,,,,1.0,,,,,,,,,,,,,,,
0,0,BAU,OSS_INORG,INORG_RCY_OS,,,2030,,,,,,1.0,,,,,,,,,,,,,,,
0,0,BAU,OSS_INORG,INORG_RCY_OS,,,2031,,,,,,1.0,,,,,,,,,,,,,,,
0,0,BAU,OSS_INORG,INORG_RCY_OS,,,2032,,,,,,1.0,,,,,,,,,,,,,,,
0,0,BAU,OSS_INORG,INORG_RCY_OS,,,2033,,,,,,1.0,,,,,,,,,,,,,,,
0,0,BAU,OSS_INORG,INORG_RCY_OS,,,2034,,,,,,1.0,,,,,,,,,,,,,,,
0,0,BAU,OSS_INORG,INORG_RCY_OS,,,2035,,,,,,1.0,,,,,,,,,,,,,,,
0,0,BAU,OSS_INORG,INORG_RCY_OS,,,2036,,,,,,1.0,,,,,,,,,,,,,,,
0,0,BAU,OSS_INORG,INORG_RCY_OS,,,2037,,,,,,1.0,,,,,,,,,,,,,,,
0,0,BAU,OSS_INORG,INORG_RCY_OS,,,2038,,,,,,1.0,,,,,,,,,,,,,,,
0,0,BAU,OSS_INORG,INORG_RCY_OS,,,2039,,,,,,1.0,,,,,,,,,,,,,,,
0,0,BAU,OSS_INORG,INORG_RCY_OS,,,2040,,,,,,1.0,,,,,,,,,,,,,,,
0,0,BAU,OSS_INORG,INORG_RCY_OS,,,2041,,,,,,1.0,,,,,,,,,,,,,,,
0,0,BAU,OSS_INORG,INORG_RCY_OS,,,2042,,,,,,1.0,,,,,,,,,,,,,,,
0,0,BAU,OSS_INORG,INORG_RCY_OS,,,2043,,,,,,1.0,,,,,,,,,,,,,,,
0,0,BAU,OSS_INORG,INORG_RCY_OS,,,2044,,,,,,1.0,,,,,,,,,,,,,,,
0,0,BAU,OSS_INORG,INORG_RCY_OS,,,2045,,,,,,1.0,,,,,,,,,,,,,,,
0,0,BAU,OSS_INORG,INORG_RCY_OS,,,2046,,,,,,1.0,,,,,,,,,,,,,,,
0,0,BAU,OSS_INORG,INORG_RCY_OS,,,2047,,,,,,1.0,,,,,,,,,,,,,,,
0,0,BAU,OSS_INORG,INORG_RCY_OS,,,2048,,,,,,1.0,,,,,,,,,,,,,,,
0,0,BAU,OSS_INORG,INORG_RCY_OS,,,2049,,,,,,1.0,,,,,,,,,,,,,,,
0,0,BAU,OSS_INORG,INORG_RCY_OS,,,2050,,,,,,1.0,,,,,,,,,,,,,,,
0,0,BAU,OSS_ORG,AD,,,2018,,,,,,1,,,,,,,,,,,,,,,
0,0,BAU,OSS_ORG,AD,,,2019,,,,,,1.0,,,,,,,,,,,,,,,
0,0,BAU,OSS_ORG,AD,,,2020,,,,,,1.0,,,,,,,,,,,,,,,
0,0,BAU,OSS_ORG,AD,,,2021,,,,,,1.0,,,,,,,,,,,,,,,
0,0,BAU,OSS_ORG,AD,,,2022,,,,,,1.0,,,,,,,,,,,,,,,
0,0,BAU,OSS_ORG,AD,,,2023,,,,,,1.0,,,,,,,,,,,,,,,
0,0,BAU,OSS_ORG,AD,,,2024,,,,,,1.0,,,,,,,,,,,,,,,
0,0,BAU,OSS_ORG,AD,,,2025,,,,,,1.0,,,,,,,,,,,,,,,
0,0,BAU,OSS_ORG,AD,,,2026,,,,,,1.0,,,,,,,,,,,,,,,
0,0,BAU,OSS_ORG,AD,,,2027,,,,,,1.0,,,,,,,,,,,,,,,
0,0,BAU,OSS_ORG,AD,,,2028,,,,,,1.0,,,,,,,,,,,,,,,
0,0,BAU,OSS_ORG,AD,,,2029,,,,,,1.0,,,,,,,,,,,,,,,
0,0,BAU,OSS_ORG,AD,,,2030,,,,,,1.0,,,,,,,,,,,,,,,
0,0,BAU,OSS_ORG,AD,,,2031,,,,,,1.0,,,,,,,,,,,,,,,
0,0,BAU,OSS_ORG,AD,,,2032,,,,,,1.0,,,,,,,,,,,,,,,
0,0,BAU,OSS_ORG,AD,,,2033,,,,,,1.0,,,,,,,,,,,,,,,
0,0,BAU,OSS_ORG,AD,,,2034,,,,,,1.0,,,,,,,,,,,,,,,
0,0,BAU,OSS_ORG,AD,,,2035,,,,,,1.0,,,,,,,,,,,,,,,
0,0,BAU,OSS_ORG,AD,,,2036,,,,,,1.0,,,,,,,,,,,,,,,
0,0,BAU,OSS_ORG,AD,,,2037,,,,,,1.0,,,,,,,,,,,,,,,
0,0,BAU,OSS_ORG,AD,,,2038,,,,,,1.0,,,,,,,,,,,,,,,
0,0,BAU,OSS_ORG,AD,,,2039,,,,,,1.0,,,,,,,,,,,,,,,
0,0,BAU,OSS_ORG,AD,,,2040,,,,,,1.0,,,,,,,,,,,,,,,
0,0,BAU,OSS_ORG,AD,,,2041,,,,,,1.0,,,,,,,,,,,,,,,
0,0,BAU,OSS_ORG,AD,,,2042,,,,,,1.0,,,,,,,,,,,,,,,
0,0,BAU,OSS_ORG,AD,,,2043,,,,,,1.0,,,,,,,,,,,,,,,
0,0,BAU,OSS_ORG,AD,,,2044,,,,,,1.0,,,,,,,,,,,,,,,
0,0,BAU,OSS_ORG,AD,,,2045,,,,,,1.0,,,,,,,,,,,,,,,
0,0,BAU,OSS_ORG,AD,,,2046,,,,,,1.0,,,,,,,,,,,,,,,
0,0,BAU,OSS_ORG,AD,,,2047,,,,,,1.0,,,,,,,,,,,,,,,
0,0,BAU,OSS_ORG,AD,,,2048,,,,,,1.0,,,,,,,,,,,,,,,
0,0,BAU,OSS_ORG,AD,,,2049,,,,,,1.0,,,,,,,,,,,,,,,
0,0,BAU,OSS_ORG,AD,,,2050,,,,,,1.0,,,,,,,,,,,,,,,
0,0,BAU,OSS_ORG,COMPOST,,,2018,,,,,,1,,,,,,,,,,,,,,,
0,0,BAU,OSS_ORG,COMPOST,,,2019,,,,,,1.0,,,,,,,,,,,,,,,
0,0,BAU,OSS_ORG,COMPOST,,,2020,,,,,,1.0,,,,,,,,,,,,,,,
0,0,BAU,OSS_ORG,COMPOST,,,2021,,,,,,1.0,,,,,,,,,,,,,,,
0,0,BAU,OSS_ORG,COMPOST,,,2022,,,,,,1.0,,,,,,,,,,,,,,,
0,0,BAU,OSS_ORG,COMPOST,,,2023,,,,,,1.0,,,,,,,,,,,,,,,
0,0,BAU,OSS_ORG,COMPOST,,,2024,,,,,,1.0,,,,,,,,,,,,,,,
0,0,BAU,OSS_ORG,COMPOST,,,2025,,,,,,1.0,,,,,,,,,,,,,,,
0,0,BAU,OSS_ORG,COMPOST,,,2026,,,,,,1.0,,,,,,,,,,,,,,,
0,0,BAU,OSS_ORG,COMPOST,,,2027,,,,,,1.0,,,,,,,,,,,,,,,
0,0,BAU,OSS_ORG,COMPOST,,,2028,,,,,,1.0,,,,,,,,,,,,,,,
0,0,BAU,OSS_ORG,COMPOST,,,2029,,,,,,1.0,,,,,,,,,,,,,,,
0,0,BAU,OSS_ORG,COMPOST,,,2030,,,,,,1.0,,,,,,,,,,,,,,,
0,0,BAU,OSS_ORG,COMPOST,,,2031,,,,,,1.0,,,,,,,,,,,,,,,
0,0,BAU,OSS_ORG,COMPOST,,,2032,,,,,,1.0,,,,,,,,,,,,,,,
0,0,BAU,OSS_ORG,COMPOST,,,2033,,,,,,1.0,,,,,,,,,,,,,,,
0,0,BAU,OSS_ORG,COMPOST,,,2034,,,,,,1.0,,,,,,,,,,,,,,,
0,0,BAU,OSS_ORG,COMPOST,,,2035,,,,,,1.0,,,,,,,,,,,,,,,
0,0,BAU,OSS_ORG,COMPOST,,,2036,,,,,,1.0,,,,,,,,,,,,,,,
0,0,BAU,OSS_ORG,COMPOST,,,2037,,,,,,1.0,,,,,,,,,,,,,,,
0,0,BAU,OSS_ORG,COMPOST,,,2038,,,,,,1.0,,,,,,,,,,,,,,,
0,0,BAU,OSS_ORG,COMPOST,,,2039,,,,,,1.0,,,,,,,,,,,,,,,
0,0,BAU,OSS_ORG,COMPOST,,,2040,,,,,,1.0,,,,,,,,,,,,,,,
0,0,BAU,OSS_ORG,COMPOST,,,2041,,,,,,1.0,,,,,,,,,,,,,,,
0,0,BAU,OSS_ORG,COMPOST,,,2042,,,,,,1.0,,,,,,,,,,,,,,,
0,0,BAU,OSS_ORG,COMPOST,,,2043,,,,,,1.0,,,,,,,,,,,,,,,
0,0,BAU,OSS_ORG,COMPOST,,,2044,,,,,,1.0,,,,,,,,,,,,,,,
0,0,BAU,OSS_ORG,COMPOST,,,2045,,,,,,1.0,,,,,,,,,,,,,,,
0,0,BAU,OSS_ORG,COMPOST,,,2046,,,,,,1.0,,,,,,,,,,,,,,,
0,0,BAU,OSS_ORG,COMPOST,,,2047,,,,,,1.0,,,,,,,,,,,,,,,
0,0,BAU,OSS_ORG,COMPOST,,,2048,,,,,,1.0,,,,,,,,,,,,,,,
0,0,BAU,OSS_ORG,COMPOST,,,2049,,,,,,1.0,,,,,,,,,,,,,,,
0,0,BAU,OSS_ORG,COMPOST,,,2050,,,,,,1.0,,,,,,,,,,,,,,,
0,0,BAU,NO_OSS,LANDFILL,,,2018,,,,,,1,,,,,,,,,,,,,,,
0,0,BAU,NO_OSS,LANDFILL,,,2019,,,,,,1.0,,,,,,,,,,,,,,,
0,0,BAU,NO_OSS,LANDFILL,,,2020,,,,,,1.0,,,,,,,,,,,,,,,
0,0,BAU,NO_OSS,LANDFILL,,,2021,,,,,,1.0,,,,,,,,,,,,,,,
0,0,BAU,NO_OSS,LANDFILL,,,2022,,,,,,1.0,,,,,,,,,,,,,,,
0,0,BAU,NO_OSS,LANDFILL,,,2023,,,,,,1.0,,,,,,,,,,,,,,,
0,0,BAU,NO_OSS,LANDFILL,,,2024,,,,,,1.0,,,,,,,,,,,,,,,
0,0,BAU,NO_OSS,LANDFILL,,,2025,,,,,,1.0,,,,,,,,,,,,,,,
0,0,BAU,NO_OSS,LANDFILL,,,2026,,,,,,1.0,,,,,,,,,,,,,,,
0,0,BAU,NO_OSS,LANDFILL,,,2027,,,,,,1.0,,,,,,,,,,,,,,,
0,0,BAU,NO_OSS,LANDFILL,,,2028,,,,,,1.0,,,,,,,,,,,,,,,
0,0,BAU,NO_OSS,LANDFILL,,,2029,,,,,,1.0,,,,,,,,,,,,,,,
0,0,BAU,NO_OSS,LANDFILL,,,2030,,,,,,1.0,,,,,,,,,,,,,,,
0,0,BAU,NO_OSS,LANDFILL,,,2031,,,,,,1.0,,,,,,,,,,,,,,,
0,0,BAU,NO_OSS,LANDFILL,,,2032,,,,,,1.0,,,,,,,,,,,,,,,
0,0,BAU,NO_OSS,LANDFILL,,,2033,,,,,,1.0,,,,,,,,,,,,,,,
0,0,BAU,NO_OSS,LANDFILL,,,2034,,,,,,1.0,,,,,,,,,,,,,,,
0,0,BAU,NO_OSS,LANDFILL,,,2035,,,,,,1.0,,,,,,,,,,,,,,,
0,0,BAU,NO_OSS,LANDFILL,,,2036,,,,,,1.0,,,,,,,,,,,,,,,
0,0,BAU,NO_OSS,LANDFILL,,,2037,,,,,,1.0,,,,,,,,,,,,,,,
0,0,BAU,NO_OSS,LANDFILL,,,2038,,,,,,1.0,,,,,,,,,,,,,,,
0,0,BAU,NO_OSS,LANDFILL,,,2039,,,,,,1.0,,,,,,,,,,,,,,,
0,0,BAU,NO_OSS,LANDFILL,,,2040,,,,,,1.0,,,,,,,,,,,,,,,
0,0,BAU,NO_OSS,LANDFILL,,,2041,,,,,,1.0,,,,,,,,,,,,,,,
0,0,BAU,NO_OSS,LANDFILL,,,2042,,,,,,1.0,,,,,,,,,,,,,,,
0,0,BAU,NO_OSS,LANDFILL,,,2043,,,,,,1.0,,,,,,,,,,,,,,,
0,0,BAU,NO_OSS,LANDFILL,,,2044,,,,,,1.0,,,,,,,,,,,,,,,
0,0,BAU,NO_OSS,LANDFILL,,,2045,,,,,,1.0,,,,,,,,,,,,,,,
0,0,BAU,NO_OSS,LANDFILL,,,2046,,,,,,1.0,,,,,,,,,,,,,,,
0,0,BAU,NO_OSS,LANDFILL,,,2047,,,,,,1.0,,,,,,,,,,,,,,,
0,0,BAU,NO_OSS,LANDFILL,,,2048,,,,,,1.0,,,,,,,,,,,,,,,
0,0,BAU,NO_OSS,LANDFILL,,,2049,,,,,,1.0,,,,,,,,,,,,,,,
0,0,BAU,NO_OSS,LANDFILL,,,2050,,,,,,1.0,,,,,,,,,,,,,,,
0,0,BAU,NO_OSS,NO_CONTR_OD,,,2018,,,,,,1,,,,,,,,,,,,,,,
0,0,BAU,NO_OSS,NO_CONTR_OD,,,2019,,,,,,1.0,,,,,,,,,,,,,,,
0,0,BAU,NO_OSS,NO_CONTR_OD,,,2020,,,,,,1.0,,,,,,,,,,,,,,,
0,0,BAU,NO_OSS,NO_CONTR_OD,,,2021,,,,,,1.0,,,,,,,,,,,,,,,
0,0,BAU,NO_OSS,NO_CONTR_OD,,,2022,,,,,,1.0,,,,,,,,,,,,,,,
0,0,BAU,NO_OSS,NO_CONTR_OD,,,2023,,,,,,1.0,,,,,,,,,,,,,,,
0,0,BAU,NO_OSS,NO_CONTR_OD,,,2024,,,,,,1.0,,,,,,,,,,,,,,,
0,0,BAU,NO_OSS,NO_CONTR_OD,,,2025,,,,,,1.0,,,,,,,,,,,,,,,
0,0,BAU,NO_OSS,NO_CONTR_OD,,,2026,,,,,,1.0,,,,,,,,,,,,,,,
0,0,BAU,NO_OSS,NO_CONTR_OD,,,2027,,,,,,1.0,,,,,,,,,,,,,,,
0,0,BAU,NO_OSS,NO_CONTR_OD,,,2028,,,,,,1.0,,,,,,,,,,,,,,,
0,0,BAU,NO_OSS,NO_CONTR_OD,,,2029,,,,,,1.0,,,,,,,,,,,,,,,
0,0,BAU,NO_OSS,NO_CONTR_OD,,,2030,,,,,,1.0,,,,,,,,,,,,,,,
0,0,BAU,NO_OSS,NO_CONTR_OD,,,2031,,,,,,1.0,,,,,,,,,,,,,,,
0,0,BAU,NO_OSS,NO_CONTR_OD,,,2032,,,,,,1.0,,,,,,,,,,,,,,,
0,0,BAU,NO_OSS,NO_CONTR_OD,,,2033,,,,,,1.0,,,,,,,,,,,,,,,
0,0,BAU,NO_OSS,NO_CONTR_OD,,,2034,,,,,,1.0,,,,,,,,,,,,,,,
0,0,BAU,NO_OSS,NO_CONTR_OD,,,2035,,,,,,1.0,,,,,,,,,,,,,,,
0,0,BAU,NO_OSS,NO_CONTR_OD,,,2036,,,,,,1.0,,,,,,,,,,,,,,,
0,0,BAU,NO_OSS,NO_CONTR_OD,,,2037,,,,,,1.0,,,,,,,,,,,,,,,
0,0,BAU,NO_OSS,NO_CONTR_OD,,,2038,,,,,,1.0,,,,,,,,,,,,,,,
0,0,BAU,NO_OSS,NO_CONTR_OD,,,2039,,,,,,1.0,,,,,,,,,,,,,,,
0,0,BAU,NO_OSS,NO_CONTR_OD,,,2040,,,,,,1.0,,,,,,,,,,,,,,,
0,0,BAU,NO_OSS,NO_CONTR_OD,,,2041,,,,,,1.0,,,,,,,,,,,,,,,
0,0,BAU,NO_OSS,NO_CONTR_OD,,,2042,,,,,,1.0,,,,,,,,,,,,,,,
0,0,BAU,NO_OSS,NO_CONTR_OD,,,2043,,,,,,1.0,,,,,,,,,,,,,,,
0,0,BAU,NO_OSS,NO_CONTR_OD,,,2044,,,,,,1.0,,,,,,,,,,,,,,,
0,0,BAU,NO_OSS,NO_CONTR_OD,,,2045,,,,,,1.0,,,,,,,,,,,,,,,
0,0,BAU,NO_OSS,NO_CONTR_OD,,,2046,,,,,,1.0,,,,,,,,,,,,,,,
0,0,BAU,NO_OSS,NO_CONTR_OD,,,2047,,,,,,1.0,,,,,,,,,,,,,,,
0,0,BAU,NO_OSS,NO_CONTR_OD,,,2048,,,,,,1.0,,,,,,,,,,,,,,,
0,0,BAU,NO_OSS,NO_CONTR_OD,,,2049,,,,,,1.0,,,,,,,,,,,,,,,
0,0,BAU,NO_OSS,NO_CONTR_OD,,,2050,,,,,,1.0,,,,,,,,,,,,,,,
0,0,BAU,NO_OSS,COPROC,,,2018,,,,,,1,,,,,,,,,,,,,,,
0,0,BAU,NO_OSS,COPROC,,,2019,,,,,,1.0,,,,,,,,,,,,,,,
0,0,BAU,NO_OSS,COPROC,,,2020,,,,,,1.0,,,,,,,,,,,,,,,
0,0,BAU,NO_OSS,COPROC,,,2021,,,,,,1.0,,,,,,,,,,,,,,,
0,0,BAU,NO_OSS,COPROC,,,2022,,,,,,1.0,,,,,,,,,,,,,,,
0,0,BAU,NO_OSS,COPROC,,,2023,,,,,,1.0,,,,,,,,,,,,,,,
0,0,BAU,NO_OSS,COPROC,,,2024,,,,,,1.0,,,,,,,,,,,,,,,
0,0,BAU,NO_OSS,COPROC,,,2025,,,,,,1.0,,,,,,,,,,,,,,,
0,0,BAU,NO_OSS,COPROC,,,2026,,,,,,1.0,,,,,,,,,,,,,,,
0,0,BAU,NO_OSS,COPROC,,,2027,,,,,,1.0,,,,,,,,,,,,,,,
0,0,BAU,NO_OSS,COPROC,,,2028,,,,,,1.0,,,,,,,,,,,,,,,
0,0,BAU,NO_OSS,COPROC,,,2029,,,,,,1.0,,,,,,,,,,,,,,,
0,0,BAU,NO_OSS,COPROC,,,2030,,,,,,1.0,,,,,,,,,,,,,,,
0,0,BAU,NO_OSS,COPROC,,,2031,,,,,,1.0,,,,,,,,,,,,,,,
0,0,BAU,NO_OSS,COPROC,,,2032,,,,,,1.0,,,,,,,,,,,,,,,
0,0,BAU,NO_OSS,COPROC,,,2033,,,,,,1.0,,,,,,,,,,,,,,,
0,0,BAU,NO_OSS,COPROC,,,2034,,,,,,1.0,,,,,,,,,,,,,,,
0,0,BAU,NO_OSS,COPROC,,,2035,,,,,,1.0,,,,,,,,,,,,,,,
0,0,BAU,NO_OSS,COPROC,,,2036,,,,,,1.0,,,,,,,,,,,,,,,
0,0,BAU,NO_OSS,COPROC,,,2037,,,,,,1.0,,,,,,,,,,,,,,,
0,0,BAU,NO_OSS,COPROC,,,2038,,,,,,1.0,,,,,,,,,,,,,,,
0,0,BAU,NO_OSS,COPROC,,,2039,,,,,,1.0,,,,,,,,,,,,,,,
0,0,BAU,NO_OSS,COPROC,,,2040,,,,,,1.0,,,,,,,,,,,,,,,
0,0,BAU,NO_OSS,COPROC,,,2041,,,,,,1.0,,,,,,,,,,,,,,,
0,0,BAU,NO_OSS,COPROC,,,2042,,,,,,1.0,,,,,,,,,,,,,,,
0,0,BAU,NO_OSS,COPROC,,,2043,,,,,,1.0,,,,,,,,,,,,,,,
0,0,BAU,NO_OSS,COPROC,,,2044,,,,,,1.0,,,,,,,,,,,,,,,
0,0,BAU,NO_OSS,COPROC,,,2045,,,,,,1.0,,,,,,,,,,,,,,,
0,0,BAU,NO_OSS,COPROC,,,2046,,,,,,1.0,,,,,,,,,,,,,,,
0,0,BAU,NO_OSS,COPROC,,,2047,,,,,,1.0,,,,,,,,,,,,,,,
0,0,BAU,NO_OSS,COPROC,,,2048,,,,,,1.0,,,,,,,,,,,,,,,
0,0,BAU,NO_OSS,COPROC,,,2049,,,,,,1.0,,,,,,,,,,,,,,,
0,0,BAU,NO_OSS,COPROC,,,2050,,,,,,1.0,,,,,,,,,,,,,,,
0,0,BAU,NO_OSS,INCIN,,,2018,,,,,,1,,,,,,,,,,,,,,,
0,0,BAU,NO_OSS,INCIN,,,2019,,,,,,1.0,,,,,,,,,,,,,,,
0,0,BAU,NO_OSS,INCIN,,,2020,,,,,,1.0,,,,,,,,,,,,,,,
0,0,BAU,NO_OSS,INCIN,,,2021,,,,,,1.0,,,,,,,,,,,,,,,
0,0,BAU,NO_OSS,INCIN,,,2022,,,,,,1.0,,,,,,,,,,,,,,,
0,0,BAU,NO_OSS,INCIN,,,2023,,,,,,1.0,,,,,,,,,,,,,,,
0,0,BAU,NO_OSS,INCIN,,,2024,,,,,,1.0,,,,,,,,,,,,,,,
0,0,BAU,NO_OSS,INCIN,,,2025,,,,,,1.0,,,,,,,,,,,,,,,
0,0,BAU,NO_OSS,INCIN,,,2026,,,,,,1.0,,,,,,,,,,,,,,,
0,0,BAU,NO_OSS,INCIN,,,2027,,,,,,1.0,,,,,,,,,,,,,,,
0,0,BAU,NO_OSS,INCIN,,,2028,,,,,,1.0,,,,,,,,,,,,,,,
0,0,BAU,NO_OSS,INCIN,,,2029,,,,,,1.0,,,,,,,,,,,,,,,
0,0,BAU,NO_OSS,INCIN,,,2030,,,,,,1.0,,,,,,,,,,,,,,,
0,0,BAU,NO_OSS,INCIN,,,2031,,,,,,1.0,,,,,,,,,,,,,,,
0,0,BAU,NO_OSS,INCIN,,,2032,,,,,,1.0,,,,,,,,,,,,,,,
0,0,BAU,NO_OSS,INCIN,,,2033,,,,,,1.0,,,,,,,,,,,,,,,
0,0,BAU,NO_OSS,INCIN,,,2034,,,,,,1.0,,,,,,,,,,,,,,,
0,0,BAU,NO_OSS,INCIN,,,2035,,,,,,1.0,,,,,,,,,,,,,,,
0,0,BAU,NO_OSS,INCIN,,,2036,,,,,,1.0,,,,,,,,,,,,,,,
0,0,BAU,NO_OSS,INCIN,,,2037,,,,,,1.0,,,,,,,,,,,,,,,
0,0,BAU,NO_OSS,INCIN,,,2038,,,,,,1.0,,,,,,,,,,,,,,,
0,0,BAU,NO_OSS,INCIN,,,2039,,,,,,1.0,,,,,,,,,,,,,,,
0,0,BAU,NO_OSS,INCIN,,,2040,,,,,,1.0,,,,,,,,,,,,,,,
0,0,BAU,NO_OSS,INCIN,,,2041,,,,,,1.0,,,,,,,,,,,,,,,
0,0,BAU,NO_OSS,INCIN,,,2042,,,,,,1.0,,,,,,,,,,,,,,,
0,0,BAU,NO_OSS,INCIN,,,2043,,,,,,1.0,,,,,,,,,,,,,,,
0,0,BAU,NO_OSS,INCIN,,,2044,,,,,,1.0,,,,,,,,,,,,,,,
0,0,BAU,NO_OSS,INCIN,,,2045,,,,,,1.0,,,,,,,,,,,,,,,
0,0,BAU,NO_OSS,INCIN,,,2046,,,,,,1.0,,,,,,,,,,,,,,,
0,0,BAU,NO_OSS,INCIN,,,2047,,,,,,1.0,,,,,,,,,,,,,,,
0,0,BAU,NO_OSS,INCIN,,,2048,,,,,,1.0,,,,,,,,,,,,,,,
0,0,BAU,NO_OSS,INCIN,,,2049,,,,,,1.0,,,,,,,,,,,,,,,
0,0,BAU,NO_OSS,INCIN,,,2050,,,,,,1.0,,,,,,,,,,,,,,,
0,0,BAU,NO_OSS,GAS_MSW,,,2018,,,,,,1,,,,,,,,,,,,,,,
0,0,BAU,NO_OSS,GAS_MSW,,,2019,,,,,,1.0,,,,,,,,,,,,,,,
0,0,BAU,NO_OSS,GAS_MSW,,,2020,,,,,,1.0,,,,,,,,,,,,,,,
0,0,BAU,NO_OSS,GAS_MSW,,,2021,,,,,,1.0,,,,,,,,,,,,,,,
0,0,BAU,NO_OSS,GAS_MSW,,,2022,,,,,,1.0,,,,,,,,,,,,,,,
0,0,BAU,NO_OSS,GAS_MSW,,,2023,,,,,,1.0,,,,,,,,,,,,,,,
0,0,BAU,NO_OSS,GAS_MSW,,,2024,,,,,,1.0,,,,,,,,,,,,,,,
0,0,BAU,NO_OSS,GAS_MSW,,,2025,,,,,,1.0,,,,,,,,,,,,,,,
0,0,BAU,NO_OSS,GAS_MSW,,,2026,,,,,,1.0,,,,,,,,,,,,,,,
0,0,BAU,NO_OSS,GAS_MSW,,,2027,,,,,,1.0,,,,,,,,,,,,,,,
0,0,BAU,NO_OSS,GAS_MSW,,,2028,,,,,,1.0,,,,,,,,,,,,,,,
0,0,BAU,NO_OSS,GAS_MSW,,,2029,,,,,,1.0,,,,,,,,,,,,,,,
0,0,BAU,NO_OSS,GAS_MSW,,,2030,,,,,,1.0,,,,,,,,,,,,,,,
0,0,BAU,NO_OSS,GAS_MSW,,,2031,,,,,,1.0,,,,,,,,,,,,,,,
0,0,BAU,NO_OSS,GAS_MSW,,,2032,,,,,,1.0,,,,,,,,,,,,,,,
0,0,BAU,NO_OSS,GAS_MSW,,,2033,,,,,,1.0,,,,,,,,,,,,,,,
0,0,BAU,NO_OSS,GAS_MSW,,,2034,,,,,,1.0,,,,,,,,,,,,,,,
0,0,BAU,NO_OSS,GAS_MSW,,,2035,,,,,,1.0,,,,,,,,,,,,,,,
0,0,BAU,NO_OSS,GAS_MSW,,,2036,,,,,,1.0,,,,,,,,,,,,,,,
0,0,BAU,NO_OSS,GAS_MSW,,,2037,,,,,,1.0,,,,,,,,,,,,,,,
0,0,BAU,NO_OSS,GAS_MSW,,,2038,,,,,,1.0,,,,,,,,,,,,,,,
0,0,BAU,NO_OSS,GAS_MSW,,,2039,,,,,,1.0,,,,,,,,,,,,,,,
0,0,BAU,NO_OSS,GAS_MSW,,,2040,,,,,,1.0,,,,,,,,,,,,,,,
0,0,BAU,NO_OSS,GAS_MSW,,,2041,,,,,,1.0,,,,,,,,,,,,,,,
0,0,BAU,NO_OSS,GAS_MSW,,,2042,,,,,,1.0,,,,,,,,,,,,,,,
0,0,BAU,NO_OSS,GAS_MSW,,,2043,,,,,,1.0,,,,,,,,,,,,,,,
0,0,BAU,NO_OSS,GAS_MSW,,,2044,,,,,,1.0,,,,,,,,,,,,,,,
0,0,BAU,NO_OSS,GAS_MSW,,,2045,,,,,,1.0,,,,,,,,,,,,,,,
0,0,BAU,NO_OSS,GAS_MSW,,,2046,,,,,,1.0,,,,,,,,,,,,,,,
0,0,BAU,NO_OSS,GAS_MSW,,,2047,,,,,,1.0,,,,,,,,,,,,,,,
0,0,BAU,NO_OSS,GAS_MSW,,,2048,,,,,,1.0,,,,,,,,,,,,,,,
0,0,BAU,NO_OSS,GAS_MSW,,,2049,,,,,,1.0,,,,,,,,,,,,,,,
0,0,BAU,NO_OSS,GAS_MSW,,,2050,,,,,,1.0,,,,,,,,,,,,,,,
0,0,BAU,NO_OSS,HTC,,,2018,,,,,,1,,,,,,,,,,,,,,,
0,0,BAU,NO_OSS,HTC,,,2019,,,,,,1.0,,,,,,,,,,,,,,,
0,0,BAU,NO_OSS,HTC,,,2020,,,,,,1.0,,,,,,,,,,,,,,,
0,0,BAU,NO_OSS,HTC,,,2021,,,,,,1.0,,,,,,,,,,,,,,,
0,0,BAU,NO_OSS,HTC,,,2022,,,,,,1.0,,,,,,,,,,,,,,,
0,0,BAU,NO_OSS,HTC,,,2023,,,,,,1.0,,,,,,,,,,,,,,,
0,0,BAU,NO_OSS,HTC,,,2024,,,,,,1.0,,,,,,,,,,,,,,,
0,0,BAU,NO_OSS,HTC,,,2025,,,,,,1.0,,,,,,,,,,,,,,,
0,0,BAU,NO_OSS,HTC,,,2026,,,,,,1.0,,,,,,,,,,,,,,,
0,0,BAU,NO_OSS,HTC,,,2027,,,,,,1.0,,,,,,,,,,,,,,,
0,0,BAU,NO_OSS,HTC,,,2028,,,,,,1.0,,,,,,,,,,,,,,,
0,0,BAU,NO_OSS,HTC,,,2029,,,,,,1.0,,,,,,,,,,,,,,,
0,0,BAU,NO_OSS,HTC,,,2030,,,,,,1.0,,,,,,,,,,,,,,,
0,0,BAU,NO_OSS,HTC,,,2031,,,,,,1.0,,,,,,,,,,,,,,,
0,0,BAU,NO_OSS,HTC,,,2032,,,,,,1.0,,,,,,,,,,,,,,,
0,0,BAU,NO_OSS,HTC,,,2033,,,,,,1.0,,,,,,,,,,,,,,,
0,0,BAU,NO_OSS,HTC,,,2034,,,,,,1.0,,,,,,,,,,,,,,,
0,0,BAU,NO_OSS,HTC,,,2035,,,,,,1.0,,,,,,,,,,,,,,,
0,0,BAU,NO_OSS,HTC,,,2036,,,,,,1.0,,,,,,,,,,,,,,,
0,0,BAU,NO_OSS,HTC,,,2037,,,,,,1.0,,,,,,,,,,,,,,,
0,0,BAU,NO_OSS,HTC,,,2038,,,,,,1.0,,,,,,,,,,,,,,,
0,0,BAU,NO_OSS,HTC,,,2039,,,,,,1.0,,,,,,,,,,,,,,,
0,0,BAU,NO_OSS,HTC,,,2040,,,,,,1.0,,,,,,,,,,,,,,,
0,0,BAU,NO_OSS,HTC,,,2041,,,,,,1.0,,,,,,,,,,,,,,,
0,0,BAU,NO_OSS,HTC,,,2042,,,,,,1.0,,,,,,,,,,,,,,,
0,0,BAU,NO_OSS,HTC,,,2043,,,,,,1.0,,,,,,,,,,,,,,,
0,0,BAU,NO_OSS,HTC,,,2044,,,,,,1.0,,,,,,,,,,,,,,,
0,0,BAU,NO_OSS,HTC,,,2045,,,,,,1.0,,,,,,,,,,,,,,,
0,0,BAU,NO_OSS,HTC,,,2046,,,,,,1.0,,,,,,,,,,,,,,,
0,0,BAU,NO_OSS,HTC,,,2047,,,,,,1.0,,,,,,,,,,,,,,,
0,0,BAU,NO_OSS,HTC,,,2048,,,,,,1.0,,,,,,,,,,,,,,,
0,0,BAU,NO_OSS,HTC,,,2049,,,,,,1.0,,,,,,,,,,,,,,,
0,0,BAU,NO_OSS,HTC,,,2050,,,,,,1.0,,,,,,,,,,,,,,,
0,0,BAU,NO_COLL_SDF,OPEN_BURN,,,2018,,,,,,1,,,,,,,,,,,,,,,
0,0,BAU,NO_COLL_SDF,OPEN_BURN,,,2019,,,,,,1.0,,,,,,,,,,,,,,,
0,0,BAU,NO_COLL_SDF,OPEN_BURN,,,2020,,,,,,1.0,,,,,,,,,,,,,,,
0,0,BAU,NO_COLL_SDF,OPEN_BURN,,,2021,,,,,,1.0,,,,,,,,,,,,,,,
0,0,BAU,NO_COLL_SDF,OPEN_BURN,,,2022,,,,,,1.0,,,,,,,,,,,,,,,
0,0,BAU,NO_COLL_SDF,OPEN_BURN,,,2023,,,,,,1.0,,,,,,,,,,,,,,,
0,0,BAU,NO_COLL_SDF,OPEN_BURN,,,2024,,,,,,1.0,,,,,,,,,,,,,,,
0,0,BAU,NO_COLL_SDF,OPEN_BURN,,,2025,,,,,,1.0,,,,,,,,,,,,,,,
0,0,BAU,NO_COLL_SDF,OPEN_BURN,,,2026,,,,,,1.0,,,,,,,,,,,,,,,
0,0,BAU,NO_COLL_SDF,OPEN_BURN,,,2027,,,,,,1.0,,,,,,,,,,,,,,,
0,0,BAU,NO_COLL_SDF,OPEN_BURN,,,2028,,,,,,1.0,,,,,,,,,,,,,,,
0,0,BAU,NO_COLL_SDF,OPEN_BURN,,,2029,,,,,,1.0,,,,,,,,,,,,,,,
0,0,BAU,NO_COLL_SDF,OPEN_BURN,,,2030,,,,,,1.0,,,,,,,,,,,,,,,
0,0,BAU,NO_COLL_SDF,OPEN_BURN,,,2031,,,,,,1.0,,,,,,,,,,,,,,,
0,0,BAU,NO_COLL_SDF,OPEN_BURN,,,2032,,,,,,1.0,,,,,,,,,,,,,,,
0,0,BAU,NO_COLL_SDF,OPEN_BURN,,,2033,,,,,,1.0,,,,,,,,,,,,,,,
0,0,BAU,NO_COLL_SDF,OPEN_BURN,,,2034,,,,,,1.0,,,,,,,,,,,,,,,
0,0,BAU,NO_COLL_SDF,OPEN_BURN,,,2035,,,,,,1.0,,,,,,,,,,,,,,,
0,0,BAU,NO_COLL_SDF,OPEN_BURN,,,2036,,,,,,1.0,,,,,,,,,,,,,,,
0,0,BAU,NO_COLL_SDF,OPEN_BURN,,,2037,,,,,,1.0,,,,,,,,,,,,,,,
0,0,BAU,NO_COLL_SDF,OPEN_BURN,,,2038,,,,,,1.0,,,,,,,,,,,,,,,
0,0,BAU,NO_COLL_SDF,OPEN_BURN,,,2039,,,,,,1.0,,,,,,,,,,,,,,,
0,0,BAU,NO_COLL_SDF,OPEN_BURN,,,2040,,,,,,1.0,,,,,,,,,,,,,,,
0,0,BAU,NO_COLL_SDF,OPEN_BURN,,,2041,,,,,,1.0,,,,,,,,,,,,,,,
0,0,BAU,NO_COLL_SDF,OPEN_BURN,,,2042,,,,,,1.0,,,,,,,,,,,,,,,
0,0,BAU,NO_COLL_SDF,OPEN_BURN,,,2043,,,,,,1.0,,,,,,,,,,,,,,,
0,0,BAU,NO_COLL_SDF,OPEN_BURN,,,2044,,,,,,1.0,,,,,,,,,,,,,,,
0,0,BAU,NO_COLL_SDF,OPEN_BURN,,,2045,,,,,,1.0,,,,,,,,,,,,,,,
0,0,BAU,NO_COLL_SDF,OPEN_BURN,,,2046,,,,,,1.0,,,,,,,,,,,,,,,
0,0,BAU,NO_COLL_SDF,OPEN_BURN,,,2047,,,,,,1.0,,,,,,,,,,,,,,,
0,0,BAU,NO_COLL_SDF,OPEN_BURN,,,2048,,,,,,1.0,,,,,,,,,,,,,,,
0,0,BAU,NO_COLL_SDF,OPEN_BURN,,,2049,,,,,,1.0,,,,,,,,,,,,,,,
0,0,BAU,NO_COLL_SDF,OPEN_BURN,,,2050,,,,,,1.0,,,,,,,,,,,,,,,
0,0,BAU,NO_COLL_SDF,SIT_CLAN,,,2018,,,,,,1,,,,,,,,,,,,,,,
0,0,BAU,NO_COLL_SDF,SIT_CLAN,,,2019,,,,,,1.0,,,,,,,,,,,,,,,
0,0,BAU,NO_COLL_SDF,SIT_CLAN,,,2020,,,,,,1.0,,,,,,,,,,,,,,,
0,0,BAU,NO_COLL_SDF,SIT_CLAN,,,2021,,,,,,1.0,,,,,,,,,,,,,,,
0,0,BAU,NO_COLL_SDF,SIT_CLAN,,,2022,,,,,,1.0,,,,,,,,,,,,,,,
0,0,BAU,NO_COLL_SDF,SIT_CLAN,,,2023,,,,,,1.0,,,,,,,,,,,,,,,
0,0,BAU,NO_COLL_SDF,SIT_CLAN,,,2024,,,,,,1.0,,,,,,,,,,,,,,,
0,0,BAU,NO_COLL_SDF,SIT_CLAN,,,2025,,,,,,1.0,,,,,,,,,,,,,,,
0,0,BAU,NO_COLL_SDF,SIT_CLAN,,,2026,,,,,,1.0,,,,,,,,,,,,,,,
0,0,BAU,NO_COLL_SDF,SIT_CLAN,,,2027,,,,,,1.0,,,,,,,,,,,,,,,
0,0,BAU,NO_COLL_SDF,SIT_CLAN,,,2028,,,,,,1.0,,,,,,,,,,,,,,,
0,0,BAU,NO_COLL_SDF,SIT_CLAN,,,2029,,,,,,1.0,,,,,,,,,,,,,,,
0,0,BAU,NO_COLL_SDF,SIT_CLAN,,,2030,,,,,,1.0,,,,,,,,,,,,,,,
0,0,BAU,NO_COLL_SDF,SIT_CLAN,,,2031,,,,,,1.0,,,,,,,,,,,,,,,
0,0,BAU,NO_COLL_SDF,SIT_CLAN,,,2032,,,,,,1.0,,,,,,,,,,,,,,,
0,0,BAU,NO_COLL_SDF,SIT_CLAN,,,2033,,,,,,1.0,,,,,,,,,,,,,,,
0,0,BAU,NO_COLL_SDF,SIT_CLAN,,,2034,,,,,,1.0,,,,,,,,,,,,,,,
0,0,BAU,NO_COLL_SDF,SIT_CLAN,,,2035,,,,,,1.0,,,,,,,,,,,,,,,
0,0,BAU,NO_COLL_SDF,SIT_CLAN,,,2036,,,,,,1.0,,,,,,,,,,,,,,,
0,0,BAU,NO_COLL_SDF,SIT_CLAN,,,2037,,,,,,1.0,,,,,,,,,,,,,,,
0,0,BAU,NO_COLL_SDF,SIT_CLAN,,,2038,,,,,,1.0,,,,,,,,,,,,,,,
0,0,BAU,NO_COLL_SDF,SIT_CLAN,,,2039,,,,,,1.0,,,,,,,,,,,,,,,
0,0,BAU,NO_COLL_SDF,SIT_CLAN,,,2040,,,,,,1.0,,,,,,,,,,,,,,,
0,0,BAU,NO_COLL_SDF,SIT_CLAN,,,2041,,,,,,1.0,,,,,,,,,,,,,,,
0,0,BAU,NO_COLL_SDF,SIT_CLAN,,,2042,,,,,,1.0,,,,,,,,,,,,,,,
0,0,BAU,NO_COLL_SDF,SIT_CLAN,,,2043,,,,,,1.0,,,,,,,,,,,,,,,
0,0,BAU,NO_COLL_SDF,SIT_CLAN,,,2044,,,,,,1.0,,,,,,,,,,,,,,,
0,0,BAU,NO_COLL_SDF,SIT_CLAN,,,2045,,,,,,1.0,,,,,,,,,,,,,,,
0,0,BAU,NO_COLL_SDF,SIT_CLAN,,,2046,,,,,,1.0,,,,,,,,,,,,,,,
0,0,BAU,NO_COLL_SDF,SIT_CLAN,,,2047,,,,,,1.0,,,,,,,,,,,,,,,
0,0,BAU,NO_COLL_SDF,SIT_CLAN,,,2048,,,,,,1.0,,,,,,,,,,,,,,,
0,0,BAU,NO_COLL_SDF,SIT_CLAN,,,2049,,,,,,1.0,,,,,,,,,,,,,,,
0,0,BAU,NO_COLL_SDF,SIT_CLAN,,,2050,,,,,,1.0,,,,,,,,,,,,,,,
0,0,BAU,LANDFILL_ELEC,LANDFILL_ELEC,,,2018,,,,,,1,,,,,,,,,,,,,,,
0,0,BAU,LANDFILL_ELEC,LANDFILL_ELEC,,,2019,,,,,,1.0,,,,,,,,,,,,,,,
0,0,BAU,LANDFILL_ELEC,LANDFILL_ELEC,,,2020,,,,,,1.0,,,,,,,,,,,,,,,
0,0,BAU,LANDFILL_ELEC,LANDFILL_ELEC,,,2021,,,,,,1.0,,,,,,,,,,,,,,,
0,0,BAU,LANDFILL_ELEC,LANDFILL_ELEC,,,2022,,,,,,1.0,,,,,,,,,,,,,,,
0,0,BAU,LANDFILL_ELEC,LANDFILL_ELEC,,,2023,,,,,,1.0,,,,,,,,,,,,,,,
0,0,BAU,LANDFILL_ELEC,LANDFILL_ELEC,,,2024,,,,,,1.0,,,,,,,,,,,,,,,
0,0,BAU,LANDFILL_ELEC,LANDFILL_ELEC,,,2025,,,,,,1.0,,,,,,,,,,,,,,,
0,0,BAU,LANDFILL_ELEC,LANDFILL_ELEC,,,2026,,,,,,1.0,,,,,,,,,,,,,,,
0,0,BAU,LANDFILL_ELEC,LANDFILL_ELEC,,,2027,,,,,,1.0,,,,,,,,,,,,,,,
0,0,BAU,LANDFILL_ELEC,LANDFILL_ELEC,,,2028,,,,,,1.0,,,,,,,,,,,,,,,
0,0,BAU,LANDFILL_ELEC,LANDFILL_ELEC,,,2029,,,,,,1.0,,,,,,,,,,,,,,,
0,0,BAU,LANDFILL_ELEC,LANDFILL_ELEC,,,2030,,,,,,1.0,,,,,,,,,,,,,,,
0,0,BAU,LANDFILL_ELEC,LANDFILL_ELEC,,,2031,,,,,,1.0,,,,,,,,,,,,,,,
0,0,BAU,LANDFILL_ELEC,LANDFILL_ELEC,,,2032,,,,,,1.0,,,,,,,,,,,,,,,
0,0,BAU,LANDFILL_ELEC,LANDFILL_ELEC,,,2033,,,,,,1.0,,,,,,,,,,,,,,,
0,0,BAU,LANDFILL_ELEC,LANDFILL_ELEC,,,2034,,,,,,1.0,,,,,,,,,,,,,,,
0,0,BAU,LANDFILL_ELEC,LANDFILL_ELEC,,,2035,,,,,,1.0,,,,,,,,,,,,,,,
0,0,BAU,LANDFILL_ELEC,LANDFILL_ELEC,,,2036,,,,,,1.0,,,,,,,,,,,,,,,
0,0,BAU,LANDFILL_ELEC,LANDFILL_ELEC,,,2037,,,,,,1.0,,,,,,,,,,,,,,,
0,0,BAU,LANDFILL_ELEC,LANDFILL_ELEC,,,2038,,,,,,1.0,,,,,,,,,,,,,,,
0,0,BAU,LANDFILL_ELEC,LANDFILL_ELEC,,,2039,,,,,,1.0,,,,,,,,,,,,,,,
0,0,BAU,LANDFILL_ELEC,LANDFILL_ELEC,,,2040,,,,,,1.0,,,,,,,,,,,,,,,
0,0,BAU,LANDFILL_ELEC,LANDFILL_ELEC,,,2041,,,,,,1.0,,,,,,,,,,,,,,,
0,0,BAU,LANDFILL_ELEC,LANDFILL_ELEC,,,2042,,,,,,1.0,,,,,,,,,,,,,,,
0,0,BAU,LANDFILL_ELEC,LANDFILL_ELEC,,,2043,,,,,,1.0,,,,,,,,,,,,,,,
0,0,BAU,LANDFILL_ELEC,LANDFILL_ELEC,,,2044,,,,,,1.0,,,,,,,,,,,,,,,
0,0,BAU,LANDFILL_ELEC,LANDFILL_ELEC,,,2045,,,,,,1.0,,,,,,,,,,,,,,,
0,0,BAU,LANDFILL_ELEC,LANDFILL_ELEC,,,2046,,,,,,1.0,,,,,,,,,,,,,,,
0,0,BAU,LANDFILL_ELEC,LANDFILL_ELEC,,,2047,,,,,,1.0,,,,,,,,,,,,,,,
0,0,BAU,LANDFILL_ELEC,LANDFILL_ELEC,,,2048,,,,,,1.0,,,,,,,,,,,,,,,
0,0,BAU,LANDFILL_ELEC,LANDFILL_ELEC,,,2049,,,,,,1.0,,,,,,,,,,,,,,,
0,0,BAU,LANDFILL_ELEC,LANDFILL_ELEC,,,2050,,,,,,1.0,,,,,,,,,,,,,,,
0,0,BAU,IND_SW,IND_SW,,,2018,,,,,,1,,,,,,,,,,,,,,,
0,0,BAU,IND_SW,IND_SW,,,2019,,,,,,1.0,,,,,,,,,,,,,,,
0,0,BAU,IND_SW,IND_SW,,,2020,,,,,,1.0,,,,,,,,,,,,,,,
0,0,BAU,IND_SW,IND_SW,,,2021,,,,,,1.0,,,,,,,,,,,,,,,
0,0,BAU,IND_SW,IND_SW,,,2022,,,,,,1.0,,,,,,,,,,,,,,,
0,0,BAU,IND_SW,IND_SW,,,2023,,,,,,1.0,,,,,,,,,,,,,,,
0,0,BAU,IND_SW,IND_SW,,,2024,,,,,,1.0,,,,,,,,,,,,,,,
0,0,BAU,IND_SW,IND_SW,,,2025,,,,,,1.0,,,,,,,,,,,,,,,
0,0,BAU,IND_SW,IND_SW,,,2026,,,,,,1.0,,,,,,,,,,,,,,,
0,0,BAU,IND_SW,IND_SW,,,2027,,,,,,1.0,,,,,,,,,,,,,,,
0,0,BAU,IND_SW,IND_SW,,,2028,,,,,,1.0,,,,,,,,,,,,,,,
0,0,BAU,IND_SW,IND_SW,,,2029,,,,,,1.0,,,,,,,,,,,,,,,
0,0,BAU,IND_SW,IND_SW,,,2030,,,,,,1.0,,,,,,,,,,,,,,,
0,0,BAU,IND_SW,IND_SW,,,2031,,,,,,1.0,,,,,,,,,,,,,,,
0,0,BAU,IND_SW,IND_SW,,,2032,,,,,,1.0,,,,,,,,,,,,,,,
0,0,BAU,IND_SW,IND_SW,,,2033,,,,,,1.0,,,,,,,,,,,,,,,
0,0,BAU,IND_SW,IND_SW,,,2034,,,,,,1.0,,,,,,,,,,,,,,,
0,0,BAU,IND_SW,IND_SW,,,2035,,,,,,1.0,,,,,,,,,,,,,,,
0,0,BAU,IND_SW,IND_SW,,,2036,,,,,,1.0,,,,,,,,,,,,,,,
0,0,BAU,IND_SW,IND_SW,,,2037,,,,,,1.0,,,,,,,,,,,,,,,
0,0,BAU,IND_SW,IND_SW,,,2038,,,,,,1.0,,,,,,,,,,,,,,,
0,0,BAU,IND_SW,IND_SW,,,2039,,,,,,1.0,,,,,,,,,,,,,,,
0,0,BAU,IND_SW,IND_SW,,,2040,,,,,,1.0,,,,,,,,,,,,,,,
0,0,BAU,IND_SW,IND_SW,,,2041,,,,,,1.0,,,,,,,,,,,,,,,
0,0,BAU,IND_SW,IND_SW,,,2042,,,,,,1.0,,,,,,,,,,,,,,,
0,0,BAU,IND_SW,IND_SW,,,2043,,,,,,1.0,,,,,,,,,,,,,,,
0,0,BAU,IND_SW,IND_SW,,,2044,,,,,,1.0,,,,,,,,,,,,,,,
0,0,BAU,IND_SW,IND_SW,,,2045,,,,,,1.0,,,,,,,,,,,,,,,
0,0,BAU,IND_SW,IND_SW,,,2046,,,,,,1.0,,,,,,,,,,,,,,,
0,0,BAU,IND_SW,IND_SW,,,2047,,,,,,1.0,,,,,,,,,,,,,,,
0,0,BAU,IND_SW,IND_SW,,,2048,,,,,,1.0,,,,,,,,,,,,,,,
0,0,BAU,IND_SW,IND_SW,,,2049,,,,,,1.0,,,,,,,,,,,,,,,
0,0,BAU,IND_SW,IND_SW,,,2050,,,,,,1.0,,,,,,,,,,,,,,,
0,0,BAU,CO2_CH4_BURN,CO2_CH4_BURN,,,2018,,,,,,1,,,,,,,,,,,,,,,
0,0,BAU,CO2_CH4_BURN,CO2_CH4_BURN,,,2019,,,,,,1.0,,,,,,,,,,,,,,,
0,0,BAU,CO2_CH4_BURN,CO2_CH4_BURN,,,2020,,,,,,1.0,,,,,,,,,,,,,,,
0,0,BAU,CO2_CH4_BURN,CO2_CH4_BURN,,,2021,,,,,,1.0,,,,,,,,,,,,,,,
0,0,BAU,CO2_CH4_BURN,CO2_CH4_BURN,,,2022,,,,,,1.0,,,,,,,,,,,,,,,
0,0,BAU,CO2_CH4_BURN,CO2_CH4_BURN,,,2023,,,,,,1.0,,,,,,,,,,,,,,,
0,0,BAU,CO2_CH4_BURN,CO2_CH4_BURN,,,2024,,,,,,1.0,,,,,,,,,,,,,,,
0,0,BAU,CO2_CH4_BURN,CO2_CH4_BURN,,,2025,,,,,,1.0,,,,,,,,,,,,,,,
0,0,BAU,CO2_CH4_BURN,CO2_CH4_BURN,,,2026,,,,,,1.0,,,,,,,,,,,,,,,
0,0,BAU,CO2_CH4_BURN,CO2_CH4_BURN,,,2027,,,,,,1.0,,,,,,,,,,,,,,,
0,0,BAU,CO2_CH4_BURN,CO2_CH4_BURN,,,2028,,,,,,1.0,,,,,,,,,,,,,,,
0,0,BAU,CO2_CH4_BURN,CO2_CH4_BURN,,,2029,,,,,,1.0,,,,,,,,,,,,,,,
0,0,BAU,CO2_CH4_BURN,CO2_CH4_BURN,,,2030,,,,,,1.0,,,,,,,,,,,,,,,
0,0,BAU,CO2_CH4_BURN,CO2_CH4_BURN,,,2031,,,,,,1.0,,,,,,,,,,,,,,,
0,0,BAU,CO2_CH4_BURN,CO2_CH4_BURN,,,2032,,,,,,1.0,,,,,,,,,,,,,,,
0,0,BAU,CO2_CH4_BURN,CO2_CH4_BURN,,,2033,,,,,,1.0,,,,,,,,,,,,,,,
0,0,BAU,CO2_CH4_BURN,CO2_CH4_BURN,,,2034,,,,,,1.0,,,,,,,,,,,,,,,
0,0,BAU,CO2_CH4_BURN,CO2_CH4_BURN,,,2035,,,,,,1.0,,,,,,,,,,,,,,,
0,0,BAU,CO2_CH4_BURN,CO2_CH4_BURN,,,2036,,,,,,1.0,,,,,,,,,,,,,,,
0,0,BAU,CO2_CH4_BURN,CO2_CH4_BURN,,,2037,,,,,,1.0,,,,,,,,,,,,,,,
0,0,BAU,CO2_CH4_BURN,CO2_CH4_BURN,,,2038,,,,,,1.0,,,,,,,,,,,,,,,
0,0,BAU,CO2_CH4_BURN,CO2_CH4_BURN,,,2039,,,,,,1.0,,,,,,,,,,,,,,,
0,0,BAU,CO2_CH4_BURN,CO2_CH4_BURN,,,2040,,,,,,1.0,,,,,,,,,,,,,,,
0,0,BAU,CO2_CH4_BURN,CO2_CH4_BURN,,,2041,,,,,,1.0,,,,,,,,,,,,,,,
0,0,BAU,CO2_CH4_BURN,CO2_CH4_BURN,,,2042,,,,,,1.0,,,,,,,,,,,,,,,
0,0,BAU,CO2_CH4_BURN,CO2_CH4_BURN,,,2043,,,,,,1.0,,,,,,,,,,,,,,,
0,0,BAU,CO2_CH4_BURN,CO2_CH4_BURN,,,2044,,,,,,1.0,,,,,,,,,,,,,,,
0,0,BAU,CO2_CH4_BURN,CO2_CH4_BURN,,,2045,,,,,,1.0,,,,,,,,,,,,,,,
0,0,BAU,CO2_CH4_BURN,CO2_CH4_BURN,,,2046,,,,,,1.0,,,,,,,,,,,,,,,
0,0,BAU,CO2_CH4_BURN,CO2_CH4_BURN,,,2047,,,,,,1.0,,,,,,,,,,,,,,,
0,0,BAU,CO2_CH4_BURN,CO2_CH4_BURN,,,2048,,,,,,1.0,,,,,,,,,,,,,,,
0,0,BAU,CO2_CH4_BURN,CO2_CH4_BURN,,,2049,,,,,,1.0,,,,,,,,,,,,,,,
0,0,BAU,CO2_CH4_BURN,CO2_CH4_BURN,,,2050,,,,,,1.0,,,,,,,,,,,,,,,
0,0,BAU,COMPOST_DOM,COMPOST_DOM,,,2018,,,,,,1,,,,,,,,,,,,,,,
0,0,BAU,COMPOST_DOM,COMPOST_DOM,,,2019,,,,,,1.0,,,,,,,,,,,,,,,
0,0,BAU,COMPOST_DOM,COMPOST_DOM,,,2020,,,,,,1.0,,,,,,,,,,,,,,,
0,0,BAU,COMPOST_DOM,COMPOST_DOM,,,2021,,,,,,1.0,,,,,,,,,,,,,,,
0,0,BAU,COMPOST_DOM,COMPOST_DOM,,,2022,,,,,,1.0,,,,,,,,,,,,,,,
0,0,BAU,COMPOST_DOM,COMPOST_DOM,,,2023,,,,,,1.0,,,,,,,,,,,,,,,
0,0,BAU,COMPOST_DOM,COMPOST_DOM,,,2024,,,,,,1.0,,,,,,,,,,,,,,,
0,0,BAU,COMPOST_DOM,COMPOST_DOM,,,2025,,,,,,1.0,,,,,,,,,,,,,,,
0,0,BAU,COMPOST_DOM,COMPOST_DOM,,,2026,,,,,,1.0,,,,,,,,,,,,,,,
0,0,BAU,COMPOST_DOM,COMPOST_DOM,,,2027,,,,,,1.0,,,,,,,,,,,,,,,
0,0,BAU,COMPOST_DOM,COMPOST_DOM,,,2028,,,,,,1.0,,,,,,,,,,,,,,,
0,0,BAU,COMPOST_DOM,COMPOST_DOM,,,2029,,,,,,1.0,,,,,,,,,,,,,,,
0,0,BAU,COMPOST_DOM,COMPOST_DOM,,,2030,,,,,,1.0,,,,,,,,,,,,,,,
0,0,BAU,COMPOST_DOM,COMPOST_DOM,,,2031,,,,,,1.0,,,,,,,,,,,,,,,
0,0,BAU,COMPOST_DOM,COMPOST_DOM,,,2032,,,,,,1.0,,,,,,,,,,,,,,,
0,0,BAU,COMPOST_DOM,COMPOST_DOM,,,2033,,,,,,1.0,,,,,,,,,,,,,,,
0,0,BAU,COMPOST_DOM,COMPOST_DOM,,,2034,,,,,,1.0,,,,,,,,,,,,,,,
0,0,BAU,COMPOST_DOM,COMPOST_DOM,,,2035,,,,,,1.0,,,,,,,,,,,,,,,
0,0,BAU,COMPOST_DOM,COMPOST_DOM,,,2036,,,,,,1.0,,,,,,,,,,,,,,,
0,0,BAU,COMPOST_DOM,COMPOST_DOM,,,2037,,,,,,1.0,,,,,,,,,,,,,,,
0,0,BAU,COMPOST_DOM,COMPOST_DOM,,,2038,,,,,,1.0,,,,,,,,,,,,,,,
0,0,BAU,COMPOST_DOM,COMPOST_DOM,,,2039,,,,,,1.0,,,,,,,,,,,,,,,
0,0,BAU,COMPOST_DOM,COMPOST_DOM,,,2040,,,,,,1.0,,,,,,,,,,,,,,,
0,0,BAU,COMPOST_DOM,COMPOST_DOM,,,2041,,,,,,1.0,,,,,,,,,,,,,,,
0,0,BAU,COMPOST_DOM,COMPOST_DOM,,,2042,,,,,,1.0,,,,,,,,,,,,,,,
0,0,BAU,COMPOST_DOM,COMPOST_DOM,,,2043,,,,,,1.0,,,,,,,,,,,,,,,
0,0,BAU,COMPOST_DOM,COMPOST_DOM,,,2044,,,,,,1.0,,,,,,,,,,,,,,,
0,0,BAU,COMPOST_DOM,COMPOST_DOM,,,2045,,,,,,1.0,,,,,,,,,,,,,,,
0,0,BAU,COMPOST_DOM,COMPOST_DOM,,,2046,,,,,,1.0,,,,,,,,,,,,,,,
0,0,BAU,COMPOST_DOM,COMPOST_DOM,,,2047,,,,,,1.0,,,,,,,,,,,,,,,
0,0,BAU,COMPOST_DOM,COMPOST_DOM,,,2048,,,,,,1.0,,,,,,,,,,,,,,,
0,0,BAU,COMPOST_DOM,COMPOST_DOM,,,2049,,,,,,1.0,,,,,,,,,,,,,,,
0,0,BAU,COMPOST_DOM,COMPOST_DOM,,,2050,,,,,,1.0,,,,,,,,,,,,,,,
0,0,BAU,COMPOST_COFFEE,COMPOST_COFFEE,,,2018,,,,,,1,,,,,,,,,,,,,,,
0,0,BAU,COMPOST_COFFEE,COMPOST_COFFEE,,,2019,,,,,,1.0,,,,,,,,,,,,,,,
0,0,BAU,COMPOST_COFFEE,COMPOST_COFFEE,,,2020,,,,,,1.0,,,,,,,,,,,,,,,
0,0,BAU,COMPOST_COFFEE,COMPOST_COFFEE,,,2021,,,,,,1.0,,,,,,,,,,,,,,,
0,0,BAU,COMPOST_COFFEE,COMPOST_COFFEE,,,2022,,,,,,1.0,,,,,,,,,,,,,,,
0,0,BAU,COMPOST_COFFEE,COMPOST_COFFEE,,,2023,,,,,,1.0,,,,,,,,,,,,,,,
0,0,BAU,COMPOST_COFFEE,COMPOST_COFFEE,,,2024,,,,,,1.0,,,,,,,,,,,,,,,
0,0,BAU,COMPOST_COFFEE,COMPOST_COFFEE,,,2025,,,,,,1.0,,,,,,,,,,,,,,,
0,0,BAU,COMPOST_COFFEE,COMPOST_COFFEE,,,2026,,,,,,1.0,,,,,,,,,,,,,,,
0,0,BAU,COMPOST_COFFEE,COMPOST_COFFEE,,,2027,,,,,,1.0,,,,,,,,,,,,,,,
0,0,BAU,COMPOST_COFFEE,COMPOST_COFFEE,,,2028,,,,,,1.0,,,,,,,,,,,,,,,
0,0,BAU,COMPOST_COFFEE,COMPOST_COFFEE,,,2029,,,,,,1.0,,,,,,,,,,,,,,,
0,0,BAU,COMPOST_COFFEE,COMPOST_COFFEE,,,2030,,,,,,1.0,,,,,,,,,,,,,,,
0,0,BAU,COMPOST_COFFEE,COMPOST_COFFEE,,,2031,,,,,,1.0,,,,,,,,,,,,,,,
0,0,BAU,COMPOST_COFFEE,COMPOST_COFFEE,,,2032,,,,,,1.0,,,,,,,,,,,,,,,
0,0,BAU,COMPOST_COFFEE,COMPOST_COFFEE,,,2033,,,,,,1.0,,,,,,,,,,,,,,,
0,0,BAU,COMPOST_COFFEE,COMPOST_COFFEE,,,2034,,,,,,1.0,,,,,,,,,,,,,,,
0,0,BAU,COMPOST_COFFEE,COMPOST_COFFEE,,,2035,,,,,,1.0,,,,,,,,,,,,,,,
0,0,BAU,COMPOST_COFFEE,COMPOST_COFFEE,,,2036,,,,,,1.0,,,,,,,,,,,,,,,
0,0,BAU,COMPOST_COFFEE,COMPOST_COFFEE,,,2037,,,,,,1.0,,,,,,,,,,,,,,,
0,0,BAU,COMPOST_COFFEE,COMPOST_COFFEE,,,2038,,,,,,1.0,,,,,,,,,,,,,,,
0,0,BAU,COMPOST_COFFEE,COMPOST_COFFEE,,,2039,,,,,,1.0,,,,,,,,,,,,,,,
0,0,BAU,COMPOST_COFFEE,COMPOST_COFFEE,,,2040,,,,,,1.0,,,,,,,,,,,,,,,
0,0,BAU,COMPOST_COFFEE,COMPOST_COFFEE,,,2041,,,,,,1.0,,,,,,,,,,,,,,,
0,0,BAU,COMPOST_COFFEE,COMPOST_COFFEE,,,2042,,,,,,1.0,,,,,,,,,,,,,,,
0,0,BAU,COMPOST_COFFEE,COMPOST_COFFEE,,,2043,,,,,,1.0,,,,,,,,,,,,,,,
0,0,BAU,COMPOST_COFFEE,COMPOST_COFFEE,,,2044,,,,,,1.0,,,,,,,,,,,,,,,
0,0,BAU,COMPOST_COFFEE,COMPOST_COFFEE,,,2045,,,,,,1.0,,,,,,,,,,,,,,,
0,0,BAU,COMPOST_COFFEE,COMPOST_COFFEE,,,2046,,,,,,1.0,,,,,,,,,,,,,,,
0,0,BAU,COMPOST_COFFEE,COMPOST_COFFEE,,,2047,,,,,,1.0,,,,,,,,,,,,,,,
0,0,BAU,COMPOST_COFFEE,COMPOST_COFFEE,,,2048,,,,,,1.0,,,,,,,,,,,,,,,
0,0,BAU,COMPOST_COFFEE,COMPOST_COFFEE,,,2049,,,,,,1.0,,,,,,,,,,,,,,,
0,0,BAU,COMPOST_COFFEE,COMPOST_COFFEE,,,2050,,,,,,1.0,,,,,,,,,,,,,,,
0,0,BAU,DWW_DC,DWW_DC,,,2018,,,,,,1,,,,,,,,,,,,,,,
0,0,BAU,DWW_DC,DWW_DC,,,2019,,,,,,1.0,,,,,,,,,,,,,,,
0,0,BAU,DWW_DC,DWW_DC,,,2020,,,,,,1.0,,,,,,,,,,,,,,,
0,0,BAU,DWW_DC,DWW_DC,,,2021,,,,,,1.0,,,,,,,,,,,,,,,
0,0,BAU,DWW_DC,DWW_DC,,,2022,,,,,,1.0,,,,,,,,,,,,,,,
0,0,BAU,DWW_DC,DWW_DC,,,2023,,,,,,1.0,,,,,,,,,,,,,,,
0,0,BAU,DWW_DC,DWW_DC,,,2024,,,,,,1.0,,,,,,,,,,,,,,,
0,0,BAU,DWW_DC,DWW_DC,,,2025,,,,,,1.0,,,,,,,,,,,,,,,
0,0,BAU,DWW_DC,DWW_DC,,,2026,,,,,,1.0,,,,,,,,,,,,,,,
0,0,BAU,DWW_DC,DWW_DC,,,2027,,,,,,1.0,,,,,,,,,,,,,,,
0,0,BAU,DWW_DC,DWW_DC,,,2028,,,,,,1.0,,,,,,,,,,,,,,,
0,0,BAU,DWW_DC,DWW_DC,,,2029,,,,,,1.0,,,,,,,,,,,,,,,
0,0,BAU,DWW_DC,DWW_DC,,,2030,,,,,,1.0,,,,,,,,,,,,,,,
0,0,BAU,DWW_DC,DWW_DC,,,2031,,,,,,1.0,,,,,,,,,,,,,,,
0,0,BAU,DWW_DC,DWW_DC,,,2032,,,,,,1.0,,,,,,,,,,,,,,,
0,0,BAU,DWW_DC,DWW_DC,,,2033,,,,,,1.0,,,,,,,,,,,,,,,
0,0,BAU,DWW_DC,DWW_DC,,,2034,,,,,,1.0,,,,,,,,,,,,,,,
0,0,BAU,DWW_DC,DWW_DC,,,2035,,,,,,1.0,,,,,,,,,,,,,,,
0,0,BAU,DWW_DC,DWW_DC,,,2036,,,,,,1.0,,,,,,,,,,,,,,,
0,0,BAU,DWW_DC,DWW_DC,,,2037,,,,,,1.0,,,,,,,,,,,,,,,
0,0,BAU,DWW_DC,DWW_DC,,,2038,,,,,,1.0,,,,,,,,,,,,,,,
0,0,BAU,DWW_DC,DWW_DC,,,2039,,,,,,1.0,,,,,,,,,,,,,,,
0,0,BAU,DWW_DC,DWW_DC,,,2040,,,,,,1.0,,,,,,,,,,,,,,,
0,0,BAU,DWW_DC,DWW_DC,,,2041,,,,,,1.0,,,,,,,,,,,,,,,
0,0,BAU,DWW_DC,DWW_DC,,,2042,,,,,,1.0,,,,,,,,,,,,,,,
0,0,BAU,DWW_DC,DWW_DC,,,2043,,,,,,1.0,,,,,,,,,,,,,,,
0,0,BAU,DWW_DC,DWW_DC,,,2044,,,,,,1.0,,,,,,,,,,,,,,,
0,0,BAU,DWW_DC,DWW_DC,,,2045,,,,,,1.0,,,,,,,,,,,,,,,
0,0,BAU,DWW_DC,DWW_DC,,,2046,,,,,,1.0,,,,,,,,,,,,,,,
0,0,BAU,DWW_DC,DWW_DC,,,2047,,,,,,1.0,,,,,,,,,,,,,,,
0,0,BAU,DWW_DC,DWW_DC,,,2048,,,,,,1.0,,,,,,,,,,,,,,,
0,0,BAU,DWW_DC,DWW_DC,,,2049,,,,,,1.0,,,,,,,,,,,,,,,
0,0,BAU,DWW_DC,DWW_DC,,,2050,,,,,,1.0,,,,,,,,,,,,,,,
0,0,BAU,DWW_N,DWW_N,,,2018,,,,,,1,,,,,,,,,,,,,,,
0,0,BAU,DWW_N,DWW_N,,,2019,,,,,,1.0,,,,,,,,,,,,,,,
0,0,BAU,DWW_N,DWW_N,,,2020,,,,,,1.0,,,,,,,,,,,,,,,
0,0,BAU,DWW_N,DWW_N,,,2021,,,,,,1.0,,,,,,,,,,,,,,,
0,0,BAU,DWW_N,DWW_N,,,2022,,,,,,1.0,,,,,,,,,,,,,,,
0,0,BAU,DWW_N,DWW_N,,,2023,,,,,,1.0,,,,,,,,,,,,,,,
0,0,BAU,DWW_N,DWW_N,,,2024,,,,,,1.0,,,,,,,,,,,,,,,
0,0,BAU,DWW_N,DWW_N,,,2025,,,,,,1.0,,,,,,,,,,,,,,,
0,0,BAU,DWW_N,DWW_N,,,2026,,,,,,1.0,,,,,,,,,,,,,,,
0,0,BAU,DWW_N,DWW_N,,,2027,,,,,,1.0,,,,,,,,,,,,,,,
0,0,BAU,DWW_N,DWW_N,,,2028,,,,,,1.0,,,,,,,,,,,,,,,
0,0,BAU,DWW_N,DWW_N,,,2029,,,,,,1.0,,,,,,,,,,,,,,,
0,0,BAU,DWW_N,DWW_N,,,2030,,,,,,1.0,,,,,,,,,,,,,,,
0,0,BAU,DWW_N,DWW_N,,,2031,,,,,,1.0,,,,,,,,,,,,,,,
0,0,BAU,DWW_N,DWW_N,,,2032,,,,,,1.0,,,,,,,,,,,,,,,
0,0,BAU,DWW_N,DWW_N,,,2033,,,,,,1.0,,,,,,,,,,,,,,,
0,0,BAU,DWW_N,DWW_N,,,2034,,,,,,1.0,,,,,,,,,,,,,,,
0,0,BAU,DWW_N,DWW_N,,,2035,,,,,,1.0,,,,,,,,,,,,,,,
0,0,BAU,DWW_N,DWW_N,,,2036,,,,,,1.0,,,,,,,,,,,,,,,
0,0,BAU,DWW_N,DWW_N,,,2037,,,,,,1.0,,,,,,,,,,,,,,,
0,0,BAU,DWW_N,DWW_N,,,2038,,,,,,1.0,,,,,,,,,,,,,,,
0,0,BAU,DWW_N,DWW_N,,,2039,,,,,,1.0,,,,,,,,,,,,,,,
0,0,BAU,DWW_N,DWW_N,,,2040,,,,,,1.0,,,,,,,,,,,,,,,
0,0,BAU,DWW_N,DWW_N,,,2041,,,,,,1.0,,,,,,,,,,,,,,,
0,0,BAU,DWW_N,DWW_N,,,2042,,,,,,1.0,,,,,,,,,,,,,,,
0,0,BAU,DWW_N,DWW_N,,,2043,,,,,,1.0,,,,,,,,,,,,,,,
0,0,BAU,DWW_N,DWW_N,,,2044,,,,,,1.0,,,,,,,,,,,,,,,
0,0,BAU,DWW_N,DWW_N,,,2045,,,,,,1.0,,,,,,,,,,,,,,,
0,0,BAU,DWW_N,DWW_N,,,2046,,,,,,1.0,,,,,,,,,,,,,,,
0,0,BAU,DWW_N,DWW_N,,,2047,,,,,,1.0,,,,,,,,,,,,,,,
0,0,BAU,DWW_N,DWW_N,,,2048,,,,,,1.0,,,,,,,,,,,,,,,
0,0,BAU,DWW_N,DWW_N,,,2049,,,,,,1.0,,,,,,,,,,,,,,,
0,0,BAU,DWW_N,DWW_N,,,2050,,,,,,1.0,,,,,,,,,,,,,,,
0,0,BAU,IWW,IWW,,,2018,,,,,,1,,,,,,,,,,,,,,,
0,0,BAU,IWW,IWW,,,2019,,,,,,1.0,,,,,,,,,,,,,,,
0,0,BAU,IWW,IWW,,,2020,,,,,,1.0,,,,,,,,,,,,,,,
0,0,BAU,IWW,IWW,,,2021,,,,,,1.0,,,,,,,,,,,,,,,
0,0,BAU,IWW,IWW,,,2022,,,,,,1.0,,,,,,,,,,,,,,,
0,0,BAU,IWW,IWW,,,2023,,,,,,1.0,,,,,,,,,,,,,,,
0,0,BAU,IWW,IWW,,,2024,,,,,,1.0,,,,,,,,,,,,,,,
0,0,BAU,IWW,IWW,,,2025,,,,,,1.0,,,,,,,,,,,,,,,
0,0,BAU,IWW,IWW,,,2026,,,,,,1.0,,,,,,,,,,,,,,,
0,0,BAU,IWW,IWW,,,2027,,,,,,1.0,,,,,,,,,,,,,,,
0,0,BAU,IWW,IWW,,,2028,,,,,,1.0,,,,,,,,,,,,,,,
0,0,BAU,IWW,IWW,,,2029,,,,,,1.0,,,,,,,,,,,,,,,
0,0,BAU,IWW,IWW,,,2030,,,,,,1.0,,,,,,,,,,,,,,,
0,0,BAU,IWW,IWW,,,2031,,,,,,1.0,,,,,,,,,,,,,,,
0,0,BAU,IWW,IWW,,,2032,,,,,,1.0,,,,,,,,,,,,,,,
0,0,BAU,IWW,IWW,,,2033,,,,,,1.0,,,,,,,,,,,,,,,
0,0,BAU,IWW,IWW,,,2034,,,,,,1.0,,,,,,,,,,,,,,,
0,0,BAU,IWW,IWW,,,2035,,,,,,1.0,,,,,,,,,,,,,,,
0,0,BAU,IWW,IWW,,,2036,,,,,,1.0,,,,,,,,,,,,,,,
0,0,BAU,IWW,IWW,,,2037,,,,,,1.0,,,,,,,,,,,,,,,
0,0,BAU,IWW,IWW,,,2038,,,,,,1.0,,,,,,,,,,,,,,,
0,0,BAU,IWW,IWW,,,2039,,,,,,1.0,,,,,,,,,,,,,,,
0,0,BAU,IWW,IWW,,,2040,,,,,,1.0,,,,,,,,,,,,,,,
0,0,BAU,IWW,IWW,,,2041,,,,,,1.0,,,,,,,,,,,,,,,
0,0,BAU,IWW,IWW,,,2042,,,,,,1.0,,,,,,,,,,,,,,,
0,0,BAU,IWW,IWW,,,2043,,,,,,1.0,,,,,,,,,,,,,,,
0,0,BAU,IWW,IWW,,,2044,,,,,,1.0,,,,,,,,,,,,,,,
0,0,BAU,IWW,IWW,,,2045,,,,,,1.0,,,,,,,,,,,,,,,
0,0,BAU,IWW,IWW,,,2046,,,,,,1.0,,,,,,,,,,,,,,,
0,0,BAU,IWW,IWW,,,2047,,,,,,1.0,,,,,,,,,,,,,,,
0,0,BAU,IWW,IWW,,,2048,,,,,,1.0,,,,,,,,,,,,,,,
0,0,BAU,IWW,IWW,,,2049,,,,,,1.0,,,,,,,,,,,,,,,
0,0,BAU,IWW,IWW,,,2050,,,,,,1.0,,,,,,,,,,,,,,,
0,0,BAU,COLL_INORG,OSS_INORG,,,2018,,,,,,1,,,,,,,,,,,,,,,
0,0,BAU,COLL_INORG,OSS_INORG,,,2019,,,,,,1.0,,,,,,,,,,,,,,,
0,0,BAU,COLL_INORG,OSS_INORG,,,2020,,,,,,1.0,,,,,,,,,,,,,,,
0,0,BAU,COLL_INORG,OSS_INORG,,,2021,,,,,,1.0,,,,,,,,,,,,,,,
0,0,BAU,COLL_INORG,OSS_INORG,,,2022,,,,,,1.0,,,,,,,,,,,,,,,
0,0,BAU,COLL_INORG,OSS_INORG,,,2023,,,,,,1.0,,,,,,,,,,,,,,,
0,0,BAU,COLL_INORG,OSS_INORG,,,2024,,,,,,1.0,,,,,,,,,,,,,,,
0,0,BAU,COLL_INORG,OSS_INORG,,,2025,,,,,,1.0,,,,,,,,,,,,,,,
0,0,BAU,COLL_INORG,OSS_INORG,,,2026,,,,,,1.0,,,,,,,,,,,,,,,
0,0,BAU,COLL_INORG,OSS_INORG,,,2027,,,,,,1.0,,,,,,,,,,,,,,,
0,0,BAU,COLL_INORG,OSS_INORG,,,2028,,,,,,1.0,,,,,,,,,,,,,,,
0,0,BAU,COLL_INORG,OSS_INORG,,,2029,,,,,,1.0,,,,,,,,,,,,,,,
0,0,BAU,COLL_INORG,OSS_INORG,,,2030,,,,,,1.0,,,,,,,,,,,,,,,
0,0,BAU,COLL_INORG,OSS_INORG,,,2031,,,,,,1.0,,,,,,,,,,,,,,,
0,0,BAU,COLL_INORG,OSS_INORG,,,2032,,,,,,1.0,,,,,,,,,,,,,,,
0,0,BAU,COLL_INORG,OSS_INORG,,,2033,,,,,,1.0,,,,,,,,,,,,,,,
0,0,BAU,COLL_INORG,OSS_INORG,,,2034,,,,,,1.0,,,,,,,,,,,,,,,
0,0,BAU,COLL_INORG,OSS_INORG,,,2035,,,,,,1.0,,,,,,,,,,,,,,,
0,0,BAU,COLL_INORG,OSS_INORG,,,2036,,,,,,1.0,,,,,,,,,,,,,,,
0,0,BAU,COLL_INORG,OSS_INORG,,,2037,,,,,,1.0,,,,,,,,,,,,,,,
0,0,BAU,COLL_INORG,OSS_INORG,,,2038,,,,,,1.0,,,,,,,,,,,,,,,
0,0,BAU,COLL_INORG,OSS_INORG,,,2039,,,,,,1.0,,,,,,,,,,,,,,,
0,0,BAU,COLL_INORG,OSS_INORG,,,2040,,,,,,1.0,,,,,,,,,,,,,,,
0,0,BAU,COLL_INORG,OSS_INORG,,,2041,,,,,,1.0,,,,,,,,,,,,,,,
0,0,BAU,COLL_INORG,OSS_INORG,,,2042,,,,,,1.0,,,,,,,,,,,,,,,
0,0,BAU,COLL_INORG,OSS_INORG,,,2043,,,,,,1.0,,,,,,,,,,,,,,,
0,0,BAU,COLL_INORG,OSS_INORG,,,2044,,,,,,1.0,,,,,,,,,,,,,,,
0,0,BAU,COLL_INORG,OSS_INORG,,,2045,,,,,,1.0,,,,,,,,,,,,,,,
0,0,BAU,COLL_INORG,OSS_INORG,,,2046,,,,,,1.0,,,,,,,,,,,,,,,
0,0,BAU,COLL_INORG,OSS_INORG,,,2047,,,,,,1.0,,,,,,,,,,,,,,,
0,0,BAU,COLL_INORG,OSS_INORG,,,2048,,,,,,1.0,,,,,,,,,,,,,,,
0,0,BAU,COLL_INORG,OSS_INORG,,,2049,,,,,,1.0,,,,,,,,,,,,,,,
0,0,BAU,COLL_INORG,OSS_INORG,,,2050,,,,,,1.0,,,,,,,,,,,,,,,
0,0,BAU,COLL_ORG,OSS_ORG,,,2018,,,,,,1,,,,,,,,,,,,,,,
0,0,BAU,COLL_ORG,OSS_ORG,,,2019,,,,,,1.0,,,,,,,,,,,,,,,
0,0,BAU,COLL_ORG,OSS_ORG,,,2020,,,,,,1.0,,,,,,,,,,,,,,,
0,0,BAU,COLL_ORG,OSS_ORG,,,2021,,,,,,1.0,,,,,,,,,,,,,,,
0,0,BAU,COLL_ORG,OSS_ORG,,,2022,,,,,,1.0,,,,,,,,,,,,,,,
0,0,BAU,COLL_ORG,OSS_ORG,,,2023,,,,,,1.0,,,,,,,,,,,,,,,
0,0,BAU,COLL_ORG,OSS_ORG,,,2024,,,,,,1.0,,,,,,,,,,,,,,,
0,0,BAU,COLL_ORG,OSS_ORG,,,2025,,,,,,1.0,,,,,,,,,,,,,,,
0,0,BAU,COLL_ORG,OSS_ORG,,,2026,,,,,,1.0,,,,,,,,,,,,,,,
0,0,BAU,COLL_ORG,OSS_ORG,,,2027,,,,,,1.0,,,,,,,,,,,,,,,
0,0,BAU,COLL_ORG,OSS_ORG,,,2028,,,,,,1.0,,,,,,,,,,,,,,,
0,0,BAU,COLL_ORG,OSS_ORG,,,2029,,,,,,1.0,,,,,,,,,,,,,,,
0,0,BAU,COLL_ORG,OSS_ORG,,,2030,,,,,,1.0,,,,,,,,,,,,,,,
0,0,BAU,COLL_ORG,OSS_ORG,,,2031,,,,,,1.0,,,,,,,,,,,,,,,
0,0,BAU,COLL_ORG,OSS_ORG,,,2032,,,,,,1.0,,,,,,,,,,,,,,,
0,0,BAU,COLL_ORG,OSS_ORG,,,2033,,,,,,1.0,,,,,,,,,,,,,,,
0,0,BAU,COLL_ORG,OSS_ORG,,,2034,,,,,,1.0,,,,,,,,,,,,,,,
0,0,BAU,COLL_ORG,OSS_ORG,,,2035,,,,,,1.0,,,,,,,,,,,,,,,
0,0,BAU,COLL_ORG,OSS_ORG,,,2036,,,,,,1.0,,,,,,,,,,,,,,,
0,0,BAU,COLL_ORG,OSS_ORG,,,2037,,,,,,1.0,,,,,,,,,,,,,,,
0,0,BAU,COLL_ORG,OSS_ORG,,,2038,,,,,,1.0,,,,,,,,,,,,,,,
0,0,BAU,COLL_ORG,OSS_ORG,,,2039,,,,,,1.0,,,,,,,,,,,,,,,
0,0,BAU,COLL_ORG,OSS_ORG,,,2040,,,,,,1.0,,,,,,,,,,,,,,,
0,0,BAU,COLL_ORG,OSS_ORG,,,2041,,,,,,1.0,,,,,,,,,,,,,,,
0,0,BAU,COLL_ORG,OSS_ORG,,,2042,,,,,,1.0,,,,,,,,,,,,,,,
0,0,BAU,COLL_ORG,OSS_ORG,,,2043,,,,,,1.0,,,,,,,,,,,,,,,
0,0,BAU,COLL_ORG,OSS_ORG,,,2044,,,,,,1.0,,,,,,,,,,,,,,,
0,0,BAU,COLL_ORG,OSS_ORG,,,2045,,,,,,1.0,,,,,,,,,,,,,,,
0,0,BAU,COLL_ORG,OSS_ORG,,,2046,,,,,,1.0,,,,,,,,,,,,,,,
0,0,BAU,COLL_ORG,OSS_ORG,,,2047,,,,,,1.0,,,,,,,,,,,,,,,
0,0,BAU,COLL_ORG,OSS_ORG,,,2048,,,,,,1.0,,,,,,,,,,,,,,,
0,0,BAU,COLL_ORG,OSS_ORG,,,2049,,,,,,1.0,,,,,,,,,,,,,,,
0,0,BAU,COLL_ORG,OSS_ORG,,,2050,,,,,,1.0,,,,,,,,,,,,,,,
0,0,BAU,COLL_BLEND,NO_OSS_BLEND,,,2018,,,,,,1,,,,,,,,,,,,,,,
0,0,BAU,COLL_BLEND,NO_OSS_BLEND,,,2019,,,,,,1.0,,,,,,,,,,,,,,,
0,0,BAU,COLL_BLEND,NO_OSS_BLEND,,,2020,,,,,,1.0,,,,,,,,,,,,,,,
0,0,BAU,COLL_BLEND,NO_OSS_BLEND,,,2021,,,,,,1.0,,,,,,,,,,,,,,,
0,0,BAU,COLL_BLEND,NO_OSS_BLEND,,,2022,,,,,,1.0,,,,,,,,,,,,,,,
0,0,BAU,COLL_BLEND,NO_OSS_BLEND,,,2023,,,,,,1.0,,,,,,,,,,,,,,,
0,0,BAU,COLL_BLEND,NO_OSS_BLEND,,,2024,,,,,,1.0,,,,,,,,,,,,,,,
0,0,BAU,COLL_BLEND,NO_OSS_BLEND,,,2025,,,,,,1.0,,,,,,,,,,,,,,,
0,0,BAU,COLL_BLEND,NO_OSS_BLEND,,,2026,,,,,,1.0,,,,,,,,,,,,,,,
0,0,BAU,COLL_BLEND,NO_OSS_BLEND,,,2027,,,,,,1.0,,,,,,,,,,,,,,,
0,0,BAU,COLL_BLEND,NO_OSS_BLEND,,,2028,,,,,,1.0,,,,,,,,,,,,,,,
0,0,BAU,COLL_BLEND,NO_OSS_BLEND,,,2029,,,,,,1.0,,,,,,,,,,,,,,,
0,0,BAU,COLL_BLEND,NO_OSS_BLEND,,,2030,,,,,,1.0,,,,,,,,,,,,,,,
0,0,BAU,COLL_BLEND,NO_OSS_BLEND,,,2031,,,,,,1.0,,,,,,,,,,,,,,,
0,0,BAU,COLL_BLEND,NO_OSS_BLEND,,,2032,,,,,,1.0,,,,,,,,,,,,,,,
0,0,BAU,COLL_BLEND,NO_OSS_BLEND,,,2033,,,,,,1.0,,,,,,,,,,,,,,,
0,0,BAU,COLL_BLEND,NO_OSS_BLEND,,,2034,,,,,,1.0,,,,,,,,,,,,,,,
0,0,BAU,COLL_BLEND,NO_OSS_BLEND,,,2035,,,,,,1.0,,,,,,,,,,,,,,,
0,0,BAU,COLL_BLEND,NO_OSS_BLEND,,,2036,,,,,,1.0,,,,,,,,,,,,,,,
0,0,BAU,COLL_BLEND,NO_OSS_BLEND,,,2037,,,,,,1.0,,,,,,,,,,,,,,,
0,0,BAU,COLL_BLEND,NO_OSS_BLEND,,,2038,,,,,,1.0,,,,,,,,,,,,,,,
0,0,BAU,COLL_BLEND,NO_OSS_BLEND,,,2039,,,,,,1.0,,,,,,,,,,,,,,,
0,0,BAU,COLL_BLEND,NO_OSS_BLEND,,,2040,,,,,,1.0,,,,,,,,,,,,,,,
0,0,BAU,COLL_BLEND,NO_OSS_BLEND,,,2041,,,,,,1.0,,,,,,,,,,,,,,,
0,0,BAU,COLL_BLEND,NO_OSS_BLEND,,,2042,,,,,,1.0,,,,,,,,,,,,,,,
0,0,BAU,COLL_BLEND,NO_OSS_BLEND,,,2043,,,,,,1.0,,,,,,,,,,,,,,,
0,0,BAU,COLL_BLEND,NO_OSS_BLEND,,,2044,,,,,,1.0,,,,,,,,,,,,,,,
0,0,BAU,COLL_BLEND,NO_OSS_BLEND,,,2045,,,,,,1.0,,,,,,,,,,,,,,,
0,0,BAU,COLL_BLEND,NO_OSS_BLEND,,,2046,,,,,,1.0,,,,,,,,,,,,,,,
0,0,BAU,COLL_BLEND,NO_OSS_BLEND,,,2047,,,,,,1.0,,,,,,,,,,,,,,,
0,0,BAU,COLL_BLEND,NO_OSS_BLEND,,,2048,,,,,,1.0,,,,,,,,,,,,,,,
0,0,BAU,COLL_BLEND,NO_OSS_BLEND,,,2049,,,,,,1.0,,,,,,,,,,,,,,,
0,0,BAU,COLL_BLEND,NO_OSS_BLEND,,,2050,,,,,,1.0,,,,,,,,,,,,,,,
0,0,BAU,NO_COLL,NO_OSS_NO_COLL,,,2018,,,,,,1,,,,,,,,,,,,,,,
0,0,BAU,NO_COLL,NO_OSS_NO_COLL,,,2019,,,,,,1.0,,,,,,,,,,,,,,,
0,0,BAU,NO_COLL,NO_OSS_NO_COLL,,,2020,,,,,,1.0,,,,,,,,,,,,,,,
0,0,BAU,NO_COLL,NO_OSS_NO_COLL,,,2021,,,,,,1.0,,,,,,,,,,,,,,,
0,0,BAU,NO_COLL,NO_OSS_NO_COLL,,,2022,,,,,,1.0,,,,,,,,,,,,,,,
0,0,BAU,NO_COLL,NO_OSS_NO_COLL,,,2023,,,,,,1.0,,,,,,,,,,,,,,,
0,0,BAU,NO_COLL,NO_OSS_NO_COLL,,,2024,,,,,,1.0,,,,,,,,,,,,,,,
0,0,BAU,NO_COLL,NO_OSS_NO_COLL,,,2025,,,,,,1.0,,,,,,,,,,,,,,,
0,0,BAU,NO_COLL,NO_OSS_NO_COLL,,,2026,,,,,,1.0,,,,,,,,,,,,,,,
0,0,BAU,NO_COLL,NO_OSS_NO_COLL,,,2027,,,,,,1.0,,,,,,,,,,,,,,,
0,0,BAU,NO_COLL,NO_OSS_NO_COLL,,,2028,,,,,,1.0,,,,,,,,,,,,,,,
0,0,BAU,NO_COLL,NO_OSS_NO_COLL,,,2029,,,,,,1.0,,,,,,,,,,,,,,,
0,0,BAU,NO_COLL,NO_OSS_NO_COLL,,,2030,,,,,,1.0,,,,,,,,,,,,,,,
0,0,BAU,NO_COLL,NO_OSS_NO_COLL,,,2031,,,,,,1.0,,,,,,,,,,,,,,,
0,0,BAU,NO_COLL,NO_OSS_NO_COLL,,,2032,,,,,,1.0,,,,,,,,,,,,,,,
0,0,BAU,NO_COLL,NO_OSS_NO_COLL,,,2033,,,,,,1.0,,,,,,,,,,,,,,,
0,0,BAU,NO_COLL,NO_OSS_NO_COLL,,,2034,,,,,,1.0,,,,,,,,,,,,,,,
0,0,BAU,NO_COLL,NO_OSS_NO_COLL,,,2035,,,,,,1.0,,,,,,,,,,,,,,,
0,0,BAU,NO_COLL,NO_OSS_NO_COLL,,,2036,,,,,,1.0,,,,,,,,,,,,,,,
0,0,BAU,NO_COLL,NO_OSS_NO_COLL,,,2037,,,,,,1.0,,,,,,,,,,,,,,,
0,0,BAU,NO_COLL,NO_OSS_NO_COLL,,,2038,,,,,,1.0,,,,,,,,,,,,,,,
0,0,BAU,NO_COLL,NO_OSS_NO_COLL,,,2039,,,,,,1.0,,,,,,,,,,,,,,,
0,0,BAU,NO_COLL,NO_OSS_NO_COLL,,,2040,,,,,,1.0,,,,,,,,,,,,,,,
0,0,BAU,NO_COLL,NO_OSS_NO_COLL,,,2041,,,,,,1.0,,,,,,,,,,,,,,,
0,0,BAU,NO_COLL,NO_OSS_NO_COLL,,,2042,,,,,,1.0,,,,,,,,,,,,,,,
0,0,BAU,NO_COLL,NO_OSS_NO_COLL,,,2043,,,,,,1.0,,,,,,,,,,,,,,,
0,0,BAU,NO_COLL,NO_OSS_NO_COLL,,,2044,,,,,,1.0,,,,,,,,,,,,,,,
0,0,BAU,NO_COLL,NO_OSS_NO_COLL,,,2045,,,,,,1.0,,,,,,,,,,,,,,,
0,0,BAU,NO_COLL,NO_OSS_NO_COLL,,,2046,,,,,,1.0,,,,,,,,,,,,,,,
0,0,BAU,NO_COLL,NO_OSS_NO_COLL,,,2047,,,,,,1.0,,,,,,,,,,,,,,,
0,0,BAU,NO_COLL,NO_OSS_NO_COLL,,,2048,,,,,,1.0,,,,,,,,,,,,,,,
0,0,BAU,NO_COLL,NO_OSS_NO_COLL,,,2049,,,,,,1.0,,,,,,,,,,,,,,,
0,0,BAU,NO_COLL,NO_OSS_NO_COLL,,,2050,,,,,,1.0,,,,,,,,,,,,,,,
0,0,BAU,INORGSS,INORG_DCOLL,,,2018,,,,,,1,,,,,,,,,,,,,,,
0,0,BAU,INORGSS,INORG_DCOLL,,,2019,,,,,,1.0,,,,,,,,,,,,,,,
0,0,BAU,INORGSS,INORG_DCOLL,,,2020,,,,,,1.0,,,,,,,,,,,,,,,
0,0,BAU,INORGSS,INORG_DCOLL,,,2021,,,,,,1.0,,,,,,,,,,,,,,,
0,0,BAU,INORGSS,INORG_DCOLL,,,2022,,,,,,1.0,,,,,,,,,,,,,,,
0,0,BAU,INORGSS,INORG_DCOLL,,,2023,,,,,,1.0,,,,,,,,,,,,,,,
0,0,BAU,INORGSS,INORG_DCOLL,,,2024,,,,,,1.0,,,,,,,,,,,,,,,
0,0,BAU,INORGSS,INORG_DCOLL,,,2025,,,,,,1.0,,,,,,,,,,,,,,,
0,0,BAU,INORGSS,INORG_DCOLL,,,2026,,,,,,1.0,,,,,,,,,,,,,,,
0,0,BAU,INORGSS,INORG_DCOLL,,,2027,,,,,,1.0,,,,,,,,,,,,,,,
0,0,BAU,INORGSS,INORG_DCOLL,,,2028,,,,,,1.0,,,,,,,,,,,,,,,
0,0,BAU,INORGSS,INORG_DCOLL,,,2029,,,,,,1.0,,,,,,,,,,,,,,,
0,0,BAU,INORGSS,INORG_DCOLL,,,2030,,,,,,1.0,,,,,,,,,,,,,,,
0,0,BAU,INORGSS,INORG_DCOLL,,,2031,,,,,,1.0,,,,,,,,,,,,,,,
0,0,BAU,INORGSS,INORG_DCOLL,,,2032,,,,,,1.0,,,,,,,,,,,,,,,
0,0,BAU,INORGSS,INORG_DCOLL,,,2033,,,,,,1.0,,,,,,,,,,,,,,,
0,0,BAU,INORGSS,INORG_DCOLL,,,2034,,,,,,1.0,,,,,,,,,,,,,,,
0,0,BAU,INORGSS,INORG_DCOLL,,,2035,,,,,,1.0,,,,,,,,,,,,,,,
0,0,BAU,INORGSS,INORG_DCOLL,,,2036,,,,,,1.0,,,,,,,,,,,,,,,
0,0,BAU,INORGSS,INORG_DCOLL,,,2037,,,,,,1.0,,,,,,,,,,,,,,,
0,0,BAU,INORGSS,INORG_DCOLL,,,2038,,,,,,1.0,,,,,,,,,,,,,,,
0,0,BAU,INORGSS,INORG_DCOLL,,,2039,,,,,,1.0,,,,,,,,,,,,,,,
0,0,BAU,INORGSS,INORG_DCOLL,,,2040,,,,,,1.0,,,,,,,,,,,,,,,
0,0,BAU,INORGSS,INORG_DCOLL,,,2041,,,,,,1.0,,,,,,,,,,,,,,,
0,0,BAU,INORGSS,INORG_DCOLL,,,2042,,,,,,1.0,,,,,,,,,,,,,,,
0,0,BAU,INORGSS,INORG_DCOLL,,,2043,,,,,,1.0,,,,,,,,,,,,,,,
0,0,BAU,INORGSS,INORG_DCOLL,,,2044,,,,,,1.0,,,,,,,,,,,,,,,
0,0,BAU,INORGSS,INORG_DCOLL,,,2045,,,,,,1.0,,,,,,,,,,,,,,,
0,0,BAU,INORGSS,INORG_DCOLL,,,2046,,,,,,1.0,,,,,,,,,,,,,,,
0,0,BAU,INORGSS,INORG_DCOLL,,,2047,,,,,,1.0,,,,,,,,,,,,,,,
0,0,BAU,INORGSS,INORG_DCOLL,,,2048,,,,,,1.0,,,,,,,,,,,,,,,
0,0,BAU,INORGSS,INORG_DCOLL,,,2049,,,,,,1.0,,,,,,,,,,,,,,,
0,0,BAU,INORGSS,INORG_DCOLL,,,2050,,,,,,1.0,,,,,,,,,,,,,,,
0,0,BAU,ORGSS,ORG_DCOLL,,,2018,,,,,,1,,,,,,,,,,,,,,,
0,0,BAU,ORGSS,ORG_DCOLL,,,2019,,,,,,1.0,,,,,,,,,,,,,,,
0,0,BAU,ORGSS,ORG_DCOLL,,,2020,,,,,,1.0,,,,,,,,,,,,,,,
0,0,BAU,ORGSS,ORG_DCOLL,,,2021,,,,,,1.0,,,,,,,,,,,,,,,
0,0,BAU,ORGSS,ORG_DCOLL,,,2022,,,,,,1.0,,,,,,,,,,,,,,,
0,0,BAU,ORGSS,ORG_DCOLL,,,2023,,,,,,1.0,,,,,,,,,,,,,,,
0,0,BAU,ORGSS,ORG_DCOLL,,,2024,,,,,,1.0,,,,,,,,,,,,,,,
0,0,BAU,ORGSS,ORG_DCOLL,,,2025,,,,,,1.0,,,,,,,,,,,,,,,
0,0,BAU,ORGSS,ORG_DCOLL,,,2026,,,,,,1.0,,,,,,,,,,,,,,,
0,0,BAU,ORGSS,ORG_DCOLL,,,2027,,,,,,1.0,,,,,,,,,,,,,,,
0,0,BAU,ORGSS,ORG_DCOLL,,,2028,,,,,,1.0,,,,,,,,,,,,,,,
0,0,BAU,ORGSS,ORG_DCOLL,,,2029,,,,,,1.0,,,,,,,,,,,,,,,
0,0,BAU,ORGSS,ORG_DCOLL,,,2030,,,,,,1.0,,,,,,,,,,,,,,,
0,0,BAU,ORGSS,ORG_DCOLL,,,2031,,,,,,1.0,,,,,,,,,,,,,,,
0,0,BAU,ORGSS,ORG_DCOLL,,,2032,,,,,,1.0,,,,,,,,,,,,,,,
0,0,BAU,ORGSS,ORG_DCOLL,,,2033,,,,,,1.0,,,,,,,,,,,,,,,
0,0,BAU,ORGSS,ORG_DCOLL,,,2034,,,,,,1.0,,,,,,,,,,,,,,,
0,0,BAU,ORGSS,ORG_DCOLL,,,2035,,,,,,1.0,,,,,,,,,,,,,,,
0,0,BAU,ORGSS,ORG_DCOLL,,,2036,,,,,,1.0,,,,,,,,,,,,,,,
0,0,BAU,ORGSS,ORG_DCOLL,,,2037,,,,,,1.0,,,,,,,,,,,,,,,
0,0,BAU,ORGSS,ORG_DCOLL,,,2038,,,,,,1.0,,,,,,,,,,,,,,,
0,0,BAU,ORGSS,ORG_DCOLL,,,2039,,,,,,1.0,,,,,,,,,,,,,,,
0,0,BAU,ORGSS,ORG_DCOLL,,,2040,,,,,,1.0,,,,,,,,,,,,,,,
0,0,BAU,ORGSS,ORG_DCOLL,,,2041,,,,,,1.0,,,,,,,,,,,,,,,
0,0,BAU,ORGSS,ORG_DCOLL,,,2042,,,,,,1.0,,,,,,,,,,,,,,,
0,0,BAU,ORGSS,ORG_DCOLL,,,2043,,,,,,1.0,,,,,,,,,,,,,,,
0,0,BAU,ORGSS,ORG_DCOLL,,,2044,,,,,,1.0,,,,,,,,,,,,,,,
0,0,BAU,ORGSS,ORG_DCOLL,,,2045,,,,,,1.0,,,,,,,,,,,,,,,
0,0,BAU,ORGSS,ORG_DCOLL,,,2046,,,,,,1.0,,,,,,,,,,,,,,,
0,0,BAU,ORGSS,ORG_DCOLL,,,2047,,,,,,1.0,,,,,,,,,,,,,,,
0,0,BAU,ORGSS,ORG_DCOLL,,,2048,,,,,,1.0,,,,,,,,,,,,,,,
0,0,BAU,ORGSS,ORG_DCOLL,,,2049,,,,,,1.0,,,,,,,,,,,,,,,
0,0,BAU,ORGSS,ORG_DCOLL,,,2050,,,,,,1.0,,,,,,,,,,,,,,,
0,0,BAU,NOSS,BLEND_NO_DCOLL,,,2018,,,,,,1,,,,,,,,,,,,,,,
0,0,BAU,NOSS,BLEND_NO_DCOLL,,,2019,,,,,,1.0,,,,,,,,,,,,,,,
0,0,BAU,NOSS,BLEND_NO_DCOLL,,,2020,,,,,,1.0,,,,,,,,,,,,,,,
0,0,BAU,NOSS,BLEND_NO_DCOLL,,,2021,,,,,,1.0,,,,,,,,,,,,,,,
0,0,BAU,NOSS,BLEND_NO_DCOLL,,,2022,,,,,,1.0,,,,,,,,,,,,,,,
0,0,BAU,NOSS,BLEND_NO_DCOLL,,,2023,,,,,,1.0,,,,,,,,,,,,,,,
0,0,BAU,NOSS,BLEND_NO_DCOLL,,,2024,,,,,,1.0,,,,,,,,,,,,,,,
0,0,BAU,NOSS,BLEND_NO_DCOLL,,,2025,,,,,,1.0,,,,,,,,,,,,,,,
0,0,BAU,NOSS,BLEND_NO_DCOLL,,,2026,,,,,,1.0,,,,,,,,,,,,,,,
0,0,BAU,NOSS,BLEND_NO_DCOLL,,,2027,,,,,,1.0,,,,,,,,,,,,,,,
0,0,BAU,NOSS,BLEND_NO_DCOLL,,,2028,,,,,,1.0,,,,,,,,,,,,,,,
0,0,BAU,NOSS,BLEND_NO_DCOLL,,,2029,,,,,,1.0,,,,,,,,,,,,,,,
0,0,BAU,NOSS,BLEND_NO_DCOLL,,,2030,,,,,,1.0,,,,,,,,,,,,,,,
0,0,BAU,NOSS,BLEND_NO_DCOLL,,,2031,,,,,,1.0,,,,,,,,,,,,,,,
0,0,BAU,NOSS,BLEND_NO_DCOLL,,,2032,,,,,,1.0,,,,,,,,,,,,,,,
0,0,BAU,NOSS,BLEND_NO_DCOLL,,,2033,,,,,,1.0,,,,,,,,,,,,,,,
0,0,BAU,NOSS,BLEND_NO_DCOLL,,,2034,,,,,,1.0,,,,,,,,,,,,,,,
0,0,BAU,NOSS,BLEND_NO_DCOLL,,,2035,,,,,,1.0,,,,,,,,,,,,,,,
0,0,BAU,NOSS,BLEND_NO_DCOLL,,,2036,,,,,,1.0,,,,,,,,,,,,,,,
0,0,BAU,NOSS,BLEND_NO_DCOLL,,,2037,,,,,,1.0,,,,,,,,,,,,,,,
0,0,BAU,NOSS,BLEND_NO_DCOLL,,,2038,,,,,,1.0,,,,,,,,,,,,,,,
0,0,BAU,NOSS,BLEND_NO_DCOLL,,,2039,,,,,,1.0,,,,,,,,,,,,,,,
0,0,BAU,NOSS,BLEND_NO_DCOLL,,,2040,,,,,,1.0,,,,,,,,,,,,,,,
0,0,BAU,NOSS,BLEND_NO_DCOLL,,,2041,,,,,,1.0,,,,,,,,,,,,,,,
0,0,BAU,NOSS,BLEND_NO_DCOLL,,,2042,,,,,,1.0,,,,,,,,,,,,,,,
0,0,BAU,NOSS,BLEND_NO_DCOLL,,,2043,,,,,,1.0,,,,,,,,,,,,,,,
0,0,BAU,NOSS,BLEND_NO_DCOLL,,,2044,,,,,,1.0,,,,,,,,,,,,,,,
0,0,BAU,NOSS,BLEND_NO_DCOLL,,,2045,,,,,,1.0,,,,,,,,,,,,,,,
0,0,BAU,NOSS,BLEND_NO_DCOLL,,,2046,,,,,,1.0,,,,,,,,,,,,,,,
0,0,BAU,NOSS,BLEND_NO_DCOLL,,,2047,,,,,,1.0,,,,,,,,,,,,,,,
0,0,BAU,NOSS,BLEND_NO_DCOLL,,,2048,,,,,,1.0,,,,,,,,,,,,,,,
0,0,BAU,NOSS,BLEND_NO_DCOLL,,,2049,,,,,,1.0,,,,,,,,,,,,,,,
0,0,BAU,NOSS,BLEND_NO_DCOLL,,,2050,,,,,,1.0,,,,,,,,,,,,,,,
0,0,BAU,NOSS,BLEND_NO_COLL,,,2018,,,,,,1,,,,,,,,,,,,,,,
0,0,BAU,NOSS,BLEND_NO_COLL,,,2019,,,,,,1.0,,,,,,,,,,,,,,,
0,0,BAU,NOSS,BLEND_NO_COLL,,,2020,,,,,,1.0,,,,,,,,,,,,,,,
0,0,BAU,NOSS,BLEND_NO_COLL,,,2021,,,,,,1.0,,,,,,,,,,,,,,,
0,0,BAU,NOSS,BLEND_NO_COLL,,,2022,,,,,,1.0,,,,,,,,,,,,,,,
0,0,BAU,NOSS,BLEND_NO_COLL,,,2023,,,,,,1.0,,,,,,,,,,,,,,,
0,0,BAU,NOSS,BLEND_NO_COLL,,,2024,,,,,,1.0,,,,,,,,,,,,,,,
0,0,BAU,NOSS,BLEND_NO_COLL,,,2025,,,,,,1.0,,,,,,,,,,,,,,,
0,0,BAU,NOSS,BLEND_NO_COLL,,,2026,,,,,,1.0,,,,,,,,,,,,,,,
0,0,BAU,NOSS,BLEND_NO_COLL,,,2027,,,,,,1.0,,,,,,,,,,,,,,,
0,0,BAU,NOSS,BLEND_NO_COLL,,,2028,,,,,,1.0,,,,,,,,,,,,,,,
0,0,BAU,NOSS,BLEND_NO_COLL,,,2029,,,,,,1.0,,,,,,,,,,,,,,,
0,0,BAU,NOSS,BLEND_NO_COLL,,,2030,,,,,,1.0,,,,,,,,,,,,,,,
0,0,BAU,NOSS,BLEND_NO_COLL,,,2031,,,,,,1.0,,,,,,,,,,,,,,,
0,0,BAU,NOSS,BLEND_NO_COLL,,,2032,,,,,,1.0,,,,,,,,,,,,,,,
0,0,BAU,NOSS,BLEND_NO_COLL,,,2033,,,,,,1.0,,,,,,,,,,,,,,,
0,0,BAU,NOSS,BLEND_NO_COLL,,,2034,,,,,,1.0,,,,,,,,,,,,,,,
0,0,BAU,NOSS,BLEND_NO_COLL,,,2035,,,,,,1.0,,,,,,,,,,,,,,,
0,0,BAU,NOSS,BLEND_NO_COLL,,,2036,,,,,,1.0,,,,,,,,,,,,,,,
0,0,BAU,NOSS,BLEND_NO_COLL,,,2037,,,,,,1.0,,,,,,,,,,,,,,,
0,0,BAU,NOSS,BLEND_NO_COLL,,,2038,,,,,,1.0,,,,,,,,,,,,,,,
0,0,BAU,NOSS,BLEND_NO_COLL,,,2039,,,,,,1.0,,,,,,,,,,,,,,,
0,0,BAU,NOSS,BLEND_NO_COLL,,,2040,,,,,,1.0,,,,,,,,,,,,,,,
0,0,BAU,NOSS,BLEND_NO_COLL,,,2041,,,,,,1.0,,,,,,,,,,,,,,,
0,0,BAU,NOSS,BLEND_NO_COLL,,,2042,,,,,,1.0,,,,,,,,,,,,,,,
0,0,BAU,NOSS,BLEND_NO_COLL,,,2043,,,,,,1.0,,,,,,,,,,,,,,,
0,0,BAU,NOSS,BLEND_NO_COLL,,,2044,,,,,,1.0,,,,,,,,,,,,,,,
0,0,BAU,NOSS,BLEND_NO_COLL,,,2045,,,,,,1.0,,,,,,,,,,,,,,,
0,0,BAU,NOSS,BLEND_NO_COLL,,,2046,,,,,,1.0,,,,,,,,,,,,,,,
0,0,BAU,NOSS,BLEND_NO_COLL,,,2047,,,,,,1.0,,,,,,,,,,,,,,,
0,0,BAU,NOSS,BLEND_NO_COLL,,,2048,,,,,,1.0,,,,,,,,,,,,,,,
0,0,BAU,NOSS,BLEND_NO_COLL,,,2049,,,,,,1.0,,,,,,,,,,,,,,,
0,0,BAU,NOSS,BLEND_NO_COLL,,,2050,,,,,,1.0,,,,,,,,,,,,,,,
0,0,BAU,TSW,INORG_SS,,,2018,,,,,,1,,,,,,,,,,,,,,,
0,0,BAU,TSW,INORG_SS,,,2019,,,,,,1.0,,,,,,,,,,,,,,,
0,0,BAU,TSW,INORG_SS,,,2020,,,,,,1.0,,,,,,,,,,,,,,,
0,0,BAU,TSW,INORG_SS,,,2021,,,,,,1.0,,,,,,,,,,,,,,,
0,0,BAU,TSW,INORG_SS,,,2022,,,,,,1.0,,,,,,,,,,,,,,,
0,0,BAU,TSW,INORG_SS,,,2023,,,,,,1.0,,,,,,,,,,,,,,,
0,0,BAU,TSW,INORG_SS,,,2024,,,,,,1.0,,,,,,,,,,,,,,,
0,0,BAU,TSW,INORG_SS,,,2025,,,,,,1.0,,,,,,,,,,,,,,,
0,0,BAU,TSW,INORG_SS,,,2026,,,,,,1.0,,,,,,,,,,,,,,,
0,0,BAU,TSW,INORG_SS,,,2027,,,,,,1.0,,,,,,,,,,,,,,,
0,0,BAU,TSW,INORG_SS,,,2028,,,,,,1.0,,,,,,,,,,,,,,,
0,0,BAU,TSW,INORG_SS,,,2029,,,,,,1.0,,,,,,,,,,,,,,,
0,0,BAU,TSW,INORG_SS,,,2030,,,,,,1.0,,,,,,,,,,,,,,,
0,0,BAU,TSW,INORG_SS,,,2031,,,,,,1.0,,,,,,,,,,,,,,,
0,0,BAU,TSW,INORG_SS,,,2032,,,,,,1.0,,,,,,,,,,,,,,,
0,0,BAU,TSW,INORG_SS,,,2033,,,,,,1.0,,,,,,,,,,,,,,,
0,0,BAU,TSW,INORG_SS,,,2034,,,,,,1.0,,,,,,,,,,,,,,,
0,0,BAU,TSW,INORG_SS,,,2035,,,,,,1.0,,,,,,,,,,,,,,,
0,0,BAU,TSW,INORG_SS,,,2036,,,,,,1.0,,,,,,,,,,,,,,,
0,0,BAU,TSW,INORG_SS,,,2037,,,,,,1.0,,,,,,,,,,,,,,,
0,0,BAU,TSW,INORG_SS,,,2038,,,,,,1.0,,,,,,,,,,,,,,,
0,0,BAU,TSW,INORG_SS,,,2039,,,,,,1.0,,,,,,,,,,,,,,,
0,0,BAU,TSW,INORG_SS,,,2040,,,,,,1.0,,,,,,,,,,,,,,,
0,0,BAU,TSW,INORG_SS,,,2041,,,,,,1.0,,,,,,,,,,,,,,,
0,0,BAU,TSW,INORG_SS,,,2042,,,,,,1.0,,,,,,,,,,,,,,,
0,0,BAU,TSW,INORG_SS,,,2043,,,,,,1.0,,,,,,,,,,,,,,,
0,0,BAU,TSW,INORG_SS,,,2044,,,,,,1.0,,,,,,,,,,,,,,,
0,0,BAU,TSW,INORG_SS,,,2045,,,,,,1.0,,,,,,,,,,,,,,,
0,0,BAU,TSW,INORG_SS,,,2046,,,,,,1.0,,,,,,,,,,,,,,,
0,0,BAU,TSW,INORG_SS,,,2047,,,,,,1.0,,,,,,,,,,,,,,,
0,0,BAU,TSW,INORG_SS,,,2048,,,,,,1.0,,,,,,,,,,,,,,,
0,0,BAU,TSW,INORG_SS,,,2049,,,,,,1.0,,,,,,,,,,,,,,,
0,0,BAU,TSW,INORG_SS,,,2050,,,,,,1.0,,,,,,,,,,,,,,,
0,0,BAU,TSW,ORG_SS,,,2018,,,,,,1,,,,,,,,,,,,,,,
0,0,BAU,TSW,ORG_SS,,,2019,,,,,,1.0,,,,,,,,,,,,,,,
0,0,BAU,TSW,ORG_SS,,,2020,,,,,,1.0,,,,,,,,,,,,,,,
0,0,BAU,TSW,ORG_SS,,,2021,,,,,,1.0,,,,,,,,,,,,,,,
0,0,BAU,TSW,ORG_SS,,,2022,,,,,,1.0,,,,,,,,,,,,,,,
0,0,BAU,TSW,ORG_SS,,,2023,,,,,,1.0,,,,,,,,,,,,,,,
0,0,BAU,TSW,ORG_SS,,,2024,,,,,,1.0,,,,,,,,,,,,,,,
0,0,BAU,TSW,ORG_SS,,,2025,,,,,,1.0,,,,,,,,,,,,,,,
0,0,BAU,TSW,ORG_SS,,,2026,,,,,,1.0,,,,,,,,,,,,,,,
0,0,BAU,TSW,ORG_SS,,,2027,,,,,,1.0,,,,,,,,,,,,,,,
0,0,BAU,TSW,ORG_SS,,,2028,,,,,,1.0,,,,,,,,,,,,,,,
0,0,BAU,TSW,ORG_SS,,,2029,,,,,,1.0,,,,,,,,,,,,,,,
0,0,BAU,TSW,ORG_SS,,,2030,,,,,,1.0,,,,,,,,,,,,,,,
0,0,BAU,TSW,ORG_SS,,,2031,,,,,,1.0,,,,,,,,,,,,,,,
0,0,BAU,TSW,ORG_SS,,,2032,,,,,,1.0,,,,,,,,,,,,,,,
0,0,BAU,TSW,ORG_SS,,,2033,,,,,,1.0,,,,,,,,,,,,,,,
0,0,BAU,TSW,ORG_SS,,,2034,,,,,,1.0,,,,,,,,,,,,,,,
0,0,BAU,TSW,ORG_SS,,,2035,,,,,,1.0,,,,,,,,,,,,,,,
0,0,BAU,TSW,ORG_SS,,,2036,,,,,,1.0,,,,,,,,,,,,,,,
0,0,BAU,TSW,ORG_SS,,,2037,,,,,,1.0,,,,,,,,,,,,,,,
0,0,BAU,TSW,ORG_SS,,,2038,,,,,,1.0,,,,,,,,,,,,,,,
0,0,BAU,TSW,ORG_SS,,,2039,,,,,,1.0,,,,,,,,,,,,,,,
0,0,BAU,TSW,ORG_SS,,,2040,,,,,,1.0,,,,,,,,,,,,,,,
0,0,BAU,TSW,ORG_SS,,,2041,,,,,,1.0,,,,,,,,,,,,,,,
0,0,BAU,TSW,ORG_SS,,,2042,,,,,,1.0,,,,,,,,,,,,,,,
0,0,BAU,TSW,ORG_SS,,,2043,,,,,,1.0,,,,,,,,,,,,,,,
0,0,BAU,TSW,ORG_SS,,,2044,,,,,,1.0,,,,,,,,,,,,,,,
0,0,BAU,TSW,ORG_SS,,,2045,,,,,,1.0,,,,,,,,,,,,,,,
0,0,BAU,TSW,ORG_SS,,,2046,,,,,,1.0,,,,,,,,,,,,,,,
0,0,BAU,TSW,ORG_SS,,,2047,,,,,,1.0,,,,,,,,,,,,,,,
0,0,BAU,TSW,ORG_SS,,,2048,,,,,,1.0,,,,,,,,,,,,,,,
0,0,BAU,TSW,ORG_SS,,,2049,,,,,,1.0,,,,,,,,,,,,,,,
0,0,BAU,TSW,ORG_SS,,,2050,,,,,,1.0,,,,,,,,,,,,,,,
0,0,BAU,TSW,NO_SS,,,2018,,,,,,1,,,,,,,,,,,,,,,
0,0,BAU,TSW,NO_SS,,,2019,,,,,,1.0,,,,,,,,,,,,,,,
0,0,BAU,TSW,NO_SS,,,2020,,,,,,1.0,,,,,,,,,,,,,,,
0,0,BAU,TSW,NO_SS,,,2021,,,,,,1.0,,,,,,,,,,,,,,,
0,0,BAU,TSW,NO_SS,,,2022,,,,,,1.0,,,,,,,,,,,,,,,
0,0,BAU,TSW,NO_SS,,,2023,,,,,,1.0,,,,,,,,,,,,,,,
0,0,BAU,TSW,NO_SS,,,2024,,,,,,1.0,,,,,,,,,,,,,,,
0,0,BAU,TSW,NO_SS,,,2025,,,,,,1.0,,,,,,,,,,,,,,,
0,0,BAU,TSW,NO_SS,,,2026,,,,,,1.0,,,,,,,,,,,,,,,
0,0,BAU,TSW,NO_SS,,,2027,,,,,,1.0,,,,,,,,,,,,,,,
0,0,BAU,TSW,NO_SS,,,2028,,,,,,1.0,,,,,,,,,,,,,,,
0,0,BAU,TSW,NO_SS,,,2029,,,,,,1.0,,,,,,,,,,,,,,,
0,0,BAU,TSW,NO_SS,,,2030,,,,,,1.0,,,,,,,,,,,,,,,
0,0,BAU,TSW,NO_SS,,,2031,,,,,,1.0,,,,,,,,,,,,,,,
0,0,BAU,TSW,NO_SS,,,2032,,,,,,1.0,,,,,,,,,,,,,,,
0,0,BAU,TSW,NO_SS,,,2033,,,,,,1.0,,,,,,,,,,,,,,,
0,0,BAU,TSW,NO_SS,,,2034,,,,,,1.0,,,,,,,,,,,,,,,
0,0,BAU,TSW,NO_SS,,,2035,,,,,,1.0,,,,,,,,,,,,,,,
0,0,BAU,TSW,NO_SS,,,2036,,,,,,1.0,,,,,,,,,,,,,,,
0,0,BAU,TSW,NO_SS,,,2037,,,,,,1.0,,,,,,,,,,,,,,,
0,0,BAU,TSW,NO_SS,,,2038,,,,,,1.0,,,,,,,,,,,,,,,
0,0,BAU,TSW,NO_SS,,,2039,,,,,,1.0,,,,,,,,,,,,,,,
0,0,BAU,TSW,NO_SS,,,2040,,,,,,1.0,,,,,,,,,,,,,,,
0,0,BAU,TSW,NO_SS,,,2041,,,,,,1.0,,,,,,,,,,,,,,,
0,0,BAU,TSW,NO_SS,,,2042,,,,,,1.0,,,,,,,,,,,,,,,
0,0,BAU,TSW,NO_SS,,,2043,,,,,,1.0,,,,,,,,,,,,,,,
0,0,BAU,TSW,NO_SS,,,2044,,,,,,1.0,,,,,,,,,,,,,,,
0,0,BAU,TSW,NO_SS,,,2045,,,,,,1.0,,,,,,,,,,,,,,,
0,0,BAU,TSW,NO_SS,,,2046,,,,,,1.0,,,,,,,,,,,,,,,
0,0,BAU,TSW,NO_SS,,,2047,,,,,,1.0,,,,,,,,,,,,,,,
0,0,BAU,TSW,NO_SS,,,2048,,,,,,1.0,,,,,,,,,,,,,,,
0,0,BAU,TSW,NO_SS,,,2049,,,,,,1.0,,,,,,,,,,,,,,,
0,0,BAU,TSW,NO_SS,,,2050,,,,,,1.0,,,,,,,,,,,,,,,
0,0,BAU,E5TSWTSW,T5TSWTSW,,,2018,,,,,,1,,,,,,,,,,,,,,,
0,0,BAU,E5TSWTSW,T5TSWTSW,,,2019,,,,,,1.0,,,,,,,,,,,,,,,
0,0,BAU,E5TSWTSW,T5TSWTSW,,,2020,,,,,,1.0,,,,,,,,,,,,,,,
0,0,BAU,E5TSWTSW,T5TSWTSW,,,2021,,,,,,1.0,,,,,,,,,,,,,,,
0,0,BAU,E5TSWTSW,T5TSWTSW,,,2022,,,,,,1.0,,,,,,,,,,,,,,,
0,0,BAU,E5TSWTSW,T5TSWTSW,,,2023,,,,,,1.0,,,,,,,,,,,,,,,
0,0,BAU,E5TSWTSW,T5TSWTSW,,,2024,,,,,,1.0,,,,,,,,,,,,,,,
0,0,BAU,E5TSWTSW,T5TSWTSW,,,2025,,,,,,1.0,,,,,,,,,,,,,,,
0,0,BAU,E5TSWTSW,T5TSWTSW,,,2026,,,,,,1.0,,,,,,,,,,,,,,,
0,0,BAU,E5TSWTSW,T5TSWTSW,,,2027,,,,,,1.0,,,,,,,,,,,,,,,
0,0,BAU,E5TSWTSW,T5TSWTSW,,,2028,,,,,,1.0,,,,,,,,,,,,,,,
0,0,BAU,E5TSWTSW,T5TSWTSW,,,2029,,,,,,1.0,,,,,,,,,,,,,,,
0,0,BAU,E5TSWTSW,T5TSWTSW,,,2030,,,,,,1.0,,,,,,,,,,,,,,,
0,0,BAU,E5TSWTSW,T5TSWTSW,,,2031,,,,,,1.0,,,,,,,,,,,,,,,
0,0,BAU,E5TSWTSW,T5TSWTSW,,,2032,,,,,,1.0,,,,,,,,,,,,,,,
0,0,BAU,E5TSWTSW,T5TSWTSW,,,2033,,,,,,1.0,,,,,,,,,,,,,,,
0,0,BAU,E5TSWTSW,T5TSWTSW,,,2034,,,,,,1.0,,,,,,,,,,,,,,,
0,0,BAU,E5TSWTSW,T5TSWTSW,,,2035,,,,,,1.0,,,,,,,,,,,,,,,
0,0,BAU,E5TSWTSW,T5TSWTSW,,,2036,,,,,,1.0,,,,,,,,,,,,,,,
0,0,BAU,E5TSWTSW,T5TSWTSW,,,2037,,,,,,1.0,,,,,,,,,,,,,,,
0,0,BAU,E5TSWTSW,T5TSWTSW,,,2038,,,,,,1.0,,,,,,,,,,,,,,,
0,0,BAU,E5TSWTSW,T5TSWTSW,,,2039,,,,,,1.0,,,,,,,,,,,,,,,
0,0,BAU,E5TSWTSW,T5TSWTSW,,,2040,,,,,,1.0,,,,,,,,,,,,,,,
0,0,BAU,E5TSWTSW,T5TSWTSW,,,2041,,,,,,1.0,,,,,,,,,,,,,,,
0,0,BAU,E5TSWTSW,T5TSWTSW,,,2042,,,,,,1.0,,,,,,,,,,,,,,,
0,0,BAU,E5TSWTSW,T5TSWTSW,,,2043,,,,,,1.0,,,,,,,,,,,,,,,
0,0,BAU,E5TSWTSW,T5TSWTSW,,,2044,,,,,,1.0,,,,,,,,,,,,,,,
0,0,BAU,E5TSWTSW,T5TSWTSW,,,2045,,,,,,1.0,,,,,,,,,,,,,,,
0,0,BAU,E5TSWTSW,T5TSWTSW,,,2046,,,,,,1.0,,,,,,,,,,,,,,,
0,0,BAU,E5TSWTSW,T5TSWTSW,,,2047,,,,,,1.0,,,,,,,,,,,,,,,
0,0,BAU,E5TSWTSW,T5TSWTSW,,,2048,,,,,,1.0,,,,,,,,,,,,,,,
0,0,BAU,E5TSWTSW,T5TSWTSW,,,2049,,,,,,1.0,,,,,,,,,,,,,,,
0,0,BAU,E5TSWTSW,T5TSWTSW,,,2050,,,,,,1.0,,,,,,,,,,,,,,,
0,0,BAU,E5TSWLANDFILL_ELEC,T5LANDFILL_ELECTSW,,,2018,,,,,,1,,,,,,,,,,,,,,,
0,0,BAU,E5TSWLANDFILL_ELEC,T5LANDFILL_ELECTSW,,,2019,,,,,,1.0,,,,,,,,,,,,,,,
0,0,BAU,E5TSWLANDFILL_ELEC,T5LANDFILL_ELECTSW,,,2020,,,,,,1.0,,,,,,,,,,,,,,,
0,0,BAU,E5TSWLANDFILL_ELEC,T5LANDFILL_ELECTSW,,,2021,,,,,,1.0,,,,,,,,,,,,,,,
0,0,BAU,E5TSWLANDFILL_ELEC,T5LANDFILL_ELECTSW,,,2022,,,,,,1.0,,,,,,,,,,,,,,,
0,0,BAU,E5TSWLANDFILL_ELEC,T5LANDFILL_ELECTSW,,,2023,,,,,,1.0,,,,,,,,,,,,,,,
0,0,BAU,E5TSWLANDFILL_ELEC,T5LANDFILL_ELECTSW,,,2024,,,,,,1.0,,,,,,,,,,,,,,,
0,0,BAU,E5TSWLANDFILL_ELEC,T5LANDFILL_ELECTSW,,,2025,,,,,,1.0,,,,,,,,,,,,,,,
0,0,BAU,E5TSWLANDFILL_ELEC,T5LANDFILL_ELECTSW,,,2026,,,,,,1.0,,,,,,,,,,,,,,,
0,0,BAU,E5TSWLANDFILL_ELEC,T5LANDFILL_ELECTSW,,,2027,,,,,,1.0,,,,,,,,,,,,,,,
0,0,BAU,E5TSWLANDFILL_ELEC,T5LANDFILL_ELECTSW,,,2028,,,,,,1.0,,,,,,,,,,,,,,,
0,0,BAU,E5TSWLANDFILL_ELEC,T5LANDFILL_ELECTSW,,,2029,,,,,,1.0,,,,,,,,,,,,,,,
0,0,BAU,E5TSWLANDFILL_ELEC,T5LANDFILL_ELECTSW,,,2030,,,,,,1.0,,,,,,,,,,,,,,,
0,0,BAU,E5TSWLANDFILL_ELEC,T5LANDFILL_ELECTSW,,,2031,,,,,,1.0,,,,,,,,,,,,,,,
0,0,BAU,E5TSWLANDFILL_ELEC,T5LANDFILL_ELECTSW,,,2032,,,,,,1.0,,,,,,,,,,,,,,,
0,0,BAU,E5TSWLANDFILL_ELEC,T5LANDFILL_ELECTSW,,,2033,,,,,,1.0,,,,,,,,,,,,,,,
0,0,BAU,E5TSWLANDFILL_ELEC,T5LANDFILL_ELECTSW,,,2034,,,,,,1.0,,,,,,,,,,,,,,,
0,0,BAU,E5TSWLANDFILL_ELEC,T5LANDFILL_ELECTSW,,,2035,,,,,,1.0,,,,,,,,,,,,,,,
0,0,BAU,E5TSWLANDFILL_ELEC,T5LANDFILL_ELECTSW,,,2036,,,,,,1.0,,,,,,,,,,,,,,,
0,0,BAU,E5TSWLANDFILL_ELEC,T5LANDFILL_ELECTSW,,,2037,,,,,,1.0,,,,,,,,,,,,,,,
0,0,BAU,E5TSWLANDFILL_ELEC,T5LANDFILL_ELECTSW,,,2038,,,,,,1.0,,,,,,,,,,,,,,,
0,0,BAU,E5TSWLANDFILL_ELEC,T5LANDFILL_ELECTSW,,,2039,,,,,,1.0,,,,,,,,,,,,,,,
0,0,BAU,E5TSWLANDFILL_ELEC,T5LANDFILL_ELECTSW,,,2040,,,,,,1.0,,,,,,,,,,,,,,,
0,0,BAU,E5TSWLANDFILL_ELEC,T5LANDFILL_ELECTSW,,,2041,,,,,,1.0,,,,,,,,,,,,,,,
0,0,BAU,E5TSWLANDFILL_ELEC,T5LANDFILL_ELECTSW,,,2042,,,,,,1.0,,,,,,,,,,,,,,,
0,0,BAU,E5TSWLANDFILL_ELEC,T5LANDFILL_ELECTSW,,,2043,,,,,,1.0,,,,,,,,,,,,,,,
0,0,BAU,E5TSWLANDFILL_ELEC,T5LANDFILL_ELECTSW,,,2044,,,,,,1.0,,,,,,,,,,,,,,,
0,0,BAU,E5TSWLANDFILL_ELEC,T5LANDFILL_ELECTSW,,,2045,,,,,,1.0,,,,,,,,,,,,,,,
0,0,BAU,E5TSWLANDFILL_ELEC,T5LANDFILL_ELECTSW,,,2046,,,,,,1.0,,,,,,,,,,,,,,,
0,0,BAU,E5TSWLANDFILL_ELEC,T5LANDFILL_ELECTSW,,,2047,,,,,,1.0,,,,,,,,,,,,,,,
0,0,BAU,E5TSWLANDFILL_ELEC,T5LANDFILL_ELECTSW,,,2048,,,,,,1.0,,,,,,,,,,,,,,,
0,0,BAU,E5TSWLANDFILL_ELEC,T5LANDFILL_ELECTSW,,,2049,,,,,,1.0,,,,,,,,,,,,,,,
0,0,BAU,E5TSWLANDFILL_ELEC,T5LANDFILL_ELECTSW,,,2050,,,,,,1.0,,,,,,,,,,,,,,,
0,0,BAU,E5TSWIND_SW,T5IND_SWTSW,,,2018,,,,,,1,,,,,,,,,,,,,,,
0,0,BAU,E5TSWIND_SW,T5IND_SWTSW,,,2019,,,,,,1.0,,,,,,,,,,,,,,,
0,0,BAU,E5TSWIND_SW,T5IND_SWTSW,,,2020,,,,,,1.0,,,,,,,,,,,,,,,
0,0,BAU,E5TSWIND_SW,T5IND_SWTSW,,,2021,,,,,,1.0,,,,,,,,,,,,,,,
0,0,BAU,E5TSWIND_SW,T5IND_SWTSW,,,2022,,,,,,1.0,,,,,,,,,,,,,,,
0,0,BAU,E5TSWIND_SW,T5IND_SWTSW,,,2023,,,,,,1.0,,,,,,,,,,,,,,,
0,0,BAU,E5TSWIND_SW,T5IND_SWTSW,,,2024,,,,,,1.0,,,,,,,,,,,,,,,
0,0,BAU,E5TSWIND_SW,T5IND_SWTSW,,,2025,,,,,,1.0,,,,,,,,,,,,,,,
0,0,BAU,E5TSWIND_SW,T5IND_SWTSW,,,2026,,,,,,1.0,,,,,,,,,,,,,,,
0,0,BAU,E5TSWIND_SW,T5IND_SWTSW,,,2027,,,,,,1.0,,,,,,,,,,,,,,,
0,0,BAU,E5TSWIND_SW,T5IND_SWTSW,,,2028,,,,,,1.0,,,,,,,,,,,,,,,
0,0,BAU,E5TSWIND_SW,T5IND_SWTSW,,,2029,,,,,,1.0,,,,,,,,,,,,,,,
0,0,BAU,E5TSWIND_SW,T5IND_SWTSW,,,2030,,,,,,1.0,,,,,,,,,,,,,,,
0,0,BAU,E5TSWIND_SW,T5IND_SWTSW,,,2031,,,,,,1.0,,,,,,,,,,,,,,,
0,0,BAU,E5TSWIND_SW,T5IND_SWTSW,,,2032,,,,,,1.0,,,,,,,,,,,,,,,
0,0,BAU,E5TSWIND_SW,T5IND_SWTSW,,,2033,,,,,,1.0,,,,,,,,,,,,,,,
0,0,BAU,E5TSWIND_SW,T5IND_SWTSW,,,2034,,,,,,1.0,,,,,,,,,,,,,,,
0,0,BAU,E5TSWIND_SW,T5IND_SWTSW,,,2035,,,,,,1.0,,,,,,,,,,,,,,,
0,0,BAU,E5TSWIND_SW,T5IND_SWTSW,,,2036,,,,,,1.0,,,,,,,,,,,,,,,
0,0,BAU,E5TSWIND_SW,T5IND_SWTSW,,,2037,,,,,,1.0,,,,,,,,,,,,,,,
0,0,BAU,E5TSWIND_SW,T5IND_SWTSW,,,2038,,,,,,1.0,,,,,,,,,,,,,,,
0,0,BAU,E5TSWIND_SW,T5IND_SWTSW,,,2039,,,,,,1.0,,,,,,,,,,,,,,,
0,0,BAU,E5TSWIND_SW,T5IND_SWTSW,,,2040,,,,,,1.0,,,,,,,,,,,,,,,
0,0,BAU,E5TSWIND_SW,T5IND_SWTSW,,,2041,,,,,,1.0,,,,,,,,,,,,,,,
0,0,BAU,E5TSWIND_SW,T5IND_SWTSW,,,2042,,,,,,1.0,,,,,,,,,,,,,,,
0,0,BAU,E5TSWIND_SW,T5IND_SWTSW,,,2043,,,,,,1.0,,,,,,,,,,,,,,,
0,0,BAU,E5TSWIND_SW,T5IND_SWTSW,,,2044,,,,,,1.0,,,,,,,,,,,,,,,
0,0,BAU,E5TSWIND_SW,T5IND_SWTSW,,,2045,,,,,,1.0,,,,,,,,,,,,,,,
0,0,BAU,E5TSWIND_SW,T5IND_SWTSW,,,2046,,,,,,1.0,,,,,,,,,,,,,,,
0,0,BAU,E5TSWIND_SW,T5IND_SWTSW,,,2047,,,,,,1.0,,,,,,,,,,,,,,,
0,0,BAU,E5TSWIND_SW,T5IND_SWTSW,,,2048,,,,,,1.0,,,,,,,,,,,,,,,
0,0,BAU,E5TSWIND_SW,T5IND_SWTSW,,,2049,,,,,,1.0,,,,,,,,,,,,,,,
0,0,BAU,E5TSWIND_SW,T5IND_SWTSW,,,2050,,,,,,1.0,,,,,,,,,,,,,,,
0,0,BAU,E5TSWCO2_CH4_BURN,T5CO2_CH4_BURNTSW,,,2018,,,,,,1,,,,,,,,,,,,,,,
0,0,BAU,E5TSWCO2_CH4_BURN,T5CO2_CH4_BURNTSW,,,2019,,,,,,1.0,,,,,,,,,,,,,,,
0,0,BAU,E5TSWCO2_CH4_BURN,T5CO2_CH4_BURNTSW,,,2020,,,,,,1.0,,,,,,,,,,,,,,,
0,0,BAU,E5TSWCO2_CH4_BURN,T5CO2_CH4_BURNTSW,,,2021,,,,,,1.0,,,,,,,,,,,,,,,
0,0,BAU,E5TSWCO2_CH4_BURN,T5CO2_CH4_BURNTSW,,,2022,,,,,,1.0,,,,,,,,,,,,,,,
0,0,BAU,E5TSWCO2_CH4_BURN,T5CO2_CH4_BURNTSW,,,2023,,,,,,1.0,,,,,,,,,,,,,,,
0,0,BAU,E5TSWCO2_CH4_BURN,T5CO2_CH4_BURNTSW,,,2024,,,,,,1.0,,,,,,,,,,,,,,,
0,0,BAU,E5TSWCO2_CH4_BURN,T5CO2_CH4_BURNTSW,,,2025,,,,,,1.0,,,,,,,,,,,,,,,
0,0,BAU,E5TSWCO2_CH4_BURN,T5CO2_CH4_BURNTSW,,,2026,,,,,,1.0,,,,,,,,,,,,,,,
0,0,BAU,E5TSWCO2_CH4_BURN,T5CO2_CH4_BURNTSW,,,2027,,,,,,1.0,,,,,,,,,,,,,,,
0,0,BAU,E5TSWCO2_CH4_BURN,T5CO2_CH4_BURNTSW,,,2028,,,,,,1.0,,,,,,,,,,,,,,,
0,0,BAU,E5TSWCO2_CH4_BURN,T5CO2_CH4_BURNTSW,,,2029,,,,,,1.0,,,,,,,,,,,,,,,
0,0,BAU,E5TSWCO2_CH4_BURN,T5CO2_CH4_BURNTSW,,,2030,,,,,,1.0,,,,,,,,,,,,,,,
0,0,BAU,E5TSWCO2_CH4_BURN,T5CO2_CH4_BURNTSW,,,2031,,,,,,1.0,,,,,,,,,,,,,,,
0,0,BAU,E5TSWCO2_CH4_BURN,T5CO2_CH4_BURNTSW,,,2032,,,,,,1.0,,,,,,,,,,,,,,,
0,0,BAU,E5TSWCO2_CH4_BURN,T5CO2_CH4_BURNTSW,,,2033,,,,,,1.0,,,,,,,,,,,,,,,
0,0,BAU,E5TSWCO2_CH4_BURN,T5CO2_CH4_BURNTSW,,,2034,,,,,,1.0,,,,,,,,,,,,,,,
0,0,BAU,E5TSWCO2_CH4_BURN,T5CO2_CH4_BURNTSW,,,2035,,,,,,1.0,,,,,,,,,,,,,,,
0,0,BAU,E5TSWCO2_CH4_BURN,T5CO2_CH4_BURNTSW,,,2036,,,,,,1.0,,,,,,,,,,,,,,,
0,0,BAU,E5TSWCO2_CH4_BURN,T5CO2_CH4_BURNTSW,,,2037,,,,,,1.0,,,,,,,,,,,,,,,
0,0,BAU,E5TSWCO2_CH4_BURN,T5CO2_CH4_BURNTSW,,,2038,,,,,,1.0,,,,,,,,,,,,,,,
0,0,BAU,E5TSWCO2_CH4_BURN,T5CO2_CH4_BURNTSW,,,2039,,,,,,1.0,,,,,,,,,,,,,,,
0,0,BAU,E5TSWCO2_CH4_BURN,T5CO2_CH4_BURNTSW,,,2040,,,,,,1.0,,,,,,,,,,,,,,,
0,0,BAU,E5TSWCO2_CH4_BURN,T5CO2_CH4_BURNTSW,,,2041,,,,,,1.0,,,,,,,,,,,,,,,
0,0,BAU,E5TSWCO2_CH4_BURN,T5CO2_CH4_BURNTSW,,,2042,,,,,,1.0,,,,,,,,,,,,,,,
0,0,BAU,E5TSWCO2_CH4_BURN,T5CO2_CH4_BURNTSW,,,2043,,,,,,1.0,,,,,,,,,,,,,,,
0,0,BAU,E5TSWCO2_CH4_BURN,T5CO2_CH4_BURNTSW,,,2044,,,,,,1.0,,,,,,,,,,,,,,,
0,0,BAU,E5TSWCO2_CH4_BURN,T5CO2_CH4_BURNTSW,,,2045,,,,,,1.0,,,,,,,,,,,,,,,
0,0,BAU,E5TSWCO2_CH4_BURN,T5CO2_CH4_BURNTSW,,,2046,,,,,,1.0,,,,,,,,,,,,,,,
0,0,BAU,E5TSWCO2_CH4_BURN,T5CO2_CH4_BURNTSW,,,2047,,,,,,1.0,,,,,,,,,,,,,,,
0,0,BAU,E5TSWCO2_CH4_BURN,T5CO2_CH4_BURNTSW,,,2048,,,,,,1.0,,,,,,,,,,,,,,,
0,0,BAU,E5TSWCO2_CH4_BURN,T5CO2_CH4_BURNTSW,,,2049,,,,,,1.0,,,,,,,,,,,,,,,
0,0,BAU,E5TSWCO2_CH4_BURN,T5CO2_CH4_BURNTSW,,,2050,,,,,,1.0,,,,,,,,,,,,,,,
0,0,BAU,E5TSWCOMPOST_DOM,T5COMPOST_DOMTSW,,,2018,,,,,,1,,,,,,,,,,,,,,,
0,0,BAU,E5TSWCOMPOST_DOM,T5COMPOST_DOMTSW,,,2019,,,,,,1.0,,,,,,,,,,,,,,,
0,0,BAU,E5TSWCOMPOST_DOM,T5COMPOST_DOMTSW,,,2020,,,,,,1.0,,,,,,,,,,,,,,,
0,0,BAU,E5TSWCOMPOST_DOM,T5COMPOST_DOMTSW,,,2021,,,,,,1.0,,,,,,,,,,,,,,,
0,0,BAU,E5TSWCOMPOST_DOM,T5COMPOST_DOMTSW,,,2022,,,,,,1.0,,,,,,,,,,,,,,,
0,0,BAU,E5TSWCOMPOST_DOM,T5COMPOST_DOMTSW,,,2023,,,,,,1.0,,,,,,,,,,,,,,,
0,0,BAU,E5TSWCOMPOST_DOM,T5COMPOST_DOMTSW,,,2024,,,,,,1.0,,,,,,,,,,,,,,,
0,0,BAU,E5TSWCOMPOST_DOM,T5COMPOST_DOMTSW,,,2025,,,,,,1.0,,,,,,,,,,,,,,,
0,0,BAU,E5TSWCOMPOST_DOM,T5COMPOST_DOMTSW,,,2026,,,,,,1.0,,,,,,,,,,,,,,,
0,0,BAU,E5TSWCOMPOST_DOM,T5COMPOST_DOMTSW,,,2027,,,,,,1.0,,,,,,,,,,,,,,,
0,0,BAU,E5TSWCOMPOST_DOM,T5COMPOST_DOMTSW,,,2028,,,,,,1.0,,,,,,,,,,,,,,,
0,0,BAU,E5TSWCOMPOST_DOM,T5COMPOST_DOMTSW,,,2029,,,,,,1.0,,,,,,,,,,,,,,,
0,0,BAU,E5TSWCOMPOST_DOM,T5COMPOST_DOMTSW,,,2030,,,,,,1.0,,,,,,,,,,,,,,,
0,0,BAU,E5TSWCOMPOST_DOM,T5COMPOST_DOMTSW,,,2031,,,,,,1.0,,,,,,,,,,,,,,,
0,0,BAU,E5TSWCOMPOST_DOM,T5COMPOST_DOMTSW,,,2032,,,,,,1.0,,,,,,,,,,,,,,,
0,0,BAU,E5TSWCOMPOST_DOM,T5COMPOST_DOMTSW,,,2033,,,,,,1.0,,,,,,,,,,,,,,,
0,0,BAU,E5TSWCOMPOST_DOM,T5COMPOST_DOMTSW,,,2034,,,,,,1.0,,,,,,,,,,,,,,,
0,0,BAU,E5TSWCOMPOST_DOM,T5COMPOST_DOMTSW,,,2035,,,,,,1.0,,,,,,,,,,,,,,,
0,0,BAU,E5TSWCOMPOST_DOM,T5COMPOST_DOMTSW,,,2036,,,,,,1.0,,,,,,,,,,,,,,,
0,0,BAU,E5TSWCOMPOST_DOM,T5COMPOST_DOMTSW,,,2037,,,,,,1.0,,,,,,,,,,,,,,,
0,0,BAU,E5TSWCOMPOST_DOM,T5COMPOST_DOMTSW,,,2038,,,,,,1.0,,,,,,,,,,,,,,,
0,0,BAU,E5TSWCOMPOST_DOM,T5COMPOST_DOMTSW,,,2039,,,,,,1.0,,,,,,,,,,,,,,,
0,0,BAU,E5TSWCOMPOST_DOM,T5COMPOST_DOMTSW,,,2040,,,,,,1.0,,,,,,,,,,,,,,,
0,0,BAU,E5TSWCOMPOST_DOM,T5COMPOST_DOMTSW,,,2041,,,,,,1.0,,,,,,,,,,,,,,,
0,0,BAU,E5TSWCOMPOST_DOM,T5COMPOST_DOMTSW,,,2042,,,,,,1.0,,,,,,,,,,,,,,,
0,0,BAU,E5TSWCOMPOST_DOM,T5COMPOST_DOMTSW,,,2043,,,,,,1.0,,,,,,,,,,,,,,,
0,0,BAU,E5TSWCOMPOST_DOM,T5COMPOST_DOMTSW,,,2044,,,,,,1.0,,,,,,,,,,,,,,,
0,0,BAU,E5TSWCOMPOST_DOM,T5COMPOST_DOMTSW,,,2045,,,,,,1.0,,,,,,,,,,,,,,,
0,0,BAU,E5TSWCOMPOST_DOM,T5COMPOST_DOMTSW,,,2046,,,,,,1.0,,,,,,,,,,,,,,,
0,0,BAU,E5TSWCOMPOST_DOM,T5COMPOST_DOMTSW,,,2047,,,,,,1.0,,,,,,,,,,,,,,,
0,0,BAU,E5TSWCOMPOST_DOM,T5COMPOST_DOMTSW,,,2048,,,,,,1.0,,,,,,,,,,,,,,,
0,0,BAU,E5TSWCOMPOST_DOM,T5COMPOST_DOMTSW,,,2049,,,,,,1.0,,,,,,,,,,,,,,,
0,0,BAU,E5TSWCOMPOST_DOM,T5COMPOST_DOMTSW,,,2050,,,,,,1.0,,,,,,,,,,,,,,,
0,0,BAU,E5TSWCOMPOST_COFFEE,T5COMPOST_COFFEETSW,,,2018,,,,,,1,,,,,,,,,,,,,,,
0,0,BAU,E5TSWCOMPOST_COFFEE,T5COMPOST_COFFEETSW,,,2019,,,,,,1.0,,,,,,,,,,,,,,,
0,0,BAU,E5TSWCOMPOST_COFFEE,T5COMPOST_COFFEETSW,,,2020,,,,,,1.0,,,,,,,,,,,,,,,
0,0,BAU,E5TSWCOMPOST_COFFEE,T5COMPOST_COFFEETSW,,,2021,,,,,,1.0,,,,,,,,,,,,,,,
0,0,BAU,E5TSWCOMPOST_COFFEE,T5COMPOST_COFFEETSW,,,2022,,,,,,1.0,,,,,,,,,,,,,,,
0,0,BAU,E5TSWCOMPOST_COFFEE,T5COMPOST_COFFEETSW,,,2023,,,,,,1.0,,,,,,,,,,,,,,,
0,0,BAU,E5TSWCOMPOST_COFFEE,T5COMPOST_COFFEETSW,,,2024,,,,,,1.0,,,,,,,,,,,,,,,
0,0,BAU,E5TSWCOMPOST_COFFEE,T5COMPOST_COFFEETSW,,,2025,,,,,,1.0,,,,,,,,,,,,,,,
0,0,BAU,E5TSWCOMPOST_COFFEE,T5COMPOST_COFFEETSW,,,2026,,,,,,1.0,,,,,,,,,,,,,,,
0,0,BAU,E5TSWCOMPOST_COFFEE,T5COMPOST_COFFEETSW,,,2027,,,,,,1.0,,,,,,,,,,,,,,,
0,0,BAU,E5TSWCOMPOST_COFFEE,T5COMPOST_COFFEETSW,,,2028,,,,,,1.0,,,,,,,,,,,,,,,
0,0,BAU,E5TSWCOMPOST_COFFEE,T5COMPOST_COFFEETSW,,,2029,,,,,,1.0,,,,,,,,,,,,,,,
0,0,BAU,E5TSWCOMPOST_COFFEE,T5COMPOST_COFFEETSW,,,2030,,,,,,1.0,,,,,,,,,,,,,,,
0,0,BAU,E5TSWCOMPOST_COFFEE,T5COMPOST_COFFEETSW,,,2031,,,,,,1.0,,,,,,,,,,,,,,,
0,0,BAU,E5TSWCOMPOST_COFFEE,T5COMPOST_COFFEETSW,,,2032,,,,,,1.0,,,,,,,,,,,,,,,
0,0,BAU,E5TSWCOMPOST_COFFEE,T5COMPOST_COFFEETSW,,,2033,,,,,,1.0,,,,,,,,,,,,,,,
0,0,BAU,E5TSWCOMPOST_COFFEE,T5COMPOST_COFFEETSW,,,2034,,,,,,1.0,,,,,,,,,,,,,,,
0,0,BAU,E5TSWCOMPOST_COFFEE,T5COMPOST_COFFEETSW,,,2035,,,,,,1.0,,,,,,,,,,,,,,,
0,0,BAU,E5TSWCOMPOST_COFFEE,T5COMPOST_COFFEETSW,,,2036,,,,,,1.0,,,,,,,,,,,,,,,
0,0,BAU,E5TSWCOMPOST_COFFEE,T5COMPOST_COFFEETSW,,,2037,,,,,,1.0,,,,,,,,,,,,,,,
0,0,BAU,E5TSWCOMPOST_COFFEE,T5COMPOST_COFFEETSW,,,2038,,,,,,1.0,,,,,,,,,,,,,,,
0,0,BAU,E5TSWCOMPOST_COFFEE,T5COMPOST_COFFEETSW,,,2039,,,,,,1.0,,,,,,,,,,,,,,,
0,0,BAU,E5TSWCOMPOST_COFFEE,T5COMPOST_COFFEETSW,,,2040,,,,,,1.0,,,,,,,,,,,,,,,
0,0,BAU,E5TSWCOMPOST_COFFEE,T5COMPOST_COFFEETSW,,,2041,,,,,,1.0,,,,,,,,,,,,,,,
0,0,BAU,E5TSWCOMPOST_COFFEE,T5COMPOST_COFFEETSW,,,2042,,,,,,1.0,,,,,,,,,,,,,,,
0,0,BAU,E5TSWCOMPOST_COFFEE,T5COMPOST_COFFEETSW,,,2043,,,,,,1.0,,,,,,,,,,,,,,,
0,0,BAU,E5TSWCOMPOST_COFFEE,T5COMPOST_COFFEETSW,,,2044,,,,,,1.0,,,,,,,,,,,,,,,
0,0,BAU,E5TSWCOMPOST_COFFEE,T5COMPOST_COFFEETSW,,,2045,,,,,,1.0,,,,,,,,,,,,,,,
0,0,BAU,E5TSWCOMPOST_COFFEE,T5COMPOST_COFFEETSW,,,2046,,,,,,1.0,,,,,,,,,,,,,,,
0,0,BAU,E5TSWCOMPOST_COFFEE,T5COMPOST_COFFEETSW,,,2047,,,,,,1.0,,,,,,,,,,,,,,,
0,0,BAU,E5TSWCOMPOST_COFFEE,T5COMPOST_COFFEETSW,,,2048,,,,,,1.0,,,,,,,,,,,,,,,
0,0,BAU,E5TSWCOMPOST_COFFEE,T5COMPOST_COFFEETSW,,,2049,,,,,,1.0,,,,,,,,,,,,,,,
0,0,BAU,E5TSWCOMPOST_COFFEE,T5COMPOST_COFFEETSW,,,2050,,,,,,1.0,,,,,,,,,,,,,,,
0,0,BAU,E5WWDWW_DC,T5DWW_DCWW,,,2018,,,,,,1,,,,,,,,,,,,,,,
0,0,BAU,E5WWDWW_DC,T5DWW_DCWW,,,2019,,,,,,1.0,,,,,,,,,,,,,,,
0,0,BAU,E5WWDWW_DC,T5DWW_DCWW,,,2020,,,,,,1.0,,,,,,,,,,,,,,,
0,0,BAU,E5WWDWW_DC,T5DWW_DCWW,,,2021,,,,,,1.0,,,,,,,,,,,,,,,
0,0,BAU,E5WWDWW_DC,T5DWW_DCWW,,,2022,,,,,,1.0,,,,,,,,,,,,,,,
0,0,BAU,E5WWDWW_DC,T5DWW_DCWW,,,2023,,,,,,1.0,,,,,,,,,,,,,,,
0,0,BAU,E5WWDWW_DC,T5DWW_DCWW,,,2024,,,,,,1.0,,,,,,,,,,,,,,,
0,0,BAU,E5WWDWW_DC,T5DWW_DCWW,,,2025,,,,,,1.0,,,,,,,,,,,,,,,
0,0,BAU,E5WWDWW_DC,T5DWW_DCWW,,,2026,,,,,,1.0,,,,,,,,,,,,,,,
0,0,BAU,E5WWDWW_DC,T5DWW_DCWW,,,2027,,,,,,1.0,,,,,,,,,,,,,,,
0,0,BAU,E5WWDWW_DC,T5DWW_DCWW,,,2028,,,,,,1.0,,,,,,,,,,,,,,,
0,0,BAU,E5WWDWW_DC,T5DWW_DCWW,,,2029,,,,,,1.0,,,,,,,,,,,,,,,
0,0,BAU,E5WWDWW_DC,T5DWW_DCWW,,,2030,,,,,,1.0,,,,,,,,,,,,,,,
0,0,BAU,E5WWDWW_DC,T5DWW_DCWW,,,2031,,,,,,1.0,,,,,,,,,,,,,,,
0,0,BAU,E5WWDWW_DC,T5DWW_DCWW,,,2032,,,,,,1.0,,,,,,,,,,,,,,,
0,0,BAU,E5WWDWW_DC,T5DWW_DCWW,,,2033,,,,,,1.0,,,,,,,,,,,,,,,
0,0,BAU,E5WWDWW_DC,T5DWW_DCWW,,,2034,,,,,,1.0,,,,,,,,,,,,,,,
0,0,BAU,E5WWDWW_DC,T5DWW_DCWW,,,2035,,,,,,1.0,,,,,,,,,,,,,,,
0,0,BAU,E5WWDWW_DC,T5DWW_DCWW,,,2036,,,,,,1.0,,,,,,,,,,,,,,,
0,0,BAU,E5WWDWW_DC,T5DWW_DCWW,,,2037,,,,,,1.0,,,,,,,,,,,,,,,
0,0,BAU,E5WWDWW_DC,T5DWW_DCWW,,,2038,,,,,,1.0,,,,,,,,,,,,,,,
0,0,BAU,E5WWDWW_DC,T5DWW_DCWW,,,2039,,,,,,1.0,,,,,,,,,,,,,,,
0,0,BAU,E5WWDWW_DC,T5DWW_DCWW,,,2040,,,,,,1.0,,,,,,,,,,,,,,,
0,0,BAU,E5WWDWW_DC,T5DWW_DCWW,,,2041,,,,,,1.0,,,,,,,,,,,,,,,
0,0,BAU,E5WWDWW_DC,T5DWW_DCWW,,,2042,,,,,,1.0,,,,,,,,,,,,,,,
0,0,BAU,E5WWDWW_DC,T5DWW_DCWW,,,2043,,,,,,1.0,,,,,,,,,,,,,,,
0,0,BAU,E5WWDWW_DC,T5DWW_DCWW,,,2044,,,,,,1.0,,,,,,,,,,,,,,,
0,0,BAU,E5WWDWW_DC,T5DWW_DCWW,,,2045,,,,,,1.0,,,,,,,,,,,,,,,
0,0,BAU,E5WWDWW_DC,T5DWW_DCWW,,,2046,,,,,,1.0,,,,,,,,,,,,,,,
0,0,BAU,E5WWDWW_DC,T5DWW_DCWW,,,2047,,,,,,1.0,,,,,,,,,,,,,,,
0,0,BAU,E5WWDWW_DC,T5DWW_DCWW,,,2048,,,,,,1.0,,,,,,,,,,,,,,,
0,0,BAU,E5WWDWW_DC,T5DWW_DCWW,,,2049,,,,,,1.0,,,,,,,,,,,,,,,
0,0,BAU,E5WWDWW_DC,T5DWW_DCWW,,,2050,,,,,,1.0,,,,,,,,,,,,,,,
0,0,BAU,E5WWDWW_N,T5DWW_NWW,,,2018,,,,,,1,,,,,,,,,,,,,,,
0,0,BAU,E5WWDWW_N,T5DWW_NWW,,,2019,,,,,,1.0,,,,,,,,,,,,,,,
0,0,BAU,E5WWDWW_N,T5DWW_NWW,,,2020,,,,,,1.0,,,,,,,,,,,,,,,
0,0,BAU,E5WWDWW_N,T5DWW_NWW,,,2021,,,,,,1.0,,,,,,,,,,,,,,,
0,0,BAU,E5WWDWW_N,T5DWW_NWW,,,2022,,,,,,1.0,,,,,,,,,,,,,,,
0,0,BAU,E5WWDWW_N,T5DWW_NWW,,,2023,,,,,,1.0,,,,,,,,,,,,,,,
0,0,BAU,E5WWDWW_N,T5DWW_NWW,,,2024,,,,,,1.0,,,,,,,,,,,,,,,
0,0,BAU,E5WWDWW_N,T5DWW_NWW,,,2025,,,,,,1.0,,,,,,,,,,,,,,,
0,0,BAU,E5WWDWW_N,T5DWW_NWW,,,2026,,,,,,1.0,,,,,,,,,,,,,,,
0,0,BAU,E5WWDWW_N,T5DWW_NWW,,,2027,,,,,,1.0,,,,,,,,,,,,,,,
0,0,BAU,E5WWDWW_N,T5DWW_NWW,,,2028,,,,,,1.0,,,,,,,,,,,,,,,
0,0,BAU,E5WWDWW_N,T5DWW_NWW,,,2029,,,,,,1.0,,,,,,,,,,,,,,,
0,0,BAU,E5WWDWW_N,T5DWW_NWW,,,2030,,,,,,1.0,,,,,,,,,,,,,,,
0,0,BAU,E5WWDWW_N,T5DWW_NWW,,,2031,,,,,,1.0,,,,,,,,,,,,,,,
0,0,BAU,E5WWDWW_N,T5DWW_NWW,,,2032,,,,,,1.0,,,,,,,,,,,,,,,
0,0,BAU,E5WWDWW_N,T5DWW_NWW,,,2033,,,,,,1.0,,,,,,,,,,,,,,,
0,0,BAU,E5WWDWW_N,T5DWW_NWW,,,2034,,,,,,1.0,,,,,,,,,,,,,,,
0,0,BAU,E5WWDWW_N,T5DWW_NWW,,,2035,,,,,,1.0,,,,,,,,,,,,,,,
0,0,BAU,E5WWDWW_N,T5DWW_NWW,,,2036,,,,,,1.0,,,,,,,,,,,,,,,
0,0,BAU,E5WWDWW_N,T5DWW_NWW,,,2037,,,,,,1.0,,,,,,,,,,,,,,,
0,0,BAU,E5WWDWW_N,T5DWW_NWW,,,2038,,,,,,1.0,,,,,,,,,,,,,,,
0,0,BAU,E5WWDWW_N,T5DWW_NWW,,,2039,,,,,,1.0,,,,,,,,,,,,,,,
0,0,BAU,E5WWDWW_N,T5DWW_NWW,,,2040,,,,,,1.0,,,,,,,,,,,,,,,
0,0,BAU,E5WWDWW_N,T5DWW_NWW,,,2041,,,,,,1.0,,,,,,,,,,,,,,,
0,0,BAU,E5WWDWW_N,T5DWW_NWW,,,2042,,,,,,1.0,,,,,,,,,,,,,,,
0,0,BAU,E5WWDWW_N,T5DWW_NWW,,,2043,,,,,,1.0,,,,,,,,,,,,,,,
0,0,BAU,E5WWDWW_N,T5DWW_NWW,,,2044,,,,,,1.0,,,,,,,,,,,,,,,
0,0,BAU,E5WWDWW_N,T5DWW_NWW,,,2045,,,,,,1.0,,,,,,,,,,,,,,,
0,0,BAU,E5WWDWW_N,T5DWW_NWW,,,2046,,,,,,1.0,,,,,,,,,,,,,,,
0,0,BAU,E5WWDWW_N,T5DWW_NWW,,,2047,,,,,,1.0,,,,,,,,,,,,,,,
0,0,BAU,E5WWDWW_N,T5DWW_NWW,,,2048,,,,,,1.0,,,,,,,,,,,,,,,
0,0,BAU,E5WWDWW_N,T5DWW_NWW,,,2049,,,,,,1.0,,,,,,,,,,,,,,,
0,0,BAU,E5WWDWW_N,T5DWW_NWW,,,2050,,,,,,1.0,,,,,,,,,,,,,,,
0,0,BAU,E5WWIWW,T5IWWWW,,,2018,,,,,,1,,,,,,,,,,,,,,,
0,0,BAU,E5WWIWW,T5IWWWW,,,2019,,,,,,1.0,,,,,,,,,,,,,,,
0,0,BAU,E5WWIWW,T5IWWWW,,,2020,,,,,,1.0,,,,,,,,,,,,,,,
0,0,BAU,E5WWIWW,T5IWWWW,,,2021,,,,,,1.0,,,,,,,,,,,,,,,
0,0,BAU,E5WWIWW,T5IWWWW,,,2022,,,,,,1.0,,,,,,,,,,,,,,,
0,0,BAU,E5WWIWW,T5IWWWW,,,2023,,,,,,1.0,,,,,,,,,,,,,,,
0,0,BAU,E5WWIWW,T5IWWWW,,,2024,,,,,,1.0,,,,,,,,,,,,,,,
0,0,BAU,E5WWIWW,T5IWWWW,,,2025,,,,,,1.0,,,,,,,,,,,,,,,
0,0,BAU,E5WWIWW,T5IWWWW,,,2026,,,,,,1.0,,,,,,,,,,,,,,,
0,0,BAU,E5WWIWW,T5IWWWW,,,2027,,,,,,1.0,,,,,,,,,,,,,,,
0,0,BAU,E5WWIWW,T5IWWWW,,,2028,,,,,,1.0,,,,,,,,,,,,,,,
0,0,BAU,E5WWIWW,T5IWWWW,,,2029,,,,,,1.0,,,,,,,,,,,,,,,
0,0,BAU,E5WWIWW,T5IWWWW,,,2030,,,,,,1.0,,,,,,,,,,,,,,,
0,0,BAU,E5WWIWW,T5IWWWW,,,2031,,,,,,1.0,,,,,,,,,,,,,,,
0,0,BAU,E5WWIWW,T5IWWWW,,,2032,,,,,,1.0,,,,,,,,,,,,,,,
0,0,BAU,E5WWIWW,T5IWWWW,,,2033,,,,,,1.0,,,,,,,,,,,,,,,
0,0,BAU,E5WWIWW,T5IWWWW,,,2034,,,,,,1.0,,,,,,,,,,,,,,,
0,0,BAU,E5WWIWW,T5IWWWW,,,2035,,,,,,1.0,,,,,,,,,,,,,,,
0,0,BAU,E5WWIWW,T5IWWWW,,,2036,,,,,,1.0,,,,,,,,,,,,,,,
0,0,BAU,E5WWIWW,T5IWWWW,,,2037,,,,,,1.0,,,,,,,,,,,,,,,
0,0,BAU,E5WWIWW,T5IWWWW,,,2038,,,,,,1.0,,,,,,,,,,,,,,,
0,0,BAU,E5WWIWW,T5IWWWW,,,2039,,,,,,1.0,,,,,,,,,,,,,,,
0,0,BAU,E5WWIWW,T5IWWWW,,,2040,,,,,,1.0,,,,,,,,,,,,,,,
0,0,BAU,E5WWIWW,T5IWWWW,,,2041,,,,,,1.0,,,,,,,,,,,,,,,
0,0,BAU,E5WWIWW,T5IWWWW,,,2042,,,,,,1.0,,,,,,,,,,,,,,,
0,0,BAU,E5WWIWW,T5IWWWW,,,2043,,,,,,1.0,,,,,,,,,,,,,,,
0,0,BAU,E5WWIWW,T5IWWWW,,,2044,,,,,,1.0,,,,,,,,,,,,,,,
0,0,BAU,E5WWIWW,T5IWWWW,,,2045,,,,,,1.0,,,,,,,,,,,,,,,
0,0,BAU,E5WWIWW,T5IWWWW,,,2046,,,,,,1.0,,,,,,,,,,,,,,,
0,0,BAU,E5WWIWW,T5IWWWW,,,2047,,,,,,1.0,,,,,,,,,,,,,,,
0,0,BAU,E5WWIWW,T5IWWWW,,,2048,,,,,,1.0,,,,,,,,,,,,,,,
0,0,BAU,E5WWIWW,T5IWWWW,,,2049,,,,,,1.0,,,,,,,,,,,,,,,
0,0,BAU,E5WWIWW,T5IWWWW,,,2050,,,,,,1.0,,,,,,,,,,,,,,,
0,0,BAU,,INORG_RCY_OS,CO2e_WASTE,,2018,,,,,,,0.0,,,,,,,,,,,,,,
0,0,BAU,,INORG_RCY_OS,CO2e_WASTE,,2019,,,,,,,0.0,,,,,,,,,,,,,,
0,0,BAU,,INORG_RCY_OS,CO2e_WASTE,,2020,,,,,,,0.0,,,,,,,,,,,,,,
0,0,BAU,,INORG_RCY_OS,CO2e_WASTE,,2021,,,,,,,0.0,,,,,,,,,,,,,,
0,0,BAU,,INORG_RCY_OS,CO2e_WASTE,,2022,,,,,,,0.0,,,,,,,,,,,,,,
0,0,BAU,,INORG_RCY_OS,CO2e_WASTE,,2023,,,,,,,0.0,,,,,,,,,,,,,,
0,0,BAU,,INORG_RCY_OS,CO2e_WASTE,,2024,,,,,,,0.0,,,,,,,,,,,,,,
0,0,BAU,,INORG_RCY_OS,CO2e_WASTE,,2025,,,,,,,0.0,,,,,,,,,,,,,,
0,0,BAU,,INORG_RCY_OS,CO2e_WASTE,,2026,,,,,,,0.0,,,,,,,,,,,,,,
0,0,BAU,,INORG_RCY_OS,CO2e_WASTE,,2027,,,,,,,0.0,,,,,,,,,,,,,,
0,0,BAU,,INORG_RCY_OS,CO2e_WASTE,,2028,,,,,,,0.0,,,,,,,,,,,,,,
0,0,BAU,,INORG_RCY_OS,CO2e_WASTE,,2029,,,,,,,0.0,,,,,,,,,,,,,,
0,0,BAU,,INORG_RCY_OS,CO2e_WASTE,,2030,,,,,,,0.0,,,,,,,,,,,,,,
0,0,BAU,,INORG_RCY_OS,CO2e_WASTE,,2031,,,,,,,0.0,,,,,,,,,,,,,,
0,0,BAU,,INORG_RCY_OS,CO2e_WASTE,,2032,,,,,,,0.0,,,,,,,,,,,,,,
0,0,BAU,,INORG_RCY_OS,CO2e_WASTE,,2033,,,,,,,0.0,,,,,,,,,,,,,,
0,0,BAU,,INORG_RCY_OS,CO2e_WASTE,,2034,,,,,,,0.0,,,,,,,,,,,,,,
0,0,BAU,,INORG_RCY_OS,CO2e_WASTE,,2035,,,,,,,0.0,,,,,,,,,,,,,,
0,0,BAU,,INORG_RCY_OS,CO2e_WASTE,,2036,,,,,,,0.0,,,,,,,,,,,,,,
0,0,BAU,,INORG_RCY_OS,CO2e_WASTE,,2037,,,,,,,0.0,,,,,,,,,,,,,,
0,0,BAU,,INORG_RCY_OS,CO2e_WASTE,,2038,,,,,,,0.0,,,,,,,,,,,,,,
0,0,BAU,,INORG_RCY_OS,CO2e_WASTE,,2039,,,,,,,0.0,,,,,,,,,,,,,,
0,0,BAU,,INORG_RCY_OS,CO2e_WASTE,,2040,,,,,,,0.0,,,,,,,,,,,,,,
0,0,BAU,,INORG_RCY_OS,CO2e_WASTE,,2041,,,,,,,0.0,,,,,,,,,,,,,,
0,0,BAU,,INORG_RCY_OS,CO2e_WASTE,,2042,,,,,,,0.0,,,,,,,,,,,,,,
0,0,BAU,,INORG_RCY_OS,CO2e_WASTE,,2043,,,,,,,0.0,,,,,,,,,,,,,,
0,0,BAU,,INORG_RCY_OS,CO2e_WASTE,,2044,,,,,,,0.0,,,,,,,,,,,,,,
0,0,BAU,,INORG_RCY_OS,CO2e_WASTE,,2045,,,,,,,0.0,,,,,,,,,,,,,,
0,0,BAU,,INORG_RCY_OS,CO2e_WASTE,,2046,,,,,,,0.0,,,,,,,,,,,,,,
0,0,BAU,,INORG_RCY_OS,CO2e_WASTE,,2047,,,,,,,0.0,,,,,,,,,,,,,,
0,0,BAU,,INORG_RCY_OS,CO2e_WASTE,,2048,,,,,,,0.0,,,,,,,,,,,,,,
0,0,BAU,,INORG_RCY_OS,CO2e_WASTE,,2049,,,,,,,0.0,,,,,,,,,,,,,,
0,0,BAU,,INORG_RCY_OS,CO2e_WASTE,,2050,,,,,,,0.0,,,,,,,,,,,,,,
0,0,BAU,,INORG_RCY_OS,CO2_WASTE,,2018,,,,,,,0.0,,,,,,,,,,,,,,
0,0,BAU,,INORG_RCY_OS,CO2_WASTE,,2019,,,,,,,0.0,,,,,,,,,,,,,,
0,0,BAU,,INORG_RCY_OS,CO2_WASTE,,2020,,,,,,,0.0,,,,,,,,,,,,,,
0,0,BAU,,INORG_RCY_OS,CO2_WASTE,,2021,,,,,,,0.0,,,,,,,,,,,,,,
0,0,BAU,,INORG_RCY_OS,CO2_WASTE,,2022,,,,,,,0.0,,,,,,,,,,,,,,
0,0,BAU,,INORG_RCY_OS,CO2_WASTE,,2023,,,,,,,0.0,,,,,,,,,,,,,,
0,0,BAU,,INORG_RCY_OS,CO2_WASTE,,2024,,,,,,,0.0,,,,,,,,,,,,,,
0,0,BAU,,INORG_RCY_OS,CO2_WASTE,,2025,,,,,,,0.0,,,,,,,,,,,,,,
0,0,BAU,,INORG_RCY_OS,CO2_WASTE,,2026,,,,,,,0.0,,,,,,,,,,,,,,
0,0,BAU,,INORG_RCY_OS,CO2_WASTE,,2027,,,,,,,0.0,,,,,,,,,,,,,,
0,0,BAU,,INORG_RCY_OS,CO2_WASTE,,2028,,,,,,,0.0,,,,,,,,,,,,,,
0,0,BAU,,INORG_RCY_OS,CO2_WASTE,,2029,,,,,,,0.0,,,,,,,,,,,,,,
0,0,BAU,,INORG_RCY_OS,CO2_WASTE,,2030,,,,,,,0.0,,,,,,,,,,,,,,
0,0,BAU,,INORG_RCY_OS,CO2_WASTE,,2031,,,,,,,0.0,,,,,,,,,,,,,,
0,0,BAU,,INORG_RCY_OS,CO2_WASTE,,2032,,,,,,,0.0,,,,,,,,,,,,,,
0,0,BAU,,INORG_RCY_OS,CO2_WASTE,,2033,,,,,,,0.0,,,,,,,,,,,,,,
0,0,BAU,,INORG_RCY_OS,CO2_WASTE,,2034,,,,,,,0.0,,,,,,,,,,,,,,
0,0,BAU,,INORG_RCY_OS,CO2_WASTE,,2035,,,,,,,0.0,,,,,,,,,,,,,,
0,0,BAU,,INORG_RCY_OS,CO2_WASTE,,2036,,,,,,,0.0,,,,,,,,,,,,,,
0,0,BAU,,INORG_RCY_OS,CO2_WASTE,,2037,,,,,,,0.0,,,,,,,,,,,,,,
0,0,BAU,,INORG_RCY_OS,CO2_WASTE,,2038,,,,,,,0.0,,,,,,,,,,,,,,
0,0,BAU,,INORG_RCY_OS,CO2_WASTE,,2039,,,,,,,0.0,,,,,,,,,,,,,,
0,0,BAU,,INORG_RCY_OS,CO2_WASTE,,2040,,,,,,,0.0,,,,,,,,,,,,,,
0,0,BAU,,INORG_RCY_OS,CO2_WASTE,,2041,,,,,,,0.0,,,,,,,,,,,,,,
0,0,BAU,,INORG_RCY_OS,CO2_WASTE,,2042,,,,,,,0.0,,,,,,,,,,,,,,
0,0,BAU,,INORG_RCY_OS,CO2_WASTE,,2043,,,,,,,0.0,,,,,,,,,,,,,,
0,0,BAU,,INORG_RCY_OS,CO2_WASTE,,2044,,,,,,,0.0,,,,,,,,,,,,,,
0,0,BAU,,INORG_RCY_OS,CO2_WASTE,,2045,,,,,,,0.0,,,,,,,,,,,,,,
0,0,BAU,,INORG_RCY_OS,CO2_WASTE,,2046,,,,,,,0.0,,,,,,,,,,,,,,
0,0,BAU,,INORG_RCY_OS,CO2_WASTE,,2047,,,,,,,0.0,,,,,,,,,,,,,,
0,0,BAU,,INORG_RCY_OS,CO2_WASTE,,2048,,,,,,,0.0,,,,,,,,,,,,,,
0,0,BAU,,INORG_RCY_OS,CO2_WASTE,,2049,,,,,,,0.0,,,,,,,,,,,,,,
0,0,BAU,,INORG_RCY_OS,CO2_WASTE,,2050,,,,,,,0.0,,,,,,,,,,,,,,
0,0,BAU,,INORG_RCY_OS,CH4_WASTE,,2018,,,,,,,0.0,,,,,,,,,,,,,,
0,0,BAU,,INORG_RCY_OS,CH4_WASTE,,2019,,,,,,,0.0,,,,,,,,,,,,,,
0,0,BAU,,INORG_RCY_OS,CH4_WASTE,,2020,,,,,,,0.0,,,,,,,,,,,,,,
0,0,BAU,,INORG_RCY_OS,CH4_WASTE,,2021,,,,,,,0.0,,,,,,,,,,,,,,
0,0,BAU,,INORG_RCY_OS,CH4_WASTE,,2022,,,,,,,0.0,,,,,,,,,,,,,,
0,0,BAU,,INORG_RCY_OS,CH4_WASTE,,2023,,,,,,,0.0,,,,,,,,,,,,,,
0,0,BAU,,INORG_RCY_OS,CH4_WASTE,,2024,,,,,,,0.0,,,,,,,,,,,,,,
0,0,BAU,,INORG_RCY_OS,CH4_WASTE,,2025,,,,,,,0.0,,,,,,,,,,,,,,
0,0,BAU,,INORG_RCY_OS,CH4_WASTE,,2026,,,,,,,0.0,,,,,,,,,,,,,,
0,0,BAU,,INORG_RCY_OS,CH4_WASTE,,2027,,,,,,,0.0,,,,,,,,,,,,,,
0,0,BAU,,INORG_RCY_OS,CH4_WASTE,,2028,,,,,,,0.0,,,,,,,,,,,,,,
0,0,BAU,,INORG_RCY_OS,CH4_WASTE,,2029,,,,,,,0.0,,,,,,,,,,,,,,
0,0,BAU,,INORG_RCY_OS,CH4_WASTE,,2030,,,,,,,0.0,,,,,,,,,,,,,,
0,0,BAU,,INORG_RCY_OS,CH4_WASTE,,2031,,,,,,,0.0,,,,,,,,,,,,,,
0,0,BAU,,INORG_RCY_OS,CH4_WASTE,,2032,,,,,,,0.0,,,,,,,,,,,,,,
0,0,BAU,,INORG_RCY_OS,CH4_WASTE,,2033,,,,,,,0.0,,,,,,,,,,,,,,
0,0,BAU,,INORG_RCY_OS,CH4_WASTE,,2034,,,,,,,0.0,,,,,,,,,,,,,,
0,0,BAU,,INORG_RCY_OS,CH4_WASTE,,2035,,,,,,,0.0,,,,,,,,,,,,,,
0,0,BAU,,INORG_RCY_OS,CH4_WASTE,,2036,,,,,,,0.0,,,,,,,,,,,,,,
0,0,BAU,,INORG_RCY_OS,CH4_WASTE,,2037,,,,,,,0.0,,,,,,,,,,,,,,
0,0,BAU,,INORG_RCY_OS,CH4_WASTE,,2038,,,,,,,0.0,,,,,,,,,,,,,,
0,0,BAU,,INORG_RCY_OS,CH4_WASTE,,2039,,,,,,,0.0,,,,,,,,,,,,,,
0,0,BAU,,INORG_RCY_OS,CH4_WASTE,,2040,,,,,,,0.0,,,,,,,,,,,,,,
0,0,BAU,,INORG_RCY_OS,CH4_WASTE,,2041,,,,,,,0.0,,,,,,,,,,,,,,
0,0,BAU,,INORG_RCY_OS,CH4_WASTE,,2042,,,,,,,0.0,,,,,,,,,,,,,,
0,0,BAU,,INORG_RCY_OS,CH4_WASTE,,2043,,,,,,,0.0,,,,,,,,,,,,,,
0,0,BAU,,INORG_RCY_OS,CH4_WASTE,,2044,,,,,,,0.0,,,,,,,,,,,,,,
0,0,BAU,,INORG_RCY_OS,CH4_WASTE,,2045,,,,,,,0.0,,,,,,,,,,,,,,
0,0,BAU,,INORG_RCY_OS,CH4_WASTE,,2046,,,,,,,0.0,,,,,,,,,,,,,,
0,0,BAU,,INORG_RCY_OS,CH4_WASTE,,2047,,,,,,,0.0,,,,,,,,,,,,,,
0,0,BAU,,INORG_RCY_OS,CH4_WASTE,,2048,,,,,,,0.0,,,,,,,,,,,,,,
0,0,BAU,,INORG_RCY_OS,CH4_WASTE,,2049,,,,,,,0.0,,,,,,,,,,,,,,
0,0,BAU,,INORG_RCY_OS,CH4_WASTE,,2050,,,,,,,0.0,,,,,,,,,,,,,,
0,0,BAU,,INORG_RCY_OS,N2O_WASTE,,2018,,,,,,,0.0,,,,,,,,,,,,,,
0,0,BAU,,INORG_RCY_OS,N2O_WASTE,,2019,,,,,,,0.0,,,,,,,,,,,,,,
0,0,BAU,,INORG_RCY_OS,N2O_WASTE,,2020,,,,,,,0.0,,,,,,,,,,,,,,
0,0,BAU,,INORG_RCY_OS,N2O_WASTE,,2021,,,,,,,0.0,,,,,,,,,,,,,,
0,0,BAU,,INORG_RCY_OS,N2O_WASTE,,2022,,,,,,,0.0,,,,,,,,,,,,,,
0,0,BAU,,INORG_RCY_OS,N2O_WASTE,,2023,,,,,,,0.0,,,,,,,,,,,,,,
0,0,BAU,,INORG_RCY_OS,N2O_WASTE,,2024,,,,,,,0.0,,,,,,,,,,,,,,
0,0,BAU,,INORG_RCY_OS,N2O_WASTE,,2025,,,,,,,0.0,,,,,,,,,,,,,,
0,0,BAU,,INORG_RCY_OS,N2O_WASTE,,2026,,,,,,,0.0,,,,,,,,,,,,,,
0,0,BAU,,INORG_RCY_OS,N2O_WASTE,,2027,,,,,,,0.0,,,,,,,,,,,,,,
0,0,BAU,,INORG_RCY_OS,N2O_WASTE,,2028,,,,,,,0.0,,,,,,,,,,,,,,
0,0,BAU,,INORG_RCY_OS,N2O_WASTE,,2029,,,,,,,0.0,,,,,,,,,,,,,,
0,0,BAU,,INORG_RCY_OS,N2O_WASTE,,2030,,,,,,,0.0,,,,,,,,,,,,,,
0,0,BAU,,INORG_RCY_OS,N2O_WASTE,,2031,,,,,,,0.0,,,,,,,,,,,,,,
0,0,BAU,,INORG_RCY_OS,N2O_WASTE,,2032,,,,,,,0.0,,,,,,,,,,,,,,
0,0,BAU,,INORG_RCY_OS,N2O_WASTE,,2033,,,,,,,0.0,,,,,,,,,,,,,,
0,0,BAU,,INORG_RCY_OS,N2O_WASTE,,2034,,,,,,,0.0,,,,,,,,,,,,,,
0,0,BAU,,INORG_RCY_OS,N2O_WASTE,,2035,,,,,,,0.0,,,,,,,,,,,,,,
0,0,BAU,,INORG_RCY_OS,N2O_WASTE,,2036,,,,,,,0.0,,,,,,,,,,,,,,
0,0,BAU,,INORG_RCY_OS,N2O_WASTE,,2037,,,,,,,0.0,,,,,,,,,,,,,,
0,0,BAU,,INORG_RCY_OS,N2O_WASTE,,2038,,,,,,,0.0,,,,,,,,,,,,,,
0,0,BAU,,INORG_RCY_OS,N2O_WASTE,,2039,,,,,,,0.0,,,,,,,,,,,,,,
0,0,BAU,,INORG_RCY_OS,N2O_WASTE,,2040,,,,,,,0.0,,,,,,,,,,,,,,
0,0,BAU,,INORG_RCY_OS,N2O_WASTE,,2041,,,,,,,0.0,,,,,,,,,,,,,,
0,0,BAU,,INORG_RCY_OS,N2O_WASTE,,2042,,,,,,,0.0,,,,,,,,,,,,,,
0,0,BAU,,INORG_RCY_OS,N2O_WASTE,,2043,,,,,,,0.0,,,,,,,,,,,,,,
0,0,BAU,,INORG_RCY_OS,N2O_WASTE,,2044,,,,,,,0.0,,,,,,,,,,,,,,
0,0,BAU,,INORG_RCY_OS,N2O_WASTE,,2045,,,,,,,0.0,,,,,,,,,,,,,,
0,0,BAU,,INORG_RCY_OS,N2O_WASTE,,2046,,,,,,,0.0,,,,,,,,,,,,,,
0,0,BAU,,INORG_RCY_OS,N2O_WASTE,,2047,,,,,,,0.0,,,,,,,,,,,,,,
0,0,BAU,,INORG_RCY_OS,N2O_WASTE,,2048,,,,,,,0.0,,,,,,,,,,,,,,
0,0,BAU,,INORG_RCY_OS,N2O_WASTE,,2049,,,,,,,0.0,,,,,,,,,,,,,,
0,0,BAU,,INORG_RCY_OS,N2O_WASTE,,2050,,,,,,,0.0,,,,,,,,,,,,,,
0,0,BAU,,AD,CO2e_WASTE,,2018,,,,,,,0.0,,,,,,,,,,,,,,
0,0,BAU,,AD,CO2e_WASTE,,2019,,,,,,,0.0,,,,,,,,,,,,,,
0,0,BAU,,AD,CO2e_WASTE,,2020,,,,,,,0.0,,,,,,,,,,,,,,
0,0,BAU,,AD,CO2e_WASTE,,2021,,,,,,,0.0,,,,,,,,,,,,,,
0,0,BAU,,AD,CO2e_WASTE,,2022,,,,,,,0.0,,,,,,,,,,,,,,
0,0,BAU,,AD,CO2e_WASTE,,2023,,,,,,,0.0,,,,,,,,,,,,,,
0,0,BAU,,AD,CO2e_WASTE,,2024,,,,,,,0.0,,,,,,,,,,,,,,
0,0,BAU,,AD,CO2e_WASTE,,2025,,,,,,,0.0,,,,,,,,,,,,,,
0,0,BAU,,AD,CO2e_WASTE,,2026,,,,,,,0.0,,,,,,,,,,,,,,
0,0,BAU,,AD,CO2e_WASTE,,2027,,,,,,,0.0,,,,,,,,,,,,,,
0,0,BAU,,AD,CO2e_WASTE,,2028,,,,,,,0.0,,,,,,,,,,,,,,
0,0,BAU,,AD,CO2e_WASTE,,2029,,,,,,,0.0,,,,,,,,,,,,,,
0,0,BAU,,AD,CO2e_WASTE,,2030,,,,,,,0.0,,,,,,,,,,,,,,
0,0,BAU,,AD,CO2e_WASTE,,2031,,,,,,,0.0,,,,,,,,,,,,,,
0,0,BAU,,AD,CO2e_WASTE,,2032,,,,,,,0.0,,,,,,,,,,,,,,
0,0,BAU,,AD,CO2e_WASTE,,2033,,,,,,,0.0,,,,,,,,,,,,,,
0,0,BAU,,AD,CO2e_WASTE,,2034,,,,,,,0.0,,,,,,,,,,,,,,
0,0,BAU,,AD,CO2e_WASTE,,2035,,,,,,,0.0,,,,,,,,,,,,,,
0,0,BAU,,AD,CO2e_WASTE,,2036,,,,,,,0.0,,,,,,,,,,,,,,
0,0,BAU,,AD,CO2e_WASTE,,2037,,,,,,,0.0,,,,,,,,,,,,,,
0,0,BAU,,AD,CO2e_WASTE,,2038,,,,,,,0.0,,,,,,,,,,,,,,
0,0,BAU,,AD,CO2e_WASTE,,2039,,,,,,,0.0,,,,,,,,,,,,,,
0,0,BAU,,AD,CO2e_WASTE,,2040,,,,,,,0.0,,,,,,,,,,,,,,
0,0,BAU,,AD,CO2e_WASTE,,2041,,,,,,,0.0,,,,,,,,,,,,,,
0,0,BAU,,AD,CO2e_WASTE,,2042,,,,,,,0.0,,,,,,,,,,,,,,
0,0,BAU,,AD,CO2e_WASTE,,2043,,,,,,,0.0,,,,,,,,,,,,,,
0,0,BAU,,AD,CO2e_WASTE,,2044,,,,,,,0.0,,,,,,,,,,,,,,
0,0,BAU,,AD,CO2e_WASTE,,2045,,,,,,,0.0,,,,,,,,,,,,,,
0,0,BAU,,AD,CO2e_WASTE,,2046,,,,,,,0.0,,,,,,,,,,,,,,
0,0,BAU,,AD,CO2e_WASTE,,2047,,,,,,,0.0,,,,,,,,,,,,,,
0,0,BAU,,AD,CO2e_WASTE,,2048,,,,,,,0.0,,,,,,,,,,,,,,
0,0,BAU,,AD,CO2e_WASTE,,2049,,,,,,,0.0,,,,,,,,,,,,,,
0,0,BAU,,AD,CO2e_WASTE,,2050,,,,,,,0.0,,,,,,,,,,,,,,
0,0,BAU,,AD,CO2_WASTE,,2018,,,,,,,0.0,,,,,,,,,,,,,,
0,0,BAU,,AD,CO2_WASTE,,2019,,,,,,,0.0,,,,,,,,,,,,,,
0,0,BAU,,AD,CO2_WASTE,,2020,,,,,,,0.0,,,,,,,,,,,,,,
0,0,BAU,,AD,CO2_WASTE,,2021,,,,,,,0.0,,,,,,,,,,,,,,
0,0,BAU,,AD,CO2_WASTE,,2022,,,,,,,0.0,,,,,,,,,,,,,,
0,0,BAU,,AD,CO2_WASTE,,2023,,,,,,,0.0,,,,,,,,,,,,,,
0,0,BAU,,AD,CO2_WASTE,,2024,,,,,,,0.0,,,,,,,,,,,,,,
0,0,BAU,,AD,CO2_WASTE,,2025,,,,,,,0.0,,,,,,,,,,,,,,
0,0,BAU,,AD,CO2_WASTE,,2026,,,,,,,0.0,,,,,,,,,,,,,,
0,0,BAU,,AD,CO2_WASTE,,2027,,,,,,,0.0,,,,,,,,,,,,,,
0,0,BAU,,AD,CO2_WASTE,,2028,,,,,,,0.0,,,,,,,,,,,,,,
0,0,BAU,,AD,CO2_WASTE,,2029,,,,,,,0.0,,,,,,,,,,,,,,
0,0,BAU,,AD,CO2_WASTE,,2030,,,,,,,0.0,,,,,,,,,,,,,,
0,0,BAU,,AD,CO2_WASTE,,2031,,,,,,,0.0,,,,,,,,,,,,,,
0,0,BAU,,AD,CO2_WASTE,,2032,,,,,,,0.0,,,,,,,,,,,,,,
0,0,BAU,,AD,CO2_WASTE,,2033,,,,,,,0.0,,,,,,,,,,,,,,
0,0,BAU,,AD,CO2_WASTE,,2034,,,,,,,0.0,,,,,,,,,,,,,,
0,0,BAU,,AD,CO2_WASTE,,2035,,,,,,,0.0,,,,,,,,,,,,,,
0,0,BAU,,AD,CO2_WASTE,,2036,,,,,,,0.0,,,,,,,,,,,,,,
0,0,BAU,,AD,CO2_WASTE,,2037,,,,,,,0.0,,,,,,,,,,,,,,
0,0,BAU,,AD,CO2_WASTE,,2038,,,,,,,0.0,,,,,,,,,,,,,,
0,0,BAU,,AD,CO2_WASTE,,2039,,,,,,,0.0,,,,,,,,,,,,,,
0,0,BAU,,AD,CO2_WASTE,,2040,,,,,,,0.0,,,,,,,,,,,,,,
0,0,BAU,,AD,CO2_WASTE,,2041,,,,,,,0.0,,,,,,,,,,,,,,
0,0,BAU,,AD,CO2_WASTE,,2042,,,,,,,0.0,,,,,,,,,,,,,,
0,0,BAU,,AD,CO2_WASTE,,2043,,,,,,,0.0,,,,,,,,,,,,,,
0,0,BAU,,AD,CO2_WASTE,,2044,,,,,,,0.0,,,,,,,,,,,,,,
0,0,BAU,,AD,CO2_WASTE,,2045,,,,,,,0.0,,,,,,,,,,,,,,
0,0,BAU,,AD,CO2_WASTE,,2046,,,,,,,0.0,,,,,,,,,,,,,,
0,0,BAU,,AD,CO2_WASTE,,2047,,,,,,,0.0,,,,,,,,,,,,,,
0,0,BAU,,AD,CO2_WASTE,,2048,,,,,,,0.0,,,,,,,,,,,,,,
0,0,BAU,,AD,CO2_WASTE,,2049,,,,,,,0.0,,,,,,,,,,,,,,
0,0,BAU,,AD,CO2_WASTE,,2050,,,,,,,0.0,,,,,,,,,,,,,,
0,0,BAU,,AD,CH4_WASTE,,2018,,,,,,,0.0,,,,,,,,,,,,,,
0,0,BAU,,AD,CH4_WASTE,,2019,,,,,,,0.0,,,,,,,,,,,,,,
0,0,BAU,,AD,CH4_WASTE,,2020,,,,,,,0.0,,,,,,,,,,,,,,
0,0,BAU,,AD,CH4_WASTE,,2021,,,,,,,0.0,,,,,,,,,,,,,,
0,0,BAU,,AD,CH4_WASTE,,2022,,,,,,,0.0,,,,,,,,,,,,,,
0,0,BAU,,AD,CH4_WASTE,,2023,,,,,,,0.0,,,,,,,,,,,,,,
0,0,BAU,,AD,CH4_WASTE,,2024,,,,,,,0.0,,,,,,,,,,,,,,
0,0,BAU,,AD,CH4_WASTE,,2025,,,,,,,0.0,,,,,,,,,,,,,,
0,0,BAU,,AD,CH4_WASTE,,2026,,,,,,,0.0,,,,,,,,,,,,,,
0,0,BAU,,AD,CH4_WASTE,,2027,,,,,,,0.0,,,,,,,,,,,,,,
0,0,BAU,,AD,CH4_WASTE,,2028,,,,,,,0.0,,,,,,,,,,,,,,
0,0,BAU,,AD,CH4_WASTE,,2029,,,,,,,0.0,,,,,,,,,,,,,,
0,0,BAU,,AD,CH4_WASTE,,2030,,,,,,,0.0,,,,,,,,,,,,,,
0,0,BAU,,AD,CH4_WASTE,,2031,,,,,,,0.0,,,,,,,,,,,,,,
0,0,BAU,,AD,CH4_WASTE,,2032,,,,,,,0.0,,,,,,,,,,,,,,
0,0,BAU,,AD,CH4_WASTE,,2033,,,,,,,0.0,,,,,,,,,,,,,,
0,0,BAU,,AD,CH4_WASTE,,2034,,,,,,,0.0,,,,,,,,,,,,,,
0,0,BAU,,AD,CH4_WASTE,,2035,,,,,,,0.0,,,,,,,,,,,,,,
0,0,BAU,,AD,CH4_WASTE,,2036,,,,,,,0.0,,,,,,,,,,,,,,
0,0,BAU,,AD,CH4_WASTE,,2037,,,,,,,0.0,,,,,,,,,,,,,,
0,0,BAU,,AD,CH4_WASTE,,2038,,,,,,,0.0,,,,,,,,,,,,,,
0,0,BAU,,AD,CH4_WASTE,,2039,,,,,,,0.0,,,,,,,,,,,,,,
0,0,BAU,,AD,CH4_WASTE,,2040,,,,,,,0.0,,,,,,,,,,,,,,
0,0,BAU,,AD,CH4_WASTE,,2041,,,,,,,0.0,,,,,,,,,,,,,,
0,0,BAU,,AD,CH4_WASTE,,2042,,,,,,,0.0,,,,,,,,,,,,,,
0,0,BAU,,AD,CH4_WASTE,,2043,,,,,,,0.0,,,,,,,,,,,,,,
0,0,BAU,,AD,CH4_WASTE,,2044,,,,,,,0.0,,,,,,,,,,,,,,
0,0,BAU,,AD,CH4_WASTE,,2045,,,,,,,0.0,,,,,,,,,,,,,,
0,0,BAU,,AD,CH4_WASTE,,2046,,,,,,,0.0,,,,,,,,,,,,,,
0,0,BAU,,AD,CH4_WASTE,,2047,,,,,,,0.0,,,,,,,,,,,,,,
0,0,BAU,,AD,CH4_WASTE,,2048,,,,,,,0.0,,,,,,,,,,,,,,
0,0,BAU,,AD,CH4_WASTE,,2049,,,,,,,0.0,,,,,,,,,,,,,,
0,0,BAU,,AD,CH4_WASTE,,2050,,,,,,,0.0,,,,,,,,,,,,,,
0,0,BAU,,AD,N2O_WASTE,,2018,,,,,,,0.0,,,,,,,,,,,,,,
0,0,BAU,,AD,N2O_WASTE,,2019,,,,,,,0.0,,,,,,,,,,,,,,
0,0,BAU,,AD,N2O_WASTE,,2020,,,,,,,0.0,,,,,,,,,,,,,,
0,0,BAU,,AD,N2O_WASTE,,2021,,,,,,,0.0,,,,,,,,,,,,,,
0,0,BAU,,AD,N2O_WASTE,,2022,,,,,,,0.0,,,,,,,,,,,,,,
0,0,BAU,,AD,N2O_WASTE,,2023,,,,,,,0.0,,,,,,,,,,,,,,
0,0,BAU,,AD,N2O_WASTE,,2024,,,,,,,0.0,,,,,,,,,,,,,,
0,0,BAU,,AD,N2O_WASTE,,2025,,,,,,,0.0,,,,,,,,,,,,,,
0,0,BAU,,AD,N2O_WASTE,,2026,,,,,,,0.0,,,,,,,,,,,,,,
0,0,BAU,,AD,N2O_WASTE,,2027,,,,,,,0.0,,,,,,,,,,,,,,
0,0,BAU,,AD,N2O_WASTE,,2028,,,,,,,0.0,,,,,,,,,,,,,,
0,0,BAU,,AD,N2O_WASTE,,2029,,,,,,,0.0,,,,,,,,,,,,,,
0,0,BAU,,AD,N2O_WASTE,,2030,,,,,,,0.0,,,,,,,,,,,,,,
0,0,BAU,,AD,N2O_WASTE,,2031,,,,,,,0.0,,,,,,,,,,,,,,
0,0,BAU,,AD,N2O_WASTE,,2032,,,,,,,0.0,,,,,,,,,,,,,,
0,0,BAU,,AD,N2O_WASTE,,2033,,,,,,,0.0,,,,,,,,,,,,,,
0,0,BAU,,AD,N2O_WASTE,,2034,,,,,,,0.0,,,,,,,,,,,,,,
0,0,BAU,,AD,N2O_WASTE,,2035,,,,,,,0.0,,,,,,,,,,,,,,
0,0,BAU,,AD,N2O_WASTE,,2036,,,,,,,0.0,,,,,,,,,,,,,,
0,0,BAU,,AD,N2O_WASTE,,2037,,,,,,,0.0,,,,,,,,,,,,,,
0,0,BAU,,AD,N2O_WASTE,,2038,,,,,,,0.0,,,,,,,,,,,,,,
0,0,BAU,,AD,N2O_WASTE,,2039,,,,,,,0.0,,,,,,,,,,,,,,
0,0,BAU,,AD,N2O_WASTE,,2040,,,,,,,0.0,,,,,,,,,,,,,,
0,0,BAU,,AD,N2O_WASTE,,2041,,,,,,,0.0,,,,,,,,,,,,,,
0,0,BAU,,AD,N2O_WASTE,,2042,,,,,,,0.0,,,,,,,,,,,,,,
0,0,BAU,,AD,N2O_WASTE,,2043,,,,,,,0.0,,,,,,,,,,,,,,
0,0,BAU,,AD,N2O_WASTE,,2044,,,,,,,0.0,,,,,,,,,,,,,,
0,0,BAU,,AD,N2O_WASTE,,2045,,,,,,,0.0,,,,,,,,,,,,,,
0,0,BAU,,AD,N2O_WASTE,,2046,,,,,,,0.0,,,,,,,,,,,,,,
0,0,BAU,,AD,N2O_WASTE,,2047,,,,,,,0.0,,,,,,,,,,,,,,
0,0,BAU,,AD,N2O_WASTE,,2048,,,,,,,0.0,,,,,,,,,,,,,,
0,0,BAU,,AD,N2O_WASTE,,2049,,,,,,,0.0,,,,,,,,,,,,,,
0,0,BAU,,AD,N2O_WASTE,,2050,,,,,,,0.0,,,,,,,,,,,,,,
0,0,BAU,,COMPOST,CO2e_WASTE,,2018,,,,,,,0.1915,,,,,,,,,,,,,,
0,0,BAU,,COMPOST,CO2e_WASTE,,2019,,,,,,,0.1915,,,,,,,,,,,,,,
0,0,BAU,,COMPOST,CO2e_WASTE,,2020,,,,,,,0.1915,,,,,,,,,,,,,,
0,0,BAU,,COMPOST,CO2e_WASTE,,2021,,,,,,,0.1915,,,,,,,,,,,,,,
0,0,BAU,,COMPOST,CO2e_WASTE,,2022,,,,,,,0.1915,,,,,,,,,,,,,,
0,0,BAU,,COMPOST,CO2e_WASTE,,2023,,,,,,,0.1915,,,,,,,,,,,,,,
0,0,BAU,,COMPOST,CO2e_WASTE,,2024,,,,,,,0.1915,,,,,,,,,,,,,,
0,0,BAU,,COMPOST,CO2e_WASTE,,2025,,,,,,,0.1915,,,,,,,,,,,,,,
0,0,BAU,,COMPOST,CO2e_WASTE,,2026,,,,,,,0.1915,,,,,,,,,,,,,,
0,0,BAU,,COMPOST,CO2e_WASTE,,2027,,,,,,,0.1915,,,,,,,,,,,,,,
0,0,BAU,,COMPOST,CO2e_WASTE,,2028,,,,,,,0.1915,,,,,,,,,,,,,,
0,0,BAU,,COMPOST,CO2e_WASTE,,2029,,,,,,,0.1915,,,,,,,,,,,,,,
0,0,BAU,,COMPOST,CO2e_WASTE,,2030,,,,,,,0.1915,,,,,,,,,,,,,,
0,0,BAU,,COMPOST,CO2e_WASTE,,2031,,,,,,,0.1915,,,,,,,,,,,,,,
0,0,BAU,,COMPOST,CO2e_WASTE,,2032,,,,,,,0.1915,,,,,,,,,,,,,,
0,0,BAU,,COMPOST,CO2e_WASTE,,2033,,,,,,,0.1915,,,,,,,,,,,,,,
0,0,BAU,,COMPOST,CO2e_WASTE,,2034,,,,,,,0.1915,,,,,,,,,,,,,,
0,0,BAU,,COMPOST,CO2e_WASTE,,2035,,,,,,,0.1915,,,,,,,,,,,,,,
0,0,BAU,,COMPOST,CO2e_WASTE,,2036,,,,,,,0.1915,,,,,,,,,,,,,,
0,0,BAU,,COMPOST,CO2e_WASTE,,2037,,,,,,,0.1915,,,,,,,,,,,,,,
0,0,BAU,,COMPOST,CO2e_WASTE,,2038,,,,,,,0.1915,,,,,,,,,,,,,,
0,0,BAU,,COMPOST,CO2e_WASTE,,2039,,,,,,,0.1915,,,,,,,,,,,,,,
0,0,BAU,,COMPOST,CO2e_WASTE,,2040,,,,,,,0.1915,,,,,,,,,,,,,,
0,0,BAU,,COMPOST,CO2e_WASTE,,2041,,,,,,,0.1915,,,,,,,,,,,,,,
0,0,BAU,,COMPOST,CO2e_WASTE,,2042,,,,,,,0.1915,,,,,,,,,,,,,,
0,0,BAU,,COMPOST,CO2e_WASTE,,2043,,,,,,,0.1915,,,,,,,,,,,,,,
0,0,BAU,,COMPOST,CO2e_WASTE,,2044,,,,,,,0.1915,,,,,,,,,,,,,,
0,0,BAU,,COMPOST,CO2e_WASTE,,2045,,,,,,,0.1915,,,,,,,,,,,,,,
0,0,BAU,,COMPOST,CO2e_WASTE,,2046,,,,,,,0.1915,,,,,,,,,,,,,,
0,0,BAU,,COMPOST,CO2e_WASTE,,2047,,,,,,,0.1915,,,,,,,,,,,,,,
0,0,BAU,,COMPOST,CO2e_WASTE,,2048,,,,,,,0.1915,,,,,,,,,,,,,,
0,0,BAU,,COMPOST,CO2e_WASTE,,2049,,,,,,,0.1915,,,,,,,,,,,,,,
0,0,BAU,,COMPOST,CO2e_WASTE,,2050,,,,,,,0.1915,,,,,,,,,,,,,,
0,0,BAU,,COMPOST,CO2_WASTE,,2018,,,,,,,0.0,,,,,,,,,,,,,,
0,0,BAU,,COMPOST,CO2_WASTE,,2019,,,,,,,0.0,,,,,,,,,,,,,,
0,0,BAU,,COMPOST,CO2_WASTE,,2020,,,,,,,0.0,,,,,,,,,,,,,,
0,0,BAU,,COMPOST,CO2_WASTE,,2021,,,,,,,0.0,,,,,,,,,,,,,,
0,0,BAU,,COMPOST,CO2_WASTE,,2022,,,,,,,0.0,,,,,,,,,,,,,,
0,0,BAU,,COMPOST,CO2_WASTE,,2023,,,,,,,0.0,,,,,,,,,,,,,,
0,0,BAU,,COMPOST,CO2_WASTE,,2024,,,,,,,0.0,,,,,,,,,,,,,,
0,0,BAU,,COMPOST,CO2_WASTE,,2025,,,,,,,0.0,,,,,,,,,,,,,,
0,0,BAU,,COMPOST,CO2_WASTE,,2026,,,,,,,0.0,,,,,,,,,,,,,,
0,0,BAU,,COMPOST,CO2_WASTE,,2027,,,,,,,0.0,,,,,,,,,,,,,,
0,0,BAU,,COMPOST,CO2_WASTE,,2028,,,,,,,0.0,,,,,,,,,,,,,,
0,0,BAU,,COMPOST,CO2_WASTE,,2029,,,,,,,0.0,,,,,,,,,,,,,,
0,0,BAU,,COMPOST,CO2_WASTE,,2030,,,,,,,0.0,,,,,,,,,,,,,,
0,0,BAU,,COMPOST,CO2_WASTE,,2031,,,,,,,0.0,,,,,,,,,,,,,,
0,0,BAU,,COMPOST,CO2_WASTE,,2032,,,,,,,0.0,,,,,,,,,,,,,,
0,0,BAU,,COMPOST,CO2_WASTE,,2033,,,,,,,0.0,,,,,,,,,,,,,,
0,0,BAU,,COMPOST,CO2_WASTE,,2034,,,,,,,0.0,,,,,,,,,,,,,,
0,0,BAU,,COMPOST,CO2_WASTE,,2035,,,,,,,0.0,,,,,,,,,,,,,,
0,0,BAU,,COMPOST,CO2_WASTE,,2036,,,,,,,0.0,,,,,,,,,,,,,,
0,0,BAU,,COMPOST,CO2_WASTE,,2037,,,,,,,0.0,,,,,,,,,,,,,,
0,0,BAU,,COMPOST,CO2_WASTE,,2038,,,,,,,0.0,,,,,,,,,,,,,,
0,0,BAU,,COMPOST,CO2_WASTE,,2039,,,,,,,0.0,,,,,,,,,,,,,,
0,0,BAU,,COMPOST,CO2_WASTE,,2040,,,,,,,0.0,,,,,,,,,,,,,,
0,0,BAU,,COMPOST,CO2_WASTE,,2041,,,,,,,0.0,,,,,,,,,,,,,,
0,0,BAU,,COMPOST,CO2_WASTE,,2042,,,,,,,0.0,,,,,,,,,,,,,,
0,0,BAU,,COMPOST,CO2_WASTE,,2043,,,,,,,0.0,,,,,,,,,,,,,,
0,0,BAU,,COMPOST,CO2_WASTE,,2044,,,,,,,0.0,,,,,,,,,,,,,,
0,0,BAU,,COMPOST,CO2_WASTE,,2045,,,,,,,0.0,,,,,,,,,,,,,,
0,0,BAU,,COMPOST,CO2_WASTE,,2046,,,,,,,0.0,,,,,,,,,,,,,,
0,0,BAU,,COMPOST,CO2_WASTE,,2047,,,,,,,0.0,,,,,,,,,,,,,,
0,0,BAU,,COMPOST,CO2_WASTE,,2048,,,,,,,0.0,,,,,,,,,,,,,,
0,0,BAU,,COMPOST,CO2_WASTE,,2049,,,,,,,0.0,,,,,,,,,,,,,,
0,0,BAU,,COMPOST,CO2_WASTE,,2050,,,,,,,0.0,,,,,,,,,,,,,,
0,0,BAU,,COMPOST,CH4_WASTE,,2018,,,,,,,0.0,,,,,,,,,,,,,,
0,0,BAU,,COMPOST,CH4_WASTE,,2019,,,,,,,0.0,,,,,,,,,,,,,,
0,0,BAU,,COMPOST,CH4_WASTE,,2020,,,,,,,0.0,,,,,,,,,,,,,,
0,0,BAU,,COMPOST,CH4_WASTE,,2021,,,,,,,0.0,,,,,,,,,,,,,,
0,0,BAU,,COMPOST,CH4_WASTE,,2022,,,,,,,0.0,,,,,,,,,,,,,,
0,0,BAU,,COMPOST,CH4_WASTE,,2023,,,,,,,0.0,,,,,,,,,,,,,,
0,0,BAU,,COMPOST,CH4_WASTE,,2024,,,,,,,0.0,,,,,,,,,,,,,,
0,0,BAU,,COMPOST,CH4_WASTE,,2025,,,,,,,0.0,,,,,,,,,,,,,,
0,0,BAU,,COMPOST,CH4_WASTE,,2026,,,,,,,0.0,,,,,,,,,,,,,,
0,0,BAU,,COMPOST,CH4_WASTE,,2027,,,,,,,0.0,,,,,,,,,,,,,,
0,0,BAU,,COMPOST,CH4_WASTE,,2028,,,,,,,0.0,,,,,,,,,,,,,,
0,0,BAU,,COMPOST,CH4_WASTE,,2029,,,,,,,0.0,,,,,,,,,,,,,,
0,0,BAU,,COMPOST,CH4_WASTE,,2030,,,,,,,0.0,,,,,,,,,,,,,,
0,0,BAU,,COMPOST,CH4_WASTE,,2031,,,,,,,0.0,,,,,,,,,,,,,,
0,0,BAU,,COMPOST,CH4_WASTE,,2032,,,,,,,0.0,,,,,,,,,,,,,,
0,0,BAU,,COMPOST,CH4_WASTE,,2033,,,,,,,0.0,,,,,,,,,,,,,,
0,0,BAU,,COMPOST,CH4_WASTE,,2034,,,,,,,0.0,,,,,,,,,,,,,,
0,0,BAU,,COMPOST,CH4_WASTE,,2035,,,,,,,0.0,,,,,,,,,,,,,,
0,0,BAU,,COMPOST,CH4_WASTE,,2036,,,,,,,0.0,,,,,,,,,,,,,,
0,0,BAU,,COMPOST,CH4_WASTE,,2037,,,,,,,0.0,,,,,,,,,,,,,,
0,0,BAU,,COMPOST,CH4_WASTE,,2038,,,,,,,0.0,,,,,,,,,,,,,,
0,0,BAU,,COMPOST,CH4_WASTE,,2039,,,,,,,0.0,,,,,,,,,,,,,,
0,0,BAU,,COMPOST,CH4_WASTE,,2040,,,,,,,0.0,,,,,,,,,,,,,,
0,0,BAU,,COMPOST,CH4_WASTE,,2041,,,,,,,0.0,,,,,,,,,,,,,,
0,0,BAU,,COMPOST,CH4_WASTE,,2042,,,,,,,0.0,,,,,,,,,,,,,,
0,0,BAU,,COMPOST,CH4_WASTE,,2043,,,,,,,0.0,,,,,,,,,,,,,,
0,0,BAU,,COMPOST,CH4_WASTE,,2044,,,,,,,0.0,,,,,,,,,,,,,,
0,0,BAU,,COMPOST,CH4_WASTE,,2045,,,,,,,0.0,,,,,,,,,,,,,,
0,0,BAU,,COMPOST,CH4_WASTE,,2046,,,,,,,0.0,,,,,,,,,,,,,,
0,0,BAU,,COMPOST,CH4_WASTE,,2047,,,,,,,0.0,,,,,,,,,,,,,,
0,0,BAU,,COMPOST,CH4_WASTE,,2048,,,,,,,0.0,,,,,,,,,,,,,,
0,0,BAU,,COMPOST,CH4_WASTE,,2049,,,,,,,0.0,,,,,,,,,,,,,,
0,0,BAU,,COMPOST,CH4_WASTE,,2050,,,,,,,0.0,,,,,,,,,,,,,,
0,0,BAU,,COMPOST,N2O_WASTE,,2018,,,,,,,0.0,,,,,,,,,,,,,,
0,0,BAU,,COMPOST,N2O_WASTE,,2019,,,,,,,0.0,,,,,,,,,,,,,,
0,0,BAU,,COMPOST,N2O_WASTE,,2020,,,,,,,0.0,,,,,,,,,,,,,,
0,0,BAU,,COMPOST,N2O_WASTE,,2021,,,,,,,0.0,,,,,,,,,,,,,,
0,0,BAU,,COMPOST,N2O_WASTE,,2022,,,,,,,0.0,,,,,,,,,,,,,,
0,0,BAU,,COMPOST,N2O_WASTE,,2023,,,,,,,0.0,,,,,,,,,,,,,,
0,0,BAU,,COMPOST,N2O_WASTE,,2024,,,,,,,0.0,,,,,,,,,,,,,,
0,0,BAU,,COMPOST,N2O_WASTE,,2025,,,,,,,0.0,,,,,,,,,,,,,,
0,0,BAU,,COMPOST,N2O_WASTE,,2026,,,,,,,0.0,,,,,,,,,,,,,,
0,0,BAU,,COMPOST,N2O_WASTE,,2027,,,,,,,0.0,,,,,,,,,,,,,,
0,0,BAU,,COMPOST,N2O_WASTE,,2028,,,,,,,0.0,,,,,,,,,,,,,,
0,0,BAU,,COMPOST,N2O_WASTE,,2029,,,,,,,0.0,,,,,,,,,,,,,,
0,0,BAU,,COMPOST,N2O_WASTE,,2030,,,,,,,0.0,,,,,,,,,,,,,,
0,0,BAU,,COMPOST,N2O_WASTE,,2031,,,,,,,0.0,,,,,,,,,,,,,,
0,0,BAU,,COMPOST,N2O_WASTE,,2032,,,,,,,0.0,,,,,,,,,,,,,,
0,0,BAU,,COMPOST,N2O_WASTE,,2033,,,,,,,0.0,,,,,,,,,,,,,,
0,0,BAU,,COMPOST,N2O_WASTE,,2034,,,,,,,0.0,,,,,,,,,,,,,,
0,0,BAU,,COMPOST,N2O_WASTE,,2035,,,,,,,0.0,,,,,,,,,,,,,,
0,0,BAU,,COMPOST,N2O_WASTE,,2036,,,,,,,0.0,,,,,,,,,,,,,,
0,0,BAU,,COMPOST,N2O_WASTE,,2037,,,,,,,0.0,,,,,,,,,,,,,,
0,0,BAU,,COMPOST,N2O_WASTE,,2038,,,,,,,0.0,,,,,,,,,,,,,,
0,0,BAU,,COMPOST,N2O_WASTE,,2039,,,,,,,0.0,,,,,,,,,,,,,,
0,0,BAU,,COMPOST,N2O_WASTE,,2040,,,,,,,0.0,,,,,,,,,,,,,,
0,0,BAU,,COMPOST,N2O_WASTE,,2041,,,,,,,0.0,,,,,,,,,,,,,,
0,0,BAU,,COMPOST,N2O_WASTE,,2042,,,,,,,0.0,,,,,,,,,,,,,,
0,0,BAU,,COMPOST,N2O_WASTE,,2043,,,,,,,0.0,,,,,,,,,,,,,,
0,0,BAU,,COMPOST,N2O_WASTE,,2044,,,,,,,0.0,,,,,,,,,,,,,,
0,0,BAU,,COMPOST,N2O_WASTE,,2045,,,,,,,0.0,,,,,,,,,,,,,,
0,0,BAU,,COMPOST,N2O_WASTE,,2046,,,,,,,0.0,,,,,,,,,,,,,,
0,0,BAU,,COMPOST,N2O_WASTE,,2047,,,,,,,0.0,,,,,,,,,,,,,,
0,0,BAU,,COMPOST,N2O_WASTE,,2048,,,,,,,0.0,,,,,,,,,,,,,,
0,0,BAU,,COMPOST,N2O_WASTE,,2049,,,,,,,0.0,,,,,,,,,,,,,,
0,0,BAU,,COMPOST,N2O_WASTE,,2050,,,,,,,0.0,,,,,,,,,,,,,,
0,0,BAU,,LANDFILL,CO2e_WASTE,,2018,,,,,,,0.8071,,,,,,,,,,,,,,
0,0,BAU,,LANDFILL,CO2e_WASTE,,2019,,,,,,,0.8296,,,,,,,,,,,,,,
0,0,BAU,,LANDFILL,CO2e_WASTE,,2020,,,,,,,0.9639,,,,,,,,,,,,,,
0,0,BAU,,LANDFILL,CO2e_WASTE,,2021,,,,,,,0.835,,,,,,,,,,,,,,
0,0,BAU,,LANDFILL,CO2e_WASTE,,2022,,,,,,,0.9167,,,,,,,,,,,,,,
0,0,BAU,,LANDFILL,CO2e_WASTE,,2023,,,,,,,0.9296,,,,,,,,,,,,,,
0,0,BAU,,LANDFILL,CO2e_WASTE,,2024,,,,,,,0.9408,,,,,,,,,,,,,,
0,0,BAU,,LANDFILL,CO2e_WASTE,,2025,,,,,,,0.9548,,,,,,,,,,,,,,
0,0,BAU,,LANDFILL,CO2e_WASTE,,2026,,,,,,,0.966,,,,,,,,,,,,,,
0,0,BAU,,LANDFILL,CO2e_WASTE,,2027,,,,,,,0.98,,,,,,,,,,,,,,
0,0,BAU,,LANDFILL,CO2e_WASTE,,2028,,,,,,,0.994,,,,,,,,,,,,,,
0,0,BAU,,LANDFILL,CO2e_WASTE,,2029,,,,,,,1.0052,,,,,,,,,,,,,,
0,0,BAU,,LANDFILL,CO2e_WASTE,,2030,,,,,,,1.0192,,,,,,,,,,,,,,
0,0,BAU,,LANDFILL,CO2e_WASTE,,2031,,,,,,,1.0304,,,,,,,,,,,,,,
0,0,BAU,,LANDFILL,CO2e_WASTE,,2032,,,,,,,1.0444,,,,,,,,,,,,,,
0,0,BAU,,LANDFILL,CO2e_WASTE,,2033,,,,,,,1.0584,,,,,,,,,,,,,,
0,0,BAU,,LANDFILL,CO2e_WASTE,,2034,,,,,,,1.0696,,,,,,,,,,,,,,
0,0,BAU,,LANDFILL,CO2e_WASTE,,2035,,,,,,,1.0836,,,,,,,,,,,,,,
0,0,BAU,,LANDFILL,CO2e_WASTE,,2036,,,,,,,1.0948,,,,,,,,,,,,,,
0,0,BAU,,LANDFILL,CO2e_WASTE,,2037,,,,,,,1.1088,,,,,,,,,,,,,,
0,0,BAU,,LANDFILL,CO2e_WASTE,,2038,,,,,,,1.1228,,,,,,,,,,,,,,
0,0,BAU,,LANDFILL,CO2e_WASTE,,2039,,,,,,,1.134,,,,,,,,,,,,,,
0,0,BAU,,LANDFILL,CO2e_WASTE,,2040,,,,,,,1.148,,,,,,,,,,,,,,
0,0,BAU,,LANDFILL,CO2e_WASTE,,2041,,,,,,,1.1592,,,,,,,,,,,,,,
0,0,BAU,,LANDFILL,CO2e_WASTE,,2042,,,,,,,1.1732,,,,,,,,,,,,,,
0,0,BAU,,LANDFILL,CO2e_WASTE,,2043,,,,,,,1.1872,,,,,,,,,,,,,,
0,0,BAU,,LANDFILL,CO2e_WASTE,,2044,,,,,,,1.1984,,,,,,,,,,,,,,
0,0,BAU,,LANDFILL,CO2e_WASTE,,2045,,,,,,,1.2124,,,,,,,,,,,,,,
0,0,BAU,,LANDFILL,CO2e_WASTE,,2046,,,,,,,1.2236,,,,,,,,,,,,,,
0,0,BAU,,LANDFILL,CO2e_WASTE,,2047,,,,,,,1.2376,,,,,,,,,,,,,,
0,0,BAU,,LANDFILL,CO2e_WASTE,,2048,,,,,,,1.2516,,,,,,,,,,,,,,
0,0,BAU,,LANDFILL,CO2e_WASTE,,2049,,,,,,,1.2628,,,,,,,,,,,,,,
0,0,BAU,,LANDFILL,CO2e_WASTE,,2050,,,,,,,1.2768,,,,,,,,,,,,,,
0,0,BAU,,LANDFILL,CO2_WASTE,,2018,,,,,,,0.0,,,,,,,,,,,,,,
0,0,BAU,,LANDFILL,CO2_WASTE,,2019,,,,,,,0.0,,,,,,,,,,,,,,
0,0,BAU,,LANDFILL,CO2_WASTE,,2020,,,,,,,0.0,,,,,,,,,,,,,,
0,0,BAU,,LANDFILL,CO2_WASTE,,2021,,,,,,,0.0,,,,,,,,,,,,,,
0,0,BAU,,LANDFILL,CO2_WASTE,,2022,,,,,,,0.0,,,,,,,,,,,,,,
0,0,BAU,,LANDFILL,CO2_WASTE,,2023,,,,,,,0.0,,,,,,,,,,,,,,
0,0,BAU,,LANDFILL,CO2_WASTE,,2024,,,,,,,0.0,,,,,,,,,,,,,,
0,0,BAU,,LANDFILL,CO2_WASTE,,2025,,,,,,,0.0,,,,,,,,,,,,,,
0,0,BAU,,LANDFILL,CO2_WASTE,,2026,,,,,,,0.0,,,,,,,,,,,,,,
0,0,BAU,,LANDFILL,CO2_WASTE,,2027,,,,,,,0.0,,,,,,,,,,,,,,
0,0,BAU,,LANDFILL,CO2_WASTE,,2028,,,,,,,0.0,,,,,,,,,,,,,,
0,0,BAU,,LANDFILL,CO2_WASTE,,2029,,,,,,,0.0,,,,,,,,,,,,,,
0,0,BAU,,LANDFILL,CO2_WASTE,,2030,,,,,,,0.0,,,,,,,,,,,,,,
0,0,BAU,,LANDFILL,CO2_WASTE,,2031,,,,,,,0.0,,,,,,,,,,,,,,
0,0,BAU,,LANDFILL,CO2_WASTE,,2032,,,,,,,0.0,,,,,,,,,,,,,,
0,0,BAU,,LANDFILL,CO2_WASTE,,2033,,,,,,,0.0,,,,,,,,,,,,,,
0,0,BAU,,LANDFILL,CO2_WASTE,,2034,,,,,,,0.0,,,,,,,,,,,,,,
0,0,BAU,,LANDFILL,CO2_WASTE,,2035,,,,,,,0.0,,,,,,,,,,,,,,
0,0,BAU,,LANDFILL,CO2_WASTE,,2036,,,,,,,0.0,,,,,,,,,,,,,,
0,0,BAU,,LANDFILL,CO2_WASTE,,2037,,,,,,,0.0,,,,,,,,,,,,,,
0,0,BAU,,LANDFILL,CO2_WASTE,,2038,,,,,,,0.0,,,,,,,,,,,,,,
0,0,BAU,,LANDFILL,CO2_WASTE,,2039,,,,,,,0.0,,,,,,,,,,,,,,
0,0,BAU,,LANDFILL,CO2_WASTE,,2040,,,,,,,0.0,,,,,,,,,,,,,,
0,0,BAU,,LANDFILL,CO2_WASTE,,2041,,,,,,,0.0,,,,,,,,,,,,,,
0,0,BAU,,LANDFILL,CO2_WASTE,,2042,,,,,,,0.0,,,,,,,,,,,,,,
0,0,BAU,,LANDFILL,CO2_WASTE,,2043,,,,,,,0.0,,,,,,,,,,,,,,
0,0,BAU,,LANDFILL,CO2_WASTE,,2044,,,,,,,0.0,,,,,,,,,,,,,,
0,0,BAU,,LANDFILL,CO2_WASTE,,2045,,,,,,,0.0,,,,,,,,,,,,,,
0,0,BAU,,LANDFILL,CO2_WASTE,,2046,,,,,,,0.0,,,,,,,,,,,,,,
0,0,BAU,,LANDFILL,CO2_WASTE,,2047,,,,,,,0.0,,,,,,,,,,,,,,
0,0,BAU,,LANDFILL,CO2_WASTE,,2048,,,,,,,0.0,,,,,,,,,,,,,,
0,0,BAU,,LANDFILL,CO2_WASTE,,2049,,,,,,,0.0,,,,,,,,,,,,,,
0,0,BAU,,LANDFILL,CO2_WASTE,,2050,,,,,,,0.0,,,,,,,,,,,,,,
0,0,BAU,,LANDFILL,CH4_WASTE,,2018,,,,,,,0.0,,,,,,,,,,,,,,
0,0,BAU,,LANDFILL,CH4_WASTE,,2019,,,,,,,0.0,,,,,,,,,,,,,,
0,0,BAU,,LANDFILL,CH4_WASTE,,2020,,,,,,,0.0,,,,,,,,,,,,,,
0,0,BAU,,LANDFILL,CH4_WASTE,,2021,,,,,,,0.0,,,,,,,,,,,,,,
0,0,BAU,,LANDFILL,CH4_WASTE,,2022,,,,,,,0.0,,,,,,,,,,,,,,
0,0,BAU,,LANDFILL,CH4_WASTE,,2023,,,,,,,0.0,,,,,,,,,,,,,,
0,0,BAU,,LANDFILL,CH4_WASTE,,2024,,,,,,,0.0,,,,,,,,,,,,,,
0,0,BAU,,LANDFILL,CH4_WASTE,,2025,,,,,,,0.0,,,,,,,,,,,,,,
0,0,BAU,,LANDFILL,CH4_WASTE,,2026,,,,,,,0.0,,,,,,,,,,,,,,
0,0,BAU,,LANDFILL,CH4_WASTE,,2027,,,,,,,0.0,,,,,,,,,,,,,,
0,0,BAU,,LANDFILL,CH4_WASTE,,2028,,,,,,,0.0,,,,,,,,,,,,,,
0,0,BAU,,LANDFILL,CH4_WASTE,,2029,,,,,,,0.0,,,,,,,,,,,,,,
0,0,BAU,,LANDFILL,CH4_WASTE,,2030,,,,,,,0.0,,,,,,,,,,,,,,
0,0,BAU,,LANDFILL,CH4_WASTE,,2031,,,,,,,0.0,,,,,,,,,,,,,,
0,0,BAU,,LANDFILL,CH4_WASTE,,2032,,,,,,,0.0,,,,,,,,,,,,,,
0,0,BAU,,LANDFILL,CH4_WASTE,,2033,,,,,,,0.0,,,,,,,,,,,,,,
0,0,BAU,,LANDFILL,CH4_WASTE,,2034,,,,,,,0.0,,,,,,,,,,,,,,
0,0,BAU,,LANDFILL,CH4_WASTE,,2035,,,,,,,0.0,,,,,,,,,,,,,,
0,0,BAU,,LANDFILL,CH4_WASTE,,2036,,,,,,,0.0,,,,,,,,,,,,,,
0,0,BAU,,LANDFILL,CH4_WASTE,,2037,,,,,,,0.0,,,,,,,,,,,,,,
0,0,BAU,,LANDFILL,CH4_WASTE,,2038,,,,,,,0.0,,,,,,,,,,,,,,
0,0,BAU,,LANDFILL,CH4_WASTE,,2039,,,,,,,0.0,,,,,,,,,,,,,,
0,0,BAU,,LANDFILL,CH4_WASTE,,2040,,,,,,,0.0,,,,,,,,,,,,,,
0,0,BAU,,LANDFILL,CH4_WASTE,,2041,,,,,,,0.0,,,,,,,,,,,,,,
0,0,BAU,,LANDFILL,CH4_WASTE,,2042,,,,,,,0.0,,,,,,,,,,,,,,
0,0,BAU,,LANDFILL,CH4_WASTE,,2043,,,,,,,0.0,,,,,,,,,,,,,,
0,0,BAU,,LANDFILL,CH4_WASTE,,2044,,,,,,,0.0,,,,,,,,,,,,,,
0,0,BAU,,LANDFILL,CH4_WASTE,,2045,,,,,,,0.0,,,,,,,,,,,,,,
0,0,BAU,,LANDFILL,CH4_WASTE,,2046,,,,,,,0.0,,,,,,,,,,,,,,
0,0,BAU,,LANDFILL,CH4_WASTE,,2047,,,,,,,0.0,,,,,,,,,,,,,,
0,0,BAU,,LANDFILL,CH4_WASTE,,2048,,,,,,,0.0,,,,,,,,,,,,,,
0,0,BAU,,LANDFILL,CH4_WASTE,,2049,,,,,,,0.0,,,,,,,,,,,,,,
0,0,BAU,,LANDFILL,CH4_WASTE,,2050,,,,,,,0.0,,,,,,,,,,,,,,
0,0,BAU,,LANDFILL,N2O_WASTE,,2018,,,,,,,0.0,,,,,,,,,,,,,,
0,0,BAU,,LANDFILL,N2O_WASTE,,2019,,,,,,,0.0,,,,,,,,,,,,,,
0,0,BAU,,LANDFILL,N2O_WASTE,,2020,,,,,,,0.0,,,,,,,,,,,,,,
0,0,BAU,,LANDFILL,N2O_WASTE,,2021,,,,,,,0.0,,,,,,,,,,,,,,
0,0,BAU,,LANDFILL,N2O_WASTE,,2022,,,,,,,0.0,,,,,,,,,,,,,,
0,0,BAU,,LANDFILL,N2O_WASTE,,2023,,,,,,,0.0,,,,,,,,,,,,,,
0,0,BAU,,LANDFILL,N2O_WASTE,,2024,,,,,,,0.0,,,,,,,,,,,,,,
0,0,BAU,,LANDFILL,N2O_WASTE,,2025,,,,,,,0.0,,,,,,,,,,,,,,
0,0,BAU,,LANDFILL,N2O_WASTE,,2026,,,,,,,0.0,,,,,,,,,,,,,,
0,0,BAU,,LANDFILL,N2O_WASTE,,2027,,,,,,,0.0,,,,,,,,,,,,,,
0,0,BAU,,LANDFILL,N2O_WASTE,,2028,,,,,,,0.0,,,,,,,,,,,,,,
0,0,BAU,,LANDFILL,N2O_WASTE,,2029,,,,,,,0.0,,,,,,,,,,,,,,
0,0,BAU,,LANDFILL,N2O_WASTE,,2030,,,,,,,0.0,,,,,,,,,,,,,,
0,0,BAU,,LANDFILL,N2O_WASTE,,2031,,,,,,,0.0,,,,,,,,,,,,,,
0,0,BAU,,LANDFILL,N2O_WASTE,,2032,,,,,,,0.0,,,,,,,,,,,,,,
0,0,BAU,,LANDFILL,N2O_WASTE,,2033,,,,,,,0.0,,,,,,,,,,,,,,
0,0,BAU,,LANDFILL,N2O_WASTE,,2034,,,,,,,0.0,,,,,,,,,,,,,,
0,0,BAU,,LANDFILL,N2O_WASTE,,2035,,,,,,,0.0,,,,,,,,,,,,,,
0,0,BAU,,LANDFILL,N2O_WASTE,,2036,,,,,,,0.0,,,,,,,,,,,,,,
0,0,BAU,,LANDFILL,N2O_WASTE,,2037,,,,,,,0.0,,,,,,,,,,,,,,
0,0,BAU,,LANDFILL,N2O_WASTE,,2038,,,,,,,0.0,,,,,,,,,,,,,,
0,0,BAU,,LANDFILL,N2O_WASTE,,2039,,,,,,,0.0,,,,,,,,,,,,,,
0,0,BAU,,LANDFILL,N2O_WASTE,,2040,,,,,,,0.0,,,,,,,,,,,,,,
0,0,BAU,,LANDFILL,N2O_WASTE,,2041,,,,,,,0.0,,,,,,,,,,,,,,
0,0,BAU,,LANDFILL,N2O_WASTE,,2042,,,,,,,0.0,,,,,,,,,,,,,,
0,0,BAU,,LANDFILL,N2O_WASTE,,2043,,,,,,,0.0,,,,,,,,,,,,,,
0,0,BAU,,LANDFILL,N2O_WASTE,,2044,,,,,,,0.0,,,,,,,,,,,,,,
0,0,BAU,,LANDFILL,N2O_WASTE,,2045,,,,,,,0.0,,,,,,,,,,,,,,
0,0,BAU,,LANDFILL,N2O_WASTE,,2046,,,,,,,0.0,,,,,,,,,,,,,,
0,0,BAU,,LANDFILL,N2O_WASTE,,2047,,,,,,,0.0,,,,,,,,,,,,,,
0,0,BAU,,LANDFILL,N2O_WASTE,,2048,,,,,,,0.0,,,,,,,,,,,,,,
0,0,BAU,,LANDFILL,N2O_WASTE,,2049,,,,,,,0.0,,,,,,,,,,,,,,
0,0,BAU,,LANDFILL,N2O_WASTE,,2050,,,,,,,0.0,,,,,,,,,,,,,,
0,0,BAU,,NO_CONTR_OD,CO2e_WASTE,,2018,,,,,,,0.3921,,,,,,,,,,,,,,
0,0,BAU,,NO_CONTR_OD,CO2e_WASTE,,2019,,,,,,,0.3931,,,,,,,,,,,,,,
0,0,BAU,,NO_CONTR_OD,CO2e_WASTE,,2020,,,,,,,0.3926,,,,,,,,,,,,,,
0,0,BAU,,NO_CONTR_OD,CO2e_WASTE,,2021,,,,,,,0.3926,,,,,,,,,,,,,,
0,0,BAU,,NO_CONTR_OD,CO2e_WASTE,,2022,,,,,,,0.393,,,,,,,,,,,,,,
0,0,BAU,,NO_CONTR_OD,CO2e_WASTE,,2023,,,,,,,0.392,,,,,,,,,,,,,,
0,0,BAU,,NO_CONTR_OD,CO2e_WASTE,,2024,,,,,,,0.392,,,,,,,,,,,,,,
0,0,BAU,,NO_CONTR_OD,CO2e_WASTE,,2025,,,,,,,0.392,,,,,,,,,,,,,,
0,0,BAU,,NO_CONTR_OD,CO2e_WASTE,,2026,,,,,,,0.392,,,,,,,,,,,,,,
0,0,BAU,,NO_CONTR_OD,CO2e_WASTE,,2027,,,,,,,0.392,,,,,,,,,,,,,,
0,0,BAU,,NO_CONTR_OD,CO2e_WASTE,,2028,,,,,,,0.392,,,,,,,,,,,,,,
0,0,BAU,,NO_CONTR_OD,CO2e_WASTE,,2029,,,,,,,0.392,,,,,,,,,,,,,,
0,0,BAU,,NO_CONTR_OD,CO2e_WASTE,,2030,,,,,,,0.392,,,,,,,,,,,,,,
0,0,BAU,,NO_CONTR_OD,CO2e_WASTE,,2031,,,,,,,0.392,,,,,,,,,,,,,,
0,0,BAU,,NO_CONTR_OD,CO2e_WASTE,,2032,,,,,,,0.392,,,,,,,,,,,,,,
0,0,BAU,,NO_CONTR_OD,CO2e_WASTE,,2033,,,,,,,0.392,,,,,,,,,,,,,,
0,0,BAU,,NO_CONTR_OD,CO2e_WASTE,,2034,,,,,,,0.392,,,,,,,,,,,,,,
0,0,BAU,,NO_CONTR_OD,CO2e_WASTE,,2035,,,,,,,0.392,,,,,,,,,,,,,,
0,0,BAU,,NO_CONTR_OD,CO2e_WASTE,,2036,,,,,,,0.392,,,,,,,,,,,,,,
0,0,BAU,,NO_CONTR_OD,CO2e_WASTE,,2037,,,,,,,0.392,,,,,,,,,,,,,,
0,0,BAU,,NO_CONTR_OD,CO2e_WASTE,,2038,,,,,,,0.392,,,,,,,,,,,,,,
0,0,BAU,,NO_CONTR_OD,CO2e_WASTE,,2039,,,,,,,0.392,,,,,,,,,,,,,,
0,0,BAU,,NO_CONTR_OD,CO2e_WASTE,,2040,,,,,,,0.392,,,,,,,,,,,,,,
0,0,BAU,,NO_CONTR_OD,CO2e_WASTE,,2041,,,,,,,0.392,,,,,,,,,,,,,,
0,0,BAU,,NO_CONTR_OD,CO2e_WASTE,,2042,,,,,,,0.392,,,,,,,,,,,,,,
0,0,BAU,,NO_CONTR_OD,CO2e_WASTE,,2043,,,,,,,0.392,,,,,,,,,,,,,,
0,0,BAU,,NO_CONTR_OD,CO2e_WASTE,,2044,,,,,,,0.392,,,,,,,,,,,,,,
0,0,BAU,,NO_CONTR_OD,CO2e_WASTE,,2045,,,,,,,0.392,,,,,,,,,,,,,,
0,0,BAU,,NO_CONTR_OD,CO2e_WASTE,,2046,,,,,,,0.392,,,,,,,,,,,,,,
0,0,BAU,,NO_CONTR_OD,CO2e_WASTE,,2047,,,,,,,0.392,,,,,,,,,,,,,,
0,0,BAU,,NO_CONTR_OD,CO2e_WASTE,,2048,,,,,,,0.392,,,,,,,,,,,,,,
0,0,BAU,,NO_CONTR_OD,CO2e_WASTE,,2049,,,,,,,0.392,,,,,,,,,,,,,,
0,0,BAU,,NO_CONTR_OD,CO2e_WASTE,,2050,,,,,,,0.392,,,,,,,,,,,,,,
0,0,BAU,,NO_CONTR_OD,CO2_WASTE,,2018,,,,,,,0.0,,,,,,,,,,,,,,
0,0,BAU,,NO_CONTR_OD,CO2_WASTE,,2019,,,,,,,0.0,,,,,,,,,,,,,,
0,0,BAU,,NO_CONTR_OD,CO2_WASTE,,2020,,,,,,,0.0,,,,,,,,,,,,,,
0,0,BAU,,NO_CONTR_OD,CO2_WASTE,,2021,,,,,,,0.0,,,,,,,,,,,,,,
0,0,BAU,,NO_CONTR_OD,CO2_WASTE,,2022,,,,,,,0.0,,,,,,,,,,,,,,
0,0,BAU,,NO_CONTR_OD,CO2_WASTE,,2023,,,,,,,0.0,,,,,,,,,,,,,,
0,0,BAU,,NO_CONTR_OD,CO2_WASTE,,2024,,,,,,,0.0,,,,,,,,,,,,,,
0,0,BAU,,NO_CONTR_OD,CO2_WASTE,,2025,,,,,,,0.0,,,,,,,,,,,,,,
0,0,BAU,,NO_CONTR_OD,CO2_WASTE,,2026,,,,,,,0.0,,,,,,,,,,,,,,
0,0,BAU,,NO_CONTR_OD,CO2_WASTE,,2027,,,,,,,0.0,,,,,,,,,,,,,,
0,0,BAU,,NO_CONTR_OD,CO2_WASTE,,2028,,,,,,,0.0,,,,,,,,,,,,,,
0,0,BAU,,NO_CONTR_OD,CO2_WASTE,,2029,,,,,,,0.0,,,,,,,,,,,,,,
0,0,BAU,,NO_CONTR_OD,CO2_WASTE,,2030,,,,,,,0.0,,,,,,,,,,,,,,
0,0,BAU,,NO_CONTR_OD,CO2_WASTE,,2031,,,,,,,0.0,,,,,,,,,,,,,,
0,0,BAU,,NO_CONTR_OD,CO2_WASTE,,2032,,,,,,,0.0,,,,,,,,,,,,,,
0,0,BAU,,NO_CONTR_OD,CO2_WASTE,,2033,,,,,,,0.0,,,,,,,,,,,,,,
0,0,BAU,,NO_CONTR_OD,CO2_WASTE,,2034,,,,,,,0.0,,,,,,,,,,,,,,
0,0,BAU,,NO_CONTR_OD,CO2_WASTE,,2035,,,,,,,0.0,,,,,,,,,,,,,,
0,0,BAU,,NO_CONTR_OD,CO2_WASTE,,2036,,,,,,,0.0,,,,,,,,,,,,,,
0,0,BAU,,NO_CONTR_OD,CO2_WASTE,,2037,,,,,,,0.0,,,,,,,,,,,,,,
0,0,BAU,,NO_CONTR_OD,CO2_WASTE,,2038,,,,,,,0.0,,,,,,,,,,,,,,
0,0,BAU,,NO_CONTR_OD,CO2_WASTE,,2039,,,,,,,0.0,,,,,,,,,,,,,,
0,0,BAU,,NO_CONTR_OD,CO2_WASTE,,2040,,,,,,,0.0,,,,,,,,,,,,,,
0,0,BAU,,NO_CONTR_OD,CO2_WASTE,,2041,,,,,,,0.0,,,,,,,,,,,,,,
0,0,BAU,,NO_CONTR_OD,CO2_WASTE,,2042,,,,,,,0.0,,,,,,,,,,,,,,
0,0,BAU,,NO_CONTR_OD,CO2_WASTE,,2043,,,,,,,0.0,,,,,,,,,,,,,,
0,0,BAU,,NO_CONTR_OD,CO2_WASTE,,2044,,,,,,,0.0,,,,,,,,,,,,,,
0,0,BAU,,NO_CONTR_OD,CO2_WASTE,,2045,,,,,,,0.0,,,,,,,,,,,,,,
0,0,BAU,,NO_CONTR_OD,CO2_WASTE,,2046,,,,,,,0.0,,,,,,,,,,,,,,
0,0,BAU,,NO_CONTR_OD,CO2_WASTE,,2047,,,,,,,0.0,,,,,,,,,,,,,,
0,0,BAU,,NO_CONTR_OD,CO2_WASTE,,2048,,,,,,,0.0,,,,,,,,,,,,,,
0,0,BAU,,NO_CONTR_OD,CO2_WASTE,,2049,,,,,,,0.0,,,,,,,,,,,,,,
0,0,BAU,,NO_CONTR_OD,CO2_WASTE,,2050,,,,,,,0.0,,,,,,,,,,,,,,
0,0,BAU,,NO_CONTR_OD,CH4_WASTE,,2018,,,,,,,0.0,,,,,,,,,,,,,,
0,0,BAU,,NO_CONTR_OD,CH4_WASTE,,2019,,,,,,,0.0,,,,,,,,,,,,,,
0,0,BAU,,NO_CONTR_OD,CH4_WASTE,,2020,,,,,,,0.0,,,,,,,,,,,,,,
0,0,BAU,,NO_CONTR_OD,CH4_WASTE,,2021,,,,,,,0.0,,,,,,,,,,,,,,
0,0,BAU,,NO_CONTR_OD,CH4_WASTE,,2022,,,,,,,0.0,,,,,,,,,,,,,,
0,0,BAU,,NO_CONTR_OD,CH4_WASTE,,2023,,,,,,,0.0,,,,,,,,,,,,,,
0,0,BAU,,NO_CONTR_OD,CH4_WASTE,,2024,,,,,,,0.0,,,,,,,,,,,,,,
0,0,BAU,,NO_CONTR_OD,CH4_WASTE,,2025,,,,,,,0.0,,,,,,,,,,,,,,
0,0,BAU,,NO_CONTR_OD,CH4_WASTE,,2026,,,,,,,0.0,,,,,,,,,,,,,,
0,0,BAU,,NO_CONTR_OD,CH4_WASTE,,2027,,,,,,,0.0,,,,,,,,,,,,,,
0,0,BAU,,NO_CONTR_OD,CH4_WASTE,,2028,,,,,,,0.0,,,,,,,,,,,,,,
0,0,BAU,,NO_CONTR_OD,CH4_WASTE,,2029,,,,,,,0.0,,,,,,,,,,,,,,
0,0,BAU,,NO_CONTR_OD,CH4_WASTE,,2030,,,,,,,0.0,,,,,,,,,,,,,,
0,0,BAU,,NO_CONTR_OD,CH4_WASTE,,2031,,,,,,,0.0,,,,,,,,,,,,,,
0,0,BAU,,NO_CONTR_OD,CH4_WASTE,,2032,,,,,,,0.0,,,,,,,,,,,,,,
0,0,BAU,,NO_CONTR_OD,CH4_WASTE,,2033,,,,,,,0.0,,,,,,,,,,,,,,
0,0,BAU,,NO_CONTR_OD,CH4_WASTE,,2034,,,,,,,0.0,,,,,,,,,,,,,,
0,0,BAU,,NO_CONTR_OD,CH4_WASTE,,2035,,,,,,,0.0,,,,,,,,,,,,,,
0,0,BAU,,NO_CONTR_OD,CH4_WASTE,,2036,,,,,,,0.0,,,,,,,,,,,,,,
0,0,BAU,,NO_CONTR_OD,CH4_WASTE,,2037,,,,,,,0.0,,,,,,,,,,,,,,
0,0,BAU,,NO_CONTR_OD,CH4_WASTE,,2038,,,,,,,0.0,,,,,,,,,,,,,,
0,0,BAU,,NO_CONTR_OD,CH4_WASTE,,2039,,,,,,,0.0,,,,,,,,,,,,,,
0,0,BAU,,NO_CONTR_OD,CH4_WASTE,,2040,,,,,,,0.0,,,,,,,,,,,,,,
0,0,BAU,,NO_CONTR_OD,CH4_WASTE,,2041,,,,,,,0.0,,,,,,,,,,,,,,
0,0,BAU,,NO_CONTR_OD,CH4_WASTE,,2042,,,,,,,0.0,,,,,,,,,,,,,,
0,0,BAU,,NO_CONTR_OD,CH4_WASTE,,2043,,,,,,,0.0,,,,,,,,,,,,,,
0,0,BAU,,NO_CONTR_OD,CH4_WASTE,,2044,,,,,,,0.0,,,,,,,,,,,,,,
0,0,BAU,,NO_CONTR_OD,CH4_WASTE,,2045,,,,,,,0.0,,,,,,,,,,,,,,
0,0,BAU,,NO_CONTR_OD,CH4_WASTE,,2046,,,,,,,0.0,,,,,,,,,,,,,,
0,0,BAU,,NO_CONTR_OD,CH4_WASTE,,2047,,,,,,,0.0,,,,,,,,,,,,,,
0,0,BAU,,NO_CONTR_OD,CH4_WASTE,,2048,,,,,,,0.0,,,,,,,,,,,,,,
0,0,BAU,,NO_CONTR_OD,CH4_WASTE,,2049,,,,,,,0.0,,,,,,,,,,,,,,
0,0,BAU,,NO_CONTR_OD,CH4_WASTE,,2050,,,,,,,0.0,,,,,,,,,,,,,,
0,0,BAU,,NO_CONTR_OD,N2O_WASTE,,2018,,,,,,,0.0,,,,,,,,,,,,,,
0,0,BAU,,NO_CONTR_OD,N2O_WASTE,,2019,,,,,,,0.0,,,,,,,,,,,,,,
0,0,BAU,,NO_CONTR_OD,N2O_WASTE,,2020,,,,,,,0.0,,,,,,,,,,,,,,
0,0,BAU,,NO_CONTR_OD,N2O_WASTE,,2021,,,,,,,0.0,,,,,,,,,,,,,,
0,0,BAU,,NO_CONTR_OD,N2O_WASTE,,2022,,,,,,,0.0,,,,,,,,,,,,,,
0,0,BAU,,NO_CONTR_OD,N2O_WASTE,,2023,,,,,,,0.0,,,,,,,,,,,,,,
0,0,BAU,,NO_CONTR_OD,N2O_WASTE,,2024,,,,,,,0.0,,,,,,,,,,,,,,
0,0,BAU,,NO_CONTR_OD,N2O_WASTE,,2025,,,,,,,0.0,,,,,,,,,,,,,,
0,0,BAU,,NO_CONTR_OD,N2O_WASTE,,2026,,,,,,,0.0,,,,,,,,,,,,,,
0,0,BAU,,NO_CONTR_OD,N2O_WASTE,,2027,,,,,,,0.0,,,,,,,,,,,,,,
0,0,BAU,,NO_CONTR_OD,N2O_WASTE,,2028,,,,,,,0.0,,,,,,,,,,,,,,
0,0,BAU,,NO_CONTR_OD,N2O_WASTE,,2029,,,,,,,0.0,,,,,,,,,,,,,,
0,0,BAU,,NO_CONTR_OD,N2O_WASTE,,2030,,,,,,,0.0,,,,,,,,,,,,,,
0,0,BAU,,NO_CONTR_OD,N2O_WASTE,,2031,,,,,,,0.0,,,,,,,,,,,,,,
0,0,BAU,,NO_CONTR_OD,N2O_WASTE,,2032,,,,,,,0.0,,,,,,,,,,,,,,
0,0,BAU,,NO_CONTR_OD,N2O_WASTE,,2033,,,,,,,0.0,,,,,,,,,,,,,,
0,0,BAU,,NO_CONTR_OD,N2O_WASTE,,2034,,,,,,,0.0,,,,,,,,,,,,,,
0,0,BAU,,NO_CONTR_OD,N2O_WASTE,,2035,,,,,,,0.0,,,,,,,,,,,,,,
0,0,BAU,,NO_CONTR_OD,N2O_WASTE,,2036,,,,,,,0.0,,,,,,,,,,,,,,
0,0,BAU,,NO_CONTR_OD,N2O_WASTE,,2037,,,,,,,0.0,,,,,,,,,,,,,,
0,0,BAU,,NO_CONTR_OD,N2O_WASTE,,2038,,,,,,,0.0,,,,,,,,,,,,,,
0,0,BAU,,NO_CONTR_OD,N2O_WASTE,,2039,,,,,,,0.0,,,,,,,,,,,,,,
0,0,BAU,,NO_CONTR_OD,N2O_WASTE,,2040,,,,,,,0.0,,,,,,,,,,,,,,
0,0,BAU,,NO_CONTR_OD,N2O_WASTE,,2041,,,,,,,0.0,,,,,,,,,,,,,,
0,0,BAU,,NO_CONTR_OD,N2O_WASTE,,2042,,,,,,,0.0,,,,,,,,,,,,,,
0,0,BAU,,NO_CONTR_OD,N2O_WASTE,,2043,,,,,,,0.0,,,,,,,,,,,,,,
0,0,BAU,,NO_CONTR_OD,N2O_WASTE,,2044,,,,,,,0.0,,,,,,,,,,,,,,
0,0,BAU,,NO_CONTR_OD,N2O_WASTE,,2045,,,,,,,0.0,,,,,,,,,,,,,,
0,0,BAU,,NO_CONTR_OD,N2O_WASTE,,2046,,,,,,,0.0,,,,,,,,,,,,,,
0,0,BAU,,NO_CONTR_OD,N2O_WASTE,,2047,,,,,,,0.0,,,,,,,,,,,,,,
0,0,BAU,,NO_CONTR_OD,N2O_WASTE,,2048,,,,,,,0.0,,,,,,,,,,,,,,
0,0,BAU,,NO_CONTR_OD,N2O_WASTE,,2049,,,,,,,0.0,,,,,,,,,,,,,,
0,0,BAU,,NO_CONTR_OD,N2O_WASTE,,2050,,,,,,,0.0,,,,,,,,,,,,,,
0,0,BAU,,COPROC,CO2e_WASTE,,2018,,,,,,,0.0,,,,,,,,,,,,,,
0,0,BAU,,COPROC,CO2e_WASTE,,2019,,,,,,,0.0,,,,,,,,,,,,,,
0,0,BAU,,COPROC,CO2e_WASTE,,2020,,,,,,,0.0,,,,,,,,,,,,,,
0,0,BAU,,COPROC,CO2e_WASTE,,2021,,,,,,,0.0,,,,,,,,,,,,,,
0,0,BAU,,COPROC,CO2e_WASTE,,2022,,,,,,,0.0,,,,,,,,,,,,,,
0,0,BAU,,COPROC,CO2e_WASTE,,2023,,,,,,,0.0,,,,,,,,,,,,,,
0,0,BAU,,COPROC,CO2e_WASTE,,2024,,,,,,,0.0,,,,,,,,,,,,,,
0,0,BAU,,COPROC,CO2e_WASTE,,2025,,,,,,,0.0,,,,,,,,,,,,,,
0,0,BAU,,COPROC,CO2e_WASTE,,2026,,,,,,,0.0,,,,,,,,,,,,,,
0,0,BAU,,COPROC,CO2e_WASTE,,2027,,,,,,,0.0,,,,,,,,,,,,,,
0,0,BAU,,COPROC,CO2e_WASTE,,2028,,,,,,,0.0,,,,,,,,,,,,,,
0,0,BAU,,COPROC,CO2e_WASTE,,2029,,,,,,,0.0,,,,,,,,,,,,,,
0,0,BAU,,COPROC,CO2e_WASTE,,2030,,,,,,,0.0,,,,,,,,,,,,,,
0,0,BAU,,COPROC,CO2e_WASTE,,2031,,,,,,,0.0,,,,,,,,,,,,,,
0,0,BAU,,COPROC,CO2e_WASTE,,2032,,,,,,,0.0,,,,,,,,,,,,,,
0,0,BAU,,COPROC,CO2e_WASTE,,2033,,,,,,,0.0,,,,,,,,,,,,,,
0,0,BAU,,COPROC,CO2e_WASTE,,2034,,,,,,,0.0,,,,,,,,,,,,,,
0,0,BAU,,COPROC,CO2e_WASTE,,2035,,,,,,,0.0,,,,,,,,,,,,,,
0,0,BAU,,COPROC,CO2e_WASTE,,2036,,,,,,,0.0,,,,,,,,,,,,,,
0,0,BAU,,COPROC,CO2e_WASTE,,2037,,,,,,,0.0,,,,,,,,,,,,,,
0,0,BAU,,COPROC,CO2e_WASTE,,2038,,,,,,,0.0,,,,,,,,,,,,,,
0,0,BAU,,COPROC,CO2e_WASTE,,2039,,,,,,,0.0,,,,,,,,,,,,,,
0,0,BAU,,COPROC,CO2e_WASTE,,2040,,,,,,,0.0,,,,,,,,,,,,,,
0,0,BAU,,COPROC,CO2e_WASTE,,2041,,,,,,,0.0,,,,,,,,,,,,,,
0,0,BAU,,COPROC,CO2e_WASTE,,2042,,,,,,,0.0,,,,,,,,,,,,,,
0,0,BAU,,COPROC,CO2e_WASTE,,2043,,,,,,,0.0,,,,,,,,,,,,,,
0,0,BAU,,COPROC,CO2e_WASTE,,2044,,,,,,,0.0,,,,,,,,,,,,,,
0,0,BAU,,COPROC,CO2e_WASTE,,2045,,,,,,,0.0,,,,,,,,,,,,,,
0,0,BAU,,COPROC,CO2e_WASTE,,2046,,,,,,,0.0,,,,,,,,,,,,,,
0,0,BAU,,COPROC,CO2e_WASTE,,2047,,,,,,,0.0,,,,,,,,,,,,,,
0,0,BAU,,COPROC,CO2e_WASTE,,2048,,,,,,,0.0,,,,,,,,,,,,,,
0,0,BAU,,COPROC,CO2e_WASTE,,2049,,,,,,,0.0,,,,,,,,,,,,,,
0,0,BAU,,COPROC,CO2e_WASTE,,2050,,,,,,,0.0,,,,,,,,,,,,,,
0,0,BAU,,COPROC,CO2_WASTE,,2018,,,,,,,0.0,,,,,,,,,,,,,,
0,0,BAU,,COPROC,CO2_WASTE,,2019,,,,,,,0.0,,,,,,,,,,,,,,
0,0,BAU,,COPROC,CO2_WASTE,,2020,,,,,,,0.0,,,,,,,,,,,,,,
0,0,BAU,,COPROC,CO2_WASTE,,2021,,,,,,,0.0,,,,,,,,,,,,,,
0,0,BAU,,COPROC,CO2_WASTE,,2022,,,,,,,0.0,,,,,,,,,,,,,,
0,0,BAU,,COPROC,CO2_WASTE,,2023,,,,,,,0.0,,,,,,,,,,,,,,
0,0,BAU,,COPROC,CO2_WASTE,,2024,,,,,,,0.0,,,,,,,,,,,,,,
0,0,BAU,,COPROC,CO2_WASTE,,2025,,,,,,,0.0,,,,,,,,,,,,,,
0,0,BAU,,COPROC,CO2_WASTE,,2026,,,,,,,0.0,,,,,,,,,,,,,,
0,0,BAU,,COPROC,CO2_WASTE,,2027,,,,,,,0.0,,,,,,,,,,,,,,
0,0,BAU,,COPROC,CO2_WASTE,,2028,,,,,,,0.0,,,,,,,,,,,,,,
0,0,BAU,,COPROC,CO2_WASTE,,2029,,,,,,,0.0,,,,,,,,,,,,,,
0,0,BAU,,COPROC,CO2_WASTE,,2030,,,,,,,0.0,,,,,,,,,,,,,,
0,0,BAU,,COPROC,CO2_WASTE,,2031,,,,,,,0.0,,,,,,,,,,,,,,
0,0,BAU,,COPROC,CO2_WASTE,,2032,,,,,,,0.0,,,,,,,,,,,,,,
0,0,BAU,,COPROC,CO2_WASTE,,2033,,,,,,,0.0,,,,,,,,,,,,,,
0,0,BAU,,COPROC,CO2_WASTE,,2034,,,,,,,0.0,,,,,,,,,,,,,,
0,0,BAU,,COPROC,CO2_WASTE,,2035,,,,,,,0.0,,,,,,,,,,,,,,
0,0,BAU,,COPROC,CO2_WASTE,,2036,,,,,,,0.0,,,,,,,,,,,,,,
0,0,BAU,,COPROC,CO2_WASTE,,2037,,,,,,,0.0,,,,,,,,,,,,,,
0,0,BAU,,COPROC,CO2_WASTE,,2038,,,,,,,0.0,,,,,,,,,,,,,,
0,0,BAU,,COPROC,CO2_WASTE,,2039,,,,,,,0.0,,,,,,,,,,,,,,
0,0,BAU,,COPROC,CO2_WASTE,,2040,,,,,,,0.0,,,,,,,,,,,,,,
0,0,BAU,,COPROC,CO2_WASTE,,2041,,,,,,,0.0,,,,,,,,,,,,,,
0,0,BAU,,COPROC,CO2_WASTE,,2042,,,,,,,0.0,,,,,,,,,,,,,,
0,0,BAU,,COPROC,CO2_WASTE,,2043,,,,,,,0.0,,,,,,,,,,,,,,
0,0,BAU,,COPROC,CO2_WASTE,,2044,,,,,,,0.0,,,,,,,,,,,,,,
0,0,BAU,,COPROC,CO2_WASTE,,2045,,,,,,,0.0,,,,,,,,,,,,,,
0,0,BAU,,COPROC,CO2_WASTE,,2046,,,,,,,0.0,,,,,,,,,,,,,,
0,0,BAU,,COPROC,CO2_WASTE,,2047,,,,,,,0.0,,,,,,,,,,,,,,
0,0,BAU,,COPROC,CO2_WASTE,,2048,,,,,,,0.0,,,,,,,,,,,,,,
0,0,BAU,,COPROC,CO2_WASTE,,2049,,,,,,,0.0,,,,,,,,,,,,,,
0,0,BAU,,COPROC,CO2_WASTE,,2050,,,,,,,0.0,,,,,,,,,,,,,,
0,0,BAU,,COPROC,CH4_WASTE,,2018,,,,,,,0.0,,,,,,,,,,,,,,
0,0,BAU,,COPROC,CH4_WASTE,,2019,,,,,,,0.0,,,,,,,,,,,,,,
0,0,BAU,,COPROC,CH4_WASTE,,2020,,,,,,,0.0,,,,,,,,,,,,,,
0,0,BAU,,COPROC,CH4_WASTE,,2021,,,,,,,0.0,,,,,,,,,,,,,,
0,0,BAU,,COPROC,CH4_WASTE,,2022,,,,,,,0.0,,,,,,,,,,,,,,
0,0,BAU,,COPROC,CH4_WASTE,,2023,,,,,,,0.0,,,,,,,,,,,,,,
0,0,BAU,,COPROC,CH4_WASTE,,2024,,,,,,,0.0,,,,,,,,,,,,,,
0,0,BAU,,COPROC,CH4_WASTE,,2025,,,,,,,0.0,,,,,,,,,,,,,,
0,0,BAU,,COPROC,CH4_WASTE,,2026,,,,,,,0.0,,,,,,,,,,,,,,
0,0,BAU,,COPROC,CH4_WASTE,,2027,,,,,,,0.0,,,,,,,,,,,,,,
0,0,BAU,,COPROC,CH4_WASTE,,2028,,,,,,,0.0,,,,,,,,,,,,,,
0,0,BAU,,COPROC,CH4_WASTE,,2029,,,,,,,0.0,,,,,,,,,,,,,,
0,0,BAU,,COPROC,CH4_WASTE,,2030,,,,,,,0.0,,,,,,,,,,,,,,
0,0,BAU,,COPROC,CH4_WASTE,,2031,,,,,,,0.0,,,,,,,,,,,,,,
0,0,BAU,,COPROC,CH4_WASTE,,2032,,,,,,,0.0,,,,,,,,,,,,,,
0,0,BAU,,COPROC,CH4_WASTE,,2033,,,,,,,0.0,,,,,,,,,,,,,,
0,0,BAU,,COPROC,CH4_WASTE,,2034,,,,,,,0.0,,,,,,,,,,,,,,
0,0,BAU,,COPROC,CH4_WASTE,,2035,,,,,,,0.0,,,,,,,,,,,,,,
0,0,BAU,,COPROC,CH4_WASTE,,2036,,,,,,,0.0,,,,,,,,,,,,,,
0,0,BAU,,COPROC,CH4_WASTE,,2037,,,,,,,0.0,,,,,,,,,,,,,,
0,0,BAU,,COPROC,CH4_WASTE,,2038,,,,,,,0.0,,,,,,,,,,,,,,
0,0,BAU,,COPROC,CH4_WASTE,,2039,,,,,,,0.0,,,,,,,,,,,,,,
0,0,BAU,,COPROC,CH4_WASTE,,2040,,,,,,,0.0,,,,,,,,,,,,,,
0,0,BAU,,COPROC,CH4_WASTE,,2041,,,,,,,0.0,,,,,,,,,,,,,,
0,0,BAU,,COPROC,CH4_WASTE,,2042,,,,,,,0.0,,,,,,,,,,,,,,
0,0,BAU,,COPROC,CH4_WASTE,,2043,,,,,,,0.0,,,,,,,,,,,,,,
0,0,BAU,,COPROC,CH4_WASTE,,2044,,,,,,,0.0,,,,,,,,,,,,,,
0,0,BAU,,COPROC,CH4_WASTE,,2045,,,,,,,0.0,,,,,,,,,,,,,,
0,0,BAU,,COPROC,CH4_WASTE,,2046,,,,,,,0.0,,,,,,,,,,,,,,
0,0,BAU,,COPROC,CH4_WASTE,,2047,,,,,,,0.0,,,,,,,,,,,,,,
0,0,BAU,,COPROC,CH4_WASTE,,2048,,,,,,,0.0,,,,,,,,,,,,,,
0,0,BAU,,COPROC,CH4_WASTE,,2049,,,,,,,0.0,,,,,,,,,,,,,,
0,0,BAU,,COPROC,CH4_WASTE,,2050,,,,,,,0.0,,,,,,,,,,,,,,
0,0,BAU,,COPROC,N2O_WASTE,,2018,,,,,,,0.0,,,,,,,,,,,,,,
0,0,BAU,,COPROC,N2O_WASTE,,2019,,,,,,,0.0,,,,,,,,,,,,,,
0,0,BAU,,COPROC,N2O_WASTE,,2020,,,,,,,0.0,,,,,,,,,,,,,,
0,0,BAU,,COPROC,N2O_WASTE,,2021,,,,,,,0.0,,,,,,,,,,,,,,
0,0,BAU,,COPROC,N2O_WASTE,,2022,,,,,,,0.0,,,,,,,,,,,,,,
0,0,BAU,,COPROC,N2O_WASTE,,2023,,,,,,,0.0,,,,,,,,,,,,,,
0,0,BAU,,COPROC,N2O_WASTE,,2024,,,,,,,0.0,,,,,,,,,,,,,,
0,0,BAU,,COPROC,N2O_WASTE,,2025,,,,,,,0.0,,,,,,,,,,,,,,
0,0,BAU,,COPROC,N2O_WASTE,,2026,,,,,,,0.0,,,,,,,,,,,,,,
0,0,BAU,,COPROC,N2O_WASTE,,2027,,,,,,,0.0,,,,,,,,,,,,,,
0,0,BAU,,COPROC,N2O_WASTE,,2028,,,,,,,0.0,,,,,,,,,,,,,,
0,0,BAU,,COPROC,N2O_WASTE,,2029,,,,,,,0.0,,,,,,,,,,,,,,
0,0,BAU,,COPROC,N2O_WASTE,,2030,,,,,,,0.0,,,,,,,,,,,,,,
0,0,BAU,,COPROC,N2O_WASTE,,2031,,,,,,,0.0,,,,,,,,,,,,,,
0,0,BAU,,COPROC,N2O_WASTE,,2032,,,,,,,0.0,,,,,,,,,,,,,,
0,0,BAU,,COPROC,N2O_WASTE,,2033,,,,,,,0.0,,,,,,,,,,,,,,
0,0,BAU,,COPROC,N2O_WASTE,,2034,,,,,,,0.0,,,,,,,,,,,,,,
0,0,BAU,,COPROC,N2O_WASTE,,2035,,,,,,,0.0,,,,,,,,,,,,,,
0,0,BAU,,COPROC,N2O_WASTE,,2036,,,,,,,0.0,,,,,,,,,,,,,,
0,0,BAU,,COPROC,N2O_WASTE,,2037,,,,,,,0.0,,,,,,,,,,,,,,
0,0,BAU,,COPROC,N2O_WASTE,,2038,,,,,,,0.0,,,,,,,,,,,,,,
0,0,BAU,,COPROC,N2O_WASTE,,2039,,,,,,,0.0,,,,,,,,,,,,,,
0,0,BAU,,COPROC,N2O_WASTE,,2040,,,,,,,0.0,,,,,,,,,,,,,,
0,0,BAU,,COPROC,N2O_WASTE,,2041,,,,,,,0.0,,,,,,,,,,,,,,
0,0,BAU,,COPROC,N2O_WASTE,,2042,,,,,,,0.0,,,,,,,,,,,,,,
0,0,BAU,,COPROC,N2O_WASTE,,2043,,,,,,,0.0,,,,,,,,,,,,,,
0,0,BAU,,COPROC,N2O_WASTE,,2044,,,,,,,0.0,,,,,,,,,,,,,,
0,0,BAU,,COPROC,N2O_WASTE,,2045,,,,,,,0.0,,,,,,,,,,,,,,
0,0,BAU,,COPROC,N2O_WASTE,,2046,,,,,,,0.0,,,,,,,,,,,,,,
0,0,BAU,,COPROC,N2O_WASTE,,2047,,,,,,,0.0,,,,,,,,,,,,,,
0,0,BAU,,COPROC,N2O_WASTE,,2048,,,,,,,0.0,,,,,,,,,,,,,,
0,0,BAU,,COPROC,N2O_WASTE,,2049,,,,,,,0.0,,,,,,,,,,,,,,
0,0,BAU,,COPROC,N2O_WASTE,,2050,,,,,,,0.0,,,,,,,,,,,,,,
0,0,BAU,,INCIN,CO2e_WASTE,,2018,,,,,,,0.0,,,,,,,,,,,,,,
0,0,BAU,,INCIN,CO2e_WASTE,,2019,,,,,,,0.0,,,,,,,,,,,,,,
0,0,BAU,,INCIN,CO2e_WASTE,,2020,,,,,,,0.0,,,,,,,,,,,,,,
0,0,BAU,,INCIN,CO2e_WASTE,,2021,,,,,,,0.0,,,,,,,,,,,,,,
0,0,BAU,,INCIN,CO2e_WASTE,,2022,,,,,,,0.0,,,,,,,,,,,,,,
0,0,BAU,,INCIN,CO2e_WASTE,,2023,,,,,,,0.0,,,,,,,,,,,,,,
0,0,BAU,,INCIN,CO2e_WASTE,,2024,,,,,,,0.0,,,,,,,,,,,,,,
0,0,BAU,,INCIN,CO2e_WASTE,,2025,,,,,,,0.0,,,,,,,,,,,,,,
0,0,BAU,,INCIN,CO2e_WASTE,,2026,,,,,,,0.0,,,,,,,,,,,,,,
0,0,BAU,,INCIN,CO2e_WASTE,,2027,,,,,,,0.0,,,,,,,,,,,,,,
0,0,BAU,,INCIN,CO2e_WASTE,,2028,,,,,,,0.0,,,,,,,,,,,,,,
0,0,BAU,,INCIN,CO2e_WASTE,,2029,,,,,,,0.0,,,,,,,,,,,,,,
0,0,BAU,,INCIN,CO2e_WASTE,,2030,,,,,,,0.0,,,,,,,,,,,,,,
0,0,BAU,,INCIN,CO2e_WASTE,,2031,,,,,,,0.0,,,,,,,,,,,,,,
0,0,BAU,,INCIN,CO2e_WASTE,,2032,,,,,,,0.0,,,,,,,,,,,,,,
0,0,BAU,,INCIN,CO2e_WASTE,,2033,,,,,,,0.0,,,,,,,,,,,,,,
0,0,BAU,,INCIN,CO2e_WASTE,,2034,,,,,,,0.0,,,,,,,,,,,,,,
0,0,BAU,,INCIN,CO2e_WASTE,,2035,,,,,,,0.0,,,,,,,,,,,,,,
0,0,BAU,,INCIN,CO2e_WASTE,,2036,,,,,,,0.0,,,,,,,,,,,,,,
0,0,BAU,,INCIN,CO2e_WASTE,,2037,,,,,,,0.0,,,,,,,,,,,,,,
0,0,BAU,,INCIN,CO2e_WASTE,,2038,,,,,,,0.0,,,,,,,,,,,,,,
0,0,BAU,,INCIN,CO2e_WASTE,,2039,,,,,,,0.0,,,,,,,,,,,,,,
0,0,BAU,,INCIN,CO2e_WASTE,,2040,,,,,,,0.0,,,,,,,,,,,,,,
0,0,BAU,,INCIN,CO2e_WASTE,,2041,,,,,,,0.0,,,,,,,,,,,,,,
0,0,BAU,,INCIN,CO2e_WASTE,,2042,,,,,,,0.0,,,,,,,,,,,,,,
0,0,BAU,,INCIN,CO2e_WASTE,,2043,,,,,,,0.0,,,,,,,,,,,,,,
0,0,BAU,,INCIN,CO2e_WASTE,,2044,,,,,,,0.0,,,,,,,,,,,,,,
0,0,BAU,,INCIN,CO2e_WASTE,,2045,,,,,,,0.0,,,,,,,,,,,,,,
0,0,BAU,,INCIN,CO2e_WASTE,,2046,,,,,,,0.0,,,,,,,,,,,,,,
0,0,BAU,,INCIN,CO2e_WASTE,,2047,,,,,,,0.0,,,,,,,,,,,,,,
0,0,BAU,,INCIN,CO2e_WASTE,,2048,,,,,,,0.0,,,,,,,,,,,,,,
0,0,BAU,,INCIN,CO2e_WASTE,,2049,,,,,,,0.0,,,,,,,,,,,,,,
0,0,BAU,,INCIN,CO2e_WASTE,,2050,,,,,,,0.0,,,,,,,,,,,,,,
0,0,BAU,,INCIN,CO2_WASTE,,2018,,,,,,,0.0,,,,,,,,,,,,,,
0,0,BAU,,INCIN,CO2_WASTE,,2019,,,,,,,0.0,,,,,,,,,,,,,,
0,0,BAU,,INCIN,CO2_WASTE,,2020,,,,,,,0.0,,,,,,,,,,,,,,
0,0,BAU,,INCIN,CO2_WASTE,,2021,,,,,,,0.0,,,,,,,,,,,,,,
0,0,BAU,,INCIN,CO2_WASTE,,2022,,,,,,,0.0,,,,,,,,,,,,,,
0,0,BAU,,INCIN,CO2_WASTE,,2023,,,,,,,0.0,,,,,,,,,,,,,,
0,0,BAU,,INCIN,CO2_WASTE,,2024,,,,,,,0.0,,,,,,,,,,,,,,
0,0,BAU,,INCIN,CO2_WASTE,,2025,,,,,,,0.0,,,,,,,,,,,,,,
0,0,BAU,,INCIN,CO2_WASTE,,2026,,,,,,,0.0,,,,,,,,,,,,,,
0,0,BAU,,INCIN,CO2_WASTE,,2027,,,,,,,0.0,,,,,,,,,,,,,,
0,0,BAU,,INCIN,CO2_WASTE,,2028,,,,,,,0.0,,,,,,,,,,,,,,
0,0,BAU,,INCIN,CO2_WASTE,,2029,,,,,,,0.0,,,,,,,,,,,,,,
0,0,BAU,,INCIN,CO2_WASTE,,2030,,,,,,,0.0,,,,,,,,,,,,,,
0,0,BAU,,INCIN,CO2_WASTE,,2031,,,,,,,0.0,,,,,,,,,,,,,,
0,0,BAU,,INCIN,CO2_WASTE,,2032,,,,,,,0.0,,,,,,,,,,,,,,
0,0,BAU,,INCIN,CO2_WASTE,,2033,,,,,,,0.0,,,,,,,,,,,,,,
0,0,BAU,,INCIN,CO2_WASTE,,2034,,,,,,,0.0,,,,,,,,,,,,,,
0,0,BAU,,INCIN,CO2_WASTE,,2035,,,,,,,0.0,,,,,,,,,,,,,,
0,0,BAU,,INCIN,CO2_WASTE,,2036,,,,,,,0.0,,,,,,,,,,,,,,
0,0,BAU,,INCIN,CO2_WASTE,,2037,,,,,,,0.0,,,,,,,,,,,,,,
0,0,BAU,,INCIN,CO2_WASTE,,2038,,,,,,,0.0,,,,,,,,,,,,,,
0,0,BAU,,INCIN,CO2_WASTE,,2039,,,,,,,0.0,,,,,,,,,,,,,,
0,0,BAU,,INCIN,CO2_WASTE,,2040,,,,,,,0.0,,,,,,,,,,,,,,
0,0,BAU,,INCIN,CO2_WASTE,,2041,,,,,,,0.0,,,,,,,,,,,,,,
0,0,BAU,,INCIN,CO2_WASTE,,2042,,,,,,,0.0,,,,,,,,,,,,,,
0,0,BAU,,INCIN,CO2_WASTE,,2043,,,,,,,0.0,,,,,,,,,,,,,,
0,0,BAU,,INCIN,CO2_WASTE,,2044,,,,,,,0.0,,,,,,,,,,,,,,
0,0,BAU,,INCIN,CO2_WASTE,,2045,,,,,,,0.0,,,,,,,,,,,,,,
0,0,BAU,,INCIN,CO2_WASTE,,2046,,,,,,,0.0,,,,,,,,,,,,,,
0,0,BAU,,INCIN,CO2_WASTE,,2047,,,,,,,0.0,,,,,,,,,,,,,,
0,0,BAU,,INCIN,CO2_WASTE,,2048,,,,,,,0.0,,,,,,,,,,,,,,
0,0,BAU,,INCIN,CO2_WASTE,,2049,,,,,,,0.0,,,,,,,,,,,,,,
0,0,BAU,,INCIN,CO2_WASTE,,2050,,,,,,,0.0,,,,,,,,,,,,,,
0,0,BAU,,INCIN,CH4_WASTE,,2018,,,,,,,0.0,,,,,,,,,,,,,,
0,0,BAU,,INCIN,CH4_WASTE,,2019,,,,,,,0.0,,,,,,,,,,,,,,
0,0,BAU,,INCIN,CH4_WASTE,,2020,,,,,,,0.0,,,,,,,,,,,,,,
0,0,BAU,,INCIN,CH4_WASTE,,2021,,,,,,,0.0,,,,,,,,,,,,,,
0,0,BAU,,INCIN,CH4_WASTE,,2022,,,,,,,0.0,,,,,,,,,,,,,,
0,0,BAU,,INCIN,CH4_WASTE,,2023,,,,,,,0.0,,,,,,,,,,,,,,
0,0,BAU,,INCIN,CH4_WASTE,,2024,,,,,,,0.0,,,,,,,,,,,,,,
0,0,BAU,,INCIN,CH4_WASTE,,2025,,,,,,,0.0,,,,,,,,,,,,,,
0,0,BAU,,INCIN,CH4_WASTE,,2026,,,,,,,0.0,,,,,,,,,,,,,,
0,0,BAU,,INCIN,CH4_WASTE,,2027,,,,,,,0.0,,,,,,,,,,,,,,
0,0,BAU,,INCIN,CH4_WASTE,,2028,,,,,,,0.0,,,,,,,,,,,,,,
0,0,BAU,,INCIN,CH4_WASTE,,2029,,,,,,,0.0,,,,,,,,,,,,,,
0,0,BAU,,INCIN,CH4_WASTE,,2030,,,,,,,0.0,,,,,,,,,,,,,,
0,0,BAU,,INCIN,CH4_WASTE,,2031,,,,,,,0.0,,,,,,,,,,,,,,
0,0,BAU,,INCIN,CH4_WASTE,,2032,,,,,,,0.0,,,,,,,,,,,,,,
0,0,BAU,,INCIN,CH4_WASTE,,2033,,,,,,,0.0,,,,,,,,,,,,,,
0,0,BAU,,INCIN,CH4_WASTE,,2034,,,,,,,0.0,,,,,,,,,,,,,,
0,0,BAU,,INCIN,CH4_WASTE,,2035,,,,,,,0.0,,,,,,,,,,,,,,
0,0,BAU,,INCIN,CH4_WASTE,,2036,,,,,,,0.0,,,,,,,,,,,,,,
0,0,BAU,,INCIN,CH4_WASTE,,2037,,,,,,,0.0,,,,,,,,,,,,,,
0,0,BAU,,INCIN,CH4_WASTE,,2038,,,,,,,0.0,,,,,,,,,,,,,,
0,0,BAU,,INCIN,CH4_WASTE,,2039,,,,,,,0.0,,,,,,,,,,,,,,
0,0,BAU,,INCIN,CH4_WASTE,,2040,,,,,,,0.0,,,,,,,,,,,,,,
0,0,BAU,,INCIN,CH4_WASTE,,2041,,,,,,,0.0,,,,,,,,,,,,,,
0,0,BAU,,INCIN,CH4_WASTE,,2042,,,,,,,0.0,,,,,,,,,,,,,,
0,0,BAU,,INCIN,CH4_WASTE,,2043,,,,,,,0.0,,,,,,,,,,,,,,
0,0,BAU,,INCIN,CH4_WASTE,,2044,,,,,,,0.0,,,,,,,,,,,,,,
0,0,BAU,,INCIN,CH4_WASTE,,2045,,,,,,,0.0,,,,,,,,,,,,,,
0,0,BAU,,INCIN,CH4_WASTE,,2046,,,,,,,0.0,,,,,,,,,,,,,,
0,0,BAU,,INCIN,CH4_WASTE,,2047,,,,,,,0.0,,,,,,,,,,,,,,
0,0,BAU,,INCIN,CH4_WASTE,,2048,,,,,,,0.0,,,,,,,,,,,,,,
0,0,BAU,,INCIN,CH4_WASTE,,2049,,,,,,,0.0,,,,,,,,,,,,,,
0,0,BAU,,INCIN,CH4_WASTE,,2050,,,,,,,0.0,,,,,,,,,,,,,,
0,0,BAU,,INCIN,N2O_WASTE,,2018,,,,,,,0.0,,,,,,,,,,,,,,
0,0,BAU,,INCIN,N2O_WASTE,,2019,,,,,,,0.0,,,,,,,,,,,,,,
0,0,BAU,,INCIN,N2O_WASTE,,2020,,,,,,,0.0,,,,,,,,,,,,,,
0,0,BAU,,INCIN,N2O_WASTE,,2021,,,,,,,0.0,,,,,,,,,,,,,,
0,0,BAU,,INCIN,N2O_WASTE,,2022,,,,,,,0.0,,,,,,,,,,,,,,
0,0,BAU,,INCIN,N2O_WASTE,,2023,,,,,,,0.0,,,,,,,,,,,,,,
0,0,BAU,,INCIN,N2O_WASTE,,2024,,,,,,,0.0,,,,,,,,,,,,,,
0,0,BAU,,INCIN,N2O_WASTE,,2025,,,,,,,0.0,,,,,,,,,,,,,,
0,0,BAU,,INCIN,N2O_WASTE,,2026,,,,,,,0.0,,,,,,,,,,,,,,
0,0,BAU,,INCIN,N2O_WASTE,,2027,,,,,,,0.0,,,,,,,,,,,,,,
0,0,BAU,,INCIN,N2O_WASTE,,2028,,,,,,,0.0,,,,,,,,,,,,,,
0,0,BAU,,INCIN,N2O_WASTE,,2029,,,,,,,0.0,,,,,,,,,,,,,,
0,0,BAU,,INCIN,N2O_WASTE,,2030,,,,,,,0.0,,,,,,,,,,,,,,
0,0,BAU,,INCIN,N2O_WASTE,,2031,,,,,,,0.0,,,,,,,,,,,,,,
0,0,BAU,,INCIN,N2O_WASTE,,2032,,,,,,,0.0,,,,,,,,,,,,,,
0,0,BAU,,INCIN,N2O_WASTE,,2033,,,,,,,0.0,,,,,,,,,,,,,,
0,0,BAU,,INCIN,N2O_WASTE,,2034,,,,,,,0.0,,,,,,,,,,,,,,
0,0,BAU,,INCIN,N2O_WASTE,,2035,,,,,,,0.0,,,,,,,,,,,,,,
0,0,BAU,,INCIN,N2O_WASTE,,2036,,,,,,,0.0,,,,,,,,,,,,,,
0,0,BAU,,INCIN,N2O_WASTE,,2037,,,,,,,0.0,,,,,,,,,,,,,,
0,0,BAU,,INCIN,N2O_WASTE,,2038,,,,,,,0.0,,,,,,,,,,,,,,
0,0,BAU,,INCIN,N2O_WASTE,,2039,,,,,,,0.0,,,,,,,,,,,,,,
0,0,BAU,,INCIN,N2O_WASTE,,2040,,,,,,,0.0,,,,,,,,,,,,,,
0,0,BAU,,INCIN,N2O_WASTE,,2041,,,,,,,0.0,,,,,,,,,,,,,,
0,0,BAU,,INCIN,N2O_WASTE,,2042,,,,,,,0.0,,,,,,,,,,,,,,
0,0,BAU,,INCIN,N2O_WASTE,,2043,,,,,,,0.0,,,,,,,,,,,,,,
0,0,BAU,,INCIN,N2O_WASTE,,2044,,,,,,,0.0,,,,,,,,,,,,,,
0,0,BAU,,INCIN,N2O_WASTE,,2045,,,,,,,0.0,,,,,,,,,,,,,,
0,0,BAU,,INCIN,N2O_WASTE,,2046,,,,,,,0.0,,,,,,,,,,,,,,
0,0,BAU,,INCIN,N2O_WASTE,,2047,,,,,,,0.0,,,,,,,,,,,,,,
0,0,BAU,,INCIN,N2O_WASTE,,2048,,,,,,,0.0,,,,,,,,,,,,,,
0,0,BAU,,INCIN,N2O_WASTE,,2049,,,,,,,0.0,,,,,,,,,,,,,,
0,0,BAU,,INCIN,N2O_WASTE,,2050,,,,,,,0.0,,,,,,,,,,,,,,
0,0,BAU,,GAS_MSW,CO2e_WASTE,,2018,,,,,,,0.0,,,,,,,,,,,,,,
0,0,BAU,,GAS_MSW,CO2e_WASTE,,2019,,,,,,,0.0,,,,,,,,,,,,,,
0,0,BAU,,GAS_MSW,CO2e_WASTE,,2020,,,,,,,0.0,,,,,,,,,,,,,,
0,0,BAU,,GAS_MSW,CO2e_WASTE,,2021,,,,,,,0.0,,,,,,,,,,,,,,
0,0,BAU,,GAS_MSW,CO2e_WASTE,,2022,,,,,,,0.0,,,,,,,,,,,,,,
0,0,BAU,,GAS_MSW,CO2e_WASTE,,2023,,,,,,,0.0,,,,,,,,,,,,,,
0,0,BAU,,GAS_MSW,CO2e_WASTE,,2024,,,,,,,0.0,,,,,,,,,,,,,,
0,0,BAU,,GAS_MSW,CO2e_WASTE,,2025,,,,,,,0.0,,,,,,,,,,,,,,
0,0,BAU,,GAS_MSW,CO2e_WASTE,,2026,,,,,,,0.0,,,,,,,,,,,,,,
0,0,BAU,,GAS_MSW,CO2e_WASTE,,2027,,,,,,,0.0,,,,,,,,,,,,,,
0,0,BAU,,GAS_MSW,CO2e_WASTE,,2028,,,,,,,0.0,,,,,,,,,,,,,,
0,0,BAU,,GAS_MSW,CO2e_WASTE,,2029,,,,,,,0.0,,,,,,,,,,,,,,
0,0,BAU,,GAS_MSW,CO2e_WASTE,,2030,,,,,,,0.0,,,,,,,,,,,,,,
0,0,BAU,,GAS_MSW,CO2e_WASTE,,2031,,,,,,,0.0,,,,,,,,,,,,,,
0,0,BAU,,GAS_MSW,CO2e_WASTE,,2032,,,,,,,0.0,,,,,,,,,,,,,,
0,0,BAU,,GAS_MSW,CO2e_WASTE,,2033,,,,,,,0.0,,,,,,,,,,,,,,
0,0,BAU,,GAS_MSW,CO2e_WASTE,,2034,,,,,,,0.0,,,,,,,,,,,,,,
0,0,BAU,,GAS_MSW,CO2e_WASTE,,2035,,,,,,,0.0,,,,,,,,,,,,,,
0,0,BAU,,GAS_MSW,CO2e_WASTE,,2036,,,,,,,0.0,,,,,,,,,,,,,,
0,0,BAU,,GAS_MSW,CO2e_WASTE,,2037,,,,,,,0.0,,,,,,,,,,,,,,
0,0,BAU,,GAS_MSW,CO2e_WASTE,,2038,,,,,,,0.0,,,,,,,,,,,,,,
0,0,BAU,,GAS_MSW,CO2e_WASTE,,2039,,,,,,,0.0,,,,,,,,,,,,,,
0,0,BAU,,GAS_MSW,CO2e_WASTE,,2040,,,,,,,0.0,,,,,,,,,,,,,,
0,0,BAU,,GAS_MSW,CO2e_WASTE,,2041,,,,,,,0.0,,,,,,,,,,,,,,
0,0,BAU,,GAS_MSW,CO2e_WASTE,,2042,,,,,,,0.0,,,,,,,,,,,,,,
0,0,BAU,,GAS_MSW,CO2e_WASTE,,2043,,,,,,,0.0,,,,,,,,,,,,,,
0,0,BAU,,GAS_MSW,CO2e_WASTE,,2044,,,,,,,0.0,,,,,,,,,,,,,,
0,0,BAU,,GAS_MSW,CO2e_WASTE,,2045,,,,,,,0.0,,,,,,,,,,,,,,
0,0,BAU,,GAS_MSW,CO2e_WASTE,,2046,,,,,,,0.0,,,,,,,,,,,,,,
0,0,BAU,,GAS_MSW,CO2e_WASTE,,2047,,,,,,,0.0,,,,,,,,,,,,,,
0,0,BAU,,GAS_MSW,CO2e_WASTE,,2048,,,,,,,0.0,,,,,,,,,,,,,,
0,0,BAU,,GAS_MSW,CO2e_WASTE,,2049,,,,,,,0.0,,,,,,,,,,,,,,
0,0,BAU,,GAS_MSW,CO2e_WASTE,,2050,,,,,,,0.0,,,,,,,,,,,,,,
0,0,BAU,,GAS_MSW,CO2_WASTE,,2018,,,,,,,0.0,,,,,,,,,,,,,,
0,0,BAU,,GAS_MSW,CO2_WASTE,,2019,,,,,,,0.0,,,,,,,,,,,,,,
0,0,BAU,,GAS_MSW,CO2_WASTE,,2020,,,,,,,0.0,,,,,,,,,,,,,,
0,0,BAU,,GAS_MSW,CO2_WASTE,,2021,,,,,,,0.0,,,,,,,,,,,,,,
0,0,BAU,,GAS_MSW,CO2_WASTE,,2022,,,,,,,0.0,,,,,,,,,,,,,,
0,0,BAU,,GAS_MSW,CO2_WASTE,,2023,,,,,,,0.0,,,,,,,,,,,,,,
0,0,BAU,,GAS_MSW,CO2_WASTE,,2024,,,,,,,0.0,,,,,,,,,,,,,,
0,0,BAU,,GAS_MSW,CO2_WASTE,,2025,,,,,,,0.0,,,,,,,,,,,,,,
0,0,BAU,,GAS_MSW,CO2_WASTE,,2026,,,,,,,0.0,,,,,,,,,,,,,,
0,0,BAU,,GAS_MSW,CO2_WASTE,,2027,,,,,,,0.0,,,,,,,,,,,,,,
0,0,BAU,,GAS_MSW,CO2_WASTE,,2028,,,,,,,0.0,,,,,,,,,,,,,,
0,0,BAU,,GAS_MSW,CO2_WASTE,,2029,,,,,,,0.0,,,,,,,,,,,,,,
0,0,BAU,,GAS_MSW,CO2_WASTE,,2030,,,,,,,0.0,,,,,,,,,,,,,,
0,0,BAU,,GAS_MSW,CO2_WASTE,,2031,,,,,,,0.0,,,,,,,,,,,,,,
0,0,BAU,,GAS_MSW,CO2_WASTE,,2032,,,,,,,0.0,,,,,,,,,,,,,,
0,0,BAU,,GAS_MSW,CO2_WASTE,,2033,,,,,,,0.0,,,,,,,,,,,,,,
0,0,BAU,,GAS_MSW,CO2_WASTE,,2034,,,,,,,0.0,,,,,,,,,,,,,,
0,0,BAU,,GAS_MSW,CO2_WASTE,,2035,,,,,,,0.0,,,,,,,,,,,,,,
0,0,BAU,,GAS_MSW,CO2_WASTE,,2036,,,,,,,0.0,,,,,,,,,,,,,,
0,0,BAU,,GAS_MSW,CO2_WASTE,,2037,,,,,,,0.0,,,,,,,,,,,,,,
0,0,BAU,,GAS_MSW,CO2_WASTE,,2038,,,,,,,0.0,,,,,,,,,,,,,,
0,0,BAU,,GAS_MSW,CO2_WASTE,,2039,,,,,,,0.0,,,,,,,,,,,,,,
0,0,BAU,,GAS_MSW,CO2_WASTE,,2040,,,,,,,0.0,,,,,,,,,,,,,,
0,0,BAU,,GAS_MSW,CO2_WASTE,,2041,,,,,,,0.0,,,,,,,,,,,,,,
0,0,BAU,,GAS_MSW,CO2_WASTE,,2042,,,,,,,0.0,,,,,,,,,,,,,,
0,0,BAU,,GAS_MSW,CO2_WASTE,,2043,,,,,,,0.0,,,,,,,,,,,,,,
0,0,BAU,,GAS_MSW,CO2_WASTE,,2044,,,,,,,0.0,,,,,,,,,,,,,,
0,0,BAU,,GAS_MSW,CO2_WASTE,,2045,,,,,,,0.0,,,,,,,,,,,,,,
0,0,BAU,,GAS_MSW,CO2_WASTE,,2046,,,,,,,0.0,,,,,,,,,,,,,,
0,0,BAU,,GAS_MSW,CO2_WASTE,,2047,,,,,,,0.0,,,,,,,,,,,,,,
0,0,BAU,,GAS_MSW,CO2_WASTE,,2048,,,,,,,0.0,,,,,,,,,,,,,,
0,0,BAU,,GAS_MSW,CO2_WASTE,,2049,,,,,,,0.0,,,,,,,,,,,,,,
0,0,BAU,,GAS_MSW,CO2_WASTE,,2050,,,,,,,0.0,,,,,,,,,,,,,,
0,0,BAU,,GAS_MSW,CH4_WASTE,,2018,,,,,,,0.0,,,,,,,,,,,,,,
0,0,BAU,,GAS_MSW,CH4_WASTE,,2019,,,,,,,0.0,,,,,,,,,,,,,,
0,0,BAU,,GAS_MSW,CH4_WASTE,,2020,,,,,,,0.0,,,,,,,,,,,,,,
0,0,BAU,,GAS_MSW,CH4_WASTE,,2021,,,,,,,0.0,,,,,,,,,,,,,,
0,0,BAU,,GAS_MSW,CH4_WASTE,,2022,,,,,,,0.0,,,,,,,,,,,,,,
0,0,BAU,,GAS_MSW,CH4_WASTE,,2023,,,,,,,0.0,,,,,,,,,,,,,,
0,0,BAU,,GAS_MSW,CH4_WASTE,,2024,,,,,,,0.0,,,,,,,,,,,,,,
0,0,BAU,,GAS_MSW,CH4_WASTE,,2025,,,,,,,0.0,,,,,,,,,,,,,,
0,0,BAU,,GAS_MSW,CH4_WASTE,,2026,,,,,,,0.0,,,,,,,,,,,,,,
0,0,BAU,,GAS_MSW,CH4_WASTE,,2027,,,,,,,0.0,,,,,,,,,,,,,,
0,0,BAU,,GAS_MSW,CH4_WASTE,,2028,,,,,,,0.0,,,,,,,,,,,,,,
0,0,BAU,,GAS_MSW,CH4_WASTE,,2029,,,,,,,0.0,,,,,,,,,,,,,,
0,0,BAU,,GAS_MSW,CH4_WASTE,,2030,,,,,,,0.0,,,,,,,,,,,,,,
0,0,BAU,,GAS_MSW,CH4_WASTE,,2031,,,,,,,0.0,,,,,,,,,,,,,,
0,0,BAU,,GAS_MSW,CH4_WASTE,,2032,,,,,,,0.0,,,,,,,,,,,,,,
0,0,BAU,,GAS_MSW,CH4_WASTE,,2033,,,,,,,0.0,,,,,,,,,,,,,,
0,0,BAU,,GAS_MSW,CH4_WASTE,,2034,,,,,,,0.0,,,,,,,,,,,,,,
0,0,BAU,,GAS_MSW,CH4_WASTE,,2035,,,,,,,0.0,,,,,,,,,,,,,,
0,0,BAU,,GAS_MSW,CH4_WASTE,,2036,,,,,,,0.0,,,,,,,,,,,,,,
0,0,BAU,,GAS_MSW,CH4_WASTE,,2037,,,,,,,0.0,,,,,,,,,,,,,,
0,0,BAU,,GAS_MSW,CH4_WASTE,,2038,,,,,,,0.0,,,,,,,,,,,,,,
0,0,BAU,,GAS_MSW,CH4_WASTE,,2039,,,,,,,0.0,,,,,,,,,,,,,,
0,0,BAU,,GAS_MSW,CH4_WASTE,,2040,,,,,,,0.0,,,,,,,,,,,,,,
0,0,BAU,,GAS_MSW,CH4_WASTE,,2041,,,,,,,0.0,,,,,,,,,,,,,,
0,0,BAU,,GAS_MSW,CH4_WASTE,,2042,,,,,,,0.0,,,,,,,,,,,,,,
0,0,BAU,,GAS_MSW,CH4_WASTE,,2043,,,,,,,0.0,,,,,,,,,,,,,,
0,0,BAU,,GAS_MSW,CH4_WASTE,,2044,,,,,,,0.0,,,,,,,,,,,,,,
0,0,BAU,,GAS_MSW,CH4_WASTE,,2045,,,,,,,0.0,,,,,,,,,,,,,,
0,0,BAU,,GAS_MSW,CH4_WASTE,,2046,,,,,,,0.0,,,,,,,,,,,,,,
0,0,BAU,,GAS_MSW,CH4_WASTE,,2047,,,,,,,0.0,,,,,,,,,,,,,,
0,0,BAU,,GAS_MSW,CH4_WASTE,,2048,,,,,,,0.0,,,,,,,,,,,,,,
0,0,BAU,,GAS_MSW,CH4_WASTE,,2049,,,,,,,0.0,,,,,,,,,,,,,,
0,0,BAU,,GAS_MSW,CH4_WASTE,,2050,,,,,,,0.0,,,,,,,,,,,,,,
0,0,BAU,,GAS_MSW,N2O_WASTE,,2018,,,,,,,0.0,,,,,,,,,,,,,,
0,0,BAU,,GAS_MSW,N2O_WASTE,,2019,,,,,,,0.0,,,,,,,,,,,,,,
0,0,BAU,,GAS_MSW,N2O_WASTE,,2020,,,,,,,0.0,,,,,,,,,,,,,,
0,0,BAU,,GAS_MSW,N2O_WASTE,,2021,,,,,,,0.0,,,,,,,,,,,,,,
0,0,BAU,,GAS_MSW,N2O_WASTE,,2022,,,,,,,0.0,,,,,,,,,,,,,,
0,0,BAU,,GAS_MSW,N2O_WASTE,,2023,,,,,,,0.0,,,,,,,,,,,,,,
0,0,BAU,,GAS_MSW,N2O_WASTE,,2024,,,,,,,0.0,,,,,,,,,,,,,,
0,0,BAU,,GAS_MSW,N2O_WASTE,,2025,,,,,,,0.0,,,,,,,,,,,,,,
0,0,BAU,,GAS_MSW,N2O_WASTE,,2026,,,,,,,0.0,,,,,,,,,,,,,,
0,0,BAU,,GAS_MSW,N2O_WASTE,,2027,,,,,,,0.0,,,,,,,,,,,,,,
0,0,BAU,,GAS_MSW,N2O_WASTE,,2028,,,,,,,0.0,,,,,,,,,,,,,,
0,0,BAU,,GAS_MSW,N2O_WASTE,,2029,,,,,,,0.0,,,,,,,,,,,,,,
0,0,BAU,,GAS_MSW,N2O_WASTE,,2030,,,,,,,0.0,,,,,,,,,,,,,,
0,0,BAU,,GAS_MSW,N2O_WASTE,,2031,,,,,,,0.0,,,,,,,,,,,,,,
0,0,BAU,,GAS_MSW,N2O_WASTE,,2032,,,,,,,0.0,,,,,,,,,,,,,,
0,0,BAU,,GAS_MSW,N2O_WASTE,,2033,,,,,,,0.0,,,,,,,,,,,,,,
0,0,BAU,,GAS_MSW,N2O_WASTE,,2034,,,,,,,0.0,,,,,,,,,,,,,,
0,0,BAU,,GAS_MSW,N2O_WASTE,,2035,,,,,,,0.0,,,,,,,,,,,,,,
0,0,BAU,,GAS_MSW,N2O_WASTE,,2036,,,,,,,0.0,,,,,,,,,,,,,,
0,0,BAU,,GAS_MSW,N2O_WASTE,,2037,,,,,,,0.0,,,,,,,,,,,,,,
0,0,BAU,,GAS_MSW,N2O_WASTE,,2038,,,,,,,0.0,,,,,,,,,,,,,,
0,0,BAU,,GAS_MSW,N2O_WASTE,,2039,,,,,,,0.0,,,,,,,,,,,,,,
0,0,BAU,,GAS_MSW,N2O_WASTE,,2040,,,,,,,0.0,,,,,,,,,,,,,,
0,0,BAU,,GAS_MSW,N2O_WASTE,,2041,,,,,,,0.0,,,,,,,,,,,,,,
0,0,BAU,,GAS_MSW,N2O_WASTE,,2042,,,,,,,0.0,,,,,,,,,,,,,,
0,0,BAU,,GAS_MSW,N2O_WASTE,,2043,,,,,,,0.0,,,,,,,,,,,,,,
0,0,BAU,,GAS_MSW,N2O_WASTE,,2044,,,,,,,0.0,,,,,,,,,,,,,,
0,0,BAU,,GAS_MSW,N2O_WASTE,,2045,,,,,,,0.0,,,,,,,,,,,,,,
0,0,BAU,,GAS_MSW,N2O_WASTE,,2046,,,,,,,0.0,,,,,,,,,,,,,,
0,0,BAU,,GAS_MSW,N2O_WASTE,,2047,,,,,,,0.0,,,,,,,,,,,,,,
0,0,BAU,,GAS_MSW,N2O_WASTE,,2048,,,,,,,0.0,,,,,,,,,,,,,,
0,0,BAU,,GAS_MSW,N2O_WASTE,,2049,,,,,,,0.0,,,,,,,,,,,,,,
0,0,BAU,,GAS_MSW,N2O_WASTE,,2050,,,,,,,0.0,,,,,,,,,,,,,,
0,0,BAU,,HTC,CO2e_WASTE,,2018,,,,,,,0.0,,,,,,,,,,,,,,
0,0,BAU,,HTC,CO2e_WASTE,,2019,,,,,,,0.0,,,,,,,,,,,,,,
0,0,BAU,,HTC,CO2e_WASTE,,2020,,,,,,,0.0,,,,,,,,,,,,,,
0,0,BAU,,HTC,CO2e_WASTE,,2021,,,,,,,0.0,,,,,,,,,,,,,,
0,0,BAU,,HTC,CO2e_WASTE,,2022,,,,,,,0.0,,,,,,,,,,,,,,
0,0,BAU,,HTC,CO2e_WASTE,,2023,,,,,,,0.0,,,,,,,,,,,,,,
0,0,BAU,,HTC,CO2e_WASTE,,2024,,,,,,,0.0,,,,,,,,,,,,,,
0,0,BAU,,HTC,CO2e_WASTE,,2025,,,,,,,0.0,,,,,,,,,,,,,,
0,0,BAU,,HTC,CO2e_WASTE,,2026,,,,,,,0.0,,,,,,,,,,,,,,
0,0,BAU,,HTC,CO2e_WASTE,,2027,,,,,,,0.0,,,,,,,,,,,,,,
0,0,BAU,,HTC,CO2e_WASTE,,2028,,,,,,,0.0,,,,,,,,,,,,,,
0,0,BAU,,HTC,CO2e_WASTE,,2029,,,,,,,0.0,,,,,,,,,,,,,,
0,0,BAU,,HTC,CO2e_WASTE,,2030,,,,,,,0.0,,,,,,,,,,,,,,
0,0,BAU,,HTC,CO2e_WASTE,,2031,,,,,,,0.0,,,,,,,,,,,,,,
0,0,BAU,,HTC,CO2e_WASTE,,2032,,,,,,,0.0,,,,,,,,,,,,,,
0,0,BAU,,HTC,CO2e_WASTE,,2033,,,,,,,0.0,,,,,,,,,,,,,,
0,0,BAU,,HTC,CO2e_WASTE,,2034,,,,,,,0.0,,,,,,,,,,,,,,
0,0,BAU,,HTC,CO2e_WASTE,,2035,,,,,,,0.0,,,,,,,,,,,,,,
0,0,BAU,,HTC,CO2e_WASTE,,2036,,,,,,,0.0,,,,,,,,,,,,,,
0,0,BAU,,HTC,CO2e_WASTE,,2037,,,,,,,0.0,,,,,,,,,,,,,,
0,0,BAU,,HTC,CO2e_WASTE,,2038,,,,,,,0.0,,,,,,,,,,,,,,
0,0,BAU,,HTC,CO2e_WASTE,,2039,,,,,,,0.0,,,,,,,,,,,,,,
0,0,BAU,,HTC,CO2e_WASTE,,2040,,,,,,,0.0,,,,,,,,,,,,,,
0,0,BAU,,HTC,CO2e_WASTE,,2041,,,,,,,0.0,,,,,,,,,,,,,,
0,0,BAU,,HTC,CO2e_WASTE,,2042,,,,,,,0.0,,,,,,,,,,,,,,
0,0,BAU,,HTC,CO2e_WASTE,,2043,,,,,,,0.0,,,,,,,,,,,,,,
0,0,BAU,,HTC,CO2e_WASTE,,2044,,,,,,,0.0,,,,,,,,,,,,,,
0,0,BAU,,HTC,CO2e_WASTE,,2045,,,,,,,0.0,,,,,,,,,,,,,,
0,0,BAU,,HTC,CO2e_WASTE,,2046,,,,,,,0.0,,,,,,,,,,,,,,
0,0,BAU,,HTC,CO2e_WASTE,,2047,,,,,,,0.0,,,,,,,,,,,,,,
0,0,BAU,,HTC,CO2e_WASTE,,2048,,,,,,,0.0,,,,,,,,,,,,,,
0,0,BAU,,HTC,CO2e_WASTE,,2049,,,,,,,0.0,,,,,,,,,,,,,,
0,0,BAU,,HTC,CO2e_WASTE,,2050,,,,,,,0.0,,,,,,,,,,,,,,
0,0,BAU,,HTC,CO2_WASTE,,2018,,,,,,,0.0,,,,,,,,,,,,,,
0,0,BAU,,HTC,CO2_WASTE,,2019,,,,,,,0.0,,,,,,,,,,,,,,
0,0,BAU,,HTC,CO2_WASTE,,2020,,,,,,,0.0,,,,,,,,,,,,,,
0,0,BAU,,HTC,CO2_WASTE,,2021,,,,,,,0.0,,,,,,,,,,,,,,
0,0,BAU,,HTC,CO2_WASTE,,2022,,,,,,,0.0,,,,,,,,,,,,,,
0,0,BAU,,HTC,CO2_WASTE,,2023,,,,,,,0.0,,,,,,,,,,,,,,
0,0,BAU,,HTC,CO2_WASTE,,2024,,,,,,,0.0,,,,,,,,,,,,,,
0,0,BAU,,HTC,CO2_WASTE,,2025,,,,,,,0.0,,,,,,,,,,,,,,
0,0,BAU,,HTC,CO2_WASTE,,2026,,,,,,,0.0,,,,,,,,,,,,,,
0,0,BAU,,HTC,CO2_WASTE,,2027,,,,,,,0.0,,,,,,,,,,,,,,
0,0,BAU,,HTC,CO2_WASTE,,2028,,,,,,,0.0,,,,,,,,,,,,,,
0,0,BAU,,HTC,CO2_WASTE,,2029,,,,,,,0.0,,,,,,,,,,,,,,
0,0,BAU,,HTC,CO2_WASTE,,2030,,,,,,,0.0,,,,,,,,,,,,,,
0,0,BAU,,HTC,CO2_WASTE,,2031,,,,,,,0.0,,,,,,,,,,,,,,
0,0,BAU,,HTC,CO2_WASTE,,2032,,,,,,,0.0,,,,,,,,,,,,,,
0,0,BAU,,HTC,CO2_WASTE,,2033,,,,,,,0.0,,,,,,,,,,,,,,
0,0,BAU,,HTC,CO2_WASTE,,2034,,,,,,,0.0,,,,,,,,,,,,,,
0,0,BAU,,HTC,CO2_WASTE,,2035,,,,,,,0.0,,,,,,,,,,,,,,
0,0,BAU,,HTC,CO2_WASTE,,2036,,,,,,,0.0,,,,,,,,,,,,,,
0,0,BAU,,HTC,CO2_WASTE,,2037,,,,,,,0.0,,,,,,,,,,,,,,
0,0,BAU,,HTC,CO2_WASTE,,2038,,,,,,,0.0,,,,,,,,,,,,,,
0,0,BAU,,HTC,CO2_WASTE,,2039,,,,,,,0.0,,,,,,,,,,,,,,
0,0,BAU,,HTC,CO2_WASTE,,2040,,,,,,,0.0,,,,,,,,,,,,,,
0,0,BAU,,HTC,CO2_WASTE,,2041,,,,,,,0.0,,,,,,,,,,,,,,
0,0,BAU,,HTC,CO2_WASTE,,2042,,,,,,,0.0,,,,,,,,,,,,,,
0,0,BAU,,HTC,CO2_WASTE,,2043,,,,,,,0.0,,,,,,,,,,,,,,
0,0,BAU,,HTC,CO2_WASTE,,2044,,,,,,,0.0,,,,,,,,,,,,,,
0,0,BAU,,HTC,CO2_WASTE,,2045,,,,,,,0.0,,,,,,,,,,,,,,
0,0,BAU,,HTC,CO2_WASTE,,2046,,,,,,,0.0,,,,,,,,,,,,,,
0,0,BAU,,HTC,CO2_WASTE,,2047,,,,,,,0.0,,,,,,,,,,,,,,
0,0,BAU,,HTC,CO2_WASTE,,2048,,,,,,,0.0,,,,,,,,,,,,,,
0,0,BAU,,HTC,CO2_WASTE,,2049,,,,,,,0.0,,,,,,,,,,,,,,
0,0,BAU,,HTC,CO2_WASTE,,2050,,,,,,,0.0,,,,,,,,,,,,,,
0,0,BAU,,HTC,CH4_WASTE,,2018,,,,,,,0.0,,,,,,,,,,,,,,
0,0,BAU,,HTC,CH4_WASTE,,2019,,,,,,,0.0,,,,,,,,,,,,,,
0,0,BAU,,HTC,CH4_WASTE,,2020,,,,,,,0.0,,,,,,,,,,,,,,
0,0,BAU,,HTC,CH4_WASTE,,2021,,,,,,,0.0,,,,,,,,,,,,,,
0,0,BAU,,HTC,CH4_WASTE,,2022,,,,,,,0.0,,,,,,,,,,,,,,
0,0,BAU,,HTC,CH4_WASTE,,2023,,,,,,,0.0,,,,,,,,,,,,,,
0,0,BAU,,HTC,CH4_WASTE,,2024,,,,,,,0.0,,,,,,,,,,,,,,
0,0,BAU,,HTC,CH4_WASTE,,2025,,,,,,,0.0,,,,,,,,,,,,,,
0,0,BAU,,HTC,CH4_WASTE,,2026,,,,,,,0.0,,,,,,,,,,,,,,
0,0,BAU,,HTC,CH4_WASTE,,2027,,,,,,,0.0,,,,,,,,,,,,,,
0,0,BAU,,HTC,CH4_WASTE,,2028,,,,,,,0.0,,,,,,,,,,,,,,
0,0,BAU,,HTC,CH4_WASTE,,2029,,,,,,,0.0,,,,,,,,,,,,,,
0,0,BAU,,HTC,CH4_WASTE,,2030,,,,,,,0.0,,,,,,,,,,,,,,
0,0,BAU,,HTC,CH4_WASTE,,2031,,,,,,,0.0,,,,,,,,,,,,,,
0,0,BAU,,HTC,CH4_WASTE,,2032,,,,,,,0.0,,,,,,,,,,,,,,
0,0,BAU,,HTC,CH4_WASTE,,2033,,,,,,,0.0,,,,,,,,,,,,,,
0,0,BAU,,HTC,CH4_WASTE,,2034,,,,,,,0.0,,,,,,,,,,,,,,
0,0,BAU,,HTC,CH4_WASTE,,2035,,,,,,,0.0,,,,,,,,,,,,,,
0,0,BAU,,HTC,CH4_WASTE,,2036,,,,,,,0.0,,,,,,,,,,,,,,
0,0,BAU,,HTC,CH4_WASTE,,2037,,,,,,,0.0,,,,,,,,,,,,,,
0,0,BAU,,HTC,CH4_WASTE,,2038,,,,,,,0.0,,,,,,,,,,,,,,
0,0,BAU,,HTC,CH4_WASTE,,2039,,,,,,,0.0,,,,,,,,,,,,,,
0,0,BAU,,HTC,CH4_WASTE,,2040,,,,,,,0.0,,,,,,,,,,,,,,
0,0,BAU,,HTC,CH4_WASTE,,2041,,,,,,,0.0,,,,,,,,,,,,,,
0,0,BAU,,HTC,CH4_WASTE,,2042,,,,,,,0.0,,,,,,,,,,,,,,
0,0,BAU,,HTC,CH4_WASTE,,2043,,,,,,,0.0,,,,,,,,,,,,,,
0,0,BAU,,HTC,CH4_WASTE,,2044,,,,,,,0.0,,,,,,,,,,,,,,
0,0,BAU,,HTC,CH4_WASTE,,2045,,,,,,,0.0,,,,,,,,,,,,,,
0,0,BAU,,HTC,CH4_WASTE,,2046,,,,,,,0.0,,,,,,,,,,,,,,
0,0,BAU,,HTC,CH4_WASTE,,2047,,,,,,,0.0,,,,,,,,,,,,,,
0,0,BAU,,HTC,CH4_WASTE,,2048,,,,,,,0.0,,,,,,,,,,,,,,
0,0,BAU,,HTC,CH4_WASTE,,2049,,,,,,,0.0,,,,,,,,,,,,,,
0,0,BAU,,HTC,CH4_WASTE,,2050,,,,,,,0.0,,,,,,,,,,,,,,
0,0,BAU,,HTC,N2O_WASTE,,2018,,,,,,,0.0,,,,,,,,,,,,,,
0,0,BAU,,HTC,N2O_WASTE,,2019,,,,,,,0.0,,,,,,,,,,,,,,
0,0,BAU,,HTC,N2O_WASTE,,2020,,,,,,,0.0,,,,,,,,,,,,,,
0,0,BAU,,HTC,N2O_WASTE,,2021,,,,,,,0.0,,,,,,,,,,,,,,
0,0,BAU,,HTC,N2O_WASTE,,2022,,,,,,,0.0,,,,,,,,,,,,,,
0,0,BAU,,HTC,N2O_WASTE,,2023,,,,,,,0.0,,,,,,,,,,,,,,
0,0,BAU,,HTC,N2O_WASTE,,2024,,,,,,,0.0,,,,,,,,,,,,,,
0,0,BAU,,HTC,N2O_WASTE,,2025,,,,,,,0.0,,,,,,,,,,,,,,
0,0,BAU,,HTC,N2O_WASTE,,2026,,,,,,,0.0,,,,,,,,,,,,,,
0,0,BAU,,HTC,N2O_WASTE,,2027,,,,,,,0.0,,,,,,,,,,,,,,
0,0,BAU,,HTC,N2O_WASTE,,2028,,,,,,,0.0,,,,,,,,,,,,,,
0,0,BAU,,HTC,N2O_WASTE,,2029,,,,,,,0.0,,,,,,,,,,,,,,
0,0,BAU,,HTC,N2O_WASTE,,2030,,,,,,,0.0,,,,,,,,,,,,,,
0,0,BAU,,HTC,N2O_WASTE,,2031,,,,,,,0.0,,,,,,,,,,,,,,
0,0,BAU,,HTC,N2O_WASTE,,2032,,,,,,,0.0,,,,,,,,,,,,,,
0,0,BAU,,HTC,N2O_WASTE,,2033,,,,,,,0.0,,,,,,,,,,,,,,
0,0,BAU,,HTC,N2O_WASTE,,2034,,,,,,,0.0,,,,,,,,,,,,,,
0,0,BAU,,HTC,N2O_WASTE,,2035,,,,,,,0.0,,,,,,,,,,,,,,
0,0,BAU,,HTC,N2O_WASTE,,2036,,,,,,,0.0,,,,,,,,,,,,,,
0,0,BAU,,HTC,N2O_WASTE,,2037,,,,,,,0.0,,,,,,,,,,,,,,
0,0,BAU,,HTC,N2O_WASTE,,2038,,,,,,,0.0,,,,,,,,,,,,,,
0,0,BAU,,HTC,N2O_WASTE,,2039,,,,,,,0.0,,,,,,,,,,,,,,
0,0,BAU,,HTC,N2O_WASTE,,2040,,,,,,,0.0,,,,,,,,,,,,,,
0,0,BAU,,HTC,N2O_WASTE,,2041,,,,,,,0.0,,,,,,,,,,,,,,
0,0,BAU,,HTC,N2O_WASTE,,2042,,,,,,,0.0,,,,,,,,,,,,,,
0,0,BAU,,HTC,N2O_WASTE,,2043,,,,,,,0.0,,,,,,,,,,,,,,
0,0,BAU,,HTC,N2O_WASTE,,2044,,,,,,,0.0,,,,,,,,,,,,,,
0,0,BAU,,HTC,N2O_WASTE,,2045,,,,,,,0.0,,,,,,,,,,,,,,
0,0,BAU,,HTC,N2O_WASTE,,2046,,,,,,,0.0,,,,,,,,,,,,,,
0,0,BAU,,HTC,N2O_WASTE,,2047,,,,,,,0.0,,,,,,,,,,,,,,
0,0,BAU,,HTC,N2O_WASTE,,2048,,,,,,,0.0,,,,,,,,,,,,,,
0,0,BAU,,HTC,N2O_WASTE,,2049,,,,,,,0.0,,,,,,,,,,,,,,
0,0,BAU,,HTC,N2O_WASTE,,2050,,,,,,,0.0,,,,,,,,,,,,,,
0,0,BAU,,OPEN_BURN,CO2e_WASTE,,2018,,,,,,,0.3828,,,,,,,,,,,,,,
0,0,BAU,,OPEN_BURN,CO2e_WASTE,,2019,,,,,,,0.3828,,,,,,,,,,,,,,
0,0,BAU,,OPEN_BURN,CO2e_WASTE,,2020,,,,,,,0.3828,,,,,,,,,,,,,,
0,0,BAU,,OPEN_BURN,CO2e_WASTE,,2021,,,,,,,0.3828,,,,,,,,,,,,,,
0,0,BAU,,OPEN_BURN,CO2e_WASTE,,2022,,,,,,,0.3828,,,,,,,,,,,,,,
0,0,BAU,,OPEN_BURN,CO2e_WASTE,,2023,,,,,,,0.3828,,,,,,,,,,,,,,
0,0,BAU,,OPEN_BURN,CO2e_WASTE,,2024,,,,,,,0.3828,,,,,,,,,,,,,,
0,0,BAU,,OPEN_BURN,CO2e_WASTE,,2025,,,,,,,0.3828,,,,,,,,,,,,,,
0,0,BAU,,OPEN_BURN,CO2e_WASTE,,2026,,,,,,,0.3828,,,,,,,,,,,,,,
0,0,BAU,,OPEN_BURN,CO2e_WASTE,,2027,,,,,,,0.3828,,,,,,,,,,,,,,
0,0,BAU,,OPEN_BURN,CO2e_WASTE,,2028,,,,,,,0.3828,,,,,,,,,,,,,,
0,0,BAU,,OPEN_BURN,CO2e_WASTE,,2029,,,,,,,0.3828,,,,,,,,,,,,,,
0,0,BAU,,OPEN_BURN,CO2e_WASTE,,2030,,,,,,,0.3828,,,,,,,,,,,,,,
0,0,BAU,,OPEN_BURN,CO2e_WASTE,,2031,,,,,,,0.3828,,,,,,,,,,,,,,
0,0,BAU,,OPEN_BURN,CO2e_WASTE,,2032,,,,,,,0.3828,,,,,,,,,,,,,,
0,0,BAU,,OPEN_BURN,CO2e_WASTE,,2033,,,,,,,0.3828,,,,,,,,,,,,,,
0,0,BAU,,OPEN_BURN,CO2e_WASTE,,2034,,,,,,,0.3828,,,,,,,,,,,,,,
0,0,BAU,,OPEN_BURN,CO2e_WASTE,,2035,,,,,,,0.3828,,,,,,,,,,,,,,
0,0,BAU,,OPEN_BURN,CO2e_WASTE,,2036,,,,,,,0.3828,,,,,,,,,,,,,,
0,0,BAU,,OPEN_BURN,CO2e_WASTE,,2037,,,,,,,0.3828,,,,,,,,,,,,,,
0,0,BAU,,OPEN_BURN,CO2e_WASTE,,2038,,,,,,,0.3828,,,,,,,,,,,,,,
0,0,BAU,,OPEN_BURN,CO2e_WASTE,,2039,,,,,,,0.3828,,,,,,,,,,,,,,
0,0,BAU,,OPEN_BURN,CO2e_WASTE,,2040,,,,,,,0.3828,,,,,,,,,,,,,,
0,0,BAU,,OPEN_BURN,CO2e_WASTE,,2041,,,,,,,0.3828,,,,,,,,,,,,,,
0,0,BAU,,OPEN_BURN,CO2e_WASTE,,2042,,,,,,,0.3828,,,,,,,,,,,,,,
0,0,BAU,,OPEN_BURN,CO2e_WASTE,,2043,,,,,,,0.3828,,,,,,,,,,,,,,
0,0,BAU,,OPEN_BURN,CO2e_WASTE,,2044,,,,,,,0.3828,,,,,,,,,,,,,,
0,0,BAU,,OPEN_BURN,CO2e_WASTE,,2045,,,,,,,0.3828,,,,,,,,,,,,,,
0,0,BAU,,OPEN_BURN,CO2e_WASTE,,2046,,,,,,,0.3828,,,,,,,,,,,,,,
0,0,BAU,,OPEN_BURN,CO2e_WASTE,,2047,,,,,,,0.3828,,,,,,,,,,,,,,
0,0,BAU,,OPEN_BURN,CO2e_WASTE,,2048,,,,,,,0.3828,,,,,,,,,,,,,,
0,0,BAU,,OPEN_BURN,CO2e_WASTE,,2049,,,,,,,0.3828,,,,,,,,,,,,,,
0,0,BAU,,OPEN_BURN,CO2e_WASTE,,2050,,,,,,,0.3828,,,,,,,,,,,,,,
0,0,BAU,,OPEN_BURN,CO2_WASTE,,2018,,,,,,,0.0,,,,,,,,,,,,,,
0,0,BAU,,OPEN_BURN,CO2_WASTE,,2019,,,,,,,0.0,,,,,,,,,,,,,,
0,0,BAU,,OPEN_BURN,CO2_WASTE,,2020,,,,,,,0.0,,,,,,,,,,,,,,
0,0,BAU,,OPEN_BURN,CO2_WASTE,,2021,,,,,,,0.0,,,,,,,,,,,,,,
0,0,BAU,,OPEN_BURN,CO2_WASTE,,2022,,,,,,,0.0,,,,,,,,,,,,,,
0,0,BAU,,OPEN_BURN,CO2_WASTE,,2023,,,,,,,0.0,,,,,,,,,,,,,,
0,0,BAU,,OPEN_BURN,CO2_WASTE,,2024,,,,,,,0.0,,,,,,,,,,,,,,
0,0,BAU,,OPEN_BURN,CO2_WASTE,,2025,,,,,,,0.0,,,,,,,,,,,,,,
0,0,BAU,,OPEN_BURN,CO2_WASTE,,2026,,,,,,,0.0,,,,,,,,,,,,,,
0,0,BAU,,OPEN_BURN,CO2_WASTE,,2027,,,,,,,0.0,,,,,,,,,,,,,,
0,0,BAU,,OPEN_BURN,CO2_WASTE,,2028,,,,,,,0.0,,,,,,,,,,,,,,
0,0,BAU,,OPEN_BURN,CO2_WASTE,,2029,,,,,,,0.0,,,,,,,,,,,,,,
0,0,BAU,,OPEN_BURN,CO2_WASTE,,2030,,,,,,,0.0,,,,,,,,,,,,,,
0,0,BAU,,OPEN_BURN,CO2_WASTE,,2031,,,,,,,0.0,,,,,,,,,,,,,,
0,0,BAU,,OPEN_BURN,CO2_WASTE,,2032,,,,,,,0.0,,,,,,,,,,,,,,
0,0,BAU,,OPEN_BURN,CO2_WASTE,,2033,,,,,,,0.0,,,,,,,,,,,,,,
0,0,BAU,,OPEN_BURN,CO2_WASTE,,2034,,,,,,,0.0,,,,,,,,,,,,,,
0,0,BAU,,OPEN_BURN,CO2_WASTE,,2035,,,,,,,0.0,,,,,,,,,,,,,,
0,0,BAU,,OPEN_BURN,CO2_WASTE,,2036,,,,,,,0.0,,,,,,,,,,,,,,
0,0,BAU,,OPEN_BURN,CO2_WASTE,,2037,,,,,,,0.0,,,,,,,,,,,,,,
0,0,BAU,,OPEN_BURN,CO2_WASTE,,2038,,,,,,,0.0,,,,,,,,,,,,,,
0,0,BAU,,OPEN_BURN,CO2_WASTE,,2039,,,,,,,0.0,,,,,,,,,,,,,,
0,0,BAU,,OPEN_BURN,CO2_WASTE,,2040,,,,,,,0.0,,,,,,,,,,,,,,
0,0,BAU,,OPEN_BURN,CO2_WASTE,,2041,,,,,,,0.0,,,,,,,,,,,,,,
0,0,BAU,,OPEN_BURN,CO2_WASTE,,2042,,,,,,,0.0,,,,,,,,,,,,,,
0,0,BAU,,OPEN_BURN,CO2_WASTE,,2043,,,,,,,0.0,,,,,,,,,,,,,,
0,0,BAU,,OPEN_BURN,CO2_WASTE,,2044,,,,,,,0.0,,,,,,,,,,,,,,
0,0,BAU,,OPEN_BURN,CO2_WASTE,,2045,,,,,,,0.0,,,,,,,,,,,,,,
0,0,BAU,,OPEN_BURN,CO2_WASTE,,2046,,,,,,,0.0,,,,,,,,,,,,,,
0,0,BAU,,OPEN_BURN,CO2_WASTE,,2047,,,,,,,0.0,,,,,,,,,,,,,,
0,0,BAU,,OPEN_BURN,CO2_WASTE,,2048,,,,,,,0.0,,,,,,,,,,,,,,
0,0,BAU,,OPEN_BURN,CO2_WASTE,,2049,,,,,,,0.0,,,,,,,,,,,,,,
0,0,BAU,,OPEN_BURN,CO2_WASTE,,2050,,,,,,,0.0,,,,,,,,,,,,,,
0,0,BAU,,OPEN_BURN,CH4_WASTE,,2018,,,,,,,0.0,,,,,,,,,,,,,,
0,0,BAU,,OPEN_BURN,CH4_WASTE,,2019,,,,,,,0.0,,,,,,,,,,,,,,
0,0,BAU,,OPEN_BURN,CH4_WASTE,,2020,,,,,,,0.0,,,,,,,,,,,,,,
0,0,BAU,,OPEN_BURN,CH4_WASTE,,2021,,,,,,,0.0,,,,,,,,,,,,,,
0,0,BAU,,OPEN_BURN,CH4_WASTE,,2022,,,,,,,0.0,,,,,,,,,,,,,,
0,0,BAU,,OPEN_BURN,CH4_WASTE,,2023,,,,,,,0.0,,,,,,,,,,,,,,
0,0,BAU,,OPEN_BURN,CH4_WASTE,,2024,,,,,,,0.0,,,,,,,,,,,,,,
0,0,BAU,,OPEN_BURN,CH4_WASTE,,2025,,,,,,,0.0,,,,,,,,,,,,,,
0,0,BAU,,OPEN_BURN,CH4_WASTE,,2026,,,,,,,0.0,,,,,,,,,,,,,,
0,0,BAU,,OPEN_BURN,CH4_WASTE,,2027,,,,,,,0.0,,,,,,,,,,,,,,
0,0,BAU,,OPEN_BURN,CH4_WASTE,,2028,,,,,,,0.0,,,,,,,,,,,,,,
0,0,BAU,,OPEN_BURN,CH4_WASTE,,2029,,,,,,,0.0,,,,,,,,,,,,,,
0,0,BAU,,OPEN_BURN,CH4_WASTE,,2030,,,,,,,0.0,,,,,,,,,,,,,,
0,0,BAU,,OPEN_BURN,CH4_WASTE,,2031,,,,,,,0.0,,,,,,,,,,,,,,
0,0,BAU,,OPEN_BURN,CH4_WASTE,,2032,,,,,,,0.0,,,,,,,,,,,,,,
0,0,BAU,,OPEN_BURN,CH4_WASTE,,2033,,,,,,,0.0,,,,,,,,,,,,,,
0,0,BAU,,OPEN_BURN,CH4_WASTE,,2034,,,,,,,0.0,,,,,,,,,,,,,,
0,0,BAU,,OPEN_BURN,CH4_WASTE,,2035,,,,,,,0.0,,,,,,,,,,,,,,
0,0,BAU,,OPEN_BURN,CH4_WASTE,,2036,,,,,,,0.0,,,,,,,,,,,,,,
0,0,BAU,,OPEN_BURN,CH4_WASTE,,2037,,,,,,,0.0,,,,,,,,,,,,,,
0,0,BAU,,OPEN_BURN,CH4_WASTE,,2038,,,,,,,0.0,,,,,,,,,,,,,,
0,0,BAU,,OPEN_BURN,CH4_WASTE,,2039,,,,,,,0.0,,,,,,,,,,,,,,
0,0,BAU,,OPEN_BURN,CH4_WASTE,,2040,,,,,,,0.0,,,,,,,,,,,,,,
0,0,BAU,,OPEN_BURN,CH4_WASTE,,2041,,,,,,,0.0,,,,,,,,,,,,,,
0,0,BAU,,OPEN_BURN,CH4_WASTE,,2042,,,,,,,0.0,,,,,,,,,,,,,,
0,0,BAU,,OPEN_BURN,CH4_WASTE,,2043,,,,,,,0.0,,,,,,,,,,,,,,
0,0,BAU,,OPEN_BURN,CH4_WASTE,,2044,,,,,,,0.0,,,,,,,,,,,,,,
0,0,BAU,,OPEN_BURN,CH4_WASTE,,2045,,,,,,,0.0,,,,,,,,,,,,,,
0,0,BAU,,OPEN_BURN,CH4_WASTE,,2046,,,,,,,0.0,,,,,,,,,,,,,,
0,0,BAU,,OPEN_BURN,CH4_WASTE,,2047,,,,,,,0.0,,,,,,,,,,,,,,
0,0,BAU,,OPEN_BURN,CH4_WASTE,,2048,,,,,,,0.0,,,,,,,,,,,,,,
0,0,BAU,,OPEN_BURN,CH4_WASTE,,2049,,,,,,,0.0,,,,,,,,,,,,,,
0,0,BAU,,OPEN_BURN,CH4_WASTE,,2050,,,,,,,0.0,,,,,,,,,,,,,,
0,0,BAU,,OPEN_BURN,N2O_WASTE,,2018,,,,,,,0.0,,,,,,,,,,,,,,
0,0,BAU,,OPEN_BURN,N2O_WASTE,,2019,,,,,,,0.0,,,,,,,,,,,,,,
0,0,BAU,,OPEN_BURN,N2O_WASTE,,2020,,,,,,,0.0,,,,,,,,,,,,,,
0,0,BAU,,OPEN_BURN,N2O_WASTE,,2021,,,,,,,0.0,,,,,,,,,,,,,,
0,0,BAU,,OPEN_BURN,N2O_WASTE,,2022,,,,,,,0.0,,,,,,,,,,,,,,
0,0,BAU,,OPEN_BURN,N2O_WASTE,,2023,,,,,,,0.0,,,,,,,,,,,,,,
0,0,BAU,,OPEN_BURN,N2O_WASTE,,2024,,,,,,,0.0,,,,,,,,,,,,,,
0,0,BAU,,OPEN_BURN,N2O_WASTE,,2025,,,,,,,0.0,,,,,,,,,,,,,,
0,0,BAU,,OPEN_BURN,N2O_WASTE,,2026,,,,,,,0.0,,,,,,,,,,,,,,
0,0,BAU,,OPEN_BURN,N2O_WASTE,,2027,,,,,,,0.0,,,,,,,,,,,,,,
0,0,BAU,,OPEN_BURN,N2O_WASTE,,2028,,,,,,,0.0,,,,,,,,,,,,,,
0,0,BAU,,OPEN_BURN,N2O_WASTE,,2029,,,,,,,0.0,,,,,,,,,,,,,,
0,0,BAU,,OPEN_BURN,N2O_WASTE,,2030,,,,,,,0.0,,,,,,,,,,,,,,
0,0,BAU,,OPEN_BURN,N2O_WASTE,,2031,,,,,,,0.0,,,,,,,,,,,,,,
0,0,BAU,,OPEN_BURN,N2O_WASTE,,2032,,,,,,,0.0,,,,,,,,,,,,,,
0,0,BAU,,OPEN_BURN,N2O_WASTE,,2033,,,,,,,0.0,,,,,,,,,,,,,,
0,0,BAU,,OPEN_BURN,N2O_WASTE,,2034,,,,,,,0.0,,,,,,,,,,,,,,
0,0,BAU,,OPEN_BURN,N2O_WASTE,,2035,,,,,,,0.0,,,,,,,,,,,,,,
0,0,BAU,,OPEN_BURN,N2O_WASTE,,2036,,,,,,,0.0,,,,,,,,,,,,,,
0,0,BAU,,OPEN_BURN,N2O_WASTE,,2037,,,,,,,0.0,,,,,,,,,,,,,,
0,0,BAU,,OPEN_BURN,N2O_WASTE,,2038,,,,,,,0.0,,,,,,,,,,,,,,
0,0,BAU,,OPEN_BURN,N2O_WASTE,,2039,,,,,,,0.0,,,,,,,,,,,,,,
0,0,BAU,,OPEN_BURN,N2O_WASTE,,2040,,,,,,,0.0,,,,,,,,,,,,,,
0,0,BAU,,OPEN_BURN,N2O_WASTE,,2041,,,,,,,0.0,,,,,,,,,,,,,,
0,0,BAU,,OPEN_BURN,N2O_WASTE,,2042,,,,,,,0.0,,,,,,,,,,,,,,
0,0,BAU,,OPEN_BURN,N2O_WASTE,,2043,,,,,,,0.0,,,,,,,,,,,,,,
0,0,BAU,,OPEN_BURN,N2O_WASTE,,2044,,,,,,,0.0,,,,,,,,,,,,,,
0,0,BAU,,OPEN_BURN,N2O_WASTE,,2045,,,,,,,0.0,,,,,,,,,,,,,,
0,0,BAU,,OPEN_BURN,N2O_WASTE,,2046,,,,,,,0.0,,,,,,,,,,,,,,
0,0,BAU,,OPEN_BURN,N2O_WASTE,,2047,,,,,,,0.0,,,,,,,,,,,,,,
0,0,BAU,,OPEN_BURN,N2O_WASTE,,2048,,,,,,,0.0,,,,,,,,,,,,,,
0,0,BAU,,OPEN_BURN,N2O_WASTE,,2049,,,,,,,0.0,,,,,,,,,,,,,,
0,0,BAU,,OPEN_BURN,N2O_WASTE,,2050,,,,,,,0.0,,,,,,,,,,,,,,
0,0,BAU,,SIT_CLAN,CO2e_WASTE,,2018,,,,,,,0.0,,,,,,,,,,,,,,
0,0,BAU,,SIT_CLAN,CO2e_WASTE,,2019,,,,,,,0.0,,,,,,,,,,,,,,
0,0,BAU,,SIT_CLAN,CO2e_WASTE,,2020,,,,,,,0.0,,,,,,,,,,,,,,
0,0,BAU,,SIT_CLAN,CO2e_WASTE,,2021,,,,,,,0.0,,,,,,,,,,,,,,
0,0,BAU,,SIT_CLAN,CO2e_WASTE,,2022,,,,,,,0.0,,,,,,,,,,,,,,
0,0,BAU,,SIT_CLAN,CO2e_WASTE,,2023,,,,,,,0.0,,,,,,,,,,,,,,
0,0,BAU,,SIT_CLAN,CO2e_WASTE,,2024,,,,,,,0.0,,,,,,,,,,,,,,
0,0,BAU,,SIT_CLAN,CO2e_WASTE,,2025,,,,,,,0.0,,,,,,,,,,,,,,
0,0,BAU,,SIT_CLAN,CO2e_WASTE,,2026,,,,,,,0.0,,,,,,,,,,,,,,
0,0,BAU,,SIT_CLAN,CO2e_WASTE,,2027,,,,,,,0.0,,,,,,,,,,,,,,
0,0,BAU,,SIT_CLAN,CO2e_WASTE,,2028,,,,,,,0.0,,,,,,,,,,,,,,
0,0,BAU,,SIT_CLAN,CO2e_WASTE,,2029,,,,,,,0.0,,,,,,,,,,,,,,
0,0,BAU,,SIT_CLAN,CO2e_WASTE,,2030,,,,,,,0.0,,,,,,,,,,,,,,
0,0,BAU,,SIT_CLAN,CO2e_WASTE,,2031,,,,,,,0.0,,,,,,,,,,,,,,
0,0,BAU,,SIT_CLAN,CO2e_WASTE,,2032,,,,,,,0.0,,,,,,,,,,,,,,
0,0,BAU,,SIT_CLAN,CO2e_WASTE,,2033,,,,,,,0.0,,,,,,,,,,,,,,
0,0,BAU,,SIT_CLAN,CO2e_WASTE,,2034,,,,,,,0.0,,,,,,,,,,,,,,
0,0,BAU,,SIT_CLAN,CO2e_WASTE,,2035,,,,,,,0.0,,,,,,,,,,,,,,
0,0,BAU,,SIT_CLAN,CO2e_WASTE,,2036,,,,,,,0.0,,,,,,,,,,,,,,
0,0,BAU,,SIT_CLAN,CO2e_WASTE,,2037,,,,,,,0.0,,,,,,,,,,,,,,
0,0,BAU,,SIT_CLAN,CO2e_WASTE,,2038,,,,,,,0.0,,,,,,,,,,,,,,
0,0,BAU,,SIT_CLAN,CO2e_WASTE,,2039,,,,,,,0.0,,,,,,,,,,,,,,
0,0,BAU,,SIT_CLAN,CO2e_WASTE,,2040,,,,,,,0.0,,,,,,,,,,,,,,
0,0,BAU,,SIT_CLAN,CO2e_WASTE,,2041,,,,,,,0.0,,,,,,,,,,,,,,
0,0,BAU,,SIT_CLAN,CO2e_WASTE,,2042,,,,,,,0.0,,,,,,,,,,,,,,
0,0,BAU,,SIT_CLAN,CO2e_WASTE,,2043,,,,,,,0.0,,,,,,,,,,,,,,
0,0,BAU,,SIT_CLAN,CO2e_WASTE,,2044,,,,,,,0.0,,,,,,,,,,,,,,
0,0,BAU,,SIT_CLAN,CO2e_WASTE,,2045,,,,,,,0.0,,,,,,,,,,,,,,
0,0,BAU,,SIT_CLAN,CO2e_WASTE,,2046,,,,,,,0.0,,,,,,,,,,,,,,
0,0,BAU,,SIT_CLAN,CO2e_WASTE,,2047,,,,,,,0.0,,,,,,,,,,,,,,
0,0,BAU,,SIT_CLAN,CO2e_WASTE,,2048,,,,,,,0.0,,,,,,,,,,,,,,
0,0,BAU,,SIT_CLAN,CO2e_WASTE,,2049,,,,,,,0.0,,,,,,,,,,,,,,
0,0,BAU,,SIT_CLAN,CO2e_WASTE,,2050,,,,,,,0.0,,,,,,,,,,,,,,
0,0,BAU,,SIT_CLAN,CO2_WASTE,,2018,,,,,,,0.0,,,,,,,,,,,,,,
0,0,BAU,,SIT_CLAN,CO2_WASTE,,2019,,,,,,,0.0,,,,,,,,,,,,,,
0,0,BAU,,SIT_CLAN,CO2_WASTE,,2020,,,,,,,0.0,,,,,,,,,,,,,,
0,0,BAU,,SIT_CLAN,CO2_WASTE,,2021,,,,,,,0.0,,,,,,,,,,,,,,
0,0,BAU,,SIT_CLAN,CO2_WASTE,,2022,,,,,,,0.0,,,,,,,,,,,,,,
0,0,BAU,,SIT_CLAN,CO2_WASTE,,2023,,,,,,,0.0,,,,,,,,,,,,,,
0,0,BAU,,SIT_CLAN,CO2_WASTE,,2024,,,,,,,0.0,,,,,,,,,,,,,,
0,0,BAU,,SIT_CLAN,CO2_WASTE,,2025,,,,,,,0.0,,,,,,,,,,,,,,
0,0,BAU,,SIT_CLAN,CO2_WASTE,,2026,,,,,,,0.0,,,,,,,,,,,,,,
0,0,BAU,,SIT_CLAN,CO2_WASTE,,2027,,,,,,,0.0,,,,,,,,,,,,,,
0,0,BAU,,SIT_CLAN,CO2_WASTE,,2028,,,,,,,0.0,,,,,,,,,,,,,,
0,0,BAU,,SIT_CLAN,CO2_WASTE,,2029,,,,,,,0.0,,,,,,,,,,,,,,
0,0,BAU,,SIT_CLAN,CO2_WASTE,,2030,,,,,,,0.0,,,,,,,,,,,,,,
0,0,BAU,,SIT_CLAN,CO2_WASTE,,2031,,,,,,,0.0,,,,,,,,,,,,,,
0,0,BAU,,SIT_CLAN,CO2_WASTE,,2032,,,,,,,0.0,,,,,,,,,,,,,,
0,0,BAU,,SIT_CLAN,CO2_WASTE,,2033,,,,,,,0.0,,,,,,,,,,,,,,
0,0,BAU,,SIT_CLAN,CO2_WASTE,,2034,,,,,,,0.0,,,,,,,,,,,,,,
0,0,BAU,,SIT_CLAN,CO2_WASTE,,2035,,,,,,,0.0,,,,,,,,,,,,,,
0,0,BAU,,SIT_CLAN,CO2_WASTE,,2036,,,,,,,0.0,,,,,,,,,,,,,,
0,0,BAU,,SIT_CLAN,CO2_WASTE,,2037,,,,,,,0.0,,,,,,,,,,,,,,
0,0,BAU,,SIT_CLAN,CO2_WASTE,,2038,,,,,,,0.0,,,,,,,,,,,,,,
0,0,BAU,,SIT_CLAN,CO2_WASTE,,2039,,,,,,,0.0,,,,,,,,,,,,,,
0,0,BAU,,SIT_CLAN,CO2_WASTE,,2040,,,,,,,0.0,,,,,,,,,,,,,,
0,0,BAU,,SIT_CLAN,CO2_WASTE,,2041,,,,,,,0.0,,,,,,,,,,,,,,
0,0,BAU,,SIT_CLAN,CO2_WASTE,,2042,,,,,,,0.0,,,,,,,,,,,,,,
0,0,BAU,,SIT_CLAN,CO2_WASTE,,2043,,,,,,,0.0,,,,,,,,,,,,,,
0,0,BAU,,SIT_CLAN,CO2_WASTE,,2044,,,,,,,0.0,,,,,,,,,,,,,,
0,0,BAU,,SIT_CLAN,CO2_WASTE,,2045,,,,,,,0.0,,,,,,,,,,,,,,
0,0,BAU,,SIT_CLAN,CO2_WASTE,,2046,,,,,,,0.0,,,,,,,,,,,,,,
0,0,BAU,,SIT_CLAN,CO2_WASTE,,2047,,,,,,,0.0,,,,,,,,,,,,,,
0,0,BAU,,SIT_CLAN,CO2_WASTE,,2048,,,,,,,0.0,,,,,,,,,,,,,,
0,0,BAU,,SIT_CLAN,CO2_WASTE,,2049,,,,,,,0.0,,,,,,,,,,,,,,
0,0,BAU,,SIT_CLAN,CO2_WASTE,,2050,,,,,,,0.0,,,,,,,,,,,,,,
0,0,BAU,,SIT_CLAN,CH4_WASTE,,2018,,,,,,,0.0,,,,,,,,,,,,,,
0,0,BAU,,SIT_CLAN,CH4_WASTE,,2019,,,,,,,0.0,,,,,,,,,,,,,,
0,0,BAU,,SIT_CLAN,CH4_WASTE,,2020,,,,,,,0.0,,,,,,,,,,,,,,
0,0,BAU,,SIT_CLAN,CH4_WASTE,,2021,,,,,,,0.0,,,,,,,,,,,,,,
0,0,BAU,,SIT_CLAN,CH4_WASTE,,2022,,,,,,,0.0,,,,,,,,,,,,,,
0,0,BAU,,SIT_CLAN,CH4_WASTE,,2023,,,,,,,0.0,,,,,,,,,,,,,,
0,0,BAU,,SIT_CLAN,CH4_WASTE,,2024,,,,,,,0.0,,,,,,,,,,,,,,
0,0,BAU,,SIT_CLAN,CH4_WASTE,,2025,,,,,,,0.0,,,,,,,,,,,,,,
0,0,BAU,,SIT_CLAN,CH4_WASTE,,2026,,,,,,,0.0,,,,,,,,,,,,,,
0,0,BAU,,SIT_CLAN,CH4_WASTE,,2027,,,,,,,0.0,,,,,,,,,,,,,,
0,0,BAU,,SIT_CLAN,CH4_WASTE,,2028,,,,,,,0.0,,,,,,,,,,,,,,
0,0,BAU,,SIT_CLAN,CH4_WASTE,,2029,,,,,,,0.0,,,,,,,,,,,,,,
0,0,BAU,,SIT_CLAN,CH4_WASTE,,2030,,,,,,,0.0,,,,,,,,,,,,,,
0,0,BAU,,SIT_CLAN,CH4_WASTE,,2031,,,,,,,0.0,,,,,,,,,,,,,,
0,0,BAU,,SIT_CLAN,CH4_WASTE,,2032,,,,,,,0.0,,,,,,,,,,,,,,
0,0,BAU,,SIT_CLAN,CH4_WASTE,,2033,,,,,,,0.0,,,,,,,,,,,,,,
0,0,BAU,,SIT_CLAN,CH4_WASTE,,2034,,,,,,,0.0,,,,,,,,,,,,,,
0,0,BAU,,SIT_CLAN,CH4_WASTE,,2035,,,,,,,0.0,,,,,,,,,,,,,,
0,0,BAU,,SIT_CLAN,CH4_WASTE,,2036,,,,,,,0.0,,,,,,,,,,,,,,
0,0,BAU,,SIT_CLAN,CH4_WASTE,,2037,,,,,,,0.0,,,,,,,,,,,,,,
0,0,BAU,,SIT_CLAN,CH4_WASTE,,2038,,,,,,,0.0,,,,,,,,,,,,,,
0,0,BAU,,SIT_CLAN,CH4_WASTE,,2039,,,,,,,0.0,,,,,,,,,,,,,,
0,0,BAU,,SIT_CLAN,CH4_WASTE,,2040,,,,,,,0.0,,,,,,,,,,,,,,
0,0,BAU,,SIT_CLAN,CH4_WASTE,,2041,,,,,,,0.0,,,,,,,,,,,,,,
0,0,BAU,,SIT_CLAN,CH4_WASTE,,2042,,,,,,,0.0,,,,,,,,,,,,,,
0,0,BAU,,SIT_CLAN,CH4_WASTE,,2043,,,,,,,0.0,,,,,,,,,,,,,,
0,0,BAU,,SIT_CLAN,CH4_WASTE,,2044,,,,,,,0.0,,,,,,,,,,,,,,
0,0,BAU,,SIT_CLAN,CH4_WASTE,,2045,,,,,,,0.0,,,,,,,,,,,,,,
0,0,BAU,,SIT_CLAN,CH4_WASTE,,2046,,,,,,,0.0,,,,,,,,,,,,,,
0,0,BAU,,SIT_CLAN,CH4_WASTE,,2047,,,,,,,0.0,,,,,,,,,,,,,,
0,0,BAU,,SIT_CLAN,CH4_WASTE,,2048,,,,,,,0.0,,,,,,,,,,,,,,
0,0,BAU,,SIT_CLAN,CH4_WASTE,,2049,,,,,,,0.0,,,,,,,,,,,,,,
0,0,BAU,,SIT_CLAN,CH4_WASTE,,2050,,,,,,,0.0,,,,,,,,,,,,,,
0,0,BAU,,SIT_CLAN,N2O_WASTE,,2018,,,,,,,0.0,,,,,,,,,,,,,,
0,0,BAU,,SIT_CLAN,N2O_WASTE,,2019,,,,,,,0.0,,,,,,,,,,,,,,
0,0,BAU,,SIT_CLAN,N2O_WASTE,,2020,,,,,,,0.0,,,,,,,,,,,,,,
0,0,BAU,,SIT_CLAN,N2O_WASTE,,2021,,,,,,,0.0,,,,,,,,,,,,,,
0,0,BAU,,SIT_CLAN,N2O_WASTE,,2022,,,,,,,0.0,,,,,,,,,,,,,,
0,0,BAU,,SIT_CLAN,N2O_WASTE,,2023,,,,,,,0.0,,,,,,,,,,,,,,
0,0,BAU,,SIT_CLAN,N2O_WASTE,,2024,,,,,,,0.0,,,,,,,,,,,,,,
0,0,BAU,,SIT_CLAN,N2O_WASTE,,2025,,,,,,,0.0,,,,,,,,,,,,,,
0,0,BAU,,SIT_CLAN,N2O_WASTE,,2026,,,,,,,0.0,,,,,,,,,,,,,,
0,0,BAU,,SIT_CLAN,N2O_WASTE,,2027,,,,,,,0.0,,,,,,,,,,,,,,
0,0,BAU,,SIT_CLAN,N2O_WASTE,,2028,,,,,,,0.0,,,,,,,,,,,,,,
0,0,BAU,,SIT_CLAN,N2O_WASTE,,2029,,,,,,,0.0,,,,,,,,,,,,,,
0,0,BAU,,SIT_CLAN,N2O_WASTE,,2030,,,,,,,0.0,,,,,,,,,,,,,,
0,0,BAU,,SIT_CLAN,N2O_WASTE,,2031,,,,,,,0.0,,,,,,,,,,,,,,
0,0,BAU,,SIT_CLAN,N2O_WASTE,,2032,,,,,,,0.0,,,,,,,,,,,,,,
0,0,BAU,,SIT_CLAN,N2O_WASTE,,2033,,,,,,,0.0,,,,,,,,,,,,,,
0,0,BAU,,SIT_CLAN,N2O_WASTE,,2034,,,,,,,0.0,,,,,,,,,,,,,,
0,0,BAU,,SIT_CLAN,N2O_WASTE,,2035,,,,,,,0.0,,,,,,,,,,,,,,
0,0,BAU,,SIT_CLAN,N2O_WASTE,,2036,,,,,,,0.0,,,,,,,,,,,,,,
0,0,BAU,,SIT_CLAN,N2O_WASTE,,2037,,,,,,,0.0,,,,,,,,,,,,,,
0,0,BAU,,SIT_CLAN,N2O_WASTE,,2038,,,,,,,0.0,,,,,,,,,,,,,,
0,0,BAU,,SIT_CLAN,N2O_WASTE,,2039,,,,,,,0.0,,,,,,,,,,,,,,
0,0,BAU,,SIT_CLAN,N2O_WASTE,,2040,,,,,,,0.0,,,,,,,,,,,,,,
0,0,BAU,,SIT_CLAN,N2O_WASTE,,2041,,,,,,,0.0,,,,,,,,,,,,,,
0,0,BAU,,SIT_CLAN,N2O_WASTE,,2042,,,,,,,0.0,,,,,,,,,,,,,,
0,0,BAU,,SIT_CLAN,N2O_WASTE,,2043,,,,,,,0.0,,,,,,,,,,,,,,
0,0,BAU,,SIT_CLAN,N2O_WASTE,,2044,,,,,,,0.0,,,,,,,,,,,,,,
0,0,BAU,,SIT_CLAN,N2O_WASTE,,2045,,,,,,,0.0,,,,,,,,,,,,,,
0,0,BAU,,SIT_CLAN,N2O_WASTE,,2046,,,,,,,0.0,,,,,,,,,,,,,,
0,0,BAU,,SIT_CLAN,N2O_WASTE,,2047,,,,,,,0.0,,,,,,,,,,,,,,
0,0,BAU,,SIT_CLAN,N2O_WASTE,,2048,,,,,,,0.0,,,,,,,,,,,,,,
0,0,BAU,,SIT_CLAN,N2O_WASTE,,2049,,,,,,,0.0,,,,,,,,,,,,,,
0,0,BAU,,SIT_CLAN,N2O_WASTE,,2050,,,,,,,0.0,,,,,,,,,,,,,,
0,0,BAU,,LANDFILL_ELEC,CO2e_WASTE,,2018,,,,,,,0.0,,,,,,,,,,,,,,
0,0,BAU,,LANDFILL_ELEC,CO2e_WASTE,,2019,,,,,,,0.0,,,,,,,,,,,,,,
0,0,BAU,,LANDFILL_ELEC,CO2e_WASTE,,2020,,,,,,,0.0,,,,,,,,,,,,,,
0,0,BAU,,LANDFILL_ELEC,CO2e_WASTE,,2021,,,,,,,0.0,,,,,,,,,,,,,,
0,0,BAU,,LANDFILL_ELEC,CO2e_WASTE,,2022,,,,,,,0.0,,,,,,,,,,,,,,
0,0,BAU,,LANDFILL_ELEC,CO2e_WASTE,,2023,,,,,,,0.0,,,,,,,,,,,,,,
0,0,BAU,,LANDFILL_ELEC,CO2e_WASTE,,2024,,,,,,,0.0,,,,,,,,,,,,,,
0,0,BAU,,LANDFILL_ELEC,CO2e_WASTE,,2025,,,,,,,0.0,,,,,,,,,,,,,,
0,0,BAU,,LANDFILL_ELEC,CO2e_WASTE,,2026,,,,,,,0.0,,,,,,,,,,,,,,
0,0,BAU,,LANDFILL_ELEC,CO2e_WASTE,,2027,,,,,,,0.0,,,,,,,,,,,,,,
0,0,BAU,,LANDFILL_ELEC,CO2e_WASTE,,2028,,,,,,,0.0,,,,,,,,,,,,,,
0,0,BAU,,LANDFILL_ELEC,CO2e_WASTE,,2029,,,,,,,0.0,,,,,,,,,,,,,,
0,0,BAU,,LANDFILL_ELEC,CO2e_WASTE,,2030,,,,,,,0.0,,,,,,,,,,,,,,
0,0,BAU,,LANDFILL_ELEC,CO2e_WASTE,,2031,,,,,,,0.0,,,,,,,,,,,,,,
0,0,BAU,,LANDFILL_ELEC,CO2e_WASTE,,2032,,,,,,,0.0,,,,,,,,,,,,,,
0,0,BAU,,LANDFILL_ELEC,CO2e_WASTE,,2033,,,,,,,0.0,,,,,,,,,,,,,,
0,0,BAU,,LANDFILL_ELEC,CO2e_WASTE,,2034,,,,,,,0.0,,,,,,,,,,,,,,
0,0,BAU,,LANDFILL_ELEC,CO2e_WASTE,,2035,,,,,,,0.0,,,,,,,,,,,,,,
0,0,BAU,,LANDFILL_ELEC,CO2e_WASTE,,2036,,,,,,,0.0,,,,,,,,,,,,,,
0,0,BAU,,LANDFILL_ELEC,CO2e_WASTE,,2037,,,,,,,0.0,,,,,,,,,,,,,,
0,0,BAU,,LANDFILL_ELEC,CO2e_WASTE,,2038,,,,,,,0.0,,,,,,,,,,,,,,
0,0,BAU,,LANDFILL_ELEC,CO2e_WASTE,,2039,,,,,,,0.0,,,,,,,,,,,,,,
0,0,BAU,,LANDFILL_ELEC,CO2e_WASTE,,2040,,,,,,,0.0,,,,,,,,,,,,,,
0,0,BAU,,LANDFILL_ELEC,CO2e_WASTE,,2041,,,,,,,0.0,,,,,,,,,,,,,,
0,0,BAU,,LANDFILL_ELEC,CO2e_WASTE,,2042,,,,,,,0.0,,,,,,,,,,,,,,
0,0,BAU,,LANDFILL_ELEC,CO2e_WASTE,,2043,,,,,,,0.0,,,,,,,,,,,,,,
0,0,BAU,,LANDFILL_ELEC,CO2e_WASTE,,2044,,,,,,,0.0,,,,,,,,,,,,,,
0,0,BAU,,LANDFILL_ELEC,CO2e_WASTE,,2045,,,,,,,0.0,,,,,,,,,,,,,,
0,0,BAU,,LANDFILL_ELEC,CO2e_WASTE,,2046,,,,,,,0.0,,,,,,,,,,,,,,
0,0,BAU,,LANDFILL_ELEC,CO2e_WASTE,,2047,,,,,,,0.0,,,,,,,,,,,,,,
0,0,BAU,,LANDFILL_ELEC,CO2e_WASTE,,2048,,,,,,,0.0,,,,,,,,,,,,,,
0,0,BAU,,LANDFILL_ELEC,CO2e_WASTE,,2049,,,,,,,0.0,,,,,,,,,,,,,,
0,0,BAU,,LANDFILL_ELEC,CO2e_WASTE,,2050,,,,,,,0.0,,,,,,,,,,,,,,
0,0,BAU,,LANDFILL_ELEC,CO2_WASTE,,2018,,,,,,,0.0,,,,,,,,,,,,,,
0,0,BAU,,LANDFILL_ELEC,CO2_WASTE,,2019,,,,,,,0.0,,,,,,,,,,,,,,
0,0,BAU,,LANDFILL_ELEC,CO2_WASTE,,2020,,,,,,,0.0,,,,,,,,,,,,,,
0,0,BAU,,LANDFILL_ELEC,CO2_WASTE,,2021,,,,,,,0.0,,,,,,,,,,,,,,
0,0,BAU,,LANDFILL_ELEC,CO2_WASTE,,2022,,,,,,,0.0,,,,,,,,,,,,,,
0,0,BAU,,LANDFILL_ELEC,CO2_WASTE,,2023,,,,,,,0.0,,,,,,,,,,,,,,
0,0,BAU,,LANDFILL_ELEC,CO2_WASTE,,2024,,,,,,,0.0,,,,,,,,,,,,,,
0,0,BAU,,LANDFILL_ELEC,CO2_WASTE,,2025,,,,,,,0.0,,,,,,,,,,,,,,
0,0,BAU,,LANDFILL_ELEC,CO2_WASTE,,2026,,,,,,,0.0,,,,,,,,,,,,,,
0,0,BAU,,LANDFILL_ELEC,CO2_WASTE,,2027,,,,,,,0.0,,,,,,,,,,,,,,
0,0,BAU,,LANDFILL_ELEC,CO2_WASTE,,2028,,,,,,,0.0,,,,,,,,,,,,,,
0,0,BAU,,LANDFILL_ELEC,CO2_WASTE,,2029,,,,,,,0.0,,,,,,,,,,,,,,
0,0,BAU,,LANDFILL_ELEC,CO2_WASTE,,2030,,,,,,,0.0,,,,,,,,,,,,,,
0,0,BAU,,LANDFILL_ELEC,CO2_WASTE,,2031,,,,,,,0.0,,,,,,,,,,,,,,
0,0,BAU,,LANDFILL_ELEC,CO2_WASTE,,2032,,,,,,,0.0,,,,,,,,,,,,,,
0,0,BAU,,LANDFILL_ELEC,CO2_WASTE,,2033,,,,,,,0.0,,,,,,,,,,,,,,
0,0,BAU,,LANDFILL_ELEC,CO2_WASTE,,2034,,,,,,,0.0,,,,,,,,,,,,,,
0,0,BAU,,LANDFILL_ELEC,CO2_WASTE,,2035,,,,,,,0.0,,,,,,,,,,,,,,
0,0,BAU,,LANDFILL_ELEC,CO2_WASTE,,2036,,,,,,,0.0,,,,,,,,,,,,,,
0,0,BAU,,LANDFILL_ELEC,CO2_WASTE,,2037,,,,,,,0.0,,,,,,,,,,,,,,
0,0,BAU,,LANDFILL_ELEC,CO2_WASTE,,2038,,,,,,,0.0,,,,,,,,,,,,,,
0,0,BAU,,LANDFILL_ELEC,CO2_WASTE,,2039,,,,,,,0.0,,,,,,,,,,,,,,
0,0,BAU,,LANDFILL_ELEC,CO2_WASTE,,2040,,,,,,,0.0,,,,,,,,,,,,,,
0,0,BAU,,LANDFILL_ELEC,CO2_WASTE,,2041,,,,,,,0.0,,,,,,,,,,,,,,
0,0,BAU,,LANDFILL_ELEC,CO2_WASTE,,2042,,,,,,,0.0,,,,,,,,,,,,,,
0,0,BAU,,LANDFILL_ELEC,CO2_WASTE,,2043,,,,,,,0.0,,,,,,,,,,,,,,
0,0,BAU,,LANDFILL_ELEC,CO2_WASTE,,2044,,,,,,,0.0,,,,,,,,,,,,,,
0,0,BAU,,LANDFILL_ELEC,CO2_WASTE,,2045,,,,,,,0.0,,,,,,,,,,,,,,
0,0,BAU,,LANDFILL_ELEC,CO2_WASTE,,2046,,,,,,,0.0,,,,,,,,,,,,,,
0,0,BAU,,LANDFILL_ELEC,CO2_WASTE,,2047,,,,,,,0.0,,,,,,,,,,,,,,
0,0,BAU,,LANDFILL_ELEC,CO2_WASTE,,2048,,,,,,,0.0,,,,,,,,,,,,,,
0,0,BAU,,LANDFILL_ELEC,CO2_WASTE,,2049,,,,,,,0.0,,,,,,,,,,,,,,
0,0,BAU,,LANDFILL_ELEC,CO2_WASTE,,2050,,,,,,,0.0,,,,,,,,,,,,,,
0,0,BAU,,LANDFILL_ELEC,CH4_WASTE,,2018,,,,,,,0.0,,,,,,,,,,,,,,
0,0,BAU,,LANDFILL_ELEC,CH4_WASTE,,2019,,,,,,,0.0,,,,,,,,,,,,,,
0,0,BAU,,LANDFILL_ELEC,CH4_WASTE,,2020,,,,,,,0.0,,,,,,,,,,,,,,
0,0,BAU,,LANDFILL_ELEC,CH4_WASTE,,2021,,,,,,,0.0,,,,,,,,,,,,,,
0,0,BAU,,LANDFILL_ELEC,CH4_WASTE,,2022,,,,,,,0.0,,,,,,,,,,,,,,
0,0,BAU,,LANDFILL_ELEC,CH4_WASTE,,2023,,,,,,,0.0,,,,,,,,,,,,,,
0,0,BAU,,LANDFILL_ELEC,CH4_WASTE,,2024,,,,,,,0.0,,,,,,,,,,,,,,
0,0,BAU,,LANDFILL_ELEC,CH4_WASTE,,2025,,,,,,,0.0,,,,,,,,,,,,,,
0,0,BAU,,LANDFILL_ELEC,CH4_WASTE,,2026,,,,,,,0.0,,,,,,,,,,,,,,
0,0,BAU,,LANDFILL_ELEC,CH4_WASTE,,2027,,,,,,,0.0,,,,,,,,,,,,,,
0,0,BAU,,LANDFILL_ELEC,CH4_WASTE,,2028,,,,,,,0.0,,,,,,,,,,,,,,
0,0,BAU,,LANDFILL_ELEC,CH4_WASTE,,2029,,,,,,,0.0,,,,,,,,,,,,,,
0,0,BAU,,LANDFILL_ELEC,CH4_WASTE,,2030,,,,,,,0.0,,,,,,,,,,,,,,
0,0,BAU,,LANDFILL_ELEC,CH4_WASTE,,2031,,,,,,,0.0,,,,,,,,,,,,,,
0,0,BAU,,LANDFILL_ELEC,CH4_WASTE,,2032,,,,,,,0.0,,,,,,,,,,,,,,
0,0,BAU,,LANDFILL_ELEC,CH4_WASTE,,2033,,,,,,,0.0,,,,,,,,,,,,,,
0,0,BAU,,LANDFILL_ELEC,CH4_WASTE,,2034,,,,,,,0.0,,,,,,,,,,,,,,
0,0,BAU,,LANDFILL_ELEC,CH4_WASTE,,2035,,,,,,,0.0,,,,,,,,,,,,,,
0,0,BAU,,LANDFILL_ELEC,CH4_WASTE,,2036,,,,,,,0.0,,,,,,,,,,,,,,
0,0,BAU,,LANDFILL_ELEC,CH4_WASTE,,2037,,,,,,,0.0,,,,,,,,,,,,,,
0,0,BAU,,LANDFILL_ELEC,CH4_WASTE,,2038,,,,,,,0.0,,,,,,,,,,,,,,
0,0,BAU,,LANDFILL_ELEC,CH4_WASTE,,2039,,,,,,,0.0,,,,,,,,,,,,,,
0,0,BAU,,LANDFILL_ELEC,CH4_WASTE,,2040,,,,,,,0.0,,,,,,,,,,,,,,
0,0,BAU,,LANDFILL_ELEC,CH4_WASTE,,2041,,,,,,,0.0,,,,,,,,,,,,,,
0,0,BAU,,LANDFILL_ELEC,CH4_WASTE,,2042,,,,,,,0.0,,,,,,,,,,,,,,
0,0,BAU,,LANDFILL_ELEC,CH4_WASTE,,2043,,,,,,,0.0,,,,,,,,,,,,,,
0,0,BAU,,LANDFILL_ELEC,CH4_WASTE,,2044,,,,,,,0.0,,,,,,,,,,,,,,
0,0,BAU,,LANDFILL_ELEC,CH4_WASTE,,2045,,,,,,,0.0,,,,,,,,,,,,,,
0,0,BAU,,LANDFILL_ELEC,CH4_WASTE,,2046,,,,,,,0.0,,,,,,,,,,,,,,
0,0,BAU,,LANDFILL_ELEC,CH4_WASTE,,2047,,,,,,,0.0,,,,,,,,,,,,,,
0,0,BAU,,LANDFILL_ELEC,CH4_WASTE,,2048,,,,,,,0.0,,,,,,,,,,,,,,
0,0,BAU,,LANDFILL_ELEC,CH4_WASTE,,2049,,,,,,,0.0,,,,,,,,,,,,,,
0,0,BAU,,LANDFILL_ELEC,CH4_WASTE,,2050,,,,,,,0.0,,,,,,,,,,,,,,
0,0,BAU,,LANDFILL_ELEC,N2O_WASTE,,2018,,,,,,,0.0,,,,,,,,,,,,,,
0,0,BAU,,LANDFILL_ELEC,N2O_WASTE,,2019,,,,,,,0.0,,,,,,,,,,,,,,
0,0,BAU,,LANDFILL_ELEC,N2O_WASTE,,2020,,,,,,,0.0,,,,,,,,,,,,,,
0,0,BAU,,LANDFILL_ELEC,N2O_WASTE,,2021,,,,,,,0.0,,,,,,,,,,,,,,
0,0,BAU,,LANDFILL_ELEC,N2O_WASTE,,2022,,,,,,,0.0,,,,,,,,,,,,,,
0,0,BAU,,LANDFILL_ELEC,N2O_WASTE,,2023,,,,,,,0.0,,,,,,,,,,,,,,
0,0,BAU,,LANDFILL_ELEC,N2O_WASTE,,2024,,,,,,,0.0,,,,,,,,,,,,,,
0,0,BAU,,LANDFILL_ELEC,N2O_WASTE,,2025,,,,,,,0.0,,,,,,,,,,,,,,
0,0,BAU,,LANDFILL_ELEC,N2O_WASTE,,2026,,,,,,,0.0,,,,,,,,,,,,,,
0,0,BAU,,LANDFILL_ELEC,N2O_WASTE,,2027,,,,,,,0.0,,,,,,,,,,,,,,
0,0,BAU,,LANDFILL_ELEC,N2O_WASTE,,2028,,,,,,,0.0,,,,,,,,,,,,,,
0,0,BAU,,LANDFILL_ELEC,N2O_WASTE,,2029,,,,,,,0.0,,,,,,,,,,,,,,
0,0,BAU,,LANDFILL_ELEC,N2O_WASTE,,2030,,,,,,,0.0,,,,,,,,,,,,,,
0,0,BAU,,LANDFILL_ELEC,N2O_WASTE,,2031,,,,,,,0.0,,,,,,,,,,,,,,
0,0,BAU,,LANDFILL_ELEC,N2O_WASTE,,2032,,,,,,,0.0,,,,,,,,,,,,,,
0,0,BAU,,LANDFILL_ELEC,N2O_WASTE,,2033,,,,,,,0.0,,,,,,,,,,,,,,
0,0,BAU,,LANDFILL_ELEC,N2O_WASTE,,2034,,,,,,,0.0,,,,,,,,,,,,,,
0,0,BAU,,LANDFILL_ELEC,N2O_WASTE,,2035,,,,,,,0.0,,,,,,,,,,,,,,
0,0,BAU,,LANDFILL_ELEC,N2O_WASTE,,2036,,,,,,,0.0,,,,,,,,,,,,,,
0,0,BAU,,LANDFILL_ELEC,N2O_WASTE,,2037,,,,,,,0.0,,,,,,,,,,,,,,
0,0,BAU,,LANDFILL_ELEC,N2O_WASTE,,2038,,,,,,,0.0,,,,,,,,,,,,,,
0,0,BAU,,LANDFILL_ELEC,N2O_WASTE,,2039,,,,,,,0.0,,,,,,,,,,,,,,
0,0,BAU,,LANDFILL_ELEC,N2O_WASTE,,2040,,,,,,,0.0,,,,,,,,,,,,,,
0,0,BAU,,LANDFILL_ELEC,N2O_WASTE,,2041,,,,,,,0.0,,,,,,,,,,,,,,
0,0,BAU,,LANDFILL_ELEC,N2O_WASTE,,2042,,,,,,,0.0,,,,,,,,,,,,,,
0,0,BAU,,LANDFILL_ELEC,N2O_WASTE,,2043,,,,,,,0.0,,,,,,,,,,,,,,
0,0,BAU,,LANDFILL_ELEC,N2O_WASTE,,2044,,,,,,,0.0,,,,,,,,,,,,,,
0,0,BAU,,LANDFILL_ELEC,N2O_WASTE,,2045,,,,,,,0.0,,,,,,,,,,,,,,
0,0,BAU,,LANDFILL_ELEC,N2O_WASTE,,2046,,,,,,,0.0,,,,,,,,,,,,,,
0,0,BAU,,LANDFILL_ELEC,N2O_WASTE,,2047,,,,,,,0.0,,,,,,,,,,,,,,
0,0,BAU,,LANDFILL_ELEC,N2O_WASTE,,2048,,,,,,,0.0,,,,,,,,,,,,,,
0,0,BAU,,LANDFILL_ELEC,N2O_WASTE,,2049,,,,,,,0.0,,,,,,,,,,,,,,
0,0,BAU,,LANDFILL_ELEC,N2O_WASTE,,2050,,,,,,,0.0,,,,,,,,,,,,,,
0,0,BAU,,IND_SW,CO2e_WASTE,,2018,,,,,,,0.0,,,,,,,,,,,,,,
0,0,BAU,,IND_SW,CO2e_WASTE,,2019,,,,,,,0.0,,,,,,,,,,,,,,
0,0,BAU,,IND_SW,CO2e_WASTE,,2020,,,,,,,0.0,,,,,,,,,,,,,,
0,0,BAU,,IND_SW,CO2e_WASTE,,2021,,,,,,,0.0,,,,,,,,,,,,,,
0,0,BAU,,IND_SW,CO2e_WASTE,,2022,,,,,,,0.0,,,,,,,,,,,,,,
0,0,BAU,,IND_SW,CO2e_WASTE,,2023,,,,,,,0.0,,,,,,,,,,,,,,
0,0,BAU,,IND_SW,CO2e_WASTE,,2024,,,,,,,0.0,,,,,,,,,,,,,,
0,0,BAU,,IND_SW,CO2e_WASTE,,2025,,,,,,,0.0,,,,,,,,,,,,,,
0,0,BAU,,IND_SW,CO2e_WASTE,,2026,,,,,,,0.0,,,,,,,,,,,,,,
0,0,BAU,,IND_SW,CO2e_WASTE,,2027,,,,,,,0.0,,,,,,,,,,,,,,
0,0,BAU,,IND_SW,CO2e_WASTE,,2028,,,,,,,0.0,,,,,,,,,,,,,,
0,0,BAU,,IND_SW,CO2e_WASTE,,2029,,,,,,,0.0,,,,,,,,,,,,,,
0,0,BAU,,IND_SW,CO2e_WASTE,,2030,,,,,,,0.0,,,,,,,,,,,,,,
0,0,BAU,,IND_SW,CO2e_WASTE,,2031,,,,,,,0.0,,,,,,,,,,,,,,
0,0,BAU,,IND_SW,CO2e_WASTE,,2032,,,,,,,0.0,,,,,,,,,,,,,,
0,0,BAU,,IND_SW,CO2e_WASTE,,2033,,,,,,,0.0,,,,,,,,,,,,,,
0,0,BAU,,IND_SW,CO2e_WASTE,,2034,,,,,,,0.0,,,,,,,,,,,,,,
0,0,BAU,,IND_SW,CO2e_WASTE,,2035,,,,,,,0.0,,,,,,,,,,,,,,
0,0,BAU,,IND_SW,CO2e_WASTE,,2036,,,,,,,0.0,,,,,,,,,,,,,,
0,0,BAU,,IND_SW,CO2e_WASTE,,2037,,,,,,,0.0,,,,,,,,,,,,,,
0,0,BAU,,IND_SW,CO2e_WASTE,,2038,,,,,,,0.0,,,,,,,,,,,,,,
0,0,BAU,,IND_SW,CO2e_WASTE,,2039,,,,,,,0.0,,,,,,,,,,,,,,
0,0,BAU,,IND_SW,CO2e_WASTE,,2040,,,,,,,0.0,,,,,,,,,,,,,,
0,0,BAU,,IND_SW,CO2e_WASTE,,2041,,,,,,,0.0,,,,,,,,,,,,,,
0,0,BAU,,IND_SW,CO2e_WASTE,,2042,,,,,,,0.0,,,,,,,,,,,,,,
0,0,BAU,,IND_SW,CO2e_WASTE,,2043,,,,,,,0.0,,,,,,,,,,,,,,
0,0,BAU,,IND_SW,CO2e_WASTE,,2044,,,,,,,0.0,,,,,,,,,,,,,,
0,0,BAU,,IND_SW,CO2e_WASTE,,2045,,,,,,,0.0,,,,,,,,,,,,,,
0,0,BAU,,IND_SW,CO2e_WASTE,,2046,,,,,,,0.0,,,,,,,,,,,,,,
0,0,BAU,,IND_SW,CO2e_WASTE,,2047,,,,,,,0.0,,,,,,,,,,,,,,
0,0,BAU,,IND_SW,CO2e_WASTE,,2048,,,,,,,0.0,,,,,,,,,,,,,,
0,0,BAU,,IND_SW,CO2e_WASTE,,2049,,,,,,,0.0,,,,,,,,,,,,,,
0,0,BAU,,IND_SW,CO2e_WASTE,,2050,,,,,,,0.0,,,,,,,,,,,,,,
0,0,BAU,,IND_SW,CO2_WASTE,,2018,,,,,,,0.0,,,,,,,,,,,,,,
0,0,BAU,,IND_SW,CO2_WASTE,,2019,,,,,,,0.0,,,,,,,,,,,,,,
0,0,BAU,,IND_SW,CO2_WASTE,,2020,,,,,,,0.0,,,,,,,,,,,,,,
0,0,BAU,,IND_SW,CO2_WASTE,,2021,,,,,,,0.0,,,,,,,,,,,,,,
0,0,BAU,,IND_SW,CO2_WASTE,,2022,,,,,,,0.0,,,,,,,,,,,,,,
0,0,BAU,,IND_SW,CO2_WASTE,,2023,,,,,,,0.0,,,,,,,,,,,,,,
0,0,BAU,,IND_SW,CO2_WASTE,,2024,,,,,,,0.0,,,,,,,,,,,,,,
0,0,BAU,,IND_SW,CO2_WASTE,,2025,,,,,,,0.0,,,,,,,,,,,,,,
0,0,BAU,,IND_SW,CO2_WASTE,,2026,,,,,,,0.0,,,,,,,,,,,,,,
0,0,BAU,,IND_SW,CO2_WASTE,,2027,,,,,,,0.0,,,,,,,,,,,,,,
0,0,BAU,,IND_SW,CO2_WASTE,,2028,,,,,,,0.0,,,,,,,,,,,,,,
0,0,BAU,,IND_SW,CO2_WASTE,,2029,,,,,,,0.0,,,,,,,,,,,,,,
0,0,BAU,,IND_SW,CO2_WASTE,,2030,,,,,,,0.0,,,,,,,,,,,,,,
0,0,BAU,,IND_SW,CO2_WASTE,,2031,,,,,,,0.0,,,,,,,,,,,,,,
0,0,BAU,,IND_SW,CO2_WASTE,,2032,,,,,,,0.0,,,,,,,,,,,,,,
0,0,BAU,,IND_SW,CO2_WASTE,,2033,,,,,,,0.0,,,,,,,,,,,,,,
0,0,BAU,,IND_SW,CO2_WASTE,,2034,,,,,,,0.0,,,,,,,,,,,,,,
0,0,BAU,,IND_SW,CO2_WASTE,,2035,,,,,,,0.0,,,,,,,,,,,,,,
0,0,BAU,,IND_SW,CO2_WASTE,,2036,,,,,,,0.0,,,,,,,,,,,,,,
0,0,BAU,,IND_SW,CO2_WASTE,,2037,,,,,,,0.0,,,,,,,,,,,,,,
0,0,BAU,,IND_SW,CO2_WASTE,,2038,,,,,,,0.0,,,,,,,,,,,,,,
0,0,BAU,,IND_SW,CO2_WASTE,,2039,,,,,,,0.0,,,,,,,,,,,,,,
0,0,BAU,,IND_SW,CO2_WASTE,,2040,,,,,,,0.0,,,,,,,,,,,,,,
0,0,BAU,,IND_SW,CO2_WASTE,,2041,,,,,,,0.0,,,,,,,,,,,,,,
0,0,BAU,,IND_SW,CO2_WASTE,,2042,,,,,,,0.0,,,,,,,,,,,,,,
0,0,BAU,,IND_SW,CO2_WASTE,,2043,,,,,,,0.0,,,,,,,,,,,,,,
0,0,BAU,,IND_SW,CO2_WASTE,,2044,,,,,,,0.0,,,,,,,,,,,,,,
0,0,BAU,,IND_SW,CO2_WASTE,,2045,,,,,,,0.0,,,,,,,,,,,,,,
0,0,BAU,,IND_SW,CO2_WASTE,,2046,,,,,,,0.0,,,,,,,,,,,,,,
0,0,BAU,,IND_SW,CO2_WASTE,,2047,,,,,,,0.0,,,,,,,,,,,,,,
0,0,BAU,,IND_SW,CO2_WASTE,,2048,,,,,,,0.0,,,,,,,,,,,,,,
0,0,BAU,,IND_SW,CO2_WASTE,,2049,,,,,,,0.0,,,,,,,,,,,,,,
0,0,BAU,,IND_SW,CO2_WASTE,,2050,,,,,,,0.0,,,,,,,,,,,,,,
0,0,BAU,,IND_SW,CH4_WASTE,,2018,,,,,,,0.0,,,,,,,,,,,,,,
0,0,BAU,,IND_SW,CH4_WASTE,,2019,,,,,,,0.0,,,,,,,,,,,,,,
0,0,BAU,,IND_SW,CH4_WASTE,,2020,,,,,,,0.0,,,,,,,,,,,,,,
0,0,BAU,,IND_SW,CH4_WASTE,,2021,,,,,,,0.0,,,,,,,,,,,,,,
0,0,BAU,,IND_SW,CH4_WASTE,,2022,,,,,,,0.0,,,,,,,,,,,,,,
0,0,BAU,,IND_SW,CH4_WASTE,,2023,,,,,,,0.0,,,,,,,,,,,,,,
0,0,BAU,,IND_SW,CH4_WASTE,,2024,,,,,,,0.0,,,,,,,,,,,,,,
0,0,BAU,,IND_SW,CH4_WASTE,,2025,,,,,,,0.0,,,,,,,,,,,,,,
0,0,BAU,,IND_SW,CH4_WASTE,,2026,,,,,,,0.0,,,,,,,,,,,,,,
0,0,BAU,,IND_SW,CH4_WASTE,,2027,,,,,,,0.0,,,,,,,,,,,,,,
0,0,BAU,,IND_SW,CH4_WASTE,,2028,,,,,,,0.0,,,,,,,,,,,,,,
0,0,BAU,,IND_SW,CH4_WASTE,,2029,,,,,,,0.0,,,,,,,,,,,,,,
0,0,BAU,,IND_SW,CH4_WASTE,,2030,,,,,,,0.0,,,,,,,,,,,,,,
0,0,BAU,,IND_SW,CH4_WASTE,,2031,,,,,,,0.0,,,,,,,,,,,,,,
0,0,BAU,,IND_SW,CH4_WASTE,,2032,,,,,,,0.0,,,,,,,,,,,,,,
0,0,BAU,,IND_SW,CH4_WASTE,,2033,,,,,,,0.0,,,,,,,,,,,,,,
0,0,BAU,,IND_SW,CH4_WASTE,,2034,,,,,,,0.0,,,,,,,,,,,,,,
0,0,BAU,,IND_SW,CH4_WASTE,,2035,,,,,,,0.0,,,,,,,,,,,,,,
0,0,BAU,,IND_SW,CH4_WASTE,,2036,,,,,,,0.0,,,,,,,,,,,,,,
0,0,BAU,,IND_SW,CH4_WASTE,,2037,,,,,,,0.0,,,,,,,,,,,,,,
0,0,BAU,,IND_SW,CH4_WASTE,,2038,,,,,,,0.0,,,,,,,,,,,,,,
0,0,BAU,,IND_SW,CH4_WASTE,,2039,,,,,,,0.0,,,,,,,,,,,,,,
0,0,BAU,,IND_SW,CH4_WASTE,,2040,,,,,,,0.0,,,,,,,,,,,,,,
0,0,BAU,,IND_SW,CH4_WASTE,,2041,,,,,,,0.0,,,,,,,,,,,,,,
0,0,BAU,,IND_SW,CH4_WASTE,,2042,,,,,,,0.0,,,,,,,,,,,,,,
0,0,BAU,,IND_SW,CH4_WASTE,,2043,,,,,,,0.0,,,,,,,,,,,,,,
0,0,BAU,,IND_SW,CH4_WASTE,,2044,,,,,,,0.0,,,,,,,,,,,,,,
0,0,BAU,,IND_SW,CH4_WASTE,,2045,,,,,,,0.0,,,,,,,,,,,,,,
0,0,BAU,,IND_SW,CH4_WASTE,,2046,,,,,,,0.0,,,,,,,,,,,,,,
0,0,BAU,,IND_SW,CH4_WASTE,,2047,,,,,,,0.0,,,,,,,,,,,,,,
0,0,BAU,,IND_SW,CH4_WASTE,,2048,,,,,,,0.0,,,,,,,,,,,,,,
0,0,BAU,,IND_SW,CH4_WASTE,,2049,,,,,,,0.0,,,,,,,,,,,,,,
0,0,BAU,,IND_SW,CH4_WASTE,,2050,,,,,,,0.0,,,,,,,,,,,,,,
0,0,BAU,,IND_SW,N2O_WASTE,,2018,,,,,,,0.0,,,,,,,,,,,,,,
0,0,BAU,,IND_SW,N2O_WASTE,,2019,,,,,,,0.0,,,,,,,,,,,,,,
0,0,BAU,,IND_SW,N2O_WASTE,,2020,,,,,,,0.0,,,,,,,,,,,,,,
0,0,BAU,,IND_SW,N2O_WASTE,,2021,,,,,,,0.0,,,,,,,,,,,,,,
0,0,BAU,,IND_SW,N2O_WASTE,,2022,,,,,,,0.0,,,,,,,,,,,,,,
0,0,BAU,,IND_SW,N2O_WASTE,,2023,,,,,,,0.0,,,,,,,,,,,,,,
0,0,BAU,,IND_SW,N2O_WASTE,,2024,,,,,,,0.0,,,,,,,,,,,,,,
0,0,BAU,,IND_SW,N2O_WASTE,,2025,,,,,,,0.0,,,,,,,,,,,,,,
0,0,BAU,,IND_SW,N2O_WASTE,,2026,,,,,,,0.0,,,,,,,,,,,,,,
0,0,BAU,,IND_SW,N2O_WASTE,,2027,,,,,,,0.0,,,,,,,,,,,,,,
0,0,BAU,,IND_SW,N2O_WASTE,,2028,,,,,,,0.0,,,,,,,,,,,,,,
0,0,BAU,,IND_SW,N2O_WASTE,,2029,,,,,,,0.0,,,,,,,,,,,,,,
0,0,BAU,,IND_SW,N2O_WASTE,,2030,,,,,,,0.0,,,,,,,,,,,,,,
0,0,BAU,,IND_SW,N2O_WASTE,,2031,,,,,,,0.0,,,,,,,,,,,,,,
0,0,BAU,,IND_SW,N2O_WASTE,,2032,,,,,,,0.0,,,,,,,,,,,,,,
0,0,BAU,,IND_SW,N2O_WASTE,,2033,,,,,,,0.0,,,,,,,,,,,,,,
0,0,BAU,,IND_SW,N2O_WASTE,,2034,,,,,,,0.0,,,,,,,,,,,,,,
0,0,BAU,,IND_SW,N2O_WASTE,,2035,,,,,,,0.0,,,,,,,,,,,,,,
0,0,BAU,,IND_SW,N2O_WASTE,,2036,,,,,,,0.0,,,,,,,,,,,,,,
0,0,BAU,,IND_SW,N2O_WASTE,,2037,,,,,,,0.0,,,,,,,,,,,,,,
0,0,BAU,,IND_SW,N2O_WASTE,,2038,,,,,,,0.0,,,,,,,,,,,,,,
0,0,BAU,,IND_SW,N2O_WASTE,,2039,,,,,,,0.0,,,,,,,,,,,,,,
0,0,BAU,,IND_SW,N2O_WASTE,,2040,,,,,,,0.0,,,,,,,,,,,,,,
0,0,BAU,,IND_SW,N2O_WASTE,,2041,,,,,,,0.0,,,,,,,,,,,,,,
0,0,BAU,,IND_SW,N2O_WASTE,,2042,,,,,,,0.0,,,,,,,,,,,,,,
0,0,BAU,,IND_SW,N2O_WASTE,,2043,,,,,,,0.0,,,,,,,,,,,,,,
0,0,BAU,,IND_SW,N2O_WASTE,,2044,,,,,,,0.0,,,,,,,,,,,,,,
0,0,BAU,,IND_SW,N2O_WASTE,,2045,,,,,,,0.0,,,,,,,,,,,,,,
0,0,BAU,,IND_SW,N2O_WASTE,,2046,,,,,,,0.0,,,,,,,,,,,,,,
0,0,BAU,,IND_SW,N2O_WASTE,,2047,,,,,,,0.0,,,,,,,,,,,,,,
0,0,BAU,,IND_SW,N2O_WASTE,,2048,,,,,,,0.0,,,,,,,,,,,,,,
0,0,BAU,,IND_SW,N2O_WASTE,,2049,,,,,,,0.0,,,,,,,,,,,,,,
0,0,BAU,,IND_SW,N2O_WASTE,,2050,,,,,,,0.0,,,,,,,,,,,,,,
0,0,BAU,,CO2_CH4_BURN,CO2e_WASTE,,2018,,,,,,,0.0,,,,,,,,,,,,,,
0,0,BAU,,CO2_CH4_BURN,CO2e_WASTE,,2019,,,,,,,0.0,,,,,,,,,,,,,,
0,0,BAU,,CO2_CH4_BURN,CO2e_WASTE,,2020,,,,,,,0.0,,,,,,,,,,,,,,
0,0,BAU,,CO2_CH4_BURN,CO2e_WASTE,,2021,,,,,,,0.0,,,,,,,,,,,,,,
0,0,BAU,,CO2_CH4_BURN,CO2e_WASTE,,2022,,,,,,,0.0,,,,,,,,,,,,,,
0,0,BAU,,CO2_CH4_BURN,CO2e_WASTE,,2023,,,,,,,0.0,,,,,,,,,,,,,,
0,0,BAU,,CO2_CH4_BURN,CO2e_WASTE,,2024,,,,,,,0.0,,,,,,,,,,,,,,
0,0,BAU,,CO2_CH4_BURN,CO2e_WASTE,,2025,,,,,,,0.0,,,,,,,,,,,,,,
0,0,BAU,,CO2_CH4_BURN,CO2e_WASTE,,2026,,,,,,,0.0,,,,,,,,,,,,,,
0,0,BAU,,CO2_CH4_BURN,CO2e_WASTE,,2027,,,,,,,0.0,,,,,,,,,,,,,,
0,0,BAU,,CO2_CH4_BURN,CO2e_WASTE,,2028,,,,,,,0.0,,,,,,,,,,,,,,
0,0,BAU,,CO2_CH4_BURN,CO2e_WASTE,,2029,,,,,,,0.0,,,,,,,,,,,,,,
0,0,BAU,,CO2_CH4_BURN,CO2e_WASTE,,2030,,,,,,,0.0,,,,,,,,,,,,,,
0,0,BAU,,CO2_CH4_BURN,CO2e_WASTE,,2031,,,,,,,0.0,,,,,,,,,,,,,,
0,0,BAU,,CO2_CH4_BURN,CO2e_WASTE,,2032,,,,,,,0.0,,,,,,,,,,,,,,
0,0,BAU,,CO2_CH4_BURN,CO2e_WASTE,,2033,,,,,,,0.0,,,,,,,,,,,,,,
0,0,BAU,,CO2_CH4_BURN,CO2e_WASTE,,2034,,,,,,,0.0,,,,,,,,,,,,,,
0,0,BAU,,CO2_CH4_BURN,CO2e_WASTE,,2035,,,,,,,0.0,,,,,,,,,,,,,,
0,0,BAU,,CO2_CH4_BURN,CO2e_WASTE,,2036,,,,,,,0.0,,,,,,,,,,,,,,
0,0,BAU,,CO2_CH4_BURN,CO2e_WASTE,,2037,,,,,,,0.0,,,,,,,,,,,,,,
0,0,BAU,,CO2_CH4_BURN,CO2e_WASTE,,2038,,,,,,,0.0,,,,,,,,,,,,,,
0,0,BAU,,CO2_CH4_BURN,CO2e_WASTE,,2039,,,,,,,0.0,,,,,,,,,,,,,,
0,0,BAU,,CO2_CH4_BURN,CO2e_WASTE,,2040,,,,,,,0.0,,,,,,,,,,,,,,
0,0,BAU,,CO2_CH4_BURN,CO2e_WASTE,,2041,,,,,,,0.0,,,,,,,,,,,,,,
0,0,BAU,,CO2_CH4_BURN,CO2e_WASTE,,2042,,,,,,,0.0,,,,,,,,,,,,,,
0,0,BAU,,CO2_CH4_BURN,CO2e_WASTE,,2043,,,,,,,0.0,,,,,,,,,,,,,,
0,0,BAU,,CO2_CH4_BURN,CO2e_WASTE,,2044,,,,,,,0.0,,,,,,,,,,,,,,
0,0,BAU,,CO2_CH4_BURN,CO2e_WASTE,,2045,,,,,,,0.0,,,,,,,,,,,,,,
0,0,BAU,,CO2_CH4_BURN,CO2e_WASTE,,2046,,,,,,,0.0,,,,,,,,,,,,,,
0,0,BAU,,CO2_CH4_BURN,CO2e_WASTE,,2047,,,,,,,0.0,,,,,,,,,,,,,,
0,0,BAU,,CO2_CH4_BURN,CO2e_WASTE,,2048,,,,,,,0.0,,,,,,,,,,,,,,
0,0,BAU,,CO2_CH4_BURN,CO2e_WASTE,,2049,,,,,,,0.0,,,,,,,,,,,,,,
0,0,BAU,,CO2_CH4_BURN,CO2e_WASTE,,2050,,,,,,,0.0,,,,,,,,,,,,,,
0,0,BAU,,CO2_CH4_BURN,CO2_WASTE,,2018,,,,,,,0.0,,,,,,,,,,,,,,
0,0,BAU,,CO2_CH4_BURN,CO2_WASTE,,2019,,,,,,,0.0,,,,,,,,,,,,,,
0,0,BAU,,CO2_CH4_BURN,CO2_WASTE,,2020,,,,,,,0.0,,,,,,,,,,,,,,
0,0,BAU,,CO2_CH4_BURN,CO2_WASTE,,2021,,,,,,,0.0,,,,,,,,,,,,,,
0,0,BAU,,CO2_CH4_BURN,CO2_WASTE,,2022,,,,,,,0.0,,,,,,,,,,,,,,
0,0,BAU,,CO2_CH4_BURN,CO2_WASTE,,2023,,,,,,,0.0,,,,,,,,,,,,,,
0,0,BAU,,CO2_CH4_BURN,CO2_WASTE,,2024,,,,,,,0.0,,,,,,,,,,,,,,
0,0,BAU,,CO2_CH4_BURN,CO2_WASTE,,2025,,,,,,,0.0,,,,,,,,,,,,,,
0,0,BAU,,CO2_CH4_BURN,CO2_WASTE,,2026,,,,,,,0.0,,,,,,,,,,,,,,
0,0,BAU,,CO2_CH4_BURN,CO2_WASTE,,2027,,,,,,,0.0,,,,,,,,,,,,,,
0,0,BAU,,CO2_CH4_BURN,CO2_WASTE,,2028,,,,,,,0.0,,,,,,,,,,,,,,
0,0,BAU,,CO2_CH4_BURN,CO2_WASTE,,2029,,,,,,,0.0,,,,,,,,,,,,,,
0,0,BAU,,CO2_CH4_BURN,CO2_WASTE,,2030,,,,,,,0.0,,,,,,,,,,,,,,
0,0,BAU,,CO2_CH4_BURN,CO2_WASTE,,2031,,,,,,,0.0,,,,,,,,,,,,,,
0,0,BAU,,CO2_CH4_BURN,CO2_WASTE,,2032,,,,,,,0.0,,,,,,,,,,,,,,
0,0,BAU,,CO2_CH4_BURN,CO2_WASTE,,2033,,,,,,,0.0,,,,,,,,,,,,,,
0,0,BAU,,CO2_CH4_BURN,CO2_WASTE,,2034,,,,,,,0.0,,,,,,,,,,,,,,
0,0,BAU,,CO2_CH4_BURN,CO2_WASTE,,2035,,,,,,,0.0,,,,,,,,,,,,,,
0,0,BAU,,CO2_CH4_BURN,CO2_WASTE,,2036,,,,,,,0.0,,,,,,,,,,,,,,
0,0,BAU,,CO2_CH4_BURN,CO2_WASTE,,2037,,,,,,,0.0,,,,,,,,,,,,,,
0,0,BAU,,CO2_CH4_BURN,CO2_WASTE,,2038,,,,,,,0.0,,,,,,,,,,,,,,
0,0,BAU,,CO2_CH4_BURN,CO2_WASTE,,2039,,,,,,,0.0,,,,,,,,,,,,,,
0,0,BAU,,CO2_CH4_BURN,CO2_WASTE,,2040,,,,,,,0.0,,,,,,,,,,,,,,
0,0,BAU,,CO2_CH4_BURN,CO2_WASTE,,2041,,,,,,,0.0,,,,,,,,,,,,,,
0,0,BAU,,CO2_CH4_BURN,CO2_WASTE,,2042,,,,,,,0.0,,,,,,,,,,,,,,
0,0,BAU,,CO2_CH4_BURN,CO2_WASTE,,2043,,,,,,,0.0,,,,,,,,,,,,,,
0,0,BAU,,CO2_CH4_BURN,CO2_WASTE,,2044,,,,,,,0.0,,,,,,,,,,,,,,
0,0,BAU,,CO2_CH4_BURN,CO2_WASTE,,2045,,,,,,,0.0,,,,,,,,,,,,,,
0,0,BAU,,CO2_CH4_BURN,CO2_WASTE,,2046,,,,,,,0.0,,,,,,,,,,,,,,
0,0,BAU,,CO2_CH4_BURN,CO2_WASTE,,2047,,,,,,,0.0,,,,,,,,,,,,,,
0,0,BAU,,CO2_CH4_BURN,CO2_WASTE,,2048,,,,,,,0.0,,,,,,,,,,,,,,
0,0,BAU,,CO2_CH4_BURN,CO2_WASTE,,2049,,,,,,,0.0,,,,,,,,,,,,,,
0,0,BAU,,CO2_CH4_BURN,CO2_WASTE,,2050,,,,,,,0.0,,,,,,,,,,,,,,
0,0,BAU,,CO2_CH4_BURN,CH4_WASTE,,2018,,,,,,,0.0,,,,,,,,,,,,,,
0,0,BAU,,CO2_CH4_BURN,CH4_WASTE,,2019,,,,,,,0.0,,,,,,,,,,,,,,
0,0,BAU,,CO2_CH4_BURN,CH4_WASTE,,2020,,,,,,,0.0,,,,,,,,,,,,,,
0,0,BAU,,CO2_CH4_BURN,CH4_WASTE,,2021,,,,,,,0.0,,,,,,,,,,,,,,
0,0,BAU,,CO2_CH4_BURN,CH4_WASTE,,2022,,,,,,,0.0,,,,,,,,,,,,,,
0,0,BAU,,CO2_CH4_BURN,CH4_WASTE,,2023,,,,,,,0.0,,,,,,,,,,,,,,
0,0,BAU,,CO2_CH4_BURN,CH4_WASTE,,2024,,,,,,,0.0,,,,,,,,,,,,,,
0,0,BAU,,CO2_CH4_BURN,CH4_WASTE,,2025,,,,,,,0.0,,,,,,,,,,,,,,
0,0,BAU,,CO2_CH4_BURN,CH4_WASTE,,2026,,,,,,,0.0,,,,,,,,,,,,,,
0,0,BAU,,CO2_CH4_BURN,CH4_WASTE,,2027,,,,,,,0.0,,,,,,,,,,,,,,
0,0,BAU,,CO2_CH4_BURN,CH4_WASTE,,2028,,,,,,,0.0,,,,,,,,,,,,,,
0,0,BAU,,CO2_CH4_BURN,CH4_WASTE,,2029,,,,,,,0.0,,,,,,,,,,,,,,
0,0,BAU,,CO2_CH4_BURN,CH4_WASTE,,2030,,,,,,,0.0,,,,,,,,,,,,,,
0,0,BAU,,CO2_CH4_BURN,CH4_WASTE,,2031,,,,,,,0.0,,,,,,,,,,,,,,
0,0,BAU,,CO2_CH4_BURN,CH4_WASTE,,2032,,,,,,,0.0,,,,,,,,,,,,,,
0,0,BAU,,CO2_CH4_BURN,CH4_WASTE,,2033,,,,,,,0.0,,,,,,,,,,,,,,
0,0,BAU,,CO2_CH4_BURN,CH4_WASTE,,2034,,,,,,,0.0,,,,,,,,,,,,,,
0,0,BAU,,CO2_CH4_BURN,CH4_WASTE,,2035,,,,,,,0.0,,,,,,,,,,,,,,
0,0,BAU,,CO2_CH4_BURN,CH4_WASTE,,2036,,,,,,,0.0,,,,,,,,,,,,,,
0,0,BAU,,CO2_CH4_BURN,CH4_WASTE,,2037,,,,,,,0.0,,,,,,,,,,,,,,
0,0,BAU,,CO2_CH4_BURN,CH4_WASTE,,2038,,,,,,,0.0,,,,,,,,,,,,,,
0,0,BAU,,CO2_CH4_BURN,CH4_WASTE,,2039,,,,,,,0.0,,,,,,,,,,,,,,
0,0,BAU,,CO2_CH4_BURN,CH4_WASTE,,2040,,,,,,,0.0,,,,,,,,,,,,,,
0,0,BAU,,CO2_CH4_BURN,CH4_WASTE,,2041,,,,,,,0.0,,,,,,,,,,,,,,
0,0,BAU,,CO2_CH4_BURN,CH4_WASTE,,2042,,,,,,,0.0,,,,,,,,,,,,,,
0,0,BAU,,CO2_CH4_BURN,CH4_WASTE,,2043,,,,,,,0.0,,,,,,,,,,,,,,
0,0,BAU,,CO2_CH4_BURN,CH4_WASTE,,2044,,,,,,,0.0,,,,,,,,,,,,,,
0,0,BAU,,CO2_CH4_BURN,CH4_WASTE,,2045,,,,,,,0.0,,,,,,,,,,,,,,
0,0,BAU,,CO2_CH4_BURN,CH4_WASTE,,2046,,,,,,,0.0,,,,,,,,,,,,,,
0,0,BAU,,CO2_CH4_BURN,CH4_WASTE,,2047,,,,,,,0.0,,,,,,,,,,,,,,
0,0,BAU,,CO2_CH4_BURN,CH4_WASTE,,2048,,,,,,,0.0,,,,,,,,,,,,,,
0,0,BAU,,CO2_CH4_BURN,CH4_WASTE,,2049,,,,,,,0.0,,,,,,,,,,,,,,
0,0,BAU,,CO2_CH4_BURN,CH4_WASTE,,2050,,,,,,,0.0,,,,,,,,,,,,,,
0,0,BAU,,CO2_CH4_BURN,N2O_WASTE,,2018,,,,,,,0.0,,,,,,,,,,,,,,
0,0,BAU,,CO2_CH4_BURN,N2O_WASTE,,2019,,,,,,,0.0,,,,,,,,,,,,,,
0,0,BAU,,CO2_CH4_BURN,N2O_WASTE,,2020,,,,,,,0.0,,,,,,,,,,,,,,
0,0,BAU,,CO2_CH4_BURN,N2O_WASTE,,2021,,,,,,,0.0,,,,,,,,,,,,,,
0,0,BAU,,CO2_CH4_BURN,N2O_WASTE,,2022,,,,,,,0.0,,,,,,,,,,,,,,
0,0,BAU,,CO2_CH4_BURN,N2O_WASTE,,2023,,,,,,,0.0,,,,,,,,,,,,,,
0,0,BAU,,CO2_CH4_BURN,N2O_WASTE,,2024,,,,,,,0.0,,,,,,,,,,,,,,
0,0,BAU,,CO2_CH4_BURN,N2O_WASTE,,2025,,,,,,,0.0,,,,,,,,,,,,,,
0,0,BAU,,CO2_CH4_BURN,N2O_WASTE,,2026,,,,,,,0.0,,,,,,,,,,,,,,
0,0,BAU,,CO2_CH4_BURN,N2O_WASTE,,2027,,,,,,,0.0,,,,,,,,,,,,,,
0,0,BAU,,CO2_CH4_BURN,N2O_WASTE,,2028,,,,,,,0.0,,,,,,,,,,,,,,
0,0,BAU,,CO2_CH4_BURN,N2O_WASTE,,2029,,,,,,,0.0,,,,,,,,,,,,,,
0,0,BAU,,CO2_CH4_BURN,N2O_WASTE,,2030,,,,,,,0.0,,,,,,,,,,,,,,
0,0,BAU,,CO2_CH4_BURN,N2O_WASTE,,2031,,,,,,,0.0,,,,,,,,,,,,,,
0,0,BAU,,CO2_CH4_BURN,N2O_WASTE,,2032,,,,,,,0.0,,,,,,,,,,,,,,
0,0,BAU,,CO2_CH4_BURN,N2O_WASTE,,2033,,,,,,,0.0,,,,,,,,,,,,,,
0,0,BAU,,CO2_CH4_BURN,N2O_WASTE,,2034,,,,,,,0.0,,,,,,,,,,,,,,
0,0,BAU,,CO2_CH4_BURN,N2O_WASTE,,2035,,,,,,,0.0,,,,,,,,,,,,,,
0,0,BAU,,CO2_CH4_BURN,N2O_WASTE,,2036,,,,,,,0.0,,,,,,,,,,,,,,
0,0,BAU,,CO2_CH4_BURN,N2O_WASTE,,2037,,,,,,,0.0,,,,,,,,,,,,,,
0,0,BAU,,CO2_CH4_BURN,N2O_WASTE,,2038,,,,,,,0.0,,,,,,,,,,,,,,
0,0,BAU,,CO2_CH4_BURN,N2O_WASTE,,2039,,,,,,,0.0,,,,,,,,,,,,,,
0,0,BAU,,CO2_CH4_BURN,N2O_WASTE,,2040,,,,,,,0.0,,,,,,,,,,,,,,
0,0,BAU,,CO2_CH4_BURN,N2O_WASTE,,2041,,,,,,,0.0,,,,,,,,,,,,,,
0,0,BAU,,CO2_CH4_BURN,N2O_WASTE,,2042,,,,,,,0.0,,,,,,,,,,,,,,
0,0,BAU,,CO2_CH4_BURN,N2O_WASTE,,2043,,,,,,,0.0,,,,,,,,,,,,,,
0,0,BAU,,CO2_CH4_BURN,N2O_WASTE,,2044,,,,,,,0.0,,,,,,,,,,,,,,
0,0,BAU,,CO2_CH4_BURN,N2O_WASTE,,2045,,,,,,,0.0,,,,,,,,,,,,,,
0,0,BAU,,CO2_CH4_BURN,N2O_WASTE,,2046,,,,,,,0.0,,,,,,,,,,,,,,
0,0,BAU,,CO2_CH4_BURN,N2O_WASTE,,2047,,,,,,,0.0,,,,,,,,,,,,,,
0,0,BAU,,CO2_CH4_BURN,N2O_WASTE,,2048,,,,,,,0.0,,,,,,,,,,,,,,
0,0,BAU,,CO2_CH4_BURN,N2O_WASTE,,2049,,,,,,,0.0,,,,,,,,,,,,,,
0,0,BAU,,CO2_CH4_BURN,N2O_WASTE,,2050,,,,,,,0.0,,,,,,,,,,,,,,
0,0,BAU,,COMPOST_DOM,CO2e_WASTE,,2018,,,,,,,0.1915,,,,,,,,,,,,,,
0,0,BAU,,COMPOST_DOM,CO2e_WASTE,,2019,,,,,,,0.1915,,,,,,,,,,,,,,
0,0,BAU,,COMPOST_DOM,CO2e_WASTE,,2020,,,,,,,0.1915,,,,,,,,,,,,,,
0,0,BAU,,COMPOST_DOM,CO2e_WASTE,,2021,,,,,,,0.1915,,,,,,,,,,,,,,
0,0,BAU,,COMPOST_DOM,CO2e_WASTE,,2022,,,,,,,0.1915,,,,,,,,,,,,,,
0,0,BAU,,COMPOST_DOM,CO2e_WASTE,,2023,,,,,,,0.1915,,,,,,,,,,,,,,
0,0,BAU,,COMPOST_DOM,CO2e_WASTE,,2024,,,,,,,0.1915,,,,,,,,,,,,,,
0,0,BAU,,COMPOST_DOM,CO2e_WASTE,,2025,,,,,,,0.1915,,,,,,,,,,,,,,
0,0,BAU,,COMPOST_DOM,CO2e_WASTE,,2026,,,,,,,0.1915,,,,,,,,,,,,,,
0,0,BAU,,COMPOST_DOM,CO2e_WASTE,,2027,,,,,,,0.1915,,,,,,,,,,,,,,
0,0,BAU,,COMPOST_DOM,CO2e_WASTE,,2028,,,,,,,0.1915,,,,,,,,,,,,,,
0,0,BAU,,COMPOST_DOM,CO2e_WASTE,,2029,,,,,,,0.1915,,,,,,,,,,,,,,
0,0,BAU,,COMPOST_DOM,CO2e_WASTE,,2030,,,,,,,0.1915,,,,,,,,,,,,,,
0,0,BAU,,COMPOST_DOM,CO2e_WASTE,,2031,,,,,,,0.1915,,,,,,,,,,,,,,
0,0,BAU,,COMPOST_DOM,CO2e_WASTE,,2032,,,,,,,0.1915,,,,,,,,,,,,,,
0,0,BAU,,COMPOST_DOM,CO2e_WASTE,,2033,,,,,,,0.1915,,,,,,,,,,,,,,
0,0,BAU,,COMPOST_DOM,CO2e_WASTE,,2034,,,,,,,0.1915,,,,,,,,,,,,,,
0,0,BAU,,COMPOST_DOM,CO2e_WASTE,,2035,,,,,,,0.1915,,,,,,,,,,,,,,
0,0,BAU,,COMPOST_DOM,CO2e_WASTE,,2036,,,,,,,0.1915,,,,,,,,,,,,,,
0,0,BAU,,COMPOST_DOM,CO2e_WASTE,,2037,,,,,,,0.1915,,,,,,,,,,,,,,
0,0,BAU,,COMPOST_DOM,CO2e_WASTE,,2038,,,,,,,0.1915,,,,,,,,,,,,,,
0,0,BAU,,COMPOST_DOM,CO2e_WASTE,,2039,,,,,,,0.1915,,,,,,,,,,,,,,
0,0,BAU,,COMPOST_DOM,CO2e_WASTE,,2040,,,,,,,0.1915,,,,,,,,,,,,,,
0,0,BAU,,COMPOST_DOM,CO2e_WASTE,,2041,,,,,,,0.1915,,,,,,,,,,,,,,
0,0,BAU,,COMPOST_DOM,CO2e_WASTE,,2042,,,,,,,0.1915,,,,,,,,,,,,,,
0,0,BAU,,COMPOST_DOM,CO2e_WASTE,,2043,,,,,,,0.1915,,,,,,,,,,,,,,
0,0,BAU,,COMPOST_DOM,CO2e_WASTE,,2044,,,,,,,0.1915,,,,,,,,,,,,,,
0,0,BAU,,COMPOST_DOM,CO2e_WASTE,,2045,,,,,,,0.1915,,,,,,,,,,,,,,
0,0,BAU,,COMPOST_DOM,CO2e_WASTE,,2046,,,,,,,0.1915,,,,,,,,,,,,,,
0,0,BAU,,COMPOST_DOM,CO2e_WASTE,,2047,,,,,,,0.1915,,,,,,,,,,,,,,
0,0,BAU,,COMPOST_DOM,CO2e_WASTE,,2048,,,,,,,0.1915,,,,,,,,,,,,,,
0,0,BAU,,COMPOST_DOM,CO2e_WASTE,,2049,,,,,,,0.1915,,,,,,,,,,,,,,
0,0,BAU,,COMPOST_DOM,CO2e_WASTE,,2050,,,,,,,0.1915,,,,,,,,,,,,,,
0,0,BAU,,COMPOST_DOM,CO2_WASTE,,2018,,,,,,,0.0,,,,,,,,,,,,,,
0,0,BAU,,COMPOST_DOM,CO2_WASTE,,2019,,,,,,,0.0,,,,,,,,,,,,,,
0,0,BAU,,COMPOST_DOM,CO2_WASTE,,2020,,,,,,,0.0,,,,,,,,,,,,,,
0,0,BAU,,COMPOST_DOM,CO2_WASTE,,2021,,,,,,,0.0,,,,,,,,,,,,,,
0,0,BAU,,COMPOST_DOM,CO2_WASTE,,2022,,,,,,,0.0,,,,,,,,,,,,,,
0,0,BAU,,COMPOST_DOM,CO2_WASTE,,2023,,,,,,,0.0,,,,,,,,,,,,,,
0,0,BAU,,COMPOST_DOM,CO2_WASTE,,2024,,,,,,,0.0,,,,,,,,,,,,,,
0,0,BAU,,COMPOST_DOM,CO2_WASTE,,2025,,,,,,,0.0,,,,,,,,,,,,,,
0,0,BAU,,COMPOST_DOM,CO2_WASTE,,2026,,,,,,,0.0,,,,,,,,,,,,,,
0,0,BAU,,COMPOST_DOM,CO2_WASTE,,2027,,,,,,,0.0,,,,,,,,,,,,,,
0,0,BAU,,COMPOST_DOM,CO2_WASTE,,2028,,,,,,,0.0,,,,,,,,,,,,,,
0,0,BAU,,COMPOST_DOM,CO2_WASTE,,2029,,,,,,,0.0,,,,,,,,,,,,,,
0,0,BAU,,COMPOST_DOM,CO2_WASTE,,2030,,,,,,,0.0,,,,,,,,,,,,,,
0,0,BAU,,COMPOST_DOM,CO2_WASTE,,2031,,,,,,,0.0,,,,,,,,,,,,,,
0,0,BAU,,COMPOST_DOM,CO2_WASTE,,2032,,,,,,,0.0,,,,,,,,,,,,,,
0,0,BAU,,COMPOST_DOM,CO2_WASTE,,2033,,,,,,,0.0,,,,,,,,,,,,,,
0,0,BAU,,COMPOST_DOM,CO2_WASTE,,2034,,,,,,,0.0,,,,,,,,,,,,,,
0,0,BAU,,COMPOST_DOM,CO2_WASTE,,2035,,,,,,,0.0,,,,,,,,,,,,,,
0,0,BAU,,COMPOST_DOM,CO2_WASTE,,2036,,,,,,,0.0,,,,,,,,,,,,,,
0,0,BAU,,COMPOST_DOM,CO2_WASTE,,2037,,,,,,,0.0,,,,,,,,,,,,,,
0,0,BAU,,COMPOST_DOM,CO2_WASTE,,2038,,,,,,,0.0,,,,,,,,,,,,,,
0,0,BAU,,COMPOST_DOM,CO2_WASTE,,2039,,,,,,,0.0,,,,,,,,,,,,,,
0,0,BAU,,COMPOST_DOM,CO2_WASTE,,2040,,,,,,,0.0,,,,,,,,,,,,,,
0,0,BAU,,COMPOST_DOM,CO2_WASTE,,2041,,,,,,,0.0,,,,,,,,,,,,,,
0,0,BAU,,COMPOST_DOM,CO2_WASTE,,2042,,,,,,,0.0,,,,,,,,,,,,,,
0,0,BAU,,COMPOST_DOM,CO2_WASTE,,2043,,,,,,,0.0,,,,,,,,,,,,,,
0,0,BAU,,COMPOST_DOM,CO2_WASTE,,2044,,,,,,,0.0,,,,,,,,,,,,,,
0,0,BAU,,COMPOST_DOM,CO2_WASTE,,2045,,,,,,,0.0,,,,,,,,,,,,,,
0,0,BAU,,COMPOST_DOM,CO2_WASTE,,2046,,,,,,,0.0,,,,,,,,,,,,,,
0,0,BAU,,COMPOST_DOM,CO2_WASTE,,2047,,,,,,,0.0,,,,,,,,,,,,,,
0,0,BAU,,COMPOST_DOM,CO2_WASTE,,2048,,,,,,,0.0,,,,,,,,,,,,,,
0,0,BAU,,COMPOST_DOM,CO2_WASTE,,2049,,,,,,,0.0,,,,,,,,,,,,,,
0,0,BAU,,COMPOST_DOM,CO2_WASTE,,2050,,,,,,,0.0,,,,,,,,,,,,,,
0,0,BAU,,COMPOST_DOM,CH4_WASTE,,2018,,,,,,,0.0,,,,,,,,,,,,,,
0,0,BAU,,COMPOST_DOM,CH4_WASTE,,2019,,,,,,,0.0,,,,,,,,,,,,,,
0,0,BAU,,COMPOST_DOM,CH4_WASTE,,2020,,,,,,,0.0,,,,,,,,,,,,,,
0,0,BAU,,COMPOST_DOM,CH4_WASTE,,2021,,,,,,,0.0,,,,,,,,,,,,,,
0,0,BAU,,COMPOST_DOM,CH4_WASTE,,2022,,,,,,,0.0,,,,,,,,,,,,,,
0,0,BAU,,COMPOST_DOM,CH4_WASTE,,2023,,,,,,,0.0,,,,,,,,,,,,,,
0,0,BAU,,COMPOST_DOM,CH4_WASTE,,2024,,,,,,,0.0,,,,,,,,,,,,,,
0,0,BAU,,COMPOST_DOM,CH4_WASTE,,2025,,,,,,,0.0,,,,,,,,,,,,,,
0,0,BAU,,COMPOST_DOM,CH4_WASTE,,2026,,,,,,,0.0,,,,,,,,,,,,,,
0,0,BAU,,COMPOST_DOM,CH4_WASTE,,2027,,,,,,,0.0,,,,,,,,,,,,,,
0,0,BAU,,COMPOST_DOM,CH4_WASTE,,2028,,,,,,,0.0,,,,,,,,,,,,,,
0,0,BAU,,COMPOST_DOM,CH4_WASTE,,2029,,,,,,,0.0,,,,,,,,,,,,,,
0,0,BAU,,COMPOST_DOM,CH4_WASTE,,2030,,,,,,,0.0,,,,,,,,,,,,,,
0,0,BAU,,COMPOST_DOM,CH4_WASTE,,2031,,,,,,,0.0,,,,,,,,,,,,,,
0,0,BAU,,COMPOST_DOM,CH4_WASTE,,2032,,,,,,,0.0,,,,,,,,,,,,,,
0,0,BAU,,COMPOST_DOM,CH4_WASTE,,2033,,,,,,,0.0,,,,,,,,,,,,,,
0,0,BAU,,COMPOST_DOM,CH4_WASTE,,2034,,,,,,,0.0,,,,,,,,,,,,,,
0,0,BAU,,COMPOST_DOM,CH4_WASTE,,2035,,,,,,,0.0,,,,,,,,,,,,,,
0,0,BAU,,COMPOST_DOM,CH4_WASTE,,2036,,,,,,,0.0,,,,,,,,,,,,,,
0,0,BAU,,COMPOST_DOM,CH4_WASTE,,2037,,,,,,,0.0,,,,,,,,,,,,,,
0,0,BAU,,COMPOST_DOM,CH4_WASTE,,2038,,,,,,,0.0,,,,,,,,,,,,,,
0,0,BAU,,COMPOST_DOM,CH4_WASTE,,2039,,,,,,,0.0,,,,,,,,,,,,,,
0,0,BAU,,COMPOST_DOM,CH4_WASTE,,2040,,,,,,,0.0,,,,,,,,,,,,,,
0,0,BAU,,COMPOST_DOM,CH4_WASTE,,2041,,,,,,,0.0,,,,,,,,,,,,,,
0,0,BAU,,COMPOST_DOM,CH4_WASTE,,2042,,,,,,,0.0,,,,,,,,,,,,,,
0,0,BAU,,COMPOST_DOM,CH4_WASTE,,2043,,,,,,,0.0,,,,,,,,,,,,,,
0,0,BAU,,COMPOST_DOM,CH4_WASTE,,2044,,,,,,,0.0,,,,,,,,,,,,,,
0,0,BAU,,COMPOST_DOM,CH4_WASTE,,2045,,,,,,,0.0,,,,,,,,,,,,,,
0,0,BAU,,COMPOST_DOM,CH4_WASTE,,2046,,,,,,,0.0,,,,,,,,,,,,,,
0,0,BAU,,COMPOST_DOM,CH4_WASTE,,2047,,,,,,,0.0,,,,,,,,,,,,,,
0,0,BAU,,COMPOST_DOM,CH4_WASTE,,2048,,,,,,,0.0,,,,,,,,,,,,,,
0,0,BAU,,COMPOST_DOM,CH4_WASTE,,2049,,,,,,,0.0,,,,,,,,,,,,,,
0,0,BAU,,COMPOST_DOM,CH4_WASTE,,2050,,,,,,,0.0,,,,,,,,,,,,,,
0,0,BAU,,COMPOST_DOM,N2O_WASTE,,2018,,,,,,,0.0,,,,,,,,,,,,,,
0,0,BAU,,COMPOST_DOM,N2O_WASTE,,2019,,,,,,,0.0,,,,,,,,,,,,,,
0,0,BAU,,COMPOST_DOM,N2O_WASTE,,2020,,,,,,,0.0,,,,,,,,,,,,,,
0,0,BAU,,COMPOST_DOM,N2O_WASTE,,2021,,,,,,,0.0,,,,,,,,,,,,,,
0,0,BAU,,COMPOST_DOM,N2O_WASTE,,2022,,,,,,,0.0,,,,,,,,,,,,,,
0,0,BAU,,COMPOST_DOM,N2O_WASTE,,2023,,,,,,,0.0,,,,,,,,,,,,,,
0,0,BAU,,COMPOST_DOM,N2O_WASTE,,2024,,,,,,,0.0,,,,,,,,,,,,,,
0,0,BAU,,COMPOST_DOM,N2O_WASTE,,2025,,,,,,,0.0,,,,,,,,,,,,,,
0,0,BAU,,COMPOST_DOM,N2O_WASTE,,2026,,,,,,,0.0,,,,,,,,,,,,,,
0,0,BAU,,COMPOST_DOM,N2O_WASTE,,2027,,,,,,,0.0,,,,,,,,,,,,,,
0,0,BAU,,COMPOST_DOM,N2O_WASTE,,2028,,,,,,,0.0,,,,,,,,,,,,,,
0,0,BAU,,COMPOST_DOM,N2O_WASTE,,2029,,,,,,,0.0,,,,,,,,,,,,,,
0,0,BAU,,COMPOST_DOM,N2O_WASTE,,2030,,,,,,,0.0,,,,,,,,,,,,,,
0,0,BAU,,COMPOST_DOM,N2O_WASTE,,2031,,,,,,,0.0,,,,,,,,,,,,,,
0,0,BAU,,COMPOST_DOM,N2O_WASTE,,2032,,,,,,,0.0,,,,,,,,,,,,,,
0,0,BAU,,COMPOST_DOM,N2O_WASTE,,2033,,,,,,,0.0,,,,,,,,,,,,,,
0,0,BAU,,COMPOST_DOM,N2O_WASTE,,2034,,,,,,,0.0,,,,,,,,,,,,,,
0,0,BAU,,COMPOST_DOM,N2O_WASTE,,2035,,,,,,,0.0,,,,,,,,,,,,,,
0,0,BAU,,COMPOST_DOM,N2O_WASTE,,2036,,,,,,,0.0,,,,,,,,,,,,,,
0,0,BAU,,COMPOST_DOM,N2O_WASTE,,2037,,,,,,,0.0,,,,,,,,,,,,,,
0,0,BAU,,COMPOST_DOM,N2O_WASTE,,2038,,,,,,,0.0,,,,,,,,,,,,,,
0,0,BAU,,COMPOST_DOM,N2O_WASTE,,2039,,,,,,,0.0,,,,,,,,,,,,,,
0,0,BAU,,COMPOST_DOM,N2O_WASTE,,2040,,,,,,,0.0,,,,,,,,,,,,,,
0,0,BAU,,COMPOST_DOM,N2O_WASTE,,2041,,,,,,,0.0,,,,,,,,,,,,,,
0,0,BAU,,COMPOST_DOM,N2O_WASTE,,2042,,,,,,,0.0,,,,,,,,,,,,,,
0,0,BAU,,COMPOST_DOM,N2O_WASTE,,2043,,,,,,,0.0,,,,,,,,,,,,,,
0,0,BAU,,COMPOST_DOM,N2O_WASTE,,2044,,,,,,,0.0,,,,,,,,,,,,,,
0,0,BAU,,COMPOST_DOM,N2O_WASTE,,2045,,,,,,,0.0,,,,,,,,,,,,,,
0,0,BAU,,COMPOST_DOM,N2O_WASTE,,2046,,,,,,,0.0,,,,,,,,,,,,,,
0,0,BAU,,COMPOST_DOM,N2O_WASTE,,2047,,,,,,,0.0,,,,,,,,,,,,,,
0,0,BAU,,COMPOST_DOM,N2O_WASTE,,2048,,,,,,,0.0,,,,,,,,,,,,,,
0,0,BAU,,COMPOST_DOM,N2O_WASTE,,2049,,,,,,,0.0,,,,,,,,,,,,,,
0,0,BAU,,COMPOST_DOM,N2O_WASTE,,2050,,,,,,,0.0,,,,,,,,,,,,,,
0,0,BAU,,COMPOST_COFFEE,CO2e_WASTE,,2018,,,,,,,0.1915,,,,,,,,,,,,,,
0,0,BAU,,COMPOST_COFFEE,CO2e_WASTE,,2019,,,,,,,0.2581,,,,,,,,,,,,,,
0,0,BAU,,COMPOST_COFFEE,CO2e_WASTE,,2020,,,,,,,0.2809,,,,,,,,,,,,,,
0,0,BAU,,COMPOST_COFFEE,CO2e_WASTE,,2021,,,,,,,0.2923,,,,,,,,,,,,,,
0,0,BAU,,COMPOST_COFFEE,CO2e_WASTE,,2022,,,,,,,0.3331,,,,,,,,,,,,,,
0,0,BAU,,COMPOST_COFFEE,CO2e_WASTE,,2023,,,,,,,0.3581,,,,,,,,,,,,,,
0,0,BAU,,COMPOST_COFFEE,CO2e_WASTE,,2024,,,,,,,0.3831,,,,,,,,,,,,,,
0,0,BAU,,COMPOST_COFFEE,CO2e_WASTE,,2025,,,,,,,0.4081,,,,,,,,,,,,,,
0,0,BAU,,COMPOST_COFFEE,CO2e_WASTE,,2026,,,,,,,0.4331,,,,,,,,,,,,,,
0,0,BAU,,COMPOST_COFFEE,CO2e_WASTE,,2027,,,,,,,0.4581,,,,,,,,,,,,,,
0,0,BAU,,COMPOST_COFFEE,CO2e_WASTE,,2028,,,,,,,0.4831,,,,,,,,,,,,,,
0,0,BAU,,COMPOST_COFFEE,CO2e_WASTE,,2029,,,,,,,0.508,,,,,,,,,,,,,,
0,0,BAU,,COMPOST_COFFEE,CO2e_WASTE,,2030,,,,,,,0.533,,,,,,,,,,,,,,
0,0,BAU,,COMPOST_COFFEE,CO2e_WASTE,,2031,,,,,,,0.558,,,,,,,,,,,,,,
0,0,BAU,,COMPOST_COFFEE,CO2e_WASTE,,2032,,,,,,,0.583,,,,,,,,,,,,,,
0,0,BAU,,COMPOST_COFFEE,CO2e_WASTE,,2033,,,,,,,0.608,,,,,,,,,,,,,,
0,0,BAU,,COMPOST_COFFEE,CO2e_WASTE,,2034,,,,,,,0.633,,,,,,,,,,,,,,
0,0,BAU,,COMPOST_COFFEE,CO2e_WASTE,,2035,,,,,,,0.658,,,,,,,,,,,,,,
0,0,BAU,,COMPOST_COFFEE,CO2e_WASTE,,2036,,,,,,,0.683,,,,,,,,,,,,,,
0,0,BAU,,COMPOST_COFFEE,CO2e_WASTE,,2037,,,,,,,0.708,,,,,,,,,,,,,,
0,0,BAU,,COMPOST_COFFEE,CO2e_WASTE,,2038,,,,,,,0.733,,,,,,,,,,,,,,
0,0,BAU,,COMPOST_COFFEE,CO2e_WASTE,,2039,,,,,,,0.758,,,,,,,,,,,,,,
0,0,BAU,,COMPOST_COFFEE,CO2e_WASTE,,2040,,,,,,,0.783,,,,,,,,,,,,,,
0,0,BAU,,COMPOST_COFFEE,CO2e_WASTE,,2041,,,,,,,0.8079,,,,,,,,,,,,,,
0,0,BAU,,COMPOST_COFFEE,CO2e_WASTE,,2042,,,,,,,0.8329,,,,,,,,,,,,,,
0,0,BAU,,COMPOST_COFFEE,CO2e_WASTE,,2043,,,,,,,0.8579,,,,,,,,,,,,,,
0,0,BAU,,COMPOST_COFFEE,CO2e_WASTE,,2044,,,,,,,0.8829,,,,,,,,,,,,,,
0,0,BAU,,COMPOST_COFFEE,CO2e_WASTE,,2045,,,,,,,0.9079,,,,,,,,,,,,,,
0,0,BAU,,COMPOST_COFFEE,CO2e_WASTE,,2046,,,,,,,0.9329,,,,,,,,,,,,,,
0,0,BAU,,COMPOST_COFFEE,CO2e_WASTE,,2047,,,,,,,0.9579,,,,,,,,,,,,,,
0,0,BAU,,COMPOST_COFFEE,CO2e_WASTE,,2048,,,,,,,0.9829,,,,,,,,,,,,,,
0,0,BAU,,COMPOST_COFFEE,CO2e_WASTE,,2049,,,,,,,1.0079,,,,,,,,,,,,,,
0,0,BAU,,COMPOST_COFFEE,CO2e_WASTE,,2050,,,,,,,1.0329,,,,,,,,,,,,,,
0,0,BAU,,COMPOST_COFFEE,CO2_WASTE,,2018,,,,,,,0.0,,,,,,,,,,,,,,
0,0,BAU,,COMPOST_COFFEE,CO2_WASTE,,2019,,,,,,,0.0,,,,,,,,,,,,,,
0,0,BAU,,COMPOST_COFFEE,CO2_WASTE,,2020,,,,,,,0.0,,,,,,,,,,,,,,
0,0,BAU,,COMPOST_COFFEE,CO2_WASTE,,2021,,,,,,,0.0,,,,,,,,,,,,,,
0,0,BAU,,COMPOST_COFFEE,CO2_WASTE,,2022,,,,,,,0.0,,,,,,,,,,,,,,
0,0,BAU,,COMPOST_COFFEE,CO2_WASTE,,2023,,,,,,,0.0,,,,,,,,,,,,,,
0,0,BAU,,COMPOST_COFFEE,CO2_WASTE,,2024,,,,,,,0.0,,,,,,,,,,,,,,
0,0,BAU,,COMPOST_COFFEE,CO2_WASTE,,2025,,,,,,,0.0,,,,,,,,,,,,,,
0,0,BAU,,COMPOST_COFFEE,CO2_WASTE,,2026,,,,,,,0.0,,,,,,,,,,,,,,
0,0,BAU,,COMPOST_COFFEE,CO2_WASTE,,2027,,,,,,,0.0,,,,,,,,,,,,,,
0,0,BAU,,COMPOST_COFFEE,CO2_WASTE,,2028,,,,,,,0.0,,,,,,,,,,,,,,
0,0,BAU,,COMPOST_COFFEE,CO2_WASTE,,2029,,,,,,,0.0,,,,,,,,,,,,,,
0,0,BAU,,COMPOST_COFFEE,CO2_WASTE,,2030,,,,,,,0.0,,,,,,,,,,,,,,
0,0,BAU,,COMPOST_COFFEE,CO2_WASTE,,2031,,,,,,,0.0,,,,,,,,,,,,,,
0,0,BAU,,COMPOST_COFFEE,CO2_WASTE,,2032,,,,,,,0.0,,,,,,,,,,,,,,
0,0,BAU,,COMPOST_COFFEE,CO2_WASTE,,2033,,,,,,,0.0,,,,,,,,,,,,,,
0,0,BAU,,COMPOST_COFFEE,CO2_WASTE,,2034,,,,,,,0.0,,,,,,,,,,,,,,
0,0,BAU,,COMPOST_COFFEE,CO2_WASTE,,2035,,,,,,,0.0,,,,,,,,,,,,,,
0,0,BAU,,COMPOST_COFFEE,CO2_WASTE,,2036,,,,,,,0.0,,,,,,,,,,,,,,
0,0,BAU,,COMPOST_COFFEE,CO2_WASTE,,2037,,,,,,,0.0,,,,,,,,,,,,,,
0,0,BAU,,COMPOST_COFFEE,CO2_WASTE,,2038,,,,,,,0.0,,,,,,,,,,,,,,
0,0,BAU,,COMPOST_COFFEE,CO2_WASTE,,2039,,,,,,,0.0,,,,,,,,,,,,,,
0,0,BAU,,COMPOST_COFFEE,CO2_WASTE,,2040,,,,,,,0.0,,,,,,,,,,,,,,
0,0,BAU,,COMPOST_COFFEE,CO2_WASTE,,2041,,,,,,,0.0,,,,,,,,,,,,,,
0,0,BAU,,COMPOST_COFFEE,CO2_WASTE,,2042,,,,,,,0.0,,,,,,,,,,,,,,
0,0,BAU,,COMPOST_COFFEE,CO2_WASTE,,2043,,,,,,,0.0,,,,,,,,,,,,,,
0,0,BAU,,COMPOST_COFFEE,CO2_WASTE,,2044,,,,,,,0.0,,,,,,,,,,,,,,
0,0,BAU,,COMPOST_COFFEE,CO2_WASTE,,2045,,,,,,,0.0,,,,,,,,,,,,,,
0,0,BAU,,COMPOST_COFFEE,CO2_WASTE,,2046,,,,,,,0.0,,,,,,,,,,,,,,
0,0,BAU,,COMPOST_COFFEE,CO2_WASTE,,2047,,,,,,,0.0,,,,,,,,,,,,,,
0,0,BAU,,COMPOST_COFFEE,CO2_WASTE,,2048,,,,,,,0.0,,,,,,,,,,,,,,
0,0,BAU,,COMPOST_COFFEE,CO2_WASTE,,2049,,,,,,,0.0,,,,,,,,,,,,,,
0,0,BAU,,COMPOST_COFFEE,CO2_WASTE,,2050,,,,,,,0.0,,,,,,,,,,,,,,
0,0,BAU,,COMPOST_COFFEE,CH4_WASTE,,2018,,,,,,,0.0,,,,,,,,,,,,,,
0,0,BAU,,COMPOST_COFFEE,CH4_WASTE,,2019,,,,,,,0.0,,,,,,,,,,,,,,
0,0,BAU,,COMPOST_COFFEE,CH4_WASTE,,2020,,,,,,,0.0,,,,,,,,,,,,,,
0,0,BAU,,COMPOST_COFFEE,CH4_WASTE,,2021,,,,,,,0.0,,,,,,,,,,,,,,
0,0,BAU,,COMPOST_COFFEE,CH4_WASTE,,2022,,,,,,,0.0,,,,,,,,,,,,,,
0,0,BAU,,COMPOST_COFFEE,CH4_WASTE,,2023,,,,,,,0.0,,,,,,,,,,,,,,
0,0,BAU,,COMPOST_COFFEE,CH4_WASTE,,2024,,,,,,,0.0,,,,,,,,,,,,,,
0,0,BAU,,COMPOST_COFFEE,CH4_WASTE,,2025,,,,,,,0.0,,,,,,,,,,,,,,
0,0,BAU,,COMPOST_COFFEE,CH4_WASTE,,2026,,,,,,,0.0,,,,,,,,,,,,,,
0,0,BAU,,COMPOST_COFFEE,CH4_WASTE,,2027,,,,,,,0.0,,,,,,,,,,,,,,
0,0,BAU,,COMPOST_COFFEE,CH4_WASTE,,2028,,,,,,,0.0,,,,,,,,,,,,,,
0,0,BAU,,COMPOST_COFFEE,CH4_WASTE,,2029,,,,,,,0.0,,,,,,,,,,,,,,
0,0,BAU,,COMPOST_COFFEE,CH4_WASTE,,2030,,,,,,,0.0,,,,,,,,,,,,,,
0,0,BAU,,COMPOST_COFFEE,CH4_WASTE,,2031,,,,,,,0.0,,,,,,,,,,,,,,
0,0,BAU,,COMPOST_COFFEE,CH4_WASTE,,2032,,,,,,,0.0,,,,,,,,,,,,,,
0,0,BAU,,COMPOST_COFFEE,CH4_WASTE,,2033,,,,,,,0.0,,,,,,,,,,,,,,
0,0,BAU,,COMPOST_COFFEE,CH4_WASTE,,2034,,,,,,,0.0,,,,,,,,,,,,,,
0,0,BAU,,COMPOST_COFFEE,CH4_WASTE,,2035,,,,,,,0.0,,,,,,,,,,,,,,
0,0,BAU,,COMPOST_COFFEE,CH4_WASTE,,2036,,,,,,,0.0,,,,,,,,,,,,,,
0,0,BAU,,COMPOST_COFFEE,CH4_WASTE,,2037,,,,,,,0.0,,,,,,,,,,,,,,
0,0,BAU,,COMPOST_COFFEE,CH4_WASTE,,2038,,,,,,,0.0,,,,,,,,,,,,,,
0,0,BAU,,COMPOST_COFFEE,CH4_WASTE,,2039,,,,,,,0.0,,,,,,,,,,,,,,
0,0,BAU,,COMPOST_COFFEE,CH4_WASTE,,2040,,,,,,,0.0,,,,,,,,,,,,,,
0,0,BAU,,COMPOST_COFFEE,CH4_WASTE,,2041,,,,,,,0.0,,,,,,,,,,,,,,
0,0,BAU,,COMPOST_COFFEE,CH4_WASTE,,2042,,,,,,,0.0,,,,,,,,,,,,,,
0,0,BAU,,COMPOST_COFFEE,CH4_WASTE,,2043,,,,,,,0.0,,,,,,,,,,,,,,
0,0,BAU,,COMPOST_COFFEE,CH4_WASTE,,2044,,,,,,,0.0,,,,,,,,,,,,,,
0,0,BAU,,COMPOST_COFFEE,CH4_WASTE,,2045,,,,,,,0.0,,,,,,,,,,,,,,
0,0,BAU,,COMPOST_COFFEE,CH4_WASTE,,2046,,,,,,,0.0,,,,,,,,,,,,,,
0,0,BAU,,COMPOST_COFFEE,CH4_WASTE,,2047,,,,,,,0.0,,,,,,,,,,,,,,
0,0,BAU,,COMPOST_COFFEE,CH4_WASTE,,2048,,,,,,,0.0,,,,,,,,,,,,,,
0,0,BAU,,COMPOST_COFFEE,CH4_WASTE,,2049,,,,,,,0.0,,,,,,,,,,,,,,
0,0,BAU,,COMPOST_COFFEE,CH4_WASTE,,2050,,,,,,,0.0,,,,,,,,,,,,,,
0,0,BAU,,COMPOST_COFFEE,N2O_WASTE,,2018,,,,,,,0.0,,,,,,,,,,,,,,
0,0,BAU,,COMPOST_COFFEE,N2O_WASTE,,2019,,,,,,,0.0,,,,,,,,,,,,,,
0,0,BAU,,COMPOST_COFFEE,N2O_WASTE,,2020,,,,,,,0.0,,,,,,,,,,,,,,
0,0,BAU,,COMPOST_COFFEE,N2O_WASTE,,2021,,,,,,,0.0,,,,,,,,,,,,,,
0,0,BAU,,COMPOST_COFFEE,N2O_WASTE,,2022,,,,,,,0.0,,,,,,,,,,,,,,
0,0,BAU,,COMPOST_COFFEE,N2O_WASTE,,2023,,,,,,,0.0,,,,,,,,,,,,,,
0,0,BAU,,COMPOST_COFFEE,N2O_WASTE,,2024,,,,,,,0.0,,,,,,,,,,,,,,
0,0,BAU,,COMPOST_COFFEE,N2O_WASTE,,2025,,,,,,,0.0,,,,,,,,,,,,,,
0,0,BAU,,COMPOST_COFFEE,N2O_WASTE,,2026,,,,,,,0.0,,,,,,,,,,,,,,
0,0,BAU,,COMPOST_COFFEE,N2O_WASTE,,2027,,,,,,,0.0,,,,,,,,,,,,,,
0,0,BAU,,COMPOST_COFFEE,N2O_WASTE,,2028,,,,,,,0.0,,,,,,,,,,,,,,
0,0,BAU,,COMPOST_COFFEE,N2O_WASTE,,2029,,,,,,,0.0,,,,,,,,,,,,,,
0,0,BAU,,COMPOST_COFFEE,N2O_WASTE,,2030,,,,,,,0.0,,,,,,,,,,,,,,
0,0,BAU,,COMPOST_COFFEE,N2O_WASTE,,2031,,,,,,,0.0,,,,,,,,,,,,,,
0,0,BAU,,COMPOST_COFFEE,N2O_WASTE,,2032,,,,,,,0.0,,,,,,,,,,,,,,
0,0,BAU,,COMPOST_COFFEE,N2O_WASTE,,2033,,,,,,,0.0,,,,,,,,,,,,,,
0,0,BAU,,COMPOST_COFFEE,N2O_WASTE,,2034,,,,,,,0.0,,,,,,,,,,,,,,
0,0,BAU,,COMPOST_COFFEE,N2O_WASTE,,2035,,,,,,,0.0,,,,,,,,,,,,,,
0,0,BAU,,COMPOST_COFFEE,N2O_WASTE,,2036,,,,,,,0.0,,,,,,,,,,,,,,
0,0,BAU,,COMPOST_COFFEE,N2O_WASTE,,2037,,,,,,,0.0,,,,,,,,,,,,,,
0,0,BAU,,COMPOST_COFFEE,N2O_WASTE,,2038,,,,,,,0.0,,,,,,,,,,,,,,
0,0,BAU,,COMPOST_COFFEE,N2O_WASTE,,2039,,,,,,,0.0,,,,,,,,,,,,,,
0,0,BAU,,COMPOST_COFFEE,N2O_WASTE,,2040,,,,,,,0.0,,,,,,,,,,,,,,
0,0,BAU,,COMPOST_COFFEE,N2O_WASTE,,2041,,,,,,,0.0,,,,,,,,,,,,,,
0,0,BAU,,COMPOST_COFFEE,N2O_WASTE,,2042,,,,,,,0.0,,,,,,,,,,,,,,
0,0,BAU,,COMPOST_COFFEE,N2O_WASTE,,2043,,,,,,,0.0,,,,,,,,,,,,,,
0,0,BAU,,COMPOST_COFFEE,N2O_WASTE,,2044,,,,,,,0.0,,,,,,,,,,,,,,
0,0,BAU,,COMPOST_COFFEE,N2O_WASTE,,2045,,,,,,,0.0,,,,,,,,,,,,,,
0,0,BAU,,COMPOST_COFFEE,N2O_WASTE,,2046,,,,,,,0.0,,,,,,,,,,,,,,
0,0,BAU,,COMPOST_COFFEE,N2O_WASTE,,2047,,,,,,,0.0,,,,,,,,,,,,,,
0,0,BAU,,COMPOST_COFFEE,N2O_WASTE,,2048,,,,,,,0.0,,,,,,,,,,,,,,
0,0,BAU,,COMPOST_COFFEE,N2O_WASTE,,2049,,,,,,,0.0,,,,,,,,,,,,,,
0,0,BAU,,COMPOST_COFFEE,N2O_WASTE,,2050,,,,,,,0.0,,,,,,,,,,,,,,
0,0,BAU,,DWW_DC,CO2e_WASTE,,2018,,,,,,,0.0076,,,,,,,,,,,,,,
0,0,BAU,,DWW_DC,CO2e_WASTE,,2019,,,,,,,0.0076,,,,,,,,,,,,,,
0,0,BAU,,DWW_DC,CO2e_WASTE,,2020,,,,,,,0.0076,,,,,,,,,,,,,,
0,0,BAU,,DWW_DC,CO2e_WASTE,,2021,,,,,,,0.0076,,,,,,,,,,,,,,
0,0,BAU,,DWW_DC,CO2e_WASTE,,2022,,,,,,,0.0075,,,,,,,,,,,,,,
0,0,BAU,,DWW_DC,CO2e_WASTE,,2023,,,,,,,0.0075,,,,,,,,,,,,,,
0,0,BAU,,DWW_DC,CO2e_WASTE,,2024,,,,,,,0.0075,,,,,,,,,,,,,,
0,0,BAU,,DWW_DC,CO2e_WASTE,,2025,,,,,,,0.0075,,,,,,,,,,,,,,
0,0,BAU,,DWW_DC,CO2e_WASTE,,2026,,,,,,,0.0075,,,,,,,,,,,,,,
0,0,BAU,,DWW_DC,CO2e_WASTE,,2027,,,,,,,0.0075,,,,,,,,,,,,,,
0,0,BAU,,DWW_DC,CO2e_WASTE,,2028,,,,,,,0.0075,,,,,,,,,,,,,,
0,0,BAU,,DWW_DC,CO2e_WASTE,,2029,,,,,,,0.0075,,,,,,,,,,,,,,
0,0,BAU,,DWW_DC,CO2e_WASTE,,2030,,,,,,,0.0075,,,,,,,,,,,,,,
0,0,BAU,,DWW_DC,CO2e_WASTE,,2031,,,,,,,0.0075,,,,,,,,,,,,,,
0,0,BAU,,DWW_DC,CO2e_WASTE,,2032,,,,,,,0.0075,,,,,,,,,,,,,,
0,0,BAU,,DWW_DC,CO2e_WASTE,,2033,,,,,,,0.0075,,,,,,,,,,,,,,
0,0,BAU,,DWW_DC,CO2e_WASTE,,2034,,,,,,,0.0075,,,,,,,,,,,,,,
0,0,BAU,,DWW_DC,CO2e_WASTE,,2035,,,,,,,0.0074,,,,,,,,,,,,,,
0,0,BAU,,DWW_DC,CO2e_WASTE,,2036,,,,,,,0.0074,,,,,,,,,,,,,,
0,0,BAU,,DWW_DC,CO2e_WASTE,,2037,,,,,,,0.0074,,,,,,,,,,,,,,
0,0,BAU,,DWW_DC,CO2e_WASTE,,2038,,,,,,,0.0074,,,,,,,,,,,,,,
0,0,BAU,,DWW_DC,CO2e_WASTE,,2039,,,,,,,0.0074,,,,,,,,,,,,,,
0,0,BAU,,DWW_DC,CO2e_WASTE,,2040,,,,,,,0.0074,,,,,,,,,,,,,,
0,0,BAU,,DWW_DC,CO2e_WASTE,,2041,,,,,,,0.0074,,,,,,,,,,,,,,
0,0,BAU,,DWW_DC,CO2e_WASTE,,2042,,,,,,,0.0074,,,,,,,,,,,,,,
0,0,BAU,,DWW_DC,CO2e_WASTE,,2043,,,,,,,0.0074,,,,,,,,,,,,,,
0,0,BAU,,DWW_DC,CO2e_WASTE,,2044,,,,,,,0.0074,,,,,,,,,,,,,,
0,0,BAU,,DWW_DC,CO2e_WASTE,,2045,,,,,,,0.0074,,,,,,,,,,,,,,
0,0,BAU,,DWW_DC,CO2e_WASTE,,2046,,,,,,,0.0074,,,,,,,,,,,,,,
0,0,BAU,,DWW_DC,CO2e_WASTE,,2047,,,,,,,0.0074,,,,,,,,,,,,,,
0,0,BAU,,DWW_DC,CO2e_WASTE,,2048,,,,,,,0.0073,,,,,,,,,,,,,,
0,0,BAU,,DWW_DC,CO2e_WASTE,,2049,,,,,,,0.0073,,,,,,,,,,,,,,
0,0,BAU,,DWW_DC,CO2e_WASTE,,2050,,,,,,,0.0073,,,,,,,,,,,,,,
0,0,BAU,,DWW_DC,CO2_WASTE,,2018,,,,,,,0.0,,,,,,,,,,,,,,
0,0,BAU,,DWW_DC,CO2_WASTE,,2019,,,,,,,0.0,,,,,,,,,,,,,,
0,0,BAU,,DWW_DC,CO2_WASTE,,2020,,,,,,,0.0,,,,,,,,,,,,,,
0,0,BAU,,DWW_DC,CO2_WASTE,,2021,,,,,,,0.0,,,,,,,,,,,,,,
0,0,BAU,,DWW_DC,CO2_WASTE,,2022,,,,,,,0.0,,,,,,,,,,,,,,
0,0,BAU,,DWW_DC,CO2_WASTE,,2023,,,,,,,0.0,,,,,,,,,,,,,,
0,0,BAU,,DWW_DC,CO2_WASTE,,2024,,,,,,,0.0,,,,,,,,,,,,,,
0,0,BAU,,DWW_DC,CO2_WASTE,,2025,,,,,,,0.0,,,,,,,,,,,,,,
0,0,BAU,,DWW_DC,CO2_WASTE,,2026,,,,,,,0.0,,,,,,,,,,,,,,
0,0,BAU,,DWW_DC,CO2_WASTE,,2027,,,,,,,0.0,,,,,,,,,,,,,,
0,0,BAU,,DWW_DC,CO2_WASTE,,2028,,,,,,,0.0,,,,,,,,,,,,,,
0,0,BAU,,DWW_DC,CO2_WASTE,,2029,,,,,,,0.0,,,,,,,,,,,,,,
0,0,BAU,,DWW_DC,CO2_WASTE,,2030,,,,,,,0.0,,,,,,,,,,,,,,
0,0,BAU,,DWW_DC,CO2_WASTE,,2031,,,,,,,0.0,,,,,,,,,,,,,,
0,0,BAU,,DWW_DC,CO2_WASTE,,2032,,,,,,,0.0,,,,,,,,,,,,,,
0,0,BAU,,DWW_DC,CO2_WASTE,,2033,,,,,,,0.0,,,,,,,,,,,,,,
0,0,BAU,,DWW_DC,CO2_WASTE,,2034,,,,,,,0.0,,,,,,,,,,,,,,
0,0,BAU,,DWW_DC,CO2_WASTE,,2035,,,,,,,0.0,,,,,,,,,,,,,,
0,0,BAU,,DWW_DC,CO2_WASTE,,2036,,,,,,,0.0,,,,,,,,,,,,,,
0,0,BAU,,DWW_DC,CO2_WASTE,,2037,,,,,,,0.0,,,,,,,,,,,,,,
0,0,BAU,,DWW_DC,CO2_WASTE,,2038,,,,,,,0.0,,,,,,,,,,,,,,
0,0,BAU,,DWW_DC,CO2_WASTE,,2039,,,,,,,0.0,,,,,,,,,,,,,,
0,0,BAU,,DWW_DC,CO2_WASTE,,2040,,,,,,,0.0,,,,,,,,,,,,,,
0,0,BAU,,DWW_DC,CO2_WASTE,,2041,,,,,,,0.0,,,,,,,,,,,,,,
0,0,BAU,,DWW_DC,CO2_WASTE,,2042,,,,,,,0.0,,,,,,,,,,,,,,
0,0,BAU,,DWW_DC,CO2_WASTE,,2043,,,,,,,0.0,,,,,,,,,,,,,,
0,0,BAU,,DWW_DC,CO2_WASTE,,2044,,,,,,,0.0,,,,,,,,,,,,,,
0,0,BAU,,DWW_DC,CO2_WASTE,,2045,,,,,,,0.0,,,,,,,,,,,,,,
0,0,BAU,,DWW_DC,CO2_WASTE,,2046,,,,,,,0.0,,,,,,,,,,,,,,
0,0,BAU,,DWW_DC,CO2_WASTE,,2047,,,,,,,0.0,,,,,,,,,,,,,,
0,0,BAU,,DWW_DC,CO2_WASTE,,2048,,,,,,,0.0,,,,,,,,,,,,,,
0,0,BAU,,DWW_DC,CO2_WASTE,,2049,,,,,,,0.0,,,,,,,,,,,,,,
0,0,BAU,,DWW_DC,CO2_WASTE,,2050,,,,,,,0.0,,,,,,,,,,,,,,
0,0,BAU,,DWW_DC,CH4_WASTE,,2018,,,,,,,0.0,,,,,,,,,,,,,,
0,0,BAU,,DWW_DC,CH4_WASTE,,2019,,,,,,,0.0,,,,,,,,,,,,,,
0,0,BAU,,DWW_DC,CH4_WASTE,,2020,,,,,,,0.0,,,,,,,,,,,,,,
0,0,BAU,,DWW_DC,CH4_WASTE,,2021,,,,,,,0.0,,,,,,,,,,,,,,
0,0,BAU,,DWW_DC,CH4_WASTE,,2022,,,,,,,0.0,,,,,,,,,,,,,,
0,0,BAU,,DWW_DC,CH4_WASTE,,2023,,,,,,,0.0,,,,,,,,,,,,,,
0,0,BAU,,DWW_DC,CH4_WASTE,,2024,,,,,,,0.0,,,,,,,,,,,,,,
0,0,BAU,,DWW_DC,CH4_WASTE,,2025,,,,,,,0.0,,,,,,,,,,,,,,
0,0,BAU,,DWW_DC,CH4_WASTE,,2026,,,,,,,0.0,,,,,,,,,,,,,,
0,0,BAU,,DWW_DC,CH4_WASTE,,2027,,,,,,,0.0,,,,,,,,,,,,,,
0,0,BAU,,DWW_DC,CH4_WASTE,,2028,,,,,,,0.0,,,,,,,,,,,,,,
0,0,BAU,,DWW_DC,CH4_WASTE,,2029,,,,,,,0.0,,,,,,,,,,,,,,
0,0,BAU,,DWW_DC,CH4_WASTE,,2030,,,,,,,0.0,,,,,,,,,,,,,,
0,0,BAU,,DWW_DC,CH4_WASTE,,2031,,,,,,,0.0,,,,,,,,,,,,,,
0,0,BAU,,DWW_DC,CH4_WASTE,,2032,,,,,,,0.0,,,,,,,,,,,,,,
0,0,BAU,,DWW_DC,CH4_WASTE,,2033,,,,,,,0.0,,,,,,,,,,,,,,
0,0,BAU,,DWW_DC,CH4_WASTE,,2034,,,,,,,0.0,,,,,,,,,,,,,,
0,0,BAU,,DWW_DC,CH4_WASTE,,2035,,,,,,,0.0,,,,,,,,,,,,,,
0,0,BAU,,DWW_DC,CH4_WASTE,,2036,,,,,,,0.0,,,,,,,,,,,,,,
0,0,BAU,,DWW_DC,CH4_WASTE,,2037,,,,,,,0.0,,,,,,,,,,,,,,
0,0,BAU,,DWW_DC,CH4_WASTE,,2038,,,,,,,0.0,,,,,,,,,,,,,,
0,0,BAU,,DWW_DC,CH4_WASTE,,2039,,,,,,,0.0,,,,,,,,,,,,,,
0,0,BAU,,DWW_DC,CH4_WASTE,,2040,,,,,,,0.0,,,,,,,,,,,,,,
0,0,BAU,,DWW_DC,CH4_WASTE,,2041,,,,,,,0.0,,,,,,,,,,,,,,
0,0,BAU,,DWW_DC,CH4_WASTE,,2042,,,,,,,0.0,,,,,,,,,,,,,,
0,0,BAU,,DWW_DC,CH4_WASTE,,2043,,,,,,,0.0,,,,,,,,,,,,,,
0,0,BAU,,DWW_DC,CH4_WASTE,,2044,,,,,,,0.0,,,,,,,,,,,,,,
0,0,BAU,,DWW_DC,CH4_WASTE,,2045,,,,,,,0.0,,,,,,,,,,,,,,
0,0,BAU,,DWW_DC,CH4_WASTE,,2046,,,,,,,0.0,,,,,,,,,,,,,,
0,0,BAU,,DWW_DC,CH4_WASTE,,2047,,,,,,,0.0,,,,,,,,,,,,,,
0,0,BAU,,DWW_DC,CH4_WASTE,,2048,,,,,,,0.0,,,,,,,,,,,,,,
0,0,BAU,,DWW_DC,CH4_WASTE,,2049,,,,,,,0.0,,,,,,,,,,,,,,
0,0,BAU,,DWW_DC,CH4_WASTE,,2050,,,,,,,0.0,,,,,,,,,,,,,,
0,0,BAU,,DWW_DC,N2O_WASTE,,2018,,,,,,,0.0,,,,,,,,,,,,,,
0,0,BAU,,DWW_DC,N2O_WASTE,,2019,,,,,,,0.0,,,,,,,,,,,,,,
0,0,BAU,,DWW_DC,N2O_WASTE,,2020,,,,,,,0.0,,,,,,,,,,,,,,
0,0,BAU,,DWW_DC,N2O_WASTE,,2021,,,,,,,0.0,,,,,,,,,,,,,,
0,0,BAU,,DWW_DC,N2O_WASTE,,2022,,,,,,,0.0,,,,,,,,,,,,,,
0,0,BAU,,DWW_DC,N2O_WASTE,,2023,,,,,,,0.0,,,,,,,,,,,,,,
0,0,BAU,,DWW_DC,N2O_WASTE,,2024,,,,,,,0.0,,,,,,,,,,,,,,
0,0,BAU,,DWW_DC,N2O_WASTE,,2025,,,,,,,0.0,,,,,,,,,,,,,,
0,0,BAU,,DWW_DC,N2O_WASTE,,2026,,,,,,,0.0,,,,,,,,,,,,,,
0,0,BAU,,DWW_DC,N2O_WASTE,,2027,,,,,,,0.0,,,,,,,,,,,,,,
0,0,BAU,,DWW_DC,N2O_WASTE,,2028,,,,,,,0.0,,,,,,,,,,,,,,
0,0,BAU,,DWW_DC,N2O_WASTE,,2029,,,,,,,0.0,,,,,,,,,,,,,,
0,0,BAU,,DWW_DC,N2O_WASTE,,2030,,,,,,,0.0,,,,,,,,,,,,,,
0,0,BAU,,DWW_DC,N2O_WASTE,,2031,,,,,,,0.0,,,,,,,,,,,,,,
0,0,BAU,,DWW_DC,N2O_WASTE,,2032,,,,,,,0.0,,,,,,,,,,,,,,
0,0,BAU,,DWW_DC,N2O_WASTE,,2033,,,,,,,0.0,,,,,,,,,,,,,,
0,0,BAU,,DWW_DC,N2O_WASTE,,2034,,,,,,,0.0,,,,,,,,,,,,,,
0,0,BAU,,DWW_DC,N2O_WASTE,,2035,,,,,,,0.0,,,,,,,,,,,,,,
0,0,BAU,,DWW_DC,N2O_WASTE,,2036,,,,,,,0.0,,,,,,,,,,,,,,
0,0,BAU,,DWW_DC,N2O_WASTE,,2037,,,,,,,0.0,,,,,,,,,,,,,,
0,0,BAU,,DWW_DC,N2O_WASTE,,2038,,,,,,,0.0,,,,,,,,,,,,,,
0,0,BAU,,DWW_DC,N2O_WASTE,,2039,,,,,,,0.0,,,,,,,,,,,,,,
0,0,BAU,,DWW_DC,N2O_WASTE,,2040,,,,,,,0.0,,,,,,,,,,,,,,
0,0,BAU,,DWW_DC,N2O_WASTE,,2041,,,,,,,0.0,,,,,,,,,,,,,,
0,0,BAU,,DWW_DC,N2O_WASTE,,2042,,,,,,,0.0,,,,,,,,,,,,,,
0,0,BAU,,DWW_DC,N2O_WASTE,,2043,,,,,,,0.0,,,,,,,,,,,,,,
0,0,BAU,,DWW_DC,N2O_WASTE,,2044,,,,,,,0.0,,,,,,,,,,,,,,
0,0,BAU,,DWW_DC,N2O_WASTE,,2045,,,,,,,0.0,,,,,,,,,,,,,,
0,0,BAU,,DWW_DC,N2O_WASTE,,2046,,,,,,,0.0,,,,,,,,,,,,,,
0,0,BAU,,DWW_DC,N2O_WASTE,,2047,,,,,,,0.0,,,,,,,,,,,,,,
0,0,BAU,,DWW_DC,N2O_WASTE,,2048,,,,,,,0.0,,,,,,,,,,,,,,
0,0,BAU,,DWW_DC,N2O_WASTE,,2049,,,,,,,0.0,,,,,,,,,,,,,,
0,0,BAU,,DWW_DC,N2O_WASTE,,2050,,,,,,,0.0,,,,,,,,,,,,,,
0,0,BAU,,DWW_N,CO2e_WASTE,,2018,,,,,,,0.0021,,,,,,,,,,,,,,
0,0,BAU,,DWW_N,CO2e_WASTE,,2019,,,,,,,0.0021,,,,,,,,,,,,,,
0,0,BAU,,DWW_N,CO2e_WASTE,,2020,,,,,,,0.0021,,,,,,,,,,,,,,
0,0,BAU,,DWW_N,CO2e_WASTE,,2021,,,,,,,0.0021,,,,,,,,,,,,,,
0,0,BAU,,DWW_N,CO2e_WASTE,,2022,,,,,,,0.0021,,,,,,,,,,,,,,
0,0,BAU,,DWW_N,CO2e_WASTE,,2023,,,,,,,0.0021,,,,,,,,,,,,,,
0,0,BAU,,DWW_N,CO2e_WASTE,,2024,,,,,,,0.0021,,,,,,,,,,,,,,
0,0,BAU,,DWW_N,CO2e_WASTE,,2025,,,,,,,0.0021,,,,,,,,,,,,,,
0,0,BAU,,DWW_N,CO2e_WASTE,,2026,,,,,,,0.0021,,,,,,,,,,,,,,
0,0,BAU,,DWW_N,CO2e_WASTE,,2027,,,,,,,0.0021,,,,,,,,,,,,,,
0,0,BAU,,DWW_N,CO2e_WASTE,,2028,,,,,,,0.0021,,,,,,,,,,,,,,
0,0,BAU,,DWW_N,CO2e_WASTE,,2029,,,,,,,0.0021,,,,,,,,,,,,,,
0,0,BAU,,DWW_N,CO2e_WASTE,,2030,,,,,,,0.0021,,,,,,,,,,,,,,
0,0,BAU,,DWW_N,CO2e_WASTE,,2031,,,,,,,0.0021,,,,,,,,,,,,,,
0,0,BAU,,DWW_N,CO2e_WASTE,,2032,,,,,,,0.0021,,,,,,,,,,,,,,
0,0,BAU,,DWW_N,CO2e_WASTE,,2033,,,,,,,0.0021,,,,,,,,,,,,,,
0,0,BAU,,DWW_N,CO2e_WASTE,,2034,,,,,,,0.0021,,,,,,,,,,,,,,
0,0,BAU,,DWW_N,CO2e_WASTE,,2035,,,,,,,0.0021,,,,,,,,,,,,,,
0,0,BAU,,DWW_N,CO2e_WASTE,,2036,,,,,,,0.0021,,,,,,,,,,,,,,
0,0,BAU,,DWW_N,CO2e_WASTE,,2037,,,,,,,0.0021,,,,,,,,,,,,,,
0,0,BAU,,DWW_N,CO2e_WASTE,,2038,,,,,,,0.0021,,,,,,,,,,,,,,
0,0,BAU,,DWW_N,CO2e_WASTE,,2039,,,,,,,0.0021,,,,,,,,,,,,,,
0,0,BAU,,DWW_N,CO2e_WASTE,,2040,,,,,,,0.0021,,,,,,,,,,,,,,
0,0,BAU,,DWW_N,CO2e_WASTE,,2041,,,,,,,0.0021,,,,,,,,,,,,,,
0,0,BAU,,DWW_N,CO2e_WASTE,,2042,,,,,,,0.0021,,,,,,,,,,,,,,
0,0,BAU,,DWW_N,CO2e_WASTE,,2043,,,,,,,0.0021,,,,,,,,,,,,,,
0,0,BAU,,DWW_N,CO2e_WASTE,,2044,,,,,,,0.0021,,,,,,,,,,,,,,
0,0,BAU,,DWW_N,CO2e_WASTE,,2045,,,,,,,0.0021,,,,,,,,,,,,,,
0,0,BAU,,DWW_N,CO2e_WASTE,,2046,,,,,,,0.0021,,,,,,,,,,,,,,
0,0,BAU,,DWW_N,CO2e_WASTE,,2047,,,,,,,0.0021,,,,,,,,,,,,,,
0,0,BAU,,DWW_N,CO2e_WASTE,,2048,,,,,,,0.0021,,,,,,,,,,,,,,
0,0,BAU,,DWW_N,CO2e_WASTE,,2049,,,,,,,0.0021,,,,,,,,,,,,,,
0,0,BAU,,DWW_N,CO2e_WASTE,,2050,,,,,,,0.0021,,,,,,,,,,,,,,
0,0,BAU,,DWW_N,CO2_WASTE,,2018,,,,,,,0.0,,,,,,,,,,,,,,
0,0,BAU,,DWW_N,CO2_WASTE,,2019,,,,,,,0.0,,,,,,,,,,,,,,
0,0,BAU,,DWW_N,CO2_WASTE,,2020,,,,,,,0.0,,,,,,,,,,,,,,
0,0,BAU,,DWW_N,CO2_WASTE,,2021,,,,,,,0.0,,,,,,,,,,,,,,
0,0,BAU,,DWW_N,CO2_WASTE,,2022,,,,,,,0.0,,,,,,,,,,,,,,
0,0,BAU,,DWW_N,CO2_WASTE,,2023,,,,,,,0.0,,,,,,,,,,,,,,
0,0,BAU,,DWW_N,CO2_WASTE,,2024,,,,,,,0.0,,,,,,,,,,,,,,
0,0,BAU,,DWW_N,CO2_WASTE,,2025,,,,,,,0.0,,,,,,,,,,,,,,
0,0,BAU,,DWW_N,CO2_WASTE,,2026,,,,,,,0.0,,,,,,,,,,,,,,
0,0,BAU,,DWW_N,CO2_WASTE,,2027,,,,,,,0.0,,,,,,,,,,,,,,
0,0,BAU,,DWW_N,CO2_WASTE,,2028,,,,,,,0.0,,,,,,,,,,,,,,
0,0,BAU,,DWW_N,CO2_WASTE,,2029,,,,,,,0.0,,,,,,,,,,,,,,
0,0,BAU,,DWW_N,CO2_WASTE,,2030,,,,,,,0.0,,,,,,,,,,,,,,
0,0,BAU,,DWW_N,CO2_WASTE,,2031,,,,,,,0.0,,,,,,,,,,,,,,
0,0,BAU,,DWW_N,CO2_WASTE,,2032,,,,,,,0.0,,,,,,,,,,,,,,
0,0,BAU,,DWW_N,CO2_WASTE,,2033,,,,,,,0.0,,,,,,,,,,,,,,
0,0,BAU,,DWW_N,CO2_WASTE,,2034,,,,,,,0.0,,,,,,,,,,,,,,
0,0,BAU,,DWW_N,CO2_WASTE,,2035,,,,,,,0.0,,,,,,,,,,,,,,
0,0,BAU,,DWW_N,CO2_WASTE,,2036,,,,,,,0.0,,,,,,,,,,,,,,
0,0,BAU,,DWW_N,CO2_WASTE,,2037,,,,,,,0.0,,,,,,,,,,,,,,
0,0,BAU,,DWW_N,CO2_WASTE,,2038,,,,,,,0.0,,,,,,,,,,,,,,
0,0,BAU,,DWW_N,CO2_WASTE,,2039,,,,,,,0.0,,,,,,,,,,,,,,
0,0,BAU,,DWW_N,CO2_WASTE,,2040,,,,,,,0.0,,,,,,,,,,,,,,
0,0,BAU,,DWW_N,CO2_WASTE,,2041,,,,,,,0.0,,,,,,,,,,,,,,
0,0,BAU,,DWW_N,CO2_WASTE,,2042,,,,,,,0.0,,,,,,,,,,,,,,
0,0,BAU,,DWW_N,CO2_WASTE,,2043,,,,,,,0.0,,,,,,,,,,,,,,
0,0,BAU,,DWW_N,CO2_WASTE,,2044,,,,,,,0.0,,,,,,,,,,,,,,
0,0,BAU,,DWW_N,CO2_WASTE,,2045,,,,,,,0.0,,,,,,,,,,,,,,
0,0,BAU,,DWW_N,CO2_WASTE,,2046,,,,,,,0.0,,,,,,,,,,,,,,
0,0,BAU,,DWW_N,CO2_WASTE,,2047,,,,,,,0.0,,,,,,,,,,,,,,
0,0,BAU,,DWW_N,CO2_WASTE,,2048,,,,,,,0.0,,,,,,,,,,,,,,
0,0,BAU,,DWW_N,CO2_WASTE,,2049,,,,,,,0.0,,,,,,,,,,,,,,
0,0,BAU,,DWW_N,CO2_WASTE,,2050,,,,,,,0.0,,,,,,,,,,,,,,
0,0,BAU,,DWW_N,CH4_WASTE,,2018,,,,,,,0.0,,,,,,,,,,,,,,
0,0,BAU,,DWW_N,CH4_WASTE,,2019,,,,,,,0.0,,,,,,,,,,,,,,
0,0,BAU,,DWW_N,CH4_WASTE,,2020,,,,,,,0.0,,,,,,,,,,,,,,
0,0,BAU,,DWW_N,CH4_WASTE,,2021,,,,,,,0.0,,,,,,,,,,,,,,
0,0,BAU,,DWW_N,CH4_WASTE,,2022,,,,,,,0.0,,,,,,,,,,,,,,
0,0,BAU,,DWW_N,CH4_WASTE,,2023,,,,,,,0.0,,,,,,,,,,,,,,
0,0,BAU,,DWW_N,CH4_WASTE,,2024,,,,,,,0.0,,,,,,,,,,,,,,
0,0,BAU,,DWW_N,CH4_WASTE,,2025,,,,,,,0.0,,,,,,,,,,,,,,
0,0,BAU,,DWW_N,CH4_WASTE,,2026,,,,,,,0.0,,,,,,,,,,,,,,
0,0,BAU,,DWW_N,CH4_WASTE,,2027,,,,,,,0.0,,,,,,,,,,,,,,
0,0,BAU,,DWW_N,CH4_WASTE,,2028,,,,,,,0.0,,,,,,,,,,,,,,
0,0,BAU,,DWW_N,CH4_WASTE,,2029,,,,,,,0.0,,,,,,,,,,,,,,
0,0,BAU,,DWW_N,CH4_WASTE,,2030,,,,,,,0.0,,,,,,,,,,,,,,
0,0,BAU,,DWW_N,CH4_WASTE,,2031,,,,,,,0.0,,,,,,,,,,,,,,
0,0,BAU,,DWW_N,CH4_WASTE,,2032,,,,,,,0.0,,,,,,,,,,,,,,
0,0,BAU,,DWW_N,CH4_WASTE,,2033,,,,,,,0.0,,,,,,,,,,,,,,
0,0,BAU,,DWW_N,CH4_WASTE,,2034,,,,,,,0.0,,,,,,,,,,,,,,
0,0,BAU,,DWW_N,CH4_WASTE,,2035,,,,,,,0.0,,,,,,,,,,,,,,
0,0,BAU,,DWW_N,CH4_WASTE,,2036,,,,,,,0.0,,,,,,,,,,,,,,
0,0,BAU,,DWW_N,CH4_WASTE,,2037,,,,,,,0.0,,,,,,,,,,,,,,
0,0,BAU,,DWW_N,CH4_WASTE,,2038,,,,,,,0.0,,,,,,,,,,,,,,
0,0,BAU,,DWW_N,CH4_WASTE,,2039,,,,,,,0.0,,,,,,,,,,,,,,
0,0,BAU,,DWW_N,CH4_WASTE,,2040,,,,,,,0.0,,,,,,,,,,,,,,
0,0,BAU,,DWW_N,CH4_WASTE,,2041,,,,,,,0.0,,,,,,,,,,,,,,
0,0,BAU,,DWW_N,CH4_WASTE,,2042,,,,,,,0.0,,,,,,,,,,,,,,
0,0,BAU,,DWW_N,CH4_WASTE,,2043,,,,,,,0.0,,,,,,,,,,,,,,
0,0,BAU,,DWW_N,CH4_WASTE,,2044,,,,,,,0.0,,,,,,,,,,,,,,
0,0,BAU,,DWW_N,CH4_WASTE,,2045,,,,,,,0.0,,,,,,,,,,,,,,
0,0,BAU,,DWW_N,CH4_WASTE,,2046,,,,,,,0.0,,,,,,,,,,,,,,
0,0,BAU,,DWW_N,CH4_WASTE,,2047,,,,,,,0.0,,,,,,,,,,,,,,
0,0,BAU,,DWW_N,CH4_WASTE,,2048,,,,,,,0.0,,,,,,,,,,,,,,
0,0,BAU,,DWW_N,CH4_WASTE,,2049,,,,,,,0.0,,,,,,,,,,,,,,
0,0,BAU,,DWW_N,CH4_WASTE,,2050,,,,,,,0.0,,,,,,,,,,,,,,
0,0,BAU,,DWW_N,N2O_WASTE,,2018,,,,,,,0.0,,,,,,,,,,,,,,
0,0,BAU,,DWW_N,N2O_WASTE,,2019,,,,,,,0.0,,,,,,,,,,,,,,
0,0,BAU,,DWW_N,N2O_WASTE,,2020,,,,,,,0.0,,,,,,,,,,,,,,
0,0,BAU,,DWW_N,N2O_WASTE,,2021,,,,,,,0.0,,,,,,,,,,,,,,
0,0,BAU,,DWW_N,N2O_WASTE,,2022,,,,,,,0.0,,,,,,,,,,,,,,
0,0,BAU,,DWW_N,N2O_WASTE,,2023,,,,,,,0.0,,,,,,,,,,,,,,
0,0,BAU,,DWW_N,N2O_WASTE,,2024,,,,,,,0.0,,,,,,,,,,,,,,
0,0,BAU,,DWW_N,N2O_WASTE,,2025,,,,,,,0.0,,,,,,,,,,,,,,
0,0,BAU,,DWW_N,N2O_WASTE,,2026,,,,,,,0.0,,,,,,,,,,,,,,
0,0,BAU,,DWW_N,N2O_WASTE,,2027,,,,,,,0.0,,,,,,,,,,,,,,
0,0,BAU,,DWW_N,N2O_WASTE,,2028,,,,,,,0.0,,,,,,,,,,,,,,
0,0,BAU,,DWW_N,N2O_WASTE,,2029,,,,,,,0.0,,,,,,,,,,,,,,
0,0,BAU,,DWW_N,N2O_WASTE,,2030,,,,,,,0.0,,,,,,,,,,,,,,
0,0,BAU,,DWW_N,N2O_WASTE,,2031,,,,,,,0.0,,,,,,,,,,,,,,
0,0,BAU,,DWW_N,N2O_WASTE,,2032,,,,,,,0.0,,,,,,,,,,,,,,
0,0,BAU,,DWW_N,N2O_WASTE,,2033,,,,,,,0.0,,,,,,,,,,,,,,
0,0,BAU,,DWW_N,N2O_WASTE,,2034,,,,,,,0.0,,,,,,,,,,,,,,
0,0,BAU,,DWW_N,N2O_WASTE,,2035,,,,,,,0.0,,,,,,,,,,,,,,
0,0,BAU,,DWW_N,N2O_WASTE,,2036,,,,,,,0.0,,,,,,,,,,,,,,
0,0,BAU,,DWW_N,N2O_WASTE,,2037,,,,,,,0.0,,,,,,,,,,,,,,
0,0,BAU,,DWW_N,N2O_WASTE,,2038,,,,,,,0.0,,,,,,,,,,,,,,
0,0,BAU,,DWW_N,N2O_WASTE,,2039,,,,,,,0.0,,,,,,,,,,,,,,
0,0,BAU,,DWW_N,N2O_WASTE,,2040,,,,,,,0.0,,,,,,,,,,,,,,
0,0,BAU,,DWW_N,N2O_WASTE,,2041,,,,,,,0.0,,,,,,,,,,,,,,
0,0,BAU,,DWW_N,N2O_WASTE,,2042,,,,,,,0.0,,,,,,,,,,,,,,
0,0,BAU,,DWW_N,N2O_WASTE,,2043,,,,,,,0.0,,,,,,,,,,,,,,
0,0,BAU,,DWW_N,N2O_WASTE,,2044,,,,,,,0.0,,,,,,,,,,,,,,
0,0,BAU,,DWW_N,N2O_WASTE,,2045,,,,,,,0.0,,,,,,,,,,,,,,
0,0,BAU,,DWW_N,N2O_WASTE,,2046,,,,,,,0.0,,,,,,,,,,,,,,
0,0,BAU,,DWW_N,N2O_WASTE,,2047,,,,,,,0.0,,,,,,,,,,,,,,
0,0,BAU,,DWW_N,N2O_WASTE,,2048,,,,,,,0.0,,,,,,,,,,,,,,
0,0,BAU,,DWW_N,N2O_WASTE,,2049,,,,,,,0.0,,,,,,,,,,,,,,
0,0,BAU,,DWW_N,N2O_WASTE,,2050,,,,,,,0.0,,,,,,,,,,,,,,
0,0,BAU,,IWW,CO2e_WASTE,,2018,,,,,,,0.0027,,,,,,,,,,,,,,
0,0,BAU,,IWW,CO2e_WASTE,,2019,,,,,,,0.0052,,,,,,,,,,,,,,
0,0,BAU,,IWW,CO2e_WASTE,,2020,,,,,,,0.005,,,,,,,,,,,,,,
0,0,BAU,,IWW,CO2e_WASTE,,2021,,,,,,,0.0063,,,,,,,,,,,,,,
0,0,BAU,,IWW,CO2e_WASTE,,2022,,,,,,,0.006,,,,,,,,,,,,,,
0,0,BAU,,IWW,CO2e_WASTE,,2023,,,,,,,0.0062,,,,,,,,,,,,,,
0,0,BAU,,IWW,CO2e_WASTE,,2024,,,,,,,0.0065,,,,,,,,,,,,,,
0,0,BAU,,IWW,CO2e_WASTE,,2025,,,,,,,0.0067,,,,,,,,,,,,,,
0,0,BAU,,IWW,CO2e_WASTE,,2026,,,,,,,0.0069,,,,,,,,,,,,,,
0,0,BAU,,IWW,CO2e_WASTE,,2027,,,,,,,0.0071,,,,,,,,,,,,,,
0,0,BAU,,IWW,CO2e_WASTE,,2028,,,,,,,0.0073,,,,,,,,,,,,,,
0,0,BAU,,IWW,CO2e_WASTE,,2029,,,,,,,0.0075,,,,,,,,,,,,,,
0,0,BAU,,IWW,CO2e_WASTE,,2030,,,,,,,0.0078,,,,,,,,,,,,,,
0,0,BAU,,IWW,CO2e_WASTE,,2031,,,,,,,0.008,,,,,,,,,,,,,,
0,0,BAU,,IWW,CO2e_WASTE,,2032,,,,,,,0.0082,,,,,,,,,,,,,,
0,0,BAU,,IWW,CO2e_WASTE,,2033,,,,,,,0.0084,,,,,,,,,,,,,,
0,0,BAU,,IWW,CO2e_WASTE,,2034,,,,,,,0.0086,,,,,,,,,,,,,,
0,0,BAU,,IWW,CO2e_WASTE,,2035,,,,,,,0.0088,,,,,,,,,,,,,,
0,0,BAU,,IWW,CO2e_WASTE,,2036,,,,,,,0.0091,,,,,,,,,,,,,,
0,0,BAU,,IWW,CO2e_WASTE,,2037,,,,,,,0.0093,,,,,,,,,,,,,,
0,0,BAU,,IWW,CO2e_WASTE,,2038,,,,,,,0.0095,,,,,,,,,,,,,,
0,0,BAU,,IWW,CO2e_WASTE,,2039,,,,,,,0.0097,,,,,,,,,,,,,,
0,0,BAU,,IWW,CO2e_WASTE,,2040,,,,,,,0.0099,,,,,,,,,,,,,,
0,0,BAU,,IWW,CO2e_WASTE,,2041,,,,,,,0.0101,,,,,,,,,,,,,,
0,0,BAU,,IWW,CO2e_WASTE,,2042,,,,,,,0.0103,,,,,,,,,,,,,,
0,0,BAU,,IWW,CO2e_WASTE,,2043,,,,,,,0.0106,,,,,,,,,,,,,,
0,0,BAU,,IWW,CO2e_WASTE,,2044,,,,,,,0.0108,,,,,,,,,,,,,,
0,0,BAU,,IWW,CO2e_WASTE,,2045,,,,,,,0.011,,,,,,,,,,,,,,
0,0,BAU,,IWW,CO2e_WASTE,,2046,,,,,,,0.0112,,,,,,,,,,,,,,
0,0,BAU,,IWW,CO2e_WASTE,,2047,,,,,,,0.0114,,,,,,,,,,,,,,
0,0,BAU,,IWW,CO2e_WASTE,,2048,,,,,,,0.0116,,,,,,,,,,,,,,
0,0,BAU,,IWW,CO2e_WASTE,,2049,,,,,,,0.0119,,,,,,,,,,,,,,
0,0,BAU,,IWW,CO2e_WASTE,,2050,,,,,,,0.0121,,,,,,,,,,,,,,
0,0,BAU,,IWW,CO2_WASTE,,2018,,,,,,,0.0,,,,,,,,,,,,,,
0,0,BAU,,IWW,CO2_WASTE,,2019,,,,,,,0.0,,,,,,,,,,,,,,
0,0,BAU,,IWW,CO2_WASTE,,2020,,,,,,,0.0,,,,,,,,,,,,,,
0,0,BAU,,IWW,CO2_WASTE,,2021,,,,,,,0.0,,,,,,,,,,,,,,
0,0,BAU,,IWW,CO2_WASTE,,2022,,,,,,,0.0,,,,,,,,,,,,,,
0,0,BAU,,IWW,CO2_WASTE,,2023,,,,,,,0.0,,,,,,,,,,,,,,
0,0,BAU,,IWW,CO2_WASTE,,2024,,,,,,,0.0,,,,,,,,,,,,,,
0,0,BAU,,IWW,CO2_WASTE,,2025,,,,,,,0.0,,,,,,,,,,,,,,
0,0,BAU,,IWW,CO2_WASTE,,2026,,,,,,,0.0,,,,,,,,,,,,,,
0,0,BAU,,IWW,CO2_WASTE,,2027,,,,,,,0.0,,,,,,,,,,,,,,
0,0,BAU,,IWW,CO2_WASTE,,2028,,,,,,,0.0,,,,,,,,,,,,,,
0,0,BAU,,IWW,CO2_WASTE,,2029,,,,,,,0.0,,,,,,,,,,,,,,
0,0,BAU,,IWW,CO2_WASTE,,2030,,,,,,,0.0,,,,,,,,,,,,,,
0,0,BAU,,IWW,CO2_WASTE,,2031,,,,,,,0.0,,,,,,,,,,,,,,
0,0,BAU,,IWW,CO2_WASTE,,2032,,,,,,,0.0,,,,,,,,,,,,,,
0,0,BAU,,IWW,CO2_WASTE,,2033,,,,,,,0.0,,,,,,,,,,,,,,
0,0,BAU,,IWW,CO2_WASTE,,2034,,,,,,,0.0,,,,,,,,,,,,,,
0,0,BAU,,IWW,CO2_WASTE,,2035,,,,,,,0.0,,,,,,,,,,,,,,
0,0,BAU,,IWW,CO2_WASTE,,2036,,,,,,,0.0,,,,,,,,,,,,,,
0,0,BAU,,IWW,CO2_WASTE,,2037,,,,,,,0.0,,,,,,,,,,,,,,
0,0,BAU,,IWW,CO2_WASTE,,2038,,,,,,,0.0,,,,,,,,,,,,,,
0,0,BAU,,IWW,CO2_WASTE,,2039,,,,,,,0.0,,,,,,,,,,,,,,
0,0,BAU,,IWW,CO2_WASTE,,2040,,,,,,,0.0,,,,,,,,,,,,,,
0,0,BAU,,IWW,CO2_WASTE,,2041,,,,,,,0.0,,,,,,,,,,,,,,
0,0,BAU,,IWW,CO2_WASTE,,2042,,,,,,,0.0,,,,,,,,,,,,,,
0,0,BAU,,IWW,CO2_WASTE,,2043,,,,,,,0.0,,,,,,,,,,,,,,
0,0,BAU,,IWW,CO2_WASTE,,2044,,,,,,,0.0,,,,,,,,,,,,,,
0,0,BAU,,IWW,CO2_WASTE,,2045,,,,,,,0.0,,,,,,,,,,,,,,
0,0,BAU,,IWW,CO2_WASTE,,2046,,,,,,,0.0,,,,,,,,,,,,,,
0,0,BAU,,IWW,CO2_WASTE,,2047,,,,,,,0.0,,,,,,,,,,,,,,
0,0,BAU,,IWW,CO2_WASTE,,2048,,,,,,,0.0,,,,,,,,,,,,,,
0,0,BAU,,IWW,CO2_WASTE,,2049,,,,,,,0.0,,,,,,,,,,,,,,
0,0,BAU,,IWW,CO2_WASTE,,2050,,,,,,,0.0,,,,,,,,,,,,,,
0,0,BAU,,IWW,CH4_WASTE,,2018,,,,,,,0.0,,,,,,,,,,,,,,
0,0,BAU,,IWW,CH4_WASTE,,2019,,,,,,,0.0,,,,,,,,,,,,,,
0,0,BAU,,IWW,CH4_WASTE,,2020,,,,,,,0.0,,,,,,,,,,,,,,
0,0,BAU,,IWW,CH4_WASTE,,2021,,,,,,,0.0,,,,,,,,,,,,,,
0,0,BAU,,IWW,CH4_WASTE,,2022,,,,,,,0.0,,,,,,,,,,,,,,
0,0,BAU,,IWW,CH4_WASTE,,2023,,,,,,,0.0,,,,,,,,,,,,,,
0,0,BAU,,IWW,CH4_WASTE,,2024,,,,,,,0.0,,,,,,,,,,,,,,
0,0,BAU,,IWW,CH4_WASTE,,2025,,,,,,,0.0,,,,,,,,,,,,,,
0,0,BAU,,IWW,CH4_WASTE,,2026,,,,,,,0.0,,,,,,,,,,,,,,
0,0,BAU,,IWW,CH4_WASTE,,2027,,,,,,,0.0,,,,,,,,,,,,,,
0,0,BAU,,IWW,CH4_WASTE,,2028,,,,,,,0.0,,,,,,,,,,,,,,
0,0,BAU,,IWW,CH4_WASTE,,2029,,,,,,,0.0,,,,,,,,,,,,,,
0,0,BAU,,IWW,CH4_WASTE,,2030,,,,,,,0.0,,,,,,,,,,,,,,
0,0,BAU,,IWW,CH4_WASTE,,2031,,,,,,,0.0,,,,,,,,,,,,,,
0,0,BAU,,IWW,CH4_WASTE,,2032,,,,,,,0.0,,,,,,,,,,,,,,
0,0,BAU,,IWW,CH4_WASTE,,2033,,,,,,,0.0,,,,,,,,,,,,,,
0,0,BAU,,IWW,CH4_WASTE,,2034,,,,,,,0.0,,,,,,,,,,,,,,
0,0,BAU,,IWW,CH4_WASTE,,2035,,,,,,,0.0,,,,,,,,,,,,,,
0,0,BAU,,IWW,CH4_WASTE,,2036,,,,,,,0.0,,,,,,,,,,,,,,
0,0,BAU,,IWW,CH4_WASTE,,2037,,,,,,,0.0,,,,,,,,,,,,,,
0,0,BAU,,IWW,CH4_WASTE,,2038,,,,,,,0.0,,,,,,,,,,,,,,
0,0,BAU,,IWW,CH4_WASTE,,2039,,,,,,,0.0,,,,,,,,,,,,,,
0,0,BAU,,IWW,CH4_WASTE,,2040,,,,,,,0.0,,,,,,,,,,,,,,
0,0,BAU,,IWW,CH4_WASTE,,2041,,,,,,,0.0,,,,,,,,,,,,,,
0,0,BAU,,IWW,CH4_WASTE,,2042,,,,,,,0.0,,,,,,,,,,,,,,
0,0,BAU,,IWW,CH4_WASTE,,2043,,,,,,,0.0,,,,,,,,,,,,,,
0,0,BAU,,IWW,CH4_WASTE,,2044,,,,,,,0.0,,,,,,,,,,,,,,
0,0,BAU,,IWW,CH4_WASTE,,2045,,,,,,,0.0,,,,,,,,,,,,,,
0,0,BAU,,IWW,CH4_WASTE,,2046,,,,,,,0.0,,,,,,,,,,,,,,
0,0,BAU,,IWW,CH4_WASTE,,2047,,,,,,,0.0,,,,,,,,,,,,,,
0,0,BAU,,IWW,CH4_WASTE,,2048,,,,,,,0.0,,,,,,,,,,,,,,
0,0,BAU,,IWW,CH4_WASTE,,2049,,,,,,,0.0,,,,,,,,,,,,,,
0,0,BAU,,IWW,CH4_WASTE,,2050,,,,,,,0.0,,,,,,,,,,,,,,
0,0,BAU,,IWW,N2O_WASTE,,2018,,,,,,,0.0,,,,,,,,,,,,,,
0,0,BAU,,IWW,N2O_WASTE,,2019,,,,,,,0.0,,,,,,,,,,,,,,
0,0,BAU,,IWW,N2O_WASTE,,2020,,,,,,,0.0,,,,,,,,,,,,,,
0,0,BAU,,IWW,N2O_WASTE,,2021,,,,,,,0.0,,,,,,,,,,,,,,
0,0,BAU,,IWW,N2O_WASTE,,2022,,,,,,,0.0,,,,,,,,,,,,,,
0,0,BAU,,IWW,N2O_WASTE,,2023,,,,,,,0.0,,,,,,,,,,,,,,
0,0,BAU,,IWW,N2O_WASTE,,2024,,,,,,,0.0,,,,,,,,,,,,,,
0,0,BAU,,IWW,N2O_WASTE,,2025,,,,,,,0.0,,,,,,,,,,,,,,
0,0,BAU,,IWW,N2O_WASTE,,2026,,,,,,,0.0,,,,,,,,,,,,,,
0,0,BAU,,IWW,N2O_WASTE,,2027,,,,,,,0.0,,,,,,,,,,,,,,
0,0,BAU,,IWW,N2O_WASTE,,2028,,,,,,,0.0,,,,,,,,,,,,,,
0,0,BAU,,IWW,N2O_WASTE,,2029,,,,,,,0.0,,,,,,,,,,,,,,
0,0,BAU,,IWW,N2O_WASTE,,2030,,,,,,,0.0,,,,,,,,,,,,,,
0,0,BAU,,IWW,N2O_WASTE,,2031,,,,,,,0.0,,,,,,,,,,,,,,
0,0,BAU,,IWW,N2O_WASTE,,2032,,,,,,,0.0,,,,,,,,,,,,,,
0,0,BAU,,IWW,N2O_WASTE,,2033,,,,,,,0.0,,,,,,,,,,,,,,
0,0,BAU,,IWW,N2O_WASTE,,2034,,,,,,,0.0,,,,,,,,,,,,,,
0,0,BAU,,IWW,N2O_WASTE,,2035,,,,,,,0.0,,,,,,,,,,,,,,
0,0,BAU,,IWW,N2O_WASTE,,2036,,,,,,,0.0,,,,,,,,,,,,,,
0,0,BAU,,IWW,N2O_WASTE,,2037,,,,,,,0.0,,,,,,,,,,,,,,
0,0,BAU,,IWW,N2O_WASTE,,2038,,,,,,,0.0,,,,,,,,,,,,,,
0,0,BAU,,IWW,N2O_WASTE,,2039,,,,,,,0.0,,,,,,,,,,,,,,
0,0,BAU,,IWW,N2O_WASTE,,2040,,,,,,,0.0,,,,,,,,,,,,,,
0,0,BAU,,IWW,N2O_WASTE,,2041,,,,,,,0.0,,,,,,,,,,,,,,
0,0,BAU,,IWW,N2O_WASTE,,2042,,,,,,,0.0,,,,,,,,,,,,,,
0,0,BAU,,IWW,N2O_WASTE,,2043,,,,,,,0.0,,,,,,,,,,,,,,
0,0,BAU,,IWW,N2O_WASTE,,2044,,,,,,,0.0,,,,,,,,,,,,,,
0,0,BAU,,IWW,N2O_WASTE,,2045,,,,,,,0.0,,,,,,,,,,,,,,
0,0,BAU,,IWW,N2O_WASTE,,2046,,,,,,,0.0,,,,,,,,,,,,,,
0,0,BAU,,IWW,N2O_WASTE,,2047,,,,,,,0.0,,,,,,,,,,,,,,
0,0,BAU,,IWW,N2O_WASTE,,2048,,,,,,,0.0,,,,,,,,,,,,,,
0,0,BAU,,IWW,N2O_WASTE,,2049,,,,,,,0.0,,,,,,,,,,,,,,
0,0,BAU,,IWW,N2O_WASTE,,2050,,,,,,,0.0,,,,,,,,,,,,,,
0,0,BAU,,SIT_CLAN,salud_residuos,,2018,,,,,,,1.0,,,,,,,,,,,,,,
0,0,BAU,,SIT_CLAN,salud_residuos,,2019,,,,,,,1.0,,,,,,,,,,,,,,
0,0,BAU,,SIT_CLAN,salud_residuos,,2020,,,,,,,1.0,,,,,,,,,,,,,,
0,0,BAU,,SIT_CLAN,salud_residuos,,2021,,,,,,,1.0,,,,,,,,,,,,,,
0,0,BAU,,SIT_CLAN,salud_residuos,,2022,,,,,,,1.0,,,,,,,,,,,,,,
0,0,BAU,,SIT_CLAN,salud_residuos,,2023,,,,,,,1.0,,,,,,,,,,,,,,
0,0,BAU,,SIT_CLAN,salud_residuos,,2024,,,,,,,1.0,,,,,,,,,,,,,,
0,0,BAU,,SIT_CLAN,salud_residuos,,2025,,,,,,,1.0,,,,,,,,,,,,,,
0,0,BAU,,SIT_CLAN,salud_residuos,,2026,,,,,,,1.0,,,,,,,,,,,,,,
0,0,BAU,,SIT_CLAN,salud_residuos,,2027,,,,,,,1.0,,,,,,,,,,,,,,
0,0,BAU,,SIT_CLAN,salud_residuos,,2028,,,,,,,1.0,,,,,,,,,,,,,,
0,0,BAU,,SIT_CLAN,salud_residuos,,2029,,,,,,,1.0,,,,,,,,,,,,,,
0,0,BAU,,SIT_CLAN,salud_residuos,,2030,,,,,,,1.0,,,,,,,,,,,,,,
0,0,BAU,,SIT_CLAN,salud_residuos,,2031,,,,,,,1.0,,,,,,,,,,,,,,
0,0,BAU,,SIT_CLAN,salud_residuos,,2032,,,,,,,1.0,,,,,,,,,,,,,,
0,0,BAU,,SIT_CLAN,salud_residuos,,2033,,,,,,,1.0,,,,,,,,,,,,,,
0,0,BAU,,SIT_CLAN,salud_residuos,,2034,,,,,,,1.0,,,,,,,,,,,,,,
0,0,BAU,,SIT_CLAN,salud_residuos,,2035,,,,,,,1.0,,,,,,,,,,,,,,
0,0,BAU,,SIT_CLAN,salud_residuos,,2036,,,,,,,1.0,,,,,,,,,,,,,,
0,0,BAU,,SIT_CLAN,salud_residuos,,2037,,,,,,,1.0,,,,,,,,,,,,,,
0,0,BAU,,SIT_CLAN,salud_residuos,,2038,,,,,,,1.0,,,,,,,,,,,,,,
0,0,BAU,,SIT_CLAN,salud_residuos,,2039,,,,,,,1.0,,,,,,,,,,,,,,
0,0,BAU,,SIT_CLAN,salud_residuos,,2040,,,,,,,1.0,,,,,,,,,,,,,,
0,0,BAU,,SIT_CLAN,salud_residuos,,2041,,,,,,,1.0,,,,,,,,,,,,,,
0,0,BAU,,SIT_CLAN,salud_residuos,,2042,,,,,,,1.0,,,,,,,,,,,,,,
0,0,BAU,,SIT_CLAN,salud_residuos,,2043,,,,,,,1.0,,,,,,,,,,,,,,
0,0,BAU,,SIT_CLAN,salud_residuos,,2044,,,,,,,1.0,,,,,,,,,,,,,,
0,0,BAU,,SIT_CLAN,salud_residuos,,2045,,,,,,,1.0,,,,,,,,,,,,,,
0,0,BAU,,SIT_CLAN,salud_residuos,,2046,,,,,,,1.0,,,,,,,,,,,,,,
0,0,BAU,,SIT_CLAN,salud_residuos,,2047,,,,,,,1.0,,,,,,,,,,,,,,
0,0,BAU,,SIT_CLAN,salud_residuos,,2048,,,,,,,1.0,,,,,,,,,,,,,,
0,0,BAU,,SIT_CLAN,salud_residuos,,2049,,,,,,,1.0,,,,,,,,,,,,,,
0,0,BAU,,SIT_CLAN,salud_residuos,,2050,,,,,,,1.0,,,,,,,,,,,,,,
0,0,BAU,,OPEN_BURN,salud_residuos,,2018,,,,,,,1.0,,,,,,,,,,,,,,
0,0,BAU,,OPEN_BURN,salud_residuos,,2019,,,,,,,1.0,,,,,,,,,,,,,,
0,0,BAU,,OPEN_BURN,salud_residuos,,2020,,,,,,,1.0,,,,,,,,,,,,,,
0,0,BAU,,OPEN_BURN,salud_residuos,,2021,,,,,,,1.0,,,,,,,,,,,,,,
0,0,BAU,,OPEN_BURN,salud_residuos,,2022,,,,,,,1.0,,,,,,,,,,,,,,
0,0,BAU,,OPEN_BURN,salud_residuos,,2023,,,,,,,1.0,,,,,,,,,,,,,,
0,0,BAU,,OPEN_BURN,salud_residuos,,2024,,,,,,,1.0,,,,,,,,,,,,,,
0,0,BAU,,OPEN_BURN,salud_residuos,,2025,,,,,,,1.0,,,,,,,,,,,,,,
0,0,BAU,,OPEN_BURN,salud_residuos,,2026,,,,,,,1.0,,,,,,,,,,,,,,
0,0,BAU,,OPEN_BURN,salud_residuos,,2027,,,,,,,1.0,,,,,,,,,,,,,,
0,0,BAU,,OPEN_BURN,salud_residuos,,2028,,,,,,,1.0,,,,,,,,,,,,,,
0,0,BAU,,OPEN_BURN,salud_residuos,,2029,,,,,,,1.0,,,,,,,,,,,,,,
0,0,BAU,,OPEN_BURN,salud_residuos,,2030,,,,,,,1.0,,,,,,,,,,,,,,
0,0,BAU,,OPEN_BURN,salud_residuos,,2031,,,,,,,1.0,,,,,,,,,,,,,,
0,0,BAU,,OPEN_BURN,salud_residuos,,2032,,,,,,,1.0,,,,,,,,,,,,,,
0,0,BAU,,OPEN_BURN,salud_residuos,,2033,,,,,,,1.0,,,,,,,,,,,,,,
0,0,BAU,,OPEN_BURN,salud_residuos,,2034,,,,,,,1.0,,,,,,,,,,,,,,
0,0,BAU,,OPEN_BURN,salud_residuos,,2035,,,,,,,1.0,,,,,,,,,,,,,,
0,0,BAU,,OPEN_BURN,salud_residuos,,2036,,,,,,,1.0,,,,,,,,,,,,,,
0,0,BAU,,OPEN_BURN,salud_residuos,,2037,,,,,,,1.0,,,,,,,,,,,,,,
0,0,BAU,,OPEN_BURN,salud_residuos,,2038,,,,,,,1.0,,,,,,,,,,,,,,
0,0,BAU,,OPEN_BURN,salud_residuos,,2039,,,,,,,1.0,,,,,,,,,,,,,,
0,0,BAU,,OPEN_BURN,salud_residuos,,2040,,,,,,,1.0,,,,,,,,,,,,,,
0,0,BAU,,OPEN_BURN,salud_residuos,,2041,,,,,,,1.0,,,,,,,,,,,,,,
0,0,BAU,,OPEN_BURN,salud_residuos,,2042,,,,,,,1.0,,,,,,,,,,,,,,
0,0,BAU,,OPEN_BURN,salud_residuos,,2043,,,,,,,1.0,,,,,,,,,,,,,,
0,0,BAU,,OPEN_BURN,salud_residuos,,2044,,,,,,,1.0,,,,,,,,,,,,,,
0,0,BAU,,OPEN_BURN,salud_residuos,,2045,,,,,,,1.0,,,,,,,,,,,,,,
0,0,BAU,,OPEN_BURN,salud_residuos,,2046,,,,,,,1.0,,,,,,,,,,,,,,
0,0,BAU,,OPEN_BURN,salud_residuos,,2047,,,,,,,1.0,,,,,,,,,,,,,,
0,0,BAU,,OPEN_BURN,salud_residuos,,2048,,,,,,,1.0,,,,,,,,,,,,,,
0,0,BAU,,OPEN_BURN,salud_residuos,,2049,,,,,,,1.0,,,,,,,,,,,,,,
0,0,BAU,,OPEN_BURN,salud_residuos,,2050,,,,,,,1.0,,,,,,,,,,,,,,
0,0,BAU,,NO_CONTR_OD,salud_residuos,,2018,,,,,,,1.0,,,,,,,,,,,,,,
0,0,BAU,,NO_CONTR_OD,salud_residuos,,2019,,,,,,,1.0,,,,,,,,,,,,,,
0,0,BAU,,NO_CONTR_OD,salud_residuos,,2020,,,,,,,1.0,,,,,,,,,,,,,,
0,0,BAU,,NO_CONTR_OD,salud_residuos,,2021,,,,,,,1.0,,,,,,,,,,,,,,
0,0,BAU,,NO_CONTR_OD,salud_residuos,,2022,,,,,,,1.0,,,,,,,,,,,,,,
0,0,BAU,,NO_CONTR_OD,salud_residuos,,2023,,,,,,,1.0,,,,,,,,,,,,,,
0,0,BAU,,NO_CONTR_OD,salud_residuos,,2024,,,,,,,1.0,,,,,,,,,,,,,,
0,0,BAU,,NO_CONTR_OD,salud_residuos,,2025,,,,,,,1.0,,,,,,,,,,,,,,
0,0,BAU,,NO_CONTR_OD,salud_residuos,,2026,,,,,,,1.0,,,,,,,,,,,,,,
0,0,BAU,,NO_CONTR_OD,salud_residuos,,2027,,,,,,,1.0,,,,,,,,,,,,,,
0,0,BAU,,NO_CONTR_OD,salud_residuos,,2028,,,,,,,1.0,,,,,,,,,,,,,,
0,0,BAU,,NO_CONTR_OD,salud_residuos,,2029,,,,,,,1.0,,,,,,,,,,,,,,
0,0,BAU,,NO_CONTR_OD,salud_residuos,,2030,,,,,,,1.0,,,,,,,,,,,,,,
0,0,BAU,,NO_CONTR_OD,salud_residuos,,2031,,,,,,,1.0,,,,,,,,,,,,,,
0,0,BAU,,NO_CONTR_OD,salud_residuos,,2032,,,,,,,1.0,,,,,,,,,,,,,,
0,0,BAU,,NO_CONTR_OD,salud_residuos,,2033,,,,,,,1.0,,,,,,,,,,,,,,
0,0,BAU,,NO_CONTR_OD,salud_residuos,,2034,,,,,,,1.0,,,,,,,,,,,,,,
0,0,BAU,,NO_CONTR_OD,salud_residuos,,2035,,,,,,,1.0,,,,,,,,,,,,,,
0,0,BAU,,NO_CONTR_OD,salud_residuos,,2036,,,,,,,1.0,,,,,,,,,,,,,,
0,0,BAU,,NO_CONTR_OD,salud_residuos,,2037,,,,,,,1.0,,,,,,,,,,,,,,
0,0,BAU,,NO_CONTR_OD,salud_residuos,,2038,,,,,,,1.0,,,,,,,,,,,,,,
0,0,BAU,,NO_CONTR_OD,salud_residuos,,2039,,,,,,,1.0,,,,,,,,,,,,,,
0,0,BAU,,NO_CONTR_OD,salud_residuos,,2040,,,,,,,1.0,,,,,,,,,,,,,,
0,0,BAU,,NO_CONTR_OD,salud_residuos,,2041,,,,,,,1.0,,,,,,,,,,,,,,
0,0,BAU,,NO_CONTR_OD,salud_residuos,,2042,,,,,,,1.0,,,,,,,,,,,,,,
0,0,BAU,,NO_CONTR_OD,salud_residuos,,2043,,,,,,,1.0,,,,,,,,,,,,,,
0,0,BAU,,NO_CONTR_OD,salud_residuos,,2044,,,,,,,1.0,,,,,,,,,,,,,,
0,0,BAU,,NO_CONTR_OD,salud_residuos,,2045,,,,,,,1.0,,,,,,,,,,,,,,
0,0,BAU,,NO_CONTR_OD,salud_residuos,,2046,,,,,,,1.0,,,,,,,,,,,,,,
0,0,BAU,,NO_CONTR_OD,salud_residuos,,2047,,,,,,,1.0,,,,,,,,,,,,,,
0,0,BAU,,NO_CONTR_OD,salud_residuos,,2048,,,,,,,1.0,,,,,,,,,,,,,,
0,0,BAU,,NO_CONTR_OD,salud_residuos,,2049,,,,,,,1.0,,,,,,,,,,,,,,
0,0,BAU,,NO_CONTR_OD,salud_residuos,,2050,,,,,,,1.0,,,,,,,,,,,,,,
0,0,BAU,,SIT_CLAN,contam_agua,,2018,,,,,,,1.0,,,,,,,,,,,,,,
0,0,BAU,,SIT_CLAN,contam_agua,,2019,,,,,,,1.0,,,,,,,,,,,,,,
0,0,BAU,,SIT_CLAN,contam_agua,,2020,,,,,,,1.0,,,,,,,,,,,,,,
0,0,BAU,,SIT_CLAN,contam_agua,,2021,,,,,,,1.0,,,,,,,,,,,,,,
0,0,BAU,,SIT_CLAN,contam_agua,,2022,,,,,,,1.0,,,,,,,,,,,,,,
0,0,BAU,,SIT_CLAN,contam_agua,,2023,,,,,,,1.0,,,,,,,,,,,,,,
0,0,BAU,,SIT_CLAN,contam_agua,,2024,,,,,,,1.0,,,,,,,,,,,,,,
0,0,BAU,,SIT_CLAN,contam_agua,,2025,,,,,,,1.0,,,,,,,,,,,,,,
0,0,BAU,,SIT_CLAN,contam_agua,,2026,,,,,,,1.0,,,,,,,,,,,,,,
0,0,BAU,,SIT_CLAN,contam_agua,,2027,,,,,,,1.0,,,,,,,,,,,,,,
0,0,BAU,,SIT_CLAN,contam_agua,,2028,,,,,,,1.0,,,,,,,,,,,,,,
0,0,BAU,,SIT_CLAN,contam_agua,,2029,,,,,,,1.0,,,,,,,,,,,,,,
0,0,BAU,,SIT_CLAN,contam_agua,,2030,,,,,,,1.0,,,,,,,,,,,,,,
0,0,BAU,,SIT_CLAN,contam_agua,,2031,,,,,,,1.0,,,,,,,,,,,,,,
0,0,BAU,,SIT_CLAN,contam_agua,,2032,,,,,,,1.0,,,,,,,,,,,,,,
0,0,BAU,,SIT_CLAN,contam_agua,,2033,,,,,,,1.0,,,,,,,,,,,,,,
0,0,BAU,,SIT_CLAN,contam_agua,,2034,,,,,,,1.0,,,,,,,,,,,,,,
0,0,BAU,,SIT_CLAN,contam_agua,,2035,,,,,,,1.0,,,,,,,,,,,,,,
0,0,BAU,,SIT_CLAN,contam_agua,,2036,,,,,,,1.0,,,,,,,,,,,,,,
0,0,BAU,,SIT_CLAN,contam_agua,,2037,,,,,,,1.0,,,,,,,,,,,,,,
0,0,BAU,,SIT_CLAN,contam_agua,,2038,,,,,,,1.0,,,,,,,,,,,,,,
0,0,BAU,,SIT_CLAN,contam_agua,,2039,,,,,,,1.0,,,,,,,,,,,,,,
0,0,BAU,,SIT_CLAN,contam_agua,,2040,,,,,,,1.0,,,,,,,,,,,,,,
0,0,BAU,,SIT_CLAN,contam_agua,,2041,,,,,,,1.0,,,,,,,,,,,,,,
0,0,BAU,,SIT_CLAN,contam_agua,,2042,,,,,,,1.0,,,,,,,,,,,,,,
0,0,BAU,,SIT_CLAN,contam_agua,,2043,,,,,,,1.0,,,,,,,,,,,,,,
0,0,BAU,,SIT_CLAN,contam_agua,,2044,,,,,,,1.0,,,,,,,,,,,,,,
0,0,BAU,,SIT_CLAN,contam_agua,,2045,,,,,,,1.0,,,,,,,,,,,,,,
0,0,BAU,,SIT_CLAN,contam_agua,,2046,,,,,,,1.0,,,,,,,,,,,,,,
0,0,BAU,,SIT_CLAN,contam_agua,,2047,,,,,,,1.0,,,,,,,,,,,,,,
0,0,BAU,,SIT_CLAN,contam_agua,,2048,,,,,,,1.0,,,,,,,,,,,,,,
0,0,BAU,,SIT_CLAN,contam_agua,,2049,,,,,,,1.0,,,,,,,,,,,,,,
0,0,BAU,,SIT_CLAN,contam_agua,,2050,,,,,,,1.0,,,,,,,,,,,,,,
0,0,BAU,,NO_CONTR_OD,contam_agua,,2018,,,,,,,1.0,,,,,,,,,,,,,,
0,0,BAU,,NO_CONTR_OD,contam_agua,,2019,,,,,,,1.0,,,,,,,,,,,,,,
0,0,BAU,,NO_CONTR_OD,contam_agua,,2020,,,,,,,1.0,,,,,,,,,,,,,,
0,0,BAU,,NO_CONTR_OD,contam_agua,,2021,,,,,,,1.0,,,,,,,,,,,,,,
0,0,BAU,,NO_CONTR_OD,contam_agua,,2022,,,,,,,1.0,,,,,,,,,,,,,,
0,0,BAU,,NO_CONTR_OD,contam_agua,,2023,,,,,,,1.0,,,,,,,,,,,,,,
0,0,BAU,,NO_CONTR_OD,contam_agua,,2024,,,,,,,1.0,,,,,,,,,,,,,,
0,0,BAU,,NO_CONTR_OD,contam_agua,,2025,,,,,,,1.0,,,,,,,,,,,,,,
0,0,BAU,,NO_CONTR_OD,contam_agua,,2026,,,,,,,1.0,,,,,,,,,,,,,,
0,0,BAU,,NO_CONTR_OD,contam_agua,,2027,,,,,,,1.0,,,,,,,,,,,,,,
0,0,BAU,,NO_CONTR_OD,contam_agua,,2028,,,,,,,1.0,,,,,,,,,,,,,,
0,0,BAU,,NO_CONTR_OD,contam_agua,,2029,,,,,,,1.0,,,,,,,,,,,,,,
0,0,BAU,,NO_CONTR_OD,contam_agua,,2030,,,,,,,1.0,,,,,,,,,,,,,,
0,0,BAU,,NO_CONTR_OD,contam_agua,,2031,,,,,,,1.0,,,,,,,,,,,,,,
0,0,BAU,,NO_CONTR_OD,contam_agua,,2032,,,,,,,1.0,,,,,,,,,,,,,,
0,0,BAU,,NO_CONTR_OD,contam_agua,,2033,,,,,,,1.0,,,,,,,,,,,,,,
0,0,BAU,,NO_CONTR_OD,contam_agua,,2034,,,,,,,1.0,,,,,,,,,,,,,,
0,0,BAU,,NO_CONTR_OD,contam_agua,,2035,,,,,,,1.0,,,,,,,,,,,,,,
0,0,BAU,,NO_CONTR_OD,contam_agua,,2036,,,,,,,1.0,,,,,,,,,,,,,,
0,0,BAU,,NO_CONTR_OD,contam_agua,,2037,,,,,,,1.0,,,,,,,,,,,,,,
0,0,BAU,,NO_CONTR_OD,contam_agua,,2038,,,,,,,1.0,,,,,,,,,,,,,,
0,0,BAU,,NO_CONTR_OD,contam_agua,,2039,,,,,,,1.0,,,,,,,,,,,,,,
0,0,BAU,,NO_CONTR_OD,contam_agua,,2040,,,,,,,1.0,,,,,,,,,,,,,,
0,0,BAU,,NO_CONTR_OD,contam_agua,,2041,,,,,,,1.0,,,,,,,,,,,,,,
0,0,BAU,,NO_CONTR_OD,contam_agua,,2042,,,,,,,1.0,,,,,,,,,,,,,,
0,0,BAU,,NO_CONTR_OD,contam_agua,,2043,,,,,,,1.0,,,,,,,,,,,,,,
0,0,BAU,,NO_CONTR_OD,contam_agua,,2044,,,,,,,1.0,,,,,,,,,,,,,,
0,0,BAU,,NO_CONTR_OD,contam_agua,,2045,,,,,,,1.0,,,,,,,,,,,,,,
0,0,BAU,,NO_CONTR_OD,contam_agua,,2046,,,,,,,1.0,,,,,,,,,,,,,,
0,0,BAU,,NO_CONTR_OD,contam_agua,,2047,,,,,,,1.0,,,,,,,,,,,,,,
0,0,BAU,,NO_CONTR_OD,contam_agua,,2048,,,,,,,1.0,,,,,,,,,,,,,,
0,0,BAU,,NO_CONTR_OD,contam_agua,,2049,,,,,,,1.0,,,,,,,,,,,,,,
0,0,BAU,,NO_CONTR_OD,contam_agua,,2050,,,,,,,1.0,,,,,,,,,,,,,,
0,0,BAU,,SIT_CLAN,turismo_residuos,,2018,,,,,,,1.0,,,,,,,,,,,,,,
0,0,BAU,,SIT_CLAN,turismo_residuos,,2019,,,,,,,1.0,,,,,,,,,,,,,,
0,0,BAU,,SIT_CLAN,turismo_residuos,,2020,,,,,,,1.0,,,,,,,,,,,,,,
0,0,BAU,,SIT_CLAN,turismo_residuos,,2021,,,,,,,1.0,,,,,,,,,,,,,,
0,0,BAU,,SIT_CLAN,turismo_residuos,,2022,,,,,,,1.0,,,,,,,,,,,,,,
0,0,BAU,,SIT_CLAN,turismo_residuos,,2023,,,,,,,1.0,,,,,,,,,,,,,,
0,0,BAU,,SIT_CLAN,turismo_residuos,,2024,,,,,,,1.0,,,,,,,,,,,,,,
0,0,BAU,,SIT_CLAN,turismo_residuos,,2025,,,,,,,1.0,,,,,,,,,,,,,,
0,0,BAU,,SIT_CLAN,turismo_residuos,,2026,,,,,,,1.0,,,,,,,,,,,,,,
0,0,BAU,,SIT_CLAN,turismo_residuos,,2027,,,,,,,1.0,,,,,,,,,,,,,,
0,0,BAU,,SIT_CLAN,turismo_residuos,,2028,,,,,,,1.0,,,,,,,,,,,,,,
0,0,BAU,,SIT_CLAN,turismo_residuos,,2029,,,,,,,1.0,,,,,,,,,,,,,,
0,0,BAU,,SIT_CLAN,turismo_residuos,,2030,,,,,,,1.0,,,,,,,,,,,,,,
0,0,BAU,,SIT_CLAN,turismo_residuos,,2031,,,,,,,1.0,,,,,,,,,,,,,,
0,0,BAU,,SIT_CLAN,turismo_residuos,,2032,,,,,,,1.0,,,,,,,,,,,,,,
0,0,BAU,,SIT_CLAN,turismo_residuos,,2033,,,,,,,1.0,,,,,,,,,,,,,,
0,0,BAU,,SIT_CLAN,turismo_residuos,,2034,,,,,,,1.0,,,,,,,,,,,,,,
0,0,BAU,,SIT_CLAN,turismo_residuos,,2035,,,,,,,1.0,,,,,,,,,,,,,,
0,0,BAU,,SIT_CLAN,turismo_residuos,,2036,,,,,,,1.0,,,,,,,,,,,,,,
0,0,BAU,,SIT_CLAN,turismo_residuos,,2037,,,,,,,1.0,,,,,,,,,,,,,,
0,0,BAU,,SIT_CLAN,turismo_residuos,,2038,,,,,,,1.0,,,,,,,,,,,,,,
0,0,BAU,,SIT_CLAN,turismo_residuos,,2039,,,,,,,1.0,,,,,,,,,,,,,,
0,0,BAU,,SIT_CLAN,turismo_residuos,,2040,,,,,,,1.0,,,,,,,,,,,,,,
0,0,BAU,,SIT_CLAN,turismo_residuos,,2041,,,,,,,1.0,,,,,,,,,,,,,,
0,0,BAU,,SIT_CLAN,turismo_residuos,,2042,,,,,,,1.0,,,,,,,,,,,,,,
0,0,BAU,,SIT_CLAN,turismo_residuos,,2043,,,,,,,1.0,,,,,,,,,,,,,,
0,0,BAU,,SIT_CLAN,turismo_residuos,,2044,,,,,,,1.0,,,,,,,,,,,,,,
0,0,BAU,,SIT_CLAN,turismo_residuos,,2045,,,,,,,1.0,,,,,,,,,,,,,,
0,0,BAU,,SIT_CLAN,turismo_residuos,,2046,,,,,,,1.0,,,,,,,,,,,,,,
0,0,BAU,,SIT_CLAN,turismo_residuos,,2047,,,,,,,1.0,,,,,,,,,,,,,,
0,0,BAU,,SIT_CLAN,turismo_residuos,,2048,,,,,,,1.0,,,,,,,,,,,,,,
0,0,BAU,,SIT_CLAN,turismo_residuos,,2049,,,,,,,1.0,,,,,,,,,,,,,,
0,0,BAU,,SIT_CLAN,turismo_residuos,,2050,,,,,,,1.0,,,,,,,,,,,,,,
0,0,BAU,,NO_CONTR_OD,turismo_residuos,,2018,,,,,,,1.0,,,,,,,,,,,,,,
0,0,BAU,,NO_CONTR_OD,turismo_residuos,,2019,,,,,,,1.0,,,,,,,,,,,,,,
0,0,BAU,,NO_CONTR_OD,turismo_residuos,,2020,,,,,,,1.0,,,,,,,,,,,,,,
0,0,BAU,,NO_CONTR_OD,turismo_residuos,,2021,,,,,,,1.0,,,,,,,,,,,,,,
0,0,BAU,,NO_CONTR_OD,turismo_residuos,,2022,,,,,,,1.0,,,,,,,,,,,,,,
0,0,BAU,,NO_CONTR_OD,turismo_residuos,,2023,,,,,,,1.0,,,,,,,,,,,,,,
0,0,BAU,,NO_CONTR_OD,turismo_residuos,,2024,,,,,,,1.0,,,,,,,,,,,,,,
0,0,BAU,,NO_CONTR_OD,turismo_residuos,,2025,,,,,,,1.0,,,,,,,,,,,,,,
0,0,BAU,,NO_CONTR_OD,turismo_residuos,,2026,,,,,,,1.0,,,,,,,,,,,,,,
0,0,BAU,,NO_CONTR_OD,turismo_residuos,,2027,,,,,,,1.0,,,,,,,,,,,,,,
0,0,BAU,,NO_CONTR_OD,turismo_residuos,,2028,,,,,,,1.0,,,,,,,,,,,,,,
0,0,BAU,,NO_CONTR_OD,turismo_residuos,,2029,,,,,,,1.0,,,,,,,,,,,,,,
0,0,BAU,,NO_CONTR_OD,turismo_residuos,,2030,,,,,,,1.0,,,,,,,,,,,,,,
0,0,BAU,,NO_CONTR_OD,turismo_residuos,,2031,,,,,,,1.0,,,,,,,,,,,,,,
0,0,BAU,,NO_CONTR_OD,turismo_residuos,,2032,,,,,,,1.0,,,,,,,,,,,,,,
0,0,BAU,,NO_CONTR_OD,turismo_residuos,,2033,,,,,,,1.0,,,,,,,,,,,,,,
0,0,BAU,,NO_CONTR_OD,turismo_residuos,,2034,,,,,,,1.0,,,,,,,,,,,,,,
0,0,BAU,,NO_CONTR_OD,turismo_residuos,,2035,,,,,,,1.0,,,,,,,,,,,,,,
0,0,BAU,,NO_CONTR_OD,turismo_residuos,,2036,,,,,,,1.0,,,,,,,,,,,,,,
0,0,BAU,,NO_CONTR_OD,turismo_residuos,,2037,,,,,,,1.0,,,,,,,,,,,,,,
0,0,BAU,,NO_CONTR_OD,turismo_residuos,,2038,,,,,,,1.0,,,,,,,,,,,,,,
0,0,BAU,,NO_CONTR_OD,turismo_residuos,,2039,,,,,,,1.0,,,,,,,,,,,,,,
0,0,BAU,,NO_CONTR_OD,turismo_residuos,,2040,,,,,,,1.0,,,,,,,,,,,,,,
0,0,BAU,,NO_CONTR_OD,turismo_residuos,,2041,,,,,,,1.0,,,,,,,,,,,,,,
0,0,BAU,,NO_CONTR_OD,turismo_residuos,,2042,,,,,,,1.0,,,,,,,,,,,,,,
0,0,BAU,,NO_CONTR_OD,turismo_residuos,,2043,,,,,,,1.0,,,,,,,,,,,,,,
0,0,BAU,,NO_CONTR_OD,turismo_residuos,,2044,,,,,,,1.0,,,,,,,,,,,,,,
0,0,BAU,,NO_CONTR_OD,turismo_residuos,,2045,,,,,,,1.0,,,,,,,,,,,,,,
0,0,BAU,,NO_CONTR_OD,turismo_residuos,,2046,,,,,,,1.0,,,,,,,,,,,,,,
0,0,BAU,,NO_CONTR_OD,turismo_residuos,,2047,,,,,,,1.0,,,,,,,,,,,,,,
0,0,BAU,,NO_CONTR_OD,turismo_residuos,,2048,,,,,,,1.0,,,,,,,,,,,,,,
0,0,BAU,,NO_CONTR_OD,turismo_residuos,,2049,,,,,,,1.0,,,,,,,,,,,,,,
0,0,BAU,,NO_CONTR_OD,turismo_residuos,,2050,,,,,,,1.0,,,,,,,,,,,,,,
0,0,BAU,,INORG_RCY_OS,RM,,2018,,,,,,,1.0,,,,,,,,,,,,,,
0,0,BAU,,INORG_RCY_OS,RM,,2019,,,,,,,1.0,,,,,,,,,,,,,,
0,0,BAU,,INORG_RCY_OS,RM,,2020,,,,,,,1.0,,,,,,,,,,,,,,
0,0,BAU,,INORG_RCY_OS,RM,,2021,,,,,,,1.0,,,,,,,,,,,,,,
0,0,BAU,,INORG_RCY_OS,RM,,2022,,,,,,,1.0,,,,,,,,,,,,,,
0,0,BAU,,INORG_RCY_OS,RM,,2023,,,,,,,1.0,,,,,,,,,,,,,,
0,0,BAU,,INORG_RCY_OS,RM,,2024,,,,,,,1.0,,,,,,,,,,,,,,
0,0,BAU,,INORG_RCY_OS,RM,,2025,,,,,,,1.0,,,,,,,,,,,,,,
0,0,BAU,,INORG_RCY_OS,RM,,2026,,,,,,,1.0,,,,,,,,,,,,,,
0,0,BAU,,INORG_RCY_OS,RM,,2027,,,,,,,1.0,,,,,,,,,,,,,,
0,0,BAU,,INORG_RCY_OS,RM,,2028,,,,,,,1.0,,,,,,,,,,,,,,
0,0,BAU,,INORG_RCY_OS,RM,,2029,,,,,,,1.0,,,,,,,,,,,,,,
0,0,BAU,,INORG_RCY_OS,RM,,2030,,,,,,,1.0,,,,,,,,,,,,,,
0,0,BAU,,INORG_RCY_OS,RM,,2031,,,,,,,1.0,,,,,,,,,,,,,,
0,0,BAU,,INORG_RCY_OS,RM,,2032,,,,,,,1.0,,,,,,,,,,,,,,
0,0,BAU,,INORG_RCY_OS,RM,,2033,,,,,,,1.0,,,,,,,,,,,,,,
0,0,BAU,,INORG_RCY_OS,RM,,2034,,,,,,,1.0,,,,,,,,,,,,,,
0,0,BAU,,INORG_RCY_OS,RM,,2035,,,,,,,1.0,,,,,,,,,,,,,,
0,0,BAU,,INORG_RCY_OS,RM,,2036,,,,,,,1.0,,,,,,,,,,,,,,
0,0,BAU,,INORG_RCY_OS,RM,,2037,,,,,,,1.0,,,,,,,,,,,,,,
0,0,BAU,,INORG_RCY_OS,RM,,2038,,,,,,,1.0,,,,,,,,,,,,,,
0,0,BAU,,INORG_RCY_OS,RM,,2039,,,,,,,1.0,,,,,,,,,,,,,,
0,0,BAU,,INORG_RCY_OS,RM,,2040,,,,,,,1.0,,,,,,,,,,,,,,
0,0,BAU,,INORG_RCY_OS,RM,,2041,,,,,,,1.0,,,,,,,,,,,,,,
0,0,BAU,,INORG_RCY_OS,RM,,2042,,,,,,,1.0,,,,,,,,,,,,,,
0,0,BAU,,INORG_RCY_OS,RM,,2043,,,,,,,1.0,,,,,,,,,,,,,,
0,0,BAU,,INORG_RCY_OS,RM,,2044,,,,,,,1.0,,,,,,,,,,,,,,
0,0,BAU,,INORG_RCY_OS,RM,,2045,,,,,,,1.0,,,,,,,,,,,,,,
0,0,BAU,,INORG_RCY_OS,RM,,2046,,,,,,,1.0,,,,,,,,,,,,,,
0,0,BAU,,INORG_RCY_OS,RM,,2047,,,,,,,1.0,,,,,,,,,,,,,,
0,0,BAU,,INORG_RCY_OS,RM,,2048,,,,,,,1.0,,,,,,,,,,,,,,
0,0,BAU,,INORG_RCY_OS,RM,,2049,,,,,,,1.0,,,,,,,,,,,,,,
0,0,BAU,,INORG_RCY_OS,RM,,2050,,,,,,,1.0,,,,,,,,,,,,,,
0,0,BAU,,COMPOST,FERT_ORG,,2018,,,,,,,1.0,,,,,,,,,,,,,,
0,0,BAU,,COMPOST,FERT_ORG,,2019,,,,,,,1.0,,,,,,,,,,,,,,
0,0,BAU,,COMPOST,FERT_ORG,,2020,,,,,,,1.0,,,,,,,,,,,,,,
0,0,BAU,,COMPOST,FERT_ORG,,2021,,,,,,,1.0,,,,,,,,,,,,,,
0,0,BAU,,COMPOST,FERT_ORG,,2022,,,,,,,1.0,,,,,,,,,,,,,,
0,0,BAU,,COMPOST,FERT_ORG,,2023,,,,,,,1.0,,,,,,,,,,,,,,
0,0,BAU,,COMPOST,FERT_ORG,,2024,,,,,,,1.0,,,,,,,,,,,,,,
0,0,BAU,,COMPOST,FERT_ORG,,2025,,,,,,,1.0,,,,,,,,,,,,,,
0,0,BAU,,COMPOST,FERT_ORG,,2026,,,,,,,1.0,,,,,,,,,,,,,,
0,0,BAU,,COMPOST,FERT_ORG,,2027,,,,,,,1.0,,,,,,,,,,,,,,
0,0,BAU,,COMPOST,FERT_ORG,,2028,,,,,,,1.0,,,,,,,,,,,,,,
0,0,BAU,,COMPOST,FERT_ORG,,2029,,,,,,,1.0,,,,,,,,,,,,,,
0,0,BAU,,COMPOST,FERT_ORG,,2030,,,,,,,1.0,,,,,,,,,,,,,,
0,0,BAU,,COMPOST,FERT_ORG,,2031,,,,,,,1.0,,,,,,,,,,,,,,
0,0,BAU,,COMPOST,FERT_ORG,,2032,,,,,,,1.0,,,,,,,,,,,,,,
0,0,BAU,,COMPOST,FERT_ORG,,2033,,,,,,,1.0,,,,,,,,,,,,,,
0,0,BAU,,COMPOST,FERT_ORG,,2034,,,,,,,1.0,,,,,,,,,,,,,,
0,0,BAU,,COMPOST,FERT_ORG,,2035,,,,,,,1.0,,,,,,,,,,,,,,
0,0,BAU,,COMPOST,FERT_ORG,,2036,,,,,,,1.0,,,,,,,,,,,,,,
0,0,BAU,,COMPOST,FERT_ORG,,2037,,,,,,,1.0,,,,,,,,,,,,,,
0,0,BAU,,COMPOST,FERT_ORG,,2038,,,,,,,1.0,,,,,,,,,,,,,,
0,0,BAU,,COMPOST,FERT_ORG,,2039,,,,,,,1.0,,,,,,,,,,,,,,
0,0,BAU,,COMPOST,FERT_ORG,,2040,,,,,,,1.0,,,,,,,,,,,,,,
0,0,BAU,,COMPOST,FERT_ORG,,2041,,,,,,,1.0,,,,,,,,,,,,,,
0,0,BAU,,COMPOST,FERT_ORG,,2042,,,,,,,1.0,,,,,,,,,,,,,,
0,0,BAU,,COMPOST,FERT_ORG,,2043,,,,,,,1.0,,,,,,,,,,,,,,
0,0,BAU,,COMPOST,FERT_ORG,,2044,,,,,,,1.0,,,,,,,,,,,,,,
0,0,BAU,,COMPOST,FERT_ORG,,2045,,,,,,,1.0,,,,,,,,,,,,,,
0,0,BAU,,COMPOST,FERT_ORG,,2046,,,,,,,1.0,,,,,,,,,,,,,,
0,0,BAU,,COMPOST,FERT_ORG,,2047,,,,,,,1.0,,,,,,,,,,,,,,
0,0,BAU,,COMPOST,FERT_ORG,,2048,,,,,,,1.0,,,,,,,,,,,,,,
0,0,BAU,,COMPOST,FERT_ORG,,2049,,,,,,,1.0,,,,,,,,,,,,,,
0,0,BAU,,COMPOST,FERT_ORG,,2050,,,,,,,1.0,,,,,,,,,,,,,,
0,0,BAU,,AD,FERT_ORG,,2018,,,,,,,1.0,,,,,,,,,,,,,,
0,0,BAU,,AD,FERT_ORG,,2019,,,,,,,1.0,,,,,,,,,,,,,,
0,0,BAU,,AD,FERT_ORG,,2020,,,,,,,1.0,,,,,,,,,,,,,,
0,0,BAU,,AD,FERT_ORG,,2021,,,,,,,1.0,,,,,,,,,,,,,,
0,0,BAU,,AD,FERT_ORG,,2022,,,,,,,1.0,,,,,,,,,,,,,,
0,0,BAU,,AD,FERT_ORG,,2023,,,,,,,1.0,,,,,,,,,,,,,,
0,0,BAU,,AD,FERT_ORG,,2024,,,,,,,1.0,,,,,,,,,,,,,,
0,0,BAU,,AD,FERT_ORG,,2025,,,,,,,1.0,,,,,,,,,,,,,,
0,0,BAU,,AD,FERT_ORG,,2026,,,,,,,1.0,,,,,,,,,,,,,,
0,0,BAU,,AD,FERT_ORG,,2027,,,,,,,1.0,,,,,,,,,,,,,,
0,0,BAU,,AD,FERT_ORG,,2028,,,,,,,1.0,,,,,,,,,,,,,,
0,0,BAU,,AD,FERT_ORG,,2029,,,,,,,1.0,,,,,,,,,,,,,,
0,0,BAU,,AD,FERT_ORG,,2030,,,,,,,1.0,,,,,,,,,,,,,,
0,0,BAU,,AD,FERT_ORG,,2031,,,,,,,1.0,,,,,,,,,,,,,,
0,0,BAU,,AD,FERT_ORG,,2032,,,,,,,1.0,,,,,,,,,,,,,,
0,0,BAU,,AD,FERT_ORG,,2033,,,,,,,1.0,,,,,,,,,,,,,,
0,0,BAU,,AD,FERT_ORG,,2034,,,,,,,1.0,,,,,,,,,,,,,,
0,0,BAU,,AD,FERT_ORG,,2035,,,,,,,1.0,,,,,,,,,,,,,,
0,0,BAU,,AD,FERT_ORG,,2036,,,,,,,1.0,,,,,,,,,,,,,,
0,0,BAU,,AD,FERT_ORG,,2037,,,,,,,1.0,,,,,,,,,,,,,,
0,0,BAU,,AD,FERT_ORG,,2038,,,,,,,1.0,,,,,,,,,,,,,,
0,0,BAU,,AD,FERT_ORG,,2039,,,,,,,1.0,,,,,,,,,,,,,,
0,0,BAU,,AD,FERT_ORG,,2040,,,,,,,1.0,,,,,,,,,,,,,,
0,0,BAU,,AD,FERT_ORG,,2041,,,,,,,1.0,,,,,,,,,,,,,,
0,0,BAU,,AD,FERT_ORG,,2042,,,,,,,1.0,,,,,,,,,,,,,,
0,0,BAU,,AD,FERT_ORG,,2043,,,,,,,1.0,,,,,,,,,,,,,,
0,0,BAU,,AD,FERT_ORG,,2044,,,,,,,1.0,,,,,,,,,,,,,,
0,0,BAU,,AD,FERT_ORG,,2045,,,,,,,1.0,,,,,,,,,,,,,,
0,0,BAU,,AD,FERT_ORG,,2046,,,,,,,1.0,,,,,,,,,,,,,,
0,0,BAU,,AD,FERT_ORG,,2047,,,,,,,1.0,,,,,,,,,,,,,,
0,0,BAU,,AD,FERT_ORG,,2048,,,,,,,1.0,,,,,,,,,,,,,,
0,0,BAU,,AD,FERT_ORG,,2049,,,,,,,1.0,,,,,,,,,,,,,,
0,0,BAU,,AD,FERT_ORG,,2050,,,,,,,1.0,,,,,,,,,,,,,,
0,0,BAU,,INORG_RCY_OS,,,2018,,,,,,,,75.0,38.0,,,,,,0.0,,,,,,
0,0,BAU,,INORG_RCY_OS,,,2019,,,,,,,,75.0,38.0,,,,,,0.0,,,,,,
0,0,BAU,,INORG_RCY_OS,,,2020,,,,,,,,75.0,38.0,,,,,,0.0,,,,,,
0,0,BAU,,INORG_RCY_OS,,,2021,,,,,,,,75.0,38.0,,,,,,0.0,,,,,,
0,0,BAU,,INORG_RCY_OS,,,2022,,,,,,,,75.0,38.0,,,,,,0.0,,,,,,
0,0,BAU,,INORG_RCY_OS,,,2023,,,,,,,,75.0,38.0,,,,,,0.0,,,,,,
0,0,BAU,,INORG_RCY_OS,,,2024,,,,,,,,75.0,38.0,,,,,,0.0,,,,,,
0,0,BAU,,INORG_RCY_OS,,,2025,,,,,,,,75.0,38.0,,,,,,0.0,,,,,,
0,0,BAU,,INORG_RCY_OS,,,2026,,,,,,,,75.0,38.0,,,,,,0.0,,,,,,
0,0,BAU,,INORG_RCY_OS,,,2027,,,,,,,,75.0,38.0,,,,,,0.0,,,,,,
0,0,BAU,,INORG_RCY_OS,,,2028,,,,,,,,75.0,38.0,,,,,,0.0,,,,,,
0,0,BAU,,INORG_RCY_OS,,,2029,,,,,,,,75.0,38.0,,,,,,0.0,,,,,,
0,0,BAU,,INORG_RCY_OS,,,2030,,,,,,,,75.0,38.0,,,,,,0.0,,,,,,
0,0,BAU,,INORG_RCY_OS,,,2031,,,,,,,,75.0,38.0,,,,,,0.0,,,,,,
0,0,BAU,,INORG_RCY_OS,,,2032,,,,,,,,75.0,38.0,,,,,,0.0,,,,,,
0,0,BAU,,INORG_RCY_OS,,,2033,,,,,,,,75.0,38.0,,,,,,0.0,,,,,,
0,0,BAU,,INORG_RCY_OS,,,2034,,,,,,,,75.0,38.0,,,,,,0.0,,,,,,
0,0,BAU,,INORG_RCY_OS,,,2035,,,,,,,,75.0,38.0,,,,,,0.0,,,,,,
0,0,BAU,,INORG_RCY_OS,,,2036,,,,,,,,75.0,38.0,,,,,,0.0,,,,,,
0,0,BAU,,INORG_RCY_OS,,,2037,,,,,,,,75.0,38.0,,,,,,0.0,,,,,,
0,0,BAU,,INORG_RCY_OS,,,2038,,,,,,,,75.0,38.0,,,,,,0.0,,,,,,
0,0,BAU,,INORG_RCY_OS,,,2039,,,,,,,,75.0,38.0,,,,,,0.0,,,,,,
0,0,BAU,,INORG_RCY_OS,,,2040,,,,,,,,75.0,38.0,,,,,,0.0,,,,,,
0,0,BAU,,INORG_RCY_OS,,,2041,,,,,,,,75.0,38.0,,,,,,0.0,,,,,,
0,0,BAU,,INORG_RCY_OS,,,2042,,,,,,,,75.0,38.0,,,,,,0.0,,,,,,
0,0,BAU,,INORG_RCY_OS,,,2043,,,,,,,,75.0,38.0,,,,,,0.0,,,,,,
0,0,BAU,,INORG_RCY_OS,,,2044,,,,,,,,75.0,38.0,,,,,,0.0,,,,,,
0,0,BAU,,INORG_RCY_OS,,,2045,,,,,,,,75.0,38.0,,,,,,0.0,,,,,,
0,0,BAU,,INORG_RCY_OS,,,2046,,,,,,,,75.0,38.0,,,,,,0.0,,,,,,
0,0,BAU,,INORG_RCY_OS,,,2047,,,,,,,,75.0,38.0,,,,,,0.0,,,,,,
0,0,BAU,,INORG_RCY_OS,,,2048,,,,,,,,75.0,38.0,,,,,,0.0,,,,,,
0,0,BAU,,INORG_RCY_OS,,,2049,,,,,,,,75.0,38.0,,,,,,0.0,,,,,,
0,0,BAU,,INORG_RCY_OS,,,2050,,,,,,,,75.0,38.0,,,,,,0.0,,,,,,
0,0,BAU,,AD,,,2018,,,,,,,,250.0,60.0,,,,,0.0,0.0,,,,,,
0,0,BAU,,AD,,,2019,,,,,,,,250.0,60.0,,,,,0.0,0.0,,,,,,
0,0,BAU,,AD,,,2020,,,,,,,,250.0,60.0,,,,,0.0,0.0,,,,,,
0,0,BAU,,AD,,,2021,,,,,,,,250.0,60.0,,,,,0.0,0.0,,,,,,
0,0,BAU,,AD,,,2022,,,,,,,,250.0,60.0,,,,,0.0,0.0,,,,,,
0,0,BAU,,AD,,,2023,,,,,,,,250.0,60.0,,,,,0.0,0.0,,,,,,
0,0,BAU,,AD,,,2024,,,,,,,,250.0,60.0,,,,,0.0,0.0,,,,,,
0,0,BAU,,AD,,,2025,,,,,,,,250.0,60.0,,,,,0.0,0.0,,,,,,
0,0,BAU,,AD,,,2026,,,,,,,,250.0,60.0,,,,,0.0,0.0,,,,,,
0,0,BAU,,AD,,,2027,,,,,,,,250.0,60.0,,,,,0.0,0.0,,,,,,
0,0,BAU,,AD,,,2028,,,,,,,,250.0,60.0,,,,,0.0,0.0,,,,,,
0,0,BAU,,AD,,,2029,,,,,,,,250.0,60.0,,,,,0.0,0.0,,,,,,
0,0,BAU,,AD,,,2030,,,,,,,,250.0,60.0,,,,,0.0,0.0,,,,,,
0,0,BAU,,AD,,,2031,,,,,,,,250.0,60.0,,,,,0.0,0.0,,,,,,
0,0,BAU,,AD,,,2032,,,,,,,,250.0,60.0,,,,,0.0,0.0,,,,,,
0,0,BAU,,AD,,,2033,,,,,,,,250.0,60.0,,,,,0.0,0.0,,,,,,
0,0,BAU,,AD,,,2034,,,,,,,,250.0,60.0,,,,,0.0,0.0,,,,,,
0,0,BAU,,AD,,,2035,,,,,,,,250.0,60.0,,,,,0.0,0.0,,,,,,
0,0,BAU,,AD,,,2036,,,,,,,,250.0,60.0,,,,,0.0,0.0,,,,,,
0,0,BAU,,AD,,,2037,,,,,,,,250.0,60.0,,,,,0.0,0.0,,,,,,
0,0,BAU,,AD,,,2038,,,,,,,,250.0,60.0,,,,,0.0,0.0,,,,,,
0,0,BAU,,AD,,,2039,,,,,,,,250.0,60.0,,,,,0.0,0.0,,,,,,
0,0,BAU,,AD,,,2040,,,,,,,,250.0,60.0,,,,,0.0,0.0,,,,,,
0,0,BAU,,AD,,,2041,,,,,,,,250.0,60.0,,,,,0.0,0.0,,,,,,
0,0,BAU,,AD,,,2042,,,,,,,,250.0,60.0,,,,,0.0,0.0,,,,,,
0,0,BAU,,AD,,,2043,,,,,,,,250.0,60.0,,,,,0.0,0.0,,,,,,
0,0,BAU,,AD,,,2044,,,,,,,,250.0,60.0,,,,,0.0,0.0,,,,,,
0,0,BAU,,AD,,,2045,,,,,,,,250.0,60.0,,,,,0.0,0.0,,,,,,
0,0,BAU,,AD,,,2046,,,,,,,,250.0,60.0,,,,,0.0,0.0,,,,,,
0,0,BAU,,AD,,,2047,,,,,,,,250.0,60.0,,,,,0.0,0.0,,,,,,
0,0,BAU,,AD,,,2048,,,,,,,,250.0,60.0,,,,,0.0,0.0,,,,,,
0,0,BAU,,AD,,,2049,,,,,,,,250.0,60.0,,,,,0.0,0.0,,,,,,
0,0,BAU,,AD,,,2050,,,,,,,,250.0,60.0,,,,,0.0,0.0,,,,,,
0,0,BAU,,COMPOST,,,2018,,,,,,,,80.0,45.0,,,,,,0.0,,,,,,
0,0,BAU,,COMPOST,,,2019,,,,,,,,80.0,45.0,,,,,,0.0,,,,,,
0,0,BAU,,COMPOST,,,2020,,,,,,,,80.0,45.0,,,,,,0.0,,,,,,
0,0,BAU,,COMPOST,,,2021,,,,,,,,80.0,45.0,,,,,,0.0,,,,,,
0,0,BAU,,COMPOST,,,2022,,,,,,,,80.0,45.0,,,,,,0.0,,,,,,
0,0,BAU,,COMPOST,,,2023,,,,,,,,80.0,45.0,,,,,,0.0,,,,,,
0,0,BAU,,COMPOST,,,2024,,,,,,,,80.0,45.0,,,,,,0.0,,,,,,
0,0,BAU,,COMPOST,,,2025,,,,,,,,80.0,45.0,,,,,,0.0,,,,,,
0,0,BAU,,COMPOST,,,2026,,,,,,,,80.0,45.0,,,,,,0.0,,,,,,
0,0,BAU,,COMPOST,,,2027,,,,,,,,80.0,45.0,,,,,,0.0,,,,,,
0,0,BAU,,COMPOST,,,2028,,,,,,,,80.0,45.0,,,,,,0.0,,,,,,
0,0,BAU,,COMPOST,,,2029,,,,,,,,80.0,45.0,,,,,,0.0,,,,,,
0,0,BAU,,COMPOST,,,2030,,,,,,,,80.0,45.0,,,,,,0.0,,,,,,
0,0,BAU,,COMPOST,,,2031,,,,,,,,80.0,45.0,,,,,,0.0,,,,,,
0,0,BAU,,COMPOST,,,2032,,,,,,,,80.0,45.0,,,,,,0.0,,,,,,
0,0,BAU,,COMPOST,,,2033,,,,,,,,80.0,45.0,,,,,,0.0,,,,,,
0,0,BAU,,COMPOST,,,2034,,,,,,,,80.0,45.0,,,,,,0.0,,,,,,
0,0,BAU,,COMPOST,,,2035,,,,,,,,80.0,45.0,,,,,,0.0,,,,,,
0,0,BAU,,COMPOST,,,2036,,,,,,,,80.0,45.0,,,,,,0.0,,,,,,
0,0,BAU,,COMPOST,,,2037,,,,,,,,80.0,45.0,,,,,,0.0,,,,,,
0,0,BAU,,COMPOST,,,2038,,,,,,,,80.0,45.0,,,,,,0.0,,,,,,
0,0,BAU,,COMPOST,,,2039,,,,,,,,80.0,45.0,,,,,,0.0,,,,,,
0,0,BAU,,COMPOST,,,2040,,,,,,,,80.0,45.0,,,,,,0.0,,,,,,
0,0,BAU,,COMPOST,,,2041,,,,,,,,80.0,45.0,,,,,,0.0,,,,,,
0,0,BAU,,COMPOST,,,2042,,,,,,,,80.0,45.0,,,,,,0.0,,,,,,
0,0,BAU,,COMPOST,,,2043,,,,,,,,80.0,45.0,,,,,,0.0,,,,,,
0,0,BAU,,COMPOST,,,2044,,,,,,,,80.0,45.0,,,,,,0.0,,,,,,
0,0,BAU,,COMPOST,,,2045,,,,,,,,80.0,45.0,,,,,,0.0,,,,,,
0,0,BAU,,COMPOST,,,2046,,,,,,,,80.0,45.0,,,,,,0.0,,,,,,
0,0,BAU,,COMPOST,,,2047,,,,,,,,80.0,45.0,,,,,,0.0,,,,,,
0,0,BAU,,COMPOST,,,2048,,,,,,,,80.0,45.0,,,,,,0.0,,,,,,
0,0,BAU,,COMPOST,,,2049,,,,,,,,80.0,45.0,,,,,,0.0,,,,,,
0,0,BAU,,COMPOST,,,2050,,,,,,,,80.0,45.0,,,,,,0.0,,,,,,
0,0,BAU,,LANDFILL,,,2018,,,,,,,,5.0,62.3,,,,,,0.7095,,,,,,
0,0,BAU,,LANDFILL,,,2019,,,,,,,,5.0,62.3,,,,,,0.735,,,,,,
0,0,BAU,,LANDFILL,,,2020,,,,,,,,5.0,62.3,,,,,,0.7623,,,,,,
0,0,BAU,,LANDFILL,,,2021,,,,,,,,5.0,62.3,,,,,,0.7901,,,,,,
0,0,BAU,,LANDFILL,,,2022,,,,,,,,5.0,62.3,,,,,,0.8182,,,,,,
0,0,BAU,,LANDFILL,,,2023,,,,,,,,5.0,62.3,,,,,,0.8493,,,,,,
0,0,BAU,,LANDFILL,,,2024,,,,,,,,5.0,62.3,,,,,,0.8816,,,,,,
0,0,BAU,,LANDFILL,,,2025,,,,,,,,5.0,62.3,,,,,,0.9151,,,,,,
0,0,BAU,,LANDFILL,,,2026,,,,,,,,5.0,62.3,,,,,,0.9498,,,,,,
0,0,BAU,,LANDFILL,,,2027,,,,,,,,5.0,62.3,,,,,,0.9859,,,,,,
0,0,BAU,,LANDFILL,,,2028,,,,,,,,5.0,62.3,,,,,,1.0234,,,,,,
0,0,BAU,,LANDFILL,,,2029,,,,,,,,5.0,62.3,,,,,,1.0623,,,,,,
0,0,BAU,,LANDFILL,,,2030,,,,,,,,5.0,62.3,,,,,,1.1027,,,,,,
0,0,BAU,,LANDFILL,,,2031,,,,,,,,5.0,62.3,,,,,,1.1446,,,,,,
0,0,BAU,,LANDFILL,,,2032,,,,,,,,5.0,62.3,,,,,,1.188,,,,,,
0,0,BAU,,LANDFILL,,,2033,,,,,,,,5.0,62.3,,,,,,1.2332,,,,,,
0,0,BAU,,LANDFILL,,,2034,,,,,,,,5.0,62.3,,,,,,1.2801,,,,,,
0,0,BAU,,LANDFILL,,,2035,,,,,,,,5.0,62.3,,,,,,1.3287,,,,,,
0,0,BAU,,LANDFILL,,,2036,,,,,,,,5.0,62.3,,,,,,1.3792,,,,,,
0,0,BAU,,LANDFILL,,,2037,,,,,,,,5.0,62.3,,,,,,1.4316,,,,,,
0,0,BAU,,LANDFILL,,,2038,,,,,,,,5.0,62.3,,,,,,1.486,,,,,,
0,0,BAU,,LANDFILL,,,2039,,,,,,,,5.0,62.3,,,,,,1.5425,,,,,,
0,0,BAU,,LANDFILL,,,2040,,,,,,,,5.0,62.3,,,,,,1.6011,,,,,,
0,0,BAU,,LANDFILL,,,2041,,,,,,,,5.0,62.3,,,,,,1.6619,,,,,,
0,0,BAU,,LANDFILL,,,2042,,,,,,,,5.0,62.3,,,,,,1.7251,,,,,,
0,0,BAU,,LANDFILL,,,2043,,,,,,,,5.0,62.3,,,,,,1.7906,,,,,,
0,0,BAU,,LANDFILL,,,2044,,,,,,,,5.0,62.3,,,,,,1.8587,,,,,,
0,0,BAU,,LANDFILL,,,2045,,,,,,,,5.0,62.3,,,,,,1.9293,,,,,,
0,0,BAU,,LANDFILL,,,2046,,,,,,,,5.0,62.3,,,,,,2.0026,,,,,,
0,0,BAU,,LANDFILL,,,2047,,,,,,,,5.0,62.3,,,,,,2.0787,,,,,,
0,0,BAU,,LANDFILL,,,2048,,,,,,,,5.0,62.3,,,,,,2.1577,,,,,,
0,0,BAU,,LANDFILL,,,2049,,,,,,,,5.0,62.3,,,,,,2.2397,,,,,,
0,0,BAU,,LANDFILL,,,2050,,,,,,,,5.0,62.3,,,,,,2.3248,,,,,,
0,0,BAU,,NO_CONTR_OD,,,2018,,,,,,,,0.0,42.1,,,,,,1.1228,,,,,,
0,0,BAU,,NO_CONTR_OD,,,2019,,,,,,,,0.0,42.1,,,,,,1.1865,,,,,,
0,0,BAU,,NO_CONTR_OD,,,2020,,,,,,,,0.0,42.1,,,,,,1.2574,,,,,,
0,0,BAU,,NO_CONTR_OD,,,2021,,,,,,,,0.0,42.1,,,,,,1.331,,,,,,
0,0,BAU,,NO_CONTR_OD,,,2022,,,,,,,,0.0,42.1,,,,,,1.4074,,,,,,
0,0,BAU,,NO_CONTR_OD,,,2023,,,,,,,,0.0,42.1,,,,,,1.4609,,,,,,
0,0,BAU,,NO_CONTR_OD,,,2024,,,,,,,,0.0,42.1,,,,,,1.5164,,,,,,
0,0,BAU,,NO_CONTR_OD,,,2025,,,,,,,,0.0,42.1,,,,,,1.574,,,,,,
0,0,BAU,,NO_CONTR_OD,,,2026,,,,,,,,0.0,42.1,,,,,,1.6338,,,,,,
0,0,BAU,,NO_CONTR_OD,,,2027,,,,,,,,0.0,42.1,,,,,,1.6959,,,,,,
0,0,BAU,,NO_CONTR_OD,,,2028,,,,,,,,0.0,42.1,,,,,,1.7604,,,,,,
0,0,BAU,,NO_CONTR_OD,,,2029,,,,,,,,0.0,42.1,,,,,,1.8273,,,,,,
0,0,BAU,,NO_CONTR_OD,,,2030,,,,,,,,0.0,42.1,,,,,,1.8967,,,,,,
0,0,BAU,,NO_CONTR_OD,,,2031,,,,,,,,0.0,42.1,,,,,,1.9688,,,,,,
0,0,BAU,,NO_CONTR_OD,,,2032,,,,,,,,0.0,42.1,,,,,,2.0436,,,,,,
0,0,BAU,,NO_CONTR_OD,,,2033,,,,,,,,0.0,42.1,,,,,,2.1212,,,,,,
0,0,BAU,,NO_CONTR_OD,,,2034,,,,,,,,0.0,42.1,,,,,,2.2018,,,,,,
0,0,BAU,,NO_CONTR_OD,,,2035,,,,,,,,0.0,42.1,,,,,,2.2855,,,,,,
0,0,BAU,,NO_CONTR_OD,,,2036,,,,,,,,0.0,42.1,,,,,,2.3724,,,,,,
0,0,BAU,,NO_CONTR_OD,,,2037,,,,,,,,0.0,42.1,,,,,,2.4625,,,,,,
0,0,BAU,,NO_CONTR_OD,,,2038,,,,,,,,0.0,42.1,,,,,,2.5561,,,,,,
0,0,BAU,,NO_CONTR_OD,,,2039,,,,,,,,0.0,42.1,,,,,,2.6532,,,,,,
0,0,BAU,,NO_CONTR_OD,,,2040,,,,,,,,0.0,42.1,,,,,,2.754,,,,,,
0,0,BAU,,NO_CONTR_OD,,,2041,,,,,,,,0.0,42.1,,,,,,2.8587,,,,,,
0,0,BAU,,NO_CONTR_OD,,,2042,,,,,,,,0.0,42.1,,,,,,2.9673,,,,,,
0,0,BAU,,NO_CONTR_OD,,,2043,,,,,,,,0.0,42.1,,,,,,3.0801,,,,,,
0,0,BAU,,NO_CONTR_OD,,,2044,,,,,,,,0.0,42.1,,,,,,3.1971,,,,,,
0,0,BAU,,NO_CONTR_OD,,,2045,,,,,,,,0.0,42.1,,,,,,3.3186,,,,,,
0,0,BAU,,NO_CONTR_OD,,,2046,,,,,,,,0.0,42.1,,,,,,3.4447,,,,,,
0,0,BAU,,NO_CONTR_OD,,,2047,,,,,,,,0.0,42.1,,,,,,3.5756,,,,,,
0,0,BAU,,NO_CONTR_OD,,,2048,,,,,,,,0.0,42.1,,,,,,3.7115,,,,,,
0,0,BAU,,NO_CONTR_OD,,,2049,,,,,,,,0.0,42.1,,,,,,3.8525,,,,,,
0,0,BAU,,NO_CONTR_OD,,,2050,,,,,,,,0.0,42.1,,,,,,3.9989,,,,,,
0,0,BAU,,COPROC,,,2018,,,,,,,,30.0,25.0,,,,,0.0,0.0,,,,,,
0,0,BAU,,COPROC,,,2019,,,,,,,,30.0,25.0,,,,,0.0,0.0,,,,,,
0,0,BAU,,COPROC,,,2020,,,,,,,,30.0,25.0,,,,,0.0,0.0,,,,,,
0,0,BAU,,COPROC,,,2021,,,,,,,,30.0,25.0,,,,,0.0,0.0,,,,,,
0,0,BAU,,COPROC,,,2022,,,,,,,,30.0,25.0,,,,,0.0,0.0,,,,,,
0,0,BAU,,COPROC,,,2023,,,,,,,,30.0,25.0,,,,,0.0,0.0,,,,,,
0,0,BAU,,COPROC,,,2024,,,,,,,,30.0,25.0,,,,,0.0,0.0,,,,,,
0,0,BAU,,COPROC,,,2025,,,,,,,,30.0,25.0,,,,,0.0,0.0,,,,,,
0,0,BAU,,COPROC,,,2026,,,,,,,,30.0,25.0,,,,,0.0,0.0,,,,,,
0,0,BAU,,COPROC,,,2027,,,,,,,,30.0,25.0,,,,,0.0,0.0,,,,,,
0,0,BAU,,COPROC,,,2028,,,,,,,,30.0,25.0,,,,,0.0,0.0,,,,,,
0,0,BAU,,COPROC,,,2029,,,,,,,,30.0,25.0,,,,,0.0,0.0,,,,,,
0,0,BAU,,COPROC,,,2030,,,,,,,,30.0,25.0,,,,,0.0,0.0,,,,,,
0,0,BAU,,COPROC,,,2031,,,,,,,,30.0,25.0,,,,,0.0,0.0,,,,,,
0,0,BAU,,COPROC,,,2032,,,,,,,,30.0,25.0,,,,,0.0,0.0,,,,,,
0,0,BAU,,COPROC,,,2033,,,,,,,,30.0,25.0,,,,,0.0,0.0,,,,,,
0,0,BAU,,COPROC,,,2034,,,,,,,,30.0,25.0,,,,,0.0,0.0,,,,,,
0,0,BAU,,COPROC,,,2035,,,,,,,,30.0,25.0,,,,,0.0,0.0,,,,,,
0,0,BAU,,COPROC,,,2036,,,,,,,,30.0,25.0,,,,,0.0,0.0,,,,,,
0,0,BAU,,COPROC,,,2037,,,,,,,,30.0,25.0,,,,,0.0,0.0,,,,,,
0,0,BAU,,COPROC,,,2038,,,,,,,,30.0,25.0,,,,,0.0,0.0,,,,,,
0,0,BAU,,COPROC,,,2039,,,,,,,,30.0,25.0,,,,,0.0,0.0,,,,,,
0,0,BAU,,COPROC,,,2040,,,,,,,,30.0,25.0,,,,,0.0,0.0,,,,,,
0,0,BAU,,COPROC,,,2041,,,,,,,,30.0,25.0,,,,,0.0,0.0,,,,,,
0,0,BAU,,COPROC,,,2042,,,,,,,,30.0,25.0,,,,,0.0,0.0,,,,,,
0,0,BAU,,COPROC,,,2043,,,,,,,,30.0,25.0,,,,,0.0,0.0,,,,,,
0,0,BAU,,COPROC,,,2044,,,,,,,,30.0,25.0,,,,,0.0,0.0,,,,,,
0,0,BAU,,COPROC,,,2045,,,,,,,,30.0,25.0,,,,,0.0,0.0,,,,,,
0,0,BAU,,COPROC,,,2046,,,,,,,,30.0,25.0,,,,,0.0,0.0,,,,,,
0,0,BAU,,COPROC,,,2047,,,,,,,,30.0,25.0,,,,,0.0,0.0,,,,,,
0,0,BAU,,COPROC,,,2048,,,,,,,,30.0,25.0,,,,,0.0,0.0,,,,,,
0,0,BAU,,COPROC,,,2049,,,,,,,,30.0,25.0,,,,,0.0,0.0,,,,,,
0,0,BAU,,COPROC,,,2050,,,,,,,,30.0,25.0,,,,,0.0,0.0,,,,,,
0,0,BAU,,INCIN,,,2018,,,,,,,,700.0,90.0,,,,,0.0,0.0,,,,,,
0,0,BAU,,INCIN,,,2019,,,,,,,,700.0,90.0,,,,,0.0,0.0,,,,,,
0,0,BAU,,INCIN,,,2020,,,,,,,,700.0,90.0,,,,,0.0,0.0,,,,,,
0,0,BAU,,INCIN,,,2021,,,,,,,,700.0,90.0,,,,,0.0,0.0,,,,,,
0,0,BAU,,INCIN,,,2022,,,,,,,,700.0,90.0,,,,,0.0,0.0,,,,,,
0,0,BAU,,INCIN,,,2023,,,,,,,,700.0,90.0,,,,,0.0,0.0,,,,,,
0,0,BAU,,INCIN,,,2024,,,,,,,,700.0,90.0,,,,,0.0,0.0,,,,,,
0,0,BAU,,INCIN,,,2025,,,,,,,,700.0,90.0,,,,,0.0,0.0,,,,,,
0,0,BAU,,INCIN,,,2026,,,,,,,,700.0,90.0,,,,,0.0,0.0,,,,,,
0,0,BAU,,INCIN,,,2027,,,,,,,,700.0,90.0,,,,,0.0,0.0,,,,,,
0,0,BAU,,INCIN,,,2028,,,,,,,,700.0,90.0,,,,,0.0,0.0,,,,,,
0,0,BAU,,INCIN,,,2029,,,,,,,,700.0,90.0,,,,,0.0,0.0,,,,,,
0,0,BAU,,INCIN,,,2030,,,,,,,,700.0,90.0,,,,,0.0,0.0,,,,,,
0,0,BAU,,INCIN,,,2031,,,,,,,,700.0,90.0,,,,,0.0,0.0,,,,,,
0,0,BAU,,INCIN,,,2032,,,,,,,,700.0,90.0,,,,,0.0,0.0,,,,,,
0,0,BAU,,INCIN,,,2033,,,,,,,,700.0,90.0,,,,,0.0,0.0,,,,,,
0,0,BAU,,INCIN,,,2034,,,,,,,,700.0,90.0,,,,,0.0,0.0,,,,,,
0,0,BAU,,INCIN,,,2035,,,,,,,,700.0,90.0,,,,,0.0,0.0,,,,,,
0,0,BAU,,INCIN,,,2036,,,,,,,,700.0,90.0,,,,,0.0,0.0,,,,,,
0,0,BAU,,INCIN,,,2037,,,,,,,,700.0,90.0,,,,,0.0,0.0,,,,,,
0,0,BAU,,INCIN,,,2038,,,,,,,,700.0,90.0,,,,,0.0,0.0,,,,,,
0,0,BAU,,INCIN,,,2039,,,,,,,,700.0,90.0,,,,,0.0,0.0,,,,,,
0,0,BAU,,INCIN,,,2040,,,,,,,,700.0,90.0,,,,,0.0,0.0,,,,,,
0,0,BAU,,INCIN,,,2041,,,,,,,,700.0,90.0,,,,,0.0,0.0,,,,,,
0,0,BAU,,INCIN,,,2042,,,,,,,,700.0,90.0,,,,,0.0,0.0,,,,,,
0,0,BAU,,INCIN,,,2043,,,,,,,,700.0,90.0,,,,,0.0,0.0,,,,,,
0,0,BAU,,INCIN,,,2044,,,,,,,,700.0,90.0,,,,,0.0,0.0,,,,,,
0,0,BAU,,INCIN,,,2045,,,,,,,,700.0,90.0,,,,,0.0,0.0,,,,,,
0,0,BAU,,INCIN,,,2046,,,,,,,,700.0,90.0,,,,,0.0,0.0,,,,,,
0,0,BAU,,INCIN,,,2047,,,,,,,,700.0,90.0,,,,,0.0,0.0,,,,,,
0,0,BAU,,INCIN,,,2048,,,,,,,,700.0,90.0,,,,,0.0,0.0,,,,,,
0,0,BAU,,INCIN,,,2049,,,,,,,,700.0,90.0,,,,,0.0,0.0,,,,,,
0,0,BAU,,INCIN,,,2050,,,,,,,,700.0,90.0,,,,,0.0,0.0,,,,,,
0,0,BAU,,GAS_MSW,,,2018,,,,,,,,700.0,180.0,,,,,0.0,0.0,,,,,,
0,0,BAU,,GAS_MSW,,,2019,,,,,,,,700.0,180.0,,,,,0.0,0.0,,,,,,
0,0,BAU,,GAS_MSW,,,2020,,,,,,,,700.0,180.0,,,,,0.0,0.0,,,,,,
0,0,BAU,,GAS_MSW,,,2021,,,,,,,,700.0,180.0,,,,,0.0,0.0,,,,,,
0,0,BAU,,GAS_MSW,,,2022,,,,,,,,700.0,180.0,,,,,0.0,0.0,,,,,,
0,0,BAU,,GAS_MSW,,,2023,,,,,,,,700.0,180.0,,,,,0.0,0.0,,,,,,
0,0,BAU,,GAS_MSW,,,2024,,,,,,,,700.0,180.0,,,,,0.0,0.0,,,,,,
0,0,BAU,,GAS_MSW,,,2025,,,,,,,,700.0,180.0,,,,,0.0,0.0,,,,,,
0,0,BAU,,GAS_MSW,,,2026,,,,,,,,700.0,180.0,,,,,0.0,0.0,,,,,,
0,0,BAU,,GAS_MSW,,,2027,,,,,,,,700.0,180.0,,,,,0.0,0.0,,,,,,
0,0,BAU,,GAS_MSW,,,2028,,,,,,,,700.0,180.0,,,,,0.0,0.0,,,,,,
0,0,BAU,,GAS_MSW,,,2029,,,,,,,,700.0,180.0,,,,,0.0,0.0,,,,,,
0,0,BAU,,GAS_MSW,,,2030,,,,,,,,700.0,180.0,,,,,0.0,0.0,,,,,,
0,0,BAU,,GAS_MSW,,,2031,,,,,,,,700.0,180.0,,,,,0.0,0.0,,,,,,
0,0,BAU,,GAS_MSW,,,2032,,,,,,,,700.0,180.0,,,,,0.0,0.0,,,,,,
0,0,BAU,,GAS_MSW,,,2033,,,,,,,,700.0,180.0,,,,,0.0,0.0,,,,,,
0,0,BAU,,GAS_MSW,,,2034,,,,,,,,700.0,180.0,,,,,0.0,0.0,,,,,,
0,0,BAU,,GAS_MSW,,,2035,,,,,,,,700.0,180.0,,,,,0.0,0.0,,,,,,
0,0,BAU,,GAS_MSW,,,2036,,,,,,,,700.0,180.0,,,,,0.0,0.0,,,,,,
0,0,BAU,,GAS_MSW,,,2037,,,,,,,,700.0,180.0,,,,,0.0,0.0,,,,,,
0,0,BAU,,GAS_MSW,,,2038,,,,,,,,700.0,180.0,,,,,0.0,0.0,,,,,,
0,0,BAU,,GAS_MSW,,,2039,,,,,,,,700.0,180.0,,,,,0.0,0.0,,,,,,
0,0,BAU,,GAS_MSW,,,2040,,,,,,,,700.0,180.0,,,,,0.0,0.0,,,,,,
0,0,BAU,,GAS_MSW,,,2041,,,,,,,,700.0,180.0,,,,,0.0,0.0,,,,,,
0,0,BAU,,GAS_MSW,,,2042,,,,,,,,700.0,180.0,,,,,0.0,0.0,,,,,,
0,0,BAU,,GAS_MSW,,,2043,,,,,,,,700.0,180.0,,,,,0.0,0.0,,,,,,
0,0,BAU,,GAS_MSW,,,2044,,,,,,,,700.0,180.0,,,,,0.0,0.0,,,,,,
0,0,BAU,,GAS_MSW,,,2045,,,,,,,,700.0,180.0,,,,,0.0,0.0,,,,,,
0,0,BAU,,GAS_MSW,,,2046,,,,,,,,700.0,180.0,,,,,0.0,0.0,,,,,,
0,0,BAU,,GAS_MSW,,,2047,,,,,,,,700.0,180.0,,,,,0.0,0.0,,,,,,
0,0,BAU,,GAS_MSW,,,2048,,,,,,,,700.0,180.0,,,,,0.0,0.0,,,,,,
0,0,BAU,,GAS_MSW,,,2049,,,,,,,,700.0,180.0,,,,,0.0,0.0,,,,,,
0,0,BAU,,GAS_MSW,,,2050,,,,,,,,700.0,180.0,,,,,0.0,0.0,,,,,,
0,0,BAU,,HTC,,,2018,,,,,,,,570.8,171.24,,,,,0.0,0.0,,,,,,
0,0,BAU,,HTC,,,2019,,,,,,,,570.8,171.24,,,,,0.0,0.0,,,,,,
0,0,BAU,,HTC,,,2020,,,,,,,,570.8,171.24,,,,,0.0,0.0,,,,,,
0,0,BAU,,HTC,,,2021,,,,,,,,570.8,171.24,,,,,0.0,0.0,,,,,,
0,0,BAU,,HTC,,,2022,,,,,,,,570.8,171.24,,,,,0.0,0.0,,,,,,
0,0,BAU,,HTC,,,2023,,,,,,,,570.8,171.24,,,,,0.0,0.0,,,,,,
0,0,BAU,,HTC,,,2024,,,,,,,,570.8,171.24,,,,,0.0,0.0,,,,,,
0,0,BAU,,HTC,,,2025,,,,,,,,570.8,171.24,,,,,0.0,0.0,,,,,,
0,0,BAU,,HTC,,,2026,,,,,,,,570.8,171.24,,,,,0.0,0.0,,,,,,
0,0,BAU,,HTC,,,2027,,,,,,,,570.8,171.24,,,,,0.0,0.0,,,,,,
0,0,BAU,,HTC,,,2028,,,,,,,,570.8,171.24,,,,,0.0,0.0,,,,,,
0,0,BAU,,HTC,,,2029,,,,,,,,570.8,171.24,,,,,0.0,0.0,,,,,,
0,0,BAU,,HTC,,,2030,,,,,,,,570.8,171.24,,,,,0.0,0.0,,,,,,
0,0,BAU,,HTC,,,2031,,,,,,,,570.8,171.24,,,,,0.0,0.0,,,,,,
0,0,BAU,,HTC,,,2032,,,,,,,,570.8,171.24,,,,,0.0,0.0,,,,,,
0,0,BAU,,HTC,,,2033,,,,,,,,570.8,171.24,,,,,0.0,0.0,,,,,,
0,0,BAU,,HTC,,,2034,,,,,,,,570.8,171.24,,,,,0.0,0.0,,,,,,
0,0,BAU,,HTC,,,2035,,,,,,,,570.8,171.24,,,,,0.0,0.0,,,,,,
0,0,BAU,,HTC,,,2036,,,,,,,,570.8,171.24,,,,,0.0,0.0,,,,,,
0,0,BAU,,HTC,,,2037,,,,,,,,570.8,171.24,,,,,0.0,0.0,,,,,,
0,0,BAU,,HTC,,,2038,,,,,,,,570.8,171.24,,,,,0.0,0.0,,,,,,
0,0,BAU,,HTC,,,2039,,,,,,,,570.8,171.24,,,,,0.0,0.0,,,,,,
0,0,BAU,,HTC,,,2040,,,,,,,,570.8,171.24,,,,,0.0,0.0,,,,,,
0,0,BAU,,HTC,,,2041,,,,,,,,570.8,171.24,,,,,0.0,0.0,,,,,,
0,0,BAU,,HTC,,,2042,,,,,,,,570.8,171.24,,,,,0.0,0.0,,,,,,
0,0,BAU,,HTC,,,2043,,,,,,,,570.8,171.24,,,,,0.0,0.0,,,,,,
0,0,BAU,,HTC,,,2044,,,,,,,,570.8,171.24,,,,,0.0,0.0,,,,,,
0,0,BAU,,HTC,,,2045,,,,,,,,570.8,171.24,,,,,0.0,0.0,,,,,,
0,0,BAU,,HTC,,,2046,,,,,,,,570.8,171.24,,,,,0.0,0.0,,,,,,
0,0,BAU,,HTC,,,2047,,,,,,,,570.8,171.24,,,,,0.0,0.0,,,,,,
0,0,BAU,,HTC,,,2048,,,,,,,,570.8,171.24,,,,,0.0,0.0,,,,,,
0,0,BAU,,HTC,,,2049,,,,,,,,570.8,171.24,,,,,0.0,0.0,,,,,,
0,0,BAU,,HTC,,,2050,,,,,,,,570.8,171.24,,,,,0.0,0.0,,,,,,
0,0,BAU,,INORG_DCOLL,,,2018,,,,,,,,9.0,29.7,,,,,,0.0,,,,,,
0,0,BAU,,INORG_DCOLL,,,2019,,,,,,,,9.0,29.7,,,,,,0.0,,,,,,
0,0,BAU,,INORG_DCOLL,,,2020,,,,,,,,9.0,29.7,,,,,,0.0,,,,,,
0,0,BAU,,INORG_DCOLL,,,2021,,,,,,,,9.0,29.7,,,,,,0.0,,,,,,
0,0,BAU,,INORG_DCOLL,,,2022,,,,,,,,9.0,29.7,,,,,,0.0,,,,,,
0,0,BAU,,INORG_DCOLL,,,2023,,,,,,,,9.0,29.7,,,,,,0.0,,,,,,
0,0,BAU,,INORG_DCOLL,,,2024,,,,,,,,9.0,29.7,,,,,,0.0,,,,,,
0,0,BAU,,INORG_DCOLL,,,2025,,,,,,,,9.0,29.7,,,,,,0.0,,,,,,
0,0,BAU,,INORG_DCOLL,,,2026,,,,,,,,9.0,29.7,,,,,,0.0,,,,,,
0,0,BAU,,INORG_DCOLL,,,2027,,,,,,,,9.0,29.7,,,,,,0.0,,,,,,
0,0,BAU,,INORG_DCOLL,,,2028,,,,,,,,9.0,29.7,,,,,,0.0,,,,,,
0,0,BAU,,INORG_DCOLL,,,2029,,,,,,,,9.0,29.7,,,,,,0.0,,,,,,
0,0,BAU,,INORG_DCOLL,,,2030,,,,,,,,9.0,29.7,,,,,,0.0,,,,,,
0,0,BAU,,INORG_DCOLL,,,2031,,,,,,,,9.0,29.7,,,,,,0.0,,,,,,
0,0,BAU,,INORG_DCOLL,,,2032,,,,,,,,9.0,29.7,,,,,,0.0,,,,,,
0,0,BAU,,INORG_DCOLL,,,2033,,,,,,,,9.0,29.7,,,,,,0.0,,,,,,
0,0,BAU,,INORG_DCOLL,,,2034,,,,,,,,9.0,29.7,,,,,,0.0,,,,,,
0,0,BAU,,INORG_DCOLL,,,2035,,,,,,,,9.0,29.7,,,,,,0.0,,,,,,
0,0,BAU,,INORG_DCOLL,,,2036,,,,,,,,9.0,29.7,,,,,,0.0,,,,,,
0,0,BAU,,INORG_DCOLL,,,2037,,,,,,,,9.0,29.7,,,,,,0.0,,,,,,
0,0,BAU,,INORG_DCOLL,,,2038,,,,,,,,9.0,29.7,,,,,,0.0,,,,,,
0,0,BAU,,INORG_DCOLL,,,2039,,,,,,,,9.0,29.7,,,,,,0.0,,,,,,
0,0,BAU,,INORG_DCOLL,,,2040,,,,,,,,9.0,29.7,,,,,,0.0,,,,,,
0,0,BAU,,INORG_DCOLL,,,2041,,,,,,,,9.0,29.7,,,,,,0.0,,,,,,
0,0,BAU,,INORG_DCOLL,,,2042,,,,,,,,9.0,29.7,,,,,,0.0,,,,,,
0,0,BAU,,INORG_DCOLL,,,2043,,,,,,,,9.0,29.7,,,,,,0.0,,,,,,
0,0,BAU,,INORG_DCOLL,,,2044,,,,,,,,9.0,29.7,,,,,,0.0,,,,,,
0,0,BAU,,INORG_DCOLL,,,2045,,,,,,,,9.0,29.7,,,,,,0.0,,,,,,
0,0,BAU,,INORG_DCOLL,,,2046,,,,,,,,9.0,29.7,,,,,,0.0,,,,,,
0,0,BAU,,INORG_DCOLL,,,2047,,,,,,,,9.0,29.7,,,,,,0.0,,,,,,
0,0,BAU,,INORG_DCOLL,,,2048,,,,,,,,9.0,29.7,,,,,,0.0,,,,,,
0,0,BAU,,INORG_DCOLL,,,2049,,,,,,,,9.0,29.7,,,,,,0.0,,,,,,
0,0,BAU,,INORG_DCOLL,,,2050,,,,,,,,9.0,29.7,,,,,,0.0,,,,,,
0,0,BAU,,ORG_DCOLL,,,2018,,,,,,,,9.0,29.7,,,,,,0.0,,,,,,
0,0,BAU,,ORG_DCOLL,,,2019,,,,,,,,9.0,29.7,,,,,,0.0,,,,,,
0,0,BAU,,ORG_DCOLL,,,2020,,,,,,,,9.0,29.7,,,,,,0.0,,,,,,
0,0,BAU,,ORG_DCOLL,,,2021,,,,,,,,9.0,29.7,,,,,,0.0,,,,,,
0,0,BAU,,ORG_DCOLL,,,2022,,,,,,,,9.0,29.7,,,,,,0.0,,,,,,
0,0,BAU,,ORG_DCOLL,,,2023,,,,,,,,9.0,29.7,,,,,,0.0,,,,,,
0,0,BAU,,ORG_DCOLL,,,2024,,,,,,,,9.0,29.7,,,,,,0.0,,,,,,
0,0,BAU,,ORG_DCOLL,,,2025,,,,,,,,9.0,29.7,,,,,,0.0,,,,,,
0,0,BAU,,ORG_DCOLL,,,2026,,,,,,,,9.0,29.7,,,,,,0.0,,,,,,
0,0,BAU,,ORG_DCOLL,,,2027,,,,,,,,9.0,29.7,,,,,,0.0,,,,,,
0,0,BAU,,ORG_DCOLL,,,2028,,,,,,,,9.0,29.7,,,,,,0.0,,,,,,
0,0,BAU,,ORG_DCOLL,,,2029,,,,,,,,9.0,29.7,,,,,,0.0,,,,,,
0,0,BAU,,ORG_DCOLL,,,2030,,,,,,,,9.0,29.7,,,,,,0.0,,,,,,
0,0,BAU,,ORG_DCOLL,,,2031,,,,,,,,9.0,29.7,,,,,,0.0,,,,,,
0,0,BAU,,ORG_DCOLL,,,2032,,,,,,,,9.0,29.7,,,,,,0.0,,,,,,
0,0,BAU,,ORG_DCOLL,,,2033,,,,,,,,9.0,29.7,,,,,,0.0,,,,,,
0,0,BAU,,ORG_DCOLL,,,2034,,,,,,,,9.0,29.7,,,,,,0.0,,,,,,
0,0,BAU,,ORG_DCOLL,,,2035,,,,,,,,9.0,29.7,,,,,,0.0,,,,,,
0,0,BAU,,ORG_DCOLL,,,2036,,,,,,,,9.0,29.7,,,,,,0.0,,,,,,
0,0,BAU,,ORG_DCOLL,,,2037,,,,,,,,9.0,29.7,,,,,,0.0,,,,,,
0,0,BAU,,ORG_DCOLL,,,2038,,,,,,,,9.0,29.7,,,,,,0.0,,,,,,
0,0,BAU,,ORG_DCOLL,,,2039,,,,,,,,9.0,29.7,,,,,,0.0,,,,,,
0,0,BAU,,ORG_DCOLL,,,2040,,,,,,,,9.0,29.7,,,,,,0.0,,,,,,
0,0,BAU,,ORG_DCOLL,,,2041,,,,,,,,9.0,29.7,,,,,,0.0,,,,,,
0,0,BAU,,ORG_DCOLL,,,2042,,,,,,,,9.0,29.7,,,,,,0.0,,,,,,
0,0,BAU,,ORG_DCOLL,,,2043,,,,,,,,9.0,29.7,,,,,,0.0,,,,,,
0,0,BAU,,ORG_DCOLL,,,2044,,,,,,,,9.0,29.7,,,,,,0.0,,,,,,
0,0,BAU,,ORG_DCOLL,,,2045,,,,,,,,9.0,29.7,,,,,,0.0,,,,,,
0,0,BAU,,ORG_DCOLL,,,2046,,,,,,,,9.0,29.7,,,,,,0.0,,,,,,
0,0,BAU,,ORG_DCOLL,,,2047,,,,,,,,9.0,29.7,,,,,,0.0,,,,,,
0,0,BAU,,ORG_DCOLL,,,2048,,,,,,,,9.0,29.7,,,,,,0.0,,,,,,
0,0,BAU,,ORG_DCOLL,,,2049,,,,,,,,9.0,29.7,,,,,,0.0,,,,,,
0,0,BAU,,ORG_DCOLL,,,2050,,,,,,,,9.0,29.7,,,,,,0.0,,,,,,
0,0,BAU,,BLEND_NO_DCOLL,,,2018,,,,,,,,9.0,29.7,,,,,,1.8323,,,,,,
0,0,BAU,,BLEND_NO_DCOLL,,,2019,,,,,,,,9.0,29.7,,,,,,1.9215,,,,,,
0,0,BAU,,BLEND_NO_DCOLL,,,2020,,,,,,,,9.0,29.7,,,,,,2.0197,,,,,,
0,0,BAU,,BLEND_NO_DCOLL,,,2021,,,,,,,,9.0,29.7,,,,,,2.1211,,,,,,
0,0,BAU,,BLEND_NO_DCOLL,,,2022,,,,,,,,9.0,29.7,,,,,,2.2256,,,,,,
0,0,BAU,,BLEND_NO_DCOLL,,,2023,,,,,,,,9.0,29.7,,,,,,2.3102,,,,,,
0,0,BAU,,BLEND_NO_DCOLL,,,2024,,,,,,,,9.0,29.7,,,,,,2.398,,,,,,
0,0,BAU,,BLEND_NO_DCOLL,,,2025,,,,,,,,9.0,29.7,,,,,,2.4891,,,,,,
0,0,BAU,,BLEND_NO_DCOLL,,,2026,,,,,,,,9.0,29.7,,,,,,2.5836,,,,,,
0,0,BAU,,BLEND_NO_DCOLL,,,2027,,,,,,,,9.0,29.7,,,,,,2.6818,,,,,,
0,0,BAU,,BLEND_NO_DCOLL,,,2028,,,,,,,,9.0,29.7,,,,,,2.7838,,,,,,
0,0,BAU,,BLEND_NO_DCOLL,,,2029,,,,,,,,9.0,29.7,,,,,,2.8896,,,,,,
0,0,BAU,,BLEND_NO_DCOLL,,,2030,,,,,,,,9.0,29.7,,,,,,2.9994,,,,,,
0,0,BAU,,BLEND_NO_DCOLL,,,2031,,,,,,,,9.0,29.7,,,,,,3.1134,,,,,,
0,0,BAU,,BLEND_NO_DCOLL,,,2032,,,,,,,,9.0,29.7,,,,,,3.2316,,,,,,
0,0,BAU,,BLEND_NO_DCOLL,,,2033,,,,,,,,9.0,29.7,,,,,,3.3544,,,,,,
0,0,BAU,,BLEND_NO_DCOLL,,,2034,,,,,,,,9.0,29.7,,,,,,3.4819,,,,,,
0,0,BAU,,BLEND_NO_DCOLL,,,2035,,,,,,,,9.0,29.7,,,,,,3.6142,,,,,,
0,0,BAU,,BLEND_NO_DCOLL,,,2036,,,,,,,,9.0,29.7,,,,,,3.7516,,,,,,
0,0,BAU,,BLEND_NO_DCOLL,,,2037,,,,,,,,9.0,29.7,,,,,,3.8941,,,,,,
0,0,BAU,,BLEND_NO_DCOLL,,,2038,,,,,,,,9.0,29.7,,,,,,4.0421,,,,,,
0,0,BAU,,BLEND_NO_DCOLL,,,2039,,,,,,,,9.0,29.7,,,,,,4.1957,,,,,,
0,0,BAU,,BLEND_NO_DCOLL,,,2040,,,,,,,,9.0,29.7,,,,,,4.3551,,,,,,
0,0,BAU,,BLEND_NO_DCOLL,,,2041,,,,,,,,9.0,29.7,,,,,,4.5206,,,,,,
0,0,BAU,,BLEND_NO_DCOLL,,,2042,,,,,,,,9.0,29.7,,,,,,4.6924,,,,,,
0,0,BAU,,BLEND_NO_DCOLL,,,2043,,,,,,,,9.0,29.7,,,,,,4.8707,,,,,,
0,0,BAU,,BLEND_NO_DCOLL,,,2044,,,,,,,,9.0,29.7,,,,,,5.0558,,,,,,
0,0,BAU,,BLEND_NO_DCOLL,,,2045,,,,,,,,9.0,29.7,,,,,,5.2479,,,,,,
0,0,BAU,,BLEND_NO_DCOLL,,,2046,,,,,,,,9.0,29.7,,,,,,5.4473,,,,,,
0,0,BAU,,BLEND_NO_DCOLL,,,2047,,,,,,,,9.0,29.7,,,,,,5.6543,,,,,,
0,0,BAU,,BLEND_NO_DCOLL,,,2048,,,,,,,,9.0,29.7,,,,,,5.8692,,,,,,
0,0,BAU,,BLEND_NO_DCOLL,,,2049,,,,,,,,9.0,29.7,,,,,,6.0922,,,,,,
0,0,BAU,,BLEND_NO_DCOLL,,,2050,,,,,,,,9.0,29.7,,,,,,6.3237,,,,,,
0,0,BAU,,SIT_CLAN,,,2018,,,,,,,,,,,,,,0.0,0.0,,,,,,
0,0,BAU,,SIT_CLAN,,,2019,,,,,,,,,,,,,,0.0,0.0,,,,,,
0,0,BAU,,SIT_CLAN,,,2020,,,,,,,,,,,,,,0.0,0.0,,,,,,
0,0,BAU,,SIT_CLAN,,,2021,,,,,,,,,,,,,,0.0,0.0,,,,,,
0,0,BAU,,SIT_CLAN,,,2022,,,,,,,,,,,,,,0.0,0.0,,,,,,
0,0,BAU,,SIT_CLAN,,,2023,,,,,,,,,,,,,,0.0,0.0,,,,,,
0,0,BAU,,SIT_CLAN,,,2024,,,,,,,,,,,,,,0.0,0.0,,,,,,
0,0,BAU,,SIT_CLAN,,,2025,,,,,,,,,,,,,,0.0,0.0,,,,,,
0,0,BAU,,SIT_CLAN,,,2026,,,,,,,,,,,,,,0.0,0.0,,,,,,
0,0,BAU,,SIT_CLAN,,,2027,,,,,,,,,,,,,,0.0,0.0,,,,,,
0,0,BAU,,SIT_CLAN,,,2028,,,,,,,,,,,,,,0.0,0.0,,,,,,
0,0,BAU,,SIT_CLAN,,,2029,,,,,,,,,,,,,,0.0,0.0,,,,,,
0,0,BAU,,SIT_CLAN,,,2030,,,,,,,,,,,,,,0.0,0.0,,,,,,
0,0,BAU,,SIT_CLAN,,,2031,,,,,,,,,,,,,,0.0,0.0,,,,,,
0,0,BAU,,SIT_CLAN,,,2032,,,,,,,,,,,,,,0.0,0.0,,,,,,
0,0,BAU,,SIT_CLAN,,,2033,,,,,,,,,,,,,,0.0,0.0,,,,,,
0,0,BAU,,SIT_CLAN,,,2034,,,,,,,,,,,,,,0.0,0.0,,,,,,
0,0,BAU,,SIT_CLAN,,,2035,,,,,,,,,,,,,,0.0,0.0,,,,,,
0,0,BAU,,SIT_CLAN,,,2036,,,,,,,,,,,,,,0.0,0.0,,,,,,
0,0,BAU,,SIT_CLAN,,,2037,,,,,,,,,,,,,,0.0,0.0,,,,,,
0,0,BAU,,SIT_CLAN,,,2038,,,,,,,,,,,,,,0.0,0.0,,,,,,
0,0,BAU,,SIT_CLAN,,,2039,,,,,,,,,,,,,,0.0,0.0,,,,,,
0,0,BAU,,SIT_CLAN,,,2040,,,,,,,,,,,,,,0.0,0.0,,,,,,
0,0,BAU,,SIT_CLAN,,,2041,,,,,,,,,,,,,,0.0,0.0,,,,,,
0,0,BAU,,SIT_CLAN,,,2042,,,,,,,,,,,,,,0.0,0.0,,,,,,
0,0,BAU,,SIT_CLAN,,,2043,,,,,,,,,,,,,,0.0,0.0,,,,,,
0,0,BAU,,SIT_CLAN,,,2044,,,,,,,,,,,,,,0.0,0.0,,,,,,
0,0,BAU,,SIT_CLAN,,,2045,,,,,,,,,,,,,,0.0,0.0,,,,,,
0,0,BAU,,SIT_CLAN,,,2046,,,,,,,,,,,,,,0.0,0.0,,,,,,
0,0,BAU,,SIT_CLAN,,,2047,,,,,,,,,,,,,,0.0,0.0,,,,,,
0,0,BAU,,SIT_CLAN,,,2048,,,,,,,,,,,,,,0.0,0.0,,,,,,
0,0,BAU,,SIT_CLAN,,,2049,,,,,,,,,,,,,,0.0,0.0,,,,,,
0,0,BAU,,SIT_CLAN,,,2050,,,,,,,,,,,,,,0.0,0.0,,,,,,
0,0,BAU,,LANDFILL_ELEC,,,2018,,,,,,,,,,,,,,0.0,0.0,,,,,,
0,0,BAU,,LANDFILL_ELEC,,,2019,,,,,,,,,,,,,,0.0,0.0,,,,,,
0,0,BAU,,LANDFILL_ELEC,,,2020,,,,,,,,,,,,,,0.0,0.0,,,,,,
0,0,BAU,,LANDFILL_ELEC,,,2021,,,,,,,,,,,,,,0.0,0.0,,,,,,
0,0,BAU,,LANDFILL_ELEC,,,2022,,,,,,,,,,,,,,0.0,0.0,,,,,,
0,0,BAU,,LANDFILL_ELEC,,,2023,,,,,,,,,,,,,,0.0,0.0,,,,,,
0,0,BAU,,LANDFILL_ELEC,,,2024,,,,,,,,,,,,,,0.0,0.0,,,,,,
0,0,BAU,,LANDFILL_ELEC,,,2025,,,,,,,,,,,,,,0.0,0.0,,,,,,
0,0,BAU,,LANDFILL_ELEC,,,2026,,,,,,,,,,,,,,0.0,0.0,,,,,,
0,0,BAU,,LANDFILL_ELEC,,,2027,,,,,,,,,,,,,,0.0,0.0,,,,,,
0,0,BAU,,LANDFILL_ELEC,,,2028,,,,,,,,,,,,,,0.0,0.0,,,,,,
0,0,BAU,,LANDFILL_ELEC,,,2029,,,,,,,,,,,,,,0.0,0.0,,,,,,
0,0,BAU,,LANDFILL_ELEC,,,2030,,,,,,,,,,,,,,0.0,0.0,,,,,,
0,0,BAU,,LANDFILL_ELEC,,,2031,,,,,,,,,,,,,,0.0,0.0,,,,,,
0,0,BAU,,LANDFILL_ELEC,,,2032,,,,,,,,,,,,,,0.0,0.0,,,,,,
0,0,BAU,,LANDFILL_ELEC,,,2033,,,,,,,,,,,,,,0.0,0.0,,,,,,
0,0,BAU,,LANDFILL_ELEC,,,2034,,,,,,,,,,,,,,0.0,0.0,,,,,,
0,0,BAU,,LANDFILL_ELEC,,,2035,,,,,,,,,,,,,,0.0,0.0,,,,,,
0,0,BAU,,LANDFILL_ELEC,,,2036,,,,,,,,,,,,,,0.0,0.0,,,,,,
0,0,BAU,,LANDFILL_ELEC,,,2037,,,,,,,,,,,,,,0.0,0.0,,,,,,
0,0,BAU,,LANDFILL_ELEC,,,2038,,,,,,,,,,,,,,0.0,0.0,,,,,,
0,0,BAU,,LANDFILL_ELEC,,,2039,,,,,,,,,,,,,,0.0,0.0,,,,,,
0,0,BAU,,LANDFILL_ELEC,,,2040,,,,,,,,,,,,,,0.0,0.0,,,,,,
0,0,BAU,,LANDFILL_ELEC,,,2041,,,,,,,,,,,,,,0.0,0.0,,,,,,
0,0,BAU,,LANDFILL_ELEC,,,2042,,,,,,,,,,,,,,0.0,0.0,,,,,,
0,0,BAU,,LANDFILL_ELEC,,,2043,,,,,,,,,,,,,,0.0,0.0,,,,,,
0,0,BAU,,LANDFILL_ELEC,,,2044,,,,,,,,,,,,,,0.0,0.0,,,,,,
0,0,BAU,,LANDFILL_ELEC,,,2045,,,,,,,,,,,,,,0.0,0.0,,,,,,
0,0,BAU,,LANDFILL_ELEC,,,2046,,,,,,,,,,,,,,0.0,0.0,,,,,,
0,0,BAU,,LANDFILL_ELEC,,,2047,,,,,,,,,,,,,,0.0,0.0,,,,,,
0,0,BAU,,LANDFILL_ELEC,,,2048,,,,,,,,,,,,,,0.0,0.0,,,,,,
0,0,BAU,,LANDFILL_ELEC,,,2049,,,,,,,,,,,,,,0.0,0.0,,,,,,
0,0,BAU,,LANDFILL_ELEC,,,2050,,,,,,,,,,,,,,0.0,0.0,,,,,,
0,0,BAU,,IND_SW,,,2018,,,,,,,,,,,,,,0.0,0.0,,,,,,
0,0,BAU,,IND_SW,,,2019,,,,,,,,,,,,,,0.0,0.0,,,,,,
0,0,BAU,,IND_SW,,,2020,,,,,,,,,,,,,,0.0,0.0,,,,,,
0,0,BAU,,IND_SW,,,2021,,,,,,,,,,,,,,0.0,0.0,,,,,,
0,0,BAU,,IND_SW,,,2022,,,,,,,,,,,,,,0.0,0.0,,,,,,
0,0,BAU,,IND_SW,,,2023,,,,,,,,,,,,,,0.0,0.0,,,,,,
0,0,BAU,,IND_SW,,,2024,,,,,,,,,,,,,,0.0,0.0,,,,,,
0,0,BAU,,IND_SW,,,2025,,,,,,,,,,,,,,0.0,0.0,,,,,,
0,0,BAU,,IND_SW,,,2026,,,,,,,,,,,,,,0.0,0.0,,,,,,
0,0,BAU,,IND_SW,,,2027,,,,,,,,,,,,,,0.0,0.0,,,,,,
0,0,BAU,,IND_SW,,,2028,,,,,,,,,,,,,,0.0,0.0,,,,,,
0,0,BAU,,IND_SW,,,2029,,,,,,,,,,,,,,0.0,0.0,,,,,,
0,0,BAU,,IND_SW,,,2030,,,,,,,,,,,,,,0.0,0.0,,,,,,
0,0,BAU,,IND_SW,,,2031,,,,,,,,,,,,,,0.0,0.0,,,,,,
0,0,BAU,,IND_SW,,,2032,,,,,,,,,,,,,,0.0,0.0,,,,,,
0,0,BAU,,IND_SW,,,2033,,,,,,,,,,,,,,0.0,0.0,,,,,,
0,0,BAU,,IND_SW,,,2034,,,,,,,,,,,,,,0.0,0.0,,,,,,
0,0,BAU,,IND_SW,,,2035,,,,,,,,,,,,,,0.0,0.0,,,,,,
0,0,BAU,,IND_SW,,,2036,,,,,,,,,,,,,,0.0,0.0,,,,,,
0,0,BAU,,IND_SW,,,2037,,,,,,,,,,,,,,0.0,0.0,,,,,,
0,0,BAU,,IND_SW,,,2038,,,,,,,,,,,,,,0.0,0.0,,,,,,
0,0,BAU,,IND_SW,,,2039,,,,,,,,,,,,,,0.0,0.0,,,,,,
0,0,BAU,,IND_SW,,,2040,,,,,,,,,,,,,,0.0,0.0,,,,,,
0,0,BAU,,IND_SW,,,2041,,,,,,,,,,,,,,0.0,0.0,,,,,,
0,0,BAU,,IND_SW,,,2042,,,,,,,,,,,,,,0.0,0.0,,,,,,
0,0,BAU,,IND_SW,,,2043,,,,,,,,,,,,,,0.0,0.0,,,,,,
0,0,BAU,,IND_SW,,,2044,,,,,,,,,,,,,,0.0,0.0,,,,,,
0,0,BAU,,IND_SW,,,2045,,,,,,,,,,,,,,0.0,0.0,,,,,,
0,0,BAU,,IND_SW,,,2046,,,,,,,,,,,,,,0.0,0.0,,,,,,
0,0,BAU,,IND_SW,,,2047,,,,,,,,,,,,,,0.0,0.0,,,,,,
0,0,BAU,,IND_SW,,,2048,,,,,,,,,,,,,,0.0,0.0,,,,,,
0,0,BAU,,IND_SW,,,2049,,,,,,,,,,,,,,0.0,0.0,,,,,,
0,0,BAU,,IND_SW,,,2050,,,,,,,,,,,,,,0.0,0.0,,,,,,
0,0,BAU,,CO2_CH4_BURN,,,2018,,,,,,,,,,,,,,0.0,0.0,,,,,,
0,0,BAU,,CO2_CH4_BURN,,,2019,,,,,,,,,,,,,,0.0,0.0,,,,,,
0,0,BAU,,CO2_CH4_BURN,,,2020,,,,,,,,,,,,,,0.0,0.0,,,,,,
0,0,BAU,,CO2_CH4_BURN,,,2021,,,,,,,,,,,,,,0.0,0.0,,,,,,
0,0,BAU,,CO2_CH4_BURN,,,2022,,,,,,,,,,,,,,0.0,0.0,,,,,,
0,0,BAU,,CO2_CH4_BURN,,,2023,,,,,,,,,,,,,,0.0,0.0,,,,,,
0,0,BAU,,CO2_CH4_BURN,,,2024,,,,,,,,,,,,,,0.0,0.0,,,,,,
0,0,BAU,,CO2_CH4_BURN,,,2025,,,,,,,,,,,,,,0.0,0.0,,,,,,
0,0,BAU,,CO2_CH4_BURN,,,2026,,,,,,,,,,,,,,0.0,0.0,,,,,,
0,0,BAU,,CO2_CH4_BURN,,,2027,,,,,,,,,,,,,,0.0,0.0,,,,,,
0,0,BAU,,CO2_CH4_BURN,,,2028,,,,,,,,,,,,,,0.0,0.0,,,,,,
0,0,BAU,,CO2_CH4_BURN,,,2029,,,,,,,,,,,,,,0.0,0.0,,,,,,
0,0,BAU,,CO2_CH4_BURN,,,2030,,,,,,,,,,,,,,0.0,0.0,,,,,,
0,0,BAU,,CO2_CH4_BURN,,,2031,,,,,,,,,,,,,,0.0,0.0,,,,,,
0,0,BAU,,CO2_CH4_BURN,,,2032,,,,,,,,,,,,,,0.0,0.0,,,,,,
0,0,BAU,,CO2_CH4_BURN,,,2033,,,,,,,,,,,,,,0.0,0.0,,,,,,
0,0,BAU,,CO2_CH4_BURN,,,2034,,,,,,,,,,,,,,0.0,0.0,,,,,,
0,0,BAU,,CO2_CH4_BURN,,,2035,,,,,,,,,,,,,,0.0,0.0,,,,,,
0,0,BAU,,CO2_CH4_BURN,,,2036,,,,,,,,,,,,,,0.0,0.0,,,,,,
0,0,BAU,,CO2_CH4_BURN,,,2037,,,,,,,,,,,,,,0.0,0.0,,,,,,
0,0,BAU,,CO2_CH4_BURN,,,2038,,,,,,,,,,,,,,0.0,0.0,,,,,,
0,0,BAU,,CO2_CH4_BURN,,,2039,,,,,,,,,,,,,,0.0,0.0,,,,,,
0,0,BAU,,CO2_CH4_BURN,,,2040,,,,,,,,,,,,,,0.0,0.0,,,,,,
0,0,BAU,,CO2_CH4_BURN,,,2041,,,,,,,,,,,,,,0.0,0.0,,,,,,
0,0,BAU,,CO2_CH4_BURN,,,2042,,,,,,,,,,,,,,0.0,0.0,,,,,,
0,0,BAU,,CO2_CH4_BURN,,,2043,,,,,,,,,,,,,,0.0,0.0,,,,,,
0,0,BAU,,CO2_CH4_BURN,,,2044,,,,,,,,,,,,,,0.0,0.0,,,,,,
0,0,BAU,,CO2_CH4_BURN,,,2045,,,,,,,,,,,,,,0.0,0.0,,,,,,
0,0,BAU,,CO2_CH4_BURN,,,2046,,,,,,,,,,,,,,0.0,0.0,,,,,,
0,0,BAU,,CO2_CH4_BURN,,,2047,,,,,,,,,,,,,,0.0,0.0,,,,,,
0,0,BAU,,CO2_CH4_BURN,,,2048,,,,,,,,,,,,,,0.0,0.0,,,,,,
0,0,BAU,,CO2_CH4_BURN,,,2049,,,,,,,,,,,,,,0.0,0.0,,,,,,
0,0,BAU,,CO2_CH4_BURN,,,2050,,,,,,,,,,,,,,0.0,0.0,,,,,,
0,0,BAU,,COMPOST_DOM,,,2018,,,,,,,,,,,,,,0.0844,0.0844,,,,,,
0,0,BAU,,COMPOST_DOM,,,2019,,,,,,,,,,,,,,0.0861,0.0861,,,,,,
0,0,BAU,,COMPOST_DOM,,,2020,,,,,,,,,,,,,,0.0887,0.0887,,,,,,
0,0,BAU,,COMPOST_DOM,,,2021,,,,,,,,,,,,,,0.0912,0.0912,,,,,,
0,0,BAU,,COMPOST_DOM,,,2022,,,,,,,,,,,,,,0.0936,0.0936,,,,,,
0,0,BAU,,COMPOST_DOM,,,2023,,,,,,,,,,,,,,0.0936,0.0936,,,,,,
0,0,BAU,,COMPOST_DOM,,,2024,,,,,,,,,,,,,,0.0936,0.0936,,,,,,
0,0,BAU,,COMPOST_DOM,,,2025,,,,,,,,,,,,,,0.0936,0.0936,,,,,,
0,0,BAU,,COMPOST_DOM,,,2026,,,,,,,,,,,,,,0.0936,0.0936,,,,,,
0,0,BAU,,COMPOST_DOM,,,2027,,,,,,,,,,,,,,0.0936,0.0936,,,,,,
0,0,BAU,,COMPOST_DOM,,,2028,,,,,,,,,,,,,,0.0936,0.0936,,,,,,
0,0,BAU,,COMPOST_DOM,,,2029,,,,,,,,,,,,,,0.0936,0.0936,,,,,,
0,0,BAU,,COMPOST_DOM,,,2030,,,,,,,,,,,,,,0.0936,0.0936,,,,,,
0,0,BAU,,COMPOST_DOM,,,2031,,,,,,,,,,,,,,0.0936,0.0936,,,,,,
0,0,BAU,,COMPOST_DOM,,,2032,,,,,,,,,,,,,,0.0936,0.0936,,,,,,
0,0,BAU,,COMPOST_DOM,,,2033,,,,,,,,,,,,,,0.0936,0.0936,,,,,,
0,0,BAU,,COMPOST_DOM,,,2034,,,,,,,,,,,,,,0.0936,0.0936,,,,,,
0,0,BAU,,COMPOST_DOM,,,2035,,,,,,,,,,,,,,0.0936,0.0936,,,,,,
0,0,BAU,,COMPOST_DOM,,,2036,,,,,,,,,,,,,,0.0936,0.0936,,,,,,
0,0,BAU,,COMPOST_DOM,,,2037,,,,,,,,,,,,,,0.0936,0.0936,,,,,,
0,0,BAU,,COMPOST_DOM,,,2038,,,,,,,,,,,,,,0.0936,0.0936,,,,,,
0,0,BAU,,COMPOST_DOM,,,2039,,,,,,,,,,,,,,0.0936,0.0936,,,,,,
0,0,BAU,,COMPOST_DOM,,,2040,,,,,,,,,,,,,,0.0936,0.0936,,,,,,
0,0,BAU,,COMPOST_DOM,,,2041,,,,,,,,,,,,,,0.0936,0.0936,,,,,,
0,0,BAU,,COMPOST_DOM,,,2042,,,,,,,,,,,,,,0.0936,0.0936,,,,,,
0,0,BAU,,COMPOST_DOM,,,2043,,,,,,,,,,,,,,0.0936,0.0936,,,,,,
0,0,BAU,,COMPOST_DOM,,,2044,,,,,,,,,,,,,,0.0936,0.0936,,,,,,
0,0,BAU,,COMPOST_DOM,,,2045,,,,,,,,,,,,,,0.0936,0.0936,,,,,,
0,0,BAU,,COMPOST_DOM,,,2046,,,,,,,,,,,,,,0.0936,0.0936,,,,,,
0,0,BAU,,COMPOST_DOM,,,2047,,,,,,,,,,,,,,0.0936,0.0936,,,,,,
0,0,BAU,,COMPOST_DOM,,,2048,,,,,,,,,,,,,,0.0936,0.0936,,,,,,
0,0,BAU,,COMPOST_DOM,,,2049,,,,,,,,,,,,,,0.0936,0.0936,,,,,,
0,0,BAU,,COMPOST_DOM,,,2050,,,,,,,,,,,,,,0.0936,0.0936,,,,,,
0,0,BAU,,COMPOST_COFFEE,,,2018,,,,,,,,,,,,,,0.3668,0.3668,,,,,,
0,0,BAU,,COMPOST_COFFEE,,,2019,,,,,,,,,,,,,,0.3179,0.3179,,,,,,
0,0,BAU,,COMPOST_COFFEE,,,2020,,,,,,,,,,,,,,0.316,0.316,,,,,,
0,0,BAU,,COMPOST_COFFEE,,,2021,,,,,,,,,,,,,,0.3141,0.3141,,,,,,
0,0,BAU,,COMPOST_COFFEE,,,2022,,,,,,,,,,,,,,0.3122,0.3122,,,,,,
0,0,BAU,,COMPOST_COFFEE,,,2023,,,,,,,,,,,,,,0.3122,0.3122,,,,,,
0,0,BAU,,COMPOST_COFFEE,,,2024,,,,,,,,,,,,,,0.3122,0.3122,,,,,,
0,0,BAU,,COMPOST_COFFEE,,,2025,,,,,,,,,,,,,,0.3122,0.3122,,,,,,
0,0,BAU,,COMPOST_COFFEE,,,2026,,,,,,,,,,,,,,0.3122,0.3122,,,,,,
0,0,BAU,,COMPOST_COFFEE,,,2027,,,,,,,,,,,,,,0.3122,0.3122,,,,,,
0,0,BAU,,COMPOST_COFFEE,,,2028,,,,,,,,,,,,,,0.3122,0.3122,,,,,,
0,0,BAU,,COMPOST_COFFEE,,,2029,,,,,,,,,,,,,,0.3122,0.3122,,,,,,
0,0,BAU,,COMPOST_COFFEE,,,2030,,,,,,,,,,,,,,0.3122,0.3122,,,,,,
0,0,BAU,,COMPOST_COFFEE,,,2031,,,,,,,,,,,,,,0.3122,0.3122,,,,,,
0,0,BAU,,COMPOST_COFFEE,,,2032,,,,,,,,,,,,,,0.3122,0.3122,,,,,,
0,0,BAU,,COMPOST_COFFEE,,,2033,,,,,,,,,,,,,,0.3122,0.3122,,,,,,
0,0,BAU,,COMPOST_COFFEE,,,2034,,,,,,,,,,,,,,0.3122,0.3122,,,,,,
0,0,BAU,,COMPOST_COFFEE,,,2035,,,,,,,,,,,,,,0.3122,0.3122,,,,,,
0,0,BAU,,COMPOST_COFFEE,,,2036,,,,,,,,,,,,,,0.3122,0.3122,,,,,,
0,0,BAU,,COMPOST_COFFEE,,,2037,,,,,,,,,,,,,,0.3122,0.3122,,,,,,
0,0,BAU,,COMPOST_COFFEE,,,2038,,,,,,,,,,,,,,0.3122,0.3122,,,,,,
0,0,BAU,,COMPOST_COFFEE,,,2039,,,,,,,,,,,,,,0.3122,0.3122,,,,,,
0,0,BAU,,COMPOST_COFFEE,,,2040,,,,,,,,,,,,,,0.3122,0.3122,,,,,,
0,0,BAU,,COMPOST_COFFEE,,,2041,,,,,,,,,,,,,,0.3122,0.3122,,,,,,
0,0,BAU,,COMPOST_COFFEE,,,2042,,,,,,,,,,,,,,0.3122,0.3122,,,,,,
0,0,BAU,,COMPOST_COFFEE,,,2043,,,,,,,,,,,,,,0.3122,0.3122,,,,,,
0,0,BAU,,COMPOST_COFFEE,,,2044,,,,,,,,,,,,,,0.3122,0.3122,,,,,,
0,0,BAU,,COMPOST_COFFEE,,,2045,,,,,,,,,,,,,,0.3122,0.3122,,,,,,
0,0,BAU,,COMPOST_COFFEE,,,2046,,,,,,,,,,,,,,0.3122,0.3122,,,,,,
0,0,BAU,,COMPOST_COFFEE,,,2047,,,,,,,,,,,,,,0.3122,0.3122,,,,,,
0,0,BAU,,COMPOST_COFFEE,,,2048,,,,,,,,,,,,,,0.3122,0.3122,,,,,,
0,0,BAU,,COMPOST_COFFEE,,,2049,,,,,,,,,,,,,,0.3122,0.3122,,,,,,
0,0,BAU,,COMPOST_COFFEE,,,2050,,,,,,,,,,,,,,0.3122,0.3122,,,,,,
0,0,BAU,,DWW_DC,,,2018,,,,,,,,,,,,,,11.6499,11.6499,,,,,,
0,0,BAU,,DWW_DC,,,2019,,,,,,,,,,,,,,12.0903,12.0903,,,,,,
0,0,BAU,,DWW_DC,,,2020,,,,,,,,,,,,,,12.2817,12.2817,,,,,,
0,0,BAU,,DWW_DC,,,2021,,,,,,,,,,,,,,12.471,12.471,,,,,,
0,0,BAU,,DWW_DC,,,2022,,,,,,,,,,,,,,12.6578,12.6578,,,,,,
0,0,BAU,,DWW_DC,,,2023,,,,,,,,,,,,,,13.1388,13.1388,,,,,,
0,0,BAU,,DWW_DC,,,2024,,,,,,,,,,,,,,13.6381,13.6381,,,,,,
0,0,BAU,,DWW_DC,,,2025,,,,,,,,,,,,,,14.1563,14.1563,,,,,,
0,0,BAU,,DWW_DC,,,2026,,,,,,,,,,,,,,14.6943,14.6943,,,,,,
0,0,BAU,,DWW_DC,,,2027,,,,,,,,,,,,,,15.2526,15.2526,,,,,,
0,0,BAU,,DWW_DC,,,2028,,,,,,,,,,,,,,15.8322,15.8322,,,,,,
0,0,BAU,,DWW_DC,,,2029,,,,,,,,,,,,,,16.4339,16.4339,,,,,,
0,0,BAU,,DWW_DC,,,2030,,,,,,,,,,,,,,17.0584,17.0584,,,,,,
0,0,BAU,,DWW_DC,,,2031,,,,,,,,,,,,,,17.7066,17.7066,,,,,,
0,0,BAU,,DWW_DC,,,2032,,,,,,,,,,,,,,18.3794,18.3794,,,,,,
0,0,BAU,,DWW_DC,,,2033,,,,,,,,,,,,,,19.0778,19.0778,,,,,,
0,0,BAU,,DWW_DC,,,2034,,,,,,,,,,,,,,19.8028,19.8028,,,,,,
0,0,BAU,,DWW_DC,,,2035,,,,,,,,,,,,,,20.5553,20.5553,,,,,,
0,0,BAU,,DWW_DC,,,2036,,,,,,,,,,,,,,21.3364,21.3364,,,,,,
0,0,BAU,,DWW_DC,,,2037,,,,,,,,,,,,,,22.1472,22.1472,,,,,,
0,0,BAU,,DWW_DC,,,2038,,,,,,,,,,,,,,22.9888,22.9888,,,,,,
0,0,BAU,,DWW_DC,,,2039,,,,,,,,,,,,,,23.8624,23.8624,,,,,,
0,0,BAU,,DWW_DC,,,2040,,,,,,,,,,,,,,24.7691,24.7691,,,,,,
0,0,BAU,,DWW_DC,,,2041,,,,,,,,,,,,,,25.7103,25.7103,,,,,,
0,0,BAU,,DWW_DC,,,2042,,,,,,,,,,,,,,26.6873,26.6873,,,,,,
0,0,BAU,,DWW_DC,,,2043,,,,,,,,,,,,,,27.7015,27.7015,,,,,,
0,0,BAU,,DWW_DC,,,2044,,,,,,,,,,,,,,28.7541,28.7541,,,,,,
0,0,BAU,,DWW_DC,,,2045,,,,,,,,,,,,,,29.8468,29.8468,,,,,,
0,0,BAU,,DWW_DC,,,2046,,,,,,,,,,,,,,30.981,30.981,,,,,,
0,0,BAU,,DWW_DC,,,2047,,,,,,,,,,,,,,32.1582,32.1582,,,,,,
0,0,BAU,,DWW_DC,,,2048,,,,,,,,,,,,,,33.3802,33.3802,,,,,,
0,0,BAU,,DWW_DC,,,2049,,,,,,,,,,,,,,34.6487,34.6487,,,,,,
0,0,BAU,,DWW_DC,,,2050,,,,,,,,,,,,,,35.9653,35.9653,,,,,,
0,0,BAU,,DWW_N,,,2018,,,,,,,,,,,,,,102.7812,102.7812,,,,,,
0,0,BAU,,DWW_N,,,2019,,,,,,,,,,,,,,101.9675,101.9675,,,,,,
0,0,BAU,,DWW_N,,,2020,,,,,,,,,,,,,,97.6878,97.6878,,,,,,
0,0,BAU,,DWW_N,,,2021,,,,,,,,,,,,,,91.2393,91.2393,,,,,,
0,0,BAU,,DWW_N,,,2022,,,,,,,,,,,,,,103.2446,103.2446,,,,,,
0,0,BAU,,DWW_N,,,2023,,,,,,,,,,,,,,107.1679,107.1679,,,,,,
0,0,BAU,,DWW_N,,,2024,,,,,,,,,,,,,,111.2403,111.2403,,,,,,
0,0,BAU,,DWW_N,,,2025,,,,,,,,,,,,,,115.4674,115.4674,,,,,,
0,0,BAU,,DWW_N,,,2026,,,,,,,,,,,,,,119.8552,119.8552,,,,,,
0,0,BAU,,DWW_N,,,2027,,,,,,,,,,,,,,124.4097,124.4097,,,,,,
0,0,BAU,,DWW_N,,,2028,,,,,,,,,,,,,,129.1372,129.1372,,,,,,
0,0,BAU,,DWW_N,,,2029,,,,,,,,,,,,,,134.0444,134.0444,,,,,,
0,0,BAU,,DWW_N,,,2030,,,,,,,,,,,,,,139.1381,139.1381,,,,,,
0,0,BAU,,DWW_N,,,2031,,,,,,,,,,,,,,144.4254,144.4254,,,,,,
0,0,BAU,,DWW_N,,,2032,,,,,,,,,,,,,,149.9135,149.9135,,,,,,
0,0,BAU,,DWW_N,,,2033,,,,,,,,,,,,,,155.6103,155.6103,,,,,,
0,0,BAU,,DWW_N,,,2034,,,,,,,,,,,,,,161.5234,161.5234,,,,,,
0,0,BAU,,DWW_N,,,2035,,,,,,,,,,,,,,167.6613,167.6613,,,,,,
0,0,BAU,,DWW_N,,,2036,,,,,,,,,,,,,,174.0325,174.0325,,,,,,
0,0,BAU,,DWW_N,,,2037,,,,,,,,,,,,,,180.6457,180.6457,,,,,,
0,0,BAU,,DWW_N,,,2038,,,,,,,,,,,,,,187.5102,187.5102,,,,,,
0,0,BAU,,DWW_N,,,2039,,,,,,,,,,,,,,194.6356,194.6356,,,,,,
0,0,BAU,,DWW_N,,,2040,,,,,,,,,,,,,,202.0318,202.0318,,,,,,
0,0,BAU,,DWW_N,,,2041,,,,,,,,,,,,,,209.709,209.709,,,,,,
0,0,BAU,,DWW_N,,,2042,,,,,,,,,,,,,,217.6779,217.6779,,,,,,
0,0,BAU,,DWW_N,,,2043,,,,,,,,,,,,,,225.9497,225.9497,,,,,,
0,0,BAU,,DWW_N,,,2044,,,,,,,,,,,,,,234.5358,234.5358,,,,,,
0,0,BAU,,DWW_N,,,2045,,,,,,,,,,,,,,243.4481,243.4481,,,,,,
0,0,BAU,,DWW_N,,,2046,,,,,,,,,,,,,,252.6992,252.6992,,,,,,
0,0,BAU,,DWW_N,,,2047,,,,,,,,,,,,,,262.3017,262.3017,,,,,,
0,0,BAU,,DWW_N,,,2048,,,,,,,,,,,,,,272.2692,272.2692,,,,,,
0,0,BAU,,DWW_N,,,2049,,,,,,,,,,,,,,282.6154,282.6154,,,,,,
0,0,BAU,,DWW_N,,,2050,,,,,,,,,,,,,,293.3548,293.3548,,,,,,
0,0,BAU,,IWW,,,2018,,,,,,,,,,,,,,20.5574,20.5574,,,,,,
0,0,BAU,,IWW,,,2019,,,,,,,,,,,,,,10.6769,10.6769,,,,,,
0,0,BAU,,IWW,,,2020,,,,,,,,,,,,,,10.6136,10.6136,,,,,,
0,0,BAU,,IWW,,,2021,,,,,,,,,,,,,,10.5504,10.5504,,,,,,
0,0,BAU,,IWW,,,2022,,,,,,,,,,,,,,10.4872,10.4872,,,,,,
0,0,BAU,,IWW,,,2023,,,,,,,,,,,,,,10.8857,10.8857,,,,,,
0,0,BAU,,IWW,,,2024,,,,,,,,,,,,,,11.2994,11.2994,,,,,,
0,0,BAU,,IWW,,,2025,,,,,,,,,,,,,,11.7287,11.7287,,,,,,
0,0,BAU,,IWW,,,2026,,,,,,,,,,,,,,12.1744,12.1744,,,,,,
0,0,BAU,,IWW,,,2027,,,,,,,,,,,,,,12.6371,12.6371,,,,,,
0,0,BAU,,IWW,,,2028,,,,,,,,,,,,,,13.1173,13.1173,,,,,,
0,0,BAU,,IWW,,,2029,,,,,,,,,,,,,,13.6157,13.6157,,,,,,
0,0,BAU,,IWW,,,2030,,,,,,,,,,,,,,14.1331,14.1331,,,,,,
0,0,BAU,,IWW,,,2031,,,,,,,,,,,,,,14.6702,14.6702,,,,,,
0,0,BAU,,IWW,,,2032,,,,,,,,,,,,,,15.2277,15.2277,,,,,,
0,0,BAU,,IWW,,,2033,,,,,,,,,,,,,,15.8063,15.8063,,,,,,
0,0,BAU,,IWW,,,2034,,,,,,,,,,,,,,16.4069,16.4069,,,,,,
0,0,BAU,,IWW,,,2035,,,,,,,,,,,,,,17.0304,17.0304,,,,,,
0,0,BAU,,IWW,,,2036,,,,,,,,,,,,,,17.6776,17.6776,,,,,,
0,0,BAU,,IWW,,,2037,,,,,,,,,,,,,,18.3493,18.3493,,,,,,
0,0,BAU,,IWW,,,2038,,,,,,,,,,,,,,19.0466,19.0466,,,,,,
0,0,BAU,,IWW,,,2039,,,,,,,,,,,,,,19.7704,19.7704,,,,,,
0,0,BAU,,IWW,,,2040,,,,,,,,,,,,,,20.5216,20.5216,,,,,,
0,0,BAU,,IWW,,,2041,,,,,,,,,,,,,,21.3014,21.3014,,,,,,
0,0,BAU,,IWW,,,2042,,,,,,,,,,,,,,22.1109,22.1109,,,,,,
0,0,BAU,,IWW,,,2043,,,,,,,,,,,,,,22.9511,22.9511,,,,,,
0,0,BAU,,IWW,,,2044,,,,,,,,,,,,,,23.8233,23.8233,,,,,,
0,0,BAU,,IWW,,,2045,,,,,,,,,,,,,,24.7285,24.7285,,,,,,
0,0,BAU,,IWW,,,2046,,,,,,,,,,,,,,25.6682,25.6682,,,,,,
0,0,BAU,,IWW,,,2047,,,,,,,,,,,,,,26.6436,26.6436,,,,,,
0,0,BAU,,IWW,,,2048,,,,,,,,,,,,,,27.6561,27.6561,,,,,,
0,0,BAU,,IWW,,,2049,,,,,,,,,,,,,,28.707,28.707,,,,,,
0,0,BAU,,IWW,,,2050,,,,,,,,,,,,,,29.7979,29.7979,,,,,,
0,0,BAU,,OPEN_BURN,,,2018,,,,,,,,,,,,,,,1.0648,,,,,,
0,0,BAU,,OPEN_BURN,,,2019,,,,,,,,,,,,,,,1.0962,,,,,,
0,0,BAU,,OPEN_BURN,,,2020,,,,,,,,,,,,,,,1.1385,,,,,,
0,0,BAU,,OPEN_BURN,,,2021,,,,,,,,,,,,,,,1.1811,,,,,,
0,0,BAU,,OPEN_BURN,,,2022,,,,,,,,,,,,,,,1.2239,,,,,,
0,0,BAU,,OPEN_BURN,,,2023,,,,,,,,,,,,,,,1.2704,,,,,,
0,0,BAU,,OPEN_BURN,,,2024,,,,,,,,,,,,,,,1.3187,,,,,,
0,0,BAU,,OPEN_BURN,,,2025,,,,,,,,,,,,,,,1.3688,,,,,,
0,0,BAU,,OPEN_BURN,,,2026,,,,,,,,,,,,,,,1.4208,,,,,,
0,0,BAU,,OPEN_BURN,,,2027,,,,,,,,,,,,,,,1.4748,,,,,,
0,0,BAU,,OPEN_BURN,,,2028,,,,,,,,,,,,,,,1.5309,,,,,,
0,0,BAU,,OPEN_BURN,,,2029,,,,,,,,,,,,,,,1.589,,,,,,
0,0,BAU,,OPEN_BURN,,,2030,,,,,,,,,,,,,,,1.6494,,,,,,
0,0,BAU,,OPEN_BURN,,,2031,,,,,,,,,,,,,,,1.7121,,,,,,
0,0,BAU,,OPEN_BURN,,,2032,,,,,,,,,,,,,,,1.7772,,,,,,
0,0,BAU,,OPEN_BURN,,,2033,,,,,,,,,,,,,,,1.8447,,,,,,
0,0,BAU,,OPEN_BURN,,,2034,,,,,,,,,,,,,,,1.9148,,,,,,
0,0,BAU,,OPEN_BURN,,,2035,,,,,,,,,,,,,,,1.9875,,,,,,
0,0,BAU,,OPEN_BURN,,,2036,,,,,,,,,,,,,,,2.0631,,,,,,
0,0,BAU,,OPEN_BURN,,,2037,,,,,,,,,,,,,,,2.1415,,,,,,
0,0,BAU,,OPEN_BURN,,,2038,,,,,,,,,,,,,,,2.2228,,,,,,
0,0,BAU,,OPEN_BURN,,,2039,,,,,,,,,,,,,,,2.3073,,,,,,
0,0,BAU,,OPEN_BURN,,,2040,,,,,,,,,,,,,,,2.395,,,,,,
0,0,BAU,,OPEN_BURN,,,2041,,,,,,,,,,,,,,,2.486,,,,,,
0,0,BAU,,OPEN_BURN,,,2042,,,,,,,,,,,,,,,2.5805,,,,,,
0,0,BAU,,OPEN_BURN,,,2043,,,,,,,,,,,,,,,2.6785,,,,,,
0,0,BAU,,OPEN_BURN,,,2044,,,,,,,,,,,,,,,2.7803,,,,,,
0,0,BAU,,OPEN_BURN,,,2045,,,,,,,,,,,,,,,2.886,,,,,,
0,0,BAU,,OPEN_BURN,,,2046,,,,,,,,,,,,,,,2.9956,,,,,,
0,0,BAU,,OPEN_BURN,,,2047,,,,,,,,,,,,,,,3.1095,,,,,,
0,0,BAU,,OPEN_BURN,,,2048,,,,,,,,,,,,,,,3.2276,,,,,,
0,0,BAU,,OPEN_BURN,,,2049,,,,,,,,,,,,,,,3.3503,,,,,,
0,0,BAU,,OPEN_BURN,,,2050,,,,,,,,,,,,,,,3.4776,,,,,,
0,0,BAU,,OSS_INORG,,,2018,,,,,,,,,,,,,,,0.0,,,,,,
0,0,BAU,,OSS_INORG,,,2019,,,,,,,,,,,,,,,0.0,,,,,,
0,0,BAU,,OSS_INORG,,,2020,,,,,,,,,,,,,,,0.0,,,,,,
0,0,BAU,,OSS_INORG,,,2021,,,,,,,,,,,,,,,0.0,,,,,,
0,0,BAU,,OSS_INORG,,,2022,,,,,,,,,,,,,,,0.0,,,,,,
0,0,BAU,,OSS_INORG,,,2023,,,,,,,,,,,,,,,0.0,,,,,,
0,0,BAU,,OSS_INORG,,,2024,,,,,,,,,,,,,,,0.0,,,,,,
0,0,BAU,,OSS_INORG,,,2025,,,,,,,,,,,,,,,0.0,,,,,,
0,0,BAU,,OSS_INORG,,,2026,,,,,,,,,,,,,,,0.0,,,,,,
0,0,BAU,,OSS_INORG,,,2027,,,,,,,,,,,,,,,0.0,,,,,,
0,0,BAU,,OSS_INORG,,,2028,,,,,,,,,,,,,,,0.0,,,,,,
0,0,BAU,,OSS_INORG,,,2029,,,,,,,,,,,,,,,0.0,,,,,,
0,0,BAU,,OSS_INORG,,,2030,,,,,,,,,,,,,,,0.0,,,,,,
0,0,BAU,,OSS_INORG,,,2031,,,,,,,,,,,,,,,0.0,,,,,,
0,0,BAU,,OSS_INORG,,,2032,,,,,,,,,,,,,,,0.0,,,,,,
0,0,BAU,,OSS_INORG,,,2033,,,,,,,,,,,,,,,0.0,,,,,,
0,0,BAU,,OSS_INORG,,,2034,,,,,,,,,,,,,,,0.0,,,,,,
0,0,BAU,,OSS_INORG,,,2035,,,,,,,,,,,,,,,0.0,,,,,,
0,0,BAU,,OSS_INORG,,,2036,,,,,,,,,,,,,,,0.0,,,,,,
0,0,BAU,,OSS_INORG,,,2037,,,,,,,,,,,,,,,0.0,,,,,,
0,0,BAU,,OSS_INORG,,,2038,,,,,,,,,,,,,,,0.0,,,,,,
0,0,BAU,,OSS_INORG,,,2039,,,,,,,,,,,,,,,0.0,,,,,,
0,0,BAU,,OSS_INORG,,,2040,,,,,,,,,,,,,,,0.0,,,,,,
0,0,BAU,,OSS_INORG,,,2041,,,,,,,,,,,,,,,0.0,,,,,,
0,0,BAU,,OSS_INORG,,,2042,,,,,,,,,,,,,,,0.0,,,,,,
0,0,BAU,,OSS_INORG,,,2043,,,,,,,,,,,,,,,0.0,,,,,,
0,0,BAU,,OSS_INORG,,,2044,,,,,,,,,,,,,,,0.0,,,,,,
0,0,BAU,,OSS_INORG,,,2045,,,,,,,,,,,,,,,0.0,,,,,,
0,0,BAU,,OSS_INORG,,,2046,,,,,,,,,,,,,,,0.0,,,,,,
0,0,BAU,,OSS_INORG,,,2047,,,,,,,,,,,,,,,0.0,,,,,,
0,0,BAU,,OSS_INORG,,,2048,,,,,,,,,,,,,,,0.0,,,,,,
0,0,BAU,,OSS_INORG,,,2049,,,,,,,,,,,,,,,0.0,,,,,,
0,0,BAU,,OSS_INORG,,,2050,,,,,,,,,,,,,,,0.0,,,,,,
0,0,BAU,,OSS_ORG,,,2018,,,,,,,,,,,,,,,0.0,,,,,,
0,0,BAU,,OSS_ORG,,,2019,,,,,,,,,,,,,,,0.0,,,,,,
0,0,BAU,,OSS_ORG,,,2020,,,,,,,,,,,,,,,0.0,,,,,,
0,0,BAU,,OSS_ORG,,,2021,,,,,,,,,,,,,,,0.0,,,,,,
0,0,BAU,,OSS_ORG,,,2022,,,,,,,,,,,,,,,0.0,,,,,,
0,0,BAU,,OSS_ORG,,,2023,,,,,,,,,,,,,,,0.0,,,,,,
0,0,BAU,,OSS_ORG,,,2024,,,,,,,,,,,,,,,0.0,,,,,,
0,0,BAU,,OSS_ORG,,,2025,,,,,,,,,,,,,,,0.0,,,,,,
0,0,BAU,,OSS_ORG,,,2026,,,,,,,,,,,,,,,0.0,,,,,,
0,0,BAU,,OSS_ORG,,,2027,,,,,,,,,,,,,,,0.0,,,,,,
0,0,BAU,,OSS_ORG,,,2028,,,,,,,,,,,,,,,0.0,,,,,,
0,0,BAU,,OSS_ORG,,,2029,,,,,,,,,,,,,,,0.0,,,,,,
0,0,BAU,,OSS_ORG,,,2030,,,,,,,,,,,,,,,0.0,,,,,,
0,0,BAU,,OSS_ORG,,,2031,,,,,,,,,,,,,,,0.0,,,,,,
0,0,BAU,,OSS_ORG,,,2032,,,,,,,,,,,,,,,0.0,,,,,,
0,0,BAU,,OSS_ORG,,,2033,,,,,,,,,,,,,,,0.0,,,,,,
0,0,BAU,,OSS_ORG,,,2034,,,,,,,,,,,,,,,0.0,,,,,,
0,0,BAU,,OSS_ORG,,,2035,,,,,,,,,,,,,,,0.0,,,,,,
0,0,BAU,,OSS_ORG,,,2036,,,,,,,,,,,,,,,0.0,,,,,,
0,0,BAU,,OSS_ORG,,,2037,,,,,,,,,,,,,,,0.0,,,,,,
0,0,BAU,,OSS_ORG,,,2038,,,,,,,,,,,,,,,0.0,,,,,,
0,0,BAU,,OSS_ORG,,,2039,,,,,,,,,,,,,,,0.0,,,,,,
0,0,BAU,,OSS_ORG,,,2040,,,,,,,,,,,,,,,0.0,,,,,,
0,0,BAU,,OSS_ORG,,,2041,,,,,,,,,,,,,,,0.0,,,,,,
0,0,BAU,,OSS_ORG,,,2042,,,,,,,,,,,,,,,0.0,,,,,,
0,0,BAU,,OSS_ORG,,,2043,,,,,,,,,,,,,,,0.0,,,,,,
0,0,BAU,,OSS_ORG,,,2044,,,,,,,,,,,,,,,0.0,,,,,,
0,0,BAU,,OSS_ORG,,,2045,,,,,,,,,,,,,,,0.0,,,,,,
0,0,BAU,,OSS_ORG,,,2046,,,,,,,,,,,,,,,0.0,,,,,,
0,0,BAU,,OSS_ORG,,,2047,,,,,,,,,,,,,,,0.0,,,,,,
0,0,BAU,,OSS_ORG,,,2048,,,,,,,,,,,,,,,0.0,,,,,,
0,0,BAU,,OSS_ORG,,,2049,,,,,,,,,,,,,,,0.0,,,,,,
0,0,BAU,,OSS_ORG,,,2050,,,,,,,,,,,,,,,0.0,,,,,,
0,0,BAU,,NO_OSS_BLEND,,,2018,,,,,,,,,,,,,,,1.8323,,,,,,
0,0,BAU,,NO_OSS_BLEND,,,2019,,,,,,,,,,,,,,,1.9215,,,,,,
0,0,BAU,,NO_OSS_BLEND,,,2020,,,,,,,,,,,,,,,2.0197,,,,,,
0,0,BAU,,NO_OSS_BLEND,,,2021,,,,,,,,,,,,,,,2.1211,,,,,,
0,0,BAU,,NO_OSS_BLEND,,,2022,,,,,,,,,,,,,,,2.2256,,,,,,
0,0,BAU,,NO_OSS_BLEND,,,2023,,,,,,,,,,,,,,,2.3102,,,,,,
0,0,BAU,,NO_OSS_BLEND,,,2024,,,,,,,,,,,,,,,2.398,,,,,,
0,0,BAU,,NO_OSS_BLEND,,,2025,,,,,,,,,,,,,,,2.4891,,,,,,
0,0,BAU,,NO_OSS_BLEND,,,2026,,,,,,,,,,,,,,,2.5836,,,,,,
0,0,BAU,,NO_OSS_BLEND,,,2027,,,,,,,,,,,,,,,2.6818,,,,,,
0,0,BAU,,NO_OSS_BLEND,,,2028,,,,,,,,,,,,,,,2.7838,,,,,,
0,0,BAU,,NO_OSS_BLEND,,,2029,,,,,,,,,,,,,,,2.8896,,,,,,
0,0,BAU,,NO_OSS_BLEND,,,2030,,,,,,,,,,,,,,,2.9994,,,,,,
0,0,BAU,,NO_OSS_BLEND,,,2031,,,,,,,,,,,,,,,3.1134,,,,,,
0,0,BAU,,NO_OSS_BLEND,,,2032,,,,,,,,,,,,,,,3.2316,,,,,,
0,0,BAU,,NO_OSS_BLEND,,,2033,,,,,,,,,,,,,,,3.3544,,,,,,
0,0,BAU,,NO_OSS_BLEND,,,2034,,,,,,,,,,,,,,,3.4819,,,,,,
0,0,BAU,,NO_OSS_BLEND,,,2035,,,,,,,,,,,,,,,3.6142,,,,,,
0,0,BAU,,NO_OSS_BLEND,,,2036,,,,,,,,,,,,,,,3.7516,,,,,,
0,0,BAU,,NO_OSS_BLEND,,,2037,,,,,,,,,,,,,,,3.8941,,,,,,
0,0,BAU,,NO_OSS_BLEND,,,2038,,,,,,,,,,,,,,,4.0421,,,,,,
0,0,BAU,,NO_OSS_BLEND,,,2039,,,,,,,,,,,,,,,4.1957,,,,,,
0,0,BAU,,NO_OSS_BLEND,,,2040,,,,,,,,,,,,,,,4.3551,,,,,,
0,0,BAU,,NO_OSS_BLEND,,,2041,,,,,,,,,,,,,,,4.5206,,,,,,
0,0,BAU,,NO_OSS_BLEND,,,2042,,,,,,,,,,,,,,,4.6924,,,,,,
0,0,BAU,,NO_OSS_BLEND,,,2043,,,,,,,,,,,,,,,4.8707,,,,,,
0,0,BAU,,NO_OSS_BLEND,,,2044,,,,,,,,,,,,,,,5.0558,,,,,,
0,0,BAU,,NO_OSS_BLEND,,,2045,,,,,,,,,,,,,,,5.2479,,,,,,
0,0,BAU,,NO_OSS_BLEND,,,2046,,,,,,,,,,,,,,,5.4473,,,,,,
0,0,BAU,,NO_OSS_BLEND,,,2047,,,,,,,,,,,,,,,5.6543,,,,,,
0,0,BAU,,NO_OSS_BLEND,,,2048,,,,,,,,,,,,,,,5.8692,,,,,,
0,0,BAU,,NO_OSS_BLEND,,,2049,,,,,,,,,,,,,,,6.0922,,,,,,
0,0,BAU,,NO_OSS_BLEND,,,2050,,,,,,,,,,,,,,,6.3237,,,,,,
0,0,BAU,,NO_OSS_NO_COLL,,,2018,,,,,,,,,,,,,,,1.0648,,,,,,
0,0,BAU,,NO_OSS_NO_COLL,,,2019,,,,,,,,,,,,,,,1.0962,,,,,,
0,0,BAU,,NO_OSS_NO_COLL,,,2020,,,,,,,,,,,,,,,1.1385,,,,,,
0,0,BAU,,NO_OSS_NO_COLL,,,2021,,,,,,,,,,,,,,,1.1811,,,,,,
0,0,BAU,,NO_OSS_NO_COLL,,,2022,,,,,,,,,,,,,,,1.2239,,,,,,
0,0,BAU,,NO_OSS_NO_COLL,,,2023,,,,,,,,,,,,,,,1.2704,,,,,,
0,0,BAU,,NO_OSS_NO_COLL,,,2024,,,,,,,,,,,,,,,1.3187,,,,,,
0,0,BAU,,NO_OSS_NO_COLL,,,2025,,,,,,,,,,,,,,,1.3688,,,,,,
0,0,BAU,,NO_OSS_NO_COLL,,,2026,,,,,,,,,,,,,,,1.4208,,,,,,
0,0,BAU,,NO_OSS_NO_COLL,,,2027,,,,,,,,,,,,,,,1.4748,,,,,,
0,0,BAU,,NO_OSS_NO_COLL,,,2028,,,,,,,,,,,,,,,1.5309,,,,,,
0,0,BAU,,NO_OSS_NO_COLL,,,2029,,,,,,,,,,,,,,,1.589,,,,,,
0,0,BAU,,NO_OSS_NO_COLL,,,2030,,,,,,,,,,,,,,,1.6494,,,,,,
0,0,BAU,,NO_OSS_NO_COLL,,,2031,,,,,,,,,,,,,,,1.7121,,,,,,
0,0,BAU,,NO_OSS_NO_COLL,,,2032,,,,,,,,,,,,,,,1.7772,,,,,,
0,0,BAU,,NO_OSS_NO_COLL,,,2033,,,,,,,,,,,,,,,1.8447,,,,,,
0,0,BAU,,NO_OSS_NO_COLL,,,2034,,,,,,,,,,,,,,,1.9148,,,,,,
0,0,BAU,,NO_OSS_NO_COLL,,,2035,,,,,,,,,,,,,,,1.9875,,,,,,
0,0,BAU,,NO_OSS_NO_COLL,,,2036,,,,,,,,,,,,,,,2.0631,,,,,,
0,0,BAU,,NO_OSS_NO_COLL,,,2037,,,,,,,,,,,,,,,2.1415,,,,,,
0,0,BAU,,NO_OSS_NO_COLL,,,2038,,,,,,,,,,,,,,,2.2228,,,,,,
0,0,BAU,,NO_OSS_NO_COLL,,,2039,,,,,,,,,,,,,,,2.3073,,,,,,
0,0,BAU,,NO_OSS_NO_COLL,,,2040,,,,,,,,,,,,,,,2.395,,,,,,
0,0,BAU,,NO_OSS_NO_COLL,,,2041,,,,,,,,,,,,,,,2.486,,,,,,
0,0,BAU,,NO_OSS_NO_COLL,,,2042,,,,,,,,,,,,,,,2.5805,,,,,,
0,0,BAU,,NO_OSS_NO_COLL,,,2043,,,,,,,,,,,,,,,2.6785,,,,,,
0,0,BAU,,NO_OSS_NO_COLL,,,2044,,,,,,,,,,,,,,,2.7803,,,,,,
0,0,BAU,,NO_OSS_NO_COLL,,,2045,,,,,,,,,,,,,,,2.886,,,,,,
0,0,BAU,,NO_OSS_NO_COLL,,,2046,,,,,,,,,,,,,,,2.9956,,,,,,
0,0,BAU,,NO_OSS_NO_COLL,,,2047,,,,,,,,,,,,,,,3.1095,,,,,,
0,0,BAU,,NO_OSS_NO_COLL,,,2048,,,,,,,,,,,,,,,3.2276,,,,,,
0,0,BAU,,NO_OSS_NO_COLL,,,2049,,,,,,,,,,,,,,,3.3503,,,,,,
0,0,BAU,,NO_OSS_NO_COLL,,,2050,,,,,,,,,,,,,,,3.4776,,,,,,
0,0,BAU,,BLEND_NO_COLL,,,2018,,,,,,,,,,,,,,,1.0648,,,,,,
0,0,BAU,,BLEND_NO_COLL,,,2019,,,,,,,,,,,,,,,1.0962,,,,,,
0,0,BAU,,BLEND_NO_COLL,,,2020,,,,,,,,,,,,,,,1.1385,,,,,,
0,0,BAU,,BLEND_NO_COLL,,,2021,,,,,,,,,,,,,,,1.1811,,,,,,
0,0,BAU,,BLEND_NO_COLL,,,2022,,,,,,,,,,,,,,,1.2239,,,,,,
0,0,BAU,,BLEND_NO_COLL,,,2023,,,,,,,,,,,,,,,1.2704,,,,,,
0,0,BAU,,BLEND_NO_COLL,,,2024,,,,,,,,,,,,,,,1.3187,,,,,,
0,0,BAU,,BLEND_NO_COLL,,,2025,,,,,,,,,,,,,,,1.3688,,,,,,
0,0,BAU,,BLEND_NO_COLL,,,2026,,,,,,,,,,,,,,,1.4208,,,,,,
0,0,BAU,,BLEND_NO_COLL,,,2027,,,,,,,,,,,,,,,1.4748,,,,,,
0,0,BAU,,BLEND_NO_COLL,,,2028,,,,,,,,,,,,,,,1.5309,,,,,,
0,0,BAU,,BLEND_NO_COLL,,,2029,,,,,,,,,,,,,,,1.589,,,,,,
0,0,BAU,,BLEND_NO_COLL,,,2030,,,,,,,,,,,,,,,1.6494,,,,,,
0,0,BAU,,BLEND_NO_COLL,,,2031,,,,,,,,,,,,,,,1.7121,,,,,,
0,0,BAU,,BLEND_NO_COLL,,,2032,,,,,,,,,,,,,,,1.7772,,,,,,
0,0,BAU,,BLEND_NO_COLL,,,2033,,,,,,,,,,,,,,,1.8447,,,,,,
0,0,BAU,,BLEND_NO_COLL,,,2034,,,,,,,,,,,,,,,1.9148,,,,,,
0,0,BAU,,BLEND_NO_COLL,,,2035,,,,,,,,,,,,,,,1.9875,,,,,,
0,0,BAU,,BLEND_NO_COLL,,,2036,,,,,,,,,,,,,,,2.0631,,,,,,
0,0,BAU,,BLEND_NO_COLL,,,2037,,,,,,,,,,,,,,,2.1415,,,,,,
0,0,BAU,,BLEND_NO_COLL,,,2038,,,,,,,,,,,,,,,2.2228,,,,,,
0,0,BAU,,BLEND_NO_COLL,,,2039,,,,,,,,,,,,,,,2.3073,,,,,,
0,0,BAU,,BLEND_NO_COLL,,,2040,,,,,,,,,,,,,,,2.395,,,,,,
0,0,BAU,,BLEND_NO_COLL,,,2041,,,,,,,,,,,,,,,2.486,,,,,,
0,0,BAU,,BLEND_NO_COLL,,,2042,,,,,,,,,,,,,,,2.5805,,,,,,
0,0,BAU,,BLEND_NO_COLL,,,2043,,,,,,,,,,,,,,,2.6785,,,,,,
0,0,BAU,,BLEND_NO_COLL,,,2044,,,,,,,,,,,,,,,2.7803,,,,,,
0,0,BAU,,BLEND_NO_COLL,,,2045,,,,,,,,,,,,,,,2.886,,,,,,
0,0,BAU,,BLEND_NO_COLL,,,2046,,,,,,,,,,,,,,,2.9956,,,,,,
0,0,BAU,,BLEND_NO_COLL,,,2047,,,,,,,,,,,,,,,3.1095,,,,,,
0,0,BAU,,BLEND_NO_COLL,,,2048,,,,,,,,,,,,,,,3.2276,,,,,,
0,0,BAU,,BLEND_NO_COLL,,,2049,,,,,,,,,,,,,,,3.3503,,,,,,
0,0,BAU,,BLEND_NO_COLL,,,2050,,,,,,,,,,,,,,,3.4776,,,,,,
0,0,BAU,,INORG_SS,,,2018,,,,,,,,,,,,,,,0.0,,,,,,
0,0,BAU,,INORG_SS,,,2019,,,,,,,,,,,,,,,0.0,,,,,,
0,0,BAU,,INORG_SS,,,2020,,,,,,,,,,,,,,,0.0,,,,,,
0,0,BAU,,INORG_SS,,,2021,,,,,,,,,,,,,,,0.0,,,,,,
0,0,BAU,,INORG_SS,,,2022,,,,,,,,,,,,,,,0.0,,,,,,
0,0,BAU,,INORG_SS,,,2023,,,,,,,,,,,,,,,0.0,,,,,,
0,0,BAU,,INORG_SS,,,2024,,,,,,,,,,,,,,,0.0,,,,,,
0,0,BAU,,INORG_SS,,,2025,,,,,,,,,,,,,,,0.0,,,,,,
0,0,BAU,,INORG_SS,,,2026,,,,,,,,,,,,,,,0.0,,,,,,
0,0,BAU,,INORG_SS,,,2027,,,,,,,,,,,,,,,0.0,,,,,,
0,0,BAU,,INORG_SS,,,2028,,,,,,,,,,,,,,,0.0,,,,,,
0,0,BAU,,INORG_SS,,,2029,,,,,,,,,,,,,,,0.0,,,,,,
0,0,BAU,,INORG_SS,,,2030,,,,,,,,,,,,,,,0.0,,,,,,
0,0,BAU,,INORG_SS,,,2031,,,,,,,,,,,,,,,0.0,,,,,,
0,0,BAU,,INORG_SS,,,2032,,,,,,,,,,,,,,,0.0,,,,,,
0,0,BAU,,INORG_SS,,,2033,,,,,,,,,,,,,,,0.0,,,,,,
0,0,BAU,,INORG_SS,,,2034,,,,,,,,,,,,,,,0.0,,,,,,
0,0,BAU,,INORG_SS,,,2035,,,,,,,,,,,,,,,0.0,,,,,,
0,0,BAU,,INORG_SS,,,2036,,,,,,,,,,,,,,,0.0,,,,,,
0,0,BAU,,INORG_SS,,,2037,,,,,,,,,,,,,,,0.0,,,,,,
0,0,BAU,,INORG_SS,,,2038,,,,,,,,,,,,,,,0.0,,,,,,
0,0,BAU,,INORG_SS,,,2039,,,,,,,,,,,,,,,0.0,,,,,,
0,0,BAU,,INORG_SS,,,2040,,,,,,,,,,,,,,,0.0,,,,,,
0,0,BAU,,INORG_SS,,,2041,,,,,,,,,,,,,,,0.0,,,,,,
0,0,BAU,,INORG_SS,,,2042,,,,,,,,,,,,,,,0.0,,,,,,
0,0,BAU,,INORG_SS,,,2043,,,,,,,,,,,,,,,0.0,,,,,,
0,0,BAU,,INORG_SS,,,2044,,,,,,,,,,,,,,,0.0,,,,,,
0,0,BAU,,INORG_SS,,,2045,,,,,,,,,,,,,,,0.0,,,,,,
0,0,BAU,,INORG_SS,,,2046,,,,,,,,,,,,,,,0.0,,,,,,
0,0,BAU,,INORG_SS,,,2047,,,,,,,,,,,,,,,0.0,,,,,,
0,0,BAU,,INORG_SS,,,2048,,,,,,,,,,,,,,,0.0,,,,,,
0,0,BAU,,INORG_SS,,,2049,,,,,,,,,,,,,,,0.0,,,,,,
0,0,BAU,,INORG_SS,,,2050,,,,,,,,,,,,,,,0.0,,,,,,
0,0,BAU,,ORG_SS,,,2018,,,,,,,,,,,,,,,0.0,,,,,,
0,0,BAU,,ORG_SS,,,2019,,,,,,,,,,,,,,,0.0,,,,,,
0,0,BAU,,ORG_SS,,,2020,,,,,,,,,,,,,,,0.0,,,,,,
0,0,BAU,,ORG_SS,,,2021,,,,,,,,,,,,,,,0.0,,,,,,
0,0,BAU,,ORG_SS,,,2022,,,,,,,,,,,,,,,0.0,,,,,,
0,0,BAU,,ORG_SS,,,2023,,,,,,,,,,,,,,,0.0,,,,,,
0,0,BAU,,ORG_SS,,,2024,,,,,,,,,,,,,,,0.0,,,,,,
0,0,BAU,,ORG_SS,,,2025,,,,,,,,,,,,,,,0.0,,,,,,
0,0,BAU,,ORG_SS,,,2026,,,,,,,,,,,,,,,0.0,,,,,,
0,0,BAU,,ORG_SS,,,2027,,,,,,,,,,,,,,,0.0,,,,,,
0,0,BAU,,ORG_SS,,,2028,,,,,,,,,,,,,,,0.0,,,,,,
0,0,BAU,,ORG_SS,,,2029,,,,,,,,,,,,,,,0.0,,,,,,
0,0,BAU,,ORG_SS,,,2030,,,,,,,,,,,,,,,0.0,,,,,,
0,0,BAU,,ORG_SS,,,2031,,,,,,,,,,,,,,,0.0,,,,,,
0,0,BAU,,ORG_SS,,,2032,,,,,,,,,,,,,,,0.0,,,,,,
0,0,BAU,,ORG_SS,,,2033,,,,,,,,,,,,,,,0.0,,,,,,
0,0,BAU,,ORG_SS,,,2034,,,,,,,,,,,,,,,0.0,,,,,,
0,0,BAU,,ORG_SS,,,2035,,,,,,,,,,,,,,,0.0,,,,,,
0,0,BAU,,ORG_SS,,,2036,,,,,,,,,,,,,,,0.0,,,,,,
0,0,BAU,,ORG_SS,,,2037,,,,,,,,,,,,,,,0.0,,,,,,
0,0,BAU,,ORG_SS,,,2038,,,,,,,,,,,,,,,0.0,,,,,,
0,0,BAU,,ORG_SS,,,2039,,,,,,,,,,,,,,,0.0,,,,,,
0,0,BAU,,ORG_SS,,,2040,,,,,,,,,,,,,,,0.0,,,,,,
0,0,BAU,,ORG_SS,,,2041,,,,,,,,,,,,,,,0.0,,,,,,
0,0,BAU,,ORG_SS,,,2042,,,,,,,,,,,,,,,0.0,,,,,,
0,0,BAU,,ORG_SS,,,2043,,,,,,,,,,,,,,,0.0,,,,,,
0,0,BAU,,ORG_SS,,,2044,,,,,,,,,,,,,,,0.0,,,,,,
0,0,BAU,,ORG_SS,,,2045,,,,,,,,,,,,,,,0.0,,,,,,
0,0,BAU,,ORG_SS,,,2046,,,,,,,,,,,,,,,0.0,,,,,,
0,0,BAU,,ORG_SS,,,2047,,,,,,,,,,,,,,,0.0,,,,,,
0,0,BAU,,ORG_SS,,,2048,,,,,,,,,,,,,,,0.0,,,,,,
0,0,BAU,,ORG_SS,,,2049,,,,,,,,,,,,,,,0.0,,,,,,
0,0,BAU,,ORG_SS,,,2050,,,,,,,,,,,,,,,0.0,,,,,,
0,0,BAU,,NO_SS,,,2018,,,,,,,,,,,,,,,2.8971,,,,,,
0,0,BAU,,NO_SS,,,2019,,,,,,,,,,,,,,,3.0177,,,,,,
0,0,BAU,,NO_SS,,,2020,,,,,,,,,,,,,,,3.1582,,,,,,
0,0,BAU,,NO_SS,,,2021,,,,,,,,,,,,,,,3.3022,,,,,,
0,0,BAU,,NO_SS,,,2022,,,,,,,,,,,,,,,3.4495,,,,,,
0,0,BAU,,NO_SS,,,2023,,,,,,,,,,,,,,,3.5806,,,,,,
0,0,BAU,,NO_SS,,,2024,,,,,,,,,,,,,,,3.7167,,,,,,
0,0,BAU,,NO_SS,,,2025,,,,,,,,,,,,,,,3.8579,,,,,,
0,0,BAU,,NO_SS,,,2026,,,,,,,,,,,,,,,4.0044,,,,,,
0,0,BAU,,NO_SS,,,2027,,,,,,,,,,,,,,,4.1566,,,,,,
0,0,BAU,,NO_SS,,,2028,,,,,,,,,,,,,,,4.3147,,,,,,
0,0,BAU,,NO_SS,,,2029,,,,,,,,,,,,,,,4.4786,,,,,,
0,0,BAU,,NO_SS,,,2030,,,,,,,,,,,,,,,4.6488,,,,,,
0,0,BAU,,NO_SS,,,2031,,,,,,,,,,,,,,,4.8255,,,,,,
0,0,BAU,,NO_SS,,,2032,,,,,,,,,,,,,,,5.0088,,,,,,
0,0,BAU,,NO_SS,,,2033,,,,,,,,,,,,,,,5.1991,,,,,,
0,0,BAU,,NO_SS,,,2034,,,,,,,,,,,,,,,5.3967,,,,,,
0,0,BAU,,NO_SS,,,2035,,,,,,,,,,,,,,,5.6017,,,,,,
0,0,BAU,,NO_SS,,,2036,,,,,,,,,,,,,,,5.8147,,,,,,
0,0,BAU,,NO_SS,,,2037,,,,,,,,,,,,,,,6.0356,,,,,,
0,0,BAU,,NO_SS,,,2038,,,,,,,,,,,,,,,6.2649,,,,,,
0,0,BAU,,NO_SS,,,2039,,,,,,,,,,,,,,,6.503,,,,,,
0,0,BAU,,NO_SS,,,2040,,,,,,,,,,,,,,,6.7501,,,,,,
0,0,BAU,,NO_SS,,,2041,,,,,,,,,,,,,,,7.0066,,,,,,
0,0,BAU,,NO_SS,,,2042,,,,,,,,,,,,,,,7.2729,,,,,,
0,0,BAU,,NO_SS,,,2043,,,,,,,,,,,,,,,7.5492,,,,,,
0,0,BAU,,NO_SS,,,2044,,,,,,,,,,,,,,,7.8361,,,,,,
0,0,BAU,,NO_SS,,,2045,,,,,,,,,,,,,,,8.1339,,,,,,
0,0,BAU,,NO_SS,,,2046,,,,,,,,,,,,,,,8.4429,,,,,,
0,0,BAU,,NO_SS,,,2047,,,,,,,,,,,,,,,8.7638,,,,,,
0,0,BAU,,NO_SS,,,2048,,,,,,,,,,,,,,,9.0968,,,,,,
0,0,BAU,,NO_SS,,,2049,,,,,,,,,,,,,,,9.4425,,,,,,
0,0,BAU,,NO_SS,,,2050,,,,,,,,,,,,,,,9.8013,,,,,,
