PARAMETER,Scenario,REGION,TECHNOLOGY,FUEL,EMISSION,MODE_OF_OPERATION,YEAR,TIMESLICE,SEASON,DAYTYPE,DAILYTIMEBRACKET,STORAGE,Value
EmissionActivityRatio,BAU,RD,DIST_DSL,,CO2e_sources,1,2018,,,,,,0.0743538
EmissionActivityRatio,BAU,RD,DIST_DSL,,CO2e_sources,1,2019,,,,,,0.0743538
EmissionActivityRatio,BAU,RD,DIST_DSL,,CO2e_sources,1,2020,,,,,,0.0743538
EmissionActivityRatio,BAU,RD,DIST_DSL,,CO2e_sources,1,2021,,,,,,0.0743538
EmissionActivityRatio,BAU,RD,DIST_DSL,,CO2e_sources,1,2022,,,,,,0.0743538
EmissionActivityRatio,BAU,RD,DIST_DSL,,CO2e_sources,1,2023,,,,,,0.0743538
EmissionActivityRatio,BAU,RD,DIST_DSL,,CO2e_sources,1,2024,,,,,,0.0743538
EmissionActivityRatio,BAU,RD,DIST_DSL,,CO2e_sources,1,2025,,,,,,0.0743538
EmissionActivityRatio,BAU,RD,DIST_DSL,,CO2e_sources,1,2026,,,,,,0.0743538
EmissionActivityRatio,BAU,RD,DIST_DSL,,CO2e_sources,1,2027,,,,,,0.0743538
EmissionActivityRatio,BAU,RD,DIST_DSL,,CO2e_sources,1,2028,,,,,,0.0743538
EmissionActivityRatio,BAU,RD,DIST_DSL,,CO2e_sources,1,2029,,,,,,0.0743538
EmissionActivityRatio,BAU,RD,DIST_DSL,,CO2e_sources,1,2030,,,,,,0.0743538
EmissionActivityRatio,BAU,RD,DIST_DSL,,CO2e_sources,1,2031,,,,,,0.0743538
EmissionActivityRatio,BAU,RD,DIST_DSL,,CO2e_sources,1,2032,,,,,,0.0743538
EmissionActivityRatio,BAU,RD,DIST_DSL,,CO2e_sources,1,2033,,,,,,0.0743538
EmissionActivityRatio,BAU,RD,DIST_DSL,,CO2e_sources,1,2034,,,,,,0.0743538
EmissionActivityRatio,BAU,RD,DIST_DSL,,CO2e_sources,1,2035,,,,,,0.0743538
EmissionActivityRatio,BAU,RD,DIST_DSL,,CO2e_sources,1,2036,,,,,,0.0743538
EmissionActivityRatio,BAU,RD,DIST_DSL,,CO2e_sources,1,2037,,,,,,0.0743538
EmissionActivityRatio,BAU,RD,DIST_DSL,,CO2e_sources,1,2038,,,,,,0.0743538
EmissionActivityRatio,BAU,RD,DIST_DSL,,CO2e_sources,1,2039,,,,,,0.0743538
EmissionActivityRatio,BAU,RD,DIST_DSL,,CO2e_sources,1,2040,,,,,,0.0743538
EmissionActivityRatio,BAU,RD,DIST_DSL,,CO2e_sources,1,2041,,,,,,0.0743538
EmissionActivityRatio,BAU,RD,DIST_DSL,,CO2e_sources,1,2042,,,,,,0.0743538
EmissionActivityRatio,BAU,RD,DIST_DSL,,CO2e_sources,1,2043,,,,,,0.0743538
EmissionActivityRatio,BAU,RD,DIST_DSL,,CO2e_sources,1,2044,,,,,,0.0743538
EmissionActivityRatio,BAU,RD,DIST_DSL,,CO2e_sources,1,2045,,,,,,0.0743538
EmissionActivityRatio,BAU,RD,DIST_DSL,,CO2e_sources,1,2046,,,,,,0.0743538
EmissionActivityRatio,BAU,RD,DIST_DSL,,CO2e_sources,1,2047,,,,,,0.0743538
EmissionActivityRatio,BAU,RD,DIST_DSL,,CO2e_sources,1,2048,,,,,,0.0743538
EmissionActivityRatio,BAU,RD,DIST_DSL,,CO2e_sources,1,2049,,,,,,0.0743538
EmissionActivityRatio,BAU,RD,DIST_DSL,,CO2e_sources,1,2050,,,,,,0.0743538
EmissionActivityRatio,BAU,RD,DIST_FOI,,CO2e_sources,1,2018,,,,,,0.0774
EmissionActivityRatio,BAU,RD,DIST_FOI,,CO2e_sources,1,2019,,,,,,0.0774
EmissionActivityRatio,BAU,RD,DIST_FOI,,CO2e_sources,1,2020,,,,,,0.0774
EmissionActivityRatio,BAU,RD,DIST_FOI,,CO2e_sources,1,2021,,,,,,0.0774
EmissionActivityRatio,BAU,RD,DIST_FOI,,CO2e_sources,1,2022,,,,,,0.0774
EmissionActivityRatio,BAU,RD,DIST_FOI,,CO2e_sources,1,2023,,,,,,0.0774
EmissionActivityRatio,BAU,RD,DIST_FOI,,CO2e_sources,1,2024,,,,,,0.0774
EmissionActivityRatio,BAU,RD,DIST_FOI,,CO2e_sources,1,2025,,,,,,0.0774
EmissionActivityRatio,BAU,RD,DIST_FOI,,CO2e_sources,1,2026,,,,,,0.0774
EmissionActivityRatio,BAU,RD,DIST_FOI,,CO2e_sources,1,2027,,,,,,0.0774
EmissionActivityRatio,BAU,RD,DIST_FOI,,CO2e_sources,1,2028,,,,,,0.0774
EmissionActivityRatio,BAU,RD,DIST_FOI,,CO2e_sources,1,2029,,,,,,0.0774
EmissionActivityRatio,BAU,RD,DIST_FOI,,CO2e_sources,1,2030,,,,,,0.0774
EmissionActivityRatio,BAU,RD,DIST_FOI,,CO2e_sources,1,2031,,,,,,0.0774
EmissionActivityRatio,BAU,RD,DIST_FOI,,CO2e_sources,1,2032,,,,,,0.0774
EmissionActivityRatio,BAU,RD,DIST_FOI,,CO2e_sources,1,2033,,,,,,0.0774
EmissionActivityRatio,BAU,RD,DIST_FOI,,CO2e_sources,1,2034,,,,,,0.0774
EmissionActivityRatio,BAU,RD,DIST_FOI,,CO2e_sources,1,2035,,,,,,0.0774
EmissionActivityRatio,BAU,RD,DIST_FOI,,CO2e_sources,1,2036,,,,,,0.0774
EmissionActivityRatio,BAU,RD,DIST_FOI,,CO2e_sources,1,2037,,,,,,0.0774
EmissionActivityRatio,BAU,RD,DIST_FOI,,CO2e_sources,1,2038,,,,,,0.0774
EmissionActivityRatio,BAU,RD,DIST_FOI,,CO2e_sources,1,2039,,,,,,0.0774
EmissionActivityRatio,BAU,RD,DIST_FOI,,CO2e_sources,1,2040,,,,,,0.0774
EmissionActivityRatio,BAU,RD,DIST_FOI,,CO2e_sources,1,2041,,,,,,0.0774
EmissionActivityRatio,BAU,RD,DIST_FOI,,CO2e_sources,1,2042,,,,,,0.0774
EmissionActivityRatio,BAU,RD,DIST_FOI,,CO2e_sources,1,2043,,,,,,0.0774
EmissionActivityRatio,BAU,RD,DIST_FOI,,CO2e_sources,1,2044,,,,,,0.0774
EmissionActivityRatio,BAU,RD,DIST_FOI,,CO2e_sources,1,2045,,,,,,0.0774
EmissionActivityRatio,BAU,RD,DIST_FOI,,CO2e_sources,1,2046,,,,,,0.0774
EmissionActivityRatio,BAU,RD,DIST_FOI,,CO2e_sources,1,2047,,,,,,0.0774
EmissionActivityRatio,BAU,RD,DIST_FOI,,CO2e_sources,1,2048,,,,,,0.0774
EmissionActivityRatio,BAU,RD,DIST_FOI,,CO2e_sources,1,2049,,,,,,0.0774
EmissionActivityRatio,BAU,RD,DIST_FOI,,CO2e_sources,1,2050,,,,,,0.0774
EmissionActivityRatio,BAU,RD,DIST_GSL,,CO2e_sources,1,2018,,,,,,0.0695538
EmissionActivityRatio,BAU,RD,DIST_GSL,,CO2e_sources,1,2019,,,,,,0.0695538
EmissionActivityRatio,BAU,RD,DIST_GSL,,CO2e_sources,1,2020,,,,,,0.0695538
EmissionActivityRatio,BAU,RD,DIST_GSL,,CO2e_sources,1,2021,,,,,,0.0695538
EmissionActivityRatio,BAU,RD,DIST_GSL,,CO2e_sources,1,2022,,,,,,0.0695538
EmissionActivityRatio,BAU,RD,DIST_GSL,,CO2e_sources,1,2023,,,,,,0.0695538
EmissionActivityRatio,BAU,RD,DIST_GSL,,CO2e_sources,1,2024,,,,,,0.0695538
EmissionActivityRatio,BAU,RD,DIST_GSL,,CO2e_sources,1,2025,,,,,,0.0695538
EmissionActivityRatio,BAU,RD,DIST_GSL,,CO2e_sources,1,2026,,,,,,0.0695538
EmissionActivityRatio,BAU,RD,DIST_GSL,,CO2e_sources,1,2027,,,,,,0.0695538
EmissionActivityRatio,BAU,RD,DIST_GSL,,CO2e_sources,1,2028,,,,,,0.0695538
EmissionActivityRatio,BAU,RD,DIST_GSL,,CO2e_sources,1,2029,,,,,,0.0695538
EmissionActivityRatio,BAU,RD,DIST_GSL,,CO2e_sources,1,2030,,,,,,0.0695538
EmissionActivityRatio,BAU,RD,DIST_GSL,,CO2e_sources,1,2031,,,,,,0.0695538
EmissionActivityRatio,BAU,RD,DIST_GSL,,CO2e_sources,1,2032,,,,,,0.0695538
EmissionActivityRatio,BAU,RD,DIST_GSL,,CO2e_sources,1,2033,,,,,,0.0695538
EmissionActivityRatio,BAU,RD,DIST_GSL,,CO2e_sources,1,2034,,,,,,0.0695538
EmissionActivityRatio,BAU,RD,DIST_GSL,,CO2e_sources,1,2035,,,,,,0.0695538
EmissionActivityRatio,BAU,RD,DIST_GSL,,CO2e_sources,1,2036,,,,,,0.0695538
EmissionActivityRatio,BAU,RD,DIST_GSL,,CO2e_sources,1,2037,,,,,,0.0695538
EmissionActivityRatio,BAU,RD,DIST_GSL,,CO2e_sources,1,2038,,,,,,0.0695538
EmissionActivityRatio,BAU,RD,DIST_GSL,,CO2e_sources,1,2039,,,,,,0.0695538
EmissionActivityRatio,BAU,RD,DIST_GSL,,CO2e_sources,1,2040,,,,,,0.0695538
EmissionActivityRatio,BAU,RD,DIST_GSL,,CO2e_sources,1,2041,,,,,,0.0695538
EmissionActivityRatio,BAU,RD,DIST_GSL,,CO2e_sources,1,2042,,,,,,0.0695538
EmissionActivityRatio,BAU,RD,DIST_GSL,,CO2e_sources,1,2043,,,,,,0.0695538
EmissionActivityRatio,BAU,RD,DIST_GSL,,CO2e_sources,1,2044,,,,,,0.0695538
EmissionActivityRatio,BAU,RD,DIST_GSL,,CO2e_sources,1,2045,,,,,,0.0695538
EmissionActivityRatio,BAU,RD,DIST_GSL,,CO2e_sources,1,2046,,,,,,0.0695538
EmissionActivityRatio,BAU,RD,DIST_GSL,,CO2e_sources,1,2047,,,,,,0.0695538
EmissionActivityRatio,BAU,RD,DIST_GSL,,CO2e_sources,1,2048,,,,,,0.0695538
EmissionActivityRatio,BAU,RD,DIST_GSL,,CO2e_sources,1,2049,,,,,,0.0695538
EmissionActivityRatio,BAU,RD,DIST_GSL,,CO2e_sources,1,2050,,,,,,0.0695538
EmissionActivityRatio,BAU,RD,DIST_LPG,,CO2e_sources,1,2018,,,,,,0.0631
EmissionActivityRatio,BAU,RD,DIST_LPG,,CO2e_sources,1,2019,,,,,,0.0631
EmissionActivityRatio,BAU,RD,DIST_LPG,,CO2e_sources,1,2020,,,,,,0.0631
EmissionActivityRatio,BAU,RD,DIST_LPG,,CO2e_sources,1,2021,,,,,,0.0631
EmissionActivityRatio,BAU,RD,DIST_LPG,,CO2e_sources,1,2022,,,,,,0.0631
EmissionActivityRatio,BAU,RD,DIST_LPG,,CO2e_sources,1,2023,,,,,,0.0631
EmissionActivityRatio,BAU,RD,DIST_LPG,,CO2e_sources,1,2024,,,,,,0.0631
EmissionActivityRatio,BAU,RD,DIST_LPG,,CO2e_sources,1,2025,,,,,,0.0631
EmissionActivityRatio,BAU,RD,DIST_LPG,,CO2e_sources,1,2026,,,,,,0.0631
EmissionActivityRatio,BAU,RD,DIST_LPG,,CO2e_sources,1,2027,,,,,,0.0631
EmissionActivityRatio,BAU,RD,DIST_LPG,,CO2e_sources,1,2028,,,,,,0.0631
EmissionActivityRatio,BAU,RD,DIST_LPG,,CO2e_sources,1,2029,,,,,,0.0631
EmissionActivityRatio,BAU,RD,DIST_LPG,,CO2e_sources,1,2030,,,,,,0.0631
EmissionActivityRatio,BAU,RD,DIST_LPG,,CO2e_sources,1,2031,,,,,,0.0631
EmissionActivityRatio,BAU,RD,DIST_LPG,,CO2e_sources,1,2032,,,,,,0.0631
EmissionActivityRatio,BAU,RD,DIST_LPG,,CO2e_sources,1,2033,,,,,,0.0631
EmissionActivityRatio,BAU,RD,DIST_LPG,,CO2e_sources,1,2034,,,,,,0.0631
EmissionActivityRatio,BAU,RD,DIST_LPG,,CO2e_sources,1,2035,,,,,,0.0631
EmissionActivityRatio,BAU,RD,DIST_LPG,,CO2e_sources,1,2036,,,,,,0.0631
EmissionActivityRatio,BAU,RD,DIST_LPG,,CO2e_sources,1,2037,,,,,,0.0631
EmissionActivityRatio,BAU,RD,DIST_LPG,,CO2e_sources,1,2038,,,,,,0.0631
EmissionActivityRatio,BAU,RD,DIST_LPG,,CO2e_sources,1,2039,,,,,,0.0631
EmissionActivityRatio,BAU,RD,DIST_LPG,,CO2e_sources,1,2040,,,,,,0.0631
EmissionActivityRatio,BAU,RD,DIST_LPG,,CO2e_sources,1,2041,,,,,,0.0631
EmissionActivityRatio,BAU,RD,DIST_LPG,,CO2e_sources,1,2042,,,,,,0.0631
EmissionActivityRatio,BAU,RD,DIST_LPG,,CO2e_sources,1,2043,,,,,,0.0631
EmissionActivityRatio,BAU,RD,DIST_LPG,,CO2e_sources,1,2044,,,,,,0.0631
EmissionActivityRatio,BAU,RD,DIST_LPG,,CO2e_sources,1,2045,,,,,,0.0631
EmissionActivityRatio,BAU,RD,DIST_LPG,,CO2e_sources,1,2046,,,,,,0.0631
EmissionActivityRatio,BAU,RD,DIST_LPG,,CO2e_sources,1,2047,,,,,,0.0631
EmissionActivityRatio,BAU,RD,DIST_LPG,,CO2e_sources,1,2048,,,,,,0.0631
EmissionActivityRatio,BAU,RD,DIST_LPG,,CO2e_sources,1,2049,,,,,,0.0631
EmissionActivityRatio,BAU,RD,DIST_LPG,,CO2e_sources,1,2050,,,,,,0.0631
EmissionActivityRatio,BAU,RD,DIST_COK,,CO2e_sources,1,2018,,,,,,0.0975
EmissionActivityRatio,BAU,RD,DIST_COK,,CO2e_sources,1,2019,,,,,,0.0975
EmissionActivityRatio,BAU,RD,DIST_COK,,CO2e_sources,1,2020,,,,,,0.0975
EmissionActivityRatio,BAU,RD,DIST_COK,,CO2e_sources,1,2021,,,,,,0.0975
EmissionActivityRatio,BAU,RD,DIST_COK,,CO2e_sources,1,2022,,,,,,0.0975
EmissionActivityRatio,BAU,RD,DIST_COK,,CO2e_sources,1,2023,,,,,,0.0975
EmissionActivityRatio,BAU,RD,DIST_COK,,CO2e_sources,1,2024,,,,,,0.0975
EmissionActivityRatio,BAU,RD,DIST_COK,,CO2e_sources,1,2025,,,,,,0.0975
EmissionActivityRatio,BAU,RD,DIST_COK,,CO2e_sources,1,2026,,,,,,0.0975
EmissionActivityRatio,BAU,RD,DIST_COK,,CO2e_sources,1,2027,,,,,,0.0975
EmissionActivityRatio,BAU,RD,DIST_COK,,CO2e_sources,1,2028,,,,,,0.0975
EmissionActivityRatio,BAU,RD,DIST_COK,,CO2e_sources,1,2029,,,,,,0.0975
EmissionActivityRatio,BAU,RD,DIST_COK,,CO2e_sources,1,2030,,,,,,0.0975
EmissionActivityRatio,BAU,RD,DIST_COK,,CO2e_sources,1,2031,,,,,,0.0975
EmissionActivityRatio,BAU,RD,DIST_COK,,CO2e_sources,1,2032,,,,,,0.0975
EmissionActivityRatio,BAU,RD,DIST_COK,,CO2e_sources,1,2033,,,,,,0.0975
EmissionActivityRatio,BAU,RD,DIST_COK,,CO2e_sources,1,2034,,,,,,0.0975
EmissionActivityRatio,BAU,RD,DIST_COK,,CO2e_sources,1,2035,,,,,,0.0975
EmissionActivityRatio,BAU,RD,DIST_COK,,CO2e_sources,1,2036,,,,,,0.0975
EmissionActivityRatio,BAU,RD,DIST_COK,,CO2e_sources,1,2037,,,,,,0.0975
EmissionActivityRatio,BAU,RD,DIST_COK,,CO2e_sources,1,2038,,,,,,0.0975
EmissionActivityRatio,BAU,RD,DIST_COK,,CO2e_sources,1,2039,,,,,,0.0975
EmissionActivityRatio,BAU,RD,DIST_COK,,CO2e_sources,1,2040,,,,,,0.0975
EmissionActivityRatio,BAU,RD,DIST_COK,,CO2e_sources,1,2041,,,,,,0.0975
EmissionActivityRatio,BAU,RD,DIST_COK,,CO2e_sources,1,2042,,,,,,0.0975
EmissionActivityRatio,BAU,RD,DIST_COK,,CO2e_sources,1,2043,,,,,,0.0975
EmissionActivityRatio,BAU,RD,DIST_COK,,CO2e_sources,1,2044,,,,,,0.0975
EmissionActivityRatio,BAU,RD,DIST_COK,,CO2e_sources,1,2045,,,,,,0.0975
EmissionActivityRatio,BAU,RD,DIST_COK,,CO2e_sources,1,2046,,,,,,0.0975
EmissionActivityRatio,BAU,RD,DIST_COK,,CO2e_sources,1,2047,,,,,,0.0975
EmissionActivityRatio,BAU,RD,DIST_COK,,CO2e_sources,1,2048,,,,,,0.0975
EmissionActivityRatio,BAU,RD,DIST_COK,,CO2e_sources,1,2049,,,,,,0.0975
EmissionActivityRatio,BAU,RD,DIST_COK,,CO2e_sources,1,2050,,,,,,0.0975
EmissionActivityRatio,BAU,RD,DIST_KER,,CO2e_sources,1,2018,,,,,,0.0719
EmissionActivityRatio,BAU,RD,DIST_KER,,CO2e_sources,1,2019,,,,,,0.0719
EmissionActivityRatio,BAU,RD,DIST_KER,,CO2e_sources,1,2020,,,,,,0.0719
EmissionActivityRatio,BAU,RD,DIST_KER,,CO2e_sources,1,2021,,,,,,0.0719
EmissionActivityRatio,BAU,RD,DIST_KER,,CO2e_sources,1,2022,,,,,,0.0719
EmissionActivityRatio,BAU,RD,DIST_KER,,CO2e_sources,1,2023,,,,,,0.0719
EmissionActivityRatio,BAU,RD,DIST_KER,,CO2e_sources,1,2024,,,,,,0.0719
EmissionActivityRatio,BAU,RD,DIST_KER,,CO2e_sources,1,2025,,,,,,0.0719
EmissionActivityRatio,BAU,RD,DIST_KER,,CO2e_sources,1,2026,,,,,,0.0719
EmissionActivityRatio,BAU,RD,DIST_KER,,CO2e_sources,1,2027,,,,,,0.0719
EmissionActivityRatio,BAU,RD,DIST_KER,,CO2e_sources,1,2028,,,,,,0.0719
EmissionActivityRatio,BAU,RD,DIST_KER,,CO2e_sources,1,2029,,,,,,0.0719
EmissionActivityRatio,BAU,RD,DIST_KER,,CO2e_sources,1,2030,,,,,,0.0719
EmissionActivityRatio,BAU,RD,DIST_KER,,CO2e_sources,1,2031,,,,,,0.0719
EmissionActivityRatio,BAU,RD,DIST_KER,,CO2e_sources,1,2032,,,,,,0.0719
EmissionActivityRatio,BAU,RD,DIST_KER,,CO2e_sources,1,2033,,,,,,0.0719
EmissionActivityRatio,BAU,RD,DIST_KER,,CO2e_sources,1,2034,,,,,,0.0719
EmissionActivityRatio,BAU,RD,DIST_KER,,CO2e_sources,1,2035,,,,,,0.0719
EmissionActivityRatio,BAU,RD,DIST_KER,,CO2e_sources,1,2036,,,,,,0.0719
EmissionActivityRatio,BAU,RD,DIST_KER,,CO2e_sources,1,2037,,,,,,0.0719
EmissionActivityRatio,BAU,RD,DIST_KER,,CO2e_sources,1,2038,,,,,,0.0719
EmissionActivityRatio,BAU,RD,DIST_KER,,CO2e_sources,1,2039,,,,,,0.0719
EmissionActivityRatio,BAU,RD,DIST_KER,,CO2e_sources,1,2040,,,,,,0.0719
EmissionActivityRatio,BAU,RD,DIST_KER,,CO2e_sources,1,2041,,,,,,0.0719
EmissionActivityRatio,BAU,RD,DIST_KER,,CO2e_sources,1,2042,,,,,,0.0719
EmissionActivityRatio,BAU,RD,DIST_KER,,CO2e_sources,1,2043,,,,,,0.0719
EmissionActivityRatio,BAU,RD,DIST_KER,,CO2e_sources,1,2044,,,,,,0.0719
EmissionActivityRatio,BAU,RD,DIST_KER,,CO2e_sources,1,2045,,,,,,0.0719
EmissionActivityRatio,BAU,RD,DIST_KER,,CO2e_sources,1,2046,,,,,,0.0719
EmissionActivityRatio,BAU,RD,DIST_KER,,CO2e_sources,1,2047,,,,,,0.0719
EmissionActivityRatio,BAU,RD,DIST_KER,,CO2e_sources,1,2048,,,,,,0.0719
EmissionActivityRatio,BAU,RD,DIST_KER,,CO2e_sources,1,2049,,,,,,0.0719
EmissionActivityRatio,BAU,RD,DIST_KER,,CO2e_sources,1,2050,,,,,,0.0719
EmissionActivityRatio,BAU,RD,DIST_NGS,,CO2e_sources,1,2018,,,,,,0.0561
EmissionActivityRatio,BAU,RD,DIST_NGS,,CO2e_sources,1,2019,,,,,,0.0561
EmissionActivityRatio,BAU,RD,DIST_NGS,,CO2e_sources,1,2020,,,,,,0.0561
EmissionActivityRatio,BAU,RD,DIST_NGS,,CO2e_sources,1,2021,,,,,,0.0561
EmissionActivityRatio,BAU,RD,DIST_NGS,,CO2e_sources,1,2022,,,,,,0.0561
EmissionActivityRatio,BAU,RD,DIST_NGS,,CO2e_sources,1,2023,,,,,,0.0561
EmissionActivityRatio,BAU,RD,DIST_NGS,,CO2e_sources,1,2024,,,,,,0.0561
EmissionActivityRatio,BAU,RD,DIST_NGS,,CO2e_sources,1,2025,,,,,,0.0561
EmissionActivityRatio,BAU,RD,DIST_NGS,,CO2e_sources,1,2026,,,,,,0.0561
EmissionActivityRatio,BAU,RD,DIST_NGS,,CO2e_sources,1,2027,,,,,,0.0561
EmissionActivityRatio,BAU,RD,DIST_NGS,,CO2e_sources,1,2028,,,,,,0.0561
EmissionActivityRatio,BAU,RD,DIST_NGS,,CO2e_sources,1,2029,,,,,,0.0561
EmissionActivityRatio,BAU,RD,DIST_NGS,,CO2e_sources,1,2030,,,,,,0.0561
EmissionActivityRatio,BAU,RD,DIST_NGS,,CO2e_sources,1,2031,,,,,,0.0561
EmissionActivityRatio,BAU,RD,DIST_NGS,,CO2e_sources,1,2032,,,,,,0.0561
EmissionActivityRatio,BAU,RD,DIST_NGS,,CO2e_sources,1,2033,,,,,,0.0561
EmissionActivityRatio,BAU,RD,DIST_NGS,,CO2e_sources,1,2034,,,,,,0.0561
EmissionActivityRatio,BAU,RD,DIST_NGS,,CO2e_sources,1,2035,,,,,,0.0561
EmissionActivityRatio,BAU,RD,DIST_NGS,,CO2e_sources,1,2036,,,,,,0.0561
EmissionActivityRatio,BAU,RD,DIST_NGS,,CO2e_sources,1,2037,,,,,,0.0561
EmissionActivityRatio,BAU,RD,DIST_NGS,,CO2e_sources,1,2038,,,,,,0.0561
EmissionActivityRatio,BAU,RD,DIST_NGS,,CO2e_sources,1,2039,,,,,,0.0561
EmissionActivityRatio,BAU,RD,DIST_NGS,,CO2e_sources,1,2040,,,,,,0.0561
EmissionActivityRatio,BAU,RD,DIST_NGS,,CO2e_sources,1,2041,,,,,,0.0561
EmissionActivityRatio,BAU,RD,DIST_NGS,,CO2e_sources,1,2042,,,,,,0.0561
EmissionActivityRatio,BAU,RD,DIST_NGS,,CO2e_sources,1,2043,,,,,,0.0561
EmissionActivityRatio,BAU,RD,DIST_NGS,,CO2e_sources,1,2044,,,,,,0.0561
EmissionActivityRatio,BAU,RD,DIST_NGS,,CO2e_sources,1,2045,,,,,,0.0561
EmissionActivityRatio,BAU,RD,DIST_NGS,,CO2e_sources,1,2046,,,,,,0.0561
EmissionActivityRatio,BAU,RD,DIST_NGS,,CO2e_sources,1,2047,,,,,,0.0561
EmissionActivityRatio,BAU,RD,DIST_NGS,,CO2e_sources,1,2048,,,,,,0.0561
EmissionActivityRatio,BAU,RD,DIST_NGS,,CO2e_sources,1,2049,,,,,,0.0561
EmissionActivityRatio,BAU,RD,DIST_NGS,,CO2e_sources,1,2050,,,,,,0.0561
EmissionActivityRatio,BAU,RD,DIST_COA,,CO2e_sources,1,2018,,,,,,0.0946
EmissionActivityRatio,BAU,RD,DIST_COA,,CO2e_sources,1,2019,,,,,,0.0946
EmissionActivityRatio,BAU,RD,DIST_COA,,CO2e_sources,1,2020,,,,,,0.0946
EmissionActivityRatio,BAU,RD,DIST_COA,,CO2e_sources,1,2021,,,,,,0.0946
EmissionActivityRatio,BAU,RD,DIST_COA,,CO2e_sources,1,2022,,,,,,0.0946
EmissionActivityRatio,BAU,RD,DIST_COA,,CO2e_sources,1,2023,,,,,,0.0946
EmissionActivityRatio,BAU,RD,DIST_COA,,CO2e_sources,1,2024,,,,,,0.0946
EmissionActivityRatio,BAU,RD,DIST_COA,,CO2e_sources,1,2025,,,,,,0.0946
EmissionActivityRatio,BAU,RD,DIST_COA,,CO2e_sources,1,2026,,,,,,0.0946
EmissionActivityRatio,BAU,RD,DIST_COA,,CO2e_sources,1,2027,,,,,,0.0946
EmissionActivityRatio,BAU,RD,DIST_COA,,CO2e_sources,1,2028,,,,,,0.0946
EmissionActivityRatio,BAU,RD,DIST_COA,,CO2e_sources,1,2029,,,,,,0.0946
EmissionActivityRatio,BAU,RD,DIST_COA,,CO2e_sources,1,2030,,,,,,0.0946
EmissionActivityRatio,BAU,RD,DIST_COA,,CO2e_sources,1,2031,,,,,,0.0946
EmissionActivityRatio,BAU,RD,DIST_COA,,CO2e_sources,1,2032,,,,,,0.0946
EmissionActivityRatio,BAU,RD,DIST_COA,,CO2e_sources,1,2033,,,,,,0.0946
EmissionActivityRatio,BAU,RD,DIST_COA,,CO2e_sources,1,2034,,,,,,0.0946
EmissionActivityRatio,BAU,RD,DIST_COA,,CO2e_sources,1,2035,,,,,,0.0946
EmissionActivityRatio,BAU,RD,DIST_COA,,CO2e_sources,1,2036,,,,,,0.0946
EmissionActivityRatio,BAU,RD,DIST_COA,,CO2e_sources,1,2037,,,,,,0.0946
EmissionActivityRatio,BAU,RD,DIST_COA,,CO2e_sources,1,2038,,,,,,0.0946
EmissionActivityRatio,BAU,RD,DIST_COA,,CO2e_sources,1,2039,,,,,,0.0946
EmissionActivityRatio,BAU,RD,DIST_COA,,CO2e_sources,1,2040,,,,,,0.0946
EmissionActivityRatio,BAU,RD,DIST_COA,,CO2e_sources,1,2041,,,,,,0.0946
EmissionActivityRatio,BAU,RD,DIST_COA,,CO2e_sources,1,2042,,,,,,0.0946
EmissionActivityRatio,BAU,RD,DIST_COA,,CO2e_sources,1,2043,,,,,,0.0946
EmissionActivityRatio,BAU,RD,DIST_COA,,CO2e_sources,1,2044,,,,,,0.0946
EmissionActivityRatio,BAU,RD,DIST_COA,,CO2e_sources,1,2045,,,,,,0.0946
EmissionActivityRatio,BAU,RD,DIST_COA,,CO2e_sources,1,2046,,,,,,0.0946
EmissionActivityRatio,BAU,RD,DIST_COA,,CO2e_sources,1,2047,,,,,,0.0946
EmissionActivityRatio,BAU,RD,DIST_COA,,CO2e_sources,1,2048,,,,,,0.0946
EmissionActivityRatio,BAU,RD,DIST_COA,,CO2e_sources,1,2049,,,,,,0.0946
EmissionActivityRatio,BAU,RD,DIST_COA,,CO2e_sources,1,2050,,,,,,0.0946
EmissionActivityRatio,BAU,RD,PPBIM,,CO2e_PP,1,2018,,,,,,0.0
EmissionActivityRatio,BAU,RD,PPBIM,,CO2e_PP,1,2019,,,,,,0.0
EmissionActivityRatio,BAU,RD,PPBIM,,CO2e_PP,1,2020,,,,,,0.0
EmissionActivityRatio,BAU,RD,PPBIM,,CO2e_PP,1,2021,,,,,,0.0
EmissionActivityRatio,BAU,RD,PPBIM,,CO2e_PP,1,2022,,,,,,0.0
EmissionActivityRatio,BAU,RD,PPBIM,,CO2e_PP,1,2023,,,,,,0.0
EmissionActivityRatio,BAU,RD,PPBIM,,CO2e_PP,1,2024,,,,,,0.0
EmissionActivityRatio,BAU,RD,PPBIM,,CO2e_PP,1,2025,,,,,,0.0
EmissionActivityRatio,BAU,RD,PPBIM,,CO2e_PP,1,2026,,,,,,0.0
EmissionActivityRatio,BAU,RD,PPBIM,,CO2e_PP,1,2027,,,,,,0.0
EmissionActivityRatio,BAU,RD,PPBIM,,CO2e_PP,1,2028,,,,,,0.0
EmissionActivityRatio,BAU,RD,PPBIM,,CO2e_PP,1,2029,,,,,,0.0
EmissionActivityRatio,BAU,RD,PPBIM,,CO2e_PP,1,2030,,,,,,0.0
EmissionActivityRatio,BAU,RD,PPBIM,,CO2e_PP,1,2031,,,,,,0.0
EmissionActivityRatio,BAU,RD,PPBIM,,CO2e_PP,1,2032,,,,,,0.0
EmissionActivityRatio,BAU,RD,PPBIM,,CO2e_PP,1,2033,,,,,,0.0
EmissionActivityRatio,BAU,RD,PPBIM,,CO2e_PP,1,2034,,,,,,0.0
EmissionActivityRatio,BAU,RD,PPBIM,,CO2e_PP,1,2035,,,,,,0.0
EmissionActivityRatio,BAU,RD,PPBIM,,CO2e_PP,1,2036,,,,,,0.0
EmissionActivityRatio,BAU,RD,PPBIM,,CO2e_PP,1,2037,,,,,,0.0
EmissionActivityRatio,BAU,RD,PPBIM,,CO2e_PP,1,2038,,,,,,0.0
EmissionActivityRatio,BAU,RD,PPBIM,,CO2e_PP,1,2039,,,,,,0.0
EmissionActivityRatio,BAU,RD,PPBIM,,CO2e_PP,1,2040,,,,,,0.0
EmissionActivityRatio,BAU,RD,PPBIM,,CO2e_PP,1,2041,,,,,,0.0
EmissionActivityRatio,BAU,RD,PPBIM,,CO2e_PP,1,2042,,,,,,0.0
EmissionActivityRatio,BAU,RD,PPBIM,,CO2e_PP,1,2043,,,,,,0.0
EmissionActivityRatio,BAU,RD,PPBIM,,CO2e_PP,1,2044,,,,,,0.0
EmissionActivityRatio,BAU,RD,PPBIM,,CO2e_PP,1,2045,,,,,,0.0
EmissionActivityRatio,BAU,RD,PPBIM,,CO2e_PP,1,2046,,,,,,0.0
EmissionActivityRatio,BAU,RD,PPBIM,,CO2e_PP,1,2047,,,,,,0.0
EmissionActivityRatio,BAU,RD,PPBIM,,CO2e_PP,1,2048,,,,,,0.0
EmissionActivityRatio,BAU,RD,PPBIM,,CO2e_PP,1,2049,,,,,,0.0
EmissionActivityRatio,BAU,RD,PPBIM,,CO2e_PP,1,2050,,,,,,0.0
EmissionActivityRatio,BAU,RD,PPBGS,,CO2e_PP,1,2018,,,,,,0.0
EmissionActivityRatio,BAU,RD,PPBGS,,CO2e_PP,1,2019,,,,,,0.0
EmissionActivityRatio,BAU,RD,PPBGS,,CO2e_PP,1,2020,,,,,,0.0
EmissionActivityRatio,BAU,RD,PPBGS,,CO2e_PP,1,2021,,,,,,0.0
EmissionActivityRatio,BAU,RD,PPBGS,,CO2e_PP,1,2022,,,,,,0.0
EmissionActivityRatio,BAU,RD,PPBGS,,CO2e_PP,1,2023,,,,,,0.0
EmissionActivityRatio,BAU,RD,PPBGS,,CO2e_PP,1,2024,,,,,,0.0
EmissionActivityRatio,BAU,RD,PPBGS,,CO2e_PP,1,2025,,,,,,0.0
EmissionActivityRatio,BAU,RD,PPBGS,,CO2e_PP,1,2026,,,,,,0.0
EmissionActivityRatio,BAU,RD,PPBGS,,CO2e_PP,1,2027,,,,,,0.0
EmissionActivityRatio,BAU,RD,PPBGS,,CO2e_PP,1,2028,,,,,,0.0
EmissionActivityRatio,BAU,RD,PPBGS,,CO2e_PP,1,2029,,,,,,0.0
EmissionActivityRatio,BAU,RD,PPBGS,,CO2e_PP,1,2030,,,,,,0.0
EmissionActivityRatio,BAU,RD,PPBGS,,CO2e_PP,1,2031,,,,,,0.0
EmissionActivityRatio,BAU,RD,PPBGS,,CO2e_PP,1,2032,,,,,,0.0
EmissionActivityRatio,BAU,RD,PPBGS,,CO2e_PP,1,2033,,,,,,0.0
EmissionActivityRatio,BAU,RD,PPBGS,,CO2e_PP,1,2034,,,,,,0.0
EmissionActivityRatio,BAU,RD,PPBGS,,CO2e_PP,1,2035,,,,,,0.0
EmissionActivityRatio,BAU,RD,PPBGS,,CO2e_PP,1,2036,,,,,,0.0
EmissionActivityRatio,BAU,RD,PPBGS,,CO2e_PP,1,2037,,,,,,0.0
EmissionActivityRatio,BAU,RD,PPBGS,,CO2e_PP,1,2038,,,,,,0.0
EmissionActivityRatio,BAU,RD,PPBGS,,CO2e_PP,1,2039,,,,,,0.0
EmissionActivityRatio,BAU,RD,PPBGS,,CO2e_PP,1,2040,,,,,,0.0
EmissionActivityRatio,BAU,RD,PPBGS,,CO2e_PP,1,2041,,,,,,0.0
EmissionActivityRatio,BAU,RD,PPBGS,,CO2e_PP,1,2042,,,,,,0.0
EmissionActivityRatio,BAU,RD,PPBGS,,CO2e_PP,1,2043,,,,,,0.0
EmissionActivityRatio,BAU,RD,PPBGS,,CO2e_PP,1,2044,,,,,,0.0
EmissionActivityRatio,BAU,RD,PPBGS,,CO2e_PP,1,2045,,,,,,0.0
EmissionActivityRatio,BAU,RD,PPBGS,,CO2e_PP,1,2046,,,,,,0.0
EmissionActivityRatio,BAU,RD,PPBGS,,CO2e_PP,1,2047,,,,,,0.0
EmissionActivityRatio,BAU,RD,PPBGS,,CO2e_PP,1,2048,,,,,,0.0
EmissionActivityRatio,BAU,RD,PPBGS,,CO2e_PP,1,2049,,,,,,0.0
EmissionActivityRatio,BAU,RD,PPBGS,,CO2e_PP,1,2050,,,,,,0.0
EmissionActivityRatio,BAU,RD,PPCOA,,CO2e_PP,1,2018,,,,,,0.3557
EmissionActivityRatio,BAU,RD,PPCOA,,CO2e_PP,1,2019,,,,,,0.3292
EmissionActivityRatio,BAU,RD,PPCOA,,CO2e_PP,1,2020,,,,,,0.2989
EmissionActivityRatio,BAU,RD,PPCOA,,CO2e_PP,1,2021,,,,,,0.2866
EmissionActivityRatio,BAU,RD,PPCOA,,CO2e_PP,1,2022,,,,,,0.2952
EmissionActivityRatio,BAU,RD,PPCOA,,CO2e_PP,1,2023,,,,,,0.2952
EmissionActivityRatio,BAU,RD,PPCOA,,CO2e_PP,1,2024,,,,,,0.2952
EmissionActivityRatio,BAU,RD,PPCOA,,CO2e_PP,1,2025,,,,,,0.2952
EmissionActivityRatio,BAU,RD,PPCOA,,CO2e_PP,1,2026,,,,,,0.2952
EmissionActivityRatio,BAU,RD,PPCOA,,CO2e_PP,1,2027,,,,,,0.2952
EmissionActivityRatio,BAU,RD,PPCOA,,CO2e_PP,1,2028,,,,,,0.2952
EmissionActivityRatio,BAU,RD,PPCOA,,CO2e_PP,1,2029,,,,,,0.2952
EmissionActivityRatio,BAU,RD,PPCOA,,CO2e_PP,1,2030,,,,,,0.2952
EmissionActivityRatio,BAU,RD,PPCOA,,CO2e_PP,1,2031,,,,,,0.2952
EmissionActivityRatio,BAU,RD,PPCOA,,CO2e_PP,1,2032,,,,,,0.2952
EmissionActivityRatio,BAU,RD,PPCOA,,CO2e_PP,1,2033,,,,,,0.2952
EmissionActivityRatio,BAU,RD,PPCOA,,CO2e_PP,1,2034,,,,,,0.2952
EmissionActivityRatio,BAU,RD,PPCOA,,CO2e_PP,1,2035,,,,,,0.2952
EmissionActivityRatio,BAU,RD,PPCOA,,CO2e_PP,1,2036,,,,,,0.2952
EmissionActivityRatio,BAU,RD,PPCOA,,CO2e_PP,1,2037,,,,,,0.2952
EmissionActivityRatio,BAU,RD,PPCOA,,CO2e_PP,1,2038,,,,,,0.2952
EmissionActivityRatio,BAU,RD,PPCOA,,CO2e_PP,1,2039,,,,,,0.2952
EmissionActivityRatio,BAU,RD,PPCOA,,CO2e_PP,1,2040,,,,,,0.2952
EmissionActivityRatio,BAU,RD,PPCOA,,CO2e_PP,1,2041,,,,,,0.2952
EmissionActivityRatio,BAU,RD,PPCOA,,CO2e_PP,1,2042,,,,,,0.2952
EmissionActivityRatio,BAU,RD,PPCOA,,CO2e_PP,1,2043,,,,,,0.2952
EmissionActivityRatio,BAU,RD,PPCOA,,CO2e_PP,1,2044,,,,,,0.2952
EmissionActivityRatio,BAU,RD,PPCOA,,CO2e_PP,1,2045,,,,,,0.2952
EmissionActivityRatio,BAU,RD,PPCOA,,CO2e_PP,1,2046,,,,,,0.2952
EmissionActivityRatio,BAU,RD,PPCOA,,CO2e_PP,1,2047,,,,,,0.2952
EmissionActivityRatio,BAU,RD,PPCOA,,CO2e_PP,1,2048,,,,,,0.2952
EmissionActivityRatio,BAU,RD,PPCOA,,CO2e_PP,1,2049,,,,,,0.2952
EmissionActivityRatio,BAU,RD,PPCOA,,CO2e_PP,1,2050,,,,,,0.2952
EmissionActivityRatio,BAU,RD,PPCCTDSL,,CO2e_PP,1,2018,,,,,,0.1767
EmissionActivityRatio,BAU,RD,PPCCTDSL,,CO2e_PP,1,2019,,,,,,0.1961
EmissionActivityRatio,BAU,RD,PPCCTDSL,,CO2e_PP,1,2020,,,,,,0.2664
EmissionActivityRatio,BAU,RD,PPCCTDSL,,CO2e_PP,1,2021,,,,,,0.4271
EmissionActivityRatio,BAU,RD,PPCCTDSL,,CO2e_PP,1,2022,,,,,,0.489
EmissionActivityRatio,BAU,RD,PPCCTDSL,,CO2e_PP,1,2023,,,,,,0.489
EmissionActivityRatio,BAU,RD,PPCCTDSL,,CO2e_PP,1,2024,,,,,,0.489
EmissionActivityRatio,BAU,RD,PPCCTDSL,,CO2e_PP,1,2025,,,,,,0.489
EmissionActivityRatio,BAU,RD,PPCCTDSL,,CO2e_PP,1,2026,,,,,,0.489
EmissionActivityRatio,BAU,RD,PPCCTDSL,,CO2e_PP,1,2027,,,,,,0.489
EmissionActivityRatio,BAU,RD,PPCCTDSL,,CO2e_PP,1,2028,,,,,,0.489
EmissionActivityRatio,BAU,RD,PPCCTDSL,,CO2e_PP,1,2029,,,,,,0.489
EmissionActivityRatio,BAU,RD,PPCCTDSL,,CO2e_PP,1,2030,,,,,,0.489
EmissionActivityRatio,BAU,RD,PPCCTDSL,,CO2e_PP,1,2031,,,,,,0.489
EmissionActivityRatio,BAU,RD,PPCCTDSL,,CO2e_PP,1,2032,,,,,,0.489
EmissionActivityRatio,BAU,RD,PPCCTDSL,,CO2e_PP,1,2033,,,,,,0.489
EmissionActivityRatio,BAU,RD,PPCCTDSL,,CO2e_PP,1,2034,,,,,,0.489
EmissionActivityRatio,BAU,RD,PPCCTDSL,,CO2e_PP,1,2035,,,,,,0.489
EmissionActivityRatio,BAU,RD,PPCCTDSL,,CO2e_PP,1,2036,,,,,,0.489
EmissionActivityRatio,BAU,RD,PPCCTDSL,,CO2e_PP,1,2037,,,,,,0.489
EmissionActivityRatio,BAU,RD,PPCCTDSL,,CO2e_PP,1,2038,,,,,,0.489
EmissionActivityRatio,BAU,RD,PPCCTDSL,,CO2e_PP,1,2039,,,,,,0.489
EmissionActivityRatio,BAU,RD,PPCCTDSL,,CO2e_PP,1,2040,,,,,,0.489
EmissionActivityRatio,BAU,RD,PPCCTDSL,,CO2e_PP,1,2041,,,,,,0.489
EmissionActivityRatio,BAU,RD,PPCCTDSL,,CO2e_PP,1,2042,,,,,,0.489
EmissionActivityRatio,BAU,RD,PPCCTDSL,,CO2e_PP,1,2043,,,,,,0.489
EmissionActivityRatio,BAU,RD,PPCCTDSL,,CO2e_PP,1,2044,,,,,,0.489
EmissionActivityRatio,BAU,RD,PPCCTDSL,,CO2e_PP,1,2045,,,,,,0.489
EmissionActivityRatio,BAU,RD,PPCCTDSL,,CO2e_PP,1,2046,,,,,,0.489
EmissionActivityRatio,BAU,RD,PPCCTDSL,,CO2e_PP,1,2047,,,,,,0.489
EmissionActivityRatio,BAU,RD,PPCCTDSL,,CO2e_PP,1,2048,,,,,,0.489
EmissionActivityRatio,BAU,RD,PPCCTDSL,,CO2e_PP,1,2049,,,,,,0.489
EmissionActivityRatio,BAU,RD,PPCCTDSL,,CO2e_PP,1,2050,,,,,,0.489
EmissionActivityRatio,BAU,RD,PPCCTNGS,,CO2e_PP,1,2018,,,,,,0.1374
EmissionActivityRatio,BAU,RD,PPCCTNGS,,CO2e_PP,1,2019,,,,,,0.1795
EmissionActivityRatio,BAU,RD,PPCCTNGS,,CO2e_PP,1,2020,,,,,,0.1144
EmissionActivityRatio,BAU,RD,PPCCTNGS,,CO2e_PP,1,2021,,,,,,0.0987
EmissionActivityRatio,BAU,RD,PPCCTNGS,,CO2e_PP,1,2022,,,,,,0.0931
EmissionActivityRatio,BAU,RD,PPCCTNGS,,CO2e_PP,1,2023,,,,,,0.0931
EmissionActivityRatio,BAU,RD,PPCCTNGS,,CO2e_PP,1,2024,,,,,,0.0931
EmissionActivityRatio,BAU,RD,PPCCTNGS,,CO2e_PP,1,2025,,,,,,0.0931
EmissionActivityRatio,BAU,RD,PPCCTNGS,,CO2e_PP,1,2026,,,,,,0.0931
EmissionActivityRatio,BAU,RD,PPCCTNGS,,CO2e_PP,1,2027,,,,,,0.0931
EmissionActivityRatio,BAU,RD,PPCCTNGS,,CO2e_PP,1,2028,,,,,,0.0931
EmissionActivityRatio,BAU,RD,PPCCTNGS,,CO2e_PP,1,2029,,,,,,0.0931
EmissionActivityRatio,BAU,RD,PPCCTNGS,,CO2e_PP,1,2030,,,,,,0.0931
EmissionActivityRatio,BAU,RD,PPCCTNGS,,CO2e_PP,1,2031,,,,,,0.0931
EmissionActivityRatio,BAU,RD,PPCCTNGS,,CO2e_PP,1,2032,,,,,,0.0931
EmissionActivityRatio,BAU,RD,PPCCTNGS,,CO2e_PP,1,2033,,,,,,0.0931
EmissionActivityRatio,BAU,RD,PPCCTNGS,,CO2e_PP,1,2034,,,,,,0.0931
EmissionActivityRatio,BAU,RD,PPCCTNGS,,CO2e_PP,1,2035,,,,,,0.0931
EmissionActivityRatio,BAU,RD,PPCCTNGS,,CO2e_PP,1,2036,,,,,,0.0931
EmissionActivityRatio,BAU,RD,PPCCTNGS,,CO2e_PP,1,2037,,,,,,0.0931
EmissionActivityRatio,BAU,RD,PPCCTNGS,,CO2e_PP,1,2038,,,,,,0.0931
EmissionActivityRatio,BAU,RD,PPCCTNGS,,CO2e_PP,1,2039,,,,,,0.0931
EmissionActivityRatio,BAU,RD,PPCCTNGS,,CO2e_PP,1,2040,,,,,,0.0931
EmissionActivityRatio,BAU,RD,PPCCTNGS,,CO2e_PP,1,2041,,,,,,0.0931
EmissionActivityRatio,BAU,RD,PPCCTNGS,,CO2e_PP,1,2042,,,,,,0.0931
EmissionActivityRatio,BAU,RD,PPCCTNGS,,CO2e_PP,1,2043,,,,,,0.0931
EmissionActivityRatio,BAU,RD,PPCCTNGS,,CO2e_PP,1,2044,,,,,,0.0931
EmissionActivityRatio,BAU,RD,PPCCTNGS,,CO2e_PP,1,2045,,,,,,0.0931
EmissionActivityRatio,BAU,RD,PPCCTNGS,,CO2e_PP,1,2046,,,,,,0.0931
EmissionActivityRatio,BAU,RD,PPCCTNGS,,CO2e_PP,1,2047,,,,,,0.0931
EmissionActivityRatio,BAU,RD,PPCCTNGS,,CO2e_PP,1,2048,,,,,,0.0931
EmissionActivityRatio,BAU,RD,PPCCTNGS,,CO2e_PP,1,2049,,,,,,0.0931
EmissionActivityRatio,BAU,RD,PPCCTNGS,,CO2e_PP,1,2050,,,,,,0.0931
EmissionActivityRatio,BAU,RD,PPCCTNGSDSL,,CO2e_PP,1,2018,,,,,,0.1374
EmissionActivityRatio,BAU,RD,PPCCTNGSDSL,,CO2e_PP,1,2019,,,,,,0.1795
EmissionActivityRatio,BAU,RD,PPCCTNGSDSL,,CO2e_PP,1,2020,,,,,,0.1144
EmissionActivityRatio,BAU,RD,PPCCTNGSDSL,,CO2e_PP,1,2021,,,,,,0.0987
EmissionActivityRatio,BAU,RD,PPCCTNGSDSL,,CO2e_PP,1,2022,,,,,,0.0931
EmissionActivityRatio,BAU,RD,PPCCTNGSDSL,,CO2e_PP,1,2023,,,,,,0.0931
EmissionActivityRatio,BAU,RD,PPCCTNGSDSL,,CO2e_PP,1,2024,,,,,,0.0931
EmissionActivityRatio,BAU,RD,PPCCTNGSDSL,,CO2e_PP,1,2025,,,,,,0.0931
EmissionActivityRatio,BAU,RD,PPCCTNGSDSL,,CO2e_PP,1,2026,,,,,,0.0931
EmissionActivityRatio,BAU,RD,PPCCTNGSDSL,,CO2e_PP,1,2027,,,,,,0.0931
EmissionActivityRatio,BAU,RD,PPCCTNGSDSL,,CO2e_PP,1,2028,,,,,,0.0931
EmissionActivityRatio,BAU,RD,PPCCTNGSDSL,,CO2e_PP,1,2029,,,,,,0.0931
EmissionActivityRatio,BAU,RD,PPCCTNGSDSL,,CO2e_PP,1,2030,,,,,,0.0931
EmissionActivityRatio,BAU,RD,PPCCTNGSDSL,,CO2e_PP,1,2031,,,,,,0.0931
EmissionActivityRatio,BAU,RD,PPCCTNGSDSL,,CO2e_PP,1,2032,,,,,,0.0931
EmissionActivityRatio,BAU,RD,PPCCTNGSDSL,,CO2e_PP,1,2033,,,,,,0.0931
EmissionActivityRatio,BAU,RD,PPCCTNGSDSL,,CO2e_PP,1,2034,,,,,,0.0931
EmissionActivityRatio,BAU,RD,PPCCTNGSDSL,,CO2e_PP,1,2035,,,,,,0.0931
EmissionActivityRatio,BAU,RD,PPCCTNGSDSL,,CO2e_PP,1,2036,,,,,,0.0931
EmissionActivityRatio,BAU,RD,PPCCTNGSDSL,,CO2e_PP,1,2037,,,,,,0.0931
EmissionActivityRatio,BAU,RD,PPCCTNGSDSL,,CO2e_PP,1,2038,,,,,,0.0931
EmissionActivityRatio,BAU,RD,PPCCTNGSDSL,,CO2e_PP,1,2039,,,,,,0.0931
EmissionActivityRatio,BAU,RD,PPCCTNGSDSL,,CO2e_PP,1,2040,,,,,,0.0931
EmissionActivityRatio,BAU,RD,PPCCTNGSDSL,,CO2e_PP,1,2041,,,,,,0.0931
EmissionActivityRatio,BAU,RD,PPCCTNGSDSL,,CO2e_PP,1,2042,,,,,,0.0931
EmissionActivityRatio,BAU,RD,PPCCTNGSDSL,,CO2e_PP,1,2043,,,,,,0.0931
EmissionActivityRatio,BAU,RD,PPCCTNGSDSL,,CO2e_PP,1,2044,,,,,,0.0931
EmissionActivityRatio,BAU,RD,PPCCTNGSDSL,,CO2e_PP,1,2045,,,,,,0.0931
EmissionActivityRatio,BAU,RD,PPCCTNGSDSL,,CO2e_PP,1,2046,,,,,,0.0931
EmissionActivityRatio,BAU,RD,PPCCTNGSDSL,,CO2e_PP,1,2047,,,,,,0.0931
EmissionActivityRatio,BAU,RD,PPCCTNGSDSL,,CO2e_PP,1,2048,,,,,,0.0931
EmissionActivityRatio,BAU,RD,PPCCTNGSDSL,,CO2e_PP,1,2049,,,,,,0.0931
EmissionActivityRatio,BAU,RD,PPCCTNGSDSL,,CO2e_PP,1,2050,,,,,,0.0931
EmissionActivityRatio,BAU,RD,PPCCFOIDSL,,CO2e_PP,1,2018,,,,,,0.0
EmissionActivityRatio,BAU,RD,PPCCFOIDSL,,CO2e_PP,1,2019,,,,,,0.0
EmissionActivityRatio,BAU,RD,PPCCFOIDSL,,CO2e_PP,1,2020,,,,,,0.0
EmissionActivityRatio,BAU,RD,PPCCFOIDSL,,CO2e_PP,1,2021,,,,,,0.0
EmissionActivityRatio,BAU,RD,PPCCFOIDSL,,CO2e_PP,1,2022,,,,,,0.0
EmissionActivityRatio,BAU,RD,PPCCFOIDSL,,CO2e_PP,1,2023,,,,,,0.0
EmissionActivityRatio,BAU,RD,PPCCFOIDSL,,CO2e_PP,1,2024,,,,,,0.0
EmissionActivityRatio,BAU,RD,PPCCFOIDSL,,CO2e_PP,1,2025,,,,,,0.0
EmissionActivityRatio,BAU,RD,PPCCFOIDSL,,CO2e_PP,1,2026,,,,,,0.0
EmissionActivityRatio,BAU,RD,PPCCFOIDSL,,CO2e_PP,1,2027,,,,,,0.0
EmissionActivityRatio,BAU,RD,PPCCFOIDSL,,CO2e_PP,1,2028,,,,,,0.0
EmissionActivityRatio,BAU,RD,PPCCFOIDSL,,CO2e_PP,1,2029,,,,,,0.0
EmissionActivityRatio,BAU,RD,PPCCFOIDSL,,CO2e_PP,1,2030,,,,,,0.0
EmissionActivityRatio,BAU,RD,PPCCFOIDSL,,CO2e_PP,1,2031,,,,,,0.0
EmissionActivityRatio,BAU,RD,PPCCFOIDSL,,CO2e_PP,1,2032,,,,,,0.0
EmissionActivityRatio,BAU,RD,PPCCFOIDSL,,CO2e_PP,1,2033,,,,,,0.0
EmissionActivityRatio,BAU,RD,PPCCFOIDSL,,CO2e_PP,1,2034,,,,,,0.0
EmissionActivityRatio,BAU,RD,PPCCFOIDSL,,CO2e_PP,1,2035,,,,,,0.0
EmissionActivityRatio,BAU,RD,PPCCFOIDSL,,CO2e_PP,1,2036,,,,,,0.0
EmissionActivityRatio,BAU,RD,PPCCFOIDSL,,CO2e_PP,1,2037,,,,,,0.0
EmissionActivityRatio,BAU,RD,PPCCFOIDSL,,CO2e_PP,1,2038,,,,,,0.0
EmissionActivityRatio,BAU,RD,PPCCFOIDSL,,CO2e_PP,1,2039,,,,,,0.0
EmissionActivityRatio,BAU,RD,PPCCFOIDSL,,CO2e_PP,1,2040,,,,,,0.0
EmissionActivityRatio,BAU,RD,PPCCFOIDSL,,CO2e_PP,1,2041,,,,,,0.0
EmissionActivityRatio,BAU,RD,PPCCFOIDSL,,CO2e_PP,1,2042,,,,,,0.0
EmissionActivityRatio,BAU,RD,PPCCFOIDSL,,CO2e_PP,1,2043,,,,,,0.0
EmissionActivityRatio,BAU,RD,PPCCFOIDSL,,CO2e_PP,1,2044,,,,,,0.0
EmissionActivityRatio,BAU,RD,PPCCFOIDSL,,CO2e_PP,1,2045,,,,,,0.0
EmissionActivityRatio,BAU,RD,PPCCFOIDSL,,CO2e_PP,1,2046,,,,,,0.0
EmissionActivityRatio,BAU,RD,PPCCFOIDSL,,CO2e_PP,1,2047,,,,,,0.0
EmissionActivityRatio,BAU,RD,PPCCFOIDSL,,CO2e_PP,1,2048,,,,,,0.0
EmissionActivityRatio,BAU,RD,PPCCFOIDSL,,CO2e_PP,1,2049,,,,,,0.0
EmissionActivityRatio,BAU,RD,PPCCFOIDSL,,CO2e_PP,1,2050,,,,,,0.0
EmissionActivityRatio,BAU,RD,PPICEFOI,,CO2e_PP,1,2018,,,,,,0.1262
EmissionActivityRatio,BAU,RD,PPICEFOI,,CO2e_PP,1,2019,,,,,,0.1416
EmissionActivityRatio,BAU,RD,PPICEFOI,,CO2e_PP,1,2020,,,,,,0.1308
EmissionActivityRatio,BAU,RD,PPICEFOI,,CO2e_PP,1,2021,,,,,,0.1664
EmissionActivityRatio,BAU,RD,PPICEFOI,,CO2e_PP,1,2022,,,,,,0.1703
EmissionActivityRatio,BAU,RD,PPICEFOI,,CO2e_PP,1,2023,,,,,,0.1703
EmissionActivityRatio,BAU,RD,PPICEFOI,,CO2e_PP,1,2024,,,,,,0.1703
EmissionActivityRatio,BAU,RD,PPICEFOI,,CO2e_PP,1,2025,,,,,,0.1703
EmissionActivityRatio,BAU,RD,PPICEFOI,,CO2e_PP,1,2026,,,,,,0.1703
EmissionActivityRatio,BAU,RD,PPICEFOI,,CO2e_PP,1,2027,,,,,,0.1703
EmissionActivityRatio,BAU,RD,PPICEFOI,,CO2e_PP,1,2028,,,,,,0.1703
EmissionActivityRatio,BAU,RD,PPICEFOI,,CO2e_PP,1,2029,,,,,,0.1703
EmissionActivityRatio,BAU,RD,PPICEFOI,,CO2e_PP,1,2030,,,,,,0.1703
EmissionActivityRatio,BAU,RD,PPICEFOI,,CO2e_PP,1,2031,,,,,,0.1703
EmissionActivityRatio,BAU,RD,PPICEFOI,,CO2e_PP,1,2032,,,,,,0.1703
EmissionActivityRatio,BAU,RD,PPICEFOI,,CO2e_PP,1,2033,,,,,,0.1703
EmissionActivityRatio,BAU,RD,PPICEFOI,,CO2e_PP,1,2034,,,,,,0.1703
EmissionActivityRatio,BAU,RD,PPICEFOI,,CO2e_PP,1,2035,,,,,,0.1703
EmissionActivityRatio,BAU,RD,PPICEFOI,,CO2e_PP,1,2036,,,,,,0.1703
EmissionActivityRatio,BAU,RD,PPICEFOI,,CO2e_PP,1,2037,,,,,,0.1703
EmissionActivityRatio,BAU,RD,PPICEFOI,,CO2e_PP,1,2038,,,,,,0.1703
EmissionActivityRatio,BAU,RD,PPICEFOI,,CO2e_PP,1,2039,,,,,,0.1703
EmissionActivityRatio,BAU,RD,PPICEFOI,,CO2e_PP,1,2040,,,,,,0.1703
EmissionActivityRatio,BAU,RD,PPICEFOI,,CO2e_PP,1,2041,,,,,,0.1703
EmissionActivityRatio,BAU,RD,PPICEFOI,,CO2e_PP,1,2042,,,,,,0.1703
EmissionActivityRatio,BAU,RD,PPICEFOI,,CO2e_PP,1,2043,,,,,,0.1703
EmissionActivityRatio,BAU,RD,PPICEFOI,,CO2e_PP,1,2044,,,,,,0.1703
EmissionActivityRatio,BAU,RD,PPICEFOI,,CO2e_PP,1,2045,,,,,,0.1703
EmissionActivityRatio,BAU,RD,PPICEFOI,,CO2e_PP,1,2046,,,,,,0.1703
EmissionActivityRatio,BAU,RD,PPICEFOI,,CO2e_PP,1,2047,,,,,,0.1703
EmissionActivityRatio,BAU,RD,PPICEFOI,,CO2e_PP,1,2048,,,,,,0.1703
EmissionActivityRatio,BAU,RD,PPICEFOI,,CO2e_PP,1,2049,,,,,,0.1703
EmissionActivityRatio,BAU,RD,PPICEFOI,,CO2e_PP,1,2050,,,,,,0.1703
EmissionActivityRatio,BAU,RD,PPICEGASFOI,,CO2e_PP,1,2018,,,,,,0.1374
EmissionActivityRatio,BAU,RD,PPICEGASFOI,,CO2e_PP,1,2019,,,,,,0.1795
EmissionActivityRatio,BAU,RD,PPICEGASFOI,,CO2e_PP,1,2020,,,,,,0.1144
EmissionActivityRatio,BAU,RD,PPICEGASFOI,,CO2e_PP,1,2021,,,,,,0.0987
EmissionActivityRatio,BAU,RD,PPICEGASFOI,,CO2e_PP,1,2022,,,,,,0.0931
EmissionActivityRatio,BAU,RD,PPICEGASFOI,,CO2e_PP,1,2023,,,,,,0.0931
EmissionActivityRatio,BAU,RD,PPICEGASFOI,,CO2e_PP,1,2024,,,,,,0.0931
EmissionActivityRatio,BAU,RD,PPICEGASFOI,,CO2e_PP,1,2025,,,,,,0.0931
EmissionActivityRatio,BAU,RD,PPICEGASFOI,,CO2e_PP,1,2026,,,,,,0.0931
EmissionActivityRatio,BAU,RD,PPICEGASFOI,,CO2e_PP,1,2027,,,,,,0.0931
EmissionActivityRatio,BAU,RD,PPICEGASFOI,,CO2e_PP,1,2028,,,,,,0.0931
EmissionActivityRatio,BAU,RD,PPICEGASFOI,,CO2e_PP,1,2029,,,,,,0.0931
EmissionActivityRatio,BAU,RD,PPICEGASFOI,,CO2e_PP,1,2030,,,,,,0.0931
EmissionActivityRatio,BAU,RD,PPICEGASFOI,,CO2e_PP,1,2031,,,,,,0.0931
EmissionActivityRatio,BAU,RD,PPICEGASFOI,,CO2e_PP,1,2032,,,,,,0.0931
EmissionActivityRatio,BAU,RD,PPICEGASFOI,,CO2e_PP,1,2033,,,,,,0.0931
EmissionActivityRatio,BAU,RD,PPICEGASFOI,,CO2e_PP,1,2034,,,,,,0.0931
EmissionActivityRatio,BAU,RD,PPICEGASFOI,,CO2e_PP,1,2035,,,,,,0.0931
EmissionActivityRatio,BAU,RD,PPICEGASFOI,,CO2e_PP,1,2036,,,,,,0.0931
EmissionActivityRatio,BAU,RD,PPICEGASFOI,,CO2e_PP,1,2037,,,,,,0.0931
EmissionActivityRatio,BAU,RD,PPICEGASFOI,,CO2e_PP,1,2038,,,,,,0.0931
EmissionActivityRatio,BAU,RD,PPICEGASFOI,,CO2e_PP,1,2039,,,,,,0.0931
EmissionActivityRatio,BAU,RD,PPICEGASFOI,,CO2e_PP,1,2040,,,,,,0.0931
EmissionActivityRatio,BAU,RD,PPICEGASFOI,,CO2e_PP,1,2041,,,,,,0.0931
EmissionActivityRatio,BAU,RD,PPICEGASFOI,,CO2e_PP,1,2042,,,,,,0.0931
EmissionActivityRatio,BAU,RD,PPICEGASFOI,,CO2e_PP,1,2043,,,,,,0.0931
EmissionActivityRatio,BAU,RD,PPICEGASFOI,,CO2e_PP,1,2044,,,,,,0.0931
EmissionActivityRatio,BAU,RD,PPICEGASFOI,,CO2e_PP,1,2045,,,,,,0.0931
EmissionActivityRatio,BAU,RD,PPICEGASFOI,,CO2e_PP,1,2046,,,,,,0.0931
EmissionActivityRatio,BAU,RD,PPICEGASFOI,,CO2e_PP,1,2047,,,,,,0.0931
EmissionActivityRatio,BAU,RD,PPICEGASFOI,,CO2e_PP,1,2048,,,,,,0.0931
EmissionActivityRatio,BAU,RD,PPICEGASFOI,,CO2e_PP,1,2049,,,,,,0.0931
EmissionActivityRatio,BAU,RD,PPICEGASFOI,,CO2e_PP,1,2050,,,,,,0.0931
EmissionActivityRatio,BAU,RD,PPADSL,,CO2e_PP,1,2018,,,,,,0.2193
EmissionActivityRatio,BAU,RD,PPADSL,,CO2e_PP,1,2019,,,,,,0.1822
EmissionActivityRatio,BAU,RD,PPADSL,,CO2e_PP,1,2020,,,,,,0.1762
EmissionActivityRatio,BAU,RD,PPADSL,,CO2e_PP,1,2021,,,,,,0.1844
EmissionActivityRatio,BAU,RD,PPADSL,,CO2e_PP,1,2022,,,,,,0.1874
EmissionActivityRatio,BAU,RD,PPADSL,,CO2e_PP,1,2023,,,,,,0.1874
EmissionActivityRatio,BAU,RD,PPADSL,,CO2e_PP,1,2024,,,,,,0.1874
EmissionActivityRatio,BAU,RD,PPADSL,,CO2e_PP,1,2025,,,,,,0.1874
EmissionActivityRatio,BAU,RD,PPADSL,,CO2e_PP,1,2026,,,,,,0.1874
EmissionActivityRatio,BAU,RD,PPADSL,,CO2e_PP,1,2027,,,,,,0.1874
EmissionActivityRatio,BAU,RD,PPADSL,,CO2e_PP,1,2028,,,,,,0.1874
EmissionActivityRatio,BAU,RD,PPADSL,,CO2e_PP,1,2029,,,,,,0.1874
EmissionActivityRatio,BAU,RD,PPADSL,,CO2e_PP,1,2030,,,,,,0.1874
EmissionActivityRatio,BAU,RD,PPADSL,,CO2e_PP,1,2031,,,,,,0.1874
EmissionActivityRatio,BAU,RD,PPADSL,,CO2e_PP,1,2032,,,,,,0.1874
EmissionActivityRatio,BAU,RD,PPADSL,,CO2e_PP,1,2033,,,,,,0.1874
EmissionActivityRatio,BAU,RD,PPADSL,,CO2e_PP,1,2034,,,,,,0.1874
EmissionActivityRatio,BAU,RD,PPADSL,,CO2e_PP,1,2035,,,,,,0.1874
EmissionActivityRatio,BAU,RD,PPADSL,,CO2e_PP,1,2036,,,,,,0.1874
EmissionActivityRatio,BAU,RD,PPADSL,,CO2e_PP,1,2037,,,,,,0.1874
EmissionActivityRatio,BAU,RD,PPADSL,,CO2e_PP,1,2038,,,,,,0.1874
EmissionActivityRatio,BAU,RD,PPADSL,,CO2e_PP,1,2039,,,,,,0.1874
EmissionActivityRatio,BAU,RD,PPADSL,,CO2e_PP,1,2040,,,,,,0.1874
EmissionActivityRatio,BAU,RD,PPADSL,,CO2e_PP,1,2041,,,,,,0.1874
EmissionActivityRatio,BAU,RD,PPADSL,,CO2e_PP,1,2042,,,,,,0.1874
EmissionActivityRatio,BAU,RD,PPADSL,,CO2e_PP,1,2043,,,,,,0.1874
EmissionActivityRatio,BAU,RD,PPADSL,,CO2e_PP,1,2044,,,,,,0.1874
EmissionActivityRatio,BAU,RD,PPADSL,,CO2e_PP,1,2045,,,,,,0.1874
EmissionActivityRatio,BAU,RD,PPADSL,,CO2e_PP,1,2046,,,,,,0.1874
EmissionActivityRatio,BAU,RD,PPADSL,,CO2e_PP,1,2047,,,,,,0.1874
EmissionActivityRatio,BAU,RD,PPADSL,,CO2e_PP,1,2048,,,,,,0.1874
EmissionActivityRatio,BAU,RD,PPADSL,,CO2e_PP,1,2049,,,,,,0.1874
EmissionActivityRatio,BAU,RD,PPADSL,,CO2e_PP,1,2050,,,,,,0.1874
EmissionActivityRatio,BAU,RD,PPAFOI,,CO2e_PP,1,2018,,,,,,0.2283
EmissionActivityRatio,BAU,RD,PPAFOI,,CO2e_PP,1,2019,,,,,,0.1896
EmissionActivityRatio,BAU,RD,PPAFOI,,CO2e_PP,1,2020,,,,,,0.1834
EmissionActivityRatio,BAU,RD,PPAFOI,,CO2e_PP,1,2021,,,,,,0.192
EmissionActivityRatio,BAU,RD,PPAFOI,,CO2e_PP,1,2022,,,,,,0.195
EmissionActivityRatio,BAU,RD,PPAFOI,,CO2e_PP,1,2023,,,,,,0.195
EmissionActivityRatio,BAU,RD,PPAFOI,,CO2e_PP,1,2024,,,,,,0.195
EmissionActivityRatio,BAU,RD,PPAFOI,,CO2e_PP,1,2025,,,,,,0.195
EmissionActivityRatio,BAU,RD,PPAFOI,,CO2e_PP,1,2026,,,,,,0.195
EmissionActivityRatio,BAU,RD,PPAFOI,,CO2e_PP,1,2027,,,,,,0.195
EmissionActivityRatio,BAU,RD,PPAFOI,,CO2e_PP,1,2028,,,,,,0.195
EmissionActivityRatio,BAU,RD,PPAFOI,,CO2e_PP,1,2029,,,,,,0.195
EmissionActivityRatio,BAU,RD,PPAFOI,,CO2e_PP,1,2030,,,,,,0.195
EmissionActivityRatio,BAU,RD,PPAFOI,,CO2e_PP,1,2031,,,,,,0.195
EmissionActivityRatio,BAU,RD,PPAFOI,,CO2e_PP,1,2032,,,,,,0.195
EmissionActivityRatio,BAU,RD,PPAFOI,,CO2e_PP,1,2033,,,,,,0.195
EmissionActivityRatio,BAU,RD,PPAFOI,,CO2e_PP,1,2034,,,,,,0.195
EmissionActivityRatio,BAU,RD,PPAFOI,,CO2e_PP,1,2035,,,,,,0.195
EmissionActivityRatio,BAU,RD,PPAFOI,,CO2e_PP,1,2036,,,,,,0.195
EmissionActivityRatio,BAU,RD,PPAFOI,,CO2e_PP,1,2037,,,,,,0.195
EmissionActivityRatio,BAU,RD,PPAFOI,,CO2e_PP,1,2038,,,,,,0.195
EmissionActivityRatio,BAU,RD,PPAFOI,,CO2e_PP,1,2039,,,,,,0.195
EmissionActivityRatio,BAU,RD,PPAFOI,,CO2e_PP,1,2040,,,,,,0.195
EmissionActivityRatio,BAU,RD,PPAFOI,,CO2e_PP,1,2041,,,,,,0.195
EmissionActivityRatio,BAU,RD,PPAFOI,,CO2e_PP,1,2042,,,,,,0.195
EmissionActivityRatio,BAU,RD,PPAFOI,,CO2e_PP,1,2043,,,,,,0.195
EmissionActivityRatio,BAU,RD,PPAFOI,,CO2e_PP,1,2044,,,,,,0.195
EmissionActivityRatio,BAU,RD,PPAFOI,,CO2e_PP,1,2045,,,,,,0.195
EmissionActivityRatio,BAU,RD,PPAFOI,,CO2e_PP,1,2046,,,,,,0.195
EmissionActivityRatio,BAU,RD,PPAFOI,,CO2e_PP,1,2047,,,,,,0.195
EmissionActivityRatio,BAU,RD,PPAFOI,,CO2e_PP,1,2048,,,,,,0.195
EmissionActivityRatio,BAU,RD,PPAFOI,,CO2e_PP,1,2049,,,,,,0.195
EmissionActivityRatio,BAU,RD,PPAFOI,,CO2e_PP,1,2050,,,,,,0.195
EmissionActivityRatio,BAU,RD,PPANGS,,CO2e_PP,1,2018,,,,,,0.1386
EmissionActivityRatio,BAU,RD,PPANGS,,CO2e_PP,1,2019,,,,,,0.1251
EmissionActivityRatio,BAU,RD,PPANGS,,CO2e_PP,1,2020,,,,,,0.1251
EmissionActivityRatio,BAU,RD,PPANGS,,CO2e_PP,1,2021,,,,,,0.1268
EmissionActivityRatio,BAU,RD,PPANGS,,CO2e_PP,1,2022,,,,,,0.1251
EmissionActivityRatio,BAU,RD,PPANGS,,CO2e_PP,1,2023,,,,,,0.1251
EmissionActivityRatio,BAU,RD,PPANGS,,CO2e_PP,1,2024,,,,,,0.1251
EmissionActivityRatio,BAU,RD,PPANGS,,CO2e_PP,1,2025,,,,,,0.1251
EmissionActivityRatio,BAU,RD,PPANGS,,CO2e_PP,1,2026,,,,,,0.1251
EmissionActivityRatio,BAU,RD,PPANGS,,CO2e_PP,1,2027,,,,,,0.1251
EmissionActivityRatio,BAU,RD,PPANGS,,CO2e_PP,1,2028,,,,,,0.1251
EmissionActivityRatio,BAU,RD,PPANGS,,CO2e_PP,1,2029,,,,,,0.1251
EmissionActivityRatio,BAU,RD,PPANGS,,CO2e_PP,1,2030,,,,,,0.1251
EmissionActivityRatio,BAU,RD,PPANGS,,CO2e_PP,1,2031,,,,,,0.1251
EmissionActivityRatio,BAU,RD,PPANGS,,CO2e_PP,1,2032,,,,,,0.1251
EmissionActivityRatio,BAU,RD,PPANGS,,CO2e_PP,1,2033,,,,,,0.1251
EmissionActivityRatio,BAU,RD,PPANGS,,CO2e_PP,1,2034,,,,,,0.1251
EmissionActivityRatio,BAU,RD,PPANGS,,CO2e_PP,1,2035,,,,,,0.1251
EmissionActivityRatio,BAU,RD,PPANGS,,CO2e_PP,1,2036,,,,,,0.1251
EmissionActivityRatio,BAU,RD,PPANGS,,CO2e_PP,1,2037,,,,,,0.1251
EmissionActivityRatio,BAU,RD,PPANGS,,CO2e_PP,1,2038,,,,,,0.1251
EmissionActivityRatio,BAU,RD,PPANGS,,CO2e_PP,1,2039,,,,,,0.1251
EmissionActivityRatio,BAU,RD,PPANGS,,CO2e_PP,1,2040,,,,,,0.1251
EmissionActivityRatio,BAU,RD,PPANGS,,CO2e_PP,1,2041,,,,,,0.1251
EmissionActivityRatio,BAU,RD,PPANGS,,CO2e_PP,1,2042,,,,,,0.1251
EmissionActivityRatio,BAU,RD,PPANGS,,CO2e_PP,1,2043,,,,,,0.1251
EmissionActivityRatio,BAU,RD,PPANGS,,CO2e_PP,1,2044,,,,,,0.1251
EmissionActivityRatio,BAU,RD,PPANGS,,CO2e_PP,1,2045,,,,,,0.1251
EmissionActivityRatio,BAU,RD,PPANGS,,CO2e_PP,1,2046,,,,,,0.1251
EmissionActivityRatio,BAU,RD,PPANGS,,CO2e_PP,1,2047,,,,,,0.1251
EmissionActivityRatio,BAU,RD,PPANGS,,CO2e_PP,1,2048,,,,,,0.1251
EmissionActivityRatio,BAU,RD,PPANGS,,CO2e_PP,1,2049,,,,,,0.1251
EmissionActivityRatio,BAU,RD,PPANGS,,CO2e_PP,1,2050,,,,,,0.1251
EmissionActivityRatio,BAU,RD,PPDDSL,,CO2e_AP,1,2018,,,,,,0.2706
EmissionActivityRatio,BAU,RD,PPDDSL,,CO2e_AP,1,2019,,,,,,0.2796
EmissionActivityRatio,BAU,RD,PPDDSL,,CO2e_AP,1,2020,,,,,,0.4603
EmissionActivityRatio,BAU,RD,PPDDSL,,CO2e_AP,1,2021,,,,,,0.5353
EmissionActivityRatio,BAU,RD,PPDDSL,,CO2e_AP,1,2022,,,,,,0.6476
EmissionActivityRatio,BAU,RD,PPDDSL,,CO2e_AP,1,2023,,,,,,0.6476
EmissionActivityRatio,BAU,RD,PPDDSL,,CO2e_AP,1,2024,,,,,,0.6476
EmissionActivityRatio,BAU,RD,PPDDSL,,CO2e_AP,1,2025,,,,,,0.6476
EmissionActivityRatio,BAU,RD,PPDDSL,,CO2e_AP,1,2026,,,,,,0.6476
EmissionActivityRatio,BAU,RD,PPDDSL,,CO2e_AP,1,2027,,,,,,0.6476
EmissionActivityRatio,BAU,RD,PPDDSL,,CO2e_AP,1,2028,,,,,,0.6476
EmissionActivityRatio,BAU,RD,PPDDSL,,CO2e_AP,1,2029,,,,,,0.6476
EmissionActivityRatio,BAU,RD,PPDDSL,,CO2e_AP,1,2030,,,,,,0.6476
EmissionActivityRatio,BAU,RD,PPDDSL,,CO2e_AP,1,2031,,,,,,0.6476
EmissionActivityRatio,BAU,RD,PPDDSL,,CO2e_AP,1,2032,,,,,,0.6476
EmissionActivityRatio,BAU,RD,PPDDSL,,CO2e_AP,1,2033,,,,,,0.6476
EmissionActivityRatio,BAU,RD,PPDDSL,,CO2e_AP,1,2034,,,,,,0.6476
EmissionActivityRatio,BAU,RD,PPDDSL,,CO2e_AP,1,2035,,,,,,0.6476
EmissionActivityRatio,BAU,RD,PPDDSL,,CO2e_AP,1,2036,,,,,,0.6476
EmissionActivityRatio,BAU,RD,PPDDSL,,CO2e_AP,1,2037,,,,,,0.6476
EmissionActivityRatio,BAU,RD,PPDDSL,,CO2e_AP,1,2038,,,,,,0.6476
EmissionActivityRatio,BAU,RD,PPDDSL,,CO2e_AP,1,2039,,,,,,0.6476
EmissionActivityRatio,BAU,RD,PPDDSL,,CO2e_AP,1,2040,,,,,,0.6476
EmissionActivityRatio,BAU,RD,PPDDSL,,CO2e_AP,1,2041,,,,,,0.6476
EmissionActivityRatio,BAU,RD,PPDDSL,,CO2e_AP,1,2042,,,,,,0.6476
EmissionActivityRatio,BAU,RD,PPDDSL,,CO2e_AP,1,2043,,,,,,0.6476
EmissionActivityRatio,BAU,RD,PPDDSL,,CO2e_AP,1,2044,,,,,,0.6476
EmissionActivityRatio,BAU,RD,PPDDSL,,CO2e_AP,1,2045,,,,,,0.6476
EmissionActivityRatio,BAU,RD,PPDDSL,,CO2e_AP,1,2046,,,,,,0.6476
EmissionActivityRatio,BAU,RD,PPDDSL,,CO2e_AP,1,2047,,,,,,0.6476
EmissionActivityRatio,BAU,RD,PPDDSL,,CO2e_AP,1,2048,,,,,,0.6476
EmissionActivityRatio,BAU,RD,PPDDSL,,CO2e_AP,1,2049,,,,,,0.6476
EmissionActivityRatio,BAU,RD,PPDDSL,,CO2e_AP,1,2050,,,,,,0.6476
EmissionActivityRatio,BAU,RD,PPDFOI,,CO2e_AP,1,2018,,,,,,0.2817
EmissionActivityRatio,BAU,RD,PPDFOI,,CO2e_AP,1,2019,,,,,,0.291
EmissionActivityRatio,BAU,RD,PPDFOI,,CO2e_AP,1,2020,,,,,,0.4791
EmissionActivityRatio,BAU,RD,PPDFOI,,CO2e_AP,1,2021,,,,,,0.5573
EmissionActivityRatio,BAU,RD,PPDFOI,,CO2e_AP,1,2022,,,,,,0.6742
EmissionActivityRatio,BAU,RD,PPDFOI,,CO2e_AP,1,2023,,,,,,0.6742
EmissionActivityRatio,BAU,RD,PPDFOI,,CO2e_AP,1,2024,,,,,,0.6742
EmissionActivityRatio,BAU,RD,PPDFOI,,CO2e_AP,1,2025,,,,,,0.6742
EmissionActivityRatio,BAU,RD,PPDFOI,,CO2e_AP,1,2026,,,,,,0.6742
EmissionActivityRatio,BAU,RD,PPDFOI,,CO2e_AP,1,2027,,,,,,0.6742
EmissionActivityRatio,BAU,RD,PPDFOI,,CO2e_AP,1,2028,,,,,,0.6742
EmissionActivityRatio,BAU,RD,PPDFOI,,CO2e_AP,1,2029,,,,,,0.6742
EmissionActivityRatio,BAU,RD,PPDFOI,,CO2e_AP,1,2030,,,,,,0.6742
EmissionActivityRatio,BAU,RD,PPDFOI,,CO2e_AP,1,2031,,,,,,0.6742
EmissionActivityRatio,BAU,RD,PPDFOI,,CO2e_AP,1,2032,,,,,,0.6742
EmissionActivityRatio,BAU,RD,PPDFOI,,CO2e_AP,1,2033,,,,,,0.6742
EmissionActivityRatio,BAU,RD,PPDFOI,,CO2e_AP,1,2034,,,,,,0.6742
EmissionActivityRatio,BAU,RD,PPDFOI,,CO2e_AP,1,2035,,,,,,0.6742
EmissionActivityRatio,BAU,RD,PPDFOI,,CO2e_AP,1,2036,,,,,,0.6742
EmissionActivityRatio,BAU,RD,PPDFOI,,CO2e_AP,1,2037,,,,,,0.6742
EmissionActivityRatio,BAU,RD,PPDFOI,,CO2e_AP,1,2038,,,,,,0.6742
EmissionActivityRatio,BAU,RD,PPDFOI,,CO2e_AP,1,2039,,,,,,0.6742
EmissionActivityRatio,BAU,RD,PPDFOI,,CO2e_AP,1,2040,,,,,,0.6742
EmissionActivityRatio,BAU,RD,PPDFOI,,CO2e_AP,1,2041,,,,,,0.6742
EmissionActivityRatio,BAU,RD,PPDFOI,,CO2e_AP,1,2042,,,,,,0.6742
EmissionActivityRatio,BAU,RD,PPDFOI,,CO2e_AP,1,2043,,,,,,0.6742
EmissionActivityRatio,BAU,RD,PPDFOI,,CO2e_AP,1,2044,,,,,,0.6742
EmissionActivityRatio,BAU,RD,PPDFOI,,CO2e_AP,1,2045,,,,,,0.6742
EmissionActivityRatio,BAU,RD,PPDFOI,,CO2e_AP,1,2046,,,,,,0.6742
EmissionActivityRatio,BAU,RD,PPDFOI,,CO2e_AP,1,2047,,,,,,0.6742
EmissionActivityRatio,BAU,RD,PPDFOI,,CO2e_AP,1,2048,,,,,,0.6742
EmissionActivityRatio,BAU,RD,PPDFOI,,CO2e_AP,1,2049,,,,,,0.6742
EmissionActivityRatio,BAU,RD,PPDFOI,,CO2e_AP,1,2050,,,,,,0.6742
EmissionActivityRatio,BAU,RD,PPDNGS,,CO2e_AP,1,2018,,,,,,0.3024
EmissionActivityRatio,BAU,RD,PPDNGS,,CO2e_AP,1,2019,,,,,,0.3024
EmissionActivityRatio,BAU,RD,PPDNGS,,CO2e_AP,1,2020,,,,,,0.3024
EmissionActivityRatio,BAU,RD,PPDNGS,,CO2e_AP,1,2021,,,,,,0.3024
EmissionActivityRatio,BAU,RD,PPDNGS,,CO2e_AP,1,2022,,,,,,0.3024
EmissionActivityRatio,BAU,RD,PPDNGS,,CO2e_AP,1,2023,,,,,,0.3024
EmissionActivityRatio,BAU,RD,PPDNGS,,CO2e_AP,1,2024,,,,,,0.3024
EmissionActivityRatio,BAU,RD,PPDNGS,,CO2e_AP,1,2025,,,,,,0.3024
EmissionActivityRatio,BAU,RD,PPDNGS,,CO2e_AP,1,2026,,,,,,0.3024
EmissionActivityRatio,BAU,RD,PPDNGS,,CO2e_AP,1,2027,,,,,,0.3024
EmissionActivityRatio,BAU,RD,PPDNGS,,CO2e_AP,1,2028,,,,,,0.3024
EmissionActivityRatio,BAU,RD,PPDNGS,,CO2e_AP,1,2029,,,,,,0.3024
EmissionActivityRatio,BAU,RD,PPDNGS,,CO2e_AP,1,2030,,,,,,0.3024
EmissionActivityRatio,BAU,RD,PPDNGS,,CO2e_AP,1,2031,,,,,,0.3024
EmissionActivityRatio,BAU,RD,PPDNGS,,CO2e_AP,1,2032,,,,,,0.3024
EmissionActivityRatio,BAU,RD,PPDNGS,,CO2e_AP,1,2033,,,,,,0.3024
EmissionActivityRatio,BAU,RD,PPDNGS,,CO2e_AP,1,2034,,,,,,0.3024
EmissionActivityRatio,BAU,RD,PPDNGS,,CO2e_AP,1,2035,,,,,,0.3024
EmissionActivityRatio,BAU,RD,PPDNGS,,CO2e_AP,1,2036,,,,,,0.3024
EmissionActivityRatio,BAU,RD,PPDNGS,,CO2e_AP,1,2037,,,,,,0.3024
EmissionActivityRatio,BAU,RD,PPDNGS,,CO2e_AP,1,2038,,,,,,0.3024
EmissionActivityRatio,BAU,RD,PPDNGS,,CO2e_AP,1,2039,,,,,,0.3024
EmissionActivityRatio,BAU,RD,PPDNGS,,CO2e_AP,1,2040,,,,,,0.3024
EmissionActivityRatio,BAU,RD,PPDNGS,,CO2e_AP,1,2041,,,,,,0.3024
EmissionActivityRatio,BAU,RD,PPDNGS,,CO2e_AP,1,2042,,,,,,0.3024
EmissionActivityRatio,BAU,RD,PPDNGS,,CO2e_AP,1,2043,,,,,,0.3024
EmissionActivityRatio,BAU,RD,PPDNGS,,CO2e_AP,1,2044,,,,,,0.3024
EmissionActivityRatio,BAU,RD,PPDNGS,,CO2e_AP,1,2045,,,,,,0.3024
EmissionActivityRatio,BAU,RD,PPDNGS,,CO2e_AP,1,2046,,,,,,0.3024
EmissionActivityRatio,BAU,RD,PPDNGS,,CO2e_AP,1,2047,,,,,,0.3024
EmissionActivityRatio,BAU,RD,PPDNGS,,CO2e_AP,1,2048,,,,,,0.3024
EmissionActivityRatio,BAU,RD,PPDNGS,,CO2e_AP,1,2049,,,,,,0.3024
EmissionActivityRatio,BAU,RD,PPDNGS,,CO2e_AP,1,2050,,,,,,0.3024
EmissionActivityRatio,BAU,RD,PPDGSL,,CO2e_AP,1,2018,,,,,,0.3312
EmissionActivityRatio,BAU,RD,PPDGSL,,CO2e_AP,1,2019,,,,,,0.3312
EmissionActivityRatio,BAU,RD,PPDGSL,,CO2e_AP,1,2020,,,,,,0.3312
EmissionActivityRatio,BAU,RD,PPDGSL,,CO2e_AP,1,2021,,,,,,0.3312
EmissionActivityRatio,BAU,RD,PPDGSL,,CO2e_AP,1,2022,,,,,,0.3312
EmissionActivityRatio,BAU,RD,PPDGSL,,CO2e_AP,1,2023,,,,,,0.3312
EmissionActivityRatio,BAU,RD,PPDGSL,,CO2e_AP,1,2024,,,,,,0.3312
EmissionActivityRatio,BAU,RD,PPDGSL,,CO2e_AP,1,2025,,,,,,0.3312
EmissionActivityRatio,BAU,RD,PPDGSL,,CO2e_AP,1,2026,,,,,,0.3312
EmissionActivityRatio,BAU,RD,PPDGSL,,CO2e_AP,1,2027,,,,,,0.3312
EmissionActivityRatio,BAU,RD,PPDGSL,,CO2e_AP,1,2028,,,,,,0.3312
EmissionActivityRatio,BAU,RD,PPDGSL,,CO2e_AP,1,2029,,,,,,0.3312
EmissionActivityRatio,BAU,RD,PPDGSL,,CO2e_AP,1,2030,,,,,,0.3312
EmissionActivityRatio,BAU,RD,PPDGSL,,CO2e_AP,1,2031,,,,,,0.3312
EmissionActivityRatio,BAU,RD,PPDGSL,,CO2e_AP,1,2032,,,,,,0.3312
EmissionActivityRatio,BAU,RD,PPDGSL,,CO2e_AP,1,2033,,,,,,0.3312
EmissionActivityRatio,BAU,RD,PPDGSL,,CO2e_AP,1,2034,,,,,,0.3312
EmissionActivityRatio,BAU,RD,PPDGSL,,CO2e_AP,1,2035,,,,,,0.3312
EmissionActivityRatio,BAU,RD,PPDGSL,,CO2e_AP,1,2036,,,,,,0.3312
EmissionActivityRatio,BAU,RD,PPDGSL,,CO2e_AP,1,2037,,,,,,0.3312
EmissionActivityRatio,BAU,RD,PPDGSL,,CO2e_AP,1,2038,,,,,,0.3312
EmissionActivityRatio,BAU,RD,PPDGSL,,CO2e_AP,1,2039,,,,,,0.3312
EmissionActivityRatio,BAU,RD,PPDGSL,,CO2e_AP,1,2040,,,,,,0.3312
EmissionActivityRatio,BAU,RD,PPDGSL,,CO2e_AP,1,2041,,,,,,0.3312
EmissionActivityRatio,BAU,RD,PPDGSL,,CO2e_AP,1,2042,,,,,,0.3312
EmissionActivityRatio,BAU,RD,PPDGSL,,CO2e_AP,1,2043,,,,,,0.3312
EmissionActivityRatio,BAU,RD,PPDGSL,,CO2e_AP,1,2044,,,,,,0.3312
EmissionActivityRatio,BAU,RD,PPDGSL,,CO2e_AP,1,2045,,,,,,0.3312
EmissionActivityRatio,BAU,RD,PPDGSL,,CO2e_AP,1,2046,,,,,,0.3312
EmissionActivityRatio,BAU,RD,PPDGSL,,CO2e_AP,1,2047,,,,,,0.3312
EmissionActivityRatio,BAU,RD,PPDGSL,,CO2e_AP,1,2048,,,,,,0.3312
EmissionActivityRatio,BAU,RD,PPDGSL,,CO2e_AP,1,2049,,,,,,0.3312
EmissionActivityRatio,BAU,RD,PPDGSL,,CO2e_AP,1,2050,,,,,,0.3312
EmissionActivityRatio,BAU,RD,PPDGLP,,CO2e_AP,1,2018,,,,,,0.2777
EmissionActivityRatio,BAU,RD,PPDGLP,,CO2e_AP,1,2019,,,,,,0.2777
EmissionActivityRatio,BAU,RD,PPDGLP,,CO2e_AP,1,2020,,,,,,0.2777
EmissionActivityRatio,BAU,RD,PPDGLP,,CO2e_AP,1,2021,,,,,,0.2777
EmissionActivityRatio,BAU,RD,PPDGLP,,CO2e_AP,1,2022,,,,,,0.2777
EmissionActivityRatio,BAU,RD,PPDGLP,,CO2e_AP,1,2023,,,,,,0.2777
EmissionActivityRatio,BAU,RD,PPDGLP,,CO2e_AP,1,2024,,,,,,0.2777
EmissionActivityRatio,BAU,RD,PPDGLP,,CO2e_AP,1,2025,,,,,,0.2777
EmissionActivityRatio,BAU,RD,PPDGLP,,CO2e_AP,1,2026,,,,,,0.2777
EmissionActivityRatio,BAU,RD,PPDGLP,,CO2e_AP,1,2027,,,,,,0.2777
EmissionActivityRatio,BAU,RD,PPDGLP,,CO2e_AP,1,2028,,,,,,0.2777
EmissionActivityRatio,BAU,RD,PPDGLP,,CO2e_AP,1,2029,,,,,,0.2777
EmissionActivityRatio,BAU,RD,PPDGLP,,CO2e_AP,1,2030,,,,,,0.2777
EmissionActivityRatio,BAU,RD,PPDGLP,,CO2e_AP,1,2031,,,,,,0.2777
EmissionActivityRatio,BAU,RD,PPDGLP,,CO2e_AP,1,2032,,,,,,0.2777
EmissionActivityRatio,BAU,RD,PPDGLP,,CO2e_AP,1,2033,,,,,,0.2777
EmissionActivityRatio,BAU,RD,PPDGLP,,CO2e_AP,1,2034,,,,,,0.2777
EmissionActivityRatio,BAU,RD,PPDGLP,,CO2e_AP,1,2035,,,,,,0.2777
EmissionActivityRatio,BAU,RD,PPDGLP,,CO2e_AP,1,2036,,,,,,0.2777
EmissionActivityRatio,BAU,RD,PPDGLP,,CO2e_AP,1,2037,,,,,,0.2777
EmissionActivityRatio,BAU,RD,PPDGLP,,CO2e_AP,1,2038,,,,,,0.2777
EmissionActivityRatio,BAU,RD,PPDGLP,,CO2e_AP,1,2039,,,,,,0.2777
EmissionActivityRatio,BAU,RD,PPDGLP,,CO2e_AP,1,2040,,,,,,0.2777
EmissionActivityRatio,BAU,RD,PPDGLP,,CO2e_AP,1,2041,,,,,,0.2777
EmissionActivityRatio,BAU,RD,PPDGLP,,CO2e_AP,1,2042,,,,,,0.2777
EmissionActivityRatio,BAU,RD,PPDGLP,,CO2e_AP,1,2043,,,,,,0.2777
EmissionActivityRatio,BAU,RD,PPDGLP,,CO2e_AP,1,2044,,,,,,0.2777
EmissionActivityRatio,BAU,RD,PPDGLP,,CO2e_AP,1,2045,,,,,,0.2777
EmissionActivityRatio,BAU,RD,PPDGLP,,CO2e_AP,1,2046,,,,,,0.2777
EmissionActivityRatio,BAU,RD,PPDGLP,,CO2e_AP,1,2047,,,,,,0.2777
EmissionActivityRatio,BAU,RD,PPDGLP,,CO2e_AP,1,2048,,,,,,0.2777
EmissionActivityRatio,BAU,RD,PPDGLP,,CO2e_AP,1,2049,,,,,,0.2777
EmissionActivityRatio,BAU,RD,PPDGLP,,CO2e_AP,1,2050,,,,,,0.2777
EmissionActivityRatio,BAU,RD,T4DSL_PRI,,CO2e_TRN,1,2018,,,,,,0.07435380000000001
EmissionActivityRatio,BAU,RD,T4DSL_PRI,,CO2e_TRN,1,2019,,,,,,0.07435380000000001
EmissionActivityRatio,BAU,RD,T4DSL_PRI,,CO2e_TRN,1,2020,,,,,,0.07435380000000001
EmissionActivityRatio,BAU,RD,T4DSL_PRI,,CO2e_TRN,1,2021,,,,,,0.07435380000000001
EmissionActivityRatio,BAU,RD,T4DSL_PRI,,CO2e_TRN,1,2022,,,,,,0.07435380000000001
EmissionActivityRatio,BAU,RD,T4DSL_PRI,,CO2e_TRN,1,2023,,,,,,0.07435380000000001
EmissionActivityRatio,BAU,RD,T4DSL_PRI,,CO2e_TRN,1,2024,,,,,,0.07435380000000001
EmissionActivityRatio,BAU,RD,T4DSL_PRI,,CO2e_TRN,1,2025,,,,,,0.07435380000000001
EmissionActivityRatio,BAU,RD,T4DSL_PRI,,CO2e_TRN,1,2026,,,,,,0.07435380000000001
EmissionActivityRatio,BAU,RD,T4DSL_PRI,,CO2e_TRN,1,2027,,,,,,0.07435380000000001
EmissionActivityRatio,BAU,RD,T4DSL_PRI,,CO2e_TRN,1,2028,,,,,,0.07435380000000001
EmissionActivityRatio,BAU,RD,T4DSL_PRI,,CO2e_TRN,1,2029,,,,,,0.07435380000000001
EmissionActivityRatio,BAU,RD,T4DSL_PRI,,CO2e_TRN,1,2030,,,,,,0.07435380000000001
EmissionActivityRatio,BAU,RD,T4DSL_PRI,,CO2e_TRN,1,2031,,,,,,0.07435380000000001
EmissionActivityRatio,BAU,RD,T4DSL_PRI,,CO2e_TRN,1,2032,,,,,,0.07435380000000001
EmissionActivityRatio,BAU,RD,T4DSL_PRI,,CO2e_TRN,1,2033,,,,,,0.07435380000000001
EmissionActivityRatio,BAU,RD,T4DSL_PRI,,CO2e_TRN,1,2034,,,,,,0.07435380000000001
EmissionActivityRatio,BAU,RD,T4DSL_PRI,,CO2e_TRN,1,2035,,,,,,0.07435380000000001
EmissionActivityRatio,BAU,RD,T4DSL_PRI,,CO2e_TRN,1,2036,,,,,,0.07435380000000001
EmissionActivityRatio,BAU,RD,T4DSL_PRI,,CO2e_TRN,1,2037,,,,,,0.07435380000000001
EmissionActivityRatio,BAU,RD,T4DSL_PRI,,CO2e_TRN,1,2038,,,,,,0.07435380000000001
EmissionActivityRatio,BAU,RD,T4DSL_PRI,,CO2e_TRN,1,2039,,,,,,0.07435380000000001
EmissionActivityRatio,BAU,RD,T4DSL_PRI,,CO2e_TRN,1,2040,,,,,,0.07435380000000001
EmissionActivityRatio,BAU,RD,T4DSL_PRI,,CO2e_TRN,1,2041,,,,,,0.07435380000000001
EmissionActivityRatio,BAU,RD,T4DSL_PRI,,CO2e_TRN,1,2042,,,,,,0.07435380000000001
EmissionActivityRatio,BAU,RD,T4DSL_PRI,,CO2e_TRN,1,2043,,,,,,0.07435380000000001
EmissionActivityRatio,BAU,RD,T4DSL_PRI,,CO2e_TRN,1,2044,,,,,,0.07435380000000001
EmissionActivityRatio,BAU,RD,T4DSL_PRI,,CO2e_TRN,1,2045,,,,,,0.07435380000000001
EmissionActivityRatio,BAU,RD,T4DSL_PRI,,CO2e_TRN,1,2046,,,,,,0.07435380000000001
EmissionActivityRatio,BAU,RD,T4DSL_PRI,,CO2e_TRN,1,2047,,,,,,0.07435380000000001
EmissionActivityRatio,BAU,RD,T4DSL_PRI,,CO2e_TRN,1,2048,,,,,,0.07435380000000001
EmissionActivityRatio,BAU,RD,T4DSL_PRI,,CO2e_TRN,1,2049,,,,,,0.07435380000000001
EmissionActivityRatio,BAU,RD,T4DSL_PRI,,CO2e_TRN,1,2050,,,,,,0.07435380000000001
EmissionActivityRatio,BAU,RD,T4GSL_PRI,,CO2e_TRN,1,2018,,,,,,0.06955380000000001
EmissionActivityRatio,BAU,RD,T4GSL_PRI,,CO2e_TRN,1,2019,,,,,,0.06955380000000001
EmissionActivityRatio,BAU,RD,T4GSL_PRI,,CO2e_TRN,1,2020,,,,,,0.06955380000000001
EmissionActivityRatio,BAU,RD,T4GSL_PRI,,CO2e_TRN,1,2021,,,,,,0.06955380000000001
EmissionActivityRatio,BAU,RD,T4GSL_PRI,,CO2e_TRN,1,2022,,,,,,0.06955380000000001
EmissionActivityRatio,BAU,RD,T4GSL_PRI,,CO2e_TRN,1,2023,,,,,,0.06955380000000001
EmissionActivityRatio,BAU,RD,T4GSL_PRI,,CO2e_TRN,1,2024,,,,,,0.06955380000000001
EmissionActivityRatio,BAU,RD,T4GSL_PRI,,CO2e_TRN,1,2025,,,,,,0.06955380000000001
EmissionActivityRatio,BAU,RD,T4GSL_PRI,,CO2e_TRN,1,2026,,,,,,0.06955380000000001
EmissionActivityRatio,BAU,RD,T4GSL_PRI,,CO2e_TRN,1,2027,,,,,,0.06955380000000001
EmissionActivityRatio,BAU,RD,T4GSL_PRI,,CO2e_TRN,1,2028,,,,,,0.06955380000000001
EmissionActivityRatio,BAU,RD,T4GSL_PRI,,CO2e_TRN,1,2029,,,,,,0.06955380000000001
EmissionActivityRatio,BAU,RD,T4GSL_PRI,,CO2e_TRN,1,2030,,,,,,0.06955380000000001
EmissionActivityRatio,BAU,RD,T4GSL_PRI,,CO2e_TRN,1,2031,,,,,,0.06955380000000001
EmissionActivityRatio,BAU,RD,T4GSL_PRI,,CO2e_TRN,1,2032,,,,,,0.06955380000000001
EmissionActivityRatio,BAU,RD,T4GSL_PRI,,CO2e_TRN,1,2033,,,,,,0.06955380000000001
EmissionActivityRatio,BAU,RD,T4GSL_PRI,,CO2e_TRN,1,2034,,,,,,0.06955380000000001
EmissionActivityRatio,BAU,RD,T4GSL_PRI,,CO2e_TRN,1,2035,,,,,,0.06955380000000001
EmissionActivityRatio,BAU,RD,T4GSL_PRI,,CO2e_TRN,1,2036,,,,,,0.06955380000000001
EmissionActivityRatio,BAU,RD,T4GSL_PRI,,CO2e_TRN,1,2037,,,,,,0.06955380000000001
EmissionActivityRatio,BAU,RD,T4GSL_PRI,,CO2e_TRN,1,2038,,,,,,0.06955380000000001
EmissionActivityRatio,BAU,RD,T4GSL_PRI,,CO2e_TRN,1,2039,,,,,,0.06955380000000001
EmissionActivityRatio,BAU,RD,T4GSL_PRI,,CO2e_TRN,1,2040,,,,,,0.06955380000000001
EmissionActivityRatio,BAU,RD,T4GSL_PRI,,CO2e_TRN,1,2041,,,,,,0.06955380000000001
EmissionActivityRatio,BAU,RD,T4GSL_PRI,,CO2e_TRN,1,2042,,,,,,0.06955380000000001
EmissionActivityRatio,BAU,RD,T4GSL_PRI,,CO2e_TRN,1,2043,,,,,,0.06955380000000001
EmissionActivityRatio,BAU,RD,T4GSL_PRI,,CO2e_TRN,1,2044,,,,,,0.06955380000000001
EmissionActivityRatio,BAU,RD,T4GSL_PRI,,CO2e_TRN,1,2045,,,,,,0.06955380000000001
EmissionActivityRatio,BAU,RD,T4GSL_PRI,,CO2e_TRN,1,2046,,,,,,0.06955380000000001
EmissionActivityRatio,BAU,RD,T4GSL_PRI,,CO2e_TRN,1,2047,,,,,,0.06955380000000001
EmissionActivityRatio,BAU,RD,T4GSL_PRI,,CO2e_TRN,1,2048,,,,,,0.06955380000000001
EmissionActivityRatio,BAU,RD,T4GSL_PRI,,CO2e_TRN,1,2049,,,,,,0.06955380000000001
EmissionActivityRatio,BAU,RD,T4GSL_PRI,,CO2e_TRN,1,2050,,,,,,0.06955380000000001
EmissionActivityRatio,BAU,RD,T4LPG_PRI,,CO2e_TRN,1,2018,,,,,,0.0631548
EmissionActivityRatio,BAU,RD,T4LPG_PRI,,CO2e_TRN,1,2019,,,,,,0.0631548
EmissionActivityRatio,BAU,RD,T4LPG_PRI,,CO2e_TRN,1,2020,,,,,,0.0631548
EmissionActivityRatio,BAU,RD,T4LPG_PRI,,CO2e_TRN,1,2021,,,,,,0.0631548
EmissionActivityRatio,BAU,RD,T4LPG_PRI,,CO2e_TRN,1,2022,,,,,,0.0631548
EmissionActivityRatio,BAU,RD,T4LPG_PRI,,CO2e_TRN,1,2023,,,,,,0.0631548
EmissionActivityRatio,BAU,RD,T4LPG_PRI,,CO2e_TRN,1,2024,,,,,,0.0631548
EmissionActivityRatio,BAU,RD,T4LPG_PRI,,CO2e_TRN,1,2025,,,,,,0.0631548
EmissionActivityRatio,BAU,RD,T4LPG_PRI,,CO2e_TRN,1,2026,,,,,,0.0631548
EmissionActivityRatio,BAU,RD,T4LPG_PRI,,CO2e_TRN,1,2027,,,,,,0.0631548
EmissionActivityRatio,BAU,RD,T4LPG_PRI,,CO2e_TRN,1,2028,,,,,,0.0631548
EmissionActivityRatio,BAU,RD,T4LPG_PRI,,CO2e_TRN,1,2029,,,,,,0.0631548
EmissionActivityRatio,BAU,RD,T4LPG_PRI,,CO2e_TRN,1,2030,,,,,,0.0631548
EmissionActivityRatio,BAU,RD,T4LPG_PRI,,CO2e_TRN,1,2031,,,,,,0.0631548
EmissionActivityRatio,BAU,RD,T4LPG_PRI,,CO2e_TRN,1,2032,,,,,,0.0631548
EmissionActivityRatio,BAU,RD,T4LPG_PRI,,CO2e_TRN,1,2033,,,,,,0.0631548
EmissionActivityRatio,BAU,RD,T4LPG_PRI,,CO2e_TRN,1,2034,,,,,,0.0631548
EmissionActivityRatio,BAU,RD,T4LPG_PRI,,CO2e_TRN,1,2035,,,,,,0.0631548
EmissionActivityRatio,BAU,RD,T4LPG_PRI,,CO2e_TRN,1,2036,,,,,,0.0631548
EmissionActivityRatio,BAU,RD,T4LPG_PRI,,CO2e_TRN,1,2037,,,,,,0.0631548
EmissionActivityRatio,BAU,RD,T4LPG_PRI,,CO2e_TRN,1,2038,,,,,,0.0631548
EmissionActivityRatio,BAU,RD,T4LPG_PRI,,CO2e_TRN,1,2039,,,,,,0.0631548
EmissionActivityRatio,BAU,RD,T4LPG_PRI,,CO2e_TRN,1,2040,,,,,,0.0631548
EmissionActivityRatio,BAU,RD,T4LPG_PRI,,CO2e_TRN,1,2041,,,,,,0.0631548
EmissionActivityRatio,BAU,RD,T4LPG_PRI,,CO2e_TRN,1,2042,,,,,,0.0631548
EmissionActivityRatio,BAU,RD,T4LPG_PRI,,CO2e_TRN,1,2043,,,,,,0.0631548
EmissionActivityRatio,BAU,RD,T4LPG_PRI,,CO2e_TRN,1,2044,,,,,,0.0631548
EmissionActivityRatio,BAU,RD,T4LPG_PRI,,CO2e_TRN,1,2045,,,,,,0.0631548
EmissionActivityRatio,BAU,RD,T4LPG_PRI,,CO2e_TRN,1,2046,,,,,,0.0631548
EmissionActivityRatio,BAU,RD,T4LPG_PRI,,CO2e_TRN,1,2047,,,,,,0.0631548
EmissionActivityRatio,BAU,RD,T4LPG_PRI,,CO2e_TRN,1,2048,,,,,,0.0631548
EmissionActivityRatio,BAU,RD,T4LPG_PRI,,CO2e_TRN,1,2049,,,,,,0.0631548
EmissionActivityRatio,BAU,RD,T4LPG_PRI,,CO2e_TRN,1,2050,,,,,,0.0631548
EmissionActivityRatio,BAU,RD,T4GSL_PUB,,CO2e_TRN,1,2018,,,,,,0.06955380000000001
EmissionActivityRatio,BAU,RD,T4GSL_PUB,,CO2e_TRN,1,2019,,,,,,0.06955380000000001
EmissionActivityRatio,BAU,RD,T4GSL_PUB,,CO2e_TRN,1,2020,,,,,,0.06955380000000001
EmissionActivityRatio,BAU,RD,T4GSL_PUB,,CO2e_TRN,1,2021,,,,,,0.06955380000000001
EmissionActivityRatio,BAU,RD,T4GSL_PUB,,CO2e_TRN,1,2022,,,,,,0.06955380000000001
EmissionActivityRatio,BAU,RD,T4GSL_PUB,,CO2e_TRN,1,2023,,,,,,0.06955380000000001
EmissionActivityRatio,BAU,RD,T4GSL_PUB,,CO2e_TRN,1,2024,,,,,,0.06955380000000001
EmissionActivityRatio,BAU,RD,T4GSL_PUB,,CO2e_TRN,1,2025,,,,,,0.06955380000000001
EmissionActivityRatio,BAU,RD,T4GSL_PUB,,CO2e_TRN,1,2026,,,,,,0.06955380000000001
EmissionActivityRatio,BAU,RD,T4GSL_PUB,,CO2e_TRN,1,2027,,,,,,0.06955380000000001
EmissionActivityRatio,BAU,RD,T4GSL_PUB,,CO2e_TRN,1,2028,,,,,,0.06955380000000001
EmissionActivityRatio,BAU,RD,T4GSL_PUB,,CO2e_TRN,1,2029,,,,,,0.06955380000000001
EmissionActivityRatio,BAU,RD,T4GSL_PUB,,CO2e_TRN,1,2030,,,,,,0.06955380000000001
EmissionActivityRatio,BAU,RD,T4GSL_PUB,,CO2e_TRN,1,2031,,,,,,0.06955380000000001
EmissionActivityRatio,BAU,RD,T4GSL_PUB,,CO2e_TRN,1,2032,,,,,,0.06955380000000001
EmissionActivityRatio,BAU,RD,T4GSL_PUB,,CO2e_TRN,1,2033,,,,,,0.06955380000000001
EmissionActivityRatio,BAU,RD,T4GSL_PUB,,CO2e_TRN,1,2034,,,,,,0.06955380000000001
EmissionActivityRatio,BAU,RD,T4GSL_PUB,,CO2e_TRN,1,2035,,,,,,0.06955380000000001
EmissionActivityRatio,BAU,RD,T4GSL_PUB,,CO2e_TRN,1,2036,,,,,,0.06955380000000001
EmissionActivityRatio,BAU,RD,T4GSL_PUB,,CO2e_TRN,1,2037,,,,,,0.06955380000000001
EmissionActivityRatio,BAU,RD,T4GSL_PUB,,CO2e_TRN,1,2038,,,,,,0.06955380000000001
EmissionActivityRatio,BAU,RD,T4GSL_PUB,,CO2e_TRN,1,2039,,,,,,0.06955380000000001
EmissionActivityRatio,BAU,RD,T4GSL_PUB,,CO2e_TRN,1,2040,,,,,,0.06955380000000001
EmissionActivityRatio,BAU,RD,T4GSL_PUB,,CO2e_TRN,1,2041,,,,,,0.06955380000000001
EmissionActivityRatio,BAU,RD,T4GSL_PUB,,CO2e_TRN,1,2042,,,,,,0.06955380000000001
EmissionActivityRatio,BAU,RD,T4GSL_PUB,,CO2e_TRN,1,2043,,,,,,0.06955380000000001
EmissionActivityRatio,BAU,RD,T4GSL_PUB,,CO2e_TRN,1,2044,,,,,,0.06955380000000001
EmissionActivityRatio,BAU,RD,T4GSL_PUB,,CO2e_TRN,1,2045,,,,,,0.06955380000000001
EmissionActivityRatio,BAU,RD,T4GSL_PUB,,CO2e_TRN,1,2046,,,,,,0.06955380000000001
EmissionActivityRatio,BAU,RD,T4GSL_PUB,,CO2e_TRN,1,2047,,,,,,0.06955380000000001
EmissionActivityRatio,BAU,RD,T4GSL_PUB,,CO2e_TRN,1,2048,,,,,,0.06955380000000001
EmissionActivityRatio,BAU,RD,T4GSL_PUB,,CO2e_TRN,1,2049,,,,,,0.06955380000000001
EmissionActivityRatio,BAU,RD,T4GSL_PUB,,CO2e_TRN,1,2050,,,,,,0.06955380000000001
EmissionActivityRatio,BAU,RD,T4LPG_PUB,,CO2e_TRN,1,2018,,,,,,0.0631548
EmissionActivityRatio,BAU,RD,T4LPG_PUB,,CO2e_TRN,1,2019,,,,,,0.0631548
EmissionActivityRatio,BAU,RD,T4LPG_PUB,,CO2e_TRN,1,2020,,,,,,0.0631548
EmissionActivityRatio,BAU,RD,T4LPG_PUB,,CO2e_TRN,1,2021,,,,,,0.0631548
EmissionActivityRatio,BAU,RD,T4LPG_PUB,,CO2e_TRN,1,2022,,,,,,0.0631548
EmissionActivityRatio,BAU,RD,T4LPG_PUB,,CO2e_TRN,1,2023,,,,,,0.0631548
EmissionActivityRatio,BAU,RD,T4LPG_PUB,,CO2e_TRN,1,2024,,,,,,0.0631548
EmissionActivityRatio,BAU,RD,T4LPG_PUB,,CO2e_TRN,1,2025,,,,,,0.0631548
EmissionActivityRatio,BAU,RD,T4LPG_PUB,,CO2e_TRN,1,2026,,,,,,0.0631548
EmissionActivityRatio,BAU,RD,T4LPG_PUB,,CO2e_TRN,1,2027,,,,,,0.0631548
EmissionActivityRatio,BAU,RD,T4LPG_PUB,,CO2e_TRN,1,2028,,,,,,0.0631548
EmissionActivityRatio,BAU,RD,T4LPG_PUB,,CO2e_TRN,1,2029,,,,,,0.0631548
EmissionActivityRatio,BAU,RD,T4LPG_PUB,,CO2e_TRN,1,2030,,,,,,0.0631548
EmissionActivityRatio,BAU,RD,T4LPG_PUB,,CO2e_TRN,1,2031,,,,,,0.0631548
EmissionActivityRatio,BAU,RD,T4LPG_PUB,,CO2e_TRN,1,2032,,,,,,0.0631548
EmissionActivityRatio,BAU,RD,T4LPG_PUB,,CO2e_TRN,1,2033,,,,,,0.0631548
EmissionActivityRatio,BAU,RD,T4LPG_PUB,,CO2e_TRN,1,2034,,,,,,0.0631548
EmissionActivityRatio,BAU,RD,T4LPG_PUB,,CO2e_TRN,1,2035,,,,,,0.0631548
EmissionActivityRatio,BAU,RD,T4LPG_PUB,,CO2e_TRN,1,2036,,,,,,0.0631548
EmissionActivityRatio,BAU,RD,T4LPG_PUB,,CO2e_TRN,1,2037,,,,,,0.0631548
EmissionActivityRatio,BAU,RD,T4LPG_PUB,,CO2e_TRN,1,2038,,,,,,0.0631548
EmissionActivityRatio,BAU,RD,T4LPG_PUB,,CO2e_TRN,1,2039,,,,,,0.0631548
EmissionActivityRatio,BAU,RD,T4LPG_PUB,,CO2e_TRN,1,2040,,,,,,0.0631548
EmissionActivityRatio,BAU,RD,T4LPG_PUB,,CO2e_TRN,1,2041,,,,,,0.0631548
EmissionActivityRatio,BAU,RD,T4LPG_PUB,,CO2e_TRN,1,2042,,,,,,0.0631548
EmissionActivityRatio,BAU,RD,T4LPG_PUB,,CO2e_TRN,1,2043,,,,,,0.0631548
EmissionActivityRatio,BAU,RD,T4LPG_PUB,,CO2e_TRN,1,2044,,,,,,0.0631548
EmissionActivityRatio,BAU,RD,T4LPG_PUB,,CO2e_TRN,1,2045,,,,,,0.0631548
EmissionActivityRatio,BAU,RD,T4LPG_PUB,,CO2e_TRN,1,2046,,,,,,0.0631548
EmissionActivityRatio,BAU,RD,T4LPG_PUB,,CO2e_TRN,1,2047,,,,,,0.0631548
EmissionActivityRatio,BAU,RD,T4LPG_PUB,,CO2e_TRN,1,2048,,,,,,0.0631548
EmissionActivityRatio,BAU,RD,T4LPG_PUB,,CO2e_TRN,1,2049,,,,,,0.0631548
EmissionActivityRatio,BAU,RD,T4LPG_PUB,,CO2e_TRN,1,2050,,,,,,0.0631548
EmissionActivityRatio,BAU,RD,T4DSL_PUB,,CO2e_TRN,1,2018,,,,,,0.07435380000000001
EmissionActivityRatio,BAU,RD,T4DSL_PUB,,CO2e_TRN,1,2019,,,,,,0.07435380000000001
EmissionActivityRatio,BAU,RD,T4DSL_PUB,,CO2e_TRN,1,2020,,,,,,0.07435380000000001
EmissionActivityRatio,BAU,RD,T4DSL_PUB,,CO2e_TRN,1,2021,,,,,,0.07435380000000001
EmissionActivityRatio,BAU,RD,T4DSL_PUB,,CO2e_TRN,1,2022,,,,,,0.07435380000000001
EmissionActivityRatio,BAU,RD,T4DSL_PUB,,CO2e_TRN,1,2023,,,,,,0.07435380000000001
EmissionActivityRatio,BAU,RD,T4DSL_PUB,,CO2e_TRN,1,2024,,,,,,0.07435380000000001
EmissionActivityRatio,BAU,RD,T4DSL_PUB,,CO2e_TRN,1,2025,,,,,,0.07435380000000001
EmissionActivityRatio,BAU,RD,T4DSL_PUB,,CO2e_TRN,1,2026,,,,,,0.07435380000000001
EmissionActivityRatio,BAU,RD,T4DSL_PUB,,CO2e_TRN,1,2027,,,,,,0.07435380000000001
EmissionActivityRatio,BAU,RD,T4DSL_PUB,,CO2e_TRN,1,2028,,,,,,0.07435380000000001
EmissionActivityRatio,BAU,RD,T4DSL_PUB,,CO2e_TRN,1,2029,,,,,,0.07435380000000001
EmissionActivityRatio,BAU,RD,T4DSL_PUB,,CO2e_TRN,1,2030,,,,,,0.07435380000000001
EmissionActivityRatio,BAU,RD,T4DSL_PUB,,CO2e_TRN,1,2031,,,,,,0.07435380000000001
EmissionActivityRatio,BAU,RD,T4DSL_PUB,,CO2e_TRN,1,2032,,,,,,0.07435380000000001
EmissionActivityRatio,BAU,RD,T4DSL_PUB,,CO2e_TRN,1,2033,,,,,,0.07435380000000001
EmissionActivityRatio,BAU,RD,T4DSL_PUB,,CO2e_TRN,1,2034,,,,,,0.07435380000000001
EmissionActivityRatio,BAU,RD,T4DSL_PUB,,CO2e_TRN,1,2035,,,,,,0.07435380000000001
EmissionActivityRatio,BAU,RD,T4DSL_PUB,,CO2e_TRN,1,2036,,,,,,0.07435380000000001
EmissionActivityRatio,BAU,RD,T4DSL_PUB,,CO2e_TRN,1,2037,,,,,,0.07435380000000001
EmissionActivityRatio,BAU,RD,T4DSL_PUB,,CO2e_TRN,1,2038,,,,,,0.07435380000000001
EmissionActivityRatio,BAU,RD,T4DSL_PUB,,CO2e_TRN,1,2039,,,,,,0.07435380000000001
EmissionActivityRatio,BAU,RD,T4DSL_PUB,,CO2e_TRN,1,2040,,,,,,0.07435380000000001
EmissionActivityRatio,BAU,RD,T4DSL_PUB,,CO2e_TRN,1,2041,,,,,,0.07435380000000001
EmissionActivityRatio,BAU,RD,T4DSL_PUB,,CO2e_TRN,1,2042,,,,,,0.07435380000000001
EmissionActivityRatio,BAU,RD,T4DSL_PUB,,CO2e_TRN,1,2043,,,,,,0.07435380000000001
EmissionActivityRatio,BAU,RD,T4DSL_PUB,,CO2e_TRN,1,2044,,,,,,0.07435380000000001
EmissionActivityRatio,BAU,RD,T4DSL_PUB,,CO2e_TRN,1,2045,,,,,,0.07435380000000001
EmissionActivityRatio,BAU,RD,T4DSL_PUB,,CO2e_TRN,1,2046,,,,,,0.07435380000000001
EmissionActivityRatio,BAU,RD,T4DSL_PUB,,CO2e_TRN,1,2047,,,,,,0.07435380000000001
EmissionActivityRatio,BAU,RD,T4DSL_PUB,,CO2e_TRN,1,2048,,,,,,0.07435380000000001
EmissionActivityRatio,BAU,RD,T4DSL_PUB,,CO2e_TRN,1,2049,,,,,,0.07435380000000001
EmissionActivityRatio,BAU,RD,T4DSL_PUB,,CO2e_TRN,1,2050,,,,,,0.07435380000000001
EmissionActivityRatio,BAU,RD,T4DSL_TUR,,CO2e_TRN,1,2018,,,,,,0.07435380000000001
EmissionActivityRatio,BAU,RD,T4DSL_TUR,,CO2e_TRN,1,2019,,,,,,0.07435380000000001
EmissionActivityRatio,BAU,RD,T4DSL_TUR,,CO2e_TRN,1,2020,,,,,,0.07435380000000001
EmissionActivityRatio,BAU,RD,T4DSL_TUR,,CO2e_TRN,1,2021,,,,,,0.07435380000000001
EmissionActivityRatio,BAU,RD,T4DSL_TUR,,CO2e_TRN,1,2022,,,,,,0.07435380000000001
EmissionActivityRatio,BAU,RD,T4DSL_TUR,,CO2e_TRN,1,2023,,,,,,0.07435380000000001
EmissionActivityRatio,BAU,RD,T4DSL_TUR,,CO2e_TRN,1,2024,,,,,,0.07435380000000001
EmissionActivityRatio,BAU,RD,T4DSL_TUR,,CO2e_TRN,1,2025,,,,,,0.07435380000000001
EmissionActivityRatio,BAU,RD,T4DSL_TUR,,CO2e_TRN,1,2026,,,,,,0.07435380000000001
EmissionActivityRatio,BAU,RD,T4DSL_TUR,,CO2e_TRN,1,2027,,,,,,0.07435380000000001
EmissionActivityRatio,BAU,RD,T4DSL_TUR,,CO2e_TRN,1,2028,,,,,,0.07435380000000001
EmissionActivityRatio,BAU,RD,T4DSL_TUR,,CO2e_TRN,1,2029,,,,,,0.07435380000000001
EmissionActivityRatio,BAU,RD,T4DSL_TUR,,CO2e_TRN,1,2030,,,,,,0.07435380000000001
EmissionActivityRatio,BAU,RD,T4DSL_TUR,,CO2e_TRN,1,2031,,,,,,0.07435380000000001
EmissionActivityRatio,BAU,RD,T4DSL_TUR,,CO2e_TRN,1,2032,,,,,,0.07435380000000001
EmissionActivityRatio,BAU,RD,T4DSL_TUR,,CO2e_TRN,1,2033,,,,,,0.07435380000000001
EmissionActivityRatio,BAU,RD,T4DSL_TUR,,CO2e_TRN,1,2034,,,,,,0.07435380000000001
EmissionActivityRatio,BAU,RD,T4DSL_TUR,,CO2e_TRN,1,2035,,,,,,0.07435380000000001
EmissionActivityRatio,BAU,RD,T4DSL_TUR,,CO2e_TRN,1,2036,,,,,,0.07435380000000001
EmissionActivityRatio,BAU,RD,T4DSL_TUR,,CO2e_TRN,1,2037,,,,,,0.07435380000000001
EmissionActivityRatio,BAU,RD,T4DSL_TUR,,CO2e_TRN,1,2038,,,,,,0.07435380000000001
EmissionActivityRatio,BAU,RD,T4DSL_TUR,,CO2e_TRN,1,2039,,,,,,0.07435380000000001
EmissionActivityRatio,BAU,RD,T4DSL_TUR,,CO2e_TRN,1,2040,,,,,,0.07435380000000001
EmissionActivityRatio,BAU,RD,T4DSL_TUR,,CO2e_TRN,1,2041,,,,,,0.07435380000000001
EmissionActivityRatio,BAU,RD,T4DSL_TUR,,CO2e_TRN,1,2042,,,,,,0.07435380000000001
EmissionActivityRatio,BAU,RD,T4DSL_TUR,,CO2e_TRN,1,2043,,,,,,0.07435380000000001
EmissionActivityRatio,BAU,RD,T4DSL_TUR,,CO2e_TRN,1,2044,,,,,,0.07435380000000001
EmissionActivityRatio,BAU,RD,T4DSL_TUR,,CO2e_TRN,1,2045,,,,,,0.07435380000000001
EmissionActivityRatio,BAU,RD,T4DSL_TUR,,CO2e_TRN,1,2046,,,,,,0.07435380000000001
EmissionActivityRatio,BAU,RD,T4DSL_TUR,,CO2e_TRN,1,2047,,,,,,0.07435380000000001
EmissionActivityRatio,BAU,RD,T4DSL_TUR,,CO2e_TRN,1,2048,,,,,,0.07435380000000001
EmissionActivityRatio,BAU,RD,T4DSL_TUR,,CO2e_TRN,1,2049,,,,,,0.07435380000000001
EmissionActivityRatio,BAU,RD,T4DSL_TUR,,CO2e_TRN,1,2050,,,,,,0.07435380000000001
EmissionActivityRatio,BAU,RD,T4GSL_TUR,,CO2e_TRN,1,2018,,,,,,0.06955380000000001
EmissionActivityRatio,BAU,RD,T4GSL_TUR,,CO2e_TRN,1,2019,,,,,,0.06955380000000001
EmissionActivityRatio,BAU,RD,T4GSL_TUR,,CO2e_TRN,1,2020,,,,,,0.06955380000000001
EmissionActivityRatio,BAU,RD,T4GSL_TUR,,CO2e_TRN,1,2021,,,,,,0.06955380000000001
EmissionActivityRatio,BAU,RD,T4GSL_TUR,,CO2e_TRN,1,2022,,,,,,0.06955380000000001
EmissionActivityRatio,BAU,RD,T4GSL_TUR,,CO2e_TRN,1,2023,,,,,,0.06955380000000001
EmissionActivityRatio,BAU,RD,T4GSL_TUR,,CO2e_TRN,1,2024,,,,,,0.06955380000000001
EmissionActivityRatio,BAU,RD,T4GSL_TUR,,CO2e_TRN,1,2025,,,,,,0.06955380000000001
EmissionActivityRatio,BAU,RD,T4GSL_TUR,,CO2e_TRN,1,2026,,,,,,0.06955380000000001
EmissionActivityRatio,BAU,RD,T4GSL_TUR,,CO2e_TRN,1,2027,,,,,,0.06955380000000001
EmissionActivityRatio,BAU,RD,T4GSL_TUR,,CO2e_TRN,1,2028,,,,,,0.06955380000000001
EmissionActivityRatio,BAU,RD,T4GSL_TUR,,CO2e_TRN,1,2029,,,,,,0.06955380000000001
EmissionActivityRatio,BAU,RD,T4GSL_TUR,,CO2e_TRN,1,2030,,,,,,0.06955380000000001
EmissionActivityRatio,BAU,RD,T4GSL_TUR,,CO2e_TRN,1,2031,,,,,,0.06955380000000001
EmissionActivityRatio,BAU,RD,T4GSL_TUR,,CO2e_TRN,1,2032,,,,,,0.06955380000000001
EmissionActivityRatio,BAU,RD,T4GSL_TUR,,CO2e_TRN,1,2033,,,,,,0.06955380000000001
EmissionActivityRatio,BAU,RD,T4GSL_TUR,,CO2e_TRN,1,2034,,,,,,0.06955380000000001
EmissionActivityRatio,BAU,RD,T4GSL_TUR,,CO2e_TRN,1,2035,,,,,,0.06955380000000001
EmissionActivityRatio,BAU,RD,T4GSL_TUR,,CO2e_TRN,1,2036,,,,,,0.06955380000000001
EmissionActivityRatio,BAU,RD,T4GSL_TUR,,CO2e_TRN,1,2037,,,,,,0.06955380000000001
EmissionActivityRatio,BAU,RD,T4GSL_TUR,,CO2e_TRN,1,2038,,,,,,0.06955380000000001
EmissionActivityRatio,BAU,RD,T4GSL_TUR,,CO2e_TRN,1,2039,,,,,,0.06955380000000001
EmissionActivityRatio,BAU,RD,T4GSL_TUR,,CO2e_TRN,1,2040,,,,,,0.06955380000000001
EmissionActivityRatio,BAU,RD,T4GSL_TUR,,CO2e_TRN,1,2041,,,,,,0.06955380000000001
EmissionActivityRatio,BAU,RD,T4GSL_TUR,,CO2e_TRN,1,2042,,,,,,0.06955380000000001
EmissionActivityRatio,BAU,RD,T4GSL_TUR,,CO2e_TRN,1,2043,,,,,,0.06955380000000001
EmissionActivityRatio,BAU,RD,T4GSL_TUR,,CO2e_TRN,1,2044,,,,,,0.06955380000000001
EmissionActivityRatio,BAU,RD,T4GSL_TUR,,CO2e_TRN,1,2045,,,,,,0.06955380000000001
EmissionActivityRatio,BAU,RD,T4GSL_TUR,,CO2e_TRN,1,2046,,,,,,0.06955380000000001
EmissionActivityRatio,BAU,RD,T4GSL_TUR,,CO2e_TRN,1,2047,,,,,,0.06955380000000001
EmissionActivityRatio,BAU,RD,T4GSL_TUR,,CO2e_TRN,1,2048,,,,,,0.06955380000000001
EmissionActivityRatio,BAU,RD,T4GSL_TUR,,CO2e_TRN,1,2049,,,,,,0.06955380000000001
EmissionActivityRatio,BAU,RD,T4GSL_TUR,,CO2e_TRN,1,2050,,,,,,0.06955380000000001
EmissionActivityRatio,BAU,RD,T4LPG_TUR,,CO2e_TRN,1,2018,,,,,,0.0631548
EmissionActivityRatio,BAU,RD,T4LPG_TUR,,CO2e_TRN,1,2019,,,,,,0.0631548
EmissionActivityRatio,BAU,RD,T4LPG_TUR,,CO2e_TRN,1,2020,,,,,,0.0631548
EmissionActivityRatio,BAU,RD,T4LPG_TUR,,CO2e_TRN,1,2021,,,,,,0.0631548
EmissionActivityRatio,BAU,RD,T4LPG_TUR,,CO2e_TRN,1,2022,,,,,,0.0631548
EmissionActivityRatio,BAU,RD,T4LPG_TUR,,CO2e_TRN,1,2023,,,,,,0.0631548
EmissionActivityRatio,BAU,RD,T4LPG_TUR,,CO2e_TRN,1,2024,,,,,,0.0631548
EmissionActivityRatio,BAU,RD,T4LPG_TUR,,CO2e_TRN,1,2025,,,,,,0.0631548
EmissionActivityRatio,BAU,RD,T4LPG_TUR,,CO2e_TRN,1,2026,,,,,,0.0631548
EmissionActivityRatio,BAU,RD,T4LPG_TUR,,CO2e_TRN,1,2027,,,,,,0.0631548
EmissionActivityRatio,BAU,RD,T4LPG_TUR,,CO2e_TRN,1,2028,,,,,,0.0631548
EmissionActivityRatio,BAU,RD,T4LPG_TUR,,CO2e_TRN,1,2029,,,,,,0.0631548
EmissionActivityRatio,BAU,RD,T4LPG_TUR,,CO2e_TRN,1,2030,,,,,,0.0631548
EmissionActivityRatio,BAU,RD,T4LPG_TUR,,CO2e_TRN,1,2031,,,,,,0.0631548
EmissionActivityRatio,BAU,RD,T4LPG_TUR,,CO2e_TRN,1,2032,,,,,,0.0631548
EmissionActivityRatio,BAU,RD,T4LPG_TUR,,CO2e_TRN,1,2033,,,,,,0.0631548
EmissionActivityRatio,BAU,RD,T4LPG_TUR,,CO2e_TRN,1,2034,,,,,,0.0631548
EmissionActivityRatio,BAU,RD,T4LPG_TUR,,CO2e_TRN,1,2035,,,,,,0.0631548
EmissionActivityRatio,BAU,RD,T4LPG_TUR,,CO2e_TRN,1,2036,,,,,,0.0631548
EmissionActivityRatio,BAU,RD,T4LPG_TUR,,CO2e_TRN,1,2037,,,,,,0.0631548
EmissionActivityRatio,BAU,RD,T4LPG_TUR,,CO2e_TRN,1,2038,,,,,,0.0631548
EmissionActivityRatio,BAU,RD,T4LPG_TUR,,CO2e_TRN,1,2039,,,,,,0.0631548
EmissionActivityRatio,BAU,RD,T4LPG_TUR,,CO2e_TRN,1,2040,,,,,,0.0631548
EmissionActivityRatio,BAU,RD,T4LPG_TUR,,CO2e_TRN,1,2041,,,,,,0.0631548
EmissionActivityRatio,BAU,RD,T4LPG_TUR,,CO2e_TRN,1,2042,,,,,,0.0631548
EmissionActivityRatio,BAU,RD,T4LPG_TUR,,CO2e_TRN,1,2043,,,,,,0.0631548
EmissionActivityRatio,BAU,RD,T4LPG_TUR,,CO2e_TRN,1,2044,,,,,,0.0631548
EmissionActivityRatio,BAU,RD,T4LPG_TUR,,CO2e_TRN,1,2045,,,,,,0.0631548
EmissionActivityRatio,BAU,RD,T4LPG_TUR,,CO2e_TRN,1,2046,,,,,,0.0631548
EmissionActivityRatio,BAU,RD,T4LPG_TUR,,CO2e_TRN,1,2047,,,,,,0.0631548
EmissionActivityRatio,BAU,RD,T4LPG_TUR,,CO2e_TRN,1,2048,,,,,,0.0631548
EmissionActivityRatio,BAU,RD,T4LPG_TUR,,CO2e_TRN,1,2049,,,,,,0.0631548
EmissionActivityRatio,BAU,RD,T4LPG_TUR,,CO2e_TRN,1,2050,,,,,,0.0631548
EmissionActivityRatio,BAU,RD,T4DSL_HEA,,CO2e_TRN,1,2018,,,,,,0.07435380000000001
EmissionActivityRatio,BAU,RD,T4DSL_HEA,,CO2e_TRN,1,2019,,,,,,0.07435380000000001
EmissionActivityRatio,BAU,RD,T4DSL_HEA,,CO2e_TRN,1,2020,,,,,,0.07435380000000001
EmissionActivityRatio,BAU,RD,T4DSL_HEA,,CO2e_TRN,1,2021,,,,,,0.07435380000000001
EmissionActivityRatio,BAU,RD,T4DSL_HEA,,CO2e_TRN,1,2022,,,,,,0.07435380000000001
EmissionActivityRatio,BAU,RD,T4DSL_HEA,,CO2e_TRN,1,2023,,,,,,0.07435380000000001
EmissionActivityRatio,BAU,RD,T4DSL_HEA,,CO2e_TRN,1,2024,,,,,,0.07435380000000001
EmissionActivityRatio,BAU,RD,T4DSL_HEA,,CO2e_TRN,1,2025,,,,,,0.07435380000000001
EmissionActivityRatio,BAU,RD,T4DSL_HEA,,CO2e_TRN,1,2026,,,,,,0.07435380000000001
EmissionActivityRatio,BAU,RD,T4DSL_HEA,,CO2e_TRN,1,2027,,,,,,0.07435380000000001
EmissionActivityRatio,BAU,RD,T4DSL_HEA,,CO2e_TRN,1,2028,,,,,,0.07435380000000001
EmissionActivityRatio,BAU,RD,T4DSL_HEA,,CO2e_TRN,1,2029,,,,,,0.07435380000000001
EmissionActivityRatio,BAU,RD,T4DSL_HEA,,CO2e_TRN,1,2030,,,,,,0.07435380000000001
EmissionActivityRatio,BAU,RD,T4DSL_HEA,,CO2e_TRN,1,2031,,,,,,0.07435380000000001
EmissionActivityRatio,BAU,RD,T4DSL_HEA,,CO2e_TRN,1,2032,,,,,,0.07435380000000001
EmissionActivityRatio,BAU,RD,T4DSL_HEA,,CO2e_TRN,1,2033,,,,,,0.07435380000000001
EmissionActivityRatio,BAU,RD,T4DSL_HEA,,CO2e_TRN,1,2034,,,,,,0.07435380000000001
EmissionActivityRatio,BAU,RD,T4DSL_HEA,,CO2e_TRN,1,2035,,,,,,0.07435380000000001
EmissionActivityRatio,BAU,RD,T4DSL_HEA,,CO2e_TRN,1,2036,,,,,,0.07435380000000001
EmissionActivityRatio,BAU,RD,T4DSL_HEA,,CO2e_TRN,1,2037,,,,,,0.07435380000000001
EmissionActivityRatio,BAU,RD,T4DSL_HEA,,CO2e_TRN,1,2038,,,,,,0.07435380000000001
EmissionActivityRatio,BAU,RD,T4DSL_HEA,,CO2e_TRN,1,2039,,,,,,0.07435380000000001
EmissionActivityRatio,BAU,RD,T4DSL_HEA,,CO2e_TRN,1,2040,,,,,,0.07435380000000001
EmissionActivityRatio,BAU,RD,T4DSL_HEA,,CO2e_TRN,1,2041,,,,,,0.07435380000000001
EmissionActivityRatio,BAU,RD,T4DSL_HEA,,CO2e_TRN,1,2042,,,,,,0.07435380000000001
EmissionActivityRatio,BAU,RD,T4DSL_HEA,,CO2e_TRN,1,2043,,,,,,0.07435380000000001
EmissionActivityRatio,BAU,RD,T4DSL_HEA,,CO2e_TRN,1,2044,,,,,,0.07435380000000001
EmissionActivityRatio,BAU,RD,T4DSL_HEA,,CO2e_TRN,1,2045,,,,,,0.07435380000000001
EmissionActivityRatio,BAU,RD,T4DSL_HEA,,CO2e_TRN,1,2046,,,,,,0.07435380000000001
EmissionActivityRatio,BAU,RD,T4DSL_HEA,,CO2e_TRN,1,2047,,,,,,0.07435380000000001
EmissionActivityRatio,BAU,RD,T4DSL_HEA,,CO2e_TRN,1,2048,,,,,,0.07435380000000001
EmissionActivityRatio,BAU,RD,T4DSL_HEA,,CO2e_TRN,1,2049,,,,,,0.07435380000000001
EmissionActivityRatio,BAU,RD,T4DSL_HEA,,CO2e_TRN,1,2050,,,,,,0.07435380000000001
EmissionActivityRatio,BAU,RD,T4GSL_HEA,,CO2e_TRN,1,2018,,,,,,0.06955380000000001
EmissionActivityRatio,BAU,RD,T4GSL_HEA,,CO2e_TRN,1,2019,,,,,,0.06955380000000001
EmissionActivityRatio,BAU,RD,T4GSL_HEA,,CO2e_TRN,1,2020,,,,,,0.06955380000000001
EmissionActivityRatio,BAU,RD,T4GSL_HEA,,CO2e_TRN,1,2021,,,,,,0.06955380000000001
EmissionActivityRatio,BAU,RD,T4GSL_HEA,,CO2e_TRN,1,2022,,,,,,0.06955380000000001
EmissionActivityRatio,BAU,RD,T4GSL_HEA,,CO2e_TRN,1,2023,,,,,,0.06955380000000001
EmissionActivityRatio,BAU,RD,T4GSL_HEA,,CO2e_TRN,1,2024,,,,,,0.06955380000000001
EmissionActivityRatio,BAU,RD,T4GSL_HEA,,CO2e_TRN,1,2025,,,,,,0.06955380000000001
EmissionActivityRatio,BAU,RD,T4GSL_HEA,,CO2e_TRN,1,2026,,,,,,0.06955380000000001
EmissionActivityRatio,BAU,RD,T4GSL_HEA,,CO2e_TRN,1,2027,,,,,,0.06955380000000001
EmissionActivityRatio,BAU,RD,T4GSL_HEA,,CO2e_TRN,1,2028,,,,,,0.06955380000000001
EmissionActivityRatio,BAU,RD,T4GSL_HEA,,CO2e_TRN,1,2029,,,,,,0.06955380000000001
EmissionActivityRatio,BAU,RD,T4GSL_HEA,,CO2e_TRN,1,2030,,,,,,0.06955380000000001
EmissionActivityRatio,BAU,RD,T4GSL_HEA,,CO2e_TRN,1,2031,,,,,,0.06955380000000001
EmissionActivityRatio,BAU,RD,T4GSL_HEA,,CO2e_TRN,1,2032,,,,,,0.06955380000000001
EmissionActivityRatio,BAU,RD,T4GSL_HEA,,CO2e_TRN,1,2033,,,,,,0.06955380000000001
EmissionActivityRatio,BAU,RD,T4GSL_HEA,,CO2e_TRN,1,2034,,,,,,0.06955380000000001
EmissionActivityRatio,BAU,RD,T4GSL_HEA,,CO2e_TRN,1,2035,,,,,,0.06955380000000001
EmissionActivityRatio,BAU,RD,T4GSL_HEA,,CO2e_TRN,1,2036,,,,,,0.06955380000000001
EmissionActivityRatio,BAU,RD,T4GSL_HEA,,CO2e_TRN,1,2037,,,,,,0.06955380000000001
EmissionActivityRatio,BAU,RD,T4GSL_HEA,,CO2e_TRN,1,2038,,,,,,0.06955380000000001
EmissionActivityRatio,BAU,RD,T4GSL_HEA,,CO2e_TRN,1,2039,,,,,,0.06955380000000001
EmissionActivityRatio,BAU,RD,T4GSL_HEA,,CO2e_TRN,1,2040,,,,,,0.06955380000000001
EmissionActivityRatio,BAU,RD,T4GSL_HEA,,CO2e_TRN,1,2041,,,,,,0.06955380000000001
EmissionActivityRatio,BAU,RD,T4GSL_HEA,,CO2e_TRN,1,2042,,,,,,0.06955380000000001
EmissionActivityRatio,BAU,RD,T4GSL_HEA,,CO2e_TRN,1,2043,,,,,,0.06955380000000001
EmissionActivityRatio,BAU,RD,T4GSL_HEA,,CO2e_TRN,1,2044,,,,,,0.06955380000000001
EmissionActivityRatio,BAU,RD,T4GSL_HEA,,CO2e_TRN,1,2045,,,,,,0.06955380000000001
EmissionActivityRatio,BAU,RD,T4GSL_HEA,,CO2e_TRN,1,2046,,,,,,0.06955380000000001
EmissionActivityRatio,BAU,RD,T4GSL_HEA,,CO2e_TRN,1,2047,,,,,,0.06955380000000001
EmissionActivityRatio,BAU,RD,T4GSL_HEA,,CO2e_TRN,1,2048,,,,,,0.06955380000000001
EmissionActivityRatio,BAU,RD,T4GSL_HEA,,CO2e_TRN,1,2049,,,,,,0.06955380000000001
EmissionActivityRatio,BAU,RD,T4GSL_HEA,,CO2e_TRN,1,2050,,,,,,0.06955380000000001
EmissionActivityRatio,BAU,RD,T4LPG_HEA,,CO2e_TRN,1,2018,,,,,,0.0631548
EmissionActivityRatio,BAU,RD,T4LPG_HEA,,CO2e_TRN,1,2019,,,,,,0.0631548
EmissionActivityRatio,BAU,RD,T4LPG_HEA,,CO2e_TRN,1,2020,,,,,,0.0631548
EmissionActivityRatio,BAU,RD,T4LPG_HEA,,CO2e_TRN,1,2021,,,,,,0.0631548
EmissionActivityRatio,BAU,RD,T4LPG_HEA,,CO2e_TRN,1,2022,,,,,,0.0631548
EmissionActivityRatio,BAU,RD,T4LPG_HEA,,CO2e_TRN,1,2023,,,,,,0.0631548
EmissionActivityRatio,BAU,RD,T4LPG_HEA,,CO2e_TRN,1,2024,,,,,,0.0631548
EmissionActivityRatio,BAU,RD,T4LPG_HEA,,CO2e_TRN,1,2025,,,,,,0.0631548
EmissionActivityRatio,BAU,RD,T4LPG_HEA,,CO2e_TRN,1,2026,,,,,,0.0631548
EmissionActivityRatio,BAU,RD,T4LPG_HEA,,CO2e_TRN,1,2027,,,,,,0.0631548
EmissionActivityRatio,BAU,RD,T4LPG_HEA,,CO2e_TRN,1,2028,,,,,,0.0631548
EmissionActivityRatio,BAU,RD,T4LPG_HEA,,CO2e_TRN,1,2029,,,,,,0.0631548
EmissionActivityRatio,BAU,RD,T4LPG_HEA,,CO2e_TRN,1,2030,,,,,,0.0631548
EmissionActivityRatio,BAU,RD,T4LPG_HEA,,CO2e_TRN,1,2031,,,,,,0.0631548
EmissionActivityRatio,BAU,RD,T4LPG_HEA,,CO2e_TRN,1,2032,,,,,,0.0631548
EmissionActivityRatio,BAU,RD,T4LPG_HEA,,CO2e_TRN,1,2033,,,,,,0.0631548
EmissionActivityRatio,BAU,RD,T4LPG_HEA,,CO2e_TRN,1,2034,,,,,,0.0631548
EmissionActivityRatio,BAU,RD,T4LPG_HEA,,CO2e_TRN,1,2035,,,,,,0.0631548
EmissionActivityRatio,BAU,RD,T4LPG_HEA,,CO2e_TRN,1,2036,,,,,,0.0631548
EmissionActivityRatio,BAU,RD,T4LPG_HEA,,CO2e_TRN,1,2037,,,,,,0.0631548
EmissionActivityRatio,BAU,RD,T4LPG_HEA,,CO2e_TRN,1,2038,,,,,,0.0631548
EmissionActivityRatio,BAU,RD,T4LPG_HEA,,CO2e_TRN,1,2039,,,,,,0.0631548
EmissionActivityRatio,BAU,RD,T4LPG_HEA,,CO2e_TRN,1,2040,,,,,,0.0631548
EmissionActivityRatio,BAU,RD,T4LPG_HEA,,CO2e_TRN,1,2041,,,,,,0.0631548
EmissionActivityRatio,BAU,RD,T4LPG_HEA,,CO2e_TRN,1,2042,,,,,,0.0631548
EmissionActivityRatio,BAU,RD,T4LPG_HEA,,CO2e_TRN,1,2043,,,,,,0.0631548
EmissionActivityRatio,BAU,RD,T4LPG_HEA,,CO2e_TRN,1,2044,,,,,,0.0631548
EmissionActivityRatio,BAU,RD,T4LPG_HEA,,CO2e_TRN,1,2045,,,,,,0.0631548
EmissionActivityRatio,BAU,RD,T4LPG_HEA,,CO2e_TRN,1,2046,,,,,,0.0631548
EmissionActivityRatio,BAU,RD,T4LPG_HEA,,CO2e_TRN,1,2047,,,,,,0.0631548
EmissionActivityRatio,BAU,RD,T4LPG_HEA,,CO2e_TRN,1,2048,,,,,,0.0631548
EmissionActivityRatio,BAU,RD,T4LPG_HEA,,CO2e_TRN,1,2049,,,,,,0.0631548
EmissionActivityRatio,BAU,RD,T4LPG_HEA,,CO2e_TRN,1,2050,,,,,,0.0631548
EmissionActivityRatio,BAU,RD,T4DSL_LIG,,CO2e_TRN,1,2018,,,,,,0.07435380000000001
EmissionActivityRatio,BAU,RD,T4DSL_LIG,,CO2e_TRN,1,2019,,,,,,0.07435380000000001
EmissionActivityRatio,BAU,RD,T4DSL_LIG,,CO2e_TRN,1,2020,,,,,,0.07435380000000001
EmissionActivityRatio,BAU,RD,T4DSL_LIG,,CO2e_TRN,1,2021,,,,,,0.07435380000000001
EmissionActivityRatio,BAU,RD,T4DSL_LIG,,CO2e_TRN,1,2022,,,,,,0.07435380000000001
EmissionActivityRatio,BAU,RD,T4DSL_LIG,,CO2e_TRN,1,2023,,,,,,0.07435380000000001
EmissionActivityRatio,BAU,RD,T4DSL_LIG,,CO2e_TRN,1,2024,,,,,,0.07435380000000001
EmissionActivityRatio,BAU,RD,T4DSL_LIG,,CO2e_TRN,1,2025,,,,,,0.07435380000000001
EmissionActivityRatio,BAU,RD,T4DSL_LIG,,CO2e_TRN,1,2026,,,,,,0.07435380000000001
EmissionActivityRatio,BAU,RD,T4DSL_LIG,,CO2e_TRN,1,2027,,,,,,0.07435380000000001
EmissionActivityRatio,BAU,RD,T4DSL_LIG,,CO2e_TRN,1,2028,,,,,,0.07435380000000001
EmissionActivityRatio,BAU,RD,T4DSL_LIG,,CO2e_TRN,1,2029,,,,,,0.07435380000000001
EmissionActivityRatio,BAU,RD,T4DSL_LIG,,CO2e_TRN,1,2030,,,,,,0.07435380000000001
EmissionActivityRatio,BAU,RD,T4DSL_LIG,,CO2e_TRN,1,2031,,,,,,0.07435380000000001
EmissionActivityRatio,BAU,RD,T4DSL_LIG,,CO2e_TRN,1,2032,,,,,,0.07435380000000001
EmissionActivityRatio,BAU,RD,T4DSL_LIG,,CO2e_TRN,1,2033,,,,,,0.07435380000000001
EmissionActivityRatio,BAU,RD,T4DSL_LIG,,CO2e_TRN,1,2034,,,,,,0.07435380000000001
EmissionActivityRatio,BAU,RD,T4DSL_LIG,,CO2e_TRN,1,2035,,,,,,0.07435380000000001
EmissionActivityRatio,BAU,RD,T4DSL_LIG,,CO2e_TRN,1,2036,,,,,,0.07435380000000001
EmissionActivityRatio,BAU,RD,T4DSL_LIG,,CO2e_TRN,1,2037,,,,,,0.07435380000000001
EmissionActivityRatio,BAU,RD,T4DSL_LIG,,CO2e_TRN,1,2038,,,,,,0.07435380000000001
EmissionActivityRatio,BAU,RD,T4DSL_LIG,,CO2e_TRN,1,2039,,,,,,0.07435380000000001
EmissionActivityRatio,BAU,RD,T4DSL_LIG,,CO2e_TRN,1,2040,,,,,,0.07435380000000001
EmissionActivityRatio,BAU,RD,T4DSL_LIG,,CO2e_TRN,1,2041,,,,,,0.07435380000000001
EmissionActivityRatio,BAU,RD,T4DSL_LIG,,CO2e_TRN,1,2042,,,,,,0.07435380000000001
EmissionActivityRatio,BAU,RD,T4DSL_LIG,,CO2e_TRN,1,2043,,,,,,0.07435380000000001
EmissionActivityRatio,BAU,RD,T4DSL_LIG,,CO2e_TRN,1,2044,,,,,,0.07435380000000001
EmissionActivityRatio,BAU,RD,T4DSL_LIG,,CO2e_TRN,1,2045,,,,,,0.07435380000000001
EmissionActivityRatio,BAU,RD,T4DSL_LIG,,CO2e_TRN,1,2046,,,,,,0.07435380000000001
EmissionActivityRatio,BAU,RD,T4DSL_LIG,,CO2e_TRN,1,2047,,,,,,0.07435380000000001
EmissionActivityRatio,BAU,RD,T4DSL_LIG,,CO2e_TRN,1,2048,,,,,,0.07435380000000001
EmissionActivityRatio,BAU,RD,T4DSL_LIG,,CO2e_TRN,1,2049,,,,,,0.07435380000000001
EmissionActivityRatio,BAU,RD,T4DSL_LIG,,CO2e_TRN,1,2050,,,,,,0.07435380000000001
EmissionActivityRatio,BAU,RD,T4GSL_LIG,,CO2e_TRN,1,2018,,,,,,0.06955380000000001
EmissionActivityRatio,BAU,RD,T4GSL_LIG,,CO2e_TRN,1,2019,,,,,,0.06955380000000001
EmissionActivityRatio,BAU,RD,T4GSL_LIG,,CO2e_TRN,1,2020,,,,,,0.06955380000000001
EmissionActivityRatio,BAU,RD,T4GSL_LIG,,CO2e_TRN,1,2021,,,,,,0.06955380000000001
EmissionActivityRatio,BAU,RD,T4GSL_LIG,,CO2e_TRN,1,2022,,,,,,0.06955380000000001
EmissionActivityRatio,BAU,RD,T4GSL_LIG,,CO2e_TRN,1,2023,,,,,,0.06955380000000001
EmissionActivityRatio,BAU,RD,T4GSL_LIG,,CO2e_TRN,1,2024,,,,,,0.06955380000000001
EmissionActivityRatio,BAU,RD,T4GSL_LIG,,CO2e_TRN,1,2025,,,,,,0.06955380000000001
EmissionActivityRatio,BAU,RD,T4GSL_LIG,,CO2e_TRN,1,2026,,,,,,0.06955380000000001
EmissionActivityRatio,BAU,RD,T4GSL_LIG,,CO2e_TRN,1,2027,,,,,,0.06955380000000001
EmissionActivityRatio,BAU,RD,T4GSL_LIG,,CO2e_TRN,1,2028,,,,,,0.06955380000000001
EmissionActivityRatio,BAU,RD,T4GSL_LIG,,CO2e_TRN,1,2029,,,,,,0.06955380000000001
EmissionActivityRatio,BAU,RD,T4GSL_LIG,,CO2e_TRN,1,2030,,,,,,0.06955380000000001
EmissionActivityRatio,BAU,RD,T4GSL_LIG,,CO2e_TRN,1,2031,,,,,,0.06955380000000001
EmissionActivityRatio,BAU,RD,T4GSL_LIG,,CO2e_TRN,1,2032,,,,,,0.06955380000000001
EmissionActivityRatio,BAU,RD,T4GSL_LIG,,CO2e_TRN,1,2033,,,,,,0.06955380000000001
EmissionActivityRatio,BAU,RD,T4GSL_LIG,,CO2e_TRN,1,2034,,,,,,0.06955380000000001
EmissionActivityRatio,BAU,RD,T4GSL_LIG,,CO2e_TRN,1,2035,,,,,,0.06955380000000001
EmissionActivityRatio,BAU,RD,T4GSL_LIG,,CO2e_TRN,1,2036,,,,,,0.06955380000000001
EmissionActivityRatio,BAU,RD,T4GSL_LIG,,CO2e_TRN,1,2037,,,,,,0.06955380000000001
EmissionActivityRatio,BAU,RD,T4GSL_LIG,,CO2e_TRN,1,2038,,,,,,0.06955380000000001
EmissionActivityRatio,BAU,RD,T4GSL_LIG,,CO2e_TRN,1,2039,,,,,,0.06955380000000001
EmissionActivityRatio,BAU,RD,T4GSL_LIG,,CO2e_TRN,1,2040,,,,,,0.06955380000000001
EmissionActivityRatio,BAU,RD,T4GSL_LIG,,CO2e_TRN,1,2041,,,,,,0.06955380000000001
EmissionActivityRatio,BAU,RD,T4GSL_LIG,,CO2e_TRN,1,2042,,,,,,0.06955380000000001
EmissionActivityRatio,BAU,RD,T4GSL_LIG,,CO2e_TRN,1,2043,,,,,,0.06955380000000001
EmissionActivityRatio,BAU,RD,T4GSL_LIG,,CO2e_TRN,1,2044,,,,,,0.06955380000000001
EmissionActivityRatio,BAU,RD,T4GSL_LIG,,CO2e_TRN,1,2045,,,,,,0.06955380000000001
EmissionActivityRatio,BAU,RD,T4GSL_LIG,,CO2e_TRN,1,2046,,,,,,0.06955380000000001
EmissionActivityRatio,BAU,RD,T4GSL_LIG,,CO2e_TRN,1,2047,,,,,,0.06955380000000001
EmissionActivityRatio,BAU,RD,T4GSL_LIG,,CO2e_TRN,1,2048,,,,,,0.06955380000000001
EmissionActivityRatio,BAU,RD,T4GSL_LIG,,CO2e_TRN,1,2049,,,,,,0.06955380000000001
EmissionActivityRatio,BAU,RD,T4GSL_LIG,,CO2e_TRN,1,2050,,,,,,0.06955380000000001
EmissionActivityRatio,BAU,RD,T4NGS_LIG,,CO2e_TRN,1,2018,,,,,,0.0561548
EmissionActivityRatio,BAU,RD,T4NGS_LIG,,CO2e_TRN,1,2019,,,,,,0.0561548
EmissionActivityRatio,BAU,RD,T4NGS_LIG,,CO2e_TRN,1,2020,,,,,,0.0561548
EmissionActivityRatio,BAU,RD,T4NGS_LIG,,CO2e_TRN,1,2021,,,,,,0.0561548
EmissionActivityRatio,BAU,RD,T4NGS_LIG,,CO2e_TRN,1,2022,,,,,,0.0561548
EmissionActivityRatio,BAU,RD,T4NGS_LIG,,CO2e_TRN,1,2023,,,,,,0.0561548
EmissionActivityRatio,BAU,RD,T4NGS_LIG,,CO2e_TRN,1,2024,,,,,,0.0561548
EmissionActivityRatio,BAU,RD,T4NGS_LIG,,CO2e_TRN,1,2025,,,,,,0.0561548
EmissionActivityRatio,BAU,RD,T4NGS_LIG,,CO2e_TRN,1,2026,,,,,,0.0561548
EmissionActivityRatio,BAU,RD,T4NGS_LIG,,CO2e_TRN,1,2027,,,,,,0.0561548
EmissionActivityRatio,BAU,RD,T4NGS_LIG,,CO2e_TRN,1,2028,,,,,,0.0561548
EmissionActivityRatio,BAU,RD,T4NGS_LIG,,CO2e_TRN,1,2029,,,,,,0.0561548
EmissionActivityRatio,BAU,RD,T4NGS_LIG,,CO2e_TRN,1,2030,,,,,,0.0561548
EmissionActivityRatio,BAU,RD,T4NGS_LIG,,CO2e_TRN,1,2031,,,,,,0.0561548
EmissionActivityRatio,BAU,RD,T4NGS_LIG,,CO2e_TRN,1,2032,,,,,,0.0561548
EmissionActivityRatio,BAU,RD,T4NGS_LIG,,CO2e_TRN,1,2033,,,,,,0.0561548
EmissionActivityRatio,BAU,RD,T4NGS_LIG,,CO2e_TRN,1,2034,,,,,,0.0561548
EmissionActivityRatio,BAU,RD,T4NGS_LIG,,CO2e_TRN,1,2035,,,,,,0.0561548
EmissionActivityRatio,BAU,RD,T4NGS_LIG,,CO2e_TRN,1,2036,,,,,,0.0561548
EmissionActivityRatio,BAU,RD,T4NGS_LIG,,CO2e_TRN,1,2037,,,,,,0.0561548
EmissionActivityRatio,BAU,RD,T4NGS_LIG,,CO2e_TRN,1,2038,,,,,,0.0561548
EmissionActivityRatio,BAU,RD,T4NGS_LIG,,CO2e_TRN,1,2039,,,,,,0.0561548
EmissionActivityRatio,BAU,RD,T4NGS_LIG,,CO2e_TRN,1,2040,,,,,,0.0561548
EmissionActivityRatio,BAU,RD,T4NGS_LIG,,CO2e_TRN,1,2041,,,,,,0.0561548
EmissionActivityRatio,BAU,RD,T4NGS_LIG,,CO2e_TRN,1,2042,,,,,,0.0561548
EmissionActivityRatio,BAU,RD,T4NGS_LIG,,CO2e_TRN,1,2043,,,,,,0.0561548
EmissionActivityRatio,BAU,RD,T4NGS_LIG,,CO2e_TRN,1,2044,,,,,,0.0561548
EmissionActivityRatio,BAU,RD,T4NGS_LIG,,CO2e_TRN,1,2045,,,,,,0.0561548
EmissionActivityRatio,BAU,RD,T4NGS_LIG,,CO2e_TRN,1,2046,,,,,,0.0561548
EmissionActivityRatio,BAU,RD,T4NGS_LIG,,CO2e_TRN,1,2047,,,,,,0.0561548
EmissionActivityRatio,BAU,RD,T4NGS_LIG,,CO2e_TRN,1,2048,,,,,,0.0561548
EmissionActivityRatio,BAU,RD,T4NGS_LIG,,CO2e_TRN,1,2049,,,,,,0.0561548
EmissionActivityRatio,BAU,RD,T4NGS_LIG,,CO2e_TRN,1,2050,,,,,,0.0561548
EmissionActivityRatio,BAU,RD,T4LPG_LIG,,CO2e_TRN,1,2018,,,,,,0.0631548
EmissionActivityRatio,BAU,RD,T4LPG_LIG,,CO2e_TRN,1,2019,,,,,,0.0631548
EmissionActivityRatio,BAU,RD,T4LPG_LIG,,CO2e_TRN,1,2020,,,,,,0.0631548
EmissionActivityRatio,BAU,RD,T4LPG_LIG,,CO2e_TRN,1,2021,,,,,,0.0631548
EmissionActivityRatio,BAU,RD,T4LPG_LIG,,CO2e_TRN,1,2022,,,,,,0.0631548
EmissionActivityRatio,BAU,RD,T4LPG_LIG,,CO2e_TRN,1,2023,,,,,,0.0631548
EmissionActivityRatio,BAU,RD,T4LPG_LIG,,CO2e_TRN,1,2024,,,,,,0.0631548
EmissionActivityRatio,BAU,RD,T4LPG_LIG,,CO2e_TRN,1,2025,,,,,,0.0631548
EmissionActivityRatio,BAU,RD,T4LPG_LIG,,CO2e_TRN,1,2026,,,,,,0.0631548
EmissionActivityRatio,BAU,RD,T4LPG_LIG,,CO2e_TRN,1,2027,,,,,,0.0631548
EmissionActivityRatio,BAU,RD,T4LPG_LIG,,CO2e_TRN,1,2028,,,,,,0.0631548
EmissionActivityRatio,BAU,RD,T4LPG_LIG,,CO2e_TRN,1,2029,,,,,,0.0631548
EmissionActivityRatio,BAU,RD,T4LPG_LIG,,CO2e_TRN,1,2030,,,,,,0.0631548
EmissionActivityRatio,BAU,RD,T4LPG_LIG,,CO2e_TRN,1,2031,,,,,,0.0631548
EmissionActivityRatio,BAU,RD,T4LPG_LIG,,CO2e_TRN,1,2032,,,,,,0.0631548
EmissionActivityRatio,BAU,RD,T4LPG_LIG,,CO2e_TRN,1,2033,,,,,,0.0631548
EmissionActivityRatio,BAU,RD,T4LPG_LIG,,CO2e_TRN,1,2034,,,,,,0.0631548
EmissionActivityRatio,BAU,RD,T4LPG_LIG,,CO2e_TRN,1,2035,,,,,,0.0631548
EmissionActivityRatio,BAU,RD,T4LPG_LIG,,CO2e_TRN,1,2036,,,,,,0.0631548
EmissionActivityRatio,BAU,RD,T4LPG_LIG,,CO2e_TRN,1,2037,,,,,,0.0631548
EmissionActivityRatio,BAU,RD,T4LPG_LIG,,CO2e_TRN,1,2038,,,,,,0.0631548
EmissionActivityRatio,BAU,RD,T4LPG_LIG,,CO2e_TRN,1,2039,,,,,,0.0631548
EmissionActivityRatio,BAU,RD,T4LPG_LIG,,CO2e_TRN,1,2040,,,,,,0.0631548
EmissionActivityRatio,BAU,RD,T4LPG_LIG,,CO2e_TRN,1,2041,,,,,,0.0631548
EmissionActivityRatio,BAU,RD,T4LPG_LIG,,CO2e_TRN,1,2042,,,,,,0.0631548
EmissionActivityRatio,BAU,RD,T4LPG_LIG,,CO2e_TRN,1,2043,,,,,,0.0631548
EmissionActivityRatio,BAU,RD,T4LPG_LIG,,CO2e_TRN,1,2044,,,,,,0.0631548
EmissionActivityRatio,BAU,RD,T4LPG_LIG,,CO2e_TRN,1,2045,,,,,,0.0631548
EmissionActivityRatio,BAU,RD,T4LPG_LIG,,CO2e_TRN,1,2046,,,,,,0.0631548
EmissionActivityRatio,BAU,RD,T4LPG_LIG,,CO2e_TRN,1,2047,,,,,,0.0631548
EmissionActivityRatio,BAU,RD,T4LPG_LIG,,CO2e_TRN,1,2048,,,,,,0.0631548
EmissionActivityRatio,BAU,RD,T4LPG_LIG,,CO2e_TRN,1,2049,,,,,,0.0631548
EmissionActivityRatio,BAU,RD,T4LPG_LIG,,CO2e_TRN,1,2050,,,,,,0.0631548
EmissionActivityRatio,BAU,RD,T5DSLCOM,,CO2e_DE,1,2018,,,,,,0.07453900000000001
EmissionActivityRatio,BAU,RD,T5DSLCOM,,CO2e_DE,1,2019,,,,,,0.07453900000000001
EmissionActivityRatio,BAU,RD,T5DSLCOM,,CO2e_DE,1,2020,,,,,,0.07453900000000001
EmissionActivityRatio,BAU,RD,T5DSLCOM,,CO2e_DE,1,2021,,,,,,0.07453900000000001
EmissionActivityRatio,BAU,RD,T5DSLCOM,,CO2e_DE,1,2022,,,,,,0.07453900000000001
EmissionActivityRatio,BAU,RD,T5DSLCOM,,CO2e_DE,1,2023,,,,,,0.07453900000000001
EmissionActivityRatio,BAU,RD,T5DSLCOM,,CO2e_DE,1,2024,,,,,,0.07453900000000001
EmissionActivityRatio,BAU,RD,T5DSLCOM,,CO2e_DE,1,2025,,,,,,0.07453900000000001
EmissionActivityRatio,BAU,RD,T5DSLCOM,,CO2e_DE,1,2026,,,,,,0.07453900000000001
EmissionActivityRatio,BAU,RD,T5DSLCOM,,CO2e_DE,1,2027,,,,,,0.07453900000000001
EmissionActivityRatio,BAU,RD,T5DSLCOM,,CO2e_DE,1,2028,,,,,,0.07453900000000001
EmissionActivityRatio,BAU,RD,T5DSLCOM,,CO2e_DE,1,2029,,,,,,0.07453900000000001
EmissionActivityRatio,BAU,RD,T5DSLCOM,,CO2e_DE,1,2030,,,,,,0.07453900000000001
EmissionActivityRatio,BAU,RD,T5DSLCOM,,CO2e_DE,1,2031,,,,,,0.07453900000000001
EmissionActivityRatio,BAU,RD,T5DSLCOM,,CO2e_DE,1,2032,,,,,,0.07453900000000001
EmissionActivityRatio,BAU,RD,T5DSLCOM,,CO2e_DE,1,2033,,,,,,0.07453900000000001
EmissionActivityRatio,BAU,RD,T5DSLCOM,,CO2e_DE,1,2034,,,,,,0.07453900000000001
EmissionActivityRatio,BAU,RD,T5DSLCOM,,CO2e_DE,1,2035,,,,,,0.07453900000000001
EmissionActivityRatio,BAU,RD,T5DSLCOM,,CO2e_DE,1,2036,,,,,,0.07453900000000001
EmissionActivityRatio,BAU,RD,T5DSLCOM,,CO2e_DE,1,2037,,,,,,0.07453900000000001
EmissionActivityRatio,BAU,RD,T5DSLCOM,,CO2e_DE,1,2038,,,,,,0.07453900000000001
EmissionActivityRatio,BAU,RD,T5DSLCOM,,CO2e_DE,1,2039,,,,,,0.07453900000000001
EmissionActivityRatio,BAU,RD,T5DSLCOM,,CO2e_DE,1,2040,,,,,,0.07453900000000001
EmissionActivityRatio,BAU,RD,T5DSLCOM,,CO2e_DE,1,2041,,,,,,0.07453900000000001
EmissionActivityRatio,BAU,RD,T5DSLCOM,,CO2e_DE,1,2042,,,,,,0.07453900000000001
EmissionActivityRatio,BAU,RD,T5DSLCOM,,CO2e_DE,1,2043,,,,,,0.07453900000000001
EmissionActivityRatio,BAU,RD,T5DSLCOM,,CO2e_DE,1,2044,,,,,,0.07453900000000001
EmissionActivityRatio,BAU,RD,T5DSLCOM,,CO2e_DE,1,2045,,,,,,0.07453900000000001
EmissionActivityRatio,BAU,RD,T5DSLCOM,,CO2e_DE,1,2046,,,,,,0.07453900000000001
EmissionActivityRatio,BAU,RD,T5DSLCOM,,CO2e_DE,1,2047,,,,,,0.07453900000000001
EmissionActivityRatio,BAU,RD,T5DSLCOM,,CO2e_DE,1,2048,,,,,,0.07453900000000001
EmissionActivityRatio,BAU,RD,T5DSLCOM,,CO2e_DE,1,2049,,,,,,0.07453900000000001
EmissionActivityRatio,BAU,RD,T5DSLCOM,,CO2e_DE,1,2050,,,,,,0.07453900000000001
EmissionActivityRatio,BAU,RD,T5GSLCOM,,CO2e_DE,1,2018,,,,,,0.06973900000000001
EmissionActivityRatio,BAU,RD,T5GSLCOM,,CO2e_DE,1,2019,,,,,,0.06973900000000001
EmissionActivityRatio,BAU,RD,T5GSLCOM,,CO2e_DE,1,2020,,,,,,0.06973900000000001
EmissionActivityRatio,BAU,RD,T5GSLCOM,,CO2e_DE,1,2021,,,,,,0.06973900000000001
EmissionActivityRatio,BAU,RD,T5GSLCOM,,CO2e_DE,1,2022,,,,,,0.06973900000000001
EmissionActivityRatio,BAU,RD,T5GSLCOM,,CO2e_DE,1,2023,,,,,,0.06973900000000001
EmissionActivityRatio,BAU,RD,T5GSLCOM,,CO2e_DE,1,2024,,,,,,0.06973900000000001
EmissionActivityRatio,BAU,RD,T5GSLCOM,,CO2e_DE,1,2025,,,,,,0.06973900000000001
EmissionActivityRatio,BAU,RD,T5GSLCOM,,CO2e_DE,1,2026,,,,,,0.06973900000000001
EmissionActivityRatio,BAU,RD,T5GSLCOM,,CO2e_DE,1,2027,,,,,,0.06973900000000001
EmissionActivityRatio,BAU,RD,T5GSLCOM,,CO2e_DE,1,2028,,,,,,0.06973900000000001
EmissionActivityRatio,BAU,RD,T5GSLCOM,,CO2e_DE,1,2029,,,,,,0.06973900000000001
EmissionActivityRatio,BAU,RD,T5GSLCOM,,CO2e_DE,1,2030,,,,,,0.06973900000000001
EmissionActivityRatio,BAU,RD,T5GSLCOM,,CO2e_DE,1,2031,,,,,,0.06973900000000001
EmissionActivityRatio,BAU,RD,T5GSLCOM,,CO2e_DE,1,2032,,,,,,0.06973900000000001
EmissionActivityRatio,BAU,RD,T5GSLCOM,,CO2e_DE,1,2033,,,,,,0.06973900000000001
EmissionActivityRatio,BAU,RD,T5GSLCOM,,CO2e_DE,1,2034,,,,,,0.06973900000000001
EmissionActivityRatio,BAU,RD,T5GSLCOM,,CO2e_DE,1,2035,,,,,,0.06973900000000001
EmissionActivityRatio,BAU,RD,T5GSLCOM,,CO2e_DE,1,2036,,,,,,0.06973900000000001
EmissionActivityRatio,BAU,RD,T5GSLCOM,,CO2e_DE,1,2037,,,,,,0.06973900000000001
EmissionActivityRatio,BAU,RD,T5GSLCOM,,CO2e_DE,1,2038,,,,,,0.06973900000000001
EmissionActivityRatio,BAU,RD,T5GSLCOM,,CO2e_DE,1,2039,,,,,,0.06973900000000001
EmissionActivityRatio,BAU,RD,T5GSLCOM,,CO2e_DE,1,2040,,,,,,0.06973900000000001
EmissionActivityRatio,BAU,RD,T5GSLCOM,,CO2e_DE,1,2041,,,,,,0.06973900000000001
EmissionActivityRatio,BAU,RD,T5GSLCOM,,CO2e_DE,1,2042,,,,,,0.06973900000000001
EmissionActivityRatio,BAU,RD,T5GSLCOM,,CO2e_DE,1,2043,,,,,,0.06973900000000001
EmissionActivityRatio,BAU,RD,T5GSLCOM,,CO2e_DE,1,2044,,,,,,0.06973900000000001
EmissionActivityRatio,BAU,RD,T5GSLCOM,,CO2e_DE,1,2045,,,,,,0.06973900000000001
EmissionActivityRatio,BAU,RD,T5GSLCOM,,CO2e_DE,1,2046,,,,,,0.06973900000000001
EmissionActivityRatio,BAU,RD,T5GSLCOM,,CO2e_DE,1,2047,,,,,,0.06973900000000001
EmissionActivityRatio,BAU,RD,T5GSLCOM,,CO2e_DE,1,2048,,,,,,0.06973900000000001
EmissionActivityRatio,BAU,RD,T5GSLCOM,,CO2e_DE,1,2049,,,,,,0.06973900000000001
EmissionActivityRatio,BAU,RD,T5GSLCOM,,CO2e_DE,1,2050,,,,,,0.06973900000000001
EmissionActivityRatio,BAU,RD,T5NGSCOM,,CO2e_DE,1,2018,,,,,,0.064639
EmissionActivityRatio,BAU,RD,T5NGSCOM,,CO2e_DE,1,2019,,,,,,0.064639
EmissionActivityRatio,BAU,RD,T5NGSCOM,,CO2e_DE,1,2020,,,,,,0.064639
EmissionActivityRatio,BAU,RD,T5NGSCOM,,CO2e_DE,1,2021,,,,,,0.064639
EmissionActivityRatio,BAU,RD,T5NGSCOM,,CO2e_DE,1,2022,,,,,,0.064639
EmissionActivityRatio,BAU,RD,T5NGSCOM,,CO2e_DE,1,2023,,,,,,0.064639
EmissionActivityRatio,BAU,RD,T5NGSCOM,,CO2e_DE,1,2024,,,,,,0.064639
EmissionActivityRatio,BAU,RD,T5NGSCOM,,CO2e_DE,1,2025,,,,,,0.064639
EmissionActivityRatio,BAU,RD,T5NGSCOM,,CO2e_DE,1,2026,,,,,,0.064639
EmissionActivityRatio,BAU,RD,T5NGSCOM,,CO2e_DE,1,2027,,,,,,0.064639
EmissionActivityRatio,BAU,RD,T5NGSCOM,,CO2e_DE,1,2028,,,,,,0.064639
EmissionActivityRatio,BAU,RD,T5NGSCOM,,CO2e_DE,1,2029,,,,,,0.064639
EmissionActivityRatio,BAU,RD,T5NGSCOM,,CO2e_DE,1,2030,,,,,,0.064639
EmissionActivityRatio,BAU,RD,T5NGSCOM,,CO2e_DE,1,2031,,,,,,0.064639
EmissionActivityRatio,BAU,RD,T5NGSCOM,,CO2e_DE,1,2032,,,,,,0.064639
EmissionActivityRatio,BAU,RD,T5NGSCOM,,CO2e_DE,1,2033,,,,,,0.064639
EmissionActivityRatio,BAU,RD,T5NGSCOM,,CO2e_DE,1,2034,,,,,,0.064639
EmissionActivityRatio,BAU,RD,T5NGSCOM,,CO2e_DE,1,2035,,,,,,0.064639
EmissionActivityRatio,BAU,RD,T5NGSCOM,,CO2e_DE,1,2036,,,,,,0.064639
EmissionActivityRatio,BAU,RD,T5NGSCOM,,CO2e_DE,1,2037,,,,,,0.064639
EmissionActivityRatio,BAU,RD,T5NGSCOM,,CO2e_DE,1,2038,,,,,,0.064639
EmissionActivityRatio,BAU,RD,T5NGSCOM,,CO2e_DE,1,2039,,,,,,0.064639
EmissionActivityRatio,BAU,RD,T5NGSCOM,,CO2e_DE,1,2040,,,,,,0.064639
EmissionActivityRatio,BAU,RD,T5NGSCOM,,CO2e_DE,1,2041,,,,,,0.064639
EmissionActivityRatio,BAU,RD,T5NGSCOM,,CO2e_DE,1,2042,,,,,,0.064639
EmissionActivityRatio,BAU,RD,T5NGSCOM,,CO2e_DE,1,2043,,,,,,0.064639
EmissionActivityRatio,BAU,RD,T5NGSCOM,,CO2e_DE,1,2044,,,,,,0.064639
EmissionActivityRatio,BAU,RD,T5NGSCOM,,CO2e_DE,1,2045,,,,,,0.064639
EmissionActivityRatio,BAU,RD,T5NGSCOM,,CO2e_DE,1,2046,,,,,,0.064639
EmissionActivityRatio,BAU,RD,T5NGSCOM,,CO2e_DE,1,2047,,,,,,0.064639
EmissionActivityRatio,BAU,RD,T5NGSCOM,,CO2e_DE,1,2048,,,,,,0.064639
EmissionActivityRatio,BAU,RD,T5NGSCOM,,CO2e_DE,1,2049,,,,,,0.064639
EmissionActivityRatio,BAU,RD,T5NGSCOM,,CO2e_DE,1,2050,,,,,,0.064639
EmissionActivityRatio,BAU,RD,T5LPGCOM,,CO2e_DE,1,2018,,,,,,0.0632665
EmissionActivityRatio,BAU,RD,T5LPGCOM,,CO2e_DE,1,2019,,,,,,0.0632665
EmissionActivityRatio,BAU,RD,T5LPGCOM,,CO2e_DE,1,2020,,,,,,0.0632665
EmissionActivityRatio,BAU,RD,T5LPGCOM,,CO2e_DE,1,2021,,,,,,0.0632665
EmissionActivityRatio,BAU,RD,T5LPGCOM,,CO2e_DE,1,2022,,,,,,0.0632665
EmissionActivityRatio,BAU,RD,T5LPGCOM,,CO2e_DE,1,2023,,,,,,0.0632665
EmissionActivityRatio,BAU,RD,T5LPGCOM,,CO2e_DE,1,2024,,,,,,0.0632665
EmissionActivityRatio,BAU,RD,T5LPGCOM,,CO2e_DE,1,2025,,,,,,0.0632665
EmissionActivityRatio,BAU,RD,T5LPGCOM,,CO2e_DE,1,2026,,,,,,0.0632665
EmissionActivityRatio,BAU,RD,T5LPGCOM,,CO2e_DE,1,2027,,,,,,0.0632665
EmissionActivityRatio,BAU,RD,T5LPGCOM,,CO2e_DE,1,2028,,,,,,0.0632665
EmissionActivityRatio,BAU,RD,T5LPGCOM,,CO2e_DE,1,2029,,,,,,0.0632665
EmissionActivityRatio,BAU,RD,T5LPGCOM,,CO2e_DE,1,2030,,,,,,0.0632665
EmissionActivityRatio,BAU,RD,T5LPGCOM,,CO2e_DE,1,2031,,,,,,0.0632665
EmissionActivityRatio,BAU,RD,T5LPGCOM,,CO2e_DE,1,2032,,,,,,0.0632665
EmissionActivityRatio,BAU,RD,T5LPGCOM,,CO2e_DE,1,2033,,,,,,0.0632665
EmissionActivityRatio,BAU,RD,T5LPGCOM,,CO2e_DE,1,2034,,,,,,0.0632665
EmissionActivityRatio,BAU,RD,T5LPGCOM,,CO2e_DE,1,2035,,,,,,0.0632665
EmissionActivityRatio,BAU,RD,T5LPGCOM,,CO2e_DE,1,2036,,,,,,0.0632665
EmissionActivityRatio,BAU,RD,T5LPGCOM,,CO2e_DE,1,2037,,,,,,0.0632665
EmissionActivityRatio,BAU,RD,T5LPGCOM,,CO2e_DE,1,2038,,,,,,0.0632665
EmissionActivityRatio,BAU,RD,T5LPGCOM,,CO2e_DE,1,2039,,,,,,0.0632665
EmissionActivityRatio,BAU,RD,T5LPGCOM,,CO2e_DE,1,2040,,,,,,0.0632665
EmissionActivityRatio,BAU,RD,T5LPGCOM,,CO2e_DE,1,2041,,,,,,0.0632665
EmissionActivityRatio,BAU,RD,T5LPGCOM,,CO2e_DE,1,2042,,,,,,0.0632665
EmissionActivityRatio,BAU,RD,T5LPGCOM,,CO2e_DE,1,2043,,,,,,0.0632665
EmissionActivityRatio,BAU,RD,T5LPGCOM,,CO2e_DE,1,2044,,,,,,0.0632665
EmissionActivityRatio,BAU,RD,T5LPGCOM,,CO2e_DE,1,2045,,,,,,0.0632665
EmissionActivityRatio,BAU,RD,T5LPGCOM,,CO2e_DE,1,2046,,,,,,0.0632665
EmissionActivityRatio,BAU,RD,T5LPGCOM,,CO2e_DE,1,2047,,,,,,0.0632665
EmissionActivityRatio,BAU,RD,T5LPGCOM,,CO2e_DE,1,2048,,,,,,0.0632665
EmissionActivityRatio,BAU,RD,T5LPGCOM,,CO2e_DE,1,2049,,,,,,0.0632665
EmissionActivityRatio,BAU,RD,T5LPGCOM,,CO2e_DE,1,2050,,,,,,0.0632665
EmissionActivityRatio,BAU,RD,T5ELECOM,,CO2e_DE,1,2018,,,,,,0.0
EmissionActivityRatio,BAU,RD,T5ELECOM,,CO2e_DE,1,2019,,,,,,0.0
EmissionActivityRatio,BAU,RD,T5ELECOM,,CO2e_DE,1,2020,,,,,,0.0
EmissionActivityRatio,BAU,RD,T5ELECOM,,CO2e_DE,1,2021,,,,,,0.0
EmissionActivityRatio,BAU,RD,T5ELECOM,,CO2e_DE,1,2022,,,,,,0.0
EmissionActivityRatio,BAU,RD,T5ELECOM,,CO2e_DE,1,2023,,,,,,0.0
EmissionActivityRatio,BAU,RD,T5ELECOM,,CO2e_DE,1,2024,,,,,,0.0
EmissionActivityRatio,BAU,RD,T5ELECOM,,CO2e_DE,1,2025,,,,,,0.0
EmissionActivityRatio,BAU,RD,T5ELECOM,,CO2e_DE,1,2026,,,,,,0.0
EmissionActivityRatio,BAU,RD,T5ELECOM,,CO2e_DE,1,2027,,,,,,0.0
EmissionActivityRatio,BAU,RD,T5ELECOM,,CO2e_DE,1,2028,,,,,,0.0
EmissionActivityRatio,BAU,RD,T5ELECOM,,CO2e_DE,1,2029,,,,,,0.0
EmissionActivityRatio,BAU,RD,T5ELECOM,,CO2e_DE,1,2030,,,,,,0.0
EmissionActivityRatio,BAU,RD,T5ELECOM,,CO2e_DE,1,2031,,,,,,0.0
EmissionActivityRatio,BAU,RD,T5ELECOM,,CO2e_DE,1,2032,,,,,,0.0
EmissionActivityRatio,BAU,RD,T5ELECOM,,CO2e_DE,1,2033,,,,,,0.0
EmissionActivityRatio,BAU,RD,T5ELECOM,,CO2e_DE,1,2034,,,,,,0.0
EmissionActivityRatio,BAU,RD,T5ELECOM,,CO2e_DE,1,2035,,,,,,0.0
EmissionActivityRatio,BAU,RD,T5ELECOM,,CO2e_DE,1,2036,,,,,,0.0
EmissionActivityRatio,BAU,RD,T5ELECOM,,CO2e_DE,1,2037,,,,,,0.0
EmissionActivityRatio,BAU,RD,T5ELECOM,,CO2e_DE,1,2038,,,,,,0.0
EmissionActivityRatio,BAU,RD,T5ELECOM,,CO2e_DE,1,2039,,,,,,0.0
EmissionActivityRatio,BAU,RD,T5ELECOM,,CO2e_DE,1,2040,,,,,,0.0
EmissionActivityRatio,BAU,RD,T5ELECOM,,CO2e_DE,1,2041,,,,,,0.0
EmissionActivityRatio,BAU,RD,T5ELECOM,,CO2e_DE,1,2042,,,,,,0.0
EmissionActivityRatio,BAU,RD,T5ELECOM,,CO2e_DE,1,2043,,,,,,0.0
EmissionActivityRatio,BAU,RD,T5ELECOM,,CO2e_DE,1,2044,,,,,,0.0
EmissionActivityRatio,BAU,RD,T5ELECOM,,CO2e_DE,1,2045,,,,,,0.0
EmissionActivityRatio,BAU,RD,T5ELECOM,,CO2e_DE,1,2046,,,,,,0.0
EmissionActivityRatio,BAU,RD,T5ELECOM,,CO2e_DE,1,2047,,,,,,0.0
EmissionActivityRatio,BAU,RD,T5ELECOM,,CO2e_DE,1,2048,,,,,,0.0
EmissionActivityRatio,BAU,RD,T5ELECOM,,CO2e_DE,1,2049,,,,,,0.0
EmissionActivityRatio,BAU,RD,T5ELECOM,,CO2e_DE,1,2050,,,,,,0.0
EmissionActivityRatio,BAU,RD,T5FIRCOM,,CO2e_DE,1,2018,,,,,,0.009460000000000001
EmissionActivityRatio,BAU,RD,T5FIRCOM,,CO2e_DE,1,2019,,,,,,0.009460000000000001
EmissionActivityRatio,BAU,RD,T5FIRCOM,,CO2e_DE,1,2020,,,,,,0.009460000000000001
EmissionActivityRatio,BAU,RD,T5FIRCOM,,CO2e_DE,1,2021,,,,,,0.009460000000000001
EmissionActivityRatio,BAU,RD,T5FIRCOM,,CO2e_DE,1,2022,,,,,,0.009460000000000001
EmissionActivityRatio,BAU,RD,T5FIRCOM,,CO2e_DE,1,2023,,,,,,0.009460000000000001
EmissionActivityRatio,BAU,RD,T5FIRCOM,,CO2e_DE,1,2024,,,,,,0.009460000000000001
EmissionActivityRatio,BAU,RD,T5FIRCOM,,CO2e_DE,1,2025,,,,,,0.009460000000000001
EmissionActivityRatio,BAU,RD,T5FIRCOM,,CO2e_DE,1,2026,,,,,,0.009460000000000001
EmissionActivityRatio,BAU,RD,T5FIRCOM,,CO2e_DE,1,2027,,,,,,0.009460000000000001
EmissionActivityRatio,BAU,RD,T5FIRCOM,,CO2e_DE,1,2028,,,,,,0.009460000000000001
EmissionActivityRatio,BAU,RD,T5FIRCOM,,CO2e_DE,1,2029,,,,,,0.009460000000000001
EmissionActivityRatio,BAU,RD,T5FIRCOM,,CO2e_DE,1,2030,,,,,,0.009460000000000001
EmissionActivityRatio,BAU,RD,T5FIRCOM,,CO2e_DE,1,2031,,,,,,0.009460000000000001
EmissionActivityRatio,BAU,RD,T5FIRCOM,,CO2e_DE,1,2032,,,,,,0.009460000000000001
EmissionActivityRatio,BAU,RD,T5FIRCOM,,CO2e_DE,1,2033,,,,,,0.009460000000000001
EmissionActivityRatio,BAU,RD,T5FIRCOM,,CO2e_DE,1,2034,,,,,,0.009460000000000001
EmissionActivityRatio,BAU,RD,T5FIRCOM,,CO2e_DE,1,2035,,,,,,0.009460000000000001
EmissionActivityRatio,BAU,RD,T5FIRCOM,,CO2e_DE,1,2036,,,,,,0.009460000000000001
EmissionActivityRatio,BAU,RD,T5FIRCOM,,CO2e_DE,1,2037,,,,,,0.009460000000000001
EmissionActivityRatio,BAU,RD,T5FIRCOM,,CO2e_DE,1,2038,,,,,,0.009460000000000001
EmissionActivityRatio,BAU,RD,T5FIRCOM,,CO2e_DE,1,2039,,,,,,0.009460000000000001
EmissionActivityRatio,BAU,RD,T5FIRCOM,,CO2e_DE,1,2040,,,,,,0.009460000000000001
EmissionActivityRatio,BAU,RD,T5FIRCOM,,CO2e_DE,1,2041,,,,,,0.009460000000000001
EmissionActivityRatio,BAU,RD,T5FIRCOM,,CO2e_DE,1,2042,,,,,,0.009460000000000001
EmissionActivityRatio,BAU,RD,T5FIRCOM,,CO2e_DE,1,2043,,,,,,0.009460000000000001
EmissionActivityRatio,BAU,RD,T5FIRCOM,,CO2e_DE,1,2044,,,,,,0.009460000000000001
EmissionActivityRatio,BAU,RD,T5FIRCOM,,CO2e_DE,1,2045,,,,,,0.009460000000000001
EmissionActivityRatio,BAU,RD,T5FIRCOM,,CO2e_DE,1,2046,,,,,,0.009460000000000001
EmissionActivityRatio,BAU,RD,T5FIRCOM,,CO2e_DE,1,2047,,,,,,0.009460000000000001
EmissionActivityRatio,BAU,RD,T5FIRCOM,,CO2e_DE,1,2048,,,,,,0.009460000000000001
EmissionActivityRatio,BAU,RD,T5FIRCOM,,CO2e_DE,1,2049,,,,,,0.009460000000000001
EmissionActivityRatio,BAU,RD,T5FIRCOM,,CO2e_DE,1,2050,,,,,,0.009460000000000001
EmissionActivityRatio,BAU,RD,T5BIMCOM,,CO2e_DE,1,2018,,,,,,0.005865
EmissionActivityRatio,BAU,RD,T5BIMCOM,,CO2e_DE,1,2019,,,,,,0.005865
EmissionActivityRatio,BAU,RD,T5BIMCOM,,CO2e_DE,1,2020,,,,,,0.005865
EmissionActivityRatio,BAU,RD,T5BIMCOM,,CO2e_DE,1,2021,,,,,,0.005865
EmissionActivityRatio,BAU,RD,T5BIMCOM,,CO2e_DE,1,2022,,,,,,0.005865
EmissionActivityRatio,BAU,RD,T5BIMCOM,,CO2e_DE,1,2023,,,,,,0.005865
EmissionActivityRatio,BAU,RD,T5BIMCOM,,CO2e_DE,1,2024,,,,,,0.005865
EmissionActivityRatio,BAU,RD,T5BIMCOM,,CO2e_DE,1,2025,,,,,,0.005865
EmissionActivityRatio,BAU,RD,T5BIMCOM,,CO2e_DE,1,2026,,,,,,0.005865
EmissionActivityRatio,BAU,RD,T5BIMCOM,,CO2e_DE,1,2027,,,,,,0.005865
EmissionActivityRatio,BAU,RD,T5BIMCOM,,CO2e_DE,1,2028,,,,,,0.005865
EmissionActivityRatio,BAU,RD,T5BIMCOM,,CO2e_DE,1,2029,,,,,,0.005865
EmissionActivityRatio,BAU,RD,T5BIMCOM,,CO2e_DE,1,2030,,,,,,0.005865
EmissionActivityRatio,BAU,RD,T5BIMCOM,,CO2e_DE,1,2031,,,,,,0.005865
EmissionActivityRatio,BAU,RD,T5BIMCOM,,CO2e_DE,1,2032,,,,,,0.005865
EmissionActivityRatio,BAU,RD,T5BIMCOM,,CO2e_DE,1,2033,,,,,,0.005865
EmissionActivityRatio,BAU,RD,T5BIMCOM,,CO2e_DE,1,2034,,,,,,0.005865
EmissionActivityRatio,BAU,RD,T5BIMCOM,,CO2e_DE,1,2035,,,,,,0.005865
EmissionActivityRatio,BAU,RD,T5BIMCOM,,CO2e_DE,1,2036,,,,,,0.005865
EmissionActivityRatio,BAU,RD,T5BIMCOM,,CO2e_DE,1,2037,,,,,,0.005865
EmissionActivityRatio,BAU,RD,T5BIMCOM,,CO2e_DE,1,2038,,,,,,0.005865
EmissionActivityRatio,BAU,RD,T5BIMCOM,,CO2e_DE,1,2039,,,,,,0.005865
EmissionActivityRatio,BAU,RD,T5BIMCOM,,CO2e_DE,1,2040,,,,,,0.005865
EmissionActivityRatio,BAU,RD,T5BIMCOM,,CO2e_DE,1,2041,,,,,,0.005865
EmissionActivityRatio,BAU,RD,T5BIMCOM,,CO2e_DE,1,2042,,,,,,0.005865
EmissionActivityRatio,BAU,RD,T5BIMCOM,,CO2e_DE,1,2043,,,,,,0.005865
EmissionActivityRatio,BAU,RD,T5BIMCOM,,CO2e_DE,1,2044,,,,,,0.005865
EmissionActivityRatio,BAU,RD,T5BIMCOM,,CO2e_DE,1,2045,,,,,,0.005865
EmissionActivityRatio,BAU,RD,T5BIMCOM,,CO2e_DE,1,2046,,,,,,0.005865
EmissionActivityRatio,BAU,RD,T5BIMCOM,,CO2e_DE,1,2047,,,,,,0.005865
EmissionActivityRatio,BAU,RD,T5BIMCOM,,CO2e_DE,1,2048,,,,,,0.005865
EmissionActivityRatio,BAU,RD,T5BIMCOM,,CO2e_DE,1,2049,,,,,,0.005865
EmissionActivityRatio,BAU,RD,T5BIMCOM,,CO2e_DE,1,2050,,,,,,0.005865
EmissionActivityRatio,BAU,RD,T5BIMCOM,,CO2e_CARBONERAS,1,2018,,,,,,0.0034735032481966813
EmissionActivityRatio,BAU,RD,T5BIMCOM,,CO2e_CARBONERAS,1,2019,,,,,,0.0034735032481966813
EmissionActivityRatio,BAU,RD,T5BIMCOM,,CO2e_CARBONERAS,1,2020,,,,,,0.0034735032481966813
EmissionActivityRatio,BAU,RD,T5BIMCOM,,CO2e_CARBONERAS,1,2021,,,,,,0.0034735032481966813
EmissionActivityRatio,BAU,RD,T5BIMCOM,,CO2e_CARBONERAS,1,2022,,,,,,0.0034735032481966813
EmissionActivityRatio,BAU,RD,T5BIMCOM,,CO2e_CARBONERAS,1,2023,,,,,,0.0034735032481966813
EmissionActivityRatio,BAU,RD,T5BIMCOM,,CO2e_CARBONERAS,1,2024,,,,,,0.0034735032481966813
EmissionActivityRatio,BAU,RD,T5BIMCOM,,CO2e_CARBONERAS,1,2025,,,,,,0.0034735032481966813
EmissionActivityRatio,BAU,RD,T5BIMCOM,,CO2e_CARBONERAS,1,2026,,,,,,0.0034735032481966813
EmissionActivityRatio,BAU,RD,T5BIMCOM,,CO2e_CARBONERAS,1,2027,,,,,,0.0034735032481966813
EmissionActivityRatio,BAU,RD,T5BIMCOM,,CO2e_CARBONERAS,1,2028,,,,,,0.0034735032481966813
EmissionActivityRatio,BAU,RD,T5BIMCOM,,CO2e_CARBONERAS,1,2029,,,,,,0.0034735032481966813
EmissionActivityRatio,BAU,RD,T5BIMCOM,,CO2e_CARBONERAS,1,2030,,,,,,0.0034735032481966813
EmissionActivityRatio,BAU,RD,T5BIMCOM,,CO2e_CARBONERAS,1,2031,,,,,,0.0034735032481966813
EmissionActivityRatio,BAU,RD,T5BIMCOM,,CO2e_CARBONERAS,1,2032,,,,,,0.0034735032481966813
EmissionActivityRatio,BAU,RD,T5BIMCOM,,CO2e_CARBONERAS,1,2033,,,,,,0.0034735032481966813
EmissionActivityRatio,BAU,RD,T5BIMCOM,,CO2e_CARBONERAS,1,2034,,,,,,0.0034735032481966813
EmissionActivityRatio,BAU,RD,T5BIMCOM,,CO2e_CARBONERAS,1,2035,,,,,,0.0034735032481966813
EmissionActivityRatio,BAU,RD,T5BIMCOM,,CO2e_CARBONERAS,1,2036,,,,,,0.0034735032481966813
EmissionActivityRatio,BAU,RD,T5BIMCOM,,CO2e_CARBONERAS,1,2037,,,,,,0.0034735032481966813
EmissionActivityRatio,BAU,RD,T5BIMCOM,,CO2e_CARBONERAS,1,2038,,,,,,0.0034735032481966813
EmissionActivityRatio,BAU,RD,T5BIMCOM,,CO2e_CARBONERAS,1,2039,,,,,,0.0034735032481966813
EmissionActivityRatio,BAU,RD,T5BIMCOM,,CO2e_CARBONERAS,1,2040,,,,,,0.0034735032481966813
EmissionActivityRatio,BAU,RD,T5BIMCOM,,CO2e_CARBONERAS,1,2041,,,,,,0.0034735032481966813
EmissionActivityRatio,BAU,RD,T5BIMCOM,,CO2e_CARBONERAS,1,2042,,,,,,0.0034735032481966813
EmissionActivityRatio,BAU,RD,T5BIMCOM,,CO2e_CARBONERAS,1,2043,,,,,,0.0034735032481966813
EmissionActivityRatio,BAU,RD,T5BIMCOM,,CO2e_CARBONERAS,1,2044,,,,,,0.0034735032481966813
EmissionActivityRatio,BAU,RD,T5BIMCOM,,CO2e_CARBONERAS,1,2045,,,,,,0.0034735032481966813
EmissionActivityRatio,BAU,RD,T5BIMCOM,,CO2e_CARBONERAS,1,2046,,,,,,0.0034735032481966813
EmissionActivityRatio,BAU,RD,T5BIMCOM,,CO2e_CARBONERAS,1,2047,,,,,,0.0034735032481966813
EmissionActivityRatio,BAU,RD,T5BIMCOM,,CO2e_CARBONERAS,1,2048,,,,,,0.0034735032481966813
EmissionActivityRatio,BAU,RD,T5BIMCOM,,CO2e_CARBONERAS,1,2049,,,,,,0.0034735032481966813
EmissionActivityRatio,BAU,RD,T5BIMCOM,,CO2e_CARBONERAS,1,2050,,,,,,0.0034735032481966813
EmissionActivityRatio,BAU,RD,T5DSLIND,,CO2e_DE,1,2018,,,,,,0.074343
EmissionActivityRatio,BAU,RD,T5DSLIND,,CO2e_DE,1,2019,,,,,,0.074343
EmissionActivityRatio,BAU,RD,T5DSLIND,,CO2e_DE,1,2020,,,,,,0.074343
EmissionActivityRatio,BAU,RD,T5DSLIND,,CO2e_DE,1,2021,,,,,,0.074343
EmissionActivityRatio,BAU,RD,T5DSLIND,,CO2e_DE,1,2022,,,,,,0.074343
EmissionActivityRatio,BAU,RD,T5DSLIND,,CO2e_DE,1,2023,,,,,,0.074343
EmissionActivityRatio,BAU,RD,T5DSLIND,,CO2e_DE,1,2024,,,,,,0.074343
EmissionActivityRatio,BAU,RD,T5DSLIND,,CO2e_DE,1,2025,,,,,,0.074343
EmissionActivityRatio,BAU,RD,T5DSLIND,,CO2e_DE,1,2026,,,,,,0.074343
EmissionActivityRatio,BAU,RD,T5DSLIND,,CO2e_DE,1,2027,,,,,,0.074343
EmissionActivityRatio,BAU,RD,T5DSLIND,,CO2e_DE,1,2028,,,,,,0.074343
EmissionActivityRatio,BAU,RD,T5DSLIND,,CO2e_DE,1,2029,,,,,,0.074343
EmissionActivityRatio,BAU,RD,T5DSLIND,,CO2e_DE,1,2030,,,,,,0.074343
EmissionActivityRatio,BAU,RD,T5DSLIND,,CO2e_DE,1,2031,,,,,,0.074343
EmissionActivityRatio,BAU,RD,T5DSLIND,,CO2e_DE,1,2032,,,,,,0.074343
EmissionActivityRatio,BAU,RD,T5DSLIND,,CO2e_DE,1,2033,,,,,,0.074343
EmissionActivityRatio,BAU,RD,T5DSLIND,,CO2e_DE,1,2034,,,,,,0.074343
EmissionActivityRatio,BAU,RD,T5DSLIND,,CO2e_DE,1,2035,,,,,,0.074343
EmissionActivityRatio,BAU,RD,T5DSLIND,,CO2e_DE,1,2036,,,,,,0.074343
EmissionActivityRatio,BAU,RD,T5DSLIND,,CO2e_DE,1,2037,,,,,,0.074343
EmissionActivityRatio,BAU,RD,T5DSLIND,,CO2e_DE,1,2038,,,,,,0.074343
EmissionActivityRatio,BAU,RD,T5DSLIND,,CO2e_DE,1,2039,,,,,,0.074343
EmissionActivityRatio,BAU,RD,T5DSLIND,,CO2e_DE,1,2040,,,,,,0.074343
EmissionActivityRatio,BAU,RD,T5DSLIND,,CO2e_DE,1,2041,,,,,,0.074343
EmissionActivityRatio,BAU,RD,T5DSLIND,,CO2e_DE,1,2042,,,,,,0.074343
EmissionActivityRatio,BAU,RD,T5DSLIND,,CO2e_DE,1,2043,,,,,,0.074343
EmissionActivityRatio,BAU,RD,T5DSLIND,,CO2e_DE,1,2044,,,,,,0.074343
EmissionActivityRatio,BAU,RD,T5DSLIND,,CO2e_DE,1,2045,,,,,,0.074343
EmissionActivityRatio,BAU,RD,T5DSLIND,,CO2e_DE,1,2046,,,,,,0.074343
EmissionActivityRatio,BAU,RD,T5DSLIND,,CO2e_DE,1,2047,,,,,,0.074343
EmissionActivityRatio,BAU,RD,T5DSLIND,,CO2e_DE,1,2048,,,,,,0.074343
EmissionActivityRatio,BAU,RD,T5DSLIND,,CO2e_DE,1,2049,,,,,,0.074343
EmissionActivityRatio,BAU,RD,T5DSLIND,,CO2e_DE,1,2050,,,,,,0.074343
EmissionActivityRatio,BAU,RD,T5GSLIND,,CO2e_DE,1,2018,,,,,,0.06954300000000001
EmissionActivityRatio,BAU,RD,T5GSLIND,,CO2e_DE,1,2019,,,,,,0.06954300000000001
EmissionActivityRatio,BAU,RD,T5GSLIND,,CO2e_DE,1,2020,,,,,,0.06954300000000001
EmissionActivityRatio,BAU,RD,T5GSLIND,,CO2e_DE,1,2021,,,,,,0.06954300000000001
EmissionActivityRatio,BAU,RD,T5GSLIND,,CO2e_DE,1,2022,,,,,,0.06954300000000001
EmissionActivityRatio,BAU,RD,T5GSLIND,,CO2e_DE,1,2023,,,,,,0.06954300000000001
EmissionActivityRatio,BAU,RD,T5GSLIND,,CO2e_DE,1,2024,,,,,,0.06954300000000001
EmissionActivityRatio,BAU,RD,T5GSLIND,,CO2e_DE,1,2025,,,,,,0.06954300000000001
EmissionActivityRatio,BAU,RD,T5GSLIND,,CO2e_DE,1,2026,,,,,,0.06954300000000001
EmissionActivityRatio,BAU,RD,T5GSLIND,,CO2e_DE,1,2027,,,,,,0.06954300000000001
EmissionActivityRatio,BAU,RD,T5GSLIND,,CO2e_DE,1,2028,,,,,,0.06954300000000001
EmissionActivityRatio,BAU,RD,T5GSLIND,,CO2e_DE,1,2029,,,,,,0.06954300000000001
EmissionActivityRatio,BAU,RD,T5GSLIND,,CO2e_DE,1,2030,,,,,,0.06954300000000001
EmissionActivityRatio,BAU,RD,T5GSLIND,,CO2e_DE,1,2031,,,,,,0.06954300000000001
EmissionActivityRatio,BAU,RD,T5GSLIND,,CO2e_DE,1,2032,,,,,,0.06954300000000001
EmissionActivityRatio,BAU,RD,T5GSLIND,,CO2e_DE,1,2033,,,,,,0.06954300000000001
EmissionActivityRatio,BAU,RD,T5GSLIND,,CO2e_DE,1,2034,,,,,,0.06954300000000001
EmissionActivityRatio,BAU,RD,T5GSLIND,,CO2e_DE,1,2035,,,,,,0.06954300000000001
EmissionActivityRatio,BAU,RD,T5GSLIND,,CO2e_DE,1,2036,,,,,,0.06954300000000001
EmissionActivityRatio,BAU,RD,T5GSLIND,,CO2e_DE,1,2037,,,,,,0.06954300000000001
EmissionActivityRatio,BAU,RD,T5GSLIND,,CO2e_DE,1,2038,,,,,,0.06954300000000001
EmissionActivityRatio,BAU,RD,T5GSLIND,,CO2e_DE,1,2039,,,,,,0.06954300000000001
EmissionActivityRatio,BAU,RD,T5GSLIND,,CO2e_DE,1,2040,,,,,,0.06954300000000001
EmissionActivityRatio,BAU,RD,T5GSLIND,,CO2e_DE,1,2041,,,,,,0.06954300000000001
EmissionActivityRatio,BAU,RD,T5GSLIND,,CO2e_DE,1,2042,,,,,,0.06954300000000001
EmissionActivityRatio,BAU,RD,T5GSLIND,,CO2e_DE,1,2043,,,,,,0.06954300000000001
EmissionActivityRatio,BAU,RD,T5GSLIND,,CO2e_DE,1,2044,,,,,,0.06954300000000001
EmissionActivityRatio,BAU,RD,T5GSLIND,,CO2e_DE,1,2045,,,,,,0.06954300000000001
EmissionActivityRatio,BAU,RD,T5GSLIND,,CO2e_DE,1,2046,,,,,,0.06954300000000001
EmissionActivityRatio,BAU,RD,T5GSLIND,,CO2e_DE,1,2047,,,,,,0.06954300000000001
EmissionActivityRatio,BAU,RD,T5GSLIND,,CO2e_DE,1,2048,,,,,,0.06954300000000001
EmissionActivityRatio,BAU,RD,T5GSLIND,,CO2e_DE,1,2049,,,,,,0.06954300000000001
EmissionActivityRatio,BAU,RD,T5GSLIND,,CO2e_DE,1,2050,,,,,,0.06954300000000001
EmissionActivityRatio,BAU,RD,T5NGSIND,,CO2e_DE,1,2018,,,,,,0.056154499999999996
EmissionActivityRatio,BAU,RD,T5NGSIND,,CO2e_DE,1,2019,,,,,,0.056154499999999996
EmissionActivityRatio,BAU,RD,T5NGSIND,,CO2e_DE,1,2020,,,,,,0.056154499999999996
EmissionActivityRatio,BAU,RD,T5NGSIND,,CO2e_DE,1,2021,,,,,,0.056154499999999996
EmissionActivityRatio,BAU,RD,T5NGSIND,,CO2e_DE,1,2022,,,,,,0.056154499999999996
EmissionActivityRatio,BAU,RD,T5NGSIND,,CO2e_DE,1,2023,,,,,,0.056154499999999996
EmissionActivityRatio,BAU,RD,T5NGSIND,,CO2e_DE,1,2024,,,,,,0.056154499999999996
EmissionActivityRatio,BAU,RD,T5NGSIND,,CO2e_DE,1,2025,,,,,,0.056154499999999996
EmissionActivityRatio,BAU,RD,T5NGSIND,,CO2e_DE,1,2026,,,,,,0.056154499999999996
EmissionActivityRatio,BAU,RD,T5NGSIND,,CO2e_DE,1,2027,,,,,,0.056154499999999996
EmissionActivityRatio,BAU,RD,T5NGSIND,,CO2e_DE,1,2028,,,,,,0.056154499999999996
EmissionActivityRatio,BAU,RD,T5NGSIND,,CO2e_DE,1,2029,,,,,,0.056154499999999996
EmissionActivityRatio,BAU,RD,T5NGSIND,,CO2e_DE,1,2030,,,,,,0.056154499999999996
EmissionActivityRatio,BAU,RD,T5NGSIND,,CO2e_DE,1,2031,,,,,,0.056154499999999996
EmissionActivityRatio,BAU,RD,T5NGSIND,,CO2e_DE,1,2032,,,,,,0.056154499999999996
EmissionActivityRatio,BAU,RD,T5NGSIND,,CO2e_DE,1,2033,,,,,,0.056154499999999996
EmissionActivityRatio,BAU,RD,T5NGSIND,,CO2e_DE,1,2034,,,,,,0.056154499999999996
EmissionActivityRatio,BAU,RD,T5NGSIND,,CO2e_DE,1,2035,,,,,,0.056154499999999996
EmissionActivityRatio,BAU,RD,T5NGSIND,,CO2e_DE,1,2036,,,,,,0.056154499999999996
EmissionActivityRatio,BAU,RD,T5NGSIND,,CO2e_DE,1,2037,,,,,,0.056154499999999996
EmissionActivityRatio,BAU,RD,T5NGSIND,,CO2e_DE,1,2038,,,,,,0.056154499999999996
EmissionActivityRatio,BAU,RD,T5NGSIND,,CO2e_DE,1,2039,,,,,,0.056154499999999996
EmissionActivityRatio,BAU,RD,T5NGSIND,,CO2e_DE,1,2040,,,,,,0.056154499999999996
EmissionActivityRatio,BAU,RD,T5NGSIND,,CO2e_DE,1,2041,,,,,,0.056154499999999996
EmissionActivityRatio,BAU,RD,T5NGSIND,,CO2e_DE,1,2042,,,,,,0.056154499999999996
EmissionActivityRatio,BAU,RD,T5NGSIND,,CO2e_DE,1,2043,,,,,,0.056154499999999996
EmissionActivityRatio,BAU,RD,T5NGSIND,,CO2e_DE,1,2044,,,,,,0.056154499999999996
EmissionActivityRatio,BAU,RD,T5NGSIND,,CO2e_DE,1,2045,,,,,,0.056154499999999996
EmissionActivityRatio,BAU,RD,T5NGSIND,,CO2e_DE,1,2046,,,,,,0.056154499999999996
EmissionActivityRatio,BAU,RD,T5NGSIND,,CO2e_DE,1,2047,,,,,,0.056154499999999996
EmissionActivityRatio,BAU,RD,T5NGSIND,,CO2e_DE,1,2048,,,,,,0.056154499999999996
EmissionActivityRatio,BAU,RD,T5NGSIND,,CO2e_DE,1,2049,,,,,,0.056154499999999996
EmissionActivityRatio,BAU,RD,T5NGSIND,,CO2e_DE,1,2050,,,,,,0.056154499999999996
EmissionActivityRatio,BAU,RD,T5LPGIND,,CO2e_DE,1,2018,,,,,,0.0631545
EmissionActivityRatio,BAU,RD,T5LPGIND,,CO2e_DE,1,2019,,,,,,0.0631545
EmissionActivityRatio,BAU,RD,T5LPGIND,,CO2e_DE,1,2020,,,,,,0.0631545
EmissionActivityRatio,BAU,RD,T5LPGIND,,CO2e_DE,1,2021,,,,,,0.0631545
EmissionActivityRatio,BAU,RD,T5LPGIND,,CO2e_DE,1,2022,,,,,,0.0631545
EmissionActivityRatio,BAU,RD,T5LPGIND,,CO2e_DE,1,2023,,,,,,0.0631545
EmissionActivityRatio,BAU,RD,T5LPGIND,,CO2e_DE,1,2024,,,,,,0.0631545
EmissionActivityRatio,BAU,RD,T5LPGIND,,CO2e_DE,1,2025,,,,,,0.0631545
EmissionActivityRatio,BAU,RD,T5LPGIND,,CO2e_DE,1,2026,,,,,,0.0631545
EmissionActivityRatio,BAU,RD,T5LPGIND,,CO2e_DE,1,2027,,,,,,0.0631545
EmissionActivityRatio,BAU,RD,T5LPGIND,,CO2e_DE,1,2028,,,,,,0.0631545
EmissionActivityRatio,BAU,RD,T5LPGIND,,CO2e_DE,1,2029,,,,,,0.0631545
EmissionActivityRatio,BAU,RD,T5LPGIND,,CO2e_DE,1,2030,,,,,,0.0631545
EmissionActivityRatio,BAU,RD,T5LPGIND,,CO2e_DE,1,2031,,,,,,0.0631545
EmissionActivityRatio,BAU,RD,T5LPGIND,,CO2e_DE,1,2032,,,,,,0.0631545
EmissionActivityRatio,BAU,RD,T5LPGIND,,CO2e_DE,1,2033,,,,,,0.0631545
EmissionActivityRatio,BAU,RD,T5LPGIND,,CO2e_DE,1,2034,,,,,,0.0631545
EmissionActivityRatio,BAU,RD,T5LPGIND,,CO2e_DE,1,2035,,,,,,0.0631545
EmissionActivityRatio,BAU,RD,T5LPGIND,,CO2e_DE,1,2036,,,,,,0.0631545
EmissionActivityRatio,BAU,RD,T5LPGIND,,CO2e_DE,1,2037,,,,,,0.0631545
EmissionActivityRatio,BAU,RD,T5LPGIND,,CO2e_DE,1,2038,,,,,,0.0631545
EmissionActivityRatio,BAU,RD,T5LPGIND,,CO2e_DE,1,2039,,,,,,0.0631545
EmissionActivityRatio,BAU,RD,T5LPGIND,,CO2e_DE,1,2040,,,,,,0.0631545
EmissionActivityRatio,BAU,RD,T5LPGIND,,CO2e_DE,1,2041,,,,,,0.0631545
EmissionActivityRatio,BAU,RD,T5LPGIND,,CO2e_DE,1,2042,,,,,,0.0631545
EmissionActivityRatio,BAU,RD,T5LPGIND,,CO2e_DE,1,2043,,,,,,0.0631545
EmissionActivityRatio,BAU,RD,T5LPGIND,,CO2e_DE,1,2044,,,,,,0.0631545
EmissionActivityRatio,BAU,RD,T5LPGIND,,CO2e_DE,1,2045,,,,,,0.0631545
EmissionActivityRatio,BAU,RD,T5LPGIND,,CO2e_DE,1,2046,,,,,,0.0631545
EmissionActivityRatio,BAU,RD,T5LPGIND,,CO2e_DE,1,2047,,,,,,0.0631545
EmissionActivityRatio,BAU,RD,T5LPGIND,,CO2e_DE,1,2048,,,,,,0.0631545
EmissionActivityRatio,BAU,RD,T5LPGIND,,CO2e_DE,1,2049,,,,,,0.0631545
EmissionActivityRatio,BAU,RD,T5LPGIND,,CO2e_DE,1,2050,,,,,,0.0631545
EmissionActivityRatio,BAU,RD,T5ELEIND,,CO2e_DE,1,2018,,,,,,0.0
EmissionActivityRatio,BAU,RD,T5ELEIND,,CO2e_DE,1,2019,,,,,,0.0
EmissionActivityRatio,BAU,RD,T5ELEIND,,CO2e_DE,1,2020,,,,,,0.0
EmissionActivityRatio,BAU,RD,T5ELEIND,,CO2e_DE,1,2021,,,,,,0.0
EmissionActivityRatio,BAU,RD,T5ELEIND,,CO2e_DE,1,2022,,,,,,0.0
EmissionActivityRatio,BAU,RD,T5ELEIND,,CO2e_DE,1,2023,,,,,,0.0
EmissionActivityRatio,BAU,RD,T5ELEIND,,CO2e_DE,1,2024,,,,,,0.0
EmissionActivityRatio,BAU,RD,T5ELEIND,,CO2e_DE,1,2025,,,,,,0.0
EmissionActivityRatio,BAU,RD,T5ELEIND,,CO2e_DE,1,2026,,,,,,0.0
EmissionActivityRatio,BAU,RD,T5ELEIND,,CO2e_DE,1,2027,,,,,,0.0
EmissionActivityRatio,BAU,RD,T5ELEIND,,CO2e_DE,1,2028,,,,,,0.0
EmissionActivityRatio,BAU,RD,T5ELEIND,,CO2e_DE,1,2029,,,,,,0.0
EmissionActivityRatio,BAU,RD,T5ELEIND,,CO2e_DE,1,2030,,,,,,0.0
EmissionActivityRatio,BAU,RD,T5ELEIND,,CO2e_DE,1,2031,,,,,,0.0
EmissionActivityRatio,BAU,RD,T5ELEIND,,CO2e_DE,1,2032,,,,,,0.0
EmissionActivityRatio,BAU,RD,T5ELEIND,,CO2e_DE,1,2033,,,,,,0.0
EmissionActivityRatio,BAU,RD,T5ELEIND,,CO2e_DE,1,2034,,,,,,0.0
EmissionActivityRatio,BAU,RD,T5ELEIND,,CO2e_DE,1,2035,,,,,,0.0
EmissionActivityRatio,BAU,RD,T5ELEIND,,CO2e_DE,1,2036,,,,,,0.0
EmissionActivityRatio,BAU,RD,T5ELEIND,,CO2e_DE,1,2037,,,,,,0.0
EmissionActivityRatio,BAU,RD,T5ELEIND,,CO2e_DE,1,2038,,,,,,0.0
EmissionActivityRatio,BAU,RD,T5ELEIND,,CO2e_DE,1,2039,,,,,,0.0
EmissionActivityRatio,BAU,RD,T5ELEIND,,CO2e_DE,1,2040,,,,,,0.0
EmissionActivityRatio,BAU,RD,T5ELEIND,,CO2e_DE,1,2041,,,,,,0.0
EmissionActivityRatio,BAU,RD,T5ELEIND,,CO2e_DE,1,2042,,,,,,0.0
EmissionActivityRatio,BAU,RD,T5ELEIND,,CO2e_DE,1,2043,,,,,,0.0
EmissionActivityRatio,BAU,RD,T5ELEIND,,CO2e_DE,1,2044,,,,,,0.0
EmissionActivityRatio,BAU,RD,T5ELEIND,,CO2e_DE,1,2045,,,,,,0.0
EmissionActivityRatio,BAU,RD,T5ELEIND,,CO2e_DE,1,2046,,,,,,0.0
EmissionActivityRatio,BAU,RD,T5ELEIND,,CO2e_DE,1,2047,,,,,,0.0
EmissionActivityRatio,BAU,RD,T5ELEIND,,CO2e_DE,1,2048,,,,,,0.0
EmissionActivityRatio,BAU,RD,T5ELEIND,,CO2e_DE,1,2049,,,,,,0.0
EmissionActivityRatio,BAU,RD,T5ELEIND,,CO2e_DE,1,2050,,,,,,0.0
EmissionActivityRatio,BAU,RD,T5HYDIND,,CO2e_DE,1,2018,,,,,,0.0
EmissionActivityRatio,BAU,RD,T5HYDIND,,CO2e_DE,1,2019,,,,,,0.0
EmissionActivityRatio,BAU,RD,T5HYDIND,,CO2e_DE,1,2020,,,,,,0.0
EmissionActivityRatio,BAU,RD,T5HYDIND,,CO2e_DE,1,2021,,,,,,0.0
EmissionActivityRatio,BAU,RD,T5HYDIND,,CO2e_DE,1,2022,,,,,,0.0
EmissionActivityRatio,BAU,RD,T5HYDIND,,CO2e_DE,1,2023,,,,,,0.0
EmissionActivityRatio,BAU,RD,T5HYDIND,,CO2e_DE,1,2024,,,,,,0.0
EmissionActivityRatio,BAU,RD,T5HYDIND,,CO2e_DE,1,2025,,,,,,0.0
EmissionActivityRatio,BAU,RD,T5HYDIND,,CO2e_DE,1,2026,,,,,,0.0
EmissionActivityRatio,BAU,RD,T5HYDIND,,CO2e_DE,1,2027,,,,,,0.0
EmissionActivityRatio,BAU,RD,T5HYDIND,,CO2e_DE,1,2028,,,,,,0.0
EmissionActivityRatio,BAU,RD,T5HYDIND,,CO2e_DE,1,2029,,,,,,0.0
EmissionActivityRatio,BAU,RD,T5HYDIND,,CO2e_DE,1,2030,,,,,,0.0
EmissionActivityRatio,BAU,RD,T5HYDIND,,CO2e_DE,1,2031,,,,,,0.0
EmissionActivityRatio,BAU,RD,T5HYDIND,,CO2e_DE,1,2032,,,,,,0.0
EmissionActivityRatio,BAU,RD,T5HYDIND,,CO2e_DE,1,2033,,,,,,0.0
EmissionActivityRatio,BAU,RD,T5HYDIND,,CO2e_DE,1,2034,,,,,,0.0
EmissionActivityRatio,BAU,RD,T5HYDIND,,CO2e_DE,1,2035,,,,,,0.0
EmissionActivityRatio,BAU,RD,T5HYDIND,,CO2e_DE,1,2036,,,,,,0.0
EmissionActivityRatio,BAU,RD,T5HYDIND,,CO2e_DE,1,2037,,,,,,0.0
EmissionActivityRatio,BAU,RD,T5HYDIND,,CO2e_DE,1,2038,,,,,,0.0
EmissionActivityRatio,BAU,RD,T5HYDIND,,CO2e_DE,1,2039,,,,,,0.0
EmissionActivityRatio,BAU,RD,T5HYDIND,,CO2e_DE,1,2040,,,,,,0.0
EmissionActivityRatio,BAU,RD,T5HYDIND,,CO2e_DE,1,2041,,,,,,0.0
EmissionActivityRatio,BAU,RD,T5HYDIND,,CO2e_DE,1,2042,,,,,,0.0
EmissionActivityRatio,BAU,RD,T5HYDIND,,CO2e_DE,1,2043,,,,,,0.0
EmissionActivityRatio,BAU,RD,T5HYDIND,,CO2e_DE,1,2044,,,,,,0.0
EmissionActivityRatio,BAU,RD,T5HYDIND,,CO2e_DE,1,2045,,,,,,0.0
EmissionActivityRatio,BAU,RD,T5HYDIND,,CO2e_DE,1,2046,,,,,,0.0
EmissionActivityRatio,BAU,RD,T5HYDIND,,CO2e_DE,1,2047,,,,,,0.0
EmissionActivityRatio,BAU,RD,T5HYDIND,,CO2e_DE,1,2048,,,,,,0.0
EmissionActivityRatio,BAU,RD,T5HYDIND,,CO2e_DE,1,2049,,,,,,0.0
EmissionActivityRatio,BAU,RD,T5HYDIND,,CO2e_DE,1,2050,,,,,,0.0
EmissionActivityRatio,BAU,RD,T5COKIND,,CO2e_DE,1,2018,,,,,,0.097743
EmissionActivityRatio,BAU,RD,T5COKIND,,CO2e_DE,1,2019,,,,,,0.097743
EmissionActivityRatio,BAU,RD,T5COKIND,,CO2e_DE,1,2020,,,,,,0.097743
EmissionActivityRatio,BAU,RD,T5COKIND,,CO2e_DE,1,2021,,,,,,0.097743
EmissionActivityRatio,BAU,RD,T5COKIND,,CO2e_DE,1,2022,,,,,,0.097743
EmissionActivityRatio,BAU,RD,T5COKIND,,CO2e_DE,1,2023,,,,,,0.097743
EmissionActivityRatio,BAU,RD,T5COKIND,,CO2e_DE,1,2024,,,,,,0.097743
EmissionActivityRatio,BAU,RD,T5COKIND,,CO2e_DE,1,2025,,,,,,0.097743
EmissionActivityRatio,BAU,RD,T5COKIND,,CO2e_DE,1,2026,,,,,,0.097743
EmissionActivityRatio,BAU,RD,T5COKIND,,CO2e_DE,1,2027,,,,,,0.097743
EmissionActivityRatio,BAU,RD,T5COKIND,,CO2e_DE,1,2028,,,,,,0.097743
EmissionActivityRatio,BAU,RD,T5COKIND,,CO2e_DE,1,2029,,,,,,0.097743
EmissionActivityRatio,BAU,RD,T5COKIND,,CO2e_DE,1,2030,,,,,,0.097743
EmissionActivityRatio,BAU,RD,T5COKIND,,CO2e_DE,1,2031,,,,,,0.097743
EmissionActivityRatio,BAU,RD,T5COKIND,,CO2e_DE,1,2032,,,,,,0.097743
EmissionActivityRatio,BAU,RD,T5COKIND,,CO2e_DE,1,2033,,,,,,0.097743
EmissionActivityRatio,BAU,RD,T5COKIND,,CO2e_DE,1,2034,,,,,,0.097743
EmissionActivityRatio,BAU,RD,T5COKIND,,CO2e_DE,1,2035,,,,,,0.097743
EmissionActivityRatio,BAU,RD,T5COKIND,,CO2e_DE,1,2036,,,,,,0.097743
EmissionActivityRatio,BAU,RD,T5COKIND,,CO2e_DE,1,2037,,,,,,0.097743
EmissionActivityRatio,BAU,RD,T5COKIND,,CO2e_DE,1,2038,,,,,,0.097743
EmissionActivityRatio,BAU,RD,T5COKIND,,CO2e_DE,1,2039,,,,,,0.097743
EmissionActivityRatio,BAU,RD,T5COKIND,,CO2e_DE,1,2040,,,,,,0.097743
EmissionActivityRatio,BAU,RD,T5COKIND,,CO2e_DE,1,2041,,,,,,0.097743
EmissionActivityRatio,BAU,RD,T5COKIND,,CO2e_DE,1,2042,,,,,,0.097743
EmissionActivityRatio,BAU,RD,T5COKIND,,CO2e_DE,1,2043,,,,,,0.097743
EmissionActivityRatio,BAU,RD,T5COKIND,,CO2e_DE,1,2044,,,,,,0.097743
EmissionActivityRatio,BAU,RD,T5COKIND,,CO2e_DE,1,2045,,,,,,0.097743
EmissionActivityRatio,BAU,RD,T5COKIND,,CO2e_DE,1,2046,,,,,,0.097743
EmissionActivityRatio,BAU,RD,T5COKIND,,CO2e_DE,1,2047,,,,,,0.097743
EmissionActivityRatio,BAU,RD,T5COKIND,,CO2e_DE,1,2048,,,,,,0.097743
EmissionActivityRatio,BAU,RD,T5COKIND,,CO2e_DE,1,2049,,,,,,0.097743
EmissionActivityRatio,BAU,RD,T5COKIND,,CO2e_DE,1,2050,,,,,,0.097743
EmissionActivityRatio,BAU,RD,T5BIMIND,,CO2e_DE,1,2018,,,,,,0.0019
EmissionActivityRatio,BAU,RD,T5BIMIND,,CO2e_DE,1,2019,,,,,,0.0019
EmissionActivityRatio,BAU,RD,T5BIMIND,,CO2e_DE,1,2020,,,,,,0.0019
EmissionActivityRatio,BAU,RD,T5BIMIND,,CO2e_DE,1,2021,,,,,,0.0019
EmissionActivityRatio,BAU,RD,T5BIMIND,,CO2e_DE,1,2022,,,,,,0.0019
EmissionActivityRatio,BAU,RD,T5BIMIND,,CO2e_DE,1,2023,,,,,,0.0019
EmissionActivityRatio,BAU,RD,T5BIMIND,,CO2e_DE,1,2024,,,,,,0.0019
EmissionActivityRatio,BAU,RD,T5BIMIND,,CO2e_DE,1,2025,,,,,,0.0019
EmissionActivityRatio,BAU,RD,T5BIMIND,,CO2e_DE,1,2026,,,,,,0.0019
EmissionActivityRatio,BAU,RD,T5BIMIND,,CO2e_DE,1,2027,,,,,,0.0019
EmissionActivityRatio,BAU,RD,T5BIMIND,,CO2e_DE,1,2028,,,,,,0.0019
EmissionActivityRatio,BAU,RD,T5BIMIND,,CO2e_DE,1,2029,,,,,,0.0019
EmissionActivityRatio,BAU,RD,T5BIMIND,,CO2e_DE,1,2030,,,,,,0.0019
EmissionActivityRatio,BAU,RD,T5BIMIND,,CO2e_DE,1,2031,,,,,,0.0019
EmissionActivityRatio,BAU,RD,T5BIMIND,,CO2e_DE,1,2032,,,,,,0.0019
EmissionActivityRatio,BAU,RD,T5BIMIND,,CO2e_DE,1,2033,,,,,,0.0019
EmissionActivityRatio,BAU,RD,T5BIMIND,,CO2e_DE,1,2034,,,,,,0.0019
EmissionActivityRatio,BAU,RD,T5BIMIND,,CO2e_DE,1,2035,,,,,,0.0019
EmissionActivityRatio,BAU,RD,T5BIMIND,,CO2e_DE,1,2036,,,,,,0.0019
EmissionActivityRatio,BAU,RD,T5BIMIND,,CO2e_DE,1,2037,,,,,,0.0019
EmissionActivityRatio,BAU,RD,T5BIMIND,,CO2e_DE,1,2038,,,,,,0.0019
EmissionActivityRatio,BAU,RD,T5BIMIND,,CO2e_DE,1,2039,,,,,,0.0019
EmissionActivityRatio,BAU,RD,T5BIMIND,,CO2e_DE,1,2040,,,,,,0.0019
EmissionActivityRatio,BAU,RD,T5BIMIND,,CO2e_DE,1,2041,,,,,,0.0019
EmissionActivityRatio,BAU,RD,T5BIMIND,,CO2e_DE,1,2042,,,,,,0.0019
EmissionActivityRatio,BAU,RD,T5BIMIND,,CO2e_DE,1,2043,,,,,,0.0019
EmissionActivityRatio,BAU,RD,T5BIMIND,,CO2e_DE,1,2044,,,,,,0.0019
EmissionActivityRatio,BAU,RD,T5BIMIND,,CO2e_DE,1,2045,,,,,,0.0019
EmissionActivityRatio,BAU,RD,T5BIMIND,,CO2e_DE,1,2046,,,,,,0.0019
EmissionActivityRatio,BAU,RD,T5BIMIND,,CO2e_DE,1,2047,,,,,,0.0019
EmissionActivityRatio,BAU,RD,T5BIMIND,,CO2e_DE,1,2048,,,,,,0.0019
EmissionActivityRatio,BAU,RD,T5BIMIND,,CO2e_DE,1,2049,,,,,,0.0019
EmissionActivityRatio,BAU,RD,T5BIMIND,,CO2e_DE,1,2050,,,,,,0.0019
EmissionActivityRatio,BAU,RD,T5COAIND,,CO2e_DE,1,2018,,,,,,0.0952775
EmissionActivityRatio,BAU,RD,T5COAIND,,CO2e_DE,1,2019,,,,,,0.0952775
EmissionActivityRatio,BAU,RD,T5COAIND,,CO2e_DE,1,2020,,,,,,0.0952775
EmissionActivityRatio,BAU,RD,T5COAIND,,CO2e_DE,1,2021,,,,,,0.0952775
EmissionActivityRatio,BAU,RD,T5COAIND,,CO2e_DE,1,2022,,,,,,0.0952775
EmissionActivityRatio,BAU,RD,T5COAIND,,CO2e_DE,1,2023,,,,,,0.0952775
EmissionActivityRatio,BAU,RD,T5COAIND,,CO2e_DE,1,2024,,,,,,0.0952775
EmissionActivityRatio,BAU,RD,T5COAIND,,CO2e_DE,1,2025,,,,,,0.0952775
EmissionActivityRatio,BAU,RD,T5COAIND,,CO2e_DE,1,2026,,,,,,0.0952775
EmissionActivityRatio,BAU,RD,T5COAIND,,CO2e_DE,1,2027,,,,,,0.0952775
EmissionActivityRatio,BAU,RD,T5COAIND,,CO2e_DE,1,2028,,,,,,0.0952775
EmissionActivityRatio,BAU,RD,T5COAIND,,CO2e_DE,1,2029,,,,,,0.0952775
EmissionActivityRatio,BAU,RD,T5COAIND,,CO2e_DE,1,2030,,,,,,0.0952775
EmissionActivityRatio,BAU,RD,T5COAIND,,CO2e_DE,1,2031,,,,,,0.0952775
EmissionActivityRatio,BAU,RD,T5COAIND,,CO2e_DE,1,2032,,,,,,0.0952775
EmissionActivityRatio,BAU,RD,T5COAIND,,CO2e_DE,1,2033,,,,,,0.0952775
EmissionActivityRatio,BAU,RD,T5COAIND,,CO2e_DE,1,2034,,,,,,0.0952775
EmissionActivityRatio,BAU,RD,T5COAIND,,CO2e_DE,1,2035,,,,,,0.0952775
EmissionActivityRatio,BAU,RD,T5COAIND,,CO2e_DE,1,2036,,,,,,0.0952775
EmissionActivityRatio,BAU,RD,T5COAIND,,CO2e_DE,1,2037,,,,,,0.0952775
EmissionActivityRatio,BAU,RD,T5COAIND,,CO2e_DE,1,2038,,,,,,0.0952775
EmissionActivityRatio,BAU,RD,T5COAIND,,CO2e_DE,1,2039,,,,,,0.0952775
EmissionActivityRatio,BAU,RD,T5COAIND,,CO2e_DE,1,2040,,,,,,0.0952775
EmissionActivityRatio,BAU,RD,T5COAIND,,CO2e_DE,1,2041,,,,,,0.0952775
EmissionActivityRatio,BAU,RD,T5COAIND,,CO2e_DE,1,2042,,,,,,0.0952775
EmissionActivityRatio,BAU,RD,T5COAIND,,CO2e_DE,1,2043,,,,,,0.0952775
EmissionActivityRatio,BAU,RD,T5COAIND,,CO2e_DE,1,2044,,,,,,0.0952775
EmissionActivityRatio,BAU,RD,T5COAIND,,CO2e_DE,1,2045,,,,,,0.0952775
EmissionActivityRatio,BAU,RD,T5COAIND,,CO2e_DE,1,2046,,,,,,0.0952775
EmissionActivityRatio,BAU,RD,T5COAIND,,CO2e_DE,1,2047,,,,,,0.0952775
EmissionActivityRatio,BAU,RD,T5COAIND,,CO2e_DE,1,2048,,,,,,0.0952775
EmissionActivityRatio,BAU,RD,T5COAIND,,CO2e_DE,1,2049,,,,,,0.0952775
EmissionActivityRatio,BAU,RD,T5COAIND,,CO2e_DE,1,2050,,,,,,0.0952775
EmissionActivityRatio,BAU,RD,T5FOIIND,,CO2e_DE,1,2018,,,,,,0.077643
EmissionActivityRatio,BAU,RD,T5FOIIND,,CO2e_DE,1,2019,,,,,,0.077643
EmissionActivityRatio,BAU,RD,T5FOIIND,,CO2e_DE,1,2020,,,,,,0.077643
EmissionActivityRatio,BAU,RD,T5FOIIND,,CO2e_DE,1,2021,,,,,,0.077643
EmissionActivityRatio,BAU,RD,T5FOIIND,,CO2e_DE,1,2022,,,,,,0.077643
EmissionActivityRatio,BAU,RD,T5FOIIND,,CO2e_DE,1,2023,,,,,,0.077643
EmissionActivityRatio,BAU,RD,T5FOIIND,,CO2e_DE,1,2024,,,,,,0.077643
EmissionActivityRatio,BAU,RD,T5FOIIND,,CO2e_DE,1,2025,,,,,,0.077643
EmissionActivityRatio,BAU,RD,T5FOIIND,,CO2e_DE,1,2026,,,,,,0.077643
EmissionActivityRatio,BAU,RD,T5FOIIND,,CO2e_DE,1,2027,,,,,,0.077643
EmissionActivityRatio,BAU,RD,T5FOIIND,,CO2e_DE,1,2028,,,,,,0.077643
EmissionActivityRatio,BAU,RD,T5FOIIND,,CO2e_DE,1,2029,,,,,,0.077643
EmissionActivityRatio,BAU,RD,T5FOIIND,,CO2e_DE,1,2030,,,,,,0.077643
EmissionActivityRatio,BAU,RD,T5FOIIND,,CO2e_DE,1,2031,,,,,,0.077643
EmissionActivityRatio,BAU,RD,T5FOIIND,,CO2e_DE,1,2032,,,,,,0.077643
EmissionActivityRatio,BAU,RD,T5FOIIND,,CO2e_DE,1,2033,,,,,,0.077643
EmissionActivityRatio,BAU,RD,T5FOIIND,,CO2e_DE,1,2034,,,,,,0.077643
EmissionActivityRatio,BAU,RD,T5FOIIND,,CO2e_DE,1,2035,,,,,,0.077643
EmissionActivityRatio,BAU,RD,T5FOIIND,,CO2e_DE,1,2036,,,,,,0.077643
EmissionActivityRatio,BAU,RD,T5FOIIND,,CO2e_DE,1,2037,,,,,,0.077643
EmissionActivityRatio,BAU,RD,T5FOIIND,,CO2e_DE,1,2038,,,,,,0.077643
EmissionActivityRatio,BAU,RD,T5FOIIND,,CO2e_DE,1,2039,,,,,,0.077643
EmissionActivityRatio,BAU,RD,T5FOIIND,,CO2e_DE,1,2040,,,,,,0.077643
EmissionActivityRatio,BAU,RD,T5FOIIND,,CO2e_DE,1,2041,,,,,,0.077643
EmissionActivityRatio,BAU,RD,T5FOIIND,,CO2e_DE,1,2042,,,,,,0.077643
EmissionActivityRatio,BAU,RD,T5FOIIND,,CO2e_DE,1,2043,,,,,,0.077643
EmissionActivityRatio,BAU,RD,T5FOIIND,,CO2e_DE,1,2044,,,,,,0.077643
EmissionActivityRatio,BAU,RD,T5FOIIND,,CO2e_DE,1,2045,,,,,,0.077643
EmissionActivityRatio,BAU,RD,T5FOIIND,,CO2e_DE,1,2046,,,,,,0.077643
EmissionActivityRatio,BAU,RD,T5FOIIND,,CO2e_DE,1,2047,,,,,,0.077643
EmissionActivityRatio,BAU,RD,T5FOIIND,,CO2e_DE,1,2048,,,,,,0.077643
EmissionActivityRatio,BAU,RD,T5FOIIND,,CO2e_DE,1,2049,,,,,,0.077643
EmissionActivityRatio,BAU,RD,T5FOIIND,,CO2e_DE,1,2050,,,,,,0.077643
EmissionActivityRatio,BAU,RD,T5LPGRES,,CO2e_DE,1,2018,,,,,,0.0632665
EmissionActivityRatio,BAU,RD,T5LPGRES,,CO2e_DE,1,2019,,,,,,0.0632665
EmissionActivityRatio,BAU,RD,T5LPGRES,,CO2e_DE,1,2020,,,,,,0.0632665
EmissionActivityRatio,BAU,RD,T5LPGRES,,CO2e_DE,1,2021,,,,,,0.0632665
EmissionActivityRatio,BAU,RD,T5LPGRES,,CO2e_DE,1,2022,,,,,,0.0632665
EmissionActivityRatio,BAU,RD,T5LPGRES,,CO2e_DE,1,2023,,,,,,0.0632665
EmissionActivityRatio,BAU,RD,T5LPGRES,,CO2e_DE,1,2024,,,,,,0.0632665
EmissionActivityRatio,BAU,RD,T5LPGRES,,CO2e_DE,1,2025,,,,,,0.0632665
EmissionActivityRatio,BAU,RD,T5LPGRES,,CO2e_DE,1,2026,,,,,,0.0632665
EmissionActivityRatio,BAU,RD,T5LPGRES,,CO2e_DE,1,2027,,,,,,0.0632665
EmissionActivityRatio,BAU,RD,T5LPGRES,,CO2e_DE,1,2028,,,,,,0.0632665
EmissionActivityRatio,BAU,RD,T5LPGRES,,CO2e_DE,1,2029,,,,,,0.0632665
EmissionActivityRatio,BAU,RD,T5LPGRES,,CO2e_DE,1,2030,,,,,,0.0632665
EmissionActivityRatio,BAU,RD,T5LPGRES,,CO2e_DE,1,2031,,,,,,0.0632665
EmissionActivityRatio,BAU,RD,T5LPGRES,,CO2e_DE,1,2032,,,,,,0.0632665
EmissionActivityRatio,BAU,RD,T5LPGRES,,CO2e_DE,1,2033,,,,,,0.0632665
EmissionActivityRatio,BAU,RD,T5LPGRES,,CO2e_DE,1,2034,,,,,,0.0632665
EmissionActivityRatio,BAU,RD,T5LPGRES,,CO2e_DE,1,2035,,,,,,0.0632665
EmissionActivityRatio,BAU,RD,T5LPGRES,,CO2e_DE,1,2036,,,,,,0.0632665
EmissionActivityRatio,BAU,RD,T5LPGRES,,CO2e_DE,1,2037,,,,,,0.0632665
EmissionActivityRatio,BAU,RD,T5LPGRES,,CO2e_DE,1,2038,,,,,,0.0632665
EmissionActivityRatio,BAU,RD,T5LPGRES,,CO2e_DE,1,2039,,,,,,0.0632665
EmissionActivityRatio,BAU,RD,T5LPGRES,,CO2e_DE,1,2040,,,,,,0.0632665
EmissionActivityRatio,BAU,RD,T5LPGRES,,CO2e_DE,1,2041,,,,,,0.0632665
EmissionActivityRatio,BAU,RD,T5LPGRES,,CO2e_DE,1,2042,,,,,,0.0632665
EmissionActivityRatio,BAU,RD,T5LPGRES,,CO2e_DE,1,2043,,,,,,0.0632665
EmissionActivityRatio,BAU,RD,T5LPGRES,,CO2e_DE,1,2044,,,,,,0.0632665
EmissionActivityRatio,BAU,RD,T5LPGRES,,CO2e_DE,1,2045,,,,,,0.0632665
EmissionActivityRatio,BAU,RD,T5LPGRES,,CO2e_DE,1,2046,,,,,,0.0632665
EmissionActivityRatio,BAU,RD,T5LPGRES,,CO2e_DE,1,2047,,,,,,0.0632665
EmissionActivityRatio,BAU,RD,T5LPGRES,,CO2e_DE,1,2048,,,,,,0.0632665
EmissionActivityRatio,BAU,RD,T5LPGRES,,CO2e_DE,1,2049,,,,,,0.0632665
EmissionActivityRatio,BAU,RD,T5LPGRES,,CO2e_DE,1,2050,,,,,,0.0632665
EmissionActivityRatio,BAU,RD,T5ELERES,,CO2e_DE,1,2018,,,,,,0.0
EmissionActivityRatio,BAU,RD,T5ELERES,,CO2e_DE,1,2019,,,,,,0.0
EmissionActivityRatio,BAU,RD,T5ELERES,,CO2e_DE,1,2020,,,,,,0.0
EmissionActivityRatio,BAU,RD,T5ELERES,,CO2e_DE,1,2021,,,,,,0.0
EmissionActivityRatio,BAU,RD,T5ELERES,,CO2e_DE,1,2022,,,,,,0.0
EmissionActivityRatio,BAU,RD,T5ELERES,,CO2e_DE,1,2023,,,,,,0.0
EmissionActivityRatio,BAU,RD,T5ELERES,,CO2e_DE,1,2024,,,,,,0.0
EmissionActivityRatio,BAU,RD,T5ELERES,,CO2e_DE,1,2025,,,,,,0.0
EmissionActivityRatio,BAU,RD,T5ELERES,,CO2e_DE,1,2026,,,,,,0.0
EmissionActivityRatio,BAU,RD,T5ELERES,,CO2e_DE,1,2027,,,,,,0.0
EmissionActivityRatio,BAU,RD,T5ELERES,,CO2e_DE,1,2028,,,,,,0.0
EmissionActivityRatio,BAU,RD,T5ELERES,,CO2e_DE,1,2029,,,,,,0.0
EmissionActivityRatio,BAU,RD,T5ELERES,,CO2e_DE,1,2030,,,,,,0.0
EmissionActivityRatio,BAU,RD,T5ELERES,,CO2e_DE,1,2031,,,,,,0.0
EmissionActivityRatio,BAU,RD,T5ELERES,,CO2e_DE,1,2032,,,,,,0.0
EmissionActivityRatio,BAU,RD,T5ELERES,,CO2e_DE,1,2033,,,,,,0.0
EmissionActivityRatio,BAU,RD,T5ELERES,,CO2e_DE,1,2034,,,,,,0.0
EmissionActivityRatio,BAU,RD,T5ELERES,,CO2e_DE,1,2035,,,,,,0.0
EmissionActivityRatio,BAU,RD,T5ELERES,,CO2e_DE,1,2036,,,,,,0.0
EmissionActivityRatio,BAU,RD,T5ELERES,,CO2e_DE,1,2037,,,,,,0.0
EmissionActivityRatio,BAU,RD,T5ELERES,,CO2e_DE,1,2038,,,,,,0.0
EmissionActivityRatio,BAU,RD,T5ELERES,,CO2e_DE,1,2039,,,,,,0.0
EmissionActivityRatio,BAU,RD,T5ELERES,,CO2e_DE,1,2040,,,,,,0.0
EmissionActivityRatio,BAU,RD,T5ELERES,,CO2e_DE,1,2041,,,,,,0.0
EmissionActivityRatio,BAU,RD,T5ELERES,,CO2e_DE,1,2042,,,,,,0.0
EmissionActivityRatio,BAU,RD,T5ELERES,,CO2e_DE,1,2043,,,,,,0.0
EmissionActivityRatio,BAU,RD,T5ELERES,,CO2e_DE,1,2044,,,,,,0.0
EmissionActivityRatio,BAU,RD,T5ELERES,,CO2e_DE,1,2045,,,,,,0.0
EmissionActivityRatio,BAU,RD,T5ELERES,,CO2e_DE,1,2046,,,,,,0.0
EmissionActivityRatio,BAU,RD,T5ELERES,,CO2e_DE,1,2047,,,,,,0.0
EmissionActivityRatio,BAU,RD,T5ELERES,,CO2e_DE,1,2048,,,,,,0.0
EmissionActivityRatio,BAU,RD,T5ELERES,,CO2e_DE,1,2049,,,,,,0.0
EmissionActivityRatio,BAU,RD,T5ELERES,,CO2e_DE,1,2050,,,,,,0.0
EmissionActivityRatio,BAU,RD,T5KERRES,,CO2e_DE,1,2018,,,,,,0.072339
EmissionActivityRatio,BAU,RD,T5KERRES,,CO2e_DE,1,2019,,,,,,0.072339
EmissionActivityRatio,BAU,RD,T5KERRES,,CO2e_DE,1,2020,,,,,,0.072339
EmissionActivityRatio,BAU,RD,T5KERRES,,CO2e_DE,1,2021,,,,,,0.072339
EmissionActivityRatio,BAU,RD,T5KERRES,,CO2e_DE,1,2022,,,,,,0.072339
EmissionActivityRatio,BAU,RD,T5KERRES,,CO2e_DE,1,2023,,,,,,0.072339
EmissionActivityRatio,BAU,RD,T5KERRES,,CO2e_DE,1,2024,,,,,,0.072339
EmissionActivityRatio,BAU,RD,T5KERRES,,CO2e_DE,1,2025,,,,,,0.072339
EmissionActivityRatio,BAU,RD,T5KERRES,,CO2e_DE,1,2026,,,,,,0.072339
EmissionActivityRatio,BAU,RD,T5KERRES,,CO2e_DE,1,2027,,,,,,0.072339
EmissionActivityRatio,BAU,RD,T5KERRES,,CO2e_DE,1,2028,,,,,,0.072339
EmissionActivityRatio,BAU,RD,T5KERRES,,CO2e_DE,1,2029,,,,,,0.072339
EmissionActivityRatio,BAU,RD,T5KERRES,,CO2e_DE,1,2030,,,,,,0.072339
EmissionActivityRatio,BAU,RD,T5KERRES,,CO2e_DE,1,2031,,,,,,0.072339
EmissionActivityRatio,BAU,RD,T5KERRES,,CO2e_DE,1,2032,,,,,,0.072339
EmissionActivityRatio,BAU,RD,T5KERRES,,CO2e_DE,1,2033,,,,,,0.072339
EmissionActivityRatio,BAU,RD,T5KERRES,,CO2e_DE,1,2034,,,,,,0.072339
EmissionActivityRatio,BAU,RD,T5KERRES,,CO2e_DE,1,2035,,,,,,0.072339
EmissionActivityRatio,BAU,RD,T5KERRES,,CO2e_DE,1,2036,,,,,,0.072339
EmissionActivityRatio,BAU,RD,T5KERRES,,CO2e_DE,1,2037,,,,,,0.072339
EmissionActivityRatio,BAU,RD,T5KERRES,,CO2e_DE,1,2038,,,,,,0.072339
EmissionActivityRatio,BAU,RD,T5KERRES,,CO2e_DE,1,2039,,,,,,0.072339
EmissionActivityRatio,BAU,RD,T5KERRES,,CO2e_DE,1,2040,,,,,,0.072339
EmissionActivityRatio,BAU,RD,T5KERRES,,CO2e_DE,1,2041,,,,,,0.072339
EmissionActivityRatio,BAU,RD,T5KERRES,,CO2e_DE,1,2042,,,,,,0.072339
EmissionActivityRatio,BAU,RD,T5KERRES,,CO2e_DE,1,2043,,,,,,0.072339
EmissionActivityRatio,BAU,RD,T5KERRES,,CO2e_DE,1,2044,,,,,,0.072339
EmissionActivityRatio,BAU,RD,T5KERRES,,CO2e_DE,1,2045,,,,,,0.072339
EmissionActivityRatio,BAU,RD,T5KERRES,,CO2e_DE,1,2046,,,,,,0.072339
EmissionActivityRatio,BAU,RD,T5KERRES,,CO2e_DE,1,2047,,,,,,0.072339
EmissionActivityRatio,BAU,RD,T5KERRES,,CO2e_DE,1,2048,,,,,,0.072339
EmissionActivityRatio,BAU,RD,T5KERRES,,CO2e_DE,1,2049,,,,,,0.072339
EmissionActivityRatio,BAU,RD,T5KERRES,,CO2e_DE,1,2050,,,,,,0.072339
EmissionActivityRatio,BAU,RD,T5FIRRES,,CO2e_DE,1,2018,,,,,,0.009460000000000001
EmissionActivityRatio,BAU,RD,T5FIRRES,,CO2e_DE,1,2019,,,,,,0.009460000000000001
EmissionActivityRatio,BAU,RD,T5FIRRES,,CO2e_DE,1,2020,,,,,,0.009460000000000001
EmissionActivityRatio,BAU,RD,T5FIRRES,,CO2e_DE,1,2021,,,,,,0.009460000000000001
EmissionActivityRatio,BAU,RD,T5FIRRES,,CO2e_DE,1,2022,,,,,,0.009460000000000001
EmissionActivityRatio,BAU,RD,T5FIRRES,,CO2e_DE,1,2023,,,,,,0.009460000000000001
EmissionActivityRatio,BAU,RD,T5FIRRES,,CO2e_DE,1,2024,,,,,,0.009460000000000001
EmissionActivityRatio,BAU,RD,T5FIRRES,,CO2e_DE,1,2025,,,,,,0.009460000000000001
EmissionActivityRatio,BAU,RD,T5FIRRES,,CO2e_DE,1,2026,,,,,,0.009460000000000001
EmissionActivityRatio,BAU,RD,T5FIRRES,,CO2e_DE,1,2027,,,,,,0.009460000000000001
EmissionActivityRatio,BAU,RD,T5FIRRES,,CO2e_DE,1,2028,,,,,,0.009460000000000001
EmissionActivityRatio,BAU,RD,T5FIRRES,,CO2e_DE,1,2029,,,,,,0.009460000000000001
EmissionActivityRatio,BAU,RD,T5FIRRES,,CO2e_DE,1,2030,,,,,,0.009460000000000001
EmissionActivityRatio,BAU,RD,T5FIRRES,,CO2e_DE,1,2031,,,,,,0.009460000000000001
EmissionActivityRatio,BAU,RD,T5FIRRES,,CO2e_DE,1,2032,,,,,,0.009460000000000001
EmissionActivityRatio,BAU,RD,T5FIRRES,,CO2e_DE,1,2033,,,,,,0.009460000000000001
EmissionActivityRatio,BAU,RD,T5FIRRES,,CO2e_DE,1,2034,,,,,,0.009460000000000001
EmissionActivityRatio,BAU,RD,T5FIRRES,,CO2e_DE,1,2035,,,,,,0.009460000000000001
EmissionActivityRatio,BAU,RD,T5FIRRES,,CO2e_DE,1,2036,,,,,,0.009460000000000001
EmissionActivityRatio,BAU,RD,T5FIRRES,,CO2e_DE,1,2037,,,,,,0.009460000000000001
EmissionActivityRatio,BAU,RD,T5FIRRES,,CO2e_DE,1,2038,,,,,,0.009460000000000001
EmissionActivityRatio,BAU,RD,T5FIRRES,,CO2e_DE,1,2039,,,,,,0.009460000000000001
EmissionActivityRatio,BAU,RD,T5FIRRES,,CO2e_DE,1,2040,,,,,,0.009460000000000001
EmissionActivityRatio,BAU,RD,T5FIRRES,,CO2e_DE,1,2041,,,,,,0.009460000000000001
EmissionActivityRatio,BAU,RD,T5FIRRES,,CO2e_DE,1,2042,,,,,,0.009460000000000001
EmissionActivityRatio,BAU,RD,T5FIRRES,,CO2e_DE,1,2043,,,,,,0.009460000000000001
EmissionActivityRatio,BAU,RD,T5FIRRES,,CO2e_DE,1,2044,,,,,,0.009460000000000001
EmissionActivityRatio,BAU,RD,T5FIRRES,,CO2e_DE,1,2045,,,,,,0.009460000000000001
EmissionActivityRatio,BAU,RD,T5FIRRES,,CO2e_DE,1,2046,,,,,,0.009460000000000001
EmissionActivityRatio,BAU,RD,T5FIRRES,,CO2e_DE,1,2047,,,,,,0.009460000000000001
EmissionActivityRatio,BAU,RD,T5FIRRES,,CO2e_DE,1,2048,,,,,,0.009460000000000001
EmissionActivityRatio,BAU,RD,T5FIRRES,,CO2e_DE,1,2049,,,,,,0.009460000000000001
EmissionActivityRatio,BAU,RD,T5FIRRES,,CO2e_DE,1,2050,,,,,,0.009460000000000001
EmissionActivityRatio,BAU,RD,T5BIMRES,,CO2e_DE,1,2018,,,,,,0.005865
EmissionActivityRatio,BAU,RD,T5BIMRES,,CO2e_DE,1,2019,,,,,,0.005865
EmissionActivityRatio,BAU,RD,T5BIMRES,,CO2e_DE,1,2020,,,,,,0.005865
EmissionActivityRatio,BAU,RD,T5BIMRES,,CO2e_DE,1,2021,,,,,,0.005865
EmissionActivityRatio,BAU,RD,T5BIMRES,,CO2e_DE,1,2022,,,,,,0.005865
EmissionActivityRatio,BAU,RD,T5BIMRES,,CO2e_DE,1,2023,,,,,,0.005865
EmissionActivityRatio,BAU,RD,T5BIMRES,,CO2e_DE,1,2024,,,,,,0.005865
EmissionActivityRatio,BAU,RD,T5BIMRES,,CO2e_DE,1,2025,,,,,,0.005865
EmissionActivityRatio,BAU,RD,T5BIMRES,,CO2e_DE,1,2026,,,,,,0.005865
EmissionActivityRatio,BAU,RD,T5BIMRES,,CO2e_DE,1,2027,,,,,,0.005865
EmissionActivityRatio,BAU,RD,T5BIMRES,,CO2e_DE,1,2028,,,,,,0.005865
EmissionActivityRatio,BAU,RD,T5BIMRES,,CO2e_DE,1,2029,,,,,,0.005865
EmissionActivityRatio,BAU,RD,T5BIMRES,,CO2e_DE,1,2030,,,,,,0.005865
EmissionActivityRatio,BAU,RD,T5BIMRES,,CO2e_DE,1,2031,,,,,,0.005865
EmissionActivityRatio,BAU,RD,T5BIMRES,,CO2e_DE,1,2032,,,,,,0.005865
EmissionActivityRatio,BAU,RD,T5BIMRES,,CO2e_DE,1,2033,,,,,,0.005865
EmissionActivityRatio,BAU,RD,T5BIMRES,,CO2e_DE,1,2034,,,,,,0.005865
EmissionActivityRatio,BAU,RD,T5BIMRES,,CO2e_DE,1,2035,,,,,,0.005865
EmissionActivityRatio,BAU,RD,T5BIMRES,,CO2e_DE,1,2036,,,,,,0.005865
EmissionActivityRatio,BAU,RD,T5BIMRES,,CO2e_DE,1,2037,,,,,,0.005865
EmissionActivityRatio,BAU,RD,T5BIMRES,,CO2e_DE,1,2038,,,,,,0.005865
EmissionActivityRatio,BAU,RD,T5BIMRES,,CO2e_DE,1,2039,,,,,,0.005865
EmissionActivityRatio,BAU,RD,T5BIMRES,,CO2e_DE,1,2040,,,,,,0.005865
EmissionActivityRatio,BAU,RD,T5BIMRES,,CO2e_DE,1,2041,,,,,,0.005865
EmissionActivityRatio,BAU,RD,T5BIMRES,,CO2e_DE,1,2042,,,,,,0.005865
EmissionActivityRatio,BAU,RD,T5BIMRES,,CO2e_DE,1,2043,,,,,,0.005865
EmissionActivityRatio,BAU,RD,T5BIMRES,,CO2e_DE,1,2044,,,,,,0.005865
EmissionActivityRatio,BAU,RD,T5BIMRES,,CO2e_DE,1,2045,,,,,,0.005865
EmissionActivityRatio,BAU,RD,T5BIMRES,,CO2e_DE,1,2046,,,,,,0.005865
EmissionActivityRatio,BAU,RD,T5BIMRES,,CO2e_DE,1,2047,,,,,,0.005865
EmissionActivityRatio,BAU,RD,T5BIMRES,,CO2e_DE,1,2048,,,,,,0.005865
EmissionActivityRatio,BAU,RD,T5BIMRES,,CO2e_DE,1,2049,,,,,,0.005865
EmissionActivityRatio,BAU,RD,T5BIMRES,,CO2e_DE,1,2050,,,,,,0.005865
EmissionActivityRatio,BAU,RD,T5BIMRES,,CO2e_CARBONERAS,1,2018,,,,,,0.0034735032481966813
EmissionActivityRatio,BAU,RD,T5BIMRES,,CO2e_CARBONERAS,1,2019,,,,,,0.0034735032481966813
EmissionActivityRatio,BAU,RD,T5BIMRES,,CO2e_CARBONERAS,1,2020,,,,,,0.0034735032481966813
EmissionActivityRatio,BAU,RD,T5BIMRES,,CO2e_CARBONERAS,1,2021,,,,,,0.0034735032481966813
EmissionActivityRatio,BAU,RD,T5BIMRES,,CO2e_CARBONERAS,1,2022,,,,,,0.0034735032481966813
EmissionActivityRatio,BAU,RD,T5BIMRES,,CO2e_CARBONERAS,1,2023,,,,,,0.0034735032481966813
EmissionActivityRatio,BAU,RD,T5BIMRES,,CO2e_CARBONERAS,1,2024,,,,,,0.0034735032481966813
EmissionActivityRatio,BAU,RD,T5BIMRES,,CO2e_CARBONERAS,1,2025,,,,,,0.0034735032481966813
EmissionActivityRatio,BAU,RD,T5BIMRES,,CO2e_CARBONERAS,1,2026,,,,,,0.0034735032481966813
EmissionActivityRatio,BAU,RD,T5BIMRES,,CO2e_CARBONERAS,1,2027,,,,,,0.0034735032481966813
EmissionActivityRatio,BAU,RD,T5BIMRES,,CO2e_CARBONERAS,1,2028,,,,,,0.0034735032481966813
EmissionActivityRatio,BAU,RD,T5BIMRES,,CO2e_CARBONERAS,1,2029,,,,,,0.0034735032481966813
EmissionActivityRatio,BAU,RD,T5BIMRES,,CO2e_CARBONERAS,1,2030,,,,,,0.0034735032481966813
EmissionActivityRatio,BAU,RD,T5BIMRES,,CO2e_CARBONERAS,1,2031,,,,,,0.0034735032481966813
EmissionActivityRatio,BAU,RD,T5BIMRES,,CO2e_CARBONERAS,1,2032,,,,,,0.0034735032481966813
EmissionActivityRatio,BAU,RD,T5BIMRES,,CO2e_CARBONERAS,1,2033,,,,,,0.0034735032481966813
EmissionActivityRatio,BAU,RD,T5BIMRES,,CO2e_CARBONERAS,1,2034,,,,,,0.0034735032481966813
EmissionActivityRatio,BAU,RD,T5BIMRES,,CO2e_CARBONERAS,1,2035,,,,,,0.0034735032481966813
EmissionActivityRatio,BAU,RD,T5BIMRES,,CO2e_CARBONERAS,1,2036,,,,,,0.0034735032481966813
EmissionActivityRatio,BAU,RD,T5BIMRES,,CO2e_CARBONERAS,1,2037,,,,,,0.0034735032481966813
EmissionActivityRatio,BAU,RD,T5BIMRES,,CO2e_CARBONERAS,1,2038,,,,,,0.0034735032481966813
EmissionActivityRatio,BAU,RD,T5BIMRES,,CO2e_CARBONERAS,1,2039,,,,,,0.0034735032481966813
EmissionActivityRatio,BAU,RD,T5BIMRES,,CO2e_CARBONERAS,1,2040,,,,,,0.0034735032481966813
EmissionActivityRatio,BAU,RD,T5BIMRES,,CO2e_CARBONERAS,1,2041,,,,,,0.0034735032481966813
EmissionActivityRatio,BAU,RD,T5BIMRES,,CO2e_CARBONERAS,1,2042,,,,,,0.0034735032481966813
EmissionActivityRatio,BAU,RD,T5BIMRES,,CO2e_CARBONERAS,1,2043,,,,,,0.0034735032481966813
EmissionActivityRatio,BAU,RD,T5BIMRES,,CO2e_CARBONERAS,1,2044,,,,,,0.0034735032481966813
EmissionActivityRatio,BAU,RD,T5BIMRES,,CO2e_CARBONERAS,1,2045,,,,,,0.0034735032481966813
EmissionActivityRatio,BAU,RD,T5BIMRES,,CO2e_CARBONERAS,1,2046,,,,,,0.0034735032481966813
EmissionActivityRatio,BAU,RD,T5BIMRES,,CO2e_CARBONERAS,1,2047,,,,,,0.0034735032481966813
EmissionActivityRatio,BAU,RD,T5BIMRES,,CO2e_CARBONERAS,1,2048,,,,,,0.0034735032481966813
EmissionActivityRatio,BAU,RD,T5BIMRES,,CO2e_CARBONERAS,1,2049,,,,,,0.0034735032481966813
EmissionActivityRatio,BAU,RD,T5BIMRES,,CO2e_CARBONERAS,1,2050,,,,,,0.0034735032481966813
EmissionActivityRatio,BAU,RD,T5GSLCON,,CO2e_DE,1,2018,,,,,,0.06973900000000001
EmissionActivityRatio,BAU,RD,T5GSLCON,,CO2e_DE,1,2019,,,,,,0.06973900000000001
EmissionActivityRatio,BAU,RD,T5GSLCON,,CO2e_DE,1,2020,,,,,,0.06973900000000001
EmissionActivityRatio,BAU,RD,T5GSLCON,,CO2e_DE,1,2021,,,,,,0.06973900000000001
EmissionActivityRatio,BAU,RD,T5GSLCON,,CO2e_DE,1,2022,,,,,,0.06973900000000001
EmissionActivityRatio,BAU,RD,T5GSLCON,,CO2e_DE,1,2023,,,,,,0.06973900000000001
EmissionActivityRatio,BAU,RD,T5GSLCON,,CO2e_DE,1,2024,,,,,,0.06973900000000001
EmissionActivityRatio,BAU,RD,T5GSLCON,,CO2e_DE,1,2025,,,,,,0.06973900000000001
EmissionActivityRatio,BAU,RD,T5GSLCON,,CO2e_DE,1,2026,,,,,,0.06973900000000001
EmissionActivityRatio,BAU,RD,T5GSLCON,,CO2e_DE,1,2027,,,,,,0.06973900000000001
EmissionActivityRatio,BAU,RD,T5GSLCON,,CO2e_DE,1,2028,,,,,,0.06973900000000001
EmissionActivityRatio,BAU,RD,T5GSLCON,,CO2e_DE,1,2029,,,,,,0.06973900000000001
EmissionActivityRatio,BAU,RD,T5GSLCON,,CO2e_DE,1,2030,,,,,,0.06973900000000001
EmissionActivityRatio,BAU,RD,T5GSLCON,,CO2e_DE,1,2031,,,,,,0.06973900000000001
EmissionActivityRatio,BAU,RD,T5GSLCON,,CO2e_DE,1,2032,,,,,,0.06973900000000001
EmissionActivityRatio,BAU,RD,T5GSLCON,,CO2e_DE,1,2033,,,,,,0.06973900000000001
EmissionActivityRatio,BAU,RD,T5GSLCON,,CO2e_DE,1,2034,,,,,,0.06973900000000001
EmissionActivityRatio,BAU,RD,T5GSLCON,,CO2e_DE,1,2035,,,,,,0.06973900000000001
EmissionActivityRatio,BAU,RD,T5GSLCON,,CO2e_DE,1,2036,,,,,,0.06973900000000001
EmissionActivityRatio,BAU,RD,T5GSLCON,,CO2e_DE,1,2037,,,,,,0.06973900000000001
EmissionActivityRatio,BAU,RD,T5GSLCON,,CO2e_DE,1,2038,,,,,,0.06973900000000001
EmissionActivityRatio,BAU,RD,T5GSLCON,,CO2e_DE,1,2039,,,,,,0.06973900000000001
EmissionActivityRatio,BAU,RD,T5GSLCON,,CO2e_DE,1,2040,,,,,,0.06973900000000001
EmissionActivityRatio,BAU,RD,T5GSLCON,,CO2e_DE,1,2041,,,,,,0.06973900000000001
EmissionActivityRatio,BAU,RD,T5GSLCON,,CO2e_DE,1,2042,,,,,,0.06973900000000001
EmissionActivityRatio,BAU,RD,T5GSLCON,,CO2e_DE,1,2043,,,,,,0.06973900000000001
EmissionActivityRatio,BAU,RD,T5GSLCON,,CO2e_DE,1,2044,,,,,,0.06973900000000001
EmissionActivityRatio,BAU,RD,T5GSLCON,,CO2e_DE,1,2045,,,,,,0.06973900000000001
EmissionActivityRatio,BAU,RD,T5GSLCON,,CO2e_DE,1,2046,,,,,,0.06973900000000001
EmissionActivityRatio,BAU,RD,T5GSLCON,,CO2e_DE,1,2047,,,,,,0.06973900000000001
EmissionActivityRatio,BAU,RD,T5GSLCON,,CO2e_DE,1,2048,,,,,,0.06973900000000001
EmissionActivityRatio,BAU,RD,T5GSLCON,,CO2e_DE,1,2049,,,,,,0.06973900000000001
EmissionActivityRatio,BAU,RD,T5GSLCON,,CO2e_DE,1,2050,,,,,,0.06973900000000001
EmissionActivityRatio,BAU,RD,T5LPGCON,,CO2e_DE,1,2018,,,,,,0.0632665
EmissionActivityRatio,BAU,RD,T5LPGCON,,CO2e_DE,1,2019,,,,,,0.0632665
EmissionActivityRatio,BAU,RD,T5LPGCON,,CO2e_DE,1,2020,,,,,,0.0632665
EmissionActivityRatio,BAU,RD,T5LPGCON,,CO2e_DE,1,2021,,,,,,0.0632665
EmissionActivityRatio,BAU,RD,T5LPGCON,,CO2e_DE,1,2022,,,,,,0.0632665
EmissionActivityRatio,BAU,RD,T5LPGCON,,CO2e_DE,1,2023,,,,,,0.0632665
EmissionActivityRatio,BAU,RD,T5LPGCON,,CO2e_DE,1,2024,,,,,,0.0632665
EmissionActivityRatio,BAU,RD,T5LPGCON,,CO2e_DE,1,2025,,,,,,0.0632665
EmissionActivityRatio,BAU,RD,T5LPGCON,,CO2e_DE,1,2026,,,,,,0.0632665
EmissionActivityRatio,BAU,RD,T5LPGCON,,CO2e_DE,1,2027,,,,,,0.0632665
EmissionActivityRatio,BAU,RD,T5LPGCON,,CO2e_DE,1,2028,,,,,,0.0632665
EmissionActivityRatio,BAU,RD,T5LPGCON,,CO2e_DE,1,2029,,,,,,0.0632665
EmissionActivityRatio,BAU,RD,T5LPGCON,,CO2e_DE,1,2030,,,,,,0.0632665
EmissionActivityRatio,BAU,RD,T5LPGCON,,CO2e_DE,1,2031,,,,,,0.0632665
EmissionActivityRatio,BAU,RD,T5LPGCON,,CO2e_DE,1,2032,,,,,,0.0632665
EmissionActivityRatio,BAU,RD,T5LPGCON,,CO2e_DE,1,2033,,,,,,0.0632665
EmissionActivityRatio,BAU,RD,T5LPGCON,,CO2e_DE,1,2034,,,,,,0.0632665
EmissionActivityRatio,BAU,RD,T5LPGCON,,CO2e_DE,1,2035,,,,,,0.0632665
EmissionActivityRatio,BAU,RD,T5LPGCON,,CO2e_DE,1,2036,,,,,,0.0632665
EmissionActivityRatio,BAU,RD,T5LPGCON,,CO2e_DE,1,2037,,,,,,0.0632665
EmissionActivityRatio,BAU,RD,T5LPGCON,,CO2e_DE,1,2038,,,,,,0.0632665
EmissionActivityRatio,BAU,RD,T5LPGCON,,CO2e_DE,1,2039,,,,,,0.0632665
EmissionActivityRatio,BAU,RD,T5LPGCON,,CO2e_DE,1,2040,,,,,,0.0632665
EmissionActivityRatio,BAU,RD,T5LPGCON,,CO2e_DE,1,2041,,,,,,0.0632665
EmissionActivityRatio,BAU,RD,T5LPGCON,,CO2e_DE,1,2042,,,,,,0.0632665
EmissionActivityRatio,BAU,RD,T5LPGCON,,CO2e_DE,1,2043,,,,,,0.0632665
EmissionActivityRatio,BAU,RD,T5LPGCON,,CO2e_DE,1,2044,,,,,,0.0632665
EmissionActivityRatio,BAU,RD,T5LPGCON,,CO2e_DE,1,2045,,,,,,0.0632665
EmissionActivityRatio,BAU,RD,T5LPGCON,,CO2e_DE,1,2046,,,,,,0.0632665
EmissionActivityRatio,BAU,RD,T5LPGCON,,CO2e_DE,1,2047,,,,,,0.0632665
EmissionActivityRatio,BAU,RD,T5LPGCON,,CO2e_DE,1,2048,,,,,,0.0632665
EmissionActivityRatio,BAU,RD,T5LPGCON,,CO2e_DE,1,2049,,,,,,0.0632665
EmissionActivityRatio,BAU,RD,T5LPGCON,,CO2e_DE,1,2050,,,,,,0.0632665
EmissionActivityRatio,BAU,RD,T5NGSEXP,,CO2e_DE,1,2018,,,,,,0.0561
EmissionActivityRatio,BAU,RD,T5NGSEXP,,CO2e_DE,1,2019,,,,,,0.0561
EmissionActivityRatio,BAU,RD,T5NGSEXP,,CO2e_DE,1,2020,,,,,,0.0561
EmissionActivityRatio,BAU,RD,T5NGSEXP,,CO2e_DE,1,2021,,,,,,0.0561
EmissionActivityRatio,BAU,RD,T5NGSEXP,,CO2e_DE,1,2022,,,,,,0.0561
EmissionActivityRatio,BAU,RD,T5NGSEXP,,CO2e_DE,1,2023,,,,,,0.0561
EmissionActivityRatio,BAU,RD,T5NGSEXP,,CO2e_DE,1,2024,,,,,,0.0561
EmissionActivityRatio,BAU,RD,T5NGSEXP,,CO2e_DE,1,2025,,,,,,0.0561
EmissionActivityRatio,BAU,RD,T5NGSEXP,,CO2e_DE,1,2026,,,,,,0.0561
EmissionActivityRatio,BAU,RD,T5NGSEXP,,CO2e_DE,1,2027,,,,,,0.0561
EmissionActivityRatio,BAU,RD,T5NGSEXP,,CO2e_DE,1,2028,,,,,,0.0561
EmissionActivityRatio,BAU,RD,T5NGSEXP,,CO2e_DE,1,2029,,,,,,0.0561
EmissionActivityRatio,BAU,RD,T5NGSEXP,,CO2e_DE,1,2030,,,,,,0.0561
EmissionActivityRatio,BAU,RD,T5NGSEXP,,CO2e_DE,1,2031,,,,,,0.0561
EmissionActivityRatio,BAU,RD,T5NGSEXP,,CO2e_DE,1,2032,,,,,,0.0561
EmissionActivityRatio,BAU,RD,T5NGSEXP,,CO2e_DE,1,2033,,,,,,0.0561
EmissionActivityRatio,BAU,RD,T5NGSEXP,,CO2e_DE,1,2034,,,,,,0.0561
EmissionActivityRatio,BAU,RD,T5NGSEXP,,CO2e_DE,1,2035,,,,,,0.0561
EmissionActivityRatio,BAU,RD,T5NGSEXP,,CO2e_DE,1,2036,,,,,,0.0561
EmissionActivityRatio,BAU,RD,T5NGSEXP,,CO2e_DE,1,2037,,,,,,0.0561
EmissionActivityRatio,BAU,RD,T5NGSEXP,,CO2e_DE,1,2038,,,,,,0.0561
EmissionActivityRatio,BAU,RD,T5NGSEXP,,CO2e_DE,1,2039,,,,,,0.0561
EmissionActivityRatio,BAU,RD,T5NGSEXP,,CO2e_DE,1,2040,,,,,,0.0561
EmissionActivityRatio,BAU,RD,T5NGSEXP,,CO2e_DE,1,2041,,,,,,0.0561
EmissionActivityRatio,BAU,RD,T5NGSEXP,,CO2e_DE,1,2042,,,,,,0.0561
EmissionActivityRatio,BAU,RD,T5NGSEXP,,CO2e_DE,1,2043,,,,,,0.0561
EmissionActivityRatio,BAU,RD,T5NGSEXP,,CO2e_DE,1,2044,,,,,,0.0561
EmissionActivityRatio,BAU,RD,T5NGSEXP,,CO2e_DE,1,2045,,,,,,0.0561
EmissionActivityRatio,BAU,RD,T5NGSEXP,,CO2e_DE,1,2046,,,,,,0.0561
EmissionActivityRatio,BAU,RD,T5NGSEXP,,CO2e_DE,1,2047,,,,,,0.0561
EmissionActivityRatio,BAU,RD,T5NGSEXP,,CO2e_DE,1,2048,,,,,,0.0561
EmissionActivityRatio,BAU,RD,T5NGSEXP,,CO2e_DE,1,2049,,,,,,0.0561
EmissionActivityRatio,BAU,RD,T5NGSEXP,,CO2e_DE,1,2050,,,,,,0.0561
EmissionActivityRatio,BAU,RD,T5KEREXP,,CO2e_DE,1,2018,,,,,,0.0719
EmissionActivityRatio,BAU,RD,T5KEREXP,,CO2e_DE,1,2019,,,,,,0.0719
EmissionActivityRatio,BAU,RD,T5KEREXP,,CO2e_DE,1,2020,,,,,,0.0719
EmissionActivityRatio,BAU,RD,T5KEREXP,,CO2e_DE,1,2021,,,,,,0.0719
EmissionActivityRatio,BAU,RD,T5KEREXP,,CO2e_DE,1,2022,,,,,,0.0719
EmissionActivityRatio,BAU,RD,T5KEREXP,,CO2e_DE,1,2023,,,,,,0.0719
EmissionActivityRatio,BAU,RD,T5KEREXP,,CO2e_DE,1,2024,,,,,,0.0719
EmissionActivityRatio,BAU,RD,T5KEREXP,,CO2e_DE,1,2025,,,,,,0.0719
EmissionActivityRatio,BAU,RD,T5KEREXP,,CO2e_DE,1,2026,,,,,,0.0719
EmissionActivityRatio,BAU,RD,T5KEREXP,,CO2e_DE,1,2027,,,,,,0.0719
EmissionActivityRatio,BAU,RD,T5KEREXP,,CO2e_DE,1,2028,,,,,,0.0719
EmissionActivityRatio,BAU,RD,T5KEREXP,,CO2e_DE,1,2029,,,,,,0.0719
EmissionActivityRatio,BAU,RD,T5KEREXP,,CO2e_DE,1,2030,,,,,,0.0719
EmissionActivityRatio,BAU,RD,T5KEREXP,,CO2e_DE,1,2031,,,,,,0.0719
EmissionActivityRatio,BAU,RD,T5KEREXP,,CO2e_DE,1,2032,,,,,,0.0719
EmissionActivityRatio,BAU,RD,T5KEREXP,,CO2e_DE,1,2033,,,,,,0.0719
EmissionActivityRatio,BAU,RD,T5KEREXP,,CO2e_DE,1,2034,,,,,,0.0719
EmissionActivityRatio,BAU,RD,T5KEREXP,,CO2e_DE,1,2035,,,,,,0.0719
EmissionActivityRatio,BAU,RD,T5KEREXP,,CO2e_DE,1,2036,,,,,,0.0719
EmissionActivityRatio,BAU,RD,T5KEREXP,,CO2e_DE,1,2037,,,,,,0.0719
EmissionActivityRatio,BAU,RD,T5KEREXP,,CO2e_DE,1,2038,,,,,,0.0719
EmissionActivityRatio,BAU,RD,T5KEREXP,,CO2e_DE,1,2039,,,,,,0.0719
EmissionActivityRatio,BAU,RD,T5KEREXP,,CO2e_DE,1,2040,,,,,,0.0719
EmissionActivityRatio,BAU,RD,T5KEREXP,,CO2e_DE,1,2041,,,,,,0.0719
EmissionActivityRatio,BAU,RD,T5KEREXP,,CO2e_DE,1,2042,,,,,,0.0719
EmissionActivityRatio,BAU,RD,T5KEREXP,,CO2e_DE,1,2043,,,,,,0.0719
EmissionActivityRatio,BAU,RD,T5KEREXP,,CO2e_DE,1,2044,,,,,,0.0719
EmissionActivityRatio,BAU,RD,T5KEREXP,,CO2e_DE,1,2045,,,,,,0.0719
EmissionActivityRatio,BAU,RD,T5KEREXP,,CO2e_DE,1,2046,,,,,,0.0719
EmissionActivityRatio,BAU,RD,T5KEREXP,,CO2e_DE,1,2047,,,,,,0.0719
EmissionActivityRatio,BAU,RD,T5KEREXP,,CO2e_DE,1,2048,,,,,,0.0719
EmissionActivityRatio,BAU,RD,T5KEREXP,,CO2e_DE,1,2049,,,,,,0.0719
EmissionActivityRatio,BAU,RD,T5KEREXP,,CO2e_DE,1,2050,,,,,,0.0719
EmissionActivityRatio,BAU,RD,T5BIMEXP,,CO2e_DE,1,2018,,,,,,0.0
EmissionActivityRatio,BAU,RD,T5BIMEXP,,CO2e_DE,1,2019,,,,,,0.0
EmissionActivityRatio,BAU,RD,T5BIMEXP,,CO2e_DE,1,2020,,,,,,0.0
EmissionActivityRatio,BAU,RD,T5BIMEXP,,CO2e_DE,1,2021,,,,,,0.0
EmissionActivityRatio,BAU,RD,T5BIMEXP,,CO2e_DE,1,2022,,,,,,0.0
EmissionActivityRatio,BAU,RD,T5BIMEXP,,CO2e_DE,1,2023,,,,,,0.0
EmissionActivityRatio,BAU,RD,T5BIMEXP,,CO2e_DE,1,2024,,,,,,0.0
EmissionActivityRatio,BAU,RD,T5BIMEXP,,CO2e_DE,1,2025,,,,,,0.0
EmissionActivityRatio,BAU,RD,T5BIMEXP,,CO2e_DE,1,2026,,,,,,0.0
EmissionActivityRatio,BAU,RD,T5BIMEXP,,CO2e_DE,1,2027,,,,,,0.0
EmissionActivityRatio,BAU,RD,T5BIMEXP,,CO2e_DE,1,2028,,,,,,0.0
EmissionActivityRatio,BAU,RD,T5BIMEXP,,CO2e_DE,1,2029,,,,,,0.0
EmissionActivityRatio,BAU,RD,T5BIMEXP,,CO2e_DE,1,2030,,,,,,0.0
EmissionActivityRatio,BAU,RD,T5BIMEXP,,CO2e_DE,1,2031,,,,,,0.0
EmissionActivityRatio,BAU,RD,T5BIMEXP,,CO2e_DE,1,2032,,,,,,0.0
EmissionActivityRatio,BAU,RD,T5BIMEXP,,CO2e_DE,1,2033,,,,,,0.0
EmissionActivityRatio,BAU,RD,T5BIMEXP,,CO2e_DE,1,2034,,,,,,0.0
EmissionActivityRatio,BAU,RD,T5BIMEXP,,CO2e_DE,1,2035,,,,,,0.0
EmissionActivityRatio,BAU,RD,T5BIMEXP,,CO2e_DE,1,2036,,,,,,0.0
EmissionActivityRatio,BAU,RD,T5BIMEXP,,CO2e_DE,1,2037,,,,,,0.0
EmissionActivityRatio,BAU,RD,T5BIMEXP,,CO2e_DE,1,2038,,,,,,0.0
EmissionActivityRatio,BAU,RD,T5BIMEXP,,CO2e_DE,1,2039,,,,,,0.0
EmissionActivityRatio,BAU,RD,T5BIMEXP,,CO2e_DE,1,2040,,,,,,0.0
EmissionActivityRatio,BAU,RD,T5BIMEXP,,CO2e_DE,1,2041,,,,,,0.0
EmissionActivityRatio,BAU,RD,T5BIMEXP,,CO2e_DE,1,2042,,,,,,0.0
EmissionActivityRatio,BAU,RD,T5BIMEXP,,CO2e_DE,1,2043,,,,,,0.0
EmissionActivityRatio,BAU,RD,T5BIMEXP,,CO2e_DE,1,2044,,,,,,0.0
EmissionActivityRatio,BAU,RD,T5BIMEXP,,CO2e_DE,1,2045,,,,,,0.0
EmissionActivityRatio,BAU,RD,T5BIMEXP,,CO2e_DE,1,2046,,,,,,0.0
EmissionActivityRatio,BAU,RD,T5BIMEXP,,CO2e_DE,1,2047,,,,,,0.0
EmissionActivityRatio,BAU,RD,T5BIMEXP,,CO2e_DE,1,2048,,,,,,0.0
EmissionActivityRatio,BAU,RD,T5BIMEXP,,CO2e_DE,1,2049,,,,,,0.0
EmissionActivityRatio,BAU,RD,T5BIMEXP,,CO2e_DE,1,2050,,,,,,0.0
EmissionActivityRatio,BAU,RD,T5DSLTOT,,CO2e_DE,1,2018,,,,,,0.0741
EmissionActivityRatio,BAU,RD,T5DSLTOT,,CO2e_DE,1,2019,,,,,,0.0741
EmissionActivityRatio,BAU,RD,T5DSLTOT,,CO2e_DE,1,2020,,,,,,0.0741
EmissionActivityRatio,BAU,RD,T5DSLTOT,,CO2e_DE,1,2021,,,,,,0.0741
EmissionActivityRatio,BAU,RD,T5DSLTOT,,CO2e_DE,1,2022,,,,,,0.0741
EmissionActivityRatio,BAU,RD,T5DSLTOT,,CO2e_DE,1,2023,,,,,,0.0741
EmissionActivityRatio,BAU,RD,T5DSLTOT,,CO2e_DE,1,2024,,,,,,0.0741
EmissionActivityRatio,BAU,RD,T5DSLTOT,,CO2e_DE,1,2025,,,,,,0.0741
EmissionActivityRatio,BAU,RD,T5DSLTOT,,CO2e_DE,1,2026,,,,,,0.0741
EmissionActivityRatio,BAU,RD,T5DSLTOT,,CO2e_DE,1,2027,,,,,,0.0741
EmissionActivityRatio,BAU,RD,T5DSLTOT,,CO2e_DE,1,2028,,,,,,0.0741
EmissionActivityRatio,BAU,RD,T5DSLTOT,,CO2e_DE,1,2029,,,,,,0.0741
EmissionActivityRatio,BAU,RD,T5DSLTOT,,CO2e_DE,1,2030,,,,,,0.0741
EmissionActivityRatio,BAU,RD,T5DSLTOT,,CO2e_DE,1,2031,,,,,,0.0741
EmissionActivityRatio,BAU,RD,T5DSLTOT,,CO2e_DE,1,2032,,,,,,0.0741
EmissionActivityRatio,BAU,RD,T5DSLTOT,,CO2e_DE,1,2033,,,,,,0.0741
EmissionActivityRatio,BAU,RD,T5DSLTOT,,CO2e_DE,1,2034,,,,,,0.0741
EmissionActivityRatio,BAU,RD,T5DSLTOT,,CO2e_DE,1,2035,,,,,,0.0741
EmissionActivityRatio,BAU,RD,T5DSLTOT,,CO2e_DE,1,2036,,,,,,0.0741
EmissionActivityRatio,BAU,RD,T5DSLTOT,,CO2e_DE,1,2037,,,,,,0.0741
EmissionActivityRatio,BAU,RD,T5DSLTOT,,CO2e_DE,1,2038,,,,,,0.0741
EmissionActivityRatio,BAU,RD,T5DSLTOT,,CO2e_DE,1,2039,,,,,,0.0741
EmissionActivityRatio,BAU,RD,T5DSLTOT,,CO2e_DE,1,2040,,,,,,0.0741
EmissionActivityRatio,BAU,RD,T5DSLTOT,,CO2e_DE,1,2041,,,,,,0.0741
EmissionActivityRatio,BAU,RD,T5DSLTOT,,CO2e_DE,1,2042,,,,,,0.0741
EmissionActivityRatio,BAU,RD,T5DSLTOT,,CO2e_DE,1,2043,,,,,,0.0741
EmissionActivityRatio,BAU,RD,T5DSLTOT,,CO2e_DE,1,2044,,,,,,0.0741
EmissionActivityRatio,BAU,RD,T5DSLTOT,,CO2e_DE,1,2045,,,,,,0.0741
EmissionActivityRatio,BAU,RD,T5DSLTOT,,CO2e_DE,1,2046,,,,,,0.0741
EmissionActivityRatio,BAU,RD,T5DSLTOT,,CO2e_DE,1,2047,,,,,,0.0741
EmissionActivityRatio,BAU,RD,T5DSLTOT,,CO2e_DE,1,2048,,,,,,0.0741
EmissionActivityRatio,BAU,RD,T5DSLTOT,,CO2e_DE,1,2049,,,,,,0.0741
EmissionActivityRatio,BAU,RD,T5DSLTOT,,CO2e_DE,1,2050,,,,,,0.0741
EmissionActivityRatio,BAU,RD,T5GSLTOT,,CO2e_DE,1,2018,,,,,,0.0693
EmissionActivityRatio,BAU,RD,T5GSLTOT,,CO2e_DE,1,2019,,,,,,0.0693
EmissionActivityRatio,BAU,RD,T5GSLTOT,,CO2e_DE,1,2020,,,,,,0.0693
EmissionActivityRatio,BAU,RD,T5GSLTOT,,CO2e_DE,1,2021,,,,,,0.0693
EmissionActivityRatio,BAU,RD,T5GSLTOT,,CO2e_DE,1,2022,,,,,,0.0693
EmissionActivityRatio,BAU,RD,T5GSLTOT,,CO2e_DE,1,2023,,,,,,0.0693
EmissionActivityRatio,BAU,RD,T5GSLTOT,,CO2e_DE,1,2024,,,,,,0.0693
EmissionActivityRatio,BAU,RD,T5GSLTOT,,CO2e_DE,1,2025,,,,,,0.0693
EmissionActivityRatio,BAU,RD,T5GSLTOT,,CO2e_DE,1,2026,,,,,,0.0693
EmissionActivityRatio,BAU,RD,T5GSLTOT,,CO2e_DE,1,2027,,,,,,0.0693
EmissionActivityRatio,BAU,RD,T5GSLTOT,,CO2e_DE,1,2028,,,,,,0.0693
EmissionActivityRatio,BAU,RD,T5GSLTOT,,CO2e_DE,1,2029,,,,,,0.0693
EmissionActivityRatio,BAU,RD,T5GSLTOT,,CO2e_DE,1,2030,,,,,,0.0693
EmissionActivityRatio,BAU,RD,T5GSLTOT,,CO2e_DE,1,2031,,,,,,0.0693
EmissionActivityRatio,BAU,RD,T5GSLTOT,,CO2e_DE,1,2032,,,,,,0.0693
EmissionActivityRatio,BAU,RD,T5GSLTOT,,CO2e_DE,1,2033,,,,,,0.0693
EmissionActivityRatio,BAU,RD,T5GSLTOT,,CO2e_DE,1,2034,,,,,,0.0693
EmissionActivityRatio,BAU,RD,T5GSLTOT,,CO2e_DE,1,2035,,,,,,0.0693
EmissionActivityRatio,BAU,RD,T5GSLTOT,,CO2e_DE,1,2036,,,,,,0.0693
EmissionActivityRatio,BAU,RD,T5GSLTOT,,CO2e_DE,1,2037,,,,,,0.0693
EmissionActivityRatio,BAU,RD,T5GSLTOT,,CO2e_DE,1,2038,,,,,,0.0693
EmissionActivityRatio,BAU,RD,T5GSLTOT,,CO2e_DE,1,2039,,,,,,0.0693
EmissionActivityRatio,BAU,RD,T5GSLTOT,,CO2e_DE,1,2040,,,,,,0.0693
EmissionActivityRatio,BAU,RD,T5GSLTOT,,CO2e_DE,1,2041,,,,,,0.0693
EmissionActivityRatio,BAU,RD,T5GSLTOT,,CO2e_DE,1,2042,,,,,,0.0693
EmissionActivityRatio,BAU,RD,T5GSLTOT,,CO2e_DE,1,2043,,,,,,0.0693
EmissionActivityRatio,BAU,RD,T5GSLTOT,,CO2e_DE,1,2044,,,,,,0.0693
EmissionActivityRatio,BAU,RD,T5GSLTOT,,CO2e_DE,1,2045,,,,,,0.0693
EmissionActivityRatio,BAU,RD,T5GSLTOT,,CO2e_DE,1,2046,,,,,,0.0693
EmissionActivityRatio,BAU,RD,T5GSLTOT,,CO2e_DE,1,2047,,,,,,0.0693
EmissionActivityRatio,BAU,RD,T5GSLTOT,,CO2e_DE,1,2048,,,,,,0.0693
EmissionActivityRatio,BAU,RD,T5GSLTOT,,CO2e_DE,1,2049,,,,,,0.0693
EmissionActivityRatio,BAU,RD,T5GSLTOT,,CO2e_DE,1,2050,,,,,,0.0693
EmissionActivityRatio,BAU,RD,T5ELETOT,,CO2e_DE,1,2018,,,,,,0.0
EmissionActivityRatio,BAU,RD,T5ELETOT,,CO2e_DE,1,2019,,,,,,0.0
EmissionActivityRatio,BAU,RD,T5ELETOT,,CO2e_DE,1,2020,,,,,,0.0
EmissionActivityRatio,BAU,RD,T5ELETOT,,CO2e_DE,1,2021,,,,,,0.0
EmissionActivityRatio,BAU,RD,T5ELETOT,,CO2e_DE,1,2022,,,,,,0.0
EmissionActivityRatio,BAU,RD,T5ELETOT,,CO2e_DE,1,2023,,,,,,0.0
EmissionActivityRatio,BAU,RD,T5ELETOT,,CO2e_DE,1,2024,,,,,,0.0
EmissionActivityRatio,BAU,RD,T5ELETOT,,CO2e_DE,1,2025,,,,,,0.0
EmissionActivityRatio,BAU,RD,T5ELETOT,,CO2e_DE,1,2026,,,,,,0.0
EmissionActivityRatio,BAU,RD,T5ELETOT,,CO2e_DE,1,2027,,,,,,0.0
EmissionActivityRatio,BAU,RD,T5ELETOT,,CO2e_DE,1,2028,,,,,,0.0
EmissionActivityRatio,BAU,RD,T5ELETOT,,CO2e_DE,1,2029,,,,,,0.0
EmissionActivityRatio,BAU,RD,T5ELETOT,,CO2e_DE,1,2030,,,,,,0.0
EmissionActivityRatio,BAU,RD,T5ELETOT,,CO2e_DE,1,2031,,,,,,0.0
EmissionActivityRatio,BAU,RD,T5ELETOT,,CO2e_DE,1,2032,,,,,,0.0
EmissionActivityRatio,BAU,RD,T5ELETOT,,CO2e_DE,1,2033,,,,,,0.0
EmissionActivityRatio,BAU,RD,T5ELETOT,,CO2e_DE,1,2034,,,,,,0.0
EmissionActivityRatio,BAU,RD,T5ELETOT,,CO2e_DE,1,2035,,,,,,0.0
EmissionActivityRatio,BAU,RD,T5ELETOT,,CO2e_DE,1,2036,,,,,,0.0
EmissionActivityRatio,BAU,RD,T5ELETOT,,CO2e_DE,1,2037,,,,,,0.0
EmissionActivityRatio,BAU,RD,T5ELETOT,,CO2e_DE,1,2038,,,,,,0.0
EmissionActivityRatio,BAU,RD,T5ELETOT,,CO2e_DE,1,2039,,,,,,0.0
EmissionActivityRatio,BAU,RD,T5ELETOT,,CO2e_DE,1,2040,,,,,,0.0
EmissionActivityRatio,BAU,RD,T5ELETOT,,CO2e_DE,1,2041,,,,,,0.0
EmissionActivityRatio,BAU,RD,T5ELETOT,,CO2e_DE,1,2042,,,,,,0.0
EmissionActivityRatio,BAU,RD,T5ELETOT,,CO2e_DE,1,2043,,,,,,0.0
EmissionActivityRatio,BAU,RD,T5ELETOT,,CO2e_DE,1,2044,,,,,,0.0
EmissionActivityRatio,BAU,RD,T5ELETOT,,CO2e_DE,1,2045,,,,,,0.0
EmissionActivityRatio,BAU,RD,T5ELETOT,,CO2e_DE,1,2046,,,,,,0.0
EmissionActivityRatio,BAU,RD,T5ELETOT,,CO2e_DE,1,2047,,,,,,0.0
EmissionActivityRatio,BAU,RD,T5ELETOT,,CO2e_DE,1,2048,,,,,,0.0
EmissionActivityRatio,BAU,RD,T5ELETOT,,CO2e_DE,1,2049,,,,,,0.0
EmissionActivityRatio,BAU,RD,T5ELETOT,,CO2e_DE,1,2050,,,,,,0.0
EmissionActivityRatio,BAU,RD,T5GSLTAC,,CO2e_DE,1,2018,,,,,,0.070544
EmissionActivityRatio,BAU,RD,T5GSLTAC,,CO2e_DE,1,2019,,,,,,0.070544
EmissionActivityRatio,BAU,RD,T5GSLTAC,,CO2e_DE,1,2020,,,,,,0.070544
EmissionActivityRatio,BAU,RD,T5GSLTAC,,CO2e_DE,1,2021,,,,,,0.070544
EmissionActivityRatio,BAU,RD,T5GSLTAC,,CO2e_DE,1,2022,,,,,,0.070544
EmissionActivityRatio,BAU,RD,T5GSLTAC,,CO2e_DE,1,2023,,,,,,0.070544
EmissionActivityRatio,BAU,RD,T5GSLTAC,,CO2e_DE,1,2024,,,,,,0.070544
EmissionActivityRatio,BAU,RD,T5GSLTAC,,CO2e_DE,1,2025,,,,,,0.070544
EmissionActivityRatio,BAU,RD,T5GSLTAC,,CO2e_DE,1,2026,,,,,,0.070544
EmissionActivityRatio,BAU,RD,T5GSLTAC,,CO2e_DE,1,2027,,,,,,0.070544
EmissionActivityRatio,BAU,RD,T5GSLTAC,,CO2e_DE,1,2028,,,,,,0.070544
EmissionActivityRatio,BAU,RD,T5GSLTAC,,CO2e_DE,1,2029,,,,,,0.070544
EmissionActivityRatio,BAU,RD,T5GSLTAC,,CO2e_DE,1,2030,,,,,,0.070544
EmissionActivityRatio,BAU,RD,T5GSLTAC,,CO2e_DE,1,2031,,,,,,0.070544
EmissionActivityRatio,BAU,RD,T5GSLTAC,,CO2e_DE,1,2032,,,,,,0.070544
EmissionActivityRatio,BAU,RD,T5GSLTAC,,CO2e_DE,1,2033,,,,,,0.070544
EmissionActivityRatio,BAU,RD,T5GSLTAC,,CO2e_DE,1,2034,,,,,,0.070544
EmissionActivityRatio,BAU,RD,T5GSLTAC,,CO2e_DE,1,2035,,,,,,0.070544
EmissionActivityRatio,BAU,RD,T5GSLTAC,,CO2e_DE,1,2036,,,,,,0.070544
EmissionActivityRatio,BAU,RD,T5GSLTAC,,CO2e_DE,1,2037,,,,,,0.070544
EmissionActivityRatio,BAU,RD,T5GSLTAC,,CO2e_DE,1,2038,,,,,,0.070544
EmissionActivityRatio,BAU,RD,T5GSLTAC,,CO2e_DE,1,2039,,,,,,0.070544
EmissionActivityRatio,BAU,RD,T5GSLTAC,,CO2e_DE,1,2040,,,,,,0.070544
EmissionActivityRatio,BAU,RD,T5GSLTAC,,CO2e_DE,1,2041,,,,,,0.070544
EmissionActivityRatio,BAU,RD,T5GSLTAC,,CO2e_DE,1,2042,,,,,,0.070544
EmissionActivityRatio,BAU,RD,T5GSLTAC,,CO2e_DE,1,2043,,,,,,0.070544
EmissionActivityRatio,BAU,RD,T5GSLTAC,,CO2e_DE,1,2044,,,,,,0.070544
EmissionActivityRatio,BAU,RD,T5GSLTAC,,CO2e_DE,1,2045,,,,,,0.070544
EmissionActivityRatio,BAU,RD,T5GSLTAC,,CO2e_DE,1,2046,,,,,,0.070544
EmissionActivityRatio,BAU,RD,T5GSLTAC,,CO2e_DE,1,2047,,,,,,0.070544
EmissionActivityRatio,BAU,RD,T5GSLTAC,,CO2e_DE,1,2048,,,,,,0.070544
EmissionActivityRatio,BAU,RD,T5GSLTAC,,CO2e_DE,1,2049,,,,,,0.070544
EmissionActivityRatio,BAU,RD,T5GSLTAC,,CO2e_DE,1,2050,,,,,,0.070544
EmissionActivityRatio,BAU,RD,T5KERTAC,,CO2e_DE,1,2018,,,,,,0.072044
EmissionActivityRatio,BAU,RD,T5KERTAC,,CO2e_DE,1,2019,,,,,,0.072044
EmissionActivityRatio,BAU,RD,T5KERTAC,,CO2e_DE,1,2020,,,,,,0.072044
EmissionActivityRatio,BAU,RD,T5KERTAC,,CO2e_DE,1,2021,,,,,,0.072044
EmissionActivityRatio,BAU,RD,T5KERTAC,,CO2e_DE,1,2022,,,,,,0.072044
EmissionActivityRatio,BAU,RD,T5KERTAC,,CO2e_DE,1,2023,,,,,,0.072044
EmissionActivityRatio,BAU,RD,T5KERTAC,,CO2e_DE,1,2024,,,,,,0.072044
EmissionActivityRatio,BAU,RD,T5KERTAC,,CO2e_DE,1,2025,,,,,,0.072044
EmissionActivityRatio,BAU,RD,T5KERTAC,,CO2e_DE,1,2026,,,,,,0.072044
EmissionActivityRatio,BAU,RD,T5KERTAC,,CO2e_DE,1,2027,,,,,,0.072044
EmissionActivityRatio,BAU,RD,T5KERTAC,,CO2e_DE,1,2028,,,,,,0.072044
EmissionActivityRatio,BAU,RD,T5KERTAC,,CO2e_DE,1,2029,,,,,,0.072044
EmissionActivityRatio,BAU,RD,T5KERTAC,,CO2e_DE,1,2030,,,,,,0.072044
EmissionActivityRatio,BAU,RD,T5KERTAC,,CO2e_DE,1,2031,,,,,,0.072044
EmissionActivityRatio,BAU,RD,T5KERTAC,,CO2e_DE,1,2032,,,,,,0.072044
EmissionActivityRatio,BAU,RD,T5KERTAC,,CO2e_DE,1,2033,,,,,,0.072044
EmissionActivityRatio,BAU,RD,T5KERTAC,,CO2e_DE,1,2034,,,,,,0.072044
EmissionActivityRatio,BAU,RD,T5KERTAC,,CO2e_DE,1,2035,,,,,,0.072044
EmissionActivityRatio,BAU,RD,T5KERTAC,,CO2e_DE,1,2036,,,,,,0.072044
EmissionActivityRatio,BAU,RD,T5KERTAC,,CO2e_DE,1,2037,,,,,,0.072044
EmissionActivityRatio,BAU,RD,T5KERTAC,,CO2e_DE,1,2038,,,,,,0.072044
EmissionActivityRatio,BAU,RD,T5KERTAC,,CO2e_DE,1,2039,,,,,,0.072044
EmissionActivityRatio,BAU,RD,T5KERTAC,,CO2e_DE,1,2040,,,,,,0.072044
EmissionActivityRatio,BAU,RD,T5KERTAC,,CO2e_DE,1,2041,,,,,,0.072044
EmissionActivityRatio,BAU,RD,T5KERTAC,,CO2e_DE,1,2042,,,,,,0.072044
EmissionActivityRatio,BAU,RD,T5KERTAC,,CO2e_DE,1,2043,,,,,,0.072044
EmissionActivityRatio,BAU,RD,T5KERTAC,,CO2e_DE,1,2044,,,,,,0.072044
EmissionActivityRatio,BAU,RD,T5KERTAC,,CO2e_DE,1,2045,,,,,,0.072044
EmissionActivityRatio,BAU,RD,T5KERTAC,,CO2e_DE,1,2046,,,,,,0.072044
EmissionActivityRatio,BAU,RD,T5KERTAC,,CO2e_DE,1,2047,,,,,,0.072044
EmissionActivityRatio,BAU,RD,T5KERTAC,,CO2e_DE,1,2048,,,,,,0.072044
EmissionActivityRatio,BAU,RD,T5KERTAC,,CO2e_DE,1,2049,,,,,,0.072044
EmissionActivityRatio,BAU,RD,T5KERTAC,,CO2e_DE,1,2050,,,,,,0.072044
EmissionActivityRatio,BAU,RD,T5ELEAGR,,CO2e_DE,1,2018,,,,,,0.0
EmissionActivityRatio,BAU,RD,T5ELEAGR,,CO2e_DE,1,2019,,,,,,0.0
EmissionActivityRatio,BAU,RD,T5ELEAGR,,CO2e_DE,1,2020,,,,,,0.0
EmissionActivityRatio,BAU,RD,T5ELEAGR,,CO2e_DE,1,2021,,,,,,0.0
EmissionActivityRatio,BAU,RD,T5ELEAGR,,CO2e_DE,1,2022,,,,,,0.0
EmissionActivityRatio,BAU,RD,T5ELEAGR,,CO2e_DE,1,2023,,,,,,0.0
EmissionActivityRatio,BAU,RD,T5ELEAGR,,CO2e_DE,1,2024,,,,,,0.0
EmissionActivityRatio,BAU,RD,T5ELEAGR,,CO2e_DE,1,2025,,,,,,0.0
EmissionActivityRatio,BAU,RD,T5ELEAGR,,CO2e_DE,1,2026,,,,,,0.0
EmissionActivityRatio,BAU,RD,T5ELEAGR,,CO2e_DE,1,2027,,,,,,0.0
EmissionActivityRatio,BAU,RD,T5ELEAGR,,CO2e_DE,1,2028,,,,,,0.0
EmissionActivityRatio,BAU,RD,T5ELEAGR,,CO2e_DE,1,2029,,,,,,0.0
EmissionActivityRatio,BAU,RD,T5ELEAGR,,CO2e_DE,1,2030,,,,,,0.0
EmissionActivityRatio,BAU,RD,T5ELEAGR,,CO2e_DE,1,2031,,,,,,0.0
EmissionActivityRatio,BAU,RD,T5ELEAGR,,CO2e_DE,1,2032,,,,,,0.0
EmissionActivityRatio,BAU,RD,T5ELEAGR,,CO2e_DE,1,2033,,,,,,0.0
EmissionActivityRatio,BAU,RD,T5ELEAGR,,CO2e_DE,1,2034,,,,,,0.0
EmissionActivityRatio,BAU,RD,T5ELEAGR,,CO2e_DE,1,2035,,,,,,0.0
EmissionActivityRatio,BAU,RD,T5ELEAGR,,CO2e_DE,1,2036,,,,,,0.0
EmissionActivityRatio,BAU,RD,T5ELEAGR,,CO2e_DE,1,2037,,,,,,0.0
EmissionActivityRatio,BAU,RD,T5ELEAGR,,CO2e_DE,1,2038,,,,,,0.0
EmissionActivityRatio,BAU,RD,T5ELEAGR,,CO2e_DE,1,2039,,,,,,0.0
EmissionActivityRatio,BAU,RD,T5ELEAGR,,CO2e_DE,1,2040,,,,,,0.0
EmissionActivityRatio,BAU,RD,T5ELEAGR,,CO2e_DE,1,2041,,,,,,0.0
EmissionActivityRatio,BAU,RD,T5ELEAGR,,CO2e_DE,1,2042,,,,,,0.0
EmissionActivityRatio,BAU,RD,T5ELEAGR,,CO2e_DE,1,2043,,,,,,0.0
EmissionActivityRatio,BAU,RD,T5ELEAGR,,CO2e_DE,1,2044,,,,,,0.0
EmissionActivityRatio,BAU,RD,T5ELEAGR,,CO2e_DE,1,2045,,,,,,0.0
EmissionActivityRatio,BAU,RD,T5ELEAGR,,CO2e_DE,1,2046,,,,,,0.0
EmissionActivityRatio,BAU,RD,T5ELEAGR,,CO2e_DE,1,2047,,,,,,0.0
EmissionActivityRatio,BAU,RD,T5ELEAGR,,CO2e_DE,1,2048,,,,,,0.0
EmissionActivityRatio,BAU,RD,T5ELEAGR,,CO2e_DE,1,2049,,,,,,0.0
EmissionActivityRatio,BAU,RD,T5ELEAGR,,CO2e_DE,1,2050,,,,,,0.0
EmissionActivityRatio,BAU,RD,T5DSLAGR,,CO2e_DE,1,2018,,,,,,0.0
EmissionActivityRatio,BAU,RD,T5DSLAGR,,CO2e_DE,1,2019,,,,,,0.0
EmissionActivityRatio,BAU,RD,T5DSLAGR,,CO2e_DE,1,2020,,,,,,0.0
EmissionActivityRatio,BAU,RD,T5DSLAGR,,CO2e_DE,1,2021,,,,,,0.0
EmissionActivityRatio,BAU,RD,T5DSLAGR,,CO2e_DE,1,2022,,,,,,0.0
EmissionActivityRatio,BAU,RD,T5DSLAGR,,CO2e_DE,1,2023,,,,,,0.0
EmissionActivityRatio,BAU,RD,T5DSLAGR,,CO2e_DE,1,2024,,,,,,0.0
EmissionActivityRatio,BAU,RD,T5DSLAGR,,CO2e_DE,1,2025,,,,,,0.0
EmissionActivityRatio,BAU,RD,T5DSLAGR,,CO2e_DE,1,2026,,,,,,0.0
EmissionActivityRatio,BAU,RD,T5DSLAGR,,CO2e_DE,1,2027,,,,,,0.0
EmissionActivityRatio,BAU,RD,T5DSLAGR,,CO2e_DE,1,2028,,,,,,0.0
EmissionActivityRatio,BAU,RD,T5DSLAGR,,CO2e_DE,1,2029,,,,,,0.0
EmissionActivityRatio,BAU,RD,T5DSLAGR,,CO2e_DE,1,2030,,,,,,0.0
EmissionActivityRatio,BAU,RD,T5DSLAGR,,CO2e_DE,1,2031,,,,,,0.0
EmissionActivityRatio,BAU,RD,T5DSLAGR,,CO2e_DE,1,2032,,,,,,0.0
EmissionActivityRatio,BAU,RD,T5DSLAGR,,CO2e_DE,1,2033,,,,,,0.0
EmissionActivityRatio,BAU,RD,T5DSLAGR,,CO2e_DE,1,2034,,,,,,0.0
EmissionActivityRatio,BAU,RD,T5DSLAGR,,CO2e_DE,1,2035,,,,,,0.0
EmissionActivityRatio,BAU,RD,T5DSLAGR,,CO2e_DE,1,2036,,,,,,0.0
EmissionActivityRatio,BAU,RD,T5DSLAGR,,CO2e_DE,1,2037,,,,,,0.0
EmissionActivityRatio,BAU,RD,T5DSLAGR,,CO2e_DE,1,2038,,,,,,0.0
EmissionActivityRatio,BAU,RD,T5DSLAGR,,CO2e_DE,1,2039,,,,,,0.0
EmissionActivityRatio,BAU,RD,T5DSLAGR,,CO2e_DE,1,2040,,,,,,0.0
EmissionActivityRatio,BAU,RD,T5DSLAGR,,CO2e_DE,1,2041,,,,,,0.0
EmissionActivityRatio,BAU,RD,T5DSLAGR,,CO2e_DE,1,2042,,,,,,0.0
EmissionActivityRatio,BAU,RD,T5DSLAGR,,CO2e_DE,1,2043,,,,,,0.0
EmissionActivityRatio,BAU,RD,T5DSLAGR,,CO2e_DE,1,2044,,,,,,0.0
EmissionActivityRatio,BAU,RD,T5DSLAGR,,CO2e_DE,1,2045,,,,,,0.0
EmissionActivityRatio,BAU,RD,T5DSLAGR,,CO2e_DE,1,2046,,,,,,0.0
EmissionActivityRatio,BAU,RD,T5DSLAGR,,CO2e_DE,1,2047,,,,,,0.0
EmissionActivityRatio,BAU,RD,T5DSLAGR,,CO2e_DE,1,2048,,,,,,0.0
EmissionActivityRatio,BAU,RD,T5DSLAGR,,CO2e_DE,1,2049,,,,,,0.0
EmissionActivityRatio,BAU,RD,T5DSLAGR,,CO2e_DE,1,2050,,,,,,0.0
EmissionActivityRatio,BAU,RD,T5LPGAGR,,CO2e_DE,1,2018,,,,,,0.0
EmissionActivityRatio,BAU,RD,T5LPGAGR,,CO2e_DE,1,2019,,,,,,0.0
EmissionActivityRatio,BAU,RD,T5LPGAGR,,CO2e_DE,1,2020,,,,,,0.0
EmissionActivityRatio,BAU,RD,T5LPGAGR,,CO2e_DE,1,2021,,,,,,0.0
EmissionActivityRatio,BAU,RD,T5LPGAGR,,CO2e_DE,1,2022,,,,,,0.0
EmissionActivityRatio,BAU,RD,T5LPGAGR,,CO2e_DE,1,2023,,,,,,0.0
EmissionActivityRatio,BAU,RD,T5LPGAGR,,CO2e_DE,1,2024,,,,,,0.0
EmissionActivityRatio,BAU,RD,T5LPGAGR,,CO2e_DE,1,2025,,,,,,0.0
EmissionActivityRatio,BAU,RD,T5LPGAGR,,CO2e_DE,1,2026,,,,,,0.0
EmissionActivityRatio,BAU,RD,T5LPGAGR,,CO2e_DE,1,2027,,,,,,0.0
EmissionActivityRatio,BAU,RD,T5LPGAGR,,CO2e_DE,1,2028,,,,,,0.0
EmissionActivityRatio,BAU,RD,T5LPGAGR,,CO2e_DE,1,2029,,,,,,0.0
EmissionActivityRatio,BAU,RD,T5LPGAGR,,CO2e_DE,1,2030,,,,,,0.0
EmissionActivityRatio,BAU,RD,T5LPGAGR,,CO2e_DE,1,2031,,,,,,0.0
EmissionActivityRatio,BAU,RD,T5LPGAGR,,CO2e_DE,1,2032,,,,,,0.0
EmissionActivityRatio,BAU,RD,T5LPGAGR,,CO2e_DE,1,2033,,,,,,0.0
EmissionActivityRatio,BAU,RD,T5LPGAGR,,CO2e_DE,1,2034,,,,,,0.0
EmissionActivityRatio,BAU,RD,T5LPGAGR,,CO2e_DE,1,2035,,,,,,0.0
EmissionActivityRatio,BAU,RD,T5LPGAGR,,CO2e_DE,1,2036,,,,,,0.0
EmissionActivityRatio,BAU,RD,T5LPGAGR,,CO2e_DE,1,2037,,,,,,0.0
EmissionActivityRatio,BAU,RD,T5LPGAGR,,CO2e_DE,1,2038,,,,,,0.0
EmissionActivityRatio,BAU,RD,T5LPGAGR,,CO2e_DE,1,2039,,,,,,0.0
EmissionActivityRatio,BAU,RD,T5LPGAGR,,CO2e_DE,1,2040,,,,,,0.0
EmissionActivityRatio,BAU,RD,T5LPGAGR,,CO2e_DE,1,2041,,,,,,0.0
EmissionActivityRatio,BAU,RD,T5LPGAGR,,CO2e_DE,1,2042,,,,,,0.0
EmissionActivityRatio,BAU,RD,T5LPGAGR,,CO2e_DE,1,2043,,,,,,0.0
EmissionActivityRatio,BAU,RD,T5LPGAGR,,CO2e_DE,1,2044,,,,,,0.0
EmissionActivityRatio,BAU,RD,T5LPGAGR,,CO2e_DE,1,2045,,,,,,0.0
EmissionActivityRatio,BAU,RD,T5LPGAGR,,CO2e_DE,1,2046,,,,,,0.0
EmissionActivityRatio,BAU,RD,T5LPGAGR,,CO2e_DE,1,2047,,,,,,0.0
EmissionActivityRatio,BAU,RD,T5LPGAGR,,CO2e_DE,1,2048,,,,,,0.0
EmissionActivityRatio,BAU,RD,T5LPGAGR,,CO2e_DE,1,2049,,,,,,0.0
EmissionActivityRatio,BAU,RD,T5LPGAGR,,CO2e_DE,1,2050,,,,,,0.0
EmissionActivityRatio,BAU,RD,PRO_COA,,CO2e_FUG,1,2018,,,,,,0.0392354948805461
EmissionActivityRatio,BAU,RD,PRO_COA,,CO2e_FUG,1,2019,,,,,,0.0392354948805461
EmissionActivityRatio,BAU,RD,PRO_COA,,CO2e_FUG,1,2020,,,,,,0.0392354948805461
EmissionActivityRatio,BAU,RD,PRO_COA,,CO2e_FUG,1,2021,,,,,,0.0392354948805461
EmissionActivityRatio,BAU,RD,PRO_COA,,CO2e_FUG,1,2022,,,,,,0.0392354948805461
EmissionActivityRatio,BAU,RD,PRO_COA,,CO2e_FUG,1,2023,,,,,,0.0392354948805461
EmissionActivityRatio,BAU,RD,PRO_COA,,CO2e_FUG,1,2024,,,,,,0.0392354948805461
EmissionActivityRatio,BAU,RD,PRO_COA,,CO2e_FUG,1,2025,,,,,,0.0392354948805461
EmissionActivityRatio,BAU,RD,PRO_COA,,CO2e_FUG,1,2026,,,,,,0.0392354948805461
EmissionActivityRatio,BAU,RD,PRO_COA,,CO2e_FUG,1,2027,,,,,,0.0392354948805461
EmissionActivityRatio,BAU,RD,PRO_COA,,CO2e_FUG,1,2028,,,,,,0.0392354948805461
EmissionActivityRatio,BAU,RD,PRO_COA,,CO2e_FUG,1,2029,,,,,,0.0392354948805461
EmissionActivityRatio,BAU,RD,PRO_COA,,CO2e_FUG,1,2030,,,,,,0.0392354948805461
EmissionActivityRatio,BAU,RD,PRO_COA,,CO2e_FUG,1,2031,,,,,,0.0392354948805461
EmissionActivityRatio,BAU,RD,PRO_COA,,CO2e_FUG,1,2032,,,,,,0.0392354948805461
EmissionActivityRatio,BAU,RD,PRO_COA,,CO2e_FUG,1,2033,,,,,,0.0392354948805461
EmissionActivityRatio,BAU,RD,PRO_COA,,CO2e_FUG,1,2034,,,,,,0.0392354948805461
EmissionActivityRatio,BAU,RD,PRO_COA,,CO2e_FUG,1,2035,,,,,,0.0392354948805461
EmissionActivityRatio,BAU,RD,PRO_COA,,CO2e_FUG,1,2036,,,,,,0.0392354948805461
EmissionActivityRatio,BAU,RD,PRO_COA,,CO2e_FUG,1,2037,,,,,,0.0392354948805461
EmissionActivityRatio,BAU,RD,PRO_COA,,CO2e_FUG,1,2038,,,,,,0.0392354948805461
EmissionActivityRatio,BAU,RD,PRO_COA,,CO2e_FUG,1,2039,,,,,,0.0392354948805461
EmissionActivityRatio,BAU,RD,PRO_COA,,CO2e_FUG,1,2040,,,,,,0.0392354948805461
EmissionActivityRatio,BAU,RD,PRO_COA,,CO2e_FUG,1,2041,,,,,,0.0392354948805461
EmissionActivityRatio,BAU,RD,PRO_COA,,CO2e_FUG,1,2042,,,,,,0.0392354948805461
EmissionActivityRatio,BAU,RD,PRO_COA,,CO2e_FUG,1,2043,,,,,,0.0392354948805461
EmissionActivityRatio,BAU,RD,PRO_COA,,CO2e_FUG,1,2044,,,,,,0.0392354948805461
EmissionActivityRatio,BAU,RD,PRO_COA,,CO2e_FUG,1,2045,,,,,,0.0392354948805461
EmissionActivityRatio,BAU,RD,PRO_COA,,CO2e_FUG,1,2046,,,,,,0.0392354948805461
EmissionActivityRatio,BAU,RD,PRO_COA,,CO2e_FUG,1,2047,,,,,,0.0392354948805461
EmissionActivityRatio,BAU,RD,PRO_COA,,CO2e_FUG,1,2048,,,,,,0.0392354948805461
EmissionActivityRatio,BAU,RD,PRO_COA,,CO2e_FUG,1,2049,,,,,,0.0392354948805461
EmissionActivityRatio,BAU,RD,PRO_COA,,CO2e_FUG,1,2050,,,,,,0.0392354948805461
EmissionActivityRatio,BAU,RD,EXTT_CRU,,CO2e_FUG,1,2018,,,,,,0.000172367136150235
EmissionActivityRatio,BAU,RD,EXTT_CRU,,CO2e_FUG,1,2019,,,,,,0.000172367136150235
EmissionActivityRatio,BAU,RD,EXTT_CRU,,CO2e_FUG,1,2020,,,,,,0.000172367136150235
EmissionActivityRatio,BAU,RD,EXTT_CRU,,CO2e_FUG,1,2021,,,,,,0.000172367136150235
EmissionActivityRatio,BAU,RD,EXTT_CRU,,CO2e_FUG,1,2022,,,,,,0.000172367136150235
EmissionActivityRatio,BAU,RD,EXTT_CRU,,CO2e_FUG,1,2023,,,,,,0.000172367136150235
EmissionActivityRatio,BAU,RD,EXTT_CRU,,CO2e_FUG,1,2024,,,,,,0.000172367136150235
EmissionActivityRatio,BAU,RD,EXTT_CRU,,CO2e_FUG,1,2025,,,,,,0.000172367136150235
EmissionActivityRatio,BAU,RD,EXTT_CRU,,CO2e_FUG,1,2026,,,,,,0.000172367136150235
EmissionActivityRatio,BAU,RD,EXTT_CRU,,CO2e_FUG,1,2027,,,,,,0.000172367136150235
EmissionActivityRatio,BAU,RD,EXTT_CRU,,CO2e_FUG,1,2028,,,,,,0.000172367136150235
EmissionActivityRatio,BAU,RD,EXTT_CRU,,CO2e_FUG,1,2029,,,,,,0.000172367136150235
EmissionActivityRatio,BAU,RD,EXTT_CRU,,CO2e_FUG,1,2030,,,,,,0.000172367136150235
EmissionActivityRatio,BAU,RD,EXTT_CRU,,CO2e_FUG,1,2031,,,,,,0.000172367136150235
EmissionActivityRatio,BAU,RD,EXTT_CRU,,CO2e_FUG,1,2032,,,,,,0.000172367136150235
EmissionActivityRatio,BAU,RD,EXTT_CRU,,CO2e_FUG,1,2033,,,,,,0.000172367136150235
EmissionActivityRatio,BAU,RD,EXTT_CRU,,CO2e_FUG,1,2034,,,,,,0.000172367136150235
EmissionActivityRatio,BAU,RD,EXTT_CRU,,CO2e_FUG,1,2035,,,,,,0.000172367136150235
EmissionActivityRatio,BAU,RD,EXTT_CRU,,CO2e_FUG,1,2036,,,,,,0.000172367136150235
EmissionActivityRatio,BAU,RD,EXTT_CRU,,CO2e_FUG,1,2037,,,,,,0.000172367136150235
EmissionActivityRatio,BAU,RD,EXTT_CRU,,CO2e_FUG,1,2038,,,,,,0.000172367136150235
EmissionActivityRatio,BAU,RD,EXTT_CRU,,CO2e_FUG,1,2039,,,,,,0.000172367136150235
EmissionActivityRatio,BAU,RD,EXTT_CRU,,CO2e_FUG,1,2040,,,,,,0.000172367136150235
EmissionActivityRatio,BAU,RD,EXTT_CRU,,CO2e_FUG,1,2041,,,,,,0.000172367136150235
EmissionActivityRatio,BAU,RD,EXTT_CRU,,CO2e_FUG,1,2042,,,,,,0.000172367136150235
EmissionActivityRatio,BAU,RD,EXTT_CRU,,CO2e_FUG,1,2043,,,,,,0.000172367136150235
EmissionActivityRatio,BAU,RD,EXTT_CRU,,CO2e_FUG,1,2044,,,,,,0.000172367136150235
EmissionActivityRatio,BAU,RD,EXTT_CRU,,CO2e_FUG,1,2045,,,,,,0.000172367136150235
EmissionActivityRatio,BAU,RD,EXTT_CRU,,CO2e_FUG,1,2046,,,,,,0.000172367136150235
EmissionActivityRatio,BAU,RD,EXTT_CRU,,CO2e_FUG,1,2047,,,,,,0.000172367136150235
EmissionActivityRatio,BAU,RD,EXTT_CRU,,CO2e_FUG,1,2048,,,,,,0.000172367136150235
EmissionActivityRatio,BAU,RD,EXTT_CRU,,CO2e_FUG,1,2049,,,,,,0.000172367136150235
EmissionActivityRatio,BAU,RD,EXTT_CRU,,CO2e_FUG,1,2050,,,,,,0.000172367136150235
EmissionActivityRatio,BAU,RD,EXTT_NGS,,CO2e_FUG,1,2018,,,,,,0.000460559430539422
EmissionActivityRatio,BAU,RD,EXTT_NGS,,CO2e_FUG,1,2019,,,,,,0.000460559430539422
EmissionActivityRatio,BAU,RD,EXTT_NGS,,CO2e_FUG,1,2020,,,,,,0.000460559430539422
EmissionActivityRatio,BAU,RD,EXTT_NGS,,CO2e_FUG,1,2021,,,,,,0.000460559430539422
EmissionActivityRatio,BAU,RD,EXTT_NGS,,CO2e_FUG,1,2022,,,,,,0.000460559430539422
EmissionActivityRatio,BAU,RD,EXTT_NGS,,CO2e_FUG,1,2023,,,,,,0.000460559430539422
EmissionActivityRatio,BAU,RD,EXTT_NGS,,CO2e_FUG,1,2024,,,,,,0.000460559430539422
EmissionActivityRatio,BAU,RD,EXTT_NGS,,CO2e_FUG,1,2025,,,,,,0.000460559430539422
EmissionActivityRatio,BAU,RD,EXTT_NGS,,CO2e_FUG,1,2026,,,,,,0.000460559430539422
EmissionActivityRatio,BAU,RD,EXTT_NGS,,CO2e_FUG,1,2027,,,,,,0.000460559430539422
EmissionActivityRatio,BAU,RD,EXTT_NGS,,CO2e_FUG,1,2028,,,,,,0.000460559430539422
EmissionActivityRatio,BAU,RD,EXTT_NGS,,CO2e_FUG,1,2029,,,,,,0.000460559430539422
EmissionActivityRatio,BAU,RD,EXTT_NGS,,CO2e_FUG,1,2030,,,,,,0.000460559430539422
EmissionActivityRatio,BAU,RD,EXTT_NGS,,CO2e_FUG,1,2031,,,,,,0.000460559430539422
EmissionActivityRatio,BAU,RD,EXTT_NGS,,CO2e_FUG,1,2032,,,,,,0.000460559430539422
EmissionActivityRatio,BAU,RD,EXTT_NGS,,CO2e_FUG,1,2033,,,,,,0.000460559430539422
EmissionActivityRatio,BAU,RD,EXTT_NGS,,CO2e_FUG,1,2034,,,,,,0.000460559430539422
EmissionActivityRatio,BAU,RD,EXTT_NGS,,CO2e_FUG,1,2035,,,,,,0.000460559430539422
EmissionActivityRatio,BAU,RD,EXTT_NGS,,CO2e_FUG,1,2036,,,,,,0.000460559430539422
EmissionActivityRatio,BAU,RD,EXTT_NGS,,CO2e_FUG,1,2037,,,,,,0.000460559430539422
EmissionActivityRatio,BAU,RD,EXTT_NGS,,CO2e_FUG,1,2038,,,,,,0.000460559430539422
EmissionActivityRatio,BAU,RD,EXTT_NGS,,CO2e_FUG,1,2039,,,,,,0.000460559430539422
EmissionActivityRatio,BAU,RD,EXTT_NGS,,CO2e_FUG,1,2040,,,,,,0.000460559430539422
EmissionActivityRatio,BAU,RD,EXTT_NGS,,CO2e_FUG,1,2041,,,,,,0.000460559430539422
EmissionActivityRatio,BAU,RD,EXTT_NGS,,CO2e_FUG,1,2042,,,,,,0.000460559430539422
EmissionActivityRatio,BAU,RD,EXTT_NGS,,CO2e_FUG,1,2043,,,,,,0.000460559430539422
EmissionActivityRatio,BAU,RD,EXTT_NGS,,CO2e_FUG,1,2044,,,,,,0.000460559430539422
EmissionActivityRatio,BAU,RD,EXTT_NGS,,CO2e_FUG,1,2045,,,,,,0.000460559430539422
EmissionActivityRatio,BAU,RD,EXTT_NGS,,CO2e_FUG,1,2046,,,,,,0.000460559430539422
EmissionActivityRatio,BAU,RD,EXTT_NGS,,CO2e_FUG,1,2047,,,,,,0.000460559430539422
EmissionActivityRatio,BAU,RD,EXTT_NGS,,CO2e_FUG,1,2048,,,,,,0.000460559430539422
EmissionActivityRatio,BAU,RD,EXTT_NGS,,CO2e_FUG,1,2049,,,,,,0.000460559430539422
EmissionActivityRatio,BAU,RD,EXTT_NGS,,CO2e_FUG,1,2050,,,,,,0.000460559430539422
EmissionActivityRatio,BAU,RD,DIST_NGS,,CO2e_FUG,1,2018,,,,,,0.000460559430539422
EmissionActivityRatio,BAU,RD,DIST_NGS,,CO2e_FUG,1,2019,,,,,,0.000460559430539422
EmissionActivityRatio,BAU,RD,DIST_NGS,,CO2e_FUG,1,2020,,,,,,0.000460559430539422
EmissionActivityRatio,BAU,RD,DIST_NGS,,CO2e_FUG,1,2021,,,,,,0.000460559430539422
EmissionActivityRatio,BAU,RD,DIST_NGS,,CO2e_FUG,1,2022,,,,,,0.000460559430539422
EmissionActivityRatio,BAU,RD,DIST_NGS,,CO2e_FUG,1,2023,,,,,,0.000460559430539422
EmissionActivityRatio,BAU,RD,DIST_NGS,,CO2e_FUG,1,2024,,,,,,0.000460559430539422
EmissionActivityRatio,BAU,RD,DIST_NGS,,CO2e_FUG,1,2025,,,,,,0.000460559430539422
EmissionActivityRatio,BAU,RD,DIST_NGS,,CO2e_FUG,1,2026,,,,,,0.000460559430539422
EmissionActivityRatio,BAU,RD,DIST_NGS,,CO2e_FUG,1,2027,,,,,,0.000460559430539422
EmissionActivityRatio,BAU,RD,DIST_NGS,,CO2e_FUG,1,2028,,,,,,0.000460559430539422
EmissionActivityRatio,BAU,RD,DIST_NGS,,CO2e_FUG,1,2029,,,,,,0.000460559430539422
EmissionActivityRatio,BAU,RD,DIST_NGS,,CO2e_FUG,1,2030,,,,,,0.000460559430539422
EmissionActivityRatio,BAU,RD,DIST_NGS,,CO2e_FUG,1,2031,,,,,,0.000460559430539422
EmissionActivityRatio,BAU,RD,DIST_NGS,,CO2e_FUG,1,2032,,,,,,0.000460559430539422
EmissionActivityRatio,BAU,RD,DIST_NGS,,CO2e_FUG,1,2033,,,,,,0.000460559430539422
EmissionActivityRatio,BAU,RD,DIST_NGS,,CO2e_FUG,1,2034,,,,,,0.000460559430539422
EmissionActivityRatio,BAU,RD,DIST_NGS,,CO2e_FUG,1,2035,,,,,,0.000460559430539422
EmissionActivityRatio,BAU,RD,DIST_NGS,,CO2e_FUG,1,2036,,,,,,0.000460559430539422
EmissionActivityRatio,BAU,RD,DIST_NGS,,CO2e_FUG,1,2037,,,,,,0.000460559430539422
EmissionActivityRatio,BAU,RD,DIST_NGS,,CO2e_FUG,1,2038,,,,,,0.000460559430539422
EmissionActivityRatio,BAU,RD,DIST_NGS,,CO2e_FUG,1,2039,,,,,,0.000460559430539422
EmissionActivityRatio,BAU,RD,DIST_NGS,,CO2e_FUG,1,2040,,,,,,0.000460559430539422
EmissionActivityRatio,BAU,RD,DIST_NGS,,CO2e_FUG,1,2041,,,,,,0.000460559430539422
EmissionActivityRatio,BAU,RD,DIST_NGS,,CO2e_FUG,1,2042,,,,,,0.000460559430539422
EmissionActivityRatio,BAU,RD,DIST_NGS,,CO2e_FUG,1,2043,,,,,,0.000460559430539422
EmissionActivityRatio,BAU,RD,DIST_NGS,,CO2e_FUG,1,2044,,,,,,0.000460559430539422
EmissionActivityRatio,BAU,RD,DIST_NGS,,CO2e_FUG,1,2045,,,,,,0.000460559430539422
EmissionActivityRatio,BAU,RD,DIST_NGS,,CO2e_FUG,1,2046,,,,,,0.000460559430539422
EmissionActivityRatio,BAU,RD,DIST_NGS,,CO2e_FUG,1,2047,,,,,,0.000460559430539422
EmissionActivityRatio,BAU,RD,DIST_NGS,,CO2e_FUG,1,2048,,,,,,0.000460559430539422
EmissionActivityRatio,BAU,RD,DIST_NGS,,CO2e_FUG,1,2049,,,,,,0.000460559430539422
EmissionActivityRatio,BAU,RD,DIST_NGS,,CO2e_FUG,1,2050,,,,,,0.000460559430539422
EmissionActivityRatio,BAU,RD,PPCCTNGS,,Health,1,2018,,,,,,8.197455600897615e-05
EmissionActivityRatio,BAU,RD,PPCCTNGS,,Health,1,2019,,,,,,8.197455600897615e-05
EmissionActivityRatio,BAU,RD,PPCCTNGS,,Health,1,2020,,,,,,8.197455600897615e-05
EmissionActivityRatio,BAU,RD,PPCCTNGS,,Health,1,2021,,,,,,8.197455600897615e-05
EmissionActivityRatio,BAU,RD,PPCCTNGS,,Health,1,2022,,,,,,8.197455600897615e-05
EmissionActivityRatio,BAU,RD,PPCCTNGS,,Health,1,2023,,,,,,8.197455600897615e-05
EmissionActivityRatio,BAU,RD,PPCCTNGS,,Health,1,2024,,,,,,8.197455600897615e-05
EmissionActivityRatio,BAU,RD,PPCCTNGS,,Health,1,2025,,,,,,8.197455600897615e-05
EmissionActivityRatio,BAU,RD,PPCCTNGS,,Health,1,2026,,,,,,8.197455600897615e-05
EmissionActivityRatio,BAU,RD,PPCCTNGS,,Health,1,2027,,,,,,8.197455600897615e-05
EmissionActivityRatio,BAU,RD,PPCCTNGS,,Health,1,2028,,,,,,8.197455600897615e-05
EmissionActivityRatio,BAU,RD,PPCCTNGS,,Health,1,2029,,,,,,8.197455600897615e-05
EmissionActivityRatio,BAU,RD,PPCCTNGS,,Health,1,2030,,,,,,8.197455600897615e-05
EmissionActivityRatio,BAU,RD,PPCCTNGS,,Health,1,2031,,,,,,8.197455600897615e-05
EmissionActivityRatio,BAU,RD,PPCCTNGS,,Health,1,2032,,,,,,8.197455600897615e-05
EmissionActivityRatio,BAU,RD,PPCCTNGS,,Health,1,2033,,,,,,8.197455600897615e-05
EmissionActivityRatio,BAU,RD,PPCCTNGS,,Health,1,2034,,,,,,8.197455600897615e-05
EmissionActivityRatio,BAU,RD,PPCCTNGS,,Health,1,2035,,,,,,8.197455600897615e-05
EmissionActivityRatio,BAU,RD,PPCCTNGS,,Health,1,2036,,,,,,8.197455600897615e-05
EmissionActivityRatio,BAU,RD,PPCCTNGS,,Health,1,2037,,,,,,8.197455600897615e-05
EmissionActivityRatio,BAU,RD,PPCCTNGS,,Health,1,2038,,,,,,8.197455600897615e-05
EmissionActivityRatio,BAU,RD,PPCCTNGS,,Health,1,2039,,,,,,8.197455600897615e-05
EmissionActivityRatio,BAU,RD,PPCCTNGS,,Health,1,2040,,,,,,8.197455600897615e-05
EmissionActivityRatio,BAU,RD,PPCCTNGS,,Health,1,2041,,,,,,8.197455600897615e-05
EmissionActivityRatio,BAU,RD,PPCCTNGS,,Health,1,2042,,,,,,8.197455600897615e-05
EmissionActivityRatio,BAU,RD,PPCCTNGS,,Health,1,2043,,,,,,8.197455600897615e-05
EmissionActivityRatio,BAU,RD,PPCCTNGS,,Health,1,2044,,,,,,8.197455600897615e-05
EmissionActivityRatio,BAU,RD,PPCCTNGS,,Health,1,2045,,,,,,8.197455600897615e-05
EmissionActivityRatio,BAU,RD,PPCCTNGS,,Health,1,2046,,,,,,8.197455600897615e-05
EmissionActivityRatio,BAU,RD,PPCCTNGS,,Health,1,2047,,,,,,8.197455600897615e-05
EmissionActivityRatio,BAU,RD,PPCCTNGS,,Health,1,2048,,,,,,8.197455600897615e-05
EmissionActivityRatio,BAU,RD,PPCCTNGS,,Health,1,2049,,,,,,8.197455600897615e-05
EmissionActivityRatio,BAU,RD,PPCCTNGS,,Health,1,2050,,,,,,8.197455600897615e-05
EmissionActivityRatio,BAU,RD,PPCCTNGSDSL,,Health,1,2018,,,,,,8.197455600897615e-05
EmissionActivityRatio,BAU,RD,PPCCTNGSDSL,,Health,1,2019,,,,,,8.197455600897615e-05
EmissionActivityRatio,BAU,RD,PPCCTNGSDSL,,Health,1,2020,,,,,,8.197455600897615e-05
EmissionActivityRatio,BAU,RD,PPCCTNGSDSL,,Health,1,2021,,,,,,8.197455600897615e-05
EmissionActivityRatio,BAU,RD,PPCCTNGSDSL,,Health,1,2022,,,,,,8.197455600897615e-05
EmissionActivityRatio,BAU,RD,PPCCTNGSDSL,,Health,1,2023,,,,,,8.197455600897615e-05
EmissionActivityRatio,BAU,RD,PPCCTNGSDSL,,Health,1,2024,,,,,,8.197455600897615e-05
EmissionActivityRatio,BAU,RD,PPCCTNGSDSL,,Health,1,2025,,,,,,8.197455600897615e-05
EmissionActivityRatio,BAU,RD,PPCCTNGSDSL,,Health,1,2026,,,,,,8.197455600897615e-05
EmissionActivityRatio,BAU,RD,PPCCTNGSDSL,,Health,1,2027,,,,,,8.197455600897615e-05
EmissionActivityRatio,BAU,RD,PPCCTNGSDSL,,Health,1,2028,,,,,,8.197455600897615e-05
EmissionActivityRatio,BAU,RD,PPCCTNGSDSL,,Health,1,2029,,,,,,8.197455600897615e-05
EmissionActivityRatio,BAU,RD,PPCCTNGSDSL,,Health,1,2030,,,,,,8.197455600897615e-05
EmissionActivityRatio,BAU,RD,PPCCTNGSDSL,,Health,1,2031,,,,,,8.197455600897615e-05
EmissionActivityRatio,BAU,RD,PPCCTNGSDSL,,Health,1,2032,,,,,,8.197455600897615e-05
EmissionActivityRatio,BAU,RD,PPCCTNGSDSL,,Health,1,2033,,,,,,8.197455600897615e-05
EmissionActivityRatio,BAU,RD,PPCCTNGSDSL,,Health,1,2034,,,,,,8.197455600897615e-05
EmissionActivityRatio,BAU,RD,PPCCTNGSDSL,,Health,1,2035,,,,,,8.197455600897615e-05
EmissionActivityRatio,BAU,RD,PPCCTNGSDSL,,Health,1,2036,,,,,,8.197455600897615e-05
EmissionActivityRatio,BAU,RD,PPCCTNGSDSL,,Health,1,2037,,,,,,8.197455600897615e-05
EmissionActivityRatio,BAU,RD,PPCCTNGSDSL,,Health,1,2038,,,,,,8.197455600897615e-05
EmissionActivityRatio,BAU,RD,PPCCTNGSDSL,,Health,1,2039,,,,,,8.197455600897615e-05
EmissionActivityRatio,BAU,RD,PPCCTNGSDSL,,Health,1,2040,,,,,,8.197455600897615e-05
EmissionActivityRatio,BAU,RD,PPCCTNGSDSL,,Health,1,2041,,,,,,8.197455600897615e-05
EmissionActivityRatio,BAU,RD,PPCCTNGSDSL,,Health,1,2042,,,,,,8.197455600897615e-05
EmissionActivityRatio,BAU,RD,PPCCTNGSDSL,,Health,1,2043,,,,,,8.197455600897615e-05
EmissionActivityRatio,BAU,RD,PPCCTNGSDSL,,Health,1,2044,,,,,,8.197455600897615e-05
EmissionActivityRatio,BAU,RD,PPCCTNGSDSL,,Health,1,2045,,,,,,8.197455600897615e-05
EmissionActivityRatio,BAU,RD,PPCCTNGSDSL,,Health,1,2046,,,,,,8.197455600897615e-05
EmissionActivityRatio,BAU,RD,PPCCTNGSDSL,,Health,1,2047,,,,,,8.197455600897615e-05
EmissionActivityRatio,BAU,RD,PPCCTNGSDSL,,Health,1,2048,,,,,,8.197455600897615e-05
EmissionActivityRatio,BAU,RD,PPCCTNGSDSL,,Health,1,2049,,,,,,8.197455600897615e-05
EmissionActivityRatio,BAU,RD,PPCCTNGSDSL,,Health,1,2050,,,,,,8.197455600897615e-05
EmissionActivityRatio,BAU,RD,PPCOA,,Health,1,2018,,,,,,0.004747278963327471
EmissionActivityRatio,BAU,RD,PPCOA,,Health,1,2019,,,,,,0.004747278963327471
EmissionActivityRatio,BAU,RD,PPCOA,,Health,1,2020,,,,,,0.004747278963327471
EmissionActivityRatio,BAU,RD,PPCOA,,Health,1,2021,,,,,,0.004747278963327471
EmissionActivityRatio,BAU,RD,PPCOA,,Health,1,2022,,,,,,0.004747278963327471
EmissionActivityRatio,BAU,RD,PPCOA,,Health,1,2023,,,,,,0.004747278963327471
EmissionActivityRatio,BAU,RD,PPCOA,,Health,1,2024,,,,,,0.004747278963327471
EmissionActivityRatio,BAU,RD,PPCOA,,Health,1,2025,,,,,,0.004747278963327471
EmissionActivityRatio,BAU,RD,PPCOA,,Health,1,2026,,,,,,0.004747278963327471
EmissionActivityRatio,BAU,RD,PPCOA,,Health,1,2027,,,,,,0.004747278963327471
EmissionActivityRatio,BAU,RD,PPCOA,,Health,1,2028,,,,,,0.004747278963327471
EmissionActivityRatio,BAU,RD,PPCOA,,Health,1,2029,,,,,,0.004747278963327471
EmissionActivityRatio,BAU,RD,PPCOA,,Health,1,2030,,,,,,0.004747278963327471
EmissionActivityRatio,BAU,RD,PPCOA,,Health,1,2031,,,,,,0.004747278963327471
EmissionActivityRatio,BAU,RD,PPCOA,,Health,1,2032,,,,,,0.004747278963327471
EmissionActivityRatio,BAU,RD,PPCOA,,Health,1,2033,,,,,,0.004747278963327471
EmissionActivityRatio,BAU,RD,PPCOA,,Health,1,2034,,,,,,0.004747278963327471
EmissionActivityRatio,BAU,RD,PPCOA,,Health,1,2035,,,,,,0.004747278963327471
EmissionActivityRatio,BAU,RD,PPCOA,,Health,1,2036,,,,,,0.004747278963327471
EmissionActivityRatio,BAU,RD,PPCOA,,Health,1,2037,,,,,,0.004747278963327471
EmissionActivityRatio,BAU,RD,PPCOA,,Health,1,2038,,,,,,0.004747278963327471
EmissionActivityRatio,BAU,RD,PPCOA,,Health,1,2039,,,,,,0.004747278963327471
EmissionActivityRatio,BAU,RD,PPCOA,,Health,1,2040,,,,,,0.004747278963327471
EmissionActivityRatio,BAU,RD,PPCOA,,Health,1,2041,,,,,,0.004747278963327471
EmissionActivityRatio,BAU,RD,PPCOA,,Health,1,2042,,,,,,0.004747278963327471
EmissionActivityRatio,BAU,RD,PPCOA,,Health,1,2043,,,,,,0.004747278963327471
EmissionActivityRatio,BAU,RD,PPCOA,,Health,1,2044,,,,,,0.004747278963327471
EmissionActivityRatio,BAU,RD,PPCOA,,Health,1,2045,,,,,,0.004747278963327471
EmissionActivityRatio,BAU,RD,PPCOA,,Health,1,2046,,,,,,0.004747278963327471
EmissionActivityRatio,BAU,RD,PPCOA,,Health,1,2047,,,,,,0.004747278963327471
EmissionActivityRatio,BAU,RD,PPCOA,,Health,1,2048,,,,,,0.004747278963327471
EmissionActivityRatio,BAU,RD,PPCOA,,Health,1,2049,,,,,,0.004747278963327471
EmissionActivityRatio,BAU,RD,PPCOA,,Health,1,2050,,,,,,0.004747278963327471
EmissionActivityRatio,BAU,RD,T4DSL_HEA,,Health,1,2018,,,,,,0.009676468585854548
EmissionActivityRatio,BAU,RD,T4DSL_HEA,,Health,1,2019,,,,,,0.009676468585854548
EmissionActivityRatio,BAU,RD,T4DSL_HEA,,Health,1,2020,,,,,,0.009676468585854548
EmissionActivityRatio,BAU,RD,T4DSL_HEA,,Health,1,2021,,,,,,0.009676468585854548
EmissionActivityRatio,BAU,RD,T4DSL_HEA,,Health,1,2022,,,,,,0.009676468585854548
EmissionActivityRatio,BAU,RD,T4DSL_HEA,,Health,1,2023,,,,,,0.009676468585854548
EmissionActivityRatio,BAU,RD,T4DSL_HEA,,Health,1,2024,,,,,,0.009676468585854548
EmissionActivityRatio,BAU,RD,T4DSL_HEA,,Health,1,2025,,,,,,0.009676468585854548
EmissionActivityRatio,BAU,RD,T4DSL_HEA,,Health,1,2026,,,,,,0.009676468585854548
EmissionActivityRatio,BAU,RD,T4DSL_HEA,,Health,1,2027,,,,,,0.009676468585854548
EmissionActivityRatio,BAU,RD,T4DSL_HEA,,Health,1,2028,,,,,,0.009676468585854548
EmissionActivityRatio,BAU,RD,T4DSL_HEA,,Health,1,2029,,,,,,0.009676468585854548
EmissionActivityRatio,BAU,RD,T4DSL_HEA,,Health,1,2030,,,,,,0.009676468585854548
EmissionActivityRatio,BAU,RD,T4DSL_HEA,,Health,1,2031,,,,,,0.009676468585854548
EmissionActivityRatio,BAU,RD,T4DSL_HEA,,Health,1,2032,,,,,,0.009676468585854548
EmissionActivityRatio,BAU,RD,T4DSL_HEA,,Health,1,2033,,,,,,0.009676468585854548
EmissionActivityRatio,BAU,RD,T4DSL_HEA,,Health,1,2034,,,,,,0.009676468585854548
EmissionActivityRatio,BAU,RD,T4DSL_HEA,,Health,1,2035,,,,,,0.009676468585854548
EmissionActivityRatio,BAU,RD,T4DSL_HEA,,Health,1,2036,,,,,,0.009676468585854548
EmissionActivityRatio,BAU,RD,T4DSL_HEA,,Health,1,2037,,,,,,0.009676468585854548
EmissionActivityRatio,BAU,RD,T4DSL_HEA,,Health,1,2038,,,,,,0.009676468585854548
EmissionActivityRatio,BAU,RD,T4DSL_HEA,,Health,1,2039,,,,,,0.009676468585854548
EmissionActivityRatio,BAU,RD,T4DSL_HEA,,Health,1,2040,,,,,,0.009676468585854548
EmissionActivityRatio,BAU,RD,T4DSL_HEA,,Health,1,2041,,,,,,0.009676468585854548
EmissionActivityRatio,BAU,RD,T4DSL_HEA,,Health,1,2042,,,,,,0.009676468585854548
EmissionActivityRatio,BAU,RD,T4DSL_HEA,,Health,1,2043,,,,,,0.009676468585854548
EmissionActivityRatio,BAU,RD,T4DSL_HEA,,Health,1,2044,,,,,,0.009676468585854548
EmissionActivityRatio,BAU,RD,T4DSL_HEA,,Health,1,2045,,,,,,0.009676468585854548
EmissionActivityRatio,BAU,RD,T4DSL_HEA,,Health,1,2046,,,,,,0.009676468585854548
EmissionActivityRatio,BAU,RD,T4DSL_HEA,,Health,1,2047,,,,,,0.009676468585854548
EmissionActivityRatio,BAU,RD,T4DSL_HEA,,Health,1,2048,,,,,,0.009676468585854548
EmissionActivityRatio,BAU,RD,T4DSL_HEA,,Health,1,2049,,,,,,0.009676468585854548
EmissionActivityRatio,BAU,RD,T4DSL_HEA,,Health,1,2050,,,,,,0.009676468585854548
EmissionActivityRatio,BAU,RD,T4DSL_LIG,,Health,1,2018,,,,,,0.009676468585854548
EmissionActivityRatio,BAU,RD,T4DSL_LIG,,Health,1,2019,,,,,,0.009676468585854548
EmissionActivityRatio,BAU,RD,T4DSL_LIG,,Health,1,2020,,,,,,0.009676468585854548
EmissionActivityRatio,BAU,RD,T4DSL_LIG,,Health,1,2021,,,,,,0.009676468585854548
EmissionActivityRatio,BAU,RD,T4DSL_LIG,,Health,1,2022,,,,,,0.009676468585854548
EmissionActivityRatio,BAU,RD,T4DSL_LIG,,Health,1,2023,,,,,,0.009676468585854548
EmissionActivityRatio,BAU,RD,T4DSL_LIG,,Health,1,2024,,,,,,0.009676468585854548
EmissionActivityRatio,BAU,RD,T4DSL_LIG,,Health,1,2025,,,,,,0.009676468585854548
EmissionActivityRatio,BAU,RD,T4DSL_LIG,,Health,1,2026,,,,,,0.009676468585854548
EmissionActivityRatio,BAU,RD,T4DSL_LIG,,Health,1,2027,,,,,,0.009676468585854548
EmissionActivityRatio,BAU,RD,T4DSL_LIG,,Health,1,2028,,,,,,0.009676468585854548
EmissionActivityRatio,BAU,RD,T4DSL_LIG,,Health,1,2029,,,,,,0.009676468585854548
EmissionActivityRatio,BAU,RD,T4DSL_LIG,,Health,1,2030,,,,,,0.009676468585854548
EmissionActivityRatio,BAU,RD,T4DSL_LIG,,Health,1,2031,,,,,,0.009676468585854548
EmissionActivityRatio,BAU,RD,T4DSL_LIG,,Health,1,2032,,,,,,0.009676468585854548
EmissionActivityRatio,BAU,RD,T4DSL_LIG,,Health,1,2033,,,,,,0.009676468585854548
EmissionActivityRatio,BAU,RD,T4DSL_LIG,,Health,1,2034,,,,,,0.009676468585854548
EmissionActivityRatio,BAU,RD,T4DSL_LIG,,Health,1,2035,,,,,,0.009676468585854548
EmissionActivityRatio,BAU,RD,T4DSL_LIG,,Health,1,2036,,,,,,0.009676468585854548
EmissionActivityRatio,BAU,RD,T4DSL_LIG,,Health,1,2037,,,,,,0.009676468585854548
EmissionActivityRatio,BAU,RD,T4DSL_LIG,,Health,1,2038,,,,,,0.009676468585854548
EmissionActivityRatio,BAU,RD,T4DSL_LIG,,Health,1,2039,,,,,,0.009676468585854548
EmissionActivityRatio,BAU,RD,T4DSL_LIG,,Health,1,2040,,,,,,0.009676468585854548
EmissionActivityRatio,BAU,RD,T4DSL_LIG,,Health,1,2041,,,,,,0.009676468585854548
EmissionActivityRatio,BAU,RD,T4DSL_LIG,,Health,1,2042,,,,,,0.009676468585854548
EmissionActivityRatio,BAU,RD,T4DSL_LIG,,Health,1,2043,,,,,,0.009676468585854548
EmissionActivityRatio,BAU,RD,T4DSL_LIG,,Health,1,2044,,,,,,0.009676468585854548
EmissionActivityRatio,BAU,RD,T4DSL_LIG,,Health,1,2045,,,,,,0.009676468585854548
EmissionActivityRatio,BAU,RD,T4DSL_LIG,,Health,1,2046,,,,,,0.009676468585854548
EmissionActivityRatio,BAU,RD,T4DSL_LIG,,Health,1,2047,,,,,,0.009676468585854548
EmissionActivityRatio,BAU,RD,T4DSL_LIG,,Health,1,2048,,,,,,0.009676468585854548
EmissionActivityRatio,BAU,RD,T4DSL_LIG,,Health,1,2049,,,,,,0.009676468585854548
EmissionActivityRatio,BAU,RD,T4DSL_LIG,,Health,1,2050,,,,,,0.009676468585854548
EmissionActivityRatio,BAU,RD,T4DSL_PRI,,Health,1,2018,,,,,,0.009676468585854548
EmissionActivityRatio,BAU,RD,T4DSL_PRI,,Health,1,2019,,,,,,0.009676468585854548
EmissionActivityRatio,BAU,RD,T4DSL_PRI,,Health,1,2020,,,,,,0.009676468585854548
EmissionActivityRatio,BAU,RD,T4DSL_PRI,,Health,1,2021,,,,,,0.009676468585854548
EmissionActivityRatio,BAU,RD,T4DSL_PRI,,Health,1,2022,,,,,,0.009676468585854548
EmissionActivityRatio,BAU,RD,T4DSL_PRI,,Health,1,2023,,,,,,0.009676468585854548
EmissionActivityRatio,BAU,RD,T4DSL_PRI,,Health,1,2024,,,,,,0.009676468585854548
EmissionActivityRatio,BAU,RD,T4DSL_PRI,,Health,1,2025,,,,,,0.009676468585854548
EmissionActivityRatio,BAU,RD,T4DSL_PRI,,Health,1,2026,,,,,,0.009676468585854548
EmissionActivityRatio,BAU,RD,T4DSL_PRI,,Health,1,2027,,,,,,0.009676468585854548
EmissionActivityRatio,BAU,RD,T4DSL_PRI,,Health,1,2028,,,,,,0.009676468585854548
EmissionActivityRatio,BAU,RD,T4DSL_PRI,,Health,1,2029,,,,,,0.009676468585854548
EmissionActivityRatio,BAU,RD,T4DSL_PRI,,Health,1,2030,,,,,,0.009676468585854548
EmissionActivityRatio,BAU,RD,T4DSL_PRI,,Health,1,2031,,,,,,0.009676468585854548
EmissionActivityRatio,BAU,RD,T4DSL_PRI,,Health,1,2032,,,,,,0.009676468585854548
EmissionActivityRatio,BAU,RD,T4DSL_PRI,,Health,1,2033,,,,,,0.009676468585854548
EmissionActivityRatio,BAU,RD,T4DSL_PRI,,Health,1,2034,,,,,,0.009676468585854548
EmissionActivityRatio,BAU,RD,T4DSL_PRI,,Health,1,2035,,,,,,0.009676468585854548
EmissionActivityRatio,BAU,RD,T4DSL_PRI,,Health,1,2036,,,,,,0.009676468585854548
EmissionActivityRatio,BAU,RD,T4DSL_PRI,,Health,1,2037,,,,,,0.009676468585854548
EmissionActivityRatio,BAU,RD,T4DSL_PRI,,Health,1,2038,,,,,,0.009676468585854548
EmissionActivityRatio,BAU,RD,T4DSL_PRI,,Health,1,2039,,,,,,0.009676468585854548
EmissionActivityRatio,BAU,RD,T4DSL_PRI,,Health,1,2040,,,,,,0.009676468585854548
EmissionActivityRatio,BAU,RD,T4DSL_PRI,,Health,1,2041,,,,,,0.009676468585854548
EmissionActivityRatio,BAU,RD,T4DSL_PRI,,Health,1,2042,,,,,,0.009676468585854548
EmissionActivityRatio,BAU,RD,T4DSL_PRI,,Health,1,2043,,,,,,0.009676468585854548
EmissionActivityRatio,BAU,RD,T4DSL_PRI,,Health,1,2044,,,,,,0.009676468585854548
EmissionActivityRatio,BAU,RD,T4DSL_PRI,,Health,1,2045,,,,,,0.009676468585854548
EmissionActivityRatio,BAU,RD,T4DSL_PRI,,Health,1,2046,,,,,,0.009676468585854548
EmissionActivityRatio,BAU,RD,T4DSL_PRI,,Health,1,2047,,,,,,0.009676468585854548
EmissionActivityRatio,BAU,RD,T4DSL_PRI,,Health,1,2048,,,,,,0.009676468585854548
EmissionActivityRatio,BAU,RD,T4DSL_PRI,,Health,1,2049,,,,,,0.009676468585854548
EmissionActivityRatio,BAU,RD,T4DSL_PRI,,Health,1,2050,,,,,,0.009676468585854548
EmissionActivityRatio,BAU,RD,T4DSL_PUB,,Health,1,2018,,,,,,0.009676468585854548
EmissionActivityRatio,BAU,RD,T4DSL_PUB,,Health,1,2019,,,,,,0.009676468585854548
EmissionActivityRatio,BAU,RD,T4DSL_PUB,,Health,1,2020,,,,,,0.009676468585854548
EmissionActivityRatio,BAU,RD,T4DSL_PUB,,Health,1,2021,,,,,,0.009676468585854548
EmissionActivityRatio,BAU,RD,T4DSL_PUB,,Health,1,2022,,,,,,0.009676468585854548
EmissionActivityRatio,BAU,RD,T4DSL_PUB,,Health,1,2023,,,,,,0.009676468585854548
EmissionActivityRatio,BAU,RD,T4DSL_PUB,,Health,1,2024,,,,,,0.009676468585854548
EmissionActivityRatio,BAU,RD,T4DSL_PUB,,Health,1,2025,,,,,,0.009676468585854548
EmissionActivityRatio,BAU,RD,T4DSL_PUB,,Health,1,2026,,,,,,0.009676468585854548
EmissionActivityRatio,BAU,RD,T4DSL_PUB,,Health,1,2027,,,,,,0.009676468585854548
EmissionActivityRatio,BAU,RD,T4DSL_PUB,,Health,1,2028,,,,,,0.009676468585854548
EmissionActivityRatio,BAU,RD,T4DSL_PUB,,Health,1,2029,,,,,,0.009676468585854548
EmissionActivityRatio,BAU,RD,T4DSL_PUB,,Health,1,2030,,,,,,0.009676468585854548
EmissionActivityRatio,BAU,RD,T4DSL_PUB,,Health,1,2031,,,,,,0.009676468585854548
EmissionActivityRatio,BAU,RD,T4DSL_PUB,,Health,1,2032,,,,,,0.009676468585854548
EmissionActivityRatio,BAU,RD,T4DSL_PUB,,Health,1,2033,,,,,,0.009676468585854548
EmissionActivityRatio,BAU,RD,T4DSL_PUB,,Health,1,2034,,,,,,0.009676468585854548
EmissionActivityRatio,BAU,RD,T4DSL_PUB,,Health,1,2035,,,,,,0.009676468585854548
EmissionActivityRatio,BAU,RD,T4DSL_PUB,,Health,1,2036,,,,,,0.009676468585854548
EmissionActivityRatio,BAU,RD,T4DSL_PUB,,Health,1,2037,,,,,,0.009676468585854548
EmissionActivityRatio,BAU,RD,T4DSL_PUB,,Health,1,2038,,,,,,0.009676468585854548
EmissionActivityRatio,BAU,RD,T4DSL_PUB,,Health,1,2039,,,,,,0.009676468585854548
EmissionActivityRatio,BAU,RD,T4DSL_PUB,,Health,1,2040,,,,,,0.009676468585854548
EmissionActivityRatio,BAU,RD,T4DSL_PUB,,Health,1,2041,,,,,,0.009676468585854548
EmissionActivityRatio,BAU,RD,T4DSL_PUB,,Health,1,2042,,,,,,0.009676468585854548
EmissionActivityRatio,BAU,RD,T4DSL_PUB,,Health,1,2043,,,,,,0.009676468585854548
EmissionActivityRatio,BAU,RD,T4DSL_PUB,,Health,1,2044,,,,,,0.009676468585854548
EmissionActivityRatio,BAU,RD,T4DSL_PUB,,Health,1,2045,,,,,,0.009676468585854548
EmissionActivityRatio,BAU,RD,T4DSL_PUB,,Health,1,2046,,,,,,0.009676468585854548
EmissionActivityRatio,BAU,RD,T4DSL_PUB,,Health,1,2047,,,,,,0.009676468585854548
EmissionActivityRatio,BAU,RD,T4DSL_PUB,,Health,1,2048,,,,,,0.009676468585854548
EmissionActivityRatio,BAU,RD,T4DSL_PUB,,Health,1,2049,,,,,,0.009676468585854548
EmissionActivityRatio,BAU,RD,T4DSL_PUB,,Health,1,2050,,,,,,0.009676468585854548
EmissionActivityRatio,BAU,RD,T4DSL_TUR,,Health,1,2018,,,,,,0.009676468585854548
EmissionActivityRatio,BAU,RD,T4DSL_TUR,,Health,1,2019,,,,,,0.009676468585854548
EmissionActivityRatio,BAU,RD,T4DSL_TUR,,Health,1,2020,,,,,,0.009676468585854548
EmissionActivityRatio,BAU,RD,T4DSL_TUR,,Health,1,2021,,,,,,0.009676468585854548
EmissionActivityRatio,BAU,RD,T4DSL_TUR,,Health,1,2022,,,,,,0.009676468585854548
EmissionActivityRatio,BAU,RD,T4DSL_TUR,,Health,1,2023,,,,,,0.009676468585854548
EmissionActivityRatio,BAU,RD,T4DSL_TUR,,Health,1,2024,,,,,,0.009676468585854548
EmissionActivityRatio,BAU,RD,T4DSL_TUR,,Health,1,2025,,,,,,0.009676468585854548
EmissionActivityRatio,BAU,RD,T4DSL_TUR,,Health,1,2026,,,,,,0.009676468585854548
EmissionActivityRatio,BAU,RD,T4DSL_TUR,,Health,1,2027,,,,,,0.009676468585854548
EmissionActivityRatio,BAU,RD,T4DSL_TUR,,Health,1,2028,,,,,,0.009676468585854548
EmissionActivityRatio,BAU,RD,T4DSL_TUR,,Health,1,2029,,,,,,0.009676468585854548
EmissionActivityRatio,BAU,RD,T4DSL_TUR,,Health,1,2030,,,,,,0.009676468585854548
EmissionActivityRatio,BAU,RD,T4DSL_TUR,,Health,1,2031,,,,,,0.009676468585854548
EmissionActivityRatio,BAU,RD,T4DSL_TUR,,Health,1,2032,,,,,,0.009676468585854548
EmissionActivityRatio,BAU,RD,T4DSL_TUR,,Health,1,2033,,,,,,0.009676468585854548
EmissionActivityRatio,BAU,RD,T4DSL_TUR,,Health,1,2034,,,,,,0.009676468585854548
EmissionActivityRatio,BAU,RD,T4DSL_TUR,,Health,1,2035,,,,,,0.009676468585854548
EmissionActivityRatio,BAU,RD,T4DSL_TUR,,Health,1,2036,,,,,,0.009676468585854548
EmissionActivityRatio,BAU,RD,T4DSL_TUR,,Health,1,2037,,,,,,0.009676468585854548
EmissionActivityRatio,BAU,RD,T4DSL_TUR,,Health,1,2038,,,,,,0.009676468585854548
EmissionActivityRatio,BAU,RD,T4DSL_TUR,,Health,1,2039,,,,,,0.009676468585854548
EmissionActivityRatio,BAU,RD,T4DSL_TUR,,Health,1,2040,,,,,,0.009676468585854548
EmissionActivityRatio,BAU,RD,T4DSL_TUR,,Health,1,2041,,,,,,0.009676468585854548
EmissionActivityRatio,BAU,RD,T4DSL_TUR,,Health,1,2042,,,,,,0.009676468585854548
EmissionActivityRatio,BAU,RD,T4DSL_TUR,,Health,1,2043,,,,,,0.009676468585854548
EmissionActivityRatio,BAU,RD,T4DSL_TUR,,Health,1,2044,,,,,,0.009676468585854548
EmissionActivityRatio,BAU,RD,T4DSL_TUR,,Health,1,2045,,,,,,0.009676468585854548
EmissionActivityRatio,BAU,RD,T4DSL_TUR,,Health,1,2046,,,,,,0.009676468585854548
EmissionActivityRatio,BAU,RD,T4DSL_TUR,,Health,1,2047,,,,,,0.009676468585854548
EmissionActivityRatio,BAU,RD,T4DSL_TUR,,Health,1,2048,,,,,,0.009676468585854548
EmissionActivityRatio,BAU,RD,T4DSL_TUR,,Health,1,2049,,,,,,0.009676468585854548
EmissionActivityRatio,BAU,RD,T4DSL_TUR,,Health,1,2050,,,,,,0.009676468585854548
EmissionActivityRatio,BAU,RD,T4GSL_HEA,,Health,1,2018,,,,,,0.0011536190198848217
EmissionActivityRatio,BAU,RD,T4GSL_HEA,,Health,1,2019,,,,,,0.0011536190198848217
EmissionActivityRatio,BAU,RD,T4GSL_HEA,,Health,1,2020,,,,,,0.0011536190198848217
EmissionActivityRatio,BAU,RD,T4GSL_HEA,,Health,1,2021,,,,,,0.0011536190198848217
EmissionActivityRatio,BAU,RD,T4GSL_HEA,,Health,1,2022,,,,,,0.0011536190198848217
EmissionActivityRatio,BAU,RD,T4GSL_HEA,,Health,1,2023,,,,,,0.0011536190198848217
EmissionActivityRatio,BAU,RD,T4GSL_HEA,,Health,1,2024,,,,,,0.0011536190198848217
EmissionActivityRatio,BAU,RD,T4GSL_HEA,,Health,1,2025,,,,,,0.0011536190198848217
EmissionActivityRatio,BAU,RD,T4GSL_HEA,,Health,1,2026,,,,,,0.0011536190198848217
EmissionActivityRatio,BAU,RD,T4GSL_HEA,,Health,1,2027,,,,,,0.0011536190198848217
EmissionActivityRatio,BAU,RD,T4GSL_HEA,,Health,1,2028,,,,,,0.0011536190198848217
EmissionActivityRatio,BAU,RD,T4GSL_HEA,,Health,1,2029,,,,,,0.0011536190198848217
EmissionActivityRatio,BAU,RD,T4GSL_HEA,,Health,1,2030,,,,,,0.0011536190198848217
EmissionActivityRatio,BAU,RD,T4GSL_HEA,,Health,1,2031,,,,,,0.0011536190198848217
EmissionActivityRatio,BAU,RD,T4GSL_HEA,,Health,1,2032,,,,,,0.0011536190198848217
EmissionActivityRatio,BAU,RD,T4GSL_HEA,,Health,1,2033,,,,,,0.0011536190198848217
EmissionActivityRatio,BAU,RD,T4GSL_HEA,,Health,1,2034,,,,,,0.0011536190198848217
EmissionActivityRatio,BAU,RD,T4GSL_HEA,,Health,1,2035,,,,,,0.0011536190198848217
EmissionActivityRatio,BAU,RD,T4GSL_HEA,,Health,1,2036,,,,,,0.0011536190198848217
EmissionActivityRatio,BAU,RD,T4GSL_HEA,,Health,1,2037,,,,,,0.0011536190198848217
EmissionActivityRatio,BAU,RD,T4GSL_HEA,,Health,1,2038,,,,,,0.0011536190198848217
EmissionActivityRatio,BAU,RD,T4GSL_HEA,,Health,1,2039,,,,,,0.0011536190198848217
EmissionActivityRatio,BAU,RD,T4GSL_HEA,,Health,1,2040,,,,,,0.0011536190198848217
EmissionActivityRatio,BAU,RD,T4GSL_HEA,,Health,1,2041,,,,,,0.0011536190198848217
EmissionActivityRatio,BAU,RD,T4GSL_HEA,,Health,1,2042,,,,,,0.0011536190198848217
EmissionActivityRatio,BAU,RD,T4GSL_HEA,,Health,1,2043,,,,,,0.0011536190198848217
EmissionActivityRatio,BAU,RD,T4GSL_HEA,,Health,1,2044,,,,,,0.0011536190198848217
EmissionActivityRatio,BAU,RD,T4GSL_HEA,,Health,1,2045,,,,,,0.0011536190198848217
EmissionActivityRatio,BAU,RD,T4GSL_HEA,,Health,1,2046,,,,,,0.0011536190198848217
EmissionActivityRatio,BAU,RD,T4GSL_HEA,,Health,1,2047,,,,,,0.0011536190198848217
EmissionActivityRatio,BAU,RD,T4GSL_HEA,,Health,1,2048,,,,,,0.0011536190198848217
EmissionActivityRatio,BAU,RD,T4GSL_HEA,,Health,1,2049,,,,,,0.0011536190198848217
EmissionActivityRatio,BAU,RD,T4GSL_HEA,,Health,1,2050,,,,,,0.0011536190198848217
EmissionActivityRatio,BAU,RD,T4GSL_LIG,,Health,1,2018,,,,,,0.0011536190198848217
EmissionActivityRatio,BAU,RD,T4GSL_LIG,,Health,1,2019,,,,,,0.0011536190198848217
EmissionActivityRatio,BAU,RD,T4GSL_LIG,,Health,1,2020,,,,,,0.0011536190198848217
EmissionActivityRatio,BAU,RD,T4GSL_LIG,,Health,1,2021,,,,,,0.0011536190198848217
EmissionActivityRatio,BAU,RD,T4GSL_LIG,,Health,1,2022,,,,,,0.0011536190198848217
EmissionActivityRatio,BAU,RD,T4GSL_LIG,,Health,1,2023,,,,,,0.0011536190198848217
EmissionActivityRatio,BAU,RD,T4GSL_LIG,,Health,1,2024,,,,,,0.0011536190198848217
EmissionActivityRatio,BAU,RD,T4GSL_LIG,,Health,1,2025,,,,,,0.0011536190198848217
EmissionActivityRatio,BAU,RD,T4GSL_LIG,,Health,1,2026,,,,,,0.0011536190198848217
EmissionActivityRatio,BAU,RD,T4GSL_LIG,,Health,1,2027,,,,,,0.0011536190198848217
EmissionActivityRatio,BAU,RD,T4GSL_LIG,,Health,1,2028,,,,,,0.0011536190198848217
EmissionActivityRatio,BAU,RD,T4GSL_LIG,,Health,1,2029,,,,,,0.0011536190198848217
EmissionActivityRatio,BAU,RD,T4GSL_LIG,,Health,1,2030,,,,,,0.0011536190198848217
EmissionActivityRatio,BAU,RD,T4GSL_LIG,,Health,1,2031,,,,,,0.0011536190198848217
EmissionActivityRatio,BAU,RD,T4GSL_LIG,,Health,1,2032,,,,,,0.0011536190198848217
EmissionActivityRatio,BAU,RD,T4GSL_LIG,,Health,1,2033,,,,,,0.0011536190198848217
EmissionActivityRatio,BAU,RD,T4GSL_LIG,,Health,1,2034,,,,,,0.0011536190198848217
EmissionActivityRatio,BAU,RD,T4GSL_LIG,,Health,1,2035,,,,,,0.0011536190198848217
EmissionActivityRatio,BAU,RD,T4GSL_LIG,,Health,1,2036,,,,,,0.0011536190198848217
EmissionActivityRatio,BAU,RD,T4GSL_LIG,,Health,1,2037,,,,,,0.0011536190198848217
EmissionActivityRatio,BAU,RD,T4GSL_LIG,,Health,1,2038,,,,,,0.0011536190198848217
EmissionActivityRatio,BAU,RD,T4GSL_LIG,,Health,1,2039,,,,,,0.0011536190198848217
EmissionActivityRatio,BAU,RD,T4GSL_LIG,,Health,1,2040,,,,,,0.0011536190198848217
EmissionActivityRatio,BAU,RD,T4GSL_LIG,,Health,1,2041,,,,,,0.0011536190198848217
EmissionActivityRatio,BAU,RD,T4GSL_LIG,,Health,1,2042,,,,,,0.0011536190198848217
EmissionActivityRatio,BAU,RD,T4GSL_LIG,,Health,1,2043,,,,,,0.0011536190198848217
EmissionActivityRatio,BAU,RD,T4GSL_LIG,,Health,1,2044,,,,,,0.0011536190198848217
EmissionActivityRatio,BAU,RD,T4GSL_LIG,,Health,1,2045,,,,,,0.0011536190198848217
EmissionActivityRatio,BAU,RD,T4GSL_LIG,,Health,1,2046,,,,,,0.0011536190198848217
EmissionActivityRatio,BAU,RD,T4GSL_LIG,,Health,1,2047,,,,,,0.0011536190198848217
EmissionActivityRatio,BAU,RD,T4GSL_LIG,,Health,1,2048,,,,,,0.0011536190198848217
EmissionActivityRatio,BAU,RD,T4GSL_LIG,,Health,1,2049,,,,,,0.0011536190198848217
EmissionActivityRatio,BAU,RD,T4GSL_LIG,,Health,1,2050,,,,,,0.0011536190198848217
EmissionActivityRatio,BAU,RD,T4GSL_PRI,,Health,1,2018,,,,,,0.0011536190198848217
EmissionActivityRatio,BAU,RD,T4GSL_PRI,,Health,1,2019,,,,,,0.0011536190198848217
EmissionActivityRatio,BAU,RD,T4GSL_PRI,,Health,1,2020,,,,,,0.0011536190198848217
EmissionActivityRatio,BAU,RD,T4GSL_PRI,,Health,1,2021,,,,,,0.0011536190198848217
EmissionActivityRatio,BAU,RD,T4GSL_PRI,,Health,1,2022,,,,,,0.0011536190198848217
EmissionActivityRatio,BAU,RD,T4GSL_PRI,,Health,1,2023,,,,,,0.0011536190198848217
EmissionActivityRatio,BAU,RD,T4GSL_PRI,,Health,1,2024,,,,,,0.0011536190198848217
EmissionActivityRatio,BAU,RD,T4GSL_PRI,,Health,1,2025,,,,,,0.0011536190198848217
EmissionActivityRatio,BAU,RD,T4GSL_PRI,,Health,1,2026,,,,,,0.0011536190198848217
EmissionActivityRatio,BAU,RD,T4GSL_PRI,,Health,1,2027,,,,,,0.0011536190198848217
EmissionActivityRatio,BAU,RD,T4GSL_PRI,,Health,1,2028,,,,,,0.0011536190198848217
EmissionActivityRatio,BAU,RD,T4GSL_PRI,,Health,1,2029,,,,,,0.0011536190198848217
EmissionActivityRatio,BAU,RD,T4GSL_PRI,,Health,1,2030,,,,,,0.0011536190198848217
EmissionActivityRatio,BAU,RD,T4GSL_PRI,,Health,1,2031,,,,,,0.0011536190198848217
EmissionActivityRatio,BAU,RD,T4GSL_PRI,,Health,1,2032,,,,,,0.0011536190198848217
EmissionActivityRatio,BAU,RD,T4GSL_PRI,,Health,1,2033,,,,,,0.0011536190198848217
EmissionActivityRatio,BAU,RD,T4GSL_PRI,,Health,1,2034,,,,,,0.0011536190198848217
EmissionActivityRatio,BAU,RD,T4GSL_PRI,,Health,1,2035,,,,,,0.0011536190198848217
EmissionActivityRatio,BAU,RD,T4GSL_PRI,,Health,1,2036,,,,,,0.0011536190198848217
EmissionActivityRatio,BAU,RD,T4GSL_PRI,,Health,1,2037,,,,,,0.0011536190198848217
EmissionActivityRatio,BAU,RD,T4GSL_PRI,,Health,1,2038,,,,,,0.0011536190198848217
EmissionActivityRatio,BAU,RD,T4GSL_PRI,,Health,1,2039,,,,,,0.0011536190198848217
EmissionActivityRatio,BAU,RD,T4GSL_PRI,,Health,1,2040,,,,,,0.0011536190198848217
EmissionActivityRatio,BAU,RD,T4GSL_PRI,,Health,1,2041,,,,,,0.0011536190198848217
EmissionActivityRatio,BAU,RD,T4GSL_PRI,,Health,1,2042,,,,,,0.0011536190198848217
EmissionActivityRatio,BAU,RD,T4GSL_PRI,,Health,1,2043,,,,,,0.0011536190198848217
EmissionActivityRatio,BAU,RD,T4GSL_PRI,,Health,1,2044,,,,,,0.0011536190198848217
EmissionActivityRatio,BAU,RD,T4GSL_PRI,,Health,1,2045,,,,,,0.0011536190198848217
EmissionActivityRatio,BAU,RD,T4GSL_PRI,,Health,1,2046,,,,,,0.0011536190198848217
EmissionActivityRatio,BAU,RD,T4GSL_PRI,,Health,1,2047,,,,,,0.0011536190198848217
EmissionActivityRatio,BAU,RD,T4GSL_PRI,,Health,1,2048,,,,,,0.0011536190198848217
EmissionActivityRatio,BAU,RD,T4GSL_PRI,,Health,1,2049,,,,,,0.0011536190198848217
EmissionActivityRatio,BAU,RD,T4GSL_PRI,,Health,1,2050,,,,,,0.0011536190198848217
EmissionActivityRatio,BAU,RD,T4GSL_PUB,,Health,1,2018,,,,,,0.0011536190198848217
EmissionActivityRatio,BAU,RD,T4GSL_PUB,,Health,1,2019,,,,,,0.0011536190198848217
EmissionActivityRatio,BAU,RD,T4GSL_PUB,,Health,1,2020,,,,,,0.0011536190198848217
EmissionActivityRatio,BAU,RD,T4GSL_PUB,,Health,1,2021,,,,,,0.0011536190198848217
EmissionActivityRatio,BAU,RD,T4GSL_PUB,,Health,1,2022,,,,,,0.0011536190198848217
EmissionActivityRatio,BAU,RD,T4GSL_PUB,,Health,1,2023,,,,,,0.0011536190198848217
EmissionActivityRatio,BAU,RD,T4GSL_PUB,,Health,1,2024,,,,,,0.0011536190198848217
EmissionActivityRatio,BAU,RD,T4GSL_PUB,,Health,1,2025,,,,,,0.0011536190198848217
EmissionActivityRatio,BAU,RD,T4GSL_PUB,,Health,1,2026,,,,,,0.0011536190198848217
EmissionActivityRatio,BAU,RD,T4GSL_PUB,,Health,1,2027,,,,,,0.0011536190198848217
EmissionActivityRatio,BAU,RD,T4GSL_PUB,,Health,1,2028,,,,,,0.0011536190198848217
EmissionActivityRatio,BAU,RD,T4GSL_PUB,,Health,1,2029,,,,,,0.0011536190198848217
EmissionActivityRatio,BAU,RD,T4GSL_PUB,,Health,1,2030,,,,,,0.0011536190198848217
EmissionActivityRatio,BAU,RD,T4GSL_PUB,,Health,1,2031,,,,,,0.0011536190198848217
EmissionActivityRatio,BAU,RD,T4GSL_PUB,,Health,1,2032,,,,,,0.0011536190198848217
EmissionActivityRatio,BAU,RD,T4GSL_PUB,,Health,1,2033,,,,,,0.0011536190198848217
EmissionActivityRatio,BAU,RD,T4GSL_PUB,,Health,1,2034,,,,,,0.0011536190198848217
EmissionActivityRatio,BAU,RD,T4GSL_PUB,,Health,1,2035,,,,,,0.0011536190198848217
EmissionActivityRatio,BAU,RD,T4GSL_PUB,,Health,1,2036,,,,,,0.0011536190198848217
EmissionActivityRatio,BAU,RD,T4GSL_PUB,,Health,1,2037,,,,,,0.0011536190198848217
EmissionActivityRatio,BAU,RD,T4GSL_PUB,,Health,1,2038,,,,,,0.0011536190198848217
EmissionActivityRatio,BAU,RD,T4GSL_PUB,,Health,1,2039,,,,,,0.0011536190198848217
EmissionActivityRatio,BAU,RD,T4GSL_PUB,,Health,1,2040,,,,,,0.0011536190198848217
EmissionActivityRatio,BAU,RD,T4GSL_PUB,,Health,1,2041,,,,,,0.0011536190198848217
EmissionActivityRatio,BAU,RD,T4GSL_PUB,,Health,1,2042,,,,,,0.0011536190198848217
EmissionActivityRatio,BAU,RD,T4GSL_PUB,,Health,1,2043,,,,,,0.0011536190198848217
EmissionActivityRatio,BAU,RD,T4GSL_PUB,,Health,1,2044,,,,,,0.0011536190198848217
EmissionActivityRatio,BAU,RD,T4GSL_PUB,,Health,1,2045,,,,,,0.0011536190198848217
EmissionActivityRatio,BAU,RD,T4GSL_PUB,,Health,1,2046,,,,,,0.0011536190198848217
EmissionActivityRatio,BAU,RD,T4GSL_PUB,,Health,1,2047,,,,,,0.0011536190198848217
EmissionActivityRatio,BAU,RD,T4GSL_PUB,,Health,1,2048,,,,,,0.0011536190198848217
EmissionActivityRatio,BAU,RD,T4GSL_PUB,,Health,1,2049,,,,,,0.0011536190198848217
EmissionActivityRatio,BAU,RD,T4GSL_PUB,,Health,1,2050,,,,,,0.0011536190198848217
EmissionActivityRatio,BAU,RD,T4GSL_TUR,,Health,1,2018,,,,,,0.0011536190198848217
EmissionActivityRatio,BAU,RD,T4GSL_TUR,,Health,1,2019,,,,,,0.0011536190198848217
EmissionActivityRatio,BAU,RD,T4GSL_TUR,,Health,1,2020,,,,,,0.0011536190198848217
EmissionActivityRatio,BAU,RD,T4GSL_TUR,,Health,1,2021,,,,,,0.0011536190198848217
EmissionActivityRatio,BAU,RD,T4GSL_TUR,,Health,1,2022,,,,,,0.0011536190198848217
EmissionActivityRatio,BAU,RD,T4GSL_TUR,,Health,1,2023,,,,,,0.0011536190198848217
EmissionActivityRatio,BAU,RD,T4GSL_TUR,,Health,1,2024,,,,,,0.0011536190198848217
EmissionActivityRatio,BAU,RD,T4GSL_TUR,,Health,1,2025,,,,,,0.0011536190198848217
EmissionActivityRatio,BAU,RD,T4GSL_TUR,,Health,1,2026,,,,,,0.0011536190198848217
EmissionActivityRatio,BAU,RD,T4GSL_TUR,,Health,1,2027,,,,,,0.0011536190198848217
EmissionActivityRatio,BAU,RD,T4GSL_TUR,,Health,1,2028,,,,,,0.0011536190198848217
EmissionActivityRatio,BAU,RD,T4GSL_TUR,,Health,1,2029,,,,,,0.0011536190198848217
EmissionActivityRatio,BAU,RD,T4GSL_TUR,,Health,1,2030,,,,,,0.0011536190198848217
EmissionActivityRatio,BAU,RD,T4GSL_TUR,,Health,1,2031,,,,,,0.0011536190198848217
EmissionActivityRatio,BAU,RD,T4GSL_TUR,,Health,1,2032,,,,,,0.0011536190198848217
EmissionActivityRatio,BAU,RD,T4GSL_TUR,,Health,1,2033,,,,,,0.0011536190198848217
EmissionActivityRatio,BAU,RD,T4GSL_TUR,,Health,1,2034,,,,,,0.0011536190198848217
EmissionActivityRatio,BAU,RD,T4GSL_TUR,,Health,1,2035,,,,,,0.0011536190198848217
EmissionActivityRatio,BAU,RD,T4GSL_TUR,,Health,1,2036,,,,,,0.0011536190198848217
EmissionActivityRatio,BAU,RD,T4GSL_TUR,,Health,1,2037,,,,,,0.0011536190198848217
EmissionActivityRatio,BAU,RD,T4GSL_TUR,,Health,1,2038,,,,,,0.0011536190198848217
EmissionActivityRatio,BAU,RD,T4GSL_TUR,,Health,1,2039,,,,,,0.0011536190198848217
EmissionActivityRatio,BAU,RD,T4GSL_TUR,,Health,1,2040,,,,,,0.0011536190198848217
EmissionActivityRatio,BAU,RD,T4GSL_TUR,,Health,1,2041,,,,,,0.0011536190198848217
EmissionActivityRatio,BAU,RD,T4GSL_TUR,,Health,1,2042,,,,,,0.0011536190198848217
EmissionActivityRatio,BAU,RD,T4GSL_TUR,,Health,1,2043,,,,,,0.0011536190198848217
EmissionActivityRatio,BAU,RD,T4GSL_TUR,,Health,1,2044,,,,,,0.0011536190198848217
EmissionActivityRatio,BAU,RD,T4GSL_TUR,,Health,1,2045,,,,,,0.0011536190198848217
EmissionActivityRatio,BAU,RD,T4GSL_TUR,,Health,1,2046,,,,,,0.0011536190198848217
EmissionActivityRatio,BAU,RD,T4GSL_TUR,,Health,1,2047,,,,,,0.0011536190198848217
EmissionActivityRatio,BAU,RD,T4GSL_TUR,,Health,1,2048,,,,,,0.0011536190198848217
EmissionActivityRatio,BAU,RD,T4GSL_TUR,,Health,1,2049,,,,,,0.0011536190198848217
EmissionActivityRatio,BAU,RD,T4GSL_TUR,,Health,1,2050,,,,,,0.0011536190198848217
EmissionActivityRatio,BAU,RD,T4LPG_HEA,,Health,1,2018,,,,,,0.005810906478973186
EmissionActivityRatio,BAU,RD,T4LPG_HEA,,Health,1,2019,,,,,,0.005810906478973186
EmissionActivityRatio,BAU,RD,T4LPG_HEA,,Health,1,2020,,,,,,0.005810906478973186
EmissionActivityRatio,BAU,RD,T4LPG_HEA,,Health,1,2021,,,,,,0.005810906478973186
EmissionActivityRatio,BAU,RD,T4LPG_HEA,,Health,1,2022,,,,,,0.005810906478973186
EmissionActivityRatio,BAU,RD,T4LPG_HEA,,Health,1,2023,,,,,,0.005810906478973186
EmissionActivityRatio,BAU,RD,T4LPG_HEA,,Health,1,2024,,,,,,0.005810906478973186
EmissionActivityRatio,BAU,RD,T4LPG_HEA,,Health,1,2025,,,,,,0.005810906478973186
EmissionActivityRatio,BAU,RD,T4LPG_HEA,,Health,1,2026,,,,,,0.005810906478973186
EmissionActivityRatio,BAU,RD,T4LPG_HEA,,Health,1,2027,,,,,,0.005810906478973186
EmissionActivityRatio,BAU,RD,T4LPG_HEA,,Health,1,2028,,,,,,0.005810906478973186
EmissionActivityRatio,BAU,RD,T4LPG_HEA,,Health,1,2029,,,,,,0.005810906478973186
EmissionActivityRatio,BAU,RD,T4LPG_HEA,,Health,1,2030,,,,,,0.005810906478973186
EmissionActivityRatio,BAU,RD,T4LPG_HEA,,Health,1,2031,,,,,,0.005810906478973186
EmissionActivityRatio,BAU,RD,T4LPG_HEA,,Health,1,2032,,,,,,0.005810906478973186
EmissionActivityRatio,BAU,RD,T4LPG_HEA,,Health,1,2033,,,,,,0.005810906478973186
EmissionActivityRatio,BAU,RD,T4LPG_HEA,,Health,1,2034,,,,,,0.005810906478973186
EmissionActivityRatio,BAU,RD,T4LPG_HEA,,Health,1,2035,,,,,,0.005810906478973186
EmissionActivityRatio,BAU,RD,T4LPG_HEA,,Health,1,2036,,,,,,0.005810906478973186
EmissionActivityRatio,BAU,RD,T4LPG_HEA,,Health,1,2037,,,,,,0.005810906478973186
EmissionActivityRatio,BAU,RD,T4LPG_HEA,,Health,1,2038,,,,,,0.005810906478973186
EmissionActivityRatio,BAU,RD,T4LPG_HEA,,Health,1,2039,,,,,,0.005810906478973186
EmissionActivityRatio,BAU,RD,T4LPG_HEA,,Health,1,2040,,,,,,0.005810906478973186
EmissionActivityRatio,BAU,RD,T4LPG_HEA,,Health,1,2041,,,,,,0.005810906478973186
EmissionActivityRatio,BAU,RD,T4LPG_HEA,,Health,1,2042,,,,,,0.005810906478973186
EmissionActivityRatio,BAU,RD,T4LPG_HEA,,Health,1,2043,,,,,,0.005810906478973186
EmissionActivityRatio,BAU,RD,T4LPG_HEA,,Health,1,2044,,,,,,0.005810906478973186
EmissionActivityRatio,BAU,RD,T4LPG_HEA,,Health,1,2045,,,,,,0.005810906478973186
EmissionActivityRatio,BAU,RD,T4LPG_HEA,,Health,1,2046,,,,,,0.005810906478973186
EmissionActivityRatio,BAU,RD,T4LPG_HEA,,Health,1,2047,,,,,,0.005810906478973186
EmissionActivityRatio,BAU,RD,T4LPG_HEA,,Health,1,2048,,,,,,0.005810906478973186
EmissionActivityRatio,BAU,RD,T4LPG_HEA,,Health,1,2049,,,,,,0.005810906478973186
EmissionActivityRatio,BAU,RD,T4LPG_HEA,,Health,1,2050,,,,,,0.005810906478973186
EmissionActivityRatio,BAU,RD,T4LPG_LIG,,Health,1,2018,,,,,,0.005810906478973186
EmissionActivityRatio,BAU,RD,T4LPG_LIG,,Health,1,2019,,,,,,0.005810906478973186
EmissionActivityRatio,BAU,RD,T4LPG_LIG,,Health,1,2020,,,,,,0.005810906478973186
EmissionActivityRatio,BAU,RD,T4LPG_LIG,,Health,1,2021,,,,,,0.005810906478973186
EmissionActivityRatio,BAU,RD,T4LPG_LIG,,Health,1,2022,,,,,,0.005810906478973186
EmissionActivityRatio,BAU,RD,T4LPG_LIG,,Health,1,2023,,,,,,0.005810906478973186
EmissionActivityRatio,BAU,RD,T4LPG_LIG,,Health,1,2024,,,,,,0.005810906478973186
EmissionActivityRatio,BAU,RD,T4LPG_LIG,,Health,1,2025,,,,,,0.005810906478973186
EmissionActivityRatio,BAU,RD,T4LPG_LIG,,Health,1,2026,,,,,,0.005810906478973186
EmissionActivityRatio,BAU,RD,T4LPG_LIG,,Health,1,2027,,,,,,0.005810906478973186
EmissionActivityRatio,BAU,RD,T4LPG_LIG,,Health,1,2028,,,,,,0.005810906478973186
EmissionActivityRatio,BAU,RD,T4LPG_LIG,,Health,1,2029,,,,,,0.005810906478973186
EmissionActivityRatio,BAU,RD,T4LPG_LIG,,Health,1,2030,,,,,,0.005810906478973186
EmissionActivityRatio,BAU,RD,T4LPG_LIG,,Health,1,2031,,,,,,0.005810906478973186
EmissionActivityRatio,BAU,RD,T4LPG_LIG,,Health,1,2032,,,,,,0.005810906478973186
EmissionActivityRatio,BAU,RD,T4LPG_LIG,,Health,1,2033,,,,,,0.005810906478973186
EmissionActivityRatio,BAU,RD,T4LPG_LIG,,Health,1,2034,,,,,,0.005810906478973186
EmissionActivityRatio,BAU,RD,T4LPG_LIG,,Health,1,2035,,,,,,0.005810906478973186
EmissionActivityRatio,BAU,RD,T4LPG_LIG,,Health,1,2036,,,,,,0.005810906478973186
EmissionActivityRatio,BAU,RD,T4LPG_LIG,,Health,1,2037,,,,,,0.005810906478973186
EmissionActivityRatio,BAU,RD,T4LPG_LIG,,Health,1,2038,,,,,,0.005810906478973186
EmissionActivityRatio,BAU,RD,T4LPG_LIG,,Health,1,2039,,,,,,0.005810906478973186
EmissionActivityRatio,BAU,RD,T4LPG_LIG,,Health,1,2040,,,,,,0.005810906478973186
EmissionActivityRatio,BAU,RD,T4LPG_LIG,,Health,1,2041,,,,,,0.005810906478973186
EmissionActivityRatio,BAU,RD,T4LPG_LIG,,Health,1,2042,,,,,,0.005810906478973186
EmissionActivityRatio,BAU,RD,T4LPG_LIG,,Health,1,2043,,,,,,0.005810906478973186
EmissionActivityRatio,BAU,RD,T4LPG_LIG,,Health,1,2044,,,,,,0.005810906478973186
EmissionActivityRatio,BAU,RD,T4LPG_LIG,,Health,1,2045,,,,,,0.005810906478973186
EmissionActivityRatio,BAU,RD,T4LPG_LIG,,Health,1,2046,,,,,,0.005810906478973186
EmissionActivityRatio,BAU,RD,T4LPG_LIG,,Health,1,2047,,,,,,0.005810906478973186
EmissionActivityRatio,BAU,RD,T4LPG_LIG,,Health,1,2048,,,,,,0.005810906478973186
EmissionActivityRatio,BAU,RD,T4LPG_LIG,,Health,1,2049,,,,,,0.005810906478973186
EmissionActivityRatio,BAU,RD,T4LPG_LIG,,Health,1,2050,,,,,,0.005810906478973186
EmissionActivityRatio,BAU,RD,T4LPG_PRI,,Health,1,2018,,,,,,0.005810906478973186
EmissionActivityRatio,BAU,RD,T4LPG_PRI,,Health,1,2019,,,,,,0.005810906478973186
EmissionActivityRatio,BAU,RD,T4LPG_PRI,,Health,1,2020,,,,,,0.005810906478973186
EmissionActivityRatio,BAU,RD,T4LPG_PRI,,Health,1,2021,,,,,,0.005810906478973186
EmissionActivityRatio,BAU,RD,T4LPG_PRI,,Health,1,2022,,,,,,0.005810906478973186
EmissionActivityRatio,BAU,RD,T4LPG_PRI,,Health,1,2023,,,,,,0.005810906478973186
EmissionActivityRatio,BAU,RD,T4LPG_PRI,,Health,1,2024,,,,,,0.005810906478973186
EmissionActivityRatio,BAU,RD,T4LPG_PRI,,Health,1,2025,,,,,,0.005810906478973186
EmissionActivityRatio,BAU,RD,T4LPG_PRI,,Health,1,2026,,,,,,0.005810906478973186
EmissionActivityRatio,BAU,RD,T4LPG_PRI,,Health,1,2027,,,,,,0.005810906478973186
EmissionActivityRatio,BAU,RD,T4LPG_PRI,,Health,1,2028,,,,,,0.005810906478973186
EmissionActivityRatio,BAU,RD,T4LPG_PRI,,Health,1,2029,,,,,,0.005810906478973186
EmissionActivityRatio,BAU,RD,T4LPG_PRI,,Health,1,2030,,,,,,0.005810906478973186
EmissionActivityRatio,BAU,RD,T4LPG_PRI,,Health,1,2031,,,,,,0.005810906478973186
EmissionActivityRatio,BAU,RD,T4LPG_PRI,,Health,1,2032,,,,,,0.005810906478973186
EmissionActivityRatio,BAU,RD,T4LPG_PRI,,Health,1,2033,,,,,,0.005810906478973186
EmissionActivityRatio,BAU,RD,T4LPG_PRI,,Health,1,2034,,,,,,0.005810906478973186
EmissionActivityRatio,BAU,RD,T4LPG_PRI,,Health,1,2035,,,,,,0.005810906478973186
EmissionActivityRatio,BAU,RD,T4LPG_PRI,,Health,1,2036,,,,,,0.005810906478973186
EmissionActivityRatio,BAU,RD,T4LPG_PRI,,Health,1,2037,,,,,,0.005810906478973186
EmissionActivityRatio,BAU,RD,T4LPG_PRI,,Health,1,2038,,,,,,0.005810906478973186
EmissionActivityRatio,BAU,RD,T4LPG_PRI,,Health,1,2039,,,,,,0.005810906478973186
EmissionActivityRatio,BAU,RD,T4LPG_PRI,,Health,1,2040,,,,,,0.005810906478973186
EmissionActivityRatio,BAU,RD,T4LPG_PRI,,Health,1,2041,,,,,,0.005810906478973186
EmissionActivityRatio,BAU,RD,T4LPG_PRI,,Health,1,2042,,,,,,0.005810906478973186
EmissionActivityRatio,BAU,RD,T4LPG_PRI,,Health,1,2043,,,,,,0.005810906478973186
EmissionActivityRatio,BAU,RD,T4LPG_PRI,,Health,1,2044,,,,,,0.005810906478973186
EmissionActivityRatio,BAU,RD,T4LPG_PRI,,Health,1,2045,,,,,,0.005810906478973186
EmissionActivityRatio,BAU,RD,T4LPG_PRI,,Health,1,2046,,,,,,0.005810906478973186
EmissionActivityRatio,BAU,RD,T4LPG_PRI,,Health,1,2047,,,,,,0.005810906478973186
EmissionActivityRatio,BAU,RD,T4LPG_PRI,,Health,1,2048,,,,,,0.005810906478973186
EmissionActivityRatio,BAU,RD,T4LPG_PRI,,Health,1,2049,,,,,,0.005810906478973186
EmissionActivityRatio,BAU,RD,T4LPG_PRI,,Health,1,2050,,,,,,0.005810906478973186
EmissionActivityRatio,BAU,RD,T4LPG_PUB,,Health,1,2018,,,,,,0.005810906478973186
EmissionActivityRatio,BAU,RD,T4LPG_PUB,,Health,1,2019,,,,,,0.005810906478973186
EmissionActivityRatio,BAU,RD,T4LPG_PUB,,Health,1,2020,,,,,,0.005810906478973186
EmissionActivityRatio,BAU,RD,T4LPG_PUB,,Health,1,2021,,,,,,0.005810906478973186
EmissionActivityRatio,BAU,RD,T4LPG_PUB,,Health,1,2022,,,,,,0.005810906478973186
EmissionActivityRatio,BAU,RD,T4LPG_PUB,,Health,1,2023,,,,,,0.005810906478973186
EmissionActivityRatio,BAU,RD,T4LPG_PUB,,Health,1,2024,,,,,,0.005810906478973186
EmissionActivityRatio,BAU,RD,T4LPG_PUB,,Health,1,2025,,,,,,0.005810906478973186
EmissionActivityRatio,BAU,RD,T4LPG_PUB,,Health,1,2026,,,,,,0.005810906478973186
EmissionActivityRatio,BAU,RD,T4LPG_PUB,,Health,1,2027,,,,,,0.005810906478973186
EmissionActivityRatio,BAU,RD,T4LPG_PUB,,Health,1,2028,,,,,,0.005810906478973186
EmissionActivityRatio,BAU,RD,T4LPG_PUB,,Health,1,2029,,,,,,0.005810906478973186
EmissionActivityRatio,BAU,RD,T4LPG_PUB,,Health,1,2030,,,,,,0.005810906478973186
EmissionActivityRatio,BAU,RD,T4LPG_PUB,,Health,1,2031,,,,,,0.005810906478973186
EmissionActivityRatio,BAU,RD,T4LPG_PUB,,Health,1,2032,,,,,,0.005810906478973186
EmissionActivityRatio,BAU,RD,T4LPG_PUB,,Health,1,2033,,,,,,0.005810906478973186
EmissionActivityRatio,BAU,RD,T4LPG_PUB,,Health,1,2034,,,,,,0.005810906478973186
EmissionActivityRatio,BAU,RD,T4LPG_PUB,,Health,1,2035,,,,,,0.005810906478973186
EmissionActivityRatio,BAU,RD,T4LPG_PUB,,Health,1,2036,,,,,,0.005810906478973186
EmissionActivityRatio,BAU,RD,T4LPG_PUB,,Health,1,2037,,,,,,0.005810906478973186
EmissionActivityRatio,BAU,RD,T4LPG_PUB,,Health,1,2038,,,,,,0.005810906478973186
EmissionActivityRatio,BAU,RD,T4LPG_PUB,,Health,1,2039,,,,,,0.005810906478973186
EmissionActivityRatio,BAU,RD,T4LPG_PUB,,Health,1,2040,,,,,,0.005810906478973186
EmissionActivityRatio,BAU,RD,T4LPG_PUB,,Health,1,2041,,,,,,0.005810906478973186
EmissionActivityRatio,BAU,RD,T4LPG_PUB,,Health,1,2042,,,,,,0.005810906478973186
EmissionActivityRatio,BAU,RD,T4LPG_PUB,,Health,1,2043,,,,,,0.005810906478973186
EmissionActivityRatio,BAU,RD,T4LPG_PUB,,Health,1,2044,,,,,,0.005810906478973186
EmissionActivityRatio,BAU,RD,T4LPG_PUB,,Health,1,2045,,,,,,0.005810906478973186
EmissionActivityRatio,BAU,RD,T4LPG_PUB,,Health,1,2046,,,,,,0.005810906478973186
EmissionActivityRatio,BAU,RD,T4LPG_PUB,,Health,1,2047,,,,,,0.005810906478973186
EmissionActivityRatio,BAU,RD,T4LPG_PUB,,Health,1,2048,,,,,,0.005810906478973186
EmissionActivityRatio,BAU,RD,T4LPG_PUB,,Health,1,2049,,,,,,0.005810906478973186
EmissionActivityRatio,BAU,RD,T4LPG_PUB,,Health,1,2050,,,,,,0.005810906478973186
EmissionActivityRatio,BAU,RD,T4LPG_TUR,,Health,1,2018,,,,,,0.005810906478973186
EmissionActivityRatio,BAU,RD,T4LPG_TUR,,Health,1,2019,,,,,,0.005810906478973186
EmissionActivityRatio,BAU,RD,T4LPG_TUR,,Health,1,2020,,,,,,0.005810906478973186
EmissionActivityRatio,BAU,RD,T4LPG_TUR,,Health,1,2021,,,,,,0.005810906478973186
EmissionActivityRatio,BAU,RD,T4LPG_TUR,,Health,1,2022,,,,,,0.005810906478973186
EmissionActivityRatio,BAU,RD,T4LPG_TUR,,Health,1,2023,,,,,,0.005810906478973186
EmissionActivityRatio,BAU,RD,T4LPG_TUR,,Health,1,2024,,,,,,0.005810906478973186
EmissionActivityRatio,BAU,RD,T4LPG_TUR,,Health,1,2025,,,,,,0.005810906478973186
EmissionActivityRatio,BAU,RD,T4LPG_TUR,,Health,1,2026,,,,,,0.005810906478973186
EmissionActivityRatio,BAU,RD,T4LPG_TUR,,Health,1,2027,,,,,,0.005810906478973186
EmissionActivityRatio,BAU,RD,T4LPG_TUR,,Health,1,2028,,,,,,0.005810906478973186
EmissionActivityRatio,BAU,RD,T4LPG_TUR,,Health,1,2029,,,,,,0.005810906478973186
EmissionActivityRatio,BAU,RD,T4LPG_TUR,,Health,1,2030,,,,,,0.005810906478973186
EmissionActivityRatio,BAU,RD,T4LPG_TUR,,Health,1,2031,,,,,,0.005810906478973186
EmissionActivityRatio,BAU,RD,T4LPG_TUR,,Health,1,2032,,,,,,0.005810906478973186
EmissionActivityRatio,BAU,RD,T4LPG_TUR,,Health,1,2033,,,,,,0.005810906478973186
EmissionActivityRatio,BAU,RD,T4LPG_TUR,,Health,1,2034,,,,,,0.005810906478973186
EmissionActivityRatio,BAU,RD,T4LPG_TUR,,Health,1,2035,,,,,,0.005810906478973186
EmissionActivityRatio,BAU,RD,T4LPG_TUR,,Health,1,2036,,,,,,0.005810906478973186
EmissionActivityRatio,BAU,RD,T4LPG_TUR,,Health,1,2037,,,,,,0.005810906478973186
EmissionActivityRatio,BAU,RD,T4LPG_TUR,,Health,1,2038,,,,,,0.005810906478973186
EmissionActivityRatio,BAU,RD,T4LPG_TUR,,Health,1,2039,,,,,,0.005810906478973186
EmissionActivityRatio,BAU,RD,T4LPG_TUR,,Health,1,2040,,,,,,0.005810906478973186
EmissionActivityRatio,BAU,RD,T4LPG_TUR,,Health,1,2041,,,,,,0.005810906478973186
EmissionActivityRatio,BAU,RD,T4LPG_TUR,,Health,1,2042,,,,,,0.005810906478973186
EmissionActivityRatio,BAU,RD,T4LPG_TUR,,Health,1,2043,,,,,,0.005810906478973186
EmissionActivityRatio,BAU,RD,T4LPG_TUR,,Health,1,2044,,,,,,0.005810906478973186
EmissionActivityRatio,BAU,RD,T4LPG_TUR,,Health,1,2045,,,,,,0.005810906478973186
EmissionActivityRatio,BAU,RD,T4LPG_TUR,,Health,1,2046,,,,,,0.005810906478973186
EmissionActivityRatio,BAU,RD,T4LPG_TUR,,Health,1,2047,,,,,,0.005810906478973186
EmissionActivityRatio,BAU,RD,T4LPG_TUR,,Health,1,2048,,,,,,0.005810906478973186
EmissionActivityRatio,BAU,RD,T4LPG_TUR,,Health,1,2049,,,,,,0.005810906478973186
EmissionActivityRatio,BAU,RD,T4LPG_TUR,,Health,1,2050,,,,,,0.005810906478973186
EmissionActivityRatio,BAU,RD,T4NGS_LIG,,Health,1,2018,,,,,,9.20049994740835e-05
EmissionActivityRatio,BAU,RD,T4NGS_LIG,,Health,1,2019,,,,,,9.20049994740835e-05
EmissionActivityRatio,BAU,RD,T4NGS_LIG,,Health,1,2020,,,,,,9.20049994740835e-05
EmissionActivityRatio,BAU,RD,T4NGS_LIG,,Health,1,2021,,,,,,9.20049994740835e-05
EmissionActivityRatio,BAU,RD,T4NGS_LIG,,Health,1,2022,,,,,,9.20049994740835e-05
EmissionActivityRatio,BAU,RD,T4NGS_LIG,,Health,1,2023,,,,,,9.20049994740835e-05
EmissionActivityRatio,BAU,RD,T4NGS_LIG,,Health,1,2024,,,,,,9.20049994740835e-05
EmissionActivityRatio,BAU,RD,T4NGS_LIG,,Health,1,2025,,,,,,9.20049994740835e-05
EmissionActivityRatio,BAU,RD,T4NGS_LIG,,Health,1,2026,,,,,,9.20049994740835e-05
EmissionActivityRatio,BAU,RD,T4NGS_LIG,,Health,1,2027,,,,,,9.20049994740835e-05
EmissionActivityRatio,BAU,RD,T4NGS_LIG,,Health,1,2028,,,,,,9.20049994740835e-05
EmissionActivityRatio,BAU,RD,T4NGS_LIG,,Health,1,2029,,,,,,9.20049994740835e-05
EmissionActivityRatio,BAU,RD,T4NGS_LIG,,Health,1,2030,,,,,,9.20049994740835e-05
EmissionActivityRatio,BAU,RD,T4NGS_LIG,,Health,1,2031,,,,,,9.20049994740835e-05
EmissionActivityRatio,BAU,RD,T4NGS_LIG,,Health,1,2032,,,,,,9.20049994740835e-05
EmissionActivityRatio,BAU,RD,T4NGS_LIG,,Health,1,2033,,,,,,9.20049994740835e-05
EmissionActivityRatio,BAU,RD,T4NGS_LIG,,Health,1,2034,,,,,,9.20049994740835e-05
EmissionActivityRatio,BAU,RD,T4NGS_LIG,,Health,1,2035,,,,,,9.20049994740835e-05
EmissionActivityRatio,BAU,RD,T4NGS_LIG,,Health,1,2036,,,,,,9.20049994740835e-05
EmissionActivityRatio,BAU,RD,T4NGS_LIG,,Health,1,2037,,,,,,9.20049994740835e-05
EmissionActivityRatio,BAU,RD,T4NGS_LIG,,Health,1,2038,,,,,,9.20049994740835e-05
EmissionActivityRatio,BAU,RD,T4NGS_LIG,,Health,1,2039,,,,,,9.20049994740835e-05
EmissionActivityRatio,BAU,RD,T4NGS_LIG,,Health,1,2040,,,,,,9.20049994740835e-05
EmissionActivityRatio,BAU,RD,T4NGS_LIG,,Health,1,2041,,,,,,9.20049994740835e-05
EmissionActivityRatio,BAU,RD,T4NGS_LIG,,Health,1,2042,,,,,,9.20049994740835e-05
EmissionActivityRatio,BAU,RD,T4NGS_LIG,,Health,1,2043,,,,,,9.20049994740835e-05
EmissionActivityRatio,BAU,RD,T4NGS_LIG,,Health,1,2044,,,,,,9.20049994740835e-05
EmissionActivityRatio,BAU,RD,T4NGS_LIG,,Health,1,2045,,,,,,9.20049994740835e-05
EmissionActivityRatio,BAU,RD,T4NGS_LIG,,Health,1,2046,,,,,,9.20049994740835e-05
EmissionActivityRatio,BAU,RD,T4NGS_LIG,,Health,1,2047,,,,,,9.20049994740835e-05
EmissionActivityRatio,BAU,RD,T4NGS_LIG,,Health,1,2048,,,,,,9.20049994740835e-05
EmissionActivityRatio,BAU,RD,T4NGS_LIG,,Health,1,2049,,,,,,9.20049994740835e-05
EmissionActivityRatio,BAU,RD,T4NGS_LIG,,Health,1,2050,,,,,,9.20049994740835e-05
