PARAMETER,Scenario,REGION,TECHNOLOGY,FUEL,EMISSION,MODE_OF_OPERATION,YEAR,TIMESLICE,SEASON,DAYTYPE,DAILYTIMEBRACKET,STORAGE,Value
SpecifiedAnnualDemand,NDCCON,ECU,,E5AGRELE,,,2010,,,,,,0.0
SpecifiedAnnualDemand,NDCCON,ECU,,E5AGRELE,,,2011,,,,,,0.0
SpecifiedAnnualDemand,NDCCON,ECU,,E5AGRELE,,,2012,,,,,,0.0
SpecifiedAnnualDemand,NDCCON,ECU,,E5AGRELE,,,2013,,,,,,0.0
SpecifiedAnnualDemand,NDCCON,ECU,,E5AGRELE,,,2014,,,,,,0.0
SpecifiedAnnualDemand,NDCCON,ECU,,E5AGRELE,,,2015,,,,,,0.0
SpecifiedAnnualDemand,NDCCON,ECU,,E5AGRELE,,,2016,,,,,,0.0
SpecifiedAnnualDemand,NDCCON,ECU,,E5AGRELE,,,2017,,,,,,0.0
SpecifiedAnnualDemand,NDCCON,ECU,,E5AGRELE,,,2018,,,,,,0.0
SpecifiedAnnualDemand,NDCCON,ECU,,E5AGRELE,,,2019,,,,,,0.0
SpecifiedAnnualDemand,NDCCON,ECU,,E5AGRELE,,,2020,,,,,,0.0
SpecifiedAnnualDemand,NDCCON,ECU,,E5AGRELE,,,2021,,,,,,0.0
SpecifiedAnnualDemand,NDCCON,ECU,,E5AGRELE,,,2022,,,,,,0.0
SpecifiedAnnualDemand,NDCCON,ECU,,E5AGRELE,,,2023,,,,,,0.0
SpecifiedAnnualDemand,NDCCON,ECU,,E5AGRELE,,,2024,,,,,,0.0
SpecifiedAnnualDemand,NDCCON,ECU,,E5AGRELE,,,2025,,,,,,0.0
SpecifiedAnnualDemand,NDCCON,ECU,,E5AGRELE,,,2026,,,,,,0.0
SpecifiedAnnualDemand,NDCCON,ECU,,E5AGRELE,,,2027,,,,,,0.0
SpecifiedAnnualDemand,NDCCON,ECU,,E5AGRELE,,,2028,,,,,,0.0
SpecifiedAnnualDemand,NDCCON,ECU,,E5AGRELE,,,2029,,,,,,0.0
SpecifiedAnnualDemand,NDCCON,ECU,,E5AGRELE,,,2030,,,,,,0.0
SpecifiedAnnualDemand,NDCCON,ECU,,E5AGRELE,,,2031,,,,,,0.0
SpecifiedAnnualDemand,NDCCON,ECU,,E5AGRELE,,,2032,,,,,,0.0
SpecifiedAnnualDemand,NDCCON,ECU,,E5AGRELE,,,2033,,,,,,0.0
SpecifiedAnnualDemand,NDCCON,ECU,,E5AGRELE,,,2034,,,,,,0.0
SpecifiedAnnualDemand,NDCCON,ECU,,E5AGRELE,,,2035,,,,,,0.0
SpecifiedAnnualDemand,NDCCON,ECU,,E5AGRARR,,,2010,,,,,,1.693535169
SpecifiedAnnualDemand,NDCCON,ECU,,E5AGRARR,,,2011,,,,,,1.452723965
SpecifiedAnnualDemand,NDCCON,ECU,,E5AGRARR,,,2012,,,,,,1.5960030459999999
SpecifiedAnnualDemand,NDCCON,ECU,,E5AGRARR,,,2013,,,,,,1.47312606
SpecifiedAnnualDemand,NDCCON,ECU,,E5AGRARR,,,2014,,,,,,1.364088976
SpecifiedAnnualDemand,NDCCON,ECU,,E5AGRARR,,,2015,,,,,,1.651874111
SpecifiedAnnualDemand,NDCCON,ECU,,E5AGRARR,,,2016,,,,,,1.534421687
SpecifiedAnnualDemand,NDCCON,ECU,,E5AGRARR,,,2017,,,,,,1.0663162297120001
SpecifiedAnnualDemand,NDCCON,ECU,,E5AGRARR,,,2018,,,,,,1.31871490227
SpecifiedAnnualDemand,NDCCON,ECU,,E5AGRARR,,,2019,,,,,,1.07088863178
SpecifiedAnnualDemand,NDCCON,ECU,,E5AGRARR,,,2020,,,,,,1.293475982486
SpecifiedAnnualDemand,NDCCON,ECU,,E5AGRARR,,,2021,,,,,,1.4857295651099998
SpecifiedAnnualDemand,NDCCON,ECU,,E5AGRARR,,,2022,,,,,,1.542925760070372
SpecifiedAnnualDemand,NDCCON,ECU,,E5AGRARR,,,2023,,,,,,1.437566748633797
SpecifiedAnnualDemand,NDCCON,ECU,,E5AGRARR,,,2024,,,,,,1.5342759244259199
SpecifiedAnnualDemand,NDCCON,ECU,,E5AGRARR,,,2025,,,,,,1.5489698821615043
SpecifiedAnnualDemand,NDCCON,ECU,,E5AGRARR,,,2026,,,,,,1.6516688846693641
SpecifiedAnnualDemand,NDCCON,ECU,,E5AGRARR,,,2027,,,,,,1.704611353138607
SpecifiedAnnualDemand,NDCCON,ECU,,E5AGRARR,,,2028,,,,,,1.760018966469187
SpecifiedAnnualDemand,NDCCON,ECU,,E5AGRARR,,,2029,,,,,,1.8114928731581974
SpecifiedAnnualDemand,NDCCON,ECU,,E5AGRARR,,,2030,,,,,,1.8700094682138875
SpecifiedAnnualDemand,NDCCON,ECU,,E5AGRARR,,,2031,,,,,,1.8620245113329545
SpecifiedAnnualDemand,NDCCON,ECU,,E5AGRARR,,,2032,,,,,,1.910201434163378
SpecifiedAnnualDemand,NDCCON,ECU,,E5AGRARR,,,2033,,,,,,1.9660290822853121
SpecifiedAnnualDemand,NDCCON,ECU,,E5AGRARR,,,2034,,,,,,2.0114162388684966
SpecifiedAnnualDemand,NDCCON,ECU,,E5AGRARR,,,2035,,,,,,2.056012906052448
SpecifiedAnnualDemand,NDCCON,ECU,,E5AGRBAN,,,2010,,,,,,3.0355418750299954
SpecifiedAnnualDemand,NDCCON,ECU,,E5AGRBAN,,,2011,,,,,,2.0898253236999977
SpecifiedAnnualDemand,NDCCON,ECU,,E5AGRBAN,,,2012,,,,,,2.0887378642099987
SpecifiedAnnualDemand,NDCCON,ECU,,E5AGRBAN,,,2013,,,,,,0.8522004464699959
SpecifiedAnnualDemand,NDCCON,ECU,,E5AGRBAN,,,2014,,,,,,1.24876423064
SpecifiedAnnualDemand,NDCCON,ECU,,E5AGRBAN,,,2015,,,,,,1.2151987671799986
SpecifiedAnnualDemand,NDCCON,ECU,,E5AGRBAN,,,2016,,,,,,0.6575965567700015
SpecifiedAnnualDemand,NDCCON,ECU,,E5AGRBAN,,,2017,,,,,,0.24781392254975998
SpecifiedAnnualDemand,NDCCON,ECU,,E5AGRBAN,,,2018,,,,,,0.06434065208981998
SpecifiedAnnualDemand,NDCCON,ECU,,E5AGRBAN,,,2019,,,,,,0.1610431048232508
SpecifiedAnnualDemand,NDCCON,ECU,,E5AGRBAN,,,2020,,,,,,0.0458798083183698
SpecifiedAnnualDemand,NDCCON,ECU,,E5AGRBAN,,,2021,,,,,,0.12615682334746037
SpecifiedAnnualDemand,NDCCON,ECU,,E5AGRBAN,,,2022,,,,,,0.12099380420706041
SpecifiedAnnualDemand,NDCCON,ECU,,E5AGRBAN,,,2023,,,,,,0.6002438632962095
SpecifiedAnnualDemand,NDCCON,ECU,,E5AGRBAN,,,2024,,,,,,0.9433151564281843
SpecifiedAnnualDemand,NDCCON,ECU,,E5AGRBAN,,,2025,,,,,,0.8946624768626181
SpecifiedAnnualDemand,NDCCON,ECU,,E5AGRBAN,,,2026,,,,,,0.9298297872022099
SpecifiedAnnualDemand,NDCCON,ECU,,E5AGRBAN,,,2027,,,,,,0.9651729220006544
SpecifiedAnnualDemand,NDCCON,ECU,,E5AGRBAN,,,2028,,,,,,1.0006927603802431
SpecifiedAnnualDemand,NDCCON,ECU,,E5AGRBAN,,,2029,,,,,,1.0363901858588855
SpecifiedAnnualDemand,NDCCON,ECU,,E5AGRBAN,,,2030,,,,,,1.0722660863720739
SpecifiedAnnualDemand,NDCCON,ECU,,E5AGRBAN,,,2031,,,,,,1.108321354294982
SpecifiedAnnualDemand,NDCCON,ECU,,E5AGRBAN,,,2032,,,,,,1.1445568864646578
SpecifiedAnnualDemand,NDCCON,ECU,,E5AGRBAN,,,2033,,,,,,1.180973584202337
SpecifiedAnnualDemand,NDCCON,ECU,,E5AGRBAN,,,2034,,,,,,1.2175723533358571
SpecifiedAnnualDemand,NDCCON,ECU,,E5AGRBAN,,,2035,,,,,,1.254354104222199
SpecifiedAnnualDemand,NDCCON,ECU,,E5AGRCOC,,,2010,,,,,,0.067048912
SpecifiedAnnualDemand,NDCCON,ECU,,E5AGRCOC,,,2011,,,,,,0.072065724
SpecifiedAnnualDemand,NDCCON,ECU,,E5AGRCOC,,,2012,,,,,,0.06908389200000001
SpecifiedAnnualDemand,NDCCON,ECU,,E5AGRCOC,,,2013,,,,,,0.07009899600000001
SpecifiedAnnualDemand,NDCCON,ECU,,E5AGRCOC,,,2014,,,,,,0.073109864
SpecifiedAnnualDemand,NDCCON,ECU,,E5AGRCOC,,,2015,,,,,,0.07327494748793609
SpecifiedAnnualDemand,NDCCON,ECU,,E5AGRCOC,,,2016,,,,,,0.0741009886379294
SpecifiedAnnualDemand,NDCCON,ECU,,E5AGRCOC,,,2017,,,,,,0.0766801432262543
SpecifiedAnnualDemand,NDCCON,ECU,,E5AGRCOC,,,2018,,,,,,0.0808574435400895
SpecifiedAnnualDemand,NDCCON,ECU,,E5AGRCOC,,,2019,,,,,,0.08251269428532587
SpecifiedAnnualDemand,NDCCON,ECU,,E5AGRCOC,,,2020,,,,,,0.0840072974118434
SpecifiedAnnualDemand,NDCCON,ECU,,E5AGRCOC,,,2021,,,,,,0.08744475319980469
SpecifiedAnnualDemand,NDCCON,ECU,,E5AGRCOC,,,2022,,,,,,0.12355608765109521
SpecifiedAnnualDemand,NDCCON,ECU,,E5AGRCOC,,,2023,,,,,,0.15579980255671827
SpecifiedAnnualDemand,NDCCON,ECU,,E5AGRCOC,,,2024,,,,,,0.14218490795545466
SpecifiedAnnualDemand,NDCCON,ECU,,E5AGRCOC,,,2025,,,,,,0.14958752058750924
SpecifiedAnnualDemand,NDCCON,ECU,,E5AGRCOC,,,2026,,,,,,0.1792229445385843
SpecifiedAnnualDemand,NDCCON,ECU,,E5AGRCOC,,,2027,,,,,,0.19659323592763758
SpecifiedAnnualDemand,NDCCON,ECU,,E5AGRCOC,,,2028,,,,,,0.21509581710510223
SpecifiedAnnualDemand,NDCCON,ECU,,E5AGRCOC,,,2029,,,,,,0.23302453887100957
SpecifiedAnnualDemand,NDCCON,ECU,,E5AGRCOC,,,2030,,,,,,0.25337982524649993
SpecifiedAnnualDemand,NDCCON,ECU,,E5AGRCOC,,,2031,,,,,,0.2556359225695607
SpecifiedAnnualDemand,NDCCON,ECU,,E5AGRCOC,,,2032,,,,,,0.27386883109288174
SpecifiedAnnualDemand,NDCCON,ECU,,E5AGRCOC,,,2033,,,,,,0.2947926843070478
SpecifiedAnnualDemand,NDCCON,ECU,,E5AGRCOC,,,2034,,,,,,0.31320770280339055
SpecifiedAnnualDemand,NDCCON,ECU,,E5AGRCOC,,,2035,,,,,,0.33186379413274825
SpecifiedAnnualDemand,NDCCON,ECU,,E5AGRCOF,,,2010,,,,,,0.01310904872
SpecifiedAnnualDemand,NDCCON,ECU,,E5AGRCOF,,,2011,,,,,,0.01497646635
SpecifiedAnnualDemand,NDCCON,ECU,,E5AGRCOF,,,2012,,,,,,0.01319282705
SpecifiedAnnualDemand,NDCCON,ECU,,E5AGRCOF,,,2013,,,,,,0.01340853665
SpecifiedAnnualDemand,NDCCON,ECU,,E5AGRCOF,,,2014,,,,,,0.0136233461
SpecifiedAnnualDemand,NDCCON,ECU,,E5AGRCOF,,,2015,,,,,,0.01181703804369536
SpecifiedAnnualDemand,NDCCON,ECU,,E5AGRCOF,,,2016,,,,,,0.011740167477728772
SpecifiedAnnualDemand,NDCCON,ECU,,E5AGRCOF,,,2017,,,,,,0.011771677554897744
SpecifiedAnnualDemand,NDCCON,ECU,,E5AGRCOF,,,2018,,,,,,0.013036462955000005
SpecifiedAnnualDemand,NDCCON,ECU,,E5AGRCOF,,,2019,,,,,,0.011455800454000013
SpecifiedAnnualDemand,NDCCON,ECU,,E5AGRCOF,,,2020,,,,,,0.011833009661200012
SpecifiedAnnualDemand,NDCCON,ECU,,E5AGRCOF,,,2021,,,,,,0.01003641657733641
SpecifiedAnnualDemand,NDCCON,ECU,,E5AGRCOF,,,2022,,,,,,0.01457793649423069
SpecifiedAnnualDemand,NDCCON,ECU,,E5AGRCOF,,,2023,,,,,,0.016152717498448512
SpecifiedAnnualDemand,NDCCON,ECU,,E5AGRCOF,,,2024,,,,,,0.017839416652700467
SpecifiedAnnualDemand,NDCCON,ECU,,E5AGRCOF,,,2025,,,,,,0.019877290121424557
SpecifiedAnnualDemand,NDCCON,ECU,,E5AGRCOF,,,2026,,,,,,0.021494449780853103
SpecifiedAnnualDemand,NDCCON,ECU,,E5AGRCOF,,,2027,,,,,,0.02332857648821756
SpecifiedAnnualDemand,NDCCON,ECU,,E5AGRCOF,,,2028,,,,,,0.025143779618186278
SpecifiedAnnualDemand,NDCCON,ECU,,E5AGRCOF,,,2029,,,,,,0.026979295164410638
SpecifiedAnnualDemand,NDCCON,ECU,,E5AGRCOF,,,2030,,,,,,0.028765611404909366
SpecifiedAnnualDemand,NDCCON,ECU,,E5AGRCOF,,,2031,,,,,,0.03100860463158226
SpecifiedAnnualDemand,NDCCON,ECU,,E5AGRCOF,,,2032,,,,,,0.03286983105084146
SpecifiedAnnualDemand,NDCCON,ECU,,E5AGRCOF,,,2033,,,,,,0.03468101609365091
SpecifiedAnnualDemand,NDCCON,ECU,,E5AGRCOF,,,2034,,,,,,0.03655721923723777
SpecifiedAnnualDemand,NDCCON,ECU,,E5AGRCOF,,,2035,,,,,,0.03843830393487696
SpecifiedAnnualDemand,NDCCON,ECU,,E5AGRSUG,,,2010,,,,,,8.369236953689999
SpecifiedAnnualDemand,NDCCON,ECU,,E5AGRSUG,,,2011,,,,,,8.17123956448
SpecifiedAnnualDemand,NDCCON,ECU,,E5AGRSUG,,,2012,,,,,,7.40597313422
SpecifiedAnnualDemand,NDCCON,ECU,,E5AGRSUG,,,2013,,,,,,7.14840379513
SpecifiedAnnualDemand,NDCCON,ECU,,E5AGRSUG,,,2014,,,,,,8.264314696029999
SpecifiedAnnualDemand,NDCCON,ECU,,E5AGRSUG,,,2015,,,,,,10.14730262438
SpecifiedAnnualDemand,NDCCON,ECU,,E5AGRSUG,,,2016,,,,,,8.60188272075
SpecifiedAnnualDemand,NDCCON,ECU,,E5AGRSUG,,,2017,,,,,,9.35642750535184
SpecifiedAnnualDemand,NDCCON,ECU,,E5AGRSUG,,,2018,,,,,,7.87523390300526
SpecifiedAnnualDemand,NDCCON,ECU,,E5AGRSUG,,,2019,,,,,,10.058060403835071
SpecifiedAnnualDemand,NDCCON,ECU,,E5AGRSUG,,,2020,,,,,,11.383800597439361
SpecifiedAnnualDemand,NDCCON,ECU,,E5AGRSUG,,,2021,,,,,,11.68918869399134
SpecifiedAnnualDemand,NDCCON,ECU,,E5AGRSUG,,,2022,,,,,,8.137195131641846
SpecifiedAnnualDemand,NDCCON,ECU,,E5AGRSUG,,,2023,,,,,,9.225312136880977
SpecifiedAnnualDemand,NDCCON,ECU,,E5AGRSUG,,,2024,,,,,,9.812706557842
SpecifiedAnnualDemand,NDCCON,ECU,,E5AGRSUG,,,2025,,,,,,9.860847920455434
SpecifiedAnnualDemand,NDCCON,ECU,,E5AGRSUG,,,2026,,,,,,10.47950809310038
SpecifiedAnnualDemand,NDCCON,ECU,,E5AGRSUG,,,2027,,,,,,10.512137859668075
SpecifiedAnnualDemand,NDCCON,ECU,,E5AGRSUG,,,2028,,,,,,10.544862368798878
SpecifiedAnnualDemand,NDCCON,ECU,,E5AGRSUG,,,2029,,,,,,10.577681905818547
SpecifiedAnnualDemand,NDCCON,ECU,,E5AGRSUG,,,2030,,,,,,10.610596756911683
SpecifiedAnnualDemand,NDCCON,ECU,,E5AGRSUG,,,2031,,,,,,10.643607209124303
SpecifiedAnnualDemand,NDCCON,ECU,,E5AGRSUG,,,2032,,,,,,10.676713550366442
SpecifiedAnnualDemand,NDCCON,ECU,,E5AGRSUG,,,2033,,,,,,10.709916069414753
SpecifiedAnnualDemand,NDCCON,ECU,,E5AGRSUG,,,2034,,,,,,10.74321505591512
SpecifiedAnnualDemand,NDCCON,ECU,,E5AGRSUG,,,2035,,,,,,10.77661080038527
SpecifiedAnnualDemand,NDCCON,ECU,,E5AGRMAI,,,2010,,,,,,1.4512284899999999
SpecifiedAnnualDemand,NDCCON,ECU,,E5AGRMAI,,,2011,,,,,,1.4889460600000002
SpecifiedAnnualDemand,NDCCON,ECU,,E5AGRMAI,,,2012,,,,,,1.62875158
SpecifiedAnnualDemand,NDCCON,ECU,,E5AGRMAI,,,2013,,,,,,1.30813424
SpecifiedAnnualDemand,NDCCON,ECU,,E5AGRMAI,,,2014,,,,,,1.7813965900000002
SpecifiedAnnualDemand,NDCCON,ECU,,E5AGRMAI,,,2015,,,,,,2.05023805
SpecifiedAnnualDemand,NDCCON,ECU,,E5AGRMAI,,,2016,,,,,,1.2617954599999999
SpecifiedAnnualDemand,NDCCON,ECU,,E5AGRMAI,,,2017,,,,,,1.6500167700000001
SpecifiedAnnualDemand,NDCCON,ECU,,E5AGRMAI,,,2018,,,,,,1.50595736
SpecifiedAnnualDemand,NDCCON,ECU,,E5AGRMAI,,,2019,,,,,,1.65063659
SpecifiedAnnualDemand,NDCCON,ECU,,E5AGRMAI,,,2020,,,,,,1.5120563
SpecifiedAnnualDemand,NDCCON,ECU,,E5AGRMAI,,,2021,,,,,,1.90162453
SpecifiedAnnualDemand,NDCCON,ECU,,E5AGRMAI,,,2022,,,,,,1.7977939060497783
SpecifiedAnnualDemand,NDCCON,ECU,,E5AGRMAI,,,2023,,,,,,1.9507085179514867
SpecifiedAnnualDemand,NDCCON,ECU,,E5AGRMAI,,,2024,,,,,,2.080273551478451
SpecifiedAnnualDemand,NDCCON,ECU,,E5AGRMAI,,,2025,,,,,,2.099535120250923
SpecifiedAnnualDemand,NDCCON,ECU,,E5AGRMAI,,,2026,,,,,,2.2361791024902344
SpecifiedAnnualDemand,NDCCON,ECU,,E5AGRMAI,,,2027,,,,,,2.305928298603972
SpecifiedAnnualDemand,NDCCON,ECU,,E5AGRMAI,,,2028,,,,,,2.3786356908923127
SpecifiedAnnualDemand,NDCCON,ECU,,E5AGRMAI,,,2029,,,,,,2.4457648572604405
SpecifiedAnnualDemand,NDCCON,ECU,,E5AGRMAI,,,2030,,,,,,2.5219143518400786
SpecifiedAnnualDemand,NDCCON,ECU,,E5AGRMAI,,,2031,,,,,,2.5099003294100473
SpecifiedAnnualDemand,NDCCON,ECU,,E5AGRMAI,,,2032,,,,,,2.5718998100774377
SpecifiedAnnualDemand,NDCCON,ECU,,E5AGRMAI,,,2033,,,,,,2.6436827018156666
SpecifiedAnnualDemand,NDCCON,ECU,,E5AGRMAI,,,2034,,,,,,2.7014221377402072
SpecifiedAnnualDemand,NDCCON,ECU,,E5AGRMAI,,,2035,,,,,,2.757864941970628
SpecifiedAnnualDemand,NDCCON,ECU,,E5AGRPAF,,,2010,,,,,,2.7214882613399998
SpecifiedAnnualDemand,NDCCON,ECU,,E5AGRPAF,,,2011,,,,,,1.8616817074100003
SpecifiedAnnualDemand,NDCCON,ECU,,E5AGRPAF,,,2012,,,,,,2.3757865370999998
SpecifiedAnnualDemand,NDCCON,ECU,,E5AGRPAF,,,2013,,,,,,2.1191380690000003
SpecifiedAnnualDemand,NDCCON,ECU,,E5AGRPAF,,,2014,,,,,,3.25588158477
SpecifiedAnnualDemand,NDCCON,ECU,,E5AGRPAF,,,2015,,,,,,3.914811652689999
SpecifiedAnnualDemand,NDCCON,ECU,,E5AGRPAF,,,2016,,,,,,2.8144638636100003
SpecifiedAnnualDemand,NDCCON,ECU,,E5AGRPAF,,,2017,,,,,,2.9973004022252003
SpecifiedAnnualDemand,NDCCON,ECU,,E5AGRPAF,,,2018,,,,,,2.51192250271012
SpecifiedAnnualDemand,NDCCON,ECU,,E5AGRPAF,,,2019,,,,,,2.1091796952468402
SpecifiedAnnualDemand,NDCCON,ECU,,E5AGRPAF,,,2020,,,,,,2.2901977546689998
SpecifiedAnnualDemand,NDCCON,ECU,,E5AGRPAF,,,2021,,,,,,2.3209891366443003
SpecifiedAnnualDemand,NDCCON,ECU,,E5AGRPAF,,,2022,,,,,,2.201361538967078
SpecifiedAnnualDemand,NDCCON,ECU,,E5AGRPAF,,,2023,,,,,,1.943496964639778
SpecifiedAnnualDemand,NDCCON,ECU,,E5AGRPAF,,,2024,,,,,,2.055954130938989
SpecifiedAnnualDemand,NDCCON,ECU,,E5AGRPAF,,,2025,,,,,,2.070408207673977
SpecifiedAnnualDemand,NDCCON,ECU,,E5AGRPAF,,,2026,,,,,,2.1871858339303714
SpecifiedAnnualDemand,NDCCON,ECU,,E5AGRPAF,,,2027,,,,,,2.2446794038376363
SpecifiedAnnualDemand,NDCCON,ECU,,E5AGRPAF,,,2028,,,,,,2.304300583200167
SpecifiedAnnualDemand,NDCCON,ECU,,E5AGRPAF,,,2029,,,,,,2.3588666263335996
SpecifiedAnnualDemand,NDCCON,ECU,,E5AGRPAF,,,2030,,,,,,2.420574937238933
SpecifiedAnnualDemand,NDCCON,ECU,,E5AGRPAF,,,2031,,,,,,2.409706760882155
SpecifiedAnnualDemand,NDCCON,ECU,,E5AGRPAF,,,2032,,,,,,2.459550375111023
SpecifiedAnnualDemand,NDCCON,ECU,,E5AGRPAF,,,2033,,,,,,2.517214508195605
SpecifiedAnnualDemand,NDCCON,ECU,,E5AGRPAF,,,2034,,,,,,2.563001205811036
SpecifiedAnnualDemand,NDCCON,ECU,,E5AGRPAF,,,2035,,,,,,2.607511268062609
SpecifiedAnnualDemand,NDCCON,ECU,,E5AGRSOY,,,2010,,,,,,0.0
SpecifiedAnnualDemand,NDCCON,ECU,,E5AGRSOY,,,2011,,,,,,0.0
SpecifiedAnnualDemand,NDCCON,ECU,,E5AGRSOY,,,2012,,,,,,0.0
SpecifiedAnnualDemand,NDCCON,ECU,,E5AGRSOY,,,2013,,,,,,0.0
SpecifiedAnnualDemand,NDCCON,ECU,,E5AGRSOY,,,2014,,,,,,0.03268326116
SpecifiedAnnualDemand,NDCCON,ECU,,E5AGRSOY,,,2015,,,,,,0.032699863079999995
SpecifiedAnnualDemand,NDCCON,ECU,,E5AGRSOY,,,2016,,,,,,0.04179197386
SpecifiedAnnualDemand,NDCCON,ECU,,E5AGRSOY,,,2017,,,,,,0.035028787622000006
SpecifiedAnnualDemand,NDCCON,ECU,,E5AGRSOY,,,2018,,,,,,0.0255070927105
SpecifiedAnnualDemand,NDCCON,ECU,,E5AGRSOY,,,2019,,,,,,0.0395103450794
SpecifiedAnnualDemand,NDCCON,ECU,,E5AGRSOY,,,2020,,,,,,0.027237505
SpecifiedAnnualDemand,NDCCON,ECU,,E5AGRSOY,,,2021,,,,,,0.020068082921500002
SpecifiedAnnualDemand,NDCCON,ECU,,E5AGRSOY,,,2022,,,,,,0.029444852451209817
SpecifiedAnnualDemand,NDCCON,ECU,,E5AGRSOY,,,2023,,,,,,0.026945836427731906
SpecifiedAnnualDemand,NDCCON,ECU,,E5AGRSOY,,,2024,,,,,,0.02855699374604402
SpecifiedAnnualDemand,NDCCON,ECU,,E5AGRSOY,,,2025,,,,,,0.028576749400626423
SpecifiedAnnualDemand,NDCCON,ECU,,E5AGRSOY,,,2026,,,,,,0.030259190470528254
SpecifiedAnnualDemand,NDCCON,ECU,,E5AGRSOY,,,2027,,,,,,0.03097887308920777
SpecifiedAnnualDemand,NDCCON,ECU,,E5AGRSOY,,,2028,,,,,,0.031730829411955666
SpecifiedAnnualDemand,NDCCON,ECU,,E5AGRSOY,,,2029,,,,,,0.03239538407490059
SpecifiedAnnualDemand,NDCCON,ECU,,E5AGRSOY,,,2030,,,,,,0.033176402687466064
SpecifiedAnnualDemand,NDCCON,ECU,,E5AGRSOY,,,2031,,,,,,0.03273134903330014
SpecifiedAnnualDemand,NDCCON,ECU,,E5AGRSOY,,,2032,,,,,,0.03330526455982859
SpecifiedAnnualDemand,NDCCON,ECU,,E5AGRSOY,,,2033,,,,,,0.03400486653492054
SpecifiedAnnualDemand,NDCCON,ECU,,E5AGRSOY,,,2034,,,,,,0.03450504344304657
SpecifiedAnnualDemand,NDCCON,ECU,,E5AGRSOY,,,2035,,,,,,0.03498088338432806
SpecifiedAnnualDemand,NDCCON,ECU,,E5AGRPAL,,,2010,,,,,,0.0
SpecifiedAnnualDemand,NDCCON,ECU,,E5AGRPAL,,,2011,,,,,,0.0
SpecifiedAnnualDemand,NDCCON,ECU,,E5AGRPAL,,,2012,,,,,,0.0
SpecifiedAnnualDemand,NDCCON,ECU,,E5AGRPAL,,,2013,,,,,,0.0
SpecifiedAnnualDemand,NDCCON,ECU,,E5AGRPAL,,,2014,,,,,,0.0
SpecifiedAnnualDemand,NDCCON,ECU,,E5AGRPAL,,,2015,,,,,,0.03287521718570674
SpecifiedAnnualDemand,NDCCON,ECU,,E5AGRPAL,,,2016,,,,,,0.008710289607981758
SpecifiedAnnualDemand,NDCCON,ECU,,E5AGRPAL,,,2017,,,,,,0.004623282960706868
SpecifiedAnnualDemand,NDCCON,ECU,,E5AGRPAL,,,2018,,,,,,0.013011316471616012
SpecifiedAnnualDemand,NDCCON,ECU,,E5AGRPAL,,,2019,,,,,,0.01480502655650285
SpecifiedAnnualDemand,NDCCON,ECU,,E5AGRPAL,,,2020,,,,,,0.010287478899201868
SpecifiedAnnualDemand,NDCCON,ECU,,E5AGRPAL,,,2021,,,,,,0.010681776222006889
SpecifiedAnnualDemand,NDCCON,ECU,,E5AGRPAL,,,2022,,,,,,0.014507649369902037
SpecifiedAnnualDemand,NDCCON,ECU,,E5AGRPAL,,,2023,,,,,,0.025043799746410106
SpecifiedAnnualDemand,NDCCON,ECU,,E5AGRPAL,,,2024,,,,,,0.020786360156828998
SpecifiedAnnualDemand,NDCCON,ECU,,E5AGRPAL,,,2025,,,,,,0.027794900322111404
SpecifiedAnnualDemand,NDCCON,ECU,,E5AGRPAL,,,2026,,,,,,0.0220887866712456
SpecifiedAnnualDemand,NDCCON,ECU,,E5AGRPAL,,,2027,,,,,,0.023277789330652304
SpecifiedAnnualDemand,NDCCON,ECU,,E5AGRPAL,,,2028,,,,,,0.024023392612830097
SpecifiedAnnualDemand,NDCCON,ECU,,E5AGRPAL,,,2029,,,,,,0.025389071617752598
SpecifiedAnnualDemand,NDCCON,ECU,,E5AGRPAL,,,2030,,,,,,0.025518173413265843
SpecifiedAnnualDemand,NDCCON,ECU,,E5AGRPAL,,,2031,,,,,,0.03745376678184528
SpecifiedAnnualDemand,NDCCON,ECU,,E5AGRPAL,,,2032,,,,,,0.039518013942295246
SpecifiedAnnualDemand,NDCCON,ECU,,E5AGRPAL,,,2033,,,,,,0.0402957300184868
SpecifiedAnnualDemand,NDCCON,ECU,,E5AGRPAL,,,2034,,,,,,0.04283478797477157
SpecifiedAnnualDemand,NDCCON,ECU,,E5AGRPAL,,,2035,,,,,,0.045526391402746016
SpecifiedAnnualDemand,NDCCON,ECU,,E5AGRLEG,,,2010,,,,,,0.04213757
SpecifiedAnnualDemand,NDCCON,ECU,,E5AGRLEG,,,2011,,,,,,0.04941643999999999
SpecifiedAnnualDemand,NDCCON,ECU,,E5AGRLEG,,,2012,,,,,,0.028047090000000004
SpecifiedAnnualDemand,NDCCON,ECU,,E5AGRLEG,,,2013,,,,,,0.017736079999999998
SpecifiedAnnualDemand,NDCCON,ECU,,E5AGRLEG,,,2014,,,,,,0.05707871
SpecifiedAnnualDemand,NDCCON,ECU,,E5AGRLEG,,,2015,,,,,,0.053838319999999995
SpecifiedAnnualDemand,NDCCON,ECU,,E5AGRLEG,,,2016,,,,,,0.06987890000000001
SpecifiedAnnualDemand,NDCCON,ECU,,E5AGRLEG,,,2017,,,,,,0.05629246
SpecifiedAnnualDemand,NDCCON,ECU,,E5AGRLEG,,,2018,,,,,,0.06205811
SpecifiedAnnualDemand,NDCCON,ECU,,E5AGRLEG,,,2019,,,,,,0.07093142
SpecifiedAnnualDemand,NDCCON,ECU,,E5AGRLEG,,,2020,,,,,,0.07269909
SpecifiedAnnualDemand,NDCCON,ECU,,E5AGRLEG,,,2021,,,,,,0.08105833
SpecifiedAnnualDemand,NDCCON,ECU,,E5AGRLEG,,,2022,,,,,,0.06223328452959548
SpecifiedAnnualDemand,NDCCON,ECU,,E5AGRLEG,,,2023,,,,,,0.0786661809134076
SpecifiedAnnualDemand,NDCCON,ECU,,E5AGRLEG,,,2024,,,,,,0.08244710348247715
SpecifiedAnnualDemand,NDCCON,ECU,,E5AGRLEG,,,2025,,,,,,0.08346164194310662
SpecifiedAnnualDemand,NDCCON,ECU,,E5AGRLEG,,,2026,,,,,,0.08723933804592181
SpecifiedAnnualDemand,NDCCON,ECU,,E5AGRLEG,,,2027,,,,,,0.08935388879308098
SpecifiedAnnualDemand,NDCCON,ECU,,E5AGRLEG,,,2028,,,,,,0.09149880715174213
SpecifiedAnnualDemand,NDCCON,ECU,,E5AGRLEG,,,2029,,,,,,0.09349884693124536
SpecifiedAnnualDemand,NDCCON,ECU,,E5AGRLEG,,,2030,,,,,,0.09564564583864765
SpecifiedAnnualDemand,NDCCON,ECU,,E5AGRLEG,,,2031,,,,,,0.09614011314062883
SpecifiedAnnualDemand,NDCCON,ECU,,E5AGRLEG,,,2032,,,,,,0.09800794337002595
SpecifiedAnnualDemand,NDCCON,ECU,,E5AGRLEG,,,2033,,,,,,0.100042964859904
SpecifiedAnnualDemand,NDCCON,ECU,,E5AGRLEG,,,2034,,,,,,0.10178615441889768
SpecifiedAnnualDemand,NDCCON,ECU,,E5AGRLEG,,,2035,,,,,,0.10348885734912237
SpecifiedAnnualDemand,NDCCON,ECU,,E5AGRCER,,,2010,,,,,,0.6321879455799998
SpecifiedAnnualDemand,NDCCON,ECU,,E5AGRCER,,,2011,,,,,,0.5905583155400002
SpecifiedAnnualDemand,NDCCON,ECU,,E5AGRCER,,,2012,,,,,,0.57765784804
SpecifiedAnnualDemand,NDCCON,ECU,,E5AGRCER,,,2013,,,,,,0.6122602451600001
SpecifiedAnnualDemand,NDCCON,ECU,,E5AGRCER,,,2014,,,,,,0.02844595702
SpecifiedAnnualDemand,NDCCON,ECU,,E5AGRCER,,,2015,,,,,,1.0778693746981665
SpecifiedAnnualDemand,NDCCON,ECU,,E5AGRCER,,,2016,,,,,,0.9612849378599998
SpecifiedAnnualDemand,NDCCON,ECU,,E5AGRCER,,,2017,,,,,,1.136425601431
SpecifiedAnnualDemand,NDCCON,ECU,,E5AGRCER,,,2018,,,,,,1.1358975848035
SpecifiedAnnualDemand,NDCCON,ECU,,E5AGRCER,,,2019,,,,,,1.1918002202970002
SpecifiedAnnualDemand,NDCCON,ECU,,E5AGRCER,,,2020,,,,,,1.2854633564094
SpecifiedAnnualDemand,NDCCON,ECU,,E5AGRCER,,,2021,,,,,,1.5159054211035998
SpecifiedAnnualDemand,NDCCON,ECU,,E5AGRCER,,,2022,,,,,,1.7484062297790823
SpecifiedAnnualDemand,NDCCON,ECU,,E5AGRCER,,,2023,,,,,,1.913717130026751
SpecifiedAnnualDemand,NDCCON,ECU,,E5AGRCER,,,2024,,,,,,2.0764753521247767
SpecifiedAnnualDemand,NDCCON,ECU,,E5AGRCER,,,2025,,,,,,2.238145839879992
SpecifiedAnnualDemand,NDCCON,ECU,,E5AGRCER,,,2026,,,,,,2.4009415337439433
SpecifiedAnnualDemand,NDCCON,ECU,,E5AGRCER,,,2027,,,,,,2.5630800519417014
SpecifiedAnnualDemand,NDCCON,ECU,,E5AGRCER,,,2028,,,,,,2.7252389550295106
SpecifiedAnnualDemand,NDCCON,ECU,,E5AGRCER,,,2029,,,,,,2.887340033679914
SpecifiedAnnualDemand,NDCCON,ECU,,E5AGRCER,,,2030,,,,,,3.049515751399335
SpecifiedAnnualDemand,NDCCON,ECU,,E5AGRCER,,,2031,,,,,,3.2109066959694452
SpecifiedAnnualDemand,NDCCON,ECU,,E5AGRCER,,,2032,,,,,,3.3729513868329053
SpecifiedAnnualDemand,NDCCON,ECU,,E5AGRCER,,,2033,,,,,,3.535077848299971
SpecifiedAnnualDemand,NDCCON,ECU,,E5AGRCER,,,2034,,,,,,3.697074310548775
SpecifiedAnnualDemand,NDCCON,ECU,,E5AGRCER,,,2035,,,,,,3.8590551401692093
SpecifiedAnnualDemand,NDCCON,ECU,,E5AGRTUB,,,2010,,,,,,0.44258848
SpecifiedAnnualDemand,NDCCON,ECU,,E5AGRTUB,,,2011,,,,,,0.38116450999999996
SpecifiedAnnualDemand,NDCCON,ECU,,E5AGRTUB,,,2012,,,,,,0.35676077999999994
SpecifiedAnnualDemand,NDCCON,ECU,,E5AGRTUB,,,2013,,,,,,0.39978326000000003
SpecifiedAnnualDemand,NDCCON,ECU,,E5AGRTUB,,,2014,,,,,,1.32256869043
SpecifiedAnnualDemand,NDCCON,ECU,,E5AGRTUB,,,2015,,,,,,0.45542080666666673
SpecifiedAnnualDemand,NDCCON,ECU,,E5AGRTUB,,,2016,,,,,,0.5212290700000001
SpecifiedAnnualDemand,NDCCON,ECU,,E5AGRTUB,,,2017,,,,,,0.48889779000000005
SpecifiedAnnualDemand,NDCCON,ECU,,E5AGRTUB,,,2018,,,,,,0.35613556
SpecifiedAnnualDemand,NDCCON,ECU,,E5AGRTUB,,,2019,,,,,,0.35728204999999996
SpecifiedAnnualDemand,NDCCON,ECU,,E5AGRTUB,,,2020,,,,,,0.4806644
SpecifiedAnnualDemand,NDCCON,ECU,,E5AGRTUB,,,2021,,,,,,0.35422896
SpecifiedAnnualDemand,NDCCON,ECU,,E5AGRTUB,,,2022,,,,,,0.41322952625484877
SpecifiedAnnualDemand,NDCCON,ECU,,E5AGRTUB,,,2023,,,,,,0.4441270829329885
SpecifiedAnnualDemand,NDCCON,ECU,,E5AGRTUB,,,2024,,,,,,0.47203112628862354
SpecifiedAnnualDemand,NDCCON,ECU,,E5AGRTUB,,,2025,,,,,,0.4747987940382148
SpecifiedAnnualDemand,NDCCON,ECU,,E5AGRTUB,,,2026,,,,,,0.5039951252747921
SpecifiedAnnualDemand,NDCCON,ECU,,E5AGRTUB,,,2027,,,,,,0.5179692649450164
SpecifiedAnnualDemand,NDCCON,ECU,,E5AGRTUB,,,2028,,,,,,0.5325074123481484
SpecifiedAnnualDemand,NDCCON,ECU,,E5AGRTUB,,,2029,,,,,,0.5456998497344806
SpecifiedAnnualDemand,NDCCON,ECU,,E5AGRTUB,,,2030,,,,,,0.5608034801044002
SpecifiedAnnualDemand,NDCCON,ECU,,E5AGRTUB,,,2031,,,,,,0.5562852157756967
SpecifiedAnnualDemand,NDCCON,ECU,,E5AGRTUB,,,2032,,,,,,0.5681261307535954
SpecifiedAnnualDemand,NDCCON,ECU,,E5AGRTUB,,,2033,,,,,,0.5820331103863293
SpecifiedAnnualDemand,NDCCON,ECU,,E5AGRTUB,,,2034,,,,,,0.5927680951414506
SpecifiedAnnualDemand,NDCCON,ECU,,E5AGRTUB,,,2035,,,,,,0.60314498074507
SpecifiedAnnualDemand,NDCCON,ECU,,E5AGRFRT,,,2010,,,,,,0.11372715868
SpecifiedAnnualDemand,NDCCON,ECU,,E5AGRFRT,,,2011,,,,,,0.07370710918000001
SpecifiedAnnualDemand,NDCCON,ECU,,E5AGRFRT,,,2012,,,,,,0.12587076235
SpecifiedAnnualDemand,NDCCON,ECU,,E5AGRFRT,,,2013,,,,,,0.16428543829
SpecifiedAnnualDemand,NDCCON,ECU,,E5AGRFRT,,,2014,,,,,,0.24405024168
SpecifiedAnnualDemand,NDCCON,ECU,,E5AGRFRT,,,2015,,,,,,0.8623304962066669
SpecifiedAnnualDemand,NDCCON,ECU,,E5AGRFRT,,,2016,,,,,,0.7431389385999999
SpecifiedAnnualDemand,NDCCON,ECU,,E5AGRFRT,,,2017,,,,,,0.9798634376900001
SpecifiedAnnualDemand,NDCCON,ECU,,E5AGRFRT,,,2018,,,,,,0.8104101142400001
SpecifiedAnnualDemand,NDCCON,ECU,,E5AGRFRT,,,2019,,,,,,0.942495867
SpecifiedAnnualDemand,NDCCON,ECU,,E5AGRFRT,,,2020,,,,,,0.9161898882500004
SpecifiedAnnualDemand,NDCCON,ECU,,E5AGRFRT,,,2021,,,,,,0.9451151904937037
SpecifiedAnnualDemand,NDCCON,ECU,,E5AGRFRT,,,2022,,,,,,1.1656097110748405
SpecifiedAnnualDemand,NDCCON,ECU,,E5AGRFRT,,,2023,,,,,,0.8619271545930366
SpecifiedAnnualDemand,NDCCON,ECU,,E5AGRFRT,,,2024,,,,,,0.8874783061792184
SpecifiedAnnualDemand,NDCCON,ECU,,E5AGRFRT,,,2025,,,,,,0.9018014126964676
SpecifiedAnnualDemand,NDCCON,ECU,,E5AGRFRT,,,2026,,,,,,0.9247506545520503
SpecifiedAnnualDemand,NDCCON,ECU,,E5AGRFRT,,,2027,,,,,,0.9411694891055095
SpecifiedAnnualDemand,NDCCON,ECU,,E5AGRFRT,,,2028,,,,,,0.9572028673414681
SpecifiedAnnualDemand,NDCCON,ECU,,E5AGRFRT,,,2029,,,,,,0.9728200083868244
SpecifiedAnnualDemand,NDCCON,ECU,,E5AGRFRT,,,2030,,,,,,0.9879046986147979
SpecifiedAnnualDemand,NDCCON,ECU,,E5AGRFRT,,,2031,,,,,,1.006233747785343
SpecifiedAnnualDemand,NDCCON,ECU,,E5AGRFRT,,,2032,,,,,,1.0219122555796616
SpecifiedAnnualDemand,NDCCON,ECU,,E5AGRFRT,,,2033,,,,,,1.0372390396153293
SpecifiedAnnualDemand,NDCCON,ECU,,E5AGRFRT,,,2034,,,,,,1.0525358185891112
SpecifiedAnnualDemand,NDCCON,ECU,,E5AGRFRT,,,2035,,,,,,1.0677309513605926
SpecifiedAnnualDemand,NDCCON,ECU,,E5AGRVEG,,,2010,,,,,,0.10207825920000001
SpecifiedAnnualDemand,NDCCON,ECU,,E5AGRVEG,,,2011,,,,,,0.06567638124
SpecifiedAnnualDemand,NDCCON,ECU,,E5AGRVEG,,,2012,,,,,,0.08538091365
SpecifiedAnnualDemand,NDCCON,ECU,,E5AGRVEG,,,2013,,,,,,0.03933264007
SpecifiedAnnualDemand,NDCCON,ECU,,E5AGRVEG,,,2014,,,,,,0.11314017696
SpecifiedAnnualDemand,NDCCON,ECU,,E5AGRVEG,,,2015,,,,,,0.11523932673532772
SpecifiedAnnualDemand,NDCCON,ECU,,E5AGRVEG,,,2016,,,,,,0.08765301970201823
SpecifiedAnnualDemand,NDCCON,ECU,,E5AGRVEG,,,2017,,,,,,0.20980732070745314
SpecifiedAnnualDemand,NDCCON,ECU,,E5AGRVEG,,,2018,,,,,,0.18250613814913397
SpecifiedAnnualDemand,NDCCON,ECU,,E5AGRVEG,,,2019,,,,,,0.19112520351487278
SpecifiedAnnualDemand,NDCCON,ECU,,E5AGRVEG,,,2020,,,,,,0.15689085289981208
SpecifiedAnnualDemand,NDCCON,ECU,,E5AGRVEG,,,2021,,,,,,0.14502291746577867
SpecifiedAnnualDemand,NDCCON,ECU,,E5AGRVEG,,,2022,,,,,,0.15313606994131015
SpecifiedAnnualDemand,NDCCON,ECU,,E5AGRVEG,,,2023,,,,,,0.11202173983846433
SpecifiedAnnualDemand,NDCCON,ECU,,E5AGRVEG,,,2024,,,,,,0.11371868433315646
SpecifiedAnnualDemand,NDCCON,ECU,,E5AGRVEG,,,2025,,,,,,0.11622745983670546
SpecifiedAnnualDemand,NDCCON,ECU,,E5AGRVEG,,,2026,,,,,,0.11729428501429927
SpecifiedAnnualDemand,NDCCON,ECU,,E5AGRVEG,,,2027,,,,,,0.11890309804674101
SpecifiedAnnualDemand,NDCCON,ECU,,E5AGRVEG,,,2028,,,,,,0.12037798354925565
SpecifiedAnnualDemand,NDCCON,ECU,,E5AGRVEG,,,2029,,,,,,0.12193496769292118
SpecifiedAnnualDemand,NDCCON,ECU,,E5AGRVEG,,,2030,,,,,,0.12317415630071481
SpecifiedAnnualDemand,NDCCON,ECU,,E5AGRVEG,,,2031,,,,,,0.12730341200508116
SpecifiedAnnualDemand,NDCCON,ECU,,E5AGRVEG,,,2032,,,,,,0.12903934701898268
SpecifiedAnnualDemand,NDCCON,ECU,,E5AGRVEG,,,2033,,,,,,0.13047452343321606
SpecifiedAnnualDemand,NDCCON,ECU,,E5AGRVEG,,,2034,,,,,,0.13227436406080334
SpecifiedAnnualDemand,NDCCON,ECU,,E5AGRVEG,,,2035,,,,,,0.13410010493844776
SpecifiedAnnualDemand,NDCCON,ECU,,E5AGRFLO,,,2010,,,,,,0.0
SpecifiedAnnualDemand,NDCCON,ECU,,E5AGRFLO,,,2011,,,,,,0.0
SpecifiedAnnualDemand,NDCCON,ECU,,E5AGRFLO,,,2012,,,,,,0.0
SpecifiedAnnualDemand,NDCCON,ECU,,E5AGRFLO,,,2013,,,,,,0.0
SpecifiedAnnualDemand,NDCCON,ECU,,E5AGRFLO,,,2014,,,,,,0.3148331409
SpecifiedAnnualDemand,NDCCON,ECU,,E5AGRFLO,,,2015,,,,,,0.44756851089999994
SpecifiedAnnualDemand,NDCCON,ECU,,E5AGRFLO,,,2016,,,,,,0.3921967883
SpecifiedAnnualDemand,NDCCON,ECU,,E5AGRFLO,,,2017,,,,,,0.4549971684
SpecifiedAnnualDemand,NDCCON,ECU,,E5AGRFLO,,,2018,,,,,,0.35244185919999993
SpecifiedAnnualDemand,NDCCON,ECU,,E5AGRFLO,,,2019,,,,,,0.3674134261
SpecifiedAnnualDemand,NDCCON,ECU,,E5AGRFLO,,,2020,,,,,,0.2407493235
SpecifiedAnnualDemand,NDCCON,ECU,,E5AGRFLO,,,2021,,,,,,0.2726745775
SpecifiedAnnualDemand,NDCCON,ECU,,E5AGRFLO,,,2022,,,,,,0.17626938160177008
SpecifiedAnnualDemand,NDCCON,ECU,,E5AGRFLO,,,2023,,,,,,0.2530756093504293
SpecifiedAnnualDemand,NDCCON,ECU,,E5AGRFLO,,,2024,,,,,,0.25243096921953534
SpecifiedAnnualDemand,NDCCON,ECU,,E5AGRFLO,,,2025,,,,,,0.2599606372355061
SpecifiedAnnualDemand,NDCCON,ECU,,E5AGRFLO,,,2026,,,,,,0.2570779348744522
SpecifiedAnnualDemand,NDCCON,ECU,,E5AGRFLO,,,2027,,,,,,0.25930255608510155
SpecifiedAnnualDemand,NDCCON,ECU,,E5AGRFLO,,,2028,,,,,,0.26099020533721673
SpecifiedAnnualDemand,NDCCON,ECU,,E5AGRFLO,,,2029,,,,,,0.2632422513720028
SpecifiedAnnualDemand,NDCCON,ECU,,E5AGRFLO,,,2030,,,,,,0.2640829649475927
SpecifiedAnnualDemand,NDCCON,ECU,,E5AGRFLO,,,2031,,,,,,0.2783291721146222
SpecifiedAnnualDemand,NDCCON,ECU,,E5AGRFLO,,,2032,,,,,,0.2814599472070732
SpecifiedAnnualDemand,NDCCON,ECU,,E5AGRFLO,,,2033,,,,,,0.2831993805456405
SpecifiedAnnualDemand,NDCCON,ECU,,E5AGRFLO,,,2034,,,,,,0.28679024207098774
SpecifiedAnnualDemand,NDCCON,ECU,,E5AGRFLO,,,2035,,,,,,0.29054838258011767
SpecifiedAnnualDemand,NDCCON,ECU,,E5GANBOV,,,2010,,,,,,0.339529
SpecifiedAnnualDemand,NDCCON,ECU,,E5GANBOV,,,2011,,,,,,0.3293997933879193
SpecifiedAnnualDemand,NDCCON,ECU,,E5GANBOV,,,2012,,,,,,0.3192705867758387
SpecifiedAnnualDemand,NDCCON,ECU,,E5GANBOV,,,2013,,,,,,0.3241714158190088
SpecifiedAnnualDemand,NDCCON,ECU,,E5GANBOV,,,2014,,,,,,0.329072244862179
SpecifiedAnnualDemand,NDCCON,ECU,,E5GANBOV,,,2015,,,,,,0.35511961043962054
SpecifiedAnnualDemand,NDCCON,ECU,,E5GANBOV,,,2016,,,,,,0.38116697601706206
SpecifiedAnnualDemand,NDCCON,ECU,,E5GANBOV,,,2017,,,,,,0.3390975822265472
SpecifiedAnnualDemand,NDCCON,ECU,,E5GANBOV,,,2018,,,,,,0.29702818843603224
SpecifiedAnnualDemand,NDCCON,ECU,,E5GANBOV,,,2019,,,,,,0.3152921306083749
SpecifiedAnnualDemand,NDCCON,ECU,,E5GANBOV,,,2020,,,,,,0.3174652240133136
SpecifiedAnnualDemand,NDCCON,ECU,,E5GANBOV,,,2021,,,,,,0.2977701738998344
SpecifiedAnnualDemand,NDCCON,ECU,,E5GANBOV,,,2022,,,,,,0.301773175230307
SpecifiedAnnualDemand,NDCCON,ECU,,E5GANBOV,,,2023,,,,,,0.30574204029532187
SpecifiedAnnualDemand,NDCCON,ECU,,E5GANBOV,,,2024,,,,,,0.3096744038794344
SpecifiedAnnualDemand,NDCCON,ECU,,E5GANBOV,,,2025,,,,,,0.3135695279012294
SpecifiedAnnualDemand,NDCCON,ECU,,E5GANBOV,,,2026,,,,,,0.31742305097052553
SpecifiedAnnualDemand,NDCCON,ECU,,E5GANBOV,,,2027,,,,,,0.3212335136990698
SpecifiedAnnualDemand,NDCCON,ECU,,E5GANBOV,,,2028,,,,,,0.32499818183071
SpecifiedAnnualDemand,NDCCON,ECU,,E5GANBOV,,,2029,,,,,,0.32871651857896245
SpecifiedAnnualDemand,NDCCON,ECU,,E5GANBOV,,,2030,,,,,,0.3323843470739994
SpecifiedAnnualDemand,NDCCON,ECU,,E5GANBOV,,,2031,,,,,,0.3359997046902393
SpecifiedAnnualDemand,NDCCON,ECU,,E5GANBOV,,,2032,,,,,,0.33956005846646153
SpecifiedAnnualDemand,NDCCON,ECU,,E5GANBOV,,,2033,,,,,,0.3430624728515826
SpecifiedAnnualDemand,NDCCON,ECU,,E5GANBOV,,,2034,,,,,,0.346505505231927
SpecifiedAnnualDemand,NDCCON,ECU,,E5GANBOV,,,2035,,,,,,0.34988663942085174
SpecifiedAnnualDemand,NDCCON,ECU,,E5GANBOVVAC,,,2010,,,,,,0.937852
SpecifiedAnnualDemand,NDCCON,ECU,,E5GANBOVVAC,,,2011,,,,,,0.9687778684289428
SpecifiedAnnualDemand,NDCCON,ECU,,E5GANBOVVAC,,,2012,,,,,,0.9997037368578854
SpecifiedAnnualDemand,NDCCON,ECU,,E5GANBOVVAC,,,2013,,,,,,0.9918282541434859
SpecifiedAnnualDemand,NDCCON,ECU,,E5GANBOVVAC,,,2014,,,,,,0.9839527714290863
SpecifiedAnnualDemand,NDCCON,ECU,,E5GANBOVVAC,,,2015,,,,,,0.9472805725615185
SpecifiedAnnualDemand,NDCCON,ECU,,E5GANBOVVAC,,,2016,,,,,,0.9106083736939508
SpecifiedAnnualDemand,NDCCON,ECU,,E5GANBOVVAC,,,2017,,,,,,0.941752302052428
SpecifiedAnnualDemand,NDCCON,ECU,,E5GANBOVVAC,,,2018,,,,,,0.9728962304109053
SpecifiedAnnualDemand,NDCCON,ECU,,E5GANBOVVAC,,,2019,,,,,,1.0327185677637174
SpecifiedAnnualDemand,NDCCON,ECU,,E5GANBOVVAC,,,2020,,,,,,1.039836391809737
SpecifiedAnnualDemand,NDCCON,ECU,,E5GANBOVVAC,,,2021,,,,,,0.9753265548341656
SpecifiedAnnualDemand,NDCCON,ECU,,E5GANBOVVAC,,,2022,,,,,,0.988438121535133
SpecifiedAnnualDemand,NDCCON,ECU,,E5GANBOVVAC,,,2023,,,,,,1.001437877151237
SpecifiedAnnualDemand,NDCCON,ECU,,E5GANBOVVAC,,,2024,,,,,,1.0143180745753684
SpecifiedAnnualDemand,NDCCON,ECU,,E5GANBOVVAC,,,2025,,,,,,1.0270762962705577
SpecifiedAnnualDemand,NDCCON,ECU,,E5GANBOVVAC,,,2026,,,,,,1.0396982567910726
SpecifiedAnnualDemand,NDCCON,ECU,,E5GANBOVVAC,,,2027,,,,,,1.0521791760069952
SpecifiedAnnualDemand,NDCCON,ECU,,E5GANBOVVAC,,,2028,,,,,,1.064510098042732
SpecifiedAnnualDemand,NDCCON,ECU,,E5GANBOVVAC,,,2029,,,,,,1.0766892646895776
SpecifiedAnnualDemand,NDCCON,ECU,,E5GANBOVVAC,,,2030,,,,,,1.0887029948860423
SpecifiedAnnualDemand,NDCCON,ECU,,E5GANBOVVAC,,,2031,,,,,,1.1005448601815466
SpecifiedAnnualDemand,NDCCON,ECU,,E5GANBOVVAC,,,2032,,,,,,1.112206564028762
SpecifiedAnnualDemand,NDCCON,ECU,,E5GANBOVVAC,,,2033,,,,,,1.1236784912238302
SpecifiedAnnualDemand,NDCCON,ECU,,E5GANBOVVAC,,,2034,,,,,,1.1349559165808556
SpecifiedAnnualDemand,NDCCON,ECU,,E5GANBOVVAC,,,2035,,,,,,1.1460305984965307
SpecifiedAnnualDemand,NDCCON,ECU,,E5GANBOVCRE,,,2010,,,,,,2.887288
SpecifiedAnnualDemand,NDCCON,ECU,,E5GANBOVCRE,,,2011,,,,,,2.913299504275053
SpecifiedAnnualDemand,NDCCON,ECU,,E5GANBOVCRE,,,2012,,,,,,2.9393110085501064
SpecifiedAnnualDemand,NDCCON,ECU,,E5GANBOVCRE,,,2013,,,,,,2.873019238769198
SpecifiedAnnualDemand,NDCCON,ECU,,E5GANBOVCRE,,,2014,,,,,,2.8067274689882886
SpecifiedAnnualDemand,NDCCON,ECU,,E5GANBOVCRE,,,2015,,,,,,2.7165577687714593
SpecifiedAnnualDemand,NDCCON,ECU,,E5GANBOVCRE,,,2016,,,,,,2.6263880685546295
SpecifiedAnnualDemand,NDCCON,ECU,,E5GANBOVCRE,,,2017,,,,,,2.6186034049613065
SpecifiedAnnualDemand,NDCCON,ECU,,E5GANBOVCRE,,,2018,,,,,,2.610818741367984
SpecifiedAnnualDemand,NDCCON,ECU,,E5GANBOVCRE,,,2019,,,,,,2.7713551630654916
SpecifiedAnnualDemand,NDCCON,ECU,,E5GANBOVCRE,,,2020,,,,,,2.790456222187961
SpecifiedAnnualDemand,NDCCON,ECU,,E5GANBOVCRE,,,2021,,,,,,2.617340646123614
SpecifiedAnnualDemand,NDCCON,ECU,,E5GANBOVCRE,,,2022,,,,,,2.652526232213433
SpecifiedAnnualDemand,NDCCON,ECU,,E5GANBOVCRE,,,2023,,,,,,2.687411767314533
SpecifiedAnnualDemand,NDCCON,ECU,,E5GANBOVCRE,,,2024,,,,,,2.721976461653249
SpecifiedAnnualDemand,NDCCON,ECU,,E5GANBOVCRE,,,2025,,,,,,2.7562138276406367
SpecifiedAnnualDemand,NDCCON,ECU,,E5GANBOVCRE,,,2026,,,,,,2.790085529523836
SpecifiedAnnualDemand,NDCCON,ECU,,E5GANBOVCRE,,,2027,,,,,,2.8235787395701615
SpecifiedAnnualDemand,NDCCON,ECU,,E5GANBOVCRE,,,2028,,,,,,2.856669424211474
SpecifiedAnnualDemand,NDCCON,ECU,,E5GANBOVCRE,,,2029,,,,,,2.889352865201268
SpecifiedAnnualDemand,NDCCON,ECU,,E5GANBOVCRE,,,2030,,,,,,2.921592348683922
SpecifiedAnnualDemand,NDCCON,ECU,,E5GANBOVCRE,,,2031,,,,,,2.9533706235706494
SpecifiedAnnualDemand,NDCCON,ECU,,E5GANBOVCRE,,,2032,,,,,,2.9846654256357508
SpecifiedAnnualDemand,NDCCON,ECU,,E5GANBOVCRE,,,2033,,,,,,3.01545095196865
SpecifiedAnnualDemand,NDCCON,ECU,,E5GANBOVCRE,,,2034,,,,,,3.0457145222818625
SpecifiedAnnualDemand,NDCCON,ECU,,E5GANBOVCRE,,,2035,,,,,,3.0754340197948933
SpecifiedAnnualDemand,NDCCON,ECU,,E5GANBOVLEC,,,2010,,,,,,1.088864
SpecifiedAnnualDemand,NDCCON,ECU,,E5GANBOVLEC,,,2011,,,,,,1.062094985894354
SpecifiedAnnualDemand,NDCCON,ECU,,E5GANBOVLEC,,,2012,,,,,,1.0353259717887084
SpecifiedAnnualDemand,NDCCON,ECU,,E5GANBOVLEC,,,2013,,,,,,1.0670624155042032
SpecifiedAnnualDemand,NDCCON,ECU,,E5GANBOVLEC,,,2014,,,,,,1.0987988592196978
SpecifiedAnnualDemand,NDCCON,ECU,,E5GANBOVLEC,,,2015,,,,,,1.104519750791732
SpecifiedAnnualDemand,NDCCON,ECU,,E5GANBOVLEC,,,2016,,,,,,1.1102406423637663
SpecifiedAnnualDemand,NDCCON,ECU,,E5GANBOVLEC,,,2017,,,,,,1.084319385933539
SpecifiedAnnualDemand,NDCCON,ECU,,E5GANBOVLEC,,,2018,,,,,,1.0583981295033118
SpecifiedAnnualDemand,NDCCON,ECU,,E5GANBOVLEC,,,2019,,,,,,1.2668605875651493
SpecifiedAnnualDemand,NDCCON,ECU,,E5GANBOVLEC,,,2020,,,,,,1.2236577840139042
SpecifiedAnnualDemand,NDCCON,ECU,,E5GANBOVLEC,,,2021,,,,,,1.0764341526319796
SpecifiedAnnualDemand,NDCCON,ECU,,E5GANBOVLEC,,,2022,,,,,,1.0909049348756081
SpecifiedAnnualDemand,NDCCON,ECU,,E5GANBOVLEC,,,2023,,,,,,1.1052523150957878
SpecifiedAnnualDemand,NDCCON,ECU,,E5GANBOVLEC,,,2024,,,,,,1.1194677430786084
SpecifiedAnnualDemand,NDCCON,ECU,,E5GANBOVLEC,,,2025,,,,,,1.1335485506722118
SpecifiedAnnualDemand,NDCCON,ECU,,E5GANBOVLEC,,,2026,,,,,,1.1474789715247073
SpecifiedAnnualDemand,NDCCON,ECU,,E5GANBOVLEC,,,2027,,,,,,1.161253729972194
SpecifiedAnnualDemand,NDCCON,ECU,,E5GANBOVLEC,,,2028,,,,,,1.1748629417248324
SpecifiedAnnualDemand,NDCCON,ECU,,E5GANBOVLEC,,,2029,,,,,,1.1883046663085435
SpecifiedAnnualDemand,NDCCON,ECU,,E5GANBOVLEC,,,2030,,,,,,1.2015638044094021
SpecifiedAnnualDemand,NDCCON,ECU,,E5GANBOVLEC,,,2031,,,,,,1.2146332611690571
SpecifiedAnnualDemand,NDCCON,ECU,,E5GANBOVLEC,,,2032,,,,,,1.2275038799754492
SpecifiedAnnualDemand,NDCCON,ECU,,E5GANBOVLEC,,,2033,,,,,,1.2401650488609601
SpecifiedAnnualDemand,NDCCON,ECU,,E5GANBOVLEC,,,2034,,,,,,1.2526115528015034
SpecifiedAnnualDemand,NDCCON,ECU,,E5GANBOVLEC,,,2035,,,,,,1.2648342958248342
SpecifiedAnnualDemand,NDCCON,ECU,,E5GANBOVREG,,,2010,,,,,,0.0
SpecifiedAnnualDemand,NDCCON,ECU,,E5GANBOVREG,,,2011,,,,,,0.0
SpecifiedAnnualDemand,NDCCON,ECU,,E5GANBOVREG,,,2012,,,,,,0.0
SpecifiedAnnualDemand,NDCCON,ECU,,E5GANBOVREG,,,2013,,,,,,0.0
SpecifiedAnnualDemand,NDCCON,ECU,,E5GANBOVREG,,,2014,,,,,,0.0
SpecifiedAnnualDemand,NDCCON,ECU,,E5GANBOVREG,,,2015,,,,,,0.0
SpecifiedAnnualDemand,NDCCON,ECU,,E5GANBOVREG,,,2016,,,,,,0.0
SpecifiedAnnualDemand,NDCCON,ECU,,E5GANBOVREG,,,2017,,,,,,0.0
SpecifiedAnnualDemand,NDCCON,ECU,,E5GANBOVREG,,,2018,,,,,,0.0
SpecifiedAnnualDemand,NDCCON,ECU,,E5GANBOVREG,,,2019,,,,,,0.0
SpecifiedAnnualDemand,NDCCON,ECU,,E5GANBOVREG,,,2020,,,,,,0.0
SpecifiedAnnualDemand,NDCCON,ECU,,E5GANBOVREG,,,2021,,,,,,0.0
SpecifiedAnnualDemand,NDCCON,ECU,,E5GANBOVREG,,,2022,,,,,,0.0
SpecifiedAnnualDemand,NDCCON,ECU,,E5GANBOVREG,,,2023,,,,,,0.0
SpecifiedAnnualDemand,NDCCON,ECU,,E5GANBOVREG,,,2024,,,,,,0.0
SpecifiedAnnualDemand,NDCCON,ECU,,E5GANBOVREG,,,2025,,,,,,0.0
SpecifiedAnnualDemand,NDCCON,ECU,,E5GANBOVREG,,,2026,,,,,,0.0
SpecifiedAnnualDemand,NDCCON,ECU,,E5GANBOVREG,,,2027,,,,,,0.0
SpecifiedAnnualDemand,NDCCON,ECU,,E5GANBOVREG,,,2028,,,,,,0.0
SpecifiedAnnualDemand,NDCCON,ECU,,E5GANBOVREG,,,2029,,,,,,0.0
SpecifiedAnnualDemand,NDCCON,ECU,,E5GANBOVREG,,,2030,,,,,,0.0
SpecifiedAnnualDemand,NDCCON,ECU,,E5GANBOVREG,,,2031,,,,,,0.0
SpecifiedAnnualDemand,NDCCON,ECU,,E5GANBOVREG,,,2032,,,,,,0.0
SpecifiedAnnualDemand,NDCCON,ECU,,E5GANBOVREG,,,2033,,,,,,0.0
SpecifiedAnnualDemand,NDCCON,ECU,,E5GANBOVREG,,,2034,,,,,,0.0
SpecifiedAnnualDemand,NDCCON,ECU,,E5GANBOVREG,,,2035,,,,,,0.0
SpecifiedAnnualDemand,NDCCON,ECU,,E5GANBOVVACREG,,,2010,,,,,,0.0
SpecifiedAnnualDemand,NDCCON,ECU,,E5GANBOVVACREG,,,2011,,,,,,0.0
SpecifiedAnnualDemand,NDCCON,ECU,,E5GANBOVVACREG,,,2012,,,,,,0.0
SpecifiedAnnualDemand,NDCCON,ECU,,E5GANBOVVACREG,,,2013,,,,,,0.0
SpecifiedAnnualDemand,NDCCON,ECU,,E5GANBOVVACREG,,,2014,,,,,,0.0
SpecifiedAnnualDemand,NDCCON,ECU,,E5GANBOVVACREG,,,2015,,,,,,0.0
SpecifiedAnnualDemand,NDCCON,ECU,,E5GANBOVVACREG,,,2016,,,,,,0.0
SpecifiedAnnualDemand,NDCCON,ECU,,E5GANBOVVACREG,,,2017,,,,,,0.0
SpecifiedAnnualDemand,NDCCON,ECU,,E5GANBOVVACREG,,,2018,,,,,,0.0
SpecifiedAnnualDemand,NDCCON,ECU,,E5GANBOVVACREG,,,2019,,,,,,0.0
SpecifiedAnnualDemand,NDCCON,ECU,,E5GANBOVVACREG,,,2020,,,,,,0.0
SpecifiedAnnualDemand,NDCCON,ECU,,E5GANBOVVACREG,,,2021,,,,,,0.0
SpecifiedAnnualDemand,NDCCON,ECU,,E5GANBOVVACREG,,,2022,,,,,,0.0
SpecifiedAnnualDemand,NDCCON,ECU,,E5GANBOVVACREG,,,2023,,,,,,0.0
SpecifiedAnnualDemand,NDCCON,ECU,,E5GANBOVVACREG,,,2024,,,,,,0.0
SpecifiedAnnualDemand,NDCCON,ECU,,E5GANBOVVACREG,,,2025,,,,,,0.0
SpecifiedAnnualDemand,NDCCON,ECU,,E5GANBOVVACREG,,,2026,,,,,,0.0
SpecifiedAnnualDemand,NDCCON,ECU,,E5GANBOVVACREG,,,2027,,,,,,0.0
SpecifiedAnnualDemand,NDCCON,ECU,,E5GANBOVVACREG,,,2028,,,,,,0.0
SpecifiedAnnualDemand,NDCCON,ECU,,E5GANBOVVACREG,,,2029,,,,,,0.0
SpecifiedAnnualDemand,NDCCON,ECU,,E5GANBOVVACREG,,,2030,,,,,,0.0
SpecifiedAnnualDemand,NDCCON,ECU,,E5GANBOVVACREG,,,2031,,,,,,0.0
SpecifiedAnnualDemand,NDCCON,ECU,,E5GANBOVVACREG,,,2032,,,,,,0.0
SpecifiedAnnualDemand,NDCCON,ECU,,E5GANBOVVACREG,,,2033,,,,,,0.0
SpecifiedAnnualDemand,NDCCON,ECU,,E5GANBOVVACREG,,,2034,,,,,,0.0
SpecifiedAnnualDemand,NDCCON,ECU,,E5GANBOVVACREG,,,2035,,,,,,0.0
SpecifiedAnnualDemand,NDCCON,ECU,,E5GANBOVCREREG,,,2010,,,,,,0.0
SpecifiedAnnualDemand,NDCCON,ECU,,E5GANBOVCREREG,,,2011,,,,,,0.0
SpecifiedAnnualDemand,NDCCON,ECU,,E5GANBOVCREREG,,,2012,,,,,,0.0
SpecifiedAnnualDemand,NDCCON,ECU,,E5GANBOVCREREG,,,2013,,,,,,0.0
SpecifiedAnnualDemand,NDCCON,ECU,,E5GANBOVCREREG,,,2014,,,,,,0.0
SpecifiedAnnualDemand,NDCCON,ECU,,E5GANBOVCREREG,,,2015,,,,,,0.0
SpecifiedAnnualDemand,NDCCON,ECU,,E5GANBOVCREREG,,,2016,,,,,,0.0
SpecifiedAnnualDemand,NDCCON,ECU,,E5GANBOVCREREG,,,2017,,,,,,0.0
SpecifiedAnnualDemand,NDCCON,ECU,,E5GANBOVCREREG,,,2018,,,,,,0.0
SpecifiedAnnualDemand,NDCCON,ECU,,E5GANBOVCREREG,,,2019,,,,,,0.0
SpecifiedAnnualDemand,NDCCON,ECU,,E5GANBOVCREREG,,,2020,,,,,,0.0
SpecifiedAnnualDemand,NDCCON,ECU,,E5GANBOVCREREG,,,2021,,,,,,0.0
SpecifiedAnnualDemand,NDCCON,ECU,,E5GANBOVCREREG,,,2022,,,,,,0.0
SpecifiedAnnualDemand,NDCCON,ECU,,E5GANBOVCREREG,,,2023,,,,,,0.0
SpecifiedAnnualDemand,NDCCON,ECU,,E5GANBOVCREREG,,,2024,,,,,,0.0
SpecifiedAnnualDemand,NDCCON,ECU,,E5GANBOVCREREG,,,2025,,,,,,0.0
SpecifiedAnnualDemand,NDCCON,ECU,,E5GANBOVCREREG,,,2026,,,,,,0.0
SpecifiedAnnualDemand,NDCCON,ECU,,E5GANBOVCREREG,,,2027,,,,,,0.0
SpecifiedAnnualDemand,NDCCON,ECU,,E5GANBOVCREREG,,,2028,,,,,,0.0
SpecifiedAnnualDemand,NDCCON,ECU,,E5GANBOVCREREG,,,2029,,,,,,0.0
SpecifiedAnnualDemand,NDCCON,ECU,,E5GANBOVCREREG,,,2030,,,,,,0.0
SpecifiedAnnualDemand,NDCCON,ECU,,E5GANBOVCREREG,,,2031,,,,,,0.0
SpecifiedAnnualDemand,NDCCON,ECU,,E5GANBOVCREREG,,,2032,,,,,,0.0
SpecifiedAnnualDemand,NDCCON,ECU,,E5GANBOVCREREG,,,2033,,,,,,0.0
SpecifiedAnnualDemand,NDCCON,ECU,,E5GANBOVCREREG,,,2034,,,,,,0.0
SpecifiedAnnualDemand,NDCCON,ECU,,E5GANBOVCREREG,,,2035,,,,,,0.0
SpecifiedAnnualDemand,NDCCON,ECU,,E5GANBOVLECREG,,,2010,,,,,,0.0
SpecifiedAnnualDemand,NDCCON,ECU,,E5GANBOVLECREG,,,2011,,,,,,0.0
SpecifiedAnnualDemand,NDCCON,ECU,,E5GANBOVLECREG,,,2012,,,,,,0.0
SpecifiedAnnualDemand,NDCCON,ECU,,E5GANBOVLECREG,,,2013,,,,,,0.0
SpecifiedAnnualDemand,NDCCON,ECU,,E5GANBOVLECREG,,,2014,,,,,,0.0
SpecifiedAnnualDemand,NDCCON,ECU,,E5GANBOVLECREG,,,2015,,,,,,0.0
SpecifiedAnnualDemand,NDCCON,ECU,,E5GANBOVLECREG,,,2016,,,,,,0.0
SpecifiedAnnualDemand,NDCCON,ECU,,E5GANBOVLECREG,,,2017,,,,,,0.0
SpecifiedAnnualDemand,NDCCON,ECU,,E5GANBOVLECREG,,,2018,,,,,,0.0
SpecifiedAnnualDemand,NDCCON,ECU,,E5GANBOVLECREG,,,2019,,,,,,0.0
SpecifiedAnnualDemand,NDCCON,ECU,,E5GANBOVLECREG,,,2020,,,,,,0.0
SpecifiedAnnualDemand,NDCCON,ECU,,E5GANBOVLECREG,,,2021,,,,,,0.0
SpecifiedAnnualDemand,NDCCON,ECU,,E5GANBOVLECREG,,,2022,,,,,,0.0
SpecifiedAnnualDemand,NDCCON,ECU,,E5GANBOVLECREG,,,2023,,,,,,0.0
SpecifiedAnnualDemand,NDCCON,ECU,,E5GANBOVLECREG,,,2024,,,,,,0.0
SpecifiedAnnualDemand,NDCCON,ECU,,E5GANBOVLECREG,,,2025,,,,,,0.0
SpecifiedAnnualDemand,NDCCON,ECU,,E5GANBOVLECREG,,,2026,,,,,,0.0
SpecifiedAnnualDemand,NDCCON,ECU,,E5GANBOVLECREG,,,2027,,,,,,0.0
SpecifiedAnnualDemand,NDCCON,ECU,,E5GANBOVLECREG,,,2028,,,,,,0.0
SpecifiedAnnualDemand,NDCCON,ECU,,E5GANBOVLECREG,,,2029,,,,,,0.0
SpecifiedAnnualDemand,NDCCON,ECU,,E5GANBOVLECREG,,,2030,,,,,,0.0
SpecifiedAnnualDemand,NDCCON,ECU,,E5GANBOVLECREG,,,2031,,,,,,0.0
SpecifiedAnnualDemand,NDCCON,ECU,,E5GANBOVLECREG,,,2032,,,,,,0.0
SpecifiedAnnualDemand,NDCCON,ECU,,E5GANBOVLECREG,,,2033,,,,,,0.0
SpecifiedAnnualDemand,NDCCON,ECU,,E5GANBOVLECREG,,,2034,,,,,,0.0
SpecifiedAnnualDemand,NDCCON,ECU,,E5GANBOVLECREG,,,2035,,,,,,0.0
SpecifiedAnnualDemand,NDCCON,ECU,,E5GANBUF,,,2010,,,,,,0.008059909470240404
SpecifiedAnnualDemand,NDCCON,ECU,,E5GANBUF,,,2011,,,,,,0.00843520694435537
SpecifiedAnnualDemand,NDCCON,ECU,,E5GANBUF,,,2012,,,,,,0.008810504418470337
SpecifiedAnnualDemand,NDCCON,ECU,,E5GANBUF,,,2013,,,,,,0.009220752209235168
SpecifiedAnnualDemand,NDCCON,ECU,,E5GANBUF,,,2014,,,,,,0.009631
SpecifiedAnnualDemand,NDCCON,ECU,,E5GANBUF,,,2015,,,,,,0.009563538775505465
SpecifiedAnnualDemand,NDCCON,ECU,,E5GANBUF,,,2016,,,,,,0.009496077551010932
SpecifiedAnnualDemand,NDCCON,ECU,,E5GANBUF,,,2017,,,,,,0.009588332162131206
SpecifiedAnnualDemand,NDCCON,ECU,,E5GANBUF,,,2018,,,,,,0.009680586773251478
SpecifiedAnnualDemand,NDCCON,ECU,,E5GANBUF,,,2019,,,,,,0.010666419014128656
SpecifiedAnnualDemand,NDCCON,ECU,,E5GANBUF,,,2020,,,,,,0.008245969165492043
SpecifiedAnnualDemand,NDCCON,ECU,,E5GANBUF,,,2021,,,,,,0.010570564187954625
SpecifiedAnnualDemand,NDCCON,ECU,,E5GANBUF,,,2022,,,,,,0.01071266701159895
SpecifiedAnnualDemand,NDCCON,ECU,,E5GANBUF,,,2023,,,,,,0.010853558029573041
SpecifiedAnnualDemand,NDCCON,ECU,,E5GANBUF,,,2024,,,,,,0.010993153278928738
SpecifiedAnnualDemand,NDCCON,ECU,,E5GANBUF,,,2025,,,,,,0.011131426558462365
SpecifiedAnnualDemand,NDCCON,ECU,,E5GANBUF,,,2026,,,,,,0.01126822304287944
SpecifiedAnnualDemand,NDCCON,ECU,,E5GANBUF,,,2027,,,,,,0.011403490925254505
SpecifiedAnnualDemand,NDCCON,ECU,,E5GANBUF,,,2028,,,,,,0.011537133142037562
SpecifiedAnnualDemand,NDCCON,ECU,,E5GANBUF,,,2029,,,,,,0.01166913063780775
SpecifiedAnnualDemand,NDCCON,ECU,,E5GANBUF,,,2030,,,,,,0.011799335137571518
SpecifiedAnnualDemand,NDCCON,ECU,,E5GANBUF,,,2031,,,,,,0.011927676969946344
SpecifiedAnnualDemand,NDCCON,ECU,,E5GANBUF,,,2032,,,,,,0.012054066217165052
SpecifiedAnnualDemand,NDCCON,ECU,,E5GANBUF,,,2033,,,,,,0.012178398669894825
SpecifiedAnnualDemand,NDCCON,ECU,,E5GANBUF,,,2034,,,,,,0.012300623116692104
SpecifiedAnnualDemand,NDCCON,ECU,,E5GANBUF,,,2035,,,,,,0.012420650235271613
SpecifiedAnnualDemand,NDCCON,ECU,,E5GANOVE,,,2010,,,,,,0.792497
SpecifiedAnnualDemand,NDCCON,ECU,,E5GANOVE,,,2011,,,,,,0.78011325
SpecifiedAnnualDemand,NDCCON,ECU,,E5GANOVE,,,2012,,,,,,0.7677295
SpecifiedAnnualDemand,NDCCON,ECU,,E5GANOVE,,,2013,,,,,,0.7322308885446994
SpecifiedAnnualDemand,NDCCON,ECU,,E5GANOVE,,,2014,,,,,,0.6967322770893989
SpecifiedAnnualDemand,NDCCON,ECU,,E5GANOVE,,,2015,,,,,,0.6432152607300629
SpecifiedAnnualDemand,NDCCON,ECU,,E5GANOVE,,,2016,,,,,,0.5896982443707266
SpecifiedAnnualDemand,NDCCON,ECU,,E5GANOVE,,,2017,,,,,,0.5443251286296568
SpecifiedAnnualDemand,NDCCON,ECU,,E5GANOVE,,,2018,,,,,,0.498952012888587
SpecifiedAnnualDemand,NDCCON,ECU,,E5GANOVE,,,2019,,,,,,0.6514115194871393
SpecifiedAnnualDemand,NDCCON,ECU,,E5GANOVE,,,2020,,,,,,0.696121166764346
SpecifiedAnnualDemand,NDCCON,ECU,,E5GANOVE,,,2021,,,,,,0.7413939228048008
SpecifiedAnnualDemand,NDCCON,ECU,,E5GANOVE,,,2022,,,,,,0.7513606727331875
SpecifiedAnnualDemand,NDCCON,ECU,,E5GANOVE,,,2023,,,,,,0.7612424295293673
SpecifiedAnnualDemand,NDCCON,ECU,,E5GANOVE,,,2024,,,,,,0.7710333042343023
SpecifiedAnnualDemand,NDCCON,ECU,,E5GANOVE,,,2025,,,,,,0.7807314591586476
SpecifiedAnnualDemand,NDCCON,ECU,,E5GANOVE,,,2026,,,,,,0.7903260352290007
SpecifiedAnnualDemand,NDCCON,ECU,,E5GANOVE,,,2027,,,,,,0.7998133988323387
SpecifiedAnnualDemand,NDCCON,ECU,,E5GANOVE,,,2028,,,,,,0.8091867421649516
SpecifiedAnnualDemand,NDCCON,ECU,,E5GANOVE,,,2029,,,,,,0.8184447287254975
SpecifiedAnnualDemand,NDCCON,ECU,,E5GANOVE,,,2030,,,,,,0.82757695886291
SpecifiedAnnualDemand,NDCCON,ECU,,E5GANOVE,,,2031,,,,,,0.8365785459941585
SpecifiedAnnualDemand,NDCCON,ECU,,E5GANOVE,,,2032,,,,,,0.845443183503536
SpecifiedAnnualDemand,NDCCON,ECU,,E5GANOVE,,,2033,,,,,,0.8541635623993293
SpecifiedAnnualDemand,NDCCON,ECU,,E5GANOVE,,,2034,,,,,,0.8627360908341825
SpecifiedAnnualDemand,NDCCON,ECU,,E5GANOVE,,,2035,,,,,,0.8711545039580554
SpecifiedAnnualDemand,NDCCON,ECU,,E5GANCBR,,,2010,,,,,,0.134824
SpecifiedAnnualDemand,NDCCON,ECU,,E5GANCBR,,,2011,,,,,,0.12176903222693512
SpecifiedAnnualDemand,NDCCON,ECU,,E5GANCBR,,,2012,,,,,,0.10871406445387025
SpecifiedAnnualDemand,NDCCON,ECU,,E5GANCBR,,,2013,,,,,,0.0647534175716555
SpecifiedAnnualDemand,NDCCON,ECU,,E5GANCBR,,,2014,,,,,,0.02079277068944073
SpecifiedAnnualDemand,NDCCON,ECU,,E5GANCBR,,,2015,,,,,,0.028276928132340413
SpecifiedAnnualDemand,NDCCON,ECU,,E5GANCBR,,,2016,,,,,,0.0357610855752401
SpecifiedAnnualDemand,NDCCON,ECU,,E5GANCBR,,,2017,,,,,,0.0287531962282535
SpecifiedAnnualDemand,NDCCON,ECU,,E5GANCBR,,,2018,,,,,,0.021745306881266913
SpecifiedAnnualDemand,NDCCON,ECU,,E5GANCBR,,,2019,,,,,,0.023959761966836173
SpecifiedAnnualDemand,NDCCON,ECU,,E5GANCBR,,,2020,,,,,,0.018522754274828173
SpecifiedAnnualDemand,NDCCON,ECU,,E5GANCBR,,,2021,,,,,,0.02374444520350069
SpecifiedAnnualDemand,NDCCON,ECU,,E5GANCBR,,,2022,,,,,,0.02406364791106575
SpecifiedAnnualDemand,NDCCON,ECU,,E5GANCBR,,,2023,,,,,,0.024380128563987136
SpecifiedAnnualDemand,NDCCON,ECU,,E5GANCBR,,,2024,,,,,,0.024693698557987306
SpecifiedAnnualDemand,NDCCON,ECU,,E5GANCBR,,,2025,,,,,,0.02500429903783074
SpecifiedAnnualDemand,NDCCON,ECU,,E5GANCBR,,,2026,,,,,,0.02531158222258015
SpecifiedAnnualDemand,NDCCON,ECU,,E5GANCBR,,,2027,,,,,,0.025615431739383458
SpecifiedAnnualDemand,NDCCON,ECU,,E5GANCBR,,,2028,,,,,,0.025915629556345358
SpecifiedAnnualDemand,NDCCON,ECU,,E5GANCBR,,,2029,,,,,,0.0262121328696582
SpecifiedAnnualDemand,NDCCON,ECU,,E5GANCBR,,,2030,,,,,,0.02650460861219358
SpecifiedAnnualDemand,NDCCON,ECU,,E5GANCBR,,,2031,,,,,,0.02679290028252973
SpecifiedAnnualDemand,NDCCON,ECU,,E5GANCBR,,,2032,,,,,,0.027076805900199227
SpecifiedAnnualDemand,NDCCON,ECU,,E5GANCBR,,,2033,,,,,,0.027356091381878916
SpecifiedAnnualDemand,NDCCON,ECU,,E5GANCBR,,,2034,,,,,,0.027630641692335683
SpecifiedAnnualDemand,NDCCON,ECU,,E5GANCBR,,,2035,,,,,,0.02790025618872111
SpecifiedAnnualDemand,NDCCON,ECU,,E5GANCAM,,,2010,,,,,,0.016851505782184733
SpecifiedAnnualDemand,NDCCON,ECU,,E5GANCAM,,,2011,,,,,,0.016851505782184733
SpecifiedAnnualDemand,NDCCON,ECU,,E5GANCAM,,,2012,,,,,,0.016851505782184733
SpecifiedAnnualDemand,NDCCON,ECU,,E5GANCAM,,,2013,,,,,,0.01685150578218473
SpecifiedAnnualDemand,NDCCON,ECU,,E5GANCAM,,,2014,,,,,,0.01685150578218473
SpecifiedAnnualDemand,NDCCON,ECU,,E5GANCAM,,,2015,,,,,,0.017304444571019362
SpecifiedAnnualDemand,NDCCON,ECU,,E5GANCAM,,,2016,,,,,,0.01775738335985399
SpecifiedAnnualDemand,NDCCON,ECU,,E5GANCAM,,,2017,,,,,,0.01935358330845795
SpecifiedAnnualDemand,NDCCON,ECU,,E5GANCAM,,,2018,,,,,,0.02094978325706191
SpecifiedAnnualDemand,NDCCON,ECU,,E5GANCAM,,,2019,,,,,,0.023083225398324147
SpecifiedAnnualDemand,NDCCON,ECU,,E5GANCAM,,,2020,,,,,,0.01784512352482647
SpecifiedAnnualDemand,NDCCON,ECU,,E5GANCAM,,,2021,,,,,,0.022875785717287662
SpecifiedAnnualDemand,NDCCON,ECU,,E5GANCAM,,,2022,,,,,,0.02318331081109612
SpecifiedAnnualDemand,NDCCON,ECU,,E5GANCAM,,,2023,,,,,,0.023488213433071448
SpecifiedAnnualDemand,NDCCON,ECU,,E5GANCAM,,,2024,,,,,,0.023790311878777035
SpecifiedAnnualDemand,NDCCON,ECU,,E5GANCAM,,,2025,,,,,,0.024089549446119213
SpecifiedAnnualDemand,NDCCON,ECU,,E5GANCAM,,,2026,,,,,,0.024385591077271618
SpecifiedAnnualDemand,NDCCON,ECU,,E5GANCAM,,,2027,,,,,,0.024678324656730827
SpecifiedAnnualDemand,NDCCON,ECU,,E5GANCAM,,,2028,,,,,,0.024967540129013394
SpecifiedAnnualDemand,NDCCON,ECU,,E5GANCAM,,,2029,,,,,,0.02525319625623301
SpecifiedAnnualDemand,NDCCON,ECU,,E5GANCAM,,,2030,,,,,,0.02553497215608674
SpecifiedAnnualDemand,NDCCON,ECU,,E5GANCAM,,,2031,,,,,,0.02581271705255273
SpecifiedAnnualDemand,NDCCON,ECU,,E5GANCAM,,,2032,,,,,,0.02608623635435491
SpecifiedAnnualDemand,NDCCON,ECU,,E5GANCAM,,,2033,,,,,,0.026355304541802477
SpecifiedAnnualDemand,NDCCON,ECU,,E5GANCAM,,,2034,,,,,,0.02661981078807594
SpecifiedAnnualDemand,NDCCON,ECU,,E5GANCAM,,,2035,,,,,,0.026879561790583175
SpecifiedAnnualDemand,NDCCON,ECU,,E5GANCAB,,,2010,,,,,,0.367248
SpecifiedAnnualDemand,NDCCON,ECU,,E5GANCAB,,,2011,,,,,,0.35958969772878846
SpecifiedAnnualDemand,NDCCON,ECU,,E5GANCAB,,,2012,,,,,,0.3519313954575769
SpecifiedAnnualDemand,NDCCON,ECU,,E5GANCAB,,,2013,,,,,,0.33978867458074424
SpecifiedAnnualDemand,NDCCON,ECU,,E5GANCAB,,,2014,,,,,,0.32764595370391164
SpecifiedAnnualDemand,NDCCON,ECU,,E5GANCAB,,,2015,,,,,,0.31275333543674366
SpecifiedAnnualDemand,NDCCON,ECU,,E5GANCAB,,,2016,,,,,,0.2978607171695757
SpecifiedAnnualDemand,NDCCON,ECU,,E5GANCAB,,,2017,,,,,,0.2791698670158306
SpecifiedAnnualDemand,NDCCON,ECU,,E5GANCAB,,,2018,,,,,,0.2604790168620855
SpecifiedAnnualDemand,NDCCON,ECU,,E5GANCAB,,,2019,,,,,,0.2870051581910563
SpecifiedAnnualDemand,NDCCON,ECU,,E5GANCAB,,,2020,,,,,,0.2218772468666184
SpecifiedAnnualDemand,NDCCON,ECU,,E5GANCAB,,,2021,,,,,,0.28442595803840776
SpecifiedAnnualDemand,NDCCON,ECU,,E5GANCAB,,,2022,,,,,,0.2882495696296468
SpecifiedAnnualDemand,NDCCON,ECU,,E5GANCAB,,,2023,,,,,,0.29204057473152695
SpecifiedAnnualDemand,NDCCON,ECU,,E5GANCAB,,,2024,,,,,,0.2957967141229181
SpecifiedAnnualDemand,NDCCON,ECU,,E5GANCAB,,,2025,,,,,,0.2995172827986449
SpecifiedAnnualDemand,NDCCON,ECU,,E5GANCAB,,,2026,,,,,,0.30319811481903514
SpecifiedAnnualDemand,NDCCON,ECU,,E5GANCAB,,,2027,,,,,,0.3068378161965828
SpecifiedAnnualDemand,NDCCON,ECU,,E5GANCAB,,,2028,,,,,,0.3104337752075703
SpecifiedAnnualDemand,NDCCON,ECU,,E5GANCAB,,,2029,,,,,,0.3139854791209611
SpecifiedAnnualDemand,NDCCON,ECU,,E5GANCAB,,,2030,,,,,,0.3174889382483766
SpecifiedAnnualDemand,NDCCON,ECU,,E5GANCAB,,,2031,,,,,,0.3209422779169641
SpecifiedAnnualDemand,NDCCON,ECU,,E5GANCAB,,,2032,,,,,,0.32434307867714474
SpecifiedAnnualDemand,NDCCON,ECU,,E5GANCAB,,,2033,,,,,,0.32768853653106217
SpecifiedAnnualDemand,NDCCON,ECU,,E5GANCAB,,,2034,,,,,,0.3309772735140554
SpecifiedAnnualDemand,NDCCON,ECU,,E5GANCAB,,,2035,,,,,,0.33420688619939043
SpecifiedAnnualDemand,NDCCON,ECU,,E5GANMUL,,,2010,,,,,,0.264405
SpecifiedAnnualDemand,NDCCON,ECU,,E5GANMUL,,,2011,,,,,,0.2556314089259779
SpecifiedAnnualDemand,NDCCON,ECU,,E5GANMUL,,,2012,,,,,,0.2468578178519558
SpecifiedAnnualDemand,NDCCON,ECU,,E5GANMUL,,,2013,,,,,,0.2347709343259474
SpecifiedAnnualDemand,NDCCON,ECU,,E5GANMUL,,,2014,,,,,,0.222684050799939
SpecifiedAnnualDemand,NDCCON,ECU,,E5GANMUL,,,2015,,,,,,0.19897285751880966
SpecifiedAnnualDemand,NDCCON,ECU,,E5GANMUL,,,2016,,,,,,0.17526166423768036
SpecifiedAnnualDemand,NDCCON,ECU,,E5GANMUL,,,2017,,,,,,0.16121516432066182
SpecifiedAnnualDemand,NDCCON,ECU,,E5GANMUL,,,2018,,,,,,0.14716866440364332
SpecifiedAnnualDemand,NDCCON,ECU,,E5GANMUL,,,2019,,,,,,0.1621557326066604
SpecifiedAnnualDemand,NDCCON,ECU,,E5GANMUL,,,2020,,,,,,0.1253589578012209
SpecifiedAnnualDemand,NDCCON,ECU,,E5GANMUL,,,2021,,,,,,0.16069850412711678
SpecifiedAnnualDemand,NDCCON,ECU,,E5GANMUL,,,2022,,,,,,0.1628588156096301
SpecifiedAnnualDemand,NDCCON,ECU,,E5GANMUL,,,2023,,,,,,0.16500070467352537
SpecifiedAnnualDemand,NDCCON,ECU,,E5GANMUL,,,2024,,,,,,0.1671228948760384
SpecifiedAnnualDemand,NDCCON,ECU,,E5GANMUL,,,2025,,,,,,0.16922498789460452
SpecifiedAnnualDemand,NDCCON,ECU,,E5GANMUL,,,2026,,,,,,0.17130463000497764
SpecifiedAnnualDemand,NDCCON,ECU,,E5GANMUL,,,2027,,,,,,0.17336103361481392
SpecifiedAnnualDemand,NDCCON,ECU,,E5GANMUL,,,2028,,,,,,0.17539272312006676
SpecifiedAnnualDemand,NDCCON,ECU,,E5GANMUL,,,2029,,,,,,0.17739940883159824
SpecifiedAnnualDemand,NDCCON,ECU,,E5GANMUL,,,2030,,,,,,0.17937883660580348
SpecifiedAnnualDemand,NDCCON,ECU,,E5GANMUL,,,2031,,,,,,0.18132994726677173
SpecifiedAnnualDemand,NDCCON,ECU,,E5GANMUL,,,2032,,,,,,0.1832513738438832
SpecifiedAnnualDemand,NDCCON,ECU,,E5GANMUL,,,2033,,,,,,0.18514153209966466
SpecifiedAnnualDemand,NDCCON,ECU,,E5GANMUL,,,2034,,,,,,0.18699964349455772
SpecifiedAnnualDemand,NDCCON,ECU,,E5GANMUL,,,2035,,,,,,0.18882435011072815
SpecifiedAnnualDemand,NDCCON,ECU,,E5GANCER,,,2010,,,,,,1.489761
SpecifiedAnnualDemand,NDCCON,ECU,,E5GANCER,,,2011,,,,,,1.4384820986897242
SpecifiedAnnualDemand,NDCCON,ECU,,E5GANCER,,,2012,,,,,,1.3872031973794483
SpecifiedAnnualDemand,NDCCON,ECU,,E5GANCER,,,2013,,,,,,1.5299151434391154
SpecifiedAnnualDemand,NDCCON,ECU,,E5GANCER,,,2014,,,,,,1.6726270894987827
SpecifiedAnnualDemand,NDCCON,ECU,,E5GANCER,,,2015,,,,,,1.5503941958115273
SpecifiedAnnualDemand,NDCCON,ECU,,E5GANCER,,,2016,,,,,,1.428161302124272
SpecifiedAnnualDemand,NDCCON,ECU,,E5GANCER,,,2017,,,,,,1.5554116712082287
SpecifiedAnnualDemand,NDCCON,ECU,,E5GANCER,,,2018,,,,,,1.6826620402921852
SpecifiedAnnualDemand,NDCCON,ECU,,E5GANCER,,,2019,,,,,,1.5244672007669
SpecifiedAnnualDemand,NDCCON,ECU,,E5GANCER,,,2020,,,,,,3.2724287060235353
SpecifiedAnnualDemand,NDCCON,ECU,,E5GANCER,,,2021,,,,,,3.258531290134206
SpecifiedAnnualDemand,NDCCON,ECU,,E5GANCER,,,2022,,,,,,3.302336567603606
SpecifiedAnnualDemand,NDCCON,ECU,,E5GANCER,,,2023,,,,,,3.3457682882198614
SpecifiedAnnualDemand,NDCCON,ECU,,E5GANCER,,,2024,,,,,,3.3888005691739815
SpecifiedAnnualDemand,NDCCON,ECU,,E5GANCER,,,2025,,,,,,3.4314253335610356
SpecifiedAnnualDemand,NDCCON,ECU,,E5GANCER,,,2026,,,,,,3.4735948542155093
SpecifiedAnnualDemand,NDCCON,ECU,,E5GANCER,,,2027,,,,,,3.5152931608935587
SpecifiedAnnualDemand,NDCCON,ECU,,E5GANCER,,,2028,,,,,,3.5564903323337296
SpecifiedAnnualDemand,NDCCON,ECU,,E5GANCER,,,2029,,,,,,3.597180494423341
SpecifiedAnnualDemand,NDCCON,ECU,,E5GANCER,,,2030,,,,,,3.637317939223115
SpecifiedAnnualDemand,NDCCON,ECU,,E5GANCER,,,2031,,,,,,3.6768811895085713
SpecifiedAnnualDemand,NDCCON,ECU,,E5GANCER,,,2032,,,,,,3.7158425268105075
SpecifiedAnnualDemand,NDCCON,ECU,,E5GANCER,,,2033,,,,,,3.754169827075215
SpecifiedAnnualDemand,NDCCON,ECU,,E5GANCER,,,2034,,,,,,3.791847303624869
SpecifiedAnnualDemand,NDCCON,ECU,,E5GANCER,,,2035,,,,,,3.828847421556291
SpecifiedAnnualDemand,NDCCON,ECU,,E5GANAVE,,,2010,,,,,,35.85269589041097
SpecifiedAnnualDemand,NDCCON,ECU,,E5GANAVE,,,2011,,,,,,38.02701552408321
SpecifiedAnnualDemand,NDCCON,ECU,,E5GANAVE,,,2012,,,,,,40.20133515775545
SpecifiedAnnualDemand,NDCCON,ECU,,E5GANAVE,,,2013,,,,,,44.56246192943083
SpecifiedAnnualDemand,NDCCON,ECU,,E5GANAVE,,,2014,,,,,,48.92358870110622
SpecifiedAnnualDemand,NDCCON,ECU,,E5GANAVE,,,2015,,,,,,49.80429444161182
SpecifiedAnnualDemand,NDCCON,ECU,,E5GANAVE,,,2016,,,,,,50.68500018211744
SpecifiedAnnualDemand,NDCCON,ECU,,E5GANAVE,,,2017,,,,,,52.02810806613436
SpecifiedAnnualDemand,NDCCON,ECU,,E5GANAVE,,,2018,,,,,,53.371215950151274
SpecifiedAnnualDemand,NDCCON,ECU,,E5GANAVE,,,2019,,,,,,58.8063271320332
SpecifiedAnnualDemand,NDCCON,ECU,,E5GANAVE,,,2020,,,,,,45.46185178214628
SpecifiedAnnualDemand,NDCCON,ECU,,E5GANAVE,,,2021,,,,,,58.27785827498683
SpecifiedAnnualDemand,NDCCON,ECU,,E5GANAVE,,,2022,,,,,,59.06130257082265
SpecifiedAnnualDemand,NDCCON,ECU,,E5GANAVE,,,2023,,,,,,59.83806591398167
SpecifiedAnnualDemand,NDCCON,ECU,,E5GANAVE,,,2024,,,,,,60.6076853981605
SpecifiedAnnualDemand,NDCCON,ECU,,E5GANAVE,,,2025,,,,,,61.37001657032828
SpecifiedAnnualDemand,NDCCON,ECU,,E5GANAVE,,,2026,,,,,,62.12420584439364
SpecifiedAnnualDemand,NDCCON,ECU,,E5GANAVE,,,2027,,,,,,62.86996759731831
SpecifiedAnnualDemand,NDCCON,ECU,,E5GANAVE,,,2028,,,,,,63.60676669628343
SpecifiedAnnualDemand,NDCCON,ECU,,E5GANAVE,,,2029,,,,,,64.33449808453933
SpecifiedAnnualDemand,NDCCON,ECU,,E5GANAVE,,,2030,,,,,,65.05234428925232
SpecifiedAnnualDemand,NDCCON,ECU,,E5GANAVE,,,2031,,,,,,65.75992119668128
SpecifiedAnnualDemand,NDCCON,ECU,,E5GANAVE,,,2032,,,,,,66.45673307028851
SpecifiedAnnualDemand,NDCCON,ECU,,E5GANAVE,,,2033,,,,,,67.14220538097408
SpecifiedAnnualDemand,NDCCON,ECU,,E5GANAVE,,,2034,,,,,,67.81605578872309
SpecifiedAnnualDemand,NDCCON,ECU,,E5GANAVE,,,2035,,,,,,68.47779184002133
SpecifiedAnnualDemand,NDCCON,ECU,,E5GANPAT,,,2010,,,,,,0.553006
SpecifiedAnnualDemand,NDCCON,ECU,,E5GANPAT,,,2011,,,,,,0.5646761295317058
SpecifiedAnnualDemand,NDCCON,ECU,,E5GANPAT,,,2012,,,,,,0.5763462590634115
SpecifiedAnnualDemand,NDCCON,ECU,,E5GANPAT,,,2013,,,,,,0.6133039168735533
SpecifiedAnnualDemand,NDCCON,ECU,,E5GANPAT,,,2014,,,,,,0.6502615746836949
SpecifiedAnnualDemand,NDCCON,ECU,,E5GANPAT,,,2015,,,,,,0.5873899247017977
SpecifiedAnnualDemand,NDCCON,ECU,,E5GANPAT,,,2016,,,,,,0.5245182747199004
SpecifiedAnnualDemand,NDCCON,ECU,,E5GANPAT,,,2017,,,,,,0.542093261115401
SpecifiedAnnualDemand,NDCCON,ECU,,E5GANPAT,,,2018,,,,,,0.5596682475109015
SpecifiedAnnualDemand,NDCCON,ECU,,E5GANPAT,,,2019,,,,,,0.616662623524966
SpecifiedAnnualDemand,NDCCON,ECU,,E5GANPAT,,,2020,,,,,,0.4767280351880768
SpecifiedAnnualDemand,NDCCON,ECU,,E5GANPAT,,,2021,,,,,,0.6111209240560337
SpecifiedAnnualDemand,NDCCON,ECU,,E5GANPAT,,,2022,,,,,,0.6193363804264183
SpecifiedAnnualDemand,NDCCON,ECU,,E5GANPAT,,,2023,,,,,,0.6274817781142386
SpecifiedAnnualDemand,NDCCON,ECU,,E5GANPAT,,,2024,,,,,,0.635552262930678
SpecifiedAnnualDemand,NDCCON,ECU,,E5GANPAT,,,2025,,,,,,0.6435463200934111
SpecifiedAnnualDemand,NDCCON,ECU,,E5GANPAT,,,2026,,,,,,0.6514549986159675
SpecifiedAnnualDemand,NDCCON,ECU,,E5GANPAT,,,2027,,,,,,0.6592753033605667
SpecifiedAnnualDemand,NDCCON,ECU,,E5GANPAT,,,2028,,,,,,0.6670016227472296
SpecifiedAnnualDemand,NDCCON,ECU,,E5GANPAT,,,2029,,,,,,0.6746328551160828
SpecifiedAnnualDemand,NDCCON,ECU,,E5GANPAT,,,2030,,,,,,0.6821604281762379
SpecifiedAnnualDemand,NDCCON,ECU,,E5GANPAT,,,2031,,,,,,0.6895803139837828
SpecifiedAnnualDemand,NDCCON,ECU,,E5GANPAT,,,2032,,,,,,0.696887314081191
SpecifiedAnnualDemand,NDCCON,ECU,,E5GANPAT,,,2033,,,,,,0.7040754037660307
SpecifiedAnnualDemand,NDCCON,ECU,,E5GANPAT,,,2034,,,,,,0.7111416223273924
SpecifiedAnnualDemand,NDCCON,ECU,,E5GANPAT,,,2035,,,,,,0.7180808057346203
SpecifiedAnnualDemand,NDCCON,ECU,,E5GANPAV,,,2010,,,,,,0.0
SpecifiedAnnualDemand,NDCCON,ECU,,E5GANPAV,,,2011,,,,,,0.0
SpecifiedAnnualDemand,NDCCON,ECU,,E5GANPAV,,,2012,,,,,,0.0
SpecifiedAnnualDemand,NDCCON,ECU,,E5GANPAV,,,2013,,,,,,0.0
SpecifiedAnnualDemand,NDCCON,ECU,,E5GANPAV,,,2014,,,,,,0.0
SpecifiedAnnualDemand,NDCCON,ECU,,E5GANPAV,,,2015,,,,,,0.0
SpecifiedAnnualDemand,NDCCON,ECU,,E5GANPAV,,,2016,,,,,,0.0
SpecifiedAnnualDemand,NDCCON,ECU,,E5GANPAV,,,2017,,,,,,0.0
SpecifiedAnnualDemand,NDCCON,ECU,,E5GANPAV,,,2018,,,,,,0.0
SpecifiedAnnualDemand,NDCCON,ECU,,E5GANPAV,,,2019,,,,,,0.0
SpecifiedAnnualDemand,NDCCON,ECU,,E5GANPAV,,,2020,,,,,,0.0
SpecifiedAnnualDemand,NDCCON,ECU,,E5GANPAV,,,2021,,,,,,0.0
SpecifiedAnnualDemand,NDCCON,ECU,,E5GANPAV,,,2022,,,,,,0.0
SpecifiedAnnualDemand,NDCCON,ECU,,E5GANPAV,,,2023,,,,,,0.0
SpecifiedAnnualDemand,NDCCON,ECU,,E5GANPAV,,,2024,,,,,,0.0
SpecifiedAnnualDemand,NDCCON,ECU,,E5GANPAV,,,2025,,,,,,0.0
SpecifiedAnnualDemand,NDCCON,ECU,,E5GANPAV,,,2026,,,,,,0.0
SpecifiedAnnualDemand,NDCCON,ECU,,E5GANPAV,,,2027,,,,,,0.0
SpecifiedAnnualDemand,NDCCON,ECU,,E5GANPAV,,,2028,,,,,,0.0
SpecifiedAnnualDemand,NDCCON,ECU,,E5GANPAV,,,2029,,,,,,0.0
SpecifiedAnnualDemand,NDCCON,ECU,,E5GANPAV,,,2030,,,,,,0.0
SpecifiedAnnualDemand,NDCCON,ECU,,E5GANPAV,,,2031,,,,,,0.0
SpecifiedAnnualDemand,NDCCON,ECU,,E5GANPAV,,,2032,,,,,,0.0
SpecifiedAnnualDemand,NDCCON,ECU,,E5GANPAV,,,2033,,,,,,0.0
SpecifiedAnnualDemand,NDCCON,ECU,,E5GANPAV,,,2034,,,,,,0.0
SpecifiedAnnualDemand,NDCCON,ECU,,E5GANPAV,,,2035,,,,,,0.0
SpecifiedAnnualDemand,NDCCON,ECU,,E5GANPON,,,2010,,,,,,0.0
SpecifiedAnnualDemand,NDCCON,ECU,,E5GANPON,,,2011,,,,,,0.0
SpecifiedAnnualDemand,NDCCON,ECU,,E5GANPON,,,2012,,,,,,0.0
SpecifiedAnnualDemand,NDCCON,ECU,,E5GANPON,,,2013,,,,,,0.0
SpecifiedAnnualDemand,NDCCON,ECU,,E5GANPON,,,2014,,,,,,0.0
SpecifiedAnnualDemand,NDCCON,ECU,,E5GANPON,,,2015,,,,,,0.0
SpecifiedAnnualDemand,NDCCON,ECU,,E5GANPON,,,2016,,,,,,0.0
SpecifiedAnnualDemand,NDCCON,ECU,,E5GANPON,,,2017,,,,,,0.0
SpecifiedAnnualDemand,NDCCON,ECU,,E5GANPON,,,2018,,,,,,0.0
SpecifiedAnnualDemand,NDCCON,ECU,,E5GANPON,,,2019,,,,,,0.0
SpecifiedAnnualDemand,NDCCON,ECU,,E5GANPON,,,2020,,,,,,0.0
SpecifiedAnnualDemand,NDCCON,ECU,,E5GANPON,,,2021,,,,,,0.0
SpecifiedAnnualDemand,NDCCON,ECU,,E5GANPON,,,2022,,,,,,0.0
SpecifiedAnnualDemand,NDCCON,ECU,,E5GANPON,,,2023,,,,,,0.0
SpecifiedAnnualDemand,NDCCON,ECU,,E5GANPON,,,2024,,,,,,0.0
SpecifiedAnnualDemand,NDCCON,ECU,,E5GANPON,,,2025,,,,,,0.0
SpecifiedAnnualDemand,NDCCON,ECU,,E5GANPON,,,2026,,,,,,0.0
SpecifiedAnnualDemand,NDCCON,ECU,,E5GANPON,,,2027,,,,,,0.0
SpecifiedAnnualDemand,NDCCON,ECU,,E5GANPON,,,2028,,,,,,0.0
SpecifiedAnnualDemand,NDCCON,ECU,,E5GANPON,,,2029,,,,,,0.0
SpecifiedAnnualDemand,NDCCON,ECU,,E5GANPON,,,2030,,,,,,0.0
SpecifiedAnnualDemand,NDCCON,ECU,,E5GANPON,,,2031,,,,,,0.0
SpecifiedAnnualDemand,NDCCON,ECU,,E5GANPON,,,2032,,,,,,0.0
SpecifiedAnnualDemand,NDCCON,ECU,,E5GANPON,,,2033,,,,,,0.0
SpecifiedAnnualDemand,NDCCON,ECU,,E5GANPON,,,2034,,,,,,0.0
SpecifiedAnnualDemand,NDCCON,ECU,,E5GANPON,,,2035,,,,,,0.0
SpecifiedAnnualDemand,NDCCON,ECU,,E5AGREXPARR,,,2010,,,,,,0.012826722000000002
SpecifiedAnnualDemand,NDCCON,ECU,,E5AGREXPARR,,,2011,,,,,,0.025369691999999996
SpecifiedAnnualDemand,NDCCON,ECU,,E5AGREXPARR,,,2012,,,,,,0.01441844
SpecifiedAnnualDemand,NDCCON,ECU,,E5AGREXPARR,,,2013,,,,,,0.043176637000000004
SpecifiedAnnualDemand,NDCCON,ECU,,E5AGREXPARR,,,2014,,,,,,0.016054075
SpecifiedAnnualDemand,NDCCON,ECU,,E5AGREXPARR,,,2015,,,,,,0.001112333
SpecifiedAnnualDemand,NDCCON,ECU,,E5AGREXPARR,,,2016,,,,,,0.00021028700000000003
SpecifiedAnnualDemand,NDCCON,ECU,,E5AGREXPARR,,,2017,,,,,,0.00044659800000000004
SpecifiedAnnualDemand,NDCCON,ECU,,E5AGREXPARR,,,2018,,,,,,0.03155605904
SpecifiedAnnualDemand,NDCCON,ECU,,E5AGREXPARR,,,2019,,,,,,0.02902678066
SpecifiedAnnualDemand,NDCCON,ECU,,E5AGREXPARR,,,2020,,,,,,0.044062796729
SpecifiedAnnualDemand,NDCCON,ECU,,E5AGREXPARR,,,2021,,,,,,0.019135541829999998
SpecifiedAnnualDemand,NDCCON,ECU,,E5AGREXPARR,,,2022,,,,,,0.019041628023880708
SpecifiedAnnualDemand,NDCCON,ECU,,E5AGREXPARR,,,2023,,,,,,0.018103249177160562
SpecifiedAnnualDemand,NDCCON,ECU,,E5AGREXPARR,,,2024,,,,,,0.021337049094822553
SpecifiedAnnualDemand,NDCCON,ECU,,E5AGREXPARR,,,2025,,,,,,0.020807000373014684
SpecifiedAnnualDemand,NDCCON,ECU,,E5AGREXPARR,,,2026,,,,,,0.024487209178632004
SpecifiedAnnualDemand,NDCCON,ECU,,E5AGREXPARR,,,2027,,,,,,0.025866993852546535
SpecifiedAnnualDemand,NDCCON,ECU,,E5AGREXPARR,,,2028,,,,,,0.027386358431591706
SpecifiedAnnualDemand,NDCCON,ECU,,E5AGREXPARR,,,2029,,,,,,0.02869861518518919
SpecifiedAnnualDemand,NDCCON,ECU,,E5AGREXPARR,,,2030,,,,,,0.030407595843490506
SpecifiedAnnualDemand,NDCCON,ECU,,E5AGREXPARR,,,2031,,,,,,0.028296613022296843
SpecifiedAnnualDemand,NDCCON,ECU,,E5AGREXPARR,,,2032,,,,,,0.029377750586580383
SpecifiedAnnualDemand,NDCCON,ECU,,E5AGREXPARR,,,2033,,,,,,0.030872911550805373
SpecifiedAnnualDemand,NDCCON,ECU,,E5AGREXPARR,,,2034,,,,,,0.031793540616967216
SpecifiedAnnualDemand,NDCCON,ECU,,E5AGREXPARR,,,2035,,,,,,0.03266241992076917
SpecifiedAnnualDemand,NDCCON,ECU,,E5AGREXPBAN,,,2010,,,,,,0.0
SpecifiedAnnualDemand,NDCCON,ECU,,E5AGREXPBAN,,,2011,,,,,,1.590237e-05
SpecifiedAnnualDemand,NDCCON,ECU,,E5AGREXPBAN,,,2012,,,,,,0.007843887809999997
SpecifiedAnnualDemand,NDCCON,ECU,,E5AGREXPBAN,,,2013,,,,,,0.00012307977000000002
SpecifiedAnnualDemand,NDCCON,ECU,,E5AGREXPBAN,,,2014,,,,,,0.0
SpecifiedAnnualDemand,NDCCON,ECU,,E5AGREXPBAN,,,2015,,,,,,0.0
SpecifiedAnnualDemand,NDCCON,ECU,,E5AGREXPBAN,,,2016,,,,,,0.0
SpecifiedAnnualDemand,NDCCON,ECU,,E5AGREXPBAN,,,2017,,,,,,0.0
SpecifiedAnnualDemand,NDCCON,ECU,,E5AGREXPBAN,,,2018,,,,,,0.0
SpecifiedAnnualDemand,NDCCON,ECU,,E5AGREXPBAN,,,2019,,,,,,0.0
SpecifiedAnnualDemand,NDCCON,ECU,,E5AGREXPBAN,,,2020,,,,,,0.0
SpecifiedAnnualDemand,NDCCON,ECU,,E5AGREXPBAN,,,2021,,,,,,2.23090758e-05
SpecifiedAnnualDemand,NDCCON,ECU,,E5AGREXPBAN,,,2022,,,,,,2.5903107060609624e-05
SpecifiedAnnualDemand,NDCCON,ECU,,E5AGREXPBAN,,,2023,,,,,,2.832167632589404e-05
SpecifiedAnnualDemand,NDCCON,ECU,,E5AGREXPBAN,,,2024,,,,,,3.0740245591178464e-05
SpecifiedAnnualDemand,NDCCON,ECU,,E5AGREXPBAN,,,2025,,,,,,3.315881485646288e-05
SpecifiedAnnualDemand,NDCCON,ECU,,E5AGREXPBAN,,,2026,,,,,,3.55773841217473e-05
SpecifiedAnnualDemand,NDCCON,ECU,,E5AGREXPBAN,,,2027,,,,,,3.7995953387031713e-05
SpecifiedAnnualDemand,NDCCON,ECU,,E5AGREXPBAN,,,2028,,,,,,4.041452265231613e-05
SpecifiedAnnualDemand,NDCCON,ECU,,E5AGREXPBAN,,,2029,,,,,,4.283309191760055e-05
SpecifiedAnnualDemand,NDCCON,ECU,,E5AGREXPBAN,,,2030,,,,,,4.525166118288497e-05
SpecifiedAnnualDemand,NDCCON,ECU,,E5AGREXPBAN,,,2031,,,,,,4.7670230448169386e-05
SpecifiedAnnualDemand,NDCCON,ECU,,E5AGREXPBAN,,,2032,,,,,,5.00887997134538e-05
SpecifiedAnnualDemand,NDCCON,ECU,,E5AGREXPBAN,,,2033,,,,,,5.250736897873822e-05
SpecifiedAnnualDemand,NDCCON,ECU,,E5AGREXPBAN,,,2034,,,,,,5.492593824402264e-05
SpecifiedAnnualDemand,NDCCON,ECU,,E5AGREXPBAN,,,2035,,,,,,5.734450750930706e-05
SpecifiedAnnualDemand,NDCCON,ECU,,E5AGREXPCOC,,,2010,,,,,,0.0
SpecifiedAnnualDemand,NDCCON,ECU,,E5AGREXPCOC,,,2011,,,,,,0.0
SpecifiedAnnualDemand,NDCCON,ECU,,E5AGREXPCOC,,,2012,,,,,,0.0
SpecifiedAnnualDemand,NDCCON,ECU,,E5AGREXPCOC,,,2013,,,,,,0.0
SpecifiedAnnualDemand,NDCCON,ECU,,E5AGREXPCOC,,,2014,,,,,,0.0
SpecifiedAnnualDemand,NDCCON,ECU,,E5AGREXPCOC,,,2015,,,,,,5.049e-07
SpecifiedAnnualDemand,NDCCON,ECU,,E5AGREXPCOC,,,2016,,,,,,2.97e-05
SpecifiedAnnualDemand,NDCCON,ECU,,E5AGREXPCOC,,,2017,,,,,,5.94e-05
SpecifiedAnnualDemand,NDCCON,ECU,,E5AGREXPCOC,,,2018,,,,,,5.94e-05
SpecifiedAnnualDemand,NDCCON,ECU,,E5AGREXPCOC,,,2019,,,,,,5.94e-05
SpecifiedAnnualDemand,NDCCON,ECU,,E5AGREXPCOC,,,2020,,,,,,1.550226645e-05
SpecifiedAnnualDemand,NDCCON,ECU,,E5AGREXPCOC,,,2021,,,,,,1.485e-05
SpecifiedAnnualDemand,NDCCON,ECU,,E5AGREXPCOC,,,2022,,,,,,1.7242361059620985e-05
SpecifiedAnnualDemand,NDCCON,ECU,,E5AGREXPCOC,,,2023,,,,,,1.8852277755025894e-05
SpecifiedAnnualDemand,NDCCON,ECU,,E5AGREXPCOC,,,2024,,,,,,2.0462194450430802e-05
SpecifiedAnnualDemand,NDCCON,ECU,,E5AGREXPCOC,,,2025,,,,,,2.207211114583571e-05
SpecifiedAnnualDemand,NDCCON,ECU,,E5AGREXPCOC,,,2026,,,,,,2.368202784124062e-05
SpecifiedAnnualDemand,NDCCON,ECU,,E5AGREXPCOC,,,2027,,,,,,2.5291944536645524e-05
SpecifiedAnnualDemand,NDCCON,ECU,,E5AGREXPCOC,,,2028,,,,,,2.6901861232050436e-05
SpecifiedAnnualDemand,NDCCON,ECU,,E5AGREXPCOC,,,2029,,,,,,2.8511777927455345e-05
SpecifiedAnnualDemand,NDCCON,ECU,,E5AGREXPCOC,,,2030,,,,,,3.0121694622860254e-05
SpecifiedAnnualDemand,NDCCON,ECU,,E5AGREXPCOC,,,2031,,,,,,3.173161131826516e-05
SpecifiedAnnualDemand,NDCCON,ECU,,E5AGREXPCOC,,,2032,,,,,,3.3341528013670064e-05
SpecifiedAnnualDemand,NDCCON,ECU,,E5AGREXPCOC,,,2033,,,,,,3.4951444709074976e-05
SpecifiedAnnualDemand,NDCCON,ECU,,E5AGREXPCOC,,,2034,,,,,,3.656136140447989e-05
SpecifiedAnnualDemand,NDCCON,ECU,,E5AGREXPCOC,,,2035,,,,,,3.817127809988479e-05
SpecifiedAnnualDemand,NDCCON,ECU,,E5AGREXPCOF,,,2010,,,,,,0.00276677082
SpecifiedAnnualDemand,NDCCON,ECU,,E5AGREXPCOF,,,2011,,,,,,0.006333227999999998
SpecifiedAnnualDemand,NDCCON,ECU,,E5AGREXPCOF,,,2012,,,,,,0.0022599561600000003
SpecifiedAnnualDemand,NDCCON,ECU,,E5AGREXPCOF,,,2013,,,,,,0.0005132249099999999
SpecifiedAnnualDemand,NDCCON,ECU,,E5AGREXPCOF,,,2014,,,,,,0.00013330548000000002
SpecifiedAnnualDemand,NDCCON,ECU,,E5AGREXPCOF,,,2015,,,,,,0.012923006593695358
SpecifiedAnnualDemand,NDCCON,ECU,,E5AGREXPCOF,,,2016,,,,,,0.01306622352772877
SpecifiedAnnualDemand,NDCCON,ECU,,E5AGREXPCOF,,,2017,,,,,,0.009287930838167743
SpecifiedAnnualDemand,NDCCON,ECU,,E5AGREXPCOF,,,2018,,,,,,0.012549685804750004
SpecifiedAnnualDemand,NDCCON,ECU,,E5AGREXPCOF,,,2019,,,,,,0.0051538124631200135
SpecifiedAnnualDemand,NDCCON,ECU,,E5AGREXPCOF,,,2020,,,,,,0.008488391902630012
SpecifiedAnnualDemand,NDCCON,ECU,,E5AGREXPCOF,,,2021,,,,,,0.00914210008162641
SpecifiedAnnualDemand,NDCCON,ECU,,E5AGREXPCOF,,,2022,,,,,,0.010614908447851384
SpecifiedAnnualDemand,NDCCON,ECU,,E5AGREXPCOF,,,2023,,,,,,0.012511163015073937
SpecifiedAnnualDemand,NDCCON,ECU,,E5AGREXPCOF,,,2024,,,,,,0.014407417582296491
SpecifiedAnnualDemand,NDCCON,ECU,,E5AGREXPCOF,,,2025,,,,,,0.016303672149519045
SpecifiedAnnualDemand,NDCCON,ECU,,E5AGREXPCOF,,,2026,,,,,,0.0181999267167416
SpecifiedAnnualDemand,NDCCON,ECU,,E5AGREXPCOF,,,2027,,,,,,0.020096181283964155
SpecifiedAnnualDemand,NDCCON,ECU,,E5AGREXPCOF,,,2028,,,,,,0.02199243585118671
SpecifiedAnnualDemand,NDCCON,ECU,,E5AGREXPCOF,,,2029,,,,,,0.023888690418409263
SpecifiedAnnualDemand,NDCCON,ECU,,E5AGREXPCOF,,,2030,,,,,,0.025784944985631816
SpecifiedAnnualDemand,NDCCON,ECU,,E5AGREXPCOF,,,2031,,,,,,0.02768119955285437
SpecifiedAnnualDemand,NDCCON,ECU,,E5AGREXPCOF,,,2032,,,,,,0.029577454120076924
SpecifiedAnnualDemand,NDCCON,ECU,,E5AGREXPCOF,,,2033,,,,,,0.03147370868729947
SpecifiedAnnualDemand,NDCCON,ECU,,E5AGREXPCOF,,,2034,,,,,,0.03336996325452203
SpecifiedAnnualDemand,NDCCON,ECU,,E5AGREXPCOF,,,2035,,,,,,0.035266217821744585
SpecifiedAnnualDemand,NDCCON,ECU,,E5AGREXPSUG,,,2010,,,,,,0.040790579939999995
SpecifiedAnnualDemand,NDCCON,ECU,,E5AGREXPSUG,,,2011,,,,,,0.058067967869999994
SpecifiedAnnualDemand,NDCCON,ECU,,E5AGREXPSUG,,,2012,,,,,,0.039975128820000004
SpecifiedAnnualDemand,NDCCON,ECU,,E5AGREXPSUG,,,2013,,,,,,0.00209145321
SpecifiedAnnualDemand,NDCCON,ECU,,E5AGREXPSUG,,,2014,,,,,,0.022106864339999997
SpecifiedAnnualDemand,NDCCON,ECU,,E5AGREXPSUG,,,2015,,,,,,0.04939970211
SpecifiedAnnualDemand,NDCCON,ECU,,E5AGREXPSUG,,,2016,,,,,,0.04678296579
SpecifiedAnnualDemand,NDCCON,ECU,,E5AGREXPSUG,,,2017,,,,,,0.07536743178326999
SpecifiedAnnualDemand,NDCCON,ECU,,E5AGREXPSUG,,,2018,,,,,,0.038495490626339994
SpecifiedAnnualDemand,NDCCON,ECU,,E5AGREXPSUG,,,2019,,,,,,0.028920761788049996
SpecifiedAnnualDemand,NDCCON,ECU,,E5AGREXPSUG,,,2020,,,,,,0.027924159298860003
SpecifiedAnnualDemand,NDCCON,ECU,,E5AGREXPSUG,,,2021,,,,,,0.03914996472684
SpecifiedAnnualDemand,NDCCON,ECU,,E5AGREXPSUG,,,2022,,,,,,0.04545709274690917
SpecifiedAnnualDemand,NDCCON,ECU,,E5AGREXPSUG,,,2023,,,,,,0.04657835414466343
SpecifiedAnnualDemand,NDCCON,ECU,,E5AGREXPSUG,,,2024,,,,,,0.04769961554241768
SpecifiedAnnualDemand,NDCCON,ECU,,E5AGREXPSUG,,,2025,,,,,,0.04882087694017194
SpecifiedAnnualDemand,NDCCON,ECU,,E5AGREXPSUG,,,2026,,,,,,0.0499421383379262
SpecifiedAnnualDemand,NDCCON,ECU,,E5AGREXPSUG,,,2027,,,,,,0.051063399735680456
SpecifiedAnnualDemand,NDCCON,ECU,,E5AGREXPSUG,,,2028,,,,,,0.05218466113343471
SpecifiedAnnualDemand,NDCCON,ECU,,E5AGREXPSUG,,,2029,,,,,,0.053305922531188966
SpecifiedAnnualDemand,NDCCON,ECU,,E5AGREXPSUG,,,2030,,,,,,0.05442718392894322
SpecifiedAnnualDemand,NDCCON,ECU,,E5AGREXPSUG,,,2031,,,,,,0.055548445326697476
SpecifiedAnnualDemand,NDCCON,ECU,,E5AGREXPSUG,,,2032,,,,,,0.056669706724451735
SpecifiedAnnualDemand,NDCCON,ECU,,E5AGREXPSUG,,,2033,,,,,,0.05779096812220599
SpecifiedAnnualDemand,NDCCON,ECU,,E5AGREXPSUG,,,2034,,,,,,0.058912229519960245
SpecifiedAnnualDemand,NDCCON,ECU,,E5AGREXPSUG,,,2035,,,,,,0.0600334909177145
SpecifiedAnnualDemand,NDCCON,ECU,,E5AGREXPMAI,,,2010,,,,,,0.4709133
SpecifiedAnnualDemand,NDCCON,ECU,,E5AGREXPMAI,,,2011,,,,,,0.5296856400000001
SpecifiedAnnualDemand,NDCCON,ECU,,E5AGREXPMAI,,,2012,,,,,,0.30196484999999995
SpecifiedAnnualDemand,NDCCON,ECU,,E5AGREXPMAI,,,2013,,,,,,0.13172643
SpecifiedAnnualDemand,NDCCON,ECU,,E5AGREXPMAI,,,2014,,,,,,0.1150578
SpecifiedAnnualDemand,NDCCON,ECU,,E5AGREXPMAI,,,2015,,,,,,0.032783849999999996
SpecifiedAnnualDemand,NDCCON,ECU,,E5AGREXPMAI,,,2016,,,,,,0.06277392
SpecifiedAnnualDemand,NDCCON,ECU,,E5AGREXPMAI,,,2017,,,,,,0.07779222
SpecifiedAnnualDemand,NDCCON,ECU,,E5AGREXPMAI,,,2018,,,,,,0.056735909999999994
SpecifiedAnnualDemand,NDCCON,ECU,,E5AGREXPMAI,,,2019,,,,,,0.02730915
SpecifiedAnnualDemand,NDCCON,ECU,,E5AGREXPMAI,,,2020,,,,,,0.048787199999999996
SpecifiedAnnualDemand,NDCCON,ECU,,E5AGREXPMAI,,,2021,,,,,,0.056826
SpecifiedAnnualDemand,NDCCON,ECU,,E5AGREXPMAI,,,2022,,,,,,0.06598076832148297
SpecifiedAnnualDemand,NDCCON,ECU,,E5AGREXPMAI,,,2023,,,,,,0.0721413828758991
SpecifiedAnnualDemand,NDCCON,ECU,,E5AGREXPMAI,,,2024,,,,,,0.07830199743031521
SpecifiedAnnualDemand,NDCCON,ECU,,E5AGREXPMAI,,,2025,,,,,,0.08446261198473133
SpecifiedAnnualDemand,NDCCON,ECU,,E5AGREXPMAI,,,2026,,,,,,0.09062322653914745
SpecifiedAnnualDemand,NDCCON,ECU,,E5AGREXPMAI,,,2027,,,,,,0.09678384109356357
SpecifiedAnnualDemand,NDCCON,ECU,,E5AGREXPMAI,,,2028,,,,,,0.10294445564797969
SpecifiedAnnualDemand,NDCCON,ECU,,E5AGREXPMAI,,,2029,,,,,,0.10910507020239579
SpecifiedAnnualDemand,NDCCON,ECU,,E5AGREXPMAI,,,2030,,,,,,0.11526568475681193
SpecifiedAnnualDemand,NDCCON,ECU,,E5AGREXPMAI,,,2031,,,,,,0.12142629931122803
SpecifiedAnnualDemand,NDCCON,ECU,,E5AGREXPMAI,,,2032,,,,,,0.12758691386564416
SpecifiedAnnualDemand,NDCCON,ECU,,E5AGREXPMAI,,,2033,,,,,,0.13374752842006027
SpecifiedAnnualDemand,NDCCON,ECU,,E5AGREXPMAI,,,2034,,,,,,0.1399081429744764
SpecifiedAnnualDemand,NDCCON,ECU,,E5AGREXPMAI,,,2035,,,,,,0.1460687575288925
SpecifiedAnnualDemand,NDCCON,ECU,,E5AGREXPPAF,,,2010,,,,,,0.015346683990000002
SpecifiedAnnualDemand,NDCCON,ECU,,E5AGREXPPAF,,,2011,,,,,,0.011710432799999998
SpecifiedAnnualDemand,NDCCON,ECU,,E5AGREXPPAF,,,2012,,,,,,6.620328e-05
SpecifiedAnnualDemand,NDCCON,ECU,,E5AGREXPPAF,,,2013,,,,,,0.0020752360199999993
SpecifiedAnnualDemand,NDCCON,ECU,,E5AGREXPPAF,,,2014,,,,,,0.0050711700600000005
SpecifiedAnnualDemand,NDCCON,ECU,,E5AGREXPPAF,,,2015,,,,,,0.011520953730000002
SpecifiedAnnualDemand,NDCCON,ECU,,E5AGREXPPAF,,,2016,,,,,,6.991083e-05
SpecifiedAnnualDemand,NDCCON,ECU,,E5AGREXPPAF,,,2017,,,,,,0.00011254289112
SpecifiedAnnualDemand,NDCCON,ECU,,E5AGREXPPAF,,,2018,,,,,,0.006405207157799999
SpecifiedAnnualDemand,NDCCON,ECU,,E5AGREXPPAF,,,2019,,,,,,0.018851188069889998
SpecifiedAnnualDemand,NDCCON,ECU,,E5AGREXPPAF,,,2020,,,,,,0.0049142684843999996
SpecifiedAnnualDemand,NDCCON,ECU,,E5AGREXPPAF,,,2021,,,,,,0.0141248521953
SpecifiedAnnualDemand,NDCCON,ECU,,E5AGREXPPAF,,,2022,,,,,,0.01640039067105338
SpecifiedAnnualDemand,NDCCON,ECU,,E5AGREXPPAF,,,2023,,,,,,0.017931692716126792
SpecifiedAnnualDemand,NDCCON,ECU,,E5AGREXPPAF,,,2024,,,,,,0.0194629947612002
SpecifiedAnnualDemand,NDCCON,ECU,,E5AGREXPPAF,,,2025,,,,,,0.020994296806273613
SpecifiedAnnualDemand,NDCCON,ECU,,E5AGREXPPAF,,,2026,,,,,,0.02252559885134702
SpecifiedAnnualDemand,NDCCON,ECU,,E5AGREXPPAF,,,2027,,,,,,0.024056900896420434
SpecifiedAnnualDemand,NDCCON,ECU,,E5AGREXPPAF,,,2028,,,,,,0.025588202941493846
SpecifiedAnnualDemand,NDCCON,ECU,,E5AGREXPPAF,,,2029,,,,,,0.027119504986567254
SpecifiedAnnualDemand,NDCCON,ECU,,E5AGREXPPAF,,,2030,,,,,,0.028650807031640666
SpecifiedAnnualDemand,NDCCON,ECU,,E5AGREXPPAF,,,2031,,,,,,0.030182109076714078
SpecifiedAnnualDemand,NDCCON,ECU,,E5AGREXPPAF,,,2032,,,,,,0.03171341112178749
SpecifiedAnnualDemand,NDCCON,ECU,,E5AGREXPPAF,,,2033,,,,,,0.033244713166860895
SpecifiedAnnualDemand,NDCCON,ECU,,E5AGREXPPAF,,,2034,,,,,,0.03477601521193431
SpecifiedAnnualDemand,NDCCON,ECU,,E5AGREXPPAF,,,2035,,,,,,0.03630731725700772
SpecifiedAnnualDemand,NDCCON,ECU,,E5AGREXPSOY,,,2010,,,,,,3.9748500000000006e-06
SpecifiedAnnualDemand,NDCCON,ECU,,E5AGREXPSOY,,,2011,,,,,,9.89307e-06
SpecifiedAnnualDemand,NDCCON,ECU,,E5AGREXPSOY,,,2012,,,,,,3.32244e-06
SpecifiedAnnualDemand,NDCCON,ECU,,E5AGREXPSOY,,,2013,,,,,,5.2321499999999995e-06
SpecifiedAnnualDemand,NDCCON,ECU,,E5AGREXPSOY,,,2014,,,,,,6.1211699999999995e-06
SpecifiedAnnualDemand,NDCCON,ECU,,E5AGREXPSOY,,,2015,,,,,,4.02831e-06
SpecifiedAnnualDemand,NDCCON,ECU,,E5AGREXPSOY,,,2016,,,,,,3.97386e-06
SpecifiedAnnualDemand,NDCCON,ECU,,E5AGREXPSOY,,,2017,,,,,,2.2787622000000002e-05
SpecifiedAnnualDemand,NDCCON,ECU,,E5AGREXPSOY,,,2018,,,,,,3.9607227e-06
SpecifiedAnnualDemand,NDCCON,ECU,,E5AGREXPSOY,,,2019,,,,,,0.0
SpecifiedAnnualDemand,NDCCON,ECU,,E5AGREXPSOY,,,2020,,,,,,0.0
SpecifiedAnnualDemand,NDCCON,ECU,,E5AGREXPSOY,,,2021,,,,,,0.0
SpecifiedAnnualDemand,NDCCON,ECU,,E5AGREXPSOY,,,2022,,,,,,0.0
SpecifiedAnnualDemand,NDCCON,ECU,,E5AGREXPSOY,,,2023,,,,,,0.0
SpecifiedAnnualDemand,NDCCON,ECU,,E5AGREXPSOY,,,2024,,,,,,0.0
SpecifiedAnnualDemand,NDCCON,ECU,,E5AGREXPSOY,,,2025,,,,,,0.0
SpecifiedAnnualDemand,NDCCON,ECU,,E5AGREXPSOY,,,2026,,,,,,0.0
SpecifiedAnnualDemand,NDCCON,ECU,,E5AGREXPSOY,,,2027,,,,,,0.0
SpecifiedAnnualDemand,NDCCON,ECU,,E5AGREXPSOY,,,2028,,,,,,0.0
SpecifiedAnnualDemand,NDCCON,ECU,,E5AGREXPSOY,,,2029,,,,,,0.0
SpecifiedAnnualDemand,NDCCON,ECU,,E5AGREXPSOY,,,2030,,,,,,0.0
SpecifiedAnnualDemand,NDCCON,ECU,,E5AGREXPSOY,,,2031,,,,,,0.0
SpecifiedAnnualDemand,NDCCON,ECU,,E5AGREXPSOY,,,2032,,,,,,0.0
SpecifiedAnnualDemand,NDCCON,ECU,,E5AGREXPSOY,,,2033,,,,,,0.0
SpecifiedAnnualDemand,NDCCON,ECU,,E5AGREXPSOY,,,2034,,,,,,0.0
SpecifiedAnnualDemand,NDCCON,ECU,,E5AGREXPSOY,,,2035,,,,,,0.0
SpecifiedAnnualDemand,NDCCON,ECU,,E5AGREXPPAL,,,2010,,,,,,0.0
SpecifiedAnnualDemand,NDCCON,ECU,,E5AGREXPPAL,,,2011,,,,,,0.0
SpecifiedAnnualDemand,NDCCON,ECU,,E5AGREXPPAL,,,2012,,,,,,0.0
SpecifiedAnnualDemand,NDCCON,ECU,,E5AGREXPPAL,,,2013,,,,,,0.0
SpecifiedAnnualDemand,NDCCON,ECU,,E5AGREXPPAL,,,2014,,,,,,0.0
SpecifiedAnnualDemand,NDCCON,ECU,,E5AGREXPPAL,,,2015,,,,,,0.0
SpecifiedAnnualDemand,NDCCON,ECU,,E5AGREXPPAL,,,2016,,,,,,0.0
SpecifiedAnnualDemand,NDCCON,ECU,,E5AGREXPPAL,,,2017,,,,,,0.0
SpecifiedAnnualDemand,NDCCON,ECU,,E5AGREXPPAL,,,2018,,,,,,0.0
SpecifiedAnnualDemand,NDCCON,ECU,,E5AGREXPPAL,,,2019,,,,,,0.03393766780317562
SpecifiedAnnualDemand,NDCCON,ECU,,E5AGREXPPAL,,,2020,,,,,,0.03317723456887989
SpecifiedAnnualDemand,NDCCON,ECU,,E5AGREXPPAL,,,2021,,,,,,0.047858902209213905
SpecifiedAnnualDemand,NDCCON,ECU,,E5AGREXPPAL,,,2022,,,,,,0.05556905534063021
SpecifiedAnnualDemand,NDCCON,ECU,,E5AGREXPPAL,,,2023,,,,,,0.0607575297978938
SpecifiedAnnualDemand,NDCCON,ECU,,E5AGREXPPAL,,,2024,,,,,,0.0659460042551574
SpecifiedAnnualDemand,NDCCON,ECU,,E5AGREXPPAL,,,2025,,,,,,0.07113447871242098
SpecifiedAnnualDemand,NDCCON,ECU,,E5AGREXPPAL,,,2026,,,,,,0.07632295316968457
SpecifiedAnnualDemand,NDCCON,ECU,,E5AGREXPPAL,,,2027,,,,,,0.08151142762694816
SpecifiedAnnualDemand,NDCCON,ECU,,E5AGREXPPAL,,,2028,,,,,,0.08669990208421174
SpecifiedAnnualDemand,NDCCON,ECU,,E5AGREXPPAL,,,2029,,,,,,0.09188837654147533
SpecifiedAnnualDemand,NDCCON,ECU,,E5AGREXPPAL,,,2030,,,,,,0.09707685099873893
SpecifiedAnnualDemand,NDCCON,ECU,,E5AGREXPPAL,,,2031,,,,,,0.10226532545600253
SpecifiedAnnualDemand,NDCCON,ECU,,E5AGREXPPAL,,,2032,,,,,,0.1074537999132661
SpecifiedAnnualDemand,NDCCON,ECU,,E5AGREXPPAL,,,2033,,,,,,0.1126422743705297
SpecifiedAnnualDemand,NDCCON,ECU,,E5AGREXPPAL,,,2034,,,,,,0.11783074882779329
SpecifiedAnnualDemand,NDCCON,ECU,,E5AGREXPPAL,,,2035,,,,,,0.12301922328505688
SpecifiedAnnualDemand,NDCCON,ECU,,E5AGREXPLEG,,,2010,,,,,,0.0
SpecifiedAnnualDemand,NDCCON,ECU,,E5AGREXPLEG,,,2011,,,,,,0.0
SpecifiedAnnualDemand,NDCCON,ECU,,E5AGREXPLEG,,,2012,,,,,,0.0
SpecifiedAnnualDemand,NDCCON,ECU,,E5AGREXPLEG,,,2013,,,,,,0.0
SpecifiedAnnualDemand,NDCCON,ECU,,E5AGREXPLEG,,,2014,,,,,,0.0
SpecifiedAnnualDemand,NDCCON,ECU,,E5AGREXPLEG,,,2015,,,,,,0.00255123
SpecifiedAnnualDemand,NDCCON,ECU,,E5AGREXPLEG,,,2016,,,,,,0.00437382
SpecifiedAnnualDemand,NDCCON,ECU,,E5AGREXPLEG,,,2017,,,,,,0.00480942
SpecifiedAnnualDemand,NDCCON,ECU,,E5AGREXPLEG,,,2018,,,,,,0.00475101
SpecifiedAnnualDemand,NDCCON,ECU,,E5AGREXPLEG,,,2019,,,,,,0.00369369
SpecifiedAnnualDemand,NDCCON,ECU,,E5AGREXPLEG,,,2020,,,,,,0.006301350000000001
SpecifiedAnnualDemand,NDCCON,ECU,,E5AGREXPLEG,,,2021,,,,,,0.00424611
SpecifiedAnnualDemand,NDCCON,ECU,,E5AGREXPLEG,,,2022,,,,,,0.0049301657723142935
SpecifiedAnnualDemand,NDCCON,ECU,,E5AGREXPLEG,,,2023,,,,,,0.005390494619420404
SpecifiedAnnualDemand,NDCCON,ECU,,E5AGREXPLEG,,,2024,,,,,,0.005850823466526513
SpecifiedAnnualDemand,NDCCON,ECU,,E5AGREXPLEG,,,2025,,,,,,0.006311152313632624
SpecifiedAnnualDemand,NDCCON,ECU,,E5AGREXPLEG,,,2026,,,,,,0.006771481160738734
SpecifiedAnnualDemand,NDCCON,ECU,,E5AGREXPLEG,,,2027,,,,,,0.007231810007844844
SpecifiedAnnualDemand,NDCCON,ECU,,E5AGREXPLEG,,,2028,,,,,,0.007692138854950953
SpecifiedAnnualDemand,NDCCON,ECU,,E5AGREXPLEG,,,2029,,,,,,0.008152467702057064
SpecifiedAnnualDemand,NDCCON,ECU,,E5AGREXPLEG,,,2030,,,,,,0.008612796549163174
SpecifiedAnnualDemand,NDCCON,ECU,,E5AGREXPLEG,,,2031,,,,,,0.009073125396269283
SpecifiedAnnualDemand,NDCCON,ECU,,E5AGREXPLEG,,,2032,,,,,,0.009533454243375393
SpecifiedAnnualDemand,NDCCON,ECU,,E5AGREXPLEG,,,2033,,,,,,0.009993783090481503
SpecifiedAnnualDemand,NDCCON,ECU,,E5AGREXPLEG,,,2034,,,,,,0.010454111937587614
SpecifiedAnnualDemand,NDCCON,ECU,,E5AGREXPLEG,,,2035,,,,,,0.010914440784693724
SpecifiedAnnualDemand,NDCCON,ECU,,E5AGREXPCER,,,2010,,,,,,0.6058874378699999
SpecifiedAnnualDemand,NDCCON,ECU,,E5AGREXPCER,,,2011,,,,,,0.5600164224600002
SpecifiedAnnualDemand,NDCCON,ECU,,E5AGREXPCER,,,2012,,,,,,0.55970084214
SpecifiedAnnualDemand,NDCCON,ECU,,E5AGREXPCER,,,2013,,,,,,0.5854502530800001
SpecifiedAnnualDemand,NDCCON,ECU,,E5AGREXPCER,,,2014,,,,,,0.007862312699999999
SpecifiedAnnualDemand,NDCCON,ECU,,E5AGREXPCER,,,2015,,,,,,1.0556057788781665
SpecifiedAnnualDemand,NDCCON,ECU,,E5AGREXPCER,,,2016,,,,,,0.9269750942099998
SpecifiedAnnualDemand,NDCCON,ECU,,E5AGREXPCER,,,2017,,,,,,1.11774264921
SpecifiedAnnualDemand,NDCCON,ECU,,E5AGREXPCER,,,2018,,,,,,1.11638274264
SpecifiedAnnualDemand,NDCCON,ECU,,E5AGREXPCER,,,2019,,,,,,1.17113722803
SpecifiedAnnualDemand,NDCCON,ECU,,E5AGREXPCER,,,2020,,,,,,1.2535868013669
SpecifiedAnnualDemand,NDCCON,ECU,,E5AGREXPCER,,,2021,,,,,,1.4902693066205999
SpecifiedAnnualDemand,NDCCON,ECU,,E5AGREXPCER,,,2022,,,,,,1.7303543071261547
SpecifiedAnnualDemand,NDCCON,ECU,,E5AGREXPCER,,,2023,,,,,,1.8919172322021143
SpecifiedAnnualDemand,NDCCON,ECU,,E5AGREXPCER,,,2024,,,,,,2.053480157278074
SpecifiedAnnualDemand,NDCCON,ECU,,E5AGREXPCER,,,2025,,,,,,2.2150430823540335
SpecifiedAnnualDemand,NDCCON,ECU,,E5AGREXPCER,,,2026,,,,,,2.3766060074299933
SpecifiedAnnualDemand,NDCCON,ECU,,E5AGREXPCER,,,2027,,,,,,2.5381689325059527
SpecifiedAnnualDemand,NDCCON,ECU,,E5AGREXPCER,,,2028,,,,,,2.6997318575819125
SpecifiedAnnualDemand,NDCCON,ECU,,E5AGREXPCER,,,2029,,,,,,2.861294782657872
SpecifiedAnnualDemand,NDCCON,ECU,,E5AGREXPCER,,,2030,,,,,,3.0228577077338317
SpecifiedAnnualDemand,NDCCON,ECU,,E5AGREXPCER,,,2031,,,,,,3.1844206328097915
SpecifiedAnnualDemand,NDCCON,ECU,,E5AGREXPCER,,,2032,,,,,,3.345983557885751
SpecifiedAnnualDemand,NDCCON,ECU,,E5AGREXPCER,,,2033,,,,,,3.5075464829617102
SpecifiedAnnualDemand,NDCCON,ECU,,E5AGREXPCER,,,2034,,,,,,3.66910940803767
SpecifiedAnnualDemand,NDCCON,ECU,,E5AGREXPCER,,,2035,,,,,,3.8306723331136294
SpecifiedAnnualDemand,NDCCON,ECU,,E5AGREXPTUB,,,2010,,,,,,0.006696359999999999
SpecifiedAnnualDemand,NDCCON,ECU,,E5AGREXPTUB,,,2011,,,,,,0.0073418400000000005
SpecifiedAnnualDemand,NDCCON,ECU,,E5AGREXPTUB,,,2012,,,,,,0.00782496
SpecifiedAnnualDemand,NDCCON,ECU,,E5AGREXPTUB,,,2013,,,,,,0.008514
SpecifiedAnnualDemand,NDCCON,ECU,,E5AGREXPTUB,,,2014,,,,,,0.79064435043
SpecifiedAnnualDemand,NDCCON,ECU,,E5AGREXPTUB,,,2015,,,,,,0.8991186514200001
SpecifiedAnnualDemand,NDCCON,ECU,,E5AGREXPTUB,,,2016,,,,,,0.00833976
SpecifiedAnnualDemand,NDCCON,ECU,,E5AGREXPTUB,,,2017,,,,,,0.00958518
SpecifiedAnnualDemand,NDCCON,ECU,,E5AGREXPTUB,,,2018,,,,,,0.010400940000000001
SpecifiedAnnualDemand,NDCCON,ECU,,E5AGREXPTUB,,,2019,,,,,,0.01228491
SpecifiedAnnualDemand,NDCCON,ECU,,E5AGREXPTUB,,,2020,,,,,,0.00924462
SpecifiedAnnualDemand,NDCCON,ECU,,E5AGREXPTUB,,,2021,,,,,,0.01380357
SpecifiedAnnualDemand,NDCCON,ECU,,E5AGREXPTUB,,,2022,,,,,,0.01602734935028636
SpecifiedAnnualDemand,NDCCON,ECU,,E5AGREXPTUB,,,2023,,,,,,0.01752382058255507
SpecifiedAnnualDemand,NDCCON,ECU,,E5AGREXPTUB,,,2024,,,,,,0.019020291814823776
SpecifiedAnnualDemand,NDCCON,ECU,,E5AGREXPTUB,,,2025,,,,,,0.020516763047092483
SpecifiedAnnualDemand,NDCCON,ECU,,E5AGREXPTUB,,,2026,,,,,,0.022013234279361193
SpecifiedAnnualDemand,NDCCON,ECU,,E5AGREXPTUB,,,2027,,,,,,0.023509705511629904
SpecifiedAnnualDemand,NDCCON,ECU,,E5AGREXPTUB,,,2028,,,,,,0.02500617674389861
SpecifiedAnnualDemand,NDCCON,ECU,,E5AGREXPTUB,,,2029,,,,,,0.02650264797616732
SpecifiedAnnualDemand,NDCCON,ECU,,E5AGREXPTUB,,,2030,,,,,,0.027999119208436028
SpecifiedAnnualDemand,NDCCON,ECU,,E5AGREXPTUB,,,2031,,,,,,0.02949559044070474
SpecifiedAnnualDemand,NDCCON,ECU,,E5AGREXPTUB,,,2032,,,,,,0.03099206167297345
SpecifiedAnnualDemand,NDCCON,ECU,,E5AGREXPTUB,,,2033,,,,,,0.03248853290524216
SpecifiedAnnualDemand,NDCCON,ECU,,E5AGREXPTUB,,,2034,,,,,,0.03398500413751086
SpecifiedAnnualDemand,NDCCON,ECU,,E5AGREXPTUB,,,2035,,,,,,0.03548147536977957
SpecifiedAnnualDemand,NDCCON,ECU,,E5AGREXPFRT,,,2010,,,,,,0.005038109999999999
SpecifiedAnnualDemand,NDCCON,ECU,,E5AGREXPFRT,,,2011,,,,,,0.00501952176
SpecifiedAnnualDemand,NDCCON,ECU,,E5AGREXPFRT,,,2012,,,,,,0.0067767876
SpecifiedAnnualDemand,NDCCON,ECU,,E5AGREXPFRT,,,2013,,,,,,0.00532719
SpecifiedAnnualDemand,NDCCON,ECU,,E5AGREXPFRT,,,2014,,,,,,0.0062152200000000005
SpecifiedAnnualDemand,NDCCON,ECU,,E5AGREXPFRT,,,2015,,,,,,0.0062726202
SpecifiedAnnualDemand,NDCCON,ECU,,E5AGREXPFRT,,,2016,,,,,,0.00590931
SpecifiedAnnualDemand,NDCCON,ECU,,E5AGREXPFRT,,,2017,,,,,,0.00656469
SpecifiedAnnualDemand,NDCCON,ECU,,E5AGREXPFRT,,,2018,,,,,,0.0062166059999999995
SpecifiedAnnualDemand,NDCCON,ECU,,E5AGREXPFRT,,,2019,,,,,,0.0064013895
SpecifiedAnnualDemand,NDCCON,ECU,,E5AGREXPFRT,,,2020,,,,,,0.00746658011088
SpecifiedAnnualDemand,NDCCON,ECU,,E5AGREXPFRT,,,2021,,,,,,0.0080476308
SpecifiedAnnualDemand,NDCCON,ECU,,E5AGREXPFRT,,,2022,,,,,,0.009344118244318281
SpecifiedAnnualDemand,NDCCON,ECU,,E5AGREXPFRT,,,2023,,,,,,0.010216577179225672
SpecifiedAnnualDemand,NDCCON,ECU,,E5AGREXPFRT,,,2024,,,,,,0.011089036114133062
SpecifiedAnnualDemand,NDCCON,ECU,,E5AGREXPFRT,,,2025,,,,,,0.011961495049040453
SpecifiedAnnualDemand,NDCCON,ECU,,E5AGREXPFRT,,,2026,,,,,,0.012833953983947844
SpecifiedAnnualDemand,NDCCON,ECU,,E5AGREXPFRT,,,2027,,,,,,0.013706412918855236
SpecifiedAnnualDemand,NDCCON,ECU,,E5AGREXPFRT,,,2028,,,,,,0.014578871853762627
SpecifiedAnnualDemand,NDCCON,ECU,,E5AGREXPFRT,,,2029,,,,,,0.015451330788670017
SpecifiedAnnualDemand,NDCCON,ECU,,E5AGREXPFRT,,,2030,,,,,,0.016323789723577408
SpecifiedAnnualDemand,NDCCON,ECU,,E5AGREXPFRT,,,2031,,,,,,0.0171962486584848
SpecifiedAnnualDemand,NDCCON,ECU,,E5AGREXPFRT,,,2032,,,,,,0.01806870759339219
SpecifiedAnnualDemand,NDCCON,ECU,,E5AGREXPFRT,,,2033,,,,,,0.01894116652829958
SpecifiedAnnualDemand,NDCCON,ECU,,E5AGREXPFRT,,,2034,,,,,,0.01981362546320697
SpecifiedAnnualDemand,NDCCON,ECU,,E5AGREXPFRT,,,2035,,,,,,0.02068608439811436
SpecifiedAnnualDemand,NDCCON,ECU,,E5AGREXPVEG,,,2010,,,,,,0.053315203590000006
SpecifiedAnnualDemand,NDCCON,ECU,,E5AGREXPVEG,,,2011,,,,,,0.006333227999999998
SpecifiedAnnualDemand,NDCCON,ECU,,E5AGREXPVEG,,,2012,,,,,,0.0022599561600000003
SpecifiedAnnualDemand,NDCCON,ECU,,E5AGREXPVEG,,,2013,,,,,,0.0005132249099999999
SpecifiedAnnualDemand,NDCCON,ECU,,E5AGREXPVEG,,,2014,,,,,,0.00013330548000000002
SpecifiedAnnualDemand,NDCCON,ECU,,E5AGREXPVEG,,,2015,,,,,,0.00020031659999999993
SpecifiedAnnualDemand,NDCCON,ECU,,E5AGREXPVEG,,,2016,,,,,,0.0004796807399999999
SpecifiedAnnualDemand,NDCCON,ECU,,E5AGREXPVEG,,,2017,,,,,,0.00033675006816
SpecifiedAnnualDemand,NDCCON,ECU,,E5AGREXPVEG,,,2018,,,,,,0.00175655217375
SpecifiedAnnualDemand,NDCCON,ECU,,E5AGREXPVEG,,,2019,,,,,,0.0003091236192
SpecifiedAnnualDemand,NDCCON,ECU,,E5AGREXPVEG,,,2020,,,,,,0.00028502965557
SpecifiedAnnualDemand,NDCCON,ECU,,E5AGREXPVEG,,,2021,,,,,,0.00035763463197
SpecifiedAnnualDemand,NDCCON,ECU,,E5AGREXPVEG,,,2022,,,,,,0.0004152501987778727
SpecifiedAnnualDemand,NDCCON,ECU,,E5AGREXPVEG,,,2023,,,,,,0.00045402204826362985
SpecifiedAnnualDemand,NDCCON,ECU,,E5AGREXPVEG,,,2024,,,,,,0.0004927938977493869
SpecifiedAnnualDemand,NDCCON,ECU,,E5AGREXPVEG,,,2025,,,,,,0.000531565747235144
SpecifiedAnnualDemand,NDCCON,ECU,,E5AGREXPVEG,,,2026,,,,,,0.0005703375967209012
SpecifiedAnnualDemand,NDCCON,ECU,,E5AGREXPVEG,,,2027,,,,,,0.0006091094462066583
SpecifiedAnnualDemand,NDCCON,ECU,,E5AGREXPVEG,,,2028,,,,,,0.0006478812956924153
SpecifiedAnnualDemand,NDCCON,ECU,,E5AGREXPVEG,,,2029,,,,,,0.0006866531451781724
SpecifiedAnnualDemand,NDCCON,ECU,,E5AGREXPVEG,,,2030,,,,,,0.0007254249946639296
SpecifiedAnnualDemand,NDCCON,ECU,,E5AGREXPVEG,,,2031,,,,,,0.0007641968441496868
SpecifiedAnnualDemand,NDCCON,ECU,,E5AGREXPVEG,,,2032,,,,,,0.0008029686936354438
SpecifiedAnnualDemand,NDCCON,ECU,,E5AGREXPVEG,,,2033,,,,,,0.0008417405431212009
SpecifiedAnnualDemand,NDCCON,ECU,,E5AGREXPVEG,,,2034,,,,,,0.000880512392606958
SpecifiedAnnualDemand,NDCCON,ECU,,E5AGREXPVEG,,,2035,,,,,,0.0009192842420927152
SpecifiedAnnualDemand,NDCCON,ECU,,E5AGREXPFLO,,,2010,,,,,,0.0
SpecifiedAnnualDemand,NDCCON,ECU,,E5AGREXPFLO,,,2011,,,,,,0.0
SpecifiedAnnualDemand,NDCCON,ECU,,E5AGREXPFLO,,,2012,,,,,,0.0
SpecifiedAnnualDemand,NDCCON,ECU,,E5AGREXPFLO,,,2013,,,,,,0.0
SpecifiedAnnualDemand,NDCCON,ECU,,E5AGREXPFLO,,,2014,,,,,,9e-06
SpecifiedAnnualDemand,NDCCON,ECU,,E5AGREXPFLO,,,2015,,,,,,0.0
SpecifiedAnnualDemand,NDCCON,ECU,,E5AGREXPFLO,,,2016,,,,,,1e-06
SpecifiedAnnualDemand,NDCCON,ECU,,E5AGREXPFLO,,,2017,,,,,,0.0
SpecifiedAnnualDemand,NDCCON,ECU,,E5AGREXPFLO,,,2018,,,,,,1e-05
SpecifiedAnnualDemand,NDCCON,ECU,,E5AGREXPFLO,,,2019,,,,,,6.5e-05
SpecifiedAnnualDemand,NDCCON,ECU,,E5AGREXPFLO,,,2020,,,,,,1.6e-05
SpecifiedAnnualDemand,NDCCON,ECU,,E5AGREXPFLO,,,2021,,,,,,4.3e-05
SpecifiedAnnualDemand,NDCCON,ECU,,E5AGREXPFLO,,,2022,,,,,,4.992737545883518e-05
SpecifiedAnnualDemand,NDCCON,ECU,,E5AGREXPFLO,,,2023,,,,,,5.458908710209518e-05
SpecifiedAnnualDemand,NDCCON,ECU,,E5AGREXPFLO,,,2024,,,,,,5.925079874535518e-05
SpecifiedAnnualDemand,NDCCON,ECU,,E5AGREXPFLO,,,2025,,,,,,6.391251038861518e-05
SpecifiedAnnualDemand,NDCCON,ECU,,E5AGREXPFLO,,,2026,,,,,,6.857422203187518e-05
SpecifiedAnnualDemand,NDCCON,ECU,,E5AGREXPFLO,,,2027,,,,,,7.32359336751352e-05
SpecifiedAnnualDemand,NDCCON,ECU,,E5AGREXPFLO,,,2028,,,,,,7.78976453183952e-05
SpecifiedAnnualDemand,NDCCON,ECU,,E5AGREXPFLO,,,2029,,,,,,8.25593569616552e-05
SpecifiedAnnualDemand,NDCCON,ECU,,E5AGREXPFLO,,,2030,,,,,,8.72210686049152e-05
SpecifiedAnnualDemand,NDCCON,ECU,,E5AGREXPFLO,,,2031,,,,,,9.18827802481752e-05
SpecifiedAnnualDemand,NDCCON,ECU,,E5AGREXPFLO,,,2032,,,,,,9.654449189143522e-05
SpecifiedAnnualDemand,NDCCON,ECU,,E5AGREXPFLO,,,2033,,,,,,0.00010120620353469521
SpecifiedAnnualDemand,NDCCON,ECU,,E5AGREXPFLO,,,2034,,,,,,0.00010586791517795522
SpecifiedAnnualDemand,NDCCON,ECU,,E5AGREXPFLO,,,2035,,,,,,0.00011052962682121522
SpecifiedAnnualDemand,NDCCON,ECU,,E5GANEXPBOV,,,2010,,,,,,0.0
SpecifiedAnnualDemand,NDCCON,ECU,,E5GANEXPBOV,,,2011,,,,,,0.0
SpecifiedAnnualDemand,NDCCON,ECU,,E5GANEXPBOV,,,2012,,,,,,0.0
SpecifiedAnnualDemand,NDCCON,ECU,,E5GANEXPBOV,,,2013,,,,,,0.0
SpecifiedAnnualDemand,NDCCON,ECU,,E5GANEXPBOV,,,2014,,,,,,1.6520000000000002e-06
SpecifiedAnnualDemand,NDCCON,ECU,,E5GANEXPBOV,,,2015,,,,,,5.05e-07
SpecifiedAnnualDemand,NDCCON,ECU,,E5GANEXPBOV,,,2016,,,,,,0.0
SpecifiedAnnualDemand,NDCCON,ECU,,E5GANEXPBOV,,,2017,,,,,,2.6e-07
SpecifiedAnnualDemand,NDCCON,ECU,,E5GANEXPBOV,,,2018,,,,,,5e-07
SpecifiedAnnualDemand,NDCCON,ECU,,E5GANEXPBOV,,,2019,,,,,,0.0
SpecifiedAnnualDemand,NDCCON,ECU,,E5GANEXPBOV,,,2020,,,,,,3e-09
SpecifiedAnnualDemand,NDCCON,ECU,,E5GANEXPBOV,,,2021,,,,,,0.0
SpecifiedAnnualDemand,NDCCON,ECU,,E5GANEXPBOV,,,2022,,,,,,0.0
SpecifiedAnnualDemand,NDCCON,ECU,,E5GANEXPBOV,,,2023,,,,,,0.0
SpecifiedAnnualDemand,NDCCON,ECU,,E5GANEXPBOV,,,2024,,,,,,0.0
SpecifiedAnnualDemand,NDCCON,ECU,,E5GANEXPBOV,,,2025,,,,,,0.0
SpecifiedAnnualDemand,NDCCON,ECU,,E5GANEXPBOV,,,2026,,,,,,0.0
SpecifiedAnnualDemand,NDCCON,ECU,,E5GANEXPBOV,,,2027,,,,,,0.0
SpecifiedAnnualDemand,NDCCON,ECU,,E5GANEXPBOV,,,2028,,,,,,0.0
SpecifiedAnnualDemand,NDCCON,ECU,,E5GANEXPBOV,,,2029,,,,,,0.0
SpecifiedAnnualDemand,NDCCON,ECU,,E5GANEXPBOV,,,2030,,,,,,0.0
SpecifiedAnnualDemand,NDCCON,ECU,,E5GANEXPBOV,,,2031,,,,,,0.0
SpecifiedAnnualDemand,NDCCON,ECU,,E5GANEXPBOV,,,2032,,,,,,0.0
SpecifiedAnnualDemand,NDCCON,ECU,,E5GANEXPBOV,,,2033,,,,,,0.0
SpecifiedAnnualDemand,NDCCON,ECU,,E5GANEXPBOV,,,2034,,,,,,0.0
SpecifiedAnnualDemand,NDCCON,ECU,,E5GANEXPBOV,,,2035,,,,,,0.0
SpecifiedAnnualDemand,NDCCON,ECU,,E5GANEXPBOVLEC,,,2010,,,,,,0.010313996
SpecifiedAnnualDemand,NDCCON,ECU,,E5GANEXPBOVLEC,,,2011,,,,,,0.019429969999999994
SpecifiedAnnualDemand,NDCCON,ECU,,E5GANEXPBOVLEC,,,2012,,,,,,0.019693513
SpecifiedAnnualDemand,NDCCON,ECU,,E5GANEXPBOVLEC,,,2013,,,,,,0.005047510999999999
SpecifiedAnnualDemand,NDCCON,ECU,,E5GANEXPBOVLEC,,,2014,,,,,,0.008285568
SpecifiedAnnualDemand,NDCCON,ECU,,E5GANEXPBOVLEC,,,2015,,,,,,0.0031212689999999994
SpecifiedAnnualDemand,NDCCON,ECU,,E5GANEXPBOVLEC,,,2016,,,,,,0.00026787599999999995
SpecifiedAnnualDemand,NDCCON,ECU,,E5GANEXPBOVLEC,,,2017,,,,,,5.398321e-05
SpecifiedAnnualDemand,NDCCON,ECU,,E5GANEXPBOVLEC,,,2018,,,,,,8e-10
SpecifiedAnnualDemand,NDCCON,ECU,,E5GANEXPBOVLEC,,,2019,,,,,,2.664803e-05
SpecifiedAnnualDemand,NDCCON,ECU,,E5GANEXPBOVLEC,,,2020,,,,,,3e-08
SpecifiedAnnualDemand,NDCCON,ECU,,E5GANEXPBOVLEC,,,2021,,,,,,0.0005373601
SpecifiedAnnualDemand,NDCCON,ECU,,E5GANEXPBOVLEC,,,2022,,,,,,0.0002678766969976318
SpecifiedAnnualDemand,NDCCON,ECU,,E5GANEXPBOVLEC,,,2023,,,,,,0.00016390823144710998
SpecifiedAnnualDemand,NDCCON,ECU,,E5GANEXPBOVLEC,,,2024,,,,,,0.00010039100693319076
SpecifiedAnnualDemand,NDCCON,ECU,,E5GANEXPBOVLEC,,,2025,,,,,,5.9760462103891296e-05
SpecifiedAnnualDemand,NDCCON,ECU,,E5GANEXPBOVLEC,,,2026,,,,,,3.411165838342762e-05
SpecifiedAnnualDemand,NDCCON,ECU,,E5GANEXPBOVLEC,,,2027,,,,,,1.98218419098381e-05
SpecifiedAnnualDemand,NDCCON,ECU,,E5GANEXPBOVLEC,,,2028,,,,,,1.1885579566359984e-05
SpecifiedAnnualDemand,NDCCON,ECU,,E5GANEXPBOVLEC,,,2029,,,,,,7.018558761647418e-06
SpecifiedAnnualDemand,NDCCON,ECU,,E5GANEXPBOVLEC,,,2030,,,,,,4.132794721057469e-06
SpecifiedAnnualDemand,NDCCON,ECU,,E5GANEXPBOVLEC,,,2031,,,,,,2.4427598123572697e-06
SpecifiedAnnualDemand,NDCCON,ECU,,E5GANEXPBOVLEC,,,2032,,,,,,1.445278830517094e-06
SpecifiedAnnualDemand,NDCCON,ECU,,E5GANEXPBOVLEC,,,2033,,,,,,8.658759657045553e-07
SpecifiedAnnualDemand,NDCCON,ECU,,E5GANEXPBOVLEC,,,2034,,,,,,5.133369552664593e-07
SpecifiedAnnualDemand,NDCCON,ECU,,E5GANEXPBOVLEC,,,2035,,,,,,3.047569008301398e-07
SpecifiedAnnualDemand,NDCCON,ECU,,E5GANEXPBUF,,,2010,,,,,,0.0
SpecifiedAnnualDemand,NDCCON,ECU,,E5GANEXPBUF,,,2011,,,,,,0.0
SpecifiedAnnualDemand,NDCCON,ECU,,E5GANEXPBUF,,,2012,,,,,,0.0
SpecifiedAnnualDemand,NDCCON,ECU,,E5GANEXPBUF,,,2013,,,,,,0.0
SpecifiedAnnualDemand,NDCCON,ECU,,E5GANEXPBUF,,,2014,,,,,,0.0
SpecifiedAnnualDemand,NDCCON,ECU,,E5GANEXPBUF,,,2015,,,,,,0.0
SpecifiedAnnualDemand,NDCCON,ECU,,E5GANEXPBUF,,,2016,,,,,,0.0
SpecifiedAnnualDemand,NDCCON,ECU,,E5GANEXPBUF,,,2017,,,,,,0.0
SpecifiedAnnualDemand,NDCCON,ECU,,E5GANEXPBUF,,,2018,,,,,,0.0
SpecifiedAnnualDemand,NDCCON,ECU,,E5GANEXPBUF,,,2019,,,,,,0.0
SpecifiedAnnualDemand,NDCCON,ECU,,E5GANEXPBUF,,,2020,,,,,,0.0
SpecifiedAnnualDemand,NDCCON,ECU,,E5GANEXPBUF,,,2021,,,,,,0.0
SpecifiedAnnualDemand,NDCCON,ECU,,E5GANEXPBUF,,,2022,,,,,,0.0
SpecifiedAnnualDemand,NDCCON,ECU,,E5GANEXPBUF,,,2023,,,,,,0.0
SpecifiedAnnualDemand,NDCCON,ECU,,E5GANEXPBUF,,,2024,,,,,,0.0
SpecifiedAnnualDemand,NDCCON,ECU,,E5GANEXPBUF,,,2025,,,,,,0.0
SpecifiedAnnualDemand,NDCCON,ECU,,E5GANEXPBUF,,,2026,,,,,,0.0
SpecifiedAnnualDemand,NDCCON,ECU,,E5GANEXPBUF,,,2027,,,,,,0.0
SpecifiedAnnualDemand,NDCCON,ECU,,E5GANEXPBUF,,,2028,,,,,,0.0
SpecifiedAnnualDemand,NDCCON,ECU,,E5GANEXPBUF,,,2029,,,,,,0.0
SpecifiedAnnualDemand,NDCCON,ECU,,E5GANEXPBUF,,,2030,,,,,,0.0
SpecifiedAnnualDemand,NDCCON,ECU,,E5GANEXPBUF,,,2031,,,,,,0.0
SpecifiedAnnualDemand,NDCCON,ECU,,E5GANEXPBUF,,,2032,,,,,,0.0
SpecifiedAnnualDemand,NDCCON,ECU,,E5GANEXPBUF,,,2033,,,,,,0.0
SpecifiedAnnualDemand,NDCCON,ECU,,E5GANEXPBUF,,,2034,,,,,,0.0
SpecifiedAnnualDemand,NDCCON,ECU,,E5GANEXPBUF,,,2035,,,,,,0.0
SpecifiedAnnualDemand,NDCCON,ECU,,E5GANEXPOVE,,,2010,,,,,,0.0
SpecifiedAnnualDemand,NDCCON,ECU,,E5GANEXPOVE,,,2011,,,,,,0.0
SpecifiedAnnualDemand,NDCCON,ECU,,E5GANEXPOVE,,,2012,,,,,,0.0
SpecifiedAnnualDemand,NDCCON,ECU,,E5GANEXPOVE,,,2013,,,,,,0.0
SpecifiedAnnualDemand,NDCCON,ECU,,E5GANEXPOVE,,,2014,,,,,,0.0
SpecifiedAnnualDemand,NDCCON,ECU,,E5GANEXPOVE,,,2015,,,,,,0.0
SpecifiedAnnualDemand,NDCCON,ECU,,E5GANEXPOVE,,,2016,,,,,,0.0
SpecifiedAnnualDemand,NDCCON,ECU,,E5GANEXPOVE,,,2017,,,,,,0.0
SpecifiedAnnualDemand,NDCCON,ECU,,E5GANEXPOVE,,,2018,,,,,,0.0
SpecifiedAnnualDemand,NDCCON,ECU,,E5GANEXPOVE,,,2019,,,,,,0.0
SpecifiedAnnualDemand,NDCCON,ECU,,E5GANEXPOVE,,,2020,,,,,,0.0
SpecifiedAnnualDemand,NDCCON,ECU,,E5GANEXPOVE,,,2021,,,,,,0.0
SpecifiedAnnualDemand,NDCCON,ECU,,E5GANEXPOVE,,,2022,,,,,,0.0
SpecifiedAnnualDemand,NDCCON,ECU,,E5GANEXPOVE,,,2023,,,,,,0.0
SpecifiedAnnualDemand,NDCCON,ECU,,E5GANEXPOVE,,,2024,,,,,,0.0
SpecifiedAnnualDemand,NDCCON,ECU,,E5GANEXPOVE,,,2025,,,,,,0.0
SpecifiedAnnualDemand,NDCCON,ECU,,E5GANEXPOVE,,,2026,,,,,,0.0
SpecifiedAnnualDemand,NDCCON,ECU,,E5GANEXPOVE,,,2027,,,,,,0.0
SpecifiedAnnualDemand,NDCCON,ECU,,E5GANEXPOVE,,,2028,,,,,,0.0
SpecifiedAnnualDemand,NDCCON,ECU,,E5GANEXPOVE,,,2029,,,,,,0.0
SpecifiedAnnualDemand,NDCCON,ECU,,E5GANEXPOVE,,,2030,,,,,,0.0
SpecifiedAnnualDemand,NDCCON,ECU,,E5GANEXPOVE,,,2031,,,,,,0.0
SpecifiedAnnualDemand,NDCCON,ECU,,E5GANEXPOVE,,,2032,,,,,,0.0
SpecifiedAnnualDemand,NDCCON,ECU,,E5GANEXPOVE,,,2033,,,,,,0.0
SpecifiedAnnualDemand,NDCCON,ECU,,E5GANEXPOVE,,,2034,,,,,,0.0
SpecifiedAnnualDemand,NDCCON,ECU,,E5GANEXPOVE,,,2035,,,,,,0.0
SpecifiedAnnualDemand,NDCCON,ECU,,E5GANEXPCBR,,,2010,,,,,,0.0
SpecifiedAnnualDemand,NDCCON,ECU,,E5GANEXPCBR,,,2011,,,,,,0.0
SpecifiedAnnualDemand,NDCCON,ECU,,E5GANEXPCBR,,,2012,,,,,,0.0
SpecifiedAnnualDemand,NDCCON,ECU,,E5GANEXPCBR,,,2013,,,,,,0.0
SpecifiedAnnualDemand,NDCCON,ECU,,E5GANEXPCBR,,,2014,,,,,,0.0
SpecifiedAnnualDemand,NDCCON,ECU,,E5GANEXPCBR,,,2015,,,,,,0.0
SpecifiedAnnualDemand,NDCCON,ECU,,E5GANEXPCBR,,,2016,,,,,,0.0
SpecifiedAnnualDemand,NDCCON,ECU,,E5GANEXPCBR,,,2017,,,,,,0.0
SpecifiedAnnualDemand,NDCCON,ECU,,E5GANEXPCBR,,,2018,,,,,,0.0
SpecifiedAnnualDemand,NDCCON,ECU,,E5GANEXPCBR,,,2019,,,,,,0.0
SpecifiedAnnualDemand,NDCCON,ECU,,E5GANEXPCBR,,,2020,,,,,,0.0
SpecifiedAnnualDemand,NDCCON,ECU,,E5GANEXPCBR,,,2021,,,,,,0.0
SpecifiedAnnualDemand,NDCCON,ECU,,E5GANEXPCBR,,,2022,,,,,,0.0
SpecifiedAnnualDemand,NDCCON,ECU,,E5GANEXPCBR,,,2023,,,,,,0.0
SpecifiedAnnualDemand,NDCCON,ECU,,E5GANEXPCBR,,,2024,,,,,,0.0
SpecifiedAnnualDemand,NDCCON,ECU,,E5GANEXPCBR,,,2025,,,,,,0.0
SpecifiedAnnualDemand,NDCCON,ECU,,E5GANEXPCBR,,,2026,,,,,,0.0
SpecifiedAnnualDemand,NDCCON,ECU,,E5GANEXPCBR,,,2027,,,,,,0.0
SpecifiedAnnualDemand,NDCCON,ECU,,E5GANEXPCBR,,,2028,,,,,,0.0
SpecifiedAnnualDemand,NDCCON,ECU,,E5GANEXPCBR,,,2029,,,,,,0.0
SpecifiedAnnualDemand,NDCCON,ECU,,E5GANEXPCBR,,,2030,,,,,,0.0
SpecifiedAnnualDemand,NDCCON,ECU,,E5GANEXPCBR,,,2031,,,,,,0.0
SpecifiedAnnualDemand,NDCCON,ECU,,E5GANEXPCBR,,,2032,,,,,,0.0
SpecifiedAnnualDemand,NDCCON,ECU,,E5GANEXPCBR,,,2033,,,,,,0.0
SpecifiedAnnualDemand,NDCCON,ECU,,E5GANEXPCBR,,,2034,,,,,,0.0
SpecifiedAnnualDemand,NDCCON,ECU,,E5GANEXPCBR,,,2035,,,,,,0.0
SpecifiedAnnualDemand,NDCCON,ECU,,E5GANEXPCAM,,,2010,,,,,,0.0
SpecifiedAnnualDemand,NDCCON,ECU,,E5GANEXPCAM,,,2011,,,,,,0.0
SpecifiedAnnualDemand,NDCCON,ECU,,E5GANEXPCAM,,,2012,,,,,,0.0
SpecifiedAnnualDemand,NDCCON,ECU,,E5GANEXPCAM,,,2013,,,,,,0.0
SpecifiedAnnualDemand,NDCCON,ECU,,E5GANEXPCAM,,,2014,,,,,,0.0
SpecifiedAnnualDemand,NDCCON,ECU,,E5GANEXPCAM,,,2015,,,,,,0.0
SpecifiedAnnualDemand,NDCCON,ECU,,E5GANEXPCAM,,,2016,,,,,,0.0
SpecifiedAnnualDemand,NDCCON,ECU,,E5GANEXPCAM,,,2017,,,,,,0.0
SpecifiedAnnualDemand,NDCCON,ECU,,E5GANEXPCAM,,,2018,,,,,,0.0
SpecifiedAnnualDemand,NDCCON,ECU,,E5GANEXPCAM,,,2019,,,,,,0.0
SpecifiedAnnualDemand,NDCCON,ECU,,E5GANEXPCAM,,,2020,,,,,,0.0
SpecifiedAnnualDemand,NDCCON,ECU,,E5GANEXPCAM,,,2021,,,,,,0.0
SpecifiedAnnualDemand,NDCCON,ECU,,E5GANEXPCAM,,,2022,,,,,,0.0
SpecifiedAnnualDemand,NDCCON,ECU,,E5GANEXPCAM,,,2023,,,,,,0.0
SpecifiedAnnualDemand,NDCCON,ECU,,E5GANEXPCAM,,,2024,,,,,,0.0
SpecifiedAnnualDemand,NDCCON,ECU,,E5GANEXPCAM,,,2025,,,,,,0.0
SpecifiedAnnualDemand,NDCCON,ECU,,E5GANEXPCAM,,,2026,,,,,,0.0
SpecifiedAnnualDemand,NDCCON,ECU,,E5GANEXPCAM,,,2027,,,,,,0.0
SpecifiedAnnualDemand,NDCCON,ECU,,E5GANEXPCAM,,,2028,,,,,,0.0
SpecifiedAnnualDemand,NDCCON,ECU,,E5GANEXPCAM,,,2029,,,,,,0.0
SpecifiedAnnualDemand,NDCCON,ECU,,E5GANEXPCAM,,,2030,,,,,,0.0
SpecifiedAnnualDemand,NDCCON,ECU,,E5GANEXPCAM,,,2031,,,,,,0.0
SpecifiedAnnualDemand,NDCCON,ECU,,E5GANEXPCAM,,,2032,,,,,,0.0
SpecifiedAnnualDemand,NDCCON,ECU,,E5GANEXPCAM,,,2033,,,,,,0.0
SpecifiedAnnualDemand,NDCCON,ECU,,E5GANEXPCAM,,,2034,,,,,,0.0
SpecifiedAnnualDemand,NDCCON,ECU,,E5GANEXPCAM,,,2035,,,,,,0.0
SpecifiedAnnualDemand,NDCCON,ECU,,E5GANEXPCAB,,,2010,,,,,,0.0
SpecifiedAnnualDemand,NDCCON,ECU,,E5GANEXPCAB,,,2011,,,,,,0.0
SpecifiedAnnualDemand,NDCCON,ECU,,E5GANEXPCAB,,,2012,,,,,,0.0
SpecifiedAnnualDemand,NDCCON,ECU,,E5GANEXPCAB,,,2013,,,,,,0.0
SpecifiedAnnualDemand,NDCCON,ECU,,E5GANEXPCAB,,,2014,,,,,,0.0
SpecifiedAnnualDemand,NDCCON,ECU,,E5GANEXPCAB,,,2015,,,,,,0.0
SpecifiedAnnualDemand,NDCCON,ECU,,E5GANEXPCAB,,,2016,,,,,,0.0
SpecifiedAnnualDemand,NDCCON,ECU,,E5GANEXPCAB,,,2017,,,,,,0.0
SpecifiedAnnualDemand,NDCCON,ECU,,E5GANEXPCAB,,,2018,,,,,,0.0
SpecifiedAnnualDemand,NDCCON,ECU,,E5GANEXPCAB,,,2019,,,,,,0.0
SpecifiedAnnualDemand,NDCCON,ECU,,E5GANEXPCAB,,,2020,,,,,,0.0
SpecifiedAnnualDemand,NDCCON,ECU,,E5GANEXPCAB,,,2021,,,,,,0.0
SpecifiedAnnualDemand,NDCCON,ECU,,E5GANEXPCAB,,,2022,,,,,,0.0
SpecifiedAnnualDemand,NDCCON,ECU,,E5GANEXPCAB,,,2023,,,,,,0.0
SpecifiedAnnualDemand,NDCCON,ECU,,E5GANEXPCAB,,,2024,,,,,,0.0
SpecifiedAnnualDemand,NDCCON,ECU,,E5GANEXPCAB,,,2025,,,,,,0.0
SpecifiedAnnualDemand,NDCCON,ECU,,E5GANEXPCAB,,,2026,,,,,,0.0
SpecifiedAnnualDemand,NDCCON,ECU,,E5GANEXPCAB,,,2027,,,,,,0.0
SpecifiedAnnualDemand,NDCCON,ECU,,E5GANEXPCAB,,,2028,,,,,,0.0
SpecifiedAnnualDemand,NDCCON,ECU,,E5GANEXPCAB,,,2029,,,,,,0.0
SpecifiedAnnualDemand,NDCCON,ECU,,E5GANEXPCAB,,,2030,,,,,,0.0
SpecifiedAnnualDemand,NDCCON,ECU,,E5GANEXPCAB,,,2031,,,,,,0.0
SpecifiedAnnualDemand,NDCCON,ECU,,E5GANEXPCAB,,,2032,,,,,,0.0
SpecifiedAnnualDemand,NDCCON,ECU,,E5GANEXPCAB,,,2033,,,,,,0.0
SpecifiedAnnualDemand,NDCCON,ECU,,E5GANEXPCAB,,,2034,,,,,,0.0
SpecifiedAnnualDemand,NDCCON,ECU,,E5GANEXPCAB,,,2035,,,,,,0.0
SpecifiedAnnualDemand,NDCCON,ECU,,E5GANEXPMUL,,,2010,,,,,,0.0
SpecifiedAnnualDemand,NDCCON,ECU,,E5GANEXPMUL,,,2011,,,,,,0.0
SpecifiedAnnualDemand,NDCCON,ECU,,E5GANEXPMUL,,,2012,,,,,,0.0
SpecifiedAnnualDemand,NDCCON,ECU,,E5GANEXPMUL,,,2013,,,,,,0.0
SpecifiedAnnualDemand,NDCCON,ECU,,E5GANEXPMUL,,,2014,,,,,,0.0
SpecifiedAnnualDemand,NDCCON,ECU,,E5GANEXPMUL,,,2015,,,,,,0.0
SpecifiedAnnualDemand,NDCCON,ECU,,E5GANEXPMUL,,,2016,,,,,,0.0
SpecifiedAnnualDemand,NDCCON,ECU,,E5GANEXPMUL,,,2017,,,,,,0.0
SpecifiedAnnualDemand,NDCCON,ECU,,E5GANEXPMUL,,,2018,,,,,,0.0
SpecifiedAnnualDemand,NDCCON,ECU,,E5GANEXPMUL,,,2019,,,,,,0.0
SpecifiedAnnualDemand,NDCCON,ECU,,E5GANEXPMUL,,,2020,,,,,,0.0
SpecifiedAnnualDemand,NDCCON,ECU,,E5GANEXPMUL,,,2021,,,,,,0.0
SpecifiedAnnualDemand,NDCCON,ECU,,E5GANEXPMUL,,,2022,,,,,,0.0
SpecifiedAnnualDemand,NDCCON,ECU,,E5GANEXPMUL,,,2023,,,,,,0.0
SpecifiedAnnualDemand,NDCCON,ECU,,E5GANEXPMUL,,,2024,,,,,,0.0
SpecifiedAnnualDemand,NDCCON,ECU,,E5GANEXPMUL,,,2025,,,,,,0.0
SpecifiedAnnualDemand,NDCCON,ECU,,E5GANEXPMUL,,,2026,,,,,,0.0
SpecifiedAnnualDemand,NDCCON,ECU,,E5GANEXPMUL,,,2027,,,,,,0.0
SpecifiedAnnualDemand,NDCCON,ECU,,E5GANEXPMUL,,,2028,,,,,,0.0
SpecifiedAnnualDemand,NDCCON,ECU,,E5GANEXPMUL,,,2029,,,,,,0.0
SpecifiedAnnualDemand,NDCCON,ECU,,E5GANEXPMUL,,,2030,,,,,,0.0
SpecifiedAnnualDemand,NDCCON,ECU,,E5GANEXPMUL,,,2031,,,,,,0.0
SpecifiedAnnualDemand,NDCCON,ECU,,E5GANEXPMUL,,,2032,,,,,,0.0
SpecifiedAnnualDemand,NDCCON,ECU,,E5GANEXPMUL,,,2033,,,,,,0.0
SpecifiedAnnualDemand,NDCCON,ECU,,E5GANEXPMUL,,,2034,,,,,,0.0
SpecifiedAnnualDemand,NDCCON,ECU,,E5GANEXPMUL,,,2035,,,,,,0.0
SpecifiedAnnualDemand,NDCCON,ECU,,E5GANEXPCER,,,2010,,,,,,0.0
SpecifiedAnnualDemand,NDCCON,ECU,,E5GANEXPCER,,,2011,,,,,,0.0
SpecifiedAnnualDemand,NDCCON,ECU,,E5GANEXPCER,,,2012,,,,,,0.0
SpecifiedAnnualDemand,NDCCON,ECU,,E5GANEXPCER,,,2013,,,,,,0.0
SpecifiedAnnualDemand,NDCCON,ECU,,E5GANEXPCER,,,2014,,,,,,0.0
SpecifiedAnnualDemand,NDCCON,ECU,,E5GANEXPCER,,,2015,,,,,,0.0
SpecifiedAnnualDemand,NDCCON,ECU,,E5GANEXPCER,,,2016,,,,,,0.0
SpecifiedAnnualDemand,NDCCON,ECU,,E5GANEXPCER,,,2017,,,,,,0.0
SpecifiedAnnualDemand,NDCCON,ECU,,E5GANEXPCER,,,2018,,,,,,0.0
SpecifiedAnnualDemand,NDCCON,ECU,,E5GANEXPCER,,,2019,,,,,,0.0
SpecifiedAnnualDemand,NDCCON,ECU,,E5GANEXPCER,,,2020,,,,,,0.0
SpecifiedAnnualDemand,NDCCON,ECU,,E5GANEXPCER,,,2021,,,,,,0.0
SpecifiedAnnualDemand,NDCCON,ECU,,E5GANEXPCER,,,2022,,,,,,0.0
SpecifiedAnnualDemand,NDCCON,ECU,,E5GANEXPCER,,,2023,,,,,,0.0
SpecifiedAnnualDemand,NDCCON,ECU,,E5GANEXPCER,,,2024,,,,,,0.0
SpecifiedAnnualDemand,NDCCON,ECU,,E5GANEXPCER,,,2025,,,,,,0.0
SpecifiedAnnualDemand,NDCCON,ECU,,E5GANEXPCER,,,2026,,,,,,0.0
SpecifiedAnnualDemand,NDCCON,ECU,,E5GANEXPCER,,,2027,,,,,,0.0
SpecifiedAnnualDemand,NDCCON,ECU,,E5GANEXPCER,,,2028,,,,,,0.0
SpecifiedAnnualDemand,NDCCON,ECU,,E5GANEXPCER,,,2029,,,,,,0.0
SpecifiedAnnualDemand,NDCCON,ECU,,E5GANEXPCER,,,2030,,,,,,0.0
SpecifiedAnnualDemand,NDCCON,ECU,,E5GANEXPCER,,,2031,,,,,,0.0
SpecifiedAnnualDemand,NDCCON,ECU,,E5GANEXPCER,,,2032,,,,,,0.0
SpecifiedAnnualDemand,NDCCON,ECU,,E5GANEXPCER,,,2033,,,,,,0.0
SpecifiedAnnualDemand,NDCCON,ECU,,E5GANEXPCER,,,2034,,,,,,0.0
SpecifiedAnnualDemand,NDCCON,ECU,,E5GANEXPCER,,,2035,,,,,,0.0
SpecifiedAnnualDemand,NDCCON,ECU,,E5GANEXPAVE,,,2010,,,,,,0.0
SpecifiedAnnualDemand,NDCCON,ECU,,E5GANEXPAVE,,,2011,,,,,,0.0
SpecifiedAnnualDemand,NDCCON,ECU,,E5GANEXPAVE,,,2012,,,,,,0.0
SpecifiedAnnualDemand,NDCCON,ECU,,E5GANEXPAVE,,,2013,,,,,,0.0
SpecifiedAnnualDemand,NDCCON,ECU,,E5GANEXPAVE,,,2014,,,,,,0.0
SpecifiedAnnualDemand,NDCCON,ECU,,E5GANEXPAVE,,,2015,,,,,,0.0
SpecifiedAnnualDemand,NDCCON,ECU,,E5GANEXPAVE,,,2016,,,,,,0.0
SpecifiedAnnualDemand,NDCCON,ECU,,E5GANEXPAVE,,,2017,,,,,,0.0
SpecifiedAnnualDemand,NDCCON,ECU,,E5GANEXPAVE,,,2018,,,,,,0.0
SpecifiedAnnualDemand,NDCCON,ECU,,E5GANEXPAVE,,,2019,,,,,,0.0
SpecifiedAnnualDemand,NDCCON,ECU,,E5GANEXPAVE,,,2020,,,,,,0.0
SpecifiedAnnualDemand,NDCCON,ECU,,E5GANEXPAVE,,,2021,,,,,,0.0
SpecifiedAnnualDemand,NDCCON,ECU,,E5GANEXPAVE,,,2022,,,,,,0.0
SpecifiedAnnualDemand,NDCCON,ECU,,E5GANEXPAVE,,,2023,,,,,,0.0
SpecifiedAnnualDemand,NDCCON,ECU,,E5GANEXPAVE,,,2024,,,,,,0.0
SpecifiedAnnualDemand,NDCCON,ECU,,E5GANEXPAVE,,,2025,,,,,,0.0
SpecifiedAnnualDemand,NDCCON,ECU,,E5GANEXPAVE,,,2026,,,,,,0.0
SpecifiedAnnualDemand,NDCCON,ECU,,E5GANEXPAVE,,,2027,,,,,,0.0
SpecifiedAnnualDemand,NDCCON,ECU,,E5GANEXPAVE,,,2028,,,,,,0.0
SpecifiedAnnualDemand,NDCCON,ECU,,E5GANEXPAVE,,,2029,,,,,,0.0
SpecifiedAnnualDemand,NDCCON,ECU,,E5GANEXPAVE,,,2030,,,,,,0.0
SpecifiedAnnualDemand,NDCCON,ECU,,E5GANEXPAVE,,,2031,,,,,,0.0
SpecifiedAnnualDemand,NDCCON,ECU,,E5GANEXPAVE,,,2032,,,,,,0.0
SpecifiedAnnualDemand,NDCCON,ECU,,E5GANEXPAVE,,,2033,,,,,,0.0
SpecifiedAnnualDemand,NDCCON,ECU,,E5GANEXPAVE,,,2034,,,,,,0.0
SpecifiedAnnualDemand,NDCCON,ECU,,E5GANEXPAVE,,,2035,,,,,,0.0
SpecifiedAnnualDemand,NDCCON,ECU,,E6TDFREHEA,,,2010,,,,,,0.0
SpecifiedAnnualDemand,NDCCON,ECU,,E6TDFREHEA,,,2011,,,,,,0.0
SpecifiedAnnualDemand,NDCCON,ECU,,E6TDFREHEA,,,2012,,,,,,0.0
SpecifiedAnnualDemand,NDCCON,ECU,,E6TDFREHEA,,,2013,,,,,,0.0
SpecifiedAnnualDemand,NDCCON,ECU,,E6TDFREHEA,,,2014,,,,,,0.0
SpecifiedAnnualDemand,NDCCON,ECU,,E6TDFREHEA,,,2015,,,,,,0.0
SpecifiedAnnualDemand,NDCCON,ECU,,E6TDFREHEA,,,2016,,,,,,0.0
SpecifiedAnnualDemand,NDCCON,ECU,,E6TDFREHEA,,,2017,,,,,,0.0
SpecifiedAnnualDemand,NDCCON,ECU,,E6TDFREHEA,,,2018,,,,,,0.0
SpecifiedAnnualDemand,NDCCON,ECU,,E6TDFREHEA,,,2019,,,,,,0.0
SpecifiedAnnualDemand,NDCCON,ECU,,E6TDFREHEA,,,2020,,,,,,0.0
SpecifiedAnnualDemand,NDCCON,ECU,,E6TDFREHEA,,,2021,,,,,,0.0
SpecifiedAnnualDemand,NDCCON,ECU,,E6TDFREHEA,,,2022,,,,,,0.0
SpecifiedAnnualDemand,NDCCON,ECU,,E6TDFREHEA,,,2023,,,,,,0.0
SpecifiedAnnualDemand,NDCCON,ECU,,E6TDFREHEA,,,2024,,,,,,0.0
SpecifiedAnnualDemand,NDCCON,ECU,,E6TDFREHEA,,,2025,,,,,,0.0
SpecifiedAnnualDemand,NDCCON,ECU,,E6TDFREHEA,,,2026,,,,,,0.0
SpecifiedAnnualDemand,NDCCON,ECU,,E6TDFREHEA,,,2027,,,,,,0.0
SpecifiedAnnualDemand,NDCCON,ECU,,E6TDFREHEA,,,2028,,,,,,0.0
SpecifiedAnnualDemand,NDCCON,ECU,,E6TDFREHEA,,,2029,,,,,,0.0
SpecifiedAnnualDemand,NDCCON,ECU,,E6TDFREHEA,,,2030,,,,,,0.0
SpecifiedAnnualDemand,NDCCON,ECU,,E6TDFREHEA,,,2031,,,,,,0.0
SpecifiedAnnualDemand,NDCCON,ECU,,E6TDFREHEA,,,2032,,,,,,0.0
SpecifiedAnnualDemand,NDCCON,ECU,,E6TDFREHEA,,,2033,,,,,,0.0
SpecifiedAnnualDemand,NDCCON,ECU,,E6TDFREHEA,,,2034,,,,,,0.0
SpecifiedAnnualDemand,NDCCON,ECU,,E6TDFREHEA,,,2035,,,,,,0.0
SpecifiedAnnualDemand,NDCCON,ECU,,E6TRNOMOT,,,2010,,,,,,0.0
SpecifiedAnnualDemand,NDCCON,ECU,,E6TRNOMOT,,,2011,,,,,,0.0
SpecifiedAnnualDemand,NDCCON,ECU,,E6TRNOMOT,,,2012,,,,,,0.0
SpecifiedAnnualDemand,NDCCON,ECU,,E6TRNOMOT,,,2013,,,,,,0.0
SpecifiedAnnualDemand,NDCCON,ECU,,E6TRNOMOT,,,2014,,,,,,0.0
SpecifiedAnnualDemand,NDCCON,ECU,,E6TRNOMOT,,,2015,,,,,,0.0
SpecifiedAnnualDemand,NDCCON,ECU,,E6TRNOMOT,,,2016,,,,,,0.0
SpecifiedAnnualDemand,NDCCON,ECU,,E6TRNOMOT,,,2017,,,,,,0.0
SpecifiedAnnualDemand,NDCCON,ECU,,E6TRNOMOT,,,2018,,,,,,0.0
SpecifiedAnnualDemand,NDCCON,ECU,,E6TRNOMOT,,,2019,,,,,,0.0
SpecifiedAnnualDemand,NDCCON,ECU,,E6TRNOMOT,,,2020,,,,,,0.0
SpecifiedAnnualDemand,NDCCON,ECU,,E6TRNOMOT,,,2021,,,,,,0.0
SpecifiedAnnualDemand,NDCCON,ECU,,E6TRNOMOT,,,2022,,,,,,0.0
SpecifiedAnnualDemand,NDCCON,ECU,,E6TRNOMOT,,,2023,,,,,,0.0
SpecifiedAnnualDemand,NDCCON,ECU,,E6TRNOMOT,,,2024,,,,,,0.0
SpecifiedAnnualDemand,NDCCON,ECU,,E6TRNOMOT,,,2025,,,,,,0.0
SpecifiedAnnualDemand,NDCCON,ECU,,E6TRNOMOT,,,2026,,,,,,0.0
SpecifiedAnnualDemand,NDCCON,ECU,,E6TRNOMOT,,,2027,,,,,,0.0
SpecifiedAnnualDemand,NDCCON,ECU,,E6TRNOMOT,,,2028,,,,,,0.0
SpecifiedAnnualDemand,NDCCON,ECU,,E6TRNOMOT,,,2029,,,,,,0.0
SpecifiedAnnualDemand,NDCCON,ECU,,E6TRNOMOT,,,2030,,,,,,0.0
SpecifiedAnnualDemand,NDCCON,ECU,,E6TRNOMOT,,,2031,,,,,,0.0
SpecifiedAnnualDemand,NDCCON,ECU,,E6TRNOMOT,,,2032,,,,,,0.0
SpecifiedAnnualDemand,NDCCON,ECU,,E6TRNOMOT,,,2033,,,,,,0.0
SpecifiedAnnualDemand,NDCCON,ECU,,E6TRNOMOT,,,2034,,,,,,0.0
SpecifiedAnnualDemand,NDCCON,ECU,,E6TRNOMOT,,,2035,,,,,,0.0
