PARAMETER,Scenario,REGION,TECHNOLOGY,FUEL,EMISSION,MODE_OF_OPERATION,YEAR,TIMESLICE,SEASON,DAYTYPE,DAILYTIMEBRACKET,STORAGE,Value
EmissionActivityRatio,BAU,GUA,INORG_RCY_OS,,CO2e_WASTE,1,2018,,,,,,0.0
EmissionActivityRatio,BAU,GUA,INORG_RCY_OS,,CO2e_WASTE,1,2019,,,,,,0.0
EmissionActivityRatio,BAU,GUA,INORG_RCY_OS,,CO2e_WASTE,1,2020,,,,,,0.0
EmissionActivityRatio,BAU,GUA,INORG_RCY_OS,,CO2e_WASTE,1,2021,,,,,,0.0
EmissionActivityRatio,BAU,GUA,INORG_RCY_OS,,CO2e_WASTE,1,2022,,,,,,0.0
EmissionActivityRatio,BAU,GUA,INORG_RCY_OS,,CO2e_WASTE,1,2023,,,,,,0.0
EmissionActivityRatio,BAU,GUA,INORG_RCY_OS,,CO2e_WASTE,1,2024,,,,,,0.0
EmissionActivityRatio,BAU,GUA,INORG_RCY_OS,,CO2e_WASTE,1,2025,,,,,,0.0
EmissionActivityRatio,BAU,GUA,INORG_RCY_OS,,CO2e_WASTE,1,2026,,,,,,0.0
EmissionActivityRatio,BAU,GUA,INORG_RCY_OS,,CO2e_WASTE,1,2027,,,,,,0.0
EmissionActivityRatio,BAU,GUA,INORG_RCY_OS,,CO2e_WASTE,1,2028,,,,,,0.0
EmissionActivityRatio,BAU,GUA,INORG_RCY_OS,,CO2e_WASTE,1,2029,,,,,,0.0
EmissionActivityRatio,BAU,GUA,INORG_RCY_OS,,CO2e_WASTE,1,2030,,,,,,0.0
EmissionActivityRatio,BAU,GUA,INORG_RCY_OS,,CO2e_WASTE,1,2031,,,,,,0.0
EmissionActivityRatio,BAU,GUA,INORG_RCY_OS,,CO2e_WASTE,1,2032,,,,,,0.0
EmissionActivityRatio,BAU,GUA,INORG_RCY_OS,,CO2e_WASTE,1,2033,,,,,,0.0
EmissionActivityRatio,BAU,GUA,INORG_RCY_OS,,CO2e_WASTE,1,2034,,,,,,0.0
EmissionActivityRatio,BAU,GUA,INORG_RCY_OS,,CO2e_WASTE,1,2035,,,,,,0.0
EmissionActivityRatio,BAU,GUA,INORG_RCY_OS,,CO2e_WASTE,1,2036,,,,,,0.0
EmissionActivityRatio,BAU,GUA,INORG_RCY_OS,,CO2e_WASTE,1,2037,,,,,,0.0
EmissionActivityRatio,BAU,GUA,INORG_RCY_OS,,CO2e_WASTE,1,2038,,,,,,0.0
EmissionActivityRatio,BAU,GUA,INORG_RCY_OS,,CO2e_WASTE,1,2039,,,,,,0.0
EmissionActivityRatio,BAU,GUA,INORG_RCY_OS,,CO2e_WASTE,1,2040,,,,,,0.0
EmissionActivityRatio,BAU,GUA,INORG_RCY_OS,,CO2e_WASTE,1,2041,,,,,,0.0
EmissionActivityRatio,BAU,GUA,INORG_RCY_OS,,CO2e_WASTE,1,2042,,,,,,0.0
EmissionActivityRatio,BAU,GUA,INORG_RCY_OS,,CO2e_WASTE,1,2043,,,,,,0.0
EmissionActivityRatio,BAU,GUA,INORG_RCY_OS,,CO2e_WASTE,1,2044,,,,,,0.0
EmissionActivityRatio,BAU,GUA,INORG_RCY_OS,,CO2e_WASTE,1,2045,,,,,,0.0
EmissionActivityRatio,BAU,GUA,INORG_RCY_OS,,CO2e_WASTE,1,2046,,,,,,0.0
EmissionActivityRatio,BAU,GUA,INORG_RCY_OS,,CO2e_WASTE,1,2047,,,,,,0.0
EmissionActivityRatio,BAU,GUA,INORG_RCY_OS,,CO2e_WASTE,1,2048,,,,,,0.0
EmissionActivityRatio,BAU,GUA,INORG_RCY_OS,,CO2e_WASTE,1,2049,,,,,,0.0
EmissionActivityRatio,BAU,GUA,INORG_RCY_OS,,CO2e_WASTE,1,2050,,,,,,0.0
EmissionActivityRatio,BAU,GUA,INORG_RCY_OS,,CO2_WASTE,1,2018,,,,,,0.0
EmissionActivityRatio,BAU,GUA,INORG_RCY_OS,,CO2_WASTE,1,2019,,,,,,0.0
EmissionActivityRatio,BAU,GUA,INORG_RCY_OS,,CO2_WASTE,1,2020,,,,,,0.0
EmissionActivityRatio,BAU,GUA,INORG_RCY_OS,,CO2_WASTE,1,2021,,,,,,0.0
EmissionActivityRatio,BAU,GUA,INORG_RCY_OS,,CO2_WASTE,1,2022,,,,,,0.0
EmissionActivityRatio,BAU,GUA,INORG_RCY_OS,,CO2_WASTE,1,2023,,,,,,0.0
EmissionActivityRatio,BAU,GUA,INORG_RCY_OS,,CO2_WASTE,1,2024,,,,,,0.0
EmissionActivityRatio,BAU,GUA,INORG_RCY_OS,,CO2_WASTE,1,2025,,,,,,0.0
EmissionActivityRatio,BAU,GUA,INORG_RCY_OS,,CO2_WASTE,1,2026,,,,,,0.0
EmissionActivityRatio,BAU,GUA,INORG_RCY_OS,,CO2_WASTE,1,2027,,,,,,0.0
EmissionActivityRatio,BAU,GUA,INORG_RCY_OS,,CO2_WASTE,1,2028,,,,,,0.0
EmissionActivityRatio,BAU,GUA,INORG_RCY_OS,,CO2_WASTE,1,2029,,,,,,0.0
EmissionActivityRatio,BAU,GUA,INORG_RCY_OS,,CO2_WASTE,1,2030,,,,,,0.0
EmissionActivityRatio,BAU,GUA,INORG_RCY_OS,,CO2_WASTE,1,2031,,,,,,0.0
EmissionActivityRatio,BAU,GUA,INORG_RCY_OS,,CO2_WASTE,1,2032,,,,,,0.0
EmissionActivityRatio,BAU,GUA,INORG_RCY_OS,,CO2_WASTE,1,2033,,,,,,0.0
EmissionActivityRatio,BAU,GUA,INORG_RCY_OS,,CO2_WASTE,1,2034,,,,,,0.0
EmissionActivityRatio,BAU,GUA,INORG_RCY_OS,,CO2_WASTE,1,2035,,,,,,0.0
EmissionActivityRatio,BAU,GUA,INORG_RCY_OS,,CO2_WASTE,1,2036,,,,,,0.0
EmissionActivityRatio,BAU,GUA,INORG_RCY_OS,,CO2_WASTE,1,2037,,,,,,0.0
EmissionActivityRatio,BAU,GUA,INORG_RCY_OS,,CO2_WASTE,1,2038,,,,,,0.0
EmissionActivityRatio,BAU,GUA,INORG_RCY_OS,,CO2_WASTE,1,2039,,,,,,0.0
EmissionActivityRatio,BAU,GUA,INORG_RCY_OS,,CO2_WASTE,1,2040,,,,,,0.0
EmissionActivityRatio,BAU,GUA,INORG_RCY_OS,,CO2_WASTE,1,2041,,,,,,0.0
EmissionActivityRatio,BAU,GUA,INORG_RCY_OS,,CO2_WASTE,1,2042,,,,,,0.0
EmissionActivityRatio,BAU,GUA,INORG_RCY_OS,,CO2_WASTE,1,2043,,,,,,0.0
EmissionActivityRatio,BAU,GUA,INORG_RCY_OS,,CO2_WASTE,1,2044,,,,,,0.0
EmissionActivityRatio,BAU,GUA,INORG_RCY_OS,,CO2_WASTE,1,2045,,,,,,0.0
EmissionActivityRatio,BAU,GUA,INORG_RCY_OS,,CO2_WASTE,1,2046,,,,,,0.0
EmissionActivityRatio,BAU,GUA,INORG_RCY_OS,,CO2_WASTE,1,2047,,,,,,0.0
EmissionActivityRatio,BAU,GUA,INORG_RCY_OS,,CO2_WASTE,1,2048,,,,,,0.0
EmissionActivityRatio,BAU,GUA,INORG_RCY_OS,,CO2_WASTE,1,2049,,,,,,0.0
EmissionActivityRatio,BAU,GUA,INORG_RCY_OS,,CO2_WASTE,1,2050,,,,,,0.0
EmissionActivityRatio,BAU,GUA,INORG_RCY_OS,,CH4_WASTE,1,2018,,,,,,0.0
EmissionActivityRatio,BAU,GUA,INORG_RCY_OS,,CH4_WASTE,1,2019,,,,,,0.0
EmissionActivityRatio,BAU,GUA,INORG_RCY_OS,,CH4_WASTE,1,2020,,,,,,0.0
EmissionActivityRatio,BAU,GUA,INORG_RCY_OS,,CH4_WASTE,1,2021,,,,,,0.0
EmissionActivityRatio,BAU,GUA,INORG_RCY_OS,,CH4_WASTE,1,2022,,,,,,0.0
EmissionActivityRatio,BAU,GUA,INORG_RCY_OS,,CH4_WASTE,1,2023,,,,,,0.0
EmissionActivityRatio,BAU,GUA,INORG_RCY_OS,,CH4_WASTE,1,2024,,,,,,0.0
EmissionActivityRatio,BAU,GUA,INORG_RCY_OS,,CH4_WASTE,1,2025,,,,,,0.0
EmissionActivityRatio,BAU,GUA,INORG_RCY_OS,,CH4_WASTE,1,2026,,,,,,0.0
EmissionActivityRatio,BAU,GUA,INORG_RCY_OS,,CH4_WASTE,1,2027,,,,,,0.0
EmissionActivityRatio,BAU,GUA,INORG_RCY_OS,,CH4_WASTE,1,2028,,,,,,0.0
EmissionActivityRatio,BAU,GUA,INORG_RCY_OS,,CH4_WASTE,1,2029,,,,,,0.0
EmissionActivityRatio,BAU,GUA,INORG_RCY_OS,,CH4_WASTE,1,2030,,,,,,0.0
EmissionActivityRatio,BAU,GUA,INORG_RCY_OS,,CH4_WASTE,1,2031,,,,,,0.0
EmissionActivityRatio,BAU,GUA,INORG_RCY_OS,,CH4_WASTE,1,2032,,,,,,0.0
EmissionActivityRatio,BAU,GUA,INORG_RCY_OS,,CH4_WASTE,1,2033,,,,,,0.0
EmissionActivityRatio,BAU,GUA,INORG_RCY_OS,,CH4_WASTE,1,2034,,,,,,0.0
EmissionActivityRatio,BAU,GUA,INORG_RCY_OS,,CH4_WASTE,1,2035,,,,,,0.0
EmissionActivityRatio,BAU,GUA,INORG_RCY_OS,,CH4_WASTE,1,2036,,,,,,0.0
EmissionActivityRatio,BAU,GUA,INORG_RCY_OS,,CH4_WASTE,1,2037,,,,,,0.0
EmissionActivityRatio,BAU,GUA,INORG_RCY_OS,,CH4_WASTE,1,2038,,,,,,0.0
EmissionActivityRatio,BAU,GUA,INORG_RCY_OS,,CH4_WASTE,1,2039,,,,,,0.0
EmissionActivityRatio,BAU,GUA,INORG_RCY_OS,,CH4_WASTE,1,2040,,,,,,0.0
EmissionActivityRatio,BAU,GUA,INORG_RCY_OS,,CH4_WASTE,1,2041,,,,,,0.0
EmissionActivityRatio,BAU,GUA,INORG_RCY_OS,,CH4_WASTE,1,2042,,,,,,0.0
EmissionActivityRatio,BAU,GUA,INORG_RCY_OS,,CH4_WASTE,1,2043,,,,,,0.0
EmissionActivityRatio,BAU,GUA,INORG_RCY_OS,,CH4_WASTE,1,2044,,,,,,0.0
EmissionActivityRatio,BAU,GUA,INORG_RCY_OS,,CH4_WASTE,1,2045,,,,,,0.0
EmissionActivityRatio,BAU,GUA,INORG_RCY_OS,,CH4_WASTE,1,2046,,,,,,0.0
EmissionActivityRatio,BAU,GUA,INORG_RCY_OS,,CH4_WASTE,1,2047,,,,,,0.0
EmissionActivityRatio,BAU,GUA,INORG_RCY_OS,,CH4_WASTE,1,2048,,,,,,0.0
EmissionActivityRatio,BAU,GUA,INORG_RCY_OS,,CH4_WASTE,1,2049,,,,,,0.0
EmissionActivityRatio,BAU,GUA,INORG_RCY_OS,,CH4_WASTE,1,2050,,,,,,0.0
EmissionActivityRatio,BAU,GUA,INORG_RCY_OS,,N2O_WASTE,1,2018,,,,,,0.0
EmissionActivityRatio,BAU,GUA,INORG_RCY_OS,,N2O_WASTE,1,2019,,,,,,0.0
EmissionActivityRatio,BAU,GUA,INORG_RCY_OS,,N2O_WASTE,1,2020,,,,,,0.0
EmissionActivityRatio,BAU,GUA,INORG_RCY_OS,,N2O_WASTE,1,2021,,,,,,0.0
EmissionActivityRatio,BAU,GUA,INORG_RCY_OS,,N2O_WASTE,1,2022,,,,,,0.0
EmissionActivityRatio,BAU,GUA,INORG_RCY_OS,,N2O_WASTE,1,2023,,,,,,0.0
EmissionActivityRatio,BAU,GUA,INORG_RCY_OS,,N2O_WASTE,1,2024,,,,,,0.0
EmissionActivityRatio,BAU,GUA,INORG_RCY_OS,,N2O_WASTE,1,2025,,,,,,0.0
EmissionActivityRatio,BAU,GUA,INORG_RCY_OS,,N2O_WASTE,1,2026,,,,,,0.0
EmissionActivityRatio,BAU,GUA,INORG_RCY_OS,,N2O_WASTE,1,2027,,,,,,0.0
EmissionActivityRatio,BAU,GUA,INORG_RCY_OS,,N2O_WASTE,1,2028,,,,,,0.0
EmissionActivityRatio,BAU,GUA,INORG_RCY_OS,,N2O_WASTE,1,2029,,,,,,0.0
EmissionActivityRatio,BAU,GUA,INORG_RCY_OS,,N2O_WASTE,1,2030,,,,,,0.0
EmissionActivityRatio,BAU,GUA,INORG_RCY_OS,,N2O_WASTE,1,2031,,,,,,0.0
EmissionActivityRatio,BAU,GUA,INORG_RCY_OS,,N2O_WASTE,1,2032,,,,,,0.0
EmissionActivityRatio,BAU,GUA,INORG_RCY_OS,,N2O_WASTE,1,2033,,,,,,0.0
EmissionActivityRatio,BAU,GUA,INORG_RCY_OS,,N2O_WASTE,1,2034,,,,,,0.0
EmissionActivityRatio,BAU,GUA,INORG_RCY_OS,,N2O_WASTE,1,2035,,,,,,0.0
EmissionActivityRatio,BAU,GUA,INORG_RCY_OS,,N2O_WASTE,1,2036,,,,,,0.0
EmissionActivityRatio,BAU,GUA,INORG_RCY_OS,,N2O_WASTE,1,2037,,,,,,0.0
EmissionActivityRatio,BAU,GUA,INORG_RCY_OS,,N2O_WASTE,1,2038,,,,,,0.0
EmissionActivityRatio,BAU,GUA,INORG_RCY_OS,,N2O_WASTE,1,2039,,,,,,0.0
EmissionActivityRatio,BAU,GUA,INORG_RCY_OS,,N2O_WASTE,1,2040,,,,,,0.0
EmissionActivityRatio,BAU,GUA,INORG_RCY_OS,,N2O_WASTE,1,2041,,,,,,0.0
EmissionActivityRatio,BAU,GUA,INORG_RCY_OS,,N2O_WASTE,1,2042,,,,,,0.0
EmissionActivityRatio,BAU,GUA,INORG_RCY_OS,,N2O_WASTE,1,2043,,,,,,0.0
EmissionActivityRatio,BAU,GUA,INORG_RCY_OS,,N2O_WASTE,1,2044,,,,,,0.0
EmissionActivityRatio,BAU,GUA,INORG_RCY_OS,,N2O_WASTE,1,2045,,,,,,0.0
EmissionActivityRatio,BAU,GUA,INORG_RCY_OS,,N2O_WASTE,1,2046,,,,,,0.0
EmissionActivityRatio,BAU,GUA,INORG_RCY_OS,,N2O_WASTE,1,2047,,,,,,0.0
EmissionActivityRatio,BAU,GUA,INORG_RCY_OS,,N2O_WASTE,1,2048,,,,,,0.0
EmissionActivityRatio,BAU,GUA,INORG_RCY_OS,,N2O_WASTE,1,2049,,,,,,0.0
EmissionActivityRatio,BAU,GUA,INORG_RCY_OS,,N2O_WASTE,1,2050,,,,,,0.0
EmissionActivityRatio,BAU,GUA,AD,,CO2e_WASTE,1,2018,,,,,,0.0
EmissionActivityRatio,BAU,GUA,AD,,CO2e_WASTE,1,2019,,,,,,0.0
EmissionActivityRatio,BAU,GUA,AD,,CO2e_WASTE,1,2020,,,,,,0.0
EmissionActivityRatio,BAU,GUA,AD,,CO2e_WASTE,1,2021,,,,,,0.0
EmissionActivityRatio,BAU,GUA,AD,,CO2e_WASTE,1,2022,,,,,,0.0
EmissionActivityRatio,BAU,GUA,AD,,CO2e_WASTE,1,2023,,,,,,0.0
EmissionActivityRatio,BAU,GUA,AD,,CO2e_WASTE,1,2024,,,,,,0.0
EmissionActivityRatio,BAU,GUA,AD,,CO2e_WASTE,1,2025,,,,,,0.0
EmissionActivityRatio,BAU,GUA,AD,,CO2e_WASTE,1,2026,,,,,,0.0
EmissionActivityRatio,BAU,GUA,AD,,CO2e_WASTE,1,2027,,,,,,0.0
EmissionActivityRatio,BAU,GUA,AD,,CO2e_WASTE,1,2028,,,,,,0.0
EmissionActivityRatio,BAU,GUA,AD,,CO2e_WASTE,1,2029,,,,,,0.0
EmissionActivityRatio,BAU,GUA,AD,,CO2e_WASTE,1,2030,,,,,,0.0
EmissionActivityRatio,BAU,GUA,AD,,CO2e_WASTE,1,2031,,,,,,0.0
EmissionActivityRatio,BAU,GUA,AD,,CO2e_WASTE,1,2032,,,,,,0.0
EmissionActivityRatio,BAU,GUA,AD,,CO2e_WASTE,1,2033,,,,,,0.0
EmissionActivityRatio,BAU,GUA,AD,,CO2e_WASTE,1,2034,,,,,,0.0
EmissionActivityRatio,BAU,GUA,AD,,CO2e_WASTE,1,2035,,,,,,0.0
EmissionActivityRatio,BAU,GUA,AD,,CO2e_WASTE,1,2036,,,,,,0.0
EmissionActivityRatio,BAU,GUA,AD,,CO2e_WASTE,1,2037,,,,,,0.0
EmissionActivityRatio,BAU,GUA,AD,,CO2e_WASTE,1,2038,,,,,,0.0
EmissionActivityRatio,BAU,GUA,AD,,CO2e_WASTE,1,2039,,,,,,0.0
EmissionActivityRatio,BAU,GUA,AD,,CO2e_WASTE,1,2040,,,,,,0.0
EmissionActivityRatio,BAU,GUA,AD,,CO2e_WASTE,1,2041,,,,,,0.0
EmissionActivityRatio,BAU,GUA,AD,,CO2e_WASTE,1,2042,,,,,,0.0
EmissionActivityRatio,BAU,GUA,AD,,CO2e_WASTE,1,2043,,,,,,0.0
EmissionActivityRatio,BAU,GUA,AD,,CO2e_WASTE,1,2044,,,,,,0.0
EmissionActivityRatio,BAU,GUA,AD,,CO2e_WASTE,1,2045,,,,,,0.0
EmissionActivityRatio,BAU,GUA,AD,,CO2e_WASTE,1,2046,,,,,,0.0
EmissionActivityRatio,BAU,GUA,AD,,CO2e_WASTE,1,2047,,,,,,0.0
EmissionActivityRatio,BAU,GUA,AD,,CO2e_WASTE,1,2048,,,,,,0.0
EmissionActivityRatio,BAU,GUA,AD,,CO2e_WASTE,1,2049,,,,,,0.0
EmissionActivityRatio,BAU,GUA,AD,,CO2e_WASTE,1,2050,,,,,,0.0
EmissionActivityRatio,BAU,GUA,AD,,CO2_WASTE,1,2018,,,,,,0.0
EmissionActivityRatio,BAU,GUA,AD,,CO2_WASTE,1,2019,,,,,,0.0
EmissionActivityRatio,BAU,GUA,AD,,CO2_WASTE,1,2020,,,,,,0.0
EmissionActivityRatio,BAU,GUA,AD,,CO2_WASTE,1,2021,,,,,,0.0
EmissionActivityRatio,BAU,GUA,AD,,CO2_WASTE,1,2022,,,,,,0.0
EmissionActivityRatio,BAU,GUA,AD,,CO2_WASTE,1,2023,,,,,,0.0
EmissionActivityRatio,BAU,GUA,AD,,CO2_WASTE,1,2024,,,,,,0.0
EmissionActivityRatio,BAU,GUA,AD,,CO2_WASTE,1,2025,,,,,,0.0
EmissionActivityRatio,BAU,GUA,AD,,CO2_WASTE,1,2026,,,,,,0.0
EmissionActivityRatio,BAU,GUA,AD,,CO2_WASTE,1,2027,,,,,,0.0
EmissionActivityRatio,BAU,GUA,AD,,CO2_WASTE,1,2028,,,,,,0.0
EmissionActivityRatio,BAU,GUA,AD,,CO2_WASTE,1,2029,,,,,,0.0
EmissionActivityRatio,BAU,GUA,AD,,CO2_WASTE,1,2030,,,,,,0.0
EmissionActivityRatio,BAU,GUA,AD,,CO2_WASTE,1,2031,,,,,,0.0
EmissionActivityRatio,BAU,GUA,AD,,CO2_WASTE,1,2032,,,,,,0.0
EmissionActivityRatio,BAU,GUA,AD,,CO2_WASTE,1,2033,,,,,,0.0
EmissionActivityRatio,BAU,GUA,AD,,CO2_WASTE,1,2034,,,,,,0.0
EmissionActivityRatio,BAU,GUA,AD,,CO2_WASTE,1,2035,,,,,,0.0
EmissionActivityRatio,BAU,GUA,AD,,CO2_WASTE,1,2036,,,,,,0.0
EmissionActivityRatio,BAU,GUA,AD,,CO2_WASTE,1,2037,,,,,,0.0
EmissionActivityRatio,BAU,GUA,AD,,CO2_WASTE,1,2038,,,,,,0.0
EmissionActivityRatio,BAU,GUA,AD,,CO2_WASTE,1,2039,,,,,,0.0
EmissionActivityRatio,BAU,GUA,AD,,CO2_WASTE,1,2040,,,,,,0.0
EmissionActivityRatio,BAU,GUA,AD,,CO2_WASTE,1,2041,,,,,,0.0
EmissionActivityRatio,BAU,GUA,AD,,CO2_WASTE,1,2042,,,,,,0.0
EmissionActivityRatio,BAU,GUA,AD,,CO2_WASTE,1,2043,,,,,,0.0
EmissionActivityRatio,BAU,GUA,AD,,CO2_WASTE,1,2044,,,,,,0.0
EmissionActivityRatio,BAU,GUA,AD,,CO2_WASTE,1,2045,,,,,,0.0
EmissionActivityRatio,BAU,GUA,AD,,CO2_WASTE,1,2046,,,,,,0.0
EmissionActivityRatio,BAU,GUA,AD,,CO2_WASTE,1,2047,,,,,,0.0
EmissionActivityRatio,BAU,GUA,AD,,CO2_WASTE,1,2048,,,,,,0.0
EmissionActivityRatio,BAU,GUA,AD,,CO2_WASTE,1,2049,,,,,,0.0
EmissionActivityRatio,BAU,GUA,AD,,CO2_WASTE,1,2050,,,,,,0.0
EmissionActivityRatio,BAU,GUA,AD,,CH4_WASTE,1,2018,,,,,,0.0
EmissionActivityRatio,BAU,GUA,AD,,CH4_WASTE,1,2019,,,,,,0.0
EmissionActivityRatio,BAU,GUA,AD,,CH4_WASTE,1,2020,,,,,,0.0
EmissionActivityRatio,BAU,GUA,AD,,CH4_WASTE,1,2021,,,,,,0.0
EmissionActivityRatio,BAU,GUA,AD,,CH4_WASTE,1,2022,,,,,,0.0
EmissionActivityRatio,BAU,GUA,AD,,CH4_WASTE,1,2023,,,,,,0.0
EmissionActivityRatio,BAU,GUA,AD,,CH4_WASTE,1,2024,,,,,,0.0
EmissionActivityRatio,BAU,GUA,AD,,CH4_WASTE,1,2025,,,,,,0.0
EmissionActivityRatio,BAU,GUA,AD,,CH4_WASTE,1,2026,,,,,,0.0
EmissionActivityRatio,BAU,GUA,AD,,CH4_WASTE,1,2027,,,,,,0.0
EmissionActivityRatio,BAU,GUA,AD,,CH4_WASTE,1,2028,,,,,,0.0
EmissionActivityRatio,BAU,GUA,AD,,CH4_WASTE,1,2029,,,,,,0.0
EmissionActivityRatio,BAU,GUA,AD,,CH4_WASTE,1,2030,,,,,,0.0
EmissionActivityRatio,BAU,GUA,AD,,CH4_WASTE,1,2031,,,,,,0.0
EmissionActivityRatio,BAU,GUA,AD,,CH4_WASTE,1,2032,,,,,,0.0
EmissionActivityRatio,BAU,GUA,AD,,CH4_WASTE,1,2033,,,,,,0.0
EmissionActivityRatio,BAU,GUA,AD,,CH4_WASTE,1,2034,,,,,,0.0
EmissionActivityRatio,BAU,GUA,AD,,CH4_WASTE,1,2035,,,,,,0.0
EmissionActivityRatio,BAU,GUA,AD,,CH4_WASTE,1,2036,,,,,,0.0
EmissionActivityRatio,BAU,GUA,AD,,CH4_WASTE,1,2037,,,,,,0.0
EmissionActivityRatio,BAU,GUA,AD,,CH4_WASTE,1,2038,,,,,,0.0
EmissionActivityRatio,BAU,GUA,AD,,CH4_WASTE,1,2039,,,,,,0.0
EmissionActivityRatio,BAU,GUA,AD,,CH4_WASTE,1,2040,,,,,,0.0
EmissionActivityRatio,BAU,GUA,AD,,CH4_WASTE,1,2041,,,,,,0.0
EmissionActivityRatio,BAU,GUA,AD,,CH4_WASTE,1,2042,,,,,,0.0
EmissionActivityRatio,BAU,GUA,AD,,CH4_WASTE,1,2043,,,,,,0.0
EmissionActivityRatio,BAU,GUA,AD,,CH4_WASTE,1,2044,,,,,,0.0
EmissionActivityRatio,BAU,GUA,AD,,CH4_WASTE,1,2045,,,,,,0.0
EmissionActivityRatio,BAU,GUA,AD,,CH4_WASTE,1,2046,,,,,,0.0
EmissionActivityRatio,BAU,GUA,AD,,CH4_WASTE,1,2047,,,,,,0.0
EmissionActivityRatio,BAU,GUA,AD,,CH4_WASTE,1,2048,,,,,,0.0
EmissionActivityRatio,BAU,GUA,AD,,CH4_WASTE,1,2049,,,,,,0.0
EmissionActivityRatio,BAU,GUA,AD,,CH4_WASTE,1,2050,,,,,,0.0
EmissionActivityRatio,BAU,GUA,AD,,N2O_WASTE,1,2018,,,,,,0.0
EmissionActivityRatio,BAU,GUA,AD,,N2O_WASTE,1,2019,,,,,,0.0
EmissionActivityRatio,BAU,GUA,AD,,N2O_WASTE,1,2020,,,,,,0.0
EmissionActivityRatio,BAU,GUA,AD,,N2O_WASTE,1,2021,,,,,,0.0
EmissionActivityRatio,BAU,GUA,AD,,N2O_WASTE,1,2022,,,,,,0.0
EmissionActivityRatio,BAU,GUA,AD,,N2O_WASTE,1,2023,,,,,,0.0
EmissionActivityRatio,BAU,GUA,AD,,N2O_WASTE,1,2024,,,,,,0.0
EmissionActivityRatio,BAU,GUA,AD,,N2O_WASTE,1,2025,,,,,,0.0
EmissionActivityRatio,BAU,GUA,AD,,N2O_WASTE,1,2026,,,,,,0.0
EmissionActivityRatio,BAU,GUA,AD,,N2O_WASTE,1,2027,,,,,,0.0
EmissionActivityRatio,BAU,GUA,AD,,N2O_WASTE,1,2028,,,,,,0.0
EmissionActivityRatio,BAU,GUA,AD,,N2O_WASTE,1,2029,,,,,,0.0
EmissionActivityRatio,BAU,GUA,AD,,N2O_WASTE,1,2030,,,,,,0.0
EmissionActivityRatio,BAU,GUA,AD,,N2O_WASTE,1,2031,,,,,,0.0
EmissionActivityRatio,BAU,GUA,AD,,N2O_WASTE,1,2032,,,,,,0.0
EmissionActivityRatio,BAU,GUA,AD,,N2O_WASTE,1,2033,,,,,,0.0
EmissionActivityRatio,BAU,GUA,AD,,N2O_WASTE,1,2034,,,,,,0.0
EmissionActivityRatio,BAU,GUA,AD,,N2O_WASTE,1,2035,,,,,,0.0
EmissionActivityRatio,BAU,GUA,AD,,N2O_WASTE,1,2036,,,,,,0.0
EmissionActivityRatio,BAU,GUA,AD,,N2O_WASTE,1,2037,,,,,,0.0
EmissionActivityRatio,BAU,GUA,AD,,N2O_WASTE,1,2038,,,,,,0.0
EmissionActivityRatio,BAU,GUA,AD,,N2O_WASTE,1,2039,,,,,,0.0
EmissionActivityRatio,BAU,GUA,AD,,N2O_WASTE,1,2040,,,,,,0.0
EmissionActivityRatio,BAU,GUA,AD,,N2O_WASTE,1,2041,,,,,,0.0
EmissionActivityRatio,BAU,GUA,AD,,N2O_WASTE,1,2042,,,,,,0.0
EmissionActivityRatio,BAU,GUA,AD,,N2O_WASTE,1,2043,,,,,,0.0
EmissionActivityRatio,BAU,GUA,AD,,N2O_WASTE,1,2044,,,,,,0.0
EmissionActivityRatio,BAU,GUA,AD,,N2O_WASTE,1,2045,,,,,,0.0
EmissionActivityRatio,BAU,GUA,AD,,N2O_WASTE,1,2046,,,,,,0.0
EmissionActivityRatio,BAU,GUA,AD,,N2O_WASTE,1,2047,,,,,,0.0
EmissionActivityRatio,BAU,GUA,AD,,N2O_WASTE,1,2048,,,,,,0.0
EmissionActivityRatio,BAU,GUA,AD,,N2O_WASTE,1,2049,,,,,,0.0
EmissionActivityRatio,BAU,GUA,AD,,N2O_WASTE,1,2050,,,,,,0.0
EmissionActivityRatio,BAU,GUA,COMPOST,,CO2e_WASTE,1,2018,,,,,,0.1915
EmissionActivityRatio,BAU,GUA,COMPOST,,CO2e_WASTE,1,2019,,,,,,0.1915
EmissionActivityRatio,BAU,GUA,COMPOST,,CO2e_WASTE,1,2020,,,,,,0.1915
EmissionActivityRatio,BAU,GUA,COMPOST,,CO2e_WASTE,1,2021,,,,,,0.1915
EmissionActivityRatio,BAU,GUA,COMPOST,,CO2e_WASTE,1,2022,,,,,,0.1915
EmissionActivityRatio,BAU,GUA,COMPOST,,CO2e_WASTE,1,2023,,,,,,0.1915
EmissionActivityRatio,BAU,GUA,COMPOST,,CO2e_WASTE,1,2024,,,,,,0.1915
EmissionActivityRatio,BAU,GUA,COMPOST,,CO2e_WASTE,1,2025,,,,,,0.1915
EmissionActivityRatio,BAU,GUA,COMPOST,,CO2e_WASTE,1,2026,,,,,,0.1915
EmissionActivityRatio,BAU,GUA,COMPOST,,CO2e_WASTE,1,2027,,,,,,0.1915
EmissionActivityRatio,BAU,GUA,COMPOST,,CO2e_WASTE,1,2028,,,,,,0.1915
EmissionActivityRatio,BAU,GUA,COMPOST,,CO2e_WASTE,1,2029,,,,,,0.1915
EmissionActivityRatio,BAU,GUA,COMPOST,,CO2e_WASTE,1,2030,,,,,,0.1915
EmissionActivityRatio,BAU,GUA,COMPOST,,CO2e_WASTE,1,2031,,,,,,0.1915
EmissionActivityRatio,BAU,GUA,COMPOST,,CO2e_WASTE,1,2032,,,,,,0.1915
EmissionActivityRatio,BAU,GUA,COMPOST,,CO2e_WASTE,1,2033,,,,,,0.1915
EmissionActivityRatio,BAU,GUA,COMPOST,,CO2e_WASTE,1,2034,,,,,,0.1915
EmissionActivityRatio,BAU,GUA,COMPOST,,CO2e_WASTE,1,2035,,,,,,0.1915
EmissionActivityRatio,BAU,GUA,COMPOST,,CO2e_WASTE,1,2036,,,,,,0.1915
EmissionActivityRatio,BAU,GUA,COMPOST,,CO2e_WASTE,1,2037,,,,,,0.1915
EmissionActivityRatio,BAU,GUA,COMPOST,,CO2e_WASTE,1,2038,,,,,,0.1915
EmissionActivityRatio,BAU,GUA,COMPOST,,CO2e_WASTE,1,2039,,,,,,0.1915
EmissionActivityRatio,BAU,GUA,COMPOST,,CO2e_WASTE,1,2040,,,,,,0.1915
EmissionActivityRatio,BAU,GUA,COMPOST,,CO2e_WASTE,1,2041,,,,,,0.1915
EmissionActivityRatio,BAU,GUA,COMPOST,,CO2e_WASTE,1,2042,,,,,,0.1915
EmissionActivityRatio,BAU,GUA,COMPOST,,CO2e_WASTE,1,2043,,,,,,0.1915
EmissionActivityRatio,BAU,GUA,COMPOST,,CO2e_WASTE,1,2044,,,,,,0.1915
EmissionActivityRatio,BAU,GUA,COMPOST,,CO2e_WASTE,1,2045,,,,,,0.1915
EmissionActivityRatio,BAU,GUA,COMPOST,,CO2e_WASTE,1,2046,,,,,,0.1915
EmissionActivityRatio,BAU,GUA,COMPOST,,CO2e_WASTE,1,2047,,,,,,0.1915
EmissionActivityRatio,BAU,GUA,COMPOST,,CO2e_WASTE,1,2048,,,,,,0.1915
EmissionActivityRatio,BAU,GUA,COMPOST,,CO2e_WASTE,1,2049,,,,,,0.1915
EmissionActivityRatio,BAU,GUA,COMPOST,,CO2e_WASTE,1,2050,,,,,,0.1915
EmissionActivityRatio,BAU,GUA,COMPOST,,CO2_WASTE,1,2018,,,,,,0.0
EmissionActivityRatio,BAU,GUA,COMPOST,,CO2_WASTE,1,2019,,,,,,0.0
EmissionActivityRatio,BAU,GUA,COMPOST,,CO2_WASTE,1,2020,,,,,,0.0
EmissionActivityRatio,BAU,GUA,COMPOST,,CO2_WASTE,1,2021,,,,,,0.0
EmissionActivityRatio,BAU,GUA,COMPOST,,CO2_WASTE,1,2022,,,,,,0.0
EmissionActivityRatio,BAU,GUA,COMPOST,,CO2_WASTE,1,2023,,,,,,0.0
EmissionActivityRatio,BAU,GUA,COMPOST,,CO2_WASTE,1,2024,,,,,,0.0
EmissionActivityRatio,BAU,GUA,COMPOST,,CO2_WASTE,1,2025,,,,,,0.0
EmissionActivityRatio,BAU,GUA,COMPOST,,CO2_WASTE,1,2026,,,,,,0.0
EmissionActivityRatio,BAU,GUA,COMPOST,,CO2_WASTE,1,2027,,,,,,0.0
EmissionActivityRatio,BAU,GUA,COMPOST,,CO2_WASTE,1,2028,,,,,,0.0
EmissionActivityRatio,BAU,GUA,COMPOST,,CO2_WASTE,1,2029,,,,,,0.0
EmissionActivityRatio,BAU,GUA,COMPOST,,CO2_WASTE,1,2030,,,,,,0.0
EmissionActivityRatio,BAU,GUA,COMPOST,,CO2_WASTE,1,2031,,,,,,0.0
EmissionActivityRatio,BAU,GUA,COMPOST,,CO2_WASTE,1,2032,,,,,,0.0
EmissionActivityRatio,BAU,GUA,COMPOST,,CO2_WASTE,1,2033,,,,,,0.0
EmissionActivityRatio,BAU,GUA,COMPOST,,CO2_WASTE,1,2034,,,,,,0.0
EmissionActivityRatio,BAU,GUA,COMPOST,,CO2_WASTE,1,2035,,,,,,0.0
EmissionActivityRatio,BAU,GUA,COMPOST,,CO2_WASTE,1,2036,,,,,,0.0
EmissionActivityRatio,BAU,GUA,COMPOST,,CO2_WASTE,1,2037,,,,,,0.0
EmissionActivityRatio,BAU,GUA,COMPOST,,CO2_WASTE,1,2038,,,,,,0.0
EmissionActivityRatio,BAU,GUA,COMPOST,,CO2_WASTE,1,2039,,,,,,0.0
EmissionActivityRatio,BAU,GUA,COMPOST,,CO2_WASTE,1,2040,,,,,,0.0
EmissionActivityRatio,BAU,GUA,COMPOST,,CO2_WASTE,1,2041,,,,,,0.0
EmissionActivityRatio,BAU,GUA,COMPOST,,CO2_WASTE,1,2042,,,,,,0.0
EmissionActivityRatio,BAU,GUA,COMPOST,,CO2_WASTE,1,2043,,,,,,0.0
EmissionActivityRatio,BAU,GUA,COMPOST,,CO2_WASTE,1,2044,,,,,,0.0
EmissionActivityRatio,BAU,GUA,COMPOST,,CO2_WASTE,1,2045,,,,,,0.0
EmissionActivityRatio,BAU,GUA,COMPOST,,CO2_WASTE,1,2046,,,,,,0.0
EmissionActivityRatio,BAU,GUA,COMPOST,,CO2_WASTE,1,2047,,,,,,0.0
EmissionActivityRatio,BAU,GUA,COMPOST,,CO2_WASTE,1,2048,,,,,,0.0
EmissionActivityRatio,BAU,GUA,COMPOST,,CO2_WASTE,1,2049,,,,,,0.0
EmissionActivityRatio,BAU,GUA,COMPOST,,CO2_WASTE,1,2050,,,,,,0.0
EmissionActivityRatio,BAU,GUA,COMPOST,,CH4_WASTE,1,2018,,,,,,0.0
EmissionActivityRatio,BAU,GUA,COMPOST,,CH4_WASTE,1,2019,,,,,,0.0
EmissionActivityRatio,BAU,GUA,COMPOST,,CH4_WASTE,1,2020,,,,,,0.0
EmissionActivityRatio,BAU,GUA,COMPOST,,CH4_WASTE,1,2021,,,,,,0.0
EmissionActivityRatio,BAU,GUA,COMPOST,,CH4_WASTE,1,2022,,,,,,0.0
EmissionActivityRatio,BAU,GUA,COMPOST,,CH4_WASTE,1,2023,,,,,,0.0
EmissionActivityRatio,BAU,GUA,COMPOST,,CH4_WASTE,1,2024,,,,,,0.0
EmissionActivityRatio,BAU,GUA,COMPOST,,CH4_WASTE,1,2025,,,,,,0.0
EmissionActivityRatio,BAU,GUA,COMPOST,,CH4_WASTE,1,2026,,,,,,0.0
EmissionActivityRatio,BAU,GUA,COMPOST,,CH4_WASTE,1,2027,,,,,,0.0
EmissionActivityRatio,BAU,GUA,COMPOST,,CH4_WASTE,1,2028,,,,,,0.0
EmissionActivityRatio,BAU,GUA,COMPOST,,CH4_WASTE,1,2029,,,,,,0.0
EmissionActivityRatio,BAU,GUA,COMPOST,,CH4_WASTE,1,2030,,,,,,0.0
EmissionActivityRatio,BAU,GUA,COMPOST,,CH4_WASTE,1,2031,,,,,,0.0
EmissionActivityRatio,BAU,GUA,COMPOST,,CH4_WASTE,1,2032,,,,,,0.0
EmissionActivityRatio,BAU,GUA,COMPOST,,CH4_WASTE,1,2033,,,,,,0.0
EmissionActivityRatio,BAU,GUA,COMPOST,,CH4_WASTE,1,2034,,,,,,0.0
EmissionActivityRatio,BAU,GUA,COMPOST,,CH4_WASTE,1,2035,,,,,,0.0
EmissionActivityRatio,BAU,GUA,COMPOST,,CH4_WASTE,1,2036,,,,,,0.0
EmissionActivityRatio,BAU,GUA,COMPOST,,CH4_WASTE,1,2037,,,,,,0.0
EmissionActivityRatio,BAU,GUA,COMPOST,,CH4_WASTE,1,2038,,,,,,0.0
EmissionActivityRatio,BAU,GUA,COMPOST,,CH4_WASTE,1,2039,,,,,,0.0
EmissionActivityRatio,BAU,GUA,COMPOST,,CH4_WASTE,1,2040,,,,,,0.0
EmissionActivityRatio,BAU,GUA,COMPOST,,CH4_WASTE,1,2041,,,,,,0.0
EmissionActivityRatio,BAU,GUA,COMPOST,,CH4_WASTE,1,2042,,,,,,0.0
EmissionActivityRatio,BAU,GUA,COMPOST,,CH4_WASTE,1,2043,,,,,,0.0
EmissionActivityRatio,BAU,GUA,COMPOST,,CH4_WASTE,1,2044,,,,,,0.0
EmissionActivityRatio,BAU,GUA,COMPOST,,CH4_WASTE,1,2045,,,,,,0.0
EmissionActivityRatio,BAU,GUA,COMPOST,,CH4_WASTE,1,2046,,,,,,0.0
EmissionActivityRatio,BAU,GUA,COMPOST,,CH4_WASTE,1,2047,,,,,,0.0
EmissionActivityRatio,BAU,GUA,COMPOST,,CH4_WASTE,1,2048,,,,,,0.0
EmissionActivityRatio,BAU,GUA,COMPOST,,CH4_WASTE,1,2049,,,,,,0.0
EmissionActivityRatio,BAU,GUA,COMPOST,,CH4_WASTE,1,2050,,,,,,0.0
EmissionActivityRatio,BAU,GUA,COMPOST,,N2O_WASTE,1,2018,,,,,,0.0
EmissionActivityRatio,BAU,GUA,COMPOST,,N2O_WASTE,1,2019,,,,,,0.0
EmissionActivityRatio,BAU,GUA,COMPOST,,N2O_WASTE,1,2020,,,,,,0.0
EmissionActivityRatio,BAU,GUA,COMPOST,,N2O_WASTE,1,2021,,,,,,0.0
EmissionActivityRatio,BAU,GUA,COMPOST,,N2O_WASTE,1,2022,,,,,,0.0
EmissionActivityRatio,BAU,GUA,COMPOST,,N2O_WASTE,1,2023,,,,,,0.0
EmissionActivityRatio,BAU,GUA,COMPOST,,N2O_WASTE,1,2024,,,,,,0.0
EmissionActivityRatio,BAU,GUA,COMPOST,,N2O_WASTE,1,2025,,,,,,0.0
EmissionActivityRatio,BAU,GUA,COMPOST,,N2O_WASTE,1,2026,,,,,,0.0
EmissionActivityRatio,BAU,GUA,COMPOST,,N2O_WASTE,1,2027,,,,,,0.0
EmissionActivityRatio,BAU,GUA,COMPOST,,N2O_WASTE,1,2028,,,,,,0.0
EmissionActivityRatio,BAU,GUA,COMPOST,,N2O_WASTE,1,2029,,,,,,0.0
EmissionActivityRatio,BAU,GUA,COMPOST,,N2O_WASTE,1,2030,,,,,,0.0
EmissionActivityRatio,BAU,GUA,COMPOST,,N2O_WASTE,1,2031,,,,,,0.0
EmissionActivityRatio,BAU,GUA,COMPOST,,N2O_WASTE,1,2032,,,,,,0.0
EmissionActivityRatio,BAU,GUA,COMPOST,,N2O_WASTE,1,2033,,,,,,0.0
EmissionActivityRatio,BAU,GUA,COMPOST,,N2O_WASTE,1,2034,,,,,,0.0
EmissionActivityRatio,BAU,GUA,COMPOST,,N2O_WASTE,1,2035,,,,,,0.0
EmissionActivityRatio,BAU,GUA,COMPOST,,N2O_WASTE,1,2036,,,,,,0.0
EmissionActivityRatio,BAU,GUA,COMPOST,,N2O_WASTE,1,2037,,,,,,0.0
EmissionActivityRatio,BAU,GUA,COMPOST,,N2O_WASTE,1,2038,,,,,,0.0
EmissionActivityRatio,BAU,GUA,COMPOST,,N2O_WASTE,1,2039,,,,,,0.0
EmissionActivityRatio,BAU,GUA,COMPOST,,N2O_WASTE,1,2040,,,,,,0.0
EmissionActivityRatio,BAU,GUA,COMPOST,,N2O_WASTE,1,2041,,,,,,0.0
EmissionActivityRatio,BAU,GUA,COMPOST,,N2O_WASTE,1,2042,,,,,,0.0
EmissionActivityRatio,BAU,GUA,COMPOST,,N2O_WASTE,1,2043,,,,,,0.0
EmissionActivityRatio,BAU,GUA,COMPOST,,N2O_WASTE,1,2044,,,,,,0.0
EmissionActivityRatio,BAU,GUA,COMPOST,,N2O_WASTE,1,2045,,,,,,0.0
EmissionActivityRatio,BAU,GUA,COMPOST,,N2O_WASTE,1,2046,,,,,,0.0
EmissionActivityRatio,BAU,GUA,COMPOST,,N2O_WASTE,1,2047,,,,,,0.0
EmissionActivityRatio,BAU,GUA,COMPOST,,N2O_WASTE,1,2048,,,,,,0.0
EmissionActivityRatio,BAU,GUA,COMPOST,,N2O_WASTE,1,2049,,,,,,0.0
EmissionActivityRatio,BAU,GUA,COMPOST,,N2O_WASTE,1,2050,,,,,,0.0
EmissionActivityRatio,BAU,GUA,LANDFILL,,CO2e_WASTE,1,2018,,,,,,0.8071
EmissionActivityRatio,BAU,GUA,LANDFILL,,CO2e_WASTE,1,2019,,,,,,0.8296
EmissionActivityRatio,BAU,GUA,LANDFILL,,CO2e_WASTE,1,2020,,,,,,0.9639
EmissionActivityRatio,BAU,GUA,LANDFILL,,CO2e_WASTE,1,2021,,,,,,0.835
EmissionActivityRatio,BAU,GUA,LANDFILL,,CO2e_WASTE,1,2022,,,,,,0.9167
EmissionActivityRatio,BAU,GUA,LANDFILL,,CO2e_WASTE,1,2023,,,,,,0.9296
EmissionActivityRatio,BAU,GUA,LANDFILL,,CO2e_WASTE,1,2024,,,,,,0.9408
EmissionActivityRatio,BAU,GUA,LANDFILL,,CO2e_WASTE,1,2025,,,,,,0.9548
EmissionActivityRatio,BAU,GUA,LANDFILL,,CO2e_WASTE,1,2026,,,,,,0.966
EmissionActivityRatio,BAU,GUA,LANDFILL,,CO2e_WASTE,1,2027,,,,,,0.98
EmissionActivityRatio,BAU,GUA,LANDFILL,,CO2e_WASTE,1,2028,,,,,,0.994
EmissionActivityRatio,BAU,GUA,LANDFILL,,CO2e_WASTE,1,2029,,,,,,1.0052
EmissionActivityRatio,BAU,GUA,LANDFILL,,CO2e_WASTE,1,2030,,,,,,1.0192
EmissionActivityRatio,BAU,GUA,LANDFILL,,CO2e_WASTE,1,2031,,,,,,1.0304
EmissionActivityRatio,BAU,GUA,LANDFILL,,CO2e_WASTE,1,2032,,,,,,1.0444
EmissionActivityRatio,BAU,GUA,LANDFILL,,CO2e_WASTE,1,2033,,,,,,1.0584
EmissionActivityRatio,BAU,GUA,LANDFILL,,CO2e_WASTE,1,2034,,,,,,1.0696
EmissionActivityRatio,BAU,GUA,LANDFILL,,CO2e_WASTE,1,2035,,,,,,1.0836
EmissionActivityRatio,BAU,GUA,LANDFILL,,CO2e_WASTE,1,2036,,,,,,1.0948
EmissionActivityRatio,BAU,GUA,LANDFILL,,CO2e_WASTE,1,2037,,,,,,1.1088
EmissionActivityRatio,BAU,GUA,LANDFILL,,CO2e_WASTE,1,2038,,,,,,1.1228
EmissionActivityRatio,BAU,GUA,LANDFILL,,CO2e_WASTE,1,2039,,,,,,1.134
EmissionActivityRatio,BAU,GUA,LANDFILL,,CO2e_WASTE,1,2040,,,,,,1.148
EmissionActivityRatio,BAU,GUA,LANDFILL,,CO2e_WASTE,1,2041,,,,,,1.1592
EmissionActivityRatio,BAU,GUA,LANDFILL,,CO2e_WASTE,1,2042,,,,,,1.1732
EmissionActivityRatio,BAU,GUA,LANDFILL,,CO2e_WASTE,1,2043,,,,,,1.1872
EmissionActivityRatio,BAU,GUA,LANDFILL,,CO2e_WASTE,1,2044,,,,,,1.1984
EmissionActivityRatio,BAU,GUA,LANDFILL,,CO2e_WASTE,1,2045,,,,,,1.2124
EmissionActivityRatio,BAU,GUA,LANDFILL,,CO2e_WASTE,1,2046,,,,,,1.2236
EmissionActivityRatio,BAU,GUA,LANDFILL,,CO2e_WASTE,1,2047,,,,,,1.2376
EmissionActivityRatio,BAU,GUA,LANDFILL,,CO2e_WASTE,1,2048,,,,,,1.2516
EmissionActivityRatio,BAU,GUA,LANDFILL,,CO2e_WASTE,1,2049,,,,,,1.2628
EmissionActivityRatio,BAU,GUA,LANDFILL,,CO2e_WASTE,1,2050,,,,,,1.2768
EmissionActivityRatio,BAU,GUA,LANDFILL,,CO2_WASTE,1,2018,,,,,,0.0
EmissionActivityRatio,BAU,GUA,LANDFILL,,CO2_WASTE,1,2019,,,,,,0.0
EmissionActivityRatio,BAU,GUA,LANDFILL,,CO2_WASTE,1,2020,,,,,,0.0
EmissionActivityRatio,BAU,GUA,LANDFILL,,CO2_WASTE,1,2021,,,,,,0.0
EmissionActivityRatio,BAU,GUA,LANDFILL,,CO2_WASTE,1,2022,,,,,,0.0
EmissionActivityRatio,BAU,GUA,LANDFILL,,CO2_WASTE,1,2023,,,,,,0.0
EmissionActivityRatio,BAU,GUA,LANDFILL,,CO2_WASTE,1,2024,,,,,,0.0
EmissionActivityRatio,BAU,GUA,LANDFILL,,CO2_WASTE,1,2025,,,,,,0.0
EmissionActivityRatio,BAU,GUA,LANDFILL,,CO2_WASTE,1,2026,,,,,,0.0
EmissionActivityRatio,BAU,GUA,LANDFILL,,CO2_WASTE,1,2027,,,,,,0.0
EmissionActivityRatio,BAU,GUA,LANDFILL,,CO2_WASTE,1,2028,,,,,,0.0
EmissionActivityRatio,BAU,GUA,LANDFILL,,CO2_WASTE,1,2029,,,,,,0.0
EmissionActivityRatio,BAU,GUA,LANDFILL,,CO2_WASTE,1,2030,,,,,,0.0
EmissionActivityRatio,BAU,GUA,LANDFILL,,CO2_WASTE,1,2031,,,,,,0.0
EmissionActivityRatio,BAU,GUA,LANDFILL,,CO2_WASTE,1,2032,,,,,,0.0
EmissionActivityRatio,BAU,GUA,LANDFILL,,CO2_WASTE,1,2033,,,,,,0.0
EmissionActivityRatio,BAU,GUA,LANDFILL,,CO2_WASTE,1,2034,,,,,,0.0
EmissionActivityRatio,BAU,GUA,LANDFILL,,CO2_WASTE,1,2035,,,,,,0.0
EmissionActivityRatio,BAU,GUA,LANDFILL,,CO2_WASTE,1,2036,,,,,,0.0
EmissionActivityRatio,BAU,GUA,LANDFILL,,CO2_WASTE,1,2037,,,,,,0.0
EmissionActivityRatio,BAU,GUA,LANDFILL,,CO2_WASTE,1,2038,,,,,,0.0
EmissionActivityRatio,BAU,GUA,LANDFILL,,CO2_WASTE,1,2039,,,,,,0.0
EmissionActivityRatio,BAU,GUA,LANDFILL,,CO2_WASTE,1,2040,,,,,,0.0
EmissionActivityRatio,BAU,GUA,LANDFILL,,CO2_WASTE,1,2041,,,,,,0.0
EmissionActivityRatio,BAU,GUA,LANDFILL,,CO2_WASTE,1,2042,,,,,,0.0
EmissionActivityRatio,BAU,GUA,LANDFILL,,CO2_WASTE,1,2043,,,,,,0.0
EmissionActivityRatio,BAU,GUA,LANDFILL,,CO2_WASTE,1,2044,,,,,,0.0
EmissionActivityRatio,BAU,GUA,LANDFILL,,CO2_WASTE,1,2045,,,,,,0.0
EmissionActivityRatio,BAU,GUA,LANDFILL,,CO2_WASTE,1,2046,,,,,,0.0
EmissionActivityRatio,BAU,GUA,LANDFILL,,CO2_WASTE,1,2047,,,,,,0.0
EmissionActivityRatio,BAU,GUA,LANDFILL,,CO2_WASTE,1,2048,,,,,,0.0
EmissionActivityRatio,BAU,GUA,LANDFILL,,CO2_WASTE,1,2049,,,,,,0.0
EmissionActivityRatio,BAU,GUA,LANDFILL,,CO2_WASTE,1,2050,,,,,,0.0
EmissionActivityRatio,BAU,GUA,LANDFILL,,CH4_WASTE,1,2018,,,,,,0.0
EmissionActivityRatio,BAU,GUA,LANDFILL,,CH4_WASTE,1,2019,,,,,,0.0
EmissionActivityRatio,BAU,GUA,LANDFILL,,CH4_WASTE,1,2020,,,,,,0.0
EmissionActivityRatio,BAU,GUA,LANDFILL,,CH4_WASTE,1,2021,,,,,,0.0
EmissionActivityRatio,BAU,GUA,LANDFILL,,CH4_WASTE,1,2022,,,,,,0.0
EmissionActivityRatio,BAU,GUA,LANDFILL,,CH4_WASTE,1,2023,,,,,,0.0
EmissionActivityRatio,BAU,GUA,LANDFILL,,CH4_WASTE,1,2024,,,,,,0.0
EmissionActivityRatio,BAU,GUA,LANDFILL,,CH4_WASTE,1,2025,,,,,,0.0
EmissionActivityRatio,BAU,GUA,LANDFILL,,CH4_WASTE,1,2026,,,,,,0.0
EmissionActivityRatio,BAU,GUA,LANDFILL,,CH4_WASTE,1,2027,,,,,,0.0
EmissionActivityRatio,BAU,GUA,LANDFILL,,CH4_WASTE,1,2028,,,,,,0.0
EmissionActivityRatio,BAU,GUA,LANDFILL,,CH4_WASTE,1,2029,,,,,,0.0
EmissionActivityRatio,BAU,GUA,LANDFILL,,CH4_WASTE,1,2030,,,,,,0.0
EmissionActivityRatio,BAU,GUA,LANDFILL,,CH4_WASTE,1,2031,,,,,,0.0
EmissionActivityRatio,BAU,GUA,LANDFILL,,CH4_WASTE,1,2032,,,,,,0.0
EmissionActivityRatio,BAU,GUA,LANDFILL,,CH4_WASTE,1,2033,,,,,,0.0
EmissionActivityRatio,BAU,GUA,LANDFILL,,CH4_WASTE,1,2034,,,,,,0.0
EmissionActivityRatio,BAU,GUA,LANDFILL,,CH4_WASTE,1,2035,,,,,,0.0
EmissionActivityRatio,BAU,GUA,LANDFILL,,CH4_WASTE,1,2036,,,,,,0.0
EmissionActivityRatio,BAU,GUA,LANDFILL,,CH4_WASTE,1,2037,,,,,,0.0
EmissionActivityRatio,BAU,GUA,LANDFILL,,CH4_WASTE,1,2038,,,,,,0.0
EmissionActivityRatio,BAU,GUA,LANDFILL,,CH4_WASTE,1,2039,,,,,,0.0
EmissionActivityRatio,BAU,GUA,LANDFILL,,CH4_WASTE,1,2040,,,,,,0.0
EmissionActivityRatio,BAU,GUA,LANDFILL,,CH4_WASTE,1,2041,,,,,,0.0
EmissionActivityRatio,BAU,GUA,LANDFILL,,CH4_WASTE,1,2042,,,,,,0.0
EmissionActivityRatio,BAU,GUA,LANDFILL,,CH4_WASTE,1,2043,,,,,,0.0
EmissionActivityRatio,BAU,GUA,LANDFILL,,CH4_WASTE,1,2044,,,,,,0.0
EmissionActivityRatio,BAU,GUA,LANDFILL,,CH4_WASTE,1,2045,,,,,,0.0
EmissionActivityRatio,BAU,GUA,LANDFILL,,CH4_WASTE,1,2046,,,,,,0.0
EmissionActivityRatio,BAU,GUA,LANDFILL,,CH4_WASTE,1,2047,,,,,,0.0
EmissionActivityRatio,BAU,GUA,LANDFILL,,CH4_WASTE,1,2048,,,,,,0.0
EmissionActivityRatio,BAU,GUA,LANDFILL,,CH4_WASTE,1,2049,,,,,,0.0
EmissionActivityRatio,BAU,GUA,LANDFILL,,CH4_WASTE,1,2050,,,,,,0.0
EmissionActivityRatio,BAU,GUA,LANDFILL,,N2O_WASTE,1,2018,,,,,,0.0
EmissionActivityRatio,BAU,GUA,LANDFILL,,N2O_WASTE,1,2019,,,,,,0.0
EmissionActivityRatio,BAU,GUA,LANDFILL,,N2O_WASTE,1,2020,,,,,,0.0
EmissionActivityRatio,BAU,GUA,LANDFILL,,N2O_WASTE,1,2021,,,,,,0.0
EmissionActivityRatio,BAU,GUA,LANDFILL,,N2O_WASTE,1,2022,,,,,,0.0
EmissionActivityRatio,BAU,GUA,LANDFILL,,N2O_WASTE,1,2023,,,,,,0.0
EmissionActivityRatio,BAU,GUA,LANDFILL,,N2O_WASTE,1,2024,,,,,,0.0
EmissionActivityRatio,BAU,GUA,LANDFILL,,N2O_WASTE,1,2025,,,,,,0.0
EmissionActivityRatio,BAU,GUA,LANDFILL,,N2O_WASTE,1,2026,,,,,,0.0
EmissionActivityRatio,BAU,GUA,LANDFILL,,N2O_WASTE,1,2027,,,,,,0.0
EmissionActivityRatio,BAU,GUA,LANDFILL,,N2O_WASTE,1,2028,,,,,,0.0
EmissionActivityRatio,BAU,GUA,LANDFILL,,N2O_WASTE,1,2029,,,,,,0.0
EmissionActivityRatio,BAU,GUA,LANDFILL,,N2O_WASTE,1,2030,,,,,,0.0
EmissionActivityRatio,BAU,GUA,LANDFILL,,N2O_WASTE,1,2031,,,,,,0.0
EmissionActivityRatio,BAU,GUA,LANDFILL,,N2O_WASTE,1,2032,,,,,,0.0
EmissionActivityRatio,BAU,GUA,LANDFILL,,N2O_WASTE,1,2033,,,,,,0.0
EmissionActivityRatio,BAU,GUA,LANDFILL,,N2O_WASTE,1,2034,,,,,,0.0
EmissionActivityRatio,BAU,GUA,LANDFILL,,N2O_WASTE,1,2035,,,,,,0.0
EmissionActivityRatio,BAU,GUA,LANDFILL,,N2O_WASTE,1,2036,,,,,,0.0
EmissionActivityRatio,BAU,GUA,LANDFILL,,N2O_WASTE,1,2037,,,,,,0.0
EmissionActivityRatio,BAU,GUA,LANDFILL,,N2O_WASTE,1,2038,,,,,,0.0
EmissionActivityRatio,BAU,GUA,LANDFILL,,N2O_WASTE,1,2039,,,,,,0.0
EmissionActivityRatio,BAU,GUA,LANDFILL,,N2O_WASTE,1,2040,,,,,,0.0
EmissionActivityRatio,BAU,GUA,LANDFILL,,N2O_WASTE,1,2041,,,,,,0.0
EmissionActivityRatio,BAU,GUA,LANDFILL,,N2O_WASTE,1,2042,,,,,,0.0
EmissionActivityRatio,BAU,GUA,LANDFILL,,N2O_WASTE,1,2043,,,,,,0.0
EmissionActivityRatio,BAU,GUA,LANDFILL,,N2O_WASTE,1,2044,,,,,,0.0
EmissionActivityRatio,BAU,GUA,LANDFILL,,N2O_WASTE,1,2045,,,,,,0.0
EmissionActivityRatio,BAU,GUA,LANDFILL,,N2O_WASTE,1,2046,,,,,,0.0
EmissionActivityRatio,BAU,GUA,LANDFILL,,N2O_WASTE,1,2047,,,,,,0.0
EmissionActivityRatio,BAU,GUA,LANDFILL,,N2O_WASTE,1,2048,,,,,,0.0
EmissionActivityRatio,BAU,GUA,LANDFILL,,N2O_WASTE,1,2049,,,,,,0.0
EmissionActivityRatio,BAU,GUA,LANDFILL,,N2O_WASTE,1,2050,,,,,,0.0
EmissionActivityRatio,BAU,GUA,NO_CONTR_OD,,CO2e_WASTE,1,2018,,,,,,0.3921
EmissionActivityRatio,BAU,GUA,NO_CONTR_OD,,CO2e_WASTE,1,2019,,,,,,0.3931
EmissionActivityRatio,BAU,GUA,NO_CONTR_OD,,CO2e_WASTE,1,2020,,,,,,0.3926
EmissionActivityRatio,BAU,GUA,NO_CONTR_OD,,CO2e_WASTE,1,2021,,,,,,0.3926
EmissionActivityRatio,BAU,GUA,NO_CONTR_OD,,CO2e_WASTE,1,2022,,,,,,0.393
EmissionActivityRatio,BAU,GUA,NO_CONTR_OD,,CO2e_WASTE,1,2023,,,,,,0.392
EmissionActivityRatio,BAU,GUA,NO_CONTR_OD,,CO2e_WASTE,1,2024,,,,,,0.392
EmissionActivityRatio,BAU,GUA,NO_CONTR_OD,,CO2e_WASTE,1,2025,,,,,,0.392
EmissionActivityRatio,BAU,GUA,NO_CONTR_OD,,CO2e_WASTE,1,2026,,,,,,0.392
EmissionActivityRatio,BAU,GUA,NO_CONTR_OD,,CO2e_WASTE,1,2027,,,,,,0.392
EmissionActivityRatio,BAU,GUA,NO_CONTR_OD,,CO2e_WASTE,1,2028,,,,,,0.392
EmissionActivityRatio,BAU,GUA,NO_CONTR_OD,,CO2e_WASTE,1,2029,,,,,,0.392
EmissionActivityRatio,BAU,GUA,NO_CONTR_OD,,CO2e_WASTE,1,2030,,,,,,0.392
EmissionActivityRatio,BAU,GUA,NO_CONTR_OD,,CO2e_WASTE,1,2031,,,,,,0.392
EmissionActivityRatio,BAU,GUA,NO_CONTR_OD,,CO2e_WASTE,1,2032,,,,,,0.392
EmissionActivityRatio,BAU,GUA,NO_CONTR_OD,,CO2e_WASTE,1,2033,,,,,,0.392
EmissionActivityRatio,BAU,GUA,NO_CONTR_OD,,CO2e_WASTE,1,2034,,,,,,0.392
EmissionActivityRatio,BAU,GUA,NO_CONTR_OD,,CO2e_WASTE,1,2035,,,,,,0.392
EmissionActivityRatio,BAU,GUA,NO_CONTR_OD,,CO2e_WASTE,1,2036,,,,,,0.392
EmissionActivityRatio,BAU,GUA,NO_CONTR_OD,,CO2e_WASTE,1,2037,,,,,,0.392
EmissionActivityRatio,BAU,GUA,NO_CONTR_OD,,CO2e_WASTE,1,2038,,,,,,0.392
EmissionActivityRatio,BAU,GUA,NO_CONTR_OD,,CO2e_WASTE,1,2039,,,,,,0.392
EmissionActivityRatio,BAU,GUA,NO_CONTR_OD,,CO2e_WASTE,1,2040,,,,,,0.392
EmissionActivityRatio,BAU,GUA,NO_CONTR_OD,,CO2e_WASTE,1,2041,,,,,,0.392
EmissionActivityRatio,BAU,GUA,NO_CONTR_OD,,CO2e_WASTE,1,2042,,,,,,0.392
EmissionActivityRatio,BAU,GUA,NO_CONTR_OD,,CO2e_WASTE,1,2043,,,,,,0.392
EmissionActivityRatio,BAU,GUA,NO_CONTR_OD,,CO2e_WASTE,1,2044,,,,,,0.392
EmissionActivityRatio,BAU,GUA,NO_CONTR_OD,,CO2e_WASTE,1,2045,,,,,,0.392
EmissionActivityRatio,BAU,GUA,NO_CONTR_OD,,CO2e_WASTE,1,2046,,,,,,0.392
EmissionActivityRatio,BAU,GUA,NO_CONTR_OD,,CO2e_WASTE,1,2047,,,,,,0.392
EmissionActivityRatio,BAU,GUA,NO_CONTR_OD,,CO2e_WASTE,1,2048,,,,,,0.392
EmissionActivityRatio,BAU,GUA,NO_CONTR_OD,,CO2e_WASTE,1,2049,,,,,,0.392
EmissionActivityRatio,BAU,GUA,NO_CONTR_OD,,CO2e_WASTE,1,2050,,,,,,0.392
EmissionActivityRatio,BAU,GUA,NO_CONTR_OD,,CO2_WASTE,1,2018,,,,,,0.0
EmissionActivityRatio,BAU,GUA,NO_CONTR_OD,,CO2_WASTE,1,2019,,,,,,0.0
EmissionActivityRatio,BAU,GUA,NO_CONTR_OD,,CO2_WASTE,1,2020,,,,,,0.0
EmissionActivityRatio,BAU,GUA,NO_CONTR_OD,,CO2_WASTE,1,2021,,,,,,0.0
EmissionActivityRatio,BAU,GUA,NO_CONTR_OD,,CO2_WASTE,1,2022,,,,,,0.0
EmissionActivityRatio,BAU,GUA,NO_CONTR_OD,,CO2_WASTE,1,2023,,,,,,0.0
EmissionActivityRatio,BAU,GUA,NO_CONTR_OD,,CO2_WASTE,1,2024,,,,,,0.0
EmissionActivityRatio,BAU,GUA,NO_CONTR_OD,,CO2_WASTE,1,2025,,,,,,0.0
EmissionActivityRatio,BAU,GUA,NO_CONTR_OD,,CO2_WASTE,1,2026,,,,,,0.0
EmissionActivityRatio,BAU,GUA,NO_CONTR_OD,,CO2_WASTE,1,2027,,,,,,0.0
EmissionActivityRatio,BAU,GUA,NO_CONTR_OD,,CO2_WASTE,1,2028,,,,,,0.0
EmissionActivityRatio,BAU,GUA,NO_CONTR_OD,,CO2_WASTE,1,2029,,,,,,0.0
EmissionActivityRatio,BAU,GUA,NO_CONTR_OD,,CO2_WASTE,1,2030,,,,,,0.0
EmissionActivityRatio,BAU,GUA,NO_CONTR_OD,,CO2_WASTE,1,2031,,,,,,0.0
EmissionActivityRatio,BAU,GUA,NO_CONTR_OD,,CO2_WASTE,1,2032,,,,,,0.0
EmissionActivityRatio,BAU,GUA,NO_CONTR_OD,,CO2_WASTE,1,2033,,,,,,0.0
EmissionActivityRatio,BAU,GUA,NO_CONTR_OD,,CO2_WASTE,1,2034,,,,,,0.0
EmissionActivityRatio,BAU,GUA,NO_CONTR_OD,,CO2_WASTE,1,2035,,,,,,0.0
EmissionActivityRatio,BAU,GUA,NO_CONTR_OD,,CO2_WASTE,1,2036,,,,,,0.0
EmissionActivityRatio,BAU,GUA,NO_CONTR_OD,,CO2_WASTE,1,2037,,,,,,0.0
EmissionActivityRatio,BAU,GUA,NO_CONTR_OD,,CO2_WASTE,1,2038,,,,,,0.0
EmissionActivityRatio,BAU,GUA,NO_CONTR_OD,,CO2_WASTE,1,2039,,,,,,0.0
EmissionActivityRatio,BAU,GUA,NO_CONTR_OD,,CO2_WASTE,1,2040,,,,,,0.0
EmissionActivityRatio,BAU,GUA,NO_CONTR_OD,,CO2_WASTE,1,2041,,,,,,0.0
EmissionActivityRatio,BAU,GUA,NO_CONTR_OD,,CO2_WASTE,1,2042,,,,,,0.0
EmissionActivityRatio,BAU,GUA,NO_CONTR_OD,,CO2_WASTE,1,2043,,,,,,0.0
EmissionActivityRatio,BAU,GUA,NO_CONTR_OD,,CO2_WASTE,1,2044,,,,,,0.0
EmissionActivityRatio,BAU,GUA,NO_CONTR_OD,,CO2_WASTE,1,2045,,,,,,0.0
EmissionActivityRatio,BAU,GUA,NO_CONTR_OD,,CO2_WASTE,1,2046,,,,,,0.0
EmissionActivityRatio,BAU,GUA,NO_CONTR_OD,,CO2_WASTE,1,2047,,,,,,0.0
EmissionActivityRatio,BAU,GUA,NO_CONTR_OD,,CO2_WASTE,1,2048,,,,,,0.0
EmissionActivityRatio,BAU,GUA,NO_CONTR_OD,,CO2_WASTE,1,2049,,,,,,0.0
EmissionActivityRatio,BAU,GUA,NO_CONTR_OD,,CO2_WASTE,1,2050,,,,,,0.0
EmissionActivityRatio,BAU,GUA,NO_CONTR_OD,,CH4_WASTE,1,2018,,,,,,0.0
EmissionActivityRatio,BAU,GUA,NO_CONTR_OD,,CH4_WASTE,1,2019,,,,,,0.0
EmissionActivityRatio,BAU,GUA,NO_CONTR_OD,,CH4_WASTE,1,2020,,,,,,0.0
EmissionActivityRatio,BAU,GUA,NO_CONTR_OD,,CH4_WASTE,1,2021,,,,,,0.0
EmissionActivityRatio,BAU,GUA,NO_CONTR_OD,,CH4_WASTE,1,2022,,,,,,0.0
EmissionActivityRatio,BAU,GUA,NO_CONTR_OD,,CH4_WASTE,1,2023,,,,,,0.0
EmissionActivityRatio,BAU,GUA,NO_CONTR_OD,,CH4_WASTE,1,2024,,,,,,0.0
EmissionActivityRatio,BAU,GUA,NO_CONTR_OD,,CH4_WASTE,1,2025,,,,,,0.0
EmissionActivityRatio,BAU,GUA,NO_CONTR_OD,,CH4_WASTE,1,2026,,,,,,0.0
EmissionActivityRatio,BAU,GUA,NO_CONTR_OD,,CH4_WASTE,1,2027,,,,,,0.0
EmissionActivityRatio,BAU,GUA,NO_CONTR_OD,,CH4_WASTE,1,2028,,,,,,0.0
EmissionActivityRatio,BAU,GUA,NO_CONTR_OD,,CH4_WASTE,1,2029,,,,,,0.0
EmissionActivityRatio,BAU,GUA,NO_CONTR_OD,,CH4_WASTE,1,2030,,,,,,0.0
EmissionActivityRatio,BAU,GUA,NO_CONTR_OD,,CH4_WASTE,1,2031,,,,,,0.0
EmissionActivityRatio,BAU,GUA,NO_CONTR_OD,,CH4_WASTE,1,2032,,,,,,0.0
EmissionActivityRatio,BAU,GUA,NO_CONTR_OD,,CH4_WASTE,1,2033,,,,,,0.0
EmissionActivityRatio,BAU,GUA,NO_CONTR_OD,,CH4_WASTE,1,2034,,,,,,0.0
EmissionActivityRatio,BAU,GUA,NO_CONTR_OD,,CH4_WASTE,1,2035,,,,,,0.0
EmissionActivityRatio,BAU,GUA,NO_CONTR_OD,,CH4_WASTE,1,2036,,,,,,0.0
EmissionActivityRatio,BAU,GUA,NO_CONTR_OD,,CH4_WASTE,1,2037,,,,,,0.0
EmissionActivityRatio,BAU,GUA,NO_CONTR_OD,,CH4_WASTE,1,2038,,,,,,0.0
EmissionActivityRatio,BAU,GUA,NO_CONTR_OD,,CH4_WASTE,1,2039,,,,,,0.0
EmissionActivityRatio,BAU,GUA,NO_CONTR_OD,,CH4_WASTE,1,2040,,,,,,0.0
EmissionActivityRatio,BAU,GUA,NO_CONTR_OD,,CH4_WASTE,1,2041,,,,,,0.0
EmissionActivityRatio,BAU,GUA,NO_CONTR_OD,,CH4_WASTE,1,2042,,,,,,0.0
EmissionActivityRatio,BAU,GUA,NO_CONTR_OD,,CH4_WASTE,1,2043,,,,,,0.0
EmissionActivityRatio,BAU,GUA,NO_CONTR_OD,,CH4_WASTE,1,2044,,,,,,0.0
EmissionActivityRatio,BAU,GUA,NO_CONTR_OD,,CH4_WASTE,1,2045,,,,,,0.0
EmissionActivityRatio,BAU,GUA,NO_CONTR_OD,,CH4_WASTE,1,2046,,,,,,0.0
EmissionActivityRatio,BAU,GUA,NO_CONTR_OD,,CH4_WASTE,1,2047,,,,,,0.0
EmissionActivityRatio,BAU,GUA,NO_CONTR_OD,,CH4_WASTE,1,2048,,,,,,0.0
EmissionActivityRatio,BAU,GUA,NO_CONTR_OD,,CH4_WASTE,1,2049,,,,,,0.0
EmissionActivityRatio,BAU,GUA,NO_CONTR_OD,,CH4_WASTE,1,2050,,,,,,0.0
EmissionActivityRatio,BAU,GUA,NO_CONTR_OD,,N2O_WASTE,1,2018,,,,,,0.0
EmissionActivityRatio,BAU,GUA,NO_CONTR_OD,,N2O_WASTE,1,2019,,,,,,0.0
EmissionActivityRatio,BAU,GUA,NO_CONTR_OD,,N2O_WASTE,1,2020,,,,,,0.0
EmissionActivityRatio,BAU,GUA,NO_CONTR_OD,,N2O_WASTE,1,2021,,,,,,0.0
EmissionActivityRatio,BAU,GUA,NO_CONTR_OD,,N2O_WASTE,1,2022,,,,,,0.0
EmissionActivityRatio,BAU,GUA,NO_CONTR_OD,,N2O_WASTE,1,2023,,,,,,0.0
EmissionActivityRatio,BAU,GUA,NO_CONTR_OD,,N2O_WASTE,1,2024,,,,,,0.0
EmissionActivityRatio,BAU,GUA,NO_CONTR_OD,,N2O_WASTE,1,2025,,,,,,0.0
EmissionActivityRatio,BAU,GUA,NO_CONTR_OD,,N2O_WASTE,1,2026,,,,,,0.0
EmissionActivityRatio,BAU,GUA,NO_CONTR_OD,,N2O_WASTE,1,2027,,,,,,0.0
EmissionActivityRatio,BAU,GUA,NO_CONTR_OD,,N2O_WASTE,1,2028,,,,,,0.0
EmissionActivityRatio,BAU,GUA,NO_CONTR_OD,,N2O_WASTE,1,2029,,,,,,0.0
EmissionActivityRatio,BAU,GUA,NO_CONTR_OD,,N2O_WASTE,1,2030,,,,,,0.0
EmissionActivityRatio,BAU,GUA,NO_CONTR_OD,,N2O_WASTE,1,2031,,,,,,0.0
EmissionActivityRatio,BAU,GUA,NO_CONTR_OD,,N2O_WASTE,1,2032,,,,,,0.0
EmissionActivityRatio,BAU,GUA,NO_CONTR_OD,,N2O_WASTE,1,2033,,,,,,0.0
EmissionActivityRatio,BAU,GUA,NO_CONTR_OD,,N2O_WASTE,1,2034,,,,,,0.0
EmissionActivityRatio,BAU,GUA,NO_CONTR_OD,,N2O_WASTE,1,2035,,,,,,0.0
EmissionActivityRatio,BAU,GUA,NO_CONTR_OD,,N2O_WASTE,1,2036,,,,,,0.0
EmissionActivityRatio,BAU,GUA,NO_CONTR_OD,,N2O_WASTE,1,2037,,,,,,0.0
EmissionActivityRatio,BAU,GUA,NO_CONTR_OD,,N2O_WASTE,1,2038,,,,,,0.0
EmissionActivityRatio,BAU,GUA,NO_CONTR_OD,,N2O_WASTE,1,2039,,,,,,0.0
EmissionActivityRatio,BAU,GUA,NO_CONTR_OD,,N2O_WASTE,1,2040,,,,,,0.0
EmissionActivityRatio,BAU,GUA,NO_CONTR_OD,,N2O_WASTE,1,2041,,,,,,0.0
EmissionActivityRatio,BAU,GUA,NO_CONTR_OD,,N2O_WASTE,1,2042,,,,,,0.0
EmissionActivityRatio,BAU,GUA,NO_CONTR_OD,,N2O_WASTE,1,2043,,,,,,0.0
EmissionActivityRatio,BAU,GUA,NO_CONTR_OD,,N2O_WASTE,1,2044,,,,,,0.0
EmissionActivityRatio,BAU,GUA,NO_CONTR_OD,,N2O_WASTE,1,2045,,,,,,0.0
EmissionActivityRatio,BAU,GUA,NO_CONTR_OD,,N2O_WASTE,1,2046,,,,,,0.0
EmissionActivityRatio,BAU,GUA,NO_CONTR_OD,,N2O_WASTE,1,2047,,,,,,0.0
EmissionActivityRatio,BAU,GUA,NO_CONTR_OD,,N2O_WASTE,1,2048,,,,,,0.0
EmissionActivityRatio,BAU,GUA,NO_CONTR_OD,,N2O_WASTE,1,2049,,,,,,0.0
EmissionActivityRatio,BAU,GUA,NO_CONTR_OD,,N2O_WASTE,1,2050,,,,,,0.0
EmissionActivityRatio,BAU,GUA,COPROC,,CO2e_WASTE,1,2018,,,,,,0.0
EmissionActivityRatio,BAU,GUA,COPROC,,CO2e_WASTE,1,2019,,,,,,0.0
EmissionActivityRatio,BAU,GUA,COPROC,,CO2e_WASTE,1,2020,,,,,,0.0
EmissionActivityRatio,BAU,GUA,COPROC,,CO2e_WASTE,1,2021,,,,,,0.0
EmissionActivityRatio,BAU,GUA,COPROC,,CO2e_WASTE,1,2022,,,,,,0.0
EmissionActivityRatio,BAU,GUA,COPROC,,CO2e_WASTE,1,2023,,,,,,0.0
EmissionActivityRatio,BAU,GUA,COPROC,,CO2e_WASTE,1,2024,,,,,,0.0
EmissionActivityRatio,BAU,GUA,COPROC,,CO2e_WASTE,1,2025,,,,,,0.0
EmissionActivityRatio,BAU,GUA,COPROC,,CO2e_WASTE,1,2026,,,,,,0.0
EmissionActivityRatio,BAU,GUA,COPROC,,CO2e_WASTE,1,2027,,,,,,0.0
EmissionActivityRatio,BAU,GUA,COPROC,,CO2e_WASTE,1,2028,,,,,,0.0
EmissionActivityRatio,BAU,GUA,COPROC,,CO2e_WASTE,1,2029,,,,,,0.0
EmissionActivityRatio,BAU,GUA,COPROC,,CO2e_WASTE,1,2030,,,,,,0.0
EmissionActivityRatio,BAU,GUA,COPROC,,CO2e_WASTE,1,2031,,,,,,0.0
EmissionActivityRatio,BAU,GUA,COPROC,,CO2e_WASTE,1,2032,,,,,,0.0
EmissionActivityRatio,BAU,GUA,COPROC,,CO2e_WASTE,1,2033,,,,,,0.0
EmissionActivityRatio,BAU,GUA,COPROC,,CO2e_WASTE,1,2034,,,,,,0.0
EmissionActivityRatio,BAU,GUA,COPROC,,CO2e_WASTE,1,2035,,,,,,0.0
EmissionActivityRatio,BAU,GUA,COPROC,,CO2e_WASTE,1,2036,,,,,,0.0
EmissionActivityRatio,BAU,GUA,COPROC,,CO2e_WASTE,1,2037,,,,,,0.0
EmissionActivityRatio,BAU,GUA,COPROC,,CO2e_WASTE,1,2038,,,,,,0.0
EmissionActivityRatio,BAU,GUA,COPROC,,CO2e_WASTE,1,2039,,,,,,0.0
EmissionActivityRatio,BAU,GUA,COPROC,,CO2e_WASTE,1,2040,,,,,,0.0
EmissionActivityRatio,BAU,GUA,COPROC,,CO2e_WASTE,1,2041,,,,,,0.0
EmissionActivityRatio,BAU,GUA,COPROC,,CO2e_WASTE,1,2042,,,,,,0.0
EmissionActivityRatio,BAU,GUA,COPROC,,CO2e_WASTE,1,2043,,,,,,0.0
EmissionActivityRatio,BAU,GUA,COPROC,,CO2e_WASTE,1,2044,,,,,,0.0
EmissionActivityRatio,BAU,GUA,COPROC,,CO2e_WASTE,1,2045,,,,,,0.0
EmissionActivityRatio,BAU,GUA,COPROC,,CO2e_WASTE,1,2046,,,,,,0.0
EmissionActivityRatio,BAU,GUA,COPROC,,CO2e_WASTE,1,2047,,,,,,0.0
EmissionActivityRatio,BAU,GUA,COPROC,,CO2e_WASTE,1,2048,,,,,,0.0
EmissionActivityRatio,BAU,GUA,COPROC,,CO2e_WASTE,1,2049,,,,,,0.0
EmissionActivityRatio,BAU,GUA,COPROC,,CO2e_WASTE,1,2050,,,,,,0.0
EmissionActivityRatio,BAU,GUA,COPROC,,CO2_WASTE,1,2018,,,,,,0.0
EmissionActivityRatio,BAU,GUA,COPROC,,CO2_WASTE,1,2019,,,,,,0.0
EmissionActivityRatio,BAU,GUA,COPROC,,CO2_WASTE,1,2020,,,,,,0.0
EmissionActivityRatio,BAU,GUA,COPROC,,CO2_WASTE,1,2021,,,,,,0.0
EmissionActivityRatio,BAU,GUA,COPROC,,CO2_WASTE,1,2022,,,,,,0.0
EmissionActivityRatio,BAU,GUA,COPROC,,CO2_WASTE,1,2023,,,,,,0.0
EmissionActivityRatio,BAU,GUA,COPROC,,CO2_WASTE,1,2024,,,,,,0.0
EmissionActivityRatio,BAU,GUA,COPROC,,CO2_WASTE,1,2025,,,,,,0.0
EmissionActivityRatio,BAU,GUA,COPROC,,CO2_WASTE,1,2026,,,,,,0.0
EmissionActivityRatio,BAU,GUA,COPROC,,CO2_WASTE,1,2027,,,,,,0.0
EmissionActivityRatio,BAU,GUA,COPROC,,CO2_WASTE,1,2028,,,,,,0.0
EmissionActivityRatio,BAU,GUA,COPROC,,CO2_WASTE,1,2029,,,,,,0.0
EmissionActivityRatio,BAU,GUA,COPROC,,CO2_WASTE,1,2030,,,,,,0.0
EmissionActivityRatio,BAU,GUA,COPROC,,CO2_WASTE,1,2031,,,,,,0.0
EmissionActivityRatio,BAU,GUA,COPROC,,CO2_WASTE,1,2032,,,,,,0.0
EmissionActivityRatio,BAU,GUA,COPROC,,CO2_WASTE,1,2033,,,,,,0.0
EmissionActivityRatio,BAU,GUA,COPROC,,CO2_WASTE,1,2034,,,,,,0.0
EmissionActivityRatio,BAU,GUA,COPROC,,CO2_WASTE,1,2035,,,,,,0.0
EmissionActivityRatio,BAU,GUA,COPROC,,CO2_WASTE,1,2036,,,,,,0.0
EmissionActivityRatio,BAU,GUA,COPROC,,CO2_WASTE,1,2037,,,,,,0.0
EmissionActivityRatio,BAU,GUA,COPROC,,CO2_WASTE,1,2038,,,,,,0.0
EmissionActivityRatio,BAU,GUA,COPROC,,CO2_WASTE,1,2039,,,,,,0.0
EmissionActivityRatio,BAU,GUA,COPROC,,CO2_WASTE,1,2040,,,,,,0.0
EmissionActivityRatio,BAU,GUA,COPROC,,CO2_WASTE,1,2041,,,,,,0.0
EmissionActivityRatio,BAU,GUA,COPROC,,CO2_WASTE,1,2042,,,,,,0.0
EmissionActivityRatio,BAU,GUA,COPROC,,CO2_WASTE,1,2043,,,,,,0.0
EmissionActivityRatio,BAU,GUA,COPROC,,CO2_WASTE,1,2044,,,,,,0.0
EmissionActivityRatio,BAU,GUA,COPROC,,CO2_WASTE,1,2045,,,,,,0.0
EmissionActivityRatio,BAU,GUA,COPROC,,CO2_WASTE,1,2046,,,,,,0.0
EmissionActivityRatio,BAU,GUA,COPROC,,CO2_WASTE,1,2047,,,,,,0.0
EmissionActivityRatio,BAU,GUA,COPROC,,CO2_WASTE,1,2048,,,,,,0.0
EmissionActivityRatio,BAU,GUA,COPROC,,CO2_WASTE,1,2049,,,,,,0.0
EmissionActivityRatio,BAU,GUA,COPROC,,CO2_WASTE,1,2050,,,,,,0.0
EmissionActivityRatio,BAU,GUA,COPROC,,CH4_WASTE,1,2018,,,,,,0.0
EmissionActivityRatio,BAU,GUA,COPROC,,CH4_WASTE,1,2019,,,,,,0.0
EmissionActivityRatio,BAU,GUA,COPROC,,CH4_WASTE,1,2020,,,,,,0.0
EmissionActivityRatio,BAU,GUA,COPROC,,CH4_WASTE,1,2021,,,,,,0.0
EmissionActivityRatio,BAU,GUA,COPROC,,CH4_WASTE,1,2022,,,,,,0.0
EmissionActivityRatio,BAU,GUA,COPROC,,CH4_WASTE,1,2023,,,,,,0.0
EmissionActivityRatio,BAU,GUA,COPROC,,CH4_WASTE,1,2024,,,,,,0.0
EmissionActivityRatio,BAU,GUA,COPROC,,CH4_WASTE,1,2025,,,,,,0.0
EmissionActivityRatio,BAU,GUA,COPROC,,CH4_WASTE,1,2026,,,,,,0.0
EmissionActivityRatio,BAU,GUA,COPROC,,CH4_WASTE,1,2027,,,,,,0.0
EmissionActivityRatio,BAU,GUA,COPROC,,CH4_WASTE,1,2028,,,,,,0.0
EmissionActivityRatio,BAU,GUA,COPROC,,CH4_WASTE,1,2029,,,,,,0.0
EmissionActivityRatio,BAU,GUA,COPROC,,CH4_WASTE,1,2030,,,,,,0.0
EmissionActivityRatio,BAU,GUA,COPROC,,CH4_WASTE,1,2031,,,,,,0.0
EmissionActivityRatio,BAU,GUA,COPROC,,CH4_WASTE,1,2032,,,,,,0.0
EmissionActivityRatio,BAU,GUA,COPROC,,CH4_WASTE,1,2033,,,,,,0.0
EmissionActivityRatio,BAU,GUA,COPROC,,CH4_WASTE,1,2034,,,,,,0.0
EmissionActivityRatio,BAU,GUA,COPROC,,CH4_WASTE,1,2035,,,,,,0.0
EmissionActivityRatio,BAU,GUA,COPROC,,CH4_WASTE,1,2036,,,,,,0.0
EmissionActivityRatio,BAU,GUA,COPROC,,CH4_WASTE,1,2037,,,,,,0.0
EmissionActivityRatio,BAU,GUA,COPROC,,CH4_WASTE,1,2038,,,,,,0.0
EmissionActivityRatio,BAU,GUA,COPROC,,CH4_WASTE,1,2039,,,,,,0.0
EmissionActivityRatio,BAU,GUA,COPROC,,CH4_WASTE,1,2040,,,,,,0.0
EmissionActivityRatio,BAU,GUA,COPROC,,CH4_WASTE,1,2041,,,,,,0.0
EmissionActivityRatio,BAU,GUA,COPROC,,CH4_WASTE,1,2042,,,,,,0.0
EmissionActivityRatio,BAU,GUA,COPROC,,CH4_WASTE,1,2043,,,,,,0.0
EmissionActivityRatio,BAU,GUA,COPROC,,CH4_WASTE,1,2044,,,,,,0.0
EmissionActivityRatio,BAU,GUA,COPROC,,CH4_WASTE,1,2045,,,,,,0.0
EmissionActivityRatio,BAU,GUA,COPROC,,CH4_WASTE,1,2046,,,,,,0.0
EmissionActivityRatio,BAU,GUA,COPROC,,CH4_WASTE,1,2047,,,,,,0.0
EmissionActivityRatio,BAU,GUA,COPROC,,CH4_WASTE,1,2048,,,,,,0.0
EmissionActivityRatio,BAU,GUA,COPROC,,CH4_WASTE,1,2049,,,,,,0.0
EmissionActivityRatio,BAU,GUA,COPROC,,CH4_WASTE,1,2050,,,,,,0.0
EmissionActivityRatio,BAU,GUA,COPROC,,N2O_WASTE,1,2018,,,,,,0.0
EmissionActivityRatio,BAU,GUA,COPROC,,N2O_WASTE,1,2019,,,,,,0.0
EmissionActivityRatio,BAU,GUA,COPROC,,N2O_WASTE,1,2020,,,,,,0.0
EmissionActivityRatio,BAU,GUA,COPROC,,N2O_WASTE,1,2021,,,,,,0.0
EmissionActivityRatio,BAU,GUA,COPROC,,N2O_WASTE,1,2022,,,,,,0.0
EmissionActivityRatio,BAU,GUA,COPROC,,N2O_WASTE,1,2023,,,,,,0.0
EmissionActivityRatio,BAU,GUA,COPROC,,N2O_WASTE,1,2024,,,,,,0.0
EmissionActivityRatio,BAU,GUA,COPROC,,N2O_WASTE,1,2025,,,,,,0.0
EmissionActivityRatio,BAU,GUA,COPROC,,N2O_WASTE,1,2026,,,,,,0.0
EmissionActivityRatio,BAU,GUA,COPROC,,N2O_WASTE,1,2027,,,,,,0.0
EmissionActivityRatio,BAU,GUA,COPROC,,N2O_WASTE,1,2028,,,,,,0.0
EmissionActivityRatio,BAU,GUA,COPROC,,N2O_WASTE,1,2029,,,,,,0.0
EmissionActivityRatio,BAU,GUA,COPROC,,N2O_WASTE,1,2030,,,,,,0.0
EmissionActivityRatio,BAU,GUA,COPROC,,N2O_WASTE,1,2031,,,,,,0.0
EmissionActivityRatio,BAU,GUA,COPROC,,N2O_WASTE,1,2032,,,,,,0.0
EmissionActivityRatio,BAU,GUA,COPROC,,N2O_WASTE,1,2033,,,,,,0.0
EmissionActivityRatio,BAU,GUA,COPROC,,N2O_WASTE,1,2034,,,,,,0.0
EmissionActivityRatio,BAU,GUA,COPROC,,N2O_WASTE,1,2035,,,,,,0.0
EmissionActivityRatio,BAU,GUA,COPROC,,N2O_WASTE,1,2036,,,,,,0.0
EmissionActivityRatio,BAU,GUA,COPROC,,N2O_WASTE,1,2037,,,,,,0.0
EmissionActivityRatio,BAU,GUA,COPROC,,N2O_WASTE,1,2038,,,,,,0.0
EmissionActivityRatio,BAU,GUA,COPROC,,N2O_WASTE,1,2039,,,,,,0.0
EmissionActivityRatio,BAU,GUA,COPROC,,N2O_WASTE,1,2040,,,,,,0.0
EmissionActivityRatio,BAU,GUA,COPROC,,N2O_WASTE,1,2041,,,,,,0.0
EmissionActivityRatio,BAU,GUA,COPROC,,N2O_WASTE,1,2042,,,,,,0.0
EmissionActivityRatio,BAU,GUA,COPROC,,N2O_WASTE,1,2043,,,,,,0.0
EmissionActivityRatio,BAU,GUA,COPROC,,N2O_WASTE,1,2044,,,,,,0.0
EmissionActivityRatio,BAU,GUA,COPROC,,N2O_WASTE,1,2045,,,,,,0.0
EmissionActivityRatio,BAU,GUA,COPROC,,N2O_WASTE,1,2046,,,,,,0.0
EmissionActivityRatio,BAU,GUA,COPROC,,N2O_WASTE,1,2047,,,,,,0.0
EmissionActivityRatio,BAU,GUA,COPROC,,N2O_WASTE,1,2048,,,,,,0.0
EmissionActivityRatio,BAU,GUA,COPROC,,N2O_WASTE,1,2049,,,,,,0.0
EmissionActivityRatio,BAU,GUA,COPROC,,N2O_WASTE,1,2050,,,,,,0.0
EmissionActivityRatio,BAU,GUA,INCIN,,CO2e_WASTE,1,2018,,,,,,0.0
EmissionActivityRatio,BAU,GUA,INCIN,,CO2e_WASTE,1,2019,,,,,,0.0
EmissionActivityRatio,BAU,GUA,INCIN,,CO2e_WASTE,1,2020,,,,,,0.0
EmissionActivityRatio,BAU,GUA,INCIN,,CO2e_WASTE,1,2021,,,,,,0.0
EmissionActivityRatio,BAU,GUA,INCIN,,CO2e_WASTE,1,2022,,,,,,0.0
EmissionActivityRatio,BAU,GUA,INCIN,,CO2e_WASTE,1,2023,,,,,,0.0
EmissionActivityRatio,BAU,GUA,INCIN,,CO2e_WASTE,1,2024,,,,,,0.0
EmissionActivityRatio,BAU,GUA,INCIN,,CO2e_WASTE,1,2025,,,,,,0.0
EmissionActivityRatio,BAU,GUA,INCIN,,CO2e_WASTE,1,2026,,,,,,0.0
EmissionActivityRatio,BAU,GUA,INCIN,,CO2e_WASTE,1,2027,,,,,,0.0
EmissionActivityRatio,BAU,GUA,INCIN,,CO2e_WASTE,1,2028,,,,,,0.0
EmissionActivityRatio,BAU,GUA,INCIN,,CO2e_WASTE,1,2029,,,,,,0.0
EmissionActivityRatio,BAU,GUA,INCIN,,CO2e_WASTE,1,2030,,,,,,0.0
EmissionActivityRatio,BAU,GUA,INCIN,,CO2e_WASTE,1,2031,,,,,,0.0
EmissionActivityRatio,BAU,GUA,INCIN,,CO2e_WASTE,1,2032,,,,,,0.0
EmissionActivityRatio,BAU,GUA,INCIN,,CO2e_WASTE,1,2033,,,,,,0.0
EmissionActivityRatio,BAU,GUA,INCIN,,CO2e_WASTE,1,2034,,,,,,0.0
EmissionActivityRatio,BAU,GUA,INCIN,,CO2e_WASTE,1,2035,,,,,,0.0
EmissionActivityRatio,BAU,GUA,INCIN,,CO2e_WASTE,1,2036,,,,,,0.0
EmissionActivityRatio,BAU,GUA,INCIN,,CO2e_WASTE,1,2037,,,,,,0.0
EmissionActivityRatio,BAU,GUA,INCIN,,CO2e_WASTE,1,2038,,,,,,0.0
EmissionActivityRatio,BAU,GUA,INCIN,,CO2e_WASTE,1,2039,,,,,,0.0
EmissionActivityRatio,BAU,GUA,INCIN,,CO2e_WASTE,1,2040,,,,,,0.0
EmissionActivityRatio,BAU,GUA,INCIN,,CO2e_WASTE,1,2041,,,,,,0.0
EmissionActivityRatio,BAU,GUA,INCIN,,CO2e_WASTE,1,2042,,,,,,0.0
EmissionActivityRatio,BAU,GUA,INCIN,,CO2e_WASTE,1,2043,,,,,,0.0
EmissionActivityRatio,BAU,GUA,INCIN,,CO2e_WASTE,1,2044,,,,,,0.0
EmissionActivityRatio,BAU,GUA,INCIN,,CO2e_WASTE,1,2045,,,,,,0.0
EmissionActivityRatio,BAU,GUA,INCIN,,CO2e_WASTE,1,2046,,,,,,0.0
EmissionActivityRatio,BAU,GUA,INCIN,,CO2e_WASTE,1,2047,,,,,,0.0
EmissionActivityRatio,BAU,GUA,INCIN,,CO2e_WASTE,1,2048,,,,,,0.0
EmissionActivityRatio,BAU,GUA,INCIN,,CO2e_WASTE,1,2049,,,,,,0.0
EmissionActivityRatio,BAU,GUA,INCIN,,CO2e_WASTE,1,2050,,,,,,0.0
EmissionActivityRatio,BAU,GUA,INCIN,,CO2_WASTE,1,2018,,,,,,0.0
EmissionActivityRatio,BAU,GUA,INCIN,,CO2_WASTE,1,2019,,,,,,0.0
EmissionActivityRatio,BAU,GUA,INCIN,,CO2_WASTE,1,2020,,,,,,0.0
EmissionActivityRatio,BAU,GUA,INCIN,,CO2_WASTE,1,2021,,,,,,0.0
EmissionActivityRatio,BAU,GUA,INCIN,,CO2_WASTE,1,2022,,,,,,0.0
EmissionActivityRatio,BAU,GUA,INCIN,,CO2_WASTE,1,2023,,,,,,0.0
EmissionActivityRatio,BAU,GUA,INCIN,,CO2_WASTE,1,2024,,,,,,0.0
EmissionActivityRatio,BAU,GUA,INCIN,,CO2_WASTE,1,2025,,,,,,0.0
EmissionActivityRatio,BAU,GUA,INCIN,,CO2_WASTE,1,2026,,,,,,0.0
EmissionActivityRatio,BAU,GUA,INCIN,,CO2_WASTE,1,2027,,,,,,0.0
EmissionActivityRatio,BAU,GUA,INCIN,,CO2_WASTE,1,2028,,,,,,0.0
EmissionActivityRatio,BAU,GUA,INCIN,,CO2_WASTE,1,2029,,,,,,0.0
EmissionActivityRatio,BAU,GUA,INCIN,,CO2_WASTE,1,2030,,,,,,0.0
EmissionActivityRatio,BAU,GUA,INCIN,,CO2_WASTE,1,2031,,,,,,0.0
EmissionActivityRatio,BAU,GUA,INCIN,,CO2_WASTE,1,2032,,,,,,0.0
EmissionActivityRatio,BAU,GUA,INCIN,,CO2_WASTE,1,2033,,,,,,0.0
EmissionActivityRatio,BAU,GUA,INCIN,,CO2_WASTE,1,2034,,,,,,0.0
EmissionActivityRatio,BAU,GUA,INCIN,,CO2_WASTE,1,2035,,,,,,0.0
EmissionActivityRatio,BAU,GUA,INCIN,,CO2_WASTE,1,2036,,,,,,0.0
EmissionActivityRatio,BAU,GUA,INCIN,,CO2_WASTE,1,2037,,,,,,0.0
EmissionActivityRatio,BAU,GUA,INCIN,,CO2_WASTE,1,2038,,,,,,0.0
EmissionActivityRatio,BAU,GUA,INCIN,,CO2_WASTE,1,2039,,,,,,0.0
EmissionActivityRatio,BAU,GUA,INCIN,,CO2_WASTE,1,2040,,,,,,0.0
EmissionActivityRatio,BAU,GUA,INCIN,,CO2_WASTE,1,2041,,,,,,0.0
EmissionActivityRatio,BAU,GUA,INCIN,,CO2_WASTE,1,2042,,,,,,0.0
EmissionActivityRatio,BAU,GUA,INCIN,,CO2_WASTE,1,2043,,,,,,0.0
EmissionActivityRatio,BAU,GUA,INCIN,,CO2_WASTE,1,2044,,,,,,0.0
EmissionActivityRatio,BAU,GUA,INCIN,,CO2_WASTE,1,2045,,,,,,0.0
EmissionActivityRatio,BAU,GUA,INCIN,,CO2_WASTE,1,2046,,,,,,0.0
EmissionActivityRatio,BAU,GUA,INCIN,,CO2_WASTE,1,2047,,,,,,0.0
EmissionActivityRatio,BAU,GUA,INCIN,,CO2_WASTE,1,2048,,,,,,0.0
EmissionActivityRatio,BAU,GUA,INCIN,,CO2_WASTE,1,2049,,,,,,0.0
EmissionActivityRatio,BAU,GUA,INCIN,,CO2_WASTE,1,2050,,,,,,0.0
EmissionActivityRatio,BAU,GUA,INCIN,,CH4_WASTE,1,2018,,,,,,0.0
EmissionActivityRatio,BAU,GUA,INCIN,,CH4_WASTE,1,2019,,,,,,0.0
EmissionActivityRatio,BAU,GUA,INCIN,,CH4_WASTE,1,2020,,,,,,0.0
EmissionActivityRatio,BAU,GUA,INCIN,,CH4_WASTE,1,2021,,,,,,0.0
EmissionActivityRatio,BAU,GUA,INCIN,,CH4_WASTE,1,2022,,,,,,0.0
EmissionActivityRatio,BAU,GUA,INCIN,,CH4_WASTE,1,2023,,,,,,0.0
EmissionActivityRatio,BAU,GUA,INCIN,,CH4_WASTE,1,2024,,,,,,0.0
EmissionActivityRatio,BAU,GUA,INCIN,,CH4_WASTE,1,2025,,,,,,0.0
EmissionActivityRatio,BAU,GUA,INCIN,,CH4_WASTE,1,2026,,,,,,0.0
EmissionActivityRatio,BAU,GUA,INCIN,,CH4_WASTE,1,2027,,,,,,0.0
EmissionActivityRatio,BAU,GUA,INCIN,,CH4_WASTE,1,2028,,,,,,0.0
EmissionActivityRatio,BAU,GUA,INCIN,,CH4_WASTE,1,2029,,,,,,0.0
EmissionActivityRatio,BAU,GUA,INCIN,,CH4_WASTE,1,2030,,,,,,0.0
EmissionActivityRatio,BAU,GUA,INCIN,,CH4_WASTE,1,2031,,,,,,0.0
EmissionActivityRatio,BAU,GUA,INCIN,,CH4_WASTE,1,2032,,,,,,0.0
EmissionActivityRatio,BAU,GUA,INCIN,,CH4_WASTE,1,2033,,,,,,0.0
EmissionActivityRatio,BAU,GUA,INCIN,,CH4_WASTE,1,2034,,,,,,0.0
EmissionActivityRatio,BAU,GUA,INCIN,,CH4_WASTE,1,2035,,,,,,0.0
EmissionActivityRatio,BAU,GUA,INCIN,,CH4_WASTE,1,2036,,,,,,0.0
EmissionActivityRatio,BAU,GUA,INCIN,,CH4_WASTE,1,2037,,,,,,0.0
EmissionActivityRatio,BAU,GUA,INCIN,,CH4_WASTE,1,2038,,,,,,0.0
EmissionActivityRatio,BAU,GUA,INCIN,,CH4_WASTE,1,2039,,,,,,0.0
EmissionActivityRatio,BAU,GUA,INCIN,,CH4_WASTE,1,2040,,,,,,0.0
EmissionActivityRatio,BAU,GUA,INCIN,,CH4_WASTE,1,2041,,,,,,0.0
EmissionActivityRatio,BAU,GUA,INCIN,,CH4_WASTE,1,2042,,,,,,0.0
EmissionActivityRatio,BAU,GUA,INCIN,,CH4_WASTE,1,2043,,,,,,0.0
EmissionActivityRatio,BAU,GUA,INCIN,,CH4_WASTE,1,2044,,,,,,0.0
EmissionActivityRatio,BAU,GUA,INCIN,,CH4_WASTE,1,2045,,,,,,0.0
EmissionActivityRatio,BAU,GUA,INCIN,,CH4_WASTE,1,2046,,,,,,0.0
EmissionActivityRatio,BAU,GUA,INCIN,,CH4_WASTE,1,2047,,,,,,0.0
EmissionActivityRatio,BAU,GUA,INCIN,,CH4_WASTE,1,2048,,,,,,0.0
EmissionActivityRatio,BAU,GUA,INCIN,,CH4_WASTE,1,2049,,,,,,0.0
EmissionActivityRatio,BAU,GUA,INCIN,,CH4_WASTE,1,2050,,,,,,0.0
EmissionActivityRatio,BAU,GUA,INCIN,,N2O_WASTE,1,2018,,,,,,0.0
EmissionActivityRatio,BAU,GUA,INCIN,,N2O_WASTE,1,2019,,,,,,0.0
EmissionActivityRatio,BAU,GUA,INCIN,,N2O_WASTE,1,2020,,,,,,0.0
EmissionActivityRatio,BAU,GUA,INCIN,,N2O_WASTE,1,2021,,,,,,0.0
EmissionActivityRatio,BAU,GUA,INCIN,,N2O_WASTE,1,2022,,,,,,0.0
EmissionActivityRatio,BAU,GUA,INCIN,,N2O_WASTE,1,2023,,,,,,0.0
EmissionActivityRatio,BAU,GUA,INCIN,,N2O_WASTE,1,2024,,,,,,0.0
EmissionActivityRatio,BAU,GUA,INCIN,,N2O_WASTE,1,2025,,,,,,0.0
EmissionActivityRatio,BAU,GUA,INCIN,,N2O_WASTE,1,2026,,,,,,0.0
EmissionActivityRatio,BAU,GUA,INCIN,,N2O_WASTE,1,2027,,,,,,0.0
EmissionActivityRatio,BAU,GUA,INCIN,,N2O_WASTE,1,2028,,,,,,0.0
EmissionActivityRatio,BAU,GUA,INCIN,,N2O_WASTE,1,2029,,,,,,0.0
EmissionActivityRatio,BAU,GUA,INCIN,,N2O_WASTE,1,2030,,,,,,0.0
EmissionActivityRatio,BAU,GUA,INCIN,,N2O_WASTE,1,2031,,,,,,0.0
EmissionActivityRatio,BAU,GUA,INCIN,,N2O_WASTE,1,2032,,,,,,0.0
EmissionActivityRatio,BAU,GUA,INCIN,,N2O_WASTE,1,2033,,,,,,0.0
EmissionActivityRatio,BAU,GUA,INCIN,,N2O_WASTE,1,2034,,,,,,0.0
EmissionActivityRatio,BAU,GUA,INCIN,,N2O_WASTE,1,2035,,,,,,0.0
EmissionActivityRatio,BAU,GUA,INCIN,,N2O_WASTE,1,2036,,,,,,0.0
EmissionActivityRatio,BAU,GUA,INCIN,,N2O_WASTE,1,2037,,,,,,0.0
EmissionActivityRatio,BAU,GUA,INCIN,,N2O_WASTE,1,2038,,,,,,0.0
EmissionActivityRatio,BAU,GUA,INCIN,,N2O_WASTE,1,2039,,,,,,0.0
EmissionActivityRatio,BAU,GUA,INCIN,,N2O_WASTE,1,2040,,,,,,0.0
EmissionActivityRatio,BAU,GUA,INCIN,,N2O_WASTE,1,2041,,,,,,0.0
EmissionActivityRatio,BAU,GUA,INCIN,,N2O_WASTE,1,2042,,,,,,0.0
EmissionActivityRatio,BAU,GUA,INCIN,,N2O_WASTE,1,2043,,,,,,0.0
EmissionActivityRatio,BAU,GUA,INCIN,,N2O_WASTE,1,2044,,,,,,0.0
EmissionActivityRatio,BAU,GUA,INCIN,,N2O_WASTE,1,2045,,,,,,0.0
EmissionActivityRatio,BAU,GUA,INCIN,,N2O_WASTE,1,2046,,,,,,0.0
EmissionActivityRatio,BAU,GUA,INCIN,,N2O_WASTE,1,2047,,,,,,0.0
EmissionActivityRatio,BAU,GUA,INCIN,,N2O_WASTE,1,2048,,,,,,0.0
EmissionActivityRatio,BAU,GUA,INCIN,,N2O_WASTE,1,2049,,,,,,0.0
EmissionActivityRatio,BAU,GUA,INCIN,,N2O_WASTE,1,2050,,,,,,0.0
EmissionActivityRatio,BAU,GUA,GAS_MSW,,CO2e_WASTE,1,2018,,,,,,0.0
EmissionActivityRatio,BAU,GUA,GAS_MSW,,CO2e_WASTE,1,2019,,,,,,0.0
EmissionActivityRatio,BAU,GUA,GAS_MSW,,CO2e_WASTE,1,2020,,,,,,0.0
EmissionActivityRatio,BAU,GUA,GAS_MSW,,CO2e_WASTE,1,2021,,,,,,0.0
EmissionActivityRatio,BAU,GUA,GAS_MSW,,CO2e_WASTE,1,2022,,,,,,0.0
EmissionActivityRatio,BAU,GUA,GAS_MSW,,CO2e_WASTE,1,2023,,,,,,0.0
EmissionActivityRatio,BAU,GUA,GAS_MSW,,CO2e_WASTE,1,2024,,,,,,0.0
EmissionActivityRatio,BAU,GUA,GAS_MSW,,CO2e_WASTE,1,2025,,,,,,0.0
EmissionActivityRatio,BAU,GUA,GAS_MSW,,CO2e_WASTE,1,2026,,,,,,0.0
EmissionActivityRatio,BAU,GUA,GAS_MSW,,CO2e_WASTE,1,2027,,,,,,0.0
EmissionActivityRatio,BAU,GUA,GAS_MSW,,CO2e_WASTE,1,2028,,,,,,0.0
EmissionActivityRatio,BAU,GUA,GAS_MSW,,CO2e_WASTE,1,2029,,,,,,0.0
EmissionActivityRatio,BAU,GUA,GAS_MSW,,CO2e_WASTE,1,2030,,,,,,0.0
EmissionActivityRatio,BAU,GUA,GAS_MSW,,CO2e_WASTE,1,2031,,,,,,0.0
EmissionActivityRatio,BAU,GUA,GAS_MSW,,CO2e_WASTE,1,2032,,,,,,0.0
EmissionActivityRatio,BAU,GUA,GAS_MSW,,CO2e_WASTE,1,2033,,,,,,0.0
EmissionActivityRatio,BAU,GUA,GAS_MSW,,CO2e_WASTE,1,2034,,,,,,0.0
EmissionActivityRatio,BAU,GUA,GAS_MSW,,CO2e_WASTE,1,2035,,,,,,0.0
EmissionActivityRatio,BAU,GUA,GAS_MSW,,CO2e_WASTE,1,2036,,,,,,0.0
EmissionActivityRatio,BAU,GUA,GAS_MSW,,CO2e_WASTE,1,2037,,,,,,0.0
EmissionActivityRatio,BAU,GUA,GAS_MSW,,CO2e_WASTE,1,2038,,,,,,0.0
EmissionActivityRatio,BAU,GUA,GAS_MSW,,CO2e_WASTE,1,2039,,,,,,0.0
EmissionActivityRatio,BAU,GUA,GAS_MSW,,CO2e_WASTE,1,2040,,,,,,0.0
EmissionActivityRatio,BAU,GUA,GAS_MSW,,CO2e_WASTE,1,2041,,,,,,0.0
EmissionActivityRatio,BAU,GUA,GAS_MSW,,CO2e_WASTE,1,2042,,,,,,0.0
EmissionActivityRatio,BAU,GUA,GAS_MSW,,CO2e_WASTE,1,2043,,,,,,0.0
EmissionActivityRatio,BAU,GUA,GAS_MSW,,CO2e_WASTE,1,2044,,,,,,0.0
EmissionActivityRatio,BAU,GUA,GAS_MSW,,CO2e_WASTE,1,2045,,,,,,0.0
EmissionActivityRatio,BAU,GUA,GAS_MSW,,CO2e_WASTE,1,2046,,,,,,0.0
EmissionActivityRatio,BAU,GUA,GAS_MSW,,CO2e_WASTE,1,2047,,,,,,0.0
EmissionActivityRatio,BAU,GUA,GAS_MSW,,CO2e_WASTE,1,2048,,,,,,0.0
EmissionActivityRatio,BAU,GUA,GAS_MSW,,CO2e_WASTE,1,2049,,,,,,0.0
EmissionActivityRatio,BAU,GUA,GAS_MSW,,CO2e_WASTE,1,2050,,,,,,0.0
EmissionActivityRatio,BAU,GUA,GAS_MSW,,CO2_WASTE,1,2018,,,,,,0.0
EmissionActivityRatio,BAU,GUA,GAS_MSW,,CO2_WASTE,1,2019,,,,,,0.0
EmissionActivityRatio,BAU,GUA,GAS_MSW,,CO2_WASTE,1,2020,,,,,,0.0
EmissionActivityRatio,BAU,GUA,GAS_MSW,,CO2_WASTE,1,2021,,,,,,0.0
EmissionActivityRatio,BAU,GUA,GAS_MSW,,CO2_WASTE,1,2022,,,,,,0.0
EmissionActivityRatio,BAU,GUA,GAS_MSW,,CO2_WASTE,1,2023,,,,,,0.0
EmissionActivityRatio,BAU,GUA,GAS_MSW,,CO2_WASTE,1,2024,,,,,,0.0
EmissionActivityRatio,BAU,GUA,GAS_MSW,,CO2_WASTE,1,2025,,,,,,0.0
EmissionActivityRatio,BAU,GUA,GAS_MSW,,CO2_WASTE,1,2026,,,,,,0.0
EmissionActivityRatio,BAU,GUA,GAS_MSW,,CO2_WASTE,1,2027,,,,,,0.0
EmissionActivityRatio,BAU,GUA,GAS_MSW,,CO2_WASTE,1,2028,,,,,,0.0
EmissionActivityRatio,BAU,GUA,GAS_MSW,,CO2_WASTE,1,2029,,,,,,0.0
EmissionActivityRatio,BAU,GUA,GAS_MSW,,CO2_WASTE,1,2030,,,,,,0.0
EmissionActivityRatio,BAU,GUA,GAS_MSW,,CO2_WASTE,1,2031,,,,,,0.0
EmissionActivityRatio,BAU,GUA,GAS_MSW,,CO2_WASTE,1,2032,,,,,,0.0
EmissionActivityRatio,BAU,GUA,GAS_MSW,,CO2_WASTE,1,2033,,,,,,0.0
EmissionActivityRatio,BAU,GUA,GAS_MSW,,CO2_WASTE,1,2034,,,,,,0.0
EmissionActivityRatio,BAU,GUA,GAS_MSW,,CO2_WASTE,1,2035,,,,,,0.0
EmissionActivityRatio,BAU,GUA,GAS_MSW,,CO2_WASTE,1,2036,,,,,,0.0
EmissionActivityRatio,BAU,GUA,GAS_MSW,,CO2_WASTE,1,2037,,,,,,0.0
EmissionActivityRatio,BAU,GUA,GAS_MSW,,CO2_WASTE,1,2038,,,,,,0.0
EmissionActivityRatio,BAU,GUA,GAS_MSW,,CO2_WASTE,1,2039,,,,,,0.0
EmissionActivityRatio,BAU,GUA,GAS_MSW,,CO2_WASTE,1,2040,,,,,,0.0
EmissionActivityRatio,BAU,GUA,GAS_MSW,,CO2_WASTE,1,2041,,,,,,0.0
EmissionActivityRatio,BAU,GUA,GAS_MSW,,CO2_WASTE,1,2042,,,,,,0.0
EmissionActivityRatio,BAU,GUA,GAS_MSW,,CO2_WASTE,1,2043,,,,,,0.0
EmissionActivityRatio,BAU,GUA,GAS_MSW,,CO2_WASTE,1,2044,,,,,,0.0
EmissionActivityRatio,BAU,GUA,GAS_MSW,,CO2_WASTE,1,2045,,,,,,0.0
EmissionActivityRatio,BAU,GUA,GAS_MSW,,CO2_WASTE,1,2046,,,,,,0.0
EmissionActivityRatio,BAU,GUA,GAS_MSW,,CO2_WASTE,1,2047,,,,,,0.0
EmissionActivityRatio,BAU,GUA,GAS_MSW,,CO2_WASTE,1,2048,,,,,,0.0
EmissionActivityRatio,BAU,GUA,GAS_MSW,,CO2_WASTE,1,2049,,,,,,0.0
EmissionActivityRatio,BAU,GUA,GAS_MSW,,CO2_WASTE,1,2050,,,,,,0.0
EmissionActivityRatio,BAU,GUA,GAS_MSW,,CH4_WASTE,1,2018,,,,,,0.0
EmissionActivityRatio,BAU,GUA,GAS_MSW,,CH4_WASTE,1,2019,,,,,,0.0
EmissionActivityRatio,BAU,GUA,GAS_MSW,,CH4_WASTE,1,2020,,,,,,0.0
EmissionActivityRatio,BAU,GUA,GAS_MSW,,CH4_WASTE,1,2021,,,,,,0.0
EmissionActivityRatio,BAU,GUA,GAS_MSW,,CH4_WASTE,1,2022,,,,,,0.0
EmissionActivityRatio,BAU,GUA,GAS_MSW,,CH4_WASTE,1,2023,,,,,,0.0
EmissionActivityRatio,BAU,GUA,GAS_MSW,,CH4_WASTE,1,2024,,,,,,0.0
EmissionActivityRatio,BAU,GUA,GAS_MSW,,CH4_WASTE,1,2025,,,,,,0.0
EmissionActivityRatio,BAU,GUA,GAS_MSW,,CH4_WASTE,1,2026,,,,,,0.0
EmissionActivityRatio,BAU,GUA,GAS_MSW,,CH4_WASTE,1,2027,,,,,,0.0
EmissionActivityRatio,BAU,GUA,GAS_MSW,,CH4_WASTE,1,2028,,,,,,0.0
EmissionActivityRatio,BAU,GUA,GAS_MSW,,CH4_WASTE,1,2029,,,,,,0.0
EmissionActivityRatio,BAU,GUA,GAS_MSW,,CH4_WASTE,1,2030,,,,,,0.0
EmissionActivityRatio,BAU,GUA,GAS_MSW,,CH4_WASTE,1,2031,,,,,,0.0
EmissionActivityRatio,BAU,GUA,GAS_MSW,,CH4_WASTE,1,2032,,,,,,0.0
EmissionActivityRatio,BAU,GUA,GAS_MSW,,CH4_WASTE,1,2033,,,,,,0.0
EmissionActivityRatio,BAU,GUA,GAS_MSW,,CH4_WASTE,1,2034,,,,,,0.0
EmissionActivityRatio,BAU,GUA,GAS_MSW,,CH4_WASTE,1,2035,,,,,,0.0
EmissionActivityRatio,BAU,GUA,GAS_MSW,,CH4_WASTE,1,2036,,,,,,0.0
EmissionActivityRatio,BAU,GUA,GAS_MSW,,CH4_WASTE,1,2037,,,,,,0.0
EmissionActivityRatio,BAU,GUA,GAS_MSW,,CH4_WASTE,1,2038,,,,,,0.0
EmissionActivityRatio,BAU,GUA,GAS_MSW,,CH4_WASTE,1,2039,,,,,,0.0
EmissionActivityRatio,BAU,GUA,GAS_MSW,,CH4_WASTE,1,2040,,,,,,0.0
EmissionActivityRatio,BAU,GUA,GAS_MSW,,CH4_WASTE,1,2041,,,,,,0.0
EmissionActivityRatio,BAU,GUA,GAS_MSW,,CH4_WASTE,1,2042,,,,,,0.0
EmissionActivityRatio,BAU,GUA,GAS_MSW,,CH4_WASTE,1,2043,,,,,,0.0
EmissionActivityRatio,BAU,GUA,GAS_MSW,,CH4_WASTE,1,2044,,,,,,0.0
EmissionActivityRatio,BAU,GUA,GAS_MSW,,CH4_WASTE,1,2045,,,,,,0.0
EmissionActivityRatio,BAU,GUA,GAS_MSW,,CH4_WASTE,1,2046,,,,,,0.0
EmissionActivityRatio,BAU,GUA,GAS_MSW,,CH4_WASTE,1,2047,,,,,,0.0
EmissionActivityRatio,BAU,GUA,GAS_MSW,,CH4_WASTE,1,2048,,,,,,0.0
EmissionActivityRatio,BAU,GUA,GAS_MSW,,CH4_WASTE,1,2049,,,,,,0.0
EmissionActivityRatio,BAU,GUA,GAS_MSW,,CH4_WASTE,1,2050,,,,,,0.0
EmissionActivityRatio,BAU,GUA,GAS_MSW,,N2O_WASTE,1,2018,,,,,,0.0
EmissionActivityRatio,BAU,GUA,GAS_MSW,,N2O_WASTE,1,2019,,,,,,0.0
EmissionActivityRatio,BAU,GUA,GAS_MSW,,N2O_WASTE,1,2020,,,,,,0.0
EmissionActivityRatio,BAU,GUA,GAS_MSW,,N2O_WASTE,1,2021,,,,,,0.0
EmissionActivityRatio,BAU,GUA,GAS_MSW,,N2O_WASTE,1,2022,,,,,,0.0
EmissionActivityRatio,BAU,GUA,GAS_MSW,,N2O_WASTE,1,2023,,,,,,0.0
EmissionActivityRatio,BAU,GUA,GAS_MSW,,N2O_WASTE,1,2024,,,,,,0.0
EmissionActivityRatio,BAU,GUA,GAS_MSW,,N2O_WASTE,1,2025,,,,,,0.0
EmissionActivityRatio,BAU,GUA,GAS_MSW,,N2O_WASTE,1,2026,,,,,,0.0
EmissionActivityRatio,BAU,GUA,GAS_MSW,,N2O_WASTE,1,2027,,,,,,0.0
EmissionActivityRatio,BAU,GUA,GAS_MSW,,N2O_WASTE,1,2028,,,,,,0.0
EmissionActivityRatio,BAU,GUA,GAS_MSW,,N2O_WASTE,1,2029,,,,,,0.0
EmissionActivityRatio,BAU,GUA,GAS_MSW,,N2O_WASTE,1,2030,,,,,,0.0
EmissionActivityRatio,BAU,GUA,GAS_MSW,,N2O_WASTE,1,2031,,,,,,0.0
EmissionActivityRatio,BAU,GUA,GAS_MSW,,N2O_WASTE,1,2032,,,,,,0.0
EmissionActivityRatio,BAU,GUA,GAS_MSW,,N2O_WASTE,1,2033,,,,,,0.0
EmissionActivityRatio,BAU,GUA,GAS_MSW,,N2O_WASTE,1,2034,,,,,,0.0
EmissionActivityRatio,BAU,GUA,GAS_MSW,,N2O_WASTE,1,2035,,,,,,0.0
EmissionActivityRatio,BAU,GUA,GAS_MSW,,N2O_WASTE,1,2036,,,,,,0.0
EmissionActivityRatio,BAU,GUA,GAS_MSW,,N2O_WASTE,1,2037,,,,,,0.0
EmissionActivityRatio,BAU,GUA,GAS_MSW,,N2O_WASTE,1,2038,,,,,,0.0
EmissionActivityRatio,BAU,GUA,GAS_MSW,,N2O_WASTE,1,2039,,,,,,0.0
EmissionActivityRatio,BAU,GUA,GAS_MSW,,N2O_WASTE,1,2040,,,,,,0.0
EmissionActivityRatio,BAU,GUA,GAS_MSW,,N2O_WASTE,1,2041,,,,,,0.0
EmissionActivityRatio,BAU,GUA,GAS_MSW,,N2O_WASTE,1,2042,,,,,,0.0
EmissionActivityRatio,BAU,GUA,GAS_MSW,,N2O_WASTE,1,2043,,,,,,0.0
EmissionActivityRatio,BAU,GUA,GAS_MSW,,N2O_WASTE,1,2044,,,,,,0.0
EmissionActivityRatio,BAU,GUA,GAS_MSW,,N2O_WASTE,1,2045,,,,,,0.0
EmissionActivityRatio,BAU,GUA,GAS_MSW,,N2O_WASTE,1,2046,,,,,,0.0
EmissionActivityRatio,BAU,GUA,GAS_MSW,,N2O_WASTE,1,2047,,,,,,0.0
EmissionActivityRatio,BAU,GUA,GAS_MSW,,N2O_WASTE,1,2048,,,,,,0.0
EmissionActivityRatio,BAU,GUA,GAS_MSW,,N2O_WASTE,1,2049,,,,,,0.0
EmissionActivityRatio,BAU,GUA,GAS_MSW,,N2O_WASTE,1,2050,,,,,,0.0
EmissionActivityRatio,BAU,GUA,HTC,,CO2e_WASTE,1,2018,,,,,,0.0
EmissionActivityRatio,BAU,GUA,HTC,,CO2e_WASTE,1,2019,,,,,,0.0
EmissionActivityRatio,BAU,GUA,HTC,,CO2e_WASTE,1,2020,,,,,,0.0
EmissionActivityRatio,BAU,GUA,HTC,,CO2e_WASTE,1,2021,,,,,,0.0
EmissionActivityRatio,BAU,GUA,HTC,,CO2e_WASTE,1,2022,,,,,,0.0
EmissionActivityRatio,BAU,GUA,HTC,,CO2e_WASTE,1,2023,,,,,,0.0
EmissionActivityRatio,BAU,GUA,HTC,,CO2e_WASTE,1,2024,,,,,,0.0
EmissionActivityRatio,BAU,GUA,HTC,,CO2e_WASTE,1,2025,,,,,,0.0
EmissionActivityRatio,BAU,GUA,HTC,,CO2e_WASTE,1,2026,,,,,,0.0
EmissionActivityRatio,BAU,GUA,HTC,,CO2e_WASTE,1,2027,,,,,,0.0
EmissionActivityRatio,BAU,GUA,HTC,,CO2e_WASTE,1,2028,,,,,,0.0
EmissionActivityRatio,BAU,GUA,HTC,,CO2e_WASTE,1,2029,,,,,,0.0
EmissionActivityRatio,BAU,GUA,HTC,,CO2e_WASTE,1,2030,,,,,,0.0
EmissionActivityRatio,BAU,GUA,HTC,,CO2e_WASTE,1,2031,,,,,,0.0
EmissionActivityRatio,BAU,GUA,HTC,,CO2e_WASTE,1,2032,,,,,,0.0
EmissionActivityRatio,BAU,GUA,HTC,,CO2e_WASTE,1,2033,,,,,,0.0
EmissionActivityRatio,BAU,GUA,HTC,,CO2e_WASTE,1,2034,,,,,,0.0
EmissionActivityRatio,BAU,GUA,HTC,,CO2e_WASTE,1,2035,,,,,,0.0
EmissionActivityRatio,BAU,GUA,HTC,,CO2e_WASTE,1,2036,,,,,,0.0
EmissionActivityRatio,BAU,GUA,HTC,,CO2e_WASTE,1,2037,,,,,,0.0
EmissionActivityRatio,BAU,GUA,HTC,,CO2e_WASTE,1,2038,,,,,,0.0
EmissionActivityRatio,BAU,GUA,HTC,,CO2e_WASTE,1,2039,,,,,,0.0
EmissionActivityRatio,BAU,GUA,HTC,,CO2e_WASTE,1,2040,,,,,,0.0
EmissionActivityRatio,BAU,GUA,HTC,,CO2e_WASTE,1,2041,,,,,,0.0
EmissionActivityRatio,BAU,GUA,HTC,,CO2e_WASTE,1,2042,,,,,,0.0
EmissionActivityRatio,BAU,GUA,HTC,,CO2e_WASTE,1,2043,,,,,,0.0
EmissionActivityRatio,BAU,GUA,HTC,,CO2e_WASTE,1,2044,,,,,,0.0
EmissionActivityRatio,BAU,GUA,HTC,,CO2e_WASTE,1,2045,,,,,,0.0
EmissionActivityRatio,BAU,GUA,HTC,,CO2e_WASTE,1,2046,,,,,,0.0
EmissionActivityRatio,BAU,GUA,HTC,,CO2e_WASTE,1,2047,,,,,,0.0
EmissionActivityRatio,BAU,GUA,HTC,,CO2e_WASTE,1,2048,,,,,,0.0
EmissionActivityRatio,BAU,GUA,HTC,,CO2e_WASTE,1,2049,,,,,,0.0
EmissionActivityRatio,BAU,GUA,HTC,,CO2e_WASTE,1,2050,,,,,,0.0
EmissionActivityRatio,BAU,GUA,HTC,,CO2_WASTE,1,2018,,,,,,0.0
EmissionActivityRatio,BAU,GUA,HTC,,CO2_WASTE,1,2019,,,,,,0.0
EmissionActivityRatio,BAU,GUA,HTC,,CO2_WASTE,1,2020,,,,,,0.0
EmissionActivityRatio,BAU,GUA,HTC,,CO2_WASTE,1,2021,,,,,,0.0
EmissionActivityRatio,BAU,GUA,HTC,,CO2_WASTE,1,2022,,,,,,0.0
EmissionActivityRatio,BAU,GUA,HTC,,CO2_WASTE,1,2023,,,,,,0.0
EmissionActivityRatio,BAU,GUA,HTC,,CO2_WASTE,1,2024,,,,,,0.0
EmissionActivityRatio,BAU,GUA,HTC,,CO2_WASTE,1,2025,,,,,,0.0
EmissionActivityRatio,BAU,GUA,HTC,,CO2_WASTE,1,2026,,,,,,0.0
EmissionActivityRatio,BAU,GUA,HTC,,CO2_WASTE,1,2027,,,,,,0.0
EmissionActivityRatio,BAU,GUA,HTC,,CO2_WASTE,1,2028,,,,,,0.0
EmissionActivityRatio,BAU,GUA,HTC,,CO2_WASTE,1,2029,,,,,,0.0
EmissionActivityRatio,BAU,GUA,HTC,,CO2_WASTE,1,2030,,,,,,0.0
EmissionActivityRatio,BAU,GUA,HTC,,CO2_WASTE,1,2031,,,,,,0.0
EmissionActivityRatio,BAU,GUA,HTC,,CO2_WASTE,1,2032,,,,,,0.0
EmissionActivityRatio,BAU,GUA,HTC,,CO2_WASTE,1,2033,,,,,,0.0
EmissionActivityRatio,BAU,GUA,HTC,,CO2_WASTE,1,2034,,,,,,0.0
EmissionActivityRatio,BAU,GUA,HTC,,CO2_WASTE,1,2035,,,,,,0.0
EmissionActivityRatio,BAU,GUA,HTC,,CO2_WASTE,1,2036,,,,,,0.0
EmissionActivityRatio,BAU,GUA,HTC,,CO2_WASTE,1,2037,,,,,,0.0
EmissionActivityRatio,BAU,GUA,HTC,,CO2_WASTE,1,2038,,,,,,0.0
EmissionActivityRatio,BAU,GUA,HTC,,CO2_WASTE,1,2039,,,,,,0.0
EmissionActivityRatio,BAU,GUA,HTC,,CO2_WASTE,1,2040,,,,,,0.0
EmissionActivityRatio,BAU,GUA,HTC,,CO2_WASTE,1,2041,,,,,,0.0
EmissionActivityRatio,BAU,GUA,HTC,,CO2_WASTE,1,2042,,,,,,0.0
EmissionActivityRatio,BAU,GUA,HTC,,CO2_WASTE,1,2043,,,,,,0.0
EmissionActivityRatio,BAU,GUA,HTC,,CO2_WASTE,1,2044,,,,,,0.0
EmissionActivityRatio,BAU,GUA,HTC,,CO2_WASTE,1,2045,,,,,,0.0
EmissionActivityRatio,BAU,GUA,HTC,,CO2_WASTE,1,2046,,,,,,0.0
EmissionActivityRatio,BAU,GUA,HTC,,CO2_WASTE,1,2047,,,,,,0.0
EmissionActivityRatio,BAU,GUA,HTC,,CO2_WASTE,1,2048,,,,,,0.0
EmissionActivityRatio,BAU,GUA,HTC,,CO2_WASTE,1,2049,,,,,,0.0
EmissionActivityRatio,BAU,GUA,HTC,,CO2_WASTE,1,2050,,,,,,0.0
EmissionActivityRatio,BAU,GUA,HTC,,CH4_WASTE,1,2018,,,,,,0.0
EmissionActivityRatio,BAU,GUA,HTC,,CH4_WASTE,1,2019,,,,,,0.0
EmissionActivityRatio,BAU,GUA,HTC,,CH4_WASTE,1,2020,,,,,,0.0
EmissionActivityRatio,BAU,GUA,HTC,,CH4_WASTE,1,2021,,,,,,0.0
EmissionActivityRatio,BAU,GUA,HTC,,CH4_WASTE,1,2022,,,,,,0.0
EmissionActivityRatio,BAU,GUA,HTC,,CH4_WASTE,1,2023,,,,,,0.0
EmissionActivityRatio,BAU,GUA,HTC,,CH4_WASTE,1,2024,,,,,,0.0
EmissionActivityRatio,BAU,GUA,HTC,,CH4_WASTE,1,2025,,,,,,0.0
EmissionActivityRatio,BAU,GUA,HTC,,CH4_WASTE,1,2026,,,,,,0.0
EmissionActivityRatio,BAU,GUA,HTC,,CH4_WASTE,1,2027,,,,,,0.0
EmissionActivityRatio,BAU,GUA,HTC,,CH4_WASTE,1,2028,,,,,,0.0
EmissionActivityRatio,BAU,GUA,HTC,,CH4_WASTE,1,2029,,,,,,0.0
EmissionActivityRatio,BAU,GUA,HTC,,CH4_WASTE,1,2030,,,,,,0.0
EmissionActivityRatio,BAU,GUA,HTC,,CH4_WASTE,1,2031,,,,,,0.0
EmissionActivityRatio,BAU,GUA,HTC,,CH4_WASTE,1,2032,,,,,,0.0
EmissionActivityRatio,BAU,GUA,HTC,,CH4_WASTE,1,2033,,,,,,0.0
EmissionActivityRatio,BAU,GUA,HTC,,CH4_WASTE,1,2034,,,,,,0.0
EmissionActivityRatio,BAU,GUA,HTC,,CH4_WASTE,1,2035,,,,,,0.0
EmissionActivityRatio,BAU,GUA,HTC,,CH4_WASTE,1,2036,,,,,,0.0
EmissionActivityRatio,BAU,GUA,HTC,,CH4_WASTE,1,2037,,,,,,0.0
EmissionActivityRatio,BAU,GUA,HTC,,CH4_WASTE,1,2038,,,,,,0.0
EmissionActivityRatio,BAU,GUA,HTC,,CH4_WASTE,1,2039,,,,,,0.0
EmissionActivityRatio,BAU,GUA,HTC,,CH4_WASTE,1,2040,,,,,,0.0
EmissionActivityRatio,BAU,GUA,HTC,,CH4_WASTE,1,2041,,,,,,0.0
EmissionActivityRatio,BAU,GUA,HTC,,CH4_WASTE,1,2042,,,,,,0.0
EmissionActivityRatio,BAU,GUA,HTC,,CH4_WASTE,1,2043,,,,,,0.0
EmissionActivityRatio,BAU,GUA,HTC,,CH4_WASTE,1,2044,,,,,,0.0
EmissionActivityRatio,BAU,GUA,HTC,,CH4_WASTE,1,2045,,,,,,0.0
EmissionActivityRatio,BAU,GUA,HTC,,CH4_WASTE,1,2046,,,,,,0.0
EmissionActivityRatio,BAU,GUA,HTC,,CH4_WASTE,1,2047,,,,,,0.0
EmissionActivityRatio,BAU,GUA,HTC,,CH4_WASTE,1,2048,,,,,,0.0
EmissionActivityRatio,BAU,GUA,HTC,,CH4_WASTE,1,2049,,,,,,0.0
EmissionActivityRatio,BAU,GUA,HTC,,CH4_WASTE,1,2050,,,,,,0.0
EmissionActivityRatio,BAU,GUA,HTC,,N2O_WASTE,1,2018,,,,,,0.0
EmissionActivityRatio,BAU,GUA,HTC,,N2O_WASTE,1,2019,,,,,,0.0
EmissionActivityRatio,BAU,GUA,HTC,,N2O_WASTE,1,2020,,,,,,0.0
EmissionActivityRatio,BAU,GUA,HTC,,N2O_WASTE,1,2021,,,,,,0.0
EmissionActivityRatio,BAU,GUA,HTC,,N2O_WASTE,1,2022,,,,,,0.0
EmissionActivityRatio,BAU,GUA,HTC,,N2O_WASTE,1,2023,,,,,,0.0
EmissionActivityRatio,BAU,GUA,HTC,,N2O_WASTE,1,2024,,,,,,0.0
EmissionActivityRatio,BAU,GUA,HTC,,N2O_WASTE,1,2025,,,,,,0.0
EmissionActivityRatio,BAU,GUA,HTC,,N2O_WASTE,1,2026,,,,,,0.0
EmissionActivityRatio,BAU,GUA,HTC,,N2O_WASTE,1,2027,,,,,,0.0
EmissionActivityRatio,BAU,GUA,HTC,,N2O_WASTE,1,2028,,,,,,0.0
EmissionActivityRatio,BAU,GUA,HTC,,N2O_WASTE,1,2029,,,,,,0.0
EmissionActivityRatio,BAU,GUA,HTC,,N2O_WASTE,1,2030,,,,,,0.0
EmissionActivityRatio,BAU,GUA,HTC,,N2O_WASTE,1,2031,,,,,,0.0
EmissionActivityRatio,BAU,GUA,HTC,,N2O_WASTE,1,2032,,,,,,0.0
EmissionActivityRatio,BAU,GUA,HTC,,N2O_WASTE,1,2033,,,,,,0.0
EmissionActivityRatio,BAU,GUA,HTC,,N2O_WASTE,1,2034,,,,,,0.0
EmissionActivityRatio,BAU,GUA,HTC,,N2O_WASTE,1,2035,,,,,,0.0
EmissionActivityRatio,BAU,GUA,HTC,,N2O_WASTE,1,2036,,,,,,0.0
EmissionActivityRatio,BAU,GUA,HTC,,N2O_WASTE,1,2037,,,,,,0.0
EmissionActivityRatio,BAU,GUA,HTC,,N2O_WASTE,1,2038,,,,,,0.0
EmissionActivityRatio,BAU,GUA,HTC,,N2O_WASTE,1,2039,,,,,,0.0
EmissionActivityRatio,BAU,GUA,HTC,,N2O_WASTE,1,2040,,,,,,0.0
EmissionActivityRatio,BAU,GUA,HTC,,N2O_WASTE,1,2041,,,,,,0.0
EmissionActivityRatio,BAU,GUA,HTC,,N2O_WASTE,1,2042,,,,,,0.0
EmissionActivityRatio,BAU,GUA,HTC,,N2O_WASTE,1,2043,,,,,,0.0
EmissionActivityRatio,BAU,GUA,HTC,,N2O_WASTE,1,2044,,,,,,0.0
EmissionActivityRatio,BAU,GUA,HTC,,N2O_WASTE,1,2045,,,,,,0.0
EmissionActivityRatio,BAU,GUA,HTC,,N2O_WASTE,1,2046,,,,,,0.0
EmissionActivityRatio,BAU,GUA,HTC,,N2O_WASTE,1,2047,,,,,,0.0
EmissionActivityRatio,BAU,GUA,HTC,,N2O_WASTE,1,2048,,,,,,0.0
EmissionActivityRatio,BAU,GUA,HTC,,N2O_WASTE,1,2049,,,,,,0.0
EmissionActivityRatio,BAU,GUA,HTC,,N2O_WASTE,1,2050,,,,,,0.0
EmissionActivityRatio,BAU,GUA,OPEN_BURN,,CO2e_WASTE,1,2018,,,,,,0.3828
EmissionActivityRatio,BAU,GUA,OPEN_BURN,,CO2e_WASTE,1,2019,,,,,,0.3828
EmissionActivityRatio,BAU,GUA,OPEN_BURN,,CO2e_WASTE,1,2020,,,,,,0.3828
EmissionActivityRatio,BAU,GUA,OPEN_BURN,,CO2e_WASTE,1,2021,,,,,,0.3828
EmissionActivityRatio,BAU,GUA,OPEN_BURN,,CO2e_WASTE,1,2022,,,,,,0.3828
EmissionActivityRatio,BAU,GUA,OPEN_BURN,,CO2e_WASTE,1,2023,,,,,,0.3828
EmissionActivityRatio,BAU,GUA,OPEN_BURN,,CO2e_WASTE,1,2024,,,,,,0.3828
EmissionActivityRatio,BAU,GUA,OPEN_BURN,,CO2e_WASTE,1,2025,,,,,,0.3828
EmissionActivityRatio,BAU,GUA,OPEN_BURN,,CO2e_WASTE,1,2026,,,,,,0.3828
EmissionActivityRatio,BAU,GUA,OPEN_BURN,,CO2e_WASTE,1,2027,,,,,,0.3828
EmissionActivityRatio,BAU,GUA,OPEN_BURN,,CO2e_WASTE,1,2028,,,,,,0.3828
EmissionActivityRatio,BAU,GUA,OPEN_BURN,,CO2e_WASTE,1,2029,,,,,,0.3828
EmissionActivityRatio,BAU,GUA,OPEN_BURN,,CO2e_WASTE,1,2030,,,,,,0.3828
EmissionActivityRatio,BAU,GUA,OPEN_BURN,,CO2e_WASTE,1,2031,,,,,,0.3828
EmissionActivityRatio,BAU,GUA,OPEN_BURN,,CO2e_WASTE,1,2032,,,,,,0.3828
EmissionActivityRatio,BAU,GUA,OPEN_BURN,,CO2e_WASTE,1,2033,,,,,,0.3828
EmissionActivityRatio,BAU,GUA,OPEN_BURN,,CO2e_WASTE,1,2034,,,,,,0.3828
EmissionActivityRatio,BAU,GUA,OPEN_BURN,,CO2e_WASTE,1,2035,,,,,,0.3828
EmissionActivityRatio,BAU,GUA,OPEN_BURN,,CO2e_WASTE,1,2036,,,,,,0.3828
EmissionActivityRatio,BAU,GUA,OPEN_BURN,,CO2e_WASTE,1,2037,,,,,,0.3828
EmissionActivityRatio,BAU,GUA,OPEN_BURN,,CO2e_WASTE,1,2038,,,,,,0.3828
EmissionActivityRatio,BAU,GUA,OPEN_BURN,,CO2e_WASTE,1,2039,,,,,,0.3828
EmissionActivityRatio,BAU,GUA,OPEN_BURN,,CO2e_WASTE,1,2040,,,,,,0.3828
EmissionActivityRatio,BAU,GUA,OPEN_BURN,,CO2e_WASTE,1,2041,,,,,,0.3828
EmissionActivityRatio,BAU,GUA,OPEN_BURN,,CO2e_WASTE,1,2042,,,,,,0.3828
EmissionActivityRatio,BAU,GUA,OPEN_BURN,,CO2e_WASTE,1,2043,,,,,,0.3828
EmissionActivityRatio,BAU,GUA,OPEN_BURN,,CO2e_WASTE,1,2044,,,,,,0.3828
EmissionActivityRatio,BAU,GUA,OPEN_BURN,,CO2e_WASTE,1,2045,,,,,,0.3828
EmissionActivityRatio,BAU,GUA,OPEN_BURN,,CO2e_WASTE,1,2046,,,,,,0.3828
EmissionActivityRatio,BAU,GUA,OPEN_BURN,,CO2e_WASTE,1,2047,,,,,,0.3828
EmissionActivityRatio,BAU,GUA,OPEN_BURN,,CO2e_WASTE,1,2048,,,,,,0.3828
EmissionActivityRatio,BAU,GUA,OPEN_BURN,,CO2e_WASTE,1,2049,,,,,,0.3828
EmissionActivityRatio,BAU,GUA,OPEN_BURN,,CO2e_WASTE,1,2050,,,,,,0.3828
EmissionActivityRatio,BAU,GUA,OPEN_BURN,,CO2_WASTE,1,2018,,,,,,0.0
EmissionActivityRatio,BAU,GUA,OPEN_BURN,,CO2_WASTE,1,2019,,,,,,0.0
EmissionActivityRatio,BAU,GUA,OPEN_BURN,,CO2_WASTE,1,2020,,,,,,0.0
EmissionActivityRatio,BAU,GUA,OPEN_BURN,,CO2_WASTE,1,2021,,,,,,0.0
EmissionActivityRatio,BAU,GUA,OPEN_BURN,,CO2_WASTE,1,2022,,,,,,0.0
EmissionActivityRatio,BAU,GUA,OPEN_BURN,,CO2_WASTE,1,2023,,,,,,0.0
EmissionActivityRatio,BAU,GUA,OPEN_BURN,,CO2_WASTE,1,2024,,,,,,0.0
EmissionActivityRatio,BAU,GUA,OPEN_BURN,,CO2_WASTE,1,2025,,,,,,0.0
EmissionActivityRatio,BAU,GUA,OPEN_BURN,,CO2_WASTE,1,2026,,,,,,0.0
EmissionActivityRatio,BAU,GUA,OPEN_BURN,,CO2_WASTE,1,2027,,,,,,0.0
EmissionActivityRatio,BAU,GUA,OPEN_BURN,,CO2_WASTE,1,2028,,,,,,0.0
EmissionActivityRatio,BAU,GUA,OPEN_BURN,,CO2_WASTE,1,2029,,,,,,0.0
EmissionActivityRatio,BAU,GUA,OPEN_BURN,,CO2_WASTE,1,2030,,,,,,0.0
EmissionActivityRatio,BAU,GUA,OPEN_BURN,,CO2_WASTE,1,2031,,,,,,0.0
EmissionActivityRatio,BAU,GUA,OPEN_BURN,,CO2_WASTE,1,2032,,,,,,0.0
EmissionActivityRatio,BAU,GUA,OPEN_BURN,,CO2_WASTE,1,2033,,,,,,0.0
EmissionActivityRatio,BAU,GUA,OPEN_BURN,,CO2_WASTE,1,2034,,,,,,0.0
EmissionActivityRatio,BAU,GUA,OPEN_BURN,,CO2_WASTE,1,2035,,,,,,0.0
EmissionActivityRatio,BAU,GUA,OPEN_BURN,,CO2_WASTE,1,2036,,,,,,0.0
EmissionActivityRatio,BAU,GUA,OPEN_BURN,,CO2_WASTE,1,2037,,,,,,0.0
EmissionActivityRatio,BAU,GUA,OPEN_BURN,,CO2_WASTE,1,2038,,,,,,0.0
EmissionActivityRatio,BAU,GUA,OPEN_BURN,,CO2_WASTE,1,2039,,,,,,0.0
EmissionActivityRatio,BAU,GUA,OPEN_BURN,,CO2_WASTE,1,2040,,,,,,0.0
EmissionActivityRatio,BAU,GUA,OPEN_BURN,,CO2_WASTE,1,2041,,,,,,0.0
EmissionActivityRatio,BAU,GUA,OPEN_BURN,,CO2_WASTE,1,2042,,,,,,0.0
EmissionActivityRatio,BAU,GUA,OPEN_BURN,,CO2_WASTE,1,2043,,,,,,0.0
EmissionActivityRatio,BAU,GUA,OPEN_BURN,,CO2_WASTE,1,2044,,,,,,0.0
EmissionActivityRatio,BAU,GUA,OPEN_BURN,,CO2_WASTE,1,2045,,,,,,0.0
EmissionActivityRatio,BAU,GUA,OPEN_BURN,,CO2_WASTE,1,2046,,,,,,0.0
EmissionActivityRatio,BAU,GUA,OPEN_BURN,,CO2_WASTE,1,2047,,,,,,0.0
EmissionActivityRatio,BAU,GUA,OPEN_BURN,,CO2_WASTE,1,2048,,,,,,0.0
EmissionActivityRatio,BAU,GUA,OPEN_BURN,,CO2_WASTE,1,2049,,,,,,0.0
EmissionActivityRatio,BAU,GUA,OPEN_BURN,,CO2_WASTE,1,2050,,,,,,0.0
EmissionActivityRatio,BAU,GUA,OPEN_BURN,,CH4_WASTE,1,2018,,,,,,0.0
EmissionActivityRatio,BAU,GUA,OPEN_BURN,,CH4_WASTE,1,2019,,,,,,0.0
EmissionActivityRatio,BAU,GUA,OPEN_BURN,,CH4_WASTE,1,2020,,,,,,0.0
EmissionActivityRatio,BAU,GUA,OPEN_BURN,,CH4_WASTE,1,2021,,,,,,0.0
EmissionActivityRatio,BAU,GUA,OPEN_BURN,,CH4_WASTE,1,2022,,,,,,0.0
EmissionActivityRatio,BAU,GUA,OPEN_BURN,,CH4_WASTE,1,2023,,,,,,0.0
EmissionActivityRatio,BAU,GUA,OPEN_BURN,,CH4_WASTE,1,2024,,,,,,0.0
EmissionActivityRatio,BAU,GUA,OPEN_BURN,,CH4_WASTE,1,2025,,,,,,0.0
EmissionActivityRatio,BAU,GUA,OPEN_BURN,,CH4_WASTE,1,2026,,,,,,0.0
EmissionActivityRatio,BAU,GUA,OPEN_BURN,,CH4_WASTE,1,2027,,,,,,0.0
EmissionActivityRatio,BAU,GUA,OPEN_BURN,,CH4_WASTE,1,2028,,,,,,0.0
EmissionActivityRatio,BAU,GUA,OPEN_BURN,,CH4_WASTE,1,2029,,,,,,0.0
EmissionActivityRatio,BAU,GUA,OPEN_BURN,,CH4_WASTE,1,2030,,,,,,0.0
EmissionActivityRatio,BAU,GUA,OPEN_BURN,,CH4_WASTE,1,2031,,,,,,0.0
EmissionActivityRatio,BAU,GUA,OPEN_BURN,,CH4_WASTE,1,2032,,,,,,0.0
EmissionActivityRatio,BAU,GUA,OPEN_BURN,,CH4_WASTE,1,2033,,,,,,0.0
EmissionActivityRatio,BAU,GUA,OPEN_BURN,,CH4_WASTE,1,2034,,,,,,0.0
EmissionActivityRatio,BAU,GUA,OPEN_BURN,,CH4_WASTE,1,2035,,,,,,0.0
EmissionActivityRatio,BAU,GUA,OPEN_BURN,,CH4_WASTE,1,2036,,,,,,0.0
EmissionActivityRatio,BAU,GUA,OPEN_BURN,,CH4_WASTE,1,2037,,,,,,0.0
EmissionActivityRatio,BAU,GUA,OPEN_BURN,,CH4_WASTE,1,2038,,,,,,0.0
EmissionActivityRatio,BAU,GUA,OPEN_BURN,,CH4_WASTE,1,2039,,,,,,0.0
EmissionActivityRatio,BAU,GUA,OPEN_BURN,,CH4_WASTE,1,2040,,,,,,0.0
EmissionActivityRatio,BAU,GUA,OPEN_BURN,,CH4_WASTE,1,2041,,,,,,0.0
EmissionActivityRatio,BAU,GUA,OPEN_BURN,,CH4_WASTE,1,2042,,,,,,0.0
EmissionActivityRatio,BAU,GUA,OPEN_BURN,,CH4_WASTE,1,2043,,,,,,0.0
EmissionActivityRatio,BAU,GUA,OPEN_BURN,,CH4_WASTE,1,2044,,,,,,0.0
EmissionActivityRatio,BAU,GUA,OPEN_BURN,,CH4_WASTE,1,2045,,,,,,0.0
EmissionActivityRatio,BAU,GUA,OPEN_BURN,,CH4_WASTE,1,2046,,,,,,0.0
EmissionActivityRatio,BAU,GUA,OPEN_BURN,,CH4_WASTE,1,2047,,,,,,0.0
EmissionActivityRatio,BAU,GUA,OPEN_BURN,,CH4_WASTE,1,2048,,,,,,0.0
EmissionActivityRatio,BAU,GUA,OPEN_BURN,,CH4_WASTE,1,2049,,,,,,0.0
EmissionActivityRatio,BAU,GUA,OPEN_BURN,,CH4_WASTE,1,2050,,,,,,0.0
EmissionActivityRatio,BAU,GUA,OPEN_BURN,,N2O_WASTE,1,2018,,,,,,0.0
EmissionActivityRatio,BAU,GUA,OPEN_BURN,,N2O_WASTE,1,2019,,,,,,0.0
EmissionActivityRatio,BAU,GUA,OPEN_BURN,,N2O_WASTE,1,2020,,,,,,0.0
EmissionActivityRatio,BAU,GUA,OPEN_BURN,,N2O_WASTE,1,2021,,,,,,0.0
EmissionActivityRatio,BAU,GUA,OPEN_BURN,,N2O_WASTE,1,2022,,,,,,0.0
EmissionActivityRatio,BAU,GUA,OPEN_BURN,,N2O_WASTE,1,2023,,,,,,0.0
EmissionActivityRatio,BAU,GUA,OPEN_BURN,,N2O_WASTE,1,2024,,,,,,0.0
EmissionActivityRatio,BAU,GUA,OPEN_BURN,,N2O_WASTE,1,2025,,,,,,0.0
EmissionActivityRatio,BAU,GUA,OPEN_BURN,,N2O_WASTE,1,2026,,,,,,0.0
EmissionActivityRatio,BAU,GUA,OPEN_BURN,,N2O_WASTE,1,2027,,,,,,0.0
EmissionActivityRatio,BAU,GUA,OPEN_BURN,,N2O_WASTE,1,2028,,,,,,0.0
EmissionActivityRatio,BAU,GUA,OPEN_BURN,,N2O_WASTE,1,2029,,,,,,0.0
EmissionActivityRatio,BAU,GUA,OPEN_BURN,,N2O_WASTE,1,2030,,,,,,0.0
EmissionActivityRatio,BAU,GUA,OPEN_BURN,,N2O_WASTE,1,2031,,,,,,0.0
EmissionActivityRatio,BAU,GUA,OPEN_BURN,,N2O_WASTE,1,2032,,,,,,0.0
EmissionActivityRatio,BAU,GUA,OPEN_BURN,,N2O_WASTE,1,2033,,,,,,0.0
EmissionActivityRatio,BAU,GUA,OPEN_BURN,,N2O_WASTE,1,2034,,,,,,0.0
EmissionActivityRatio,BAU,GUA,OPEN_BURN,,N2O_WASTE,1,2035,,,,,,0.0
EmissionActivityRatio,BAU,GUA,OPEN_BURN,,N2O_WASTE,1,2036,,,,,,0.0
EmissionActivityRatio,BAU,GUA,OPEN_BURN,,N2O_WASTE,1,2037,,,,,,0.0
EmissionActivityRatio,BAU,GUA,OPEN_BURN,,N2O_WASTE,1,2038,,,,,,0.0
EmissionActivityRatio,BAU,GUA,OPEN_BURN,,N2O_WASTE,1,2039,,,,,,0.0
EmissionActivityRatio,BAU,GUA,OPEN_BURN,,N2O_WASTE,1,2040,,,,,,0.0
EmissionActivityRatio,BAU,GUA,OPEN_BURN,,N2O_WASTE,1,2041,,,,,,0.0
EmissionActivityRatio,BAU,GUA,OPEN_BURN,,N2O_WASTE,1,2042,,,,,,0.0
EmissionActivityRatio,BAU,GUA,OPEN_BURN,,N2O_WASTE,1,2043,,,,,,0.0
EmissionActivityRatio,BAU,GUA,OPEN_BURN,,N2O_WASTE,1,2044,,,,,,0.0
EmissionActivityRatio,BAU,GUA,OPEN_BURN,,N2O_WASTE,1,2045,,,,,,0.0
EmissionActivityRatio,BAU,GUA,OPEN_BURN,,N2O_WASTE,1,2046,,,,,,0.0
EmissionActivityRatio,BAU,GUA,OPEN_BURN,,N2O_WASTE,1,2047,,,,,,0.0
EmissionActivityRatio,BAU,GUA,OPEN_BURN,,N2O_WASTE,1,2048,,,,,,0.0
EmissionActivityRatio,BAU,GUA,OPEN_BURN,,N2O_WASTE,1,2049,,,,,,0.0
EmissionActivityRatio,BAU,GUA,OPEN_BURN,,N2O_WASTE,1,2050,,,,,,0.0
EmissionActivityRatio,BAU,GUA,SIT_CLAN,,CO2e_WASTE,1,2018,,,,,,0.0
EmissionActivityRatio,BAU,GUA,SIT_CLAN,,CO2e_WASTE,1,2019,,,,,,0.0
EmissionActivityRatio,BAU,GUA,SIT_CLAN,,CO2e_WASTE,1,2020,,,,,,0.0
EmissionActivityRatio,BAU,GUA,SIT_CLAN,,CO2e_WASTE,1,2021,,,,,,0.0
EmissionActivityRatio,BAU,GUA,SIT_CLAN,,CO2e_WASTE,1,2022,,,,,,0.0
EmissionActivityRatio,BAU,GUA,SIT_CLAN,,CO2e_WASTE,1,2023,,,,,,0.0
EmissionActivityRatio,BAU,GUA,SIT_CLAN,,CO2e_WASTE,1,2024,,,,,,0.0
EmissionActivityRatio,BAU,GUA,SIT_CLAN,,CO2e_WASTE,1,2025,,,,,,0.0
EmissionActivityRatio,BAU,GUA,SIT_CLAN,,CO2e_WASTE,1,2026,,,,,,0.0
EmissionActivityRatio,BAU,GUA,SIT_CLAN,,CO2e_WASTE,1,2027,,,,,,0.0
EmissionActivityRatio,BAU,GUA,SIT_CLAN,,CO2e_WASTE,1,2028,,,,,,0.0
EmissionActivityRatio,BAU,GUA,SIT_CLAN,,CO2e_WASTE,1,2029,,,,,,0.0
EmissionActivityRatio,BAU,GUA,SIT_CLAN,,CO2e_WASTE,1,2030,,,,,,0.0
EmissionActivityRatio,BAU,GUA,SIT_CLAN,,CO2e_WASTE,1,2031,,,,,,0.0
EmissionActivityRatio,BAU,GUA,SIT_CLAN,,CO2e_WASTE,1,2032,,,,,,0.0
EmissionActivityRatio,BAU,GUA,SIT_CLAN,,CO2e_WASTE,1,2033,,,,,,0.0
EmissionActivityRatio,BAU,GUA,SIT_CLAN,,CO2e_WASTE,1,2034,,,,,,0.0
EmissionActivityRatio,BAU,GUA,SIT_CLAN,,CO2e_WASTE,1,2035,,,,,,0.0
EmissionActivityRatio,BAU,GUA,SIT_CLAN,,CO2e_WASTE,1,2036,,,,,,0.0
EmissionActivityRatio,BAU,GUA,SIT_CLAN,,CO2e_WASTE,1,2037,,,,,,0.0
EmissionActivityRatio,BAU,GUA,SIT_CLAN,,CO2e_WASTE,1,2038,,,,,,0.0
EmissionActivityRatio,BAU,GUA,SIT_CLAN,,CO2e_WASTE,1,2039,,,,,,0.0
EmissionActivityRatio,BAU,GUA,SIT_CLAN,,CO2e_WASTE,1,2040,,,,,,0.0
EmissionActivityRatio,BAU,GUA,SIT_CLAN,,CO2e_WASTE,1,2041,,,,,,0.0
EmissionActivityRatio,BAU,GUA,SIT_CLAN,,CO2e_WASTE,1,2042,,,,,,0.0
EmissionActivityRatio,BAU,GUA,SIT_CLAN,,CO2e_WASTE,1,2043,,,,,,0.0
EmissionActivityRatio,BAU,GUA,SIT_CLAN,,CO2e_WASTE,1,2044,,,,,,0.0
EmissionActivityRatio,BAU,GUA,SIT_CLAN,,CO2e_WASTE,1,2045,,,,,,0.0
EmissionActivityRatio,BAU,GUA,SIT_CLAN,,CO2e_WASTE,1,2046,,,,,,0.0
EmissionActivityRatio,BAU,GUA,SIT_CLAN,,CO2e_WASTE,1,2047,,,,,,0.0
EmissionActivityRatio,BAU,GUA,SIT_CLAN,,CO2e_WASTE,1,2048,,,,,,0.0
EmissionActivityRatio,BAU,GUA,SIT_CLAN,,CO2e_WASTE,1,2049,,,,,,0.0
EmissionActivityRatio,BAU,GUA,SIT_CLAN,,CO2e_WASTE,1,2050,,,,,,0.0
EmissionActivityRatio,BAU,GUA,SIT_CLAN,,CO2_WASTE,1,2018,,,,,,0.0
EmissionActivityRatio,BAU,GUA,SIT_CLAN,,CO2_WASTE,1,2019,,,,,,0.0
EmissionActivityRatio,BAU,GUA,SIT_CLAN,,CO2_WASTE,1,2020,,,,,,0.0
EmissionActivityRatio,BAU,GUA,SIT_CLAN,,CO2_WASTE,1,2021,,,,,,0.0
EmissionActivityRatio,BAU,GUA,SIT_CLAN,,CO2_WASTE,1,2022,,,,,,0.0
EmissionActivityRatio,BAU,GUA,SIT_CLAN,,CO2_WASTE,1,2023,,,,,,0.0
EmissionActivityRatio,BAU,GUA,SIT_CLAN,,CO2_WASTE,1,2024,,,,,,0.0
EmissionActivityRatio,BAU,GUA,SIT_CLAN,,CO2_WASTE,1,2025,,,,,,0.0
EmissionActivityRatio,BAU,GUA,SIT_CLAN,,CO2_WASTE,1,2026,,,,,,0.0
EmissionActivityRatio,BAU,GUA,SIT_CLAN,,CO2_WASTE,1,2027,,,,,,0.0
EmissionActivityRatio,BAU,GUA,SIT_CLAN,,CO2_WASTE,1,2028,,,,,,0.0
EmissionActivityRatio,BAU,GUA,SIT_CLAN,,CO2_WASTE,1,2029,,,,,,0.0
EmissionActivityRatio,BAU,GUA,SIT_CLAN,,CO2_WASTE,1,2030,,,,,,0.0
EmissionActivityRatio,BAU,GUA,SIT_CLAN,,CO2_WASTE,1,2031,,,,,,0.0
EmissionActivityRatio,BAU,GUA,SIT_CLAN,,CO2_WASTE,1,2032,,,,,,0.0
EmissionActivityRatio,BAU,GUA,SIT_CLAN,,CO2_WASTE,1,2033,,,,,,0.0
EmissionActivityRatio,BAU,GUA,SIT_CLAN,,CO2_WASTE,1,2034,,,,,,0.0
EmissionActivityRatio,BAU,GUA,SIT_CLAN,,CO2_WASTE,1,2035,,,,,,0.0
EmissionActivityRatio,BAU,GUA,SIT_CLAN,,CO2_WASTE,1,2036,,,,,,0.0
EmissionActivityRatio,BAU,GUA,SIT_CLAN,,CO2_WASTE,1,2037,,,,,,0.0
EmissionActivityRatio,BAU,GUA,SIT_CLAN,,CO2_WASTE,1,2038,,,,,,0.0
EmissionActivityRatio,BAU,GUA,SIT_CLAN,,CO2_WASTE,1,2039,,,,,,0.0
EmissionActivityRatio,BAU,GUA,SIT_CLAN,,CO2_WASTE,1,2040,,,,,,0.0
EmissionActivityRatio,BAU,GUA,SIT_CLAN,,CO2_WASTE,1,2041,,,,,,0.0
EmissionActivityRatio,BAU,GUA,SIT_CLAN,,CO2_WASTE,1,2042,,,,,,0.0
EmissionActivityRatio,BAU,GUA,SIT_CLAN,,CO2_WASTE,1,2043,,,,,,0.0
EmissionActivityRatio,BAU,GUA,SIT_CLAN,,CO2_WASTE,1,2044,,,,,,0.0
EmissionActivityRatio,BAU,GUA,SIT_CLAN,,CO2_WASTE,1,2045,,,,,,0.0
EmissionActivityRatio,BAU,GUA,SIT_CLAN,,CO2_WASTE,1,2046,,,,,,0.0
EmissionActivityRatio,BAU,GUA,SIT_CLAN,,CO2_WASTE,1,2047,,,,,,0.0
EmissionActivityRatio,BAU,GUA,SIT_CLAN,,CO2_WASTE,1,2048,,,,,,0.0
EmissionActivityRatio,BAU,GUA,SIT_CLAN,,CO2_WASTE,1,2049,,,,,,0.0
EmissionActivityRatio,BAU,GUA,SIT_CLAN,,CO2_WASTE,1,2050,,,,,,0.0
EmissionActivityRatio,BAU,GUA,SIT_CLAN,,CH4_WASTE,1,2018,,,,,,0.0
EmissionActivityRatio,BAU,GUA,SIT_CLAN,,CH4_WASTE,1,2019,,,,,,0.0
EmissionActivityRatio,BAU,GUA,SIT_CLAN,,CH4_WASTE,1,2020,,,,,,0.0
EmissionActivityRatio,BAU,GUA,SIT_CLAN,,CH4_WASTE,1,2021,,,,,,0.0
EmissionActivityRatio,BAU,GUA,SIT_CLAN,,CH4_WASTE,1,2022,,,,,,0.0
EmissionActivityRatio,BAU,GUA,SIT_CLAN,,CH4_WASTE,1,2023,,,,,,0.0
EmissionActivityRatio,BAU,GUA,SIT_CLAN,,CH4_WASTE,1,2024,,,,,,0.0
EmissionActivityRatio,BAU,GUA,SIT_CLAN,,CH4_WASTE,1,2025,,,,,,0.0
EmissionActivityRatio,BAU,GUA,SIT_CLAN,,CH4_WASTE,1,2026,,,,,,0.0
EmissionActivityRatio,BAU,GUA,SIT_CLAN,,CH4_WASTE,1,2027,,,,,,0.0
EmissionActivityRatio,BAU,GUA,SIT_CLAN,,CH4_WASTE,1,2028,,,,,,0.0
EmissionActivityRatio,BAU,GUA,SIT_CLAN,,CH4_WASTE,1,2029,,,,,,0.0
EmissionActivityRatio,BAU,GUA,SIT_CLAN,,CH4_WASTE,1,2030,,,,,,0.0
EmissionActivityRatio,BAU,GUA,SIT_CLAN,,CH4_WASTE,1,2031,,,,,,0.0
EmissionActivityRatio,BAU,GUA,SIT_CLAN,,CH4_WASTE,1,2032,,,,,,0.0
EmissionActivityRatio,BAU,GUA,SIT_CLAN,,CH4_WASTE,1,2033,,,,,,0.0
EmissionActivityRatio,BAU,GUA,SIT_CLAN,,CH4_WASTE,1,2034,,,,,,0.0
EmissionActivityRatio,BAU,GUA,SIT_CLAN,,CH4_WASTE,1,2035,,,,,,0.0
EmissionActivityRatio,BAU,GUA,SIT_CLAN,,CH4_WASTE,1,2036,,,,,,0.0
EmissionActivityRatio,BAU,GUA,SIT_CLAN,,CH4_WASTE,1,2037,,,,,,0.0
EmissionActivityRatio,BAU,GUA,SIT_CLAN,,CH4_WASTE,1,2038,,,,,,0.0
EmissionActivityRatio,BAU,GUA,SIT_CLAN,,CH4_WASTE,1,2039,,,,,,0.0
EmissionActivityRatio,BAU,GUA,SIT_CLAN,,CH4_WASTE,1,2040,,,,,,0.0
EmissionActivityRatio,BAU,GUA,SIT_CLAN,,CH4_WASTE,1,2041,,,,,,0.0
EmissionActivityRatio,BAU,GUA,SIT_CLAN,,CH4_WASTE,1,2042,,,,,,0.0
EmissionActivityRatio,BAU,GUA,SIT_CLAN,,CH4_WASTE,1,2043,,,,,,0.0
EmissionActivityRatio,BAU,GUA,SIT_CLAN,,CH4_WASTE,1,2044,,,,,,0.0
EmissionActivityRatio,BAU,GUA,SIT_CLAN,,CH4_WASTE,1,2045,,,,,,0.0
EmissionActivityRatio,BAU,GUA,SIT_CLAN,,CH4_WASTE,1,2046,,,,,,0.0
EmissionActivityRatio,BAU,GUA,SIT_CLAN,,CH4_WASTE,1,2047,,,,,,0.0
EmissionActivityRatio,BAU,GUA,SIT_CLAN,,CH4_WASTE,1,2048,,,,,,0.0
EmissionActivityRatio,BAU,GUA,SIT_CLAN,,CH4_WASTE,1,2049,,,,,,0.0
EmissionActivityRatio,BAU,GUA,SIT_CLAN,,CH4_WASTE,1,2050,,,,,,0.0
EmissionActivityRatio,BAU,GUA,SIT_CLAN,,N2O_WASTE,1,2018,,,,,,0.0
EmissionActivityRatio,BAU,GUA,SIT_CLAN,,N2O_WASTE,1,2019,,,,,,0.0
EmissionActivityRatio,BAU,GUA,SIT_CLAN,,N2O_WASTE,1,2020,,,,,,0.0
EmissionActivityRatio,BAU,GUA,SIT_CLAN,,N2O_WASTE,1,2021,,,,,,0.0
EmissionActivityRatio,BAU,GUA,SIT_CLAN,,N2O_WASTE,1,2022,,,,,,0.0
EmissionActivityRatio,BAU,GUA,SIT_CLAN,,N2O_WASTE,1,2023,,,,,,0.0
EmissionActivityRatio,BAU,GUA,SIT_CLAN,,N2O_WASTE,1,2024,,,,,,0.0
EmissionActivityRatio,BAU,GUA,SIT_CLAN,,N2O_WASTE,1,2025,,,,,,0.0
EmissionActivityRatio,BAU,GUA,SIT_CLAN,,N2O_WASTE,1,2026,,,,,,0.0
EmissionActivityRatio,BAU,GUA,SIT_CLAN,,N2O_WASTE,1,2027,,,,,,0.0
EmissionActivityRatio,BAU,GUA,SIT_CLAN,,N2O_WASTE,1,2028,,,,,,0.0
EmissionActivityRatio,BAU,GUA,SIT_CLAN,,N2O_WASTE,1,2029,,,,,,0.0
EmissionActivityRatio,BAU,GUA,SIT_CLAN,,N2O_WASTE,1,2030,,,,,,0.0
EmissionActivityRatio,BAU,GUA,SIT_CLAN,,N2O_WASTE,1,2031,,,,,,0.0
EmissionActivityRatio,BAU,GUA,SIT_CLAN,,N2O_WASTE,1,2032,,,,,,0.0
EmissionActivityRatio,BAU,GUA,SIT_CLAN,,N2O_WASTE,1,2033,,,,,,0.0
EmissionActivityRatio,BAU,GUA,SIT_CLAN,,N2O_WASTE,1,2034,,,,,,0.0
EmissionActivityRatio,BAU,GUA,SIT_CLAN,,N2O_WASTE,1,2035,,,,,,0.0
EmissionActivityRatio,BAU,GUA,SIT_CLAN,,N2O_WASTE,1,2036,,,,,,0.0
EmissionActivityRatio,BAU,GUA,SIT_CLAN,,N2O_WASTE,1,2037,,,,,,0.0
EmissionActivityRatio,BAU,GUA,SIT_CLAN,,N2O_WASTE,1,2038,,,,,,0.0
EmissionActivityRatio,BAU,GUA,SIT_CLAN,,N2O_WASTE,1,2039,,,,,,0.0
EmissionActivityRatio,BAU,GUA,SIT_CLAN,,N2O_WASTE,1,2040,,,,,,0.0
EmissionActivityRatio,BAU,GUA,SIT_CLAN,,N2O_WASTE,1,2041,,,,,,0.0
EmissionActivityRatio,BAU,GUA,SIT_CLAN,,N2O_WASTE,1,2042,,,,,,0.0
EmissionActivityRatio,BAU,GUA,SIT_CLAN,,N2O_WASTE,1,2043,,,,,,0.0
EmissionActivityRatio,BAU,GUA,SIT_CLAN,,N2O_WASTE,1,2044,,,,,,0.0
EmissionActivityRatio,BAU,GUA,SIT_CLAN,,N2O_WASTE,1,2045,,,,,,0.0
EmissionActivityRatio,BAU,GUA,SIT_CLAN,,N2O_WASTE,1,2046,,,,,,0.0
EmissionActivityRatio,BAU,GUA,SIT_CLAN,,N2O_WASTE,1,2047,,,,,,0.0
EmissionActivityRatio,BAU,GUA,SIT_CLAN,,N2O_WASTE,1,2048,,,,,,0.0
EmissionActivityRatio,BAU,GUA,SIT_CLAN,,N2O_WASTE,1,2049,,,,,,0.0
EmissionActivityRatio,BAU,GUA,SIT_CLAN,,N2O_WASTE,1,2050,,,,,,0.0
EmissionActivityRatio,BAU,GUA,LANDFILL_ELEC,,CO2e_WASTE,1,2018,,,,,,0.0
EmissionActivityRatio,BAU,GUA,LANDFILL_ELEC,,CO2e_WASTE,1,2019,,,,,,0.0
EmissionActivityRatio,BAU,GUA,LANDFILL_ELEC,,CO2e_WASTE,1,2020,,,,,,0.0
EmissionActivityRatio,BAU,GUA,LANDFILL_ELEC,,CO2e_WASTE,1,2021,,,,,,0.0
EmissionActivityRatio,BAU,GUA,LANDFILL_ELEC,,CO2e_WASTE,1,2022,,,,,,0.0
EmissionActivityRatio,BAU,GUA,LANDFILL_ELEC,,CO2e_WASTE,1,2023,,,,,,0.0
EmissionActivityRatio,BAU,GUA,LANDFILL_ELEC,,CO2e_WASTE,1,2024,,,,,,0.0
EmissionActivityRatio,BAU,GUA,LANDFILL_ELEC,,CO2e_WASTE,1,2025,,,,,,0.0
EmissionActivityRatio,BAU,GUA,LANDFILL_ELEC,,CO2e_WASTE,1,2026,,,,,,0.0
EmissionActivityRatio,BAU,GUA,LANDFILL_ELEC,,CO2e_WASTE,1,2027,,,,,,0.0
EmissionActivityRatio,BAU,GUA,LANDFILL_ELEC,,CO2e_WASTE,1,2028,,,,,,0.0
EmissionActivityRatio,BAU,GUA,LANDFILL_ELEC,,CO2e_WASTE,1,2029,,,,,,0.0
EmissionActivityRatio,BAU,GUA,LANDFILL_ELEC,,CO2e_WASTE,1,2030,,,,,,0.0
EmissionActivityRatio,BAU,GUA,LANDFILL_ELEC,,CO2e_WASTE,1,2031,,,,,,0.0
EmissionActivityRatio,BAU,GUA,LANDFILL_ELEC,,CO2e_WASTE,1,2032,,,,,,0.0
EmissionActivityRatio,BAU,GUA,LANDFILL_ELEC,,CO2e_WASTE,1,2033,,,,,,0.0
EmissionActivityRatio,BAU,GUA,LANDFILL_ELEC,,CO2e_WASTE,1,2034,,,,,,0.0
EmissionActivityRatio,BAU,GUA,LANDFILL_ELEC,,CO2e_WASTE,1,2035,,,,,,0.0
EmissionActivityRatio,BAU,GUA,LANDFILL_ELEC,,CO2e_WASTE,1,2036,,,,,,0.0
EmissionActivityRatio,BAU,GUA,LANDFILL_ELEC,,CO2e_WASTE,1,2037,,,,,,0.0
EmissionActivityRatio,BAU,GUA,LANDFILL_ELEC,,CO2e_WASTE,1,2038,,,,,,0.0
EmissionActivityRatio,BAU,GUA,LANDFILL_ELEC,,CO2e_WASTE,1,2039,,,,,,0.0
EmissionActivityRatio,BAU,GUA,LANDFILL_ELEC,,CO2e_WASTE,1,2040,,,,,,0.0
EmissionActivityRatio,BAU,GUA,LANDFILL_ELEC,,CO2e_WASTE,1,2041,,,,,,0.0
EmissionActivityRatio,BAU,GUA,LANDFILL_ELEC,,CO2e_WASTE,1,2042,,,,,,0.0
EmissionActivityRatio,BAU,GUA,LANDFILL_ELEC,,CO2e_WASTE,1,2043,,,,,,0.0
EmissionActivityRatio,BAU,GUA,LANDFILL_ELEC,,CO2e_WASTE,1,2044,,,,,,0.0
EmissionActivityRatio,BAU,GUA,LANDFILL_ELEC,,CO2e_WASTE,1,2045,,,,,,0.0
EmissionActivityRatio,BAU,GUA,LANDFILL_ELEC,,CO2e_WASTE,1,2046,,,,,,0.0
EmissionActivityRatio,BAU,GUA,LANDFILL_ELEC,,CO2e_WASTE,1,2047,,,,,,0.0
EmissionActivityRatio,BAU,GUA,LANDFILL_ELEC,,CO2e_WASTE,1,2048,,,,,,0.0
EmissionActivityRatio,BAU,GUA,LANDFILL_ELEC,,CO2e_WASTE,1,2049,,,,,,0.0
EmissionActivityRatio,BAU,GUA,LANDFILL_ELEC,,CO2e_WASTE,1,2050,,,,,,0.0
EmissionActivityRatio,BAU,GUA,LANDFILL_ELEC,,CO2_WASTE,1,2018,,,,,,0.0
EmissionActivityRatio,BAU,GUA,LANDFILL_ELEC,,CO2_WASTE,1,2019,,,,,,0.0
EmissionActivityRatio,BAU,GUA,LANDFILL_ELEC,,CO2_WASTE,1,2020,,,,,,0.0
EmissionActivityRatio,BAU,GUA,LANDFILL_ELEC,,CO2_WASTE,1,2021,,,,,,0.0
EmissionActivityRatio,BAU,GUA,LANDFILL_ELEC,,CO2_WASTE,1,2022,,,,,,0.0
EmissionActivityRatio,BAU,GUA,LANDFILL_ELEC,,CO2_WASTE,1,2023,,,,,,0.0
EmissionActivityRatio,BAU,GUA,LANDFILL_ELEC,,CO2_WASTE,1,2024,,,,,,0.0
EmissionActivityRatio,BAU,GUA,LANDFILL_ELEC,,CO2_WASTE,1,2025,,,,,,0.0
EmissionActivityRatio,BAU,GUA,LANDFILL_ELEC,,CO2_WASTE,1,2026,,,,,,0.0
EmissionActivityRatio,BAU,GUA,LANDFILL_ELEC,,CO2_WASTE,1,2027,,,,,,0.0
EmissionActivityRatio,BAU,GUA,LANDFILL_ELEC,,CO2_WASTE,1,2028,,,,,,0.0
EmissionActivityRatio,BAU,GUA,LANDFILL_ELEC,,CO2_WASTE,1,2029,,,,,,0.0
EmissionActivityRatio,BAU,GUA,LANDFILL_ELEC,,CO2_WASTE,1,2030,,,,,,0.0
EmissionActivityRatio,BAU,GUA,LANDFILL_ELEC,,CO2_WASTE,1,2031,,,,,,0.0
EmissionActivityRatio,BAU,GUA,LANDFILL_ELEC,,CO2_WASTE,1,2032,,,,,,0.0
EmissionActivityRatio,BAU,GUA,LANDFILL_ELEC,,CO2_WASTE,1,2033,,,,,,0.0
EmissionActivityRatio,BAU,GUA,LANDFILL_ELEC,,CO2_WASTE,1,2034,,,,,,0.0
EmissionActivityRatio,BAU,GUA,LANDFILL_ELEC,,CO2_WASTE,1,2035,,,,,,0.0
EmissionActivityRatio,BAU,GUA,LANDFILL_ELEC,,CO2_WASTE,1,2036,,,,,,0.0
EmissionActivityRatio,BAU,GUA,LANDFILL_ELEC,,CO2_WASTE,1,2037,,,,,,0.0
EmissionActivityRatio,BAU,GUA,LANDFILL_ELEC,,CO2_WASTE,1,2038,,,,,,0.0
EmissionActivityRatio,BAU,GUA,LANDFILL_ELEC,,CO2_WASTE,1,2039,,,,,,0.0
EmissionActivityRatio,BAU,GUA,LANDFILL_ELEC,,CO2_WASTE,1,2040,,,,,,0.0
EmissionActivityRatio,BAU,GUA,LANDFILL_ELEC,,CO2_WASTE,1,2041,,,,,,0.0
EmissionActivityRatio,BAU,GUA,LANDFILL_ELEC,,CO2_WASTE,1,2042,,,,,,0.0
EmissionActivityRatio,BAU,GUA,LANDFILL_ELEC,,CO2_WASTE,1,2043,,,,,,0.0
EmissionActivityRatio,BAU,GUA,LANDFILL_ELEC,,CO2_WASTE,1,2044,,,,,,0.0
EmissionActivityRatio,BAU,GUA,LANDFILL_ELEC,,CO2_WASTE,1,2045,,,,,,0.0
EmissionActivityRatio,BAU,GUA,LANDFILL_ELEC,,CO2_WASTE,1,2046,,,,,,0.0
EmissionActivityRatio,BAU,GUA,LANDFILL_ELEC,,CO2_WASTE,1,2047,,,,,,0.0
EmissionActivityRatio,BAU,GUA,LANDFILL_ELEC,,CO2_WASTE,1,2048,,,,,,0.0
EmissionActivityRatio,BAU,GUA,LANDFILL_ELEC,,CO2_WASTE,1,2049,,,,,,0.0
EmissionActivityRatio,BAU,GUA,LANDFILL_ELEC,,CO2_WASTE,1,2050,,,,,,0.0
EmissionActivityRatio,BAU,GUA,LANDFILL_ELEC,,CH4_WASTE,1,2018,,,,,,0.0
EmissionActivityRatio,BAU,GUA,LANDFILL_ELEC,,CH4_WASTE,1,2019,,,,,,0.0
EmissionActivityRatio,BAU,GUA,LANDFILL_ELEC,,CH4_WASTE,1,2020,,,,,,0.0
EmissionActivityRatio,BAU,GUA,LANDFILL_ELEC,,CH4_WASTE,1,2021,,,,,,0.0
EmissionActivityRatio,BAU,GUA,LANDFILL_ELEC,,CH4_WASTE,1,2022,,,,,,0.0
EmissionActivityRatio,BAU,GUA,LANDFILL_ELEC,,CH4_WASTE,1,2023,,,,,,0.0
EmissionActivityRatio,BAU,GUA,LANDFILL_ELEC,,CH4_WASTE,1,2024,,,,,,0.0
EmissionActivityRatio,BAU,GUA,LANDFILL_ELEC,,CH4_WASTE,1,2025,,,,,,0.0
EmissionActivityRatio,BAU,GUA,LANDFILL_ELEC,,CH4_WASTE,1,2026,,,,,,0.0
EmissionActivityRatio,BAU,GUA,LANDFILL_ELEC,,CH4_WASTE,1,2027,,,,,,0.0
EmissionActivityRatio,BAU,GUA,LANDFILL_ELEC,,CH4_WASTE,1,2028,,,,,,0.0
EmissionActivityRatio,BAU,GUA,LANDFILL_ELEC,,CH4_WASTE,1,2029,,,,,,0.0
EmissionActivityRatio,BAU,GUA,LANDFILL_ELEC,,CH4_WASTE,1,2030,,,,,,0.0
EmissionActivityRatio,BAU,GUA,LANDFILL_ELEC,,CH4_WASTE,1,2031,,,,,,0.0
EmissionActivityRatio,BAU,GUA,LANDFILL_ELEC,,CH4_WASTE,1,2032,,,,,,0.0
EmissionActivityRatio,BAU,GUA,LANDFILL_ELEC,,CH4_WASTE,1,2033,,,,,,0.0
EmissionActivityRatio,BAU,GUA,LANDFILL_ELEC,,CH4_WASTE,1,2034,,,,,,0.0
EmissionActivityRatio,BAU,GUA,LANDFILL_ELEC,,CH4_WASTE,1,2035,,,,,,0.0
EmissionActivityRatio,BAU,GUA,LANDFILL_ELEC,,CH4_WASTE,1,2036,,,,,,0.0
EmissionActivityRatio,BAU,GUA,LANDFILL_ELEC,,CH4_WASTE,1,2037,,,,,,0.0
EmissionActivityRatio,BAU,GUA,LANDFILL_ELEC,,CH4_WASTE,1,2038,,,,,,0.0
EmissionActivityRatio,BAU,GUA,LANDFILL_ELEC,,CH4_WASTE,1,2039,,,,,,0.0
EmissionActivityRatio,BAU,GUA,LANDFILL_ELEC,,CH4_WASTE,1,2040,,,,,,0.0
EmissionActivityRatio,BAU,GUA,LANDFILL_ELEC,,CH4_WASTE,1,2041,,,,,,0.0
EmissionActivityRatio,BAU,GUA,LANDFILL_ELEC,,CH4_WASTE,1,2042,,,,,,0.0
EmissionActivityRatio,BAU,GUA,LANDFILL_ELEC,,CH4_WASTE,1,2043,,,,,,0.0
EmissionActivityRatio,BAU,GUA,LANDFILL_ELEC,,CH4_WASTE,1,2044,,,,,,0.0
EmissionActivityRatio,BAU,GUA,LANDFILL_ELEC,,CH4_WASTE,1,2045,,,,,,0.0
EmissionActivityRatio,BAU,GUA,LANDFILL_ELEC,,CH4_WASTE,1,2046,,,,,,0.0
EmissionActivityRatio,BAU,GUA,LANDFILL_ELEC,,CH4_WASTE,1,2047,,,,,,0.0
EmissionActivityRatio,BAU,GUA,LANDFILL_ELEC,,CH4_WASTE,1,2048,,,,,,0.0
EmissionActivityRatio,BAU,GUA,LANDFILL_ELEC,,CH4_WASTE,1,2049,,,,,,0.0
EmissionActivityRatio,BAU,GUA,LANDFILL_ELEC,,CH4_WASTE,1,2050,,,,,,0.0
EmissionActivityRatio,BAU,GUA,LANDFILL_ELEC,,N2O_WASTE,1,2018,,,,,,0.0
EmissionActivityRatio,BAU,GUA,LANDFILL_ELEC,,N2O_WASTE,1,2019,,,,,,0.0
EmissionActivityRatio,BAU,GUA,LANDFILL_ELEC,,N2O_WASTE,1,2020,,,,,,0.0
EmissionActivityRatio,BAU,GUA,LANDFILL_ELEC,,N2O_WASTE,1,2021,,,,,,0.0
EmissionActivityRatio,BAU,GUA,LANDFILL_ELEC,,N2O_WASTE,1,2022,,,,,,0.0
EmissionActivityRatio,BAU,GUA,LANDFILL_ELEC,,N2O_WASTE,1,2023,,,,,,0.0
EmissionActivityRatio,BAU,GUA,LANDFILL_ELEC,,N2O_WASTE,1,2024,,,,,,0.0
EmissionActivityRatio,BAU,GUA,LANDFILL_ELEC,,N2O_WASTE,1,2025,,,,,,0.0
EmissionActivityRatio,BAU,GUA,LANDFILL_ELEC,,N2O_WASTE,1,2026,,,,,,0.0
EmissionActivityRatio,BAU,GUA,LANDFILL_ELEC,,N2O_WASTE,1,2027,,,,,,0.0
EmissionActivityRatio,BAU,GUA,LANDFILL_ELEC,,N2O_WASTE,1,2028,,,,,,0.0
EmissionActivityRatio,BAU,GUA,LANDFILL_ELEC,,N2O_WASTE,1,2029,,,,,,0.0
EmissionActivityRatio,BAU,GUA,LANDFILL_ELEC,,N2O_WASTE,1,2030,,,,,,0.0
EmissionActivityRatio,BAU,GUA,LANDFILL_ELEC,,N2O_WASTE,1,2031,,,,,,0.0
EmissionActivityRatio,BAU,GUA,LANDFILL_ELEC,,N2O_WASTE,1,2032,,,,,,0.0
EmissionActivityRatio,BAU,GUA,LANDFILL_ELEC,,N2O_WASTE,1,2033,,,,,,0.0
EmissionActivityRatio,BAU,GUA,LANDFILL_ELEC,,N2O_WASTE,1,2034,,,,,,0.0
EmissionActivityRatio,BAU,GUA,LANDFILL_ELEC,,N2O_WASTE,1,2035,,,,,,0.0
EmissionActivityRatio,BAU,GUA,LANDFILL_ELEC,,N2O_WASTE,1,2036,,,,,,0.0
EmissionActivityRatio,BAU,GUA,LANDFILL_ELEC,,N2O_WASTE,1,2037,,,,,,0.0
EmissionActivityRatio,BAU,GUA,LANDFILL_ELEC,,N2O_WASTE,1,2038,,,,,,0.0
EmissionActivityRatio,BAU,GUA,LANDFILL_ELEC,,N2O_WASTE,1,2039,,,,,,0.0
EmissionActivityRatio,BAU,GUA,LANDFILL_ELEC,,N2O_WASTE,1,2040,,,,,,0.0
EmissionActivityRatio,BAU,GUA,LANDFILL_ELEC,,N2O_WASTE,1,2041,,,,,,0.0
EmissionActivityRatio,BAU,GUA,LANDFILL_ELEC,,N2O_WASTE,1,2042,,,,,,0.0
EmissionActivityRatio,BAU,GUA,LANDFILL_ELEC,,N2O_WASTE,1,2043,,,,,,0.0
EmissionActivityRatio,BAU,GUA,LANDFILL_ELEC,,N2O_WASTE,1,2044,,,,,,0.0
EmissionActivityRatio,BAU,GUA,LANDFILL_ELEC,,N2O_WASTE,1,2045,,,,,,0.0
EmissionActivityRatio,BAU,GUA,LANDFILL_ELEC,,N2O_WASTE,1,2046,,,,,,0.0
EmissionActivityRatio,BAU,GUA,LANDFILL_ELEC,,N2O_WASTE,1,2047,,,,,,0.0
EmissionActivityRatio,BAU,GUA,LANDFILL_ELEC,,N2O_WASTE,1,2048,,,,,,0.0
EmissionActivityRatio,BAU,GUA,LANDFILL_ELEC,,N2O_WASTE,1,2049,,,,,,0.0
EmissionActivityRatio,BAU,GUA,LANDFILL_ELEC,,N2O_WASTE,1,2050,,,,,,0.0
EmissionActivityRatio,BAU,GUA,IND_SW,,CO2e_WASTE,1,2018,,,,,,0.0
EmissionActivityRatio,BAU,GUA,IND_SW,,CO2e_WASTE,1,2019,,,,,,0.0
EmissionActivityRatio,BAU,GUA,IND_SW,,CO2e_WASTE,1,2020,,,,,,0.0
EmissionActivityRatio,BAU,GUA,IND_SW,,CO2e_WASTE,1,2021,,,,,,0.0
EmissionActivityRatio,BAU,GUA,IND_SW,,CO2e_WASTE,1,2022,,,,,,0.0
EmissionActivityRatio,BAU,GUA,IND_SW,,CO2e_WASTE,1,2023,,,,,,0.0
EmissionActivityRatio,BAU,GUA,IND_SW,,CO2e_WASTE,1,2024,,,,,,0.0
EmissionActivityRatio,BAU,GUA,IND_SW,,CO2e_WASTE,1,2025,,,,,,0.0
EmissionActivityRatio,BAU,GUA,IND_SW,,CO2e_WASTE,1,2026,,,,,,0.0
EmissionActivityRatio,BAU,GUA,IND_SW,,CO2e_WASTE,1,2027,,,,,,0.0
EmissionActivityRatio,BAU,GUA,IND_SW,,CO2e_WASTE,1,2028,,,,,,0.0
EmissionActivityRatio,BAU,GUA,IND_SW,,CO2e_WASTE,1,2029,,,,,,0.0
EmissionActivityRatio,BAU,GUA,IND_SW,,CO2e_WASTE,1,2030,,,,,,0.0
EmissionActivityRatio,BAU,GUA,IND_SW,,CO2e_WASTE,1,2031,,,,,,0.0
EmissionActivityRatio,BAU,GUA,IND_SW,,CO2e_WASTE,1,2032,,,,,,0.0
EmissionActivityRatio,BAU,GUA,IND_SW,,CO2e_WASTE,1,2033,,,,,,0.0
EmissionActivityRatio,BAU,GUA,IND_SW,,CO2e_WASTE,1,2034,,,,,,0.0
EmissionActivityRatio,BAU,GUA,IND_SW,,CO2e_WASTE,1,2035,,,,,,0.0
EmissionActivityRatio,BAU,GUA,IND_SW,,CO2e_WASTE,1,2036,,,,,,0.0
EmissionActivityRatio,BAU,GUA,IND_SW,,CO2e_WASTE,1,2037,,,,,,0.0
EmissionActivityRatio,BAU,GUA,IND_SW,,CO2e_WASTE,1,2038,,,,,,0.0
EmissionActivityRatio,BAU,GUA,IND_SW,,CO2e_WASTE,1,2039,,,,,,0.0
EmissionActivityRatio,BAU,GUA,IND_SW,,CO2e_WASTE,1,2040,,,,,,0.0
EmissionActivityRatio,BAU,GUA,IND_SW,,CO2e_WASTE,1,2041,,,,,,0.0
EmissionActivityRatio,BAU,GUA,IND_SW,,CO2e_WASTE,1,2042,,,,,,0.0
EmissionActivityRatio,BAU,GUA,IND_SW,,CO2e_WASTE,1,2043,,,,,,0.0
EmissionActivityRatio,BAU,GUA,IND_SW,,CO2e_WASTE,1,2044,,,,,,0.0
EmissionActivityRatio,BAU,GUA,IND_SW,,CO2e_WASTE,1,2045,,,,,,0.0
EmissionActivityRatio,BAU,GUA,IND_SW,,CO2e_WASTE,1,2046,,,,,,0.0
EmissionActivityRatio,BAU,GUA,IND_SW,,CO2e_WASTE,1,2047,,,,,,0.0
EmissionActivityRatio,BAU,GUA,IND_SW,,CO2e_WASTE,1,2048,,,,,,0.0
EmissionActivityRatio,BAU,GUA,IND_SW,,CO2e_WASTE,1,2049,,,,,,0.0
EmissionActivityRatio,BAU,GUA,IND_SW,,CO2e_WASTE,1,2050,,,,,,0.0
EmissionActivityRatio,BAU,GUA,IND_SW,,CO2_WASTE,1,2018,,,,,,0.0
EmissionActivityRatio,BAU,GUA,IND_SW,,CO2_WASTE,1,2019,,,,,,0.0
EmissionActivityRatio,BAU,GUA,IND_SW,,CO2_WASTE,1,2020,,,,,,0.0
EmissionActivityRatio,BAU,GUA,IND_SW,,CO2_WASTE,1,2021,,,,,,0.0
EmissionActivityRatio,BAU,GUA,IND_SW,,CO2_WASTE,1,2022,,,,,,0.0
EmissionActivityRatio,BAU,GUA,IND_SW,,CO2_WASTE,1,2023,,,,,,0.0
EmissionActivityRatio,BAU,GUA,IND_SW,,CO2_WASTE,1,2024,,,,,,0.0
EmissionActivityRatio,BAU,GUA,IND_SW,,CO2_WASTE,1,2025,,,,,,0.0
EmissionActivityRatio,BAU,GUA,IND_SW,,CO2_WASTE,1,2026,,,,,,0.0
EmissionActivityRatio,BAU,GUA,IND_SW,,CO2_WASTE,1,2027,,,,,,0.0
EmissionActivityRatio,BAU,GUA,IND_SW,,CO2_WASTE,1,2028,,,,,,0.0
EmissionActivityRatio,BAU,GUA,IND_SW,,CO2_WASTE,1,2029,,,,,,0.0
EmissionActivityRatio,BAU,GUA,IND_SW,,CO2_WASTE,1,2030,,,,,,0.0
EmissionActivityRatio,BAU,GUA,IND_SW,,CO2_WASTE,1,2031,,,,,,0.0
EmissionActivityRatio,BAU,GUA,IND_SW,,CO2_WASTE,1,2032,,,,,,0.0
EmissionActivityRatio,BAU,GUA,IND_SW,,CO2_WASTE,1,2033,,,,,,0.0
EmissionActivityRatio,BAU,GUA,IND_SW,,CO2_WASTE,1,2034,,,,,,0.0
EmissionActivityRatio,BAU,GUA,IND_SW,,CO2_WASTE,1,2035,,,,,,0.0
EmissionActivityRatio,BAU,GUA,IND_SW,,CO2_WASTE,1,2036,,,,,,0.0
EmissionActivityRatio,BAU,GUA,IND_SW,,CO2_WASTE,1,2037,,,,,,0.0
EmissionActivityRatio,BAU,GUA,IND_SW,,CO2_WASTE,1,2038,,,,,,0.0
EmissionActivityRatio,BAU,GUA,IND_SW,,CO2_WASTE,1,2039,,,,,,0.0
EmissionActivityRatio,BAU,GUA,IND_SW,,CO2_WASTE,1,2040,,,,,,0.0
EmissionActivityRatio,BAU,GUA,IND_SW,,CO2_WASTE,1,2041,,,,,,0.0
EmissionActivityRatio,BAU,GUA,IND_SW,,CO2_WASTE,1,2042,,,,,,0.0
EmissionActivityRatio,BAU,GUA,IND_SW,,CO2_WASTE,1,2043,,,,,,0.0
EmissionActivityRatio,BAU,GUA,IND_SW,,CO2_WASTE,1,2044,,,,,,0.0
EmissionActivityRatio,BAU,GUA,IND_SW,,CO2_WASTE,1,2045,,,,,,0.0
EmissionActivityRatio,BAU,GUA,IND_SW,,CO2_WASTE,1,2046,,,,,,0.0
EmissionActivityRatio,BAU,GUA,IND_SW,,CO2_WASTE,1,2047,,,,,,0.0
EmissionActivityRatio,BAU,GUA,IND_SW,,CO2_WASTE,1,2048,,,,,,0.0
EmissionActivityRatio,BAU,GUA,IND_SW,,CO2_WASTE,1,2049,,,,,,0.0
EmissionActivityRatio,BAU,GUA,IND_SW,,CO2_WASTE,1,2050,,,,,,0.0
EmissionActivityRatio,BAU,GUA,IND_SW,,CH4_WASTE,1,2018,,,,,,0.0
EmissionActivityRatio,BAU,GUA,IND_SW,,CH4_WASTE,1,2019,,,,,,0.0
EmissionActivityRatio,BAU,GUA,IND_SW,,CH4_WASTE,1,2020,,,,,,0.0
EmissionActivityRatio,BAU,GUA,IND_SW,,CH4_WASTE,1,2021,,,,,,0.0
EmissionActivityRatio,BAU,GUA,IND_SW,,CH4_WASTE,1,2022,,,,,,0.0
EmissionActivityRatio,BAU,GUA,IND_SW,,CH4_WASTE,1,2023,,,,,,0.0
EmissionActivityRatio,BAU,GUA,IND_SW,,CH4_WASTE,1,2024,,,,,,0.0
EmissionActivityRatio,BAU,GUA,IND_SW,,CH4_WASTE,1,2025,,,,,,0.0
EmissionActivityRatio,BAU,GUA,IND_SW,,CH4_WASTE,1,2026,,,,,,0.0
EmissionActivityRatio,BAU,GUA,IND_SW,,CH4_WASTE,1,2027,,,,,,0.0
EmissionActivityRatio,BAU,GUA,IND_SW,,CH4_WASTE,1,2028,,,,,,0.0
EmissionActivityRatio,BAU,GUA,IND_SW,,CH4_WASTE,1,2029,,,,,,0.0
EmissionActivityRatio,BAU,GUA,IND_SW,,CH4_WASTE,1,2030,,,,,,0.0
EmissionActivityRatio,BAU,GUA,IND_SW,,CH4_WASTE,1,2031,,,,,,0.0
EmissionActivityRatio,BAU,GUA,IND_SW,,CH4_WASTE,1,2032,,,,,,0.0
EmissionActivityRatio,BAU,GUA,IND_SW,,CH4_WASTE,1,2033,,,,,,0.0
EmissionActivityRatio,BAU,GUA,IND_SW,,CH4_WASTE,1,2034,,,,,,0.0
EmissionActivityRatio,BAU,GUA,IND_SW,,CH4_WASTE,1,2035,,,,,,0.0
EmissionActivityRatio,BAU,GUA,IND_SW,,CH4_WASTE,1,2036,,,,,,0.0
EmissionActivityRatio,BAU,GUA,IND_SW,,CH4_WASTE,1,2037,,,,,,0.0
EmissionActivityRatio,BAU,GUA,IND_SW,,CH4_WASTE,1,2038,,,,,,0.0
EmissionActivityRatio,BAU,GUA,IND_SW,,CH4_WASTE,1,2039,,,,,,0.0
EmissionActivityRatio,BAU,GUA,IND_SW,,CH4_WASTE,1,2040,,,,,,0.0
EmissionActivityRatio,BAU,GUA,IND_SW,,CH4_WASTE,1,2041,,,,,,0.0
EmissionActivityRatio,BAU,GUA,IND_SW,,CH4_WASTE,1,2042,,,,,,0.0
EmissionActivityRatio,BAU,GUA,IND_SW,,CH4_WASTE,1,2043,,,,,,0.0
EmissionActivityRatio,BAU,GUA,IND_SW,,CH4_WASTE,1,2044,,,,,,0.0
EmissionActivityRatio,BAU,GUA,IND_SW,,CH4_WASTE,1,2045,,,,,,0.0
EmissionActivityRatio,BAU,GUA,IND_SW,,CH4_WASTE,1,2046,,,,,,0.0
EmissionActivityRatio,BAU,GUA,IND_SW,,CH4_WASTE,1,2047,,,,,,0.0
EmissionActivityRatio,BAU,GUA,IND_SW,,CH4_WASTE,1,2048,,,,,,0.0
EmissionActivityRatio,BAU,GUA,IND_SW,,CH4_WASTE,1,2049,,,,,,0.0
EmissionActivityRatio,BAU,GUA,IND_SW,,CH4_WASTE,1,2050,,,,,,0.0
EmissionActivityRatio,BAU,GUA,IND_SW,,N2O_WASTE,1,2018,,,,,,0.0
EmissionActivityRatio,BAU,GUA,IND_SW,,N2O_WASTE,1,2019,,,,,,0.0
EmissionActivityRatio,BAU,GUA,IND_SW,,N2O_WASTE,1,2020,,,,,,0.0
EmissionActivityRatio,BAU,GUA,IND_SW,,N2O_WASTE,1,2021,,,,,,0.0
EmissionActivityRatio,BAU,GUA,IND_SW,,N2O_WASTE,1,2022,,,,,,0.0
EmissionActivityRatio,BAU,GUA,IND_SW,,N2O_WASTE,1,2023,,,,,,0.0
EmissionActivityRatio,BAU,GUA,IND_SW,,N2O_WASTE,1,2024,,,,,,0.0
EmissionActivityRatio,BAU,GUA,IND_SW,,N2O_WASTE,1,2025,,,,,,0.0
EmissionActivityRatio,BAU,GUA,IND_SW,,N2O_WASTE,1,2026,,,,,,0.0
EmissionActivityRatio,BAU,GUA,IND_SW,,N2O_WASTE,1,2027,,,,,,0.0
EmissionActivityRatio,BAU,GUA,IND_SW,,N2O_WASTE,1,2028,,,,,,0.0
EmissionActivityRatio,BAU,GUA,IND_SW,,N2O_WASTE,1,2029,,,,,,0.0
EmissionActivityRatio,BAU,GUA,IND_SW,,N2O_WASTE,1,2030,,,,,,0.0
EmissionActivityRatio,BAU,GUA,IND_SW,,N2O_WASTE,1,2031,,,,,,0.0
EmissionActivityRatio,BAU,GUA,IND_SW,,N2O_WASTE,1,2032,,,,,,0.0
EmissionActivityRatio,BAU,GUA,IND_SW,,N2O_WASTE,1,2033,,,,,,0.0
EmissionActivityRatio,BAU,GUA,IND_SW,,N2O_WASTE,1,2034,,,,,,0.0
EmissionActivityRatio,BAU,GUA,IND_SW,,N2O_WASTE,1,2035,,,,,,0.0
EmissionActivityRatio,BAU,GUA,IND_SW,,N2O_WASTE,1,2036,,,,,,0.0
EmissionActivityRatio,BAU,GUA,IND_SW,,N2O_WASTE,1,2037,,,,,,0.0
EmissionActivityRatio,BAU,GUA,IND_SW,,N2O_WASTE,1,2038,,,,,,0.0
EmissionActivityRatio,BAU,GUA,IND_SW,,N2O_WASTE,1,2039,,,,,,0.0
EmissionActivityRatio,BAU,GUA,IND_SW,,N2O_WASTE,1,2040,,,,,,0.0
EmissionActivityRatio,BAU,GUA,IND_SW,,N2O_WASTE,1,2041,,,,,,0.0
EmissionActivityRatio,BAU,GUA,IND_SW,,N2O_WASTE,1,2042,,,,,,0.0
EmissionActivityRatio,BAU,GUA,IND_SW,,N2O_WASTE,1,2043,,,,,,0.0
EmissionActivityRatio,BAU,GUA,IND_SW,,N2O_WASTE,1,2044,,,,,,0.0
EmissionActivityRatio,BAU,GUA,IND_SW,,N2O_WASTE,1,2045,,,,,,0.0
EmissionActivityRatio,BAU,GUA,IND_SW,,N2O_WASTE,1,2046,,,,,,0.0
EmissionActivityRatio,BAU,GUA,IND_SW,,N2O_WASTE,1,2047,,,,,,0.0
EmissionActivityRatio,BAU,GUA,IND_SW,,N2O_WASTE,1,2048,,,,,,0.0
EmissionActivityRatio,BAU,GUA,IND_SW,,N2O_WASTE,1,2049,,,,,,0.0
EmissionActivityRatio,BAU,GUA,IND_SW,,N2O_WASTE,1,2050,,,,,,0.0
EmissionActivityRatio,BAU,GUA,CO2_CH4_BURN,,CO2e_WASTE,1,2018,,,,,,0.0
EmissionActivityRatio,BAU,GUA,CO2_CH4_BURN,,CO2e_WASTE,1,2019,,,,,,0.0
EmissionActivityRatio,BAU,GUA,CO2_CH4_BURN,,CO2e_WASTE,1,2020,,,,,,0.0
EmissionActivityRatio,BAU,GUA,CO2_CH4_BURN,,CO2e_WASTE,1,2021,,,,,,0.0
EmissionActivityRatio,BAU,GUA,CO2_CH4_BURN,,CO2e_WASTE,1,2022,,,,,,0.0
EmissionActivityRatio,BAU,GUA,CO2_CH4_BURN,,CO2e_WASTE,1,2023,,,,,,0.0
EmissionActivityRatio,BAU,GUA,CO2_CH4_BURN,,CO2e_WASTE,1,2024,,,,,,0.0
EmissionActivityRatio,BAU,GUA,CO2_CH4_BURN,,CO2e_WASTE,1,2025,,,,,,0.0
EmissionActivityRatio,BAU,GUA,CO2_CH4_BURN,,CO2e_WASTE,1,2026,,,,,,0.0
EmissionActivityRatio,BAU,GUA,CO2_CH4_BURN,,CO2e_WASTE,1,2027,,,,,,0.0
EmissionActivityRatio,BAU,GUA,CO2_CH4_BURN,,CO2e_WASTE,1,2028,,,,,,0.0
EmissionActivityRatio,BAU,GUA,CO2_CH4_BURN,,CO2e_WASTE,1,2029,,,,,,0.0
EmissionActivityRatio,BAU,GUA,CO2_CH4_BURN,,CO2e_WASTE,1,2030,,,,,,0.0
EmissionActivityRatio,BAU,GUA,CO2_CH4_BURN,,CO2e_WASTE,1,2031,,,,,,0.0
EmissionActivityRatio,BAU,GUA,CO2_CH4_BURN,,CO2e_WASTE,1,2032,,,,,,0.0
EmissionActivityRatio,BAU,GUA,CO2_CH4_BURN,,CO2e_WASTE,1,2033,,,,,,0.0
EmissionActivityRatio,BAU,GUA,CO2_CH4_BURN,,CO2e_WASTE,1,2034,,,,,,0.0
EmissionActivityRatio,BAU,GUA,CO2_CH4_BURN,,CO2e_WASTE,1,2035,,,,,,0.0
EmissionActivityRatio,BAU,GUA,CO2_CH4_BURN,,CO2e_WASTE,1,2036,,,,,,0.0
EmissionActivityRatio,BAU,GUA,CO2_CH4_BURN,,CO2e_WASTE,1,2037,,,,,,0.0
EmissionActivityRatio,BAU,GUA,CO2_CH4_BURN,,CO2e_WASTE,1,2038,,,,,,0.0
EmissionActivityRatio,BAU,GUA,CO2_CH4_BURN,,CO2e_WASTE,1,2039,,,,,,0.0
EmissionActivityRatio,BAU,GUA,CO2_CH4_BURN,,CO2e_WASTE,1,2040,,,,,,0.0
EmissionActivityRatio,BAU,GUA,CO2_CH4_BURN,,CO2e_WASTE,1,2041,,,,,,0.0
EmissionActivityRatio,BAU,GUA,CO2_CH4_BURN,,CO2e_WASTE,1,2042,,,,,,0.0
EmissionActivityRatio,BAU,GUA,CO2_CH4_BURN,,CO2e_WASTE,1,2043,,,,,,0.0
EmissionActivityRatio,BAU,GUA,CO2_CH4_BURN,,CO2e_WASTE,1,2044,,,,,,0.0
EmissionActivityRatio,BAU,GUA,CO2_CH4_BURN,,CO2e_WASTE,1,2045,,,,,,0.0
EmissionActivityRatio,BAU,GUA,CO2_CH4_BURN,,CO2e_WASTE,1,2046,,,,,,0.0
EmissionActivityRatio,BAU,GUA,CO2_CH4_BURN,,CO2e_WASTE,1,2047,,,,,,0.0
EmissionActivityRatio,BAU,GUA,CO2_CH4_BURN,,CO2e_WASTE,1,2048,,,,,,0.0
EmissionActivityRatio,BAU,GUA,CO2_CH4_BURN,,CO2e_WASTE,1,2049,,,,,,0.0
EmissionActivityRatio,BAU,GUA,CO2_CH4_BURN,,CO2e_WASTE,1,2050,,,,,,0.0
EmissionActivityRatio,BAU,GUA,CO2_CH4_BURN,,CO2_WASTE,1,2018,,,,,,0.0
EmissionActivityRatio,BAU,GUA,CO2_CH4_BURN,,CO2_WASTE,1,2019,,,,,,0.0
EmissionActivityRatio,BAU,GUA,CO2_CH4_BURN,,CO2_WASTE,1,2020,,,,,,0.0
EmissionActivityRatio,BAU,GUA,CO2_CH4_BURN,,CO2_WASTE,1,2021,,,,,,0.0
EmissionActivityRatio,BAU,GUA,CO2_CH4_BURN,,CO2_WASTE,1,2022,,,,,,0.0
EmissionActivityRatio,BAU,GUA,CO2_CH4_BURN,,CO2_WASTE,1,2023,,,,,,0.0
EmissionActivityRatio,BAU,GUA,CO2_CH4_BURN,,CO2_WASTE,1,2024,,,,,,0.0
EmissionActivityRatio,BAU,GUA,CO2_CH4_BURN,,CO2_WASTE,1,2025,,,,,,0.0
EmissionActivityRatio,BAU,GUA,CO2_CH4_BURN,,CO2_WASTE,1,2026,,,,,,0.0
EmissionActivityRatio,BAU,GUA,CO2_CH4_BURN,,CO2_WASTE,1,2027,,,,,,0.0
EmissionActivityRatio,BAU,GUA,CO2_CH4_BURN,,CO2_WASTE,1,2028,,,,,,0.0
EmissionActivityRatio,BAU,GUA,CO2_CH4_BURN,,CO2_WASTE,1,2029,,,,,,0.0
EmissionActivityRatio,BAU,GUA,CO2_CH4_BURN,,CO2_WASTE,1,2030,,,,,,0.0
EmissionActivityRatio,BAU,GUA,CO2_CH4_BURN,,CO2_WASTE,1,2031,,,,,,0.0
EmissionActivityRatio,BAU,GUA,CO2_CH4_BURN,,CO2_WASTE,1,2032,,,,,,0.0
EmissionActivityRatio,BAU,GUA,CO2_CH4_BURN,,CO2_WASTE,1,2033,,,,,,0.0
EmissionActivityRatio,BAU,GUA,CO2_CH4_BURN,,CO2_WASTE,1,2034,,,,,,0.0
EmissionActivityRatio,BAU,GUA,CO2_CH4_BURN,,CO2_WASTE,1,2035,,,,,,0.0
EmissionActivityRatio,BAU,GUA,CO2_CH4_BURN,,CO2_WASTE,1,2036,,,,,,0.0
EmissionActivityRatio,BAU,GUA,CO2_CH4_BURN,,CO2_WASTE,1,2037,,,,,,0.0
EmissionActivityRatio,BAU,GUA,CO2_CH4_BURN,,CO2_WASTE,1,2038,,,,,,0.0
EmissionActivityRatio,BAU,GUA,CO2_CH4_BURN,,CO2_WASTE,1,2039,,,,,,0.0
EmissionActivityRatio,BAU,GUA,CO2_CH4_BURN,,CO2_WASTE,1,2040,,,,,,0.0
EmissionActivityRatio,BAU,GUA,CO2_CH4_BURN,,CO2_WASTE,1,2041,,,,,,0.0
EmissionActivityRatio,BAU,GUA,CO2_CH4_BURN,,CO2_WASTE,1,2042,,,,,,0.0
EmissionActivityRatio,BAU,GUA,CO2_CH4_BURN,,CO2_WASTE,1,2043,,,,,,0.0
EmissionActivityRatio,BAU,GUA,CO2_CH4_BURN,,CO2_WASTE,1,2044,,,,,,0.0
EmissionActivityRatio,BAU,GUA,CO2_CH4_BURN,,CO2_WASTE,1,2045,,,,,,0.0
EmissionActivityRatio,BAU,GUA,CO2_CH4_BURN,,CO2_WASTE,1,2046,,,,,,0.0
EmissionActivityRatio,BAU,GUA,CO2_CH4_BURN,,CO2_WASTE,1,2047,,,,,,0.0
EmissionActivityRatio,BAU,GUA,CO2_CH4_BURN,,CO2_WASTE,1,2048,,,,,,0.0
EmissionActivityRatio,BAU,GUA,CO2_CH4_BURN,,CO2_WASTE,1,2049,,,,,,0.0
EmissionActivityRatio,BAU,GUA,CO2_CH4_BURN,,CO2_WASTE,1,2050,,,,,,0.0
EmissionActivityRatio,BAU,GUA,CO2_CH4_BURN,,CH4_WASTE,1,2018,,,,,,0.0
EmissionActivityRatio,BAU,GUA,CO2_CH4_BURN,,CH4_WASTE,1,2019,,,,,,0.0
EmissionActivityRatio,BAU,GUA,CO2_CH4_BURN,,CH4_WASTE,1,2020,,,,,,0.0
EmissionActivityRatio,BAU,GUA,CO2_CH4_BURN,,CH4_WASTE,1,2021,,,,,,0.0
EmissionActivityRatio,BAU,GUA,CO2_CH4_BURN,,CH4_WASTE,1,2022,,,,,,0.0
EmissionActivityRatio,BAU,GUA,CO2_CH4_BURN,,CH4_WASTE,1,2023,,,,,,0.0
EmissionActivityRatio,BAU,GUA,CO2_CH4_BURN,,CH4_WASTE,1,2024,,,,,,0.0
EmissionActivityRatio,BAU,GUA,CO2_CH4_BURN,,CH4_WASTE,1,2025,,,,,,0.0
EmissionActivityRatio,BAU,GUA,CO2_CH4_BURN,,CH4_WASTE,1,2026,,,,,,0.0
EmissionActivityRatio,BAU,GUA,CO2_CH4_BURN,,CH4_WASTE,1,2027,,,,,,0.0
EmissionActivityRatio,BAU,GUA,CO2_CH4_BURN,,CH4_WASTE,1,2028,,,,,,0.0
EmissionActivityRatio,BAU,GUA,CO2_CH4_BURN,,CH4_WASTE,1,2029,,,,,,0.0
EmissionActivityRatio,BAU,GUA,CO2_CH4_BURN,,CH4_WASTE,1,2030,,,,,,0.0
EmissionActivityRatio,BAU,GUA,CO2_CH4_BURN,,CH4_WASTE,1,2031,,,,,,0.0
EmissionActivityRatio,BAU,GUA,CO2_CH4_BURN,,CH4_WASTE,1,2032,,,,,,0.0
EmissionActivityRatio,BAU,GUA,CO2_CH4_BURN,,CH4_WASTE,1,2033,,,,,,0.0
EmissionActivityRatio,BAU,GUA,CO2_CH4_BURN,,CH4_WASTE,1,2034,,,,,,0.0
EmissionActivityRatio,BAU,GUA,CO2_CH4_BURN,,CH4_WASTE,1,2035,,,,,,0.0
EmissionActivityRatio,BAU,GUA,CO2_CH4_BURN,,CH4_WASTE,1,2036,,,,,,0.0
EmissionActivityRatio,BAU,GUA,CO2_CH4_BURN,,CH4_WASTE,1,2037,,,,,,0.0
EmissionActivityRatio,BAU,GUA,CO2_CH4_BURN,,CH4_WASTE,1,2038,,,,,,0.0
EmissionActivityRatio,BAU,GUA,CO2_CH4_BURN,,CH4_WASTE,1,2039,,,,,,0.0
EmissionActivityRatio,BAU,GUA,CO2_CH4_BURN,,CH4_WASTE,1,2040,,,,,,0.0
EmissionActivityRatio,BAU,GUA,CO2_CH4_BURN,,CH4_WASTE,1,2041,,,,,,0.0
EmissionActivityRatio,BAU,GUA,CO2_CH4_BURN,,CH4_WASTE,1,2042,,,,,,0.0
EmissionActivityRatio,BAU,GUA,CO2_CH4_BURN,,CH4_WASTE,1,2043,,,,,,0.0
EmissionActivityRatio,BAU,GUA,CO2_CH4_BURN,,CH4_WASTE,1,2044,,,,,,0.0
EmissionActivityRatio,BAU,GUA,CO2_CH4_BURN,,CH4_WASTE,1,2045,,,,,,0.0
EmissionActivityRatio,BAU,GUA,CO2_CH4_BURN,,CH4_WASTE,1,2046,,,,,,0.0
EmissionActivityRatio,BAU,GUA,CO2_CH4_BURN,,CH4_WASTE,1,2047,,,,,,0.0
EmissionActivityRatio,BAU,GUA,CO2_CH4_BURN,,CH4_WASTE,1,2048,,,,,,0.0
EmissionActivityRatio,BAU,GUA,CO2_CH4_BURN,,CH4_WASTE,1,2049,,,,,,0.0
EmissionActivityRatio,BAU,GUA,CO2_CH4_BURN,,CH4_WASTE,1,2050,,,,,,0.0
EmissionActivityRatio,BAU,GUA,CO2_CH4_BURN,,N2O_WASTE,1,2018,,,,,,0.0
EmissionActivityRatio,BAU,GUA,CO2_CH4_BURN,,N2O_WASTE,1,2019,,,,,,0.0
EmissionActivityRatio,BAU,GUA,CO2_CH4_BURN,,N2O_WASTE,1,2020,,,,,,0.0
EmissionActivityRatio,BAU,GUA,CO2_CH4_BURN,,N2O_WASTE,1,2021,,,,,,0.0
EmissionActivityRatio,BAU,GUA,CO2_CH4_BURN,,N2O_WASTE,1,2022,,,,,,0.0
EmissionActivityRatio,BAU,GUA,CO2_CH4_BURN,,N2O_WASTE,1,2023,,,,,,0.0
EmissionActivityRatio,BAU,GUA,CO2_CH4_BURN,,N2O_WASTE,1,2024,,,,,,0.0
EmissionActivityRatio,BAU,GUA,CO2_CH4_BURN,,N2O_WASTE,1,2025,,,,,,0.0
EmissionActivityRatio,BAU,GUA,CO2_CH4_BURN,,N2O_WASTE,1,2026,,,,,,0.0
EmissionActivityRatio,BAU,GUA,CO2_CH4_BURN,,N2O_WASTE,1,2027,,,,,,0.0
EmissionActivityRatio,BAU,GUA,CO2_CH4_BURN,,N2O_WASTE,1,2028,,,,,,0.0
EmissionActivityRatio,BAU,GUA,CO2_CH4_BURN,,N2O_WASTE,1,2029,,,,,,0.0
EmissionActivityRatio,BAU,GUA,CO2_CH4_BURN,,N2O_WASTE,1,2030,,,,,,0.0
EmissionActivityRatio,BAU,GUA,CO2_CH4_BURN,,N2O_WASTE,1,2031,,,,,,0.0
EmissionActivityRatio,BAU,GUA,CO2_CH4_BURN,,N2O_WASTE,1,2032,,,,,,0.0
EmissionActivityRatio,BAU,GUA,CO2_CH4_BURN,,N2O_WASTE,1,2033,,,,,,0.0
EmissionActivityRatio,BAU,GUA,CO2_CH4_BURN,,N2O_WASTE,1,2034,,,,,,0.0
EmissionActivityRatio,BAU,GUA,CO2_CH4_BURN,,N2O_WASTE,1,2035,,,,,,0.0
EmissionActivityRatio,BAU,GUA,CO2_CH4_BURN,,N2O_WASTE,1,2036,,,,,,0.0
EmissionActivityRatio,BAU,GUA,CO2_CH4_BURN,,N2O_WASTE,1,2037,,,,,,0.0
EmissionActivityRatio,BAU,GUA,CO2_CH4_BURN,,N2O_WASTE,1,2038,,,,,,0.0
EmissionActivityRatio,BAU,GUA,CO2_CH4_BURN,,N2O_WASTE,1,2039,,,,,,0.0
EmissionActivityRatio,BAU,GUA,CO2_CH4_BURN,,N2O_WASTE,1,2040,,,,,,0.0
EmissionActivityRatio,BAU,GUA,CO2_CH4_BURN,,N2O_WASTE,1,2041,,,,,,0.0
EmissionActivityRatio,BAU,GUA,CO2_CH4_BURN,,N2O_WASTE,1,2042,,,,,,0.0
EmissionActivityRatio,BAU,GUA,CO2_CH4_BURN,,N2O_WASTE,1,2043,,,,,,0.0
EmissionActivityRatio,BAU,GUA,CO2_CH4_BURN,,N2O_WASTE,1,2044,,,,,,0.0
EmissionActivityRatio,BAU,GUA,CO2_CH4_BURN,,N2O_WASTE,1,2045,,,,,,0.0
EmissionActivityRatio,BAU,GUA,CO2_CH4_BURN,,N2O_WASTE,1,2046,,,,,,0.0
EmissionActivityRatio,BAU,GUA,CO2_CH4_BURN,,N2O_WASTE,1,2047,,,,,,0.0
EmissionActivityRatio,BAU,GUA,CO2_CH4_BURN,,N2O_WASTE,1,2048,,,,,,0.0
EmissionActivityRatio,BAU,GUA,CO2_CH4_BURN,,N2O_WASTE,1,2049,,,,,,0.0
EmissionActivityRatio,BAU,GUA,CO2_CH4_BURN,,N2O_WASTE,1,2050,,,,,,0.0
EmissionActivityRatio,BAU,GUA,COMPOST_DOM,,CO2e_WASTE,1,2018,,,,,,0.1915
EmissionActivityRatio,BAU,GUA,COMPOST_DOM,,CO2e_WASTE,1,2019,,,,,,0.1915
EmissionActivityRatio,BAU,GUA,COMPOST_DOM,,CO2e_WASTE,1,2020,,,,,,0.1915
EmissionActivityRatio,BAU,GUA,COMPOST_DOM,,CO2e_WASTE,1,2021,,,,,,0.1915
EmissionActivityRatio,BAU,GUA,COMPOST_DOM,,CO2e_WASTE,1,2022,,,,,,0.1915
EmissionActivityRatio,BAU,GUA,COMPOST_DOM,,CO2e_WASTE,1,2023,,,,,,0.1915
EmissionActivityRatio,BAU,GUA,COMPOST_DOM,,CO2e_WASTE,1,2024,,,,,,0.1915
EmissionActivityRatio,BAU,GUA,COMPOST_DOM,,CO2e_WASTE,1,2025,,,,,,0.1915
EmissionActivityRatio,BAU,GUA,COMPOST_DOM,,CO2e_WASTE,1,2026,,,,,,0.1915
EmissionActivityRatio,BAU,GUA,COMPOST_DOM,,CO2e_WASTE,1,2027,,,,,,0.1915
EmissionActivityRatio,BAU,GUA,COMPOST_DOM,,CO2e_WASTE,1,2028,,,,,,0.1915
EmissionActivityRatio,BAU,GUA,COMPOST_DOM,,CO2e_WASTE,1,2029,,,,,,0.1915
EmissionActivityRatio,BAU,GUA,COMPOST_DOM,,CO2e_WASTE,1,2030,,,,,,0.1915
EmissionActivityRatio,BAU,GUA,COMPOST_DOM,,CO2e_WASTE,1,2031,,,,,,0.1915
EmissionActivityRatio,BAU,GUA,COMPOST_DOM,,CO2e_WASTE,1,2032,,,,,,0.1915
EmissionActivityRatio,BAU,GUA,COMPOST_DOM,,CO2e_WASTE,1,2033,,,,,,0.1915
EmissionActivityRatio,BAU,GUA,COMPOST_DOM,,CO2e_WASTE,1,2034,,,,,,0.1915
EmissionActivityRatio,BAU,GUA,COMPOST_DOM,,CO2e_WASTE,1,2035,,,,,,0.1915
EmissionActivityRatio,BAU,GUA,COMPOST_DOM,,CO2e_WASTE,1,2036,,,,,,0.1915
EmissionActivityRatio,BAU,GUA,COMPOST_DOM,,CO2e_WASTE,1,2037,,,,,,0.1915
EmissionActivityRatio,BAU,GUA,COMPOST_DOM,,CO2e_WASTE,1,2038,,,,,,0.1915
EmissionActivityRatio,BAU,GUA,COMPOST_DOM,,CO2e_WASTE,1,2039,,,,,,0.1915
EmissionActivityRatio,BAU,GUA,COMPOST_DOM,,CO2e_WASTE,1,2040,,,,,,0.1915
EmissionActivityRatio,BAU,GUA,COMPOST_DOM,,CO2e_WASTE,1,2041,,,,,,0.1915
EmissionActivityRatio,BAU,GUA,COMPOST_DOM,,CO2e_WASTE,1,2042,,,,,,0.1915
EmissionActivityRatio,BAU,GUA,COMPOST_DOM,,CO2e_WASTE,1,2043,,,,,,0.1915
EmissionActivityRatio,BAU,GUA,COMPOST_DOM,,CO2e_WASTE,1,2044,,,,,,0.1915
EmissionActivityRatio,BAU,GUA,COMPOST_DOM,,CO2e_WASTE,1,2045,,,,,,0.1915
EmissionActivityRatio,BAU,GUA,COMPOST_DOM,,CO2e_WASTE,1,2046,,,,,,0.1915
EmissionActivityRatio,BAU,GUA,COMPOST_DOM,,CO2e_WASTE,1,2047,,,,,,0.1915
EmissionActivityRatio,BAU,GUA,COMPOST_DOM,,CO2e_WASTE,1,2048,,,,,,0.1915
EmissionActivityRatio,BAU,GUA,COMPOST_DOM,,CO2e_WASTE,1,2049,,,,,,0.1915
EmissionActivityRatio,BAU,GUA,COMPOST_DOM,,CO2e_WASTE,1,2050,,,,,,0.1915
EmissionActivityRatio,BAU,GUA,COMPOST_DOM,,CO2_WASTE,1,2018,,,,,,0.0
EmissionActivityRatio,BAU,GUA,COMPOST_DOM,,CO2_WASTE,1,2019,,,,,,0.0
EmissionActivityRatio,BAU,GUA,COMPOST_DOM,,CO2_WASTE,1,2020,,,,,,0.0
EmissionActivityRatio,BAU,GUA,COMPOST_DOM,,CO2_WASTE,1,2021,,,,,,0.0
EmissionActivityRatio,BAU,GUA,COMPOST_DOM,,CO2_WASTE,1,2022,,,,,,0.0
EmissionActivityRatio,BAU,GUA,COMPOST_DOM,,CO2_WASTE,1,2023,,,,,,0.0
EmissionActivityRatio,BAU,GUA,COMPOST_DOM,,CO2_WASTE,1,2024,,,,,,0.0
EmissionActivityRatio,BAU,GUA,COMPOST_DOM,,CO2_WASTE,1,2025,,,,,,0.0
EmissionActivityRatio,BAU,GUA,COMPOST_DOM,,CO2_WASTE,1,2026,,,,,,0.0
EmissionActivityRatio,BAU,GUA,COMPOST_DOM,,CO2_WASTE,1,2027,,,,,,0.0
EmissionActivityRatio,BAU,GUA,COMPOST_DOM,,CO2_WASTE,1,2028,,,,,,0.0
EmissionActivityRatio,BAU,GUA,COMPOST_DOM,,CO2_WASTE,1,2029,,,,,,0.0
EmissionActivityRatio,BAU,GUA,COMPOST_DOM,,CO2_WASTE,1,2030,,,,,,0.0
EmissionActivityRatio,BAU,GUA,COMPOST_DOM,,CO2_WASTE,1,2031,,,,,,0.0
EmissionActivityRatio,BAU,GUA,COMPOST_DOM,,CO2_WASTE,1,2032,,,,,,0.0
EmissionActivityRatio,BAU,GUA,COMPOST_DOM,,CO2_WASTE,1,2033,,,,,,0.0
EmissionActivityRatio,BAU,GUA,COMPOST_DOM,,CO2_WASTE,1,2034,,,,,,0.0
EmissionActivityRatio,BAU,GUA,COMPOST_DOM,,CO2_WASTE,1,2035,,,,,,0.0
EmissionActivityRatio,BAU,GUA,COMPOST_DOM,,CO2_WASTE,1,2036,,,,,,0.0
EmissionActivityRatio,BAU,GUA,COMPOST_DOM,,CO2_WASTE,1,2037,,,,,,0.0
EmissionActivityRatio,BAU,GUA,COMPOST_DOM,,CO2_WASTE,1,2038,,,,,,0.0
EmissionActivityRatio,BAU,GUA,COMPOST_DOM,,CO2_WASTE,1,2039,,,,,,0.0
EmissionActivityRatio,BAU,GUA,COMPOST_DOM,,CO2_WASTE,1,2040,,,,,,0.0
EmissionActivityRatio,BAU,GUA,COMPOST_DOM,,CO2_WASTE,1,2041,,,,,,0.0
EmissionActivityRatio,BAU,GUA,COMPOST_DOM,,CO2_WASTE,1,2042,,,,,,0.0
EmissionActivityRatio,BAU,GUA,COMPOST_DOM,,CO2_WASTE,1,2043,,,,,,0.0
EmissionActivityRatio,BAU,GUA,COMPOST_DOM,,CO2_WASTE,1,2044,,,,,,0.0
EmissionActivityRatio,BAU,GUA,COMPOST_DOM,,CO2_WASTE,1,2045,,,,,,0.0
EmissionActivityRatio,BAU,GUA,COMPOST_DOM,,CO2_WASTE,1,2046,,,,,,0.0
EmissionActivityRatio,BAU,GUA,COMPOST_DOM,,CO2_WASTE,1,2047,,,,,,0.0
EmissionActivityRatio,BAU,GUA,COMPOST_DOM,,CO2_WASTE,1,2048,,,,,,0.0
EmissionActivityRatio,BAU,GUA,COMPOST_DOM,,CO2_WASTE,1,2049,,,,,,0.0
EmissionActivityRatio,BAU,GUA,COMPOST_DOM,,CO2_WASTE,1,2050,,,,,,0.0
EmissionActivityRatio,BAU,GUA,COMPOST_DOM,,CH4_WASTE,1,2018,,,,,,0.0
EmissionActivityRatio,BAU,GUA,COMPOST_DOM,,CH4_WASTE,1,2019,,,,,,0.0
EmissionActivityRatio,BAU,GUA,COMPOST_DOM,,CH4_WASTE,1,2020,,,,,,0.0
EmissionActivityRatio,BAU,GUA,COMPOST_DOM,,CH4_WASTE,1,2021,,,,,,0.0
EmissionActivityRatio,BAU,GUA,COMPOST_DOM,,CH4_WASTE,1,2022,,,,,,0.0
EmissionActivityRatio,BAU,GUA,COMPOST_DOM,,CH4_WASTE,1,2023,,,,,,0.0
EmissionActivityRatio,BAU,GUA,COMPOST_DOM,,CH4_WASTE,1,2024,,,,,,0.0
EmissionActivityRatio,BAU,GUA,COMPOST_DOM,,CH4_WASTE,1,2025,,,,,,0.0
EmissionActivityRatio,BAU,GUA,COMPOST_DOM,,CH4_WASTE,1,2026,,,,,,0.0
EmissionActivityRatio,BAU,GUA,COMPOST_DOM,,CH4_WASTE,1,2027,,,,,,0.0
EmissionActivityRatio,BAU,GUA,COMPOST_DOM,,CH4_WASTE,1,2028,,,,,,0.0
EmissionActivityRatio,BAU,GUA,COMPOST_DOM,,CH4_WASTE,1,2029,,,,,,0.0
EmissionActivityRatio,BAU,GUA,COMPOST_DOM,,CH4_WASTE,1,2030,,,,,,0.0
EmissionActivityRatio,BAU,GUA,COMPOST_DOM,,CH4_WASTE,1,2031,,,,,,0.0
EmissionActivityRatio,BAU,GUA,COMPOST_DOM,,CH4_WASTE,1,2032,,,,,,0.0
EmissionActivityRatio,BAU,GUA,COMPOST_DOM,,CH4_WASTE,1,2033,,,,,,0.0
EmissionActivityRatio,BAU,GUA,COMPOST_DOM,,CH4_WASTE,1,2034,,,,,,0.0
EmissionActivityRatio,BAU,GUA,COMPOST_DOM,,CH4_WASTE,1,2035,,,,,,0.0
EmissionActivityRatio,BAU,GUA,COMPOST_DOM,,CH4_WASTE,1,2036,,,,,,0.0
EmissionActivityRatio,BAU,GUA,COMPOST_DOM,,CH4_WASTE,1,2037,,,,,,0.0
EmissionActivityRatio,BAU,GUA,COMPOST_DOM,,CH4_WASTE,1,2038,,,,,,0.0
EmissionActivityRatio,BAU,GUA,COMPOST_DOM,,CH4_WASTE,1,2039,,,,,,0.0
EmissionActivityRatio,BAU,GUA,COMPOST_DOM,,CH4_WASTE,1,2040,,,,,,0.0
EmissionActivityRatio,BAU,GUA,COMPOST_DOM,,CH4_WASTE,1,2041,,,,,,0.0
EmissionActivityRatio,BAU,GUA,COMPOST_DOM,,CH4_WASTE,1,2042,,,,,,0.0
EmissionActivityRatio,BAU,GUA,COMPOST_DOM,,CH4_WASTE,1,2043,,,,,,0.0
EmissionActivityRatio,BAU,GUA,COMPOST_DOM,,CH4_WASTE,1,2044,,,,,,0.0
EmissionActivityRatio,BAU,GUA,COMPOST_DOM,,CH4_WASTE,1,2045,,,,,,0.0
EmissionActivityRatio,BAU,GUA,COMPOST_DOM,,CH4_WASTE,1,2046,,,,,,0.0
EmissionActivityRatio,BAU,GUA,COMPOST_DOM,,CH4_WASTE,1,2047,,,,,,0.0
EmissionActivityRatio,BAU,GUA,COMPOST_DOM,,CH4_WASTE,1,2048,,,,,,0.0
EmissionActivityRatio,BAU,GUA,COMPOST_DOM,,CH4_WASTE,1,2049,,,,,,0.0
EmissionActivityRatio,BAU,GUA,COMPOST_DOM,,CH4_WASTE,1,2050,,,,,,0.0
EmissionActivityRatio,BAU,GUA,COMPOST_DOM,,N2O_WASTE,1,2018,,,,,,0.0
EmissionActivityRatio,BAU,GUA,COMPOST_DOM,,N2O_WASTE,1,2019,,,,,,0.0
EmissionActivityRatio,BAU,GUA,COMPOST_DOM,,N2O_WASTE,1,2020,,,,,,0.0
EmissionActivityRatio,BAU,GUA,COMPOST_DOM,,N2O_WASTE,1,2021,,,,,,0.0
EmissionActivityRatio,BAU,GUA,COMPOST_DOM,,N2O_WASTE,1,2022,,,,,,0.0
EmissionActivityRatio,BAU,GUA,COMPOST_DOM,,N2O_WASTE,1,2023,,,,,,0.0
EmissionActivityRatio,BAU,GUA,COMPOST_DOM,,N2O_WASTE,1,2024,,,,,,0.0
EmissionActivityRatio,BAU,GUA,COMPOST_DOM,,N2O_WASTE,1,2025,,,,,,0.0
EmissionActivityRatio,BAU,GUA,COMPOST_DOM,,N2O_WASTE,1,2026,,,,,,0.0
EmissionActivityRatio,BAU,GUA,COMPOST_DOM,,N2O_WASTE,1,2027,,,,,,0.0
EmissionActivityRatio,BAU,GUA,COMPOST_DOM,,N2O_WASTE,1,2028,,,,,,0.0
EmissionActivityRatio,BAU,GUA,COMPOST_DOM,,N2O_WASTE,1,2029,,,,,,0.0
EmissionActivityRatio,BAU,GUA,COMPOST_DOM,,N2O_WASTE,1,2030,,,,,,0.0
EmissionActivityRatio,BAU,GUA,COMPOST_DOM,,N2O_WASTE,1,2031,,,,,,0.0
EmissionActivityRatio,BAU,GUA,COMPOST_DOM,,N2O_WASTE,1,2032,,,,,,0.0
EmissionActivityRatio,BAU,GUA,COMPOST_DOM,,N2O_WASTE,1,2033,,,,,,0.0
EmissionActivityRatio,BAU,GUA,COMPOST_DOM,,N2O_WASTE,1,2034,,,,,,0.0
EmissionActivityRatio,BAU,GUA,COMPOST_DOM,,N2O_WASTE,1,2035,,,,,,0.0
EmissionActivityRatio,BAU,GUA,COMPOST_DOM,,N2O_WASTE,1,2036,,,,,,0.0
EmissionActivityRatio,BAU,GUA,COMPOST_DOM,,N2O_WASTE,1,2037,,,,,,0.0
EmissionActivityRatio,BAU,GUA,COMPOST_DOM,,N2O_WASTE,1,2038,,,,,,0.0
EmissionActivityRatio,BAU,GUA,COMPOST_DOM,,N2O_WASTE,1,2039,,,,,,0.0
EmissionActivityRatio,BAU,GUA,COMPOST_DOM,,N2O_WASTE,1,2040,,,,,,0.0
EmissionActivityRatio,BAU,GUA,COMPOST_DOM,,N2O_WASTE,1,2041,,,,,,0.0
EmissionActivityRatio,BAU,GUA,COMPOST_DOM,,N2O_WASTE,1,2042,,,,,,0.0
EmissionActivityRatio,BAU,GUA,COMPOST_DOM,,N2O_WASTE,1,2043,,,,,,0.0
EmissionActivityRatio,BAU,GUA,COMPOST_DOM,,N2O_WASTE,1,2044,,,,,,0.0
EmissionActivityRatio,BAU,GUA,COMPOST_DOM,,N2O_WASTE,1,2045,,,,,,0.0
EmissionActivityRatio,BAU,GUA,COMPOST_DOM,,N2O_WASTE,1,2046,,,,,,0.0
EmissionActivityRatio,BAU,GUA,COMPOST_DOM,,N2O_WASTE,1,2047,,,,,,0.0
EmissionActivityRatio,BAU,GUA,COMPOST_DOM,,N2O_WASTE,1,2048,,,,,,0.0
EmissionActivityRatio,BAU,GUA,COMPOST_DOM,,N2O_WASTE,1,2049,,,,,,0.0
EmissionActivityRatio,BAU,GUA,COMPOST_DOM,,N2O_WASTE,1,2050,,,,,,0.0
EmissionActivityRatio,BAU,GUA,COMPOST_COFFEE,,CO2e_WASTE,1,2018,,,,,,0.1915
EmissionActivityRatio,BAU,GUA,COMPOST_COFFEE,,CO2e_WASTE,1,2019,,,,,,0.2581
EmissionActivityRatio,BAU,GUA,COMPOST_COFFEE,,CO2e_WASTE,1,2020,,,,,,0.2809
EmissionActivityRatio,BAU,GUA,COMPOST_COFFEE,,CO2e_WASTE,1,2021,,,,,,0.2923
EmissionActivityRatio,BAU,GUA,COMPOST_COFFEE,,CO2e_WASTE,1,2022,,,,,,0.3331
EmissionActivityRatio,BAU,GUA,COMPOST_COFFEE,,CO2e_WASTE,1,2023,,,,,,0.3581
EmissionActivityRatio,BAU,GUA,COMPOST_COFFEE,,CO2e_WASTE,1,2024,,,,,,0.3831
EmissionActivityRatio,BAU,GUA,COMPOST_COFFEE,,CO2e_WASTE,1,2025,,,,,,0.4081
EmissionActivityRatio,BAU,GUA,COMPOST_COFFEE,,CO2e_WASTE,1,2026,,,,,,0.4331
EmissionActivityRatio,BAU,GUA,COMPOST_COFFEE,,CO2e_WASTE,1,2027,,,,,,0.4581
EmissionActivityRatio,BAU,GUA,COMPOST_COFFEE,,CO2e_WASTE,1,2028,,,,,,0.4831
EmissionActivityRatio,BAU,GUA,COMPOST_COFFEE,,CO2e_WASTE,1,2029,,,,,,0.508
EmissionActivityRatio,BAU,GUA,COMPOST_COFFEE,,CO2e_WASTE,1,2030,,,,,,0.533
EmissionActivityRatio,BAU,GUA,COMPOST_COFFEE,,CO2e_WASTE,1,2031,,,,,,0.558
EmissionActivityRatio,BAU,GUA,COMPOST_COFFEE,,CO2e_WASTE,1,2032,,,,,,0.583
EmissionActivityRatio,BAU,GUA,COMPOST_COFFEE,,CO2e_WASTE,1,2033,,,,,,0.608
EmissionActivityRatio,BAU,GUA,COMPOST_COFFEE,,CO2e_WASTE,1,2034,,,,,,0.633
EmissionActivityRatio,BAU,GUA,COMPOST_COFFEE,,CO2e_WASTE,1,2035,,,,,,0.658
EmissionActivityRatio,BAU,GUA,COMPOST_COFFEE,,CO2e_WASTE,1,2036,,,,,,0.683
EmissionActivityRatio,BAU,GUA,COMPOST_COFFEE,,CO2e_WASTE,1,2037,,,,,,0.708
EmissionActivityRatio,BAU,GUA,COMPOST_COFFEE,,CO2e_WASTE,1,2038,,,,,,0.733
EmissionActivityRatio,BAU,GUA,COMPOST_COFFEE,,CO2e_WASTE,1,2039,,,,,,0.758
EmissionActivityRatio,BAU,GUA,COMPOST_COFFEE,,CO2e_WASTE,1,2040,,,,,,0.783
EmissionActivityRatio,BAU,GUA,COMPOST_COFFEE,,CO2e_WASTE,1,2041,,,,,,0.8079
EmissionActivityRatio,BAU,GUA,COMPOST_COFFEE,,CO2e_WASTE,1,2042,,,,,,0.8329
EmissionActivityRatio,BAU,GUA,COMPOST_COFFEE,,CO2e_WASTE,1,2043,,,,,,0.8579
EmissionActivityRatio,BAU,GUA,COMPOST_COFFEE,,CO2e_WASTE,1,2044,,,,,,0.8829
EmissionActivityRatio,BAU,GUA,COMPOST_COFFEE,,CO2e_WASTE,1,2045,,,,,,0.9079
EmissionActivityRatio,BAU,GUA,COMPOST_COFFEE,,CO2e_WASTE,1,2046,,,,,,0.9329
EmissionActivityRatio,BAU,GUA,COMPOST_COFFEE,,CO2e_WASTE,1,2047,,,,,,0.9579
EmissionActivityRatio,BAU,GUA,COMPOST_COFFEE,,CO2e_WASTE,1,2048,,,,,,0.9829
EmissionActivityRatio,BAU,GUA,COMPOST_COFFEE,,CO2e_WASTE,1,2049,,,,,,1.0079
EmissionActivityRatio,BAU,GUA,COMPOST_COFFEE,,CO2e_WASTE,1,2050,,,,,,1.0329
EmissionActivityRatio,BAU,GUA,COMPOST_COFFEE,,CO2_WASTE,1,2018,,,,,,0.0
EmissionActivityRatio,BAU,GUA,COMPOST_COFFEE,,CO2_WASTE,1,2019,,,,,,0.0
EmissionActivityRatio,BAU,GUA,COMPOST_COFFEE,,CO2_WASTE,1,2020,,,,,,0.0
EmissionActivityRatio,BAU,GUA,COMPOST_COFFEE,,CO2_WASTE,1,2021,,,,,,0.0
EmissionActivityRatio,BAU,GUA,COMPOST_COFFEE,,CO2_WASTE,1,2022,,,,,,0.0
EmissionActivityRatio,BAU,GUA,COMPOST_COFFEE,,CO2_WASTE,1,2023,,,,,,0.0
EmissionActivityRatio,BAU,GUA,COMPOST_COFFEE,,CO2_WASTE,1,2024,,,,,,0.0
EmissionActivityRatio,BAU,GUA,COMPOST_COFFEE,,CO2_WASTE,1,2025,,,,,,0.0
EmissionActivityRatio,BAU,GUA,COMPOST_COFFEE,,CO2_WASTE,1,2026,,,,,,0.0
EmissionActivityRatio,BAU,GUA,COMPOST_COFFEE,,CO2_WASTE,1,2027,,,,,,0.0
EmissionActivityRatio,BAU,GUA,COMPOST_COFFEE,,CO2_WASTE,1,2028,,,,,,0.0
EmissionActivityRatio,BAU,GUA,COMPOST_COFFEE,,CO2_WASTE,1,2029,,,,,,0.0
EmissionActivityRatio,BAU,GUA,COMPOST_COFFEE,,CO2_WASTE,1,2030,,,,,,0.0
EmissionActivityRatio,BAU,GUA,COMPOST_COFFEE,,CO2_WASTE,1,2031,,,,,,0.0
EmissionActivityRatio,BAU,GUA,COMPOST_COFFEE,,CO2_WASTE,1,2032,,,,,,0.0
EmissionActivityRatio,BAU,GUA,COMPOST_COFFEE,,CO2_WASTE,1,2033,,,,,,0.0
EmissionActivityRatio,BAU,GUA,COMPOST_COFFEE,,CO2_WASTE,1,2034,,,,,,0.0
EmissionActivityRatio,BAU,GUA,COMPOST_COFFEE,,CO2_WASTE,1,2035,,,,,,0.0
EmissionActivityRatio,BAU,GUA,COMPOST_COFFEE,,CO2_WASTE,1,2036,,,,,,0.0
EmissionActivityRatio,BAU,GUA,COMPOST_COFFEE,,CO2_WASTE,1,2037,,,,,,0.0
EmissionActivityRatio,BAU,GUA,COMPOST_COFFEE,,CO2_WASTE,1,2038,,,,,,0.0
EmissionActivityRatio,BAU,GUA,COMPOST_COFFEE,,CO2_WASTE,1,2039,,,,,,0.0
EmissionActivityRatio,BAU,GUA,COMPOST_COFFEE,,CO2_WASTE,1,2040,,,,,,0.0
EmissionActivityRatio,BAU,GUA,COMPOST_COFFEE,,CO2_WASTE,1,2041,,,,,,0.0
EmissionActivityRatio,BAU,GUA,COMPOST_COFFEE,,CO2_WASTE,1,2042,,,,,,0.0
EmissionActivityRatio,BAU,GUA,COMPOST_COFFEE,,CO2_WASTE,1,2043,,,,,,0.0
EmissionActivityRatio,BAU,GUA,COMPOST_COFFEE,,CO2_WASTE,1,2044,,,,,,0.0
EmissionActivityRatio,BAU,GUA,COMPOST_COFFEE,,CO2_WASTE,1,2045,,,,,,0.0
EmissionActivityRatio,BAU,GUA,COMPOST_COFFEE,,CO2_WASTE,1,2046,,,,,,0.0
EmissionActivityRatio,BAU,GUA,COMPOST_COFFEE,,CO2_WASTE,1,2047,,,,,,0.0
EmissionActivityRatio,BAU,GUA,COMPOST_COFFEE,,CO2_WASTE,1,2048,,,,,,0.0
EmissionActivityRatio,BAU,GUA,COMPOST_COFFEE,,CO2_WASTE,1,2049,,,,,,0.0
EmissionActivityRatio,BAU,GUA,COMPOST_COFFEE,,CO2_WASTE,1,2050,,,,,,0.0
EmissionActivityRatio,BAU,GUA,COMPOST_COFFEE,,CH4_WASTE,1,2018,,,,,,0.0
EmissionActivityRatio,BAU,GUA,COMPOST_COFFEE,,CH4_WASTE,1,2019,,,,,,0.0
EmissionActivityRatio,BAU,GUA,COMPOST_COFFEE,,CH4_WASTE,1,2020,,,,,,0.0
EmissionActivityRatio,BAU,GUA,COMPOST_COFFEE,,CH4_WASTE,1,2021,,,,,,0.0
EmissionActivityRatio,BAU,GUA,COMPOST_COFFEE,,CH4_WASTE,1,2022,,,,,,0.0
EmissionActivityRatio,BAU,GUA,COMPOST_COFFEE,,CH4_WASTE,1,2023,,,,,,0.0
EmissionActivityRatio,BAU,GUA,COMPOST_COFFEE,,CH4_WASTE,1,2024,,,,,,0.0
EmissionActivityRatio,BAU,GUA,COMPOST_COFFEE,,CH4_WASTE,1,2025,,,,,,0.0
EmissionActivityRatio,BAU,GUA,COMPOST_COFFEE,,CH4_WASTE,1,2026,,,,,,0.0
EmissionActivityRatio,BAU,GUA,COMPOST_COFFEE,,CH4_WASTE,1,2027,,,,,,0.0
EmissionActivityRatio,BAU,GUA,COMPOST_COFFEE,,CH4_WASTE,1,2028,,,,,,0.0
EmissionActivityRatio,BAU,GUA,COMPOST_COFFEE,,CH4_WASTE,1,2029,,,,,,0.0
EmissionActivityRatio,BAU,GUA,COMPOST_COFFEE,,CH4_WASTE,1,2030,,,,,,0.0
EmissionActivityRatio,BAU,GUA,COMPOST_COFFEE,,CH4_WASTE,1,2031,,,,,,0.0
EmissionActivityRatio,BAU,GUA,COMPOST_COFFEE,,CH4_WASTE,1,2032,,,,,,0.0
EmissionActivityRatio,BAU,GUA,COMPOST_COFFEE,,CH4_WASTE,1,2033,,,,,,0.0
EmissionActivityRatio,BAU,GUA,COMPOST_COFFEE,,CH4_WASTE,1,2034,,,,,,0.0
EmissionActivityRatio,BAU,GUA,COMPOST_COFFEE,,CH4_WASTE,1,2035,,,,,,0.0
EmissionActivityRatio,BAU,GUA,COMPOST_COFFEE,,CH4_WASTE,1,2036,,,,,,0.0
EmissionActivityRatio,BAU,GUA,COMPOST_COFFEE,,CH4_WASTE,1,2037,,,,,,0.0
EmissionActivityRatio,BAU,GUA,COMPOST_COFFEE,,CH4_WASTE,1,2038,,,,,,0.0
EmissionActivityRatio,BAU,GUA,COMPOST_COFFEE,,CH4_WASTE,1,2039,,,,,,0.0
EmissionActivityRatio,BAU,GUA,COMPOST_COFFEE,,CH4_WASTE,1,2040,,,,,,0.0
EmissionActivityRatio,BAU,GUA,COMPOST_COFFEE,,CH4_WASTE,1,2041,,,,,,0.0
EmissionActivityRatio,BAU,GUA,COMPOST_COFFEE,,CH4_WASTE,1,2042,,,,,,0.0
EmissionActivityRatio,BAU,GUA,COMPOST_COFFEE,,CH4_WASTE,1,2043,,,,,,0.0
EmissionActivityRatio,BAU,GUA,COMPOST_COFFEE,,CH4_WASTE,1,2044,,,,,,0.0
EmissionActivityRatio,BAU,GUA,COMPOST_COFFEE,,CH4_WASTE,1,2045,,,,,,0.0
EmissionActivityRatio,BAU,GUA,COMPOST_COFFEE,,CH4_WASTE,1,2046,,,,,,0.0
EmissionActivityRatio,BAU,GUA,COMPOST_COFFEE,,CH4_WASTE,1,2047,,,,,,0.0
EmissionActivityRatio,BAU,GUA,COMPOST_COFFEE,,CH4_WASTE,1,2048,,,,,,0.0
EmissionActivityRatio,BAU,GUA,COMPOST_COFFEE,,CH4_WASTE,1,2049,,,,,,0.0
EmissionActivityRatio,BAU,GUA,COMPOST_COFFEE,,CH4_WASTE,1,2050,,,,,,0.0
EmissionActivityRatio,BAU,GUA,COMPOST_COFFEE,,N2O_WASTE,1,2018,,,,,,0.0
EmissionActivityRatio,BAU,GUA,COMPOST_COFFEE,,N2O_WASTE,1,2019,,,,,,0.0
EmissionActivityRatio,BAU,GUA,COMPOST_COFFEE,,N2O_WASTE,1,2020,,,,,,0.0
EmissionActivityRatio,BAU,GUA,COMPOST_COFFEE,,N2O_WASTE,1,2021,,,,,,0.0
EmissionActivityRatio,BAU,GUA,COMPOST_COFFEE,,N2O_WASTE,1,2022,,,,,,0.0
EmissionActivityRatio,BAU,GUA,COMPOST_COFFEE,,N2O_WASTE,1,2023,,,,,,0.0
EmissionActivityRatio,BAU,GUA,COMPOST_COFFEE,,N2O_WASTE,1,2024,,,,,,0.0
EmissionActivityRatio,BAU,GUA,COMPOST_COFFEE,,N2O_WASTE,1,2025,,,,,,0.0
EmissionActivityRatio,BAU,GUA,COMPOST_COFFEE,,N2O_WASTE,1,2026,,,,,,0.0
EmissionActivityRatio,BAU,GUA,COMPOST_COFFEE,,N2O_WASTE,1,2027,,,,,,0.0
EmissionActivityRatio,BAU,GUA,COMPOST_COFFEE,,N2O_WASTE,1,2028,,,,,,0.0
EmissionActivityRatio,BAU,GUA,COMPOST_COFFEE,,N2O_WASTE,1,2029,,,,,,0.0
EmissionActivityRatio,BAU,GUA,COMPOST_COFFEE,,N2O_WASTE,1,2030,,,,,,0.0
EmissionActivityRatio,BAU,GUA,COMPOST_COFFEE,,N2O_WASTE,1,2031,,,,,,0.0
EmissionActivityRatio,BAU,GUA,COMPOST_COFFEE,,N2O_WASTE,1,2032,,,,,,0.0
EmissionActivityRatio,BAU,GUA,COMPOST_COFFEE,,N2O_WASTE,1,2033,,,,,,0.0
EmissionActivityRatio,BAU,GUA,COMPOST_COFFEE,,N2O_WASTE,1,2034,,,,,,0.0
EmissionActivityRatio,BAU,GUA,COMPOST_COFFEE,,N2O_WASTE,1,2035,,,,,,0.0
EmissionActivityRatio,BAU,GUA,COMPOST_COFFEE,,N2O_WASTE,1,2036,,,,,,0.0
EmissionActivityRatio,BAU,GUA,COMPOST_COFFEE,,N2O_WASTE,1,2037,,,,,,0.0
EmissionActivityRatio,BAU,GUA,COMPOST_COFFEE,,N2O_WASTE,1,2038,,,,,,0.0
EmissionActivityRatio,BAU,GUA,COMPOST_COFFEE,,N2O_WASTE,1,2039,,,,,,0.0
EmissionActivityRatio,BAU,GUA,COMPOST_COFFEE,,N2O_WASTE,1,2040,,,,,,0.0
EmissionActivityRatio,BAU,GUA,COMPOST_COFFEE,,N2O_WASTE,1,2041,,,,,,0.0
EmissionActivityRatio,BAU,GUA,COMPOST_COFFEE,,N2O_WASTE,1,2042,,,,,,0.0
EmissionActivityRatio,BAU,GUA,COMPOST_COFFEE,,N2O_WASTE,1,2043,,,,,,0.0
EmissionActivityRatio,BAU,GUA,COMPOST_COFFEE,,N2O_WASTE,1,2044,,,,,,0.0
EmissionActivityRatio,BAU,GUA,COMPOST_COFFEE,,N2O_WASTE,1,2045,,,,,,0.0
EmissionActivityRatio,BAU,GUA,COMPOST_COFFEE,,N2O_WASTE,1,2046,,,,,,0.0
EmissionActivityRatio,BAU,GUA,COMPOST_COFFEE,,N2O_WASTE,1,2047,,,,,,0.0
EmissionActivityRatio,BAU,GUA,COMPOST_COFFEE,,N2O_WASTE,1,2048,,,,,,0.0
EmissionActivityRatio,BAU,GUA,COMPOST_COFFEE,,N2O_WASTE,1,2049,,,,,,0.0
EmissionActivityRatio,BAU,GUA,COMPOST_COFFEE,,N2O_WASTE,1,2050,,,,,,0.0
EmissionActivityRatio,BAU,GUA,DWW_DC,,CO2e_WASTE,1,2018,,,,,,0.0076
EmissionActivityRatio,BAU,GUA,DWW_DC,,CO2e_WASTE,1,2019,,,,,,0.0076
EmissionActivityRatio,BAU,GUA,DWW_DC,,CO2e_WASTE,1,2020,,,,,,0.0076
EmissionActivityRatio,BAU,GUA,DWW_DC,,CO2e_WASTE,1,2021,,,,,,0.0076
EmissionActivityRatio,BAU,GUA,DWW_DC,,CO2e_WASTE,1,2022,,,,,,0.0075
EmissionActivityRatio,BAU,GUA,DWW_DC,,CO2e_WASTE,1,2023,,,,,,0.0075
EmissionActivityRatio,BAU,GUA,DWW_DC,,CO2e_WASTE,1,2024,,,,,,0.0075
EmissionActivityRatio,BAU,GUA,DWW_DC,,CO2e_WASTE,1,2025,,,,,,0.0075
EmissionActivityRatio,BAU,GUA,DWW_DC,,CO2e_WASTE,1,2026,,,,,,0.0075
EmissionActivityRatio,BAU,GUA,DWW_DC,,CO2e_WASTE,1,2027,,,,,,0.0075
EmissionActivityRatio,BAU,GUA,DWW_DC,,CO2e_WASTE,1,2028,,,,,,0.0075
EmissionActivityRatio,BAU,GUA,DWW_DC,,CO2e_WASTE,1,2029,,,,,,0.0075
EmissionActivityRatio,BAU,GUA,DWW_DC,,CO2e_WASTE,1,2030,,,,,,0.0075
EmissionActivityRatio,BAU,GUA,DWW_DC,,CO2e_WASTE,1,2031,,,,,,0.0075
EmissionActivityRatio,BAU,GUA,DWW_DC,,CO2e_WASTE,1,2032,,,,,,0.0075
EmissionActivityRatio,BAU,GUA,DWW_DC,,CO2e_WASTE,1,2033,,,,,,0.0075
EmissionActivityRatio,BAU,GUA,DWW_DC,,CO2e_WASTE,1,2034,,,,,,0.0075
EmissionActivityRatio,BAU,GUA,DWW_DC,,CO2e_WASTE,1,2035,,,,,,0.0074
EmissionActivityRatio,BAU,GUA,DWW_DC,,CO2e_WASTE,1,2036,,,,,,0.0074
EmissionActivityRatio,BAU,GUA,DWW_DC,,CO2e_WASTE,1,2037,,,,,,0.0074
EmissionActivityRatio,BAU,GUA,DWW_DC,,CO2e_WASTE,1,2038,,,,,,0.0074
EmissionActivityRatio,BAU,GUA,DWW_DC,,CO2e_WASTE,1,2039,,,,,,0.0074
EmissionActivityRatio,BAU,GUA,DWW_DC,,CO2e_WASTE,1,2040,,,,,,0.0074
EmissionActivityRatio,BAU,GUA,DWW_DC,,CO2e_WASTE,1,2041,,,,,,0.0074
EmissionActivityRatio,BAU,GUA,DWW_DC,,CO2e_WASTE,1,2042,,,,,,0.0074
EmissionActivityRatio,BAU,GUA,DWW_DC,,CO2e_WASTE,1,2043,,,,,,0.0074
EmissionActivityRatio,BAU,GUA,DWW_DC,,CO2e_WASTE,1,2044,,,,,,0.0074
EmissionActivityRatio,BAU,GUA,DWW_DC,,CO2e_WASTE,1,2045,,,,,,0.0074
EmissionActivityRatio,BAU,GUA,DWW_DC,,CO2e_WASTE,1,2046,,,,,,0.0074
EmissionActivityRatio,BAU,GUA,DWW_DC,,CO2e_WASTE,1,2047,,,,,,0.0074
EmissionActivityRatio,BAU,GUA,DWW_DC,,CO2e_WASTE,1,2048,,,,,,0.0073
EmissionActivityRatio,BAU,GUA,DWW_DC,,CO2e_WASTE,1,2049,,,,,,0.0073
EmissionActivityRatio,BAU,GUA,DWW_DC,,CO2e_WASTE,1,2050,,,,,,0.0073
EmissionActivityRatio,BAU,GUA,DWW_DC,,CO2_WASTE,1,2018,,,,,,0.0
EmissionActivityRatio,BAU,GUA,DWW_DC,,CO2_WASTE,1,2019,,,,,,0.0
EmissionActivityRatio,BAU,GUA,DWW_DC,,CO2_WASTE,1,2020,,,,,,0.0
EmissionActivityRatio,BAU,GUA,DWW_DC,,CO2_WASTE,1,2021,,,,,,0.0
EmissionActivityRatio,BAU,GUA,DWW_DC,,CO2_WASTE,1,2022,,,,,,0.0
EmissionActivityRatio,BAU,GUA,DWW_DC,,CO2_WASTE,1,2023,,,,,,0.0
EmissionActivityRatio,BAU,GUA,DWW_DC,,CO2_WASTE,1,2024,,,,,,0.0
EmissionActivityRatio,BAU,GUA,DWW_DC,,CO2_WASTE,1,2025,,,,,,0.0
EmissionActivityRatio,BAU,GUA,DWW_DC,,CO2_WASTE,1,2026,,,,,,0.0
EmissionActivityRatio,BAU,GUA,DWW_DC,,CO2_WASTE,1,2027,,,,,,0.0
EmissionActivityRatio,BAU,GUA,DWW_DC,,CO2_WASTE,1,2028,,,,,,0.0
EmissionActivityRatio,BAU,GUA,DWW_DC,,CO2_WASTE,1,2029,,,,,,0.0
EmissionActivityRatio,BAU,GUA,DWW_DC,,CO2_WASTE,1,2030,,,,,,0.0
EmissionActivityRatio,BAU,GUA,DWW_DC,,CO2_WASTE,1,2031,,,,,,0.0
EmissionActivityRatio,BAU,GUA,DWW_DC,,CO2_WASTE,1,2032,,,,,,0.0
EmissionActivityRatio,BAU,GUA,DWW_DC,,CO2_WASTE,1,2033,,,,,,0.0
EmissionActivityRatio,BAU,GUA,DWW_DC,,CO2_WASTE,1,2034,,,,,,0.0
EmissionActivityRatio,BAU,GUA,DWW_DC,,CO2_WASTE,1,2035,,,,,,0.0
EmissionActivityRatio,BAU,GUA,DWW_DC,,CO2_WASTE,1,2036,,,,,,0.0
EmissionActivityRatio,BAU,GUA,DWW_DC,,CO2_WASTE,1,2037,,,,,,0.0
EmissionActivityRatio,BAU,GUA,DWW_DC,,CO2_WASTE,1,2038,,,,,,0.0
EmissionActivityRatio,BAU,GUA,DWW_DC,,CO2_WASTE,1,2039,,,,,,0.0
EmissionActivityRatio,BAU,GUA,DWW_DC,,CO2_WASTE,1,2040,,,,,,0.0
EmissionActivityRatio,BAU,GUA,DWW_DC,,CO2_WASTE,1,2041,,,,,,0.0
EmissionActivityRatio,BAU,GUA,DWW_DC,,CO2_WASTE,1,2042,,,,,,0.0
EmissionActivityRatio,BAU,GUA,DWW_DC,,CO2_WASTE,1,2043,,,,,,0.0
EmissionActivityRatio,BAU,GUA,DWW_DC,,CO2_WASTE,1,2044,,,,,,0.0
EmissionActivityRatio,BAU,GUA,DWW_DC,,CO2_WASTE,1,2045,,,,,,0.0
EmissionActivityRatio,BAU,GUA,DWW_DC,,CO2_WASTE,1,2046,,,,,,0.0
EmissionActivityRatio,BAU,GUA,DWW_DC,,CO2_WASTE,1,2047,,,,,,0.0
EmissionActivityRatio,BAU,GUA,DWW_DC,,CO2_WASTE,1,2048,,,,,,0.0
EmissionActivityRatio,BAU,GUA,DWW_DC,,CO2_WASTE,1,2049,,,,,,0.0
EmissionActivityRatio,BAU,GUA,DWW_DC,,CO2_WASTE,1,2050,,,,,,0.0
EmissionActivityRatio,BAU,GUA,DWW_DC,,CH4_WASTE,1,2018,,,,,,0.0
EmissionActivityRatio,BAU,GUA,DWW_DC,,CH4_WASTE,1,2019,,,,,,0.0
EmissionActivityRatio,BAU,GUA,DWW_DC,,CH4_WASTE,1,2020,,,,,,0.0
EmissionActivityRatio,BAU,GUA,DWW_DC,,CH4_WASTE,1,2021,,,,,,0.0
EmissionActivityRatio,BAU,GUA,DWW_DC,,CH4_WASTE,1,2022,,,,,,0.0
EmissionActivityRatio,BAU,GUA,DWW_DC,,CH4_WASTE,1,2023,,,,,,0.0
EmissionActivityRatio,BAU,GUA,DWW_DC,,CH4_WASTE,1,2024,,,,,,0.0
EmissionActivityRatio,BAU,GUA,DWW_DC,,CH4_WASTE,1,2025,,,,,,0.0
EmissionActivityRatio,BAU,GUA,DWW_DC,,CH4_WASTE,1,2026,,,,,,0.0
EmissionActivityRatio,BAU,GUA,DWW_DC,,CH4_WASTE,1,2027,,,,,,0.0
EmissionActivityRatio,BAU,GUA,DWW_DC,,CH4_WASTE,1,2028,,,,,,0.0
EmissionActivityRatio,BAU,GUA,DWW_DC,,CH4_WASTE,1,2029,,,,,,0.0
EmissionActivityRatio,BAU,GUA,DWW_DC,,CH4_WASTE,1,2030,,,,,,0.0
EmissionActivityRatio,BAU,GUA,DWW_DC,,CH4_WASTE,1,2031,,,,,,0.0
EmissionActivityRatio,BAU,GUA,DWW_DC,,CH4_WASTE,1,2032,,,,,,0.0
EmissionActivityRatio,BAU,GUA,DWW_DC,,CH4_WASTE,1,2033,,,,,,0.0
EmissionActivityRatio,BAU,GUA,DWW_DC,,CH4_WASTE,1,2034,,,,,,0.0
EmissionActivityRatio,BAU,GUA,DWW_DC,,CH4_WASTE,1,2035,,,,,,0.0
EmissionActivityRatio,BAU,GUA,DWW_DC,,CH4_WASTE,1,2036,,,,,,0.0
EmissionActivityRatio,BAU,GUA,DWW_DC,,CH4_WASTE,1,2037,,,,,,0.0
EmissionActivityRatio,BAU,GUA,DWW_DC,,CH4_WASTE,1,2038,,,,,,0.0
EmissionActivityRatio,BAU,GUA,DWW_DC,,CH4_WASTE,1,2039,,,,,,0.0
EmissionActivityRatio,BAU,GUA,DWW_DC,,CH4_WASTE,1,2040,,,,,,0.0
EmissionActivityRatio,BAU,GUA,DWW_DC,,CH4_WASTE,1,2041,,,,,,0.0
EmissionActivityRatio,BAU,GUA,DWW_DC,,CH4_WASTE,1,2042,,,,,,0.0
EmissionActivityRatio,BAU,GUA,DWW_DC,,CH4_WASTE,1,2043,,,,,,0.0
EmissionActivityRatio,BAU,GUA,DWW_DC,,CH4_WASTE,1,2044,,,,,,0.0
EmissionActivityRatio,BAU,GUA,DWW_DC,,CH4_WASTE,1,2045,,,,,,0.0
EmissionActivityRatio,BAU,GUA,DWW_DC,,CH4_WASTE,1,2046,,,,,,0.0
EmissionActivityRatio,BAU,GUA,DWW_DC,,CH4_WASTE,1,2047,,,,,,0.0
EmissionActivityRatio,BAU,GUA,DWW_DC,,CH4_WASTE,1,2048,,,,,,0.0
EmissionActivityRatio,BAU,GUA,DWW_DC,,CH4_WASTE,1,2049,,,,,,0.0
EmissionActivityRatio,BAU,GUA,DWW_DC,,CH4_WASTE,1,2050,,,,,,0.0
EmissionActivityRatio,BAU,GUA,DWW_DC,,N2O_WASTE,1,2018,,,,,,0.0
EmissionActivityRatio,BAU,GUA,DWW_DC,,N2O_WASTE,1,2019,,,,,,0.0
EmissionActivityRatio,BAU,GUA,DWW_DC,,N2O_WASTE,1,2020,,,,,,0.0
EmissionActivityRatio,BAU,GUA,DWW_DC,,N2O_WASTE,1,2021,,,,,,0.0
EmissionActivityRatio,BAU,GUA,DWW_DC,,N2O_WASTE,1,2022,,,,,,0.0
EmissionActivityRatio,BAU,GUA,DWW_DC,,N2O_WASTE,1,2023,,,,,,0.0
EmissionActivityRatio,BAU,GUA,DWW_DC,,N2O_WASTE,1,2024,,,,,,0.0
EmissionActivityRatio,BAU,GUA,DWW_DC,,N2O_WASTE,1,2025,,,,,,0.0
EmissionActivityRatio,BAU,GUA,DWW_DC,,N2O_WASTE,1,2026,,,,,,0.0
EmissionActivityRatio,BAU,GUA,DWW_DC,,N2O_WASTE,1,2027,,,,,,0.0
EmissionActivityRatio,BAU,GUA,DWW_DC,,N2O_WASTE,1,2028,,,,,,0.0
EmissionActivityRatio,BAU,GUA,DWW_DC,,N2O_WASTE,1,2029,,,,,,0.0
EmissionActivityRatio,BAU,GUA,DWW_DC,,N2O_WASTE,1,2030,,,,,,0.0
EmissionActivityRatio,BAU,GUA,DWW_DC,,N2O_WASTE,1,2031,,,,,,0.0
EmissionActivityRatio,BAU,GUA,DWW_DC,,N2O_WASTE,1,2032,,,,,,0.0
EmissionActivityRatio,BAU,GUA,DWW_DC,,N2O_WASTE,1,2033,,,,,,0.0
EmissionActivityRatio,BAU,GUA,DWW_DC,,N2O_WASTE,1,2034,,,,,,0.0
EmissionActivityRatio,BAU,GUA,DWW_DC,,N2O_WASTE,1,2035,,,,,,0.0
EmissionActivityRatio,BAU,GUA,DWW_DC,,N2O_WASTE,1,2036,,,,,,0.0
EmissionActivityRatio,BAU,GUA,DWW_DC,,N2O_WASTE,1,2037,,,,,,0.0
EmissionActivityRatio,BAU,GUA,DWW_DC,,N2O_WASTE,1,2038,,,,,,0.0
EmissionActivityRatio,BAU,GUA,DWW_DC,,N2O_WASTE,1,2039,,,,,,0.0
EmissionActivityRatio,BAU,GUA,DWW_DC,,N2O_WASTE,1,2040,,,,,,0.0
EmissionActivityRatio,BAU,GUA,DWW_DC,,N2O_WASTE,1,2041,,,,,,0.0
EmissionActivityRatio,BAU,GUA,DWW_DC,,N2O_WASTE,1,2042,,,,,,0.0
EmissionActivityRatio,BAU,GUA,DWW_DC,,N2O_WASTE,1,2043,,,,,,0.0
EmissionActivityRatio,BAU,GUA,DWW_DC,,N2O_WASTE,1,2044,,,,,,0.0
EmissionActivityRatio,BAU,GUA,DWW_DC,,N2O_WASTE,1,2045,,,,,,0.0
EmissionActivityRatio,BAU,GUA,DWW_DC,,N2O_WASTE,1,2046,,,,,,0.0
EmissionActivityRatio,BAU,GUA,DWW_DC,,N2O_WASTE,1,2047,,,,,,0.0
EmissionActivityRatio,BAU,GUA,DWW_DC,,N2O_WASTE,1,2048,,,,,,0.0
EmissionActivityRatio,BAU,GUA,DWW_DC,,N2O_WASTE,1,2049,,,,,,0.0
EmissionActivityRatio,BAU,GUA,DWW_DC,,N2O_WASTE,1,2050,,,,,,0.0
EmissionActivityRatio,BAU,GUA,DWW_N,,CO2e_WASTE,1,2018,,,,,,0.0021
EmissionActivityRatio,BAU,GUA,DWW_N,,CO2e_WASTE,1,2019,,,,,,0.0021
EmissionActivityRatio,BAU,GUA,DWW_N,,CO2e_WASTE,1,2020,,,,,,0.0021
EmissionActivityRatio,BAU,GUA,DWW_N,,CO2e_WASTE,1,2021,,,,,,0.0021
EmissionActivityRatio,BAU,GUA,DWW_N,,CO2e_WASTE,1,2022,,,,,,0.0021
EmissionActivityRatio,BAU,GUA,DWW_N,,CO2e_WASTE,1,2023,,,,,,0.0021
EmissionActivityRatio,BAU,GUA,DWW_N,,CO2e_WASTE,1,2024,,,,,,0.0021
EmissionActivityRatio,BAU,GUA,DWW_N,,CO2e_WASTE,1,2025,,,,,,0.0021
EmissionActivityRatio,BAU,GUA,DWW_N,,CO2e_WASTE,1,2026,,,,,,0.0021
EmissionActivityRatio,BAU,GUA,DWW_N,,CO2e_WASTE,1,2027,,,,,,0.0021
EmissionActivityRatio,BAU,GUA,DWW_N,,CO2e_WASTE,1,2028,,,,,,0.0021
EmissionActivityRatio,BAU,GUA,DWW_N,,CO2e_WASTE,1,2029,,,,,,0.0021
EmissionActivityRatio,BAU,GUA,DWW_N,,CO2e_WASTE,1,2030,,,,,,0.0021
EmissionActivityRatio,BAU,GUA,DWW_N,,CO2e_WASTE,1,2031,,,,,,0.0021
EmissionActivityRatio,BAU,GUA,DWW_N,,CO2e_WASTE,1,2032,,,,,,0.0021
EmissionActivityRatio,BAU,GUA,DWW_N,,CO2e_WASTE,1,2033,,,,,,0.0021
EmissionActivityRatio,BAU,GUA,DWW_N,,CO2e_WASTE,1,2034,,,,,,0.0021
EmissionActivityRatio,BAU,GUA,DWW_N,,CO2e_WASTE,1,2035,,,,,,0.0021
EmissionActivityRatio,BAU,GUA,DWW_N,,CO2e_WASTE,1,2036,,,,,,0.0021
EmissionActivityRatio,BAU,GUA,DWW_N,,CO2e_WASTE,1,2037,,,,,,0.0021
EmissionActivityRatio,BAU,GUA,DWW_N,,CO2e_WASTE,1,2038,,,,,,0.0021
EmissionActivityRatio,BAU,GUA,DWW_N,,CO2e_WASTE,1,2039,,,,,,0.0021
EmissionActivityRatio,BAU,GUA,DWW_N,,CO2e_WASTE,1,2040,,,,,,0.0021
EmissionActivityRatio,BAU,GUA,DWW_N,,CO2e_WASTE,1,2041,,,,,,0.0021
EmissionActivityRatio,BAU,GUA,DWW_N,,CO2e_WASTE,1,2042,,,,,,0.0021
EmissionActivityRatio,BAU,GUA,DWW_N,,CO2e_WASTE,1,2043,,,,,,0.0021
EmissionActivityRatio,BAU,GUA,DWW_N,,CO2e_WASTE,1,2044,,,,,,0.0021
EmissionActivityRatio,BAU,GUA,DWW_N,,CO2e_WASTE,1,2045,,,,,,0.0021
EmissionActivityRatio,BAU,GUA,DWW_N,,CO2e_WASTE,1,2046,,,,,,0.0021
EmissionActivityRatio,BAU,GUA,DWW_N,,CO2e_WASTE,1,2047,,,,,,0.0021
EmissionActivityRatio,BAU,GUA,DWW_N,,CO2e_WASTE,1,2048,,,,,,0.0021
EmissionActivityRatio,BAU,GUA,DWW_N,,CO2e_WASTE,1,2049,,,,,,0.0021
EmissionActivityRatio,BAU,GUA,DWW_N,,CO2e_WASTE,1,2050,,,,,,0.0021
EmissionActivityRatio,BAU,GUA,DWW_N,,CO2_WASTE,1,2018,,,,,,0.0
EmissionActivityRatio,BAU,GUA,DWW_N,,CO2_WASTE,1,2019,,,,,,0.0
EmissionActivityRatio,BAU,GUA,DWW_N,,CO2_WASTE,1,2020,,,,,,0.0
EmissionActivityRatio,BAU,GUA,DWW_N,,CO2_WASTE,1,2021,,,,,,0.0
EmissionActivityRatio,BAU,GUA,DWW_N,,CO2_WASTE,1,2022,,,,,,0.0
EmissionActivityRatio,BAU,GUA,DWW_N,,CO2_WASTE,1,2023,,,,,,0.0
EmissionActivityRatio,BAU,GUA,DWW_N,,CO2_WASTE,1,2024,,,,,,0.0
EmissionActivityRatio,BAU,GUA,DWW_N,,CO2_WASTE,1,2025,,,,,,0.0
EmissionActivityRatio,BAU,GUA,DWW_N,,CO2_WASTE,1,2026,,,,,,0.0
EmissionActivityRatio,BAU,GUA,DWW_N,,CO2_WASTE,1,2027,,,,,,0.0
EmissionActivityRatio,BAU,GUA,DWW_N,,CO2_WASTE,1,2028,,,,,,0.0
EmissionActivityRatio,BAU,GUA,DWW_N,,CO2_WASTE,1,2029,,,,,,0.0
EmissionActivityRatio,BAU,GUA,DWW_N,,CO2_WASTE,1,2030,,,,,,0.0
EmissionActivityRatio,BAU,GUA,DWW_N,,CO2_WASTE,1,2031,,,,,,0.0
EmissionActivityRatio,BAU,GUA,DWW_N,,CO2_WASTE,1,2032,,,,,,0.0
EmissionActivityRatio,BAU,GUA,DWW_N,,CO2_WASTE,1,2033,,,,,,0.0
EmissionActivityRatio,BAU,GUA,DWW_N,,CO2_WASTE,1,2034,,,,,,0.0
EmissionActivityRatio,BAU,GUA,DWW_N,,CO2_WASTE,1,2035,,,,,,0.0
EmissionActivityRatio,BAU,GUA,DWW_N,,CO2_WASTE,1,2036,,,,,,0.0
EmissionActivityRatio,BAU,GUA,DWW_N,,CO2_WASTE,1,2037,,,,,,0.0
EmissionActivityRatio,BAU,GUA,DWW_N,,CO2_WASTE,1,2038,,,,,,0.0
EmissionActivityRatio,BAU,GUA,DWW_N,,CO2_WASTE,1,2039,,,,,,0.0
EmissionActivityRatio,BAU,GUA,DWW_N,,CO2_WASTE,1,2040,,,,,,0.0
EmissionActivityRatio,BAU,GUA,DWW_N,,CO2_WASTE,1,2041,,,,,,0.0
EmissionActivityRatio,BAU,GUA,DWW_N,,CO2_WASTE,1,2042,,,,,,0.0
EmissionActivityRatio,BAU,GUA,DWW_N,,CO2_WASTE,1,2043,,,,,,0.0
EmissionActivityRatio,BAU,GUA,DWW_N,,CO2_WASTE,1,2044,,,,,,0.0
EmissionActivityRatio,BAU,GUA,DWW_N,,CO2_WASTE,1,2045,,,,,,0.0
EmissionActivityRatio,BAU,GUA,DWW_N,,CO2_WASTE,1,2046,,,,,,0.0
EmissionActivityRatio,BAU,GUA,DWW_N,,CO2_WASTE,1,2047,,,,,,0.0
EmissionActivityRatio,BAU,GUA,DWW_N,,CO2_WASTE,1,2048,,,,,,0.0
EmissionActivityRatio,BAU,GUA,DWW_N,,CO2_WASTE,1,2049,,,,,,0.0
EmissionActivityRatio,BAU,GUA,DWW_N,,CO2_WASTE,1,2050,,,,,,0.0
EmissionActivityRatio,BAU,GUA,DWW_N,,CH4_WASTE,1,2018,,,,,,0.0
EmissionActivityRatio,BAU,GUA,DWW_N,,CH4_WASTE,1,2019,,,,,,0.0
EmissionActivityRatio,BAU,GUA,DWW_N,,CH4_WASTE,1,2020,,,,,,0.0
EmissionActivityRatio,BAU,GUA,DWW_N,,CH4_WASTE,1,2021,,,,,,0.0
EmissionActivityRatio,BAU,GUA,DWW_N,,CH4_WASTE,1,2022,,,,,,0.0
EmissionActivityRatio,BAU,GUA,DWW_N,,CH4_WASTE,1,2023,,,,,,0.0
EmissionActivityRatio,BAU,GUA,DWW_N,,CH4_WASTE,1,2024,,,,,,0.0
EmissionActivityRatio,BAU,GUA,DWW_N,,CH4_WASTE,1,2025,,,,,,0.0
EmissionActivityRatio,BAU,GUA,DWW_N,,CH4_WASTE,1,2026,,,,,,0.0
EmissionActivityRatio,BAU,GUA,DWW_N,,CH4_WASTE,1,2027,,,,,,0.0
EmissionActivityRatio,BAU,GUA,DWW_N,,CH4_WASTE,1,2028,,,,,,0.0
EmissionActivityRatio,BAU,GUA,DWW_N,,CH4_WASTE,1,2029,,,,,,0.0
EmissionActivityRatio,BAU,GUA,DWW_N,,CH4_WASTE,1,2030,,,,,,0.0
EmissionActivityRatio,BAU,GUA,DWW_N,,CH4_WASTE,1,2031,,,,,,0.0
EmissionActivityRatio,BAU,GUA,DWW_N,,CH4_WASTE,1,2032,,,,,,0.0
EmissionActivityRatio,BAU,GUA,DWW_N,,CH4_WASTE,1,2033,,,,,,0.0
EmissionActivityRatio,BAU,GUA,DWW_N,,CH4_WASTE,1,2034,,,,,,0.0
EmissionActivityRatio,BAU,GUA,DWW_N,,CH4_WASTE,1,2035,,,,,,0.0
EmissionActivityRatio,BAU,GUA,DWW_N,,CH4_WASTE,1,2036,,,,,,0.0
EmissionActivityRatio,BAU,GUA,DWW_N,,CH4_WASTE,1,2037,,,,,,0.0
EmissionActivityRatio,BAU,GUA,DWW_N,,CH4_WASTE,1,2038,,,,,,0.0
EmissionActivityRatio,BAU,GUA,DWW_N,,CH4_WASTE,1,2039,,,,,,0.0
EmissionActivityRatio,BAU,GUA,DWW_N,,CH4_WASTE,1,2040,,,,,,0.0
EmissionActivityRatio,BAU,GUA,DWW_N,,CH4_WASTE,1,2041,,,,,,0.0
EmissionActivityRatio,BAU,GUA,DWW_N,,CH4_WASTE,1,2042,,,,,,0.0
EmissionActivityRatio,BAU,GUA,DWW_N,,CH4_WASTE,1,2043,,,,,,0.0
EmissionActivityRatio,BAU,GUA,DWW_N,,CH4_WASTE,1,2044,,,,,,0.0
EmissionActivityRatio,BAU,GUA,DWW_N,,CH4_WASTE,1,2045,,,,,,0.0
EmissionActivityRatio,BAU,GUA,DWW_N,,CH4_WASTE,1,2046,,,,,,0.0
EmissionActivityRatio,BAU,GUA,DWW_N,,CH4_WASTE,1,2047,,,,,,0.0
EmissionActivityRatio,BAU,GUA,DWW_N,,CH4_WASTE,1,2048,,,,,,0.0
EmissionActivityRatio,BAU,GUA,DWW_N,,CH4_WASTE,1,2049,,,,,,0.0
EmissionActivityRatio,BAU,GUA,DWW_N,,CH4_WASTE,1,2050,,,,,,0.0
EmissionActivityRatio,BAU,GUA,DWW_N,,N2O_WASTE,1,2018,,,,,,0.0
EmissionActivityRatio,BAU,GUA,DWW_N,,N2O_WASTE,1,2019,,,,,,0.0
EmissionActivityRatio,BAU,GUA,DWW_N,,N2O_WASTE,1,2020,,,,,,0.0
EmissionActivityRatio,BAU,GUA,DWW_N,,N2O_WASTE,1,2021,,,,,,0.0
EmissionActivityRatio,BAU,GUA,DWW_N,,N2O_WASTE,1,2022,,,,,,0.0
EmissionActivityRatio,BAU,GUA,DWW_N,,N2O_WASTE,1,2023,,,,,,0.0
EmissionActivityRatio,BAU,GUA,DWW_N,,N2O_WASTE,1,2024,,,,,,0.0
EmissionActivityRatio,BAU,GUA,DWW_N,,N2O_WASTE,1,2025,,,,,,0.0
EmissionActivityRatio,BAU,GUA,DWW_N,,N2O_WASTE,1,2026,,,,,,0.0
EmissionActivityRatio,BAU,GUA,DWW_N,,N2O_WASTE,1,2027,,,,,,0.0
EmissionActivityRatio,BAU,GUA,DWW_N,,N2O_WASTE,1,2028,,,,,,0.0
EmissionActivityRatio,BAU,GUA,DWW_N,,N2O_WASTE,1,2029,,,,,,0.0
EmissionActivityRatio,BAU,GUA,DWW_N,,N2O_WASTE,1,2030,,,,,,0.0
EmissionActivityRatio,BAU,GUA,DWW_N,,N2O_WASTE,1,2031,,,,,,0.0
EmissionActivityRatio,BAU,GUA,DWW_N,,N2O_WASTE,1,2032,,,,,,0.0
EmissionActivityRatio,BAU,GUA,DWW_N,,N2O_WASTE,1,2033,,,,,,0.0
EmissionActivityRatio,BAU,GUA,DWW_N,,N2O_WASTE,1,2034,,,,,,0.0
EmissionActivityRatio,BAU,GUA,DWW_N,,N2O_WASTE,1,2035,,,,,,0.0
EmissionActivityRatio,BAU,GUA,DWW_N,,N2O_WASTE,1,2036,,,,,,0.0
EmissionActivityRatio,BAU,GUA,DWW_N,,N2O_WASTE,1,2037,,,,,,0.0
EmissionActivityRatio,BAU,GUA,DWW_N,,N2O_WASTE,1,2038,,,,,,0.0
EmissionActivityRatio,BAU,GUA,DWW_N,,N2O_WASTE,1,2039,,,,,,0.0
EmissionActivityRatio,BAU,GUA,DWW_N,,N2O_WASTE,1,2040,,,,,,0.0
EmissionActivityRatio,BAU,GUA,DWW_N,,N2O_WASTE,1,2041,,,,,,0.0
EmissionActivityRatio,BAU,GUA,DWW_N,,N2O_WASTE,1,2042,,,,,,0.0
EmissionActivityRatio,BAU,GUA,DWW_N,,N2O_WASTE,1,2043,,,,,,0.0
EmissionActivityRatio,BAU,GUA,DWW_N,,N2O_WASTE,1,2044,,,,,,0.0
EmissionActivityRatio,BAU,GUA,DWW_N,,N2O_WASTE,1,2045,,,,,,0.0
EmissionActivityRatio,BAU,GUA,DWW_N,,N2O_WASTE,1,2046,,,,,,0.0
EmissionActivityRatio,BAU,GUA,DWW_N,,N2O_WASTE,1,2047,,,,,,0.0
EmissionActivityRatio,BAU,GUA,DWW_N,,N2O_WASTE,1,2048,,,,,,0.0
EmissionActivityRatio,BAU,GUA,DWW_N,,N2O_WASTE,1,2049,,,,,,0.0
EmissionActivityRatio,BAU,GUA,DWW_N,,N2O_WASTE,1,2050,,,,,,0.0
EmissionActivityRatio,BAU,GUA,IWW,,CO2e_WASTE,1,2018,,,,,,0.0027
EmissionActivityRatio,BAU,GUA,IWW,,CO2e_WASTE,1,2019,,,,,,0.0052
EmissionActivityRatio,BAU,GUA,IWW,,CO2e_WASTE,1,2020,,,,,,0.005
EmissionActivityRatio,BAU,GUA,IWW,,CO2e_WASTE,1,2021,,,,,,0.0063
EmissionActivityRatio,BAU,GUA,IWW,,CO2e_WASTE,1,2022,,,,,,0.006
EmissionActivityRatio,BAU,GUA,IWW,,CO2e_WASTE,1,2023,,,,,,0.0062
EmissionActivityRatio,BAU,GUA,IWW,,CO2e_WASTE,1,2024,,,,,,0.0065
EmissionActivityRatio,BAU,GUA,IWW,,CO2e_WASTE,1,2025,,,,,,0.0067
EmissionActivityRatio,BAU,GUA,IWW,,CO2e_WASTE,1,2026,,,,,,0.0069
EmissionActivityRatio,BAU,GUA,IWW,,CO2e_WASTE,1,2027,,,,,,0.0071
EmissionActivityRatio,BAU,GUA,IWW,,CO2e_WASTE,1,2028,,,,,,0.0073
EmissionActivityRatio,BAU,GUA,IWW,,CO2e_WASTE,1,2029,,,,,,0.0075
EmissionActivityRatio,BAU,GUA,IWW,,CO2e_WASTE,1,2030,,,,,,0.0078
EmissionActivityRatio,BAU,GUA,IWW,,CO2e_WASTE,1,2031,,,,,,0.008
EmissionActivityRatio,BAU,GUA,IWW,,CO2e_WASTE,1,2032,,,,,,0.0082
EmissionActivityRatio,BAU,GUA,IWW,,CO2e_WASTE,1,2033,,,,,,0.0084
EmissionActivityRatio,BAU,GUA,IWW,,CO2e_WASTE,1,2034,,,,,,0.0086
EmissionActivityRatio,BAU,GUA,IWW,,CO2e_WASTE,1,2035,,,,,,0.0088
EmissionActivityRatio,BAU,GUA,IWW,,CO2e_WASTE,1,2036,,,,,,0.0091
EmissionActivityRatio,BAU,GUA,IWW,,CO2e_WASTE,1,2037,,,,,,0.0093
EmissionActivityRatio,BAU,GUA,IWW,,CO2e_WASTE,1,2038,,,,,,0.0095
EmissionActivityRatio,BAU,GUA,IWW,,CO2e_WASTE,1,2039,,,,,,0.0097
EmissionActivityRatio,BAU,GUA,IWW,,CO2e_WASTE,1,2040,,,,,,0.0099
EmissionActivityRatio,BAU,GUA,IWW,,CO2e_WASTE,1,2041,,,,,,0.0101
EmissionActivityRatio,BAU,GUA,IWW,,CO2e_WASTE,1,2042,,,,,,0.0103
EmissionActivityRatio,BAU,GUA,IWW,,CO2e_WASTE,1,2043,,,,,,0.0106
EmissionActivityRatio,BAU,GUA,IWW,,CO2e_WASTE,1,2044,,,,,,0.0108
EmissionActivityRatio,BAU,GUA,IWW,,CO2e_WASTE,1,2045,,,,,,0.011
EmissionActivityRatio,BAU,GUA,IWW,,CO2e_WASTE,1,2046,,,,,,0.0112
EmissionActivityRatio,BAU,GUA,IWW,,CO2e_WASTE,1,2047,,,,,,0.0114
EmissionActivityRatio,BAU,GUA,IWW,,CO2e_WASTE,1,2048,,,,,,0.0116
EmissionActivityRatio,BAU,GUA,IWW,,CO2e_WASTE,1,2049,,,,,,0.0119
EmissionActivityRatio,BAU,GUA,IWW,,CO2e_WASTE,1,2050,,,,,,0.0121
EmissionActivityRatio,BAU,GUA,IWW,,CO2_WASTE,1,2018,,,,,,0.0
EmissionActivityRatio,BAU,GUA,IWW,,CO2_WASTE,1,2019,,,,,,0.0
EmissionActivityRatio,BAU,GUA,IWW,,CO2_WASTE,1,2020,,,,,,0.0
EmissionActivityRatio,BAU,GUA,IWW,,CO2_WASTE,1,2021,,,,,,0.0
EmissionActivityRatio,BAU,GUA,IWW,,CO2_WASTE,1,2022,,,,,,0.0
EmissionActivityRatio,BAU,GUA,IWW,,CO2_WASTE,1,2023,,,,,,0.0
EmissionActivityRatio,BAU,GUA,IWW,,CO2_WASTE,1,2024,,,,,,0.0
EmissionActivityRatio,BAU,GUA,IWW,,CO2_WASTE,1,2025,,,,,,0.0
EmissionActivityRatio,BAU,GUA,IWW,,CO2_WASTE,1,2026,,,,,,0.0
EmissionActivityRatio,BAU,GUA,IWW,,CO2_WASTE,1,2027,,,,,,0.0
EmissionActivityRatio,BAU,GUA,IWW,,CO2_WASTE,1,2028,,,,,,0.0
EmissionActivityRatio,BAU,GUA,IWW,,CO2_WASTE,1,2029,,,,,,0.0
EmissionActivityRatio,BAU,GUA,IWW,,CO2_WASTE,1,2030,,,,,,0.0
EmissionActivityRatio,BAU,GUA,IWW,,CO2_WASTE,1,2031,,,,,,0.0
EmissionActivityRatio,BAU,GUA,IWW,,CO2_WASTE,1,2032,,,,,,0.0
EmissionActivityRatio,BAU,GUA,IWW,,CO2_WASTE,1,2033,,,,,,0.0
EmissionActivityRatio,BAU,GUA,IWW,,CO2_WASTE,1,2034,,,,,,0.0
EmissionActivityRatio,BAU,GUA,IWW,,CO2_WASTE,1,2035,,,,,,0.0
EmissionActivityRatio,BAU,GUA,IWW,,CO2_WASTE,1,2036,,,,,,0.0
EmissionActivityRatio,BAU,GUA,IWW,,CO2_WASTE,1,2037,,,,,,0.0
EmissionActivityRatio,BAU,GUA,IWW,,CO2_WASTE,1,2038,,,,,,0.0
EmissionActivityRatio,BAU,GUA,IWW,,CO2_WASTE,1,2039,,,,,,0.0
EmissionActivityRatio,BAU,GUA,IWW,,CO2_WASTE,1,2040,,,,,,0.0
EmissionActivityRatio,BAU,GUA,IWW,,CO2_WASTE,1,2041,,,,,,0.0
EmissionActivityRatio,BAU,GUA,IWW,,CO2_WASTE,1,2042,,,,,,0.0
EmissionActivityRatio,BAU,GUA,IWW,,CO2_WASTE,1,2043,,,,,,0.0
EmissionActivityRatio,BAU,GUA,IWW,,CO2_WASTE,1,2044,,,,,,0.0
EmissionActivityRatio,BAU,GUA,IWW,,CO2_WASTE,1,2045,,,,,,0.0
EmissionActivityRatio,BAU,GUA,IWW,,CO2_WASTE,1,2046,,,,,,0.0
EmissionActivityRatio,BAU,GUA,IWW,,CO2_WASTE,1,2047,,,,,,0.0
EmissionActivityRatio,BAU,GUA,IWW,,CO2_WASTE,1,2048,,,,,,0.0
EmissionActivityRatio,BAU,GUA,IWW,,CO2_WASTE,1,2049,,,,,,0.0
EmissionActivityRatio,BAU,GUA,IWW,,CO2_WASTE,1,2050,,,,,,0.0
EmissionActivityRatio,BAU,GUA,IWW,,CH4_WASTE,1,2018,,,,,,0.0
EmissionActivityRatio,BAU,GUA,IWW,,CH4_WASTE,1,2019,,,,,,0.0
EmissionActivityRatio,BAU,GUA,IWW,,CH4_WASTE,1,2020,,,,,,0.0
EmissionActivityRatio,BAU,GUA,IWW,,CH4_WASTE,1,2021,,,,,,0.0
EmissionActivityRatio,BAU,GUA,IWW,,CH4_WASTE,1,2022,,,,,,0.0
EmissionActivityRatio,BAU,GUA,IWW,,CH4_WASTE,1,2023,,,,,,0.0
EmissionActivityRatio,BAU,GUA,IWW,,CH4_WASTE,1,2024,,,,,,0.0
EmissionActivityRatio,BAU,GUA,IWW,,CH4_WASTE,1,2025,,,,,,0.0
EmissionActivityRatio,BAU,GUA,IWW,,CH4_WASTE,1,2026,,,,,,0.0
EmissionActivityRatio,BAU,GUA,IWW,,CH4_WASTE,1,2027,,,,,,0.0
EmissionActivityRatio,BAU,GUA,IWW,,CH4_WASTE,1,2028,,,,,,0.0
EmissionActivityRatio,BAU,GUA,IWW,,CH4_WASTE,1,2029,,,,,,0.0
EmissionActivityRatio,BAU,GUA,IWW,,CH4_WASTE,1,2030,,,,,,0.0
EmissionActivityRatio,BAU,GUA,IWW,,CH4_WASTE,1,2031,,,,,,0.0
EmissionActivityRatio,BAU,GUA,IWW,,CH4_WASTE,1,2032,,,,,,0.0
EmissionActivityRatio,BAU,GUA,IWW,,CH4_WASTE,1,2033,,,,,,0.0
EmissionActivityRatio,BAU,GUA,IWW,,CH4_WASTE,1,2034,,,,,,0.0
EmissionActivityRatio,BAU,GUA,IWW,,CH4_WASTE,1,2035,,,,,,0.0
EmissionActivityRatio,BAU,GUA,IWW,,CH4_WASTE,1,2036,,,,,,0.0
EmissionActivityRatio,BAU,GUA,IWW,,CH4_WASTE,1,2037,,,,,,0.0
EmissionActivityRatio,BAU,GUA,IWW,,CH4_WASTE,1,2038,,,,,,0.0
EmissionActivityRatio,BAU,GUA,IWW,,CH4_WASTE,1,2039,,,,,,0.0
EmissionActivityRatio,BAU,GUA,IWW,,CH4_WASTE,1,2040,,,,,,0.0
EmissionActivityRatio,BAU,GUA,IWW,,CH4_WASTE,1,2041,,,,,,0.0
EmissionActivityRatio,BAU,GUA,IWW,,CH4_WASTE,1,2042,,,,,,0.0
EmissionActivityRatio,BAU,GUA,IWW,,CH4_WASTE,1,2043,,,,,,0.0
EmissionActivityRatio,BAU,GUA,IWW,,CH4_WASTE,1,2044,,,,,,0.0
EmissionActivityRatio,BAU,GUA,IWW,,CH4_WASTE,1,2045,,,,,,0.0
EmissionActivityRatio,BAU,GUA,IWW,,CH4_WASTE,1,2046,,,,,,0.0
EmissionActivityRatio,BAU,GUA,IWW,,CH4_WASTE,1,2047,,,,,,0.0
EmissionActivityRatio,BAU,GUA,IWW,,CH4_WASTE,1,2048,,,,,,0.0
EmissionActivityRatio,BAU,GUA,IWW,,CH4_WASTE,1,2049,,,,,,0.0
EmissionActivityRatio,BAU,GUA,IWW,,CH4_WASTE,1,2050,,,,,,0.0
EmissionActivityRatio,BAU,GUA,IWW,,N2O_WASTE,1,2018,,,,,,0.0
EmissionActivityRatio,BAU,GUA,IWW,,N2O_WASTE,1,2019,,,,,,0.0
EmissionActivityRatio,BAU,GUA,IWW,,N2O_WASTE,1,2020,,,,,,0.0
EmissionActivityRatio,BAU,GUA,IWW,,N2O_WASTE,1,2021,,,,,,0.0
EmissionActivityRatio,BAU,GUA,IWW,,N2O_WASTE,1,2022,,,,,,0.0
EmissionActivityRatio,BAU,GUA,IWW,,N2O_WASTE,1,2023,,,,,,0.0
EmissionActivityRatio,BAU,GUA,IWW,,N2O_WASTE,1,2024,,,,,,0.0
EmissionActivityRatio,BAU,GUA,IWW,,N2O_WASTE,1,2025,,,,,,0.0
EmissionActivityRatio,BAU,GUA,IWW,,N2O_WASTE,1,2026,,,,,,0.0
EmissionActivityRatio,BAU,GUA,IWW,,N2O_WASTE,1,2027,,,,,,0.0
EmissionActivityRatio,BAU,GUA,IWW,,N2O_WASTE,1,2028,,,,,,0.0
EmissionActivityRatio,BAU,GUA,IWW,,N2O_WASTE,1,2029,,,,,,0.0
EmissionActivityRatio,BAU,GUA,IWW,,N2O_WASTE,1,2030,,,,,,0.0
EmissionActivityRatio,BAU,GUA,IWW,,N2O_WASTE,1,2031,,,,,,0.0
EmissionActivityRatio,BAU,GUA,IWW,,N2O_WASTE,1,2032,,,,,,0.0
EmissionActivityRatio,BAU,GUA,IWW,,N2O_WASTE,1,2033,,,,,,0.0
EmissionActivityRatio,BAU,GUA,IWW,,N2O_WASTE,1,2034,,,,,,0.0
EmissionActivityRatio,BAU,GUA,IWW,,N2O_WASTE,1,2035,,,,,,0.0
EmissionActivityRatio,BAU,GUA,IWW,,N2O_WASTE,1,2036,,,,,,0.0
EmissionActivityRatio,BAU,GUA,IWW,,N2O_WASTE,1,2037,,,,,,0.0
EmissionActivityRatio,BAU,GUA,IWW,,N2O_WASTE,1,2038,,,,,,0.0
EmissionActivityRatio,BAU,GUA,IWW,,N2O_WASTE,1,2039,,,,,,0.0
EmissionActivityRatio,BAU,GUA,IWW,,N2O_WASTE,1,2040,,,,,,0.0
EmissionActivityRatio,BAU,GUA,IWW,,N2O_WASTE,1,2041,,,,,,0.0
EmissionActivityRatio,BAU,GUA,IWW,,N2O_WASTE,1,2042,,,,,,0.0
EmissionActivityRatio,BAU,GUA,IWW,,N2O_WASTE,1,2043,,,,,,0.0
EmissionActivityRatio,BAU,GUA,IWW,,N2O_WASTE,1,2044,,,,,,0.0
EmissionActivityRatio,BAU,GUA,IWW,,N2O_WASTE,1,2045,,,,,,0.0
EmissionActivityRatio,BAU,GUA,IWW,,N2O_WASTE,1,2046,,,,,,0.0
EmissionActivityRatio,BAU,GUA,IWW,,N2O_WASTE,1,2047,,,,,,0.0
EmissionActivityRatio,BAU,GUA,IWW,,N2O_WASTE,1,2048,,,,,,0.0
EmissionActivityRatio,BAU,GUA,IWW,,N2O_WASTE,1,2049,,,,,,0.0
EmissionActivityRatio,BAU,GUA,IWW,,N2O_WASTE,1,2050,,,,,,0.0
EmissionActivityRatio,BAU,GUA,SIT_CLAN,,salud_residuos,1,2018,,,,,,1.0
EmissionActivityRatio,BAU,GUA,SIT_CLAN,,salud_residuos,1,2019,,,,,,1.0
EmissionActivityRatio,BAU,GUA,SIT_CLAN,,salud_residuos,1,2020,,,,,,1.0
EmissionActivityRatio,BAU,GUA,SIT_CLAN,,salud_residuos,1,2021,,,,,,1.0
EmissionActivityRatio,BAU,GUA,SIT_CLAN,,salud_residuos,1,2022,,,,,,1.0
EmissionActivityRatio,BAU,GUA,SIT_CLAN,,salud_residuos,1,2023,,,,,,1.0
EmissionActivityRatio,BAU,GUA,SIT_CLAN,,salud_residuos,1,2024,,,,,,1.0
EmissionActivityRatio,BAU,GUA,SIT_CLAN,,salud_residuos,1,2025,,,,,,1.0
EmissionActivityRatio,BAU,GUA,SIT_CLAN,,salud_residuos,1,2026,,,,,,1.0
EmissionActivityRatio,BAU,GUA,SIT_CLAN,,salud_residuos,1,2027,,,,,,1.0
EmissionActivityRatio,BAU,GUA,SIT_CLAN,,salud_residuos,1,2028,,,,,,1.0
EmissionActivityRatio,BAU,GUA,SIT_CLAN,,salud_residuos,1,2029,,,,,,1.0
EmissionActivityRatio,BAU,GUA,SIT_CLAN,,salud_residuos,1,2030,,,,,,1.0
EmissionActivityRatio,BAU,GUA,SIT_CLAN,,salud_residuos,1,2031,,,,,,1.0
EmissionActivityRatio,BAU,GUA,SIT_CLAN,,salud_residuos,1,2032,,,,,,1.0
EmissionActivityRatio,BAU,GUA,SIT_CLAN,,salud_residuos,1,2033,,,,,,1.0
EmissionActivityRatio,BAU,GUA,SIT_CLAN,,salud_residuos,1,2034,,,,,,1.0
EmissionActivityRatio,BAU,GUA,SIT_CLAN,,salud_residuos,1,2035,,,,,,1.0
EmissionActivityRatio,BAU,GUA,SIT_CLAN,,salud_residuos,1,2036,,,,,,1.0
EmissionActivityRatio,BAU,GUA,SIT_CLAN,,salud_residuos,1,2037,,,,,,1.0
EmissionActivityRatio,BAU,GUA,SIT_CLAN,,salud_residuos,1,2038,,,,,,1.0
EmissionActivityRatio,BAU,GUA,SIT_CLAN,,salud_residuos,1,2039,,,,,,1.0
EmissionActivityRatio,BAU,GUA,SIT_CLAN,,salud_residuos,1,2040,,,,,,1.0
EmissionActivityRatio,BAU,GUA,SIT_CLAN,,salud_residuos,1,2041,,,,,,1.0
EmissionActivityRatio,BAU,GUA,SIT_CLAN,,salud_residuos,1,2042,,,,,,1.0
EmissionActivityRatio,BAU,GUA,SIT_CLAN,,salud_residuos,1,2043,,,,,,1.0
EmissionActivityRatio,BAU,GUA,SIT_CLAN,,salud_residuos,1,2044,,,,,,1.0
EmissionActivityRatio,BAU,GUA,SIT_CLAN,,salud_residuos,1,2045,,,,,,1.0
EmissionActivityRatio,BAU,GUA,SIT_CLAN,,salud_residuos,1,2046,,,,,,1.0
EmissionActivityRatio,BAU,GUA,SIT_CLAN,,salud_residuos,1,2047,,,,,,1.0
EmissionActivityRatio,BAU,GUA,SIT_CLAN,,salud_residuos,1,2048,,,,,,1.0
EmissionActivityRatio,BAU,GUA,SIT_CLAN,,salud_residuos,1,2049,,,,,,1.0
EmissionActivityRatio,BAU,GUA,SIT_CLAN,,salud_residuos,1,2050,,,,,,1.0
EmissionActivityRatio,BAU,GUA,OPEN_BURN,,salud_residuos,1,2018,,,,,,1.0
EmissionActivityRatio,BAU,GUA,OPEN_BURN,,salud_residuos,1,2019,,,,,,1.0
EmissionActivityRatio,BAU,GUA,OPEN_BURN,,salud_residuos,1,2020,,,,,,1.0
EmissionActivityRatio,BAU,GUA,OPEN_BURN,,salud_residuos,1,2021,,,,,,1.0
EmissionActivityRatio,BAU,GUA,OPEN_BURN,,salud_residuos,1,2022,,,,,,1.0
EmissionActivityRatio,BAU,GUA,OPEN_BURN,,salud_residuos,1,2023,,,,,,1.0
EmissionActivityRatio,BAU,GUA,OPEN_BURN,,salud_residuos,1,2024,,,,,,1.0
EmissionActivityRatio,BAU,GUA,OPEN_BURN,,salud_residuos,1,2025,,,,,,1.0
EmissionActivityRatio,BAU,GUA,OPEN_BURN,,salud_residuos,1,2026,,,,,,1.0
EmissionActivityRatio,BAU,GUA,OPEN_BURN,,salud_residuos,1,2027,,,,,,1.0
EmissionActivityRatio,BAU,GUA,OPEN_BURN,,salud_residuos,1,2028,,,,,,1.0
EmissionActivityRatio,BAU,GUA,OPEN_BURN,,salud_residuos,1,2029,,,,,,1.0
EmissionActivityRatio,BAU,GUA,OPEN_BURN,,salud_residuos,1,2030,,,,,,1.0
EmissionActivityRatio,BAU,GUA,OPEN_BURN,,salud_residuos,1,2031,,,,,,1.0
EmissionActivityRatio,BAU,GUA,OPEN_BURN,,salud_residuos,1,2032,,,,,,1.0
EmissionActivityRatio,BAU,GUA,OPEN_BURN,,salud_residuos,1,2033,,,,,,1.0
EmissionActivityRatio,BAU,GUA,OPEN_BURN,,salud_residuos,1,2034,,,,,,1.0
EmissionActivityRatio,BAU,GUA,OPEN_BURN,,salud_residuos,1,2035,,,,,,1.0
EmissionActivityRatio,BAU,GUA,OPEN_BURN,,salud_residuos,1,2036,,,,,,1.0
EmissionActivityRatio,BAU,GUA,OPEN_BURN,,salud_residuos,1,2037,,,,,,1.0
EmissionActivityRatio,BAU,GUA,OPEN_BURN,,salud_residuos,1,2038,,,,,,1.0
EmissionActivityRatio,BAU,GUA,OPEN_BURN,,salud_residuos,1,2039,,,,,,1.0
EmissionActivityRatio,BAU,GUA,OPEN_BURN,,salud_residuos,1,2040,,,,,,1.0
EmissionActivityRatio,BAU,GUA,OPEN_BURN,,salud_residuos,1,2041,,,,,,1.0
EmissionActivityRatio,BAU,GUA,OPEN_BURN,,salud_residuos,1,2042,,,,,,1.0
EmissionActivityRatio,BAU,GUA,OPEN_BURN,,salud_residuos,1,2043,,,,,,1.0
EmissionActivityRatio,BAU,GUA,OPEN_BURN,,salud_residuos,1,2044,,,,,,1.0
EmissionActivityRatio,BAU,GUA,OPEN_BURN,,salud_residuos,1,2045,,,,,,1.0
EmissionActivityRatio,BAU,GUA,OPEN_BURN,,salud_residuos,1,2046,,,,,,1.0
EmissionActivityRatio,BAU,GUA,OPEN_BURN,,salud_residuos,1,2047,,,,,,1.0
EmissionActivityRatio,BAU,GUA,OPEN_BURN,,salud_residuos,1,2048,,,,,,1.0
EmissionActivityRatio,BAU,GUA,OPEN_BURN,,salud_residuos,1,2049,,,,,,1.0
EmissionActivityRatio,BAU,GUA,OPEN_BURN,,salud_residuos,1,2050,,,,,,1.0
EmissionActivityRatio,BAU,GUA,NO_CONTR_OD,,salud_residuos,1,2018,,,,,,1.0
EmissionActivityRatio,BAU,GUA,NO_CONTR_OD,,salud_residuos,1,2019,,,,,,1.0
EmissionActivityRatio,BAU,GUA,NO_CONTR_OD,,salud_residuos,1,2020,,,,,,1.0
EmissionActivityRatio,BAU,GUA,NO_CONTR_OD,,salud_residuos,1,2021,,,,,,1.0
EmissionActivityRatio,BAU,GUA,NO_CONTR_OD,,salud_residuos,1,2022,,,,,,1.0
EmissionActivityRatio,BAU,GUA,NO_CONTR_OD,,salud_residuos,1,2023,,,,,,1.0
EmissionActivityRatio,BAU,GUA,NO_CONTR_OD,,salud_residuos,1,2024,,,,,,1.0
EmissionActivityRatio,BAU,GUA,NO_CONTR_OD,,salud_residuos,1,2025,,,,,,1.0
EmissionActivityRatio,BAU,GUA,NO_CONTR_OD,,salud_residuos,1,2026,,,,,,1.0
EmissionActivityRatio,BAU,GUA,NO_CONTR_OD,,salud_residuos,1,2027,,,,,,1.0
EmissionActivityRatio,BAU,GUA,NO_CONTR_OD,,salud_residuos,1,2028,,,,,,1.0
EmissionActivityRatio,BAU,GUA,NO_CONTR_OD,,salud_residuos,1,2029,,,,,,1.0
EmissionActivityRatio,BAU,GUA,NO_CONTR_OD,,salud_residuos,1,2030,,,,,,1.0
EmissionActivityRatio,BAU,GUA,NO_CONTR_OD,,salud_residuos,1,2031,,,,,,1.0
EmissionActivityRatio,BAU,GUA,NO_CONTR_OD,,salud_residuos,1,2032,,,,,,1.0
EmissionActivityRatio,BAU,GUA,NO_CONTR_OD,,salud_residuos,1,2033,,,,,,1.0
EmissionActivityRatio,BAU,GUA,NO_CONTR_OD,,salud_residuos,1,2034,,,,,,1.0
EmissionActivityRatio,BAU,GUA,NO_CONTR_OD,,salud_residuos,1,2035,,,,,,1.0
EmissionActivityRatio,BAU,GUA,NO_CONTR_OD,,salud_residuos,1,2036,,,,,,1.0
EmissionActivityRatio,BAU,GUA,NO_CONTR_OD,,salud_residuos,1,2037,,,,,,1.0
EmissionActivityRatio,BAU,GUA,NO_CONTR_OD,,salud_residuos,1,2038,,,,,,1.0
EmissionActivityRatio,BAU,GUA,NO_CONTR_OD,,salud_residuos,1,2039,,,,,,1.0
EmissionActivityRatio,BAU,GUA,NO_CONTR_OD,,salud_residuos,1,2040,,,,,,1.0
EmissionActivityRatio,BAU,GUA,NO_CONTR_OD,,salud_residuos,1,2041,,,,,,1.0
EmissionActivityRatio,BAU,GUA,NO_CONTR_OD,,salud_residuos,1,2042,,,,,,1.0
EmissionActivityRatio,BAU,GUA,NO_CONTR_OD,,salud_residuos,1,2043,,,,,,1.0
EmissionActivityRatio,BAU,GUA,NO_CONTR_OD,,salud_residuos,1,2044,,,,,,1.0
EmissionActivityRatio,BAU,GUA,NO_CONTR_OD,,salud_residuos,1,2045,,,,,,1.0
EmissionActivityRatio,BAU,GUA,NO_CONTR_OD,,salud_residuos,1,2046,,,,,,1.0
EmissionActivityRatio,BAU,GUA,NO_CONTR_OD,,salud_residuos,1,2047,,,,,,1.0
EmissionActivityRatio,BAU,GUA,NO_CONTR_OD,,salud_residuos,1,2048,,,,,,1.0
EmissionActivityRatio,BAU,GUA,NO_CONTR_OD,,salud_residuos,1,2049,,,,,,1.0
EmissionActivityRatio,BAU,GUA,NO_CONTR_OD,,salud_residuos,1,2050,,,,,,1.0
EmissionActivityRatio,BAU,GUA,SIT_CLAN,,contam_agua,1,2018,,,,,,1.0
EmissionActivityRatio,BAU,GUA,SIT_CLAN,,contam_agua,1,2019,,,,,,1.0
EmissionActivityRatio,BAU,GUA,SIT_CLAN,,contam_agua,1,2020,,,,,,1.0
EmissionActivityRatio,BAU,GUA,SIT_CLAN,,contam_agua,1,2021,,,,,,1.0
EmissionActivityRatio,BAU,GUA,SIT_CLAN,,contam_agua,1,2022,,,,,,1.0
EmissionActivityRatio,BAU,GUA,SIT_CLAN,,contam_agua,1,2023,,,,,,1.0
EmissionActivityRatio,BAU,GUA,SIT_CLAN,,contam_agua,1,2024,,,,,,1.0
EmissionActivityRatio,BAU,GUA,SIT_CLAN,,contam_agua,1,2025,,,,,,1.0
EmissionActivityRatio,BAU,GUA,SIT_CLAN,,contam_agua,1,2026,,,,,,1.0
EmissionActivityRatio,BAU,GUA,SIT_CLAN,,contam_agua,1,2027,,,,,,1.0
EmissionActivityRatio,BAU,GUA,SIT_CLAN,,contam_agua,1,2028,,,,,,1.0
EmissionActivityRatio,BAU,GUA,SIT_CLAN,,contam_agua,1,2029,,,,,,1.0
EmissionActivityRatio,BAU,GUA,SIT_CLAN,,contam_agua,1,2030,,,,,,1.0
EmissionActivityRatio,BAU,GUA,SIT_CLAN,,contam_agua,1,2031,,,,,,1.0
EmissionActivityRatio,BAU,GUA,SIT_CLAN,,contam_agua,1,2032,,,,,,1.0
EmissionActivityRatio,BAU,GUA,SIT_CLAN,,contam_agua,1,2033,,,,,,1.0
EmissionActivityRatio,BAU,GUA,SIT_CLAN,,contam_agua,1,2034,,,,,,1.0
EmissionActivityRatio,BAU,GUA,SIT_CLAN,,contam_agua,1,2035,,,,,,1.0
EmissionActivityRatio,BAU,GUA,SIT_CLAN,,contam_agua,1,2036,,,,,,1.0
EmissionActivityRatio,BAU,GUA,SIT_CLAN,,contam_agua,1,2037,,,,,,1.0
EmissionActivityRatio,BAU,GUA,SIT_CLAN,,contam_agua,1,2038,,,,,,1.0
EmissionActivityRatio,BAU,GUA,SIT_CLAN,,contam_agua,1,2039,,,,,,1.0
EmissionActivityRatio,BAU,GUA,SIT_CLAN,,contam_agua,1,2040,,,,,,1.0
EmissionActivityRatio,BAU,GUA,SIT_CLAN,,contam_agua,1,2041,,,,,,1.0
EmissionActivityRatio,BAU,GUA,SIT_CLAN,,contam_agua,1,2042,,,,,,1.0
EmissionActivityRatio,BAU,GUA,SIT_CLAN,,contam_agua,1,2043,,,,,,1.0
EmissionActivityRatio,BAU,GUA,SIT_CLAN,,contam_agua,1,2044,,,,,,1.0
EmissionActivityRatio,BAU,GUA,SIT_CLAN,,contam_agua,1,2045,,,,,,1.0
EmissionActivityRatio,BAU,GUA,SIT_CLAN,,contam_agua,1,2046,,,,,,1.0
EmissionActivityRatio,BAU,GUA,SIT_CLAN,,contam_agua,1,2047,,,,,,1.0
EmissionActivityRatio,BAU,GUA,SIT_CLAN,,contam_agua,1,2048,,,,,,1.0
EmissionActivityRatio,BAU,GUA,SIT_CLAN,,contam_agua,1,2049,,,,,,1.0
EmissionActivityRatio,BAU,GUA,SIT_CLAN,,contam_agua,1,2050,,,,,,1.0
EmissionActivityRatio,BAU,GUA,NO_CONTR_OD,,contam_agua,1,2018,,,,,,1.0
EmissionActivityRatio,BAU,GUA,NO_CONTR_OD,,contam_agua,1,2019,,,,,,1.0
EmissionActivityRatio,BAU,GUA,NO_CONTR_OD,,contam_agua,1,2020,,,,,,1.0
EmissionActivityRatio,BAU,GUA,NO_CONTR_OD,,contam_agua,1,2021,,,,,,1.0
EmissionActivityRatio,BAU,GUA,NO_CONTR_OD,,contam_agua,1,2022,,,,,,1.0
EmissionActivityRatio,BAU,GUA,NO_CONTR_OD,,contam_agua,1,2023,,,,,,1.0
EmissionActivityRatio,BAU,GUA,NO_CONTR_OD,,contam_agua,1,2024,,,,,,1.0
EmissionActivityRatio,BAU,GUA,NO_CONTR_OD,,contam_agua,1,2025,,,,,,1.0
EmissionActivityRatio,BAU,GUA,NO_CONTR_OD,,contam_agua,1,2026,,,,,,1.0
EmissionActivityRatio,BAU,GUA,NO_CONTR_OD,,contam_agua,1,2027,,,,,,1.0
EmissionActivityRatio,BAU,GUA,NO_CONTR_OD,,contam_agua,1,2028,,,,,,1.0
EmissionActivityRatio,BAU,GUA,NO_CONTR_OD,,contam_agua,1,2029,,,,,,1.0
EmissionActivityRatio,BAU,GUA,NO_CONTR_OD,,contam_agua,1,2030,,,,,,1.0
EmissionActivityRatio,BAU,GUA,NO_CONTR_OD,,contam_agua,1,2031,,,,,,1.0
EmissionActivityRatio,BAU,GUA,NO_CONTR_OD,,contam_agua,1,2032,,,,,,1.0
EmissionActivityRatio,BAU,GUA,NO_CONTR_OD,,contam_agua,1,2033,,,,,,1.0
EmissionActivityRatio,BAU,GUA,NO_CONTR_OD,,contam_agua,1,2034,,,,,,1.0
EmissionActivityRatio,BAU,GUA,NO_CONTR_OD,,contam_agua,1,2035,,,,,,1.0
EmissionActivityRatio,BAU,GUA,NO_CONTR_OD,,contam_agua,1,2036,,,,,,1.0
EmissionActivityRatio,BAU,GUA,NO_CONTR_OD,,contam_agua,1,2037,,,,,,1.0
EmissionActivityRatio,BAU,GUA,NO_CONTR_OD,,contam_agua,1,2038,,,,,,1.0
EmissionActivityRatio,BAU,GUA,NO_CONTR_OD,,contam_agua,1,2039,,,,,,1.0
EmissionActivityRatio,BAU,GUA,NO_CONTR_OD,,contam_agua,1,2040,,,,,,1.0
EmissionActivityRatio,BAU,GUA,NO_CONTR_OD,,contam_agua,1,2041,,,,,,1.0
EmissionActivityRatio,BAU,GUA,NO_CONTR_OD,,contam_agua,1,2042,,,,,,1.0
EmissionActivityRatio,BAU,GUA,NO_CONTR_OD,,contam_agua,1,2043,,,,,,1.0
EmissionActivityRatio,BAU,GUA,NO_CONTR_OD,,contam_agua,1,2044,,,,,,1.0
EmissionActivityRatio,BAU,GUA,NO_CONTR_OD,,contam_agua,1,2045,,,,,,1.0
EmissionActivityRatio,BAU,GUA,NO_CONTR_OD,,contam_agua,1,2046,,,,,,1.0
EmissionActivityRatio,BAU,GUA,NO_CONTR_OD,,contam_agua,1,2047,,,,,,1.0
EmissionActivityRatio,BAU,GUA,NO_CONTR_OD,,contam_agua,1,2048,,,,,,1.0
EmissionActivityRatio,BAU,GUA,NO_CONTR_OD,,contam_agua,1,2049,,,,,,1.0
EmissionActivityRatio,BAU,GUA,NO_CONTR_OD,,contam_agua,1,2050,,,,,,1.0
EmissionActivityRatio,BAU,GUA,SIT_CLAN,,turismo_residuos,1,2018,,,,,,1.0
EmissionActivityRatio,BAU,GUA,SIT_CLAN,,turismo_residuos,1,2019,,,,,,1.0
EmissionActivityRatio,BAU,GUA,SIT_CLAN,,turismo_residuos,1,2020,,,,,,1.0
EmissionActivityRatio,BAU,GUA,SIT_CLAN,,turismo_residuos,1,2021,,,,,,1.0
EmissionActivityRatio,BAU,GUA,SIT_CLAN,,turismo_residuos,1,2022,,,,,,1.0
EmissionActivityRatio,BAU,GUA,SIT_CLAN,,turismo_residuos,1,2023,,,,,,1.0
EmissionActivityRatio,BAU,GUA,SIT_CLAN,,turismo_residuos,1,2024,,,,,,1.0
EmissionActivityRatio,BAU,GUA,SIT_CLAN,,turismo_residuos,1,2025,,,,,,1.0
EmissionActivityRatio,BAU,GUA,SIT_CLAN,,turismo_residuos,1,2026,,,,,,1.0
EmissionActivityRatio,BAU,GUA,SIT_CLAN,,turismo_residuos,1,2027,,,,,,1.0
EmissionActivityRatio,BAU,GUA,SIT_CLAN,,turismo_residuos,1,2028,,,,,,1.0
EmissionActivityRatio,BAU,GUA,SIT_CLAN,,turismo_residuos,1,2029,,,,,,1.0
EmissionActivityRatio,BAU,GUA,SIT_CLAN,,turismo_residuos,1,2030,,,,,,1.0
EmissionActivityRatio,BAU,GUA,SIT_CLAN,,turismo_residuos,1,2031,,,,,,1.0
EmissionActivityRatio,BAU,GUA,SIT_CLAN,,turismo_residuos,1,2032,,,,,,1.0
EmissionActivityRatio,BAU,GUA,SIT_CLAN,,turismo_residuos,1,2033,,,,,,1.0
EmissionActivityRatio,BAU,GUA,SIT_CLAN,,turismo_residuos,1,2034,,,,,,1.0
EmissionActivityRatio,BAU,GUA,SIT_CLAN,,turismo_residuos,1,2035,,,,,,1.0
EmissionActivityRatio,BAU,GUA,SIT_CLAN,,turismo_residuos,1,2036,,,,,,1.0
EmissionActivityRatio,BAU,GUA,SIT_CLAN,,turismo_residuos,1,2037,,,,,,1.0
EmissionActivityRatio,BAU,GUA,SIT_CLAN,,turismo_residuos,1,2038,,,,,,1.0
EmissionActivityRatio,BAU,GUA,SIT_CLAN,,turismo_residuos,1,2039,,,,,,1.0
EmissionActivityRatio,BAU,GUA,SIT_CLAN,,turismo_residuos,1,2040,,,,,,1.0
EmissionActivityRatio,BAU,GUA,SIT_CLAN,,turismo_residuos,1,2041,,,,,,1.0
EmissionActivityRatio,BAU,GUA,SIT_CLAN,,turismo_residuos,1,2042,,,,,,1.0
EmissionActivityRatio,BAU,GUA,SIT_CLAN,,turismo_residuos,1,2043,,,,,,1.0
EmissionActivityRatio,BAU,GUA,SIT_CLAN,,turismo_residuos,1,2044,,,,,,1.0
EmissionActivityRatio,BAU,GUA,SIT_CLAN,,turismo_residuos,1,2045,,,,,,1.0
EmissionActivityRatio,BAU,GUA,SIT_CLAN,,turismo_residuos,1,2046,,,,,,1.0
EmissionActivityRatio,BAU,GUA,SIT_CLAN,,turismo_residuos,1,2047,,,,,,1.0
EmissionActivityRatio,BAU,GUA,SIT_CLAN,,turismo_residuos,1,2048,,,,,,1.0
EmissionActivityRatio,BAU,GUA,SIT_CLAN,,turismo_residuos,1,2049,,,,,,1.0
EmissionActivityRatio,BAU,GUA,SIT_CLAN,,turismo_residuos,1,2050,,,,,,1.0
EmissionActivityRatio,BAU,GUA,NO_CONTR_OD,,turismo_residuos,1,2018,,,,,,1.0
EmissionActivityRatio,BAU,GUA,NO_CONTR_OD,,turismo_residuos,1,2019,,,,,,1.0
EmissionActivityRatio,BAU,GUA,NO_CONTR_OD,,turismo_residuos,1,2020,,,,,,1.0
EmissionActivityRatio,BAU,GUA,NO_CONTR_OD,,turismo_residuos,1,2021,,,,,,1.0
EmissionActivityRatio,BAU,GUA,NO_CONTR_OD,,turismo_residuos,1,2022,,,,,,1.0
EmissionActivityRatio,BAU,GUA,NO_CONTR_OD,,turismo_residuos,1,2023,,,,,,1.0
EmissionActivityRatio,BAU,GUA,NO_CONTR_OD,,turismo_residuos,1,2024,,,,,,1.0
EmissionActivityRatio,BAU,GUA,NO_CONTR_OD,,turismo_residuos,1,2025,,,,,,1.0
EmissionActivityRatio,BAU,GUA,NO_CONTR_OD,,turismo_residuos,1,2026,,,,,,1.0
EmissionActivityRatio,BAU,GUA,NO_CONTR_OD,,turismo_residuos,1,2027,,,,,,1.0
EmissionActivityRatio,BAU,GUA,NO_CONTR_OD,,turismo_residuos,1,2028,,,,,,1.0
EmissionActivityRatio,BAU,GUA,NO_CONTR_OD,,turismo_residuos,1,2029,,,,,,1.0
EmissionActivityRatio,BAU,GUA,NO_CONTR_OD,,turismo_residuos,1,2030,,,,,,1.0
EmissionActivityRatio,BAU,GUA,NO_CONTR_OD,,turismo_residuos,1,2031,,,,,,1.0
EmissionActivityRatio,BAU,GUA,NO_CONTR_OD,,turismo_residuos,1,2032,,,,,,1.0
EmissionActivityRatio,BAU,GUA,NO_CONTR_OD,,turismo_residuos,1,2033,,,,,,1.0
EmissionActivityRatio,BAU,GUA,NO_CONTR_OD,,turismo_residuos,1,2034,,,,,,1.0
EmissionActivityRatio,BAU,GUA,NO_CONTR_OD,,turismo_residuos,1,2035,,,,,,1.0
EmissionActivityRatio,BAU,GUA,NO_CONTR_OD,,turismo_residuos,1,2036,,,,,,1.0
EmissionActivityRatio,BAU,GUA,NO_CONTR_OD,,turismo_residuos,1,2037,,,,,,1.0
EmissionActivityRatio,BAU,GUA,NO_CONTR_OD,,turismo_residuos,1,2038,,,,,,1.0
EmissionActivityRatio,BAU,GUA,NO_CONTR_OD,,turismo_residuos,1,2039,,,,,,1.0
EmissionActivityRatio,BAU,GUA,NO_CONTR_OD,,turismo_residuos,1,2040,,,,,,1.0
EmissionActivityRatio,BAU,GUA,NO_CONTR_OD,,turismo_residuos,1,2041,,,,,,1.0
EmissionActivityRatio,BAU,GUA,NO_CONTR_OD,,turismo_residuos,1,2042,,,,,,1.0
EmissionActivityRatio,BAU,GUA,NO_CONTR_OD,,turismo_residuos,1,2043,,,,,,1.0
EmissionActivityRatio,BAU,GUA,NO_CONTR_OD,,turismo_residuos,1,2044,,,,,,1.0
EmissionActivityRatio,BAU,GUA,NO_CONTR_OD,,turismo_residuos,1,2045,,,,,,1.0
EmissionActivityRatio,BAU,GUA,NO_CONTR_OD,,turismo_residuos,1,2046,,,,,,1.0
EmissionActivityRatio,BAU,GUA,NO_CONTR_OD,,turismo_residuos,1,2047,,,,,,1.0
EmissionActivityRatio,BAU,GUA,NO_CONTR_OD,,turismo_residuos,1,2048,,,,,,1.0
EmissionActivityRatio,BAU,GUA,NO_CONTR_OD,,turismo_residuos,1,2049,,,,,,1.0
EmissionActivityRatio,BAU,GUA,NO_CONTR_OD,,turismo_residuos,1,2050,,,,,,1.0
EmissionActivityRatio,BAU,GUA,INORG_RCY_OS,,RM,1,2018,,,,,,1.0
EmissionActivityRatio,BAU,GUA,INORG_RCY_OS,,RM,1,2019,,,,,,1.0
EmissionActivityRatio,BAU,GUA,INORG_RCY_OS,,RM,1,2020,,,,,,1.0
EmissionActivityRatio,BAU,GUA,INORG_RCY_OS,,RM,1,2021,,,,,,1.0
EmissionActivityRatio,BAU,GUA,INORG_RCY_OS,,RM,1,2022,,,,,,1.0
EmissionActivityRatio,BAU,GUA,INORG_RCY_OS,,RM,1,2023,,,,,,1.0
EmissionActivityRatio,BAU,GUA,INORG_RCY_OS,,RM,1,2024,,,,,,1.0
EmissionActivityRatio,BAU,GUA,INORG_RCY_OS,,RM,1,2025,,,,,,1.0
EmissionActivityRatio,BAU,GUA,INORG_RCY_OS,,RM,1,2026,,,,,,1.0
EmissionActivityRatio,BAU,GUA,INORG_RCY_OS,,RM,1,2027,,,,,,1.0
EmissionActivityRatio,BAU,GUA,INORG_RCY_OS,,RM,1,2028,,,,,,1.0
EmissionActivityRatio,BAU,GUA,INORG_RCY_OS,,RM,1,2029,,,,,,1.0
EmissionActivityRatio,BAU,GUA,INORG_RCY_OS,,RM,1,2030,,,,,,1.0
EmissionActivityRatio,BAU,GUA,INORG_RCY_OS,,RM,1,2031,,,,,,1.0
EmissionActivityRatio,BAU,GUA,INORG_RCY_OS,,RM,1,2032,,,,,,1.0
EmissionActivityRatio,BAU,GUA,INORG_RCY_OS,,RM,1,2033,,,,,,1.0
EmissionActivityRatio,BAU,GUA,INORG_RCY_OS,,RM,1,2034,,,,,,1.0
EmissionActivityRatio,BAU,GUA,INORG_RCY_OS,,RM,1,2035,,,,,,1.0
EmissionActivityRatio,BAU,GUA,INORG_RCY_OS,,RM,1,2036,,,,,,1.0
EmissionActivityRatio,BAU,GUA,INORG_RCY_OS,,RM,1,2037,,,,,,1.0
EmissionActivityRatio,BAU,GUA,INORG_RCY_OS,,RM,1,2038,,,,,,1.0
EmissionActivityRatio,BAU,GUA,INORG_RCY_OS,,RM,1,2039,,,,,,1.0
EmissionActivityRatio,BAU,GUA,INORG_RCY_OS,,RM,1,2040,,,,,,1.0
EmissionActivityRatio,BAU,GUA,INORG_RCY_OS,,RM,1,2041,,,,,,1.0
EmissionActivityRatio,BAU,GUA,INORG_RCY_OS,,RM,1,2042,,,,,,1.0
EmissionActivityRatio,BAU,GUA,INORG_RCY_OS,,RM,1,2043,,,,,,1.0
EmissionActivityRatio,BAU,GUA,INORG_RCY_OS,,RM,1,2044,,,,,,1.0
EmissionActivityRatio,BAU,GUA,INORG_RCY_OS,,RM,1,2045,,,,,,1.0
EmissionActivityRatio,BAU,GUA,INORG_RCY_OS,,RM,1,2046,,,,,,1.0
EmissionActivityRatio,BAU,GUA,INORG_RCY_OS,,RM,1,2047,,,,,,1.0
EmissionActivityRatio,BAU,GUA,INORG_RCY_OS,,RM,1,2048,,,,,,1.0
EmissionActivityRatio,BAU,GUA,INORG_RCY_OS,,RM,1,2049,,,,,,1.0
EmissionActivityRatio,BAU,GUA,INORG_RCY_OS,,RM,1,2050,,,,,,1.0
EmissionActivityRatio,BAU,GUA,COMPOST,,FERT_ORG,1,2018,,,,,,1.0
EmissionActivityRatio,BAU,GUA,COMPOST,,FERT_ORG,1,2019,,,,,,1.0
EmissionActivityRatio,BAU,GUA,COMPOST,,FERT_ORG,1,2020,,,,,,1.0
EmissionActivityRatio,BAU,GUA,COMPOST,,FERT_ORG,1,2021,,,,,,1.0
EmissionActivityRatio,BAU,GUA,COMPOST,,FERT_ORG,1,2022,,,,,,1.0
EmissionActivityRatio,BAU,GUA,COMPOST,,FERT_ORG,1,2023,,,,,,1.0
EmissionActivityRatio,BAU,GUA,COMPOST,,FERT_ORG,1,2024,,,,,,1.0
EmissionActivityRatio,BAU,GUA,COMPOST,,FERT_ORG,1,2025,,,,,,1.0
EmissionActivityRatio,BAU,GUA,COMPOST,,FERT_ORG,1,2026,,,,,,1.0
EmissionActivityRatio,BAU,GUA,COMPOST,,FERT_ORG,1,2027,,,,,,1.0
EmissionActivityRatio,BAU,GUA,COMPOST,,FERT_ORG,1,2028,,,,,,1.0
EmissionActivityRatio,BAU,GUA,COMPOST,,FERT_ORG,1,2029,,,,,,1.0
EmissionActivityRatio,BAU,GUA,COMPOST,,FERT_ORG,1,2030,,,,,,1.0
EmissionActivityRatio,BAU,GUA,COMPOST,,FERT_ORG,1,2031,,,,,,1.0
EmissionActivityRatio,BAU,GUA,COMPOST,,FERT_ORG,1,2032,,,,,,1.0
EmissionActivityRatio,BAU,GUA,COMPOST,,FERT_ORG,1,2033,,,,,,1.0
EmissionActivityRatio,BAU,GUA,COMPOST,,FERT_ORG,1,2034,,,,,,1.0
EmissionActivityRatio,BAU,GUA,COMPOST,,FERT_ORG,1,2035,,,,,,1.0
EmissionActivityRatio,BAU,GUA,COMPOST,,FERT_ORG,1,2036,,,,,,1.0
EmissionActivityRatio,BAU,GUA,COMPOST,,FERT_ORG,1,2037,,,,,,1.0
EmissionActivityRatio,BAU,GUA,COMPOST,,FERT_ORG,1,2038,,,,,,1.0
EmissionActivityRatio,BAU,GUA,COMPOST,,FERT_ORG,1,2039,,,,,,1.0
EmissionActivityRatio,BAU,GUA,COMPOST,,FERT_ORG,1,2040,,,,,,1.0
EmissionActivityRatio,BAU,GUA,COMPOST,,FERT_ORG,1,2041,,,,,,1.0
EmissionActivityRatio,BAU,GUA,COMPOST,,FERT_ORG,1,2042,,,,,,1.0
EmissionActivityRatio,BAU,GUA,COMPOST,,FERT_ORG,1,2043,,,,,,1.0
EmissionActivityRatio,BAU,GUA,COMPOST,,FERT_ORG,1,2044,,,,,,1.0
EmissionActivityRatio,BAU,GUA,COMPOST,,FERT_ORG,1,2045,,,,,,1.0
EmissionActivityRatio,BAU,GUA,COMPOST,,FERT_ORG,1,2046,,,,,,1.0
EmissionActivityRatio,BAU,GUA,COMPOST,,FERT_ORG,1,2047,,,,,,1.0
EmissionActivityRatio,BAU,GUA,COMPOST,,FERT_ORG,1,2048,,,,,,1.0
EmissionActivityRatio,BAU,GUA,COMPOST,,FERT_ORG,1,2049,,,,,,1.0
EmissionActivityRatio,BAU,GUA,COMPOST,,FERT_ORG,1,2050,,,,,,1.0
EmissionActivityRatio,BAU,GUA,AD,,FERT_ORG,1,2018,,,,,,1.0
EmissionActivityRatio,BAU,GUA,AD,,FERT_ORG,1,2019,,,,,,1.0
EmissionActivityRatio,BAU,GUA,AD,,FERT_ORG,1,2020,,,,,,1.0
EmissionActivityRatio,BAU,GUA,AD,,FERT_ORG,1,2021,,,,,,1.0
EmissionActivityRatio,BAU,GUA,AD,,FERT_ORG,1,2022,,,,,,1.0
EmissionActivityRatio,BAU,GUA,AD,,FERT_ORG,1,2023,,,,,,1.0
EmissionActivityRatio,BAU,GUA,AD,,FERT_ORG,1,2024,,,,,,1.0
EmissionActivityRatio,BAU,GUA,AD,,FERT_ORG,1,2025,,,,,,1.0
EmissionActivityRatio,BAU,GUA,AD,,FERT_ORG,1,2026,,,,,,1.0
EmissionActivityRatio,BAU,GUA,AD,,FERT_ORG,1,2027,,,,,,1.0
EmissionActivityRatio,BAU,GUA,AD,,FERT_ORG,1,2028,,,,,,1.0
EmissionActivityRatio,BAU,GUA,AD,,FERT_ORG,1,2029,,,,,,1.0
EmissionActivityRatio,BAU,GUA,AD,,FERT_ORG,1,2030,,,,,,1.0
EmissionActivityRatio,BAU,GUA,AD,,FERT_ORG,1,2031,,,,,,1.0
EmissionActivityRatio,BAU,GUA,AD,,FERT_ORG,1,2032,,,,,,1.0
EmissionActivityRatio,BAU,GUA,AD,,FERT_ORG,1,2033,,,,,,1.0
EmissionActivityRatio,BAU,GUA,AD,,FERT_ORG,1,2034,,,,,,1.0
EmissionActivityRatio,BAU,GUA,AD,,FERT_ORG,1,2035,,,,,,1.0
EmissionActivityRatio,BAU,GUA,AD,,FERT_ORG,1,2036,,,,,,1.0
EmissionActivityRatio,BAU,GUA,AD,,FERT_ORG,1,2037,,,,,,1.0
EmissionActivityRatio,BAU,GUA,AD,,FERT_ORG,1,2038,,,,,,1.0
EmissionActivityRatio,BAU,GUA,AD,,FERT_ORG,1,2039,,,,,,1.0
EmissionActivityRatio,BAU,GUA,AD,,FERT_ORG,1,2040,,,,,,1.0
EmissionActivityRatio,BAU,GUA,AD,,FERT_ORG,1,2041,,,,,,1.0
EmissionActivityRatio,BAU,GUA,AD,,FERT_ORG,1,2042,,,,,,1.0
EmissionActivityRatio,BAU,GUA,AD,,FERT_ORG,1,2043,,,,,,1.0
EmissionActivityRatio,BAU,GUA,AD,,FERT_ORG,1,2044,,,,,,1.0
EmissionActivityRatio,BAU,GUA,AD,,FERT_ORG,1,2045,,,,,,1.0
EmissionActivityRatio,BAU,GUA,AD,,FERT_ORG,1,2046,,,,,,1.0
EmissionActivityRatio,BAU,GUA,AD,,FERT_ORG,1,2047,,,,,,1.0
EmissionActivityRatio,BAU,GUA,AD,,FERT_ORG,1,2048,,,,,,1.0
EmissionActivityRatio,BAU,GUA,AD,,FERT_ORG,1,2049,,,,,,1.0
EmissionActivityRatio,BAU,GUA,AD,,FERT_ORG,1,2050,,,,,,1.0
