PARAMETER,Scenario,REGION,TECHNOLOGY,FUEL,EMISSION,MODE_OF_OPERATION,YEAR,TIMESLICE,SEASON,DAYTYPE,DAILYTIMEBRACKET,STORAGE,Value
TotalTechnologyAnnualActivityLowerLimit,BAU,Guatemala,Bosques,,,,2016,,,,,,3.534276
TotalTechnologyAnnualActivityLowerLimit,BAU,Guatemala,Bosques,,,,2017,,,,,,3.522682
TotalTechnologyAnnualActivityLowerLimit,BAU,Guatemala,Bosques,,,,2018,,,,,,3.499313
TotalTechnologyAnnualActivityLowerLimit,BAU,Guatemala,Bosques,,,,2019,,,,,,3.478119
TotalTechnologyAnnualActivityLowerLimit,BAU,Guatemala,Bosques,,,,2020,,,,,,3.454614
TotalTechnologyAnnualActivityLowerLimit,BAU,Guatemala,Bosques,,,,2021,,,,,,3.431109
TotalTechnologyAnnualActivityLowerLimit,BAU,Guatemala,Bosques,,,,2022,,,,,,3.407607
TotalTechnologyAnnualActivityLowerLimit,BAU,Guatemala,Bosques,,,,2023,,,,,,3.371220859045541
TotalTechnologyAnnualActivityLowerLimit,BAU,Guatemala,Bosques,,,,2024,,,,,,3.3327788311026807
TotalTechnologyAnnualActivityLowerLimit,BAU,Guatemala,Bosques,,,,2025,,,,,,3.315243440528444
TotalTechnologyAnnualActivityLowerLimit,BAU,Guatemala,Bosques,,,,2026,,,,,,3.299844816016618
TotalTechnologyAnnualActivityLowerLimit,BAU,Guatemala,Bosques,,,,2027,,,,,,3.28665291253291
TotalTechnologyAnnualActivityLowerLimit,BAU,Guatemala,Bosques,,,,2028,,,,,,3.275729609542268
TotalTechnologyAnnualActivityLowerLimit,BAU,Guatemala,Bosques,,,,2029,,,,,,3.2671283524523247
TotalTechnologyAnnualActivityLowerLimit,BAU,Guatemala,Bosques,,,,2030,,,,,,3.2608938405578156
TotalTechnologyAnnualActivityLowerLimit,BAU,Guatemala,Bosques,,,,2031,,,,,,3.2543362339453084
TotalTechnologyAnnualActivityLowerLimit,BAU,Guatemala,Bosques,,,,2032,,,,,,3.2474511671371613
TotalTechnologyAnnualActivityLowerLimit,BAU,Guatemala,Bosques,,,,2033,,,,,,3.2402341661203016
TotalTechnologyAnnualActivityLowerLimit,BAU,Guatemala,Bosques,,,,2034,,,,,,3.232680645638742
TotalTechnologyAnnualActivityLowerLimit,BAU,Guatemala,Bosques,,,,2035,,,,,,3.224785906415428
TotalTechnologyAnnualActivityLowerLimit,BAU,Guatemala,Bosques,,,,2036,,,,,,3.216545132301584
TotalTechnologyAnnualActivityLowerLimit,BAU,Guatemala,Bosques,,,,2037,,,,,,3.207953387351637
TotalTechnologyAnnualActivityLowerLimit,BAU,Guatemala,Bosques,,,,2038,,,,,,3.1990056128217366
TotalTechnologyAnnualActivityLowerLimit,BAU,Guatemala,Bosques,,,,2039,,,,,,3.189696624089901
TotalTechnologyAnnualActivityLowerLimit,BAU,Guatemala,Bosques,,,,2040,,,,,,3.1800211074956475
TotalTechnologyAnnualActivityLowerLimit,BAU,Guatemala,Bosques,,,,2041,,,,,,3.16997361709705
TotalTechnologyAnnualActivityLowerLimit,BAU,Guatemala,Bosques,,,,2042,,,,,,3.1595485713429823
TotalTechnologyAnnualActivityLowerLimit,BAU,Guatemala,Bosques,,,,2043,,,,,,3.148740249658373
TotalTechnologyAnnualActivityLowerLimit,BAU,Guatemala,Bosques,,,,2044,,,,,,3.1375427889400984
TotalTechnologyAnnualActivityLowerLimit,BAU,Guatemala,Bosques,,,,2045,,,,,,3.125950179961203
TotalTechnologyAnnualActivityLowerLimit,BAU,Guatemala,Bosques,,,,2046,,,,,,3.1139562636810147
TotalTechnologyAnnualActivityLowerLimit,BAU,Guatemala,Bosques,,,,2047,,,,,,3.1015547274586392
TotalTechnologyAnnualActivityLowerLimit,BAU,Guatemala,Bosques,,,,2048,,,,,,3.088739101167321
TotalTechnologyAnnualActivityLowerLimit,BAU,Guatemala,Bosques,,,,2049,,,,,,3.0755027532070085
TotalTechnologyAnnualActivityLowerLimit,BAU,Guatemala,Bosques,,,,2050,,,,,,3.061838886412454
TotalTechnologyAnnualActivityLowerLimit,BAU,Guatemala,Plantaciones,,,,2016,,,,,,0.093134
TotalTechnologyAnnualActivityLowerLimit,BAU,Guatemala,Plantaciones,,,,2017,,,,,,0.092904
TotalTechnologyAnnualActivityLowerLimit,BAU,Guatemala,Plantaciones,,,,2018,,,,,,0.095586
TotalTechnologyAnnualActivityLowerLimit,BAU,Guatemala,Plantaciones,,,,2019,,,,,,0.098329
TotalTechnologyAnnualActivityLowerLimit,BAU,Guatemala,Plantaciones,,,,2020,,,,,,0.101009
TotalTechnologyAnnualActivityLowerLimit,BAU,Guatemala,Plantaciones,,,,2021,,,,,,0.103688
TotalTechnologyAnnualActivityLowerLimit,BAU,Guatemala,Plantaciones,,,,2022,,,,,,0.106368
TotalTechnologyAnnualActivityLowerLimit,BAU,Guatemala,Plantaciones,,,,2023,,,,,,0.10928655266094953
TotalTechnologyAnnualActivityLowerLimit,BAU,Guatemala,Plantaciones,,,,2024,,,,,,0.11228518532372983
TotalTechnologyAnnualActivityLowerLimit,BAU,Guatemala,Plantaciones,,,,2025,,,,,,0.11536609524411738
TotalTechnologyAnnualActivityLowerLimit,BAU,Guatemala,Plantaciones,,,,2026,,,,,,0.11853153996676025
TotalTechnologyAnnualActivityLowerLimit,BAU,Guatemala,Plantaciones,,,,2027,,,,,,0.1217838389793997
TotalTechnologyAnnualActivityLowerLimit,BAU,Guatemala,Plantaciones,,,,2028,,,,,,0.12512537541248087
TotalTechnologyAnnualActivityLowerLimit,BAU,Guatemala,Plantaciones,,,,2029,,,,,,0.12855859778539758
TotalTechnologyAnnualActivityLowerLimit,BAU,Guatemala,Plantaciones,,,,2030,,,,,,0.13208602180065135
TotalTechnologyAnnualActivityLowerLimit,BAU,Guatemala,Plantaciones,,,,2031,,,,,,0.13571023218723877
TotalTechnologyAnnualActivityLowerLimit,BAU,Guatemala,Plantaciones,,,,2032,,,,,,0.13943388459461828
TotalTechnologyAnnualActivityLowerLimit,BAU,Guatemala,Plantaciones,,,,2033,,,,,,0.14325970753864425
TotalTechnologyAnnualActivityLowerLimit,BAU,Guatemala,Plantaciones,,,,2034,,,,,,0.14719050440089385
TotalTechnologyAnnualActivityLowerLimit,BAU,Guatemala,Plantaciones,,,,2035,,,,,,0.15122915548285207
TotalTechnologyAnnualActivityLowerLimit,BAU,Guatemala,Plantaciones,,,,2036,,,,,,0.1553786201164602
TotalTechnologyAnnualActivityLowerLimit,BAU,Guatemala,Plantaciones,,,,2037,,,,,,0.15964193883257372
TotalTechnologyAnnualActivityLowerLimit,BAU,Guatemala,Plantaciones,,,,2038,,,,,,0.16402223558891915
TotalTechnologyAnnualActivityLowerLimit,BAU,Guatemala,Plantaciones,,,,2039,,,,,,0.16852272005918212
TotalTechnologyAnnualActivityLowerLimit,BAU,Guatemala,Plantaciones,,,,2040,,,,,,0.17314668998490393
TotalTechnologyAnnualActivityLowerLimit,BAU,Guatemala,Plantaciones,,,,2041,,,,,,0.17789753359191024
TotalTechnologyAnnualActivityLowerLimit,BAU,Guatemala,Plantaciones,,,,2042,,,,,,0.18277873207304204
TotalTechnologyAnnualActivityLowerLimit,BAU,Guatemala,Plantaciones,,,,2043,,,,,,0.1877938621390089
TotalTechnologyAnnualActivityLowerLimit,BAU,Guatemala,Plantaciones,,,,2044,,,,,,0.19294659863923258
TotalTechnologyAnnualActivityLowerLimit,BAU,Guatemala,Plantaciones,,,,2045,,,,,,0.19824071725460274
TotalTechnologyAnnualActivityLowerLimit,BAU,Guatemala,Plantaciones,,,,2046,,,,,,0.20368009726411654
TotalTechnologyAnnualActivityLowerLimit,BAU,Guatemala,Plantaciones,,,,2047,,,,,,0.20926872438743038
TotalTechnologyAnnualActivityLowerLimit,BAU,Guatemala,Plantaciones,,,,2048,,,,,,0.21501069370540618
TotalTechnologyAnnualActivityLowerLimit,BAU,Guatemala,Plantaciones,,,,2049,,,,,,0.22091021266079236
TotalTechnologyAnnualActivityLowerLimit,BAU,Guatemala,Plantaciones,,,,2050,,,,,,0.2269716041412384
TotalTechnologyAnnualActivityLowerLimit,BAU,Guatemala,CultivosGenerales,,,,2016,,,,,,1.565284979700029
TotalTechnologyAnnualActivityLowerLimit,BAU,Guatemala,CultivosGenerales,,,,2017,,,,,,1.5659558005000007
TotalTechnologyAnnualActivityLowerLimit,BAU,Guatemala,CultivosGenerales,,,,2018,,,,,,1.5883676450000008
TotalTechnologyAnnualActivityLowerLimit,BAU,Guatemala,CultivosGenerales,,,,2019,,,,,,1.6117880503668542
TotalTechnologyAnnualActivityLowerLimit,BAU,Guatemala,CultivosGenerales,,,,2020,,,,,,1.6341563964787331
TotalTechnologyAnnualActivityLowerLimit,BAU,Guatemala,CultivosGenerales,,,,2021,,,,,,1.6565231677273813
TotalTechnologyAnnualActivityLowerLimit,BAU,Guatemala,CultivosGenerales,,,,2022,,,,,,1.6788883642791166
TotalTechnologyAnnualActivityLowerLimit,BAU,Guatemala,CultivosGenerales,,,,2023,,,,,,1.7024341629946782
TotalTechnologyAnnualActivityLowerLimit,BAU,Guatemala,CultivosGenerales,,,,2024,,,,,,1.7262123644079856
TotalTechnologyAnnualActivityLowerLimit,BAU,Guatemala,CultivosGenerales,,,,2025,,,,,,1.744273301625899
TotalTechnologyAnnualActivityLowerLimit,BAU,Guatemala,CultivosGenerales,,,,2026,,,,,,1.7604619292405277
TotalTechnologyAnnualActivityLowerLimit,BAU,Guatemala,CultivosGenerales,,,,2027,,,,,,1.7747252566544094
TotalTechnologyAnnualActivityLowerLimit,BAU,Guatemala,CultivosGenerales,,,,2028,,,,,,1.7870166654393507
TotalTechnologyAnnualActivityLowerLimit,BAU,Guatemala,CultivosGenerales,,,,2029,,,,,,1.797296163310369
TotalTechnologyAnnualActivityLowerLimit,BAU,Guatemala,CultivosGenerales,,,,2030,,,,,,1.805530600697161
TotalTechnologyAnnualActivityLowerLimit,BAU,Guatemala,CultivosGenerales,,,,2031,,,,,,1.8138027647316035
TotalTechnologyAnnualActivityLowerLimit,BAU,Guatemala,CultivosGenerales,,,,2032,,,,,,1.8221128282609569
TotalTechnologyAnnualActivityLowerLimit,BAU,Guatemala,CultivosGenerales,,,,2033,,,,,,1.8304609649243933
TotalTechnologyAnnualActivityLowerLimit,BAU,Guatemala,CultivosGenerales,,,,2034,,,,,,1.8388473491566248
TotalTechnologyAnnualActivityLowerLimit,BAU,Guatemala,CultivosGenerales,,,,2035,,,,,,1.8472721561915486
TotalTechnologyAnnualActivityLowerLimit,BAU,Guatemala,CultivosGenerales,,,,2036,,,,,,1.8557355620659073
TotalTechnologyAnnualActivityLowerLimit,BAU,Guatemala,CultivosGenerales,,,,2037,,,,,,1.8642377436229687
TotalTechnologyAnnualActivityLowerLimit,BAU,Guatemala,CultivosGenerales,,,,2038,,,,,,1.8727788785162203
TotalTechnologyAnnualActivityLowerLimit,BAU,Guatemala,CultivosGenerales,,,,2039,,,,,,1.8813591452130813
TotalTechnologyAnnualActivityLowerLimit,BAU,Guatemala,CultivosGenerales,,,,2040,,,,,,1.8899787229986318
TotalTechnologyAnnualActivityLowerLimit,BAU,Guatemala,CultivosGenerales,,,,2041,,,,,,1.8986377919793593
TotalTechnologyAnnualActivityLowerLimit,BAU,Guatemala,CultivosGenerales,,,,2042,,,,,,1.9073365330869207
TotalTechnologyAnnualActivityLowerLimit,BAU,Guatemala,CultivosGenerales,,,,2043,,,,,,1.9160751280819255
TotalTechnologyAnnualActivityLowerLimit,BAU,Guatemala,CultivosGenerales,,,,2044,,,,,,1.9248537595577302
TotalTechnologyAnnualActivityLowerLimit,BAU,Guatemala,CultivosGenerales,,,,2045,,,,,,1.933672610944257
TotalTechnologyAnnualActivityLowerLimit,BAU,Guatemala,CultivosGenerales,,,,2046,,,,,,1.9425318665118245
TotalTechnologyAnnualActivityLowerLimit,BAU,Guatemala,CultivosGenerales,,,,2047,,,,,,1.9514317113749984
TotalTechnologyAnnualActivityLowerLimit,BAU,Guatemala,CultivosGenerales,,,,2048,,,,,,1.9603723314964594
TotalTechnologyAnnualActivityLowerLimit,BAU,Guatemala,CultivosGenerales,,,,2049,,,,,,1.96935391369089
TotalTechnologyAnnualActivityLowerLimit,BAU,Guatemala,CultivosGenerales,,,,2050,,,,,,1.9783766456288765
TotalTechnologyAnnualActivityLowerLimit,BAU,Guatemala,CultivosPermanentes,,,,2016,,,,,,0.35484931637401834
TotalTechnologyAnnualActivityLowerLimit,BAU,Guatemala,CultivosPermanentes,,,,2017,,,,,,0.3553330898
TotalTechnologyAnnualActivityLowerLimit,BAU,Guatemala,CultivosPermanentes,,,,2018,,,,,,0.37410540397
TotalTechnologyAnnualActivityLowerLimit,BAU,Guatemala,CultivosPermanentes,,,,2019,,,,,,0.39312371152056985
TotalTechnologyAnnualActivityLowerLimit,BAU,Guatemala,CultivosPermanentes,,,,2020,,,,,,0.41189327876390947
TotalTechnologyAnnualActivityLowerLimit,BAU,Guatemala,CultivosPermanentes,,,,2021,,,,,,0.43066152451923545
TotalTechnologyAnnualActivityLowerLimit,BAU,Guatemala,CultivosPermanentes,,,,2022,,,,,,0.44942844892610406
TotalTechnologyAnnualActivityLowerLimit,BAU,Guatemala,CultivosPermanentes,,,,2023,,,,,,0.47105084732389757
TotalTechnologyAnnualActivityLowerLimit,BAU,Guatemala,CultivosPermanentes,,,,2024,,,,,,0.4932689115254971
TotalTechnologyAnnualActivityLowerLimit,BAU,Guatemala,CultivosPermanentes,,,,2025,,,,,,0.5000661935511683
TotalTechnologyAnnualActivityLowerLimit,BAU,Guatemala,CultivosPermanentes,,,,2026,,,,,,0.5063642545564288
TotalTechnologyAnnualActivityLowerLimit,BAU,Guatemala,CultivosPermanentes,,,,2027,,,,,,0.5121426836293543
TotalTechnologyAnnualActivityLowerLimit,BAU,Guatemala,CultivosPermanentes,,,,2028,,,,,,0.5173826799029021
TotalTechnologyAnnualActivityLowerLimit,BAU,Guatemala,CultivosPermanentes,,,,2029,,,,,,0.5220671547757527
TotalTechnologyAnnualActivityLowerLimit,BAU,Guatemala,CultivosPermanentes,,,,2030,,,,,,0.5261808249727284
TotalTechnologyAnnualActivityLowerLimit,BAU,Guatemala,CultivosPermanentes,,,,2031,,,,,,0.530326909165365
TotalTechnologyAnnualActivityLowerLimit,BAU,Guatemala,CultivosPermanentes,,,,2032,,,,,,0.5345056627623517
TotalTechnologyAnnualActivityLowerLimit,BAU,Guatemala,CultivosPermanentes,,,,2033,,,,,,0.5387173431848917
TotalTechnologyAnnualActivityLowerLimit,BAU,Guatemala,CultivosPermanentes,,,,2034,,,,,,0.5429622098825593
TotalTechnologyAnnualActivityLowerLimit,BAU,Guatemala,CultivosPermanentes,,,,2035,,,,,,0.5472405243492822
TotalTechnologyAnnualActivityLowerLimit,BAU,Guatemala,CultivosPermanentes,,,,2036,,,,,,0.5515525501394508
TotalTechnologyAnnualActivityLowerLimit,BAU,Guatemala,CultivosPermanentes,,,,2037,,,,,,0.5558985528841537
TotalTechnologyAnnualActivityLowerLimit,BAU,Guatemala,CultivosPermanentes,,,,2038,,,,,,0.5602788003075407
TotalTechnologyAnnualActivityLowerLimit,BAU,Guatemala,CultivosPermanentes,,,,2039,,,,,,0.5646935622433159
TotalTechnologyAnnualActivityLowerLimit,BAU,Guatemala,CultivosPermanentes,,,,2040,,,,,,0.5691431106513596
TotalTechnologyAnnualActivityLowerLimit,BAU,Guatemala,CultivosPermanentes,,,,2041,,,,,,0.573627719634482
TotalTechnologyAnnualActivityLowerLimit,BAU,Guatemala,CultivosPermanentes,,,,2042,,,,,,0.5781476654553086
TotalTechnologyAnnualActivityLowerLimit,BAU,Guatemala,CultivosPermanentes,,,,2043,,,,,,0.5827032265532983
TotalTechnologyAnnualActivityLowerLimit,BAU,Guatemala,CultivosPermanentes,,,,2044,,,,,,0.5872946835618962
TotalTechnologyAnnualActivityLowerLimit,BAU,Guatemala,CultivosPermanentes,,,,2045,,,,,,0.5919223193258213
TotalTechnologyAnnualActivityLowerLimit,BAU,Guatemala,CultivosPermanentes,,,,2046,,,,,,0.5965864189184901
TotalTechnologyAnnualActivityLowerLimit,BAU,Guatemala,CultivosPermanentes,,,,2047,,,,,,0.6012872696595783
TotalTechnologyAnnualActivityLowerLimit,BAU,Guatemala,CultivosPermanentes,,,,2048,,,,,,0.6060251611327203
TotalTechnologyAnnualActivityLowerLimit,BAU,Guatemala,CultivosPermanentes,,,,2049,,,,,,0.6108003852033476
TotalTechnologyAnnualActivityLowerLimit,BAU,Guatemala,CultivosPermanentes,,,,2050,,,,,,0.6156132360366691
TotalTechnologyAnnualActivityLowerLimit,BAU,Guatemala,SAF,,,,2016,,,,,,0.5129012525085148
TotalTechnologyAnnualActivityLowerLimit,BAU,Guatemala,SAF,,,,2017,,,,,,0.5143230977
TotalTechnologyAnnualActivityLowerLimit,BAU,Guatemala,SAF,,,,2018,,,,,,0.5166217484199999
TotalTechnologyAnnualActivityLowerLimit,BAU,Guatemala,SAF,,,,2019,,,,,,0.519245311898696
TotalTechnologyAnnualActivityLowerLimit,BAU,Guatemala,SAF,,,,2020,,,,,,0.5215270412984483
TotalTechnologyAnnualActivityLowerLimit,BAU,Guatemala,SAF,,,,2021,,,,,,0.5238086100510199
TotalTechnologyAnnualActivityLowerLimit,BAU,Guatemala,SAF,,,,2022,,,,,,0.5260900181733767
TotalTechnologyAnnualActivityLowerLimit,BAU,Guatemala,SAF,,,,2023,,,,,,0.5284755320130119
TotalTechnologyAnnualActivityLowerLimit,BAU,Guatemala,SAF,,,,2024,,,,,,0.5308718627776645
TotalTechnologyAnnualActivityLowerLimit,BAU,Guatemala,SAF,,,,2025,,,,,,0.5332790595158312
TotalTechnologyAnnualActivityLowerLimit,BAU,Guatemala,SAF,,,,2026,,,,,,0.5356971714984147
TotalTechnologyAnnualActivityLowerLimit,BAU,Guatemala,SAF,,,,2027,,,,,,0.538126248219733
TotalTechnologyAnnualActivityLowerLimit,BAU,Guatemala,SAF,,,,2028,,,,,,0.540566339398532
TotalTechnologyAnnualActivityLowerLimit,BAU,Guatemala,SAF,,,,2029,,,,,,0.5430174949790036
TotalTechnologyAnnualActivityLowerLimit,BAU,Guatemala,SAF,,,,2030,,,,,,0.5454797651318076
TotalTechnologyAnnualActivityLowerLimit,BAU,Guatemala,SAF,,,,2031,,,,,,0.5479532002550986
TotalTechnologyAnnualActivityLowerLimit,BAU,Guatemala,SAF,,,,2032,,,,,,0.5504378509755579
TotalTechnologyAnnualActivityLowerLimit,BAU,Guatemala,SAF,,,,2033,,,,,,0.5529337681494291
TotalTechnologyAnnualActivityLowerLimit,BAU,Guatemala,SAF,,,,2034,,,,,,0.55544100286356
TotalTechnologyAnnualActivityLowerLimit,BAU,Guatemala,SAF,,,,2035,,,,,,0.5579596064364474
TotalTechnologyAnnualActivityLowerLimit,BAU,Guatemala,SAF,,,,2036,,,,,,0.5604896304192876
TotalTechnologyAnnualActivityLowerLimit,BAU,Guatemala,SAF,,,,2037,,,,,,0.563031126597032
TotalTechnologyAnnualActivityLowerLimit,BAU,Guatemala,SAF,,,,2038,,,,,,0.5655841469894469
TotalTechnologyAnnualActivityLowerLimit,BAU,Guatemala,SAF,,,,2039,,,,,,0.568148743852178
TotalTechnologyAnnualActivityLowerLimit,BAU,Guatemala,SAF,,,,2040,,,,,,0.5707249696778198
TotalTechnologyAnnualActivityLowerLimit,BAU,Guatemala,SAF,,,,2041,,,,,,0.573312877196991
TotalTechnologyAnnualActivityLowerLimit,BAU,Guatemala,SAF,,,,2042,,,,,,0.5759125193794126
TotalTechnologyAnnualActivityLowerLimit,BAU,Guatemala,SAF,,,,2043,,,,,,0.5785239494349927
TotalTechnologyAnnualActivityLowerLimit,BAU,Guatemala,SAF,,,,2044,,,,,,0.581147220814916
TotalTechnologyAnnualActivityLowerLimit,BAU,Guatemala,SAF,,,,2045,,,,,,0.5837823872127369
TotalTechnologyAnnualActivityLowerLimit,BAU,Guatemala,SAF,,,,2046,,,,,,0.5864295025654791
TotalTechnologyAnnualActivityLowerLimit,BAU,Guatemala,SAF,,,,2047,,,,,,0.5890886210547398
TotalTechnologyAnnualActivityLowerLimit,BAU,Guatemala,SAF,,,,2048,,,,,,0.5917597971077979
TotalTechnologyAnnualActivityLowerLimit,BAU,Guatemala,SAF,,,,2049,,,,,,0.5944430853987289
TotalTechnologyAnnualActivityLowerLimit,BAU,Guatemala,SAF,,,,2050,,,,,,0.5971385408495234
TotalTechnologyAnnualActivityLowerLimit,BAU,Guatemala,Pastos,,,,2016,,,,,,4.3621747356073435
TotalTechnologyAnnualActivityLowerLimit,BAU,Guatemala,Pastos,,,,2017,,,,,,4.371267446699999
TotalTechnologyAnnualActivityLowerLimit,BAU,Guatemala,Pastos,,,,2018,,,,,,4.34464140926
TotalTechnologyAnnualActivityLowerLimit,BAU,Guatemala,Pastos,,,,2019,,,,,,4.313901131030305
TotalTechnologyAnnualActivityLowerLimit,BAU,Guatemala,Pastos,,,,2020,,,,,,4.287490827565376
TotalTechnologyAnnualActivityLowerLimit,BAU,Guatemala,Pastos,,,,2021,,,,,,4.2610823835412655
TotalTechnologyAnnualActivityLowerLimit,BAU,Guatemala,Pastos,,,,2022,,,,,,4.234675798761608
TotalTechnologyAnnualActivityLowerLimit,BAU,Guatemala,Pastos,,,,2023,,,,,,4.217513360280127
TotalTechnologyAnnualActivityLowerLimit,BAU,Guatemala,Pastos,,,,2024,,,,,,4.20042047831457
TotalTechnologyAnnualActivityLowerLimit,BAU,Guatemala,Pastos,,,,2025,,,,,,4.183396870963918
TotalTechnologyAnnualActivityLowerLimit,BAU,Guatemala,Pastos,,,,2026,,,,,,4.166442257469649
TotalTechnologyAnnualActivityLowerLimit,BAU,Guatemala,Pastos,,,,2027,,,,,,4.149556358211109
TotalTechnologyAnnualActivityLowerLimit,BAU,Guatemala,Pastos,,,,2028,,,,,,4.1327388947009
TotalTechnologyAnnualActivityLowerLimit,BAU,Guatemala,Pastos,,,,2029,,,,,,4.1159895895802885
TotalTechnologyAnnualActivityLowerLimit,BAU,Guatemala,Pastos,,,,2030,,,,,,4.0993081666146285
TotalTechnologyAnnualActivityLowerLimit,BAU,Guatemala,Pastos,,,,2031,,,,,,4.082694350688807
TotalTechnologyAnnualActivityLowerLimit,BAU,Guatemala,Pastos,,,,2032,,,,,,4.066147867802708
TotalTechnologyAnnualActivityLowerLimit,BAU,Guatemala,Pastos,,,,2033,,,,,,4.0496684450666915
TotalTechnologyAnnualActivityLowerLimit,BAU,Guatemala,Pastos,,,,2034,,,,,,4.033255810697095
TotalTechnologyAnnualActivityLowerLimit,BAU,Guatemala,Pastos,,,,2035,,,,,,4.0169096940117495
TotalTechnologyAnnualActivityLowerLimit,BAU,Guatemala,Pastos,,,,2036,,,,,,4.000629825425516
TotalTechnologyAnnualActivityLowerLimit,BAU,Guatemala,Pastos,,,,2037,,,,,,3.98441593644584
TotalTechnologyAnnualActivityLowerLimit,BAU,Guatemala,Pastos,,,,2038,,,,,,3.9682677596683202
TotalTechnologyAnnualActivityLowerLimit,BAU,Guatemala,Pastos,,,,2039,,,,,,3.9521850287723046
TotalTechnologyAnnualActivityLowerLimit,BAU,Guatemala,Pastos,,,,2040,,,,,,3.9361674785164924
TotalTechnologyAnnualActivityLowerLimit,BAU,Guatemala,Pastos,,,,2041,,,,,,3.9202148447345624
TotalTechnologyAnnualActivityLowerLimit,BAU,Guatemala,Pastos,,,,2042,,,,,,3.9043268643308155
TotalTechnologyAnnualActivityLowerLimit,BAU,Guatemala,Pastos,,,,2043,,,,,,3.888503275275836
TotalTechnologyAnnualActivityLowerLimit,BAU,Guatemala,Pastos,,,,2044,,,,,,3.8727438166021693
TotalTechnologyAnnualActivityLowerLimit,BAU,Guatemala,Pastos,,,,2045,,,,,,3.8570482284000196
TotalTechnologyAnnualActivityLowerLimit,BAU,Guatemala,Pastos,,,,2046,,,,,,3.8414162518129618
TotalTechnologyAnnualActivityLowerLimit,BAU,Guatemala,Pastos,,,,2047,,,,,,3.8258476290336736
TotalTechnologyAnnualActivityLowerLimit,BAU,Guatemala,Pastos,,,,2048,,,,,,3.8103421032996816
TotalTechnologyAnnualActivityLowerLimit,BAU,Guatemala,Pastos,,,,2049,,,,,,3.7948994188891296
TotalTechnologyAnnualActivityLowerLimit,BAU,Guatemala,Pastos,,,,2050,,,,,,3.7795193211165587
TotalTechnologyAnnualActivityLowerLimit,BAU,Guatemala,Humedales,,,,2016,,,,,,0.23937179976906325
TotalTechnologyAnnualActivityLowerLimit,BAU,Guatemala,Humedales,,,,2017,,,,,,0.23944278289999998
TotalTechnologyAnnualActivityLowerLimit,BAU,Guatemala,Humedales,,,,2018,,,,,,0.23963433710999998
TotalTechnologyAnnualActivityLowerLimit,BAU,Guatemala,Humedales,,,,2019,,,,,,0.2399760540271988
TotalTechnologyAnnualActivityLowerLimit,BAU,Guatemala,Humedales,,,,2020,,,,,,0.24015927326695888
TotalTechnologyAnnualActivityLowerLimit,BAU,Guatemala,Humedales,,,,2021,,,,,,0.2403424796070058
TotalTechnologyAnnualActivityLowerLimit,BAU,Guatemala,Humedales,,,,2022,,,,,,0.24052567304870234
TotalTechnologyAnnualActivityLowerLimit,BAU,Guatemala,Humedales,,,,2023,,,,,,0.2407428463028758
TotalTechnologyAnnualActivityLowerLimit,BAU,Guatemala,Humedales,,,,2024,,,,,,0.24096021564514963
TotalTechnologyAnnualActivityLowerLimit,BAU,Guatemala,Humedales,,,,2025,,,,,,0.241177781252574
TotalTechnologyAnnualActivityLowerLimit,BAU,Guatemala,Humedales,,,,2026,,,,,,0.2413955433023588
TotalTechnologyAnnualActivityLowerLimit,BAU,Guatemala,Humedales,,,,2027,,,,,,0.24161350197187398
TotalTechnologyAnnualActivityLowerLimit,BAU,Guatemala,Humedales,,,,2028,,,,,,0.24183165743864965
TotalTechnologyAnnualActivityLowerLimit,BAU,Guatemala,Humedales,,,,2029,,,,,,0.24205000988037623
TotalTechnologyAnnualActivityLowerLimit,BAU,Guatemala,Humedales,,,,2030,,,,,,0.2422685594749045
TotalTechnologyAnnualActivityLowerLimit,BAU,Guatemala,Humedales,,,,2031,,,,,,0.2424873064002459
TotalTechnologyAnnualActivityLowerLimit,BAU,Guatemala,Humedales,,,,2032,,,,,,0.2427062508345726
TotalTechnologyAnnualActivityLowerLimit,BAU,Guatemala,Humedales,,,,2033,,,,,,0.24292539295621757
TotalTechnologyAnnualActivityLowerLimit,BAU,Guatemala,Humedales,,,,2034,,,,,,0.2431447329436749
TotalTechnologyAnnualActivityLowerLimit,BAU,Guatemala,Humedales,,,,2035,,,,,,0.24336427097559973
TotalTechnologyAnnualActivityLowerLimit,BAU,Guatemala,Humedales,,,,2036,,,,,,0.2435840072308086
TotalTechnologyAnnualActivityLowerLimit,BAU,Guatemala,Humedales,,,,2037,,,,,,0.24380394188827947
TotalTechnologyAnnualActivityLowerLimit,BAU,Guatemala,Humedales,,,,2038,,,,,,0.24402407512715193
TotalTechnologyAnnualActivityLowerLimit,BAU,Guatemala,Humedales,,,,2039,,,,,,0.2442444071267273
TotalTechnologyAnnualActivityLowerLimit,BAU,Guatemala,Humedales,,,,2040,,,,,,0.2444649380664687
TotalTechnologyAnnualActivityLowerLimit,BAU,Guatemala,Humedales,,,,2041,,,,,,0.2446856681260015
TotalTechnologyAnnualActivityLowerLimit,BAU,Guatemala,Humedales,,,,2042,,,,,,0.24490659748511306
TotalTechnologyAnnualActivityLowerLimit,BAU,Guatemala,Humedales,,,,2043,,,,,,0.24512772632375315
TotalTechnologyAnnualActivityLowerLimit,BAU,Guatemala,Humedales,,,,2044,,,,,,0.24534905482203404
TotalTechnologyAnnualActivityLowerLimit,BAU,Guatemala,Humedales,,,,2045,,,,,,0.24557058316023053
TotalTechnologyAnnualActivityLowerLimit,BAU,Guatemala,Humedales,,,,2046,,,,,,0.24579231151878037
TotalTechnologyAnnualActivityLowerLimit,BAU,Guatemala,Humedales,,,,2047,,,,,,0.246014240078284
TotalTechnologyAnnualActivityLowerLimit,BAU,Guatemala,Humedales,,,,2048,,,,,,0.24623636901950516
TotalTechnologyAnnualActivityLowerLimit,BAU,Guatemala,Humedales,,,,2049,,,,,,0.2464586985233706
TotalTechnologyAnnualActivityLowerLimit,BAU,Guatemala,Humedales,,,,2050,,,,,,0.24668122877097054
TotalTechnologyAnnualActivityLowerLimit,BAU,Guatemala,Asentamientos,,,,2016,,,,,,0.15605818032674948
TotalTechnologyAnnualActivityLowerLimit,BAU,Guatemala,Asentamientos,,,,2017,,,,,,0.15611669420000016
TotalTechnologyAnnualActivityLowerLimit,BAU,Guatemala,Asentamientos,,,,2018,,,,,,0.15803223645000014
TotalTechnologyAnnualActivityLowerLimit,BAU,Guatemala,Asentamientos,,,,2019,,,,,,0.1600479271507276
TotalTechnologyAnnualActivityLowerLimit,BAU,Guatemala,Asentamientos,,,,2020,,,,,,0.1619589669496328
TotalTechnologyAnnualActivityLowerLimit,BAU,Guatemala,Asentamientos,,,,2021,,,,,,0.16386987220008745
TotalTechnologyAnnualActivityLowerLimit,BAU,Guatemala,Asentamientos,,,,2022,,,,,,0.16578064291630082
TotalTechnologyAnnualActivityLowerLimit,BAU,Guatemala,Asentamientos,,,,2023,,,,,,0.16778407835318293
TotalTechnologyAnnualActivityLowerLimit,BAU,Guatemala,Asentamientos,,,,2024,,,,,,0.1698117250217212
TotalTechnologyAnnualActivityLowerLimit,BAU,Guatemala,Asentamientos,,,,2025,,,,,,0.1718638755111988
TotalTechnologyAnnualActivityLowerLimit,BAU,Guatemala,Asentamientos,,,,2026,,,,,,0.1739408259467986
TotalTechnologyAnnualActivityLowerLimit,BAU,Guatemala,Asentamientos,,,,2027,,,,,,0.1760428760323342
TotalTechnologyAnnualActivityLowerLimit,BAU,Guatemala,Asentamientos,,,,2028,,,,,,0.17817032909349698
TotalTechnologyAnnualActivityLowerLimit,BAU,Guatemala,Asentamientos,,,,2029,,,,,,0.18032349212162613
TotalTechnologyAnnualActivityLowerLimit,BAU,Guatemala,Asentamientos,,,,2030,,,,,,0.18250267581800733
TotalTechnologyAnnualActivityLowerLimit,BAU,Guatemala,Asentamientos,,,,2031,,,,,,0.18470819463870702
TotalTechnologyAnnualActivityLowerLimit,BAU,Guatemala,Asentamientos,,,,2032,,,,,,0.1869403668399485
TotalTechnologyAnnualActivityLowerLimit,BAU,Guatemala,Asentamientos,,,,2033,,,,,,0.18919951452403594
TotalTechnologyAnnualActivityLowerLimit,BAU,Guatemala,Asentamientos,,,,2034,,,,,,0.19148596368583415
TotalTechnologyAnnualActivityLowerLimit,BAU,Guatemala,Asentamientos,,,,2035,,,,,,0.1938000442598093
TotalTechnologyAnnualActivityLowerLimit,BAU,Guatemala,Asentamientos,,,,2036,,,,,,0.1961420901676385
TotalTechnologyAnnualActivityLowerLimit,BAU,Guatemala,Asentamientos,,,,2037,,,,,,0.1985124393663949
TotalTechnologyAnnualActivityLowerLimit,BAU,Guatemala,Asentamientos,,,,2038,,,,,,0.2009114338973145
TotalTechnologyAnnualActivityLowerLimit,BAU,Guatemala,Asentamientos,,,,2039,,,,,,0.20333941993515303
TotalTechnologyAnnualActivityLowerLimit,BAU,Guatemala,Asentamientos,,,,2040,,,,,,0.20579674783813875
TotalTechnologyAnnualActivityLowerLimit,BAU,Guatemala,Asentamientos,,,,2041,,,,,,0.2082837721985291
TotalTechnologyAnnualActivityLowerLimit,BAU,Guatemala,Asentamientos,,,,2042,,,,,,0.21080085189377848
TotalTechnologyAnnualActivityLowerLimit,BAU,Guatemala,Asentamientos,,,,2043,,,,,,0.21334835013832418
TotalTechnologyAnnualActivityLowerLimit,BAU,Guatemala,Asentamientos,,,,2044,,,,,,0.21592663453599809
TotalTechnologyAnnualActivityLowerLimit,BAU,Guatemala,Asentamientos,,,,2045,,,,,,0.21853607713307208
TotalTechnologyAnnualActivityLowerLimit,BAU,Guatemala,Asentamientos,,,,2046,,,,,,0.22117705447194416
TotalTechnologyAnnualActivityLowerLimit,BAU,Guatemala,Asentamientos,,,,2047,,,,,,0.22384994764547356
TotalTechnologyAnnualActivityLowerLimit,BAU,Guatemala,Asentamientos,,,,2048,,,,,,0.22655514235197236
TotalTechnologyAnnualActivityLowerLimit,BAU,Guatemala,Asentamientos,,,,2049,,,,,,0.22929302895086173
TotalTechnologyAnnualActivityLowerLimit,BAU,Guatemala,Asentamientos,,,,2050,,,,,,0.23206400251900094
TotalTechnologyAnnualActivityLowerLimit,BAU,Guatemala,OtrasTierras,,,,2016,,,,,,0.07084937021189937
TotalTechnologyAnnualActivityLowerLimit,BAU,Guatemala,OtrasTierras,,,,2017,,,,,,0.07087506349999999
TotalTechnologyAnnualActivityLowerLimit,BAU,Guatemala,OtrasTierras,,,,2018,,,,,,0.07259905150999998
TotalTechnologyAnnualActivityLowerLimit,BAU,Guatemala,OtrasTierras,,,,2019,,,,,,0.07436957556646329
TotalTechnologyAnnualActivityLowerLimit,BAU,Guatemala,OtrasTierras,,,,2020,,,,,,0.07609196417113961
TotalTechnologyAnnualActivityLowerLimit,BAU,Guatemala,OtrasTierras,,,,2021,,,,,,0.07781423150951998
TotalTechnologyAnnualActivityLowerLimit,BAU,Guatemala,OtrasTierras,,,,2022,,,,,,0.07953637759441082
TotalTechnologyAnnualActivityLowerLimit,BAU,Guatemala,OtrasTierras,,,,2023,,,,,,0.08139176102573624
TotalTechnologyAnnualActivityLowerLimit,BAU,Guatemala,OtrasTierras,,,,2024,,,,,,0.08329042588100066
TotalTechnologyAnnualActivityLowerLimit,BAU,Guatemala,OtrasTierras,,,,2025,,,,,,0.08523338180684994
TotalTechnologyAnnualActivityLowerLimit,BAU,Guatemala,OtrasTierras,,,,2026,,,,,,0.08722166200244405
TotalTechnologyAnnualActivityLowerLimit,BAU,Guatemala,OtrasTierras,,,,2027,,,,,,0.08925632376887797
TotalTechnologyAnnualActivityLowerLimit,BAU,Guatemala,OtrasTierras,,,,2028,,,,,,0.09133844907141916
TotalTechnologyAnnualActivityLowerLimit,BAU,Guatemala,OtrasTierras,,,,2029,,,,,,0.09346914511486056
TotalTechnologyAnnualActivityLowerLimit,BAU,Guatemala,OtrasTierras,,,,2030,,,,,,0.09564954493229516
TotalTechnologyAnnualActivityLowerLimit,BAU,Guatemala,OtrasTierras,,,,2031,,,,,,0.09788080798762529
TotalTechnologyAnnualActivityLowerLimit,BAU,Guatemala,OtrasTierras,,,,2032,,,,,,0.10016412079212678
TotalTechnologyAnnualActivityLowerLimit,BAU,Guatemala,OtrasTierras,,,,2033,,,,,,0.10250069753539612
TotalTechnologyAnnualActivityLowerLimit,BAU,Guatemala,OtrasTierras,,,,2034,,,,,,0.10489178073101597
TotalTechnologyAnnualActivityLowerLimit,BAU,Guatemala,OtrasTierras,,,,2035,,,,,,0.10733864187728247
TotalTechnologyAnnualActivityLowerLimit,BAU,Guatemala,OtrasTierras,,,,2036,,,,,,0.10984258213334558
TotalTechnologyAnnualActivityLowerLimit,BAU,Guatemala,OtrasTierras,,,,2037,,,,,,0.1124049330111222
TotalTechnologyAnnualActivityLowerLimit,BAU,Guatemala,OtrasTierras,,,,2038,,,,,,0.11502705708334968
TotalTechnologyAnnualActivityLowerLimit,BAU,Guatemala,OtrasTierras,,,,2039,,,,,,0.11771034870815666
TotalTechnologyAnnualActivityLowerLimit,BAU,Guatemala,OtrasTierras,,,,2040,,,,,,0.12045623477053623
TotalTechnologyAnnualActivityLowerLimit,BAU,Guatemala,OtrasTierras,,,,2041,,,,,,0.12326617544111566
TotalTechnologyAnnualActivityLowerLimit,BAU,Guatemala,OtrasTierras,,,,2042,,,,,,0.12614166495262655
TotalTechnologyAnnualActivityLowerLimit,BAU,Guatemala,OtrasTierras,,,,2043,,,,,,0.1290842323944879
TotalTechnologyAnnualActivityLowerLimit,BAU,Guatemala,OtrasTierras,,,,2044,,,,,,0.13209544252592495
TotalTechnologyAnnualActivityLowerLimit,BAU,Guatemala,OtrasTierras,,,,2045,,,,,,0.1351768966080558
TotalTechnologyAnnualActivityLowerLimit,BAU,Guatemala,OtrasTierras,,,,2046,,,,,,0.13833023325538885
TotalTechnologyAnnualActivityLowerLimit,BAU,Guatemala,OtrasTierras,,,,2047,,,,,,0.1415571293071832
TotalTechnologyAnnualActivityLowerLimit,BAU,Guatemala,OtrasTierras,,,,2048,,,,,,0.1448593007191359
TotalTechnologyAnnualActivityLowerLimit,BAU,Guatemala,OtrasTierras,,,,2049,,,,,,0.1482385034758699
TotalTechnologyAnnualActivityLowerLimit,BAU,Guatemala,OtrasTierras,,,,2050,,,,,,0.15169653452470824
TotalTechnologyAnnualActivityLowerLimit,BAU,Guatemala,Deforestacion,,,,2016,,,,,,0.03831
TotalTechnologyAnnualActivityLowerLimit,BAU,Guatemala,Deforestacion,,,,2017,,,,,,0.036306
TotalTechnologyAnnualActivityLowerLimit,BAU,Guatemala,Deforestacion,,,,2018,,,,,,0.03831
TotalTechnologyAnnualActivityLowerLimit,BAU,Guatemala,Deforestacion,,,,2019,,,,,,0.032047
TotalTechnologyAnnualActivityLowerLimit,BAU,Guatemala,Deforestacion,,,,2020,,,,,,0.038585
TotalTechnologyAnnualActivityLowerLimit,BAU,Guatemala,Deforestacion,,,,2021,,,,,,0.038677
TotalTechnologyAnnualActivityLowerLimit,BAU,Guatemala,Deforestacion,,,,2022,,,,,,0.038674
TotalTechnologyAnnualActivityLowerLimit,BAU,Guatemala,Deforestacion,,,,2023,,,,,,0.038674
TotalTechnologyAnnualActivityLowerLimit,BAU,Guatemala,Deforestacion,,,,2024,,,,,,0.038674
TotalTechnologyAnnualActivityLowerLimit,BAU,Guatemala,Deforestacion,,,,2025,,,,,,0.038674
TotalTechnologyAnnualActivityLowerLimit,BAU,Guatemala,Deforestacion,,,,2026,,,,,,0.038674
TotalTechnologyAnnualActivityLowerLimit,BAU,Guatemala,Deforestacion,,,,2027,,,,,,0.038674
TotalTechnologyAnnualActivityLowerLimit,BAU,Guatemala,Deforestacion,,,,2028,,,,,,0.038674
TotalTechnologyAnnualActivityLowerLimit,BAU,Guatemala,Deforestacion,,,,2029,,,,,,0.038674
TotalTechnologyAnnualActivityLowerLimit,BAU,Guatemala,Deforestacion,,,,2030,,,,,,0.038674
TotalTechnologyAnnualActivityLowerLimit,BAU,Guatemala,Deforestacion,,,,2031,,,,,,0.038674
TotalTechnologyAnnualActivityLowerLimit,BAU,Guatemala,Deforestacion,,,,2032,,,,,,0.038674
TotalTechnologyAnnualActivityLowerLimit,BAU,Guatemala,Deforestacion,,,,2033,,,,,,0.038674
TotalTechnologyAnnualActivityLowerLimit,BAU,Guatemala,Deforestacion,,,,2034,,,,,,0.038674
TotalTechnologyAnnualActivityLowerLimit,BAU,Guatemala,Deforestacion,,,,2035,,,,,,0.038674
TotalTechnologyAnnualActivityLowerLimit,BAU,Guatemala,Deforestacion,,,,2036,,,,,,0.038674
TotalTechnologyAnnualActivityLowerLimit,BAU,Guatemala,Deforestacion,,,,2037,,,,,,0.038674
TotalTechnologyAnnualActivityLowerLimit,BAU,Guatemala,Deforestacion,,,,2038,,,,,,0.038674
TotalTechnologyAnnualActivityLowerLimit,BAU,Guatemala,Deforestacion,,,,2039,,,,,,0.038674
TotalTechnologyAnnualActivityLowerLimit,BAU,Guatemala,Deforestacion,,,,2040,,,,,,0.038674
TotalTechnologyAnnualActivityLowerLimit,BAU,Guatemala,Deforestacion,,,,2041,,,,,,0.038674
TotalTechnologyAnnualActivityLowerLimit,BAU,Guatemala,Deforestacion,,,,2042,,,,,,0.038674
TotalTechnologyAnnualActivityLowerLimit,BAU,Guatemala,Deforestacion,,,,2043,,,,,,0.038674
TotalTechnologyAnnualActivityLowerLimit,BAU,Guatemala,Deforestacion,,,,2044,,,,,,0.038674
TotalTechnologyAnnualActivityLowerLimit,BAU,Guatemala,Deforestacion,,,,2045,,,,,,0.038674
TotalTechnologyAnnualActivityLowerLimit,BAU,Guatemala,Deforestacion,,,,2046,,,,,,0.038674
TotalTechnologyAnnualActivityLowerLimit,BAU,Guatemala,Deforestacion,,,,2047,,,,,,0.038674
TotalTechnologyAnnualActivityLowerLimit,BAU,Guatemala,Deforestacion,,,,2048,,,,,,0.038674
TotalTechnologyAnnualActivityLowerLimit,BAU,Guatemala,Deforestacion,,,,2049,,,,,,0.038674
TotalTechnologyAnnualActivityLowerLimit,BAU,Guatemala,Deforestacion,,,,2050,,,,,,0.038674
TotalTechnologyAnnualActivityLowerLimit,BAU,Guatemala,Restauracion,,,,2016,,,,,,0.017623
TotalTechnologyAnnualActivityLowerLimit,BAU,Guatemala,Restauracion,,,,2017,,,,,,0.024483
TotalTechnologyAnnualActivityLowerLimit,BAU,Guatemala,Restauracion,,,,2018,,,,,,0.017623
TotalTechnologyAnnualActivityLowerLimit,BAU,Guatemala,Restauracion,,,,2019,,,,,,0.018
TotalTechnologyAnnualActivityLowerLimit,BAU,Guatemala,Restauracion,,,,2020,,,,,,0.017613
TotalTechnologyAnnualActivityLowerLimit,BAU,Guatemala,Restauracion,,,,2021,,,,,,0.017611
TotalTechnologyAnnualActivityLowerLimit,BAU,Guatemala,Restauracion,,,,2022,,,,,,0.017609
TotalTechnologyAnnualActivityLowerLimit,BAU,Guatemala,Restauracion,,,,2023,,,,,,0.002287859045540977
TotalTechnologyAnnualActivityLowerLimit,BAU,Guatemala,Restauracion,,,,2024,,,,,,0.00023197205713966496
TotalTechnologyAnnualActivityLowerLimit,BAU,Guatemala,Restauracion,,,,2025,,,,,,0.021138609425763413
TotalTechnologyAnnualActivityLowerLimit,BAU,Guatemala,Restauracion,,,,2026,,,,,,0.023275375488173947
TotalTechnologyAnnualActivityLowerLimit,BAU,Guatemala,Restauracion,,,,2027,,,,,,0.025482096516291755
TotalTechnologyAnnualActivityLowerLimit,BAU,Guatemala,Restauracion,,,,2028,,,,,,0.027750697009358075
TotalTechnologyAnnualActivityLowerLimit,BAU,Guatemala,Restauracion,,,,2029,,,,,,0.030072742910056807
TotalTechnologyAnnualActivityLowerLimit,BAU,Guatemala,Restauracion,,,,2030,,,,,,0.032439488105490924
TotalTechnologyAnnualActivityLowerLimit,BAU,Guatemala,Restauracion,,,,2031,,,,,,0.03211639338749274
TotalTechnologyAnnualActivityLowerLimit,BAU,Guatemala,Restauracion,,,,2032,,,,,,0.031788933191852956
TotalTechnologyAnnualActivityLowerLimit,BAU,Guatemala,Restauracion,,,,2033,,,,,,0.031456998983140264
TotalTechnologyAnnualActivityLowerLimit,BAU,Guatemala,Restauracion,,,,2034,,,,,,0.031120479518440228
TotalTechnologyAnnualActivityLowerLimit,BAU,Guatemala,Restauracion,,,,2035,,,,,,0.030779260776686038
TotalTechnologyAnnualActivityLowerLimit,BAU,Guatemala,Restauracion,,,,2036,,,,,,0.03043322588615606
TotalTechnologyAnnualActivityLowerLimit,BAU,Guatemala,Restauracion,,,,2037,,,,,,0.030082255050052922
TotalTechnologyAnnualActivityLowerLimit,BAU,Guatemala,Restauracion,,,,2038,,,,,,0.029726225470099746
TotalTechnologyAnnualActivityLowerLimit,BAU,Guatemala,Restauracion,,,,2039,,,,,,0.029365011268164612
TotalTechnologyAnnualActivityLowerLimit,BAU,Guatemala,Restauracion,,,,2040,,,,,,0.028998483405746303
TotalTechnologyAnnualActivityLowerLimit,BAU,Guatemala,Restauracion,,,,2041,,,,,,0.028626509601402575
TotalTechnologyAnnualActivityLowerLimit,BAU,Guatemala,Restauracion,,,,2042,,,,,,0.028248954245932226
TotalTechnologyAnnualActivityLowerLimit,BAU,Guatemala,Restauracion,,,,2043,,,,,,0.0278656783153909
TotalTechnologyAnnualActivityLowerLimit,BAU,Guatemala,Restauracion,,,,2044,,,,,,0.027476539281725235
TotalTechnologyAnnualActivityLowerLimit,BAU,Guatemala,Restauracion,,,,2045,,,,,,0.02708139102110442
TotalTechnologyAnnualActivityLowerLimit,BAU,Guatemala,Restauracion,,,,2046,,,,,,0.026680083719811912
TotalTechnologyAnnualActivityLowerLimit,BAU,Guatemala,Restauracion,,,,2047,,,,,,0.026272463777624502
TotalTechnologyAnnualActivityLowerLimit,BAU,Guatemala,Restauracion,,,,2048,,,,,,0.02585837370868184
TotalTechnologyAnnualActivityLowerLimit,BAU,Guatemala,Restauracion,,,,2049,,,,,,0.02543765203968741
TotalTechnologyAnnualActivityLowerLimit,BAU,Guatemala,Restauracion,,,,2050,,,,,,0.025010133205445442
TotalTechnologyAnnualActivityLowerLimit,BAU,Guatemala,AreaIncendiada,,,,2016,,,,,,0.01312288637489208
TotalTechnologyAnnualActivityLowerLimit,BAU,Guatemala,AreaIncendiada,,,,2017,,,,,,0.01312288637489208
TotalTechnologyAnnualActivityLowerLimit,BAU,Guatemala,AreaIncendiada,,,,2018,,,,,,0.020088888070402044
TotalTechnologyAnnualActivityLowerLimit,BAU,Guatemala,AreaIncendiada,,,,2019,,,,,,0.05514569356279892
TotalTechnologyAnnualActivityLowerLimit,BAU,Guatemala,AreaIncendiada,,,,2020,,,,,,0.0757143879556796
TotalTechnologyAnnualActivityLowerLimit,BAU,Guatemala,AreaIncendiada,,,,2021,,,,,,0.03556018430747552
TotalTechnologyAnnualActivityLowerLimit,BAU,Guatemala,AreaIncendiada,,,,2022,,,,,,0.018935507387443016
TotalTechnologyAnnualActivityLowerLimit,BAU,Guatemala,AreaIncendiada,,,,2023,,,,,,0.020088888070402044
TotalTechnologyAnnualActivityLowerLimit,BAU,Guatemala,AreaIncendiada,,,,2024,,,,,,0.020289776951106064
TotalTechnologyAnnualActivityLowerLimit,BAU,Guatemala,AreaIncendiada,,,,2025,,,,,,0.020492674720617124
TotalTechnologyAnnualActivityLowerLimit,BAU,Guatemala,AreaIncendiada,,,,2026,,,,,,0.020697601467823297
TotalTechnologyAnnualActivityLowerLimit,BAU,Guatemala,AreaIncendiada,,,,2027,,,,,,0.02090457748250153
TotalTechnologyAnnualActivityLowerLimit,BAU,Guatemala,AreaIncendiada,,,,2028,,,,,,0.021113623257326544
TotalTechnologyAnnualActivityLowerLimit,BAU,Guatemala,AreaIncendiada,,,,2029,,,,,,0.02132475948989981
TotalTechnologyAnnualActivityLowerLimit,BAU,Guatemala,AreaIncendiada,,,,2030,,,,,,0.021538007084798808
TotalTechnologyAnnualActivityLowerLimit,BAU,Guatemala,AreaIncendiada,,,,2031,,,,,,0.021753387155646797
TotalTechnologyAnnualActivityLowerLimit,BAU,Guatemala,AreaIncendiada,,,,2032,,,,,,0.021970921027203265
TotalTechnologyAnnualActivityLowerLimit,BAU,Guatemala,AreaIncendiada,,,,2033,,,,,,0.0221906302374753
TotalTechnologyAnnualActivityLowerLimit,BAU,Guatemala,AreaIncendiada,,,,2034,,,,,,0.022412536539850054
TotalTechnologyAnnualActivityLowerLimit,BAU,Guatemala,AreaIncendiada,,,,2035,,,,,,0.022636661905248556
TotalTechnologyAnnualActivityLowerLimit,BAU,Guatemala,AreaIncendiada,,,,2036,,,,,,0.02286302852430104
TotalTechnologyAnnualActivityLowerLimit,BAU,Guatemala,AreaIncendiada,,,,2037,,,,,,0.02309165880954405
TotalTechnologyAnnualActivityLowerLimit,BAU,Guatemala,AreaIncendiada,,,,2038,,,,,,0.023322575397639492
TotalTechnologyAnnualActivityLowerLimit,BAU,Guatemala,AreaIncendiada,,,,2039,,,,,,0.023555801151615888
TotalTechnologyAnnualActivityLowerLimit,BAU,Guatemala,AreaIncendiada,,,,2040,,,,,,0.023791359163132048
TotalTechnologyAnnualActivityLowerLimit,BAU,Guatemala,AreaIncendiada,,,,2041,,,,,,0.024029272754763367
TotalTechnologyAnnualActivityLowerLimit,BAU,Guatemala,AreaIncendiada,,,,2042,,,,,,0.024269565482311
TotalTechnologyAnnualActivityLowerLimit,BAU,Guatemala,AreaIncendiada,,,,2043,,,,,,0.02451226113713411
TotalTechnologyAnnualActivityLowerLimit,BAU,Guatemala,AreaIncendiada,,,,2044,,,,,,0.024757383748505453
TotalTechnologyAnnualActivityLowerLimit,BAU,Guatemala,AreaIncendiada,,,,2045,,,,,,0.025004957585990507
TotalTechnologyAnnualActivityLowerLimit,BAU,Guatemala,AreaIncendiada,,,,2046,,,,,,0.02525500716185041
TotalTechnologyAnnualActivityLowerLimit,BAU,Guatemala,AreaIncendiada,,,,2047,,,,,,0.025507557233468914
TotalTechnologyAnnualActivityLowerLimit,BAU,Guatemala,AreaIncendiada,,,,2048,,,,,,0.025762632805803605
TotalTechnologyAnnualActivityLowerLimit,BAU,Guatemala,AreaIncendiada,,,,2049,,,,,,0.02602025913386164
TotalTechnologyAnnualActivityLowerLimit,BAU,Guatemala,AreaIncendiada,,,,2050,,,,,,0.02628046172520026
TotalTechnologyAnnualActivityLowerLimit,BAU,Guatemala,Lena,,,,2016,,,,,,10.66684333049899
TotalTechnologyAnnualActivityLowerLimit,BAU,Guatemala,Lena,,,,2017,,,,,,10.907888275498989
TotalTechnologyAnnualActivityLowerLimit,BAU,Guatemala,Lena,,,,2018,,,,,,11.152997786249
TotalTechnologyAnnualActivityLowerLimit,BAU,Guatemala,Lena,,,,2019,,,,,,11.258735351254002
TotalTechnologyAnnualActivityLowerLimit,BAU,Guatemala,Lena,,,,2020,,,,,,11.407462543226345
TotalTechnologyAnnualActivityLowerLimit,BAU,Guatemala,Lena,,,,2021,,,,,,11.475726002452227
TotalTechnologyAnnualActivityLowerLimit,BAU,Guatemala,Lena,,,,2022,,,,,,11.571580816627254
TotalTechnologyAnnualActivityLowerLimit,BAU,Guatemala,Lena,,,,2023,,,,,,11.669012109364017
TotalTechnologyAnnualActivityLowerLimit,BAU,Guatemala,Lena,,,,2024,,,,,,11.762056183215698
TotalTechnologyAnnualActivityLowerLimit,BAU,Guatemala,Lena,,,,2025,,,,,,11.843181648176222
TotalTechnologyAnnualActivityLowerLimit,BAU,Guatemala,Lena,,,,2026,,,,,,11.912246872823586
TotalTechnologyAnnualActivityLowerLimit,BAU,Guatemala,Lena,,,,2027,,,,,,11.969145542268546
TotalTechnologyAnnualActivityLowerLimit,BAU,Guatemala,Lena,,,,2028,,,,,,12.020058088353478
TotalTechnologyAnnualActivityLowerLimit,BAU,Guatemala,Lena,,,,2029,,,,,,12.064981481228202
TotalTechnologyAnnualActivityLowerLimit,BAU,Guatemala,Lena,,,,2030,,,,,,12.103907657280221
TotalTechnologyAnnualActivityLowerLimit,BAU,Guatemala,Lena,,,,2031,,,,,,12.136849246906266
TotalTechnologyAnnualActivityLowerLimit,BAU,Guatemala,Lena,,,,2032,,,,,,12.16382000085627
TotalTechnologyAnnualActivityLowerLimit,BAU,Guatemala,Lena,,,,2033,,,,,,12.184835407249588
TotalTechnologyAnnualActivityLowerLimit,BAU,Guatemala,Lena,,,,2034,,,,,,12.199879854267028
TotalTechnologyAnnualActivityLowerLimit,BAU,Guatemala,Lena,,,,2035,,,,,,12.208953759638195
TotalTechnologyAnnualActivityLowerLimit,BAU,Guatemala,Lena,,,,2036,,,,,,12.21176883579111
TotalTechnologyAnnualActivityLowerLimit,BAU,Guatemala,Lena,,,,2037,,,,,,12.208471739619695
TotalTechnologyAnnualActivityLowerLimit,BAU,Guatemala,Lena,,,,2038,,,,,,12.198993436620968
TotalTechnologyAnnualActivityLowerLimit,BAU,Guatemala,Lena,,,,2039,,,,,,12.183220609289075
TotalTechnologyAnnualActivityLowerLimit,BAU,Guatemala,Lena,,,,2040,,,,,,12.161087227267966
TotalTechnologyAnnualActivityLowerLimit,BAU,Guatemala,Lena,,,,2041,,,,,,12.132473621453473
TotalTechnologyAnnualActivityLowerLimit,BAU,Guatemala,Lena,,,,2042,,,,,,12.097259428841017
TotalTechnologyAnnualActivityLowerLimit,BAU,Guatemala,Lena,,,,2043,,,,,,12.055314322041742
TotalTechnologyAnnualActivityLowerLimit,BAU,Guatemala,Lena,,,,2044,,,,,,12.006498096926686
TotalTechnologyAnnualActivityLowerLimit,BAU,Guatemala,Lena,,,,2045,,,,,,11.950671777593119
TotalTechnologyAnnualActivityLowerLimit,BAU,Guatemala,Lena,,,,2046,,,,,,11.88769774062244
TotalTechnologyAnnualActivityLowerLimit,BAU,Guatemala,Lena,,,,2047,,,,,,11.8174256563239
TotalTechnologyAnnualActivityLowerLimit,BAU,Guatemala,Lena,,,,2048,,,,,,11.739710443848368
TotalTechnologyAnnualActivityLowerLimit,BAU,Guatemala,Lena,,,,2049,,,,,,11.654396880761052
TotalTechnologyAnnualActivityLowerLimit,BAU,Guatemala,Lena,,,,2050,,,,,,11.561330195941249
TotalTechnologyAnnualActivityLowerLimit,BAU,Guatemala,Lena_total,,,,2016,,,,,,15.34008280688429
TotalTechnologyAnnualActivityLowerLimit,BAU,Guatemala,Lena_total,,,,2017,,,,,,15.56409279023094
TotalTechnologyAnnualActivityLowerLimit,BAU,Guatemala,Lena_total,,,,2018,,,,,,15.792769952258075
TotalTechnologyAnnualActivityLowerLimit,BAU,Guatemala,Lena_total,,,,2019,,,,,,15.962993088271396
TotalTechnologyAnnualActivityLowerLimit,BAU,Guatemala,Lena_total,,,,2020,,,,,,16.10454503732149
TotalTechnologyAnnualActivityLowerLimit,BAU,Guatemala,Lena_total,,,,2021,,,,,,16.164481800805138
TotalTechnologyAnnualActivityLowerLimit,BAU,Guatemala,Lena_total,,,,2022,,,,,,16.252761624094106
TotalTechnologyAnnualActivityLowerLimit,BAU,Guatemala,Lena_total,,,,2023,,,,,,16.34278807798443
TotalTechnologyAnnualActivityLowerLimit,BAU,Guatemala,Lena_total,,,,2024,,,,,,16.428683804315817
TotalTechnologyAnnualActivityLowerLimit,BAU,Guatemala,Lena_total,,,,2025,,,,,,16.440101730246052
TotalTechnologyAnnualActivityLowerLimit,BAU,Guatemala,Lena_total,,,,2026,,,,,,16.438065274993924
TotalTechnologyAnnualActivityLowerLimit,BAU,Guatemala,Lena_total,,,,2027,,,,,,16.4226035120799
TotalTechnologyAnnualActivityLowerLimit,BAU,Guatemala,Lena_total,,,,2028,,,,,,16.40225227930565
TotalTechnologyAnnualActivityLowerLimit,BAU,Guatemala,Lena_total,,,,2029,,,,,,16.376953062749294
TotalTechnologyAnnualActivityLowerLimit,BAU,Guatemala,Lena_total,,,,2030,,,,,,16.346643500739063
TotalTechnologyAnnualActivityLowerLimit,BAU,Guatemala,Lena_total,,,,2031,,,,,,16.311283884398627
TotalTechnologyAnnualActivityLowerLimit,BAU,Guatemala,Lena_total,,,,2032,,,,,,16.270836976561696
TotalTechnologyAnnualActivityLowerLimit,BAU,Guatemala,Lena_total,,,,2033,,,,,,16.225268611058198
TotalTechnologyAnnualActivityLowerLimit,BAU,Guatemala,Lena_total,,,,2034,,,,,,16.174513620819617
TotalTechnologyAnnualActivityLowerLimit,BAU,Guatemala,Lena_total,,,,2035,,,,,,16.11852453134465
TotalTechnologyAnnualActivityLowerLimit,BAU,Guatemala,Lena_total,,,,2036,,,,,,16.01571691350208
TotalTechnologyAnnualActivityLowerLimit,BAU,Guatemala,Lena_total,,,,2037,,,,,,15.937704734540086
TotalTechnologyAnnualActivityLowerLimit,BAU,Guatemala,Lena_total,,,,2038,,,,,,15.85249238702992
TotalTechnologyAnnualActivityLowerLimit,BAU,Guatemala,Lena_total,,,,2039,,,,,,15.758517252695759
TotalTechnologyAnnualActivityLowerLimit,BAU,Guatemala,Lena_total,,,,2040,,,,,,15.664958469143665
TotalTechnologyAnnualActivityLowerLimit,BAU,Guatemala,Lena_total,,,,2041,,,,,,15.565733846833325
TotalTechnologyAnnualActivityLowerLimit,BAU,Guatemala,Lena_total,,,,2042,,,,,,15.46119652973464
TotalTechnologyAnnualActivityLowerLimit,BAU,Guatemala,Lena_total,,,,2043,,,,,,15.352106046812079
TotalTechnologyAnnualActivityLowerLimit,BAU,Guatemala,Lena_total,,,,2044,,,,,,15.237190700824716
TotalTechnologyAnnualActivityLowerLimit,BAU,Guatemala,Lena_total,,,,2045,,,,,,15.117206979733162
TotalTechnologyAnnualActivityLowerLimit,BAU,Guatemala,Lena_total,,,,2046,,,,,,14.991346442358086
TotalTechnologyAnnualActivityLowerLimit,BAU,Guatemala,Lena_total,,,,2047,,,,,,14.859222446134208
TotalTechnologyAnnualActivityLowerLimit,BAU,Guatemala,Lena_total,,,,2048,,,,,,14.720670070980649
TotalTechnologyAnnualActivityLowerLimit,BAU,Guatemala,Lena_total,,,,2049,,,,,,14.575293207357095
TotalTechnologyAnnualActivityLowerLimit,BAU,Guatemala,Lena_total,,,,2050,,,,,,14.422800445248008
TotalTechnologyAnnualActivityLowerLimit,BAU,Guatemala,Estufa_nueva,,,,2016,,,,,,0.015
TotalTechnologyAnnualActivityLowerLimit,BAU,Guatemala,Estufa_nueva,,,,2017,,,,,,0.015
TotalTechnologyAnnualActivityLowerLimit,BAU,Guatemala,Estufa_nueva,,,,2018,,,,,,0.015
TotalTechnologyAnnualActivityLowerLimit,BAU,Guatemala,Estufa_nueva,,,,2019,,,,,,0.015
TotalTechnologyAnnualActivityLowerLimit,BAU,Guatemala,Estufa_nueva,,,,2020,,,,,,0.015
TotalTechnologyAnnualActivityLowerLimit,BAU,Guatemala,Estufa_nueva,,,,2021,,,,,,0.015
TotalTechnologyAnnualActivityLowerLimit,BAU,Guatemala,Estufa_nueva,,,,2022,,,,,,0.015
TotalTechnologyAnnualActivityLowerLimit,BAU,Guatemala,Estufa_nueva,,,,2023,,,,,,0.015
TotalTechnologyAnnualActivityLowerLimit,BAU,Guatemala,Estufa_nueva,,,,2024,,,,,,0.015
TotalTechnologyAnnualActivityLowerLimit,BAU,Guatemala,Estufa_nueva,,,,2025,,,,,,0.017333333333333333
TotalTechnologyAnnualActivityLowerLimit,BAU,Guatemala,Estufa_nueva,,,,2026,,,,,,0.019666666666666666
TotalTechnologyAnnualActivityLowerLimit,BAU,Guatemala,Estufa_nueva,,,,2027,,,,,,0.022
TotalTechnologyAnnualActivityLowerLimit,BAU,Guatemala,Estufa_nueva,,,,2028,,,,,,0.022549999999999997
TotalTechnologyAnnualActivityLowerLimit,BAU,Guatemala,Estufa_nueva,,,,2029,,,,,,0.023113749999999995
TotalTechnologyAnnualActivityLowerLimit,BAU,Guatemala,Estufa_nueva,,,,2030,,,,,,0.023691593749999993
TotalTechnologyAnnualActivityLowerLimit,BAU,Guatemala,Estufa_nueva,,,,2031,,,,,,0.02428388359374999
TotalTechnologyAnnualActivityLowerLimit,BAU,Guatemala,Estufa_nueva,,,,2032,,,,,,0.024890980683593737
TotalTechnologyAnnualActivityLowerLimit,BAU,Guatemala,Estufa_nueva,,,,2033,,,,,,0.02551325520068358
TotalTechnologyAnnualActivityLowerLimit,BAU,Guatemala,Estufa_nueva,,,,2034,,,,,,0.026151086580700665
TotalTechnologyAnnualActivityLowerLimit,BAU,Guatemala,Estufa_nueva,,,,2035,,,,,,0.02680486374521818
TotalTechnologyAnnualActivityLowerLimit,BAU,Guatemala,Estufa_nueva,,,,2036,,,,,,0.027474985338848634
TotalTechnologyAnnualActivityLowerLimit,BAU,Guatemala,Estufa_nueva,,,,2037,,,,,,0.028161859972319847
TotalTechnologyAnnualActivityLowerLimit,BAU,Guatemala,Estufa_nueva,,,,2038,,,,,,0.02886590647162784
TotalTechnologyAnnualActivityLowerLimit,BAU,Guatemala,Estufa_nueva,,,,2039,,,,,,0.029587554133418535
TotalTechnologyAnnualActivityLowerLimit,BAU,Guatemala,Estufa_nueva,,,,2040,,,,,,0.030327242986753995
TotalTechnologyAnnualActivityLowerLimit,BAU,Guatemala,Estufa_nueva,,,,2041,,,,,,0.031085424061422843
TotalTechnologyAnnualActivityLowerLimit,BAU,Guatemala,Estufa_nueva,,,,2042,,,,,,0.03186255966295841
TotalTechnologyAnnualActivityLowerLimit,BAU,Guatemala,Estufa_nueva,,,,2043,,,,,,0.032659123654532364
TotalTechnologyAnnualActivityLowerLimit,BAU,Guatemala,Estufa_nueva,,,,2044,,,,,,0.03347560174589567
TotalTechnologyAnnualActivityLowerLimit,BAU,Guatemala,Estufa_nueva,,,,2045,,,,,,0.03431249178954306
TotalTechnologyAnnualActivityLowerLimit,BAU,Guatemala,Estufa_nueva,,,,2046,,,,,,0.03517030408428164
TotalTechnologyAnnualActivityLowerLimit,BAU,Guatemala,Estufa_nueva,,,,2047,,,,,,0.036049561686388676
TotalTechnologyAnnualActivityLowerLimit,BAU,Guatemala,Estufa_nueva,,,,2048,,,,,,0.03695080072854839
TotalTechnologyAnnualActivityLowerLimit,BAU,Guatemala,Estufa_nueva,,,,2049,,,,,,0.03787457074676209
TotalTechnologyAnnualActivityLowerLimit,BAU,Guatemala,Estufa_nueva,,,,2050,,,,,,0.038821435015431144
TotalTechnologyAnnualActivityLowerLimit,BAU,Guatemala,Estufa_stock,,,,2016,,,,,,0.2
TotalTechnologyAnnualActivityLowerLimit,BAU,Guatemala,Estufa_stock,,,,2017,,,,,,0.21500000000000002
TotalTechnologyAnnualActivityLowerLimit,BAU,Guatemala,Estufa_stock,,,,2018,,,,,,0.23000000000000004
TotalTechnologyAnnualActivityLowerLimit,BAU,Guatemala,Estufa_stock,,,,2019,,,,,,0.24500000000000005
TotalTechnologyAnnualActivityLowerLimit,BAU,Guatemala,Estufa_stock,,,,2020,,,,,,0.26000000000000006
TotalTechnologyAnnualActivityLowerLimit,BAU,Guatemala,Estufa_stock,,,,2021,,,,,,0.2750000000000001
TotalTechnologyAnnualActivityLowerLimit,BAU,Guatemala,Estufa_stock,,,,2022,,,,,,0.2900000000000001
TotalTechnologyAnnualActivityLowerLimit,BAU,Guatemala,Estufa_stock,,,,2023,,,,,,0.3050000000000001
TotalTechnologyAnnualActivityLowerLimit,BAU,Guatemala,Estufa_stock,,,,2024,,,,,,0.3200000000000001
TotalTechnologyAnnualActivityLowerLimit,BAU,Guatemala,Estufa_stock,,,,2025,,,,,,0.33733333333333343
TotalTechnologyAnnualActivityLowerLimit,BAU,Guatemala,Estufa_stock,,,,2026,,,,,,0.3570000000000001
TotalTechnologyAnnualActivityLowerLimit,BAU,Guatemala,Estufa_stock,,,,2027,,,,,,0.3790000000000001
TotalTechnologyAnnualActivityLowerLimit,BAU,Guatemala,Estufa_stock,,,,2028,,,,,,0.40155000000000013
TotalTechnologyAnnualActivityLowerLimit,BAU,Guatemala,Estufa_stock,,,,2029,,,,,,0.4246637500000001
TotalTechnologyAnnualActivityLowerLimit,BAU,Guatemala,Estufa_stock,,,,2030,,,,,,0.44835534375000013
TotalTechnologyAnnualActivityLowerLimit,BAU,Guatemala,Estufa_stock,,,,2031,,,,,,0.47263922734375013
TotalTechnologyAnnualActivityLowerLimit,BAU,Guatemala,Estufa_stock,,,,2032,,,,,,0.4975302080273439
TotalTechnologyAnnualActivityLowerLimit,BAU,Guatemala,Estufa_stock,,,,2033,,,,,,0.5230434632280274
TotalTechnologyAnnualActivityLowerLimit,BAU,Guatemala,Estufa_stock,,,,2034,,,,,,0.5491945498087281
TotalTechnologyAnnualActivityLowerLimit,BAU,Guatemala,Estufa_stock,,,,2035,,,,,,0.5759994135539462
TotalTechnologyAnnualActivityLowerLimit,BAU,Guatemala,Estufa_stock,,,,2036,,,,,,0.6034743988927949
TotalTechnologyAnnualActivityLowerLimit,BAU,Guatemala,Estufa_stock,,,,2037,,,,,,0.6316362588651148
TotalTechnologyAnnualActivityLowerLimit,BAU,Guatemala,Estufa_stock,,,,2038,,,,,,0.6605021653367426
TotalTechnologyAnnualActivityLowerLimit,BAU,Guatemala,Estufa_stock,,,,2039,,,,,,0.6900897194701611
TotalTechnologyAnnualActivityLowerLimit,BAU,Guatemala,Estufa_stock,,,,2040,,,,,,0.7204169624569151
TotalTechnologyAnnualActivityLowerLimit,BAU,Guatemala,Estufa_stock,,,,2041,,,,,,0.751502386518338
TotalTechnologyAnnualActivityLowerLimit,BAU,Guatemala,Estufa_stock,,,,2042,,,,,,0.7833649461812964
TotalTechnologyAnnualActivityLowerLimit,BAU,Guatemala,Estufa_stock,,,,2043,,,,,,0.8160240698358288
TotalTechnologyAnnualActivityLowerLimit,BAU,Guatemala,Estufa_stock,,,,2044,,,,,,0.8494996715817245
TotalTechnologyAnnualActivityLowerLimit,BAU,Guatemala,Estufa_stock,,,,2045,,,,,,0.8838121633712676
TotalTechnologyAnnualActivityLowerLimit,BAU,Guatemala,Estufa_stock,,,,2046,,,,,,0.9189824674555492
TotalTechnologyAnnualActivityLowerLimit,BAU,Guatemala,Estufa_stock,,,,2047,,,,,,0.9550320291419379
TotalTechnologyAnnualActivityLowerLimit,BAU,Guatemala,Estufa_stock,,,,2048,,,,,,0.9919828298704862
TotalTechnologyAnnualActivityLowerLimit,BAU,Guatemala,Estufa_stock,,,,2049,,,,,,1.0298574006172483
TotalTechnologyAnnualActivityLowerLimit,BAU,Guatemala,Estufa_stock,,,,2050,,,,,,1.0686788356326795
TotalTechnologyAnnualActivityLowerLimit,BAU,Guatemala,Casas_lena,,,,2016,,,,,,1.7460339012267838
TotalTechnologyAnnualActivityLowerLimit,BAU,Guatemala,Casas_lena,,,,2017,,,,,,1.757518320613392
TotalTechnologyAnnualActivityLowerLimit,BAU,Guatemala,Casas_lena,,,,2018,,,,,,1.7690027400000001
TotalTechnologyAnnualActivityLowerLimit,BAU,Guatemala,Casas_lena,,,,2019,,,,,,1.7990203319564833
TotalTechnologyAnnualActivityLowerLimit,BAU,Guatemala,Casas_lena,,,,2020,,,,,,1.8186665554897876
TotalTechnologyAnnualActivityLowerLimit,BAU,Guatemala,Casas_lena,,,,2021,,,,,,1.8376198868487714
TotalTechnologyAnnualActivityLowerLimit,BAU,Guatemala,Casas_lena,,,,2022,,,,,,1.8576081226416918
TotalTechnologyAnnualActivityLowerLimit,BAU,Guatemala,Casas_lena,,,,2023,,,,,,1.8778788429692785
TotalTechnologyAnnualActivityLowerLimit,BAU,Guatemala,Casas_lena,,,,2024,,,,,,1.8977923523691385
TotalTechnologyAnnualActivityLowerLimit,BAU,Guatemala,Casas_lena,,,,2025,,,,,,1.9102187923465586
TotalTechnologyAnnualActivityLowerLimit,BAU,Guatemala,Casas_lena,,,,2026,,,,,,1.92245842355701
TotalTechnologyAnnualActivityLowerLimit,BAU,Guatemala,Casas_lena,,,,2027,,,,,,1.9345100670303144
TotalTechnologyAnnualActivityLowerLimit,BAU,Guatemala,Casas_lena,,,,2028,,,,,,1.946368212902598
TotalTechnologyAnnualActivityLowerLimit,BAU,Guatemala,Casas_lena,,,,2029,,,,,,1.9580325257254672
TotalTechnologyAnnualActivityLowerLimit,BAU,Guatemala,Casas_lena,,,,2030,,,,,,1.9695024381947985
TotalTechnologyAnnualActivityLowerLimit,BAU,Guatemala,Casas_lena,,,,2031,,,,,,1.9807798088649144
TotalTechnologyAnnualActivityLowerLimit,BAU,Guatemala,Casas_lena,,,,2032,,,,,,1.9918669166430356
TotalTechnologyAnnualActivityLowerLimit,BAU,Guatemala,Casas_lena,,,,2033,,,,,,2.002766527380517
TotalTechnologyAnnualActivityLowerLimit,BAU,Guatemala,Casas_lena,,,,2034,,,,,,2.0134784767854015
TotalTechnologyAnnualActivityLowerLimit,BAU,Guatemala,Casas_lena,,,,2035,,,,,,2.024004553907542
TotalTechnologyAnnualActivityLowerLimit,BAU,Guatemala,Casas_lena,,,,2036,,,,,,2.028953107217476
TotalTechnologyAnnualActivityLowerLimit,BAU,Guatemala,Casas_lena,,,,2037,,,,,,2.0376116136422215
TotalTechnologyAnnualActivityLowerLimit,BAU,Guatemala,Casas_lena,,,,2038,,,,,,2.0458375607185317
TotalTechnologyAnnualActivityLowerLimit,BAU,Guatemala,Casas_lena,,,,2039,,,,,,2.0534290365866137
TotalTechnologyAnnualActivityLowerLimit,BAU,Guatemala,Casas_lena,,,,2040,,,,,,2.0616246140451153
TotalTechnologyAnnualActivityLowerLimit,BAU,Guatemala,Casas_lena,,,,2041,,,,,,2.069627963887362
TotalTechnologyAnnualActivityLowerLimit,BAU,Guatemala,Casas_lena,,,,2042,,,,,,2.0775016248001528
TotalTechnologyAnnualActivityLowerLimit,BAU,Guatemala,Casas_lena,,,,2043,,,,,,2.085367638183198
TotalTechnologyAnnualActivityLowerLimit,BAU,Guatemala,Casas_lena,,,,2044,,,,,,2.093068343915037
TotalTechnologyAnnualActivityLowerLimit,BAU,Guatemala,Casas_lena,,,,2045,,,,,,2.100728684693173
TotalTechnologyAnnualActivityLowerLimit,BAU,Guatemala,Casas_lena,,,,2046,,,,,,2.108254477653483
TotalTechnologyAnnualActivityLowerLimit,BAU,Guatemala,Casas_lena,,,,2047,,,,,,2.1156103963042847
TotalTechnologyAnnualActivityLowerLimit,BAU,Guatemala,Casas_lena,,,,2048,,,,,,2.122792769382286
TotalTechnologyAnnualActivityLowerLimit,BAU,Guatemala,Casas_lena,,,,2049,,,,,,2.129764674501984
TotalTechnologyAnnualActivityLowerLimit,BAU,Guatemala,Casas_lena,,,,2050,,,,,,2.1365041603714583
TotalTechnologyAnnualActivityLowerLimit,BAU,Guatemala,AG1a,,,,2016,,,,,,0.015299276939296438
TotalTechnologyAnnualActivityLowerLimit,BAU,Guatemala,AG1a,,,,2017,,,,,,0.01606424078626126
TotalTechnologyAnnualActivityLowerLimit,BAU,Guatemala,AG1a,,,,2018,,,,,,0.016867452825574326
TotalTechnologyAnnualActivityLowerLimit,BAU,Guatemala,AG1a,,,,2019,,,,,,0.017710825466853042
TotalTechnologyAnnualActivityLowerLimit,BAU,Guatemala,AG1a,,,,2020,,,,,,0.018596366740195696
TotalTechnologyAnnualActivityLowerLimit,BAU,Guatemala,AG1a,,,,2021,,,,,,0.019526185077205483
TotalTechnologyAnnualActivityLowerLimit,BAU,Guatemala,AG1a,,,,2022,,,,,,0.020502494331065758
TotalTechnologyAnnualActivityLowerLimit,BAU,Guatemala,AG1a,,,,2023,,,,,,0.021527619047619045
TotalTechnologyAnnualActivityLowerLimit,BAU,Guatemala,AG1a,,,,2024,,,,,,0.022604
TotalTechnologyAnnualActivityLowerLimit,BAU,Guatemala,AG1a,,,,2025,,,,,,0.0237342
TotalTechnologyAnnualActivityLowerLimit,BAU,Guatemala,AG1a,,,,2026,,,,,,0.024920910000000004
TotalTechnologyAnnualActivityLowerLimit,BAU,Guatemala,AG1a,,,,2027,,,,,,0.026166955500000005
TotalTechnologyAnnualActivityLowerLimit,BAU,Guatemala,AG1a,,,,2028,,,,,,0.027475303275000005
TotalTechnologyAnnualActivityLowerLimit,BAU,Guatemala,AG1a,,,,2029,,,,,,0.028849068438750007
TotalTechnologyAnnualActivityLowerLimit,BAU,Guatemala,AG1a,,,,2030,,,,,,0.03029152186068751
TotalTechnologyAnnualActivityLowerLimit,BAU,Guatemala,AG1a,,,,2031,,,,,,0.03180609795372189
TotalTechnologyAnnualActivityLowerLimit,BAU,Guatemala,AG1a,,,,2032,,,,,,0.033396402851407984
TotalTechnologyAnnualActivityLowerLimit,BAU,Guatemala,AG1a,,,,2033,,,,,,0.03506622299397839
TotalTechnologyAnnualActivityLowerLimit,BAU,Guatemala,AG1a,,,,2034,,,,,,0.03681953414367731
TotalTechnologyAnnualActivityLowerLimit,BAU,Guatemala,AG1a,,,,2035,,,,,,0.038660510850861175
TotalTechnologyAnnualActivityLowerLimit,BAU,Guatemala,AG1a,,,,2036,,,,,,0.04059353639340423
TotalTechnologyAnnualActivityLowerLimit,BAU,Guatemala,AG1a,,,,2037,,,,,,0.04262321321307444
TotalTechnologyAnnualActivityLowerLimit,BAU,Guatemala,AG1a,,,,2038,,,,,,0.044754373873728166
TotalTechnologyAnnualActivityLowerLimit,BAU,Guatemala,AG1a,,,,2039,,,,,,0.04699209256741458
TotalTechnologyAnnualActivityLowerLimit,BAU,Guatemala,AG1a,,,,2040,,,,,,0.04934169719578531
TotalTechnologyAnnualActivityLowerLimit,BAU,Guatemala,AG1a,,,,2041,,,,,,0.05180878205557458
TotalTechnologyAnnualActivityLowerLimit,BAU,Guatemala,AG1a,,,,2042,,,,,,0.05439922115835331
TotalTechnologyAnnualActivityLowerLimit,BAU,Guatemala,AG1a,,,,2043,,,,,,0.05711918221627097
TotalTechnologyAnnualActivityLowerLimit,BAU,Guatemala,AG1a,,,,2044,,,,,,0.05997514132708452
TotalTechnologyAnnualActivityLowerLimit,BAU,Guatemala,AG1a,,,,2045,,,,,,0.06297389839343875
TotalTechnologyAnnualActivityLowerLimit,BAU,Guatemala,AG1a,,,,2046,,,,,,0.06612259331311068
TotalTechnologyAnnualActivityLowerLimit,BAU,Guatemala,AG1a,,,,2047,,,,,,0.06942872297876622
TotalTechnologyAnnualActivityLowerLimit,BAU,Guatemala,AG1a,,,,2048,,,,,,0.07290015912770453
TotalTechnologyAnnualActivityLowerLimit,BAU,Guatemala,AG1a,,,,2049,,,,,,0.07654516708408977
TotalTechnologyAnnualActivityLowerLimit,BAU,Guatemala,AG1a,,,,2050,,,,,,0.08037242543829426
TotalTechnologyAnnualActivityLowerLimit,BAU,Guatemala,AG1b,,,,2016,,,,,,0.18247222515920009
TotalTechnologyAnnualActivityLowerLimit,BAU,Guatemala,AG1b,,,,2017,,,,,,0.1832162995638582
TotalTechnologyAnnualActivityLowerLimit,BAU,Guatemala,AG1b,,,,2018,,,,,,0.1823364426821963
TotalTechnologyAnnualActivityLowerLimit,BAU,Guatemala,AG1b,,,,2019,,,,,,0.16410013521622874
TotalTechnologyAnnualActivityLowerLimit,BAU,Guatemala,AG1b,,,,2020,,,,,,0.15570539547935403
TotalTechnologyAnnualActivityLowerLimit,BAU,Guatemala,AG1b,,,,2021,,,,,,0.16266705647928137
TotalTechnologyAnnualActivityLowerLimit,BAU,Guatemala,AG1b,,,,2022,,,,,,0.15493135535896554
TotalTechnologyAnnualActivityLowerLimit,BAU,Guatemala,AG1b,,,,2023,,,,,,0.15001017615701
TotalTechnologyAnnualActivityLowerLimit,BAU,Guatemala,AG1b,,,,2024,,,,,,0.14524531137366686
TotalTechnologyAnnualActivityLowerLimit,BAU,Guatemala,AG1b,,,,2025,,,,,,0.14063179589865182
TotalTechnologyAnnualActivityLowerLimit,BAU,Guatemala,AG1b,,,,2026,,,,,,0.1361648223315091
TotalTechnologyAnnualActivityLowerLimit,BAU,Guatemala,AG1b,,,,2027,,,,,,0.13183973597217769
TotalTechnologyAnnualActivityLowerLimit,BAU,Guatemala,AG1b,,,,2028,,,,,,0.12765202997067565
TotalTechnologyAnnualActivityLowerLimit,BAU,Guatemala,AG1b,,,,2029,,,,,,0.12359734063084771
TotalTechnologyAnnualActivityLowerLimit,BAU,Guatemala,AG1b,,,,2030,,,,,,0.119671442863283
TotalTechnologyAnnualActivityLowerLimit,BAU,Guatemala,AG1b,,,,2031,,,,,,0.11587024578266433
TotalTechnologyAnnualActivityLowerLimit,BAU,Guatemala,AG1b,,,,2032,,,,,,0.11218978844496168
TotalTechnologyAnnualActivityLowerLimit,BAU,Guatemala,AG1b,,,,2033,,,,,,0.10862623572002784
TotalTechnologyAnnualActivityLowerLimit,BAU,Guatemala,AG1b,,,,2034,,,,,,0.10517587429529522
TotalTechnologyAnnualActivityLowerLimit,BAU,Guatemala,AG1b,,,,2035,,,,,,0.10183510880640968
TotalTechnologyAnnualActivityLowerLimit,BAU,Guatemala,AG1b,,,,2036,,,,,,0.0986004580907695
TotalTechnologyAnnualActivityLowerLimit,BAU,Guatemala,AG1b,,,,2037,,,,,,0.09546855156006542
TotalTechnologyAnnualActivityLowerLimit,BAU,Guatemala,AG1b,,,,2038,,,,,,0.09243612568804181
TotalTechnologyAnnualActivityLowerLimit,BAU,Guatemala,AG1b,,,,2039,,,,,,0.08950002060981942
TotalTechnologyAnnualActivityLowerLimit,BAU,Guatemala,AG1b,,,,2040,,,,,,0.08665717682923575
TotalTechnologyAnnualActivityLowerLimit,BAU,Guatemala,AG1b,,,,2041,,,,,,0.0839046320307723
TotalTechnologyAnnualActivityLowerLimit,BAU,Guatemala,AG1b,,,,2042,,,,,,0.08123951799274634
TotalTechnologyAnnualActivityLowerLimit,BAU,Guatemala,AG1b,,,,2043,,,,,,0.07865905759855114
TotalTechnologyAnnualActivityLowerLimit,BAU,Guatemala,AG1b,,,,2044,,,,,,0.0761605619428297
TotalTechnologyAnnualActivityLowerLimit,BAU,Guatemala,AG1b,,,,2045,,,,,,0.07374142752956706
TotalTechnologyAnnualActivityLowerLimit,BAU,Guatemala,AG1b,,,,2046,,,,,,0.07139913355918119
TotalTechnologyAnnualActivityLowerLimit,BAU,Guatemala,AG1b,,,,2047,,,,,,0.06913123930178579
TotalTechnologyAnnualActivityLowerLimit,BAU,Guatemala,AG1b,,,,2048,,,,,,0.06693538155388756
TotalTechnologyAnnualActivityLowerLimit,BAU,Guatemala,AG1b,,,,2049,,,,,,0.0648092721758682
TotalTechnologyAnnualActivityLowerLimit,BAU,Guatemala,AG1b,,,,2050,,,,,,0.06275069570768461
TotalTechnologyAnnualActivityLowerLimit,BAU,Guatemala,AG2,,,,2016,,,,,,0.5129012525085148
TotalTechnologyAnnualActivityLowerLimit,BAU,Guatemala,AG2,,,,2017,,,,,,0.5143230977
TotalTechnologyAnnualActivityLowerLimit,BAU,Guatemala,AG2,,,,2018,,,,,,0.5166217484199999
TotalTechnologyAnnualActivityLowerLimit,BAU,Guatemala,AG2,,,,2019,,,,,,0.519245311898696
TotalTechnologyAnnualActivityLowerLimit,BAU,Guatemala,AG2,,,,2020,,,,,,0.5215270412984483
TotalTechnologyAnnualActivityLowerLimit,BAU,Guatemala,AG2,,,,2021,,,,,,0.5238086100510199
TotalTechnologyAnnualActivityLowerLimit,BAU,Guatemala,AG2,,,,2022,,,,,,0.5260900181733767
TotalTechnologyAnnualActivityLowerLimit,BAU,Guatemala,AG2,,,,2023,,,,,,0.5284755320130119
TotalTechnologyAnnualActivityLowerLimit,BAU,Guatemala,AG2,,,,2024,,,,,,0.5308718627776645
TotalTechnologyAnnualActivityLowerLimit,BAU,Guatemala,AG2,,,,2025,,,,,,0.5332790595158312
TotalTechnologyAnnualActivityLowerLimit,BAU,Guatemala,AG2,,,,2026,,,,,,0.5356971714984147
TotalTechnologyAnnualActivityLowerLimit,BAU,Guatemala,AG2,,,,2027,,,,,,0.538126248219733
TotalTechnologyAnnualActivityLowerLimit,BAU,Guatemala,AG2,,,,2028,,,,,,0.540566339398532
TotalTechnologyAnnualActivityLowerLimit,BAU,Guatemala,AG2,,,,2029,,,,,,0.5430174949790036
TotalTechnologyAnnualActivityLowerLimit,BAU,Guatemala,AG2,,,,2030,,,,,,0.5454797651318076
TotalTechnologyAnnualActivityLowerLimit,BAU,Guatemala,AG2,,,,2031,,,,,,0.5479532002550986
TotalTechnologyAnnualActivityLowerLimit,BAU,Guatemala,AG2,,,,2032,,,,,,0.5504378509755579
TotalTechnologyAnnualActivityLowerLimit,BAU,Guatemala,AG2,,,,2033,,,,,,0.5529337681494291
TotalTechnologyAnnualActivityLowerLimit,BAU,Guatemala,AG2,,,,2034,,,,,,0.55544100286356
TotalTechnologyAnnualActivityLowerLimit,BAU,Guatemala,AG2,,,,2035,,,,,,0.5579596064364474
TotalTechnologyAnnualActivityLowerLimit,BAU,Guatemala,AG2,,,,2036,,,,,,0.5604896304192876
TotalTechnologyAnnualActivityLowerLimit,BAU,Guatemala,AG2,,,,2037,,,,,,0.563031126597032
TotalTechnologyAnnualActivityLowerLimit,BAU,Guatemala,AG2,,,,2038,,,,,,0.5655841469894469
TotalTechnologyAnnualActivityLowerLimit,BAU,Guatemala,AG2,,,,2039,,,,,,0.568148743852178
TotalTechnologyAnnualActivityLowerLimit,BAU,Guatemala,AG2,,,,2040,,,,,,0.5707249696778198
TotalTechnologyAnnualActivityLowerLimit,BAU,Guatemala,AG2,,,,2041,,,,,,0.573312877196991
TotalTechnologyAnnualActivityLowerLimit,BAU,Guatemala,AG2,,,,2042,,,,,,0.5759125193794126
TotalTechnologyAnnualActivityLowerLimit,BAU,Guatemala,AG2,,,,2043,,,,,,0.5785239494349927
TotalTechnologyAnnualActivityLowerLimit,BAU,Guatemala,AG2,,,,2044,,,,,,0.581147220814916
TotalTechnologyAnnualActivityLowerLimit,BAU,Guatemala,AG2,,,,2045,,,,,,0.5837823872127369
TotalTechnologyAnnualActivityLowerLimit,BAU,Guatemala,AG2,,,,2046,,,,,,0.5864295025654791
TotalTechnologyAnnualActivityLowerLimit,BAU,Guatemala,AG2,,,,2047,,,,,,0.5890886210547398
TotalTechnologyAnnualActivityLowerLimit,BAU,Guatemala,AG2,,,,2048,,,,,,0.5917597971077979
TotalTechnologyAnnualActivityLowerLimit,BAU,Guatemala,AG2,,,,2049,,,,,,0.5944430853987289
TotalTechnologyAnnualActivityLowerLimit,BAU,Guatemala,AG2,,,,2050,,,,,,0.5971385408495234
TotalTechnologyAnnualActivityLowerLimit,BAU,Guatemala,AG3,,,,2016,,,,,,0.107614692
TotalTechnologyAnnualActivityLowerLimit,BAU,Guatemala,AG3,,,,2017,,,,,,0.125550474
TotalTechnologyAnnualActivityLowerLimit,BAU,Guatemala,AG3,,,,2018,,,,,,0.143486256
TotalTechnologyAnnualActivityLowerLimit,BAU,Guatemala,AG3,,,,2019,,,,,,0.161422038
TotalTechnologyAnnualActivityLowerLimit,BAU,Guatemala,AG3,,,,2020,,,,,,0.17935782
TotalTechnologyAnnualActivityLowerLimit,BAU,Guatemala,AG3,,,,2021,,,,,,0.18356680996194
TotalTechnologyAnnualActivityLowerLimit,BAU,Guatemala,AG3,,,,2022,,,,,,0.18775837450061092
TotalTechnologyAnnualActivityLowerLimit,BAU,Guatemala,AG3,,,,2023,,,,,,0.19192679817289898
TotalTechnologyAnnualActivityLowerLimit,BAU,Guatemala,AG3,,,,2024,,,,,,0.19606627535589205
TotalTechnologyAnnualActivityLowerLimit,BAU,Guatemala,AG3,,,,2025,,,,,,0.20029503278276792
TotalTechnologyAnnualActivityLowerLimit,BAU,Guatemala,AG3,,,,2026,,,,,,0.20461499604982666
TotalTechnologyAnnualActivityLowerLimit,BAU,Guatemala,AG3,,,,2027,,,,,,0.20902813228462933
TotalTechnologyAnnualActivityLowerLimit,BAU,Guatemala,AG3,,,,2028,,,,,,0.21353645104174424
TotalTechnologyAnnualActivityLowerLimit,BAU,Guatemala,AG3,,,,2029,,,,,,0.21814200521781257
TotalTechnologyAnnualActivityLowerLimit,BAU,Guatemala,AG3,,,,2030,,,,,,0.22284689198635035
TotalTechnologyAnnualActivityLowerLimit,BAU,Guatemala,AG3,,,,2031,,,,,,0.22765325375271195
TotalTechnologyAnnualActivityLowerLimit,BAU,Guatemala,AG3,,,,2032,,,,,,0.23256327912965044
TotalTechnologyAnnualActivityLowerLimit,BAU,Guatemala,AG3,,,,2033,,,,,,0.23757920393391876
TotalTechnologyAnnualActivityLowerLimit,BAU,Guatemala,AG3,,,,2034,,,,,,0.24270331220436553
TotalTechnologyAnnualActivityLowerLimit,BAU,Guatemala,AG3,,,,2035,,,,,,0.24793793724198931
TotalTechnologyAnnualActivityLowerLimit,BAU,Guatemala,AG3,,,,2036,,,,,,0.2532854626724245
TotalTechnologyAnnualActivityLowerLimit,BAU,Guatemala,AG3,,,,2037,,,,,,0.2587483235313434
TotalTechnologyAnnualActivityLowerLimit,BAU,Guatemala,AG3,,,,2038,,,,,,0.2643290073732674
TotalTechnologyAnnualActivityLowerLimit,BAU,Guatemala,AG3,,,,2039,,,,,,0.27003005540429403
TotalTechnologyAnnualActivityLowerLimit,BAU,Guatemala,AG3,,,,2040,,,,,,0.27585406363925385
TotalTechnologyAnnualActivityLowerLimit,BAU,Guatemala,AG3,,,,2041,,,,,,0.2818036840838253
TotalTechnologyAnnualActivityLowerLimit,BAU,Guatemala,AG3,,,,2042,,,,,,0.2878816259421452
TotalTechnologyAnnualActivityLowerLimit,BAU,Guatemala,AG3,,,,2043,,,,,,0.2940906568504655
TotalTechnologyAnnualActivityLowerLimit,BAU,Guatemala,AG3,,,,2044,,,,,,0.30043360413741627
TotalTechnologyAnnualActivityLowerLimit,BAU,Guatemala,AG3,,,,2045,,,,,,0.3069133561114521
TotalTechnologyAnnualActivityLowerLimit,BAU,Guatemala,AG3,,,,2046,,,,,,0.31353286337606395
TotalTechnologyAnnualActivityLowerLimit,BAU,Guatemala,AG3,,,,2047,,,,,,0.3202951401733589
TotalTechnologyAnnualActivityLowerLimit,BAU,Guatemala,AG3,,,,2048,,,,,,0.32720326575661796
TotalTechnologyAnnualActivityLowerLimit,BAU,Guatemala,AG3,,,,2049,,,,,,0.3342603857924567
TotalTechnologyAnnualActivityLowerLimit,BAU,Guatemala,AG3,,,,2050,,,,,,0.3414697137932284
TotalTechnologyAnnualActivityLowerLimit,BAU,Guatemala,AG4,,,,2016,,,,,,0.0
TotalTechnologyAnnualActivityLowerLimit,BAU,Guatemala,AG4,,,,2017,,,,,,0.0
TotalTechnologyAnnualActivityLowerLimit,BAU,Guatemala,AG4,,,,2018,,,,,,0.0
TotalTechnologyAnnualActivityLowerLimit,BAU,Guatemala,AG4,,,,2019,,,,,,0.0
TotalTechnologyAnnualActivityLowerLimit,BAU,Guatemala,AG4,,,,2020,,,,,,0.0
TotalTechnologyAnnualActivityLowerLimit,BAU,Guatemala,AG4,,,,2021,,,,,,0.0
TotalTechnologyAnnualActivityLowerLimit,BAU,Guatemala,AG4,,,,2022,,,,,,0.0
TotalTechnologyAnnualActivityLowerLimit,BAU,Guatemala,AG4,,,,2023,,,,,,0.0
TotalTechnologyAnnualActivityLowerLimit,BAU,Guatemala,AG4,,,,2024,,,,,,0.0
TotalTechnologyAnnualActivityLowerLimit,BAU,Guatemala,AG4,,,,2025,,,,,,0.0012750706683786121
TotalTechnologyAnnualActivityLowerLimit,BAU,Guatemala,AG4,,,,2026,,,,,,0.002604714023960114
TotalTechnologyAnnualActivityLowerLimit,BAU,Guatemala,AG4,,,,2027,,,,,,0.003992237304145762
TotalTechnologyAnnualActivityLowerLimit,BAU,Guatemala,AG4,,,,2028,,,,,,0.005441071785882377
TotalTechnologyAnnualActivityLowerLimit,BAU,Guatemala,AG4,,,,2029,,,,,,0.006954757306376239
TotalTechnologyAnnualActivityLowerLimit,BAU,Guatemala,AG4,,,,2030,,,,,,0.008536957731092639
TotalTechnologyAnnualActivityLowerLimit,BAU,Guatemala,AG4,,,,2031,,,,,,0.010191452509196184
TotalTechnologyAnnualActivityLowerLimit,BAU,Guatemala,AG4,,,,2032,,,,,,0.011922148866231408
TotalTechnologyAnnualActivityLowerLimit,BAU,Guatemala,AG4,,,,2033,,,,,,0.013733087338899379
TotalTechnologyAnnualActivityLowerLimit,BAU,Guatemala,AG4,,,,2034,,,,,,0.015628483319147256
TotalTechnologyAnnualActivityLowerLimit,BAU,Guatemala,AG4,,,,2035,,,,,,0.017612695854563674
TotalTechnologyAnnualActivityLowerLimit,BAU,Guatemala,AG4,,,,2036,,,,,,0.01969027702796168
TotalTechnologyAnnualActivityLowerLimit,BAU,Guatemala,AG4,,,,2037,,,,,,0.02186598377372266
TotalTechnologyAnnualActivityLowerLimit,BAU,Guatemala,AG4,,,,2038,,,,,,0.024144796916012245
TotalTechnologyAnnualActivityLowerLimit,BAU,Guatemala,AG4,,,,2039,,,,,,0.02653197313831153
TotalTechnologyAnnualActivityLowerLimit,BAU,Guatemala,AG4,,,,2040,,,,,,0.029033054165061387
TotalTechnologyAnnualActivityLowerLimit,BAU,Guatemala,AG4,,,,2041,,,,,,0.03165388123720535
TotalTechnologyAnnualActivityLowerLimit,BAU,Guatemala,AG4,,,,2042,,,,,,0.03440060248334974
TotalTechnologyAnnualActivityLowerLimit,BAU,Guatemala,AG4,,,,2043,,,,,,0.03727972598060622
TotalTechnologyAnnualActivityLowerLimit,BAU,Guatemala,AG4,,,,2044,,,,,,0.040298111006661204
TotalTechnologyAnnualActivityLowerLimit,BAU,Guatemala,AG4,,,,2045,,,,,,0.0434630055927778
TotalTechnologyAnnualActivityLowerLimit,BAU,Guatemala,AG4,,,,2046,,,,,,0.04678203504936438
TotalTechnologyAnnualActivityLowerLimit,BAU,Guatemala,AG4,,,,2047,,,,,,0.050263275856275574
TotalTechnologyAnnualActivityLowerLimit,BAU,Guatemala,AG4,,,,2048,,,,,,0.053915237194010174
TotalTechnologyAnnualActivityLowerLimit,BAU,Guatemala,AG4,,,,2049,,,,,,0.057746931820890864
TotalTechnologyAnnualActivityLowerLimit,BAU,Guatemala,AG4,,,,2050,,,,,,0.06176787681866391
TotalTechnologyAnnualActivityLowerLimit,BAU,Guatemala,GAN1,,,,2016,,,,,,0.281321188
TotalTechnologyAnnualActivityLowerLimit,BAU,Guatemala,GAN1,,,,2017,,,,,,0.312178608
TotalTechnologyAnnualActivityLowerLimit,BAU,Guatemala,GAN1,,,,2018,,,,,,0.3308046720000001
TotalTechnologyAnnualActivityLowerLimit,BAU,Guatemala,GAN1,,,,2019,,,,,,0.3639903500000001
TotalTechnologyAnnualActivityLowerLimit,BAU,Guatemala,GAN1,,,,2020,,,,,,0.39872820000000003
TotalTechnologyAnnualActivityLowerLimit,BAU,Guatemala,GAN1,,,,2021,,,,,,0.41406390000000004
TotalTechnologyAnnualActivityLowerLimit,BAU,Guatemala,GAN1,,,,2022,,,,,,0.42939960000000005
TotalTechnologyAnnualActivityLowerLimit,BAU,Guatemala,GAN1,,,,2023,,,,,,0.4447353
TotalTechnologyAnnualActivityLowerLimit,BAU,Guatemala,GAN1,,,,2024,,,,,,0.460071
TotalTechnologyAnnualActivityLowerLimit,BAU,Guatemala,GAN1,,,,2025,,,,,,0.46927241999999997
TotalTechnologyAnnualActivityLowerLimit,BAU,Guatemala,GAN1,,,,2026,,,,,,0.47865786839999996
TotalTechnologyAnnualActivityLowerLimit,BAU,Guatemala,GAN1,,,,2027,,,,,,0.488231025768
TotalTechnologyAnnualActivityLowerLimit,BAU,Guatemala,GAN1,,,,2028,,,,,,0.49799564628336
TotalTechnologyAnnualActivityLowerLimit,BAU,Guatemala,GAN1,,,,2029,,,,,,0.5079555592090272
TotalTechnologyAnnualActivityLowerLimit,BAU,Guatemala,GAN1,,,,2030,,,,,,0.5181146703932078
TotalTechnologyAnnualActivityLowerLimit,BAU,Guatemala,GAN1,,,,2031,,,,,,0.5284769638010719
TotalTechnologyAnnualActivityLowerLimit,BAU,Guatemala,GAN1,,,,2032,,,,,,0.5390465030770932
TotalTechnologyAnnualActivityLowerLimit,BAU,Guatemala,GAN1,,,,2033,,,,,,0.5498274331386351
TotalTechnologyAnnualActivityLowerLimit,BAU,Guatemala,GAN1,,,,2034,,,,,,0.5608239818014079
TotalTechnologyAnnualActivityLowerLimit,BAU,Guatemala,GAN1,,,,2035,,,,,,0.566432221619422
TotalTechnologyAnnualActivityLowerLimit,BAU,Guatemala,GAN1,,,,2036,,,,,,0.5720965438356163
TotalTechnologyAnnualActivityLowerLimit,BAU,Guatemala,GAN1,,,,2037,,,,,,0.5778175092739724
TotalTechnologyAnnualActivityLowerLimit,BAU,Guatemala,GAN1,,,,2038,,,,,,0.5835956843667122
TotalTechnologyAnnualActivityLowerLimit,BAU,Guatemala,GAN1,,,,2039,,,,,,0.5894316412103792
TotalTechnologyAnnualActivityLowerLimit,BAU,Guatemala,GAN1,,,,2040,,,,,,0.595325957622483
TotalTechnologyAnnualActivityLowerLimit,BAU,Guatemala,GAN1,,,,2041,,,,,,0.6012792171987079
TotalTechnologyAnnualActivityLowerLimit,BAU,Guatemala,GAN1,,,,2042,,,,,,0.6072920093706949
TotalTechnologyAnnualActivityLowerLimit,BAU,Guatemala,GAN1,,,,2043,,,,,,0.6133649294644019
TotalTechnologyAnnualActivityLowerLimit,BAU,Guatemala,GAN1,,,,2044,,,,,,0.6194985787590459
TotalTechnologyAnnualActivityLowerLimit,BAU,Guatemala,GAN1,,,,2045,,,,,,0.6256935645466364
TotalTechnologyAnnualActivityLowerLimit,BAU,Guatemala,GAN1,,,,2046,,,,,,0.6319505001921027
TotalTechnologyAnnualActivityLowerLimit,BAU,Guatemala,GAN1,,,,2047,,,,,,0.6382700051940239
TotalTechnologyAnnualActivityLowerLimit,BAU,Guatemala,GAN1,,,,2048,,,,,,0.6446527052459641
TotalTechnologyAnnualActivityLowerLimit,BAU,Guatemala,GAN1,,,,2049,,,,,,0.6510992322984238
TotalTechnologyAnnualActivityLowerLimit,BAU,Guatemala,GAN1,,,,2050,,,,,,0.6576102246214081
TotalTechnologyAnnualActivityLowerLimit,BAU,Guatemala,GAN2,,,,2016,,,,,,0.03283771428571429
TotalTechnologyAnnualActivityLowerLimit,BAU,Guatemala,GAN2,,,,2017,,,,,,0.03468478571428572
TotalTechnologyAnnualActivityLowerLimit,BAU,Guatemala,GAN2,,,,2018,,,,,,0.036531857142857144
TotalTechnologyAnnualActivityLowerLimit,BAU,Guatemala,GAN2,,,,2019,,,,,,0.03837892857142857
TotalTechnologyAnnualActivityLowerLimit,BAU,Guatemala,GAN2,,,,2020,,,,,,0.040226
TotalTechnologyAnnualActivityLowerLimit,BAU,Guatemala,GAN2,,,,2021,,,,,,0.04216196585551967
TotalTechnologyAnnualActivityLowerLimit,BAU,Guatemala,GAN2,,,,2022,,,,,,0.044191104380301466
TotalTechnologyAnnualActivityLowerLimit,BAU,Guatemala,GAN2,,,,2023,,,,,,0.046317899716600615
TotalTechnologyAnnualActivityLowerLimit,BAU,Guatemala,GAN2,,,,2024,,,,,,0.04854705181600705
TotalTechnologyAnnualActivityLowerLimit,BAU,Guatemala,GAN2,,,,2025,,,,,,0.05088348682575035
TotalTechnologyAnnualActivityLowerLimit,BAU,Guatemala,GAN2,,,,2026,,,,,,0.053332367974868775
TotalTechnologyAnnualActivityLowerLimit,BAU,Guatemala,GAN2,,,,2027,,,,,,0.05589910698429941
TotalTechnologyAnnualActivityLowerLimit,BAU,Guatemala,GAN2,,,,2028,,,,,,0.05858937602610433
TotalTechnologyAnnualActivityLowerLimit,BAU,Guatemala,GAN2,,,,2029,,,,,,0.061409120258261174
TotalTechnologyAnnualActivityLowerLimit,BAU,Guatemala,GAN2,,,,2030,,,,,,0.06436457096271837
TotalTechnologyAnnualActivityLowerLimit,BAU,Guatemala,GAN2,,,,2031,,,,,,0.06746225931574865
TotalTechnologyAnnualActivityLowerLimit,BAU,Guatemala,GAN2,,,,2032,,,,,,0.07070903082103139
TotalTechnologyAnnualActivityLowerLimit,BAU,Guatemala,GAN2,,,,2033,,,,,,0.07411206043735925
TotalTechnologyAnnualActivityLowerLimit,BAU,Guatemala,GAN2,,,,2034,,,,,,0.07767886843439943
TotalTechnologyAnnualActivityLowerLimit,BAU,Guatemala,GAN2,,,,2035,,,,,,0.08141733701154859
TotalTechnologyAnnualActivityLowerLimit,BAU,Guatemala,GAN2,,,,2036,,,,,,0.08533572771660743
TotalTechnologyAnnualActivityLowerLimit,BAU,Guatemala,GAN2,,,,2037,,,,,,0.08944269970276751
TotalTechnologyAnnualActivityLowerLimit,BAU,Guatemala,GAN2,,,,2038,,,,,,0.09374732886425653
TotalTechnologyAnnualActivityLowerLimit,BAU,Guatemala,GAN2,,,,2039,,,,,,0.0982591278929289
TotalTechnologyAnnualActivityLowerLimit,BAU,Guatemala,GAN2,,,,2040,,,,,,0.10298806730012451
TotalTechnologyAnnualActivityLowerLimit,BAU,Guatemala,GAN2,,,,2041,,,,,,0.10794459745025138
TotalTechnologyAnnualActivityLowerLimit,BAU,Guatemala,GAN2,,,,2042,,,,,,0.11313967165478335
TotalTechnologyAnnualActivityLowerLimit,BAU,Guatemala,GAN2,,,,2043,,,,,,0.11858477037770802
TotalTechnologyAnnualActivityLowerLimit,BAU,Guatemala,GAN2,,,,2044,,,,,,0.12429192660591573
TotalTechnologyAnnualActivityLowerLimit,BAU,Guatemala,GAN2,,,,2045,,,,,,0.13027375244059505
TotalTechnologyAnnualActivityLowerLimit,BAU,Guatemala,GAN2,,,,2046,,,,,,0.13654346696839834
TotalTechnologyAnnualActivityLowerLimit,BAU,Guatemala,GAN2,,,,2047,,,,,,0.1431149254739693
TotalTechnologyAnnualActivityLowerLimit,BAU,Guatemala,GAN2,,,,2048,,,,,,0.15000265005838853
TotalTechnologyAnnualActivityLowerLimit,BAU,Guatemala,GAN2,,,,2049,,,,,,0.1572218617311998
TotalTechnologyAnnualActivityLowerLimit,BAU,Guatemala,GAN2,,,,2050,,,,,,0.16478851404693684
TotalTechnologyAnnualActivityLowerLimit,BAU,Guatemala,GAN3,,,,2016,,,,,,0.027281694739324392
TotalTechnologyAnnualActivityLowerLimit,BAU,Guatemala,GAN3,,,,2017,,,,,,0.027556333548122557
TotalTechnologyAnnualActivityLowerLimit,BAU,Guatemala,GAN3,,,,2018,,,,,,0.02783097235692071
TotalTechnologyAnnualActivityLowerLimit,BAU,Guatemala,GAN3,,,,2019,,,,,,0.02810561116571884
TotalTechnologyAnnualActivityLowerLimit,BAU,Guatemala,GAN3,,,,2020,,,,,,0.028380521894129655
TotalTechnologyAnnualActivityLowerLimit,BAU,Guatemala,GAN3,,,,2021,,,,,,0.028655160702927784
TotalTechnologyAnnualActivityLowerLimit,BAU,Guatemala,GAN3,,,,2022,,,,,,0.028929799511725942
TotalTechnologyAnnualActivityLowerLimit,BAU,Guatemala,GAN3,,,,2023,,,,,,0.029212595991944763
TotalTechnologyAnnualActivityLowerLimit,BAU,Guatemala,GAN3,,,,2024,,,,,,0.0294981568829296
TotalTechnologyAnnualActivityLowerLimit,BAU,Guatemala,GAN3,,,,2025,,,,,,0.029254839263767932
TotalTechnologyAnnualActivityLowerLimit,BAU,Guatemala,GAN3,,,,2026,,,,,,0.029514604659712694
TotalTechnologyAnnualActivityLowerLimit,BAU,Guatemala,GAN3,,,,2027,,,,,,0.029775221715951414
TotalTechnologyAnnualActivityLowerLimit,BAU,Guatemala,GAN3,,,,2028,,,,,,0.030036577222511046
TotalTechnologyAnnualActivityLowerLimit,BAU,Guatemala,GAN3,,,,2029,,,,,,0.03029854689586638
TotalTechnologyAnnualActivityLowerLimit,BAU,Guatemala,GAN3,,,,2030,,,,,,0.030560994350830695
TotalTechnologyAnnualActivityLowerLimit,BAU,Guatemala,GAN3,,,,2031,,,,,,0.030823769969904387
TotalTechnologyAnnualActivityLowerLimit,BAU,Guatemala,GAN3,,,,2032,,,,,,0.031086709659278868
TotalTechnologyAnnualActivityLowerLimit,BAU,Guatemala,GAN3,,,,2033,,,,,,0.03134963347951894
TotalTechnologyAnnualActivityLowerLimit,BAU,Guatemala,GAN3,,,,2034,,,,,,0.031612344137642426
TotalTechnologyAnnualActivityLowerLimit,BAU,Guatemala,GAN3,,,,2035,,,,,,0.0318746253258682
TotalTechnologyAnnualActivityLowerLimit,BAU,Guatemala,GAN3,,,,2036,,,,,,0.03213623989069477
TotalTechnologyAnnualActivityLowerLimit,BAU,Guatemala,GAN3,,,,2037,,,,,,0.032396927814185295
TotalTechnologyAnnualActivityLowerLimit,BAU,Guatemala,GAN3,,,,2038,,,,,,0.03265640398735011
TotalTechnologyAnnualActivityLowerLimit,BAU,Guatemala,GAN3,,,,2039,,,,,,0.032914355753313355
TotalTechnologyAnnualActivityLowerLimit,BAU,Guatemala,GAN3,,,,2040,,,,,,0.03317044019550064
TotalTechnologyAnnualActivityLowerLimit,BAU,Guatemala,GAN3,,,,2041,,,,,,0.03342428114336367
TotalTechnologyAnnualActivityLowerLimit,BAU,Guatemala,GAN3,,,,2042,,,,,,0.033675465865134
TotalTechnologyAnnualActivityLowerLimit,BAU,Guatemala,GAN3,,,,2043,,,,,,0.03392354141373813
TotalTechnologyAnnualActivityLowerLimit,BAU,Guatemala,GAN3,,,,2044,,,,,,0.034168010588273186
TotalTechnologyAnnualActivityLowerLimit,BAU,Guatemala,GAN3,,,,2045,,,,,,0.03440832746929315
TotalTechnologyAnnualActivityLowerLimit,BAU,Guatemala,GAN3,,,,2046,,,,,,0.03464389248154529
TotalTechnologyAnnualActivityLowerLimit,BAU,Guatemala,GAN3,,,,2047,,,,,,0.0348740469326721
TotalTechnologyAnnualActivityLowerLimit,BAU,Guatemala,GAN3,,,,2048,,,,,,0.03509806697069892
TotalTechnologyAnnualActivityLowerLimit,BAU,Guatemala,GAN3,,,,2049,,,,,,0.03531515689679805
TotalTechnologyAnnualActivityLowerLimit,BAU,Guatemala,GAN3,,,,2050,,,,,,0.03552438458642631
TotalTechnologyAnnualActivityLowerLimit,BAU,Guatemala,FOLU1,,,,2016,,,,,,0.09313386652409815
TotalTechnologyAnnualActivityLowerLimit,BAU,Guatemala,FOLU1,,,,2017,,,,,,0.09290379999999997
TotalTechnologyAnnualActivityLowerLimit,BAU,Guatemala,FOLU1,,,,2018,,,,,,0.09558555916999997
TotalTechnologyAnnualActivityLowerLimit,BAU,Guatemala,FOLU1,,,,2019,,,,,,0.09832884666986412
TotalTechnologyAnnualActivityLowerLimit,BAU,Guatemala,FOLU1,,,,2020,,,,,,0.10100872892067023
TotalTechnologyAnnualActivityLowerLimit,BAU,Guatemala,FOLU1,,,,2021,,,,,,0.10368842249199171
TotalTechnologyAnnualActivityLowerLimit,BAU,Guatemala,FOLU1,,,,2022,,,,,,0.10636792740375431
TotalTechnologyAnnualActivityLowerLimit,BAU,Guatemala,FOLU1,,,,2023,,,,,,0.1092864780727893
TotalTechnologyAnnualActivityLowerLimit,BAU,Guatemala,FOLU1,,,,2024,,,,,,0.11228510868900039
TotalTechnologyAnnualActivityLowerLimit,BAU,Guatemala,FOLU1,,,,2025,,,,,,0.11536601650666443
TotalTechnologyAnnualActivityLowerLimit,BAU,Guatemala,FOLU1,,,,2026,,,,,,0.11853145906888872
TotalTechnologyAnnualActivityLowerLimit,BAU,Guatemala,FOLU1,,,,2027,,,,,,0.12178375586183149
TotalTechnologyAnnualActivityLowerLimit,BAU,Guatemala,FOLU1,,,,2028,,,,,,0.12512529001431136
TotalTechnologyAnnualActivityLowerLimit,BAU,Guatemala,FOLU1,,,,2029,,,,,,0.12855851004405103
TotalTechnologyAnnualActivityLowerLimit,BAU,Guatemala,FOLU1,,,,2030,,,,,,0.13208593165183508
TotalTechnologyAnnualActivityLowerLimit,BAU,Guatemala,FOLU1,,,,2031,,,,,,0.13571013956489597
TotalTechnologyAnnualActivityLowerLimit,BAU,Guatemala,FOLU1,,,,2032,,,,,,0.13943378943087972
TotalTechnologyAnnualActivityLowerLimit,BAU,Guatemala,FOLU1,,,,2033,,,,,,0.14325960976377847
TotalTechnologyAnnualActivityLowerLimit,BAU,Guatemala,FOLU1,,,,2034,,,,,,0.147190403943256
TotalTechnologyAnnualActivityLowerLimit,BAU,Guatemala,FOLU1,,,,2035,,,,,,0.1512290522688316
TotalTechnologyAnnualActivityLowerLimit,BAU,Guatemala,FOLU1,,,,2036,,,,,,0.15537851407042677
TotalTechnologyAnnualActivityLowerLimit,BAU,Guatemala,FOLU1,,,,2037,,,,,,0.15964182987682185
TotalTechnologyAnnualActivityLowerLimit,BAU,Guatemala,FOLU1,,,,2038,,,,,,0.1640221236436112
TotalTechnologyAnnualActivityLowerLimit,BAU,Guatemala,FOLU1,,,,2039,,,,,,0.1685226050422899
TotalTechnologyAnnualActivityLowerLimit,BAU,Guatemala,FOLU1,,,,2040,,,,,,0.17314657181214854
TotalTechnologyAnnualActivityLowerLimit,BAU,Guatemala,FOLU1,,,,2041,,,,,,0.17789741217670024
TotalTechnologyAnnualActivityLowerLimit,BAU,Guatemala,FOLU1,,,,2042,,,,,,0.18277860732641016
TotalTechnologyAnnualActivityLowerLimit,BAU,Guatemala,FOLU1,,,,2043,,,,,,0.18779373396954668
TotalTechnologyAnnualActivityLowerLimit,BAU,Guatemala,FOLU1,,,,2044,,,,,,0.19294646695302356
TotalTechnologyAnnualActivityLowerLimit,BAU,Guatemala,FOLU1,,,,2045,,,,,,0.1982405819551535
TotalTechnologyAnnualActivityLowerLimit,BAU,Guatemala,FOLU1,,,,2046,,,,,,0.2036799582522861
TotalTechnologyAnnualActivityLowerLimit,BAU,Guatemala,FOLU1,,,,2047,,,,,,0.20926858156135741
TotalTechnologyAnnualActivityLowerLimit,BAU,Guatemala,FOLU1,,,,2048,,,,,,0.21501054696043453
TotalTechnologyAnnualActivityLowerLimit,BAU,Guatemala,FOLU1,,,,2049,,,,,,0.22091006188939427
TotalTechnologyAnnualActivityLowerLimit,BAU,Guatemala,FOLU1,,,,2050,,,,,,0.22697144923293572
TotalTechnologyAnnualActivityLowerLimit,BAU,Guatemala,FOLU2,,,,2016,,,,,,0.0477251
TotalTechnologyAnnualActivityLowerLimit,BAU,Guatemala,FOLU2,,,,2017,,,,,,0.07706302799999999
TotalTechnologyAnnualActivityLowerLimit,BAU,Guatemala,FOLU2,,,,2018,,,,,,0.10460454744
TotalTechnologyAnnualActivityLowerLimit,BAU,Guatemala,FOLU2,,,,2019,,,,,,0.13915894649119998
TotalTechnologyAnnualActivityLowerLimit,BAU,Guatemala,FOLU2,,,,2020,,,,,,0.167712397561376
TotalTechnologyAnnualActivityLowerLimit,BAU,Guatemala,FOLU2,,,,2021,,,,,,0.19823743961014845
TotalTechnologyAnnualActivityLowerLimit,BAU,Guatemala,FOLU2,,,,2022,,,,,,0.2200448508179455
TotalTechnologyAnnualActivityLowerLimit,BAU,Guatemala,FOLU2,,,,2023,,,,,,0.22972966380158658
TotalTechnologyAnnualActivityLowerLimit,BAU,Guatemala,FOLU2,,,,2024,,,,,,0.23697689052555487
TotalTechnologyAnnualActivityLowerLimit,BAU,Guatemala,FOLU2,,,,2025,,,,,,0.24445274377654388
TotalTechnologyAnnualActivityLowerLimit,BAU,Guatemala,FOLU2,,,,2026,,,,,,0.25216443598088556
TotalTechnologyAnnualActivityLowerLimit,BAU,Guatemala,FOLU2,,,,2027,,,,,,0.2601194070935993
TotalTechnologyAnnualActivityLowerLimit,BAU,Guatemala,FOLU2,,,,2028,,,,,,0.26832533177618484
TotalTechnologyAnnualActivityLowerLimit,BAU,Guatemala,FOLU2,,,,2029,,,,,,0.2767901268008515
TotalTechnologyAnnualActivityLowerLimit,BAU,Guatemala,FOLU2,,,,2030,,,,,,0.2855219586883269
TotalTechnologyAnnualActivityLowerLimit,BAU,Guatemala,FOLU2,,,,2031,,,,,,0.2945292515866136
TotalTechnologyAnnualActivityLowerLimit,BAU,Guatemala,FOLU2,,,,2032,,,,,,0.30382069539829487
TotalTechnologyAnnualActivityLowerLimit,BAU,Guatemala,FOLU2,,,,2033,,,,,,0.31340525416423143
TotalTechnologyAnnualActivityLowerLimit,BAU,Guatemala,FOLU2,,,,2034,,,,,,0.3232921747117354
TotalTechnologyAnnualActivityLowerLimit,BAU,Guatemala,FOLU2,,,,2035,,,,,,0.3334909955755673
TotalTechnologyAnnualActivityLowerLimit,BAU,Guatemala,FOLU2,,,,2036,,,,,,0.3440115562003609
TotalTechnologyAnnualActivityLowerLimit,BAU,Guatemala,FOLU2,,,,2037,,,,,,0.3548640064333549
TotalTechnologyAnnualActivityLowerLimit,BAU,Guatemala,FOLU2,,,,2038,,,,,,0.36605881631658993
TotalTechnologyAnnualActivityLowerLimit,BAU,Guatemala,FOLU2,,,,2039,,,,,,0.377606786188017
TotalTechnologyAnnualActivityLowerLimit,BAU,Guatemala,FOLU2,,,,2040,,,,,,0.3895190571012636
TotalTechnologyAnnualActivityLowerLimit,BAU,Guatemala,FOLU2,,,,2041,,,,,,0.40180712157410986
TotalTechnologyAnnualActivityLowerLimit,BAU,Guatemala,FOLU2,,,,2042,,,,,,0.41448283467604385
TotalTechnologyAnnualActivityLowerLimit,BAU,Guatemala,FOLU2,,,,2043,,,,,,0.4275584254655934
TotalTechnologyAnnualActivityLowerLimit,BAU,Guatemala,FOLU2,,,,2044,,,,,,0.4410465087884692
TotalTechnologyAnnualActivityLowerLimit,BAU,Guatemala,FOLU2,,,,2045,,,,,,0.4549600974479004
TotalTechnologyAnnualActivityLowerLimit,BAU,Guatemala,FOLU2,,,,2046,,,,,,0.4693126147589054
TotalTechnologyAnnualActivityLowerLimit,BAU,Guatemala,FOLU2,,,,2047,,,,,,0.48411790749860895
TotalTechnologyAnnualActivityLowerLimit,BAU,Guatemala,FOLU2,,,,2048,,,,,,0.49939025926509983
TotalTechnologyAnnualActivityLowerLimit,BAU,Guatemala,FOLU2,,,,2049,,,,,,0.5151444042577173
TotalTechnologyAnnualActivityLowerLimit,BAU,Guatemala,FOLU2,,,,2050,,,,,,0.5313955414920611
TotalTechnologyAnnualActivityLowerLimit,BAU,Guatemala,FOLU3,,,,2016,,,,,,0.03359903087783716
TotalTechnologyAnnualActivityLowerLimit,BAU,Guatemala,FOLU3,,,,2017,,,,,,0.05179319302493396
TotalTechnologyAnnualActivityLowerLimit,BAU,Guatemala,FOLU3,,,,2018,,,,,,0.053120981281217686
TotalTechnologyAnnualActivityLowerLimit,BAU,Guatemala,FOLU3,,,,2019,,,,,,0.05773762797564114
TotalTechnologyAnnualActivityLowerLimit,BAU,Guatemala,FOLU3,,,,2020,,,,,,0.06314049396224092
TotalTechnologyAnnualActivityLowerLimit,BAU,Guatemala,FOLU3,,,,2021,,,,,,0.065683281398873
TotalTechnologyAnnualActivityLowerLimit,BAU,Guatemala,FOLU3,,,,2022,,,,,,0.06970579577703022
TotalTechnologyAnnualActivityLowerLimit,BAU,Guatemala,FOLU3,,,,2023,,,,,,0.07521514739345748
TotalTechnologyAnnualActivityLowerLimit,BAU,Guatemala,FOLU3,,,,2024,,,,,,0.0808444405347998
TotalTechnologyAnnualActivityLowerLimit,BAU,Guatemala,FOLU3,,,,2025,,,,,,0.08663053819744271
TotalTechnologyAnnualActivityLowerLimit,BAU,Guatemala,FOLU3,,,,2026,,,,,,0.09257832802646812
TotalTechnologyAnnualActivityLowerLimit,BAU,Guatemala,FOLU3,,,,2027,,,,,,0.0986928638992447
TotalTechnologyAnnualActivityLowerLimit,BAU,Guatemala,FOLU3,,,,2028,,,,,,0.10497937191043104
TotalTechnologyAnnualActivityLowerLimit,BAU,Guatemala,FOLU3,,,,2029,,,,,,0.11144325657970909
TotalTechnologyAnnualActivityLowerLimit,BAU,Guatemala,FOLU3,,,,2030,,,,,,0.11809010729068596
TotalTechnologyAnnualActivityLowerLimit,BAU,Guatemala,FOLU3,,,,2031,,,,,,0.124925704969726
TotalTechnologyAnnualActivityLowerLimit,BAU,Guatemala,FOLU3,,,,2032,,,,,,0.13195602901380907
TotalTechnologyAnnualActivityLowerLimit,BAU,Guatemala,FOLU3,,,,2033,,,,,,0.13918726447685945
TotalTechnologyAnnualActivityLowerLimit,BAU,Guatemala,FOLU3,,,,2034,,,,,,0.1466258095243512
TotalTechnologyAnnualActivityLowerLimit,BAU,Guatemala,FOLU3,,,,2035,,,,,,0.1542782831663711
TotalTechnologyAnnualActivityLowerLimit,BAU,Guatemala,FOLU3,,,,2036,,,,,,0.16215153327970905
TotalTechnologyAnnualActivityLowerLimit,BAU,Guatemala,FOLU3,,,,2037,,,,,,0.17025264492995226
TotalTechnologyAnnualActivityLowerLimit,BAU,Guatemala,FOLU3,,,,2038,,,,,,0.17858894900497782
TotalTechnologyAnnualActivityLowerLimit,BAU,Guatemala,FOLU3,,,,2039,,,,,,0.18716803117167607
TotalTechnologyAnnualActivityLowerLimit,BAU,Guatemala,FOLU3,,,,2040,,,,,,0.19599774116818927
TotalTechnologyAnnualActivityLowerLimit,BAU,Guatemala,FOLU3,,,,2041,,,,,,0.20508620244442125
TotalTechnologyAnnualActivityLowerLimit,BAU,Guatemala,FOLU3,,,,2042,,,,,,0.21444182216406246
TotalTechnologyAnnualActivityLowerLimit,BAU,Guatemala,FOLU3,,,,2043,,,,,,0.22407330158188188
TotalTechnologyAnnualActivityLowerLimit,BAU,Guatemala,FOLU3,,,,2044,,,,,,0.23398964681056386
TotalTechnologyAnnualActivityLowerLimit,BAU,Guatemala,FOLU3,,,,2045,,,,,,0.24420017999191657
TotalTechnologyAnnualActivityLowerLimit,BAU,Guatemala,FOLU3,,,,2046,,,,,,0.2547145508878457
TotalTechnologyAnnualActivityLowerLimit,BAU,Guatemala,FOLU3,,,,2047,,,,,,0.2655427489070775
TotalTechnologyAnnualActivityLowerLimit,BAU,Guatemala,FOLU3,,,,2048,,,,,,0.27669511558422855
TotalTechnologyAnnualActivityLowerLimit,BAU,Guatemala,FOLU3,,,,2049,,,,,,0.2881823575284554
TotalTechnologyAnnualActivityLowerLimit,BAU,Guatemala,FOLU3,,,,2050,,,,,,0.30001555985957906
TotalTechnologyAnnualActivityLowerLimit,BAU,Guatemala,FOLU4,,,,2016,,,,,,0.026298
TotalTechnologyAnnualActivityLowerLimit,BAU,Guatemala,FOLU4,,,,2017,,,,,,0.02195
TotalTechnologyAnnualActivityLowerLimit,BAU,Guatemala,FOLU4,,,,2018,,,,,,0.012829
TotalTechnologyAnnualActivityLowerLimit,BAU,Guatemala,FOLU4,,,,2019,,,,,,0.046375
TotalTechnologyAnnualActivityLowerLimit,BAU,Guatemala,FOLU4,,,,2020,,,,,,0.078057
TotalTechnologyAnnualActivityLowerLimit,BAU,Guatemala,FOLU4,,,,2021,,,,,,0.010018
TotalTechnologyAnnualActivityLowerLimit,BAU,Guatemala,FOLU4,,,,2022,,,,,,0.021877
TotalTechnologyAnnualActivityLowerLimit,BAU,Guatemala,FOLU4,,,,2023,,,,,,0.037681
TotalTechnologyAnnualActivityLowerLimit,BAU,Guatemala,FOLU4,,,,2024,,,,,,0.19394
TotalTechnologyAnnualActivityLowerLimit,BAU,Guatemala,FOLU4,,,,2025,,,,,,0.05039058333333333
TotalTechnologyAnnualActivityLowerLimit,BAU,Guatemala,FOLU4,,,,2026,,,,,,0.05089448916666666
TotalTechnologyAnnualActivityLowerLimit,BAU,Guatemala,FOLU4,,,,2027,,,,,,0.05140343405833332
TotalTechnologyAnnualActivityLowerLimit,BAU,Guatemala,FOLU4,,,,2028,,,,,,0.05191746839891666
TotalTechnologyAnnualActivityLowerLimit,BAU,Guatemala,FOLU4,,,,2029,,,,,,0.052436643082905826
TotalTechnologyAnnualActivityLowerLimit,BAU,Guatemala,FOLU4,,,,2030,,,,,,0.052961009513734884
TotalTechnologyAnnualActivityLowerLimit,BAU,Guatemala,FOLU4,,,,2031,,,,,,0.053490619608872234
TotalTechnologyAnnualActivityLowerLimit,BAU,Guatemala,FOLU4,,,,2032,,,,,,0.05402552580496096
TotalTechnologyAnnualActivityLowerLimit,BAU,Guatemala,FOLU4,,,,2033,,,,,,0.05456578106301057
TotalTechnologyAnnualActivityLowerLimit,BAU,Guatemala,FOLU4,,,,2034,,,,,,0.05511143887364068
TotalTechnologyAnnualActivityLowerLimit,BAU,Guatemala,FOLU4,,,,2035,,,,,,0.05566255326237708
TotalTechnologyAnnualActivityLowerLimit,BAU,Guatemala,FOLU4,,,,2036,,,,,,0.05621917879500086
TotalTechnologyAnnualActivityLowerLimit,BAU,Guatemala,FOLU4,,,,2037,,,,,,0.056781370582950866
TotalTechnologyAnnualActivityLowerLimit,BAU,Guatemala,FOLU4,,,,2038,,,,,,0.05734918428878038
TotalTechnologyAnnualActivityLowerLimit,BAU,Guatemala,FOLU4,,,,2039,,,,,,0.05792267613166818
TotalTechnologyAnnualActivityLowerLimit,BAU,Guatemala,FOLU4,,,,2040,,,,,,0.05850190289298486
TotalTechnologyAnnualActivityLowerLimit,BAU,Guatemala,FOLU4,,,,2041,,,,,,0.05908692192191471
TotalTechnologyAnnualActivityLowerLimit,BAU,Guatemala,FOLU4,,,,2042,,,,,,0.059677791141133855
TotalTechnologyAnnualActivityLowerLimit,BAU,Guatemala,FOLU4,,,,2043,,,,,,0.06027456905254519
TotalTechnologyAnnualActivityLowerLimit,BAU,Guatemala,FOLU4,,,,2044,,,,,,0.06087731474307064
TotalTechnologyAnnualActivityLowerLimit,BAU,Guatemala,FOLU4,,,,2045,,,,,,0.061486087890501355
TotalTechnologyAnnualActivityLowerLimit,BAU,Guatemala,FOLU4,,,,2046,,,,,,0.06210094876940637
TotalTechnologyAnnualActivityLowerLimit,BAU,Guatemala,FOLU4,,,,2047,,,,,,0.06272195825710043
TotalTechnologyAnnualActivityLowerLimit,BAU,Guatemala,FOLU4,,,,2048,,,,,,0.06334917783967144
TotalTechnologyAnnualActivityLowerLimit,BAU,Guatemala,FOLU4,,,,2049,,,,,,0.06398266961806816
TotalTechnologyAnnualActivityLowerLimit,BAU,Guatemala,FOLU4,,,,2050,,,,,,0.06462249631424884
TotalTechnologyAnnualActivityLowerLimit,BAU,Guatemala,NUEVAFOLU,,,,2016,,,,,,0.2
TotalTechnologyAnnualActivityLowerLimit,BAU,Guatemala,NUEVAFOLU,,,,2017,,,,,,0.21500000000000002
TotalTechnologyAnnualActivityLowerLimit,BAU,Guatemala,NUEVAFOLU,,,,2018,,,,,,0.23000000000000004
TotalTechnologyAnnualActivityLowerLimit,BAU,Guatemala,NUEVAFOLU,,,,2019,,,,,,0.24500000000000005
TotalTechnologyAnnualActivityLowerLimit,BAU,Guatemala,NUEVAFOLU,,,,2020,,,,,,0.26000000000000006
TotalTechnologyAnnualActivityLowerLimit,BAU,Guatemala,NUEVAFOLU,,,,2021,,,,,,0.2750000000000001
TotalTechnologyAnnualActivityLowerLimit,BAU,Guatemala,NUEVAFOLU,,,,2022,,,,,,0.2900000000000001
TotalTechnologyAnnualActivityLowerLimit,BAU,Guatemala,NUEVAFOLU,,,,2023,,,,,,0.3050000000000001
TotalTechnologyAnnualActivityLowerLimit,BAU,Guatemala,NUEVAFOLU,,,,2024,,,,,,0.3200000000000001
TotalTechnologyAnnualActivityLowerLimit,BAU,Guatemala,NUEVAFOLU,,,,2025,,,,,,0.33733333333333343
TotalTechnologyAnnualActivityLowerLimit,BAU,Guatemala,NUEVAFOLU,,,,2026,,,,,,0.3570000000000001
TotalTechnologyAnnualActivityLowerLimit,BAU,Guatemala,NUEVAFOLU,,,,2027,,,,,,0.3790000000000001
TotalTechnologyAnnualActivityLowerLimit,BAU,Guatemala,NUEVAFOLU,,,,2028,,,,,,0.40155000000000013
TotalTechnologyAnnualActivityLowerLimit,BAU,Guatemala,NUEVAFOLU,,,,2029,,,,,,0.4246637500000001
TotalTechnologyAnnualActivityLowerLimit,BAU,Guatemala,NUEVAFOLU,,,,2030,,,,,,0.44835534375000013
TotalTechnologyAnnualActivityLowerLimit,BAU,Guatemala,NUEVAFOLU,,,,2031,,,,,,0.47263922734375013
TotalTechnologyAnnualActivityLowerLimit,BAU,Guatemala,NUEVAFOLU,,,,2032,,,,,,0.4975302080273439
TotalTechnologyAnnualActivityLowerLimit,BAU,Guatemala,NUEVAFOLU,,,,2033,,,,,,0.5230434632280274
TotalTechnologyAnnualActivityLowerLimit,BAU,Guatemala,NUEVAFOLU,,,,2034,,,,,,0.5491945498087281
TotalTechnologyAnnualActivityLowerLimit,BAU,Guatemala,NUEVAFOLU,,,,2035,,,,,,0.5759994135539462
TotalTechnologyAnnualActivityLowerLimit,BAU,Guatemala,NUEVAFOLU,,,,2036,,,,,,0.6034743988927949
TotalTechnologyAnnualActivityLowerLimit,BAU,Guatemala,NUEVAFOLU,,,,2037,,,,,,0.6316362588651148
TotalTechnologyAnnualActivityLowerLimit,BAU,Guatemala,NUEVAFOLU,,,,2038,,,,,,0.6605021653367426
TotalTechnologyAnnualActivityLowerLimit,BAU,Guatemala,NUEVAFOLU,,,,2039,,,,,,0.6900897194701611
TotalTechnologyAnnualActivityLowerLimit,BAU,Guatemala,NUEVAFOLU,,,,2040,,,,,,0.7204169624569151
TotalTechnologyAnnualActivityLowerLimit,BAU,Guatemala,NUEVAFOLU,,,,2041,,,,,,0.751502386518338
TotalTechnologyAnnualActivityLowerLimit,BAU,Guatemala,NUEVAFOLU,,,,2042,,,,,,0.7833649461812964
TotalTechnologyAnnualActivityLowerLimit,BAU,Guatemala,NUEVAFOLU,,,,2043,,,,,,0.8160240698358288
TotalTechnologyAnnualActivityLowerLimit,BAU,Guatemala,NUEVAFOLU,,,,2044,,,,,,0.8494996715817245
TotalTechnologyAnnualActivityLowerLimit,BAU,Guatemala,NUEVAFOLU,,,,2045,,,,,,0.8838121633712676
TotalTechnologyAnnualActivityLowerLimit,BAU,Guatemala,NUEVAFOLU,,,,2046,,,,,,0.9189824674555492
TotalTechnologyAnnualActivityLowerLimit,BAU,Guatemala,NUEVAFOLU,,,,2047,,,,,,0.9550320291419379
TotalTechnologyAnnualActivityLowerLimit,BAU,Guatemala,NUEVAFOLU,,,,2048,,,,,,0.9919828298704862
TotalTechnologyAnnualActivityLowerLimit,BAU,Guatemala,NUEVAFOLU,,,,2049,,,,,,1.0298574006172483
TotalTechnologyAnnualActivityLowerLimit,BAU,Guatemala,NUEVAFOLU,,,,2050,,,,,,1.0686788356326795
TotalTechnologyAnnualActivityLowerLimit,BAU,Guatemala,FermentacionEnterica,,,,2016,,,,,,0.16449805299999898
TotalTechnologyAnnualActivityLowerLimit,BAU,Guatemala,FermentacionEnterica,,,,2017,,,,,,0.16607177199999998
TotalTechnologyAnnualActivityLowerLimit,BAU,Guatemala,FermentacionEnterica,,,,2018,,,,,,0.16764548599999898
TotalTechnologyAnnualActivityLowerLimit,BAU,Guatemala,FermentacionEnterica,,,,2019,,,,,,0.169219204
TotalTechnologyAnnualActivityLowerLimit,BAU,Guatemala,FermentacionEnterica,,,,2020,,,,,,0.17079298799999887
TotalTechnologyAnnualActivityLowerLimit,BAU,Guatemala,FermentacionEnterica,,,,2021,,,,,,0.17236669699999999
TotalTechnologyAnnualActivityLowerLimit,BAU,Guatemala,FermentacionEnterica,,,,2022,,,,,,0.17394042099999896
TotalTechnologyAnnualActivityLowerLimit,BAU,Guatemala,FermentacionEnterica,,,,2023,,,,,,0.17556150565772374
TotalTechnologyAnnualActivityLowerLimit,BAU,Guatemala,FermentacionEnterica,,,,2024,,,,,,0.17719873686815388
TotalTechnologyAnnualActivityLowerLimit,BAU,Guatemala,FermentacionEnterica,,,,2025,,,,,,0.1779970242669983
TotalTechnologyAnnualActivityLowerLimit,BAU,Guatemala,FermentacionEnterica,,,,2026,,,,,,0.1787993688925342
TotalTechnologyAnnualActivityLowerLimit,BAU,Guatemala,FermentacionEnterica,,,,2027,,,,,,0.17960579048048828
TotalTechnologyAnnualActivityLowerLimit,BAU,Guatemala,FermentacionEnterica,,,,2028,,,,,,0.18041630887740556
TotalTechnologyAnnualActivityLowerLimit,BAU,Guatemala,FermentacionEnterica,,,,2029,,,,,,0.18123094404132145
TotalTechnologyAnnualActivityLowerLimit,BAU,Guatemala,FermentacionEnterica,,,,2030,,,,,,0.1820497160424389
TotalTechnologyAnnualActivityLowerLimit,BAU,Guatemala,FermentacionEnterica,,,,2031,,,,,,0.18287264506381037
TotalTechnologyAnnualActivityLowerLimit,BAU,Guatemala,FermentacionEnterica,,,,2032,,,,,,0.1836997514020253
TotalTechnologyAnnualActivityLowerLimit,BAU,Guatemala,FermentacionEnterica,,,,2033,,,,,,0.18453105546790244
TotalTechnologyAnnualActivityLowerLimit,BAU,Guatemala,FermentacionEnterica,,,,2034,,,,,,0.185366577787188
TotalTechnologyAnnualActivityLowerLimit,BAU,Guatemala,FermentacionEnterica,,,,2035,,,,,,0.18620633900125844
TotalTechnologyAnnualActivityLowerLimit,BAU,Guatemala,FermentacionEnterica,,,,2036,,,,,,0.1870503598678293
TotalTechnologyAnnualActivityLowerLimit,BAU,Guatemala,FermentacionEnterica,,,,2037,,,,,,0.1878986612616686
TotalTechnologyAnnualActivityLowerLimit,BAU,Guatemala,FermentacionEnterica,,,,2038,,,,,,0.18875126417531668
TotalTechnologyAnnualActivityLowerLimit,BAU,Guatemala,FermentacionEnterica,,,,2039,,,,,,0.18960818971981078
TotalTechnologyAnnualActivityLowerLimit,BAU,Guatemala,FermentacionEnterica,,,,2040,,,,,,0.19046945912541532
TotalTechnologyAnnualActivityLowerLimit,BAU,Guatemala,FermentacionEnterica,,,,2041,,,,,,0.19133509374235808
TotalTechnologyAnnualActivityLowerLimit,BAU,Guatemala,FermentacionEnterica,,,,2042,,,,,,0.19220511504157178
TotalTechnologyAnnualActivityLowerLimit,BAU,Guatemala,FermentacionEnterica,,,,2043,,,,,,0.19307954461544152
TotalTechnologyAnnualActivityLowerLimit,BAU,Guatemala,FermentacionEnterica,,,,2044,,,,,,0.19395840417855748
TotalTechnologyAnnualActivityLowerLimit,BAU,Guatemala,FermentacionEnterica,,,,2045,,,,,,0.19484171556847424
TotalTechnologyAnnualActivityLowerLimit,BAU,Guatemala,FermentacionEnterica,,,,2046,,,,,,0.19572950074647516
TotalTechnologyAnnualActivityLowerLimit,BAU,Guatemala,FermentacionEnterica,,,,2047,,,,,,0.19662178179834325
TotalTechnologyAnnualActivityLowerLimit,BAU,Guatemala,FermentacionEnterica,,,,2048,,,,,,0.1975185809351377
TotalTechnologyAnnualActivityLowerLimit,BAU,Guatemala,FermentacionEnterica,,,,2049,,,,,,0.19841992049397644
TotalTechnologyAnnualActivityLowerLimit,BAU,Guatemala,FermentacionEnterica,,,,2050,,,,,,0.1993258229388246
TotalTechnologyAnnualActivityLowerLimit,BAU,Guatemala,GestionEstiercol1,,,,2016,,,,,,0.005736248779999998
TotalTechnologyAnnualActivityLowerLimit,BAU,Guatemala,GestionEstiercol1,,,,2017,,,,,,0.005827659689999999
TotalTechnologyAnnualActivityLowerLimit,BAU,Guatemala,GestionEstiercol1,,,,2018,,,,,,0.005919069829999988
TotalTechnologyAnnualActivityLowerLimit,BAU,Guatemala,GestionEstiercol1,,,,2019,,,,,,0.006010479739999988
TotalTechnologyAnnualActivityLowerLimit,BAU,Guatemala,GestionEstiercol1,,,,2020,,,,,,0.006101892269999998
TotalTechnologyAnnualActivityLowerLimit,BAU,Guatemala,GestionEstiercol1,,,,2021,,,,,,0.0060776549599999875
TotalTechnologyAnnualActivityLowerLimit,BAU,Guatemala,GestionEstiercol1,,,,2022,,,,,,0.006169066019999999
TotalTechnologyAnnualActivityLowerLimit,BAU,Guatemala,GestionEstiercol1,,,,2023,,,,,,0.006241035592750793
TotalTechnologyAnnualActivityLowerLimit,BAU,Guatemala,GestionEstiercol1,,,,2024,,,,,,0.0063140359191809145
TotalTechnologyAnnualActivityLowerLimit,BAU,Guatemala,GestionEstiercol1,,,,2025,,,,,,0.0063843343447764316
TotalTechnologyAnnualActivityLowerLimit,BAU,Guatemala,GestionEstiercol1,,,,2026,,,,,,0.0064592230499183586
TotalTechnologyAnnualActivityLowerLimit,BAU,Guatemala,GestionEstiercol1,,,,2027,,,,,,0.00653517730178616
TotalTechnologyAnnualActivityLowerLimit,BAU,Guatemala,GestionEstiercol1,,,,2028,,,,,,0.0066122129521219986
TotalTechnologyAnnualActivityLowerLimit,BAU,Guatemala,GestionEstiercol1,,,,2029,,,,,,0.006690346061507491
TotalTechnologyAnnualActivityLowerLimit,BAU,Guatemala,GestionEstiercol1,,,,2030,,,,,,0.006769592897357675
TotalTechnologyAnnualActivityLowerLimit,BAU,Guatemala,GestionEstiercol1,,,,2031,,,,,,0.006849969931291508
TotalTechnologyAnnualActivityLowerLimit,BAU,Guatemala,GestionEstiercol1,,,,2032,,,,,,0.006931493835804647
TotalTechnologyAnnualActivityLowerLimit,BAU,Guatemala,GestionEstiercol1,,,,2033,,,,,,0.007014181480162031
TotalTechnologyAnnualActivityLowerLimit,BAU,Guatemala,GestionEstiercol1,,,,2034,,,,,,0.0070980499254186405
TotalTechnologyAnnualActivityLowerLimit,BAU,Guatemala,GestionEstiercol1,,,,2035,,,,,,0.007183116418466648
TotalTechnologyAnnualActivityLowerLimit,BAU,Guatemala,GestionEstiercol1,,,,2036,,,,,,0.0072693983849957886
TotalTechnologyAnnualActivityLowerLimit,BAU,Guatemala,GestionEstiercol1,,,,2037,,,,,,0.007356913421241384
TotalTechnologyAnnualActivityLowerLimit,BAU,Guatemala,GestionEstiercol1,,,,2038,,,,,,0.007445679284380319
TotalTechnologyAnnualActivityLowerLimit,BAU,Guatemala,GestionEstiercol1,,,,2039,,,,,,0.007535713881419911
TotalTechnologyAnnualActivityLowerLimit,BAU,Guatemala,GestionEstiercol1,,,,2040,,,,,,0.0076270352564073145
TotalTechnologyAnnualActivityLowerLimit,BAU,Guatemala,GestionEstiercol1,,,,2041,,,,,,0.007719661575767965
TotalTechnologyAnnualActivityLowerLimit,BAU,Guatemala,GestionEstiercol1,,,,2042,,,,,,0.007813611111560323
TotalTechnologyAnnualActivityLowerLimit,BAU,Guatemala,GestionEstiercol1,,,,2043,,,,,,0.00790890222241052
TotalTechnologyAnnualActivityLowerLimit,BAU,Guatemala,GestionEstiercol1,,,,2044,,,,,,0.0080055533318642
TotalTechnologyAnnualActivityLowerLimit,BAU,Guatemala,GestionEstiercol1,,,,2045,,,,,,0.00810358290386371
TotalTechnologyAnnualActivityLowerLimit,BAU,Guatemala,GestionEstiercol1,,,,2046,,,,,,0.00820300941502628
TotalTechnologyAnnualActivityLowerLimit,BAU,Guatemala,GestionEstiercol1,,,,2047,,,,,,0.008303851323362789
TotalTechnologyAnnualActivityLowerLimit,BAU,Guatemala,GestionEstiercol1,,,,2048,,,,,,0.00840612703303656
TotalTechnologyAnnualActivityLowerLimit,BAU,Guatemala,GestionEstiercol1,,,,2049,,,,,,0.008509854854717135
TotalTechnologyAnnualActivityLowerLimit,BAU,Guatemala,GestionEstiercol1,,,,2050,,,,,,0.008615052557898871
TotalTechnologyAnnualActivityLowerLimit,BAU,Guatemala,GestionEstiercol2,,,,2016,,,,,,0.0005828704247158436
TotalTechnologyAnnualActivityLowerLimit,BAU,Guatemala,GestionEstiercol2,,,,2017,,,,,,0.0005908761936024046
TotalTechnologyAnnualActivityLowerLimit,BAU,Guatemala,GestionEstiercol2,,,,2018,,,,,,0.0005988818954456478
TotalTechnologyAnnualActivityLowerLimit,BAU,Guatemala,GestionEstiercol2,,,,2019,,,,,,0.0006068875228949446
TotalTechnologyAnnualActivityLowerLimit,BAU,Guatemala,GestionEstiercol2,,,,2020,,,,,,0.0006148942889440376
TotalTechnologyAnnualActivityLowerLimit,BAU,Guatemala,GestionEstiercol2,,,,2021,,,,,,0.0006157245813312093
TotalTechnologyAnnualActivityLowerLimit,BAU,Guatemala,GestionEstiercol2,,,,2022,,,,,,0.0006237303633043769
TotalTechnologyAnnualActivityLowerLimit,BAU,Guatemala,GestionEstiercol2,,,,2023,,,,,,0.0006306061188457656
TotalTechnologyAnnualActivityLowerLimit,BAU,Guatemala,GestionEstiercol2,,,,2024,,,,,,0.0006375718183915032
TotalTechnologyAnnualActivityLowerLimit,BAU,Guatemala,GestionEstiercol2,,,,2025,,,,,,0.0006430185144942657
TotalTechnologyAnnualActivityLowerLimit,BAU,Guatemala,GestionEstiercol2,,,,2026,,,,,,0.0006500728134791996
TotalTechnologyAnnualActivityLowerLimit,BAU,Guatemala,GestionEstiercol2,,,,2027,,,,,,0.0006572148824151131
TotalTechnologyAnnualActivityLowerLimit,BAU,Guatemala,GestionEstiercol2,,,,2028,,,,,,0.0006644456239018434
TotalTechnologyAnnualActivityLowerLimit,BAU,Guatemala,GestionEstiercol2,,,,2029,,,,,,0.0006717659271545416
TotalTechnologyAnnualActivityLowerLimit,BAU,Guatemala,GestionEstiercol2,,,,2030,,,,,,0.0006791766652412186
TotalTechnologyAnnualActivityLowerLimit,BAU,Guatemala,GestionEstiercol2,,,,2031,,,,,,0.0006866786920162016
TotalTechnologyAnnualActivityLowerLimit,BAU,Guatemala,GestionEstiercol2,,,,2032,,,,,,0.0006942728387168925
TotalTechnologyAnnualActivityLowerLimit,BAU,Guatemala,GestionEstiercol2,,,,2033,,,,,,0.0007019599101876951
TotalTechnologyAnnualActivityLowerLimit,BAU,Guatemala,GestionEstiercol2,,,,2034,,,,,,0.0007097406806910068
TotalTechnologyAnnualActivityLowerLimit,BAU,Guatemala,GestionEstiercol2,,,,2035,,,,,,0.0007176158892607985
TotalTechnologyAnnualActivityLowerLimit,BAU,Guatemala,GestionEstiercol2,,,,2036,,,,,,0.0007255862345494382
TotalTechnologyAnnualActivityLowerLimit,BAU,Guatemala,GestionEstiercol2,,,,2037,,,,,,0.0007336523691129995
TotalTechnologyAnnualActivityLowerLimit,BAU,Guatemala,GestionEstiercol2,,,,2038,,,,,,0.0007418148930742904
TotalTechnologyAnnualActivityLowerLimit,BAU,Guatemala,GestionEstiercol2,,,,2039,,,,,,0.0007500743470961689
TotalTechnologyAnnualActivityLowerLimit,BAU,Guatemala,GestionEstiercol2,,,,2040,,,,,,0.0007584312045902886
TotalTechnologyAnnualActivityLowerLimit,BAU,Guatemala,GestionEstiercol2,,,,2041,,,,,,0.0007668858630781809
TotalTechnologyAnnualActivityLowerLimit,BAU,Guatemala,GestionEstiercol2,,,,2042,,,,,,0.0007754386346124307
TotalTechnologyAnnualActivityLowerLimit,BAU,Guatemala,GestionEstiercol2,,,,2043,,,,,,0.0007840897351555212
TotalTechnologyAnnualActivityLowerLimit,BAU,Guatemala,GestionEstiercol2,,,,2044,,,,,,0.0007928392728026296
TotalTechnologyAnnualActivityLowerLimit,BAU,Guatemala,GestionEstiercol2,,,,2045,,,,,,0.000801687234722082
TotalTechnologyAnnualActivityLowerLimit,BAU,Guatemala,GestionEstiercol2,,,,2046,,,,,,0.0008106334726732282
TotalTechnologyAnnualActivityLowerLimit,BAU,Guatemala,GestionEstiercol2,,,,2047,,,,,,0.0008196776869459668
TotalTechnologyAnnualActivityLowerLimit,BAU,Guatemala,GestionEstiercol2,,,,2048,,,,,,0.0008288194085489189
TotalTechnologyAnnualActivityLowerLimit,BAU,Guatemala,GestionEstiercol2,,,,2049,,,,,,0.000838057979454075
TotalTechnologyAnnualActivityLowerLimit,BAU,Guatemala,GestionEstiercol2,,,,2050,,,,,,0.0008473923575200334
TotalTechnologyAnnualActivityLowerLimit,BAU,Guatemala,CultivoArroz,,,,2016,,,,,,0.024318044889599995
TotalTechnologyAnnualActivityLowerLimit,BAU,Guatemala,CultivoArroz,,,,2017,,,,,,0.021588905082359996
TotalTechnologyAnnualActivityLowerLimit,BAU,Guatemala,CultivoArroz,,,,2018,,,,,,0.020536795494599996
TotalTechnologyAnnualActivityLowerLimit,BAU,Guatemala,CultivoArroz,,,,2019,,,,,,0.021539472163439995
TotalTechnologyAnnualActivityLowerLimit,BAU,Guatemala,CultivoArroz,,,,2020,,,,,,0.02217029523324
TotalTechnologyAnnualActivityLowerLimit,BAU,Guatemala,CultivoArroz,,,,2021,,,,,,0.022801118303039998
TotalTechnologyAnnualActivityLowerLimit,BAU,Guatemala,CultivoArroz,,,,2022,,,,,,0.02343194137284
TotalTechnologyAnnualActivityLowerLimit,BAU,Guatemala,CultivoArroz,,,,2023,,,,,,0.02343194137284
TotalTechnologyAnnualActivityLowerLimit,BAU,Guatemala,CultivoArroz,,,,2024,,,,,,0.02343194137284
TotalTechnologyAnnualActivityLowerLimit,BAU,Guatemala,CultivoArroz,,,,2025,,,,,,0.02343194137284
TotalTechnologyAnnualActivityLowerLimit,BAU,Guatemala,CultivoArroz,,,,2026,,,,,,0.02343194137284
TotalTechnologyAnnualActivityLowerLimit,BAU,Guatemala,CultivoArroz,,,,2027,,,,,,0.02343194137284
TotalTechnologyAnnualActivityLowerLimit,BAU,Guatemala,CultivoArroz,,,,2028,,,,,,0.02343194137284
TotalTechnologyAnnualActivityLowerLimit,BAU,Guatemala,CultivoArroz,,,,2029,,,,,,0.02343194137284
TotalTechnologyAnnualActivityLowerLimit,BAU,Guatemala,CultivoArroz,,,,2030,,,,,,0.02343194137284
TotalTechnologyAnnualActivityLowerLimit,BAU,Guatemala,CultivoArroz,,,,2031,,,,,,0.02343194137284
TotalTechnologyAnnualActivityLowerLimit,BAU,Guatemala,CultivoArroz,,,,2032,,,,,,0.02343194137284
TotalTechnologyAnnualActivityLowerLimit,BAU,Guatemala,CultivoArroz,,,,2033,,,,,,0.02343194137284
TotalTechnologyAnnualActivityLowerLimit,BAU,Guatemala,CultivoArroz,,,,2034,,,,,,0.02343194137284
TotalTechnologyAnnualActivityLowerLimit,BAU,Guatemala,CultivoArroz,,,,2035,,,,,,0.02343194137284
TotalTechnologyAnnualActivityLowerLimit,BAU,Guatemala,CultivoArroz,,,,2036,,,,,,0.02343194137284
TotalTechnologyAnnualActivityLowerLimit,BAU,Guatemala,CultivoArroz,,,,2037,,,,,,0.02343194137284
TotalTechnologyAnnualActivityLowerLimit,BAU,Guatemala,CultivoArroz,,,,2038,,,,,,0.02343194137284
TotalTechnologyAnnualActivityLowerLimit,BAU,Guatemala,CultivoArroz,,,,2039,,,,,,0.02343194137284
TotalTechnologyAnnualActivityLowerLimit,BAU,Guatemala,CultivoArroz,,,,2040,,,,,,0.02343194137284
TotalTechnologyAnnualActivityLowerLimit,BAU,Guatemala,CultivoArroz,,,,2041,,,,,,0.02343194137284
TotalTechnologyAnnualActivityLowerLimit,BAU,Guatemala,CultivoArroz,,,,2042,,,,,,0.02343194137284
TotalTechnologyAnnualActivityLowerLimit,BAU,Guatemala,CultivoArroz,,,,2043,,,,,,0.02343194137284
TotalTechnologyAnnualActivityLowerLimit,BAU,Guatemala,CultivoArroz,,,,2044,,,,,,0.02343194137284
TotalTechnologyAnnualActivityLowerLimit,BAU,Guatemala,CultivoArroz,,,,2045,,,,,,0.02343194137284
TotalTechnologyAnnualActivityLowerLimit,BAU,Guatemala,CultivoArroz,,,,2046,,,,,,0.02343194137284
TotalTechnologyAnnualActivityLowerLimit,BAU,Guatemala,CultivoArroz,,,,2047,,,,,,0.02343194137284
TotalTechnologyAnnualActivityLowerLimit,BAU,Guatemala,CultivoArroz,,,,2048,,,,,,0.02343194137284
TotalTechnologyAnnualActivityLowerLimit,BAU,Guatemala,CultivoArroz,,,,2049,,,,,,0.02343194137284
TotalTechnologyAnnualActivityLowerLimit,BAU,Guatemala,CultivoArroz,,,,2050,,,,,,0.02343194137284
TotalTechnologyAnnualActivityLowerLimit,BAU,Guatemala,SuelosAgricolas,,,,2016,,,,,,1.2999609535184147
TotalTechnologyAnnualActivityLowerLimit,BAU,Guatemala,SuelosAgricolas,,,,2017,,,,,,1.3479312594206967
TotalTechnologyAnnualActivityLowerLimit,BAU,Guatemala,SuelosAgricolas,,,,2018,,,,,,1.4618460805703406
TotalTechnologyAnnualActivityLowerLimit,BAU,Guatemala,SuelosAgricolas,,,,2019,,,,,,1.2765589335144492
TotalTechnologyAnnualActivityLowerLimit,BAU,Guatemala,SuelosAgricolas,,,,2020,,,,,,0.9613384543908953
TotalTechnologyAnnualActivityLowerLimit,BAU,Guatemala,SuelosAgricolas,,,,2021,,,,,,0.9292038217765842
TotalTechnologyAnnualActivityLowerLimit,BAU,Guatemala,SuelosAgricolas,,,,2022,,,,,,0.85540137999395
TotalTechnologyAnnualActivityLowerLimit,BAU,Guatemala,SuelosAgricolas,,,,2023,,,,,,0.85540137999395
TotalTechnologyAnnualActivityLowerLimit,BAU,Guatemala,SuelosAgricolas,,,,2024,,,,,,0.85540137999395
TotalTechnologyAnnualActivityLowerLimit,BAU,Guatemala,SuelosAgricolas,,,,2025,,,,,,0.85540137999395
TotalTechnologyAnnualActivityLowerLimit,BAU,Guatemala,SuelosAgricolas,,,,2026,,,,,,0.85540137999395
TotalTechnologyAnnualActivityLowerLimit,BAU,Guatemala,SuelosAgricolas,,,,2027,,,,,,0.85540137999395
TotalTechnologyAnnualActivityLowerLimit,BAU,Guatemala,SuelosAgricolas,,,,2028,,,,,,0.85540137999395
TotalTechnologyAnnualActivityLowerLimit,BAU,Guatemala,SuelosAgricolas,,,,2029,,,,,,0.85540137999395
TotalTechnologyAnnualActivityLowerLimit,BAU,Guatemala,SuelosAgricolas,,,,2030,,,,,,0.85540137999395
TotalTechnologyAnnualActivityLowerLimit,BAU,Guatemala,SuelosAgricolas,,,,2031,,,,,,0.85540137999395
TotalTechnologyAnnualActivityLowerLimit,BAU,Guatemala,SuelosAgricolas,,,,2032,,,,,,0.85540137999395
TotalTechnologyAnnualActivityLowerLimit,BAU,Guatemala,SuelosAgricolas,,,,2033,,,,,,0.85540137999395
TotalTechnologyAnnualActivityLowerLimit,BAU,Guatemala,SuelosAgricolas,,,,2034,,,,,,0.85540137999395
TotalTechnologyAnnualActivityLowerLimit,BAU,Guatemala,SuelosAgricolas,,,,2035,,,,,,0.85540137999395
TotalTechnologyAnnualActivityLowerLimit,BAU,Guatemala,SuelosAgricolas,,,,2036,,,,,,0.85540137999395
TotalTechnologyAnnualActivityLowerLimit,BAU,Guatemala,SuelosAgricolas,,,,2037,,,,,,0.85540137999395
TotalTechnologyAnnualActivityLowerLimit,BAU,Guatemala,SuelosAgricolas,,,,2038,,,,,,0.85540137999395
TotalTechnologyAnnualActivityLowerLimit,BAU,Guatemala,SuelosAgricolas,,,,2039,,,,,,0.85540137999395
TotalTechnologyAnnualActivityLowerLimit,BAU,Guatemala,SuelosAgricolas,,,,2040,,,,,,0.85540137999395
TotalTechnologyAnnualActivityLowerLimit,BAU,Guatemala,SuelosAgricolas,,,,2041,,,,,,0.85540137999395
TotalTechnologyAnnualActivityLowerLimit,BAU,Guatemala,SuelosAgricolas,,,,2042,,,,,,0.85540137999395
TotalTechnologyAnnualActivityLowerLimit,BAU,Guatemala,SuelosAgricolas,,,,2043,,,,,,0.85540137999395
TotalTechnologyAnnualActivityLowerLimit,BAU,Guatemala,SuelosAgricolas,,,,2044,,,,,,0.85540137999395
TotalTechnologyAnnualActivityLowerLimit,BAU,Guatemala,SuelosAgricolas,,,,2045,,,,,,0.85540137999395
TotalTechnologyAnnualActivityLowerLimit,BAU,Guatemala,SuelosAgricolas,,,,2046,,,,,,0.85540137999395
TotalTechnologyAnnualActivityLowerLimit,BAU,Guatemala,SuelosAgricolas,,,,2047,,,,,,0.85540137999395
TotalTechnologyAnnualActivityLowerLimit,BAU,Guatemala,SuelosAgricolas,,,,2048,,,,,,0.85540137999395
TotalTechnologyAnnualActivityLowerLimit,BAU,Guatemala,SuelosAgricolas,,,,2049,,,,,,0.85540137999395
TotalTechnologyAnnualActivityLowerLimit,BAU,Guatemala,SuelosAgricolas,,,,2050,,,,,,0.85540137999395
TotalTechnologyAnnualActivityLowerLimit,BAU,Guatemala,OtrosAgricolas,,,,2016,,,,,,0.8392200000000001
TotalTechnologyAnnualActivityLowerLimit,BAU,Guatemala,OtrosAgricolas,,,,2017,,,,,,0.6120099999999999
TotalTechnologyAnnualActivityLowerLimit,BAU,Guatemala,OtrosAgricolas,,,,2018,,,,,,0.39857
TotalTechnologyAnnualActivityLowerLimit,BAU,Guatemala,OtrosAgricolas,,,,2019,,,,,,0.5353300000000001
TotalTechnologyAnnualActivityLowerLimit,BAU,Guatemala,OtrosAgricolas,,,,2020,,,,,,0.58241
TotalTechnologyAnnualActivityLowerLimit,BAU,Guatemala,OtrosAgricolas,,,,2021,,,,,,0.40493
TotalTechnologyAnnualActivityLowerLimit,BAU,Guatemala,OtrosAgricolas,,,,2022,,,,,,0.41620999999999997
TotalTechnologyAnnualActivityLowerLimit,BAU,Guatemala,OtrosAgricolas,,,,2023,,,,,,0.41620999999999997
TotalTechnologyAnnualActivityLowerLimit,BAU,Guatemala,OtrosAgricolas,,,,2024,,,,,,0.41620999999999997
TotalTechnologyAnnualActivityLowerLimit,BAU,Guatemala,OtrosAgricolas,,,,2025,,,,,,0.41620999999999997
TotalTechnologyAnnualActivityLowerLimit,BAU,Guatemala,OtrosAgricolas,,,,2026,,,,,,0.41620999999999997
TotalTechnologyAnnualActivityLowerLimit,BAU,Guatemala,OtrosAgricolas,,,,2027,,,,,,0.41620999999999997
TotalTechnologyAnnualActivityLowerLimit,BAU,Guatemala,OtrosAgricolas,,,,2028,,,,,,0.41620999999999997
TotalTechnologyAnnualActivityLowerLimit,BAU,Guatemala,OtrosAgricolas,,,,2029,,,,,,0.41620999999999997
TotalTechnologyAnnualActivityLowerLimit,BAU,Guatemala,OtrosAgricolas,,,,2030,,,,,,0.41620999999999997
TotalTechnologyAnnualActivityLowerLimit,BAU,Guatemala,OtrosAgricolas,,,,2031,,,,,,0.41620999999999997
TotalTechnologyAnnualActivityLowerLimit,BAU,Guatemala,OtrosAgricolas,,,,2032,,,,,,0.41620999999999997
TotalTechnologyAnnualActivityLowerLimit,BAU,Guatemala,OtrosAgricolas,,,,2033,,,,,,0.41620999999999997
TotalTechnologyAnnualActivityLowerLimit,BAU,Guatemala,OtrosAgricolas,,,,2034,,,,,,0.41620999999999997
TotalTechnologyAnnualActivityLowerLimit,BAU,Guatemala,OtrosAgricolas,,,,2035,,,,,,0.41620999999999997
TotalTechnologyAnnualActivityLowerLimit,BAU,Guatemala,OtrosAgricolas,,,,2036,,,,,,0.41620999999999997
TotalTechnologyAnnualActivityLowerLimit,BAU,Guatemala,OtrosAgricolas,,,,2037,,,,,,0.41620999999999997
TotalTechnologyAnnualActivityLowerLimit,BAU,Guatemala,OtrosAgricolas,,,,2038,,,,,,0.41620999999999997
TotalTechnologyAnnualActivityLowerLimit,BAU,Guatemala,OtrosAgricolas,,,,2039,,,,,,0.41620999999999997
TotalTechnologyAnnualActivityLowerLimit,BAU,Guatemala,OtrosAgricolas,,,,2040,,,,,,0.41620999999999997
TotalTechnologyAnnualActivityLowerLimit,BAU,Guatemala,OtrosAgricolas,,,,2041,,,,,,0.41620999999999997
TotalTechnologyAnnualActivityLowerLimit,BAU,Guatemala,OtrosAgricolas,,,,2042,,,,,,0.41620999999999997
TotalTechnologyAnnualActivityLowerLimit,BAU,Guatemala,OtrosAgricolas,,,,2043,,,,,,0.41620999999999997
TotalTechnologyAnnualActivityLowerLimit,BAU,Guatemala,OtrosAgricolas,,,,2044,,,,,,0.41620999999999997
TotalTechnologyAnnualActivityLowerLimit,BAU,Guatemala,OtrosAgricolas,,,,2045,,,,,,0.41620999999999997
TotalTechnologyAnnualActivityLowerLimit,BAU,Guatemala,OtrosAgricolas,,,,2046,,,,,,0.41620999999999997
TotalTechnologyAnnualActivityLowerLimit,BAU,Guatemala,OtrosAgricolas,,,,2047,,,,,,0.41620999999999997
TotalTechnologyAnnualActivityLowerLimit,BAU,Guatemala,OtrosAgricolas,,,,2048,,,,,,0.41620999999999997
TotalTechnologyAnnualActivityLowerLimit,BAU,Guatemala,OtrosAgricolas,,,,2049,,,,,,0.41620999999999997
TotalTechnologyAnnualActivityLowerLimit,BAU,Guatemala,OtrosAgricolas,,,,2050,,,,,,0.41620999999999997
