PARAMETER,Scenario,REGION,TECHNOLOGY,FUEL,EMISSION,MODE_OF_OPERATION,YEAR,TIMESLICE,SEASON,DAYTYPE,DAILYTIMEBRACKET,STORAGE,Value
TotalTechnologyAnnualActivityLowerLimit,NDP,Guatemala,Bosques,,,,2016,,,,,,3.534276
TotalTechnologyAnnualActivityLowerLimit,NDP,Guatemala,Bosques,,,,2017,,,,,,3.522682
TotalTechnologyAnnualActivityLowerLimit,NDP,Guatemala,Bosques,,,,2018,,,,,,3.499313
TotalTechnologyAnnualActivityLowerLimit,NDP,Guatemala,Bosques,,,,2019,,,,,,3.478119
TotalTechnologyAnnualActivityLowerLimit,NDP,Guatemala,Bosques,,,,2020,,,,,,3.454614
TotalTechnologyAnnualActivityLowerLimit,NDP,Guatemala,Bosques,,,,2021,,,,,,3.431109
TotalTechnologyAnnualActivityLowerLimit,NDP,Guatemala,Bosques,,,,2022,,,,,,3.407607
TotalTechnologyAnnualActivityLowerLimit,NDP,Guatemala,Bosques,,,,2023,,,,,,3.371220859045541
TotalTechnologyAnnualActivityLowerLimit,NDP,Guatemala,Bosques,,,,2024,,,,,,3.3327788311026807
TotalTechnologyAnnualActivityLowerLimit,NDP,Guatemala,Bosques,,,,2025,,,,,,3.3237130428763964
TotalTechnologyAnnualActivityLowerLimit,NDP,Guatemala,Bosques,,,,2026,,,,,,3.3204501777469346
TotalTechnologyAnnualActivityLowerLimit,NDP,Guatemala,Bosques,,,,2027,,,,,,3.3229777264872555
TotalTechnologyAnnualActivityLowerLimit,NDP,Guatemala,Bosques,,,,2028,,,,,,3.3312320620666265
TotalTechnologyAnnualActivityLowerLimit,NDP,Guatemala,Bosques,,,,2029,,,,,,3.345100056562445
TotalTechnologyAnnualActivityLowerLimit,NDP,Guatemala,Bosques,,,,2030,,,,,,3.3644213297078944
TotalTechnologyAnnualActivityLowerLimit,NDP,Guatemala,Bosques,,,,2031,,,,,,3.3830230419482823
TotalTechnologyAnnualActivityLowerLimit,NDP,Guatemala,Bosques,,,,2032,,,,,,3.400899192778777
TotalTechnologyAnnualActivityLowerLimit,NDP,Guatemala,Bosques,,,,2033,,,,,,3.4180432555467184
TotalTechnologyAnnualActivityLowerLimit,NDP,Guatemala,Bosques,,,,2034,,,,,,3.434448162398431
TotalTechnologyAnnualActivityLowerLimit,NDP,Guatemala,Bosques,,,,2035,,,,,,3.450106288505544
TotalTechnologyAnnualActivityLowerLimit,NDP,Guatemala,Bosques,,,,2036,,,,,,3.4650094355437577
TotalTechnologyAnnualActivityLowerLimit,NDP,Guatemala,Bosques,,,,2037,,,,,,3.4791488143957516
TotalTechnologyAnnualActivityLowerLimit,NDP,Guatemala,Bosques,,,,2038,,,,,,3.4925150270487957
TotalTechnologyAnnualActivityLowerLimit,NDP,Guatemala,Bosques,,,,2039,,,,,,3.50509804765636
TotalTechnologyAnnualActivityLowerLimit,NDP,Guatemala,Bosques,,,,2040,,,,,,3.5168872027316844
TotalTechnologyAnnualActivityLowerLimit,NDP,Guatemala,Bosques,,,,2041,,,,,,3.527871150439964
TotalTechnologyAnnualActivityLowerLimit,NDP,Guatemala,Bosques,,,,2042,,,,,,3.5380378589543895
TotalTechnologyAnnualActivityLowerLimit,NDP,Guatemala,Bosques,,,,2043,,,,,,3.5473745838397974
TotalTechnologyAnnualActivityLowerLimit,NDP,Guatemala,Bosques,,,,2044,,,,,,3.5558678444261704
TotalTechnologyAnnualActivityLowerLimit,NDP,Guatemala,Bosques,,,,2045,,,,,,3.5635033991326655
TotalTechnologyAnnualActivityLowerLimit,NDP,Guatemala,Bosques,,,,2046,,,,,,3.5702662197011845
TotalTechnologyAnnualActivityLowerLimit,NDP,Guatemala,Bosques,,,,2047,,,,,,3.576140464296759
TotalTechnologyAnnualActivityLowerLimit,NDP,Guatemala,Bosques,,,,2048,,,,,,3.5811094494302993
TotalTechnologyAnnualActivityLowerLimit,NDP,Guatemala,Bosques,,,,2049,,,,,,3.5851556206573183
TotalTechnologyAnnualActivityLowerLimit,NDP,Guatemala,Bosques,,,,2050,,,,,,3.588260522004412
TotalTechnologyAnnualActivityLowerLimit,NDP,Guatemala,Plantaciones,,,,2016,,,,,,0.093134
TotalTechnologyAnnualActivityLowerLimit,NDP,Guatemala,Plantaciones,,,,2017,,,,,,0.092904
TotalTechnologyAnnualActivityLowerLimit,NDP,Guatemala,Plantaciones,,,,2018,,,,,,0.095586
TotalTechnologyAnnualActivityLowerLimit,NDP,Guatemala,Plantaciones,,,,2019,,,,,,0.098329
TotalTechnologyAnnualActivityLowerLimit,NDP,Guatemala,Plantaciones,,,,2020,,,,,,0.101009
TotalTechnologyAnnualActivityLowerLimit,NDP,Guatemala,Plantaciones,,,,2021,,,,,,0.103688
TotalTechnologyAnnualActivityLowerLimit,NDP,Guatemala,Plantaciones,,,,2022,,,,,,0.106368
TotalTechnologyAnnualActivityLowerLimit,NDP,Guatemala,Plantaciones,,,,2023,,,,,,0.10928655266094953
TotalTechnologyAnnualActivityLowerLimit,NDP,Guatemala,Plantaciones,,,,2024,,,,,,0.11228518532372983
TotalTechnologyAnnualActivityLowerLimit,NDP,Guatemala,Plantaciones,,,,2025,,,,,,0.11690655020431115
TotalTechnologyAnnualActivityLowerLimit,NDP,Guatemala,Plantaciones,,,,2026,,,,,,0.1217181183899669
TotalTechnologyAnnualActivityLowerLimit,NDP,Guatemala,Plantaciones,,,,2027,,,,,,0.12672771815182396
TotalTechnologyAnnualActivityLowerLimit,NDP,Guatemala,Plantaciones,,,,2028,,,,,,0.13194349995219723
TotalTechnologyAnnualActivityLowerLimit,NDP,Guatemala,Plantaciones,,,,2029,,,,,,0.1373739497051372
TotalTechnologyAnnualActivityLowerLimit,NDP,Guatemala,Plantaciones,,,,2030,,,,,,0.14302790258274714
TotalTechnologyAnnualActivityLowerLimit,NDP,Guatemala,Plantaciones,,,,2031,,,,,,0.14891455738973192
TotalTechnologyAnnualActivityLowerLimit,NDP,Guatemala,Plantaciones,,,,2032,,,,,,0.15504349152956612
TotalTechnologyAnnualActivityLowerLimit,NDP,Guatemala,Plantaciones,,,,2033,,,,,,0.1614246765866301
TotalTechnologyAnnualActivityLowerLimit,NDP,Guatemala,Plantaciones,,,,2034,,,,,,0.16806849454966633
TotalTechnologyAnnualActivityLowerLimit,NDP,Guatemala,Plantaciones,,,,2035,,,,,,0.17498575470295083
TotalTechnologyAnnualActivityLowerLimit,NDP,Guatemala,Plantaciones,,,,2036,,,,,,0.18218771121266086
TotalTechnologyAnnualActivityLowerLimit,NDP,Guatemala,Plantaciones,,,,2037,,,,,,0.18968608143705187
TotalTechnologyAnnualActivityLowerLimit,NDP,Guatemala,Plantaciones,,,,2038,,,,,,0.19749306499023322
TotalTechnologyAnnualActivityLowerLimit,NDP,Guatemala,Plantaciones,,,,2039,,,,,,0.2056213635905593
TotalTechnologyAnnualActivityLowerLimit,NDP,Guatemala,Plantaciones,,,,2040,,,,,,0.21408420172592846
TotalTechnologyAnnualActivityLowerLimit,NDP,Guatemala,Plantaciones,,,,2041,,,,,,0.22289534816961168
TotalTechnologyAnnualActivityLowerLimit,NDP,Guatemala,Plantaciones,,,,2042,,,,,,0.23206913838161658
TotalTechnologyAnnualActivityLowerLimit,NDP,Guatemala,Plantaciones,,,,2043,,,,,,0.24162049783203302
TotalTechnologyAnnualActivityLowerLimit,NDP,Guatemala,Plantaciones,,,,2044,,,,,,0.2515649662843067
TotalTechnologyAnnualActivityLowerLimit,NDP,Guatemala,Plantaciones,,,,2045,,,,,,0.2619187230779487
TotalTechnologyAnnualActivityLowerLimit,NDP,Guatemala,Plantaciones,,,,2046,,,,,,0.2726986134518156
TotalTechnologyAnnualActivityLowerLimit,NDP,Guatemala,Plantaciones,,,,2047,,,,,,0.2839221759507868
TotalTechnologyAnnualActivityLowerLimit,NDP,Guatemala,Plantaciones,,,,2048,,,,,,0.295607670960429
TotalTechnologyAnnualActivityLowerLimit,NDP,Guatemala,Plantaciones,,,,2049,,,,,,0.30777411041607333
TotalTechnologyAnnualActivityLowerLimit,NDP,Guatemala,Plantaciones,,,,2050,,,,,,0.3204412887346401
TotalTechnologyAnnualActivityLowerLimit,NDP,Guatemala,CultivosGenerales,,,,2016,,,,,,1.565284979700029
TotalTechnologyAnnualActivityLowerLimit,NDP,Guatemala,CultivosGenerales,,,,2017,,,,,,1.5659558005000007
TotalTechnologyAnnualActivityLowerLimit,NDP,Guatemala,CultivosGenerales,,,,2018,,,,,,1.5883676450000008
TotalTechnologyAnnualActivityLowerLimit,NDP,Guatemala,CultivosGenerales,,,,2019,,,,,,1.6117880503668542
TotalTechnologyAnnualActivityLowerLimit,NDP,Guatemala,CultivosGenerales,,,,2020,,,,,,1.6341563964787331
TotalTechnologyAnnualActivityLowerLimit,NDP,Guatemala,CultivosGenerales,,,,2021,,,,,,1.6565231677273813
TotalTechnologyAnnualActivityLowerLimit,NDP,Guatemala,CultivosGenerales,,,,2022,,,,,,1.6788883642791166
TotalTechnologyAnnualActivityLowerLimit,NDP,Guatemala,CultivosGenerales,,,,2023,,,,,,1.7024341629946782
TotalTechnologyAnnualActivityLowerLimit,NDP,Guatemala,CultivosGenerales,,,,2024,,,,,,1.7262123644079856
TotalTechnologyAnnualActivityLowerLimit,NDP,Guatemala,CultivosGenerales,,,,2025,,,,,,1.7355581851056712
TotalTechnologyAnnualActivityLowerLimit,NDP,Guatemala,CultivosGenerales,,,,2026,,,,,,1.7401045664894974
TotalTechnologyAnnualActivityLowerLimit,NDP,Guatemala,CultivosGenerales,,,,2027,,,,,,1.739864645843735
TotalTechnologyAnnualActivityLowerLimit,NDP,Guatemala,CultivosGenerales,,,,2028,,,,,,1.7348909580452332
TotalTechnologyAnnualActivityLowerLimit,NDP,Guatemala,CultivosGenerales,,,,2029,,,,,,1.725274026814973
TotalTechnologyAnnualActivityLowerLimit,NDP,Guatemala,CultivosGenerales,,,,2030,,,,,,1.711140471250457
TotalTechnologyAnnualActivityLowerLimit,NDP,Guatemala,CultivosGenerales,,,,2031,,,,,,1.697268520173208
TotalTechnologyAnnualActivityLowerLimit,NDP,Guatemala,CultivosGenerales,,,,2032,,,,,,1.6836538293928176
TotalTechnologyAnnualActivityLowerLimit,NDP,Guatemala,CultivosGenerales,,,,2033,,,,,,1.670292140069154
TotalTechnologyAnnualActivityLowerLimit,NDP,Guatemala,CultivosGenerales,,,,2034,,,,,,1.6571792770403304
TotalTechnologyAnnualActivityLowerLimit,NDP,Guatemala,CultivosGenerales,,,,2035,,,,,,1.6443111471842289
TotalTechnologyAnnualActivityLowerLimit,NDP,Guatemala,CultivosGenerales,,,,2036,,,,,,1.6316837378129079
TotalTechnologyAnnualActivityLowerLimit,NDP,Guatemala,CultivosGenerales,,,,2037,,,,,,1.619293115099233
TotalTechnologyAnnualActivityLowerLimit,NDP,Guatemala,CultivosGenerales,,,,2038,,,,,,1.6071354225350836
TotalTechnologyAnnualActivityLowerLimit,NDP,Guatemala,CultivosGenerales,,,,2039,,,,,,1.5952068794205005
TotalTechnologyAnnualActivityLowerLimit,NDP,Guatemala,CultivosGenerales,,,,2040,,,,,,1.5835037793831515
TotalTechnologyAnnualActivityLowerLimit,NDP,Guatemala,CultivosGenerales,,,,2041,,,,,,1.5720224889275098
TotalTechnologyAnnualActivityLowerLimit,NDP,Guatemala,CultivosGenerales,,,,2042,,,,,,1.5607594460131455
TotalTechnologyAnnualActivityLowerLimit,NDP,Guatemala,CultivosGenerales,,,,2043,,,,,,1.5497111586615435
TotalTechnologyAnnualActivityLowerLimit,NDP,Guatemala,CultivosGenerales,,,,2044,,,,,,1.5388742035908825
TotalTechnologyAnnualActivityLowerLimit,NDP,Guatemala,CultivosGenerales,,,,2045,,,,,,1.5282452248782046
TotalTechnologyAnnualActivityLowerLimit,NDP,Guatemala,CultivosGenerales,,,,2046,,,,,,1.517820932648433
TotalTechnologyAnnualActivityLowerLimit,NDP,Guatemala,CultivosGenerales,,,,2047,,,,,,1.507598101789696
TotalTechnologyAnnualActivityLowerLimit,NDP,Guatemala,CultivosGenerales,,,,2048,,,,,,1.4975735706944258
TotalTechnologyAnnualActivityLowerLimit,NDP,Guatemala,CultivosGenerales,,,,2049,,,,,,1.4877442400257244
TotalTechnologyAnnualActivityLowerLimit,NDP,Guatemala,CultivosGenerales,,,,2050,,,,,,1.478107071508479
TotalTechnologyAnnualActivityLowerLimit,NDP,Guatemala,CultivosPermanentes,,,,2016,,,,,,0.35484931637401834
TotalTechnologyAnnualActivityLowerLimit,NDP,Guatemala,CultivosPermanentes,,,,2017,,,,,,0.3553330898
TotalTechnologyAnnualActivityLowerLimit,NDP,Guatemala,CultivosPermanentes,,,,2018,,,,,,0.37410540397
TotalTechnologyAnnualActivityLowerLimit,NDP,Guatemala,CultivosPermanentes,,,,2019,,,,,,0.39312371152056985
TotalTechnologyAnnualActivityLowerLimit,NDP,Guatemala,CultivosPermanentes,,,,2020,,,,,,0.41189327876390947
TotalTechnologyAnnualActivityLowerLimit,NDP,Guatemala,CultivosPermanentes,,,,2021,,,,,,0.43066152451923545
TotalTechnologyAnnualActivityLowerLimit,NDP,Guatemala,CultivosPermanentes,,,,2022,,,,,,0.44942844892610406
TotalTechnologyAnnualActivityLowerLimit,NDP,Guatemala,CultivosPermanentes,,,,2023,,,,,,0.47105084732389757
TotalTechnologyAnnualActivityLowerLimit,NDP,Guatemala,CultivosPermanentes,,,,2024,,,,,,0.4932689115254971
TotalTechnologyAnnualActivityLowerLimit,NDP,Guatemala,CultivosPermanentes,,,,2025,,,,,,0.4975676543941665
TotalTechnologyAnnualActivityLowerLimit,NDP,Guatemala,CultivosPermanentes,,,,2026,,,,,,0.5005088363602469
TotalTechnologyAnnualActivityLowerLimit,NDP,Guatemala,CultivosPermanentes,,,,2027,,,,,,0.5020827564904383
TotalTechnologyAnnualActivityLowerLimit,NDP,Guatemala,CultivosPermanentes,,,,2028,,,,,,0.502291081315727
TotalTechnologyAnnualActivityLowerLimit,NDP,Guatemala,CultivosPermanentes,,,,2029,,,,,,0.5011466227852057
TotalTechnologyAnnualActivityLowerLimit,NDP,Guatemala,CultivosPermanentes,,,,2030,,,,,,0.4986729687434452
TotalTechnologyAnnualActivityLowerLimit,NDP,Guatemala,CultivosPermanentes,,,,2031,,,,,,0.4962541605014719
TotalTechnologyAnnualActivityLowerLimit,NDP,Guatemala,CultivosPermanentes,,,,2032,,,,,,0.49388956160353414
TotalTechnologyAnnualActivityLowerLimit,NDP,Guatemala,CultivosPermanentes,,,,2033,,,,,,0.49157854840014503
TotalTechnologyAnnualActivityLowerLimit,NDP,Guatemala,CultivosPermanentes,,,,2034,,,,,,0.48932050985421977
TotalTechnologyAnnualActivityLowerLimit,NDP,Guatemala,CultivosPermanentes,,,,2035,,,,,,0.4871148473507124
TotalTechnologyAnnualActivityLowerLimit,NDP,Guatemala,CultivosPermanentes,,,,2036,,,,,,0.48496097450969594
TotalTechnologyAnnualActivityLowerLimit,NDP,Guatemala,CultivosPermanentes,,,,2037,,,,,,0.4828583170028285
TotalTechnologyAnnualActivityLowerLimit,NDP,Guatemala,CultivosPermanentes,,,,2038,,,,,,0.48080631237315113
TotalTechnologyAnnualActivityLowerLimit,NDP,Guatemala,CultivosPermanentes,,,,2039,,,,,,0.47880440985816247
TotalTechnologyAnnualActivityLowerLimit,NDP,Guatemala,CultivosPermanentes,,,,2040,,,,,,0.47685207021611736
TotalTechnologyAnnualActivityLowerLimit,NDP,Guatemala,CultivosPermanentes,,,,2041,,,,,,0.4749487655554968
TotalTechnologyAnnualActivityLowerLimit,NDP,Guatemala,CultivosPermanentes,,,,2042,,,,,,0.4730939791675976
TotalTechnologyAnnualActivityLowerLimit,NDP,Guatemala,CultivosPermanentes,,,,2043,,,,,,0.4712872053621908
TotalTechnologyAnnualActivityLowerLimit,NDP,Guatemala,CultivosPermanentes,,,,2044,,,,,,0.4695279493062013
TotalTechnologyAnnualActivityLowerLimit,NDP,Guatemala,CultivosPermanentes,,,,2045,,,,,,0.4678157268653562
TotalTechnologyAnnualActivityLowerLimit,NDP,Guatemala,CultivosPermanentes,,,,2046,,,,,,0.4661500644487575
TotalTechnologyAnnualActivityLowerLimit,NDP,Guatemala,CultivosPermanentes,,,,2047,,,,,,0.46453049885633024
TotalTechnologyAnnualActivityLowerLimit,NDP,Guatemala,CultivosPermanentes,,,,2048,,,,,,0.46295657712909966
TotalTechnologyAnnualActivityLowerLimit,NDP,Guatemala,CultivosPermanentes,,,,2049,,,,,,0.461427856402253
TotalTechnologyAnnualActivityLowerLimit,NDP,Guatemala,CultivosPermanentes,,,,2050,,,,,,0.45994390376094035
TotalTechnologyAnnualActivityLowerLimit,NDP,Guatemala,SAF,,,,2016,,,,,,0.5129012525085148
TotalTechnologyAnnualActivityLowerLimit,NDP,Guatemala,SAF,,,,2017,,,,,,0.5143230977
TotalTechnologyAnnualActivityLowerLimit,NDP,Guatemala,SAF,,,,2018,,,,,,0.5166217484199999
TotalTechnologyAnnualActivityLowerLimit,NDP,Guatemala,SAF,,,,2019,,,,,,0.519245311898696
TotalTechnologyAnnualActivityLowerLimit,NDP,Guatemala,SAF,,,,2020,,,,,,0.5215270412984483
TotalTechnologyAnnualActivityLowerLimit,NDP,Guatemala,SAF,,,,2021,,,,,,0.5238086100510199
TotalTechnologyAnnualActivityLowerLimit,NDP,Guatemala,SAF,,,,2022,,,,,,0.5260900181733767
TotalTechnologyAnnualActivityLowerLimit,NDP,Guatemala,SAF,,,,2023,,,,,,0.5284755320130119
TotalTechnologyAnnualActivityLowerLimit,NDP,Guatemala,SAF,,,,2024,,,,,,0.5308718627776645
TotalTechnologyAnnualActivityLowerLimit,NDP,Guatemala,SAF,,,,2025,,,,,,0.5344826578849144
TotalTechnologyAnnualActivityLowerLimit,NDP,Guatemala,SAF,,,,2026,,,,,,0.5381180122921022
TotalTechnologyAnnualActivityLowerLimit,NDP,Guatemala,SAF,,,,2027,,,,,,0.541778093042551
TotalTechnologyAnnualActivityLowerLimit,NDP,Guatemala,SAF,,,,2028,,,,,,0.5454630683157508
TotalTechnologyAnnualActivityLowerLimit,NDP,Guatemala,SAF,,,,2029,,,,,,0.5491731074350871
TotalTechnologyAnnualActivityLowerLimit,NDP,Guatemala,SAF,,,,2030,,,,,,0.5529083808756204
TotalTechnologyAnnualActivityLowerLimit,NDP,Guatemala,SAF,,,,2031,,,,,,0.5566690602719201
TotalTechnologyAnnualActivityLowerLimit,NDP,Guatemala,SAF,,,,2032,,,,,,0.5604553184259505
TotalTechnologyAnnualActivityLowerLimit,NDP,Guatemala,SAF,,,,2033,,,,,,0.5642673293150117
TotalTechnologyAnnualActivityLowerLimit,NDP,Guatemala,SAF,,,,2034,,,,,,0.5681052680997329
TotalTechnologyAnnualActivityLowerLimit,NDP,Guatemala,SAF,,,,2035,,,,,,0.5719693111321219
TotalTechnologyAnnualActivityLowerLimit,NDP,Guatemala,SAF,,,,2036,,,,,,0.5758596359636678
TotalTechnologyAnnualActivityLowerLimit,NDP,Guatemala,SAF,,,,2037,,,,,,0.5797764213534996
TotalTechnologyAnnualActivityLowerLimit,NDP,Guatemala,SAF,,,,2038,,,,,,0.5837198472766001
TotalTechnologyAnnualActivityLowerLimit,NDP,Guatemala,SAF,,,,2039,,,,,,0.5876900949320757
TotalTechnologyAnnualActivityLowerLimit,NDP,Guatemala,SAF,,,,2040,,,,,,0.5916873467514827
TotalTechnologyAnnualActivityLowerLimit,NDP,Guatemala,SAF,,,,2041,,,,,,0.5957117864072093
TotalTechnologyAnnualActivityLowerLimit,NDP,Guatemala,SAF,,,,2042,,,,,,0.5997635988209162
TotalTechnologyAnnualActivityLowerLimit,NDP,Guatemala,SAF,,,,2043,,,,,,0.6038429701720329
TotalTechnologyAnnualActivityLowerLimit,NDP,Guatemala,SAF,,,,2044,,,,,,0.607950087906313
TotalTechnologyAnnualActivityLowerLimit,NDP,Guatemala,SAF,,,,2045,,,,,,0.612085140744447
TotalTechnologyAnnualActivityLowerLimit,NDP,Guatemala,SAF,,,,2046,,,,,,0.6162483186907344
TotalTechnologyAnnualActivityLowerLimit,NDP,Guatemala,SAF,,,,2047,,,,,,0.6204398130418135
TotalTechnologyAnnualActivityLowerLimit,NDP,Guatemala,SAF,,,,2048,,,,,,0.6246598163954528
TotalTechnologyAnnualActivityLowerLimit,NDP,Guatemala,SAF,,,,2049,,,,,,0.6289085226593991
TotalTechnologyAnnualActivityLowerLimit,NDP,Guatemala,SAF,,,,2050,,,,,,0.6331861270602889
TotalTechnologyAnnualActivityLowerLimit,NDP,Guatemala,Pastos,,,,2016,,,,,,4.3621747356073435
TotalTechnologyAnnualActivityLowerLimit,NDP,Guatemala,Pastos,,,,2017,,,,,,4.371267446699999
TotalTechnologyAnnualActivityLowerLimit,NDP,Guatemala,Pastos,,,,2018,,,,,,4.34464140926
TotalTechnologyAnnualActivityLowerLimit,NDP,Guatemala,Pastos,,,,2019,,,,,,4.313901131030305
TotalTechnologyAnnualActivityLowerLimit,NDP,Guatemala,Pastos,,,,2020,,,,,,4.287490827565376
TotalTechnologyAnnualActivityLowerLimit,NDP,Guatemala,Pastos,,,,2021,,,,,,4.2610823835412655
TotalTechnologyAnnualActivityLowerLimit,NDP,Guatemala,Pastos,,,,2022,,,,,,4.234675798761608
TotalTechnologyAnnualActivityLowerLimit,NDP,Guatemala,Pastos,,,,2023,,,,,,4.217513360280127
TotalTechnologyAnnualActivityLowerLimit,NDP,Guatemala,Pastos,,,,2024,,,,,,4.20042047831457
TotalTechnologyAnnualActivityLowerLimit,NDP,Guatemala,Pastos,,,,2025,,,,,,4.183396870963918
TotalTechnologyAnnualActivityLowerLimit,NDP,Guatemala,Pastos,,,,2026,,,,,,4.166442257469649
TotalTechnologyAnnualActivityLowerLimit,NDP,Guatemala,Pastos,,,,2027,,,,,,4.149556358211109
TotalTechnologyAnnualActivityLowerLimit,NDP,Guatemala,Pastos,,,,2028,,,,,,4.1327388947009
TotalTechnologyAnnualActivityLowerLimit,NDP,Guatemala,Pastos,,,,2029,,,,,,4.1159895895802885
TotalTechnologyAnnualActivityLowerLimit,NDP,Guatemala,Pastos,,,,2030,,,,,,4.0993081666146285
TotalTechnologyAnnualActivityLowerLimit,NDP,Guatemala,Pastos,,,,2031,,,,,,4.082694350688807
TotalTechnologyAnnualActivityLowerLimit,NDP,Guatemala,Pastos,,,,2032,,,,,,4.066147867802708
TotalTechnologyAnnualActivityLowerLimit,NDP,Guatemala,Pastos,,,,2033,,,,,,4.0496684450666915
TotalTechnologyAnnualActivityLowerLimit,NDP,Guatemala,Pastos,,,,2034,,,,,,4.033255810697095
TotalTechnologyAnnualActivityLowerLimit,NDP,Guatemala,Pastos,,,,2035,,,,,,4.0169096940117495
TotalTechnologyAnnualActivityLowerLimit,NDP,Guatemala,Pastos,,,,2036,,,,,,4.000629825425516
TotalTechnologyAnnualActivityLowerLimit,NDP,Guatemala,Pastos,,,,2037,,,,,,3.98441593644584
TotalTechnologyAnnualActivityLowerLimit,NDP,Guatemala,Pastos,,,,2038,,,,,,3.9682677596683202
TotalTechnologyAnnualActivityLowerLimit,NDP,Guatemala,Pastos,,,,2039,,,,,,3.9521850287723046
TotalTechnologyAnnualActivityLowerLimit,NDP,Guatemala,Pastos,,,,2040,,,,,,3.9361674785164924
TotalTechnologyAnnualActivityLowerLimit,NDP,Guatemala,Pastos,,,,2041,,,,,,3.9202148447345624
TotalTechnologyAnnualActivityLowerLimit,NDP,Guatemala,Pastos,,,,2042,,,,,,3.9043268643308155
TotalTechnologyAnnualActivityLowerLimit,NDP,Guatemala,Pastos,,,,2043,,,,,,3.888503275275836
TotalTechnologyAnnualActivityLowerLimit,NDP,Guatemala,Pastos,,,,2044,,,,,,3.8727438166021693
TotalTechnologyAnnualActivityLowerLimit,NDP,Guatemala,Pastos,,,,2045,,,,,,3.8570482284000196
TotalTechnologyAnnualActivityLowerLimit,NDP,Guatemala,Pastos,,,,2046,,,,,,3.8414162518129618
TotalTechnologyAnnualActivityLowerLimit,NDP,Guatemala,Pastos,,,,2047,,,,,,3.8258476290336736
TotalTechnologyAnnualActivityLowerLimit,NDP,Guatemala,Pastos,,,,2048,,,,,,3.8103421032996816
TotalTechnologyAnnualActivityLowerLimit,NDP,Guatemala,Pastos,,,,2049,,,,,,3.7948994188891296
TotalTechnologyAnnualActivityLowerLimit,NDP,Guatemala,Pastos,,,,2050,,,,,,3.7795193211165587
TotalTechnologyAnnualActivityLowerLimit,NDP,Guatemala,Humedales,,,,2016,,,,,,0.23937179976906325
TotalTechnologyAnnualActivityLowerLimit,NDP,Guatemala,Humedales,,,,2017,,,,,,0.23944278289999998
TotalTechnologyAnnualActivityLowerLimit,NDP,Guatemala,Humedales,,,,2018,,,,,,0.23963433710999998
TotalTechnologyAnnualActivityLowerLimit,NDP,Guatemala,Humedales,,,,2019,,,,,,0.2399760540271988
TotalTechnologyAnnualActivityLowerLimit,NDP,Guatemala,Humedales,,,,2020,,,,,,0.24015927326695888
TotalTechnologyAnnualActivityLowerLimit,NDP,Guatemala,Humedales,,,,2021,,,,,,0.2403424796070058
TotalTechnologyAnnualActivityLowerLimit,NDP,Guatemala,Humedales,,,,2022,,,,,,0.24052567304870234
TotalTechnologyAnnualActivityLowerLimit,NDP,Guatemala,Humedales,,,,2023,,,,,,0.2407428463028758
TotalTechnologyAnnualActivityLowerLimit,NDP,Guatemala,Humedales,,,,2024,,,,,,0.24096021564514963
TotalTechnologyAnnualActivityLowerLimit,NDP,Guatemala,Humedales,,,,2025,,,,,,0.241177781252574
TotalTechnologyAnnualActivityLowerLimit,NDP,Guatemala,Humedales,,,,2026,,,,,,0.2413955433023588
TotalTechnologyAnnualActivityLowerLimit,NDP,Guatemala,Humedales,,,,2027,,,,,,0.24161350197187398
TotalTechnologyAnnualActivityLowerLimit,NDP,Guatemala,Humedales,,,,2028,,,,,,0.24183165743864965
TotalTechnologyAnnualActivityLowerLimit,NDP,Guatemala,Humedales,,,,2029,,,,,,0.24205000988037623
TotalTechnologyAnnualActivityLowerLimit,NDP,Guatemala,Humedales,,,,2030,,,,,,0.2422685594749045
TotalTechnologyAnnualActivityLowerLimit,NDP,Guatemala,Humedales,,,,2031,,,,,,0.2424873064002459
TotalTechnologyAnnualActivityLowerLimit,NDP,Guatemala,Humedales,,,,2032,,,,,,0.2427062508345726
TotalTechnologyAnnualActivityLowerLimit,NDP,Guatemala,Humedales,,,,2033,,,,,,0.24292539295621757
TotalTechnologyAnnualActivityLowerLimit,NDP,Guatemala,Humedales,,,,2034,,,,,,0.2431447329436749
TotalTechnologyAnnualActivityLowerLimit,NDP,Guatemala,Humedales,,,,2035,,,,,,0.24336427097559973
TotalTechnologyAnnualActivityLowerLimit,NDP,Guatemala,Humedales,,,,2036,,,,,,0.2435840072308086
TotalTechnologyAnnualActivityLowerLimit,NDP,Guatemala,Humedales,,,,2037,,,,,,0.24380394188827947
TotalTechnologyAnnualActivityLowerLimit,NDP,Guatemala,Humedales,,,,2038,,,,,,0.24402407512715193
TotalTechnologyAnnualActivityLowerLimit,NDP,Guatemala,Humedales,,,,2039,,,,,,0.2442444071267273
TotalTechnologyAnnualActivityLowerLimit,NDP,Guatemala,Humedales,,,,2040,,,,,,0.2444649380664687
TotalTechnologyAnnualActivityLowerLimit,NDP,Guatemala,Humedales,,,,2041,,,,,,0.2446856681260015
TotalTechnologyAnnualActivityLowerLimit,NDP,Guatemala,Humedales,,,,2042,,,,,,0.24490659748511306
TotalTechnologyAnnualActivityLowerLimit,NDP,Guatemala,Humedales,,,,2043,,,,,,0.24512772632375315
TotalTechnologyAnnualActivityLowerLimit,NDP,Guatemala,Humedales,,,,2044,,,,,,0.24534905482203404
TotalTechnologyAnnualActivityLowerLimit,NDP,Guatemala,Humedales,,,,2045,,,,,,0.24557058316023053
TotalTechnologyAnnualActivityLowerLimit,NDP,Guatemala,Humedales,,,,2046,,,,,,0.24579231151878037
TotalTechnologyAnnualActivityLowerLimit,NDP,Guatemala,Humedales,,,,2047,,,,,,0.246014240078284
TotalTechnologyAnnualActivityLowerLimit,NDP,Guatemala,Humedales,,,,2048,,,,,,0.24623636901950516
TotalTechnologyAnnualActivityLowerLimit,NDP,Guatemala,Humedales,,,,2049,,,,,,0.2464586985233706
TotalTechnologyAnnualActivityLowerLimit,NDP,Guatemala,Humedales,,,,2050,,,,,,0.24668122877097054
TotalTechnologyAnnualActivityLowerLimit,NDP,Guatemala,Asentamientos,,,,2016,,,,,,0.15605818032674948
TotalTechnologyAnnualActivityLowerLimit,NDP,Guatemala,Asentamientos,,,,2017,,,,,,0.15611669420000016
TotalTechnologyAnnualActivityLowerLimit,NDP,Guatemala,Asentamientos,,,,2018,,,,,,0.15803223645000014
TotalTechnologyAnnualActivityLowerLimit,NDP,Guatemala,Asentamientos,,,,2019,,,,,,0.1600479271507276
TotalTechnologyAnnualActivityLowerLimit,NDP,Guatemala,Asentamientos,,,,2020,,,,,,0.1619589669496328
TotalTechnologyAnnualActivityLowerLimit,NDP,Guatemala,Asentamientos,,,,2021,,,,,,0.16386987220008745
TotalTechnologyAnnualActivityLowerLimit,NDP,Guatemala,Asentamientos,,,,2022,,,,,,0.16578064291630082
TotalTechnologyAnnualActivityLowerLimit,NDP,Guatemala,Asentamientos,,,,2023,,,,,,0.16778407835318293
TotalTechnologyAnnualActivityLowerLimit,NDP,Guatemala,Asentamientos,,,,2024,,,,,,0.1698117250217212
TotalTechnologyAnnualActivityLowerLimit,NDP,Guatemala,Asentamientos,,,,2025,,,,,,0.1718638755111988
TotalTechnologyAnnualActivityLowerLimit,NDP,Guatemala,Asentamientos,,,,2026,,,,,,0.1739408259467986
TotalTechnologyAnnualActivityLowerLimit,NDP,Guatemala,Asentamientos,,,,2027,,,,,,0.1760428760323342
TotalTechnologyAnnualActivityLowerLimit,NDP,Guatemala,Asentamientos,,,,2028,,,,,,0.17817032909349698
TotalTechnologyAnnualActivityLowerLimit,NDP,Guatemala,Asentamientos,,,,2029,,,,,,0.18032349212162613
TotalTechnologyAnnualActivityLowerLimit,NDP,Guatemala,Asentamientos,,,,2030,,,,,,0.18250267581800733
TotalTechnologyAnnualActivityLowerLimit,NDP,Guatemala,Asentamientos,,,,2031,,,,,,0.18470819463870702
TotalTechnologyAnnualActivityLowerLimit,NDP,Guatemala,Asentamientos,,,,2032,,,,,,0.1869403668399485
TotalTechnologyAnnualActivityLowerLimit,NDP,Guatemala,Asentamientos,,,,2033,,,,,,0.18919951452403594
TotalTechnologyAnnualActivityLowerLimit,NDP,Guatemala,Asentamientos,,,,2034,,,,,,0.19148596368583415
TotalTechnologyAnnualActivityLowerLimit,NDP,Guatemala,Asentamientos,,,,2035,,,,,,0.1938000442598093
TotalTechnologyAnnualActivityLowerLimit,NDP,Guatemala,Asentamientos,,,,2036,,,,,,0.1961420901676385
TotalTechnologyAnnualActivityLowerLimit,NDP,Guatemala,Asentamientos,,,,2037,,,,,,0.1985124393663949
TotalTechnologyAnnualActivityLowerLimit,NDP,Guatemala,Asentamientos,,,,2038,,,,,,0.2009114338973145
TotalTechnologyAnnualActivityLowerLimit,NDP,Guatemala,Asentamientos,,,,2039,,,,,,0.20333941993515303
TotalTechnologyAnnualActivityLowerLimit,NDP,Guatemala,Asentamientos,,,,2040,,,,,,0.20579674783813875
TotalTechnologyAnnualActivityLowerLimit,NDP,Guatemala,Asentamientos,,,,2041,,,,,,0.2082837721985291
TotalTechnologyAnnualActivityLowerLimit,NDP,Guatemala,Asentamientos,,,,2042,,,,,,0.21080085189377848
TotalTechnologyAnnualActivityLowerLimit,NDP,Guatemala,Asentamientos,,,,2043,,,,,,0.21334835013832418
TotalTechnologyAnnualActivityLowerLimit,NDP,Guatemala,Asentamientos,,,,2044,,,,,,0.21592663453599809
TotalTechnologyAnnualActivityLowerLimit,NDP,Guatemala,Asentamientos,,,,2045,,,,,,0.21853607713307208
TotalTechnologyAnnualActivityLowerLimit,NDP,Guatemala,Asentamientos,,,,2046,,,,,,0.22117705447194416
TotalTechnologyAnnualActivityLowerLimit,NDP,Guatemala,Asentamientos,,,,2047,,,,,,0.22384994764547356
TotalTechnologyAnnualActivityLowerLimit,NDP,Guatemala,Asentamientos,,,,2048,,,,,,0.22655514235197236
TotalTechnologyAnnualActivityLowerLimit,NDP,Guatemala,Asentamientos,,,,2049,,,,,,0.22929302895086173
TotalTechnologyAnnualActivityLowerLimit,NDP,Guatemala,Asentamientos,,,,2050,,,,,,0.23206400251900094
TotalTechnologyAnnualActivityLowerLimit,NDP,Guatemala,OtrasTierras,,,,2016,,,,,,0.07084937021189937
TotalTechnologyAnnualActivityLowerLimit,NDP,Guatemala,OtrasTierras,,,,2017,,,,,,0.07087506349999999
TotalTechnologyAnnualActivityLowerLimit,NDP,Guatemala,OtrasTierras,,,,2018,,,,,,0.07259905150999998
TotalTechnologyAnnualActivityLowerLimit,NDP,Guatemala,OtrasTierras,,,,2019,,,,,,0.07436957556646329
TotalTechnologyAnnualActivityLowerLimit,NDP,Guatemala,OtrasTierras,,,,2020,,,,,,0.07609196417113961
TotalTechnologyAnnualActivityLowerLimit,NDP,Guatemala,OtrasTierras,,,,2021,,,,,,0.07781423150951998
TotalTechnologyAnnualActivityLowerLimit,NDP,Guatemala,OtrasTierras,,,,2022,,,,,,0.07953637759441082
TotalTechnologyAnnualActivityLowerLimit,NDP,Guatemala,OtrasTierras,,,,2023,,,,,,0.08139176102573624
TotalTechnologyAnnualActivityLowerLimit,NDP,Guatemala,OtrasTierras,,,,2024,,,,,,0.08329042588100066
TotalTechnologyAnnualActivityLowerLimit,NDP,Guatemala,OtrasTierras,,,,2025,,,,,,0.08523338180684994
TotalTechnologyAnnualActivityLowerLimit,NDP,Guatemala,OtrasTierras,,,,2026,,,,,,0.08722166200244405
TotalTechnologyAnnualActivityLowerLimit,NDP,Guatemala,OtrasTierras,,,,2027,,,,,,0.08925632376887797
TotalTechnologyAnnualActivityLowerLimit,NDP,Guatemala,OtrasTierras,,,,2028,,,,,,0.09133844907141916
TotalTechnologyAnnualActivityLowerLimit,NDP,Guatemala,OtrasTierras,,,,2029,,,,,,0.09346914511486056
TotalTechnologyAnnualActivityLowerLimit,NDP,Guatemala,OtrasTierras,,,,2030,,,,,,0.09564954493229516
TotalTechnologyAnnualActivityLowerLimit,NDP,Guatemala,OtrasTierras,,,,2031,,,,,,0.09788080798762529
TotalTechnologyAnnualActivityLowerLimit,NDP,Guatemala,OtrasTierras,,,,2032,,,,,,0.10016412079212678
TotalTechnologyAnnualActivityLowerLimit,NDP,Guatemala,OtrasTierras,,,,2033,,,,,,0.10250069753539612
TotalTechnologyAnnualActivityLowerLimit,NDP,Guatemala,OtrasTierras,,,,2034,,,,,,0.10489178073101597
TotalTechnologyAnnualActivityLowerLimit,NDP,Guatemala,OtrasTierras,,,,2035,,,,,,0.10733864187728247
TotalTechnologyAnnualActivityLowerLimit,NDP,Guatemala,OtrasTierras,,,,2036,,,,,,0.10984258213334558
TotalTechnologyAnnualActivityLowerLimit,NDP,Guatemala,OtrasTierras,,,,2037,,,,,,0.1124049330111222
TotalTechnologyAnnualActivityLowerLimit,NDP,Guatemala,OtrasTierras,,,,2038,,,,,,0.11502705708334968
TotalTechnologyAnnualActivityLowerLimit,NDP,Guatemala,OtrasTierras,,,,2039,,,,,,0.11771034870815666
TotalTechnologyAnnualActivityLowerLimit,NDP,Guatemala,OtrasTierras,,,,2040,,,,,,0.12045623477053623
TotalTechnologyAnnualActivityLowerLimit,NDP,Guatemala,OtrasTierras,,,,2041,,,,,,0.12326617544111566
TotalTechnologyAnnualActivityLowerLimit,NDP,Guatemala,OtrasTierras,,,,2042,,,,,,0.12614166495262655
TotalTechnologyAnnualActivityLowerLimit,NDP,Guatemala,OtrasTierras,,,,2043,,,,,,0.1290842323944879
TotalTechnologyAnnualActivityLowerLimit,NDP,Guatemala,OtrasTierras,,,,2044,,,,,,0.13209544252592495
TotalTechnologyAnnualActivityLowerLimit,NDP,Guatemala,OtrasTierras,,,,2045,,,,,,0.1351768966080558
TotalTechnologyAnnualActivityLowerLimit,NDP,Guatemala,OtrasTierras,,,,2046,,,,,,0.13833023325538885
TotalTechnologyAnnualActivityLowerLimit,NDP,Guatemala,OtrasTierras,,,,2047,,,,,,0.1415571293071832
TotalTechnologyAnnualActivityLowerLimit,NDP,Guatemala,OtrasTierras,,,,2048,,,,,,0.1448593007191359
TotalTechnologyAnnualActivityLowerLimit,NDP,Guatemala,OtrasTierras,,,,2049,,,,,,0.1482385034758699
TotalTechnologyAnnualActivityLowerLimit,NDP,Guatemala,OtrasTierras,,,,2050,,,,,,0.15169653452470824
TotalTechnologyAnnualActivityLowerLimit,NDP,Guatemala,Deforestacion,,,,2016,,,,,,0.03831
TotalTechnologyAnnualActivityLowerLimit,NDP,Guatemala,Deforestacion,,,,2017,,,,,,0.036306
TotalTechnologyAnnualActivityLowerLimit,NDP,Guatemala,Deforestacion,,,,2018,,,,,,0.03831
TotalTechnologyAnnualActivityLowerLimit,NDP,Guatemala,Deforestacion,,,,2019,,,,,,0.032047
TotalTechnologyAnnualActivityLowerLimit,NDP,Guatemala,Deforestacion,,,,2020,,,,,,0.038585
TotalTechnologyAnnualActivityLowerLimit,NDP,Guatemala,Deforestacion,,,,2021,,,,,,0.038677
TotalTechnologyAnnualActivityLowerLimit,NDP,Guatemala,Deforestacion,,,,2022,,,,,,0.038674
TotalTechnologyAnnualActivityLowerLimit,NDP,Guatemala,Deforestacion,,,,2023,,,,,,0.038674
TotalTechnologyAnnualActivityLowerLimit,NDP,Guatemala,Deforestacion,,,,2024,,,,,,0.038674
TotalTechnologyAnnualActivityLowerLimit,NDP,Guatemala,Deforestacion,,,,2025,,,,,,0.038674
TotalTechnologyAnnualActivityLowerLimit,NDP,Guatemala,Deforestacion,,,,2026,,,,,,0.038674
TotalTechnologyAnnualActivityLowerLimit,NDP,Guatemala,Deforestacion,,,,2027,,,,,,0.038674
TotalTechnologyAnnualActivityLowerLimit,NDP,Guatemala,Deforestacion,,,,2028,,,,,,0.038674
TotalTechnologyAnnualActivityLowerLimit,NDP,Guatemala,Deforestacion,,,,2029,,,,,,0.038674
TotalTechnologyAnnualActivityLowerLimit,NDP,Guatemala,Deforestacion,,,,2030,,,,,,0.038674
TotalTechnologyAnnualActivityLowerLimit,NDP,Guatemala,Deforestacion,,,,2031,,,,,,0.038674
TotalTechnologyAnnualActivityLowerLimit,NDP,Guatemala,Deforestacion,,,,2032,,,,,,0.038674
TotalTechnologyAnnualActivityLowerLimit,NDP,Guatemala,Deforestacion,,,,2033,,,,,,0.038674
TotalTechnologyAnnualActivityLowerLimit,NDP,Guatemala,Deforestacion,,,,2034,,,,,,0.038674
TotalTechnologyAnnualActivityLowerLimit,NDP,Guatemala,Deforestacion,,,,2035,,,,,,0.038674
TotalTechnologyAnnualActivityLowerLimit,NDP,Guatemala,Deforestacion,,,,2036,,,,,,0.038674
TotalTechnologyAnnualActivityLowerLimit,NDP,Guatemala,Deforestacion,,,,2037,,,,,,0.038674
TotalTechnologyAnnualActivityLowerLimit,NDP,Guatemala,Deforestacion,,,,2038,,,,,,0.038674
TotalTechnologyAnnualActivityLowerLimit,NDP,Guatemala,Deforestacion,,,,2039,,,,,,0.038674
TotalTechnologyAnnualActivityLowerLimit,NDP,Guatemala,Deforestacion,,,,2040,,,,,,0.038674
TotalTechnologyAnnualActivityLowerLimit,NDP,Guatemala,Deforestacion,,,,2041,,,,,,0.038674
TotalTechnologyAnnualActivityLowerLimit,NDP,Guatemala,Deforestacion,,,,2042,,,,,,0.038674
TotalTechnologyAnnualActivityLowerLimit,NDP,Guatemala,Deforestacion,,,,2043,,,,,,0.038674
TotalTechnologyAnnualActivityLowerLimit,NDP,Guatemala,Deforestacion,,,,2044,,,,,,0.038674
TotalTechnologyAnnualActivityLowerLimit,NDP,Guatemala,Deforestacion,,,,2045,,,,,,0.038674
TotalTechnologyAnnualActivityLowerLimit,NDP,Guatemala,Deforestacion,,,,2046,,,,,,0.038674
TotalTechnologyAnnualActivityLowerLimit,NDP,Guatemala,Deforestacion,,,,2047,,,,,,0.038674
TotalTechnologyAnnualActivityLowerLimit,NDP,Guatemala,Deforestacion,,,,2048,,,,,,0.038674
TotalTechnologyAnnualActivityLowerLimit,NDP,Guatemala,Deforestacion,,,,2049,,,,,,0.038674
TotalTechnologyAnnualActivityLowerLimit,NDP,Guatemala,Deforestacion,,,,2050,,,,,,0.038674
TotalTechnologyAnnualActivityLowerLimit,NDP,Guatemala,Restauracion,,,,2016,,,,,,0.017623
TotalTechnologyAnnualActivityLowerLimit,NDP,Guatemala,Restauracion,,,,2017,,,,,,0.024483
TotalTechnologyAnnualActivityLowerLimit,NDP,Guatemala,Restauracion,,,,2018,,,,,,0.017623
TotalTechnologyAnnualActivityLowerLimit,NDP,Guatemala,Restauracion,,,,2019,,,,,,0.018
TotalTechnologyAnnualActivityLowerLimit,NDP,Guatemala,Restauracion,,,,2020,,,,,,0.017613
TotalTechnologyAnnualActivityLowerLimit,NDP,Guatemala,Restauracion,,,,2021,,,,,,0.017611
TotalTechnologyAnnualActivityLowerLimit,NDP,Guatemala,Restauracion,,,,2022,,,,,,0.017609
TotalTechnologyAnnualActivityLowerLimit,NDP,Guatemala,Restauracion,,,,2023,,,,,,0.002287859045540977
TotalTechnologyAnnualActivityLowerLimit,NDP,Guatemala,Restauracion,,,,2024,,,,,,0.00023197205713966496
TotalTechnologyAnnualActivityLowerLimit,NDP,Guatemala,Restauracion,,,,2025,,,,,,0.029608211773715656
TotalTechnologyAnnualActivityLowerLimit,NDP,Guatemala,Restauracion,,,,2026,,,,,,0.03541113487053828
TotalTechnologyAnnualActivityLowerLimit,NDP,Guatemala,Restauracion,,,,2027,,,,,,0.041201548740320906
TotalTechnologyAnnualActivityLowerLimit,NDP,Guatemala,Restauracion,,,,2028,,,,,,0.04692833557937094
TotalTechnologyAnnualActivityLowerLimit,NDP,Guatemala,Restauracion,,,,2029,,,,,,0.052541994495818437
TotalTechnologyAnnualActivityLowerLimit,NDP,Guatemala,Restauracion,,,,2030,,,,,,0.057995273145449514
TotalTechnologyAnnualActivityLowerLimit,NDP,Guatemala,Restauracion,,,,2031,,,,,,0.05727571224038787
TotalTechnologyAnnualActivityLowerLimit,NDP,Guatemala,Restauracion,,,,2032,,,,,,0.05655015083049454
TotalTechnologyAnnualActivityLowerLimit,NDP,Guatemala,Restauracion,,,,2033,,,,,,0.05581806276794156
TotalTechnologyAnnualActivityLowerLimit,NDP,Guatemala,Restauracion,,,,2034,,,,,,0.055078906851712475
TotalTechnologyAnnualActivityLowerLimit,NDP,Guatemala,Restauracion,,,,2035,,,,,,0.054332126107112924
TotalTechnologyAnnualActivityLowerLimit,NDP,Guatemala,Restauracion,,,,2036,,,,,,0.05357714703821394
TotalTechnologyAnnualActivityLowerLimit,NDP,Guatemala,Restauracion,,,,2037,,,,,,0.0528133788519939
TotalTechnologyAnnualActivityLowerLimit,NDP,Guatemala,Restauracion,,,,2038,,,,,,0.05204021265304405
TotalTechnologyAnnualActivityLowerLimit,NDP,Guatemala,Restauracion,,,,2039,,,,,,0.05125702060756433
TotalTechnologyAnnualActivityLowerLimit,NDP,Guatemala,Restauracion,,,,2040,,,,,,0.05046315507532441
TotalTechnologyAnnualActivityLowerLimit,NDP,Guatemala,Restauracion,,,,2041,,,,,,0.049657947708279374
TotalTechnologyAnnualActivityLowerLimit,NDP,Guatemala,Restauracion,,,,2042,,,,,,0.04884070851442569
TotalTechnologyAnnualActivityLowerLimit,NDP,Guatemala,Restauracion,,,,2043,,,,,,0.04801072488540793
TotalTechnologyAnnualActivityLowerLimit,NDP,Guatemala,Restauracion,,,,2044,,,,,,0.04716726058637301
TotalTechnologyAnnualActivityLowerLimit,NDP,Guatemala,Restauracion,,,,2045,,,,,,0.04630955470649502
TotalTechnologyAnnualActivityLowerLimit,NDP,Guatemala,Restauracion,,,,2046,,,,,,0.04543682056851907
TotalTechnologyAnnualActivityLowerLimit,NDP,Guatemala,Restauracion,,,,2047,,,,,,0.044548244595574396
TotalTechnologyAnnualActivityLowerLimit,NDP,Guatemala,Restauracion,,,,2048,,,,,,0.04364298513354038
TotalTechnologyAnnualActivityLowerLimit,NDP,Guatemala,Restauracion,,,,2049,,,,,,0.042720171227019
TotalTechnologyAnnualActivityLowerLimit,NDP,Guatemala,Restauracion,,,,2050,,,,,,0.04177890134709385
TotalTechnologyAnnualActivityLowerLimit,NDP,Guatemala,AreaIncendiada,,,,2016,,,,,,0.01312288637489208
TotalTechnologyAnnualActivityLowerLimit,NDP,Guatemala,AreaIncendiada,,,,2017,,,,,,0.01312288637489208
TotalTechnologyAnnualActivityLowerLimit,NDP,Guatemala,AreaIncendiada,,,,2018,,,,,,0.020088888070402044
TotalTechnologyAnnualActivityLowerLimit,NDP,Guatemala,AreaIncendiada,,,,2019,,,,,,0.05514569356279892
TotalTechnologyAnnualActivityLowerLimit,NDP,Guatemala,AreaIncendiada,,,,2020,,,,,,0.0757143879556796
TotalTechnologyAnnualActivityLowerLimit,NDP,Guatemala,AreaIncendiada,,,,2021,,,,,,0.03556018430747552
TotalTechnologyAnnualActivityLowerLimit,NDP,Guatemala,AreaIncendiada,,,,2022,,,,,,0.018935507387443016
TotalTechnologyAnnualActivityLowerLimit,NDP,Guatemala,AreaIncendiada,,,,2023,,,,,,0.020088888070402044
TotalTechnologyAnnualActivityLowerLimit,NDP,Guatemala,AreaIncendiada,,,,2024,,,,,,0.019887999189698025
TotalTechnologyAnnualActivityLowerLimit,NDP,Guatemala,AreaIncendiada,,,,2025,,,,,,0.019689119197801044
TotalTechnologyAnnualActivityLowerLimit,NDP,Guatemala,AreaIncendiada,,,,2026,,,,,,0.019492228005823033
TotalTechnologyAnnualActivityLowerLimit,NDP,Guatemala,AreaIncendiada,,,,2027,,,,,,0.019297305725764803
TotalTechnologyAnnualActivityLowerLimit,NDP,Guatemala,AreaIncendiada,,,,2028,,,,,,0.019104332668507154
TotalTechnologyAnnualActivityLowerLimit,NDP,Guatemala,AreaIncendiada,,,,2029,,,,,,0.01891328934182208
TotalTechnologyAnnualActivityLowerLimit,NDP,Guatemala,AreaIncendiada,,,,2030,,,,,,0.01872415644840386
TotalTechnologyAnnualActivityLowerLimit,NDP,Guatemala,AreaIncendiada,,,,2031,,,,,,0.018536914883919824
TotalTechnologyAnnualActivityLowerLimit,NDP,Guatemala,AreaIncendiada,,,,2032,,,,,,0.018351545735080625
TotalTechnologyAnnualActivityLowerLimit,NDP,Guatemala,AreaIncendiada,,,,2033,,,,,,0.01816803027772982
TotalTechnologyAnnualActivityLowerLimit,NDP,Guatemala,AreaIncendiada,,,,2034,,,,,,0.01798634997495252
TotalTechnologyAnnualActivityLowerLimit,NDP,Guatemala,AreaIncendiada,,,,2035,,,,,,0.017806486475202995
TotalTechnologyAnnualActivityLowerLimit,NDP,Guatemala,AreaIncendiada,,,,2036,,,,,,0.017628421610450966
TotalTechnologyAnnualActivityLowerLimit,NDP,Guatemala,AreaIncendiada,,,,2037,,,,,,0.017452137394346454
TotalTechnologyAnnualActivityLowerLimit,NDP,Guatemala,AreaIncendiada,,,,2038,,,,,,0.01727761602040299
TotalTechnologyAnnualActivityLowerLimit,NDP,Guatemala,AreaIncendiada,,,,2039,,,,,,0.01710483986019896
TotalTechnologyAnnualActivityLowerLimit,NDP,Guatemala,AreaIncendiada,,,,2040,,,,,,0.016933791461596973
TotalTechnologyAnnualActivityLowerLimit,NDP,Guatemala,AreaIncendiada,,,,2041,,,,,,0.016764453546981004
TotalTechnologyAnnualActivityLowerLimit,NDP,Guatemala,AreaIncendiada,,,,2042,,,,,,0.016596809011511195
TotalTechnologyAnnualActivityLowerLimit,NDP,Guatemala,AreaIncendiada,,,,2043,,,,,,0.016430840921396083
TotalTechnologyAnnualActivityLowerLimit,NDP,Guatemala,AreaIncendiada,,,,2044,,,,,,0.016266532512182123
TotalTechnologyAnnualActivityLowerLimit,NDP,Guatemala,AreaIncendiada,,,,2045,,,,,,0.016103867187060302
TotalTechnologyAnnualActivityLowerLimit,NDP,Guatemala,AreaIncendiada,,,,2046,,,,,,0.0159428285151897
TotalTechnologyAnnualActivityLowerLimit,NDP,Guatemala,AreaIncendiada,,,,2047,,,,,,0.0157834002300378
TotalTechnologyAnnualActivityLowerLimit,NDP,Guatemala,AreaIncendiada,,,,2048,,,,,,0.015625566227737423
TotalTechnologyAnnualActivityLowerLimit,NDP,Guatemala,AreaIncendiada,,,,2049,,,,,,0.015469310565460049
TotalTechnologyAnnualActivityLowerLimit,NDP,Guatemala,AreaIncendiada,,,,2050,,,,,,0.015314617459805448
TotalTechnologyAnnualActivityLowerLimit,NDP,Guatemala,Lena,,,,2016,,,,,,10.66684333049899
TotalTechnologyAnnualActivityLowerLimit,NDP,Guatemala,Lena,,,,2017,,,,,,10.907888275498989
TotalTechnologyAnnualActivityLowerLimit,NDP,Guatemala,Lena,,,,2018,,,,,,11.152997786249
TotalTechnologyAnnualActivityLowerLimit,NDP,Guatemala,Lena,,,,2019,,,,,,11.27263805739922
TotalTechnologyAnnualActivityLowerLimit,NDP,Guatemala,Lena,,,,2020,,,,,,11.43522156215959
TotalTechnologyAnnualActivityLowerLimit,NDP,Guatemala,Lena,,,,2021,,,,,,11.517316336664125
TotalTechnologyAnnualActivityLowerLimit,NDP,Guatemala,Lena,,,,2022,,,,,,11.626969871940226
TotalTechnologyAnnualActivityLowerLimit,NDP,Guatemala,Lena,,,,2023,,,,,,11.73816662422635
TotalTechnologyAnnualActivityLowerLimit,NDP,Guatemala,Lena,,,,2024,,,,,,11.84494403679818
TotalTechnologyAnnualActivityLowerLimit,NDP,Guatemala,Lena,,,,2025,,,,,,11.941851180577274
TotalTechnologyAnnualActivityLowerLimit,NDP,Guatemala,Lena,,,,2026,,,,,,12.028721667477535
TotalTechnologyAnnualActivityLowerLimit,NDP,Guatemala,Lena,,,,2027,,,,,,12.105424420924368
TotalTechnologyAnnualActivityLowerLimit,NDP,Guatemala,Lena,,,,2028,,,,,,12.173356508689283
TotalTechnologyAnnualActivityLowerLimit,NDP,Guatemala,Lena,,,,2029,,,,,,12.232126689131421
TotalTechnologyAnnualActivityLowerLimit,NDP,Guatemala,Lena,,,,2030,,,,,,12.281303175347265
TotalTechnologyAnnualActivityLowerLimit,NDP,Guatemala,Lena,,,,2031,,,,,,12.320436322831597
TotalTechnologyAnnualActivityLowerLimit,NDP,Guatemala,Lena,,,,2032,,,,,,12.349035770858848
TotalTechnologyAnnualActivityLowerLimit,NDP,Guatemala,Lena,,,,2033,,,,,,12.366567499156403
TotalTechnologyAnnualActivityLowerLimit,NDP,Guatemala,Lena,,,,2034,,,,,,12.372417183717621
TotalTechnologyAnnualActivityLowerLimit,NDP,Guatemala,Lena,,,,2035,,,,,,12.36593314666119
TotalTechnologyAnnualActivityLowerLimit,NDP,Guatemala,Lena,,,,2036,,,,,,12.345812353527084
TotalTechnologyAnnualActivityLowerLimit,NDP,Guatemala,Lena,,,,2037,,,,,,12.311594228204548
TotalTechnologyAnnualActivityLowerLimit,NDP,Guatemala,Lena,,,,2038,,,,,,12.2623212325757
TotalTechnologyAnnualActivityLowerLimit,NDP,Guatemala,Lena,,,,2039,,,,,,12.19689058704698
TotalTechnologyAnnualActivityLowerLimit,NDP,Guatemala,Lena,,,,2040,,,,,,12.114265993713962
TotalTechnologyAnnualActivityLowerLimit,NDP,Guatemala,Lena,,,,2041,,,,,,12.013209295838418
TotalTechnologyAnnualActivityLowerLimit,NDP,Guatemala,Lena,,,,2042,,,,,,11.892392832015531
TotalTechnologyAnnualActivityLowerLimit,NDP,Guatemala,Lena,,,,2043,,,,,,11.75039429395308
TotalTechnologyAnnualActivityLowerLimit,NDP,Guatemala,Lena,,,,2044,,,,,,11.585655387944195
TotalTechnologyAnnualActivityLowerLimit,NDP,Guatemala,Lena,,,,2045,,,,,,11.396522137571058
TotalTechnologyAnnualActivityLowerLimit,NDP,Guatemala,Lena,,,,2046,,,,,,11.181205238147752
TotalTechnologyAnnualActivityLowerLimit,NDP,Guatemala,Lena,,,,2047,,,,,,10.937762737408011
TotalTechnologyAnnualActivityLowerLimit,NDP,Guatemala,Lena,,,,2048,,,,,,10.664112513275022
TotalTechnologyAnnualActivityLowerLimit,NDP,Guatemala,Lena,,,,2049,,,,,,10.357998305585552
TotalTechnologyAnnualActivityLowerLimit,NDP,Guatemala,Lena,,,,2050,,,,,,10.016989680843057
TotalTechnologyAnnualActivityLowerLimit,NDP,Guatemala,Lena_total,,,,2016,,,,,,15.34008280688429
TotalTechnologyAnnualActivityLowerLimit,NDP,Guatemala,Lena_total,,,,2017,,,,,,15.56409279023094
TotalTechnologyAnnualActivityLowerLimit,NDP,Guatemala,Lena_total,,,,2018,,,,,,15.792769952258075
TotalTechnologyAnnualActivityLowerLimit,NDP,Guatemala,Lena_total,,,,2019,,,,,,15.962993088271396
TotalTechnologyAnnualActivityLowerLimit,NDP,Guatemala,Lena_total,,,,2020,,,,,,16.10454503732149
TotalTechnologyAnnualActivityLowerLimit,NDP,Guatemala,Lena_total,,,,2021,,,,,,16.164481800805138
TotalTechnologyAnnualActivityLowerLimit,NDP,Guatemala,Lena_total,,,,2022,,,,,,16.252761624094106
TotalTechnologyAnnualActivityLowerLimit,NDP,Guatemala,Lena_total,,,,2023,,,,,,16.34278807798443
TotalTechnologyAnnualActivityLowerLimit,NDP,Guatemala,Lena_total,,,,2024,,,,,,16.428683804315817
TotalTechnologyAnnualActivityLowerLimit,NDP,Guatemala,Lena_total,,,,2025,,,,,,16.440101730246052
TotalTechnologyAnnualActivityLowerLimit,NDP,Guatemala,Lena_total,,,,2026,,,,,,16.438065274993924
TotalTechnologyAnnualActivityLowerLimit,NDP,Guatemala,Lena_total,,,,2027,,,,,,16.4226035120799
TotalTechnologyAnnualActivityLowerLimit,NDP,Guatemala,Lena_total,,,,2028,,,,,,16.40225227930565
TotalTechnologyAnnualActivityLowerLimit,NDP,Guatemala,Lena_total,,,,2029,,,,,,16.376953062749294
TotalTechnologyAnnualActivityLowerLimit,NDP,Guatemala,Lena_total,,,,2030,,,,,,16.346643500739063
TotalTechnologyAnnualActivityLowerLimit,NDP,Guatemala,Lena_total,,,,2031,,,,,,16.311283884398627
TotalTechnologyAnnualActivityLowerLimit,NDP,Guatemala,Lena_total,,,,2032,,,,,,16.270836976561696
TotalTechnologyAnnualActivityLowerLimit,NDP,Guatemala,Lena_total,,,,2033,,,,,,16.225268611058198
TotalTechnologyAnnualActivityLowerLimit,NDP,Guatemala,Lena_total,,,,2034,,,,,,16.174513620819617
TotalTechnologyAnnualActivityLowerLimit,NDP,Guatemala,Lena_total,,,,2035,,,,,,16.11852453134465
TotalTechnologyAnnualActivityLowerLimit,NDP,Guatemala,Lena_total,,,,2036,,,,,,16.01571691350208
TotalTechnologyAnnualActivityLowerLimit,NDP,Guatemala,Lena_total,,,,2037,,,,,,15.937704734540086
TotalTechnologyAnnualActivityLowerLimit,NDP,Guatemala,Lena_total,,,,2038,,,,,,15.85249238702992
TotalTechnologyAnnualActivityLowerLimit,NDP,Guatemala,Lena_total,,,,2039,,,,,,15.758517252695759
TotalTechnologyAnnualActivityLowerLimit,NDP,Guatemala,Lena_total,,,,2040,,,,,,15.664958469143665
TotalTechnologyAnnualActivityLowerLimit,NDP,Guatemala,Lena_total,,,,2041,,,,,,15.565733846833325
TotalTechnologyAnnualActivityLowerLimit,NDP,Guatemala,Lena_total,,,,2042,,,,,,15.46119652973464
TotalTechnologyAnnualActivityLowerLimit,NDP,Guatemala,Lena_total,,,,2043,,,,,,15.352106046812079
TotalTechnologyAnnualActivityLowerLimit,NDP,Guatemala,Lena_total,,,,2044,,,,,,15.237190700824716
TotalTechnologyAnnualActivityLowerLimit,NDP,Guatemala,Lena_total,,,,2045,,,,,,15.117206979733162
TotalTechnologyAnnualActivityLowerLimit,NDP,Guatemala,Lena_total,,,,2046,,,,,,14.991346442358086
TotalTechnologyAnnualActivityLowerLimit,NDP,Guatemala,Lena_total,,,,2047,,,,,,14.859222446134208
TotalTechnologyAnnualActivityLowerLimit,NDP,Guatemala,Lena_total,,,,2048,,,,,,14.720670070980649
TotalTechnologyAnnualActivityLowerLimit,NDP,Guatemala,Lena_total,,,,2049,,,,,,14.575293207357095
TotalTechnologyAnnualActivityLowerLimit,NDP,Guatemala,Lena_total,,,,2050,,,,,,14.422800445248008
TotalTechnologyAnnualActivityLowerLimit,NDP,Guatemala,Estufa_nueva,,,,2016,,,,,,0.015
TotalTechnologyAnnualActivityLowerLimit,NDP,Guatemala,Estufa_nueva,,,,2017,,,,,,0.015
TotalTechnologyAnnualActivityLowerLimit,NDP,Guatemala,Estufa_nueva,,,,2018,,,,,,0.015
TotalTechnologyAnnualActivityLowerLimit,NDP,Guatemala,Estufa_nueva,,,,2019,,,,,,0.015
TotalTechnologyAnnualActivityLowerLimit,NDP,Guatemala,Estufa_nueva,,,,2020,,,,,,0.015
TotalTechnologyAnnualActivityLowerLimit,NDP,Guatemala,Estufa_nueva,,,,2021,,,,,,0.015
TotalTechnologyAnnualActivityLowerLimit,NDP,Guatemala,Estufa_nueva,,,,2022,,,,,,0.015
TotalTechnologyAnnualActivityLowerLimit,NDP,Guatemala,Estufa_nueva,,,,2023,,,,,,0.015
TotalTechnologyAnnualActivityLowerLimit,NDP,Guatemala,Estufa_nueva,,,,2024,,,,,,0.015
TotalTechnologyAnnualActivityLowerLimit,NDP,Guatemala,Estufa_nueva,,,,2025,,,,,,0.017333333333333333
TotalTechnologyAnnualActivityLowerLimit,NDP,Guatemala,Estufa_nueva,,,,2026,,,,,,0.019666666666666666
TotalTechnologyAnnualActivityLowerLimit,NDP,Guatemala,Estufa_nueva,,,,2027,,,,,,0.022
TotalTechnologyAnnualActivityLowerLimit,NDP,Guatemala,Estufa_nueva,,,,2028,,,,,,0.02376
TotalTechnologyAnnualActivityLowerLimit,NDP,Guatemala,Estufa_nueva,,,,2029,,,,,,0.0256608
TotalTechnologyAnnualActivityLowerLimit,NDP,Guatemala,Estufa_nueva,,,,2030,,,,,,0.027713664000000002
TotalTechnologyAnnualActivityLowerLimit,NDP,Guatemala,Estufa_nueva,,,,2031,,,,,,0.029930757120000005
TotalTechnologyAnnualActivityLowerLimit,NDP,Guatemala,Estufa_nueva,,,,2032,,,,,,0.032325217689600005
TotalTechnologyAnnualActivityLowerLimit,NDP,Guatemala,Estufa_nueva,,,,2033,,,,,,0.034911235104768006
TotalTechnologyAnnualActivityLowerLimit,NDP,Guatemala,Estufa_nueva,,,,2034,,,,,,0.037704133913149446
TotalTechnologyAnnualActivityLowerLimit,NDP,Guatemala,Estufa_nueva,,,,2035,,,,,,0.0407204646262014
TotalTechnologyAnnualActivityLowerLimit,NDP,Guatemala,Estufa_nueva,,,,2036,,,,,,0.04397810179629751
TotalTechnologyAnnualActivityLowerLimit,NDP,Guatemala,Estufa_nueva,,,,2037,,,,,,0.04749634994000132
TotalTechnologyAnnualActivityLowerLimit,NDP,Guatemala,Estufa_nueva,,,,2038,,,,,,0.05129605793520143
TotalTechnologyAnnualActivityLowerLimit,NDP,Guatemala,Estufa_nueva,,,,2039,,,,,,0.05539974257001755
TotalTechnologyAnnualActivityLowerLimit,NDP,Guatemala,Estufa_nueva,,,,2040,,,,,,0.05983172197561896
TotalTechnologyAnnualActivityLowerLimit,NDP,Guatemala,Estufa_nueva,,,,2041,,,,,,0.06461825973366848
TotalTechnologyAnnualActivityLowerLimit,NDP,Guatemala,Estufa_nueva,,,,2042,,,,,,0.06978772051236197
TotalTechnologyAnnualActivityLowerLimit,NDP,Guatemala,Estufa_nueva,,,,2043,,,,,,0.07537073815335094
TotalTechnologyAnnualActivityLowerLimit,NDP,Guatemala,Estufa_nueva,,,,2044,,,,,,0.08140039720561902
TotalTechnologyAnnualActivityLowerLimit,NDP,Guatemala,Estufa_nueva,,,,2045,,,,,,0.08791242898206855
TotalTechnologyAnnualActivityLowerLimit,NDP,Guatemala,Estufa_nueva,,,,2046,,,,,,0.09494542330063405
TotalTechnologyAnnualActivityLowerLimit,NDP,Guatemala,Estufa_nueva,,,,2047,,,,,,0.10254105716468477
TotalTechnologyAnnualActivityLowerLimit,NDP,Guatemala,Estufa_nueva,,,,2048,,,,,,0.11074434173785956
TotalTechnologyAnnualActivityLowerLimit,NDP,Guatemala,Estufa_nueva,,,,2049,,,,,,0.11960388907688833
TotalTechnologyAnnualActivityLowerLimit,NDP,Guatemala,Estufa_nueva,,,,2050,,,,,,0.1291722002030394
TotalTechnologyAnnualActivityLowerLimit,NDP,Guatemala,Estufa_stock,,,,2016,,,,,,0.2
TotalTechnologyAnnualActivityLowerLimit,NDP,Guatemala,Estufa_stock,,,,2017,,,,,,0.21500000000000002
TotalTechnologyAnnualActivityLowerLimit,NDP,Guatemala,Estufa_stock,,,,2018,,,,,,0.23000000000000004
TotalTechnologyAnnualActivityLowerLimit,NDP,Guatemala,Estufa_stock,,,,2019,,,,,,0.24500000000000005
TotalTechnologyAnnualActivityLowerLimit,NDP,Guatemala,Estufa_stock,,,,2020,,,,,,0.26000000000000006
TotalTechnologyAnnualActivityLowerLimit,NDP,Guatemala,Estufa_stock,,,,2021,,,,,,0.2750000000000001
TotalTechnologyAnnualActivityLowerLimit,NDP,Guatemala,Estufa_stock,,,,2022,,,,,,0.2900000000000001
TotalTechnologyAnnualActivityLowerLimit,NDP,Guatemala,Estufa_stock,,,,2023,,,,,,0.3050000000000001
TotalTechnologyAnnualActivityLowerLimit,NDP,Guatemala,Estufa_stock,,,,2024,,,,,,0.3200000000000001
TotalTechnologyAnnualActivityLowerLimit,NDP,Guatemala,Estufa_stock,,,,2025,,,,,,0.33733333333333343
TotalTechnologyAnnualActivityLowerLimit,NDP,Guatemala,Estufa_stock,,,,2026,,,,,,0.3570000000000001
TotalTechnologyAnnualActivityLowerLimit,NDP,Guatemala,Estufa_stock,,,,2027,,,,,,0.3790000000000001
TotalTechnologyAnnualActivityLowerLimit,NDP,Guatemala,Estufa_stock,,,,2028,,,,,,0.4027600000000001
TotalTechnologyAnnualActivityLowerLimit,NDP,Guatemala,Estufa_stock,,,,2029,,,,,,0.4284208000000001
TotalTechnologyAnnualActivityLowerLimit,NDP,Guatemala,Estufa_stock,,,,2030,,,,,,0.45613446400000013
TotalTechnologyAnnualActivityLowerLimit,NDP,Guatemala,Estufa_stock,,,,2031,,,,,,0.4860652211200001
TotalTechnologyAnnualActivityLowerLimit,NDP,Guatemala,Estufa_stock,,,,2032,,,,,,0.5183904388096001
TotalTechnologyAnnualActivityLowerLimit,NDP,Guatemala,Estufa_stock,,,,2033,,,,,,0.5533016739143681
TotalTechnologyAnnualActivityLowerLimit,NDP,Guatemala,Estufa_stock,,,,2034,,,,,,0.5910058078275175
TotalTechnologyAnnualActivityLowerLimit,NDP,Guatemala,Estufa_stock,,,,2035,,,,,,0.6317262724537189
TotalTechnologyAnnualActivityLowerLimit,NDP,Guatemala,Estufa_stock,,,,2036,,,,,,0.6757043742500164
TotalTechnologyAnnualActivityLowerLimit,NDP,Guatemala,Estufa_stock,,,,2037,,,,,,0.7232007241900177
TotalTechnologyAnnualActivityLowerLimit,NDP,Guatemala,Estufa_stock,,,,2038,,,,,,0.7744967821252191
TotalTechnologyAnnualActivityLowerLimit,NDP,Guatemala,Estufa_stock,,,,2039,,,,,,0.8298965246952367
TotalTechnologyAnnualActivityLowerLimit,NDP,Guatemala,Estufa_stock,,,,2040,,,,,,0.8897282466708556
TotalTechnologyAnnualActivityLowerLimit,NDP,Guatemala,Estufa_stock,,,,2041,,,,,,0.9543465064045241
TotalTechnologyAnnualActivityLowerLimit,NDP,Guatemala,Estufa_stock,,,,2042,,,,,,1.024134226916886
TotalTechnologyAnnualActivityLowerLimit,NDP,Guatemala,Estufa_stock,,,,2043,,,,,,1.099504965070237
TotalTechnologyAnnualActivityLowerLimit,NDP,Guatemala,Estufa_stock,,,,2044,,,,,,1.180905362275856
TotalTechnologyAnnualActivityLowerLimit,NDP,Guatemala,Estufa_stock,,,,2045,,,,,,1.2688177912579246
TotalTechnologyAnnualActivityLowerLimit,NDP,Guatemala,Estufa_stock,,,,2046,,,,,,1.3637632145585585
TotalTechnologyAnnualActivityLowerLimit,NDP,Guatemala,Estufa_stock,,,,2047,,,,,,1.4663042717232433
TotalTechnologyAnnualActivityLowerLimit,NDP,Guatemala,Estufa_stock,,,,2048,,,,,,1.5770486134611028
TotalTechnologyAnnualActivityLowerLimit,NDP,Guatemala,Estufa_stock,,,,2049,,,,,,1.696652502537991
TotalTechnologyAnnualActivityLowerLimit,NDP,Guatemala,Estufa_stock,,,,2050,,,,,,1.8258247027410304
TotalTechnologyAnnualActivityLowerLimit,NDP,Guatemala,Casas_lena,,,,2016,,,,,,1.7460339012267838
TotalTechnologyAnnualActivityLowerLimit,NDP,Guatemala,Casas_lena,,,,2017,,,,,,1.757518320613392
TotalTechnologyAnnualActivityLowerLimit,NDP,Guatemala,Casas_lena,,,,2018,,,,,,1.7690027400000001
TotalTechnologyAnnualActivityLowerLimit,NDP,Guatemala,Casas_lena,,,,2019,,,,,,1.7990203319564833
TotalTechnologyAnnualActivityLowerLimit,NDP,Guatemala,Casas_lena,,,,2020,,,,,,1.8186665554897876
TotalTechnologyAnnualActivityLowerLimit,NDP,Guatemala,Casas_lena,,,,2021,,,,,,1.8376198868487714
TotalTechnologyAnnualActivityLowerLimit,NDP,Guatemala,Casas_lena,,,,2022,,,,,,1.8576081226416918
TotalTechnologyAnnualActivityLowerLimit,NDP,Guatemala,Casas_lena,,,,2023,,,,,,1.8778788429692785
TotalTechnologyAnnualActivityLowerLimit,NDP,Guatemala,Casas_lena,,,,2024,,,,,,1.8977923523691385
TotalTechnologyAnnualActivityLowerLimit,NDP,Guatemala,Casas_lena,,,,2025,,,,,,1.9102187923465586
TotalTechnologyAnnualActivityLowerLimit,NDP,Guatemala,Casas_lena,,,,2026,,,,,,1.92245842355701
TotalTechnologyAnnualActivityLowerLimit,NDP,Guatemala,Casas_lena,,,,2027,,,,,,1.9345100670303144
TotalTechnologyAnnualActivityLowerLimit,NDP,Guatemala,Casas_lena,,,,2028,,,,,,1.946368212902598
TotalTechnologyAnnualActivityLowerLimit,NDP,Guatemala,Casas_lena,,,,2029,,,,,,1.9580325257254672
TotalTechnologyAnnualActivityLowerLimit,NDP,Guatemala,Casas_lena,,,,2030,,,,,,1.9695024381947985
TotalTechnologyAnnualActivityLowerLimit,NDP,Guatemala,Casas_lena,,,,2031,,,,,,1.9807798088649144
TotalTechnologyAnnualActivityLowerLimit,NDP,Guatemala,Casas_lena,,,,2032,,,,,,1.9918669166430356
TotalTechnologyAnnualActivityLowerLimit,NDP,Guatemala,Casas_lena,,,,2033,,,,,,2.002766527380517
TotalTechnologyAnnualActivityLowerLimit,NDP,Guatemala,Casas_lena,,,,2034,,,,,,2.0134784767854015
TotalTechnologyAnnualActivityLowerLimit,NDP,Guatemala,Casas_lena,,,,2035,,,,,,2.024004553907542
TotalTechnologyAnnualActivityLowerLimit,NDP,Guatemala,Casas_lena,,,,2036,,,,,,2.028953107217476
TotalTechnologyAnnualActivityLowerLimit,NDP,Guatemala,Casas_lena,,,,2037,,,,,,2.0376116136422215
TotalTechnologyAnnualActivityLowerLimit,NDP,Guatemala,Casas_lena,,,,2038,,,,,,2.0458375607185317
TotalTechnologyAnnualActivityLowerLimit,NDP,Guatemala,Casas_lena,,,,2039,,,,,,2.0534290365866137
TotalTechnologyAnnualActivityLowerLimit,NDP,Guatemala,Casas_lena,,,,2040,,,,,,2.0616246140451153
TotalTechnologyAnnualActivityLowerLimit,NDP,Guatemala,Casas_lena,,,,2041,,,,,,2.069627963887362
TotalTechnologyAnnualActivityLowerLimit,NDP,Guatemala,Casas_lena,,,,2042,,,,,,2.0775016248001528
TotalTechnologyAnnualActivityLowerLimit,NDP,Guatemala,Casas_lena,,,,2043,,,,,,2.085367638183198
TotalTechnologyAnnualActivityLowerLimit,NDP,Guatemala,Casas_lena,,,,2044,,,,,,2.093068343915037
TotalTechnologyAnnualActivityLowerLimit,NDP,Guatemala,Casas_lena,,,,2045,,,,,,2.100728684693173
TotalTechnologyAnnualActivityLowerLimit,NDP,Guatemala,Casas_lena,,,,2046,,,,,,2.108254477653483
TotalTechnologyAnnualActivityLowerLimit,NDP,Guatemala,Casas_lena,,,,2047,,,,,,2.1156103963042847
TotalTechnologyAnnualActivityLowerLimit,NDP,Guatemala,Casas_lena,,,,2048,,,,,,2.122792769382286
TotalTechnologyAnnualActivityLowerLimit,NDP,Guatemala,Casas_lena,,,,2049,,,,,,2.129764674501984
TotalTechnologyAnnualActivityLowerLimit,NDP,Guatemala,Casas_lena,,,,2050,,,,,,2.1365041603714583
TotalTechnologyAnnualActivityLowerLimit,NDP,Guatemala,AG1a,,,,2016,,,,,,0.015299276939296438
TotalTechnologyAnnualActivityLowerLimit,NDP,Guatemala,AG1a,,,,2017,,,,,,0.01606424078626126
TotalTechnologyAnnualActivityLowerLimit,NDP,Guatemala,AG1a,,,,2018,,,,,,0.016867452825574326
TotalTechnologyAnnualActivityLowerLimit,NDP,Guatemala,AG1a,,,,2019,,,,,,0.017710825466853042
TotalTechnologyAnnualActivityLowerLimit,NDP,Guatemala,AG1a,,,,2020,,,,,,0.018596366740195696
TotalTechnologyAnnualActivityLowerLimit,NDP,Guatemala,AG1a,,,,2021,,,,,,0.019526185077205483
TotalTechnologyAnnualActivityLowerLimit,NDP,Guatemala,AG1a,,,,2022,,,,,,0.020502494331065758
TotalTechnologyAnnualActivityLowerLimit,NDP,Guatemala,AG1a,,,,2023,,,,,,0.021527619047619045
TotalTechnologyAnnualActivityLowerLimit,NDP,Guatemala,AG1a,,,,2024,,,,,,0.022604
TotalTechnologyAnnualActivityLowerLimit,NDP,Guatemala,AG1a,,,,2025,,,,,,0.0242993
TotalTechnologyAnnualActivityLowerLimit,NDP,Guatemala,AG1a,,,,2026,,,,,,0.026121747499999997
TotalTechnologyAnnualActivityLowerLimit,NDP,Guatemala,AG1a,,,,2027,,,,,,0.028080878562499995
TotalTechnologyAnnualActivityLowerLimit,NDP,Guatemala,AG1a,,,,2028,,,,,,0.030186944454687496
TotalTechnologyAnnualActivityLowerLimit,NDP,Guatemala,AG1a,,,,2029,,,,,,0.03245096528878905
TotalTechnologyAnnualActivityLowerLimit,NDP,Guatemala,AG1a,,,,2030,,,,,,0.03488478768544823
TotalTechnologyAnnualActivityLowerLimit,NDP,Guatemala,AG1a,,,,2031,,,,,,0.03750114676185685
TotalTechnologyAnnualActivityLowerLimit,NDP,Guatemala,AG1a,,,,2032,,,,,,0.04031373276899611
TotalTechnologyAnnualActivityLowerLimit,NDP,Guatemala,AG1a,,,,2033,,,,,,0.043337262726670815
TotalTechnologyAnnualActivityLowerLimit,NDP,Guatemala,AG1a,,,,2034,,,,,,0.04658755743117112
TotalTechnologyAnnualActivityLowerLimit,NDP,Guatemala,AG1a,,,,2035,,,,,,0.050081624238508954
TotalTechnologyAnnualActivityLowerLimit,NDP,Guatemala,AG1a,,,,2036,,,,,,0.05383774605639712
TotalTechnologyAnnualActivityLowerLimit,NDP,Guatemala,AG1a,,,,2037,,,,,,0.05787557701062691
TotalTechnologyAnnualActivityLowerLimit,NDP,Guatemala,AG1a,,,,2038,,,,,,0.062216245286423916
TotalTechnologyAnnualActivityLowerLimit,NDP,Guatemala,AG1a,,,,2039,,,,,,0.06688246368290571
TotalTechnologyAnnualActivityLowerLimit,NDP,Guatemala,AG1a,,,,2040,,,,,,0.07189864845912364
TotalTechnologyAnnualActivityLowerLimit,NDP,Guatemala,AG1a,,,,2041,,,,,,0.07729104709355791
TotalTechnologyAnnualActivityLowerLimit,NDP,Guatemala,AG1a,,,,2042,,,,,,0.08308787562557474
TotalTechnologyAnnualActivityLowerLimit,NDP,Guatemala,AG1a,,,,2043,,,,,,0.08931946629749285
TotalTechnologyAnnualActivityLowerLimit,NDP,Guatemala,AG1a,,,,2044,,,,,,0.09601842626980481
TotalTechnologyAnnualActivityLowerLimit,NDP,Guatemala,AG1a,,,,2045,,,,,,0.10321980824004016
TotalTechnologyAnnualActivityLowerLimit,NDP,Guatemala,AG1a,,,,2046,,,,,,0.11096129385804317
TotalTechnologyAnnualActivityLowerLimit,NDP,Guatemala,AG1a,,,,2047,,,,,,0.1192833908973964
TotalTechnologyAnnualActivityLowerLimit,NDP,Guatemala,AG1a,,,,2048,,,,,,0.12822964521470112
TotalTechnologyAnnualActivityLowerLimit,NDP,Guatemala,AG1a,,,,2049,,,,,,0.1378468686058037
TotalTechnologyAnnualActivityLowerLimit,NDP,Guatemala,AG1a,,,,2050,,,,,,0.14818538375123896
TotalTechnologyAnnualActivityLowerLimit,NDP,Guatemala,AG1b,,,,2016,,,,,,0.18247222515920009
TotalTechnologyAnnualActivityLowerLimit,NDP,Guatemala,AG1b,,,,2017,,,,,,0.1832162995638582
TotalTechnologyAnnualActivityLowerLimit,NDP,Guatemala,AG1b,,,,2018,,,,,,0.1823364426821963
TotalTechnologyAnnualActivityLowerLimit,NDP,Guatemala,AG1b,,,,2019,,,,,,0.16410013521622874
TotalTechnologyAnnualActivityLowerLimit,NDP,Guatemala,AG1b,,,,2020,,,,,,0.15570539547935403
TotalTechnologyAnnualActivityLowerLimit,NDP,Guatemala,AG1b,,,,2021,,,,,,0.16266705647928137
TotalTechnologyAnnualActivityLowerLimit,NDP,Guatemala,AG1b,,,,2022,,,,,,0.15493135535896554
TotalTechnologyAnnualActivityLowerLimit,NDP,Guatemala,AG1b,,,,2023,,,,,,0.15001017615701
TotalTechnologyAnnualActivityLowerLimit,NDP,Guatemala,AG1b,,,,2024,,,,,,0.14524531137366686
TotalTechnologyAnnualActivityLowerLimit,NDP,Guatemala,AG1b,,,,2025,,,,,,0.1383250381611443
TotalTechnologyAnnualActivityLowerLimit,NDP,Guatemala,AG1b,,,,2026,,,,,,0.13173448424133444
TotalTechnologyAnnualActivityLowerLimit,NDP,Guatemala,AG1b,,,,2027,,,,,,0.12545794000153143
TotalTechnologyAnnualActivityLowerLimit,NDP,Guatemala,AG1b,,,,2028,,,,,,0.11948044432005453
TotalTechnologyAnnualActivityLowerLimit,NDP,Guatemala,AG1b,,,,2029,,,,,,0.11378774890408207
TotalTechnologyAnnualActivityLowerLimit,NDP,Guatemala,AG1b,,,,2030,,,,,,0.10836628432662426
TotalTechnologyAnnualActivityLowerLimit,NDP,Guatemala,AG1b,,,,2031,,,,,,0.10320312768167866
TotalTechnologyAnnualActivityLowerLimit,NDP,Guatemala,AG1b,,,,2032,,,,,,0.09828597178046897
TotalTechnologyAnnualActivityLowerLimit,NDP,Guatemala,AG1b,,,,2033,,,,,,0.093603095815342
TotalTechnologyAnnualActivityLowerLimit,NDP,Guatemala,AG1b,,,,2034,,,,,,0.08914333742139544
TotalTechnologyAnnualActivityLowerLimit,NDP,Guatemala,AG1b,,,,2035,,,,,,0.08489606606924087
TotalTechnologyAnnualActivityLowerLimit,NDP,Guatemala,AG1b,,,,2036,,,,,,0.08085115772547985
TotalTechnologyAnnualActivityLowerLimit,NDP,Guatemala,AG1b,,,,2037,,,,,,0.07699897072049186
TotalTechnologyAnnualActivityLowerLimit,NDP,Guatemala,AG1b,,,,2038,,,,,,0.07333032276601174
TotalTechnologyAnnualActivityLowerLimit,NDP,Guatemala,AG1b,,,,2039,,,,,,0.06983646906771421
TotalTechnologyAnnualActivityLowerLimit,NDP,Guatemala,AG1b,,,,2040,,,,,,0.06650908148063314
TotalTechnologyAnnualActivityLowerLimit,NDP,Guatemala,AG1b,,,,2041,,,,,,0.0633402286577299
TotalTechnologyAnnualActivityLowerLimit,NDP,Guatemala,AG1b,,,,2042,,,,,,0.060322357144291065
TotalTechnologyAnnualActivityLowerLimit,NDP,Guatemala,AG1b,,,,2043,,,,,,0.05744827337309169
TotalTechnologyAnnualActivityLowerLimit,NDP,Guatemala,AG1b,,,,2044,,,,,,0.05471112651740628
TotalTechnologyAnnualActivityLowerLimit,NDP,Guatemala,AG1b,,,,2045,,,,,,0.05210439216099537
TotalTechnologyAnnualActivityLowerLimit,NDP,Guatemala,AG1b,,,,2046,,,,,,0.04962185674614218
TotalTechnologyAnnualActivityLowerLimit,NDP,Guatemala,AG1b,,,,2047,,,,,,0.047257602762669236
TotalTechnologyAnnualActivityLowerLimit,NDP,Guatemala,AG1b,,,,2048,,,,,,0.0450059946426303
TotalTechnologyAnnualActivityLowerLimit,NDP,Guatemala,AG1b,,,,2049,,,,,,0.042861665327055605
TotalTechnologyAnnualActivityLowerLimit,NDP,Guatemala,AG1b,,,,2050,,,,,,0.04081950347273012
TotalTechnologyAnnualActivityLowerLimit,NDP,Guatemala,AG2,,,,2016,,,,,,0.5129012525085148
TotalTechnologyAnnualActivityLowerLimit,NDP,Guatemala,AG2,,,,2017,,,,,,0.5143230977
TotalTechnologyAnnualActivityLowerLimit,NDP,Guatemala,AG2,,,,2018,,,,,,0.5166217484199999
TotalTechnologyAnnualActivityLowerLimit,NDP,Guatemala,AG2,,,,2019,,,,,,0.519245311898696
TotalTechnologyAnnualActivityLowerLimit,NDP,Guatemala,AG2,,,,2020,,,,,,0.5215270412984483
TotalTechnologyAnnualActivityLowerLimit,NDP,Guatemala,AG2,,,,2021,,,,,,0.5238086100510199
TotalTechnologyAnnualActivityLowerLimit,NDP,Guatemala,AG2,,,,2022,,,,,,0.5260900181733767
TotalTechnologyAnnualActivityLowerLimit,NDP,Guatemala,AG2,,,,2023,,,,,,0.5284755320130119
TotalTechnologyAnnualActivityLowerLimit,NDP,Guatemala,AG2,,,,2024,,,,,,0.5308718627776645
TotalTechnologyAnnualActivityLowerLimit,NDP,Guatemala,AG2,,,,2025,,,,,,0.5344826578849144
TotalTechnologyAnnualActivityLowerLimit,NDP,Guatemala,AG2,,,,2026,,,,,,0.5381180122921022
TotalTechnologyAnnualActivityLowerLimit,NDP,Guatemala,AG2,,,,2027,,,,,,0.541778093042551
TotalTechnologyAnnualActivityLowerLimit,NDP,Guatemala,AG2,,,,2028,,,,,,0.5454630683157508
TotalTechnologyAnnualActivityLowerLimit,NDP,Guatemala,AG2,,,,2029,,,,,,0.5491731074350871
TotalTechnologyAnnualActivityLowerLimit,NDP,Guatemala,AG2,,,,2030,,,,,,0.5529083808756204
TotalTechnologyAnnualActivityLowerLimit,NDP,Guatemala,AG2,,,,2031,,,,,,0.5566690602719201
TotalTechnologyAnnualActivityLowerLimit,NDP,Guatemala,AG2,,,,2032,,,,,,0.5604553184259505
TotalTechnologyAnnualActivityLowerLimit,NDP,Guatemala,AG2,,,,2033,,,,,,0.5642673293150117
TotalTechnologyAnnualActivityLowerLimit,NDP,Guatemala,AG2,,,,2034,,,,,,0.5681052680997329
TotalTechnologyAnnualActivityLowerLimit,NDP,Guatemala,AG2,,,,2035,,,,,,0.5719693111321219
TotalTechnologyAnnualActivityLowerLimit,NDP,Guatemala,AG2,,,,2036,,,,,,0.5758596359636678
TotalTechnologyAnnualActivityLowerLimit,NDP,Guatemala,AG2,,,,2037,,,,,,0.5797764213534996
TotalTechnologyAnnualActivityLowerLimit,NDP,Guatemala,AG2,,,,2038,,,,,,0.5837198472766001
TotalTechnologyAnnualActivityLowerLimit,NDP,Guatemala,AG2,,,,2039,,,,,,0.5876900949320757
TotalTechnologyAnnualActivityLowerLimit,NDP,Guatemala,AG2,,,,2040,,,,,,0.5916873467514827
TotalTechnologyAnnualActivityLowerLimit,NDP,Guatemala,AG2,,,,2041,,,,,,0.5957117864072093
TotalTechnologyAnnualActivityLowerLimit,NDP,Guatemala,AG2,,,,2042,,,,,,0.5997635988209162
TotalTechnologyAnnualActivityLowerLimit,NDP,Guatemala,AG2,,,,2043,,,,,,0.6038429701720329
TotalTechnologyAnnualActivityLowerLimit,NDP,Guatemala,AG2,,,,2044,,,,,,0.607950087906313
TotalTechnologyAnnualActivityLowerLimit,NDP,Guatemala,AG2,,,,2045,,,,,,0.612085140744447
TotalTechnologyAnnualActivityLowerLimit,NDP,Guatemala,AG2,,,,2046,,,,,,0.6162483186907344
TotalTechnologyAnnualActivityLowerLimit,NDP,Guatemala,AG2,,,,2047,,,,,,0.6204398130418135
TotalTechnologyAnnualActivityLowerLimit,NDP,Guatemala,AG2,,,,2048,,,,,,0.6246598163954528
TotalTechnologyAnnualActivityLowerLimit,NDP,Guatemala,AG2,,,,2049,,,,,,0.6289085226593991
TotalTechnologyAnnualActivityLowerLimit,NDP,Guatemala,AG2,,,,2050,,,,,,0.6331861270602889
TotalTechnologyAnnualActivityLowerLimit,NDP,Guatemala,AG3,,,,2016,,,,,,0.107614692
TotalTechnologyAnnualActivityLowerLimit,NDP,Guatemala,AG3,,,,2017,,,,,,0.125550474
TotalTechnologyAnnualActivityLowerLimit,NDP,Guatemala,AG3,,,,2018,,,,,,0.143486256
TotalTechnologyAnnualActivityLowerLimit,NDP,Guatemala,AG3,,,,2019,,,,,,0.161422038
TotalTechnologyAnnualActivityLowerLimit,NDP,Guatemala,AG3,,,,2020,,,,,,0.17935782
TotalTechnologyAnnualActivityLowerLimit,NDP,Guatemala,AG3,,,,2021,,,,,,0.18356680996194
TotalTechnologyAnnualActivityLowerLimit,NDP,Guatemala,AG3,,,,2022,,,,,,0.18775837450061092
TotalTechnologyAnnualActivityLowerLimit,NDP,Guatemala,AG3,,,,2023,,,,,,0.19192679817289898
TotalTechnologyAnnualActivityLowerLimit,NDP,Guatemala,AG3,,,,2024,,,,,,0.19606627535589205
TotalTechnologyAnnualActivityLowerLimit,NDP,Guatemala,AG3,,,,2025,,,,,,0.20240941149620587
TotalTechnologyAnnualActivityLowerLimit,NDP,Guatemala,AG3,,,,2026,,,,,,0.2089577607769311
TotalTechnologyAnnualActivityLowerLimit,NDP,Guatemala,AG3,,,,2027,,,,,,0.21571796225358636
TotalTechnologyAnnualActivityLowerLimit,NDP,Guatemala,AG3,,,,2028,,,,,,0.22269686976841438
TotalTechnologyAnnualActivityLowerLimit,NDP,Guatemala,AG3,,,,2029,,,,,,0.2299015588991621
TotalTechnologyAnnualActivityLowerLimit,NDP,Guatemala,AG3,,,,2030,,,,,,0.23733933413266778
TotalTechnologyAnnualActivityLowerLimit,NDP,Guatemala,AG3,,,,2031,,,,,,0.2450177362705278
TotalTechnologyAnnualActivityLowerLimit,NDP,Guatemala,AG3,,,,2032,,,,,,0.2529445500743519
TotalTechnologyAnnualActivityLowerLimit,NDP,Guatemala,AG3,,,,2033,,,,,,0.26112781215835734
TotalTechnologyAnnualActivityLowerLimit,NDP,Guatemala,AG3,,,,2034,,,,,,0.2695758191373045
TotalTechnologyAnnualActivityLowerLimit,NDP,Guatemala,AG3,,,,2035,,,,,,0.2782971360380346
TotalTechnologyAnnualActivityLowerLimit,NDP,Guatemala,AG3,,,,2036,,,,,,0.28730060498313703
TotalTechnologyAnnualActivityLowerLimit,NDP,Guatemala,AG3,,,,2037,,,,,,0.2965953541555515
TotalTechnologyAnnualActivityLowerLimit,NDP,Guatemala,AG3,,,,2038,,,,,,0.3061908070531919
TotalTechnologyAnnualActivityLowerLimit,NDP,Guatemala,AG3,,,,2039,,,,,,0.31609669204297675
TotalTechnologyAnnualActivityLowerLimit,NDP,Guatemala,AG3,,,,2040,,,,,,0.3263230522239511
TotalTechnologyAnnualActivityLowerLimit,NDP,Guatemala,AG3,,,,2041,,,,,,0.33688025560950036
TotalTechnologyAnnualActivityLowerLimit,NDP,Guatemala,AG3,,,,2042,,,,,,0.34777900563897884
TotalTechnologyAnnualActivityLowerLimit,NDP,Guatemala,AG3,,,,2043,,,,,,0.3590303520294111
TotalTechnologyAnnualActivityLowerLimit,NDP,Guatemala,AG3,,,,2044,,,,,,0.3706457019782665
TotalTechnologyAnnualActivityLowerLimit,NDP,Guatemala,AG3,,,,2045,,,,,,0.38263683172866736
TotalTechnologyAnnualActivityLowerLimit,NDP,Guatemala,AG3,,,,2046,,,,,,0.39501589850875324
TotalTechnologyAnnualActivityLowerLimit,NDP,Guatemala,AG3,,,,2047,,,,,,0.4077954528573084
TotalTechnologyAnnualActivityLowerLimit,NDP,Guatemala,AG3,,,,2048,,,,,,0.420988451348148
TotalTechnologyAnnualActivityLowerLimit,NDP,Guatemala,AG3,,,,2049,,,,,,0.43460826972616323
TotalTechnologyAnnualActivityLowerLimit,NDP,Guatemala,AG3,,,,2050,,,,,,0.44866871646834405
TotalTechnologyAnnualActivityLowerLimit,NDP,Guatemala,AG4,,,,2016,,,,,,0.0
TotalTechnologyAnnualActivityLowerLimit,NDP,Guatemala,AG4,,,,2017,,,,,,0.0
TotalTechnologyAnnualActivityLowerLimit,NDP,Guatemala,AG4,,,,2018,,,,,,0.0
TotalTechnologyAnnualActivityLowerLimit,NDP,Guatemala,AG4,,,,2019,,,,,,0.0
TotalTechnologyAnnualActivityLowerLimit,NDP,Guatemala,AG4,,,,2020,,,,,,0.0
TotalTechnologyAnnualActivityLowerLimit,NDP,Guatemala,AG4,,,,2021,,,,,,0.0
TotalTechnologyAnnualActivityLowerLimit,NDP,Guatemala,AG4,,,,2022,,,,,,0.0
TotalTechnologyAnnualActivityLowerLimit,NDP,Guatemala,AG4,,,,2023,,,,,,0.0
TotalTechnologyAnnualActivityLowerLimit,NDP,Guatemala,AG4,,,,2024,,,,,,0.0
TotalTechnologyAnnualActivityLowerLimit,NDP,Guatemala,AG4,,,,2025,,,,,,0.0019126060025680053
TotalTechnologyAnnualActivityLowerLimit,NDP,Guatemala,AG4,,,,2026,,,,,,0.003900534194621985
TotalTechnologyAnnualActivityLowerLimit,NDP,Guatemala,AG4,,,,2027,,,,,,0.005968362737230054
TotalTechnologyAnnualActivityLowerLimit,NDP,Guatemala,AG4,,,,2028,,,,,,0.008120825459831598
TotalTechnologyAnnualActivityLowerLimit,NDP,Guatemala,AG4,,,,2029,,,,,,0.010362787605848746
TotalTechnologyAnnualActivityLowerLimit,NDP,Guatemala,AG4,,,,2030,,,,,,0.012699267861239554
TotalTechnologyAnnualActivityLowerLimit,NDP,Guatemala,AG4,,,,2031,,,,,,0.01513542465774159
TotalTechnologyAnnualActivityLowerLimit,NDP,Guatemala,AG4,,,,2032,,,,,,0.01767657321566489
TotalTechnologyAnnualActivityLowerLimit,NDP,Guatemala,AG4,,,,2033,,,,,,0.020328192569574924
TotalTechnologyAnnualActivityLowerLimit,NDP,Guatemala,AG4,,,,2034,,,,,,0.023095985746539024
TotalTechnologyAnnualActivityLowerLimit,NDP,Guatemala,AG4,,,,2035,,,,,,0.025985832035943693
TotalTechnologyAnnualActivityLowerLimit,NDP,Guatemala,AG4,,,,2036,,,,,,0.029003858427162167
TotalTechnologyAnnualActivityLowerLimit,NDP,Guatemala,AG4,,,,2037,,,,,,0.03215645511839411
TotalTechnologyAnnualActivityLowerLimit,NDP,Guatemala,AG4,,,,2038,,,,,,0.03545030148806149
TotalTechnologyAnnualActivityLowerLimit,NDP,Guatemala,AG4,,,,2039,,,,,,0.03889244009821256
TotalTechnologyAnnualActivityLowerLimit,NDP,Guatemala,AG4,,,,2040,,,,,,0.04249028737460118
TotalTechnologyAnnualActivityLowerLimit,NDP,Guatemala,AG4,,,,2041,,,,,,0.046251651932929176
TotalTechnologyAnnualActivityLowerLimit,NDP,Guatemala,AG4,,,,2042,,,,,,0.050184742379364676
TotalTechnologyAnnualActivityLowerLimit,NDP,Guatemala,AG4,,,,2043,,,,,,0.054298241598774506
TotalTechnologyAnnualActivityLowerLimit,NDP,Guatemala,AG4,,,,2044,,,,,,0.05860129046811809
TotalTechnologyAnnualActivityLowerLimit,NDP,Guatemala,AG4,,,,2045,,,,,,0.06310353896645264
TotalTechnologyAnnualActivityLowerLimit,NDP,Guatemala,AG4,,,,2046,,,,,,0.06781512574813375
TotalTechnologyAnnualActivityLowerLimit,NDP,Guatemala,AG4,,,,2047,,,,,,0.07274678147815936
TotalTechnologyAnnualActivityLowerLimit,NDP,Guatemala,AG4,,,,2048,,,,,,0.07790979775025847
TotalTechnologyAnnualActivityLowerLimit,NDP,Guatemala,AG4,,,,2049,,,,,,0.08331612522623898
TotalTechnologyAnnualActivityLowerLimit,NDP,Guatemala,AG4,,,,2050,,,,,,0.08897836985170172
TotalTechnologyAnnualActivityLowerLimit,NDP,Guatemala,GAN1,,,,2016,,,,,,0.281321188
TotalTechnologyAnnualActivityLowerLimit,NDP,Guatemala,GAN1,,,,2017,,,,,,0.312178608
TotalTechnologyAnnualActivityLowerLimit,NDP,Guatemala,GAN1,,,,2018,,,,,,0.3308046720000001
TotalTechnologyAnnualActivityLowerLimit,NDP,Guatemala,GAN1,,,,2019,,,,,,0.3639903500000001
TotalTechnologyAnnualActivityLowerLimit,NDP,Guatemala,GAN1,,,,2020,,,,,,0.39872820000000003
TotalTechnologyAnnualActivityLowerLimit,NDP,Guatemala,GAN1,,,,2021,,,,,,0.41406390000000004
TotalTechnologyAnnualActivityLowerLimit,NDP,Guatemala,GAN1,,,,2022,,,,,,0.42939960000000005
TotalTechnologyAnnualActivityLowerLimit,NDP,Guatemala,GAN1,,,,2023,,,,,,0.4447353
TotalTechnologyAnnualActivityLowerLimit,NDP,Guatemala,GAN1,,,,2024,,,,,,0.460071
TotalTechnologyAnnualActivityLowerLimit,NDP,Guatemala,GAN1,,,,2025,,,,,,0.47387313000000003
TotalTechnologyAnnualActivityLowerLimit,NDP,Guatemala,GAN1,,,,2026,,,,,,0.48808932390000004
TotalTechnologyAnnualActivityLowerLimit,NDP,Guatemala,GAN1,,,,2027,,,,,,0.502732003617
TotalTechnologyAnnualActivityLowerLimit,NDP,Guatemala,GAN1,,,,2028,,,,,,0.51781396372551
TotalTechnologyAnnualActivityLowerLimit,NDP,Guatemala,GAN1,,,,2029,,,,,,0.5333483826372752
TotalTechnologyAnnualActivityLowerLimit,NDP,Guatemala,GAN1,,,,2030,,,,,,0.5493488341163936
TotalTechnologyAnnualActivityLowerLimit,NDP,Guatemala,GAN1,,,,2031,,,,,,0.5658292991398853
TotalTechnologyAnnualActivityLowerLimit,NDP,Guatemala,GAN1,,,,2032,,,,,,0.5828041781140819
TotalTechnologyAnnualActivityLowerLimit,NDP,Guatemala,GAN1,,,,2033,,,,,,0.6002883034575045
TotalTechnologyAnnualActivityLowerLimit,NDP,Guatemala,GAN1,,,,2034,,,,,,0.6182969525612296
TotalTechnologyAnnualActivityLowerLimit,NDP,Guatemala,GAN1,,,,2035,,,,,,0.627571406849648
TotalTechnologyAnnualActivityLowerLimit,NDP,Guatemala,GAN1,,,,2036,,,,,,0.6369849779523926
TotalTechnologyAnnualActivityLowerLimit,NDP,Guatemala,GAN1,,,,2037,,,,,,0.6465397526216785
TotalTechnologyAnnualActivityLowerLimit,NDP,Guatemala,GAN1,,,,2038,,,,,,0.6562378489110037
TotalTechnologyAnnualActivityLowerLimit,NDP,Guatemala,GAN1,,,,2039,,,,,,0.6660814166446687
TotalTechnologyAnnualActivityLowerLimit,NDP,Guatemala,GAN1,,,,2040,,,,,,0.6760726378943387
TotalTechnologyAnnualActivityLowerLimit,NDP,Guatemala,GAN1,,,,2041,,,,,,0.6862137274627537
TotalTechnologyAnnualActivityLowerLimit,NDP,Guatemala,GAN1,,,,2042,,,,,,0.6965069333746949
TotalTechnologyAnnualActivityLowerLimit,NDP,Guatemala,GAN1,,,,2043,,,,,,0.7069545373753152
TotalTechnologyAnnualActivityLowerLimit,NDP,Guatemala,GAN1,,,,2044,,,,,,0.7175588554359449
TotalTechnologyAnnualActivityLowerLimit,NDP,Guatemala,GAN1,,,,2045,,,,,,0.728322238267484
TotalTechnologyAnnualActivityLowerLimit,NDP,Guatemala,GAN1,,,,2046,,,,,,0.7392470718414962
TotalTechnologyAnnualActivityLowerLimit,NDP,Guatemala,GAN1,,,,2047,,,,,,0.7503357779191185
TotalTechnologyAnnualActivityLowerLimit,NDP,Guatemala,GAN1,,,,2048,,,,,,0.7615908145879052
TotalTechnologyAnnualActivityLowerLimit,NDP,Guatemala,GAN1,,,,2049,,,,,,0.7730146768067236
TotalTechnologyAnnualActivityLowerLimit,NDP,Guatemala,GAN1,,,,2050,,,,,,0.7846098969588244
TotalTechnologyAnnualActivityLowerLimit,NDP,Guatemala,GAN2,,,,2016,,,,,,0.03283771428571429
TotalTechnologyAnnualActivityLowerLimit,NDP,Guatemala,GAN2,,,,2017,,,,,,0.03468478571428572
TotalTechnologyAnnualActivityLowerLimit,NDP,Guatemala,GAN2,,,,2018,,,,,,0.036531857142857144
TotalTechnologyAnnualActivityLowerLimit,NDP,Guatemala,GAN2,,,,2019,,,,,,0.03837892857142857
TotalTechnologyAnnualActivityLowerLimit,NDP,Guatemala,GAN2,,,,2020,,,,,,0.040226
TotalTechnologyAnnualActivityLowerLimit,NDP,Guatemala,GAN2,,,,2021,,,,,,0.04216196585551967
TotalTechnologyAnnualActivityLowerLimit,NDP,Guatemala,GAN2,,,,2022,,,,,,0.044191104380301466
TotalTechnologyAnnualActivityLowerLimit,NDP,Guatemala,GAN2,,,,2023,,,,,,0.046317899716600615
TotalTechnologyAnnualActivityLowerLimit,NDP,Guatemala,GAN2,,,,2024,,,,,,0.04854705181600705
TotalTechnologyAnnualActivityLowerLimit,NDP,Guatemala,GAN2,,,,2025,,,,,,0.052051704330622006
TotalTechnologyAnnualActivityLowerLimit,NDP,Guatemala,GAN2,,,,2026,,,,,,0.055809360658831
TotalTechnologyAnnualActivityLowerLimit,NDP,Guatemala,GAN2,,,,2027,,,,,,0.05983828535879669
TotalTechnologyAnnualActivityLowerLimit,NDP,Guatemala,GAN2,,,,2028,,,,,,0.064158061522502
TotalTechnologyAnnualActivityLowerLimit,NDP,Guatemala,GAN2,,,,2029,,,,,,0.06878968596181594
TotalTechnologyAnnualActivityLowerLimit,NDP,Guatemala,GAN2,,,,2030,,,,,,0.0737556712661215
TotalTechnologyAnnualActivityLowerLimit,NDP,Guatemala,GAN2,,,,2031,,,,,,0.07908015522756974
TotalTechnologyAnnualActivityLowerLimit,NDP,Guatemala,GAN2,,,,2032,,,,,,0.08478901816583496
TotalTechnologyAnnualActivityLowerLimit,NDP,Guatemala,GAN2,,,,2033,,,,,,0.09091000872264253
TotalTechnologyAnnualActivityLowerLimit,NDP,Guatemala,GAN2,,,,2034,,,,,,0.09747287873750972
TotalTechnologyAnnualActivityLowerLimit,NDP,Guatemala,GAN2,,,,2035,,,,,,0.10450952786027964
TotalTechnologyAnnualActivityLowerLimit,NDP,Guatemala,GAN2,,,,2036,,,,,,0.11205415860335567
TotalTechnologyAnnualActivityLowerLimit,NDP,Guatemala,GAN2,,,,2037,,,,,,0.12014344258728707
TotalTechnologyAnnualActivityLowerLimit,NDP,Guatemala,GAN2,,,,2038,,,,,,0.12881669878776347
TotalTechnologyAnnualActivityLowerLimit,NDP,Guatemala,GAN2,,,,2039,,,,,,0.13811608465040975
TotalTechnologyAnnualActivityLowerLimit,NDP,Guatemala,GAN2,,,,2040,,,,,,0.1480868010023187
TotalTechnologyAnnualActivityLowerLimit,NDP,Guatemala,GAN2,,,,2041,,,,,,0.15877731175631954
TotalTechnologyAnnualActivityLowerLimit,NDP,Guatemala,GAN2,,,,2042,,,,,,0.17023957947588292
TotalTechnologyAnnualActivityLowerLimit,NDP,Guatemala,GAN2,,,,2043,,,,,,0.18252931794565389
TotalTechnologyAnnualActivityLowerLimit,NDP,Guatemala,GAN2,,,,2044,,,,,,0.19570626297526464
TotalTechnologyAnnualActivityLowerLimit,NDP,Guatemala,GAN2,,,,2045,,,,,,0.20983446275270212
TotalTechnologyAnnualActivityLowerLimit,NDP,Guatemala,GAN2,,,,2046,,,,,,0.2249825891585297
TotalTechnologyAnnualActivityLowerLimit,NDP,Guatemala,GAN2,,,,2047,,,,,,0.2412242715541442
TotalTechnologyAnnualActivityLowerLimit,NDP,Guatemala,GAN2,,,,2048,,,,,,0.25863845466648805
TotalTechnologyAnnualActivityLowerLimit,NDP,Guatemala,GAN2,,,,2049,,,,,,0.2773097823087603
TotalTechnologyAnnualActivityLowerLimit,NDP,Guatemala,GAN2,,,,2050,,,,,,0.2973290088022479
TotalTechnologyAnnualActivityLowerLimit,NDP,Guatemala,GAN3,,,,2016,,,,,,0.027281694739324392
TotalTechnologyAnnualActivityLowerLimit,NDP,Guatemala,GAN3,,,,2017,,,,,,0.027556333548122557
TotalTechnologyAnnualActivityLowerLimit,NDP,Guatemala,GAN3,,,,2018,,,,,,0.02783097235692071
TotalTechnologyAnnualActivityLowerLimit,NDP,Guatemala,GAN3,,,,2019,,,,,,0.02810561116571884
TotalTechnologyAnnualActivityLowerLimit,NDP,Guatemala,GAN3,,,,2020,,,,,,0.028380521894129655
TotalTechnologyAnnualActivityLowerLimit,NDP,Guatemala,GAN3,,,,2021,,,,,,0.028655160702927784
TotalTechnologyAnnualActivityLowerLimit,NDP,Guatemala,GAN3,,,,2022,,,,,,0.028929799511725942
TotalTechnologyAnnualActivityLowerLimit,NDP,Guatemala,GAN3,,,,2023,,,,,,0.029212595991944763
TotalTechnologyAnnualActivityLowerLimit,NDP,Guatemala,GAN3,,,,2024,,,,,,0.0294981568829296
TotalTechnologyAnnualActivityLowerLimit,NDP,Guatemala,GAN3,,,,2025,,,,,,0.029252407710599036
TotalTechnologyAnnualActivityLowerLimit,NDP,Guatemala,GAN3,,,,2026,,,,,,0.02950936471398621
TotalTechnologyAnnualActivityLowerLimit,NDP,Guatemala,GAN3,,,,2027,,,,,,0.029766746816552687
TotalTechnologyAnnualActivityLowerLimit,NDP,Guatemala,GAN3,,,,2028,,,,,,0.03002438432642854
TotalTechnologyAnnualActivityLowerLimit,NDP,Guatemala,GAN3,,,,2029,,,,,,0.030282088731408186
TotalTechnologyAnnualActivityLowerLimit,NDP,Guatemala,GAN3,,,,2030,,,,,,0.030539650531524257
TotalTechnologyAnnualActivityLowerLimit,NDP,Guatemala,GAN3,,,,2031,,,,,,0.030796836791903683
TotalTechnologyAnnualActivityLowerLimit,NDP,Guatemala,GAN3,,,,2032,,,,,,0.031053388376644352
TotalTechnologyAnnualActivityLowerLimit,NDP,Guatemala,GAN3,,,,2033,,,,,,0.03130901681863511
TotalTechnologyAnnualActivityLowerLimit,NDP,Guatemala,GAN3,,,,2034,,,,,,0.031563400773535026
TotalTechnologyAnnualActivityLowerLimit,NDP,Guatemala,GAN3,,,,2035,,,,,,0.03181618199839068
TotalTechnologyAnnualActivityLowerLimit,NDP,Guatemala,GAN3,,,,2036,,,,,,0.03206696078644025
TotalTechnologyAnnualActivityLowerLimit,NDP,Guatemala,GAN3,,,,2037,,,,,,0.0323152907793439
TotalTechnologyAnnualActivityLowerLimit,NDP,Guatemala,GAN3,,,,2038,,,,,,0.032560673066173405
TotalTechnologyAnnualActivityLowerLimit,NDP,Guatemala,GAN3,,,,2039,,,,,,0.03280254946473888
TotalTechnologyAnnualActivityLowerLimit,NDP,Guatemala,GAN3,,,,2040,,,,,,0.033040294864933845
TotalTechnologyAnnualActivityLowerLimit,NDP,Guatemala,GAN3,,,,2041,,,,,,0.033273208495404695
TotalTechnologyAnnualActivityLowerLimit,NDP,Guatemala,GAN3,,,,2042,,,,,,0.033500503953601886
TotalTechnologyAnnualActivityLowerLimit,NDP,Guatemala,GAN3,,,,2043,,,,,,0.033721297814693726
TotalTechnologyAnnualActivityLowerLimit,NDP,Guatemala,GAN3,,,,2044,,,,,,0.03393459660639042
TotalTechnologyAnnualActivityLowerLimit,NDP,Guatemala,GAN3,,,,2045,,,,,,0.03413928190382129
TotalTechnologyAnnualActivityLowerLimit,NDP,Guatemala,GAN3,,,,2046,,,,,,0.034334093260521885
TotalTechnologyAnnualActivityLowerLimit,NDP,Guatemala,GAN3,,,,2047,,,,,,0.034517608647491003
TotalTechnologyAnnualActivityLowerLimit,NDP,Guatemala,GAN3,,,,2048,,,,,,0.0346882220212137
TotalTechnologyAnnualActivityLowerLimit,NDP,Guatemala,GAN3,,,,2049,,,,,,0.034844117582399414
TotalTechnologyAnnualActivityLowerLimit,NDP,Guatemala,GAN3,,,,2050,,,,,,0.03498380738367153
TotalTechnologyAnnualActivityLowerLimit,NDP,Guatemala,FOLU1,,,,2016,,,,,,0.093134
TotalTechnologyAnnualActivityLowerLimit,NDP,Guatemala,FOLU1,,,,2017,,,,,,0.092904
TotalTechnologyAnnualActivityLowerLimit,NDP,Guatemala,FOLU1,,,,2018,,,,,,0.095586
TotalTechnologyAnnualActivityLowerLimit,NDP,Guatemala,FOLU1,,,,2019,,,,,,0.098329
TotalTechnologyAnnualActivityLowerLimit,NDP,Guatemala,FOLU1,,,,2020,,,,,,0.101009
TotalTechnologyAnnualActivityLowerLimit,NDP,Guatemala,FOLU1,,,,2021,,,,,,0.103688
TotalTechnologyAnnualActivityLowerLimit,NDP,Guatemala,FOLU1,,,,2022,,,,,,0.106368
TotalTechnologyAnnualActivityLowerLimit,NDP,Guatemala,FOLU1,,,,2023,,,,,,0.10928655266094953
TotalTechnologyAnnualActivityLowerLimit,NDP,Guatemala,FOLU1,,,,2024,,,,,,0.11228518532372983
TotalTechnologyAnnualActivityLowerLimit,NDP,Guatemala,FOLU1,,,,2025,,,,,,0.11690655020431115
TotalTechnologyAnnualActivityLowerLimit,NDP,Guatemala,FOLU1,,,,2026,,,,,,0.1217181183899669
TotalTechnologyAnnualActivityLowerLimit,NDP,Guatemala,FOLU1,,,,2027,,,,,,0.12672771815182396
TotalTechnologyAnnualActivityLowerLimit,NDP,Guatemala,FOLU1,,,,2028,,,,,,0.13194349995219723
TotalTechnologyAnnualActivityLowerLimit,NDP,Guatemala,FOLU1,,,,2029,,,,,,0.1373739497051372
TotalTechnologyAnnualActivityLowerLimit,NDP,Guatemala,FOLU1,,,,2030,,,,,,0.14302790258274714
TotalTechnologyAnnualActivityLowerLimit,NDP,Guatemala,FOLU1,,,,2031,,,,,,0.14891455738973192
TotalTechnologyAnnualActivityLowerLimit,NDP,Guatemala,FOLU1,,,,2032,,,,,,0.15504349152956612
TotalTechnologyAnnualActivityLowerLimit,NDP,Guatemala,FOLU1,,,,2033,,,,,,0.1614246765866301
TotalTechnologyAnnualActivityLowerLimit,NDP,Guatemala,FOLU1,,,,2034,,,,,,0.16806849454966633
TotalTechnologyAnnualActivityLowerLimit,NDP,Guatemala,FOLU1,,,,2035,,,,,,0.17498575470295083
TotalTechnologyAnnualActivityLowerLimit,NDP,Guatemala,FOLU1,,,,2036,,,,,,0.18218771121266086
TotalTechnologyAnnualActivityLowerLimit,NDP,Guatemala,FOLU1,,,,2037,,,,,,0.18968608143705187
TotalTechnologyAnnualActivityLowerLimit,NDP,Guatemala,FOLU1,,,,2038,,,,,,0.19749306499023322
TotalTechnologyAnnualActivityLowerLimit,NDP,Guatemala,FOLU1,,,,2039,,,,,,0.2056213635905593
TotalTechnologyAnnualActivityLowerLimit,NDP,Guatemala,FOLU1,,,,2040,,,,,,0.21408420172592846
TotalTechnologyAnnualActivityLowerLimit,NDP,Guatemala,FOLU1,,,,2041,,,,,,0.22289534816961168
TotalTechnologyAnnualActivityLowerLimit,NDP,Guatemala,FOLU1,,,,2042,,,,,,0.23206913838161658
TotalTechnologyAnnualActivityLowerLimit,NDP,Guatemala,FOLU1,,,,2043,,,,,,0.24162049783203302
TotalTechnologyAnnualActivityLowerLimit,NDP,Guatemala,FOLU1,,,,2044,,,,,,0.2515649662843067
TotalTechnologyAnnualActivityLowerLimit,NDP,Guatemala,FOLU1,,,,2045,,,,,,0.2619187230779487
TotalTechnologyAnnualActivityLowerLimit,NDP,Guatemala,FOLU1,,,,2046,,,,,,0.2726986134518156
TotalTechnologyAnnualActivityLowerLimit,NDP,Guatemala,FOLU1,,,,2047,,,,,,0.2839221759507868
TotalTechnologyAnnualActivityLowerLimit,NDP,Guatemala,FOLU1,,,,2048,,,,,,0.295607670960429
TotalTechnologyAnnualActivityLowerLimit,NDP,Guatemala,FOLU1,,,,2049,,,,,,0.30777411041607333
TotalTechnologyAnnualActivityLowerLimit,NDP,Guatemala,FOLU1,,,,2050,,,,,,0.3204412887346401
TotalTechnologyAnnualActivityLowerLimit,NDP,Guatemala,FOLU2,,,,2016,,,,,,0.0477251
TotalTechnologyAnnualActivityLowerLimit,NDP,Guatemala,FOLU2,,,,2017,,,,,,0.07706302799999999
TotalTechnologyAnnualActivityLowerLimit,NDP,Guatemala,FOLU2,,,,2018,,,,,,0.10460454744
TotalTechnologyAnnualActivityLowerLimit,NDP,Guatemala,FOLU2,,,,2019,,,,,,0.13915894649119998
TotalTechnologyAnnualActivityLowerLimit,NDP,Guatemala,FOLU2,,,,2020,,,,,,0.167712397561376
TotalTechnologyAnnualActivityLowerLimit,NDP,Guatemala,FOLU2,,,,2021,,,,,,0.19823743961014845
TotalTechnologyAnnualActivityLowerLimit,NDP,Guatemala,FOLU2,,,,2022,,,,,,0.2200448508179455
TotalTechnologyAnnualActivityLowerLimit,NDP,Guatemala,FOLU2,,,,2023,,,,,,0.22972966380158658
TotalTechnologyAnnualActivityLowerLimit,NDP,Guatemala,FOLU2,,,,2024,,,,,,0.23697689052555487
TotalTechnologyAnnualActivityLowerLimit,NDP,Guatemala,FOLU2,,,,2025,,,,,,0.24819067040203838
TotalTechnologyAnnualActivityLowerLimit,NDP,Guatemala,FOLU2,,,,2026,,,,,,0.25993508792356546
TotalTechnologyAnnualActivityLowerLimit,NDP,Guatemala,FOLU2,,,,2027,,,,,,0.27223525293832634
TotalTechnologyAnnualActivityLowerLimit,NDP,Guatemala,FOLU2,,,,2028,,,,,,0.2851174634960684
TotalTechnologyAnnualActivityLowerLimit,NDP,Guatemala,FOLU2,,,,2029,,,,,,0.29860926207396166
TotalTechnologyAnnualActivityLowerLimit,NDP,Guatemala,FOLU2,,,,2030,,,,,,0.3127394944630793
TotalTechnologyAnnualActivityLowerLimit,NDP,Guatemala,FOLU2,,,,2031,,,,,,0.327538371441396
TotalTechnologyAnnualActivityLowerLimit,NDP,Guatemala,FOLU2,,,,2032,,,,,,0.3430375333651602
TotalTechnologyAnnualActivityLowerLimit,NDP,Guatemala,FOLU2,,,,2033,,,,,,0.3592701178167397
TotalTechnologyAnnualActivityLowerLimit,NDP,Guatemala,FOLU2,,,,2034,,,,,,0.3762708304535728
TotalTechnologyAnnualActivityLowerLimit,NDP,Guatemala,FOLU2,,,,2035,,,,,,0.39407601920970176
TotalTechnologyAnnualActivityLowerLimit,NDP,Guatemala,FOLU2,,,,2036,,,,,,0.41272375200853323
TotalTechnologyAnnualActivityLowerLimit,NDP,Guatemala,FOLU2,,,,2037,,,,,,0.43225389815297754
TotalTechnologyAnnualActivityLowerLimit,NDP,Guatemala,FOLU2,,,,2038,,,,,,0.4527082135669807
TotalTechnologyAnnualActivityLowerLimit,NDP,Guatemala,FOLU2,,,,2039,,,,,,0.47413043007069827
TotalTechnologyAnnualActivityLowerLimit,NDP,Guatemala,FOLU2,,,,2040,,,,,,0.49656634888018203
TotalTechnologyAnnualActivityLowerLimit,NDP,Guatemala,FOLU2,,,,2041,,,,,,0.520063938531486
TotalTechnologyAnnualActivityLowerLimit,NDP,Guatemala,FOLU2,,,,2042,,,,,,0.5446734374385546
TotalTechnologyAnnualActivityLowerLimit,NDP,Guatemala,FOLU2,,,,2043,,,,,,0.570447461304164
TotalTechnologyAnnualActivityLowerLimit,NDP,Guatemala,FOLU2,,,,2044,,,,,,0.5974411156135656
TotalTechnologyAnnualActivityLowerLimit,NDP,Guatemala,FOLU2,,,,2045,,,,,,0.6257121134513435
TotalTechnologyAnnualActivityLowerLimit,NDP,Guatemala,FOLU2,,,,2046,,,,,,0.6553208988933822
TotalTechnologyAnnualActivityLowerLimit,NDP,Guatemala,FOLU2,,,,2047,,,,,,0.6863307762377608
TotalTechnologyAnnualActivityLowerLimit,NDP,Guatemala,FOLU2,,,,2048,,,,,,0.7188080453508703
TotalTechnologyAnnualActivityLowerLimit,NDP,Guatemala,FOLU2,,,,2049,,,,,,0.752822143418128
TotalTechnologyAnnualActivityLowerLimit,NDP,Guatemala,FOLU2,,,,2050,,,,,,0.7884457934023574
TotalTechnologyAnnualActivityLowerLimit,NDP,Guatemala,FOLU3,,,,2016,,,,,,0.03359903087783716
TotalTechnologyAnnualActivityLowerLimit,NDP,Guatemala,FOLU3,,,,2017,,,,,,0.05179319302493396
TotalTechnologyAnnualActivityLowerLimit,NDP,Guatemala,FOLU3,,,,2018,,,,,,0.053120981281217686
TotalTechnologyAnnualActivityLowerLimit,NDP,Guatemala,FOLU3,,,,2019,,,,,,0.05773762797564114
TotalTechnologyAnnualActivityLowerLimit,NDP,Guatemala,FOLU3,,,,2020,,,,,,0.06314049396224092
TotalTechnologyAnnualActivityLowerLimit,NDP,Guatemala,FOLU3,,,,2021,,,,,,0.065683281398873
TotalTechnologyAnnualActivityLowerLimit,NDP,Guatemala,FOLU3,,,,2022,,,,,,0.06970579577703022
TotalTechnologyAnnualActivityLowerLimit,NDP,Guatemala,FOLU3,,,,2023,,,,,,0.07521514739345748
TotalTechnologyAnnualActivityLowerLimit,NDP,Guatemala,FOLU3,,,,2024,,,,,,0.0808444405347998
TotalTechnologyAnnualActivityLowerLimit,NDP,Guatemala,FOLU3,,,,2025,,,,,,0.08795864202876415
TotalTechnologyAnnualActivityLowerLimit,NDP,Guatemala,FOLU3,,,,2026,,,,,,0.09539142154504271
TotalTechnologyAnnualActivityLowerLimit,NDP,Guatemala,FOLU3,,,,2027,,,,,,0.1031585287209161
TotalTechnologyAnnualActivityLowerLimit,NDP,Guatemala,FOLU3,,,,2028,,,,,,0.11127654726360944
TotalTechnologyAnnualActivityLowerLimit,NDP,Guatemala,FOLU3,,,,2029,,,,,,0.11976294099836386
TotalTechnologyAnnualActivityLowerLimit,NDP,Guatemala,FOLU3,,,,2030,,,,,,0.12863610251810584
TotalTechnologyAnnualActivityLowerLimit,NDP,Guatemala,FOLU3,,,,2031,,,,,,0.13791540458349727
TotalTechnologyAnnualActivityLowerLimit,NDP,Guatemala,FOLU3,,,,2032,,,,,,0.14762125443071045
TotalTechnologyAnnualActivityLowerLimit,NDP,Guatemala,FOLU3,,,,2033,,,,,,0.15777515115332907
TotalTechnologyAnnualActivityLowerLimit,NDP,Guatemala,FOLU3,,,,2034,,,,,,0.16839974633435453
TotalTechnologyAnnualActivityLowerLimit,NDP,Guatemala,FOLU3,,,,2035,,,,,,0.17951890811443058
TotalTechnologyAnnualActivityLowerLimit,NDP,Guatemala,FOLU3,,,,2036,,,,,,0.1911577888931149
TotalTechnologyAnnualActivityLowerLimit,NDP,Guatemala,FOLU3,,,,2037,,,,,,0.20334289687136398
TotalTechnologyAnnualActivityLowerLimit,NDP,Guatemala,FOLU3,,,,2038,,,,,,0.21610217165538703
TotalTechnologyAnnualActivityLowerLimit,NDP,Guatemala,FOLU3,,,,2039,,,,,,0.22946506415471
TotalTechnologyAnnualActivityLowerLimit,NDP,Guatemala,FOLU3,,,,2040,,,,,,0.24346262102070462
TotalTechnologyAnnualActivityLowerLimit,NDP,Guatemala,FOLU3,,,,2041,,,,,,0.25812757388603097
TotalTechnologyAnnualActivityLowerLimit,NDP,Guatemala,FOLU3,,,,2042,,,,,,0.2734944336804502
TotalTechnologyAnnualActivityLowerLimit,NDP,Guatemala,FOLU3,,,,2043,,,,,,0.28959959031434485
TotalTechnologyAnnualActivityLowerLimit,NDP,Guatemala,FOLU3,,,,2044,,,,,,0.30648141803807816
TotalTechnologyAnnualActivityLowerLimit,NDP,Guatemala,FOLU3,,,,2045,,,,,,0.32418038680308947
TotalTechnologyAnnualActivityLowerLimit,NDP,Guatemala,FOLU3,,,,2046,,,,,,0.34273917996941683
TotalTechnologyAnnualActivityLowerLimit,NDP,Guatemala,FOLU3,,,,2047,,,,,,0.3622028187242155
TotalTechnologyAnnualActivityLowerLimit,NDP,Guatemala,FOLU3,,,,2048,,,,,,0.3826187935968682
TotalTechnologyAnnualActivityLowerLimit,NDP,Guatemala,FOLU3,,,,2049,,,,,,0.404037203478527
TotalTechnologyAnnualActivityLowerLimit,NDP,Guatemala,FOLU3,,,,2050,,,,,,0.4265109025774531
TotalTechnologyAnnualActivityLowerLimit,NDP,Guatemala,FOLU4,,,,2016,,,,,,0.026298
TotalTechnologyAnnualActivityLowerLimit,NDP,Guatemala,FOLU4,,,,2017,,,,,,0.02195
TotalTechnologyAnnualActivityLowerLimit,NDP,Guatemala,FOLU4,,,,2018,,,,,,0.012829
TotalTechnologyAnnualActivityLowerLimit,NDP,Guatemala,FOLU4,,,,2019,,,,,,0.046375
TotalTechnologyAnnualActivityLowerLimit,NDP,Guatemala,FOLU4,,,,2020,,,,,,0.078057
TotalTechnologyAnnualActivityLowerLimit,NDP,Guatemala,FOLU4,,,,2021,,,,,,0.010018
TotalTechnologyAnnualActivityLowerLimit,NDP,Guatemala,FOLU4,,,,2022,,,,,,0.021877
TotalTechnologyAnnualActivityLowerLimit,NDP,Guatemala,FOLU4,,,,2023,,,,,,0.037681
TotalTechnologyAnnualActivityLowerLimit,NDP,Guatemala,FOLU4,,,,2024,,,,,,0.19394
TotalTechnologyAnnualActivityLowerLimit,NDP,Guatemala,FOLU4,,,,2025,,,,,,0.04839491666666666
TotalTechnologyAnnualActivityLowerLimit,NDP,Guatemala,FOLU4,,,,2026,,,,,,0.046943069166666664
TotalTechnologyAnnualActivityLowerLimit,NDP,Guatemala,FOLU4,,,,2027,,,,,,0.045534777091666666
TotalTechnologyAnnualActivityLowerLimit,NDP,Guatemala,FOLU4,,,,2028,,,,,,0.04416873377891666
TotalTechnologyAnnualActivityLowerLimit,NDP,Guatemala,FOLU4,,,,2029,,,,,,0.04284367176554916
TotalTechnologyAnnualActivityLowerLimit,NDP,Guatemala,FOLU4,,,,2030,,,,,,0.04155836161258268
TotalTechnologyAnnualActivityLowerLimit,NDP,Guatemala,FOLU4,,,,2031,,,,,,0.040311610764205204
TotalTechnologyAnnualActivityLowerLimit,NDP,Guatemala,FOLU4,,,,2032,,,,,,0.03910226244127905
TotalTechnologyAnnualActivityLowerLimit,NDP,Guatemala,FOLU4,,,,2033,,,,,,0.03792919456804067
TotalTechnologyAnnualActivityLowerLimit,NDP,Guatemala,FOLU4,,,,2034,,,,,,0.03679131873099945
TotalTechnologyAnnualActivityLowerLimit,NDP,Guatemala,FOLU4,,,,2035,,,,,,0.03568757916906947
TotalTechnologyAnnualActivityLowerLimit,NDP,Guatemala,FOLU4,,,,2036,,,,,,0.03461695179399738
TotalTechnologyAnnualActivityLowerLimit,NDP,Guatemala,FOLU4,,,,2037,,,,,,0.03357844324017746
TotalTechnologyAnnualActivityLowerLimit,NDP,Guatemala,FOLU4,,,,2038,,,,,,0.032571089942972135
TotalTechnologyAnnualActivityLowerLimit,NDP,Guatemala,FOLU4,,,,2039,,,,,,0.03159395724468297
TotalTechnologyAnnualActivityLowerLimit,NDP,Guatemala,FOLU4,,,,2040,,,,,,0.03064613852734248
TotalTechnologyAnnualActivityLowerLimit,NDP,Guatemala,FOLU4,,,,2041,,,,,,0.029726754371522203
TotalTechnologyAnnualActivityLowerLimit,NDP,Guatemala,FOLU4,,,,2042,,,,,,0.028834951740376535
TotalTechnologyAnnualActivityLowerLimit,NDP,Guatemala,FOLU4,,,,2043,,,,,,0.027969903188165238
TotalTechnologyAnnualActivityLowerLimit,NDP,Guatemala,FOLU4,,,,2044,,,,,,0.02713080609252028
TotalTechnologyAnnualActivityLowerLimit,NDP,Guatemala,FOLU4,,,,2045,,,,,,0.026316881909744672
TotalTechnologyAnnualActivityLowerLimit,NDP,Guatemala,FOLU4,,,,2046,,,,,,0.02552737545245233
TotalTechnologyAnnualActivityLowerLimit,NDP,Guatemala,FOLU4,,,,2047,,,,,,0.02476155418887876
TotalTechnologyAnnualActivityLowerLimit,NDP,Guatemala,FOLU4,,,,2048,,,,,,0.0240187075632124
TotalTechnologyAnnualActivityLowerLimit,NDP,Guatemala,FOLU4,,,,2049,,,,,,0.023298146336316026
TotalTechnologyAnnualActivityLowerLimit,NDP,Guatemala,FOLU4,,,,2050,,,,,,0.022599201946226544
TotalTechnologyAnnualActivityLowerLimit,NDP,Guatemala,NUEVAFOLU,,,,2016,,,,,,0.2
TotalTechnologyAnnualActivityLowerLimit,NDP,Guatemala,NUEVAFOLU,,,,2017,,,,,,0.21500000000000002
TotalTechnologyAnnualActivityLowerLimit,NDP,Guatemala,NUEVAFOLU,,,,2018,,,,,,0.23000000000000004
TotalTechnologyAnnualActivityLowerLimit,NDP,Guatemala,NUEVAFOLU,,,,2019,,,,,,0.24500000000000005
TotalTechnologyAnnualActivityLowerLimit,NDP,Guatemala,NUEVAFOLU,,,,2020,,,,,,0.26000000000000006
TotalTechnologyAnnualActivityLowerLimit,NDP,Guatemala,NUEVAFOLU,,,,2021,,,,,,0.2750000000000001
TotalTechnologyAnnualActivityLowerLimit,NDP,Guatemala,NUEVAFOLU,,,,2022,,,,,,0.2900000000000001
TotalTechnologyAnnualActivityLowerLimit,NDP,Guatemala,NUEVAFOLU,,,,2023,,,,,,0.3050000000000001
TotalTechnologyAnnualActivityLowerLimit,NDP,Guatemala,NUEVAFOLU,,,,2024,,,,,,0.3200000000000001
TotalTechnologyAnnualActivityLowerLimit,NDP,Guatemala,NUEVAFOLU,,,,2025,,,,,,0.33733333333333343
TotalTechnologyAnnualActivityLowerLimit,NDP,Guatemala,NUEVAFOLU,,,,2026,,,,,,0.3570000000000001
TotalTechnologyAnnualActivityLowerLimit,NDP,Guatemala,NUEVAFOLU,,,,2027,,,,,,0.3790000000000001
TotalTechnologyAnnualActivityLowerLimit,NDP,Guatemala,NUEVAFOLU,,,,2028,,,,,,0.4027600000000001
TotalTechnologyAnnualActivityLowerLimit,NDP,Guatemala,NUEVAFOLU,,,,2029,,,,,,0.4284208000000001
TotalTechnologyAnnualActivityLowerLimit,NDP,Guatemala,NUEVAFOLU,,,,2030,,,,,,0.45613446400000013
TotalTechnologyAnnualActivityLowerLimit,NDP,Guatemala,NUEVAFOLU,,,,2031,,,,,,0.4860652211200001
TotalTechnologyAnnualActivityLowerLimit,NDP,Guatemala,NUEVAFOLU,,,,2032,,,,,,0.5183904388096001
TotalTechnologyAnnualActivityLowerLimit,NDP,Guatemala,NUEVAFOLU,,,,2033,,,,,,0.5533016739143681
TotalTechnologyAnnualActivityLowerLimit,NDP,Guatemala,NUEVAFOLU,,,,2034,,,,,,0.5910058078275175
TotalTechnologyAnnualActivityLowerLimit,NDP,Guatemala,NUEVAFOLU,,,,2035,,,,,,0.6317262724537189
TotalTechnologyAnnualActivityLowerLimit,NDP,Guatemala,NUEVAFOLU,,,,2036,,,,,,0.6757043742500164
TotalTechnologyAnnualActivityLowerLimit,NDP,Guatemala,NUEVAFOLU,,,,2037,,,,,,0.7232007241900177
TotalTechnologyAnnualActivityLowerLimit,NDP,Guatemala,NUEVAFOLU,,,,2038,,,,,,0.7744967821252191
TotalTechnologyAnnualActivityLowerLimit,NDP,Guatemala,NUEVAFOLU,,,,2039,,,,,,0.8298965246952367
TotalTechnologyAnnualActivityLowerLimit,NDP,Guatemala,NUEVAFOLU,,,,2040,,,,,,0.8897282466708556
TotalTechnologyAnnualActivityLowerLimit,NDP,Guatemala,NUEVAFOLU,,,,2041,,,,,,0.9543465064045241
TotalTechnologyAnnualActivityLowerLimit,NDP,Guatemala,NUEVAFOLU,,,,2042,,,,,,1.024134226916886
TotalTechnologyAnnualActivityLowerLimit,NDP,Guatemala,NUEVAFOLU,,,,2043,,,,,,1.099504965070237
TotalTechnologyAnnualActivityLowerLimit,NDP,Guatemala,NUEVAFOLU,,,,2044,,,,,,1.180905362275856
TotalTechnologyAnnualActivityLowerLimit,NDP,Guatemala,NUEVAFOLU,,,,2045,,,,,,1.2688177912579246
TotalTechnologyAnnualActivityLowerLimit,NDP,Guatemala,NUEVAFOLU,,,,2046,,,,,,1.3637632145585585
TotalTechnologyAnnualActivityLowerLimit,NDP,Guatemala,NUEVAFOLU,,,,2047,,,,,,1.4663042717232433
TotalTechnologyAnnualActivityLowerLimit,NDP,Guatemala,NUEVAFOLU,,,,2048,,,,,,1.5770486134611028
TotalTechnologyAnnualActivityLowerLimit,NDP,Guatemala,NUEVAFOLU,,,,2049,,,,,,1.696652502537991
TotalTechnologyAnnualActivityLowerLimit,NDP,Guatemala,NUEVAFOLU,,,,2050,,,,,,1.8258247027410304
TotalTechnologyAnnualActivityLowerLimit,NDP,Guatemala,FermentacionEnterica,,,,2016,,,,,,0.16449805299999898
TotalTechnologyAnnualActivityLowerLimit,NDP,Guatemala,FermentacionEnterica,,,,2017,,,,,,0.16607177199999998
TotalTechnologyAnnualActivityLowerLimit,NDP,Guatemala,FermentacionEnterica,,,,2018,,,,,,0.16764548599999898
TotalTechnologyAnnualActivityLowerLimit,NDP,Guatemala,FermentacionEnterica,,,,2019,,,,,,0.169219204
TotalTechnologyAnnualActivityLowerLimit,NDP,Guatemala,FermentacionEnterica,,,,2020,,,,,,0.17079298799999887
TotalTechnologyAnnualActivityLowerLimit,NDP,Guatemala,FermentacionEnterica,,,,2021,,,,,,0.17236669699999999
TotalTechnologyAnnualActivityLowerLimit,NDP,Guatemala,FermentacionEnterica,,,,2022,,,,,,0.17394042099999896
TotalTechnologyAnnualActivityLowerLimit,NDP,Guatemala,FermentacionEnterica,,,,2023,,,,,,0.17556150565772374
TotalTechnologyAnnualActivityLowerLimit,NDP,Guatemala,FermentacionEnterica,,,,2024,,,,,,0.17719873686815388
TotalTechnologyAnnualActivityLowerLimit,NDP,Guatemala,FermentacionEnterica,,,,2025,,,,,,0.17714177928123714
TotalTechnologyAnnualActivityLowerLimit,NDP,Guatemala,FermentacionEnterica,,,,2026,,,,,,0.1770851125053579
TotalTechnologyAnnualActivityLowerLimit,NDP,Guatemala,FermentacionEnterica,,,,2027,,,,,,0.17702873838575192
TotalTechnologyAnnualActivityLowerLimit,NDP,Guatemala,FermentacionEnterica,,,,2028,,,,,,0.17697265879394447
TotalTechnologyAnnualActivityLowerLimit,NDP,Guatemala,FermentacionEnterica,,,,2029,,,,,,0.17691687562802316
TotalTechnologyAnnualActivityLowerLimit,NDP,Guatemala,FermentacionEnterica,,,,2030,,,,,,0.1768613908129133
TotalTechnologyAnnualActivityLowerLimit,NDP,Guatemala,FermentacionEnterica,,,,2031,,,,,,0.1768062063006566
TotalTechnologyAnnualActivityLowerLimit,NDP,Guatemala,FermentacionEnterica,,,,2032,,,,,,0.17675132407069388
TotalTechnologyAnnualActivityLowerLimit,NDP,Guatemala,FermentacionEnterica,,,,2033,,,,,,0.1766967461301496
TotalTechnologyAnnualActivityLowerLimit,NDP,Guatemala,FermentacionEnterica,,,,2034,,,,,,0.17664247451412146
TotalTechnologyAnnualActivityLowerLimit,NDP,Guatemala,FermentacionEnterica,,,,2035,,,,,,0.17658851128597197
TotalTechnologyAnnualActivityLowerLimit,NDP,Guatemala,FermentacionEnterica,,,,2036,,,,,,0.1765348585376244
TotalTechnologyAnnualActivityLowerLimit,NDP,Guatemala,FermentacionEnterica,,,,2037,,,,,,0.17648151838986129
TotalTechnologyAnnualActivityLowerLimit,NDP,Guatemala,FermentacionEnterica,,,,2038,,,,,,0.17642849299262744
TotalTechnologyAnnualActivityLowerLimit,NDP,Guatemala,FermentacionEnterica,,,,2039,,,,,,0.17637578452533575
TotalTechnologyAnnualActivityLowerLimit,NDP,Guatemala,FermentacionEnterica,,,,2040,,,,,,0.17632339519717655
TotalTechnologyAnnualActivityLowerLimit,NDP,Guatemala,FermentacionEnterica,,,,2041,,,,,,0.1762713272474312
TotalTechnologyAnnualActivityLowerLimit,NDP,Guatemala,FermentacionEnterica,,,,2042,,,,,,0.17621958294578863
TotalTechnologyAnnualActivityLowerLimit,NDP,Guatemala,FermentacionEnterica,,,,2043,,,,,,0.17616816459266627
TotalTechnologyAnnualActivityLowerLimit,NDP,Guatemala,FermentacionEnterica,,,,2044,,,,,,0.17611707451953376
TotalTechnologyAnnualActivityLowerLimit,NDP,Guatemala,FermentacionEnterica,,,,2045,,,,,,0.17606631508924142
TotalTechnologyAnnualActivityLowerLimit,NDP,Guatemala,FermentacionEnterica,,,,2046,,,,,,0.17601588869635204
TotalTechnologyAnnualActivityLowerLimit,NDP,Guatemala,FermentacionEnterica,,,,2047,,,,,,0.17596579776747634
TotalTechnologyAnnualActivityLowerLimit,NDP,Guatemala,FermentacionEnterica,,,,2048,,,,,,0.17591604476161307
TotalTechnologyAnnualActivityLowerLimit,NDP,Guatemala,FermentacionEnterica,,,,2049,,,,,,0.17586663217049214
TotalTechnologyAnnualActivityLowerLimit,NDP,Guatemala,FermentacionEnterica,,,,2050,,,,,,0.17581756251892208
TotalTechnologyAnnualActivityLowerLimit,NDP,Guatemala,GestionEstiercol1,,,,2016,,,,,,0.005736248779999998
TotalTechnologyAnnualActivityLowerLimit,NDP,Guatemala,GestionEstiercol1,,,,2017,,,,,,0.005827659689999999
TotalTechnologyAnnualActivityLowerLimit,NDP,Guatemala,GestionEstiercol1,,,,2018,,,,,,0.005919069829999988
TotalTechnologyAnnualActivityLowerLimit,NDP,Guatemala,GestionEstiercol1,,,,2019,,,,,,0.006010479739999988
TotalTechnologyAnnualActivityLowerLimit,NDP,Guatemala,GestionEstiercol1,,,,2020,,,,,,0.006101892269999998
TotalTechnologyAnnualActivityLowerLimit,NDP,Guatemala,GestionEstiercol1,,,,2021,,,,,,0.0060776549599999875
TotalTechnologyAnnualActivityLowerLimit,NDP,Guatemala,GestionEstiercol1,,,,2022,,,,,,0.006169066019999999
TotalTechnologyAnnualActivityLowerLimit,NDP,Guatemala,GestionEstiercol1,,,,2023,,,,,,0.006241035592750793
TotalTechnologyAnnualActivityLowerLimit,NDP,Guatemala,GestionEstiercol1,,,,2024,,,,,,0.0063140359191809145
TotalTechnologyAnnualActivityLowerLimit,NDP,Guatemala,GestionEstiercol1,,,,2025,,,,,,0.006384247503591828
TotalTechnologyAnnualActivityLowerLimit,NDP,Guatemala,GestionEstiercol1,,,,2026,,,,,,0.006459035908999555
TotalTechnologyAnnualActivityLowerLimit,NDP,Guatemala,GestionEstiercol1,,,,2027,,,,,,0.006534874626807634
TotalTechnologyAnnualActivityLowerLimit,NDP,Guatemala,GestionEstiercol1,,,,2028,,,,,,0.006611777491547624
TotalTechnologyAnnualActivityLowerLimit,NDP,Guatemala,GestionEstiercol1,,,,2029,,,,,,0.006689758269919698
TotalTechnologyAnnualActivityLowerLimit,NDP,Guatemala,GestionEstiercol1,,,,2030,,,,,,0.00676883061809673
TotalTechnologyAnnualActivityLowerLimit,NDP,Guatemala,GestionEstiercol1,,,,2031,,,,,,0.006849008032077197
TotalTechnologyAnnualActivityLowerLimit,NDP,Guatemala,GestionEstiercol1,,,,2032,,,,,,0.006930303789996272
TotalTechnologyAnnualActivityLowerLimit,NDP,Guatemala,GestionEstiercol1,,,,2033,,,,,,0.0070127308851304655
TotalTechnologyAnnualActivityLowerLimit,NDP,Guatemala,GestionEstiercol1,,,,2034,,,,,,0.007096301948129092
TotalTechnologyAnnualActivityLowerLimit,NDP,Guatemala,GestionEstiercol1,,,,2035,,,,,,0.007181029156771023
TotalTechnologyAnnualActivityLowerLimit,NDP,Guatemala,GestionEstiercol1,,,,2036,,,,,,0.007266924131272413
TotalTechnologyAnnualActivityLowerLimit,NDP,Guatemala,GestionEstiercol1,,,,2037,,,,,,0.007353997812854191
TotalTechnologyAnnualActivityLowerLimit,NDP,Guatemala,GestionEstiercol1,,,,2038,,,,,,0.007442260322909723
TotalTechnologyAnnualActivityLowerLimit,NDP,Guatemala,GestionEstiercol1,,,,2039,,,,,,0.0075317207996851085
TotalTechnologyAnnualActivityLowerLimit,NDP,Guatemala,GestionEstiercol1,,,,2040,,,,,,0.007622387208887071
TotalTechnologyAnnualActivityLowerLimit,NDP,Guatemala,GestionEstiercol1,,,,2041,,,,,,0.007714266124055144
TotalTechnologyAnnualActivityLowerLimit,NDP,Guatemala,GestionEstiercol1,,,,2042,,,,,,0.007807362471862748
TotalTechnologyAnnualActivityLowerLimit,NDP,Guatemala,GestionEstiercol1,,,,2043,,,,,,0.007901679236730363
TotalTechnologyAnnualActivityLowerLimit,NDP,Guatemala,GestionEstiercol1,,,,2044,,,,,,0.00799721711822553
TotalTechnologyAnnualActivityLowerLimit,NDP,Guatemala,GestionEstiercol1,,,,2045,,,,,,0.008093974133668287
TotalTechnologyAnnualActivityLowerLimit,NDP,Guatemala,GestionEstiercol1,,,,2046,,,,,,0.008191945157132587
TotalTechnologyAnnualActivityLowerLimit,NDP,Guatemala,GestionEstiercol1,,,,2047,,,,,,0.008291121384606321
TotalTechnologyAnnualActivityLowerLimit,NDP,Guatemala,GestionEstiercol1,,,,2048,,,,,,0.008391489713412088
TotalTechnologyAnnualActivityLowerLimit,NDP,Guatemala,GestionEstiercol1,,,,2049,,,,,,0.00849303202206004
TotalTechnologyAnnualActivityLowerLimit,NDP,Guatemala,GestionEstiercol1,,,,2050,,,,,,0.008595746229229057
TotalTechnologyAnnualActivityLowerLimit,NDP,Guatemala,GestionEstiercol2,,,,2016,,,,,,0.0005828704247158436
TotalTechnologyAnnualActivityLowerLimit,NDP,Guatemala,GestionEstiercol2,,,,2017,,,,,,0.0005908761936024046
TotalTechnologyAnnualActivityLowerLimit,NDP,Guatemala,GestionEstiercol2,,,,2018,,,,,,0.0005988818954456478
TotalTechnologyAnnualActivityLowerLimit,NDP,Guatemala,GestionEstiercol2,,,,2019,,,,,,0.0006068875228949446
TotalTechnologyAnnualActivityLowerLimit,NDP,Guatemala,GestionEstiercol2,,,,2020,,,,,,0.0006148942889440376
TotalTechnologyAnnualActivityLowerLimit,NDP,Guatemala,GestionEstiercol2,,,,2021,,,,,,0.0006157245813312093
TotalTechnologyAnnualActivityLowerLimit,NDP,Guatemala,GestionEstiercol2,,,,2022,,,,,,0.0006237303633043769
TotalTechnologyAnnualActivityLowerLimit,NDP,Guatemala,GestionEstiercol2,,,,2023,,,,,,0.0006306061188457656
TotalTechnologyAnnualActivityLowerLimit,NDP,Guatemala,GestionEstiercol2,,,,2024,,,,,,0.0006375718183915032
TotalTechnologyAnnualActivityLowerLimit,NDP,Guatemala,GestionEstiercol2,,,,2025,,,,,,0.0006430185144942657
TotalTechnologyAnnualActivityLowerLimit,NDP,Guatemala,GestionEstiercol2,,,,2026,,,,,,0.0006500728134791996
TotalTechnologyAnnualActivityLowerLimit,NDP,Guatemala,GestionEstiercol2,,,,2027,,,,,,0.0006572148824151131
TotalTechnologyAnnualActivityLowerLimit,NDP,Guatemala,GestionEstiercol2,,,,2028,,,,,,0.0006644456239018434
TotalTechnologyAnnualActivityLowerLimit,NDP,Guatemala,GestionEstiercol2,,,,2029,,,,,,0.0006717659271545416
TotalTechnologyAnnualActivityLowerLimit,NDP,Guatemala,GestionEstiercol2,,,,2030,,,,,,0.0006791766652412186
TotalTechnologyAnnualActivityLowerLimit,NDP,Guatemala,GestionEstiercol2,,,,2031,,,,,,0.0006866786920162016
TotalTechnologyAnnualActivityLowerLimit,NDP,Guatemala,GestionEstiercol2,,,,2032,,,,,,0.0006942728387168925
TotalTechnologyAnnualActivityLowerLimit,NDP,Guatemala,GestionEstiercol2,,,,2033,,,,,,0.0007019599101876951
TotalTechnologyAnnualActivityLowerLimit,NDP,Guatemala,GestionEstiercol2,,,,2034,,,,,,0.0007097406806910068
TotalTechnologyAnnualActivityLowerLimit,NDP,Guatemala,GestionEstiercol2,,,,2035,,,,,,0.0007176158892607985
TotalTechnologyAnnualActivityLowerLimit,NDP,Guatemala,GestionEstiercol2,,,,2036,,,,,,0.0007255862345494382
TotalTechnologyAnnualActivityLowerLimit,NDP,Guatemala,GestionEstiercol2,,,,2037,,,,,,0.0007336523691129995
TotalTechnologyAnnualActivityLowerLimit,NDP,Guatemala,GestionEstiercol2,,,,2038,,,,,,0.0007418148930742904
TotalTechnologyAnnualActivityLowerLimit,NDP,Guatemala,GestionEstiercol2,,,,2039,,,,,,0.0007500743470961689
TotalTechnologyAnnualActivityLowerLimit,NDP,Guatemala,GestionEstiercol2,,,,2040,,,,,,0.0007584312045902886
TotalTechnologyAnnualActivityLowerLimit,NDP,Guatemala,GestionEstiercol2,,,,2041,,,,,,0.0007668858630781809
TotalTechnologyAnnualActivityLowerLimit,NDP,Guatemala,GestionEstiercol2,,,,2042,,,,,,0.0007754386346124307
TotalTechnologyAnnualActivityLowerLimit,NDP,Guatemala,GestionEstiercol2,,,,2043,,,,,,0.0007840897351555212
TotalTechnologyAnnualActivityLowerLimit,NDP,Guatemala,GestionEstiercol2,,,,2044,,,,,,0.0007928392728026296
TotalTechnologyAnnualActivityLowerLimit,NDP,Guatemala,GestionEstiercol2,,,,2045,,,,,,0.000801687234722082
TotalTechnologyAnnualActivityLowerLimit,NDP,Guatemala,GestionEstiercol2,,,,2046,,,,,,0.0008106334726732282
TotalTechnologyAnnualActivityLowerLimit,NDP,Guatemala,GestionEstiercol2,,,,2047,,,,,,0.0008196776869459668
TotalTechnologyAnnualActivityLowerLimit,NDP,Guatemala,GestionEstiercol2,,,,2048,,,,,,0.0008288194085489189
TotalTechnologyAnnualActivityLowerLimit,NDP,Guatemala,GestionEstiercol2,,,,2049,,,,,,0.000838057979454075
TotalTechnologyAnnualActivityLowerLimit,NDP,Guatemala,GestionEstiercol2,,,,2050,,,,,,0.0008473923575200334
TotalTechnologyAnnualActivityLowerLimit,NDP,Guatemala,CultivoArroz,,,,2016,,,,,,0.024318044889599995
TotalTechnologyAnnualActivityLowerLimit,NDP,Guatemala,CultivoArroz,,,,2017,,,,,,0.021588905082359996
TotalTechnologyAnnualActivityLowerLimit,NDP,Guatemala,CultivoArroz,,,,2018,,,,,,0.020536795494599996
TotalTechnologyAnnualActivityLowerLimit,NDP,Guatemala,CultivoArroz,,,,2019,,,,,,0.021539472163439995
TotalTechnologyAnnualActivityLowerLimit,NDP,Guatemala,CultivoArroz,,,,2020,,,,,,0.02217029523324
TotalTechnologyAnnualActivityLowerLimit,NDP,Guatemala,CultivoArroz,,,,2021,,,,,,0.022801118303039998
TotalTechnologyAnnualActivityLowerLimit,NDP,Guatemala,CultivoArroz,,,,2022,,,,,,0.02343194137284
TotalTechnologyAnnualActivityLowerLimit,NDP,Guatemala,CultivoArroz,,,,2023,,,,,,0.02343194137284
TotalTechnologyAnnualActivityLowerLimit,NDP,Guatemala,CultivoArroz,,,,2024,,,,,,0.02343194137284
TotalTechnologyAnnualActivityLowerLimit,NDP,Guatemala,CultivoArroz,,,,2025,,,,,,0.02343194137284
TotalTechnologyAnnualActivityLowerLimit,NDP,Guatemala,CultivoArroz,,,,2026,,,,,,0.02343194137284
TotalTechnologyAnnualActivityLowerLimit,NDP,Guatemala,CultivoArroz,,,,2027,,,,,,0.02343194137284
TotalTechnologyAnnualActivityLowerLimit,NDP,Guatemala,CultivoArroz,,,,2028,,,,,,0.02343194137284
TotalTechnologyAnnualActivityLowerLimit,NDP,Guatemala,CultivoArroz,,,,2029,,,,,,0.02343194137284
TotalTechnologyAnnualActivityLowerLimit,NDP,Guatemala,CultivoArroz,,,,2030,,,,,,0.02343194137284
TotalTechnologyAnnualActivityLowerLimit,NDP,Guatemala,CultivoArroz,,,,2031,,,,,,0.02343194137284
TotalTechnologyAnnualActivityLowerLimit,NDP,Guatemala,CultivoArroz,,,,2032,,,,,,0.02343194137284
TotalTechnologyAnnualActivityLowerLimit,NDP,Guatemala,CultivoArroz,,,,2033,,,,,,0.02343194137284
TotalTechnologyAnnualActivityLowerLimit,NDP,Guatemala,CultivoArroz,,,,2034,,,,,,0.02343194137284
TotalTechnologyAnnualActivityLowerLimit,NDP,Guatemala,CultivoArroz,,,,2035,,,,,,0.02343194137284
TotalTechnologyAnnualActivityLowerLimit,NDP,Guatemala,CultivoArroz,,,,2036,,,,,,0.02343194137284
TotalTechnologyAnnualActivityLowerLimit,NDP,Guatemala,CultivoArroz,,,,2037,,,,,,0.02343194137284
TotalTechnologyAnnualActivityLowerLimit,NDP,Guatemala,CultivoArroz,,,,2038,,,,,,0.02343194137284
TotalTechnologyAnnualActivityLowerLimit,NDP,Guatemala,CultivoArroz,,,,2039,,,,,,0.02343194137284
TotalTechnologyAnnualActivityLowerLimit,NDP,Guatemala,CultivoArroz,,,,2040,,,,,,0.02343194137284
TotalTechnologyAnnualActivityLowerLimit,NDP,Guatemala,CultivoArroz,,,,2041,,,,,,0.02343194137284
TotalTechnologyAnnualActivityLowerLimit,NDP,Guatemala,CultivoArroz,,,,2042,,,,,,0.02343194137284
TotalTechnologyAnnualActivityLowerLimit,NDP,Guatemala,CultivoArroz,,,,2043,,,,,,0.02343194137284
TotalTechnologyAnnualActivityLowerLimit,NDP,Guatemala,CultivoArroz,,,,2044,,,,,,0.02343194137284
TotalTechnologyAnnualActivityLowerLimit,NDP,Guatemala,CultivoArroz,,,,2045,,,,,,0.02343194137284
TotalTechnologyAnnualActivityLowerLimit,NDP,Guatemala,CultivoArroz,,,,2046,,,,,,0.02343194137284
TotalTechnologyAnnualActivityLowerLimit,NDP,Guatemala,CultivoArroz,,,,2047,,,,,,0.02343194137284
TotalTechnologyAnnualActivityLowerLimit,NDP,Guatemala,CultivoArroz,,,,2048,,,,,,0.02343194137284
TotalTechnologyAnnualActivityLowerLimit,NDP,Guatemala,CultivoArroz,,,,2049,,,,,,0.02343194137284
TotalTechnologyAnnualActivityLowerLimit,NDP,Guatemala,CultivoArroz,,,,2050,,,,,,0.02343194137284
TotalTechnologyAnnualActivityLowerLimit,NDP,Guatemala,SuelosAgricolas,,,,2016,,,,,,1.2999609535184147
TotalTechnologyAnnualActivityLowerLimit,NDP,Guatemala,SuelosAgricolas,,,,2017,,,,,,1.3479312594206967
TotalTechnologyAnnualActivityLowerLimit,NDP,Guatemala,SuelosAgricolas,,,,2018,,,,,,1.4618460805703406
TotalTechnologyAnnualActivityLowerLimit,NDP,Guatemala,SuelosAgricolas,,,,2019,,,,,,1.2765589335144492
TotalTechnologyAnnualActivityLowerLimit,NDP,Guatemala,SuelosAgricolas,,,,2020,,,,,,0.9613384543908953
TotalTechnologyAnnualActivityLowerLimit,NDP,Guatemala,SuelosAgricolas,,,,2021,,,,,,0.9292038217765842
TotalTechnologyAnnualActivityLowerLimit,NDP,Guatemala,SuelosAgricolas,,,,2022,,,,,,0.85540137999395
TotalTechnologyAnnualActivityLowerLimit,NDP,Guatemala,SuelosAgricolas,,,,2023,,,,,,0.85540137999395
TotalTechnologyAnnualActivityLowerLimit,NDP,Guatemala,SuelosAgricolas,,,,2024,,,,,,0.85540137999395
TotalTechnologyAnnualActivityLowerLimit,NDP,Guatemala,SuelosAgricolas,,,,2025,,,,,,0.85540137999395
TotalTechnologyAnnualActivityLowerLimit,NDP,Guatemala,SuelosAgricolas,,,,2026,,,,,,0.85540137999395
TotalTechnologyAnnualActivityLowerLimit,NDP,Guatemala,SuelosAgricolas,,,,2027,,,,,,0.85540137999395
TotalTechnologyAnnualActivityLowerLimit,NDP,Guatemala,SuelosAgricolas,,,,2028,,,,,,0.85540137999395
TotalTechnologyAnnualActivityLowerLimit,NDP,Guatemala,SuelosAgricolas,,,,2029,,,,,,0.85540137999395
TotalTechnologyAnnualActivityLowerLimit,NDP,Guatemala,SuelosAgricolas,,,,2030,,,,,,0.85540137999395
TotalTechnologyAnnualActivityLowerLimit,NDP,Guatemala,SuelosAgricolas,,,,2031,,,,,,0.85540137999395
TotalTechnologyAnnualActivityLowerLimit,NDP,Guatemala,SuelosAgricolas,,,,2032,,,,,,0.85540137999395
TotalTechnologyAnnualActivityLowerLimit,NDP,Guatemala,SuelosAgricolas,,,,2033,,,,,,0.85540137999395
TotalTechnologyAnnualActivityLowerLimit,NDP,Guatemala,SuelosAgricolas,,,,2034,,,,,,0.85540137999395
TotalTechnologyAnnualActivityLowerLimit,NDP,Guatemala,SuelosAgricolas,,,,2035,,,,,,0.85540137999395
TotalTechnologyAnnualActivityLowerLimit,NDP,Guatemala,SuelosAgricolas,,,,2036,,,,,,0.85540137999395
TotalTechnologyAnnualActivityLowerLimit,NDP,Guatemala,SuelosAgricolas,,,,2037,,,,,,0.85540137999395
TotalTechnologyAnnualActivityLowerLimit,NDP,Guatemala,SuelosAgricolas,,,,2038,,,,,,0.85540137999395
TotalTechnologyAnnualActivityLowerLimit,NDP,Guatemala,SuelosAgricolas,,,,2039,,,,,,0.85540137999395
TotalTechnologyAnnualActivityLowerLimit,NDP,Guatemala,SuelosAgricolas,,,,2040,,,,,,0.85540137999395
TotalTechnologyAnnualActivityLowerLimit,NDP,Guatemala,SuelosAgricolas,,,,2041,,,,,,0.85540137999395
TotalTechnologyAnnualActivityLowerLimit,NDP,Guatemala,SuelosAgricolas,,,,2042,,,,,,0.85540137999395
TotalTechnologyAnnualActivityLowerLimit,NDP,Guatemala,SuelosAgricolas,,,,2043,,,,,,0.85540137999395
TotalTechnologyAnnualActivityLowerLimit,NDP,Guatemala,SuelosAgricolas,,,,2044,,,,,,0.85540137999395
TotalTechnologyAnnualActivityLowerLimit,NDP,Guatemala,SuelosAgricolas,,,,2045,,,,,,0.85540137999395
TotalTechnologyAnnualActivityLowerLimit,NDP,Guatemala,SuelosAgricolas,,,,2046,,,,,,0.85540137999395
TotalTechnologyAnnualActivityLowerLimit,NDP,Guatemala,SuelosAgricolas,,,,2047,,,,,,0.85540137999395
TotalTechnologyAnnualActivityLowerLimit,NDP,Guatemala,SuelosAgricolas,,,,2048,,,,,,0.85540137999395
TotalTechnologyAnnualActivityLowerLimit,NDP,Guatemala,SuelosAgricolas,,,,2049,,,,,,0.85540137999395
TotalTechnologyAnnualActivityLowerLimit,NDP,Guatemala,SuelosAgricolas,,,,2050,,,,,,0.85540137999395
TotalTechnologyAnnualActivityLowerLimit,NDP,Guatemala,OtrosAgricolas,,,,2016,,,,,,0.8392200000000001
TotalTechnologyAnnualActivityLowerLimit,NDP,Guatemala,OtrosAgricolas,,,,2017,,,,,,0.6120099999999999
TotalTechnologyAnnualActivityLowerLimit,NDP,Guatemala,OtrosAgricolas,,,,2018,,,,,,0.39857
TotalTechnologyAnnualActivityLowerLimit,NDP,Guatemala,OtrosAgricolas,,,,2019,,,,,,0.5353300000000001
TotalTechnologyAnnualActivityLowerLimit,NDP,Guatemala,OtrosAgricolas,,,,2020,,,,,,0.58241
TotalTechnologyAnnualActivityLowerLimit,NDP,Guatemala,OtrosAgricolas,,,,2021,,,,,,0.40493
TotalTechnologyAnnualActivityLowerLimit,NDP,Guatemala,OtrosAgricolas,,,,2022,,,,,,0.41620999999999997
TotalTechnologyAnnualActivityLowerLimit,NDP,Guatemala,OtrosAgricolas,,,,2023,,,,,,0.41620999999999997
TotalTechnologyAnnualActivityLowerLimit,NDP,Guatemala,OtrosAgricolas,,,,2024,,,,,,0.41620999999999997
TotalTechnologyAnnualActivityLowerLimit,NDP,Guatemala,OtrosAgricolas,,,,2025,,,,,,0.41620999999999997
TotalTechnologyAnnualActivityLowerLimit,NDP,Guatemala,OtrosAgricolas,,,,2026,,,,,,0.41620999999999997
TotalTechnologyAnnualActivityLowerLimit,NDP,Guatemala,OtrosAgricolas,,,,2027,,,,,,0.41620999999999997
TotalTechnologyAnnualActivityLowerLimit,NDP,Guatemala,OtrosAgricolas,,,,2028,,,,,,0.41620999999999997
TotalTechnologyAnnualActivityLowerLimit,NDP,Guatemala,OtrosAgricolas,,,,2029,,,,,,0.41620999999999997
TotalTechnologyAnnualActivityLowerLimit,NDP,Guatemala,OtrosAgricolas,,,,2030,,,,,,0.41620999999999997
TotalTechnologyAnnualActivityLowerLimit,NDP,Guatemala,OtrosAgricolas,,,,2031,,,,,,0.41620999999999997
TotalTechnologyAnnualActivityLowerLimit,NDP,Guatemala,OtrosAgricolas,,,,2032,,,,,,0.41620999999999997
TotalTechnologyAnnualActivityLowerLimit,NDP,Guatemala,OtrosAgricolas,,,,2033,,,,,,0.41620999999999997
TotalTechnologyAnnualActivityLowerLimit,NDP,Guatemala,OtrosAgricolas,,,,2034,,,,,,0.41620999999999997
TotalTechnologyAnnualActivityLowerLimit,NDP,Guatemala,OtrosAgricolas,,,,2035,,,,,,0.41620999999999997
TotalTechnologyAnnualActivityLowerLimit,NDP,Guatemala,OtrosAgricolas,,,,2036,,,,,,0.41620999999999997
TotalTechnologyAnnualActivityLowerLimit,NDP,Guatemala,OtrosAgricolas,,,,2037,,,,,,0.41620999999999997
TotalTechnologyAnnualActivityLowerLimit,NDP,Guatemala,OtrosAgricolas,,,,2038,,,,,,0.41620999999999997
TotalTechnologyAnnualActivityLowerLimit,NDP,Guatemala,OtrosAgricolas,,,,2039,,,,,,0.41620999999999997
TotalTechnologyAnnualActivityLowerLimit,NDP,Guatemala,OtrosAgricolas,,,,2040,,,,,,0.41620999999999997
TotalTechnologyAnnualActivityLowerLimit,NDP,Guatemala,OtrosAgricolas,,,,2041,,,,,,0.41620999999999997
TotalTechnologyAnnualActivityLowerLimit,NDP,Guatemala,OtrosAgricolas,,,,2042,,,,,,0.41620999999999997
TotalTechnologyAnnualActivityLowerLimit,NDP,Guatemala,OtrosAgricolas,,,,2043,,,,,,0.41620999999999997
TotalTechnologyAnnualActivityLowerLimit,NDP,Guatemala,OtrosAgricolas,,,,2044,,,,,,0.41620999999999997
TotalTechnologyAnnualActivityLowerLimit,NDP,Guatemala,OtrosAgricolas,,,,2045,,,,,,0.41620999999999997
TotalTechnologyAnnualActivityLowerLimit,NDP,Guatemala,OtrosAgricolas,,,,2046,,,,,,0.41620999999999997
TotalTechnologyAnnualActivityLowerLimit,NDP,Guatemala,OtrosAgricolas,,,,2047,,,,,,0.41620999999999997
TotalTechnologyAnnualActivityLowerLimit,NDP,Guatemala,OtrosAgricolas,,,,2048,,,,,,0.41620999999999997
TotalTechnologyAnnualActivityLowerLimit,NDP,Guatemala,OtrosAgricolas,,,,2049,,,,,,0.41620999999999997
TotalTechnologyAnnualActivityLowerLimit,NDP,Guatemala,OtrosAgricolas,,,,2050,,,,,,0.41620999999999997
