PARAMETER,Scenario,REGION,TECHNOLOGY,FUEL,EMISSION,MODE_OF_OPERATION,YEAR,TIMESLICE,SEASON,DAYTYPE,DAILYTIMEBRACKET,STORAGE,Value
EmissionActivityRatio,BAU,RD,DIST_DSL,,CO2e_sources,1,2018,,,,,,0.07435380000000001
EmissionActivityRatio,BAU,RD,DIST_DSL,,CO2e_sources,1,2019,,,,,,0.07435380000000001
EmissionActivityRatio,BAU,RD,DIST_DSL,,CO2e_sources,1,2020,,,,,,0.07435380000000001
EmissionActivityRatio,BAU,RD,DIST_DSL,,CO2e_sources,1,2021,,,,,,0.07435380000000001
EmissionActivityRatio,BAU,RD,DIST_DSL,,CO2e_sources,1,2022,,,,,,0.07435380000000001
EmissionActivityRatio,BAU,RD,DIST_DSL,,CO2e_sources,1,2023,,,,,,0.07435380000000001
EmissionActivityRatio,BAU,RD,DIST_DSL,,CO2e_sources,1,2024,,,,,,0.07435380000000001
EmissionActivityRatio,BAU,RD,DIST_DSL,,CO2e_sources,1,2025,,,,,,0.07435380000000001
EmissionActivityRatio,BAU,RD,DIST_DSL,,CO2e_sources,1,2026,,,,,,0.07435380000000001
EmissionActivityRatio,BAU,RD,DIST_DSL,,CO2e_sources,1,2027,,,,,,0.07435380000000001
EmissionActivityRatio,BAU,RD,DIST_DSL,,CO2e_sources,1,2028,,,,,,0.07435380000000001
EmissionActivityRatio,BAU,RD,DIST_DSL,,CO2e_sources,1,2029,,,,,,0.07435380000000001
EmissionActivityRatio,BAU,RD,DIST_DSL,,CO2e_sources,1,2030,,,,,,0.07435380000000001
EmissionActivityRatio,BAU,RD,DIST_DSL,,CO2e_sources,1,2031,,,,,,0.07435380000000001
EmissionActivityRatio,BAU,RD,DIST_DSL,,CO2e_sources,1,2032,,,,,,0.07435380000000001
EmissionActivityRatio,BAU,RD,DIST_DSL,,CO2e_sources,1,2033,,,,,,0.07435380000000001
EmissionActivityRatio,BAU,RD,DIST_DSL,,CO2e_sources,1,2034,,,,,,0.07435380000000001
EmissionActivityRatio,BAU,RD,DIST_DSL,,CO2e_sources,1,2035,,,,,,0.07435380000000001
EmissionActivityRatio,BAU,RD,DIST_DSL,,CO2e_sources,1,2036,,,,,,0.07435380000000001
EmissionActivityRatio,BAU,RD,DIST_DSL,,CO2e_sources,1,2037,,,,,,0.07435380000000001
EmissionActivityRatio,BAU,RD,DIST_DSL,,CO2e_sources,1,2038,,,,,,0.07435380000000001
EmissionActivityRatio,BAU,RD,DIST_DSL,,CO2e_sources,1,2039,,,,,,0.07435380000000001
EmissionActivityRatio,BAU,RD,DIST_DSL,,CO2e_sources,1,2040,,,,,,0.07435380000000001
EmissionActivityRatio,BAU,RD,DIST_DSL,,CO2e_sources,1,2041,,,,,,0.07435380000000001
EmissionActivityRatio,BAU,RD,DIST_DSL,,CO2e_sources,1,2042,,,,,,0.07435380000000001
EmissionActivityRatio,BAU,RD,DIST_DSL,,CO2e_sources,1,2043,,,,,,0.07435380000000001
EmissionActivityRatio,BAU,RD,DIST_DSL,,CO2e_sources,1,2044,,,,,,0.07435380000000001
EmissionActivityRatio,BAU,RD,DIST_DSL,,CO2e_sources,1,2045,,,,,,0.07435380000000001
EmissionActivityRatio,BAU,RD,DIST_DSL,,CO2e_sources,1,2046,,,,,,0.07435380000000001
EmissionActivityRatio,BAU,RD,DIST_DSL,,CO2e_sources,1,2047,,,,,,0.07435380000000001
EmissionActivityRatio,BAU,RD,DIST_DSL,,CO2e_sources,1,2048,,,,,,0.07435380000000001
EmissionActivityRatio,BAU,RD,DIST_DSL,,CO2e_sources,1,2049,,,,,,0.07435380000000001
EmissionActivityRatio,BAU,RD,DIST_DSL,,CO2e_sources,1,2050,,,,,,0.07435380000000001
EmissionActivityRatio,BAU,RD,DIST_FOI,,CO2e_sources,1,2018,,,,,,0.0774
EmissionActivityRatio,BAU,RD,DIST_FOI,,CO2e_sources,1,2019,,,,,,0.0774
EmissionActivityRatio,BAU,RD,DIST_FOI,,CO2e_sources,1,2020,,,,,,0.0774
EmissionActivityRatio,BAU,RD,DIST_FOI,,CO2e_sources,1,2021,,,,,,0.0774
EmissionActivityRatio,BAU,RD,DIST_FOI,,CO2e_sources,1,2022,,,,,,0.0774
EmissionActivityRatio,BAU,RD,DIST_FOI,,CO2e_sources,1,2023,,,,,,0.0774
EmissionActivityRatio,BAU,RD,DIST_FOI,,CO2e_sources,1,2024,,,,,,0.0774
EmissionActivityRatio,BAU,RD,DIST_FOI,,CO2e_sources,1,2025,,,,,,0.0774
EmissionActivityRatio,BAU,RD,DIST_FOI,,CO2e_sources,1,2026,,,,,,0.0774
EmissionActivityRatio,BAU,RD,DIST_FOI,,CO2e_sources,1,2027,,,,,,0.0774
EmissionActivityRatio,BAU,RD,DIST_FOI,,CO2e_sources,1,2028,,,,,,0.0774
EmissionActivityRatio,BAU,RD,DIST_FOI,,CO2e_sources,1,2029,,,,,,0.0774
EmissionActivityRatio,BAU,RD,DIST_FOI,,CO2e_sources,1,2030,,,,,,0.0774
EmissionActivityRatio,BAU,RD,DIST_FOI,,CO2e_sources,1,2031,,,,,,0.0774
EmissionActivityRatio,BAU,RD,DIST_FOI,,CO2e_sources,1,2032,,,,,,0.0774
EmissionActivityRatio,BAU,RD,DIST_FOI,,CO2e_sources,1,2033,,,,,,0.0774
EmissionActivityRatio,BAU,RD,DIST_FOI,,CO2e_sources,1,2034,,,,,,0.0774
EmissionActivityRatio,BAU,RD,DIST_FOI,,CO2e_sources,1,2035,,,,,,0.0774
EmissionActivityRatio,BAU,RD,DIST_FOI,,CO2e_sources,1,2036,,,,,,0.0774
EmissionActivityRatio,BAU,RD,DIST_FOI,,CO2e_sources,1,2037,,,,,,0.0774
EmissionActivityRatio,BAU,RD,DIST_FOI,,CO2e_sources,1,2038,,,,,,0.0774
EmissionActivityRatio,BAU,RD,DIST_FOI,,CO2e_sources,1,2039,,,,,,0.0774
EmissionActivityRatio,BAU,RD,DIST_FOI,,CO2e_sources,1,2040,,,,,,0.0774
EmissionActivityRatio,BAU,RD,DIST_FOI,,CO2e_sources,1,2041,,,,,,0.0774
EmissionActivityRatio,BAU,RD,DIST_FOI,,CO2e_sources,1,2042,,,,,,0.0774
EmissionActivityRatio,BAU,RD,DIST_FOI,,CO2e_sources,1,2043,,,,,,0.0774
EmissionActivityRatio,BAU,RD,DIST_FOI,,CO2e_sources,1,2044,,,,,,0.0774
EmissionActivityRatio,BAU,RD,DIST_FOI,,CO2e_sources,1,2045,,,,,,0.0774
EmissionActivityRatio,BAU,RD,DIST_FOI,,CO2e_sources,1,2046,,,,,,0.0774
EmissionActivityRatio,BAU,RD,DIST_FOI,,CO2e_sources,1,2047,,,,,,0.0774
EmissionActivityRatio,BAU,RD,DIST_FOI,,CO2e_sources,1,2048,,,,,,0.0774
EmissionActivityRatio,BAU,RD,DIST_FOI,,CO2e_sources,1,2049,,,,,,0.0774
EmissionActivityRatio,BAU,RD,DIST_FOI,,CO2e_sources,1,2050,,,,,,0.0774
EmissionActivityRatio,BAU,RD,DIST_GSL,,CO2e_sources,1,2018,,,,,,0.06955380000000001
EmissionActivityRatio,BAU,RD,DIST_GSL,,CO2e_sources,1,2019,,,,,,0.06955380000000001
EmissionActivityRatio,BAU,RD,DIST_GSL,,CO2e_sources,1,2020,,,,,,0.06955380000000001
EmissionActivityRatio,BAU,RD,DIST_GSL,,CO2e_sources,1,2021,,,,,,0.06955380000000001
EmissionActivityRatio,BAU,RD,DIST_GSL,,CO2e_sources,1,2022,,,,,,0.06955380000000001
EmissionActivityRatio,BAU,RD,DIST_GSL,,CO2e_sources,1,2023,,,,,,0.06955380000000001
EmissionActivityRatio,BAU,RD,DIST_GSL,,CO2e_sources,1,2024,,,,,,0.06955380000000001
EmissionActivityRatio,BAU,RD,DIST_GSL,,CO2e_sources,1,2025,,,,,,0.06955380000000001
EmissionActivityRatio,BAU,RD,DIST_GSL,,CO2e_sources,1,2026,,,,,,0.06955380000000001
EmissionActivityRatio,BAU,RD,DIST_GSL,,CO2e_sources,1,2027,,,,,,0.06955380000000001
EmissionActivityRatio,BAU,RD,DIST_GSL,,CO2e_sources,1,2028,,,,,,0.06955380000000001
EmissionActivityRatio,BAU,RD,DIST_GSL,,CO2e_sources,1,2029,,,,,,0.06955380000000001
EmissionActivityRatio,BAU,RD,DIST_GSL,,CO2e_sources,1,2030,,,,,,0.06955380000000001
EmissionActivityRatio,BAU,RD,DIST_GSL,,CO2e_sources,1,2031,,,,,,0.06955380000000001
EmissionActivityRatio,BAU,RD,DIST_GSL,,CO2e_sources,1,2032,,,,,,0.06955380000000001
EmissionActivityRatio,BAU,RD,DIST_GSL,,CO2e_sources,1,2033,,,,,,0.06955380000000001
EmissionActivityRatio,BAU,RD,DIST_GSL,,CO2e_sources,1,2034,,,,,,0.06955380000000001
EmissionActivityRatio,BAU,RD,DIST_GSL,,CO2e_sources,1,2035,,,,,,0.06955380000000001
EmissionActivityRatio,BAU,RD,DIST_GSL,,CO2e_sources,1,2036,,,,,,0.06955380000000001
EmissionActivityRatio,BAU,RD,DIST_GSL,,CO2e_sources,1,2037,,,,,,0.06955380000000001
EmissionActivityRatio,BAU,RD,DIST_GSL,,CO2e_sources,1,2038,,,,,,0.06955380000000001
EmissionActivityRatio,BAU,RD,DIST_GSL,,CO2e_sources,1,2039,,,,,,0.06955380000000001
EmissionActivityRatio,BAU,RD,DIST_GSL,,CO2e_sources,1,2040,,,,,,0.06955380000000001
EmissionActivityRatio,BAU,RD,DIST_GSL,,CO2e_sources,1,2041,,,,,,0.06955380000000001
EmissionActivityRatio,BAU,RD,DIST_GSL,,CO2e_sources,1,2042,,,,,,0.06955380000000001
EmissionActivityRatio,BAU,RD,DIST_GSL,,CO2e_sources,1,2043,,,,,,0.06955380000000001
EmissionActivityRatio,BAU,RD,DIST_GSL,,CO2e_sources,1,2044,,,,,,0.06955380000000001
EmissionActivityRatio,BAU,RD,DIST_GSL,,CO2e_sources,1,2045,,,,,,0.06955380000000001
EmissionActivityRatio,BAU,RD,DIST_GSL,,CO2e_sources,1,2046,,,,,,0.06955380000000001
EmissionActivityRatio,BAU,RD,DIST_GSL,,CO2e_sources,1,2047,,,,,,0.06955380000000001
EmissionActivityRatio,BAU,RD,DIST_GSL,,CO2e_sources,1,2048,,,,,,0.06955380000000001
EmissionActivityRatio,BAU,RD,DIST_GSL,,CO2e_sources,1,2049,,,,,,0.06955380000000001
EmissionActivityRatio,BAU,RD,DIST_GSL,,CO2e_sources,1,2050,,,,,,0.06955380000000001
EmissionActivityRatio,BAU,RD,DIST_LPG,,CO2e_sources,1,2018,,,,,,0.0631
EmissionActivityRatio,BAU,RD,DIST_LPG,,CO2e_sources,1,2019,,,,,,0.0631
EmissionActivityRatio,BAU,RD,DIST_LPG,,CO2e_sources,1,2020,,,,,,0.0631
EmissionActivityRatio,BAU,RD,DIST_LPG,,CO2e_sources,1,2021,,,,,,0.0631
EmissionActivityRatio,BAU,RD,DIST_LPG,,CO2e_sources,1,2022,,,,,,0.0631
EmissionActivityRatio,BAU,RD,DIST_LPG,,CO2e_sources,1,2023,,,,,,0.0631
EmissionActivityRatio,BAU,RD,DIST_LPG,,CO2e_sources,1,2024,,,,,,0.0631
EmissionActivityRatio,BAU,RD,DIST_LPG,,CO2e_sources,1,2025,,,,,,0.0631
EmissionActivityRatio,BAU,RD,DIST_LPG,,CO2e_sources,1,2026,,,,,,0.0631
EmissionActivityRatio,BAU,RD,DIST_LPG,,CO2e_sources,1,2027,,,,,,0.0631
EmissionActivityRatio,BAU,RD,DIST_LPG,,CO2e_sources,1,2028,,,,,,0.0631
EmissionActivityRatio,BAU,RD,DIST_LPG,,CO2e_sources,1,2029,,,,,,0.0631
EmissionActivityRatio,BAU,RD,DIST_LPG,,CO2e_sources,1,2030,,,,,,0.0631
EmissionActivityRatio,BAU,RD,DIST_LPG,,CO2e_sources,1,2031,,,,,,0.0631
EmissionActivityRatio,BAU,RD,DIST_LPG,,CO2e_sources,1,2032,,,,,,0.0631
EmissionActivityRatio,BAU,RD,DIST_LPG,,CO2e_sources,1,2033,,,,,,0.0631
EmissionActivityRatio,BAU,RD,DIST_LPG,,CO2e_sources,1,2034,,,,,,0.0631
EmissionActivityRatio,BAU,RD,DIST_LPG,,CO2e_sources,1,2035,,,,,,0.0631
EmissionActivityRatio,BAU,RD,DIST_LPG,,CO2e_sources,1,2036,,,,,,0.0631
EmissionActivityRatio,BAU,RD,DIST_LPG,,CO2e_sources,1,2037,,,,,,0.0631
EmissionActivityRatio,BAU,RD,DIST_LPG,,CO2e_sources,1,2038,,,,,,0.0631
EmissionActivityRatio,BAU,RD,DIST_LPG,,CO2e_sources,1,2039,,,,,,0.0631
EmissionActivityRatio,BAU,RD,DIST_LPG,,CO2e_sources,1,2040,,,,,,0.0631
EmissionActivityRatio,BAU,RD,DIST_LPG,,CO2e_sources,1,2041,,,,,,0.0631
EmissionActivityRatio,BAU,RD,DIST_LPG,,CO2e_sources,1,2042,,,,,,0.0631
EmissionActivityRatio,BAU,RD,DIST_LPG,,CO2e_sources,1,2043,,,,,,0.0631
EmissionActivityRatio,BAU,RD,DIST_LPG,,CO2e_sources,1,2044,,,,,,0.0631
EmissionActivityRatio,BAU,RD,DIST_LPG,,CO2e_sources,1,2045,,,,,,0.0631
EmissionActivityRatio,BAU,RD,DIST_LPG,,CO2e_sources,1,2046,,,,,,0.0631
EmissionActivityRatio,BAU,RD,DIST_LPG,,CO2e_sources,1,2047,,,,,,0.0631
EmissionActivityRatio,BAU,RD,DIST_LPG,,CO2e_sources,1,2048,,,,,,0.0631
EmissionActivityRatio,BAU,RD,DIST_LPG,,CO2e_sources,1,2049,,,,,,0.0631
EmissionActivityRatio,BAU,RD,DIST_LPG,,CO2e_sources,1,2050,,,,,,0.0631
EmissionActivityRatio,BAU,RD,DIST_COK,,CO2e_sources,1,2018,,,,,,0.0975
EmissionActivityRatio,BAU,RD,DIST_COK,,CO2e_sources,1,2019,,,,,,0.0975
EmissionActivityRatio,BAU,RD,DIST_COK,,CO2e_sources,1,2020,,,,,,0.0975
EmissionActivityRatio,BAU,RD,DIST_COK,,CO2e_sources,1,2021,,,,,,0.0975
EmissionActivityRatio,BAU,RD,DIST_COK,,CO2e_sources,1,2022,,,,,,0.0975
EmissionActivityRatio,BAU,RD,DIST_COK,,CO2e_sources,1,2023,,,,,,0.0975
EmissionActivityRatio,BAU,RD,DIST_COK,,CO2e_sources,1,2024,,,,,,0.0975
EmissionActivityRatio,BAU,RD,DIST_COK,,CO2e_sources,1,2025,,,,,,0.0975
EmissionActivityRatio,BAU,RD,DIST_COK,,CO2e_sources,1,2026,,,,,,0.0975
EmissionActivityRatio,BAU,RD,DIST_COK,,CO2e_sources,1,2027,,,,,,0.0975
EmissionActivityRatio,BAU,RD,DIST_COK,,CO2e_sources,1,2028,,,,,,0.0975
EmissionActivityRatio,BAU,RD,DIST_COK,,CO2e_sources,1,2029,,,,,,0.0975
EmissionActivityRatio,BAU,RD,DIST_COK,,CO2e_sources,1,2030,,,,,,0.0975
EmissionActivityRatio,BAU,RD,DIST_COK,,CO2e_sources,1,2031,,,,,,0.0975
EmissionActivityRatio,BAU,RD,DIST_COK,,CO2e_sources,1,2032,,,,,,0.0975
EmissionActivityRatio,BAU,RD,DIST_COK,,CO2e_sources,1,2033,,,,,,0.0975
EmissionActivityRatio,BAU,RD,DIST_COK,,CO2e_sources,1,2034,,,,,,0.0975
EmissionActivityRatio,BAU,RD,DIST_COK,,CO2e_sources,1,2035,,,,,,0.0975
EmissionActivityRatio,BAU,RD,DIST_COK,,CO2e_sources,1,2036,,,,,,0.0975
EmissionActivityRatio,BAU,RD,DIST_COK,,CO2e_sources,1,2037,,,,,,0.0975
EmissionActivityRatio,BAU,RD,DIST_COK,,CO2e_sources,1,2038,,,,,,0.0975
EmissionActivityRatio,BAU,RD,DIST_COK,,CO2e_sources,1,2039,,,,,,0.0975
EmissionActivityRatio,BAU,RD,DIST_COK,,CO2e_sources,1,2040,,,,,,0.0975
EmissionActivityRatio,BAU,RD,DIST_COK,,CO2e_sources,1,2041,,,,,,0.0975
EmissionActivityRatio,BAU,RD,DIST_COK,,CO2e_sources,1,2042,,,,,,0.0975
EmissionActivityRatio,BAU,RD,DIST_COK,,CO2e_sources,1,2043,,,,,,0.0975
EmissionActivityRatio,BAU,RD,DIST_COK,,CO2e_sources,1,2044,,,,,,0.0975
EmissionActivityRatio,BAU,RD,DIST_COK,,CO2e_sources,1,2045,,,,,,0.0975
EmissionActivityRatio,BAU,RD,DIST_COK,,CO2e_sources,1,2046,,,,,,0.0975
EmissionActivityRatio,BAU,RD,DIST_COK,,CO2e_sources,1,2047,,,,,,0.0975
EmissionActivityRatio,BAU,RD,DIST_COK,,CO2e_sources,1,2048,,,,,,0.0975
EmissionActivityRatio,BAU,RD,DIST_COK,,CO2e_sources,1,2049,,,,,,0.0975
EmissionActivityRatio,BAU,RD,DIST_COK,,CO2e_sources,1,2050,,,,,,0.0975
EmissionActivityRatio,BAU,RD,DIST_KER,,CO2e_sources,1,2018,,,,,,0.0719
EmissionActivityRatio,BAU,RD,DIST_KER,,CO2e_sources,1,2019,,,,,,0.0719
EmissionActivityRatio,BAU,RD,DIST_KER,,CO2e_sources,1,2020,,,,,,0.0719
EmissionActivityRatio,BAU,RD,DIST_KER,,CO2e_sources,1,2021,,,,,,0.0719
EmissionActivityRatio,BAU,RD,DIST_KER,,CO2e_sources,1,2022,,,,,,0.0719
EmissionActivityRatio,BAU,RD,DIST_KER,,CO2e_sources,1,2023,,,,,,0.0719
EmissionActivityRatio,BAU,RD,DIST_KER,,CO2e_sources,1,2024,,,,,,0.0719
EmissionActivityRatio,BAU,RD,DIST_KER,,CO2e_sources,1,2025,,,,,,0.0719
EmissionActivityRatio,BAU,RD,DIST_KER,,CO2e_sources,1,2026,,,,,,0.0719
EmissionActivityRatio,BAU,RD,DIST_KER,,CO2e_sources,1,2027,,,,,,0.0719
EmissionActivityRatio,BAU,RD,DIST_KER,,CO2e_sources,1,2028,,,,,,0.0719
EmissionActivityRatio,BAU,RD,DIST_KER,,CO2e_sources,1,2029,,,,,,0.0719
EmissionActivityRatio,BAU,RD,DIST_KER,,CO2e_sources,1,2030,,,,,,0.0719
EmissionActivityRatio,BAU,RD,DIST_KER,,CO2e_sources,1,2031,,,,,,0.0719
EmissionActivityRatio,BAU,RD,DIST_KER,,CO2e_sources,1,2032,,,,,,0.0719
EmissionActivityRatio,BAU,RD,DIST_KER,,CO2e_sources,1,2033,,,,,,0.0719
EmissionActivityRatio,BAU,RD,DIST_KER,,CO2e_sources,1,2034,,,,,,0.0719
EmissionActivityRatio,BAU,RD,DIST_KER,,CO2e_sources,1,2035,,,,,,0.0719
EmissionActivityRatio,BAU,RD,DIST_KER,,CO2e_sources,1,2036,,,,,,0.0719
EmissionActivityRatio,BAU,RD,DIST_KER,,CO2e_sources,1,2037,,,,,,0.0719
EmissionActivityRatio,BAU,RD,DIST_KER,,CO2e_sources,1,2038,,,,,,0.0719
EmissionActivityRatio,BAU,RD,DIST_KER,,CO2e_sources,1,2039,,,,,,0.0719
EmissionActivityRatio,BAU,RD,DIST_KER,,CO2e_sources,1,2040,,,,,,0.0719
EmissionActivityRatio,BAU,RD,DIST_KER,,CO2e_sources,1,2041,,,,,,0.0719
EmissionActivityRatio,BAU,RD,DIST_KER,,CO2e_sources,1,2042,,,,,,0.0719
EmissionActivityRatio,BAU,RD,DIST_KER,,CO2e_sources,1,2043,,,,,,0.0719
EmissionActivityRatio,BAU,RD,DIST_KER,,CO2e_sources,1,2044,,,,,,0.0719
EmissionActivityRatio,BAU,RD,DIST_KER,,CO2e_sources,1,2045,,,,,,0.0719
EmissionActivityRatio,BAU,RD,DIST_KER,,CO2e_sources,1,2046,,,,,,0.0719
EmissionActivityRatio,BAU,RD,DIST_KER,,CO2e_sources,1,2047,,,,,,0.0719
EmissionActivityRatio,BAU,RD,DIST_KER,,CO2e_sources,1,2048,,,,,,0.0719
EmissionActivityRatio,BAU,RD,DIST_KER,,CO2e_sources,1,2049,,,,,,0.0719
EmissionActivityRatio,BAU,RD,DIST_KER,,CO2e_sources,1,2050,,,,,,0.0719
EmissionActivityRatio,BAU,RD,DIST_NGS,,CO2e_sources,1,2018,,,,,,0.0561
EmissionActivityRatio,BAU,RD,DIST_NGS,,CO2e_sources,1,2019,,,,,,0.0561
EmissionActivityRatio,BAU,RD,DIST_NGS,,CO2e_sources,1,2020,,,,,,0.0561
EmissionActivityRatio,BAU,RD,DIST_NGS,,CO2e_sources,1,2021,,,,,,0.0561
EmissionActivityRatio,BAU,RD,DIST_NGS,,CO2e_sources,1,2022,,,,,,0.0561
EmissionActivityRatio,BAU,RD,DIST_NGS,,CO2e_sources,1,2023,,,,,,0.0561
EmissionActivityRatio,BAU,RD,DIST_NGS,,CO2e_sources,1,2024,,,,,,0.0561
EmissionActivityRatio,BAU,RD,DIST_NGS,,CO2e_sources,1,2025,,,,,,0.0561
EmissionActivityRatio,BAU,RD,DIST_NGS,,CO2e_sources,1,2026,,,,,,0.0561
EmissionActivityRatio,BAU,RD,DIST_NGS,,CO2e_sources,1,2027,,,,,,0.0561
EmissionActivityRatio,BAU,RD,DIST_NGS,,CO2e_sources,1,2028,,,,,,0.0561
EmissionActivityRatio,BAU,RD,DIST_NGS,,CO2e_sources,1,2029,,,,,,0.0561
EmissionActivityRatio,BAU,RD,DIST_NGS,,CO2e_sources,1,2030,,,,,,0.0561
EmissionActivityRatio,BAU,RD,DIST_NGS,,CO2e_sources,1,2031,,,,,,0.0561
EmissionActivityRatio,BAU,RD,DIST_NGS,,CO2e_sources,1,2032,,,,,,0.0561
EmissionActivityRatio,BAU,RD,DIST_NGS,,CO2e_sources,1,2033,,,,,,0.0561
EmissionActivityRatio,BAU,RD,DIST_NGS,,CO2e_sources,1,2034,,,,,,0.0561
EmissionActivityRatio,BAU,RD,DIST_NGS,,CO2e_sources,1,2035,,,,,,0.0561
EmissionActivityRatio,BAU,RD,DIST_NGS,,CO2e_sources,1,2036,,,,,,0.0561
EmissionActivityRatio,BAU,RD,DIST_NGS,,CO2e_sources,1,2037,,,,,,0.0561
EmissionActivityRatio,BAU,RD,DIST_NGS,,CO2e_sources,1,2038,,,,,,0.0561
EmissionActivityRatio,BAU,RD,DIST_NGS,,CO2e_sources,1,2039,,,,,,0.0561
EmissionActivityRatio,BAU,RD,DIST_NGS,,CO2e_sources,1,2040,,,,,,0.0561
EmissionActivityRatio,BAU,RD,DIST_NGS,,CO2e_sources,1,2041,,,,,,0.0561
EmissionActivityRatio,BAU,RD,DIST_NGS,,CO2e_sources,1,2042,,,,,,0.0561
EmissionActivityRatio,BAU,RD,DIST_NGS,,CO2e_sources,1,2043,,,,,,0.0561
EmissionActivityRatio,BAU,RD,DIST_NGS,,CO2e_sources,1,2044,,,,,,0.0561
EmissionActivityRatio,BAU,RD,DIST_NGS,,CO2e_sources,1,2045,,,,,,0.0561
EmissionActivityRatio,BAU,RD,DIST_NGS,,CO2e_sources,1,2046,,,,,,0.0561
EmissionActivityRatio,BAU,RD,DIST_NGS,,CO2e_sources,1,2047,,,,,,0.0561
EmissionActivityRatio,BAU,RD,DIST_NGS,,CO2e_sources,1,2048,,,,,,0.0561
EmissionActivityRatio,BAU,RD,DIST_NGS,,CO2e_sources,1,2049,,,,,,0.0561
EmissionActivityRatio,BAU,RD,DIST_NGS,,CO2e_sources,1,2050,,,,,,0.0561
EmissionActivityRatio,BAU,RD,DIST_COA,,CO2e_sources,1,2018,,,,,,0.0946
EmissionActivityRatio,BAU,RD,DIST_COA,,CO2e_sources,1,2019,,,,,,0.0946
EmissionActivityRatio,BAU,RD,DIST_COA,,CO2e_sources,1,2020,,,,,,0.0946
EmissionActivityRatio,BAU,RD,DIST_COA,,CO2e_sources,1,2021,,,,,,0.0946
EmissionActivityRatio,BAU,RD,DIST_COA,,CO2e_sources,1,2022,,,,,,0.0946
EmissionActivityRatio,BAU,RD,DIST_COA,,CO2e_sources,1,2023,,,,,,0.0946
EmissionActivityRatio,BAU,RD,DIST_COA,,CO2e_sources,1,2024,,,,,,0.0946
EmissionActivityRatio,BAU,RD,DIST_COA,,CO2e_sources,1,2025,,,,,,0.0946
EmissionActivityRatio,BAU,RD,DIST_COA,,CO2e_sources,1,2026,,,,,,0.0946
EmissionActivityRatio,BAU,RD,DIST_COA,,CO2e_sources,1,2027,,,,,,0.0946
EmissionActivityRatio,BAU,RD,DIST_COA,,CO2e_sources,1,2028,,,,,,0.0946
EmissionActivityRatio,BAU,RD,DIST_COA,,CO2e_sources,1,2029,,,,,,0.0946
EmissionActivityRatio,BAU,RD,DIST_COA,,CO2e_sources,1,2030,,,,,,0.0946
EmissionActivityRatio,BAU,RD,DIST_COA,,CO2e_sources,1,2031,,,,,,0.0946
EmissionActivityRatio,BAU,RD,DIST_COA,,CO2e_sources,1,2032,,,,,,0.0946
EmissionActivityRatio,BAU,RD,DIST_COA,,CO2e_sources,1,2033,,,,,,0.0946
EmissionActivityRatio,BAU,RD,DIST_COA,,CO2e_sources,1,2034,,,,,,0.0946
EmissionActivityRatio,BAU,RD,DIST_COA,,CO2e_sources,1,2035,,,,,,0.0946
EmissionActivityRatio,BAU,RD,DIST_COA,,CO2e_sources,1,2036,,,,,,0.0946
EmissionActivityRatio,BAU,RD,DIST_COA,,CO2e_sources,1,2037,,,,,,0.0946
EmissionActivityRatio,BAU,RD,DIST_COA,,CO2e_sources,1,2038,,,,,,0.0946
EmissionActivityRatio,BAU,RD,DIST_COA,,CO2e_sources,1,2039,,,,,,0.0946
EmissionActivityRatio,BAU,RD,DIST_COA,,CO2e_sources,1,2040,,,,,,0.0946
EmissionActivityRatio,BAU,RD,DIST_COA,,CO2e_sources,1,2041,,,,,,0.0946
EmissionActivityRatio,BAU,RD,DIST_COA,,CO2e_sources,1,2042,,,,,,0.0946
EmissionActivityRatio,BAU,RD,DIST_COA,,CO2e_sources,1,2043,,,,,,0.0946
EmissionActivityRatio,BAU,RD,DIST_COA,,CO2e_sources,1,2044,,,,,,0.0946
EmissionActivityRatio,BAU,RD,DIST_COA,,CO2e_sources,1,2045,,,,,,0.0946
EmissionActivityRatio,BAU,RD,DIST_COA,,CO2e_sources,1,2046,,,,,,0.0946
EmissionActivityRatio,BAU,RD,DIST_COA,,CO2e_sources,1,2047,,,,,,0.0946
EmissionActivityRatio,BAU,RD,DIST_COA,,CO2e_sources,1,2048,,,,,,0.0946
EmissionActivityRatio,BAU,RD,DIST_COA,,CO2e_sources,1,2049,,,,,,0.0946
EmissionActivityRatio,BAU,RD,DIST_COA,,CO2e_sources,1,2050,,,,,,0.0946
EmissionActivityRatio,BAU,RD,PPBIM,,CO2e_PP,1,2018,,,,,,0.0
EmissionActivityRatio,BAU,RD,PPBIM,,CO2e_PP,1,2019,,,,,,0.0
EmissionActivityRatio,BAU,RD,PPBIM,,CO2e_PP,1,2020,,,,,,0.0
EmissionActivityRatio,BAU,RD,PPBIM,,CO2e_PP,1,2021,,,,,,0.0
EmissionActivityRatio,BAU,RD,PPBIM,,CO2e_PP,1,2022,,,,,,0.0
EmissionActivityRatio,BAU,RD,PPBIM,,CO2e_PP,1,2023,,,,,,0.0
EmissionActivityRatio,BAU,RD,PPBIM,,CO2e_PP,1,2024,,,,,,0.0
EmissionActivityRatio,BAU,RD,PPBIM,,CO2e_PP,1,2025,,,,,,0.0
EmissionActivityRatio,BAU,RD,PPBIM,,CO2e_PP,1,2026,,,,,,0.0
EmissionActivityRatio,BAU,RD,PPBIM,,CO2e_PP,1,2027,,,,,,0.0
EmissionActivityRatio,BAU,RD,PPBIM,,CO2e_PP,1,2028,,,,,,0.0
EmissionActivityRatio,BAU,RD,PPBIM,,CO2e_PP,1,2029,,,,,,0.0
EmissionActivityRatio,BAU,RD,PPBIM,,CO2e_PP,1,2030,,,,,,0.0
EmissionActivityRatio,BAU,RD,PPBIM,,CO2e_PP,1,2031,,,,,,0.0
EmissionActivityRatio,BAU,RD,PPBIM,,CO2e_PP,1,2032,,,,,,0.0
EmissionActivityRatio,BAU,RD,PPBIM,,CO2e_PP,1,2033,,,,,,0.0
EmissionActivityRatio,BAU,RD,PPBIM,,CO2e_PP,1,2034,,,,,,0.0
EmissionActivityRatio,BAU,RD,PPBIM,,CO2e_PP,1,2035,,,,,,0.0
EmissionActivityRatio,BAU,RD,PPBIM,,CO2e_PP,1,2036,,,,,,0.0
EmissionActivityRatio,BAU,RD,PPBIM,,CO2e_PP,1,2037,,,,,,0.0
EmissionActivityRatio,BAU,RD,PPBIM,,CO2e_PP,1,2038,,,,,,0.0
EmissionActivityRatio,BAU,RD,PPBIM,,CO2e_PP,1,2039,,,,,,0.0
EmissionActivityRatio,BAU,RD,PPBIM,,CO2e_PP,1,2040,,,,,,0.0
EmissionActivityRatio,BAU,RD,PPBIM,,CO2e_PP,1,2041,,,,,,0.0
EmissionActivityRatio,BAU,RD,PPBIM,,CO2e_PP,1,2042,,,,,,0.0
EmissionActivityRatio,BAU,RD,PPBIM,,CO2e_PP,1,2043,,,,,,0.0
EmissionActivityRatio,BAU,RD,PPBIM,,CO2e_PP,1,2044,,,,,,0.0
EmissionActivityRatio,BAU,RD,PPBIM,,CO2e_PP,1,2045,,,,,,0.0
EmissionActivityRatio,BAU,RD,PPBIM,,CO2e_PP,1,2046,,,,,,0.0
EmissionActivityRatio,BAU,RD,PPBIM,,CO2e_PP,1,2047,,,,,,0.0
EmissionActivityRatio,BAU,RD,PPBIM,,CO2e_PP,1,2048,,,,,,0.0
EmissionActivityRatio,BAU,RD,PPBIM,,CO2e_PP,1,2049,,,,,,0.0
EmissionActivityRatio,BAU,RD,PPBIM,,CO2e_PP,1,2050,,,,,,0.0
EmissionActivityRatio,BAU,RD,PPBGS,,CO2e_PP,1,2018,,,,,,0.0
EmissionActivityRatio,BAU,RD,PPBGS,,CO2e_PP,1,2019,,,,,,0.0
EmissionActivityRatio,BAU,RD,PPBGS,,CO2e_PP,1,2020,,,,,,0.0
EmissionActivityRatio,BAU,RD,PPBGS,,CO2e_PP,1,2021,,,,,,0.0
EmissionActivityRatio,BAU,RD,PPBGS,,CO2e_PP,1,2022,,,,,,0.0
EmissionActivityRatio,BAU,RD,PPBGS,,CO2e_PP,1,2023,,,,,,0.0
EmissionActivityRatio,BAU,RD,PPBGS,,CO2e_PP,1,2024,,,,,,0.0
EmissionActivityRatio,BAU,RD,PPBGS,,CO2e_PP,1,2025,,,,,,0.0
EmissionActivityRatio,BAU,RD,PPBGS,,CO2e_PP,1,2026,,,,,,0.0
EmissionActivityRatio,BAU,RD,PPBGS,,CO2e_PP,1,2027,,,,,,0.0
EmissionActivityRatio,BAU,RD,PPBGS,,CO2e_PP,1,2028,,,,,,0.0
EmissionActivityRatio,BAU,RD,PPBGS,,CO2e_PP,1,2029,,,,,,0.0
EmissionActivityRatio,BAU,RD,PPBGS,,CO2e_PP,1,2030,,,,,,0.0
EmissionActivityRatio,BAU,RD,PPBGS,,CO2e_PP,1,2031,,,,,,0.0
EmissionActivityRatio,BAU,RD,PPBGS,,CO2e_PP,1,2032,,,,,,0.0
EmissionActivityRatio,BAU,RD,PPBGS,,CO2e_PP,1,2033,,,,,,0.0
EmissionActivityRatio,BAU,RD,PPBGS,,CO2e_PP,1,2034,,,,,,0.0
EmissionActivityRatio,BAU,RD,PPBGS,,CO2e_PP,1,2035,,,,,,0.0
EmissionActivityRatio,BAU,RD,PPBGS,,CO2e_PP,1,2036,,,,,,0.0
EmissionActivityRatio,BAU,RD,PPBGS,,CO2e_PP,1,2037,,,,,,0.0
EmissionActivityRatio,BAU,RD,PPBGS,,CO2e_PP,1,2038,,,,,,0.0
EmissionActivityRatio,BAU,RD,PPBGS,,CO2e_PP,1,2039,,,,,,0.0
EmissionActivityRatio,BAU,RD,PPBGS,,CO2e_PP,1,2040,,,,,,0.0
EmissionActivityRatio,BAU,RD,PPBGS,,CO2e_PP,1,2041,,,,,,0.0
EmissionActivityRatio,BAU,RD,PPBGS,,CO2e_PP,1,2042,,,,,,0.0
EmissionActivityRatio,BAU,RD,PPBGS,,CO2e_PP,1,2043,,,,,,0.0
EmissionActivityRatio,BAU,RD,PPBGS,,CO2e_PP,1,2044,,,,,,0.0
EmissionActivityRatio,BAU,RD,PPBGS,,CO2e_PP,1,2045,,,,,,0.0
EmissionActivityRatio,BAU,RD,PPBGS,,CO2e_PP,1,2046,,,,,,0.0
EmissionActivityRatio,BAU,RD,PPBGS,,CO2e_PP,1,2047,,,,,,0.0
EmissionActivityRatio,BAU,RD,PPBGS,,CO2e_PP,1,2048,,,,,,0.0
EmissionActivityRatio,BAU,RD,PPBGS,,CO2e_PP,1,2049,,,,,,0.0
EmissionActivityRatio,BAU,RD,PPBGS,,CO2e_PP,1,2050,,,,,,0.0
EmissionActivityRatio,BAU,RD,PPCOA,,CO2e_PP,1,2018,,,,,,0.36867512
EmissionActivityRatio,BAU,RD,PPCOA,,CO2e_PP,1,2019,,,,,,0.36867512
EmissionActivityRatio,BAU,RD,PPCOA,,CO2e_PP,1,2020,,,,,,0.36867512
EmissionActivityRatio,BAU,RD,PPCOA,,CO2e_PP,1,2021,,,,,,0.36867512
EmissionActivityRatio,BAU,RD,PPCOA,,CO2e_PP,1,2022,,,,,,0.36867512
EmissionActivityRatio,BAU,RD,PPCOA,,CO2e_PP,1,2023,,,,,,0.36867512
EmissionActivityRatio,BAU,RD,PPCOA,,CO2e_PP,1,2024,,,,,,0.36867512
EmissionActivityRatio,BAU,RD,PPCOA,,CO2e_PP,1,2025,,,,,,0.36867512
EmissionActivityRatio,BAU,RD,PPCOA,,CO2e_PP,1,2026,,,,,,0.36867512
EmissionActivityRatio,BAU,RD,PPCOA,,CO2e_PP,1,2027,,,,,,0.36867512
EmissionActivityRatio,BAU,RD,PPCOA,,CO2e_PP,1,2028,,,,,,0.36867512
EmissionActivityRatio,BAU,RD,PPCOA,,CO2e_PP,1,2029,,,,,,0.36867512
EmissionActivityRatio,BAU,RD,PPCOA,,CO2e_PP,1,2030,,,,,,0.36867512
EmissionActivityRatio,BAU,RD,PPCOA,,CO2e_PP,1,2031,,,,,,0.36867512
EmissionActivityRatio,BAU,RD,PPCOA,,CO2e_PP,1,2032,,,,,,0.36867512
EmissionActivityRatio,BAU,RD,PPCOA,,CO2e_PP,1,2033,,,,,,0.36867512
EmissionActivityRatio,BAU,RD,PPCOA,,CO2e_PP,1,2034,,,,,,0.36867512
EmissionActivityRatio,BAU,RD,PPCOA,,CO2e_PP,1,2035,,,,,,0.36867512
EmissionActivityRatio,BAU,RD,PPCOA,,CO2e_PP,1,2036,,,,,,0.36867512
EmissionActivityRatio,BAU,RD,PPCOA,,CO2e_PP,1,2037,,,,,,0.36867512
EmissionActivityRatio,BAU,RD,PPCOA,,CO2e_PP,1,2038,,,,,,0.36867512
EmissionActivityRatio,BAU,RD,PPCOA,,CO2e_PP,1,2039,,,,,,0.36867512
EmissionActivityRatio,BAU,RD,PPCOA,,CO2e_PP,1,2040,,,,,,0.36867512
EmissionActivityRatio,BAU,RD,PPCOA,,CO2e_PP,1,2041,,,,,,0.36867512
EmissionActivityRatio,BAU,RD,PPCOA,,CO2e_PP,1,2042,,,,,,0.36867512
EmissionActivityRatio,BAU,RD,PPCOA,,CO2e_PP,1,2043,,,,,,0.36867512
EmissionActivityRatio,BAU,RD,PPCOA,,CO2e_PP,1,2044,,,,,,0.36867512
EmissionActivityRatio,BAU,RD,PPCOA,,CO2e_PP,1,2045,,,,,,0.36867512
EmissionActivityRatio,BAU,RD,PPCOA,,CO2e_PP,1,2046,,,,,,0.36867512
EmissionActivityRatio,BAU,RD,PPCOA,,CO2e_PP,1,2047,,,,,,0.36867512
EmissionActivityRatio,BAU,RD,PPCOA,,CO2e_PP,1,2048,,,,,,0.36867512
EmissionActivityRatio,BAU,RD,PPCOA,,CO2e_PP,1,2049,,,,,,0.36867512
EmissionActivityRatio,BAU,RD,PPCOA,,CO2e_PP,1,2050,,,,,,0.36867512
EmissionActivityRatio,BAU,RD,PPCCTDSL,,CO2e_PP,1,2018,,,,,,0.19551331710000006
EmissionActivityRatio,BAU,RD,PPCCTDSL,,CO2e_PP,1,2019,,,,,,0.19551331710000006
EmissionActivityRatio,BAU,RD,PPCCTDSL,,CO2e_PP,1,2020,,,,,,0.19551331710000006
EmissionActivityRatio,BAU,RD,PPCCTDSL,,CO2e_PP,1,2021,,,,,,0.19551331710000006
EmissionActivityRatio,BAU,RD,PPCCTDSL,,CO2e_PP,1,2022,,,,,,0.19551331710000006
EmissionActivityRatio,BAU,RD,PPCCTDSL,,CO2e_PP,1,2023,,,,,,0.19551331710000006
EmissionActivityRatio,BAU,RD,PPCCTDSL,,CO2e_PP,1,2024,,,,,,0.19551331710000006
EmissionActivityRatio,BAU,RD,PPCCTDSL,,CO2e_PP,1,2025,,,,,,0.19551331710000006
EmissionActivityRatio,BAU,RD,PPCCTDSL,,CO2e_PP,1,2026,,,,,,0.19551331710000006
EmissionActivityRatio,BAU,RD,PPCCTDSL,,CO2e_PP,1,2027,,,,,,0.19551331710000006
EmissionActivityRatio,BAU,RD,PPCCTDSL,,CO2e_PP,1,2028,,,,,,0.19551331710000006
EmissionActivityRatio,BAU,RD,PPCCTDSL,,CO2e_PP,1,2029,,,,,,0.19551331710000006
EmissionActivityRatio,BAU,RD,PPCCTDSL,,CO2e_PP,1,2030,,,,,,0.19551331710000006
EmissionActivityRatio,BAU,RD,PPCCTDSL,,CO2e_PP,1,2031,,,,,,0.19551331710000006
EmissionActivityRatio,BAU,RD,PPCCTDSL,,CO2e_PP,1,2032,,,,,,0.19551331710000006
EmissionActivityRatio,BAU,RD,PPCCTDSL,,CO2e_PP,1,2033,,,,,,0.19551331710000006
EmissionActivityRatio,BAU,RD,PPCCTDSL,,CO2e_PP,1,2034,,,,,,0.19551331710000006
EmissionActivityRatio,BAU,RD,PPCCTDSL,,CO2e_PP,1,2035,,,,,,0.19551331710000006
EmissionActivityRatio,BAU,RD,PPCCTDSL,,CO2e_PP,1,2036,,,,,,0.19551331710000006
EmissionActivityRatio,BAU,RD,PPCCTDSL,,CO2e_PP,1,2037,,,,,,0.19551331710000006
EmissionActivityRatio,BAU,RD,PPCCTDSL,,CO2e_PP,1,2038,,,,,,0.19551331710000006
EmissionActivityRatio,BAU,RD,PPCCTDSL,,CO2e_PP,1,2039,,,,,,0.19551331710000006
EmissionActivityRatio,BAU,RD,PPCCTDSL,,CO2e_PP,1,2040,,,,,,0.19551331710000006
EmissionActivityRatio,BAU,RD,PPCCTDSL,,CO2e_PP,1,2041,,,,,,0.19551331710000006
EmissionActivityRatio,BAU,RD,PPCCTDSL,,CO2e_PP,1,2042,,,,,,0.19551331710000006
EmissionActivityRatio,BAU,RD,PPCCTDSL,,CO2e_PP,1,2043,,,,,,0.19551331710000006
EmissionActivityRatio,BAU,RD,PPCCTDSL,,CO2e_PP,1,2044,,,,,,0.19551331710000006
EmissionActivityRatio,BAU,RD,PPCCTDSL,,CO2e_PP,1,2045,,,,,,0.19551331710000006
EmissionActivityRatio,BAU,RD,PPCCTDSL,,CO2e_PP,1,2046,,,,,,0.19551331710000006
EmissionActivityRatio,BAU,RD,PPCCTDSL,,CO2e_PP,1,2047,,,,,,0.19551331710000006
EmissionActivityRatio,BAU,RD,PPCCTDSL,,CO2e_PP,1,2048,,,,,,0.19551331710000006
EmissionActivityRatio,BAU,RD,PPCCTDSL,,CO2e_PP,1,2049,,,,,,0.19551331710000006
EmissionActivityRatio,BAU,RD,PPCCTDSL,,CO2e_PP,1,2050,,,,,,0.19551331710000006
EmissionActivityRatio,BAU,RD,PPCCTNGS,,CO2e_PP,1,2018,,,,,,0.13728231
EmissionActivityRatio,BAU,RD,PPCCTNGS,,CO2e_PP,1,2019,,,,,,0.13728231
EmissionActivityRatio,BAU,RD,PPCCTNGS,,CO2e_PP,1,2020,,,,,,0.13728231
EmissionActivityRatio,BAU,RD,PPCCTNGS,,CO2e_PP,1,2021,,,,,,0.13728231
EmissionActivityRatio,BAU,RD,PPCCTNGS,,CO2e_PP,1,2022,,,,,,0.13728231
EmissionActivityRatio,BAU,RD,PPCCTNGS,,CO2e_PP,1,2023,,,,,,0.13728231
EmissionActivityRatio,BAU,RD,PPCCTNGS,,CO2e_PP,1,2024,,,,,,0.13728231
EmissionActivityRatio,BAU,RD,PPCCTNGS,,CO2e_PP,1,2025,,,,,,0.13728231
EmissionActivityRatio,BAU,RD,PPCCTNGS,,CO2e_PP,1,2026,,,,,,0.13728231
EmissionActivityRatio,BAU,RD,PPCCTNGS,,CO2e_PP,1,2027,,,,,,0.13728231
EmissionActivityRatio,BAU,RD,PPCCTNGS,,CO2e_PP,1,2028,,,,,,0.13728231
EmissionActivityRatio,BAU,RD,PPCCTNGS,,CO2e_PP,1,2029,,,,,,0.13728231
EmissionActivityRatio,BAU,RD,PPCCTNGS,,CO2e_PP,1,2030,,,,,,0.13728231
EmissionActivityRatio,BAU,RD,PPCCTNGS,,CO2e_PP,1,2031,,,,,,0.13728231
EmissionActivityRatio,BAU,RD,PPCCTNGS,,CO2e_PP,1,2032,,,,,,0.13728231
EmissionActivityRatio,BAU,RD,PPCCTNGS,,CO2e_PP,1,2033,,,,,,0.13728231
EmissionActivityRatio,BAU,RD,PPCCTNGS,,CO2e_PP,1,2034,,,,,,0.13728231
EmissionActivityRatio,BAU,RD,PPCCTNGS,,CO2e_PP,1,2035,,,,,,0.13728231
EmissionActivityRatio,BAU,RD,PPCCTNGS,,CO2e_PP,1,2036,,,,,,0.13728231
EmissionActivityRatio,BAU,RD,PPCCTNGS,,CO2e_PP,1,2037,,,,,,0.13728231
EmissionActivityRatio,BAU,RD,PPCCTNGS,,CO2e_PP,1,2038,,,,,,0.13728231
EmissionActivityRatio,BAU,RD,PPCCTNGS,,CO2e_PP,1,2039,,,,,,0.13728231
EmissionActivityRatio,BAU,RD,PPCCTNGS,,CO2e_PP,1,2040,,,,,,0.13728231
EmissionActivityRatio,BAU,RD,PPCCTNGS,,CO2e_PP,1,2041,,,,,,0.13728231
EmissionActivityRatio,BAU,RD,PPCCTNGS,,CO2e_PP,1,2042,,,,,,0.13728231
EmissionActivityRatio,BAU,RD,PPCCTNGS,,CO2e_PP,1,2043,,,,,,0.13728231
EmissionActivityRatio,BAU,RD,PPCCTNGS,,CO2e_PP,1,2044,,,,,,0.13728231
EmissionActivityRatio,BAU,RD,PPCCTNGS,,CO2e_PP,1,2045,,,,,,0.13728231
EmissionActivityRatio,BAU,RD,PPCCTNGS,,CO2e_PP,1,2046,,,,,,0.13728231
EmissionActivityRatio,BAU,RD,PPCCTNGS,,CO2e_PP,1,2047,,,,,,0.13728231
EmissionActivityRatio,BAU,RD,PPCCTNGS,,CO2e_PP,1,2048,,,,,,0.13728231
EmissionActivityRatio,BAU,RD,PPCCTNGS,,CO2e_PP,1,2049,,,,,,0.13728231
EmissionActivityRatio,BAU,RD,PPCCTNGS,,CO2e_PP,1,2050,,,,,,0.13728231
EmissionActivityRatio,BAU,RD,PPCCTNGSDSL,,CO2e_PP,1,2018,,,,,,0.13728231
EmissionActivityRatio,BAU,RD,PPCCTNGSDSL,,CO2e_PP,1,2019,,,,,,0.13728231
EmissionActivityRatio,BAU,RD,PPCCTNGSDSL,,CO2e_PP,1,2020,,,,,,0.13728231
EmissionActivityRatio,BAU,RD,PPCCTNGSDSL,,CO2e_PP,1,2021,,,,,,0.13728231
EmissionActivityRatio,BAU,RD,PPCCTNGSDSL,,CO2e_PP,1,2022,,,,,,0.13728231
EmissionActivityRatio,BAU,RD,PPCCTNGSDSL,,CO2e_PP,1,2023,,,,,,0.13728231
EmissionActivityRatio,BAU,RD,PPCCTNGSDSL,,CO2e_PP,1,2024,,,,,,0.13728231
EmissionActivityRatio,BAU,RD,PPCCTNGSDSL,,CO2e_PP,1,2025,,,,,,0.13728231
EmissionActivityRatio,BAU,RD,PPCCTNGSDSL,,CO2e_PP,1,2026,,,,,,0.13728231
EmissionActivityRatio,BAU,RD,PPCCTNGSDSL,,CO2e_PP,1,2027,,,,,,0.13728231
EmissionActivityRatio,BAU,RD,PPCCTNGSDSL,,CO2e_PP,1,2028,,,,,,0.13728231
EmissionActivityRatio,BAU,RD,PPCCTNGSDSL,,CO2e_PP,1,2029,,,,,,0.13728231
EmissionActivityRatio,BAU,RD,PPCCTNGSDSL,,CO2e_PP,1,2030,,,,,,0.13728231
EmissionActivityRatio,BAU,RD,PPCCTNGSDSL,,CO2e_PP,1,2031,,,,,,0.13728231
EmissionActivityRatio,BAU,RD,PPCCTNGSDSL,,CO2e_PP,1,2032,,,,,,0.13728231
EmissionActivityRatio,BAU,RD,PPCCTNGSDSL,,CO2e_PP,1,2033,,,,,,0.13728231
EmissionActivityRatio,BAU,RD,PPCCTNGSDSL,,CO2e_PP,1,2034,,,,,,0.13728231
EmissionActivityRatio,BAU,RD,PPCCTNGSDSL,,CO2e_PP,1,2035,,,,,,0.13728231
EmissionActivityRatio,BAU,RD,PPCCTNGSDSL,,CO2e_PP,1,2036,,,,,,0.13728231
EmissionActivityRatio,BAU,RD,PPCCTNGSDSL,,CO2e_PP,1,2037,,,,,,0.13728231
EmissionActivityRatio,BAU,RD,PPCCTNGSDSL,,CO2e_PP,1,2038,,,,,,0.13728231
EmissionActivityRatio,BAU,RD,PPCCTNGSDSL,,CO2e_PP,1,2039,,,,,,0.13728231
EmissionActivityRatio,BAU,RD,PPCCTNGSDSL,,CO2e_PP,1,2040,,,,,,0.13728231
EmissionActivityRatio,BAU,RD,PPCCTNGSDSL,,CO2e_PP,1,2041,,,,,,0.13728231
EmissionActivityRatio,BAU,RD,PPCCTNGSDSL,,CO2e_PP,1,2042,,,,,,0.13728231
EmissionActivityRatio,BAU,RD,PPCCTNGSDSL,,CO2e_PP,1,2043,,,,,,0.13728231
EmissionActivityRatio,BAU,RD,PPCCTNGSDSL,,CO2e_PP,1,2044,,,,,,0.13728231
EmissionActivityRatio,BAU,RD,PPCCTNGSDSL,,CO2e_PP,1,2045,,,,,,0.13728231
EmissionActivityRatio,BAU,RD,PPCCTNGSDSL,,CO2e_PP,1,2046,,,,,,0.13728231
EmissionActivityRatio,BAU,RD,PPCCTNGSDSL,,CO2e_PP,1,2047,,,,,,0.13728231
EmissionActivityRatio,BAU,RD,PPCCTNGSDSL,,CO2e_PP,1,2048,,,,,,0.13728231
EmissionActivityRatio,BAU,RD,PPCCTNGSDSL,,CO2e_PP,1,2049,,,,,,0.13728231
EmissionActivityRatio,BAU,RD,PPCCTNGSDSL,,CO2e_PP,1,2050,,,,,,0.13728231
EmissionActivityRatio,BAU,RD,PPCCFOIDSL,,CO2e_PP,1,2018,,,,,,0.15614676
EmissionActivityRatio,BAU,RD,PPCCFOIDSL,,CO2e_PP,1,2019,,,,,,0.15614676
EmissionActivityRatio,BAU,RD,PPCCFOIDSL,,CO2e_PP,1,2020,,,,,,0.15614676
EmissionActivityRatio,BAU,RD,PPCCFOIDSL,,CO2e_PP,1,2021,,,,,,0.15614676
EmissionActivityRatio,BAU,RD,PPCCFOIDSL,,CO2e_PP,1,2022,,,,,,0.15614676
EmissionActivityRatio,BAU,RD,PPCCFOIDSL,,CO2e_PP,1,2023,,,,,,0.15614676
EmissionActivityRatio,BAU,RD,PPCCFOIDSL,,CO2e_PP,1,2024,,,,,,0.15614676
EmissionActivityRatio,BAU,RD,PPCCFOIDSL,,CO2e_PP,1,2025,,,,,,0.15614676
EmissionActivityRatio,BAU,RD,PPCCFOIDSL,,CO2e_PP,1,2026,,,,,,0.15614676
EmissionActivityRatio,BAU,RD,PPCCFOIDSL,,CO2e_PP,1,2027,,,,,,0.15614676
EmissionActivityRatio,BAU,RD,PPCCFOIDSL,,CO2e_PP,1,2028,,,,,,0.15614676
EmissionActivityRatio,BAU,RD,PPCCFOIDSL,,CO2e_PP,1,2029,,,,,,0.15614676
EmissionActivityRatio,BAU,RD,PPCCFOIDSL,,CO2e_PP,1,2030,,,,,,0.15614676
EmissionActivityRatio,BAU,RD,PPCCFOIDSL,,CO2e_PP,1,2031,,,,,,0.15614676
EmissionActivityRatio,BAU,RD,PPCCFOIDSL,,CO2e_PP,1,2032,,,,,,0.15614676
EmissionActivityRatio,BAU,RD,PPCCFOIDSL,,CO2e_PP,1,2033,,,,,,0.15614676
EmissionActivityRatio,BAU,RD,PPCCFOIDSL,,CO2e_PP,1,2034,,,,,,0.15614676
EmissionActivityRatio,BAU,RD,PPCCFOIDSL,,CO2e_PP,1,2035,,,,,,0.15614676
EmissionActivityRatio,BAU,RD,PPCCFOIDSL,,CO2e_PP,1,2036,,,,,,0.15614676
EmissionActivityRatio,BAU,RD,PPCCFOIDSL,,CO2e_PP,1,2037,,,,,,0.15614676
EmissionActivityRatio,BAU,RD,PPCCFOIDSL,,CO2e_PP,1,2038,,,,,,0.15614676
EmissionActivityRatio,BAU,RD,PPCCFOIDSL,,CO2e_PP,1,2039,,,,,,0.15614676
EmissionActivityRatio,BAU,RD,PPCCFOIDSL,,CO2e_PP,1,2040,,,,,,0.15614676
EmissionActivityRatio,BAU,RD,PPCCFOIDSL,,CO2e_PP,1,2041,,,,,,0.15614676
EmissionActivityRatio,BAU,RD,PPCCFOIDSL,,CO2e_PP,1,2042,,,,,,0.15614676
EmissionActivityRatio,BAU,RD,PPCCFOIDSL,,CO2e_PP,1,2043,,,,,,0.15614676
EmissionActivityRatio,BAU,RD,PPCCFOIDSL,,CO2e_PP,1,2044,,,,,,0.15614676
EmissionActivityRatio,BAU,RD,PPCCFOIDSL,,CO2e_PP,1,2045,,,,,,0.15614676
EmissionActivityRatio,BAU,RD,PPCCFOIDSL,,CO2e_PP,1,2046,,,,,,0.15614676
EmissionActivityRatio,BAU,RD,PPCCFOIDSL,,CO2e_PP,1,2047,,,,,,0.15614676
EmissionActivityRatio,BAU,RD,PPCCFOIDSL,,CO2e_PP,1,2048,,,,,,0.15614676
EmissionActivityRatio,BAU,RD,PPCCFOIDSL,,CO2e_PP,1,2049,,,,,,0.15614676
EmissionActivityRatio,BAU,RD,PPCCFOIDSL,,CO2e_PP,1,2050,,,,,,0.15614676
EmissionActivityRatio,BAU,RD,PPICEFOI,,CO2e_PP,1,2018,,,,,,0.15614676
EmissionActivityRatio,BAU,RD,PPICEFOI,,CO2e_PP,1,2019,,,,,,0.15614676
EmissionActivityRatio,BAU,RD,PPICEFOI,,CO2e_PP,1,2020,,,,,,0.15614676
EmissionActivityRatio,BAU,RD,PPICEFOI,,CO2e_PP,1,2021,,,,,,0.15614676
EmissionActivityRatio,BAU,RD,PPICEFOI,,CO2e_PP,1,2022,,,,,,0.15614676
EmissionActivityRatio,BAU,RD,PPICEFOI,,CO2e_PP,1,2023,,,,,,0.15614676
EmissionActivityRatio,BAU,RD,PPICEFOI,,CO2e_PP,1,2024,,,,,,0.15614676
EmissionActivityRatio,BAU,RD,PPICEFOI,,CO2e_PP,1,2025,,,,,,0.15614676
EmissionActivityRatio,BAU,RD,PPICEFOI,,CO2e_PP,1,2026,,,,,,0.15614676
EmissionActivityRatio,BAU,RD,PPICEFOI,,CO2e_PP,1,2027,,,,,,0.15614676
EmissionActivityRatio,BAU,RD,PPICEFOI,,CO2e_PP,1,2028,,,,,,0.15614676
EmissionActivityRatio,BAU,RD,PPICEFOI,,CO2e_PP,1,2029,,,,,,0.15614676
EmissionActivityRatio,BAU,RD,PPICEFOI,,CO2e_PP,1,2030,,,,,,0.15614676
EmissionActivityRatio,BAU,RD,PPICEFOI,,CO2e_PP,1,2031,,,,,,0.15614676
EmissionActivityRatio,BAU,RD,PPICEFOI,,CO2e_PP,1,2032,,,,,,0.15614676
EmissionActivityRatio,BAU,RD,PPICEFOI,,CO2e_PP,1,2033,,,,,,0.15614676
EmissionActivityRatio,BAU,RD,PPICEFOI,,CO2e_PP,1,2034,,,,,,0.15614676
EmissionActivityRatio,BAU,RD,PPICEFOI,,CO2e_PP,1,2035,,,,,,0.15614676
EmissionActivityRatio,BAU,RD,PPICEFOI,,CO2e_PP,1,2036,,,,,,0.15614676
EmissionActivityRatio,BAU,RD,PPICEFOI,,CO2e_PP,1,2037,,,,,,0.15614676
EmissionActivityRatio,BAU,RD,PPICEFOI,,CO2e_PP,1,2038,,,,,,0.15614676
EmissionActivityRatio,BAU,RD,PPICEFOI,,CO2e_PP,1,2039,,,,,,0.15614676
EmissionActivityRatio,BAU,RD,PPICEFOI,,CO2e_PP,1,2040,,,,,,0.15614676
EmissionActivityRatio,BAU,RD,PPICEFOI,,CO2e_PP,1,2041,,,,,,0.15614676
EmissionActivityRatio,BAU,RD,PPICEFOI,,CO2e_PP,1,2042,,,,,,0.15614676
EmissionActivityRatio,BAU,RD,PPICEFOI,,CO2e_PP,1,2043,,,,,,0.15614676
EmissionActivityRatio,BAU,RD,PPICEFOI,,CO2e_PP,1,2044,,,,,,0.15614676
EmissionActivityRatio,BAU,RD,PPICEFOI,,CO2e_PP,1,2045,,,,,,0.15614676
EmissionActivityRatio,BAU,RD,PPICEFOI,,CO2e_PP,1,2046,,,,,,0.15614676
EmissionActivityRatio,BAU,RD,PPICEFOI,,CO2e_PP,1,2047,,,,,,0.15614676
EmissionActivityRatio,BAU,RD,PPICEFOI,,CO2e_PP,1,2048,,,,,,0.15614676
EmissionActivityRatio,BAU,RD,PPICEFOI,,CO2e_PP,1,2049,,,,,,0.15614676
EmissionActivityRatio,BAU,RD,PPICEFOI,,CO2e_PP,1,2050,,,,,,0.15614676
EmissionActivityRatio,BAU,RD,PPICEGASFOI,,CO2e_PP,1,2018,,,,,,0.1561
EmissionActivityRatio,BAU,RD,PPICEGASFOI,,CO2e_PP,1,2019,,,,,,0.1561
EmissionActivityRatio,BAU,RD,PPICEGASFOI,,CO2e_PP,1,2020,,,,,,0.1373
EmissionActivityRatio,BAU,RD,PPICEGASFOI,,CO2e_PP,1,2021,,,,,,0.1373
EmissionActivityRatio,BAU,RD,PPICEGASFOI,,CO2e_PP,1,2022,,,,,,0.1373
EmissionActivityRatio,BAU,RD,PPICEGASFOI,,CO2e_PP,1,2023,,,,,,0.1373
EmissionActivityRatio,BAU,RD,PPICEGASFOI,,CO2e_PP,1,2024,,,,,,0.1373
EmissionActivityRatio,BAU,RD,PPICEGASFOI,,CO2e_PP,1,2025,,,,,,0.1373
EmissionActivityRatio,BAU,RD,PPICEGASFOI,,CO2e_PP,1,2026,,,,,,0.1373
EmissionActivityRatio,BAU,RD,PPICEGASFOI,,CO2e_PP,1,2027,,,,,,0.1373
EmissionActivityRatio,BAU,RD,PPICEGASFOI,,CO2e_PP,1,2028,,,,,,0.1373
EmissionActivityRatio,BAU,RD,PPICEGASFOI,,CO2e_PP,1,2029,,,,,,0.1373
EmissionActivityRatio,BAU,RD,PPICEGASFOI,,CO2e_PP,1,2030,,,,,,0.1373
EmissionActivityRatio,BAU,RD,PPICEGASFOI,,CO2e_PP,1,2031,,,,,,0.1373
EmissionActivityRatio,BAU,RD,PPICEGASFOI,,CO2e_PP,1,2032,,,,,,0.1373
EmissionActivityRatio,BAU,RD,PPICEGASFOI,,CO2e_PP,1,2033,,,,,,0.1373
EmissionActivityRatio,BAU,RD,PPICEGASFOI,,CO2e_PP,1,2034,,,,,,0.1373
EmissionActivityRatio,BAU,RD,PPICEGASFOI,,CO2e_PP,1,2035,,,,,,0.1373
EmissionActivityRatio,BAU,RD,PPICEGASFOI,,CO2e_PP,1,2036,,,,,,0.1373
EmissionActivityRatio,BAU,RD,PPICEGASFOI,,CO2e_PP,1,2037,,,,,,0.1373
EmissionActivityRatio,BAU,RD,PPICEGASFOI,,CO2e_PP,1,2038,,,,,,0.1373
EmissionActivityRatio,BAU,RD,PPICEGASFOI,,CO2e_PP,1,2039,,,,,,0.1373
EmissionActivityRatio,BAU,RD,PPICEGASFOI,,CO2e_PP,1,2040,,,,,,0.1373
EmissionActivityRatio,BAU,RD,PPICEGASFOI,,CO2e_PP,1,2041,,,,,,0.1373
EmissionActivityRatio,BAU,RD,PPICEGASFOI,,CO2e_PP,1,2042,,,,,,0.1373
EmissionActivityRatio,BAU,RD,PPICEGASFOI,,CO2e_PP,1,2043,,,,,,0.1373
EmissionActivityRatio,BAU,RD,PPICEGASFOI,,CO2e_PP,1,2044,,,,,,0.1373
EmissionActivityRatio,BAU,RD,PPICEGASFOI,,CO2e_PP,1,2045,,,,,,0.1373
EmissionActivityRatio,BAU,RD,PPICEGASFOI,,CO2e_PP,1,2046,,,,,,0.1373
EmissionActivityRatio,BAU,RD,PPICEGASFOI,,CO2e_PP,1,2047,,,,,,0.1373
EmissionActivityRatio,BAU,RD,PPICEGASFOI,,CO2e_PP,1,2048,,,,,,0.1373
EmissionActivityRatio,BAU,RD,PPICEGASFOI,,CO2e_PP,1,2049,,,,,,0.1373
EmissionActivityRatio,BAU,RD,PPICEGASFOI,,CO2e_PP,1,2050,,,,,,0.1373
EmissionActivityRatio,BAU,RD,PPADSL,,CO2e_PP,1,2018,,,,,,0.29785999271756014
EmissionActivityRatio,BAU,RD,PPADSL,,CO2e_PP,1,2019,,,,,,0.29785999271756014
EmissionActivityRatio,BAU,RD,PPADSL,,CO2e_PP,1,2020,,,,,,0.29785999271756014
EmissionActivityRatio,BAU,RD,PPADSL,,CO2e_PP,1,2021,,,,,,0.29785999271756014
EmissionActivityRatio,BAU,RD,PPADSL,,CO2e_PP,1,2022,,,,,,0.29785999271756014
EmissionActivityRatio,BAU,RD,PPADSL,,CO2e_PP,1,2023,,,,,,0.29785999271756014
EmissionActivityRatio,BAU,RD,PPADSL,,CO2e_PP,1,2024,,,,,,0.29785999271756014
EmissionActivityRatio,BAU,RD,PPADSL,,CO2e_PP,1,2025,,,,,,0.29785999271756014
EmissionActivityRatio,BAU,RD,PPADSL,,CO2e_PP,1,2026,,,,,,0.29785999271756014
EmissionActivityRatio,BAU,RD,PPADSL,,CO2e_PP,1,2027,,,,,,0.29785999271756014
EmissionActivityRatio,BAU,RD,PPADSL,,CO2e_PP,1,2028,,,,,,0.29785999271756014
EmissionActivityRatio,BAU,RD,PPADSL,,CO2e_PP,1,2029,,,,,,0.29785999271756014
EmissionActivityRatio,BAU,RD,PPADSL,,CO2e_PP,1,2030,,,,,,0.29785999271756014
EmissionActivityRatio,BAU,RD,PPADSL,,CO2e_PP,1,2031,,,,,,0.29785999271756014
EmissionActivityRatio,BAU,RD,PPADSL,,CO2e_PP,1,2032,,,,,,0.29785999271756014
EmissionActivityRatio,BAU,RD,PPADSL,,CO2e_PP,1,2033,,,,,,0.29785999271756014
EmissionActivityRatio,BAU,RD,PPADSL,,CO2e_PP,1,2034,,,,,,0.29785999271756014
EmissionActivityRatio,BAU,RD,PPADSL,,CO2e_PP,1,2035,,,,,,0.29785999271756014
EmissionActivityRatio,BAU,RD,PPADSL,,CO2e_PP,1,2036,,,,,,0.29785999271756014
EmissionActivityRatio,BAU,RD,PPADSL,,CO2e_PP,1,2037,,,,,,0.29785999271756014
EmissionActivityRatio,BAU,RD,PPADSL,,CO2e_PP,1,2038,,,,,,0.29785999271756014
EmissionActivityRatio,BAU,RD,PPADSL,,CO2e_PP,1,2039,,,,,,0.29785999271756014
EmissionActivityRatio,BAU,RD,PPADSL,,CO2e_PP,1,2040,,,,,,0.29785999271756014
EmissionActivityRatio,BAU,RD,PPADSL,,CO2e_PP,1,2041,,,,,,0.29785999271756014
EmissionActivityRatio,BAU,RD,PPADSL,,CO2e_PP,1,2042,,,,,,0.29785999271756014
EmissionActivityRatio,BAU,RD,PPADSL,,CO2e_PP,1,2043,,,,,,0.29785999271756014
EmissionActivityRatio,BAU,RD,PPADSL,,CO2e_PP,1,2044,,,,,,0.29785999271756014
EmissionActivityRatio,BAU,RD,PPADSL,,CO2e_PP,1,2045,,,,,,0.29785999271756014
EmissionActivityRatio,BAU,RD,PPADSL,,CO2e_PP,1,2046,,,,,,0.29785999271756014
EmissionActivityRatio,BAU,RD,PPADSL,,CO2e_PP,1,2047,,,,,,0.29785999271756014
EmissionActivityRatio,BAU,RD,PPADSL,,CO2e_PP,1,2048,,,,,,0.29785999271756014
EmissionActivityRatio,BAU,RD,PPADSL,,CO2e_PP,1,2049,,,,,,0.29785999271756014
EmissionActivityRatio,BAU,RD,PPADSL,,CO2e_PP,1,2050,,,,,,0.29785999271756014
EmissionActivityRatio,BAU,RD,PPAFOI,,CO2e_PP,1,2018,,,,,,0.2587037553567811
EmissionActivityRatio,BAU,RD,PPAFOI,,CO2e_PP,1,2019,,,,,,0.2587037553567811
EmissionActivityRatio,BAU,RD,PPAFOI,,CO2e_PP,1,2020,,,,,,0.2587037553567811
EmissionActivityRatio,BAU,RD,PPAFOI,,CO2e_PP,1,2021,,,,,,0.2587037553567811
EmissionActivityRatio,BAU,RD,PPAFOI,,CO2e_PP,1,2022,,,,,,0.2587037553567811
EmissionActivityRatio,BAU,RD,PPAFOI,,CO2e_PP,1,2023,,,,,,0.2587037553567811
EmissionActivityRatio,BAU,RD,PPAFOI,,CO2e_PP,1,2024,,,,,,0.2587037553567811
EmissionActivityRatio,BAU,RD,PPAFOI,,CO2e_PP,1,2025,,,,,,0.2587037553567811
EmissionActivityRatio,BAU,RD,PPAFOI,,CO2e_PP,1,2026,,,,,,0.2587037553567811
EmissionActivityRatio,BAU,RD,PPAFOI,,CO2e_PP,1,2027,,,,,,0.2587037553567811
EmissionActivityRatio,BAU,RD,PPAFOI,,CO2e_PP,1,2028,,,,,,0.2587037553567811
EmissionActivityRatio,BAU,RD,PPAFOI,,CO2e_PP,1,2029,,,,,,0.2587037553567811
EmissionActivityRatio,BAU,RD,PPAFOI,,CO2e_PP,1,2030,,,,,,0.2587037553567811
EmissionActivityRatio,BAU,RD,PPAFOI,,CO2e_PP,1,2031,,,,,,0.2587037553567811
EmissionActivityRatio,BAU,RD,PPAFOI,,CO2e_PP,1,2032,,,,,,0.2587037553567811
EmissionActivityRatio,BAU,RD,PPAFOI,,CO2e_PP,1,2033,,,,,,0.2587037553567811
EmissionActivityRatio,BAU,RD,PPAFOI,,CO2e_PP,1,2034,,,,,,0.2587037553567811
EmissionActivityRatio,BAU,RD,PPAFOI,,CO2e_PP,1,2035,,,,,,0.2587037553567811
EmissionActivityRatio,BAU,RD,PPAFOI,,CO2e_PP,1,2036,,,,,,0.2587037553567811
EmissionActivityRatio,BAU,RD,PPAFOI,,CO2e_PP,1,2037,,,,,,0.2587037553567811
EmissionActivityRatio,BAU,RD,PPAFOI,,CO2e_PP,1,2038,,,,,,0.2587037553567811
EmissionActivityRatio,BAU,RD,PPAFOI,,CO2e_PP,1,2039,,,,,,0.2587037553567811
EmissionActivityRatio,BAU,RD,PPAFOI,,CO2e_PP,1,2040,,,,,,0.2587037553567811
EmissionActivityRatio,BAU,RD,PPAFOI,,CO2e_PP,1,2041,,,,,,0.2587037553567811
EmissionActivityRatio,BAU,RD,PPAFOI,,CO2e_PP,1,2042,,,,,,0.2587037553567811
EmissionActivityRatio,BAU,RD,PPAFOI,,CO2e_PP,1,2043,,,,,,0.2587037553567811
EmissionActivityRatio,BAU,RD,PPAFOI,,CO2e_PP,1,2044,,,,,,0.2587037553567811
EmissionActivityRatio,BAU,RD,PPAFOI,,CO2e_PP,1,2045,,,,,,0.2587037553567811
EmissionActivityRatio,BAU,RD,PPAFOI,,CO2e_PP,1,2046,,,,,,0.2587037553567811
EmissionActivityRatio,BAU,RD,PPAFOI,,CO2e_PP,1,2047,,,,,,0.2587037553567811
EmissionActivityRatio,BAU,RD,PPAFOI,,CO2e_PP,1,2048,,,,,,0.2587037553567811
EmissionActivityRatio,BAU,RD,PPAFOI,,CO2e_PP,1,2049,,,,,,0.2587037553567811
EmissionActivityRatio,BAU,RD,PPAFOI,,CO2e_PP,1,2050,,,,,,0.2587037553567811
EmissionActivityRatio,BAU,RD,PPANGS,,CO2e_PP,1,2018,,,,,,0.13823732740321376
EmissionActivityRatio,BAU,RD,PPANGS,,CO2e_PP,1,2019,,,,,,0.13823732740321376
EmissionActivityRatio,BAU,RD,PPANGS,,CO2e_PP,1,2020,,,,,,0.13823732740321376
EmissionActivityRatio,BAU,RD,PPANGS,,CO2e_PP,1,2021,,,,,,0.13823732740321376
EmissionActivityRatio,BAU,RD,PPANGS,,CO2e_PP,1,2022,,,,,,0.13823732740321376
EmissionActivityRatio,BAU,RD,PPANGS,,CO2e_PP,1,2023,,,,,,0.13823732740321376
EmissionActivityRatio,BAU,RD,PPANGS,,CO2e_PP,1,2024,,,,,,0.13823732740321376
EmissionActivityRatio,BAU,RD,PPANGS,,CO2e_PP,1,2025,,,,,,0.13823732740321376
EmissionActivityRatio,BAU,RD,PPANGS,,CO2e_PP,1,2026,,,,,,0.13823732740321376
EmissionActivityRatio,BAU,RD,PPANGS,,CO2e_PP,1,2027,,,,,,0.13823732740321376
EmissionActivityRatio,BAU,RD,PPANGS,,CO2e_PP,1,2028,,,,,,0.13823732740321376
EmissionActivityRatio,BAU,RD,PPANGS,,CO2e_PP,1,2029,,,,,,0.13823732740321376
EmissionActivityRatio,BAU,RD,PPANGS,,CO2e_PP,1,2030,,,,,,0.13823732740321376
EmissionActivityRatio,BAU,RD,PPANGS,,CO2e_PP,1,2031,,,,,,0.13823732740321376
EmissionActivityRatio,BAU,RD,PPANGS,,CO2e_PP,1,2032,,,,,,0.13823732740321376
EmissionActivityRatio,BAU,RD,PPANGS,,CO2e_PP,1,2033,,,,,,0.13823732740321376
EmissionActivityRatio,BAU,RD,PPANGS,,CO2e_PP,1,2034,,,,,,0.13823732740321376
EmissionActivityRatio,BAU,RD,PPANGS,,CO2e_PP,1,2035,,,,,,0.13823732740321376
EmissionActivityRatio,BAU,RD,PPANGS,,CO2e_PP,1,2036,,,,,,0.13823732740321376
EmissionActivityRatio,BAU,RD,PPANGS,,CO2e_PP,1,2037,,,,,,0.13823732740321376
EmissionActivityRatio,BAU,RD,PPANGS,,CO2e_PP,1,2038,,,,,,0.13823732740321376
EmissionActivityRatio,BAU,RD,PPANGS,,CO2e_PP,1,2039,,,,,,0.13823732740321376
EmissionActivityRatio,BAU,RD,PPANGS,,CO2e_PP,1,2040,,,,,,0.13823732740321376
EmissionActivityRatio,BAU,RD,PPANGS,,CO2e_PP,1,2041,,,,,,0.13823732740321376
EmissionActivityRatio,BAU,RD,PPANGS,,CO2e_PP,1,2042,,,,,,0.13823732740321376
EmissionActivityRatio,BAU,RD,PPANGS,,CO2e_PP,1,2043,,,,,,0.13823732740321376
EmissionActivityRatio,BAU,RD,PPANGS,,CO2e_PP,1,2044,,,,,,0.13823732740321376
EmissionActivityRatio,BAU,RD,PPANGS,,CO2e_PP,1,2045,,,,,,0.13823732740321376
EmissionActivityRatio,BAU,RD,PPANGS,,CO2e_PP,1,2046,,,,,,0.13823732740321376
EmissionActivityRatio,BAU,RD,PPANGS,,CO2e_PP,1,2047,,,,,,0.13823732740321376
EmissionActivityRatio,BAU,RD,PPANGS,,CO2e_PP,1,2048,,,,,,0.13823732740321376
EmissionActivityRatio,BAU,RD,PPANGS,,CO2e_PP,1,2049,,,,,,0.13823732740321376
EmissionActivityRatio,BAU,RD,PPANGS,,CO2e_PP,1,2050,,,,,,0.13823732740321376
EmissionActivityRatio,BAU,RD,PPDDSL,,CO2e_AP,1,2018,,,,,,0.29785999271756014
EmissionActivityRatio,BAU,RD,PPDDSL,,CO2e_AP,1,2019,,,,,,0.29785999271756014
EmissionActivityRatio,BAU,RD,PPDDSL,,CO2e_AP,1,2020,,,,,,0.29785999271756014
EmissionActivityRatio,BAU,RD,PPDDSL,,CO2e_AP,1,2021,,,,,,0.29785999271756014
EmissionActivityRatio,BAU,RD,PPDDSL,,CO2e_AP,1,2022,,,,,,0.29785999271756014
EmissionActivityRatio,BAU,RD,PPDDSL,,CO2e_AP,1,2023,,,,,,0.29785999271756014
EmissionActivityRatio,BAU,RD,PPDDSL,,CO2e_AP,1,2024,,,,,,0.29785999271756014
EmissionActivityRatio,BAU,RD,PPDDSL,,CO2e_AP,1,2025,,,,,,0.29785999271756014
EmissionActivityRatio,BAU,RD,PPDDSL,,CO2e_AP,1,2026,,,,,,0.29785999271756014
EmissionActivityRatio,BAU,RD,PPDDSL,,CO2e_AP,1,2027,,,,,,0.29785999271756014
EmissionActivityRatio,BAU,RD,PPDDSL,,CO2e_AP,1,2028,,,,,,0.29785999271756014
EmissionActivityRatio,BAU,RD,PPDDSL,,CO2e_AP,1,2029,,,,,,0.29785999271756014
EmissionActivityRatio,BAU,RD,PPDDSL,,CO2e_AP,1,2030,,,,,,0.29785999271756014
EmissionActivityRatio,BAU,RD,PPDDSL,,CO2e_AP,1,2031,,,,,,0.29785999271756014
EmissionActivityRatio,BAU,RD,PPDDSL,,CO2e_AP,1,2032,,,,,,0.29785999271756014
EmissionActivityRatio,BAU,RD,PPDDSL,,CO2e_AP,1,2033,,,,,,0.29785999271756014
EmissionActivityRatio,BAU,RD,PPDDSL,,CO2e_AP,1,2034,,,,,,0.29785999271756014
EmissionActivityRatio,BAU,RD,PPDDSL,,CO2e_AP,1,2035,,,,,,0.29785999271756014
EmissionActivityRatio,BAU,RD,PPDDSL,,CO2e_AP,1,2036,,,,,,0.29785999271756014
EmissionActivityRatio,BAU,RD,PPDDSL,,CO2e_AP,1,2037,,,,,,0.29785999271756014
EmissionActivityRatio,BAU,RD,PPDDSL,,CO2e_AP,1,2038,,,,,,0.29785999271756014
EmissionActivityRatio,BAU,RD,PPDDSL,,CO2e_AP,1,2039,,,,,,0.29785999271756014
EmissionActivityRatio,BAU,RD,PPDDSL,,CO2e_AP,1,2040,,,,,,0.29785999271756014
EmissionActivityRatio,BAU,RD,PPDDSL,,CO2e_AP,1,2041,,,,,,0.29785999271756014
EmissionActivityRatio,BAU,RD,PPDDSL,,CO2e_AP,1,2042,,,,,,0.29785999271756014
EmissionActivityRatio,BAU,RD,PPDDSL,,CO2e_AP,1,2043,,,,,,0.29785999271756014
EmissionActivityRatio,BAU,RD,PPDDSL,,CO2e_AP,1,2044,,,,,,0.29785999271756014
EmissionActivityRatio,BAU,RD,PPDDSL,,CO2e_AP,1,2045,,,,,,0.29785999271756014
EmissionActivityRatio,BAU,RD,PPDDSL,,CO2e_AP,1,2046,,,,,,0.29785999271756014
EmissionActivityRatio,BAU,RD,PPDDSL,,CO2e_AP,1,2047,,,,,,0.29785999271756014
EmissionActivityRatio,BAU,RD,PPDDSL,,CO2e_AP,1,2048,,,,,,0.29785999271756014
EmissionActivityRatio,BAU,RD,PPDDSL,,CO2e_AP,1,2049,,,,,,0.29785999271756014
EmissionActivityRatio,BAU,RD,PPDDSL,,CO2e_AP,1,2050,,,,,,0.29785999271756014
EmissionActivityRatio,BAU,RD,PPDFOI,,CO2e_AP,1,2018,,,,,,0.14832631794908568
EmissionActivityRatio,BAU,RD,PPDFOI,,CO2e_AP,1,2019,,,,,,0.14832631794908568
EmissionActivityRatio,BAU,RD,PPDFOI,,CO2e_AP,1,2020,,,,,,0.14832631794908568
EmissionActivityRatio,BAU,RD,PPDFOI,,CO2e_AP,1,2021,,,,,,0.14832631794908568
EmissionActivityRatio,BAU,RD,PPDFOI,,CO2e_AP,1,2022,,,,,,0.14832631794908568
EmissionActivityRatio,BAU,RD,PPDFOI,,CO2e_AP,1,2023,,,,,,0.14832631794908568
EmissionActivityRatio,BAU,RD,PPDFOI,,CO2e_AP,1,2024,,,,,,0.14832631794908568
EmissionActivityRatio,BAU,RD,PPDFOI,,CO2e_AP,1,2025,,,,,,0.14832631794908568
EmissionActivityRatio,BAU,RD,PPDFOI,,CO2e_AP,1,2026,,,,,,0.14832631794908568
EmissionActivityRatio,BAU,RD,PPDFOI,,CO2e_AP,1,2027,,,,,,0.14832631794908568
EmissionActivityRatio,BAU,RD,PPDFOI,,CO2e_AP,1,2028,,,,,,0.14832631794908568
EmissionActivityRatio,BAU,RD,PPDFOI,,CO2e_AP,1,2029,,,,,,0.14832631794908568
EmissionActivityRatio,BAU,RD,PPDFOI,,CO2e_AP,1,2030,,,,,,0.14832631794908568
EmissionActivityRatio,BAU,RD,PPDFOI,,CO2e_AP,1,2031,,,,,,0.14832631794908568
EmissionActivityRatio,BAU,RD,PPDFOI,,CO2e_AP,1,2032,,,,,,0.14832631794908568
EmissionActivityRatio,BAU,RD,PPDFOI,,CO2e_AP,1,2033,,,,,,0.14832631794908568
EmissionActivityRatio,BAU,RD,PPDFOI,,CO2e_AP,1,2034,,,,,,0.14832631794908568
EmissionActivityRatio,BAU,RD,PPDFOI,,CO2e_AP,1,2035,,,,,,0.14832631794908568
EmissionActivityRatio,BAU,RD,PPDFOI,,CO2e_AP,1,2036,,,,,,0.14832631794908568
EmissionActivityRatio,BAU,RD,PPDFOI,,CO2e_AP,1,2037,,,,,,0.14832631794908568
EmissionActivityRatio,BAU,RD,PPDFOI,,CO2e_AP,1,2038,,,,,,0.14832631794908568
EmissionActivityRatio,BAU,RD,PPDFOI,,CO2e_AP,1,2039,,,,,,0.14832631794908568
EmissionActivityRatio,BAU,RD,PPDFOI,,CO2e_AP,1,2040,,,,,,0.14832631794908568
EmissionActivityRatio,BAU,RD,PPDFOI,,CO2e_AP,1,2041,,,,,,0.14832631794908568
EmissionActivityRatio,BAU,RD,PPDFOI,,CO2e_AP,1,2042,,,,,,0.14832631794908568
EmissionActivityRatio,BAU,RD,PPDFOI,,CO2e_AP,1,2043,,,,,,0.14832631794908568
EmissionActivityRatio,BAU,RD,PPDFOI,,CO2e_AP,1,2044,,,,,,0.14832631794908568
EmissionActivityRatio,BAU,RD,PPDFOI,,CO2e_AP,1,2045,,,,,,0.14832631794908568
EmissionActivityRatio,BAU,RD,PPDFOI,,CO2e_AP,1,2046,,,,,,0.14832631794908568
EmissionActivityRatio,BAU,RD,PPDFOI,,CO2e_AP,1,2047,,,,,,0.14832631794908568
EmissionActivityRatio,BAU,RD,PPDFOI,,CO2e_AP,1,2048,,,,,,0.14832631794908568
EmissionActivityRatio,BAU,RD,PPDFOI,,CO2e_AP,1,2049,,,,,,0.14832631794908568
EmissionActivityRatio,BAU,RD,PPDFOI,,CO2e_AP,1,2050,,,,,,0.14832631794908568
EmissionActivityRatio,BAU,RD,PPDNGS,,CO2e_AP,1,2018,,,,,,0.30238568327632914
EmissionActivityRatio,BAU,RD,PPDNGS,,CO2e_AP,1,2019,,,,,,0.30238568327632914
EmissionActivityRatio,BAU,RD,PPDNGS,,CO2e_AP,1,2020,,,,,,0.30238568327632914
EmissionActivityRatio,BAU,RD,PPDNGS,,CO2e_AP,1,2021,,,,,,0.30238568327632914
EmissionActivityRatio,BAU,RD,PPDNGS,,CO2e_AP,1,2022,,,,,,0.30238568327632914
EmissionActivityRatio,BAU,RD,PPDNGS,,CO2e_AP,1,2023,,,,,,0.30238568327632914
EmissionActivityRatio,BAU,RD,PPDNGS,,CO2e_AP,1,2024,,,,,,0.30238568327632914
EmissionActivityRatio,BAU,RD,PPDNGS,,CO2e_AP,1,2025,,,,,,0.30238568327632914
EmissionActivityRatio,BAU,RD,PPDNGS,,CO2e_AP,1,2026,,,,,,0.30238568327632914
EmissionActivityRatio,BAU,RD,PPDNGS,,CO2e_AP,1,2027,,,,,,0.30238568327632914
EmissionActivityRatio,BAU,RD,PPDNGS,,CO2e_AP,1,2028,,,,,,0.30238568327632914
EmissionActivityRatio,BAU,RD,PPDNGS,,CO2e_AP,1,2029,,,,,,0.30238568327632914
EmissionActivityRatio,BAU,RD,PPDNGS,,CO2e_AP,1,2030,,,,,,0.30238568327632914
EmissionActivityRatio,BAU,RD,PPDNGS,,CO2e_AP,1,2031,,,,,,0.30238568327632914
EmissionActivityRatio,BAU,RD,PPDNGS,,CO2e_AP,1,2032,,,,,,0.30238568327632914
EmissionActivityRatio,BAU,RD,PPDNGS,,CO2e_AP,1,2033,,,,,,0.30238568327632914
EmissionActivityRatio,BAU,RD,PPDNGS,,CO2e_AP,1,2034,,,,,,0.30238568327632914
EmissionActivityRatio,BAU,RD,PPDNGS,,CO2e_AP,1,2035,,,,,,0.30238568327632914
EmissionActivityRatio,BAU,RD,PPDNGS,,CO2e_AP,1,2036,,,,,,0.30238568327632914
EmissionActivityRatio,BAU,RD,PPDNGS,,CO2e_AP,1,2037,,,,,,0.30238568327632914
EmissionActivityRatio,BAU,RD,PPDNGS,,CO2e_AP,1,2038,,,,,,0.30238568327632914
EmissionActivityRatio,BAU,RD,PPDNGS,,CO2e_AP,1,2039,,,,,,0.30238568327632914
EmissionActivityRatio,BAU,RD,PPDNGS,,CO2e_AP,1,2040,,,,,,0.30238568327632914
EmissionActivityRatio,BAU,RD,PPDNGS,,CO2e_AP,1,2041,,,,,,0.30238568327632914
EmissionActivityRatio,BAU,RD,PPDNGS,,CO2e_AP,1,2042,,,,,,0.30238568327632914
EmissionActivityRatio,BAU,RD,PPDNGS,,CO2e_AP,1,2043,,,,,,0.30238568327632914
EmissionActivityRatio,BAU,RD,PPDNGS,,CO2e_AP,1,2044,,,,,,0.30238568327632914
EmissionActivityRatio,BAU,RD,PPDNGS,,CO2e_AP,1,2045,,,,,,0.30238568327632914
EmissionActivityRatio,BAU,RD,PPDNGS,,CO2e_AP,1,2046,,,,,,0.30238568327632914
EmissionActivityRatio,BAU,RD,PPDNGS,,CO2e_AP,1,2047,,,,,,0.30238568327632914
EmissionActivityRatio,BAU,RD,PPDNGS,,CO2e_AP,1,2048,,,,,,0.30238568327632914
EmissionActivityRatio,BAU,RD,PPDNGS,,CO2e_AP,1,2049,,,,,,0.30238568327632914
EmissionActivityRatio,BAU,RD,PPDNGS,,CO2e_AP,1,2050,,,,,,0.30238568327632914
EmissionActivityRatio,BAU,RD,PPDGSL,,CO2e_AP,1,2018,,,,,,0.33121269538137593
EmissionActivityRatio,BAU,RD,PPDGSL,,CO2e_AP,1,2019,,,,,,0.33121269538137593
EmissionActivityRatio,BAU,RD,PPDGSL,,CO2e_AP,1,2020,,,,,,0.33121269538137593
EmissionActivityRatio,BAU,RD,PPDGSL,,CO2e_AP,1,2021,,,,,,0.33121269538137593
EmissionActivityRatio,BAU,RD,PPDGSL,,CO2e_AP,1,2022,,,,,,0.33121269538137593
EmissionActivityRatio,BAU,RD,PPDGSL,,CO2e_AP,1,2023,,,,,,0.33121269538137593
EmissionActivityRatio,BAU,RD,PPDGSL,,CO2e_AP,1,2024,,,,,,0.33121269538137593
EmissionActivityRatio,BAU,RD,PPDGSL,,CO2e_AP,1,2025,,,,,,0.33121269538137593
EmissionActivityRatio,BAU,RD,PPDGSL,,CO2e_AP,1,2026,,,,,,0.33121269538137593
EmissionActivityRatio,BAU,RD,PPDGSL,,CO2e_AP,1,2027,,,,,,0.33121269538137593
EmissionActivityRatio,BAU,RD,PPDGSL,,CO2e_AP,1,2028,,,,,,0.33121269538137593
EmissionActivityRatio,BAU,RD,PPDGSL,,CO2e_AP,1,2029,,,,,,0.33121269538137593
EmissionActivityRatio,BAU,RD,PPDGSL,,CO2e_AP,1,2030,,,,,,0.33121269538137593
EmissionActivityRatio,BAU,RD,PPDGSL,,CO2e_AP,1,2031,,,,,,0.33121269538137593
EmissionActivityRatio,BAU,RD,PPDGSL,,CO2e_AP,1,2032,,,,,,0.33121269538137593
EmissionActivityRatio,BAU,RD,PPDGSL,,CO2e_AP,1,2033,,,,,,0.33121269538137593
EmissionActivityRatio,BAU,RD,PPDGSL,,CO2e_AP,1,2034,,,,,,0.33121269538137593
EmissionActivityRatio,BAU,RD,PPDGSL,,CO2e_AP,1,2035,,,,,,0.33121269538137593
EmissionActivityRatio,BAU,RD,PPDGSL,,CO2e_AP,1,2036,,,,,,0.33121269538137593
EmissionActivityRatio,BAU,RD,PPDGSL,,CO2e_AP,1,2037,,,,,,0.33121269538137593
EmissionActivityRatio,BAU,RD,PPDGSL,,CO2e_AP,1,2038,,,,,,0.33121269538137593
EmissionActivityRatio,BAU,RD,PPDGSL,,CO2e_AP,1,2039,,,,,,0.33121269538137593
EmissionActivityRatio,BAU,RD,PPDGSL,,CO2e_AP,1,2040,,,,,,0.33121269538137593
EmissionActivityRatio,BAU,RD,PPDGSL,,CO2e_AP,1,2041,,,,,,0.33121269538137593
EmissionActivityRatio,BAU,RD,PPDGSL,,CO2e_AP,1,2042,,,,,,0.33121269538137593
EmissionActivityRatio,BAU,RD,PPDGSL,,CO2e_AP,1,2043,,,,,,0.33121269538137593
EmissionActivityRatio,BAU,RD,PPDGSL,,CO2e_AP,1,2044,,,,,,0.33121269538137593
EmissionActivityRatio,BAU,RD,PPDGSL,,CO2e_AP,1,2045,,,,,,0.33121269538137593
EmissionActivityRatio,BAU,RD,PPDGSL,,CO2e_AP,1,2046,,,,,,0.33121269538137593
EmissionActivityRatio,BAU,RD,PPDGSL,,CO2e_AP,1,2047,,,,,,0.33121269538137593
EmissionActivityRatio,BAU,RD,PPDGSL,,CO2e_AP,1,2048,,,,,,0.33121269538137593
EmissionActivityRatio,BAU,RD,PPDGSL,,CO2e_AP,1,2049,,,,,,0.33121269538137593
EmissionActivityRatio,BAU,RD,PPDGSL,,CO2e_AP,1,2050,,,,,,0.33121269538137593
EmissionActivityRatio,BAU,RD,PPDGLP,,CO2e_AP,1,2018,,,,,,0.2776930335926111
EmissionActivityRatio,BAU,RD,PPDGLP,,CO2e_AP,1,2019,,,,,,0.2776930335926111
EmissionActivityRatio,BAU,RD,PPDGLP,,CO2e_AP,1,2020,,,,,,0.2776930335926111
EmissionActivityRatio,BAU,RD,PPDGLP,,CO2e_AP,1,2021,,,,,,0.2776930335926111
EmissionActivityRatio,BAU,RD,PPDGLP,,CO2e_AP,1,2022,,,,,,0.2776930335926111
EmissionActivityRatio,BAU,RD,PPDGLP,,CO2e_AP,1,2023,,,,,,0.2776930335926111
EmissionActivityRatio,BAU,RD,PPDGLP,,CO2e_AP,1,2024,,,,,,0.2776930335926111
EmissionActivityRatio,BAU,RD,PPDGLP,,CO2e_AP,1,2025,,,,,,0.2776930335926111
EmissionActivityRatio,BAU,RD,PPDGLP,,CO2e_AP,1,2026,,,,,,0.2776930335926111
EmissionActivityRatio,BAU,RD,PPDGLP,,CO2e_AP,1,2027,,,,,,0.2776930335926111
EmissionActivityRatio,BAU,RD,PPDGLP,,CO2e_AP,1,2028,,,,,,0.2776930335926111
EmissionActivityRatio,BAU,RD,PPDGLP,,CO2e_AP,1,2029,,,,,,0.2776930335926111
EmissionActivityRatio,BAU,RD,PPDGLP,,CO2e_AP,1,2030,,,,,,0.2776930335926111
EmissionActivityRatio,BAU,RD,PPDGLP,,CO2e_AP,1,2031,,,,,,0.2776930335926111
EmissionActivityRatio,BAU,RD,PPDGLP,,CO2e_AP,1,2032,,,,,,0.2776930335926111
EmissionActivityRatio,BAU,RD,PPDGLP,,CO2e_AP,1,2033,,,,,,0.2776930335926111
EmissionActivityRatio,BAU,RD,PPDGLP,,CO2e_AP,1,2034,,,,,,0.2776930335926111
EmissionActivityRatio,BAU,RD,PPDGLP,,CO2e_AP,1,2035,,,,,,0.2776930335926111
EmissionActivityRatio,BAU,RD,PPDGLP,,CO2e_AP,1,2036,,,,,,0.2776930335926111
EmissionActivityRatio,BAU,RD,PPDGLP,,CO2e_AP,1,2037,,,,,,0.2776930335926111
EmissionActivityRatio,BAU,RD,PPDGLP,,CO2e_AP,1,2038,,,,,,0.2776930335926111
EmissionActivityRatio,BAU,RD,PPDGLP,,CO2e_AP,1,2039,,,,,,0.2776930335926111
EmissionActivityRatio,BAU,RD,PPDGLP,,CO2e_AP,1,2040,,,,,,0.2776930335926111
EmissionActivityRatio,BAU,RD,PPDGLP,,CO2e_AP,1,2041,,,,,,0.2776930335926111
EmissionActivityRatio,BAU,RD,PPDGLP,,CO2e_AP,1,2042,,,,,,0.2776930335926111
EmissionActivityRatio,BAU,RD,PPDGLP,,CO2e_AP,1,2043,,,,,,0.2776930335926111
EmissionActivityRatio,BAU,RD,PPDGLP,,CO2e_AP,1,2044,,,,,,0.2776930335926111
EmissionActivityRatio,BAU,RD,PPDGLP,,CO2e_AP,1,2045,,,,,,0.2776930335926111
EmissionActivityRatio,BAU,RD,PPDGLP,,CO2e_AP,1,2046,,,,,,0.2776930335926111
EmissionActivityRatio,BAU,RD,PPDGLP,,CO2e_AP,1,2047,,,,,,0.2776930335926111
EmissionActivityRatio,BAU,RD,PPDGLP,,CO2e_AP,1,2048,,,,,,0.2776930335926111
EmissionActivityRatio,BAU,RD,PPDGLP,,CO2e_AP,1,2049,,,,,,0.2776930335926111
EmissionActivityRatio,BAU,RD,PPDGLP,,CO2e_AP,1,2050,,,,,,0.2776930335926111
EmissionActivityRatio,BAU,RD,T4DSL_PRI,,CO2e_TRN,1,2018,,,,,,0.07435380000000001
EmissionActivityRatio,BAU,RD,T4DSL_PRI,,CO2e_TRN,1,2019,,,,,,0.07435380000000001
EmissionActivityRatio,BAU,RD,T4DSL_PRI,,CO2e_TRN,1,2020,,,,,,0.07435380000000001
EmissionActivityRatio,BAU,RD,T4DSL_PRI,,CO2e_TRN,1,2021,,,,,,0.07435380000000001
EmissionActivityRatio,BAU,RD,T4DSL_PRI,,CO2e_TRN,1,2022,,,,,,0.07435380000000001
EmissionActivityRatio,BAU,RD,T4DSL_PRI,,CO2e_TRN,1,2023,,,,,,0.07435380000000001
EmissionActivityRatio,BAU,RD,T4DSL_PRI,,CO2e_TRN,1,2024,,,,,,0.07435380000000001
EmissionActivityRatio,BAU,RD,T4DSL_PRI,,CO2e_TRN,1,2025,,,,,,0.07435380000000001
EmissionActivityRatio,BAU,RD,T4DSL_PRI,,CO2e_TRN,1,2026,,,,,,0.07435380000000001
EmissionActivityRatio,BAU,RD,T4DSL_PRI,,CO2e_TRN,1,2027,,,,,,0.07435380000000001
EmissionActivityRatio,BAU,RD,T4DSL_PRI,,CO2e_TRN,1,2028,,,,,,0.07435380000000001
EmissionActivityRatio,BAU,RD,T4DSL_PRI,,CO2e_TRN,1,2029,,,,,,0.07435380000000001
EmissionActivityRatio,BAU,RD,T4DSL_PRI,,CO2e_TRN,1,2030,,,,,,0.07435380000000001
EmissionActivityRatio,BAU,RD,T4DSL_PRI,,CO2e_TRN,1,2031,,,,,,0.07435380000000001
EmissionActivityRatio,BAU,RD,T4DSL_PRI,,CO2e_TRN,1,2032,,,,,,0.07435380000000001
EmissionActivityRatio,BAU,RD,T4DSL_PRI,,CO2e_TRN,1,2033,,,,,,0.07435380000000001
EmissionActivityRatio,BAU,RD,T4DSL_PRI,,CO2e_TRN,1,2034,,,,,,0.07435380000000001
EmissionActivityRatio,BAU,RD,T4DSL_PRI,,CO2e_TRN,1,2035,,,,,,0.07435380000000001
EmissionActivityRatio,BAU,RD,T4DSL_PRI,,CO2e_TRN,1,2036,,,,,,0.07435380000000001
EmissionActivityRatio,BAU,RD,T4DSL_PRI,,CO2e_TRN,1,2037,,,,,,0.07435380000000001
EmissionActivityRatio,BAU,RD,T4DSL_PRI,,CO2e_TRN,1,2038,,,,,,0.07435380000000001
EmissionActivityRatio,BAU,RD,T4DSL_PRI,,CO2e_TRN,1,2039,,,,,,0.07435380000000001
EmissionActivityRatio,BAU,RD,T4DSL_PRI,,CO2e_TRN,1,2040,,,,,,0.07435380000000001
EmissionActivityRatio,BAU,RD,T4DSL_PRI,,CO2e_TRN,1,2041,,,,,,0.07435380000000001
EmissionActivityRatio,BAU,RD,T4DSL_PRI,,CO2e_TRN,1,2042,,,,,,0.07435380000000001
EmissionActivityRatio,BAU,RD,T4DSL_PRI,,CO2e_TRN,1,2043,,,,,,0.07435380000000001
EmissionActivityRatio,BAU,RD,T4DSL_PRI,,CO2e_TRN,1,2044,,,,,,0.07435380000000001
EmissionActivityRatio,BAU,RD,T4DSL_PRI,,CO2e_TRN,1,2045,,,,,,0.07435380000000001
EmissionActivityRatio,BAU,RD,T4DSL_PRI,,CO2e_TRN,1,2046,,,,,,0.07435380000000001
EmissionActivityRatio,BAU,RD,T4DSL_PRI,,CO2e_TRN,1,2047,,,,,,0.07435380000000001
EmissionActivityRatio,BAU,RD,T4DSL_PRI,,CO2e_TRN,1,2048,,,,,,0.07435380000000001
EmissionActivityRatio,BAU,RD,T4DSL_PRI,,CO2e_TRN,1,2049,,,,,,0.07435380000000001
EmissionActivityRatio,BAU,RD,T4DSL_PRI,,CO2e_TRN,1,2050,,,,,,0.07435380000000001
EmissionActivityRatio,BAU,RD,T4GSL_PRI,,CO2e_TRN,1,2018,,,,,,0.06955380000000001
EmissionActivityRatio,BAU,RD,T4GSL_PRI,,CO2e_TRN,1,2019,,,,,,0.06955380000000001
EmissionActivityRatio,BAU,RD,T4GSL_PRI,,CO2e_TRN,1,2020,,,,,,0.06955380000000001
EmissionActivityRatio,BAU,RD,T4GSL_PRI,,CO2e_TRN,1,2021,,,,,,0.06955380000000001
EmissionActivityRatio,BAU,RD,T4GSL_PRI,,CO2e_TRN,1,2022,,,,,,0.06955380000000001
EmissionActivityRatio,BAU,RD,T4GSL_PRI,,CO2e_TRN,1,2023,,,,,,0.06955380000000001
EmissionActivityRatio,BAU,RD,T4GSL_PRI,,CO2e_TRN,1,2024,,,,,,0.06955380000000001
EmissionActivityRatio,BAU,RD,T4GSL_PRI,,CO2e_TRN,1,2025,,,,,,0.06955380000000001
EmissionActivityRatio,BAU,RD,T4GSL_PRI,,CO2e_TRN,1,2026,,,,,,0.06955380000000001
EmissionActivityRatio,BAU,RD,T4GSL_PRI,,CO2e_TRN,1,2027,,,,,,0.06955380000000001
EmissionActivityRatio,BAU,RD,T4GSL_PRI,,CO2e_TRN,1,2028,,,,,,0.06955380000000001
EmissionActivityRatio,BAU,RD,T4GSL_PRI,,CO2e_TRN,1,2029,,,,,,0.06955380000000001
EmissionActivityRatio,BAU,RD,T4GSL_PRI,,CO2e_TRN,1,2030,,,,,,0.06955380000000001
EmissionActivityRatio,BAU,RD,T4GSL_PRI,,CO2e_TRN,1,2031,,,,,,0.06955380000000001
EmissionActivityRatio,BAU,RD,T4GSL_PRI,,CO2e_TRN,1,2032,,,,,,0.06955380000000001
EmissionActivityRatio,BAU,RD,T4GSL_PRI,,CO2e_TRN,1,2033,,,,,,0.06955380000000001
EmissionActivityRatio,BAU,RD,T4GSL_PRI,,CO2e_TRN,1,2034,,,,,,0.06955380000000001
EmissionActivityRatio,BAU,RD,T4GSL_PRI,,CO2e_TRN,1,2035,,,,,,0.06955380000000001
EmissionActivityRatio,BAU,RD,T4GSL_PRI,,CO2e_TRN,1,2036,,,,,,0.06955380000000001
EmissionActivityRatio,BAU,RD,T4GSL_PRI,,CO2e_TRN,1,2037,,,,,,0.06955380000000001
EmissionActivityRatio,BAU,RD,T4GSL_PRI,,CO2e_TRN,1,2038,,,,,,0.06955380000000001
EmissionActivityRatio,BAU,RD,T4GSL_PRI,,CO2e_TRN,1,2039,,,,,,0.06955380000000001
EmissionActivityRatio,BAU,RD,T4GSL_PRI,,CO2e_TRN,1,2040,,,,,,0.06955380000000001
EmissionActivityRatio,BAU,RD,T4GSL_PRI,,CO2e_TRN,1,2041,,,,,,0.06955380000000001
EmissionActivityRatio,BAU,RD,T4GSL_PRI,,CO2e_TRN,1,2042,,,,,,0.06955380000000001
EmissionActivityRatio,BAU,RD,T4GSL_PRI,,CO2e_TRN,1,2043,,,,,,0.06955380000000001
EmissionActivityRatio,BAU,RD,T4GSL_PRI,,CO2e_TRN,1,2044,,,,,,0.06955380000000001
EmissionActivityRatio,BAU,RD,T4GSL_PRI,,CO2e_TRN,1,2045,,,,,,0.06955380000000001
EmissionActivityRatio,BAU,RD,T4GSL_PRI,,CO2e_TRN,1,2046,,,,,,0.06955380000000001
EmissionActivityRatio,BAU,RD,T4GSL_PRI,,CO2e_TRN,1,2047,,,,,,0.06955380000000001
EmissionActivityRatio,BAU,RD,T4GSL_PRI,,CO2e_TRN,1,2048,,,,,,0.06955380000000001
EmissionActivityRatio,BAU,RD,T4GSL_PRI,,CO2e_TRN,1,2049,,,,,,0.06955380000000001
EmissionActivityRatio,BAU,RD,T4GSL_PRI,,CO2e_TRN,1,2050,,,,,,0.06955380000000001
EmissionActivityRatio,BAU,RD,T4LPG_PRI,,CO2e_TRN,1,2018,,,,,,0.0631548
EmissionActivityRatio,BAU,RD,T4LPG_PRI,,CO2e_TRN,1,2019,,,,,,0.0631548
EmissionActivityRatio,BAU,RD,T4LPG_PRI,,CO2e_TRN,1,2020,,,,,,0.0631548
EmissionActivityRatio,BAU,RD,T4LPG_PRI,,CO2e_TRN,1,2021,,,,,,0.0631548
EmissionActivityRatio,BAU,RD,T4LPG_PRI,,CO2e_TRN,1,2022,,,,,,0.0631548
EmissionActivityRatio,BAU,RD,T4LPG_PRI,,CO2e_TRN,1,2023,,,,,,0.0631548
EmissionActivityRatio,BAU,RD,T4LPG_PRI,,CO2e_TRN,1,2024,,,,,,0.0631548
EmissionActivityRatio,BAU,RD,T4LPG_PRI,,CO2e_TRN,1,2025,,,,,,0.0631548
EmissionActivityRatio,BAU,RD,T4LPG_PRI,,CO2e_TRN,1,2026,,,,,,0.0631548
EmissionActivityRatio,BAU,RD,T4LPG_PRI,,CO2e_TRN,1,2027,,,,,,0.0631548
EmissionActivityRatio,BAU,RD,T4LPG_PRI,,CO2e_TRN,1,2028,,,,,,0.0631548
EmissionActivityRatio,BAU,RD,T4LPG_PRI,,CO2e_TRN,1,2029,,,,,,0.0631548
EmissionActivityRatio,BAU,RD,T4LPG_PRI,,CO2e_TRN,1,2030,,,,,,0.0631548
EmissionActivityRatio,BAU,RD,T4LPG_PRI,,CO2e_TRN,1,2031,,,,,,0.0631548
EmissionActivityRatio,BAU,RD,T4LPG_PRI,,CO2e_TRN,1,2032,,,,,,0.0631548
EmissionActivityRatio,BAU,RD,T4LPG_PRI,,CO2e_TRN,1,2033,,,,,,0.0631548
EmissionActivityRatio,BAU,RD,T4LPG_PRI,,CO2e_TRN,1,2034,,,,,,0.0631548
EmissionActivityRatio,BAU,RD,T4LPG_PRI,,CO2e_TRN,1,2035,,,,,,0.0631548
EmissionActivityRatio,BAU,RD,T4LPG_PRI,,CO2e_TRN,1,2036,,,,,,0.0631548
EmissionActivityRatio,BAU,RD,T4LPG_PRI,,CO2e_TRN,1,2037,,,,,,0.0631548
EmissionActivityRatio,BAU,RD,T4LPG_PRI,,CO2e_TRN,1,2038,,,,,,0.0631548
EmissionActivityRatio,BAU,RD,T4LPG_PRI,,CO2e_TRN,1,2039,,,,,,0.0631548
EmissionActivityRatio,BAU,RD,T4LPG_PRI,,CO2e_TRN,1,2040,,,,,,0.0631548
EmissionActivityRatio,BAU,RD,T4LPG_PRI,,CO2e_TRN,1,2041,,,,,,0.0631548
EmissionActivityRatio,BAU,RD,T4LPG_PRI,,CO2e_TRN,1,2042,,,,,,0.0631548
EmissionActivityRatio,BAU,RD,T4LPG_PRI,,CO2e_TRN,1,2043,,,,,,0.0631548
EmissionActivityRatio,BAU,RD,T4LPG_PRI,,CO2e_TRN,1,2044,,,,,,0.0631548
EmissionActivityRatio,BAU,RD,T4LPG_PRI,,CO2e_TRN,1,2045,,,,,,0.0631548
EmissionActivityRatio,BAU,RD,T4LPG_PRI,,CO2e_TRN,1,2046,,,,,,0.0631548
EmissionActivityRatio,BAU,RD,T4LPG_PRI,,CO2e_TRN,1,2047,,,,,,0.0631548
EmissionActivityRatio,BAU,RD,T4LPG_PRI,,CO2e_TRN,1,2048,,,,,,0.0631548
EmissionActivityRatio,BAU,RD,T4LPG_PRI,,CO2e_TRN,1,2049,,,,,,0.0631548
EmissionActivityRatio,BAU,RD,T4LPG_PRI,,CO2e_TRN,1,2050,,,,,,0.0631548
EmissionActivityRatio,BAU,RD,T4GSL_PUB,,CO2e_TRN,1,2018,,,,,,0.06955380000000001
EmissionActivityRatio,BAU,RD,T4GSL_PUB,,CO2e_TRN,1,2019,,,,,,0.06955380000000001
EmissionActivityRatio,BAU,RD,T4GSL_PUB,,CO2e_TRN,1,2020,,,,,,0.06955380000000001
EmissionActivityRatio,BAU,RD,T4GSL_PUB,,CO2e_TRN,1,2021,,,,,,0.06955380000000001
EmissionActivityRatio,BAU,RD,T4GSL_PUB,,CO2e_TRN,1,2022,,,,,,0.06955380000000001
EmissionActivityRatio,BAU,RD,T4GSL_PUB,,CO2e_TRN,1,2023,,,,,,0.06955380000000001
EmissionActivityRatio,BAU,RD,T4GSL_PUB,,CO2e_TRN,1,2024,,,,,,0.06955380000000001
EmissionActivityRatio,BAU,RD,T4GSL_PUB,,CO2e_TRN,1,2025,,,,,,0.06955380000000001
EmissionActivityRatio,BAU,RD,T4GSL_PUB,,CO2e_TRN,1,2026,,,,,,0.06955380000000001
EmissionActivityRatio,BAU,RD,T4GSL_PUB,,CO2e_TRN,1,2027,,,,,,0.06955380000000001
EmissionActivityRatio,BAU,RD,T4GSL_PUB,,CO2e_TRN,1,2028,,,,,,0.06955380000000001
EmissionActivityRatio,BAU,RD,T4GSL_PUB,,CO2e_TRN,1,2029,,,,,,0.06955380000000001
EmissionActivityRatio,BAU,RD,T4GSL_PUB,,CO2e_TRN,1,2030,,,,,,0.06955380000000001
EmissionActivityRatio,BAU,RD,T4GSL_PUB,,CO2e_TRN,1,2031,,,,,,0.06955380000000001
EmissionActivityRatio,BAU,RD,T4GSL_PUB,,CO2e_TRN,1,2032,,,,,,0.06955380000000001
EmissionActivityRatio,BAU,RD,T4GSL_PUB,,CO2e_TRN,1,2033,,,,,,0.06955380000000001
EmissionActivityRatio,BAU,RD,T4GSL_PUB,,CO2e_TRN,1,2034,,,,,,0.06955380000000001
EmissionActivityRatio,BAU,RD,T4GSL_PUB,,CO2e_TRN,1,2035,,,,,,0.06955380000000001
EmissionActivityRatio,BAU,RD,T4GSL_PUB,,CO2e_TRN,1,2036,,,,,,0.06955380000000001
EmissionActivityRatio,BAU,RD,T4GSL_PUB,,CO2e_TRN,1,2037,,,,,,0.06955380000000001
EmissionActivityRatio,BAU,RD,T4GSL_PUB,,CO2e_TRN,1,2038,,,,,,0.06955380000000001
EmissionActivityRatio,BAU,RD,T4GSL_PUB,,CO2e_TRN,1,2039,,,,,,0.06955380000000001
EmissionActivityRatio,BAU,RD,T4GSL_PUB,,CO2e_TRN,1,2040,,,,,,0.06955380000000001
EmissionActivityRatio,BAU,RD,T4GSL_PUB,,CO2e_TRN,1,2041,,,,,,0.06955380000000001
EmissionActivityRatio,BAU,RD,T4GSL_PUB,,CO2e_TRN,1,2042,,,,,,0.06955380000000001
EmissionActivityRatio,BAU,RD,T4GSL_PUB,,CO2e_TRN,1,2043,,,,,,0.06955380000000001
EmissionActivityRatio,BAU,RD,T4GSL_PUB,,CO2e_TRN,1,2044,,,,,,0.06955380000000001
EmissionActivityRatio,BAU,RD,T4GSL_PUB,,CO2e_TRN,1,2045,,,,,,0.06955380000000001
EmissionActivityRatio,BAU,RD,T4GSL_PUB,,CO2e_TRN,1,2046,,,,,,0.06955380000000001
EmissionActivityRatio,BAU,RD,T4GSL_PUB,,CO2e_TRN,1,2047,,,,,,0.06955380000000001
EmissionActivityRatio,BAU,RD,T4GSL_PUB,,CO2e_TRN,1,2048,,,,,,0.06955380000000001
EmissionActivityRatio,BAU,RD,T4GSL_PUB,,CO2e_TRN,1,2049,,,,,,0.06955380000000001
EmissionActivityRatio,BAU,RD,T4GSL_PUB,,CO2e_TRN,1,2050,,,,,,0.06955380000000001
EmissionActivityRatio,BAU,RD,T4LPG_PUB,,CO2e_TRN,1,2018,,,,,,0.0631548
EmissionActivityRatio,BAU,RD,T4LPG_PUB,,CO2e_TRN,1,2019,,,,,,0.0631548
EmissionActivityRatio,BAU,RD,T4LPG_PUB,,CO2e_TRN,1,2020,,,,,,0.0631548
EmissionActivityRatio,BAU,RD,T4LPG_PUB,,CO2e_TRN,1,2021,,,,,,0.0631548
EmissionActivityRatio,BAU,RD,T4LPG_PUB,,CO2e_TRN,1,2022,,,,,,0.0631548
EmissionActivityRatio,BAU,RD,T4LPG_PUB,,CO2e_TRN,1,2023,,,,,,0.0631548
EmissionActivityRatio,BAU,RD,T4LPG_PUB,,CO2e_TRN,1,2024,,,,,,0.0631548
EmissionActivityRatio,BAU,RD,T4LPG_PUB,,CO2e_TRN,1,2025,,,,,,0.0631548
EmissionActivityRatio,BAU,RD,T4LPG_PUB,,CO2e_TRN,1,2026,,,,,,0.0631548
EmissionActivityRatio,BAU,RD,T4LPG_PUB,,CO2e_TRN,1,2027,,,,,,0.0631548
EmissionActivityRatio,BAU,RD,T4LPG_PUB,,CO2e_TRN,1,2028,,,,,,0.0631548
EmissionActivityRatio,BAU,RD,T4LPG_PUB,,CO2e_TRN,1,2029,,,,,,0.0631548
EmissionActivityRatio,BAU,RD,T4LPG_PUB,,CO2e_TRN,1,2030,,,,,,0.0631548
EmissionActivityRatio,BAU,RD,T4LPG_PUB,,CO2e_TRN,1,2031,,,,,,0.0631548
EmissionActivityRatio,BAU,RD,T4LPG_PUB,,CO2e_TRN,1,2032,,,,,,0.0631548
EmissionActivityRatio,BAU,RD,T4LPG_PUB,,CO2e_TRN,1,2033,,,,,,0.0631548
EmissionActivityRatio,BAU,RD,T4LPG_PUB,,CO2e_TRN,1,2034,,,,,,0.0631548
EmissionActivityRatio,BAU,RD,T4LPG_PUB,,CO2e_TRN,1,2035,,,,,,0.0631548
EmissionActivityRatio,BAU,RD,T4LPG_PUB,,CO2e_TRN,1,2036,,,,,,0.0631548
EmissionActivityRatio,BAU,RD,T4LPG_PUB,,CO2e_TRN,1,2037,,,,,,0.0631548
EmissionActivityRatio,BAU,RD,T4LPG_PUB,,CO2e_TRN,1,2038,,,,,,0.0631548
EmissionActivityRatio,BAU,RD,T4LPG_PUB,,CO2e_TRN,1,2039,,,,,,0.0631548
EmissionActivityRatio,BAU,RD,T4LPG_PUB,,CO2e_TRN,1,2040,,,,,,0.0631548
EmissionActivityRatio,BAU,RD,T4LPG_PUB,,CO2e_TRN,1,2041,,,,,,0.0631548
EmissionActivityRatio,BAU,RD,T4LPG_PUB,,CO2e_TRN,1,2042,,,,,,0.0631548
EmissionActivityRatio,BAU,RD,T4LPG_PUB,,CO2e_TRN,1,2043,,,,,,0.0631548
EmissionActivityRatio,BAU,RD,T4LPG_PUB,,CO2e_TRN,1,2044,,,,,,0.0631548
EmissionActivityRatio,BAU,RD,T4LPG_PUB,,CO2e_TRN,1,2045,,,,,,0.0631548
EmissionActivityRatio,BAU,RD,T4LPG_PUB,,CO2e_TRN,1,2046,,,,,,0.0631548
EmissionActivityRatio,BAU,RD,T4LPG_PUB,,CO2e_TRN,1,2047,,,,,,0.0631548
EmissionActivityRatio,BAU,RD,T4LPG_PUB,,CO2e_TRN,1,2048,,,,,,0.0631548
EmissionActivityRatio,BAU,RD,T4LPG_PUB,,CO2e_TRN,1,2049,,,,,,0.0631548
EmissionActivityRatio,BAU,RD,T4LPG_PUB,,CO2e_TRN,1,2050,,,,,,0.0631548
EmissionActivityRatio,BAU,RD,T4DSL_PUB,,CO2e_TRN,1,2018,,,,,,0.07435380000000001
EmissionActivityRatio,BAU,RD,T4DSL_PUB,,CO2e_TRN,1,2019,,,,,,0.07435380000000001
EmissionActivityRatio,BAU,RD,T4DSL_PUB,,CO2e_TRN,1,2020,,,,,,0.07435380000000001
EmissionActivityRatio,BAU,RD,T4DSL_PUB,,CO2e_TRN,1,2021,,,,,,0.07435380000000001
EmissionActivityRatio,BAU,RD,T4DSL_PUB,,CO2e_TRN,1,2022,,,,,,0.07435380000000001
EmissionActivityRatio,BAU,RD,T4DSL_PUB,,CO2e_TRN,1,2023,,,,,,0.07435380000000001
EmissionActivityRatio,BAU,RD,T4DSL_PUB,,CO2e_TRN,1,2024,,,,,,0.07435380000000001
EmissionActivityRatio,BAU,RD,T4DSL_PUB,,CO2e_TRN,1,2025,,,,,,0.07435380000000001
EmissionActivityRatio,BAU,RD,T4DSL_PUB,,CO2e_TRN,1,2026,,,,,,0.07435380000000001
EmissionActivityRatio,BAU,RD,T4DSL_PUB,,CO2e_TRN,1,2027,,,,,,0.07435380000000001
EmissionActivityRatio,BAU,RD,T4DSL_PUB,,CO2e_TRN,1,2028,,,,,,0.07435380000000001
EmissionActivityRatio,BAU,RD,T4DSL_PUB,,CO2e_TRN,1,2029,,,,,,0.07435380000000001
EmissionActivityRatio,BAU,RD,T4DSL_PUB,,CO2e_TRN,1,2030,,,,,,0.07435380000000001
EmissionActivityRatio,BAU,RD,T4DSL_PUB,,CO2e_TRN,1,2031,,,,,,0.07435380000000001
EmissionActivityRatio,BAU,RD,T4DSL_PUB,,CO2e_TRN,1,2032,,,,,,0.07435380000000001
EmissionActivityRatio,BAU,RD,T4DSL_PUB,,CO2e_TRN,1,2033,,,,,,0.07435380000000001
EmissionActivityRatio,BAU,RD,T4DSL_PUB,,CO2e_TRN,1,2034,,,,,,0.07435380000000001
EmissionActivityRatio,BAU,RD,T4DSL_PUB,,CO2e_TRN,1,2035,,,,,,0.07435380000000001
EmissionActivityRatio,BAU,RD,T4DSL_PUB,,CO2e_TRN,1,2036,,,,,,0.07435380000000001
EmissionActivityRatio,BAU,RD,T4DSL_PUB,,CO2e_TRN,1,2037,,,,,,0.07435380000000001
EmissionActivityRatio,BAU,RD,T4DSL_PUB,,CO2e_TRN,1,2038,,,,,,0.07435380000000001
EmissionActivityRatio,BAU,RD,T4DSL_PUB,,CO2e_TRN,1,2039,,,,,,0.07435380000000001
EmissionActivityRatio,BAU,RD,T4DSL_PUB,,CO2e_TRN,1,2040,,,,,,0.07435380000000001
EmissionActivityRatio,BAU,RD,T4DSL_PUB,,CO2e_TRN,1,2041,,,,,,0.07435380000000001
EmissionActivityRatio,BAU,RD,T4DSL_PUB,,CO2e_TRN,1,2042,,,,,,0.07435380000000001
EmissionActivityRatio,BAU,RD,T4DSL_PUB,,CO2e_TRN,1,2043,,,,,,0.07435380000000001
EmissionActivityRatio,BAU,RD,T4DSL_PUB,,CO2e_TRN,1,2044,,,,,,0.07435380000000001
EmissionActivityRatio,BAU,RD,T4DSL_PUB,,CO2e_TRN,1,2045,,,,,,0.07435380000000001
EmissionActivityRatio,BAU,RD,T4DSL_PUB,,CO2e_TRN,1,2046,,,,,,0.07435380000000001
EmissionActivityRatio,BAU,RD,T4DSL_PUB,,CO2e_TRN,1,2047,,,,,,0.07435380000000001
EmissionActivityRatio,BAU,RD,T4DSL_PUB,,CO2e_TRN,1,2048,,,,,,0.07435380000000001
EmissionActivityRatio,BAU,RD,T4DSL_PUB,,CO2e_TRN,1,2049,,,,,,0.07435380000000001
EmissionActivityRatio,BAU,RD,T4DSL_PUB,,CO2e_TRN,1,2050,,,,,,0.07435380000000001
EmissionActivityRatio,BAU,RD,T4DSL_TUR,,CO2e_TRN,1,2018,,,,,,0.07435380000000001
EmissionActivityRatio,BAU,RD,T4DSL_TUR,,CO2e_TRN,1,2019,,,,,,0.07435380000000001
EmissionActivityRatio,BAU,RD,T4DSL_TUR,,CO2e_TRN,1,2020,,,,,,0.07435380000000001
EmissionActivityRatio,BAU,RD,T4DSL_TUR,,CO2e_TRN,1,2021,,,,,,0.07435380000000001
EmissionActivityRatio,BAU,RD,T4DSL_TUR,,CO2e_TRN,1,2022,,,,,,0.07435380000000001
EmissionActivityRatio,BAU,RD,T4DSL_TUR,,CO2e_TRN,1,2023,,,,,,0.07435380000000001
EmissionActivityRatio,BAU,RD,T4DSL_TUR,,CO2e_TRN,1,2024,,,,,,0.07435380000000001
EmissionActivityRatio,BAU,RD,T4DSL_TUR,,CO2e_TRN,1,2025,,,,,,0.07435380000000001
EmissionActivityRatio,BAU,RD,T4DSL_TUR,,CO2e_TRN,1,2026,,,,,,0.07435380000000001
EmissionActivityRatio,BAU,RD,T4DSL_TUR,,CO2e_TRN,1,2027,,,,,,0.07435380000000001
EmissionActivityRatio,BAU,RD,T4DSL_TUR,,CO2e_TRN,1,2028,,,,,,0.07435380000000001
EmissionActivityRatio,BAU,RD,T4DSL_TUR,,CO2e_TRN,1,2029,,,,,,0.07435380000000001
EmissionActivityRatio,BAU,RD,T4DSL_TUR,,CO2e_TRN,1,2030,,,,,,0.07435380000000001
EmissionActivityRatio,BAU,RD,T4DSL_TUR,,CO2e_TRN,1,2031,,,,,,0.07435380000000001
EmissionActivityRatio,BAU,RD,T4DSL_TUR,,CO2e_TRN,1,2032,,,,,,0.07435380000000001
EmissionActivityRatio,BAU,RD,T4DSL_TUR,,CO2e_TRN,1,2033,,,,,,0.07435380000000001
EmissionActivityRatio,BAU,RD,T4DSL_TUR,,CO2e_TRN,1,2034,,,,,,0.07435380000000001
EmissionActivityRatio,BAU,RD,T4DSL_TUR,,CO2e_TRN,1,2035,,,,,,0.07435380000000001
EmissionActivityRatio,BAU,RD,T4DSL_TUR,,CO2e_TRN,1,2036,,,,,,0.07435380000000001
EmissionActivityRatio,BAU,RD,T4DSL_TUR,,CO2e_TRN,1,2037,,,,,,0.07435380000000001
EmissionActivityRatio,BAU,RD,T4DSL_TUR,,CO2e_TRN,1,2038,,,,,,0.07435380000000001
EmissionActivityRatio,BAU,RD,T4DSL_TUR,,CO2e_TRN,1,2039,,,,,,0.07435380000000001
EmissionActivityRatio,BAU,RD,T4DSL_TUR,,CO2e_TRN,1,2040,,,,,,0.07435380000000001
EmissionActivityRatio,BAU,RD,T4DSL_TUR,,CO2e_TRN,1,2041,,,,,,0.07435380000000001
EmissionActivityRatio,BAU,RD,T4DSL_TUR,,CO2e_TRN,1,2042,,,,,,0.07435380000000001
EmissionActivityRatio,BAU,RD,T4DSL_TUR,,CO2e_TRN,1,2043,,,,,,0.07435380000000001
EmissionActivityRatio,BAU,RD,T4DSL_TUR,,CO2e_TRN,1,2044,,,,,,0.07435380000000001
EmissionActivityRatio,BAU,RD,T4DSL_TUR,,CO2e_TRN,1,2045,,,,,,0.07435380000000001
EmissionActivityRatio,BAU,RD,T4DSL_TUR,,CO2e_TRN,1,2046,,,,,,0.07435380000000001
EmissionActivityRatio,BAU,RD,T4DSL_TUR,,CO2e_TRN,1,2047,,,,,,0.07435380000000001
EmissionActivityRatio,BAU,RD,T4DSL_TUR,,CO2e_TRN,1,2048,,,,,,0.07435380000000001
EmissionActivityRatio,BAU,RD,T4DSL_TUR,,CO2e_TRN,1,2049,,,,,,0.07435380000000001
EmissionActivityRatio,BAU,RD,T4DSL_TUR,,CO2e_TRN,1,2050,,,,,,0.07435380000000001
EmissionActivityRatio,BAU,RD,T4GSL_TUR,,CO2e_TRN,1,2018,,,,,,0.06955380000000001
EmissionActivityRatio,BAU,RD,T4GSL_TUR,,CO2e_TRN,1,2019,,,,,,0.06955380000000001
EmissionActivityRatio,BAU,RD,T4GSL_TUR,,CO2e_TRN,1,2020,,,,,,0.06955380000000001
EmissionActivityRatio,BAU,RD,T4GSL_TUR,,CO2e_TRN,1,2021,,,,,,0.06955380000000001
EmissionActivityRatio,BAU,RD,T4GSL_TUR,,CO2e_TRN,1,2022,,,,,,0.06955380000000001
EmissionActivityRatio,BAU,RD,T4GSL_TUR,,CO2e_TRN,1,2023,,,,,,0.06955380000000001
EmissionActivityRatio,BAU,RD,T4GSL_TUR,,CO2e_TRN,1,2024,,,,,,0.06955380000000001
EmissionActivityRatio,BAU,RD,T4GSL_TUR,,CO2e_TRN,1,2025,,,,,,0.06955380000000001
EmissionActivityRatio,BAU,RD,T4GSL_TUR,,CO2e_TRN,1,2026,,,,,,0.06955380000000001
EmissionActivityRatio,BAU,RD,T4GSL_TUR,,CO2e_TRN,1,2027,,,,,,0.06955380000000001
EmissionActivityRatio,BAU,RD,T4GSL_TUR,,CO2e_TRN,1,2028,,,,,,0.06955380000000001
EmissionActivityRatio,BAU,RD,T4GSL_TUR,,CO2e_TRN,1,2029,,,,,,0.06955380000000001
EmissionActivityRatio,BAU,RD,T4GSL_TUR,,CO2e_TRN,1,2030,,,,,,0.06955380000000001
EmissionActivityRatio,BAU,RD,T4GSL_TUR,,CO2e_TRN,1,2031,,,,,,0.06955380000000001
EmissionActivityRatio,BAU,RD,T4GSL_TUR,,CO2e_TRN,1,2032,,,,,,0.06955380000000001
EmissionActivityRatio,BAU,RD,T4GSL_TUR,,CO2e_TRN,1,2033,,,,,,0.06955380000000001
EmissionActivityRatio,BAU,RD,T4GSL_TUR,,CO2e_TRN,1,2034,,,,,,0.06955380000000001
EmissionActivityRatio,BAU,RD,T4GSL_TUR,,CO2e_TRN,1,2035,,,,,,0.06955380000000001
EmissionActivityRatio,BAU,RD,T4GSL_TUR,,CO2e_TRN,1,2036,,,,,,0.06955380000000001
EmissionActivityRatio,BAU,RD,T4GSL_TUR,,CO2e_TRN,1,2037,,,,,,0.06955380000000001
EmissionActivityRatio,BAU,RD,T4GSL_TUR,,CO2e_TRN,1,2038,,,,,,0.06955380000000001
EmissionActivityRatio,BAU,RD,T4GSL_TUR,,CO2e_TRN,1,2039,,,,,,0.06955380000000001
EmissionActivityRatio,BAU,RD,T4GSL_TUR,,CO2e_TRN,1,2040,,,,,,0.06955380000000001
EmissionActivityRatio,BAU,RD,T4GSL_TUR,,CO2e_TRN,1,2041,,,,,,0.06955380000000001
EmissionActivityRatio,BAU,RD,T4GSL_TUR,,CO2e_TRN,1,2042,,,,,,0.06955380000000001
EmissionActivityRatio,BAU,RD,T4GSL_TUR,,CO2e_TRN,1,2043,,,,,,0.06955380000000001
EmissionActivityRatio,BAU,RD,T4GSL_TUR,,CO2e_TRN,1,2044,,,,,,0.06955380000000001
EmissionActivityRatio,BAU,RD,T4GSL_TUR,,CO2e_TRN,1,2045,,,,,,0.06955380000000001
EmissionActivityRatio,BAU,RD,T4GSL_TUR,,CO2e_TRN,1,2046,,,,,,0.06955380000000001
EmissionActivityRatio,BAU,RD,T4GSL_TUR,,CO2e_TRN,1,2047,,,,,,0.06955380000000001
EmissionActivityRatio,BAU,RD,T4GSL_TUR,,CO2e_TRN,1,2048,,,,,,0.06955380000000001
EmissionActivityRatio,BAU,RD,T4GSL_TUR,,CO2e_TRN,1,2049,,,,,,0.06955380000000001
EmissionActivityRatio,BAU,RD,T4GSL_TUR,,CO2e_TRN,1,2050,,,,,,0.06955380000000001
EmissionActivityRatio,BAU,RD,T4LPG_TUR,,CO2e_TRN,1,2018,,,,,,0.0631548
EmissionActivityRatio,BAU,RD,T4LPG_TUR,,CO2e_TRN,1,2019,,,,,,0.0631548
EmissionActivityRatio,BAU,RD,T4LPG_TUR,,CO2e_TRN,1,2020,,,,,,0.0631548
EmissionActivityRatio,BAU,RD,T4LPG_TUR,,CO2e_TRN,1,2021,,,,,,0.0631548
EmissionActivityRatio,BAU,RD,T4LPG_TUR,,CO2e_TRN,1,2022,,,,,,0.0631548
EmissionActivityRatio,BAU,RD,T4LPG_TUR,,CO2e_TRN,1,2023,,,,,,0.0631548
EmissionActivityRatio,BAU,RD,T4LPG_TUR,,CO2e_TRN,1,2024,,,,,,0.0631548
EmissionActivityRatio,BAU,RD,T4LPG_TUR,,CO2e_TRN,1,2025,,,,,,0.0631548
EmissionActivityRatio,BAU,RD,T4LPG_TUR,,CO2e_TRN,1,2026,,,,,,0.0631548
EmissionActivityRatio,BAU,RD,T4LPG_TUR,,CO2e_TRN,1,2027,,,,,,0.0631548
EmissionActivityRatio,BAU,RD,T4LPG_TUR,,CO2e_TRN,1,2028,,,,,,0.0631548
EmissionActivityRatio,BAU,RD,T4LPG_TUR,,CO2e_TRN,1,2029,,,,,,0.0631548
EmissionActivityRatio,BAU,RD,T4LPG_TUR,,CO2e_TRN,1,2030,,,,,,0.0631548
EmissionActivityRatio,BAU,RD,T4LPG_TUR,,CO2e_TRN,1,2031,,,,,,0.0631548
EmissionActivityRatio,BAU,RD,T4LPG_TUR,,CO2e_TRN,1,2032,,,,,,0.0631548
EmissionActivityRatio,BAU,RD,T4LPG_TUR,,CO2e_TRN,1,2033,,,,,,0.0631548
EmissionActivityRatio,BAU,RD,T4LPG_TUR,,CO2e_TRN,1,2034,,,,,,0.0631548
EmissionActivityRatio,BAU,RD,T4LPG_TUR,,CO2e_TRN,1,2035,,,,,,0.0631548
EmissionActivityRatio,BAU,RD,T4LPG_TUR,,CO2e_TRN,1,2036,,,,,,0.0631548
EmissionActivityRatio,BAU,RD,T4LPG_TUR,,CO2e_TRN,1,2037,,,,,,0.0631548
EmissionActivityRatio,BAU,RD,T4LPG_TUR,,CO2e_TRN,1,2038,,,,,,0.0631548
EmissionActivityRatio,BAU,RD,T4LPG_TUR,,CO2e_TRN,1,2039,,,,,,0.0631548
EmissionActivityRatio,BAU,RD,T4LPG_TUR,,CO2e_TRN,1,2040,,,,,,0.0631548
EmissionActivityRatio,BAU,RD,T4LPG_TUR,,CO2e_TRN,1,2041,,,,,,0.0631548
EmissionActivityRatio,BAU,RD,T4LPG_TUR,,CO2e_TRN,1,2042,,,,,,0.0631548
EmissionActivityRatio,BAU,RD,T4LPG_TUR,,CO2e_TRN,1,2043,,,,,,0.0631548
EmissionActivityRatio,BAU,RD,T4LPG_TUR,,CO2e_TRN,1,2044,,,,,,0.0631548
EmissionActivityRatio,BAU,RD,T4LPG_TUR,,CO2e_TRN,1,2045,,,,,,0.0631548
EmissionActivityRatio,BAU,RD,T4LPG_TUR,,CO2e_TRN,1,2046,,,,,,0.0631548
EmissionActivityRatio,BAU,RD,T4LPG_TUR,,CO2e_TRN,1,2047,,,,,,0.0631548
EmissionActivityRatio,BAU,RD,T4LPG_TUR,,CO2e_TRN,1,2048,,,,,,0.0631548
EmissionActivityRatio,BAU,RD,T4LPG_TUR,,CO2e_TRN,1,2049,,,,,,0.0631548
EmissionActivityRatio,BAU,RD,T4LPG_TUR,,CO2e_TRN,1,2050,,,,,,0.0631548
EmissionActivityRatio,BAU,RD,T4DSL_HEA,,CO2e_TRN,1,2018,,,,,,0.07435380000000001
EmissionActivityRatio,BAU,RD,T4DSL_HEA,,CO2e_TRN,1,2019,,,,,,0.07435380000000001
EmissionActivityRatio,BAU,RD,T4DSL_HEA,,CO2e_TRN,1,2020,,,,,,0.07435380000000001
EmissionActivityRatio,BAU,RD,T4DSL_HEA,,CO2e_TRN,1,2021,,,,,,0.07435380000000001
EmissionActivityRatio,BAU,RD,T4DSL_HEA,,CO2e_TRN,1,2022,,,,,,0.07435380000000001
EmissionActivityRatio,BAU,RD,T4DSL_HEA,,CO2e_TRN,1,2023,,,,,,0.07435380000000001
EmissionActivityRatio,BAU,RD,T4DSL_HEA,,CO2e_TRN,1,2024,,,,,,0.07435380000000001
EmissionActivityRatio,BAU,RD,T4DSL_HEA,,CO2e_TRN,1,2025,,,,,,0.07435380000000001
EmissionActivityRatio,BAU,RD,T4DSL_HEA,,CO2e_TRN,1,2026,,,,,,0.07435380000000001
EmissionActivityRatio,BAU,RD,T4DSL_HEA,,CO2e_TRN,1,2027,,,,,,0.07435380000000001
EmissionActivityRatio,BAU,RD,T4DSL_HEA,,CO2e_TRN,1,2028,,,,,,0.07435380000000001
EmissionActivityRatio,BAU,RD,T4DSL_HEA,,CO2e_TRN,1,2029,,,,,,0.07435380000000001
EmissionActivityRatio,BAU,RD,T4DSL_HEA,,CO2e_TRN,1,2030,,,,,,0.07435380000000001
EmissionActivityRatio,BAU,RD,T4DSL_HEA,,CO2e_TRN,1,2031,,,,,,0.07435380000000001
EmissionActivityRatio,BAU,RD,T4DSL_HEA,,CO2e_TRN,1,2032,,,,,,0.07435380000000001
EmissionActivityRatio,BAU,RD,T4DSL_HEA,,CO2e_TRN,1,2033,,,,,,0.07435380000000001
EmissionActivityRatio,BAU,RD,T4DSL_HEA,,CO2e_TRN,1,2034,,,,,,0.07435380000000001
EmissionActivityRatio,BAU,RD,T4DSL_HEA,,CO2e_TRN,1,2035,,,,,,0.07435380000000001
EmissionActivityRatio,BAU,RD,T4DSL_HEA,,CO2e_TRN,1,2036,,,,,,0.07435380000000001
EmissionActivityRatio,BAU,RD,T4DSL_HEA,,CO2e_TRN,1,2037,,,,,,0.07435380000000001
EmissionActivityRatio,BAU,RD,T4DSL_HEA,,CO2e_TRN,1,2038,,,,,,0.07435380000000001
EmissionActivityRatio,BAU,RD,T4DSL_HEA,,CO2e_TRN,1,2039,,,,,,0.07435380000000001
EmissionActivityRatio,BAU,RD,T4DSL_HEA,,CO2e_TRN,1,2040,,,,,,0.07435380000000001
EmissionActivityRatio,BAU,RD,T4DSL_HEA,,CO2e_TRN,1,2041,,,,,,0.07435380000000001
EmissionActivityRatio,BAU,RD,T4DSL_HEA,,CO2e_TRN,1,2042,,,,,,0.07435380000000001
EmissionActivityRatio,BAU,RD,T4DSL_HEA,,CO2e_TRN,1,2043,,,,,,0.07435380000000001
EmissionActivityRatio,BAU,RD,T4DSL_HEA,,CO2e_TRN,1,2044,,,,,,0.07435380000000001
EmissionActivityRatio,BAU,RD,T4DSL_HEA,,CO2e_TRN,1,2045,,,,,,0.07435380000000001
EmissionActivityRatio,BAU,RD,T4DSL_HEA,,CO2e_TRN,1,2046,,,,,,0.07435380000000001
EmissionActivityRatio,BAU,RD,T4DSL_HEA,,CO2e_TRN,1,2047,,,,,,0.07435380000000001
EmissionActivityRatio,BAU,RD,T4DSL_HEA,,CO2e_TRN,1,2048,,,,,,0.07435380000000001
EmissionActivityRatio,BAU,RD,T4DSL_HEA,,CO2e_TRN,1,2049,,,,,,0.07435380000000001
EmissionActivityRatio,BAU,RD,T4DSL_HEA,,CO2e_TRN,1,2050,,,,,,0.07435380000000001
EmissionActivityRatio,BAU,RD,T4GSL_HEA,,CO2e_TRN,1,2018,,,,,,0.06955380000000001
EmissionActivityRatio,BAU,RD,T4GSL_HEA,,CO2e_TRN,1,2019,,,,,,0.06955380000000001
EmissionActivityRatio,BAU,RD,T4GSL_HEA,,CO2e_TRN,1,2020,,,,,,0.06955380000000001
EmissionActivityRatio,BAU,RD,T4GSL_HEA,,CO2e_TRN,1,2021,,,,,,0.06955380000000001
EmissionActivityRatio,BAU,RD,T4GSL_HEA,,CO2e_TRN,1,2022,,,,,,0.06955380000000001
EmissionActivityRatio,BAU,RD,T4GSL_HEA,,CO2e_TRN,1,2023,,,,,,0.06955380000000001
EmissionActivityRatio,BAU,RD,T4GSL_HEA,,CO2e_TRN,1,2024,,,,,,0.06955380000000001
EmissionActivityRatio,BAU,RD,T4GSL_HEA,,CO2e_TRN,1,2025,,,,,,0.06955380000000001
EmissionActivityRatio,BAU,RD,T4GSL_HEA,,CO2e_TRN,1,2026,,,,,,0.06955380000000001
EmissionActivityRatio,BAU,RD,T4GSL_HEA,,CO2e_TRN,1,2027,,,,,,0.06955380000000001
EmissionActivityRatio,BAU,RD,T4GSL_HEA,,CO2e_TRN,1,2028,,,,,,0.06955380000000001
EmissionActivityRatio,BAU,RD,T4GSL_HEA,,CO2e_TRN,1,2029,,,,,,0.06955380000000001
EmissionActivityRatio,BAU,RD,T4GSL_HEA,,CO2e_TRN,1,2030,,,,,,0.06955380000000001
EmissionActivityRatio,BAU,RD,T4GSL_HEA,,CO2e_TRN,1,2031,,,,,,0.06955380000000001
EmissionActivityRatio,BAU,RD,T4GSL_HEA,,CO2e_TRN,1,2032,,,,,,0.06955380000000001
EmissionActivityRatio,BAU,RD,T4GSL_HEA,,CO2e_TRN,1,2033,,,,,,0.06955380000000001
EmissionActivityRatio,BAU,RD,T4GSL_HEA,,CO2e_TRN,1,2034,,,,,,0.06955380000000001
EmissionActivityRatio,BAU,RD,T4GSL_HEA,,CO2e_TRN,1,2035,,,,,,0.06955380000000001
EmissionActivityRatio,BAU,RD,T4GSL_HEA,,CO2e_TRN,1,2036,,,,,,0.06955380000000001
EmissionActivityRatio,BAU,RD,T4GSL_HEA,,CO2e_TRN,1,2037,,,,,,0.06955380000000001
EmissionActivityRatio,BAU,RD,T4GSL_HEA,,CO2e_TRN,1,2038,,,,,,0.06955380000000001
EmissionActivityRatio,BAU,RD,T4GSL_HEA,,CO2e_TRN,1,2039,,,,,,0.06955380000000001
EmissionActivityRatio,BAU,RD,T4GSL_HEA,,CO2e_TRN,1,2040,,,,,,0.06955380000000001
EmissionActivityRatio,BAU,RD,T4GSL_HEA,,CO2e_TRN,1,2041,,,,,,0.06955380000000001
EmissionActivityRatio,BAU,RD,T4GSL_HEA,,CO2e_TRN,1,2042,,,,,,0.06955380000000001
EmissionActivityRatio,BAU,RD,T4GSL_HEA,,CO2e_TRN,1,2043,,,,,,0.06955380000000001
EmissionActivityRatio,BAU,RD,T4GSL_HEA,,CO2e_TRN,1,2044,,,,,,0.06955380000000001
EmissionActivityRatio,BAU,RD,T4GSL_HEA,,CO2e_TRN,1,2045,,,,,,0.06955380000000001
EmissionActivityRatio,BAU,RD,T4GSL_HEA,,CO2e_TRN,1,2046,,,,,,0.06955380000000001
EmissionActivityRatio,BAU,RD,T4GSL_HEA,,CO2e_TRN,1,2047,,,,,,0.06955380000000001
EmissionActivityRatio,BAU,RD,T4GSL_HEA,,CO2e_TRN,1,2048,,,,,,0.06955380000000001
EmissionActivityRatio,BAU,RD,T4GSL_HEA,,CO2e_TRN,1,2049,,,,,,0.06955380000000001
EmissionActivityRatio,BAU,RD,T4GSL_HEA,,CO2e_TRN,1,2050,,,,,,0.06955380000000001
EmissionActivityRatio,BAU,RD,T4LPG_HEA,,CO2e_TRN,1,2018,,,,,,0.0631548
EmissionActivityRatio,BAU,RD,T4LPG_HEA,,CO2e_TRN,1,2019,,,,,,0.0631548
EmissionActivityRatio,BAU,RD,T4LPG_HEA,,CO2e_TRN,1,2020,,,,,,0.0631548
EmissionActivityRatio,BAU,RD,T4LPG_HEA,,CO2e_TRN,1,2021,,,,,,0.0631548
EmissionActivityRatio,BAU,RD,T4LPG_HEA,,CO2e_TRN,1,2022,,,,,,0.0631548
EmissionActivityRatio,BAU,RD,T4LPG_HEA,,CO2e_TRN,1,2023,,,,,,0.0631548
EmissionActivityRatio,BAU,RD,T4LPG_HEA,,CO2e_TRN,1,2024,,,,,,0.0631548
EmissionActivityRatio,BAU,RD,T4LPG_HEA,,CO2e_TRN,1,2025,,,,,,0.0631548
EmissionActivityRatio,BAU,RD,T4LPG_HEA,,CO2e_TRN,1,2026,,,,,,0.0631548
EmissionActivityRatio,BAU,RD,T4LPG_HEA,,CO2e_TRN,1,2027,,,,,,0.0631548
EmissionActivityRatio,BAU,RD,T4LPG_HEA,,CO2e_TRN,1,2028,,,,,,0.0631548
EmissionActivityRatio,BAU,RD,T4LPG_HEA,,CO2e_TRN,1,2029,,,,,,0.0631548
EmissionActivityRatio,BAU,RD,T4LPG_HEA,,CO2e_TRN,1,2030,,,,,,0.0631548
EmissionActivityRatio,BAU,RD,T4LPG_HEA,,CO2e_TRN,1,2031,,,,,,0.0631548
EmissionActivityRatio,BAU,RD,T4LPG_HEA,,CO2e_TRN,1,2032,,,,,,0.0631548
EmissionActivityRatio,BAU,RD,T4LPG_HEA,,CO2e_TRN,1,2033,,,,,,0.0631548
EmissionActivityRatio,BAU,RD,T4LPG_HEA,,CO2e_TRN,1,2034,,,,,,0.0631548
EmissionActivityRatio,BAU,RD,T4LPG_HEA,,CO2e_TRN,1,2035,,,,,,0.0631548
EmissionActivityRatio,BAU,RD,T4LPG_HEA,,CO2e_TRN,1,2036,,,,,,0.0631548
EmissionActivityRatio,BAU,RD,T4LPG_HEA,,CO2e_TRN,1,2037,,,,,,0.0631548
EmissionActivityRatio,BAU,RD,T4LPG_HEA,,CO2e_TRN,1,2038,,,,,,0.0631548
EmissionActivityRatio,BAU,RD,T4LPG_HEA,,CO2e_TRN,1,2039,,,,,,0.0631548
EmissionActivityRatio,BAU,RD,T4LPG_HEA,,CO2e_TRN,1,2040,,,,,,0.0631548
EmissionActivityRatio,BAU,RD,T4LPG_HEA,,CO2e_TRN,1,2041,,,,,,0.0631548
EmissionActivityRatio,BAU,RD,T4LPG_HEA,,CO2e_TRN,1,2042,,,,,,0.0631548
EmissionActivityRatio,BAU,RD,T4LPG_HEA,,CO2e_TRN,1,2043,,,,,,0.0631548
EmissionActivityRatio,BAU,RD,T4LPG_HEA,,CO2e_TRN,1,2044,,,,,,0.0631548
EmissionActivityRatio,BAU,RD,T4LPG_HEA,,CO2e_TRN,1,2045,,,,,,0.0631548
EmissionActivityRatio,BAU,RD,T4LPG_HEA,,CO2e_TRN,1,2046,,,,,,0.0631548
EmissionActivityRatio,BAU,RD,T4LPG_HEA,,CO2e_TRN,1,2047,,,,,,0.0631548
EmissionActivityRatio,BAU,RD,T4LPG_HEA,,CO2e_TRN,1,2048,,,,,,0.0631548
EmissionActivityRatio,BAU,RD,T4LPG_HEA,,CO2e_TRN,1,2049,,,,,,0.0631548
EmissionActivityRatio,BAU,RD,T4LPG_HEA,,CO2e_TRN,1,2050,,,,,,0.0631548
EmissionActivityRatio,BAU,RD,T4DSL_LIG,,CO2e_TRN,1,2018,,,,,,0.07435380000000001
EmissionActivityRatio,BAU,RD,T4DSL_LIG,,CO2e_TRN,1,2019,,,,,,0.07435380000000001
EmissionActivityRatio,BAU,RD,T4DSL_LIG,,CO2e_TRN,1,2020,,,,,,0.07435380000000001
EmissionActivityRatio,BAU,RD,T4DSL_LIG,,CO2e_TRN,1,2021,,,,,,0.07435380000000001
EmissionActivityRatio,BAU,RD,T4DSL_LIG,,CO2e_TRN,1,2022,,,,,,0.07435380000000001
EmissionActivityRatio,BAU,RD,T4DSL_LIG,,CO2e_TRN,1,2023,,,,,,0.07435380000000001
EmissionActivityRatio,BAU,RD,T4DSL_LIG,,CO2e_TRN,1,2024,,,,,,0.07435380000000001
EmissionActivityRatio,BAU,RD,T4DSL_LIG,,CO2e_TRN,1,2025,,,,,,0.07435380000000001
EmissionActivityRatio,BAU,RD,T4DSL_LIG,,CO2e_TRN,1,2026,,,,,,0.07435380000000001
EmissionActivityRatio,BAU,RD,T4DSL_LIG,,CO2e_TRN,1,2027,,,,,,0.07435380000000001
EmissionActivityRatio,BAU,RD,T4DSL_LIG,,CO2e_TRN,1,2028,,,,,,0.07435380000000001
EmissionActivityRatio,BAU,RD,T4DSL_LIG,,CO2e_TRN,1,2029,,,,,,0.07435380000000001
EmissionActivityRatio,BAU,RD,T4DSL_LIG,,CO2e_TRN,1,2030,,,,,,0.07435380000000001
EmissionActivityRatio,BAU,RD,T4DSL_LIG,,CO2e_TRN,1,2031,,,,,,0.07435380000000001
EmissionActivityRatio,BAU,RD,T4DSL_LIG,,CO2e_TRN,1,2032,,,,,,0.07435380000000001
EmissionActivityRatio,BAU,RD,T4DSL_LIG,,CO2e_TRN,1,2033,,,,,,0.07435380000000001
EmissionActivityRatio,BAU,RD,T4DSL_LIG,,CO2e_TRN,1,2034,,,,,,0.07435380000000001
EmissionActivityRatio,BAU,RD,T4DSL_LIG,,CO2e_TRN,1,2035,,,,,,0.07435380000000001
EmissionActivityRatio,BAU,RD,T4DSL_LIG,,CO2e_TRN,1,2036,,,,,,0.07435380000000001
EmissionActivityRatio,BAU,RD,T4DSL_LIG,,CO2e_TRN,1,2037,,,,,,0.07435380000000001
EmissionActivityRatio,BAU,RD,T4DSL_LIG,,CO2e_TRN,1,2038,,,,,,0.07435380000000001
EmissionActivityRatio,BAU,RD,T4DSL_LIG,,CO2e_TRN,1,2039,,,,,,0.07435380000000001
EmissionActivityRatio,BAU,RD,T4DSL_LIG,,CO2e_TRN,1,2040,,,,,,0.07435380000000001
EmissionActivityRatio,BAU,RD,T4DSL_LIG,,CO2e_TRN,1,2041,,,,,,0.07435380000000001
EmissionActivityRatio,BAU,RD,T4DSL_LIG,,CO2e_TRN,1,2042,,,,,,0.07435380000000001
EmissionActivityRatio,BAU,RD,T4DSL_LIG,,CO2e_TRN,1,2043,,,,,,0.07435380000000001
EmissionActivityRatio,BAU,RD,T4DSL_LIG,,CO2e_TRN,1,2044,,,,,,0.07435380000000001
EmissionActivityRatio,BAU,RD,T4DSL_LIG,,CO2e_TRN,1,2045,,,,,,0.07435380000000001
EmissionActivityRatio,BAU,RD,T4DSL_LIG,,CO2e_TRN,1,2046,,,,,,0.07435380000000001
EmissionActivityRatio,BAU,RD,T4DSL_LIG,,CO2e_TRN,1,2047,,,,,,0.07435380000000001
EmissionActivityRatio,BAU,RD,T4DSL_LIG,,CO2e_TRN,1,2048,,,,,,0.07435380000000001
EmissionActivityRatio,BAU,RD,T4DSL_LIG,,CO2e_TRN,1,2049,,,,,,0.07435380000000001
EmissionActivityRatio,BAU,RD,T4DSL_LIG,,CO2e_TRN,1,2050,,,,,,0.07435380000000001
EmissionActivityRatio,BAU,RD,T4GSL_LIG,,CO2e_TRN,1,2018,,,,,,0.06955380000000001
EmissionActivityRatio,BAU,RD,T4GSL_LIG,,CO2e_TRN,1,2019,,,,,,0.06955380000000001
EmissionActivityRatio,BAU,RD,T4GSL_LIG,,CO2e_TRN,1,2020,,,,,,0.06955380000000001
EmissionActivityRatio,BAU,RD,T4GSL_LIG,,CO2e_TRN,1,2021,,,,,,0.06955380000000001
EmissionActivityRatio,BAU,RD,T4GSL_LIG,,CO2e_TRN,1,2022,,,,,,0.06955380000000001
EmissionActivityRatio,BAU,RD,T4GSL_LIG,,CO2e_TRN,1,2023,,,,,,0.06955380000000001
EmissionActivityRatio,BAU,RD,T4GSL_LIG,,CO2e_TRN,1,2024,,,,,,0.06955380000000001
EmissionActivityRatio,BAU,RD,T4GSL_LIG,,CO2e_TRN,1,2025,,,,,,0.06955380000000001
EmissionActivityRatio,BAU,RD,T4GSL_LIG,,CO2e_TRN,1,2026,,,,,,0.06955380000000001
EmissionActivityRatio,BAU,RD,T4GSL_LIG,,CO2e_TRN,1,2027,,,,,,0.06955380000000001
EmissionActivityRatio,BAU,RD,T4GSL_LIG,,CO2e_TRN,1,2028,,,,,,0.06955380000000001
EmissionActivityRatio,BAU,RD,T4GSL_LIG,,CO2e_TRN,1,2029,,,,,,0.06955380000000001
EmissionActivityRatio,BAU,RD,T4GSL_LIG,,CO2e_TRN,1,2030,,,,,,0.06955380000000001
EmissionActivityRatio,BAU,RD,T4GSL_LIG,,CO2e_TRN,1,2031,,,,,,0.06955380000000001
EmissionActivityRatio,BAU,RD,T4GSL_LIG,,CO2e_TRN,1,2032,,,,,,0.06955380000000001
EmissionActivityRatio,BAU,RD,T4GSL_LIG,,CO2e_TRN,1,2033,,,,,,0.06955380000000001
EmissionActivityRatio,BAU,RD,T4GSL_LIG,,CO2e_TRN,1,2034,,,,,,0.06955380000000001
EmissionActivityRatio,BAU,RD,T4GSL_LIG,,CO2e_TRN,1,2035,,,,,,0.06955380000000001
EmissionActivityRatio,BAU,RD,T4GSL_LIG,,CO2e_TRN,1,2036,,,,,,0.06955380000000001
EmissionActivityRatio,BAU,RD,T4GSL_LIG,,CO2e_TRN,1,2037,,,,,,0.06955380000000001
EmissionActivityRatio,BAU,RD,T4GSL_LIG,,CO2e_TRN,1,2038,,,,,,0.06955380000000001
EmissionActivityRatio,BAU,RD,T4GSL_LIG,,CO2e_TRN,1,2039,,,,,,0.06955380000000001
EmissionActivityRatio,BAU,RD,T4GSL_LIG,,CO2e_TRN,1,2040,,,,,,0.06955380000000001
EmissionActivityRatio,BAU,RD,T4GSL_LIG,,CO2e_TRN,1,2041,,,,,,0.06955380000000001
EmissionActivityRatio,BAU,RD,T4GSL_LIG,,CO2e_TRN,1,2042,,,,,,0.06955380000000001
EmissionActivityRatio,BAU,RD,T4GSL_LIG,,CO2e_TRN,1,2043,,,,,,0.06955380000000001
EmissionActivityRatio,BAU,RD,T4GSL_LIG,,CO2e_TRN,1,2044,,,,,,0.06955380000000001
EmissionActivityRatio,BAU,RD,T4GSL_LIG,,CO2e_TRN,1,2045,,,,,,0.06955380000000001
EmissionActivityRatio,BAU,RD,T4GSL_LIG,,CO2e_TRN,1,2046,,,,,,0.06955380000000001
EmissionActivityRatio,BAU,RD,T4GSL_LIG,,CO2e_TRN,1,2047,,,,,,0.06955380000000001
EmissionActivityRatio,BAU,RD,T4GSL_LIG,,CO2e_TRN,1,2048,,,,,,0.06955380000000001
EmissionActivityRatio,BAU,RD,T4GSL_LIG,,CO2e_TRN,1,2049,,,,,,0.06955380000000001
EmissionActivityRatio,BAU,RD,T4GSL_LIG,,CO2e_TRN,1,2050,,,,,,0.06955380000000001
EmissionActivityRatio,BAU,RD,T4NGS_LIG,,CO2e_TRN,1,2018,,,,,,0.0561548
EmissionActivityRatio,BAU,RD,T4NGS_LIG,,CO2e_TRN,1,2019,,,,,,0.0561548
EmissionActivityRatio,BAU,RD,T4NGS_LIG,,CO2e_TRN,1,2020,,,,,,0.0561548
EmissionActivityRatio,BAU,RD,T4NGS_LIG,,CO2e_TRN,1,2021,,,,,,0.0561548
EmissionActivityRatio,BAU,RD,T4NGS_LIG,,CO2e_TRN,1,2022,,,,,,0.0561548
EmissionActivityRatio,BAU,RD,T4NGS_LIG,,CO2e_TRN,1,2023,,,,,,0.0561548
EmissionActivityRatio,BAU,RD,T4NGS_LIG,,CO2e_TRN,1,2024,,,,,,0.0561548
EmissionActivityRatio,BAU,RD,T4NGS_LIG,,CO2e_TRN,1,2025,,,,,,0.0561548
EmissionActivityRatio,BAU,RD,T4NGS_LIG,,CO2e_TRN,1,2026,,,,,,0.0561548
EmissionActivityRatio,BAU,RD,T4NGS_LIG,,CO2e_TRN,1,2027,,,,,,0.0561548
EmissionActivityRatio,BAU,RD,T4NGS_LIG,,CO2e_TRN,1,2028,,,,,,0.0561548
EmissionActivityRatio,BAU,RD,T4NGS_LIG,,CO2e_TRN,1,2029,,,,,,0.0561548
EmissionActivityRatio,BAU,RD,T4NGS_LIG,,CO2e_TRN,1,2030,,,,,,0.0561548
EmissionActivityRatio,BAU,RD,T4NGS_LIG,,CO2e_TRN,1,2031,,,,,,0.0561548
EmissionActivityRatio,BAU,RD,T4NGS_LIG,,CO2e_TRN,1,2032,,,,,,0.0561548
EmissionActivityRatio,BAU,RD,T4NGS_LIG,,CO2e_TRN,1,2033,,,,,,0.0561548
EmissionActivityRatio,BAU,RD,T4NGS_LIG,,CO2e_TRN,1,2034,,,,,,0.0561548
EmissionActivityRatio,BAU,RD,T4NGS_LIG,,CO2e_TRN,1,2035,,,,,,0.0561548
EmissionActivityRatio,BAU,RD,T4NGS_LIG,,CO2e_TRN,1,2036,,,,,,0.0561548
EmissionActivityRatio,BAU,RD,T4NGS_LIG,,CO2e_TRN,1,2037,,,,,,0.0561548
EmissionActivityRatio,BAU,RD,T4NGS_LIG,,CO2e_TRN,1,2038,,,,,,0.0561548
EmissionActivityRatio,BAU,RD,T4NGS_LIG,,CO2e_TRN,1,2039,,,,,,0.0561548
EmissionActivityRatio,BAU,RD,T4NGS_LIG,,CO2e_TRN,1,2040,,,,,,0.0561548
EmissionActivityRatio,BAU,RD,T4NGS_LIG,,CO2e_TRN,1,2041,,,,,,0.0561548
EmissionActivityRatio,BAU,RD,T4NGS_LIG,,CO2e_TRN,1,2042,,,,,,0.0561548
EmissionActivityRatio,BAU,RD,T4NGS_LIG,,CO2e_TRN,1,2043,,,,,,0.0561548
EmissionActivityRatio,BAU,RD,T4NGS_LIG,,CO2e_TRN,1,2044,,,,,,0.0561548
EmissionActivityRatio,BAU,RD,T4NGS_LIG,,CO2e_TRN,1,2045,,,,,,0.0561548
EmissionActivityRatio,BAU,RD,T4NGS_LIG,,CO2e_TRN,1,2046,,,,,,0.0561548
EmissionActivityRatio,BAU,RD,T4NGS_LIG,,CO2e_TRN,1,2047,,,,,,0.0561548
EmissionActivityRatio,BAU,RD,T4NGS_LIG,,CO2e_TRN,1,2048,,,,,,0.0561548
EmissionActivityRatio,BAU,RD,T4NGS_LIG,,CO2e_TRN,1,2049,,,,,,0.0561548
EmissionActivityRatio,BAU,RD,T4NGS_LIG,,CO2e_TRN,1,2050,,,,,,0.0561548
EmissionActivityRatio,BAU,RD,T4LPG_LIG,,CO2e_TRN,1,2018,,,,,,0.0631548
EmissionActivityRatio,BAU,RD,T4LPG_LIG,,CO2e_TRN,1,2019,,,,,,0.0631548
EmissionActivityRatio,BAU,RD,T4LPG_LIG,,CO2e_TRN,1,2020,,,,,,0.0631548
EmissionActivityRatio,BAU,RD,T4LPG_LIG,,CO2e_TRN,1,2021,,,,,,0.0631548
EmissionActivityRatio,BAU,RD,T4LPG_LIG,,CO2e_TRN,1,2022,,,,,,0.0631548
EmissionActivityRatio,BAU,RD,T4LPG_LIG,,CO2e_TRN,1,2023,,,,,,0.0631548
EmissionActivityRatio,BAU,RD,T4LPG_LIG,,CO2e_TRN,1,2024,,,,,,0.0631548
EmissionActivityRatio,BAU,RD,T4LPG_LIG,,CO2e_TRN,1,2025,,,,,,0.0631548
EmissionActivityRatio,BAU,RD,T4LPG_LIG,,CO2e_TRN,1,2026,,,,,,0.0631548
EmissionActivityRatio,BAU,RD,T4LPG_LIG,,CO2e_TRN,1,2027,,,,,,0.0631548
EmissionActivityRatio,BAU,RD,T4LPG_LIG,,CO2e_TRN,1,2028,,,,,,0.0631548
EmissionActivityRatio,BAU,RD,T4LPG_LIG,,CO2e_TRN,1,2029,,,,,,0.0631548
EmissionActivityRatio,BAU,RD,T4LPG_LIG,,CO2e_TRN,1,2030,,,,,,0.0631548
EmissionActivityRatio,BAU,RD,T4LPG_LIG,,CO2e_TRN,1,2031,,,,,,0.0631548
EmissionActivityRatio,BAU,RD,T4LPG_LIG,,CO2e_TRN,1,2032,,,,,,0.0631548
EmissionActivityRatio,BAU,RD,T4LPG_LIG,,CO2e_TRN,1,2033,,,,,,0.0631548
EmissionActivityRatio,BAU,RD,T4LPG_LIG,,CO2e_TRN,1,2034,,,,,,0.0631548
EmissionActivityRatio,BAU,RD,T4LPG_LIG,,CO2e_TRN,1,2035,,,,,,0.0631548
EmissionActivityRatio,BAU,RD,T4LPG_LIG,,CO2e_TRN,1,2036,,,,,,0.0631548
EmissionActivityRatio,BAU,RD,T4LPG_LIG,,CO2e_TRN,1,2037,,,,,,0.0631548
EmissionActivityRatio,BAU,RD,T4LPG_LIG,,CO2e_TRN,1,2038,,,,,,0.0631548
EmissionActivityRatio,BAU,RD,T4LPG_LIG,,CO2e_TRN,1,2039,,,,,,0.0631548
EmissionActivityRatio,BAU,RD,T4LPG_LIG,,CO2e_TRN,1,2040,,,,,,0.0631548
EmissionActivityRatio,BAU,RD,T4LPG_LIG,,CO2e_TRN,1,2041,,,,,,0.0631548
EmissionActivityRatio,BAU,RD,T4LPG_LIG,,CO2e_TRN,1,2042,,,,,,0.0631548
EmissionActivityRatio,BAU,RD,T4LPG_LIG,,CO2e_TRN,1,2043,,,,,,0.0631548
EmissionActivityRatio,BAU,RD,T4LPG_LIG,,CO2e_TRN,1,2044,,,,,,0.0631548
EmissionActivityRatio,BAU,RD,T4LPG_LIG,,CO2e_TRN,1,2045,,,,,,0.0631548
EmissionActivityRatio,BAU,RD,T4LPG_LIG,,CO2e_TRN,1,2046,,,,,,0.0631548
EmissionActivityRatio,BAU,RD,T4LPG_LIG,,CO2e_TRN,1,2047,,,,,,0.0631548
EmissionActivityRatio,BAU,RD,T4LPG_LIG,,CO2e_TRN,1,2048,,,,,,0.0631548
EmissionActivityRatio,BAU,RD,T4LPG_LIG,,CO2e_TRN,1,2049,,,,,,0.0631548
EmissionActivityRatio,BAU,RD,T4LPG_LIG,,CO2e_TRN,1,2050,,,,,,0.0631548
EmissionActivityRatio,BAU,RD,RAW_MAT_CLK,,CO2e_PIUP,1,2018,,,,,,0.0
EmissionActivityRatio,BAU,RD,RAW_MAT_CLK,,CO2e_PIUP,1,2019,,,,,,0.0
EmissionActivityRatio,BAU,RD,RAW_MAT_CLK,,CO2e_PIUP,1,2020,,,,,,0.0
EmissionActivityRatio,BAU,RD,RAW_MAT_CLK,,CO2e_PIUP,1,2021,,,,,,0.0
EmissionActivityRatio,BAU,RD,RAW_MAT_CLK,,CO2e_PIUP,1,2022,,,,,,0.0
EmissionActivityRatio,BAU,RD,RAW_MAT_CLK,,CO2e_PIUP,1,2023,,,,,,0.0
EmissionActivityRatio,BAU,RD,RAW_MAT_CLK,,CO2e_PIUP,1,2024,,,,,,0.0
EmissionActivityRatio,BAU,RD,RAW_MAT_CLK,,CO2e_PIUP,1,2025,,,,,,0.0
EmissionActivityRatio,BAU,RD,RAW_MAT_CLK,,CO2e_PIUP,1,2026,,,,,,0.0
EmissionActivityRatio,BAU,RD,RAW_MAT_CLK,,CO2e_PIUP,1,2027,,,,,,0.0
EmissionActivityRatio,BAU,RD,RAW_MAT_CLK,,CO2e_PIUP,1,2028,,,,,,0.0
EmissionActivityRatio,BAU,RD,RAW_MAT_CLK,,CO2e_PIUP,1,2029,,,,,,0.0
EmissionActivityRatio,BAU,RD,RAW_MAT_CLK,,CO2e_PIUP,1,2030,,,,,,0.0
EmissionActivityRatio,BAU,RD,RAW_MAT_CLK,,CO2e_PIUP,1,2031,,,,,,0.0
EmissionActivityRatio,BAU,RD,RAW_MAT_CLK,,CO2e_PIUP,1,2032,,,,,,0.0
EmissionActivityRatio,BAU,RD,RAW_MAT_CLK,,CO2e_PIUP,1,2033,,,,,,0.0
EmissionActivityRatio,BAU,RD,RAW_MAT_CLK,,CO2e_PIUP,1,2034,,,,,,0.0
EmissionActivityRatio,BAU,RD,RAW_MAT_CLK,,CO2e_PIUP,1,2035,,,,,,0.0
EmissionActivityRatio,BAU,RD,RAW_MAT_CLK,,CO2e_PIUP,1,2036,,,,,,0.0
EmissionActivityRatio,BAU,RD,RAW_MAT_CLK,,CO2e_PIUP,1,2037,,,,,,0.0
EmissionActivityRatio,BAU,RD,RAW_MAT_CLK,,CO2e_PIUP,1,2038,,,,,,0.0
EmissionActivityRatio,BAU,RD,RAW_MAT_CLK,,CO2e_PIUP,1,2039,,,,,,0.0
EmissionActivityRatio,BAU,RD,RAW_MAT_CLK,,CO2e_PIUP,1,2040,,,,,,0.0
EmissionActivityRatio,BAU,RD,RAW_MAT_CLK,,CO2e_PIUP,1,2041,,,,,,0.0
EmissionActivityRatio,BAU,RD,RAW_MAT_CLK,,CO2e_PIUP,1,2042,,,,,,0.0
EmissionActivityRatio,BAU,RD,RAW_MAT_CLK,,CO2e_PIUP,1,2043,,,,,,0.0
EmissionActivityRatio,BAU,RD,RAW_MAT_CLK,,CO2e_PIUP,1,2044,,,,,,0.0
EmissionActivityRatio,BAU,RD,RAW_MAT_CLK,,CO2e_PIUP,1,2045,,,,,,0.0
EmissionActivityRatio,BAU,RD,RAW_MAT_CLK,,CO2e_PIUP,1,2046,,,,,,0.0
EmissionActivityRatio,BAU,RD,RAW_MAT_CLK,,CO2e_PIUP,1,2047,,,,,,0.0
EmissionActivityRatio,BAU,RD,RAW_MAT_CLK,,CO2e_PIUP,1,2048,,,,,,0.0
EmissionActivityRatio,BAU,RD,RAW_MAT_CLK,,CO2e_PIUP,1,2049,,,,,,0.0
EmissionActivityRatio,BAU,RD,RAW_MAT_CLK,,CO2e_PIUP,1,2050,,,,,,0.0
EmissionActivityRatio,BAU,RD,RAW_MAT_CEM,,CO2e_PIUP,1,2018,,,,,,0.0
EmissionActivityRatio,BAU,RD,RAW_MAT_CEM,,CO2e_PIUP,1,2019,,,,,,0.0
EmissionActivityRatio,BAU,RD,RAW_MAT_CEM,,CO2e_PIUP,1,2020,,,,,,0.0
EmissionActivityRatio,BAU,RD,RAW_MAT_CEM,,CO2e_PIUP,1,2021,,,,,,0.0
EmissionActivityRatio,BAU,RD,RAW_MAT_CEM,,CO2e_PIUP,1,2022,,,,,,0.0
EmissionActivityRatio,BAU,RD,RAW_MAT_CEM,,CO2e_PIUP,1,2023,,,,,,0.0
EmissionActivityRatio,BAU,RD,RAW_MAT_CEM,,CO2e_PIUP,1,2024,,,,,,0.0
EmissionActivityRatio,BAU,RD,RAW_MAT_CEM,,CO2e_PIUP,1,2025,,,,,,0.0
EmissionActivityRatio,BAU,RD,RAW_MAT_CEM,,CO2e_PIUP,1,2026,,,,,,0.0
EmissionActivityRatio,BAU,RD,RAW_MAT_CEM,,CO2e_PIUP,1,2027,,,,,,0.0
EmissionActivityRatio,BAU,RD,RAW_MAT_CEM,,CO2e_PIUP,1,2028,,,,,,0.0
EmissionActivityRatio,BAU,RD,RAW_MAT_CEM,,CO2e_PIUP,1,2029,,,,,,0.0
EmissionActivityRatio,BAU,RD,RAW_MAT_CEM,,CO2e_PIUP,1,2030,,,,,,0.0
EmissionActivityRatio,BAU,RD,RAW_MAT_CEM,,CO2e_PIUP,1,2031,,,,,,0.0
EmissionActivityRatio,BAU,RD,RAW_MAT_CEM,,CO2e_PIUP,1,2032,,,,,,0.0
EmissionActivityRatio,BAU,RD,RAW_MAT_CEM,,CO2e_PIUP,1,2033,,,,,,0.0
EmissionActivityRatio,BAU,RD,RAW_MAT_CEM,,CO2e_PIUP,1,2034,,,,,,0.0
EmissionActivityRatio,BAU,RD,RAW_MAT_CEM,,CO2e_PIUP,1,2035,,,,,,0.0
EmissionActivityRatio,BAU,RD,RAW_MAT_CEM,,CO2e_PIUP,1,2036,,,,,,0.0
EmissionActivityRatio,BAU,RD,RAW_MAT_CEM,,CO2e_PIUP,1,2037,,,,,,0.0
EmissionActivityRatio,BAU,RD,RAW_MAT_CEM,,CO2e_PIUP,1,2038,,,,,,0.0
EmissionActivityRatio,BAU,RD,RAW_MAT_CEM,,CO2e_PIUP,1,2039,,,,,,0.0
EmissionActivityRatio,BAU,RD,RAW_MAT_CEM,,CO2e_PIUP,1,2040,,,,,,0.0
EmissionActivityRatio,BAU,RD,RAW_MAT_CEM,,CO2e_PIUP,1,2041,,,,,,0.0
EmissionActivityRatio,BAU,RD,RAW_MAT_CEM,,CO2e_PIUP,1,2042,,,,,,0.0
EmissionActivityRatio,BAU,RD,RAW_MAT_CEM,,CO2e_PIUP,1,2043,,,,,,0.0
EmissionActivityRatio,BAU,RD,RAW_MAT_CEM,,CO2e_PIUP,1,2044,,,,,,0.0
EmissionActivityRatio,BAU,RD,RAW_MAT_CEM,,CO2e_PIUP,1,2045,,,,,,0.0
EmissionActivityRatio,BAU,RD,RAW_MAT_CEM,,CO2e_PIUP,1,2046,,,,,,0.0
EmissionActivityRatio,BAU,RD,RAW_MAT_CEM,,CO2e_PIUP,1,2047,,,,,,0.0
EmissionActivityRatio,BAU,RD,RAW_MAT_CEM,,CO2e_PIUP,1,2048,,,,,,0.0
EmissionActivityRatio,BAU,RD,RAW_MAT_CEM,,CO2e_PIUP,1,2049,,,,,,0.0
EmissionActivityRatio,BAU,RD,RAW_MAT_CEM,,CO2e_PIUP,1,2050,,,,,,0.0
EmissionActivityRatio,BAU,RD,PROD_CLK_TRAD,,CO2e_PIUP,1,2018,,,,,,0.5203
EmissionActivityRatio,BAU,RD,PROD_CLK_TRAD,,CO2e_PIUP,1,2019,,,,,,0.5203
EmissionActivityRatio,BAU,RD,PROD_CLK_TRAD,,CO2e_PIUP,1,2020,,,,,,0.5203
EmissionActivityRatio,BAU,RD,PROD_CLK_TRAD,,CO2e_PIUP,1,2021,,,,,,0.5203
EmissionActivityRatio,BAU,RD,PROD_CLK_TRAD,,CO2e_PIUP,1,2022,,,,,,0.5203
EmissionActivityRatio,BAU,RD,PROD_CLK_TRAD,,CO2e_PIUP,1,2023,,,,,,0.5203
EmissionActivityRatio,BAU,RD,PROD_CLK_TRAD,,CO2e_PIUP,1,2024,,,,,,0.5203
EmissionActivityRatio,BAU,RD,PROD_CLK_TRAD,,CO2e_PIUP,1,2025,,,,,,0.5203
EmissionActivityRatio,BAU,RD,PROD_CLK_TRAD,,CO2e_PIUP,1,2026,,,,,,0.5203
EmissionActivityRatio,BAU,RD,PROD_CLK_TRAD,,CO2e_PIUP,1,2027,,,,,,0.5203
EmissionActivityRatio,BAU,RD,PROD_CLK_TRAD,,CO2e_PIUP,1,2028,,,,,,0.5203
EmissionActivityRatio,BAU,RD,PROD_CLK_TRAD,,CO2e_PIUP,1,2029,,,,,,0.5203
EmissionActivityRatio,BAU,RD,PROD_CLK_TRAD,,CO2e_PIUP,1,2030,,,,,,0.5203
EmissionActivityRatio,BAU,RD,PROD_CLK_TRAD,,CO2e_PIUP,1,2031,,,,,,0.5203
EmissionActivityRatio,BAU,RD,PROD_CLK_TRAD,,CO2e_PIUP,1,2032,,,,,,0.5203
EmissionActivityRatio,BAU,RD,PROD_CLK_TRAD,,CO2e_PIUP,1,2033,,,,,,0.5203
EmissionActivityRatio,BAU,RD,PROD_CLK_TRAD,,CO2e_PIUP,1,2034,,,,,,0.5203
EmissionActivityRatio,BAU,RD,PROD_CLK_TRAD,,CO2e_PIUP,1,2035,,,,,,0.5203
EmissionActivityRatio,BAU,RD,PROD_CLK_TRAD,,CO2e_PIUP,1,2036,,,,,,0.5203
EmissionActivityRatio,BAU,RD,PROD_CLK_TRAD,,CO2e_PIUP,1,2037,,,,,,0.5203
EmissionActivityRatio,BAU,RD,PROD_CLK_TRAD,,CO2e_PIUP,1,2038,,,,,,0.5203
EmissionActivityRatio,BAU,RD,PROD_CLK_TRAD,,CO2e_PIUP,1,2039,,,,,,0.5203
EmissionActivityRatio,BAU,RD,PROD_CLK_TRAD,,CO2e_PIUP,1,2040,,,,,,0.5203
EmissionActivityRatio,BAU,RD,PROD_CLK_TRAD,,CO2e_PIUP,1,2041,,,,,,0.5203
EmissionActivityRatio,BAU,RD,PROD_CLK_TRAD,,CO2e_PIUP,1,2042,,,,,,0.5203
EmissionActivityRatio,BAU,RD,PROD_CLK_TRAD,,CO2e_PIUP,1,2043,,,,,,0.5203
EmissionActivityRatio,BAU,RD,PROD_CLK_TRAD,,CO2e_PIUP,1,2044,,,,,,0.5203
EmissionActivityRatio,BAU,RD,PROD_CLK_TRAD,,CO2e_PIUP,1,2045,,,,,,0.5203
EmissionActivityRatio,BAU,RD,PROD_CLK_TRAD,,CO2e_PIUP,1,2046,,,,,,0.5203
EmissionActivityRatio,BAU,RD,PROD_CLK_TRAD,,CO2e_PIUP,1,2047,,,,,,0.5203
EmissionActivityRatio,BAU,RD,PROD_CLK_TRAD,,CO2e_PIUP,1,2048,,,,,,0.5203
EmissionActivityRatio,BAU,RD,PROD_CLK_TRAD,,CO2e_PIUP,1,2049,,,,,,0.5203
EmissionActivityRatio,BAU,RD,PROD_CLK_TRAD,,CO2e_PIUP,1,2050,,,,,,0.5203
EmissionActivityRatio,BAU,RD,PROD_CEM,,CO2e_PIUP,1,2018,,,,,,0.0
EmissionActivityRatio,BAU,RD,PROD_CEM,,CO2e_PIUP,1,2019,,,,,,0.0
EmissionActivityRatio,BAU,RD,PROD_CEM,,CO2e_PIUP,1,2020,,,,,,0.0
EmissionActivityRatio,BAU,RD,PROD_CEM,,CO2e_PIUP,1,2021,,,,,,0.0
EmissionActivityRatio,BAU,RD,PROD_CEM,,CO2e_PIUP,1,2022,,,,,,0.0
EmissionActivityRatio,BAU,RD,PROD_CEM,,CO2e_PIUP,1,2023,,,,,,0.0
EmissionActivityRatio,BAU,RD,PROD_CEM,,CO2e_PIUP,1,2024,,,,,,0.0
EmissionActivityRatio,BAU,RD,PROD_CEM,,CO2e_PIUP,1,2025,,,,,,0.0
EmissionActivityRatio,BAU,RD,PROD_CEM,,CO2e_PIUP,1,2026,,,,,,0.0
EmissionActivityRatio,BAU,RD,PROD_CEM,,CO2e_PIUP,1,2027,,,,,,0.0
EmissionActivityRatio,BAU,RD,PROD_CEM,,CO2e_PIUP,1,2028,,,,,,0.0
EmissionActivityRatio,BAU,RD,PROD_CEM,,CO2e_PIUP,1,2029,,,,,,0.0
EmissionActivityRatio,BAU,RD,PROD_CEM,,CO2e_PIUP,1,2030,,,,,,0.0
EmissionActivityRatio,BAU,RD,PROD_CEM,,CO2e_PIUP,1,2031,,,,,,0.0
EmissionActivityRatio,BAU,RD,PROD_CEM,,CO2e_PIUP,1,2032,,,,,,0.0
EmissionActivityRatio,BAU,RD,PROD_CEM,,CO2e_PIUP,1,2033,,,,,,0.0
EmissionActivityRatio,BAU,RD,PROD_CEM,,CO2e_PIUP,1,2034,,,,,,0.0
EmissionActivityRatio,BAU,RD,PROD_CEM,,CO2e_PIUP,1,2035,,,,,,0.0
EmissionActivityRatio,BAU,RD,PROD_CEM,,CO2e_PIUP,1,2036,,,,,,0.0
EmissionActivityRatio,BAU,RD,PROD_CEM,,CO2e_PIUP,1,2037,,,,,,0.0
EmissionActivityRatio,BAU,RD,PROD_CEM,,CO2e_PIUP,1,2038,,,,,,0.0
EmissionActivityRatio,BAU,RD,PROD_CEM,,CO2e_PIUP,1,2039,,,,,,0.0
EmissionActivityRatio,BAU,RD,PROD_CEM,,CO2e_PIUP,1,2040,,,,,,0.0
EmissionActivityRatio,BAU,RD,PROD_CEM,,CO2e_PIUP,1,2041,,,,,,0.0
EmissionActivityRatio,BAU,RD,PROD_CEM,,CO2e_PIUP,1,2042,,,,,,0.0
EmissionActivityRatio,BAU,RD,PROD_CEM,,CO2e_PIUP,1,2043,,,,,,0.0
EmissionActivityRatio,BAU,RD,PROD_CEM,,CO2e_PIUP,1,2044,,,,,,0.0
EmissionActivityRatio,BAU,RD,PROD_CEM,,CO2e_PIUP,1,2045,,,,,,0.0
EmissionActivityRatio,BAU,RD,PROD_CEM,,CO2e_PIUP,1,2046,,,,,,0.0
EmissionActivityRatio,BAU,RD,PROD_CEM,,CO2e_PIUP,1,2047,,,,,,0.0
EmissionActivityRatio,BAU,RD,PROD_CEM,,CO2e_PIUP,1,2048,,,,,,0.0
EmissionActivityRatio,BAU,RD,PROD_CEM,,CO2e_PIUP,1,2049,,,,,,0.0
EmissionActivityRatio,BAU,RD,PROD_CEM,,CO2e_PIUP,1,2050,,,,,,0.0
EmissionActivityRatio,BAU,RD,IMP_STOR,,CO2e_PIUP,1,2018,,,,,,0.0
EmissionActivityRatio,BAU,RD,IMP_STOR,,CO2e_PIUP,1,2019,,,,,,0.0
EmissionActivityRatio,BAU,RD,IMP_STOR,,CO2e_PIUP,1,2020,,,,,,0.0
EmissionActivityRatio,BAU,RD,IMP_STOR,,CO2e_PIUP,1,2021,,,,,,0.0
EmissionActivityRatio,BAU,RD,IMP_STOR,,CO2e_PIUP,1,2022,,,,,,0.0
EmissionActivityRatio,BAU,RD,IMP_STOR,,CO2e_PIUP,1,2023,,,,,,0.0
EmissionActivityRatio,BAU,RD,IMP_STOR,,CO2e_PIUP,1,2024,,,,,,0.0
EmissionActivityRatio,BAU,RD,IMP_STOR,,CO2e_PIUP,1,2025,,,,,,0.0
EmissionActivityRatio,BAU,RD,IMP_STOR,,CO2e_PIUP,1,2026,,,,,,0.0
EmissionActivityRatio,BAU,RD,IMP_STOR,,CO2e_PIUP,1,2027,,,,,,0.0
EmissionActivityRatio,BAU,RD,IMP_STOR,,CO2e_PIUP,1,2028,,,,,,0.0
EmissionActivityRatio,BAU,RD,IMP_STOR,,CO2e_PIUP,1,2029,,,,,,0.0
EmissionActivityRatio,BAU,RD,IMP_STOR,,CO2e_PIUP,1,2030,,,,,,0.0
EmissionActivityRatio,BAU,RD,IMP_STOR,,CO2e_PIUP,1,2031,,,,,,0.0
EmissionActivityRatio,BAU,RD,IMP_STOR,,CO2e_PIUP,1,2032,,,,,,0.0
EmissionActivityRatio,BAU,RD,IMP_STOR,,CO2e_PIUP,1,2033,,,,,,0.0
EmissionActivityRatio,BAU,RD,IMP_STOR,,CO2e_PIUP,1,2034,,,,,,0.0
EmissionActivityRatio,BAU,RD,IMP_STOR,,CO2e_PIUP,1,2035,,,,,,0.0
EmissionActivityRatio,BAU,RD,IMP_STOR,,CO2e_PIUP,1,2036,,,,,,0.0
EmissionActivityRatio,BAU,RD,IMP_STOR,,CO2e_PIUP,1,2037,,,,,,0.0
EmissionActivityRatio,BAU,RD,IMP_STOR,,CO2e_PIUP,1,2038,,,,,,0.0
EmissionActivityRatio,BAU,RD,IMP_STOR,,CO2e_PIUP,1,2039,,,,,,0.0
EmissionActivityRatio,BAU,RD,IMP_STOR,,CO2e_PIUP,1,2040,,,,,,0.0
EmissionActivityRatio,BAU,RD,IMP_STOR,,CO2e_PIUP,1,2041,,,,,,0.0
EmissionActivityRatio,BAU,RD,IMP_STOR,,CO2e_PIUP,1,2042,,,,,,0.0
EmissionActivityRatio,BAU,RD,IMP_STOR,,CO2e_PIUP,1,2043,,,,,,0.0
EmissionActivityRatio,BAU,RD,IMP_STOR,,CO2e_PIUP,1,2044,,,,,,0.0
EmissionActivityRatio,BAU,RD,IMP_STOR,,CO2e_PIUP,1,2045,,,,,,0.0
EmissionActivityRatio,BAU,RD,IMP_STOR,,CO2e_PIUP,1,2046,,,,,,0.0
EmissionActivityRatio,BAU,RD,IMP_STOR,,CO2e_PIUP,1,2047,,,,,,0.0
EmissionActivityRatio,BAU,RD,IMP_STOR,,CO2e_PIUP,1,2048,,,,,,0.0
EmissionActivityRatio,BAU,RD,IMP_STOR,,CO2e_PIUP,1,2049,,,,,,0.0
EmissionActivityRatio,BAU,RD,IMP_STOR,,CO2e_PIUP,1,2050,,,,,,0.0
EmissionActivityRatio,BAU,RD,PROD_CAL,,CO2e_PIUP,1,2018,,,,,,0.75
EmissionActivityRatio,BAU,RD,PROD_CAL,,CO2e_PIUP,1,2019,,,,,,0.75
EmissionActivityRatio,BAU,RD,PROD_CAL,,CO2e_PIUP,1,2020,,,,,,0.75
EmissionActivityRatio,BAU,RD,PROD_CAL,,CO2e_PIUP,1,2021,,,,,,0.75
EmissionActivityRatio,BAU,RD,PROD_CAL,,CO2e_PIUP,1,2022,,,,,,0.75
EmissionActivityRatio,BAU,RD,PROD_CAL,,CO2e_PIUP,1,2023,,,,,,0.75
EmissionActivityRatio,BAU,RD,PROD_CAL,,CO2e_PIUP,1,2024,,,,,,0.75
EmissionActivityRatio,BAU,RD,PROD_CAL,,CO2e_PIUP,1,2025,,,,,,0.75
EmissionActivityRatio,BAU,RD,PROD_CAL,,CO2e_PIUP,1,2026,,,,,,0.75
EmissionActivityRatio,BAU,RD,PROD_CAL,,CO2e_PIUP,1,2027,,,,,,0.75
EmissionActivityRatio,BAU,RD,PROD_CAL,,CO2e_PIUP,1,2028,,,,,,0.75
EmissionActivityRatio,BAU,RD,PROD_CAL,,CO2e_PIUP,1,2029,,,,,,0.75
EmissionActivityRatio,BAU,RD,PROD_CAL,,CO2e_PIUP,1,2030,,,,,,0.75
EmissionActivityRatio,BAU,RD,PROD_CAL,,CO2e_PIUP,1,2031,,,,,,0.75
EmissionActivityRatio,BAU,RD,PROD_CAL,,CO2e_PIUP,1,2032,,,,,,0.75
EmissionActivityRatio,BAU,RD,PROD_CAL,,CO2e_PIUP,1,2033,,,,,,0.75
EmissionActivityRatio,BAU,RD,PROD_CAL,,CO2e_PIUP,1,2034,,,,,,0.75
EmissionActivityRatio,BAU,RD,PROD_CAL,,CO2e_PIUP,1,2035,,,,,,0.75
EmissionActivityRatio,BAU,RD,PROD_CAL,,CO2e_PIUP,1,2036,,,,,,0.75
EmissionActivityRatio,BAU,RD,PROD_CAL,,CO2e_PIUP,1,2037,,,,,,0.75
EmissionActivityRatio,BAU,RD,PROD_CAL,,CO2e_PIUP,1,2038,,,,,,0.75
EmissionActivityRatio,BAU,RD,PROD_CAL,,CO2e_PIUP,1,2039,,,,,,0.75
EmissionActivityRatio,BAU,RD,PROD_CAL,,CO2e_PIUP,1,2040,,,,,,0.75
EmissionActivityRatio,BAU,RD,PROD_CAL,,CO2e_PIUP,1,2041,,,,,,0.75
EmissionActivityRatio,BAU,RD,PROD_CAL,,CO2e_PIUP,1,2042,,,,,,0.75
EmissionActivityRatio,BAU,RD,PROD_CAL,,CO2e_PIUP,1,2043,,,,,,0.75
EmissionActivityRatio,BAU,RD,PROD_CAL,,CO2e_PIUP,1,2044,,,,,,0.75
EmissionActivityRatio,BAU,RD,PROD_CAL,,CO2e_PIUP,1,2045,,,,,,0.75
EmissionActivityRatio,BAU,RD,PROD_CAL,,CO2e_PIUP,1,2046,,,,,,0.75
EmissionActivityRatio,BAU,RD,PROD_CAL,,CO2e_PIUP,1,2047,,,,,,0.75
EmissionActivityRatio,BAU,RD,PROD_CAL,,CO2e_PIUP,1,2048,,,,,,0.75
EmissionActivityRatio,BAU,RD,PROD_CAL,,CO2e_PIUP,1,2049,,,,,,0.75
EmissionActivityRatio,BAU,RD,PROD_CAL,,CO2e_PIUP,1,2050,,,,,,0.75
EmissionActivityRatio,BAU,RD,PROD_FERRO,,CO2e_PIUP,1,2018,,,,,,1.36
EmissionActivityRatio,BAU,RD,PROD_FERRO,,CO2e_PIUP,1,2019,,,,,,1.36
EmissionActivityRatio,BAU,RD,PROD_FERRO,,CO2e_PIUP,1,2020,,,,,,1.36
EmissionActivityRatio,BAU,RD,PROD_FERRO,,CO2e_PIUP,1,2021,,,,,,1.36
EmissionActivityRatio,BAU,RD,PROD_FERRO,,CO2e_PIUP,1,2022,,,,,,1.36
EmissionActivityRatio,BAU,RD,PROD_FERRO,,CO2e_PIUP,1,2023,,,,,,1.36
EmissionActivityRatio,BAU,RD,PROD_FERRO,,CO2e_PIUP,1,2024,,,,,,1.36
EmissionActivityRatio,BAU,RD,PROD_FERRO,,CO2e_PIUP,1,2025,,,,,,1.36
EmissionActivityRatio,BAU,RD,PROD_FERRO,,CO2e_PIUP,1,2026,,,,,,1.36
EmissionActivityRatio,BAU,RD,PROD_FERRO,,CO2e_PIUP,1,2027,,,,,,1.36
EmissionActivityRatio,BAU,RD,PROD_FERRO,,CO2e_PIUP,1,2028,,,,,,1.36
EmissionActivityRatio,BAU,RD,PROD_FERRO,,CO2e_PIUP,1,2029,,,,,,1.36
EmissionActivityRatio,BAU,RD,PROD_FERRO,,CO2e_PIUP,1,2030,,,,,,1.36
EmissionActivityRatio,BAU,RD,PROD_FERRO,,CO2e_PIUP,1,2031,,,,,,1.36
EmissionActivityRatio,BAU,RD,PROD_FERRO,,CO2e_PIUP,1,2032,,,,,,1.36
EmissionActivityRatio,BAU,RD,PROD_FERRO,,CO2e_PIUP,1,2033,,,,,,1.36
EmissionActivityRatio,BAU,RD,PROD_FERRO,,CO2e_PIUP,1,2034,,,,,,1.36
EmissionActivityRatio,BAU,RD,PROD_FERRO,,CO2e_PIUP,1,2035,,,,,,1.36
EmissionActivityRatio,BAU,RD,PROD_FERRO,,CO2e_PIUP,1,2036,,,,,,1.36
EmissionActivityRatio,BAU,RD,PROD_FERRO,,CO2e_PIUP,1,2037,,,,,,1.36
EmissionActivityRatio,BAU,RD,PROD_FERRO,,CO2e_PIUP,1,2038,,,,,,1.36
EmissionActivityRatio,BAU,RD,PROD_FERRO,,CO2e_PIUP,1,2039,,,,,,1.36
EmissionActivityRatio,BAU,RD,PROD_FERRO,,CO2e_PIUP,1,2040,,,,,,1.36
EmissionActivityRatio,BAU,RD,PROD_FERRO,,CO2e_PIUP,1,2041,,,,,,1.36
EmissionActivityRatio,BAU,RD,PROD_FERRO,,CO2e_PIUP,1,2042,,,,,,1.36
EmissionActivityRatio,BAU,RD,PROD_FERRO,,CO2e_PIUP,1,2043,,,,,,1.36
EmissionActivityRatio,BAU,RD,PROD_FERRO,,CO2e_PIUP,1,2044,,,,,,1.36
EmissionActivityRatio,BAU,RD,PROD_FERRO,,CO2e_PIUP,1,2045,,,,,,1.36
EmissionActivityRatio,BAU,RD,PROD_FERRO,,CO2e_PIUP,1,2046,,,,,,1.36
EmissionActivityRatio,BAU,RD,PROD_FERRO,,CO2e_PIUP,1,2047,,,,,,1.36
EmissionActivityRatio,BAU,RD,PROD_FERRO,,CO2e_PIUP,1,2048,,,,,,1.36
EmissionActivityRatio,BAU,RD,PROD_FERRO,,CO2e_PIUP,1,2049,,,,,,1.36
EmissionActivityRatio,BAU,RD,PROD_FERRO,,CO2e_PIUP,1,2050,,,,,,1.36
EmissionActivityRatio,BAU,RD,REFR_AC,,CO2e_HFC,1,2018,,,,,,1.0
EmissionActivityRatio,BAU,RD,REFR_AC,,CO2e_HFC,1,2019,,,,,,1.0
EmissionActivityRatio,BAU,RD,REFR_AC,,CO2e_HFC,1,2020,,,,,,1.0
EmissionActivityRatio,BAU,RD,REFR_AC,,CO2e_HFC,1,2021,,,,,,1.0
EmissionActivityRatio,BAU,RD,REFR_AC,,CO2e_HFC,1,2022,,,,,,1.0
EmissionActivityRatio,BAU,RD,REFR_AC,,CO2e_HFC,1,2023,,,,,,1.0
EmissionActivityRatio,BAU,RD,REFR_AC,,CO2e_HFC,1,2024,,,,,,1.0
EmissionActivityRatio,BAU,RD,REFR_AC,,CO2e_HFC,1,2025,,,,,,1.0
EmissionActivityRatio,BAU,RD,REFR_AC,,CO2e_HFC,1,2026,,,,,,1.0
EmissionActivityRatio,BAU,RD,REFR_AC,,CO2e_HFC,1,2027,,,,,,1.0
EmissionActivityRatio,BAU,RD,REFR_AC,,CO2e_HFC,1,2028,,,,,,1.0
EmissionActivityRatio,BAU,RD,REFR_AC,,CO2e_HFC,1,2029,,,,,,1.0
EmissionActivityRatio,BAU,RD,REFR_AC,,CO2e_HFC,1,2030,,,,,,1.0
EmissionActivityRatio,BAU,RD,REFR_AC,,CO2e_HFC,1,2031,,,,,,1.0
EmissionActivityRatio,BAU,RD,REFR_AC,,CO2e_HFC,1,2032,,,,,,1.0
EmissionActivityRatio,BAU,RD,REFR_AC,,CO2e_HFC,1,2033,,,,,,1.0
EmissionActivityRatio,BAU,RD,REFR_AC,,CO2e_HFC,1,2034,,,,,,1.0
EmissionActivityRatio,BAU,RD,REFR_AC,,CO2e_HFC,1,2035,,,,,,1.0
EmissionActivityRatio,BAU,RD,REFR_AC,,CO2e_HFC,1,2036,,,,,,1.0
EmissionActivityRatio,BAU,RD,REFR_AC,,CO2e_HFC,1,2037,,,,,,1.0
EmissionActivityRatio,BAU,RD,REFR_AC,,CO2e_HFC,1,2038,,,,,,1.0
EmissionActivityRatio,BAU,RD,REFR_AC,,CO2e_HFC,1,2039,,,,,,1.0
EmissionActivityRatio,BAU,RD,REFR_AC,,CO2e_HFC,1,2040,,,,,,1.0
EmissionActivityRatio,BAU,RD,REFR_AC,,CO2e_HFC,1,2041,,,,,,1.0
EmissionActivityRatio,BAU,RD,REFR_AC,,CO2e_HFC,1,2042,,,,,,1.0
EmissionActivityRatio,BAU,RD,REFR_AC,,CO2e_HFC,1,2043,,,,,,1.0
EmissionActivityRatio,BAU,RD,REFR_AC,,CO2e_HFC,1,2044,,,,,,1.0
EmissionActivityRatio,BAU,RD,REFR_AC,,CO2e_HFC,1,2045,,,,,,1.0
EmissionActivityRatio,BAU,RD,REFR_AC,,CO2e_HFC,1,2046,,,,,,1.0
EmissionActivityRatio,BAU,RD,REFR_AC,,CO2e_HFC,1,2047,,,,,,1.0
EmissionActivityRatio,BAU,RD,REFR_AC,,CO2e_HFC,1,2048,,,,,,1.0
EmissionActivityRatio,BAU,RD,REFR_AC,,CO2e_HFC,1,2049,,,,,,1.0
EmissionActivityRatio,BAU,RD,REFR_AC,,CO2e_HFC,1,2050,,,,,,1.0
EmissionActivityRatio,BAU,RD,OTHER,,CO2e_PIUP,1,2018,,,,,,1.0
EmissionActivityRatio,BAU,RD,OTHER,,CO2e_PIUP,1,2019,,,,,,1.0
EmissionActivityRatio,BAU,RD,OTHER,,CO2e_PIUP,1,2020,,,,,,1.0
EmissionActivityRatio,BAU,RD,OTHER,,CO2e_PIUP,1,2021,,,,,,1.0
EmissionActivityRatio,BAU,RD,OTHER,,CO2e_PIUP,1,2022,,,,,,1.0
EmissionActivityRatio,BAU,RD,OTHER,,CO2e_PIUP,1,2023,,,,,,1.0
EmissionActivityRatio,BAU,RD,OTHER,,CO2e_PIUP,1,2024,,,,,,1.0
EmissionActivityRatio,BAU,RD,OTHER,,CO2e_PIUP,1,2025,,,,,,1.0
EmissionActivityRatio,BAU,RD,OTHER,,CO2e_PIUP,1,2026,,,,,,1.0
EmissionActivityRatio,BAU,RD,OTHER,,CO2e_PIUP,1,2027,,,,,,1.0
EmissionActivityRatio,BAU,RD,OTHER,,CO2e_PIUP,1,2028,,,,,,1.0
EmissionActivityRatio,BAU,RD,OTHER,,CO2e_PIUP,1,2029,,,,,,1.0
EmissionActivityRatio,BAU,RD,OTHER,,CO2e_PIUP,1,2030,,,,,,1.0
EmissionActivityRatio,BAU,RD,OTHER,,CO2e_PIUP,1,2031,,,,,,1.0
EmissionActivityRatio,BAU,RD,OTHER,,CO2e_PIUP,1,2032,,,,,,1.0
EmissionActivityRatio,BAU,RD,OTHER,,CO2e_PIUP,1,2033,,,,,,1.0
EmissionActivityRatio,BAU,RD,OTHER,,CO2e_PIUP,1,2034,,,,,,1.0
EmissionActivityRatio,BAU,RD,OTHER,,CO2e_PIUP,1,2035,,,,,,1.0
EmissionActivityRatio,BAU,RD,OTHER,,CO2e_PIUP,1,2036,,,,,,1.0
EmissionActivityRatio,BAU,RD,OTHER,,CO2e_PIUP,1,2037,,,,,,1.0
EmissionActivityRatio,BAU,RD,OTHER,,CO2e_PIUP,1,2038,,,,,,1.0
EmissionActivityRatio,BAU,RD,OTHER,,CO2e_PIUP,1,2039,,,,,,1.0
EmissionActivityRatio,BAU,RD,OTHER,,CO2e_PIUP,1,2040,,,,,,1.0
EmissionActivityRatio,BAU,RD,OTHER,,CO2e_PIUP,1,2041,,,,,,1.0
EmissionActivityRatio,BAU,RD,OTHER,,CO2e_PIUP,1,2042,,,,,,1.0
EmissionActivityRatio,BAU,RD,OTHER,,CO2e_PIUP,1,2043,,,,,,1.0
EmissionActivityRatio,BAU,RD,OTHER,,CO2e_PIUP,1,2044,,,,,,1.0
EmissionActivityRatio,BAU,RD,OTHER,,CO2e_PIUP,1,2045,,,,,,1.0
EmissionActivityRatio,BAU,RD,OTHER,,CO2e_PIUP,1,2046,,,,,,1.0
EmissionActivityRatio,BAU,RD,OTHER,,CO2e_PIUP,1,2047,,,,,,1.0
EmissionActivityRatio,BAU,RD,OTHER,,CO2e_PIUP,1,2048,,,,,,1.0
EmissionActivityRatio,BAU,RD,OTHER,,CO2e_PIUP,1,2049,,,,,,1.0
EmissionActivityRatio,BAU,RD,OTHER,,CO2e_PIUP,1,2050,,,,,,1.0
EmissionActivityRatio,BAU,RD,INORG_RCY_OS,,CO2e_WASTE,1,2018,,,,,,0.0
EmissionActivityRatio,BAU,RD,INORG_RCY_OS,,CO2e_WASTE,1,2019,,,,,,0.0
EmissionActivityRatio,BAU,RD,INORG_RCY_OS,,CO2e_WASTE,1,2020,,,,,,0.0
EmissionActivityRatio,BAU,RD,INORG_RCY_OS,,CO2e_WASTE,1,2021,,,,,,0.0
EmissionActivityRatio,BAU,RD,INORG_RCY_OS,,CO2e_WASTE,1,2022,,,,,,0.0
EmissionActivityRatio,BAU,RD,INORG_RCY_OS,,CO2e_WASTE,1,2023,,,,,,0.0
EmissionActivityRatio,BAU,RD,INORG_RCY_OS,,CO2e_WASTE,1,2024,,,,,,0.0
EmissionActivityRatio,BAU,RD,INORG_RCY_OS,,CO2e_WASTE,1,2025,,,,,,0.0
EmissionActivityRatio,BAU,RD,INORG_RCY_OS,,CO2e_WASTE,1,2026,,,,,,0.0
EmissionActivityRatio,BAU,RD,INORG_RCY_OS,,CO2e_WASTE,1,2027,,,,,,0.0
EmissionActivityRatio,BAU,RD,INORG_RCY_OS,,CO2e_WASTE,1,2028,,,,,,0.0
EmissionActivityRatio,BAU,RD,INORG_RCY_OS,,CO2e_WASTE,1,2029,,,,,,0.0
EmissionActivityRatio,BAU,RD,INORG_RCY_OS,,CO2e_WASTE,1,2030,,,,,,0.0
EmissionActivityRatio,BAU,RD,INORG_RCY_OS,,CO2e_WASTE,1,2031,,,,,,0.0
EmissionActivityRatio,BAU,RD,INORG_RCY_OS,,CO2e_WASTE,1,2032,,,,,,0.0
EmissionActivityRatio,BAU,RD,INORG_RCY_OS,,CO2e_WASTE,1,2033,,,,,,0.0
EmissionActivityRatio,BAU,RD,INORG_RCY_OS,,CO2e_WASTE,1,2034,,,,,,0.0
EmissionActivityRatio,BAU,RD,INORG_RCY_OS,,CO2e_WASTE,1,2035,,,,,,0.0
EmissionActivityRatio,BAU,RD,INORG_RCY_OS,,CO2e_WASTE,1,2036,,,,,,0.0
EmissionActivityRatio,BAU,RD,INORG_RCY_OS,,CO2e_WASTE,1,2037,,,,,,0.0
EmissionActivityRatio,BAU,RD,INORG_RCY_OS,,CO2e_WASTE,1,2038,,,,,,0.0
EmissionActivityRatio,BAU,RD,INORG_RCY_OS,,CO2e_WASTE,1,2039,,,,,,0.0
EmissionActivityRatio,BAU,RD,INORG_RCY_OS,,CO2e_WASTE,1,2040,,,,,,0.0
EmissionActivityRatio,BAU,RD,INORG_RCY_OS,,CO2e_WASTE,1,2041,,,,,,0.0
EmissionActivityRatio,BAU,RD,INORG_RCY_OS,,CO2e_WASTE,1,2042,,,,,,0.0
EmissionActivityRatio,BAU,RD,INORG_RCY_OS,,CO2e_WASTE,1,2043,,,,,,0.0
EmissionActivityRatio,BAU,RD,INORG_RCY_OS,,CO2e_WASTE,1,2044,,,,,,0.0
EmissionActivityRatio,BAU,RD,INORG_RCY_OS,,CO2e_WASTE,1,2045,,,,,,0.0
EmissionActivityRatio,BAU,RD,INORG_RCY_OS,,CO2e_WASTE,1,2046,,,,,,0.0
EmissionActivityRatio,BAU,RD,INORG_RCY_OS,,CO2e_WASTE,1,2047,,,,,,0.0
EmissionActivityRatio,BAU,RD,INORG_RCY_OS,,CO2e_WASTE,1,2048,,,,,,0.0
EmissionActivityRatio,BAU,RD,INORG_RCY_OS,,CO2e_WASTE,1,2049,,,,,,0.0
EmissionActivityRatio,BAU,RD,INORG_RCY_OS,,CO2e_WASTE,1,2050,,,,,,0.0
EmissionActivityRatio,BAU,RD,AD,,CO2e_WASTE,1,2018,,,,,,0.0
EmissionActivityRatio,BAU,RD,AD,,CO2e_WASTE,1,2019,,,,,,0.0
EmissionActivityRatio,BAU,RD,AD,,CO2e_WASTE,1,2020,,,,,,0.0
EmissionActivityRatio,BAU,RD,AD,,CO2e_WASTE,1,2021,,,,,,0.0
EmissionActivityRatio,BAU,RD,AD,,CO2e_WASTE,1,2022,,,,,,0.0
EmissionActivityRatio,BAU,RD,AD,,CO2e_WASTE,1,2023,,,,,,0.0
EmissionActivityRatio,BAU,RD,AD,,CO2e_WASTE,1,2024,,,,,,0.0
EmissionActivityRatio,BAU,RD,AD,,CO2e_WASTE,1,2025,,,,,,0.0
EmissionActivityRatio,BAU,RD,AD,,CO2e_WASTE,1,2026,,,,,,0.0
EmissionActivityRatio,BAU,RD,AD,,CO2e_WASTE,1,2027,,,,,,0.0
EmissionActivityRatio,BAU,RD,AD,,CO2e_WASTE,1,2028,,,,,,0.0
EmissionActivityRatio,BAU,RD,AD,,CO2e_WASTE,1,2029,,,,,,0.0
EmissionActivityRatio,BAU,RD,AD,,CO2e_WASTE,1,2030,,,,,,0.0
EmissionActivityRatio,BAU,RD,AD,,CO2e_WASTE,1,2031,,,,,,0.0
EmissionActivityRatio,BAU,RD,AD,,CO2e_WASTE,1,2032,,,,,,0.0
EmissionActivityRatio,BAU,RD,AD,,CO2e_WASTE,1,2033,,,,,,0.0
EmissionActivityRatio,BAU,RD,AD,,CO2e_WASTE,1,2034,,,,,,0.0
EmissionActivityRatio,BAU,RD,AD,,CO2e_WASTE,1,2035,,,,,,0.0
EmissionActivityRatio,BAU,RD,AD,,CO2e_WASTE,1,2036,,,,,,0.0
EmissionActivityRatio,BAU,RD,AD,,CO2e_WASTE,1,2037,,,,,,0.0
EmissionActivityRatio,BAU,RD,AD,,CO2e_WASTE,1,2038,,,,,,0.0
EmissionActivityRatio,BAU,RD,AD,,CO2e_WASTE,1,2039,,,,,,0.0
EmissionActivityRatio,BAU,RD,AD,,CO2e_WASTE,1,2040,,,,,,0.0
EmissionActivityRatio,BAU,RD,AD,,CO2e_WASTE,1,2041,,,,,,0.0
EmissionActivityRatio,BAU,RD,AD,,CO2e_WASTE,1,2042,,,,,,0.0
EmissionActivityRatio,BAU,RD,AD,,CO2e_WASTE,1,2043,,,,,,0.0
EmissionActivityRatio,BAU,RD,AD,,CO2e_WASTE,1,2044,,,,,,0.0
EmissionActivityRatio,BAU,RD,AD,,CO2e_WASTE,1,2045,,,,,,0.0
EmissionActivityRatio,BAU,RD,AD,,CO2e_WASTE,1,2046,,,,,,0.0
EmissionActivityRatio,BAU,RD,AD,,CO2e_WASTE,1,2047,,,,,,0.0
EmissionActivityRatio,BAU,RD,AD,,CO2e_WASTE,1,2048,,,,,,0.0
EmissionActivityRatio,BAU,RD,AD,,CO2e_WASTE,1,2049,,,,,,0.0
EmissionActivityRatio,BAU,RD,AD,,CO2e_WASTE,1,2050,,,,,,0.0
EmissionActivityRatio,BAU,RD,COMPOST,,CO2e_WASTE,1,2018,,,,,,0.9624347807587422
EmissionActivityRatio,BAU,RD,COMPOST,,CO2e_WASTE,1,2019,,,,,,0.9624347807587422
EmissionActivityRatio,BAU,RD,COMPOST,,CO2e_WASTE,1,2020,,,,,,0.9624347807587422
EmissionActivityRatio,BAU,RD,COMPOST,,CO2e_WASTE,1,2021,,,,,,0.9624347807587422
EmissionActivityRatio,BAU,RD,COMPOST,,CO2e_WASTE,1,2022,,,,,,0.9624347807587422
EmissionActivityRatio,BAU,RD,COMPOST,,CO2e_WASTE,1,2023,,,,,,0.9624347807587422
EmissionActivityRatio,BAU,RD,COMPOST,,CO2e_WASTE,1,2024,,,,,,0.9624347807587422
EmissionActivityRatio,BAU,RD,COMPOST,,CO2e_WASTE,1,2025,,,,,,0.9624347807587422
EmissionActivityRatio,BAU,RD,COMPOST,,CO2e_WASTE,1,2026,,,,,,0.9624347807587422
EmissionActivityRatio,BAU,RD,COMPOST,,CO2e_WASTE,1,2027,,,,,,0.9624347807587422
EmissionActivityRatio,BAU,RD,COMPOST,,CO2e_WASTE,1,2028,,,,,,0.9624347807587422
EmissionActivityRatio,BAU,RD,COMPOST,,CO2e_WASTE,1,2029,,,,,,0.9624347807587422
EmissionActivityRatio,BAU,RD,COMPOST,,CO2e_WASTE,1,2030,,,,,,0.9624347807587422
EmissionActivityRatio,BAU,RD,COMPOST,,CO2e_WASTE,1,2031,,,,,,0.9624347807587422
EmissionActivityRatio,BAU,RD,COMPOST,,CO2e_WASTE,1,2032,,,,,,0.9624347807587422
EmissionActivityRatio,BAU,RD,COMPOST,,CO2e_WASTE,1,2033,,,,,,0.9624347807587422
EmissionActivityRatio,BAU,RD,COMPOST,,CO2e_WASTE,1,2034,,,,,,0.9624347807587422
EmissionActivityRatio,BAU,RD,COMPOST,,CO2e_WASTE,1,2035,,,,,,0.9624347807587422
EmissionActivityRatio,BAU,RD,COMPOST,,CO2e_WASTE,1,2036,,,,,,0.9624347807587422
EmissionActivityRatio,BAU,RD,COMPOST,,CO2e_WASTE,1,2037,,,,,,0.9624347807587422
EmissionActivityRatio,BAU,RD,COMPOST,,CO2e_WASTE,1,2038,,,,,,0.9624347807587422
EmissionActivityRatio,BAU,RD,COMPOST,,CO2e_WASTE,1,2039,,,,,,0.9624347807587422
EmissionActivityRatio,BAU,RD,COMPOST,,CO2e_WASTE,1,2040,,,,,,0.9624347807587422
EmissionActivityRatio,BAU,RD,COMPOST,,CO2e_WASTE,1,2041,,,,,,0.9624347807587422
EmissionActivityRatio,BAU,RD,COMPOST,,CO2e_WASTE,1,2042,,,,,,0.9624347807587422
EmissionActivityRatio,BAU,RD,COMPOST,,CO2e_WASTE,1,2043,,,,,,0.9624347807587422
EmissionActivityRatio,BAU,RD,COMPOST,,CO2e_WASTE,1,2044,,,,,,0.9624347807587422
EmissionActivityRatio,BAU,RD,COMPOST,,CO2e_WASTE,1,2045,,,,,,0.9624347807587422
EmissionActivityRatio,BAU,RD,COMPOST,,CO2e_WASTE,1,2046,,,,,,0.9624347807587422
EmissionActivityRatio,BAU,RD,COMPOST,,CO2e_WASTE,1,2047,,,,,,0.9624347807587422
EmissionActivityRatio,BAU,RD,COMPOST,,CO2e_WASTE,1,2048,,,,,,0.9624347807587422
EmissionActivityRatio,BAU,RD,COMPOST,,CO2e_WASTE,1,2049,,,,,,0.9624347807587422
EmissionActivityRatio,BAU,RD,COMPOST,,CO2e_WASTE,1,2050,,,,,,0.9624347807587422
EmissionActivityRatio,BAU,RD,LANDFILL,,CO2e_WASTE,1,2018,,,,,,1.1819477193157035
EmissionActivityRatio,BAU,RD,LANDFILL,,CO2e_WASTE,1,2019,,,,,,1.1819477193157035
EmissionActivityRatio,BAU,RD,LANDFILL,,CO2e_WASTE,1,2020,,,,,,1.1819477193157035
EmissionActivityRatio,BAU,RD,LANDFILL,,CO2e_WASTE,1,2021,,,,,,1.1819477193157035
EmissionActivityRatio,BAU,RD,LANDFILL,,CO2e_WASTE,1,2022,,,,,,1.1819477193157035
EmissionActivityRatio,BAU,RD,LANDFILL,,CO2e_WASTE,1,2023,,,,,,1.1819477193157035
EmissionActivityRatio,BAU,RD,LANDFILL,,CO2e_WASTE,1,2024,,,,,,1.1819477193157035
EmissionActivityRatio,BAU,RD,LANDFILL,,CO2e_WASTE,1,2025,,,,,,1.1819477193157035
EmissionActivityRatio,BAU,RD,LANDFILL,,CO2e_WASTE,1,2026,,,,,,1.1819477193157035
EmissionActivityRatio,BAU,RD,LANDFILL,,CO2e_WASTE,1,2027,,,,,,1.1819477193157035
EmissionActivityRatio,BAU,RD,LANDFILL,,CO2e_WASTE,1,2028,,,,,,1.1819477193157035
EmissionActivityRatio,BAU,RD,LANDFILL,,CO2e_WASTE,1,2029,,,,,,1.1819477193157035
EmissionActivityRatio,BAU,RD,LANDFILL,,CO2e_WASTE,1,2030,,,,,,1.1819477193157035
EmissionActivityRatio,BAU,RD,LANDFILL,,CO2e_WASTE,1,2031,,,,,,1.1819477193157035
EmissionActivityRatio,BAU,RD,LANDFILL,,CO2e_WASTE,1,2032,,,,,,1.1819477193157035
EmissionActivityRatio,BAU,RD,LANDFILL,,CO2e_WASTE,1,2033,,,,,,1.1819477193157035
EmissionActivityRatio,BAU,RD,LANDFILL,,CO2e_WASTE,1,2034,,,,,,1.1819477193157035
EmissionActivityRatio,BAU,RD,LANDFILL,,CO2e_WASTE,1,2035,,,,,,1.1819477193157035
EmissionActivityRatio,BAU,RD,LANDFILL,,CO2e_WASTE,1,2036,,,,,,1.1819477193157035
EmissionActivityRatio,BAU,RD,LANDFILL,,CO2e_WASTE,1,2037,,,,,,1.1819477193157035
EmissionActivityRatio,BAU,RD,LANDFILL,,CO2e_WASTE,1,2038,,,,,,1.1819477193157035
EmissionActivityRatio,BAU,RD,LANDFILL,,CO2e_WASTE,1,2039,,,,,,1.1819477193157035
EmissionActivityRatio,BAU,RD,LANDFILL,,CO2e_WASTE,1,2040,,,,,,1.1819477193157035
EmissionActivityRatio,BAU,RD,LANDFILL,,CO2e_WASTE,1,2041,,,,,,1.1819477193157035
EmissionActivityRatio,BAU,RD,LANDFILL,,CO2e_WASTE,1,2042,,,,,,1.1819477193157035
EmissionActivityRatio,BAU,RD,LANDFILL,,CO2e_WASTE,1,2043,,,,,,1.1819477193157035
EmissionActivityRatio,BAU,RD,LANDFILL,,CO2e_WASTE,1,2044,,,,,,1.1819477193157035
EmissionActivityRatio,BAU,RD,LANDFILL,,CO2e_WASTE,1,2045,,,,,,1.1819477193157035
EmissionActivityRatio,BAU,RD,LANDFILL,,CO2e_WASTE,1,2046,,,,,,1.1819477193157035
EmissionActivityRatio,BAU,RD,LANDFILL,,CO2e_WASTE,1,2047,,,,,,1.1819477193157035
EmissionActivityRatio,BAU,RD,LANDFILL,,CO2e_WASTE,1,2048,,,,,,1.1819477193157035
EmissionActivityRatio,BAU,RD,LANDFILL,,CO2e_WASTE,1,2049,,,,,,1.1819477193157035
EmissionActivityRatio,BAU,RD,LANDFILL,,CO2e_WASTE,1,2050,,,,,,1.1819477193157035
EmissionActivityRatio,BAU,RD,NO_CONTR_OD,,CO2e_WASTE,1,2018,,,,,,1.1819477193157035
EmissionActivityRatio,BAU,RD,NO_CONTR_OD,,CO2e_WASTE,1,2019,,,,,,1.1819477193157035
EmissionActivityRatio,BAU,RD,NO_CONTR_OD,,CO2e_WASTE,1,2020,,,,,,1.1819477193157035
EmissionActivityRatio,BAU,RD,NO_CONTR_OD,,CO2e_WASTE,1,2021,,,,,,1.1819477193157035
EmissionActivityRatio,BAU,RD,NO_CONTR_OD,,CO2e_WASTE,1,2022,,,,,,1.1819477193157035
EmissionActivityRatio,BAU,RD,NO_CONTR_OD,,CO2e_WASTE,1,2023,,,,,,1.1819477193157035
EmissionActivityRatio,BAU,RD,NO_CONTR_OD,,CO2e_WASTE,1,2024,,,,,,1.1819477193157035
EmissionActivityRatio,BAU,RD,NO_CONTR_OD,,CO2e_WASTE,1,2025,,,,,,1.1819477193157035
EmissionActivityRatio,BAU,RD,NO_CONTR_OD,,CO2e_WASTE,1,2026,,,,,,1.1819477193157035
EmissionActivityRatio,BAU,RD,NO_CONTR_OD,,CO2e_WASTE,1,2027,,,,,,1.1819477193157035
EmissionActivityRatio,BAU,RD,NO_CONTR_OD,,CO2e_WASTE,1,2028,,,,,,1.1819477193157035
EmissionActivityRatio,BAU,RD,NO_CONTR_OD,,CO2e_WASTE,1,2029,,,,,,1.1819477193157035
EmissionActivityRatio,BAU,RD,NO_CONTR_OD,,CO2e_WASTE,1,2030,,,,,,1.1819477193157035
EmissionActivityRatio,BAU,RD,NO_CONTR_OD,,CO2e_WASTE,1,2031,,,,,,1.1819477193157035
EmissionActivityRatio,BAU,RD,NO_CONTR_OD,,CO2e_WASTE,1,2032,,,,,,1.1819477193157035
EmissionActivityRatio,BAU,RD,NO_CONTR_OD,,CO2e_WASTE,1,2033,,,,,,1.1819477193157035
EmissionActivityRatio,BAU,RD,NO_CONTR_OD,,CO2e_WASTE,1,2034,,,,,,1.1819477193157035
EmissionActivityRatio,BAU,RD,NO_CONTR_OD,,CO2e_WASTE,1,2035,,,,,,1.1819477193157035
EmissionActivityRatio,BAU,RD,NO_CONTR_OD,,CO2e_WASTE,1,2036,,,,,,1.1819477193157035
EmissionActivityRatio,BAU,RD,NO_CONTR_OD,,CO2e_WASTE,1,2037,,,,,,1.1819477193157035
EmissionActivityRatio,BAU,RD,NO_CONTR_OD,,CO2e_WASTE,1,2038,,,,,,1.1819477193157035
EmissionActivityRatio,BAU,RD,NO_CONTR_OD,,CO2e_WASTE,1,2039,,,,,,1.1819477193157035
EmissionActivityRatio,BAU,RD,NO_CONTR_OD,,CO2e_WASTE,1,2040,,,,,,1.1819477193157035
EmissionActivityRatio,BAU,RD,NO_CONTR_OD,,CO2e_WASTE,1,2041,,,,,,1.1819477193157035
EmissionActivityRatio,BAU,RD,NO_CONTR_OD,,CO2e_WASTE,1,2042,,,,,,1.1819477193157035
EmissionActivityRatio,BAU,RD,NO_CONTR_OD,,CO2e_WASTE,1,2043,,,,,,1.1819477193157035
EmissionActivityRatio,BAU,RD,NO_CONTR_OD,,CO2e_WASTE,1,2044,,,,,,1.1819477193157035
EmissionActivityRatio,BAU,RD,NO_CONTR_OD,,CO2e_WASTE,1,2045,,,,,,1.1819477193157035
EmissionActivityRatio,BAU,RD,NO_CONTR_OD,,CO2e_WASTE,1,2046,,,,,,1.1819477193157035
EmissionActivityRatio,BAU,RD,NO_CONTR_OD,,CO2e_WASTE,1,2047,,,,,,1.1819477193157035
EmissionActivityRatio,BAU,RD,NO_CONTR_OD,,CO2e_WASTE,1,2048,,,,,,1.1819477193157035
EmissionActivityRatio,BAU,RD,NO_CONTR_OD,,CO2e_WASTE,1,2049,,,,,,1.1819477193157035
EmissionActivityRatio,BAU,RD,NO_CONTR_OD,,CO2e_WASTE,1,2050,,,,,,1.1819477193157035
EmissionActivityRatio,BAU,RD,COPROC,,CO2e_WASTE,1,2018,,,,,,0.0
EmissionActivityRatio,BAU,RD,COPROC,,CO2e_WASTE,1,2019,,,,,,0.0
EmissionActivityRatio,BAU,RD,COPROC,,CO2e_WASTE,1,2020,,,,,,0.0
EmissionActivityRatio,BAU,RD,COPROC,,CO2e_WASTE,1,2021,,,,,,0.0
EmissionActivityRatio,BAU,RD,COPROC,,CO2e_WASTE,1,2022,,,,,,0.0
EmissionActivityRatio,BAU,RD,COPROC,,CO2e_WASTE,1,2023,,,,,,0.0
EmissionActivityRatio,BAU,RD,COPROC,,CO2e_WASTE,1,2024,,,,,,0.0
EmissionActivityRatio,BAU,RD,COPROC,,CO2e_WASTE,1,2025,,,,,,0.0
EmissionActivityRatio,BAU,RD,COPROC,,CO2e_WASTE,1,2026,,,,,,0.0
EmissionActivityRatio,BAU,RD,COPROC,,CO2e_WASTE,1,2027,,,,,,0.0
EmissionActivityRatio,BAU,RD,COPROC,,CO2e_WASTE,1,2028,,,,,,0.0
EmissionActivityRatio,BAU,RD,COPROC,,CO2e_WASTE,1,2029,,,,,,0.0
EmissionActivityRatio,BAU,RD,COPROC,,CO2e_WASTE,1,2030,,,,,,0.0
EmissionActivityRatio,BAU,RD,COPROC,,CO2e_WASTE,1,2031,,,,,,0.0
EmissionActivityRatio,BAU,RD,COPROC,,CO2e_WASTE,1,2032,,,,,,0.0
EmissionActivityRatio,BAU,RD,COPROC,,CO2e_WASTE,1,2033,,,,,,0.0
EmissionActivityRatio,BAU,RD,COPROC,,CO2e_WASTE,1,2034,,,,,,0.0
EmissionActivityRatio,BAU,RD,COPROC,,CO2e_WASTE,1,2035,,,,,,0.0
EmissionActivityRatio,BAU,RD,COPROC,,CO2e_WASTE,1,2036,,,,,,0.0
EmissionActivityRatio,BAU,RD,COPROC,,CO2e_WASTE,1,2037,,,,,,0.0
EmissionActivityRatio,BAU,RD,COPROC,,CO2e_WASTE,1,2038,,,,,,0.0
EmissionActivityRatio,BAU,RD,COPROC,,CO2e_WASTE,1,2039,,,,,,0.0
EmissionActivityRatio,BAU,RD,COPROC,,CO2e_WASTE,1,2040,,,,,,0.0
EmissionActivityRatio,BAU,RD,COPROC,,CO2e_WASTE,1,2041,,,,,,0.0
EmissionActivityRatio,BAU,RD,COPROC,,CO2e_WASTE,1,2042,,,,,,0.0
EmissionActivityRatio,BAU,RD,COPROC,,CO2e_WASTE,1,2043,,,,,,0.0
EmissionActivityRatio,BAU,RD,COPROC,,CO2e_WASTE,1,2044,,,,,,0.0
EmissionActivityRatio,BAU,RD,COPROC,,CO2e_WASTE,1,2045,,,,,,0.0
EmissionActivityRatio,BAU,RD,COPROC,,CO2e_WASTE,1,2046,,,,,,0.0
EmissionActivityRatio,BAU,RD,COPROC,,CO2e_WASTE,1,2047,,,,,,0.0
EmissionActivityRatio,BAU,RD,COPROC,,CO2e_WASTE,1,2048,,,,,,0.0
EmissionActivityRatio,BAU,RD,COPROC,,CO2e_WASTE,1,2049,,,,,,0.0
EmissionActivityRatio,BAU,RD,COPROC,,CO2e_WASTE,1,2050,,,,,,0.0
EmissionActivityRatio,BAU,RD,INCIN,,CO2e_WASTE,1,2018,,,,,,0.0
EmissionActivityRatio,BAU,RD,INCIN,,CO2e_WASTE,1,2019,,,,,,0.0
EmissionActivityRatio,BAU,RD,INCIN,,CO2e_WASTE,1,2020,,,,,,0.0
EmissionActivityRatio,BAU,RD,INCIN,,CO2e_WASTE,1,2021,,,,,,0.0
EmissionActivityRatio,BAU,RD,INCIN,,CO2e_WASTE,1,2022,,,,,,0.0
EmissionActivityRatio,BAU,RD,INCIN,,CO2e_WASTE,1,2023,,,,,,0.0
EmissionActivityRatio,BAU,RD,INCIN,,CO2e_WASTE,1,2024,,,,,,0.0
EmissionActivityRatio,BAU,RD,INCIN,,CO2e_WASTE,1,2025,,,,,,0.0
EmissionActivityRatio,BAU,RD,INCIN,,CO2e_WASTE,1,2026,,,,,,0.0
EmissionActivityRatio,BAU,RD,INCIN,,CO2e_WASTE,1,2027,,,,,,0.0
EmissionActivityRatio,BAU,RD,INCIN,,CO2e_WASTE,1,2028,,,,,,0.0
EmissionActivityRatio,BAU,RD,INCIN,,CO2e_WASTE,1,2029,,,,,,0.0
EmissionActivityRatio,BAU,RD,INCIN,,CO2e_WASTE,1,2030,,,,,,0.0
EmissionActivityRatio,BAU,RD,INCIN,,CO2e_WASTE,1,2031,,,,,,0.0
EmissionActivityRatio,BAU,RD,INCIN,,CO2e_WASTE,1,2032,,,,,,0.0
EmissionActivityRatio,BAU,RD,INCIN,,CO2e_WASTE,1,2033,,,,,,0.0
EmissionActivityRatio,BAU,RD,INCIN,,CO2e_WASTE,1,2034,,,,,,0.0
EmissionActivityRatio,BAU,RD,INCIN,,CO2e_WASTE,1,2035,,,,,,0.0
EmissionActivityRatio,BAU,RD,INCIN,,CO2e_WASTE,1,2036,,,,,,0.0
EmissionActivityRatio,BAU,RD,INCIN,,CO2e_WASTE,1,2037,,,,,,0.0
EmissionActivityRatio,BAU,RD,INCIN,,CO2e_WASTE,1,2038,,,,,,0.0
EmissionActivityRatio,BAU,RD,INCIN,,CO2e_WASTE,1,2039,,,,,,0.0
EmissionActivityRatio,BAU,RD,INCIN,,CO2e_WASTE,1,2040,,,,,,0.0
EmissionActivityRatio,BAU,RD,INCIN,,CO2e_WASTE,1,2041,,,,,,0.0
EmissionActivityRatio,BAU,RD,INCIN,,CO2e_WASTE,1,2042,,,,,,0.0
EmissionActivityRatio,BAU,RD,INCIN,,CO2e_WASTE,1,2043,,,,,,0.0
EmissionActivityRatio,BAU,RD,INCIN,,CO2e_WASTE,1,2044,,,,,,0.0
EmissionActivityRatio,BAU,RD,INCIN,,CO2e_WASTE,1,2045,,,,,,0.0
EmissionActivityRatio,BAU,RD,INCIN,,CO2e_WASTE,1,2046,,,,,,0.0
EmissionActivityRatio,BAU,RD,INCIN,,CO2e_WASTE,1,2047,,,,,,0.0
EmissionActivityRatio,BAU,RD,INCIN,,CO2e_WASTE,1,2048,,,,,,0.0
EmissionActivityRatio,BAU,RD,INCIN,,CO2e_WASTE,1,2049,,,,,,0.0
EmissionActivityRatio,BAU,RD,INCIN,,CO2e_WASTE,1,2050,,,,,,0.0
EmissionActivityRatio,BAU,RD,OPEN_BURN,,CO2e_WASTE,1,2018,,,,,,1.1819477193157035
EmissionActivityRatio,BAU,RD,OPEN_BURN,,CO2e_WASTE,1,2019,,,,,,1.1819477193157035
EmissionActivityRatio,BAU,RD,OPEN_BURN,,CO2e_WASTE,1,2020,,,,,,1.1819477193157035
EmissionActivityRatio,BAU,RD,OPEN_BURN,,CO2e_WASTE,1,2021,,,,,,1.1819477193157035
EmissionActivityRatio,BAU,RD,OPEN_BURN,,CO2e_WASTE,1,2022,,,,,,1.1819477193157035
EmissionActivityRatio,BAU,RD,OPEN_BURN,,CO2e_WASTE,1,2023,,,,,,1.1819477193157035
EmissionActivityRatio,BAU,RD,OPEN_BURN,,CO2e_WASTE,1,2024,,,,,,1.1819477193157035
EmissionActivityRatio,BAU,RD,OPEN_BURN,,CO2e_WASTE,1,2025,,,,,,1.1819477193157035
EmissionActivityRatio,BAU,RD,OPEN_BURN,,CO2e_WASTE,1,2026,,,,,,1.1819477193157035
EmissionActivityRatio,BAU,RD,OPEN_BURN,,CO2e_WASTE,1,2027,,,,,,1.1819477193157035
EmissionActivityRatio,BAU,RD,OPEN_BURN,,CO2e_WASTE,1,2028,,,,,,1.1819477193157035
EmissionActivityRatio,BAU,RD,OPEN_BURN,,CO2e_WASTE,1,2029,,,,,,1.1819477193157035
EmissionActivityRatio,BAU,RD,OPEN_BURN,,CO2e_WASTE,1,2030,,,,,,1.1819477193157035
EmissionActivityRatio,BAU,RD,OPEN_BURN,,CO2e_WASTE,1,2031,,,,,,1.1819477193157035
EmissionActivityRatio,BAU,RD,OPEN_BURN,,CO2e_WASTE,1,2032,,,,,,1.1819477193157035
EmissionActivityRatio,BAU,RD,OPEN_BURN,,CO2e_WASTE,1,2033,,,,,,1.1819477193157035
EmissionActivityRatio,BAU,RD,OPEN_BURN,,CO2e_WASTE,1,2034,,,,,,1.1819477193157035
EmissionActivityRatio,BAU,RD,OPEN_BURN,,CO2e_WASTE,1,2035,,,,,,1.1819477193157035
EmissionActivityRatio,BAU,RD,OPEN_BURN,,CO2e_WASTE,1,2036,,,,,,1.1819477193157035
EmissionActivityRatio,BAU,RD,OPEN_BURN,,CO2e_WASTE,1,2037,,,,,,1.1819477193157035
EmissionActivityRatio,BAU,RD,OPEN_BURN,,CO2e_WASTE,1,2038,,,,,,1.1819477193157035
EmissionActivityRatio,BAU,RD,OPEN_BURN,,CO2e_WASTE,1,2039,,,,,,1.1819477193157035
EmissionActivityRatio,BAU,RD,OPEN_BURN,,CO2e_WASTE,1,2040,,,,,,1.1819477193157035
EmissionActivityRatio,BAU,RD,OPEN_BURN,,CO2e_WASTE,1,2041,,,,,,1.1819477193157035
EmissionActivityRatio,BAU,RD,OPEN_BURN,,CO2e_WASTE,1,2042,,,,,,1.1819477193157035
EmissionActivityRatio,BAU,RD,OPEN_BURN,,CO2e_WASTE,1,2043,,,,,,1.1819477193157035
EmissionActivityRatio,BAU,RD,OPEN_BURN,,CO2e_WASTE,1,2044,,,,,,1.1819477193157035
EmissionActivityRatio,BAU,RD,OPEN_BURN,,CO2e_WASTE,1,2045,,,,,,1.1819477193157035
EmissionActivityRatio,BAU,RD,OPEN_BURN,,CO2e_WASTE,1,2046,,,,,,1.1819477193157035
EmissionActivityRatio,BAU,RD,OPEN_BURN,,CO2e_WASTE,1,2047,,,,,,1.1819477193157035
EmissionActivityRatio,BAU,RD,OPEN_BURN,,CO2e_WASTE,1,2048,,,,,,1.1819477193157035
EmissionActivityRatio,BAU,RD,OPEN_BURN,,CO2e_WASTE,1,2049,,,,,,1.1819477193157035
EmissionActivityRatio,BAU,RD,OPEN_BURN,,CO2e_WASTE,1,2050,,,,,,1.1819477193157035
EmissionActivityRatio,BAU,RD,SIT_CLAN,,CO2e_WASTE,1,2018,,,,,,1.1819477193157035
EmissionActivityRatio,BAU,RD,SIT_CLAN,,CO2e_WASTE,1,2019,,,,,,1.1819477193157035
EmissionActivityRatio,BAU,RD,SIT_CLAN,,CO2e_WASTE,1,2020,,,,,,1.1819477193157035
EmissionActivityRatio,BAU,RD,SIT_CLAN,,CO2e_WASTE,1,2021,,,,,,1.1819477193157035
EmissionActivityRatio,BAU,RD,SIT_CLAN,,CO2e_WASTE,1,2022,,,,,,1.1819477193157035
EmissionActivityRatio,BAU,RD,SIT_CLAN,,CO2e_WASTE,1,2023,,,,,,1.1819477193157035
EmissionActivityRatio,BAU,RD,SIT_CLAN,,CO2e_WASTE,1,2024,,,,,,1.1819477193157035
EmissionActivityRatio,BAU,RD,SIT_CLAN,,CO2e_WASTE,1,2025,,,,,,1.1819477193157035
EmissionActivityRatio,BAU,RD,SIT_CLAN,,CO2e_WASTE,1,2026,,,,,,1.1819477193157035
EmissionActivityRatio,BAU,RD,SIT_CLAN,,CO2e_WASTE,1,2027,,,,,,1.1819477193157035
EmissionActivityRatio,BAU,RD,SIT_CLAN,,CO2e_WASTE,1,2028,,,,,,1.1819477193157035
EmissionActivityRatio,BAU,RD,SIT_CLAN,,CO2e_WASTE,1,2029,,,,,,1.1819477193157035
EmissionActivityRatio,BAU,RD,SIT_CLAN,,CO2e_WASTE,1,2030,,,,,,1.1819477193157035
EmissionActivityRatio,BAU,RD,SIT_CLAN,,CO2e_WASTE,1,2031,,,,,,1.1819477193157035
EmissionActivityRatio,BAU,RD,SIT_CLAN,,CO2e_WASTE,1,2032,,,,,,1.1819477193157035
EmissionActivityRatio,BAU,RD,SIT_CLAN,,CO2e_WASTE,1,2033,,,,,,1.1819477193157035
EmissionActivityRatio,BAU,RD,SIT_CLAN,,CO2e_WASTE,1,2034,,,,,,1.1819477193157035
EmissionActivityRatio,BAU,RD,SIT_CLAN,,CO2e_WASTE,1,2035,,,,,,1.1819477193157035
EmissionActivityRatio,BAU,RD,SIT_CLAN,,CO2e_WASTE,1,2036,,,,,,1.1819477193157035
EmissionActivityRatio,BAU,RD,SIT_CLAN,,CO2e_WASTE,1,2037,,,,,,1.1819477193157035
EmissionActivityRatio,BAU,RD,SIT_CLAN,,CO2e_WASTE,1,2038,,,,,,1.1819477193157035
EmissionActivityRatio,BAU,RD,SIT_CLAN,,CO2e_WASTE,1,2039,,,,,,1.1819477193157035
EmissionActivityRatio,BAU,RD,SIT_CLAN,,CO2e_WASTE,1,2040,,,,,,1.1819477193157035
EmissionActivityRatio,BAU,RD,SIT_CLAN,,CO2e_WASTE,1,2041,,,,,,1.1819477193157035
EmissionActivityRatio,BAU,RD,SIT_CLAN,,CO2e_WASTE,1,2042,,,,,,1.1819477193157035
EmissionActivityRatio,BAU,RD,SIT_CLAN,,CO2e_WASTE,1,2043,,,,,,1.1819477193157035
EmissionActivityRatio,BAU,RD,SIT_CLAN,,CO2e_WASTE,1,2044,,,,,,1.1819477193157035
EmissionActivityRatio,BAU,RD,SIT_CLAN,,CO2e_WASTE,1,2045,,,,,,1.1819477193157035
EmissionActivityRatio,BAU,RD,SIT_CLAN,,CO2e_WASTE,1,2046,,,,,,1.1819477193157035
EmissionActivityRatio,BAU,RD,SIT_CLAN,,CO2e_WASTE,1,2047,,,,,,1.1819477193157035
EmissionActivityRatio,BAU,RD,SIT_CLAN,,CO2e_WASTE,1,2048,,,,,,1.1819477193157035
EmissionActivityRatio,BAU,RD,SIT_CLAN,,CO2e_WASTE,1,2049,,,,,,1.1819477193157035
EmissionActivityRatio,BAU,RD,SIT_CLAN,,CO2e_WASTE,1,2050,,,,,,1.1819477193157035
EmissionActivityRatio,BAU,RD,LANDFILL_ELEC,,CO2e_WASTE,1,2018,,,,,,-1.0
EmissionActivityRatio,BAU,RD,LANDFILL_ELEC,,CO2e_WASTE,1,2019,,,,,,-1.0
EmissionActivityRatio,BAU,RD,LANDFILL_ELEC,,CO2e_WASTE,1,2020,,,,,,-1.0
EmissionActivityRatio,BAU,RD,LANDFILL_ELEC,,CO2e_WASTE,1,2021,,,,,,-1.0
EmissionActivityRatio,BAU,RD,LANDFILL_ELEC,,CO2e_WASTE,1,2022,,,,,,-1.0
EmissionActivityRatio,BAU,RD,LANDFILL_ELEC,,CO2e_WASTE,1,2023,,,,,,-1.0
EmissionActivityRatio,BAU,RD,LANDFILL_ELEC,,CO2e_WASTE,1,2024,,,,,,-1.0
EmissionActivityRatio,BAU,RD,LANDFILL_ELEC,,CO2e_WASTE,1,2025,,,,,,-1.0
EmissionActivityRatio,BAU,RD,LANDFILL_ELEC,,CO2e_WASTE,1,2026,,,,,,-1.0
EmissionActivityRatio,BAU,RD,LANDFILL_ELEC,,CO2e_WASTE,1,2027,,,,,,-1.0
EmissionActivityRatio,BAU,RD,LANDFILL_ELEC,,CO2e_WASTE,1,2028,,,,,,-1.0
EmissionActivityRatio,BAU,RD,LANDFILL_ELEC,,CO2e_WASTE,1,2029,,,,,,-1.0
EmissionActivityRatio,BAU,RD,LANDFILL_ELEC,,CO2e_WASTE,1,2030,,,,,,-1.0
EmissionActivityRatio,BAU,RD,LANDFILL_ELEC,,CO2e_WASTE,1,2031,,,,,,-1.0
EmissionActivityRatio,BAU,RD,LANDFILL_ELEC,,CO2e_WASTE,1,2032,,,,,,-1.0
EmissionActivityRatio,BAU,RD,LANDFILL_ELEC,,CO2e_WASTE,1,2033,,,,,,-1.0
EmissionActivityRatio,BAU,RD,LANDFILL_ELEC,,CO2e_WASTE,1,2034,,,,,,-1.0
EmissionActivityRatio,BAU,RD,LANDFILL_ELEC,,CO2e_WASTE,1,2035,,,,,,-1.0
EmissionActivityRatio,BAU,RD,LANDFILL_ELEC,,CO2e_WASTE,1,2036,,,,,,-1.0
EmissionActivityRatio,BAU,RD,LANDFILL_ELEC,,CO2e_WASTE,1,2037,,,,,,-1.0
EmissionActivityRatio,BAU,RD,LANDFILL_ELEC,,CO2e_WASTE,1,2038,,,,,,-1.0
EmissionActivityRatio,BAU,RD,LANDFILL_ELEC,,CO2e_WASTE,1,2039,,,,,,-1.0
EmissionActivityRatio,BAU,RD,LANDFILL_ELEC,,CO2e_WASTE,1,2040,,,,,,-1.0
EmissionActivityRatio,BAU,RD,LANDFILL_ELEC,,CO2e_WASTE,1,2041,,,,,,-1.0
EmissionActivityRatio,BAU,RD,LANDFILL_ELEC,,CO2e_WASTE,1,2042,,,,,,-1.0
EmissionActivityRatio,BAU,RD,LANDFILL_ELEC,,CO2e_WASTE,1,2043,,,,,,-1.0
EmissionActivityRatio,BAU,RD,LANDFILL_ELEC,,CO2e_WASTE,1,2044,,,,,,-1.0
EmissionActivityRatio,BAU,RD,LANDFILL_ELEC,,CO2e_WASTE,1,2045,,,,,,-1.0
EmissionActivityRatio,BAU,RD,LANDFILL_ELEC,,CO2e_WASTE,1,2046,,,,,,-1.0
EmissionActivityRatio,BAU,RD,LANDFILL_ELEC,,CO2e_WASTE,1,2047,,,,,,-1.0
EmissionActivityRatio,BAU,RD,LANDFILL_ELEC,,CO2e_WASTE,1,2048,,,,,,-1.0
EmissionActivityRatio,BAU,RD,LANDFILL_ELEC,,CO2e_WASTE,1,2049,,,,,,-1.0
EmissionActivityRatio,BAU,RD,LANDFILL_ELEC,,CO2e_WASTE,1,2050,,,,,,-1.0
EmissionActivityRatio,BAU,RD,AERO_PTAR,,CO2e_WASTE,1,2018,,,,,,0.9339674778752867
EmissionActivityRatio,BAU,RD,AERO_PTAR,,CO2e_WASTE,1,2019,,,,,,0.9339674778752867
EmissionActivityRatio,BAU,RD,AERO_PTAR,,CO2e_WASTE,1,2020,,,,,,0.9339674778752867
EmissionActivityRatio,BAU,RD,AERO_PTAR,,CO2e_WASTE,1,2021,,,,,,0.9339674778752867
EmissionActivityRatio,BAU,RD,AERO_PTAR,,CO2e_WASTE,1,2022,,,,,,0.9339674778752867
EmissionActivityRatio,BAU,RD,AERO_PTAR,,CO2e_WASTE,1,2023,,,,,,0.9339674778752867
EmissionActivityRatio,BAU,RD,AERO_PTAR,,CO2e_WASTE,1,2024,,,,,,0.9339674778752867
EmissionActivityRatio,BAU,RD,AERO_PTAR,,CO2e_WASTE,1,2025,,,,,,0.9339674778752867
EmissionActivityRatio,BAU,RD,AERO_PTAR,,CO2e_WASTE,1,2026,,,,,,0.9339674778752867
EmissionActivityRatio,BAU,RD,AERO_PTAR,,CO2e_WASTE,1,2027,,,,,,0.9339674778752867
EmissionActivityRatio,BAU,RD,AERO_PTAR,,CO2e_WASTE,1,2028,,,,,,0.9339674778752867
EmissionActivityRatio,BAU,RD,AERO_PTAR,,CO2e_WASTE,1,2029,,,,,,0.9339674778752867
EmissionActivityRatio,BAU,RD,AERO_PTAR,,CO2e_WASTE,1,2030,,,,,,0.9339674778752867
EmissionActivityRatio,BAU,RD,AERO_PTAR,,CO2e_WASTE,1,2031,,,,,,0.9339674778752867
EmissionActivityRatio,BAU,RD,AERO_PTAR,,CO2e_WASTE,1,2032,,,,,,0.9339674778752867
EmissionActivityRatio,BAU,RD,AERO_PTAR,,CO2e_WASTE,1,2033,,,,,,0.9339674778752867
EmissionActivityRatio,BAU,RD,AERO_PTAR,,CO2e_WASTE,1,2034,,,,,,0.9339674778752867
EmissionActivityRatio,BAU,RD,AERO_PTAR,,CO2e_WASTE,1,2035,,,,,,0.9339674778752867
EmissionActivityRatio,BAU,RD,AERO_PTAR,,CO2e_WASTE,1,2036,,,,,,0.9339674778752867
EmissionActivityRatio,BAU,RD,AERO_PTAR,,CO2e_WASTE,1,2037,,,,,,0.9339674778752867
EmissionActivityRatio,BAU,RD,AERO_PTAR,,CO2e_WASTE,1,2038,,,,,,0.9339674778752867
EmissionActivityRatio,BAU,RD,AERO_PTAR,,CO2e_WASTE,1,2039,,,,,,0.9339674778752867
EmissionActivityRatio,BAU,RD,AERO_PTAR,,CO2e_WASTE,1,2040,,,,,,0.9339674778752867
EmissionActivityRatio,BAU,RD,AERO_PTAR,,CO2e_WASTE,1,2041,,,,,,0.9339674778752867
EmissionActivityRatio,BAU,RD,AERO_PTAR,,CO2e_WASTE,1,2042,,,,,,0.9339674778752867
EmissionActivityRatio,BAU,RD,AERO_PTAR,,CO2e_WASTE,1,2043,,,,,,0.9339674778752867
EmissionActivityRatio,BAU,RD,AERO_PTAR,,CO2e_WASTE,1,2044,,,,,,0.9339674778752867
EmissionActivityRatio,BAU,RD,AERO_PTAR,,CO2e_WASTE,1,2045,,,,,,0.9339674778752867
EmissionActivityRatio,BAU,RD,AERO_PTAR,,CO2e_WASTE,1,2046,,,,,,0.9339674778752867
EmissionActivityRatio,BAU,RD,AERO_PTAR,,CO2e_WASTE,1,2047,,,,,,0.9339674778752867
EmissionActivityRatio,BAU,RD,AERO_PTAR,,CO2e_WASTE,1,2048,,,,,,0.9339674778752867
EmissionActivityRatio,BAU,RD,AERO_PTAR,,CO2e_WASTE,1,2049,,,,,,0.9339674778752867
EmissionActivityRatio,BAU,RD,AERO_PTAR,,CO2e_WASTE,1,2050,,,,,,0.9339674778752867
EmissionActivityRatio,BAU,RD,AERO_PTAR_RU,,CO2e_WASTE,1,2018,,,,,,0.9339674778752867
EmissionActivityRatio,BAU,RD,AERO_PTAR_RU,,CO2e_WASTE,1,2019,,,,,,0.9339674778752867
EmissionActivityRatio,BAU,RD,AERO_PTAR_RU,,CO2e_WASTE,1,2020,,,,,,0.9339674778752867
EmissionActivityRatio,BAU,RD,AERO_PTAR_RU,,CO2e_WASTE,1,2021,,,,,,0.9339674778752867
EmissionActivityRatio,BAU,RD,AERO_PTAR_RU,,CO2e_WASTE,1,2022,,,,,,0.9339674778752867
EmissionActivityRatio,BAU,RD,AERO_PTAR_RU,,CO2e_WASTE,1,2023,,,,,,0.9339674778752867
EmissionActivityRatio,BAU,RD,AERO_PTAR_RU,,CO2e_WASTE,1,2024,,,,,,0.9339674778752867
EmissionActivityRatio,BAU,RD,AERO_PTAR_RU,,CO2e_WASTE,1,2025,,,,,,0.9339674778752867
EmissionActivityRatio,BAU,RD,AERO_PTAR_RU,,CO2e_WASTE,1,2026,,,,,,0.9339674778752867
EmissionActivityRatio,BAU,RD,AERO_PTAR_RU,,CO2e_WASTE,1,2027,,,,,,0.9339674778752867
EmissionActivityRatio,BAU,RD,AERO_PTAR_RU,,CO2e_WASTE,1,2028,,,,,,0.9339674778752867
EmissionActivityRatio,BAU,RD,AERO_PTAR_RU,,CO2e_WASTE,1,2029,,,,,,0.9339674778752867
EmissionActivityRatio,BAU,RD,AERO_PTAR_RU,,CO2e_WASTE,1,2030,,,,,,0.9339674778752867
EmissionActivityRatio,BAU,RD,AERO_PTAR_RU,,CO2e_WASTE,1,2031,,,,,,0.9339674778752867
EmissionActivityRatio,BAU,RD,AERO_PTAR_RU,,CO2e_WASTE,1,2032,,,,,,0.9339674778752867
EmissionActivityRatio,BAU,RD,AERO_PTAR_RU,,CO2e_WASTE,1,2033,,,,,,0.9339674778752867
EmissionActivityRatio,BAU,RD,AERO_PTAR_RU,,CO2e_WASTE,1,2034,,,,,,0.9339674778752867
EmissionActivityRatio,BAU,RD,AERO_PTAR_RU,,CO2e_WASTE,1,2035,,,,,,0.9339674778752867
EmissionActivityRatio,BAU,RD,AERO_PTAR_RU,,CO2e_WASTE,1,2036,,,,,,0.9339674778752867
EmissionActivityRatio,BAU,RD,AERO_PTAR_RU,,CO2e_WASTE,1,2037,,,,,,0.9339674778752867
EmissionActivityRatio,BAU,RD,AERO_PTAR_RU,,CO2e_WASTE,1,2038,,,,,,0.9339674778752867
EmissionActivityRatio,BAU,RD,AERO_PTAR_RU,,CO2e_WASTE,1,2039,,,,,,0.9339674778752867
EmissionActivityRatio,BAU,RD,AERO_PTAR_RU,,CO2e_WASTE,1,2040,,,,,,0.9339674778752867
EmissionActivityRatio,BAU,RD,AERO_PTAR_RU,,CO2e_WASTE,1,2041,,,,,,0.9339674778752867
EmissionActivityRatio,BAU,RD,AERO_PTAR_RU,,CO2e_WASTE,1,2042,,,,,,0.9339674778752867
EmissionActivityRatio,BAU,RD,AERO_PTAR_RU,,CO2e_WASTE,1,2043,,,,,,0.9339674778752867
EmissionActivityRatio,BAU,RD,AERO_PTAR_RU,,CO2e_WASTE,1,2044,,,,,,0.9339674778752867
EmissionActivityRatio,BAU,RD,AERO_PTAR_RU,,CO2e_WASTE,1,2045,,,,,,0.9339674778752867
EmissionActivityRatio,BAU,RD,AERO_PTAR_RU,,CO2e_WASTE,1,2046,,,,,,0.9339674778752867
EmissionActivityRatio,BAU,RD,AERO_PTAR_RU,,CO2e_WASTE,1,2047,,,,,,0.9339674778752867
EmissionActivityRatio,BAU,RD,AERO_PTAR_RU,,CO2e_WASTE,1,2048,,,,,,0.9339674778752867
EmissionActivityRatio,BAU,RD,AERO_PTAR_RU,,CO2e_WASTE,1,2049,,,,,,0.9339674778752867
EmissionActivityRatio,BAU,RD,AERO_PTAR_RU,,CO2e_WASTE,1,2050,,,,,,0.9339674778752867
EmissionActivityRatio,BAU,RD,ANAE_LAGN,,CO2e_WASTE,1,2018,,,,,,0.0
EmissionActivityRatio,BAU,RD,ANAE_LAGN,,CO2e_WASTE,1,2019,,,,,,0.0
EmissionActivityRatio,BAU,RD,ANAE_LAGN,,CO2e_WASTE,1,2020,,,,,,0.0
EmissionActivityRatio,BAU,RD,ANAE_LAGN,,CO2e_WASTE,1,2021,,,,,,0.0
EmissionActivityRatio,BAU,RD,ANAE_LAGN,,CO2e_WASTE,1,2022,,,,,,0.0
EmissionActivityRatio,BAU,RD,ANAE_LAGN,,CO2e_WASTE,1,2023,,,,,,0.0
EmissionActivityRatio,BAU,RD,ANAE_LAGN,,CO2e_WASTE,1,2024,,,,,,0.0
EmissionActivityRatio,BAU,RD,ANAE_LAGN,,CO2e_WASTE,1,2025,,,,,,0.0
EmissionActivityRatio,BAU,RD,ANAE_LAGN,,CO2e_WASTE,1,2026,,,,,,0.0
EmissionActivityRatio,BAU,RD,ANAE_LAGN,,CO2e_WASTE,1,2027,,,,,,0.0
EmissionActivityRatio,BAU,RD,ANAE_LAGN,,CO2e_WASTE,1,2028,,,,,,0.0
EmissionActivityRatio,BAU,RD,ANAE_LAGN,,CO2e_WASTE,1,2029,,,,,,0.0
EmissionActivityRatio,BAU,RD,ANAE_LAGN,,CO2e_WASTE,1,2030,,,,,,0.0
EmissionActivityRatio,BAU,RD,ANAE_LAGN,,CO2e_WASTE,1,2031,,,,,,0.0
EmissionActivityRatio,BAU,RD,ANAE_LAGN,,CO2e_WASTE,1,2032,,,,,,0.0
EmissionActivityRatio,BAU,RD,ANAE_LAGN,,CO2e_WASTE,1,2033,,,,,,0.0
EmissionActivityRatio,BAU,RD,ANAE_LAGN,,CO2e_WASTE,1,2034,,,,,,0.0
EmissionActivityRatio,BAU,RD,ANAE_LAGN,,CO2e_WASTE,1,2035,,,,,,0.0
EmissionActivityRatio,BAU,RD,ANAE_LAGN,,CO2e_WASTE,1,2036,,,,,,0.0
EmissionActivityRatio,BAU,RD,ANAE_LAGN,,CO2e_WASTE,1,2037,,,,,,0.0
EmissionActivityRatio,BAU,RD,ANAE_LAGN,,CO2e_WASTE,1,2038,,,,,,0.0
EmissionActivityRatio,BAU,RD,ANAE_LAGN,,CO2e_WASTE,1,2039,,,,,,0.0
EmissionActivityRatio,BAU,RD,ANAE_LAGN,,CO2e_WASTE,1,2040,,,,,,0.0
EmissionActivityRatio,BAU,RD,ANAE_LAGN,,CO2e_WASTE,1,2041,,,,,,0.0
EmissionActivityRatio,BAU,RD,ANAE_LAGN,,CO2e_WASTE,1,2042,,,,,,0.0
EmissionActivityRatio,BAU,RD,ANAE_LAGN,,CO2e_WASTE,1,2043,,,,,,0.0
EmissionActivityRatio,BAU,RD,ANAE_LAGN,,CO2e_WASTE,1,2044,,,,,,0.0
EmissionActivityRatio,BAU,RD,ANAE_LAGN,,CO2e_WASTE,1,2045,,,,,,0.0
EmissionActivityRatio,BAU,RD,ANAE_LAGN,,CO2e_WASTE,1,2046,,,,,,0.0
EmissionActivityRatio,BAU,RD,ANAE_LAGN,,CO2e_WASTE,1,2047,,,,,,0.0
EmissionActivityRatio,BAU,RD,ANAE_LAGN,,CO2e_WASTE,1,2048,,,,,,0.0
EmissionActivityRatio,BAU,RD,ANAE_LAGN,,CO2e_WASTE,1,2049,,,,,,0.0
EmissionActivityRatio,BAU,RD,ANAE_LAGN,,CO2e_WASTE,1,2050,,,,,,0.0
EmissionActivityRatio,BAU,RD,ANAE_LAGN_RU,,CO2e_WASTE,1,2018,,,,,,0.0
EmissionActivityRatio,BAU,RD,ANAE_LAGN_RU,,CO2e_WASTE,1,2019,,,,,,0.0
EmissionActivityRatio,BAU,RD,ANAE_LAGN_RU,,CO2e_WASTE,1,2020,,,,,,0.0
EmissionActivityRatio,BAU,RD,ANAE_LAGN_RU,,CO2e_WASTE,1,2021,,,,,,0.0
EmissionActivityRatio,BAU,RD,ANAE_LAGN_RU,,CO2e_WASTE,1,2022,,,,,,0.0
EmissionActivityRatio,BAU,RD,ANAE_LAGN_RU,,CO2e_WASTE,1,2023,,,,,,0.0
EmissionActivityRatio,BAU,RD,ANAE_LAGN_RU,,CO2e_WASTE,1,2024,,,,,,0.0
EmissionActivityRatio,BAU,RD,ANAE_LAGN_RU,,CO2e_WASTE,1,2025,,,,,,0.0
EmissionActivityRatio,BAU,RD,ANAE_LAGN_RU,,CO2e_WASTE,1,2026,,,,,,0.0
EmissionActivityRatio,BAU,RD,ANAE_LAGN_RU,,CO2e_WASTE,1,2027,,,,,,0.0
EmissionActivityRatio,BAU,RD,ANAE_LAGN_RU,,CO2e_WASTE,1,2028,,,,,,0.0
EmissionActivityRatio,BAU,RD,ANAE_LAGN_RU,,CO2e_WASTE,1,2029,,,,,,0.0
EmissionActivityRatio,BAU,RD,ANAE_LAGN_RU,,CO2e_WASTE,1,2030,,,,,,0.0
EmissionActivityRatio,BAU,RD,ANAE_LAGN_RU,,CO2e_WASTE,1,2031,,,,,,0.0
EmissionActivityRatio,BAU,RD,ANAE_LAGN_RU,,CO2e_WASTE,1,2032,,,,,,0.0
EmissionActivityRatio,BAU,RD,ANAE_LAGN_RU,,CO2e_WASTE,1,2033,,,,,,0.0
EmissionActivityRatio,BAU,RD,ANAE_LAGN_RU,,CO2e_WASTE,1,2034,,,,,,0.0
EmissionActivityRatio,BAU,RD,ANAE_LAGN_RU,,CO2e_WASTE,1,2035,,,,,,0.0
EmissionActivityRatio,BAU,RD,ANAE_LAGN_RU,,CO2e_WASTE,1,2036,,,,,,0.0
EmissionActivityRatio,BAU,RD,ANAE_LAGN_RU,,CO2e_WASTE,1,2037,,,,,,0.0
EmissionActivityRatio,BAU,RD,ANAE_LAGN_RU,,CO2e_WASTE,1,2038,,,,,,0.0
EmissionActivityRatio,BAU,RD,ANAE_LAGN_RU,,CO2e_WASTE,1,2039,,,,,,0.0
EmissionActivityRatio,BAU,RD,ANAE_LAGN_RU,,CO2e_WASTE,1,2040,,,,,,0.0
EmissionActivityRatio,BAU,RD,ANAE_LAGN_RU,,CO2e_WASTE,1,2041,,,,,,0.0
EmissionActivityRatio,BAU,RD,ANAE_LAGN_RU,,CO2e_WASTE,1,2042,,,,,,0.0
EmissionActivityRatio,BAU,RD,ANAE_LAGN_RU,,CO2e_WASTE,1,2043,,,,,,0.0
EmissionActivityRatio,BAU,RD,ANAE_LAGN_RU,,CO2e_WASTE,1,2044,,,,,,0.0
EmissionActivityRatio,BAU,RD,ANAE_LAGN_RU,,CO2e_WASTE,1,2045,,,,,,0.0
EmissionActivityRatio,BAU,RD,ANAE_LAGN_RU,,CO2e_WASTE,1,2046,,,,,,0.0
EmissionActivityRatio,BAU,RD,ANAE_LAGN_RU,,CO2e_WASTE,1,2047,,,,,,0.0
EmissionActivityRatio,BAU,RD,ANAE_LAGN_RU,,CO2e_WASTE,1,2048,,,,,,0.0
EmissionActivityRatio,BAU,RD,ANAE_LAGN_RU,,CO2e_WASTE,1,2049,,,,,,0.0
EmissionActivityRatio,BAU,RD,ANAE_LAGN_RU,,CO2e_WASTE,1,2050,,,,,,0.0
EmissionActivityRatio,BAU,RD,SEPT_SYST,,CO2e_WASTE,1,2018,,,,,,0.9339674778752867
EmissionActivityRatio,BAU,RD,SEPT_SYST,,CO2e_WASTE,1,2019,,,,,,0.9339674778752867
EmissionActivityRatio,BAU,RD,SEPT_SYST,,CO2e_WASTE,1,2020,,,,,,0.9339674778752867
EmissionActivityRatio,BAU,RD,SEPT_SYST,,CO2e_WASTE,1,2021,,,,,,0.9339674778752867
EmissionActivityRatio,BAU,RD,SEPT_SYST,,CO2e_WASTE,1,2022,,,,,,0.9339674778752867
EmissionActivityRatio,BAU,RD,SEPT_SYST,,CO2e_WASTE,1,2023,,,,,,0.9339674778752867
EmissionActivityRatio,BAU,RD,SEPT_SYST,,CO2e_WASTE,1,2024,,,,,,0.9339674778752867
EmissionActivityRatio,BAU,RD,SEPT_SYST,,CO2e_WASTE,1,2025,,,,,,0.9339674778752867
EmissionActivityRatio,BAU,RD,SEPT_SYST,,CO2e_WASTE,1,2026,,,,,,0.9339674778752867
EmissionActivityRatio,BAU,RD,SEPT_SYST,,CO2e_WASTE,1,2027,,,,,,0.9339674778752867
EmissionActivityRatio,BAU,RD,SEPT_SYST,,CO2e_WASTE,1,2028,,,,,,0.9339674778752867
EmissionActivityRatio,BAU,RD,SEPT_SYST,,CO2e_WASTE,1,2029,,,,,,0.9339674778752867
EmissionActivityRatio,BAU,RD,SEPT_SYST,,CO2e_WASTE,1,2030,,,,,,0.9339674778752867
EmissionActivityRatio,BAU,RD,SEPT_SYST,,CO2e_WASTE,1,2031,,,,,,0.9339674778752867
EmissionActivityRatio,BAU,RD,SEPT_SYST,,CO2e_WASTE,1,2032,,,,,,0.9339674778752867
EmissionActivityRatio,BAU,RD,SEPT_SYST,,CO2e_WASTE,1,2033,,,,,,0.9339674778752867
EmissionActivityRatio,BAU,RD,SEPT_SYST,,CO2e_WASTE,1,2034,,,,,,0.9339674778752867
EmissionActivityRatio,BAU,RD,SEPT_SYST,,CO2e_WASTE,1,2035,,,,,,0.9339674778752867
EmissionActivityRatio,BAU,RD,SEPT_SYST,,CO2e_WASTE,1,2036,,,,,,0.9339674778752867
EmissionActivityRatio,BAU,RD,SEPT_SYST,,CO2e_WASTE,1,2037,,,,,,0.9339674778752867
EmissionActivityRatio,BAU,RD,SEPT_SYST,,CO2e_WASTE,1,2038,,,,,,0.9339674778752867
EmissionActivityRatio,BAU,RD,SEPT_SYST,,CO2e_WASTE,1,2039,,,,,,0.9339674778752867
EmissionActivityRatio,BAU,RD,SEPT_SYST,,CO2e_WASTE,1,2040,,,,,,0.9339674778752867
EmissionActivityRatio,BAU,RD,SEPT_SYST,,CO2e_WASTE,1,2041,,,,,,0.9339674778752867
EmissionActivityRatio,BAU,RD,SEPT_SYST,,CO2e_WASTE,1,2042,,,,,,0.9339674778752867
EmissionActivityRatio,BAU,RD,SEPT_SYST,,CO2e_WASTE,1,2043,,,,,,0.9339674778752867
EmissionActivityRatio,BAU,RD,SEPT_SYST,,CO2e_WASTE,1,2044,,,,,,0.9339674778752867
EmissionActivityRatio,BAU,RD,SEPT_SYST,,CO2e_WASTE,1,2045,,,,,,0.9339674778752867
EmissionActivityRatio,BAU,RD,SEPT_SYST,,CO2e_WASTE,1,2046,,,,,,0.9339674778752867
EmissionActivityRatio,BAU,RD,SEPT_SYST,,CO2e_WASTE,1,2047,,,,,,0.9339674778752867
EmissionActivityRatio,BAU,RD,SEPT_SYST,,CO2e_WASTE,1,2048,,,,,,0.9339674778752867
EmissionActivityRatio,BAU,RD,SEPT_SYST,,CO2e_WASTE,1,2049,,,,,,0.9339674778752867
EmissionActivityRatio,BAU,RD,SEPT_SYST,,CO2e_WASTE,1,2050,,,,,,0.9339674778752867
EmissionActivityRatio,BAU,RD,LATR,,CO2e_WASTE,1,2018,,,,,,0.9339674778752867
EmissionActivityRatio,BAU,RD,LATR,,CO2e_WASTE,1,2019,,,,,,0.9339674778752867
EmissionActivityRatio,BAU,RD,LATR,,CO2e_WASTE,1,2020,,,,,,0.9339674778752867
EmissionActivityRatio,BAU,RD,LATR,,CO2e_WASTE,1,2021,,,,,,0.9339674778752867
EmissionActivityRatio,BAU,RD,LATR,,CO2e_WASTE,1,2022,,,,,,0.9339674778752867
EmissionActivityRatio,BAU,RD,LATR,,CO2e_WASTE,1,2023,,,,,,0.9339674778752867
EmissionActivityRatio,BAU,RD,LATR,,CO2e_WASTE,1,2024,,,,,,0.9339674778752867
EmissionActivityRatio,BAU,RD,LATR,,CO2e_WASTE,1,2025,,,,,,0.9339674778752867
EmissionActivityRatio,BAU,RD,LATR,,CO2e_WASTE,1,2026,,,,,,0.9339674778752867
EmissionActivityRatio,BAU,RD,LATR,,CO2e_WASTE,1,2027,,,,,,0.9339674778752867
EmissionActivityRatio,BAU,RD,LATR,,CO2e_WASTE,1,2028,,,,,,0.9339674778752867
EmissionActivityRatio,BAU,RD,LATR,,CO2e_WASTE,1,2029,,,,,,0.9339674778752867
EmissionActivityRatio,BAU,RD,LATR,,CO2e_WASTE,1,2030,,,,,,0.9339674778752867
EmissionActivityRatio,BAU,RD,LATR,,CO2e_WASTE,1,2031,,,,,,0.9339674778752867
EmissionActivityRatio,BAU,RD,LATR,,CO2e_WASTE,1,2032,,,,,,0.9339674778752867
EmissionActivityRatio,BAU,RD,LATR,,CO2e_WASTE,1,2033,,,,,,0.9339674778752867
EmissionActivityRatio,BAU,RD,LATR,,CO2e_WASTE,1,2034,,,,,,0.9339674778752867
EmissionActivityRatio,BAU,RD,LATR,,CO2e_WASTE,1,2035,,,,,,0.9339674778752867
EmissionActivityRatio,BAU,RD,LATR,,CO2e_WASTE,1,2036,,,,,,0.9339674778752867
EmissionActivityRatio,BAU,RD,LATR,,CO2e_WASTE,1,2037,,,,,,0.9339674778752867
EmissionActivityRatio,BAU,RD,LATR,,CO2e_WASTE,1,2038,,,,,,0.9339674778752867
EmissionActivityRatio,BAU,RD,LATR,,CO2e_WASTE,1,2039,,,,,,0.9339674778752867
EmissionActivityRatio,BAU,RD,LATR,,CO2e_WASTE,1,2040,,,,,,0.9339674778752867
EmissionActivityRatio,BAU,RD,LATR,,CO2e_WASTE,1,2041,,,,,,0.9339674778752867
EmissionActivityRatio,BAU,RD,LATR,,CO2e_WASTE,1,2042,,,,,,0.9339674778752867
EmissionActivityRatio,BAU,RD,LATR,,CO2e_WASTE,1,2043,,,,,,0.9339674778752867
EmissionActivityRatio,BAU,RD,LATR,,CO2e_WASTE,1,2044,,,,,,0.9339674778752867
EmissionActivityRatio,BAU,RD,LATR,,CO2e_WASTE,1,2045,,,,,,0.9339674778752867
EmissionActivityRatio,BAU,RD,LATR,,CO2e_WASTE,1,2046,,,,,,0.9339674778752867
EmissionActivityRatio,BAU,RD,LATR,,CO2e_WASTE,1,2047,,,,,,0.9339674778752867
EmissionActivityRatio,BAU,RD,LATR,,CO2e_WASTE,1,2048,,,,,,0.9339674778752867
EmissionActivityRatio,BAU,RD,LATR,,CO2e_WASTE,1,2049,,,,,,0.9339674778752867
EmissionActivityRatio,BAU,RD,LATR,,CO2e_WASTE,1,2050,,,,,,0.9339674778752867
EmissionActivityRatio,BAU,RD,EFLT_DISC,,CO2e_WASTE,1,2018,,,,,,0.9339674778752867
EmissionActivityRatio,BAU,RD,EFLT_DISC,,CO2e_WASTE,1,2019,,,,,,0.9339674778752867
EmissionActivityRatio,BAU,RD,EFLT_DISC,,CO2e_WASTE,1,2020,,,,,,0.9339674778752867
EmissionActivityRatio,BAU,RD,EFLT_DISC,,CO2e_WASTE,1,2021,,,,,,0.9339674778752867
EmissionActivityRatio,BAU,RD,EFLT_DISC,,CO2e_WASTE,1,2022,,,,,,0.9339674778752867
EmissionActivityRatio,BAU,RD,EFLT_DISC,,CO2e_WASTE,1,2023,,,,,,0.9339674778752867
EmissionActivityRatio,BAU,RD,EFLT_DISC,,CO2e_WASTE,1,2024,,,,,,0.9339674778752867
EmissionActivityRatio,BAU,RD,EFLT_DISC,,CO2e_WASTE,1,2025,,,,,,0.9339674778752867
EmissionActivityRatio,BAU,RD,EFLT_DISC,,CO2e_WASTE,1,2026,,,,,,0.9339674778752867
EmissionActivityRatio,BAU,RD,EFLT_DISC,,CO2e_WASTE,1,2027,,,,,,0.9339674778752867
EmissionActivityRatio,BAU,RD,EFLT_DISC,,CO2e_WASTE,1,2028,,,,,,0.9339674778752867
EmissionActivityRatio,BAU,RD,EFLT_DISC,,CO2e_WASTE,1,2029,,,,,,0.9339674778752867
EmissionActivityRatio,BAU,RD,EFLT_DISC,,CO2e_WASTE,1,2030,,,,,,0.9339674778752867
EmissionActivityRatio,BAU,RD,EFLT_DISC,,CO2e_WASTE,1,2031,,,,,,0.9339674778752867
EmissionActivityRatio,BAU,RD,EFLT_DISC,,CO2e_WASTE,1,2032,,,,,,0.9339674778752867
EmissionActivityRatio,BAU,RD,EFLT_DISC,,CO2e_WASTE,1,2033,,,,,,0.9339674778752867
EmissionActivityRatio,BAU,RD,EFLT_DISC,,CO2e_WASTE,1,2034,,,,,,0.9339674778752867
EmissionActivityRatio,BAU,RD,EFLT_DISC,,CO2e_WASTE,1,2035,,,,,,0.9339674778752867
EmissionActivityRatio,BAU,RD,EFLT_DISC,,CO2e_WASTE,1,2036,,,,,,0.9339674778752867
EmissionActivityRatio,BAU,RD,EFLT_DISC,,CO2e_WASTE,1,2037,,,,,,0.9339674778752867
EmissionActivityRatio,BAU,RD,EFLT_DISC,,CO2e_WASTE,1,2038,,,,,,0.9339674778752867
EmissionActivityRatio,BAU,RD,EFLT_DISC,,CO2e_WASTE,1,2039,,,,,,0.9339674778752867
EmissionActivityRatio,BAU,RD,EFLT_DISC,,CO2e_WASTE,1,2040,,,,,,0.9339674778752867
EmissionActivityRatio,BAU,RD,EFLT_DISC,,CO2e_WASTE,1,2041,,,,,,0.9339674778752867
EmissionActivityRatio,BAU,RD,EFLT_DISC,,CO2e_WASTE,1,2042,,,,,,0.9339674778752867
EmissionActivityRatio,BAU,RD,EFLT_DISC,,CO2e_WASTE,1,2043,,,,,,0.9339674778752867
EmissionActivityRatio,BAU,RD,EFLT_DISC,,CO2e_WASTE,1,2044,,,,,,0.9339674778752867
EmissionActivityRatio,BAU,RD,EFLT_DISC,,CO2e_WASTE,1,2045,,,,,,0.9339674778752867
EmissionActivityRatio,BAU,RD,EFLT_DISC,,CO2e_WASTE,1,2046,,,,,,0.9339674778752867
EmissionActivityRatio,BAU,RD,EFLT_DISC,,CO2e_WASTE,1,2047,,,,,,0.9339674778752867
EmissionActivityRatio,BAU,RD,EFLT_DISC,,CO2e_WASTE,1,2048,,,,,,0.9339674778752867
EmissionActivityRatio,BAU,RD,EFLT_DISC,,CO2e_WASTE,1,2049,,,,,,0.9339674778752867
EmissionActivityRatio,BAU,RD,EFLT_DISC,,CO2e_WASTE,1,2050,,,,,,0.9339674778752867
EmissionActivityRatio,BAU,RD,SEWER_NO_T,,CO2e_WASTE,1,2018,,,,,,0.9339674778752867
EmissionActivityRatio,BAU,RD,SEWER_NO_T,,CO2e_WASTE,1,2019,,,,,,0.9339674778752867
EmissionActivityRatio,BAU,RD,SEWER_NO_T,,CO2e_WASTE,1,2020,,,,,,0.9339674778752867
EmissionActivityRatio,BAU,RD,SEWER_NO_T,,CO2e_WASTE,1,2021,,,,,,0.9339674778752867
EmissionActivityRatio,BAU,RD,SEWER_NO_T,,CO2e_WASTE,1,2022,,,,,,0.9339674778752867
EmissionActivityRatio,BAU,RD,SEWER_NO_T,,CO2e_WASTE,1,2023,,,,,,0.9339674778752867
EmissionActivityRatio,BAU,RD,SEWER_NO_T,,CO2e_WASTE,1,2024,,,,,,0.9339674778752867
EmissionActivityRatio,BAU,RD,SEWER_NO_T,,CO2e_WASTE,1,2025,,,,,,0.9339674778752867
EmissionActivityRatio,BAU,RD,SEWER_NO_T,,CO2e_WASTE,1,2026,,,,,,0.9339674778752867
EmissionActivityRatio,BAU,RD,SEWER_NO_T,,CO2e_WASTE,1,2027,,,,,,0.9339674778752867
EmissionActivityRatio,BAU,RD,SEWER_NO_T,,CO2e_WASTE,1,2028,,,,,,0.9339674778752867
EmissionActivityRatio,BAU,RD,SEWER_NO_T,,CO2e_WASTE,1,2029,,,,,,0.9339674778752867
EmissionActivityRatio,BAU,RD,SEWER_NO_T,,CO2e_WASTE,1,2030,,,,,,0.9339674778752867
EmissionActivityRatio,BAU,RD,SEWER_NO_T,,CO2e_WASTE,1,2031,,,,,,0.9339674778752867
EmissionActivityRatio,BAU,RD,SEWER_NO_T,,CO2e_WASTE,1,2032,,,,,,0.9339674778752867
EmissionActivityRatio,BAU,RD,SEWER_NO_T,,CO2e_WASTE,1,2033,,,,,,0.9339674778752867
EmissionActivityRatio,BAU,RD,SEWER_NO_T,,CO2e_WASTE,1,2034,,,,,,0.9339674778752867
EmissionActivityRatio,BAU,RD,SEWER_NO_T,,CO2e_WASTE,1,2035,,,,,,0.9339674778752867
EmissionActivityRatio,BAU,RD,SEWER_NO_T,,CO2e_WASTE,1,2036,,,,,,0.9339674778752867
EmissionActivityRatio,BAU,RD,SEWER_NO_T,,CO2e_WASTE,1,2037,,,,,,0.9339674778752867
EmissionActivityRatio,BAU,RD,SEWER_NO_T,,CO2e_WASTE,1,2038,,,,,,0.9339674778752867
EmissionActivityRatio,BAU,RD,SEWER_NO_T,,CO2e_WASTE,1,2039,,,,,,0.9339674778752867
EmissionActivityRatio,BAU,RD,SEWER_NO_T,,CO2e_WASTE,1,2040,,,,,,0.9339674778752867
EmissionActivityRatio,BAU,RD,SEWER_NO_T,,CO2e_WASTE,1,2041,,,,,,0.9339674778752867
EmissionActivityRatio,BAU,RD,SEWER_NO_T,,CO2e_WASTE,1,2042,,,,,,0.9339674778752867
EmissionActivityRatio,BAU,RD,SEWER_NO_T,,CO2e_WASTE,1,2043,,,,,,0.9339674778752867
EmissionActivityRatio,BAU,RD,SEWER_NO_T,,CO2e_WASTE,1,2044,,,,,,0.9339674778752867
EmissionActivityRatio,BAU,RD,SEWER_NO_T,,CO2e_WASTE,1,2045,,,,,,0.9339674778752867
EmissionActivityRatio,BAU,RD,SEWER_NO_T,,CO2e_WASTE,1,2046,,,,,,0.9339674778752867
EmissionActivityRatio,BAU,RD,SEWER_NO_T,,CO2e_WASTE,1,2047,,,,,,0.9339674778752867
EmissionActivityRatio,BAU,RD,SEWER_NO_T,,CO2e_WASTE,1,2048,,,,,,0.9339674778752867
EmissionActivityRatio,BAU,RD,SEWER_NO_T,,CO2e_WASTE,1,2049,,,,,,0.9339674778752867
EmissionActivityRatio,BAU,RD,SEWER_NO_T,,CO2e_WASTE,1,2050,,,,,,0.9339674778752867
EmissionActivityRatio,BAU,RD,OSS_INORG,,CO2e_WASTE,1,2018,,,,,,0.0
EmissionActivityRatio,BAU,RD,OSS_INORG,,CO2e_WASTE,1,2019,,,,,,0.0
EmissionActivityRatio,BAU,RD,OSS_INORG,,CO2e_WASTE,1,2020,,,,,,0.0
EmissionActivityRatio,BAU,RD,OSS_INORG,,CO2e_WASTE,1,2021,,,,,,0.0
EmissionActivityRatio,BAU,RD,OSS_INORG,,CO2e_WASTE,1,2022,,,,,,0.0
EmissionActivityRatio,BAU,RD,OSS_INORG,,CO2e_WASTE,1,2023,,,,,,0.0
EmissionActivityRatio,BAU,RD,OSS_INORG,,CO2e_WASTE,1,2024,,,,,,0.0
EmissionActivityRatio,BAU,RD,OSS_INORG,,CO2e_WASTE,1,2025,,,,,,0.0
EmissionActivityRatio,BAU,RD,OSS_INORG,,CO2e_WASTE,1,2026,,,,,,0.0
EmissionActivityRatio,BAU,RD,OSS_INORG,,CO2e_WASTE,1,2027,,,,,,0.0
EmissionActivityRatio,BAU,RD,OSS_INORG,,CO2e_WASTE,1,2028,,,,,,0.0
EmissionActivityRatio,BAU,RD,OSS_INORG,,CO2e_WASTE,1,2029,,,,,,0.0
EmissionActivityRatio,BAU,RD,OSS_INORG,,CO2e_WASTE,1,2030,,,,,,0.0
EmissionActivityRatio,BAU,RD,OSS_INORG,,CO2e_WASTE,1,2031,,,,,,0.0
EmissionActivityRatio,BAU,RD,OSS_INORG,,CO2e_WASTE,1,2032,,,,,,0.0
EmissionActivityRatio,BAU,RD,OSS_INORG,,CO2e_WASTE,1,2033,,,,,,0.0
EmissionActivityRatio,BAU,RD,OSS_INORG,,CO2e_WASTE,1,2034,,,,,,0.0
EmissionActivityRatio,BAU,RD,OSS_INORG,,CO2e_WASTE,1,2035,,,,,,0.0
EmissionActivityRatio,BAU,RD,OSS_INORG,,CO2e_WASTE,1,2036,,,,,,0.0
EmissionActivityRatio,BAU,RD,OSS_INORG,,CO2e_WASTE,1,2037,,,,,,0.0
EmissionActivityRatio,BAU,RD,OSS_INORG,,CO2e_WASTE,1,2038,,,,,,0.0
EmissionActivityRatio,BAU,RD,OSS_INORG,,CO2e_WASTE,1,2039,,,,,,0.0
EmissionActivityRatio,BAU,RD,OSS_INORG,,CO2e_WASTE,1,2040,,,,,,0.0
EmissionActivityRatio,BAU,RD,OSS_INORG,,CO2e_WASTE,1,2041,,,,,,0.0
EmissionActivityRatio,BAU,RD,OSS_INORG,,CO2e_WASTE,1,2042,,,,,,0.0
EmissionActivityRatio,BAU,RD,OSS_INORG,,CO2e_WASTE,1,2043,,,,,,0.0
EmissionActivityRatio,BAU,RD,OSS_INORG,,CO2e_WASTE,1,2044,,,,,,0.0
EmissionActivityRatio,BAU,RD,OSS_INORG,,CO2e_WASTE,1,2045,,,,,,0.0
EmissionActivityRatio,BAU,RD,OSS_INORG,,CO2e_WASTE,1,2046,,,,,,0.0
EmissionActivityRatio,BAU,RD,OSS_INORG,,CO2e_WASTE,1,2047,,,,,,0.0
EmissionActivityRatio,BAU,RD,OSS_INORG,,CO2e_WASTE,1,2048,,,,,,0.0
EmissionActivityRatio,BAU,RD,OSS_INORG,,CO2e_WASTE,1,2049,,,,,,0.0
EmissionActivityRatio,BAU,RD,OSS_INORG,,CO2e_WASTE,1,2050,,,,,,0.0
EmissionActivityRatio,BAU,RD,OSS_ORG,,CO2e_WASTE,1,2018,,,,,,0.0
EmissionActivityRatio,BAU,RD,OSS_ORG,,CO2e_WASTE,1,2019,,,,,,0.0
EmissionActivityRatio,BAU,RD,OSS_ORG,,CO2e_WASTE,1,2020,,,,,,0.0
EmissionActivityRatio,BAU,RD,OSS_ORG,,CO2e_WASTE,1,2021,,,,,,0.0
EmissionActivityRatio,BAU,RD,OSS_ORG,,CO2e_WASTE,1,2022,,,,,,0.0
EmissionActivityRatio,BAU,RD,OSS_ORG,,CO2e_WASTE,1,2023,,,,,,0.0
EmissionActivityRatio,BAU,RD,OSS_ORG,,CO2e_WASTE,1,2024,,,,,,0.0
EmissionActivityRatio,BAU,RD,OSS_ORG,,CO2e_WASTE,1,2025,,,,,,0.0
EmissionActivityRatio,BAU,RD,OSS_ORG,,CO2e_WASTE,1,2026,,,,,,0.0
EmissionActivityRatio,BAU,RD,OSS_ORG,,CO2e_WASTE,1,2027,,,,,,0.0
EmissionActivityRatio,BAU,RD,OSS_ORG,,CO2e_WASTE,1,2028,,,,,,0.0
EmissionActivityRatio,BAU,RD,OSS_ORG,,CO2e_WASTE,1,2029,,,,,,0.0
EmissionActivityRatio,BAU,RD,OSS_ORG,,CO2e_WASTE,1,2030,,,,,,0.0
EmissionActivityRatio,BAU,RD,OSS_ORG,,CO2e_WASTE,1,2031,,,,,,0.0
EmissionActivityRatio,BAU,RD,OSS_ORG,,CO2e_WASTE,1,2032,,,,,,0.0
EmissionActivityRatio,BAU,RD,OSS_ORG,,CO2e_WASTE,1,2033,,,,,,0.0
EmissionActivityRatio,BAU,RD,OSS_ORG,,CO2e_WASTE,1,2034,,,,,,0.0
EmissionActivityRatio,BAU,RD,OSS_ORG,,CO2e_WASTE,1,2035,,,,,,0.0
EmissionActivityRatio,BAU,RD,OSS_ORG,,CO2e_WASTE,1,2036,,,,,,0.0
EmissionActivityRatio,BAU,RD,OSS_ORG,,CO2e_WASTE,1,2037,,,,,,0.0
EmissionActivityRatio,BAU,RD,OSS_ORG,,CO2e_WASTE,1,2038,,,,,,0.0
EmissionActivityRatio,BAU,RD,OSS_ORG,,CO2e_WASTE,1,2039,,,,,,0.0
EmissionActivityRatio,BAU,RD,OSS_ORG,,CO2e_WASTE,1,2040,,,,,,0.0
EmissionActivityRatio,BAU,RD,OSS_ORG,,CO2e_WASTE,1,2041,,,,,,0.0
EmissionActivityRatio,BAU,RD,OSS_ORG,,CO2e_WASTE,1,2042,,,,,,0.0
EmissionActivityRatio,BAU,RD,OSS_ORG,,CO2e_WASTE,1,2043,,,,,,0.0
EmissionActivityRatio,BAU,RD,OSS_ORG,,CO2e_WASTE,1,2044,,,,,,0.0
EmissionActivityRatio,BAU,RD,OSS_ORG,,CO2e_WASTE,1,2045,,,,,,0.0
EmissionActivityRatio,BAU,RD,OSS_ORG,,CO2e_WASTE,1,2046,,,,,,0.0
EmissionActivityRatio,BAU,RD,OSS_ORG,,CO2e_WASTE,1,2047,,,,,,0.0
EmissionActivityRatio,BAU,RD,OSS_ORG,,CO2e_WASTE,1,2048,,,,,,0.0
EmissionActivityRatio,BAU,RD,OSS_ORG,,CO2e_WASTE,1,2049,,,,,,0.0
EmissionActivityRatio,BAU,RD,OSS_ORG,,CO2e_WASTE,1,2050,,,,,,0.0
EmissionActivityRatio,BAU,RD,NO_OSS_BLEND,,CO2e_WASTE,1,2018,,,,,,0.0
EmissionActivityRatio,BAU,RD,NO_OSS_BLEND,,CO2e_WASTE,1,2019,,,,,,0.0
EmissionActivityRatio,BAU,RD,NO_OSS_BLEND,,CO2e_WASTE,1,2020,,,,,,0.0
EmissionActivityRatio,BAU,RD,NO_OSS_BLEND,,CO2e_WASTE,1,2021,,,,,,0.0
EmissionActivityRatio,BAU,RD,NO_OSS_BLEND,,CO2e_WASTE,1,2022,,,,,,0.0
EmissionActivityRatio,BAU,RD,NO_OSS_BLEND,,CO2e_WASTE,1,2023,,,,,,0.0
EmissionActivityRatio,BAU,RD,NO_OSS_BLEND,,CO2e_WASTE,1,2024,,,,,,0.0
EmissionActivityRatio,BAU,RD,NO_OSS_BLEND,,CO2e_WASTE,1,2025,,,,,,0.0
EmissionActivityRatio,BAU,RD,NO_OSS_BLEND,,CO2e_WASTE,1,2026,,,,,,0.0
EmissionActivityRatio,BAU,RD,NO_OSS_BLEND,,CO2e_WASTE,1,2027,,,,,,0.0
EmissionActivityRatio,BAU,RD,NO_OSS_BLEND,,CO2e_WASTE,1,2028,,,,,,0.0
EmissionActivityRatio,BAU,RD,NO_OSS_BLEND,,CO2e_WASTE,1,2029,,,,,,0.0
EmissionActivityRatio,BAU,RD,NO_OSS_BLEND,,CO2e_WASTE,1,2030,,,,,,0.0
EmissionActivityRatio,BAU,RD,NO_OSS_BLEND,,CO2e_WASTE,1,2031,,,,,,0.0
EmissionActivityRatio,BAU,RD,NO_OSS_BLEND,,CO2e_WASTE,1,2032,,,,,,0.0
EmissionActivityRatio,BAU,RD,NO_OSS_BLEND,,CO2e_WASTE,1,2033,,,,,,0.0
EmissionActivityRatio,BAU,RD,NO_OSS_BLEND,,CO2e_WASTE,1,2034,,,,,,0.0
EmissionActivityRatio,BAU,RD,NO_OSS_BLEND,,CO2e_WASTE,1,2035,,,,,,0.0
EmissionActivityRatio,BAU,RD,NO_OSS_BLEND,,CO2e_WASTE,1,2036,,,,,,0.0
EmissionActivityRatio,BAU,RD,NO_OSS_BLEND,,CO2e_WASTE,1,2037,,,,,,0.0
EmissionActivityRatio,BAU,RD,NO_OSS_BLEND,,CO2e_WASTE,1,2038,,,,,,0.0
EmissionActivityRatio,BAU,RD,NO_OSS_BLEND,,CO2e_WASTE,1,2039,,,,,,0.0
EmissionActivityRatio,BAU,RD,NO_OSS_BLEND,,CO2e_WASTE,1,2040,,,,,,0.0
EmissionActivityRatio,BAU,RD,NO_OSS_BLEND,,CO2e_WASTE,1,2041,,,,,,0.0
EmissionActivityRatio,BAU,RD,NO_OSS_BLEND,,CO2e_WASTE,1,2042,,,,,,0.0
EmissionActivityRatio,BAU,RD,NO_OSS_BLEND,,CO2e_WASTE,1,2043,,,,,,0.0
EmissionActivityRatio,BAU,RD,NO_OSS_BLEND,,CO2e_WASTE,1,2044,,,,,,0.0
EmissionActivityRatio,BAU,RD,NO_OSS_BLEND,,CO2e_WASTE,1,2045,,,,,,0.0
EmissionActivityRatio,BAU,RD,NO_OSS_BLEND,,CO2e_WASTE,1,2046,,,,,,0.0
EmissionActivityRatio,BAU,RD,NO_OSS_BLEND,,CO2e_WASTE,1,2047,,,,,,0.0
EmissionActivityRatio,BAU,RD,NO_OSS_BLEND,,CO2e_WASTE,1,2048,,,,,,0.0
EmissionActivityRatio,BAU,RD,NO_OSS_BLEND,,CO2e_WASTE,1,2049,,,,,,0.0
EmissionActivityRatio,BAU,RD,NO_OSS_BLEND,,CO2e_WASTE,1,2050,,,,,,0.0
EmissionActivityRatio,BAU,RD,NO_OSS_NO_COLL,,CO2e_WASTE,1,2018,,,,,,0.0
EmissionActivityRatio,BAU,RD,NO_OSS_NO_COLL,,CO2e_WASTE,1,2019,,,,,,0.0
EmissionActivityRatio,BAU,RD,NO_OSS_NO_COLL,,CO2e_WASTE,1,2020,,,,,,0.0
EmissionActivityRatio,BAU,RD,NO_OSS_NO_COLL,,CO2e_WASTE,1,2021,,,,,,0.0
EmissionActivityRatio,BAU,RD,NO_OSS_NO_COLL,,CO2e_WASTE,1,2022,,,,,,0.0
EmissionActivityRatio,BAU,RD,NO_OSS_NO_COLL,,CO2e_WASTE,1,2023,,,,,,0.0
EmissionActivityRatio,BAU,RD,NO_OSS_NO_COLL,,CO2e_WASTE,1,2024,,,,,,0.0
EmissionActivityRatio,BAU,RD,NO_OSS_NO_COLL,,CO2e_WASTE,1,2025,,,,,,0.0
EmissionActivityRatio,BAU,RD,NO_OSS_NO_COLL,,CO2e_WASTE,1,2026,,,,,,0.0
EmissionActivityRatio,BAU,RD,NO_OSS_NO_COLL,,CO2e_WASTE,1,2027,,,,,,0.0
EmissionActivityRatio,BAU,RD,NO_OSS_NO_COLL,,CO2e_WASTE,1,2028,,,,,,0.0
EmissionActivityRatio,BAU,RD,NO_OSS_NO_COLL,,CO2e_WASTE,1,2029,,,,,,0.0
EmissionActivityRatio,BAU,RD,NO_OSS_NO_COLL,,CO2e_WASTE,1,2030,,,,,,0.0
EmissionActivityRatio,BAU,RD,NO_OSS_NO_COLL,,CO2e_WASTE,1,2031,,,,,,0.0
EmissionActivityRatio,BAU,RD,NO_OSS_NO_COLL,,CO2e_WASTE,1,2032,,,,,,0.0
EmissionActivityRatio,BAU,RD,NO_OSS_NO_COLL,,CO2e_WASTE,1,2033,,,,,,0.0
EmissionActivityRatio,BAU,RD,NO_OSS_NO_COLL,,CO2e_WASTE,1,2034,,,,,,0.0
EmissionActivityRatio,BAU,RD,NO_OSS_NO_COLL,,CO2e_WASTE,1,2035,,,,,,0.0
EmissionActivityRatio,BAU,RD,NO_OSS_NO_COLL,,CO2e_WASTE,1,2036,,,,,,0.0
EmissionActivityRatio,BAU,RD,NO_OSS_NO_COLL,,CO2e_WASTE,1,2037,,,,,,0.0
EmissionActivityRatio,BAU,RD,NO_OSS_NO_COLL,,CO2e_WASTE,1,2038,,,,,,0.0
EmissionActivityRatio,BAU,RD,NO_OSS_NO_COLL,,CO2e_WASTE,1,2039,,,,,,0.0
EmissionActivityRatio,BAU,RD,NO_OSS_NO_COLL,,CO2e_WASTE,1,2040,,,,,,0.0
EmissionActivityRatio,BAU,RD,NO_OSS_NO_COLL,,CO2e_WASTE,1,2041,,,,,,0.0
EmissionActivityRatio,BAU,RD,NO_OSS_NO_COLL,,CO2e_WASTE,1,2042,,,,,,0.0
EmissionActivityRatio,BAU,RD,NO_OSS_NO_COLL,,CO2e_WASTE,1,2043,,,,,,0.0
EmissionActivityRatio,BAU,RD,NO_OSS_NO_COLL,,CO2e_WASTE,1,2044,,,,,,0.0
EmissionActivityRatio,BAU,RD,NO_OSS_NO_COLL,,CO2e_WASTE,1,2045,,,,,,0.0
EmissionActivityRatio,BAU,RD,NO_OSS_NO_COLL,,CO2e_WASTE,1,2046,,,,,,0.0
EmissionActivityRatio,BAU,RD,NO_OSS_NO_COLL,,CO2e_WASTE,1,2047,,,,,,0.0
EmissionActivityRatio,BAU,RD,NO_OSS_NO_COLL,,CO2e_WASTE,1,2048,,,,,,0.0
EmissionActivityRatio,BAU,RD,NO_OSS_NO_COLL,,CO2e_WASTE,1,2049,,,,,,0.0
EmissionActivityRatio,BAU,RD,NO_OSS_NO_COLL,,CO2e_WASTE,1,2050,,,,,,0.0
EmissionActivityRatio,BAU,RD,INORG_DCOLL,,CO2e_WASTE,1,2018,,,,,,0.0
EmissionActivityRatio,BAU,RD,INORG_DCOLL,,CO2e_WASTE,1,2019,,,,,,0.0
EmissionActivityRatio,BAU,RD,INORG_DCOLL,,CO2e_WASTE,1,2020,,,,,,0.0
EmissionActivityRatio,BAU,RD,INORG_DCOLL,,CO2e_WASTE,1,2021,,,,,,0.0
EmissionActivityRatio,BAU,RD,INORG_DCOLL,,CO2e_WASTE,1,2022,,,,,,0.0
EmissionActivityRatio,BAU,RD,INORG_DCOLL,,CO2e_WASTE,1,2023,,,,,,0.0
EmissionActivityRatio,BAU,RD,INORG_DCOLL,,CO2e_WASTE,1,2024,,,,,,0.0
EmissionActivityRatio,BAU,RD,INORG_DCOLL,,CO2e_WASTE,1,2025,,,,,,0.0
EmissionActivityRatio,BAU,RD,INORG_DCOLL,,CO2e_WASTE,1,2026,,,,,,0.0
EmissionActivityRatio,BAU,RD,INORG_DCOLL,,CO2e_WASTE,1,2027,,,,,,0.0
EmissionActivityRatio,BAU,RD,INORG_DCOLL,,CO2e_WASTE,1,2028,,,,,,0.0
EmissionActivityRatio,BAU,RD,INORG_DCOLL,,CO2e_WASTE,1,2029,,,,,,0.0
EmissionActivityRatio,BAU,RD,INORG_DCOLL,,CO2e_WASTE,1,2030,,,,,,0.0
EmissionActivityRatio,BAU,RD,INORG_DCOLL,,CO2e_WASTE,1,2031,,,,,,0.0
EmissionActivityRatio,BAU,RD,INORG_DCOLL,,CO2e_WASTE,1,2032,,,,,,0.0
EmissionActivityRatio,BAU,RD,INORG_DCOLL,,CO2e_WASTE,1,2033,,,,,,0.0
EmissionActivityRatio,BAU,RD,INORG_DCOLL,,CO2e_WASTE,1,2034,,,,,,0.0
EmissionActivityRatio,BAU,RD,INORG_DCOLL,,CO2e_WASTE,1,2035,,,,,,0.0
EmissionActivityRatio,BAU,RD,INORG_DCOLL,,CO2e_WASTE,1,2036,,,,,,0.0
EmissionActivityRatio,BAU,RD,INORG_DCOLL,,CO2e_WASTE,1,2037,,,,,,0.0
EmissionActivityRatio,BAU,RD,INORG_DCOLL,,CO2e_WASTE,1,2038,,,,,,0.0
EmissionActivityRatio,BAU,RD,INORG_DCOLL,,CO2e_WASTE,1,2039,,,,,,0.0
EmissionActivityRatio,BAU,RD,INORG_DCOLL,,CO2e_WASTE,1,2040,,,,,,0.0
EmissionActivityRatio,BAU,RD,INORG_DCOLL,,CO2e_WASTE,1,2041,,,,,,0.0
EmissionActivityRatio,BAU,RD,INORG_DCOLL,,CO2e_WASTE,1,2042,,,,,,0.0
EmissionActivityRatio,BAU,RD,INORG_DCOLL,,CO2e_WASTE,1,2043,,,,,,0.0
EmissionActivityRatio,BAU,RD,INORG_DCOLL,,CO2e_WASTE,1,2044,,,,,,0.0
EmissionActivityRatio,BAU,RD,INORG_DCOLL,,CO2e_WASTE,1,2045,,,,,,0.0
EmissionActivityRatio,BAU,RD,INORG_DCOLL,,CO2e_WASTE,1,2046,,,,,,0.0
EmissionActivityRatio,BAU,RD,INORG_DCOLL,,CO2e_WASTE,1,2047,,,,,,0.0
EmissionActivityRatio,BAU,RD,INORG_DCOLL,,CO2e_WASTE,1,2048,,,,,,0.0
EmissionActivityRatio,BAU,RD,INORG_DCOLL,,CO2e_WASTE,1,2049,,,,,,0.0
EmissionActivityRatio,BAU,RD,INORG_DCOLL,,CO2e_WASTE,1,2050,,,,,,0.0
EmissionActivityRatio,BAU,RD,ORG_DCOLL,,CO2e_WASTE,1,2018,,,,,,0.0
EmissionActivityRatio,BAU,RD,ORG_DCOLL,,CO2e_WASTE,1,2019,,,,,,0.0
EmissionActivityRatio,BAU,RD,ORG_DCOLL,,CO2e_WASTE,1,2020,,,,,,0.0
EmissionActivityRatio,BAU,RD,ORG_DCOLL,,CO2e_WASTE,1,2021,,,,,,0.0
EmissionActivityRatio,BAU,RD,ORG_DCOLL,,CO2e_WASTE,1,2022,,,,,,0.0
EmissionActivityRatio,BAU,RD,ORG_DCOLL,,CO2e_WASTE,1,2023,,,,,,0.0
EmissionActivityRatio,BAU,RD,ORG_DCOLL,,CO2e_WASTE,1,2024,,,,,,0.0
EmissionActivityRatio,BAU,RD,ORG_DCOLL,,CO2e_WASTE,1,2025,,,,,,0.0
EmissionActivityRatio,BAU,RD,ORG_DCOLL,,CO2e_WASTE,1,2026,,,,,,0.0
EmissionActivityRatio,BAU,RD,ORG_DCOLL,,CO2e_WASTE,1,2027,,,,,,0.0
EmissionActivityRatio,BAU,RD,ORG_DCOLL,,CO2e_WASTE,1,2028,,,,,,0.0
EmissionActivityRatio,BAU,RD,ORG_DCOLL,,CO2e_WASTE,1,2029,,,,,,0.0
EmissionActivityRatio,BAU,RD,ORG_DCOLL,,CO2e_WASTE,1,2030,,,,,,0.0
EmissionActivityRatio,BAU,RD,ORG_DCOLL,,CO2e_WASTE,1,2031,,,,,,0.0
EmissionActivityRatio,BAU,RD,ORG_DCOLL,,CO2e_WASTE,1,2032,,,,,,0.0
EmissionActivityRatio,BAU,RD,ORG_DCOLL,,CO2e_WASTE,1,2033,,,,,,0.0
EmissionActivityRatio,BAU,RD,ORG_DCOLL,,CO2e_WASTE,1,2034,,,,,,0.0
EmissionActivityRatio,BAU,RD,ORG_DCOLL,,CO2e_WASTE,1,2035,,,,,,0.0
EmissionActivityRatio,BAU,RD,ORG_DCOLL,,CO2e_WASTE,1,2036,,,,,,0.0
EmissionActivityRatio,BAU,RD,ORG_DCOLL,,CO2e_WASTE,1,2037,,,,,,0.0
EmissionActivityRatio,BAU,RD,ORG_DCOLL,,CO2e_WASTE,1,2038,,,,,,0.0
EmissionActivityRatio,BAU,RD,ORG_DCOLL,,CO2e_WASTE,1,2039,,,,,,0.0
EmissionActivityRatio,BAU,RD,ORG_DCOLL,,CO2e_WASTE,1,2040,,,,,,0.0
EmissionActivityRatio,BAU,RD,ORG_DCOLL,,CO2e_WASTE,1,2041,,,,,,0.0
EmissionActivityRatio,BAU,RD,ORG_DCOLL,,CO2e_WASTE,1,2042,,,,,,0.0
EmissionActivityRatio,BAU,RD,ORG_DCOLL,,CO2e_WASTE,1,2043,,,,,,0.0
EmissionActivityRatio,BAU,RD,ORG_DCOLL,,CO2e_WASTE,1,2044,,,,,,0.0
EmissionActivityRatio,BAU,RD,ORG_DCOLL,,CO2e_WASTE,1,2045,,,,,,0.0
EmissionActivityRatio,BAU,RD,ORG_DCOLL,,CO2e_WASTE,1,2046,,,,,,0.0
EmissionActivityRatio,BAU,RD,ORG_DCOLL,,CO2e_WASTE,1,2047,,,,,,0.0
EmissionActivityRatio,BAU,RD,ORG_DCOLL,,CO2e_WASTE,1,2048,,,,,,0.0
EmissionActivityRatio,BAU,RD,ORG_DCOLL,,CO2e_WASTE,1,2049,,,,,,0.0
EmissionActivityRatio,BAU,RD,ORG_DCOLL,,CO2e_WASTE,1,2050,,,,,,0.0
EmissionActivityRatio,BAU,RD,BLEND_NO_DCOLL,,CO2e_WASTE,1,2018,,,,,,0.0
EmissionActivityRatio,BAU,RD,BLEND_NO_DCOLL,,CO2e_WASTE,1,2019,,,,,,0.0
EmissionActivityRatio,BAU,RD,BLEND_NO_DCOLL,,CO2e_WASTE,1,2020,,,,,,0.0
EmissionActivityRatio,BAU,RD,BLEND_NO_DCOLL,,CO2e_WASTE,1,2021,,,,,,0.0
EmissionActivityRatio,BAU,RD,BLEND_NO_DCOLL,,CO2e_WASTE,1,2022,,,,,,0.0
EmissionActivityRatio,BAU,RD,BLEND_NO_DCOLL,,CO2e_WASTE,1,2023,,,,,,0.0
EmissionActivityRatio,BAU,RD,BLEND_NO_DCOLL,,CO2e_WASTE,1,2024,,,,,,0.0
EmissionActivityRatio,BAU,RD,BLEND_NO_DCOLL,,CO2e_WASTE,1,2025,,,,,,0.0
EmissionActivityRatio,BAU,RD,BLEND_NO_DCOLL,,CO2e_WASTE,1,2026,,,,,,0.0
EmissionActivityRatio,BAU,RD,BLEND_NO_DCOLL,,CO2e_WASTE,1,2027,,,,,,0.0
EmissionActivityRatio,BAU,RD,BLEND_NO_DCOLL,,CO2e_WASTE,1,2028,,,,,,0.0
EmissionActivityRatio,BAU,RD,BLEND_NO_DCOLL,,CO2e_WASTE,1,2029,,,,,,0.0
EmissionActivityRatio,BAU,RD,BLEND_NO_DCOLL,,CO2e_WASTE,1,2030,,,,,,0.0
EmissionActivityRatio,BAU,RD,BLEND_NO_DCOLL,,CO2e_WASTE,1,2031,,,,,,0.0
EmissionActivityRatio,BAU,RD,BLEND_NO_DCOLL,,CO2e_WASTE,1,2032,,,,,,0.0
EmissionActivityRatio,BAU,RD,BLEND_NO_DCOLL,,CO2e_WASTE,1,2033,,,,,,0.0
EmissionActivityRatio,BAU,RD,BLEND_NO_DCOLL,,CO2e_WASTE,1,2034,,,,,,0.0
EmissionActivityRatio,BAU,RD,BLEND_NO_DCOLL,,CO2e_WASTE,1,2035,,,,,,0.0
EmissionActivityRatio,BAU,RD,BLEND_NO_DCOLL,,CO2e_WASTE,1,2036,,,,,,0.0
EmissionActivityRatio,BAU,RD,BLEND_NO_DCOLL,,CO2e_WASTE,1,2037,,,,,,0.0
EmissionActivityRatio,BAU,RD,BLEND_NO_DCOLL,,CO2e_WASTE,1,2038,,,,,,0.0
EmissionActivityRatio,BAU,RD,BLEND_NO_DCOLL,,CO2e_WASTE,1,2039,,,,,,0.0
EmissionActivityRatio,BAU,RD,BLEND_NO_DCOLL,,CO2e_WASTE,1,2040,,,,,,0.0
EmissionActivityRatio,BAU,RD,BLEND_NO_DCOLL,,CO2e_WASTE,1,2041,,,,,,0.0
EmissionActivityRatio,BAU,RD,BLEND_NO_DCOLL,,CO2e_WASTE,1,2042,,,,,,0.0
EmissionActivityRatio,BAU,RD,BLEND_NO_DCOLL,,CO2e_WASTE,1,2043,,,,,,0.0
EmissionActivityRatio,BAU,RD,BLEND_NO_DCOLL,,CO2e_WASTE,1,2044,,,,,,0.0
EmissionActivityRatio,BAU,RD,BLEND_NO_DCOLL,,CO2e_WASTE,1,2045,,,,,,0.0
EmissionActivityRatio,BAU,RD,BLEND_NO_DCOLL,,CO2e_WASTE,1,2046,,,,,,0.0
EmissionActivityRatio,BAU,RD,BLEND_NO_DCOLL,,CO2e_WASTE,1,2047,,,,,,0.0
EmissionActivityRatio,BAU,RD,BLEND_NO_DCOLL,,CO2e_WASTE,1,2048,,,,,,0.0
EmissionActivityRatio,BAU,RD,BLEND_NO_DCOLL,,CO2e_WASTE,1,2049,,,,,,0.0
EmissionActivityRatio,BAU,RD,BLEND_NO_DCOLL,,CO2e_WASTE,1,2050,,,,,,0.0
EmissionActivityRatio,BAU,RD,BLEND_NO_COLL,,CO2e_WASTE,1,2018,,,,,,0.0
EmissionActivityRatio,BAU,RD,BLEND_NO_COLL,,CO2e_WASTE,1,2019,,,,,,0.0
EmissionActivityRatio,BAU,RD,BLEND_NO_COLL,,CO2e_WASTE,1,2020,,,,,,0.0
EmissionActivityRatio,BAU,RD,BLEND_NO_COLL,,CO2e_WASTE,1,2021,,,,,,0.0
EmissionActivityRatio,BAU,RD,BLEND_NO_COLL,,CO2e_WASTE,1,2022,,,,,,0.0
EmissionActivityRatio,BAU,RD,BLEND_NO_COLL,,CO2e_WASTE,1,2023,,,,,,0.0
EmissionActivityRatio,BAU,RD,BLEND_NO_COLL,,CO2e_WASTE,1,2024,,,,,,0.0
EmissionActivityRatio,BAU,RD,BLEND_NO_COLL,,CO2e_WASTE,1,2025,,,,,,0.0
EmissionActivityRatio,BAU,RD,BLEND_NO_COLL,,CO2e_WASTE,1,2026,,,,,,0.0
EmissionActivityRatio,BAU,RD,BLEND_NO_COLL,,CO2e_WASTE,1,2027,,,,,,0.0
EmissionActivityRatio,BAU,RD,BLEND_NO_COLL,,CO2e_WASTE,1,2028,,,,,,0.0
EmissionActivityRatio,BAU,RD,BLEND_NO_COLL,,CO2e_WASTE,1,2029,,,,,,0.0
EmissionActivityRatio,BAU,RD,BLEND_NO_COLL,,CO2e_WASTE,1,2030,,,,,,0.0
EmissionActivityRatio,BAU,RD,BLEND_NO_COLL,,CO2e_WASTE,1,2031,,,,,,0.0
EmissionActivityRatio,BAU,RD,BLEND_NO_COLL,,CO2e_WASTE,1,2032,,,,,,0.0
EmissionActivityRatio,BAU,RD,BLEND_NO_COLL,,CO2e_WASTE,1,2033,,,,,,0.0
EmissionActivityRatio,BAU,RD,BLEND_NO_COLL,,CO2e_WASTE,1,2034,,,,,,0.0
EmissionActivityRatio,BAU,RD,BLEND_NO_COLL,,CO2e_WASTE,1,2035,,,,,,0.0
EmissionActivityRatio,BAU,RD,BLEND_NO_COLL,,CO2e_WASTE,1,2036,,,,,,0.0
EmissionActivityRatio,BAU,RD,BLEND_NO_COLL,,CO2e_WASTE,1,2037,,,,,,0.0
EmissionActivityRatio,BAU,RD,BLEND_NO_COLL,,CO2e_WASTE,1,2038,,,,,,0.0
EmissionActivityRatio,BAU,RD,BLEND_NO_COLL,,CO2e_WASTE,1,2039,,,,,,0.0
EmissionActivityRatio,BAU,RD,BLEND_NO_COLL,,CO2e_WASTE,1,2040,,,,,,0.0
EmissionActivityRatio,BAU,RD,BLEND_NO_COLL,,CO2e_WASTE,1,2041,,,,,,0.0
EmissionActivityRatio,BAU,RD,BLEND_NO_COLL,,CO2e_WASTE,1,2042,,,,,,0.0
EmissionActivityRatio,BAU,RD,BLEND_NO_COLL,,CO2e_WASTE,1,2043,,,,,,0.0
EmissionActivityRatio,BAU,RD,BLEND_NO_COLL,,CO2e_WASTE,1,2044,,,,,,0.0
EmissionActivityRatio,BAU,RD,BLEND_NO_COLL,,CO2e_WASTE,1,2045,,,,,,0.0
EmissionActivityRatio,BAU,RD,BLEND_NO_COLL,,CO2e_WASTE,1,2046,,,,,,0.0
EmissionActivityRatio,BAU,RD,BLEND_NO_COLL,,CO2e_WASTE,1,2047,,,,,,0.0
EmissionActivityRatio,BAU,RD,BLEND_NO_COLL,,CO2e_WASTE,1,2048,,,,,,0.0
EmissionActivityRatio,BAU,RD,BLEND_NO_COLL,,CO2e_WASTE,1,2049,,,,,,0.0
EmissionActivityRatio,BAU,RD,BLEND_NO_COLL,,CO2e_WASTE,1,2050,,,,,,0.0
EmissionActivityRatio,BAU,RD,INORG_SS,,CO2e_WASTE,1,2018,,,,,,0.0
EmissionActivityRatio,BAU,RD,INORG_SS,,CO2e_WASTE,1,2019,,,,,,0.0
EmissionActivityRatio,BAU,RD,INORG_SS,,CO2e_WASTE,1,2020,,,,,,0.0
EmissionActivityRatio,BAU,RD,INORG_SS,,CO2e_WASTE,1,2021,,,,,,0.0
EmissionActivityRatio,BAU,RD,INORG_SS,,CO2e_WASTE,1,2022,,,,,,0.0
EmissionActivityRatio,BAU,RD,INORG_SS,,CO2e_WASTE,1,2023,,,,,,0.0
EmissionActivityRatio,BAU,RD,INORG_SS,,CO2e_WASTE,1,2024,,,,,,0.0
EmissionActivityRatio,BAU,RD,INORG_SS,,CO2e_WASTE,1,2025,,,,,,0.0
EmissionActivityRatio,BAU,RD,INORG_SS,,CO2e_WASTE,1,2026,,,,,,0.0
EmissionActivityRatio,BAU,RD,INORG_SS,,CO2e_WASTE,1,2027,,,,,,0.0
EmissionActivityRatio,BAU,RD,INORG_SS,,CO2e_WASTE,1,2028,,,,,,0.0
EmissionActivityRatio,BAU,RD,INORG_SS,,CO2e_WASTE,1,2029,,,,,,0.0
EmissionActivityRatio,BAU,RD,INORG_SS,,CO2e_WASTE,1,2030,,,,,,0.0
EmissionActivityRatio,BAU,RD,INORG_SS,,CO2e_WASTE,1,2031,,,,,,0.0
EmissionActivityRatio,BAU,RD,INORG_SS,,CO2e_WASTE,1,2032,,,,,,0.0
EmissionActivityRatio,BAU,RD,INORG_SS,,CO2e_WASTE,1,2033,,,,,,0.0
EmissionActivityRatio,BAU,RD,INORG_SS,,CO2e_WASTE,1,2034,,,,,,0.0
EmissionActivityRatio,BAU,RD,INORG_SS,,CO2e_WASTE,1,2035,,,,,,0.0
EmissionActivityRatio,BAU,RD,INORG_SS,,CO2e_WASTE,1,2036,,,,,,0.0
EmissionActivityRatio,BAU,RD,INORG_SS,,CO2e_WASTE,1,2037,,,,,,0.0
EmissionActivityRatio,BAU,RD,INORG_SS,,CO2e_WASTE,1,2038,,,,,,0.0
EmissionActivityRatio,BAU,RD,INORG_SS,,CO2e_WASTE,1,2039,,,,,,0.0
EmissionActivityRatio,BAU,RD,INORG_SS,,CO2e_WASTE,1,2040,,,,,,0.0
EmissionActivityRatio,BAU,RD,INORG_SS,,CO2e_WASTE,1,2041,,,,,,0.0
EmissionActivityRatio,BAU,RD,INORG_SS,,CO2e_WASTE,1,2042,,,,,,0.0
EmissionActivityRatio,BAU,RD,INORG_SS,,CO2e_WASTE,1,2043,,,,,,0.0
EmissionActivityRatio,BAU,RD,INORG_SS,,CO2e_WASTE,1,2044,,,,,,0.0
EmissionActivityRatio,BAU,RD,INORG_SS,,CO2e_WASTE,1,2045,,,,,,0.0
EmissionActivityRatio,BAU,RD,INORG_SS,,CO2e_WASTE,1,2046,,,,,,0.0
EmissionActivityRatio,BAU,RD,INORG_SS,,CO2e_WASTE,1,2047,,,,,,0.0
EmissionActivityRatio,BAU,RD,INORG_SS,,CO2e_WASTE,1,2048,,,,,,0.0
EmissionActivityRatio,BAU,RD,INORG_SS,,CO2e_WASTE,1,2049,,,,,,0.0
EmissionActivityRatio,BAU,RD,INORG_SS,,CO2e_WASTE,1,2050,,,,,,0.0
EmissionActivityRatio,BAU,RD,ORG_SS,,CO2e_WASTE,1,2018,,,,,,0.0
EmissionActivityRatio,BAU,RD,ORG_SS,,CO2e_WASTE,1,2019,,,,,,0.0
EmissionActivityRatio,BAU,RD,ORG_SS,,CO2e_WASTE,1,2020,,,,,,0.0
EmissionActivityRatio,BAU,RD,ORG_SS,,CO2e_WASTE,1,2021,,,,,,0.0
EmissionActivityRatio,BAU,RD,ORG_SS,,CO2e_WASTE,1,2022,,,,,,0.0
EmissionActivityRatio,BAU,RD,ORG_SS,,CO2e_WASTE,1,2023,,,,,,0.0
EmissionActivityRatio,BAU,RD,ORG_SS,,CO2e_WASTE,1,2024,,,,,,0.0
EmissionActivityRatio,BAU,RD,ORG_SS,,CO2e_WASTE,1,2025,,,,,,0.0
EmissionActivityRatio,BAU,RD,ORG_SS,,CO2e_WASTE,1,2026,,,,,,0.0
EmissionActivityRatio,BAU,RD,ORG_SS,,CO2e_WASTE,1,2027,,,,,,0.0
EmissionActivityRatio,BAU,RD,ORG_SS,,CO2e_WASTE,1,2028,,,,,,0.0
EmissionActivityRatio,BAU,RD,ORG_SS,,CO2e_WASTE,1,2029,,,,,,0.0
EmissionActivityRatio,BAU,RD,ORG_SS,,CO2e_WASTE,1,2030,,,,,,0.0
EmissionActivityRatio,BAU,RD,ORG_SS,,CO2e_WASTE,1,2031,,,,,,0.0
EmissionActivityRatio,BAU,RD,ORG_SS,,CO2e_WASTE,1,2032,,,,,,0.0
EmissionActivityRatio,BAU,RD,ORG_SS,,CO2e_WASTE,1,2033,,,,,,0.0
EmissionActivityRatio,BAU,RD,ORG_SS,,CO2e_WASTE,1,2034,,,,,,0.0
EmissionActivityRatio,BAU,RD,ORG_SS,,CO2e_WASTE,1,2035,,,,,,0.0
EmissionActivityRatio,BAU,RD,ORG_SS,,CO2e_WASTE,1,2036,,,,,,0.0
EmissionActivityRatio,BAU,RD,ORG_SS,,CO2e_WASTE,1,2037,,,,,,0.0
EmissionActivityRatio,BAU,RD,ORG_SS,,CO2e_WASTE,1,2038,,,,,,0.0
EmissionActivityRatio,BAU,RD,ORG_SS,,CO2e_WASTE,1,2039,,,,,,0.0
EmissionActivityRatio,BAU,RD,ORG_SS,,CO2e_WASTE,1,2040,,,,,,0.0
EmissionActivityRatio,BAU,RD,ORG_SS,,CO2e_WASTE,1,2041,,,,,,0.0
EmissionActivityRatio,BAU,RD,ORG_SS,,CO2e_WASTE,1,2042,,,,,,0.0
EmissionActivityRatio,BAU,RD,ORG_SS,,CO2e_WASTE,1,2043,,,,,,0.0
EmissionActivityRatio,BAU,RD,ORG_SS,,CO2e_WASTE,1,2044,,,,,,0.0
EmissionActivityRatio,BAU,RD,ORG_SS,,CO2e_WASTE,1,2045,,,,,,0.0
EmissionActivityRatio,BAU,RD,ORG_SS,,CO2e_WASTE,1,2046,,,,,,0.0
EmissionActivityRatio,BAU,RD,ORG_SS,,CO2e_WASTE,1,2047,,,,,,0.0
EmissionActivityRatio,BAU,RD,ORG_SS,,CO2e_WASTE,1,2048,,,,,,0.0
EmissionActivityRatio,BAU,RD,ORG_SS,,CO2e_WASTE,1,2049,,,,,,0.0
EmissionActivityRatio,BAU,RD,ORG_SS,,CO2e_WASTE,1,2050,,,,,,0.0
EmissionActivityRatio,BAU,RD,NO_SS,,CO2e_WASTE,1,2018,,,,,,0.0
EmissionActivityRatio,BAU,RD,NO_SS,,CO2e_WASTE,1,2019,,,,,,0.0
EmissionActivityRatio,BAU,RD,NO_SS,,CO2e_WASTE,1,2020,,,,,,0.0
EmissionActivityRatio,BAU,RD,NO_SS,,CO2e_WASTE,1,2021,,,,,,0.0
EmissionActivityRatio,BAU,RD,NO_SS,,CO2e_WASTE,1,2022,,,,,,0.0
EmissionActivityRatio,BAU,RD,NO_SS,,CO2e_WASTE,1,2023,,,,,,0.0
EmissionActivityRatio,BAU,RD,NO_SS,,CO2e_WASTE,1,2024,,,,,,0.0
EmissionActivityRatio,BAU,RD,NO_SS,,CO2e_WASTE,1,2025,,,,,,0.0
EmissionActivityRatio,BAU,RD,NO_SS,,CO2e_WASTE,1,2026,,,,,,0.0
EmissionActivityRatio,BAU,RD,NO_SS,,CO2e_WASTE,1,2027,,,,,,0.0
EmissionActivityRatio,BAU,RD,NO_SS,,CO2e_WASTE,1,2028,,,,,,0.0
EmissionActivityRatio,BAU,RD,NO_SS,,CO2e_WASTE,1,2029,,,,,,0.0
EmissionActivityRatio,BAU,RD,NO_SS,,CO2e_WASTE,1,2030,,,,,,0.0
EmissionActivityRatio,BAU,RD,NO_SS,,CO2e_WASTE,1,2031,,,,,,0.0
EmissionActivityRatio,BAU,RD,NO_SS,,CO2e_WASTE,1,2032,,,,,,0.0
EmissionActivityRatio,BAU,RD,NO_SS,,CO2e_WASTE,1,2033,,,,,,0.0
EmissionActivityRatio,BAU,RD,NO_SS,,CO2e_WASTE,1,2034,,,,,,0.0
EmissionActivityRatio,BAU,RD,NO_SS,,CO2e_WASTE,1,2035,,,,,,0.0
EmissionActivityRatio,BAU,RD,NO_SS,,CO2e_WASTE,1,2036,,,,,,0.0
EmissionActivityRatio,BAU,RD,NO_SS,,CO2e_WASTE,1,2037,,,,,,0.0
EmissionActivityRatio,BAU,RD,NO_SS,,CO2e_WASTE,1,2038,,,,,,0.0
EmissionActivityRatio,BAU,RD,NO_SS,,CO2e_WASTE,1,2039,,,,,,0.0
EmissionActivityRatio,BAU,RD,NO_SS,,CO2e_WASTE,1,2040,,,,,,0.0
EmissionActivityRatio,BAU,RD,NO_SS,,CO2e_WASTE,1,2041,,,,,,0.0
EmissionActivityRatio,BAU,RD,NO_SS,,CO2e_WASTE,1,2042,,,,,,0.0
EmissionActivityRatio,BAU,RD,NO_SS,,CO2e_WASTE,1,2043,,,,,,0.0
EmissionActivityRatio,BAU,RD,NO_SS,,CO2e_WASTE,1,2044,,,,,,0.0
EmissionActivityRatio,BAU,RD,NO_SS,,CO2e_WASTE,1,2045,,,,,,0.0
EmissionActivityRatio,BAU,RD,NO_SS,,CO2e_WASTE,1,2046,,,,,,0.0
EmissionActivityRatio,BAU,RD,NO_SS,,CO2e_WASTE,1,2047,,,,,,0.0
EmissionActivityRatio,BAU,RD,NO_SS,,CO2e_WASTE,1,2048,,,,,,0.0
EmissionActivityRatio,BAU,RD,NO_SS,,CO2e_WASTE,1,2049,,,,,,0.0
EmissionActivityRatio,BAU,RD,NO_SS,,CO2e_WASTE,1,2050,,,,,,0.0
EmissionActivityRatio,BAU,RD,WWWT,,CO2e_WASTE,1,2018,,,,,,0.0
EmissionActivityRatio,BAU,RD,WWWT,,CO2e_WASTE,1,2019,,,,,,0.0
EmissionActivityRatio,BAU,RD,WWWT,,CO2e_WASTE,1,2020,,,,,,0.0
EmissionActivityRatio,BAU,RD,WWWT,,CO2e_WASTE,1,2021,,,,,,0.0
EmissionActivityRatio,BAU,RD,WWWT,,CO2e_WASTE,1,2022,,,,,,0.0
EmissionActivityRatio,BAU,RD,WWWT,,CO2e_WASTE,1,2023,,,,,,0.0
EmissionActivityRatio,BAU,RD,WWWT,,CO2e_WASTE,1,2024,,,,,,0.0
EmissionActivityRatio,BAU,RD,WWWT,,CO2e_WASTE,1,2025,,,,,,0.0
EmissionActivityRatio,BAU,RD,WWWT,,CO2e_WASTE,1,2026,,,,,,0.0
EmissionActivityRatio,BAU,RD,WWWT,,CO2e_WASTE,1,2027,,,,,,0.0
EmissionActivityRatio,BAU,RD,WWWT,,CO2e_WASTE,1,2028,,,,,,0.0
EmissionActivityRatio,BAU,RD,WWWT,,CO2e_WASTE,1,2029,,,,,,0.0
EmissionActivityRatio,BAU,RD,WWWT,,CO2e_WASTE,1,2030,,,,,,0.0
EmissionActivityRatio,BAU,RD,WWWT,,CO2e_WASTE,1,2031,,,,,,0.0
EmissionActivityRatio,BAU,RD,WWWT,,CO2e_WASTE,1,2032,,,,,,0.0
EmissionActivityRatio,BAU,RD,WWWT,,CO2e_WASTE,1,2033,,,,,,0.0
EmissionActivityRatio,BAU,RD,WWWT,,CO2e_WASTE,1,2034,,,,,,0.0
EmissionActivityRatio,BAU,RD,WWWT,,CO2e_WASTE,1,2035,,,,,,0.0
EmissionActivityRatio,BAU,RD,WWWT,,CO2e_WASTE,1,2036,,,,,,0.0
EmissionActivityRatio,BAU,RD,WWWT,,CO2e_WASTE,1,2037,,,,,,0.0
EmissionActivityRatio,BAU,RD,WWWT,,CO2e_WASTE,1,2038,,,,,,0.0
EmissionActivityRatio,BAU,RD,WWWT,,CO2e_WASTE,1,2039,,,,,,0.0
EmissionActivityRatio,BAU,RD,WWWT,,CO2e_WASTE,1,2040,,,,,,0.0
EmissionActivityRatio,BAU,RD,WWWT,,CO2e_WASTE,1,2041,,,,,,0.0
EmissionActivityRatio,BAU,RD,WWWT,,CO2e_WASTE,1,2042,,,,,,0.0
EmissionActivityRatio,BAU,RD,WWWT,,CO2e_WASTE,1,2043,,,,,,0.0
EmissionActivityRatio,BAU,RD,WWWT,,CO2e_WASTE,1,2044,,,,,,0.0
EmissionActivityRatio,BAU,RD,WWWT,,CO2e_WASTE,1,2045,,,,,,0.0
EmissionActivityRatio,BAU,RD,WWWT,,CO2e_WASTE,1,2046,,,,,,0.0
EmissionActivityRatio,BAU,RD,WWWT,,CO2e_WASTE,1,2047,,,,,,0.0
EmissionActivityRatio,BAU,RD,WWWT,,CO2e_WASTE,1,2048,,,,,,0.0
EmissionActivityRatio,BAU,RD,WWWT,,CO2e_WASTE,1,2049,,,,,,0.0
EmissionActivityRatio,BAU,RD,WWWT,,CO2e_WASTE,1,2050,,,,,,0.0
EmissionActivityRatio,BAU,RD,WWWOT,,CO2e_WASTE,1,2018,,,,,,0.0
EmissionActivityRatio,BAU,RD,WWWOT,,CO2e_WASTE,1,2019,,,,,,0.0
EmissionActivityRatio,BAU,RD,WWWOT,,CO2e_WASTE,1,2020,,,,,,0.0
EmissionActivityRatio,BAU,RD,WWWOT,,CO2e_WASTE,1,2021,,,,,,0.0
EmissionActivityRatio,BAU,RD,WWWOT,,CO2e_WASTE,1,2022,,,,,,0.0
EmissionActivityRatio,BAU,RD,WWWOT,,CO2e_WASTE,1,2023,,,,,,0.0
EmissionActivityRatio,BAU,RD,WWWOT,,CO2e_WASTE,1,2024,,,,,,0.0
EmissionActivityRatio,BAU,RD,WWWOT,,CO2e_WASTE,1,2025,,,,,,0.0
EmissionActivityRatio,BAU,RD,WWWOT,,CO2e_WASTE,1,2026,,,,,,0.0
EmissionActivityRatio,BAU,RD,WWWOT,,CO2e_WASTE,1,2027,,,,,,0.0
EmissionActivityRatio,BAU,RD,WWWOT,,CO2e_WASTE,1,2028,,,,,,0.0
EmissionActivityRatio,BAU,RD,WWWOT,,CO2e_WASTE,1,2029,,,,,,0.0
EmissionActivityRatio,BAU,RD,WWWOT,,CO2e_WASTE,1,2030,,,,,,0.0
EmissionActivityRatio,BAU,RD,WWWOT,,CO2e_WASTE,1,2031,,,,,,0.0
EmissionActivityRatio,BAU,RD,WWWOT,,CO2e_WASTE,1,2032,,,,,,0.0
EmissionActivityRatio,BAU,RD,WWWOT,,CO2e_WASTE,1,2033,,,,,,0.0
EmissionActivityRatio,BAU,RD,WWWOT,,CO2e_WASTE,1,2034,,,,,,0.0
EmissionActivityRatio,BAU,RD,WWWOT,,CO2e_WASTE,1,2035,,,,,,0.0
EmissionActivityRatio,BAU,RD,WWWOT,,CO2e_WASTE,1,2036,,,,,,0.0
EmissionActivityRatio,BAU,RD,WWWOT,,CO2e_WASTE,1,2037,,,,,,0.0
EmissionActivityRatio,BAU,RD,WWWOT,,CO2e_WASTE,1,2038,,,,,,0.0
EmissionActivityRatio,BAU,RD,WWWOT,,CO2e_WASTE,1,2039,,,,,,0.0
EmissionActivityRatio,BAU,RD,WWWOT,,CO2e_WASTE,1,2040,,,,,,0.0
EmissionActivityRatio,BAU,RD,WWWOT,,CO2e_WASTE,1,2041,,,,,,0.0
EmissionActivityRatio,BAU,RD,WWWOT,,CO2e_WASTE,1,2042,,,,,,0.0
EmissionActivityRatio,BAU,RD,WWWOT,,CO2e_WASTE,1,2043,,,,,,0.0
EmissionActivityRatio,BAU,RD,WWWOT,,CO2e_WASTE,1,2044,,,,,,0.0
EmissionActivityRatio,BAU,RD,WWWOT,,CO2e_WASTE,1,2045,,,,,,0.0
EmissionActivityRatio,BAU,RD,WWWOT,,CO2e_WASTE,1,2046,,,,,,0.0
EmissionActivityRatio,BAU,RD,WWWOT,,CO2e_WASTE,1,2047,,,,,,0.0
EmissionActivityRatio,BAU,RD,WWWOT,,CO2e_WASTE,1,2048,,,,,,0.0
EmissionActivityRatio,BAU,RD,WWWOT,,CO2e_WASTE,1,2049,,,,,,0.0
EmissionActivityRatio,BAU,RD,WWWOT,,CO2e_WASTE,1,2050,,,,,,0.0
EmissionActivityRatio,BAU,RD,SEWERWW,,CO2e_WASTE,1,2018,,,,,,0.0
EmissionActivityRatio,BAU,RD,SEWERWW,,CO2e_WASTE,1,2019,,,,,,0.0
EmissionActivityRatio,BAU,RD,SEWERWW,,CO2e_WASTE,1,2020,,,,,,0.0
EmissionActivityRatio,BAU,RD,SEWERWW,,CO2e_WASTE,1,2021,,,,,,0.0
EmissionActivityRatio,BAU,RD,SEWERWW,,CO2e_WASTE,1,2022,,,,,,0.0
EmissionActivityRatio,BAU,RD,SEWERWW,,CO2e_WASTE,1,2023,,,,,,0.0
EmissionActivityRatio,BAU,RD,SEWERWW,,CO2e_WASTE,1,2024,,,,,,0.0
EmissionActivityRatio,BAU,RD,SEWERWW,,CO2e_WASTE,1,2025,,,,,,0.0
EmissionActivityRatio,BAU,RD,SEWERWW,,CO2e_WASTE,1,2026,,,,,,0.0
EmissionActivityRatio,BAU,RD,SEWERWW,,CO2e_WASTE,1,2027,,,,,,0.0
EmissionActivityRatio,BAU,RD,SEWERWW,,CO2e_WASTE,1,2028,,,,,,0.0
EmissionActivityRatio,BAU,RD,SEWERWW,,CO2e_WASTE,1,2029,,,,,,0.0
EmissionActivityRatio,BAU,RD,SEWERWW,,CO2e_WASTE,1,2030,,,,,,0.0
EmissionActivityRatio,BAU,RD,SEWERWW,,CO2e_WASTE,1,2031,,,,,,0.0
EmissionActivityRatio,BAU,RD,SEWERWW,,CO2e_WASTE,1,2032,,,,,,0.0
EmissionActivityRatio,BAU,RD,SEWERWW,,CO2e_WASTE,1,2033,,,,,,0.0
EmissionActivityRatio,BAU,RD,SEWERWW,,CO2e_WASTE,1,2034,,,,,,0.0
EmissionActivityRatio,BAU,RD,SEWERWW,,CO2e_WASTE,1,2035,,,,,,0.0
EmissionActivityRatio,BAU,RD,SEWERWW,,CO2e_WASTE,1,2036,,,,,,0.0
EmissionActivityRatio,BAU,RD,SEWERWW,,CO2e_WASTE,1,2037,,,,,,0.0
EmissionActivityRatio,BAU,RD,SEWERWW,,CO2e_WASTE,1,2038,,,,,,0.0
EmissionActivityRatio,BAU,RD,SEWERWW,,CO2e_WASTE,1,2039,,,,,,0.0
EmissionActivityRatio,BAU,RD,SEWERWW,,CO2e_WASTE,1,2040,,,,,,0.0
EmissionActivityRatio,BAU,RD,SEWERWW,,CO2e_WASTE,1,2041,,,,,,0.0
EmissionActivityRatio,BAU,RD,SEWERWW,,CO2e_WASTE,1,2042,,,,,,0.0
EmissionActivityRatio,BAU,RD,SEWERWW,,CO2e_WASTE,1,2043,,,,,,0.0
EmissionActivityRatio,BAU,RD,SEWERWW,,CO2e_WASTE,1,2044,,,,,,0.0
EmissionActivityRatio,BAU,RD,SEWERWW,,CO2e_WASTE,1,2045,,,,,,0.0
EmissionActivityRatio,BAU,RD,SEWERWW,,CO2e_WASTE,1,2046,,,,,,0.0
EmissionActivityRatio,BAU,RD,SEWERWW,,CO2e_WASTE,1,2047,,,,,,0.0
EmissionActivityRatio,BAU,RD,SEWERWW,,CO2e_WASTE,1,2048,,,,,,0.0
EmissionActivityRatio,BAU,RD,SEWERWW,,CO2e_WASTE,1,2049,,,,,,0.0
EmissionActivityRatio,BAU,RD,SEWERWW,,CO2e_WASTE,1,2050,,,,,,0.0
EmissionActivityRatio,BAU,RD,DIRECT_DISC,,CO2e_WASTE,1,2018,,,,,,0.0
EmissionActivityRatio,BAU,RD,DIRECT_DISC,,CO2e_WASTE,1,2019,,,,,,0.0
EmissionActivityRatio,BAU,RD,DIRECT_DISC,,CO2e_WASTE,1,2020,,,,,,0.0
EmissionActivityRatio,BAU,RD,DIRECT_DISC,,CO2e_WASTE,1,2021,,,,,,0.0
EmissionActivityRatio,BAU,RD,DIRECT_DISC,,CO2e_WASTE,1,2022,,,,,,0.0
EmissionActivityRatio,BAU,RD,DIRECT_DISC,,CO2e_WASTE,1,2023,,,,,,0.0
EmissionActivityRatio,BAU,RD,DIRECT_DISC,,CO2e_WASTE,1,2024,,,,,,0.0
EmissionActivityRatio,BAU,RD,DIRECT_DISC,,CO2e_WASTE,1,2025,,,,,,0.0
EmissionActivityRatio,BAU,RD,DIRECT_DISC,,CO2e_WASTE,1,2026,,,,,,0.0
EmissionActivityRatio,BAU,RD,DIRECT_DISC,,CO2e_WASTE,1,2027,,,,,,0.0
EmissionActivityRatio,BAU,RD,DIRECT_DISC,,CO2e_WASTE,1,2028,,,,,,0.0
EmissionActivityRatio,BAU,RD,DIRECT_DISC,,CO2e_WASTE,1,2029,,,,,,0.0
EmissionActivityRatio,BAU,RD,DIRECT_DISC,,CO2e_WASTE,1,2030,,,,,,0.0
EmissionActivityRatio,BAU,RD,DIRECT_DISC,,CO2e_WASTE,1,2031,,,,,,0.0
EmissionActivityRatio,BAU,RD,DIRECT_DISC,,CO2e_WASTE,1,2032,,,,,,0.0
EmissionActivityRatio,BAU,RD,DIRECT_DISC,,CO2e_WASTE,1,2033,,,,,,0.0
EmissionActivityRatio,BAU,RD,DIRECT_DISC,,CO2e_WASTE,1,2034,,,,,,0.0
EmissionActivityRatio,BAU,RD,DIRECT_DISC,,CO2e_WASTE,1,2035,,,,,,0.0
EmissionActivityRatio,BAU,RD,DIRECT_DISC,,CO2e_WASTE,1,2036,,,,,,0.0
EmissionActivityRatio,BAU,RD,DIRECT_DISC,,CO2e_WASTE,1,2037,,,,,,0.0
EmissionActivityRatio,BAU,RD,DIRECT_DISC,,CO2e_WASTE,1,2038,,,,,,0.0
EmissionActivityRatio,BAU,RD,DIRECT_DISC,,CO2e_WASTE,1,2039,,,,,,0.0
EmissionActivityRatio,BAU,RD,DIRECT_DISC,,CO2e_WASTE,1,2040,,,,,,0.0
EmissionActivityRatio,BAU,RD,DIRECT_DISC,,CO2e_WASTE,1,2041,,,,,,0.0
EmissionActivityRatio,BAU,RD,DIRECT_DISC,,CO2e_WASTE,1,2042,,,,,,0.0
EmissionActivityRatio,BAU,RD,DIRECT_DISC,,CO2e_WASTE,1,2043,,,,,,0.0
EmissionActivityRatio,BAU,RD,DIRECT_DISC,,CO2e_WASTE,1,2044,,,,,,0.0
EmissionActivityRatio,BAU,RD,DIRECT_DISC,,CO2e_WASTE,1,2045,,,,,,0.0
EmissionActivityRatio,BAU,RD,DIRECT_DISC,,CO2e_WASTE,1,2046,,,,,,0.0
EmissionActivityRatio,BAU,RD,DIRECT_DISC,,CO2e_WASTE,1,2047,,,,,,0.0
EmissionActivityRatio,BAU,RD,DIRECT_DISC,,CO2e_WASTE,1,2048,,,,,,0.0
EmissionActivityRatio,BAU,RD,DIRECT_DISC,,CO2e_WASTE,1,2049,,,,,,0.0
EmissionActivityRatio,BAU,RD,DIRECT_DISC,,CO2e_WASTE,1,2050,,,,,,0.0
EmissionActivityRatio,BAU,RD,IWW,,CO2e_WASTE,1,2018,,,,,,1.0
EmissionActivityRatio,BAU,RD,IWW,,CO2e_WASTE,1,2019,,,,,,1.0
EmissionActivityRatio,BAU,RD,IWW,,CO2e_WASTE,1,2020,,,,,,1.0
EmissionActivityRatio,BAU,RD,IWW,,CO2e_WASTE,1,2021,,,,,,1.0
EmissionActivityRatio,BAU,RD,IWW,,CO2e_WASTE,1,2022,,,,,,1.0
EmissionActivityRatio,BAU,RD,IWW,,CO2e_WASTE,1,2023,,,,,,1.0
EmissionActivityRatio,BAU,RD,IWW,,CO2e_WASTE,1,2024,,,,,,1.0
EmissionActivityRatio,BAU,RD,IWW,,CO2e_WASTE,1,2025,,,,,,1.0
EmissionActivityRatio,BAU,RD,IWW,,CO2e_WASTE,1,2026,,,,,,1.0
EmissionActivityRatio,BAU,RD,IWW,,CO2e_WASTE,1,2027,,,,,,1.0
EmissionActivityRatio,BAU,RD,IWW,,CO2e_WASTE,1,2028,,,,,,1.0
EmissionActivityRatio,BAU,RD,IWW,,CO2e_WASTE,1,2029,,,,,,1.0
EmissionActivityRatio,BAU,RD,IWW,,CO2e_WASTE,1,2030,,,,,,1.0
EmissionActivityRatio,BAU,RD,IWW,,CO2e_WASTE,1,2031,,,,,,1.0
EmissionActivityRatio,BAU,RD,IWW,,CO2e_WASTE,1,2032,,,,,,1.0
EmissionActivityRatio,BAU,RD,IWW,,CO2e_WASTE,1,2033,,,,,,1.0
EmissionActivityRatio,BAU,RD,IWW,,CO2e_WASTE,1,2034,,,,,,1.0
EmissionActivityRatio,BAU,RD,IWW,,CO2e_WASTE,1,2035,,,,,,1.0
EmissionActivityRatio,BAU,RD,IWW,,CO2e_WASTE,1,2036,,,,,,1.0
EmissionActivityRatio,BAU,RD,IWW,,CO2e_WASTE,1,2037,,,,,,1.0
EmissionActivityRatio,BAU,RD,IWW,,CO2e_WASTE,1,2038,,,,,,1.0
EmissionActivityRatio,BAU,RD,IWW,,CO2e_WASTE,1,2039,,,,,,1.0
EmissionActivityRatio,BAU,RD,IWW,,CO2e_WASTE,1,2040,,,,,,1.0
EmissionActivityRatio,BAU,RD,IWW,,CO2e_WASTE,1,2041,,,,,,1.0
EmissionActivityRatio,BAU,RD,IWW,,CO2e_WASTE,1,2042,,,,,,1.0
EmissionActivityRatio,BAU,RD,IWW,,CO2e_WASTE,1,2043,,,,,,1.0
EmissionActivityRatio,BAU,RD,IWW,,CO2e_WASTE,1,2044,,,,,,1.0
EmissionActivityRatio,BAU,RD,IWW,,CO2e_WASTE,1,2045,,,,,,1.0
EmissionActivityRatio,BAU,RD,IWW,,CO2e_WASTE,1,2046,,,,,,1.0
EmissionActivityRatio,BAU,RD,IWW,,CO2e_WASTE,1,2047,,,,,,1.0
EmissionActivityRatio,BAU,RD,IWW,,CO2e_WASTE,1,2048,,,,,,1.0
EmissionActivityRatio,BAU,RD,IWW,,CO2e_WASTE,1,2049,,,,,,1.0
EmissionActivityRatio,BAU,RD,IWW,,CO2e_WASTE,1,2050,,,,,,1.0
EmissionActivityRatio,BAU,RD,INORG_RCY_OS,,RM,1,2018,,,,,,1.0
EmissionActivityRatio,BAU,RD,INORG_RCY_OS,,RM,1,2019,,,,,,1.0
EmissionActivityRatio,BAU,RD,INORG_RCY_OS,,RM,1,2020,,,,,,1.0
EmissionActivityRatio,BAU,RD,INORG_RCY_OS,,RM,1,2021,,,,,,1.0
EmissionActivityRatio,BAU,RD,INORG_RCY_OS,,RM,1,2022,,,,,,1.0
EmissionActivityRatio,BAU,RD,INORG_RCY_OS,,RM,1,2023,,,,,,1.0
EmissionActivityRatio,BAU,RD,INORG_RCY_OS,,RM,1,2024,,,,,,1.0
EmissionActivityRatio,BAU,RD,INORG_RCY_OS,,RM,1,2025,,,,,,1.0
EmissionActivityRatio,BAU,RD,INORG_RCY_OS,,RM,1,2026,,,,,,1.0
EmissionActivityRatio,BAU,RD,INORG_RCY_OS,,RM,1,2027,,,,,,1.0
EmissionActivityRatio,BAU,RD,INORG_RCY_OS,,RM,1,2028,,,,,,1.0
EmissionActivityRatio,BAU,RD,INORG_RCY_OS,,RM,1,2029,,,,,,1.0
EmissionActivityRatio,BAU,RD,INORG_RCY_OS,,RM,1,2030,,,,,,1.0
EmissionActivityRatio,BAU,RD,INORG_RCY_OS,,RM,1,2031,,,,,,1.0
EmissionActivityRatio,BAU,RD,INORG_RCY_OS,,RM,1,2032,,,,,,1.0
EmissionActivityRatio,BAU,RD,INORG_RCY_OS,,RM,1,2033,,,,,,1.0
EmissionActivityRatio,BAU,RD,INORG_RCY_OS,,RM,1,2034,,,,,,1.0
EmissionActivityRatio,BAU,RD,INORG_RCY_OS,,RM,1,2035,,,,,,1.0
EmissionActivityRatio,BAU,RD,INORG_RCY_OS,,RM,1,2036,,,,,,1.0
EmissionActivityRatio,BAU,RD,INORG_RCY_OS,,RM,1,2037,,,,,,1.0
EmissionActivityRatio,BAU,RD,INORG_RCY_OS,,RM,1,2038,,,,,,1.0
EmissionActivityRatio,BAU,RD,INORG_RCY_OS,,RM,1,2039,,,,,,1.0
EmissionActivityRatio,BAU,RD,INORG_RCY_OS,,RM,1,2040,,,,,,1.0
EmissionActivityRatio,BAU,RD,INORG_RCY_OS,,RM,1,2041,,,,,,1.0
EmissionActivityRatio,BAU,RD,INORG_RCY_OS,,RM,1,2042,,,,,,1.0
EmissionActivityRatio,BAU,RD,INORG_RCY_OS,,RM,1,2043,,,,,,1.0
EmissionActivityRatio,BAU,RD,INORG_RCY_OS,,RM,1,2044,,,,,,1.0
EmissionActivityRatio,BAU,RD,INORG_RCY_OS,,RM,1,2045,,,,,,1.0
EmissionActivityRatio,BAU,RD,INORG_RCY_OS,,RM,1,2046,,,,,,1.0
EmissionActivityRatio,BAU,RD,INORG_RCY_OS,,RM,1,2047,,,,,,1.0
EmissionActivityRatio,BAU,RD,INORG_RCY_OS,,RM,1,2048,,,,,,1.0
EmissionActivityRatio,BAU,RD,INORG_RCY_OS,,RM,1,2049,,,,,,1.0
EmissionActivityRatio,BAU,RD,INORG_RCY_OS,,RM,1,2050,,,,,,1.0
EmissionActivityRatio,BAU,RD,COMPOST,,FERT_ORG,1,2018,,,,,,1.0
EmissionActivityRatio,BAU,RD,COMPOST,,FERT_ORG,1,2019,,,,,,1.0
EmissionActivityRatio,BAU,RD,COMPOST,,FERT_ORG,1,2020,,,,,,1.0
EmissionActivityRatio,BAU,RD,COMPOST,,FERT_ORG,1,2021,,,,,,1.0
EmissionActivityRatio,BAU,RD,COMPOST,,FERT_ORG,1,2022,,,,,,1.0
EmissionActivityRatio,BAU,RD,COMPOST,,FERT_ORG,1,2023,,,,,,1.0
EmissionActivityRatio,BAU,RD,COMPOST,,FERT_ORG,1,2024,,,,,,1.0
EmissionActivityRatio,BAU,RD,COMPOST,,FERT_ORG,1,2025,,,,,,1.0
EmissionActivityRatio,BAU,RD,COMPOST,,FERT_ORG,1,2026,,,,,,1.0
EmissionActivityRatio,BAU,RD,COMPOST,,FERT_ORG,1,2027,,,,,,1.0
EmissionActivityRatio,BAU,RD,COMPOST,,FERT_ORG,1,2028,,,,,,1.0
EmissionActivityRatio,BAU,RD,COMPOST,,FERT_ORG,1,2029,,,,,,1.0
EmissionActivityRatio,BAU,RD,COMPOST,,FERT_ORG,1,2030,,,,,,1.0
EmissionActivityRatio,BAU,RD,COMPOST,,FERT_ORG,1,2031,,,,,,1.0
EmissionActivityRatio,BAU,RD,COMPOST,,FERT_ORG,1,2032,,,,,,1.0
EmissionActivityRatio,BAU,RD,COMPOST,,FERT_ORG,1,2033,,,,,,1.0
EmissionActivityRatio,BAU,RD,COMPOST,,FERT_ORG,1,2034,,,,,,1.0
EmissionActivityRatio,BAU,RD,COMPOST,,FERT_ORG,1,2035,,,,,,1.0
EmissionActivityRatio,BAU,RD,COMPOST,,FERT_ORG,1,2036,,,,,,1.0
EmissionActivityRatio,BAU,RD,COMPOST,,FERT_ORG,1,2037,,,,,,1.0
EmissionActivityRatio,BAU,RD,COMPOST,,FERT_ORG,1,2038,,,,,,1.0
EmissionActivityRatio,BAU,RD,COMPOST,,FERT_ORG,1,2039,,,,,,1.0
EmissionActivityRatio,BAU,RD,COMPOST,,FERT_ORG,1,2040,,,,,,1.0
EmissionActivityRatio,BAU,RD,COMPOST,,FERT_ORG,1,2041,,,,,,1.0
EmissionActivityRatio,BAU,RD,COMPOST,,FERT_ORG,1,2042,,,,,,1.0
EmissionActivityRatio,BAU,RD,COMPOST,,FERT_ORG,1,2043,,,,,,1.0
EmissionActivityRatio,BAU,RD,COMPOST,,FERT_ORG,1,2044,,,,,,1.0
EmissionActivityRatio,BAU,RD,COMPOST,,FERT_ORG,1,2045,,,,,,1.0
EmissionActivityRatio,BAU,RD,COMPOST,,FERT_ORG,1,2046,,,,,,1.0
EmissionActivityRatio,BAU,RD,COMPOST,,FERT_ORG,1,2047,,,,,,1.0
EmissionActivityRatio,BAU,RD,COMPOST,,FERT_ORG,1,2048,,,,,,1.0
EmissionActivityRatio,BAU,RD,COMPOST,,FERT_ORG,1,2049,,,,,,1.0
EmissionActivityRatio,BAU,RD,COMPOST,,FERT_ORG,1,2050,,,,,,1.0
EmissionActivityRatio,BAU,RD,AD,,FERT_ORG,1,2018,,,,,,1.0
EmissionActivityRatio,BAU,RD,AD,,FERT_ORG,1,2019,,,,,,1.0
EmissionActivityRatio,BAU,RD,AD,,FERT_ORG,1,2020,,,,,,1.0
EmissionActivityRatio,BAU,RD,AD,,FERT_ORG,1,2021,,,,,,1.0
EmissionActivityRatio,BAU,RD,AD,,FERT_ORG,1,2022,,,,,,1.0
EmissionActivityRatio,BAU,RD,AD,,FERT_ORG,1,2023,,,,,,1.0
EmissionActivityRatio,BAU,RD,AD,,FERT_ORG,1,2024,,,,,,1.0
EmissionActivityRatio,BAU,RD,AD,,FERT_ORG,1,2025,,,,,,1.0
EmissionActivityRatio,BAU,RD,AD,,FERT_ORG,1,2026,,,,,,1.0
EmissionActivityRatio,BAU,RD,AD,,FERT_ORG,1,2027,,,,,,1.0
EmissionActivityRatio,BAU,RD,AD,,FERT_ORG,1,2028,,,,,,1.0
EmissionActivityRatio,BAU,RD,AD,,FERT_ORG,1,2029,,,,,,1.0
EmissionActivityRatio,BAU,RD,AD,,FERT_ORG,1,2030,,,,,,1.0
EmissionActivityRatio,BAU,RD,AD,,FERT_ORG,1,2031,,,,,,1.0
EmissionActivityRatio,BAU,RD,AD,,FERT_ORG,1,2032,,,,,,1.0
EmissionActivityRatio,BAU,RD,AD,,FERT_ORG,1,2033,,,,,,1.0
EmissionActivityRatio,BAU,RD,AD,,FERT_ORG,1,2034,,,,,,1.0
EmissionActivityRatio,BAU,RD,AD,,FERT_ORG,1,2035,,,,,,1.0
EmissionActivityRatio,BAU,RD,AD,,FERT_ORG,1,2036,,,,,,1.0
EmissionActivityRatio,BAU,RD,AD,,FERT_ORG,1,2037,,,,,,1.0
EmissionActivityRatio,BAU,RD,AD,,FERT_ORG,1,2038,,,,,,1.0
EmissionActivityRatio,BAU,RD,AD,,FERT_ORG,1,2039,,,,,,1.0
EmissionActivityRatio,BAU,RD,AD,,FERT_ORG,1,2040,,,,,,1.0
EmissionActivityRatio,BAU,RD,AD,,FERT_ORG,1,2041,,,,,,1.0
EmissionActivityRatio,BAU,RD,AD,,FERT_ORG,1,2042,,,,,,1.0
EmissionActivityRatio,BAU,RD,AD,,FERT_ORG,1,2043,,,,,,1.0
EmissionActivityRatio,BAU,RD,AD,,FERT_ORG,1,2044,,,,,,1.0
EmissionActivityRatio,BAU,RD,AD,,FERT_ORG,1,2045,,,,,,1.0
EmissionActivityRatio,BAU,RD,AD,,FERT_ORG,1,2046,,,,,,1.0
EmissionActivityRatio,BAU,RD,AD,,FERT_ORG,1,2047,,,,,,1.0
EmissionActivityRatio,BAU,RD,AD,,FERT_ORG,1,2048,,,,,,1.0
EmissionActivityRatio,BAU,RD,AD,,FERT_ORG,1,2049,,,,,,1.0
EmissionActivityRatio,BAU,RD,AD,,FERT_ORG,1,2050,,,,,,1.0
EmissionActivityRatio,BAU,RD,NO_CONTR_OD,,salud_residuos,1,2018,,,,,,1.0
EmissionActivityRatio,BAU,RD,NO_CONTR_OD,,salud_residuos,1,2019,,,,,,1.0
EmissionActivityRatio,BAU,RD,NO_CONTR_OD,,salud_residuos,1,2020,,,,,,1.0
EmissionActivityRatio,BAU,RD,NO_CONTR_OD,,salud_residuos,1,2021,,,,,,1.0
EmissionActivityRatio,BAU,RD,NO_CONTR_OD,,salud_residuos,1,2022,,,,,,1.0
EmissionActivityRatio,BAU,RD,NO_CONTR_OD,,salud_residuos,1,2023,,,,,,1.0
EmissionActivityRatio,BAU,RD,NO_CONTR_OD,,salud_residuos,1,2024,,,,,,1.0
EmissionActivityRatio,BAU,RD,NO_CONTR_OD,,salud_residuos,1,2025,,,,,,1.0
EmissionActivityRatio,BAU,RD,NO_CONTR_OD,,salud_residuos,1,2026,,,,,,1.0
EmissionActivityRatio,BAU,RD,NO_CONTR_OD,,salud_residuos,1,2027,,,,,,1.0
EmissionActivityRatio,BAU,RD,NO_CONTR_OD,,salud_residuos,1,2028,,,,,,1.0
EmissionActivityRatio,BAU,RD,NO_CONTR_OD,,salud_residuos,1,2029,,,,,,1.0
EmissionActivityRatio,BAU,RD,NO_CONTR_OD,,salud_residuos,1,2030,,,,,,1.0
EmissionActivityRatio,BAU,RD,NO_CONTR_OD,,salud_residuos,1,2031,,,,,,1.0
EmissionActivityRatio,BAU,RD,NO_CONTR_OD,,salud_residuos,1,2032,,,,,,1.0
EmissionActivityRatio,BAU,RD,NO_CONTR_OD,,salud_residuos,1,2033,,,,,,1.0
EmissionActivityRatio,BAU,RD,NO_CONTR_OD,,salud_residuos,1,2034,,,,,,1.0
EmissionActivityRatio,BAU,RD,NO_CONTR_OD,,salud_residuos,1,2035,,,,,,1.0
EmissionActivityRatio,BAU,RD,NO_CONTR_OD,,salud_residuos,1,2036,,,,,,1.0
EmissionActivityRatio,BAU,RD,NO_CONTR_OD,,salud_residuos,1,2037,,,,,,1.0
EmissionActivityRatio,BAU,RD,NO_CONTR_OD,,salud_residuos,1,2038,,,,,,1.0
EmissionActivityRatio,BAU,RD,NO_CONTR_OD,,salud_residuos,1,2039,,,,,,1.0
EmissionActivityRatio,BAU,RD,NO_CONTR_OD,,salud_residuos,1,2040,,,,,,1.0
EmissionActivityRatio,BAU,RD,NO_CONTR_OD,,salud_residuos,1,2041,,,,,,1.0
EmissionActivityRatio,BAU,RD,NO_CONTR_OD,,salud_residuos,1,2042,,,,,,1.0
EmissionActivityRatio,BAU,RD,NO_CONTR_OD,,salud_residuos,1,2043,,,,,,1.0
EmissionActivityRatio,BAU,RD,NO_CONTR_OD,,salud_residuos,1,2044,,,,,,1.0
EmissionActivityRatio,BAU,RD,NO_CONTR_OD,,salud_residuos,1,2045,,,,,,1.0
EmissionActivityRatio,BAU,RD,NO_CONTR_OD,,salud_residuos,1,2046,,,,,,1.0
EmissionActivityRatio,BAU,RD,NO_CONTR_OD,,salud_residuos,1,2047,,,,,,1.0
EmissionActivityRatio,BAU,RD,NO_CONTR_OD,,salud_residuos,1,2048,,,,,,1.0
EmissionActivityRatio,BAU,RD,NO_CONTR_OD,,salud_residuos,1,2049,,,,,,1.0
EmissionActivityRatio,BAU,RD,NO_CONTR_OD,,salud_residuos,1,2050,,,,,,1.0
EmissionActivityRatio,BAU,RD,NO_CONTR_OD,,contam_agua,1,2018,,,,,,1.0
EmissionActivityRatio,BAU,RD,NO_CONTR_OD,,contam_agua,1,2019,,,,,,1.0
EmissionActivityRatio,BAU,RD,NO_CONTR_OD,,contam_agua,1,2020,,,,,,1.0
EmissionActivityRatio,BAU,RD,NO_CONTR_OD,,contam_agua,1,2021,,,,,,1.0
EmissionActivityRatio,BAU,RD,NO_CONTR_OD,,contam_agua,1,2022,,,,,,1.0
EmissionActivityRatio,BAU,RD,NO_CONTR_OD,,contam_agua,1,2023,,,,,,1.0
EmissionActivityRatio,BAU,RD,NO_CONTR_OD,,contam_agua,1,2024,,,,,,1.0
EmissionActivityRatio,BAU,RD,NO_CONTR_OD,,contam_agua,1,2025,,,,,,1.0
EmissionActivityRatio,BAU,RD,NO_CONTR_OD,,contam_agua,1,2026,,,,,,1.0
EmissionActivityRatio,BAU,RD,NO_CONTR_OD,,contam_agua,1,2027,,,,,,1.0
EmissionActivityRatio,BAU,RD,NO_CONTR_OD,,contam_agua,1,2028,,,,,,1.0
EmissionActivityRatio,BAU,RD,NO_CONTR_OD,,contam_agua,1,2029,,,,,,1.0
EmissionActivityRatio,BAU,RD,NO_CONTR_OD,,contam_agua,1,2030,,,,,,1.0
EmissionActivityRatio,BAU,RD,NO_CONTR_OD,,contam_agua,1,2031,,,,,,1.0
EmissionActivityRatio,BAU,RD,NO_CONTR_OD,,contam_agua,1,2032,,,,,,1.0
EmissionActivityRatio,BAU,RD,NO_CONTR_OD,,contam_agua,1,2033,,,,,,1.0
EmissionActivityRatio,BAU,RD,NO_CONTR_OD,,contam_agua,1,2034,,,,,,1.0
EmissionActivityRatio,BAU,RD,NO_CONTR_OD,,contam_agua,1,2035,,,,,,1.0
EmissionActivityRatio,BAU,RD,NO_CONTR_OD,,contam_agua,1,2036,,,,,,1.0
EmissionActivityRatio,BAU,RD,NO_CONTR_OD,,contam_agua,1,2037,,,,,,1.0
EmissionActivityRatio,BAU,RD,NO_CONTR_OD,,contam_agua,1,2038,,,,,,1.0
EmissionActivityRatio,BAU,RD,NO_CONTR_OD,,contam_agua,1,2039,,,,,,1.0
EmissionActivityRatio,BAU,RD,NO_CONTR_OD,,contam_agua,1,2040,,,,,,1.0
EmissionActivityRatio,BAU,RD,NO_CONTR_OD,,contam_agua,1,2041,,,,,,1.0
EmissionActivityRatio,BAU,RD,NO_CONTR_OD,,contam_agua,1,2042,,,,,,1.0
EmissionActivityRatio,BAU,RD,NO_CONTR_OD,,contam_agua,1,2043,,,,,,1.0
EmissionActivityRatio,BAU,RD,NO_CONTR_OD,,contam_agua,1,2044,,,,,,1.0
EmissionActivityRatio,BAU,RD,NO_CONTR_OD,,contam_agua,1,2045,,,,,,1.0
EmissionActivityRatio,BAU,RD,NO_CONTR_OD,,contam_agua,1,2046,,,,,,1.0
EmissionActivityRatio,BAU,RD,NO_CONTR_OD,,contam_agua,1,2047,,,,,,1.0
EmissionActivityRatio,BAU,RD,NO_CONTR_OD,,contam_agua,1,2048,,,,,,1.0
EmissionActivityRatio,BAU,RD,NO_CONTR_OD,,contam_agua,1,2049,,,,,,1.0
EmissionActivityRatio,BAU,RD,NO_CONTR_OD,,contam_agua,1,2050,,,,,,1.0
EmissionActivityRatio,BAU,RD,OPEN_BURN,,salud_residuos,1,2018,,,,,,1.0
EmissionActivityRatio,BAU,RD,OPEN_BURN,,salud_residuos,1,2019,,,,,,1.0
EmissionActivityRatio,BAU,RD,OPEN_BURN,,salud_residuos,1,2020,,,,,,1.0
EmissionActivityRatio,BAU,RD,OPEN_BURN,,salud_residuos,1,2021,,,,,,1.0
EmissionActivityRatio,BAU,RD,OPEN_BURN,,salud_residuos,1,2022,,,,,,1.0
EmissionActivityRatio,BAU,RD,OPEN_BURN,,salud_residuos,1,2023,,,,,,1.0
EmissionActivityRatio,BAU,RD,OPEN_BURN,,salud_residuos,1,2024,,,,,,1.0
EmissionActivityRatio,BAU,RD,OPEN_BURN,,salud_residuos,1,2025,,,,,,1.0
EmissionActivityRatio,BAU,RD,OPEN_BURN,,salud_residuos,1,2026,,,,,,1.0
EmissionActivityRatio,BAU,RD,OPEN_BURN,,salud_residuos,1,2027,,,,,,1.0
EmissionActivityRatio,BAU,RD,OPEN_BURN,,salud_residuos,1,2028,,,,,,1.0
EmissionActivityRatio,BAU,RD,OPEN_BURN,,salud_residuos,1,2029,,,,,,1.0
EmissionActivityRatio,BAU,RD,OPEN_BURN,,salud_residuos,1,2030,,,,,,1.0
EmissionActivityRatio,BAU,RD,OPEN_BURN,,salud_residuos,1,2031,,,,,,1.0
EmissionActivityRatio,BAU,RD,OPEN_BURN,,salud_residuos,1,2032,,,,,,1.0
EmissionActivityRatio,BAU,RD,OPEN_BURN,,salud_residuos,1,2033,,,,,,1.0
EmissionActivityRatio,BAU,RD,OPEN_BURN,,salud_residuos,1,2034,,,,,,1.0
EmissionActivityRatio,BAU,RD,OPEN_BURN,,salud_residuos,1,2035,,,,,,1.0
EmissionActivityRatio,BAU,RD,OPEN_BURN,,salud_residuos,1,2036,,,,,,1.0
EmissionActivityRatio,BAU,RD,OPEN_BURN,,salud_residuos,1,2037,,,,,,1.0
EmissionActivityRatio,BAU,RD,OPEN_BURN,,salud_residuos,1,2038,,,,,,1.0
EmissionActivityRatio,BAU,RD,OPEN_BURN,,salud_residuos,1,2039,,,,,,1.0
EmissionActivityRatio,BAU,RD,OPEN_BURN,,salud_residuos,1,2040,,,,,,1.0
EmissionActivityRatio,BAU,RD,OPEN_BURN,,salud_residuos,1,2041,,,,,,1.0
EmissionActivityRatio,BAU,RD,OPEN_BURN,,salud_residuos,1,2042,,,,,,1.0
EmissionActivityRatio,BAU,RD,OPEN_BURN,,salud_residuos,1,2043,,,,,,1.0
EmissionActivityRatio,BAU,RD,OPEN_BURN,,salud_residuos,1,2044,,,,,,1.0
EmissionActivityRatio,BAU,RD,OPEN_BURN,,salud_residuos,1,2045,,,,,,1.0
EmissionActivityRatio,BAU,RD,OPEN_BURN,,salud_residuos,1,2046,,,,,,1.0
EmissionActivityRatio,BAU,RD,OPEN_BURN,,salud_residuos,1,2047,,,,,,1.0
EmissionActivityRatio,BAU,RD,OPEN_BURN,,salud_residuos,1,2048,,,,,,1.0
EmissionActivityRatio,BAU,RD,OPEN_BURN,,salud_residuos,1,2049,,,,,,1.0
EmissionActivityRatio,BAU,RD,OPEN_BURN,,salud_residuos,1,2050,,,,,,1.0
EmissionActivityRatio,BAU,RD,SIT_CLAN,,salud_residuos,1,2018,,,,,,1.0
EmissionActivityRatio,BAU,RD,SIT_CLAN,,salud_residuos,1,2019,,,,,,1.0
EmissionActivityRatio,BAU,RD,SIT_CLAN,,salud_residuos,1,2020,,,,,,1.0
EmissionActivityRatio,BAU,RD,SIT_CLAN,,salud_residuos,1,2021,,,,,,1.0
EmissionActivityRatio,BAU,RD,SIT_CLAN,,salud_residuos,1,2022,,,,,,1.0
EmissionActivityRatio,BAU,RD,SIT_CLAN,,salud_residuos,1,2023,,,,,,1.0
EmissionActivityRatio,BAU,RD,SIT_CLAN,,salud_residuos,1,2024,,,,,,1.0
EmissionActivityRatio,BAU,RD,SIT_CLAN,,salud_residuos,1,2025,,,,,,1.0
EmissionActivityRatio,BAU,RD,SIT_CLAN,,salud_residuos,1,2026,,,,,,1.0
EmissionActivityRatio,BAU,RD,SIT_CLAN,,salud_residuos,1,2027,,,,,,1.0
EmissionActivityRatio,BAU,RD,SIT_CLAN,,salud_residuos,1,2028,,,,,,1.0
EmissionActivityRatio,BAU,RD,SIT_CLAN,,salud_residuos,1,2029,,,,,,1.0
EmissionActivityRatio,BAU,RD,SIT_CLAN,,salud_residuos,1,2030,,,,,,1.0
EmissionActivityRatio,BAU,RD,SIT_CLAN,,salud_residuos,1,2031,,,,,,1.0
EmissionActivityRatio,BAU,RD,SIT_CLAN,,salud_residuos,1,2032,,,,,,1.0
EmissionActivityRatio,BAU,RD,SIT_CLAN,,salud_residuos,1,2033,,,,,,1.0
EmissionActivityRatio,BAU,RD,SIT_CLAN,,salud_residuos,1,2034,,,,,,1.0
EmissionActivityRatio,BAU,RD,SIT_CLAN,,salud_residuos,1,2035,,,,,,1.0
EmissionActivityRatio,BAU,RD,SIT_CLAN,,salud_residuos,1,2036,,,,,,1.0
EmissionActivityRatio,BAU,RD,SIT_CLAN,,salud_residuos,1,2037,,,,,,1.0
EmissionActivityRatio,BAU,RD,SIT_CLAN,,salud_residuos,1,2038,,,,,,1.0
EmissionActivityRatio,BAU,RD,SIT_CLAN,,salud_residuos,1,2039,,,,,,1.0
EmissionActivityRatio,BAU,RD,SIT_CLAN,,salud_residuos,1,2040,,,,,,1.0
EmissionActivityRatio,BAU,RD,SIT_CLAN,,salud_residuos,1,2041,,,,,,1.0
EmissionActivityRatio,BAU,RD,SIT_CLAN,,salud_residuos,1,2042,,,,,,1.0
EmissionActivityRatio,BAU,RD,SIT_CLAN,,salud_residuos,1,2043,,,,,,1.0
EmissionActivityRatio,BAU,RD,SIT_CLAN,,salud_residuos,1,2044,,,,,,1.0
EmissionActivityRatio,BAU,RD,SIT_CLAN,,salud_residuos,1,2045,,,,,,1.0
EmissionActivityRatio,BAU,RD,SIT_CLAN,,salud_residuos,1,2046,,,,,,1.0
EmissionActivityRatio,BAU,RD,SIT_CLAN,,salud_residuos,1,2047,,,,,,1.0
EmissionActivityRatio,BAU,RD,SIT_CLAN,,salud_residuos,1,2048,,,,,,1.0
EmissionActivityRatio,BAU,RD,SIT_CLAN,,salud_residuos,1,2049,,,,,,1.0
EmissionActivityRatio,BAU,RD,SIT_CLAN,,salud_residuos,1,2050,,,,,,1.0
EmissionActivityRatio,BAU,RD,SIT_CLAN,,contam_agua,1,2018,,,,,,1.0
EmissionActivityRatio,BAU,RD,SIT_CLAN,,contam_agua,1,2019,,,,,,1.0
EmissionActivityRatio,BAU,RD,SIT_CLAN,,contam_agua,1,2020,,,,,,1.0
EmissionActivityRatio,BAU,RD,SIT_CLAN,,contam_agua,1,2021,,,,,,1.0
EmissionActivityRatio,BAU,RD,SIT_CLAN,,contam_agua,1,2022,,,,,,1.0
EmissionActivityRatio,BAU,RD,SIT_CLAN,,contam_agua,1,2023,,,,,,1.0
EmissionActivityRatio,BAU,RD,SIT_CLAN,,contam_agua,1,2024,,,,,,1.0
EmissionActivityRatio,BAU,RD,SIT_CLAN,,contam_agua,1,2025,,,,,,1.0
EmissionActivityRatio,BAU,RD,SIT_CLAN,,contam_agua,1,2026,,,,,,1.0
EmissionActivityRatio,BAU,RD,SIT_CLAN,,contam_agua,1,2027,,,,,,1.0
EmissionActivityRatio,BAU,RD,SIT_CLAN,,contam_agua,1,2028,,,,,,1.0
EmissionActivityRatio,BAU,RD,SIT_CLAN,,contam_agua,1,2029,,,,,,1.0
EmissionActivityRatio,BAU,RD,SIT_CLAN,,contam_agua,1,2030,,,,,,1.0
EmissionActivityRatio,BAU,RD,SIT_CLAN,,contam_agua,1,2031,,,,,,1.0
EmissionActivityRatio,BAU,RD,SIT_CLAN,,contam_agua,1,2032,,,,,,1.0
EmissionActivityRatio,BAU,RD,SIT_CLAN,,contam_agua,1,2033,,,,,,1.0
EmissionActivityRatio,BAU,RD,SIT_CLAN,,contam_agua,1,2034,,,,,,1.0
EmissionActivityRatio,BAU,RD,SIT_CLAN,,contam_agua,1,2035,,,,,,1.0
EmissionActivityRatio,BAU,RD,SIT_CLAN,,contam_agua,1,2036,,,,,,1.0
EmissionActivityRatio,BAU,RD,SIT_CLAN,,contam_agua,1,2037,,,,,,1.0
EmissionActivityRatio,BAU,RD,SIT_CLAN,,contam_agua,1,2038,,,,,,1.0
EmissionActivityRatio,BAU,RD,SIT_CLAN,,contam_agua,1,2039,,,,,,1.0
EmissionActivityRatio,BAU,RD,SIT_CLAN,,contam_agua,1,2040,,,,,,1.0
EmissionActivityRatio,BAU,RD,SIT_CLAN,,contam_agua,1,2041,,,,,,1.0
EmissionActivityRatio,BAU,RD,SIT_CLAN,,contam_agua,1,2042,,,,,,1.0
EmissionActivityRatio,BAU,RD,SIT_CLAN,,contam_agua,1,2043,,,,,,1.0
EmissionActivityRatio,BAU,RD,SIT_CLAN,,contam_agua,1,2044,,,,,,1.0
EmissionActivityRatio,BAU,RD,SIT_CLAN,,contam_agua,1,2045,,,,,,1.0
EmissionActivityRatio,BAU,RD,SIT_CLAN,,contam_agua,1,2046,,,,,,1.0
EmissionActivityRatio,BAU,RD,SIT_CLAN,,contam_agua,1,2047,,,,,,1.0
EmissionActivityRatio,BAU,RD,SIT_CLAN,,contam_agua,1,2048,,,,,,1.0
EmissionActivityRatio,BAU,RD,SIT_CLAN,,contam_agua,1,2049,,,,,,1.0
EmissionActivityRatio,BAU,RD,SIT_CLAN,,contam_agua,1,2050,,,,,,1.0
EmissionActivityRatio,BAU,RD,SIT_CLAN,,turismo_residuos,1,2018,,,,,,1.0
EmissionActivityRatio,BAU,RD,SIT_CLAN,,turismo_residuos,1,2019,,,,,,1.0
EmissionActivityRatio,BAU,RD,SIT_CLAN,,turismo_residuos,1,2020,,,,,,1.0
EmissionActivityRatio,BAU,RD,SIT_CLAN,,turismo_residuos,1,2021,,,,,,1.0
EmissionActivityRatio,BAU,RD,SIT_CLAN,,turismo_residuos,1,2022,,,,,,1.0
EmissionActivityRatio,BAU,RD,SIT_CLAN,,turismo_residuos,1,2023,,,,,,1.0
EmissionActivityRatio,BAU,RD,SIT_CLAN,,turismo_residuos,1,2024,,,,,,1.0
EmissionActivityRatio,BAU,RD,SIT_CLAN,,turismo_residuos,1,2025,,,,,,1.0
EmissionActivityRatio,BAU,RD,SIT_CLAN,,turismo_residuos,1,2026,,,,,,1.0
EmissionActivityRatio,BAU,RD,SIT_CLAN,,turismo_residuos,1,2027,,,,,,1.0
EmissionActivityRatio,BAU,RD,SIT_CLAN,,turismo_residuos,1,2028,,,,,,1.0
EmissionActivityRatio,BAU,RD,SIT_CLAN,,turismo_residuos,1,2029,,,,,,1.0
EmissionActivityRatio,BAU,RD,SIT_CLAN,,turismo_residuos,1,2030,,,,,,1.0
EmissionActivityRatio,BAU,RD,SIT_CLAN,,turismo_residuos,1,2031,,,,,,1.0
EmissionActivityRatio,BAU,RD,SIT_CLAN,,turismo_residuos,1,2032,,,,,,1.0
EmissionActivityRatio,BAU,RD,SIT_CLAN,,turismo_residuos,1,2033,,,,,,1.0
EmissionActivityRatio,BAU,RD,SIT_CLAN,,turismo_residuos,1,2034,,,,,,1.0
EmissionActivityRatio,BAU,RD,SIT_CLAN,,turismo_residuos,1,2035,,,,,,1.0
EmissionActivityRatio,BAU,RD,SIT_CLAN,,turismo_residuos,1,2036,,,,,,1.0
EmissionActivityRatio,BAU,RD,SIT_CLAN,,turismo_residuos,1,2037,,,,,,1.0
EmissionActivityRatio,BAU,RD,SIT_CLAN,,turismo_residuos,1,2038,,,,,,1.0
EmissionActivityRatio,BAU,RD,SIT_CLAN,,turismo_residuos,1,2039,,,,,,1.0
EmissionActivityRatio,BAU,RD,SIT_CLAN,,turismo_residuos,1,2040,,,,,,1.0
EmissionActivityRatio,BAU,RD,SIT_CLAN,,turismo_residuos,1,2041,,,,,,1.0
EmissionActivityRatio,BAU,RD,SIT_CLAN,,turismo_residuos,1,2042,,,,,,1.0
EmissionActivityRatio,BAU,RD,SIT_CLAN,,turismo_residuos,1,2043,,,,,,1.0
EmissionActivityRatio,BAU,RD,SIT_CLAN,,turismo_residuos,1,2044,,,,,,1.0
EmissionActivityRatio,BAU,RD,SIT_CLAN,,turismo_residuos,1,2045,,,,,,1.0
EmissionActivityRatio,BAU,RD,SIT_CLAN,,turismo_residuos,1,2046,,,,,,1.0
EmissionActivityRatio,BAU,RD,SIT_CLAN,,turismo_residuos,1,2047,,,,,,1.0
EmissionActivityRatio,BAU,RD,SIT_CLAN,,turismo_residuos,1,2048,,,,,,1.0
EmissionActivityRatio,BAU,RD,SIT_CLAN,,turismo_residuos,1,2049,,,,,,1.0
EmissionActivityRatio,BAU,RD,SIT_CLAN,,turismo_residuos,1,2050,,,,,,1.0
EmissionActivityRatio,BAU,RD,LU_LATHUM,,CO2e_AFOLU,1,2018,,,,,,-3.503
EmissionActivityRatio,BAU,RD,LU_LATHUM,,CO2e_AFOLU,1,2019,,,,,,-3.503
EmissionActivityRatio,BAU,RD,LU_LATHUM,,CO2e_AFOLU,1,2020,,,,,,-3.503
EmissionActivityRatio,BAU,RD,LU_LATHUM,,CO2e_AFOLU,1,2021,,,,,,-3.503
EmissionActivityRatio,BAU,RD,LU_LATHUM,,CO2e_AFOLU,1,2022,,,,,,-3.503
EmissionActivityRatio,BAU,RD,LU_LATHUM,,CO2e_AFOLU,1,2023,,,,,,-3.503
EmissionActivityRatio,BAU,RD,LU_LATHUM,,CO2e_AFOLU,1,2024,,,,,,-3.503
EmissionActivityRatio,BAU,RD,LU_LATHUM,,CO2e_AFOLU,1,2025,,,,,,-3.503
EmissionActivityRatio,BAU,RD,LU_LATHUM,,CO2e_AFOLU,1,2026,,,,,,-3.503
EmissionActivityRatio,BAU,RD,LU_LATHUM,,CO2e_AFOLU,1,2027,,,,,,-3.503
EmissionActivityRatio,BAU,RD,LU_LATHUM,,CO2e_AFOLU,1,2028,,,,,,-3.503
EmissionActivityRatio,BAU,RD,LU_LATHUM,,CO2e_AFOLU,1,2029,,,,,,-3.503
EmissionActivityRatio,BAU,RD,LU_LATHUM,,CO2e_AFOLU,1,2030,,,,,,-3.503
EmissionActivityRatio,BAU,RD,LU_LATHUM,,CO2e_AFOLU,1,2031,,,,,,-3.503
EmissionActivityRatio,BAU,RD,LU_LATHUM,,CO2e_AFOLU,1,2032,,,,,,-3.503
EmissionActivityRatio,BAU,RD,LU_LATHUM,,CO2e_AFOLU,1,2033,,,,,,-3.503
EmissionActivityRatio,BAU,RD,LU_LATHUM,,CO2e_AFOLU,1,2034,,,,,,-3.503
EmissionActivityRatio,BAU,RD,LU_LATHUM,,CO2e_AFOLU,1,2035,,,,,,-3.503
EmissionActivityRatio,BAU,RD,LU_LATHUM,,CO2e_AFOLU,1,2036,,,,,,-3.503
EmissionActivityRatio,BAU,RD,LU_LATHUM,,CO2e_AFOLU,1,2037,,,,,,-3.503
EmissionActivityRatio,BAU,RD,LU_LATHUM,,CO2e_AFOLU,1,2038,,,,,,-3.503
EmissionActivityRatio,BAU,RD,LU_LATHUM,,CO2e_AFOLU,1,2039,,,,,,-3.503
EmissionActivityRatio,BAU,RD,LU_LATHUM,,CO2e_AFOLU,1,2040,,,,,,-3.503
EmissionActivityRatio,BAU,RD,LU_LATHUM,,CO2e_AFOLU,1,2041,,,,,,-3.503
EmissionActivityRatio,BAU,RD,LU_LATHUM,,CO2e_AFOLU,1,2042,,,,,,-3.503
EmissionActivityRatio,BAU,RD,LU_LATHUM,,CO2e_AFOLU,1,2043,,,,,,-3.503
EmissionActivityRatio,BAU,RD,LU_LATHUM,,CO2e_AFOLU,1,2044,,,,,,-3.503
EmissionActivityRatio,BAU,RD,LU_LATHUM,,CO2e_AFOLU,1,2045,,,,,,-3.503
EmissionActivityRatio,BAU,RD,LU_LATHUM,,CO2e_AFOLU,1,2046,,,,,,-3.503
EmissionActivityRatio,BAU,RD,LU_LATHUM,,CO2e_AFOLU,1,2047,,,,,,-3.503
EmissionActivityRatio,BAU,RD,LU_LATHUM,,CO2e_AFOLU,1,2048,,,,,,-3.503
EmissionActivityRatio,BAU,RD,LU_LATHUM,,CO2e_AFOLU,1,2049,,,,,,-3.503
EmissionActivityRatio,BAU,RD,LU_LATHUM,,CO2e_AFOLU,1,2050,,,,,,-3.503
EmissionActivityRatio,BAU,RD,LU_DCON,,CO2e_AFOLU,1,2018,,,,,,-3.503
EmissionActivityRatio,BAU,RD,LU_DCON,,CO2e_AFOLU,1,2019,,,,,,-3.503
EmissionActivityRatio,BAU,RD,LU_DCON,,CO2e_AFOLU,1,2020,,,,,,-3.503
EmissionActivityRatio,BAU,RD,LU_DCON,,CO2e_AFOLU,1,2021,,,,,,-3.503
EmissionActivityRatio,BAU,RD,LU_DCON,,CO2e_AFOLU,1,2022,,,,,,-3.503
EmissionActivityRatio,BAU,RD,LU_DCON,,CO2e_AFOLU,1,2023,,,,,,-3.503
EmissionActivityRatio,BAU,RD,LU_DCON,,CO2e_AFOLU,1,2024,,,,,,-3.503
EmissionActivityRatio,BAU,RD,LU_DCON,,CO2e_AFOLU,1,2025,,,,,,-3.503
EmissionActivityRatio,BAU,RD,LU_DCON,,CO2e_AFOLU,1,2026,,,,,,-3.503
EmissionActivityRatio,BAU,RD,LU_DCON,,CO2e_AFOLU,1,2027,,,,,,-3.503
EmissionActivityRatio,BAU,RD,LU_DCON,,CO2e_AFOLU,1,2028,,,,,,-3.503
EmissionActivityRatio,BAU,RD,LU_DCON,,CO2e_AFOLU,1,2029,,,,,,-3.503
EmissionActivityRatio,BAU,RD,LU_DCON,,CO2e_AFOLU,1,2030,,,,,,-3.503
EmissionActivityRatio,BAU,RD,LU_DCON,,CO2e_AFOLU,1,2031,,,,,,-3.503
EmissionActivityRatio,BAU,RD,LU_DCON,,CO2e_AFOLU,1,2032,,,,,,-3.503
EmissionActivityRatio,BAU,RD,LU_DCON,,CO2e_AFOLU,1,2033,,,,,,-3.503
EmissionActivityRatio,BAU,RD,LU_DCON,,CO2e_AFOLU,1,2034,,,,,,-3.503
EmissionActivityRatio,BAU,RD,LU_DCON,,CO2e_AFOLU,1,2035,,,,,,-3.503
EmissionActivityRatio,BAU,RD,LU_DCON,,CO2e_AFOLU,1,2036,,,,,,-3.503
EmissionActivityRatio,BAU,RD,LU_DCON,,CO2e_AFOLU,1,2037,,,,,,-3.503
EmissionActivityRatio,BAU,RD,LU_DCON,,CO2e_AFOLU,1,2038,,,,,,-3.503
EmissionActivityRatio,BAU,RD,LU_DCON,,CO2e_AFOLU,1,2039,,,,,,-3.503
EmissionActivityRatio,BAU,RD,LU_DCON,,CO2e_AFOLU,1,2040,,,,,,-3.503
EmissionActivityRatio,BAU,RD,LU_DCON,,CO2e_AFOLU,1,2041,,,,,,-3.503
EmissionActivityRatio,BAU,RD,LU_DCON,,CO2e_AFOLU,1,2042,,,,,,-3.503
EmissionActivityRatio,BAU,RD,LU_DCON,,CO2e_AFOLU,1,2043,,,,,,-3.503
EmissionActivityRatio,BAU,RD,LU_DCON,,CO2e_AFOLU,1,2044,,,,,,-3.503
EmissionActivityRatio,BAU,RD,LU_DCON,,CO2e_AFOLU,1,2045,,,,,,-3.503
EmissionActivityRatio,BAU,RD,LU_DCON,,CO2e_AFOLU,1,2046,,,,,,-3.503
EmissionActivityRatio,BAU,RD,LU_DCON,,CO2e_AFOLU,1,2047,,,,,,-3.503
EmissionActivityRatio,BAU,RD,LU_DCON,,CO2e_AFOLU,1,2048,,,,,,-3.503
EmissionActivityRatio,BAU,RD,LU_DCON,,CO2e_AFOLU,1,2049,,,,,,-3.503
EmissionActivityRatio,BAU,RD,LU_DCON,,CO2e_AFOLU,1,2050,,,,,,-3.503
EmissionActivityRatio,BAU,RD,LU_DRY,,CO2e_AFOLU,1,2018,,,,,,-3.503
EmissionActivityRatio,BAU,RD,LU_DRY,,CO2e_AFOLU,1,2019,,,,,,-3.503
EmissionActivityRatio,BAU,RD,LU_DRY,,CO2e_AFOLU,1,2020,,,,,,-3.503
EmissionActivityRatio,BAU,RD,LU_DRY,,CO2e_AFOLU,1,2021,,,,,,-3.503
EmissionActivityRatio,BAU,RD,LU_DRY,,CO2e_AFOLU,1,2022,,,,,,-3.503
EmissionActivityRatio,BAU,RD,LU_DRY,,CO2e_AFOLU,1,2023,,,,,,-3.503
EmissionActivityRatio,BAU,RD,LU_DRY,,CO2e_AFOLU,1,2024,,,,,,-3.503
EmissionActivityRatio,BAU,RD,LU_DRY,,CO2e_AFOLU,1,2025,,,,,,-3.503
EmissionActivityRatio,BAU,RD,LU_DRY,,CO2e_AFOLU,1,2026,,,,,,-3.503
EmissionActivityRatio,BAU,RD,LU_DRY,,CO2e_AFOLU,1,2027,,,,,,-3.503
EmissionActivityRatio,BAU,RD,LU_DRY,,CO2e_AFOLU,1,2028,,,,,,-3.503
EmissionActivityRatio,BAU,RD,LU_DRY,,CO2e_AFOLU,1,2029,,,,,,-3.503
EmissionActivityRatio,BAU,RD,LU_DRY,,CO2e_AFOLU,1,2030,,,,,,-3.503
EmissionActivityRatio,BAU,RD,LU_DRY,,CO2e_AFOLU,1,2031,,,,,,-3.503
EmissionActivityRatio,BAU,RD,LU_DRY,,CO2e_AFOLU,1,2032,,,,,,-3.503
EmissionActivityRatio,BAU,RD,LU_DRY,,CO2e_AFOLU,1,2033,,,,,,-3.503
EmissionActivityRatio,BAU,RD,LU_DRY,,CO2e_AFOLU,1,2034,,,,,,-3.503
EmissionActivityRatio,BAU,RD,LU_DRY,,CO2e_AFOLU,1,2035,,,,,,-3.503
EmissionActivityRatio,BAU,RD,LU_DRY,,CO2e_AFOLU,1,2036,,,,,,-3.503
EmissionActivityRatio,BAU,RD,LU_DRY,,CO2e_AFOLU,1,2037,,,,,,-3.503
EmissionActivityRatio,BAU,RD,LU_DRY,,CO2e_AFOLU,1,2038,,,,,,-3.503
EmissionActivityRatio,BAU,RD,LU_DRY,,CO2e_AFOLU,1,2039,,,,,,-3.503
EmissionActivityRatio,BAU,RD,LU_DRY,,CO2e_AFOLU,1,2040,,,,,,-3.503
EmissionActivityRatio,BAU,RD,LU_DRY,,CO2e_AFOLU,1,2041,,,,,,-3.503
EmissionActivityRatio,BAU,RD,LU_DRY,,CO2e_AFOLU,1,2042,,,,,,-3.503
EmissionActivityRatio,BAU,RD,LU_DRY,,CO2e_AFOLU,1,2043,,,,,,-3.503
EmissionActivityRatio,BAU,RD,LU_DRY,,CO2e_AFOLU,1,2044,,,,,,-3.503
EmissionActivityRatio,BAU,RD,LU_DRY,,CO2e_AFOLU,1,2045,,,,,,-3.503
EmissionActivityRatio,BAU,RD,LU_DRY,,CO2e_AFOLU,1,2046,,,,,,-3.503
EmissionActivityRatio,BAU,RD,LU_DRY,,CO2e_AFOLU,1,2047,,,,,,-3.503
EmissionActivityRatio,BAU,RD,LU_DRY,,CO2e_AFOLU,1,2048,,,,,,-3.503
EmissionActivityRatio,BAU,RD,LU_DRY,,CO2e_AFOLU,1,2049,,,,,,-3.503
EmissionActivityRatio,BAU,RD,LU_DRY,,CO2e_AFOLU,1,2050,,,,,,-3.503
EmissionActivityRatio,BAU,RD,AG_RIC,,CO2e_AFOLU,1,2018,,,,,,3.2879
EmissionActivityRatio,BAU,RD,AG_RIC,,CO2e_AFOLU,1,2019,,,,,,3.1559
EmissionActivityRatio,BAU,RD,AG_RIC,,CO2e_AFOLU,1,2020,,,,,,3.0705
EmissionActivityRatio,BAU,RD,AG_RIC,,CO2e_AFOLU,1,2021,,,,,,3.1671
EmissionActivityRatio,BAU,RD,AG_RIC,,CO2e_AFOLU,1,2022,,,,,,3.2427
EmissionActivityRatio,BAU,RD,AG_RIC,,CO2e_AFOLU,1,2023,,,,,,3.1848
EmissionActivityRatio,BAU,RD,AG_RIC,,CO2e_AFOLU,1,2024,,,,,,3.1848
EmissionActivityRatio,BAU,RD,AG_RIC,,CO2e_AFOLU,1,2025,,,,,,3.1848
EmissionActivityRatio,BAU,RD,AG_RIC,,CO2e_AFOLU,1,2026,,,,,,3.1848
EmissionActivityRatio,BAU,RD,AG_RIC,,CO2e_AFOLU,1,2027,,,,,,3.1848
EmissionActivityRatio,BAU,RD,AG_RIC,,CO2e_AFOLU,1,2028,,,,,,3.1848
EmissionActivityRatio,BAU,RD,AG_RIC,,CO2e_AFOLU,1,2029,,,,,,3.1848
EmissionActivityRatio,BAU,RD,AG_RIC,,CO2e_AFOLU,1,2030,,,,,,3.1848
EmissionActivityRatio,BAU,RD,AG_RIC,,CO2e_AFOLU,1,2031,,,,,,3.1848
EmissionActivityRatio,BAU,RD,AG_RIC,,CO2e_AFOLU,1,2032,,,,,,3.1848
EmissionActivityRatio,BAU,RD,AG_RIC,,CO2e_AFOLU,1,2033,,,,,,3.1848
EmissionActivityRatio,BAU,RD,AG_RIC,,CO2e_AFOLU,1,2034,,,,,,3.1848
EmissionActivityRatio,BAU,RD,AG_RIC,,CO2e_AFOLU,1,2035,,,,,,3.1848
EmissionActivityRatio,BAU,RD,AG_RIC,,CO2e_AFOLU,1,2036,,,,,,3.1848
EmissionActivityRatio,BAU,RD,AG_RIC,,CO2e_AFOLU,1,2037,,,,,,3.1848
EmissionActivityRatio,BAU,RD,AG_RIC,,CO2e_AFOLU,1,2038,,,,,,3.1848
EmissionActivityRatio,BAU,RD,AG_RIC,,CO2e_AFOLU,1,2039,,,,,,3.1848
EmissionActivityRatio,BAU,RD,AG_RIC,,CO2e_AFOLU,1,2040,,,,,,3.1848
EmissionActivityRatio,BAU,RD,AG_RIC,,CO2e_AFOLU,1,2041,,,,,,3.1848
EmissionActivityRatio,BAU,RD,AG_RIC,,CO2e_AFOLU,1,2042,,,,,,3.1848
EmissionActivityRatio,BAU,RD,AG_RIC,,CO2e_AFOLU,1,2043,,,,,,3.1848
EmissionActivityRatio,BAU,RD,AG_RIC,,CO2e_AFOLU,1,2044,,,,,,3.1848
EmissionActivityRatio,BAU,RD,AG_RIC,,CO2e_AFOLU,1,2045,,,,,,3.1848
EmissionActivityRatio,BAU,RD,AG_RIC,,CO2e_AFOLU,1,2046,,,,,,3.1848
EmissionActivityRatio,BAU,RD,AG_RIC,,CO2e_AFOLU,1,2047,,,,,,3.1848
EmissionActivityRatio,BAU,RD,AG_RIC,,CO2e_AFOLU,1,2048,,,,,,3.1848
EmissionActivityRatio,BAU,RD,AG_RIC,,CO2e_AFOLU,1,2049,,,,,,3.1848
EmissionActivityRatio,BAU,RD,AG_RIC,,CO2e_AFOLU,1,2050,,,,,,3.1848
EmissionActivityRatio,BAU,RD,AG_BAN,,CO2e_AFOLU,1,2018,,,,,,0.106
EmissionActivityRatio,BAU,RD,AG_BAN,,CO2e_AFOLU,1,2019,,,,,,0.1192
EmissionActivityRatio,BAU,RD,AG_BAN,,CO2e_AFOLU,1,2020,,,,,,4.2946
EmissionActivityRatio,BAU,RD,AG_BAN,,CO2e_AFOLU,1,2021,,,,,,3.3011
EmissionActivityRatio,BAU,RD,AG_BAN,,CO2e_AFOLU,1,2022,,,,,,3.2105
EmissionActivityRatio,BAU,RD,AG_BAN,,CO2e_AFOLU,1,2023,,,,,,2.2063
EmissionActivityRatio,BAU,RD,AG_BAN,,CO2e_AFOLU,1,2024,,,,,,2.2063
EmissionActivityRatio,BAU,RD,AG_BAN,,CO2e_AFOLU,1,2025,,,,,,2.2063
EmissionActivityRatio,BAU,RD,AG_BAN,,CO2e_AFOLU,1,2026,,,,,,2.2063
EmissionActivityRatio,BAU,RD,AG_BAN,,CO2e_AFOLU,1,2027,,,,,,2.2063
EmissionActivityRatio,BAU,RD,AG_BAN,,CO2e_AFOLU,1,2028,,,,,,2.2063
EmissionActivityRatio,BAU,RD,AG_BAN,,CO2e_AFOLU,1,2029,,,,,,2.2063
EmissionActivityRatio,BAU,RD,AG_BAN,,CO2e_AFOLU,1,2030,,,,,,2.2063
EmissionActivityRatio,BAU,RD,AG_BAN,,CO2e_AFOLU,1,2031,,,,,,2.2063
EmissionActivityRatio,BAU,RD,AG_BAN,,CO2e_AFOLU,1,2032,,,,,,2.2063
EmissionActivityRatio,BAU,RD,AG_BAN,,CO2e_AFOLU,1,2033,,,,,,2.2063
EmissionActivityRatio,BAU,RD,AG_BAN,,CO2e_AFOLU,1,2034,,,,,,2.2063
EmissionActivityRatio,BAU,RD,AG_BAN,,CO2e_AFOLU,1,2035,,,,,,2.2063
EmissionActivityRatio,BAU,RD,AG_BAN,,CO2e_AFOLU,1,2036,,,,,,2.2063
EmissionActivityRatio,BAU,RD,AG_BAN,,CO2e_AFOLU,1,2037,,,,,,2.2063
EmissionActivityRatio,BAU,RD,AG_BAN,,CO2e_AFOLU,1,2038,,,,,,2.2063
EmissionActivityRatio,BAU,RD,AG_BAN,,CO2e_AFOLU,1,2039,,,,,,2.2063
EmissionActivityRatio,BAU,RD,AG_BAN,,CO2e_AFOLU,1,2040,,,,,,2.2063
EmissionActivityRatio,BAU,RD,AG_BAN,,CO2e_AFOLU,1,2041,,,,,,2.2063
EmissionActivityRatio,BAU,RD,AG_BAN,,CO2e_AFOLU,1,2042,,,,,,2.2063
EmissionActivityRatio,BAU,RD,AG_BAN,,CO2e_AFOLU,1,2043,,,,,,2.2063
EmissionActivityRatio,BAU,RD,AG_BAN,,CO2e_AFOLU,1,2044,,,,,,2.2063
EmissionActivityRatio,BAU,RD,AG_BAN,,CO2e_AFOLU,1,2045,,,,,,2.2063
EmissionActivityRatio,BAU,RD,AG_BAN,,CO2e_AFOLU,1,2046,,,,,,2.2063
EmissionActivityRatio,BAU,RD,AG_BAN,,CO2e_AFOLU,1,2047,,,,,,2.2063
EmissionActivityRatio,BAU,RD,AG_BAN,,CO2e_AFOLU,1,2048,,,,,,2.2063
EmissionActivityRatio,BAU,RD,AG_BAN,,CO2e_AFOLU,1,2049,,,,,,2.2063
EmissionActivityRatio,BAU,RD,AG_BAN,,CO2e_AFOLU,1,2050,,,,,,2.2063
EmissionActivityRatio,BAU,RD,AG_SGC,,CO2e_AFOLU,1,2018,,,,,,1.1668
EmissionActivityRatio,BAU,RD,AG_SGC,,CO2e_AFOLU,1,2019,,,,,,1.1619
EmissionActivityRatio,BAU,RD,AG_SGC,,CO2e_AFOLU,1,2020,,,,,,1.0651
EmissionActivityRatio,BAU,RD,AG_SGC,,CO2e_AFOLU,1,2021,,,,,,1.0126
EmissionActivityRatio,BAU,RD,AG_SGC,,CO2e_AFOLU,1,2022,,,,,,0.9848
EmissionActivityRatio,BAU,RD,AG_SGC,,CO2e_AFOLU,1,2023,,,,,,1.0783
EmissionActivityRatio,BAU,RD,AG_SGC,,CO2e_AFOLU,1,2024,,,,,,1.0783
EmissionActivityRatio,BAU,RD,AG_SGC,,CO2e_AFOLU,1,2025,,,,,,1.0783
EmissionActivityRatio,BAU,RD,AG_SGC,,CO2e_AFOLU,1,2026,,,,,,1.0783
EmissionActivityRatio,BAU,RD,AG_SGC,,CO2e_AFOLU,1,2027,,,,,,1.0783
EmissionActivityRatio,BAU,RD,AG_SGC,,CO2e_AFOLU,1,2028,,,,,,1.0783
EmissionActivityRatio,BAU,RD,AG_SGC,,CO2e_AFOLU,1,2029,,,,,,1.0783
EmissionActivityRatio,BAU,RD,AG_SGC,,CO2e_AFOLU,1,2030,,,,,,1.0783
EmissionActivityRatio,BAU,RD,AG_SGC,,CO2e_AFOLU,1,2031,,,,,,1.0783
EmissionActivityRatio,BAU,RD,AG_SGC,,CO2e_AFOLU,1,2032,,,,,,1.0783
EmissionActivityRatio,BAU,RD,AG_SGC,,CO2e_AFOLU,1,2033,,,,,,1.0783
EmissionActivityRatio,BAU,RD,AG_SGC,,CO2e_AFOLU,1,2034,,,,,,1.0783
EmissionActivityRatio,BAU,RD,AG_SGC,,CO2e_AFOLU,1,2035,,,,,,1.0783
EmissionActivityRatio,BAU,RD,AG_SGC,,CO2e_AFOLU,1,2036,,,,,,1.0783
EmissionActivityRatio,BAU,RD,AG_SGC,,CO2e_AFOLU,1,2037,,,,,,1.0783
EmissionActivityRatio,BAU,RD,AG_SGC,,CO2e_AFOLU,1,2038,,,,,,1.0783
EmissionActivityRatio,BAU,RD,AG_SGC,,CO2e_AFOLU,1,2039,,,,,,1.0783
EmissionActivityRatio,BAU,RD,AG_SGC,,CO2e_AFOLU,1,2040,,,,,,1.0783
EmissionActivityRatio,BAU,RD,AG_SGC,,CO2e_AFOLU,1,2041,,,,,,1.0783
EmissionActivityRatio,BAU,RD,AG_SGC,,CO2e_AFOLU,1,2042,,,,,,1.0783
EmissionActivityRatio,BAU,RD,AG_SGC,,CO2e_AFOLU,1,2043,,,,,,1.0783
EmissionActivityRatio,BAU,RD,AG_SGC,,CO2e_AFOLU,1,2044,,,,,,1.0783
EmissionActivityRatio,BAU,RD,AG_SGC,,CO2e_AFOLU,1,2045,,,,,,1.0783
EmissionActivityRatio,BAU,RD,AG_SGC,,CO2e_AFOLU,1,2046,,,,,,1.0783
EmissionActivityRatio,BAU,RD,AG_SGC,,CO2e_AFOLU,1,2047,,,,,,1.0783
EmissionActivityRatio,BAU,RD,AG_SGC,,CO2e_AFOLU,1,2048,,,,,,1.0783
EmissionActivityRatio,BAU,RD,AG_SGC,,CO2e_AFOLU,1,2049,,,,,,1.0783
EmissionActivityRatio,BAU,RD,AG_SGC,,CO2e_AFOLU,1,2050,,,,,,1.0783
EmissionActivityRatio,BAU,RD,AG_COC,,CO2e_AFOLU,1,2018,,,,,,0.0108
EmissionActivityRatio,BAU,RD,AG_COC,,CO2e_AFOLU,1,2019,,,,,,0.014
EmissionActivityRatio,BAU,RD,AG_COC,,CO2e_AFOLU,1,2020,,,,,,0.0184
EmissionActivityRatio,BAU,RD,AG_COC,,CO2e_AFOLU,1,2021,,,,,,0.0155
EmissionActivityRatio,BAU,RD,AG_COC,,CO2e_AFOLU,1,2022,,,,,,0.015
EmissionActivityRatio,BAU,RD,AG_COC,,CO2e_AFOLU,1,2023,,,,,,0.0147
EmissionActivityRatio,BAU,RD,AG_COC,,CO2e_AFOLU,1,2024,,,,,,0.0147
EmissionActivityRatio,BAU,RD,AG_COC,,CO2e_AFOLU,1,2025,,,,,,0.0147
EmissionActivityRatio,BAU,RD,AG_COC,,CO2e_AFOLU,1,2026,,,,,,0.0147
EmissionActivityRatio,BAU,RD,AG_COC,,CO2e_AFOLU,1,2027,,,,,,0.0147
EmissionActivityRatio,BAU,RD,AG_COC,,CO2e_AFOLU,1,2028,,,,,,0.0147
EmissionActivityRatio,BAU,RD,AG_COC,,CO2e_AFOLU,1,2029,,,,,,0.0147
EmissionActivityRatio,BAU,RD,AG_COC,,CO2e_AFOLU,1,2030,,,,,,0.0147
EmissionActivityRatio,BAU,RD,AG_COC,,CO2e_AFOLU,1,2031,,,,,,0.0147
EmissionActivityRatio,BAU,RD,AG_COC,,CO2e_AFOLU,1,2032,,,,,,0.0147
EmissionActivityRatio,BAU,RD,AG_COC,,CO2e_AFOLU,1,2033,,,,,,0.0147
EmissionActivityRatio,BAU,RD,AG_COC,,CO2e_AFOLU,1,2034,,,,,,0.0147
EmissionActivityRatio,BAU,RD,AG_COC,,CO2e_AFOLU,1,2035,,,,,,0.0147
EmissionActivityRatio,BAU,RD,AG_COC,,CO2e_AFOLU,1,2036,,,,,,0.0147
EmissionActivityRatio,BAU,RD,AG_COC,,CO2e_AFOLU,1,2037,,,,,,0.0147
EmissionActivityRatio,BAU,RD,AG_COC,,CO2e_AFOLU,1,2038,,,,,,0.0147
EmissionActivityRatio,BAU,RD,AG_COC,,CO2e_AFOLU,1,2039,,,,,,0.0147
EmissionActivityRatio,BAU,RD,AG_COC,,CO2e_AFOLU,1,2040,,,,,,0.0147
EmissionActivityRatio,BAU,RD,AG_COC,,CO2e_AFOLU,1,2041,,,,,,0.0147
EmissionActivityRatio,BAU,RD,AG_COC,,CO2e_AFOLU,1,2042,,,,,,0.0147
EmissionActivityRatio,BAU,RD,AG_COC,,CO2e_AFOLU,1,2043,,,,,,0.0147
EmissionActivityRatio,BAU,RD,AG_COC,,CO2e_AFOLU,1,2044,,,,,,0.0147
EmissionActivityRatio,BAU,RD,AG_COC,,CO2e_AFOLU,1,2045,,,,,,0.0147
EmissionActivityRatio,BAU,RD,AG_COC,,CO2e_AFOLU,1,2046,,,,,,0.0147
EmissionActivityRatio,BAU,RD,AG_COC,,CO2e_AFOLU,1,2047,,,,,,0.0147
EmissionActivityRatio,BAU,RD,AG_COC,,CO2e_AFOLU,1,2048,,,,,,0.0147
EmissionActivityRatio,BAU,RD,AG_COC,,CO2e_AFOLU,1,2049,,,,,,0.0147
EmissionActivityRatio,BAU,RD,AG_COC,,CO2e_AFOLU,1,2050,,,,,,0.0147
EmissionActivityRatio,BAU,RD,AG_CAF,,CO2e_AFOLU,1,2018,,,,,,0.0905
EmissionActivityRatio,BAU,RD,AG_CAF,,CO2e_AFOLU,1,2019,,,,,,0.0888
EmissionActivityRatio,BAU,RD,AG_CAF,,CO2e_AFOLU,1,2020,,,,,,0.0788
EmissionActivityRatio,BAU,RD,AG_CAF,,CO2e_AFOLU,1,2021,,,,,,0.0772
EmissionActivityRatio,BAU,RD,AG_CAF,,CO2e_AFOLU,1,2022,,,,,,0.0751
EmissionActivityRatio,BAU,RD,AG_CAF,,CO2e_AFOLU,1,2023,,,,,,0.0821
EmissionActivityRatio,BAU,RD,AG_CAF,,CO2e_AFOLU,1,2024,,,,,,0.0821
EmissionActivityRatio,BAU,RD,AG_CAF,,CO2e_AFOLU,1,2025,,,,,,0.0821
EmissionActivityRatio,BAU,RD,AG_CAF,,CO2e_AFOLU,1,2026,,,,,,0.0821
EmissionActivityRatio,BAU,RD,AG_CAF,,CO2e_AFOLU,1,2027,,,,,,0.0821
EmissionActivityRatio,BAU,RD,AG_CAF,,CO2e_AFOLU,1,2028,,,,,,0.0821
EmissionActivityRatio,BAU,RD,AG_CAF,,CO2e_AFOLU,1,2029,,,,,,0.0821
EmissionActivityRatio,BAU,RD,AG_CAF,,CO2e_AFOLU,1,2030,,,,,,0.0821
EmissionActivityRatio,BAU,RD,AG_CAF,,CO2e_AFOLU,1,2031,,,,,,0.0821
EmissionActivityRatio,BAU,RD,AG_CAF,,CO2e_AFOLU,1,2032,,,,,,0.0821
EmissionActivityRatio,BAU,RD,AG_CAF,,CO2e_AFOLU,1,2033,,,,,,0.0821
EmissionActivityRatio,BAU,RD,AG_CAF,,CO2e_AFOLU,1,2034,,,,,,0.0821
EmissionActivityRatio,BAU,RD,AG_CAF,,CO2e_AFOLU,1,2035,,,,,,0.0821
EmissionActivityRatio,BAU,RD,AG_CAF,,CO2e_AFOLU,1,2036,,,,,,0.0821
EmissionActivityRatio,BAU,RD,AG_CAF,,CO2e_AFOLU,1,2037,,,,,,0.0821
EmissionActivityRatio,BAU,RD,AG_CAF,,CO2e_AFOLU,1,2038,,,,,,0.0821
EmissionActivityRatio,BAU,RD,AG_CAF,,CO2e_AFOLU,1,2039,,,,,,0.0821
EmissionActivityRatio,BAU,RD,AG_CAF,,CO2e_AFOLU,1,2040,,,,,,0.0821
EmissionActivityRatio,BAU,RD,AG_CAF,,CO2e_AFOLU,1,2041,,,,,,0.0821
EmissionActivityRatio,BAU,RD,AG_CAF,,CO2e_AFOLU,1,2042,,,,,,0.0821
EmissionActivityRatio,BAU,RD,AG_CAF,,CO2e_AFOLU,1,2043,,,,,,0.0821
EmissionActivityRatio,BAU,RD,AG_CAF,,CO2e_AFOLU,1,2044,,,,,,0.0821
EmissionActivityRatio,BAU,RD,AG_CAF,,CO2e_AFOLU,1,2045,,,,,,0.0821
EmissionActivityRatio,BAU,RD,AG_CAF,,CO2e_AFOLU,1,2046,,,,,,0.0821
EmissionActivityRatio,BAU,RD,AG_CAF,,CO2e_AFOLU,1,2047,,,,,,0.0821
EmissionActivityRatio,BAU,RD,AG_CAF,,CO2e_AFOLU,1,2048,,,,,,0.0821
EmissionActivityRatio,BAU,RD,AG_CAF,,CO2e_AFOLU,1,2049,,,,,,0.0821
EmissionActivityRatio,BAU,RD,AG_CAF,,CO2e_AFOLU,1,2050,,,,,,0.0821
EmissionActivityRatio,BAU,RD,AG_LEG,,CO2e_AFOLU,1,2018,,,,,,0.8801
EmissionActivityRatio,BAU,RD,AG_LEG,,CO2e_AFOLU,1,2019,,,,,,0.8802
EmissionActivityRatio,BAU,RD,AG_LEG,,CO2e_AFOLU,1,2020,,,,,,0.8768
EmissionActivityRatio,BAU,RD,AG_LEG,,CO2e_AFOLU,1,2021,,,,,,0.832
EmissionActivityRatio,BAU,RD,AG_LEG,,CO2e_AFOLU,1,2022,,,,,,0.8092
EmissionActivityRatio,BAU,RD,AG_LEG,,CO2e_AFOLU,1,2023,,,,,,0.8557
EmissionActivityRatio,BAU,RD,AG_LEG,,CO2e_AFOLU,1,2024,,,,,,0.8557
EmissionActivityRatio,BAU,RD,AG_LEG,,CO2e_AFOLU,1,2025,,,,,,0.8557
EmissionActivityRatio,BAU,RD,AG_LEG,,CO2e_AFOLU,1,2026,,,,,,0.8557
EmissionActivityRatio,BAU,RD,AG_LEG,,CO2e_AFOLU,1,2027,,,,,,0.8557
EmissionActivityRatio,BAU,RD,AG_LEG,,CO2e_AFOLU,1,2028,,,,,,0.8557
EmissionActivityRatio,BAU,RD,AG_LEG,,CO2e_AFOLU,1,2029,,,,,,0.8557
EmissionActivityRatio,BAU,RD,AG_LEG,,CO2e_AFOLU,1,2030,,,,,,0.8557
EmissionActivityRatio,BAU,RD,AG_LEG,,CO2e_AFOLU,1,2031,,,,,,0.8557
EmissionActivityRatio,BAU,RD,AG_LEG,,CO2e_AFOLU,1,2032,,,,,,0.8557
EmissionActivityRatio,BAU,RD,AG_LEG,,CO2e_AFOLU,1,2033,,,,,,0.8557
EmissionActivityRatio,BAU,RD,AG_LEG,,CO2e_AFOLU,1,2034,,,,,,0.8557
EmissionActivityRatio,BAU,RD,AG_LEG,,CO2e_AFOLU,1,2035,,,,,,0.8557
EmissionActivityRatio,BAU,RD,AG_LEG,,CO2e_AFOLU,1,2036,,,,,,0.8557
EmissionActivityRatio,BAU,RD,AG_LEG,,CO2e_AFOLU,1,2037,,,,,,0.8557
EmissionActivityRatio,BAU,RD,AG_LEG,,CO2e_AFOLU,1,2038,,,,,,0.8557
EmissionActivityRatio,BAU,RD,AG_LEG,,CO2e_AFOLU,1,2039,,,,,,0.8557
EmissionActivityRatio,BAU,RD,AG_LEG,,CO2e_AFOLU,1,2040,,,,,,0.8557
EmissionActivityRatio,BAU,RD,AG_LEG,,CO2e_AFOLU,1,2041,,,,,,0.8557
EmissionActivityRatio,BAU,RD,AG_LEG,,CO2e_AFOLU,1,2042,,,,,,0.8557
EmissionActivityRatio,BAU,RD,AG_LEG,,CO2e_AFOLU,1,2043,,,,,,0.8557
EmissionActivityRatio,BAU,RD,AG_LEG,,CO2e_AFOLU,1,2044,,,,,,0.8557
EmissionActivityRatio,BAU,RD,AG_LEG,,CO2e_AFOLU,1,2045,,,,,,0.8557
EmissionActivityRatio,BAU,RD,AG_LEG,,CO2e_AFOLU,1,2046,,,,,,0.8557
EmissionActivityRatio,BAU,RD,AG_LEG,,CO2e_AFOLU,1,2047,,,,,,0.8557
EmissionActivityRatio,BAU,RD,AG_LEG,,CO2e_AFOLU,1,2048,,,,,,0.8557
EmissionActivityRatio,BAU,RD,AG_LEG,,CO2e_AFOLU,1,2049,,,,,,0.8557
EmissionActivityRatio,BAU,RD,AG_LEG,,CO2e_AFOLU,1,2050,,,,,,0.8557
EmissionActivityRatio,BAU,RD,AG_ROT,,CO2e_AFOLU,1,2018,,,,,,1.088
EmissionActivityRatio,BAU,RD,AG_ROT,,CO2e_AFOLU,1,2019,,,,,,1.0779
EmissionActivityRatio,BAU,RD,AG_ROT,,CO2e_AFOLU,1,2020,,,,,,1.1542
EmissionActivityRatio,BAU,RD,AG_ROT,,CO2e_AFOLU,1,2021,,,,,,1.0571
EmissionActivityRatio,BAU,RD,AG_ROT,,CO2e_AFOLU,1,2022,,,,,,1.0281
EmissionActivityRatio,BAU,RD,AG_ROT,,CO2e_AFOLU,1,2023,,,,,,1.0811
EmissionActivityRatio,BAU,RD,AG_ROT,,CO2e_AFOLU,1,2024,,,,,,1.0811
EmissionActivityRatio,BAU,RD,AG_ROT,,CO2e_AFOLU,1,2025,,,,,,1.0811
EmissionActivityRatio,BAU,RD,AG_ROT,,CO2e_AFOLU,1,2026,,,,,,1.0811
EmissionActivityRatio,BAU,RD,AG_ROT,,CO2e_AFOLU,1,2027,,,,,,1.0811
EmissionActivityRatio,BAU,RD,AG_ROT,,CO2e_AFOLU,1,2028,,,,,,1.0811
EmissionActivityRatio,BAU,RD,AG_ROT,,CO2e_AFOLU,1,2029,,,,,,1.0811
EmissionActivityRatio,BAU,RD,AG_ROT,,CO2e_AFOLU,1,2030,,,,,,1.0811
EmissionActivityRatio,BAU,RD,AG_ROT,,CO2e_AFOLU,1,2031,,,,,,1.0811
EmissionActivityRatio,BAU,RD,AG_ROT,,CO2e_AFOLU,1,2032,,,,,,1.0811
EmissionActivityRatio,BAU,RD,AG_ROT,,CO2e_AFOLU,1,2033,,,,,,1.0811
EmissionActivityRatio,BAU,RD,AG_ROT,,CO2e_AFOLU,1,2034,,,,,,1.0811
EmissionActivityRatio,BAU,RD,AG_ROT,,CO2e_AFOLU,1,2035,,,,,,1.0811
EmissionActivityRatio,BAU,RD,AG_ROT,,CO2e_AFOLU,1,2036,,,,,,1.0811
EmissionActivityRatio,BAU,RD,AG_ROT,,CO2e_AFOLU,1,2037,,,,,,1.0811
EmissionActivityRatio,BAU,RD,AG_ROT,,CO2e_AFOLU,1,2038,,,,,,1.0811
EmissionActivityRatio,BAU,RD,AG_ROT,,CO2e_AFOLU,1,2039,,,,,,1.0811
EmissionActivityRatio,BAU,RD,AG_ROT,,CO2e_AFOLU,1,2040,,,,,,1.0811
EmissionActivityRatio,BAU,RD,AG_ROT,,CO2e_AFOLU,1,2041,,,,,,1.0811
EmissionActivityRatio,BAU,RD,AG_ROT,,CO2e_AFOLU,1,2042,,,,,,1.0811
EmissionActivityRatio,BAU,RD,AG_ROT,,CO2e_AFOLU,1,2043,,,,,,1.0811
EmissionActivityRatio,BAU,RD,AG_ROT,,CO2e_AFOLU,1,2044,,,,,,1.0811
EmissionActivityRatio,BAU,RD,AG_ROT,,CO2e_AFOLU,1,2045,,,,,,1.0811
EmissionActivityRatio,BAU,RD,AG_ROT,,CO2e_AFOLU,1,2046,,,,,,1.0811
EmissionActivityRatio,BAU,RD,AG_ROT,,CO2e_AFOLU,1,2047,,,,,,1.0811
EmissionActivityRatio,BAU,RD,AG_ROT,,CO2e_AFOLU,1,2048,,,,,,1.0811
EmissionActivityRatio,BAU,RD,AG_ROT,,CO2e_AFOLU,1,2049,,,,,,1.0811
EmissionActivityRatio,BAU,RD,AG_ROT,,CO2e_AFOLU,1,2050,,,,,,1.0811
EmissionActivityRatio,BAU,RD,AG_FRT,,CO2e_AFOLU,1,2018,,,,,,2.1786
EmissionActivityRatio,BAU,RD,AG_FRT,,CO2e_AFOLU,1,2019,,,,,,1.7122
EmissionActivityRatio,BAU,RD,AG_FRT,,CO2e_AFOLU,1,2020,,,,,,1.7431
EmissionActivityRatio,BAU,RD,AG_FRT,,CO2e_AFOLU,1,2021,,,,,,1.7256
EmissionActivityRatio,BAU,RD,AG_FRT,,CO2e_AFOLU,1,2022,,,,,,1.6782
EmissionActivityRatio,BAU,RD,AG_FRT,,CO2e_AFOLU,1,2023,,,,,,1.8076
EmissionActivityRatio,BAU,RD,AG_FRT,,CO2e_AFOLU,1,2024,,,,,,1.8076
EmissionActivityRatio,BAU,RD,AG_FRT,,CO2e_AFOLU,1,2025,,,,,,1.8076
EmissionActivityRatio,BAU,RD,AG_FRT,,CO2e_AFOLU,1,2026,,,,,,1.8076
EmissionActivityRatio,BAU,RD,AG_FRT,,CO2e_AFOLU,1,2027,,,,,,1.8076
EmissionActivityRatio,BAU,RD,AG_FRT,,CO2e_AFOLU,1,2028,,,,,,1.8076
EmissionActivityRatio,BAU,RD,AG_FRT,,CO2e_AFOLU,1,2029,,,,,,1.8076
EmissionActivityRatio,BAU,RD,AG_FRT,,CO2e_AFOLU,1,2030,,,,,,1.8076
EmissionActivityRatio,BAU,RD,AG_FRT,,CO2e_AFOLU,1,2031,,,,,,1.8076
EmissionActivityRatio,BAU,RD,AG_FRT,,CO2e_AFOLU,1,2032,,,,,,1.8076
EmissionActivityRatio,BAU,RD,AG_FRT,,CO2e_AFOLU,1,2033,,,,,,1.8076
EmissionActivityRatio,BAU,RD,AG_FRT,,CO2e_AFOLU,1,2034,,,,,,1.8076
EmissionActivityRatio,BAU,RD,AG_FRT,,CO2e_AFOLU,1,2035,,,,,,1.8076
EmissionActivityRatio,BAU,RD,AG_FRT,,CO2e_AFOLU,1,2036,,,,,,1.8076
EmissionActivityRatio,BAU,RD,AG_FRT,,CO2e_AFOLU,1,2037,,,,,,1.8076
EmissionActivityRatio,BAU,RD,AG_FRT,,CO2e_AFOLU,1,2038,,,,,,1.8076
EmissionActivityRatio,BAU,RD,AG_FRT,,CO2e_AFOLU,1,2039,,,,,,1.8076
EmissionActivityRatio,BAU,RD,AG_FRT,,CO2e_AFOLU,1,2040,,,,,,1.8076
EmissionActivityRatio,BAU,RD,AG_FRT,,CO2e_AFOLU,1,2041,,,,,,1.8076
EmissionActivityRatio,BAU,RD,AG_FRT,,CO2e_AFOLU,1,2042,,,,,,1.8076
EmissionActivityRatio,BAU,RD,AG_FRT,,CO2e_AFOLU,1,2043,,,,,,1.8076
EmissionActivityRatio,BAU,RD,AG_FRT,,CO2e_AFOLU,1,2044,,,,,,1.8076
EmissionActivityRatio,BAU,RD,AG_FRT,,CO2e_AFOLU,1,2045,,,,,,1.8076
EmissionActivityRatio,BAU,RD,AG_FRT,,CO2e_AFOLU,1,2046,,,,,,1.8076
EmissionActivityRatio,BAU,RD,AG_FRT,,CO2e_AFOLU,1,2047,,,,,,1.8076
EmissionActivityRatio,BAU,RD,AG_FRT,,CO2e_AFOLU,1,2048,,,,,,1.8076
EmissionActivityRatio,BAU,RD,AG_FRT,,CO2e_AFOLU,1,2049,,,,,,1.8076
EmissionActivityRatio,BAU,RD,AG_FRT,,CO2e_AFOLU,1,2050,,,,,,1.8076
EmissionActivityRatio,BAU,RD,AGR_CER,,CO2e_AFOLU,1,2018,,,,,,7.2004
EmissionActivityRatio,BAU,RD,AGR_CER,,CO2e_AFOLU,1,2019,,,,,,7.5028
EmissionActivityRatio,BAU,RD,AGR_CER,,CO2e_AFOLU,1,2020,,,,,,7.2232
EmissionActivityRatio,BAU,RD,AGR_CER,,CO2e_AFOLU,1,2021,,,,,,7.1698
EmissionActivityRatio,BAU,RD,AGR_CER,,CO2e_AFOLU,1,2022,,,,,,6.9729
EmissionActivityRatio,BAU,RD,AGR_CER,,CO2e_AFOLU,1,2023,,,,,,7.2138
EmissionActivityRatio,BAU,RD,AGR_CER,,CO2e_AFOLU,1,2024,,,,,,7.2138
EmissionActivityRatio,BAU,RD,AGR_CER,,CO2e_AFOLU,1,2025,,,,,,7.2138
EmissionActivityRatio,BAU,RD,AGR_CER,,CO2e_AFOLU,1,2026,,,,,,7.2138
EmissionActivityRatio,BAU,RD,AGR_CER,,CO2e_AFOLU,1,2027,,,,,,7.2138
EmissionActivityRatio,BAU,RD,AGR_CER,,CO2e_AFOLU,1,2028,,,,,,7.2138
EmissionActivityRatio,BAU,RD,AGR_CER,,CO2e_AFOLU,1,2029,,,,,,7.2138
EmissionActivityRatio,BAU,RD,AGR_CER,,CO2e_AFOLU,1,2030,,,,,,7.2138
EmissionActivityRatio,BAU,RD,AGR_CER,,CO2e_AFOLU,1,2031,,,,,,7.2138
EmissionActivityRatio,BAU,RD,AGR_CER,,CO2e_AFOLU,1,2032,,,,,,7.2138
EmissionActivityRatio,BAU,RD,AGR_CER,,CO2e_AFOLU,1,2033,,,,,,7.2138
EmissionActivityRatio,BAU,RD,AGR_CER,,CO2e_AFOLU,1,2034,,,,,,7.2138
EmissionActivityRatio,BAU,RD,AGR_CER,,CO2e_AFOLU,1,2035,,,,,,7.2138
EmissionActivityRatio,BAU,RD,AGR_CER,,CO2e_AFOLU,1,2036,,,,,,7.2138
EmissionActivityRatio,BAU,RD,AGR_CER,,CO2e_AFOLU,1,2037,,,,,,7.2138
EmissionActivityRatio,BAU,RD,AGR_CER,,CO2e_AFOLU,1,2038,,,,,,7.2138
EmissionActivityRatio,BAU,RD,AGR_CER,,CO2e_AFOLU,1,2039,,,,,,7.2138
EmissionActivityRatio,BAU,RD,AGR_CER,,CO2e_AFOLU,1,2040,,,,,,7.2138
EmissionActivityRatio,BAU,RD,AGR_CER,,CO2e_AFOLU,1,2041,,,,,,7.2138
EmissionActivityRatio,BAU,RD,AGR_CER,,CO2e_AFOLU,1,2042,,,,,,7.2138
EmissionActivityRatio,BAU,RD,AGR_CER,,CO2e_AFOLU,1,2043,,,,,,7.2138
EmissionActivityRatio,BAU,RD,AGR_CER,,CO2e_AFOLU,1,2044,,,,,,7.2138
EmissionActivityRatio,BAU,RD,AGR_CER,,CO2e_AFOLU,1,2045,,,,,,7.2138
EmissionActivityRatio,BAU,RD,AGR_CER,,CO2e_AFOLU,1,2046,,,,,,7.2138
EmissionActivityRatio,BAU,RD,AGR_CER,,CO2e_AFOLU,1,2047,,,,,,7.2138
EmissionActivityRatio,BAU,RD,AGR_CER,,CO2e_AFOLU,1,2048,,,,,,7.2138
EmissionActivityRatio,BAU,RD,AGR_CER,,CO2e_AFOLU,1,2049,,,,,,7.2138
EmissionActivityRatio,BAU,RD,AGR_CER,,CO2e_AFOLU,1,2050,,,,,,7.2138
EmissionActivityRatio,BAU,RD,AG_TRVEG,,CO2e_AFOLU,1,2018,,,,,,1.4187
EmissionActivityRatio,BAU,RD,AG_TRVEG,,CO2e_AFOLU,1,2019,,,,,,1.2146
EmissionActivityRatio,BAU,RD,AG_TRVEG,,CO2e_AFOLU,1,2020,,,,,,1.2228
EmissionActivityRatio,BAU,RD,AG_TRVEG,,CO2e_AFOLU,1,2021,,,,,,1.1307
EmissionActivityRatio,BAU,RD,AG_TRVEG,,CO2e_AFOLU,1,2022,,,,,,1.0996
EmissionActivityRatio,BAU,RD,AG_TRVEG,,CO2e_AFOLU,1,2023,,,,,,1.2173
EmissionActivityRatio,BAU,RD,AG_TRVEG,,CO2e_AFOLU,1,2024,,,,,,1.2173
EmissionActivityRatio,BAU,RD,AG_TRVEG,,CO2e_AFOLU,1,2025,,,,,,1.2173
EmissionActivityRatio,BAU,RD,AG_TRVEG,,CO2e_AFOLU,1,2026,,,,,,1.2173
EmissionActivityRatio,BAU,RD,AG_TRVEG,,CO2e_AFOLU,1,2027,,,,,,1.2173
EmissionActivityRatio,BAU,RD,AG_TRVEG,,CO2e_AFOLU,1,2028,,,,,,1.2173
EmissionActivityRatio,BAU,RD,AG_TRVEG,,CO2e_AFOLU,1,2029,,,,,,1.2173
EmissionActivityRatio,BAU,RD,AG_TRVEG,,CO2e_AFOLU,1,2030,,,,,,1.2173
EmissionActivityRatio,BAU,RD,AG_TRVEG,,CO2e_AFOLU,1,2031,,,,,,1.2173
EmissionActivityRatio,BAU,RD,AG_TRVEG,,CO2e_AFOLU,1,2032,,,,,,1.2173
EmissionActivityRatio,BAU,RD,AG_TRVEG,,CO2e_AFOLU,1,2033,,,,,,1.2173
EmissionActivityRatio,BAU,RD,AG_TRVEG,,CO2e_AFOLU,1,2034,,,,,,1.2173
EmissionActivityRatio,BAU,RD,AG_TRVEG,,CO2e_AFOLU,1,2035,,,,,,1.2173
EmissionActivityRatio,BAU,RD,AG_TRVEG,,CO2e_AFOLU,1,2036,,,,,,1.2173
EmissionActivityRatio,BAU,RD,AG_TRVEG,,CO2e_AFOLU,1,2037,,,,,,1.2173
EmissionActivityRatio,BAU,RD,AG_TRVEG,,CO2e_AFOLU,1,2038,,,,,,1.2173
EmissionActivityRatio,BAU,RD,AG_TRVEG,,CO2e_AFOLU,1,2039,,,,,,1.2173
EmissionActivityRatio,BAU,RD,AG_TRVEG,,CO2e_AFOLU,1,2040,,,,,,1.2173
EmissionActivityRatio,BAU,RD,AG_TRVEG,,CO2e_AFOLU,1,2041,,,,,,1.2173
EmissionActivityRatio,BAU,RD,AG_TRVEG,,CO2e_AFOLU,1,2042,,,,,,1.2173
EmissionActivityRatio,BAU,RD,AG_TRVEG,,CO2e_AFOLU,1,2043,,,,,,1.2173
EmissionActivityRatio,BAU,RD,AG_TRVEG,,CO2e_AFOLU,1,2044,,,,,,1.2173
EmissionActivityRatio,BAU,RD,AG_TRVEG,,CO2e_AFOLU,1,2045,,,,,,1.2173
EmissionActivityRatio,BAU,RD,AG_TRVEG,,CO2e_AFOLU,1,2046,,,,,,1.2173
EmissionActivityRatio,BAU,RD,AG_TRVEG,,CO2e_AFOLU,1,2047,,,,,,1.2173
EmissionActivityRatio,BAU,RD,AG_TRVEG,,CO2e_AFOLU,1,2048,,,,,,1.2173
EmissionActivityRatio,BAU,RD,AG_TRVEG,,CO2e_AFOLU,1,2049,,,,,,1.2173
EmissionActivityRatio,BAU,RD,AG_TRVEG,,CO2e_AFOLU,1,2050,,,,,,1.2173
EmissionActivityRatio,BAU,RD,AGR_OTP,,CO2e_AFOLU,1,2018,,,,,,0.6007
EmissionActivityRatio,BAU,RD,AGR_OTP,,CO2e_AFOLU,1,2019,,,,,,0.6137
EmissionActivityRatio,BAU,RD,AGR_OTP,,CO2e_AFOLU,1,2020,,,,,,0.5629
EmissionActivityRatio,BAU,RD,AGR_OTP,,CO2e_AFOLU,1,2021,,,,,,0.5385
EmissionActivityRatio,BAU,RD,AGR_OTP,,CO2e_AFOLU,1,2022,,,,,,0.4918
EmissionActivityRatio,BAU,RD,AGR_OTP,,CO2e_AFOLU,1,2023,,,,,,0.5615
EmissionActivityRatio,BAU,RD,AGR_OTP,,CO2e_AFOLU,1,2024,,,,,,0.5615
EmissionActivityRatio,BAU,RD,AGR_OTP,,CO2e_AFOLU,1,2025,,,,,,0.5615
EmissionActivityRatio,BAU,RD,AGR_OTP,,CO2e_AFOLU,1,2026,,,,,,0.5615
EmissionActivityRatio,BAU,RD,AGR_OTP,,CO2e_AFOLU,1,2027,,,,,,0.5615
EmissionActivityRatio,BAU,RD,AGR_OTP,,CO2e_AFOLU,1,2028,,,,,,0.5615
EmissionActivityRatio,BAU,RD,AGR_OTP,,CO2e_AFOLU,1,2029,,,,,,0.5615
EmissionActivityRatio,BAU,RD,AGR_OTP,,CO2e_AFOLU,1,2030,,,,,,0.5615
EmissionActivityRatio,BAU,RD,AGR_OTP,,CO2e_AFOLU,1,2031,,,,,,0.5615
EmissionActivityRatio,BAU,RD,AGR_OTP,,CO2e_AFOLU,1,2032,,,,,,0.5615
EmissionActivityRatio,BAU,RD,AGR_OTP,,CO2e_AFOLU,1,2033,,,,,,0.5615
EmissionActivityRatio,BAU,RD,AGR_OTP,,CO2e_AFOLU,1,2034,,,,,,0.5615
EmissionActivityRatio,BAU,RD,AGR_OTP,,CO2e_AFOLU,1,2035,,,,,,0.5615
EmissionActivityRatio,BAU,RD,AGR_OTP,,CO2e_AFOLU,1,2036,,,,,,0.5615
EmissionActivityRatio,BAU,RD,AGR_OTP,,CO2e_AFOLU,1,2037,,,,,,0.5615
EmissionActivityRatio,BAU,RD,AGR_OTP,,CO2e_AFOLU,1,2038,,,,,,0.5615
EmissionActivityRatio,BAU,RD,AGR_OTP,,CO2e_AFOLU,1,2039,,,,,,0.5615
EmissionActivityRatio,BAU,RD,AGR_OTP,,CO2e_AFOLU,1,2040,,,,,,0.5615
EmissionActivityRatio,BAU,RD,AGR_OTP,,CO2e_AFOLU,1,2041,,,,,,0.5615
EmissionActivityRatio,BAU,RD,AGR_OTP,,CO2e_AFOLU,1,2042,,,,,,0.5615
EmissionActivityRatio,BAU,RD,AGR_OTP,,CO2e_AFOLU,1,2043,,,,,,0.5615
EmissionActivityRatio,BAU,RD,AGR_OTP,,CO2e_AFOLU,1,2044,,,,,,0.5615
EmissionActivityRatio,BAU,RD,AGR_OTP,,CO2e_AFOLU,1,2045,,,,,,0.5615
EmissionActivityRatio,BAU,RD,AGR_OTP,,CO2e_AFOLU,1,2046,,,,,,0.5615
EmissionActivityRatio,BAU,RD,AGR_OTP,,CO2e_AFOLU,1,2047,,,,,,0.5615
EmissionActivityRatio,BAU,RD,AGR_OTP,,CO2e_AFOLU,1,2048,,,,,,0.5615
EmissionActivityRatio,BAU,RD,AGR_OTP,,CO2e_AFOLU,1,2049,,,,,,0.5615
EmissionActivityRatio,BAU,RD,AGR_OTP,,CO2e_AFOLU,1,2050,,,,,,0.5615
EmissionActivityRatio,BAU,RD,LU_AGR,,CO2e_AFOLU,1,2018,,,,,,0.5805
EmissionActivityRatio,BAU,RD,LU_AGR,,CO2e_AFOLU,1,2019,,,,,,0.5805
EmissionActivityRatio,BAU,RD,LU_AGR,,CO2e_AFOLU,1,2020,,,,,,0.6336
EmissionActivityRatio,BAU,RD,LU_AGR,,CO2e_AFOLU,1,2021,,,,,,0.6168
EmissionActivityRatio,BAU,RD,LU_AGR,,CO2e_AFOLU,1,2022,,,,,,0.6159
EmissionActivityRatio,BAU,RD,LU_AGR,,CO2e_AFOLU,1,2023,,,,,,0.6055
EmissionActivityRatio,BAU,RD,LU_AGR,,CO2e_AFOLU,1,2024,,,,,,0.6055
EmissionActivityRatio,BAU,RD,LU_AGR,,CO2e_AFOLU,1,2025,,,,,,0.6055
EmissionActivityRatio,BAU,RD,LU_AGR,,CO2e_AFOLU,1,2026,,,,,,0.6055
EmissionActivityRatio,BAU,RD,LU_AGR,,CO2e_AFOLU,1,2027,,,,,,0.6055
EmissionActivityRatio,BAU,RD,LU_AGR,,CO2e_AFOLU,1,2028,,,,,,0.6055
EmissionActivityRatio,BAU,RD,LU_AGR,,CO2e_AFOLU,1,2029,,,,,,0.6055
EmissionActivityRatio,BAU,RD,LU_AGR,,CO2e_AFOLU,1,2030,,,,,,0.6055
EmissionActivityRatio,BAU,RD,LU_AGR,,CO2e_AFOLU,1,2031,,,,,,0.6055
EmissionActivityRatio,BAU,RD,LU_AGR,,CO2e_AFOLU,1,2032,,,,,,0.6055
EmissionActivityRatio,BAU,RD,LU_AGR,,CO2e_AFOLU,1,2033,,,,,,0.6055
EmissionActivityRatio,BAU,RD,LU_AGR,,CO2e_AFOLU,1,2034,,,,,,0.6055
EmissionActivityRatio,BAU,RD,LU_AGR,,CO2e_AFOLU,1,2035,,,,,,0.6055
EmissionActivityRatio,BAU,RD,LU_AGR,,CO2e_AFOLU,1,2036,,,,,,0.6055
EmissionActivityRatio,BAU,RD,LU_AGR,,CO2e_AFOLU,1,2037,,,,,,0.6055
EmissionActivityRatio,BAU,RD,LU_AGR,,CO2e_AFOLU,1,2038,,,,,,0.6055
EmissionActivityRatio,BAU,RD,LU_AGR,,CO2e_AFOLU,1,2039,,,,,,0.6055
EmissionActivityRatio,BAU,RD,LU_AGR,,CO2e_AFOLU,1,2040,,,,,,0.6055
EmissionActivityRatio,BAU,RD,LU_AGR,,CO2e_AFOLU,1,2041,,,,,,0.6055
EmissionActivityRatio,BAU,RD,LU_AGR,,CO2e_AFOLU,1,2042,,,,,,0.6055
EmissionActivityRatio,BAU,RD,LU_AGR,,CO2e_AFOLU,1,2043,,,,,,0.6055
EmissionActivityRatio,BAU,RD,LU_AGR,,CO2e_AFOLU,1,2044,,,,,,0.6055
EmissionActivityRatio,BAU,RD,LU_AGR,,CO2e_AFOLU,1,2045,,,,,,0.6055
EmissionActivityRatio,BAU,RD,LU_AGR,,CO2e_AFOLU,1,2046,,,,,,0.6055
EmissionActivityRatio,BAU,RD,LU_AGR,,CO2e_AFOLU,1,2047,,,,,,0.6055
EmissionActivityRatio,BAU,RD,LU_AGR,,CO2e_AFOLU,1,2048,,,,,,0.6055
EmissionActivityRatio,BAU,RD,LU_AGR,,CO2e_AFOLU,1,2049,,,,,,0.6055
EmissionActivityRatio,BAU,RD,LU_AGR,,CO2e_AFOLU,1,2050,,,,,,0.6055
EmissionActivityRatio,BAU,RD,GA_LEC,,CO2e_AFOLU,1,2018,,,,,,2.5045
EmissionActivityRatio,BAU,RD,GA_LEC,,CO2e_AFOLU,1,2019,,,,,,2.5045
EmissionActivityRatio,BAU,RD,GA_LEC,,CO2e_AFOLU,1,2020,,,,,,2.5045
EmissionActivityRatio,BAU,RD,GA_LEC,,CO2e_AFOLU,1,2021,,,,,,2.3113
EmissionActivityRatio,BAU,RD,GA_LEC,,CO2e_AFOLU,1,2022,,,,,,2.3377
EmissionActivityRatio,BAU,RD,GA_LEC,,CO2e_AFOLU,1,2023,,,,,,2.4325
EmissionActivityRatio,BAU,RD,GA_LEC,,CO2e_AFOLU,1,2024,,,,,,2.4325
EmissionActivityRatio,BAU,RD,GA_LEC,,CO2e_AFOLU,1,2025,,,,,,2.4325
EmissionActivityRatio,BAU,RD,GA_LEC,,CO2e_AFOLU,1,2026,,,,,,2.4325
EmissionActivityRatio,BAU,RD,GA_LEC,,CO2e_AFOLU,1,2027,,,,,,2.4325
EmissionActivityRatio,BAU,RD,GA_LEC,,CO2e_AFOLU,1,2028,,,,,,2.4325
EmissionActivityRatio,BAU,RD,GA_LEC,,CO2e_AFOLU,1,2029,,,,,,2.4325
EmissionActivityRatio,BAU,RD,GA_LEC,,CO2e_AFOLU,1,2030,,,,,,2.4325
EmissionActivityRatio,BAU,RD,GA_LEC,,CO2e_AFOLU,1,2031,,,,,,2.4325
EmissionActivityRatio,BAU,RD,GA_LEC,,CO2e_AFOLU,1,2032,,,,,,2.4325
EmissionActivityRatio,BAU,RD,GA_LEC,,CO2e_AFOLU,1,2033,,,,,,2.4325
EmissionActivityRatio,BAU,RD,GA_LEC,,CO2e_AFOLU,1,2034,,,,,,2.4325
EmissionActivityRatio,BAU,RD,GA_LEC,,CO2e_AFOLU,1,2035,,,,,,2.4325
EmissionActivityRatio,BAU,RD,GA_LEC,,CO2e_AFOLU,1,2036,,,,,,2.4325
EmissionActivityRatio,BAU,RD,GA_LEC,,CO2e_AFOLU,1,2037,,,,,,2.4325
EmissionActivityRatio,BAU,RD,GA_LEC,,CO2e_AFOLU,1,2038,,,,,,2.4325
EmissionActivityRatio,BAU,RD,GA_LEC,,CO2e_AFOLU,1,2039,,,,,,2.4325
EmissionActivityRatio,BAU,RD,GA_LEC,,CO2e_AFOLU,1,2040,,,,,,2.4325
EmissionActivityRatio,BAU,RD,GA_LEC,,CO2e_AFOLU,1,2041,,,,,,2.4325
EmissionActivityRatio,BAU,RD,GA_LEC,,CO2e_AFOLU,1,2042,,,,,,2.4325
EmissionActivityRatio,BAU,RD,GA_LEC,,CO2e_AFOLU,1,2043,,,,,,2.4325
EmissionActivityRatio,BAU,RD,GA_LEC,,CO2e_AFOLU,1,2044,,,,,,2.4325
EmissionActivityRatio,BAU,RD,GA_LEC,,CO2e_AFOLU,1,2045,,,,,,2.4325
EmissionActivityRatio,BAU,RD,GA_LEC,,CO2e_AFOLU,1,2046,,,,,,2.4325
EmissionActivityRatio,BAU,RD,GA_LEC,,CO2e_AFOLU,1,2047,,,,,,2.4325
EmissionActivityRatio,BAU,RD,GA_LEC,,CO2e_AFOLU,1,2048,,,,,,2.4325
EmissionActivityRatio,BAU,RD,GA_LEC,,CO2e_AFOLU,1,2049,,,,,,2.4325
EmissionActivityRatio,BAU,RD,GA_LEC,,CO2e_AFOLU,1,2050,,,,,,2.4325
EmissionActivityRatio,BAU,RD,GA_CARBOV,,CO2e_AFOLU,1,2018,,,,,,9.4982
EmissionActivityRatio,BAU,RD,GA_CARBOV,,CO2e_AFOLU,1,2019,,,,,,9.4982
EmissionActivityRatio,BAU,RD,GA_CARBOV,,CO2e_AFOLU,1,2020,,,,,,9.4982
EmissionActivityRatio,BAU,RD,GA_CARBOV,,CO2e_AFOLU,1,2021,,,,,,9.5595
EmissionActivityRatio,BAU,RD,GA_CARBOV,,CO2e_AFOLU,1,2022,,,,,,9.4521
EmissionActivityRatio,BAU,RD,GA_CARBOV,,CO2e_AFOLU,1,2023,,,,,,9.5012
EmissionActivityRatio,BAU,RD,GA_CARBOV,,CO2e_AFOLU,1,2024,,,,,,9.5012
EmissionActivityRatio,BAU,RD,GA_CARBOV,,CO2e_AFOLU,1,2025,,,,,,9.5012
EmissionActivityRatio,BAU,RD,GA_CARBOV,,CO2e_AFOLU,1,2026,,,,,,9.5012
EmissionActivityRatio,BAU,RD,GA_CARBOV,,CO2e_AFOLU,1,2027,,,,,,9.5012
EmissionActivityRatio,BAU,RD,GA_CARBOV,,CO2e_AFOLU,1,2028,,,,,,9.5012
EmissionActivityRatio,BAU,RD,GA_CARBOV,,CO2e_AFOLU,1,2029,,,,,,9.5012
EmissionActivityRatio,BAU,RD,GA_CARBOV,,CO2e_AFOLU,1,2030,,,,,,9.5012
EmissionActivityRatio,BAU,RD,GA_CARBOV,,CO2e_AFOLU,1,2031,,,,,,9.5012
EmissionActivityRatio,BAU,RD,GA_CARBOV,,CO2e_AFOLU,1,2032,,,,,,9.5012
EmissionActivityRatio,BAU,RD,GA_CARBOV,,CO2e_AFOLU,1,2033,,,,,,9.5012
EmissionActivityRatio,BAU,RD,GA_CARBOV,,CO2e_AFOLU,1,2034,,,,,,9.5012
EmissionActivityRatio,BAU,RD,GA_CARBOV,,CO2e_AFOLU,1,2035,,,,,,9.5012
EmissionActivityRatio,BAU,RD,GA_CARBOV,,CO2e_AFOLU,1,2036,,,,,,9.5012
EmissionActivityRatio,BAU,RD,GA_CARBOV,,CO2e_AFOLU,1,2037,,,,,,9.5012
EmissionActivityRatio,BAU,RD,GA_CARBOV,,CO2e_AFOLU,1,2038,,,,,,9.5012
EmissionActivityRatio,BAU,RD,GA_CARBOV,,CO2e_AFOLU,1,2039,,,,,,9.5012
EmissionActivityRatio,BAU,RD,GA_CARBOV,,CO2e_AFOLU,1,2040,,,,,,9.5012
EmissionActivityRatio,BAU,RD,GA_CARBOV,,CO2e_AFOLU,1,2041,,,,,,9.5012
EmissionActivityRatio,BAU,RD,GA_CARBOV,,CO2e_AFOLU,1,2042,,,,,,9.5012
EmissionActivityRatio,BAU,RD,GA_CARBOV,,CO2e_AFOLU,1,2043,,,,,,9.5012
EmissionActivityRatio,BAU,RD,GA_CARBOV,,CO2e_AFOLU,1,2044,,,,,,9.5012
EmissionActivityRatio,BAU,RD,GA_CARBOV,,CO2e_AFOLU,1,2045,,,,,,9.5012
EmissionActivityRatio,BAU,RD,GA_CARBOV,,CO2e_AFOLU,1,2046,,,,,,9.5012
EmissionActivityRatio,BAU,RD,GA_CARBOV,,CO2e_AFOLU,1,2047,,,,,,9.5012
EmissionActivityRatio,BAU,RD,GA_CARBOV,,CO2e_AFOLU,1,2048,,,,,,9.5012
EmissionActivityRatio,BAU,RD,GA_CARBOV,,CO2e_AFOLU,1,2049,,,,,,9.5012
EmissionActivityRatio,BAU,RD,GA_CARBOV,,CO2e_AFOLU,1,2050,,,,,,9.5012
EmissionActivityRatio,BAU,RD,GA_CARPOR,,CO2e_AFOLU,1,2018,,,,,,2.4977
EmissionActivityRatio,BAU,RD,GA_CARPOR,,CO2e_AFOLU,1,2019,,,,,,2.4977
EmissionActivityRatio,BAU,RD,GA_CARPOR,,CO2e_AFOLU,1,2020,,,,,,2.4977
EmissionActivityRatio,BAU,RD,GA_CARPOR,,CO2e_AFOLU,1,2021,,,,,,2.3089
EmissionActivityRatio,BAU,RD,GA_CARPOR,,CO2e_AFOLU,1,2022,,,,,,2.1674
EmissionActivityRatio,BAU,RD,GA_CARPOR,,CO2e_AFOLU,1,2023,,,,,,2.3939
EmissionActivityRatio,BAU,RD,GA_CARPOR,,CO2e_AFOLU,1,2024,,,,,,2.3939
EmissionActivityRatio,BAU,RD,GA_CARPOR,,CO2e_AFOLU,1,2025,,,,,,2.3939
EmissionActivityRatio,BAU,RD,GA_CARPOR,,CO2e_AFOLU,1,2026,,,,,,2.3939
EmissionActivityRatio,BAU,RD,GA_CARPOR,,CO2e_AFOLU,1,2027,,,,,,2.3939
EmissionActivityRatio,BAU,RD,GA_CARPOR,,CO2e_AFOLU,1,2028,,,,,,2.3939
EmissionActivityRatio,BAU,RD,GA_CARPOR,,CO2e_AFOLU,1,2029,,,,,,2.3939
EmissionActivityRatio,BAU,RD,GA_CARPOR,,CO2e_AFOLU,1,2030,,,,,,2.3939
EmissionActivityRatio,BAU,RD,GA_CARPOR,,CO2e_AFOLU,1,2031,,,,,,2.3939
EmissionActivityRatio,BAU,RD,GA_CARPOR,,CO2e_AFOLU,1,2032,,,,,,2.3939
EmissionActivityRatio,BAU,RD,GA_CARPOR,,CO2e_AFOLU,1,2033,,,,,,2.3939
EmissionActivityRatio,BAU,RD,GA_CARPOR,,CO2e_AFOLU,1,2034,,,,,,2.3939
EmissionActivityRatio,BAU,RD,GA_CARPOR,,CO2e_AFOLU,1,2035,,,,,,2.3939
EmissionActivityRatio,BAU,RD,GA_CARPOR,,CO2e_AFOLU,1,2036,,,,,,2.3939
EmissionActivityRatio,BAU,RD,GA_CARPOR,,CO2e_AFOLU,1,2037,,,,,,2.3939
EmissionActivityRatio,BAU,RD,GA_CARPOR,,CO2e_AFOLU,1,2038,,,,,,2.3939
EmissionActivityRatio,BAU,RD,GA_CARPOR,,CO2e_AFOLU,1,2039,,,,,,2.3939
EmissionActivityRatio,BAU,RD,GA_CARPOR,,CO2e_AFOLU,1,2040,,,,,,2.3939
EmissionActivityRatio,BAU,RD,GA_CARPOR,,CO2e_AFOLU,1,2041,,,,,,2.3939
EmissionActivityRatio,BAU,RD,GA_CARPOR,,CO2e_AFOLU,1,2042,,,,,,2.3939
EmissionActivityRatio,BAU,RD,GA_CARPOR,,CO2e_AFOLU,1,2043,,,,,,2.3939
EmissionActivityRatio,BAU,RD,GA_CARPOR,,CO2e_AFOLU,1,2044,,,,,,2.3939
EmissionActivityRatio,BAU,RD,GA_CARPOR,,CO2e_AFOLU,1,2045,,,,,,2.3939
EmissionActivityRatio,BAU,RD,GA_CARPOR,,CO2e_AFOLU,1,2046,,,,,,2.3939
EmissionActivityRatio,BAU,RD,GA_CARPOR,,CO2e_AFOLU,1,2047,,,,,,2.3939
EmissionActivityRatio,BAU,RD,GA_CARPOR,,CO2e_AFOLU,1,2048,,,,,,2.3939
EmissionActivityRatio,BAU,RD,GA_CARPOR,,CO2e_AFOLU,1,2049,,,,,,2.3939
EmissionActivityRatio,BAU,RD,GA_CARPOR,,CO2e_AFOLU,1,2050,,,,,,2.3939
EmissionActivityRatio,BAU,RD,GA_CARAVI,,CO2e_AFOLU,1,2018,,,,,,0.3409
EmissionActivityRatio,BAU,RD,GA_CARAVI,,CO2e_AFOLU,1,2019,,,,,,0.3409
EmissionActivityRatio,BAU,RD,GA_CARAVI,,CO2e_AFOLU,1,2020,,,,,,0.3409
EmissionActivityRatio,BAU,RD,GA_CARAVI,,CO2e_AFOLU,1,2021,,,,,,0.3978
EmissionActivityRatio,BAU,RD,GA_CARAVI,,CO2e_AFOLU,1,2022,,,,,,0.4087
EmissionActivityRatio,BAU,RD,GA_CARAVI,,CO2e_AFOLU,1,2023,,,,,,0.3658
EmissionActivityRatio,BAU,RD,GA_CARAVI,,CO2e_AFOLU,1,2024,,,,,,0.3658
EmissionActivityRatio,BAU,RD,GA_CARAVI,,CO2e_AFOLU,1,2025,,,,,,0.3658
EmissionActivityRatio,BAU,RD,GA_CARAVI,,CO2e_AFOLU,1,2026,,,,,,0.3658
EmissionActivityRatio,BAU,RD,GA_CARAVI,,CO2e_AFOLU,1,2027,,,,,,0.3658
EmissionActivityRatio,BAU,RD,GA_CARAVI,,CO2e_AFOLU,1,2028,,,,,,0.3658
EmissionActivityRatio,BAU,RD,GA_CARAVI,,CO2e_AFOLU,1,2029,,,,,,0.3658
EmissionActivityRatio,BAU,RD,GA_CARAVI,,CO2e_AFOLU,1,2030,,,,,,0.3658
EmissionActivityRatio,BAU,RD,GA_CARAVI,,CO2e_AFOLU,1,2031,,,,,,0.3658
EmissionActivityRatio,BAU,RD,GA_CARAVI,,CO2e_AFOLU,1,2032,,,,,,0.3658
EmissionActivityRatio,BAU,RD,GA_CARAVI,,CO2e_AFOLU,1,2033,,,,,,0.3658
EmissionActivityRatio,BAU,RD,GA_CARAVI,,CO2e_AFOLU,1,2034,,,,,,0.3658
EmissionActivityRatio,BAU,RD,GA_CARAVI,,CO2e_AFOLU,1,2035,,,,,,0.3658
EmissionActivityRatio,BAU,RD,GA_CARAVI,,CO2e_AFOLU,1,2036,,,,,,0.3658
EmissionActivityRatio,BAU,RD,GA_CARAVI,,CO2e_AFOLU,1,2037,,,,,,0.3658
EmissionActivityRatio,BAU,RD,GA_CARAVI,,CO2e_AFOLU,1,2038,,,,,,0.3658
EmissionActivityRatio,BAU,RD,GA_CARAVI,,CO2e_AFOLU,1,2039,,,,,,0.3658
EmissionActivityRatio,BAU,RD,GA_CARAVI,,CO2e_AFOLU,1,2040,,,,,,0.3658
EmissionActivityRatio,BAU,RD,GA_CARAVI,,CO2e_AFOLU,1,2041,,,,,,0.3658
EmissionActivityRatio,BAU,RD,GA_CARAVI,,CO2e_AFOLU,1,2042,,,,,,0.3658
EmissionActivityRatio,BAU,RD,GA_CARAVI,,CO2e_AFOLU,1,2043,,,,,,0.3658
EmissionActivityRatio,BAU,RD,GA_CARAVI,,CO2e_AFOLU,1,2044,,,,,,0.3658
EmissionActivityRatio,BAU,RD,GA_CARAVI,,CO2e_AFOLU,1,2045,,,,,,0.3658
EmissionActivityRatio,BAU,RD,GA_CARAVI,,CO2e_AFOLU,1,2046,,,,,,0.3658
EmissionActivityRatio,BAU,RD,GA_CARAVI,,CO2e_AFOLU,1,2047,,,,,,0.3658
EmissionActivityRatio,BAU,RD,GA_CARAVI,,CO2e_AFOLU,1,2048,,,,,,0.3658
EmissionActivityRatio,BAU,RD,GA_CARAVI,,CO2e_AFOLU,1,2049,,,,,,0.3658
EmissionActivityRatio,BAU,RD,GA_CARAVI,,CO2e_AFOLU,1,2050,,,,,,0.3658
EmissionActivityRatio,BAU,RD,GA_OTRCAR,,CO2e_AFOLU,1,2018,,,,,,8.4318
EmissionActivityRatio,BAU,RD,GA_OTRCAR,,CO2e_AFOLU,1,2019,,,,,,8.4318
EmissionActivityRatio,BAU,RD,GA_OTRCAR,,CO2e_AFOLU,1,2020,,,,,,8.4318
EmissionActivityRatio,BAU,RD,GA_OTRCAR,,CO2e_AFOLU,1,2021,,,,,,8.2756
EmissionActivityRatio,BAU,RD,GA_OTRCAR,,CO2e_AFOLU,1,2022,,,,,,8.113
EmissionActivityRatio,BAU,RD,GA_OTRCAR,,CO2e_AFOLU,1,2023,,,,,,8.3368
EmissionActivityRatio,BAU,RD,GA_OTRCAR,,CO2e_AFOLU,1,2024,,,,,,8.3368
EmissionActivityRatio,BAU,RD,GA_OTRCAR,,CO2e_AFOLU,1,2025,,,,,,8.3368
EmissionActivityRatio,BAU,RD,GA_OTRCAR,,CO2e_AFOLU,1,2026,,,,,,8.3368
EmissionActivityRatio,BAU,RD,GA_OTRCAR,,CO2e_AFOLU,1,2027,,,,,,8.3368
EmissionActivityRatio,BAU,RD,GA_OTRCAR,,CO2e_AFOLU,1,2028,,,,,,8.3368
EmissionActivityRatio,BAU,RD,GA_OTRCAR,,CO2e_AFOLU,1,2029,,,,,,8.3368
EmissionActivityRatio,BAU,RD,GA_OTRCAR,,CO2e_AFOLU,1,2030,,,,,,8.3368
EmissionActivityRatio,BAU,RD,GA_OTRCAR,,CO2e_AFOLU,1,2031,,,,,,8.3368
EmissionActivityRatio,BAU,RD,GA_OTRCAR,,CO2e_AFOLU,1,2032,,,,,,8.3368
EmissionActivityRatio,BAU,RD,GA_OTRCAR,,CO2e_AFOLU,1,2033,,,,,,8.3368
EmissionActivityRatio,BAU,RD,GA_OTRCAR,,CO2e_AFOLU,1,2034,,,,,,8.3368
EmissionActivityRatio,BAU,RD,GA_OTRCAR,,CO2e_AFOLU,1,2035,,,,,,8.3368
EmissionActivityRatio,BAU,RD,GA_OTRCAR,,CO2e_AFOLU,1,2036,,,,,,8.3368
EmissionActivityRatio,BAU,RD,GA_OTRCAR,,CO2e_AFOLU,1,2037,,,,,,8.3368
EmissionActivityRatio,BAU,RD,GA_OTRCAR,,CO2e_AFOLU,1,2038,,,,,,8.3368
EmissionActivityRatio,BAU,RD,GA_OTRCAR,,CO2e_AFOLU,1,2039,,,,,,8.3368
EmissionActivityRatio,BAU,RD,GA_OTRCAR,,CO2e_AFOLU,1,2040,,,,,,8.3368
EmissionActivityRatio,BAU,RD,GA_OTRCAR,,CO2e_AFOLU,1,2041,,,,,,8.3368
EmissionActivityRatio,BAU,RD,GA_OTRCAR,,CO2e_AFOLU,1,2042,,,,,,8.3368
EmissionActivityRatio,BAU,RD,GA_OTRCAR,,CO2e_AFOLU,1,2043,,,,,,8.3368
EmissionActivityRatio,BAU,RD,GA_OTRCAR,,CO2e_AFOLU,1,2044,,,,,,8.3368
EmissionActivityRatio,BAU,RD,GA_OTRCAR,,CO2e_AFOLU,1,2045,,,,,,8.3368
EmissionActivityRatio,BAU,RD,GA_OTRCAR,,CO2e_AFOLU,1,2046,,,,,,8.3368
EmissionActivityRatio,BAU,RD,GA_OTRCAR,,CO2e_AFOLU,1,2047,,,,,,8.3368
EmissionActivityRatio,BAU,RD,GA_OTRCAR,,CO2e_AFOLU,1,2048,,,,,,8.3368
EmissionActivityRatio,BAU,RD,GA_OTRCAR,,CO2e_AFOLU,1,2049,,,,,,8.3368
EmissionActivityRatio,BAU,RD,GA_OTRCAR,,CO2e_AFOLU,1,2050,,,,,,8.3368
EmissionActivityRatio,BAU,RD,LU_GAN,,CO2e_AFOLU,1,2018,,,,,,0.0956
EmissionActivityRatio,BAU,RD,LU_GAN,,CO2e_AFOLU,1,2019,,,,,,0.0956
EmissionActivityRatio,BAU,RD,LU_GAN,,CO2e_AFOLU,1,2020,,,,,,0.0956
EmissionActivityRatio,BAU,RD,LU_GAN,,CO2e_AFOLU,1,2021,,,,,,0.0965
EmissionActivityRatio,BAU,RD,LU_GAN,,CO2e_AFOLU,1,2022,,,,,,0.0958
EmissionActivityRatio,BAU,RD,LU_GAN,,CO2e_AFOLU,1,2023,,,,,,0.0958
EmissionActivityRatio,BAU,RD,LU_GAN,,CO2e_AFOLU,1,2024,,,,,,0.0958
EmissionActivityRatio,BAU,RD,LU_GAN,,CO2e_AFOLU,1,2025,,,,,,0.0958
EmissionActivityRatio,BAU,RD,LU_GAN,,CO2e_AFOLU,1,2026,,,,,,0.0958
EmissionActivityRatio,BAU,RD,LU_GAN,,CO2e_AFOLU,1,2027,,,,,,0.0958
EmissionActivityRatio,BAU,RD,LU_GAN,,CO2e_AFOLU,1,2028,,,,,,0.0958
EmissionActivityRatio,BAU,RD,LU_GAN,,CO2e_AFOLU,1,2029,,,,,,0.0958
EmissionActivityRatio,BAU,RD,LU_GAN,,CO2e_AFOLU,1,2030,,,,,,0.0958
EmissionActivityRatio,BAU,RD,LU_GAN,,CO2e_AFOLU,1,2031,,,,,,0.0958
EmissionActivityRatio,BAU,RD,LU_GAN,,CO2e_AFOLU,1,2032,,,,,,0.0958
EmissionActivityRatio,BAU,RD,LU_GAN,,CO2e_AFOLU,1,2033,,,,,,0.0958
EmissionActivityRatio,BAU,RD,LU_GAN,,CO2e_AFOLU,1,2034,,,,,,0.0958
EmissionActivityRatio,BAU,RD,LU_GAN,,CO2e_AFOLU,1,2035,,,,,,0.0958
EmissionActivityRatio,BAU,RD,LU_GAN,,CO2e_AFOLU,1,2036,,,,,,0.0958
EmissionActivityRatio,BAU,RD,LU_GAN,,CO2e_AFOLU,1,2037,,,,,,0.0958
EmissionActivityRatio,BAU,RD,LU_GAN,,CO2e_AFOLU,1,2038,,,,,,0.0958
EmissionActivityRatio,BAU,RD,LU_GAN,,CO2e_AFOLU,1,2039,,,,,,0.0958
EmissionActivityRatio,BAU,RD,LU_GAN,,CO2e_AFOLU,1,2040,,,,,,0.0958
EmissionActivityRatio,BAU,RD,LU_GAN,,CO2e_AFOLU,1,2041,,,,,,0.0958
EmissionActivityRatio,BAU,RD,LU_GAN,,CO2e_AFOLU,1,2042,,,,,,0.0958
EmissionActivityRatio,BAU,RD,LU_GAN,,CO2e_AFOLU,1,2043,,,,,,0.0958
EmissionActivityRatio,BAU,RD,LU_GAN,,CO2e_AFOLU,1,2044,,,,,,0.0958
EmissionActivityRatio,BAU,RD,LU_GAN,,CO2e_AFOLU,1,2045,,,,,,0.0958
EmissionActivityRatio,BAU,RD,LU_GAN,,CO2e_AFOLU,1,2046,,,,,,0.0958
EmissionActivityRatio,BAU,RD,LU_GAN,,CO2e_AFOLU,1,2047,,,,,,0.0958
EmissionActivityRatio,BAU,RD,LU_GAN,,CO2e_AFOLU,1,2048,,,,,,0.0958
EmissionActivityRatio,BAU,RD,LU_GAN,,CO2e_AFOLU,1,2049,,,,,,0.0958
EmissionActivityRatio,BAU,RD,LU_GAN,,CO2e_AFOLU,1,2050,,,,,,0.0958
EmissionActivityRatio,BAU,RD,CAMFOR,,CO2e_AFOLU,1,2018,,,,,,-286.873
EmissionActivityRatio,BAU,RD,CAMFOR,,CO2e_AFOLU,1,2019,,,,,,-521.523
EmissionActivityRatio,BAU,RD,CAMFOR,,CO2e_AFOLU,1,2020,,,,,,-159.363
EmissionActivityRatio,BAU,RD,CAMFOR,,CO2e_AFOLU,1,2021,,,,,,-891.544
EmissionActivityRatio,BAU,RD,CAMFOR,,CO2e_AFOLU,1,2022,,,,,,-122.72
EmissionActivityRatio,BAU,RD,CAMFOR,,CO2e_AFOLU,1,2023,,,,,,-396.405
EmissionActivityRatio,BAU,RD,CAMFOR,,CO2e_AFOLU,1,2024,,,,,,-396.405
EmissionActivityRatio,BAU,RD,CAMFOR,,CO2e_AFOLU,1,2025,,,,,,-396.405
EmissionActivityRatio,BAU,RD,CAMFOR,,CO2e_AFOLU,1,2026,,,,,,-396.405
EmissionActivityRatio,BAU,RD,CAMFOR,,CO2e_AFOLU,1,2027,,,,,,-396.405
EmissionActivityRatio,BAU,RD,CAMFOR,,CO2e_AFOLU,1,2028,,,,,,-396.405
EmissionActivityRatio,BAU,RD,CAMFOR,,CO2e_AFOLU,1,2029,,,,,,-396.405
EmissionActivityRatio,BAU,RD,CAMFOR,,CO2e_AFOLU,1,2030,,,,,,-396.405
EmissionActivityRatio,BAU,RD,CAMFOR,,CO2e_AFOLU,1,2031,,,,,,-396.405
EmissionActivityRatio,BAU,RD,CAMFOR,,CO2e_AFOLU,1,2032,,,,,,-396.405
EmissionActivityRatio,BAU,RD,CAMFOR,,CO2e_AFOLU,1,2033,,,,,,-396.405
EmissionActivityRatio,BAU,RD,CAMFOR,,CO2e_AFOLU,1,2034,,,,,,-396.405
EmissionActivityRatio,BAU,RD,CAMFOR,,CO2e_AFOLU,1,2035,,,,,,-396.405
EmissionActivityRatio,BAU,RD,CAMFOR,,CO2e_AFOLU,1,2036,,,,,,-396.405
EmissionActivityRatio,BAU,RD,CAMFOR,,CO2e_AFOLU,1,2037,,,,,,-396.405
EmissionActivityRatio,BAU,RD,CAMFOR,,CO2e_AFOLU,1,2038,,,,,,-396.405
EmissionActivityRatio,BAU,RD,CAMFOR,,CO2e_AFOLU,1,2039,,,,,,-396.405
EmissionActivityRatio,BAU,RD,CAMFOR,,CO2e_AFOLU,1,2040,,,,,,-396.405
EmissionActivityRatio,BAU,RD,CAMFOR,,CO2e_AFOLU,1,2041,,,,,,-396.405
EmissionActivityRatio,BAU,RD,CAMFOR,,CO2e_AFOLU,1,2042,,,,,,-396.405
EmissionActivityRatio,BAU,RD,CAMFOR,,CO2e_AFOLU,1,2043,,,,,,-396.405
EmissionActivityRatio,BAU,RD,CAMFOR,,CO2e_AFOLU,1,2044,,,,,,-396.405
EmissionActivityRatio,BAU,RD,CAMFOR,,CO2e_AFOLU,1,2045,,,,,,-396.405
EmissionActivityRatio,BAU,RD,CAMFOR,,CO2e_AFOLU,1,2046,,,,,,-396.405
EmissionActivityRatio,BAU,RD,CAMFOR,,CO2e_AFOLU,1,2047,,,,,,-396.405
EmissionActivityRatio,BAU,RD,CAMFOR,,CO2e_AFOLU,1,2048,,,,,,-396.405
EmissionActivityRatio,BAU,RD,CAMFOR,,CO2e_AFOLU,1,2049,,,,,,-396.405
EmissionActivityRatio,BAU,RD,CAMFOR,,CO2e_AFOLU,1,2050,,,,,,-396.405
EmissionActivityRatio,BAU,RD,CAMCUL,,CO2e_AFOLU,1,2018,,,,,,927.765
EmissionActivityRatio,BAU,RD,CAMCUL,,CO2e_AFOLU,1,2019,,,,,,265.091
EmissionActivityRatio,BAU,RD,CAMCUL,,CO2e_AFOLU,1,2020,,,,,,185.568
EmissionActivityRatio,BAU,RD,CAMCUL,,CO2e_AFOLU,1,2021,,,,,,192.435
EmissionActivityRatio,BAU,RD,CAMCUL,,CO2e_AFOLU,1,2022,,,,,,174.797
EmissionActivityRatio,BAU,RD,CAMCUL,,CO2e_AFOLU,1,2023,,,,,,349.131
EmissionActivityRatio,BAU,RD,CAMCUL,,CO2e_AFOLU,1,2024,,,,,,349.131
EmissionActivityRatio,BAU,RD,CAMCUL,,CO2e_AFOLU,1,2025,,,,,,349.131
EmissionActivityRatio,BAU,RD,CAMCUL,,CO2e_AFOLU,1,2026,,,,,,349.131
EmissionActivityRatio,BAU,RD,CAMCUL,,CO2e_AFOLU,1,2027,,,,,,349.131
EmissionActivityRatio,BAU,RD,CAMCUL,,CO2e_AFOLU,1,2028,,,,,,349.131
EmissionActivityRatio,BAU,RD,CAMCUL,,CO2e_AFOLU,1,2029,,,,,,349.131
EmissionActivityRatio,BAU,RD,CAMCUL,,CO2e_AFOLU,1,2030,,,,,,349.131
EmissionActivityRatio,BAU,RD,CAMCUL,,CO2e_AFOLU,1,2031,,,,,,349.131
EmissionActivityRatio,BAU,RD,CAMCUL,,CO2e_AFOLU,1,2032,,,,,,349.131
EmissionActivityRatio,BAU,RD,CAMCUL,,CO2e_AFOLU,1,2033,,,,,,349.131
EmissionActivityRatio,BAU,RD,CAMCUL,,CO2e_AFOLU,1,2034,,,,,,349.131
EmissionActivityRatio,BAU,RD,CAMCUL,,CO2e_AFOLU,1,2035,,,,,,349.131
EmissionActivityRatio,BAU,RD,CAMCUL,,CO2e_AFOLU,1,2036,,,,,,349.131
EmissionActivityRatio,BAU,RD,CAMCUL,,CO2e_AFOLU,1,2037,,,,,,349.131
EmissionActivityRatio,BAU,RD,CAMCUL,,CO2e_AFOLU,1,2038,,,,,,349.131
EmissionActivityRatio,BAU,RD,CAMCUL,,CO2e_AFOLU,1,2039,,,,,,349.131
EmissionActivityRatio,BAU,RD,CAMCUL,,CO2e_AFOLU,1,2040,,,,,,349.131
EmissionActivityRatio,BAU,RD,CAMCUL,,CO2e_AFOLU,1,2041,,,,,,349.131
EmissionActivityRatio,BAU,RD,CAMCUL,,CO2e_AFOLU,1,2042,,,,,,349.131
EmissionActivityRatio,BAU,RD,CAMCUL,,CO2e_AFOLU,1,2043,,,,,,349.131
EmissionActivityRatio,BAU,RD,CAMCUL,,CO2e_AFOLU,1,2044,,,,,,349.131
EmissionActivityRatio,BAU,RD,CAMCUL,,CO2e_AFOLU,1,2045,,,,,,349.131
EmissionActivityRatio,BAU,RD,CAMCUL,,CO2e_AFOLU,1,2046,,,,,,349.131
EmissionActivityRatio,BAU,RD,CAMCUL,,CO2e_AFOLU,1,2047,,,,,,349.131
EmissionActivityRatio,BAU,RD,CAMCUL,,CO2e_AFOLU,1,2048,,,,,,349.131
EmissionActivityRatio,BAU,RD,CAMCUL,,CO2e_AFOLU,1,2049,,,,,,349.131
EmissionActivityRatio,BAU,RD,CAMCUL,,CO2e_AFOLU,1,2050,,,,,,349.131
EmissionActivityRatio,BAU,RD,CAMPAS,,CO2e_AFOLU,1,2018,,,,,,361.658
EmissionActivityRatio,BAU,RD,CAMPAS,,CO2e_AFOLU,1,2019,,,,,,267.317
EmissionActivityRatio,BAU,RD,CAMPAS,,CO2e_AFOLU,1,2020,,,,,,170.786
EmissionActivityRatio,BAU,RD,CAMPAS,,CO2e_AFOLU,1,2021,,,,,,175.715
EmissionActivityRatio,BAU,RD,CAMPAS,,CO2e_AFOLU,1,2022,,,,,,205.226
EmissionActivityRatio,BAU,RD,CAMPAS,,CO2e_AFOLU,1,2023,,,,,,236.141
EmissionActivityRatio,BAU,RD,CAMPAS,,CO2e_AFOLU,1,2024,,,,,,236.141
EmissionActivityRatio,BAU,RD,CAMPAS,,CO2e_AFOLU,1,2025,,,,,,236.141
EmissionActivityRatio,BAU,RD,CAMPAS,,CO2e_AFOLU,1,2026,,,,,,236.141
EmissionActivityRatio,BAU,RD,CAMPAS,,CO2e_AFOLU,1,2027,,,,,,236.141
EmissionActivityRatio,BAU,RD,CAMPAS,,CO2e_AFOLU,1,2028,,,,,,236.141
EmissionActivityRatio,BAU,RD,CAMPAS,,CO2e_AFOLU,1,2029,,,,,,236.141
EmissionActivityRatio,BAU,RD,CAMPAS,,CO2e_AFOLU,1,2030,,,,,,236.141
EmissionActivityRatio,BAU,RD,CAMPAS,,CO2e_AFOLU,1,2031,,,,,,236.141
EmissionActivityRatio,BAU,RD,CAMPAS,,CO2e_AFOLU,1,2032,,,,,,236.141
EmissionActivityRatio,BAU,RD,CAMPAS,,CO2e_AFOLU,1,2033,,,,,,236.141
EmissionActivityRatio,BAU,RD,CAMPAS,,CO2e_AFOLU,1,2034,,,,,,236.141
EmissionActivityRatio,BAU,RD,CAMPAS,,CO2e_AFOLU,1,2035,,,,,,236.141
EmissionActivityRatio,BAU,RD,CAMPAS,,CO2e_AFOLU,1,2036,,,,,,236.141
EmissionActivityRatio,BAU,RD,CAMPAS,,CO2e_AFOLU,1,2037,,,,,,236.141
EmissionActivityRatio,BAU,RD,CAMPAS,,CO2e_AFOLU,1,2038,,,,,,236.141
EmissionActivityRatio,BAU,RD,CAMPAS,,CO2e_AFOLU,1,2039,,,,,,236.141
EmissionActivityRatio,BAU,RD,CAMPAS,,CO2e_AFOLU,1,2040,,,,,,236.141
EmissionActivityRatio,BAU,RD,CAMPAS,,CO2e_AFOLU,1,2041,,,,,,236.141
EmissionActivityRatio,BAU,RD,CAMPAS,,CO2e_AFOLU,1,2042,,,,,,236.141
EmissionActivityRatio,BAU,RD,CAMPAS,,CO2e_AFOLU,1,2043,,,,,,236.141
EmissionActivityRatio,BAU,RD,CAMPAS,,CO2e_AFOLU,1,2044,,,,,,236.141
EmissionActivityRatio,BAU,RD,CAMPAS,,CO2e_AFOLU,1,2045,,,,,,236.141
EmissionActivityRatio,BAU,RD,CAMPAS,,CO2e_AFOLU,1,2046,,,,,,236.141
EmissionActivityRatio,BAU,RD,CAMPAS,,CO2e_AFOLU,1,2047,,,,,,236.141
EmissionActivityRatio,BAU,RD,CAMPAS,,CO2e_AFOLU,1,2048,,,,,,236.141
EmissionActivityRatio,BAU,RD,CAMPAS,,CO2e_AFOLU,1,2049,,,,,,236.141
EmissionActivityRatio,BAU,RD,CAMPAS,,CO2e_AFOLU,1,2050,,,,,,236.141
EmissionActivityRatio,BAU,RD,CAMASENTA,,CO2e_AFOLU,1,2018,,,,,,5.959
EmissionActivityRatio,BAU,RD,CAMASENTA,,CO2e_AFOLU,1,2019,,,,,,5.959
EmissionActivityRatio,BAU,RD,CAMASENTA,,CO2e_AFOLU,1,2020,,,,,,5.959
EmissionActivityRatio,BAU,RD,CAMASENTA,,CO2e_AFOLU,1,2021,,,,,,3.256
EmissionActivityRatio,BAU,RD,CAMASENTA,,CO2e_AFOLU,1,2022,,,,,,6.097
EmissionActivityRatio,BAU,RD,CAMASENTA,,CO2e_AFOLU,1,2023,,,,,,5.446
EmissionActivityRatio,BAU,RD,CAMASENTA,,CO2e_AFOLU,1,2024,,,,,,5.446
EmissionActivityRatio,BAU,RD,CAMASENTA,,CO2e_AFOLU,1,2025,,,,,,5.446
EmissionActivityRatio,BAU,RD,CAMASENTA,,CO2e_AFOLU,1,2026,,,,,,5.446
EmissionActivityRatio,BAU,RD,CAMASENTA,,CO2e_AFOLU,1,2027,,,,,,5.446
EmissionActivityRatio,BAU,RD,CAMASENTA,,CO2e_AFOLU,1,2028,,,,,,5.446
EmissionActivityRatio,BAU,RD,CAMASENTA,,CO2e_AFOLU,1,2029,,,,,,5.446
EmissionActivityRatio,BAU,RD,CAMASENTA,,CO2e_AFOLU,1,2030,,,,,,5.446
EmissionActivityRatio,BAU,RD,CAMASENTA,,CO2e_AFOLU,1,2031,,,,,,5.446
EmissionActivityRatio,BAU,RD,CAMASENTA,,CO2e_AFOLU,1,2032,,,,,,5.446
EmissionActivityRatio,BAU,RD,CAMASENTA,,CO2e_AFOLU,1,2033,,,,,,5.446
EmissionActivityRatio,BAU,RD,CAMASENTA,,CO2e_AFOLU,1,2034,,,,,,5.446
EmissionActivityRatio,BAU,RD,CAMASENTA,,CO2e_AFOLU,1,2035,,,,,,5.446
EmissionActivityRatio,BAU,RD,CAMASENTA,,CO2e_AFOLU,1,2036,,,,,,5.446
EmissionActivityRatio,BAU,RD,CAMASENTA,,CO2e_AFOLU,1,2037,,,,,,5.446
EmissionActivityRatio,BAU,RD,CAMASENTA,,CO2e_AFOLU,1,2038,,,,,,5.446
EmissionActivityRatio,BAU,RD,CAMASENTA,,CO2e_AFOLU,1,2039,,,,,,5.446
EmissionActivityRatio,BAU,RD,CAMASENTA,,CO2e_AFOLU,1,2040,,,,,,5.446
EmissionActivityRatio,BAU,RD,CAMASENTA,,CO2e_AFOLU,1,2041,,,,,,5.446
EmissionActivityRatio,BAU,RD,CAMASENTA,,CO2e_AFOLU,1,2042,,,,,,5.446
EmissionActivityRatio,BAU,RD,CAMASENTA,,CO2e_AFOLU,1,2043,,,,,,5.446
EmissionActivityRatio,BAU,RD,CAMASENTA,,CO2e_AFOLU,1,2044,,,,,,5.446
EmissionActivityRatio,BAU,RD,CAMASENTA,,CO2e_AFOLU,1,2045,,,,,,5.446
EmissionActivityRatio,BAU,RD,CAMASENTA,,CO2e_AFOLU,1,2046,,,,,,5.446
EmissionActivityRatio,BAU,RD,CAMASENTA,,CO2e_AFOLU,1,2047,,,,,,5.446
EmissionActivityRatio,BAU,RD,CAMASENTA,,CO2e_AFOLU,1,2048,,,,,,5.446
EmissionActivityRatio,BAU,RD,CAMASENTA,,CO2e_AFOLU,1,2049,,,,,,5.446
EmissionActivityRatio,BAU,RD,CAMASENTA,,CO2e_AFOLU,1,2050,,,,,,5.446
EmissionActivityRatio,BAU,RD,T5DSLCOM,,CO2e_DE,1,2018,,,,,,0.0741
EmissionActivityRatio,BAU,RD,T5DSLCOM,,CO2e_DE,1,2019,,,,,,0.0741
EmissionActivityRatio,BAU,RD,T5DSLCOM,,CO2e_DE,1,2020,,,,,,0.0741
EmissionActivityRatio,BAU,RD,T5DSLCOM,,CO2e_DE,1,2021,,,,,,0.0741
EmissionActivityRatio,BAU,RD,T5DSLCOM,,CO2e_DE,1,2022,,,,,,0.0741
EmissionActivityRatio,BAU,RD,T5DSLCOM,,CO2e_DE,1,2023,,,,,,0.0741
EmissionActivityRatio,BAU,RD,T5DSLCOM,,CO2e_DE,1,2024,,,,,,0.0741
EmissionActivityRatio,BAU,RD,T5DSLCOM,,CO2e_DE,1,2025,,,,,,0.0741
EmissionActivityRatio,BAU,RD,T5DSLCOM,,CO2e_DE,1,2026,,,,,,0.0741
EmissionActivityRatio,BAU,RD,T5DSLCOM,,CO2e_DE,1,2027,,,,,,0.0741
EmissionActivityRatio,BAU,RD,T5DSLCOM,,CO2e_DE,1,2028,,,,,,0.0741
EmissionActivityRatio,BAU,RD,T5DSLCOM,,CO2e_DE,1,2029,,,,,,0.0741
EmissionActivityRatio,BAU,RD,T5DSLCOM,,CO2e_DE,1,2030,,,,,,0.0741
EmissionActivityRatio,BAU,RD,T5DSLCOM,,CO2e_DE,1,2031,,,,,,0.0741
EmissionActivityRatio,BAU,RD,T5DSLCOM,,CO2e_DE,1,2032,,,,,,0.0741
EmissionActivityRatio,BAU,RD,T5DSLCOM,,CO2e_DE,1,2033,,,,,,0.0741
EmissionActivityRatio,BAU,RD,T5DSLCOM,,CO2e_DE,1,2034,,,,,,0.0741
EmissionActivityRatio,BAU,RD,T5DSLCOM,,CO2e_DE,1,2035,,,,,,0.0741
EmissionActivityRatio,BAU,RD,T5DSLCOM,,CO2e_DE,1,2036,,,,,,0.0741
EmissionActivityRatio,BAU,RD,T5DSLCOM,,CO2e_DE,1,2037,,,,,,0.0741
EmissionActivityRatio,BAU,RD,T5DSLCOM,,CO2e_DE,1,2038,,,,,,0.0741
EmissionActivityRatio,BAU,RD,T5DSLCOM,,CO2e_DE,1,2039,,,,,,0.0741
EmissionActivityRatio,BAU,RD,T5DSLCOM,,CO2e_DE,1,2040,,,,,,0.0741
EmissionActivityRatio,BAU,RD,T5DSLCOM,,CO2e_DE,1,2041,,,,,,0.0741
EmissionActivityRatio,BAU,RD,T5DSLCOM,,CO2e_DE,1,2042,,,,,,0.0741
EmissionActivityRatio,BAU,RD,T5DSLCOM,,CO2e_DE,1,2043,,,,,,0.0741
EmissionActivityRatio,BAU,RD,T5DSLCOM,,CO2e_DE,1,2044,,,,,,0.0741
EmissionActivityRatio,BAU,RD,T5DSLCOM,,CO2e_DE,1,2045,,,,,,0.0741
EmissionActivityRatio,BAU,RD,T5DSLCOM,,CO2e_DE,1,2046,,,,,,0.0741
EmissionActivityRatio,BAU,RD,T5DSLCOM,,CO2e_DE,1,2047,,,,,,0.0741
EmissionActivityRatio,BAU,RD,T5DSLCOM,,CO2e_DE,1,2048,,,,,,0.0741
EmissionActivityRatio,BAU,RD,T5DSLCOM,,CO2e_DE,1,2049,,,,,,0.0741
EmissionActivityRatio,BAU,RD,T5DSLCOM,,CO2e_DE,1,2050,,,,,,0.0741
EmissionActivityRatio,BAU,RD,T5GSLCOM,,CO2e_DE,1,2018,,,,,,0.0693
EmissionActivityRatio,BAU,RD,T5GSLCOM,,CO2e_DE,1,2019,,,,,,0.0693
EmissionActivityRatio,BAU,RD,T5GSLCOM,,CO2e_DE,1,2020,,,,,,0.0693
EmissionActivityRatio,BAU,RD,T5GSLCOM,,CO2e_DE,1,2021,,,,,,0.0693
EmissionActivityRatio,BAU,RD,T5GSLCOM,,CO2e_DE,1,2022,,,,,,0.0693
EmissionActivityRatio,BAU,RD,T5GSLCOM,,CO2e_DE,1,2023,,,,,,0.0693
EmissionActivityRatio,BAU,RD,T5GSLCOM,,CO2e_DE,1,2024,,,,,,0.0693
EmissionActivityRatio,BAU,RD,T5GSLCOM,,CO2e_DE,1,2025,,,,,,0.0693
EmissionActivityRatio,BAU,RD,T5GSLCOM,,CO2e_DE,1,2026,,,,,,0.0693
EmissionActivityRatio,BAU,RD,T5GSLCOM,,CO2e_DE,1,2027,,,,,,0.0693
EmissionActivityRatio,BAU,RD,T5GSLCOM,,CO2e_DE,1,2028,,,,,,0.0693
EmissionActivityRatio,BAU,RD,T5GSLCOM,,CO2e_DE,1,2029,,,,,,0.0693
EmissionActivityRatio,BAU,RD,T5GSLCOM,,CO2e_DE,1,2030,,,,,,0.0693
EmissionActivityRatio,BAU,RD,T5GSLCOM,,CO2e_DE,1,2031,,,,,,0.0693
EmissionActivityRatio,BAU,RD,T5GSLCOM,,CO2e_DE,1,2032,,,,,,0.0693
EmissionActivityRatio,BAU,RD,T5GSLCOM,,CO2e_DE,1,2033,,,,,,0.0693
EmissionActivityRatio,BAU,RD,T5GSLCOM,,CO2e_DE,1,2034,,,,,,0.0693
EmissionActivityRatio,BAU,RD,T5GSLCOM,,CO2e_DE,1,2035,,,,,,0.0693
EmissionActivityRatio,BAU,RD,T5GSLCOM,,CO2e_DE,1,2036,,,,,,0.0693
EmissionActivityRatio,BAU,RD,T5GSLCOM,,CO2e_DE,1,2037,,,,,,0.0693
EmissionActivityRatio,BAU,RD,T5GSLCOM,,CO2e_DE,1,2038,,,,,,0.0693
EmissionActivityRatio,BAU,RD,T5GSLCOM,,CO2e_DE,1,2039,,,,,,0.0693
EmissionActivityRatio,BAU,RD,T5GSLCOM,,CO2e_DE,1,2040,,,,,,0.0693
EmissionActivityRatio,BAU,RD,T5GSLCOM,,CO2e_DE,1,2041,,,,,,0.0693
EmissionActivityRatio,BAU,RD,T5GSLCOM,,CO2e_DE,1,2042,,,,,,0.0693
EmissionActivityRatio,BAU,RD,T5GSLCOM,,CO2e_DE,1,2043,,,,,,0.0693
EmissionActivityRatio,BAU,RD,T5GSLCOM,,CO2e_DE,1,2044,,,,,,0.0693
EmissionActivityRatio,BAU,RD,T5GSLCOM,,CO2e_DE,1,2045,,,,,,0.0693
EmissionActivityRatio,BAU,RD,T5GSLCOM,,CO2e_DE,1,2046,,,,,,0.0693
EmissionActivityRatio,BAU,RD,T5GSLCOM,,CO2e_DE,1,2047,,,,,,0.0693
EmissionActivityRatio,BAU,RD,T5GSLCOM,,CO2e_DE,1,2048,,,,,,0.0693
EmissionActivityRatio,BAU,RD,T5GSLCOM,,CO2e_DE,1,2049,,,,,,0.0693
EmissionActivityRatio,BAU,RD,T5GSLCOM,,CO2e_DE,1,2050,,,,,,0.0693
EmissionActivityRatio,BAU,RD,T5NGSCOM,,CO2e_DE,1,2018,,,,,,0.0561
EmissionActivityRatio,BAU,RD,T5NGSCOM,,CO2e_DE,1,2019,,,,,,0.0561
EmissionActivityRatio,BAU,RD,T5NGSCOM,,CO2e_DE,1,2020,,,,,,0.0561
EmissionActivityRatio,BAU,RD,T5NGSCOM,,CO2e_DE,1,2021,,,,,,0.0561
EmissionActivityRatio,BAU,RD,T5NGSCOM,,CO2e_DE,1,2022,,,,,,0.0561
EmissionActivityRatio,BAU,RD,T5NGSCOM,,CO2e_DE,1,2023,,,,,,0.0561
EmissionActivityRatio,BAU,RD,T5NGSCOM,,CO2e_DE,1,2024,,,,,,0.0561
EmissionActivityRatio,BAU,RD,T5NGSCOM,,CO2e_DE,1,2025,,,,,,0.0561
EmissionActivityRatio,BAU,RD,T5NGSCOM,,CO2e_DE,1,2026,,,,,,0.0561
EmissionActivityRatio,BAU,RD,T5NGSCOM,,CO2e_DE,1,2027,,,,,,0.0561
EmissionActivityRatio,BAU,RD,T5NGSCOM,,CO2e_DE,1,2028,,,,,,0.0561
EmissionActivityRatio,BAU,RD,T5NGSCOM,,CO2e_DE,1,2029,,,,,,0.0561
EmissionActivityRatio,BAU,RD,T5NGSCOM,,CO2e_DE,1,2030,,,,,,0.0561
EmissionActivityRatio,BAU,RD,T5NGSCOM,,CO2e_DE,1,2031,,,,,,0.0561
EmissionActivityRatio,BAU,RD,T5NGSCOM,,CO2e_DE,1,2032,,,,,,0.0561
EmissionActivityRatio,BAU,RD,T5NGSCOM,,CO2e_DE,1,2033,,,,,,0.0561
EmissionActivityRatio,BAU,RD,T5NGSCOM,,CO2e_DE,1,2034,,,,,,0.0561
EmissionActivityRatio,BAU,RD,T5NGSCOM,,CO2e_DE,1,2035,,,,,,0.0561
EmissionActivityRatio,BAU,RD,T5NGSCOM,,CO2e_DE,1,2036,,,,,,0.0561
EmissionActivityRatio,BAU,RD,T5NGSCOM,,CO2e_DE,1,2037,,,,,,0.0561
EmissionActivityRatio,BAU,RD,T5NGSCOM,,CO2e_DE,1,2038,,,,,,0.0561
EmissionActivityRatio,BAU,RD,T5NGSCOM,,CO2e_DE,1,2039,,,,,,0.0561
EmissionActivityRatio,BAU,RD,T5NGSCOM,,CO2e_DE,1,2040,,,,,,0.0561
EmissionActivityRatio,BAU,RD,T5NGSCOM,,CO2e_DE,1,2041,,,,,,0.0561
EmissionActivityRatio,BAU,RD,T5NGSCOM,,CO2e_DE,1,2042,,,,,,0.0561
EmissionActivityRatio,BAU,RD,T5NGSCOM,,CO2e_DE,1,2043,,,,,,0.0561
EmissionActivityRatio,BAU,RD,T5NGSCOM,,CO2e_DE,1,2044,,,,,,0.0561
EmissionActivityRatio,BAU,RD,T5NGSCOM,,CO2e_DE,1,2045,,,,,,0.0561
EmissionActivityRatio,BAU,RD,T5NGSCOM,,CO2e_DE,1,2046,,,,,,0.0561
EmissionActivityRatio,BAU,RD,T5NGSCOM,,CO2e_DE,1,2047,,,,,,0.0561
EmissionActivityRatio,BAU,RD,T5NGSCOM,,CO2e_DE,1,2048,,,,,,0.0561
EmissionActivityRatio,BAU,RD,T5NGSCOM,,CO2e_DE,1,2049,,,,,,0.0561
EmissionActivityRatio,BAU,RD,T5NGSCOM,,CO2e_DE,1,2050,,,,,,0.0561
EmissionActivityRatio,BAU,RD,T5LPGCOM,,CO2e_DE,1,2018,,,,,,0.0631
EmissionActivityRatio,BAU,RD,T5LPGCOM,,CO2e_DE,1,2019,,,,,,0.0631
EmissionActivityRatio,BAU,RD,T5LPGCOM,,CO2e_DE,1,2020,,,,,,0.0631
EmissionActivityRatio,BAU,RD,T5LPGCOM,,CO2e_DE,1,2021,,,,,,0.0631
EmissionActivityRatio,BAU,RD,T5LPGCOM,,CO2e_DE,1,2022,,,,,,0.0631
EmissionActivityRatio,BAU,RD,T5LPGCOM,,CO2e_DE,1,2023,,,,,,0.0631
EmissionActivityRatio,BAU,RD,T5LPGCOM,,CO2e_DE,1,2024,,,,,,0.0631
EmissionActivityRatio,BAU,RD,T5LPGCOM,,CO2e_DE,1,2025,,,,,,0.0631
EmissionActivityRatio,BAU,RD,T5LPGCOM,,CO2e_DE,1,2026,,,,,,0.0631
EmissionActivityRatio,BAU,RD,T5LPGCOM,,CO2e_DE,1,2027,,,,,,0.0631
EmissionActivityRatio,BAU,RD,T5LPGCOM,,CO2e_DE,1,2028,,,,,,0.0631
EmissionActivityRatio,BAU,RD,T5LPGCOM,,CO2e_DE,1,2029,,,,,,0.0631
EmissionActivityRatio,BAU,RD,T5LPGCOM,,CO2e_DE,1,2030,,,,,,0.0631
EmissionActivityRatio,BAU,RD,T5LPGCOM,,CO2e_DE,1,2031,,,,,,0.0631
EmissionActivityRatio,BAU,RD,T5LPGCOM,,CO2e_DE,1,2032,,,,,,0.0631
EmissionActivityRatio,BAU,RD,T5LPGCOM,,CO2e_DE,1,2033,,,,,,0.0631
EmissionActivityRatio,BAU,RD,T5LPGCOM,,CO2e_DE,1,2034,,,,,,0.0631
EmissionActivityRatio,BAU,RD,T5LPGCOM,,CO2e_DE,1,2035,,,,,,0.0631
EmissionActivityRatio,BAU,RD,T5LPGCOM,,CO2e_DE,1,2036,,,,,,0.0631
EmissionActivityRatio,BAU,RD,T5LPGCOM,,CO2e_DE,1,2037,,,,,,0.0631
EmissionActivityRatio,BAU,RD,T5LPGCOM,,CO2e_DE,1,2038,,,,,,0.0631
EmissionActivityRatio,BAU,RD,T5LPGCOM,,CO2e_DE,1,2039,,,,,,0.0631
EmissionActivityRatio,BAU,RD,T5LPGCOM,,CO2e_DE,1,2040,,,,,,0.0631
EmissionActivityRatio,BAU,RD,T5LPGCOM,,CO2e_DE,1,2041,,,,,,0.0631
EmissionActivityRatio,BAU,RD,T5LPGCOM,,CO2e_DE,1,2042,,,,,,0.0631
EmissionActivityRatio,BAU,RD,T5LPGCOM,,CO2e_DE,1,2043,,,,,,0.0631
EmissionActivityRatio,BAU,RD,T5LPGCOM,,CO2e_DE,1,2044,,,,,,0.0631
EmissionActivityRatio,BAU,RD,T5LPGCOM,,CO2e_DE,1,2045,,,,,,0.0631
EmissionActivityRatio,BAU,RD,T5LPGCOM,,CO2e_DE,1,2046,,,,,,0.0631
EmissionActivityRatio,BAU,RD,T5LPGCOM,,CO2e_DE,1,2047,,,,,,0.0631
EmissionActivityRatio,BAU,RD,T5LPGCOM,,CO2e_DE,1,2048,,,,,,0.0631
EmissionActivityRatio,BAU,RD,T5LPGCOM,,CO2e_DE,1,2049,,,,,,0.0631
EmissionActivityRatio,BAU,RD,T5LPGCOM,,CO2e_DE,1,2050,,,,,,0.0631
EmissionActivityRatio,BAU,RD,T5ELECOM,,CO2e_DE,1,2018,,,,,,0.0
EmissionActivityRatio,BAU,RD,T5ELECOM,,CO2e_DE,1,2019,,,,,,0.0
EmissionActivityRatio,BAU,RD,T5ELECOM,,CO2e_DE,1,2020,,,,,,0.0
EmissionActivityRatio,BAU,RD,T5ELECOM,,CO2e_DE,1,2021,,,,,,0.0
EmissionActivityRatio,BAU,RD,T5ELECOM,,CO2e_DE,1,2022,,,,,,0.0
EmissionActivityRatio,BAU,RD,T5ELECOM,,CO2e_DE,1,2023,,,,,,0.0
EmissionActivityRatio,BAU,RD,T5ELECOM,,CO2e_DE,1,2024,,,,,,0.0
EmissionActivityRatio,BAU,RD,T5ELECOM,,CO2e_DE,1,2025,,,,,,0.0
EmissionActivityRatio,BAU,RD,T5ELECOM,,CO2e_DE,1,2026,,,,,,0.0
EmissionActivityRatio,BAU,RD,T5ELECOM,,CO2e_DE,1,2027,,,,,,0.0
EmissionActivityRatio,BAU,RD,T5ELECOM,,CO2e_DE,1,2028,,,,,,0.0
EmissionActivityRatio,BAU,RD,T5ELECOM,,CO2e_DE,1,2029,,,,,,0.0
EmissionActivityRatio,BAU,RD,T5ELECOM,,CO2e_DE,1,2030,,,,,,0.0
EmissionActivityRatio,BAU,RD,T5ELECOM,,CO2e_DE,1,2031,,,,,,0.0
EmissionActivityRatio,BAU,RD,T5ELECOM,,CO2e_DE,1,2032,,,,,,0.0
EmissionActivityRatio,BAU,RD,T5ELECOM,,CO2e_DE,1,2033,,,,,,0.0
EmissionActivityRatio,BAU,RD,T5ELECOM,,CO2e_DE,1,2034,,,,,,0.0
EmissionActivityRatio,BAU,RD,T5ELECOM,,CO2e_DE,1,2035,,,,,,0.0
EmissionActivityRatio,BAU,RD,T5ELECOM,,CO2e_DE,1,2036,,,,,,0.0
EmissionActivityRatio,BAU,RD,T5ELECOM,,CO2e_DE,1,2037,,,,,,0.0
EmissionActivityRatio,BAU,RD,T5ELECOM,,CO2e_DE,1,2038,,,,,,0.0
EmissionActivityRatio,BAU,RD,T5ELECOM,,CO2e_DE,1,2039,,,,,,0.0
EmissionActivityRatio,BAU,RD,T5ELECOM,,CO2e_DE,1,2040,,,,,,0.0
EmissionActivityRatio,BAU,RD,T5ELECOM,,CO2e_DE,1,2041,,,,,,0.0
EmissionActivityRatio,BAU,RD,T5ELECOM,,CO2e_DE,1,2042,,,,,,0.0
EmissionActivityRatio,BAU,RD,T5ELECOM,,CO2e_DE,1,2043,,,,,,0.0
EmissionActivityRatio,BAU,RD,T5ELECOM,,CO2e_DE,1,2044,,,,,,0.0
EmissionActivityRatio,BAU,RD,T5ELECOM,,CO2e_DE,1,2045,,,,,,0.0
EmissionActivityRatio,BAU,RD,T5ELECOM,,CO2e_DE,1,2046,,,,,,0.0
EmissionActivityRatio,BAU,RD,T5ELECOM,,CO2e_DE,1,2047,,,,,,0.0
EmissionActivityRatio,BAU,RD,T5ELECOM,,CO2e_DE,1,2048,,,,,,0.0
EmissionActivityRatio,BAU,RD,T5ELECOM,,CO2e_DE,1,2049,,,,,,0.0
EmissionActivityRatio,BAU,RD,T5ELECOM,,CO2e_DE,1,2050,,,,,,0.0
EmissionActivityRatio,BAU,RD,T5FIRCOM,,CO2e_DE,1,2018,,,,,,0.112
EmissionActivityRatio,BAU,RD,T5FIRCOM,,CO2e_DE,1,2019,,,,,,0.112
EmissionActivityRatio,BAU,RD,T5FIRCOM,,CO2e_DE,1,2020,,,,,,0.112
EmissionActivityRatio,BAU,RD,T5FIRCOM,,CO2e_DE,1,2021,,,,,,0.112
EmissionActivityRatio,BAU,RD,T5FIRCOM,,CO2e_DE,1,2022,,,,,,0.112
EmissionActivityRatio,BAU,RD,T5FIRCOM,,CO2e_DE,1,2023,,,,,,0.112
EmissionActivityRatio,BAU,RD,T5FIRCOM,,CO2e_DE,1,2024,,,,,,0.112
EmissionActivityRatio,BAU,RD,T5FIRCOM,,CO2e_DE,1,2025,,,,,,0.112
EmissionActivityRatio,BAU,RD,T5FIRCOM,,CO2e_DE,1,2026,,,,,,0.112
EmissionActivityRatio,BAU,RD,T5FIRCOM,,CO2e_DE,1,2027,,,,,,0.112
EmissionActivityRatio,BAU,RD,T5FIRCOM,,CO2e_DE,1,2028,,,,,,0.112
EmissionActivityRatio,BAU,RD,T5FIRCOM,,CO2e_DE,1,2029,,,,,,0.112
EmissionActivityRatio,BAU,RD,T5FIRCOM,,CO2e_DE,1,2030,,,,,,0.112
EmissionActivityRatio,BAU,RD,T5FIRCOM,,CO2e_DE,1,2031,,,,,,0.112
EmissionActivityRatio,BAU,RD,T5FIRCOM,,CO2e_DE,1,2032,,,,,,0.112
EmissionActivityRatio,BAU,RD,T5FIRCOM,,CO2e_DE,1,2033,,,,,,0.112
EmissionActivityRatio,BAU,RD,T5FIRCOM,,CO2e_DE,1,2034,,,,,,0.112
EmissionActivityRatio,BAU,RD,T5FIRCOM,,CO2e_DE,1,2035,,,,,,0.112
EmissionActivityRatio,BAU,RD,T5FIRCOM,,CO2e_DE,1,2036,,,,,,0.112
EmissionActivityRatio,BAU,RD,T5FIRCOM,,CO2e_DE,1,2037,,,,,,0.112
EmissionActivityRatio,BAU,RD,T5FIRCOM,,CO2e_DE,1,2038,,,,,,0.112
EmissionActivityRatio,BAU,RD,T5FIRCOM,,CO2e_DE,1,2039,,,,,,0.112
EmissionActivityRatio,BAU,RD,T5FIRCOM,,CO2e_DE,1,2040,,,,,,0.112
EmissionActivityRatio,BAU,RD,T5FIRCOM,,CO2e_DE,1,2041,,,,,,0.112
EmissionActivityRatio,BAU,RD,T5FIRCOM,,CO2e_DE,1,2042,,,,,,0.112
EmissionActivityRatio,BAU,RD,T5FIRCOM,,CO2e_DE,1,2043,,,,,,0.112
EmissionActivityRatio,BAU,RD,T5FIRCOM,,CO2e_DE,1,2044,,,,,,0.112
EmissionActivityRatio,BAU,RD,T5FIRCOM,,CO2e_DE,1,2045,,,,,,0.112
EmissionActivityRatio,BAU,RD,T5FIRCOM,,CO2e_DE,1,2046,,,,,,0.112
EmissionActivityRatio,BAU,RD,T5FIRCOM,,CO2e_DE,1,2047,,,,,,0.112
EmissionActivityRatio,BAU,RD,T5FIRCOM,,CO2e_DE,1,2048,,,,,,0.112
EmissionActivityRatio,BAU,RD,T5FIRCOM,,CO2e_DE,1,2049,,,,,,0.112
EmissionActivityRatio,BAU,RD,T5FIRCOM,,CO2e_DE,1,2050,,,,,,0.112
EmissionActivityRatio,BAU,RD,T5DSLIND,,CO2e_DE,1,2018,,,,,,0.0741
EmissionActivityRatio,BAU,RD,T5DSLIND,,CO2e_DE,1,2019,,,,,,0.0741
EmissionActivityRatio,BAU,RD,T5DSLIND,,CO2e_DE,1,2020,,,,,,0.0741
EmissionActivityRatio,BAU,RD,T5DSLIND,,CO2e_DE,1,2021,,,,,,0.0741
EmissionActivityRatio,BAU,RD,T5DSLIND,,CO2e_DE,1,2022,,,,,,0.0741
EmissionActivityRatio,BAU,RD,T5DSLIND,,CO2e_DE,1,2023,,,,,,0.0741
EmissionActivityRatio,BAU,RD,T5DSLIND,,CO2e_DE,1,2024,,,,,,0.0741
EmissionActivityRatio,BAU,RD,T5DSLIND,,CO2e_DE,1,2025,,,,,,0.0741
EmissionActivityRatio,BAU,RD,T5DSLIND,,CO2e_DE,1,2026,,,,,,0.0741
EmissionActivityRatio,BAU,RD,T5DSLIND,,CO2e_DE,1,2027,,,,,,0.0741
EmissionActivityRatio,BAU,RD,T5DSLIND,,CO2e_DE,1,2028,,,,,,0.0741
EmissionActivityRatio,BAU,RD,T5DSLIND,,CO2e_DE,1,2029,,,,,,0.0741
EmissionActivityRatio,BAU,RD,T5DSLIND,,CO2e_DE,1,2030,,,,,,0.0741
EmissionActivityRatio,BAU,RD,T5DSLIND,,CO2e_DE,1,2031,,,,,,0.0741
EmissionActivityRatio,BAU,RD,T5DSLIND,,CO2e_DE,1,2032,,,,,,0.0741
EmissionActivityRatio,BAU,RD,T5DSLIND,,CO2e_DE,1,2033,,,,,,0.0741
EmissionActivityRatio,BAU,RD,T5DSLIND,,CO2e_DE,1,2034,,,,,,0.0741
EmissionActivityRatio,BAU,RD,T5DSLIND,,CO2e_DE,1,2035,,,,,,0.0741
EmissionActivityRatio,BAU,RD,T5DSLIND,,CO2e_DE,1,2036,,,,,,0.0741
EmissionActivityRatio,BAU,RD,T5DSLIND,,CO2e_DE,1,2037,,,,,,0.0741
EmissionActivityRatio,BAU,RD,T5DSLIND,,CO2e_DE,1,2038,,,,,,0.0741
EmissionActivityRatio,BAU,RD,T5DSLIND,,CO2e_DE,1,2039,,,,,,0.0741
EmissionActivityRatio,BAU,RD,T5DSLIND,,CO2e_DE,1,2040,,,,,,0.0741
EmissionActivityRatio,BAU,RD,T5DSLIND,,CO2e_DE,1,2041,,,,,,0.0741
EmissionActivityRatio,BAU,RD,T5DSLIND,,CO2e_DE,1,2042,,,,,,0.0741
EmissionActivityRatio,BAU,RD,T5DSLIND,,CO2e_DE,1,2043,,,,,,0.0741
EmissionActivityRatio,BAU,RD,T5DSLIND,,CO2e_DE,1,2044,,,,,,0.0741
EmissionActivityRatio,BAU,RD,T5DSLIND,,CO2e_DE,1,2045,,,,,,0.0741
EmissionActivityRatio,BAU,RD,T5DSLIND,,CO2e_DE,1,2046,,,,,,0.0741
EmissionActivityRatio,BAU,RD,T5DSLIND,,CO2e_DE,1,2047,,,,,,0.0741
EmissionActivityRatio,BAU,RD,T5DSLIND,,CO2e_DE,1,2048,,,,,,0.0741
EmissionActivityRatio,BAU,RD,T5DSLIND,,CO2e_DE,1,2049,,,,,,0.0741
EmissionActivityRatio,BAU,RD,T5DSLIND,,CO2e_DE,1,2050,,,,,,0.0741
EmissionActivityRatio,BAU,RD,T5GSLIND,,CO2e_DE,1,2018,,,,,,0.0693
EmissionActivityRatio,BAU,RD,T5GSLIND,,CO2e_DE,1,2019,,,,,,0.0693
EmissionActivityRatio,BAU,RD,T5GSLIND,,CO2e_DE,1,2020,,,,,,0.0693
EmissionActivityRatio,BAU,RD,T5GSLIND,,CO2e_DE,1,2021,,,,,,0.0693
EmissionActivityRatio,BAU,RD,T5GSLIND,,CO2e_DE,1,2022,,,,,,0.0693
EmissionActivityRatio,BAU,RD,T5GSLIND,,CO2e_DE,1,2023,,,,,,0.0693
EmissionActivityRatio,BAU,RD,T5GSLIND,,CO2e_DE,1,2024,,,,,,0.0693
EmissionActivityRatio,BAU,RD,T5GSLIND,,CO2e_DE,1,2025,,,,,,0.0693
EmissionActivityRatio,BAU,RD,T5GSLIND,,CO2e_DE,1,2026,,,,,,0.0693
EmissionActivityRatio,BAU,RD,T5GSLIND,,CO2e_DE,1,2027,,,,,,0.0693
EmissionActivityRatio,BAU,RD,T5GSLIND,,CO2e_DE,1,2028,,,,,,0.0693
EmissionActivityRatio,BAU,RD,T5GSLIND,,CO2e_DE,1,2029,,,,,,0.0693
EmissionActivityRatio,BAU,RD,T5GSLIND,,CO2e_DE,1,2030,,,,,,0.0693
EmissionActivityRatio,BAU,RD,T5GSLIND,,CO2e_DE,1,2031,,,,,,0.0693
EmissionActivityRatio,BAU,RD,T5GSLIND,,CO2e_DE,1,2032,,,,,,0.0693
EmissionActivityRatio,BAU,RD,T5GSLIND,,CO2e_DE,1,2033,,,,,,0.0693
EmissionActivityRatio,BAU,RD,T5GSLIND,,CO2e_DE,1,2034,,,,,,0.0693
EmissionActivityRatio,BAU,RD,T5GSLIND,,CO2e_DE,1,2035,,,,,,0.0693
EmissionActivityRatio,BAU,RD,T5GSLIND,,CO2e_DE,1,2036,,,,,,0.0693
EmissionActivityRatio,BAU,RD,T5GSLIND,,CO2e_DE,1,2037,,,,,,0.0693
EmissionActivityRatio,BAU,RD,T5GSLIND,,CO2e_DE,1,2038,,,,,,0.0693
EmissionActivityRatio,BAU,RD,T5GSLIND,,CO2e_DE,1,2039,,,,,,0.0693
EmissionActivityRatio,BAU,RD,T5GSLIND,,CO2e_DE,1,2040,,,,,,0.0693
EmissionActivityRatio,BAU,RD,T5GSLIND,,CO2e_DE,1,2041,,,,,,0.0693
EmissionActivityRatio,BAU,RD,T5GSLIND,,CO2e_DE,1,2042,,,,,,0.0693
EmissionActivityRatio,BAU,RD,T5GSLIND,,CO2e_DE,1,2043,,,,,,0.0693
EmissionActivityRatio,BAU,RD,T5GSLIND,,CO2e_DE,1,2044,,,,,,0.0693
EmissionActivityRatio,BAU,RD,T5GSLIND,,CO2e_DE,1,2045,,,,,,0.0693
EmissionActivityRatio,BAU,RD,T5GSLIND,,CO2e_DE,1,2046,,,,,,0.0693
EmissionActivityRatio,BAU,RD,T5GSLIND,,CO2e_DE,1,2047,,,,,,0.0693
EmissionActivityRatio,BAU,RD,T5GSLIND,,CO2e_DE,1,2048,,,,,,0.0693
EmissionActivityRatio,BAU,RD,T5GSLIND,,CO2e_DE,1,2049,,,,,,0.0693
EmissionActivityRatio,BAU,RD,T5GSLIND,,CO2e_DE,1,2050,,,,,,0.0693
EmissionActivityRatio,BAU,RD,T5NGSIND,,CO2e_DE,1,2018,,,,,,0.0561
EmissionActivityRatio,BAU,RD,T5NGSIND,,CO2e_DE,1,2019,,,,,,0.0561
EmissionActivityRatio,BAU,RD,T5NGSIND,,CO2e_DE,1,2020,,,,,,0.0561
EmissionActivityRatio,BAU,RD,T5NGSIND,,CO2e_DE,1,2021,,,,,,0.0561
EmissionActivityRatio,BAU,RD,T5NGSIND,,CO2e_DE,1,2022,,,,,,0.0561
EmissionActivityRatio,BAU,RD,T5NGSIND,,CO2e_DE,1,2023,,,,,,0.0561
EmissionActivityRatio,BAU,RD,T5NGSIND,,CO2e_DE,1,2024,,,,,,0.0561
EmissionActivityRatio,BAU,RD,T5NGSIND,,CO2e_DE,1,2025,,,,,,0.0561
EmissionActivityRatio,BAU,RD,T5NGSIND,,CO2e_DE,1,2026,,,,,,0.0561
EmissionActivityRatio,BAU,RD,T5NGSIND,,CO2e_DE,1,2027,,,,,,0.0561
EmissionActivityRatio,BAU,RD,T5NGSIND,,CO2e_DE,1,2028,,,,,,0.0561
EmissionActivityRatio,BAU,RD,T5NGSIND,,CO2e_DE,1,2029,,,,,,0.0561
EmissionActivityRatio,BAU,RD,T5NGSIND,,CO2e_DE,1,2030,,,,,,0.0561
EmissionActivityRatio,BAU,RD,T5NGSIND,,CO2e_DE,1,2031,,,,,,0.0561
EmissionActivityRatio,BAU,RD,T5NGSIND,,CO2e_DE,1,2032,,,,,,0.0561
EmissionActivityRatio,BAU,RD,T5NGSIND,,CO2e_DE,1,2033,,,,,,0.0561
EmissionActivityRatio,BAU,RD,T5NGSIND,,CO2e_DE,1,2034,,,,,,0.0561
EmissionActivityRatio,BAU,RD,T5NGSIND,,CO2e_DE,1,2035,,,,,,0.0561
EmissionActivityRatio,BAU,RD,T5NGSIND,,CO2e_DE,1,2036,,,,,,0.0561
EmissionActivityRatio,BAU,RD,T5NGSIND,,CO2e_DE,1,2037,,,,,,0.0561
EmissionActivityRatio,BAU,RD,T5NGSIND,,CO2e_DE,1,2038,,,,,,0.0561
EmissionActivityRatio,BAU,RD,T5NGSIND,,CO2e_DE,1,2039,,,,,,0.0561
EmissionActivityRatio,BAU,RD,T5NGSIND,,CO2e_DE,1,2040,,,,,,0.0561
EmissionActivityRatio,BAU,RD,T5NGSIND,,CO2e_DE,1,2041,,,,,,0.0561
EmissionActivityRatio,BAU,RD,T5NGSIND,,CO2e_DE,1,2042,,,,,,0.0561
EmissionActivityRatio,BAU,RD,T5NGSIND,,CO2e_DE,1,2043,,,,,,0.0561
EmissionActivityRatio,BAU,RD,T5NGSIND,,CO2e_DE,1,2044,,,,,,0.0561
EmissionActivityRatio,BAU,RD,T5NGSIND,,CO2e_DE,1,2045,,,,,,0.0561
EmissionActivityRatio,BAU,RD,T5NGSIND,,CO2e_DE,1,2046,,,,,,0.0561
EmissionActivityRatio,BAU,RD,T5NGSIND,,CO2e_DE,1,2047,,,,,,0.0561
EmissionActivityRatio,BAU,RD,T5NGSIND,,CO2e_DE,1,2048,,,,,,0.0561
EmissionActivityRatio,BAU,RD,T5NGSIND,,CO2e_DE,1,2049,,,,,,0.0561
EmissionActivityRatio,BAU,RD,T5NGSIND,,CO2e_DE,1,2050,,,,,,0.0561
EmissionActivityRatio,BAU,RD,T5LPGIND,,CO2e_DE,1,2018,,,,,,0.0631
EmissionActivityRatio,BAU,RD,T5LPGIND,,CO2e_DE,1,2019,,,,,,0.0631
EmissionActivityRatio,BAU,RD,T5LPGIND,,CO2e_DE,1,2020,,,,,,0.0631
EmissionActivityRatio,BAU,RD,T5LPGIND,,CO2e_DE,1,2021,,,,,,0.0631
EmissionActivityRatio,BAU,RD,T5LPGIND,,CO2e_DE,1,2022,,,,,,0.0631
EmissionActivityRatio,BAU,RD,T5LPGIND,,CO2e_DE,1,2023,,,,,,0.0631
EmissionActivityRatio,BAU,RD,T5LPGIND,,CO2e_DE,1,2024,,,,,,0.0631
EmissionActivityRatio,BAU,RD,T5LPGIND,,CO2e_DE,1,2025,,,,,,0.0631
EmissionActivityRatio,BAU,RD,T5LPGIND,,CO2e_DE,1,2026,,,,,,0.0631
EmissionActivityRatio,BAU,RD,T5LPGIND,,CO2e_DE,1,2027,,,,,,0.0631
EmissionActivityRatio,BAU,RD,T5LPGIND,,CO2e_DE,1,2028,,,,,,0.0631
EmissionActivityRatio,BAU,RD,T5LPGIND,,CO2e_DE,1,2029,,,,,,0.0631
EmissionActivityRatio,BAU,RD,T5LPGIND,,CO2e_DE,1,2030,,,,,,0.0631
EmissionActivityRatio,BAU,RD,T5LPGIND,,CO2e_DE,1,2031,,,,,,0.0631
EmissionActivityRatio,BAU,RD,T5LPGIND,,CO2e_DE,1,2032,,,,,,0.0631
EmissionActivityRatio,BAU,RD,T5LPGIND,,CO2e_DE,1,2033,,,,,,0.0631
EmissionActivityRatio,BAU,RD,T5LPGIND,,CO2e_DE,1,2034,,,,,,0.0631
EmissionActivityRatio,BAU,RD,T5LPGIND,,CO2e_DE,1,2035,,,,,,0.0631
EmissionActivityRatio,BAU,RD,T5LPGIND,,CO2e_DE,1,2036,,,,,,0.0631
EmissionActivityRatio,BAU,RD,T5LPGIND,,CO2e_DE,1,2037,,,,,,0.0631
EmissionActivityRatio,BAU,RD,T5LPGIND,,CO2e_DE,1,2038,,,,,,0.0631
EmissionActivityRatio,BAU,RD,T5LPGIND,,CO2e_DE,1,2039,,,,,,0.0631
EmissionActivityRatio,BAU,RD,T5LPGIND,,CO2e_DE,1,2040,,,,,,0.0631
EmissionActivityRatio,BAU,RD,T5LPGIND,,CO2e_DE,1,2041,,,,,,0.0631
EmissionActivityRatio,BAU,RD,T5LPGIND,,CO2e_DE,1,2042,,,,,,0.0631
EmissionActivityRatio,BAU,RD,T5LPGIND,,CO2e_DE,1,2043,,,,,,0.0631
EmissionActivityRatio,BAU,RD,T5LPGIND,,CO2e_DE,1,2044,,,,,,0.0631
EmissionActivityRatio,BAU,RD,T5LPGIND,,CO2e_DE,1,2045,,,,,,0.0631
EmissionActivityRatio,BAU,RD,T5LPGIND,,CO2e_DE,1,2046,,,,,,0.0631
EmissionActivityRatio,BAU,RD,T5LPGIND,,CO2e_DE,1,2047,,,,,,0.0631
EmissionActivityRatio,BAU,RD,T5LPGIND,,CO2e_DE,1,2048,,,,,,0.0631
EmissionActivityRatio,BAU,RD,T5LPGIND,,CO2e_DE,1,2049,,,,,,0.0631
EmissionActivityRatio,BAU,RD,T5LPGIND,,CO2e_DE,1,2050,,,,,,0.0631
EmissionActivityRatio,BAU,RD,T5ELEIND,,CO2e_DE,1,2018,,,,,,0.0
EmissionActivityRatio,BAU,RD,T5ELEIND,,CO2e_DE,1,2019,,,,,,0.0
EmissionActivityRatio,BAU,RD,T5ELEIND,,CO2e_DE,1,2020,,,,,,0.0
EmissionActivityRatio,BAU,RD,T5ELEIND,,CO2e_DE,1,2021,,,,,,0.0
EmissionActivityRatio,BAU,RD,T5ELEIND,,CO2e_DE,1,2022,,,,,,0.0
EmissionActivityRatio,BAU,RD,T5ELEIND,,CO2e_DE,1,2023,,,,,,0.0
EmissionActivityRatio,BAU,RD,T5ELEIND,,CO2e_DE,1,2024,,,,,,0.0
EmissionActivityRatio,BAU,RD,T5ELEIND,,CO2e_DE,1,2025,,,,,,0.0
EmissionActivityRatio,BAU,RD,T5ELEIND,,CO2e_DE,1,2026,,,,,,0.0
EmissionActivityRatio,BAU,RD,T5ELEIND,,CO2e_DE,1,2027,,,,,,0.0
EmissionActivityRatio,BAU,RD,T5ELEIND,,CO2e_DE,1,2028,,,,,,0.0
EmissionActivityRatio,BAU,RD,T5ELEIND,,CO2e_DE,1,2029,,,,,,0.0
EmissionActivityRatio,BAU,RD,T5ELEIND,,CO2e_DE,1,2030,,,,,,0.0
EmissionActivityRatio,BAU,RD,T5ELEIND,,CO2e_DE,1,2031,,,,,,0.0
EmissionActivityRatio,BAU,RD,T5ELEIND,,CO2e_DE,1,2032,,,,,,0.0
EmissionActivityRatio,BAU,RD,T5ELEIND,,CO2e_DE,1,2033,,,,,,0.0
EmissionActivityRatio,BAU,RD,T5ELEIND,,CO2e_DE,1,2034,,,,,,0.0
EmissionActivityRatio,BAU,RD,T5ELEIND,,CO2e_DE,1,2035,,,,,,0.0
EmissionActivityRatio,BAU,RD,T5ELEIND,,CO2e_DE,1,2036,,,,,,0.0
EmissionActivityRatio,BAU,RD,T5ELEIND,,CO2e_DE,1,2037,,,,,,0.0
EmissionActivityRatio,BAU,RD,T5ELEIND,,CO2e_DE,1,2038,,,,,,0.0
EmissionActivityRatio,BAU,RD,T5ELEIND,,CO2e_DE,1,2039,,,,,,0.0
EmissionActivityRatio,BAU,RD,T5ELEIND,,CO2e_DE,1,2040,,,,,,0.0
EmissionActivityRatio,BAU,RD,T5ELEIND,,CO2e_DE,1,2041,,,,,,0.0
EmissionActivityRatio,BAU,RD,T5ELEIND,,CO2e_DE,1,2042,,,,,,0.0
EmissionActivityRatio,BAU,RD,T5ELEIND,,CO2e_DE,1,2043,,,,,,0.0
EmissionActivityRatio,BAU,RD,T5ELEIND,,CO2e_DE,1,2044,,,,,,0.0
EmissionActivityRatio,BAU,RD,T5ELEIND,,CO2e_DE,1,2045,,,,,,0.0
EmissionActivityRatio,BAU,RD,T5ELEIND,,CO2e_DE,1,2046,,,,,,0.0
EmissionActivityRatio,BAU,RD,T5ELEIND,,CO2e_DE,1,2047,,,,,,0.0
EmissionActivityRatio,BAU,RD,T5ELEIND,,CO2e_DE,1,2048,,,,,,0.0
EmissionActivityRatio,BAU,RD,T5ELEIND,,CO2e_DE,1,2049,,,,,,0.0
EmissionActivityRatio,BAU,RD,T5ELEIND,,CO2e_DE,1,2050,,,,,,0.0
EmissionActivityRatio,BAU,RD,T5HYDIND,,CO2e_DE,1,2018,,,,,,0.0
EmissionActivityRatio,BAU,RD,T5HYDIND,,CO2e_DE,1,2019,,,,,,0.0
EmissionActivityRatio,BAU,RD,T5HYDIND,,CO2e_DE,1,2020,,,,,,0.0
EmissionActivityRatio,BAU,RD,T5HYDIND,,CO2e_DE,1,2021,,,,,,0.0
EmissionActivityRatio,BAU,RD,T5HYDIND,,CO2e_DE,1,2022,,,,,,0.0
EmissionActivityRatio,BAU,RD,T5HYDIND,,CO2e_DE,1,2023,,,,,,0.0
EmissionActivityRatio,BAU,RD,T5HYDIND,,CO2e_DE,1,2024,,,,,,0.0
EmissionActivityRatio,BAU,RD,T5HYDIND,,CO2e_DE,1,2025,,,,,,0.0
EmissionActivityRatio,BAU,RD,T5HYDIND,,CO2e_DE,1,2026,,,,,,0.0
EmissionActivityRatio,BAU,RD,T5HYDIND,,CO2e_DE,1,2027,,,,,,0.0
EmissionActivityRatio,BAU,RD,T5HYDIND,,CO2e_DE,1,2028,,,,,,0.0
EmissionActivityRatio,BAU,RD,T5HYDIND,,CO2e_DE,1,2029,,,,,,0.0
EmissionActivityRatio,BAU,RD,T5HYDIND,,CO2e_DE,1,2030,,,,,,0.0
EmissionActivityRatio,BAU,RD,T5HYDIND,,CO2e_DE,1,2031,,,,,,0.0
EmissionActivityRatio,BAU,RD,T5HYDIND,,CO2e_DE,1,2032,,,,,,0.0
EmissionActivityRatio,BAU,RD,T5HYDIND,,CO2e_DE,1,2033,,,,,,0.0
EmissionActivityRatio,BAU,RD,T5HYDIND,,CO2e_DE,1,2034,,,,,,0.0
EmissionActivityRatio,BAU,RD,T5HYDIND,,CO2e_DE,1,2035,,,,,,0.0
EmissionActivityRatio,BAU,RD,T5HYDIND,,CO2e_DE,1,2036,,,,,,0.0
EmissionActivityRatio,BAU,RD,T5HYDIND,,CO2e_DE,1,2037,,,,,,0.0
EmissionActivityRatio,BAU,RD,T5HYDIND,,CO2e_DE,1,2038,,,,,,0.0
EmissionActivityRatio,BAU,RD,T5HYDIND,,CO2e_DE,1,2039,,,,,,0.0
EmissionActivityRatio,BAU,RD,T5HYDIND,,CO2e_DE,1,2040,,,,,,0.0
EmissionActivityRatio,BAU,RD,T5HYDIND,,CO2e_DE,1,2041,,,,,,0.0
EmissionActivityRatio,BAU,RD,T5HYDIND,,CO2e_DE,1,2042,,,,,,0.0
EmissionActivityRatio,BAU,RD,T5HYDIND,,CO2e_DE,1,2043,,,,,,0.0
EmissionActivityRatio,BAU,RD,T5HYDIND,,CO2e_DE,1,2044,,,,,,0.0
EmissionActivityRatio,BAU,RD,T5HYDIND,,CO2e_DE,1,2045,,,,,,0.0
EmissionActivityRatio,BAU,RD,T5HYDIND,,CO2e_DE,1,2046,,,,,,0.0
EmissionActivityRatio,BAU,RD,T5HYDIND,,CO2e_DE,1,2047,,,,,,0.0
EmissionActivityRatio,BAU,RD,T5HYDIND,,CO2e_DE,1,2048,,,,,,0.0
EmissionActivityRatio,BAU,RD,T5HYDIND,,CO2e_DE,1,2049,,,,,,0.0
EmissionActivityRatio,BAU,RD,T5HYDIND,,CO2e_DE,1,2050,,,,,,0.0
EmissionActivityRatio,BAU,RD,T5COKIND,,CO2e_DE,1,2018,,,,,,0.0975
EmissionActivityRatio,BAU,RD,T5COKIND,,CO2e_DE,1,2019,,,,,,0.0975
EmissionActivityRatio,BAU,RD,T5COKIND,,CO2e_DE,1,2020,,,,,,0.0975
EmissionActivityRatio,BAU,RD,T5COKIND,,CO2e_DE,1,2021,,,,,,0.0975
EmissionActivityRatio,BAU,RD,T5COKIND,,CO2e_DE,1,2022,,,,,,0.0975
EmissionActivityRatio,BAU,RD,T5COKIND,,CO2e_DE,1,2023,,,,,,0.0975
EmissionActivityRatio,BAU,RD,T5COKIND,,CO2e_DE,1,2024,,,,,,0.0975
EmissionActivityRatio,BAU,RD,T5COKIND,,CO2e_DE,1,2025,,,,,,0.0975
EmissionActivityRatio,BAU,RD,T5COKIND,,CO2e_DE,1,2026,,,,,,0.0975
EmissionActivityRatio,BAU,RD,T5COKIND,,CO2e_DE,1,2027,,,,,,0.0975
EmissionActivityRatio,BAU,RD,T5COKIND,,CO2e_DE,1,2028,,,,,,0.0975
EmissionActivityRatio,BAU,RD,T5COKIND,,CO2e_DE,1,2029,,,,,,0.0975
EmissionActivityRatio,BAU,RD,T5COKIND,,CO2e_DE,1,2030,,,,,,0.0975
EmissionActivityRatio,BAU,RD,T5COKIND,,CO2e_DE,1,2031,,,,,,0.0975
EmissionActivityRatio,BAU,RD,T5COKIND,,CO2e_DE,1,2032,,,,,,0.0975
EmissionActivityRatio,BAU,RD,T5COKIND,,CO2e_DE,1,2033,,,,,,0.0975
EmissionActivityRatio,BAU,RD,T5COKIND,,CO2e_DE,1,2034,,,,,,0.0975
EmissionActivityRatio,BAU,RD,T5COKIND,,CO2e_DE,1,2035,,,,,,0.0975
EmissionActivityRatio,BAU,RD,T5COKIND,,CO2e_DE,1,2036,,,,,,0.0975
EmissionActivityRatio,BAU,RD,T5COKIND,,CO2e_DE,1,2037,,,,,,0.0975
EmissionActivityRatio,BAU,RD,T5COKIND,,CO2e_DE,1,2038,,,,,,0.0975
EmissionActivityRatio,BAU,RD,T5COKIND,,CO2e_DE,1,2039,,,,,,0.0975
EmissionActivityRatio,BAU,RD,T5COKIND,,CO2e_DE,1,2040,,,,,,0.0975
EmissionActivityRatio,BAU,RD,T5COKIND,,CO2e_DE,1,2041,,,,,,0.0975
EmissionActivityRatio,BAU,RD,T5COKIND,,CO2e_DE,1,2042,,,,,,0.0975
EmissionActivityRatio,BAU,RD,T5COKIND,,CO2e_DE,1,2043,,,,,,0.0975
EmissionActivityRatio,BAU,RD,T5COKIND,,CO2e_DE,1,2044,,,,,,0.0975
EmissionActivityRatio,BAU,RD,T5COKIND,,CO2e_DE,1,2045,,,,,,0.0975
EmissionActivityRatio,BAU,RD,T5COKIND,,CO2e_DE,1,2046,,,,,,0.0975
EmissionActivityRatio,BAU,RD,T5COKIND,,CO2e_DE,1,2047,,,,,,0.0975
EmissionActivityRatio,BAU,RD,T5COKIND,,CO2e_DE,1,2048,,,,,,0.0975
EmissionActivityRatio,BAU,RD,T5COKIND,,CO2e_DE,1,2049,,,,,,0.0975
EmissionActivityRatio,BAU,RD,T5COKIND,,CO2e_DE,1,2050,,,,,,0.0975
EmissionActivityRatio,BAU,RD,T5BIMIND,,CO2e_DE,1,2018,,,,,,0.0
EmissionActivityRatio,BAU,RD,T5BIMIND,,CO2e_DE,1,2019,,,,,,0.0
EmissionActivityRatio,BAU,RD,T5BIMIND,,CO2e_DE,1,2020,,,,,,0.0
EmissionActivityRatio,BAU,RD,T5BIMIND,,CO2e_DE,1,2021,,,,,,0.0
EmissionActivityRatio,BAU,RD,T5BIMIND,,CO2e_DE,1,2022,,,,,,0.0
EmissionActivityRatio,BAU,RD,T5BIMIND,,CO2e_DE,1,2023,,,,,,0.0
EmissionActivityRatio,BAU,RD,T5BIMIND,,CO2e_DE,1,2024,,,,,,0.0
EmissionActivityRatio,BAU,RD,T5BIMIND,,CO2e_DE,1,2025,,,,,,0.0
EmissionActivityRatio,BAU,RD,T5BIMIND,,CO2e_DE,1,2026,,,,,,0.0
EmissionActivityRatio,BAU,RD,T5BIMIND,,CO2e_DE,1,2027,,,,,,0.0
EmissionActivityRatio,BAU,RD,T5BIMIND,,CO2e_DE,1,2028,,,,,,0.0
EmissionActivityRatio,BAU,RD,T5BIMIND,,CO2e_DE,1,2029,,,,,,0.0
EmissionActivityRatio,BAU,RD,T5BIMIND,,CO2e_DE,1,2030,,,,,,0.0
EmissionActivityRatio,BAU,RD,T5BIMIND,,CO2e_DE,1,2031,,,,,,0.0
EmissionActivityRatio,BAU,RD,T5BIMIND,,CO2e_DE,1,2032,,,,,,0.0
EmissionActivityRatio,BAU,RD,T5BIMIND,,CO2e_DE,1,2033,,,,,,0.0
EmissionActivityRatio,BAU,RD,T5BIMIND,,CO2e_DE,1,2034,,,,,,0.0
EmissionActivityRatio,BAU,RD,T5BIMIND,,CO2e_DE,1,2035,,,,,,0.0
EmissionActivityRatio,BAU,RD,T5BIMIND,,CO2e_DE,1,2036,,,,,,0.0
EmissionActivityRatio,BAU,RD,T5BIMIND,,CO2e_DE,1,2037,,,,,,0.0
EmissionActivityRatio,BAU,RD,T5BIMIND,,CO2e_DE,1,2038,,,,,,0.0
EmissionActivityRatio,BAU,RD,T5BIMIND,,CO2e_DE,1,2039,,,,,,0.0
EmissionActivityRatio,BAU,RD,T5BIMIND,,CO2e_DE,1,2040,,,,,,0.0
EmissionActivityRatio,BAU,RD,T5BIMIND,,CO2e_DE,1,2041,,,,,,0.0
EmissionActivityRatio,BAU,RD,T5BIMIND,,CO2e_DE,1,2042,,,,,,0.0
EmissionActivityRatio,BAU,RD,T5BIMIND,,CO2e_DE,1,2043,,,,,,0.0
EmissionActivityRatio,BAU,RD,T5BIMIND,,CO2e_DE,1,2044,,,,,,0.0
EmissionActivityRatio,BAU,RD,T5BIMIND,,CO2e_DE,1,2045,,,,,,0.0
EmissionActivityRatio,BAU,RD,T5BIMIND,,CO2e_DE,1,2046,,,,,,0.0
EmissionActivityRatio,BAU,RD,T5BIMIND,,CO2e_DE,1,2047,,,,,,0.0
EmissionActivityRatio,BAU,RD,T5BIMIND,,CO2e_DE,1,2048,,,,,,0.0
EmissionActivityRatio,BAU,RD,T5BIMIND,,CO2e_DE,1,2049,,,,,,0.0
EmissionActivityRatio,BAU,RD,T5BIMIND,,CO2e_DE,1,2050,,,,,,0.0
EmissionActivityRatio,BAU,RD,T5COAIND,,CO2e_DE,1,2018,,,,,,0.0946
EmissionActivityRatio,BAU,RD,T5COAIND,,CO2e_DE,1,2019,,,,,,0.0946
EmissionActivityRatio,BAU,RD,T5COAIND,,CO2e_DE,1,2020,,,,,,0.0946
EmissionActivityRatio,BAU,RD,T5COAIND,,CO2e_DE,1,2021,,,,,,0.0946
EmissionActivityRatio,BAU,RD,T5COAIND,,CO2e_DE,1,2022,,,,,,0.0946
EmissionActivityRatio,BAU,RD,T5COAIND,,CO2e_DE,1,2023,,,,,,0.0946
EmissionActivityRatio,BAU,RD,T5COAIND,,CO2e_DE,1,2024,,,,,,0.0946
EmissionActivityRatio,BAU,RD,T5COAIND,,CO2e_DE,1,2025,,,,,,0.0946
EmissionActivityRatio,BAU,RD,T5COAIND,,CO2e_DE,1,2026,,,,,,0.0946
EmissionActivityRatio,BAU,RD,T5COAIND,,CO2e_DE,1,2027,,,,,,0.0946
EmissionActivityRatio,BAU,RD,T5COAIND,,CO2e_DE,1,2028,,,,,,0.0946
EmissionActivityRatio,BAU,RD,T5COAIND,,CO2e_DE,1,2029,,,,,,0.0946
EmissionActivityRatio,BAU,RD,T5COAIND,,CO2e_DE,1,2030,,,,,,0.0946
EmissionActivityRatio,BAU,RD,T5COAIND,,CO2e_DE,1,2031,,,,,,0.0946
EmissionActivityRatio,BAU,RD,T5COAIND,,CO2e_DE,1,2032,,,,,,0.0946
EmissionActivityRatio,BAU,RD,T5COAIND,,CO2e_DE,1,2033,,,,,,0.0946
EmissionActivityRatio,BAU,RD,T5COAIND,,CO2e_DE,1,2034,,,,,,0.0946
EmissionActivityRatio,BAU,RD,T5COAIND,,CO2e_DE,1,2035,,,,,,0.0946
EmissionActivityRatio,BAU,RD,T5COAIND,,CO2e_DE,1,2036,,,,,,0.0946
EmissionActivityRatio,BAU,RD,T5COAIND,,CO2e_DE,1,2037,,,,,,0.0946
EmissionActivityRatio,BAU,RD,T5COAIND,,CO2e_DE,1,2038,,,,,,0.0946
EmissionActivityRatio,BAU,RD,T5COAIND,,CO2e_DE,1,2039,,,,,,0.0946
EmissionActivityRatio,BAU,RD,T5COAIND,,CO2e_DE,1,2040,,,,,,0.0946
EmissionActivityRatio,BAU,RD,T5COAIND,,CO2e_DE,1,2041,,,,,,0.0946
EmissionActivityRatio,BAU,RD,T5COAIND,,CO2e_DE,1,2042,,,,,,0.0946
EmissionActivityRatio,BAU,RD,T5COAIND,,CO2e_DE,1,2043,,,,,,0.0946
EmissionActivityRatio,BAU,RD,T5COAIND,,CO2e_DE,1,2044,,,,,,0.0946
EmissionActivityRatio,BAU,RD,T5COAIND,,CO2e_DE,1,2045,,,,,,0.0946
EmissionActivityRatio,BAU,RD,T5COAIND,,CO2e_DE,1,2046,,,,,,0.0946
EmissionActivityRatio,BAU,RD,T5COAIND,,CO2e_DE,1,2047,,,,,,0.0946
EmissionActivityRatio,BAU,RD,T5COAIND,,CO2e_DE,1,2048,,,,,,0.0946
EmissionActivityRatio,BAU,RD,T5COAIND,,CO2e_DE,1,2049,,,,,,0.0946
EmissionActivityRatio,BAU,RD,T5COAIND,,CO2e_DE,1,2050,,,,,,0.0946
EmissionActivityRatio,BAU,RD,T5FOIIND,,CO2e_DE,1,2018,,,,,,0.0774
EmissionActivityRatio,BAU,RD,T5FOIIND,,CO2e_DE,1,2019,,,,,,0.0774
EmissionActivityRatio,BAU,RD,T5FOIIND,,CO2e_DE,1,2020,,,,,,0.0774
EmissionActivityRatio,BAU,RD,T5FOIIND,,CO2e_DE,1,2021,,,,,,0.0774
EmissionActivityRatio,BAU,RD,T5FOIIND,,CO2e_DE,1,2022,,,,,,0.0774
EmissionActivityRatio,BAU,RD,T5FOIIND,,CO2e_DE,1,2023,,,,,,0.0774
EmissionActivityRatio,BAU,RD,T5FOIIND,,CO2e_DE,1,2024,,,,,,0.0774
EmissionActivityRatio,BAU,RD,T5FOIIND,,CO2e_DE,1,2025,,,,,,0.0774
EmissionActivityRatio,BAU,RD,T5FOIIND,,CO2e_DE,1,2026,,,,,,0.0774
EmissionActivityRatio,BAU,RD,T5FOIIND,,CO2e_DE,1,2027,,,,,,0.0774
EmissionActivityRatio,BAU,RD,T5FOIIND,,CO2e_DE,1,2028,,,,,,0.0774
EmissionActivityRatio,BAU,RD,T5FOIIND,,CO2e_DE,1,2029,,,,,,0.0774
EmissionActivityRatio,BAU,RD,T5FOIIND,,CO2e_DE,1,2030,,,,,,0.0774
EmissionActivityRatio,BAU,RD,T5FOIIND,,CO2e_DE,1,2031,,,,,,0.0774
EmissionActivityRatio,BAU,RD,T5FOIIND,,CO2e_DE,1,2032,,,,,,0.0774
EmissionActivityRatio,BAU,RD,T5FOIIND,,CO2e_DE,1,2033,,,,,,0.0774
EmissionActivityRatio,BAU,RD,T5FOIIND,,CO2e_DE,1,2034,,,,,,0.0774
EmissionActivityRatio,BAU,RD,T5FOIIND,,CO2e_DE,1,2035,,,,,,0.0774
EmissionActivityRatio,BAU,RD,T5FOIIND,,CO2e_DE,1,2036,,,,,,0.0774
EmissionActivityRatio,BAU,RD,T5FOIIND,,CO2e_DE,1,2037,,,,,,0.0774
EmissionActivityRatio,BAU,RD,T5FOIIND,,CO2e_DE,1,2038,,,,,,0.0774
EmissionActivityRatio,BAU,RD,T5FOIIND,,CO2e_DE,1,2039,,,,,,0.0774
EmissionActivityRatio,BAU,RD,T5FOIIND,,CO2e_DE,1,2040,,,,,,0.0774
EmissionActivityRatio,BAU,RD,T5FOIIND,,CO2e_DE,1,2041,,,,,,0.0774
EmissionActivityRatio,BAU,RD,T5FOIIND,,CO2e_DE,1,2042,,,,,,0.0774
EmissionActivityRatio,BAU,RD,T5FOIIND,,CO2e_DE,1,2043,,,,,,0.0774
EmissionActivityRatio,BAU,RD,T5FOIIND,,CO2e_DE,1,2044,,,,,,0.0774
EmissionActivityRatio,BAU,RD,T5FOIIND,,CO2e_DE,1,2045,,,,,,0.0774
EmissionActivityRatio,BAU,RD,T5FOIIND,,CO2e_DE,1,2046,,,,,,0.0774
EmissionActivityRatio,BAU,RD,T5FOIIND,,CO2e_DE,1,2047,,,,,,0.0774
EmissionActivityRatio,BAU,RD,T5FOIIND,,CO2e_DE,1,2048,,,,,,0.0774
EmissionActivityRatio,BAU,RD,T5FOIIND,,CO2e_DE,1,2049,,,,,,0.0774
EmissionActivityRatio,BAU,RD,T5FOIIND,,CO2e_DE,1,2050,,,,,,0.0774
EmissionActivityRatio,BAU,RD,T5LPGRES,,CO2e_DE,1,2018,,,,,,0.0631
EmissionActivityRatio,BAU,RD,T5LPGRES,,CO2e_DE,1,2019,,,,,,0.0631
EmissionActivityRatio,BAU,RD,T5LPGRES,,CO2e_DE,1,2020,,,,,,0.0631
EmissionActivityRatio,BAU,RD,T5LPGRES,,CO2e_DE,1,2021,,,,,,0.0631
EmissionActivityRatio,BAU,RD,T5LPGRES,,CO2e_DE,1,2022,,,,,,0.0631
EmissionActivityRatio,BAU,RD,T5LPGRES,,CO2e_DE,1,2023,,,,,,0.0631
EmissionActivityRatio,BAU,RD,T5LPGRES,,CO2e_DE,1,2024,,,,,,0.0631
EmissionActivityRatio,BAU,RD,T5LPGRES,,CO2e_DE,1,2025,,,,,,0.0631
EmissionActivityRatio,BAU,RD,T5LPGRES,,CO2e_DE,1,2026,,,,,,0.0631
EmissionActivityRatio,BAU,RD,T5LPGRES,,CO2e_DE,1,2027,,,,,,0.0631
EmissionActivityRatio,BAU,RD,T5LPGRES,,CO2e_DE,1,2028,,,,,,0.0631
EmissionActivityRatio,BAU,RD,T5LPGRES,,CO2e_DE,1,2029,,,,,,0.0631
EmissionActivityRatio,BAU,RD,T5LPGRES,,CO2e_DE,1,2030,,,,,,0.0631
EmissionActivityRatio,BAU,RD,T5LPGRES,,CO2e_DE,1,2031,,,,,,0.0631
EmissionActivityRatio,BAU,RD,T5LPGRES,,CO2e_DE,1,2032,,,,,,0.0631
EmissionActivityRatio,BAU,RD,T5LPGRES,,CO2e_DE,1,2033,,,,,,0.0631
EmissionActivityRatio,BAU,RD,T5LPGRES,,CO2e_DE,1,2034,,,,,,0.0631
EmissionActivityRatio,BAU,RD,T5LPGRES,,CO2e_DE,1,2035,,,,,,0.0631
EmissionActivityRatio,BAU,RD,T5LPGRES,,CO2e_DE,1,2036,,,,,,0.0631
EmissionActivityRatio,BAU,RD,T5LPGRES,,CO2e_DE,1,2037,,,,,,0.0631
EmissionActivityRatio,BAU,RD,T5LPGRES,,CO2e_DE,1,2038,,,,,,0.0631
EmissionActivityRatio,BAU,RD,T5LPGRES,,CO2e_DE,1,2039,,,,,,0.0631
EmissionActivityRatio,BAU,RD,T5LPGRES,,CO2e_DE,1,2040,,,,,,0.0631
EmissionActivityRatio,BAU,RD,T5LPGRES,,CO2e_DE,1,2041,,,,,,0.0631
EmissionActivityRatio,BAU,RD,T5LPGRES,,CO2e_DE,1,2042,,,,,,0.0631
EmissionActivityRatio,BAU,RD,T5LPGRES,,CO2e_DE,1,2043,,,,,,0.0631
EmissionActivityRatio,BAU,RD,T5LPGRES,,CO2e_DE,1,2044,,,,,,0.0631
EmissionActivityRatio,BAU,RD,T5LPGRES,,CO2e_DE,1,2045,,,,,,0.0631
EmissionActivityRatio,BAU,RD,T5LPGRES,,CO2e_DE,1,2046,,,,,,0.0631
EmissionActivityRatio,BAU,RD,T5LPGRES,,CO2e_DE,1,2047,,,,,,0.0631
EmissionActivityRatio,BAU,RD,T5LPGRES,,CO2e_DE,1,2048,,,,,,0.0631
EmissionActivityRatio,BAU,RD,T5LPGRES,,CO2e_DE,1,2049,,,,,,0.0631
EmissionActivityRatio,BAU,RD,T5LPGRES,,CO2e_DE,1,2050,,,,,,0.0631
EmissionActivityRatio,BAU,RD,T5ELERES,,CO2e_DE,1,2018,,,,,,0.0
EmissionActivityRatio,BAU,RD,T5ELERES,,CO2e_DE,1,2019,,,,,,0.0
EmissionActivityRatio,BAU,RD,T5ELERES,,CO2e_DE,1,2020,,,,,,0.0
EmissionActivityRatio,BAU,RD,T5ELERES,,CO2e_DE,1,2021,,,,,,0.0
EmissionActivityRatio,BAU,RD,T5ELERES,,CO2e_DE,1,2022,,,,,,0.0
EmissionActivityRatio,BAU,RD,T5ELERES,,CO2e_DE,1,2023,,,,,,0.0
EmissionActivityRatio,BAU,RD,T5ELERES,,CO2e_DE,1,2024,,,,,,0.0
EmissionActivityRatio,BAU,RD,T5ELERES,,CO2e_DE,1,2025,,,,,,0.0
EmissionActivityRatio,BAU,RD,T5ELERES,,CO2e_DE,1,2026,,,,,,0.0
EmissionActivityRatio,BAU,RD,T5ELERES,,CO2e_DE,1,2027,,,,,,0.0
EmissionActivityRatio,BAU,RD,T5ELERES,,CO2e_DE,1,2028,,,,,,0.0
EmissionActivityRatio,BAU,RD,T5ELERES,,CO2e_DE,1,2029,,,,,,0.0
EmissionActivityRatio,BAU,RD,T5ELERES,,CO2e_DE,1,2030,,,,,,0.0
EmissionActivityRatio,BAU,RD,T5ELERES,,CO2e_DE,1,2031,,,,,,0.0
EmissionActivityRatio,BAU,RD,T5ELERES,,CO2e_DE,1,2032,,,,,,0.0
EmissionActivityRatio,BAU,RD,T5ELERES,,CO2e_DE,1,2033,,,,,,0.0
EmissionActivityRatio,BAU,RD,T5ELERES,,CO2e_DE,1,2034,,,,,,0.0
EmissionActivityRatio,BAU,RD,T5ELERES,,CO2e_DE,1,2035,,,,,,0.0
EmissionActivityRatio,BAU,RD,T5ELERES,,CO2e_DE,1,2036,,,,,,0.0
EmissionActivityRatio,BAU,RD,T5ELERES,,CO2e_DE,1,2037,,,,,,0.0
EmissionActivityRatio,BAU,RD,T5ELERES,,CO2e_DE,1,2038,,,,,,0.0
EmissionActivityRatio,BAU,RD,T5ELERES,,CO2e_DE,1,2039,,,,,,0.0
EmissionActivityRatio,BAU,RD,T5ELERES,,CO2e_DE,1,2040,,,,,,0.0
EmissionActivityRatio,BAU,RD,T5ELERES,,CO2e_DE,1,2041,,,,,,0.0
EmissionActivityRatio,BAU,RD,T5ELERES,,CO2e_DE,1,2042,,,,,,0.0
EmissionActivityRatio,BAU,RD,T5ELERES,,CO2e_DE,1,2043,,,,,,0.0
EmissionActivityRatio,BAU,RD,T5ELERES,,CO2e_DE,1,2044,,,,,,0.0
EmissionActivityRatio,BAU,RD,T5ELERES,,CO2e_DE,1,2045,,,,,,0.0
EmissionActivityRatio,BAU,RD,T5ELERES,,CO2e_DE,1,2046,,,,,,0.0
EmissionActivityRatio,BAU,RD,T5ELERES,,CO2e_DE,1,2047,,,,,,0.0
EmissionActivityRatio,BAU,RD,T5ELERES,,CO2e_DE,1,2048,,,,,,0.0
EmissionActivityRatio,BAU,RD,T5ELERES,,CO2e_DE,1,2049,,,,,,0.0
EmissionActivityRatio,BAU,RD,T5ELERES,,CO2e_DE,1,2050,,,,,,0.0
EmissionActivityRatio,BAU,RD,T5KERRES,,CO2e_DE,1,2018,,,,,,0.0719
EmissionActivityRatio,BAU,RD,T5KERRES,,CO2e_DE,1,2019,,,,,,0.0719
EmissionActivityRatio,BAU,RD,T5KERRES,,CO2e_DE,1,2020,,,,,,0.0719
EmissionActivityRatio,BAU,RD,T5KERRES,,CO2e_DE,1,2021,,,,,,0.0719
EmissionActivityRatio,BAU,RD,T5KERRES,,CO2e_DE,1,2022,,,,,,0.0719
EmissionActivityRatio,BAU,RD,T5KERRES,,CO2e_DE,1,2023,,,,,,0.0719
EmissionActivityRatio,BAU,RD,T5KERRES,,CO2e_DE,1,2024,,,,,,0.0719
EmissionActivityRatio,BAU,RD,T5KERRES,,CO2e_DE,1,2025,,,,,,0.0719
EmissionActivityRatio,BAU,RD,T5KERRES,,CO2e_DE,1,2026,,,,,,0.0719
EmissionActivityRatio,BAU,RD,T5KERRES,,CO2e_DE,1,2027,,,,,,0.0719
EmissionActivityRatio,BAU,RD,T5KERRES,,CO2e_DE,1,2028,,,,,,0.0719
EmissionActivityRatio,BAU,RD,T5KERRES,,CO2e_DE,1,2029,,,,,,0.0719
EmissionActivityRatio,BAU,RD,T5KERRES,,CO2e_DE,1,2030,,,,,,0.0719
EmissionActivityRatio,BAU,RD,T5KERRES,,CO2e_DE,1,2031,,,,,,0.0719
EmissionActivityRatio,BAU,RD,T5KERRES,,CO2e_DE,1,2032,,,,,,0.0719
EmissionActivityRatio,BAU,RD,T5KERRES,,CO2e_DE,1,2033,,,,,,0.0719
EmissionActivityRatio,BAU,RD,T5KERRES,,CO2e_DE,1,2034,,,,,,0.0719
EmissionActivityRatio,BAU,RD,T5KERRES,,CO2e_DE,1,2035,,,,,,0.0719
EmissionActivityRatio,BAU,RD,T5KERRES,,CO2e_DE,1,2036,,,,,,0.0719
EmissionActivityRatio,BAU,RD,T5KERRES,,CO2e_DE,1,2037,,,,,,0.0719
EmissionActivityRatio,BAU,RD,T5KERRES,,CO2e_DE,1,2038,,,,,,0.0719
EmissionActivityRatio,BAU,RD,T5KERRES,,CO2e_DE,1,2039,,,,,,0.0719
EmissionActivityRatio,BAU,RD,T5KERRES,,CO2e_DE,1,2040,,,,,,0.0719
EmissionActivityRatio,BAU,RD,T5KERRES,,CO2e_DE,1,2041,,,,,,0.0719
EmissionActivityRatio,BAU,RD,T5KERRES,,CO2e_DE,1,2042,,,,,,0.0719
EmissionActivityRatio,BAU,RD,T5KERRES,,CO2e_DE,1,2043,,,,,,0.0719
EmissionActivityRatio,BAU,RD,T5KERRES,,CO2e_DE,1,2044,,,,,,0.0719
EmissionActivityRatio,BAU,RD,T5KERRES,,CO2e_DE,1,2045,,,,,,0.0719
EmissionActivityRatio,BAU,RD,T5KERRES,,CO2e_DE,1,2046,,,,,,0.0719
EmissionActivityRatio,BAU,RD,T5KERRES,,CO2e_DE,1,2047,,,,,,0.0719
EmissionActivityRatio,BAU,RD,T5KERRES,,CO2e_DE,1,2048,,,,,,0.0719
EmissionActivityRatio,BAU,RD,T5KERRES,,CO2e_DE,1,2049,,,,,,0.0719
EmissionActivityRatio,BAU,RD,T5KERRES,,CO2e_DE,1,2050,,,,,,0.0719
EmissionActivityRatio,BAU,RD,T5FIRRES,,CO2e_DE,1,2018,,,,,,0.112
EmissionActivityRatio,BAU,RD,T5FIRRES,,CO2e_DE,1,2019,,,,,,0.112
EmissionActivityRatio,BAU,RD,T5FIRRES,,CO2e_DE,1,2020,,,,,,0.112
EmissionActivityRatio,BAU,RD,T5FIRRES,,CO2e_DE,1,2021,,,,,,0.112
EmissionActivityRatio,BAU,RD,T5FIRRES,,CO2e_DE,1,2022,,,,,,0.112
EmissionActivityRatio,BAU,RD,T5FIRRES,,CO2e_DE,1,2023,,,,,,0.112
EmissionActivityRatio,BAU,RD,T5FIRRES,,CO2e_DE,1,2024,,,,,,0.112
EmissionActivityRatio,BAU,RD,T5FIRRES,,CO2e_DE,1,2025,,,,,,0.112
EmissionActivityRatio,BAU,RD,T5FIRRES,,CO2e_DE,1,2026,,,,,,0.112
EmissionActivityRatio,BAU,RD,T5FIRRES,,CO2e_DE,1,2027,,,,,,0.112
EmissionActivityRatio,BAU,RD,T5FIRRES,,CO2e_DE,1,2028,,,,,,0.112
EmissionActivityRatio,BAU,RD,T5FIRRES,,CO2e_DE,1,2029,,,,,,0.112
EmissionActivityRatio,BAU,RD,T5FIRRES,,CO2e_DE,1,2030,,,,,,0.112
EmissionActivityRatio,BAU,RD,T5FIRRES,,CO2e_DE,1,2031,,,,,,0.112
EmissionActivityRatio,BAU,RD,T5FIRRES,,CO2e_DE,1,2032,,,,,,0.112
EmissionActivityRatio,BAU,RD,T5FIRRES,,CO2e_DE,1,2033,,,,,,0.112
EmissionActivityRatio,BAU,RD,T5FIRRES,,CO2e_DE,1,2034,,,,,,0.112
EmissionActivityRatio,BAU,RD,T5FIRRES,,CO2e_DE,1,2035,,,,,,0.112
EmissionActivityRatio,BAU,RD,T5FIRRES,,CO2e_DE,1,2036,,,,,,0.112
EmissionActivityRatio,BAU,RD,T5FIRRES,,CO2e_DE,1,2037,,,,,,0.112
EmissionActivityRatio,BAU,RD,T5FIRRES,,CO2e_DE,1,2038,,,,,,0.112
EmissionActivityRatio,BAU,RD,T5FIRRES,,CO2e_DE,1,2039,,,,,,0.112
EmissionActivityRatio,BAU,RD,T5FIRRES,,CO2e_DE,1,2040,,,,,,0.112
EmissionActivityRatio,BAU,RD,T5FIRRES,,CO2e_DE,1,2041,,,,,,0.112
EmissionActivityRatio,BAU,RD,T5FIRRES,,CO2e_DE,1,2042,,,,,,0.112
EmissionActivityRatio,BAU,RD,T5FIRRES,,CO2e_DE,1,2043,,,,,,0.112
EmissionActivityRatio,BAU,RD,T5FIRRES,,CO2e_DE,1,2044,,,,,,0.112
EmissionActivityRatio,BAU,RD,T5FIRRES,,CO2e_DE,1,2045,,,,,,0.112
EmissionActivityRatio,BAU,RD,T5FIRRES,,CO2e_DE,1,2046,,,,,,0.112
EmissionActivityRatio,BAU,RD,T5FIRRES,,CO2e_DE,1,2047,,,,,,0.112
EmissionActivityRatio,BAU,RD,T5FIRRES,,CO2e_DE,1,2048,,,,,,0.112
EmissionActivityRatio,BAU,RD,T5FIRRES,,CO2e_DE,1,2049,,,,,,0.112
EmissionActivityRatio,BAU,RD,T5FIRRES,,CO2e_DE,1,2050,,,,,,0.112
EmissionActivityRatio,BAU,RD,T5BIMRES,,CO2e_DE,1,2018,,,,,,0.0
EmissionActivityRatio,BAU,RD,T5BIMRES,,CO2e_DE,1,2019,,,,,,0.0
EmissionActivityRatio,BAU,RD,T5BIMRES,,CO2e_DE,1,2020,,,,,,0.0
EmissionActivityRatio,BAU,RD,T5BIMRES,,CO2e_DE,1,2021,,,,,,0.0
EmissionActivityRatio,BAU,RD,T5BIMRES,,CO2e_DE,1,2022,,,,,,0.0
EmissionActivityRatio,BAU,RD,T5BIMRES,,CO2e_DE,1,2023,,,,,,0.0
EmissionActivityRatio,BAU,RD,T5BIMRES,,CO2e_DE,1,2024,,,,,,0.0
EmissionActivityRatio,BAU,RD,T5BIMRES,,CO2e_DE,1,2025,,,,,,0.0
EmissionActivityRatio,BAU,RD,T5BIMRES,,CO2e_DE,1,2026,,,,,,0.0
EmissionActivityRatio,BAU,RD,T5BIMRES,,CO2e_DE,1,2027,,,,,,0.0
EmissionActivityRatio,BAU,RD,T5BIMRES,,CO2e_DE,1,2028,,,,,,0.0
EmissionActivityRatio,BAU,RD,T5BIMRES,,CO2e_DE,1,2029,,,,,,0.0
EmissionActivityRatio,BAU,RD,T5BIMRES,,CO2e_DE,1,2030,,,,,,0.0
EmissionActivityRatio,BAU,RD,T5BIMRES,,CO2e_DE,1,2031,,,,,,0.0
EmissionActivityRatio,BAU,RD,T5BIMRES,,CO2e_DE,1,2032,,,,,,0.0
EmissionActivityRatio,BAU,RD,T5BIMRES,,CO2e_DE,1,2033,,,,,,0.0
EmissionActivityRatio,BAU,RD,T5BIMRES,,CO2e_DE,1,2034,,,,,,0.0
EmissionActivityRatio,BAU,RD,T5BIMRES,,CO2e_DE,1,2035,,,,,,0.0
EmissionActivityRatio,BAU,RD,T5BIMRES,,CO2e_DE,1,2036,,,,,,0.0
EmissionActivityRatio,BAU,RD,T5BIMRES,,CO2e_DE,1,2037,,,,,,0.0
EmissionActivityRatio,BAU,RD,T5BIMRES,,CO2e_DE,1,2038,,,,,,0.0
EmissionActivityRatio,BAU,RD,T5BIMRES,,CO2e_DE,1,2039,,,,,,0.0
EmissionActivityRatio,BAU,RD,T5BIMRES,,CO2e_DE,1,2040,,,,,,0.0
EmissionActivityRatio,BAU,RD,T5BIMRES,,CO2e_DE,1,2041,,,,,,0.0
EmissionActivityRatio,BAU,RD,T5BIMRES,,CO2e_DE,1,2042,,,,,,0.0
EmissionActivityRatio,BAU,RD,T5BIMRES,,CO2e_DE,1,2043,,,,,,0.0
EmissionActivityRatio,BAU,RD,T5BIMRES,,CO2e_DE,1,2044,,,,,,0.0
EmissionActivityRatio,BAU,RD,T5BIMRES,,CO2e_DE,1,2045,,,,,,0.0
EmissionActivityRatio,BAU,RD,T5BIMRES,,CO2e_DE,1,2046,,,,,,0.0
EmissionActivityRatio,BAU,RD,T5BIMRES,,CO2e_DE,1,2047,,,,,,0.0
EmissionActivityRatio,BAU,RD,T5BIMRES,,CO2e_DE,1,2048,,,,,,0.0
EmissionActivityRatio,BAU,RD,T5BIMRES,,CO2e_DE,1,2049,,,,,,0.0
EmissionActivityRatio,BAU,RD,T5BIMRES,,CO2e_DE,1,2050,,,,,,0.0
EmissionActivityRatio,BAU,RD,T5GSLCON,,CO2e_DE,1,2018,,,,,,0.0693
EmissionActivityRatio,BAU,RD,T5GSLCON,,CO2e_DE,1,2019,,,,,,0.0693
EmissionActivityRatio,BAU,RD,T5GSLCON,,CO2e_DE,1,2020,,,,,,0.0693
EmissionActivityRatio,BAU,RD,T5GSLCON,,CO2e_DE,1,2021,,,,,,0.0693
EmissionActivityRatio,BAU,RD,T5GSLCON,,CO2e_DE,1,2022,,,,,,0.0693
EmissionActivityRatio,BAU,RD,T5GSLCON,,CO2e_DE,1,2023,,,,,,0.0693
EmissionActivityRatio,BAU,RD,T5GSLCON,,CO2e_DE,1,2024,,,,,,0.0693
EmissionActivityRatio,BAU,RD,T5GSLCON,,CO2e_DE,1,2025,,,,,,0.0693
EmissionActivityRatio,BAU,RD,T5GSLCON,,CO2e_DE,1,2026,,,,,,0.0693
EmissionActivityRatio,BAU,RD,T5GSLCON,,CO2e_DE,1,2027,,,,,,0.0693
EmissionActivityRatio,BAU,RD,T5GSLCON,,CO2e_DE,1,2028,,,,,,0.0693
EmissionActivityRatio,BAU,RD,T5GSLCON,,CO2e_DE,1,2029,,,,,,0.0693
EmissionActivityRatio,BAU,RD,T5GSLCON,,CO2e_DE,1,2030,,,,,,0.0693
EmissionActivityRatio,BAU,RD,T5GSLCON,,CO2e_DE,1,2031,,,,,,0.0693
EmissionActivityRatio,BAU,RD,T5GSLCON,,CO2e_DE,1,2032,,,,,,0.0693
EmissionActivityRatio,BAU,RD,T5GSLCON,,CO2e_DE,1,2033,,,,,,0.0693
EmissionActivityRatio,BAU,RD,T5GSLCON,,CO2e_DE,1,2034,,,,,,0.0693
EmissionActivityRatio,BAU,RD,T5GSLCON,,CO2e_DE,1,2035,,,,,,0.0693
EmissionActivityRatio,BAU,RD,T5GSLCON,,CO2e_DE,1,2036,,,,,,0.0693
EmissionActivityRatio,BAU,RD,T5GSLCON,,CO2e_DE,1,2037,,,,,,0.0693
EmissionActivityRatio,BAU,RD,T5GSLCON,,CO2e_DE,1,2038,,,,,,0.0693
EmissionActivityRatio,BAU,RD,T5GSLCON,,CO2e_DE,1,2039,,,,,,0.0693
EmissionActivityRatio,BAU,RD,T5GSLCON,,CO2e_DE,1,2040,,,,,,0.0693
EmissionActivityRatio,BAU,RD,T5GSLCON,,CO2e_DE,1,2041,,,,,,0.0693
EmissionActivityRatio,BAU,RD,T5GSLCON,,CO2e_DE,1,2042,,,,,,0.0693
EmissionActivityRatio,BAU,RD,T5GSLCON,,CO2e_DE,1,2043,,,,,,0.0693
EmissionActivityRatio,BAU,RD,T5GSLCON,,CO2e_DE,1,2044,,,,,,0.0693
EmissionActivityRatio,BAU,RD,T5GSLCON,,CO2e_DE,1,2045,,,,,,0.0693
EmissionActivityRatio,BAU,RD,T5GSLCON,,CO2e_DE,1,2046,,,,,,0.0693
EmissionActivityRatio,BAU,RD,T5GSLCON,,CO2e_DE,1,2047,,,,,,0.0693
EmissionActivityRatio,BAU,RD,T5GSLCON,,CO2e_DE,1,2048,,,,,,0.0693
EmissionActivityRatio,BAU,RD,T5GSLCON,,CO2e_DE,1,2049,,,,,,0.0693
EmissionActivityRatio,BAU,RD,T5GSLCON,,CO2e_DE,1,2050,,,,,,0.0693
EmissionActivityRatio,BAU,RD,T5LPGCON,,CO2e_DE,1,2018,,,,,,0.0631
EmissionActivityRatio,BAU,RD,T5LPGCON,,CO2e_DE,1,2019,,,,,,0.0631
EmissionActivityRatio,BAU,RD,T5LPGCON,,CO2e_DE,1,2020,,,,,,0.0631
EmissionActivityRatio,BAU,RD,T5LPGCON,,CO2e_DE,1,2021,,,,,,0.0631
EmissionActivityRatio,BAU,RD,T5LPGCON,,CO2e_DE,1,2022,,,,,,0.0631
EmissionActivityRatio,BAU,RD,T5LPGCON,,CO2e_DE,1,2023,,,,,,0.0631
EmissionActivityRatio,BAU,RD,T5LPGCON,,CO2e_DE,1,2024,,,,,,0.0631
EmissionActivityRatio,BAU,RD,T5LPGCON,,CO2e_DE,1,2025,,,,,,0.0631
EmissionActivityRatio,BAU,RD,T5LPGCON,,CO2e_DE,1,2026,,,,,,0.0631
EmissionActivityRatio,BAU,RD,T5LPGCON,,CO2e_DE,1,2027,,,,,,0.0631
EmissionActivityRatio,BAU,RD,T5LPGCON,,CO2e_DE,1,2028,,,,,,0.0631
EmissionActivityRatio,BAU,RD,T5LPGCON,,CO2e_DE,1,2029,,,,,,0.0631
EmissionActivityRatio,BAU,RD,T5LPGCON,,CO2e_DE,1,2030,,,,,,0.0631
EmissionActivityRatio,BAU,RD,T5LPGCON,,CO2e_DE,1,2031,,,,,,0.0631
EmissionActivityRatio,BAU,RD,T5LPGCON,,CO2e_DE,1,2032,,,,,,0.0631
EmissionActivityRatio,BAU,RD,T5LPGCON,,CO2e_DE,1,2033,,,,,,0.0631
EmissionActivityRatio,BAU,RD,T5LPGCON,,CO2e_DE,1,2034,,,,,,0.0631
EmissionActivityRatio,BAU,RD,T5LPGCON,,CO2e_DE,1,2035,,,,,,0.0631
EmissionActivityRatio,BAU,RD,T5LPGCON,,CO2e_DE,1,2036,,,,,,0.0631
EmissionActivityRatio,BAU,RD,T5LPGCON,,CO2e_DE,1,2037,,,,,,0.0631
EmissionActivityRatio,BAU,RD,T5LPGCON,,CO2e_DE,1,2038,,,,,,0.0631
EmissionActivityRatio,BAU,RD,T5LPGCON,,CO2e_DE,1,2039,,,,,,0.0631
EmissionActivityRatio,BAU,RD,T5LPGCON,,CO2e_DE,1,2040,,,,,,0.0631
EmissionActivityRatio,BAU,RD,T5LPGCON,,CO2e_DE,1,2041,,,,,,0.0631
EmissionActivityRatio,BAU,RD,T5LPGCON,,CO2e_DE,1,2042,,,,,,0.0631
EmissionActivityRatio,BAU,RD,T5LPGCON,,CO2e_DE,1,2043,,,,,,0.0631
EmissionActivityRatio,BAU,RD,T5LPGCON,,CO2e_DE,1,2044,,,,,,0.0631
EmissionActivityRatio,BAU,RD,T5LPGCON,,CO2e_DE,1,2045,,,,,,0.0631
EmissionActivityRatio,BAU,RD,T5LPGCON,,CO2e_DE,1,2046,,,,,,0.0631
EmissionActivityRatio,BAU,RD,T5LPGCON,,CO2e_DE,1,2047,,,,,,0.0631
EmissionActivityRatio,BAU,RD,T5LPGCON,,CO2e_DE,1,2048,,,,,,0.0631
EmissionActivityRatio,BAU,RD,T5LPGCON,,CO2e_DE,1,2049,,,,,,0.0631
EmissionActivityRatio,BAU,RD,T5LPGCON,,CO2e_DE,1,2050,,,,,,0.0631
EmissionActivityRatio,BAU,RD,T5NGSEXP,,CO2e_DE,1,2018,,,,,,0.0561
EmissionActivityRatio,BAU,RD,T5NGSEXP,,CO2e_DE,1,2019,,,,,,0.0561
EmissionActivityRatio,BAU,RD,T5NGSEXP,,CO2e_DE,1,2020,,,,,,0.0561
EmissionActivityRatio,BAU,RD,T5NGSEXP,,CO2e_DE,1,2021,,,,,,0.0561
EmissionActivityRatio,BAU,RD,T5NGSEXP,,CO2e_DE,1,2022,,,,,,0.0561
EmissionActivityRatio,BAU,RD,T5NGSEXP,,CO2e_DE,1,2023,,,,,,0.0561
EmissionActivityRatio,BAU,RD,T5NGSEXP,,CO2e_DE,1,2024,,,,,,0.0561
EmissionActivityRatio,BAU,RD,T5NGSEXP,,CO2e_DE,1,2025,,,,,,0.0561
EmissionActivityRatio,BAU,RD,T5NGSEXP,,CO2e_DE,1,2026,,,,,,0.0561
EmissionActivityRatio,BAU,RD,T5NGSEXP,,CO2e_DE,1,2027,,,,,,0.0561
EmissionActivityRatio,BAU,RD,T5NGSEXP,,CO2e_DE,1,2028,,,,,,0.0561
EmissionActivityRatio,BAU,RD,T5NGSEXP,,CO2e_DE,1,2029,,,,,,0.0561
EmissionActivityRatio,BAU,RD,T5NGSEXP,,CO2e_DE,1,2030,,,,,,0.0561
EmissionActivityRatio,BAU,RD,T5NGSEXP,,CO2e_DE,1,2031,,,,,,0.0561
EmissionActivityRatio,BAU,RD,T5NGSEXP,,CO2e_DE,1,2032,,,,,,0.0561
EmissionActivityRatio,BAU,RD,T5NGSEXP,,CO2e_DE,1,2033,,,,,,0.0561
EmissionActivityRatio,BAU,RD,T5NGSEXP,,CO2e_DE,1,2034,,,,,,0.0561
EmissionActivityRatio,BAU,RD,T5NGSEXP,,CO2e_DE,1,2035,,,,,,0.0561
EmissionActivityRatio,BAU,RD,T5NGSEXP,,CO2e_DE,1,2036,,,,,,0.0561
EmissionActivityRatio,BAU,RD,T5NGSEXP,,CO2e_DE,1,2037,,,,,,0.0561
EmissionActivityRatio,BAU,RD,T5NGSEXP,,CO2e_DE,1,2038,,,,,,0.0561
EmissionActivityRatio,BAU,RD,T5NGSEXP,,CO2e_DE,1,2039,,,,,,0.0561
EmissionActivityRatio,BAU,RD,T5NGSEXP,,CO2e_DE,1,2040,,,,,,0.0561
EmissionActivityRatio,BAU,RD,T5NGSEXP,,CO2e_DE,1,2041,,,,,,0.0561
EmissionActivityRatio,BAU,RD,T5NGSEXP,,CO2e_DE,1,2042,,,,,,0.0561
EmissionActivityRatio,BAU,RD,T5NGSEXP,,CO2e_DE,1,2043,,,,,,0.0561
EmissionActivityRatio,BAU,RD,T5NGSEXP,,CO2e_DE,1,2044,,,,,,0.0561
EmissionActivityRatio,BAU,RD,T5NGSEXP,,CO2e_DE,1,2045,,,,,,0.0561
EmissionActivityRatio,BAU,RD,T5NGSEXP,,CO2e_DE,1,2046,,,,,,0.0561
EmissionActivityRatio,BAU,RD,T5NGSEXP,,CO2e_DE,1,2047,,,,,,0.0561
EmissionActivityRatio,BAU,RD,T5NGSEXP,,CO2e_DE,1,2048,,,,,,0.0561
EmissionActivityRatio,BAU,RD,T5NGSEXP,,CO2e_DE,1,2049,,,,,,0.0561
EmissionActivityRatio,BAU,RD,T5NGSEXP,,CO2e_DE,1,2050,,,,,,0.0561
EmissionActivityRatio,BAU,RD,T5KEREXP,,CO2e_DE,1,2018,,,,,,0.0719
EmissionActivityRatio,BAU,RD,T5KEREXP,,CO2e_DE,1,2019,,,,,,0.0719
EmissionActivityRatio,BAU,RD,T5KEREXP,,CO2e_DE,1,2020,,,,,,0.0719
EmissionActivityRatio,BAU,RD,T5KEREXP,,CO2e_DE,1,2021,,,,,,0.0719
EmissionActivityRatio,BAU,RD,T5KEREXP,,CO2e_DE,1,2022,,,,,,0.0719
EmissionActivityRatio,BAU,RD,T5KEREXP,,CO2e_DE,1,2023,,,,,,0.0719
EmissionActivityRatio,BAU,RD,T5KEREXP,,CO2e_DE,1,2024,,,,,,0.0719
EmissionActivityRatio,BAU,RD,T5KEREXP,,CO2e_DE,1,2025,,,,,,0.0719
EmissionActivityRatio,BAU,RD,T5KEREXP,,CO2e_DE,1,2026,,,,,,0.0719
EmissionActivityRatio,BAU,RD,T5KEREXP,,CO2e_DE,1,2027,,,,,,0.0719
EmissionActivityRatio,BAU,RD,T5KEREXP,,CO2e_DE,1,2028,,,,,,0.0719
EmissionActivityRatio,BAU,RD,T5KEREXP,,CO2e_DE,1,2029,,,,,,0.0719
EmissionActivityRatio,BAU,RD,T5KEREXP,,CO2e_DE,1,2030,,,,,,0.0719
EmissionActivityRatio,BAU,RD,T5KEREXP,,CO2e_DE,1,2031,,,,,,0.0719
EmissionActivityRatio,BAU,RD,T5KEREXP,,CO2e_DE,1,2032,,,,,,0.0719
EmissionActivityRatio,BAU,RD,T5KEREXP,,CO2e_DE,1,2033,,,,,,0.0719
EmissionActivityRatio,BAU,RD,T5KEREXP,,CO2e_DE,1,2034,,,,,,0.0719
EmissionActivityRatio,BAU,RD,T5KEREXP,,CO2e_DE,1,2035,,,,,,0.0719
EmissionActivityRatio,BAU,RD,T5KEREXP,,CO2e_DE,1,2036,,,,,,0.0719
EmissionActivityRatio,BAU,RD,T5KEREXP,,CO2e_DE,1,2037,,,,,,0.0719
EmissionActivityRatio,BAU,RD,T5KEREXP,,CO2e_DE,1,2038,,,,,,0.0719
EmissionActivityRatio,BAU,RD,T5KEREXP,,CO2e_DE,1,2039,,,,,,0.0719
EmissionActivityRatio,BAU,RD,T5KEREXP,,CO2e_DE,1,2040,,,,,,0.0719
EmissionActivityRatio,BAU,RD,T5KEREXP,,CO2e_DE,1,2041,,,,,,0.0719
EmissionActivityRatio,BAU,RD,T5KEREXP,,CO2e_DE,1,2042,,,,,,0.0719
EmissionActivityRatio,BAU,RD,T5KEREXP,,CO2e_DE,1,2043,,,,,,0.0719
EmissionActivityRatio,BAU,RD,T5KEREXP,,CO2e_DE,1,2044,,,,,,0.0719
EmissionActivityRatio,BAU,RD,T5KEREXP,,CO2e_DE,1,2045,,,,,,0.0719
EmissionActivityRatio,BAU,RD,T5KEREXP,,CO2e_DE,1,2046,,,,,,0.0719
EmissionActivityRatio,BAU,RD,T5KEREXP,,CO2e_DE,1,2047,,,,,,0.0719
EmissionActivityRatio,BAU,RD,T5KEREXP,,CO2e_DE,1,2048,,,,,,0.0719
EmissionActivityRatio,BAU,RD,T5KEREXP,,CO2e_DE,1,2049,,,,,,0.0719
EmissionActivityRatio,BAU,RD,T5KEREXP,,CO2e_DE,1,2050,,,,,,0.0719
EmissionActivityRatio,BAU,RD,T5BIMEXP,,CO2e_DE,1,2018,,,,,,0.0
EmissionActivityRatio,BAU,RD,T5BIMEXP,,CO2e_DE,1,2019,,,,,,0.0
EmissionActivityRatio,BAU,RD,T5BIMEXP,,CO2e_DE,1,2020,,,,,,0.0
EmissionActivityRatio,BAU,RD,T5BIMEXP,,CO2e_DE,1,2021,,,,,,0.0
EmissionActivityRatio,BAU,RD,T5BIMEXP,,CO2e_DE,1,2022,,,,,,0.0
EmissionActivityRatio,BAU,RD,T5BIMEXP,,CO2e_DE,1,2023,,,,,,0.0
EmissionActivityRatio,BAU,RD,T5BIMEXP,,CO2e_DE,1,2024,,,,,,0.0
EmissionActivityRatio,BAU,RD,T5BIMEXP,,CO2e_DE,1,2025,,,,,,0.0
EmissionActivityRatio,BAU,RD,T5BIMEXP,,CO2e_DE,1,2026,,,,,,0.0
EmissionActivityRatio,BAU,RD,T5BIMEXP,,CO2e_DE,1,2027,,,,,,0.0
EmissionActivityRatio,BAU,RD,T5BIMEXP,,CO2e_DE,1,2028,,,,,,0.0
EmissionActivityRatio,BAU,RD,T5BIMEXP,,CO2e_DE,1,2029,,,,,,0.0
EmissionActivityRatio,BAU,RD,T5BIMEXP,,CO2e_DE,1,2030,,,,,,0.0
EmissionActivityRatio,BAU,RD,T5BIMEXP,,CO2e_DE,1,2031,,,,,,0.0
EmissionActivityRatio,BAU,RD,T5BIMEXP,,CO2e_DE,1,2032,,,,,,0.0
EmissionActivityRatio,BAU,RD,T5BIMEXP,,CO2e_DE,1,2033,,,,,,0.0
EmissionActivityRatio,BAU,RD,T5BIMEXP,,CO2e_DE,1,2034,,,,,,0.0
EmissionActivityRatio,BAU,RD,T5BIMEXP,,CO2e_DE,1,2035,,,,,,0.0
EmissionActivityRatio,BAU,RD,T5BIMEXP,,CO2e_DE,1,2036,,,,,,0.0
EmissionActivityRatio,BAU,RD,T5BIMEXP,,CO2e_DE,1,2037,,,,,,0.0
EmissionActivityRatio,BAU,RD,T5BIMEXP,,CO2e_DE,1,2038,,,,,,0.0
EmissionActivityRatio,BAU,RD,T5BIMEXP,,CO2e_DE,1,2039,,,,,,0.0
EmissionActivityRatio,BAU,RD,T5BIMEXP,,CO2e_DE,1,2040,,,,,,0.0
EmissionActivityRatio,BAU,RD,T5BIMEXP,,CO2e_DE,1,2041,,,,,,0.0
EmissionActivityRatio,BAU,RD,T5BIMEXP,,CO2e_DE,1,2042,,,,,,0.0
EmissionActivityRatio,BAU,RD,T5BIMEXP,,CO2e_DE,1,2043,,,,,,0.0
EmissionActivityRatio,BAU,RD,T5BIMEXP,,CO2e_DE,1,2044,,,,,,0.0
EmissionActivityRatio,BAU,RD,T5BIMEXP,,CO2e_DE,1,2045,,,,,,0.0
EmissionActivityRatio,BAU,RD,T5BIMEXP,,CO2e_DE,1,2046,,,,,,0.0
EmissionActivityRatio,BAU,RD,T5BIMEXP,,CO2e_DE,1,2047,,,,,,0.0
EmissionActivityRatio,BAU,RD,T5BIMEXP,,CO2e_DE,1,2048,,,,,,0.0
EmissionActivityRatio,BAU,RD,T5BIMEXP,,CO2e_DE,1,2049,,,,,,0.0
EmissionActivityRatio,BAU,RD,T5BIMEXP,,CO2e_DE,1,2050,,,,,,0.0
EmissionActivityRatio,BAU,RD,T5DSLTOT,,CO2e_DE,1,2018,,,,,,0.0741
EmissionActivityRatio,BAU,RD,T5DSLTOT,,CO2e_DE,1,2019,,,,,,0.0741
EmissionActivityRatio,BAU,RD,T5DSLTOT,,CO2e_DE,1,2020,,,,,,0.0741
EmissionActivityRatio,BAU,RD,T5DSLTOT,,CO2e_DE,1,2021,,,,,,0.0741
EmissionActivityRatio,BAU,RD,T5DSLTOT,,CO2e_DE,1,2022,,,,,,0.0741
EmissionActivityRatio,BAU,RD,T5DSLTOT,,CO2e_DE,1,2023,,,,,,0.0741
EmissionActivityRatio,BAU,RD,T5DSLTOT,,CO2e_DE,1,2024,,,,,,0.0741
EmissionActivityRatio,BAU,RD,T5DSLTOT,,CO2e_DE,1,2025,,,,,,0.0741
EmissionActivityRatio,BAU,RD,T5DSLTOT,,CO2e_DE,1,2026,,,,,,0.0741
EmissionActivityRatio,BAU,RD,T5DSLTOT,,CO2e_DE,1,2027,,,,,,0.0741
EmissionActivityRatio,BAU,RD,T5DSLTOT,,CO2e_DE,1,2028,,,,,,0.0741
EmissionActivityRatio,BAU,RD,T5DSLTOT,,CO2e_DE,1,2029,,,,,,0.0741
EmissionActivityRatio,BAU,RD,T5DSLTOT,,CO2e_DE,1,2030,,,,,,0.0741
EmissionActivityRatio,BAU,RD,T5DSLTOT,,CO2e_DE,1,2031,,,,,,0.0741
EmissionActivityRatio,BAU,RD,T5DSLTOT,,CO2e_DE,1,2032,,,,,,0.0741
EmissionActivityRatio,BAU,RD,T5DSLTOT,,CO2e_DE,1,2033,,,,,,0.0741
EmissionActivityRatio,BAU,RD,T5DSLTOT,,CO2e_DE,1,2034,,,,,,0.0741
EmissionActivityRatio,BAU,RD,T5DSLTOT,,CO2e_DE,1,2035,,,,,,0.0741
EmissionActivityRatio,BAU,RD,T5DSLTOT,,CO2e_DE,1,2036,,,,,,0.0741
EmissionActivityRatio,BAU,RD,T5DSLTOT,,CO2e_DE,1,2037,,,,,,0.0741
EmissionActivityRatio,BAU,RD,T5DSLTOT,,CO2e_DE,1,2038,,,,,,0.0741
EmissionActivityRatio,BAU,RD,T5DSLTOT,,CO2e_DE,1,2039,,,,,,0.0741
EmissionActivityRatio,BAU,RD,T5DSLTOT,,CO2e_DE,1,2040,,,,,,0.0741
EmissionActivityRatio,BAU,RD,T5DSLTOT,,CO2e_DE,1,2041,,,,,,0.0741
EmissionActivityRatio,BAU,RD,T5DSLTOT,,CO2e_DE,1,2042,,,,,,0.0741
EmissionActivityRatio,BAU,RD,T5DSLTOT,,CO2e_DE,1,2043,,,,,,0.0741
EmissionActivityRatio,BAU,RD,T5DSLTOT,,CO2e_DE,1,2044,,,,,,0.0741
EmissionActivityRatio,BAU,RD,T5DSLTOT,,CO2e_DE,1,2045,,,,,,0.0741
EmissionActivityRatio,BAU,RD,T5DSLTOT,,CO2e_DE,1,2046,,,,,,0.0741
EmissionActivityRatio,BAU,RD,T5DSLTOT,,CO2e_DE,1,2047,,,,,,0.0741
EmissionActivityRatio,BAU,RD,T5DSLTOT,,CO2e_DE,1,2048,,,,,,0.0741
EmissionActivityRatio,BAU,RD,T5DSLTOT,,CO2e_DE,1,2049,,,,,,0.0741
EmissionActivityRatio,BAU,RD,T5DSLTOT,,CO2e_DE,1,2050,,,,,,0.0741
EmissionActivityRatio,BAU,RD,T5GSLTOT,,CO2e_DE,1,2018,,,,,,0.0693
EmissionActivityRatio,BAU,RD,T5GSLTOT,,CO2e_DE,1,2019,,,,,,0.0693
EmissionActivityRatio,BAU,RD,T5GSLTOT,,CO2e_DE,1,2020,,,,,,0.0693
EmissionActivityRatio,BAU,RD,T5GSLTOT,,CO2e_DE,1,2021,,,,,,0.0693
EmissionActivityRatio,BAU,RD,T5GSLTOT,,CO2e_DE,1,2022,,,,,,0.0693
EmissionActivityRatio,BAU,RD,T5GSLTOT,,CO2e_DE,1,2023,,,,,,0.0693
EmissionActivityRatio,BAU,RD,T5GSLTOT,,CO2e_DE,1,2024,,,,,,0.0693
EmissionActivityRatio,BAU,RD,T5GSLTOT,,CO2e_DE,1,2025,,,,,,0.0693
EmissionActivityRatio,BAU,RD,T5GSLTOT,,CO2e_DE,1,2026,,,,,,0.0693
EmissionActivityRatio,BAU,RD,T5GSLTOT,,CO2e_DE,1,2027,,,,,,0.0693
EmissionActivityRatio,BAU,RD,T5GSLTOT,,CO2e_DE,1,2028,,,,,,0.0693
EmissionActivityRatio,BAU,RD,T5GSLTOT,,CO2e_DE,1,2029,,,,,,0.0693
EmissionActivityRatio,BAU,RD,T5GSLTOT,,CO2e_DE,1,2030,,,,,,0.0693
EmissionActivityRatio,BAU,RD,T5GSLTOT,,CO2e_DE,1,2031,,,,,,0.0693
EmissionActivityRatio,BAU,RD,T5GSLTOT,,CO2e_DE,1,2032,,,,,,0.0693
EmissionActivityRatio,BAU,RD,T5GSLTOT,,CO2e_DE,1,2033,,,,,,0.0693
EmissionActivityRatio,BAU,RD,T5GSLTOT,,CO2e_DE,1,2034,,,,,,0.0693
EmissionActivityRatio,BAU,RD,T5GSLTOT,,CO2e_DE,1,2035,,,,,,0.0693
EmissionActivityRatio,BAU,RD,T5GSLTOT,,CO2e_DE,1,2036,,,,,,0.0693
EmissionActivityRatio,BAU,RD,T5GSLTOT,,CO2e_DE,1,2037,,,,,,0.0693
EmissionActivityRatio,BAU,RD,T5GSLTOT,,CO2e_DE,1,2038,,,,,,0.0693
EmissionActivityRatio,BAU,RD,T5GSLTOT,,CO2e_DE,1,2039,,,,,,0.0693
EmissionActivityRatio,BAU,RD,T5GSLTOT,,CO2e_DE,1,2040,,,,,,0.0693
EmissionActivityRatio,BAU,RD,T5GSLTOT,,CO2e_DE,1,2041,,,,,,0.0693
EmissionActivityRatio,BAU,RD,T5GSLTOT,,CO2e_DE,1,2042,,,,,,0.0693
EmissionActivityRatio,BAU,RD,T5GSLTOT,,CO2e_DE,1,2043,,,,,,0.0693
EmissionActivityRatio,BAU,RD,T5GSLTOT,,CO2e_DE,1,2044,,,,,,0.0693
EmissionActivityRatio,BAU,RD,T5GSLTOT,,CO2e_DE,1,2045,,,,,,0.0693
EmissionActivityRatio,BAU,RD,T5GSLTOT,,CO2e_DE,1,2046,,,,,,0.0693
EmissionActivityRatio,BAU,RD,T5GSLTOT,,CO2e_DE,1,2047,,,,,,0.0693
EmissionActivityRatio,BAU,RD,T5GSLTOT,,CO2e_DE,1,2048,,,,,,0.0693
EmissionActivityRatio,BAU,RD,T5GSLTOT,,CO2e_DE,1,2049,,,,,,0.0693
EmissionActivityRatio,BAU,RD,T5GSLTOT,,CO2e_DE,1,2050,,,,,,0.0693
EmissionActivityRatio,BAU,RD,T5ELETOT,,CO2e_DE,1,2018,,,,,,0.0
EmissionActivityRatio,BAU,RD,T5ELETOT,,CO2e_DE,1,2019,,,,,,0.0
EmissionActivityRatio,BAU,RD,T5ELETOT,,CO2e_DE,1,2020,,,,,,0.0
EmissionActivityRatio,BAU,RD,T5ELETOT,,CO2e_DE,1,2021,,,,,,0.0
EmissionActivityRatio,BAU,RD,T5ELETOT,,CO2e_DE,1,2022,,,,,,0.0
EmissionActivityRatio,BAU,RD,T5ELETOT,,CO2e_DE,1,2023,,,,,,0.0
EmissionActivityRatio,BAU,RD,T5ELETOT,,CO2e_DE,1,2024,,,,,,0.0
EmissionActivityRatio,BAU,RD,T5ELETOT,,CO2e_DE,1,2025,,,,,,0.0
EmissionActivityRatio,BAU,RD,T5ELETOT,,CO2e_DE,1,2026,,,,,,0.0
EmissionActivityRatio,BAU,RD,T5ELETOT,,CO2e_DE,1,2027,,,,,,0.0
EmissionActivityRatio,BAU,RD,T5ELETOT,,CO2e_DE,1,2028,,,,,,0.0
EmissionActivityRatio,BAU,RD,T5ELETOT,,CO2e_DE,1,2029,,,,,,0.0
EmissionActivityRatio,BAU,RD,T5ELETOT,,CO2e_DE,1,2030,,,,,,0.0
EmissionActivityRatio,BAU,RD,T5ELETOT,,CO2e_DE,1,2031,,,,,,0.0
EmissionActivityRatio,BAU,RD,T5ELETOT,,CO2e_DE,1,2032,,,,,,0.0
EmissionActivityRatio,BAU,RD,T5ELETOT,,CO2e_DE,1,2033,,,,,,0.0
EmissionActivityRatio,BAU,RD,T5ELETOT,,CO2e_DE,1,2034,,,,,,0.0
EmissionActivityRatio,BAU,RD,T5ELETOT,,CO2e_DE,1,2035,,,,,,0.0
EmissionActivityRatio,BAU,RD,T5ELETOT,,CO2e_DE,1,2036,,,,,,0.0
EmissionActivityRatio,BAU,RD,T5ELETOT,,CO2e_DE,1,2037,,,,,,0.0
EmissionActivityRatio,BAU,RD,T5ELETOT,,CO2e_DE,1,2038,,,,,,0.0
EmissionActivityRatio,BAU,RD,T5ELETOT,,CO2e_DE,1,2039,,,,,,0.0
EmissionActivityRatio,BAU,RD,T5ELETOT,,CO2e_DE,1,2040,,,,,,0.0
EmissionActivityRatio,BAU,RD,T5ELETOT,,CO2e_DE,1,2041,,,,,,0.0
EmissionActivityRatio,BAU,RD,T5ELETOT,,CO2e_DE,1,2042,,,,,,0.0
EmissionActivityRatio,BAU,RD,T5ELETOT,,CO2e_DE,1,2043,,,,,,0.0
EmissionActivityRatio,BAU,RD,T5ELETOT,,CO2e_DE,1,2044,,,,,,0.0
EmissionActivityRatio,BAU,RD,T5ELETOT,,CO2e_DE,1,2045,,,,,,0.0
EmissionActivityRatio,BAU,RD,T5ELETOT,,CO2e_DE,1,2046,,,,,,0.0
EmissionActivityRatio,BAU,RD,T5ELETOT,,CO2e_DE,1,2047,,,,,,0.0
EmissionActivityRatio,BAU,RD,T5ELETOT,,CO2e_DE,1,2048,,,,,,0.0
EmissionActivityRatio,BAU,RD,T5ELETOT,,CO2e_DE,1,2049,,,,,,0.0
EmissionActivityRatio,BAU,RD,T5ELETOT,,CO2e_DE,1,2050,,,,,,0.0
EmissionActivityRatio,BAU,RD,T5GSLTAC,,CO2e_DE,1,2018,,,,,,0.0693
EmissionActivityRatio,BAU,RD,T5GSLTAC,,CO2e_DE,1,2019,,,,,,0.0693
EmissionActivityRatio,BAU,RD,T5GSLTAC,,CO2e_DE,1,2020,,,,,,0.0693
EmissionActivityRatio,BAU,RD,T5GSLTAC,,CO2e_DE,1,2021,,,,,,0.0693
EmissionActivityRatio,BAU,RD,T5GSLTAC,,CO2e_DE,1,2022,,,,,,0.0693
EmissionActivityRatio,BAU,RD,T5GSLTAC,,CO2e_DE,1,2023,,,,,,0.0693
EmissionActivityRatio,BAU,RD,T5GSLTAC,,CO2e_DE,1,2024,,,,,,0.0693
EmissionActivityRatio,BAU,RD,T5GSLTAC,,CO2e_DE,1,2025,,,,,,0.0693
EmissionActivityRatio,BAU,RD,T5GSLTAC,,CO2e_DE,1,2026,,,,,,0.0693
EmissionActivityRatio,BAU,RD,T5GSLTAC,,CO2e_DE,1,2027,,,,,,0.0693
EmissionActivityRatio,BAU,RD,T5GSLTAC,,CO2e_DE,1,2028,,,,,,0.0693
EmissionActivityRatio,BAU,RD,T5GSLTAC,,CO2e_DE,1,2029,,,,,,0.0693
EmissionActivityRatio,BAU,RD,T5GSLTAC,,CO2e_DE,1,2030,,,,,,0.0693
EmissionActivityRatio,BAU,RD,T5GSLTAC,,CO2e_DE,1,2031,,,,,,0.0693
EmissionActivityRatio,BAU,RD,T5GSLTAC,,CO2e_DE,1,2032,,,,,,0.0693
EmissionActivityRatio,BAU,RD,T5GSLTAC,,CO2e_DE,1,2033,,,,,,0.0693
EmissionActivityRatio,BAU,RD,T5GSLTAC,,CO2e_DE,1,2034,,,,,,0.0693
EmissionActivityRatio,BAU,RD,T5GSLTAC,,CO2e_DE,1,2035,,,,,,0.0693
EmissionActivityRatio,BAU,RD,T5GSLTAC,,CO2e_DE,1,2036,,,,,,0.0693
EmissionActivityRatio,BAU,RD,T5GSLTAC,,CO2e_DE,1,2037,,,,,,0.0693
EmissionActivityRatio,BAU,RD,T5GSLTAC,,CO2e_DE,1,2038,,,,,,0.0693
EmissionActivityRatio,BAU,RD,T5GSLTAC,,CO2e_DE,1,2039,,,,,,0.0693
EmissionActivityRatio,BAU,RD,T5GSLTAC,,CO2e_DE,1,2040,,,,,,0.0693
EmissionActivityRatio,BAU,RD,T5GSLTAC,,CO2e_DE,1,2041,,,,,,0.0693
EmissionActivityRatio,BAU,RD,T5GSLTAC,,CO2e_DE,1,2042,,,,,,0.0693
EmissionActivityRatio,BAU,RD,T5GSLTAC,,CO2e_DE,1,2043,,,,,,0.0693
EmissionActivityRatio,BAU,RD,T5GSLTAC,,CO2e_DE,1,2044,,,,,,0.0693
EmissionActivityRatio,BAU,RD,T5GSLTAC,,CO2e_DE,1,2045,,,,,,0.0693
EmissionActivityRatio,BAU,RD,T5GSLTAC,,CO2e_DE,1,2046,,,,,,0.0693
EmissionActivityRatio,BAU,RD,T5GSLTAC,,CO2e_DE,1,2047,,,,,,0.0693
EmissionActivityRatio,BAU,RD,T5GSLTAC,,CO2e_DE,1,2048,,,,,,0.0693
EmissionActivityRatio,BAU,RD,T5GSLTAC,,CO2e_DE,1,2049,,,,,,0.0693
EmissionActivityRatio,BAU,RD,T5GSLTAC,,CO2e_DE,1,2050,,,,,,0.0693
EmissionActivityRatio,BAU,RD,T5KERTAC,,CO2e_DE,1,2018,,,,,,0.0719
EmissionActivityRatio,BAU,RD,T5KERTAC,,CO2e_DE,1,2019,,,,,,0.0719
EmissionActivityRatio,BAU,RD,T5KERTAC,,CO2e_DE,1,2020,,,,,,0.0719
EmissionActivityRatio,BAU,RD,T5KERTAC,,CO2e_DE,1,2021,,,,,,0.0719
EmissionActivityRatio,BAU,RD,T5KERTAC,,CO2e_DE,1,2022,,,,,,0.0719
EmissionActivityRatio,BAU,RD,T5KERTAC,,CO2e_DE,1,2023,,,,,,0.0719
EmissionActivityRatio,BAU,RD,T5KERTAC,,CO2e_DE,1,2024,,,,,,0.0719
EmissionActivityRatio,BAU,RD,T5KERTAC,,CO2e_DE,1,2025,,,,,,0.0719
EmissionActivityRatio,BAU,RD,T5KERTAC,,CO2e_DE,1,2026,,,,,,0.0719
EmissionActivityRatio,BAU,RD,T5KERTAC,,CO2e_DE,1,2027,,,,,,0.0719
EmissionActivityRatio,BAU,RD,T5KERTAC,,CO2e_DE,1,2028,,,,,,0.0719
EmissionActivityRatio,BAU,RD,T5KERTAC,,CO2e_DE,1,2029,,,,,,0.0719
EmissionActivityRatio,BAU,RD,T5KERTAC,,CO2e_DE,1,2030,,,,,,0.0719
EmissionActivityRatio,BAU,RD,T5KERTAC,,CO2e_DE,1,2031,,,,,,0.0719
EmissionActivityRatio,BAU,RD,T5KERTAC,,CO2e_DE,1,2032,,,,,,0.0719
EmissionActivityRatio,BAU,RD,T5KERTAC,,CO2e_DE,1,2033,,,,,,0.0719
EmissionActivityRatio,BAU,RD,T5KERTAC,,CO2e_DE,1,2034,,,,,,0.0719
EmissionActivityRatio,BAU,RD,T5KERTAC,,CO2e_DE,1,2035,,,,,,0.0719
EmissionActivityRatio,BAU,RD,T5KERTAC,,CO2e_DE,1,2036,,,,,,0.0719
EmissionActivityRatio,BAU,RD,T5KERTAC,,CO2e_DE,1,2037,,,,,,0.0719
EmissionActivityRatio,BAU,RD,T5KERTAC,,CO2e_DE,1,2038,,,,,,0.0719
EmissionActivityRatio,BAU,RD,T5KERTAC,,CO2e_DE,1,2039,,,,,,0.0719
EmissionActivityRatio,BAU,RD,T5KERTAC,,CO2e_DE,1,2040,,,,,,0.0719
EmissionActivityRatio,BAU,RD,T5KERTAC,,CO2e_DE,1,2041,,,,,,0.0719
EmissionActivityRatio,BAU,RD,T5KERTAC,,CO2e_DE,1,2042,,,,,,0.0719
EmissionActivityRatio,BAU,RD,T5KERTAC,,CO2e_DE,1,2043,,,,,,0.0719
EmissionActivityRatio,BAU,RD,T5KERTAC,,CO2e_DE,1,2044,,,,,,0.0719
EmissionActivityRatio,BAU,RD,T5KERTAC,,CO2e_DE,1,2045,,,,,,0.0719
EmissionActivityRatio,BAU,RD,T5KERTAC,,CO2e_DE,1,2046,,,,,,0.0719
EmissionActivityRatio,BAU,RD,T5KERTAC,,CO2e_DE,1,2047,,,,,,0.0719
EmissionActivityRatio,BAU,RD,T5KERTAC,,CO2e_DE,1,2048,,,,,,0.0719
EmissionActivityRatio,BAU,RD,T5KERTAC,,CO2e_DE,1,2049,,,,,,0.0719
EmissionActivityRatio,BAU,RD,T5KERTAC,,CO2e_DE,1,2050,,,,,,0.0719
EmissionActivityRatio,BAU,RD,T5ELEAGR,,CO2e_DE,1,2018,,,,,,0.0
EmissionActivityRatio,BAU,RD,T5ELEAGR,,CO2e_DE,1,2019,,,,,,0.0
EmissionActivityRatio,BAU,RD,T5ELEAGR,,CO2e_DE,1,2020,,,,,,0.0
EmissionActivityRatio,BAU,RD,T5ELEAGR,,CO2e_DE,1,2021,,,,,,0.0
EmissionActivityRatio,BAU,RD,T5ELEAGR,,CO2e_DE,1,2022,,,,,,0.0
EmissionActivityRatio,BAU,RD,T5ELEAGR,,CO2e_DE,1,2023,,,,,,0.0
EmissionActivityRatio,BAU,RD,T5ELEAGR,,CO2e_DE,1,2024,,,,,,0.0
EmissionActivityRatio,BAU,RD,T5ELEAGR,,CO2e_DE,1,2025,,,,,,0.0
EmissionActivityRatio,BAU,RD,T5ELEAGR,,CO2e_DE,1,2026,,,,,,0.0
EmissionActivityRatio,BAU,RD,T5ELEAGR,,CO2e_DE,1,2027,,,,,,0.0
EmissionActivityRatio,BAU,RD,T5ELEAGR,,CO2e_DE,1,2028,,,,,,0.0
EmissionActivityRatio,BAU,RD,T5ELEAGR,,CO2e_DE,1,2029,,,,,,0.0
EmissionActivityRatio,BAU,RD,T5ELEAGR,,CO2e_DE,1,2030,,,,,,0.0
EmissionActivityRatio,BAU,RD,T5ELEAGR,,CO2e_DE,1,2031,,,,,,0.0
EmissionActivityRatio,BAU,RD,T5ELEAGR,,CO2e_DE,1,2032,,,,,,0.0
EmissionActivityRatio,BAU,RD,T5ELEAGR,,CO2e_DE,1,2033,,,,,,0.0
EmissionActivityRatio,BAU,RD,T5ELEAGR,,CO2e_DE,1,2034,,,,,,0.0
EmissionActivityRatio,BAU,RD,T5ELEAGR,,CO2e_DE,1,2035,,,,,,0.0
EmissionActivityRatio,BAU,RD,T5ELEAGR,,CO2e_DE,1,2036,,,,,,0.0
EmissionActivityRatio,BAU,RD,T5ELEAGR,,CO2e_DE,1,2037,,,,,,0.0
EmissionActivityRatio,BAU,RD,T5ELEAGR,,CO2e_DE,1,2038,,,,,,0.0
EmissionActivityRatio,BAU,RD,T5ELEAGR,,CO2e_DE,1,2039,,,,,,0.0
EmissionActivityRatio,BAU,RD,T5ELEAGR,,CO2e_DE,1,2040,,,,,,0.0
EmissionActivityRatio,BAU,RD,T5ELEAGR,,CO2e_DE,1,2041,,,,,,0.0
EmissionActivityRatio,BAU,RD,T5ELEAGR,,CO2e_DE,1,2042,,,,,,0.0
EmissionActivityRatio,BAU,RD,T5ELEAGR,,CO2e_DE,1,2043,,,,,,0.0
EmissionActivityRatio,BAU,RD,T5ELEAGR,,CO2e_DE,1,2044,,,,,,0.0
EmissionActivityRatio,BAU,RD,T5ELEAGR,,CO2e_DE,1,2045,,,,,,0.0
EmissionActivityRatio,BAU,RD,T5ELEAGR,,CO2e_DE,1,2046,,,,,,0.0
EmissionActivityRatio,BAU,RD,T5ELEAGR,,CO2e_DE,1,2047,,,,,,0.0
EmissionActivityRatio,BAU,RD,T5ELEAGR,,CO2e_DE,1,2048,,,,,,0.0
EmissionActivityRatio,BAU,RD,T5ELEAGR,,CO2e_DE,1,2049,,,,,,0.0
EmissionActivityRatio,BAU,RD,T5ELEAGR,,CO2e_DE,1,2050,,,,,,0.0
EmissionActivityRatio,BAU,RD,T5DSLAGR,,CO2e_DE,1,2018,,,,,,0.0741
EmissionActivityRatio,BAU,RD,T5DSLAGR,,CO2e_DE,1,2019,,,,,,0.0741
EmissionActivityRatio,BAU,RD,T5DSLAGR,,CO2e_DE,1,2020,,,,,,0.0741
EmissionActivityRatio,BAU,RD,T5DSLAGR,,CO2e_DE,1,2021,,,,,,0.0741
EmissionActivityRatio,BAU,RD,T5DSLAGR,,CO2e_DE,1,2022,,,,,,0.0741
EmissionActivityRatio,BAU,RD,T5DSLAGR,,CO2e_DE,1,2023,,,,,,0.0741
EmissionActivityRatio,BAU,RD,T5DSLAGR,,CO2e_DE,1,2024,,,,,,0.0741
EmissionActivityRatio,BAU,RD,T5DSLAGR,,CO2e_DE,1,2025,,,,,,0.0741
EmissionActivityRatio,BAU,RD,T5DSLAGR,,CO2e_DE,1,2026,,,,,,0.0741
EmissionActivityRatio,BAU,RD,T5DSLAGR,,CO2e_DE,1,2027,,,,,,0.0741
EmissionActivityRatio,BAU,RD,T5DSLAGR,,CO2e_DE,1,2028,,,,,,0.0741
EmissionActivityRatio,BAU,RD,T5DSLAGR,,CO2e_DE,1,2029,,,,,,0.0741
EmissionActivityRatio,BAU,RD,T5DSLAGR,,CO2e_DE,1,2030,,,,,,0.0741
EmissionActivityRatio,BAU,RD,T5DSLAGR,,CO2e_DE,1,2031,,,,,,0.0741
EmissionActivityRatio,BAU,RD,T5DSLAGR,,CO2e_DE,1,2032,,,,,,0.0741
EmissionActivityRatio,BAU,RD,T5DSLAGR,,CO2e_DE,1,2033,,,,,,0.0741
EmissionActivityRatio,BAU,RD,T5DSLAGR,,CO2e_DE,1,2034,,,,,,0.0741
EmissionActivityRatio,BAU,RD,T5DSLAGR,,CO2e_DE,1,2035,,,,,,0.0741
EmissionActivityRatio,BAU,RD,T5DSLAGR,,CO2e_DE,1,2036,,,,,,0.0741
EmissionActivityRatio,BAU,RD,T5DSLAGR,,CO2e_DE,1,2037,,,,,,0.0741
EmissionActivityRatio,BAU,RD,T5DSLAGR,,CO2e_DE,1,2038,,,,,,0.0741
EmissionActivityRatio,BAU,RD,T5DSLAGR,,CO2e_DE,1,2039,,,,,,0.0741
EmissionActivityRatio,BAU,RD,T5DSLAGR,,CO2e_DE,1,2040,,,,,,0.0741
EmissionActivityRatio,BAU,RD,T5DSLAGR,,CO2e_DE,1,2041,,,,,,0.0741
EmissionActivityRatio,BAU,RD,T5DSLAGR,,CO2e_DE,1,2042,,,,,,0.0741
EmissionActivityRatio,BAU,RD,T5DSLAGR,,CO2e_DE,1,2043,,,,,,0.0741
EmissionActivityRatio,BAU,RD,T5DSLAGR,,CO2e_DE,1,2044,,,,,,0.0741
EmissionActivityRatio,BAU,RD,T5DSLAGR,,CO2e_DE,1,2045,,,,,,0.0741
EmissionActivityRatio,BAU,RD,T5DSLAGR,,CO2e_DE,1,2046,,,,,,0.0741
EmissionActivityRatio,BAU,RD,T5DSLAGR,,CO2e_DE,1,2047,,,,,,0.0741
EmissionActivityRatio,BAU,RD,T5DSLAGR,,CO2e_DE,1,2048,,,,,,0.0741
EmissionActivityRatio,BAU,RD,T5DSLAGR,,CO2e_DE,1,2049,,,,,,0.0741
EmissionActivityRatio,BAU,RD,T5DSLAGR,,CO2e_DE,1,2050,,,,,,0.0741
EmissionActivityRatio,BAU,RD,T5LPGAGR,,CO2e_DE,1,2018,,,,,,0.0631
EmissionActivityRatio,BAU,RD,T5LPGAGR,,CO2e_DE,1,2019,,,,,,0.0631
EmissionActivityRatio,BAU,RD,T5LPGAGR,,CO2e_DE,1,2020,,,,,,0.0631
EmissionActivityRatio,BAU,RD,T5LPGAGR,,CO2e_DE,1,2021,,,,,,0.0631
EmissionActivityRatio,BAU,RD,T5LPGAGR,,CO2e_DE,1,2022,,,,,,0.0631
EmissionActivityRatio,BAU,RD,T5LPGAGR,,CO2e_DE,1,2023,,,,,,0.0631
EmissionActivityRatio,BAU,RD,T5LPGAGR,,CO2e_DE,1,2024,,,,,,0.0631
EmissionActivityRatio,BAU,RD,T5LPGAGR,,CO2e_DE,1,2025,,,,,,0.0631
EmissionActivityRatio,BAU,RD,T5LPGAGR,,CO2e_DE,1,2026,,,,,,0.0631
EmissionActivityRatio,BAU,RD,T5LPGAGR,,CO2e_DE,1,2027,,,,,,0.0631
EmissionActivityRatio,BAU,RD,T5LPGAGR,,CO2e_DE,1,2028,,,,,,0.0631
EmissionActivityRatio,BAU,RD,T5LPGAGR,,CO2e_DE,1,2029,,,,,,0.0631
EmissionActivityRatio,BAU,RD,T5LPGAGR,,CO2e_DE,1,2030,,,,,,0.0631
EmissionActivityRatio,BAU,RD,T5LPGAGR,,CO2e_DE,1,2031,,,,,,0.0631
EmissionActivityRatio,BAU,RD,T5LPGAGR,,CO2e_DE,1,2032,,,,,,0.0631
EmissionActivityRatio,BAU,RD,T5LPGAGR,,CO2e_DE,1,2033,,,,,,0.0631
EmissionActivityRatio,BAU,RD,T5LPGAGR,,CO2e_DE,1,2034,,,,,,0.0631
EmissionActivityRatio,BAU,RD,T5LPGAGR,,CO2e_DE,1,2035,,,,,,0.0631
EmissionActivityRatio,BAU,RD,T5LPGAGR,,CO2e_DE,1,2036,,,,,,0.0631
EmissionActivityRatio,BAU,RD,T5LPGAGR,,CO2e_DE,1,2037,,,,,,0.0631
EmissionActivityRatio,BAU,RD,T5LPGAGR,,CO2e_DE,1,2038,,,,,,0.0631
EmissionActivityRatio,BAU,RD,T5LPGAGR,,CO2e_DE,1,2039,,,,,,0.0631
EmissionActivityRatio,BAU,RD,T5LPGAGR,,CO2e_DE,1,2040,,,,,,0.0631
EmissionActivityRatio,BAU,RD,T5LPGAGR,,CO2e_DE,1,2041,,,,,,0.0631
EmissionActivityRatio,BAU,RD,T5LPGAGR,,CO2e_DE,1,2042,,,,,,0.0631
EmissionActivityRatio,BAU,RD,T5LPGAGR,,CO2e_DE,1,2043,,,,,,0.0631
EmissionActivityRatio,BAU,RD,T5LPGAGR,,CO2e_DE,1,2044,,,,,,0.0631
EmissionActivityRatio,BAU,RD,T5LPGAGR,,CO2e_DE,1,2045,,,,,,0.0631
EmissionActivityRatio,BAU,RD,T5LPGAGR,,CO2e_DE,1,2046,,,,,,0.0631
EmissionActivityRatio,BAU,RD,T5LPGAGR,,CO2e_DE,1,2047,,,,,,0.0631
EmissionActivityRatio,BAU,RD,T5LPGAGR,,CO2e_DE,1,2048,,,,,,0.0631
EmissionActivityRatio,BAU,RD,T5LPGAGR,,CO2e_DE,1,2049,,,,,,0.0631
EmissionActivityRatio,BAU,RD,T5LPGAGR,,CO2e_DE,1,2050,,,,,,0.0631
EmissionActivityRatio,BAU,RD,PPCCTNGS,,Health,1,2018,,,,,,8.197455600897615e-05
EmissionActivityRatio,BAU,RD,PPCCTNGS,,Health,1,2019,,,,,,8.197455600897615e-05
EmissionActivityRatio,BAU,RD,PPCCTNGS,,Health,1,2020,,,,,,8.197455600897615e-05
EmissionActivityRatio,BAU,RD,PPCCTNGS,,Health,1,2021,,,,,,8.197455600897615e-05
EmissionActivityRatio,BAU,RD,PPCCTNGS,,Health,1,2022,,,,,,8.197455600897615e-05
EmissionActivityRatio,BAU,RD,PPCCTNGS,,Health,1,2023,,,,,,8.197455600897615e-05
EmissionActivityRatio,BAU,RD,PPCCTNGS,,Health,1,2024,,,,,,8.197455600897615e-05
EmissionActivityRatio,BAU,RD,PPCCTNGS,,Health,1,2025,,,,,,8.197455600897615e-05
EmissionActivityRatio,BAU,RD,PPCCTNGS,,Health,1,2026,,,,,,8.197455600897615e-05
EmissionActivityRatio,BAU,RD,PPCCTNGS,,Health,1,2027,,,,,,8.197455600897615e-05
EmissionActivityRatio,BAU,RD,PPCCTNGS,,Health,1,2028,,,,,,8.197455600897615e-05
EmissionActivityRatio,BAU,RD,PPCCTNGS,,Health,1,2029,,,,,,8.197455600897615e-05
EmissionActivityRatio,BAU,RD,PPCCTNGS,,Health,1,2030,,,,,,8.197455600897615e-05
EmissionActivityRatio,BAU,RD,PPCCTNGS,,Health,1,2031,,,,,,8.197455600897615e-05
EmissionActivityRatio,BAU,RD,PPCCTNGS,,Health,1,2032,,,,,,8.197455600897615e-05
EmissionActivityRatio,BAU,RD,PPCCTNGS,,Health,1,2033,,,,,,8.197455600897615e-05
EmissionActivityRatio,BAU,RD,PPCCTNGS,,Health,1,2034,,,,,,8.197455600897615e-05
EmissionActivityRatio,BAU,RD,PPCCTNGS,,Health,1,2035,,,,,,8.197455600897615e-05
EmissionActivityRatio,BAU,RD,PPCCTNGS,,Health,1,2036,,,,,,8.197455600897615e-05
EmissionActivityRatio,BAU,RD,PPCCTNGS,,Health,1,2037,,,,,,8.197455600897615e-05
EmissionActivityRatio,BAU,RD,PPCCTNGS,,Health,1,2038,,,,,,8.197455600897615e-05
EmissionActivityRatio,BAU,RD,PPCCTNGS,,Health,1,2039,,,,,,8.197455600897615e-05
EmissionActivityRatio,BAU,RD,PPCCTNGS,,Health,1,2040,,,,,,8.197455600897615e-05
EmissionActivityRatio,BAU,RD,PPCCTNGS,,Health,1,2041,,,,,,8.197455600897615e-05
EmissionActivityRatio,BAU,RD,PPCCTNGS,,Health,1,2042,,,,,,8.197455600897615e-05
EmissionActivityRatio,BAU,RD,PPCCTNGS,,Health,1,2043,,,,,,8.197455600897615e-05
EmissionActivityRatio,BAU,RD,PPCCTNGS,,Health,1,2044,,,,,,8.197455600897615e-05
EmissionActivityRatio,BAU,RD,PPCCTNGS,,Health,1,2045,,,,,,8.197455600897615e-05
EmissionActivityRatio,BAU,RD,PPCCTNGS,,Health,1,2046,,,,,,8.197455600897615e-05
EmissionActivityRatio,BAU,RD,PPCCTNGS,,Health,1,2047,,,,,,8.197455600897615e-05
EmissionActivityRatio,BAU,RD,PPCCTNGS,,Health,1,2048,,,,,,8.197455600897615e-05
EmissionActivityRatio,BAU,RD,PPCCTNGS,,Health,1,2049,,,,,,8.197455600897615e-05
EmissionActivityRatio,BAU,RD,PPCCTNGS,,Health,1,2050,,,,,,8.197455600897615e-05
EmissionActivityRatio,BAU,RD,PPCCTNGSDSL,,Health,1,2018,,,,,,8.197455600897615e-05
EmissionActivityRatio,BAU,RD,PPCCTNGSDSL,,Health,1,2019,,,,,,8.197455600897615e-05
EmissionActivityRatio,BAU,RD,PPCCTNGSDSL,,Health,1,2020,,,,,,8.197455600897615e-05
EmissionActivityRatio,BAU,RD,PPCCTNGSDSL,,Health,1,2021,,,,,,8.197455600897615e-05
EmissionActivityRatio,BAU,RD,PPCCTNGSDSL,,Health,1,2022,,,,,,8.197455600897615e-05
EmissionActivityRatio,BAU,RD,PPCCTNGSDSL,,Health,1,2023,,,,,,8.197455600897615e-05
EmissionActivityRatio,BAU,RD,PPCCTNGSDSL,,Health,1,2024,,,,,,8.197455600897615e-05
EmissionActivityRatio,BAU,RD,PPCCTNGSDSL,,Health,1,2025,,,,,,8.197455600897615e-05
EmissionActivityRatio,BAU,RD,PPCCTNGSDSL,,Health,1,2026,,,,,,8.197455600897615e-05
EmissionActivityRatio,BAU,RD,PPCCTNGSDSL,,Health,1,2027,,,,,,8.197455600897615e-05
EmissionActivityRatio,BAU,RD,PPCCTNGSDSL,,Health,1,2028,,,,,,8.197455600897615e-05
EmissionActivityRatio,BAU,RD,PPCCTNGSDSL,,Health,1,2029,,,,,,8.197455600897615e-05
EmissionActivityRatio,BAU,RD,PPCCTNGSDSL,,Health,1,2030,,,,,,8.197455600897615e-05
EmissionActivityRatio,BAU,RD,PPCCTNGSDSL,,Health,1,2031,,,,,,8.197455600897615e-05
EmissionActivityRatio,BAU,RD,PPCCTNGSDSL,,Health,1,2032,,,,,,8.197455600897615e-05
EmissionActivityRatio,BAU,RD,PPCCTNGSDSL,,Health,1,2033,,,,,,8.197455600897615e-05
EmissionActivityRatio,BAU,RD,PPCCTNGSDSL,,Health,1,2034,,,,,,8.197455600897615e-05
EmissionActivityRatio,BAU,RD,PPCCTNGSDSL,,Health,1,2035,,,,,,8.197455600897615e-05
EmissionActivityRatio,BAU,RD,PPCCTNGSDSL,,Health,1,2036,,,,,,8.197455600897615e-05
EmissionActivityRatio,BAU,RD,PPCCTNGSDSL,,Health,1,2037,,,,,,8.197455600897615e-05
EmissionActivityRatio,BAU,RD,PPCCTNGSDSL,,Health,1,2038,,,,,,8.197455600897615e-05
EmissionActivityRatio,BAU,RD,PPCCTNGSDSL,,Health,1,2039,,,,,,8.197455600897615e-05
EmissionActivityRatio,BAU,RD,PPCCTNGSDSL,,Health,1,2040,,,,,,8.197455600897615e-05
EmissionActivityRatio,BAU,RD,PPCCTNGSDSL,,Health,1,2041,,,,,,8.197455600897615e-05
EmissionActivityRatio,BAU,RD,PPCCTNGSDSL,,Health,1,2042,,,,,,8.197455600897615e-05
EmissionActivityRatio,BAU,RD,PPCCTNGSDSL,,Health,1,2043,,,,,,8.197455600897615e-05
EmissionActivityRatio,BAU,RD,PPCCTNGSDSL,,Health,1,2044,,,,,,8.197455600897615e-05
EmissionActivityRatio,BAU,RD,PPCCTNGSDSL,,Health,1,2045,,,,,,8.197455600897615e-05
EmissionActivityRatio,BAU,RD,PPCCTNGSDSL,,Health,1,2046,,,,,,8.197455600897615e-05
EmissionActivityRatio,BAU,RD,PPCCTNGSDSL,,Health,1,2047,,,,,,8.197455600897615e-05
EmissionActivityRatio,BAU,RD,PPCCTNGSDSL,,Health,1,2048,,,,,,8.197455600897615e-05
EmissionActivityRatio,BAU,RD,PPCCTNGSDSL,,Health,1,2049,,,,,,8.197455600897615e-05
EmissionActivityRatio,BAU,RD,PPCCTNGSDSL,,Health,1,2050,,,,,,8.197455600897615e-05
EmissionActivityRatio,BAU,RD,PPCOA,,Health,1,2018,,,,,,0.004747278963327471
EmissionActivityRatio,BAU,RD,PPCOA,,Health,1,2019,,,,,,0.004747278963327471
EmissionActivityRatio,BAU,RD,PPCOA,,Health,1,2020,,,,,,0.004747278963327471
EmissionActivityRatio,BAU,RD,PPCOA,,Health,1,2021,,,,,,0.004747278963327471
EmissionActivityRatio,BAU,RD,PPCOA,,Health,1,2022,,,,,,0.004747278963327471
EmissionActivityRatio,BAU,RD,PPCOA,,Health,1,2023,,,,,,0.004747278963327471
EmissionActivityRatio,BAU,RD,PPCOA,,Health,1,2024,,,,,,0.004747278963327471
EmissionActivityRatio,BAU,RD,PPCOA,,Health,1,2025,,,,,,0.004747278963327471
EmissionActivityRatio,BAU,RD,PPCOA,,Health,1,2026,,,,,,0.004747278963327471
EmissionActivityRatio,BAU,RD,PPCOA,,Health,1,2027,,,,,,0.004747278963327471
EmissionActivityRatio,BAU,RD,PPCOA,,Health,1,2028,,,,,,0.004747278963327471
EmissionActivityRatio,BAU,RD,PPCOA,,Health,1,2029,,,,,,0.004747278963327471
EmissionActivityRatio,BAU,RD,PPCOA,,Health,1,2030,,,,,,0.004747278963327471
EmissionActivityRatio,BAU,RD,PPCOA,,Health,1,2031,,,,,,0.004747278963327471
EmissionActivityRatio,BAU,RD,PPCOA,,Health,1,2032,,,,,,0.004747278963327471
EmissionActivityRatio,BAU,RD,PPCOA,,Health,1,2033,,,,,,0.004747278963327471
EmissionActivityRatio,BAU,RD,PPCOA,,Health,1,2034,,,,,,0.004747278963327471
EmissionActivityRatio,BAU,RD,PPCOA,,Health,1,2035,,,,,,0.004747278963327471
EmissionActivityRatio,BAU,RD,PPCOA,,Health,1,2036,,,,,,0.004747278963327471
EmissionActivityRatio,BAU,RD,PPCOA,,Health,1,2037,,,,,,0.004747278963327471
EmissionActivityRatio,BAU,RD,PPCOA,,Health,1,2038,,,,,,0.004747278963327471
EmissionActivityRatio,BAU,RD,PPCOA,,Health,1,2039,,,,,,0.004747278963327471
EmissionActivityRatio,BAU,RD,PPCOA,,Health,1,2040,,,,,,0.004747278963327471
EmissionActivityRatio,BAU,RD,PPCOA,,Health,1,2041,,,,,,0.004747278963327471
EmissionActivityRatio,BAU,RD,PPCOA,,Health,1,2042,,,,,,0.004747278963327471
EmissionActivityRatio,BAU,RD,PPCOA,,Health,1,2043,,,,,,0.004747278963327471
EmissionActivityRatio,BAU,RD,PPCOA,,Health,1,2044,,,,,,0.004747278963327471
EmissionActivityRatio,BAU,RD,PPCOA,,Health,1,2045,,,,,,0.004747278963327471
EmissionActivityRatio,BAU,RD,PPCOA,,Health,1,2046,,,,,,0.004747278963327471
EmissionActivityRatio,BAU,RD,PPCOA,,Health,1,2047,,,,,,0.004747278963327471
EmissionActivityRatio,BAU,RD,PPCOA,,Health,1,2048,,,,,,0.004747278963327471
EmissionActivityRatio,BAU,RD,PPCOA,,Health,1,2049,,,,,,0.004747278963327471
EmissionActivityRatio,BAU,RD,PPCOA,,Health,1,2050,,,,,,0.004747278963327471
EmissionActivityRatio,BAU,RD,T4DSL_HEA,,Health,1,2018,,,,,,0.009676468585854548
EmissionActivityRatio,BAU,RD,T4DSL_HEA,,Health,1,2019,,,,,,0.009676468585854548
EmissionActivityRatio,BAU,RD,T4DSL_HEA,,Health,1,2020,,,,,,0.009676468585854548
EmissionActivityRatio,BAU,RD,T4DSL_HEA,,Health,1,2021,,,,,,0.009676468585854548
EmissionActivityRatio,BAU,RD,T4DSL_HEA,,Health,1,2022,,,,,,0.009676468585854548
EmissionActivityRatio,BAU,RD,T4DSL_HEA,,Health,1,2023,,,,,,0.009676468585854548
EmissionActivityRatio,BAU,RD,T4DSL_HEA,,Health,1,2024,,,,,,0.009676468585854548
EmissionActivityRatio,BAU,RD,T4DSL_HEA,,Health,1,2025,,,,,,0.009676468585854548
EmissionActivityRatio,BAU,RD,T4DSL_HEA,,Health,1,2026,,,,,,0.009676468585854548
EmissionActivityRatio,BAU,RD,T4DSL_HEA,,Health,1,2027,,,,,,0.009676468585854548
EmissionActivityRatio,BAU,RD,T4DSL_HEA,,Health,1,2028,,,,,,0.009676468585854548
EmissionActivityRatio,BAU,RD,T4DSL_HEA,,Health,1,2029,,,,,,0.009676468585854548
EmissionActivityRatio,BAU,RD,T4DSL_HEA,,Health,1,2030,,,,,,0.009676468585854548
EmissionActivityRatio,BAU,RD,T4DSL_HEA,,Health,1,2031,,,,,,0.009676468585854548
EmissionActivityRatio,BAU,RD,T4DSL_HEA,,Health,1,2032,,,,,,0.009676468585854548
EmissionActivityRatio,BAU,RD,T4DSL_HEA,,Health,1,2033,,,,,,0.009676468585854548
EmissionActivityRatio,BAU,RD,T4DSL_HEA,,Health,1,2034,,,,,,0.009676468585854548
EmissionActivityRatio,BAU,RD,T4DSL_HEA,,Health,1,2035,,,,,,0.009676468585854548
EmissionActivityRatio,BAU,RD,T4DSL_HEA,,Health,1,2036,,,,,,0.009676468585854548
EmissionActivityRatio,BAU,RD,T4DSL_HEA,,Health,1,2037,,,,,,0.009676468585854548
EmissionActivityRatio,BAU,RD,T4DSL_HEA,,Health,1,2038,,,,,,0.009676468585854548
EmissionActivityRatio,BAU,RD,T4DSL_HEA,,Health,1,2039,,,,,,0.009676468585854548
EmissionActivityRatio,BAU,RD,T4DSL_HEA,,Health,1,2040,,,,,,0.009676468585854548
EmissionActivityRatio,BAU,RD,T4DSL_HEA,,Health,1,2041,,,,,,0.009676468585854548
EmissionActivityRatio,BAU,RD,T4DSL_HEA,,Health,1,2042,,,,,,0.009676468585854548
EmissionActivityRatio,BAU,RD,T4DSL_HEA,,Health,1,2043,,,,,,0.009676468585854548
EmissionActivityRatio,BAU,RD,T4DSL_HEA,,Health,1,2044,,,,,,0.009676468585854548
EmissionActivityRatio,BAU,RD,T4DSL_HEA,,Health,1,2045,,,,,,0.009676468585854548
EmissionActivityRatio,BAU,RD,T4DSL_HEA,,Health,1,2046,,,,,,0.009676468585854548
EmissionActivityRatio,BAU,RD,T4DSL_HEA,,Health,1,2047,,,,,,0.009676468585854548
EmissionActivityRatio,BAU,RD,T4DSL_HEA,,Health,1,2048,,,,,,0.009676468585854548
EmissionActivityRatio,BAU,RD,T4DSL_HEA,,Health,1,2049,,,,,,0.009676468585854548
EmissionActivityRatio,BAU,RD,T4DSL_HEA,,Health,1,2050,,,,,,0.009676468585854548
EmissionActivityRatio,BAU,RD,T4DSL_LIG,,Health,1,2018,,,,,,0.009676468585854548
EmissionActivityRatio,BAU,RD,T4DSL_LIG,,Health,1,2019,,,,,,0.009676468585854548
EmissionActivityRatio,BAU,RD,T4DSL_LIG,,Health,1,2020,,,,,,0.009676468585854548
EmissionActivityRatio,BAU,RD,T4DSL_LIG,,Health,1,2021,,,,,,0.009676468585854548
EmissionActivityRatio,BAU,RD,T4DSL_LIG,,Health,1,2022,,,,,,0.009676468585854548
EmissionActivityRatio,BAU,RD,T4DSL_LIG,,Health,1,2023,,,,,,0.009676468585854548
EmissionActivityRatio,BAU,RD,T4DSL_LIG,,Health,1,2024,,,,,,0.009676468585854548
EmissionActivityRatio,BAU,RD,T4DSL_LIG,,Health,1,2025,,,,,,0.009676468585854548
EmissionActivityRatio,BAU,RD,T4DSL_LIG,,Health,1,2026,,,,,,0.009676468585854548
EmissionActivityRatio,BAU,RD,T4DSL_LIG,,Health,1,2027,,,,,,0.009676468585854548
EmissionActivityRatio,BAU,RD,T4DSL_LIG,,Health,1,2028,,,,,,0.009676468585854548
EmissionActivityRatio,BAU,RD,T4DSL_LIG,,Health,1,2029,,,,,,0.009676468585854548
EmissionActivityRatio,BAU,RD,T4DSL_LIG,,Health,1,2030,,,,,,0.009676468585854548
EmissionActivityRatio,BAU,RD,T4DSL_LIG,,Health,1,2031,,,,,,0.009676468585854548
EmissionActivityRatio,BAU,RD,T4DSL_LIG,,Health,1,2032,,,,,,0.009676468585854548
EmissionActivityRatio,BAU,RD,T4DSL_LIG,,Health,1,2033,,,,,,0.009676468585854548
EmissionActivityRatio,BAU,RD,T4DSL_LIG,,Health,1,2034,,,,,,0.009676468585854548
EmissionActivityRatio,BAU,RD,T4DSL_LIG,,Health,1,2035,,,,,,0.009676468585854548
EmissionActivityRatio,BAU,RD,T4DSL_LIG,,Health,1,2036,,,,,,0.009676468585854548
EmissionActivityRatio,BAU,RD,T4DSL_LIG,,Health,1,2037,,,,,,0.009676468585854548
EmissionActivityRatio,BAU,RD,T4DSL_LIG,,Health,1,2038,,,,,,0.009676468585854548
EmissionActivityRatio,BAU,RD,T4DSL_LIG,,Health,1,2039,,,,,,0.009676468585854548
EmissionActivityRatio,BAU,RD,T4DSL_LIG,,Health,1,2040,,,,,,0.009676468585854548
EmissionActivityRatio,BAU,RD,T4DSL_LIG,,Health,1,2041,,,,,,0.009676468585854548
EmissionActivityRatio,BAU,RD,T4DSL_LIG,,Health,1,2042,,,,,,0.009676468585854548
EmissionActivityRatio,BAU,RD,T4DSL_LIG,,Health,1,2043,,,,,,0.009676468585854548
EmissionActivityRatio,BAU,RD,T4DSL_LIG,,Health,1,2044,,,,,,0.009676468585854548
EmissionActivityRatio,BAU,RD,T4DSL_LIG,,Health,1,2045,,,,,,0.009676468585854548
EmissionActivityRatio,BAU,RD,T4DSL_LIG,,Health,1,2046,,,,,,0.009676468585854548
EmissionActivityRatio,BAU,RD,T4DSL_LIG,,Health,1,2047,,,,,,0.009676468585854548
EmissionActivityRatio,BAU,RD,T4DSL_LIG,,Health,1,2048,,,,,,0.009676468585854548
EmissionActivityRatio,BAU,RD,T4DSL_LIG,,Health,1,2049,,,,,,0.009676468585854548
EmissionActivityRatio,BAU,RD,T4DSL_LIG,,Health,1,2050,,,,,,0.009676468585854548
EmissionActivityRatio,BAU,RD,T4DSL_PRI,,Health,1,2018,,,,,,0.009676468585854548
EmissionActivityRatio,BAU,RD,T4DSL_PRI,,Health,1,2019,,,,,,0.009676468585854548
EmissionActivityRatio,BAU,RD,T4DSL_PRI,,Health,1,2020,,,,,,0.009676468585854548
EmissionActivityRatio,BAU,RD,T4DSL_PRI,,Health,1,2021,,,,,,0.009676468585854548
EmissionActivityRatio,BAU,RD,T4DSL_PRI,,Health,1,2022,,,,,,0.009676468585854548
EmissionActivityRatio,BAU,RD,T4DSL_PRI,,Health,1,2023,,,,,,0.009676468585854548
EmissionActivityRatio,BAU,RD,T4DSL_PRI,,Health,1,2024,,,,,,0.009676468585854548
EmissionActivityRatio,BAU,RD,T4DSL_PRI,,Health,1,2025,,,,,,0.009676468585854548
EmissionActivityRatio,BAU,RD,T4DSL_PRI,,Health,1,2026,,,,,,0.009676468585854548
EmissionActivityRatio,BAU,RD,T4DSL_PRI,,Health,1,2027,,,,,,0.009676468585854548
EmissionActivityRatio,BAU,RD,T4DSL_PRI,,Health,1,2028,,,,,,0.009676468585854548
EmissionActivityRatio,BAU,RD,T4DSL_PRI,,Health,1,2029,,,,,,0.009676468585854548
EmissionActivityRatio,BAU,RD,T4DSL_PRI,,Health,1,2030,,,,,,0.009676468585854548
EmissionActivityRatio,BAU,RD,T4DSL_PRI,,Health,1,2031,,,,,,0.009676468585854548
EmissionActivityRatio,BAU,RD,T4DSL_PRI,,Health,1,2032,,,,,,0.009676468585854548
EmissionActivityRatio,BAU,RD,T4DSL_PRI,,Health,1,2033,,,,,,0.009676468585854548
EmissionActivityRatio,BAU,RD,T4DSL_PRI,,Health,1,2034,,,,,,0.009676468585854548
EmissionActivityRatio,BAU,RD,T4DSL_PRI,,Health,1,2035,,,,,,0.009676468585854548
EmissionActivityRatio,BAU,RD,T4DSL_PRI,,Health,1,2036,,,,,,0.009676468585854548
EmissionActivityRatio,BAU,RD,T4DSL_PRI,,Health,1,2037,,,,,,0.009676468585854548
EmissionActivityRatio,BAU,RD,T4DSL_PRI,,Health,1,2038,,,,,,0.009676468585854548
EmissionActivityRatio,BAU,RD,T4DSL_PRI,,Health,1,2039,,,,,,0.009676468585854548
EmissionActivityRatio,BAU,RD,T4DSL_PRI,,Health,1,2040,,,,,,0.009676468585854548
EmissionActivityRatio,BAU,RD,T4DSL_PRI,,Health,1,2041,,,,,,0.009676468585854548
EmissionActivityRatio,BAU,RD,T4DSL_PRI,,Health,1,2042,,,,,,0.009676468585854548
EmissionActivityRatio,BAU,RD,T4DSL_PRI,,Health,1,2043,,,,,,0.009676468585854548
EmissionActivityRatio,BAU,RD,T4DSL_PRI,,Health,1,2044,,,,,,0.009676468585854548
EmissionActivityRatio,BAU,RD,T4DSL_PRI,,Health,1,2045,,,,,,0.009676468585854548
EmissionActivityRatio,BAU,RD,T4DSL_PRI,,Health,1,2046,,,,,,0.009676468585854548
EmissionActivityRatio,BAU,RD,T4DSL_PRI,,Health,1,2047,,,,,,0.009676468585854548
EmissionActivityRatio,BAU,RD,T4DSL_PRI,,Health,1,2048,,,,,,0.009676468585854548
EmissionActivityRatio,BAU,RD,T4DSL_PRI,,Health,1,2049,,,,,,0.009676468585854548
EmissionActivityRatio,BAU,RD,T4DSL_PRI,,Health,1,2050,,,,,,0.009676468585854548
EmissionActivityRatio,BAU,RD,T4DSL_PUB,,Health,1,2018,,,,,,0.009676468585854548
EmissionActivityRatio,BAU,RD,T4DSL_PUB,,Health,1,2019,,,,,,0.009676468585854548
EmissionActivityRatio,BAU,RD,T4DSL_PUB,,Health,1,2020,,,,,,0.009676468585854548
EmissionActivityRatio,BAU,RD,T4DSL_PUB,,Health,1,2021,,,,,,0.009676468585854548
EmissionActivityRatio,BAU,RD,T4DSL_PUB,,Health,1,2022,,,,,,0.009676468585854548
EmissionActivityRatio,BAU,RD,T4DSL_PUB,,Health,1,2023,,,,,,0.009676468585854548
EmissionActivityRatio,BAU,RD,T4DSL_PUB,,Health,1,2024,,,,,,0.009676468585854548
EmissionActivityRatio,BAU,RD,T4DSL_PUB,,Health,1,2025,,,,,,0.009676468585854548
EmissionActivityRatio,BAU,RD,T4DSL_PUB,,Health,1,2026,,,,,,0.009676468585854548
EmissionActivityRatio,BAU,RD,T4DSL_PUB,,Health,1,2027,,,,,,0.009676468585854548
EmissionActivityRatio,BAU,RD,T4DSL_PUB,,Health,1,2028,,,,,,0.009676468585854548
EmissionActivityRatio,BAU,RD,T4DSL_PUB,,Health,1,2029,,,,,,0.009676468585854548
EmissionActivityRatio,BAU,RD,T4DSL_PUB,,Health,1,2030,,,,,,0.009676468585854548
EmissionActivityRatio,BAU,RD,T4DSL_PUB,,Health,1,2031,,,,,,0.009676468585854548
EmissionActivityRatio,BAU,RD,T4DSL_PUB,,Health,1,2032,,,,,,0.009676468585854548
EmissionActivityRatio,BAU,RD,T4DSL_PUB,,Health,1,2033,,,,,,0.009676468585854548
EmissionActivityRatio,BAU,RD,T4DSL_PUB,,Health,1,2034,,,,,,0.009676468585854548
EmissionActivityRatio,BAU,RD,T4DSL_PUB,,Health,1,2035,,,,,,0.009676468585854548
EmissionActivityRatio,BAU,RD,T4DSL_PUB,,Health,1,2036,,,,,,0.009676468585854548
EmissionActivityRatio,BAU,RD,T4DSL_PUB,,Health,1,2037,,,,,,0.009676468585854548
EmissionActivityRatio,BAU,RD,T4DSL_PUB,,Health,1,2038,,,,,,0.009676468585854548
EmissionActivityRatio,BAU,RD,T4DSL_PUB,,Health,1,2039,,,,,,0.009676468585854548
EmissionActivityRatio,BAU,RD,T4DSL_PUB,,Health,1,2040,,,,,,0.009676468585854548
EmissionActivityRatio,BAU,RD,T4DSL_PUB,,Health,1,2041,,,,,,0.009676468585854548
EmissionActivityRatio,BAU,RD,T4DSL_PUB,,Health,1,2042,,,,,,0.009676468585854548
EmissionActivityRatio,BAU,RD,T4DSL_PUB,,Health,1,2043,,,,,,0.009676468585854548
EmissionActivityRatio,BAU,RD,T4DSL_PUB,,Health,1,2044,,,,,,0.009676468585854548
EmissionActivityRatio,BAU,RD,T4DSL_PUB,,Health,1,2045,,,,,,0.009676468585854548
EmissionActivityRatio,BAU,RD,T4DSL_PUB,,Health,1,2046,,,,,,0.009676468585854548
EmissionActivityRatio,BAU,RD,T4DSL_PUB,,Health,1,2047,,,,,,0.009676468585854548
EmissionActivityRatio,BAU,RD,T4DSL_PUB,,Health,1,2048,,,,,,0.009676468585854548
EmissionActivityRatio,BAU,RD,T4DSL_PUB,,Health,1,2049,,,,,,0.009676468585854548
EmissionActivityRatio,BAU,RD,T4DSL_PUB,,Health,1,2050,,,,,,0.009676468585854548
EmissionActivityRatio,BAU,RD,T4DSL_TUR,,Health,1,2018,,,,,,0.009676468585854548
EmissionActivityRatio,BAU,RD,T4DSL_TUR,,Health,1,2019,,,,,,0.009676468585854548
EmissionActivityRatio,BAU,RD,T4DSL_TUR,,Health,1,2020,,,,,,0.009676468585854548
EmissionActivityRatio,BAU,RD,T4DSL_TUR,,Health,1,2021,,,,,,0.009676468585854548
EmissionActivityRatio,BAU,RD,T4DSL_TUR,,Health,1,2022,,,,,,0.009676468585854548
EmissionActivityRatio,BAU,RD,T4DSL_TUR,,Health,1,2023,,,,,,0.009676468585854548
EmissionActivityRatio,BAU,RD,T4DSL_TUR,,Health,1,2024,,,,,,0.009676468585854548
EmissionActivityRatio,BAU,RD,T4DSL_TUR,,Health,1,2025,,,,,,0.009676468585854548
EmissionActivityRatio,BAU,RD,T4DSL_TUR,,Health,1,2026,,,,,,0.009676468585854548
EmissionActivityRatio,BAU,RD,T4DSL_TUR,,Health,1,2027,,,,,,0.009676468585854548
EmissionActivityRatio,BAU,RD,T4DSL_TUR,,Health,1,2028,,,,,,0.009676468585854548
EmissionActivityRatio,BAU,RD,T4DSL_TUR,,Health,1,2029,,,,,,0.009676468585854548
EmissionActivityRatio,BAU,RD,T4DSL_TUR,,Health,1,2030,,,,,,0.009676468585854548
EmissionActivityRatio,BAU,RD,T4DSL_TUR,,Health,1,2031,,,,,,0.009676468585854548
EmissionActivityRatio,BAU,RD,T4DSL_TUR,,Health,1,2032,,,,,,0.009676468585854548
EmissionActivityRatio,BAU,RD,T4DSL_TUR,,Health,1,2033,,,,,,0.009676468585854548
EmissionActivityRatio,BAU,RD,T4DSL_TUR,,Health,1,2034,,,,,,0.009676468585854548
EmissionActivityRatio,BAU,RD,T4DSL_TUR,,Health,1,2035,,,,,,0.009676468585854548
EmissionActivityRatio,BAU,RD,T4DSL_TUR,,Health,1,2036,,,,,,0.009676468585854548
EmissionActivityRatio,BAU,RD,T4DSL_TUR,,Health,1,2037,,,,,,0.009676468585854548
EmissionActivityRatio,BAU,RD,T4DSL_TUR,,Health,1,2038,,,,,,0.009676468585854548
EmissionActivityRatio,BAU,RD,T4DSL_TUR,,Health,1,2039,,,,,,0.009676468585854548
EmissionActivityRatio,BAU,RD,T4DSL_TUR,,Health,1,2040,,,,,,0.009676468585854548
EmissionActivityRatio,BAU,RD,T4DSL_TUR,,Health,1,2041,,,,,,0.009676468585854548
EmissionActivityRatio,BAU,RD,T4DSL_TUR,,Health,1,2042,,,,,,0.009676468585854548
EmissionActivityRatio,BAU,RD,T4DSL_TUR,,Health,1,2043,,,,,,0.009676468585854548
EmissionActivityRatio,BAU,RD,T4DSL_TUR,,Health,1,2044,,,,,,0.009676468585854548
EmissionActivityRatio,BAU,RD,T4DSL_TUR,,Health,1,2045,,,,,,0.009676468585854548
EmissionActivityRatio,BAU,RD,T4DSL_TUR,,Health,1,2046,,,,,,0.009676468585854548
EmissionActivityRatio,BAU,RD,T4DSL_TUR,,Health,1,2047,,,,,,0.009676468585854548
EmissionActivityRatio,BAU,RD,T4DSL_TUR,,Health,1,2048,,,,,,0.009676468585854548
EmissionActivityRatio,BAU,RD,T4DSL_TUR,,Health,1,2049,,,,,,0.009676468585854548
EmissionActivityRatio,BAU,RD,T4DSL_TUR,,Health,1,2050,,,,,,0.009676468585854548
EmissionActivityRatio,BAU,RD,T4GSL_HEA,,Health,1,2018,,,,,,0.0011536190198848217
EmissionActivityRatio,BAU,RD,T4GSL_HEA,,Health,1,2019,,,,,,0.0011536190198848217
EmissionActivityRatio,BAU,RD,T4GSL_HEA,,Health,1,2020,,,,,,0.0011536190198848217
EmissionActivityRatio,BAU,RD,T4GSL_HEA,,Health,1,2021,,,,,,0.0011536190198848217
EmissionActivityRatio,BAU,RD,T4GSL_HEA,,Health,1,2022,,,,,,0.0011536190198848217
EmissionActivityRatio,BAU,RD,T4GSL_HEA,,Health,1,2023,,,,,,0.0011536190198848217
EmissionActivityRatio,BAU,RD,T4GSL_HEA,,Health,1,2024,,,,,,0.0011536190198848217
EmissionActivityRatio,BAU,RD,T4GSL_HEA,,Health,1,2025,,,,,,0.0011536190198848217
EmissionActivityRatio,BAU,RD,T4GSL_HEA,,Health,1,2026,,,,,,0.0011536190198848217
EmissionActivityRatio,BAU,RD,T4GSL_HEA,,Health,1,2027,,,,,,0.0011536190198848217
EmissionActivityRatio,BAU,RD,T4GSL_HEA,,Health,1,2028,,,,,,0.0011536190198848217
EmissionActivityRatio,BAU,RD,T4GSL_HEA,,Health,1,2029,,,,,,0.0011536190198848217
EmissionActivityRatio,BAU,RD,T4GSL_HEA,,Health,1,2030,,,,,,0.0011536190198848217
EmissionActivityRatio,BAU,RD,T4GSL_HEA,,Health,1,2031,,,,,,0.0011536190198848217
EmissionActivityRatio,BAU,RD,T4GSL_HEA,,Health,1,2032,,,,,,0.0011536190198848217
EmissionActivityRatio,BAU,RD,T4GSL_HEA,,Health,1,2033,,,,,,0.0011536190198848217
EmissionActivityRatio,BAU,RD,T4GSL_HEA,,Health,1,2034,,,,,,0.0011536190198848217
EmissionActivityRatio,BAU,RD,T4GSL_HEA,,Health,1,2035,,,,,,0.0011536190198848217
EmissionActivityRatio,BAU,RD,T4GSL_HEA,,Health,1,2036,,,,,,0.0011536190198848217
EmissionActivityRatio,BAU,RD,T4GSL_HEA,,Health,1,2037,,,,,,0.0011536190198848217
EmissionActivityRatio,BAU,RD,T4GSL_HEA,,Health,1,2038,,,,,,0.0011536190198848217
EmissionActivityRatio,BAU,RD,T4GSL_HEA,,Health,1,2039,,,,,,0.0011536190198848217
EmissionActivityRatio,BAU,RD,T4GSL_HEA,,Health,1,2040,,,,,,0.0011536190198848217
EmissionActivityRatio,BAU,RD,T4GSL_HEA,,Health,1,2041,,,,,,0.0011536190198848217
EmissionActivityRatio,BAU,RD,T4GSL_HEA,,Health,1,2042,,,,,,0.0011536190198848217
EmissionActivityRatio,BAU,RD,T4GSL_HEA,,Health,1,2043,,,,,,0.0011536190198848217
EmissionActivityRatio,BAU,RD,T4GSL_HEA,,Health,1,2044,,,,,,0.0011536190198848217
EmissionActivityRatio,BAU,RD,T4GSL_HEA,,Health,1,2045,,,,,,0.0011536190198848217
EmissionActivityRatio,BAU,RD,T4GSL_HEA,,Health,1,2046,,,,,,0.0011536190198848217
EmissionActivityRatio,BAU,RD,T4GSL_HEA,,Health,1,2047,,,,,,0.0011536190198848217
EmissionActivityRatio,BAU,RD,T4GSL_HEA,,Health,1,2048,,,,,,0.0011536190198848217
EmissionActivityRatio,BAU,RD,T4GSL_HEA,,Health,1,2049,,,,,,0.0011536190198848217
EmissionActivityRatio,BAU,RD,T4GSL_HEA,,Health,1,2050,,,,,,0.0011536190198848217
EmissionActivityRatio,BAU,RD,T4GSL_LIG,,Health,1,2018,,,,,,0.0011536190198848217
EmissionActivityRatio,BAU,RD,T4GSL_LIG,,Health,1,2019,,,,,,0.0011536190198848217
EmissionActivityRatio,BAU,RD,T4GSL_LIG,,Health,1,2020,,,,,,0.0011536190198848217
EmissionActivityRatio,BAU,RD,T4GSL_LIG,,Health,1,2021,,,,,,0.0011536190198848217
EmissionActivityRatio,BAU,RD,T4GSL_LIG,,Health,1,2022,,,,,,0.0011536190198848217
EmissionActivityRatio,BAU,RD,T4GSL_LIG,,Health,1,2023,,,,,,0.0011536190198848217
EmissionActivityRatio,BAU,RD,T4GSL_LIG,,Health,1,2024,,,,,,0.0011536190198848217
EmissionActivityRatio,BAU,RD,T4GSL_LIG,,Health,1,2025,,,,,,0.0011536190198848217
EmissionActivityRatio,BAU,RD,T4GSL_LIG,,Health,1,2026,,,,,,0.0011536190198848217
EmissionActivityRatio,BAU,RD,T4GSL_LIG,,Health,1,2027,,,,,,0.0011536190198848217
EmissionActivityRatio,BAU,RD,T4GSL_LIG,,Health,1,2028,,,,,,0.0011536190198848217
EmissionActivityRatio,BAU,RD,T4GSL_LIG,,Health,1,2029,,,,,,0.0011536190198848217
EmissionActivityRatio,BAU,RD,T4GSL_LIG,,Health,1,2030,,,,,,0.0011536190198848217
EmissionActivityRatio,BAU,RD,T4GSL_LIG,,Health,1,2031,,,,,,0.0011536190198848217
EmissionActivityRatio,BAU,RD,T4GSL_LIG,,Health,1,2032,,,,,,0.0011536190198848217
EmissionActivityRatio,BAU,RD,T4GSL_LIG,,Health,1,2033,,,,,,0.0011536190198848217
EmissionActivityRatio,BAU,RD,T4GSL_LIG,,Health,1,2034,,,,,,0.0011536190198848217
EmissionActivityRatio,BAU,RD,T4GSL_LIG,,Health,1,2035,,,,,,0.0011536190198848217
EmissionActivityRatio,BAU,RD,T4GSL_LIG,,Health,1,2036,,,,,,0.0011536190198848217
EmissionActivityRatio,BAU,RD,T4GSL_LIG,,Health,1,2037,,,,,,0.0011536190198848217
EmissionActivityRatio,BAU,RD,T4GSL_LIG,,Health,1,2038,,,,,,0.0011536190198848217
EmissionActivityRatio,BAU,RD,T4GSL_LIG,,Health,1,2039,,,,,,0.0011536190198848217
EmissionActivityRatio,BAU,RD,T4GSL_LIG,,Health,1,2040,,,,,,0.0011536190198848217
EmissionActivityRatio,BAU,RD,T4GSL_LIG,,Health,1,2041,,,,,,0.0011536190198848217
EmissionActivityRatio,BAU,RD,T4GSL_LIG,,Health,1,2042,,,,,,0.0011536190198848217
EmissionActivityRatio,BAU,RD,T4GSL_LIG,,Health,1,2043,,,,,,0.0011536190198848217
EmissionActivityRatio,BAU,RD,T4GSL_LIG,,Health,1,2044,,,,,,0.0011536190198848217
EmissionActivityRatio,BAU,RD,T4GSL_LIG,,Health,1,2045,,,,,,0.0011536190198848217
EmissionActivityRatio,BAU,RD,T4GSL_LIG,,Health,1,2046,,,,,,0.0011536190198848217
EmissionActivityRatio,BAU,RD,T4GSL_LIG,,Health,1,2047,,,,,,0.0011536190198848217
EmissionActivityRatio,BAU,RD,T4GSL_LIG,,Health,1,2048,,,,,,0.0011536190198848217
EmissionActivityRatio,BAU,RD,T4GSL_LIG,,Health,1,2049,,,,,,0.0011536190198848217
EmissionActivityRatio,BAU,RD,T4GSL_LIG,,Health,1,2050,,,,,,0.0011536190198848217
EmissionActivityRatio,BAU,RD,T4GSL_PRI,,Health,1,2018,,,,,,0.0011536190198848217
EmissionActivityRatio,BAU,RD,T4GSL_PRI,,Health,1,2019,,,,,,0.0011536190198848217
EmissionActivityRatio,BAU,RD,T4GSL_PRI,,Health,1,2020,,,,,,0.0011536190198848217
EmissionActivityRatio,BAU,RD,T4GSL_PRI,,Health,1,2021,,,,,,0.0011536190198848217
EmissionActivityRatio,BAU,RD,T4GSL_PRI,,Health,1,2022,,,,,,0.0011536190198848217
EmissionActivityRatio,BAU,RD,T4GSL_PRI,,Health,1,2023,,,,,,0.0011536190198848217
EmissionActivityRatio,BAU,RD,T4GSL_PRI,,Health,1,2024,,,,,,0.0011536190198848217
EmissionActivityRatio,BAU,RD,T4GSL_PRI,,Health,1,2025,,,,,,0.0011536190198848217
EmissionActivityRatio,BAU,RD,T4GSL_PRI,,Health,1,2026,,,,,,0.0011536190198848217
EmissionActivityRatio,BAU,RD,T4GSL_PRI,,Health,1,2027,,,,,,0.0011536190198848217
EmissionActivityRatio,BAU,RD,T4GSL_PRI,,Health,1,2028,,,,,,0.0011536190198848217
EmissionActivityRatio,BAU,RD,T4GSL_PRI,,Health,1,2029,,,,,,0.0011536190198848217
EmissionActivityRatio,BAU,RD,T4GSL_PRI,,Health,1,2030,,,,,,0.0011536190198848217
EmissionActivityRatio,BAU,RD,T4GSL_PRI,,Health,1,2031,,,,,,0.0011536190198848217
EmissionActivityRatio,BAU,RD,T4GSL_PRI,,Health,1,2032,,,,,,0.0011536190198848217
EmissionActivityRatio,BAU,RD,T4GSL_PRI,,Health,1,2033,,,,,,0.0011536190198848217
EmissionActivityRatio,BAU,RD,T4GSL_PRI,,Health,1,2034,,,,,,0.0011536190198848217
EmissionActivityRatio,BAU,RD,T4GSL_PRI,,Health,1,2035,,,,,,0.0011536190198848217
EmissionActivityRatio,BAU,RD,T4GSL_PRI,,Health,1,2036,,,,,,0.0011536190198848217
EmissionActivityRatio,BAU,RD,T4GSL_PRI,,Health,1,2037,,,,,,0.0011536190198848217
EmissionActivityRatio,BAU,RD,T4GSL_PRI,,Health,1,2038,,,,,,0.0011536190198848217
EmissionActivityRatio,BAU,RD,T4GSL_PRI,,Health,1,2039,,,,,,0.0011536190198848217
EmissionActivityRatio,BAU,RD,T4GSL_PRI,,Health,1,2040,,,,,,0.0011536190198848217
EmissionActivityRatio,BAU,RD,T4GSL_PRI,,Health,1,2041,,,,,,0.0011536190198848217
EmissionActivityRatio,BAU,RD,T4GSL_PRI,,Health,1,2042,,,,,,0.0011536190198848217
EmissionActivityRatio,BAU,RD,T4GSL_PRI,,Health,1,2043,,,,,,0.0011536190198848217
EmissionActivityRatio,BAU,RD,T4GSL_PRI,,Health,1,2044,,,,,,0.0011536190198848217
EmissionActivityRatio,BAU,RD,T4GSL_PRI,,Health,1,2045,,,,,,0.0011536190198848217
EmissionActivityRatio,BAU,RD,T4GSL_PRI,,Health,1,2046,,,,,,0.0011536190198848217
EmissionActivityRatio,BAU,RD,T4GSL_PRI,,Health,1,2047,,,,,,0.0011536190198848217
EmissionActivityRatio,BAU,RD,T4GSL_PRI,,Health,1,2048,,,,,,0.0011536190198848217
EmissionActivityRatio,BAU,RD,T4GSL_PRI,,Health,1,2049,,,,,,0.0011536190198848217
EmissionActivityRatio,BAU,RD,T4GSL_PRI,,Health,1,2050,,,,,,0.0011536190198848217
EmissionActivityRatio,BAU,RD,T4GSL_PUB,,Health,1,2018,,,,,,0.0011536190198848217
EmissionActivityRatio,BAU,RD,T4GSL_PUB,,Health,1,2019,,,,,,0.0011536190198848217
EmissionActivityRatio,BAU,RD,T4GSL_PUB,,Health,1,2020,,,,,,0.0011536190198848217
EmissionActivityRatio,BAU,RD,T4GSL_PUB,,Health,1,2021,,,,,,0.0011536190198848217
EmissionActivityRatio,BAU,RD,T4GSL_PUB,,Health,1,2022,,,,,,0.0011536190198848217
EmissionActivityRatio,BAU,RD,T4GSL_PUB,,Health,1,2023,,,,,,0.0011536190198848217
EmissionActivityRatio,BAU,RD,T4GSL_PUB,,Health,1,2024,,,,,,0.0011536190198848217
EmissionActivityRatio,BAU,RD,T4GSL_PUB,,Health,1,2025,,,,,,0.0011536190198848217
EmissionActivityRatio,BAU,RD,T4GSL_PUB,,Health,1,2026,,,,,,0.0011536190198848217
EmissionActivityRatio,BAU,RD,T4GSL_PUB,,Health,1,2027,,,,,,0.0011536190198848217
EmissionActivityRatio,BAU,RD,T4GSL_PUB,,Health,1,2028,,,,,,0.0011536190198848217
EmissionActivityRatio,BAU,RD,T4GSL_PUB,,Health,1,2029,,,,,,0.0011536190198848217
EmissionActivityRatio,BAU,RD,T4GSL_PUB,,Health,1,2030,,,,,,0.0011536190198848217
EmissionActivityRatio,BAU,RD,T4GSL_PUB,,Health,1,2031,,,,,,0.0011536190198848217
EmissionActivityRatio,BAU,RD,T4GSL_PUB,,Health,1,2032,,,,,,0.0011536190198848217
EmissionActivityRatio,BAU,RD,T4GSL_PUB,,Health,1,2033,,,,,,0.0011536190198848217
EmissionActivityRatio,BAU,RD,T4GSL_PUB,,Health,1,2034,,,,,,0.0011536190198848217
EmissionActivityRatio,BAU,RD,T4GSL_PUB,,Health,1,2035,,,,,,0.0011536190198848217
EmissionActivityRatio,BAU,RD,T4GSL_PUB,,Health,1,2036,,,,,,0.0011536190198848217
EmissionActivityRatio,BAU,RD,T4GSL_PUB,,Health,1,2037,,,,,,0.0011536190198848217
EmissionActivityRatio,BAU,RD,T4GSL_PUB,,Health,1,2038,,,,,,0.0011536190198848217
EmissionActivityRatio,BAU,RD,T4GSL_PUB,,Health,1,2039,,,,,,0.0011536190198848217
EmissionActivityRatio,BAU,RD,T4GSL_PUB,,Health,1,2040,,,,,,0.0011536190198848217
EmissionActivityRatio,BAU,RD,T4GSL_PUB,,Health,1,2041,,,,,,0.0011536190198848217
EmissionActivityRatio,BAU,RD,T4GSL_PUB,,Health,1,2042,,,,,,0.0011536190198848217
EmissionActivityRatio,BAU,RD,T4GSL_PUB,,Health,1,2043,,,,,,0.0011536190198848217
EmissionActivityRatio,BAU,RD,T4GSL_PUB,,Health,1,2044,,,,,,0.0011536190198848217
EmissionActivityRatio,BAU,RD,T4GSL_PUB,,Health,1,2045,,,,,,0.0011536190198848217
EmissionActivityRatio,BAU,RD,T4GSL_PUB,,Health,1,2046,,,,,,0.0011536190198848217
EmissionActivityRatio,BAU,RD,T4GSL_PUB,,Health,1,2047,,,,,,0.0011536190198848217
EmissionActivityRatio,BAU,RD,T4GSL_PUB,,Health,1,2048,,,,,,0.0011536190198848217
EmissionActivityRatio,BAU,RD,T4GSL_PUB,,Health,1,2049,,,,,,0.0011536190198848217
EmissionActivityRatio,BAU,RD,T4GSL_PUB,,Health,1,2050,,,,,,0.0011536190198848217
EmissionActivityRatio,BAU,RD,T4GSL_TUR,,Health,1,2018,,,,,,0.0011536190198848217
EmissionActivityRatio,BAU,RD,T4GSL_TUR,,Health,1,2019,,,,,,0.0011536190198848217
EmissionActivityRatio,BAU,RD,T4GSL_TUR,,Health,1,2020,,,,,,0.0011536190198848217
EmissionActivityRatio,BAU,RD,T4GSL_TUR,,Health,1,2021,,,,,,0.0011536190198848217
EmissionActivityRatio,BAU,RD,T4GSL_TUR,,Health,1,2022,,,,,,0.0011536190198848217
EmissionActivityRatio,BAU,RD,T4GSL_TUR,,Health,1,2023,,,,,,0.0011536190198848217
EmissionActivityRatio,BAU,RD,T4GSL_TUR,,Health,1,2024,,,,,,0.0011536190198848217
EmissionActivityRatio,BAU,RD,T4GSL_TUR,,Health,1,2025,,,,,,0.0011536190198848217
EmissionActivityRatio,BAU,RD,T4GSL_TUR,,Health,1,2026,,,,,,0.0011536190198848217
EmissionActivityRatio,BAU,RD,T4GSL_TUR,,Health,1,2027,,,,,,0.0011536190198848217
EmissionActivityRatio,BAU,RD,T4GSL_TUR,,Health,1,2028,,,,,,0.0011536190198848217
EmissionActivityRatio,BAU,RD,T4GSL_TUR,,Health,1,2029,,,,,,0.0011536190198848217
EmissionActivityRatio,BAU,RD,T4GSL_TUR,,Health,1,2030,,,,,,0.0011536190198848217
EmissionActivityRatio,BAU,RD,T4GSL_TUR,,Health,1,2031,,,,,,0.0011536190198848217
EmissionActivityRatio,BAU,RD,T4GSL_TUR,,Health,1,2032,,,,,,0.0011536190198848217
EmissionActivityRatio,BAU,RD,T4GSL_TUR,,Health,1,2033,,,,,,0.0011536190198848217
EmissionActivityRatio,BAU,RD,T4GSL_TUR,,Health,1,2034,,,,,,0.0011536190198848217
EmissionActivityRatio,BAU,RD,T4GSL_TUR,,Health,1,2035,,,,,,0.0011536190198848217
EmissionActivityRatio,BAU,RD,T4GSL_TUR,,Health,1,2036,,,,,,0.0011536190198848217
EmissionActivityRatio,BAU,RD,T4GSL_TUR,,Health,1,2037,,,,,,0.0011536190198848217
EmissionActivityRatio,BAU,RD,T4GSL_TUR,,Health,1,2038,,,,,,0.0011536190198848217
EmissionActivityRatio,BAU,RD,T4GSL_TUR,,Health,1,2039,,,,,,0.0011536190198848217
EmissionActivityRatio,BAU,RD,T4GSL_TUR,,Health,1,2040,,,,,,0.0011536190198848217
EmissionActivityRatio,BAU,RD,T4GSL_TUR,,Health,1,2041,,,,,,0.0011536190198848217
EmissionActivityRatio,BAU,RD,T4GSL_TUR,,Health,1,2042,,,,,,0.0011536190198848217
EmissionActivityRatio,BAU,RD,T4GSL_TUR,,Health,1,2043,,,,,,0.0011536190198848217
EmissionActivityRatio,BAU,RD,T4GSL_TUR,,Health,1,2044,,,,,,0.0011536190198848217
EmissionActivityRatio,BAU,RD,T4GSL_TUR,,Health,1,2045,,,,,,0.0011536190198848217
EmissionActivityRatio,BAU,RD,T4GSL_TUR,,Health,1,2046,,,,,,0.0011536190198848217
EmissionActivityRatio,BAU,RD,T4GSL_TUR,,Health,1,2047,,,,,,0.0011536190198848217
EmissionActivityRatio,BAU,RD,T4GSL_TUR,,Health,1,2048,,,,,,0.0011536190198848217
EmissionActivityRatio,BAU,RD,T4GSL_TUR,,Health,1,2049,,,,,,0.0011536190198848217
EmissionActivityRatio,BAU,RD,T4GSL_TUR,,Health,1,2050,,,,,,0.0011536190198848217
EmissionActivityRatio,BAU,RD,T4LPG_HEA,,Health,1,2018,,,,,,0.005810906478973186
EmissionActivityRatio,BAU,RD,T4LPG_HEA,,Health,1,2019,,,,,,0.005810906478973186
EmissionActivityRatio,BAU,RD,T4LPG_HEA,,Health,1,2020,,,,,,0.005810906478973186
EmissionActivityRatio,BAU,RD,T4LPG_HEA,,Health,1,2021,,,,,,0.005810906478973186
EmissionActivityRatio,BAU,RD,T4LPG_HEA,,Health,1,2022,,,,,,0.005810906478973186
EmissionActivityRatio,BAU,RD,T4LPG_HEA,,Health,1,2023,,,,,,0.005810906478973186
EmissionActivityRatio,BAU,RD,T4LPG_HEA,,Health,1,2024,,,,,,0.005810906478973186
EmissionActivityRatio,BAU,RD,T4LPG_HEA,,Health,1,2025,,,,,,0.005810906478973186
EmissionActivityRatio,BAU,RD,T4LPG_HEA,,Health,1,2026,,,,,,0.005810906478973186
EmissionActivityRatio,BAU,RD,T4LPG_HEA,,Health,1,2027,,,,,,0.005810906478973186
EmissionActivityRatio,BAU,RD,T4LPG_HEA,,Health,1,2028,,,,,,0.005810906478973186
EmissionActivityRatio,BAU,RD,T4LPG_HEA,,Health,1,2029,,,,,,0.005810906478973186
EmissionActivityRatio,BAU,RD,T4LPG_HEA,,Health,1,2030,,,,,,0.005810906478973186
EmissionActivityRatio,BAU,RD,T4LPG_HEA,,Health,1,2031,,,,,,0.005810906478973186
EmissionActivityRatio,BAU,RD,T4LPG_HEA,,Health,1,2032,,,,,,0.005810906478973186
EmissionActivityRatio,BAU,RD,T4LPG_HEA,,Health,1,2033,,,,,,0.005810906478973186
EmissionActivityRatio,BAU,RD,T4LPG_HEA,,Health,1,2034,,,,,,0.005810906478973186
EmissionActivityRatio,BAU,RD,T4LPG_HEA,,Health,1,2035,,,,,,0.005810906478973186
EmissionActivityRatio,BAU,RD,T4LPG_HEA,,Health,1,2036,,,,,,0.005810906478973186
EmissionActivityRatio,BAU,RD,T4LPG_HEA,,Health,1,2037,,,,,,0.005810906478973186
EmissionActivityRatio,BAU,RD,T4LPG_HEA,,Health,1,2038,,,,,,0.005810906478973186
EmissionActivityRatio,BAU,RD,T4LPG_HEA,,Health,1,2039,,,,,,0.005810906478973186
EmissionActivityRatio,BAU,RD,T4LPG_HEA,,Health,1,2040,,,,,,0.005810906478973186
EmissionActivityRatio,BAU,RD,T4LPG_HEA,,Health,1,2041,,,,,,0.005810906478973186
EmissionActivityRatio,BAU,RD,T4LPG_HEA,,Health,1,2042,,,,,,0.005810906478973186
EmissionActivityRatio,BAU,RD,T4LPG_HEA,,Health,1,2043,,,,,,0.005810906478973186
EmissionActivityRatio,BAU,RD,T4LPG_HEA,,Health,1,2044,,,,,,0.005810906478973186
EmissionActivityRatio,BAU,RD,T4LPG_HEA,,Health,1,2045,,,,,,0.005810906478973186
EmissionActivityRatio,BAU,RD,T4LPG_HEA,,Health,1,2046,,,,,,0.005810906478973186
EmissionActivityRatio,BAU,RD,T4LPG_HEA,,Health,1,2047,,,,,,0.005810906478973186
EmissionActivityRatio,BAU,RD,T4LPG_HEA,,Health,1,2048,,,,,,0.005810906478973186
EmissionActivityRatio,BAU,RD,T4LPG_HEA,,Health,1,2049,,,,,,0.005810906478973186
EmissionActivityRatio,BAU,RD,T4LPG_HEA,,Health,1,2050,,,,,,0.005810906478973186
EmissionActivityRatio,BAU,RD,T4LPG_LIG,,Health,1,2018,,,,,,0.005810906478973186
EmissionActivityRatio,BAU,RD,T4LPG_LIG,,Health,1,2019,,,,,,0.005810906478973186
EmissionActivityRatio,BAU,RD,T4LPG_LIG,,Health,1,2020,,,,,,0.005810906478973186
EmissionActivityRatio,BAU,RD,T4LPG_LIG,,Health,1,2021,,,,,,0.005810906478973186
EmissionActivityRatio,BAU,RD,T4LPG_LIG,,Health,1,2022,,,,,,0.005810906478973186
EmissionActivityRatio,BAU,RD,T4LPG_LIG,,Health,1,2023,,,,,,0.005810906478973186
EmissionActivityRatio,BAU,RD,T4LPG_LIG,,Health,1,2024,,,,,,0.005810906478973186
EmissionActivityRatio,BAU,RD,T4LPG_LIG,,Health,1,2025,,,,,,0.005810906478973186
EmissionActivityRatio,BAU,RD,T4LPG_LIG,,Health,1,2026,,,,,,0.005810906478973186
EmissionActivityRatio,BAU,RD,T4LPG_LIG,,Health,1,2027,,,,,,0.005810906478973186
EmissionActivityRatio,BAU,RD,T4LPG_LIG,,Health,1,2028,,,,,,0.005810906478973186
EmissionActivityRatio,BAU,RD,T4LPG_LIG,,Health,1,2029,,,,,,0.005810906478973186
EmissionActivityRatio,BAU,RD,T4LPG_LIG,,Health,1,2030,,,,,,0.005810906478973186
EmissionActivityRatio,BAU,RD,T4LPG_LIG,,Health,1,2031,,,,,,0.005810906478973186
EmissionActivityRatio,BAU,RD,T4LPG_LIG,,Health,1,2032,,,,,,0.005810906478973186
EmissionActivityRatio,BAU,RD,T4LPG_LIG,,Health,1,2033,,,,,,0.005810906478973186
EmissionActivityRatio,BAU,RD,T4LPG_LIG,,Health,1,2034,,,,,,0.005810906478973186
EmissionActivityRatio,BAU,RD,T4LPG_LIG,,Health,1,2035,,,,,,0.005810906478973186
EmissionActivityRatio,BAU,RD,T4LPG_LIG,,Health,1,2036,,,,,,0.005810906478973186
EmissionActivityRatio,BAU,RD,T4LPG_LIG,,Health,1,2037,,,,,,0.005810906478973186
EmissionActivityRatio,BAU,RD,T4LPG_LIG,,Health,1,2038,,,,,,0.005810906478973186
EmissionActivityRatio,BAU,RD,T4LPG_LIG,,Health,1,2039,,,,,,0.005810906478973186
EmissionActivityRatio,BAU,RD,T4LPG_LIG,,Health,1,2040,,,,,,0.005810906478973186
EmissionActivityRatio,BAU,RD,T4LPG_LIG,,Health,1,2041,,,,,,0.005810906478973186
EmissionActivityRatio,BAU,RD,T4LPG_LIG,,Health,1,2042,,,,,,0.005810906478973186
EmissionActivityRatio,BAU,RD,T4LPG_LIG,,Health,1,2043,,,,,,0.005810906478973186
EmissionActivityRatio,BAU,RD,T4LPG_LIG,,Health,1,2044,,,,,,0.005810906478973186
EmissionActivityRatio,BAU,RD,T4LPG_LIG,,Health,1,2045,,,,,,0.005810906478973186
EmissionActivityRatio,BAU,RD,T4LPG_LIG,,Health,1,2046,,,,,,0.005810906478973186
EmissionActivityRatio,BAU,RD,T4LPG_LIG,,Health,1,2047,,,,,,0.005810906478973186
EmissionActivityRatio,BAU,RD,T4LPG_LIG,,Health,1,2048,,,,,,0.005810906478973186
EmissionActivityRatio,BAU,RD,T4LPG_LIG,,Health,1,2049,,,,,,0.005810906478973186
EmissionActivityRatio,BAU,RD,T4LPG_LIG,,Health,1,2050,,,,,,0.005810906478973186
EmissionActivityRatio,BAU,RD,T4LPG_PRI,,Health,1,2018,,,,,,0.005810906478973186
EmissionActivityRatio,BAU,RD,T4LPG_PRI,,Health,1,2019,,,,,,0.005810906478973186
EmissionActivityRatio,BAU,RD,T4LPG_PRI,,Health,1,2020,,,,,,0.005810906478973186
EmissionActivityRatio,BAU,RD,T4LPG_PRI,,Health,1,2021,,,,,,0.005810906478973186
EmissionActivityRatio,BAU,RD,T4LPG_PRI,,Health,1,2022,,,,,,0.005810906478973186
EmissionActivityRatio,BAU,RD,T4LPG_PRI,,Health,1,2023,,,,,,0.005810906478973186
EmissionActivityRatio,BAU,RD,T4LPG_PRI,,Health,1,2024,,,,,,0.005810906478973186
EmissionActivityRatio,BAU,RD,T4LPG_PRI,,Health,1,2025,,,,,,0.005810906478973186
EmissionActivityRatio,BAU,RD,T4LPG_PRI,,Health,1,2026,,,,,,0.005810906478973186
EmissionActivityRatio,BAU,RD,T4LPG_PRI,,Health,1,2027,,,,,,0.005810906478973186
EmissionActivityRatio,BAU,RD,T4LPG_PRI,,Health,1,2028,,,,,,0.005810906478973186
EmissionActivityRatio,BAU,RD,T4LPG_PRI,,Health,1,2029,,,,,,0.005810906478973186
EmissionActivityRatio,BAU,RD,T4LPG_PRI,,Health,1,2030,,,,,,0.005810906478973186
EmissionActivityRatio,BAU,RD,T4LPG_PRI,,Health,1,2031,,,,,,0.005810906478973186
EmissionActivityRatio,BAU,RD,T4LPG_PRI,,Health,1,2032,,,,,,0.005810906478973186
EmissionActivityRatio,BAU,RD,T4LPG_PRI,,Health,1,2033,,,,,,0.005810906478973186
EmissionActivityRatio,BAU,RD,T4LPG_PRI,,Health,1,2034,,,,,,0.005810906478973186
EmissionActivityRatio,BAU,RD,T4LPG_PRI,,Health,1,2035,,,,,,0.005810906478973186
EmissionActivityRatio,BAU,RD,T4LPG_PRI,,Health,1,2036,,,,,,0.005810906478973186
EmissionActivityRatio,BAU,RD,T4LPG_PRI,,Health,1,2037,,,,,,0.005810906478973186
EmissionActivityRatio,BAU,RD,T4LPG_PRI,,Health,1,2038,,,,,,0.005810906478973186
EmissionActivityRatio,BAU,RD,T4LPG_PRI,,Health,1,2039,,,,,,0.005810906478973186
EmissionActivityRatio,BAU,RD,T4LPG_PRI,,Health,1,2040,,,,,,0.005810906478973186
EmissionActivityRatio,BAU,RD,T4LPG_PRI,,Health,1,2041,,,,,,0.005810906478973186
EmissionActivityRatio,BAU,RD,T4LPG_PRI,,Health,1,2042,,,,,,0.005810906478973186
EmissionActivityRatio,BAU,RD,T4LPG_PRI,,Health,1,2043,,,,,,0.005810906478973186
EmissionActivityRatio,BAU,RD,T4LPG_PRI,,Health,1,2044,,,,,,0.005810906478973186
EmissionActivityRatio,BAU,RD,T4LPG_PRI,,Health,1,2045,,,,,,0.005810906478973186
EmissionActivityRatio,BAU,RD,T4LPG_PRI,,Health,1,2046,,,,,,0.005810906478973186
EmissionActivityRatio,BAU,RD,T4LPG_PRI,,Health,1,2047,,,,,,0.005810906478973186
EmissionActivityRatio,BAU,RD,T4LPG_PRI,,Health,1,2048,,,,,,0.005810906478973186
EmissionActivityRatio,BAU,RD,T4LPG_PRI,,Health,1,2049,,,,,,0.005810906478973186
EmissionActivityRatio,BAU,RD,T4LPG_PRI,,Health,1,2050,,,,,,0.005810906478973186
EmissionActivityRatio,BAU,RD,T4LPG_PUB,,Health,1,2018,,,,,,0.005810906478973186
EmissionActivityRatio,BAU,RD,T4LPG_PUB,,Health,1,2019,,,,,,0.005810906478973186
EmissionActivityRatio,BAU,RD,T4LPG_PUB,,Health,1,2020,,,,,,0.005810906478973186
EmissionActivityRatio,BAU,RD,T4LPG_PUB,,Health,1,2021,,,,,,0.005810906478973186
EmissionActivityRatio,BAU,RD,T4LPG_PUB,,Health,1,2022,,,,,,0.005810906478973186
EmissionActivityRatio,BAU,RD,T4LPG_PUB,,Health,1,2023,,,,,,0.005810906478973186
EmissionActivityRatio,BAU,RD,T4LPG_PUB,,Health,1,2024,,,,,,0.005810906478973186
EmissionActivityRatio,BAU,RD,T4LPG_PUB,,Health,1,2025,,,,,,0.005810906478973186
EmissionActivityRatio,BAU,RD,T4LPG_PUB,,Health,1,2026,,,,,,0.005810906478973186
EmissionActivityRatio,BAU,RD,T4LPG_PUB,,Health,1,2027,,,,,,0.005810906478973186
EmissionActivityRatio,BAU,RD,T4LPG_PUB,,Health,1,2028,,,,,,0.005810906478973186
EmissionActivityRatio,BAU,RD,T4LPG_PUB,,Health,1,2029,,,,,,0.005810906478973186
EmissionActivityRatio,BAU,RD,T4LPG_PUB,,Health,1,2030,,,,,,0.005810906478973186
EmissionActivityRatio,BAU,RD,T4LPG_PUB,,Health,1,2031,,,,,,0.005810906478973186
EmissionActivityRatio,BAU,RD,T4LPG_PUB,,Health,1,2032,,,,,,0.005810906478973186
EmissionActivityRatio,BAU,RD,T4LPG_PUB,,Health,1,2033,,,,,,0.005810906478973186
EmissionActivityRatio,BAU,RD,T4LPG_PUB,,Health,1,2034,,,,,,0.005810906478973186
EmissionActivityRatio,BAU,RD,T4LPG_PUB,,Health,1,2035,,,,,,0.005810906478973186
EmissionActivityRatio,BAU,RD,T4LPG_PUB,,Health,1,2036,,,,,,0.005810906478973186
EmissionActivityRatio,BAU,RD,T4LPG_PUB,,Health,1,2037,,,,,,0.005810906478973186
EmissionActivityRatio,BAU,RD,T4LPG_PUB,,Health,1,2038,,,,,,0.005810906478973186
EmissionActivityRatio,BAU,RD,T4LPG_PUB,,Health,1,2039,,,,,,0.005810906478973186
EmissionActivityRatio,BAU,RD,T4LPG_PUB,,Health,1,2040,,,,,,0.005810906478973186
EmissionActivityRatio,BAU,RD,T4LPG_PUB,,Health,1,2041,,,,,,0.005810906478973186
EmissionActivityRatio,BAU,RD,T4LPG_PUB,,Health,1,2042,,,,,,0.005810906478973186
EmissionActivityRatio,BAU,RD,T4LPG_PUB,,Health,1,2043,,,,,,0.005810906478973186
EmissionActivityRatio,BAU,RD,T4LPG_PUB,,Health,1,2044,,,,,,0.005810906478973186
EmissionActivityRatio,BAU,RD,T4LPG_PUB,,Health,1,2045,,,,,,0.005810906478973186
EmissionActivityRatio,BAU,RD,T4LPG_PUB,,Health,1,2046,,,,,,0.005810906478973186
EmissionActivityRatio,BAU,RD,T4LPG_PUB,,Health,1,2047,,,,,,0.005810906478973186
EmissionActivityRatio,BAU,RD,T4LPG_PUB,,Health,1,2048,,,,,,0.005810906478973186
EmissionActivityRatio,BAU,RD,T4LPG_PUB,,Health,1,2049,,,,,,0.005810906478973186
EmissionActivityRatio,BAU,RD,T4LPG_PUB,,Health,1,2050,,,,,,0.005810906478973186
EmissionActivityRatio,BAU,RD,T4LPG_TUR,,Health,1,2018,,,,,,0.005810906478973186
EmissionActivityRatio,BAU,RD,T4LPG_TUR,,Health,1,2019,,,,,,0.005810906478973186
EmissionActivityRatio,BAU,RD,T4LPG_TUR,,Health,1,2020,,,,,,0.005810906478973186
EmissionActivityRatio,BAU,RD,T4LPG_TUR,,Health,1,2021,,,,,,0.005810906478973186
EmissionActivityRatio,BAU,RD,T4LPG_TUR,,Health,1,2022,,,,,,0.005810906478973186
EmissionActivityRatio,BAU,RD,T4LPG_TUR,,Health,1,2023,,,,,,0.005810906478973186
EmissionActivityRatio,BAU,RD,T4LPG_TUR,,Health,1,2024,,,,,,0.005810906478973186
EmissionActivityRatio,BAU,RD,T4LPG_TUR,,Health,1,2025,,,,,,0.005810906478973186
EmissionActivityRatio,BAU,RD,T4LPG_TUR,,Health,1,2026,,,,,,0.005810906478973186
EmissionActivityRatio,BAU,RD,T4LPG_TUR,,Health,1,2027,,,,,,0.005810906478973186
EmissionActivityRatio,BAU,RD,T4LPG_TUR,,Health,1,2028,,,,,,0.005810906478973186
EmissionActivityRatio,BAU,RD,T4LPG_TUR,,Health,1,2029,,,,,,0.005810906478973186
EmissionActivityRatio,BAU,RD,T4LPG_TUR,,Health,1,2030,,,,,,0.005810906478973186
EmissionActivityRatio,BAU,RD,T4LPG_TUR,,Health,1,2031,,,,,,0.005810906478973186
EmissionActivityRatio,BAU,RD,T4LPG_TUR,,Health,1,2032,,,,,,0.005810906478973186
EmissionActivityRatio,BAU,RD,T4LPG_TUR,,Health,1,2033,,,,,,0.005810906478973186
EmissionActivityRatio,BAU,RD,T4LPG_TUR,,Health,1,2034,,,,,,0.005810906478973186
EmissionActivityRatio,BAU,RD,T4LPG_TUR,,Health,1,2035,,,,,,0.005810906478973186
EmissionActivityRatio,BAU,RD,T4LPG_TUR,,Health,1,2036,,,,,,0.005810906478973186
EmissionActivityRatio,BAU,RD,T4LPG_TUR,,Health,1,2037,,,,,,0.005810906478973186
EmissionActivityRatio,BAU,RD,T4LPG_TUR,,Health,1,2038,,,,,,0.005810906478973186
EmissionActivityRatio,BAU,RD,T4LPG_TUR,,Health,1,2039,,,,,,0.005810906478973186
EmissionActivityRatio,BAU,RD,T4LPG_TUR,,Health,1,2040,,,,,,0.005810906478973186
EmissionActivityRatio,BAU,RD,T4LPG_TUR,,Health,1,2041,,,,,,0.005810906478973186
EmissionActivityRatio,BAU,RD,T4LPG_TUR,,Health,1,2042,,,,,,0.005810906478973186
EmissionActivityRatio,BAU,RD,T4LPG_TUR,,Health,1,2043,,,,,,0.005810906478973186
EmissionActivityRatio,BAU,RD,T4LPG_TUR,,Health,1,2044,,,,,,0.005810906478973186
EmissionActivityRatio,BAU,RD,T4LPG_TUR,,Health,1,2045,,,,,,0.005810906478973186
EmissionActivityRatio,BAU,RD,T4LPG_TUR,,Health,1,2046,,,,,,0.005810906478973186
EmissionActivityRatio,BAU,RD,T4LPG_TUR,,Health,1,2047,,,,,,0.005810906478973186
EmissionActivityRatio,BAU,RD,T4LPG_TUR,,Health,1,2048,,,,,,0.005810906478973186
EmissionActivityRatio,BAU,RD,T4LPG_TUR,,Health,1,2049,,,,,,0.005810906478973186
EmissionActivityRatio,BAU,RD,T4LPG_TUR,,Health,1,2050,,,,,,0.005810906478973186
EmissionActivityRatio,BAU,RD,T4NGS_LIG,,Health,1,2018,,,,,,9.20049994740835e-05
EmissionActivityRatio,BAU,RD,T4NGS_LIG,,Health,1,2019,,,,,,9.20049994740835e-05
EmissionActivityRatio,BAU,RD,T4NGS_LIG,,Health,1,2020,,,,,,9.20049994740835e-05
EmissionActivityRatio,BAU,RD,T4NGS_LIG,,Health,1,2021,,,,,,9.20049994740835e-05
EmissionActivityRatio,BAU,RD,T4NGS_LIG,,Health,1,2022,,,,,,9.20049994740835e-05
EmissionActivityRatio,BAU,RD,T4NGS_LIG,,Health,1,2023,,,,,,9.20049994740835e-05
EmissionActivityRatio,BAU,RD,T4NGS_LIG,,Health,1,2024,,,,,,9.20049994740835e-05
EmissionActivityRatio,BAU,RD,T4NGS_LIG,,Health,1,2025,,,,,,9.20049994740835e-05
EmissionActivityRatio,BAU,RD,T4NGS_LIG,,Health,1,2026,,,,,,9.20049994740835e-05
EmissionActivityRatio,BAU,RD,T4NGS_LIG,,Health,1,2027,,,,,,9.20049994740835e-05
EmissionActivityRatio,BAU,RD,T4NGS_LIG,,Health,1,2028,,,,,,9.20049994740835e-05
EmissionActivityRatio,BAU,RD,T4NGS_LIG,,Health,1,2029,,,,,,9.20049994740835e-05
EmissionActivityRatio,BAU,RD,T4NGS_LIG,,Health,1,2030,,,,,,9.20049994740835e-05
EmissionActivityRatio,BAU,RD,T4NGS_LIG,,Health,1,2031,,,,,,9.20049994740835e-05
EmissionActivityRatio,BAU,RD,T4NGS_LIG,,Health,1,2032,,,,,,9.20049994740835e-05
EmissionActivityRatio,BAU,RD,T4NGS_LIG,,Health,1,2033,,,,,,9.20049994740835e-05
EmissionActivityRatio,BAU,RD,T4NGS_LIG,,Health,1,2034,,,,,,9.20049994740835e-05
EmissionActivityRatio,BAU,RD,T4NGS_LIG,,Health,1,2035,,,,,,9.20049994740835e-05
EmissionActivityRatio,BAU,RD,T4NGS_LIG,,Health,1,2036,,,,,,9.20049994740835e-05
EmissionActivityRatio,BAU,RD,T4NGS_LIG,,Health,1,2037,,,,,,9.20049994740835e-05
EmissionActivityRatio,BAU,RD,T4NGS_LIG,,Health,1,2038,,,,,,9.20049994740835e-05
EmissionActivityRatio,BAU,RD,T4NGS_LIG,,Health,1,2039,,,,,,9.20049994740835e-05
EmissionActivityRatio,BAU,RD,T4NGS_LIG,,Health,1,2040,,,,,,9.20049994740835e-05
EmissionActivityRatio,BAU,RD,T4NGS_LIG,,Health,1,2041,,,,,,9.20049994740835e-05
EmissionActivityRatio,BAU,RD,T4NGS_LIG,,Health,1,2042,,,,,,9.20049994740835e-05
EmissionActivityRatio,BAU,RD,T4NGS_LIG,,Health,1,2043,,,,,,9.20049994740835e-05
EmissionActivityRatio,BAU,RD,T4NGS_LIG,,Health,1,2044,,,,,,9.20049994740835e-05
EmissionActivityRatio,BAU,RD,T4NGS_LIG,,Health,1,2045,,,,,,9.20049994740835e-05
EmissionActivityRatio,BAU,RD,T4NGS_LIG,,Health,1,2046,,,,,,9.20049994740835e-05
EmissionActivityRatio,BAU,RD,T4NGS_LIG,,Health,1,2047,,,,,,9.20049994740835e-05
EmissionActivityRatio,BAU,RD,T4NGS_LIG,,Health,1,2048,,,,,,9.20049994740835e-05
EmissionActivityRatio,BAU,RD,T4NGS_LIG,,Health,1,2049,,,,,,9.20049994740835e-05
EmissionActivityRatio,BAU,RD,T4NGS_LIG,,Health,1,2050,,,,,,9.20049994740835e-05
EmissionActivityRatio,BAU,RD,LU_DRY,,CONHAB,1,2018,,,,,,9.95515286462259
EmissionActivityRatio,BAU,RD,LU_DRY,,CONHAB,1,2019,,,,,,9.95515286462259
EmissionActivityRatio,BAU,RD,LU_DRY,,CONHAB,1,2020,,,,,,9.95515286462259
EmissionActivityRatio,BAU,RD,LU_DRY,,CONHAB,1,2021,,,,,,9.95515286462259
EmissionActivityRatio,BAU,RD,LU_DRY,,CONHAB,1,2022,,,,,,9.95515286462259
EmissionActivityRatio,BAU,RD,LU_DRY,,CONHAB,1,2023,,,,,,9.95515286462259
EmissionActivityRatio,BAU,RD,LU_DRY,,CONHAB,1,2024,,,,,,9.95515286462259
EmissionActivityRatio,BAU,RD,LU_DRY,,CONHAB,1,2025,,,,,,9.95515286462259
EmissionActivityRatio,BAU,RD,LU_DRY,,CONHAB,1,2026,,,,,,9.95515286462259
EmissionActivityRatio,BAU,RD,LU_DRY,,CONHAB,1,2027,,,,,,9.95515286462259
EmissionActivityRatio,BAU,RD,LU_DRY,,CONHAB,1,2028,,,,,,9.95515286462259
EmissionActivityRatio,BAU,RD,LU_DRY,,CONHAB,1,2029,,,,,,9.95515286462259
EmissionActivityRatio,BAU,RD,LU_DRY,,CONHAB,1,2030,,,,,,9.95515286462259
EmissionActivityRatio,BAU,RD,LU_DRY,,CONHAB,1,2031,,,,,,9.95515286462259
EmissionActivityRatio,BAU,RD,LU_DRY,,CONHAB,1,2032,,,,,,9.95515286462259
EmissionActivityRatio,BAU,RD,LU_DRY,,CONHAB,1,2033,,,,,,9.95515286462259
EmissionActivityRatio,BAU,RD,LU_DRY,,CONHAB,1,2034,,,,,,9.95515286462259
EmissionActivityRatio,BAU,RD,LU_DRY,,CONHAB,1,2035,,,,,,9.95515286462259
EmissionActivityRatio,BAU,RD,LU_DRY,,CONHAB,1,2036,,,,,,9.95515286462259
EmissionActivityRatio,BAU,RD,LU_DRY,,CONHAB,1,2037,,,,,,9.95515286462259
EmissionActivityRatio,BAU,RD,LU_DRY,,CONHAB,1,2038,,,,,,9.95515286462259
EmissionActivityRatio,BAU,RD,LU_DRY,,CONHAB,1,2039,,,,,,9.95515286462259
EmissionActivityRatio,BAU,RD,LU_DRY,,CONHAB,1,2040,,,,,,9.95515286462259
EmissionActivityRatio,BAU,RD,LU_DRY,,CONHAB,1,2041,,,,,,9.95515286462259
EmissionActivityRatio,BAU,RD,LU_DRY,,CONHAB,1,2042,,,,,,9.95515286462259
EmissionActivityRatio,BAU,RD,LU_DRY,,CONHAB,1,2043,,,,,,9.95515286462259
EmissionActivityRatio,BAU,RD,LU_DRY,,CONHAB,1,2044,,,,,,9.95515286462259
EmissionActivityRatio,BAU,RD,LU_DRY,,CONHAB,1,2045,,,,,,9.95515286462259
EmissionActivityRatio,BAU,RD,LU_DRY,,CONHAB,1,2046,,,,,,9.95515286462259
EmissionActivityRatio,BAU,RD,LU_DRY,,CONHAB,1,2047,,,,,,9.95515286462259
EmissionActivityRatio,BAU,RD,LU_DRY,,CONHAB,1,2048,,,,,,9.95515286462259
EmissionActivityRatio,BAU,RD,LU_DRY,,CONHAB,1,2049,,,,,,9.95515286462259
EmissionActivityRatio,BAU,RD,LU_DRY,,CONHAB,1,2050,,,,,,9.95515286462259
EmissionActivityRatio,BAU,RD,LU_LATHUM,,CONTUR,1,2018,,,,,,1.5470655000000002
EmissionActivityRatio,BAU,RD,LU_LATHUM,,CONTUR,1,2019,,,,,,1.5470655000000002
EmissionActivityRatio,BAU,RD,LU_LATHUM,,CONTUR,1,2020,,,,,,1.5470655000000002
EmissionActivityRatio,BAU,RD,LU_LATHUM,,CONTUR,1,2021,,,,,,1.5470655000000002
EmissionActivityRatio,BAU,RD,LU_LATHUM,,CONTUR,1,2022,,,,,,1.5470655000000002
EmissionActivityRatio,BAU,RD,LU_LATHUM,,CONTUR,1,2023,,,,,,1.5470655000000002
EmissionActivityRatio,BAU,RD,LU_LATHUM,,CONTUR,1,2024,,,,,,1.5470655000000002
EmissionActivityRatio,BAU,RD,LU_LATHUM,,CONTUR,1,2025,,,,,,1.5470655000000002
EmissionActivityRatio,BAU,RD,LU_LATHUM,,CONTUR,1,2026,,,,,,1.5470655000000002
EmissionActivityRatio,BAU,RD,LU_LATHUM,,CONTUR,1,2027,,,,,,1.5470655000000002
EmissionActivityRatio,BAU,RD,LU_LATHUM,,CONTUR,1,2028,,,,,,1.5470655000000002
EmissionActivityRatio,BAU,RD,LU_LATHUM,,CONTUR,1,2029,,,,,,1.5470655000000002
EmissionActivityRatio,BAU,RD,LU_LATHUM,,CONTUR,1,2030,,,,,,1.5470655000000002
EmissionActivityRatio,BAU,RD,LU_LATHUM,,CONTUR,1,2031,,,,,,1.5470655000000002
EmissionActivityRatio,BAU,RD,LU_LATHUM,,CONTUR,1,2032,,,,,,1.5470655000000002
EmissionActivityRatio,BAU,RD,LU_LATHUM,,CONTUR,1,2033,,,,,,1.5470655000000002
EmissionActivityRatio,BAU,RD,LU_LATHUM,,CONTUR,1,2034,,,,,,1.5470655000000002
EmissionActivityRatio,BAU,RD,LU_LATHUM,,CONTUR,1,2035,,,,,,1.5470655000000002
EmissionActivityRatio,BAU,RD,LU_LATHUM,,CONTUR,1,2036,,,,,,1.5470655000000002
EmissionActivityRatio,BAU,RD,LU_LATHUM,,CONTUR,1,2037,,,,,,1.5470655000000002
EmissionActivityRatio,BAU,RD,LU_LATHUM,,CONTUR,1,2038,,,,,,1.5470655000000002
EmissionActivityRatio,BAU,RD,LU_LATHUM,,CONTUR,1,2039,,,,,,1.5470655000000002
EmissionActivityRatio,BAU,RD,LU_LATHUM,,CONTUR,1,2040,,,,,,1.5470655000000002
EmissionActivityRatio,BAU,RD,LU_LATHUM,,CONTUR,1,2041,,,,,,1.5470655000000002
EmissionActivityRatio,BAU,RD,LU_LATHUM,,CONTUR,1,2042,,,,,,1.5470655000000002
EmissionActivityRatio,BAU,RD,LU_LATHUM,,CONTUR,1,2043,,,,,,1.5470655000000002
EmissionActivityRatio,BAU,RD,LU_LATHUM,,CONTUR,1,2044,,,,,,1.5470655000000002
EmissionActivityRatio,BAU,RD,LU_LATHUM,,CONTUR,1,2045,,,,,,1.5470655000000002
EmissionActivityRatio,BAU,RD,LU_LATHUM,,CONTUR,1,2046,,,,,,1.5470655000000002
EmissionActivityRatio,BAU,RD,LU_LATHUM,,CONTUR,1,2047,,,,,,1.5470655000000002
EmissionActivityRatio,BAU,RD,LU_LATHUM,,CONTUR,1,2048,,,,,,1.5470655000000002
EmissionActivityRatio,BAU,RD,LU_LATHUM,,CONTUR,1,2049,,,,,,1.5470655000000002
EmissionActivityRatio,BAU,RD,LU_LATHUM,,CONTUR,1,2050,,,,,,1.5470655000000002
EmissionActivityRatio,BAU,RD,LU_LATHUM,,CONVAR,1,2018,,,,,,0.6327432520525768
EmissionActivityRatio,BAU,RD,LU_LATHUM,,CONVAR,1,2019,,,,,,0.6327432520525768
EmissionActivityRatio,BAU,RD,LU_LATHUM,,CONVAR,1,2020,,,,,,0.6327432520525768
EmissionActivityRatio,BAU,RD,LU_LATHUM,,CONVAR,1,2021,,,,,,0.6327432520525768
EmissionActivityRatio,BAU,RD,LU_LATHUM,,CONVAR,1,2022,,,,,,0.6327432520525768
EmissionActivityRatio,BAU,RD,LU_LATHUM,,CONVAR,1,2023,,,,,,0.6327432520525768
EmissionActivityRatio,BAU,RD,LU_LATHUM,,CONVAR,1,2024,,,,,,0.6327432520525768
EmissionActivityRatio,BAU,RD,LU_LATHUM,,CONVAR,1,2025,,,,,,0.6327432520525768
EmissionActivityRatio,BAU,RD,LU_LATHUM,,CONVAR,1,2026,,,,,,0.6327432520525768
EmissionActivityRatio,BAU,RD,LU_LATHUM,,CONVAR,1,2027,,,,,,0.6327432520525768
EmissionActivityRatio,BAU,RD,LU_LATHUM,,CONVAR,1,2028,,,,,,0.6327432520525768
EmissionActivityRatio,BAU,RD,LU_LATHUM,,CONVAR,1,2029,,,,,,0.6327432520525768
EmissionActivityRatio,BAU,RD,LU_LATHUM,,CONVAR,1,2030,,,,,,0.6327432520525768
EmissionActivityRatio,BAU,RD,LU_LATHUM,,CONVAR,1,2031,,,,,,0.6327432520525768
EmissionActivityRatio,BAU,RD,LU_LATHUM,,CONVAR,1,2032,,,,,,0.6327432520525768
EmissionActivityRatio,BAU,RD,LU_LATHUM,,CONVAR,1,2033,,,,,,0.6327432520525768
EmissionActivityRatio,BAU,RD,LU_LATHUM,,CONVAR,1,2034,,,,,,0.6327432520525768
EmissionActivityRatio,BAU,RD,LU_LATHUM,,CONVAR,1,2035,,,,,,0.6327432520525768
EmissionActivityRatio,BAU,RD,LU_LATHUM,,CONVAR,1,2036,,,,,,0.6327432520525768
EmissionActivityRatio,BAU,RD,LU_LATHUM,,CONVAR,1,2037,,,,,,0.6327432520525768
EmissionActivityRatio,BAU,RD,LU_LATHUM,,CONVAR,1,2038,,,,,,0.6327432520525768
EmissionActivityRatio,BAU,RD,LU_LATHUM,,CONVAR,1,2039,,,,,,0.6327432520525768
EmissionActivityRatio,BAU,RD,LU_LATHUM,,CONVAR,1,2040,,,,,,0.6327432520525768
EmissionActivityRatio,BAU,RD,LU_LATHUM,,CONVAR,1,2041,,,,,,0.6327432520525768
EmissionActivityRatio,BAU,RD,LU_LATHUM,,CONVAR,1,2042,,,,,,0.6327432520525768
EmissionActivityRatio,BAU,RD,LU_LATHUM,,CONVAR,1,2043,,,,,,0.6327432520525768
EmissionActivityRatio,BAU,RD,LU_LATHUM,,CONVAR,1,2044,,,,,,0.6327432520525768
EmissionActivityRatio,BAU,RD,LU_LATHUM,,CONVAR,1,2045,,,,,,0.6327432520525768
EmissionActivityRatio,BAU,RD,LU_LATHUM,,CONVAR,1,2046,,,,,,0.6327432520525768
EmissionActivityRatio,BAU,RD,LU_LATHUM,,CONVAR,1,2047,,,,,,0.6327432520525768
EmissionActivityRatio,BAU,RD,LU_LATHUM,,CONVAR,1,2048,,,,,,0.6327432520525768
EmissionActivityRatio,BAU,RD,LU_LATHUM,,CONVAR,1,2049,,,,,,0.6327432520525768
EmissionActivityRatio,BAU,RD,LU_LATHUM,,CONVAR,1,2050,,,,,,0.6327432520525768
EmissionActivityRatio,BAU,RD,LU_LATHUM,,CONHICK,1,2018,,,,,,0.7312632
EmissionActivityRatio,BAU,RD,LU_LATHUM,,CONHICK,1,2019,,,,,,0.7312632
EmissionActivityRatio,BAU,RD,LU_LATHUM,,CONHICK,1,2020,,,,,,0.7312632
EmissionActivityRatio,BAU,RD,LU_LATHUM,,CONHICK,1,2021,,,,,,0.7312632
EmissionActivityRatio,BAU,RD,LU_LATHUM,,CONHICK,1,2022,,,,,,0.7312632
EmissionActivityRatio,BAU,RD,LU_LATHUM,,CONHICK,1,2023,,,,,,0.7312632
EmissionActivityRatio,BAU,RD,LU_LATHUM,,CONHICK,1,2024,,,,,,0.7312632
EmissionActivityRatio,BAU,RD,LU_LATHUM,,CONHICK,1,2025,,,,,,0.7312632
EmissionActivityRatio,BAU,RD,LU_LATHUM,,CONHICK,1,2026,,,,,,0.7312632
EmissionActivityRatio,BAU,RD,LU_LATHUM,,CONHICK,1,2027,,,,,,0.7312632
EmissionActivityRatio,BAU,RD,LU_LATHUM,,CONHICK,1,2028,,,,,,0.7312632
EmissionActivityRatio,BAU,RD,LU_LATHUM,,CONHICK,1,2029,,,,,,0.7312632
EmissionActivityRatio,BAU,RD,LU_LATHUM,,CONHICK,1,2030,,,,,,0.7312632
EmissionActivityRatio,BAU,RD,LU_LATHUM,,CONHICK,1,2031,,,,,,0.7312632
EmissionActivityRatio,BAU,RD,LU_LATHUM,,CONHICK,1,2032,,,,,,0.7312632
EmissionActivityRatio,BAU,RD,LU_LATHUM,,CONHICK,1,2033,,,,,,0.7312632
EmissionActivityRatio,BAU,RD,LU_LATHUM,,CONHICK,1,2034,,,,,,0.7312632
EmissionActivityRatio,BAU,RD,LU_LATHUM,,CONHICK,1,2035,,,,,,0.7312632
EmissionActivityRatio,BAU,RD,LU_LATHUM,,CONHICK,1,2036,,,,,,0.7312632
EmissionActivityRatio,BAU,RD,LU_LATHUM,,CONHICK,1,2037,,,,,,0.7312632
EmissionActivityRatio,BAU,RD,LU_LATHUM,,CONHICK,1,2038,,,,,,0.7312632
EmissionActivityRatio,BAU,RD,LU_LATHUM,,CONHICK,1,2039,,,,,,0.7312632
EmissionActivityRatio,BAU,RD,LU_LATHUM,,CONHICK,1,2040,,,,,,0.7312632
EmissionActivityRatio,BAU,RD,LU_LATHUM,,CONHICK,1,2041,,,,,,0.7312632
EmissionActivityRatio,BAU,RD,LU_LATHUM,,CONHICK,1,2042,,,,,,0.7312632
EmissionActivityRatio,BAU,RD,LU_LATHUM,,CONHICK,1,2043,,,,,,0.7312632
EmissionActivityRatio,BAU,RD,LU_LATHUM,,CONHICK,1,2044,,,,,,0.7312632
EmissionActivityRatio,BAU,RD,LU_LATHUM,,CONHICK,1,2045,,,,,,0.7312632
EmissionActivityRatio,BAU,RD,LU_LATHUM,,CONHICK,1,2046,,,,,,0.7312632
EmissionActivityRatio,BAU,RD,LU_LATHUM,,CONHICK,1,2047,,,,,,0.7312632
EmissionActivityRatio,BAU,RD,LU_LATHUM,,CONHICK,1,2048,,,,,,0.7312632
EmissionActivityRatio,BAU,RD,LU_LATHUM,,CONHICK,1,2049,,,,,,0.7312632
EmissionActivityRatio,BAU,RD,LU_LATHUM,,CONHICK,1,2050,,,,,,0.7312632
EmissionActivityRatio,BAU,RD,LU_FOR,,RESHID,1,2018,,,,,,1.3575648999999999
EmissionActivityRatio,BAU,RD,LU_FOR,,RESHID,1,2019,,,,,,1.3575648999999999
EmissionActivityRatio,BAU,RD,LU_FOR,,RESHID,1,2020,,,,,,1.3575648999999999
EmissionActivityRatio,BAU,RD,LU_FOR,,RESHID,1,2021,,,,,,1.3575648999999999
EmissionActivityRatio,BAU,RD,LU_FOR,,RESHID,1,2022,,,,,,1.3575648999999999
EmissionActivityRatio,BAU,RD,LU_FOR,,RESHID,1,2023,,,,,,1.3575648999999999
EmissionActivityRatio,BAU,RD,LU_FOR,,RESHID,1,2024,,,,,,1.3575648999999999
EmissionActivityRatio,BAU,RD,LU_FOR,,RESHID,1,2025,,,,,,1.3575648999999999
EmissionActivityRatio,BAU,RD,LU_FOR,,RESHID,1,2026,,,,,,1.3575648999999999
EmissionActivityRatio,BAU,RD,LU_FOR,,RESHID,1,2027,,,,,,1.3575648999999999
EmissionActivityRatio,BAU,RD,LU_FOR,,RESHID,1,2028,,,,,,1.3575648999999999
EmissionActivityRatio,BAU,RD,LU_FOR,,RESHID,1,2029,,,,,,1.3575648999999999
EmissionActivityRatio,BAU,RD,LU_FOR,,RESHID,1,2030,,,,,,1.3575648999999999
EmissionActivityRatio,BAU,RD,LU_FOR,,RESHID,1,2031,,,,,,1.3575648999999999
EmissionActivityRatio,BAU,RD,LU_FOR,,RESHID,1,2032,,,,,,1.3575648999999999
EmissionActivityRatio,BAU,RD,LU_FOR,,RESHID,1,2033,,,,,,1.3575648999999999
EmissionActivityRatio,BAU,RD,LU_FOR,,RESHID,1,2034,,,,,,1.3575648999999999
EmissionActivityRatio,BAU,RD,LU_FOR,,RESHID,1,2035,,,,,,1.3575648999999999
EmissionActivityRatio,BAU,RD,LU_FOR,,RESHID,1,2036,,,,,,1.3575648999999999
EmissionActivityRatio,BAU,RD,LU_FOR,,RESHID,1,2037,,,,,,1.3575648999999999
EmissionActivityRatio,BAU,RD,LU_FOR,,RESHID,1,2038,,,,,,1.3575648999999999
EmissionActivityRatio,BAU,RD,LU_FOR,,RESHID,1,2039,,,,,,1.3575648999999999
EmissionActivityRatio,BAU,RD,LU_FOR,,RESHID,1,2040,,,,,,1.3575648999999999
EmissionActivityRatio,BAU,RD,LU_FOR,,RESHID,1,2041,,,,,,1.3575648999999999
EmissionActivityRatio,BAU,RD,LU_FOR,,RESHID,1,2042,,,,,,1.3575648999999999
EmissionActivityRatio,BAU,RD,LU_FOR,,RESHID,1,2043,,,,,,1.3575648999999999
EmissionActivityRatio,BAU,RD,LU_FOR,,RESHID,1,2044,,,,,,1.3575648999999999
EmissionActivityRatio,BAU,RD,LU_FOR,,RESHID,1,2045,,,,,,1.3575648999999999
EmissionActivityRatio,BAU,RD,LU_FOR,,RESHID,1,2046,,,,,,1.3575648999999999
EmissionActivityRatio,BAU,RD,LU_FOR,,RESHID,1,2047,,,,,,1.3575648999999999
EmissionActivityRatio,BAU,RD,LU_FOR,,RESHID,1,2048,,,,,,1.3575648999999999
EmissionActivityRatio,BAU,RD,LU_FOR,,RESHID,1,2049,,,,,,1.3575648999999999
EmissionActivityRatio,BAU,RD,LU_FOR,,RESHID,1,2050,,,,,,1.3575648999999999
EmissionActivityRatio,BAU,RD,LU_DRY,,DAPANI,1,2018,,,,,,0.0050880000000000005
EmissionActivityRatio,BAU,RD,LU_DRY,,DAPANI,1,2019,,,,,,0.0050880000000000005
EmissionActivityRatio,BAU,RD,LU_DRY,,DAPANI,1,2020,,,,,,0.0050880000000000005
EmissionActivityRatio,BAU,RD,LU_DRY,,DAPANI,1,2021,,,,,,0.0050880000000000005
EmissionActivityRatio,BAU,RD,LU_DRY,,DAPANI,1,2022,,,,,,0.0050880000000000005
EmissionActivityRatio,BAU,RD,LU_DRY,,DAPANI,1,2023,,,,,,0.0050880000000000005
EmissionActivityRatio,BAU,RD,LU_DRY,,DAPANI,1,2024,,,,,,0.0050880000000000005
EmissionActivityRatio,BAU,RD,LU_DRY,,DAPANI,1,2025,,,,,,0.0050880000000000005
EmissionActivityRatio,BAU,RD,LU_DRY,,DAPANI,1,2026,,,,,,0.0050880000000000005
EmissionActivityRatio,BAU,RD,LU_DRY,,DAPANI,1,2027,,,,,,0.0050880000000000005
EmissionActivityRatio,BAU,RD,LU_DRY,,DAPANI,1,2028,,,,,,0.0050880000000000005
EmissionActivityRatio,BAU,RD,LU_DRY,,DAPANI,1,2029,,,,,,0.0050880000000000005
EmissionActivityRatio,BAU,RD,LU_DRY,,DAPANI,1,2030,,,,,,0.0050880000000000005
EmissionActivityRatio,BAU,RD,LU_DRY,,DAPANI,1,2031,,,,,,0.0050880000000000005
EmissionActivityRatio,BAU,RD,LU_DRY,,DAPANI,1,2032,,,,,,0.0050880000000000005
EmissionActivityRatio,BAU,RD,LU_DRY,,DAPANI,1,2033,,,,,,0.0050880000000000005
EmissionActivityRatio,BAU,RD,LU_DRY,,DAPANI,1,2034,,,,,,0.0050880000000000005
EmissionActivityRatio,BAU,RD,LU_DRY,,DAPANI,1,2035,,,,,,0.0050880000000000005
EmissionActivityRatio,BAU,RD,LU_DRY,,DAPANI,1,2036,,,,,,0.0050880000000000005
EmissionActivityRatio,BAU,RD,LU_DRY,,DAPANI,1,2037,,,,,,0.0050880000000000005
EmissionActivityRatio,BAU,RD,LU_DRY,,DAPANI,1,2038,,,,,,0.0050880000000000005
EmissionActivityRatio,BAU,RD,LU_DRY,,DAPANI,1,2039,,,,,,0.0050880000000000005
EmissionActivityRatio,BAU,RD,LU_DRY,,DAPANI,1,2040,,,,,,0.0050880000000000005
EmissionActivityRatio,BAU,RD,LU_DRY,,DAPANI,1,2041,,,,,,0.0050880000000000005
EmissionActivityRatio,BAU,RD,LU_DRY,,DAPANI,1,2042,,,,,,0.0050880000000000005
EmissionActivityRatio,BAU,RD,LU_DRY,,DAPANI,1,2043,,,,,,0.0050880000000000005
EmissionActivityRatio,BAU,RD,LU_DRY,,DAPANI,1,2044,,,,,,0.0050880000000000005
EmissionActivityRatio,BAU,RD,LU_DRY,,DAPANI,1,2045,,,,,,0.0050880000000000005
EmissionActivityRatio,BAU,RD,LU_DRY,,DAPANI,1,2046,,,,,,0.0050880000000000005
EmissionActivityRatio,BAU,RD,LU_DRY,,DAPANI,1,2047,,,,,,0.0050880000000000005
EmissionActivityRatio,BAU,RD,LU_DRY,,DAPANI,1,2048,,,,,,0.0050880000000000005
EmissionActivityRatio,BAU,RD,LU_DRY,,DAPANI,1,2049,,,,,,0.0050880000000000005
EmissionActivityRatio,BAU,RD,LU_DRY,,DAPANI,1,2050,,,,,,0.0050880000000000005
