###############
#    Sets     #
###############
#
set DAILYTIMEBRACKET :=  ;
set DAYTYPE :=  ;
set SEASON :=  ;
set STORAGE :=  ;
set YEAR := 2010 2011 2012 2013 2014 2015 2016 2017 2018 2019 2020 2021 2022 2023 2024 2025 2026 2027 2028 2029 2030 2031 2032 2033 2034 2035 ;
set TECHNOLOGY := DIST_DSL DIST_GSL DIST_NGS DIST_LPG DIST_COK DIST_KER DIST_JET DIST_FIR DIST_CHA DIST_BIM DIST_BGS DIST_OPE EXTT_CRU DIST_COA DIST_FOI PPGEO PPWNDON PPWNDONS PPWNDOFF PPPVT PPPVTS PPPVD PPPVDS ELE_TRANS ELE_DIST HYD_G_PROD HYD_DIST STOELE PPBIM PPBGS PPNGS PPDSL PPFOI REF_DSL REF_GSL REF_LPG REF_FOI REF_JET REF_OPE T5DSLCOM T5GSLCOM T5LPGCOM T5ELECOM T5FIRCOM T5CHACOM T5OPECOM T5DSLRES T5GSLRES T5LPGRES T5ELERES T5KERRES T5FIRRES T5CHARES T5OPERES T5ELEPUB T5DSLIND T5GSLIND T5NGSIND T5ELEIND T5HYDIND T5COKIND T5BIMIND T5COAIND T5FOIIND T5DSLCON T5ELECON T5FOICON T5DSLEXP T5JETEXP T5FOIEXP T5JETTAE T5DSLTMA T5NGSTMA T5LPGTMA T5ELETMA T5FOITMA T5DSLTRO T5GSLTRO T5NGSTRO T5LPGTRO T5ELETRO T5BGSTRO T5FOITRO T4ELE_HEA TRXTRAIELE Techs_Rail TRANE6NOMOT PROCRU PPCRU PPRNGS PPRDSL IMPELE T5FOICOM T5NGSRES T5LPGIND T5FIRIND T5GSLCON T5LPGCON T5OPECON PPWNDD PPHD PRONGS EXTT_NGS ADD_GRE T5CRUEXP T5INDCOK T5VEGWAS T5TRNFOI T5COMGSL T5TAEGSL T5TMAGSL T5TCADSL T5TCAGSL T5ALLTRNDSL T5ALLTRNELE T5ALLTRNFOI T5ALLTRNLPG T5ALLTRNGSL T5ALLTRNJET T5CONKER T5AGRDSL T5AGRLPG T5AGRGSL T5AGROTP PPDFOI PPDDSL PPILPG PPIBIM PPIHD PPHDAMAB PPHDAMAM PPHDAMAS PPHDAMPM PPHDAMPS PPHRORAB PPHRORAM PPHRORAS PPHRORPM PPHRORPS DIST_CRU DIST_RDF DIST_OID T5RDFIND T5OIDIND ;
set TIMESLICE := All ;
set FUEL := E1DSL E1GSL E1NGS E1LPG E1COK E1KER E1JET E1FIR E1CHA E1BIM E1BGS E0CRU E1COA E1FO1 E1ELE E3ELE E2ELE E2HYDG E1CRU E3HYD E1FOI E5COMDSL E5COMGSL E5COMLPG E5COMELE E5COMFIR E5COMCHA E5COMOPE E5RESDSL E5RESGSL E5RESLPG E5RESELE E5RESKER E5RESFIR E5RESCHA E5RESOPE E5PUBELE E5INDDSL E5INDGSL E5INDNGS E5INDELE E5INDHYD E5INDCOK E5INDBIM E5INDCOA E5INDFOI E5CONDSL E5CONELE E5CONFOI E5EXPDSL E5EXPJET E5EXPFOI E5TAEJET E5TMADSL E5TMANGS E5TMALPG E5TMAELE E5TMAFOI E5TRODSL E5TROGSL E5TRONGS E5TROLPG E5TROELE E5TROBGS E5TROFOI E4ELE_HEA E5TRXTRAI E6TDFREHEA E6TRNOMOT E5COMFOI E5RESNGS E5INDLPG E5INDFIR E5CONGSL E5CONLPG E5CONOPE E0NGS E0GRE E0GSL E0JET E0DSL E0FOI E0LPG E5EXPCRU E5VEGWAS E5TRNFOI E5TAEGSL E5TMAGSL E5TCADSL E5TCAGSL E5ALLTRNDSL E5ALLTRNELE E5ALLTRNFOI E5ALLTRNLPG E5ALLTRNGSL E5ALLTRNJET E5CONKER E5AGRDSL E5AGRLPG E5AGRGSL E5AGROTP E1RDF E1OID E5INDRDF E5INDOID E1OPE ;
set EMISSION := CO2e_REF CO2e_PP CO2e_FUG CO2e_DE CO2e_sources CO2_PP CH4_PP N2O_PP CO2_DE CH4_DE N2O_DE CO2_FUG CH4_FUG N2O_FUG CO2_REF CH4_REF N2O_REF ;
set MODE_OF_OPERATION := 1 ;
set REGION := ECU ;

###############
#    Parameters     #
###############
#
param AvailabilityFactor default 1 :=
[ECU,*,*]:
2010 2011 2012 2013 2014 2015 2016 2017 2018 2019 2020 2021 2022 2023 2024 2025 2026 2027 2028 2029 2030 2031 2032 2033 2034 2035 :=
DIST_BGS 1.0 1.0 1.0 1.0 1.0 1.0 1.0 1.0 1.0 1.0 1.0 1.0 1.0 1.0 1.0 1.0 1.0 1.0 1.0 1.0 1.0 1.0 1.0 1.0 1.0 1.0 
DIST_BIM 1.0 1.0 1.0 1.0 1.0 1.0 1.0 1.0 1.0 1.0 1.0 1.0 1.0 1.0 1.0 1.0 1.0 1.0 1.0 1.0 1.0 1.0 1.0 1.0 1.0 1.0 
DIST_CHA 1.0 1.0 1.0 1.0 1.0 1.0 1.0 1.0 1.0 1.0 1.0 1.0 1.0 1.0 1.0 1.0 1.0 1.0 1.0 1.0 1.0 1.0 1.0 1.0 1.0 1.0 
DIST_FIR 1.0 1.0 1.0 1.0 1.0 1.0 1.0 1.0 1.0 1.0 1.0 1.0 1.0 1.0 1.0 1.0 1.0 1.0 1.0 1.0 1.0 1.0 1.0 1.0 1.0 1.0 
DIST_COA 0.95 0.95 0.95 0.95 0.95 0.95 0.95 0.95 0.95 0.95 0.95 0.95 0.95 0.95 0.95 0.95 0.95 0.95 0.95 0.95 0.95 0.95 0.95 0.95 0.95 0.95 
DIST_COK 1.0 1.0 1.0 1.0 1.0 1.0 1.0 1.0 1.0 1.0 1.0 1.0 1.0 1.0 1.0 1.0 1.0 1.0 1.0 1.0 1.0 1.0 1.0 1.0 1.0 1.0 
DIST_DSL 1.0 1.0 1.0 1.0 1.0 1.0 1.0 1.0 1.0 1.0 1.0 1.0 1.0 1.0 1.0 1.0 1.0 1.0 1.0 1.0 1.0 1.0 1.0 1.0 1.0 1.0 
DIST_FOI 0.95 0.95 0.95 0.95 0.95 0.95 0.95 0.95 0.95 0.95 0.95 0.95 0.95 0.95 0.95 0.95 0.95 0.95 0.95 0.95 0.95 0.95 0.95 0.95 0.95 0.95 
DIST_GSL 1.0 1.0 1.0 1.0 1.0 1.0 1.0 1.0 1.0 1.0 1.0 1.0 1.0 1.0 1.0 1.0 1.0 1.0 1.0 1.0 1.0 1.0 1.0 1.0 1.0 1.0 
DIST_JET 1.0 1.0 1.0 1.0 1.0 1.0 1.0 1.0 1.0 1.0 1.0 1.0 1.0 1.0 1.0 1.0 1.0 1.0 1.0 1.0 1.0 1.0 1.0 1.0 1.0 1.0 
DIST_KER 1.0 1.0 1.0 1.0 1.0 1.0 1.0 1.0 1.0 1.0 1.0 1.0 1.0 1.0 1.0 1.0 1.0 1.0 1.0 1.0 1.0 1.0 1.0 1.0 1.0 1.0 
DIST_LPG 1.0 1.0 1.0 1.0 1.0 1.0 1.0 1.0 1.0 1.0 1.0 1.0 1.0 1.0 1.0 1.0 1.0 1.0 1.0 1.0 1.0 1.0 1.0 1.0 1.0 1.0 
DIST_NGS 1.0 1.0 1.0 1.0 1.0 1.0 1.0 1.0 1.0 1.0 1.0 1.0 1.0 1.0 1.0 1.0 1.0 1.0 1.0 1.0 1.0 1.0 1.0 1.0 1.0 1.0 
DIST_CRU 0.95 0.95 0.95 0.95 0.95 0.95 0.95 0.95 0.95 0.95 0.95 0.95 0.95 0.95 0.95 0.95 0.95 0.95 0.95 0.95 0.95 0.95 0.95 0.95 0.95 0.95 
DIST_OPE 0.95 0.95 0.95 0.95 0.95 0.95 0.95 0.95 0.95 0.95 0.95 0.95 0.95 0.95 0.95 0.95 0.95 0.95 0.95 0.95 0.95 0.95 0.95 0.95 0.95 0.95 
DIST_RDF 0.95 0.95 0.95 0.95 0.95 0.95 0.95 0.95 0.95 0.95 0.95 0.95 0.95 0.95 0.95 0.95 0.95 0.95 0.95 0.95 0.95 0.95 0.95 0.95 0.95 0.95 
DIST_OID 0.95 0.95 0.95 0.95 0.95 0.95 0.95 0.95 0.95 0.95 0.95 0.95 0.95 0.95 0.95 0.95 0.95 0.95 0.95 0.95 0.95 0.95 0.95 0.95 0.95 0.95 
PPPVD 0.95 0.95 0.95 0.95 0.95 0.95 0.95 0.95 0.95 0.95 0.95 0.95 0.95 0.95 0.95 0.95 0.95 0.95 0.95 0.95 0.95 0.95 0.95 0.95 0.95 0.95 
PPPVDS 0.95 0.95 0.95 0.95 0.95 0.95 0.95 0.95 0.95 0.95 0.95 0.95 0.95 0.95 0.95 0.95 0.95 0.95 0.95 0.95 0.95 0.95 0.95 0.95 0.95 0.95 
PPGEO 0.95 0.95 0.95 0.95 0.95 0.95 0.95 0.95 0.95 0.95 0.95 0.95 0.95 0.95 0.95 0.95 0.95 0.95 0.95 0.95 0.95 0.95 0.95 0.95 0.95 0.95 
PPHDAMAB 0.95 0.95 0.95 0.95 0.95 0.95 0.95 0.95 0.95 0.95 0.95 0.95 0.95 0.95 0.95 0.95 0.95 0.95 0.95 0.95 0.95 0.95 0.95 0.95 0.95 0.95 
PPHDAMAM 0.95 0.95 0.95 0.95 0.95 0.95 0.95 0.95 0.95 0.95 0.95 0.95 0.95 0.95 0.95 0.95 0.95 0.95 0.95 0.95 0.95 0.95 0.95 0.95 0.95 0.95 
PPHDAMAS 0.95 0.95 0.95 0.95 0.95 0.95 0.95 0.95 0.95 0.95 0.95 0.95 0.95 0.95 0.95 0.95 0.95 0.95 0.95 0.95 0.95 0.95 0.95 0.95 0.95 0.95 
PPHDAMPM 0.95 0.95 0.95 0.95 0.95 0.95 0.95 0.95 0.95 0.95 0.95 0.95 0.95 0.95 0.95 0.95 0.95 0.95 0.95 0.95 0.95 0.95 0.95 0.95 0.95 0.95 
PPHDAMPS 0.95 0.95 0.95 0.95 0.95 0.95 0.95 0.95 0.95 0.95 0.95 0.95 0.95 0.95 0.95 0.95 0.95 0.95 0.95 0.95 0.95 0.95 0.95 0.95 0.95 0.95 
PPHRORAB 0.95 0.95 0.95 0.95 0.95 0.95 0.95 0.95 0.95 0.95 0.95 0.95 0.95 0.95 0.95 0.95 0.95 0.95 0.95 0.95 0.95 0.95 0.95 0.95 0.95 0.95 
PPHRORAM 0.95 0.95 0.95 0.95 0.95 0.95 0.95 0.95 0.95 0.95 0.95 0.95 0.95 0.95 0.95 0.95 0.95 0.95 0.95 0.95 0.95 0.95 0.95 0.95 0.95 0.95 
PPHRORAS 0.95 0.95 0.95 0.95 0.95 0.95 0.95 0.95 0.95 0.95 0.95 0.95 0.95 0.95 0.95 0.95 0.95 0.95 0.95 0.95 0.95 0.95 0.95 0.95 0.95 0.95 
PPHRORPM 0.95 0.95 0.95 0.95 0.95 0.95 0.95 0.95 0.95 0.95 0.95 0.95 0.95 0.95 0.95 0.95 0.95 0.95 0.95 0.95 0.95 0.95 0.95 0.95 0.95 0.95 
PPHRORPS 0.95 0.95 0.95 0.95 0.95 0.95 0.95 0.95 0.95 0.95 0.95 0.95 0.95 0.95 0.95 0.95 0.95 0.95 0.95 0.95 0.95 0.95 0.95 0.95 0.95 0.95 
PPPVT 0.95 0.95 0.95 0.95 0.95 0.95 0.95 0.95 0.95 0.95 0.95 0.95 0.95 0.95 0.95 0.95 0.95 0.95 0.95 0.95 0.95 0.95 0.95 0.95 0.95 0.95 
PPPVTS 0.95 0.95 0.95 0.95 0.95 0.95 0.95 0.95 0.95 0.95 0.95 0.95 0.95 0.95 0.95 0.95 0.95 0.95 0.95 0.95 0.95 0.95 0.95 0.95 0.95 0.95 
PPWNDON 0.95 0.95 0.95 0.95 0.95 0.95 0.95 0.95 0.95 0.95 0.95 0.95 0.95 0.95 0.95 0.95 0.95 0.95 0.95 0.95 0.95 0.95 0.95 0.95 0.95 0.95 
PPHD 0.95 0.95 0.95 0.95 0.95 0.95 0.95 0.95 0.95 0.95 0.95 0.95 0.95 0.95 0.95 0.95 0.95 0.95 0.95 0.95 0.95 0.95 0.95 0.95 0.95 0.95 
PPIHD 0.95 0.95 0.95 0.95 0.95 0.95 0.95 0.95 0.95 0.95 0.95 0.95 0.95 0.95 0.95 0.95 0.95 0.95 0.95 0.95 0.95 0.95 0.95 0.95 0.95 0.95 
PPWNDD 0.95 0.95 0.95 0.95 0.95 0.95 0.95 0.95 0.95 0.95 0.95 0.95 0.95 0.95 0.95 0.95 0.95 0.95 0.95 0.95 0.95 0.95 0.95 0.95 0.95 0.95 
EXTT_NGS 0.95 0.95 0.95 0.95 0.95 0.95 0.95 0.95 0.95 0.95 0.95 0.95 0.95 0.95 0.95 0.95 0.95 0.95 0.95 0.95 0.95 0.95 0.95 0.95 0.95 0.95 
ADD_GRE 0.95 0.95 0.95 0.95 0.95 0.95 0.95 0.95 0.95 0.95 0.95 0.95 0.95 0.95 0.95 0.95 0.95 0.95 0.95 0.95 0.95 0.95 0.95 0.95 0.95 0.95 
EXTT_CRU 0.95 0.95 0.95 0.95 0.95 0.95 0.95 0.95 0.95 0.95 0.95 0.95 0.95 0.95 0.95 0.95 0.95 0.95 0.95 0.95 0.95 0.95 0.95 0.95 0.95 0.95 
IMPELE 1.0 1.0 1.0 1.0 1.0 1.0 1.0 1.0 1.0 1.0 1.0 1.0 1.0 1.0 1.0 1.0 1.0 1.0 1.0 1.0 1.0 1.0 1.0 1.0 1.0 1.0 
ELE_TRANS 1.0 1.0 1.0 1.0 1.0 1.0 1.0 1.0 1.0 1.0 1.0 1.0 1.0 1.0 1.0 1.0 1.0 1.0 1.0 1.0 1.0 1.0 1.0 1.0 1.0 1.0 
ELE_DIST 1.0 1.0 1.0 1.0 1.0 1.0 1.0 1.0 1.0 1.0 1.0 1.0 1.0 1.0 1.0 1.0 1.0 1.0 1.0 1.0 1.0 1.0 1.0 1.0 1.0 1.0 
HYD_G_PROD 1.0 1.0 1.0 1.0 1.0 1.0 1.0 1.0 1.0 1.0 1.0 1.0 1.0 1.0 1.0 1.0 1.0 1.0 1.0 1.0 1.0 1.0 1.0 1.0 1.0 1.0 
HYD_DIST 1.0 1.0 1.0 1.0 1.0 1.0 1.0 1.0 1.0 1.0 1.0 1.0 1.0 1.0 1.0 1.0 1.0 1.0 1.0 1.0 1.0 1.0 1.0 1.0 1.0 1.0 
STOELE 1.0 1.0 1.0 1.0 1.0 1.0 1.0 1.0 1.0 1.0 1.0 1.0 1.0 1.0 1.0 1.0 1.0 1.0 1.0 1.0 1.0 1.0 1.0 1.0 1.0 1.0 
PPBIM 0.95 0.95 0.95 0.95 0.95 0.95 0.95 0.95 0.95 0.95 0.95 0.95 0.95 0.95 0.95 0.95 0.95 0.95 0.95 0.95 0.95 0.95 0.95 0.95 0.95 0.95 
PPBGS 1.0 1.0 1.0 1.0 1.0 1.0 1.0 1.0 1.0 1.0 1.0 1.0 1.0 1.0 1.0 1.0 1.0 1.0 1.0 1.0 1.0 1.0 1.0 1.0 1.0 1.0 
PPNGS 1.0 1.0 1.0 1.0 1.0 1.0 1.0 1.0 1.0 1.0 1.0 1.0 1.0 1.0 1.0 1.0 1.0 1.0 1.0 1.0 1.0 1.0 1.0 1.0 1.0 1.0 
PPDSL 1.0 1.0 1.0 1.0 1.0 1.0 1.0 1.0 1.0 1.0 1.0 1.0 1.0 1.0 1.0 1.0 1.0 1.0 1.0 1.0 1.0 1.0 1.0 1.0 1.0 1.0 
PPFOI 1.0 1.0 1.0 1.0 1.0 1.0 1.0 1.0 1.0 1.0 1.0 1.0 1.0 1.0 1.0 1.0 1.0 1.0 1.0 1.0 1.0 1.0 1.0 1.0 1.0 1.0 
PPCRU 1.0 1.0 1.0 1.0 1.0 1.0 1.0 1.0 1.0 1.0 1.0 1.0 1.0 1.0 1.0 1.0 1.0 1.0 1.0 1.0 1.0 1.0 1.0 1.0 1.0 1.0 
PPRNGS 1.0 1.0 1.0 1.0 1.0 1.0 1.0 1.0 1.0 1.0 1.0 1.0 1.0 1.0 1.0 1.0 1.0 1.0 1.0 1.0 1.0 1.0 1.0 1.0 1.0 1.0 
PPRDSL 1.0 1.0 1.0 1.0 1.0 1.0 1.0 1.0 1.0 1.0 1.0 1.0 1.0 1.0 1.0 1.0 1.0 1.0 1.0 1.0 1.0 1.0 1.0 1.0 1.0 1.0 
PPDFOI 1.0 1.0 1.0 1.0 1.0 1.0 1.0 1.0 1.0 1.0 1.0 1.0 1.0 1.0 1.0 1.0 1.0 1.0 1.0 1.0 1.0 1.0 1.0 1.0 1.0 1.0 
PPDDSL 1.0 1.0 1.0 1.0 1.0 1.0 1.0 1.0 1.0 1.0 1.0 1.0 1.0 1.0 1.0 1.0 1.0 1.0 1.0 1.0 1.0 1.0 1.0 1.0 1.0 1.0 
PPILPG 1.0 1.0 1.0 1.0 1.0 1.0 1.0 1.0 1.0 1.0 1.0 1.0 1.0 1.0 1.0 1.0 1.0 1.0 1.0 1.0 1.0 1.0 1.0 1.0 1.0 1.0 
PPIBIM 0.95 0.95 0.95 0.95 0.95 0.95 0.95 0.95 0.95 0.95 0.95 0.95 0.95 0.95 0.95 0.95 0.95 0.95 0.95 0.95 0.95 0.95 0.95 0.95 0.95 0.95 
PROCRU 0.95 0.95 0.95 0.95 0.95 0.95 0.95 0.95 0.95 0.95 0.95 0.95 0.95 0.95 0.95 0.95 0.95 0.95 0.95 0.95 0.95 0.95 0.95 0.95 0.95 0.95 
PRONGS 0.95 0.95 0.95 0.95 0.95 0.95 0.95 0.95 0.95 0.95 0.95 0.95 0.95 0.95 0.95 0.95 0.95 0.95 0.95 0.95 0.95 0.95 0.95 0.95 0.95 0.95 
;

param CapacityFactor default 1 :=
[ECU,DIST_JET,*,*]:
2010 2011 2012 2013 2014 2015 2016 2017 2018 2019 2020 2021 2022 2023 2024 2025 2026 2027 2028 2029 2030 2031 2032 2033 2034 2035 :=
All 1.0 1.0 1.0 1.0 1.0 1.0 1.0 1.0 1.0 1.0 1.0 1.0 1.0 1.0 1.0 1.0 1.0 1.0 1.0 1.0 1.0 1.0 1.0 1.0 1.0 1.0 
[ECU,PRONGS,*,*]:
2010 2011 2012 2013 2014 2015 2016 2017 2018 2019 2020 2021 2022 2023 2024 2025 2026 2027 2028 2029 2030 2031 2032 2033 2034 2035 :=
All 1.0 1.0 1.0 1.0 1.0 1.0 1.0 1.0 1.0 1.0 1.0 1.0 1.0 1.0 1.0 1.0 1.0 1.0 1.0 1.0 1.0 1.0 1.0 1.0 1.0 1.0 
[ECU,ELE_DIST,*,*]:
2010 2011 2012 2013 2014 2015 2016 2017 2018 2019 2020 2021 2022 2023 2024 2025 2026 2027 2028 2029 2030 2031 2032 2033 2034 2035 :=
All 1.0 1.0 1.0 1.0 1.0 1.0 1.0 1.0 1.0 1.0 1.0 1.0 1.0 1.0 1.0 1.0 1.0 1.0 1.0 1.0 1.0 1.0 1.0 1.0 1.0 1.0 
[ECU,DIST_FOI,*,*]:
2010 2011 2012 2013 2014 2015 2016 2017 2018 2019 2020 2021 2022 2023 2024 2025 2026 2027 2028 2029 2030 2031 2032 2033 2034 2035 :=
All 1.0 1.0 1.0 1.0 1.0 1.0 1.0 1.0 1.0 1.0 1.0 1.0 1.0 1.0 1.0 1.0 1.0 1.0 1.0 1.0 1.0 1.0 1.0 1.0 1.0 1.0 
[ECU,EXTT_NGS,*,*]:
2010 2011 2012 2013 2014 2015 2016 2017 2018 2019 2020 2021 2022 2023 2024 2025 2026 2027 2028 2029 2030 2031 2032 2033 2034 2035 :=
All 1.0 1.0 1.0 1.0 1.0 1.0 1.0 1.0 1.0 1.0 1.0 1.0 1.0 1.0 1.0 1.0 1.0 1.0 1.0 1.0 1.0 1.0 1.0 1.0 1.0 1.0 
[ECU,PPNGS,*,*]:
2010 2011 2012 2013 2014 2015 2016 2017 2018 2019 2020 2021 2022 2023 2024 2025 2026 2027 2028 2029 2030 2031 2032 2033 2034 2035 :=
All 0.5893 0.485 0.5401 0.6319 0.6631 0.6354 0.6417 0.5406 0.3927 0.3579 0.299 0.2527 0.2384 0.2384 0.2384 0.2384 0.2384 0.2384 0.2384 0.2384 0.2384 0.2384 0.2384 0.2384 0.2384 0.2384 
[ECU,PPRDSL,*,*]:
2010 2011 2012 2013 2014 2015 2016 2017 2018 2019 2020 2021 2022 2023 2024 2025 2026 2027 2028 2029 2030 2031 2032 2033 2034 2035 :=
All 0.4933 0.4966 0.5048 0.6047 0.9395 0.7108 0.3394 0.2948 0.2986 0.3089 0.2829 0.3064 0.3043 0.3043 0.3043 0.3043 0.3043 0.3043 0.3043 0.3043 0.3043 0.3043 0.3043 0.3043 0.3043 0.3043 
[ECU,IMPELE,*,*]:
2010 2011 2012 2013 2014 2015 2016 2017 2018 2019 2020 2021 2022 2023 2024 2025 2026 2027 2028 2029 2030 2031 2032 2033 2034 2035 :=
All 1.0 1.0 1.0 1.0 1.0 1.0 1.0 1.0 1.0 1.0 1.0 1.0 1.0 1.0 1.0 1.0 1.0 1.0 1.0 1.0 1.0 1.0 1.0 1.0 1.0 1.0 
[ECU,PPBGS,*,*]:
2010 2011 2012 2013 2014 2015 2016 2017 2018 2019 2020 2021 2022 2023 2024 2025 2026 2027 2028 2029 2030 2031 2032 2033 2034 2035 :=
All 0.7531 0.7531 0.7531 0.7531 0.7531 0.7531 0.7531 0.7531 0.7535 0.6813 0.7281 0.6973 0.6884 0.6884 0.6884 0.6884 0.6884 0.6884 0.6884 0.6884 0.6884 0.6884 0.6884 0.6884 0.6884 0.6884 
[ECU,DIST_OID,*,*]:
2010 2011 2012 2013 2014 2015 2016 2017 2018 2019 2020 2021 2022 2023 2024 2025 2026 2027 2028 2029 2030 2031 2032 2033 2034 2035 :=
All 1.0 1.0 1.0 1.0 1.0 1.0 1.0 1.0 1.0 1.0 1.0 1.0 1.0 1.0 1.0 1.0 1.0 1.0 1.0 1.0 1.0 1.0 1.0 1.0 1.0 1.0 
[ECU,PPDDSL,*,*]:
2010 2011 2012 2013 2014 2015 2016 2017 2018 2019 2020 2021 2022 2023 2024 2025 2026 2027 2028 2029 2030 2031 2032 2033 2034 2035 :=
All 0.2162 0.1301 0.1762 0.2597 0.2194 0.2204 0.1049 0.0374 0.0694 0.0663 0.0327 0.0352 0.0737 0.0737 0.0737 0.0737 0.0737 0.0737 0.0737 0.0737 0.0737 0.0737 0.0737 0.0737 0.0737 0.0737 
[ECU,DIST_DSL,*,*]:
2010 2011 2012 2013 2014 2015 2016 2017 2018 2019 2020 2021 2022 2023 2024 2025 2026 2027 2028 2029 2030 2031 2032 2033 2034 2035 :=
All 1.0 1.0 1.0 1.0 1.0 1.0 1.0 1.0 1.0 1.0 1.0 1.0 1.0 1.0 1.0 1.0 1.0 1.0 1.0 1.0 1.0 1.0 1.0 1.0 1.0 1.0 
[ECU,EXTT_CRU,*,*]:
2010 2011 2012 2013 2014 2015 2016 2017 2018 2019 2020 2021 2022 2023 2024 2025 2026 2027 2028 2029 2030 2031 2032 2033 2034 2035 :=
All 1.0 1.0 1.0 1.0 1.0 1.0 1.0 1.0 1.0 1.0 1.0 1.0 1.0 1.0 1.0 1.0 1.0 1.0 1.0 1.0 1.0 1.0 1.0 1.0 1.0 1.0 
[ECU,STOELE,*,*]:
2010 2011 2012 2013 2014 2015 2016 2017 2018 2019 2020 2021 2022 2023 2024 2025 2026 2027 2028 2029 2030 2031 2032 2033 2034 2035 :=
All 0.13 0.13 0.13 0.13 0.13 0.13 0.13 0.13 0.13 0.13 0.13 0.13 0.13 0.13 0.13 0.13 0.13 0.13 0.13 0.13 0.13 0.13 0.13 0.13 0.13 0.13 
[ECU,ELE_TRANS,*,*]:
2010 2011 2012 2013 2014 2015 2016 2017 2018 2019 2020 2021 2022 2023 2024 2025 2026 2027 2028 2029 2030 2031 2032 2033 2034 2035 :=
All 1.0 1.0 1.0 1.0 1.0 1.0 1.0 1.0 1.0 1.0 1.0 1.0 1.0 1.0 1.0 1.0 1.0 1.0 1.0 1.0 1.0 1.0 1.0 1.0 1.0 1.0 
[ECU,PPHRORPM,*,*]:
2010 2011 2012 2013 2014 2015 2016 2017 2018 2019 2020 2021 2022 2023 2024 2025 2026 2027 2028 2029 2030 2031 2032 2033 2034 2035 :=
All 0.4649 0.6072 0.6792 0.7152 0.7408 0.6681 0.5962 0.6352 0.5161 0.6677 0.6557 0.7008 0.6201 0.6201 0.6201 0.6201 0.6201 0.6201 0.6201 0.6201 0.6201 0.6201 0.6201 0.6201 0.6201 0.6201 
[ECU,PPILPG,*,*]:
2010 2011 2012 2013 2014 2015 2016 2017 2018 2019 2020 2021 2022 2023 2024 2025 2026 2027 2028 2029 2030 2031 2032 2033 2034 2035 :=
All 0.4491 0.4713 0.5444 0.5248 0.514 0.5482 0.5373 0.5539 0.5743 0.5447 0.5278 0.5403 0.5576 0.5576 0.5576 0.5576 0.5576 0.5576 0.5576 0.5576 0.5576 0.5576 0.5576 0.5576 0.5576 0.5576 
[ECU,DIST_OPE,*,*]:
2010 2011 2012 2013 2014 2015 2016 2017 2018 2019 2020 2021 2022 2023 2024 2025 2026 2027 2028 2029 2030 2031 2032 2033 2034 2035 :=
All 1.0 1.0 1.0 1.0 1.0 1.0 1.0 1.0 1.0 1.0 1.0 1.0 1.0 1.0 1.0 1.0 1.0 1.0 1.0 1.0 1.0 1.0 1.0 1.0 1.0 1.0 
[ECU,DIST_RDF,*,*]:
2010 2011 2012 2013 2014 2015 2016 2017 2018 2019 2020 2021 2022 2023 2024 2025 2026 2027 2028 2029 2030 2031 2032 2033 2034 2035 :=
All 1.0 1.0 1.0 1.0 1.0 1.0 1.0 1.0 1.0 1.0 1.0 1.0 1.0 1.0 1.0 1.0 1.0 1.0 1.0 1.0 1.0 1.0 1.0 1.0 1.0 1.0 
[ECU,DIST_LPG,*,*]:
2010 2011 2012 2013 2014 2015 2016 2017 2018 2019 2020 2021 2022 2023 2024 2025 2026 2027 2028 2029 2030 2031 2032 2033 2034 2035 :=
All 1.0 1.0 1.0 1.0 1.0 1.0 1.0 1.0 1.0 1.0 1.0 1.0 1.0 1.0 1.0 1.0 1.0 1.0 1.0 1.0 1.0 1.0 1.0 1.0 1.0 1.0 
[ECU,PPDFOI,*,*]:
2010 2011 2012 2013 2014 2015 2016 2017 2018 2019 2020 2021 2022 2023 2024 2025 2026 2027 2028 2029 2030 2031 2032 2033 2034 2035 :=
All 0.9744 0.62 0.6269 0.4561 0.4799 0.482 0.3711 0.0951 0.0872 0.0102 0.041 0.0364 0.1004 0.1004 0.1004 0.1004 0.1004 0.1004 0.1004 0.1004 0.1004 0.1004 0.1004 0.1004 0.1004 0.1004 
[ECU,PPHRORAB,*,*]:
2010 2011 2012 2013 2014 2015 2016 2017 2018 2019 2020 2021 2022 2023 2024 2025 2026 2027 2028 2029 2030 2031 2032 2033 2034 2035 :=
All 0.2393 0.2393 0.2393 0.2393 0.2393 0.2393 0.2393 0.4907 0.5043 0.5321 0.5594 0.5568 0.5676 0.5676 0.5676 0.5676 0.5676 0.5676 0.5676 0.5676 0.5676 0.5676 0.5676 0.5676 0.5676 0.5676 
[ECU,DIST_CRU,*,*]:
2010 2011 2012 2013 2014 2015 2016 2017 2018 2019 2020 2021 2022 2023 2024 2025 2026 2027 2028 2029 2030 2031 2032 2033 2034 2035 :=
All 1.0 1.0 1.0 1.0 1.0 1.0 1.0 1.0 1.0 1.0 1.0 1.0 1.0 1.0 1.0 1.0 1.0 1.0 1.0 1.0 1.0 1.0 1.0 1.0 1.0 1.0 
[ECU,PPDSL,*,*]:
2010 2011 2012 2013 2014 2015 2016 2017 2018 2019 2020 2021 2022 2023 2024 2025 2026 2027 2028 2029 2030 2031 2032 2033 2034 2035 :=
All 0.0945 0.0936 0.111 0.218 0.2327 0.2029 0.2097 0.0083 0.0182 0.0436 0.0545 0.0068 0.0324 0.0324 0.0324 0.0324 0.0324 0.0324 0.0324 0.0324 0.0324 0.0324 0.0324 0.0324 0.0324 0.0324 
[ECU,PPWNDD,*,*]:
2010 2011 2012 2013 2014 2015 2016 2017 2018 2019 2020 2021 2022 2023 2024 2025 2026 2027 2028 2029 2030 2031 2032 2033 2034 2035 :=
All 0.1202 0.1202 0.1202 0.1202 0.1202 0.2586 0.1534 0.1604 0.1694 0.1433 0.1412 0.1412 0.1412 0.1412 0.1412 0.1412 0.1412 0.1412 0.1412 0.1412 0.1412 0.1412 0.1412 0.1412 0.1412 0.1412 
[ECU,PPHDAMPM,*,*]:
2010 2011 2012 2013 2014 2015 2016 2017 2018 2019 2020 2021 2022 2023 2024 2025 2026 2027 2028 2029 2030 2031 2032 2033 2034 2035 :=
All 0.3144 0.4106 0.4593 0.473 0.4899 0.5635 0.5768 0.5351 0.4609 0.6003 0.4678 0.5417 0.5305 0.5305 0.5305 0.5305 0.5305 0.5305 0.5305 0.5305 0.5305 0.5305 0.5305 0.5305 0.5305 0.5305 
[ECU,PPRNGS,*,*]:
2010 2011 2012 2013 2014 2015 2016 2017 2018 2019 2020 2021 2022 2023 2024 2025 2026 2027 2028 2029 2030 2031 2032 2033 2034 2035 :=
All 0.5381 0.5821 0.6615 0.4418 0.4293 0.4105 0.5316 0.54 0.5304 0.5273 0.5193 0.5592 0.5627 0.5627 0.5627 0.5627 0.5627 0.5627 0.5627 0.5627 0.5627 0.5627 0.5627 0.5627 0.5627 0.5627 
[ECU,PPHRORAM,*,*]:
2010 2011 2012 2013 2014 2015 2016 2017 2018 2019 2020 2021 2022 2023 2024 2025 2026 2027 2028 2029 2030 2031 2032 2033 2034 2035 :=
All 0.097 0.097 0.097 0.097 0.097 0.097 0.097 0.097 0.097 0.4371 0.4981 0.5375 0.4702 0.4702 0.4702 0.4702 0.4702 0.4702 0.4702 0.4702 0.4702 0.4702 0.4702 0.4702 0.4702 0.4702 
[ECU,DIST_COK,*,*]:
2010 2011 2012 2013 2014 2015 2016 2017 2018 2019 2020 2021 2022 2023 2024 2025 2026 2027 2028 2029 2030 2031 2032 2033 2034 2035 :=
All 1.0 1.0 1.0 1.0 1.0 1.0 1.0 1.0 1.0 1.0 1.0 1.0 1.0 1.0 1.0 1.0 1.0 1.0 1.0 1.0 1.0 1.0 1.0 1.0 1.0 1.0 
[ECU,PPHRORAS,*,*]:
2010 2011 2012 2013 2014 2015 2016 2017 2018 2019 2020 2021 2022 2023 2024 2025 2026 2027 2028 2029 2030 2031 2032 2033 2034 2035 :=
All 0.4786 0.6251 0.6992 0.6219 0.6442 0.7122 0.7467 0.8501 0.2961 0.8272 0.9095 0.8908 0.8128 0.8128 0.8128 0.8128 0.8128 0.8128 0.8128 0.8128 0.8128 0.8128 0.8128 0.8128 0.8128 0.8128 
[ECU,DIST_CHA,*,*]:
2010 2011 2012 2013 2014 2015 2016 2017 2018 2019 2020 2021 2022 2023 2024 2025 2026 2027 2028 2029 2030 2031 2032 2033 2034 2035 :=
All 1.0 1.0 1.0 1.0 1.0 1.0 1.0 1.0 1.0 1.0 1.0 1.0 1.0 1.0 1.0 1.0 1.0 1.0 1.0 1.0 1.0 1.0 1.0 1.0 1.0 1.0 
[ECU,PPBIM,*,*]:
2010 2011 2012 2013 2014 2015 2016 2017 2018 2019 2020 2021 2022 2023 2024 2025 2026 2027 2028 2029 2030 2031 2032 2033 2034 2035 :=
All 0.4122 0.3393 0.3779 0.6854 0.7382 0.7094 0.6251 0.3009 0.4731 0.3131 0.3797 0.2265 0.4592 0.4592 0.4592 0.4592 0.4592 0.4592 0.4592 0.4592 0.4592 0.4592 0.4592 0.4592 0.4592 0.4592 
[ECU,DIST_NGS,*,*]:
2010 2011 2012 2013 2014 2015 2016 2017 2018 2019 2020 2021 2022 2023 2024 2025 2026 2027 2028 2029 2030 2031 2032 2033 2034 2035 :=
All 1.0 1.0 1.0 1.0 1.0 1.0 1.0 1.0 1.0 1.0 1.0 1.0 1.0 1.0 1.0 1.0 1.0 1.0 1.0 1.0 1.0 1.0 1.0 1.0 1.0 1.0 
[ECU,PPHDAMAM,*,*]:
2010 2011 2012 2013 2014 2015 2016 2017 2018 2019 2020 2021 2022 2023 2024 2025 2026 2027 2028 2029 2030 2031 2032 2033 2034 2035 :=
All 0.4601 0.6009 0.6722 0.6052 0.6528 0.7509 0.6422 0.6099 0.5843 0.6422 0.59 0.6475 0.5761 0.5761 0.5761 0.5761 0.5761 0.5761 0.5761 0.5761 0.5761 0.5761 0.5761 0.5761 0.5761 0.5761 
[ECU,PPIBIM,*,*]:
2010 2011 2012 2013 2014 2015 2016 2017 2018 2019 2020 2021 2022 2023 2024 2025 2026 2027 2028 2029 2030 2031 2032 2033 2034 2035 :=
All 0.324 0.34 0.3927 0.3679 0.3603 0.3455 0.3686 0.3268 0.305 0.3582 0.3685 0.3611 0.285 0.285 0.285 0.285 0.285 0.285 0.285 0.285 0.285 0.285 0.285 0.285 0.285 0.285 
[ECU,PPPVDS,*,*]:
2010 2011 2012 2013 2014 2015 2016 2017 2018 2019 2020 2021 2022 2023 2024 2025 2026 2027 2028 2029 2030 2031 2032 2033 2034 2035 :=
All 0.1943 0.1943 0.1943 0.1943 0.1943 0.1943 0.1943 0.1943 0.1943 0.1943 0.1943 0.1943 0.1943 0.1943 0.1943 0.1943 0.1943 0.1943 0.1943 0.1943 0.1943 0.1943 0.1943 0.1943 0.1943 0.1943 
[ECU,PPHDAMAB,*,*]:
2010 2011 2012 2013 2014 2015 2016 2017 2018 2019 2020 2021 2022 2023 2024 2025 2026 2027 2028 2029 2030 2031 2032 2033 2034 2035 :=
All 0.4737 0.6187 0.692 0.5674 0.5877 0.676 0.577 0.5158 0.5482 0.6269 0.5811 0.6134 0.5757 0.5757 0.5757 0.5757 0.5757 0.5757 0.5757 0.5757 0.5757 0.5757 0.5757 0.5757 0.5757 0.5757 
[ECU,PPHDAMAS,*,*]:
2010 2011 2012 2013 2014 2015 2016 2017 2018 2019 2020 2021 2022 2023 2024 2025 2026 2027 2028 2029 2030 2031 2032 2033 2034 2035 :=
All 0.5359 0.5359 0.5359 0.5359 0.5359 0.5359 0.5359 0.5359 0.5359 0.5359 0.5359 0.5359 0.5359 0.5359 0.5359 0.5359 0.5359 0.5359 0.5359 0.5359 0.5359 0.5359 0.5359 0.5359 0.5359 0.5359 
[ECU,ADD_GRE,*,*]:
2010 2011 2012 2013 2014 2015 2016 2017 2018 2019 2020 2021 2022 2023 2024 2025 2026 2027 2028 2029 2030 2031 2032 2033 2034 2035 :=
All 1.0 1.0 1.0 1.0 1.0 1.0 1.0 1.0 1.0 1.0 1.0 1.0 1.0 1.0 1.0 1.0 1.0 1.0 1.0 1.0 1.0 1.0 1.0 1.0 1.0 1.0 
[ECU,PROCRU,*,*]:
2010 2011 2012 2013 2014 2015 2016 2017 2018 2019 2020 2021 2022 2023 2024 2025 2026 2027 2028 2029 2030 2031 2032 2033 2034 2035 :=
All 1.0 1.0 1.0 1.0 1.0 1.0 1.0 1.0 1.0 1.0 1.0 1.0 1.0 1.0 1.0 1.0 1.0 1.0 1.0 1.0 1.0 1.0 1.0 1.0 1.0 1.0 
[ECU,PPIHD,*,*]:
2010 2011 2012 2013 2014 2015 2016 2017 2018 2019 2020 2021 2022 2023 2024 2025 2026 2027 2028 2029 2030 2031 2032 2033 2034 2035 :=
All 0.716 0.7913 0.7689 0.7735 0.7982 0.6392 0.6737 0.7215 0.7137 0.8707 0.7938 0.8953 0.8536 0.8536 0.8536 0.8536 0.8536 0.8536 0.8536 0.8536 0.8536 0.8536 0.8536 0.8536 0.8536 0.8536 
[ECU,PPFOI,*,*]:
2010 2011 2012 2013 2014 2015 2016 2017 2018 2019 2020 2021 2022 2023 2024 2025 2026 2027 2028 2029 2030 2031 2032 2033 2034 2035 :=
All 0.756 0.4805 0.5351 0.5597 0.6028 0.5829 0.5174 0.2682 0.3639 0.2505 0.1922 0.1659 0.338 0.338 0.338 0.338 0.338 0.338 0.338 0.338 0.338 0.338 0.338 0.338 0.338 0.338 
[ECU,DIST_COA,*,*]:
2010 2011 2012 2013 2014 2015 2016 2017 2018 2019 2020 2021 2022 2023 2024 2025 2026 2027 2028 2029 2030 2031 2032 2033 2034 2035 :=
All 1.0 1.0 1.0 1.0 1.0 1.0 1.0 1.0 1.0 1.0 1.0 1.0 1.0 1.0 1.0 1.0 1.0 1.0 1.0 1.0 1.0 1.0 1.0 1.0 1.0 1.0 
[ECU,PPHRORPS,*,*]:
2010 2011 2012 2013 2014 2015 2016 2017 2018 2019 2020 2021 2022 2023 2024 2025 2026 2027 2028 2029 2030 2031 2032 2033 2034 2035 :=
All 0.6504 0.8343 0.6357 0.7052 0.726 0.835 0.5429 0.6924 0.6777 0.7288 0.6586 0.7236 0.7254 0.7254 0.7254 0.7254 0.7254 0.7254 0.7254 0.7254 0.7254 0.7254 0.7254 0.7254 0.7254 0.7254 
[ECU,HYD_G_PROD,*,*]:
2010 2011 2012 2013 2014 2015 2016 2017 2018 2019 2020 2021 2022 2023 2024 2025 2026 2027 2028 2029 2030 2031 2032 2033 2034 2035 :=
All 1.0 1.0 1.0 1.0 1.0 1.0 1.0 1.0 1.0 1.0 1.0 1.0 1.0 1.0 1.0 1.0 1.0 1.0 1.0 1.0 1.0 1.0 1.0 1.0 1.0 1.0 
[ECU,PPWNDON,*,*]:
2010 2011 2012 2013 2014 2015 2016 2017 2018 2019 2020 2021 2022 2023 2024 2025 2026 2027 2028 2029 2030 2031 2032 2033 2034 2035 :=
All 0.172 0.172 0.172 0.172 0.172 0.172 0.172 0.172 0.172 0.172 0.172 0.172 0.172 0.172 0.172 0.172 0.172 0.172 0.172 0.172 0.172 0.172 0.172 0.172 0.172 0.172 
[ECU,HYD_DIST,*,*]:
2010 2011 2012 2013 2014 2015 2016 2017 2018 2019 2020 2021 2022 2023 2024 2025 2026 2027 2028 2029 2030 2031 2032 2033 2034 2035 :=
All 1.0 1.0 1.0 1.0 1.0 1.0 1.0 1.0 1.0 1.0 1.0 1.0 1.0 1.0 1.0 1.0 1.0 1.0 1.0 1.0 1.0 1.0 1.0 1.0 1.0 1.0 
[ECU,PPGEO,*,*]:
2010 2011 2012 2013 2014 2015 2016 2017 2018 2019 2020 2021 2022 2023 2024 2025 2026 2027 2028 2029 2030 2031 2032 2033 2034 2035 :=
All 1.0 1.0 1.0 1.0 1.0 1.0 1.0 1.0 1.0 1.0 1.0 1.0 1.0 1.0 1.0 1.0 1.0 1.0 1.0 1.0 1.0 1.0 1.0 1.0 1.0 1.0 
[ECU,PPPVT,*,*]:
2010 2011 2012 2013 2014 2015 2016 2017 2018 2019 2020 2021 2022 2023 2024 2025 2026 2027 2028 2029 2030 2031 2032 2033 2034 2035 :=
All 0.0152 0.0152 0.0152 0.0152 0.0749 0.1636 0.1759 0.1682 0.1708 0.1627 0.1661 0.1643 0.1635 0.1635 0.1635 0.1635 0.1635 0.1635 0.1635 0.1635 0.1635 0.1635 0.1635 0.1635 0.1635 0.1635 
[ECU,DIST_KER,*,*]:
2010 2011 2012 2013 2014 2015 2016 2017 2018 2019 2020 2021 2022 2023 2024 2025 2026 2027 2028 2029 2030 2031 2032 2033 2034 2035 :=
All 1.0 1.0 1.0 1.0 1.0 1.0 1.0 1.0 1.0 1.0 1.0 1.0 1.0 1.0 1.0 1.0 1.0 1.0 1.0 1.0 1.0 1.0 1.0 1.0 1.0 1.0 
[ECU,DIST_FIR,*,*]:
2010 2011 2012 2013 2014 2015 2016 2017 2018 2019 2020 2021 2022 2023 2024 2025 2026 2027 2028 2029 2030 2031 2032 2033 2034 2035 :=
All 1.0 1.0 1.0 1.0 1.0 1.0 1.0 1.0 1.0 1.0 1.0 1.0 1.0 1.0 1.0 1.0 1.0 1.0 1.0 1.0 1.0 1.0 1.0 1.0 1.0 1.0 
[ECU,PPPVD,*,*]:
2010 2011 2012 2013 2014 2015 2016 2017 2018 2019 2020 2021 2022 2023 2024 2025 2026 2027 2028 2029 2030 2031 2032 2033 2034 2035 :=
All 0.1943 0.1943 0.1943 0.1943 0.1943 0.1943 0.1943 0.1943 0.1943 0.1943 0.1943 0.1943 0.1943 0.1943 0.1943 0.1943 0.1943 0.1943 0.1943 0.1943 0.1943 0.1943 0.1943 0.1943 0.1943 0.1943 
[ECU,PPCRU,*,*]:
2010 2011 2012 2013 2014 2015 2016 2017 2018 2019 2020 2021 2022 2023 2024 2025 2026 2027 2028 2029 2030 2031 2032 2033 2034 2035 :=
All 0.5381 0.5821 0.6615 0.4418 0.4293 0.4105 0.5316 0.54 0.5304 0.5273 0.5193 0.5592 0.5627 0.5627 0.5627 0.5627 0.5627 0.5627 0.5627 0.5627 0.5627 0.5627 0.5627 0.5627 0.5627 0.5627 
[ECU,DIST_BGS,*,*]:
2010 2011 2012 2013 2014 2015 2016 2017 2018 2019 2020 2021 2022 2023 2024 2025 2026 2027 2028 2029 2030 2031 2032 2033 2034 2035 :=
All 1.0 1.0 1.0 1.0 1.0 1.0 1.0 1.0 1.0 1.0 1.0 1.0 1.0 1.0 1.0 1.0 1.0 1.0 1.0 1.0 1.0 1.0 1.0 1.0 1.0 1.0 
[ECU,PPHD,*,*]:
2010 2011 2012 2013 2014 2015 2016 2017 2018 2019 2020 2021 2022 2023 2024 2025 2026 2027 2028 2029 2030 2031 2032 2033 2034 2035 :=
All 0.118 0.118 0.1354 0.1181 0.1064 0.1186 0.1117 0.1164 0.1124 0.1075 0.102 0.1104 0.1129 0.1129 0.1129 0.1129 0.1129 0.1129 0.1129 0.1129 0.1129 0.1129 0.1129 0.1129 0.1129 0.1129 
[ECU,DIST_GSL,*,*]:
2010 2011 2012 2013 2014 2015 2016 2017 2018 2019 2020 2021 2022 2023 2024 2025 2026 2027 2028 2029 2030 2031 2032 2033 2034 2035 :=
All 1.0 1.0 1.0 1.0 1.0 1.0 1.0 1.0 1.0 1.0 1.0 1.0 1.0 1.0 1.0 1.0 1.0 1.0 1.0 1.0 1.0 1.0 1.0 1.0 1.0 1.0 
[ECU,DIST_BIM,*,*]:
2010 2011 2012 2013 2014 2015 2016 2017 2018 2019 2020 2021 2022 2023 2024 2025 2026 2027 2028 2029 2030 2031 2032 2033 2034 2035 :=
All 1.0 1.0 1.0 1.0 1.0 1.0 1.0 1.0 1.0 1.0 1.0 1.0 1.0 1.0 1.0 1.0 1.0 1.0 1.0 1.0 1.0 1.0 1.0 1.0 1.0 1.0 
[ECU,PPPVTS,*,*]:
2010 2011 2012 2013 2014 2015 2016 2017 2018 2019 2020 2021 2022 2023 2024 2025 2026 2027 2028 2029 2030 2031 2032 2033 2034 2035 :=
All 0.1707 0.1707 0.1707 0.1707 0.1707 0.1707 0.1707 0.1707 0.1707 0.1707 0.1707 0.1707 0.1707 0.1707 0.1707 0.1707 0.1707 0.1707 0.1707 0.1707 0.1707 0.1707 0.1707 0.1707 0.1707 0.1707 
[ECU,PPHDAMPS,*,*]:
2010 2011 2012 2013 2014 2015 2016 2017 2018 2019 2020 2021 2022 2023 2024 2025 2026 2027 2028 2029 2030 2031 2032 2033 2034 2035 :=
All 0.1141 0.1141 0.1141 0.1141 0.1141 0.1141 0.3562 0.375 0.2971 0.4286 0.4063 0.4282 0.3992 0.3992 0.3992 0.3992 0.3992 0.3992 0.3992 0.3992 0.3992 0.3992 0.3992 0.3992 0.3992 0.3992 
;

param CapacityToActivityUnit default 1 :
DIST_DSL DIST_GSL DIST_NGS DIST_LPG DIST_COK DIST_KER DIST_JET DIST_FIR DIST_CHA DIST_BIM DIST_BGS DIST_CRU DIST_RDF DIST_OID DIST_OPE EXTT_CRU DIST_COA DIST_FOI PPHDAMAB PPHDAMAM PPHDAMAS PPHDAMPM PPHDAMPS PPHRORAB PPHRORAM PPHRORAS PPHRORPM PPHRORPS PPGEO PPWNDON PPWNDONS PPWNDOFF PPPVT PPPVTS PPPVD PPPVDS ELE_TRANS ELE_DIST HYD_G_PROD HYD_DIST STOELE PPBIM PPBGS PPNGS PPDSL PPFOI PROCRU PPCRU PPRNGS PPRDSL PPDFOI PPDDSL PPILPG PPIBIM PPIHD PPWNDD REF_DSL REF_GSL REF_LPG REF_FOI REF_JET REF_OPE T5DSLCOM T5GSLCOM T5LPGCOM T5ELECOM T5FIRCOM T5CHACOM T5OPECOM T5DSLRES T5GSLRES T5LPGRES T5ELERES T5KERRES T5FIRRES T5CHARES T5OPERES T5ELEPUB T5DSLIND T5GSLIND T5NGSIND T5ELEIND T5HYDIND T5COKIND T5BIMIND T5COAIND T5FOIIND T5RDFIND T5OIDIND T5DSLCON T5ELECON T5FOICON T5DSLEXP T5JETEXP T5FOIEXP T5JETTAE T5DSLTMA T5NGSTMA T5LPGTMA T5ELETMA T5FOITMA T5DSLTRO T5GSLTRO T5NGSTRO T5LPGTRO T5ELETRO T5BGSTRO T5FOITRO T4ELE_HEA TRXTRAIELE Techs_Rail :=
ECU 1.0 1.0 1.0 1.0 1.0 1.0 1.0 1.0 1.0 1.0 1.0 1.0 1.0 1.0 1.0 1.0 1.0 1.0 31.54 31.54 31.54 31.54 31.54 31.54 31.54 31.54 31.536 31.536 31.536 31.536 31.536 31.536 31.536 31.536 31.536 31.536 1.0 1.0 1.0 1.0 1.0 31.536 31.536 31.536 31.536 31.536 31.536 31.536 31.536 31.536 31.536 31.536 31.536 31.536 31.536 31.536 1.0 1.0 1.0 1.0 1.0 1.0 1.0 1.0 1.0 1.0 1.0 1.0 1.0 1.0 1.0 1.0 1.0 1.0 1.0 1.0 1.0 1.0 1.0 1.0 1.0 1.0 1.0 1.0 1.0 1.0 1.0 1.0 1.0 1.0 1.0 1.0 1.0 1.0 1.0 1.0 1.0 1.0 1.0 1.0 1.0 1.0 1.0 1.0 1.0 1.0 1.0 1.0 1.0 1.0 1.0 
;

param CapitalCost default 0 :=
[ECU,*,*]:
2010 2011 2012 2013 2014 2015 2016 2017 2018 2019 2020 2021 2022 2023 2024 2025 2026 2027 2028 2029 2030 2031 2032 2033 2034 2035 :=
DIST_BGS 1.0 1.0 1.0 1.0 1.0 1.0 1.0 1.0 1.0 1.0 1.0 1.0 1.0 1.0 1.0 1.0 1.0 1.0 1.0 1.0 1.0 1.0 1.0 1.0 1.0 1.0 
DIST_BIM 1.0 1.0 1.0 1.0 1.0 1.0 1.0 1.0 1.0 1.0 1.0 1.0 1.0 1.0 1.0 1.0 1.0 1.0 1.0 1.0 1.0 1.0 1.0 1.0 1.0 1.0 
DIST_CHA 1.0 1.0 1.0 1.0 1.0 1.0 1.0 1.0 1.0 1.0 1.0 1.0 1.0 1.0 1.0 1.0 1.0 1.0 1.0 1.0 1.0 1.0 1.0 1.0 1.0 1.0 
DIST_FIR 1.0 1.0 1.0 1.0 1.0 1.0 1.0 1.0 1.0 1.0 1.0 1.0 1.0 1.0 1.0 1.0 1.0 1.0 1.0 1.0 1.0 1.0 1.0 1.0 1.0 1.0 
DIST_COA 1.0 1.0 1.0 1.0 1.0 1.0 1.0 1.0 1.0 1.0 1.0 1.0 1.0 1.0 1.0 1.0 1.0 1.0 1.0 1.0 1.0 1.0 1.0 1.0 1.0 1.0 
DIST_COK 1.0 1.0 1.0 1.0 1.0 1.0 1.0 1.0 1.0 1.0 1.0 1.0 1.0 1.0 1.0 1.0 1.0 1.0 1.0 1.0 1.0 1.0 1.0 1.0 1.0 1.0 
DIST_DSL 1.0 1.0 1.0 1.0 1.0 1.0 1.0 1.0 1.0 1.0 1.0 1.0 1.0 1.0 1.0 1.0 1.0 1.0 1.0 1.0 1.0 1.0 1.0 1.0 1.0 1.0 
DIST_FOI 1.0 1.0 1.0 1.0 1.0 1.0 1.0 1.0 1.0 1.0 1.0 1.0 1.0 1.0 1.0 1.0 1.0 1.0 1.0 1.0 1.0 1.0 1.0 1.0 1.0 1.0 
DIST_GSL 1.0 1.0 1.0 1.0 1.0 1.0 1.0 1.0 1.0 1.0 1.0 1.0 1.0 1.0 1.0 1.0 1.0 1.0 1.0 1.0 1.0 1.0 1.0 1.0 1.0 1.0 
DIST_JET 1.0 1.0 1.0 1.0 1.0 1.0 1.0 1.0 1.0 1.0 1.0 1.0 1.0 1.0 1.0 1.0 1.0 1.0 1.0 1.0 1.0 1.0 1.0 1.0 1.0 1.0 
DIST_KER 1.0 1.0 1.0 1.0 1.0 1.0 1.0 1.0 1.0 1.0 1.0 1.0 1.0 1.0 1.0 1.0 1.0 1.0 1.0 1.0 1.0 1.0 1.0 1.0 1.0 1.0 
DIST_LPG 1.0 1.0 1.0 1.0 1.0 1.0 1.0 1.0 1.0 1.0 1.0 1.0 1.0 1.0 1.0 1.0 1.0 1.0 1.0 1.0 1.0 1.0 1.0 1.0 1.0 1.0 
DIST_NGS 1.0 1.0 1.0 1.0 1.0 1.0 1.0 1.0 1.0 1.0 1.0 1.0 1.0 1.0 1.0 1.0 1.0 1.0 1.0 1.0 1.0 1.0 1.0 1.0 1.0 1.0 
DIST_CRU 1.0 1.0 1.0 1.0 1.0 1.0 1.0 1.0 1.0 1.0 1.0 1.0 1.0 1.0 1.0 1.0 1.0 1.0 1.0 1.0 1.0 1.0 1.0 1.0 1.0 1.0 
DIST_OPE 1.0 1.0 1.0 1.0 1.0 1.0 1.0 1.0 1.0 1.0 1.0 1.0 1.0 1.0 1.0 1.0 1.0 1.0 1.0 1.0 1.0 1.0 1.0 1.0 1.0 1.0 
DIST_RDF 1.0 1.0 1.0 1.0 1.0 1.0 1.0 1.0 1.0 1.0 1.0 1.0 1.0 1.0 1.0 1.0 1.0 1.0 1.0 1.0 1.0 1.0 1.0 1.0 1.0 1.0 
DIST_OID 1.0 1.0 1.0 1.0 1.0 1.0 1.0 1.0 1.0 1.0 1.0 1.0 1.0 1.0 1.0 1.0 1.0 1.0 1.0 1.0 1.0 1.0 1.0 1.0 1.0 1.0 
PPPVD 100.0 100.0 100.0 100.0 100.0 100.0 100.0 100.0 100.0 100.0 100.0 100.0 100.0 100.0 100.0 100.0 100.0 100.0 100.0 100.0 100.0 100.0 100.0 100.0 100.0 100.0 
PPPVDS 1.0 1.0 1.0 1.0 1.0 1.0 1.0 1.0 1.0 1.0 1.0 1.0 1.0 1.0 1.0 1.0 1.0 1.0 1.0 1.0 1.0 1.0 1.0 1.0 1.0 1.0 
PPGEO 1.0 1.0 1.0 1.0 1.0 1.0 1.0 1.0 1.0 1.0 1.0 1.0 1.0 1.0 1.0 1.0 1.0 1.0 1.0 1.0 1.0 1.0 1.0 1.0 1.0 1.0 
PPHDAMAB 5000.0 5000.0 5000.0 5000.0 5000.0 5000.0 5000.0 5000.0 5000.0 5000.0 5000.0 5000.0 5000.0 5000.0 5000.0 5000.0 5000.0 5000.0 5000.0 5000.0 5000.0 5000.0 5000.0 5000.0 5000.0 5000.0 
PPHDAMAM 3500.0 3500.0 3500.0 3500.0 3500.0 3500.0 3500.0 3500.0 3500.0 3500.0 3500.0 3500.0 3500.0 3500.0 3500.0 3500.0 3500.0 3500.0 3500.0 3500.0 3500.0 3500.0 3500.0 3500.0 3500.0 3500.0 
PPHDAMAS 5000.0 5000.0 5000.0 5000.0 5000.0 5000.0 5000.0 5000.0 5000.0 5000.0 5000.0 5000.0 5000.0 5000.0 5000.0 5000.0 5000.0 5000.0 5000.0 5000.0 5000.0 5000.0 5000.0 5000.0 5000.0 5000.0 
PPHDAMPM 3500.0 3500.0 3500.0 3500.0 3500.0 3500.0 3500.0 3500.0 3500.0 3500.0 3500.0 3500.0 3500.0 3500.0 3500.0 3500.0 3500.0 3500.0 3500.0 3500.0 3500.0 3500.0 3500.0 3500.0 3500.0 3500.0 
PPHDAMPS 5000.0 5000.0 5000.0 5000.0 5000.0 5000.0 5000.0 5000.0 5000.0 5000.0 5000.0 5000.0 5000.0 5000.0 5000.0 5000.0 5000.0 5000.0 5000.0 5000.0 5000.0 5000.0 5000.0 5000.0 5000.0 5000.0 
PPHRORAB 3500.0 3500.0 3500.0 3500.0 3500.0 3500.0 3500.0 3500.0 3500.0 3500.0 3500.0 3500.0 3500.0 3500.0 3500.0 3500.0 3500.0 3500.0 3500.0 3500.0 3500.0 3500.0 3500.0 3500.0 3500.0 3500.0 
PPHRORAM 5000.0 5000.0 5000.0 5000.0 5000.0 5000.0 5000.0 5000.0 5000.0 5000.0 5000.0 5000.0 5000.0 5000.0 5000.0 5000.0 5000.0 5000.0 5000.0 5000.0 5000.0 5000.0 5000.0 5000.0 5000.0 5000.0 
PPHRORAS 3500.0 3500.0 3500.0 3500.0 3500.0 3500.0 3500.0 3500.0 3500.0 3500.0 3500.0 3500.0 3500.0 3500.0 3500.0 3500.0 3500.0 3500.0 3500.0 3500.0 3500.0 3500.0 3500.0 3500.0 3500.0 3500.0 
PPHRORPM 5000.0 5000.0 5000.0 5000.0 5000.0 5000.0 5000.0 5000.0 5000.0 5000.0 5000.0 5000.0 5000.0 5000.0 5000.0 5000.0 5000.0 5000.0 5000.0 5000.0 5000.0 5000.0 5000.0 5000.0 5000.0 5000.0 
PPHRORPS 3500.0 3500.0 3500.0 3500.0 3500.0 3500.0 3500.0 3500.0 3500.0 3500.0 3500.0 3500.0 3500.0 3500.0 3500.0 3500.0 3500.0 3500.0 3500.0 3500.0 3500.0 3500.0 3500.0 3500.0 3500.0 3500.0 
PPPVT 800.0 800.0 800.0 800.0 800.0 800.0 800.0 800.0 800.0 800.0 800.0 800.0 800.0 800.0 800.0 800.0 800.0 800.0 800.0 800.0 800.0 800.0 800.0 800.0 800.0 800.0 
PPPVTS 1.0 1.0 1.0 1.0 1.0 1.0 1.0 1.0 1.0 1.0 1.0 1.0 1.0 1.0 1.0 1.0 1.0 1.0 1.0 1.0 1.0 1.0 1.0 1.0 1.0 1.0 
PPWNDON 1300.0 1300.0 1300.0 1300.0 1300.0 1300.0 1300.0 1300.0 1300.0 1300.0 1300.0 1300.0 1300.0 1300.0 1300.0 1300.0 1300.0 1300.0 1300.0 1300.0 1300.0 1300.0 1300.0 1300.0 1300.0 1300.0 
PPHD 1.0 1.0 1.0 1.0 1.0 1.0 1.0 1.0 1.0 1.0 1.0 1.0 1.0 1.0 1.0 1.0 1.0 1.0 1.0 1.0 1.0 1.0 1.0 1.0 1.0 1.0 
PPIHD 1.0 1.0 1.0 1.0 1.0 1.0 1.0 1.0 1.0 1.0 1.0 1.0 1.0 1.0 1.0 1.0 1.0 1.0 1.0 1.0 1.0 1.0 1.0 1.0 1.0 1.0 
PPWNDD 1.0 1.0 1.0 1.0 1.0 1.0 1.0 1.0 1.0 1.0 1.0 1.0 1.0 1.0 1.0 1.0 1.0 1.0 1.0 1.0 1.0 1.0 1.0 1.0 1.0 1.0 
EXTT_NGS 1.0 1.0 1.0 1.0 1.0 1.0 1.0 1.0 1.0 1.0 1.0 1.0 1.0 1.0 1.0 1.0 1.0 1.0 1.0 1.0 1.0 1.0 1.0 1.0 1.0 1.0 
ADD_GRE 1.0 1.0 1.0 1.0 1.0 1.0 1.0 1.0 1.0 1.0 1.0 1.0 1.0 1.0 1.0 1.0 1.0 1.0 1.0 1.0 1.0 1.0 1.0 1.0 1.0 1.0 
EXTT_CRU 1.0 1.0 1.0 1.0 1.0 1.0 1.0 1.0 1.0 1.0 1.0 1.0 1.0 1.0 1.0 1.0 1.0 1.0 1.0 1.0 1.0 1.0 1.0 1.0 1.0 1.0 
IMPELE 1.0 1.0 1.0 1.0 1.0 1.0 1.0 1.0 1.0 1.0 1.0 1.0 1.0 1.0 1.0 1.0 1.0 1.0 1.0 1.0 1.0 1.0 1.0 1.0 1.0 1.0 
ELE_TRANS 1.0 1.0 1.0 1.0 1.0 1.0 1.0 1.0 1.0 1.0 1.0 1.0 1.0 1.0 1.0 1.0 1.0 1.0 1.0 1.0 1.0 1.0 1.0 1.0 1.0 1.0 
ELE_DIST 1.0 1.0 1.0 1.0 1.0 1.0 1.0 1.0 1.0 1.0 1.0 1.0 1.0 1.0 1.0 1.0 1.0 1.0 1.0 1.0 1.0 1.0 1.0 1.0 1.0 1.0 
HYD_G_PROD 1.0 1.0 1.0 1.0 1.0 1.0 1.0 1.0 1.0 1.0 1.0 1.0 1.0 1.0 1.0 1.0 1.0 1.0 1.0 1.0 1.0 1.0 1.0 1.0 1.0 1.0 
HYD_DIST 1.0 1.0 1.0 1.0 1.0 1.0 1.0 1.0 1.0 1.0 1.0 1.0 1.0 1.0 1.0 1.0 1.0 1.0 1.0 1.0 1.0 1.0 1.0 1.0 1.0 1.0 
STOELE 1.0 1.0 1.0 1.0 1.0 1.0 1.0 1.0 1.0 1.0 1.0 1.0 1.0 1.0 1.0 1.0 1.0 1.0 1.0 1.0 1.0 1.0 1.0 1.0 1.0 1.0 
PPBIM 2.0 2.0 2.0 2.0 2.0 2.0 2.0 2.0 2.0 2.0 2.0 2.0 2.0 2.0 2.0 2.0 2.0 2.0 2.0 2.0 2.0 2.0 2.0 2.0 2.0 2.0 
PPBGS 1.0 1.0 1.0 1.0 1.0 1.0 1.0 1.0 1.0 1.0 1.0 1.0 1.0 1.0 1.0 1.0 1.0 1.0 1.0 1.0 1.0 1.0 1.0 1.0 1.0 1.0 
PPNGS 1.0 1.0 1.0 1.0 1.0 1.0 1.0 1.0 1.0 1.0 1.0 1.0 1.0 1.0 1.0 1.0 1.0 1.0 1.0 1.0 1.0 1.0 1.0 1.0 1.0 1.0 
PPDSL 1.0 1.0 1.0 1.0 1.0 1.0 1.0 1.0 1.0 1.0 1.0 1.0 1.0 1.0 1.0 1.0 1.0 1.0 1.0 1.0 1.0 1.0 1.0 1.0 1.0 1.0 
PPFOI 1.0 1.0 1.0 1.0 1.0 1.0 1.0 1.0 1.0 1.0 1.0 1.0 1.0 1.0 1.0 1.0 1.0 1.0 1.0 1.0 1.0 1.0 1.0 1.0 1.0 1.0 
PPCRU 1.0 1.0 1.0 1.0 1.0 1.0 1.0 1.0 1.0 1.0 1.0 1.0 1.0 1.0 1.0 1.0 1.0 1.0 1.0 1.0 1.0 1.0 1.0 1.0 1.0 1.0 
PPRNGS 1.0 1.0 1.0 1.0 1.0 1.0 1.0 1.0 1.0 1.0 1.0 1.0 1.0 1.0 1.0 1.0 1.0 1.0 1.0 1.0 1.0 1.0 1.0 1.0 1.0 1.0 
PPRDSL 1.0 1.0 1.0 1.0 1.0 1.0 1.0 1.0 1.0 1.0 1.0 1.0 1.0 1.0 1.0 1.0 1.0 1.0 1.0 1.0 1.0 1.0 1.0 1.0 1.0 1.0 
PPDFOI 1.0 1.0 1.0 1.0 1.0 1.0 1.0 1.0 1.0 1.0 1.0 1.0 1.0 1.0 1.0 1.0 1.0 1.0 1.0 1.0 1.0 1.0 1.0 1.0 1.0 1.0 
PPDDSL 1.0 1.0 1.0 1.0 1.0 1.0 1.0 1.0 1.0 1.0 1.0 1.0 1.0 1.0 1.0 1.0 1.0 1.0 1.0 1.0 1.0 1.0 1.0 1.0 1.0 1.0 
PPILPG 1.0 1.0 1.0 1.0 1.0 1.0 1.0 1.0 1.0 1.0 1.0 1.0 1.0 1.0 1.0 1.0 1.0 1.0 1.0 1.0 1.0 1.0 1.0 1.0 1.0 1.0 
PPIBIM 1.0 1.0 1.0 1.0 1.0 1.0 1.0 1.0 1.0 1.0 1.0 1.0 1.0 1.0 1.0 1.0 1.0 1.0 1.0 1.0 1.0 1.0 1.0 1.0 1.0 1.0 
PROCRU 1.0 1.0 1.0 1.0 1.0 1.0 1.0 1.0 1.0 1.0 1.0 1.0 1.0 1.0 1.0 1.0 1.0 1.0 1.0 1.0 1.0 1.0 1.0 1.0 1.0 1.0 
PRONGS 1.0 1.0 1.0 1.0 1.0 1.0 1.0 1.0 1.0 1.0 1.0 1.0 1.0 1.0 1.0 1.0 1.0 1.0 1.0 1.0 1.0 1.0 1.0 1.0 1.0 1.0 
;

param EmissionActivityRatio default 0 :=
[ECU,ADD_GRE,CO2e_sources,*,*]:
2010 2011 2012 2013 2014 2015 2016 2017 2018 2019 2020 2021 2022 2023 2024 2025 2026 2027 2028 2029 2030 2031 2032 2033 2034 2035 :=
1 0.0561545 0.0561545 0.0561545 0.0561545 0.0561545 0.0561545 0.0561545 0.0561545 0.0561545 0.0561545 0.0561545 0.0561545 0.0561545 0.0561545 0.0561545 0.0561545 0.0561545 0.0561545 0.0561545 0.0561545 0.0561545 0.0561545 0.0561545 0.0561545 0.0561545 0.0561545 
[ECU,T5NGSRES,N2O_DE,*,*]:
2010 2011 2012 2013 2014 2015 2016 2017 2018 2019 2020 2021 2022 2023 2024 2025 2026 2027 2028 2029 2030 2031 2032 2033 2034 2035 :=
1 1.0000000000000001e-07 1.0000000000000001e-07 1.0000000000000001e-07 1.0000000000000001e-07 1.0000000000000001e-07 1.0000000000000001e-07 1.0000000000000001e-07 1.0000000000000001e-07 1.0000000000000001e-07 1.0000000000000001e-07 1.0000000000000001e-07 1.0000000000000001e-07 1.0000000000000001e-07 1.0000000000000001e-07 1.0000000000000001e-07 1.0000000000000001e-07 1.0000000000000001e-07 1.0000000000000001e-07 1.0000000000000001e-07 1.0000000000000001e-07 1.0000000000000001e-07 1.0000000000000001e-07 1.0000000000000001e-07 1.0000000000000001e-07 1.0000000000000001e-07 1.0000000000000001e-07 
[ECU,T5GSLCON,CO2e_DE,*,*]:
2010 2011 2012 2013 2014 2015 2016 2017 2018 2019 2020 2021 2022 2023 2024 2025 2026 2027 2028 2029 2030 2031 2032 2033 2034 2035 :=
1 0.069739 0.069739 0.069739 0.069739 0.069739 0.069739 0.069739 0.069739 0.069739 0.069739 0.069739 0.069739 0.069739 0.069739 0.069739 0.069739 0.069739 0.069739 0.069739 0.069739 0.069739 0.069739 0.069739 0.069739 0.069739 0.069739 
[ECU,T5TAEGSL,CO2e_DE,*,*]:
2010 2011 2012 2013 2014 2015 2016 2017 2018 2019 2020 2021 2022 2023 2024 2025 2026 2027 2028 2029 2030 2031 2032 2033 2034 2035 :=
1 0.0706085 0.0706085 0.0706085 0.0706085 0.0706085 0.0706085 0.0706085 0.0706085 0.0706085 0.0706085 0.0706085 0.0706085 0.0706085 0.0706085 0.0706085 0.0706085 0.0706085 0.0706085 0.0706085 0.0706085 0.0706085 0.0706085 0.0706085 0.0706085 0.0706085 0.0706085 
[ECU,T5KERRES,CO2_DE,*,*]:
2010 2011 2012 2013 2014 2015 2016 2017 2018 2019 2020 2021 2022 2023 2024 2025 2026 2027 2028 2029 2030 2031 2032 2033 2034 2035 :=
1 0.0715 0.0715 0.0715 0.0715 0.0715 0.0715 0.0715 0.0715 0.0715 0.0715 0.0715 0.0715 0.0715 0.0715 0.0715 0.0715 0.0715 0.0715 0.0715 0.0715 0.0715 0.0715 0.0715 0.0715 0.0715 0.0715 
[ECU,T5TAEGSL,N2O_DE,*,*]:
2010 2011 2012 2013 2014 2015 2016 2017 2018 2019 2020 2021 2022 2023 2024 2025 2026 2027 2028 2029 2030 2031 2032 2033 2034 2035 :=
1 2e-06 2e-06 2e-06 2e-06 2e-06 2e-06 2e-06 2e-06 2e-06 2e-06 2e-06 2e-06 2e-06 2e-06 2e-06 2e-06 2e-06 2e-06 2e-06 2e-06 2e-06 2e-06 2e-06 2e-06 2e-06 2e-06 
[ECU,T5AGRDSL,CO2_DE,*,*]:
2010 2011 2012 2013 2014 2015 2016 2017 2018 2019 2020 2021 2022 2023 2024 2025 2026 2027 2028 2029 2030 2031 2032 2033 2034 2035 :=
1 0.0741 0.0741 0.0741 0.0741 0.0741 0.0741 0.0741 0.0741 0.0741 0.0741 0.0741 0.0741 0.0741 0.0741 0.0741 0.0741 0.0741 0.0741 0.0741 0.0741 0.0741 0.0741 0.0741 0.0741 0.0741 0.0741 
[ECU,T5GSLCON,CH4_DE,*,*]:
2010 2011 2012 2013 2014 2015 2016 2017 2018 2019 2020 2021 2022 2023 2024 2025 2026 2027 2028 2029 2030 2031 2032 2033 2034 2035 :=
1 3e-06 3e-06 3e-06 3e-06 3e-06 3e-06 3e-06 3e-06 3e-06 3e-06 3e-06 3e-06 3e-06 3e-06 3e-06 3e-06 3e-06 3e-06 3e-06 3e-06 3e-06 3e-06 3e-06 3e-06 3e-06 3e-06 
[ECU,T5LPGCON,CH4_DE,*,*]:
2010 2011 2012 2013 2014 2015 2016 2017 2018 2019 2020 2021 2022 2023 2024 2025 2026 2027 2028 2029 2030 2031 2032 2033 2034 2035 :=
1 1e-06 1e-06 1e-06 1e-06 1e-06 1e-06 1e-06 1e-06 1e-06 1e-06 1e-06 1e-06 1e-06 1e-06 1e-06 1e-06 1e-06 1e-06 1e-06 1e-06 1e-06 1e-06 1e-06 1e-06 1e-06 1e-06 
[ECU,DIST_FIR,CO2e_sources,*,*]:
2010 2011 2012 2013 2014 2015 2016 2017 2018 2019 2020 2021 2022 2023 2024 2025 2026 2027 2028 2029 2030 2031 2032 2033 2034 2035 :=
1 0.00946 0.00946 0.00946 0.00946 0.00946 0.00946 0.00946 0.00946 0.00946 0.00946 0.00946 0.00946 0.00946 0.00946 0.00946 0.00946 0.00946 0.00946 0.00946 0.00946 0.00946 0.00946 0.00946 0.00946 0.00946 0.00946 
[ECU,DIST_JET,CO2e_sources,*,*]:
2010 2011 2012 2013 2014 2015 2016 2017 2018 2019 2020 2021 2022 2023 2024 2025 2026 2027 2028 2029 2030 2031 2032 2033 2034 2035 :=
1 0.071743 0.071743 0.071743 0.071743 0.071743 0.071743 0.071743 0.071743 0.071743 0.071743 0.071743 0.071743 0.071743 0.071743 0.071743 0.071743 0.071743 0.071743 0.071743 0.071743 0.071743 0.071743 0.071743 0.071743 0.071743 0.071743 
[ECU,PPFOI,CO2e_PP,*,*]:
2010 2011 2012 2013 2014 2015 2016 2017 2018 2019 2020 2021 2022 2023 2024 2025 2026 2027 2028 2029 2030 2031 2032 2033 2034 2035 :=
1 0.14 0.14 0.2123 0.2058 0.2058 0.2036 0.2036 0.2036 0.226 0.226 0.226 0.226 0.226 0.226 0.226 0.226 0.226 0.226 0.226 0.226 0.226 0.226 0.226 0.226 0.226 0.226 
[ECU,T5GSLIND,CO2e_DE,*,*]:
2010 2011 2012 2013 2014 2015 2016 2017 2018 2019 2020 2021 2022 2023 2024 2025 2026 2027 2028 2029 2030 2031 2032 2033 2034 2035 :=
1 0.069739 0.069739 0.069739 0.069739 0.069739 0.069739 0.069739 0.069739 0.069739 0.069739 0.069739 0.069739 0.069739 0.069739 0.069739 0.069739 0.069739 0.069739 0.069739 0.069739 0.069739 0.069739 0.069739 0.069739 0.069739 0.069739 
[ECU,T5ELEIND,CH4_DE,*,*]:
2010 2011 2012 2013 2014 2015 2016 2017 2018 2019 2020 2021 2022 2023 2024 2025 2026 2027 2028 2029 2030 2031 2032 2033 2034 2035 :=
1 0.0 0.0 0.0 0.0 0.0 0.0 0.0 0.0 0.0 0.0 0.0 0.0 0.0 0.0 0.0 0.0 0.0 0.0 0.0 0.0 0.0 0.0 0.0 0.0 0.0 0.0 
[ECU,T5HYDIND,N2O_DE,*,*]:
2010 2011 2012 2013 2014 2015 2016 2017 2018 2019 2020 2021 2022 2023 2024 2025 2026 2027 2028 2029 2030 2031 2032 2033 2034 2035 :=
1 0.0 0.0 0.0 0.0 0.0 0.0 0.0 0.0 0.0 0.0 0.0 0.0 0.0 0.0 0.0 0.0 0.0 0.0 0.0 0.0 0.0 0.0 0.0 0.0 0.0 0.0 
[ECU,T5FOICON,CO2_DE,*,*]:
2010 2011 2012 2013 2014 2015 2016 2017 2018 2019 2020 2021 2022 2023 2024 2025 2026 2027 2028 2029 2030 2031 2032 2033 2034 2035 :=
1 0.0774 0.0774 0.0774 0.0774 0.0774 0.0774 0.0774 0.0774 0.0774 0.0774 0.0774 0.0774 0.0774 0.0774 0.0774 0.0774 0.0774 0.0774 0.0774 0.0774 0.0774 0.0774 0.0774 0.0774 0.0774 0.0774 
[ECU,T5FIRIND,CO2e_DE,*,*]:
2010 2011 2012 2013 2014 2015 2016 2017 2018 2019 2020 2021 2022 2023 2024 2025 2026 2027 2028 2029 2030 2031 2032 2033 2034 2035 :=
1 0.00946 0.00946 0.00946 0.00946 0.00946 0.00946 0.00946 0.00946 0.00946 0.00946 0.00946 0.00946 0.00946 0.00946 0.00946 0.00946 0.00946 0.00946 0.00946 0.00946 0.00946 0.00946 0.00946 0.00946 0.00946 0.00946 
[ECU,T5ALLTRNJET,CH4_DE,*,*]:
2010 2011 2012 2013 2014 2015 2016 2017 2018 2019 2020 2021 2022 2023 2024 2025 2026 2027 2028 2029 2030 2031 2032 2033 2034 2035 :=
1 0.0 0.0 0.0 0.0 0.0 0.0 0.0 0.0 0.0 0.0 0.0 0.0 0.0 0.0 0.0 0.0 0.0 0.0 0.0 0.0 0.0 0.0 0.0 0.0 0.0 0.0 
[ECU,T5LPGIND,CO2_DE,*,*]:
2010 2011 2012 2013 2014 2015 2016 2017 2018 2019 2020 2021 2022 2023 2024 2025 2026 2027 2028 2029 2030 2031 2032 2033 2034 2035 :=
1 0.0631 0.0631 0.0631 0.0631 0.0631 0.0631 0.0631 0.0631 0.0631 0.0631 0.0631 0.0631 0.0631 0.0631 0.0631 0.0631 0.0631 0.0631 0.0631 0.0631 0.0631 0.0631 0.0631 0.0631 0.0631 0.0631 
[ECU,T5FOICOM,CH4_DE,*,*]:
2010 2011 2012 2013 2014 2015 2016 2017 2018 2019 2020 2021 2022 2023 2024 2025 2026 2027 2028 2029 2030 2031 2032 2033 2034 2035 :=
1 3e-06 3e-06 3e-06 3e-06 3e-06 3e-06 3e-06 3e-06 3e-06 3e-06 3e-06 3e-06 3e-06 3e-06 3e-06 3e-06 3e-06 3e-06 3e-06 3e-06 3e-06 3e-06 3e-06 3e-06 3e-06 3e-06 
[ECU,T5NGSIND,CH4_DE,*,*]:
2010 2011 2012 2013 2014 2015 2016 2017 2018 2019 2020 2021 2022 2023 2024 2025 2026 2027 2028 2029 2030 2031 2032 2033 2034 2035 :=
1 1e-06 1e-06 1e-06 1e-06 1e-06 1e-06 1e-06 1e-06 1e-06 1e-06 1e-06 1e-06 1e-06 1e-06 1e-06 1e-06 1e-06 1e-06 1e-06 1e-06 1e-06 1e-06 1e-06 1e-06 1e-06 1e-06 
[ECU,T5FOITMA,CO2e_DE,*,*]:
2010 2011 2012 2013 2014 2015 2016 2017 2018 2019 2020 2021 2022 2023 2024 2025 2026 2027 2028 2029 2030 2031 2032 2033 2034 2035 :=
1 0.077839 0.077839 0.077839 0.077839 0.077839 0.077839 0.077839 0.077839 0.077839 0.077839 0.077839 0.077839 0.077839 0.077839 0.077839 0.077839 0.077839 0.077839 0.077839 0.077839 0.077839 0.077839 0.077839 0.077839 0.077839 0.077839 
[ECU,T5DSLCON,CH4_DE,*,*]:
2010 2011 2012 2013 2014 2015 2016 2017 2018 2019 2020 2021 2022 2023 2024 2025 2026 2027 2028 2029 2030 2031 2032 2033 2034 2035 :=
1 3e-06 3e-06 3e-06 3e-06 3e-06 3e-06 3e-06 3e-06 3e-06 3e-06 3e-06 3e-06 3e-06 3e-06 3e-06 3e-06 3e-06 3e-06 3e-06 3e-06 3e-06 3e-06 3e-06 3e-06 3e-06 3e-06 
[ECU,T5ALLTRNFOI,CO2e_DE,*,*]:
2010 2011 2012 2013 2014 2015 2016 2017 2018 2019 2020 2021 2022 2023 2024 2025 2026 2027 2028 2029 2030 2031 2032 2033 2034 2035 :=
1 0.077839 0.077839 0.077839 0.077839 0.077839 0.077839 0.077839 0.077839 0.077839 0.077839 0.077839 0.077839 0.077839 0.077839 0.077839 0.077839 0.077839 0.077839 0.077839 0.077839 0.077839 0.077839 0.077839 0.077839 0.077839 0.077839 
[ECU,T5DSLCOM,CH4_DE,*,*]:
2010 2011 2012 2013 2014 2015 2016 2017 2018 2019 2020 2021 2022 2023 2024 2025 2026 2027 2028 2029 2030 2031 2032 2033 2034 2035 :=
1 3e-06 3e-06 3e-06 3e-06 3e-06 3e-06 3e-06 3e-06 3e-06 3e-06 3e-06 3e-06 3e-06 3e-06 3e-06 3e-06 3e-06 3e-06 3e-06 3e-06 3e-06 3e-06 3e-06 3e-06 3e-06 3e-06 
[ECU,PPBGS,CO2_PP,*,*]:
2010 2011 2012 2013 2014 2015 2016 2017 2018 2019 2020 2021 2022 2023 2024 2025 2026 2027 2028 2029 2030 2031 2032 2033 2034 2035 :=
1 0.0 0.0 0.0 0.0 0.0 0.0 0.0 0.0 0.0 0.0 0.0 0.0 0.0 0.0 0.0 0.0 0.0 0.0 0.0 0.0 0.0 0.0 0.0 0.0 0.0 0.0 
[ECU,T5LPGCON,CO2e_DE,*,*]:
2010 2011 2012 2013 2014 2015 2016 2017 2018 2019 2020 2021 2022 2023 2024 2025 2026 2027 2028 2029 2030 2031 2032 2033 2034 2035 :=
1 0.0632665 0.0632665 0.0632665 0.0632665 0.0632665 0.0632665 0.0632665 0.0632665 0.0632665 0.0632665 0.0632665 0.0632665 0.0632665 0.0632665 0.0632665 0.0632665 0.0632665 0.0632665 0.0632665 0.0632665 0.0632665 0.0632665 0.0632665 0.0632665 0.0632665 0.0632665 
[ECU,T5DSLTRO,N2O_DE,*,*]:
2010 2011 2012 2013 2014 2015 2016 2017 2018 2019 2020 2021 2022 2023 2024 2025 2026 2027 2028 2029 2030 2031 2032 2033 2034 2035 :=
1 3.9e-06 3.9e-06 3.9e-06 3.9e-06 3.9e-06 3.9e-06 3.9e-06 3.9e-06 3.9e-06 3.9e-06 3.9e-06 3.9e-06 3.9e-06 3.9e-06 3.9e-06 3.9e-06 3.9e-06 3.9e-06 3.9e-06 3.9e-06 3.9e-06 3.9e-06 3.9e-06 3.9e-06 3.9e-06 3.9e-06 
[ECU,T5FIRRES,CO2e_DE,*,*]:
2010 2011 2012 2013 2014 2015 2016 2017 2018 2019 2020 2021 2022 2023 2024 2025 2026 2027 2028 2029 2030 2031 2032 2033 2034 2035 :=
1 0.00946 0.00946 0.00946 0.00946 0.00946 0.00946 0.00946 0.00946 0.00946 0.00946 0.00946 0.00946 0.00946 0.00946 0.00946 0.00946 0.00946 0.00946 0.00946 0.00946 0.00946 0.00946 0.00946 0.00946 0.00946 0.00946 
[ECU,T5TRNFOI,CO2_DE,*,*]:
2010 2011 2012 2013 2014 2015 2016 2017 2018 2019 2020 2021 2022 2023 2024 2025 2026 2027 2028 2029 2030 2031 2032 2033 2034 2035 :=
1 0.0774 0.0774 0.0774 0.0774 0.0774 0.0774 0.0774 0.0774 0.0774 0.0774 0.0774 0.0774 0.0774 0.0774 0.0774 0.0774 0.0774 0.0774 0.0774 0.0774 0.0774 0.0774 0.0774 0.0774 0.0774 0.0774 
[ECU,T5GSLTRO,N2O_DE,*,*]:
2010 2011 2012 2013 2014 2015 2016 2017 2018 2019 2020 2021 2022 2023 2024 2025 2026 2027 2028 2029 2030 2031 2032 2033 2034 2035 :=
1 3.2000000000000003e-06 3.2000000000000003e-06 3.2000000000000003e-06 3.2000000000000003e-06 3.2000000000000003e-06 3.2000000000000003e-06 3.2000000000000003e-06 3.2000000000000003e-06 3.2000000000000003e-06 3.2000000000000003e-06 3.2000000000000003e-06 3.2000000000000003e-06 3.2000000000000003e-06 3.2000000000000003e-06 3.2000000000000003e-06 3.2000000000000003e-06 3.2000000000000003e-06 3.2000000000000003e-06 3.2000000000000003e-06 3.2000000000000003e-06 3.2000000000000003e-06 3.2000000000000003e-06 3.2000000000000003e-06 3.2000000000000003e-06 3.2000000000000003e-06 3.2000000000000003e-06 
[ECU,T5TMAGSL,CH4_DE,*,*]:
2010 2011 2012 2013 2014 2015 2016 2017 2018 2019 2020 2021 2022 2023 2024 2025 2026 2027 2028 2029 2030 2031 2032 2033 2034 2035 :=
1 0.0693 0.0693 0.0693 0.0693 0.0693 0.0693 0.0693 0.0693 0.0693 0.0693 0.0693 0.0693 0.0693 0.0693 0.0693 0.0693 0.0693 0.0693 0.0693 0.0693 0.0693 0.0693 0.0693 0.0693 0.0693 0.0693 
[ECU,T5FOICON,N2O_DE,*,*]:
2010 2011 2012 2013 2014 2015 2016 2017 2018 2019 2020 2021 2022 2023 2024 2025 2026 2027 2028 2029 2030 2031 2032 2033 2034 2035 :=
1 6e-07 6e-07 6e-07 6e-07 6e-07 6e-07 6e-07 6e-07 6e-07 6e-07 6e-07 6e-07 6e-07 6e-07 6e-07 6e-07 6e-07 6e-07 6e-07 6e-07 6e-07 6e-07 6e-07 6e-07 6e-07 6e-07 
[ECU,T5ELETRO,N2O_DE,*,*]:
2010 2011 2012 2013 2014 2015 2016 2017 2018 2019 2020 2021 2022 2023 2024 2025 2026 2027 2028 2029 2030 2031 2032 2033 2034 2035 :=
1 0.0 0.0 0.0 0.0 0.0 0.0 0.0 0.0 0.0 0.0 0.0 0.0 0.0 0.0 0.0 0.0 0.0 0.0 0.0 0.0 0.0 0.0 0.0 0.0 0.0 0.0 
[ECU,T5ELECOM,N2O_DE,*,*]:
2010 2011 2012 2013 2014 2015 2016 2017 2018 2019 2020 2021 2022 2023 2024 2025 2026 2027 2028 2029 2030 2031 2032 2033 2034 2035 :=
1 0.0 0.0 0.0 0.0 0.0 0.0 0.0 0.0 0.0 0.0 0.0 0.0 0.0 0.0 0.0 0.0 0.0 0.0 0.0 0.0 0.0 0.0 0.0 0.0 0.0 0.0 
[ECU,T5ALLTRNLPG,N2O_DE,*,*]:
2010 2011 2012 2013 2014 2015 2016 2017 2018 2019 2020 2021 2022 2023 2024 2025 2026 2027 2028 2029 2030 2031 2032 2033 2034 2035 :=
1 1.0000000000000001e-07 1.0000000000000001e-07 1.0000000000000001e-07 1.0000000000000001e-07 1.0000000000000001e-07 1.0000000000000001e-07 1.0000000000000001e-07 1.0000000000000001e-07 1.0000000000000001e-07 1.0000000000000001e-07 1.0000000000000001e-07 1.0000000000000001e-07 1.0000000000000001e-07 1.0000000000000001e-07 1.0000000000000001e-07 1.0000000000000001e-07 1.0000000000000001e-07 1.0000000000000001e-07 1.0000000000000001e-07 1.0000000000000001e-07 1.0000000000000001e-07 1.0000000000000001e-07 1.0000000000000001e-07 1.0000000000000001e-07 1.0000000000000001e-07 1.0000000000000001e-07 
[ECU,T5AGROTP,CH4_DE,*,*]:
2010 2011 2012 2013 2014 2015 2016 2017 2018 2019 2020 2021 2022 2023 2024 2025 2026 2027 2028 2029 2030 2031 2032 2033 2034 2035 :=
1 0.0 0.0 0.0 0.0 0.0 0.0 0.0 0.0 0.0 0.0 0.0 0.0 0.0 0.0 0.0 0.0 0.0 0.0 0.0 0.0 0.0 0.0 0.0 0.0 0.0 0.0 
[ECU,T5GSLTRO,CO2_DE,*,*]:
2010 2011 2012 2013 2014 2015 2016 2017 2018 2019 2020 2021 2022 2023 2024 2025 2026 2027 2028 2029 2030 2031 2032 2033 2034 2035 :=
1 0.0693 0.0693 0.0693 0.0693 0.0693 0.0693 0.0693 0.0693 0.0693 0.0693 0.0693 0.0693 0.0693 0.0693 0.0693 0.0693 0.0693 0.0693 0.0693 0.0693 0.0693 0.0693 0.0693 0.0693 0.0693 0.0693 
[ECU,T5TMAGSL,CO2_DE,*,*]:
2010 2011 2012 2013 2014 2015 2016 2017 2018 2019 2020 2021 2022 2023 2024 2025 2026 2027 2028 2029 2030 2031 2032 2033 2034 2035 :=
1 0.0693 0.0693 0.0693 0.0693 0.0693 0.0693 0.0693 0.0693 0.0693 0.0693 0.0693 0.0693 0.0693 0.0693 0.0693 0.0693 0.0693 0.0693 0.0693 0.0693 0.0693 0.0693 0.0693 0.0693 0.0693 0.0693 
[ECU,T5FOIIND,N2O_DE,*,*]:
2010 2011 2012 2013 2014 2015 2016 2017 2018 2019 2020 2021 2022 2023 2024 2025 2026 2027 2028 2029 2030 2031 2032 2033 2034 2035 :=
1 6e-07 6e-07 6e-07 6e-07 6e-07 6e-07 6e-07 6e-07 6e-07 6e-07 6e-07 6e-07 6e-07 6e-07 6e-07 6e-07 6e-07 6e-07 6e-07 6e-07 6e-07 6e-07 6e-07 6e-07 6e-07 6e-07 
[ECU,T5TRNFOI,CH4_DE,*,*]:
2010 2011 2012 2013 2014 2015 2016 2017 2018 2019 2020 2021 2022 2023 2024 2025 2026 2027 2028 2029 2030 2031 2032 2033 2034 2035 :=
1 3e-06 3e-06 3e-06 3e-06 3e-06 3e-06 3e-06 3e-06 3e-06 3e-06 3e-06 3e-06 3e-06 3e-06 3e-06 3e-06 3e-06 3e-06 3e-06 3e-06 3e-06 3e-06 3e-06 3e-06 3e-06 3e-06 
[ECU,T5ELECON,CH4_DE,*,*]:
2010 2011 2012 2013 2014 2015 2016 2017 2018 2019 2020 2021 2022 2023 2024 2025 2026 2027 2028 2029 2030 2031 2032 2033 2034 2035 :=
1 0.0 0.0 0.0 0.0 0.0 0.0 0.0 0.0 0.0 0.0 0.0 0.0 0.0 0.0 0.0 0.0 0.0 0.0 0.0 0.0 0.0 0.0 0.0 0.0 0.0 0.0 
[ECU,T5FOITRO,CO2_DE,*,*]:
2010 2011 2012 2013 2014 2015 2016 2017 2018 2019 2020 2021 2022 2023 2024 2025 2026 2027 2028 2029 2030 2031 2032 2033 2034 2035 :=
1 0.0774 0.0774 0.0774 0.0774 0.0774 0.0774 0.0774 0.0774 0.0774 0.0774 0.0774 0.0774 0.0774 0.0774 0.0774 0.0774 0.0774 0.0774 0.0774 0.0774 0.0774 0.0774 0.0774 0.0774 0.0774 0.0774 
[ECU,T5FIRRES,CH4_DE,*,*]:
2010 2011 2012 2013 2014 2015 2016 2017 2018 2019 2020 2021 2022 2023 2024 2025 2026 2027 2028 2029 2030 2031 2032 2033 2034 2035 :=
1 3e-05 3e-05 3e-05 3e-05 3e-05 3e-05 3e-05 3e-05 3e-05 3e-05 3e-05 3e-05 3e-05 3e-05 3e-05 3e-05 3e-05 3e-05 3e-05 3e-05 3e-05 3e-05 3e-05 3e-05 3e-05 3e-05 
[ECU,T5BIMIND,CH4_DE,*,*]:
2010 2011 2012 2013 2014 2015 2016 2017 2018 2019 2020 2021 2022 2023 2024 2025 2026 2027 2028 2029 2030 2031 2032 2033 2034 2035 :=
1 3e-05 3e-05 3e-05 3e-05 3e-05 3e-05 3e-05 3e-05 3e-05 3e-05 3e-05 3e-05 3e-05 3e-05 3e-05 3e-05 3e-05 3e-05 3e-05 3e-05 3e-05 3e-05 3e-05 3e-05 3e-05 3e-05 
[ECU,T5AGRGSL,CH4_DE,*,*]:
2010 2011 2012 2013 2014 2015 2016 2017 2018 2019 2020 2021 2022 2023 2024 2025 2026 2027 2028 2029 2030 2031 2032 2033 2034 2035 :=
1 3e-06 3e-06 3e-06 3e-06 3e-06 3e-06 3e-06 3e-06 3e-06 3e-06 3e-06 3e-06 3e-06 3e-06 3e-06 3e-06 3e-06 3e-06 3e-06 3e-06 3e-06 3e-06 3e-06 3e-06 3e-06 3e-06 
[ECU,T5FIRIND,CO2_DE,*,*]:
2010 2011 2012 2013 2014 2015 2016 2017 2018 2019 2020 2021 2022 2023 2024 2025 2026 2027 2028 2029 2030 2031 2032 2033 2034 2035 :=
1 0.0 0.0 0.0 0.0 0.0 0.0 0.0 0.0 0.0 0.0 0.0 0.0 0.0 0.0 0.0 0.0 0.0 0.0 0.0 0.0 0.0 0.0 0.0 0.0 0.0 0.0 
[ECU,PPDFOI,CH4_PP,*,*]:
2010 2011 2012 2013 2014 2015 2016 2017 2018 2019 2020 2021 2022 2023 2024 2025 2026 2027 2028 2029 2030 2031 2032 2033 2034 2035 :=
1 8.2008886956092e-06 8.2008886956092e-06 8.2008886956092e-06 8.2008886956092e-06 8.2008886956092e-06 8.2008886956092e-06 8.2008886956092e-06 8.2008886956092e-06 8.2008886956092e-06 8.2008886956092e-06 8.2008886956092e-06 8.2008886956092e-06 8.2008886956092e-06 8.2008886956092e-06 8.2008886956092e-06 8.2008886956092e-06 8.2008886956092e-06 8.2008886956092e-06 8.2008886956092e-06 8.2008886956092e-06 8.2008886956092e-06 8.2008886956092e-06 8.2008886956092e-06 8.2008886956092e-06 8.2008886956092e-06 8.2008886956092e-06 
[ECU,PPRDSL,N2O_PP,*,*]:
2010 2011 2012 2013 2014 2015 2016 2017 2018 2019 2020 2021 2022 2023 2024 2025 2026 2027 2028 2029 2030 2031 2032 2033 2034 2035 :=
1 0.0 0.0 0.0 0.0 0.0 0.0 0.0 0.0 0.0 0.0 0.0 0.0 0.0 0.0 0.0 0.0 0.0 0.0 0.0 0.0 0.0 0.0 0.0 0.0 0.0 0.0 
[ECU,T5VEGWAS,CH4_DE,*,*]:
2010 2011 2012 2013 2014 2015 2016 2017 2018 2019 2020 2021 2022 2023 2024 2025 2026 2027 2028 2029 2030 2031 2032 2033 2034 2035 :=
1 3e-05 3e-05 3e-05 3e-05 3e-05 3e-05 3e-05 3e-05 3e-05 3e-05 3e-05 3e-05 3e-05 3e-05 3e-05 3e-05 3e-05 3e-05 3e-05 3e-05 3e-05 3e-05 3e-05 3e-05 3e-05 3e-05 
[ECU,T5BGSTRO,CH4_DE,*,*]:
2010 2011 2012 2013 2014 2015 2016 2017 2018 2019 2020 2021 2022 2023 2024 2025 2026 2027 2028 2029 2030 2031 2032 2033 2034 2035 :=
1 8.4e-05 8.4e-05 8.4e-05 8.4e-05 8.4e-05 8.4e-05 8.4e-05 8.4e-05 8.4e-05 8.4e-05 8.4e-05 8.4e-05 8.4e-05 8.4e-05 8.4e-05 8.4e-05 8.4e-05 8.4e-05 8.4e-05 8.4e-05 8.4e-05 8.4e-05 8.4e-05 8.4e-05 8.4e-05 8.4e-05 
[ECU,T5NGSIND,CO2_DE,*,*]:
2010 2011 2012 2013 2014 2015 2016 2017 2018 2019 2020 2021 2022 2023 2024 2025 2026 2027 2028 2029 2030 2031 2032 2033 2034 2035 :=
1 0.0561 0.0561 0.0561 0.0561 0.0561 0.0561 0.0561 0.0561 0.0561 0.0561 0.0561 0.0561 0.0561 0.0561 0.0561 0.0561 0.0561 0.0561 0.0561 0.0561 0.0561 0.0561 0.0561 0.0561 0.0561 0.0561 
[ECU,PPRNGS,CH4_PP,*,*]:
2010 2011 2012 2013 2014 2015 2016 2017 2018 2019 2020 2021 2022 2023 2024 2025 2026 2027 2028 2029 2030 2031 2032 2033 2034 2035 :=
1 0.0 0.0 0.0 0.0 0.0 0.0 0.0 0.0 0.0 0.0 0.0 0.0 0.0 0.0 0.0 0.0 0.0 0.0 0.0 0.0 0.0 0.0 0.0 0.0 0.0 0.0 
[ECU,T5ALLTRNJET,CO2_DE,*,*]:
2010 2011 2012 2013 2014 2015 2016 2017 2018 2019 2020 2021 2022 2023 2024 2025 2026 2027 2028 2029 2030 2031 2032 2033 2034 2035 :=
1 0.0 0.0 0.0 0.0 0.0 0.0 0.0 0.0 0.0 0.0 0.0 0.0 0.0 0.0 0.0 0.0 0.0 0.0 0.0 0.0 0.0 0.0 0.0 0.0 0.0 0.0 
[ECU,EXTT_NGS,CH4_FUG,*,*]:
2010 2011 2012 2013 2014 2015 2016 2017 2018 2019 2020 2021 2022 2023 2024 2025 2026 2027 2028 2029 2030 2031 2032 2033 2034 2035 :=
1 3.609945939402898e-05 3.609945939402898e-05 3.609945939402898e-05 3.609945939402898e-05 3.609945939402898e-05 3.609945939402898e-05 3.609945939402898e-05 3.609945939402898e-05 3.609945939402898e-05 3.609945939402898e-05 3.609945939402898e-05 3.609945939402898e-05 3.609945939402898e-05 3.609945939402898e-05 3.609945939402898e-05 3.609945939402898e-05 3.609945939402898e-05 3.609945939402898e-05 3.609945939402898e-05 3.609945939402898e-05 3.609945939402898e-05 3.609945939402898e-05 3.609945939402898e-05 3.609945939402898e-05 3.609945939402898e-05 3.609945939402898e-05 
[ECU,T5AGRLPG,CO2e_DE,*,*]:
2010 2011 2012 2013 2014 2015 2016 2017 2018 2019 2020 2021 2022 2023 2024 2025 2026 2027 2028 2029 2030 2031 2032 2033 2034 2035 :=
1 0.0632665 0.0632665 0.0632665 0.0632665 0.0632665 0.0632665 0.0632665 0.0632665 0.0632665 0.0632665 0.0632665 0.0632665 0.0632665 0.0632665 0.0632665 0.0632665 0.0632665 0.0632665 0.0632665 0.0632665 0.0632665 0.0632665 0.0632665 0.0632665 0.0632665 0.0632665 
[ECU,T5CONKER,CH4_DE,*,*]:
2010 2011 2012 2013 2014 2015 2016 2017 2018 2019 2020 2021 2022 2023 2024 2025 2026 2027 2028 2029 2030 2031 2032 2033 2034 2035 :=
1 3e-06 3e-06 3e-06 3e-06 3e-06 3e-06 3e-06 3e-06 3e-06 3e-06 3e-06 3e-06 3e-06 3e-06 3e-06 3e-06 3e-06 3e-06 3e-06 3e-06 3e-06 3e-06 3e-06 3e-06 3e-06 3e-06 
[ECU,PPFOI,CH4_PP,*,*]:
2010 2011 2012 2013 2014 2015 2016 2017 2018 2019 2020 2021 2022 2023 2024 2025 2026 2027 2028 2029 2030 2031 2032 2033 2034 2035 :=
1 0.0 0.0 0.0 0.0 0.0 0.0 0.0 0.0 0.0 0.0 0.0 0.0 0.0 0.0 0.0 0.0 0.0 0.0 0.0 0.0 0.0 0.0 0.0 0.0 0.0 0.0 
[ECU,T5ALLTRNGSL,CO2_DE,*,*]:
2010 2011 2012 2013 2014 2015 2016 2017 2018 2019 2020 2021 2022 2023 2024 2025 2026 2027 2028 2029 2030 2031 2032 2033 2034 2035 :=
1 0.0693 0.0693 0.0693 0.0693 0.0693 0.0693 0.0693 0.0693 0.0693 0.0693 0.0693 0.0693 0.0693 0.0693 0.0693 0.0693 0.0693 0.0693 0.0693 0.0693 0.0693 0.0693 0.0693 0.0693 0.0693 0.0693 
[ECU,T5TCAGSL,CH4_DE,*,*]:
2010 2011 2012 2013 2014 2015 2016 2017 2018 2019 2020 2021 2022 2023 2024 2025 2026 2027 2028 2029 2030 2031 2032 2033 2034 2035 :=
1 3.3e-05 3.3e-05 3.3e-05 3.3e-05 3.3e-05 3.3e-05 3.3e-05 3.3e-05 3.3e-05 3.3e-05 3.3e-05 3.3e-05 3.3e-05 3.3e-05 3.3e-05 3.3e-05 3.3e-05 3.3e-05 3.3e-05 3.3e-05 3.3e-05 3.3e-05 3.3e-05 3.3e-05 3.3e-05 3.3e-05 
[ECU,T5ELERES,N2O_DE,*,*]:
2010 2011 2012 2013 2014 2015 2016 2017 2018 2019 2020 2021 2022 2023 2024 2025 2026 2027 2028 2029 2030 2031 2032 2033 2034 2035 :=
1 0.0 0.0 0.0 0.0 0.0 0.0 0.0 0.0 0.0 0.0 0.0 0.0 0.0 0.0 0.0 0.0 0.0 0.0 0.0 0.0 0.0 0.0 0.0 0.0 0.0 0.0 
[ECU,T5OPECON,N2O_DE,*,*]:
2010 2011 2012 2013 2014 2015 2016 2017 2018 2019 2020 2021 2022 2023 2024 2025 2026 2027 2028 2029 2030 2031 2032 2033 2034 2035 :=
1 0.0 0.0 0.0 0.0 0.0 0.0 0.0 0.0 0.0 0.0 0.0 0.0 0.0 0.0 0.0 0.0 0.0 0.0 0.0 0.0 0.0 0.0 0.0 0.0 0.0 0.0 
[ECU,T5FIRRES,CO2_DE,*,*]:
2010 2011 2012 2013 2014 2015 2016 2017 2018 2019 2020 2021 2022 2023 2024 2025 2026 2027 2028 2029 2030 2031 2032 2033 2034 2035 :=
1 0.0 0.0 0.0 0.0 0.0 0.0 0.0 0.0 0.0 0.0 0.0 0.0 0.0 0.0 0.0 0.0 0.0 0.0 0.0 0.0 0.0 0.0 0.0 0.0 0.0 0.0 
[ECU,T5BIMIND,CO2_DE,*,*]:
2010 2011 2012 2013 2014 2015 2016 2017 2018 2019 2020 2021 2022 2023 2024 2025 2026 2027 2028 2029 2030 2031 2032 2033 2034 2035 :=
1 0.0 0.0 0.0 0.0 0.0 0.0 0.0 0.0 0.0 0.0 0.0 0.0 0.0 0.0 0.0 0.0 0.0 0.0 0.0 0.0 0.0 0.0 0.0 0.0 0.0 0.0 
[ECU,T5ELEIND,N2O_DE,*,*]:
2010 2011 2012 2013 2014 2015 2016 2017 2018 2019 2020 2021 2022 2023 2024 2025 2026 2027 2028 2029 2030 2031 2032 2033 2034 2035 :=
1 0.0 0.0 0.0 0.0 0.0 0.0 0.0 0.0 0.0 0.0 0.0 0.0 0.0 0.0 0.0 0.0 0.0 0.0 0.0 0.0 0.0 0.0 0.0 0.0 0.0 0.0 
[ECU,DIST_BIM,CO2e_sources,*,*]:
2010 2011 2012 2013 2014 2015 2016 2017 2018 2019 2020 2021 2022 2023 2024 2025 2026 2027 2028 2029 2030 2031 2032 2033 2034 2035 :=
1 0.0019 0.0019 0.0019 0.0019 0.0019 0.0019 0.0019 0.0019 0.0019 0.0019 0.0019 0.0019 0.0019 0.0019 0.0019 0.0019 0.0019 0.0019 0.0019 0.0019 0.0019 0.0019 0.0019 0.0019 0.0019 0.0019 
[ECU,EXTT_CRU,N2O_FUG,*,*]:
2010 2011 2012 2013 2014 2015 2016 2017 2018 2019 2020 2021 2022 2023 2024 2025 2026 2027 2028 2029 2030 2031 2032 2033 2034 2035 :=
1 2.0765113894638837e-08 2.0765113894638837e-08 2.0765113894638837e-08 2.0765113894638837e-08 2.0765113894638837e-08 2.0765113894638837e-08 2.0765113894638837e-08 2.0765113894638837e-08 2.0765113894638837e-08 2.0765113894638837e-08 2.0765113894638837e-08 2.0765113894638837e-08 2.0765113894638837e-08 2.0765113894638837e-08 2.0765113894638837e-08 2.0765113894638837e-08 2.0765113894638837e-08 2.0765113894638837e-08 2.0765113894638837e-08 2.0765113894638837e-08 2.0765113894638837e-08 2.0765113894638837e-08 2.0765113894638837e-08 2.0765113894638837e-08 2.0765113894638837e-08 2.0765113894638837e-08 
[ECU,T5LPGCOM,CO2_DE,*,*]:
2010 2011 2012 2013 2014 2015 2016 2017 2018 2019 2020 2021 2022 2023 2024 2025 2026 2027 2028 2029 2030 2031 2032 2033 2034 2035 :=
1 0.0631 0.0631 0.0631 0.0631 0.0631 0.0631 0.0631 0.0631 0.0631 0.0631 0.0631 0.0631 0.0631 0.0631 0.0631 0.0631 0.0631 0.0631 0.0631 0.0631 0.0631 0.0631 0.0631 0.0631 0.0631 0.0631 
[ECU,T5DSLCOM,CO2e_DE,*,*]:
2010 2011 2012 2013 2014 2015 2016 2017 2018 2019 2020 2021 2022 2023 2024 2025 2026 2027 2028 2029 2030 2031 2032 2033 2034 2035 :=
1 0.074539 0.074539 0.074539 0.074539 0.074539 0.074539 0.074539 0.074539 0.074539 0.074539 0.074539 0.074539 0.074539 0.074539 0.074539 0.074539 0.074539 0.074539 0.074539 0.074539 0.074539 0.074539 0.074539 0.074539 0.074539 0.074539 
[ECU,T5DSLIND,CO2_DE,*,*]:
2010 2011 2012 2013 2014 2015 2016 2017 2018 2019 2020 2021 2022 2023 2024 2025 2026 2027 2028 2029 2030 2031 2032 2033 2034 2035 :=
1 0.0741 0.0741 0.0741 0.0741 0.0741 0.0741 0.0741 0.0741 0.0741 0.0741 0.0741 0.0741 0.0741 0.0741 0.0741 0.0741 0.0741 0.0741 0.0741 0.0741 0.0741 0.0741 0.0741 0.0741 0.0741 0.0741 
[ECU,PPCRU,CO2e_PP,*,*]:
2010 2011 2012 2013 2014 2015 2016 2017 2018 2019 2020 2021 2022 2023 2024 2025 2026 2027 2028 2029 2030 2031 2032 2033 2034 2035 :=
1 0.16 0.16 0.1562 0.256 0.256 0.2558 0.2558 0.2558 0.2894 0.2894 0.2894 0.2894 0.2894 0.2894 0.2894 0.2894 0.2894 0.2894 0.2894 0.2894 0.2894 0.2894 0.2894 0.2894 0.2894 0.2894 
[ECU,PPCRU,CH4_PP,*,*]:
2010 2011 2012 2013 2014 2015 2016 2017 2018 2019 2020 2021 2022 2023 2024 2025 2026 2027 2028 2029 2030 2031 2032 2033 2034 2035 :=
1 0.0 0.0 0.0 0.0 0.0 0.0 0.0 0.0 0.0 0.0 0.0 0.0 0.0 0.0 0.0 0.0 0.0 0.0 0.0 0.0 0.0 0.0 0.0 0.0 0.0 0.0 
[ECU,PPBIM,CO2e_PP,*,*]:
2010 2011 2012 2013 2014 2015 2016 2017 2018 2019 2020 2021 2022 2023 2024 2025 2026 2027 2028 2029 2030 2031 2032 2033 2034 2035 :=
1 0.007505 0.007505 0.007505 0.007505 0.007505 0.007505 0.007505 0.007505 0.007505 0.007505 0.007505 0.007505 0.007505 0.007505 0.007505 0.007505 0.007505 0.007505 0.007505 0.007505 0.007505 0.007505 0.007505 0.007505 0.007505 0.007505 
[ECU,T5VEGWAS,CO2_DE,*,*]:
2010 2011 2012 2013 2014 2015 2016 2017 2018 2019 2020 2021 2022 2023 2024 2025 2026 2027 2028 2029 2030 2031 2032 2033 2034 2035 :=
1 0.0 0.0 0.0 0.0 0.0 0.0 0.0 0.0 0.0 0.0 0.0 0.0 0.0 0.0 0.0 0.0 0.0 0.0 0.0 0.0 0.0 0.0 0.0 0.0 0.0 0.0 
[ECU,T5AGROTP,CO2e_DE,*,*]:
2010 2011 2012 2013 2014 2015 2016 2017 2018 2019 2020 2021 2022 2023 2024 2025 2026 2027 2028 2029 2030 2031 2032 2033 2034 2035 :=
1 0.0 0.0 0.0 0.0 0.0 0.0 0.0 0.0 0.0 0.0 0.0 0.0 0.0 0.0 0.0 0.0 0.0 0.0 0.0 0.0 0.0 0.0 0.0 0.0 0.0 0.0 
[ECU,T5KERRES,N2O_DE,*,*]:
2010 2011 2012 2013 2014 2015 2016 2017 2018 2019 2020 2021 2022 2023 2024 2025 2026 2027 2028 2029 2030 2031 2032 2033 2034 2035 :=
1 6e-07 6e-07 6e-07 6e-07 6e-07 6e-07 6e-07 6e-07 6e-07 6e-07 6e-07 6e-07 6e-07 6e-07 6e-07 6e-07 6e-07 6e-07 6e-07 6e-07 6e-07 6e-07 6e-07 6e-07 6e-07 6e-07 
[ECU,T5LPGTMA,N2O_DE,*,*]:
2010 2011 2012 2013 2014 2015 2016 2017 2018 2019 2020 2021 2022 2023 2024 2025 2026 2027 2028 2029 2030 2031 2032 2033 2034 2035 :=
1 1.0000000000000001e-07 1.0000000000000001e-07 1.0000000000000001e-07 1.0000000000000001e-07 1.0000000000000001e-07 1.0000000000000001e-07 1.0000000000000001e-07 1.0000000000000001e-07 1.0000000000000001e-07 1.0000000000000001e-07 1.0000000000000001e-07 1.0000000000000001e-07 1.0000000000000001e-07 1.0000000000000001e-07 1.0000000000000001e-07 1.0000000000000001e-07 1.0000000000000001e-07 1.0000000000000001e-07 1.0000000000000001e-07 1.0000000000000001e-07 1.0000000000000001e-07 1.0000000000000001e-07 1.0000000000000001e-07 1.0000000000000001e-07 1.0000000000000001e-07 1.0000000000000001e-07 
[ECU,T5LPGCON,CO2_DE,*,*]:
2010 2011 2012 2013 2014 2015 2016 2017 2018 2019 2020 2021 2022 2023 2024 2025 2026 2027 2028 2029 2030 2031 2032 2033 2034 2035 :=
1 0.0631 0.0631 0.0631 0.0631 0.0631 0.0631 0.0631 0.0631 0.0631 0.0631 0.0631 0.0631 0.0631 0.0631 0.0631 0.0631 0.0631 0.0631 0.0631 0.0631 0.0631 0.0631 0.0631 0.0631 0.0631 0.0631 
[ECU,PPDSL,CO2_PP,*,*]:
2010 2011 2012 2013 2014 2015 2016 2017 2018 2019 2020 2021 2022 2023 2024 2025 2026 2027 2028 2029 2030 2031 2032 2033 2034 2035 :=
1 0.4751 0.2061 0.2061 0.1878 0.1878 0.1979 0.1979 0.1542 0.1542 0.1542 0.1542 0.1542 0.1542 0.1542 0.1542 0.1542 0.1542 0.1542 0.1542 0.1542 0.1542 0.1542 0.1542 0.1542 0.1542 0.1542 
[ECU,T5HYDIND,CH4_DE,*,*]:
2010 2011 2012 2013 2014 2015 2016 2017 2018 2019 2020 2021 2022 2023 2024 2025 2026 2027 2028 2029 2030 2031 2032 2033 2034 2035 :=
1 0.0 0.0 0.0 0.0 0.0 0.0 0.0 0.0 0.0 0.0 0.0 0.0 0.0 0.0 0.0 0.0 0.0 0.0 0.0 0.0 0.0 0.0 0.0 0.0 0.0 0.0 
[ECU,T5RDFIND,CH4_DE,*,*]:
2010 2011 2012 2013 2014 2015 2016 2017 2018 2019 2020 2021 2022 2023 2024 2025 2026 2027 2028 2029 2030 2031 2032 2033 2034 2035 :=
1 3e-06 3e-06 3e-06 3e-06 3e-06 3e-06 3e-06 3e-06 3e-06 3e-06 3e-06 3e-06 3e-06 3e-06 3e-06 3e-06 3e-06 3e-06 3e-06 3e-06 3e-06 3e-06 3e-06 3e-06 3e-06 3e-06 
[ECU,T5JETTAE,N2O_DE,*,*]:
2010 2011 2012 2013 2014 2015 2016 2017 2018 2019 2020 2021 2022 2023 2024 2025 2026 2027 2028 2029 2030 2031 2032 2033 2034 2035 :=
1 6e-07 6e-07 6e-07 6e-07 6e-07 6e-07 6e-07 6e-07 6e-07 6e-07 6e-07 6e-07 6e-07 6e-07 6e-07 6e-07 6e-07 6e-07 6e-07 6e-07 6e-07 6e-07 6e-07 6e-07 6e-07 6e-07 
[ECU,T5ELEPUB,CO2e_DE,*,*]:
2010 2011 2012 2013 2014 2015 2016 2017 2018 2019 2020 2021 2022 2023 2024 2025 2026 2027 2028 2029 2030 2031 2032 2033 2034 2035 :=
1 0.0 0.0 0.0 0.0 0.0 0.0 0.0 0.0 0.0 0.0 0.0 0.0 0.0 0.0 0.0 0.0 0.0 0.0 0.0 0.0 0.0 0.0 0.0 0.0 0.0 0.0 
[ECU,T5COMGSL,CH4_DE,*,*]:
2010 2011 2012 2013 2014 2015 2016 2017 2018 2019 2020 2021 2022 2023 2024 2025 2026 2027 2028 2029 2030 2031 2032 2033 2034 2035 :=
1 3e-06 3e-06 3e-06 3e-06 3e-06 3e-06 3e-06 3e-06 3e-06 3e-06 3e-06 3e-06 3e-06 3e-06 3e-06 3e-06 3e-06 3e-06 3e-06 3e-06 3e-06 3e-06 3e-06 3e-06 3e-06 3e-06 
[ECU,T5ALLTRNDSL,CO2_DE,*,*]:
2010 2011 2012 2013 2014 2015 2016 2017 2018 2019 2020 2021 2022 2023 2024 2025 2026 2027 2028 2029 2030 2031 2032 2033 2034 2035 :=
1 0.0741 0.0741 0.0741 0.0741 0.0741 0.0741 0.0741 0.0741 0.0741 0.0741 0.0741 0.0741 0.0741 0.0741 0.0741 0.0741 0.0741 0.0741 0.0741 0.0741 0.0741 0.0741 0.0741 0.0741 0.0741 0.0741 
[ECU,PPRNGS,CO2e_PP,*,*]:
2010 2011 2012 2013 2014 2015 2016 2017 2018 2019 2020 2021 2022 2023 2024 2025 2026 2027 2028 2029 2030 2031 2032 2033 2034 2035 :=
1 0.2 0.2 0.2451 0.228 0.228 0.2337 0.2337 0.2337 0.2813 0.2813 0.2813 0.2813 0.2813 0.2813 0.2813 0.2813 0.2813 0.2813 0.2813 0.2813 0.2813 0.2813 0.2813 0.2813 0.2813 0.2813 
[ECU,T5LPGRES,CO2_DE,*,*]:
2010 2011 2012 2013 2014 2015 2016 2017 2018 2019 2020 2021 2022 2023 2024 2025 2026 2027 2028 2029 2030 2031 2032 2033 2034 2035 :=
1 0.0631 0.0631 0.0631 0.0631 0.0631 0.0631 0.0631 0.0631 0.0631 0.0631 0.0631 0.0631 0.0631 0.0631 0.0631 0.0631 0.0631 0.0631 0.0631 0.0631 0.0631 0.0631 0.0631 0.0631 0.0631 0.0631 
[ECU,T5FOITMA,N2O_DE,*,*]:
2010 2011 2012 2013 2014 2015 2016 2017 2018 2019 2020 2021 2022 2023 2024 2025 2026 2027 2028 2029 2030 2031 2032 2033 2034 2035 :=
1 6e-07 6e-07 6e-07 6e-07 6e-07 6e-07 6e-07 6e-07 6e-07 6e-07 6e-07 6e-07 6e-07 6e-07 6e-07 6e-07 6e-07 6e-07 6e-07 6e-07 6e-07 6e-07 6e-07 6e-07 6e-07 6e-07 
[ECU,T5LPGTRO,N2O_DE,*,*]:
2010 2011 2012 2013 2014 2015 2016 2017 2018 2019 2020 2021 2022 2023 2024 2025 2026 2027 2028 2029 2030 2031 2032 2033 2034 2035 :=
1 1.0000000000000001e-07 1.0000000000000001e-07 1.0000000000000001e-07 1.0000000000000001e-07 1.0000000000000001e-07 1.0000000000000001e-07 1.0000000000000001e-07 1.0000000000000001e-07 1.0000000000000001e-07 1.0000000000000001e-07 1.0000000000000001e-07 1.0000000000000001e-07 1.0000000000000001e-07 1.0000000000000001e-07 1.0000000000000001e-07 1.0000000000000001e-07 1.0000000000000001e-07 1.0000000000000001e-07 1.0000000000000001e-07 1.0000000000000001e-07 1.0000000000000001e-07 1.0000000000000001e-07 1.0000000000000001e-07 1.0000000000000001e-07 1.0000000000000001e-07 1.0000000000000001e-07 
[ECU,T5FOICON,CO2e_DE,*,*]:
2010 2011 2012 2013 2014 2015 2016 2017 2018 2019 2020 2021 2022 2023 2024 2025 2026 2027 2028 2029 2030 2031 2032 2033 2034 2035 :=
1 0.077839 0.077839 0.077839 0.077839 0.077839 0.077839 0.077839 0.077839 0.077839 0.077839 0.077839 0.077839 0.077839 0.077839 0.077839 0.077839 0.077839 0.077839 0.077839 0.077839 0.077839 0.077839 0.077839 0.077839 0.077839 0.077839 
[ECU,T5HYDIND,CO2e_DE,*,*]:
2010 2011 2012 2013 2014 2015 2016 2017 2018 2019 2020 2021 2022 2023 2024 2025 2026 2027 2028 2029 2030 2031 2032 2033 2034 2035 :=
1 0.0 0.0 0.0 0.0 0.0 0.0 0.0 0.0 0.0 0.0 0.0 0.0 0.0 0.0 0.0 0.0 0.0 0.0 0.0 0.0 0.0 0.0 0.0 0.0 0.0 0.0 
[ECU,PPIBIM,CO2e_PP,*,*]:
2010 2011 2012 2013 2014 2015 2016 2017 2018 2019 2020 2021 2022 2023 2024 2025 2026 2027 2028 2029 2030 2031 2032 2033 2034 2035 :=
1 0.007505 0.007505 0.007505 0.007505 0.007505 0.007505 0.007505 0.007505 0.007505 0.007505 0.007505 0.007505 0.007505 0.007505 0.007505 0.007505 0.007505 0.007505 0.007505 0.007505 0.007505 0.007505 0.007505 0.007505 0.007505 0.007505 
[ECU,T5NGSIND,N2O_DE,*,*]:
2010 2011 2012 2013 2014 2015 2016 2017 2018 2019 2020 2021 2022 2023 2024 2025 2026 2027 2028 2029 2030 2031 2032 2033 2034 2035 :=
1 1.0000000000000001e-07 1.0000000000000001e-07 1.0000000000000001e-07 1.0000000000000001e-07 1.0000000000000001e-07 1.0000000000000001e-07 1.0000000000000001e-07 1.0000000000000001e-07 1.0000000000000001e-07 1.0000000000000001e-07 1.0000000000000001e-07 1.0000000000000001e-07 1.0000000000000001e-07 1.0000000000000001e-07 1.0000000000000001e-07 1.0000000000000001e-07 1.0000000000000001e-07 1.0000000000000001e-07 1.0000000000000001e-07 1.0000000000000001e-07 1.0000000000000001e-07 1.0000000000000001e-07 1.0000000000000001e-07 1.0000000000000001e-07 1.0000000000000001e-07 1.0000000000000001e-07 
[ECU,T5OPERES,CO2e_DE,*,*]:
2010 2011 2012 2013 2014 2015 2016 2017 2018 2019 2020 2021 2022 2023 2024 2025 2026 2027 2028 2029 2030 2031 2032 2033 2034 2035 :=
1 0.0 0.0 0.0 0.0 0.0 0.0 0.0 0.0 0.0 0.0 0.0 0.0 0.0 0.0 0.0 0.0 0.0 0.0 0.0 0.0 0.0 0.0 0.0 0.0 0.0 0.0 
[ECU,DIST_KER,CO2e_sources,*,*]:
2010 2011 2012 2013 2014 2015 2016 2017 2018 2019 2020 2021 2022 2023 2024 2025 2026 2027 2028 2029 2030 2031 2032 2033 2034 2035 :=
1 0.071743 0.071743 0.071743 0.071743 0.071743 0.071743 0.071743 0.071743 0.071743 0.071743 0.071743 0.071743 0.071743 0.071743 0.071743 0.071743 0.071743 0.071743 0.071743 0.071743 0.071743 0.071743 0.071743 0.071743 0.071743 0.071743 
[ECU,PROCRU,CO2e_REF,*,*]:
2010 2011 2012 2013 2014 2015 2016 2017 2018 2019 2020 2021 2022 2023 2024 2025 2026 2027 2028 2029 2030 2031 2032 2033 2034 2035 :=
1 0.0041 0.0043 0.0043 0.0047 0.0051 0.0051 0.004 0.0038 0.0036 0.0036 0.0036 0.0036 0.0036 0.0036 0.0036 0.0036 0.0036 0.0036 0.0036 0.0036 0.0036 0.0036 0.0036 0.0036 0.0036 0.0036 
[ECU,PPNGS,CO2_PP,*,*]:
2010 2011 2012 2013 2014 2015 2016 2017 2018 2019 2020 2021 2022 2023 2024 2025 2026 2027 2028 2029 2030 2031 2032 2033 2034 2035 :=
1 0.2009 0.2451 0.2451 0.228 0.228 0.2337 0.2337 0.2813 0.2813 0.2813 0.2813 0.2813 0.2813 0.2813 0.2813 0.2813 0.2813 0.2813 0.2813 0.2813 0.2813 0.2813 0.2813 0.2813 0.2813 0.2813 
[ECU,T5DSLCON,CO2_DE,*,*]:
2010 2011 2012 2013 2014 2015 2016 2017 2018 2019 2020 2021 2022 2023 2024 2025 2026 2027 2028 2029 2030 2031 2032 2033 2034 2035 :=
1 0.0741 0.0741 0.0741 0.0741 0.0741 0.0741 0.0741 0.0741 0.0741 0.0741 0.0741 0.0741 0.0741 0.0741 0.0741 0.0741 0.0741 0.0741 0.0741 0.0741 0.0741 0.0741 0.0741 0.0741 0.0741 0.0741 
[ECU,T5GSLCON,N2O_DE,*,*]:
2010 2011 2012 2013 2014 2015 2016 2017 2018 2019 2020 2021 2022 2023 2024 2025 2026 2027 2028 2029 2030 2031 2032 2033 2034 2035 :=
1 6e-07 6e-07 6e-07 6e-07 6e-07 6e-07 6e-07 6e-07 6e-07 6e-07 6e-07 6e-07 6e-07 6e-07 6e-07 6e-07 6e-07 6e-07 6e-07 6e-07 6e-07 6e-07 6e-07 6e-07 6e-07 6e-07 
[ECU,T5FOITMA,CO2_DE,*,*]:
2010 2011 2012 2013 2014 2015 2016 2017 2018 2019 2020 2021 2022 2023 2024 2025 2026 2027 2028 2029 2030 2031 2032 2033 2034 2035 :=
1 0.0774 0.0774 0.0774 0.0774 0.0774 0.0774 0.0774 0.0774 0.0774 0.0774 0.0774 0.0774 0.0774 0.0774 0.0774 0.0774 0.0774 0.0774 0.0774 0.0774 0.0774 0.0774 0.0774 0.0774 0.0774 0.0774 
[ECU,T5OPECON,CO2_DE,*,*]:
2010 2011 2012 2013 2014 2015 2016 2017 2018 2019 2020 2021 2022 2023 2024 2025 2026 2027 2028 2029 2030 2031 2032 2033 2034 2035 :=
1 0.0 0.0 0.0 0.0 0.0 0.0 0.0 0.0 0.0 0.0 0.0 0.0 0.0 0.0 0.0 0.0 0.0 0.0 0.0 0.0 0.0 0.0 0.0 0.0 0.0 0.0 
[ECU,T5AGRDSL,N2O_DE,*,*]:
2010 2011 2012 2013 2014 2015 2016 2017 2018 2019 2020 2021 2022 2023 2024 2025 2026 2027 2028 2029 2030 2031 2032 2033 2034 2035 :=
1 6e-07 6e-07 6e-07 6e-07 6e-07 6e-07 6e-07 6e-07 6e-07 6e-07 6e-07 6e-07 6e-07 6e-07 6e-07 6e-07 6e-07 6e-07 6e-07 6e-07 6e-07 6e-07 6e-07 6e-07 6e-07 6e-07 
[ECU,PPDSL,CO2e_PP,*,*]:
2010 2011 2012 2013 2014 2015 2016 2017 2018 2019 2020 2021 2022 2023 2024 2025 2026 2027 2028 2029 2030 2031 2032 2033 2034 2035 :=
1 0.47 0.47 0.2068 0.1885 0.1885 0.1986 0.1986 0.1986 0.1547 0.1547 0.1547 0.1547 0.1547 0.1547 0.1547 0.1547 0.1547 0.1547 0.1547 0.1547 0.1547 0.1547 0.1547 0.1547 0.1547 0.1547 
[ECU,T5RDFIND,CO2e_DE,*,*]:
2010 2011 2012 2013 2014 2015 2016 2017 2018 2019 2020 2021 2022 2023 2024 2025 2026 2027 2028 2029 2030 2031 2032 2033 2034 2035 :=
1 0.092844 0.092844 0.092844 0.092844 0.092844 0.092844 0.092844 0.092844 0.092844 0.092844 0.092844 0.092844 0.092844 0.092844 0.092844 0.092844 0.092844 0.092844 0.092844 0.092844 0.092844 0.092844 0.092844 0.092844 0.092844 0.092844 
[ECU,T5OPERES,N2O_DE,*,*]:
2010 2011 2012 2013 2014 2015 2016 2017 2018 2019 2020 2021 2022 2023 2024 2025 2026 2027 2028 2029 2030 2031 2032 2033 2034 2035 :=
1 6e-07 6e-07 6e-07 6e-07 6e-07 6e-07 6e-07 6e-07 6e-07 6e-07 6e-07 6e-07 6e-07 6e-07 6e-07 6e-07 6e-07 6e-07 6e-07 6e-07 6e-07 6e-07 6e-07 6e-07 6e-07 6e-07 
[ECU,T5TMAGSL,N2O_DE,*,*]:
2010 2011 2012 2013 2014 2015 2016 2017 2018 2019 2020 2021 2022 2023 2024 2025 2026 2027 2028 2029 2030 2031 2032 2033 2034 2035 :=
1 6e-07 6e-07 6e-07 6e-07 6e-07 6e-07 6e-07 6e-07 6e-07 6e-07 6e-07 6e-07 6e-07 6e-07 6e-07 6e-07 6e-07 6e-07 6e-07 6e-07 6e-07 6e-07 6e-07 6e-07 6e-07 6e-07 
[ECU,T5AGRLPG,N2O_DE,*,*]:
2010 2011 2012 2013 2014 2015 2016 2017 2018 2019 2020 2021 2022 2023 2024 2025 2026 2027 2028 2029 2030 2031 2032 2033 2034 2035 :=
1 1.0000000000000001e-07 1.0000000000000001e-07 1.0000000000000001e-07 1.0000000000000001e-07 1.0000000000000001e-07 1.0000000000000001e-07 1.0000000000000001e-07 1.0000000000000001e-07 1.0000000000000001e-07 1.0000000000000001e-07 1.0000000000000001e-07 1.0000000000000001e-07 1.0000000000000001e-07 1.0000000000000001e-07 1.0000000000000001e-07 1.0000000000000001e-07 1.0000000000000001e-07 1.0000000000000001e-07 1.0000000000000001e-07 1.0000000000000001e-07 1.0000000000000001e-07 1.0000000000000001e-07 1.0000000000000001e-07 1.0000000000000001e-07 1.0000000000000001e-07 1.0000000000000001e-07 
[ECU,T5ALLTRNFOI,N2O_DE,*,*]:
2010 2011 2012 2013 2014 2015 2016 2017 2018 2019 2020 2021 2022 2023 2024 2025 2026 2027 2028 2029 2030 2031 2032 2033 2034 2035 :=
1 6e-07 6e-07 6e-07 6e-07 6e-07 6e-07 6e-07 6e-07 6e-07 6e-07 6e-07 6e-07 6e-07 6e-07 6e-07 6e-07 6e-07 6e-07 6e-07 6e-07 6e-07 6e-07 6e-07 6e-07 6e-07 6e-07 
[ECU,T5COMGSL,N2O_DE,*,*]:
2010 2011 2012 2013 2014 2015 2016 2017 2018 2019 2020 2021 2022 2023 2024 2025 2026 2027 2028 2029 2030 2031 2032 2033 2034 2035 :=
1 6e-07 6e-07 6e-07 6e-07 6e-07 6e-07 6e-07 6e-07 6e-07 6e-07 6e-07 6e-07 6e-07 6e-07 6e-07 6e-07 6e-07 6e-07 6e-07 6e-07 6e-07 6e-07 6e-07 6e-07 6e-07 6e-07 
[ECU,PPILPG,CO2e_PP,*,*]:
2010 2011 2012 2013 2014 2015 2016 2017 2018 2019 2020 2021 2022 2023 2024 2025 2026 2027 2028 2029 2030 2031 2032 2033 2034 2035 :=
1 0.0632665 0.0632665 0.0632665 0.0632665 0.0632665 0.0632665 0.0632665 0.0632665 0.0632665 0.0632665 0.0632665 0.0632665 0.0632665 0.0632665 0.0632665 0.0632665 0.0632665 0.0632665 0.0632665 0.0632665 0.0632665 0.0632665 0.0632665 0.0632665 0.0632665 0.0632665 
[ECU,T5ALLTRNDSL,CO2e_DE,*,*]:
2010 2011 2012 2013 2014 2015 2016 2017 2018 2019 2020 2021 2022 2023 2024 2025 2026 2027 2028 2029 2030 2031 2032 2033 2034 2035 :=
1 0.074539 0.074539 0.074539 0.074539 0.074539 0.074539 0.074539 0.074539 0.074539 0.074539 0.074539 0.074539 0.074539 0.074539 0.074539 0.074539 0.074539 0.074539 0.074539 0.074539 0.074539 0.074539 0.074539 0.074539 0.074539 0.074539 
[ECU,PPILPG,CH4_PP,*,*]:
2010 2011 2012 2013 2014 2015 2016 2017 2018 2019 2020 2021 2022 2023 2024 2025 2026 2027 2028 2029 2030 2031 2032 2033 2034 2035 :=
1 4.268782143325219e-06 4.268782143325219e-06 4.268782143325219e-06 4.268782143325219e-06 4.268782143325219e-06 4.268782143325219e-06 4.268782143325219e-06 4.268782143325219e-06 4.268782143325219e-06 4.268782143325219e-06 4.268782143325219e-06 4.268782143325219e-06 4.268782143325219e-06 4.268782143325219e-06 4.268782143325219e-06 4.268782143325219e-06 4.268782143325219e-06 4.268782143325219e-06 4.268782143325219e-06 4.268782143325219e-06 4.268782143325219e-06 4.268782143325219e-06 4.268782143325219e-06 4.268782143325219e-06 4.268782143325219e-06 4.268782143325219e-06 
[ECU,T5COMGSL,CO2_DE,*,*]:
2010 2011 2012 2013 2014 2015 2016 2017 2018 2019 2020 2021 2022 2023 2024 2025 2026 2027 2028 2029 2030 2031 2032 2033 2034 2035 :=
1 0.0693 0.0693 0.0693 0.0693 0.0693 0.0693 0.0693 0.0693 0.0693 0.0693 0.0693 0.0693 0.0693 0.0693 0.0693 0.0693 0.0693 0.0693 0.0693 0.0693 0.0693 0.0693 0.0693 0.0693 0.0693 0.0693 
[ECU,PPBGS,CO2e_PP,*,*]:
2010 2011 2012 2013 2014 2015 2016 2017 2018 2019 2020 2021 2022 2023 2024 2025 2026 2027 2028 2029 2030 2031 2032 2033 2034 2035 :=
1 0.000215275 0.000215275 0.000215275 0.000215275 0.000215275 0.000215275 0.000215275 0.000215275 0.000215275 0.000215275 0.000215275 0.000215275 0.000215275 0.000215275 0.000215275 0.000215275 0.000215275 0.000215275 0.000215275 0.000215275 0.000215275 0.000215275 0.000215275 0.000215275 0.000215275 0.000215275 
[ECU,T5ALLTRNGSL,CH4_DE,*,*]:
2010 2011 2012 2013 2014 2015 2016 2017 2018 2019 2020 2021 2022 2023 2024 2025 2026 2027 2028 2029 2030 2031 2032 2033 2034 2035 :=
1 3e-06 3e-06 3e-06 3e-06 3e-06 3e-06 3e-06 3e-06 3e-06 3e-06 3e-06 3e-06 3e-06 3e-06 3e-06 3e-06 3e-06 3e-06 3e-06 3e-06 3e-06 3e-06 3e-06 3e-06 3e-06 3e-06 
[ECU,T5ALLTRNLPG,CO2e_DE,*,*]:
2010 2011 2012 2013 2014 2015 2016 2017 2018 2019 2020 2021 2022 2023 2024 2025 2026 2027 2028 2029 2030 2031 2032 2033 2034 2035 :=
1 0.0632665 0.0632665 0.0632665 0.0632665 0.0632665 0.0632665 0.0632665 0.0632665 0.0632665 0.0632665 0.0632665 0.0632665 0.0632665 0.0632665 0.0632665 0.0632665 0.0632665 0.0632665 0.0632665 0.0632665 0.0632665 0.0632665 0.0632665 0.0632665 0.0632665 0.0632665 
[ECU,PPRNGS,N2O_PP,*,*]:
2010 2011 2012 2013 2014 2015 2016 2017 2018 2019 2020 2021 2022 2023 2024 2025 2026 2027 2028 2029 2030 2031 2032 2033 2034 2035 :=
1 0.0 0.0 0.0 0.0 0.0 0.0 0.0 0.0 0.0 0.0 0.0 0.0 0.0 0.0 0.0 0.0 0.0 0.0 0.0 0.0 0.0 0.0 0.0 0.0 0.0 0.0 
[ECU,PPNGS,CO2e_PP,*,*]:
2010 2011 2012 2013 2014 2015 2016 2017 2018 2019 2020 2021 2022 2023 2024 2025 2026 2027 2028 2029 2030 2031 2032 2033 2034 2035 :=
1 0.2 0.2 0.2451 0.228 0.228 0.2337 0.2337 0.2337 0.2813 0.2813 0.2813 0.2813 0.2813 0.2813 0.2813 0.2813 0.2813 0.2813 0.2813 0.2813 0.2813 0.2813 0.2813 0.2813 0.2813 0.2813 
[ECU,T5JETTAE,CO2e_DE,*,*]:
2010 2011 2012 2013 2014 2015 2016 2017 2018 2019 2020 2021 2022 2023 2024 2025 2026 2027 2028 2029 2030 2031 2032 2033 2034 2035 :=
1 0.071743 0.071743 0.071743 0.071743 0.071743 0.071743 0.071743 0.071743 0.071743 0.071743 0.071743 0.071743 0.071743 0.071743 0.071743 0.071743 0.071743 0.071743 0.071743 0.071743 0.071743 0.071743 0.071743 0.071743 0.071743 0.071743 
[ECU,PPDFOI,CO2e_PP,*,*]:
2010 2011 2012 2013 2014 2015 2016 2017 2018 2019 2020 2021 2022 2023 2024 2025 2026 2027 2028 2029 2030 2031 2032 2033 2034 2035 :=
1 0.2122767235303659 0.2122767235303659 0.2122767235303659 0.2122767235303659 0.2122767235303659 0.2122767235303659 0.2122767235303659 0.2122767235303659 0.2122767235303659 0.2122767235303659 0.2122767235303659 0.2122767235303659 0.2122767235303659 0.2122767235303659 0.2122767235303659 0.2122767235303659 0.2122767235303659 0.2122767235303659 0.2122767235303659 0.2122767235303659 0.2122767235303659 0.2122767235303659 0.2122767235303659 0.2122767235303659 0.2122767235303659 0.2122767235303659 
[ECU,T5TCADSL,CO2_DE,*,*]:
2010 2011 2012 2013 2014 2015 2016 2017 2018 2019 2020 2021 2022 2023 2024 2025 2026 2027 2028 2029 2030 2031 2032 2033 2034 2035 :=
1 0.0741 0.0741 0.0741 0.0741 0.0741 0.0741 0.0741 0.0741 0.0741 0.0741 0.0741 0.0741 0.0741 0.0741 0.0741 0.0741 0.0741 0.0741 0.0741 0.0741 0.0741 0.0741 0.0741 0.0741 0.0741 0.0741 
[ECU,T5DSLTMA,CO2_DE,*,*]:
2010 2011 2012 2013 2014 2015 2016 2017 2018 2019 2020 2021 2022 2023 2024 2025 2026 2027 2028 2029 2030 2031 2032 2033 2034 2035 :=
1 0.0741 0.0741 0.0741 0.0741 0.0741 0.0741 0.0741 0.0741 0.0741 0.0741 0.0741 0.0741 0.0741 0.0741 0.0741 0.0741 0.0741 0.0741 0.0741 0.0741 0.0741 0.0741 0.0741 0.0741 0.0741 0.0741 
[ECU,T5AGRLPG,CH4_DE,*,*]:
2010 2011 2012 2013 2014 2015 2016 2017 2018 2019 2020 2021 2022 2023 2024 2025 2026 2027 2028 2029 2030 2031 2032 2033 2034 2035 :=
1 1e-06 1e-06 1e-06 1e-06 1e-06 1e-06 1e-06 1e-06 1e-06 1e-06 1e-06 1e-06 1e-06 1e-06 1e-06 1e-06 1e-06 1e-06 1e-06 1e-06 1e-06 1e-06 1e-06 1e-06 1e-06 1e-06 
[ECU,T5COAIND,CO2_DE,*,*]:
2010 2011 2012 2013 2014 2015 2016 2017 2018 2019 2020 2021 2022 2023 2024 2025 2026 2027 2028 2029 2030 2031 2032 2033 2034 2035 :=
1 0.0946 0.0946 0.0946 0.0946 0.0946 0.0946 0.0946 0.0946 0.0946 0.0946 0.0946 0.0946 0.0946 0.0946 0.0946 0.0946 0.0946 0.0946 0.0946 0.0946 0.0946 0.0946 0.0946 0.0946 0.0946 0.0946 
[ECU,T5DSLTRO,CO2e_DE,*,*]:
2010 2011 2012 2013 2014 2015 2016 2017 2018 2019 2020 2021 2022 2023 2024 2025 2026 2027 2028 2029 2030 2031 2032 2033 2034 2035 :=
1 0.0752427 0.0752427 0.0752427 0.0752427 0.0752427 0.0752427 0.0752427 0.0752427 0.0752427 0.0752427 0.0752427 0.0752427 0.0752427 0.0752427 0.0752427 0.0752427 0.0752427 0.0752427 0.0752427 0.0752427 0.0752427 0.0752427 0.0752427 0.0752427 0.0752427 0.0752427 
[ECU,T5ELEPUB,CO2_DE,*,*]:
2010 2011 2012 2013 2014 2015 2016 2017 2018 2019 2020 2021 2022 2023 2024 2025 2026 2027 2028 2029 2030 2031 2032 2033 2034 2035 :=
1 0.0 0.0 0.0 0.0 0.0 0.0 0.0 0.0 0.0 0.0 0.0 0.0 0.0 0.0 0.0 0.0 0.0 0.0 0.0 0.0 0.0 0.0 0.0 0.0 0.0 0.0 
[ECU,T5ELECOM,CO2_DE,*,*]:
2010 2011 2012 2013 2014 2015 2016 2017 2018 2019 2020 2021 2022 2023 2024 2025 2026 2027 2028 2029 2030 2031 2032 2033 2034 2035 :=
1 0.0 0.0 0.0 0.0 0.0 0.0 0.0 0.0 0.0 0.0 0.0 0.0 0.0 0.0 0.0 0.0 0.0 0.0 0.0 0.0 0.0 0.0 0.0 0.0 0.0 0.0 
[ECU,PPNGS,N2O_PP,*,*]:
2010 2011 2012 2013 2014 2015 2016 2017 2018 2019 2020 2021 2022 2023 2024 2025 2026 2027 2028 2029 2030 2031 2032 2033 2034 2035 :=
1 0.0 0.0 0.0 0.0 0.0 0.0 0.0 0.0 0.0 0.0 0.0 0.0 0.0 0.0 0.0 0.0 0.0 0.0 0.0 0.0 0.0 0.0 0.0 0.0 0.0 0.0 
[ECU,T5TMAGSL,CO2e_DE,*,*]:
2010 2011 2012 2013 2014 2015 2016 2017 2018 2019 2020 2021 2022 2023 2024 2025 2026 2027 2028 2029 2030 2031 2032 2033 2034 2035 :=
1 0.069739 0.069739 0.069739 0.069739 0.069739 0.069739 0.069739 0.069739 0.069739 0.069739 0.069739 0.069739 0.069739 0.069739 0.069739 0.069739 0.069739 0.069739 0.069739 0.069739 0.069739 0.069739 0.069739 0.069739 0.069739 0.069739 
[ECU,PPDFOI,CO2_PP,*,*]:
2010 2011 2012 2013 2014 2015 2016 2017 2018 2019 2020 2021 2022 2023 2024 2025 2026 2027 2028 2029 2030 2031 2032 2033 2034 2035 :=
1 0.21158292834671738 0.21158292834671738 0.21158292834671738 0.21158292834671738 0.21158292834671738 0.21158292834671738 0.21158292834671738 0.21158292834671738 0.21158292834671738 0.21158292834671738 0.21158292834671738 0.21158292834671738 0.21158292834671738 0.21158292834671738 0.21158292834671738 0.21158292834671738 0.21158292834671738 0.21158292834671738 0.21158292834671738 0.21158292834671738 0.21158292834671738 0.21158292834671738 0.21158292834671738 0.21158292834671738 0.21158292834671738 0.21158292834671738 
[ECU,T5CONKER,CO2_DE,*,*]:
2010 2011 2012 2013 2014 2015 2016 2017 2018 2019 2020 2021 2022 2023 2024 2025 2026 2027 2028 2029 2030 2031 2032 2033 2034 2035 :=
1 0.0715 0.0715 0.0715 0.0715 0.0715 0.0715 0.0715 0.0715 0.0715 0.0715 0.0715 0.0715 0.0715 0.0715 0.0715 0.0715 0.0715 0.0715 0.0715 0.0715 0.0715 0.0715 0.0715 0.0715 0.0715 0.0715 
[ECU,T5TCAGSL,CO2e_DE,*,*]:
2010 2011 2012 2013 2014 2015 2016 2017 2018 2019 2020 2021 2022 2023 2024 2025 2026 2027 2028 2029 2030 2031 2032 2033 2034 2035 :=
1 0.069739 0.069739 0.069739 0.069739 0.069739 0.069739 0.069739 0.069739 0.069739 0.069739 0.069739 0.069739 0.069739 0.069739 0.069739 0.069739 0.069739 0.069739 0.069739 0.069739 0.069739 0.069739 0.069739 0.069739 0.069739 0.069739 
[ECU,T5ALLTRNDSL,CH4_DE,*,*]:
2010 2011 2012 2013 2014 2015 2016 2017 2018 2019 2020 2021 2022 2023 2024 2025 2026 2027 2028 2029 2030 2031 2032 2033 2034 2035 :=
1 3e-06 3e-06 3e-06 3e-06 3e-06 3e-06 3e-06 3e-06 3e-06 3e-06 3e-06 3e-06 3e-06 3e-06 3e-06 3e-06 3e-06 3e-06 3e-06 3e-06 3e-06 3e-06 3e-06 3e-06 3e-06 3e-06 
[ECU,T5GSLRES,CH4_DE,*,*]:
2010 2011 2012 2013 2014 2015 2016 2017 2018 2019 2020 2021 2022 2023 2024 2025 2026 2027 2028 2029 2030 2031 2032 2033 2034 2035 :=
1 3e-06 3e-06 3e-06 3e-06 3e-06 3e-06 3e-06 3e-06 3e-06 3e-06 3e-06 3e-06 3e-06 3e-06 3e-06 3e-06 3e-06 3e-06 3e-06 3e-06 3e-06 3e-06 3e-06 3e-06 3e-06 3e-06 
[ECU,T5GSLRES,CO2e_DE,*,*]:
2010 2011 2012 2013 2014 2015 2016 2017 2018 2019 2020 2021 2022 2023 2024 2025 2026 2027 2028 2029 2030 2031 2032 2033 2034 2035 :=
1 0.069739 0.069739 0.069739 0.069739 0.069739 0.069739 0.069739 0.069739 0.069739 0.069739 0.069739 0.069739 0.069739 0.069739 0.069739 0.069739 0.069739 0.069739 0.069739 0.069739 0.069739 0.069739 0.069739 0.069739 0.069739 0.069739 
[ECU,EXTT_CRU,CH4_FUG,*,*]:
2010 2011 2012 2013 2014 2015 2016 2017 2018 2019 2020 2021 2022 2023 2024 2025 2026 2027 2028 2029 2030 2031 2032 2033 2034 2035 :=
1 8.047574534903845e-05 8.047574534903845e-05 8.047574534903845e-05 8.047574534903845e-05 8.047574534903845e-05 8.047574534903845e-05 8.047574534903845e-05 8.047574534903845e-05 8.047574534903845e-05 8.047574534903845e-05 8.047574534903845e-05 8.047574534903845e-05 8.047574534903845e-05 8.047574534903845e-05 8.047574534903845e-05 8.047574534903845e-05 8.047574534903845e-05 8.047574534903845e-05 8.047574534903845e-05 8.047574534903845e-05 8.047574534903845e-05 8.047574534903845e-05 8.047574534903845e-05 8.047574534903845e-05 8.047574534903845e-05 8.047574534903845e-05 
[ECU,T5NGSTMA,CO2_DE,*,*]:
2010 2011 2012 2013 2014 2015 2016 2017 2018 2019 2020 2021 2022 2023 2024 2025 2026 2027 2028 2029 2030 2031 2032 2033 2034 2035 :=
1 0.0561 0.0561 0.0561 0.0561 0.0561 0.0561 0.0561 0.0561 0.0561 0.0561 0.0561 0.0561 0.0561 0.0561 0.0561 0.0561 0.0561 0.0561 0.0561 0.0561 0.0561 0.0561 0.0561 0.0561 0.0561 0.0561 
[ECU,T5ELETRO,CH4_DE,*,*]:
2010 2011 2012 2013 2014 2015 2016 2017 2018 2019 2020 2021 2022 2023 2024 2025 2026 2027 2028 2029 2030 2031 2032 2033 2034 2035 :=
1 0.0 0.0 0.0 0.0 0.0 0.0 0.0 0.0 0.0 0.0 0.0 0.0 0.0 0.0 0.0 0.0 0.0 0.0 0.0 0.0 0.0 0.0 0.0 0.0 0.0 0.0 
[ECU,T5NGSIND,CO2e_DE,*,*]:
2010 2011 2012 2013 2014 2015 2016 2017 2018 2019 2020 2021 2022 2023 2024 2025 2026 2027 2028 2029 2030 2031 2032 2033 2034 2035 :=
1 0.0561545 0.0561545 0.0561545 0.0561545 0.0561545 0.0561545 0.0561545 0.0561545 0.0561545 0.0561545 0.0561545 0.0561545 0.0561545 0.0561545 0.0561545 0.0561545 0.0561545 0.0561545 0.0561545 0.0561545 0.0561545 0.0561545 0.0561545 0.0561545 0.0561545 0.0561545 
[ECU,T5HYDIND,CO2_DE,*,*]:
2010 2011 2012 2013 2014 2015 2016 2017 2018 2019 2020 2021 2022 2023 2024 2025 2026 2027 2028 2029 2030 2031 2032 2033 2034 2035 :=
1 0.0 0.0 0.0 0.0 0.0 0.0 0.0 0.0 0.0 0.0 0.0 0.0 0.0 0.0 0.0 0.0 0.0 0.0 0.0 0.0 0.0 0.0 0.0 0.0 0.0 0.0 
[ECU,T5NGSTMA,CH4_DE,*,*]:
2010 2011 2012 2013 2014 2015 2016 2017 2018 2019 2020 2021 2022 2023 2024 2025 2026 2027 2028 2029 2030 2031 2032 2033 2034 2035 :=
1 1e-06 1e-06 1e-06 1e-06 1e-06 1e-06 1e-06 1e-06 1e-06 1e-06 1e-06 1e-06 1e-06 1e-06 1e-06 1e-06 1e-06 1e-06 1e-06 1e-06 1e-06 1e-06 1e-06 1e-06 1e-06 1e-06 
[ECU,EXTT_CRU,CO2e_FUG,*,*]:
2010 2011 2012 2013 2014 2015 2016 2017 2018 2019 2020 2021 2022 2023 2024 2025 2026 2027 2028 2029 2030 2031 2032 2033 2034 2035 :=
1 0.00340717185517873 0.00340717185517873 0.00340717185517873 0.00340717185517873 0.00340717185517873 0.00340717185517873 0.00340717185517873 0.00340717185517873 0.00340717185517873 0.00340717185517873 0.00340717185517873 0.00340717185517873 0.00340717185517873 0.00340717185517873 0.00340717185517873 0.00340717185517873 0.00340717185517873 0.00340717185517873 0.00340717185517873 0.00340717185517873 0.00340717185517873 0.00340717185517873 0.00340717185517873 0.00340717185517873 0.00340717185517873 0.00340717185517873 
[ECU,T5BGSTRO,CO2_DE,*,*]:
2010 2011 2012 2013 2014 2015 2016 2017 2018 2019 2020 2021 2022 2023 2024 2025 2026 2027 2028 2029 2030 2031 2032 2033 2034 2035 :=
1 0.0 0.0 0.0 0.0 0.0 0.0 0.0 0.0 0.0 0.0 0.0 0.0 0.0 0.0 0.0 0.0 0.0 0.0 0.0 0.0 0.0 0.0 0.0 0.0 0.0 0.0 
[ECU,T5GSLCON,CO2_DE,*,*]:
2010 2011 2012 2013 2014 2015 2016 2017 2018 2019 2020 2021 2022 2023 2024 2025 2026 2027 2028 2029 2030 2031 2032 2033 2034 2035 :=
1 0.0693 0.0693 0.0693 0.0693 0.0693 0.0693 0.0693 0.0693 0.0693 0.0693 0.0693 0.0693 0.0693 0.0693 0.0693 0.0693 0.0693 0.0693 0.0693 0.0693 0.0693 0.0693 0.0693 0.0693 0.0693 0.0693 
[ECU,T5ELECON,N2O_DE,*,*]:
2010 2011 2012 2013 2014 2015 2016 2017 2018 2019 2020 2021 2022 2023 2024 2025 2026 2027 2028 2029 2030 2031 2032 2033 2034 2035 :=
1 0.0 0.0 0.0 0.0 0.0 0.0 0.0 0.0 0.0 0.0 0.0 0.0 0.0 0.0 0.0 0.0 0.0 0.0 0.0 0.0 0.0 0.0 0.0 0.0 0.0 0.0 
[ECU,EXTT_CRU,CO2_FUG,*,*]:
2010 2011 2012 2013 2014 2015 2016 2017 2018 2019 2020 2021 2022 2023 2024 2025 2026 2027 2028 2029 2030 2031 2032 2033 2034 2035 :=
1 0.0013890902175121669 0.0013890902175121669 0.0013890902175121669 0.0013890902175121669 0.0013890902175121669 0.0013890902175121669 0.0013890902175121669 0.0013890902175121669 0.0013890902175121669 0.0013890902175121669 0.0013890902175121669 0.0013890902175121669 0.0013890902175121669 0.0013890902175121669 0.0013890902175121669 0.0013890902175121669 0.0013890902175121669 0.0013890902175121669 0.0013890902175121669 0.0013890902175121669 0.0013890902175121669 0.0013890902175121669 0.0013890902175121669 0.0013890902175121669 0.0013890902175121669 0.0013890902175121669 
[ECU,T5ALLTRNJET,CO2e_DE,*,*]:
2010 2011 2012 2013 2014 2015 2016 2017 2018 2019 2020 2021 2022 2023 2024 2025 2026 2027 2028 2029 2030 2031 2032 2033 2034 2035 :=
1 0.0 0.0 0.0 0.0 0.0 0.0 0.0 0.0 0.0 0.0 0.0 0.0 0.0 0.0 0.0 0.0 0.0 0.0 0.0 0.0 0.0 0.0 0.0 0.0 0.0 0.0 
[ECU,T5DSLIND,N2O_DE,*,*]:
2010 2011 2012 2013 2014 2015 2016 2017 2018 2019 2020 2021 2022 2023 2024 2025 2026 2027 2028 2029 2030 2031 2032 2033 2034 2035 :=
1 6e-07 6e-07 6e-07 6e-07 6e-07 6e-07 6e-07 6e-07 6e-07 6e-07 6e-07 6e-07 6e-07 6e-07 6e-07 6e-07 6e-07 6e-07 6e-07 6e-07 6e-07 6e-07 6e-07 6e-07 6e-07 6e-07 
[ECU,PPBGS,CH4_PP,*,*]:
2010 2011 2012 2013 2014 2015 2016 2017 2018 2019 2020 2021 2022 2023 2024 2025 2026 2027 2028 2029 2030 2031 2032 2033 2034 2035 :=
1 1.693387655673312e-05 1.693387655673312e-05 1.693387655673312e-05 1.693387655673312e-05 1.693387655673312e-05 1.693387655673312e-05 1.693387655673312e-05 1.693387655673312e-05 1.693387655673312e-05 1.693387655673312e-05 1.693387655673312e-05 1.693387655673312e-05 1.693387655673312e-05 1.693387655673312e-05 1.693387655673312e-05 1.693387655673312e-05 1.693387655673312e-05 1.693387655673312e-05 1.693387655673312e-05 1.693387655673312e-05 1.693387655673312e-05 1.693387655673312e-05 1.693387655673312e-05 1.693387655673312e-05 1.693387655673312e-05 1.693387655673312e-05 
[ECU,T5OIDIND,N2O_DE,*,*]:
2010 2011 2012 2013 2014 2015 2016 2017 2018 2019 2020 2021 2022 2023 2024 2025 2026 2027 2028 2029 2030 2031 2032 2033 2034 2035 :=
1 4e-06 4e-06 4e-06 4e-06 4e-06 4e-06 4e-06 4e-06 4e-06 4e-06 4e-06 4e-06 4e-06 4e-06 4e-06 4e-06 4e-06 4e-06 4e-06 4e-06 4e-06 4e-06 4e-06 4e-06 4e-06 4e-06 
[ECU,PPFOI,N2O_PP,*,*]:
2010 2011 2012 2013 2014 2015 2016 2017 2018 2019 2020 2021 2022 2023 2024 2025 2026 2027 2028 2029 2030 2031 2032 2033 2034 2035 :=
1 0.0 0.0 0.0 0.0 0.0 0.0 0.0 0.0 0.0 0.0 0.0 0.0 0.0 0.0 0.0 0.0 0.0 0.0 0.0 0.0 0.0 0.0 0.0 0.0 0.0 0.0 
[ECU,T5COAIND,CH4_DE,*,*]:
2010 2011 2012 2013 2014 2015 2016 2017 2018 2019 2020 2021 2022 2023 2024 2025 2026 2027 2028 2029 2030 2031 2032 2033 2034 2035 :=
1 0.0003 0.0003 0.0003 0.0003 0.0003 0.0003 0.0003 0.0003 0.0003 0.0003 0.0003 0.0003 0.0003 0.0003 0.0003 0.0003 0.0003 0.0003 0.0003 0.0003 0.0003 0.0003 0.0003 0.0003 0.0003 0.0003 
[ECU,T5DSLCON,CO2e_DE,*,*]:
2010 2011 2012 2013 2014 2015 2016 2017 2018 2019 2020 2021 2022 2023 2024 2025 2026 2027 2028 2029 2030 2031 2032 2033 2034 2035 :=
1 0.074539 0.074539 0.074539 0.074539 0.074539 0.074539 0.074539 0.074539 0.074539 0.074539 0.074539 0.074539 0.074539 0.074539 0.074539 0.074539 0.074539 0.074539 0.074539 0.074539 0.074539 0.074539 0.074539 0.074539 0.074539 0.074539 
[ECU,PROCRU,CO2_REF,*,*]:
2010 2011 2012 2013 2014 2015 2016 2017 2018 2019 2020 2021 2022 2023 2024 2025 2026 2027 2028 2029 2030 2031 2032 2033 2034 2035 :=
1 0.0043 0.0045 0.0045 0.0049 0.0053 0.0053 0.0041 0.0039 0.0038 0.0038 0.0038 0.0038 0.0038 0.0038 0.0038 0.0038 0.0038 0.0038 0.0038 0.0038 0.0038 0.0038 0.0038 0.0038 0.0038 0.0038 
[ECU,T5BIMIND,N2O_DE,*,*]:
2010 2011 2012 2013 2014 2015 2016 2017 2018 2019 2020 2021 2022 2023 2024 2025 2026 2027 2028 2029 2030 2031 2032 2033 2034 2035 :=
1 4e-06 4e-06 4e-06 4e-06 4e-06 4e-06 4e-06 4e-06 4e-06 4e-06 4e-06 4e-06 4e-06 4e-06 4e-06 4e-06 4e-06 4e-06 4e-06 4e-06 4e-06 4e-06 4e-06 4e-06 4e-06 4e-06 
[ECU,T5INDCOK,N2O_DE,*,*]:
2010 2011 2012 2013 2014 2015 2016 2017 2018 2019 2020 2021 2022 2023 2024 2025 2026 2027 2028 2029 2030 2031 2032 2033 2034 2035 :=
1 6e-07 6e-07 6e-07 6e-07 6e-07 6e-07 6e-07 6e-07 6e-07 6e-07 6e-07 6e-07 6e-07 6e-07 6e-07 6e-07 6e-07 6e-07 6e-07 6e-07 6e-07 6e-07 6e-07 6e-07 6e-07 6e-07 
[ECU,T5ELERES,CO2e_DE,*,*]:
2010 2011 2012 2013 2014 2015 2016 2017 2018 2019 2020 2021 2022 2023 2024 2025 2026 2027 2028 2029 2030 2031 2032 2033 2034 2035 :=
1 0.0 0.0 0.0 0.0 0.0 0.0 0.0 0.0 0.0 0.0 0.0 0.0 0.0 0.0 0.0 0.0 0.0 0.0 0.0 0.0 0.0 0.0 0.0 0.0 0.0 0.0 
[ECU,PPBIM,CO2_PP,*,*]:
2010 2011 2012 2013 2014 2015 2016 2017 2018 2019 2020 2021 2022 2023 2024 2025 2026 2027 2028 2029 2030 2031 2032 2033 2034 2035 :=
1 0.0 0.0 0.0 0.0 0.0 0.0 0.0 0.0 0.0 0.0 0.0 0.0 0.0 0.0 0.0 0.0 0.0 0.0 0.0 0.0 0.0 0.0 0.0 0.0 0.0 0.0 
[ECU,T5FIRIND,CH4_DE,*,*]:
2010 2011 2012 2013 2014 2015 2016 2017 2018 2019 2020 2021 2022 2023 2024 2025 2026 2027 2028 2029 2030 2031 2032 2033 2034 2035 :=
1 3e-05 3e-05 3e-05 3e-05 3e-05 3e-05 3e-05 3e-05 3e-05 3e-05 3e-05 3e-05 3e-05 3e-05 3e-05 3e-05 3e-05 3e-05 3e-05 3e-05 3e-05 3e-05 3e-05 3e-05 3e-05 3e-05 
[ECU,T5ALLTRNGSL,CO2e_DE,*,*]:
2010 2011 2012 2013 2014 2015 2016 2017 2018 2019 2020 2021 2022 2023 2024 2025 2026 2027 2028 2029 2030 2031 2032 2033 2034 2035 :=
1 0.069739 0.069739 0.069739 0.069739 0.069739 0.069739 0.069739 0.069739 0.069739 0.069739 0.069739 0.069739 0.069739 0.069739 0.069739 0.069739 0.069739 0.069739 0.069739 0.069739 0.069739 0.069739 0.069739 0.069739 0.069739 0.069739 
[ECU,T5AGRGSL,CO2e_DE,*,*]:
2010 2011 2012 2013 2014 2015 2016 2017 2018 2019 2020 2021 2022 2023 2024 2025 2026 2027 2028 2029 2030 2031 2032 2033 2034 2035 :=
1 0.069739 0.069739 0.069739 0.069739 0.069739 0.069739 0.069739 0.069739 0.069739 0.069739 0.069739 0.069739 0.069739 0.069739 0.069739 0.069739 0.069739 0.069739 0.069739 0.069739 0.069739 0.069739 0.069739 0.069739 0.069739 0.069739 
[ECU,PPIBIM,N2O_PP,*,*]:
2010 2011 2012 2013 2014 2015 2016 2017 2018 2019 2020 2021 2022 2023 2024 2025 2026 2027 2028 2029 2030 2031 2032 2033 2034 2035 :=
1 3.3867753113466243e-06 3.3867753113466243e-06 3.3867753113466243e-06 3.3867753113466243e-06 3.3867753113466243e-06 3.3867753113466243e-06 3.3867753113466243e-06 3.3867753113466243e-06 3.3867753113466243e-06 3.3867753113466243e-06 3.3867753113466243e-06 3.3867753113466243e-06 3.3867753113466243e-06 3.3867753113466243e-06 3.3867753113466243e-06 3.3867753113466243e-06 3.3867753113466243e-06 3.3867753113466243e-06 3.3867753113466243e-06 3.3867753113466243e-06 3.3867753113466243e-06 3.3867753113466243e-06 3.3867753113466243e-06 3.3867753113466243e-06 3.3867753113466243e-06 3.3867753113466243e-06 
[ECU,T5BGSTRO,CO2e_DE,*,*]:
2010 2011 2012 2013 2014 2015 2016 2017 2018 2019 2020 2021 2022 2023 2024 2025 2026 2027 2028 2029 2030 2031 2032 2033 2034 2035 :=
1 0.000243 0.000243 0.000243 0.000243 0.000243 0.000243 0.000243 0.000243 0.000243 0.000243 0.000243 0.000243 0.000243 0.000243 0.000243 0.000243 0.000243 0.000243 0.000243 0.000243 0.000243 0.000243 0.000243 0.000243 0.000243 0.000243 
[ECU,T5TCAGSL,N2O_DE,*,*]:
2010 2011 2012 2013 2014 2015 2016 2017 2018 2019 2020 2021 2022 2023 2024 2025 2026 2027 2028 2029 2030 2031 2032 2033 2034 2035 :=
1 3.2000000000000003e-06 3.2000000000000003e-06 3.2000000000000003e-06 3.2000000000000003e-06 3.2000000000000003e-06 3.2000000000000003e-06 3.2000000000000003e-06 3.2000000000000003e-06 3.2000000000000003e-06 3.2000000000000003e-06 3.2000000000000003e-06 3.2000000000000003e-06 3.2000000000000003e-06 3.2000000000000003e-06 3.2000000000000003e-06 3.2000000000000003e-06 3.2000000000000003e-06 3.2000000000000003e-06 3.2000000000000003e-06 3.2000000000000003e-06 3.2000000000000003e-06 3.2000000000000003e-06 3.2000000000000003e-06 3.2000000000000003e-06 3.2000000000000003e-06 3.2000000000000003e-06 
[ECU,PPCRU,N2O_PP,*,*]:
2010 2011 2012 2013 2014 2015 2016 2017 2018 2019 2020 2021 2022 2023 2024 2025 2026 2027 2028 2029 2030 2031 2032 2033 2034 2035 :=
1 0.0 0.0 0.0 0.0 0.0 0.0 0.0 0.0 0.0 0.0 0.0 0.0 0.0 0.0 0.0 0.0 0.0 0.0 0.0 0.0 0.0 0.0 0.0 0.0 0.0 0.0 
[ECU,DIST_OPE,CO2e_sources,*,*]:
2010 2011 2012 2013 2014 2015 2016 2017 2018 2019 2020 2021 2022 2023 2024 2025 2026 2027 2028 2029 2030 2031 2032 2033 2034 2035 :=
1 0.0 0.0 0.0 0.0 0.0 0.0 0.0 0.0 0.0 0.0 0.0 0.0 0.0 0.0 0.0 0.0 0.0 0.0 0.0 0.0 0.0 0.0 0.0 0.0 0.0 0.0 
[ECU,T5ELETMA,CO2e_DE,*,*]:
2010 2011 2012 2013 2014 2015 2016 2017 2018 2019 2020 2021 2022 2023 2024 2025 2026 2027 2028 2029 2030 2031 2032 2033 2034 2035 :=
1 0.0 0.0 0.0 0.0 0.0 0.0 0.0 0.0 0.0 0.0 0.0 0.0 0.0 0.0 0.0 0.0 0.0 0.0 0.0 0.0 0.0 0.0 0.0 0.0 0.0 0.0 
[ECU,T5FOICOM,CO2e_DE,*,*]:
2010 2011 2012 2013 2014 2015 2016 2017 2018 2019 2020 2021 2022 2023 2024 2025 2026 2027 2028 2029 2030 2031 2032 2033 2034 2035 :=
1 0.077839 0.077839 0.077839 0.077839 0.077839 0.077839 0.077839 0.077839 0.077839 0.077839 0.077839 0.077839 0.077839 0.077839 0.077839 0.077839 0.077839 0.077839 0.077839 0.077839 0.077839 0.077839 0.077839 0.077839 0.077839 0.077839 
[ECU,T5FOIIND,CO2_DE,*,*]:
2010 2011 2012 2013 2014 2015 2016 2017 2018 2019 2020 2021 2022 2023 2024 2025 2026 2027 2028 2029 2030 2031 2032 2033 2034 2035 :=
1 0.0774 0.0774 0.0774 0.0774 0.0774 0.0774 0.0774 0.0774 0.0774 0.0774 0.0774 0.0774 0.0774 0.0774 0.0774 0.0774 0.0774 0.0774 0.0774 0.0774 0.0774 0.0774 0.0774 0.0774 0.0774 0.0774 
[ECU,T5RDFIND,CO2_DE,*,*]:
2010 2011 2012 2013 2014 2015 2016 2017 2018 2019 2020 2021 2022 2023 2024 2025 2026 2027 2028 2029 2030 2031 2032 2033 2034 2035 :=
1 0.0917 0.0917 0.0917 0.0917 0.0917 0.0917 0.0917 0.0917 0.0917 0.0917 0.0917 0.0917 0.0917 0.0917 0.0917 0.0917 0.0917 0.0917 0.0917 0.0917 0.0917 0.0917 0.0917 0.0917 0.0917 0.0917 
[ECU,T5DSLIND,CO2e_DE,*,*]:
2010 2011 2012 2013 2014 2015 2016 2017 2018 2019 2020 2021 2022 2023 2024 2025 2026 2027 2028 2029 2030 2031 2032 2033 2034 2035 :=
1 0.074539 0.074539 0.074539 0.074539 0.074539 0.074539 0.074539 0.074539 0.074539 0.074539 0.074539 0.074539 0.074539 0.074539 0.074539 0.074539 0.074539 0.074539 0.074539 0.074539 0.074539 0.074539 0.074539 0.074539 0.074539 0.074539 
[ECU,T5TCADSL,CH4_DE,*,*]:
2010 2011 2012 2013 2014 2015 2016 2017 2018 2019 2020 2021 2022 2023 2024 2025 2026 2027 2028 2029 2030 2031 2032 2033 2034 2035 :=
1 3.9e-06 3.9e-06 3.9e-06 3.9e-06 3.9e-06 3.9e-06 3.9e-06 3.9e-06 3.9e-06 3.9e-06 3.9e-06 3.9e-06 3.9e-06 3.9e-06 3.9e-06 3.9e-06 3.9e-06 3.9e-06 3.9e-06 3.9e-06 3.9e-06 3.9e-06 3.9e-06 3.9e-06 3.9e-06 3.9e-06 
[ECU,PPRDSL,CH4_PP,*,*]:
2010 2011 2012 2013 2014 2015 2016 2017 2018 2019 2020 2021 2022 2023 2024 2025 2026 2027 2028 2029 2030 2031 2032 2033 2034 2035 :=
1 0.0 0.0 0.0 0.0 0.0 0.0 0.0 0.0 0.0 0.0 0.0 0.0 0.0 0.0 0.0 0.0 0.0 0.0 0.0 0.0 0.0 0.0 0.0 0.0 0.0 0.0 
[ECU,T5LPGIND,CH4_DE,*,*]:
2010 2011 2012 2013 2014 2015 2016 2017 2018 2019 2020 2021 2022 2023 2024 2025 2026 2027 2028 2029 2030 2031 2032 2033 2034 2035 :=
1 1e-06 1e-06 1e-06 1e-06 1e-06 1e-06 1e-06 1e-06 1e-06 1e-06 1e-06 1e-06 1e-06 1e-06 1e-06 1e-06 1e-06 1e-06 1e-06 1e-06 1e-06 1e-06 1e-06 1e-06 1e-06 1e-06 
[ECU,T5TCADSL,CO2e_DE,*,*]:
2010 2011 2012 2013 2014 2015 2016 2017 2018 2019 2020 2021 2022 2023 2024 2025 2026 2027 2028 2029 2030 2031 2032 2033 2034 2035 :=
1 0.074539 0.074539 0.074539 0.074539 0.074539 0.074539 0.074539 0.074539 0.074539 0.074539 0.074539 0.074539 0.074539 0.074539 0.074539 0.074539 0.074539 0.074539 0.074539 0.074539 0.074539 0.074539 0.074539 0.074539 0.074539 0.074539 
[ECU,PPCRU,CO2_PP,*,*]:
2010 2011 2012 2013 2014 2015 2016 2017 2018 2019 2020 2021 2022 2023 2024 2025 2026 2027 2028 2029 2030 2031 2032 2033 2034 2035 :=
1 0.1637 0.1562 0.1562 0.256 0.256 0.2558 0.2558 0.2894 0.2894 0.2894 0.2894 0.2894 0.2894 0.2894 0.2894 0.2894 0.2894 0.2894 0.2894 0.2894 0.2894 0.2894 0.2894 0.2894 0.2894 0.2894 
[ECU,PPDSL,N2O_PP,*,*]:
2010 2011 2012 2013 2014 2015 2016 2017 2018 2019 2020 2021 2022 2023 2024 2025 2026 2027 2028 2029 2030 2031 2032 2033 2034 2035 :=
1 0.0 0.0 0.0 0.0 0.0 0.0 0.0 0.0 0.0 0.0 0.0 0.0 0.0 0.0 0.0 0.0 0.0 0.0 0.0 0.0 0.0 0.0 0.0 0.0 0.0 0.0 
[ECU,T5TAEGSL,CH4_DE,*,*]:
2010 2011 2012 2013 2014 2015 2016 2017 2018 2019 2020 2021 2022 2023 2024 2025 2026 2027 2028 2029 2030 2031 2032 2033 2034 2035 :=
1 5e-07 5e-07 5e-07 5e-07 5e-07 5e-07 5e-07 5e-07 5e-07 5e-07 5e-07 5e-07 5e-07 5e-07 5e-07 5e-07 5e-07 5e-07 5e-07 5e-07 5e-07 5e-07 5e-07 5e-07 5e-07 5e-07 
[ECU,T5ELEIND,CO2_DE,*,*]:
2010 2011 2012 2013 2014 2015 2016 2017 2018 2019 2020 2021 2022 2023 2024 2025 2026 2027 2028 2029 2030 2031 2032 2033 2034 2035 :=
1 0.0 0.0 0.0 0.0 0.0 0.0 0.0 0.0 0.0 0.0 0.0 0.0 0.0 0.0 0.0 0.0 0.0 0.0 0.0 0.0 0.0 0.0 0.0 0.0 0.0 0.0 
[ECU,DIST_BGS,CO2e_sources,*,*]:
2010 2011 2012 2013 2014 2015 2016 2017 2018 2019 2020 2021 2022 2023 2024 2025 2026 2027 2028 2029 2030 2031 2032 2033 2034 2035 :=
1 5.45e-05 5.45e-05 5.45e-05 5.45e-05 5.45e-05 5.45e-05 5.45e-05 5.45e-05 5.45e-05 5.45e-05 5.45e-05 5.45e-05 5.45e-05 5.45e-05 5.45e-05 5.45e-05 5.45e-05 5.45e-05 5.45e-05 5.45e-05 5.45e-05 5.45e-05 5.45e-05 5.45e-05 5.45e-05 5.45e-05 
[ECU,T5ELETRO,CO2_DE,*,*]:
2010 2011 2012 2013 2014 2015 2016 2017 2018 2019 2020 2021 2022 2023 2024 2025 2026 2027 2028 2029 2030 2031 2032 2033 2034 2035 :=
1 0.0 0.0 0.0 0.0 0.0 0.0 0.0 0.0 0.0 0.0 0.0 0.0 0.0 0.0 0.0 0.0 0.0 0.0 0.0 0.0 0.0 0.0 0.0 0.0 0.0 0.0 
[ECU,T5NGSTRO,CH4_DE,*,*]:
2010 2011 2012 2013 2014 2015 2016 2017 2018 2019 2020 2021 2022 2023 2024 2025 2026 2027 2028 2029 2030 2031 2032 2033 2034 2035 :=
1 1e-06 1e-06 1e-06 1e-06 1e-06 1e-06 1e-06 1e-06 1e-06 1e-06 1e-06 1e-06 1e-06 1e-06 1e-06 1e-06 1e-06 1e-06 1e-06 1e-06 1e-06 1e-06 1e-06 1e-06 1e-06 1e-06 
[ECU,EXTT_NGS,N2O_FUG,*,*]:
2010 2011 2012 2013 2014 2015 2016 2017 2018 2019 2020 2021 2022 2023 2024 2025 2026 2027 2028 2029 2030 2031 2032 2033 2034 2035 :=
1 5.941298770010777e-10 5.941298770010777e-10 5.941298770010777e-10 5.941298770010777e-10 5.941298770010777e-10 5.941298770010777e-10 5.941298770010777e-10 5.941298770010777e-10 5.941298770010777e-10 5.941298770010777e-10 5.941298770010777e-10 5.941298770010777e-10 5.941298770010777e-10 5.941298770010777e-10 5.941298770010777e-10 5.941298770010777e-10 5.941298770010777e-10 5.941298770010777e-10 5.941298770010777e-10 5.941298770010777e-10 5.941298770010777e-10 5.941298770010777e-10 5.941298770010777e-10 5.941298770010777e-10 5.941298770010777e-10 5.941298770010777e-10 
[ECU,T5FOIIND,CO2e_DE,*,*]:
2010 2011 2012 2013 2014 2015 2016 2017 2018 2019 2020 2021 2022 2023 2024 2025 2026 2027 2028 2029 2030 2031 2032 2033 2034 2035 :=
1 0.077839 0.077839 0.077839 0.077839 0.077839 0.077839 0.077839 0.077839 0.077839 0.077839 0.077839 0.077839 0.077839 0.077839 0.077839 0.077839 0.077839 0.077839 0.077839 0.077839 0.077839 0.077839 0.077839 0.077839 0.077839 0.077839 
[ECU,T5COAIND,N2O_DE,*,*]:
2010 2011 2012 2013 2014 2015 2016 2017 2018 2019 2020 2021 2022 2023 2024 2025 2026 2027 2028 2029 2030 2031 2032 2033 2034 2035 :=
1 0.00106 0.00106 0.00106 0.00106 0.00106 0.00106 0.00106 0.00106 0.00106 0.00106 0.00106 0.00106 0.00106 0.00106 0.00106 0.00106 0.00106 0.00106 0.00106 0.00106 0.00106 0.00106 0.00106 0.00106 0.00106 0.00106 
[ECU,T5TRNFOI,CO2e_DE,*,*]:
2010 2011 2012 2013 2014 2015 2016 2017 2018 2019 2020 2021 2022 2023 2024 2025 2026 2027 2028 2029 2030 2031 2032 2033 2034 2035 :=
1 0.077839 0.077839 0.077839 0.077839 0.077839 0.077839 0.077839 0.077839 0.077839 0.077839 0.077839 0.077839 0.077839 0.077839 0.077839 0.077839 0.077839 0.077839 0.077839 0.077839 0.077839 0.077839 0.077839 0.077839 0.077839 0.077839 
[ECU,T5KERRES,CO2e_DE,*,*]:
2010 2011 2012 2013 2014 2015 2016 2017 2018 2019 2020 2021 2022 2023 2024 2025 2026 2027 2028 2029 2030 2031 2032 2033 2034 2035 :=
1 0.071743 0.071743 0.071743 0.071743 0.071743 0.071743 0.071743 0.071743 0.071743 0.071743 0.071743 0.071743 0.071743 0.071743 0.071743 0.071743 0.071743 0.071743 0.071743 0.071743 0.071743 0.071743 0.071743 0.071743 0.071743 0.071743 
[ECU,PPDDSL,N2O_PP,*,*]:
2010 2011 2012 2013 2014 2015 2016 2017 2018 2019 2020 2021 2022 2023 2024 2025 2026 2027 2028 2029 2030 2031 2032 2033 2034 2035 :=
1 1.6685800196255885e-06 1.6685800196255885e-06 1.6685800196255885e-06 1.6685800196255885e-06 1.6685800196255885e-06 1.6685800196255885e-06 1.6685800196255885e-06 1.6685800196255885e-06 1.6685800196255885e-06 1.6685800196255885e-06 1.6685800196255885e-06 1.6685800196255885e-06 1.6685800196255885e-06 1.6685800196255885e-06 1.6685800196255885e-06 1.6685800196255885e-06 1.6685800196255885e-06 1.6685800196255885e-06 1.6685800196255885e-06 1.6685800196255885e-06 1.6685800196255885e-06 1.6685800196255885e-06 1.6685800196255885e-06 1.6685800196255885e-06 1.6685800196255885e-06 1.6685800196255885e-06 
[ECU,T5AGROTP,N2O_DE,*,*]:
2010 2011 2012 2013 2014 2015 2016 2017 2018 2019 2020 2021 2022 2023 2024 2025 2026 2027 2028 2029 2030 2031 2032 2033 2034 2035 :=
1 0.0 0.0 0.0 0.0 0.0 0.0 0.0 0.0 0.0 0.0 0.0 0.0 0.0 0.0 0.0 0.0 0.0 0.0 0.0 0.0 0.0 0.0 0.0 0.0 0.0 0.0 
[ECU,T5DSLCOM,CO2_DE,*,*]:
2010 2011 2012 2013 2014 2015 2016 2017 2018 2019 2020 2021 2022 2023 2024 2025 2026 2027 2028 2029 2030 2031 2032 2033 2034 2035 :=
1 0.0741 0.0741 0.0741 0.0741 0.0741 0.0741 0.0741 0.0741 0.0741 0.0741 0.0741 0.0741 0.0741 0.0741 0.0741 0.0741 0.0741 0.0741 0.0741 0.0741 0.0741 0.0741 0.0741 0.0741 0.0741 0.0741 
[ECU,T5BIMIND,CO2e_DE,*,*]:
2010 2011 2012 2013 2014 2015 2016 2017 2018 2019 2020 2021 2022 2023 2024 2025 2026 2027 2028 2029 2030 2031 2032 2033 2034 2035 :=
1 0.0019 0.0019 0.0019 0.0019 0.0019 0.0019 0.0019 0.0019 0.0019 0.0019 0.0019 0.0019 0.0019 0.0019 0.0019 0.0019 0.0019 0.0019 0.0019 0.0019 0.0019 0.0019 0.0019 0.0019 0.0019 0.0019 
[ECU,T5BGSTRO,N2O_DE,*,*]:
2010 2011 2012 2013 2014 2015 2016 2017 2018 2019 2020 2021 2022 2023 2024 2025 2026 2027 2028 2029 2030 2031 2032 2033 2034 2035 :=
1 0.000159 0.000159 0.000159 0.000159 0.000159 0.000159 0.000159 0.000159 0.000159 0.000159 0.000159 0.000159 0.000159 0.000159 0.000159 0.000159 0.000159 0.000159 0.000159 0.000159 0.000159 0.000159 0.000159 0.000159 0.000159 0.000159 
[ECU,T5LPGCOM,N2O_DE,*,*]:
2010 2011 2012 2013 2014 2015 2016 2017 2018 2019 2020 2021 2022 2023 2024 2025 2026 2027 2028 2029 2030 2031 2032 2033 2034 2035 :=
1 1.0000000000000001e-07 1.0000000000000001e-07 1.0000000000000001e-07 1.0000000000000001e-07 1.0000000000000001e-07 1.0000000000000001e-07 1.0000000000000001e-07 1.0000000000000001e-07 1.0000000000000001e-07 1.0000000000000001e-07 1.0000000000000001e-07 1.0000000000000001e-07 1.0000000000000001e-07 1.0000000000000001e-07 1.0000000000000001e-07 1.0000000000000001e-07 1.0000000000000001e-07 1.0000000000000001e-07 1.0000000000000001e-07 1.0000000000000001e-07 1.0000000000000001e-07 1.0000000000000001e-07 1.0000000000000001e-07 1.0000000000000001e-07 1.0000000000000001e-07 1.0000000000000001e-07 
[ECU,PPDFOI,N2O_PP,*,*]:
2010 2011 2012 2013 2014 2015 2016 2017 2018 2019 2020 2021 2022 2023 2024 2025 2026 2027 2028 2029 2030 2031 2032 2033 2034 2035 :=
1 1.64017773912184e-06 1.64017773912184e-06 1.64017773912184e-06 1.64017773912184e-06 1.64017773912184e-06 1.64017773912184e-06 1.64017773912184e-06 1.64017773912184e-06 1.64017773912184e-06 1.64017773912184e-06 1.64017773912184e-06 1.64017773912184e-06 1.64017773912184e-06 1.64017773912184e-06 1.64017773912184e-06 1.64017773912184e-06 1.64017773912184e-06 1.64017773912184e-06 1.64017773912184e-06 1.64017773912184e-06 1.64017773912184e-06 1.64017773912184e-06 1.64017773912184e-06 1.64017773912184e-06 1.64017773912184e-06 1.64017773912184e-06 
[ECU,T5ALLTRNGSL,N2O_DE,*,*]:
2010 2011 2012 2013 2014 2015 2016 2017 2018 2019 2020 2021 2022 2023 2024 2025 2026 2027 2028 2029 2030 2031 2032 2033 2034 2035 :=
1 6e-07 6e-07 6e-07 6e-07 6e-07 6e-07 6e-07 6e-07 6e-07 6e-07 6e-07 6e-07 6e-07 6e-07 6e-07 6e-07 6e-07 6e-07 6e-07 6e-07 6e-07 6e-07 6e-07 6e-07 6e-07 6e-07 
[ECU,T5KERRES,CH4_DE,*,*]:
2010 2011 2012 2013 2014 2015 2016 2017 2018 2019 2020 2021 2022 2023 2024 2025 2026 2027 2028 2029 2030 2031 2032 2033 2034 2035 :=
1 3e-06 3e-06 3e-06 3e-06 3e-06 3e-06 3e-06 3e-06 3e-06 3e-06 3e-06 3e-06 3e-06 3e-06 3e-06 3e-06 3e-06 3e-06 3e-06 3e-06 3e-06 3e-06 3e-06 3e-06 3e-06 3e-06 
[ECU,T5NGSTRO,CO2_DE,*,*]:
2010 2011 2012 2013 2014 2015 2016 2017 2018 2019 2020 2021 2022 2023 2024 2025 2026 2027 2028 2029 2030 2031 2032 2033 2034 2035 :=
1 0.0561 0.0561 0.0561 0.0561 0.0561 0.0561 0.0561 0.0561 0.0561 0.0561 0.0561 0.0561 0.0561 0.0561 0.0561 0.0561 0.0561 0.0561 0.0561 0.0561 0.0561 0.0561 0.0561 0.0561 0.0561 0.0561 
[ECU,T5LPGIND,N2O_DE,*,*]:
2010 2011 2012 2013 2014 2015 2016 2017 2018 2019 2020 2021 2022 2023 2024 2025 2026 2027 2028 2029 2030 2031 2032 2033 2034 2035 :=
1 1.0000000000000001e-07 1.0000000000000001e-07 1.0000000000000001e-07 1.0000000000000001e-07 1.0000000000000001e-07 1.0000000000000001e-07 1.0000000000000001e-07 1.0000000000000001e-07 1.0000000000000001e-07 1.0000000000000001e-07 1.0000000000000001e-07 1.0000000000000001e-07 1.0000000000000001e-07 1.0000000000000001e-07 1.0000000000000001e-07 1.0000000000000001e-07 1.0000000000000001e-07 1.0000000000000001e-07 1.0000000000000001e-07 1.0000000000000001e-07 1.0000000000000001e-07 1.0000000000000001e-07 1.0000000000000001e-07 1.0000000000000001e-07 1.0000000000000001e-07 1.0000000000000001e-07 
[ECU,T5AGRGSL,N2O_DE,*,*]:
2010 2011 2012 2013 2014 2015 2016 2017 2018 2019 2020 2021 2022 2023 2024 2025 2026 2027 2028 2029 2030 2031 2032 2033 2034 2035 :=
1 6e-07 6e-07 6e-07 6e-07 6e-07 6e-07 6e-07 6e-07 6e-07 6e-07 6e-07 6e-07 6e-07 6e-07 6e-07 6e-07 6e-07 6e-07 6e-07 6e-07 6e-07 6e-07 6e-07 6e-07 6e-07 6e-07 
[ECU,PPBIM,CH4_PP,*,*]:
2010 2011 2012 2013 2014 2015 2016 2017 2018 2019 2020 2021 2022 2023 2024 2025 2026 2027 2028 2029 2030 2031 2032 2033 2034 2035 :=
1 1.693387655673312e-05 1.693387655673312e-05 1.693387655673312e-05 1.693387655673312e-05 1.693387655673312e-05 1.693387655673312e-05 1.693387655673312e-05 1.693387655673312e-05 1.693387655673312e-05 1.693387655673312e-05 1.693387655673312e-05 1.693387655673312e-05 1.693387655673312e-05 1.693387655673312e-05 1.693387655673312e-05 1.693387655673312e-05 1.693387655673312e-05 1.693387655673312e-05 1.693387655673312e-05 1.693387655673312e-05 1.693387655673312e-05 1.693387655673312e-05 1.693387655673312e-05 1.693387655673312e-05 1.693387655673312e-05 1.693387655673312e-05 
[ECU,T5AGRLPG,CO2_DE,*,*]:
2010 2011 2012 2013 2014 2015 2016 2017 2018 2019 2020 2021 2022 2023 2024 2025 2026 2027 2028 2029 2030 2031 2032 2033 2034 2035 :=
1 0.0631 0.0631 0.0631 0.0631 0.0631 0.0631 0.0631 0.0631 0.0631 0.0631 0.0631 0.0631 0.0631 0.0631 0.0631 0.0631 0.0631 0.0631 0.0631 0.0631 0.0631 0.0631 0.0631 0.0631 0.0631 0.0631 
[ECU,T5OPERES,CO2_DE,*,*]:
2010 2011 2012 2013 2014 2015 2016 2017 2018 2019 2020 2021 2022 2023 2024 2025 2026 2027 2028 2029 2030 2031 2032 2033 2034 2035 :=
1 0.0975 0.0975 0.0975 0.0975 0.0975 0.0975 0.0975 0.0975 0.0975 0.0975 0.0975 0.0975 0.0975 0.0975 0.0975 0.0975 0.0975 0.0975 0.0975 0.0975 0.0975 0.0975 0.0975 0.0975 0.0975 0.0975 
[ECU,T5GSLIND,CO2_DE,*,*]:
2010 2011 2012 2013 2014 2015 2016 2017 2018 2019 2020 2021 2022 2023 2024 2025 2026 2027 2028 2029 2030 2031 2032 2033 2034 2035 :=
1 0.0693 0.0693 0.0693 0.0693 0.0693 0.0693 0.0693 0.0693 0.0693 0.0693 0.0693 0.0693 0.0693 0.0693 0.0693 0.0693 0.0693 0.0693 0.0693 0.0693 0.0693 0.0693 0.0693 0.0693 0.0693 0.0693 
[ECU,T5LPGCOM,CO2e_DE,*,*]:
2010 2011 2012 2013 2014 2015 2016 2017 2018 2019 2020 2021 2022 2023 2024 2025 2026 2027 2028 2029 2030 2031 2032 2033 2034 2035 :=
1 0.0632665 0.0632665 0.0632665 0.0632665 0.0632665 0.0632665 0.0632665 0.0632665 0.0632665 0.0632665 0.0632665 0.0632665 0.0632665 0.0632665 0.0632665 0.0632665 0.0632665 0.0632665 0.0632665 0.0632665 0.0632665 0.0632665 0.0632665 0.0632665 0.0632665 0.0632665 
[ECU,T5TRNFOI,N2O_DE,*,*]:
2010 2011 2012 2013 2014 2015 2016 2017 2018 2019 2020 2021 2022 2023 2024 2025 2026 2027 2028 2029 2030 2031 2032 2033 2034 2035 :=
1 6e-07 6e-07 6e-07 6e-07 6e-07 6e-07 6e-07 6e-07 6e-07 6e-07 6e-07 6e-07 6e-07 6e-07 6e-07 6e-07 6e-07 6e-07 6e-07 6e-07 6e-07 6e-07 6e-07 6e-07 6e-07 6e-07 
[ECU,T5ELECOM,CO2e_DE,*,*]:
2010 2011 2012 2013 2014 2015 2016 2017 2018 2019 2020 2021 2022 2023 2024 2025 2026 2027 2028 2029 2030 2031 2032 2033 2034 2035 :=
1 0.0 0.0 0.0 0.0 0.0 0.0 0.0 0.0 0.0 0.0 0.0 0.0 0.0 0.0 0.0 0.0 0.0 0.0 0.0 0.0 0.0 0.0 0.0 0.0 0.0 0.0 
[ECU,DIST_COA,CO2e_sources,*,*]:
2010 2011 2012 2013 2014 2015 2016 2017 2018 2019 2020 2021 2022 2023 2024 2025 2026 2027 2028 2029 2030 2031 2032 2033 2034 2035 :=
1 0.09596 0.09596 0.09596 0.09596 0.09596 0.09596 0.09596 0.09596 0.09596 0.09596 0.09596 0.09596 0.09596 0.09596 0.09596 0.09596 0.09596 0.09596 0.09596 0.09596 0.09596 0.09596 0.09596 0.09596 0.09596 0.09596 
[ECU,PPRNGS,CO2_PP,*,*]:
2010 2011 2012 2013 2014 2015 2016 2017 2018 2019 2020 2021 2022 2023 2024 2025 2026 2027 2028 2029 2030 2031 2032 2033 2034 2035 :=
1 0.2009 0.2451 0.2451 0.228 0.228 0.2337 0.2337 0.2813 0.2813 0.2813 0.2813 0.2813 0.2813 0.2813 0.2813 0.2813 0.2813 0.2813 0.2813 0.2813 0.2813 0.2813 0.2813 0.2813 0.2813 0.2813 
[ECU,T5CHARES,CH4_DE,*,*]:
2010 2011 2012 2013 2014 2015 2016 2017 2018 2019 2020 2021 2022 2023 2024 2025 2026 2027 2028 2029 2030 2031 2032 2033 2034 2035 :=
1 0.0002 0.0002 0.0002 0.0002 0.0002 0.0002 0.0002 0.0002 0.0002 0.0002 0.0002 0.0002 0.0002 0.0002 0.0002 0.0002 0.0002 0.0002 0.0002 0.0002 0.0002 0.0002 0.0002 0.0002 0.0002 0.0002 
[ECU,T5VEGWAS,N2O_DE,*,*]:
2010 2011 2012 2013 2014 2015 2016 2017 2018 2019 2020 2021 2022 2023 2024 2025 2026 2027 2028 2029 2030 2031 2032 2033 2034 2035 :=
1 4e-06 4e-06 4e-06 4e-06 4e-06 4e-06 4e-06 4e-06 4e-06 4e-06 4e-06 4e-06 4e-06 4e-06 4e-06 4e-06 4e-06 4e-06 4e-06 4e-06 4e-06 4e-06 4e-06 4e-06 4e-06 4e-06 
[ECU,T5NGSTMA,N2O_DE,*,*]:
2010 2011 2012 2013 2014 2015 2016 2017 2018 2019 2020 2021 2022 2023 2024 2025 2026 2027 2028 2029 2030 2031 2032 2033 2034 2035 :=
1 1.0000000000000001e-07 1.0000000000000001e-07 1.0000000000000001e-07 1.0000000000000001e-07 1.0000000000000001e-07 1.0000000000000001e-07 1.0000000000000001e-07 1.0000000000000001e-07 1.0000000000000001e-07 1.0000000000000001e-07 1.0000000000000001e-07 1.0000000000000001e-07 1.0000000000000001e-07 1.0000000000000001e-07 1.0000000000000001e-07 1.0000000000000001e-07 1.0000000000000001e-07 1.0000000000000001e-07 1.0000000000000001e-07 1.0000000000000001e-07 1.0000000000000001e-07 1.0000000000000001e-07 1.0000000000000001e-07 1.0000000000000001e-07 1.0000000000000001e-07 1.0000000000000001e-07 
[ECU,PPDDSL,CH4_PP,*,*]:
2010 2011 2012 2013 2014 2015 2016 2017 2018 2019 2020 2021 2022 2023 2024 2025 2026 2027 2028 2029 2030 2031 2032 2033 2034 2035 :=
1 8.342900098127943e-06 8.342900098127943e-06 8.342900098127943e-06 8.342900098127943e-06 8.342900098127943e-06 8.342900098127943e-06 8.342900098127943e-06 8.342900098127943e-06 8.342900098127943e-06 8.342900098127943e-06 8.342900098127943e-06 8.342900098127943e-06 8.342900098127943e-06 8.342900098127943e-06 8.342900098127943e-06 8.342900098127943e-06 8.342900098127943e-06 8.342900098127943e-06 8.342900098127943e-06 8.342900098127943e-06 8.342900098127943e-06 8.342900098127943e-06 8.342900098127943e-06 8.342900098127943e-06 8.342900098127943e-06 8.342900098127943e-06 
[ECU,EXTT_NGS,CO2_FUG,*,*]:
2010 2011 2012 2013 2014 2015 2016 2017 2018 2019 2020 2021 2022 2023 2024 2025 2026 2027 2028 2029 2030 2031 2032 2033 2034 2035 :=
1 3.946372723542905e-05 3.946372723542905e-05 3.946372723542905e-05 3.946372723542905e-05 3.946372723542905e-05 3.946372723542905e-05 3.946372723542905e-05 3.946372723542905e-05 3.946372723542905e-05 3.946372723542905e-05 3.946372723542905e-05 3.946372723542905e-05 3.946372723542905e-05 3.946372723542905e-05 3.946372723542905e-05 3.946372723542905e-05 3.946372723542905e-05 3.946372723542905e-05 3.946372723542905e-05 3.946372723542905e-05 3.946372723542905e-05 3.946372723542905e-05 3.946372723542905e-05 3.946372723542905e-05 3.946372723542905e-05 3.946372723542905e-05 
[ECU,T5DSLTMA,CO2e_DE,*,*]:
2010 2011 2012 2013 2014 2015 2016 2017 2018 2019 2020 2021 2022 2023 2024 2025 2026 2027 2028 2029 2030 2031 2032 2033 2034 2035 :=
1 0.074539 0.074539 0.074539 0.074539 0.074539 0.074539 0.074539 0.074539 0.074539 0.074539 0.074539 0.074539 0.074539 0.074539 0.074539 0.074539 0.074539 0.074539 0.074539 0.074539 0.074539 0.074539 0.074539 0.074539 0.074539 0.074539 
[ECU,T5TCAGSL,CO2_DE,*,*]:
2010 2011 2012 2013 2014 2015 2016 2017 2018 2019 2020 2021 2022 2023 2024 2025 2026 2027 2028 2029 2030 2031 2032 2033 2034 2035 :=
1 0.0693 0.0693 0.0693 0.0693 0.0693 0.0693 0.0693 0.0693 0.0693 0.0693 0.0693 0.0693 0.0693 0.0693 0.0693 0.0693 0.0693 0.0693 0.0693 0.0693 0.0693 0.0693 0.0693 0.0693 0.0693 0.0693 
[ECU,T5RDFIND,N2O_DE,*,*]:
2010 2011 2012 2013 2014 2015 2016 2017 2018 2019 2020 2021 2022 2023 2024 2025 2026 2027 2028 2029 2030 2031 2032 2033 2034 2035 :=
1 4e-06 4e-06 4e-06 4e-06 4e-06 4e-06 4e-06 4e-06 4e-06 4e-06 4e-06 4e-06 4e-06 4e-06 4e-06 4e-06 4e-06 4e-06 4e-06 4e-06 4e-06 4e-06 4e-06 4e-06 4e-06 4e-06 
[ECU,T5ALLTRNLPG,CH4_DE,*,*]:
2010 2011 2012 2013 2014 2015 2016 2017 2018 2019 2020 2021 2022 2023 2024 2025 2026 2027 2028 2029 2030 2031 2032 2033 2034 2035 :=
1 1e-06 1e-06 1e-06 1e-06 1e-06 1e-06 1e-06 1e-06 1e-06 1e-06 1e-06 1e-06 1e-06 1e-06 1e-06 1e-06 1e-06 1e-06 1e-06 1e-06 1e-06 1e-06 1e-06 1e-06 1e-06 1e-06 
[ECU,T5OPECON,CO2e_DE,*,*]:
2010 2011 2012 2013 2014 2015 2016 2017 2018 2019 2020 2021 2022 2023 2024 2025 2026 2027 2028 2029 2030 2031 2032 2033 2034 2035 :=
1 0.0 0.0 0.0 0.0 0.0 0.0 0.0 0.0 0.0 0.0 0.0 0.0 0.0 0.0 0.0 0.0 0.0 0.0 0.0 0.0 0.0 0.0 0.0 0.0 0.0 0.0 
[ECU,T5OIDIND,CO2_DE,*,*]:
2010 2011 2012 2013 2014 2015 2016 2017 2018 2019 2020 2021 2022 2023 2024 2025 2026 2027 2028 2029 2030 2031 2032 2033 2034 2035 :=
1 0.0733 0.0733 0.0733 0.0733 0.0733 0.0733 0.0733 0.0733 0.0733 0.0733 0.0733 0.0733 0.0733 0.0733 0.0733 0.0733 0.0733 0.0733 0.0733 0.0733 0.0733 0.0733 0.0733 0.0733 0.0733 0.0733 
[ECU,PPIBIM,CO2_PP,*,*]:
2010 2011 2012 2013 2014 2015 2016 2017 2018 2019 2020 2021 2022 2023 2024 2025 2026 2027 2028 2029 2030 2031 2032 2033 2034 2035 :=
1 0.0 0.0 0.0 0.0 0.0 0.0 0.0 0.0 0.0 0.0 0.0 0.0 0.0 0.0 0.0 0.0 0.0 0.0 0.0 0.0 0.0 0.0 0.0 0.0 0.0 0.0 
[ECU,T5FOITRO,CO2e_DE,*,*]:
2010 2011 2012 2013 2014 2015 2016 2017 2018 2019 2020 2021 2022 2023 2024 2025 2026 2027 2028 2029 2030 2031 2032 2033 2034 2035 :=
1 0.077839 0.077839 0.077839 0.077839 0.077839 0.077839 0.077839 0.077839 0.077839 0.077839 0.077839 0.077839 0.077839 0.077839 0.077839 0.077839 0.077839 0.077839 0.077839 0.077839 0.077839 0.077839 0.077839 0.077839 0.077839 0.077839 
[ECU,T5LPGRES,N2O_DE,*,*]:
2010 2011 2012 2013 2014 2015 2016 2017 2018 2019 2020 2021 2022 2023 2024 2025 2026 2027 2028 2029 2030 2031 2032 2033 2034 2035 :=
1 1.0000000000000001e-07 1.0000000000000001e-07 1.0000000000000001e-07 1.0000000000000001e-07 1.0000000000000001e-07 1.0000000000000001e-07 1.0000000000000001e-07 1.0000000000000001e-07 1.0000000000000001e-07 1.0000000000000001e-07 1.0000000000000001e-07 1.0000000000000001e-07 1.0000000000000001e-07 1.0000000000000001e-07 1.0000000000000001e-07 1.0000000000000001e-07 1.0000000000000001e-07 1.0000000000000001e-07 1.0000000000000001e-07 1.0000000000000001e-07 1.0000000000000001e-07 1.0000000000000001e-07 1.0000000000000001e-07 1.0000000000000001e-07 1.0000000000000001e-07 1.0000000000000001e-07 
[ECU,T5LPGTRO,CO2e_DE,*,*]:
2010 2011 2012 2013 2014 2015 2016 2017 2018 2019 2020 2021 2022 2023 2024 2025 2026 2027 2028 2029 2030 2031 2032 2033 2034 2035 :=
1 0.0632665 0.0632665 0.0632665 0.0632665 0.0632665 0.0632665 0.0632665 0.0632665 0.0632665 0.0632665 0.0632665 0.0632665 0.0632665 0.0632665 0.0632665 0.0632665 0.0632665 0.0632665 0.0632665 0.0632665 0.0632665 0.0632665 0.0632665 0.0632665 0.0632665 0.0632665 
[ECU,T5LPGRES,CH4_DE,*,*]:
2010 2011 2012 2013 2014 2015 2016 2017 2018 2019 2020 2021 2022 2023 2024 2025 2026 2027 2028 2029 2030 2031 2032 2033 2034 2035 :=
1 1e-06 1e-06 1e-06 1e-06 1e-06 1e-06 1e-06 1e-06 1e-06 1e-06 1e-06 1e-06 1e-06 1e-06 1e-06 1e-06 1e-06 1e-06 1e-06 1e-06 1e-06 1e-06 1e-06 1e-06 1e-06 1e-06 
[ECU,T5DSLTRO,CO2_DE,*,*]:
2010 2011 2012 2013 2014 2015 2016 2017 2018 2019 2020 2021 2022 2023 2024 2025 2026 2027 2028 2029 2030 2031 2032 2033 2034 2035 :=
1 0.0741 0.0741 0.0741 0.0741 0.0741 0.0741 0.0741 0.0741 0.0741 0.0741 0.0741 0.0741 0.0741 0.0741 0.0741 0.0741 0.0741 0.0741 0.0741 0.0741 0.0741 0.0741 0.0741 0.0741 0.0741 0.0741 
[ECU,T5LPGCOM,CH4_DE,*,*]:
2010 2011 2012 2013 2014 2015 2016 2017 2018 2019 2020 2021 2022 2023 2024 2025 2026 2027 2028 2029 2030 2031 2032 2033 2034 2035 :=
1 1e-06 1e-06 1e-06 1e-06 1e-06 1e-06 1e-06 1e-06 1e-06 1e-06 1e-06 1e-06 1e-06 1e-06 1e-06 1e-06 1e-06 1e-06 1e-06 1e-06 1e-06 1e-06 1e-06 1e-06 1e-06 1e-06 
[ECU,T5ELETRO,CO2e_DE,*,*]:
2010 2011 2012 2013 2014 2015 2016 2017 2018 2019 2020 2021 2022 2023 2024 2025 2026 2027 2028 2029 2030 2031 2032 2033 2034 2035 :=
1 0.0 0.0 0.0 0.0 0.0 0.0 0.0 0.0 0.0 0.0 0.0 0.0 0.0 0.0 0.0 0.0 0.0 0.0 0.0 0.0 0.0 0.0 0.0 0.0 0.0 0.0 
[ECU,T5ELEPUB,CH4_DE,*,*]:
2010 2011 2012 2013 2014 2015 2016 2017 2018 2019 2020 2021 2022 2023 2024 2025 2026 2027 2028 2029 2030 2031 2032 2033 2034 2035 :=
1 0.0 0.0 0.0 0.0 0.0 0.0 0.0 0.0 0.0 0.0 0.0 0.0 0.0 0.0 0.0 0.0 0.0 0.0 0.0 0.0 0.0 0.0 0.0 0.0 0.0 0.0 
[ECU,T5FOITRO,CH4_DE,*,*]:
2010 2011 2012 2013 2014 2015 2016 2017 2018 2019 2020 2021 2022 2023 2024 2025 2026 2027 2028 2029 2030 2031 2032 2033 2034 2035 :=
1 3e-06 3e-06 3e-06 3e-06 3e-06 3e-06 3e-06 3e-06 3e-06 3e-06 3e-06 3e-06 3e-06 3e-06 3e-06 3e-06 3e-06 3e-06 3e-06 3e-06 3e-06 3e-06 3e-06 3e-06 3e-06 3e-06 
[ECU,T5NGSTMA,CO2e_DE,*,*]:
2010 2011 2012 2013 2014 2015 2016 2017 2018 2019 2020 2021 2022 2023 2024 2025 2026 2027 2028 2029 2030 2031 2032 2033 2034 2035 :=
1 0.0561545 0.0561545 0.0561545 0.0561545 0.0561545 0.0561545 0.0561545 0.0561545 0.0561545 0.0561545 0.0561545 0.0561545 0.0561545 0.0561545 0.0561545 0.0561545 0.0561545 0.0561545 0.0561545 0.0561545 0.0561545 0.0561545 0.0561545 0.0561545 0.0561545 0.0561545 
[ECU,T5ELECOM,CH4_DE,*,*]:
2010 2011 2012 2013 2014 2015 2016 2017 2018 2019 2020 2021 2022 2023 2024 2025 2026 2027 2028 2029 2030 2031 2032 2033 2034 2035 :=
1 0.0 0.0 0.0 0.0 0.0 0.0 0.0 0.0 0.0 0.0 0.0 0.0 0.0 0.0 0.0 0.0 0.0 0.0 0.0 0.0 0.0 0.0 0.0 0.0 0.0 0.0 
[ECU,T5OIDIND,CH4_DE,*,*]:
2010 2011 2012 2013 2014 2015 2016 2017 2018 2019 2020 2021 2022 2023 2024 2025 2026 2027 2028 2029 2030 2031 2032 2033 2034 2035 :=
1 3e-05 3e-05 3e-05 3e-05 3e-05 3e-05 3e-05 3e-05 3e-05 3e-05 3e-05 3e-05 3e-05 3e-05 3e-05 3e-05 3e-05 3e-05 3e-05 3e-05 3e-05 3e-05 3e-05 3e-05 3e-05 3e-05 
[ECU,T5ELETMA,CH4_DE,*,*]:
2010 2011 2012 2013 2014 2015 2016 2017 2018 2019 2020 2021 2022 2023 2024 2025 2026 2027 2028 2029 2030 2031 2032 2033 2034 2035 :=
1 0.0 0.0 0.0 0.0 0.0 0.0 0.0 0.0 0.0 0.0 0.0 0.0 0.0 0.0 0.0 0.0 0.0 0.0 0.0 0.0 0.0 0.0 0.0 0.0 0.0 0.0 
[ECU,T5ALLTRNDSL,N2O_DE,*,*]:
2010 2011 2012 2013 2014 2015 2016 2017 2018 2019 2020 2021 2022 2023 2024 2025 2026 2027 2028 2029 2030 2031 2032 2033 2034 2035 :=
1 6e-07 6e-07 6e-07 6e-07 6e-07 6e-07 6e-07 6e-07 6e-07 6e-07 6e-07 6e-07 6e-07 6e-07 6e-07 6e-07 6e-07 6e-07 6e-07 6e-07 6e-07 6e-07 6e-07 6e-07 6e-07 6e-07 
[ECU,T5FOIIND,CH4_DE,*,*]:
2010 2011 2012 2013 2014 2015 2016 2017 2018 2019 2020 2021 2022 2023 2024 2025 2026 2027 2028 2029 2030 2031 2032 2033 2034 2035 :=
1 3e-06 3e-06 3e-06 3e-06 3e-06 3e-06 3e-06 3e-06 3e-06 3e-06 3e-06 3e-06 3e-06 3e-06 3e-06 3e-06 3e-06 3e-06 3e-06 3e-06 3e-06 3e-06 3e-06 3e-06 3e-06 3e-06 
[ECU,T5NGSRES,CO2e_DE,*,*]:
2010 2011 2012 2013 2014 2015 2016 2017 2018 2019 2020 2021 2022 2023 2024 2025 2026 2027 2028 2029 2030 2031 2032 2033 2034 2035 :=
1 0.0561545 0.0561545 0.0561545 0.0561545 0.0561545 0.0561545 0.0561545 0.0561545 0.0561545 0.0561545 0.0561545 0.0561545 0.0561545 0.0561545 0.0561545 0.0561545 0.0561545 0.0561545 0.0561545 0.0561545 0.0561545 0.0561545 0.0561545 0.0561545 0.0561545 0.0561545 
[ECU,T5LPGTMA,CH4_DE,*,*]:
2010 2011 2012 2013 2014 2015 2016 2017 2018 2019 2020 2021 2022 2023 2024 2025 2026 2027 2028 2029 2030 2031 2032 2033 2034 2035 :=
1 1e-06 1e-06 1e-06 1e-06 1e-06 1e-06 1e-06 1e-06 1e-06 1e-06 1e-06 1e-06 1e-06 1e-06 1e-06 1e-06 1e-06 1e-06 1e-06 1e-06 1e-06 1e-06 1e-06 1e-06 1e-06 1e-06 
[ECU,DIST_CHA,CO2e_sources,*,*]:
2010 2011 2012 2013 2014 2015 2016 2017 2018 2019 2020 2021 2022 2023 2024 2025 2026 2027 2028 2029 2030 2031 2032 2033 2034 2035 :=
1 0.005865 0.005865 0.005865 0.005865 0.005865 0.005865 0.005865 0.005865 0.005865 0.005865 0.005865 0.005865 0.005865 0.005865 0.005865 0.005865 0.005865 0.005865 0.005865 0.005865 0.005865 0.005865 0.005865 0.005865 0.005865 0.005865 
[ECU,T5DSLCON,N2O_DE,*,*]:
2010 2011 2012 2013 2014 2015 2016 2017 2018 2019 2020 2021 2022 2023 2024 2025 2026 2027 2028 2029 2030 2031 2032 2033 2034 2035 :=
1 6e-07 6e-07 6e-07 6e-07 6e-07 6e-07 6e-07 6e-07 6e-07 6e-07 6e-07 6e-07 6e-07 6e-07 6e-07 6e-07 6e-07 6e-07 6e-07 6e-07 6e-07 6e-07 6e-07 6e-07 6e-07 6e-07 
[ECU,PPNGS,CH4_PP,*,*]:
2010 2011 2012 2013 2014 2015 2016 2017 2018 2019 2020 2021 2022 2023 2024 2025 2026 2027 2028 2029 2030 2031 2032 2033 2034 2035 :=
1 0.0 0.0 0.0 0.0 0.0 0.0 0.0 0.0 0.0 0.0 0.0 0.0 0.0 0.0 0.0 0.0 0.0 0.0 0.0 0.0 0.0 0.0 0.0 0.0 0.0 0.0 
[ECU,T5NGSTRO,N2O_DE,*,*]:
2010 2011 2012 2013 2014 2015 2016 2017 2018 2019 2020 2021 2022 2023 2024 2025 2026 2027 2028 2029 2030 2031 2032 2033 2034 2035 :=
1 1.0000000000000001e-07 1.0000000000000001e-07 1.0000000000000001e-07 1.0000000000000001e-07 1.0000000000000001e-07 1.0000000000000001e-07 1.0000000000000001e-07 1.0000000000000001e-07 1.0000000000000001e-07 1.0000000000000001e-07 1.0000000000000001e-07 1.0000000000000001e-07 1.0000000000000001e-07 1.0000000000000001e-07 1.0000000000000001e-07 1.0000000000000001e-07 1.0000000000000001e-07 1.0000000000000001e-07 1.0000000000000001e-07 1.0000000000000001e-07 1.0000000000000001e-07 1.0000000000000001e-07 1.0000000000000001e-07 1.0000000000000001e-07 1.0000000000000001e-07 1.0000000000000001e-07 
[ECU,T5GSLIND,CH4_DE,*,*]:
2010 2011 2012 2013 2014 2015 2016 2017 2018 2019 2020 2021 2022 2023 2024 2025 2026 2027 2028 2029 2030 2031 2032 2033 2034 2035 :=
1 3e-06 3e-06 3e-06 3e-06 3e-06 3e-06 3e-06 3e-06 3e-06 3e-06 3e-06 3e-06 3e-06 3e-06 3e-06 3e-06 3e-06 3e-06 3e-06 3e-06 3e-06 3e-06 3e-06 3e-06 3e-06 3e-06 
[ECU,T5LPGTMA,CO2e_DE,*,*]:
2010 2011 2012 2013 2014 2015 2016 2017 2018 2019 2020 2021 2022 2023 2024 2025 2026 2027 2028 2029 2030 2031 2032 2033 2034 2035 :=
1 0.0632665 0.0632665 0.0632665 0.0632665 0.0632665 0.0632665 0.0632665 0.0632665 0.0632665 0.0632665 0.0632665 0.0632665 0.0632665 0.0632665 0.0632665 0.0632665 0.0632665 0.0632665 0.0632665 0.0632665 0.0632665 0.0632665 0.0632665 0.0632665 0.0632665 0.0632665 
[ECU,PPFOI,CO2_PP,*,*]:
2010 2011 2012 2013 2014 2015 2016 2017 2018 2019 2020 2021 2022 2023 2024 2025 2026 2027 2028 2029 2030 2031 2032 2033 2034 2035 :=
1 0.1488 0.2123 0.2123 0.2058 0.2058 0.2036 0.2036 0.226 0.226 0.226 0.226 0.226 0.226 0.226 0.226 0.226 0.226 0.226 0.226 0.226 0.226 0.226 0.226 0.226 0.226 0.226 
[ECU,T5CHARES,CO2_DE,*,*]:
2010 2011 2012 2013 2014 2015 2016 2017 2018 2019 2020 2021 2022 2023 2024 2025 2026 2027 2028 2029 2030 2031 2032 2033 2034 2035 :=
1 0.0 0.0 0.0 0.0 0.0 0.0 0.0 0.0 0.0 0.0 0.0 0.0 0.0 0.0 0.0 0.0 0.0 0.0 0.0 0.0 0.0 0.0 0.0 0.0 0.0 0.0 
[ECU,T5OPECON,CH4_DE,*,*]:
2010 2011 2012 2013 2014 2015 2016 2017 2018 2019 2020 2021 2022 2023 2024 2025 2026 2027 2028 2029 2030 2031 2032 2033 2034 2035 :=
1 0.0 0.0 0.0 0.0 0.0 0.0 0.0 0.0 0.0 0.0 0.0 0.0 0.0 0.0 0.0 0.0 0.0 0.0 0.0 0.0 0.0 0.0 0.0 0.0 0.0 0.0 
[ECU,T5ELEPUB,N2O_DE,*,*]:
2010 2011 2012 2013 2014 2015 2016 2017 2018 2019 2020 2021 2022 2023 2024 2025 2026 2027 2028 2029 2030 2031 2032 2033 2034 2035 :=
1 0.0 0.0 0.0 0.0 0.0 0.0 0.0 0.0 0.0 0.0 0.0 0.0 0.0 0.0 0.0 0.0 0.0 0.0 0.0 0.0 0.0 0.0 0.0 0.0 0.0 0.0 
[ECU,T5AGRDSL,CH4_DE,*,*]:
2010 2011 2012 2013 2014 2015 2016 2017 2018 2019 2020 2021 2022 2023 2024 2025 2026 2027 2028 2029 2030 2031 2032 2033 2034 2035 :=
1 3e-06 3e-06 3e-06 3e-06 3e-06 3e-06 3e-06 3e-06 3e-06 3e-06 3e-06 3e-06 3e-06 3e-06 3e-06 3e-06 3e-06 3e-06 3e-06 3e-06 3e-06 3e-06 3e-06 3e-06 3e-06 3e-06 
[ECU,T5JETTAE,CH4_DE,*,*]:
2010 2011 2012 2013 2014 2015 2016 2017 2018 2019 2020 2021 2022 2023 2024 2025 2026 2027 2028 2029 2030 2031 2032 2033 2034 2035 :=
1 3e-06 3e-06 3e-06 3e-06 3e-06 3e-06 3e-06 3e-06 3e-06 3e-06 3e-06 3e-06 3e-06 3e-06 3e-06 3e-06 3e-06 3e-06 3e-06 3e-06 3e-06 3e-06 3e-06 3e-06 3e-06 3e-06 
[ECU,DIST_LPG,CO2e_sources,*,*]:
2010 2011 2012 2013 2014 2015 2016 2017 2018 2019 2020 2021 2022 2023 2024 2025 2026 2027 2028 2029 2030 2031 2032 2033 2034 2035 :=
1 0.0632665 0.0632665 0.0632665 0.0632665 0.0632665 0.0632665 0.0632665 0.0632665 0.0632665 0.0632665 0.0632665 0.0632665 0.0632665 0.0632665 0.0632665 0.0632665 0.0632665 0.0632665 0.0632665 0.0632665 0.0632665 0.0632665 0.0632665 0.0632665 0.0632665 0.0632665 
[ECU,T5JETTAE,CO2_DE,*,*]:
2010 2011 2012 2013 2014 2015 2016 2017 2018 2019 2020 2021 2022 2023 2024 2025 2026 2027 2028 2029 2030 2031 2032 2033 2034 2035 :=
1 0.0715 0.0715 0.0715 0.0715 0.0715 0.0715 0.0715 0.0715 0.0715 0.0715 0.0715 0.0715 0.0715 0.0715 0.0715 0.0715 0.0715 0.0715 0.0715 0.0715 0.0715 0.0715 0.0715 0.0715 0.0715 0.0715 
[ECU,T5NGSRES,CH4_DE,*,*]:
2010 2011 2012 2013 2014 2015 2016 2017 2018 2019 2020 2021 2022 2023 2024 2025 2026 2027 2028 2029 2030 2031 2032 2033 2034 2035 :=
1 1e-06 1e-06 1e-06 1e-06 1e-06 1e-06 1e-06 1e-06 1e-06 1e-06 1e-06 1e-06 1e-06 1e-06 1e-06 1e-06 1e-06 1e-06 1e-06 1e-06 1e-06 1e-06 1e-06 1e-06 1e-06 1e-06 
[ECU,DIST_FOI,CO2e_sources,*,*]:
2010 2011 2012 2013 2014 2015 2016 2017 2018 2019 2020 2021 2022 2023 2024 2025 2026 2027 2028 2029 2030 2031 2032 2033 2034 2035 :=
1 0.077839 0.077839 0.077839 0.077839 0.077839 0.077839 0.077839 0.077839 0.077839 0.077839 0.077839 0.077839 0.077839 0.077839 0.077839 0.077839 0.077839 0.077839 0.077839 0.077839 0.077839 0.077839 0.077839 0.077839 0.077839 0.077839 
[ECU,T5LPGTRO,CO2_DE,*,*]:
2010 2011 2012 2013 2014 2015 2016 2017 2018 2019 2020 2021 2022 2023 2024 2025 2026 2027 2028 2029 2030 2031 2032 2033 2034 2035 :=
1 0.0631 0.0631 0.0631 0.0631 0.0631 0.0631 0.0631 0.0631 0.0631 0.0631 0.0631 0.0631 0.0631 0.0631 0.0631 0.0631 0.0631 0.0631 0.0631 0.0631 0.0631 0.0631 0.0631 0.0631 0.0631 0.0631 
[ECU,T5GSLTRO,CO2e_DE,*,*]:
2010 2011 2012 2013 2014 2015 2016 2017 2018 2019 2020 2021 2022 2023 2024 2025 2026 2027 2028 2029 2030 2031 2032 2033 2034 2035 :=
1 0.071072 0.071072 0.071072 0.071072 0.071072 0.071072 0.071072 0.071072 0.071072 0.071072 0.071072 0.071072 0.071072 0.071072 0.071072 0.071072 0.071072 0.071072 0.071072 0.071072 0.071072 0.071072 0.071072 0.071072 0.071072 0.071072 
[ECU,PPIBIM,CH4_PP,*,*]:
2010 2011 2012 2013 2014 2015 2016 2017 2018 2019 2020 2021 2022 2023 2024 2025 2026 2027 2028 2029 2030 2031 2032 2033 2034 2035 :=
1 1.693387655673312e-05 1.693387655673312e-05 1.693387655673312e-05 1.693387655673312e-05 1.693387655673312e-05 1.693387655673312e-05 1.693387655673312e-05 1.693387655673312e-05 1.693387655673312e-05 1.693387655673312e-05 1.693387655673312e-05 1.693387655673312e-05 1.693387655673312e-05 1.693387655673312e-05 1.693387655673312e-05 1.693387655673312e-05 1.693387655673312e-05 1.693387655673312e-05 1.693387655673312e-05 1.693387655673312e-05 1.693387655673312e-05 1.693387655673312e-05 1.693387655673312e-05 1.693387655673312e-05 1.693387655673312e-05 1.693387655673312e-05 
[ECU,T5FIRRES,N2O_DE,*,*]:
2010 2011 2012 2013 2014 2015 2016 2017 2018 2019 2020 2021 2022 2023 2024 2025 2026 2027 2028 2029 2030 2031 2032 2033 2034 2035 :=
1 4e-06 4e-06 4e-06 4e-06 4e-06 4e-06 4e-06 4e-06 4e-06 4e-06 4e-06 4e-06 4e-06 4e-06 4e-06 4e-06 4e-06 4e-06 4e-06 4e-06 4e-06 4e-06 4e-06 4e-06 4e-06 4e-06 
[ECU,T5ELETMA,N2O_DE,*,*]:
2010 2011 2012 2013 2014 2015 2016 2017 2018 2019 2020 2021 2022 2023 2024 2025 2026 2027 2028 2029 2030 2031 2032 2033 2034 2035 :=
1 0.0 0.0 0.0 0.0 0.0 0.0 0.0 0.0 0.0 0.0 0.0 0.0 0.0 0.0 0.0 0.0 0.0 0.0 0.0 0.0 0.0 0.0 0.0 0.0 0.0 0.0 
[ECU,T5OPERES,CH4_DE,*,*]:
2010 2011 2012 2013 2014 2015 2016 2017 2018 2019 2020 2021 2022 2023 2024 2025 2026 2027 2028 2029 2030 2031 2032 2033 2034 2035 :=
1 3e-06 3e-06 3e-06 3e-06 3e-06 3e-06 3e-06 3e-06 3e-06 3e-06 3e-06 3e-06 3e-06 3e-06 3e-06 3e-06 3e-06 3e-06 3e-06 3e-06 3e-06 3e-06 3e-06 3e-06 3e-06 3e-06 
[ECU,T5FOICON,CH4_DE,*,*]:
2010 2011 2012 2013 2014 2015 2016 2017 2018 2019 2020 2021 2022 2023 2024 2025 2026 2027 2028 2029 2030 2031 2032 2033 2034 2035 :=
1 3e-06 3e-06 3e-06 3e-06 3e-06 3e-06 3e-06 3e-06 3e-06 3e-06 3e-06 3e-06 3e-06 3e-06 3e-06 3e-06 3e-06 3e-06 3e-06 3e-06 3e-06 3e-06 3e-06 3e-06 3e-06 3e-06 
[ECU,T5LPGTMA,CO2_DE,*,*]:
2010 2011 2012 2013 2014 2015 2016 2017 2018 2019 2020 2021 2022 2023 2024 2025 2026 2027 2028 2029 2030 2031 2032 2033 2034 2035 :=
1 0.0631 0.0631 0.0631 0.0631 0.0631 0.0631 0.0631 0.0631 0.0631 0.0631 0.0631 0.0631 0.0631 0.0631 0.0631 0.0631 0.0631 0.0631 0.0631 0.0631 0.0631 0.0631 0.0631 0.0631 0.0631 0.0631 
[ECU,EXTT_NGS,CO2e_FUG,*,*]:
2010 2011 2012 2013 2014 2015 2016 2017 2018 2019 2020 2021 2022 2023 2024 2025 2026 2027 2028 2029 2030 2031 2032 2033 2034 2035 :=
1 0.000945371 0.000945371 0.000945371 0.000945371 0.000945371 0.000945371 0.000945371 0.000945371 0.000945371 0.000945371 0.000945371 0.000945371 0.000945371 0.000945371 0.000945371 0.000945371 0.000945371 0.000945371 0.000945371 0.000945371 0.000945371 0.000945371 0.000945371 0.000945371 0.000945371 0.000945371 
[ECU,DIST_GSL,CO2e_sources,*,*]:
2010 2011 2012 2013 2014 2015 2016 2017 2018 2019 2020 2021 2022 2023 2024 2025 2026 2027 2028 2029 2030 2031 2032 2033 2034 2035 :=
1 0.069739 0.069739 0.069739 0.069739 0.069739 0.069739 0.069739 0.069739 0.069739 0.069739 0.069739 0.069739 0.069739 0.069739 0.069739 0.069739 0.069739 0.069739 0.069739 0.069739 0.069739 0.069739 0.069739 0.069739 0.069739 0.069739 
[ECU,DIST_OID,CO2e_sources,*,*]:
2010 2011 2012 2013 2014 2015 2016 2017 2018 2019 2020 2021 2022 2023 2024 2025 2026 2027 2028 2029 2030 2031 2032 2033 2034 2035 :=
1 0.0752 0.0752 0.0752 0.0752 0.0752 0.0752 0.0752 0.0752 0.0752 0.0752 0.0752 0.0752 0.0752 0.0752 0.0752 0.0752 0.0752 0.0752 0.0752 0.0752 0.0752 0.0752 0.0752 0.0752 0.0752 0.0752 
[ECU,T5INDCOK,CO2e_DE,*,*]:
2010 2011 2012 2013 2014 2015 2016 2017 2018 2019 2020 2021 2022 2023 2024 2025 2026 2027 2028 2029 2030 2031 2032 2033 2034 2035 :=
1 0.097743 0.097743 0.097743 0.097743 0.097743 0.097743 0.097743 0.097743 0.097743 0.097743 0.097743 0.097743 0.097743 0.097743 0.097743 0.097743 0.097743 0.097743 0.097743 0.097743 0.097743 0.097743 0.097743 0.097743 0.097743 0.097743 
[ECU,PPILPG,CO2_PP,*,*]:
2010 2011 2012 2013 2014 2015 2016 2017 2018 2019 2020 2021 2022 2023 2024 2025 2026 2027 2028 2029 2030 2031 2032 2033 2034 2035 :=
1 0.26936015324382134 0.26936015324382134 0.26936015324382134 0.26936015324382134 0.26936015324382134 0.26936015324382134 0.26936015324382134 0.26936015324382134 0.26936015324382134 0.26936015324382134 0.26936015324382134 0.26936015324382134 0.26936015324382134 0.26936015324382134 0.26936015324382134 0.26936015324382134 0.26936015324382134 0.26936015324382134 0.26936015324382134 0.26936015324382134 0.26936015324382134 0.26936015324382134 0.26936015324382134 0.26936015324382134 0.26936015324382134 0.26936015324382134 
[ECU,T5GSLIND,N2O_DE,*,*]:
2010 2011 2012 2013 2014 2015 2016 2017 2018 2019 2020 2021 2022 2023 2024 2025 2026 2027 2028 2029 2030 2031 2032 2033 2034 2035 :=
1 6e-07 6e-07 6e-07 6e-07 6e-07 6e-07 6e-07 6e-07 6e-07 6e-07 6e-07 6e-07 6e-07 6e-07 6e-07 6e-07 6e-07 6e-07 6e-07 6e-07 6e-07 6e-07 6e-07 6e-07 6e-07 6e-07 
[ECU,T5FOITRO,N2O_DE,*,*]:
2010 2011 2012 2013 2014 2015 2016 2017 2018 2019 2020 2021 2022 2023 2024 2025 2026 2027 2028 2029 2030 2031 2032 2033 2034 2035 :=
1 6e-07 6e-07 6e-07 6e-07 6e-07 6e-07 6e-07 6e-07 6e-07 6e-07 6e-07 6e-07 6e-07 6e-07 6e-07 6e-07 6e-07 6e-07 6e-07 6e-07 6e-07 6e-07 6e-07 6e-07 6e-07 6e-07 
[ECU,T5COMGSL,CO2e_DE,*,*]:
2010 2011 2012 2013 2014 2015 2016 2017 2018 2019 2020 2021 2022 2023 2024 2025 2026 2027 2028 2029 2030 2031 2032 2033 2034 2035 :=
1 0.069739 0.069739 0.069739 0.069739 0.069739 0.069739 0.069739 0.069739 0.069739 0.069739 0.069739 0.069739 0.069739 0.069739 0.069739 0.069739 0.069739 0.069739 0.069739 0.069739 0.069739 0.069739 0.069739 0.069739 0.069739 0.069739 
[ECU,DIST_NGS,CO2e_sources,*,*]:
2010 2011 2012 2013 2014 2015 2016 2017 2018 2019 2020 2021 2022 2023 2024 2025 2026 2027 2028 2029 2030 2031 2032 2033 2034 2035 :=
1 0.0561545 0.0561545 0.0561545 0.0561545 0.0561545 0.0561545 0.0561545 0.0561545 0.0561545 0.0561545 0.0561545 0.0561545 0.0561545 0.0561545 0.0561545 0.0561545 0.0561545 0.0561545 0.0561545 0.0561545 0.0561545 0.0561545 0.0561545 0.0561545 0.0561545 0.0561545 
[ECU,PPDSL,CH4_PP,*,*]:
2010 2011 2012 2013 2014 2015 2016 2017 2018 2019 2020 2021 2022 2023 2024 2025 2026 2027 2028 2029 2030 2031 2032 2033 2034 2035 :=
1 0.0 0.0 0.0 0.0 0.0 0.0 0.0 0.0 0.0 0.0 0.0 0.0 0.0 0.0 0.0 0.0 0.0 0.0 0.0 0.0 0.0 0.0 0.0 0.0 0.0 0.0 
[ECU,DIST_DSL,CO2e_sources,*,*]:
2010 2011 2012 2013 2014 2015 2016 2017 2018 2019 2020 2021 2022 2023 2024 2025 2026 2027 2028 2029 2030 2031 2032 2033 2034 2035 :=
1 0.074539 0.074539 0.074539 0.074539 0.074539 0.074539 0.074539 0.074539 0.074539 0.074539 0.074539 0.074539 0.074539 0.074539 0.074539 0.074539 0.074539 0.074539 0.074539 0.074539 0.074539 0.074539 0.074539 0.074539 0.074539 0.074539 
[ECU,T5ELEIND,CO2e_DE,*,*]:
2010 2011 2012 2013 2014 2015 2016 2017 2018 2019 2020 2021 2022 2023 2024 2025 2026 2027 2028 2029 2030 2031 2032 2033 2034 2035 :=
1 0.0 0.0 0.0 0.0 0.0 0.0 0.0 0.0 0.0 0.0 0.0 0.0 0.0 0.0 0.0 0.0 0.0 0.0 0.0 0.0 0.0 0.0 0.0 0.0 0.0 0.0 
[ECU,T5VEGWAS,CO2e_DE,*,*]:
2010 2011 2012 2013 2014 2015 2016 2017 2018 2019 2020 2021 2022 2023 2024 2025 2026 2027 2028 2029 2030 2031 2032 2033 2034 2035 :=
1 0.001942 0.001942 0.001942 0.001942 0.001942 0.001942 0.001942 0.001942 0.001942 0.001942 0.001942 0.001942 0.001942 0.001942 0.001942 0.001942 0.001942 0.001942 0.001942 0.001942 0.001942 0.001942 0.001942 0.001942 0.001942 0.001942 
[ECU,PROCRU,CH4_REF,*,*]:
2010 2011 2012 2013 2014 2015 2016 2017 2018 2019 2020 2021 2022 2023 2024 2025 2026 2027 2028 2029 2030 2031 2032 2033 2034 2035 :=
1 0.0 0.0 0.0 0.0 0.0 0.0 0.0 0.0 0.0 0.0 0.0 0.0 0.0 0.0 0.0 0.0 0.0 0.0 0.0 0.0 0.0 0.0 0.0 0.0 0.0 0.0 
[ECU,T5LPGRES,CO2e_DE,*,*]:
2010 2011 2012 2013 2014 2015 2016 2017 2018 2019 2020 2021 2022 2023 2024 2025 2026 2027 2028 2029 2030 2031 2032 2033 2034 2035 :=
1 0.0632665 0.0632665 0.0632665 0.0632665 0.0632665 0.0632665 0.0632665 0.0632665 0.0632665 0.0632665 0.0632665 0.0632665 0.0632665 0.0632665 0.0632665 0.0632665 0.0632665 0.0632665 0.0632665 0.0632665 0.0632665 0.0632665 0.0632665 0.0632665 0.0632665 0.0632665 
[ECU,T5OIDIND,CO2e_DE,*,*]:
2010 2011 2012 2013 2014 2015 2016 2017 2018 2019 2020 2021 2022 2023 2024 2025 2026 2027 2028 2029 2030 2031 2032 2033 2034 2035 :=
1 0.0752 0.0752 0.0752 0.0752 0.0752 0.0752 0.0752 0.0752 0.0752 0.0752 0.0752 0.0752 0.0752 0.0752 0.0752 0.0752 0.0752 0.0752 0.0752 0.0752 0.0752 0.0752 0.0752 0.0752 0.0752 0.0752 
[ECU,T5CHARES,N2O_DE,*,*]:
2010 2011 2012 2013 2014 2015 2016 2017 2018 2019 2020 2021 2022 2023 2024 2025 2026 2027 2028 2029 2030 2031 2032 2033 2034 2035 :=
1 1e-06 1e-06 1e-06 1e-06 1e-06 1e-06 1e-06 1e-06 1e-06 1e-06 1e-06 1e-06 1e-06 1e-06 1e-06 1e-06 1e-06 1e-06 1e-06 1e-06 1e-06 1e-06 1e-06 1e-06 1e-06 1e-06 
[ECU,T5ALLTRNFOI,CH4_DE,*,*]:
2010 2011 2012 2013 2014 2015 2016 2017 2018 2019 2020 2021 2022 2023 2024 2025 2026 2027 2028 2029 2030 2031 2032 2033 2034 2035 :=
1 3e-06 3e-06 3e-06 3e-06 3e-06 3e-06 3e-06 3e-06 3e-06 3e-06 3e-06 3e-06 3e-06 3e-06 3e-06 3e-06 3e-06 3e-06 3e-06 3e-06 3e-06 3e-06 3e-06 3e-06 3e-06 3e-06 
[ECU,T5INDCOK,CH4_DE,*,*]:
2010 2011 2012 2013 2014 2015 2016 2017 2018 2019 2020 2021 2022 2023 2024 2025 2026 2027 2028 2029 2030 2031 2032 2033 2034 2035 :=
1 3e-06 3e-06 3e-06 3e-06 3e-06 3e-06 3e-06 3e-06 3e-06 3e-06 3e-06 3e-06 3e-06 3e-06 3e-06 3e-06 3e-06 3e-06 3e-06 3e-06 3e-06 3e-06 3e-06 3e-06 3e-06 3e-06 
[ECU,T5ELERES,CO2_DE,*,*]:
2010 2011 2012 2013 2014 2015 2016 2017 2018 2019 2020 2021 2022 2023 2024 2025 2026 2027 2028 2029 2030 2031 2032 2033 2034 2035 :=
1 0.0 0.0 0.0 0.0 0.0 0.0 0.0 0.0 0.0 0.0 0.0 0.0 0.0 0.0 0.0 0.0 0.0 0.0 0.0 0.0 0.0 0.0 0.0 0.0 0.0 0.0 
[ECU,T5DSLTMA,CH4_DE,*,*]:
2010 2011 2012 2013 2014 2015 2016 2017 2018 2019 2020 2021 2022 2023 2024 2025 2026 2027 2028 2029 2030 2031 2032 2033 2034 2035 :=
1 3e-06 3e-06 3e-06 3e-06 3e-06 3e-06 3e-06 3e-06 3e-06 3e-06 3e-06 3e-06 3e-06 3e-06 3e-06 3e-06 3e-06 3e-06 3e-06 3e-06 3e-06 3e-06 3e-06 3e-06 3e-06 3e-06 
[ECU,PPRDSL,CO2e_PP,*,*]:
2010 2011 2012 2013 2014 2015 2016 2017 2018 2019 2020 2021 2022 2023 2024 2025 2026 2027 2028 2029 2030 2031 2032 2033 2034 2035 :=
1 0.47 0.47 0.2068 0.1885 0.1885 0.1986 0.1986 0.1986 0.1547 0.1547 0.1547 0.1547 0.1547 0.1547 0.1547 0.1547 0.1547 0.1547 0.1547 0.1547 0.1547 0.1547 0.1547 0.1547 0.1547 0.1547 
[ECU,T5TAEGSL,CO2_DE,*,*]:
2010 2011 2012 2013 2014 2015 2016 2017 2018 2019 2020 2021 2022 2023 2024 2025 2026 2027 2028 2029 2030 2031 2032 2033 2034 2035 :=
1 0.07 0.07 0.07 0.07 0.07 0.07 0.07 0.07 0.07 0.07 0.07 0.07 0.07 0.07 0.07 0.07 0.07 0.07 0.07 0.07 0.07 0.07 0.07 0.07 0.07 0.07 
[ECU,PPBGS,N2O_PP,*,*]:
2010 2011 2012 2013 2014 2015 2016 2017 2018 2019 2020 2021 2022 2023 2024 2025 2026 2027 2028 2029 2030 2031 2032 2033 2034 2035 :=
1 3.3867753113466243e-06 3.3867753113466243e-06 3.3867753113466243e-06 3.3867753113466243e-06 3.3867753113466243e-06 3.3867753113466243e-06 3.3867753113466243e-06 3.3867753113466243e-06 3.3867753113466243e-06 3.3867753113466243e-06 3.3867753113466243e-06 3.3867753113466243e-06 3.3867753113466243e-06 3.3867753113466243e-06 3.3867753113466243e-06 3.3867753113466243e-06 3.3867753113466243e-06 3.3867753113466243e-06 3.3867753113466243e-06 3.3867753113466243e-06 3.3867753113466243e-06 3.3867753113466243e-06 3.3867753113466243e-06 3.3867753113466243e-06 3.3867753113466243e-06 3.3867753113466243e-06 
[ECU,T5GSLTRO,CH4_DE,*,*]:
2010 2011 2012 2013 2014 2015 2016 2017 2018 2019 2020 2021 2022 2023 2024 2025 2026 2027 2028 2029 2030 2031 2032 2033 2034 2035 :=
1 3.3e-05 3.3e-05 3.3e-05 3.3e-05 3.3e-05 3.3e-05 3.3e-05 3.3e-05 3.3e-05 3.3e-05 3.3e-05 3.3e-05 3.3e-05 3.3e-05 3.3e-05 3.3e-05 3.3e-05 3.3e-05 3.3e-05 3.3e-05 3.3e-05 3.3e-05 3.3e-05 3.3e-05 3.3e-05 3.3e-05 
[ECU,T5ELECON,CO2e_DE,*,*]:
2010 2011 2012 2013 2014 2015 2016 2017 2018 2019 2020 2021 2022 2023 2024 2025 2026 2027 2028 2029 2030 2031 2032 2033 2034 2035 :=
1 0.0 0.0 0.0 0.0 0.0 0.0 0.0 0.0 0.0 0.0 0.0 0.0 0.0 0.0 0.0 0.0 0.0 0.0 0.0 0.0 0.0 0.0 0.0 0.0 0.0 0.0 
[ECU,T5DSLCOM,N2O_DE,*,*]:
2010 2011 2012 2013 2014 2015 2016 2017 2018 2019 2020 2021 2022 2023 2024 2025 2026 2027 2028 2029 2030 2031 2032 2033 2034 2035 :=
1 6e-07 6e-07 6e-07 6e-07 6e-07 6e-07 6e-07 6e-07 6e-07 6e-07 6e-07 6e-07 6e-07 6e-07 6e-07 6e-07 6e-07 6e-07 6e-07 6e-07 6e-07 6e-07 6e-07 6e-07 6e-07 6e-07 
[ECU,T5DSLTMA,N2O_DE,*,*]:
2010 2011 2012 2013 2014 2015 2016 2017 2018 2019 2020 2021 2022 2023 2024 2025 2026 2027 2028 2029 2030 2031 2032 2033 2034 2035 :=
1 6e-07 6e-07 6e-07 6e-07 6e-07 6e-07 6e-07 6e-07 6e-07 6e-07 6e-07 6e-07 6e-07 6e-07 6e-07 6e-07 6e-07 6e-07 6e-07 6e-07 6e-07 6e-07 6e-07 6e-07 6e-07 6e-07 
[ECU,PROCRU,N2O_REF,*,*]:
2010 2011 2012 2013 2014 2015 2016 2017 2018 2019 2020 2021 2022 2023 2024 2025 2026 2027 2028 2029 2030 2031 2032 2033 2034 2035 :=
1 0.0 0.0 0.0 0.0 0.0 0.0 0.0 0.0 0.0 0.0 0.0 0.0 0.0 0.0 0.0 0.0 0.0 0.0 0.0 0.0 0.0 0.0 0.0 0.0 0.0 0.0 
[ECU,T5CHARES,CO2e_DE,*,*]:
2010 2011 2012 2013 2014 2015 2016 2017 2018 2019 2020 2021 2022 2023 2024 2025 2026 2027 2028 2029 2030 2031 2032 2033 2034 2035 :=
1 0.005865 0.005865 0.005865 0.005865 0.005865 0.005865 0.005865 0.005865 0.005865 0.005865 0.005865 0.005865 0.005865 0.005865 0.005865 0.005865 0.005865 0.005865 0.005865 0.005865 0.005865 0.005865 0.005865 0.005865 0.005865 0.005865 
[ECU,T5ALLTRNJET,N2O_DE,*,*]:
2010 2011 2012 2013 2014 2015 2016 2017 2018 2019 2020 2021 2022 2023 2024 2025 2026 2027 2028 2029 2030 2031 2032 2033 2034 2035 :=
1 0.0 0.0 0.0 0.0 0.0 0.0 0.0 0.0 0.0 0.0 0.0 0.0 0.0 0.0 0.0 0.0 0.0 0.0 0.0 0.0 0.0 0.0 0.0 0.0 0.0 0.0 
[ECU,T5CONKER,CO2e_DE,*,*]:
2010 2011 2012 2013 2014 2015 2016 2017 2018 2019 2020 2021 2022 2023 2024 2025 2026 2027 2028 2029 2030 2031 2032 2033 2034 2035 :=
1 0.0 0.0 0.0 0.0 0.0 0.0 0.0 0.0 0.0 0.0 0.0 0.0 0.0 0.0 0.0 0.0 0.0 0.0 0.0 0.0 0.0 0.0 0.0 0.0 0.0 0.0 
[ECU,T5LPGIND,CO2e_DE,*,*]:
2010 2011 2012 2013 2014 2015 2016 2017 2018 2019 2020 2021 2022 2023 2024 2025 2026 2027 2028 2029 2030 2031 2032 2033 2034 2035 :=
1 0.0632665 0.0632665 0.0632665 0.0632665 0.0632665 0.0632665 0.0632665 0.0632665 0.0632665 0.0632665 0.0632665 0.0632665 0.0632665 0.0632665 0.0632665 0.0632665 0.0632665 0.0632665 0.0632665 0.0632665 0.0632665 0.0632665 0.0632665 0.0632665 0.0632665 0.0632665 
[ECU,T5FOITMA,CH4_DE,*,*]:
2010 2011 2012 2013 2014 2015 2016 2017 2018 2019 2020 2021 2022 2023 2024 2025 2026 2027 2028 2029 2030 2031 2032 2033 2034 2035 :=
1 3e-06 3e-06 3e-06 3e-06 3e-06 3e-06 3e-06 3e-06 3e-06 3e-06 3e-06 3e-06 3e-06 3e-06 3e-06 3e-06 3e-06 3e-06 3e-06 3e-06 3e-06 3e-06 3e-06 3e-06 3e-06 3e-06 
[ECU,PPRDSL,CO2_PP,*,*]:
2010 2011 2012 2013 2014 2015 2016 2017 2018 2019 2020 2021 2022 2023 2024 2025 2026 2027 2028 2029 2030 2031 2032 2033 2034 2035 :=
1 0.4751 0.2061 0.2061 0.1878 0.1878 0.1979 0.1979 0.1542 0.1542 0.1542 0.1542 0.1542 0.1542 0.1542 0.1542 0.1542 0.1542 0.1542 0.1542 0.1542 0.1542 0.1542 0.1542 0.1542 0.1542 0.1542 
[ECU,T5COAIND,CO2e_DE,*,*]:
2010 2011 2012 2013 2014 2015 2016 2017 2018 2019 2020 2021 2022 2023 2024 2025 2026 2027 2028 2029 2030 2031 2032 2033 2034 2035 :=
1 0.09596 0.09596 0.09596 0.09596 0.09596 0.09596 0.09596 0.09596 0.09596 0.09596 0.09596 0.09596 0.09596 0.09596 0.09596 0.09596 0.09596 0.09596 0.09596 0.09596 0.09596 0.09596 0.09596 0.09596 0.09596 0.09596 
[ECU,T5LPGTRO,CH4_DE,*,*]:
2010 2011 2012 2013 2014 2015 2016 2017 2018 2019 2020 2021 2022 2023 2024 2025 2026 2027 2028 2029 2030 2031 2032 2033 2034 2035 :=
1 1e-06 1e-06 1e-06 1e-06 1e-06 1e-06 1e-06 1e-06 1e-06 1e-06 1e-06 1e-06 1e-06 1e-06 1e-06 1e-06 1e-06 1e-06 1e-06 1e-06 1e-06 1e-06 1e-06 1e-06 1e-06 1e-06 
[ECU,T5AGRDSL,CO2e_DE,*,*]:
2010 2011 2012 2013 2014 2015 2016 2017 2018 2019 2020 2021 2022 2023 2024 2025 2026 2027 2028 2029 2030 2031 2032 2033 2034 2035 :=
1 0.074539 0.074539 0.074539 0.074539 0.074539 0.074539 0.074539 0.074539 0.074539 0.074539 0.074539 0.074539 0.074539 0.074539 0.074539 0.074539 0.074539 0.074539 0.074539 0.074539 0.074539 0.074539 0.074539 0.074539 0.074539 0.074539 
[ECU,DIST_RDF,CO2e_sources,*,*]:
2010 2011 2012 2013 2014 2015 2016 2017 2018 2019 2020 2021 2022 2023 2024 2025 2026 2027 2028 2029 2030 2031 2032 2033 2034 2035 :=
1 0.092844 0.092844 0.092844 0.092844 0.092844 0.092844 0.092844 0.092844 0.092844 0.092844 0.092844 0.092844 0.092844 0.092844 0.092844 0.092844 0.092844 0.092844 0.092844 0.092844 0.092844 0.092844 0.092844 0.092844 0.092844 0.092844 
[ECU,T5ELECON,CO2_DE,*,*]:
2010 2011 2012 2013 2014 2015 2016 2017 2018 2019 2020 2021 2022 2023 2024 2025 2026 2027 2028 2029 2030 2031 2032 2033 2034 2035 :=
1 0.0 0.0 0.0 0.0 0.0 0.0 0.0 0.0 0.0 0.0 0.0 0.0 0.0 0.0 0.0 0.0 0.0 0.0 0.0 0.0 0.0 0.0 0.0 0.0 0.0 0.0 
[ECU,T5ALLTRNLPG,CO2_DE,*,*]:
2010 2011 2012 2013 2014 2015 2016 2017 2018 2019 2020 2021 2022 2023 2024 2025 2026 2027 2028 2029 2030 2031 2032 2033 2034 2035 :=
1 0.0631 0.0631 0.0631 0.0631 0.0631 0.0631 0.0631 0.0631 0.0631 0.0631 0.0631 0.0631 0.0631 0.0631 0.0631 0.0631 0.0631 0.0631 0.0631 0.0631 0.0631 0.0631 0.0631 0.0631 0.0631 0.0631 
[ECU,T5NGSRES,CO2_DE,*,*]:
2010 2011 2012 2013 2014 2015 2016 2017 2018 2019 2020 2021 2022 2023 2024 2025 2026 2027 2028 2029 2030 2031 2032 2033 2034 2035 :=
1 0.0561 0.0561 0.0561 0.0561 0.0561 0.0561 0.0561 0.0561 0.0561 0.0561 0.0561 0.0561 0.0561 0.0561 0.0561 0.0561 0.0561 0.0561 0.0561 0.0561 0.0561 0.0561 0.0561 0.0561 0.0561 0.0561 
[ECU,T5FIRIND,N2O_DE,*,*]:
2010 2011 2012 2013 2014 2015 2016 2017 2018 2019 2020 2021 2022 2023 2024 2025 2026 2027 2028 2029 2030 2031 2032 2033 2034 2035 :=
1 4e-06 4e-06 4e-06 4e-06 4e-06 4e-06 4e-06 4e-06 4e-06 4e-06 4e-06 4e-06 4e-06 4e-06 4e-06 4e-06 4e-06 4e-06 4e-06 4e-06 4e-06 4e-06 4e-06 4e-06 4e-06 4e-06 
[ECU,PPDDSL,CO2_PP,*,*]:
2010 2011 2012 2013 2014 2015 2016 2017 2018 2019 2020 2021 2022 2023 2024 2025 2026 2027 2028 2029 2030 2031 2032 2033 2034 2035 :=
1 0.2060696324237602 0.2060696324237602 0.2060696324237602 0.2060696324237602 0.2060696324237602 0.2060696324237602 0.2060696324237602 0.2060696324237602 0.2060696324237602 0.2060696324237602 0.2060696324237602 0.2060696324237602 0.2060696324237602 0.2060696324237602 0.2060696324237602 0.2060696324237602 0.2060696324237602 0.2060696324237602 0.2060696324237602 0.2060696324237602 0.2060696324237602 0.2060696324237602 0.2060696324237602 0.2060696324237602 0.2060696324237602 0.2060696324237602 
[ECU,T5AGROTP,CO2_DE,*,*]:
2010 2011 2012 2013 2014 2015 2016 2017 2018 2019 2020 2021 2022 2023 2024 2025 2026 2027 2028 2029 2030 2031 2032 2033 2034 2035 :=
1 0.0 0.0 0.0 0.0 0.0 0.0 0.0 0.0 0.0 0.0 0.0 0.0 0.0 0.0 0.0 0.0 0.0 0.0 0.0 0.0 0.0 0.0 0.0 0.0 0.0 0.0 
[ECU,T5FOICOM,CO2_DE,*,*]:
2010 2011 2012 2013 2014 2015 2016 2017 2018 2019 2020 2021 2022 2023 2024 2025 2026 2027 2028 2029 2030 2031 2032 2033 2034 2035 :=
1 0.0774 0.0774 0.0774 0.0774 0.0774 0.0774 0.0774 0.0774 0.0774 0.0774 0.0774 0.0774 0.0774 0.0774 0.0774 0.0774 0.0774 0.0774 0.0774 0.0774 0.0774 0.0774 0.0774 0.0774 0.0774 0.0774 
[ECU,T5GSLRES,CO2_DE,*,*]:
2010 2011 2012 2013 2014 2015 2016 2017 2018 2019 2020 2021 2022 2023 2024 2025 2026 2027 2028 2029 2030 2031 2032 2033 2034 2035 :=
1 0.0693 0.0693 0.0693 0.0693 0.0693 0.0693 0.0693 0.0693 0.0693 0.0693 0.0693 0.0693 0.0693 0.0693 0.0693 0.0693 0.0693 0.0693 0.0693 0.0693 0.0693 0.0693 0.0693 0.0693 0.0693 0.0693 
[ECU,T5CONKER,N2O_DE,*,*]:
2010 2011 2012 2013 2014 2015 2016 2017 2018 2019 2020 2021 2022 2023 2024 2025 2026 2027 2028 2029 2030 2031 2032 2033 2034 2035 :=
1 6e-07 6e-07 6e-07 6e-07 6e-07 6e-07 6e-07 6e-07 6e-07 6e-07 6e-07 6e-07 6e-07 6e-07 6e-07 6e-07 6e-07 6e-07 6e-07 6e-07 6e-07 6e-07 6e-07 6e-07 6e-07 6e-07 
[ECU,PPILPG,N2O_PP,*,*]:
2010 2011 2012 2013 2014 2015 2016 2017 2018 2019 2020 2021 2022 2023 2024 2025 2026 2027 2028 2029 2030 2031 2032 2033 2034 2035 :=
1 4.2687821433252195e-07 4.2687821433252195e-07 4.2687821433252195e-07 4.2687821433252195e-07 4.2687821433252195e-07 4.2687821433252195e-07 4.2687821433252195e-07 4.2687821433252195e-07 4.2687821433252195e-07 4.2687821433252195e-07 4.2687821433252195e-07 4.2687821433252195e-07 4.2687821433252195e-07 4.2687821433252195e-07 4.2687821433252195e-07 4.2687821433252195e-07 4.2687821433252195e-07 4.2687821433252195e-07 4.2687821433252195e-07 4.2687821433252195e-07 4.2687821433252195e-07 4.2687821433252195e-07 4.2687821433252195e-07 4.2687821433252195e-07 4.2687821433252195e-07 4.2687821433252195e-07 
[ECU,T5INDCOK,CO2_DE,*,*]:
2010 2011 2012 2013 2014 2015 2016 2017 2018 2019 2020 2021 2022 2023 2024 2025 2026 2027 2028 2029 2030 2031 2032 2033 2034 2035 :=
1 0.0975 0.0975 0.0975 0.0975 0.0975 0.0975 0.0975 0.0975 0.0975 0.0975 0.0975 0.0975 0.0975 0.0975 0.0975 0.0975 0.0975 0.0975 0.0975 0.0975 0.0975 0.0975 0.0975 0.0975 0.0975 0.0975 
[ECU,T5TCADSL,N2O_DE,*,*]:
2010 2011 2012 2013 2014 2015 2016 2017 2018 2019 2020 2021 2022 2023 2024 2025 2026 2027 2028 2029 2030 2031 2032 2033 2034 2035 :=
1 3.9e-06 3.9e-06 3.9e-06 3.9e-06 3.9e-06 3.9e-06 3.9e-06 3.9e-06 3.9e-06 3.9e-06 3.9e-06 3.9e-06 3.9e-06 3.9e-06 3.9e-06 3.9e-06 3.9e-06 3.9e-06 3.9e-06 3.9e-06 3.9e-06 3.9e-06 3.9e-06 3.9e-06 3.9e-06 3.9e-06 
[ECU,T5ELERES,CH4_DE,*,*]:
2010 2011 2012 2013 2014 2015 2016 2017 2018 2019 2020 2021 2022 2023 2024 2025 2026 2027 2028 2029 2030 2031 2032 2033 2034 2035 :=
1 0.0 0.0 0.0 0.0 0.0 0.0 0.0 0.0 0.0 0.0 0.0 0.0 0.0 0.0 0.0 0.0 0.0 0.0 0.0 0.0 0.0 0.0 0.0 0.0 0.0 0.0 
[ECU,T5FOICOM,N2O_DE,*,*]:
2010 2011 2012 2013 2014 2015 2016 2017 2018 2019 2020 2021 2022 2023 2024 2025 2026 2027 2028 2029 2030 2031 2032 2033 2034 2035 :=
1 6e-07 6e-07 6e-07 6e-07 6e-07 6e-07 6e-07 6e-07 6e-07 6e-07 6e-07 6e-07 6e-07 6e-07 6e-07 6e-07 6e-07 6e-07 6e-07 6e-07 6e-07 6e-07 6e-07 6e-07 6e-07 6e-07 
[ECU,PPDDSL,CO2e_PP,*,*]:
2010 2011 2012 2013 2014 2015 2016 2017 2018 2019 2020 2021 2022 2023 2024 2025 2026 2027 2028 2029 2030 2031 2032 2033 2034 2035 :=
1 0.20677544177206184 0.20677544177206184 0.20677544177206184 0.20677544177206184 0.20677544177206184 0.20677544177206184 0.20677544177206184 0.20677544177206184 0.20677544177206184 0.20677544177206184 0.20677544177206184 0.20677544177206184 0.20677544177206184 0.20677544177206184 0.20677544177206184 0.20677544177206184 0.20677544177206184 0.20677544177206184 0.20677544177206184 0.20677544177206184 0.20677544177206184 0.20677544177206184 0.20677544177206184 0.20677544177206184 0.20677544177206184 0.20677544177206184 
[ECU,T5ELETMA,CO2_DE,*,*]:
2010 2011 2012 2013 2014 2015 2016 2017 2018 2019 2020 2021 2022 2023 2024 2025 2026 2027 2028 2029 2030 2031 2032 2033 2034 2035 :=
1 0.0 0.0 0.0 0.0 0.0 0.0 0.0 0.0 0.0 0.0 0.0 0.0 0.0 0.0 0.0 0.0 0.0 0.0 0.0 0.0 0.0 0.0 0.0 0.0 0.0 0.0 
[ECU,T5GSLRES,N2O_DE,*,*]:
2010 2011 2012 2013 2014 2015 2016 2017 2018 2019 2020 2021 2022 2023 2024 2025 2026 2027 2028 2029 2030 2031 2032 2033 2034 2035 :=
1 6e-07 6e-07 6e-07 6e-07 6e-07 6e-07 6e-07 6e-07 6e-07 6e-07 6e-07 6e-07 6e-07 6e-07 6e-07 6e-07 6e-07 6e-07 6e-07 6e-07 6e-07 6e-07 6e-07 6e-07 6e-07 6e-07 
[ECU,T5DSLIND,CH4_DE,*,*]:
2010 2011 2012 2013 2014 2015 2016 2017 2018 2019 2020 2021 2022 2023 2024 2025 2026 2027 2028 2029 2030 2031 2032 2033 2034 2035 :=
1 3e-06 3e-06 3e-06 3e-06 3e-06 3e-06 3e-06 3e-06 3e-06 3e-06 3e-06 3e-06 3e-06 3e-06 3e-06 3e-06 3e-06 3e-06 3e-06 3e-06 3e-06 3e-06 3e-06 3e-06 3e-06 3e-06 
[ECU,T5DSLTRO,CH4_DE,*,*]:
2010 2011 2012 2013 2014 2015 2016 2017 2018 2019 2020 2021 2022 2023 2024 2025 2026 2027 2028 2029 2030 2031 2032 2033 2034 2035 :=
1 3.9e-06 3.9e-06 3.9e-06 3.9e-06 3.9e-06 3.9e-06 3.9e-06 3.9e-06 3.9e-06 3.9e-06 3.9e-06 3.9e-06 3.9e-06 3.9e-06 3.9e-06 3.9e-06 3.9e-06 3.9e-06 3.9e-06 3.9e-06 3.9e-06 3.9e-06 3.9e-06 3.9e-06 3.9e-06 3.9e-06 
[ECU,DIST_COK,CO2e_sources,*,*]:
2010 2011 2012 2013 2014 2015 2016 2017 2018 2019 2020 2021 2022 2023 2024 2025 2026 2027 2028 2029 2030 2031 2032 2033 2034 2035 :=
1 0.097743 0.097743 0.097743 0.097743 0.097743 0.097743 0.097743 0.097743 0.097743 0.097743 0.097743 0.097743 0.097743 0.097743 0.097743 0.097743 0.097743 0.097743 0.097743 0.097743 0.097743 0.097743 0.097743 0.097743 0.097743 0.097743 
[ECU,PPBIM,N2O_PP,*,*]:
2010 2011 2012 2013 2014 2015 2016 2017 2018 2019 2020 2021 2022 2023 2024 2025 2026 2027 2028 2029 2030 2031 2032 2033 2034 2035 :=
1 3.3867753113466243e-06 3.3867753113466243e-06 3.3867753113466243e-06 3.3867753113466243e-06 3.3867753113466243e-06 3.3867753113466243e-06 3.3867753113466243e-06 3.3867753113466243e-06 3.3867753113466243e-06 3.3867753113466243e-06 3.3867753113466243e-06 3.3867753113466243e-06 3.3867753113466243e-06 3.3867753113466243e-06 3.3867753113466243e-06 3.3867753113466243e-06 3.3867753113466243e-06 3.3867753113466243e-06 3.3867753113466243e-06 3.3867753113466243e-06 3.3867753113466243e-06 3.3867753113466243e-06 3.3867753113466243e-06 3.3867753113466243e-06 3.3867753113466243e-06 3.3867753113466243e-06 
[ECU,T5LPGCON,N2O_DE,*,*]:
2010 2011 2012 2013 2014 2015 2016 2017 2018 2019 2020 2021 2022 2023 2024 2025 2026 2027 2028 2029 2030 2031 2032 2033 2034 2035 :=
1 1.0000000000000001e-07 1.0000000000000001e-07 1.0000000000000001e-07 1.0000000000000001e-07 1.0000000000000001e-07 1.0000000000000001e-07 1.0000000000000001e-07 1.0000000000000001e-07 1.0000000000000001e-07 1.0000000000000001e-07 1.0000000000000001e-07 1.0000000000000001e-07 1.0000000000000001e-07 1.0000000000000001e-07 1.0000000000000001e-07 1.0000000000000001e-07 1.0000000000000001e-07 1.0000000000000001e-07 1.0000000000000001e-07 1.0000000000000001e-07 1.0000000000000001e-07 1.0000000000000001e-07 1.0000000000000001e-07 1.0000000000000001e-07 1.0000000000000001e-07 1.0000000000000001e-07 
[ECU,T5NGSTRO,CO2e_DE,*,*]:
2010 2011 2012 2013 2014 2015 2016 2017 2018 2019 2020 2021 2022 2023 2024 2025 2026 2027 2028 2029 2030 2031 2032 2033 2034 2035 :=
1 0.0561545 0.0561545 0.0561545 0.0561545 0.0561545 0.0561545 0.0561545 0.0561545 0.0561545 0.0561545 0.0561545 0.0561545 0.0561545 0.0561545 0.0561545 0.0561545 0.0561545 0.0561545 0.0561545 0.0561545 0.0561545 0.0561545 0.0561545 0.0561545 0.0561545 0.0561545 
[ECU,T5ALLTRNFOI,CO2_DE,*,*]:
2010 2011 2012 2013 2014 2015 2016 2017 2018 2019 2020 2021 2022 2023 2024 2025 2026 2027 2028 2029 2030 2031 2032 2033 2034 2035 :=
1 0.0774 0.0774 0.0774 0.0774 0.0774 0.0774 0.0774 0.0774 0.0774 0.0774 0.0774 0.0774 0.0774 0.0774 0.0774 0.0774 0.0774 0.0774 0.0774 0.0774 0.0774 0.0774 0.0774 0.0774 0.0774 0.0774 
[ECU,T5AGRGSL,CO2_DE,*,*]:
2010 2011 2012 2013 2014 2015 2016 2017 2018 2019 2020 2021 2022 2023 2024 2025 2026 2027 2028 2029 2030 2031 2032 2033 2034 2035 :=
1 0.0693 0.0693 0.0693 0.0693 0.0693 0.0693 0.0693 0.0693 0.0693 0.0693 0.0693 0.0693 0.0693 0.0693 0.0693 0.0693 0.0693 0.0693 0.0693 0.0693 0.0693 0.0693 0.0693 0.0693 0.0693 0.0693 
;

param FixedCost default 0 :=
[ECU,*,*]:
2010 2011 2012 2013 2014 2015 2016 2017 2018 2019 2020 2021 2022 2023 2024 2025 2026 2027 2028 2029 2030 2031 2032 2033 2034 2035 :=
DIST_BGS 1.0 1.0 1.0 1.0 1.0 1.0 1.0 1.0 1.0 1.0 1.0 1.0 1.0 1.0 1.0 1.0 1.0 1.0 1.0 1.0 1.0 1.0 1.0 1.0 1.0 1.0 
DIST_BIM 1.0 1.0 1.0 1.0 1.0 1.0 1.0 1.0 1.0 1.0 1.0 1.0 1.0 1.0 1.0 1.0 1.0 1.0 1.0 1.0 1.0 1.0 1.0 1.0 1.0 1.0 
DIST_CHA 1.0 1.0 1.0 1.0 1.0 1.0 1.0 1.0 1.0 1.0 1.0 1.0 1.0 1.0 1.0 1.0 1.0 1.0 1.0 1.0 1.0 1.0 1.0 1.0 1.0 1.0 
DIST_FIR 1.0 1.0 1.0 1.0 1.0 1.0 1.0 1.0 1.0 1.0 1.0 1.0 1.0 1.0 1.0 1.0 1.0 1.0 1.0 1.0 1.0 1.0 1.0 1.0 1.0 1.0 
DIST_COA 1.0 1.0 1.0 1.0 1.0 1.0 1.0 1.0 1.0 1.0 1.0 1.0 1.0 1.0 1.0 1.0 1.0 1.0 1.0 1.0 1.0 1.0 1.0 1.0 1.0 1.0 
DIST_COK 1.0 1.0 1.0 1.0 1.0 1.0 1.0 1.0 1.0 1.0 1.0 1.0 1.0 1.0 1.0 1.0 1.0 1.0 1.0 1.0 1.0 1.0 1.0 1.0 1.0 1.0 
DIST_DSL 1.0 1.0 1.0 1.0 1.0 1.0 1.0 1.0 1.0 1.0 1.0 1.0 1.0 1.0 1.0 1.0 1.0 1.0 1.0 1.0 1.0 1.0 1.0 1.0 1.0 1.0 
DIST_FOI 1.0 1.0 1.0 1.0 1.0 1.0 1.0 1.0 1.0 1.0 1.0 1.0 1.0 1.0 1.0 1.0 1.0 1.0 1.0 1.0 1.0 1.0 1.0 1.0 1.0 1.0 
DIST_GSL 1.0 1.0 1.0 1.0 1.0 1.0 1.0 1.0 1.0 1.0 1.0 1.0 1.0 1.0 1.0 1.0 1.0 1.0 1.0 1.0 1.0 1.0 1.0 1.0 1.0 1.0 
DIST_JET 1.0 1.0 1.0 1.0 1.0 1.0 1.0 1.0 1.0 1.0 1.0 1.0 1.0 1.0 1.0 1.0 1.0 1.0 1.0 1.0 1.0 1.0 1.0 1.0 1.0 1.0 
DIST_KER 1.0 1.0 1.0 1.0 1.0 1.0 1.0 1.0 1.0 1.0 1.0 1.0 1.0 1.0 1.0 1.0 1.0 1.0 1.0 1.0 1.0 1.0 1.0 1.0 1.0 1.0 
DIST_LPG 1.0 1.0 1.0 1.0 1.0 1.0 1.0 1.0 1.0 1.0 1.0 1.0 1.0 1.0 1.0 1.0 1.0 1.0 1.0 1.0 1.0 1.0 1.0 1.0 1.0 1.0 
DIST_NGS 1.0 1.0 1.0 1.0 1.0 1.0 1.0 1.0 1.0 1.0 1.0 1.0 1.0 1.0 1.0 1.0 1.0 1.0 1.0 1.0 1.0 1.0 1.0 1.0 1.0 1.0 
DIST_CRU 1.0 1.0 1.0 1.0 1.0 1.0 1.0 1.0 1.0 1.0 1.0 1.0 1.0 1.0 1.0 1.0 1.0 1.0 1.0 1.0 1.0 1.0 1.0 1.0 1.0 1.0 
DIST_OPE 1.0 1.0 1.0 1.0 1.0 1.0 1.0 1.0 1.0 1.0 1.0 1.0 1.0 1.0 1.0 1.0 1.0 1.0 1.0 1.0 1.0 1.0 1.0 1.0 1.0 1.0 
DIST_RDF 1.0 1.0 1.0 1.0 1.0 1.0 1.0 1.0 1.0 1.0 1.0 1.0 1.0 1.0 1.0 1.0 1.0 1.0 1.0 1.0 1.0 1.0 1.0 1.0 1.0 1.0 
DIST_OID 1.0 1.0 1.0 1.0 1.0 1.0 1.0 1.0 1.0 1.0 1.0 1.0 1.0 1.0 1.0 1.0 1.0 1.0 1.0 1.0 1.0 1.0 1.0 1.0 1.0 1.0 
PPPVD 1.0 1.0 1.0 1.0 1.0 1.0 1.0 1.0 1.0 1.0 1.0 1.0 1.0 1.0 1.0 1.0 1.0 1.0 1.0 1.0 1.0 1.0 1.0 1.0 1.0 1.0 
PPPVDS 1.0 1.0 1.0 1.0 1.0 1.0 1.0 1.0 1.0 1.0 1.0 1.0 1.0 1.0 1.0 1.0 1.0 1.0 1.0 1.0 1.0 1.0 1.0 1.0 1.0 1.0 
PPGEO 1.0 1.0 1.0 1.0 1.0 1.0 1.0 1.0 1.0 1.0 1.0 1.0 1.0 1.0 1.0 1.0 1.0 1.0 1.0 1.0 1.0 1.0 1.0 1.0 1.0 1.0 
PPHDAMAB 1.0 1.0 1.0 1.0 1.0 1.0 1.0 1.0 1.0 1.0 1.0 1.0 1.0 1.0 1.0 1.0 1.0 1.0 1.0 1.0 1.0 1.0 1.0 1.0 1.0 1.0 
PPHDAMAM 1.0 1.0 1.0 1.0 1.0 1.0 1.0 1.0 1.0 1.0 1.0 1.0 1.0 1.0 1.0 1.0 1.0 1.0 1.0 1.0 1.0 1.0 1.0 1.0 1.0 1.0 
PPHDAMAS 1.0 1.0 1.0 1.0 1.0 1.0 1.0 1.0 1.0 1.0 1.0 1.0 1.0 1.0 1.0 1.0 1.0 1.0 1.0 1.0 1.0 1.0 1.0 1.0 1.0 1.0 
PPHDAMPM 1.0 1.0 1.0 1.0 1.0 1.0 1.0 1.0 1.0 1.0 1.0 1.0 1.0 1.0 1.0 1.0 1.0 1.0 1.0 1.0 1.0 1.0 1.0 1.0 1.0 1.0 
PPHDAMPS 1.0 1.0 1.0 1.0 1.0 1.0 1.0 1.0 1.0 1.0 1.0 1.0 1.0 1.0 1.0 1.0 1.0 1.0 1.0 1.0 1.0 1.0 1.0 1.0 1.0 1.0 
PPHRORAB 1.0 1.0 1.0 1.0 1.0 1.0 1.0 1.0 1.0 1.0 1.0 1.0 1.0 1.0 1.0 1.0 1.0 1.0 1.0 1.0 1.0 1.0 1.0 1.0 1.0 1.0 
PPHRORAM 1.0 1.0 1.0 1.0 1.0 1.0 1.0 1.0 1.0 1.0 1.0 1.0 1.0 1.0 1.0 1.0 1.0 1.0 1.0 1.0 1.0 1.0 1.0 1.0 1.0 1.0 
PPHRORAS 1.0 1.0 1.0 1.0 1.0 1.0 1.0 1.0 1.0 1.0 1.0 1.0 1.0 1.0 1.0 1.0 1.0 1.0 1.0 1.0 1.0 1.0 1.0 1.0 1.0 1.0 
PPHRORPM 1.0 1.0 1.0 1.0 1.0 1.0 1.0 1.0 1.0 1.0 1.0 1.0 1.0 1.0 1.0 1.0 1.0 1.0 1.0 1.0 1.0 1.0 1.0 1.0 1.0 1.0 
PPHRORPS 1.0 1.0 1.0 1.0 1.0 1.0 1.0 1.0 1.0 1.0 1.0 1.0 1.0 1.0 1.0 1.0 1.0 1.0 1.0 1.0 1.0 1.0 1.0 1.0 1.0 1.0 
PPPVT 1.0 1.0 1.0 1.0 1.0 1.0 1.0 1.0 1.0 1.0 1.0 1.0 1.0 1.0 1.0 1.0 1.0 1.0 1.0 1.0 1.0 1.0 1.0 1.0 1.0 1.0 
PPPVTS 1.0 1.0 1.0 1.0 1.0 1.0 1.0 1.0 1.0 1.0 1.0 1.0 1.0 1.0 1.0 1.0 1.0 1.0 1.0 1.0 1.0 1.0 1.0 1.0 1.0 1.0 
PPWNDON 1.0 1.0 1.0 1.0 1.0 1.0 1.0 1.0 1.0 1.0 1.0 1.0 1.0 1.0 1.0 1.0 1.0 1.0 1.0 1.0 1.0 1.0 1.0 1.0 1.0 1.0 
PPHD 1.0 1.0 1.0 1.0 1.0 1.0 1.0 1.0 1.0 1.0 1.0 1.0 1.0 1.0 1.0 1.0 1.0 1.0 1.0 1.0 1.0 1.0 1.0 1.0 1.0 1.0 
PPIHD 1.0 1.0 1.0 1.0 1.0 1.0 1.0 1.0 1.0 1.0 1.0 1.0 1.0 1.0 1.0 1.0 1.0 1.0 1.0 1.0 1.0 1.0 1.0 1.0 1.0 1.0 
PPWNDD 1.0 1.0 1.0 1.0 1.0 1.0 1.0 1.0 1.0 1.0 1.0 1.0 1.0 1.0 1.0 1.0 1.0 1.0 1.0 1.0 1.0 1.0 1.0 1.0 1.0 1.0 
EXTT_NGS 1.0 1.0 1.0 1.0 1.0 1.0 1.0 1.0 1.0 1.0 1.0 1.0 1.0 1.0 1.0 1.0 1.0 1.0 1.0 1.0 1.0 1.0 1.0 1.0 1.0 1.0 
ADD_GRE 1.0 1.0 1.0 1.0 1.0 1.0 1.0 1.0 1.0 1.0 1.0 1.0 1.0 1.0 1.0 1.0 1.0 1.0 1.0 1.0 1.0 1.0 1.0 1.0 1.0 1.0 
EXTT_CRU 1.0 1.0 1.0 1.0 1.0 1.0 1.0 1.0 1.0 1.0 1.0 1.0 1.0 1.0 1.0 1.0 1.0 1.0 1.0 1.0 1.0 1.0 1.0 1.0 1.0 1.0 
IMPELE 1.0 1.0 1.0 1.0 1.0 1.0 1.0 1.0 1.0 1.0 1.0 1.0 1.0 1.0 1.0 1.0 1.0 1.0 1.0 1.0 1.0 1.0 1.0 1.0 1.0 1.0 
ELE_TRANS 1.0 1.0 1.0 1.0 1.0 1.0 1.0 1.0 1.0 1.0 1.0 1.0 1.0 1.0 1.0 1.0 1.0 1.0 1.0 1.0 1.0 1.0 1.0 1.0 1.0 1.0 
ELE_DIST 1.0 1.0 1.0 1.0 1.0 1.0 1.0 1.0 1.0 1.0 1.0 1.0 1.0 1.0 1.0 1.0 1.0 1.0 1.0 1.0 1.0 1.0 1.0 1.0 1.0 1.0 
HYD_G_PROD 1.0 1.0 1.0 1.0 1.0 1.0 1.0 1.0 1.0 1.0 1.0 1.0 1.0 1.0 1.0 1.0 1.0 1.0 1.0 1.0 1.0 1.0 1.0 1.0 1.0 1.0 
HYD_DIST 1.0 1.0 1.0 1.0 1.0 1.0 1.0 1.0 1.0 1.0 1.0 1.0 1.0 1.0 1.0 1.0 1.0 1.0 1.0 1.0 1.0 1.0 1.0 1.0 1.0 1.0 
STOELE 1.0 1.0 1.0 1.0 1.0 1.0 1.0 1.0 1.0 1.0 1.0 1.0 1.0 1.0 1.0 1.0 1.0 1.0 1.0 1.0 1.0 1.0 1.0 1.0 1.0 1.0 
PPBIM 2.0 2.0 2.0 2.0 2.0 2.0 2.0 2.0 2.0 2.0 2.0 2.0 2.0 2.0 2.0 2.0 2.0 2.0 2.0 2.0 2.0 2.0 2.0 2.0 2.0 2.0 
PPBGS 1.0 1.0 1.0 1.0 1.0 1.0 1.0 1.0 1.0 1.0 1.0 1.0 1.0 1.0 1.0 1.0 1.0 1.0 1.0 1.0 1.0 1.0 1.0 1.0 1.0 1.0 
PPNGS 1.0 1.0 1.0 1.0 1.0 1.0 1.0 1.0 1.0 1.0 1.0 1.0 1.0 1.0 1.0 1.0 1.0 1.0 1.0 1.0 1.0 1.0 1.0 1.0 1.0 1.0 
PPDSL 1.0 1.0 1.0 1.0 1.0 1.0 1.0 1.0 1.0 1.0 1.0 1.0 1.0 1.0 1.0 1.0 1.0 1.0 1.0 1.0 1.0 1.0 1.0 1.0 1.0 1.0 
PPFOI 1.0 1.0 1.0 1.0 1.0 1.0 1.0 1.0 1.0 1.0 1.0 1.0 1.0 1.0 1.0 1.0 1.0 1.0 1.0 1.0 1.0 1.0 1.0 1.0 1.0 1.0 
PPCRU 1.0 1.0 1.0 1.0 1.0 1.0 1.0 1.0 1.0 1.0 1.0 1.0 1.0 1.0 1.0 1.0 1.0 1.0 1.0 1.0 1.0 1.0 1.0 1.0 1.0 1.0 
PPRNGS 1.0 1.0 1.0 1.0 1.0 1.0 1.0 1.0 1.0 1.0 1.0 1.0 1.0 1.0 1.0 1.0 1.0 1.0 1.0 1.0 1.0 1.0 1.0 1.0 1.0 1.0 
PPRDSL 1.0 1.0 1.0 1.0 1.0 1.0 1.0 1.0 1.0 1.0 1.0 1.0 1.0 1.0 1.0 1.0 1.0 1.0 1.0 1.0 1.0 1.0 1.0 1.0 1.0 1.0 
PPDFOI 1.0 1.0 1.0 1.0 1.0 1.0 1.0 1.0 1.0 1.0 1.0 1.0 1.0 1.0 1.0 1.0 1.0 1.0 1.0 1.0 1.0 1.0 1.0 1.0 1.0 1.0 
PPDDSL 1.0 1.0 1.0 1.0 1.0 1.0 1.0 1.0 1.0 1.0 1.0 1.0 1.0 1.0 1.0 1.0 1.0 1.0 1.0 1.0 1.0 1.0 1.0 1.0 1.0 1.0 
PPILPG 1.0 1.0 1.0 1.0 1.0 1.0 1.0 1.0 1.0 1.0 1.0 1.0 1.0 1.0 1.0 1.0 1.0 1.0 1.0 1.0 1.0 1.0 1.0 1.0 1.0 1.0 
PPIBIM 1.0 1.0 1.0 1.0 1.0 1.0 1.0 1.0 1.0 1.0 1.0 1.0 1.0 1.0 1.0 1.0 1.0 1.0 1.0 1.0 1.0 1.0 1.0 1.0 1.0 1.0 
PROCRU 1.0 1.0 1.0 1.0 1.0 1.0 1.0 1.0 1.0 1.0 1.0 1.0 1.0 1.0 1.0 1.0 1.0 1.0 1.0 1.0 1.0 1.0 1.0 1.0 1.0 1.0 
PRONGS 1.0 1.0 1.0 1.0 1.0 1.0 1.0 1.0 1.0 1.0 1.0 1.0 1.0 1.0 1.0 1.0 1.0 1.0 1.0 1.0 1.0 1.0 1.0 1.0 1.0 1.0 
;

param InputActivityRatio default 0 :=
[ECU,T5ELECON,E3ELE,*,*]:
2010 2011 2012 2013 2014 2015 2016 2017 2018 2019 2020 2021 2022 2023 2024 2025 2026 2027 2028 2029 2030 2031 2032 2033 2034 2035 :=
1 1.0 1.0 1.0 1.0 1.0 1.0 1.0 1.0 1.0 1.0 1.0 1.0 1.0 1.0 1.0 1.0 1.0 1.0 1.0 1.0 1.0 1.0 1.0 1.0 1.0 1.0 
[ECU,T5GSLRES,E1GSL,*,*]:
2010 2011 2012 2013 2014 2015 2016 2017 2018 2019 2020 2021 2022 2023 2024 2025 2026 2027 2028 2029 2030 2031 2032 2033 2034 2035 :=
1 1.0 1.0 1.0 1.0 1.0 1.0 1.0 1.0 1.0 1.0 1.0 1.0 1.0 1.0 1.0 1.0 1.0 1.0 1.0 1.0 1.0 1.0 1.0 1.0 1.0 1.0 
[ECU,PROCRU,E0GSL,*,*]:
2010 2011 2012 2013 2014 2015 2016 2017 2018 2019 2020 2021 2022 2023 2024 2025 2026 2027 2028 2029 2030 2031 2032 2033 2034 2035 :=
1 0.0027 0.003 0.003 0.003 0.003 0.003 0.0024 0.0024 0.0019 0.0019 0.0019 0.0019 0.0019 0.0019 0.0019 0.0019 0.0019 0.0019 0.0019 0.0019 0.0019 0.0019 0.0019 0.0019 0.0019 0.0019 
[ECU,T5CHARES,E1CHA,*,*]:
2010 2011 2012 2013 2014 2015 2016 2017 2018 2019 2020 2021 2022 2023 2024 2025 2026 2027 2028 2029 2030 2031 2032 2033 2034 2035 :=
1 1.0 1.0 1.0 1.0 1.0 1.0 1.0 1.0 1.0 1.0 1.0 1.0 1.0 1.0 1.0 1.0 1.0 1.0 1.0 1.0 1.0 1.0 1.0 1.0 1.0 1.0 
[ECU,PPRDSL,E1DSL,*,*]:
2010 2011 2012 2013 2014 2015 2016 2017 2018 2019 2020 2021 2022 2023 2024 2025 2026 2027 2028 2029 2030 2031 2032 2033 2034 2035 :=
1 6.4114 2.781 2.781 2.5349 2.5349 2.6705 2.6705 2.0812 2.0812 2.993 2.9349 2.8901 2.8901 2.8901 2.8901 2.8901 2.8901 2.8901 2.8901 2.8901 2.8901 2.8901 2.8901 2.8901 2.8901 2.8901 
[ECU,T5FIRRES,E1FIR,*,*]:
2010 2011 2012 2013 2014 2015 2016 2017 2018 2019 2020 2021 2022 2023 2024 2025 2026 2027 2028 2029 2030 2031 2032 2033 2034 2035 :=
1 1.0 1.0 1.0 1.0 1.0 1.0 1.0 1.0 1.0 1.0 1.0 1.0 1.0 1.0 1.0 1.0 1.0 1.0 1.0 1.0 1.0 1.0 1.0 1.0 1.0 1.0 
[ECU,T5OPECON,E1OPE,*,*]:
2010 2011 2012 2013 2014 2015 2016 2017 2018 2019 2020 2021 2022 2023 2024 2025 2026 2027 2028 2029 2030 2031 2032 2033 2034 2035 :=
1 1.0 1.0 1.0 1.0 1.0 1.0 1.0 1.0 1.0 1.0 1.0 1.0 1.0 1.0 1.0 1.0 1.0 1.0 1.0 1.0 1.0 1.0 1.0 1.0 1.0 1.0 
[ECU,PPDDSL,E1DSL,*,*]:
2010 2011 2012 2013 2014 2015 2016 2017 2018 2019 2020 2021 2022 2023 2024 2025 2026 2027 2028 2029 2030 2031 2032 2033 2034 2035 :=
1 3.5768 4.3645 4.3645 4.0603 4.0603 4.1623 4.1623 5.0098 5.0098 3.182 3.1124 3.1959 3.1959 3.1959 3.1959 3.1959 3.1959 3.1959 3.1959 3.1959 3.1959 3.1959 3.1959 3.1959 3.1959 3.1959 
[ECU,T5LPGTMA,E1LPG,*,*]:
2010 2011 2012 2013 2014 2015 2016 2017 2018 2019 2020 2021 2022 2023 2024 2025 2026 2027 2028 2029 2030 2031 2032 2033 2034 2035 :=
1 1.0 1.0 1.0 1.0 1.0 1.0 1.0 1.0 1.0 1.0 1.0 1.0 1.0 1.0 1.0 1.0 1.0 1.0 1.0 1.0 1.0 1.0 1.0 1.0 1.0 1.0 
[ECU,T5NGSRES,E1NGS,*,*]:
2010 2011 2012 2013 2014 2015 2016 2017 2018 2019 2020 2021 2022 2023 2024 2025 2026 2027 2028 2029 2030 2031 2032 2033 2034 2035 :=
1 1.0 1.0 1.0 1.0 1.0 1.0 1.0 1.0 1.0 1.0 1.0 1.0 1.0 1.0 1.0 1.0 1.0 1.0 1.0 1.0 1.0 1.0 1.0 1.0 1.0 1.0 
[ECU,T5NGSTMA,E1NGS,*,*]:
2010 2011 2012 2013 2014 2015 2016 2017 2018 2019 2020 2021 2022 2023 2024 2025 2026 2027 2028 2029 2030 2031 2032 2033 2034 2035 :=
1 1.0 1.0 1.0 1.0 1.0 1.0 1.0 1.0 1.0 1.0 1.0 1.0 1.0 1.0 1.0 1.0 1.0 1.0 1.0 1.0 1.0 1.0 1.0 1.0 1.0 1.0 
[ECU,T5GSLTRO,E1GSL,*,*]:
2010 2011 2012 2013 2014 2015 2016 2017 2018 2019 2020 2021 2022 2023 2024 2025 2026 2027 2028 2029 2030 2031 2032 2033 2034 2035 :=
1 1.0 1.0 1.0 1.0 1.0 1.0 1.0 1.0 1.0 1.0 1.0 1.0 1.0 1.0 1.0 1.0 1.0 1.0 1.0 1.0 1.0 1.0 1.0 1.0 1.0 1.0 
[ECU,T5FOICOM,E1FO1,*,*]:
2010 2011 2012 2013 2014 2015 2016 2017 2018 2019 2020 2021 2022 2023 2024 2025 2026 2027 2028 2029 2030 2031 2032 2033 2034 2035 :=
1 1.0 1.0 1.0 1.0 1.0 1.0 1.0 1.0 1.0 1.0 1.0 1.0 1.0 1.0 1.0 1.0 1.0 1.0 1.0 1.0 1.0 1.0 1.0 1.0 1.0 1.0 
[ECU,T5ALLTRNLPG,E1LPG,*,*]:
2010 2011 2012 2013 2014 2015 2016 2017 2018 2019 2020 2021 2022 2023 2024 2025 2026 2027 2028 2029 2030 2031 2032 2033 2034 2035 :=
1 1.0 1.0 1.0 1.0 1.0 1.0 1.0 1.0 1.0 1.0 1.0 1.0 1.0 1.0 1.0 1.0 1.0 1.0 1.0 1.0 1.0 1.0 1.0 1.0 1.0 1.0 
[ECU,HYD_G_PROD,E1ELE,*,*]:
2010 2011 2012 2013 2014 2015 2016 2017 2018 2019 2020 2021 2022 2023 2024 2025 2026 2027 2028 2029 2030 2031 2032 2033 2034 2035 :=
1 1.0 1.0 1.0 1.0 1.0 1.0 1.0 1.0 1.0 1.0 1.0 1.0 1.0 1.0 1.0 1.0 1.0 1.0 1.0 1.0 1.0 1.0 1.0 1.0 1.0 1.0 
[ECU,T5COAIND,E1COA,*,*]:
2010 2011 2012 2013 2014 2015 2016 2017 2018 2019 2020 2021 2022 2023 2024 2025 2026 2027 2028 2029 2030 2031 2032 2033 2034 2035 :=
1 1.0 1.0 1.0 1.0 1.0 1.0 1.0 1.0 1.0 1.0 1.0 1.0 1.0 1.0 1.0 1.0 1.0 1.0 1.0 1.0 1.0 1.0 1.0 1.0 1.0 1.0 
[ECU,T5FOICON,E1FO1,*,*]:
2010 2011 2012 2013 2014 2015 2016 2017 2018 2019 2020 2021 2022 2023 2024 2025 2026 2027 2028 2029 2030 2031 2032 2033 2034 2035 :=
1 1.0 1.0 1.0 1.0 1.0 1.0 1.0 1.0 1.0 1.0 1.0 1.0 1.0 1.0 1.0 1.0 1.0 1.0 1.0 1.0 1.0 1.0 1.0 1.0 1.0 1.0 
[ECU,PROCRU,E0LPG,*,*]:
2010 2011 2012 2013 2014 2015 2016 2017 2018 2019 2020 2021 2022 2023 2024 2025 2026 2027 2028 2029 2030 2031 2032 2033 2034 2035 :=
1 0.0043 0.004 0.004 0.0033 0.0033 0.0033 0.0022 0.0022 0.0022 0.0022 0.0022 0.0022 0.0022 0.0022 0.0022 0.0022 0.0022 0.0022 0.0022 0.0022 0.0022 0.0022 0.0022 0.0022 0.0022 0.0022 
[ECU,PPDFOI,E1FO1,*,*]:
2010 2011 2012 2013 2014 2015 2016 2017 2018 2019 2020 2021 2022 2023 2024 2025 2026 2027 2028 2029 2030 2031 2032 2033 2034 2035 :=
1 1.9167 2.7336 2.7336 2.6497 2.6497 2.6213 2.6213 2.9101 2.9101 2.6916 2.6871 2.6785 2.6785 2.6785 2.6785 2.6785 2.6785 2.6785 2.6785 2.6785 2.6785 2.6785 2.6785 2.6785 2.6785 2.6785 
[ECU,TRXTRAIELE,E4ELE_HEA,*,*]:
2010 2011 2012 2013 2014 2015 2016 2017 2018 2019 2020 2021 2022 2023 2024 2025 2026 2027 2028 2029 2030 2031 2032 2033 2034 2035 :=
1 1.0 1.0 1.0 1.0 1.0 1.0 1.0 1.0 1.0 1.0 1.0 1.0 1.0 1.0 1.0 1.0 1.0 1.0 1.0 1.0 1.0 1.0 1.0 1.0 1.0 1.0 
[ECU,T5DSLTRO,E1DSL,*,*]:
2010 2011 2012 2013 2014 2015 2016 2017 2018 2019 2020 2021 2022 2023 2024 2025 2026 2027 2028 2029 2030 2031 2032 2033 2034 2035 :=
1 1.0 1.0 1.0 1.0 1.0 1.0 1.0 1.0 1.0 1.0 1.0 1.0 1.0 1.0 1.0 1.0 1.0 1.0 1.0 1.0 1.0 1.0 1.0 1.0 1.0 1.0 
[ECU,T5TAEGSL,E1GSL,*,*]:
2010 2011 2012 2013 2014 2015 2016 2017 2018 2019 2020 2021 2022 2023 2024 2025 2026 2027 2028 2029 2030 2031 2032 2033 2034 2035 :=
1 1.0 1.0 1.0 1.0 1.0 1.0 1.0 1.0 1.0 1.0 1.0 1.0 1.0 1.0 1.0 1.0 1.0 1.0 1.0 1.0 1.0 1.0 1.0 1.0 1.0 1.0 
[ECU,T5HYDIND,E3HYD,*,*]:
2010 2011 2012 2013 2014 2015 2016 2017 2018 2019 2020 2021 2022 2023 2024 2025 2026 2027 2028 2029 2030 2031 2032 2033 2034 2035 :=
1 1.0 1.0 1.0 1.0 1.0 1.0 1.0 1.0 1.0 1.0 1.0 1.0 1.0 1.0 1.0 1.0 1.0 1.0 1.0 1.0 1.0 1.0 1.0 1.0 1.0 1.0 
[ECU,T5FIRIND,E1FIR,*,*]:
2010 2011 2012 2013 2014 2015 2016 2017 2018 2019 2020 2021 2022 2023 2024 2025 2026 2027 2028 2029 2030 2031 2032 2033 2034 2035 :=
1 1.0 1.0 1.0 1.0 1.0 1.0 1.0 1.0 1.0 1.0 1.0 1.0 1.0 1.0 1.0 1.0 1.0 1.0 1.0 1.0 1.0 1.0 1.0 1.0 1.0 1.0 
[ECU,T5DSLTMA,E1DSL,*,*]:
2010 2011 2012 2013 2014 2015 2016 2017 2018 2019 2020 2021 2022 2023 2024 2025 2026 2027 2028 2029 2030 2031 2032 2033 2034 2035 :=
1 1.0 1.0 1.0 1.0 1.0 1.0 1.0 1.0 1.0 1.0 1.0 1.0 1.0 1.0 1.0 1.0 1.0 1.0 1.0 1.0 1.0 1.0 1.0 1.0 1.0 1.0 
[ECU,T5NGSTRO,E1NGS,*,*]:
2010 2011 2012 2013 2014 2015 2016 2017 2018 2019 2020 2021 2022 2023 2024 2025 2026 2027 2028 2029 2030 2031 2032 2033 2034 2035 :=
1 1.0 1.0 1.0 1.0 1.0 1.0 1.0 1.0 1.0 1.0 1.0 1.0 1.0 1.0 1.0 1.0 1.0 1.0 1.0 1.0 1.0 1.0 1.0 1.0 1.0 1.0 
[ECU,T5DSLIND,E1DSL,*,*]:
2010 2011 2012 2013 2014 2015 2016 2017 2018 2019 2020 2021 2022 2023 2024 2025 2026 2027 2028 2029 2030 2031 2032 2033 2034 2035 :=
1 1.0 1.0 1.0 1.0 1.0 1.0 1.0 1.0 1.0 1.0 1.0 1.0 1.0 1.0 1.0 1.0 1.0 1.0 1.0 1.0 1.0 1.0 1.0 1.0 1.0 1.0 
[ECU,Techs_Rail,E5TRXTRAI,*,*]:
2010 2011 2012 2013 2014 2015 2016 2017 2018 2019 2020 2021 2022 2023 2024 2025 2026 2027 2028 2029 2030 2031 2032 2033 2034 2035 :=
1 1.0 1.0 1.0 1.0 1.0 1.0 1.0 1.0 1.0 1.0 1.0 1.0 1.0 1.0 1.0 1.0 1.0 1.0 1.0 1.0 1.0 1.0 1.0 1.0 1.0 1.0 
[ECU,PROCRU,E0GRE,*,*]:
2010 2011 2012 2013 2014 2015 2016 2017 2018 2019 2020 2021 2022 2023 2024 2025 2026 2027 2028 2029 2030 2031 2032 2033 2034 2035 :=
1 0.0076 0.0074 0.0074 0.0108 0.0108 0.0049 0.0049 0.0049 0.0047 0.0047 0.0047 0.0047 0.0047 0.0047 0.0047 0.0047 0.0047 0.0047 0.0047 0.0047 0.0047 0.0047 0.0047 0.0047 0.0047 0.0047 
[ECU,T5ALLTRNFOI,E1FO1,*,*]:
2010 2011 2012 2013 2014 2015 2016 2017 2018 2019 2020 2021 2022 2023 2024 2025 2026 2027 2028 2029 2030 2031 2032 2033 2034 2035 :=
1 1.0 1.0 1.0 1.0 1.0 1.0 1.0 1.0 1.0 1.0 1.0 1.0 1.0 1.0 1.0 1.0 1.0 1.0 1.0 1.0 1.0 1.0 1.0 1.0 1.0 1.0 
[ECU,T5ALLTRNELE,E3ELE,*,*]:
2010 2011 2012 2013 2014 2015 2016 2017 2018 2019 2020 2021 2022 2023 2024 2025 2026 2027 2028 2029 2030 2031 2032 2033 2034 2035 :=
1 1.0 1.0 1.0 1.0 1.0 1.0 1.0 1.0 1.0 1.0 1.0 1.0 1.0 1.0 1.0 1.0 1.0 1.0 1.0 1.0 1.0 1.0 1.0 1.0 1.0 1.0 
[ECU,T5CONKER,E1JET,*,*]:
2010 2011 2012 2013 2014 2015 2016 2017 2018 2019 2020 2021 2022 2023 2024 2025 2026 2027 2028 2029 2030 2031 2032 2033 2034 2035 :=
1 1.0 1.0 1.0 1.0 1.0 1.0 1.0 1.0 1.0 1.0 1.0 1.0 1.0 1.0 1.0 1.0 1.0 1.0 1.0 1.0 1.0 1.0 1.0 1.0 1.0 1.0 
[ECU,T5OIDIND,E1OID,*,*]:
2010 2011 2012 2013 2014 2015 2016 2017 2018 2019 2020 2021 2022 2023 2024 2025 2026 2027 2028 2029 2030 2031 2032 2033 2034 2035 :=
1 1.0 1.0 1.0 1.0 1.0 1.0 1.0 1.0 1.0 1.0 1.0 1.0 1.0 1.0 1.0 1.0 1.0 1.0 1.0 1.0 1.0 1.0 1.0 1.0 1.0 1.0 
[ECU,T5DSLCOM,E1DSL,*,*]:
2010 2011 2012 2013 2014 2015 2016 2017 2018 2019 2020 2021 2022 2023 2024 2025 2026 2027 2028 2029 2030 2031 2032 2033 2034 2035 :=
1 1.0 1.0 1.0 1.0 1.0 1.0 1.0 1.0 1.0 1.0 1.0 1.0 1.0 1.0 1.0 1.0 1.0 1.0 1.0 1.0 1.0 1.0 1.0 1.0 1.0 1.0 
[ECU,T5BGSTRO,E1BGS,*,*]:
2010 2011 2012 2013 2014 2015 2016 2017 2018 2019 2020 2021 2022 2023 2024 2025 2026 2027 2028 2029 2030 2031 2032 2033 2034 2035 :=
1 1.0 1.0 1.0 1.0 1.0 1.0 1.0 1.0 1.0 1.0 1.0 1.0 1.0 1.0 1.0 1.0 1.0 1.0 1.0 1.0 1.0 1.0 1.0 1.0 1.0 1.0 
[ECU,T5TRNFOI,E1FO1,*,*]:
2010 2011 2012 2013 2014 2015 2016 2017 2018 2019 2020 2021 2022 2023 2024 2025 2026 2027 2028 2029 2030 2031 2032 2033 2034 2035 :=
1 1.0 1.0 1.0 1.0 1.0 1.0 1.0 1.0 1.0 1.0 1.0 1.0 1.0 1.0 1.0 1.0 1.0 1.0 1.0 1.0 1.0 1.0 1.0 1.0 1.0 1.0 
[ECU,PPDSL,E1DSL,*,*]:
2010 2011 2012 2013 2014 2015 2016 2017 2018 2019 2020 2021 2022 2023 2024 2025 2026 2027 2028 2029 2030 2031 2032 2033 2034 2035 :=
1 6.4114 2.781 2.781 2.5349 2.5349 2.6705 2.6705 2.0812 2.0812 2.993 2.9349 2.8901 2.8901 2.8901 2.8901 2.8901 2.8901 2.8901 2.8901 2.8901 2.8901 2.8901 2.8901 2.8901 2.8901 2.8901 
[ECU,HYD_DIST,E2HYDG,*,*]:
2010 2011 2012 2013 2014 2015 2016 2017 2018 2019 2020 2021 2022 2023 2024 2025 2026 2027 2028 2029 2030 2031 2032 2033 2034 2035 :=
1 1.0 1.0 1.0 1.0 1.0 1.0 1.0 1.0 1.0 1.0 1.0 1.0 1.0 1.0 1.0 1.0 1.0 1.0 1.0 1.0 1.0 1.0 1.0 1.0 1.0 1.0 
[ECU,T5TCAGSL,E1GSL,*,*]:
2010 2011 2012 2013 2014 2015 2016 2017 2018 2019 2020 2021 2022 2023 2024 2025 2026 2027 2028 2029 2030 2031 2032 2033 2034 2035 :=
1 1.0 1.0 1.0 1.0 1.0 1.0 1.0 1.0 1.0 1.0 1.0 1.0 1.0 1.0 1.0 1.0 1.0 1.0 1.0 1.0 1.0 1.0 1.0 1.0 1.0 1.0 
[ECU,REF_DSL,E1CRU,*,*]:
2010 2011 2012 2013 2014 2015 2016 2017 2018 2019 2020 2021 2022 2023 2024 2025 2026 2027 2028 2029 2030 2031 2032 2033 2034 2035 :=
1 1.0 1.0 1.0 1.0 1.0 1.0 1.0 1.0 1.0 1.0 1.0 1.0 1.0 1.0 1.0 1.0 1.0 1.0 1.0 1.0 1.0 1.0 1.0 1.0 1.0 1.0 
[ECU,PPNGS,E1NGS,*,*]:
2010 2011 2012 2013 2014 2015 2016 2017 2018 2019 2020 2021 2022 2023 2024 2025 2026 2027 2028 2029 2030 2031 2032 2033 2034 2035 :=
1 3.5768 4.3645 4.3645 4.0603 4.0603 4.1623 4.1623 5.0098 5.0098 3.182 3.1124 3.1959 3.1959 3.1959 3.1959 3.1959 3.1959 3.1959 3.1959 3.1959 3.1959 3.1959 3.1959 3.1959 3.1959 3.1959 
[ECU,T5ALLTRNGSL,E1GSL,*,*]:
2010 2011 2012 2013 2014 2015 2016 2017 2018 2019 2020 2021 2022 2023 2024 2025 2026 2027 2028 2029 2030 2031 2032 2033 2034 2035 :=
1 1.0 1.0 1.0 1.0 1.0 1.0 1.0 1.0 1.0 1.0 1.0 1.0 1.0 1.0 1.0 1.0 1.0 1.0 1.0 1.0 1.0 1.0 1.0 1.0 1.0 1.0 
[ECU,T5CRUEXP,E0CRU,*,*]:
2010 2011 2012 2013 2014 2015 2016 2017 2018 2019 2020 2021 2022 2023 2024 2025 2026 2027 2028 2029 2030 2031 2032 2033 2034 2035 :=
1 1.0 1.0 1.0 1.0 1.0 1.0 1.0 1.0 1.0 1.0 1.0 1.0 1.0 1.0 1.0 1.0 1.0 1.0 1.0 1.0 1.0 1.0 1.0 1.0 1.0 1.0 
[ECU,PROCRU,E0FOI,*,*]:
2010 2011 2012 2013 2014 2015 2016 2017 2018 2019 2020 2021 2022 2023 2024 2025 2026 2027 2028 2029 2030 2031 2032 2033 2034 2035 :=
1 0.0269 0.0264 0.0264 0.0291 0.0291 0.0291 0.0244 0.0244 0.0231 0.0231 0.0231 0.0231 0.0231 0.0231 0.0231 0.0231 0.0231 0.0231 0.0231 0.0231 0.0231 0.0231 0.0231 0.0231 0.0231 0.0231 
[ECU,T5LPGCOM,E1LPG,*,*]:
2010 2011 2012 2013 2014 2015 2016 2017 2018 2019 2020 2021 2022 2023 2024 2025 2026 2027 2028 2029 2030 2031 2032 2033 2034 2035 :=
1 1.0 1.0 1.0 1.0 1.0 1.0 1.0 1.0 1.0 1.0 1.0 1.0 1.0 1.0 1.0 1.0 1.0 1.0 1.0 1.0 1.0 1.0 1.0 1.0 1.0 1.0 
[ECU,T5ELEPUB,E3ELE,*,*]:
2010 2011 2012 2013 2014 2015 2016 2017 2018 2019 2020 2021 2022 2023 2024 2025 2026 2027 2028 2029 2030 2031 2032 2033 2034 2035 :=
1 1.0 1.0 1.0 1.0 1.0 1.0 1.0 1.0 1.0 1.0 1.0 1.0 1.0 1.0 1.0 1.0 1.0 1.0 1.0 1.0 1.0 1.0 1.0 1.0 1.0 1.0 
[ECU,T5JETTAE,E1JET,*,*]:
2010 2011 2012 2013 2014 2015 2016 2017 2018 2019 2020 2021 2022 2023 2024 2025 2026 2027 2028 2029 2030 2031 2032 2033 2034 2035 :=
1 1.0 1.0 1.0 1.0 1.0 1.0 1.0 1.0 1.0 1.0 1.0 1.0 1.0 1.0 1.0 1.0 1.0 1.0 1.0 1.0 1.0 1.0 1.0 1.0 1.0 1.0 
[ECU,T5TMAGSL,E1GSL,*,*]:
2010 2011 2012 2013 2014 2015 2016 2017 2018 2019 2020 2021 2022 2023 2024 2025 2026 2027 2028 2029 2030 2031 2032 2033 2034 2035 :=
1 1.0 1.0 1.0 1.0 1.0 1.0 1.0 1.0 1.0 1.0 1.0 1.0 1.0 1.0 1.0 1.0 1.0 1.0 1.0 1.0 1.0 1.0 1.0 1.0 1.0 1.0 
[ECU,T5ELEIND,E3ELE,*,*]:
2010 2011 2012 2013 2014 2015 2016 2017 2018 2019 2020 2021 2022 2023 2024 2025 2026 2027 2028 2029 2030 2031 2032 2033 2034 2035 :=
1 1.0 1.0 1.0 1.0 1.0 1.0 1.0 1.0 1.0 1.0 1.0 1.0 1.0 1.0 1.0 1.0 1.0 1.0 1.0 1.0 1.0 1.0 1.0 1.0 1.0 1.0 
[ECU,T5BIMIND,E1BIM,*,*]:
2010 2011 2012 2013 2014 2015 2016 2017 2018 2019 2020 2021 2022 2023 2024 2025 2026 2027 2028 2029 2030 2031 2032 2033 2034 2035 :=
1 1.0 1.0 1.0 1.0 1.0 1.0 1.0 1.0 1.0 1.0 1.0 1.0 1.0 1.0 1.0 1.0 1.0 1.0 1.0 1.0 1.0 1.0 1.0 1.0 1.0 1.0 
[ECU,T5LPGCON,E1LPG,*,*]:
2010 2011 2012 2013 2014 2015 2016 2017 2018 2019 2020 2021 2022 2023 2024 2025 2026 2027 2028 2029 2030 2031 2032 2033 2034 2035 :=
1 1.0 1.0 1.0 1.0 1.0 1.0 1.0 1.0 1.0 1.0 1.0 1.0 1.0 1.0 1.0 1.0 1.0 1.0 1.0 1.0 1.0 1.0 1.0 1.0 1.0 1.0 
[ECU,T5ELETMA,E3ELE,*,*]:
2010 2011 2012 2013 2014 2015 2016 2017 2018 2019 2020 2021 2022 2023 2024 2025 2026 2027 2028 2029 2030 2031 2032 2033 2034 2035 :=
1 1.0 1.0 1.0 1.0 1.0 1.0 1.0 1.0 1.0 1.0 1.0 1.0 1.0 1.0 1.0 1.0 1.0 1.0 1.0 1.0 1.0 1.0 1.0 1.0 1.0 1.0 
[ECU,PROCRU,E0CRU,*,*]:
2010 2011 2012 2013 2014 2015 2016 2017 2018 2019 2020 2021 2022 2023 2024 2025 2026 2027 2028 2029 2030 2031 2032 2033 2034 2035 :=
1 1.0 1.0 1.0 1.0 1.0 1.0 1.0 1.0 1.0 1.0 1.0 1.0 1.0 1.0 1.0 1.0 1.0 1.0 1.0 1.0 1.0 1.0 1.0 1.0 1.0 1.0 
[ECU,PPCRU,E1CRU,*,*]:
2010 2011 2012 2013 2014 2015 2016 2017 2018 2019 2020 2021 2022 2023 2024 2025 2026 2027 2028 2029 2030 2031 2032 2033 2034 2035 :=
1 2.2261 2.124 2.124 3.4806 3.4806 3.4781 3.4781 3.9345 3.9345 2.6722 2.7822 2.6484 2.6484 2.6484 2.6484 2.6484 2.6484 2.6484 2.6484 2.6484 2.6484 2.6484 2.6484 2.6484 2.6484 2.6484 
[ECU,T5LPGRES,E1LPG,*,*]:
2010 2011 2012 2013 2014 2015 2016 2017 2018 2019 2020 2021 2022 2023 2024 2025 2026 2027 2028 2029 2030 2031 2032 2033 2034 2035 :=
1 1.0 1.0 1.0 1.0 1.0 1.0 1.0 1.0 1.0 1.0 1.0 1.0 1.0 1.0 1.0 1.0 1.0 1.0 1.0 1.0 1.0 1.0 1.0 1.0 1.0 1.0 
[ECU,T5GSLIND,E1GSL,*,*]:
2010 2011 2012 2013 2014 2015 2016 2017 2018 2019 2020 2021 2022 2023 2024 2025 2026 2027 2028 2029 2030 2031 2032 2033 2034 2035 :=
1 1.0 1.0 1.0 1.0 1.0 1.0 1.0 1.0 1.0 1.0 1.0 1.0 1.0 1.0 1.0 1.0 1.0 1.0 1.0 1.0 1.0 1.0 1.0 1.0 1.0 1.0 
[ECU,T5JETEXP,E1JET,*,*]:
2010 2011 2012 2013 2014 2015 2016 2017 2018 2019 2020 2021 2022 2023 2024 2025 2026 2027 2028 2029 2030 2031 2032 2033 2034 2035 :=
1 1.0 1.0 1.0 1.0 1.0 1.0 1.0 1.0 1.0 1.0 1.0 1.0 1.0 1.0 1.0 1.0 1.0 1.0 1.0 1.0 1.0 1.0 1.0 1.0 1.0 1.0 
[ECU,T5KERRES,E1KER,*,*]:
2010 2011 2012 2013 2014 2015 2016 2017 2018 2019 2020 2021 2022 2023 2024 2025 2026 2027 2028 2029 2030 2031 2032 2033 2034 2035 :=
1 1.0 1.0 1.0 1.0 1.0 1.0 1.0 1.0 1.0 1.0 1.0 1.0 1.0 1.0 1.0 1.0 1.0 1.0 1.0 1.0 1.0 1.0 1.0 1.0 1.0 1.0 
[ECU,T5AGRLPG,E1LPG,*,*]:
2010 2011 2012 2013 2014 2015 2016 2017 2018 2019 2020 2021 2022 2023 2024 2025 2026 2027 2028 2029 2030 2031 2032 2033 2034 2035 :=
1 1.0 1.0 1.0 1.0 1.0 1.0 1.0 1.0 1.0 1.0 1.0 1.0 1.0 1.0 1.0 1.0 1.0 1.0 1.0 1.0 1.0 1.0 1.0 1.0 1.0 1.0 
[ECU,T5AGRDSL,E1DSL,*,*]:
2010 2011 2012 2013 2014 2015 2016 2017 2018 2019 2020 2021 2022 2023 2024 2025 2026 2027 2028 2029 2030 2031 2032 2033 2034 2035 :=
1 1.0 1.0 1.0 1.0 1.0 1.0 1.0 1.0 1.0 1.0 1.0 1.0 1.0 1.0 1.0 1.0 1.0 1.0 1.0 1.0 1.0 1.0 1.0 1.0 1.0 1.0 
[ECU,T5ALLTRNJET,E1JET,*,*]:
2010 2011 2012 2013 2014 2015 2016 2017 2018 2019 2020 2021 2022 2023 2024 2025 2026 2027 2028 2029 2030 2031 2032 2033 2034 2035 :=
1 1.0 1.0 1.0 1.0 1.0 1.0 1.0 1.0 1.0 1.0 1.0 1.0 1.0 1.0 1.0 1.0 1.0 1.0 1.0 1.0 1.0 1.0 1.0 1.0 1.0 1.0 
[ECU,PROCRU,E0JET,*,*]:
2010 2011 2012 2013 2014 2015 2016 2017 2018 2019 2020 2021 2022 2023 2024 2025 2026 2027 2028 2029 2030 2031 2032 2033 2034 2035 :=
1 0.0005 0.0006 0.0006 0.0005 0.0005 0.0005 0.0003 0.0003 0.0003 0.0003 0.0003 0.0003 0.0003 0.0003 0.0003 0.0003 0.0003 0.0003 0.0003 0.0003 0.0003 0.0003 0.0003 0.0003 0.0003 0.0003 
[ECU,T5ELETRO,E3ELE,*,*]:
2010 2011 2012 2013 2014 2015 2016 2017 2018 2019 2020 2021 2022 2023 2024 2025 2026 2027 2028 2029 2030 2031 2032 2033 2034 2035 :=
1 1.0 1.0 1.0 1.0 1.0 1.0 1.0 1.0 1.0 1.0 1.0 1.0 1.0 1.0 1.0 1.0 1.0 1.0 1.0 1.0 1.0 1.0 1.0 1.0 1.0 1.0 
[ECU,T5LPGIND,E1LPG,*,*]:
2010 2011 2012 2013 2014 2015 2016 2017 2018 2019 2020 2021 2022 2023 2024 2025 2026 2027 2028 2029 2030 2031 2032 2033 2034 2035 :=
1 1.0 1.0 1.0 1.0 1.0 1.0 1.0 1.0 1.0 1.0 1.0 1.0 1.0 1.0 1.0 1.0 1.0 1.0 1.0 1.0 1.0 1.0 1.0 1.0 1.0 1.0 
[ECU,T5VEGWAS,E1BIM,*,*]:
2010 2011 2012 2013 2014 2015 2016 2017 2018 2019 2020 2021 2022 2023 2024 2025 2026 2027 2028 2029 2030 2031 2032 2033 2034 2035 :=
1 1.0 1.0 1.0 1.0 1.0 1.0 1.0 1.0 1.0 1.0 1.0 1.0 1.0 1.0 1.0 1.0 1.0 1.0 1.0 1.0 1.0 1.0 1.0 1.0 1.0 1.0 
[ECU,T5FOIIND,E1FO1,*,*]:
2010 2011 2012 2013 2014 2015 2016 2017 2018 2019 2020 2021 2022 2023 2024 2025 2026 2027 2028 2029 2030 2031 2032 2033 2034 2035 :=
1 1.0 1.0 1.0 1.0 1.0 1.0 1.0 1.0 1.0 1.0 1.0 1.0 1.0 1.0 1.0 1.0 1.0 1.0 1.0 1.0 1.0 1.0 1.0 1.0 1.0 1.0 
[ECU,REF_OPE,E1CRU,*,*]:
2010 2011 2012 2013 2014 2015 2016 2017 2018 2019 2020 2021 2022 2023 2024 2025 2026 2027 2028 2029 2030 2031 2032 2033 2034 2035 :=
1 1.0 1.0 1.0 1.0 1.0 1.0 1.0 1.0 1.0 1.0 1.0 1.0 1.0 1.0 1.0 1.0 1.0 1.0 1.0 1.0 1.0 1.0 1.0 1.0 1.0 1.0 
[ECU,PPBGS,E1BGS,*,*]:
2010 2011 2012 2013 2014 2015 2016 2017 2018 2019 2020 2021 2022 2023 2024 2025 2026 2027 2028 2029 2030 2031 2032 2033 2034 2035 :=
1 1.0 1.0 1.0 1.0 1.0 1.0 1.0 1.0 1.0 1.0 1.0 1.0 1.0 1.0 1.0 1.0 1.0 1.0 1.0 1.0 1.0 1.0 1.0 1.0 1.0 1.0 
[ECU,ELE_TRANS,E1ELE,*,*]:
2010 2011 2012 2013 2014 2015 2016 2017 2018 2019 2020 2021 2022 2023 2024 2025 2026 2027 2028 2029 2030 2031 2032 2033 2034 2035 :=
1 1.0449 1.0449 1.0449 1.0449 1.0449 1.0449 1.0449 1.0449 1.0449 1.0449 1.0484 1.0484 1.0398 1.0398 1.0398 1.0398 1.0398 1.0398 1.0398 1.0398 1.0398 1.0398 1.0398 1.0398 1.0398 1.0398 
[ECU,PPBIM,E1BIM,*,*]:
2010 2011 2012 2013 2014 2015 2016 2017 2018 2019 2020 2021 2022 2023 2024 2025 2026 2027 2028 2029 2030 2031 2032 2033 2034 2035 :=
1 1.0 1.0 1.0 1.0 1.0 1.0 1.0 1.0 1.0 1.0 1.0 1.0 1.0 1.0 1.0 1.0 1.0 1.0 1.0 1.0 1.0 1.0 1.0 1.0 1.0 1.0 
[ECU,PPRNGS,E1NGS,*,*]:
2010 2011 2012 2013 2014 2015 2016 2017 2018 2019 2020 2021 2022 2023 2024 2025 2026 2027 2028 2029 2030 2031 2032 2033 2034 2035 :=
1 3.5768 4.3645 4.3645 4.0603 4.0603 4.1623 4.1623 5.0098 5.0098 3.182 3.1124 3.1959 3.1959 3.1959 3.1959 3.1959 3.1959 3.1959 3.1959 3.1959 3.1959 3.1959 3.1959 3.1959 3.1959 3.1959 
[ECU,T5INDCOK,E1COK,*,*]:
2010 2011 2012 2013 2014 2015 2016 2017 2018 2019 2020 2021 2022 2023 2024 2025 2026 2027 2028 2029 2030 2031 2032 2033 2034 2035 :=
1 1.0 1.0 1.0 1.0 1.0 1.0 1.0 1.0 1.0 1.0 1.0 1.0 1.0 1.0 1.0 1.0 1.0 1.0 1.0 1.0 1.0 1.0 1.0 1.0 1.0 1.0 
[ECU,REF_JET,E1CRU,*,*]:
2010 2011 2012 2013 2014 2015 2016 2017 2018 2019 2020 2021 2022 2023 2024 2025 2026 2027 2028 2029 2030 2031 2032 2033 2034 2035 :=
1 1.0 1.0 1.0 1.0 1.0 1.0 1.0 1.0 1.0 1.0 1.0 1.0 1.0 1.0 1.0 1.0 1.0 1.0 1.0 1.0 1.0 1.0 1.0 1.0 1.0 1.0 
[ECU,T5FOITMA,E1FO1,*,*]:
2010 2011 2012 2013 2014 2015 2016 2017 2018 2019 2020 2021 2022 2023 2024 2025 2026 2027 2028 2029 2030 2031 2032 2033 2034 2035 :=
1 1.0 1.0 1.0 1.0 1.0 1.0 1.0 1.0 1.0 1.0 1.0 1.0 1.0 1.0 1.0 1.0 1.0 1.0 1.0 1.0 1.0 1.0 1.0 1.0 1.0 1.0 
[ECU,T5OPERES,E1OPE,*,*]:
2010 2011 2012 2013 2014 2015 2016 2017 2018 2019 2020 2021 2022 2023 2024 2025 2026 2027 2028 2029 2030 2031 2032 2033 2034 2035 :=
1 1.0 1.0 1.0 1.0 1.0 1.0 1.0 1.0 1.0 1.0 1.0 1.0 1.0 1.0 1.0 1.0 1.0 1.0 1.0 1.0 1.0 1.0 1.0 1.0 1.0 1.0 
[ECU,T5FOITRO,E1FO1,*,*]:
2010 2011 2012 2013 2014 2015 2016 2017 2018 2019 2020 2021 2022 2023 2024 2025 2026 2027 2028 2029 2030 2031 2032 2033 2034 2035 :=
1 1.0 1.0 1.0 1.0 1.0 1.0 1.0 1.0 1.0 1.0 1.0 1.0 1.0 1.0 1.0 1.0 1.0 1.0 1.0 1.0 1.0 1.0 1.0 1.0 1.0 1.0 
[ECU,ELE_DIST,E2ELE,*,*]:
2010 2011 2012 2013 2014 2015 2016 2017 2018 2019 2020 2021 2022 2023 2024 2025 2026 2027 2028 2029 2030 2031 2032 2033 2034 2035 :=
1 1.1286 1.1286 1.1286 1.1286 1.1286 1.1286 1.1286 1.1286 1.1286 1.1363 1.1466 1.1393 1.1393 1.1393 1.1393 1.1393 1.1393 1.1393 1.1393 1.1393 1.1393 1.1393 1.1393 1.1393 1.1393 1.1393 
[ECU,T5RDFIND,E1RDF,*,*]:
2010 2011 2012 2013 2014 2015 2016 2017 2018 2019 2020 2021 2022 2023 2024 2025 2026 2027 2028 2029 2030 2031 2032 2033 2034 2035 :=
1 1.0 1.0 1.0 1.0 1.0 1.0 1.0 1.0 1.0 1.0 1.0 1.0 1.0 1.0 1.0 1.0 1.0 1.0 1.0 1.0 1.0 1.0 1.0 1.0 1.0 1.0 
[ECU,T4ELE_HEA,E3ELE,*,*]:
2010 2011 2012 2013 2014 2015 2016 2017 2018 2019 2020 2021 2022 2023 2024 2025 2026 2027 2028 2029 2030 2031 2032 2033 2034 2035 :=
1 1.0 1.0 1.0 1.0 1.0 1.0 1.0 1.0 1.0 1.0 1.0 1.0 1.0 1.0 1.0 1.0 1.0 1.0 1.0 1.0 1.0 1.0 1.0 1.0 1.0 1.0 
[ECU,T5FOIEXP,E1FO1,*,*]:
2010 2011 2012 2013 2014 2015 2016 2017 2018 2019 2020 2021 2022 2023 2024 2025 2026 2027 2028 2029 2030 2031 2032 2033 2034 2035 :=
1 1.0 1.0 1.0 1.0 1.0 1.0 1.0 1.0 1.0 1.0 1.0 1.0 1.0 1.0 1.0 1.0 1.0 1.0 1.0 1.0 1.0 1.0 1.0 1.0 1.0 1.0 
[ECU,REF_LPG,E1CRU,*,*]:
2010 2011 2012 2013 2014 2015 2016 2017 2018 2019 2020 2021 2022 2023 2024 2025 2026 2027 2028 2029 2030 2031 2032 2033 2034 2035 :=
1 1.0 1.0 1.0 1.0 1.0 1.0 1.0 1.0 1.0 1.0 1.0 1.0 1.0 1.0 1.0 1.0 1.0 1.0 1.0 1.0 1.0 1.0 1.0 1.0 1.0 1.0 
[ECU,T5DSLEXP,E1DSL,*,*]:
2010 2011 2012 2013 2014 2015 2016 2017 2018 2019 2020 2021 2022 2023 2024 2025 2026 2027 2028 2029 2030 2031 2032 2033 2034 2035 :=
1 1.0 1.0 1.0 1.0 1.0 1.0 1.0 1.0 1.0 1.0 1.0 1.0 1.0 1.0 1.0 1.0 1.0 1.0 1.0 1.0 1.0 1.0 1.0 1.0 1.0 1.0 
[ECU,T5ELERES,E3ELE,*,*]:
2010 2011 2012 2013 2014 2015 2016 2017 2018 2019 2020 2021 2022 2023 2024 2025 2026 2027 2028 2029 2030 2031 2032 2033 2034 2035 :=
1 1.0 1.0 1.0 1.0 1.0 1.0 1.0 1.0 1.0 1.0 1.0 1.0 1.0 1.0 1.0 1.0 1.0 1.0 1.0 1.0 1.0 1.0 1.0 1.0 1.0 1.0 
[ECU,T5TCADSL,E1DSL,*,*]:
2010 2011 2012 2013 2014 2015 2016 2017 2018 2019 2020 2021 2022 2023 2024 2025 2026 2027 2028 2029 2030 2031 2032 2033 2034 2035 :=
1 1.0 1.0 1.0 1.0 1.0 1.0 1.0 1.0 1.0 1.0 1.0 1.0 1.0 1.0 1.0 1.0 1.0 1.0 1.0 1.0 1.0 1.0 1.0 1.0 1.0 1.0 
[ECU,T5GSLCON,E1GSL,*,*]:
2010 2011 2012 2013 2014 2015 2016 2017 2018 2019 2020 2021 2022 2023 2024 2025 2026 2027 2028 2029 2030 2031 2032 2033 2034 2035 :=
1 1.0 1.0 1.0 1.0 1.0 1.0 1.0 1.0 1.0 1.0 1.0 1.0 1.0 1.0 1.0 1.0 1.0 1.0 1.0 1.0 1.0 1.0 1.0 1.0 1.0 1.0 
[ECU,T5COMGSL,E1GSL,*,*]:
2010 2011 2012 2013 2014 2015 2016 2017 2018 2019 2020 2021 2022 2023 2024 2025 2026 2027 2028 2029 2030 2031 2032 2033 2034 2035 :=
1 1.0 1.0 1.0 1.0 1.0 1.0 1.0 1.0 1.0 1.0 1.0 1.0 1.0 1.0 1.0 1.0 1.0 1.0 1.0 1.0 1.0 1.0 1.0 1.0 1.0 1.0 
[ECU,T5ALLTRNDSL,E1DSL,*,*]:
2010 2011 2012 2013 2014 2015 2016 2017 2018 2019 2020 2021 2022 2023 2024 2025 2026 2027 2028 2029 2030 2031 2032 2033 2034 2035 :=
1 1.0 1.0 1.0 1.0 1.0 1.0 1.0 1.0 1.0 1.0 1.0 1.0 1.0 1.0 1.0 1.0 1.0 1.0 1.0 1.0 1.0 1.0 1.0 1.0 1.0 1.0 
[ECU,PPFOI,E1FO1,*,*]:
2010 2011 2012 2013 2014 2015 2016 2017 2018 2019 2020 2021 2022 2023 2024 2025 2026 2027 2028 2029 2030 2031 2032 2033 2034 2035 :=
1 1.9167 2.7336 2.7336 2.6497 2.6497 2.6213 2.6213 2.9101 2.9101 2.6916 2.6871 2.6785 2.6785 2.6785 2.6785 2.6785 2.6785 2.6785 2.6785 2.6785 2.6785 2.6785 2.6785 2.6785 2.6785 2.6785 
[ECU,T5ELECOM,E3ELE,*,*]:
2010 2011 2012 2013 2014 2015 2016 2017 2018 2019 2020 2021 2022 2023 2024 2025 2026 2027 2028 2029 2030 2031 2032 2033 2034 2035 :=
1 1.0 1.0 1.0 1.0 1.0 1.0 1.0 1.0 1.0 1.0 1.0 1.0 1.0 1.0 1.0 1.0 1.0 1.0 1.0 1.0 1.0 1.0 1.0 1.0 1.0 1.0 
[ECU,REF_GSL,E1CRU,*,*]:
2010 2011 2012 2013 2014 2015 2016 2017 2018 2019 2020 2021 2022 2023 2024 2025 2026 2027 2028 2029 2030 2031 2032 2033 2034 2035 :=
1 1.0 1.0 1.0 1.0 1.0 1.0 1.0 1.0 1.0 1.0 1.0 1.0 1.0 1.0 1.0 1.0 1.0 1.0 1.0 1.0 1.0 1.0 1.0 1.0 1.0 1.0 
[ECU,PRONGS,E0NGS,*,*]:
2010 2011 2012 2013 2014 2015 2016 2017 2018 2019 2020 2021 2022 2023 2024 2025 2026 2027 2028 2029 2030 2031 2032 2033 2034 2035 :=
1 1.0 1.0 1.0 1.0 1.0 1.0 1.0 1.0 1.0 1.0 1.0 1.0 1.0 1.0 1.0 1.0 1.0 1.0 1.0 1.0 1.0 1.0 1.0 1.0 1.0 1.0 
[ECU,T5LPGTRO,E1LPG,*,*]:
2010 2011 2012 2013 2014 2015 2016 2017 2018 2019 2020 2021 2022 2023 2024 2025 2026 2027 2028 2029 2030 2031 2032 2033 2034 2035 :=
1 1.0 1.0 1.0 1.0 1.0 1.0 1.0 1.0 1.0 1.0 1.0 1.0 1.0 1.0 1.0 1.0 1.0 1.0 1.0 1.0 1.0 1.0 1.0 1.0 1.0 1.0 
[ECU,T5AGRGSL,E1GSL,*,*]:
2010 2011 2012 2013 2014 2015 2016 2017 2018 2019 2020 2021 2022 2023 2024 2025 2026 2027 2028 2029 2030 2031 2032 2033 2034 2035 :=
1 1.0 1.0 1.0 1.0 1.0 1.0 1.0 1.0 1.0 1.0 1.0 1.0 1.0 1.0 1.0 1.0 1.0 1.0 1.0 1.0 1.0 1.0 1.0 1.0 1.0 1.0 
[ECU,REF_FOI,E1CRU,*,*]:
2010 2011 2012 2013 2014 2015 2016 2017 2018 2019 2020 2021 2022 2023 2024 2025 2026 2027 2028 2029 2030 2031 2032 2033 2034 2035 :=
1 1.0 1.0 1.0 1.0 1.0 1.0 1.0 1.0 1.0 1.0 1.0 1.0 1.0 1.0 1.0 1.0 1.0 1.0 1.0 1.0 1.0 1.0 1.0 1.0 1.0 1.0 
[ECU,STOELE,E1ELE,*,*]:
2010 2011 2012 2013 2014 2015 2016 2017 2018 2019 2020 2021 2022 2023 2024 2025 2026 2027 2028 2029 2030 2031 2032 2033 2034 2035 :=
1 1.0 1.0 1.0 1.0 1.0 1.0 1.0 1.0 1.0 1.0 1.0 1.0 1.0 1.0 1.0 1.0 1.0 1.0 1.0 1.0 1.0 1.0 1.0 1.0 1.0 1.0 
[ECU,PROCRU,E0DSL,*,*]:
2010 2011 2012 2013 2014 2015 2016 2017 2018 2019 2020 2021 2022 2023 2024 2025 2026 2027 2028 2029 2030 2031 2032 2033 2034 2035 :=
1 0.021 0.0177 0.0177 0.0231 0.0231 0.0231 0.0169 0.0169 0.0133 0.0133 0.0133 0.0133 0.0133 0.0133 0.0133 0.0133 0.0133 0.0133 0.0133 0.0133 0.0133 0.0133 0.0133 0.0133 0.0133 0.0133 
[ECU,T5AGROTP,E1OPE,*,*]:
2010 2011 2012 2013 2014 2015 2016 2017 2018 2019 2020 2021 2022 2023 2024 2025 2026 2027 2028 2029 2030 2031 2032 2033 2034 2035 :=
1 1.0 1.0 1.0 1.0 1.0 1.0 1.0 1.0 1.0 1.0 1.0 1.0 1.0 1.0 1.0 1.0 1.0 1.0 1.0 1.0 1.0 1.0 1.0 1.0 1.0 1.0 
[ECU,T5DSLCON,E1DSL,*,*]:
2010 2011 2012 2013 2014 2015 2016 2017 2018 2019 2020 2021 2022 2023 2024 2025 2026 2027 2028 2029 2030 2031 2032 2033 2034 2035 :=
1 1.0 1.0 1.0 1.0 1.0 1.0 1.0 1.0 1.0 1.0 1.0 1.0 1.0 1.0 1.0 1.0 1.0 1.0 1.0 1.0 1.0 1.0 1.0 1.0 1.0 1.0 
[ECU,T5NGSIND,E1NGS,*,*]:
2010 2011 2012 2013 2014 2015 2016 2017 2018 2019 2020 2021 2022 2023 2024 2025 2026 2027 2028 2029 2030 2031 2032 2033 2034 2035 :=
1 1.0 1.0 1.0 1.0 1.0 1.0 1.0 1.0 1.0 1.0 1.0 1.0 1.0 1.0 1.0 1.0 1.0 1.0 1.0 1.0 1.0 1.0 1.0 1.0 1.0 1.0 
;

param OperationalLife default 1 :
DIST_DSL DIST_GSL DIST_NGS DIST_LPG DIST_COK DIST_KER DIST_JET DIST_FIR DIST_CHA DIST_BIM DIST_BGS DIST_CRU DIST_RDF DIST_OID DIST_OPE EXTT_CRU DIST_COA DIST_FOI PPHDAMAB PPHDAMAM PPHDAMAS PPHDAMPM PPHDAMPS PPHRORAB PPHRORAM PPHRORAS PPHRORPM PPHRORPS PPGEO PPWNDON PPWNDONS PPWNDOFF PPPVT PPPVTS PPPVD PPPVDS ELE_TRANS ELE_DIST HYD_G_PROD HYD_DIST STOELE PPBIM PPBGS PPNGS PPDSL PPFOI PROCRU PPCRU PPRNGS PPRDSL PPDFOI PPDDSL PPILPG PPIBIM PPIHD PPWNDD REF_DSL REF_GSL REF_LPG REF_FOI REF_JET REF_OPE T5DSLCOM T5GSLCOM T5LPGCOM T5ELECOM T5FIRCOM T5CHACOM T5OPECOM T5DSLRES T5GSLRES T5LPGRES T5ELERES T5KERRES T5FIRRES T5CHARES T5OPERES T5ELEPUB T5DSLIND T5GSLIND T5NGSIND T5ELEIND T5HYDIND T5COKIND T5BIMIND T5COAIND T5FOIIND T5RDFIND T5OIDIND T5DSLCON T5ELECON T5FOICON T5DSLEXP T5JETEXP T5FOIEXP T5JETTAE T5DSLTMA T5NGSTMA T5LPGTMA T5ELETMA T5FOITMA T5DSLTRO T5GSLTRO T5NGSTRO T5LPGTRO T5ELETRO T5BGSTRO T5FOITRO T4ELE_HEA TRXTRAIELE Techs_Rail :=
ECU 1.0 1.0 1.0 1.0 1.0 1.0 1.0 1.0 1.0 1.0 1.0 1.0 1.0 1.0 1.0 1.0 1.0 1.0 31.54 31.54 31.54 31.54 31.54 31.54 31.54 31.54 31.536 31.536 31.536 31.536 31.536 31.536 31.536 31.536 31.536 31.536 1.0 1.0 1.0 1.0 1.0 31.536 31.536 31.536 31.536 31.536 31.536 31.536 31.536 31.536 31.536 31.536 31.536 31.536 31.536 31.536 1.0 1.0 1.0 1.0 1.0 1.0 1.0 1.0 1.0 1.0 1.0 1.0 1.0 1.0 1.0 1.0 1.0 1.0 1.0 1.0 1.0 1.0 1.0 1.0 1.0 1.0 1.0 1.0 1.0 1.0 1.0 1.0 1.0 1.0 1.0 1.0 1.0 1.0 1.0 1.0 1.0 1.0 1.0 1.0 1.0 1.0 1.0 1.0 1.0 1.0 1.0 1.0 1.0 1.0 1.0 
;

param OutputActivityRatio default 0 :=
[ECU,PPHDAMAB,E1ELE,*,*]:
2010 2011 2012 2013 2014 2015 2016 2017 2018 2019 2020 2021 2022 2023 2024 2025 2026 2027 2028 2029 2030 2031 2032 2033 2034 2035 :=
1 1.0 1.0 1.0 1.0 1.0 1.0 1.0 1.0 1.0 1.0 1.0 1.0 1.0 1.0 1.0 1.0 1.0 1.0 1.0 1.0 1.0 1.0 1.0 1.0 1.0 1.0 
[ECU,T5CHARES,E5RESCHA,*,*]:
2010 2011 2012 2013 2014 2015 2016 2017 2018 2019 2020 2021 2022 2023 2024 2025 2026 2027 2028 2029 2030 2031 2032 2033 2034 2035 :=
1 1.0 1.0 1.0 1.0 1.0 1.0 1.0 1.0 1.0 1.0 1.0 1.0 1.0 1.0 1.0 1.0 1.0 1.0 1.0 1.0 1.0 1.0 1.0 1.0 1.0 1.0 
[ECU,PPRNGS,E3ELE,*,*]:
2010 2011 2012 2013 2014 2015 2016 2017 2018 2019 2020 2021 2022 2023 2024 2025 2026 2027 2028 2029 2030 2031 2032 2033 2034 2035 :=
1 1.0 1.0 1.0 1.0 1.0 1.0 1.0 1.0 1.0 1.0 1.0 1.0 1.0 1.0 1.0 1.0 1.0 1.0 1.0 1.0 1.0 1.0 1.0 1.0 1.0 1.0 
[ECU,T5INDCOK,E5INDCOK,*,*]:
2010 2011 2012 2013 2014 2015 2016 2017 2018 2019 2020 2021 2022 2023 2024 2025 2026 2027 2028 2029 2030 2031 2032 2033 2034 2035 :=
1 1.0 1.0 1.0 1.0 1.0 1.0 1.0 1.0 1.0 1.0 1.0 1.0 1.0 1.0 1.0 1.0 1.0 1.0 1.0 1.0 1.0 1.0 1.0 1.0 1.0 1.0 
[ECU,T5JETTAE,E5TAEJET,*,*]:
2010 2011 2012 2013 2014 2015 2016 2017 2018 2019 2020 2021 2022 2023 2024 2025 2026 2027 2028 2029 2030 2031 2032 2033 2034 2035 :=
1 1.0 1.0 1.0 1.0 1.0 1.0 1.0 1.0 1.0 1.0 1.0 1.0 1.0 1.0 1.0 1.0 1.0 1.0 1.0 1.0 1.0 1.0 1.0 1.0 1.0 1.0 
[ECU,T5ELETMA,E5TMAELE,*,*]:
2010 2011 2012 2013 2014 2015 2016 2017 2018 2019 2020 2021 2022 2023 2024 2025 2026 2027 2028 2029 2030 2031 2032 2033 2034 2035 :=
1 1.0 1.0 1.0 1.0 1.0 1.0 1.0 1.0 1.0 1.0 1.0 1.0 1.0 1.0 1.0 1.0 1.0 1.0 1.0 1.0 1.0 1.0 1.0 1.0 1.0 1.0 
[ECU,T5KERRES,E5RESKER,*,*]:
2010 2011 2012 2013 2014 2015 2016 2017 2018 2019 2020 2021 2022 2023 2024 2025 2026 2027 2028 2029 2030 2031 2032 2033 2034 2035 :=
1 1.0 1.0 1.0 1.0 1.0 1.0 1.0 1.0 1.0 1.0 1.0 1.0 1.0 1.0 1.0 1.0 1.0 1.0 1.0 1.0 1.0 1.0 1.0 1.0 1.0 1.0 
[ECU,T5DSLEXP,E5EXPDSL,*,*]:
2010 2011 2012 2013 2014 2015 2016 2017 2018 2019 2020 2021 2022 2023 2024 2025 2026 2027 2028 2029 2030 2031 2032 2033 2034 2035 :=
1 1.0 1.0 1.0 1.0 1.0 1.0 1.0 1.0 1.0 1.0 1.0 1.0 1.0 1.0 1.0 1.0 1.0 1.0 1.0 1.0 1.0 1.0 1.0 1.0 1.0 1.0 
[ECU,PPHRORPS,E1ELE,*,*]:
2010 2011 2012 2013 2014 2015 2016 2017 2018 2019 2020 2021 2022 2023 2024 2025 2026 2027 2028 2029 2030 2031 2032 2033 2034 2035 :=
1 1.0 1.0 1.0 1.0 1.0 1.0 1.0 1.0 1.0 1.0 1.0 1.0 1.0 1.0 1.0 1.0 1.0 1.0 1.0 1.0 1.0 1.0 1.0 1.0 1.0 1.0 
[ECU,IMPELE,E1ELE,*,*]:
2010 2011 2012 2013 2014 2015 2016 2017 2018 2019 2020 2021 2022 2023 2024 2025 2026 2027 2028 2029 2030 2031 2032 2033 2034 2035 :=
1 1.0 1.0 1.0 1.0 1.0 1.0 1.0 1.0 1.0 1.0 1.0 1.0 1.0 1.0 1.0 1.0 1.0 1.0 1.0 1.0 1.0 1.0 1.0 1.0 1.0 1.0 
[ECU,DIST_NGS,E1NGS,*,*]:
2010 2011 2012 2013 2014 2015 2016 2017 2018 2019 2020 2021 2022 2023 2024 2025 2026 2027 2028 2029 2030 2031 2032 2033 2034 2035 :=
1 1.0 1.0 1.0 1.0 1.0 1.0 1.0 1.0 1.0 1.0 1.0 1.0 1.0 1.0 1.0 1.0 1.0 1.0 1.0 1.0 1.0 1.0 1.0 1.0 1.0 1.0 
[ECU,PPHD,E3ELE,*,*]:
2010 2011 2012 2013 2014 2015 2016 2017 2018 2019 2020 2021 2022 2023 2024 2025 2026 2027 2028 2029 2030 2031 2032 2033 2034 2035 :=
1 1.0 1.0 1.0 1.0 1.0 1.0 1.0 1.0 1.0 1.0 1.0 1.0 1.0 1.0 1.0 1.0 1.0 1.0 1.0 1.0 1.0 1.0 1.0 1.0 1.0 1.0 
[ECU,T5NGSRES,E5RESNGS,*,*]:
2010 2011 2012 2013 2014 2015 2016 2017 2018 2019 2020 2021 2022 2023 2024 2025 2026 2027 2028 2029 2030 2031 2032 2033 2034 2035 :=
1 1.0 1.0 1.0 1.0 1.0 1.0 1.0 1.0 1.0 1.0 1.0 1.0 1.0 1.0 1.0 1.0 1.0 1.0 1.0 1.0 1.0 1.0 1.0 1.0 1.0 1.0 
[ECU,T5COAIND,E5INDCOA,*,*]:
2010 2011 2012 2013 2014 2015 2016 2017 2018 2019 2020 2021 2022 2023 2024 2025 2026 2027 2028 2029 2030 2031 2032 2033 2034 2035 :=
1 1.0 1.0 1.0 1.0 1.0 1.0 1.0 1.0 1.0 1.0 1.0 1.0 1.0 1.0 1.0 1.0 1.0 1.0 1.0 1.0 1.0 1.0 1.0 1.0 1.0 1.0 
[ECU,T5LPGRES,E5RESLPG,*,*]:
2010 2011 2012 2013 2014 2015 2016 2017 2018 2019 2020 2021 2022 2023 2024 2025 2026 2027 2028 2029 2030 2031 2032 2033 2034 2035 :=
1 1.0 1.0 1.0 1.0 1.0 1.0 1.0 1.0 1.0 1.0 1.0 1.0 1.0 1.0 1.0 1.0 1.0 1.0 1.0 1.0 1.0 1.0 1.0 1.0 1.0 1.0 
[ECU,REF_JET,E1JET,*,*]:
2010 2011 2012 2013 2014 2015 2016 2017 2018 2019 2020 2021 2022 2023 2024 2025 2026 2027 2028 2029 2030 2031 2032 2033 2034 2035 :=
1 1.0 1.0 1.0 1.0 1.0 1.0 1.0 1.0 1.0 1.0 1.0 1.0 1.0 1.0 1.0 1.0 1.0 1.0 1.0 1.0 1.0 1.0 1.0 1.0 1.0 1.0 
[ECU,PPDSL,E1ELE,*,*]:
2010 2011 2012 2013 2014 2015 2016 2017 2018 2019 2020 2021 2022 2023 2024 2025 2026 2027 2028 2029 2030 2031 2032 2033 2034 2035 :=
1 1.0 1.0 1.0 1.0 1.0 1.0 1.0 1.0 1.0 1.0 1.0 1.0 1.0 1.0 1.0 1.0 1.0 1.0 1.0 1.0 1.0 1.0 1.0 1.0 1.0 1.0 
[ECU,T5ELEPUB,E5PUBELE,*,*]:
2010 2011 2012 2013 2014 2015 2016 2017 2018 2019 2020 2021 2022 2023 2024 2025 2026 2027 2028 2029 2030 2031 2032 2033 2034 2035 :=
1 1.0 1.0 1.0 1.0 1.0 1.0 1.0 1.0 1.0 1.0 1.0 1.0 1.0 1.0 1.0 1.0 1.0 1.0 1.0 1.0 1.0 1.0 1.0 1.0 1.0 1.0 
[ECU,T5TRNFOI,E5TRNFOI,*,*]:
2010 2011 2012 2013 2014 2015 2016 2017 2018 2019 2020 2021 2022 2023 2024 2025 2026 2027 2028 2029 2030 2031 2032 2033 2034 2035 :=
1 1.0 1.0 1.0 1.0 1.0 1.0 1.0 1.0 1.0 1.0 1.0 1.0 1.0 1.0 1.0 1.0 1.0 1.0 1.0 1.0 1.0 1.0 1.0 1.0 1.0 1.0 
[ECU,ELE_DIST,E3ELE,*,*]:
2010 2011 2012 2013 2014 2015 2016 2017 2018 2019 2020 2021 2022 2023 2024 2025 2026 2027 2028 2029 2030 2031 2032 2033 2034 2035 :=
1 1.0 1.0 1.0 1.0 1.0 1.0 1.0 1.0 1.0 1.0 1.0 1.0 1.0 1.0 1.0 1.0 1.0 1.0 1.0 1.0 1.0 1.0 1.0 1.0 1.0 1.0 
[ECU,HYD_DIST,E3HYD,*,*]:
2010 2011 2012 2013 2014 2015 2016 2017 2018 2019 2020 2021 2022 2023 2024 2025 2026 2027 2028 2029 2030 2031 2032 2033 2034 2035 :=
1 1.0 1.0 1.0 1.0 1.0 1.0 1.0 1.0 1.0 1.0 1.0 1.0 1.0 1.0 1.0 1.0 1.0 1.0 1.0 1.0 1.0 1.0 1.0 1.0 1.0 1.0 
[ECU,T5AGRGSL,E5AGRGSL,*,*]:
2010 2011 2012 2013 2014 2015 2016 2017 2018 2019 2020 2021 2022 2023 2024 2025 2026 2027 2028 2029 2030 2031 2032 2033 2034 2035 :=
1 1.0 1.0 1.0 1.0 1.0 1.0 1.0 1.0 1.0 1.0 1.0 1.0 1.0 1.0 1.0 1.0 1.0 1.0 1.0 1.0 1.0 1.0 1.0 1.0 1.0 1.0 
[ECU,T5FOICON,E5CONFOI,*,*]:
2010 2011 2012 2013 2014 2015 2016 2017 2018 2019 2020 2021 2022 2023 2024 2025 2026 2027 2028 2029 2030 2031 2032 2033 2034 2035 :=
1 1.0 1.0 1.0 1.0 1.0 1.0 1.0 1.0 1.0 1.0 1.0 1.0 1.0 1.0 1.0 1.0 1.0 1.0 1.0 1.0 1.0 1.0 1.0 1.0 1.0 1.0 
[ECU,DIST_BIM,E1BIM,*,*]:
2010 2011 2012 2013 2014 2015 2016 2017 2018 2019 2020 2021 2022 2023 2024 2025 2026 2027 2028 2029 2030 2031 2032 2033 2034 2035 :=
1 1.0 1.0 1.0 1.0 1.0 1.0 1.0 1.0 1.0 1.0 1.0 1.0 1.0 1.0 1.0 1.0 1.0 1.0 1.0 1.0 1.0 1.0 1.0 1.0 1.0 1.0 
[ECU,T5DSLIND,E5INDDSL,*,*]:
2010 2011 2012 2013 2014 2015 2016 2017 2018 2019 2020 2021 2022 2023 2024 2025 2026 2027 2028 2029 2030 2031 2032 2033 2034 2035 :=
1 1.0 1.0 1.0 1.0 1.0 1.0 1.0 1.0 1.0 1.0 1.0 1.0 1.0 1.0 1.0 1.0 1.0 1.0 1.0 1.0 1.0 1.0 1.0 1.0 1.0 1.0 
[ECU,PPPVT,E1ELE,*,*]:
2010 2011 2012 2013 2014 2015 2016 2017 2018 2019 2020 2021 2022 2023 2024 2025 2026 2027 2028 2029 2030 2031 2032 2033 2034 2035 :=
1 1.0 1.0 1.0 1.0 1.0 1.0 1.0 1.0 1.0 1.0 1.0 1.0 1.0 1.0 1.0 1.0 1.0 1.0 1.0 1.0 1.0 1.0 1.0 1.0 1.0 1.0 
[ECU,T5ELETRO,E5TROELE,*,*]:
2010 2011 2012 2013 2014 2015 2016 2017 2018 2019 2020 2021 2022 2023 2024 2025 2026 2027 2028 2029 2030 2031 2032 2033 2034 2035 :=
1 1.0 1.0 1.0 1.0 1.0 1.0 1.0 1.0 1.0 1.0 1.0 1.0 1.0 1.0 1.0 1.0 1.0 1.0 1.0 1.0 1.0 1.0 1.0 1.0 1.0 1.0 
[ECU,PPPVTS,E1ELE,*,*]:
2010 2011 2012 2013 2014 2015 2016 2017 2018 2019 2020 2021 2022 2023 2024 2025 2026 2027 2028 2029 2030 2031 2032 2033 2034 2035 :=
1 1.0 1.0 1.0 1.0 1.0 1.0 1.0 1.0 1.0 1.0 1.0 1.0 1.0 1.0 1.0 1.0 1.0 1.0 1.0 1.0 1.0 1.0 1.0 1.0 1.0 1.0 
[ECU,T5FOIEXP,E5EXPFOI,*,*]:
2010 2011 2012 2013 2014 2015 2016 2017 2018 2019 2020 2021 2022 2023 2024 2025 2026 2027 2028 2029 2030 2031 2032 2033 2034 2035 :=
1 1.0 1.0 1.0 1.0 1.0 1.0 1.0 1.0 1.0 1.0 1.0 1.0 1.0 1.0 1.0 1.0 1.0 1.0 1.0 1.0 1.0 1.0 1.0 1.0 1.0 1.0 
[ECU,T5VEGWAS,E5VEGWAS,*,*]:
2010 2011 2012 2013 2014 2015 2016 2017 2018 2019 2020 2021 2022 2023 2024 2025 2026 2027 2028 2029 2030 2031 2032 2033 2034 2035 :=
1 1.0 1.0 1.0 1.0 1.0 1.0 1.0 1.0 1.0 1.0 1.0 1.0 1.0 1.0 1.0 1.0 1.0 1.0 1.0 1.0 1.0 1.0 1.0 1.0 1.0 1.0 
[ECU,T5LPGCON,E5CONLPG,*,*]:
2010 2011 2012 2013 2014 2015 2016 2017 2018 2019 2020 2021 2022 2023 2024 2025 2026 2027 2028 2029 2030 2031 2032 2033 2034 2035 :=
1 1.0 1.0 1.0 1.0 1.0 1.0 1.0 1.0 1.0 1.0 1.0 1.0 1.0 1.0 1.0 1.0 1.0 1.0 1.0 1.0 1.0 1.0 1.0 1.0 1.0 1.0 
[ECU,PPWNDON,E1ELE,*,*]:
2010 2011 2012 2013 2014 2015 2016 2017 2018 2019 2020 2021 2022 2023 2024 2025 2026 2027 2028 2029 2030 2031 2032 2033 2034 2035 :=
1 1.0 1.0 1.0 1.0 1.0 1.0 1.0 1.0 1.0 1.0 1.0 1.0 1.0 1.0 1.0 1.0 1.0 1.0 1.0 1.0 1.0 1.0 1.0 1.0 1.0 1.0 
[ECU,REF_GSL,E1GSL,*,*]:
2010 2011 2012 2013 2014 2015 2016 2017 2018 2019 2020 2021 2022 2023 2024 2025 2026 2027 2028 2029 2030 2031 2032 2033 2034 2035 :=
1 1.0 1.0 1.0 1.0 1.0 1.0 1.0 1.0 1.0 1.0 1.0 1.0 1.0 1.0 1.0 1.0 1.0 1.0 1.0 1.0 1.0 1.0 1.0 1.0 1.0 1.0 
[ECU,ELE_TRANS,E2ELE,*,*]:
2010 2011 2012 2013 2014 2015 2016 2017 2018 2019 2020 2021 2022 2023 2024 2025 2026 2027 2028 2029 2030 2031 2032 2033 2034 2035 :=
1 1.0 1.0 1.0 1.0 1.0 1.0 1.0 1.0 1.0 1.0 1.0 1.0 1.0 1.0 1.0 1.0 1.0 1.0 1.0 1.0 1.0 1.0 1.0 1.0 1.0 1.0 
[ECU,DIST_CHA,E1CHA,*,*]:
2010 2011 2012 2013 2014 2015 2016 2017 2018 2019 2020 2021 2022 2023 2024 2025 2026 2027 2028 2029 2030 2031 2032 2033 2034 2035 :=
1 1.0 1.0 1.0 1.0 1.0 1.0 1.0 1.0 1.0 1.0 1.0 1.0 1.0 1.0 1.0 1.0 1.0 1.0 1.0 1.0 1.0 1.0 1.0 1.0 1.0 1.0 
[ECU,PPGEO,E1ELE,*,*]:
2010 2011 2012 2013 2014 2015 2016 2017 2018 2019 2020 2021 2022 2023 2024 2025 2026 2027 2028 2029 2030 2031 2032 2033 2034 2035 :=
1 1.0 1.0 1.0 1.0 1.0 1.0 1.0 1.0 1.0 1.0 1.0 1.0 1.0 1.0 1.0 1.0 1.0 1.0 1.0 1.0 1.0 1.0 1.0 1.0 1.0 1.0 
[ECU,DIST_GSL,E1GSL,*,*]:
2010 2011 2012 2013 2014 2015 2016 2017 2018 2019 2020 2021 2022 2023 2024 2025 2026 2027 2028 2029 2030 2031 2032 2033 2034 2035 :=
1 1.0 1.0 1.0 1.0 1.0 1.0 1.0 1.0 1.0 1.0 1.0 1.0 1.0 1.0 1.0 1.0 1.0 1.0 1.0 1.0 1.0 1.0 1.0 1.0 1.0 1.0 
[ECU,PPHRORAS,E1ELE,*,*]:
2010 2011 2012 2013 2014 2015 2016 2017 2018 2019 2020 2021 2022 2023 2024 2025 2026 2027 2028 2029 2030 2031 2032 2033 2034 2035 :=
1 1.0 1.0 1.0 1.0 1.0 1.0 1.0 1.0 1.0 1.0 1.0 1.0 1.0 1.0 1.0 1.0 1.0 1.0 1.0 1.0 1.0 1.0 1.0 1.0 1.0 1.0 
[ECU,T5FOIIND,E5INDFOI,*,*]:
2010 2011 2012 2013 2014 2015 2016 2017 2018 2019 2020 2021 2022 2023 2024 2025 2026 2027 2028 2029 2030 2031 2032 2033 2034 2035 :=
1 1.0 1.0 1.0 1.0 1.0 1.0 1.0 1.0 1.0 1.0 1.0 1.0 1.0 1.0 1.0 1.0 1.0 1.0 1.0 1.0 1.0 1.0 1.0 1.0 1.0 1.0 
[ECU,T5ALLTRNELE,E5ALLTRNELE,*,*]:
2010 2011 2012 2013 2014 2015 2016 2017 2018 2019 2020 2021 2022 2023 2024 2025 2026 2027 2028 2029 2030 2031 2032 2033 2034 2035 :=
1 1.0 1.0 1.0 1.0 1.0 1.0 1.0 1.0 1.0 1.0 1.0 1.0 1.0 1.0 1.0 1.0 1.0 1.0 1.0 1.0 1.0 1.0 1.0 1.0 1.0 1.0 
[ECU,T5OIDIND,E5INDOID,*,*]:
2010 2011 2012 2013 2014 2015 2016 2017 2018 2019 2020 2021 2022 2023 2024 2025 2026 2027 2028 2029 2030 2031 2032 2033 2034 2035 :=
1 1.0 1.0 1.0 1.0 1.0 1.0 1.0 1.0 1.0 1.0 1.0 1.0 1.0 1.0 1.0 1.0 1.0 1.0 1.0 1.0 1.0 1.0 1.0 1.0 1.0 1.0 
[ECU,T5LPGIND,E5INDLPG,*,*]:
2010 2011 2012 2013 2014 2015 2016 2017 2018 2019 2020 2021 2022 2023 2024 2025 2026 2027 2028 2029 2030 2031 2032 2033 2034 2035 :=
1 1.0 1.0 1.0 1.0 1.0 1.0 1.0 1.0 1.0 1.0 1.0 1.0 1.0 1.0 1.0 1.0 1.0 1.0 1.0 1.0 1.0 1.0 1.0 1.0 1.0 1.0 
[ECU,PPWNDD,E3ELE,*,*]:
2010 2011 2012 2013 2014 2015 2016 2017 2018 2019 2020 2021 2022 2023 2024 2025 2026 2027 2028 2029 2030 2031 2032 2033 2034 2035 :=
1 1.0 1.0 1.0 1.0 1.0 1.0 1.0 1.0 1.0 1.0 1.0 1.0 1.0 1.0 1.0 1.0 1.0 1.0 1.0 1.0 1.0 1.0 1.0 1.0 1.0 1.0 
[ECU,T5CRUEXP,E5EXPCRU,*,*]:
2010 2011 2012 2013 2014 2015 2016 2017 2018 2019 2020 2021 2022 2023 2024 2025 2026 2027 2028 2029 2030 2031 2032 2033 2034 2035 :=
1 1.0 1.0 1.0 1.0 1.0 1.0 1.0 1.0 1.0 1.0 1.0 1.0 1.0 1.0 1.0 1.0 1.0 1.0 1.0 1.0 1.0 1.0 1.0 1.0 1.0 1.0 
[ECU,T5GSLCON,E5CONGSL,*,*]:
2010 2011 2012 2013 2014 2015 2016 2017 2018 2019 2020 2021 2022 2023 2024 2025 2026 2027 2028 2029 2030 2031 2032 2033 2034 2035 :=
1 1.0 1.0 1.0 1.0 1.0 1.0 1.0 1.0 1.0 1.0 1.0 1.0 1.0 1.0 1.0 1.0 1.0 1.0 1.0 1.0 1.0 1.0 1.0 1.0 1.0 1.0 
[ECU,T5FIRIND,E5INDFIR,*,*]:
2010 2011 2012 2013 2014 2015 2016 2017 2018 2019 2020 2021 2022 2023 2024 2025 2026 2027 2028 2029 2030 2031 2032 2033 2034 2035 :=
1 1.0 1.0 1.0 1.0 1.0 1.0 1.0 1.0 1.0 1.0 1.0 1.0 1.0 1.0 1.0 1.0 1.0 1.0 1.0 1.0 1.0 1.0 1.0 1.0 1.0 1.0 
[ECU,T5TCADSL,E5TCADSL,*,*]:
2010 2011 2012 2013 2014 2015 2016 2017 2018 2019 2020 2021 2022 2023 2024 2025 2026 2027 2028 2029 2030 2031 2032 2033 2034 2035 :=
1 1.0 1.0 1.0 1.0 1.0 1.0 1.0 1.0 1.0 1.0 1.0 1.0 1.0 1.0 1.0 1.0 1.0 1.0 1.0 1.0 1.0 1.0 1.0 1.0 1.0 1.0 
[ECU,EXTT_CRU,E0CRU,*,*]:
2010 2011 2012 2013 2014 2015 2016 2017 2018 2019 2020 2021 2022 2023 2024 2025 2026 2027 2028 2029 2030 2031 2032 2033 2034 2035 :=
1 1.0 1.0 1.0 1.0 1.0 1.0 1.0 1.0 1.0 1.0 1.0 1.0 1.0 1.0 1.0 1.0 1.0 1.0 1.0 1.0 1.0 1.0 1.0 1.0 1.0 1.0 
[ECU,PPFOI,E1ELE,*,*]:
2010 2011 2012 2013 2014 2015 2016 2017 2018 2019 2020 2021 2022 2023 2024 2025 2026 2027 2028 2029 2030 2031 2032 2033 2034 2035 :=
1 1.0 1.0 1.0 1.0 1.0 1.0 1.0 1.0 1.0 1.0 1.0 1.0 1.0 1.0 1.0 1.0 1.0 1.0 1.0 1.0 1.0 1.0 1.0 1.0 1.0 1.0 
[ECU,DIST_BGS,E1BGS,*,*]:
2010 2011 2012 2013 2014 2015 2016 2017 2018 2019 2020 2021 2022 2023 2024 2025 2026 2027 2028 2029 2030 2031 2032 2033 2034 2035 :=
1 1.0 1.0 1.0 1.0 1.0 1.0 1.0 1.0 1.0 1.0 1.0 1.0 1.0 1.0 1.0 1.0 1.0 1.0 1.0 1.0 1.0 1.0 1.0 1.0 1.0 1.0 
[ECU,T5LPGTRO,E5TROLPG,*,*]:
2010 2011 2012 2013 2014 2015 2016 2017 2018 2019 2020 2021 2022 2023 2024 2025 2026 2027 2028 2029 2030 2031 2032 2033 2034 2035 :=
1 1.0 1.0 1.0 1.0 1.0 1.0 1.0 1.0 1.0 1.0 1.0 1.0 1.0 1.0 1.0 1.0 1.0 1.0 1.0 1.0 1.0 1.0 1.0 1.0 1.0 1.0 
[ECU,REF_DSL,E1DSL,*,*]:
2010 2011 2012 2013 2014 2015 2016 2017 2018 2019 2020 2021 2022 2023 2024 2025 2026 2027 2028 2029 2030 2031 2032 2033 2034 2035 :=
1 1.0 1.0 1.0 1.0 1.0 1.0 1.0 1.0 1.0 1.0 1.0 1.0 1.0 1.0 1.0 1.0 1.0 1.0 1.0 1.0 1.0 1.0 1.0 1.0 1.0 1.0 
[ECU,REF_OPE,E1COK,*,*]:
2010 2011 2012 2013 2014 2015 2016 2017 2018 2019 2020 2021 2022 2023 2024 2025 2026 2027 2028 2029 2030 2031 2032 2033 2034 2035 :=
1 1.0 1.0 1.0 1.0 1.0 1.0 1.0 1.0 1.0 1.0 1.0 1.0 1.0 1.0 1.0 1.0 1.0 1.0 1.0 1.0 1.0 1.0 1.0 1.0 1.0 1.0 
[ECU,T5FOITRO,E5TROFOI,*,*]:
2010 2011 2012 2013 2014 2015 2016 2017 2018 2019 2020 2021 2022 2023 2024 2025 2026 2027 2028 2029 2030 2031 2032 2033 2034 2035 :=
1 1.0 1.0 1.0 1.0 1.0 1.0 1.0 1.0 1.0 1.0 1.0 1.0 1.0 1.0 1.0 1.0 1.0 1.0 1.0 1.0 1.0 1.0 1.0 1.0 1.0 1.0 
[ECU,T5AGROTP,E5AGROTP,*,*]:
2010 2011 2012 2013 2014 2015 2016 2017 2018 2019 2020 2021 2022 2023 2024 2025 2026 2027 2028 2029 2030 2031 2032 2033 2034 2035 :=
1 1.0 1.0 1.0 1.0 1.0 1.0 1.0 1.0 1.0 1.0 1.0 1.0 1.0 1.0 1.0 1.0 1.0 1.0 1.0 1.0 1.0 1.0 1.0 1.0 1.0 1.0 
[ECU,T5ELERES,E5RESELE,*,*]:
2010 2011 2012 2013 2014 2015 2016 2017 2018 2019 2020 2021 2022 2023 2024 2025 2026 2027 2028 2029 2030 2031 2032 2033 2034 2035 :=
1 1.0 1.0 1.0 1.0 1.0 1.0 1.0 1.0 1.0 1.0 1.0 1.0 1.0 1.0 1.0 1.0 1.0 1.0 1.0 1.0 1.0 1.0 1.0 1.0 1.0 1.0 
[ECU,T5COMGSL,E5COMGSL,*,*]:
2010 2011 2012 2013 2014 2015 2016 2017 2018 2019 2020 2021 2022 2023 2024 2025 2026 2027 2028 2029 2030 2031 2032 2033 2034 2035 :=
1 1.0 1.0 1.0 1.0 1.0 1.0 1.0 1.0 1.0 1.0 1.0 1.0 1.0 1.0 1.0 1.0 1.0 1.0 1.0 1.0 1.0 1.0 1.0 1.0 1.0 1.0 
[ECU,T5ALLTRNFOI,E5ALLTRNFOI,*,*]:
2010 2011 2012 2013 2014 2015 2016 2017 2018 2019 2020 2021 2022 2023 2024 2025 2026 2027 2028 2029 2030 2031 2032 2033 2034 2035 :=
1 1.0 1.0 1.0 1.0 1.0 1.0 1.0 1.0 1.0 1.0 1.0 1.0 1.0 1.0 1.0 1.0 1.0 1.0 1.0 1.0 1.0 1.0 1.0 1.0 1.0 1.0 
[ECU,PPPVDS,E3ELE,*,*]:
2010 2011 2012 2013 2014 2015 2016 2017 2018 2019 2020 2021 2022 2023 2024 2025 2026 2027 2028 2029 2030 2031 2032 2033 2034 2035 :=
1 1.0 1.0 1.0 1.0 1.0 1.0 1.0 1.0 1.0 1.0 1.0 1.0 1.0 1.0 1.0 1.0 1.0 1.0 1.0 1.0 1.0 1.0 1.0 1.0 1.0 1.0 
[ECU,PPBIM,E1ELE,*,*]:
2010 2011 2012 2013 2014 2015 2016 2017 2018 2019 2020 2021 2022 2023 2024 2025 2026 2027 2028 2029 2030 2031 2032 2033 2034 2035 :=
1 1.0 1.0 1.0 1.0 1.0 1.0 1.0 1.0 1.0 1.0 1.0 1.0 1.0 1.0 1.0 1.0 1.0 1.0 1.0 1.0 1.0 1.0 1.0 1.0 1.0 1.0 
[ECU,T5LPGCOM,E5COMLPG,*,*]:
2010 2011 2012 2013 2014 2015 2016 2017 2018 2019 2020 2021 2022 2023 2024 2025 2026 2027 2028 2029 2030 2031 2032 2033 2034 2035 :=
1 1.0 1.0 1.0 1.0 1.0 1.0 1.0 1.0 1.0 1.0 1.0 1.0 1.0 1.0 1.0 1.0 1.0 1.0 1.0 1.0 1.0 1.0 1.0 1.0 1.0 1.0 
[ECU,PROCRU,E1CRU,*,*]:
2010 2011 2012 2013 2014 2015 2016 2017 2018 2019 2020 2021 2022 2023 2024 2025 2026 2027 2028 2029 2030 2031 2032 2033 2034 2035 :=
1 1.0 1.0 1.0 1.0 1.0 1.0 1.0 1.0 1.0 1.0 1.0 1.0 1.0 1.0 1.0 1.0 1.0 1.0 1.0 1.0 1.0 1.0 1.0 1.0 1.0 1.0 
[ECU,DIST_GSL,E0GSL,*,*]:
2010 2011 2012 2013 2014 2015 2016 2017 2018 2019 2020 2021 2022 2023 2024 2025 2026 2027 2028 2029 2030 2031 2032 2033 2034 2035 :=
1 1.0 1.0 1.0 1.0 1.0 1.0 1.0 1.0 1.0 1.0 1.0 1.0 1.0 1.0 1.0 1.0 1.0 1.0 1.0 1.0 1.0 1.0 1.0 1.0 1.0 1.0 
[ECU,PPHDAMAS,E1ELE,*,*]:
2010 2011 2012 2013 2014 2015 2016 2017 2018 2019 2020 2021 2022 2023 2024 2025 2026 2027 2028 2029 2030 2031 2032 2033 2034 2035 :=
1 1.0 1.0 1.0 1.0 1.0 1.0 1.0 1.0 1.0 1.0 1.0 1.0 1.0 1.0 1.0 1.0 1.0 1.0 1.0 1.0 1.0 1.0 1.0 1.0 1.0 1.0 
[ECU,T4ELE_HEA,E4ELE_HEA,*,*]:
2010 2011 2012 2013 2014 2015 2016 2017 2018 2019 2020 2021 2022 2023 2024 2025 2026 2027 2028 2029 2030 2031 2032 2033 2034 2035 :=
1 1.0 1.0 1.0 1.0 1.0 1.0 1.0 1.0 1.0 1.0 1.0 1.0 1.0 1.0 1.0 1.0 1.0 1.0 1.0 1.0 1.0 1.0 1.0 1.0 1.0 1.0 
[ECU,T5BGSTRO,E5TROBGS,*,*]:
2010 2011 2012 2013 2014 2015 2016 2017 2018 2019 2020 2021 2022 2023 2024 2025 2026 2027 2028 2029 2030 2031 2032 2033 2034 2035 :=
1 1.0 1.0 1.0 1.0 1.0 1.0 1.0 1.0 1.0 1.0 1.0 1.0 1.0 1.0 1.0 1.0 1.0 1.0 1.0 1.0 1.0 1.0 1.0 1.0 1.0 1.0 
[ECU,EXTT_NGS,E0NGS,*,*]:
2010 2011 2012 2013 2014 2015 2016 2017 2018 2019 2020 2021 2022 2023 2024 2025 2026 2027 2028 2029 2030 2031 2032 2033 2034 2035 :=
1 1.0 1.0 1.0 1.0 1.0 1.0 1.0 1.0 1.0 1.0 1.0 1.0 1.0 1.0 1.0 1.0 1.0 1.0 1.0 1.0 1.0 1.0 1.0 1.0 1.0 1.0 
[ECU,T5NGSTMA,E5TMANGS,*,*]:
2010 2011 2012 2013 2014 2015 2016 2017 2018 2019 2020 2021 2022 2023 2024 2025 2026 2027 2028 2029 2030 2031 2032 2033 2034 2035 :=
1 1.0 1.0 1.0 1.0 1.0 1.0 1.0 1.0 1.0 1.0 1.0 1.0 1.0 1.0 1.0 1.0 1.0 1.0 1.0 1.0 1.0 1.0 1.0 1.0 1.0 1.0 
[ECU,T5TMAGSL,E5TMAGSL,*,*]:
2010 2011 2012 2013 2014 2015 2016 2017 2018 2019 2020 2021 2022 2023 2024 2025 2026 2027 2028 2029 2030 2031 2032 2033 2034 2035 :=
1 1.0 1.0 1.0 1.0 1.0 1.0 1.0 1.0 1.0 1.0 1.0 1.0 1.0 1.0 1.0 1.0 1.0 1.0 1.0 1.0 1.0 1.0 1.0 1.0 1.0 1.0 
[ECU,T5DSLTMA,E5TMADSL,*,*]:
2010 2011 2012 2013 2014 2015 2016 2017 2018 2019 2020 2021 2022 2023 2024 2025 2026 2027 2028 2029 2030 2031 2032 2033 2034 2035 :=
1 1.0 1.0 1.0 1.0 1.0 1.0 1.0 1.0 1.0 1.0 1.0 1.0 1.0 1.0 1.0 1.0 1.0 1.0 1.0 1.0 1.0 1.0 1.0 1.0 1.0 1.0 
[ECU,PPNGS,E1ELE,*,*]:
2010 2011 2012 2013 2014 2015 2016 2017 2018 2019 2020 2021 2022 2023 2024 2025 2026 2027 2028 2029 2030 2031 2032 2033 2034 2035 :=
1 1.0 1.0 1.0 1.0 1.0 1.0 1.0 1.0 1.0 1.0 1.0 1.0 1.0 1.0 1.0 1.0 1.0 1.0 1.0 1.0 1.0 1.0 1.0 1.0 1.0 1.0 
[ECU,PPBGS,E1ELE,*,*]:
2010 2011 2012 2013 2014 2015 2016 2017 2018 2019 2020 2021 2022 2023 2024 2025 2026 2027 2028 2029 2030 2031 2032 2033 2034 2035 :=
1 1.0 1.0 1.0 1.0 1.0 1.0 1.0 1.0 1.0 1.0 1.0 1.0 1.0 1.0 1.0 1.0 1.0 1.0 1.0 1.0 1.0 1.0 1.0 1.0 1.0 1.0 
[ECU,PPRDSL,E3ELE,*,*]:
2010 2011 2012 2013 2014 2015 2016 2017 2018 2019 2020 2021 2022 2023 2024 2025 2026 2027 2028 2029 2030 2031 2032 2033 2034 2035 :=
1 1.0 1.0 1.0 1.0 1.0 1.0 1.0 1.0 1.0 1.0 1.0 1.0 1.0 1.0 1.0 1.0 1.0 1.0 1.0 1.0 1.0 1.0 1.0 1.0 1.0 1.0 
[ECU,T5ELEIND,E5INDELE,*,*]:
2010 2011 2012 2013 2014 2015 2016 2017 2018 2019 2020 2021 2022 2023 2024 2025 2026 2027 2028 2029 2030 2031 2032 2033 2034 2035 :=
1 1.0 1.0 1.0 1.0 1.0 1.0 1.0 1.0 1.0 1.0 1.0 1.0 1.0 1.0 1.0 1.0 1.0 1.0 1.0 1.0 1.0 1.0 1.0 1.0 1.0 1.0 
[ECU,DIST_DSL,E0DSL,*,*]:
2010 2011 2012 2013 2014 2015 2016 2017 2018 2019 2020 2021 2022 2023 2024 2025 2026 2027 2028 2029 2030 2031 2032 2033 2034 2035 :=
1 1.0 1.0 1.0 1.0 1.0 1.0 1.0 1.0 1.0 1.0 1.0 1.0 1.0 1.0 1.0 1.0 1.0 1.0 1.0 1.0 1.0 1.0 1.0 1.0 1.0 1.0 
[ECU,DIST_OPE,E1OPE,*,*]:
2010 2011 2012 2013 2014 2015 2016 2017 2018 2019 2020 2021 2022 2023 2024 2025 2026 2027 2028 2029 2030 2031 2032 2033 2034 2035 :=
1 1.0 1.0 1.0 1.0 1.0 1.0 1.0 1.0 1.0 1.0 1.0 1.0 1.0 1.0 1.0 1.0 1.0 1.0 1.0 1.0 1.0 1.0 1.0 1.0 1.0 1.0 
[ECU,STOELE,E2ELE,*,*]:
2010 2011 2012 2013 2014 2015 2016 2017 2018 2019 2020 2021 2022 2023 2024 2025 2026 2027 2028 2029 2030 2031 2032 2033 2034 2035 :=
1 1.0 1.0 1.0 1.0 1.0 1.0 1.0 1.0 1.0 1.0 1.0 1.0 1.0 1.0 1.0 1.0 1.0 1.0 1.0 1.0 1.0 1.0 1.0 1.0 1.0 1.0 
[ECU,T5AGRLPG,E5AGRLPG,*,*]:
2010 2011 2012 2013 2014 2015 2016 2017 2018 2019 2020 2021 2022 2023 2024 2025 2026 2027 2028 2029 2030 2031 2032 2033 2034 2035 :=
1 1.0 1.0 1.0 1.0 1.0 1.0 1.0 1.0 1.0 1.0 1.0 1.0 1.0 1.0 1.0 1.0 1.0 1.0 1.0 1.0 1.0 1.0 1.0 1.0 1.0 1.0 
[ECU,DIST_JET,E1JET,*,*]:
2010 2011 2012 2013 2014 2015 2016 2017 2018 2019 2020 2021 2022 2023 2024 2025 2026 2027 2028 2029 2030 2031 2032 2033 2034 2035 :=
1 1.0 1.0 1.0 1.0 1.0 1.0 1.0 1.0 1.0 1.0 1.0 1.0 1.0 1.0 1.0 1.0 1.0 1.0 1.0 1.0 1.0 1.0 1.0 1.0 1.0 1.0 
[ECU,HYD_G_PROD,E2HYDG,*,*]:
2010 2011 2012 2013 2014 2015 2016 2017 2018 2019 2020 2021 2022 2023 2024 2025 2026 2027 2028 2029 2030 2031 2032 2033 2034 2035 :=
1 1.0 1.0 1.0 1.0 1.0 1.0 1.0 1.0 1.0 1.0 1.0 1.0 1.0 1.0 1.0 1.0 1.0 1.0 1.0 1.0 1.0 1.0 1.0 1.0 1.0 1.0 
[ECU,DIST_JET,E0JET,*,*]:
2010 2011 2012 2013 2014 2015 2016 2017 2018 2019 2020 2021 2022 2023 2024 2025 2026 2027 2028 2029 2030 2031 2032 2033 2034 2035 :=
1 1.0 1.0 1.0 1.0 1.0 1.0 1.0 1.0 1.0 1.0 1.0 1.0 1.0 1.0 1.0 1.0 1.0 1.0 1.0 1.0 1.0 1.0 1.0 1.0 1.0 1.0 
[ECU,T5ALLTRNGSL,E5ALLTRNGSL,*,*]:
2010 2011 2012 2013 2014 2015 2016 2017 2018 2019 2020 2021 2022 2023 2024 2025 2026 2027 2028 2029 2030 2031 2032 2033 2034 2035 :=
1 1.0 1.0 1.0 1.0 1.0 1.0 1.0 1.0 1.0 1.0 1.0 1.0 1.0 1.0 1.0 1.0 1.0 1.0 1.0 1.0 1.0 1.0 1.0 1.0 1.0 1.0 
[ECU,T5TCAGSL,E5TCAGSL,*,*]:
2010 2011 2012 2013 2014 2015 2016 2017 2018 2019 2020 2021 2022 2023 2024 2025 2026 2027 2028 2029 2030 2031 2032 2033 2034 2035 :=
1 1.0 1.0 1.0 1.0 1.0 1.0 1.0 1.0 1.0 1.0 1.0 1.0 1.0 1.0 1.0 1.0 1.0 1.0 1.0 1.0 1.0 1.0 1.0 1.0 1.0 1.0 
[ECU,T5DSLCOM,E5COMDSL,*,*]:
2010 2011 2012 2013 2014 2015 2016 2017 2018 2019 2020 2021 2022 2023 2024 2025 2026 2027 2028 2029 2030 2031 2032 2033 2034 2035 :=
1 1.0 1.0 1.0 1.0 1.0 1.0 1.0 1.0 1.0 1.0 1.0 1.0 1.0 1.0 1.0 1.0 1.0 1.0 1.0 1.0 1.0 1.0 1.0 1.0 1.0 1.0 
[ECU,REF_LPG,E1LPG,*,*]:
2010 2011 2012 2013 2014 2015 2016 2017 2018 2019 2020 2021 2022 2023 2024 2025 2026 2027 2028 2029 2030 2031 2032 2033 2034 2035 :=
1 1.0 1.0 1.0 1.0 1.0 1.0 1.0 1.0 1.0 1.0 1.0 1.0 1.0 1.0 1.0 1.0 1.0 1.0 1.0 1.0 1.0 1.0 1.0 1.0 1.0 1.0 
[ECU,DIST_LPG,E0LPG,*,*]:
2010 2011 2012 2013 2014 2015 2016 2017 2018 2019 2020 2021 2022 2023 2024 2025 2026 2027 2028 2029 2030 2031 2032 2033 2034 2035 :=
1 1.0 1.0 1.0 1.0 1.0 1.0 1.0 1.0 1.0 1.0 1.0 1.0 1.0 1.0 1.0 1.0 1.0 1.0 1.0 1.0 1.0 1.0 1.0 1.0 1.0 1.0 
[ECU,T5ELECON,E5CONELE,*,*]:
2010 2011 2012 2013 2014 2015 2016 2017 2018 2019 2020 2021 2022 2023 2024 2025 2026 2027 2028 2029 2030 2031 2032 2033 2034 2035 :=
1 1.0 1.0 1.0 1.0 1.0 1.0 1.0 1.0 1.0 1.0 1.0 1.0 1.0 1.0 1.0 1.0 1.0 1.0 1.0 1.0 1.0 1.0 1.0 1.0 1.0 1.0 
[ECU,PPHDAMPM,E1ELE,*,*]:
2010 2011 2012 2013 2014 2015 2016 2017 2018 2019 2020 2021 2022 2023 2024 2025 2026 2027 2028 2029 2030 2031 2032 2033 2034 2035 :=
1 1.0 1.0 1.0 1.0 1.0 1.0 1.0 1.0 1.0 1.0 1.0 1.0 1.0 1.0 1.0 1.0 1.0 1.0 1.0 1.0 1.0 1.0 1.0 1.0 1.0 1.0 
[ECU,T5ALLTRNDSL,E5ALLTRNDSL,*,*]:
2010 2011 2012 2013 2014 2015 2016 2017 2018 2019 2020 2021 2022 2023 2024 2025 2026 2027 2028 2029 2030 2031 2032 2033 2034 2035 :=
1 1.0 1.0 1.0 1.0 1.0 1.0 1.0 1.0 1.0 1.0 1.0 1.0 1.0 1.0 1.0 1.0 1.0 1.0 1.0 1.0 1.0 1.0 1.0 1.0 1.0 1.0 
[ECU,T5FIRRES,E5RESFIR,*,*]:
2010 2011 2012 2013 2014 2015 2016 2017 2018 2019 2020 2021 2022 2023 2024 2025 2026 2027 2028 2029 2030 2031 2032 2033 2034 2035 :=
1 1.0 1.0 1.0 1.0 1.0 1.0 1.0 1.0 1.0 1.0 1.0 1.0 1.0 1.0 1.0 1.0 1.0 1.0 1.0 1.0 1.0 1.0 1.0 1.0 1.0 1.0 
[ECU,REF_FOI,E1FOI,*,*]:
2010 2011 2012 2013 2014 2015 2016 2017 2018 2019 2020 2021 2022 2023 2024 2025 2026 2027 2028 2029 2030 2031 2032 2033 2034 2035 :=
1 1.0 1.0 1.0 1.0 1.0 1.0 1.0 1.0 1.0 1.0 1.0 1.0 1.0 1.0 1.0 1.0 1.0 1.0 1.0 1.0 1.0 1.0 1.0 1.0 1.0 1.0 
[ECU,T5OPECON,E5CONOPE,*,*]:
2010 2011 2012 2013 2014 2015 2016 2017 2018 2019 2020 2021 2022 2023 2024 2025 2026 2027 2028 2029 2030 2031 2032 2033 2034 2035 :=
1 1.0 1.0 1.0 1.0 1.0 1.0 1.0 1.0 1.0 1.0 1.0 1.0 1.0 1.0 1.0 1.0 1.0 1.0 1.0 1.0 1.0 1.0 1.0 1.0 1.0 1.0 
[ECU,T5LPGTMA,E5TMALPG,*,*]:
2010 2011 2012 2013 2014 2015 2016 2017 2018 2019 2020 2021 2022 2023 2024 2025 2026 2027 2028 2029 2030 2031 2032 2033 2034 2035 :=
1 1.0 1.0 1.0 1.0 1.0 1.0 1.0 1.0 1.0 1.0 1.0 1.0 1.0 1.0 1.0 1.0 1.0 1.0 1.0 1.0 1.0 1.0 1.0 1.0 1.0 1.0 
[ECU,PPIHD,E3ELE,*,*]:
2010 2011 2012 2013 2014 2015 2016 2017 2018 2019 2020 2021 2022 2023 2024 2025 2026 2027 2028 2029 2030 2031 2032 2033 2034 2035 :=
1 1.0 1.0 1.0 1.0 1.0 1.0 1.0 1.0 1.0 1.0 1.0 1.0 1.0 1.0 1.0 1.0 1.0 1.0 1.0 1.0 1.0 1.0 1.0 1.0 1.0 1.0 
[ECU,DIST_FOI,E0FOI,*,*]:
2010 2011 2012 2013 2014 2015 2016 2017 2018 2019 2020 2021 2022 2023 2024 2025 2026 2027 2028 2029 2030 2031 2032 2033 2034 2035 :=
1 1.0 1.0 1.0 1.0 1.0 1.0 1.0 1.0 1.0 1.0 1.0 1.0 1.0 1.0 1.0 1.0 1.0 1.0 1.0 1.0 1.0 1.0 1.0 1.0 1.0 1.0 
[ECU,DIST_COK,E1COK,*,*]:
2010 2011 2012 2013 2014 2015 2016 2017 2018 2019 2020 2021 2022 2023 2024 2025 2026 2027 2028 2029 2030 2031 2032 2033 2034 2035 :=
1 1.0 1.0 1.0 1.0 1.0 1.0 1.0 1.0 1.0 1.0 1.0 1.0 1.0 1.0 1.0 1.0 1.0 1.0 1.0 1.0 1.0 1.0 1.0 1.0 1.0 1.0 
[ECU,PPHDAMAM,E1ELE,*,*]:
2010 2011 2012 2013 2014 2015 2016 2017 2018 2019 2020 2021 2022 2023 2024 2025 2026 2027 2028 2029 2030 2031 2032 2033 2034 2035 :=
1 1.0 1.0 1.0 1.0 1.0 1.0 1.0 1.0 1.0 1.0 1.0 1.0 1.0 1.0 1.0 1.0 1.0 1.0 1.0 1.0 1.0 1.0 1.0 1.0 1.0 1.0 
[ECU,TRXTRAIELE,E5TRXTRAI,*,*]:
2010 2011 2012 2013 2014 2015 2016 2017 2018 2019 2020 2021 2022 2023 2024 2025 2026 2027 2028 2029 2030 2031 2032 2033 2034 2035 :=
1 1.0 1.0 1.0 1.0 1.0 1.0 1.0 1.0 1.0 1.0 1.0 1.0 1.0 1.0 1.0 1.0 1.0 1.0 1.0 1.0 1.0 1.0 1.0 1.0 1.0 1.0 
[ECU,PRONGS,E1NGS,*,*]:
2010 2011 2012 2013 2014 2015 2016 2017 2018 2019 2020 2021 2022 2023 2024 2025 2026 2027 2028 2029 2030 2031 2032 2033 2034 2035 :=
1 1.0 1.0 1.0 1.0 1.0 1.0 1.0 1.0 1.0 1.0 1.0 1.0 1.0 1.0 1.0 1.0 1.0 1.0 1.0 1.0 1.0 1.0 1.0 1.0 1.0 1.0 
[ECU,T5ALLTRNJET,E5ALLTRNJET,*,*]:
2010 2011 2012 2013 2014 2015 2016 2017 2018 2019 2020 2021 2022 2023 2024 2025 2026 2027 2028 2029 2030 2031 2032 2033 2034 2035 :=
1 1.0 1.0 1.0 1.0 1.0 1.0 1.0 1.0 1.0 1.0 1.0 1.0 1.0 1.0 1.0 1.0 1.0 1.0 1.0 1.0 1.0 1.0 1.0 1.0 1.0 1.0 
[ECU,PPDFOI,E3ELE,*,*]:
2010 2011 2012 2013 2014 2015 2016 2017 2018 2019 2020 2021 2022 2023 2024 2025 2026 2027 2028 2029 2030 2031 2032 2033 2034 2035 :=
1 1.0 1.0 1.0 1.0 1.0 1.0 1.0 1.0 1.0 1.0 1.0 1.0 1.0 1.0 1.0 1.0 1.0 1.0 1.0 1.0 1.0 1.0 1.0 1.0 1.0 1.0 
[ECU,ADD_GRE,E0GRE,*,*]:
2010 2011 2012 2013 2014 2015 2016 2017 2018 2019 2020 2021 2022 2023 2024 2025 2026 2027 2028 2029 2030 2031 2032 2033 2034 2035 :=
1 1.0 1.0 1.0 1.0 1.0 1.0 1.0 1.0 1.0 1.0 1.0 1.0 1.0 1.0 1.0 1.0 1.0 1.0 1.0 1.0 1.0 1.0 1.0 1.0 1.0 1.0 
[ECU,DIST_COA,E1COA,*,*]:
2010 2011 2012 2013 2014 2015 2016 2017 2018 2019 2020 2021 2022 2023 2024 2025 2026 2027 2028 2029 2030 2031 2032 2033 2034 2035 :=
1 1.0 1.0 1.0 1.0 1.0 1.0 1.0 1.0 1.0 1.0 1.0 1.0 1.0 1.0 1.0 1.0 1.0 1.0 1.0 1.0 1.0 1.0 1.0 1.0 1.0 1.0 
[ECU,PPHRORAB,E1ELE,*,*]:
2010 2011 2012 2013 2014 2015 2016 2017 2018 2019 2020 2021 2022 2023 2024 2025 2026 2027 2028 2029 2030 2031 2032 2033 2034 2035 :=
1 1.0 1.0 1.0 1.0 1.0 1.0 1.0 1.0 1.0 1.0 1.0 1.0 1.0 1.0 1.0 1.0 1.0 1.0 1.0 1.0 1.0 1.0 1.0 1.0 1.0 1.0 
[ECU,DIST_LPG,E1LPG,*,*]:
2010 2011 2012 2013 2014 2015 2016 2017 2018 2019 2020 2021 2022 2023 2024 2025 2026 2027 2028 2029 2030 2031 2032 2033 2034 2035 :=
1 1.0 1.0 1.0 1.0 1.0 1.0 1.0 1.0 1.0 1.0 1.0 1.0 1.0 1.0 1.0 1.0 1.0 1.0 1.0 1.0 1.0 1.0 1.0 1.0 1.0 1.0 
[ECU,DIST_DSL,E1DSL,*,*]:
2010 2011 2012 2013 2014 2015 2016 2017 2018 2019 2020 2021 2022 2023 2024 2025 2026 2027 2028 2029 2030 2031 2032 2033 2034 2035 :=
1 1.0 1.0 1.0 1.0 1.0 1.0 1.0 1.0 1.0 1.0 1.0 1.0 1.0 1.0 1.0 1.0 1.0 1.0 1.0 1.0 1.0 1.0 1.0 1.0 1.0 1.0 
[ECU,T5CONKER,E5CONKER,*,*]:
2010 2011 2012 2013 2014 2015 2016 2017 2018 2019 2020 2021 2022 2023 2024 2025 2026 2027 2028 2029 2030 2031 2032 2033 2034 2035 :=
1 1.0 1.0 1.0 1.0 1.0 1.0 1.0 1.0 1.0 1.0 1.0 1.0 1.0 1.0 1.0 1.0 1.0 1.0 1.0 1.0 1.0 1.0 1.0 1.0 1.0 1.0 
[ECU,DIST_KER,E1KER,*,*]:
2010 2011 2012 2013 2014 2015 2016 2017 2018 2019 2020 2021 2022 2023 2024 2025 2026 2027 2028 2029 2030 2031 2032 2033 2034 2035 :=
1 1.0 1.0 1.0 1.0 1.0 1.0 1.0 1.0 1.0 1.0 1.0 1.0 1.0 1.0 1.0 1.0 1.0 1.0 1.0 1.0 1.0 1.0 1.0 1.0 1.0 1.0 
[ECU,DIST_CRU,E0CRU,*,*]:
2010 2011 2012 2013 2014 2015 2016 2017 2018 2019 2020 2021 2022 2023 2024 2025 2026 2027 2028 2029 2030 2031 2032 2033 2034 2035 :=
1 1.0 1.0 1.0 1.0 1.0 1.0 1.0 1.0 1.0 1.0 1.0 1.0 1.0 1.0 1.0 1.0 1.0 1.0 1.0 1.0 1.0 1.0 1.0 1.0 1.0 1.0 
[ECU,T5GSLIND,E5INDGSL,*,*]:
2010 2011 2012 2013 2014 2015 2016 2017 2018 2019 2020 2021 2022 2023 2024 2025 2026 2027 2028 2029 2030 2031 2032 2033 2034 2035 :=
1 1.0 1.0 1.0 1.0 1.0 1.0 1.0 1.0 1.0 1.0 1.0 1.0 1.0 1.0 1.0 1.0 1.0 1.0 1.0 1.0 1.0 1.0 1.0 1.0 1.0 1.0 
[ECU,T5ELECOM,E5COMELE,*,*]:
2010 2011 2012 2013 2014 2015 2016 2017 2018 2019 2020 2021 2022 2023 2024 2025 2026 2027 2028 2029 2030 2031 2032 2033 2034 2035 :=
1 1.0 1.0 1.0 1.0 1.0 1.0 1.0 1.0 1.0 1.0 1.0 1.0 1.0 1.0 1.0 1.0 1.0 1.0 1.0 1.0 1.0 1.0 1.0 1.0 1.0 1.0 
[ECU,DIST_FOI,E1FO1,*,*]:
2010 2011 2012 2013 2014 2015 2016 2017 2018 2019 2020 2021 2022 2023 2024 2025 2026 2027 2028 2029 2030 2031 2032 2033 2034 2035 :=
1 1.0 1.0 1.0 1.0 1.0 1.0 1.0 1.0 1.0 1.0 1.0 1.0 1.0 1.0 1.0 1.0 1.0 1.0 1.0 1.0 1.0 1.0 1.0 1.0 1.0 1.0 
[ECU,DIST_RDF,E1RDF,*,*]:
2010 2011 2012 2013 2014 2015 2016 2017 2018 2019 2020 2021 2022 2023 2024 2025 2026 2027 2028 2029 2030 2031 2032 2033 2034 2035 :=
1 1.0 1.0 1.0 1.0 1.0 1.0 1.0 1.0 1.0 1.0 1.0 1.0 1.0 1.0 1.0 1.0 1.0 1.0 1.0 1.0 1.0 1.0 1.0 1.0 1.0 1.0 
[ECU,T5NGSTRO,E5TRONGS,*,*]:
2010 2011 2012 2013 2014 2015 2016 2017 2018 2019 2020 2021 2022 2023 2024 2025 2026 2027 2028 2029 2030 2031 2032 2033 2034 2035 :=
1 1.0 1.0 1.0 1.0 1.0 1.0 1.0 1.0 1.0 1.0 1.0 1.0 1.0 1.0 1.0 1.0 1.0 1.0 1.0 1.0 1.0 1.0 1.0 1.0 1.0 1.0 
[ECU,T5JETEXP,E5EXPJET,*,*]:
2010 2011 2012 2013 2014 2015 2016 2017 2018 2019 2020 2021 2022 2023 2024 2025 2026 2027 2028 2029 2030 2031 2032 2033 2034 2035 :=
1 1.0 1.0 1.0 1.0 1.0 1.0 1.0 1.0 1.0 1.0 1.0 1.0 1.0 1.0 1.0 1.0 1.0 1.0 1.0 1.0 1.0 1.0 1.0 1.0 1.0 1.0 
[ECU,DIST_FIR,E1FIR,*,*]:
2010 2011 2012 2013 2014 2015 2016 2017 2018 2019 2020 2021 2022 2023 2024 2025 2026 2027 2028 2029 2030 2031 2032 2033 2034 2035 :=
1 1.0 1.0 1.0 1.0 1.0 1.0 1.0 1.0 1.0 1.0 1.0 1.0 1.0 1.0 1.0 1.0 1.0 1.0 1.0 1.0 1.0 1.0 1.0 1.0 1.0 1.0 
[ECU,T5FOITMA,E5TMAFOI,*,*]:
2010 2011 2012 2013 2014 2015 2016 2017 2018 2019 2020 2021 2022 2023 2024 2025 2026 2027 2028 2029 2030 2031 2032 2033 2034 2035 :=
1 1.0 1.0 1.0 1.0 1.0 1.0 1.0 1.0 1.0 1.0 1.0 1.0 1.0 1.0 1.0 1.0 1.0 1.0 1.0 1.0 1.0 1.0 1.0 1.0 1.0 1.0 
[ECU,T5FOICOM,E5COMFOI,*,*]:
2010 2011 2012 2013 2014 2015 2016 2017 2018 2019 2020 2021 2022 2023 2024 2025 2026 2027 2028 2029 2030 2031 2032 2033 2034 2035 :=
1 1.0 1.0 1.0 1.0 1.0 1.0 1.0 1.0 1.0 1.0 1.0 1.0 1.0 1.0 1.0 1.0 1.0 1.0 1.0 1.0 1.0 1.0 1.0 1.0 1.0 1.0 
[ECU,T5GSLRES,E5RESGSL,*,*]:
2010 2011 2012 2013 2014 2015 2016 2017 2018 2019 2020 2021 2022 2023 2024 2025 2026 2027 2028 2029 2030 2031 2032 2033 2034 2035 :=
1 1.0 1.0 1.0 1.0 1.0 1.0 1.0 1.0 1.0 1.0 1.0 1.0 1.0 1.0 1.0 1.0 1.0 1.0 1.0 1.0 1.0 1.0 1.0 1.0 1.0 1.0 
[ECU,PPHDAMPS,E1ELE,*,*]:
2010 2011 2012 2013 2014 2015 2016 2017 2018 2019 2020 2021 2022 2023 2024 2025 2026 2027 2028 2029 2030 2031 2032 2033 2034 2035 :=
1 1.0 1.0 1.0 1.0 1.0 1.0 1.0 1.0 1.0 1.0 1.0 1.0 1.0 1.0 1.0 1.0 1.0 1.0 1.0 1.0 1.0 1.0 1.0 1.0 1.0 1.0 
[ECU,T5BIMIND,E5INDBIM,*,*]:
2010 2011 2012 2013 2014 2015 2016 2017 2018 2019 2020 2021 2022 2023 2024 2025 2026 2027 2028 2029 2030 2031 2032 2033 2034 2035 :=
1 1.0 1.0 1.0 1.0 1.0 1.0 1.0 1.0 1.0 1.0 1.0 1.0 1.0 1.0 1.0 1.0 1.0 1.0 1.0 1.0 1.0 1.0 1.0 1.0 1.0 1.0 
[ECU,Techs_Rail,E6TDFREHEA,*,*]:
2010 2011 2012 2013 2014 2015 2016 2017 2018 2019 2020 2021 2022 2023 2024 2025 2026 2027 2028 2029 2030 2031 2032 2033 2034 2035 :=
1 1.0 1.0 1.0 1.0 1.0 1.0 1.0 1.0 1.0 1.0 1.0 1.0 1.0 1.0 1.0 1.0 1.0 1.0 1.0 1.0 1.0 1.0 1.0 1.0 1.0 1.0 
[ECU,T5DSLTRO,E5TRODSL,*,*]:
2010 2011 2012 2013 2014 2015 2016 2017 2018 2019 2020 2021 2022 2023 2024 2025 2026 2027 2028 2029 2030 2031 2032 2033 2034 2035 :=
1 1.0 1.0 1.0 1.0 1.0 1.0 1.0 1.0 1.0 1.0 1.0 1.0 1.0 1.0 1.0 1.0 1.0 1.0 1.0 1.0 1.0 1.0 1.0 1.0 1.0 1.0 
[ECU,PPPVD,E3ELE,*,*]:
2010 2011 2012 2013 2014 2015 2016 2017 2018 2019 2020 2021 2022 2023 2024 2025 2026 2027 2028 2029 2030 2031 2032 2033 2034 2035 :=
1 1.0 1.0 1.0 1.0 1.0 1.0 1.0 1.0 1.0 1.0 1.0 1.0 1.0 1.0 1.0 1.0 1.0 1.0 1.0 1.0 1.0 1.0 1.0 1.0 1.0 1.0 
[ECU,PPDDSL,E3ELE,*,*]:
2010 2011 2012 2013 2014 2015 2016 2017 2018 2019 2020 2021 2022 2023 2024 2025 2026 2027 2028 2029 2030 2031 2032 2033 2034 2035 :=
1 1.0 1.0 1.0 1.0 1.0 1.0 1.0 1.0 1.0 1.0 1.0 1.0 1.0 1.0 1.0 1.0 1.0 1.0 1.0 1.0 1.0 1.0 1.0 1.0 1.0 1.0 
[ECU,T5OPERES,E5RESOPE,*,*]:
2010 2011 2012 2013 2014 2015 2016 2017 2018 2019 2020 2021 2022 2023 2024 2025 2026 2027 2028 2029 2030 2031 2032 2033 2034 2035 :=
1 1.0 1.0 1.0 1.0 1.0 1.0 1.0 1.0 1.0 1.0 1.0 1.0 1.0 1.0 1.0 1.0 1.0 1.0 1.0 1.0 1.0 1.0 1.0 1.0 1.0 1.0 
[ECU,PPCRU,E3ELE,*,*]:
2010 2011 2012 2013 2014 2015 2016 2017 2018 2019 2020 2021 2022 2023 2024 2025 2026 2027 2028 2029 2030 2031 2032 2033 2034 2035 :=
1 1.0 1.0 1.0 1.0 1.0 1.0 1.0 1.0 1.0 1.0 1.0 1.0 1.0 1.0 1.0 1.0 1.0 1.0 1.0 1.0 1.0 1.0 1.0 1.0 1.0 1.0 
[ECU,T5RDFIND,E5INDRDF,*,*]:
2010 2011 2012 2013 2014 2015 2016 2017 2018 2019 2020 2021 2022 2023 2024 2025 2026 2027 2028 2029 2030 2031 2032 2033 2034 2035 :=
1 1.0 1.0 1.0 1.0 1.0 1.0 1.0 1.0 1.0 1.0 1.0 1.0 1.0 1.0 1.0 1.0 1.0 1.0 1.0 1.0 1.0 1.0 1.0 1.0 1.0 1.0 
[ECU,T5NGSIND,E5INDNGS,*,*]:
2010 2011 2012 2013 2014 2015 2016 2017 2018 2019 2020 2021 2022 2023 2024 2025 2026 2027 2028 2029 2030 2031 2032 2033 2034 2035 :=
1 1.0 1.0 1.0 1.0 1.0 1.0 1.0 1.0 1.0 1.0 1.0 1.0 1.0 1.0 1.0 1.0 1.0 1.0 1.0 1.0 1.0 1.0 1.0 1.0 1.0 1.0 
[ECU,PPHRORAM,E1ELE,*,*]:
2010 2011 2012 2013 2014 2015 2016 2017 2018 2019 2020 2021 2022 2023 2024 2025 2026 2027 2028 2029 2030 2031 2032 2033 2034 2035 :=
1 1.0 1.0 1.0 1.0 1.0 1.0 1.0 1.0 1.0 1.0 1.0 1.0 1.0 1.0 1.0 1.0 1.0 1.0 1.0 1.0 1.0 1.0 1.0 1.0 1.0 1.0 
[ECU,T5GSLTRO,E5TROGSL,*,*]:
2010 2011 2012 2013 2014 2015 2016 2017 2018 2019 2020 2021 2022 2023 2024 2025 2026 2027 2028 2029 2030 2031 2032 2033 2034 2035 :=
1 1.0 1.0 1.0 1.0 1.0 1.0 1.0 1.0 1.0 1.0 1.0 1.0 1.0 1.0 1.0 1.0 1.0 1.0 1.0 1.0 1.0 1.0 1.0 1.0 1.0 1.0 
[ECU,DIST_OID,E1OID,*,*]:
2010 2011 2012 2013 2014 2015 2016 2017 2018 2019 2020 2021 2022 2023 2024 2025 2026 2027 2028 2029 2030 2031 2032 2033 2034 2035 :=
1 1.0 1.0 1.0 1.0 1.0 1.0 1.0 1.0 1.0 1.0 1.0 1.0 1.0 1.0 1.0 1.0 1.0 1.0 1.0 1.0 1.0 1.0 1.0 1.0 1.0 1.0 
[ECU,T5TAEGSL,E5TAEGSL,*,*]:
2010 2011 2012 2013 2014 2015 2016 2017 2018 2019 2020 2021 2022 2023 2024 2025 2026 2027 2028 2029 2030 2031 2032 2033 2034 2035 :=
1 1.0 1.0 1.0 1.0 1.0 1.0 1.0 1.0 1.0 1.0 1.0 1.0 1.0 1.0 1.0 1.0 1.0 1.0 1.0 1.0 1.0 1.0 1.0 1.0 1.0 1.0 
[ECU,T5ALLTRNLPG,E5ALLTRNLPG,*,*]:
2010 2011 2012 2013 2014 2015 2016 2017 2018 2019 2020 2021 2022 2023 2024 2025 2026 2027 2028 2029 2030 2031 2032 2033 2034 2035 :=
1 1.0 1.0 1.0 1.0 1.0 1.0 1.0 1.0 1.0 1.0 1.0 1.0 1.0 1.0 1.0 1.0 1.0 1.0 1.0 1.0 1.0 1.0 1.0 1.0 1.0 1.0 
[ECU,T5AGRDSL,E5AGRDSL,*,*]:
2010 2011 2012 2013 2014 2015 2016 2017 2018 2019 2020 2021 2022 2023 2024 2025 2026 2027 2028 2029 2030 2031 2032 2033 2034 2035 :=
1 1.0 1.0 1.0 1.0 1.0 1.0 1.0 1.0 1.0 1.0 1.0 1.0 1.0 1.0 1.0 1.0 1.0 1.0 1.0 1.0 1.0 1.0 1.0 1.0 1.0 1.0 
[ECU,T5HYDIND,E5INDHYD,*,*]:
2010 2011 2012 2013 2014 2015 2016 2017 2018 2019 2020 2021 2022 2023 2024 2025 2026 2027 2028 2029 2030 2031 2032 2033 2034 2035 :=
1 1.0 1.0 1.0 1.0 1.0 1.0 1.0 1.0 1.0 1.0 1.0 1.0 1.0 1.0 1.0 1.0 1.0 1.0 1.0 1.0 1.0 1.0 1.0 1.0 1.0 1.0 
[ECU,T5DSLCON,E5CONDSL,*,*]:
2010 2011 2012 2013 2014 2015 2016 2017 2018 2019 2020 2021 2022 2023 2024 2025 2026 2027 2028 2029 2030 2031 2032 2033 2034 2035 :=
1 1.0 1.0 1.0 1.0 1.0 1.0 1.0 1.0 1.0 1.0 1.0 1.0 1.0 1.0 1.0 1.0 1.0 1.0 1.0 1.0 1.0 1.0 1.0 1.0 1.0 1.0 
[ECU,PPHRORPM,E1ELE,*,*]:
2010 2011 2012 2013 2014 2015 2016 2017 2018 2019 2020 2021 2022 2023 2024 2025 2026 2027 2028 2029 2030 2031 2032 2033 2034 2035 :=
1 1.0 1.0 1.0 1.0 1.0 1.0 1.0 1.0 1.0 1.0 1.0 1.0 1.0 1.0 1.0 1.0 1.0 1.0 1.0 1.0 1.0 1.0 1.0 1.0 1.0 1.0 
;

param ResidualCapacity default 0 :=
[ECU,*,*]:
2010 2011 2012 2013 2014 2015 2016 2017 2018 2019 2020 2021 2022 2023 2024 2025 2026 2027 2028 2029 2030 2031 2032 2033 2034 2035 :=
DIST_BGS 0.0 0.0 0.0 0.0 0.0 0.0 0.0 0.0 0.0 0.0 0.0 0.0 0.0 0.0 0.0 0.0 0.0 0.0 0.0 0.0 0.0 0.0 0.0 0.0 0.0 0.0 
DIST_BIM 0.0 0.0 0.0 0.0 0.0 0.0 0.0 0.0 0.0 0.0 0.0 0.0 0.0 0.0 0.0 0.0 0.0 0.0 0.0 0.0 0.0 0.0 0.0 0.0 0.0 0.0 
DIST_CHA 0.0 0.0 0.0 0.0 0.0 0.0 0.0 0.0 0.0 0.0 0.0 0.0 0.0 0.0 0.0 0.0 0.0 0.0 0.0 0.0 0.0 0.0 0.0 0.0 0.0 0.0 
DIST_FIR 0.0 0.0 0.0 0.0 0.0 0.0 0.0 0.0 0.0 0.0 0.0 0.0 0.0 0.0 0.0 0.0 0.0 0.0 0.0 0.0 0.0 0.0 0.0 0.0 0.0 0.0 
DIST_COA 0.0 0.0 0.0 0.0 0.0 0.0 0.0 0.0 0.0 0.0 0.0 0.0 0.0 0.0 0.0 0.0 0.0 0.0 0.0 0.0 0.0 0.0 0.0 0.0 0.0 0.0 
DIST_COK 0.0 0.0 0.0 0.0 0.0 0.0 0.0 0.0 0.0 0.0 0.0 0.0 0.0 0.0 0.0 0.0 0.0 0.0 0.0 0.0 0.0 0.0 0.0 0.0 0.0 0.0 
DIST_DSL 0.0 0.0 0.0 0.0 0.0 0.0 0.0 0.0 0.0 0.0 0.0 0.0 0.0 0.0 0.0 0.0 0.0 0.0 0.0 0.0 0.0 0.0 0.0 0.0 0.0 0.0 
DIST_FOI 0.0 0.0 0.0 0.0 0.0 0.0 0.0 0.0 0.0 0.0 0.0 0.0 0.0 0.0 0.0 0.0 0.0 0.0 0.0 0.0 0.0 0.0 0.0 0.0 0.0 0.0 
DIST_GSL 0.0 0.0 0.0 0.0 0.0 0.0 0.0 0.0 0.0 0.0 0.0 0.0 0.0 0.0 0.0 0.0 0.0 0.0 0.0 0.0 0.0 0.0 0.0 0.0 0.0 0.0 
DIST_JET 0.0 0.0 0.0 0.0 0.0 0.0 0.0 0.0 0.0 0.0 0.0 0.0 0.0 0.0 0.0 0.0 0.0 0.0 0.0 0.0 0.0 0.0 0.0 0.0 0.0 0.0 
DIST_KER 0.0 0.0 0.0 0.0 0.0 0.0 0.0 0.0 0.0 0.0 0.0 0.0 0.0 0.0 0.0 0.0 0.0 0.0 0.0 0.0 0.0 0.0 0.0 0.0 0.0 0.0 
DIST_LPG 0.0 0.0 0.0 0.0 0.0 0.0 0.0 0.0 0.0 0.0 0.0 0.0 0.0 0.0 0.0 0.0 0.0 0.0 0.0 0.0 0.0 0.0 0.0 0.0 0.0 0.0 
DIST_NGS 0.0 0.0 0.0 0.0 0.0 0.0 0.0 0.0 0.0 0.0 0.0 0.0 0.0 0.0 0.0 0.0 0.0 0.0 0.0 0.0 0.0 0.0 0.0 0.0 0.0 0.0 
DIST_CRU 0.0 0.0 0.0 0.0 0.0 0.0 0.0 0.0 0.0 0.0 0.0 0.0 0.0 0.0 0.0 0.0 0.0 0.0 0.0 0.0 0.0 0.0 0.0 0.0 0.0 0.0 
DIST_OPE 0.0 0.0 0.0 0.0 0.0 0.0 0.0 0.0 0.0 0.0 0.0 0.0 0.0 0.0 0.0 0.0 0.0 0.0 0.0 0.0 0.0 0.0 0.0 0.0 0.0 0.0 
DIST_RDF 0.0 0.0 0.0 0.0 0.0 0.0 0.0 0.0 0.0 0.0 0.0 0.0 0.0 0.0 0.0 0.0 0.0 0.0 0.0 0.0 0.0 0.0 0.0 0.0 0.0 0.0 
DIST_OID 0.0 0.0 0.0 0.0 0.0 0.0 0.0 0.0 0.0 0.0 0.0 0.0 0.0 0.0 0.0 0.0 0.0 0.0 0.0 0.0 0.0 0.0 0.0 0.0 0.0 0.0 
PPPVD 0.0 0.0 0.0 0.0 0.0 0.0 0.0 0.0 0.0 0.0 0.0 0.0 0.0 0.0 0.0 0.0 0.0 0.0 0.0 0.0 0.0 0.0 0.0 0.0 0.0 0.0 
PPPVDS 0.0 0.0 0.0 0.0 0.0 0.0 0.0 0.0 0.0 0.0 0.0 0.0 0.0 0.0 0.0 0.0 0.0 0.0 0.0 0.0 0.0 0.0 0.0 0.0 0.0 0.0 
PPGEO 0.0 0.0 0.0 0.0 0.0 0.0 0.0 0.0 0.0 0.0 0.0 0.0 0.0 0.0 0.0 0.0 0.0 0.0 0.0 0.0 0.0 0.0 0.0 0.0 0.0 0.0 
PPHDAMAB 1.075 1.075 1.075 1.075 1.075 1.075 1.075 1.075 1.075 1.075 1.075 1.075 1.075 1.075 1.075 1.075 1.075 1.075 1.075 1.075 1.075 1.075 1.075 1.075 1.075 1.075 
PPHDAMAM 0.3437 0.3437 0.3437 0.3437 0.33 0.33 0.33 0.33 0.33 0.33 0.33 0.33 0.33 0.33 0.33 0.33 0.33 0.33 0.33 0.33 0.33 0.33 0.33 0.33 0.33 0.33 
PPHDAMAS 0.0005 0.0005 0.0005 0.0005 0.0005 0.0005 0.0005 0.0005 0.0005 0.0005 0.0005 0.0005 0.0005 0.0005 0.0005 0.0005 0.0005 0.0005 0.0005 0.0005 0.0005 0.0005 0.0005 0.0005 0.0005 0.0005 
PPHDAMPM 0.286 0.286 0.286 0.286 0.286 0.286 0.286 0.286 0.286 0.286 0.286 0.286 0.286 0.286 0.286 0.286 0.286 0.286 0.286 0.286 0.286 0.286 0.286 0.286 0.286 0.286 
PPHDAMPS 0.0422 0.0422 0.0422 0.0422 0.0422 0.0422 0.0422 0.0422 0.0422 0.0422 0.0422 0.0422 0.0422 0.0422 0.0422 0.0422 0.0422 0.0422 0.0422 0.0422 0.0422 0.0422 0.0422 0.0422 0.0422 0.0422 
PPHRORAB 0.0 0.0 0.0 0.0 0.0 0.0 0.0 0.0 0.0 0.0 0.0 0.0 0.0 0.0 0.0 0.0 0.0 0.0 0.0 0.0 0.0 0.0 0.0 0.0 0.0 0.0 
PPHRORAM 0.0 0.0 0.0 0.0 0.0 0.0 0.0 0.0 0.0 0.0 0.0 0.0 0.0 0.0 0.0 0.0 0.0 0.0 0.0 0.0 0.0 0.0 0.0 0.0 0.0 0.0 
PPHRORAS 0.024 0.024 0.024 0.024 0.024 0.024 0.024 0.024 0.024 0.024 0.024 0.024 0.024 0.024 0.024 0.024 0.024 0.024 0.024 0.024 0.024 0.024 0.024 0.024 0.024 0.024 
PPHRORPM 0.23 0.23 0.23 0.23 0.23 0.23 0.23 0.23 0.23 0.23 0.23 0.23 0.23 0.23 0.23 0.23 0.23 0.23 0.23 0.23 0.23 0.23 0.23 0.23 0.23 0.23 
PPHRORPS 0.0548 0.0548 0.0548 0.0548 0.0548 0.0548 0.0548 0.0548 0.0548 0.0548 0.0548 0.0548 0.0548 0.0548 0.0548 0.0548 0.0548 0.0548 0.0548 0.0548 0.0548 0.0548 0.0548 0.0548 0.0548 0.0548 
PPPVT 0.0 0.0 0.0001 0.0039 0.0264 0.0255 0.0256 0.0256 0.0 0.0 0.0 0.0 0.0 0.0 0.0 0.0 0.0 0.0 0.0 0.0 0.0 0.0 0.0 0.0 0.0 0.0 
PPPVTS 0.0 0.0 0.0 0.0 0.0 0.0 0.0 0.0 0.0 0.0 0.0 0.0 0.0 0.0 0.0 0.0 0.0 0.0 0.0 0.0 0.0 0.0 0.0 0.0 0.0 0.0 
PPWNDON 0.0 0.0 0.0 0.0165 0.0165 0.0165 0.0165 0.0165 0.0212 0.0212 0.0212 0.0212 0.0212 0.0212 0.0212 0.0212 0.0212 0.0212 0.0212 0.0212 0.0212 0.0212 0.0212 0.0212 0.0212 0.0212 
PPHD 0.813 0.813 0.813 0.813 0.813 0.813 0.813 0.813 0.813 0.813 0.813 0.813 0.813 0.813 0.813 0.813 0.813 0.813 0.813 0.813 0.813 0.813 0.813 0.813 0.813 0.813 
PPIHD 0.2409 0.2409 0.2409 0.2409 0.2409 0.2409 0.2409 0.2409 0.2409 0.2409 0.2409 0.2409 0.2409 0.2409 0.2409 0.2409 0.2409 0.2409 0.2409 0.2409 0.2409 0.2409 0.2409 0.2409 0.2409 0.2409 
PPWNDD 0.2586 0.2586 0.2586 0.2586 0.2586 0.2586 0.2586 0.2586 0.2586 0.2586 0.2586 0.2586 0.2586 0.2586 0.2586 0.2586 0.2586 0.2586 0.2586 0.2586 0.2586 0.2586 0.2586 0.2586 0.2586 0.2586 
EXTT_NGS 0.0 0.0 0.0 0.0 0.0 0.0 0.0 0.0 0.0 0.0 0.0 0.0 0.0 0.0 0.0 0.0 0.0 0.0 0.0 0.0 0.0 0.0 0.0 0.0 0.0 0.0 
ADD_GRE 0.0 0.0 0.0 0.0 0.0 0.0 0.0 0.0 0.0 0.0 0.0 0.0 0.0 0.0 0.0 0.0 0.0 0.0 0.0 0.0 0.0 0.0 0.0 0.0 0.0 0.0 
EXTT_CRU 0.0 0.0 0.0 0.0 0.0 0.0 0.0 0.0 0.0 0.0 0.0 0.0 0.0 0.0 0.0 0.0 0.0 0.0 0.0 0.0 0.0 0.0 0.0 0.0 0.0 0.0 
IMPELE 0.0 0.0 0.0 0.0 0.0 0.0 0.0 0.0 0.0 0.0 0.0 0.0 0.0 0.0 0.0 0.0 0.0 0.0 0.0 0.0 0.0 0.0 0.0 0.0 0.0 0.0 
ELE_TRANS 0.0 0.0 0.0 0.0 0.0 0.0 0.0 0.0 0.0 0.0 0.0 0.0 0.0 0.0 0.0 0.0 0.0 0.0 0.0 0.0 0.0 0.0 0.0 0.0 0.0 0.0 
ELE_DIST 0.0 0.0 0.0 0.0 0.0 0.0 0.0 0.0 0.0 0.0 0.0 0.0 0.0 0.0 0.0 0.0 0.0 0.0 0.0 0.0 0.0 0.0 0.0 0.0 0.0 0.0 
HYD_G_PROD 0.0 0.0 0.0 0.0 0.0 0.0 0.0 0.0 0.0 0.0 0.0 0.0 0.0 0.0 0.0 0.0 0.0 0.0 0.0 0.0 0.0 0.0 0.0 0.0 0.0 0.0 
HYD_DIST 0.0 0.0 0.0 0.0 0.0 0.0 0.0 0.0 0.0 0.0 0.0 0.0 0.0 0.0 0.0 0.0 0.0 0.0 0.0 0.0 0.0 0.0 0.0 0.0 0.0 0.0 
STOELE 0.0 0.0 0.0 0.0 0.0 0.0 0.0 0.0 0.0 0.0 0.0 0.0 0.0 0.0 0.0 0.0 0.0 0.0 0.0 0.0 0.0 0.0 0.0 0.0 0.0 0.0 
PPBIM 0.1 0.1 0.1 0.1 0.1 0.1 0.1 0.1 0.1 0.1 0.1 0.1 0.1 0.1 0.1 0.1 0.1 0.1 0.1 0.1 0.1 0.1 0.1 0.1 0.1 0.1 
PPBGS 0.1285 0.1285 0.1285 0.1285 0.1285 0.1285 0.1285 0.1285 0.1285 0.1285 0.1285 0.1285 0.1285 0.1285 0.1285 0.1285 0.1285 0.1285 0.1285 0.1285 0.1285 0.1285 0.1285 0.1285 0.1285 0.1285 
PPNGS 0.2768 0.2768 0.2768 0.2768 0.2841 0.285 0.2754 0.2754 0.2754 0.2754 0.2754 0.2754 0.2754 0.5243 0.5243 0.5243 0.5243 0.5243 0.5243 0.5243 0.5243 0.5243 0.5243 0.5243 0.5243 0.5243 
PPDSL 0.711 0.5908 0.5552 0.5521 0.5571 0.6139 0.4339 0.4359 0.4659 0.4674 0.4326 0.4326 0.4326 0.4326 0.4326 0.4326 0.4326 0.4326 0.4326 0.4326 0.4326 0.4326 0.4326 0.4326 0.4326 0.4326 
PPFOI 0.7849 0.7849 0.7849 0.7849 0.7849 0.7849 0.7849 0.7849 0.7849 0.7849 0.7849 0.7849 0.7849 0.7849 0.7849 0.7849 0.7849 0.7849 0.7849 0.7849 0.7849 0.7849 0.7849 0.7849 0.7849 0.7849 
PPCRU 0.2241 0.2175 0.221 0.2367 0.2386 0.2661 0.2448 0.2479 0.2479 0.2478 0.2424 0.2424 0.2424 0.2424 0.2424 0.2424 0.2424 0.2424 0.2424 0.2424 0.2424 0.2424 0.2424 0.2424 0.2424 0.2424 
PPRNGS 0.2424 0.2424 0.2424 0.2424 0.2424 0.2424 0.2424 0.2424 0.2424 0.2424 0.2424 0.2424 0.2424 0.2424 0.2424 0.2424 0.2424 0.2424 0.2424 0.2424 0.2424 0.2424 0.2424 0.2424 0.2424 0.2424 
PPRDSL 0.2345 0.2345 0.2345 0.2345 0.2345 0.2345 0.2345 0.2345 0.2345 0.2345 0.2345 0.2345 0.2345 0.2345 0.2345 0.2345 0.2345 0.2345 0.2345 0.2345 0.2345 0.2345 0.2345 0.2345 0.2345 0.2345 
PPDFOI 0.0688 0.0688 0.0688 0.0688 0.0688 0.0688 0.0688 0.0688 0.0688 0.0688 0.0688 0.0688 0.0688 0.0688 0.0688 0.0688 0.0688 0.0688 0.0688 0.0688 0.0688 0.0688 0.0688 0.0688 0.0688 0.0688 
PPDDSL 0.2017 0.2017 0.2017 0.2017 0.2017 0.2017 0.2017 0.2017 0.2017 0.2017 0.2017 0.2017 0.2017 0.2017 0.2017 0.2017 0.2017 0.2017 0.2017 0.2017 0.2017 0.2017 0.2017 0.2017 0.2017 0.2017 
PPILPG 0.0758 0.0758 0.0758 0.0758 0.0758 0.0758 0.0758 0.0758 0.0758 0.0758 0.0758 0.0758 0.0758 0.0758 0.0758 0.0758 0.0758 0.0758 0.0758 0.0758 0.0758 0.0758 0.0758 0.0758 0.0758 0.0758 
PPIBIM 0.2125 0.2125 0.2125 0.2125 0.2125 0.2125 0.2125 0.2125 0.2125 0.2125 0.2125 0.2125 0.2125 0.2125 0.2125 0.2125 0.2125 0.2125 0.2125 0.2125 0.2125 0.2125 0.2125 0.2125 0.2125 0.2125 
PROCRU 0.0 0.0 0.0 0.0 0.0 0.0 0.0 0.0 0.0 0.0 0.0 0.0 0.0 0.0 0.0 0.0 0.0 0.0 0.0 0.0 0.0 0.0 0.0 0.0 0.0 0.0 
PRONGS 0.0 0.0 0.0 0.0 0.0 0.0 0.0 0.0 0.0 0.0 0.0 0.0 0.0 0.0 0.0 0.0 0.0 0.0 0.0 0.0 0.0 0.0 0.0 0.0 0.0 0.0 
TRXTRAIELE 1.0 1.0 1.0 1.0 1.0 1.0 1.0 1.0 1.0 1.0 1.0 1.0 1.0 1.0 1.0 1.0 1.0 1.0 1.0 1.0 1.0 1.0 1.0 1.0 1.0 1.0 
;

param SpecifiedAnnualDemand default 0 :=
[ECU,*,*]:
2010 2011 2012 2013 2014 2015 2016 2017 2018 2019 2020 2021 2022 2023 2024 2025 2026 2027 2028 2029 2030 2031 2032 2033 2034 2035 :=
E5COMDSL 9.751580418239996 10.236766043891103 11.37678341940238 8.152269170399997 8.618245927199997 7.681063247999997 5.268093832799998 5.049630914399998 5.740461791999998 4.716707371199998 4.602827764799999 4.392499103999999 6.087329776799998 4.635364795199998 4.7568154011877715 4.870675344301308 4.984535287414846 5.116106777234932 5.245148046096941 5.359007989210478 5.485519037114408 5.632271852682966 5.779024668251526 5.923247262862006 6.0624094155563295 6.199041347292574 
E5COMELE 15.463598010662938 17.1326156466292 17.649040119598112 19.960306113599994 21.71091455279999 23.17798601279999 23.880437258399994 24.46552278719999 24.978562034399996 26.07668681039999 23.93272891439999 25.16623097759999 26.593793186399992 28.75053348719999 29.50066574243922 30.202004276510333 30.90597475748549 31.716458294699393 32.520259261209986 33.23801391363997 34.021635707633344 34.919033745367585 35.82456041828519 36.72095059289696 37.57938979118258 38.42397361029277 
E5COMFOI 0.9901715572800022 1.062680414899774 1.1308357939158074 0.32943743279999993 0.3352476167999999 0.30038651279999995 0.2905091999999999 0.29225225519999987 0.2748217031999999 0.28295596079999996 0.2701735559999999 0.3149119727999999 0.3172360463999999 0.30038651279999995 0.30726559324580144 0.31643770050687015 0.3256098077679389 0.3347819150290076 0.34166099547480916 0.3485400759206107 0.3577121831816794 0.3668842904427482 0.3760563977038168 0.3852285049648855 0.39440061222595413 0.40357271948702284 
E5COMLPG 1.8767475338399984 2.014196180802632 2.0373477276999252 2.199154643999999 2.214261122399999 2.243893060799999 2.2125180671999995 2.278754164799999 2.392633771199999 2.399024973599999 2.242150005599999 2.3827564583999994 2.655254087999999 2.5436985551999993 2.6101670601599998 2.6715226031999992 2.73287814624 2.8044596131199993 2.8734845990399998 2.9348401420799997 3.0038651279999993 3.083116037759999 3.162366947519999 3.2416178572799983 3.3183122860799985 3.3924502339199982 
E5COMGSL 0.0 1.0 2.0 0.19057403519999994 0.2312453231999999 0.2260161575999999 0.17256246479999993 0.17895366719999994 0.09935414639999997 0.12317590079999995 0.03486110399999999 0.2370555071999999 0.0 0.0 0.0 0.0 0.0 0.0 0.0 0.0 0.0 0.0 0.0 0.0 0.0 0.0 
E5INDCOK 0.0 0.0 0.0 6.649174569599999 7.349301741599998 8.176671943199997 8.365502923199998 9.899972517599998 7.178482331999997 9.568211011199997 7.456209127199997 11.784796207199996 7.634581775999997 7.028579584799998 7.284359187642826 7.399220773239916 7.61459953918597 7.771161300883424 8.030838172438337 8.119322797753274 8.35352438303244 8.530000109434553 8.777497641814866 8.951394161175392 9.194178125286323 9.339164909041044 
E5INDDSL 33.888337215817124 37.13811123571399 38.00740457599429 35.95341859199999 38.00150845199999 33.54335426879999 22.455780141599995 21.543000235199994 25.60083274079999 22.03744689359999 21.50465302079999 20.523312943199993 28.440269661599988 21.65804187839999 22.514405833132127 22.892799208478884 23.619712797960815 24.137514258961644 25.01379365450151 25.312525266617374 26.099185178522475 26.686690682350335 27.523139196274748 28.100686979698747 28.917220052815438 29.405148352604684 
E5INDELE 26.303380343670995 27.340751283400525 28.42805961626393 28.912637620799988 30.308243817599983 30.886357125599986 32.10823882079999 34.09009258319999 35.99408987999998 37.40364051839999 36.543152267999986 40.997239322399984 42.48755151839999 42.885549122399986 44.59002708634792 45.34450167510397 46.78277874944013 47.81071506032604 49.546844326842574 50.13119810363425 51.68934312596274 52.86141931068713 54.506042330108485 55.6539750118748 57.2759363308928 58.240095859823995 
E5INDFOI 15.190610824937082 14.874462479217387 16.2186750784664 11.344965278399995 11.543673571199996 10.353166869599997 10.016757215999997 10.063819706399997 9.466532791199997 9.743097549599996 9.303266620799997 10.859233895999997 10.928375085599997 10.345032611999997 10.74948653688271 10.938231701827974 11.27977057172893 11.53143079165595 11.944872581536055 12.088678421494352 12.466168751384881 12.744792566304083 13.1402586261894 13.418882441108602 13.814348500993917 14.048032990926151 
E5INDLPG 2.466627359208335 2.870393747498674 2.4185207858375963 2.556480959999999 3.6714552695999982 4.220517657599998 3.4076729159999988 3.7586080295999986 3.9706797455999983 4.147890357599999 3.692371931999999 4.128716750399999 4.250149595999999 3.903862629599999 4.0646624633135 4.136129056075055 4.261195593407778 4.359462158454917 4.511328668073224 4.564928612644391 4.707861798167502 4.815061687309836 4.9669281969281425 5.074128086070477 5.217061271593589 5.306394512545535 
E5INDNGS 0.0 0.02635375725400527 0.830549606809158 1.8162635183999993 2.035888473599999 0.8105206679999997 2.3101291583999997 2.1125829023999994 1.9644232103999992 1.5803700479999994 0.9447359183999996 1.7529325127999993 1.7430551999999995 1.3671362951999997 1.4218217470079997 1.4530705766125709 1.4921316136182852 1.5311926506239995 1.5858781024319992 1.601502517234285 1.648375761641142 1.6874367986468566 1.7421222504548566 1.7811832874605706 1.828056531867428 1.8593053614719992 
E5INDGSL 0.032024754029959177 0.03671951422893291 0.03556319794939355 1.2253678055999997 0.7390554047999998 0.7001271719999997 0.7315021655999997 0.4927036031999998 0.6141364487999997 0.8546780663999997 0.7489327175999998 1.0388608991999997 0.9063887039999997 1.1771432783999995 1.2199484885236356 1.2413510935854537 1.2841563037090902 1.3162602113018174 1.3590654214254536 1.3804680264872717 1.4232732366109082 1.4553771442036354 1.4981823543272716 1.5302862619199988 1.573091472043635 1.5944940771054532 
E5INDFIR 1.6126630506719988 1.8183923917346076 1.7540684732470047 1.7180714087999993 1.8842426711999993 1.9214278487999992 1.9597750631999993 1.9992843143999997 2.0393745839999995 2.080045871999999 2.1218791967999993 2.164293539999999 2.2072889015999992 2.251446299999999 2.3399310890829685 2.3792576620087327 2.4579108078602614 2.516900667248908 2.6053854563318772 2.6348803860262002 2.713533531877728 2.7823550344978156 2.861008180349344 2.929829682969431 3.0084828288209593 3.057641044978164 
E5INDBIM 10.123388321539165 11.404216431517227 12.095371628709563 6.219220953599999 8.174347869599998 8.552590847999998 8.727477386399997 9.637352200799997 8.219667304799998 8.963370856799997 9.097005088799996 7.674672045599998 7.020445327199997 7.783322486399997 7.783322486399997 7.783322486399997 7.783322486399997 7.783322486399997 7.783322486399997 7.783322486399997 7.783322486399997 7.783322486399997 7.783322486399997 7.783322486399997 7.783322486399997 7.783322486399997 
E5VEGWAS 0.0 0.01065912930364837 0.021983616236828724 0.021983616236828724 0.021983616236828724 0.021983616236828724 0.021983616236828724 0.021983616236828724 0.021983616236828724 0.021983616236828724 0.021983616236828724 0.021983616236828724 0.021983616236828724 0.021983616236828724 0.021983616236828724 0.021983616236828724 0.021983616236828724 0.021983616236828724 0.021983616236828724 0.021983616236828724 0.021983616236828724 0.021983616236828724 0.021983616236828724 0.021983616236828724 0.021983616236828724 0.021983616236828724 
E5INDCOA 0.00058 0.00029 0.0 0.0 0.0 0.03266 0.06532 0.03266 0.0 0.0 0.0 0.051 0.10743 0.10448370803610847 0.10828601275822002 0.10999349351294385 0.1131952175350992 0.11552259438293226 0.11938283415171132 0.12069820685903386 0.12417974246130853 0.12680315136639292 0.1304823385479403 0.1330674061192962 0.1366765235115036 0.13883183193479917 
E5INDRDF 0.0 0.0 0.0 0.0 0.0 0.0 0.0 0.0275 0.055 0.153 0.1873 0.7499 0.821 0.7984838899529466 0.8275418083821896 0.8405906932339839 0.8650588624808381 0.882845108334612 0.9123457771437679 0.9223980995184473 0.9490046407961864 0.9690532185777584 0.9971702499102578 1.0169258161029713 1.0445073610997346 1.0609786281157048 
E5INDOID 0.61491 0.536565 0.45822 0.766675 1.07513 0.86019 0.64525 0.630225 0.6152 0.54361 0.2109 0.47543 0.66402 0.6458091018350252 0.669310976372645 0.6798648381500975 0.6996545503831012 0.7140399620418382 0.7378999304981788 0.746030190063629 0.7675494050931593 0.7837645775883108 0.8065054681430077 0.8224836545781911 0.8447914469152809 0.8581133113780633 
E5INDHYD 0.0 0.0 0.0 0.0 0.0 0.0 0.0 0.0 0.0 0.0 0.0 0.0 0.0 0.0 0.0 0.0 0.0 0.0 0.0 0.0 0.0 0.0 0.0 0.0 0.0 0.0 
E5RESELE 18.411365224082232 16.48067863423944 15.415755950845424 21.172891514399993 22.910136530399992 24.93963380159999 25.57759200479999 26.27249001119999 26.64085567679999 27.56235085919999 29.02767926399999 28.65292239599999 28.19856600719999 31.125736706399987 31.52607180991436 31.922606397716816 30.853405407961702 31.241333256839972 31.624592505637587 32.003130222380854 32.37653353767488 32.744590723624846 33.107047706756994 33.463608068018566 33.81411301148845 34.158329636482364 
E5RESLPG 31.822823089401627 32.94084380848089 35.38971591144263 35.31662242559999 36.52746477119999 36.56929809599999 35.970268125599986 36.06148801439999 37.211323427999986 38.391371798399994 39.160640159999986 39.94269092639999 41.30285500079998 43.08251435999998 43.62906004107341 44.18611621601364 47.099981952327184 47.63601713953383 48.172052326740456 48.697577020080296 49.21259121955334 49.71709492515958 50.221598630765826 50.715591842505276 51.19907456037793 51.672046784383774 
E5RESNGS 0.0 0.0 0.0 0.002905091999999999 0.002905091999999999 0.012782404799999996 0.01917360719999999 0.020335643999999993 0.022078699199999993 0.020335643999999993 0.01917360719999999 0.02324073599999999 0.035442122399999984 0.039509251199999984 0.039509251199999984 0.039509251199999984 0.059263876799999976 0.059263876799999976 0.059263876799999976 0.059263876799999976 0.059263876799999976 0.059263876799999976 0.059263876799999976 0.059263876799999976 0.059263876799999976 0.059263876799999976 
E5RESKER 0.0034600488526012603 0.00358338094203665 0.0025343134465217352 0.002324073599999999 0.0017430551999999993 0.0011620367999999996 0.0011620367999999996 0.0 0.0 0.0 0.0 0.0 0.0 0.0 0.0 0.0 0.0 0.0 0.0 0.0 0.0 0.0 0.0 0.0 0.0 0.0 
E5RESFIR 11.368541103281975 11.16460609952898 11.643721864191434 9.983639167199996 9.846518824799997 8.912822255999997 8.635676479199997 8.379447364799997 8.088357146399996 7.735678977599998 7.345234612799998 6.9315495119999975 6.5004338591999975 6.055954783199997 5.853173416905268 5.650348464952434 5.505329900094692 5.3603113352369505 5.215292770379208 5.0702732974869225 4.92525473262918 4.822330833154549 4.719407841714462 4.616483942239832 4.513560042765201 4.410636143290572 
E5TAEGSL 0.1286457687356892 0.13595596663838289 0.14810021456189382 0.15629394959999995 0.19173607199999992 0.19812727439999994 0.17662959359999994 0.18127774079999992 0.18999301679999994 0.20219440319999993 0.16849533599999994 0.19754625599999992 0.20974764239999993 0.20103236639999994 0.1987597049039959 0.21241704945867612 0.20970097901850365 0.22415155367532463 0.2233708128505133 0.23548936348779628 0.23443108498981372 0.24833728827755405 0.2484443635427722 0.2613407486566994 0.26223124478624626 0.27339625390711564 
E5TAEJET 14.402942552827255 15.266722945287688 16.55498298251264 6.746785660799998 6.866475451199998 6.870542579999998 4.071776947199998 3.654605735999999 3.8306543111999987 3.8515709735999986 1.7424741815999993 2.3664879431999992 4.339626429599998 5.423225745599998 5.361916432294501 5.730348958518158 5.657077855950037 6.046909254351098 6.02584730389217 6.352767973396214 6.324218922817691 6.699364880874825 6.702253437307039 7.0501576530683 7.074180459060181 7.37537755482375 
E5TMADSL 3.4336846366885316 3.6724708395483496 3.8421666876951908 4.526133335999998 4.988623982399998 5.965315912799999 11.294997695999996 11.998610978399995 11.486733767999997 11.553550883999996 9.862206321599997 11.934117935999996 13.343087555999995 14.144311929599995 13.984411145037212 14.945319803531824 14.754221483313447 15.770940527954055 15.716008867147098 16.56865047614715 16.494191713849787 17.472609670025367 17.48014331238511 18.387512096238993 18.4501659626485 19.235717933857877 
E5TMAFOI 22.015339561813246 11.224614780906624 0.43389 0.33873372719999983 0.3102638255999999 0.37766195999999985 0.36894668399999986 0.3979976039999999 0.37068973919999987 0.3695277023999999 0.18708792479999994 0.0 0.0 0.0 0.0 0.0 0.0 0.0 0.0 0.0 0.0 0.0 0.0 0.0 0.0 0.0 
E5TMAGSL 0.016738297047394508 0.017689438038451303 0.019269544645599563 0.020335643999999993 0.02149768079999999 0.02149768079999999 0.020916662399999994 0.024402772799999993 0.030793975199999987 0.0034861103999999986 0.009877312799999996 0.019754625599999992 0.028469901599999993 0.03195601199999999 0.03159475077953692 0.033765715954413834 0.03333397065323035 0.035631027318331954 0.035506921117856166 0.03743328032320462 0.03726505686254265 0.03947558050654762 0.03949260114119212 0.04154260455525569 0.041684157408218354 0.04345894209506176 
E5TCADSL 72.38110242301161 77.41464814288499 80.99178869744736 95.40961248239996 105.24567297599997 105.91152006239996 108.34889225039996 117.94383010799997 111.03145420319996 112.79426402879996 95.23472594399996 110.88794265839995 115.96023329039996 127.53934898399996 126.0975226112027 134.76204198460692 133.0389072380108 142.2066692117645 141.71135008328378 149.39962479539358 148.7282296708498 157.55063049076853 157.61856139096517 165.8003113804396 166.36526168505475 173.4485887143092 
E5TCAGSL 24.760245466622944 26.167227571507937 28.504611556607763 30.08164664159999 29.01954500639999 31.06472977439999 31.486549132799986 32.26918091759999 32.73167156399999 32.22734759279999 25.101737935199992 32.41153042559999 32.27673415679998 31.68467640719999 31.32648262291794 33.479014329855445 33.05093493877474 35.32848750455629 35.20543507854636 37.115437743005764 36.948642652455234 39.14039694115565 39.15727305513872 41.18987007657742 41.330221017134015 43.08993616854549 
E5TRODSL 5.145237582036615 5.5030490513540276 5.757331417903204 6.782227783199997 7.0483342103999975 7.080871240799998 7.7746072103999975 8.463114014399997 12.258907221599998 12.775432579199997 10.973113502399995 13.342506537599997 15.243598742399994 16.141272170399994 15.26033233991539 16.356906585792768 16.138828109207704 17.299092313083843 17.236405142985337 18.20942668996325 18.124455490678706 19.241011078935106 19.249608356227085 20.285083717065266 20.356583349940824 21.25304322967167 
E5TROELE 0.0007198083767966809 0.0006411300676479104 0.00046615945342251634 0.03602314079999999 0.03602314079999999 0.03602314079999999 0.03602314079999999 0.03718517759999999 0.03892823279999999 0.039509251199999984 0.03892823279999999 0.039509251199999984 0.040671287999999986 0.08424766799999997 0.2335357224551428 0.23925917609800013 0.23812093848578914 0.24417681514832973 0.24384962607434807 0.2489282094339031 0.24848471121943064 0.25431245537180736 0.25435732795405197 0.2597618824093105 0.2601350672034848 0.2648140450142537 
E5TROLPG 0.03137862214518021 0.029178059852720404 0.027037006432129983 0.42530546879999986 0.4990948055999998 0.3172360463999999 0.2934142919999999 0.29980549439999993 0.2539050407999999 0.28818512639999994 0.3149119727999999 0.5525484983999998 1.2398932655999997 1.1260136591999996 1.1132841274680463 1.1897810458118911 1.1745679113810985 1.2555078353259512 1.2511347841164588 1.3190126775703734 1.3130850945383208 1.3909759094852594 1.3915756547569147 1.4638103205106456 1.4687981283114027 1.5313350869132665 
E5TROGSL 49.03555855592995 51.821966852416175 56.45095687691159 59.57414062559998 62.22358452959998 68.35332864959997 73.27397347919997 80.02540728719997 85.75947787679996 88.26541023599997 70.81800870239998 95.12433244799998 98.53955860319996 111.61712075039995 109.78131057564678 117.36413668264505 115.85612099484224 123.87936404404239 123.44588139406781 130.17433887593455 129.5867618553177 137.3077592217762 137.36720951339467 144.5275359836146 145.02195693581905 151.22098942765064 
E5TRNFOI 0.0 0.0 0.0 0.0 0.0 0.0 0.0 0.0 0.0 0.0 0.0 0.0 0.0 0.0 0.0 0.0 0.0 0.0 0.0 0.0 0.0 0.0 0.0 0.0 0.0 0.0 
E5TRONGS 0.0 0.0 0.0 0.0 0.0 0.0 0.0 0.0 0.0 0.0 0.0 0.0 0.0 0.0 0.0 0.0 0.0 0.0 0.0 0.0 0.0 0.0 0.0 0.0 0.0 0.0 
E5TROFOI 0.0 0.0 0.0 0.0 0.0 0.0 0.0 0.0 0.0 0.0 0.0 0.0 0.0 0.0 0.0 0.0 0.0 0.0 0.0 0.0 0.0 0.0 0.0 0.0 0.0 0.0 
E5TROBGS 0.0 0.0573 0.1146 0.15698 0.19936 0.329465 0.45957 0.59477 0.72997 0.96206 0.48878 0.78855 0.92464 0.92464 0.92464 0.92464 0.92464 0.92464 0.92464 0.92464 0.92464 0.92464 0.92464 0.92464 0.92464 0.92464 
E5ALLTRNDSL 0.0 0.0 0.0 0.0 0.0 0.0 0.0 0.0 0.0 0.0 0.0 0.0 0.0 0.0 0.0 0.0 0.0 0.0 0.0 0.0 0.0 0.0 0.0 0.0 0.0 0.0 
E5ALLTRNELE 0.0 0.0 0.0 0.0 0.0 0.0 0.0 0.0 0.0 0.0 0.0 0.0 0.0 0.0 0.0 0.0 0.0 0.0 0.0 0.0 0.0 0.0 0.0 0.0 0.0 0.0 
E5ALLTRNFOI 0.0 0.0 0.0 0.0 0.0 0.0 0.0 0.0 0.0 0.0 0.0 0.0 0.0 0.0 0.0 0.0 0.0 0.0 0.0 0.0 0.0 0.0 0.0 0.0 0.0 0.0 
E5ALLTRNLPG 0.0 0.0 0.0 0.0 0.0 0.0 0.0 0.0 0.0 0.0 0.0 0.0 0.0 0.0 0.0 0.0 0.0 0.0 0.0 0.0 0.0 0.0 0.0 0.0 0.0 0.0 
E5ALLTRNGSL 0.0 0.0 0.0 0.0 0.0 0.0 0.0 0.0 0.0 0.0 0.0 0.0 0.0 0.0 0.0 0.0 0.0 0.0 0.0 0.0 0.0 0.0 0.0 0.0 0.0 0.0 
E5ALLTRNJET 2.1915239695727387 1.3277435771123063 0.0394835398873532 9.847680861599997 8.600815375199995 8.526445019999997 10.992287109599996 13.683564338399995 12.683631671999999 12.439603943999995 6.9472370087999975 10.150972466399995 12.413458115999997 11.290930567199995 11.352239880505492 10.983807354281835 11.057078456849956 10.667247058448895 10.688309008907822 10.361388339403778 10.389937389982302 10.014791431925168 10.011902875492954 9.663998659731693 9.639975853739813 9.338778757976243 
E5CONDSL 7.152749390592524 5.322169293375065 7.5472172010167 7.625866499999998 1.6442820719999993 2.072492632799999 0.49096054799999983 0.49096054799999983 7.708952131199998 7.1877786263999965 4.842788363999999 3.5982469511999984 5.8671238031999975 3.2618372975999987 3.373090093671987 3.4748745666740186 3.581393201211029 3.697380158817995 3.8133671164249616 3.9151515894269933 4.021670223964004 4.135290100803481 4.251277058410448 4.3672640160174145 4.478516812089403 4.587402527393902 
E5CONELE 3.7846827179964095 4.09955265551041 4.662528163701596 2.243312042399999 2.0852750375999993 2.1398907671999994 1.3392474119999995 1.4380205399999997 2.014390792799999 1.8534486959999996 1.989988019999999 2.2595805575999988 2.7493790687999993 2.9225225519999993 3.0209380624707256 3.111595460129041 3.2073430089035906 3.3119235540595997 3.415464748987686 3.5053966742646883 3.600984323004173 3.703965867809533 3.807542596078745 3.909674301808852 4.008012823373806 4.105685094792657 
E5CONLPG 6.947054540569493 8.072795633345955 5.330753517445472 3.247892855999999 2.8487332151999993 0.7692683615999998 3.9590593775999987 3.461126608799999 5.774741877599998 7.896621074399997 8.472991327199997 8.628704258399997 9.825602162399996 10.188157643999997 10.53154830769108 10.850604199939488 11.185883273149681 11.548200981296176 11.907814825949044 12.221462991210188 12.556742064420376 12.919059772566875 13.281377480713374 13.635583598378979 13.97627039857643 14.316957198773885 
E5CONGSL 29.425692548920626 32.7324374202456 33.8971554468219 38.66154535439999 45.201488464799986 41.487037833599985 37.510547903999985 36.583242537599986 37.945149667199985 35.026113225599985 25.44860591999999 18.100466215199994 21.535446995999994 12.118300768799994 12.526660053131247 12.903607084821633 13.301040368234323 13.73398315463234 14.162828690685892 14.535678472031819 14.931746005329687 15.359225791268424 15.7894370774368 16.212819613031073 16.621178897362324 17.026806681463935 
E5CONKER 0.0 1.0 2.0 0.9697197095999998 0.9092937959999997 1.0138771079999997 0.7169767055999998 2.471071255199999 1.3694603687999993 1.0510622855999996 1.6007056919999996 1.8336940703999995 2.4914068991999994 1.5036756191999996 1.5543613142292132 1.6012925133303366 1.6501009603955046 1.7026639033887632 1.7552268463820213 1.802158045483145 1.8528437405123588 1.9054066835056174 1.9579696264988755 2.0105325694921343 2.0612182645213477 2.111903959550561 
E5CONOPE 13.54846271150989 13.011194394048932 14.180002554477296 15.248827907999994 14.268649867199997 10.035349804799997 9.583898507999997 9.869759560799997 8.966856967199996 8.579898712799997 6.627095870399997 7.974477539999997 9.714046629599999 9.182414793599998 9.182414793599998 9.182414793599998 9.182414793599998 9.182414793599998 9.182414793599998 9.182414793599998 9.182414793599998 9.182414793599998 9.182414793599998 9.182414793599998 9.182414793599998 9.182414793599998 
E5CONFOI 0.0 0.0 0.0 0.0 0.0 0.0 0.0 0.0 0.0 0.0 0.0 0.0 0.0 0.0 0.0 0.0 0.0 0.0 0.0 0.0 0.0 0.0 0.0 0.0 0.0 0.0 
E5AGRDSL 0.0 0.0 0.0 0.0 0.0 0.0 0.0 0.0 0.0 0.6826966199999998 0.3520971503999999 0.5653309031999998 0.4375068551999998 0.43576379999999987 0.43576379999999987 0.43576379999999987 0.43576379999999987 0.43576379999999987 0.43576379999999987 0.43576379999999987 0.43576379999999987 0.43576379999999987 0.43576379999999987 0.43576379999999987 0.43576379999999987 0.43576379999999987 
E5AGRLPG 0.0 0.0 0.0 0.8430576983999997 0.9941224823999997 1.0249164575999996 0.7994813183999997 1.1080020887999997 1.0533863591999997 1.1393770823999996 0.9336965687999996 1.0975437575999996 1.0278215495999996 0.6298239455999998 0.6459732775384613 0.6621226094769228 0.6782719414153844 0.6944212733538458 0.7105706052923074 0.7159537159384612 0.726719937230769 0.7428692691692305 0.7536354904615382 0.7644017117538459 0.7751679330461535 0.7859341543384611 
E5AGRGSL 0.0 0.0 0.0 4.260026908799999 4.494177323999999 4.444209741599998 4.035753806399999 4.355313926399998 4.766093935199998 5.221031342399998 4.848017529599998 5.416253524799998 5.364542887199998 5.581843768799998 5.7562763865749975 5.891946200399998 6.008234612249998 6.1632858280499985 6.289264940887498 6.376481249774997 6.4636975586624965 6.599367372487497 6.686583681374997 6.802872093224996 6.880397701124997 6.967614010012498 
E5AGROTP 0.0 0.0 0.0 1.3473816695999996 1.2782404799999996 1.2131664191999996 0.39451149359999993 0.0 0.0 0.0 0.0 0.0 0.0 0.0 0.0 0.0 0.0 0.0 0.0 0.0 0.0 0.0 0.0 0.0 0.0 0.0 
E5EXPCRU 697.9097421585277 749.7997421585278 712.7997421585278 782.0548559161273 879.0425143729276 859.1145437440312 810.2663822551351 760.7115016565766 724.5851183188184 786.353765441218 737.3901828364181 657.9144189556182 655.9883429596181 661.3401034420182 629.0786602383511 600.1730789811878 459.4216365102295 463.2173303610421 471.4199810088084 483.41088569019934 495.65505940250324 478.14759332496527 459.5064378163219 445.0637350754512 430.44953824345293 414.0472633142311 
E5EXPDSL 1.0 1.0 1.0 1.0 1.0 1.0 1.0 1.0 1.0 1.0 1.0 1.0 1.0 1.0 1.0 1.0 1.0 1.0 1.0 1.0 1.0 1.0 1.0 1.0 1.0 1.0 
E5EXPJET 0.0 0.0 0.0 0.0 0.0 0.0 0.0 0.0 0.0 0.0 0.0 0.0 0.0 0.0 0.0 0.0 0.0 0.0 0.0 0.0 0.0 0.0 0.0 0.0 0.0 0.0 
E5EXPFOI 34.708439 34.708439 34.708439 34.708439 12.589576 22.095634999999998 69.213633 92.383563 92.116441 85.71132 85.171269 88.957433 82.970416 63.609877999999995 60.50686571387283 57.726631326577056 44.18869216743059 44.553774553208974 45.342732616186595 46.49605747872425 47.673742594138915 45.98981661492606 44.19684863746272 42.80770173021245 41.40205995419864 39.82443491416244 
E6TDFREHEA 1.0 1.01 1.02 1.03 1.04 1.05 1.06 1.07 1.08 1.09 1.1 1.11 1.12 1.13 1.14 1.15 1.16 1.17 1.18 1.19 1.2 1.21 1.22 1.23 1.24 1.25 
E6TRNOMOT 0.0 0.0 0.0 0.0 0.0 0.0 0.0 0.0 0.0 0.0 0.0 0.0 0.0 0.0 0.0 0.0 0.0 0.0 0.0 0.0 0.0 0.0 0.0 0.0 0.0 0.0 
;

param SpecifiedDemandProfile default 0 :=
[ECU,E5INDBIM,*,*]:
2010 2011 2012 2013 2014 2015 2016 2017 2018 2019 2020 2021 2022 2023 2024 2025 2026 2027 2028 2029 2030 2031 2032 2033 2034 2035 :=
All 1 1 1 1 1 1 1 1 1 1 1 1 1 1 1 1 1 1 1 1 1 1 1 1 1 1 
[ECU,E5COMGSL,*,*]:
2010 2011 2012 2013 2014 2015 2016 2017 2018 2019 2020 2021 2022 2023 2024 2025 2026 2027 2028 2029 2030 2031 2032 2033 2034 2035 :=
All 1 1 1 1 1 1 1 1 1 1 1 1 1 1 1 1 1 1 1 1 1 1 1 1 1 1 
[ECU,E5TAEJET,*,*]:
2010 2011 2012 2013 2014 2015 2016 2017 2018 2019 2020 2021 2022 2023 2024 2025 2026 2027 2028 2029 2030 2031 2032 2033 2034 2035 :=
All 1 1 1 1 1 1 1 1 1 1 1 1 1 1 1 1 1 1 1 1 1 1 1 1 1 1 
[ECU,E5TMADSL,*,*]:
2010 2011 2012 2013 2014 2015 2016 2017 2018 2019 2020 2021 2022 2023 2024 2025 2026 2027 2028 2029 2030 2031 2032 2033 2034 2035 :=
All 1 1 1 1 1 1 1 1 1 1 1 1 1 1 1 1 1 1 1 1 1 1 1 1 1 1 
[ECU,E5CONELE,*,*]:
2010 2011 2012 2013 2014 2015 2016 2017 2018 2019 2020 2021 2022 2023 2024 2025 2026 2027 2028 2029 2030 2031 2032 2033 2034 2035 :=
All 1 1 1 1 1 1 1 1 1 1 1 1 1 1 1 1 1 1 1 1 1 1 1 1 1 1 
[ECU,E5CONDSL,*,*]:
2010 2011 2012 2013 2014 2015 2016 2017 2018 2019 2020 2021 2022 2023 2024 2025 2026 2027 2028 2029 2030 2031 2032 2033 2034 2035 :=
All 1 1 1 1 1 1 1 1 1 1 1 1 1 1 1 1 1 1 1 1 1 1 1 1 1 1 
[ECU,E5RESFIR,*,*]:
2010 2011 2012 2013 2014 2015 2016 2017 2018 2019 2020 2021 2022 2023 2024 2025 2026 2027 2028 2029 2030 2031 2032 2033 2034 2035 :=
All 1 1 1 1 1 1 1 1 1 1 1 1 1 1 1 1 1 1 1 1 1 1 1 1 1 1 
[ECU,E5ALLTRNLPG,*,*]:
2010 2011 2012 2013 2014 2015 2016 2017 2018 2019 2020 2021 2022 2023 2024 2025 2026 2027 2028 2029 2030 2031 2032 2033 2034 2035 :=
All 1 1 1 1 1 1 1 1 1 1 1 1 1 1 1 1 1 1 1 1 1 1 1 1 1 1 
[ECU,E5AGROTP,*,*]:
2010 2011 2012 2013 2014 2015 2016 2017 2018 2019 2020 2021 2022 2023 2024 2025 2026 2027 2028 2029 2030 2031 2032 2033 2034 2035 :=
All 1 1 1 1 1 1 1 1 1 1 1 1 1 1 1 1 1 1 1 1 1 1 1 1 1 1 
[ECU,E5TRODSL,*,*]:
2010 2011 2012 2013 2014 2015 2016 2017 2018 2019 2020 2021 2022 2023 2024 2025 2026 2027 2028 2029 2030 2031 2032 2033 2034 2035 :=
All 1 1 1 1 1 1 1 1 1 1 1 1 1 1 1 1 1 1 1 1 1 1 1 1 1 1 
[ECU,E5TROGSL,*,*]:
2010 2011 2012 2013 2014 2015 2016 2017 2018 2019 2020 2021 2022 2023 2024 2025 2026 2027 2028 2029 2030 2031 2032 2033 2034 2035 :=
All 1 1 1 1 1 1 1 1 1 1 1 1 1 1 1 1 1 1 1 1 1 1 1 1 1 1 
[ECU,E5INDFOI,*,*]:
2010 2011 2012 2013 2014 2015 2016 2017 2018 2019 2020 2021 2022 2023 2024 2025 2026 2027 2028 2029 2030 2031 2032 2033 2034 2035 :=
All 1 1 1 1 1 1 1 1 1 1 1 1 1 1 1 1 1 1 1 1 1 1 1 1 1 1 
[ECU,E5INDNGS,*,*]:
2010 2011 2012 2013 2014 2015 2016 2017 2018 2019 2020 2021 2022 2023 2024 2025 2026 2027 2028 2029 2030 2031 2032 2033 2034 2035 :=
All 1 1 1 1 1 1 1 1 1 1 1 1 1 1 1 1 1 1 1 1 1 1 1 1 1 1 
[ECU,E5COMLPG,*,*]:
2010 2011 2012 2013 2014 2015 2016 2017 2018 2019 2020 2021 2022 2023 2024 2025 2026 2027 2028 2029 2030 2031 2032 2033 2034 2035 :=
All 1 1 1 1 1 1 1 1 1 1 1 1 1 1 1 1 1 1 1 1 1 1 1 1 1 1 
[ECU,E5AGRLPG,*,*]:
2010 2011 2012 2013 2014 2015 2016 2017 2018 2019 2020 2021 2022 2023 2024 2025 2026 2027 2028 2029 2030 2031 2032 2033 2034 2035 :=
All 1 1 1 1 1 1 1 1 1 1 1 1 1 1 1 1 1 1 1 1 1 1 1 1 1 1 
[ECU,E5RESKER,*,*]:
2010 2011 2012 2013 2014 2015 2016 2017 2018 2019 2020 2021 2022 2023 2024 2025 2026 2027 2028 2029 2030 2031 2032 2033 2034 2035 :=
All 1 1 1 1 1 1 1 1 1 1 1 1 1 1 1 1 1 1 1 1 1 1 1 1 1 1 
[ECU,E5EXPDSL,*,*]:
2010 2011 2012 2013 2014 2015 2016 2017 2018 2019 2020 2021 2022 2023 2024 2025 2026 2027 2028 2029 2030 2031 2032 2033 2034 2035 :=
All 1 1 1 1 1 1 1 1 1 1 1 1 1 1 1 1 1 1 1 1 1 1 1 1 1 1 
[ECU,E5TMAGSL,*,*]:
2010 2011 2012 2013 2014 2015 2016 2017 2018 2019 2020 2021 2022 2023 2024 2025 2026 2027 2028 2029 2030 2031 2032 2033 2034 2035 :=
All 1 1 1 1 1 1 1 1 1 1 1 1 1 1 1 1 1 1 1 1 1 1 1 1 1 1 
[ECU,E5RESLPG,*,*]:
2010 2011 2012 2013 2014 2015 2016 2017 2018 2019 2020 2021 2022 2023 2024 2025 2026 2027 2028 2029 2030 2031 2032 2033 2034 2035 :=
All 1 1 1 1 1 1 1 1 1 1 1 1 1 1 1 1 1 1 1 1 1 1 1 1 1 1 
[ECU,E5TCAGSL,*,*]:
2010 2011 2012 2013 2014 2015 2016 2017 2018 2019 2020 2021 2022 2023 2024 2025 2026 2027 2028 2029 2030 2031 2032 2033 2034 2035 :=
All 1 1 1 1 1 1 1 1 1 1 1 1 1 1 1 1 1 1 1 1 1 1 1 1 1 1 
[ECU,E5ALLTRNFOI,*,*]:
2010 2011 2012 2013 2014 2015 2016 2017 2018 2019 2020 2021 2022 2023 2024 2025 2026 2027 2028 2029 2030 2031 2032 2033 2034 2035 :=
All 1 1 1 1 1 1 1 1 1 1 1 1 1 1 1 1 1 1 1 1 1 1 1 1 1 1 
[ECU,E5COMDSL,*,*]:
2010 2011 2012 2013 2014 2015 2016 2017 2018 2019 2020 2021 2022 2023 2024 2025 2026 2027 2028 2029 2030 2031 2032 2033 2034 2035 :=
All 1 1 1 1 1 1 1 1 1 1 1 1 1 1 1 1 1 1 1 1 1 1 1 1 1 1 
[ECU,E5COMFOI,*,*]:
2010 2011 2012 2013 2014 2015 2016 2017 2018 2019 2020 2021 2022 2023 2024 2025 2026 2027 2028 2029 2030 2031 2032 2033 2034 2035 :=
All 1 1 1 1 1 1 1 1 1 1 1 1 1 1 1 1 1 1 1 1 1 1 1 1 1 1 
[ECU,E5INDLPG,*,*]:
2010 2011 2012 2013 2014 2015 2016 2017 2018 2019 2020 2021 2022 2023 2024 2025 2026 2027 2028 2029 2030 2031 2032 2033 2034 2035 :=
All 1 1 1 1 1 1 1 1 1 1 1 1 1 1 1 1 1 1 1 1 1 1 1 1 1 1 
[ECU,E5CONLPG,*,*]:
2010 2011 2012 2013 2014 2015 2016 2017 2018 2019 2020 2021 2022 2023 2024 2025 2026 2027 2028 2029 2030 2031 2032 2033 2034 2035 :=
All 1 1 1 1 1 1 1 1 1 1 1 1 1 1 1 1 1 1 1 1 1 1 1 1 1 1 
[ECU,E5INDCOA,*,*]:
2010 2011 2012 2013 2014 2015 2016 2017 2018 2019 2020 2021 2022 2023 2024 2025 2026 2027 2028 2029 2030 2031 2032 2033 2034 2035 :=
All 1 1 1 1 1 1 1 1 1 1 1 1 1 1 1 1 1 1 1 1 1 1 1 1 1 1 
[ECU,E5CONGSL,*,*]:
2010 2011 2012 2013 2014 2015 2016 2017 2018 2019 2020 2021 2022 2023 2024 2025 2026 2027 2028 2029 2030 2031 2032 2033 2034 2035 :=
All 1 1 1 1 1 1 1 1 1 1 1 1 1 1 1 1 1 1 1 1 1 1 1 1 1 1 
[ECU,E5RESNGS,*,*]:
2010 2011 2012 2013 2014 2015 2016 2017 2018 2019 2020 2021 2022 2023 2024 2025 2026 2027 2028 2029 2030 2031 2032 2033 2034 2035 :=
All 1 1 1 1 1 1 1 1 1 1 1 1 1 1 1 1 1 1 1 1 1 1 1 1 1 1 
[ECU,E5INDFIR,*,*]:
2010 2011 2012 2013 2014 2015 2016 2017 2018 2019 2020 2021 2022 2023 2024 2025 2026 2027 2028 2029 2030 2031 2032 2033 2034 2035 :=
All 1 1 1 1 1 1 1 1 1 1 1 1 1 1 1 1 1 1 1 1 1 1 1 1 1 1 
[ECU,E5CONFOI,*,*]:
2010 2011 2012 2013 2014 2015 2016 2017 2018 2019 2020 2021 2022 2023 2024 2025 2026 2027 2028 2029 2030 2031 2032 2033 2034 2035 :=
All 1 1 1 1 1 1 1 1 1 1 1 1 1 1 1 1 1 1 1 1 1 1 1 1 1 1 
[ECU,E5INDELE,*,*]:
2010 2011 2012 2013 2014 2015 2016 2017 2018 2019 2020 2021 2022 2023 2024 2025 2026 2027 2028 2029 2030 2031 2032 2033 2034 2035 :=
All 1 1 1 1 1 1 1 1 1 1 1 1 1 1 1 1 1 1 1 1 1 1 1 1 1 1 
[ECU,E5TMAFOI,*,*]:
2010 2011 2012 2013 2014 2015 2016 2017 2018 2019 2020 2021 2022 2023 2024 2025 2026 2027 2028 2029 2030 2031 2032 2033 2034 2035 :=
All 1 1 1 1 1 1 1 1 1 1 1 1 1 1 1 1 1 1 1 1 1 1 1 1 1 1 
[ECU,E5ALLTRNGSL,*,*]:
2010 2011 2012 2013 2014 2015 2016 2017 2018 2019 2020 2021 2022 2023 2024 2025 2026 2027 2028 2029 2030 2031 2032 2033 2034 2035 :=
All 1 1 1 1 1 1 1 1 1 1 1 1 1 1 1 1 1 1 1 1 1 1 1 1 1 1 
[ECU,E6TDFREHEA,*,*]:
2010 2011 2012 2013 2014 2015 2016 2017 2018 2019 2020 2021 2022 2023 2024 2025 2026 2027 2028 2029 2030 2031 2032 2033 2034 2035 :=
All 1 1 1 1 1 1 1 1 1 1 1 1 1 1 1 1 1 1 1 1 1 1 1 1 1 1 
[ECU,E5COMELE,*,*]:
2010 2011 2012 2013 2014 2015 2016 2017 2018 2019 2020 2021 2022 2023 2024 2025 2026 2027 2028 2029 2030 2031 2032 2033 2034 2035 :=
All 1 1 1 1 1 1 1 1 1 1 1 1 1 1 1 1 1 1 1 1 1 1 1 1 1 1 
[ECU,E5TROBGS,*,*]:
2010 2011 2012 2013 2014 2015 2016 2017 2018 2019 2020 2021 2022 2023 2024 2025 2026 2027 2028 2029 2030 2031 2032 2033 2034 2035 :=
All 1 1 1 1 1 1 1 1 1 1 1 1 1 1 1 1 1 1 1 1 1 1 1 1 1 1 
[ECU,E5CONOPE,*,*]:
2010 2011 2012 2013 2014 2015 2016 2017 2018 2019 2020 2021 2022 2023 2024 2025 2026 2027 2028 2029 2030 2031 2032 2033 2034 2035 :=
All 1 1 1 1 1 1 1 1 1 1 1 1 1 1 1 1 1 1 1 1 1 1 1 1 1 1 
[ECU,E5TROFOI,*,*]:
2010 2011 2012 2013 2014 2015 2016 2017 2018 2019 2020 2021 2022 2023 2024 2025 2026 2027 2028 2029 2030 2031 2032 2033 2034 2035 :=
All 1 1 1 1 1 1 1 1 1 1 1 1 1 1 1 1 1 1 1 1 1 1 1 1 1 1 
[ECU,E5ALLTRNELE,*,*]:
2010 2011 2012 2013 2014 2015 2016 2017 2018 2019 2020 2021 2022 2023 2024 2025 2026 2027 2028 2029 2030 2031 2032 2033 2034 2035 :=
All 1 1 1 1 1 1 1 1 1 1 1 1 1 1 1 1 1 1 1 1 1 1 1 1 1 1 
[ECU,E5TRNFOI,*,*]:
2010 2011 2012 2013 2014 2015 2016 2017 2018 2019 2020 2021 2022 2023 2024 2025 2026 2027 2028 2029 2030 2031 2032 2033 2034 2035 :=
All 1 1 1 1 1 1 1 1 1 1 1 1 1 1 1 1 1 1 1 1 1 1 1 1 1 1 
[ECU,E5TROLPG,*,*]:
2010 2011 2012 2013 2014 2015 2016 2017 2018 2019 2020 2021 2022 2023 2024 2025 2026 2027 2028 2029 2030 2031 2032 2033 2034 2035 :=
All 1 1 1 1 1 1 1 1 1 1 1 1 1 1 1 1 1 1 1 1 1 1 1 1 1 1 
[ECU,E5EXPCRU,*,*]:
2010 2011 2012 2013 2014 2015 2016 2017 2018 2019 2020 2021 2022 2023 2024 2025 2026 2027 2028 2029 2030 2031 2032 2033 2034 2035 :=
All 1 1 1 1 1 1 1 1 1 1 1 1 1 1 1 1 1 1 1 1 1 1 1 1 1 1 
[ECU,E5INDRDF,*,*]:
2010 2011 2012 2013 2014 2015 2016 2017 2018 2019 2020 2021 2022 2023 2024 2025 2026 2027 2028 2029 2030 2031 2032 2033 2034 2035 :=
All 1 1 1 1 1 1 1 1 1 1 1 1 1 1 1 1 1 1 1 1 1 1 1 1 1 1 
[ECU,E5ALLTRNDSL,*,*]:
2010 2011 2012 2013 2014 2015 2016 2017 2018 2019 2020 2021 2022 2023 2024 2025 2026 2027 2028 2029 2030 2031 2032 2033 2034 2035 :=
All 1 1 1 1 1 1 1 1 1 1 1 1 1 1 1 1 1 1 1 1 1 1 1 1 1 1 
[ECU,E5EXPFOI,*,*]:
2010 2011 2012 2013 2014 2015 2016 2017 2018 2019 2020 2021 2022 2023 2024 2025 2026 2027 2028 2029 2030 2031 2032 2033 2034 2035 :=
All 1 1 1 1 1 1 1 1 1 1 1 1 1 1 1 1 1 1 1 1 1 1 1 1 1 1 
[ECU,E5INDCOK,*,*]:
2010 2011 2012 2013 2014 2015 2016 2017 2018 2019 2020 2021 2022 2023 2024 2025 2026 2027 2028 2029 2030 2031 2032 2033 2034 2035 :=
All 1 1 1 1 1 1 1 1 1 1 1 1 1 1 1 1 1 1 1 1 1 1 1 1 1 1 
[ECU,E5AGRGSL,*,*]:
2010 2011 2012 2013 2014 2015 2016 2017 2018 2019 2020 2021 2022 2023 2024 2025 2026 2027 2028 2029 2030 2031 2032 2033 2034 2035 :=
All 1 1 1 1 1 1 1 1 1 1 1 1 1 1 1 1 1 1 1 1 1 1 1 1 1 1 
[ECU,E5RESELE,*,*]:
2010 2011 2012 2013 2014 2015 2016 2017 2018 2019 2020 2021 2022 2023 2024 2025 2026 2027 2028 2029 2030 2031 2032 2033 2034 2035 :=
All 1 1 1 1 1 1 1 1 1 1 1 1 1 1 1 1 1 1 1 1 1 1 1 1 1 1 
[ECU,E5INDOID,*,*]:
2010 2011 2012 2013 2014 2015 2016 2017 2018 2019 2020 2021 2022 2023 2024 2025 2026 2027 2028 2029 2030 2031 2032 2033 2034 2035 :=
All 1 1 1 1 1 1 1 1 1 1 1 1 1 1 1 1 1 1 1 1 1 1 1 1 1 1 
[ECU,E5AGRDSL,*,*]:
2010 2011 2012 2013 2014 2015 2016 2017 2018 2019 2020 2021 2022 2023 2024 2025 2026 2027 2028 2029 2030 2031 2032 2033 2034 2035 :=
All 1 1 1 1 1 1 1 1 1 1 1 1 1 1 1 1 1 1 1 1 1 1 1 1 1 1 
[ECU,E5TCADSL,*,*]:
2010 2011 2012 2013 2014 2015 2016 2017 2018 2019 2020 2021 2022 2023 2024 2025 2026 2027 2028 2029 2030 2031 2032 2033 2034 2035 :=
All 1 1 1 1 1 1 1 1 1 1 1 1 1 1 1 1 1 1 1 1 1 1 1 1 1 1 
[ECU,E5CONKER,*,*]:
2010 2011 2012 2013 2014 2015 2016 2017 2018 2019 2020 2021 2022 2023 2024 2025 2026 2027 2028 2029 2030 2031 2032 2033 2034 2035 :=
All 1 1 1 1 1 1 1 1 1 1 1 1 1 1 1 1 1 1 1 1 1 1 1 1 1 1 
[ECU,E5ALLTRNJET,*,*]:
2010 2011 2012 2013 2014 2015 2016 2017 2018 2019 2020 2021 2022 2023 2024 2025 2026 2027 2028 2029 2030 2031 2032 2033 2034 2035 :=
All 1 1 1 1 1 1 1 1 1 1 1 1 1 1 1 1 1 1 1 1 1 1 1 1 1 1 
[ECU,E5INDDSL,*,*]:
2010 2011 2012 2013 2014 2015 2016 2017 2018 2019 2020 2021 2022 2023 2024 2025 2026 2027 2028 2029 2030 2031 2032 2033 2034 2035 :=
All 1 1 1 1 1 1 1 1 1 1 1 1 1 1 1 1 1 1 1 1 1 1 1 1 1 1 
[ECU,E5TAEGSL,*,*]:
2010 2011 2012 2013 2014 2015 2016 2017 2018 2019 2020 2021 2022 2023 2024 2025 2026 2027 2028 2029 2030 2031 2032 2033 2034 2035 :=
All 1 1 1 1 1 1 1 1 1 1 1 1 1 1 1 1 1 1 1 1 1 1 1 1 1 1 
[ECU,E5TROELE,*,*]:
2010 2011 2012 2013 2014 2015 2016 2017 2018 2019 2020 2021 2022 2023 2024 2025 2026 2027 2028 2029 2030 2031 2032 2033 2034 2035 :=
All 1 1 1 1 1 1 1 1 1 1 1 1 1 1 1 1 1 1 1 1 1 1 1 1 1 1 
[ECU,E5VEGWAS,*,*]:
2010 2011 2012 2013 2014 2015 2016 2017 2018 2019 2020 2021 2022 2023 2024 2025 2026 2027 2028 2029 2030 2031 2032 2033 2034 2035 :=
All 1 1 1 1 1 1 1 1 1 1 1 1 1 1 1 1 1 1 1 1 1 1 1 1 1 1 
[ECU,E6TRNOMOT,*,*]:
2010 2011 2012 2013 2014 2015 2016 2017 2018 2019 2020 2021 2022 2023 2024 2025 2026 2027 2028 2029 2030 2031 2032 2033 2034 2035 :=
All 1 1 1 1 1 1 1 1 1 1 1 1 1 1 1 1 1 1 1 1 1 1 1 1 1 1 
[ECU,E5INDHYD,*,*]:
2010 2011 2012 2013 2014 2015 2016 2017 2018 2019 2020 2021 2022 2023 2024 2025 2026 2027 2028 2029 2030 2031 2032 2033 2034 2035 :=
All 1 1 1 1 1 1 1 1 1 1 1 1 1 1 1 1 1 1 1 1 1 1 1 1 1 1 
[ECU,E5TRONGS,*,*]:
2010 2011 2012 2013 2014 2015 2016 2017 2018 2019 2020 2021 2022 2023 2024 2025 2026 2027 2028 2029 2030 2031 2032 2033 2034 2035 :=
All 1 1 1 1 1 1 1 1 1 1 1 1 1 1 1 1 1 1 1 1 1 1 1 1 1 1 
[ECU,E5EXPJET,*,*]:
2010 2011 2012 2013 2014 2015 2016 2017 2018 2019 2020 2021 2022 2023 2024 2025 2026 2027 2028 2029 2030 2031 2032 2033 2034 2035 :=
All 1 1 1 1 1 1 1 1 1 1 1 1 1 1 1 1 1 1 1 1 1 1 1 1 1 1 
[ECU,E5INDGSL,*,*]:
2010 2011 2012 2013 2014 2015 2016 2017 2018 2019 2020 2021 2022 2023 2024 2025 2026 2027 2028 2029 2030 2031 2032 2033 2034 2035 :=
All 1 1 1 1 1 1 1 1 1 1 1 1 1 1 1 1 1 1 1 1 1 1 1 1 1 1 
;

param TotalAnnualMaxCapacity default 99999 :=
[ECU,*,*]:
2010 2011 2012 2013 2014 2015 2016 2017 2018 2019 2020 2021 2022 2023 2024 2025 2026 2027 2028 2029 2030 2031 2032 2033 2034 2035 :=
Techs_Rail 1.01 1.0201 1.0302 1.0403 1.0504 1.0605 1.0706 1.0807 1.0908 1.1009 1.111 1.1211 1.1312 1.1413 1.1514 1.1615 1.1716 1.1817 1.1918 1.2019 1.212 1.2221 1.2322 1.2423 1.2524 1.2625 
DIST_BGS 999.0 999.0 999.0 999.0 999.0 999.0 999.0 999.0 999.0 999.0 999.0 999.0 999.0 999.0 999.0 999.0 999.0 999.0 999.0 999.0 999.0 999.0 999.0 999.0 999.0 999.0 
DIST_BIM 999.0 999.0 999.0 999.0 999.0 999.0 999.0 999.0 999.0 999.0 999.0 999.0 999.0 999.0 999.0 999.0 999.0 999.0 999.0 999.0 999.0 999.0 999.0 999.0 999.0 999.0 
DIST_CHA 999.0 999.0 999.0 999.0 999.0 999.0 999.0 999.0 999.0 999.0 999.0 999.0 999.0 999.0 999.0 999.0 999.0 999.0 999.0 999.0 999.0 999.0 999.0 999.0 999.0 999.0 
DIST_FIR 999.0 999.0 999.0 999.0 999.0 999.0 999.0 999.0 999.0 999.0 999.0 999.0 999.0 999.0 999.0 999.0 999.0 999.0 999.0 999.0 999.0 999.0 999.0 999.0 999.0 999.0 
DIST_COA 999.0 999.0 999.0 999.0 999.0 999.0 999.0 999.0 999.0 999.0 999.0 999.0 999.0 999.0 999.0 999.0 999.0 999.0 999.0 999.0 999.0 999.0 999.0 999.0 999.0 999.0 
DIST_COK 999.0 999.0 999.0 999.0 999.0 999.0 999.0 999.0 999.0 999.0 999.0 999.0 999.0 999.0 999.0 999.0 999.0 999.0 999.0 999.0 999.0 999.0 999.0 999.0 999.0 999.0 
DIST_DSL 9999.0 9999.0 9999.0 9999.0 9999.0 9999.0 9999.0 9999.0 9999.0 9999.0 9999.0 9999.0 9999.0 9999.0 9999.0 9999.0 9999.0 9999.0 9999.0 9999.0 9999.0 9999.0 9999.0 9999.0 9999.0 9999.0 
DIST_FOI 9999.0 9999.0 9999.0 9999.0 9999.0 9999.0 9999.0 9999.0 9999.0 9999.0 9999.0 9999.0 9999.0 9999.0 9999.0 9999.0 9999.0 9999.0 9999.0 9999.0 9999.0 9999.0 9999.0 9999.0 9999.0 9999.0 
DIST_GSL 9999.0 9999.0 9999.0 9999.0 9999.0 9999.0 9999.0 9999.0 9999.0 9999.0 9999.0 9999.0 9999.0 9999.0 9999.0 9999.0 9999.0 9999.0 9999.0 9999.0 9999.0 9999.0 9999.0 9999.0 9999.0 9999.0 
DIST_JET 9999.0 9999.0 9999.0 9999.0 9999.0 9999.0 9999.0 9999.0 9999.0 9999.0 9999.0 9999.0 9999.0 9999.0 9999.0 9999.0 9999.0 9999.0 9999.0 9999.0 9999.0 9999.0 9999.0 9999.0 9999.0 9999.0 
DIST_KER 999.0 999.0 999.0 999.0 999.0 999.0 999.0 999.0 999.0 999.0 999.0 999.0 999.0 999.0 999.0 999.0 999.0 999.0 999.0 999.0 999.0 999.0 999.0 999.0 999.0 999.0 
DIST_LPG 9999.0 9999.0 9999.0 9999.0 9999.0 9999.0 9999.0 9999.0 9999.0 9999.0 9999.0 9999.0 9999.0 9999.0 9999.0 9999.0 9999.0 9999.0 9999.0 9999.0 9999.0 9999.0 9999.0 9999.0 9999.0 9999.0 
DIST_NGS 999.0 999.0 999.0 999.0 999.0 999.0 999.0 999.0 999.0 999.0 999.0 999.0 999.0 999.0 999.0 999.0 999.0 999.0 999.0 999.0 999.0 999.0 999.0 999.0 999.0 999.0 
DIST_CRU 999.0 999.0 999.0 999.0 999.0 999.0 999.0 999.0 999.0 999.0 999.0 999.0 999.0 999.0 999.0 999.0 999.0 999.0 999.0 999.0 999.0 999.0 999.0 999.0 999.0 999.0 
DIST_OPE 999.0 999.0 999.0 999.0 999.0 999.0 999.0 999.0 999.0 999.0 999.0 999.0 999.0 999.0 999.0 999.0 999.0 999.0 999.0 999.0 999.0 999.0 999.0 999.0 999.0 999.0 
DIST_RDF 999.0 999.0 999.0 999.0 999.0 999.0 999.0 999.0 999.0 999.0 999.0 999.0 999.0 999.0 999.0 999.0 999.0 999.0 999.0 999.0 999.0 999.0 999.0 999.0 999.0 999.0 
DIST_OID 999.0 999.0 999.0 999.0 999.0 999.0 999.0 999.0 999.0 999.0 999.0 999.0 999.0 999.0 999.0 999.0 999.0 999.0 999.0 999.0 999.0 999.0 999.0 999.0 999.0 999.0 
PPPVDS 0.0 0.0 0.0 0.0 0.0 0.0 0.0 0.0 0.0 0.0 0.0 0.0 0.0 0.0 0.0 0.0 0.0 0.0 0.0 0.0 0.0 0.0 0.0 0.0 0.0 0.0 
PPGEO 0.0 0.0 0.0 0.0 0.0 0.0 0.0 0.0 0.0 0.0 0.0 0.0 0.0 0.0 0.0 0.0 0.0 0.0 0.0 0.0 0.0 0.0 0.0 0.0 0.0 0.0 
PPPVTS 0.0 0.0 0.0 0.0 0.0 0.0 0.0 0.0 0.0 0.0 0.0 0.0 0.0 0.0 0.0 0.0 0.0 0.0553 0.0605 0.0658 0.0738 0.0818 0.0898 0.0898 0.0898 0.0898 
PPWNDON 0.5 0.5 0.5 0.5 0.5 0.5 0.5 0.5 0.5 0.5 3.0 3.0 3.0 3.0 3.0 3.0 3.0 3.0 3.0 3.0 3.0 3.0 3.0 3.0 3.0 3.0 
EXTT_NGS 999.0 999.0 999.0 999.0 999.0 999.0 999.0 999.0 999.0 999.0 999.0 999.0 999.0 999.0 999.0 999.0 999.0 999.0 999.0 999.0 999.0 999.0 999.0 999.0 999.0 999.0 
ADD_GRE 999.0 999.0 999.0 999.0 999.0 999.0 999.0 999.0 999.0 999.0 999.0 999.0 999.0 999.0 999.0 999.0 999.0 999.0 999.0 999.0 999.0 999.0 999.0 999.0 999.0 999.0 
EXTT_CRU 99999.0 99999.0 99999.0 99999.0 99999.0 99999.0 99999.0 99999.0 99999.0 99999.0 99999.0 99999.0 99999.0 99999.0 99999.0 99999.0 99999.0 99999.0 99999.0 99999.0 99999.0 99999.0 99999.0 99999.0 99999.0 99999.0 
STOELE 9999.0 9999.0 9999.0 9999.0 9999.0 9999.0 9999.0 9999.0 9999.0 9999.0 9999.0 9999.0 9999.0 9999.0 9999.0 9999.0 9999.0 9999.0 9999.0 9999.0 9999.0 9999.0 9999.0 9999.0 9999.0 9999.0 
PROCRU 999999.0 999999.0 999999.0 999999.0 999999.0 999999.0 999999.0 999999.0 999999.0 999999.0 999999.0 999999.0 999999.0 999999.0 999999.0 999999.0 999999.0 999999.0 999999.0 999999.0 999999.0 999999.0 999999.0 999999.0 999999.0 999999.0 
PRONGS 999.0 999.0 999.0 999.0 999.0 999.0 999.0 999.0 999.0 999.0 999.0 999.0 999.0 999.0 999.0 999.0 999.0 999.0 999.0 999.0 999.0 999.0 999.0 999.0 999.0 999.0 
TRXTRAIELE 9999.0 9999.0 9999.0 9999.0 9999.0 9999.0 9999.0 9999.0 9999.0 9999.0 9999.0 9999.0 9999.0 9999.0 9999.0 9999.0 9999.0 9999.0 9999.0 9999.0 9999.0 9999.0 9999.0 9999.0 9999.0 9999.0 
;

param TotalAnnualMinCapacityInvestment default 0 :=
[ECU,*,*]:
2010 2011 2012 2013 2014 2015 2016 2017 2018 2019 2020 2021 2022 2023 2024 2025 2026 2027 2028 2029 2030 2031 2032 2033 2034 2035 :=
DIST_BGS 0.0 0.0 0.0 0.0 0.0 0.0 0.0 0.0 0.0 0.0 0.0 0.0 0.0 0.0 0.0 0.0 0.0 0.0 0.0 0.0 0.0 0.0 0.0 0.0 0.0 0.0 
DIST_BIM 0.0 0.0 0.0 0.0 0.0 0.0 0.0 0.0 0.0 0.0 0.0 0.0 0.0 0.0 0.0 0.0 0.0 0.0 0.0 0.0 0.0 0.0 0.0 0.0 0.0 0.0 
DIST_CHA 0.0 0.0 0.0 0.0 0.0 0.0 0.0 0.0 0.0 0.0 0.0 0.0 0.0 0.0 0.0 0.0 0.0 0.0 0.0 0.0 0.0 0.0 0.0 0.0 0.0 0.0 
DIST_FIR 0.0 0.0 0.0 0.0 0.0 0.0 0.0 0.0 0.0 0.0 0.0 0.0 0.0 0.0 0.0 0.0 0.0 0.0 0.0 0.0 0.0 0.0 0.0 0.0 0.0 0.0 
DIST_COA 0.0 0.0 0.0 0.0 0.0 0.0 0.0 0.0 0.0 0.0 0.0 0.0 0.0 0.0 0.0 0.0 0.0 0.0 0.0 0.0 0.0 0.0 0.0 0.0 0.0 0.0 
DIST_COK 0.0 0.0 0.0 0.0 0.0 0.0 0.0 0.0 0.0 0.0 0.0 0.0 0.0 0.0 0.0 0.0 0.0 0.0 0.0 0.0 0.0 0.0 0.0 0.0 0.0 0.0 
DIST_DSL 0.0 0.0 0.0 0.0 0.0 0.0 0.0 0.0 0.0 0.0 0.0 0.0 0.0 0.0 0.0 0.0 0.0 0.0 0.0 0.0 0.0 0.0 0.0 0.0 0.0 0.0 
DIST_FOI 0.0 0.0 0.0 0.0 0.0 0.0 0.0 0.0 0.0 0.0 0.0 0.0 0.0 0.0 0.0 0.0 0.0 0.0 0.0 0.0 0.0 0.0 0.0 0.0 0.0 0.0 
DIST_GSL 0.0 0.0 0.0 0.0 0.0 0.0 0.0 0.0 0.0 0.0 0.0 0.0 0.0 0.0 0.0 0.0 0.0 0.0 0.0 0.0 0.0 0.0 0.0 0.0 0.0 0.0 
DIST_JET 0.0 0.0 0.0 0.0 0.0 0.0 0.0 0.0 0.0 0.0 0.0 0.0 0.0 0.0 0.0 0.0 0.0 0.0 0.0 0.0 0.0 0.0 0.0 0.0 0.0 0.0 
DIST_KER 0.0 0.0 0.0 0.0 0.0 0.0 0.0 0.0 0.0 0.0 0.0 0.0 0.0 0.0 0.0 0.0 0.0 0.0 0.0 0.0 0.0 0.0 0.0 0.0 0.0 0.0 
DIST_LPG 0.0 0.0 0.0 0.0 0.0 0.0 0.0 0.0 0.0 0.0 0.0 0.0 0.0 0.0 0.0 0.0 0.0 0.0 0.0 0.0 0.0 0.0 0.0 0.0 0.0 0.0 
DIST_NGS 0.0 0.0 0.0 0.0 0.0 0.0 0.0 0.0 0.0 0.0 0.0 0.0 0.0 0.0 0.0 0.0 0.0 0.0 0.0 0.0 0.0 0.0 0.0 0.0 0.0 0.0 
DIST_CRU 0.0 0.0 0.0 0.0 0.0 0.0 0.0 0.0 0.0 0.0 0.0 0.0 0.0 0.0 0.0 0.0 0.0 0.0 0.0 0.0 0.0 0.0 0.0 0.0 0.0 0.0 
DIST_OPE 0.0 0.0 0.0 0.0 0.0 0.0 0.0 0.0 0.0 0.0 0.0 0.0 0.0 0.0 0.0 0.0 0.0 0.0 0.0 0.0 0.0 0.0 0.0 0.0 0.0 0.0 
DIST_RDF 0.0 0.0 0.0 0.0 0.0 0.0 0.0 0.0 0.0 0.0 0.0 0.0 0.0 0.0 0.0 0.0 0.0 0.0 0.0 0.0 0.0 0.0 0.0 0.0 0.0 0.0 
DIST_OID 0.0 0.0 0.0 0.0 0.0 0.0 0.0 0.0 0.0 0.0 0.0 0.0 0.0 0.0 0.0 0.0 0.0 0.0 0.0 0.0 0.0 0.0 0.0 0.0 0.0 0.0 
PPPVD 0.0 0.0 0.0 0.0 0.0 0.0 0.0 0.0 0.0 0.0 0.0 0.0 0.0 0.0 0.0 0.0 0.0 0.0 0.0 0.0 0.0 0.0 0.0 0.0 0.0 0.0 
PPPVDS 0.0 0.0 0.0 0.0 0.0 0.0 0.0 0.0 0.0 0.0 0.0 0.0 0.0 0.0 0.0 0.0 0.0 0.0 0.0 0.0 0.0 0.0 0.0 0.0 0.0 0.0 
PPGEO 0.0 0.0 0.0 0.0 0.0 0.0 0.0 0.0 0.0 0.0 0.0 0.0 0.0 0.0 0.0 0.0 0.0 0.0 0.0 0.0 0.0 0.0 0.0 0.0 0.0 0.0 
PPHDAMAS 0.0 0.0 0.0 0.0 0.0 0.0 0.0 0.0 0.0 0.0 0.0 0.0 0.0 0.0 0.0 0.0 0.0024 0.0024 0.0024 0.0 0.0 0.0 0.0 0.0 0.0 0.0 
PPHDAMPM 0.0 0.0 0.0 0.0 0.0 0.0 0.0 0.0 0.0 0.0 0.0 0.0 0.0 0.0 0.0 0.0685 0.0685 0.0685 0.0 0.0 0.0 0.0 0.0 0.0 0.0 0.0 
PPHDAMPS 0.0 0.0 0.0 0.0 0.0 0.0 0.0 0.0 0.0 0.0 0.0 0.0 0.0163 0.0163 0.0163 0.0 0.0 0.0 0.0 0.0 0.0 0.0 0.0 0.0 0.0 0.0 
PPHRORAB 0.0 0.0 0.0 0.0 0.0 0.5 0.5 0.5 0.0 0.0 0.0 0.0 0.0 0.0 0.0 0.0 0.1623 0.1623 0.1623 0.0 0.0 0.0 0.0 0.0 0.0 0.0 
PPHRORAM 0.0 0.0 0.0 0.0 0.0 0.0 0.0 0.0 0.06 0.06 0.06 0.0 0.0 0.0 0.0 0.0 0.0 0.0 0.0 0.0 0.0 0.0 0.0 0.0 0.0 0.0 
PPHRORPM 0.0 0.0 0.0 0.0 0.0 0.0217 0.0217 0.1117 0.09 0.09 0.0 0.0 0.0 0.0 0.0 0.0 0.0 0.0 0.0 0.0 0.0 0.0 0.0 0.0 0.0 0.0 
PPPVT 0.0 0.0 0.0 0.0 0.0 0.0 0.0 0.0 0.0 0.0 0.0 0.0 0.0 0.0 0.0 0.0 0.0 0.0 0.0 0.0 0.0 0.0 0.0 0.0 0.0 0.0 
PPPVTS 0.0 0.0 0.0 0.0 0.0 0.0 0.0 0.0 0.0 0.0 0.0 0.0 0.0 0.0 0.0 0.0 0.0 0.0053 0.0053 0.0053 0.0 0.0 0.0 0.0 0.0 0.0 
PPWNDON 0.0 0.0 0.0 0.0055 0.0055 0.0055 0.0 0.0 0.0 0.0 0.0 0.0 0.0 0.0 0.0 0.0 0.0 0.0 0.0 0.0 0.0 0.0 0.0 0.0 0.0 0.0 
EXTT_NGS 0.0 0.0 0.0 0.0 0.0 0.0 0.0 0.0 0.0 0.0 0.0 0.0 0.0 0.0 0.0 0.0 0.0 0.0 0.0 0.0 0.0 0.0 0.0 0.0 0.0 0.0 
ADD_GRE 0.0 0.0 0.0 0.0 0.0 0.0 0.0 0.0 0.0 0.0 0.0 0.0 0.0 0.0 0.0 0.0 0.0 0.0 0.0 0.0 0.0 0.0 0.0 0.0 0.0 0.0 
EXTT_CRU 0.0 0.0 0.0 0.0 0.0 0.0 0.0 0.0 0.0 0.0 0.0 0.0 0.0 0.0 0.0 0.0 0.0 0.0 0.0 0.0 0.0 0.0 0.0 0.0 0.0 0.0 
STOELE 0.0 0.0 0.0 0.0 0.0 0.0 0.0 0.0 0.0 0.0 0.0 0.0 0.0 0.0 0.0 0.0 0.0 0.0 0.0 0.0 0.0 0.0 0.0 0.0 0.0 0.0 
PPNGS 0.0 0.0 0.0 0.0 0.0 0.0 0.0 0.0 0.0 0.0 0.0 0.0 0.0 0.0 0.0 0.0 0.0 0.0 0.0 0.0 0.0 0.0 0.0 0.0 0.0 0.0 
PPDSL 0.0 0.0 0.0 0.0 0.0 0.0 0.0 0.0 0.0 0.0 0.0 0.0 0.0 0.0 0.0 0.0 0.0 0.0 0.0 0.0 0.0 0.0 0.0 0.0 0.0 0.0 
PPFOI 0.0 0.0 0.0 0.0 0.0 0.0 0.0 0.0 0.0 0.0 0.0 0.0 0.0 0.0 0.0 0.0 0.0 0.0 0.0 0.0 0.0 0.0 0.0 0.0 0.0 0.0 
PPRDSL 0.0 0.0 0.0 0.0 0.0 0.0 0.0 0.0 0.0 0.0 0.0 0.0 0.0 0.0 0.0 0.0 0.0 0.0 0.0 0.0 0.0 0.0 0.0 0.0 0.0 0.0 
PROCRU 0.0 0.0 0.0 0.0 0.0 0.0 0.0 0.0 0.0 0.0 0.0 0.0 0.0 0.0 0.0 0.0 0.0 0.0 0.0 0.0 0.0 0.0 0.0 0.0 0.0 0.0 
PRONGS 0.0 0.0 0.0 0.0 0.0 0.0 0.0 0.0 0.0 0.0 0.0 0.0 0.0 0.0 0.0 0.0 0.0 0.0 0.0 0.0 0.0 0.0 0.0 0.0 0.0 0.0 
;

param TotalTechnologyAnnualActivityLowerLimit default 0 :=
[ECU,*,*]:
2010 2011 2012 2013 2014 2015 2016 2017 2018 2019 2020 2021 2022 2023 2024 2025 2026 2027 2028 2029 2030 2031 2032 2033 2034 2035 :=
Techs_Rail 1.0 1.01 1.02 1.03 1.04 1.05 1.06 1.07 1.08 1.09 1.1 1.11 1.12 1.13 1.14 1.15 1.16 1.17 1.18 1.19 1.2 1.21 1.22 1.23 1.24 1.25 
DIST_BGS 0.0 0.0 0.0 0.0 0.0 0.0 0.0 0.0 0.0 0.0 0.0 0.0 0.0 0.0 0.0 0.0 0.0 0.0 0.0 0.0 0.0 0.0 0.0 0.0 0.0 0.0 
DIST_BIM 0.0 0.0 0.0 0.0 0.0 0.0 0.0 0.0 0.0 0.0 0.0 0.0 0.0 0.0 0.0 0.0 0.0 0.0 0.0 0.0 0.0 0.0 0.0 0.0 0.0 0.0 
DIST_CHA 0.0 0.0 0.0 0.0 0.0 0.0 0.0 0.0 0.0 0.0 0.0 0.0 0.0 0.0 0.0 0.0 0.0 0.0 0.0 0.0 0.0 0.0 0.0 0.0 0.0 0.0 
DIST_FIR 0.0 0.0 0.0 0.0 0.0 0.0 0.0 0.0 0.0 0.0 0.0 0.0 0.0 0.0 0.0 0.0 0.0 0.0 0.0 0.0 0.0 0.0 0.0 0.0 0.0 0.0 
DIST_COA 0.0 0.0 0.0 0.0 0.0 0.0 0.0 0.0 0.0 0.0 0.0 0.0 0.0 0.0 0.0 0.0 0.0 0.0 0.0 0.0 0.0 0.0 0.0 0.0 0.0 0.0 
DIST_COK 0.0 0.0 0.0 0.0 0.0 0.0 0.0 0.0 0.0 0.0 0.0 0.0 0.0 0.0 0.0 0.0 0.0 0.0 0.0 0.0 0.0 0.0 0.0 0.0 0.0 0.0 
DIST_DSL 0.0 0.0 0.0 0.0 0.0 0.0 0.0 0.0 0.0 0.0 0.0 0.0 0.0 0.0 0.0 0.0 0.0 0.0 0.0 0.0 0.0 0.0 0.0 0.0 0.0 0.0 
DIST_FOI 0.0 0.0 0.0 0.0 0.0 0.0 0.0 0.0 0.0 0.0 0.0 0.0 0.0 0.0 0.0 0.0 0.0 0.0 0.0 0.0 0.0 0.0 0.0 0.0 0.0 0.0 
DIST_GSL 0.0 0.0 0.0 0.0 0.0 0.0 0.0 0.0 0.0 0.0 0.0 0.0 0.0 0.0 0.0 0.0 0.0 0.0 0.0 0.0 0.0 0.0 0.0 0.0 0.0 0.0 
DIST_JET 0.0 0.0 0.0 0.0 0.0 0.0 0.0 0.0 0.0 0.0 0.0 0.0 0.0 0.0 0.0 0.0 0.0 0.0 0.0 0.0 0.0 0.0 0.0 0.0 0.0 0.0 
DIST_KER 0.0 0.0 0.0 0.0 0.0 0.0 0.0 0.0 0.0 0.0 0.0 0.0 0.0 0.0 0.0 0.0 0.0 0.0 0.0 0.0 0.0 0.0 0.0 0.0 0.0 0.0 
DIST_LPG 0.0 0.0 0.0 0.0 0.0 0.0 0.0 0.0 0.0 0.0 0.0 0.0 0.0 0.0 0.0 0.0 0.0 0.0 0.0 0.0 0.0 0.0 0.0 0.0 0.0 0.0 
DIST_NGS 0.0 0.0 0.0 0.0 0.0 0.0 0.0 0.0 0.0 0.0 0.0 0.0 0.0 0.0 0.0 0.0 0.0 0.0 0.0 0.0 0.0 0.0 0.0 0.0 0.0 0.0 
DIST_CRU 0.0 0.0 0.0 0.0 0.0 0.0 0.0 0.0 0.0 0.0 0.0 0.0 0.0 0.0 49.2411 93.3601 308.191 302.3975 289.8777 271.5758 252.8874 279.6093 308.0615 330.1056 352.4115 377.4465 
DIST_OPE 0.0 0.0 0.0 0.0 0.0 0.0 0.0 0.0 0.0 0.0 0.0 0.0 0.0 0.0 0.0 0.0 0.0 0.0 0.0 0.0 0.0 0.0 0.0 0.0 0.0 0.0 
DIST_RDF 0.0 0.0 0.0 0.0 0.0 0.0 0.0 0.0 0.0 0.0 0.0 0.0 0.0 0.0 0.0 0.0 0.0 0.0 0.0 0.0 0.0 0.0 0.0 0.0 0.0 0.0 
DIST_OID 0.0 0.0 0.0 0.0 0.0 0.0 0.0 0.0 0.0 0.0 0.0 0.0 0.0 0.0 0.0 0.0 0.0 0.0 0.0 0.0 0.0 0.0 0.0 0.0 0.0 0.0 
PPPVD 0.0 0.0002 0.0012 0.002 0.0064 0.0099 0.0106 0.0116 0.0119 0.0162 0.0142 0.0123 0.0188 0.0188 0.0188 0.0188 0.0188 0.0188 0.0188 0.0188 0.0188 0.0188 0.0188 0.0188 0.0188 0.0188 
PPPVDS 0.0 0.0 0.0 0.0 0.0 0.0 0.0 0.0 0.0 0.0 0.0 0.0 0.0 0.0 0.0 0.0 0.0 0.0 0.0 0.0 0.0 0.0 0.0 0.0 0.0 0.0 
PPGEO 0.0 0.0 0.0 0.0 0.0 0.0 0.0 0.0 0.0 0.0 0.0 0.0 0.0 0.0 0.0 0.0 0.0 0.0 0.0 0.0 0.0 0.0 0.0 0.0 0.0 0.0 
PPHDAMAB 14.9514 19.527 21.842 17.9083 18.5491 21.3362 18.21 16.2791 17.3008 19.7877 18.3414 19.3602 18.1715 18.1715 18.1715 18.1715 18.1715 18.1715 18.1715 18.1715 18.1715 18.1715 18.1715 18.1715 18.1715 18.1715 
PPHDAMAM 4.6426 3.7224 4.4413 3.7655 3.984 4.9343 3.8808 3.5685 3.3199 3.8815 3.3758 3.9324 3.2404 3.2404 3.2404 3.2404 5.5813 5.5813 5.5813 5.5813 5.5813 5.5813 5.5813 5.5813 5.5813 5.5813 
PPHDAMAS 0.0 0.0 0.0 0.0 0.0 0.0 0.0 0.0 0.0 0.0 0.0 0.0 0.0 0.0 0.0 0.0 0.0213 0.0426 0.0639 0.0639 0.0639 0.0639 0.0639 0.0639 0.0639 0.0639 
PPHDAMPM 2.6397 3.4476 3.8563 3.9717 4.1138 4.7319 4.8434 4.4933 3.8702 5.0406 3.9284 4.5483 4.4549 4.4549 4.4549 5.5214 6.5879 7.6544 7.6544 7.6544 7.6544 7.6544 7.6544 7.6544 7.6544 7.6544 
PPHDAMPS 0.0 0.0 0.0 0.1187 0.1229 0.1414 0.4413 0.4646 0.3682 0.531 0.5034 0.5305 0.4946 0.6861 0.8775 0.8775 0.8775 0.8775 0.8775 0.8775 0.8775 0.8775 0.8775 0.8775 0.8775 0.8775 
PPHRORAB 0.0 0.0 0.0 0.0 0.0 0.0 10.5909 21.0769 22.0993 22.8164 24.2194 23.5209 24.3355 24.3355 24.3355 24.3355 27.0684 29.8012 32.534 33.4505 33.4505 33.4505 33.4505 33.4505 33.4505 33.4505 
PPHRORAM 0.0 0.0 0.0 0.0 0.0 0.0 0.0 0.0 1.2813 5.7755 6.5811 7.1009 6.2123 6.2123 6.2123 6.2123 6.2123 6.2123 6.2123 6.2123 6.2123 6.2123 6.2123 6.2123 6.2123 6.2123 
PPHRORAS 0.3373 0.4405 0.4927 0.4382 0.4539 0.5221 0.5474 0.6232 0.5497 1.5354 1.6882 1.6534 1.5087 1.5087 1.5087 1.5087 1.5087 1.5087 1.5087 1.5087 1.5087 1.5087 1.5087 1.5087 1.5087 1.5087 
PPHRORPM 3.1396 4.1005 4.5866 4.8296 5.0024 5.754 5.1353 5.4709 4.4456 5.7509 5.6472 6.0364 5.3407 5.3407 5.3407 5.3407 5.3407 5.3407 5.3407 5.3407 5.3407 5.3407 5.3407 5.3407 5.3407 5.3407 
PPHRORPS 1.0463 1.3665 1.5285 1.6955 1.7562 2.02 2.0241 2.983 2.9364 3.1578 2.9533 3.2449 3.2528 3.2528 3.2528 3.2528 3.2528 3.2528 3.2528 3.2528 3.2528 3.2528 3.2528 3.2528 3.2528 3.2528 
PPPVT 0.0 0.0 0.0035 0.0245 0.0236 0.0245 0.0245 0.0245 0.0245 0.0245 0.0245 0.0245 0.0245 0.0245 0.0245 0.0245 0.0245 0.0245 0.0245 0.0245 0.0245 0.0245 0.0245 0.0245 0.0245 0.0245 
PPPVTS 0.0 0.0 0.0 0.0 0.0 0.0 0.0 0.0 0.0 0.0 0.0 0.0 0.0 0.0 0.0 0.0 0.0 0.0 0.0 0.0 0.0 0.0 0.0 0.0 0.0 0.0 
PPWNDON 0.0124 0.012 0.0086 0.2041 0.2869 0.3329 0.2809 0.2419 0.2653 0.2879 0.2579 0.2162 0.2084 0.2084 0.2084 0.2084 0.2084 0.2084 0.2084 0.2084 0.2084 0.2084 0.2084 0.2084 0.2084 0.2084 
PPHD 2.1424 2.602 2.5869 2.1063 2.3032 2.3001 2.1679 2.2591 2.1809 2.0847 1.9793 2.1425 2.1907 2.1907 2.1907 2.1907 2.1907 2.1907 2.1907 2.1907 2.1907 2.1907 2.1907 2.1907 2.1907 2.1907 
PPIHD 1.6457 1.8187 1.8385 1.8494 1.8808 2.5209 2.6396 3.9024 4.949 6.0374 5.7287 6.4614 6.1605 6.1605 6.1605 6.1605 6.1605 6.1605 6.1605 6.1605 6.1605 6.1605 6.1605 6.1605 6.1605 6.1605 
PPWNDD 0.0 0.0 0.0 0.0 0.0001 0.0228 0.0214 0.0223 0.0236 0.02 0.0197 0.007 0.0097 0.0 0.0 0.0 0.0 0.0 0.0 0.0 0.0 0.0 0.0 0.0 0.0 0.0 
EXTT_NGS 56.6092 56.6092 56.6092 56.6092 60.8222 58.2779 61.5635 57.1908 52.8884 50.4167 44.9389 45.3741 47.134 48.264 48.264 48.264 48.264 48.264 48.264 48.264 48.264 48.264 48.264 48.264 48.264 48.264 
ADD_GRE 0.0 0.0 0.0 0.0 0.0 0.0 0.0 0.0 0.0 0.0 0.0 0.0 0.0 0.0 0.0 0.0 0.0 0.0 0.0 0.0 0.0 0.0 0.0 0.0 0.0 0.0 
EXTT_CRU 0.0 0.0 0.0 0.0 0.0 0.0 0.0 0.0 0.0 0.0 0.0 0.0 0.0 0.0 940.968 897.7314 687.1972 692.8747 705.1442 723.08 741.3947 715.2072 687.324 665.7208 643.8611 619.3268 
IMPELE 3.1424 4.6605 0.8575 2.3844 3.0122 1.8425 0.294 0.0667 0.3819 0.021 0.9029 1.3097 1.6751 1.6751 1.6751 1.6751 1.6751 1.6751 1.6751 1.6751 1.6751 1.6751 1.6751 1.6751 1.6751 1.6751 
ELE_TRANS 0.0 0.0 0.0 0.0 0.0 0.0 0.0 0.0 0.0 0.0 0.0 0.0 0.0 0.0 0.0 0.0 0.0 0.0 0.0 0.0 0.0 0.0 0.0 0.0 0.0 0.0 
ELE_DIST 0.0 0.0 0.0 0.0 0.0 0.0 0.0 0.0 0.0 0.0 0.0 0.0 0.0 0.0 0.0 0.0 0.0 0.0 0.0 0.0 0.0 0.0 0.0 0.0 0.0 0.0 
HYD_G_PROD 0.0 0.0 0.0 0.0 0.0 0.0 0.0 0.0 0.0 0.0 0.0 0.0 0.0 0.0 0.0 0.0 0.0 0.0 0.0 0.0 0.0 0.0 0.0 0.0 0.0 0.0 
HYD_DIST 0.0 0.0 0.0 0.0 0.0 0.0 0.0 0.0 0.0 0.0 0.0 0.0 0.0 0.0 0.0 0.0 0.0 0.0 0.0 0.0 0.0 0.0 0.0 0.0 0.0 0.0 
PPNGS 4.8867 4.0218 4.4792 5.2405 5.6442 5.4241 5.2935 4.4595 3.2399 2.9527 2.4663 2.0845 1.9665 1.9665 1.9665 1.9665 1.9665 1.9665 1.9665 1.9665 1.9665 1.9665 1.9665 1.9665 1.9665 1.9665 
PPDSL 2.0135 1.6572 1.8456 3.6056 3.8834 3.732 2.7256 0.1079 0.2535 0.6099 0.7063 0.088 0.4201 0.4201 0.4201 0.4201 0.4201 0.4201 0.4201 0.4201 0.4201 0.4201 0.4201 0.4201 0.4201 0.4201 
PPFOI 17.7769 14.6306 16.2946 18.8042 20.2528 19.4632 14.9512 7.7513 9.9974 6.8831 5.3322 4.6037 9.3785 9.3785 9.3785 9.3785 9.3785 9.3785 9.3785 9.3785 9.3785 9.3785 9.3785 9.3785 9.3785 9.3785 
PPCRU 3.6132 3.7922 4.3802 3.133 3.0685 3.2727 3.8984 4.0105 3.9394 3.9153 3.772 4.0613 4.0872 4.0872 4.0872 4.0872 4.0872 4.0872 4.0872 4.0872 4.0872 4.0872 4.0872 4.0872 4.0872 4.0872 
PPRNGS 0.6261 0.6571 0.7589 0.8316 0.8145 0.8687 0.8948 0.8414 0.7296 0.6896 0.7422 0.9191 0.9554 0.9554 0.9554 0.9554 0.9554 0.9554 0.9554 0.9554 0.9554 0.9554 0.9554 0.9554 0.9554 0.9554 
PPRDSL 3.4658 3.6374 4.2015 5.003 4.9001 5.2262 6.2274 6.3156 6.9008 7.3744 6.7698 7.4855 7.5118 7.5118 7.5118 7.5118 7.5118 7.5118 7.5118 7.5118 7.5118 7.5118 7.5118 7.5118 7.5118 7.5118 
PPDFOI 2.009 1.2783 1.2926 0.9404 0.9895 0.9938 0.7652 0.196 0.1798 0.021 0.0846 0.0751 0.207 0.207 0.207 0.207 0.207 0.207 0.207 0.207 0.207 0.207 0.207 0.207 0.207 0.207 
PPDDSL 1.307 0.8316 0.8409 1.2511 1.3163 1.3221 0.6294 0.2246 0.4164 0.3977 0.1959 0.211 0.442 0.442 0.442 0.442 0.442 0.442 0.442 0.442 0.442 0.442 0.442 0.442 0.442 0.442 
PPILPG 1.0203 1.0708 1.2369 1.1923 1.1678 1.2455 1.2206 1.2585 1.3048 1.2376 1.199 1.2275 1.2668 1.2668 1.2668 1.2668 1.2668 1.2668 1.2668 1.2668 1.2668 1.2668 1.2668 1.2668 1.2668 1.2668 
PPIBIM 1.3439 1.4105 1.6292 2.0001 1.959 2.0894 2.3338 2.1098 1.9694 1.9929 2.0167 1.9766 1.8146 1.8146 1.8146 1.8146 1.8146 1.8146 1.8146 1.8146 1.8146 1.8146 1.8146 1.8146 1.8146 1.8146 
PROCRU 354.42 312.84 349.47 321.921 289.4707 279.4218 340.6527 349.6696 354.8954 322.6838 265.3625 327.611 346.4939 329.2475 329.2475 329.2475 329.2475 329.2475 329.2475 329.2475 329.2475 329.2475 329.2475 329.2475 329.2475 329.2475 
PRONGS 0.0 0.0 0.0 0.0 0.0 0.0 0.0 0.0 0.0 0.0 0.0 0.0 0.0 0.0 0.0 0.0 0.0 0.0 0.0 0.0 0.0 0.0 0.0 0.0 0.0 0.0 
REF_DSL 68.7409 68.7409 68.7409 68.7409 63.8005 62.8174 81.9945 81.7859 79.3224 75.8822 57.0961 73.1857 75.7474 68.4748 72.4693 72.4693 72.4693 72.4693 72.4693 72.4693 72.4693 72.4693 72.4693 72.4693 72.4693 72.4693 
REF_GSL 53.9185 53.9185 53.9185 53.9185 42.0675 40.3529 66.214 62.4635 66.0467 60.853 46.6552 53.8819 57.5191 55.8882 55.763 55.763 55.763 55.763 55.763 55.763 55.763 55.763 55.763 55.763 55.763 55.763 
REF_LPG 5.9153 5.9153 5.9153 5.9153 3.7726 1.3776 6.5731 6.6591 5.8055 3.3507 3.8667 4.0125 4.6307 4.6755 4.4396 4.4396 4.4396 4.4396 4.4396 4.4396 4.4396 4.4396 4.4396 4.4396 4.4396 4.4396 
REF_FOI 111.1337 111.1337 111.1337 111.1337 97.3891 98.532 116.0857 119.9123 137.8147 110.562 100.6016 130.4293 136.361 125.4831 130.7578 130.7578 130.7578 130.7578 130.7578 130.7578 130.7578 130.7578 130.7578 130.7578 130.7578 130.7578 
REF_JET 16.5945 16.5945 16.5945 16.5945 15.4673 15.397 15.0641 17.3382 16.5143 16.2912 8.6897 12.5175 16.7531 16.7142 15.3282 15.3282 15.3282 15.3282 15.3282 15.3282 15.3282 15.3282 15.3282 15.3282 15.3282 15.3282 
REF_OPE 0.0 0.0 0.0 0.0 0.0 0.0 0.0 0.0 0.0 0.0 0.0 0.0 0.0 0.0 0.0 0.0 0.0 0.0 0.0 0.0 0.0 0.0 0.0 0.0 0.0 0.0 
;

param TotalTechnologyAnnualActivityUpperLimit default 99999 :=
[ECU,*,*]:
2010 2011 2012 2013 2014 2015 2016 2017 2018 2019 2020 2021 2022 2023 2024 2025 2026 2027 2028 2029 2030 2031 2032 2033 2034 2035 :=
DIST_BGS 99.0 99.0 99.0 99.0 99.0 99.0 99.0 99.0 99.0 99.0 99.0 99.0 99.0 99.0 99.0 99.0 99.0 99.0 99.0 99.0 99.0 99.0 99.0 99.0 99.0 99.0 
DIST_BIM 99.0 99.0 99.0 99.0 99.0 99.0 99.0 99.0 99.0 99.0 99.0 99.0 99.0 99.0 99.0 99.0 99.0 99.0 99.0 99.0 99.0 99.0 99.0 99.0 99.0 99.0 
DIST_CHA 99.0 99.0 99.0 99.0 99.0 99.0 99.0 99.0 99.0 99.0 99.0 99.0 99.0 99.0 99.0 99.0 99.0 99.0 99.0 99.0 99.0 99.0 99.0 99.0 99.0 99.0 
DIST_FIR 99.0 99.0 99.0 99.0 99.0 99.0 99.0 99.0 99.0 99.0 99.0 99.0 99.0 99.0 99.0 99.0 99.0 99.0 99.0 99.0 99.0 99.0 99.0 99.0 99.0 99.0 
DIST_COA 99.0 99.0 99.0 99.0 99.0 99.0 99.0 99.0 99.0 99.0 99.0 99.0 99.0 99.0 99.0 99.0 99.0 99.0 99.0 99.0 99.0 99.0 99.0 99.0 99.0 99.0 
DIST_COK 99.0 99.0 99.0 99.0 99.0 99.0 99.0 99.0 99.0 99.0 99.0 99.0 99.0 99.0 99.0 99.0 99.0 99.0 99.0 99.0 99.0 99.0 99.0 99.0 99.0 99.0 
DIST_DSL 9999.0 9999.0 9999.0 9999.0 9999.0 9999.0 9999.0 9999.0 9999.0 9999.0 9999.0 9999.0 9999.0 9999.0 9999.0 9999.0 9999.0 9999.0 9999.0 9999.0 9999.0 9999.0 9999.0 9999.0 9999.0 9999.0 
DIST_FOI 9999.0 9999.0 9999.0 9999.0 9999.0 9999.0 9999.0 9999.0 9999.0 9999.0 9999.0 9999.0 9999.0 9999.0 9999.0 9999.0 9999.0 9999.0 9999.0 9999.0 9999.0 9999.0 9999.0 9999.0 9999.0 9999.0 
DIST_GSL 9999.0 9999.0 9999.0 9999.0 9999.0 9999.0 9999.0 9999.0 9999.0 9999.0 9999.0 9999.0 9999.0 9999.0 9999.0 9999.0 9999.0 9999.0 9999.0 9999.0 9999.0 9999.0 9999.0 9999.0 9999.0 9999.0 
DIST_JET 9999.0 9999.0 9999.0 9999.0 9999.0 9999.0 9999.0 9999.0 9999.0 9999.0 9999.0 9999.0 9999.0 9999.0 9999.0 9999.0 9999.0 9999.0 9999.0 9999.0 9999.0 9999.0 9999.0 9999.0 9999.0 9999.0 
DIST_KER 99.0 99.0 99.0 99.0 99.0 99.0 99.0 99.0 99.0 99.0 99.0 99.0 99.0 99.0 99.0 99.0 99.0 99.0 99.0 99.0 99.0 99.0 99.0 99.0 99.0 99.0 
DIST_LPG 9999.0 9999.0 9999.0 9999.0 9999.0 9999.0 9999.0 9999.0 9999.0 9999.0 9999.0 9999.0 9999.0 9999.0 9999.0 9999.0 9999.0 9999.0 9999.0 9999.0 9999.0 9999.0 9999.0 9999.0 9999.0 9999.0 
DIST_NGS 99.0 99.0 99.0 99.0 99.0 99.0 99.0 99.0 99.0 99.0 99.0 99.0 99.0 99.0 99.0 99.0 99.0 99.0 99.0 99.0 99.0 99.0 99.0 99.0 99.0 99.0 
DIST_CRU 0.0 0.0 0.0 0.0 0.0 0.0 0.0 0.0 0.0 0.0 0.0 0.0 0.0 0.0 999999.0 999999.0 999999.0 999999.0 999999.0 999999.0 999999.0 999999.0 999999.0 999999.0 999999.0 999999.0 
DIST_OPE 99.0 99.0 99.0 99.0 99.0 99.0 99.0 99.0 99.0 99.0 99.0 99.0 99.0 99.0 99.0 99.0 99.0 99.0 99.0 99.0 99.0 99.0 99.0 99.0 99.0 99.0 
DIST_RDF 99.0 99.0 99.0 99.0 99.0 99.0 99.0 99.0 99.0 99.0 99.0 99.0 99.0 99.0 99.0 99.0 99.0 99.0 99.0 99.0 99.0 99.0 99.0 99.0 99.0 99.0 
DIST_OID 99.0 99.0 99.0 99.0 99.0 99.0 99.0 99.0 99.0 99.0 99.0 99.0 99.0 99.0 99.0 99.0 99.0 99.0 99.0 99.0 99.0 99.0 99.0 99.0 99.0 99.0 
PPPVD 0.0 0.0002 0.0013 0.0022 0.007 0.0109 0.0117 0.0128 0.012 0.0163 0.0144 0.0125 0.019 0.019 0.019 0.019 0.019 0.019 0.019 0.019 0.019 0.019 0.019 0.019 0.019 0.019 
PPPVDS 999.0 999.0 999.0 999.0 999.0 999.0 999.0 999.0 999.0 999.0 999.0 999.0 999.0 999.0 999.0 999.0 999.0 999.0 999.0 999.0 999.0 999.0 999.0 999.0 999.0 999.0 
PPGEO 999.0 999.0 999.0 999.0 999.0 999.0 999.0 999.0 999.0 999.0 999.0 999.0 999.0 999.0 999.0 999.0 999.0 999.0 999.0 999.0 999.0 999.0 999.0 999.0 999.0 999.0 
PPHDAMAB 15.2565 19.9255 22.2877 18.2738 18.9277 21.7716 18.5816 16.6113 17.6539 20.1915 18.7157 19.7553 18.5423 18.5423 18.5423 18.5423 18.5423 18.5423 18.5423 18.5423 18.5423 18.5423 18.5423 18.5423 18.5423 18.5423 
PPHDAMAM 4.7373 3.7984 4.5319 3.8423 4.0653 5.035 3.96 3.6414 3.3877 3.9607 3.4447 4.0127 3.3065 3.3065 3.3065 3.3065 5.6952 5.6952 5.6952 5.6952 5.6952 5.6952 5.6952 5.6952 5.6952 5.6952 
PPHDAMAS 0.0 0.0 0.0 0.0 0.0 0.0 0.0 0.0 0.0 0.0 0.0 0.0 0.0 0.0 0.0 0.0 0.0217 0.0435 0.0652 0.0652 0.0652 0.0652 0.0652 0.0652 0.0652 0.0652 
PPHDAMPM 2.6936 3.5179 3.935 4.0527 4.1978 4.8285 4.9422 4.5851 3.9492 5.1434 4.0086 4.6411 4.5458 4.5458 4.5458 5.6341 6.7223 7.8106 7.8106 7.8106 7.8106 7.8106 7.8106 7.8106 7.8106 7.8106 
PPHDAMPS 0.0 0.0 0.0 0.1211 0.1254 0.1443 0.4503 0.4741 0.3757 0.5419 0.5137 0.5413 0.5047 0.7001 0.8954 0.8954 0.8954 0.8954 0.8954 0.8954 0.8954 0.8954 0.8954 0.8954 0.8954 0.8954 
PPHRORAB 0.0 0.0 0.0 0.0 0.0 0.0 10.6979 21.2898 22.3226 23.0469 24.4641 23.7585 24.5813 24.5813 24.5813 24.5813 27.3418 30.1022 32.8626 33.7883 33.7883 33.7883 33.7883 33.7883 33.7883 33.7883 
PPHRORAM 0.0 0.0 0.0 0.0 0.0 0.0 0.0 0.0 1.3075 5.8934 6.7154 7.2458 6.3391 6.3391 6.3391 6.3391 6.3391 6.3391 6.3391 6.3391 6.3391 6.3391 6.3391 6.3391 6.3391 6.3391 
PPHRORAS 0.3442 0.4495 0.5028 0.4472 0.4632 0.5328 0.5586 0.6359 0.5609 1.5667 1.7226 1.6871 1.5395 1.5395 1.5395 1.5395 1.5395 1.5395 1.5395 1.5395 1.5395 1.5395 1.5395 1.5395 1.5395 1.5395 
PPHRORPM 3.2037 4.1842 4.6802 4.9281 5.1045 5.8715 5.2401 5.5826 4.5363 5.8682 5.7624 6.1596 5.4497 5.4497 5.4497 5.4497 5.4497 5.4497 5.4497 5.4497 5.4497 5.4497 5.4497 5.4497 5.4497 5.4497 
PPHRORPS 1.0676 1.3944 1.5597 1.7301 1.792 2.0613 2.0655 3.0439 2.9963 3.2222 3.0135 3.3112 3.3192 3.3192 3.3192 3.3192 3.3192 3.3192 3.3192 3.3192 3.3192 3.3192 3.3192 3.3192 3.3192 3.3192 
PPPVT 0.0 0.0 0.0037 0.0257 0.0248 0.0257 0.0257 0.0257 0.0257 0.0257 0.0257 0.0257 0.0257 0.0257 0.0257 0.0257 0.0257 0.0257 0.0257 0.0257 0.0257 0.0257 0.0257 0.0257 0.0257 0.0257 
PPPVTS 0.0 0.0 0.0 0.0 0.0 0.0 0.0 0.0 0.0 0.0 0.0 0.0 0.0 0.0 0.0 0.0 0.0 0.033 0.0661 0.0991 0.0991 0.0991 0.0991 0.0991 0.0991 0.0991 
PPWNDON 0.0124 0.012 0.0086 0.2041 0.2869 0.3329 0.2809 0.2419 0.2653 0.2879 0.2579 0.2162 0.2084 0.2188 0.2188 0.2188 0.2188 0.2188 0.2188 0.2188 0.2188 0.2188 0.2188 0.2188 0.2188 0.2188 
PPHD 2.2495 2.7321 2.7163 2.2116 2.4183 2.4151 2.2763 2.3721 2.2899 2.1889 2.0783 2.2496 2.3002 2.3002 2.3002 2.3002 2.3002 2.3002 2.3002 2.3002 2.3002 2.3002 2.3002 2.3002 2.3002 2.3002 
PPIHD 1.728 1.9096 1.9304 1.9419 1.9748 2.6469 2.7716 4.0975 5.1964 6.3393 6.0151 6.7844 6.4685 6.4685 6.4685 6.4685 6.4685 6.4685 6.4685 6.4685 6.4685 6.4685 6.4685 6.4685 6.4685 6.4685 
PPWNDD 0.0 0.0 0.0 0.0 0.0002 0.0251 0.0235 0.0246 0.026 0.022 0.0216 0.0077 0.0107 0.0097 0.0097 0.0097 0.0097 0.0097 0.0097 0.0097 0.0097 0.0097 0.0097 0.0097 0.0097 0.0097 
EXTT_NGS 99.0 99.0 99.0 99.0 99.0 99.0 99.0 99.0 99.0 99.0 99.0 99.0 99.0 99.0 99.0 99.0 99.0 99.0 99.0 99.0 99.0 99.0 99.0 99.0 99.0 99.0 
ADD_GRE 99.0 99.0 99.0 99.0 99.0 99.0 99.0 99.0 99.0 99.0 99.0 99.0 99.0 99.0 99.0 99.0 99.0 99.0 99.0 99.0 99.0 99.0 99.0 99.0 99.0 99.0 
EXTT_CRU 1066.59 1076.48 1076.48 1117.9079 1182.1174 1153.4784 1167.919 1128.4423 1098.5646 1127.7962 1020.9324 1004.3339 1021.4815 1009.4126 960.1715 916.0525 701.2216 707.015 719.5348 737.8367 756.5252 729.8033 701.351 679.3069 657.0011 631.9661 
IMPELE 3.2996 4.8935 0.9004 2.5037 3.1629 1.9347 0.3087 0.07 0.401 0.022 0.948 1.3752 1.7588 1.7588 1.7588 1.7588 1.7588 1.7588 1.7588 1.7588 1.7588 1.7588 1.7588 1.7588 1.7588 1.7588 
ELE_TRANS 999.0 999.0 999.0 999.0 999.0 999.0 999.0 999.0 999.0 999.0 999.0 999.0 999.0 999.0 999.0 999.0 999.0 999.0 999.0 999.0 999.0 999.0 999.0 999.0 999.0 999.0 
ELE_DIST 999.0 999.0 999.0 999.0 999.0 999.0 999.0 999.0 999.0 999.0 999.0 999.0 999.0 999.0 999.0 999.0 999.0 999.0 999.0 999.0 999.0 999.0 999.0 999.0 999.0 999.0 
HYD_G_PROD 999.0 999.0 999.0 999.0 999.0 999.0 999.0 999.0 999.0 999.0 999.0 999.0 999.0 999.0 999.0 999.0 999.0 999.0 999.0 999.0 999.0 999.0 999.0 999.0 999.0 999.0 
HYD_DIST 999.0 999.0 999.0 999.0 999.0 999.0 999.0 999.0 999.0 999.0 999.0 999.0 999.0 999.0 999.0 999.0 999.0 999.0 999.0 999.0 999.0 999.0 999.0 999.0 999.0 999.0 
PPBIM 0.0 0.0 0.0 0.0 0.0 0.0 0.0 0.0 0.0 0.0 0.0 0.0 0.0 0.0 0.0 0.0 0.0 0.0 0.0 0.0 0.0 0.0 0.0 0.0 0.0 0.0 
PPBGS 0.0 0.0 0.0 0.0 0.0 0.0 0.0 0.0 0.0 0.0 0.0 0.0 0.0 0.0 0.0 0.0 0.0 0.0 0.0 0.0 0.0 0.0 0.0 0.0 0.0 0.0 
PPNGS 5.3754 4.424 4.9271 5.7645 6.2086 8.1362 7.9402 6.6892 4.8599 4.429 3.6995 3.1267 2.9497 2.9497 2.9497 2.9497 2.9497 2.9497 2.9497 2.9497 2.9497 2.9497 2.9497 2.9497 2.9497 2.9497 
PPDSL 2.1142 1.74 1.9379 3.7859 4.0775 5.5979 4.0883 0.1619 0.3802 0.9149 1.0595 0.132 0.6302 999.0 999.0 999.0 999.0 999.0 999.0 999.0 999.0 999.0 999.0 999.0 999.0 999.0 
PPFOI 18.6658 15.3621 17.1093 19.7444 21.2654 29.1948 29.9025 29.9025 29.9025 29.9025 29.9025 29.9025 29.9025 999.0 999.0 999.0 999.0 999.0 999.0 999.0 999.0 999.0 999.0 999.0 999.0 999.0 
PPCRU 3.9746 4.1714 4.8183 3.4463 3.3754 3.6 4.2883 4.4116 4.3333 4.3068 4.1492 4.4675 4.4959 4.4959 4.4959 4.4959 4.4959 4.4959 4.4959 4.4959 4.4959 4.4959 4.4959 4.4959 4.4959 4.4959 
PPRNGS 0.6887 0.7228 0.8348 0.9148 0.896 0.9556 0.9843 0.9255 0.8026 0.7585 0.8165 1.011 1.0509 1.0509 1.0509 1.0509 1.0509 1.0509 1.0509 1.0509 1.0509 1.0509 1.0509 1.0509 1.0509 1.0509 
PPRDSL 3.8124 4.0012 4.6217 5.5033 5.3901 5.7488 6.8502 6.9472 7.5909 8.1118 7.4467 8.2341 8.263 8.263 8.263 8.263 8.263 8.263 8.263 8.263 8.263 8.263 8.263 8.263 8.263 8.263 
PPDFOI 2.1095 1.3422 1.3572 0.9875 1.0389 1.0435 0.8034 0.2058 0.1887 0.0221 0.0888 0.0789 0.2173 0.2173 0.2173 0.2173 0.2173 0.2173 0.2173 0.2173 0.2173 0.2173 0.2173 0.2173 0.2173 0.2173 
PPDDSL 1.3723 0.8732 0.8829 1.3137 1.3821 1.3882 0.6609 0.2359 0.4372 0.4176 0.2057 0.2216 0.4641 0.4641 0.4641 0.4641 0.4641 0.4641 0.4641 0.4641 0.4641 0.4641 0.4641 0.4641 0.4641 0.4641 
PPILPG 1.0713 1.1243 1.2987 1.2519 1.2262 1.3078 1.2816 1.3214 1.3701 1.2994 1.259 1.2889 1.3301 1.3301 1.3301 1.3301 1.3301 1.3301 1.3301 1.3301 1.3301 1.3301 1.3301 1.3301 1.3301 1.3301 
PPIBIM 1.4111 1.481 1.7107 2.1001 2.0569 2.1938 2.4505 2.2153 2.0679 2.0926 2.1175 2.0754 1.9053 1.9053 1.9053 1.9053 1.9053 1.9053 1.9053 1.9053 1.9053 1.9053 1.9053 1.9053 1.9053 1.9053 
PROCRU 358.0 316.0 353.0 325.1728 292.3946 282.2442 344.0936 353.2017 358.4802 325.9432 268.043 330.9202 349.9939 332.5732 332.5732 332.5732 332.5732 332.5732 332.5732 332.5732 332.5732 332.5732 332.5732 332.5732 332.5732 332.5732 
PRONGS 99.0 99.0 99.0 99.0 99.0 99.0 99.0 99.0 99.0 99.0 99.0 99.0 99.0 99.0 99.0 99.0 99.0 99.0 99.0 99.0 99.0 99.0 99.0 99.0 99.0 99.0 
REF_DSL 72.1779 72.1779 72.1779 72.1779 66.9905 65.9583 86.0942 85.8752 83.2885 79.6763 59.9509 76.8449 79.5347 71.8985 76.0927 76.0927 76.0927 76.0927 76.0927 76.0927 76.0927 76.0927 76.0927 76.0927 76.0927 76.0927 
REF_GSL 54.9969 54.9969 54.9969 54.9969 42.9088 41.1599 67.5383 63.7128 67.3676 62.07 47.5883 54.9595 58.6695 57.0059 56.8783 56.8783 56.8783 56.8783 56.8783 56.8783 56.8783 56.8783 56.8783 56.8783 56.8783 56.8783 
REF_LPG 6.0337 6.0337 6.0337 6.0337 3.848 1.4051 6.7045 6.7922 5.9216 3.4177 3.944 4.0928 4.7233 4.769 4.5284 4.5284 4.5284 4.5284 4.5284 4.5284 4.5284 4.5284 4.5284 4.5284 4.5284 4.5284 
REF_FOI 113.3564 113.3564 113.3564 113.3564 99.3369 100.5026 118.4074 122.3106 140.571 112.7732 102.6136 133.0379 139.0882 127.9928 133.373 133.373 133.373 133.373 133.373 133.373 133.373 133.373 133.373 133.373 133.373 133.373 
REF_JET 16.7604 16.7604 16.7604 16.7604 15.622 15.551 15.2147 17.5116 16.6794 16.4541 8.7766 12.6426 16.9206 16.8813 15.4815 15.4815 15.4815 15.4815 15.4815 15.4815 15.4815 15.4815 15.4815 15.4815 15.4815 15.4815 
REF_OPE 0.0 0.0 0.0 0.0 0.0 0.0 0.0 0.0 0.0 0.0 0.0 0.0 0.0 0.0 0.0 0.0 0.0 0.0 0.0 0.0 0.0 0.0 0.0 0.0 0.0 0.0 
;

param VariableCost default 0 :=
[ECU,DIST_JET,*,*]:
2010 2011 2012 2013 2014 2015 2016 2017 2018 2019 2020 2021 2022 2023 2024 2025 2026 2027 2028 2029 2030 2031 2032 2033 2034 2035 :=
1 1.0 1.0 1.0 1.0 1.0 1.0 1.0 1.0 1.0 1.0 1.0 1.0 1.0 1.0 1.0 1.0 1.0 1.0 1.0 1.0 1.0 1.0 1.0 1.0 1.0 1.0 
[ECU,PRONGS,*,*]:
2010 2011 2012 2013 2014 2015 2016 2017 2018 2019 2020 2021 2022 2023 2024 2025 2026 2027 2028 2029 2030 2031 2032 2033 2034 2035 :=
1 1.0 1.0 1.0 1.0 1.0 1.0 1.0 1.0 1.0 1.0 1.0 1.0 1.0 1.0 1.0 1.0 1.0 1.0 1.0 1.0 1.0 1.0 1.0 1.0 1.0 1.0 
[ECU,ELE_DIST,*,*]:
2010 2011 2012 2013 2014 2015 2016 2017 2018 2019 2020 2021 2022 2023 2024 2025 2026 2027 2028 2029 2030 2031 2032 2033 2034 2035 :=
1 1.0 1.0 1.0 1.0 1.0 1.0 1.0 1.0 1.0 1.0 1.0 1.0 1.0 1.0 1.0 1.0 1.0 1.0 1.0 1.0 1.0 1.0 1.0 1.0 1.0 1.0 
[ECU,DIST_FOI,*,*]:
2010 2011 2012 2013 2014 2015 2016 2017 2018 2019 2020 2021 2022 2023 2024 2025 2026 2027 2028 2029 2030 2031 2032 2033 2034 2035 :=
1 1.0 1.0 1.0 1.0 1.0 1.0 1.0 1.0 1.0 1.0 1.0 1.0 1.0 1.0 1.0 1.0 1.0 1.0 1.0 1.0 1.0 1.0 1.0 1.0 1.0 1.0 
[ECU,EXTT_NGS,*,*]:
2010 2011 2012 2013 2014 2015 2016 2017 2018 2019 2020 2021 2022 2023 2024 2025 2026 2027 2028 2029 2030 2031 2032 2033 2034 2035 :=
1 1.0 1.0 1.0 1.0 1.0 1.0 1.0 1.0 1.0 1.0 1.0 1.0 1.0 1.0 1.0 1.0 1.0 1.0 1.0 1.0 1.0 1.0 1.0 1.0 1.0 1.0 
[ECU,PPNGS,*,*]:
2010 2011 2012 2013 2014 2015 2016 2017 2018 2019 2020 2021 2022 2023 2024 2025 2026 2027 2028 2029 2030 2031 2032 2033 2034 2035 :=
1 1.0 1.0 1.0 1.0 1.0 1.0 1.0 1.0 1.0 1.0 1.0 1.0 1.0 1.0 1.0 1.0 1.0 1.0 1.0 1.0 1.0 1.0 1.0 1.0 1.0 1.0 
[ECU,REF_FOI,*,*]:
2010 2011 2012 2013 2014 2015 2016 2017 2018 2019 2020 2021 2022 2023 2024 2025 2026 2027 2028 2029 2030 2031 2032 2033 2034 2035 :=
1 1.0 1.0 1.0 1.0 1.0 1.0 1.0 1.0 1.0 1.0 1.0 1.0 1.0 1.0 1.0 1.0 1.0 1.0 1.0 1.0 1.0 1.0 1.0 1.0 1.0 1.0 
[ECU,PPRDSL,*,*]:
2010 2011 2012 2013 2014 2015 2016 2017 2018 2019 2020 2021 2022 2023 2024 2025 2026 2027 2028 2029 2030 2031 2032 2033 2034 2035 :=
1 1.0 1.0 1.0 1.0 1.0 1.0 1.0 1.0 1.0 1.0 1.0 1.0 1.0 1.0 1.0 1.0 1.0 1.0 1.0 1.0 1.0 1.0 1.0 1.0 1.0 1.0 
[ECU,IMPELE,*,*]:
2010 2011 2012 2013 2014 2015 2016 2017 2018 2019 2020 2021 2022 2023 2024 2025 2026 2027 2028 2029 2030 2031 2032 2033 2034 2035 :=
1 1.0 1.0 1.0 1.0 1.0 1.0 1.0 1.0 1.0 1.0 1.0 1.0 1.0 1.0 1.0 1.0 1.0 1.0 1.0 1.0 1.0 1.0 1.0 1.0 1.0 1.0 
[ECU,PPBGS,*,*]:
2010 2011 2012 2013 2014 2015 2016 2017 2018 2019 2020 2021 2022 2023 2024 2025 2026 2027 2028 2029 2030 2031 2032 2033 2034 2035 :=
1 1.0 1.0 1.0 1.0 1.0 1.0 1.0 1.0 1.0 1.0 1.0 1.0 1.0 1.0 1.0 1.0 1.0 1.0 1.0 1.0 1.0 1.0 1.0 1.0 1.0 1.0 
[ECU,DIST_OID,*,*]:
2010 2011 2012 2013 2014 2015 2016 2017 2018 2019 2020 2021 2022 2023 2024 2025 2026 2027 2028 2029 2030 2031 2032 2033 2034 2035 :=
1 1.0 1.0 1.0 1.0 1.0 1.0 1.0 1.0 1.0 1.0 1.0 1.0 1.0 1.0 1.0 1.0 1.0 1.0 1.0 1.0 1.0 1.0 1.0 1.0 1.0 1.0 
[ECU,PPDDSL,*,*]:
2010 2011 2012 2013 2014 2015 2016 2017 2018 2019 2020 2021 2022 2023 2024 2025 2026 2027 2028 2029 2030 2031 2032 2033 2034 2035 :=
1 1.0 1.0 1.0 1.0 1.0 1.0 1.0 1.0 1.0 1.0 1.0 1.0 1.0 1.0 1.0 1.0 1.0 1.0 1.0 1.0 1.0 1.0 1.0 1.0 1.0 1.0 
[ECU,DIST_DSL,*,*]:
2010 2011 2012 2013 2014 2015 2016 2017 2018 2019 2020 2021 2022 2023 2024 2025 2026 2027 2028 2029 2030 2031 2032 2033 2034 2035 :=
1 1.0 1.0 1.0 1.0 1.0 1.0 1.0 1.0 1.0 1.0 1.0 1.0 1.0 1.0 1.0 1.0 1.0 1.0 1.0 1.0 1.0 1.0 1.0 1.0 1.0 1.0 
[ECU,EXTT_CRU,*,*]:
2010 2011 2012 2013 2014 2015 2016 2017 2018 2019 2020 2021 2022 2023 2024 2025 2026 2027 2028 2029 2030 2031 2032 2033 2034 2035 :=
1 1.0 1.0 1.0 1.0 1.0 1.0 1.0 1.0 1.0 1.0 1.0 1.0 1.0 1.0 1.0 1.0 1.0 1.0 1.0 1.0 1.0 1.0 1.0 1.0 1.0 1.0 
[ECU,STOELE,*,*]:
2010 2011 2012 2013 2014 2015 2016 2017 2018 2019 2020 2021 2022 2023 2024 2025 2026 2027 2028 2029 2030 2031 2032 2033 2034 2035 :=
1 1.0 1.0 1.0 1.0 1.0 1.0 1.0 1.0 1.0 1.0 1.0 1.0 1.0 1.0 1.0 1.0 1.0 1.0 1.0 1.0 1.0 1.0 1.0 1.0 1.0 1.0 
[ECU,ELE_TRANS,*,*]:
2010 2011 2012 2013 2014 2015 2016 2017 2018 2019 2020 2021 2022 2023 2024 2025 2026 2027 2028 2029 2030 2031 2032 2033 2034 2035 :=
1 1.0 1.0 1.0 1.0 1.0 1.0 1.0 1.0 1.0 1.0 1.0 1.0 1.0 1.0 1.0 1.0 1.0 1.0 1.0 1.0 1.0 1.0 1.0 1.0 1.0 1.0 
[ECU,PPHRORPM,*,*]:
2010 2011 2012 2013 2014 2015 2016 2017 2018 2019 2020 2021 2022 2023 2024 2025 2026 2027 2028 2029 2030 2031 2032 2033 2034 2035 :=
1 1.0 1.0 1.0 1.0 1.0 1.0 1.0 1.0 1.0 1.0 1.0 1.0 1.0 1.0 1.0 1.0 1.0 1.0 1.0 1.0 1.0 1.0 1.0 1.0 1.0 1.0 
[ECU,PPILPG,*,*]:
2010 2011 2012 2013 2014 2015 2016 2017 2018 2019 2020 2021 2022 2023 2024 2025 2026 2027 2028 2029 2030 2031 2032 2033 2034 2035 :=
1 1.0 1.0 1.0 1.0 1.0 1.0 1.0 1.0 1.0 1.0 1.0 1.0 1.0 1.0 1.0 1.0 1.0 1.0 1.0 1.0 1.0 1.0 1.0 1.0 1.0 1.0 
[ECU,DIST_OPE,*,*]:
2010 2011 2012 2013 2014 2015 2016 2017 2018 2019 2020 2021 2022 2023 2024 2025 2026 2027 2028 2029 2030 2031 2032 2033 2034 2035 :=
1 1.0 1.0 1.0 1.0 1.0 1.0 1.0 1.0 1.0 1.0 1.0 1.0 1.0 1.0 1.0 1.0 1.0 1.0 1.0 1.0 1.0 1.0 1.0 1.0 1.0 1.0 
[ECU,DIST_RDF,*,*]:
2010 2011 2012 2013 2014 2015 2016 2017 2018 2019 2020 2021 2022 2023 2024 2025 2026 2027 2028 2029 2030 2031 2032 2033 2034 2035 :=
1 1.0 1.0 1.0 1.0 1.0 1.0 1.0 1.0 1.0 1.0 1.0 1.0 1.0 1.0 1.0 1.0 1.0 1.0 1.0 1.0 1.0 1.0 1.0 1.0 1.0 1.0 
[ECU,DIST_LPG,*,*]:
2010 2011 2012 2013 2014 2015 2016 2017 2018 2019 2020 2021 2022 2023 2024 2025 2026 2027 2028 2029 2030 2031 2032 2033 2034 2035 :=
1 1.0 1.0 1.0 1.0 1.0 1.0 1.0 1.0 1.0 1.0 1.0 1.0 1.0 1.0 1.0 1.0 1.0 1.0 1.0 1.0 1.0 1.0 1.0 1.0 1.0 1.0 
[ECU,PPDFOI,*,*]:
2010 2011 2012 2013 2014 2015 2016 2017 2018 2019 2020 2021 2022 2023 2024 2025 2026 2027 2028 2029 2030 2031 2032 2033 2034 2035 :=
1 1.0 1.0 1.0 1.0 1.0 1.0 1.0 1.0 1.0 1.0 1.0 1.0 1.0 1.0 1.0 1.0 1.0 1.0 1.0 1.0 1.0 1.0 1.0 1.0 1.0 1.0 
[ECU,PPHRORAB,*,*]:
2010 2011 2012 2013 2014 2015 2016 2017 2018 2019 2020 2021 2022 2023 2024 2025 2026 2027 2028 2029 2030 2031 2032 2033 2034 2035 :=
1 1.0 1.0 1.0 1.0 1.0 1.0 1.0 1.0 1.0 1.0 1.0 1.0 1.0 1.0 1.0 1.0 1.0 1.0 1.0 1.0 1.0 1.0 1.0 1.0 1.0 1.0 
[ECU,DIST_CRU,*,*]:
2010 2011 2012 2013 2014 2015 2016 2017 2018 2019 2020 2021 2022 2023 2024 2025 2026 2027 2028 2029 2030 2031 2032 2033 2034 2035 :=
1 1.0 1.0 1.0 1.0 1.0 1.0 1.0 1.0 1.0 1.0 1.0 1.0 1.0 1.0 1.0 1.0 1.0 1.0 1.0 1.0 1.0 1.0 1.0 1.0 1.0 1.0 
[ECU,PPDSL,*,*]:
2010 2011 2012 2013 2014 2015 2016 2017 2018 2019 2020 2021 2022 2023 2024 2025 2026 2027 2028 2029 2030 2031 2032 2033 2034 2035 :=
1 1.0 1.0 1.0 1.0 1.0 1.0 1.0 1.0 1.0 1.0 1.0 1.0 1.0 1.0 1.0 1.0 1.0 1.0 1.0 1.0 1.0 1.0 1.0 1.0 1.0 1.0 
[ECU,PPWNDD,*,*]:
2010 2011 2012 2013 2014 2015 2016 2017 2018 2019 2020 2021 2022 2023 2024 2025 2026 2027 2028 2029 2030 2031 2032 2033 2034 2035 :=
1 1.0 1.0 1.0 1.0 1.0 1.0 1.0 1.0 1.0 1.0 1.0 1.0 1.0 1.0 1.0 1.0 1.0 1.0 1.0 1.0 1.0 1.0 1.0 1.0 1.0 1.0 
[ECU,PPHDAMPM,*,*]:
2010 2011 2012 2013 2014 2015 2016 2017 2018 2019 2020 2021 2022 2023 2024 2025 2026 2027 2028 2029 2030 2031 2032 2033 2034 2035 :=
1 1.0 1.0 1.0 1.0 1.0 1.0 1.0 1.0 1.0 1.0 1.0 1.0 1.0 1.0 1.0 1.0 1.0 1.0 1.0 1.0 1.0 1.0 1.0 1.0 1.0 1.0 
[ECU,PPRNGS,*,*]:
2010 2011 2012 2013 2014 2015 2016 2017 2018 2019 2020 2021 2022 2023 2024 2025 2026 2027 2028 2029 2030 2031 2032 2033 2034 2035 :=
1 1.0 1.0 1.0 1.0 1.0 1.0 1.0 1.0 1.0 1.0 1.0 1.0 1.0 1.0 1.0 1.0 1.0 1.0 1.0 1.0 1.0 1.0 1.0 1.0 1.0 1.0 
[ECU,REF_LPG,*,*]:
2010 2011 2012 2013 2014 2015 2016 2017 2018 2019 2020 2021 2022 2023 2024 2025 2026 2027 2028 2029 2030 2031 2032 2033 2034 2035 :=
1 1.0 1.0 1.0 1.0 1.0 1.0 1.0 1.0 1.0 1.0 1.0 1.0 1.0 1.0 1.0 1.0 1.0 1.0 1.0 1.0 1.0 1.0 1.0 1.0 1.0 1.0 
[ECU,PPHRORAM,*,*]:
2010 2011 2012 2013 2014 2015 2016 2017 2018 2019 2020 2021 2022 2023 2024 2025 2026 2027 2028 2029 2030 2031 2032 2033 2034 2035 :=
1 1.0 1.0 1.0 1.0 1.0 1.0 1.0 1.0 1.0 1.0 1.0 1.0 1.0 1.0 1.0 1.0 1.0 1.0 1.0 1.0 1.0 1.0 1.0 1.0 1.0 1.0 
[ECU,DIST_COK,*,*]:
2010 2011 2012 2013 2014 2015 2016 2017 2018 2019 2020 2021 2022 2023 2024 2025 2026 2027 2028 2029 2030 2031 2032 2033 2034 2035 :=
1 1.0 1.0 1.0 1.0 1.0 1.0 1.0 1.0 1.0 1.0 1.0 1.0 1.0 1.0 1.0 1.0 1.0 1.0 1.0 1.0 1.0 1.0 1.0 1.0 1.0 1.0 
[ECU,PPHRORAS,*,*]:
2010 2011 2012 2013 2014 2015 2016 2017 2018 2019 2020 2021 2022 2023 2024 2025 2026 2027 2028 2029 2030 2031 2032 2033 2034 2035 :=
1 1.0 1.0 1.0 1.0 1.0 1.0 1.0 1.0 1.0 1.0 1.0 1.0 1.0 1.0 1.0 1.0 1.0 1.0 1.0 1.0 1.0 1.0 1.0 1.0 1.0 1.0 
[ECU,DIST_CHA,*,*]:
2010 2011 2012 2013 2014 2015 2016 2017 2018 2019 2020 2021 2022 2023 2024 2025 2026 2027 2028 2029 2030 2031 2032 2033 2034 2035 :=
1 1.0 1.0 1.0 1.0 1.0 1.0 1.0 1.0 1.0 1.0 1.0 1.0 1.0 1.0 1.0 1.0 1.0 1.0 1.0 1.0 1.0 1.0 1.0 1.0 1.0 1.0 
[ECU,PPBIM,*,*]:
2010 2011 2012 2013 2014 2015 2016 2017 2018 2019 2020 2021 2022 2023 2024 2025 2026 2027 2028 2029 2030 2031 2032 2033 2034 2035 :=
1 2.0 2.0 2.0 2.0 2.0 2.0 2.0 2.0 2.0 2.0 2.0 2.0 2.0 2.0 2.0 2.0 2.0 2.0 2.0 2.0 2.0 2.0 2.0 2.0 2.0 2.0 
[ECU,DIST_NGS,*,*]:
2010 2011 2012 2013 2014 2015 2016 2017 2018 2019 2020 2021 2022 2023 2024 2025 2026 2027 2028 2029 2030 2031 2032 2033 2034 2035 :=
1 1.0 1.0 1.0 1.0 1.0 1.0 1.0 1.0 1.0 1.0 1.0 1.0 1.0 1.0 1.0 1.0 1.0 1.0 1.0 1.0 1.0 1.0 1.0 1.0 1.0 1.0 
[ECU,REF_GSL,*,*]:
2010 2011 2012 2013 2014 2015 2016 2017 2018 2019 2020 2021 2022 2023 2024 2025 2026 2027 2028 2029 2030 2031 2032 2033 2034 2035 :=
1 1.0 1.0 1.0 1.0 1.0 1.0 1.0 1.0 1.0 1.0 1.0 1.0 1.0 1.0 1.0 1.0 1.0 1.0 1.0 1.0 1.0 1.0 1.0 1.0 1.0 1.0 
[ECU,PPHDAMAM,*,*]:
2010 2011 2012 2013 2014 2015 2016 2017 2018 2019 2020 2021 2022 2023 2024 2025 2026 2027 2028 2029 2030 2031 2032 2033 2034 2035 :=
1 1.0 1.0 1.0 1.0 1.0 1.0 1.0 1.0 1.0 1.0 1.0 1.0 1.0 1.0 1.0 1.0 1.0 1.0 1.0 1.0 1.0 1.0 1.0 1.0 1.0 1.0 
[ECU,PPIBIM,*,*]:
2010 2011 2012 2013 2014 2015 2016 2017 2018 2019 2020 2021 2022 2023 2024 2025 2026 2027 2028 2029 2030 2031 2032 2033 2034 2035 :=
1 1.0 1.0 1.0 1.0 1.0 1.0 1.0 1.0 1.0 1.0 1.0 1.0 1.0 1.0 1.0 1.0 1.0 1.0 1.0 1.0 1.0 1.0 1.0 1.0 1.0 1.0 
[ECU,PPPVDS,*,*]:
2010 2011 2012 2013 2014 2015 2016 2017 2018 2019 2020 2021 2022 2023 2024 2025 2026 2027 2028 2029 2030 2031 2032 2033 2034 2035 :=
1 1.0 1.0 1.0 1.0 1.0 1.0 1.0 1.0 1.0 1.0 1.0 1.0 1.0 1.0 1.0 1.0 1.0 1.0 1.0 1.0 1.0 1.0 1.0 1.0 1.0 1.0 
[ECU,PPHDAMAB,*,*]:
2010 2011 2012 2013 2014 2015 2016 2017 2018 2019 2020 2021 2022 2023 2024 2025 2026 2027 2028 2029 2030 2031 2032 2033 2034 2035 :=
1 1.0 1.0 1.0 1.0 1.0 1.0 1.0 1.0 1.0 1.0 1.0 1.0 1.0 1.0 1.0 1.0 1.0 1.0 1.0 1.0 1.0 1.0 1.0 1.0 1.0 1.0 
[ECU,PPHDAMAS,*,*]:
2010 2011 2012 2013 2014 2015 2016 2017 2018 2019 2020 2021 2022 2023 2024 2025 2026 2027 2028 2029 2030 2031 2032 2033 2034 2035 :=
1 1.0 1.0 1.0 1.0 1.0 1.0 1.0 1.0 1.0 1.0 1.0 1.0 1.0 1.0 1.0 1.0 1.0 1.0 1.0 1.0 1.0 1.0 1.0 1.0 1.0 1.0 
[ECU,ADD_GRE,*,*]:
2010 2011 2012 2013 2014 2015 2016 2017 2018 2019 2020 2021 2022 2023 2024 2025 2026 2027 2028 2029 2030 2031 2032 2033 2034 2035 :=
1 1.0 1.0 1.0 1.0 1.0 1.0 1.0 1.0 1.0 1.0 1.0 1.0 1.0 1.0 1.0 1.0 1.0 1.0 1.0 1.0 1.0 1.0 1.0 1.0 1.0 1.0 
[ECU,PROCRU,*,*]:
2010 2011 2012 2013 2014 2015 2016 2017 2018 2019 2020 2021 2022 2023 2024 2025 2026 2027 2028 2029 2030 2031 2032 2033 2034 2035 :=
1 1.0 1.0 1.0 1.0 1.0 1.0 1.0 1.0 1.0 1.0 1.0 1.0 1.0 1.0 1.0 1.0 1.0 1.0 1.0 1.0 1.0 1.0 1.0 1.0 1.0 1.0 
[ECU,PPIHD,*,*]:
2010 2011 2012 2013 2014 2015 2016 2017 2018 2019 2020 2021 2022 2023 2024 2025 2026 2027 2028 2029 2030 2031 2032 2033 2034 2035 :=
1 1.0 1.0 1.0 1.0 1.0 1.0 1.0 1.0 1.0 1.0 1.0 1.0 1.0 1.0 1.0 1.0 1.0 1.0 1.0 1.0 1.0 1.0 1.0 1.0 1.0 1.0 
[ECU,PPFOI,*,*]:
2010 2011 2012 2013 2014 2015 2016 2017 2018 2019 2020 2021 2022 2023 2024 2025 2026 2027 2028 2029 2030 2031 2032 2033 2034 2035 :=
1 1.0 1.0 1.0 1.0 1.0 1.0 1.0 1.0 1.0 1.0 1.0 1.0 1.0 1.0 1.0 1.0 1.0 1.0 1.0 1.0 1.0 1.0 1.0 1.0 1.0 1.0 
[ECU,DIST_COA,*,*]:
2010 2011 2012 2013 2014 2015 2016 2017 2018 2019 2020 2021 2022 2023 2024 2025 2026 2027 2028 2029 2030 2031 2032 2033 2034 2035 :=
1 1.0 1.0 1.0 1.0 1.0 1.0 1.0 1.0 1.0 1.0 1.0 1.0 1.0 1.0 1.0 1.0 1.0 1.0 1.0 1.0 1.0 1.0 1.0 1.0 1.0 1.0 
[ECU,PPHRORPS,*,*]:
2010 2011 2012 2013 2014 2015 2016 2017 2018 2019 2020 2021 2022 2023 2024 2025 2026 2027 2028 2029 2030 2031 2032 2033 2034 2035 :=
1 1.0 1.0 1.0 1.0 1.0 1.0 1.0 1.0 1.0 1.0 1.0 1.0 1.0 1.0 1.0 1.0 1.0 1.0 1.0 1.0 1.0 1.0 1.0 1.0 1.0 1.0 
[ECU,HYD_G_PROD,*,*]:
2010 2011 2012 2013 2014 2015 2016 2017 2018 2019 2020 2021 2022 2023 2024 2025 2026 2027 2028 2029 2030 2031 2032 2033 2034 2035 :=
1 1.0 1.0 1.0 1.0 1.0 1.0 1.0 1.0 1.0 1.0 1.0 1.0 1.0 1.0 1.0 1.0 1.0 1.0 1.0 1.0 1.0 1.0 1.0 1.0 1.0 1.0 
[ECU,REF_OPE,*,*]:
2010 2011 2012 2013 2014 2015 2016 2017 2018 2019 2020 2021 2022 2023 2024 2025 2026 2027 2028 2029 2030 2031 2032 2033 2034 2035 :=
1 1.0 1.0 1.0 1.0 1.0 1.0 1.0 1.0 1.0 1.0 1.0 1.0 1.0 1.0 1.0 1.0 1.0 1.0 1.0 1.0 1.0 1.0 1.0 1.0 1.0 1.0 
[ECU,PPWNDON,*,*]:
2010 2011 2012 2013 2014 2015 2016 2017 2018 2019 2020 2021 2022 2023 2024 2025 2026 2027 2028 2029 2030 2031 2032 2033 2034 2035 :=
1 1.0 1.0 1.0 1.0 1.0 1.0 1.0 1.0 1.0 1.0 1.0 1.0 1.0 1.0 1.0 1.0 1.0 1.0 1.0 1.0 1.0 1.0 1.0 1.0 1.0 1.0 
[ECU,HYD_DIST,*,*]:
2010 2011 2012 2013 2014 2015 2016 2017 2018 2019 2020 2021 2022 2023 2024 2025 2026 2027 2028 2029 2030 2031 2032 2033 2034 2035 :=
1 1.0 1.0 1.0 1.0 1.0 1.0 1.0 1.0 1.0 1.0 1.0 1.0 1.0 1.0 1.0 1.0 1.0 1.0 1.0 1.0 1.0 1.0 1.0 1.0 1.0 1.0 
[ECU,PPGEO,*,*]:
2010 2011 2012 2013 2014 2015 2016 2017 2018 2019 2020 2021 2022 2023 2024 2025 2026 2027 2028 2029 2030 2031 2032 2033 2034 2035 :=
1 1.0 1.0 1.0 1.0 1.0 1.0 1.0 1.0 1.0 1.0 1.0 1.0 1.0 1.0 1.0 1.0 1.0 1.0 1.0 1.0 1.0 1.0 1.0 1.0 1.0 1.0 
[ECU,PPPVT,*,*]:
2010 2011 2012 2013 2014 2015 2016 2017 2018 2019 2020 2021 2022 2023 2024 2025 2026 2027 2028 2029 2030 2031 2032 2033 2034 2035 :=
1 1.0 1.0 1.0 1.0 1.0 1.0 1.0 1.0 1.0 1.0 1.0 1.0 1.0 1.0 1.0 1.0 1.0 1.0 1.0 1.0 1.0 1.0 1.0 1.0 1.0 1.0 
[ECU,REF_JET,*,*]:
2010 2011 2012 2013 2014 2015 2016 2017 2018 2019 2020 2021 2022 2023 2024 2025 2026 2027 2028 2029 2030 2031 2032 2033 2034 2035 :=
1 1.0 1.0 1.0 1.0 1.0 1.0 1.0 1.0 1.0 1.0 1.0 1.0 1.0 1.0 1.0 1.0 1.0 1.0 1.0 1.0 1.0 1.0 1.0 1.0 1.0 1.0 
[ECU,DIST_KER,*,*]:
2010 2011 2012 2013 2014 2015 2016 2017 2018 2019 2020 2021 2022 2023 2024 2025 2026 2027 2028 2029 2030 2031 2032 2033 2034 2035 :=
1 1.0 1.0 1.0 1.0 1.0 1.0 1.0 1.0 1.0 1.0 1.0 1.0 1.0 1.0 1.0 1.0 1.0 1.0 1.0 1.0 1.0 1.0 1.0 1.0 1.0 1.0 
[ECU,DIST_FIR,*,*]:
2010 2011 2012 2013 2014 2015 2016 2017 2018 2019 2020 2021 2022 2023 2024 2025 2026 2027 2028 2029 2030 2031 2032 2033 2034 2035 :=
1 1.0 1.0 1.0 1.0 1.0 1.0 1.0 1.0 1.0 1.0 1.0 1.0 1.0 1.0 1.0 1.0 1.0 1.0 1.0 1.0 1.0 1.0 1.0 1.0 1.0 1.0 
[ECU,PPPVD,*,*]:
2010 2011 2012 2013 2014 2015 2016 2017 2018 2019 2020 2021 2022 2023 2024 2025 2026 2027 2028 2029 2030 2031 2032 2033 2034 2035 :=
1 1.0 1.0 1.0 1.0 1.0 1.0 1.0 1.0 1.0 1.0 1.0 1.0 1.0 1.0 1.0 1.0 1.0 1.0 1.0 1.0 1.0 1.0 1.0 1.0 1.0 1.0 
[ECU,PPCRU,*,*]:
2010 2011 2012 2013 2014 2015 2016 2017 2018 2019 2020 2021 2022 2023 2024 2025 2026 2027 2028 2029 2030 2031 2032 2033 2034 2035 :=
1 1.0 1.0 1.0 1.0 1.0 1.0 1.0 1.0 1.0 1.0 1.0 1.0 1.0 1.0 1.0 1.0 1.0 1.0 1.0 1.0 1.0 1.0 1.0 1.0 1.0 1.0 
[ECU,DIST_BGS,*,*]:
2010 2011 2012 2013 2014 2015 2016 2017 2018 2019 2020 2021 2022 2023 2024 2025 2026 2027 2028 2029 2030 2031 2032 2033 2034 2035 :=
1 1.0 1.0 1.0 1.0 1.0 1.0 1.0 1.0 1.0 1.0 1.0 1.0 1.0 1.0 1.0 1.0 1.0 1.0 1.0 1.0 1.0 1.0 1.0 1.0 1.0 1.0 
[ECU,PPHD,*,*]:
2010 2011 2012 2013 2014 2015 2016 2017 2018 2019 2020 2021 2022 2023 2024 2025 2026 2027 2028 2029 2030 2031 2032 2033 2034 2035 :=
1 1.0 1.0 1.0 1.0 1.0 1.0 1.0 1.0 1.0 1.0 1.0 1.0 1.0 1.0 1.0 1.0 1.0 1.0 1.0 1.0 1.0 1.0 1.0 1.0 1.0 1.0 
[ECU,REF_DSL,*,*]:
2010 2011 2012 2013 2014 2015 2016 2017 2018 2019 2020 2021 2022 2023 2024 2025 2026 2027 2028 2029 2030 2031 2032 2033 2034 2035 :=
1 1.0 1.0 1.0 1.0 1.0 1.0 1.0 1.0 1.0 1.0 1.0 1.0 1.0 1.0 1.0 1.0 1.0 1.0 1.0 1.0 1.0 1.0 1.0 1.0 1.0 1.0 
[ECU,DIST_GSL,*,*]:
2010 2011 2012 2013 2014 2015 2016 2017 2018 2019 2020 2021 2022 2023 2024 2025 2026 2027 2028 2029 2030 2031 2032 2033 2034 2035 :=
1 1.0 1.0 1.0 1.0 1.0 1.0 1.0 1.0 1.0 1.0 1.0 1.0 1.0 1.0 1.0 1.0 1.0 1.0 1.0 1.0 1.0 1.0 1.0 1.0 1.0 1.0 
[ECU,DIST_BIM,*,*]:
2010 2011 2012 2013 2014 2015 2016 2017 2018 2019 2020 2021 2022 2023 2024 2025 2026 2027 2028 2029 2030 2031 2032 2033 2034 2035 :=
1 1.0 1.0 1.0 1.0 1.0 1.0 1.0 1.0 1.0 1.0 1.0 1.0 1.0 1.0 1.0 1.0 1.0 1.0 1.0 1.0 1.0 1.0 1.0 1.0 1.0 1.0 
[ECU,PPPVTS,*,*]:
2010 2011 2012 2013 2014 2015 2016 2017 2018 2019 2020 2021 2022 2023 2024 2025 2026 2027 2028 2029 2030 2031 2032 2033 2034 2035 :=
1 1.0 1.0 1.0 1.0 1.0 1.0 1.0 1.0 1.0 1.0 1.0 1.0 1.0 1.0 1.0 1.0 1.0 1.0 1.0 1.0 1.0 1.0 1.0 1.0 1.0 1.0 
[ECU,PPHDAMPS,*,*]:
2010 2011 2012 2013 2014 2015 2016 2017 2018 2019 2020 2021 2022 2023 2024 2025 2026 2027 2028 2029 2030 2031 2032 2033 2034 2035 :=
1 1.0 1.0 1.0 1.0 1.0 1.0 1.0 1.0 1.0 1.0 1.0 1.0 1.0 1.0 1.0 1.0 1.0 1.0 1.0 1.0 1.0 1.0 1.0 1.0 1.0 1.0 
;

param YearSplit default 0 :
2010 2011 2012 2013 2014 2015 2016 2017 2018 2019 2020 2021 2022 2023 2024 2025 2026 2027 2028 2029 2030 2031 2032 2033 2034 2035 :=
All 1 1 1 1 1 1 1 1 1 1 1 1 1 1 1 1 1 1 1 1 1 1 1 1 1 1 
;

param AccumulatedAnnualDemand default 0 :=
;
param AnnualEmissionLimit default 99999 :=
;
param AnnualExogenousEmission default 0 :=
;
param CapacityOfOneTechnologyUnit default 0 :=
;
param CapitalCostStorage default 0 :=
;
param Conversionld default 0 :=
;
param Conversionlh default 0 :=
;
param Conversionls default 0 :=
;
param DaySplit default 0.00137 :=
;
param DaysInDayType default 7 :=
;
param DepreciationMethod default 1 :=
;
param DiscountRate default 0.05 :=
;
param EmissionsPenalty default 0 :=
;
param MinStorageCharge default 0 :=
;
param ModelPeriodEmissionLimit default 99999 :=
;
param ModelPeriodExogenousEmission default 0 :=
;
param OperationalLifeStorage default 1 :=
;
param REMinProductionTarget default 0 :=
;
param RETagFuel default 0 :=
;
param RETagTechnology default 0 :=
;
param ReserveMargin default 0 :=
;
param ReserveMarginTagFuel default 0 :=
;
param ReserveMarginTagTechnology default 0 :=
;
param ResidualStorageCapacity default 0 :=
;
param StorageLevelStart default 0 :=
;
param StorageMaxChargeRate default 0 :=
;
param StorageMaxDischargeRate default 0 :=
;
param TechnologyFromStorage default 0 :=
;
param TechnologyToStorage default 0 :=
;
param TotalAnnualMaxCapacityInvestment default 99999 :=
;
param TotalAnnualMinCapacity default 0 :=
;
param TotalTechnologyModelPeriodActivityLowerLimit default 0 :=
;
param TotalTechnologyModelPeriodActivityUpperLimit default 99999 :=
;
param TradeRoute default 0 :=
;
#
end;
