Strategy,Future.ID,Fuel,Technology,Emission,Year,Demand,NewCapacity,AccumulatedNewCapacity,TotalCapacityAnnual,TotalTechnologyAnnualActivity,ProductionByTechnology,UseByTechnology,CapitalInvestment,DiscountedCapitalInvestment,SalvageValue,DiscountedSalvageValue,OperatingCost,DiscountedOperatingCost,AnnualVariableOperatingCost,AnnualFixedOperatingCost,TotalDiscountedCostByTechnology,TotalDiscountedCost,AnnualTechnologyEmission,AnnualTechnologyEmissionPenaltyByEmission,AnnualTechnologyEmissionsPenalty,DiscountedTechnologyEmissionsPenalty,AnnualEmissions,DistanceDriven,Fleet,NewFleet,ProducedMobility,FilterFuelType,FilterVehicleType,Capex2025,FixedOpex2025,VarOpex2025,Opex2025,Externalities2025,Capex_GDP,FixedOpex_GDP,VarOpex_GDP,Opex_GDP,Externalities_GDP
BAU,0,,RAW_MAT_CLK,,2018,,1.90343,1.90343,1.90343,1.90343,,,,,,,,,,,,,,,,,,,,,,,,,,,,,,,,,
BAU,0,,RAW_MAT_CLK,,2019,,2.05977,2.05977,2.05977,2.05977,,,,,,,,,,,,,,,,,,,,,,,,,,,,,,,,,
BAU,0,,RAW_MAT_CLK,,2020,,2.39171,2.39171,2.39171,2.39171,,,,,,,,,,,,,,,,,,,,,,,,,,,,,,,,,
BAU,0,,RAW_MAT_CLK,,2021,,2.8702,2.8702,2.8702,2.8702,,,,,,,,,,,,,,,,,,,,,,,,,,,,,,,,,
BAU,0,,RAW_MAT_CLK,,2022,,3.12801,3.12801,3.12801,3.12801,,,,,,,,,,,,,,,,,,,,,,,,,,,,,,,,,
BAU,0,,RAW_MAT_CLK,,2023,,3.90998,3.90998,3.90998,3.90998,,,,,,,,,,,,,,,,,,,,,,,,,,,,,,,,,
BAU,0,,RAW_MAT_CLK,,2024,,4.18375,4.18375,4.18375,4.18375,,,,,,,,,,,,,,,,,,,,,,,,,,,,,,,,,
BAU,0,,RAW_MAT_CLK,,2025,,4.47676,4.47676,4.47676,4.47676,,,,,,,,,,,,,,,,,,,,,,,,,,,,,,,,,
BAU,0,,RAW_MAT_CLK,,2026,,4.7902,4.7902,4.7902,4.7902,,,,,,,,,,,,,,,,,,,,,,,,,,,,,,,,,
BAU,0,,RAW_MAT_CLK,,2027,,5.12556,5.12556,5.12556,5.12556,,,,,,,,,,,,,,,,,,,,,,,,,,,,,,,,,
BAU,0,,RAW_MAT_CLK,,2028,,5.48442,5.48442,5.48442,5.48442,,,,,,,,,,,,,,,,,,,,,,,,,,,,,,,,,
BAU,0,,RAW_MAT_CLK,,2029,,5.86836,5.86836,5.86836,5.86836,,,,,,,,,,,,,,,,,,,,,,,,,,,,,,,,,
BAU,0,,RAW_MAT_CLK,,2030,,6.27918,6.27918,6.27918,6.27918,,,,,,,,,,,,,,,,,,,,,,,,,,,,,,,,,
BAU,0,,RAW_MAT_CLK,,2031,,6.71875,6.71875,6.71875,6.71875,,,,,,,,,,,,,,,,,,,,,,,,,,,,,,,,,
BAU,0,,RAW_MAT_CLK,,2032,,7.18904,7.18904,7.18904,7.18904,,,,,,,,,,,,,,,,,,,,,,,,,,,,,,,,,
BAU,0,,RAW_MAT_CLK,,2033,,7.69224,7.69224,7.69224,7.69224,,,,,,,,,,,,,,,,,,,,,,,,,,,,,,,,,
BAU,0,,RAW_MAT_CLK,,2034,,8.23062,8.23062,8.23062,8.23062,,,,,,,,,,,,,,,,,,,,,,,,,,,,,,,,,
BAU,0,,RAW_MAT_CLK,,2035,,8.80661,8.80661,8.80661,8.80661,,,,,,,,,,,,,,,,,,,,,,,,,,,,,,,,,
BAU,0,,RAW_MAT_CLK,,2036,,9.42294,9.42294,9.42294,9.42294,,,,,,,,,,,,,,,,,,,,,,,,,,,,,,,,,
BAU,0,,RAW_MAT_CLK,,2037,,10.0809,10.0809,10.0809,10.0809,,,,,,,,,,,,,,,,,,,,,,,,,,,,,,,,,
BAU,0,,RAW_MAT_CLK,,2038,,10.7863,10.7863,10.7863,10.7863,,,,,,,,,,,,,,,,,,,,,,,,,,,,,,,,,
BAU,0,,RAW_MAT_CLK,,2039,,11.541,11.541,11.541,11.541,,,,,,,,,,,,,,,,,,,,,,,,,,,,,,,,,
BAU,0,,RAW_MAT_CLK,,2040,,12.3485,12.3485,12.3485,12.3485,,,,,,,,,,,,,,,,,,,,,,,,,,,,,,,,,
BAU,0,,RAW_MAT_CLK,,2041,,13.2125,13.2125,13.2125,13.2125,,,,,,,,,,,,,,,,,,,,,,,,,,,,,,,,,
BAU,0,,RAW_MAT_CLK,,2042,,14.1368,14.1368,14.1368,14.1368,,,,,,,,,,,,,,,,,,,,,,,,,,,,,,,,,
BAU,0,,RAW_MAT_CLK,,2043,,15.1257,15.1257,15.1257,15.1257,,,,,,,,,,,,,,,,,,,,,,,,,,,,,,,,,
BAU,0,,RAW_MAT_CLK,,2044,,16.1839,16.1839,16.1839,16.1839,,,,,,,,,,,,,,,,,,,,,,,,,,,,,,,,,
BAU,0,,RAW_MAT_CLK,,2045,,17.3159,17.3159,17.3159,17.3159,,,,,,,,,,,,,,,,,,,,,,,,,,,,,,,,,
BAU,0,,RAW_MAT_CLK,,2046,,18.5271,18.5271,18.5271,18.5271,,,,,,,,,,,,,,,,,,,,,,,,,,,,,,,,,
BAU,0,,RAW_MAT_CLK,,2047,,19.8229,19.8229,19.8229,19.8229,,,,,,,,,,,,,,,,,,,,,,,,,,,,,,,,,
BAU,0,,RAW_MAT_CLK,,2048,,21.2093,21.2093,21.2093,21.2093,,,,,,,,,,,,,,,,,,,,,,,,,,,,,,,,,
BAU,0,,RAW_MAT_CLK,,2049,,22.6926,22.6926,22.6926,22.6926,,,,,,,,,,,,,,,,,,,,,,,,,,,,,,,,,
BAU,0,,RAW_MAT_CLK,,2050,,24.2796,24.2796,24.2796,24.2796,,,,,,,,,,,,,,,,,,,,,,,,,,,,,,,,,
BAU,0,,RAW_MAT_CEM,,2018,,0.851171,0.851171,0.851171,0.851171,,,,,,,,,,,,,,,,,,,,,,,,,,,,,,,,,
BAU,0,,RAW_MAT_CEM,,2019,,0.944126,0.944126,0.944126,0.944126,,,,,,,,,,,,,,,,,,,,,,,,,,,,,,,,,
BAU,0,,RAW_MAT_CEM,,2020,,1.13329,1.13329,1.13329,1.13329,,,,,,,,,,,,,,,,,,,,,,,,,,,,,,,,,
BAU,0,,RAW_MAT_CEM,,2021,,1.4073,1.4073,1.4073,1.4073,,,,,,,,,,,,,,,,,,,,,,,,,,,,,,,,,
BAU,0,,RAW_MAT_CEM,,2022,,1.49239,1.49239,1.49239,1.49239,,,,,,,,,,,,,,,,,,,,,,,,,,,,,,,,,
BAU,0,,RAW_MAT_CEM,,2023,,1.79802,1.79802,1.79802,1.79802,,,,,,,,,,,,,,,,,,,,,,,,,,,,,,,,,
BAU,0,,RAW_MAT_CEM,,2024,,1.91235,1.91235,1.91235,1.91235,,,,,,,,,,,,,,,,,,,,,,,,,,,,,,,,,
BAU,0,,RAW_MAT_CEM,,2025,,2.03394,2.03394,2.03394,2.03394,,,,,,,,,,,,,,,,,,,,,,,,,,,,,,,,,
BAU,0,,RAW_MAT_CEM,,2026,,2.1632,2.1632,2.1632,2.1632,,,,,,,,,,,,,,,,,,,,,,,,,,,,,,,,,
BAU,0,,RAW_MAT_CEM,,2027,,2.30064,2.30064,2.30064,2.30064,,,,,,,,,,,,,,,,,,,,,,,,,,,,,,,,,
BAU,0,,RAW_MAT_CEM,,2028,,2.44678,2.44678,2.44678,2.44678,,,,,,,,,,,,,,,,,,,,,,,,,,,,,,,,,
BAU,0,,RAW_MAT_CEM,,2029,,2.60214,2.60214,2.60214,2.60214,,,,,,,,,,,,,,,,,,,,,,,,,,,,,,,,,
BAU,0,,RAW_MAT_CEM,,2030,,2.76732,2.76732,2.76732,2.76732,,,,,,,,,,,,,,,,,,,,,,,,,,,,,,,,,
BAU,0,,RAW_MAT_CEM,,2031,,2.94295,2.94295,2.94295,2.94295,,,,,,,,,,,,,,,,,,,,,,,,,,,,,,,,,
BAU,0,,RAW_MAT_CEM,,2032,,3.12966,3.12966,3.12966,3.12966,,,,,,,,,,,,,,,,,,,,,,,,,,,,,,,,,
BAU,0,,RAW_MAT_CEM,,2033,,3.32816,3.32816,3.32816,3.32816,,,,,,,,,,,,,,,,,,,,,,,,,,,,,,,,,
BAU,0,,RAW_MAT_CEM,,2034,,3.53918,3.53918,3.53918,3.53918,,,,,,,,,,,,,,,,,,,,,,,,,,,,,,,,,
BAU,0,,RAW_MAT_CEM,,2035,,3.76349,3.76349,3.76349,3.76349,,,,,,,,,,,,,,,,,,,,,,,,,,,,,,,,,
BAU,0,,RAW_MAT_CEM,,2036,,4.00196,4.00196,4.00196,4.00196,,,,,,,,,,,,,,,,,,,,,,,,,,,,,,,,,
BAU,0,,RAW_MAT_CEM,,2037,,4.25689,4.25689,4.25689,4.25689,,,,,,,,,,,,,,,,,,,,,,,,,,,,,,,,,
BAU,0,,RAW_MAT_CEM,,2038,,4.52643,4.52643,4.52643,4.52643,,,,,,,,,,,,,,,,,,,,,,,,,,,,,,,,,
BAU,0,,RAW_MAT_CEM,,2039,,4.81298,4.81298,4.81298,4.81298,,,,,,,,,,,,,,,,,,,,,,,,,,,,,,,,,
BAU,0,,RAW_MAT_CEM,,2040,,5.11757,5.11757,5.11757,5.11757,,,,,,,,,,,,,,,,,,,,,,,,,,,,,,,,,
BAU,0,,RAW_MAT_CEM,,2041,,5.44131,5.44131,5.44131,5.44131,,,,,,,,,,,,,,,,,,,,,,,,,,,,,,,,,
BAU,0,,RAW_MAT_CEM,,2042,,5.78541,5.78541,5.78541,5.78541,,,,,,,,,,,,,,,,,,,,,,,,,,,,,,,,,
BAU,0,,RAW_MAT_CEM,,2043,,6.15115,6.15115,6.15115,6.15115,,,,,,,,,,,,,,,,,,,,,,,,,,,,,,,,,
BAU,0,,RAW_MAT_CEM,,2044,,6.53991,6.53991,6.53991,6.53991,,,,,,,,,,,,,,,,,,,,,,,,,,,,,,,,,
BAU,0,,RAW_MAT_CEM,,2045,,6.95307,6.95307,6.95307,6.95307,,,,,,,,,,,,,,,,,,,,,,,,,,,,,,,,,
BAU,0,,RAW_MAT_CEM,,2046,,7.39218,7.39218,7.39218,7.39218,,,,,,,,,,,,,,,,,,,,,,,,,,,,,,,,,
BAU,0,,RAW_MAT_CEM,,2047,,7.85886,7.85886,7.85886,7.85886,,,,,,,,,,,,,,,,,,,,,,,,,,,,,,,,,
BAU,0,,RAW_MAT_CEM,,2048,,8.35481,8.35481,8.35481,8.35481,,,,,,,,,,,,,,,,,,,,,,,,,,,,,,,,,
BAU,0,,RAW_MAT_CEM,,2049,,8.88191,8.88191,8.88191,8.88191,,,,,,,,,,,,,,,,,,,,,,,,,,,,,,,,,
BAU,0,,RAW_MAT_CEM,,2050,,9.44205,9.44205,9.44205,9.44205,,,,,,,,,,,,,,,,,,,,,,,,,,,,,,,,,
BAU,0,,LIME_CAL_PROD,,2018,,0.2436,0.2436,0.2436,0.2436,,,,,,,,,,,,,,,,,,,,,,,,,,,,,,,,,
BAU,0,,LIME_CAL_PROD,,2019,,0.3239,0.3239,0.3239,0.3239,,,,,,,,,,,,,,,,,,,,,,,,,,,,,,,,,
BAU,0,,LIME_CAL_PROD,,2020,,0.4235,0.4235,0.4235,0.4235,,,,,,,,,,,,,,,,,,,,,,,,,,,,,,,,,
BAU,0,,LIME_CAL_PROD,,2021,,0.4008,0.4008,0.4008,0.4008,,,,,,,,,,,,,,,,,,,,,,,,,,,,,,,,,
BAU,0,,LIME_CAL_PROD,,2022,,0.4703,0.4703,0.4703,0.4703,,,,,,,,,,,,,,,,,,,,,,,,,,,,,,,,,
BAU,0,,LIME_CAL_PROD,,2023,,0.4882,0.4882,0.4882,0.4882,,,,,,,,,,,,,,,,,,,,,,,,,,,,,,,,,
BAU,0,,LIME_CAL_PROD,,2024,,0.5068,0.5068,0.5068,0.5068,,,,,,,,,,,,,,,,,,,,,,,,,,,,,,,,,
BAU,0,,LIME_CAL_PROD,,2025,,0.526,0.526,0.526,0.526,,,,,,,,,,,,,,,,,,,,,,,,,,,,,,,,,
BAU,0,,LIME_CAL_PROD,,2026,,0.546,0.546,0.546,0.546,,,,,,,,,,,,,,,,,,,,,,,,,,,,,,,,,
BAU,0,,LIME_CAL_PROD,,2027,,0.5667,0.5667,0.5667,0.5667,,,,,,,,,,,,,,,,,,,,,,,,,,,,,,,,,
BAU,0,,LIME_CAL_PROD,,2028,,0.5883,0.5883,0.5883,0.5883,,,,,,,,,,,,,,,,,,,,,,,,,,,,,,,,,
BAU,0,,LIME_CAL_PROD,,2029,,0.6106,0.6106,0.6106,0.6106,,,,,,,,,,,,,,,,,,,,,,,,,,,,,,,,,
BAU,0,,LIME_CAL_PROD,,2030,,0.6338,0.6338,0.6338,0.6338,,,,,,,,,,,,,,,,,,,,,,,,,,,,,,,,,
BAU,0,,LIME_CAL_PROD,,2031,,0.6579,0.6579,0.6579,0.6579,,,,,,,,,,,,,,,,,,,,,,,,,,,,,,,,,
BAU,0,,LIME_CAL_PROD,,2032,,0.6829,0.6829,0.6829,0.6829,,,,,,,,,,,,,,,,,,,,,,,,,,,,,,,,,
BAU,0,,LIME_CAL_PROD,,2033,,0.7089,0.7089,0.7089,0.7089,,,,,,,,,,,,,,,,,,,,,,,,,,,,,,,,,
BAU,0,,LIME_CAL_PROD,,2034,,0.7358,0.7358,0.7358,0.7358,,,,,,,,,,,,,,,,,,,,,,,,,,,,,,,,,
BAU,0,,LIME_CAL_PROD,,2035,,0.7638,0.7638,0.7638,0.7638,,,,,,,,,,,,,,,,,,,,,,,,,,,,,,,,,
BAU,0,,LIME_CAL_PROD,,2036,,0.7928,0.7928,0.7928,0.7928,,,,,,,,,,,,,,,,,,,,,,,,,,,,,,,,,
BAU,0,,LIME_CAL_PROD,,2037,,0.8229,0.8229,0.8229,0.8229,,,,,,,,,,,,,,,,,,,,,,,,,,,,,,,,,
BAU,0,,LIME_CAL_PROD,,2038,,0.8542,0.8542,0.8542,0.8542,,,,,,,,,,,,,,,,,,,,,,,,,,,,,,,,,
BAU,0,,LIME_CAL_PROD,,2039,,0.8867,0.8867,0.8867,0.8867,,,,,,,,,,,,,,,,,,,,,,,,,,,,,,,,,
BAU,0,,LIME_CAL_PROD,,2040,,0.9204,0.9204,0.9204,0.9204,,,,,,,,,,,,,,,,,,,,,,,,,,,,,,,,,
BAU,0,,LIME_CAL_PROD,,2041,,0.9553,0.9553,0.9553,0.9553,,,,,,,,,,,,,,,,,,,,,,,,,,,,,,,,,
BAU,0,,LIME_CAL_PROD,,2042,,0.9916,0.9916,0.9916,0.9916,,,,,,,,,,,,,,,,,,,,,,,,,,,,,,,,,
BAU,0,,LIME_CAL_PROD,,2043,,1.0293,1.0293,1.0293,1.0293,,,,,,,,,,,,,,,,,,,,,,,,,,,,,,,,,
BAU,0,,LIME_CAL_PROD,,2044,,1.0684,1.0684,1.0684,1.0684,,,,,,,,,,,,,,,,,,,,,,,,,,,,,,,,,
BAU,0,,LIME_CAL_PROD,,2045,,1.109,1.109,1.109,1.109,,,,,,,,,,,,,,,,,,,,,,,,,,,,,,,,,
BAU,0,,LIME_CAL_PROD,,2046,,1.1512,1.1512,1.1512,1.1512,,,,,,,,,,,,,,,,,,,,,,,,,,,,,,,,,
BAU,0,,LIME_CAL_PROD,,2047,,1.1949,1.1949,1.1949,1.1949,,,,,,,,,,,,,,,,,,,,,,,,,,,,,,,,,
BAU,0,,LIME_CAL_PROD,,2048,,1.2403,1.2403,1.2403,1.2403,,,,,,,,,,,,,,,,,,,,,,,,,,,,,,,,,
BAU,0,,LIME_CAL_PROD,,2049,,1.2875,1.2875,1.2875,1.2875,,,,,,,,,,,,,,,,,,,,,,,,,,,,,,,,,
BAU,0,,LIME_CAL_PROD,,2050,,1.3364,1.3364,1.3364,1.3364,,,,,,,,,,,,,,,,,,,,,,,,,,,,,,,,,
BAU,0,,LIME_DOL_PROD,,2018,,0.003,0.003,0.003,0.003,,,,,,,,,,,,,,,,,,,,,,,,,,,,,,,,,
BAU,0,,LIME_DOL_PROD,,2019,,0.0188,0.0188,0.0188,0.0188,,,,,,,,,,,,,,,,,,,,,,,,,,,,,,,,,
BAU,0,,LIME_DOL_PROD,,2020,,0.1,0.1,0.1,0.1,,,,,,,,,,,,,,,,,,,,,,,,,,,,,,,,,
BAU,0,,LIME_DOL_PROD,,2021,,0.1081,0.1081,0.1081,0.1081,,,,,,,,,,,,,,,,,,,,,,,,,,,,,,,,,
BAU,0,,LIME_DOL_PROD,,2022,,0.1169,0.1169,0.1169,0.1169,,,,,,,,,,,,,,,,,,,,,,,,,,,,,,,,,
BAU,0,,LIME_DOL_PROD,,2023,,0.1213,0.1213,0.1213,0.1213,,,,,,,,,,,,,,,,,,,,,,,,,,,,,,,,,
BAU,0,,LIME_DOL_PROD,,2024,,0.1259,0.1259,0.1259,0.1259,,,,,,,,,,,,,,,,,,,,,,,,,,,,,,,,,
BAU,0,,LIME_DOL_PROD,,2025,,0.1307,0.1307,0.1307,0.1307,,,,,,,,,,,,,,,,,,,,,,,,,,,,,,,,,
BAU,0,,LIME_DOL_PROD,,2026,,0.1356,0.1356,0.1356,0.1356,,,,,,,,,,,,,,,,,,,,,,,,,,,,,,,,,
BAU,0,,LIME_DOL_PROD,,2027,,0.1408,0.1408,0.1408,0.1408,,,,,,,,,,,,,,,,,,,,,,,,,,,,,,,,,
BAU,0,,LIME_DOL_PROD,,2028,,0.1462,0.1462,0.1462,0.1462,,,,,,,,,,,,,,,,,,,,,,,,,,,,,,,,,
BAU,0,,LIME_DOL_PROD,,2029,,0.1517,0.1517,0.1517,0.1517,,,,,,,,,,,,,,,,,,,,,,,,,,,,,,,,,
BAU,0,,LIME_DOL_PROD,,2030,,0.1575,0.1575,0.1575,0.1575,,,,,,,,,,,,,,,,,,,,,,,,,,,,,,,,,
BAU,0,,LIME_DOL_PROD,,2031,,0.1635,0.1635,0.1635,0.1635,,,,,,,,,,,,,,,,,,,,,,,,,,,,,,,,,
BAU,0,,LIME_DOL_PROD,,2032,,0.1697,0.1697,0.1697,0.1697,,,,,,,,,,,,,,,,,,,,,,,,,,,,,,,,,
BAU,0,,LIME_DOL_PROD,,2033,,0.1761,0.1761,0.1761,0.1761,,,,,,,,,,,,,,,,,,,,,,,,,,,,,,,,,
BAU,0,,LIME_DOL_PROD,,2034,,0.1828,0.1828,0.1828,0.1828,,,,,,,,,,,,,,,,,,,,,,,,,,,,,,,,,
BAU,0,,LIME_DOL_PROD,,2035,,0.1898,0.1898,0.1898,0.1898,,,,,,,,,,,,,,,,,,,,,,,,,,,,,,,,,
BAU,0,,LIME_DOL_PROD,,2036,,0.197,0.197,0.197,0.197,,,,,,,,,,,,,,,,,,,,,,,,,,,,,,,,,
BAU,0,,LIME_DOL_PROD,,2037,,0.2045,0.2045,0.2045,0.2045,,,,,,,,,,,,,,,,,,,,,,,,,,,,,,,,,
BAU,0,,LIME_DOL_PROD,,2038,,0.2122,0.2122,0.2122,0.2122,,,,,,,,,,,,,,,,,,,,,,,,,,,,,,,,,
BAU,0,,LIME_DOL_PROD,,2039,,0.2203,0.2203,0.2203,0.2203,,,,,,,,,,,,,,,,,,,,,,,,,,,,,,,,,
BAU,0,,LIME_DOL_PROD,,2040,,0.2287,0.2287,0.2287,0.2287,,,,,,,,,,,,,,,,,,,,,,,,,,,,,,,,,
BAU,0,,LIME_DOL_PROD,,2041,,0.2373,0.2373,0.2373,0.2373,,,,,,,,,,,,,,,,,,,,,,,,,,,,,,,,,
BAU,0,,LIME_DOL_PROD,,2042,,0.2464,0.2464,0.2464,0.2464,,,,,,,,,,,,,,,,,,,,,,,,,,,,,,,,,
BAU,0,,LIME_DOL_PROD,,2043,,0.2557,0.2557,0.2557,0.2557,,,,,,,,,,,,,,,,,,,,,,,,,,,,,,,,,
BAU,0,,LIME_DOL_PROD,,2044,,0.2654,0.2654,0.2654,0.2654,,,,,,,,,,,,,,,,,,,,,,,,,,,,,,,,,
BAU,0,,LIME_DOL_PROD,,2045,,0.2755,0.2755,0.2755,0.2755,,,,,,,,,,,,,,,,,,,,,,,,,,,,,,,,,
BAU,0,,LIME_DOL_PROD,,2046,,0.286,0.286,0.286,0.286,,,,,,,,,,,,,,,,,,,,,,,,,,,,,,,,,
BAU,0,,LIME_DOL_PROD,,2047,,0.2969,0.2969,0.2969,0.2969,,,,,,,,,,,,,,,,,,,,,,,,,,,,,,,,,
BAU,0,,LIME_DOL_PROD,,2048,,0.3081,0.3081,0.3081,0.3081,,,,,,,,,,,,,,,,,,,,,,,,,,,,,,,,,
BAU,0,,LIME_DOL_PROD,,2049,,0.3199,0.3199,0.3199,0.3199,,,,,,,,,,,,,,,,,,,,,,,,,,,,,,,,,
BAU,0,,LIME_DOL_PROD,,2050,,0.332,0.332,0.332,0.332,,,,,,,,,,,,,,,,,,,,,,,,,,,,,,,,,
BAU,0,,GLASS_PROD,,2018,,0.1146,0.1146,0.1146,0.1146,,,,,,,,,,,,,,,,,,,,,,,,,,,,,,,,,
BAU,0,,GLASS_PROD,,2019,,0.1375,0.1375,0.1375,0.1375,,,,,,,,,,,,,,,,,,,,,,,,,,,,,,,,,
BAU,0,,GLASS_PROD,,2020,,0.1796,0.1796,0.1796,0.1796,,,,,,,,,,,,,,,,,,,,,,,,,,,,,,,,,
BAU,0,,GLASS_PROD,,2021,,0.1979,0.1979,0.1979,0.1979,,,,,,,,,,,,,,,,,,,,,,,,,,,,,,,,,
BAU,0,,GLASS_PROD,,2022,,0.1714,0.1714,0.1714,0.1714,,,,,,,,,,,,,,,,,,,,,,,,,,,,,,,,,
BAU,0,,GLASS_PROD,,2023,,0.1779,0.1779,0.1779,0.1779,,,,,,,,,,,,,,,,,,,,,,,,,,,,,,,,,
BAU,0,,GLASS_PROD,,2024,,0.1846,0.1846,0.1846,0.1846,,,,,,,,,,,,,,,,,,,,,,,,,,,,,,,,,
BAU,0,,GLASS_PROD,,2025,,0.1917,0.1917,0.1917,0.1917,,,,,,,,,,,,,,,,,,,,,,,,,,,,,,,,,
BAU,0,,GLASS_PROD,,2026,,0.1989,0.1989,0.1989,0.1989,,,,,,,,,,,,,,,,,,,,,,,,,,,,,,,,,
BAU,0,,GLASS_PROD,,2027,,0.2065,0.2065,0.2065,0.2065,,,,,,,,,,,,,,,,,,,,,,,,,,,,,,,,,
BAU,0,,GLASS_PROD,,2028,,0.2143,0.2143,0.2143,0.2143,,,,,,,,,,,,,,,,,,,,,,,,,,,,,,,,,
BAU,0,,GLASS_PROD,,2029,,0.2225,0.2225,0.2225,0.2225,,,,,,,,,,,,,,,,,,,,,,,,,,,,,,,,,
BAU,0,,GLASS_PROD,,2030,,0.2309,0.2309,0.2309,0.2309,,,,,,,,,,,,,,,,,,,,,,,,,,,,,,,,,
BAU,0,,GLASS_PROD,,2031,,0.2397,0.2397,0.2397,0.2397,,,,,,,,,,,,,,,,,,,,,,,,,,,,,,,,,
BAU,0,,GLASS_PROD,,2032,,0.2488,0.2488,0.2488,0.2488,,,,,,,,,,,,,,,,,,,,,,,,,,,,,,,,,
BAU,0,,GLASS_PROD,,2033,,0.2583,0.2583,0.2583,0.2583,,,,,,,,,,,,,,,,,,,,,,,,,,,,,,,,,
BAU,0,,GLASS_PROD,,2034,,0.2681,0.2681,0.2681,0.2681,,,,,,,,,,,,,,,,,,,,,,,,,,,,,,,,,
BAU,0,,GLASS_PROD,,2035,,0.2783,0.2783,0.2783,0.2783,,,,,,,,,,,,,,,,,,,,,,,,,,,,,,,,,
BAU,0,,GLASS_PROD,,2036,,0.2889,0.2889,0.2889,0.2889,,,,,,,,,,,,,,,,,,,,,,,,,,,,,,,,,
BAU,0,,GLASS_PROD,,2037,,0.2998,0.2998,0.2998,0.2998,,,,,,,,,,,,,,,,,,,,,,,,,,,,,,,,,
BAU,0,,GLASS_PROD,,2038,,0.3112,0.3112,0.3112,0.3112,,,,,,,,,,,,,,,,,,,,,,,,,,,,,,,,,
BAU,0,,GLASS_PROD,,2039,,0.3231,0.3231,0.3231,0.3231,,,,,,,,,,,,,,,,,,,,,,,,,,,,,,,,,
BAU,0,,GLASS_PROD,,2040,,0.3353,0.3353,0.3353,0.3353,,,,,,,,,,,,,,,,,,,,,,,,,,,,,,,,,
BAU,0,,GLASS_PROD,,2041,,0.3481,0.3481,0.3481,0.3481,,,,,,,,,,,,,,,,,,,,,,,,,,,,,,,,,
BAU,0,,GLASS_PROD,,2042,,0.3613,0.3613,0.3613,0.3613,,,,,,,,,,,,,,,,,,,,,,,,,,,,,,,,,
BAU,0,,GLASS_PROD,,2043,,0.375,0.375,0.375,0.375,,,,,,,,,,,,,,,,,,,,,,,,,,,,,,,,,
BAU,0,,GLASS_PROD,,2044,,0.3893,0.3893,0.3893,0.3893,,,,,,,,,,,,,,,,,,,,,,,,,,,,,,,,,
BAU,0,,GLASS_PROD,,2045,,0.4041,0.4041,0.4041,0.4041,,,,,,,,,,,,,,,,,,,,,,,,,,,,,,,,,
BAU,0,,GLASS_PROD,,2046,,0.4194,0.4194,0.4194,0.4194,,,,,,,,,,,,,,,,,,,,,,,,,,,,,,,,,
BAU,0,,GLASS_PROD,,2047,,0.4354,0.4354,0.4354,0.4354,,,,,,,,,,,,,,,,,,,,,,,,,,,,,,,,,
BAU,0,,GLASS_PROD,,2048,,0.4519,0.4519,0.4519,0.4519,,,,,,,,,,,,,,,,,,,,,,,,,,,,,,,,,
BAU,0,,GLASS_PROD,,2049,,0.4691,0.4691,0.4691,0.4691,,,,,,,,,,,,,,,,,,,,,,,,,,,,,,,,,
BAU,0,,GLASS_PROD,,2050,,0.4869,0.4869,0.4869,0.4869,,,,,,,,,,,,,,,,,,,,,,,,,,,,,,,,,
BAU,0,,CARBONATE_CERAMICS,,2018,,0.0593,0.0593,0.0593,0.0593,,,,,,,,,,,,,,,,,,,,,,,,,,,,,,,,,
BAU,0,,CARBONATE_CERAMICS,,2019,,0.0066,0.0066,0.0066,0.0066,,,,,,,,,,,,,,,,,,,,,,,,,,,,,,,,,
BAU,0,,CARBONATE_CERAMICS,,2020,,0.0205,0.0205,0.0205,0.0205,,,,,,,,,,,,,,,,,,,,,,,,,,,,,,,,,
BAU,0,,CARBONATE_CERAMICS,,2021,,0.0248,0.0248,0.0248,0.0248,,,,,,,,,,,,,,,,,,,,,,,,,,,,,,,,,
BAU,0,,CARBONATE_CERAMICS,,2022,,0.0301,0.0301,0.0301,0.0301,,,,,,,,,,,,,,,,,,,,,,,,,,,,,,,,,
BAU,0,,CARBONATE_CERAMICS,,2023,,0.0312,0.0312,0.0312,0.0312,,,,,,,,,,,,,,,,,,,,,,,,,,,,,,,,,
BAU,0,,CARBONATE_CERAMICS,,2024,,0.0324,0.0324,0.0324,0.0324,,,,,,,,,,,,,,,,,,,,,,,,,,,,,,,,,
BAU,0,,CARBONATE_CERAMICS,,2025,,0.0336,0.0336,0.0336,0.0336,,,,,,,,,,,,,,,,,,,,,,,,,,,,,,,,,
BAU,0,,CARBONATE_CERAMICS,,2026,,0.0349,0.0349,0.0349,0.0349,,,,,,,,,,,,,,,,,,,,,,,,,,,,,,,,,
BAU,0,,CARBONATE_CERAMICS,,2027,,0.0362,0.0362,0.0362,0.0362,,,,,,,,,,,,,,,,,,,,,,,,,,,,,,,,,
BAU,0,,CARBONATE_CERAMICS,,2028,,0.0376,0.0376,0.0376,0.0376,,,,,,,,,,,,,,,,,,,,,,,,,,,,,,,,,
BAU,0,,CARBONATE_CERAMICS,,2029,,0.039,0.039,0.039,0.039,,,,,,,,,,,,,,,,,,,,,,,,,,,,,,,,,
BAU,0,,CARBONATE_CERAMICS,,2030,,0.0405,0.0405,0.0405,0.0405,,,,,,,,,,,,,,,,,,,,,,,,,,,,,,,,,
BAU,0,,CARBONATE_CERAMICS,,2031,,0.0421,0.0421,0.0421,0.0421,,,,,,,,,,,,,,,,,,,,,,,,,,,,,,,,,
BAU,0,,CARBONATE_CERAMICS,,2032,,0.0437,0.0437,0.0437,0.0437,,,,,,,,,,,,,,,,,,,,,,,,,,,,,,,,,
BAU,0,,CARBONATE_CERAMICS,,2033,,0.0453,0.0453,0.0453,0.0453,,,,,,,,,,,,,,,,,,,,,,,,,,,,,,,,,
BAU,0,,CARBONATE_CERAMICS,,2034,,0.047,0.047,0.047,0.047,,,,,,,,,,,,,,,,,,,,,,,,,,,,,,,,,
BAU,0,,CARBONATE_CERAMICS,,2035,,0.0488,0.0488,0.0488,0.0488,,,,,,,,,,,,,,,,,,,,,,,,,,,,,,,,,
BAU,0,,CARBONATE_CERAMICS,,2036,,0.0507,0.0507,0.0507,0.0507,,,,,,,,,,,,,,,,,,,,,,,,,,,,,,,,,
BAU,0,,CARBONATE_CERAMICS,,2037,,0.0526,0.0526,0.0526,0.0526,,,,,,,,,,,,,,,,,,,,,,,,,,,,,,,,,
BAU,0,,CARBONATE_CERAMICS,,2038,,0.0546,0.0546,0.0546,0.0546,,,,,,,,,,,,,,,,,,,,,,,,,,,,,,,,,
BAU,0,,CARBONATE_CERAMICS,,2039,,0.0567,0.0567,0.0567,0.0567,,,,,,,,,,,,,,,,,,,,,,,,,,,,,,,,,
BAU,0,,CARBONATE_CERAMICS,,2040,,0.0588,0.0588,0.0588,0.0588,,,,,,,,,,,,,,,,,,,,,,,,,,,,,,,,,
BAU,0,,CARBONATE_CERAMICS,,2041,,0.0611,0.0611,0.0611,0.0611,,,,,,,,,,,,,,,,,,,,,,,,,,,,,,,,,
BAU,0,,CARBONATE_CERAMICS,,2042,,0.0634,0.0634,0.0634,0.0634,,,,,,,,,,,,,,,,,,,,,,,,,,,,,,,,,
BAU,0,,CARBONATE_CERAMICS,,2043,,0.0658,0.0658,0.0658,0.0658,,,,,,,,,,,,,,,,,,,,,,,,,,,,,,,,,
BAU,0,,CARBONATE_CERAMICS,,2044,,0.0683,0.0683,0.0683,0.0683,,,,,,,,,,,,,,,,,,,,,,,,,,,,,,,,,
BAU,0,,CARBONATE_CERAMICS,,2045,,0.0709,0.0709,0.0709,0.0709,,,,,,,,,,,,,,,,,,,,,,,,,,,,,,,,,
BAU,0,,CARBONATE_CERAMICS,,2046,,0.0736,0.0736,0.0736,0.0736,,,,,,,,,,,,,,,,,,,,,,,,,,,,,,,,,
BAU,0,,CARBONATE_CERAMICS,,2047,,0.0764,0.0764,0.0764,0.0764,,,,,,,,,,,,,,,,,,,,,,,,,,,,,,,,,
BAU,0,,CARBONATE_CERAMICS,,2048,,0.0793,0.0793,0.0793,0.0793,,,,,,,,,,,,,,,,,,,,,,,,,,,,,,,,,
BAU,0,,CARBONATE_CERAMICS,,2049,,0.0823,0.0823,0.0823,0.0823,,,,,,,,,,,,,,,,,,,,,,,,,,,,,,,,,
BAU,0,,CARBONATE_CERAMICS,,2050,,0.0854,0.0854,0.0854,0.0854,,,,,,,,,,,,,,,,,,,,,,,,,,,,,,,,,
BAU,0,,CARBONATE_ASH,,2018,,0.0216,0.0216,0.0216,0.0216,,,,,,,,,,,,,,,,,,,,,,,,,,,,,,,,,
BAU,0,,CARBONATE_ASH,,2019,,0.0308,0.0308,0.0308,0.0308,,,,,,,,,,,,,,,,,,,,,,,,,,,,,,,,,
BAU,0,,CARBONATE_ASH,,2020,,0.0288,0.0288,0.0288,0.0288,,,,,,,,,,,,,,,,,,,,,,,,,,,,,,,,,
BAU,0,,CARBONATE_ASH,,2021,,0.0356,0.0356,0.0356,0.0356,,,,,,,,,,,,,,,,,,,,,,,,,,,,,,,,,
BAU,0,,CARBONATE_ASH,,2022,,0.0367,0.0367,0.0367,0.0367,,,,,,,,,,,,,,,,,,,,,,,,,,,,,,,,,
BAU,0,,CARBONATE_ASH,,2023,,0.0381,0.0381,0.0381,0.0381,,,,,,,,,,,,,,,,,,,,,,,,,,,,,,,,,
BAU,0,,CARBONATE_ASH,,2024,,0.0396,0.0396,0.0396,0.0396,,,,,,,,,,,,,,,,,,,,,,,,,,,,,,,,,
BAU,0,,CARBONATE_ASH,,2025,,0.0411,0.0411,0.0411,0.0411,,,,,,,,,,,,,,,,,,,,,,,,,,,,,,,,,
BAU,0,,CARBONATE_ASH,,2026,,0.0426,0.0426,0.0426,0.0426,,,,,,,,,,,,,,,,,,,,,,,,,,,,,,,,,
BAU,0,,CARBONATE_ASH,,2027,,0.0443,0.0443,0.0443,0.0443,,,,,,,,,,,,,,,,,,,,,,,,,,,,,,,,,
BAU,0,,CARBONATE_ASH,,2028,,0.0459,0.0459,0.0459,0.0459,,,,,,,,,,,,,,,,,,,,,,,,,,,,,,,,,
BAU,0,,CARBONATE_ASH,,2029,,0.0477,0.0477,0.0477,0.0477,,,,,,,,,,,,,,,,,,,,,,,,,,,,,,,,,
BAU,0,,CARBONATE_ASH,,2030,,0.0495,0.0495,0.0495,0.0495,,,,,,,,,,,,,,,,,,,,,,,,,,,,,,,,,
BAU,0,,CARBONATE_ASH,,2031,,0.0514,0.0514,0.0514,0.0514,,,,,,,,,,,,,,,,,,,,,,,,,,,,,,,,,
BAU,0,,CARBONATE_ASH,,2032,,0.0533,0.0533,0.0533,0.0533,,,,,,,,,,,,,,,,,,,,,,,,,,,,,,,,,
BAU,0,,CARBONATE_ASH,,2033,,0.0554,0.0554,0.0554,0.0554,,,,,,,,,,,,,,,,,,,,,,,,,,,,,,,,,
BAU,0,,CARBONATE_ASH,,2034,,0.0575,0.0575,0.0575,0.0575,,,,,,,,,,,,,,,,,,,,,,,,,,,,,,,,,
BAU,0,,CARBONATE_ASH,,2035,,0.0596,0.0596,0.0596,0.0596,,,,,,,,,,,,,,,,,,,,,,,,,,,,,,,,,
BAU,0,,CARBONATE_ASH,,2036,,0.0619,0.0619,0.0619,0.0619,,,,,,,,,,,,,,,,,,,,,,,,,,,,,,,,,
BAU,0,,CARBONATE_ASH,,2037,,0.0643,0.0643,0.0643,0.0643,,,,,,,,,,,,,,,,,,,,,,,,,,,,,,,,,
BAU,0,,CARBONATE_ASH,,2038,,0.0667,0.0667,0.0667,0.0667,,,,,,,,,,,,,,,,,,,,,,,,,,,,,,,,,
BAU,0,,CARBONATE_ASH,,2039,,0.0692,0.0692,0.0692,0.0692,,,,,,,,,,,,,,,,,,,,,,,,,,,,,,,,,
BAU,0,,CARBONATE_ASH,,2040,,0.0719,0.0719,0.0719,0.0719,,,,,,,,,,,,,,,,,,,,,,,,,,,,,,,,,
BAU,0,,CARBONATE_ASH,,2041,,0.0746,0.0746,0.0746,0.0746,,,,,,,,,,,,,,,,,,,,,,,,,,,,,,,,,
BAU,0,,CARBONATE_ASH,,2042,,0.0774,0.0774,0.0774,0.0774,,,,,,,,,,,,,,,,,,,,,,,,,,,,,,,,,
BAU,0,,CARBONATE_ASH,,2043,,0.0804,0.0804,0.0804,0.0804,,,,,,,,,,,,,,,,,,,,,,,,,,,,,,,,,
BAU,0,,CARBONATE_ASH,,2044,,0.0834,0.0834,0.0834,0.0834,,,,,,,,,,,,,,,,,,,,,,,,,,,,,,,,,
BAU,0,,CARBONATE_ASH,,2045,,0.0866,0.0866,0.0866,0.0866,,,,,,,,,,,,,,,,,,,,,,,,,,,,,,,,,
BAU,0,,CARBONATE_ASH,,2046,,0.0899,0.0899,0.0899,0.0899,,,,,,,,,,,,,,,,,,,,,,,,,,,,,,,,,
BAU,0,,CARBONATE_ASH,,2047,,0.0933,0.0933,0.0933,0.0933,,,,,,,,,,,,,,,,,,,,,,,,,,,,,,,,,
BAU,0,,CARBONATE_ASH,,2048,,0.0968,0.0968,0.0968,0.0968,,,,,,,,,,,,,,,,,,,,,,,,,,,,,,,,,
BAU,0,,CARBONATE_ASH,,2049,,0.1005,0.1005,0.1005,0.1005,,,,,,,,,,,,,,,,,,,,,,,,,,,,,,,,,
BAU,0,,CARBONATE_ASH,,2050,,0.1043,0.1043,0.1043,0.1043,,,,,,,,,,,,,,,,,,,,,,,,,,,,,,,,,
BAU,0,,IRON_STEEL,,2018,,0.2812,0.2812,0.2812,0.2812,,,,,,,,,,,,,,,,,,,,,,,,,,,,,,,,,
BAU,0,,IRON_STEEL,,2019,,0.294,0.294,0.294,0.294,,,,,,,,,,,,,,,,,,,,,,,,,,,,,,,,,
BAU,0,,IRON_STEEL,,2020,,0.3069,0.3069,0.3069,0.3069,,,,,,,,,,,,,,,,,,,,,,,,,,,,,,,,,
BAU,0,,IRON_STEEL,,2021,,0.2711,0.2711,0.2711,0.2711,,,,,,,,,,,,,,,,,,,,,,,,,,,,,,,,,
BAU,0,,IRON_STEEL,,2022,,0.1335,0.1335,0.1335,0.1335,,,,,,,,,,,,,,,,,,,,,,,,,,,,,,,,,
BAU,0,,IRON_STEEL,,2023,,0.1386,0.1386,0.1386,0.1386,,,,,,,,,,,,,,,,,,,,,,,,,,,,,,,,,
BAU,0,,IRON_STEEL,,2024,,0.1438,0.1438,0.1438,0.1438,,,,,,,,,,,,,,,,,,,,,,,,,,,,,,,,,
BAU,0,,IRON_STEEL,,2025,,0.1493,0.1493,0.1493,0.1493,,,,,,,,,,,,,,,,,,,,,,,,,,,,,,,,,
BAU,0,,IRON_STEEL,,2026,,0.155,0.155,0.155,0.155,,,,,,,,,,,,,,,,,,,,,,,,,,,,,,,,,
BAU,0,,IRON_STEEL,,2027,,0.1609,0.1609,0.1609,0.1609,,,,,,,,,,,,,,,,,,,,,,,,,,,,,,,,,
BAU,0,,IRON_STEEL,,2028,,0.167,0.167,0.167,0.167,,,,,,,,,,,,,,,,,,,,,,,,,,,,,,,,,
BAU,0,,IRON_STEEL,,2029,,0.1733,0.1733,0.1733,0.1733,,,,,,,,,,,,,,,,,,,,,,,,,,,,,,,,,
BAU,0,,IRON_STEEL,,2030,,0.1799,0.1799,0.1799,0.1799,,,,,,,,,,,,,,,,,,,,,,,,,,,,,,,,,
BAU,0,,IRON_STEEL,,2031,,0.1867,0.1867,0.1867,0.1867,,,,,,,,,,,,,,,,,,,,,,,,,,,,,,,,,
BAU,0,,IRON_STEEL,,2032,,0.1938,0.1938,0.1938,0.1938,,,,,,,,,,,,,,,,,,,,,,,,,,,,,,,,,
BAU,0,,IRON_STEEL,,2033,,0.2012,0.2012,0.2012,0.2012,,,,,,,,,,,,,,,,,,,,,,,,,,,,,,,,,
BAU,0,,IRON_STEEL,,2034,,0.2089,0.2089,0.2089,0.2089,,,,,,,,,,,,,,,,,,,,,,,,,,,,,,,,,
BAU,0,,IRON_STEEL,,2035,,0.2168,0.2168,0.2168,0.2168,,,,,,,,,,,,,,,,,,,,,,,,,,,,,,,,,
BAU,0,,IRON_STEEL,,2036,,0.225,0.225,0.225,0.225,,,,,,,,,,,,,,,,,,,,,,,,,,,,,,,,,
BAU,0,,IRON_STEEL,,2037,,0.2336,0.2336,0.2336,0.2336,,,,,,,,,,,,,,,,,,,,,,,,,,,,,,,,,
BAU,0,,IRON_STEEL,,2038,,0.2425,0.2425,0.2425,0.2425,,,,,,,,,,,,,,,,,,,,,,,,,,,,,,,,,
BAU,0,,IRON_STEEL,,2039,,0.2517,0.2517,0.2517,0.2517,,,,,,,,,,,,,,,,,,,,,,,,,,,,,,,,,
BAU,0,,IRON_STEEL,,2040,,0.2612,0.2612,0.2612,0.2612,,,,,,,,,,,,,,,,,,,,,,,,,,,,,,,,,
BAU,0,,IRON_STEEL,,2041,,0.2712,0.2712,0.2712,0.2712,,,,,,,,,,,,,,,,,,,,,,,,,,,,,,,,,
BAU,0,,IRON_STEEL,,2042,,0.2815,0.2815,0.2815,0.2815,,,,,,,,,,,,,,,,,,,,,,,,,,,,,,,,,
BAU,0,,IRON_STEEL,,2043,,0.2922,0.2922,0.2922,0.2922,,,,,,,,,,,,,,,,,,,,,,,,,,,,,,,,,
BAU,0,,IRON_STEEL,,2044,,0.3033,0.3033,0.3033,0.3033,,,,,,,,,,,,,,,,,,,,,,,,,,,,,,,,,
BAU,0,,IRON_STEEL,,2045,,0.3148,0.3148,0.3148,0.3148,,,,,,,,,,,,,,,,,,,,,,,,,,,,,,,,,
BAU,0,,IRON_STEEL,,2046,,0.3268,0.3268,0.3268,0.3268,,,,,,,,,,,,,,,,,,,,,,,,,,,,,,,,,
BAU,0,,IRON_STEEL,,2047,,0.3392,0.3392,0.3392,0.3392,,,,,,,,,,,,,,,,,,,,,,,,,,,,,,,,,
BAU,0,,IRON_STEEL,,2048,,0.3521,0.3521,0.3521,0.3521,,,,,,,,,,,,,,,,,,,,,,,,,,,,,,,,,
BAU,0,,IRON_STEEL,,2049,,0.3654,0.3654,0.3654,0.3654,,,,,,,,,,,,,,,,,,,,,,,,,,,,,,,,,
BAU,0,,IRON_STEEL,,2050,,0.3793,0.3793,0.3793,0.3793,,,,,,,,,,,,,,,,,,,,,,,,,,,,,,,,,
BAU,0,,PROD_FERRO,,2018,,0.3735,0.3735,0.3735,0.3735,,,,,,,,,,,,,,,,,,,,,,,,,,,,,,,,,
BAU,0,,PROD_FERRO,,2019,,0.4729,0.4729,0.4729,0.4729,,,,,,,,,,,,,,,,,,,,,,,,,,,,,,,,,
BAU,0,,PROD_FERRO,,2020,,0.5724,0.5724,0.5724,0.5724,,,,,,,,,,,,,,,,,,,,,,,,,,,,,,,,,
BAU,0,,PROD_FERRO,,2021,,0.0605,0.0605,0.0605,0.0605,,,,,,,,,,,,,,,,,,,,,,,,,,,,,,,,,
BAU,0,,PROD_FERRO,,2022,,0.0279,0.0279,0.0279,0.0279,,,,,,,,,,,,,,,,,,,,,,,,,,,,,,,,,
BAU,0,,PROD_FERRO,,2023,,0.029,0.029,0.029,0.029,,,,,,,,,,,,,,,,,,,,,,,,,,,,,,,,,
BAU,0,,PROD_FERRO,,2024,,0.0301,0.0301,0.0301,0.0301,,,,,,,,,,,,,,,,,,,,,,,,,,,,,,,,,
BAU,0,,PROD_FERRO,,2025,,0.0312,0.0312,0.0312,0.0312,,,,,,,,,,,,,,,,,,,,,,,,,,,,,,,,,
BAU,0,,PROD_FERRO,,2026,,0.0324,0.0324,0.0324,0.0324,,,,,,,,,,,,,,,,,,,,,,,,,,,,,,,,,
BAU,0,,PROD_FERRO,,2027,,0.0336,0.0336,0.0336,0.0336,,,,,,,,,,,,,,,,,,,,,,,,,,,,,,,,,
BAU,0,,PROD_FERRO,,2028,,0.0349,0.0349,0.0349,0.0349,,,,,,,,,,,,,,,,,,,,,,,,,,,,,,,,,
BAU,0,,PROD_FERRO,,2029,,0.0363,0.0363,0.0363,0.0363,,,,,,,,,,,,,,,,,,,,,,,,,,,,,,,,,
BAU,0,,PROD_FERRO,,2030,,0.0376,0.0376,0.0376,0.0376,,,,,,,,,,,,,,,,,,,,,,,,,,,,,,,,,
BAU,0,,PROD_FERRO,,2031,,0.0391,0.0391,0.0391,0.0391,,,,,,,,,,,,,,,,,,,,,,,,,,,,,,,,,
BAU,0,,PROD_FERRO,,2032,,0.0405,0.0405,0.0405,0.0405,,,,,,,,,,,,,,,,,,,,,,,,,,,,,,,,,
BAU,0,,PROD_FERRO,,2033,,0.0421,0.0421,0.0421,0.0421,,,,,,,,,,,,,,,,,,,,,,,,,,,,,,,,,
BAU,0,,PROD_FERRO,,2034,,0.0437,0.0437,0.0437,0.0437,,,,,,,,,,,,,,,,,,,,,,,,,,,,,,,,,
BAU,0,,PROD_FERRO,,2035,,0.0453,0.0453,0.0453,0.0453,,,,,,,,,,,,,,,,,,,,,,,,,,,,,,,,,
BAU,0,,PROD_FERRO,,2036,,0.0471,0.0471,0.0471,0.0471,,,,,,,,,,,,,,,,,,,,,,,,,,,,,,,,,
BAU,0,,PROD_FERRO,,2037,,0.0489,0.0489,0.0489,0.0489,,,,,,,,,,,,,,,,,,,,,,,,,,,,,,,,,
BAU,0,,PROD_FERRO,,2038,,0.0507,0.0507,0.0507,0.0507,,,,,,,,,,,,,,,,,,,,,,,,,,,,,,,,,
BAU,0,,PROD_FERRO,,2039,,0.0526,0.0526,0.0526,0.0526,,,,,,,,,,,,,,,,,,,,,,,,,,,,,,,,,
BAU,0,,PROD_FERRO,,2040,,0.0546,0.0546,0.0546,0.0546,,,,,,,,,,,,,,,,,,,,,,,,,,,,,,,,,
BAU,0,,PROD_FERRO,,2041,,0.0567,0.0567,0.0567,0.0567,,,,,,,,,,,,,,,,,,,,,,,,,,,,,,,,,
BAU,0,,PROD_FERRO,,2042,,0.0589,0.0589,0.0589,0.0589,,,,,,,,,,,,,,,,,,,,,,,,,,,,,,,,,
BAU,0,,PROD_FERRO,,2043,,0.0611,0.0611,0.0611,0.0611,,,,,,,,,,,,,,,,,,,,,,,,,,,,,,,,,
BAU,0,,PROD_FERRO,,2044,,0.0634,0.0634,0.0634,0.0634,,,,,,,,,,,,,,,,,,,,,,,,,,,,,,,,,
BAU,0,,PROD_FERRO,,2045,,0.0658,0.0658,0.0658,0.0658,,,,,,,,,,,,,,,,,,,,,,,,,,,,,,,,,
BAU,0,,PROD_FERRO,,2046,,0.0683,0.0683,0.0683,0.0683,,,,,,,,,,,,,,,,,,,,,,,,,,,,,,,,,
BAU,0,,PROD_FERRO,,2047,,0.0709,0.0709,0.0709,0.0709,,,,,,,,,,,,,,,,,,,,,,,,,,,,,,,,,
BAU,0,,PROD_FERRO,,2048,,0.0736,0.0736,0.0736,0.0736,,,,,,,,,,,,,,,,,,,,,,,,,,,,,,,,,
BAU,0,,PROD_FERRO,,2049,,0.0764,0.0764,0.0764,0.0764,,,,,,,,,,,,,,,,,,,,,,,,,,,,,,,,,
BAU,0,,PROD_FERRO,,2050,,0.0793,0.0793,0.0793,0.0793,,,,,,,,,,,,,,,,,,,,,,,,,,,,,,,,,
BAU,0,,LUBRI_OILS,,2018,,0.0442,0.0442,0.0442,0.0442,,,,,,,,,,,,,,,,,,,,,,,,,,,,,,,,,
BAU,0,,LUBRI_OILS,,2019,,0.0084,0.0084,0.0084,0.0084,,,,,,,,,,,,,,,,,,,,,,,,,,,,,,,,,
BAU,0,,LUBRI_OILS,,2020,,0.0084,0.0084,0.0084,0.0084,,,,,,,,,,,,,,,,,,,,,,,,,,,,,,,,,
BAU,0,,LUBRI_OILS,,2021,,0.0598,0.0598,0.0598,0.0598,,,,,,,,,,,,,,,,,,,,,,,,,,,,,,,,,
BAU,0,,LUBRI_OILS,,2022,,0.0598,0.0598,0.0598,0.0598,,,,,,,,,,,,,,,,,,,,,,,,,,,,,,,,,
BAU,0,,LUBRI_OILS,,2023,,0.062,0.062,0.062,0.062,,,,,,,,,,,,,,,,,,,,,,,,,,,,,,,,,
BAU,0,,LUBRI_OILS,,2024,,0.0644,0.0644,0.0644,0.0644,,,,,,,,,,,,,,,,,,,,,,,,,,,,,,,,,
BAU,0,,LUBRI_OILS,,2025,,0.0668,0.0668,0.0668,0.0668,,,,,,,,,,,,,,,,,,,,,,,,,,,,,,,,,
BAU,0,,LUBRI_OILS,,2026,,0.0694,0.0694,0.0694,0.0694,,,,,,,,,,,,,,,,,,,,,,,,,,,,,,,,,
BAU,0,,LUBRI_OILS,,2027,,0.072,0.072,0.072,0.072,,,,,,,,,,,,,,,,,,,,,,,,,,,,,,,,,
BAU,0,,LUBRI_OILS,,2028,,0.0747,0.0747,0.0747,0.0747,,,,,,,,,,,,,,,,,,,,,,,,,,,,,,,,,
BAU,0,,LUBRI_OILS,,2029,,0.0776,0.0776,0.0776,0.0776,,,,,,,,,,,,,,,,,,,,,,,,,,,,,,,,,
BAU,0,,LUBRI_OILS,,2030,,0.0805,0.0805,0.0805,0.0805,,,,,,,,,,,,,,,,,,,,,,,,,,,,,,,,,
BAU,0,,LUBRI_OILS,,2031,,0.0836,0.0836,0.0836,0.0836,,,,,,,,,,,,,,,,,,,,,,,,,,,,,,,,,
BAU,0,,LUBRI_OILS,,2032,,0.0868,0.0868,0.0868,0.0868,,,,,,,,,,,,,,,,,,,,,,,,,,,,,,,,,
BAU,0,,LUBRI_OILS,,2033,,0.0901,0.0901,0.0901,0.0901,,,,,,,,,,,,,,,,,,,,,,,,,,,,,,,,,
BAU,0,,LUBRI_OILS,,2034,,0.0935,0.0935,0.0935,0.0935,,,,,,,,,,,,,,,,,,,,,,,,,,,,,,,,,
BAU,0,,LUBRI_OILS,,2035,,0.097,0.097,0.097,0.097,,,,,,,,,,,,,,,,,,,,,,,,,,,,,,,,,
BAU,0,,LUBRI_OILS,,2036,,0.1007,0.1007,0.1007,0.1007,,,,,,,,,,,,,,,,,,,,,,,,,,,,,,,,,
BAU,0,,LUBRI_OILS,,2037,,0.1045,0.1045,0.1045,0.1045,,,,,,,,,,,,,,,,,,,,,,,,,,,,,,,,,
BAU,0,,LUBRI_OILS,,2038,,0.1085,0.1085,0.1085,0.1085,,,,,,,,,,,,,,,,,,,,,,,,,,,,,,,,,
BAU,0,,LUBRI_OILS,,2039,,0.1126,0.1126,0.1126,0.1126,,,,,,,,,,,,,,,,,,,,,,,,,,,,,,,,,
BAU,0,,LUBRI_OILS,,2040,,0.1169,0.1169,0.1169,0.1169,,,,,,,,,,,,,,,,,,,,,,,,,,,,,,,,,
BAU,0,,LUBRI_OILS,,2041,,0.1214,0.1214,0.1214,0.1214,,,,,,,,,,,,,,,,,,,,,,,,,,,,,,,,,
BAU,0,,LUBRI_OILS,,2042,,0.126,0.126,0.126,0.126,,,,,,,,,,,,,,,,,,,,,,,,,,,,,,,,,
BAU,0,,LUBRI_OILS,,2043,,0.1308,0.1308,0.1308,0.1308,,,,,,,,,,,,,,,,,,,,,,,,,,,,,,,,,
BAU,0,,LUBRI_OILS,,2044,,0.1357,0.1357,0.1357,0.1357,,,,,,,,,,,,,,,,,,,,,,,,,,,,,,,,,
BAU,0,,LUBRI_OILS,,2045,,0.1409,0.1409,0.1409,0.1409,,,,,,,,,,,,,,,,,,,,,,,,,,,,,,,,,
BAU,0,,LUBRI_OILS,,2046,,0.1462,0.1462,0.1462,0.1462,,,,,,,,,,,,,,,,,,,,,,,,,,,,,,,,,
BAU,0,,LUBRI_OILS,,2047,,0.1518,0.1518,0.1518,0.1518,,,,,,,,,,,,,,,,,,,,,,,,,,,,,,,,,
BAU,0,,LUBRI_OILS,,2048,,0.1576,0.1576,0.1576,0.1576,,,,,,,,,,,,,,,,,,,,,,,,,,,,,,,,,
BAU,0,,LUBRI_OILS,,2049,,0.1636,0.1636,0.1636,0.1636,,,,,,,,,,,,,,,,,,,,,,,,,,,,,,,,,
BAU,0,,LUBRI_OILS,,2050,,0.1698,0.1698,0.1698,0.1698,,,,,,,,,,,,,,,,,,,,,,,,,,,,,,,,,
BAU,0,,PARAFFIN,,2018,,0.0092,0.0092,0.0092,0.0092,,,,,,,,,,,,,,,,,,,,,,,,,,,,,,,,,
BAU,0,,PARAFFIN,,2019,,0.0019,0.0019,0.0019,0.0019,,,,,,,,,,,,,,,,,,,,,,,,,,,,,,,,,
BAU,0,,PARAFFIN,,2020,,0.0031,0.0031,0.0031,0.0031,,,,,,,,,,,,,,,,,,,,,,,,,,,,,,,,,
BAU,0,,PARAFFIN,,2021,,0.0165,0.0165,0.0165,0.0165,,,,,,,,,,,,,,,,,,,,,,,,,,,,,,,,,
BAU,0,,PARAFFIN,,2022,,0.0167,0.0167,0.0167,0.0167,,,,,,,,,,,,,,,,,,,,,,,,,,,,,,,,,
BAU,0,,PARAFFIN,,2023,,0.0173,0.0173,0.0173,0.0173,,,,,,,,,,,,,,,,,,,,,,,,,,,,,,,,,
BAU,0,,PARAFFIN,,2024,,0.018,0.018,0.018,0.018,,,,,,,,,,,,,,,,,,,,,,,,,,,,,,,,,
BAU,0,,PARAFFIN,,2025,,0.0186,0.0186,0.0186,0.0186,,,,,,,,,,,,,,,,,,,,,,,,,,,,,,,,,
BAU,0,,PARAFFIN,,2026,,0.0194,0.0194,0.0194,0.0194,,,,,,,,,,,,,,,,,,,,,,,,,,,,,,,,,
BAU,0,,PARAFFIN,,2027,,0.0201,0.0201,0.0201,0.0201,,,,,,,,,,,,,,,,,,,,,,,,,,,,,,,,,
BAU,0,,PARAFFIN,,2028,,0.0209,0.0209,0.0209,0.0209,,,,,,,,,,,,,,,,,,,,,,,,,,,,,,,,,
BAU,0,,PARAFFIN,,2029,,0.0216,0.0216,0.0216,0.0216,,,,,,,,,,,,,,,,,,,,,,,,,,,,,,,,,
BAU,0,,PARAFFIN,,2030,,0.0225,0.0225,0.0225,0.0225,,,,,,,,,,,,,,,,,,,,,,,,,,,,,,,,,
BAU,0,,PARAFFIN,,2031,,0.0233,0.0233,0.0233,0.0233,,,,,,,,,,,,,,,,,,,,,,,,,,,,,,,,,
BAU,0,,PARAFFIN,,2032,,0.0242,0.0242,0.0242,0.0242,,,,,,,,,,,,,,,,,,,,,,,,,,,,,,,,,
BAU,0,,PARAFFIN,,2033,,0.0251,0.0251,0.0251,0.0251,,,,,,,,,,,,,,,,,,,,,,,,,,,,,,,,,
BAU,0,,PARAFFIN,,2034,,0.0261,0.0261,0.0261,0.0261,,,,,,,,,,,,,,,,,,,,,,,,,,,,,,,,,
BAU,0,,PARAFFIN,,2035,,0.0271,0.0271,0.0271,0.0271,,,,,,,,,,,,,,,,,,,,,,,,,,,,,,,,,
BAU,0,,PARAFFIN,,2036,,0.0281,0.0281,0.0281,0.0281,,,,,,,,,,,,,,,,,,,,,,,,,,,,,,,,,
BAU,0,,PARAFFIN,,2037,,0.0292,0.0292,0.0292,0.0292,,,,,,,,,,,,,,,,,,,,,,,,,,,,,,,,,
BAU,0,,PARAFFIN,,2038,,0.0303,0.0303,0.0303,0.0303,,,,,,,,,,,,,,,,,,,,,,,,,,,,,,,,,
BAU,0,,PARAFFIN,,2039,,0.0314,0.0314,0.0314,0.0314,,,,,,,,,,,,,,,,,,,,,,,,,,,,,,,,,
BAU,0,,PARAFFIN,,2040,,0.0326,0.0326,0.0326,0.0326,,,,,,,,,,,,,,,,,,,,,,,,,,,,,,,,,
BAU,0,,PARAFFIN,,2041,,0.0339,0.0339,0.0339,0.0339,,,,,,,,,,,,,,,,,,,,,,,,,,,,,,,,,
BAU,0,,PARAFFIN,,2042,,0.0351,0.0351,0.0351,0.0351,,,,,,,,,,,,,,,,,,,,,,,,,,,,,,,,,
BAU,0,,PARAFFIN,,2043,,0.0365,0.0365,0.0365,0.0365,,,,,,,,,,,,,,,,,,,,,,,,,,,,,,,,,
BAU,0,,PARAFFIN,,2044,,0.0379,0.0379,0.0379,0.0379,,,,,,,,,,,,,,,,,,,,,,,,,,,,,,,,,
BAU,0,,PARAFFIN,,2045,,0.0393,0.0393,0.0393,0.0393,,,,,,,,,,,,,,,,,,,,,,,,,,,,,,,,,
BAU,0,,PARAFFIN,,2046,,0.0408,0.0408,0.0408,0.0408,,,,,,,,,,,,,,,,,,,,,,,,,,,,,,,,,
BAU,0,,PARAFFIN,,2047,,0.0424,0.0424,0.0424,0.0424,,,,,,,,,,,,,,,,,,,,,,,,,,,,,,,,,
BAU,0,,PARAFFIN,,2048,,0.044,0.044,0.044,0.044,,,,,,,,,,,,,,,,,,,,,,,,,,,,,,,,,
BAU,0,,PARAFFIN,,2049,,0.0456,0.0456,0.0456,0.0456,,,,,,,,,,,,,,,,,,,,,,,,,,,,,,,,,
BAU,0,,PARAFFIN,,2050,,0.0474,0.0474,0.0474,0.0474,,,,,,,,,,,,,,,,,,,,,,,,,,,,,,,,,
BAU,0,,REFR_AC_HFC32,,2018,,0.0165,0.0165,0.0165,0.0165,,,,,,,,,,,,,,,,,,,,,,,,,,,,,,,,,
BAU,0,,REFR_AC_HFC32,,2019,,0.0285,0.0285,0.0285,0.0285,,,,,,,,,,,,,,,,,,,,,,,,,,,,,,,,,
BAU,0,,REFR_AC_HFC32,,2020,,0.0349,0.0349,0.0349,0.0349,,,,,,,,,,,,,,,,,,,,,,,,,,,,,,,,,
BAU,0,,REFR_AC_HFC32,,2021,,0.0394,0.0394,0.0394,0.0394,,,,,,,,,,,,,,,,,,,,,,,,,,,,,,,,,
BAU,0,,REFR_AC_HFC32,,2022,,0.0519,0.0519,0.0519,0.0519,,,,,,,,,,,,,,,,,,,,,,,,,,,,,,,,,
BAU,0,,REFR_AC_HFC32,,2023,,0.0532,0.0532,0.0532,0.0532,,,,,,,,,,,,,,,,,,,,,,,,,,,,,,,,,
BAU,0,,REFR_AC_HFC32,,2024,,0.0545,0.0545,0.0545,0.0545,,,,,,,,,,,,,,,,,,,,,,,,,,,,,,,,,
BAU,0,,REFR_AC_HFC32,,2025,,0.0559,0.0559,0.0559,0.0559,,,,,,,,,,,,,,,,,,,,,,,,,,,,,,,,,
BAU,0,,REFR_AC_HFC32,,2026,,0.0573,0.0573,0.0573,0.0573,,,,,,,,,,,,,,,,,,,,,,,,,,,,,,,,,
BAU,0,,REFR_AC_HFC32,,2027,,0.0587,0.0587,0.0587,0.0587,,,,,,,,,,,,,,,,,,,,,,,,,,,,,,,,,
BAU,0,,REFR_AC_HFC32,,2028,,0.0602,0.0602,0.0602,0.0602,,,,,,,,,,,,,,,,,,,,,,,,,,,,,,,,,
BAU,0,,REFR_AC_HFC32,,2029,,0.0617,0.0617,0.0617,0.0617,,,,,,,,,,,,,,,,,,,,,,,,,,,,,,,,,
BAU,0,,REFR_AC_HFC32,,2030,,0.0633,0.0633,0.0633,0.0633,,,,,,,,,,,,,,,,,,,,,,,,,,,,,,,,,
BAU,0,,REFR_AC_HFC32,,2031,,0.0648,0.0648,0.0648,0.0648,,,,,,,,,,,,,,,,,,,,,,,,,,,,,,,,,
BAU,0,,REFR_AC_HFC32,,2032,,0.0665,0.0665,0.0665,0.0665,,,,,,,,,,,,,,,,,,,,,,,,,,,,,,,,,
BAU,0,,REFR_AC_HFC32,,2033,,0.0681,0.0681,0.0681,0.0681,,,,,,,,,,,,,,,,,,,,,,,,,,,,,,,,,
BAU,0,,REFR_AC_HFC32,,2034,,0.0698,0.0698,0.0698,0.0698,,,,,,,,,,,,,,,,,,,,,,,,,,,,,,,,,
BAU,0,,REFR_AC_HFC32,,2035,,0.0716,0.0716,0.0716,0.0716,,,,,,,,,,,,,,,,,,,,,,,,,,,,,,,,,
BAU,0,,REFR_AC_HFC32,,2036,,0.0734,0.0734,0.0734,0.0734,,,,,,,,,,,,,,,,,,,,,,,,,,,,,,,,,
BAU,0,,REFR_AC_HFC32,,2037,,0.0752,0.0752,0.0752,0.0752,,,,,,,,,,,,,,,,,,,,,,,,,,,,,,,,,
BAU,0,,REFR_AC_HFC32,,2038,,0.0771,0.0771,0.0771,0.0771,,,,,,,,,,,,,,,,,,,,,,,,,,,,,,,,,
BAU,0,,REFR_AC_HFC32,,2039,,0.079,0.079,0.079,0.079,,,,,,,,,,,,,,,,,,,,,,,,,,,,,,,,,
BAU,0,,REFR_AC_HFC32,,2040,,0.081,0.081,0.081,0.081,,,,,,,,,,,,,,,,,,,,,,,,,,,,,,,,,
BAU,0,,REFR_AC_HFC32,,2041,,0.083,0.083,0.083,0.083,,,,,,,,,,,,,,,,,,,,,,,,,,,,,,,,,
BAU,0,,REFR_AC_HFC32,,2042,,0.0851,0.0851,0.0851,0.0851,,,,,,,,,,,,,,,,,,,,,,,,,,,,,,,,,
BAU,0,,REFR_AC_HFC32,,2043,,0.0872,0.0872,0.0872,0.0872,,,,,,,,,,,,,,,,,,,,,,,,,,,,,,,,,
BAU,0,,REFR_AC_HFC32,,2044,,0.0894,0.0894,0.0894,0.0894,,,,,,,,,,,,,,,,,,,,,,,,,,,,,,,,,
BAU,0,,REFR_AC_HFC32,,2045,,0.0916,0.0916,0.0916,0.0916,,,,,,,,,,,,,,,,,,,,,,,,,,,,,,,,,
BAU,0,,REFR_AC_HFC32,,2046,,0.0939,0.0939,0.0939,0.0939,,,,,,,,,,,,,,,,,,,,,,,,,,,,,,,,,
BAU,0,,REFR_AC_HFC32,,2047,,0.0963,0.0963,0.0963,0.0963,,,,,,,,,,,,,,,,,,,,,,,,,,,,,,,,,
BAU,0,,REFR_AC_HFC32,,2048,,0.0987,0.0987,0.0987,0.0987,,,,,,,,,,,,,,,,,,,,,,,,,,,,,,,,,
BAU,0,,REFR_AC_HFC32,,2049,,0.1011,0.1011,0.1011,0.1011,,,,,,,,,,,,,,,,,,,,,,,,,,,,,,,,,
BAU,0,,REFR_AC_HFC32,,2050,,0.1037,0.1037,0.1037,0.1037,,,,,,,,,,,,,,,,,,,,,,,,,,,,,,,,,
BAU,0,,REFR_AC_HFC125,,2018,,0.0175,0.0175,0.0175,0.0175,,,,,,,,,,,,,,,,,,,,,,,,,,,,,,,,,
BAU,0,,REFR_AC_HFC125,,2019,,0.0238,0.0238,0.0238,0.0238,,,,,,,,,,,,,,,,,,,,,,,,,,,,,,,,,
BAU,0,,REFR_AC_HFC125,,2020,,0.0291,0.0291,0.0291,0.0291,,,,,,,,,,,,,,,,,,,,,,,,,,,,,,,,,
BAU,0,,REFR_AC_HFC125,,2021,,0.0321,0.0321,0.0321,0.0321,,,,,,,,,,,,,,,,,,,,,,,,,,,,,,,,,
BAU,0,,REFR_AC_HFC125,,2022,,0.0429,0.0429,0.0429,0.0429,,,,,,,,,,,,,,,,,,,,,,,,,,,,,,,,,
BAU,0,,REFR_AC_HFC125,,2023,,0.044,0.044,0.044,0.044,,,,,,,,,,,,,,,,,,,,,,,,,,,,,,,,,
BAU,0,,REFR_AC_HFC125,,2024,,0.0451,0.0451,0.0451,0.0451,,,,,,,,,,,,,,,,,,,,,,,,,,,,,,,,,
BAU,0,,REFR_AC_HFC125,,2025,,0.0462,0.0462,0.0462,0.0462,,,,,,,,,,,,,,,,,,,,,,,,,,,,,,,,,
BAU,0,,REFR_AC_HFC125,,2026,,0.0474,0.0474,0.0474,0.0474,,,,,,,,,,,,,,,,,,,,,,,,,,,,,,,,,
BAU,0,,REFR_AC_HFC125,,2027,,0.0486,0.0486,0.0486,0.0486,,,,,,,,,,,,,,,,,,,,,,,,,,,,,,,,,
BAU,0,,REFR_AC_HFC125,,2028,,0.0498,0.0498,0.0498,0.0498,,,,,,,,,,,,,,,,,,,,,,,,,,,,,,,,,
BAU,0,,REFR_AC_HFC125,,2029,,0.051,0.051,0.051,0.051,,,,,,,,,,,,,,,,,,,,,,,,,,,,,,,,,
BAU,0,,REFR_AC_HFC125,,2030,,0.0523,0.0523,0.0523,0.0523,,,,,,,,,,,,,,,,,,,,,,,,,,,,,,,,,
BAU,0,,REFR_AC_HFC125,,2031,,0.0536,0.0536,0.0536,0.0536,,,,,,,,,,,,,,,,,,,,,,,,,,,,,,,,,
BAU,0,,REFR_AC_HFC125,,2032,,0.0549,0.0549,0.0549,0.0549,,,,,,,,,,,,,,,,,,,,,,,,,,,,,,,,,
BAU,0,,REFR_AC_HFC125,,2033,,0.0563,0.0563,0.0563,0.0563,,,,,,,,,,,,,,,,,,,,,,,,,,,,,,,,,
BAU,0,,REFR_AC_HFC125,,2034,,0.0577,0.0577,0.0577,0.0577,,,,,,,,,,,,,,,,,,,,,,,,,,,,,,,,,
BAU,0,,REFR_AC_HFC125,,2035,,0.0592,0.0592,0.0592,0.0592,,,,,,,,,,,,,,,,,,,,,,,,,,,,,,,,,
BAU,0,,REFR_AC_HFC125,,2036,,0.0606,0.0606,0.0606,0.0606,,,,,,,,,,,,,,,,,,,,,,,,,,,,,,,,,
BAU,0,,REFR_AC_HFC125,,2037,,0.0622,0.0622,0.0622,0.0622,,,,,,,,,,,,,,,,,,,,,,,,,,,,,,,,,
BAU,0,,REFR_AC_HFC125,,2038,,0.0637,0.0637,0.0637,0.0637,,,,,,,,,,,,,,,,,,,,,,,,,,,,,,,,,
BAU,0,,REFR_AC_HFC125,,2039,,0.0653,0.0653,0.0653,0.0653,,,,,,,,,,,,,,,,,,,,,,,,,,,,,,,,,
BAU,0,,REFR_AC_HFC125,,2040,,0.0669,0.0669,0.0669,0.0669,,,,,,,,,,,,,,,,,,,,,,,,,,,,,,,,,
BAU,0,,REFR_AC_HFC125,,2041,,0.0686,0.0686,0.0686,0.0686,,,,,,,,,,,,,,,,,,,,,,,,,,,,,,,,,
BAU,0,,REFR_AC_HFC125,,2042,,0.0703,0.0703,0.0703,0.0703,,,,,,,,,,,,,,,,,,,,,,,,,,,,,,,,,
BAU,0,,REFR_AC_HFC125,,2043,,0.0721,0.0721,0.0721,0.0721,,,,,,,,,,,,,,,,,,,,,,,,,,,,,,,,,
BAU,0,,REFR_AC_HFC125,,2044,,0.0739,0.0739,0.0739,0.0739,,,,,,,,,,,,,,,,,,,,,,,,,,,,,,,,,
BAU,0,,REFR_AC_HFC125,,2045,,0.0757,0.0757,0.0757,0.0757,,,,,,,,,,,,,,,,,,,,,,,,,,,,,,,,,
BAU,0,,REFR_AC_HFC125,,2046,,0.0776,0.0776,0.0776,0.0776,,,,,,,,,,,,,,,,,,,,,,,,,,,,,,,,,
BAU,0,,REFR_AC_HFC125,,2047,,0.0796,0.0796,0.0796,0.0796,,,,,,,,,,,,,,,,,,,,,,,,,,,,,,,,,
BAU,0,,REFR_AC_HFC125,,2048,,0.0816,0.0816,0.0816,0.0816,,,,,,,,,,,,,,,,,,,,,,,,,,,,,,,,,
BAU,0,,REFR_AC_HFC125,,2049,,0.0836,0.0836,0.0836,0.0836,,,,,,,,,,,,,,,,,,,,,,,,,,,,,,,,,
BAU,0,,REFR_AC_HFC125,,2050,,0.0857,0.0857,0.0857,0.0857,,,,,,,,,,,,,,,,,,,,,,,,,,,,,,,,,
BAU,0,,REFR_AC_HFC134a,,2018,,0.0209,0.0209,0.0209,0.0209,,,,,,,,,,,,,,,,,,,,,,,,,,,,,,,,,
BAU,0,,REFR_AC_HFC134a,,2019,,0.0222,0.0222,0.0222,0.0222,,,,,,,,,,,,,,,,,,,,,,,,,,,,,,,,,
BAU,0,,REFR_AC_HFC134a,,2020,,0.0649,0.0649,0.0649,0.0649,,,,,,,,,,,,,,,,,,,,,,,,,,,,,,,,,
BAU,0,,REFR_AC_HFC134a,,2021,,0.1002,0.1002,0.1002,0.1002,,,,,,,,,,,,,,,,,,,,,,,,,,,,,,,,,
BAU,0,,REFR_AC_HFC134a,,2022,,0.1397,0.1397,0.1397,0.1397,,,,,,,,,,,,,,,,,,,,,,,,,,,,,,,,,
BAU,0,,REFR_AC_HFC134a,,2023,,0.1432,0.1432,0.1432,0.1432,,,,,,,,,,,,,,,,,,,,,,,,,,,,,,,,,
BAU,0,,REFR_AC_HFC134a,,2024,,0.1468,0.1468,0.1468,0.1468,,,,,,,,,,,,,,,,,,,,,,,,,,,,,,,,,
BAU,0,,REFR_AC_HFC134a,,2025,,0.1505,0.1505,0.1505,0.1505,,,,,,,,,,,,,,,,,,,,,,,,,,,,,,,,,
BAU,0,,REFR_AC_HFC134a,,2026,,0.1542,0.1542,0.1542,0.1542,,,,,,,,,,,,,,,,,,,,,,,,,,,,,,,,,
BAU,0,,REFR_AC_HFC134a,,2027,,0.1581,0.1581,0.1581,0.1581,,,,,,,,,,,,,,,,,,,,,,,,,,,,,,,,,
BAU,0,,REFR_AC_HFC134a,,2028,,0.162,0.162,0.162,0.162,,,,,,,,,,,,,,,,,,,,,,,,,,,,,,,,,
BAU,0,,REFR_AC_HFC134a,,2029,,0.1661,0.1661,0.1661,0.1661,,,,,,,,,,,,,,,,,,,,,,,,,,,,,,,,,
BAU,0,,REFR_AC_HFC134a,,2030,,0.1702,0.1702,0.1702,0.1702,,,,,,,,,,,,,,,,,,,,,,,,,,,,,,,,,
BAU,0,,REFR_AC_HFC134a,,2031,,0.1745,0.1745,0.1745,0.1745,,,,,,,,,,,,,,,,,,,,,,,,,,,,,,,,,
BAU,0,,REFR_AC_HFC134a,,2032,,0.1789,0.1789,0.1789,0.1789,,,,,,,,,,,,,,,,,,,,,,,,,,,,,,,,,
BAU,0,,REFR_AC_HFC134a,,2033,,0.1833,0.1833,0.1833,0.1833,,,,,,,,,,,,,,,,,,,,,,,,,,,,,,,,,
BAU,0,,REFR_AC_HFC134a,,2034,,0.1879,0.1879,0.1879,0.1879,,,,,,,,,,,,,,,,,,,,,,,,,,,,,,,,,
BAU,0,,REFR_AC_HFC134a,,2035,,0.1926,0.1926,0.1926,0.1926,,,,,,,,,,,,,,,,,,,,,,,,,,,,,,,,,
BAU,0,,REFR_AC_HFC134a,,2036,,0.1974,0.1974,0.1974,0.1974,,,,,,,,,,,,,,,,,,,,,,,,,,,,,,,,,
BAU,0,,REFR_AC_HFC134a,,2037,,0.2024,0.2024,0.2024,0.2024,,,,,,,,,,,,,,,,,,,,,,,,,,,,,,,,,
BAU,0,,REFR_AC_HFC134a,,2038,,0.2074,0.2074,0.2074,0.2074,,,,,,,,,,,,,,,,,,,,,,,,,,,,,,,,,
BAU,0,,REFR_AC_HFC134a,,2039,,0.2126,0.2126,0.2126,0.2126,,,,,,,,,,,,,,,,,,,,,,,,,,,,,,,,,
BAU,0,,REFR_AC_HFC134a,,2040,,0.2179,0.2179,0.2179,0.2179,,,,,,,,,,,,,,,,,,,,,,,,,,,,,,,,,
BAU,0,,REFR_AC_HFC134a,,2041,,0.2234,0.2234,0.2234,0.2234,,,,,,,,,,,,,,,,,,,,,,,,,,,,,,,,,
BAU,0,,REFR_AC_HFC134a,,2042,,0.2289,0.2289,0.2289,0.2289,,,,,,,,,,,,,,,,,,,,,,,,,,,,,,,,,
BAU,0,,REFR_AC_HFC134a,,2043,,0.2347,0.2347,0.2347,0.2347,,,,,,,,,,,,,,,,,,,,,,,,,,,,,,,,,
BAU,0,,REFR_AC_HFC134a,,2044,,0.2405,0.2405,0.2405,0.2405,,,,,,,,,,,,,,,,,,,,,,,,,,,,,,,,,
BAU,0,,REFR_AC_HFC134a,,2045,,0.2465,0.2465,0.2465,0.2465,,,,,,,,,,,,,,,,,,,,,,,,,,,,,,,,,
BAU,0,,REFR_AC_HFC134a,,2046,,0.2527,0.2527,0.2527,0.2527,,,,,,,,,,,,,,,,,,,,,,,,,,,,,,,,,
BAU,0,,REFR_AC_HFC134a,,2047,,0.259,0.259,0.259,0.259,,,,,,,,,,,,,,,,,,,,,,,,,,,,,,,,,
BAU,0,,REFR_AC_HFC134a,,2048,,0.2655,0.2655,0.2655,0.2655,,,,,,,,,,,,,,,,,,,,,,,,,,,,,,,,,
BAU,0,,REFR_AC_HFC134a,,2049,,0.2721,0.2721,0.2721,0.2721,,,,,,,,,,,,,,,,,,,,,,,,,,,,,,,,,
BAU,0,,REFR_AC_HFC134a,,2050,,0.2789,0.2789,0.2789,0.2789,,,,,,,,,,,,,,,,,,,,,,,,,,,,,,,,,
BAU,0,,REFR_AC_HFC143a,,2018,,0.0139,0.0139,0.0139,0.0139,,,,,,,,,,,,,,,,,,,,,,,,,,,,,,,,,
BAU,0,,REFR_AC_HFC143a,,2019,,0.0235,0.0235,0.0235,0.0235,,,,,,,,,,,,,,,,,,,,,,,,,,,,,,,,,
BAU,0,,REFR_AC_HFC143a,,2020,,0.0279,0.0279,0.0279,0.0279,,,,,,,,,,,,,,,,,,,,,,,,,,,,,,,,,
BAU,0,,REFR_AC_HFC143a,,2021,,0.0309,0.0309,0.0309,0.0309,,,,,,,,,,,,,,,,,,,,,,,,,,,,,,,,,
BAU,0,,REFR_AC_HFC143a,,2022,,0.0363,0.0363,0.0363,0.0363,,,,,,,,,,,,,,,,,,,,,,,,,,,,,,,,,
BAU,0,,REFR_AC_HFC143a,,2023,,0.0372,0.0372,0.0372,0.0372,,,,,,,,,,,,,,,,,,,,,,,,,,,,,,,,,
BAU,0,,REFR_AC_HFC143a,,2024,,0.0382,0.0382,0.0382,0.0382,,,,,,,,,,,,,,,,,,,,,,,,,,,,,,,,,
BAU,0,,REFR_AC_HFC143a,,2025,,0.0391,0.0391,0.0391,0.0391,,,,,,,,,,,,,,,,,,,,,,,,,,,,,,,,,
BAU,0,,REFR_AC_HFC143a,,2026,,0.0401,0.0401,0.0401,0.0401,,,,,,,,,,,,,,,,,,,,,,,,,,,,,,,,,
BAU,0,,REFR_AC_HFC143a,,2027,,0.0411,0.0411,0.0411,0.0411,,,,,,,,,,,,,,,,,,,,,,,,,,,,,,,,,
BAU,0,,REFR_AC_HFC143a,,2028,,0.0421,0.0421,0.0421,0.0421,,,,,,,,,,,,,,,,,,,,,,,,,,,,,,,,,
BAU,0,,REFR_AC_HFC143a,,2029,,0.0432,0.0432,0.0432,0.0432,,,,,,,,,,,,,,,,,,,,,,,,,,,,,,,,,
BAU,0,,REFR_AC_HFC143a,,2030,,0.0443,0.0443,0.0443,0.0443,,,,,,,,,,,,,,,,,,,,,,,,,,,,,,,,,
BAU,0,,REFR_AC_HFC143a,,2031,,0.0454,0.0454,0.0454,0.0454,,,,,,,,,,,,,,,,,,,,,,,,,,,,,,,,,
BAU,0,,REFR_AC_HFC143a,,2032,,0.0465,0.0465,0.0465,0.0465,,,,,,,,,,,,,,,,,,,,,,,,,,,,,,,,,
BAU,0,,REFR_AC_HFC143a,,2033,,0.0477,0.0477,0.0477,0.0477,,,,,,,,,,,,,,,,,,,,,,,,,,,,,,,,,
BAU,0,,REFR_AC_HFC143a,,2034,,0.0489,0.0489,0.0489,0.0489,,,,,,,,,,,,,,,,,,,,,,,,,,,,,,,,,
BAU,0,,REFR_AC_HFC143a,,2035,,0.0501,0.0501,0.0501,0.0501,,,,,,,,,,,,,,,,,,,,,,,,,,,,,,,,,
BAU,0,,REFR_AC_HFC143a,,2036,,0.0513,0.0513,0.0513,0.0513,,,,,,,,,,,,,,,,,,,,,,,,,,,,,,,,,
BAU,0,,REFR_AC_HFC143a,,2037,,0.0526,0.0526,0.0526,0.0526,,,,,,,,,,,,,,,,,,,,,,,,,,,,,,,,,
BAU,0,,REFR_AC_HFC143a,,2038,,0.0539,0.0539,0.0539,0.0539,,,,,,,,,,,,,,,,,,,,,,,,,,,,,,,,,
BAU,0,,REFR_AC_HFC143a,,2039,,0.0553,0.0553,0.0553,0.0553,,,,,,,,,,,,,,,,,,,,,,,,,,,,,,,,,
BAU,0,,REFR_AC_HFC143a,,2040,,0.0567,0.0567,0.0567,0.0567,,,,,,,,,,,,,,,,,,,,,,,,,,,,,,,,,
BAU,0,,REFR_AC_HFC143a,,2041,,0.0581,0.0581,0.0581,0.0581,,,,,,,,,,,,,,,,,,,,,,,,,,,,,,,,,
BAU,0,,REFR_AC_HFC143a,,2042,,0.0595,0.0595,0.0595,0.0595,,,,,,,,,,,,,,,,,,,,,,,,,,,,,,,,,
BAU,0,,REFR_AC_HFC143a,,2043,,0.061,0.061,0.061,0.061,,,,,,,,,,,,,,,,,,,,,,,,,,,,,,,,,
BAU,0,,REFR_AC_HFC143a,,2044,,0.0625,0.0625,0.0625,0.0625,,,,,,,,,,,,,,,,,,,,,,,,,,,,,,,,,
BAU,0,,REFR_AC_HFC143a,,2045,,0.0641,0.0641,0.0641,0.0641,,,,,,,,,,,,,,,,,,,,,,,,,,,,,,,,,
BAU,0,,REFR_AC_HFC143a,,2046,,0.0657,0.0657,0.0657,0.0657,,,,,,,,,,,,,,,,,,,,,,,,,,,,,,,,,
BAU,0,,REFR_AC_HFC143a,,2047,,0.0673,0.0673,0.0673,0.0673,,,,,,,,,,,,,,,,,,,,,,,,,,,,,,,,,
BAU,0,,REFR_AC_HFC143a,,2048,,0.069,0.069,0.069,0.069,,,,,,,,,,,,,,,,,,,,,,,,,,,,,,,,,
BAU,0,,REFR_AC_HFC143a,,2049,,0.0708,0.0708,0.0708,0.0708,,,,,,,,,,,,,,,,,,,,,,,,,,,,,,,,,
BAU,0,,REFR_AC_HFC143a,,2050,,0.0725,0.0725,0.0725,0.0725,,,,,,,,,,,,,,,,,,,,,,,,,,,,,,,,,
BAU,0,,PROD_CLK_TRAD,,2018,,1.90343,1.90343,1.90343,1.90343,,,,,,,,,,,,,,,,,,,,,,,,,,,,,,,,,
BAU,0,,PROD_CLK_TRAD,,2019,,2.05977,2.05977,2.05977,2.05977,,,,,,,,,,,,,,,,,,,,,,,,,,,,,,,,,
BAU,0,,PROD_CLK_TRAD,,2020,,2.39171,2.39171,2.39171,2.39171,,,,,,,,,,,,,,,,,,,,,,,,,,,,,,,,,
BAU,0,,PROD_CLK_TRAD,,2021,,2.8702,2.8702,2.8702,2.8702,,,,,,,,,,,,,,,,,,,,,,,,,,,,,,,,,
BAU,0,,PROD_CLK_TRAD,,2022,,3.12801,3.12801,3.12801,3.12801,,,,,,,,,,,,,,,,,,,,,,,,,,,,,,,,,
BAU,0,,PROD_CLK_TRAD,,2023,,3.90998,3.90998,3.90998,3.90998,,,,,,,,,,,,,,,,,,,,,,,,,,,,,,,,,
BAU,0,,PROD_CLK_TRAD,,2024,,4.18375,4.18375,4.18375,4.18375,,,,,,,,,,,,,,,,,,,,,,,,,,,,,,,,,
BAU,0,,PROD_CLK_TRAD,,2025,,4.47676,4.47676,4.47676,4.47676,,,,,,,,,,,,,,,,,,,,,,,,,,,,,,,,,
BAU,0,,PROD_CLK_TRAD,,2026,,4.7902,4.7902,4.7902,4.7902,,,,,,,,,,,,,,,,,,,,,,,,,,,,,,,,,
BAU,0,,PROD_CLK_TRAD,,2027,,5.12556,5.12556,5.12556,5.12556,,,,,,,,,,,,,,,,,,,,,,,,,,,,,,,,,
BAU,0,,PROD_CLK_TRAD,,2028,,5.48442,5.48442,5.48442,5.48442,,,,,,,,,,,,,,,,,,,,,,,,,,,,,,,,,
BAU,0,,PROD_CLK_TRAD,,2029,,5.86836,5.86836,5.86836,5.86836,,,,,,,,,,,,,,,,,,,,,,,,,,,,,,,,,
BAU,0,,PROD_CLK_TRAD,,2030,,6.27918,6.27918,6.27918,6.27918,,,,,,,,,,,,,,,,,,,,,,,,,,,,,,,,,
BAU,0,,PROD_CLK_TRAD,,2031,,6.71875,6.71875,6.71875,6.71875,,,,,,,,,,,,,,,,,,,,,,,,,,,,,,,,,
BAU,0,,PROD_CLK_TRAD,,2032,,7.18904,7.18904,7.18904,7.18904,,,,,,,,,,,,,,,,,,,,,,,,,,,,,,,,,
BAU,0,,PROD_CLK_TRAD,,2033,,7.69224,7.69224,7.69224,7.69224,,,,,,,,,,,,,,,,,,,,,,,,,,,,,,,,,
BAU,0,,PROD_CLK_TRAD,,2034,,8.23062,8.23062,8.23062,8.23062,,,,,,,,,,,,,,,,,,,,,,,,,,,,,,,,,
BAU,0,,PROD_CLK_TRAD,,2035,,8.80661,8.80661,8.80661,8.80661,,,,,,,,,,,,,,,,,,,,,,,,,,,,,,,,,
BAU,0,,PROD_CLK_TRAD,,2036,,9.42294,9.42294,9.42294,9.42294,,,,,,,,,,,,,,,,,,,,,,,,,,,,,,,,,
BAU,0,,PROD_CLK_TRAD,,2037,,10.0809,10.0809,10.0809,10.0809,,,,,,,,,,,,,,,,,,,,,,,,,,,,,,,,,
BAU,0,,PROD_CLK_TRAD,,2038,,10.7863,10.7863,10.7863,10.7863,,,,,,,,,,,,,,,,,,,,,,,,,,,,,,,,,
BAU,0,,PROD_CLK_TRAD,,2039,,11.541,11.541,11.541,11.541,,,,,,,,,,,,,,,,,,,,,,,,,,,,,,,,,
BAU,0,,PROD_CLK_TRAD,,2040,,12.3485,12.3485,12.3485,12.3485,,,,,,,,,,,,,,,,,,,,,,,,,,,,,,,,,
BAU,0,,PROD_CLK_TRAD,,2041,,13.2125,13.2125,13.2125,13.2125,,,,,,,,,,,,,,,,,,,,,,,,,,,,,,,,,
BAU,0,,PROD_CLK_TRAD,,2042,,14.1368,14.1368,14.1368,14.1368,,,,,,,,,,,,,,,,,,,,,,,,,,,,,,,,,
BAU,0,,PROD_CLK_TRAD,,2043,,15.1257,15.1257,15.1257,15.1257,,,,,,,,,,,,,,,,,,,,,,,,,,,,,,,,,
BAU,0,,PROD_CLK_TRAD,,2044,,16.1839,16.1839,16.1839,16.1839,,,,,,,,,,,,,,,,,,,,,,,,,,,,,,,,,
BAU,0,,PROD_CLK_TRAD,,2045,,17.3159,17.3159,17.3159,17.3159,,,,,,,,,,,,,,,,,,,,,,,,,,,,,,,,,
BAU,0,,PROD_CLK_TRAD,,2046,,18.5271,18.5271,18.5271,18.5271,,,,,,,,,,,,,,,,,,,,,,,,,,,,,,,,,
BAU,0,,PROD_CLK_TRAD,,2047,,19.8229,19.8229,19.8229,19.8229,,,,,,,,,,,,,,,,,,,,,,,,,,,,,,,,,
BAU,0,,PROD_CLK_TRAD,,2048,,21.2093,21.2093,21.2093,21.2093,,,,,,,,,,,,,,,,,,,,,,,,,,,,,,,,,
BAU,0,,PROD_CLK_TRAD,,2049,,22.6926,22.6926,22.6926,22.6926,,,,,,,,,,,,,,,,,,,,,,,,,,,,,,,,,
BAU,0,,PROD_CLK_TRAD,,2050,,24.2796,24.2796,24.2796,24.2796,,,,,,,,,,,,,,,,,,,,,,,,,,,,,,,,,
BAU,0,,PROD_CEM,,2018,,2.7546,2.7546,2.7546,2.7546,,,,,,,,,,,,,,,,,,,,,,,,,,,,,,,,,
BAU,0,,PROD_CEM,,2019,,3.0039,3.0039,3.0039,3.0039,,,,,,,,,,,,,,,,,,,,,,,,,,,,,,,,,
BAU,0,,PROD_CEM,,2020,,3.525,3.525,3.525,3.525,,,,,,,,,,,,,,,,,,,,,,,,,,,,,,,,,
BAU,0,,PROD_CEM,,2021,,4.2775,4.2775,4.2775,4.2775,,,,,,,,,,,,,,,,,,,,,,,,,,,,,,,,,
BAU,0,,PROD_CEM,,2022,,4.6204,4.6204,4.6204,4.6204,,,,,,,,,,,,,,,,,,,,,,,,,,,,,,,,,
BAU,0,,PROD_CEM,,2023,,5.708,5.708,5.708,5.708,,,,,,,,,,,,,,,,,,,,,,,,,,,,,,,,,
BAU,0,,PROD_CEM,,2024,,6.0961,6.0961,6.0961,6.0961,,,,,,,,,,,,,,,,,,,,,,,,,,,,,,,,,
BAU,0,,PROD_CEM,,2025,,6.5107,6.5107,6.5107,6.5107,,,,,,,,,,,,,,,,,,,,,,,,,,,,,,,,,
BAU,0,,PROD_CEM,,2026,,6.9534,6.9534,6.9534,6.9534,,,,,,,,,,,,,,,,,,,,,,,,,,,,,,,,,
BAU,0,,PROD_CEM,,2027,,7.4262,7.4262,7.4262,7.4262,,,,,,,,,,,,,,,,,,,,,,,,,,,,,,,,,
BAU,0,,PROD_CEM,,2028,,7.9312,7.9312,7.9312,7.9312,,,,,,,,,,,,,,,,,,,,,,,,,,,,,,,,,
BAU,0,,PROD_CEM,,2029,,8.4705,8.4705,8.4705,8.4705,,,,,,,,,,,,,,,,,,,,,,,,,,,,,,,,,
BAU,0,,PROD_CEM,,2030,,9.0465,9.0465,9.0465,9.0465,,,,,,,,,,,,,,,,,,,,,,,,,,,,,,,,,
BAU,0,,PROD_CEM,,2031,,9.6617,9.6617,9.6617,9.6617,,,,,,,,,,,,,,,,,,,,,,,,,,,,,,,,,
BAU,0,,PROD_CEM,,2032,,10.3187,10.3187,10.3187,10.3187,,,,,,,,,,,,,,,,,,,,,,,,,,,,,,,,,
BAU,0,,PROD_CEM,,2033,,11.0204,11.0204,11.0204,11.0204,,,,,,,,,,,,,,,,,,,,,,,,,,,,,,,,,
BAU,0,,PROD_CEM,,2034,,11.7698,11.7698,11.7698,11.7698,,,,,,,,,,,,,,,,,,,,,,,,,,,,,,,,,
BAU,0,,PROD_CEM,,2035,,12.5701,12.5701,12.5701,12.5701,,,,,,,,,,,,,,,,,,,,,,,,,,,,,,,,,
BAU,0,,PROD_CEM,,2036,,13.4249,13.4249,13.4249,13.4249,,,,,,,,,,,,,,,,,,,,,,,,,,,,,,,,,
BAU,0,,PROD_CEM,,2037,,14.3378,14.3378,14.3378,14.3378,,,,,,,,,,,,,,,,,,,,,,,,,,,,,,,,,
BAU,0,,PROD_CEM,,2038,,15.3127,15.3127,15.3127,15.3127,,,,,,,,,,,,,,,,,,,,,,,,,,,,,,,,,
BAU,0,,PROD_CEM,,2039,,16.354,16.354,16.354,16.354,,,,,,,,,,,,,,,,,,,,,,,,,,,,,,,,,
BAU,0,,PROD_CEM,,2040,,17.4661,17.4661,17.4661,17.4661,,,,,,,,,,,,,,,,,,,,,,,,,,,,,,,,,
BAU,0,,PROD_CEM,,2041,,18.6538,18.6538,18.6538,18.6538,,,,,,,,,,,,,,,,,,,,,,,,,,,,,,,,,
BAU,0,,PROD_CEM,,2042,,19.9222,19.9222,19.9222,19.9222,,,,,,,,,,,,,,,,,,,,,,,,,,,,,,,,,
BAU,0,,PROD_CEM,,2043,,21.2769,21.2769,21.2769,21.2769,,,,,,,,,,,,,,,,,,,,,,,,,,,,,,,,,
BAU,0,,PROD_CEM,,2044,,22.7238,22.7238,22.7238,22.7238,,,,,,,,,,,,,,,,,,,,,,,,,,,,,,,,,
BAU,0,,PROD_CEM,,2045,,24.269,24.269,24.269,24.269,,,,,,,,,,,,,,,,,,,,,,,,,,,,,,,,,
BAU,0,,PROD_CEM,,2046,,25.9193,25.9193,25.9193,25.9193,,,,,,,,,,,,,,,,,,,,,,,,,,,,,,,,,
BAU,0,,PROD_CEM,,2047,,27.6818,27.6818,27.6818,27.6818,,,,,,,,,,,,,,,,,,,,,,,,,,,,,,,,,
BAU,0,,PROD_CEM,,2048,,29.5641,29.5641,29.5641,29.5641,,,,,,,,,,,,,,,,,,,,,,,,,,,,,,,,,
BAU,0,,PROD_CEM,,2049,,31.5745,31.5745,31.5745,31.5745,,,,,,,,,,,,,,,,,,,,,,,,,,,,,,,,,
BAU,0,,PROD_CEM,,2050,,33.7216,33.7216,33.7216,33.7216,,,,,,,,,,,,,,,,,,,,,,,,,,,,,,,,,
BAU,0,,T5CEM_PRODIND,,2018,,2.7546,2.7546,2.7546,2.7546,,,,,,,,,,,,,,,,,,,,,,,,,,,,,,,,,
BAU,0,,T5CEM_PRODIND,,2019,,3.0039,3.0039,3.0039,3.0039,,,,,,,,,,,,,,,,,,,,,,,,,,,,,,,,,
BAU,0,,T5CEM_PRODIND,,2020,,3.525,3.525,3.525,3.525,,,,,,,,,,,,,,,,,,,,,,,,,,,,,,,,,
BAU,0,,T5CEM_PRODIND,,2021,,4.2775,4.2775,4.2775,4.2775,,,,,,,,,,,,,,,,,,,,,,,,,,,,,,,,,
BAU,0,,T5CEM_PRODIND,,2022,,4.6204,4.6204,4.6204,4.6204,,,,,,,,,,,,,,,,,,,,,,,,,,,,,,,,,
BAU,0,,T5CEM_PRODIND,,2023,,5.708,5.708,5.708,5.708,,,,,,,,,,,,,,,,,,,,,,,,,,,,,,,,,
BAU,0,,T5CEM_PRODIND,,2024,,6.0961,6.0961,6.0961,6.0961,,,,,,,,,,,,,,,,,,,,,,,,,,,,,,,,,
BAU,0,,T5CEM_PRODIND,,2025,,6.5107,6.5107,6.5107,6.5107,,,,,,,,,,,,,,,,,,,,,,,,,,,,,,,,,
BAU,0,,T5CEM_PRODIND,,2026,,6.9534,6.9534,6.9534,6.9534,,,,,,,,,,,,,,,,,,,,,,,,,,,,,,,,,
BAU,0,,T5CEM_PRODIND,,2027,,7.4262,7.4262,7.4262,7.4262,,,,,,,,,,,,,,,,,,,,,,,,,,,,,,,,,
BAU,0,,T5CEM_PRODIND,,2028,,7.9312,7.9312,7.9312,7.9312,,,,,,,,,,,,,,,,,,,,,,,,,,,,,,,,,
BAU,0,,T5CEM_PRODIND,,2029,,8.4705,8.4705,8.4705,8.4705,,,,,,,,,,,,,,,,,,,,,,,,,,,,,,,,,
BAU,0,,T5CEM_PRODIND,,2030,,9.0465,9.0465,9.0465,9.0465,,,,,,,,,,,,,,,,,,,,,,,,,,,,,,,,,
BAU,0,,T5CEM_PRODIND,,2031,,9.6617,9.6617,9.6617,9.6617,,,,,,,,,,,,,,,,,,,,,,,,,,,,,,,,,
BAU,0,,T5CEM_PRODIND,,2032,,10.3187,10.3187,10.3187,10.3187,,,,,,,,,,,,,,,,,,,,,,,,,,,,,,,,,
BAU,0,,T5CEM_PRODIND,,2033,,11.0204,11.0204,11.0204,11.0204,,,,,,,,,,,,,,,,,,,,,,,,,,,,,,,,,
BAU,0,,T5CEM_PRODIND,,2034,,11.7698,11.7698,11.7698,11.7698,,,,,,,,,,,,,,,,,,,,,,,,,,,,,,,,,
BAU,0,,T5CEM_PRODIND,,2035,,12.5701,12.5701,12.5701,12.5701,,,,,,,,,,,,,,,,,,,,,,,,,,,,,,,,,
BAU,0,,T5CEM_PRODIND,,2036,,13.4249,13.4249,13.4249,13.4249,,,,,,,,,,,,,,,,,,,,,,,,,,,,,,,,,
BAU,0,,T5CEM_PRODIND,,2037,,14.3378,14.3378,14.3378,14.3378,,,,,,,,,,,,,,,,,,,,,,,,,,,,,,,,,
BAU,0,,T5CEM_PRODIND,,2038,,15.3127,15.3127,15.3127,15.3127,,,,,,,,,,,,,,,,,,,,,,,,,,,,,,,,,
BAU,0,,T5CEM_PRODIND,,2039,,16.354,16.354,16.354,16.354,,,,,,,,,,,,,,,,,,,,,,,,,,,,,,,,,
BAU,0,,T5CEM_PRODIND,,2040,,17.4661,17.4661,17.4661,17.4661,,,,,,,,,,,,,,,,,,,,,,,,,,,,,,,,,
BAU,0,,T5CEM_PRODIND,,2041,,18.6538,18.6538,18.6538,18.6538,,,,,,,,,,,,,,,,,,,,,,,,,,,,,,,,,
BAU,0,,T5CEM_PRODIND,,2042,,19.9222,19.9222,19.9222,19.9222,,,,,,,,,,,,,,,,,,,,,,,,,,,,,,,,,
BAU,0,,T5CEM_PRODIND,,2043,,21.2769,21.2769,21.2769,21.2769,,,,,,,,,,,,,,,,,,,,,,,,,,,,,,,,,
BAU,0,,T5CEM_PRODIND,,2044,,22.7238,22.7238,22.7238,22.7238,,,,,,,,,,,,,,,,,,,,,,,,,,,,,,,,,
BAU,0,,T5CEM_PRODIND,,2045,,24.269,24.269,24.269,24.269,,,,,,,,,,,,,,,,,,,,,,,,,,,,,,,,,
BAU,0,,T5CEM_PRODIND,,2046,,25.9193,25.9193,25.9193,25.9193,,,,,,,,,,,,,,,,,,,,,,,,,,,,,,,,,
BAU,0,,T5CEM_PRODIND,,2047,,27.6818,27.6818,27.6818,27.6818,,,,,,,,,,,,,,,,,,,,,,,,,,,,,,,,,
BAU,0,,T5CEM_PRODIND,,2048,,29.5641,29.5641,29.5641,29.5641,,,,,,,,,,,,,,,,,,,,,,,,,,,,,,,,,
BAU,0,,T5CEM_PRODIND,,2049,,31.5745,31.5745,31.5745,31.5745,,,,,,,,,,,,,,,,,,,,,,,,,,,,,,,,,
BAU,0,,T5CEM_PRODIND,,2050,,33.7216,33.7216,33.7216,33.7216,,,,,,,,,,,,,,,,,,,,,,,,,,,,,,,,,
BAU,0,,T5LIME_CAL_PRODIPPU,,2018,,0.2436,0.2436,0.2436,0.2436,,,,,,,,,,,,,,,,,,,,,,,,,,,,,,,,,
BAU,0,,T5LIME_CAL_PRODIPPU,,2019,,0.3239,0.3239,0.3239,0.3239,,,,,,,,,,,,,,,,,,,,,,,,,,,,,,,,,
BAU,0,,T5LIME_CAL_PRODIPPU,,2020,,0.4235,0.4235,0.4235,0.4235,,,,,,,,,,,,,,,,,,,,,,,,,,,,,,,,,
BAU,0,,T5LIME_CAL_PRODIPPU,,2021,,0.4008,0.4008,0.4008,0.4008,,,,,,,,,,,,,,,,,,,,,,,,,,,,,,,,,
BAU,0,,T5LIME_CAL_PRODIPPU,,2022,,0.4703,0.4703,0.4703,0.4703,,,,,,,,,,,,,,,,,,,,,,,,,,,,,,,,,
BAU,0,,T5LIME_CAL_PRODIPPU,,2023,,0.4882,0.4882,0.4882,0.4882,,,,,,,,,,,,,,,,,,,,,,,,,,,,,,,,,
BAU,0,,T5LIME_CAL_PRODIPPU,,2024,,0.5068,0.5068,0.5068,0.5068,,,,,,,,,,,,,,,,,,,,,,,,,,,,,,,,,
BAU,0,,T5LIME_CAL_PRODIPPU,,2025,,0.526,0.526,0.526,0.526,,,,,,,,,,,,,,,,,,,,,,,,,,,,,,,,,
BAU,0,,T5LIME_CAL_PRODIPPU,,2026,,0.546,0.546,0.546,0.546,,,,,,,,,,,,,,,,,,,,,,,,,,,,,,,,,
BAU,0,,T5LIME_CAL_PRODIPPU,,2027,,0.5667,0.5667,0.5667,0.5667,,,,,,,,,,,,,,,,,,,,,,,,,,,,,,,,,
BAU,0,,T5LIME_CAL_PRODIPPU,,2028,,0.5883,0.5883,0.5883,0.5883,,,,,,,,,,,,,,,,,,,,,,,,,,,,,,,,,
BAU,0,,T5LIME_CAL_PRODIPPU,,2029,,0.6106,0.6106,0.6106,0.6106,,,,,,,,,,,,,,,,,,,,,,,,,,,,,,,,,
BAU,0,,T5LIME_CAL_PRODIPPU,,2030,,0.6338,0.6338,0.6338,0.6338,,,,,,,,,,,,,,,,,,,,,,,,,,,,,,,,,
BAU,0,,T5LIME_CAL_PRODIPPU,,2031,,0.6579,0.6579,0.6579,0.6579,,,,,,,,,,,,,,,,,,,,,,,,,,,,,,,,,
BAU,0,,T5LIME_CAL_PRODIPPU,,2032,,0.6829,0.6829,0.6829,0.6829,,,,,,,,,,,,,,,,,,,,,,,,,,,,,,,,,
BAU,0,,T5LIME_CAL_PRODIPPU,,2033,,0.7089,0.7089,0.7089,0.7089,,,,,,,,,,,,,,,,,,,,,,,,,,,,,,,,,
BAU,0,,T5LIME_CAL_PRODIPPU,,2034,,0.7358,0.7358,0.7358,0.7358,,,,,,,,,,,,,,,,,,,,,,,,,,,,,,,,,
BAU,0,,T5LIME_CAL_PRODIPPU,,2035,,0.7638,0.7638,0.7638,0.7638,,,,,,,,,,,,,,,,,,,,,,,,,,,,,,,,,
BAU,0,,T5LIME_CAL_PRODIPPU,,2036,,0.7928,0.7928,0.7928,0.7928,,,,,,,,,,,,,,,,,,,,,,,,,,,,,,,,,
BAU,0,,T5LIME_CAL_PRODIPPU,,2037,,0.8229,0.8229,0.8229,0.8229,,,,,,,,,,,,,,,,,,,,,,,,,,,,,,,,,
BAU,0,,T5LIME_CAL_PRODIPPU,,2038,,0.8542,0.8542,0.8542,0.8542,,,,,,,,,,,,,,,,,,,,,,,,,,,,,,,,,
BAU,0,,T5LIME_CAL_PRODIPPU,,2039,,0.8867,0.8867,0.8867,0.8867,,,,,,,,,,,,,,,,,,,,,,,,,,,,,,,,,
BAU,0,,T5LIME_CAL_PRODIPPU,,2040,,0.9204,0.9204,0.9204,0.9204,,,,,,,,,,,,,,,,,,,,,,,,,,,,,,,,,
BAU,0,,T5LIME_CAL_PRODIPPU,,2041,,0.9553,0.9553,0.9553,0.9553,,,,,,,,,,,,,,,,,,,,,,,,,,,,,,,,,
BAU,0,,T5LIME_CAL_PRODIPPU,,2042,,0.9916,0.9916,0.9916,0.9916,,,,,,,,,,,,,,,,,,,,,,,,,,,,,,,,,
BAU,0,,T5LIME_CAL_PRODIPPU,,2043,,1.0293,1.0293,1.0293,1.0293,,,,,,,,,,,,,,,,,,,,,,,,,,,,,,,,,
BAU,0,,T5LIME_CAL_PRODIPPU,,2044,,1.0684,1.0684,1.0684,1.0684,,,,,,,,,,,,,,,,,,,,,,,,,,,,,,,,,
BAU,0,,T5LIME_CAL_PRODIPPU,,2045,,1.109,1.109,1.109,1.109,,,,,,,,,,,,,,,,,,,,,,,,,,,,,,,,,
BAU,0,,T5LIME_CAL_PRODIPPU,,2046,,1.1512,1.1512,1.1512,1.1512,,,,,,,,,,,,,,,,,,,,,,,,,,,,,,,,,
BAU,0,,T5LIME_CAL_PRODIPPU,,2047,,1.1949,1.1949,1.1949,1.1949,,,,,,,,,,,,,,,,,,,,,,,,,,,,,,,,,
BAU,0,,T5LIME_CAL_PRODIPPU,,2048,,1.2403,1.2403,1.2403,1.2403,,,,,,,,,,,,,,,,,,,,,,,,,,,,,,,,,
BAU,0,,T5LIME_CAL_PRODIPPU,,2049,,1.2875,1.2875,1.2875,1.2875,,,,,,,,,,,,,,,,,,,,,,,,,,,,,,,,,
BAU,0,,T5LIME_CAL_PRODIPPU,,2050,,1.3364,1.3364,1.3364,1.3364,,,,,,,,,,,,,,,,,,,,,,,,,,,,,,,,,
BAU,0,,T5LIME_DOL_PRODIPPU,,2018,,0.003,0.003,0.003,0.003,,,,,,,,,,,,,,,,,,,,,,,,,,,,,,,,,
BAU,0,,T5LIME_DOL_PRODIPPU,,2019,,0.0188,0.0188,0.0188,0.0188,,,,,,,,,,,,,,,,,,,,,,,,,,,,,,,,,
BAU,0,,T5LIME_DOL_PRODIPPU,,2020,,0.1,0.1,0.1,0.1,,,,,,,,,,,,,,,,,,,,,,,,,,,,,,,,,
BAU,0,,T5LIME_DOL_PRODIPPU,,2021,,0.1081,0.1081,0.1081,0.1081,,,,,,,,,,,,,,,,,,,,,,,,,,,,,,,,,
BAU,0,,T5LIME_DOL_PRODIPPU,,2022,,0.1169,0.1169,0.1169,0.1169,,,,,,,,,,,,,,,,,,,,,,,,,,,,,,,,,
BAU,0,,T5LIME_DOL_PRODIPPU,,2023,,0.1213,0.1213,0.1213,0.1213,,,,,,,,,,,,,,,,,,,,,,,,,,,,,,,,,
BAU,0,,T5LIME_DOL_PRODIPPU,,2024,,0.1259,0.1259,0.1259,0.1259,,,,,,,,,,,,,,,,,,,,,,,,,,,,,,,,,
BAU,0,,T5LIME_DOL_PRODIPPU,,2025,,0.1307,0.1307,0.1307,0.1307,,,,,,,,,,,,,,,,,,,,,,,,,,,,,,,,,
BAU,0,,T5LIME_DOL_PRODIPPU,,2026,,0.1356,0.1356,0.1356,0.1356,,,,,,,,,,,,,,,,,,,,,,,,,,,,,,,,,
BAU,0,,T5LIME_DOL_PRODIPPU,,2027,,0.1408,0.1408,0.1408,0.1408,,,,,,,,,,,,,,,,,,,,,,,,,,,,,,,,,
BAU,0,,T5LIME_DOL_PRODIPPU,,2028,,0.1462,0.1462,0.1462,0.1462,,,,,,,,,,,,,,,,,,,,,,,,,,,,,,,,,
BAU,0,,T5LIME_DOL_PRODIPPU,,2029,,0.1517,0.1517,0.1517,0.1517,,,,,,,,,,,,,,,,,,,,,,,,,,,,,,,,,
BAU,0,,T5LIME_DOL_PRODIPPU,,2030,,0.1575,0.1575,0.1575,0.1575,,,,,,,,,,,,,,,,,,,,,,,,,,,,,,,,,
BAU,0,,T5LIME_DOL_PRODIPPU,,2031,,0.1635,0.1635,0.1635,0.1635,,,,,,,,,,,,,,,,,,,,,,,,,,,,,,,,,
BAU,0,,T5LIME_DOL_PRODIPPU,,2032,,0.1697,0.1697,0.1697,0.1697,,,,,,,,,,,,,,,,,,,,,,,,,,,,,,,,,
BAU,0,,T5LIME_DOL_PRODIPPU,,2033,,0.1761,0.1761,0.1761,0.1761,,,,,,,,,,,,,,,,,,,,,,,,,,,,,,,,,
BAU,0,,T5LIME_DOL_PRODIPPU,,2034,,0.1828,0.1828,0.1828,0.1828,,,,,,,,,,,,,,,,,,,,,,,,,,,,,,,,,
BAU,0,,T5LIME_DOL_PRODIPPU,,2035,,0.1898,0.1898,0.1898,0.1898,,,,,,,,,,,,,,,,,,,,,,,,,,,,,,,,,
BAU,0,,T5LIME_DOL_PRODIPPU,,2036,,0.197,0.197,0.197,0.197,,,,,,,,,,,,,,,,,,,,,,,,,,,,,,,,,
BAU,0,,T5LIME_DOL_PRODIPPU,,2037,,0.2045,0.2045,0.2045,0.2045,,,,,,,,,,,,,,,,,,,,,,,,,,,,,,,,,
BAU,0,,T5LIME_DOL_PRODIPPU,,2038,,0.2122,0.2122,0.2122,0.2122,,,,,,,,,,,,,,,,,,,,,,,,,,,,,,,,,
BAU,0,,T5LIME_DOL_PRODIPPU,,2039,,0.2203,0.2203,0.2203,0.2203,,,,,,,,,,,,,,,,,,,,,,,,,,,,,,,,,
BAU,0,,T5LIME_DOL_PRODIPPU,,2040,,0.2287,0.2287,0.2287,0.2287,,,,,,,,,,,,,,,,,,,,,,,,,,,,,,,,,
BAU,0,,T5LIME_DOL_PRODIPPU,,2041,,0.2373,0.2373,0.2373,0.2373,,,,,,,,,,,,,,,,,,,,,,,,,,,,,,,,,
BAU,0,,T5LIME_DOL_PRODIPPU,,2042,,0.2464,0.2464,0.2464,0.2464,,,,,,,,,,,,,,,,,,,,,,,,,,,,,,,,,
BAU,0,,T5LIME_DOL_PRODIPPU,,2043,,0.2557,0.2557,0.2557,0.2557,,,,,,,,,,,,,,,,,,,,,,,,,,,,,,,,,
BAU,0,,T5LIME_DOL_PRODIPPU,,2044,,0.2654,0.2654,0.2654,0.2654,,,,,,,,,,,,,,,,,,,,,,,,,,,,,,,,,
BAU,0,,T5LIME_DOL_PRODIPPU,,2045,,0.2755,0.2755,0.2755,0.2755,,,,,,,,,,,,,,,,,,,,,,,,,,,,,,,,,
BAU,0,,T5LIME_DOL_PRODIPPU,,2046,,0.286,0.286,0.286,0.286,,,,,,,,,,,,,,,,,,,,,,,,,,,,,,,,,
BAU,0,,T5LIME_DOL_PRODIPPU,,2047,,0.2969,0.2969,0.2969,0.2969,,,,,,,,,,,,,,,,,,,,,,,,,,,,,,,,,
BAU,0,,T5LIME_DOL_PRODIPPU,,2048,,0.3081,0.3081,0.3081,0.3081,,,,,,,,,,,,,,,,,,,,,,,,,,,,,,,,,
BAU,0,,T5LIME_DOL_PRODIPPU,,2049,,0.3199,0.3199,0.3199,0.3199,,,,,,,,,,,,,,,,,,,,,,,,,,,,,,,,,
BAU,0,,T5LIME_DOL_PRODIPPU,,2050,,0.332,0.332,0.332,0.332,,,,,,,,,,,,,,,,,,,,,,,,,,,,,,,,,
BAU,0,,T5GLASS_PRODIPPU,,2018,,0.1146,0.1146,0.1146,0.1146,,,,,,,,,,,,,,,,,,,,,,,,,,,,,,,,,
BAU,0,,T5GLASS_PRODIPPU,,2019,,0.1375,0.1375,0.1375,0.1375,,,,,,,,,,,,,,,,,,,,,,,,,,,,,,,,,
BAU,0,,T5GLASS_PRODIPPU,,2020,,0.1796,0.1796,0.1796,0.1796,,,,,,,,,,,,,,,,,,,,,,,,,,,,,,,,,
BAU,0,,T5GLASS_PRODIPPU,,2021,,0.1979,0.1979,0.1979,0.1979,,,,,,,,,,,,,,,,,,,,,,,,,,,,,,,,,
BAU,0,,T5GLASS_PRODIPPU,,2022,,0.1714,0.1714,0.1714,0.1714,,,,,,,,,,,,,,,,,,,,,,,,,,,,,,,,,
BAU,0,,T5GLASS_PRODIPPU,,2023,,0.1779,0.1779,0.1779,0.1779,,,,,,,,,,,,,,,,,,,,,,,,,,,,,,,,,
BAU,0,,T5GLASS_PRODIPPU,,2024,,0.1846,0.1846,0.1846,0.1846,,,,,,,,,,,,,,,,,,,,,,,,,,,,,,,,,
BAU,0,,T5GLASS_PRODIPPU,,2025,,0.1917,0.1917,0.1917,0.1917,,,,,,,,,,,,,,,,,,,,,,,,,,,,,,,,,
BAU,0,,T5GLASS_PRODIPPU,,2026,,0.1989,0.1989,0.1989,0.1989,,,,,,,,,,,,,,,,,,,,,,,,,,,,,,,,,
BAU,0,,T5GLASS_PRODIPPU,,2027,,0.2065,0.2065,0.2065,0.2065,,,,,,,,,,,,,,,,,,,,,,,,,,,,,,,,,
BAU,0,,T5GLASS_PRODIPPU,,2028,,0.2143,0.2143,0.2143,0.2143,,,,,,,,,,,,,,,,,,,,,,,,,,,,,,,,,
BAU,0,,T5GLASS_PRODIPPU,,2029,,0.2225,0.2225,0.2225,0.2225,,,,,,,,,,,,,,,,,,,,,,,,,,,,,,,,,
BAU,0,,T5GLASS_PRODIPPU,,2030,,0.2309,0.2309,0.2309,0.2309,,,,,,,,,,,,,,,,,,,,,,,,,,,,,,,,,
BAU,0,,T5GLASS_PRODIPPU,,2031,,0.2397,0.2397,0.2397,0.2397,,,,,,,,,,,,,,,,,,,,,,,,,,,,,,,,,
BAU,0,,T5GLASS_PRODIPPU,,2032,,0.2488,0.2488,0.2488,0.2488,,,,,,,,,,,,,,,,,,,,,,,,,,,,,,,,,
BAU,0,,T5GLASS_PRODIPPU,,2033,,0.2583,0.2583,0.2583,0.2583,,,,,,,,,,,,,,,,,,,,,,,,,,,,,,,,,
BAU,0,,T5GLASS_PRODIPPU,,2034,,0.2681,0.2681,0.2681,0.2681,,,,,,,,,,,,,,,,,,,,,,,,,,,,,,,,,
BAU,0,,T5GLASS_PRODIPPU,,2035,,0.2783,0.2783,0.2783,0.2783,,,,,,,,,,,,,,,,,,,,,,,,,,,,,,,,,
BAU,0,,T5GLASS_PRODIPPU,,2036,,0.2889,0.2889,0.2889,0.2889,,,,,,,,,,,,,,,,,,,,,,,,,,,,,,,,,
BAU,0,,T5GLASS_PRODIPPU,,2037,,0.2998,0.2998,0.2998,0.2998,,,,,,,,,,,,,,,,,,,,,,,,,,,,,,,,,
BAU,0,,T5GLASS_PRODIPPU,,2038,,0.3112,0.3112,0.3112,0.3112,,,,,,,,,,,,,,,,,,,,,,,,,,,,,,,,,
BAU,0,,T5GLASS_PRODIPPU,,2039,,0.3231,0.3231,0.3231,0.3231,,,,,,,,,,,,,,,,,,,,,,,,,,,,,,,,,
BAU,0,,T5GLASS_PRODIPPU,,2040,,0.3353,0.3353,0.3353,0.3353,,,,,,,,,,,,,,,,,,,,,,,,,,,,,,,,,
BAU,0,,T5GLASS_PRODIPPU,,2041,,0.3481,0.3481,0.3481,0.3481,,,,,,,,,,,,,,,,,,,,,,,,,,,,,,,,,
BAU,0,,T5GLASS_PRODIPPU,,2042,,0.3613,0.3613,0.3613,0.3613,,,,,,,,,,,,,,,,,,,,,,,,,,,,,,,,,
BAU,0,,T5GLASS_PRODIPPU,,2043,,0.375,0.375,0.375,0.375,,,,,,,,,,,,,,,,,,,,,,,,,,,,,,,,,
BAU,0,,T5GLASS_PRODIPPU,,2044,,0.3893,0.3893,0.3893,0.3893,,,,,,,,,,,,,,,,,,,,,,,,,,,,,,,,,
BAU,0,,T5GLASS_PRODIPPU,,2045,,0.4041,0.4041,0.4041,0.4041,,,,,,,,,,,,,,,,,,,,,,,,,,,,,,,,,
BAU,0,,T5GLASS_PRODIPPU,,2046,,0.4194,0.4194,0.4194,0.4194,,,,,,,,,,,,,,,,,,,,,,,,,,,,,,,,,
BAU,0,,T5GLASS_PRODIPPU,,2047,,0.4354,0.4354,0.4354,0.4354,,,,,,,,,,,,,,,,,,,,,,,,,,,,,,,,,
BAU,0,,T5GLASS_PRODIPPU,,2048,,0.4519,0.4519,0.4519,0.4519,,,,,,,,,,,,,,,,,,,,,,,,,,,,,,,,,
BAU,0,,T5GLASS_PRODIPPU,,2049,,0.4691,0.4691,0.4691,0.4691,,,,,,,,,,,,,,,,,,,,,,,,,,,,,,,,,
BAU,0,,T5GLASS_PRODIPPU,,2050,,0.4869,0.4869,0.4869,0.4869,,,,,,,,,,,,,,,,,,,,,,,,,,,,,,,,,
BAU,0,,T5CARBONATE_CERAMICSIPPU,,2018,,0.0593,0.0593,0.0593,0.0593,,,,,,,,,,,,,,,,,,,,,,,,,,,,,,,,,
BAU,0,,T5CARBONATE_CERAMICSIPPU,,2019,,0.0066,0.0066,0.0066,0.0066,,,,,,,,,,,,,,,,,,,,,,,,,,,,,,,,,
BAU,0,,T5CARBONATE_CERAMICSIPPU,,2020,,0.0205,0.0205,0.0205,0.0205,,,,,,,,,,,,,,,,,,,,,,,,,,,,,,,,,
BAU,0,,T5CARBONATE_CERAMICSIPPU,,2021,,0.0248,0.0248,0.0248,0.0248,,,,,,,,,,,,,,,,,,,,,,,,,,,,,,,,,
BAU,0,,T5CARBONATE_CERAMICSIPPU,,2022,,0.0301,0.0301,0.0301,0.0301,,,,,,,,,,,,,,,,,,,,,,,,,,,,,,,,,
BAU,0,,T5CARBONATE_CERAMICSIPPU,,2023,,0.0312,0.0312,0.0312,0.0312,,,,,,,,,,,,,,,,,,,,,,,,,,,,,,,,,
BAU,0,,T5CARBONATE_CERAMICSIPPU,,2024,,0.0324,0.0324,0.0324,0.0324,,,,,,,,,,,,,,,,,,,,,,,,,,,,,,,,,
BAU,0,,T5CARBONATE_CERAMICSIPPU,,2025,,0.0336,0.0336,0.0336,0.0336,,,,,,,,,,,,,,,,,,,,,,,,,,,,,,,,,
BAU,0,,T5CARBONATE_CERAMICSIPPU,,2026,,0.0349,0.0349,0.0349,0.0349,,,,,,,,,,,,,,,,,,,,,,,,,,,,,,,,,
BAU,0,,T5CARBONATE_CERAMICSIPPU,,2027,,0.0362,0.0362,0.0362,0.0362,,,,,,,,,,,,,,,,,,,,,,,,,,,,,,,,,
BAU,0,,T5CARBONATE_CERAMICSIPPU,,2028,,0.0376,0.0376,0.0376,0.0376,,,,,,,,,,,,,,,,,,,,,,,,,,,,,,,,,
BAU,0,,T5CARBONATE_CERAMICSIPPU,,2029,,0.039,0.039,0.039,0.039,,,,,,,,,,,,,,,,,,,,,,,,,,,,,,,,,
BAU,0,,T5CARBONATE_CERAMICSIPPU,,2030,,0.0405,0.0405,0.0405,0.0405,,,,,,,,,,,,,,,,,,,,,,,,,,,,,,,,,
BAU,0,,T5CARBONATE_CERAMICSIPPU,,2031,,0.0421,0.0421,0.0421,0.0421,,,,,,,,,,,,,,,,,,,,,,,,,,,,,,,,,
BAU,0,,T5CARBONATE_CERAMICSIPPU,,2032,,0.0437,0.0437,0.0437,0.0437,,,,,,,,,,,,,,,,,,,,,,,,,,,,,,,,,
BAU,0,,T5CARBONATE_CERAMICSIPPU,,2033,,0.0453,0.0453,0.0453,0.0453,,,,,,,,,,,,,,,,,,,,,,,,,,,,,,,,,
BAU,0,,T5CARBONATE_CERAMICSIPPU,,2034,,0.047,0.047,0.047,0.047,,,,,,,,,,,,,,,,,,,,,,,,,,,,,,,,,
BAU,0,,T5CARBONATE_CERAMICSIPPU,,2035,,0.0488,0.0488,0.0488,0.0488,,,,,,,,,,,,,,,,,,,,,,,,,,,,,,,,,
BAU,0,,T5CARBONATE_CERAMICSIPPU,,2036,,0.0507,0.0507,0.0507,0.0507,,,,,,,,,,,,,,,,,,,,,,,,,,,,,,,,,
BAU,0,,T5CARBONATE_CERAMICSIPPU,,2037,,0.0526,0.0526,0.0526,0.0526,,,,,,,,,,,,,,,,,,,,,,,,,,,,,,,,,
BAU,0,,T5CARBONATE_CERAMICSIPPU,,2038,,0.0546,0.0546,0.0546,0.0546,,,,,,,,,,,,,,,,,,,,,,,,,,,,,,,,,
BAU,0,,T5CARBONATE_CERAMICSIPPU,,2039,,0.0567,0.0567,0.0567,0.0567,,,,,,,,,,,,,,,,,,,,,,,,,,,,,,,,,
BAU,0,,T5CARBONATE_CERAMICSIPPU,,2040,,0.0588,0.0588,0.0588,0.0588,,,,,,,,,,,,,,,,,,,,,,,,,,,,,,,,,
BAU,0,,T5CARBONATE_CERAMICSIPPU,,2041,,0.0611,0.0611,0.0611,0.0611,,,,,,,,,,,,,,,,,,,,,,,,,,,,,,,,,
BAU,0,,T5CARBONATE_CERAMICSIPPU,,2042,,0.0634,0.0634,0.0634,0.0634,,,,,,,,,,,,,,,,,,,,,,,,,,,,,,,,,
BAU,0,,T5CARBONATE_CERAMICSIPPU,,2043,,0.0658,0.0658,0.0658,0.0658,,,,,,,,,,,,,,,,,,,,,,,,,,,,,,,,,
BAU,0,,T5CARBONATE_CERAMICSIPPU,,2044,,0.0683,0.0683,0.0683,0.0683,,,,,,,,,,,,,,,,,,,,,,,,,,,,,,,,,
BAU,0,,T5CARBONATE_CERAMICSIPPU,,2045,,0.0709,0.0709,0.0709,0.0709,,,,,,,,,,,,,,,,,,,,,,,,,,,,,,,,,
BAU,0,,T5CARBONATE_CERAMICSIPPU,,2046,,0.0736,0.0736,0.0736,0.0736,,,,,,,,,,,,,,,,,,,,,,,,,,,,,,,,,
BAU,0,,T5CARBONATE_CERAMICSIPPU,,2047,,0.0764,0.0764,0.0764,0.0764,,,,,,,,,,,,,,,,,,,,,,,,,,,,,,,,,
BAU,0,,T5CARBONATE_CERAMICSIPPU,,2048,,0.0793,0.0793,0.0793,0.0793,,,,,,,,,,,,,,,,,,,,,,,,,,,,,,,,,
BAU,0,,T5CARBONATE_CERAMICSIPPU,,2049,,0.0823,0.0823,0.0823,0.0823,,,,,,,,,,,,,,,,,,,,,,,,,,,,,,,,,
BAU,0,,T5CARBONATE_CERAMICSIPPU,,2050,,0.0854,0.0854,0.0854,0.0854,,,,,,,,,,,,,,,,,,,,,,,,,,,,,,,,,
BAU,0,,T5CARBONATE_ASHIPPU,,2018,,0.0216,0.0216,0.0216,0.0216,,,,,,,,,,,,,,,,,,,,,,,,,,,,,,,,,
BAU,0,,T5CARBONATE_ASHIPPU,,2019,,0.0308,0.0308,0.0308,0.0308,,,,,,,,,,,,,,,,,,,,,,,,,,,,,,,,,
BAU,0,,T5CARBONATE_ASHIPPU,,2020,,0.0288,0.0288,0.0288,0.0288,,,,,,,,,,,,,,,,,,,,,,,,,,,,,,,,,
BAU,0,,T5CARBONATE_ASHIPPU,,2021,,0.0356,0.0356,0.0356,0.0356,,,,,,,,,,,,,,,,,,,,,,,,,,,,,,,,,
BAU,0,,T5CARBONATE_ASHIPPU,,2022,,0.0367,0.0367,0.0367,0.0367,,,,,,,,,,,,,,,,,,,,,,,,,,,,,,,,,
BAU,0,,T5CARBONATE_ASHIPPU,,2023,,0.0381,0.0381,0.0381,0.0381,,,,,,,,,,,,,,,,,,,,,,,,,,,,,,,,,
BAU,0,,T5CARBONATE_ASHIPPU,,2024,,0.0396,0.0396,0.0396,0.0396,,,,,,,,,,,,,,,,,,,,,,,,,,,,,,,,,
BAU,0,,T5CARBONATE_ASHIPPU,,2025,,0.0411,0.0411,0.0411,0.0411,,,,,,,,,,,,,,,,,,,,,,,,,,,,,,,,,
BAU,0,,T5CARBONATE_ASHIPPU,,2026,,0.0426,0.0426,0.0426,0.0426,,,,,,,,,,,,,,,,,,,,,,,,,,,,,,,,,
BAU,0,,T5CARBONATE_ASHIPPU,,2027,,0.0443,0.0443,0.0443,0.0443,,,,,,,,,,,,,,,,,,,,,,,,,,,,,,,,,
BAU,0,,T5CARBONATE_ASHIPPU,,2028,,0.0459,0.0459,0.0459,0.0459,,,,,,,,,,,,,,,,,,,,,,,,,,,,,,,,,
BAU,0,,T5CARBONATE_ASHIPPU,,2029,,0.0477,0.0477,0.0477,0.0477,,,,,,,,,,,,,,,,,,,,,,,,,,,,,,,,,
BAU,0,,T5CARBONATE_ASHIPPU,,2030,,0.0495,0.0495,0.0495,0.0495,,,,,,,,,,,,,,,,,,,,,,,,,,,,,,,,,
BAU,0,,T5CARBONATE_ASHIPPU,,2031,,0.0514,0.0514,0.0514,0.0514,,,,,,,,,,,,,,,,,,,,,,,,,,,,,,,,,
BAU,0,,T5CARBONATE_ASHIPPU,,2032,,0.0533,0.0533,0.0533,0.0533,,,,,,,,,,,,,,,,,,,,,,,,,,,,,,,,,
BAU,0,,T5CARBONATE_ASHIPPU,,2033,,0.0554,0.0554,0.0554,0.0554,,,,,,,,,,,,,,,,,,,,,,,,,,,,,,,,,
BAU,0,,T5CARBONATE_ASHIPPU,,2034,,0.0575,0.0575,0.0575,0.0575,,,,,,,,,,,,,,,,,,,,,,,,,,,,,,,,,
BAU,0,,T5CARBONATE_ASHIPPU,,2035,,0.0596,0.0596,0.0596,0.0596,,,,,,,,,,,,,,,,,,,,,,,,,,,,,,,,,
BAU,0,,T5CARBONATE_ASHIPPU,,2036,,0.0619,0.0619,0.0619,0.0619,,,,,,,,,,,,,,,,,,,,,,,,,,,,,,,,,
BAU,0,,T5CARBONATE_ASHIPPU,,2037,,0.0643,0.0643,0.0643,0.0643,,,,,,,,,,,,,,,,,,,,,,,,,,,,,,,,,
BAU,0,,T5CARBONATE_ASHIPPU,,2038,,0.0667,0.0667,0.0667,0.0667,,,,,,,,,,,,,,,,,,,,,,,,,,,,,,,,,
BAU,0,,T5CARBONATE_ASHIPPU,,2039,,0.0692,0.0692,0.0692,0.0692,,,,,,,,,,,,,,,,,,,,,,,,,,,,,,,,,
BAU,0,,T5CARBONATE_ASHIPPU,,2040,,0.0719,0.0719,0.0719,0.0719,,,,,,,,,,,,,,,,,,,,,,,,,,,,,,,,,
BAU,0,,T5CARBONATE_ASHIPPU,,2041,,0.0746,0.0746,0.0746,0.0746,,,,,,,,,,,,,,,,,,,,,,,,,,,,,,,,,
BAU,0,,T5CARBONATE_ASHIPPU,,2042,,0.0774,0.0774,0.0774,0.0774,,,,,,,,,,,,,,,,,,,,,,,,,,,,,,,,,
BAU,0,,T5CARBONATE_ASHIPPU,,2043,,0.0804,0.0804,0.0804,0.0804,,,,,,,,,,,,,,,,,,,,,,,,,,,,,,,,,
BAU,0,,T5CARBONATE_ASHIPPU,,2044,,0.0834,0.0834,0.0834,0.0834,,,,,,,,,,,,,,,,,,,,,,,,,,,,,,,,,
BAU,0,,T5CARBONATE_ASHIPPU,,2045,,0.0866,0.0866,0.0866,0.0866,,,,,,,,,,,,,,,,,,,,,,,,,,,,,,,,,
BAU,0,,T5CARBONATE_ASHIPPU,,2046,,0.0899,0.0899,0.0899,0.0899,,,,,,,,,,,,,,,,,,,,,,,,,,,,,,,,,
BAU,0,,T5CARBONATE_ASHIPPU,,2047,,0.0933,0.0933,0.0933,0.0933,,,,,,,,,,,,,,,,,,,,,,,,,,,,,,,,,
BAU,0,,T5CARBONATE_ASHIPPU,,2048,,0.0968,0.0968,0.0968,0.0968,,,,,,,,,,,,,,,,,,,,,,,,,,,,,,,,,
BAU,0,,T5CARBONATE_ASHIPPU,,2049,,0.1005,0.1005,0.1005,0.1005,,,,,,,,,,,,,,,,,,,,,,,,,,,,,,,,,
BAU,0,,T5CARBONATE_ASHIPPU,,2050,,0.1043,0.1043,0.1043,0.1043,,,,,,,,,,,,,,,,,,,,,,,,,,,,,,,,,
BAU,0,,T5IRON_STEELIPPU,,2018,,0.2812,0.2812,0.2812,0.2812,,,,,,,,,,,,,,,,,,,,,,,,,,,,,,,,,
BAU,0,,T5IRON_STEELIPPU,,2019,,0.294,0.294,0.294,0.294,,,,,,,,,,,,,,,,,,,,,,,,,,,,,,,,,
BAU,0,,T5IRON_STEELIPPU,,2020,,0.3069,0.3069,0.3069,0.3069,,,,,,,,,,,,,,,,,,,,,,,,,,,,,,,,,
BAU,0,,T5IRON_STEELIPPU,,2021,,0.2711,0.2711,0.2711,0.2711,,,,,,,,,,,,,,,,,,,,,,,,,,,,,,,,,
BAU,0,,T5IRON_STEELIPPU,,2022,,0.1335,0.1335,0.1335,0.1335,,,,,,,,,,,,,,,,,,,,,,,,,,,,,,,,,
BAU,0,,T5IRON_STEELIPPU,,2023,,0.1386,0.1386,0.1386,0.1386,,,,,,,,,,,,,,,,,,,,,,,,,,,,,,,,,
BAU,0,,T5IRON_STEELIPPU,,2024,,0.1438,0.1438,0.1438,0.1438,,,,,,,,,,,,,,,,,,,,,,,,,,,,,,,,,
BAU,0,,T5IRON_STEELIPPU,,2025,,0.1493,0.1493,0.1493,0.1493,,,,,,,,,,,,,,,,,,,,,,,,,,,,,,,,,
BAU,0,,T5IRON_STEELIPPU,,2026,,0.155,0.155,0.155,0.155,,,,,,,,,,,,,,,,,,,,,,,,,,,,,,,,,
BAU,0,,T5IRON_STEELIPPU,,2027,,0.1609,0.1609,0.1609,0.1609,,,,,,,,,,,,,,,,,,,,,,,,,,,,,,,,,
BAU,0,,T5IRON_STEELIPPU,,2028,,0.167,0.167,0.167,0.167,,,,,,,,,,,,,,,,,,,,,,,,,,,,,,,,,
BAU,0,,T5IRON_STEELIPPU,,2029,,0.1733,0.1733,0.1733,0.1733,,,,,,,,,,,,,,,,,,,,,,,,,,,,,,,,,
BAU,0,,T5IRON_STEELIPPU,,2030,,0.1799,0.1799,0.1799,0.1799,,,,,,,,,,,,,,,,,,,,,,,,,,,,,,,,,
BAU,0,,T5IRON_STEELIPPU,,2031,,0.1867,0.1867,0.1867,0.1867,,,,,,,,,,,,,,,,,,,,,,,,,,,,,,,,,
BAU,0,,T5IRON_STEELIPPU,,2032,,0.1938,0.1938,0.1938,0.1938,,,,,,,,,,,,,,,,,,,,,,,,,,,,,,,,,
BAU,0,,T5IRON_STEELIPPU,,2033,,0.2012,0.2012,0.2012,0.2012,,,,,,,,,,,,,,,,,,,,,,,,,,,,,,,,,
BAU,0,,T5IRON_STEELIPPU,,2034,,0.2089,0.2089,0.2089,0.2089,,,,,,,,,,,,,,,,,,,,,,,,,,,,,,,,,
BAU,0,,T5IRON_STEELIPPU,,2035,,0.2168,0.2168,0.2168,0.2168,,,,,,,,,,,,,,,,,,,,,,,,,,,,,,,,,
BAU,0,,T5IRON_STEELIPPU,,2036,,0.225,0.225,0.225,0.225,,,,,,,,,,,,,,,,,,,,,,,,,,,,,,,,,
BAU,0,,T5IRON_STEELIPPU,,2037,,0.2336,0.2336,0.2336,0.2336,,,,,,,,,,,,,,,,,,,,,,,,,,,,,,,,,
BAU,0,,T5IRON_STEELIPPU,,2038,,0.2425,0.2425,0.2425,0.2425,,,,,,,,,,,,,,,,,,,,,,,,,,,,,,,,,
BAU,0,,T5IRON_STEELIPPU,,2039,,0.2517,0.2517,0.2517,0.2517,,,,,,,,,,,,,,,,,,,,,,,,,,,,,,,,,
BAU,0,,T5IRON_STEELIPPU,,2040,,0.2612,0.2612,0.2612,0.2612,,,,,,,,,,,,,,,,,,,,,,,,,,,,,,,,,
BAU,0,,T5IRON_STEELIPPU,,2041,,0.2712,0.2712,0.2712,0.2712,,,,,,,,,,,,,,,,,,,,,,,,,,,,,,,,,
BAU,0,,T5IRON_STEELIPPU,,2042,,0.2815,0.2815,0.2815,0.2815,,,,,,,,,,,,,,,,,,,,,,,,,,,,,,,,,
BAU,0,,T5IRON_STEELIPPU,,2043,,0.2922,0.2922,0.2922,0.2922,,,,,,,,,,,,,,,,,,,,,,,,,,,,,,,,,
BAU,0,,T5IRON_STEELIPPU,,2044,,0.3033,0.3033,0.3033,0.3033,,,,,,,,,,,,,,,,,,,,,,,,,,,,,,,,,
BAU,0,,T5IRON_STEELIPPU,,2045,,0.3148,0.3148,0.3148,0.3148,,,,,,,,,,,,,,,,,,,,,,,,,,,,,,,,,
BAU,0,,T5IRON_STEELIPPU,,2046,,0.3268,0.3268,0.3268,0.3268,,,,,,,,,,,,,,,,,,,,,,,,,,,,,,,,,
BAU,0,,T5IRON_STEELIPPU,,2047,,0.3392,0.3392,0.3392,0.3392,,,,,,,,,,,,,,,,,,,,,,,,,,,,,,,,,
BAU,0,,T5IRON_STEELIPPU,,2048,,0.3521,0.3521,0.3521,0.3521,,,,,,,,,,,,,,,,,,,,,,,,,,,,,,,,,
BAU,0,,T5IRON_STEELIPPU,,2049,,0.3654,0.3654,0.3654,0.3654,,,,,,,,,,,,,,,,,,,,,,,,,,,,,,,,,
BAU,0,,T5IRON_STEELIPPU,,2050,,0.3793,0.3793,0.3793,0.3793,,,,,,,,,,,,,,,,,,,,,,,,,,,,,,,,,
BAU,0,,T5PROD_FERROIPPU,,2018,,0.3735,0.3735,0.3735,0.3735,,,,,,,,,,,,,,,,,,,,,,,,,,,,,,,,,
BAU,0,,T5PROD_FERROIPPU,,2019,,0.4729,0.4729,0.4729,0.4729,,,,,,,,,,,,,,,,,,,,,,,,,,,,,,,,,
BAU,0,,T5PROD_FERROIPPU,,2020,,0.5724,0.5724,0.5724,0.5724,,,,,,,,,,,,,,,,,,,,,,,,,,,,,,,,,
BAU,0,,T5PROD_FERROIPPU,,2021,,0.0605,0.0605,0.0605,0.0605,,,,,,,,,,,,,,,,,,,,,,,,,,,,,,,,,
BAU,0,,T5PROD_FERROIPPU,,2022,,0.0279,0.0279,0.0279,0.0279,,,,,,,,,,,,,,,,,,,,,,,,,,,,,,,,,
BAU,0,,T5PROD_FERROIPPU,,2023,,0.029,0.029,0.029,0.029,,,,,,,,,,,,,,,,,,,,,,,,,,,,,,,,,
BAU,0,,T5PROD_FERROIPPU,,2024,,0.0301,0.0301,0.0301,0.0301,,,,,,,,,,,,,,,,,,,,,,,,,,,,,,,,,
BAU,0,,T5PROD_FERROIPPU,,2025,,0.0312,0.0312,0.0312,0.0312,,,,,,,,,,,,,,,,,,,,,,,,,,,,,,,,,
BAU,0,,T5PROD_FERROIPPU,,2026,,0.0324,0.0324,0.0324,0.0324,,,,,,,,,,,,,,,,,,,,,,,,,,,,,,,,,
BAU,0,,T5PROD_FERROIPPU,,2027,,0.0336,0.0336,0.0336,0.0336,,,,,,,,,,,,,,,,,,,,,,,,,,,,,,,,,
BAU,0,,T5PROD_FERROIPPU,,2028,,0.0349,0.0349,0.0349,0.0349,,,,,,,,,,,,,,,,,,,,,,,,,,,,,,,,,
BAU,0,,T5PROD_FERROIPPU,,2029,,0.0363,0.0363,0.0363,0.0363,,,,,,,,,,,,,,,,,,,,,,,,,,,,,,,,,
BAU,0,,T5PROD_FERROIPPU,,2030,,0.0376,0.0376,0.0376,0.0376,,,,,,,,,,,,,,,,,,,,,,,,,,,,,,,,,
BAU,0,,T5PROD_FERROIPPU,,2031,,0.0391,0.0391,0.0391,0.0391,,,,,,,,,,,,,,,,,,,,,,,,,,,,,,,,,
BAU,0,,T5PROD_FERROIPPU,,2032,,0.0405,0.0405,0.0405,0.0405,,,,,,,,,,,,,,,,,,,,,,,,,,,,,,,,,
BAU,0,,T5PROD_FERROIPPU,,2033,,0.0421,0.0421,0.0421,0.0421,,,,,,,,,,,,,,,,,,,,,,,,,,,,,,,,,
BAU,0,,T5PROD_FERROIPPU,,2034,,0.0437,0.0437,0.0437,0.0437,,,,,,,,,,,,,,,,,,,,,,,,,,,,,,,,,
BAU,0,,T5PROD_FERROIPPU,,2035,,0.0453,0.0453,0.0453,0.0453,,,,,,,,,,,,,,,,,,,,,,,,,,,,,,,,,
BAU,0,,T5PROD_FERROIPPU,,2036,,0.0471,0.0471,0.0471,0.0471,,,,,,,,,,,,,,,,,,,,,,,,,,,,,,,,,
BAU,0,,T5PROD_FERROIPPU,,2037,,0.0489,0.0489,0.0489,0.0489,,,,,,,,,,,,,,,,,,,,,,,,,,,,,,,,,
BAU,0,,T5PROD_FERROIPPU,,2038,,0.0507,0.0507,0.0507,0.0507,,,,,,,,,,,,,,,,,,,,,,,,,,,,,,,,,
BAU,0,,T5PROD_FERROIPPU,,2039,,0.0526,0.0526,0.0526,0.0526,,,,,,,,,,,,,,,,,,,,,,,,,,,,,,,,,
BAU,0,,T5PROD_FERROIPPU,,2040,,0.0546,0.0546,0.0546,0.0546,,,,,,,,,,,,,,,,,,,,,,,,,,,,,,,,,
BAU,0,,T5PROD_FERROIPPU,,2041,,0.0567,0.0567,0.0567,0.0567,,,,,,,,,,,,,,,,,,,,,,,,,,,,,,,,,
BAU,0,,T5PROD_FERROIPPU,,2042,,0.0589,0.0589,0.0589,0.0589,,,,,,,,,,,,,,,,,,,,,,,,,,,,,,,,,
BAU,0,,T5PROD_FERROIPPU,,2043,,0.0611,0.0611,0.0611,0.0611,,,,,,,,,,,,,,,,,,,,,,,,,,,,,,,,,
BAU,0,,T5PROD_FERROIPPU,,2044,,0.0634,0.0634,0.0634,0.0634,,,,,,,,,,,,,,,,,,,,,,,,,,,,,,,,,
BAU,0,,T5PROD_FERROIPPU,,2045,,0.0658,0.0658,0.0658,0.0658,,,,,,,,,,,,,,,,,,,,,,,,,,,,,,,,,
BAU,0,,T5PROD_FERROIPPU,,2046,,0.0683,0.0683,0.0683,0.0683,,,,,,,,,,,,,,,,,,,,,,,,,,,,,,,,,
BAU,0,,T5PROD_FERROIPPU,,2047,,0.0709,0.0709,0.0709,0.0709,,,,,,,,,,,,,,,,,,,,,,,,,,,,,,,,,
BAU,0,,T5PROD_FERROIPPU,,2048,,0.0736,0.0736,0.0736,0.0736,,,,,,,,,,,,,,,,,,,,,,,,,,,,,,,,,
BAU,0,,T5PROD_FERROIPPU,,2049,,0.0764,0.0764,0.0764,0.0764,,,,,,,,,,,,,,,,,,,,,,,,,,,,,,,,,
BAU,0,,T5PROD_FERROIPPU,,2050,,0.0793,0.0793,0.0793,0.0793,,,,,,,,,,,,,,,,,,,,,,,,,,,,,,,,,
BAU,0,,T5LUBRI_OILSIPPU,,2018,,0.0442,0.0442,0.0442,0.0442,,,,,,,,,,,,,,,,,,,,,,,,,,,,,,,,,
BAU,0,,T5LUBRI_OILSIPPU,,2019,,0.0084,0.0084,0.0084,0.0084,,,,,,,,,,,,,,,,,,,,,,,,,,,,,,,,,
BAU,0,,T5LUBRI_OILSIPPU,,2020,,0.0084,0.0084,0.0084,0.0084,,,,,,,,,,,,,,,,,,,,,,,,,,,,,,,,,
BAU,0,,T5LUBRI_OILSIPPU,,2021,,0.0598,0.0598,0.0598,0.0598,,,,,,,,,,,,,,,,,,,,,,,,,,,,,,,,,
BAU,0,,T5LUBRI_OILSIPPU,,2022,,0.0598,0.0598,0.0598,0.0598,,,,,,,,,,,,,,,,,,,,,,,,,,,,,,,,,
BAU,0,,T5LUBRI_OILSIPPU,,2023,,0.062,0.062,0.062,0.062,,,,,,,,,,,,,,,,,,,,,,,,,,,,,,,,,
BAU,0,,T5LUBRI_OILSIPPU,,2024,,0.0644,0.0644,0.0644,0.0644,,,,,,,,,,,,,,,,,,,,,,,,,,,,,,,,,
BAU,0,,T5LUBRI_OILSIPPU,,2025,,0.0668,0.0668,0.0668,0.0668,,,,,,,,,,,,,,,,,,,,,,,,,,,,,,,,,
BAU,0,,T5LUBRI_OILSIPPU,,2026,,0.0694,0.0694,0.0694,0.0694,,,,,,,,,,,,,,,,,,,,,,,,,,,,,,,,,
BAU,0,,T5LUBRI_OILSIPPU,,2027,,0.072,0.072,0.072,0.072,,,,,,,,,,,,,,,,,,,,,,,,,,,,,,,,,
BAU,0,,T5LUBRI_OILSIPPU,,2028,,0.0747,0.0747,0.0747,0.0747,,,,,,,,,,,,,,,,,,,,,,,,,,,,,,,,,
BAU,0,,T5LUBRI_OILSIPPU,,2029,,0.0776,0.0776,0.0776,0.0776,,,,,,,,,,,,,,,,,,,,,,,,,,,,,,,,,
BAU,0,,T5LUBRI_OILSIPPU,,2030,,0.0805,0.0805,0.0805,0.0805,,,,,,,,,,,,,,,,,,,,,,,,,,,,,,,,,
BAU,0,,T5LUBRI_OILSIPPU,,2031,,0.0836,0.0836,0.0836,0.0836,,,,,,,,,,,,,,,,,,,,,,,,,,,,,,,,,
BAU,0,,T5LUBRI_OILSIPPU,,2032,,0.0868,0.0868,0.0868,0.0868,,,,,,,,,,,,,,,,,,,,,,,,,,,,,,,,,
BAU,0,,T5LUBRI_OILSIPPU,,2033,,0.0901,0.0901,0.0901,0.0901,,,,,,,,,,,,,,,,,,,,,,,,,,,,,,,,,
BAU,0,,T5LUBRI_OILSIPPU,,2034,,0.0935,0.0935,0.0935,0.0935,,,,,,,,,,,,,,,,,,,,,,,,,,,,,,,,,
BAU,0,,T5LUBRI_OILSIPPU,,2035,,0.097,0.097,0.097,0.097,,,,,,,,,,,,,,,,,,,,,,,,,,,,,,,,,
BAU,0,,T5LUBRI_OILSIPPU,,2036,,0.1007,0.1007,0.1007,0.1007,,,,,,,,,,,,,,,,,,,,,,,,,,,,,,,,,
BAU,0,,T5LUBRI_OILSIPPU,,2037,,0.1045,0.1045,0.1045,0.1045,,,,,,,,,,,,,,,,,,,,,,,,,,,,,,,,,
BAU,0,,T5LUBRI_OILSIPPU,,2038,,0.1085,0.1085,0.1085,0.1085,,,,,,,,,,,,,,,,,,,,,,,,,,,,,,,,,
BAU,0,,T5LUBRI_OILSIPPU,,2039,,0.1126,0.1126,0.1126,0.1126,,,,,,,,,,,,,,,,,,,,,,,,,,,,,,,,,
BAU,0,,T5LUBRI_OILSIPPU,,2040,,0.1169,0.1169,0.1169,0.1169,,,,,,,,,,,,,,,,,,,,,,,,,,,,,,,,,
BAU,0,,T5LUBRI_OILSIPPU,,2041,,0.1214,0.1214,0.1214,0.1214,,,,,,,,,,,,,,,,,,,,,,,,,,,,,,,,,
BAU,0,,T5LUBRI_OILSIPPU,,2042,,0.126,0.126,0.126,0.126,,,,,,,,,,,,,,,,,,,,,,,,,,,,,,,,,
BAU,0,,T5LUBRI_OILSIPPU,,2043,,0.1308,0.1308,0.1308,0.1308,,,,,,,,,,,,,,,,,,,,,,,,,,,,,,,,,
BAU,0,,T5LUBRI_OILSIPPU,,2044,,0.1357,0.1357,0.1357,0.1357,,,,,,,,,,,,,,,,,,,,,,,,,,,,,,,,,
BAU,0,,T5LUBRI_OILSIPPU,,2045,,0.1409,0.1409,0.1409,0.1409,,,,,,,,,,,,,,,,,,,,,,,,,,,,,,,,,
BAU,0,,T5LUBRI_OILSIPPU,,2046,,0.1462,0.1462,0.1462,0.1462,,,,,,,,,,,,,,,,,,,,,,,,,,,,,,,,,
BAU,0,,T5LUBRI_OILSIPPU,,2047,,0.1518,0.1518,0.1518,0.1518,,,,,,,,,,,,,,,,,,,,,,,,,,,,,,,,,
BAU,0,,T5LUBRI_OILSIPPU,,2048,,0.1576,0.1576,0.1576,0.1576,,,,,,,,,,,,,,,,,,,,,,,,,,,,,,,,,
BAU,0,,T5LUBRI_OILSIPPU,,2049,,0.1636,0.1636,0.1636,0.1636,,,,,,,,,,,,,,,,,,,,,,,,,,,,,,,,,
BAU,0,,T5LUBRI_OILSIPPU,,2050,,0.1698,0.1698,0.1698,0.1698,,,,,,,,,,,,,,,,,,,,,,,,,,,,,,,,,
BAU,0,,T5PARAFFINIPPU,,2018,,0.0092,0.0092,0.0092,0.0092,,,,,,,,,,,,,,,,,,,,,,,,,,,,,,,,,
BAU,0,,T5PARAFFINIPPU,,2019,,0.0019,0.0019,0.0019,0.0019,,,,,,,,,,,,,,,,,,,,,,,,,,,,,,,,,
BAU,0,,T5PARAFFINIPPU,,2020,,0.0031,0.0031,0.0031,0.0031,,,,,,,,,,,,,,,,,,,,,,,,,,,,,,,,,
BAU,0,,T5PARAFFINIPPU,,2021,,0.0165,0.0165,0.0165,0.0165,,,,,,,,,,,,,,,,,,,,,,,,,,,,,,,,,
BAU,0,,T5PARAFFINIPPU,,2022,,0.0167,0.0167,0.0167,0.0167,,,,,,,,,,,,,,,,,,,,,,,,,,,,,,,,,
BAU,0,,T5PARAFFINIPPU,,2023,,0.0173,0.0173,0.0173,0.0173,,,,,,,,,,,,,,,,,,,,,,,,,,,,,,,,,
BAU,0,,T5PARAFFINIPPU,,2024,,0.018,0.018,0.018,0.018,,,,,,,,,,,,,,,,,,,,,,,,,,,,,,,,,
BAU,0,,T5PARAFFINIPPU,,2025,,0.0186,0.0186,0.0186,0.0186,,,,,,,,,,,,,,,,,,,,,,,,,,,,,,,,,
BAU,0,,T5PARAFFINIPPU,,2026,,0.0194,0.0194,0.0194,0.0194,,,,,,,,,,,,,,,,,,,,,,,,,,,,,,,,,
BAU,0,,T5PARAFFINIPPU,,2027,,0.0201,0.0201,0.0201,0.0201,,,,,,,,,,,,,,,,,,,,,,,,,,,,,,,,,
BAU,0,,T5PARAFFINIPPU,,2028,,0.0209,0.0209,0.0209,0.0209,,,,,,,,,,,,,,,,,,,,,,,,,,,,,,,,,
BAU,0,,T5PARAFFINIPPU,,2029,,0.0216,0.0216,0.0216,0.0216,,,,,,,,,,,,,,,,,,,,,,,,,,,,,,,,,
BAU,0,,T5PARAFFINIPPU,,2030,,0.0225,0.0225,0.0225,0.0225,,,,,,,,,,,,,,,,,,,,,,,,,,,,,,,,,
BAU,0,,T5PARAFFINIPPU,,2031,,0.0233,0.0233,0.0233,0.0233,,,,,,,,,,,,,,,,,,,,,,,,,,,,,,,,,
BAU,0,,T5PARAFFINIPPU,,2032,,0.0242,0.0242,0.0242,0.0242,,,,,,,,,,,,,,,,,,,,,,,,,,,,,,,,,
BAU,0,,T5PARAFFINIPPU,,2033,,0.0251,0.0251,0.0251,0.0251,,,,,,,,,,,,,,,,,,,,,,,,,,,,,,,,,
BAU,0,,T5PARAFFINIPPU,,2034,,0.0261,0.0261,0.0261,0.0261,,,,,,,,,,,,,,,,,,,,,,,,,,,,,,,,,
BAU,0,,T5PARAFFINIPPU,,2035,,0.0271,0.0271,0.0271,0.0271,,,,,,,,,,,,,,,,,,,,,,,,,,,,,,,,,
BAU,0,,T5PARAFFINIPPU,,2036,,0.0281,0.0281,0.0281,0.0281,,,,,,,,,,,,,,,,,,,,,,,,,,,,,,,,,
BAU,0,,T5PARAFFINIPPU,,2037,,0.0292,0.0292,0.0292,0.0292,,,,,,,,,,,,,,,,,,,,,,,,,,,,,,,,,
BAU,0,,T5PARAFFINIPPU,,2038,,0.0303,0.0303,0.0303,0.0303,,,,,,,,,,,,,,,,,,,,,,,,,,,,,,,,,
BAU,0,,T5PARAFFINIPPU,,2039,,0.0314,0.0314,0.0314,0.0314,,,,,,,,,,,,,,,,,,,,,,,,,,,,,,,,,
BAU,0,,T5PARAFFINIPPU,,2040,,0.0326,0.0326,0.0326,0.0326,,,,,,,,,,,,,,,,,,,,,,,,,,,,,,,,,
BAU,0,,T5PARAFFINIPPU,,2041,,0.0339,0.0339,0.0339,0.0339,,,,,,,,,,,,,,,,,,,,,,,,,,,,,,,,,
BAU,0,,T5PARAFFINIPPU,,2042,,0.0351,0.0351,0.0351,0.0351,,,,,,,,,,,,,,,,,,,,,,,,,,,,,,,,,
BAU,0,,T5PARAFFINIPPU,,2043,,0.0365,0.0365,0.0365,0.0365,,,,,,,,,,,,,,,,,,,,,,,,,,,,,,,,,
BAU,0,,T5PARAFFINIPPU,,2044,,0.0379,0.0379,0.0379,0.0379,,,,,,,,,,,,,,,,,,,,,,,,,,,,,,,,,
BAU,0,,T5PARAFFINIPPU,,2045,,0.0393,0.0393,0.0393,0.0393,,,,,,,,,,,,,,,,,,,,,,,,,,,,,,,,,
BAU,0,,T5PARAFFINIPPU,,2046,,0.0408,0.0408,0.0408,0.0408,,,,,,,,,,,,,,,,,,,,,,,,,,,,,,,,,
BAU,0,,T5PARAFFINIPPU,,2047,,0.0424,0.0424,0.0424,0.0424,,,,,,,,,,,,,,,,,,,,,,,,,,,,,,,,,
BAU,0,,T5PARAFFINIPPU,,2048,,0.044,0.044,0.044,0.044,,,,,,,,,,,,,,,,,,,,,,,,,,,,,,,,,
BAU,0,,T5PARAFFINIPPU,,2049,,0.0456,0.0456,0.0456,0.0456,,,,,,,,,,,,,,,,,,,,,,,,,,,,,,,,,
BAU,0,,T5PARAFFINIPPU,,2050,,0.0474,0.0474,0.0474,0.0474,,,,,,,,,,,,,,,,,,,,,,,,,,,,,,,,,
BAU,0,,T5REFR_AC_HFC32IPPU,,2018,,0.0165,0.0165,0.0165,0.0165,,,,,,,,,,,,,,,,,,,,,,,,,,,,,,,,,
BAU,0,,T5REFR_AC_HFC32IPPU,,2019,,0.0285,0.0285,0.0285,0.0285,,,,,,,,,,,,,,,,,,,,,,,,,,,,,,,,,
BAU,0,,T5REFR_AC_HFC32IPPU,,2020,,0.0349,0.0349,0.0349,0.0349,,,,,,,,,,,,,,,,,,,,,,,,,,,,,,,,,
BAU,0,,T5REFR_AC_HFC32IPPU,,2021,,0.0394,0.0394,0.0394,0.0394,,,,,,,,,,,,,,,,,,,,,,,,,,,,,,,,,
BAU,0,,T5REFR_AC_HFC32IPPU,,2022,,0.0519,0.0519,0.0519,0.0519,,,,,,,,,,,,,,,,,,,,,,,,,,,,,,,,,
BAU,0,,T5REFR_AC_HFC32IPPU,,2023,,0.0532,0.0532,0.0532,0.0532,,,,,,,,,,,,,,,,,,,,,,,,,,,,,,,,,
BAU,0,,T5REFR_AC_HFC32IPPU,,2024,,0.0545,0.0545,0.0545,0.0545,,,,,,,,,,,,,,,,,,,,,,,,,,,,,,,,,
BAU,0,,T5REFR_AC_HFC32IPPU,,2025,,0.0559,0.0559,0.0559,0.0559,,,,,,,,,,,,,,,,,,,,,,,,,,,,,,,,,
BAU,0,,T5REFR_AC_HFC32IPPU,,2026,,0.0573,0.0573,0.0573,0.0573,,,,,,,,,,,,,,,,,,,,,,,,,,,,,,,,,
BAU,0,,T5REFR_AC_HFC32IPPU,,2027,,0.0587,0.0587,0.0587,0.0587,,,,,,,,,,,,,,,,,,,,,,,,,,,,,,,,,
BAU,0,,T5REFR_AC_HFC32IPPU,,2028,,0.0602,0.0602,0.0602,0.0602,,,,,,,,,,,,,,,,,,,,,,,,,,,,,,,,,
BAU,0,,T5REFR_AC_HFC32IPPU,,2029,,0.0617,0.0617,0.0617,0.0617,,,,,,,,,,,,,,,,,,,,,,,,,,,,,,,,,
BAU,0,,T5REFR_AC_HFC32IPPU,,2030,,0.0633,0.0633,0.0633,0.0633,,,,,,,,,,,,,,,,,,,,,,,,,,,,,,,,,
BAU,0,,T5REFR_AC_HFC32IPPU,,2031,,0.0648,0.0648,0.0648,0.0648,,,,,,,,,,,,,,,,,,,,,,,,,,,,,,,,,
BAU,0,,T5REFR_AC_HFC32IPPU,,2032,,0.0665,0.0665,0.0665,0.0665,,,,,,,,,,,,,,,,,,,,,,,,,,,,,,,,,
BAU,0,,T5REFR_AC_HFC32IPPU,,2033,,0.0681,0.0681,0.0681,0.0681,,,,,,,,,,,,,,,,,,,,,,,,,,,,,,,,,
BAU,0,,T5REFR_AC_HFC32IPPU,,2034,,0.0698,0.0698,0.0698,0.0698,,,,,,,,,,,,,,,,,,,,,,,,,,,,,,,,,
BAU,0,,T5REFR_AC_HFC32IPPU,,2035,,0.0716,0.0716,0.0716,0.0716,,,,,,,,,,,,,,,,,,,,,,,,,,,,,,,,,
BAU,0,,T5REFR_AC_HFC32IPPU,,2036,,0.0734,0.0734,0.0734,0.0734,,,,,,,,,,,,,,,,,,,,,,,,,,,,,,,,,
BAU,0,,T5REFR_AC_HFC32IPPU,,2037,,0.0752,0.0752,0.0752,0.0752,,,,,,,,,,,,,,,,,,,,,,,,,,,,,,,,,
BAU,0,,T5REFR_AC_HFC32IPPU,,2038,,0.0771,0.0771,0.0771,0.0771,,,,,,,,,,,,,,,,,,,,,,,,,,,,,,,,,
BAU,0,,T5REFR_AC_HFC32IPPU,,2039,,0.079,0.079,0.079,0.079,,,,,,,,,,,,,,,,,,,,,,,,,,,,,,,,,
BAU,0,,T5REFR_AC_HFC32IPPU,,2040,,0.081,0.081,0.081,0.081,,,,,,,,,,,,,,,,,,,,,,,,,,,,,,,,,
BAU,0,,T5REFR_AC_HFC32IPPU,,2041,,0.083,0.083,0.083,0.083,,,,,,,,,,,,,,,,,,,,,,,,,,,,,,,,,
BAU,0,,T5REFR_AC_HFC32IPPU,,2042,,0.0851,0.0851,0.0851,0.0851,,,,,,,,,,,,,,,,,,,,,,,,,,,,,,,,,
BAU,0,,T5REFR_AC_HFC32IPPU,,2043,,0.0872,0.0872,0.0872,0.0872,,,,,,,,,,,,,,,,,,,,,,,,,,,,,,,,,
BAU,0,,T5REFR_AC_HFC32IPPU,,2044,,0.0894,0.0894,0.0894,0.0894,,,,,,,,,,,,,,,,,,,,,,,,,,,,,,,,,
BAU,0,,T5REFR_AC_HFC32IPPU,,2045,,0.0916,0.0916,0.0916,0.0916,,,,,,,,,,,,,,,,,,,,,,,,,,,,,,,,,
BAU,0,,T5REFR_AC_HFC32IPPU,,2046,,0.0939,0.0939,0.0939,0.0939,,,,,,,,,,,,,,,,,,,,,,,,,,,,,,,,,
BAU,0,,T5REFR_AC_HFC32IPPU,,2047,,0.0963,0.0963,0.0963,0.0963,,,,,,,,,,,,,,,,,,,,,,,,,,,,,,,,,
BAU,0,,T5REFR_AC_HFC32IPPU,,2048,,0.0987,0.0987,0.0987,0.0987,,,,,,,,,,,,,,,,,,,,,,,,,,,,,,,,,
BAU,0,,T5REFR_AC_HFC32IPPU,,2049,,0.1011,0.1011,0.1011,0.1011,,,,,,,,,,,,,,,,,,,,,,,,,,,,,,,,,
BAU,0,,T5REFR_AC_HFC32IPPU,,2050,,0.1037,0.1037,0.1037,0.1037,,,,,,,,,,,,,,,,,,,,,,,,,,,,,,,,,
BAU,0,,T5REFR_AC_HFC125IPPU,,2018,,0.0175,0.0175,0.0175,0.0175,,,,,,,,,,,,,,,,,,,,,,,,,,,,,,,,,
BAU,0,,T5REFR_AC_HFC125IPPU,,2019,,0.0238,0.0238,0.0238,0.0238,,,,,,,,,,,,,,,,,,,,,,,,,,,,,,,,,
BAU,0,,T5REFR_AC_HFC125IPPU,,2020,,0.0291,0.0291,0.0291,0.0291,,,,,,,,,,,,,,,,,,,,,,,,,,,,,,,,,
BAU,0,,T5REFR_AC_HFC125IPPU,,2021,,0.0321,0.0321,0.0321,0.0321,,,,,,,,,,,,,,,,,,,,,,,,,,,,,,,,,
BAU,0,,T5REFR_AC_HFC125IPPU,,2022,,0.0429,0.0429,0.0429,0.0429,,,,,,,,,,,,,,,,,,,,,,,,,,,,,,,,,
BAU,0,,T5REFR_AC_HFC125IPPU,,2023,,0.044,0.044,0.044,0.044,,,,,,,,,,,,,,,,,,,,,,,,,,,,,,,,,
BAU,0,,T5REFR_AC_HFC125IPPU,,2024,,0.0451,0.0451,0.0451,0.0451,,,,,,,,,,,,,,,,,,,,,,,,,,,,,,,,,
BAU,0,,T5REFR_AC_HFC125IPPU,,2025,,0.0462,0.0462,0.0462,0.0462,,,,,,,,,,,,,,,,,,,,,,,,,,,,,,,,,
BAU,0,,T5REFR_AC_HFC125IPPU,,2026,,0.0474,0.0474,0.0474,0.0474,,,,,,,,,,,,,,,,,,,,,,,,,,,,,,,,,
BAU,0,,T5REFR_AC_HFC125IPPU,,2027,,0.0486,0.0486,0.0486,0.0486,,,,,,,,,,,,,,,,,,,,,,,,,,,,,,,,,
BAU,0,,T5REFR_AC_HFC125IPPU,,2028,,0.0498,0.0498,0.0498,0.0498,,,,,,,,,,,,,,,,,,,,,,,,,,,,,,,,,
BAU,0,,T5REFR_AC_HFC125IPPU,,2029,,0.051,0.051,0.051,0.051,,,,,,,,,,,,,,,,,,,,,,,,,,,,,,,,,
BAU,0,,T5REFR_AC_HFC125IPPU,,2030,,0.0523,0.0523,0.0523,0.0523,,,,,,,,,,,,,,,,,,,,,,,,,,,,,,,,,
BAU,0,,T5REFR_AC_HFC125IPPU,,2031,,0.0536,0.0536,0.0536,0.0536,,,,,,,,,,,,,,,,,,,,,,,,,,,,,,,,,
BAU,0,,T5REFR_AC_HFC125IPPU,,2032,,0.0549,0.0549,0.0549,0.0549,,,,,,,,,,,,,,,,,,,,,,,,,,,,,,,,,
BAU,0,,T5REFR_AC_HFC125IPPU,,2033,,0.0563,0.0563,0.0563,0.0563,,,,,,,,,,,,,,,,,,,,,,,,,,,,,,,,,
BAU,0,,T5REFR_AC_HFC125IPPU,,2034,,0.0577,0.0577,0.0577,0.0577,,,,,,,,,,,,,,,,,,,,,,,,,,,,,,,,,
BAU,0,,T5REFR_AC_HFC125IPPU,,2035,,0.0592,0.0592,0.0592,0.0592,,,,,,,,,,,,,,,,,,,,,,,,,,,,,,,,,
BAU,0,,T5REFR_AC_HFC125IPPU,,2036,,0.0606,0.0606,0.0606,0.0606,,,,,,,,,,,,,,,,,,,,,,,,,,,,,,,,,
BAU,0,,T5REFR_AC_HFC125IPPU,,2037,,0.0622,0.0622,0.0622,0.0622,,,,,,,,,,,,,,,,,,,,,,,,,,,,,,,,,
BAU,0,,T5REFR_AC_HFC125IPPU,,2038,,0.0637,0.0637,0.0637,0.0637,,,,,,,,,,,,,,,,,,,,,,,,,,,,,,,,,
BAU,0,,T5REFR_AC_HFC125IPPU,,2039,,0.0653,0.0653,0.0653,0.0653,,,,,,,,,,,,,,,,,,,,,,,,,,,,,,,,,
BAU,0,,T5REFR_AC_HFC125IPPU,,2040,,0.0669,0.0669,0.0669,0.0669,,,,,,,,,,,,,,,,,,,,,,,,,,,,,,,,,
BAU,0,,T5REFR_AC_HFC125IPPU,,2041,,0.0686,0.0686,0.0686,0.0686,,,,,,,,,,,,,,,,,,,,,,,,,,,,,,,,,
BAU,0,,T5REFR_AC_HFC125IPPU,,2042,,0.0703,0.0703,0.0703,0.0703,,,,,,,,,,,,,,,,,,,,,,,,,,,,,,,,,
BAU,0,,T5REFR_AC_HFC125IPPU,,2043,,0.0721,0.0721,0.0721,0.0721,,,,,,,,,,,,,,,,,,,,,,,,,,,,,,,,,
BAU,0,,T5REFR_AC_HFC125IPPU,,2044,,0.0739,0.0739,0.0739,0.0739,,,,,,,,,,,,,,,,,,,,,,,,,,,,,,,,,
BAU,0,,T5REFR_AC_HFC125IPPU,,2045,,0.0757,0.0757,0.0757,0.0757,,,,,,,,,,,,,,,,,,,,,,,,,,,,,,,,,
BAU,0,,T5REFR_AC_HFC125IPPU,,2046,,0.0776,0.0776,0.0776,0.0776,,,,,,,,,,,,,,,,,,,,,,,,,,,,,,,,,
BAU,0,,T5REFR_AC_HFC125IPPU,,2047,,0.0796,0.0796,0.0796,0.0796,,,,,,,,,,,,,,,,,,,,,,,,,,,,,,,,,
BAU,0,,T5REFR_AC_HFC125IPPU,,2048,,0.0816,0.0816,0.0816,0.0816,,,,,,,,,,,,,,,,,,,,,,,,,,,,,,,,,
BAU,0,,T5REFR_AC_HFC125IPPU,,2049,,0.0836,0.0836,0.0836,0.0836,,,,,,,,,,,,,,,,,,,,,,,,,,,,,,,,,
BAU,0,,T5REFR_AC_HFC125IPPU,,2050,,0.0857,0.0857,0.0857,0.0857,,,,,,,,,,,,,,,,,,,,,,,,,,,,,,,,,
BAU,0,,T5REFR_AC_HFC134aIPPU,,2018,,0.0209,0.0209,0.0209,0.0209,,,,,,,,,,,,,,,,,,,,,,,,,,,,,,,,,
BAU,0,,T5REFR_AC_HFC134aIPPU,,2019,,0.0222,0.0222,0.0222,0.0222,,,,,,,,,,,,,,,,,,,,,,,,,,,,,,,,,
BAU,0,,T5REFR_AC_HFC134aIPPU,,2020,,0.0649,0.0649,0.0649,0.0649,,,,,,,,,,,,,,,,,,,,,,,,,,,,,,,,,
BAU,0,,T5REFR_AC_HFC134aIPPU,,2021,,0.1002,0.1002,0.1002,0.1002,,,,,,,,,,,,,,,,,,,,,,,,,,,,,,,,,
BAU,0,,T5REFR_AC_HFC134aIPPU,,2022,,0.1397,0.1397,0.1397,0.1397,,,,,,,,,,,,,,,,,,,,,,,,,,,,,,,,,
BAU,0,,T5REFR_AC_HFC134aIPPU,,2023,,0.1432,0.1432,0.1432,0.1432,,,,,,,,,,,,,,,,,,,,,,,,,,,,,,,,,
BAU,0,,T5REFR_AC_HFC134aIPPU,,2024,,0.1468,0.1468,0.1468,0.1468,,,,,,,,,,,,,,,,,,,,,,,,,,,,,,,,,
BAU,0,,T5REFR_AC_HFC134aIPPU,,2025,,0.1505,0.1505,0.1505,0.1505,,,,,,,,,,,,,,,,,,,,,,,,,,,,,,,,,
BAU,0,,T5REFR_AC_HFC134aIPPU,,2026,,0.1542,0.1542,0.1542,0.1542,,,,,,,,,,,,,,,,,,,,,,,,,,,,,,,,,
BAU,0,,T5REFR_AC_HFC134aIPPU,,2027,,0.1581,0.1581,0.1581,0.1581,,,,,,,,,,,,,,,,,,,,,,,,,,,,,,,,,
BAU,0,,T5REFR_AC_HFC134aIPPU,,2028,,0.162,0.162,0.162,0.162,,,,,,,,,,,,,,,,,,,,,,,,,,,,,,,,,
BAU,0,,T5REFR_AC_HFC134aIPPU,,2029,,0.1661,0.1661,0.1661,0.1661,,,,,,,,,,,,,,,,,,,,,,,,,,,,,,,,,
BAU,0,,T5REFR_AC_HFC134aIPPU,,2030,,0.1702,0.1702,0.1702,0.1702,,,,,,,,,,,,,,,,,,,,,,,,,,,,,,,,,
BAU,0,,T5REFR_AC_HFC134aIPPU,,2031,,0.1745,0.1745,0.1745,0.1745,,,,,,,,,,,,,,,,,,,,,,,,,,,,,,,,,
BAU,0,,T5REFR_AC_HFC134aIPPU,,2032,,0.1789,0.1789,0.1789,0.1789,,,,,,,,,,,,,,,,,,,,,,,,,,,,,,,,,
BAU,0,,T5REFR_AC_HFC134aIPPU,,2033,,0.1833,0.1833,0.1833,0.1833,,,,,,,,,,,,,,,,,,,,,,,,,,,,,,,,,
BAU,0,,T5REFR_AC_HFC134aIPPU,,2034,,0.1879,0.1879,0.1879,0.1879,,,,,,,,,,,,,,,,,,,,,,,,,,,,,,,,,
BAU,0,,T5REFR_AC_HFC134aIPPU,,2035,,0.1926,0.1926,0.1926,0.1926,,,,,,,,,,,,,,,,,,,,,,,,,,,,,,,,,
BAU,0,,T5REFR_AC_HFC134aIPPU,,2036,,0.1974,0.1974,0.1974,0.1974,,,,,,,,,,,,,,,,,,,,,,,,,,,,,,,,,
BAU,0,,T5REFR_AC_HFC134aIPPU,,2037,,0.2024,0.2024,0.2024,0.2024,,,,,,,,,,,,,,,,,,,,,,,,,,,,,,,,,
BAU,0,,T5REFR_AC_HFC134aIPPU,,2038,,0.2074,0.2074,0.2074,0.2074,,,,,,,,,,,,,,,,,,,,,,,,,,,,,,,,,
BAU,0,,T5REFR_AC_HFC134aIPPU,,2039,,0.2126,0.2126,0.2126,0.2126,,,,,,,,,,,,,,,,,,,,,,,,,,,,,,,,,
BAU,0,,T5REFR_AC_HFC134aIPPU,,2040,,0.2179,0.2179,0.2179,0.2179,,,,,,,,,,,,,,,,,,,,,,,,,,,,,,,,,
BAU,0,,T5REFR_AC_HFC134aIPPU,,2041,,0.2234,0.2234,0.2234,0.2234,,,,,,,,,,,,,,,,,,,,,,,,,,,,,,,,,
BAU,0,,T5REFR_AC_HFC134aIPPU,,2042,,0.2289,0.2289,0.2289,0.2289,,,,,,,,,,,,,,,,,,,,,,,,,,,,,,,,,
BAU,0,,T5REFR_AC_HFC134aIPPU,,2043,,0.2347,0.2347,0.2347,0.2347,,,,,,,,,,,,,,,,,,,,,,,,,,,,,,,,,
BAU,0,,T5REFR_AC_HFC134aIPPU,,2044,,0.2405,0.2405,0.2405,0.2405,,,,,,,,,,,,,,,,,,,,,,,,,,,,,,,,,
BAU,0,,T5REFR_AC_HFC134aIPPU,,2045,,0.2465,0.2465,0.2465,0.2465,,,,,,,,,,,,,,,,,,,,,,,,,,,,,,,,,
BAU,0,,T5REFR_AC_HFC134aIPPU,,2046,,0.2527,0.2527,0.2527,0.2527,,,,,,,,,,,,,,,,,,,,,,,,,,,,,,,,,
BAU,0,,T5REFR_AC_HFC134aIPPU,,2047,,0.259,0.259,0.259,0.259,,,,,,,,,,,,,,,,,,,,,,,,,,,,,,,,,
BAU,0,,T5REFR_AC_HFC134aIPPU,,2048,,0.2655,0.2655,0.2655,0.2655,,,,,,,,,,,,,,,,,,,,,,,,,,,,,,,,,
BAU,0,,T5REFR_AC_HFC134aIPPU,,2049,,0.2721,0.2721,0.2721,0.2721,,,,,,,,,,,,,,,,,,,,,,,,,,,,,,,,,
BAU,0,,T5REFR_AC_HFC134aIPPU,,2050,,0.2789,0.2789,0.2789,0.2789,,,,,,,,,,,,,,,,,,,,,,,,,,,,,,,,,
BAU,0,,T5REFR_AC_HFC143aIPPU,,2018,,0.0139,0.0139,0.0139,0.0139,,,,,,,,,,,,,,,,,,,,,,,,,,,,,,,,,
BAU,0,,T5REFR_AC_HFC143aIPPU,,2019,,0.0235,0.0235,0.0235,0.0235,,,,,,,,,,,,,,,,,,,,,,,,,,,,,,,,,
BAU,0,,T5REFR_AC_HFC143aIPPU,,2020,,0.0279,0.0279,0.0279,0.0279,,,,,,,,,,,,,,,,,,,,,,,,,,,,,,,,,
BAU,0,,T5REFR_AC_HFC143aIPPU,,2021,,0.0309,0.0309,0.0309,0.0309,,,,,,,,,,,,,,,,,,,,,,,,,,,,,,,,,
BAU,0,,T5REFR_AC_HFC143aIPPU,,2022,,0.0363,0.0363,0.0363,0.0363,,,,,,,,,,,,,,,,,,,,,,,,,,,,,,,,,
BAU,0,,T5REFR_AC_HFC143aIPPU,,2023,,0.0372,0.0372,0.0372,0.0372,,,,,,,,,,,,,,,,,,,,,,,,,,,,,,,,,
BAU,0,,T5REFR_AC_HFC143aIPPU,,2024,,0.0382,0.0382,0.0382,0.0382,,,,,,,,,,,,,,,,,,,,,,,,,,,,,,,,,
BAU,0,,T5REFR_AC_HFC143aIPPU,,2025,,0.0391,0.0391,0.0391,0.0391,,,,,,,,,,,,,,,,,,,,,,,,,,,,,,,,,
BAU,0,,T5REFR_AC_HFC143aIPPU,,2026,,0.0401,0.0401,0.0401,0.0401,,,,,,,,,,,,,,,,,,,,,,,,,,,,,,,,,
BAU,0,,T5REFR_AC_HFC143aIPPU,,2027,,0.0411,0.0411,0.0411,0.0411,,,,,,,,,,,,,,,,,,,,,,,,,,,,,,,,,
BAU,0,,T5REFR_AC_HFC143aIPPU,,2028,,0.0421,0.0421,0.0421,0.0421,,,,,,,,,,,,,,,,,,,,,,,,,,,,,,,,,
BAU,0,,T5REFR_AC_HFC143aIPPU,,2029,,0.0432,0.0432,0.0432,0.0432,,,,,,,,,,,,,,,,,,,,,,,,,,,,,,,,,
BAU,0,,T5REFR_AC_HFC143aIPPU,,2030,,0.0443,0.0443,0.0443,0.0443,,,,,,,,,,,,,,,,,,,,,,,,,,,,,,,,,
BAU,0,,T5REFR_AC_HFC143aIPPU,,2031,,0.0454,0.0454,0.0454,0.0454,,,,,,,,,,,,,,,,,,,,,,,,,,,,,,,,,
BAU,0,,T5REFR_AC_HFC143aIPPU,,2032,,0.0465,0.0465,0.0465,0.0465,,,,,,,,,,,,,,,,,,,,,,,,,,,,,,,,,
BAU,0,,T5REFR_AC_HFC143aIPPU,,2033,,0.0477,0.0477,0.0477,0.0477,,,,,,,,,,,,,,,,,,,,,,,,,,,,,,,,,
BAU,0,,T5REFR_AC_HFC143aIPPU,,2034,,0.0489,0.0489,0.0489,0.0489,,,,,,,,,,,,,,,,,,,,,,,,,,,,,,,,,
BAU,0,,T5REFR_AC_HFC143aIPPU,,2035,,0.0501,0.0501,0.0501,0.0501,,,,,,,,,,,,,,,,,,,,,,,,,,,,,,,,,
BAU,0,,T5REFR_AC_HFC143aIPPU,,2036,,0.0513,0.0513,0.0513,0.0513,,,,,,,,,,,,,,,,,,,,,,,,,,,,,,,,,
BAU,0,,T5REFR_AC_HFC143aIPPU,,2037,,0.0526,0.0526,0.0526,0.0526,,,,,,,,,,,,,,,,,,,,,,,,,,,,,,,,,
BAU,0,,T5REFR_AC_HFC143aIPPU,,2038,,0.0539,0.0539,0.0539,0.0539,,,,,,,,,,,,,,,,,,,,,,,,,,,,,,,,,
BAU,0,,T5REFR_AC_HFC143aIPPU,,2039,,0.0553,0.0553,0.0553,0.0553,,,,,,,,,,,,,,,,,,,,,,,,,,,,,,,,,
BAU,0,,T5REFR_AC_HFC143aIPPU,,2040,,0.0567,0.0567,0.0567,0.0567,,,,,,,,,,,,,,,,,,,,,,,,,,,,,,,,,
BAU,0,,T5REFR_AC_HFC143aIPPU,,2041,,0.0581,0.0581,0.0581,0.0581,,,,,,,,,,,,,,,,,,,,,,,,,,,,,,,,,
BAU,0,,T5REFR_AC_HFC143aIPPU,,2042,,0.0595,0.0595,0.0595,0.0595,,,,,,,,,,,,,,,,,,,,,,,,,,,,,,,,,
BAU,0,,T5REFR_AC_HFC143aIPPU,,2043,,0.061,0.061,0.061,0.061,,,,,,,,,,,,,,,,,,,,,,,,,,,,,,,,,
BAU,0,,T5REFR_AC_HFC143aIPPU,,2044,,0.0625,0.0625,0.0625,0.0625,,,,,,,,,,,,,,,,,,,,,,,,,,,,,,,,,
BAU,0,,T5REFR_AC_HFC143aIPPU,,2045,,0.0641,0.0641,0.0641,0.0641,,,,,,,,,,,,,,,,,,,,,,,,,,,,,,,,,
BAU,0,,T5REFR_AC_HFC143aIPPU,,2046,,0.0657,0.0657,0.0657,0.0657,,,,,,,,,,,,,,,,,,,,,,,,,,,,,,,,,
BAU,0,,T5REFR_AC_HFC143aIPPU,,2047,,0.0673,0.0673,0.0673,0.0673,,,,,,,,,,,,,,,,,,,,,,,,,,,,,,,,,
BAU,0,,T5REFR_AC_HFC143aIPPU,,2048,,0.069,0.069,0.069,0.069,,,,,,,,,,,,,,,,,,,,,,,,,,,,,,,,,
BAU,0,,T5REFR_AC_HFC143aIPPU,,2049,,0.0708,0.0708,0.0708,0.0708,,,,,,,,,,,,,,,,,,,,,,,,,,,,,,,,,
BAU,0,,T5REFR_AC_HFC143aIPPU,,2050,,0.0725,0.0725,0.0725,0.0725,,,,,,,,,,,,,,,,,,,,,,,,,,,,,,,,,
BAU,0,,,CO2e_IPPU,2018,,,,,,,,,,,,,,,,,,,,,,1.46973,,,,,,,,,,,,,,,,
BAU,0,,,CO2e_IPPU,2019,,,,,,,,,,,,,,,,,,,,,,1.66043,,,,,,,,,,,,,,,,
BAU,0,,,CO2e_IPPU,2020,,,,,,,,,,,,,,,,,,,,,,2.08228,,,,,,,,,,,,,,,,
BAU,0,,,CO2e_IPPU,2021,,,,,,,,,,,,,,,,,,,,,,2.42668,,,,,,,,,,,,,,,,
BAU,0,,,CO2e_IPPU,2022,,,,,,,,,,,,,,,,,,,,,,2.71441,,,,,,,,,,,,,,,,
BAU,0,,,CO2e_IPPU,2023,,,,,,,,,,,,,,,,,,,,,,3.15563,,,,,,,,,,,,,,,,
BAU,0,,,CO2e_IPPU,2024,,,,,,,,,,,,,,,,,,,,,,3.33408,,,,,,,,,,,,,,,,
BAU,0,,,CO2e_IPPU,2025,,,,,,,,,,,,,,,,,,,,,,3.52289,,,,,,,,,,,,,,,,
BAU,0,,,CO2e_IPPU,2026,,,,,,,,,,,,,,,,,,,,,,3.72414,,,,,,,,,,,,,,,,
BAU,0,,,CO2e_IPPU,2027,,,,,,,,,,,,,,,,,,,,,,3.93791,,,,,,,,,,,,,,,,
BAU,0,,,CO2e_IPPU,2028,,,,,,,,,,,,,,,,,,,,,,4.16499,,,,,,,,,,,,,,,,
BAU,0,,,CO2e_IPPU,2029,,,,,,,,,,,,,,,,,,,,,,4.40667,,,,,,,,,,,,,,,,
BAU,0,,,CO2e_IPPU,2030,,,,,,,,,,,,,,,,,,,,,,4.66387,,,,,,,,,,,,,,,,
BAU,0,,,CO2e_IPPU,2031,,,,,,,,,,,,,,,,,,,,,,4.93727,,,,,,,,,,,,,,,,
BAU,0,,,CO2e_IPPU,2032,,,,,,,,,,,,,,,,,,,,,,5.22796,,,,,,,,,,,,,,,,
BAU,0,,,CO2e_IPPU,2033,,,,,,,,,,,,,,,,,,,,,,5.53764,,,,,,,,,,,,,,,,
BAU,0,,,CO2e_IPPU,2034,,,,,,,,,,,,,,,,,,,,,,5.8671,,,,,,,,,,,,,,,,
BAU,0,,,CO2e_IPPU,2035,,,,,,,,,,,,,,,,,,,,,,6.21789,,,,,,,,,,,,,,,,
BAU,0,,,CO2e_IPPU,2036,,,,,,,,,,,,,,,,,,,,,,6.59072,,,,,,,,,,,,,,,,
BAU,0,,,CO2e_IPPU,2037,,,,,,,,,,,,,,,,,,,,,,6.98791,,,,,,,,,,,,,,,,
BAU,0,,,CO2e_IPPU,2038,,,,,,,,,,,,,,,,,,,,,,7.41083,,,,,,,,,,,,,,,,
BAU,0,,,CO2e_IPPU,2039,,,,,,,,,,,,,,,,,,,,,,7.86197,,,,,,,,,,,,,,,,
BAU,0,,,CO2e_IPPU,2040,,,,,,,,,,,,,,,,,,,,,,8.34223,,,,,,,,,,,,,,,,
BAU,0,,,CO2e_IPPU,2041,,,,,,,,,,,,,,,,,,,,,,8.85391,,,,,,,,,,,,,,,,
BAU,0,,,CO2e_IPPU,2042,,,,,,,,,,,,,,,,,,,,,,9.39863,,,,,,,,,,,,,,,,
BAU,0,,,CO2e_IPPU,2043,,,,,,,,,,,,,,,,,,,,,,9.97986,,,,,,,,,,,,,,,,
BAU,0,,,CO2e_IPPU,2044,,,,,,,,,,,,,,,,,,,,,,10.5987,,,,,,,,,,,,,,,,
BAU,0,,,CO2e_IPPU,2045,,,,,,,,,,,,,,,,,,,,,,11.2587,,,,,,,,,,,,,,,,
BAU,0,,,CO2e_IPPU,2046,,,,,,,,,,,,,,,,,,,,,,11.9623,,,,,,,,,,,,,,,,
BAU,0,,,CO2e_IPPU,2047,,,,,,,,,,,,,,,,,,,,,,12.7124,,,,,,,,,,,,,,,,
BAU,0,,,CO2e_IPPU,2048,,,,,,,,,,,,,,,,,,,,,,13.5121,,,,,,,,,,,,,,,,
BAU,0,,,CO2e_IPPU,2049,,,,,,,,,,,,,,,,,,,,,,14.3651,,,,,,,,,,,,,,,,
BAU,0,,,CO2e_IPPU,2050,,,,,,,,,,,,,,,,,,,,,,15.2743,,,,,,,,,,,,,,,,
BAU,0,,LIME_CAL_PROD,CO2e_IPPU,2018,,,,,,,,,,,,,,,,,,0.1827,,,,,,,,,,,,,,,,,,,,
BAU,0,,LIME_CAL_PROD,CO2e_IPPU,2019,,,,,,,,,,,,,,,,,,0.242925,,,,,,,,,,,,,,,,,,,,
BAU,0,,LIME_CAL_PROD,CO2e_IPPU,2020,,,,,,,,,,,,,,,,,,0.317625,,,,,,,,,,,,,,,,,,,,
BAU,0,,LIME_CAL_PROD,CO2e_IPPU,2021,,,,,,,,,,,,,,,,,,0.3006,,,,,,,,,,,,,,,,,,,,
BAU,0,,LIME_CAL_PROD,CO2e_IPPU,2022,,,,,,,,,,,,,,,,,,0.352725,,,,,,,,,,,,,,,,,,,,
BAU,0,,LIME_CAL_PROD,CO2e_IPPU,2023,,,,,,,,,,,,,,,,,,0.36615,,,,,,,,,,,,,,,,,,,,
BAU,0,,LIME_CAL_PROD,CO2e_IPPU,2024,,,,,,,,,,,,,,,,,,0.3801,,,,,,,,,,,,,,,,,,,,
BAU,0,,LIME_CAL_PROD,CO2e_IPPU,2025,,,,,,,,,,,,,,,,,,0.3945,,,,,,,,,,,,,,,,,,,,
BAU,0,,LIME_CAL_PROD,CO2e_IPPU,2026,,,,,,,,,,,,,,,,,,0.4095,,,,,,,,,,,,,,,,,,,,
BAU,0,,LIME_CAL_PROD,CO2e_IPPU,2027,,,,,,,,,,,,,,,,,,0.425025,,,,,,,,,,,,,,,,,,,,
BAU,0,,LIME_CAL_PROD,CO2e_IPPU,2028,,,,,,,,,,,,,,,,,,0.441225,,,,,,,,,,,,,,,,,,,,
BAU,0,,LIME_CAL_PROD,CO2e_IPPU,2029,,,,,,,,,,,,,,,,,,0.45795,,,,,,,,,,,,,,,,,,,,
BAU,0,,LIME_CAL_PROD,CO2e_IPPU,2030,,,,,,,,,,,,,,,,,,0.47535,,,,,,,,,,,,,,,,,,,,
BAU,0,,LIME_CAL_PROD,CO2e_IPPU,2031,,,,,,,,,,,,,,,,,,0.493425,,,,,,,,,,,,,,,,,,,,
BAU,0,,LIME_CAL_PROD,CO2e_IPPU,2032,,,,,,,,,,,,,,,,,,0.512175,,,,,,,,,,,,,,,,,,,,
BAU,0,,LIME_CAL_PROD,CO2e_IPPU,2033,,,,,,,,,,,,,,,,,,0.531675,,,,,,,,,,,,,,,,,,,,
BAU,0,,LIME_CAL_PROD,CO2e_IPPU,2034,,,,,,,,,,,,,,,,,,0.55185,,,,,,,,,,,,,,,,,,,,
BAU,0,,LIME_CAL_PROD,CO2e_IPPU,2035,,,,,,,,,,,,,,,,,,0.57285,,,,,,,,,,,,,,,,,,,,
BAU,0,,LIME_CAL_PROD,CO2e_IPPU,2036,,,,,,,,,,,,,,,,,,0.5946,,,,,,,,,,,,,,,,,,,,
BAU,0,,LIME_CAL_PROD,CO2e_IPPU,2037,,,,,,,,,,,,,,,,,,0.617175,,,,,,,,,,,,,,,,,,,,
BAU,0,,LIME_CAL_PROD,CO2e_IPPU,2038,,,,,,,,,,,,,,,,,,0.64065,,,,,,,,,,,,,,,,,,,,
BAU,0,,LIME_CAL_PROD,CO2e_IPPU,2039,,,,,,,,,,,,,,,,,,0.665025,,,,,,,,,,,,,,,,,,,,
BAU,0,,LIME_CAL_PROD,CO2e_IPPU,2040,,,,,,,,,,,,,,,,,,0.6903,,,,,,,,,,,,,,,,,,,,
BAU,0,,LIME_CAL_PROD,CO2e_IPPU,2041,,,,,,,,,,,,,,,,,,0.716475,,,,,,,,,,,,,,,,,,,,
BAU,0,,LIME_CAL_PROD,CO2e_IPPU,2042,,,,,,,,,,,,,,,,,,0.7437,,,,,,,,,,,,,,,,,,,,
BAU,0,,LIME_CAL_PROD,CO2e_IPPU,2043,,,,,,,,,,,,,,,,,,0.771975,,,,,,,,,,,,,,,,,,,,
BAU,0,,LIME_CAL_PROD,CO2e_IPPU,2044,,,,,,,,,,,,,,,,,,0.8013,,,,,,,,,,,,,,,,,,,,
BAU,0,,LIME_CAL_PROD,CO2e_IPPU,2045,,,,,,,,,,,,,,,,,,0.83175,,,,,,,,,,,,,,,,,,,,
BAU,0,,LIME_CAL_PROD,CO2e_IPPU,2046,,,,,,,,,,,,,,,,,,0.8634,,,,,,,,,,,,,,,,,,,,
BAU,0,,LIME_CAL_PROD,CO2e_IPPU,2047,,,,,,,,,,,,,,,,,,0.896175,,,,,,,,,,,,,,,,,,,,
BAU,0,,LIME_CAL_PROD,CO2e_IPPU,2048,,,,,,,,,,,,,,,,,,0.930225,,,,,,,,,,,,,,,,,,,,
BAU,0,,LIME_CAL_PROD,CO2e_IPPU,2049,,,,,,,,,,,,,,,,,,0.965625,,,,,,,,,,,,,,,,,,,,
BAU,0,,LIME_CAL_PROD,CO2e_IPPU,2050,,,,,,,,,,,,,,,,,,1.0023,,,,,,,,,,,,,,,,,,,,
BAU,0,,LIME_DOL_PROD,CO2e_IPPU,2018,,,,,,,,,,,,,,,,,,0.00231,,,,,,,,,,,,,,,,,,,,
BAU,0,,LIME_DOL_PROD,CO2e_IPPU,2019,,,,,,,,,,,,,,,,,,0.014476,,,,,,,,,,,,,,,,,,,,
BAU,0,,LIME_DOL_PROD,CO2e_IPPU,2020,,,,,,,,,,,,,,,,,,0.077,,,,,,,,,,,,,,,,,,,,
BAU,0,,LIME_DOL_PROD,CO2e_IPPU,2021,,,,,,,,,,,,,,,,,,0.083237,,,,,,,,,,,,,,,,,,,,
BAU,0,,LIME_DOL_PROD,CO2e_IPPU,2022,,,,,,,,,,,,,,,,,,0.090013,,,,,,,,,,,,,,,,,,,,
BAU,0,,LIME_DOL_PROD,CO2e_IPPU,2023,,,,,,,,,,,,,,,,,,0.093401,,,,,,,,,,,,,,,,,,,,
BAU,0,,LIME_DOL_PROD,CO2e_IPPU,2024,,,,,,,,,,,,,,,,,,0.096943,,,,,,,,,,,,,,,,,,,,
BAU,0,,LIME_DOL_PROD,CO2e_IPPU,2025,,,,,,,,,,,,,,,,,,0.100639,,,,,,,,,,,,,,,,,,,,
BAU,0,,LIME_DOL_PROD,CO2e_IPPU,2026,,,,,,,,,,,,,,,,,,0.104412,,,,,,,,,,,,,,,,,,,,
BAU,0,,LIME_DOL_PROD,CO2e_IPPU,2027,,,,,,,,,,,,,,,,,,0.108416,,,,,,,,,,,,,,,,,,,,
BAU,0,,LIME_DOL_PROD,CO2e_IPPU,2028,,,,,,,,,,,,,,,,,,0.112574,,,,,,,,,,,,,,,,,,,,
BAU,0,,LIME_DOL_PROD,CO2e_IPPU,2029,,,,,,,,,,,,,,,,,,0.116809,,,,,,,,,,,,,,,,,,,,
BAU,0,,LIME_DOL_PROD,CO2e_IPPU,2030,,,,,,,,,,,,,,,,,,0.121275,,,,,,,,,,,,,,,,,,,,
BAU,0,,LIME_DOL_PROD,CO2e_IPPU,2031,,,,,,,,,,,,,,,,,,0.125895,,,,,,,,,,,,,,,,,,,,
BAU,0,,LIME_DOL_PROD,CO2e_IPPU,2032,,,,,,,,,,,,,,,,,,0.130669,,,,,,,,,,,,,,,,,,,,
BAU,0,,LIME_DOL_PROD,CO2e_IPPU,2033,,,,,,,,,,,,,,,,,,0.135597,,,,,,,,,,,,,,,,,,,,
BAU,0,,LIME_DOL_PROD,CO2e_IPPU,2034,,,,,,,,,,,,,,,,,,0.140756,,,,,,,,,,,,,,,,,,,,
BAU,0,,LIME_DOL_PROD,CO2e_IPPU,2035,,,,,,,,,,,,,,,,,,0.146146,,,,,,,,,,,,,,,,,,,,
BAU,0,,LIME_DOL_PROD,CO2e_IPPU,2036,,,,,,,,,,,,,,,,,,0.15169,,,,,,,,,,,,,,,,,,,,
BAU,0,,LIME_DOL_PROD,CO2e_IPPU,2037,,,,,,,,,,,,,,,,,,0.157465,,,,,,,,,,,,,,,,,,,,
BAU,0,,LIME_DOL_PROD,CO2e_IPPU,2038,,,,,,,,,,,,,,,,,,0.163394,,,,,,,,,,,,,,,,,,,,
BAU,0,,LIME_DOL_PROD,CO2e_IPPU,2039,,,,,,,,,,,,,,,,,,0.169631,,,,,,,,,,,,,,,,,,,,
BAU,0,,LIME_DOL_PROD,CO2e_IPPU,2040,,,,,,,,,,,,,,,,,,0.176099,,,,,,,,,,,,,,,,,,,,
BAU,0,,LIME_DOL_PROD,CO2e_IPPU,2041,,,,,,,,,,,,,,,,,,0.182721,,,,,,,,,,,,,,,,,,,,
BAU,0,,LIME_DOL_PROD,CO2e_IPPU,2042,,,,,,,,,,,,,,,,,,0.189728,,,,,,,,,,,,,,,,,,,,
BAU,0,,LIME_DOL_PROD,CO2e_IPPU,2043,,,,,,,,,,,,,,,,,,0.196889,,,,,,,,,,,,,,,,,,,,
BAU,0,,LIME_DOL_PROD,CO2e_IPPU,2044,,,,,,,,,,,,,,,,,,0.204358,,,,,,,,,,,,,,,,,,,,
BAU,0,,LIME_DOL_PROD,CO2e_IPPU,2045,,,,,,,,,,,,,,,,,,0.212135,,,,,,,,,,,,,,,,,,,,
BAU,0,,LIME_DOL_PROD,CO2e_IPPU,2046,,,,,,,,,,,,,,,,,,0.22022,,,,,,,,,,,,,,,,,,,,
BAU,0,,LIME_DOL_PROD,CO2e_IPPU,2047,,,,,,,,,,,,,,,,,,0.228613,,,,,,,,,,,,,,,,,,,,
BAU,0,,LIME_DOL_PROD,CO2e_IPPU,2048,,,,,,,,,,,,,,,,,,0.237237,,,,,,,,,,,,,,,,,,,,
BAU,0,,LIME_DOL_PROD,CO2e_IPPU,2049,,,,,,,,,,,,,,,,,,0.246323,,,,,,,,,,,,,,,,,,,,
BAU,0,,LIME_DOL_PROD,CO2e_IPPU,2050,,,,,,,,,,,,,,,,,,0.25564,,,,,,,,,,,,,,,,,,,,
BAU,0,,GLASS_PROD,CO2e_IPPU,2018,,,,,,,,,,,,,,,,,,0.0132363,,,,,,,,,,,,,,,,,,,,
BAU,0,,GLASS_PROD,CO2e_IPPU,2019,,,,,,,,,,,,,,,,,,0.0158813,,,,,,,,,,,,,,,,,,,,
BAU,0,,GLASS_PROD,CO2e_IPPU,2020,,,,,,,,,,,,,,,,,,0.0207438,,,,,,,,,,,,,,,,,,,,
BAU,0,,GLASS_PROD,CO2e_IPPU,2021,,,,,,,,,,,,,,,,,,0.0228575,,,,,,,,,,,,,,,,,,,,
BAU,0,,GLASS_PROD,CO2e_IPPU,2022,,,,,,,,,,,,,,,,,,0.0197967,,,,,,,,,,,,,,,,,,,,
BAU,0,,GLASS_PROD,CO2e_IPPU,2023,,,,,,,,,,,,,,,,,,0.0205475,,,,,,,,,,,,,,,,,,,,
BAU,0,,GLASS_PROD,CO2e_IPPU,2024,,,,,,,,,,,,,,,,,,0.0213213,,,,,,,,,,,,,,,,,,,,
BAU,0,,GLASS_PROD,CO2e_IPPU,2025,,,,,,,,,,,,,,,,,,0.0221414,,,,,,,,,,,,,,,,,,,,
BAU,0,,GLASS_PROD,CO2e_IPPU,2026,,,,,,,,,,,,,,,,,,0.0229729,,,,,,,,,,,,,,,,,,,,
BAU,0,,GLASS_PROD,CO2e_IPPU,2027,,,,,,,,,,,,,,,,,,0.0238508,,,,,,,,,,,,,,,,,,,,
BAU,0,,GLASS_PROD,CO2e_IPPU,2028,,,,,,,,,,,,,,,,,,0.0247517,,,,,,,,,,,,,,,,,,,,
BAU,0,,GLASS_PROD,CO2e_IPPU,2029,,,,,,,,,,,,,,,,,,0.0256988,,,,,,,,,,,,,,,,,,,,
BAU,0,,GLASS_PROD,CO2e_IPPU,2030,,,,,,,,,,,,,,,,,,0.026669,,,,,,,,,,,,,,,,,,,,
BAU,0,,GLASS_PROD,CO2e_IPPU,2031,,,,,,,,,,,,,,,,,,0.0276854,,,,,,,,,,,,,,,,,,,,
BAU,0,,GLASS_PROD,CO2e_IPPU,2032,,,,,,,,,,,,,,,,,,0.0287364,,,,,,,,,,,,,,,,,,,,
BAU,0,,GLASS_PROD,CO2e_IPPU,2033,,,,,,,,,,,,,,,,,,0.0298336,,,,,,,,,,,,,,,,,,,,
BAU,0,,GLASS_PROD,CO2e_IPPU,2034,,,,,,,,,,,,,,,,,,0.0309656,,,,,,,,,,,,,,,,,,,,
BAU,0,,GLASS_PROD,CO2e_IPPU,2035,,,,,,,,,,,,,,,,,,0.0321437,,,,,,,,,,,,,,,,,,,,
BAU,0,,GLASS_PROD,CO2e_IPPU,2036,,,,,,,,,,,,,,,,,,0.033368,,,,,,,,,,,,,,,,,,,,
BAU,0,,GLASS_PROD,CO2e_IPPU,2037,,,,,,,,,,,,,,,,,,0.0346269,,,,,,,,,,,,,,,,,,,,
BAU,0,,GLASS_PROD,CO2e_IPPU,2038,,,,,,,,,,,,,,,,,,0.0359436,,,,,,,,,,,,,,,,,,,,
BAU,0,,GLASS_PROD,CO2e_IPPU,2039,,,,,,,,,,,,,,,,,,0.037318,,,,,,,,,,,,,,,,,,,,
BAU,0,,GLASS_PROD,CO2e_IPPU,2040,,,,,,,,,,,,,,,,,,0.0387272,,,,,,,,,,,,,,,,,,,,
BAU,0,,GLASS_PROD,CO2e_IPPU,2041,,,,,,,,,,,,,,,,,,0.0402056,,,,,,,,,,,,,,,,,,,,
BAU,0,,GLASS_PROD,CO2e_IPPU,2042,,,,,,,,,,,,,,,,,,0.0417302,,,,,,,,,,,,,,,,,,,,
BAU,0,,GLASS_PROD,CO2e_IPPU,2043,,,,,,,,,,,,,,,,,,0.0433125,,,,,,,,,,,,,,,,,,,,
BAU,0,,GLASS_PROD,CO2e_IPPU,2044,,,,,,,,,,,,,,,,,,0.0449642,,,,,,,,,,,,,,,,,,,,
BAU,0,,GLASS_PROD,CO2e_IPPU,2045,,,,,,,,,,,,,,,,,,0.0466736,,,,,,,,,,,,,,,,,,,,
BAU,0,,GLASS_PROD,CO2e_IPPU,2046,,,,,,,,,,,,,,,,,,0.0484407,,,,,,,,,,,,,,,,,,,,
BAU,0,,GLASS_PROD,CO2e_IPPU,2047,,,,,,,,,,,,,,,,,,0.0502887,,,,,,,,,,,,,,,,,,,,
BAU,0,,GLASS_PROD,CO2e_IPPU,2048,,,,,,,,,,,,,,,,,,0.0521945,,,,,,,,,,,,,,,,,,,,
BAU,0,,GLASS_PROD,CO2e_IPPU,2049,,,,,,,,,,,,,,,,,,0.0541811,,,,,,,,,,,,,,,,,,,,
BAU,0,,GLASS_PROD,CO2e_IPPU,2050,,,,,,,,,,,,,,,,,,0.056237,,,,,,,,,,,,,,,,,,,,
BAU,0,,CARBONATE_CERAMICS,CO2e_IPPU,2018,,,,,,,,,,,,,,,,,,0.026092,,,,,,,,,,,,,,,,,,,,
BAU,0,,CARBONATE_CERAMICS,CO2e_IPPU,2019,,,,,,,,,,,,,,,,,,0.002904,,,,,,,,,,,,,,,,,,,,
BAU,0,,CARBONATE_CERAMICS,CO2e_IPPU,2020,,,,,,,,,,,,,,,,,,0.00902,,,,,,,,,,,,,,,,,,,,
BAU,0,,CARBONATE_CERAMICS,CO2e_IPPU,2021,,,,,,,,,,,,,,,,,,0.010912,,,,,,,,,,,,,,,,,,,,
BAU,0,,CARBONATE_CERAMICS,CO2e_IPPU,2022,,,,,,,,,,,,,,,,,,0.013244,,,,,,,,,,,,,,,,,,,,
BAU,0,,CARBONATE_CERAMICS,CO2e_IPPU,2023,,,,,,,,,,,,,,,,,,0.013728,,,,,,,,,,,,,,,,,,,,
BAU,0,,CARBONATE_CERAMICS,CO2e_IPPU,2024,,,,,,,,,,,,,,,,,,0.014256,,,,,,,,,,,,,,,,,,,,
BAU,0,,CARBONATE_CERAMICS,CO2e_IPPU,2025,,,,,,,,,,,,,,,,,,0.014784,,,,,,,,,,,,,,,,,,,,
BAU,0,,CARBONATE_CERAMICS,CO2e_IPPU,2026,,,,,,,,,,,,,,,,,,0.015356,,,,,,,,,,,,,,,,,,,,
BAU,0,,CARBONATE_CERAMICS,CO2e_IPPU,2027,,,,,,,,,,,,,,,,,,0.015928,,,,,,,,,,,,,,,,,,,,
BAU,0,,CARBONATE_CERAMICS,CO2e_IPPU,2028,,,,,,,,,,,,,,,,,,0.016544,,,,,,,,,,,,,,,,,,,,
BAU,0,,CARBONATE_CERAMICS,CO2e_IPPU,2029,,,,,,,,,,,,,,,,,,0.01716,,,,,,,,,,,,,,,,,,,,
BAU,0,,CARBONATE_CERAMICS,CO2e_IPPU,2030,,,,,,,,,,,,,,,,,,0.01782,,,,,,,,,,,,,,,,,,,,
BAU,0,,CARBONATE_CERAMICS,CO2e_IPPU,2031,,,,,,,,,,,,,,,,,,0.018524,,,,,,,,,,,,,,,,,,,,
BAU,0,,CARBONATE_CERAMICS,CO2e_IPPU,2032,,,,,,,,,,,,,,,,,,0.019228,,,,,,,,,,,,,,,,,,,,
BAU,0,,CARBONATE_CERAMICS,CO2e_IPPU,2033,,,,,,,,,,,,,,,,,,0.019932,,,,,,,,,,,,,,,,,,,,
BAU,0,,CARBONATE_CERAMICS,CO2e_IPPU,2034,,,,,,,,,,,,,,,,,,0.02068,,,,,,,,,,,,,,,,,,,,
BAU,0,,CARBONATE_CERAMICS,CO2e_IPPU,2035,,,,,,,,,,,,,,,,,,0.021472,,,,,,,,,,,,,,,,,,,,
BAU,0,,CARBONATE_CERAMICS,CO2e_IPPU,2036,,,,,,,,,,,,,,,,,,0.022308,,,,,,,,,,,,,,,,,,,,
BAU,0,,CARBONATE_CERAMICS,CO2e_IPPU,2037,,,,,,,,,,,,,,,,,,0.023144,,,,,,,,,,,,,,,,,,,,
BAU,0,,CARBONATE_CERAMICS,CO2e_IPPU,2038,,,,,,,,,,,,,,,,,,0.024024,,,,,,,,,,,,,,,,,,,,
BAU,0,,CARBONATE_CERAMICS,CO2e_IPPU,2039,,,,,,,,,,,,,,,,,,0.024948,,,,,,,,,,,,,,,,,,,,
BAU,0,,CARBONATE_CERAMICS,CO2e_IPPU,2040,,,,,,,,,,,,,,,,,,0.025872,,,,,,,,,,,,,,,,,,,,
BAU,0,,CARBONATE_CERAMICS,CO2e_IPPU,2041,,,,,,,,,,,,,,,,,,0.026884,,,,,,,,,,,,,,,,,,,,
BAU,0,,CARBONATE_CERAMICS,CO2e_IPPU,2042,,,,,,,,,,,,,,,,,,0.027896,,,,,,,,,,,,,,,,,,,,
BAU,0,,CARBONATE_CERAMICS,CO2e_IPPU,2043,,,,,,,,,,,,,,,,,,0.028952,,,,,,,,,,,,,,,,,,,,
BAU,0,,CARBONATE_CERAMICS,CO2e_IPPU,2044,,,,,,,,,,,,,,,,,,0.030052,,,,,,,,,,,,,,,,,,,,
BAU,0,,CARBONATE_CERAMICS,CO2e_IPPU,2045,,,,,,,,,,,,,,,,,,0.031196,,,,,,,,,,,,,,,,,,,,
BAU,0,,CARBONATE_CERAMICS,CO2e_IPPU,2046,,,,,,,,,,,,,,,,,,0.032384,,,,,,,,,,,,,,,,,,,,
BAU,0,,CARBONATE_CERAMICS,CO2e_IPPU,2047,,,,,,,,,,,,,,,,,,0.033616,,,,,,,,,,,,,,,,,,,,
BAU,0,,CARBONATE_CERAMICS,CO2e_IPPU,2048,,,,,,,,,,,,,,,,,,0.034892,,,,,,,,,,,,,,,,,,,,
BAU,0,,CARBONATE_CERAMICS,CO2e_IPPU,2049,,,,,,,,,,,,,,,,,,0.036212,,,,,,,,,,,,,,,,,,,,
BAU,0,,CARBONATE_CERAMICS,CO2e_IPPU,2050,,,,,,,,,,,,,,,,,,0.037576,,,,,,,,,,,,,,,,,,,,
BAU,0,,CARBONATE_ASH,CO2e_IPPU,2018,,,,,,,,,,,,,,,,,,0.008856,,,,,,,,,,,,,,,,,,,,
BAU,0,,CARBONATE_ASH,CO2e_IPPU,2019,,,,,,,,,,,,,,,,,,0.012628,,,,,,,,,,,,,,,,,,,,
BAU,0,,CARBONATE_ASH,CO2e_IPPU,2020,,,,,,,,,,,,,,,,,,0.011808,,,,,,,,,,,,,,,,,,,,
BAU,0,,CARBONATE_ASH,CO2e_IPPU,2021,,,,,,,,,,,,,,,,,,0.014596,,,,,,,,,,,,,,,,,,,,
BAU,0,,CARBONATE_ASH,CO2e_IPPU,2022,,,,,,,,,,,,,,,,,,0.015047,,,,,,,,,,,,,,,,,,,,
BAU,0,,CARBONATE_ASH,CO2e_IPPU,2023,,,,,,,,,,,,,,,,,,0.015621,,,,,,,,,,,,,,,,,,,,
BAU,0,,CARBONATE_ASH,CO2e_IPPU,2024,,,,,,,,,,,,,,,,,,0.016236,,,,,,,,,,,,,,,,,,,,
BAU,0,,CARBONATE_ASH,CO2e_IPPU,2025,,,,,,,,,,,,,,,,,,0.016851,,,,,,,,,,,,,,,,,,,,
BAU,0,,CARBONATE_ASH,CO2e_IPPU,2026,,,,,,,,,,,,,,,,,,0.017466,,,,,,,,,,,,,,,,,,,,
BAU,0,,CARBONATE_ASH,CO2e_IPPU,2027,,,,,,,,,,,,,,,,,,0.018163,,,,,,,,,,,,,,,,,,,,
BAU,0,,CARBONATE_ASH,CO2e_IPPU,2028,,,,,,,,,,,,,,,,,,0.018819,,,,,,,,,,,,,,,,,,,,
BAU,0,,CARBONATE_ASH,CO2e_IPPU,2029,,,,,,,,,,,,,,,,,,0.019557,,,,,,,,,,,,,,,,,,,,
BAU,0,,CARBONATE_ASH,CO2e_IPPU,2030,,,,,,,,,,,,,,,,,,0.020295,,,,,,,,,,,,,,,,,,,,
BAU,0,,CARBONATE_ASH,CO2e_IPPU,2031,,,,,,,,,,,,,,,,,,0.021074,,,,,,,,,,,,,,,,,,,,
BAU,0,,CARBONATE_ASH,CO2e_IPPU,2032,,,,,,,,,,,,,,,,,,0.021853,,,,,,,,,,,,,,,,,,,,
BAU,0,,CARBONATE_ASH,CO2e_IPPU,2033,,,,,,,,,,,,,,,,,,0.022714,,,,,,,,,,,,,,,,,,,,
BAU,0,,CARBONATE_ASH,CO2e_IPPU,2034,,,,,,,,,,,,,,,,,,0.023575,,,,,,,,,,,,,,,,,,,,
BAU,0,,CARBONATE_ASH,CO2e_IPPU,2035,,,,,,,,,,,,,,,,,,0.024436,,,,,,,,,,,,,,,,,,,,
BAU,0,,CARBONATE_ASH,CO2e_IPPU,2036,,,,,,,,,,,,,,,,,,0.025379,,,,,,,,,,,,,,,,,,,,
BAU,0,,CARBONATE_ASH,CO2e_IPPU,2037,,,,,,,,,,,,,,,,,,0.026363,,,,,,,,,,,,,,,,,,,,
BAU,0,,CARBONATE_ASH,CO2e_IPPU,2038,,,,,,,,,,,,,,,,,,0.027347,,,,,,,,,,,,,,,,,,,,
BAU,0,,CARBONATE_ASH,CO2e_IPPU,2039,,,,,,,,,,,,,,,,,,0.028372,,,,,,,,,,,,,,,,,,,,
BAU,0,,CARBONATE_ASH,CO2e_IPPU,2040,,,,,,,,,,,,,,,,,,0.029479,,,,,,,,,,,,,,,,,,,,
BAU,0,,CARBONATE_ASH,CO2e_IPPU,2041,,,,,,,,,,,,,,,,,,0.030586,,,,,,,,,,,,,,,,,,,,
BAU,0,,CARBONATE_ASH,CO2e_IPPU,2042,,,,,,,,,,,,,,,,,,0.031734,,,,,,,,,,,,,,,,,,,,
BAU,0,,CARBONATE_ASH,CO2e_IPPU,2043,,,,,,,,,,,,,,,,,,0.032964,,,,,,,,,,,,,,,,,,,,
BAU,0,,CARBONATE_ASH,CO2e_IPPU,2044,,,,,,,,,,,,,,,,,,0.034194,,,,,,,,,,,,,,,,,,,,
BAU,0,,CARBONATE_ASH,CO2e_IPPU,2045,,,,,,,,,,,,,,,,,,0.035506,,,,,,,,,,,,,,,,,,,,
BAU,0,,CARBONATE_ASH,CO2e_IPPU,2046,,,,,,,,,,,,,,,,,,0.036859,,,,,,,,,,,,,,,,,,,,
BAU,0,,CARBONATE_ASH,CO2e_IPPU,2047,,,,,,,,,,,,,,,,,,0.038253,,,,,,,,,,,,,,,,,,,,
BAU,0,,CARBONATE_ASH,CO2e_IPPU,2048,,,,,,,,,,,,,,,,,,0.039688,,,,,,,,,,,,,,,,,,,,
BAU,0,,CARBONATE_ASH,CO2e_IPPU,2049,,,,,,,,,,,,,,,,,,0.041205,,,,,,,,,,,,,,,,,,,,
BAU,0,,CARBONATE_ASH,CO2e_IPPU,2050,,,,,,,,,,,,,,,,,,0.042763,,,,,,,,,,,,,,,,,,,,
BAU,0,,IRON_STEEL,CO2e_IPPU,2018,,,,,,,,,,,,,,,,,,0.050616,,,,,,,,,,,,,,,,,,,,
BAU,0,,IRON_STEEL,CO2e_IPPU,2019,,,,,,,,,,,,,,,,,,0.05292,,,,,,,,,,,,,,,,,,,,
BAU,0,,IRON_STEEL,CO2e_IPPU,2020,,,,,,,,,,,,,,,,,,0.055242,,,,,,,,,,,,,,,,,,,,
BAU,0,,IRON_STEEL,CO2e_IPPU,2021,,,,,,,,,,,,,,,,,,0.048798,,,,,,,,,,,,,,,,,,,,
BAU,0,,IRON_STEEL,CO2e_IPPU,2022,,,,,,,,,,,,,,,,,,0.02403,,,,,,,,,,,,,,,,,,,,
BAU,0,,IRON_STEEL,CO2e_IPPU,2023,,,,,,,,,,,,,,,,,,0.024948,,,,,,,,,,,,,,,,,,,,
BAU,0,,IRON_STEEL,CO2e_IPPU,2024,,,,,,,,,,,,,,,,,,0.025884,,,,,,,,,,,,,,,,,,,,
BAU,0,,IRON_STEEL,CO2e_IPPU,2025,,,,,,,,,,,,,,,,,,0.026874,,,,,,,,,,,,,,,,,,,,
BAU,0,,IRON_STEEL,CO2e_IPPU,2026,,,,,,,,,,,,,,,,,,0.0279,,,,,,,,,,,,,,,,,,,,
BAU,0,,IRON_STEEL,CO2e_IPPU,2027,,,,,,,,,,,,,,,,,,0.028962,,,,,,,,,,,,,,,,,,,,
BAU,0,,IRON_STEEL,CO2e_IPPU,2028,,,,,,,,,,,,,,,,,,0.03006,,,,,,,,,,,,,,,,,,,,
BAU,0,,IRON_STEEL,CO2e_IPPU,2029,,,,,,,,,,,,,,,,,,0.031194,,,,,,,,,,,,,,,,,,,,
BAU,0,,IRON_STEEL,CO2e_IPPU,2030,,,,,,,,,,,,,,,,,,0.032382,,,,,,,,,,,,,,,,,,,,
BAU,0,,IRON_STEEL,CO2e_IPPU,2031,,,,,,,,,,,,,,,,,,0.033606,,,,,,,,,,,,,,,,,,,,
BAU,0,,IRON_STEEL,CO2e_IPPU,2032,,,,,,,,,,,,,,,,,,0.034884,,,,,,,,,,,,,,,,,,,,
BAU,0,,IRON_STEEL,CO2e_IPPU,2033,,,,,,,,,,,,,,,,,,0.036216,,,,,,,,,,,,,,,,,,,,
BAU,0,,IRON_STEEL,CO2e_IPPU,2034,,,,,,,,,,,,,,,,,,0.037602,,,,,,,,,,,,,,,,,,,,
BAU,0,,IRON_STEEL,CO2e_IPPU,2035,,,,,,,,,,,,,,,,,,0.039024,,,,,,,,,,,,,,,,,,,,
BAU,0,,IRON_STEEL,CO2e_IPPU,2036,,,,,,,,,,,,,,,,,,0.0405,,,,,,,,,,,,,,,,,,,,
BAU,0,,IRON_STEEL,CO2e_IPPU,2037,,,,,,,,,,,,,,,,,,0.042048,,,,,,,,,,,,,,,,,,,,
BAU,0,,IRON_STEEL,CO2e_IPPU,2038,,,,,,,,,,,,,,,,,,0.04365,,,,,,,,,,,,,,,,,,,,
BAU,0,,IRON_STEEL,CO2e_IPPU,2039,,,,,,,,,,,,,,,,,,0.045306,,,,,,,,,,,,,,,,,,,,
BAU,0,,IRON_STEEL,CO2e_IPPU,2040,,,,,,,,,,,,,,,,,,0.047016,,,,,,,,,,,,,,,,,,,,
BAU,0,,IRON_STEEL,CO2e_IPPU,2041,,,,,,,,,,,,,,,,,,0.048816,,,,,,,,,,,,,,,,,,,,
BAU,0,,IRON_STEEL,CO2e_IPPU,2042,,,,,,,,,,,,,,,,,,0.05067,,,,,,,,,,,,,,,,,,,,
BAU,0,,IRON_STEEL,CO2e_IPPU,2043,,,,,,,,,,,,,,,,,,0.052596,,,,,,,,,,,,,,,,,,,,
BAU,0,,IRON_STEEL,CO2e_IPPU,2044,,,,,,,,,,,,,,,,,,0.054594,,,,,,,,,,,,,,,,,,,,
BAU,0,,IRON_STEEL,CO2e_IPPU,2045,,,,,,,,,,,,,,,,,,0.056664,,,,,,,,,,,,,,,,,,,,
BAU,0,,IRON_STEEL,CO2e_IPPU,2046,,,,,,,,,,,,,,,,,,0.058824,,,,,,,,,,,,,,,,,,,,
BAU,0,,IRON_STEEL,CO2e_IPPU,2047,,,,,,,,,,,,,,,,,,0.061056,,,,,,,,,,,,,,,,,,,,
BAU,0,,IRON_STEEL,CO2e_IPPU,2048,,,,,,,,,,,,,,,,,,0.063378,,,,,,,,,,,,,,,,,,,,
BAU,0,,IRON_STEEL,CO2e_IPPU,2049,,,,,,,,,,,,,,,,,,0.065772,,,,,,,,,,,,,,,,,,,,
BAU,0,,IRON_STEEL,CO2e_IPPU,2050,,,,,,,,,,,,,,,,,,0.068274,,,,,,,,,,,,,,,,,,,,
BAU,0,,PROD_FERRO,CO2e_IPPU,2018,,,,,,,,,,,,,,,,,,0.003735,,,,,,,,,,,,,,,,,,,,
BAU,0,,PROD_FERRO,CO2e_IPPU,2019,,,,,,,,,,,,,,,,,,0.004729,,,,,,,,,,,,,,,,,,,,
BAU,0,,PROD_FERRO,CO2e_IPPU,2020,,,,,,,,,,,,,,,,,,0.005724,,,,,,,,,,,,,,,,,,,,
BAU,0,,PROD_FERRO,CO2e_IPPU,2021,,,,,,,,,,,,,,,,,,0.000605,,,,,,,,,,,,,,,,,,,,
BAU,0,,PROD_FERRO,CO2e_IPPU,2022,,,,,,,,,,,,,,,,,,0.000279,,,,,,,,,,,,,,,,,,,,
BAU,0,,PROD_FERRO,CO2e_IPPU,2023,,,,,,,,,,,,,,,,,,0.00029,,,,,,,,,,,,,,,,,,,,
BAU,0,,PROD_FERRO,CO2e_IPPU,2024,,,,,,,,,,,,,,,,,,0.000301,,,,,,,,,,,,,,,,,,,,
BAU,0,,PROD_FERRO,CO2e_IPPU,2025,,,,,,,,,,,,,,,,,,0.000312,,,,,,,,,,,,,,,,,,,,
BAU,0,,PROD_FERRO,CO2e_IPPU,2026,,,,,,,,,,,,,,,,,,0.000324,,,,,,,,,,,,,,,,,,,,
BAU,0,,PROD_FERRO,CO2e_IPPU,2027,,,,,,,,,,,,,,,,,,0.000336,,,,,,,,,,,,,,,,,,,,
BAU,0,,PROD_FERRO,CO2e_IPPU,2028,,,,,,,,,,,,,,,,,,0.000349,,,,,,,,,,,,,,,,,,,,
BAU,0,,PROD_FERRO,CO2e_IPPU,2029,,,,,,,,,,,,,,,,,,0.000363,,,,,,,,,,,,,,,,,,,,
BAU,0,,PROD_FERRO,CO2e_IPPU,2030,,,,,,,,,,,,,,,,,,0.000376,,,,,,,,,,,,,,,,,,,,
BAU,0,,PROD_FERRO,CO2e_IPPU,2031,,,,,,,,,,,,,,,,,,0.000391,,,,,,,,,,,,,,,,,,,,
BAU,0,,PROD_FERRO,CO2e_IPPU,2032,,,,,,,,,,,,,,,,,,0.000405,,,,,,,,,,,,,,,,,,,,
BAU,0,,PROD_FERRO,CO2e_IPPU,2033,,,,,,,,,,,,,,,,,,0.000421,,,,,,,,,,,,,,,,,,,,
BAU,0,,PROD_FERRO,CO2e_IPPU,2034,,,,,,,,,,,,,,,,,,0.000437,,,,,,,,,,,,,,,,,,,,
BAU,0,,PROD_FERRO,CO2e_IPPU,2035,,,,,,,,,,,,,,,,,,0.000453,,,,,,,,,,,,,,,,,,,,
BAU,0,,PROD_FERRO,CO2e_IPPU,2036,,,,,,,,,,,,,,,,,,0.000471,,,,,,,,,,,,,,,,,,,,
BAU,0,,PROD_FERRO,CO2e_IPPU,2037,,,,,,,,,,,,,,,,,,0.000489,,,,,,,,,,,,,,,,,,,,
BAU,0,,PROD_FERRO,CO2e_IPPU,2038,,,,,,,,,,,,,,,,,,0.000507,,,,,,,,,,,,,,,,,,,,
BAU,0,,PROD_FERRO,CO2e_IPPU,2039,,,,,,,,,,,,,,,,,,0.000526,,,,,,,,,,,,,,,,,,,,
BAU,0,,PROD_FERRO,CO2e_IPPU,2040,,,,,,,,,,,,,,,,,,0.000546,,,,,,,,,,,,,,,,,,,,
BAU,0,,PROD_FERRO,CO2e_IPPU,2041,,,,,,,,,,,,,,,,,,0.000567,,,,,,,,,,,,,,,,,,,,
BAU,0,,PROD_FERRO,CO2e_IPPU,2042,,,,,,,,,,,,,,,,,,0.000589,,,,,,,,,,,,,,,,,,,,
BAU,0,,PROD_FERRO,CO2e_IPPU,2043,,,,,,,,,,,,,,,,,,0.000611,,,,,,,,,,,,,,,,,,,,
BAU,0,,PROD_FERRO,CO2e_IPPU,2044,,,,,,,,,,,,,,,,,,0.000634,,,,,,,,,,,,,,,,,,,,
BAU,0,,PROD_FERRO,CO2e_IPPU,2045,,,,,,,,,,,,,,,,,,0.000658,,,,,,,,,,,,,,,,,,,,
BAU,0,,PROD_FERRO,CO2e_IPPU,2046,,,,,,,,,,,,,,,,,,0.000683,,,,,,,,,,,,,,,,,,,,
BAU,0,,PROD_FERRO,CO2e_IPPU,2047,,,,,,,,,,,,,,,,,,0.000709,,,,,,,,,,,,,,,,,,,,
BAU,0,,PROD_FERRO,CO2e_IPPU,2048,,,,,,,,,,,,,,,,,,0.000736,,,,,,,,,,,,,,,,,,,,
BAU,0,,PROD_FERRO,CO2e_IPPU,2049,,,,,,,,,,,,,,,,,,0.000764,,,,,,,,,,,,,,,,,,,,
BAU,0,,PROD_FERRO,CO2e_IPPU,2050,,,,,,,,,,,,,,,,,,0.000793,,,,,,,,,,,,,,,,,,,,
BAU,0,,LUBRI_OILS,CO2e_IPPU,2018,,,,,,,,,,,,,,,,,,0.0260603,,,,,,,,,,,,,,,,,,,,
BAU,0,,LUBRI_OILS,CO2e_IPPU,2019,,,,,,,,,,,,,,,,,,0.00495264,,,,,,,,,,,,,,,,,,,,
BAU,0,,LUBRI_OILS,CO2e_IPPU,2020,,,,,,,,,,,,,,,,,,0.00495264,,,,,,,,,,,,,,,,,,,,
BAU,0,,LUBRI_OILS,CO2e_IPPU,2021,,,,,,,,,,,,,,,,,,0.0352581,,,,,,,,,,,,,,,,,,,,
BAU,0,,LUBRI_OILS,CO2e_IPPU,2022,,,,,,,,,,,,,,,,,,0.0352581,,,,,,,,,,,,,,,,,,,,
BAU,0,,LUBRI_OILS,CO2e_IPPU,2023,,,,,,,,,,,,,,,,,,0.0365552,,,,,,,,,,,,,,,,,,,,
BAU,0,,LUBRI_OILS,CO2e_IPPU,2024,,,,,,,,,,,,,,,,,,0.0379702,,,,,,,,,,,,,,,,,,,,
BAU,0,,LUBRI_OILS,CO2e_IPPU,2025,,,,,,,,,,,,,,,,,,0.0393853,,,,,,,,,,,,,,,,,,,,
BAU,0,,LUBRI_OILS,CO2e_IPPU,2026,,,,,,,,,,,,,,,,,,0.0409182,,,,,,,,,,,,,,,,,,,,
BAU,0,,LUBRI_OILS,CO2e_IPPU,2027,,,,,,,,,,,,,,,,,,0.0424512,,,,,,,,,,,,,,,,,,,,
BAU,0,,LUBRI_OILS,CO2e_IPPU,2028,,,,,,,,,,,,,,,,,,0.0440431,,,,,,,,,,,,,,,,,,,,
BAU,0,,LUBRI_OILS,CO2e_IPPU,2029,,,,,,,,,,,,,,,,,,0.045753,,,,,,,,,,,,,,,,,,,,
BAU,0,,LUBRI_OILS,CO2e_IPPU,2030,,,,,,,,,,,,,,,,,,0.0474628,,,,,,,,,,,,,,,,,,,,
BAU,0,,LUBRI_OILS,CO2e_IPPU,2031,,,,,,,,,,,,,,,,,,0.0492906,,,,,,,,,,,,,,,,,,,,
BAU,0,,LUBRI_OILS,CO2e_IPPU,2032,,,,,,,,,,,,,,,,,,0.0511773,,,,,,,,,,,,,,,,,,,,
BAU,0,,LUBRI_OILS,CO2e_IPPU,2033,,,,,,,,,,,,,,,,,,0.053123,,,,,,,,,,,,,,,,,,,,
BAU,0,,LUBRI_OILS,CO2e_IPPU,2034,,,,,,,,,,,,,,,,,,0.0551276,,,,,,,,,,,,,,,,,,,,
BAU,0,,LUBRI_OILS,CO2e_IPPU,2035,,,,,,,,,,,,,,,,,,0.0571912,,,,,,,,,,,,,,,,,,,,
BAU,0,,LUBRI_OILS,CO2e_IPPU,2036,,,,,,,,,,,,,,,,,,0.0593727,,,,,,,,,,,,,,,,,,,,
BAU,0,,LUBRI_OILS,CO2e_IPPU,2037,,,,,,,,,,,,,,,,,,0.0616132,,,,,,,,,,,,,,,,,,,,
BAU,0,,LUBRI_OILS,CO2e_IPPU,2038,,,,,,,,,,,,,,,,,,0.0639716,,,,,,,,,,,,,,,,,,,,
BAU,0,,LUBRI_OILS,CO2e_IPPU,2039,,,,,,,,,,,,,,,,,,0.066389,,,,,,,,,,,,,,,,,,,,
BAU,0,,LUBRI_OILS,CO2e_IPPU,2040,,,,,,,,,,,,,,,,,,0.0689242,,,,,,,,,,,,,,,,,,,,
BAU,0,,LUBRI_OILS,CO2e_IPPU,2041,,,,,,,,,,,,,,,,,,0.0715774,,,,,,,,,,,,,,,,,,,,
BAU,0,,LUBRI_OILS,CO2e_IPPU,2042,,,,,,,,,,,,,,,,,,0.0742896,,,,,,,,,,,,,,,,,,,,
BAU,0,,LUBRI_OILS,CO2e_IPPU,2043,,,,,,,,,,,,,,,,,,0.0771197,,,,,,,,,,,,,,,,,,,,
BAU,0,,LUBRI_OILS,CO2e_IPPU,2044,,,,,,,,,,,,,,,,,,0.0800087,,,,,,,,,,,,,,,,,,,,
BAU,0,,LUBRI_OILS,CO2e_IPPU,2045,,,,,,,,,,,,,,,,,,0.0830746,,,,,,,,,,,,,,,,,,,,
BAU,0,,LUBRI_OILS,CO2e_IPPU,2046,,,,,,,,,,,,,,,,,,0.0861995,,,,,,,,,,,,,,,,,,,,
BAU,0,,LUBRI_OILS,CO2e_IPPU,2047,,,,,,,,,,,,,,,,,,0.0895013,,,,,,,,,,,,,,,,,,,,
BAU,0,,LUBRI_OILS,CO2e_IPPU,2048,,,,,,,,,,,,,,,,,,0.092921,,,,,,,,,,,,,,,,,,,,
BAU,0,,LUBRI_OILS,CO2e_IPPU,2049,,,,,,,,,,,,,,,,,,0.0964586,,,,,,,,,,,,,,,,,,,,
BAU,0,,LUBRI_OILS,CO2e_IPPU,2050,,,,,,,,,,,,,,,,,,0.100114,,,,,,,,,,,,,,,,,,,,
BAU,0,,PARAFFIN,CO2e_IPPU,2018,,,,,,,,,,,,,,,,,,0.00542432,,,,,,,,,,,,,,,,,,,,
BAU,0,,PARAFFIN,CO2e_IPPU,2019,,,,,,,,,,,,,,,,,,0.00112024,,,,,,,,,,,,,,,,,,,,
BAU,0,,PARAFFIN,CO2e_IPPU,2020,,,,,,,,,,,,,,,,,,0.00182776,,,,,,,,,,,,,,,,,,,,
BAU,0,,PARAFFIN,CO2e_IPPU,2021,,,,,,,,,,,,,,,,,,0.0097284,,,,,,,,,,,,,,,,,,,,
BAU,0,,PARAFFIN,CO2e_IPPU,2022,,,,,,,,,,,,,,,,,,0.00984632,,,,,,,,,,,,,,,,,,,,
BAU,0,,PARAFFIN,CO2e_IPPU,2023,,,,,,,,,,,,,,,,,,0.0102001,,,,,,,,,,,,,,,,,,,,
BAU,0,,PARAFFIN,CO2e_IPPU,2024,,,,,,,,,,,,,,,,,,0.0106128,,,,,,,,,,,,,,,,,,,,
BAU,0,,PARAFFIN,CO2e_IPPU,2025,,,,,,,,,,,,,,,,,,0.0109666,,,,,,,,,,,,,,,,,,,,
BAU,0,,PARAFFIN,CO2e_IPPU,2026,,,,,,,,,,,,,,,,,,0.0114382,,,,,,,,,,,,,,,,,,,,
BAU,0,,PARAFFIN,CO2e_IPPU,2027,,,,,,,,,,,,,,,,,,0.011851,,,,,,,,,,,,,,,,,,,,
BAU,0,,PARAFFIN,CO2e_IPPU,2028,,,,,,,,,,,,,,,,,,0.0123226,,,,,,,,,,,,,,,,,,,,
BAU,0,,PARAFFIN,CO2e_IPPU,2029,,,,,,,,,,,,,,,,,,0.0127354,,,,,,,,,,,,,,,,,,,,
BAU,0,,PARAFFIN,CO2e_IPPU,2030,,,,,,,,,,,,,,,,,,0.013266,,,,,,,,,,,,,,,,,,,,
BAU,0,,PARAFFIN,CO2e_IPPU,2031,,,,,,,,,,,,,,,,,,0.0137377,,,,,,,,,,,,,,,,,,,,
BAU,0,,PARAFFIN,CO2e_IPPU,2032,,,,,,,,,,,,,,,,,,0.0142683,,,,,,,,,,,,,,,,,,,,
BAU,0,,PARAFFIN,CO2e_IPPU,2033,,,,,,,,,,,,,,,,,,0.014799,,,,,,,,,,,,,,,,,,,,
BAU,0,,PARAFFIN,CO2e_IPPU,2034,,,,,,,,,,,,,,,,,,0.0153886,,,,,,,,,,,,,,,,,,,,
BAU,0,,PARAFFIN,CO2e_IPPU,2035,,,,,,,,,,,,,,,,,,0.0159782,,,,,,,,,,,,,,,,,,,,
BAU,0,,PARAFFIN,CO2e_IPPU,2036,,,,,,,,,,,,,,,,,,0.0165678,,,,,,,,,,,,,,,,,,,,
BAU,0,,PARAFFIN,CO2e_IPPU,2037,,,,,,,,,,,,,,,,,,0.0172163,,,,,,,,,,,,,,,,,,,,
BAU,0,,PARAFFIN,CO2e_IPPU,2038,,,,,,,,,,,,,,,,,,0.0178649,,,,,,,,,,,,,,,,,,,,
BAU,0,,PARAFFIN,CO2e_IPPU,2039,,,,,,,,,,,,,,,,,,0.0185134,,,,,,,,,,,,,,,,,,,,
BAU,0,,PARAFFIN,CO2e_IPPU,2040,,,,,,,,,,,,,,,,,,0.019221,,,,,,,,,,,,,,,,,,,,
BAU,0,,PARAFFIN,CO2e_IPPU,2041,,,,,,,,,,,,,,,,,,0.0199874,,,,,,,,,,,,,,,,,,,,
BAU,0,,PARAFFIN,CO2e_IPPU,2042,,,,,,,,,,,,,,,,,,0.020695,,,,,,,,,,,,,,,,,,,,
BAU,0,,PARAFFIN,CO2e_IPPU,2043,,,,,,,,,,,,,,,,,,0.0215204,,,,,,,,,,,,,,,,,,,,
BAU,0,,PARAFFIN,CO2e_IPPU,2044,,,,,,,,,,,,,,,,,,0.0223458,,,,,,,,,,,,,,,,,,,,
BAU,0,,PARAFFIN,CO2e_IPPU,2045,,,,,,,,,,,,,,,,,,0.0231713,,,,,,,,,,,,,,,,,,,,
BAU,0,,PARAFFIN,CO2e_IPPU,2046,,,,,,,,,,,,,,,,,,0.0240557,,,,,,,,,,,,,,,,,,,,
BAU,0,,PARAFFIN,CO2e_IPPU,2047,,,,,,,,,,,,,,,,,,0.024999,,,,,,,,,,,,,,,,,,,,
BAU,0,,PARAFFIN,CO2e_IPPU,2048,,,,,,,,,,,,,,,,,,0.0259424,,,,,,,,,,,,,,,,,,,,
BAU,0,,PARAFFIN,CO2e_IPPU,2049,,,,,,,,,,,,,,,,,,0.0268858,,,,,,,,,,,,,,,,,,,,
BAU,0,,PARAFFIN,CO2e_IPPU,2050,,,,,,,,,,,,,,,,,,0.027947,,,,,,,,,,,,,,,,,,,,
BAU,0,,REFR_AC_HFC32,CO2e_IPPU,2018,,,,,,,,,,,,,,,,,,0.0111705,,,,,,,,,,,,,,,,,,,,
BAU,0,,REFR_AC_HFC32,CO2e_IPPU,2019,,,,,,,,,,,,,,,,,,0.0192945,,,,,,,,,,,,,,,,,,,,
BAU,0,,REFR_AC_HFC32,CO2e_IPPU,2020,,,,,,,,,,,,,,,,,,0.0236273,,,,,,,,,,,,,,,,,,,,
BAU,0,,REFR_AC_HFC32,CO2e_IPPU,2021,,,,,,,,,,,,,,,,,,0.0266738,,,,,,,,,,,,,,,,,,,,
BAU,0,,REFR_AC_HFC32,CO2e_IPPU,2022,,,,,,,,,,,,,,,,,,0.0351363,,,,,,,,,,,,,,,,,,,,
BAU,0,,REFR_AC_HFC32,CO2e_IPPU,2023,,,,,,,,,,,,,,,,,,0.0360164,,,,,,,,,,,,,,,,,,,,
BAU,0,,REFR_AC_HFC32,CO2e_IPPU,2024,,,,,,,,,,,,,,,,,,0.0368965,,,,,,,,,,,,,,,,,,,,
BAU,0,,REFR_AC_HFC32,CO2e_IPPU,2025,,,,,,,,,,,,,,,,,,0.0378443,,,,,,,,,,,,,,,,,,,,
BAU,0,,REFR_AC_HFC32,CO2e_IPPU,2026,,,,,,,,,,,,,,,,,,0.0387921,,,,,,,,,,,,,,,,,,,,
BAU,0,,REFR_AC_HFC32,CO2e_IPPU,2027,,,,,,,,,,,,,,,,,,0.0397399,,,,,,,,,,,,,,,,,,,,
BAU,0,,REFR_AC_HFC32,CO2e_IPPU,2028,,,,,,,,,,,,,,,,,,0.0407554,,,,,,,,,,,,,,,,,,,,
BAU,0,,REFR_AC_HFC32,CO2e_IPPU,2029,,,,,,,,,,,,,,,,,,0.0417709,,,,,,,,,,,,,,,,,,,,
BAU,0,,REFR_AC_HFC32,CO2e_IPPU,2030,,,,,,,,,,,,,,,,,,0.0428541,,,,,,,,,,,,,,,,,,,,
BAU,0,,REFR_AC_HFC32,CO2e_IPPU,2031,,,,,,,,,,,,,,,,,,0.0438696,,,,,,,,,,,,,,,,,,,,
BAU,0,,REFR_AC_HFC32,CO2e_IPPU,2032,,,,,,,,,,,,,,,,,,0.0450205,,,,,,,,,,,,,,,,,,,,
BAU,0,,REFR_AC_HFC32,CO2e_IPPU,2033,,,,,,,,,,,,,,,,,,0.0461037,,,,,,,,,,,,,,,,,,,,
BAU,0,,REFR_AC_HFC32,CO2e_IPPU,2034,,,,,,,,,,,,,,,,,,0.0472546,,,,,,,,,,,,,,,,,,,,
BAU,0,,REFR_AC_HFC32,CO2e_IPPU,2035,,,,,,,,,,,,,,,,,,0.0484732,,,,,,,,,,,,,,,,,,,,
BAU,0,,REFR_AC_HFC32,CO2e_IPPU,2036,,,,,,,,,,,,,,,,,,0.0496918,,,,,,,,,,,,,,,,,,,,
BAU,0,,REFR_AC_HFC32,CO2e_IPPU,2037,,,,,,,,,,,,,,,,,,0.0509104,,,,,,,,,,,,,,,,,,,,
BAU,0,,REFR_AC_HFC32,CO2e_IPPU,2038,,,,,,,,,,,,,,,,,,0.0521967,,,,,,,,,,,,,,,,,,,,
BAU,0,,REFR_AC_HFC32,CO2e_IPPU,2039,,,,,,,,,,,,,,,,,,0.053483,,,,,,,,,,,,,,,,,,,,
BAU,0,,REFR_AC_HFC32,CO2e_IPPU,2040,,,,,,,,,,,,,,,,,,0.054837,,,,,,,,,,,,,,,,,,,,
BAU,0,,REFR_AC_HFC32,CO2e_IPPU,2041,,,,,,,,,,,,,,,,,,0.056191,,,,,,,,,,,,,,,,,,,,
BAU,0,,REFR_AC_HFC32,CO2e_IPPU,2042,,,,,,,,,,,,,,,,,,0.0576127,,,,,,,,,,,,,,,,,,,,
BAU,0,,REFR_AC_HFC32,CO2e_IPPU,2043,,,,,,,,,,,,,,,,,,0.0590344,,,,,,,,,,,,,,,,,,,,
BAU,0,,REFR_AC_HFC32,CO2e_IPPU,2044,,,,,,,,,,,,,,,,,,0.0605238,,,,,,,,,,,,,,,,,,,,
BAU,0,,REFR_AC_HFC32,CO2e_IPPU,2045,,,,,,,,,,,,,,,,,,0.0620132,,,,,,,,,,,,,,,,,,,,
BAU,0,,REFR_AC_HFC32,CO2e_IPPU,2046,,,,,,,,,,,,,,,,,,0.0635703,,,,,,,,,,,,,,,,,,,,
BAU,0,,REFR_AC_HFC32,CO2e_IPPU,2047,,,,,,,,,,,,,,,,,,0.0651951,,,,,,,,,,,,,,,,,,,,
BAU,0,,REFR_AC_HFC32,CO2e_IPPU,2048,,,,,,,,,,,,,,,,,,0.0668199,,,,,,,,,,,,,,,,,,,,
BAU,0,,REFR_AC_HFC32,CO2e_IPPU,2049,,,,,,,,,,,,,,,,,,0.0684447,,,,,,,,,,,,,,,,,,,,
BAU,0,,REFR_AC_HFC32,CO2e_IPPU,2050,,,,,,,,,,,,,,,,,,0.0702049,,,,,,,,,,,,,,,,,,,,
BAU,0,,REFR_AC_HFC125,CO2e_IPPU,2018,,,,,,,,,,,,,,,,,,0.055475,,,,,,,,,,,,,,,,,,,,
BAU,0,,REFR_AC_HFC125,CO2e_IPPU,2019,,,,,,,,,,,,,,,,,,0.075446,,,,,,,,,,,,,,,,,,,,
BAU,0,,REFR_AC_HFC125,CO2e_IPPU,2020,,,,,,,,,,,,,,,,,,0.092247,,,,,,,,,,,,,,,,,,,,
BAU,0,,REFR_AC_HFC125,CO2e_IPPU,2021,,,,,,,,,,,,,,,,,,0.101757,,,,,,,,,,,,,,,,,,,,
BAU,0,,REFR_AC_HFC125,CO2e_IPPU,2022,,,,,,,,,,,,,,,,,,0.135993,,,,,,,,,,,,,,,,,,,,
BAU,0,,REFR_AC_HFC125,CO2e_IPPU,2023,,,,,,,,,,,,,,,,,,0.13948,,,,,,,,,,,,,,,,,,,,
BAU,0,,REFR_AC_HFC125,CO2e_IPPU,2024,,,,,,,,,,,,,,,,,,0.142967,,,,,,,,,,,,,,,,,,,,
BAU,0,,REFR_AC_HFC125,CO2e_IPPU,2025,,,,,,,,,,,,,,,,,,0.146454,,,,,,,,,,,,,,,,,,,,
BAU,0,,REFR_AC_HFC125,CO2e_IPPU,2026,,,,,,,,,,,,,,,,,,0.150258,,,,,,,,,,,,,,,,,,,,
BAU,0,,REFR_AC_HFC125,CO2e_IPPU,2027,,,,,,,,,,,,,,,,,,0.154062,,,,,,,,,,,,,,,,,,,,
BAU,0,,REFR_AC_HFC125,CO2e_IPPU,2028,,,,,,,,,,,,,,,,,,0.157866,,,,,,,,,,,,,,,,,,,,
BAU,0,,REFR_AC_HFC125,CO2e_IPPU,2029,,,,,,,,,,,,,,,,,,0.16167,,,,,,,,,,,,,,,,,,,,
BAU,0,,REFR_AC_HFC125,CO2e_IPPU,2030,,,,,,,,,,,,,,,,,,0.165791,,,,,,,,,,,,,,,,,,,,
BAU,0,,REFR_AC_HFC125,CO2e_IPPU,2031,,,,,,,,,,,,,,,,,,0.169912,,,,,,,,,,,,,,,,,,,,
BAU,0,,REFR_AC_HFC125,CO2e_IPPU,2032,,,,,,,,,,,,,,,,,,0.174033,,,,,,,,,,,,,,,,,,,,
BAU,0,,REFR_AC_HFC125,CO2e_IPPU,2033,,,,,,,,,,,,,,,,,,0.178471,,,,,,,,,,,,,,,,,,,,
BAU,0,,REFR_AC_HFC125,CO2e_IPPU,2034,,,,,,,,,,,,,,,,,,0.182909,,,,,,,,,,,,,,,,,,,,
BAU,0,,REFR_AC_HFC125,CO2e_IPPU,2035,,,,,,,,,,,,,,,,,,0.187664,,,,,,,,,,,,,,,,,,,,
BAU,0,,REFR_AC_HFC125,CO2e_IPPU,2036,,,,,,,,,,,,,,,,,,0.192102,,,,,,,,,,,,,,,,,,,,
BAU,0,,REFR_AC_HFC125,CO2e_IPPU,2037,,,,,,,,,,,,,,,,,,0.197174,,,,,,,,,,,,,,,,,,,,
BAU,0,,REFR_AC_HFC125,CO2e_IPPU,2038,,,,,,,,,,,,,,,,,,0.201929,,,,,,,,,,,,,,,,,,,,
BAU,0,,REFR_AC_HFC125,CO2e_IPPU,2039,,,,,,,,,,,,,,,,,,0.207001,,,,,,,,,,,,,,,,,,,,
BAU,0,,REFR_AC_HFC125,CO2e_IPPU,2040,,,,,,,,,,,,,,,,,,0.212073,,,,,,,,,,,,,,,,,,,,
BAU,0,,REFR_AC_HFC125,CO2e_IPPU,2041,,,,,,,,,,,,,,,,,,0.217462,,,,,,,,,,,,,,,,,,,,
BAU,0,,REFR_AC_HFC125,CO2e_IPPU,2042,,,,,,,,,,,,,,,,,,0.222851,,,,,,,,,,,,,,,,,,,,
BAU,0,,REFR_AC_HFC125,CO2e_IPPU,2043,,,,,,,,,,,,,,,,,,0.228557,,,,,,,,,,,,,,,,,,,,
BAU,0,,REFR_AC_HFC125,CO2e_IPPU,2044,,,,,,,,,,,,,,,,,,0.234263,,,,,,,,,,,,,,,,,,,,
BAU,0,,REFR_AC_HFC125,CO2e_IPPU,2045,,,,,,,,,,,,,,,,,,0.239969,,,,,,,,,,,,,,,,,,,,
BAU,0,,REFR_AC_HFC125,CO2e_IPPU,2046,,,,,,,,,,,,,,,,,,0.245992,,,,,,,,,,,,,,,,,,,,
BAU,0,,REFR_AC_HFC125,CO2e_IPPU,2047,,,,,,,,,,,,,,,,,,0.252332,,,,,,,,,,,,,,,,,,,,
BAU,0,,REFR_AC_HFC125,CO2e_IPPU,2048,,,,,,,,,,,,,,,,,,0.258672,,,,,,,,,,,,,,,,,,,,
BAU,0,,REFR_AC_HFC125,CO2e_IPPU,2049,,,,,,,,,,,,,,,,,,0.265012,,,,,,,,,,,,,,,,,,,,
BAU,0,,REFR_AC_HFC125,CO2e_IPPU,2050,,,,,,,,,,,,,,,,,,0.271669,,,,,,,,,,,,,,,,,,,,
BAU,0,,REFR_AC_HFC134a,CO2e_IPPU,2018,,,,,,,,,,,,,,,,,,0.02717,,,,,,,,,,,,,,,,,,,,
BAU,0,,REFR_AC_HFC134a,CO2e_IPPU,2019,,,,,,,,,,,,,,,,,,0.02886,,,,,,,,,,,,,,,,,,,,
BAU,0,,REFR_AC_HFC134a,CO2e_IPPU,2020,,,,,,,,,,,,,,,,,,0.08437,,,,,,,,,,,,,,,,,,,,
BAU,0,,REFR_AC_HFC134a,CO2e_IPPU,2021,,,,,,,,,,,,,,,,,,0.13026,,,,,,,,,,,,,,,,,,,,
BAU,0,,REFR_AC_HFC134a,CO2e_IPPU,2022,,,,,,,,,,,,,,,,,,0.18161,,,,,,,,,,,,,,,,,,,,
BAU,0,,REFR_AC_HFC134a,CO2e_IPPU,2023,,,,,,,,,,,,,,,,,,0.18616,,,,,,,,,,,,,,,,,,,,
BAU,0,,REFR_AC_HFC134a,CO2e_IPPU,2024,,,,,,,,,,,,,,,,,,0.19084,,,,,,,,,,,,,,,,,,,,
BAU,0,,REFR_AC_HFC134a,CO2e_IPPU,2025,,,,,,,,,,,,,,,,,,0.19565,,,,,,,,,,,,,,,,,,,,
BAU,0,,REFR_AC_HFC134a,CO2e_IPPU,2026,,,,,,,,,,,,,,,,,,0.20046,,,,,,,,,,,,,,,,,,,,
BAU,0,,REFR_AC_HFC134a,CO2e_IPPU,2027,,,,,,,,,,,,,,,,,,0.20553,,,,,,,,,,,,,,,,,,,,
BAU,0,,REFR_AC_HFC134a,CO2e_IPPU,2028,,,,,,,,,,,,,,,,,,0.2106,,,,,,,,,,,,,,,,,,,,
BAU,0,,REFR_AC_HFC134a,CO2e_IPPU,2029,,,,,,,,,,,,,,,,,,0.21593,,,,,,,,,,,,,,,,,,,,
BAU,0,,REFR_AC_HFC134a,CO2e_IPPU,2030,,,,,,,,,,,,,,,,,,0.22126,,,,,,,,,,,,,,,,,,,,
BAU,0,,REFR_AC_HFC134a,CO2e_IPPU,2031,,,,,,,,,,,,,,,,,,0.22685,,,,,,,,,,,,,,,,,,,,
BAU,0,,REFR_AC_HFC134a,CO2e_IPPU,2032,,,,,,,,,,,,,,,,,,0.23257,,,,,,,,,,,,,,,,,,,,
BAU,0,,REFR_AC_HFC134a,CO2e_IPPU,2033,,,,,,,,,,,,,,,,,,0.23829,,,,,,,,,,,,,,,,,,,,
BAU,0,,REFR_AC_HFC134a,CO2e_IPPU,2034,,,,,,,,,,,,,,,,,,0.24427,,,,,,,,,,,,,,,,,,,,
BAU,0,,REFR_AC_HFC134a,CO2e_IPPU,2035,,,,,,,,,,,,,,,,,,0.25038,,,,,,,,,,,,,,,,,,,,
BAU,0,,REFR_AC_HFC134a,CO2e_IPPU,2036,,,,,,,,,,,,,,,,,,0.25662,,,,,,,,,,,,,,,,,,,,
BAU,0,,REFR_AC_HFC134a,CO2e_IPPU,2037,,,,,,,,,,,,,,,,,,0.26312,,,,,,,,,,,,,,,,,,,,
BAU,0,,REFR_AC_HFC134a,CO2e_IPPU,2038,,,,,,,,,,,,,,,,,,0.26962,,,,,,,,,,,,,,,,,,,,
BAU,0,,REFR_AC_HFC134a,CO2e_IPPU,2039,,,,,,,,,,,,,,,,,,0.27638,,,,,,,,,,,,,,,,,,,,
BAU,0,,REFR_AC_HFC134a,CO2e_IPPU,2040,,,,,,,,,,,,,,,,,,0.28327,,,,,,,,,,,,,,,,,,,,
BAU,0,,REFR_AC_HFC134a,CO2e_IPPU,2041,,,,,,,,,,,,,,,,,,0.29042,,,,,,,,,,,,,,,,,,,,
BAU,0,,REFR_AC_HFC134a,CO2e_IPPU,2042,,,,,,,,,,,,,,,,,,0.29757,,,,,,,,,,,,,,,,,,,,
BAU,0,,REFR_AC_HFC134a,CO2e_IPPU,2043,,,,,,,,,,,,,,,,,,0.30511,,,,,,,,,,,,,,,,,,,,
BAU,0,,REFR_AC_HFC134a,CO2e_IPPU,2044,,,,,,,,,,,,,,,,,,0.31265,,,,,,,,,,,,,,,,,,,,
BAU,0,,REFR_AC_HFC134a,CO2e_IPPU,2045,,,,,,,,,,,,,,,,,,0.32045,,,,,,,,,,,,,,,,,,,,
BAU,0,,REFR_AC_HFC134a,CO2e_IPPU,2046,,,,,,,,,,,,,,,,,,0.32851,,,,,,,,,,,,,,,,,,,,
BAU,0,,REFR_AC_HFC134a,CO2e_IPPU,2047,,,,,,,,,,,,,,,,,,0.3367,,,,,,,,,,,,,,,,,,,,
BAU,0,,REFR_AC_HFC134a,CO2e_IPPU,2048,,,,,,,,,,,,,,,,,,0.34515,,,,,,,,,,,,,,,,,,,,
BAU,0,,REFR_AC_HFC134a,CO2e_IPPU,2049,,,,,,,,,,,,,,,,,,0.35373,,,,,,,,,,,,,,,,,,,,
BAU,0,,REFR_AC_HFC134a,CO2e_IPPU,2050,,,,,,,,,,,,,,,,,,0.36257,,,,,,,,,,,,,,,,,,,,
BAU,0,,REFR_AC_HFC143a,CO2e_IPPU,2018,,,,,,,,,,,,,,,,,,0.06672,,,,,,,,,,,,,,,,,,,,
BAU,0,,REFR_AC_HFC143a,CO2e_IPPU,2019,,,,,,,,,,,,,,,,,,0.1128,,,,,,,,,,,,,,,,,,,,
BAU,0,,REFR_AC_HFC143a,CO2e_IPPU,2020,,,,,,,,,,,,,,,,,,0.13392,,,,,,,,,,,,,,,,,,,,
BAU,0,,REFR_AC_HFC143a,CO2e_IPPU,2021,,,,,,,,,,,,,,,,,,0.14832,,,,,,,,,,,,,,,,,,,,
BAU,0,,REFR_AC_HFC143a,CO2e_IPPU,2022,,,,,,,,,,,,,,,,,,0.17424,,,,,,,,,,,,,,,,,,,,
BAU,0,,REFR_AC_HFC143a,CO2e_IPPU,2023,,,,,,,,,,,,,,,,,,0.17856,,,,,,,,,,,,,,,,,,,,
BAU,0,,REFR_AC_HFC143a,CO2e_IPPU,2024,,,,,,,,,,,,,,,,,,0.18336,,,,,,,,,,,,,,,,,,,,
BAU,0,,REFR_AC_HFC143a,CO2e_IPPU,2025,,,,,,,,,,,,,,,,,,0.18768,,,,,,,,,,,,,,,,,,,,
BAU,0,,REFR_AC_HFC143a,CO2e_IPPU,2026,,,,,,,,,,,,,,,,,,0.19248,,,,,,,,,,,,,,,,,,,,
BAU,0,,REFR_AC_HFC143a,CO2e_IPPU,2027,,,,,,,,,,,,,,,,,,0.19728,,,,,,,,,,,,,,,,,,,,
BAU,0,,REFR_AC_HFC143a,CO2e_IPPU,2028,,,,,,,,,,,,,,,,,,0.20208,,,,,,,,,,,,,,,,,,,,
BAU,0,,REFR_AC_HFC143a,CO2e_IPPU,2029,,,,,,,,,,,,,,,,,,0.20736,,,,,,,,,,,,,,,,,,,,
BAU,0,,REFR_AC_HFC143a,CO2e_IPPU,2030,,,,,,,,,,,,,,,,,,0.21264,,,,,,,,,,,,,,,,,,,,
BAU,0,,REFR_AC_HFC143a,CO2e_IPPU,2031,,,,,,,,,,,,,,,,,,0.21792,,,,,,,,,,,,,,,,,,,,
BAU,0,,REFR_AC_HFC143a,CO2e_IPPU,2032,,,,,,,,,,,,,,,,,,0.2232,,,,,,,,,,,,,,,,,,,,
BAU,0,,REFR_AC_HFC143a,CO2e_IPPU,2033,,,,,,,,,,,,,,,,,,0.22896,,,,,,,,,,,,,,,,,,,,
BAU,0,,REFR_AC_HFC143a,CO2e_IPPU,2034,,,,,,,,,,,,,,,,,,0.23472,,,,,,,,,,,,,,,,,,,,
BAU,0,,REFR_AC_HFC143a,CO2e_IPPU,2035,,,,,,,,,,,,,,,,,,0.24048,,,,,,,,,,,,,,,,,,,,
BAU,0,,REFR_AC_HFC143a,CO2e_IPPU,2036,,,,,,,,,,,,,,,,,,0.24624,,,,,,,,,,,,,,,,,,,,
BAU,0,,REFR_AC_HFC143a,CO2e_IPPU,2037,,,,,,,,,,,,,,,,,,0.25248,,,,,,,,,,,,,,,,,,,,
BAU,0,,REFR_AC_HFC143a,CO2e_IPPU,2038,,,,,,,,,,,,,,,,,,0.25872,,,,,,,,,,,,,,,,,,,,
BAU,0,,REFR_AC_HFC143a,CO2e_IPPU,2039,,,,,,,,,,,,,,,,,,0.26544,,,,,,,,,,,,,,,,,,,,
BAU,0,,REFR_AC_HFC143a,CO2e_IPPU,2040,,,,,,,,,,,,,,,,,,0.27216,,,,,,,,,,,,,,,,,,,,
BAU,0,,REFR_AC_HFC143a,CO2e_IPPU,2041,,,,,,,,,,,,,,,,,,0.27888,,,,,,,,,,,,,,,,,,,,
BAU,0,,REFR_AC_HFC143a,CO2e_IPPU,2042,,,,,,,,,,,,,,,,,,0.2856,,,,,,,,,,,,,,,,,,,,
BAU,0,,REFR_AC_HFC143a,CO2e_IPPU,2043,,,,,,,,,,,,,,,,,,0.2928,,,,,,,,,,,,,,,,,,,,
BAU,0,,REFR_AC_HFC143a,CO2e_IPPU,2044,,,,,,,,,,,,,,,,,,0.3,,,,,,,,,,,,,,,,,,,,
BAU,0,,REFR_AC_HFC143a,CO2e_IPPU,2045,,,,,,,,,,,,,,,,,,0.30768,,,,,,,,,,,,,,,,,,,,
BAU,0,,REFR_AC_HFC143a,CO2e_IPPU,2046,,,,,,,,,,,,,,,,,,0.31536,,,,,,,,,,,,,,,,,,,,
BAU,0,,REFR_AC_HFC143a,CO2e_IPPU,2047,,,,,,,,,,,,,,,,,,0.32304,,,,,,,,,,,,,,,,,,,,
BAU,0,,REFR_AC_HFC143a,CO2e_IPPU,2048,,,,,,,,,,,,,,,,,,0.3312,,,,,,,,,,,,,,,,,,,,
BAU,0,,REFR_AC_HFC143a,CO2e_IPPU,2049,,,,,,,,,,,,,,,,,,0.33984,,,,,,,,,,,,,,,,,,,,
BAU,0,,REFR_AC_HFC143a,CO2e_IPPU,2050,,,,,,,,,,,,,,,,,,0.348,,,,,,,,,,,,,,,,,,,,
BAU,0,,PROD_CLK_TRAD,CO2e_IPPU,2018,,,,,,,,,,,,,,,,,,0.990164,,,,,,,,,,,,,,,,,,,,
BAU,0,,PROD_CLK_TRAD,CO2e_IPPU,2019,,,,,,,,,,,,,,,,,,1.07149,,,,,,,,,,,,,,,,,,,,
BAU,0,,PROD_CLK_TRAD,CO2e_IPPU,2020,,,,,,,,,,,,,,,,,,1.24417,,,,,,,,,,,,,,,,,,,,
BAU,0,,PROD_CLK_TRAD,CO2e_IPPU,2021,,,,,,,,,,,,,,,,,,1.49308,,,,,,,,,,,,,,,,,,,,
BAU,0,,PROD_CLK_TRAD,CO2e_IPPU,2022,,,,,,,,,,,,,,,,,,1.62719,,,,,,,,,,,,,,,,,,,,
BAU,0,,PROD_CLK_TRAD,CO2e_IPPU,2023,,,,,,,,,,,,,,,,,,2.03397,,,,,,,,,,,,,,,,,,,,
BAU,0,,PROD_CLK_TRAD,CO2e_IPPU,2024,,,,,,,,,,,,,,,,,,2.17639,,,,,,,,,,,,,,,,,,,,
BAU,0,,PROD_CLK_TRAD,CO2e_IPPU,2025,,,,,,,,,,,,,,,,,,2.32881,,,,,,,,,,,,,,,,,,,,
BAU,0,,PROD_CLK_TRAD,CO2e_IPPU,2026,,,,,,,,,,,,,,,,,,2.49186,,,,,,,,,,,,,,,,,,,,
BAU,0,,PROD_CLK_TRAD,CO2e_IPPU,2027,,,,,,,,,,,,,,,,,,2.66632,,,,,,,,,,,,,,,,,,,,
BAU,0,,PROD_CLK_TRAD,CO2e_IPPU,2028,,,,,,,,,,,,,,,,,,2.853,,,,,,,,,,,,,,,,,,,,
BAU,0,,PROD_CLK_TRAD,CO2e_IPPU,2029,,,,,,,,,,,,,,,,,,3.05272,,,,,,,,,,,,,,,,,,,,
BAU,0,,PROD_CLK_TRAD,CO2e_IPPU,2030,,,,,,,,,,,,,,,,,,3.26643,,,,,,,,,,,,,,,,,,,,
BAU,0,,PROD_CLK_TRAD,CO2e_IPPU,2031,,,,,,,,,,,,,,,,,,3.49509,,,,,,,,,,,,,,,,,,,,
BAU,0,,PROD_CLK_TRAD,CO2e_IPPU,2032,,,,,,,,,,,,,,,,,,3.73974,,,,,,,,,,,,,,,,,,,,
BAU,0,,PROD_CLK_TRAD,CO2e_IPPU,2033,,,,,,,,,,,,,,,,,,4.0015,,,,,,,,,,,,,,,,,,,,
BAU,0,,PROD_CLK_TRAD,CO2e_IPPU,2034,,,,,,,,,,,,,,,,,,4.28157,,,,,,,,,,,,,,,,,,,,
BAU,0,,PROD_CLK_TRAD,CO2e_IPPU,2035,,,,,,,,,,,,,,,,,,4.5812,,,,,,,,,,,,,,,,,,,,
BAU,0,,PROD_CLK_TRAD,CO2e_IPPU,2036,,,,,,,,,,,,,,,,,,4.90181,,,,,,,,,,,,,,,,,,,,
BAU,0,,PROD_CLK_TRAD,CO2e_IPPU,2037,,,,,,,,,,,,,,,,,,5.24409,,,,,,,,,,,,,,,,,,,,
BAU,0,,PROD_CLK_TRAD,CO2e_IPPU,2038,,,,,,,,,,,,,,,,,,5.61102,,,,,,,,,,,,,,,,,,,,
BAU,0,,PROD_CLK_TRAD,CO2e_IPPU,2039,,,,,,,,,,,,,,,,,,6.00364,,,,,,,,,,,,,,,,,,,,
BAU,0,,PROD_CLK_TRAD,CO2e_IPPU,2040,,,,,,,,,,,,,,,,,,6.42371,,,,,,,,,,,,,,,,,,,,
BAU,0,,PROD_CLK_TRAD,CO2e_IPPU,2041,,,,,,,,,,,,,,,,,,6.87314,,,,,,,,,,,,,,,,,,,,
BAU,0,,PROD_CLK_TRAD,CO2e_IPPU,2042,,,,,,,,,,,,,,,,,,7.35396,,,,,,,,,,,,,,,,,,,,
BAU,0,,PROD_CLK_TRAD,CO2e_IPPU,2043,,,,,,,,,,,,,,,,,,7.86841,,,,,,,,,,,,,,,,,,,,
BAU,0,,PROD_CLK_TRAD,CO2e_IPPU,2044,,,,,,,,,,,,,,,,,,8.41886,,,,,,,,,,,,,,,,,,,,
BAU,0,,PROD_CLK_TRAD,CO2e_IPPU,2045,,,,,,,,,,,,,,,,,,9.00775,,,,,,,,,,,,,,,,,,,,
BAU,0,,PROD_CLK_TRAD,CO2e_IPPU,2046,,,,,,,,,,,,,,,,,,9.63781,,,,,,,,,,,,,,,,,,,,
BAU,0,,PROD_CLK_TRAD,CO2e_IPPU,2047,,,,,,,,,,,,,,,,,,10.3119,,,,,,,,,,,,,,,,,,,,
BAU,0,,PROD_CLK_TRAD,CO2e_IPPU,2048,,,,,,,,,,,,,,,,,,11.0331,,,,,,,,,,,,,,,,,,,,
BAU,0,,PROD_CLK_TRAD,CO2e_IPPU,2049,,,,,,,,,,,,,,,,,,11.8047,,,,,,,,,,,,,,,,,,,,
BAU,0,,PROD_CLK_TRAD,CO2e_IPPU,2050,,,,,,,,,,,,,,,,,,12.6302,,,,,,,,,,,,,,,,,,,,
BAU,0,E5INDCEM_PROD,,,2018,2.7546,,,,,,,,,,,,,,,,,,,,,,,,,,,,,,,,,,,,,
BAU,0,E5INDCEM_PROD,,,2019,3.0039,,,,,,,,,,,,,,,,,,,,,,,,,,,,,,,,,,,,,
BAU,0,E5INDCEM_PROD,,,2020,3.525,,,,,,,,,,,,,,,,,,,,,,,,,,,,,,,,,,,,,
BAU,0,E5INDCEM_PROD,,,2021,4.2775,,,,,,,,,,,,,,,,,,,,,,,,,,,,,,,,,,,,,
BAU,0,E5INDCEM_PROD,,,2022,4.6204,,,,,,,,,,,,,,,,,,,,,,,,,,,,,,,,,,,,,
BAU,0,E5INDCEM_PROD,,,2023,5.708,,,,,,,,,,,,,,,,,,,,,,,,,,,,,,,,,,,,,
BAU,0,E5INDCEM_PROD,,,2024,6.0961,,,,,,,,,,,,,,,,,,,,,,,,,,,,,,,,,,,,,
BAU,0,E5INDCEM_PROD,,,2025,6.5107,,,,,,,,,,,,,,,,,,,,,,,,,,,,,,,,,,,,,
BAU,0,E5INDCEM_PROD,,,2026,6.9534,,,,,,,,,,,,,,,,,,,,,,,,,,,,,,,,,,,,,
BAU,0,E5INDCEM_PROD,,,2027,7.4262,,,,,,,,,,,,,,,,,,,,,,,,,,,,,,,,,,,,,
BAU,0,E5INDCEM_PROD,,,2028,7.9312,,,,,,,,,,,,,,,,,,,,,,,,,,,,,,,,,,,,,
BAU,0,E5INDCEM_PROD,,,2029,8.4705,,,,,,,,,,,,,,,,,,,,,,,,,,,,,,,,,,,,,
BAU,0,E5INDCEM_PROD,,,2030,9.0465,,,,,,,,,,,,,,,,,,,,,,,,,,,,,,,,,,,,,
BAU,0,E5INDCEM_PROD,,,2031,9.6617,,,,,,,,,,,,,,,,,,,,,,,,,,,,,,,,,,,,,
BAU,0,E5INDCEM_PROD,,,2032,10.3187,,,,,,,,,,,,,,,,,,,,,,,,,,,,,,,,,,,,,
BAU,0,E5INDCEM_PROD,,,2033,11.0204,,,,,,,,,,,,,,,,,,,,,,,,,,,,,,,,,,,,,
BAU,0,E5INDCEM_PROD,,,2034,11.7698,,,,,,,,,,,,,,,,,,,,,,,,,,,,,,,,,,,,,
BAU,0,E5INDCEM_PROD,,,2035,12.5701,,,,,,,,,,,,,,,,,,,,,,,,,,,,,,,,,,,,,
BAU,0,E5INDCEM_PROD,,,2036,13.4249,,,,,,,,,,,,,,,,,,,,,,,,,,,,,,,,,,,,,
BAU,0,E5INDCEM_PROD,,,2037,14.3378,,,,,,,,,,,,,,,,,,,,,,,,,,,,,,,,,,,,,
BAU,0,E5INDCEM_PROD,,,2038,15.3127,,,,,,,,,,,,,,,,,,,,,,,,,,,,,,,,,,,,,
BAU,0,E5INDCEM_PROD,,,2039,16.354,,,,,,,,,,,,,,,,,,,,,,,,,,,,,,,,,,,,,
BAU,0,E5INDCEM_PROD,,,2040,17.4661,,,,,,,,,,,,,,,,,,,,,,,,,,,,,,,,,,,,,
BAU,0,E5INDCEM_PROD,,,2041,18.6538,,,,,,,,,,,,,,,,,,,,,,,,,,,,,,,,,,,,,
BAU,0,E5INDCEM_PROD,,,2042,19.9222,,,,,,,,,,,,,,,,,,,,,,,,,,,,,,,,,,,,,
BAU,0,E5INDCEM_PROD,,,2043,21.2769,,,,,,,,,,,,,,,,,,,,,,,,,,,,,,,,,,,,,
BAU,0,E5INDCEM_PROD,,,2044,22.7238,,,,,,,,,,,,,,,,,,,,,,,,,,,,,,,,,,,,,
BAU,0,E5INDCEM_PROD,,,2045,24.269,,,,,,,,,,,,,,,,,,,,,,,,,,,,,,,,,,,,,
BAU,0,E5INDCEM_PROD,,,2046,25.9193,,,,,,,,,,,,,,,,,,,,,,,,,,,,,,,,,,,,,
BAU,0,E5INDCEM_PROD,,,2047,27.6818,,,,,,,,,,,,,,,,,,,,,,,,,,,,,,,,,,,,,
BAU,0,E5INDCEM_PROD,,,2048,29.5641,,,,,,,,,,,,,,,,,,,,,,,,,,,,,,,,,,,,,
BAU,0,E5INDCEM_PROD,,,2049,31.5745,,,,,,,,,,,,,,,,,,,,,,,,,,,,,,,,,,,,,
BAU,0,E5INDCEM_PROD,,,2050,33.7216,,,,,,,,,,,,,,,,,,,,,,,,,,,,,,,,,,,,,
BAU,0,E5IPPULIME_CAL_PROD,,,2018,0.2436,,,,,,,,,,,,,,,,,,,,,,,,,,,,,,,,,,,,,
BAU,0,E5IPPULIME_CAL_PROD,,,2019,0.3239,,,,,,,,,,,,,,,,,,,,,,,,,,,,,,,,,,,,,
BAU,0,E5IPPULIME_CAL_PROD,,,2020,0.4235,,,,,,,,,,,,,,,,,,,,,,,,,,,,,,,,,,,,,
BAU,0,E5IPPULIME_CAL_PROD,,,2021,0.4008,,,,,,,,,,,,,,,,,,,,,,,,,,,,,,,,,,,,,
BAU,0,E5IPPULIME_CAL_PROD,,,2022,0.4703,,,,,,,,,,,,,,,,,,,,,,,,,,,,,,,,,,,,,
BAU,0,E5IPPULIME_CAL_PROD,,,2023,0.4882,,,,,,,,,,,,,,,,,,,,,,,,,,,,,,,,,,,,,
BAU,0,E5IPPULIME_CAL_PROD,,,2024,0.5068,,,,,,,,,,,,,,,,,,,,,,,,,,,,,,,,,,,,,
BAU,0,E5IPPULIME_CAL_PROD,,,2025,0.526,,,,,,,,,,,,,,,,,,,,,,,,,,,,,,,,,,,,,
BAU,0,E5IPPULIME_CAL_PROD,,,2026,0.546,,,,,,,,,,,,,,,,,,,,,,,,,,,,,,,,,,,,,
BAU,0,E5IPPULIME_CAL_PROD,,,2027,0.5667,,,,,,,,,,,,,,,,,,,,,,,,,,,,,,,,,,,,,
BAU,0,E5IPPULIME_CAL_PROD,,,2028,0.5883,,,,,,,,,,,,,,,,,,,,,,,,,,,,,,,,,,,,,
BAU,0,E5IPPULIME_CAL_PROD,,,2029,0.6106,,,,,,,,,,,,,,,,,,,,,,,,,,,,,,,,,,,,,
BAU,0,E5IPPULIME_CAL_PROD,,,2030,0.6338,,,,,,,,,,,,,,,,,,,,,,,,,,,,,,,,,,,,,
BAU,0,E5IPPULIME_CAL_PROD,,,2031,0.6579,,,,,,,,,,,,,,,,,,,,,,,,,,,,,,,,,,,,,
BAU,0,E5IPPULIME_CAL_PROD,,,2032,0.6829,,,,,,,,,,,,,,,,,,,,,,,,,,,,,,,,,,,,,
BAU,0,E5IPPULIME_CAL_PROD,,,2033,0.7089,,,,,,,,,,,,,,,,,,,,,,,,,,,,,,,,,,,,,
BAU,0,E5IPPULIME_CAL_PROD,,,2034,0.7358,,,,,,,,,,,,,,,,,,,,,,,,,,,,,,,,,,,,,
BAU,0,E5IPPULIME_CAL_PROD,,,2035,0.7638,,,,,,,,,,,,,,,,,,,,,,,,,,,,,,,,,,,,,
BAU,0,E5IPPULIME_CAL_PROD,,,2036,0.7928,,,,,,,,,,,,,,,,,,,,,,,,,,,,,,,,,,,,,
BAU,0,E5IPPULIME_CAL_PROD,,,2037,0.8229,,,,,,,,,,,,,,,,,,,,,,,,,,,,,,,,,,,,,
BAU,0,E5IPPULIME_CAL_PROD,,,2038,0.8542,,,,,,,,,,,,,,,,,,,,,,,,,,,,,,,,,,,,,
BAU,0,E5IPPULIME_CAL_PROD,,,2039,0.8867,,,,,,,,,,,,,,,,,,,,,,,,,,,,,,,,,,,,,
BAU,0,E5IPPULIME_CAL_PROD,,,2040,0.9204,,,,,,,,,,,,,,,,,,,,,,,,,,,,,,,,,,,,,
BAU,0,E5IPPULIME_CAL_PROD,,,2041,0.9553,,,,,,,,,,,,,,,,,,,,,,,,,,,,,,,,,,,,,
BAU,0,E5IPPULIME_CAL_PROD,,,2042,0.9916,,,,,,,,,,,,,,,,,,,,,,,,,,,,,,,,,,,,,
BAU,0,E5IPPULIME_CAL_PROD,,,2043,1.0293,,,,,,,,,,,,,,,,,,,,,,,,,,,,,,,,,,,,,
BAU,0,E5IPPULIME_CAL_PROD,,,2044,1.0684,,,,,,,,,,,,,,,,,,,,,,,,,,,,,,,,,,,,,
BAU,0,E5IPPULIME_CAL_PROD,,,2045,1.109,,,,,,,,,,,,,,,,,,,,,,,,,,,,,,,,,,,,,
BAU,0,E5IPPULIME_CAL_PROD,,,2046,1.1512,,,,,,,,,,,,,,,,,,,,,,,,,,,,,,,,,,,,,
BAU,0,E5IPPULIME_CAL_PROD,,,2047,1.1949,,,,,,,,,,,,,,,,,,,,,,,,,,,,,,,,,,,,,
BAU,0,E5IPPULIME_CAL_PROD,,,2048,1.2403,,,,,,,,,,,,,,,,,,,,,,,,,,,,,,,,,,,,,
BAU,0,E5IPPULIME_CAL_PROD,,,2049,1.2875,,,,,,,,,,,,,,,,,,,,,,,,,,,,,,,,,,,,,
BAU,0,E5IPPULIME_CAL_PROD,,,2050,1.3364,,,,,,,,,,,,,,,,,,,,,,,,,,,,,,,,,,,,,
BAU,0,E5IPPULIME_DOL_PROD,,,2018,0.003,,,,,,,,,,,,,,,,,,,,,,,,,,,,,,,,,,,,,
BAU,0,E5IPPULIME_DOL_PROD,,,2019,0.0188,,,,,,,,,,,,,,,,,,,,,,,,,,,,,,,,,,,,,
BAU,0,E5IPPULIME_DOL_PROD,,,2020,0.1,,,,,,,,,,,,,,,,,,,,,,,,,,,,,,,,,,,,,
BAU,0,E5IPPULIME_DOL_PROD,,,2021,0.1081,,,,,,,,,,,,,,,,,,,,,,,,,,,,,,,,,,,,,
BAU,0,E5IPPULIME_DOL_PROD,,,2022,0.1169,,,,,,,,,,,,,,,,,,,,,,,,,,,,,,,,,,,,,
BAU,0,E5IPPULIME_DOL_PROD,,,2023,0.1213,,,,,,,,,,,,,,,,,,,,,,,,,,,,,,,,,,,,,
BAU,0,E5IPPULIME_DOL_PROD,,,2024,0.1259,,,,,,,,,,,,,,,,,,,,,,,,,,,,,,,,,,,,,
BAU,0,E5IPPULIME_DOL_PROD,,,2025,0.1307,,,,,,,,,,,,,,,,,,,,,,,,,,,,,,,,,,,,,
BAU,0,E5IPPULIME_DOL_PROD,,,2026,0.1356,,,,,,,,,,,,,,,,,,,,,,,,,,,,,,,,,,,,,
BAU,0,E5IPPULIME_DOL_PROD,,,2027,0.1408,,,,,,,,,,,,,,,,,,,,,,,,,,,,,,,,,,,,,
BAU,0,E5IPPULIME_DOL_PROD,,,2028,0.1462,,,,,,,,,,,,,,,,,,,,,,,,,,,,,,,,,,,,,
BAU,0,E5IPPULIME_DOL_PROD,,,2029,0.1517,,,,,,,,,,,,,,,,,,,,,,,,,,,,,,,,,,,,,
BAU,0,E5IPPULIME_DOL_PROD,,,2030,0.1575,,,,,,,,,,,,,,,,,,,,,,,,,,,,,,,,,,,,,
BAU,0,E5IPPULIME_DOL_PROD,,,2031,0.1635,,,,,,,,,,,,,,,,,,,,,,,,,,,,,,,,,,,,,
BAU,0,E5IPPULIME_DOL_PROD,,,2032,0.1697,,,,,,,,,,,,,,,,,,,,,,,,,,,,,,,,,,,,,
BAU,0,E5IPPULIME_DOL_PROD,,,2033,0.1761,,,,,,,,,,,,,,,,,,,,,,,,,,,,,,,,,,,,,
BAU,0,E5IPPULIME_DOL_PROD,,,2034,0.1828,,,,,,,,,,,,,,,,,,,,,,,,,,,,,,,,,,,,,
BAU,0,E5IPPULIME_DOL_PROD,,,2035,0.1898,,,,,,,,,,,,,,,,,,,,,,,,,,,,,,,,,,,,,
BAU,0,E5IPPULIME_DOL_PROD,,,2036,0.197,,,,,,,,,,,,,,,,,,,,,,,,,,,,,,,,,,,,,
BAU,0,E5IPPULIME_DOL_PROD,,,2037,0.2045,,,,,,,,,,,,,,,,,,,,,,,,,,,,,,,,,,,,,
BAU,0,E5IPPULIME_DOL_PROD,,,2038,0.2122,,,,,,,,,,,,,,,,,,,,,,,,,,,,,,,,,,,,,
BAU,0,E5IPPULIME_DOL_PROD,,,2039,0.2203,,,,,,,,,,,,,,,,,,,,,,,,,,,,,,,,,,,,,
BAU,0,E5IPPULIME_DOL_PROD,,,2040,0.2287,,,,,,,,,,,,,,,,,,,,,,,,,,,,,,,,,,,,,
BAU,0,E5IPPULIME_DOL_PROD,,,2041,0.2373,,,,,,,,,,,,,,,,,,,,,,,,,,,,,,,,,,,,,
BAU,0,E5IPPULIME_DOL_PROD,,,2042,0.2464,,,,,,,,,,,,,,,,,,,,,,,,,,,,,,,,,,,,,
BAU,0,E5IPPULIME_DOL_PROD,,,2043,0.2557,,,,,,,,,,,,,,,,,,,,,,,,,,,,,,,,,,,,,
BAU,0,E5IPPULIME_DOL_PROD,,,2044,0.2654,,,,,,,,,,,,,,,,,,,,,,,,,,,,,,,,,,,,,
BAU,0,E5IPPULIME_DOL_PROD,,,2045,0.2755,,,,,,,,,,,,,,,,,,,,,,,,,,,,,,,,,,,,,
BAU,0,E5IPPULIME_DOL_PROD,,,2046,0.286,,,,,,,,,,,,,,,,,,,,,,,,,,,,,,,,,,,,,
BAU,0,E5IPPULIME_DOL_PROD,,,2047,0.2969,,,,,,,,,,,,,,,,,,,,,,,,,,,,,,,,,,,,,
BAU,0,E5IPPULIME_DOL_PROD,,,2048,0.3081,,,,,,,,,,,,,,,,,,,,,,,,,,,,,,,,,,,,,
BAU,0,E5IPPULIME_DOL_PROD,,,2049,0.3199,,,,,,,,,,,,,,,,,,,,,,,,,,,,,,,,,,,,,
BAU,0,E5IPPULIME_DOL_PROD,,,2050,0.332,,,,,,,,,,,,,,,,,,,,,,,,,,,,,,,,,,,,,
BAU,0,E5IPPUGLASS_PROD,,,2018,0.1146,,,,,,,,,,,,,,,,,,,,,,,,,,,,,,,,,,,,,
BAU,0,E5IPPUGLASS_PROD,,,2019,0.1375,,,,,,,,,,,,,,,,,,,,,,,,,,,,,,,,,,,,,
BAU,0,E5IPPUGLASS_PROD,,,2020,0.1796,,,,,,,,,,,,,,,,,,,,,,,,,,,,,,,,,,,,,
BAU,0,E5IPPUGLASS_PROD,,,2021,0.1979,,,,,,,,,,,,,,,,,,,,,,,,,,,,,,,,,,,,,
BAU,0,E5IPPUGLASS_PROD,,,2022,0.1714,,,,,,,,,,,,,,,,,,,,,,,,,,,,,,,,,,,,,
BAU,0,E5IPPUGLASS_PROD,,,2023,0.1779,,,,,,,,,,,,,,,,,,,,,,,,,,,,,,,,,,,,,
BAU,0,E5IPPUGLASS_PROD,,,2024,0.1846,,,,,,,,,,,,,,,,,,,,,,,,,,,,,,,,,,,,,
BAU,0,E5IPPUGLASS_PROD,,,2025,0.1917,,,,,,,,,,,,,,,,,,,,,,,,,,,,,,,,,,,,,
BAU,0,E5IPPUGLASS_PROD,,,2026,0.1989,,,,,,,,,,,,,,,,,,,,,,,,,,,,,,,,,,,,,
BAU,0,E5IPPUGLASS_PROD,,,2027,0.2065,,,,,,,,,,,,,,,,,,,,,,,,,,,,,,,,,,,,,
BAU,0,E5IPPUGLASS_PROD,,,2028,0.2143,,,,,,,,,,,,,,,,,,,,,,,,,,,,,,,,,,,,,
BAU,0,E5IPPUGLASS_PROD,,,2029,0.2225,,,,,,,,,,,,,,,,,,,,,,,,,,,,,,,,,,,,,
BAU,0,E5IPPUGLASS_PROD,,,2030,0.2309,,,,,,,,,,,,,,,,,,,,,,,,,,,,,,,,,,,,,
BAU,0,E5IPPUGLASS_PROD,,,2031,0.2397,,,,,,,,,,,,,,,,,,,,,,,,,,,,,,,,,,,,,
BAU,0,E5IPPUGLASS_PROD,,,2032,0.2488,,,,,,,,,,,,,,,,,,,,,,,,,,,,,,,,,,,,,
BAU,0,E5IPPUGLASS_PROD,,,2033,0.2583,,,,,,,,,,,,,,,,,,,,,,,,,,,,,,,,,,,,,
BAU,0,E5IPPUGLASS_PROD,,,2034,0.2681,,,,,,,,,,,,,,,,,,,,,,,,,,,,,,,,,,,,,
BAU,0,E5IPPUGLASS_PROD,,,2035,0.2783,,,,,,,,,,,,,,,,,,,,,,,,,,,,,,,,,,,,,
BAU,0,E5IPPUGLASS_PROD,,,2036,0.2889,,,,,,,,,,,,,,,,,,,,,,,,,,,,,,,,,,,,,
BAU,0,E5IPPUGLASS_PROD,,,2037,0.2998,,,,,,,,,,,,,,,,,,,,,,,,,,,,,,,,,,,,,
BAU,0,E5IPPUGLASS_PROD,,,2038,0.3112,,,,,,,,,,,,,,,,,,,,,,,,,,,,,,,,,,,,,
BAU,0,E5IPPUGLASS_PROD,,,2039,0.3231,,,,,,,,,,,,,,,,,,,,,,,,,,,,,,,,,,,,,
BAU,0,E5IPPUGLASS_PROD,,,2040,0.3353,,,,,,,,,,,,,,,,,,,,,,,,,,,,,,,,,,,,,
BAU,0,E5IPPUGLASS_PROD,,,2041,0.3481,,,,,,,,,,,,,,,,,,,,,,,,,,,,,,,,,,,,,
BAU,0,E5IPPUGLASS_PROD,,,2042,0.3613,,,,,,,,,,,,,,,,,,,,,,,,,,,,,,,,,,,,,
BAU,0,E5IPPUGLASS_PROD,,,2043,0.375,,,,,,,,,,,,,,,,,,,,,,,,,,,,,,,,,,,,,
BAU,0,E5IPPUGLASS_PROD,,,2044,0.3893,,,,,,,,,,,,,,,,,,,,,,,,,,,,,,,,,,,,,
BAU,0,E5IPPUGLASS_PROD,,,2045,0.4041,,,,,,,,,,,,,,,,,,,,,,,,,,,,,,,,,,,,,
BAU,0,E5IPPUGLASS_PROD,,,2046,0.4194,,,,,,,,,,,,,,,,,,,,,,,,,,,,,,,,,,,,,
BAU,0,E5IPPUGLASS_PROD,,,2047,0.4354,,,,,,,,,,,,,,,,,,,,,,,,,,,,,,,,,,,,,
BAU,0,E5IPPUGLASS_PROD,,,2048,0.4519,,,,,,,,,,,,,,,,,,,,,,,,,,,,,,,,,,,,,
BAU,0,E5IPPUGLASS_PROD,,,2049,0.4691,,,,,,,,,,,,,,,,,,,,,,,,,,,,,,,,,,,,,
BAU,0,E5IPPUGLASS_PROD,,,2050,0.4869,,,,,,,,,,,,,,,,,,,,,,,,,,,,,,,,,,,,,
BAU,0,E5IPPUCARBONATE_CERAMICS,,,2018,0.0593,,,,,,,,,,,,,,,,,,,,,,,,,,,,,,,,,,,,,
BAU,0,E5IPPUCARBONATE_CERAMICS,,,2019,0.0066,,,,,,,,,,,,,,,,,,,,,,,,,,,,,,,,,,,,,
BAU,0,E5IPPUCARBONATE_CERAMICS,,,2020,0.0205,,,,,,,,,,,,,,,,,,,,,,,,,,,,,,,,,,,,,
BAU,0,E5IPPUCARBONATE_CERAMICS,,,2021,0.0248,,,,,,,,,,,,,,,,,,,,,,,,,,,,,,,,,,,,,
BAU,0,E5IPPUCARBONATE_CERAMICS,,,2022,0.0301,,,,,,,,,,,,,,,,,,,,,,,,,,,,,,,,,,,,,
BAU,0,E5IPPUCARBONATE_CERAMICS,,,2023,0.0312,,,,,,,,,,,,,,,,,,,,,,,,,,,,,,,,,,,,,
BAU,0,E5IPPUCARBONATE_CERAMICS,,,2024,0.0324,,,,,,,,,,,,,,,,,,,,,,,,,,,,,,,,,,,,,
BAU,0,E5IPPUCARBONATE_CERAMICS,,,2025,0.0336,,,,,,,,,,,,,,,,,,,,,,,,,,,,,,,,,,,,,
BAU,0,E5IPPUCARBONATE_CERAMICS,,,2026,0.0349,,,,,,,,,,,,,,,,,,,,,,,,,,,,,,,,,,,,,
BAU,0,E5IPPUCARBONATE_CERAMICS,,,2027,0.0362,,,,,,,,,,,,,,,,,,,,,,,,,,,,,,,,,,,,,
BAU,0,E5IPPUCARBONATE_CERAMICS,,,2028,0.0376,,,,,,,,,,,,,,,,,,,,,,,,,,,,,,,,,,,,,
BAU,0,E5IPPUCARBONATE_CERAMICS,,,2029,0.039,,,,,,,,,,,,,,,,,,,,,,,,,,,,,,,,,,,,,
BAU,0,E5IPPUCARBONATE_CERAMICS,,,2030,0.0405,,,,,,,,,,,,,,,,,,,,,,,,,,,,,,,,,,,,,
BAU,0,E5IPPUCARBONATE_CERAMICS,,,2031,0.0421,,,,,,,,,,,,,,,,,,,,,,,,,,,,,,,,,,,,,
BAU,0,E5IPPUCARBONATE_CERAMICS,,,2032,0.0437,,,,,,,,,,,,,,,,,,,,,,,,,,,,,,,,,,,,,
BAU,0,E5IPPUCARBONATE_CERAMICS,,,2033,0.0453,,,,,,,,,,,,,,,,,,,,,,,,,,,,,,,,,,,,,
BAU,0,E5IPPUCARBONATE_CERAMICS,,,2034,0.047,,,,,,,,,,,,,,,,,,,,,,,,,,,,,,,,,,,,,
BAU,0,E5IPPUCARBONATE_CERAMICS,,,2035,0.0488,,,,,,,,,,,,,,,,,,,,,,,,,,,,,,,,,,,,,
BAU,0,E5IPPUCARBONATE_CERAMICS,,,2036,0.0507,,,,,,,,,,,,,,,,,,,,,,,,,,,,,,,,,,,,,
BAU,0,E5IPPUCARBONATE_CERAMICS,,,2037,0.0526,,,,,,,,,,,,,,,,,,,,,,,,,,,,,,,,,,,,,
BAU,0,E5IPPUCARBONATE_CERAMICS,,,2038,0.0546,,,,,,,,,,,,,,,,,,,,,,,,,,,,,,,,,,,,,
BAU,0,E5IPPUCARBONATE_CERAMICS,,,2039,0.0567,,,,,,,,,,,,,,,,,,,,,,,,,,,,,,,,,,,,,
BAU,0,E5IPPUCARBONATE_CERAMICS,,,2040,0.0588,,,,,,,,,,,,,,,,,,,,,,,,,,,,,,,,,,,,,
BAU,0,E5IPPUCARBONATE_CERAMICS,,,2041,0.0611,,,,,,,,,,,,,,,,,,,,,,,,,,,,,,,,,,,,,
BAU,0,E5IPPUCARBONATE_CERAMICS,,,2042,0.0634,,,,,,,,,,,,,,,,,,,,,,,,,,,,,,,,,,,,,
BAU,0,E5IPPUCARBONATE_CERAMICS,,,2043,0.0658,,,,,,,,,,,,,,,,,,,,,,,,,,,,,,,,,,,,,
BAU,0,E5IPPUCARBONATE_CERAMICS,,,2044,0.0683,,,,,,,,,,,,,,,,,,,,,,,,,,,,,,,,,,,,,
BAU,0,E5IPPUCARBONATE_CERAMICS,,,2045,0.0709,,,,,,,,,,,,,,,,,,,,,,,,,,,,,,,,,,,,,
BAU,0,E5IPPUCARBONATE_CERAMICS,,,2046,0.0736,,,,,,,,,,,,,,,,,,,,,,,,,,,,,,,,,,,,,
BAU,0,E5IPPUCARBONATE_CERAMICS,,,2047,0.0764,,,,,,,,,,,,,,,,,,,,,,,,,,,,,,,,,,,,,
BAU,0,E5IPPUCARBONATE_CERAMICS,,,2048,0.0793,,,,,,,,,,,,,,,,,,,,,,,,,,,,,,,,,,,,,
BAU,0,E5IPPUCARBONATE_CERAMICS,,,2049,0.0823,,,,,,,,,,,,,,,,,,,,,,,,,,,,,,,,,,,,,
BAU,0,E5IPPUCARBONATE_CERAMICS,,,2050,0.0854,,,,,,,,,,,,,,,,,,,,,,,,,,,,,,,,,,,,,
BAU,0,E5IPPUCARBONATE_ASH,,,2018,0.0216,,,,,,,,,,,,,,,,,,,,,,,,,,,,,,,,,,,,,
BAU,0,E5IPPUCARBONATE_ASH,,,2019,0.0308,,,,,,,,,,,,,,,,,,,,,,,,,,,,,,,,,,,,,
BAU,0,E5IPPUCARBONATE_ASH,,,2020,0.0288,,,,,,,,,,,,,,,,,,,,,,,,,,,,,,,,,,,,,
BAU,0,E5IPPUCARBONATE_ASH,,,2021,0.0356,,,,,,,,,,,,,,,,,,,,,,,,,,,,,,,,,,,,,
BAU,0,E5IPPUCARBONATE_ASH,,,2022,0.0367,,,,,,,,,,,,,,,,,,,,,,,,,,,,,,,,,,,,,
BAU,0,E5IPPUCARBONATE_ASH,,,2023,0.0381,,,,,,,,,,,,,,,,,,,,,,,,,,,,,,,,,,,,,
BAU,0,E5IPPUCARBONATE_ASH,,,2024,0.0396,,,,,,,,,,,,,,,,,,,,,,,,,,,,,,,,,,,,,
BAU,0,E5IPPUCARBONATE_ASH,,,2025,0.0411,,,,,,,,,,,,,,,,,,,,,,,,,,,,,,,,,,,,,
BAU,0,E5IPPUCARBONATE_ASH,,,2026,0.0426,,,,,,,,,,,,,,,,,,,,,,,,,,,,,,,,,,,,,
BAU,0,E5IPPUCARBONATE_ASH,,,2027,0.0443,,,,,,,,,,,,,,,,,,,,,,,,,,,,,,,,,,,,,
BAU,0,E5IPPUCARBONATE_ASH,,,2028,0.0459,,,,,,,,,,,,,,,,,,,,,,,,,,,,,,,,,,,,,
BAU,0,E5IPPUCARBONATE_ASH,,,2029,0.0477,,,,,,,,,,,,,,,,,,,,,,,,,,,,,,,,,,,,,
BAU,0,E5IPPUCARBONATE_ASH,,,2030,0.0495,,,,,,,,,,,,,,,,,,,,,,,,,,,,,,,,,,,,,
BAU,0,E5IPPUCARBONATE_ASH,,,2031,0.0514,,,,,,,,,,,,,,,,,,,,,,,,,,,,,,,,,,,,,
BAU,0,E5IPPUCARBONATE_ASH,,,2032,0.0533,,,,,,,,,,,,,,,,,,,,,,,,,,,,,,,,,,,,,
BAU,0,E5IPPUCARBONATE_ASH,,,2033,0.0554,,,,,,,,,,,,,,,,,,,,,,,,,,,,,,,,,,,,,
BAU,0,E5IPPUCARBONATE_ASH,,,2034,0.0575,,,,,,,,,,,,,,,,,,,,,,,,,,,,,,,,,,,,,
BAU,0,E5IPPUCARBONATE_ASH,,,2035,0.0596,,,,,,,,,,,,,,,,,,,,,,,,,,,,,,,,,,,,,
BAU,0,E5IPPUCARBONATE_ASH,,,2036,0.0619,,,,,,,,,,,,,,,,,,,,,,,,,,,,,,,,,,,,,
BAU,0,E5IPPUCARBONATE_ASH,,,2037,0.0643,,,,,,,,,,,,,,,,,,,,,,,,,,,,,,,,,,,,,
BAU,0,E5IPPUCARBONATE_ASH,,,2038,0.0667,,,,,,,,,,,,,,,,,,,,,,,,,,,,,,,,,,,,,
BAU,0,E5IPPUCARBONATE_ASH,,,2039,0.0692,,,,,,,,,,,,,,,,,,,,,,,,,,,,,,,,,,,,,
BAU,0,E5IPPUCARBONATE_ASH,,,2040,0.0719,,,,,,,,,,,,,,,,,,,,,,,,,,,,,,,,,,,,,
BAU,0,E5IPPUCARBONATE_ASH,,,2041,0.0746,,,,,,,,,,,,,,,,,,,,,,,,,,,,,,,,,,,,,
BAU,0,E5IPPUCARBONATE_ASH,,,2042,0.0774,,,,,,,,,,,,,,,,,,,,,,,,,,,,,,,,,,,,,
BAU,0,E5IPPUCARBONATE_ASH,,,2043,0.0804,,,,,,,,,,,,,,,,,,,,,,,,,,,,,,,,,,,,,
BAU,0,E5IPPUCARBONATE_ASH,,,2044,0.0834,,,,,,,,,,,,,,,,,,,,,,,,,,,,,,,,,,,,,
BAU,0,E5IPPUCARBONATE_ASH,,,2045,0.0866,,,,,,,,,,,,,,,,,,,,,,,,,,,,,,,,,,,,,
BAU,0,E5IPPUCARBONATE_ASH,,,2046,0.0899,,,,,,,,,,,,,,,,,,,,,,,,,,,,,,,,,,,,,
BAU,0,E5IPPUCARBONATE_ASH,,,2047,0.0933,,,,,,,,,,,,,,,,,,,,,,,,,,,,,,,,,,,,,
BAU,0,E5IPPUCARBONATE_ASH,,,2048,0.0968,,,,,,,,,,,,,,,,,,,,,,,,,,,,,,,,,,,,,
BAU,0,E5IPPUCARBONATE_ASH,,,2049,0.1005,,,,,,,,,,,,,,,,,,,,,,,,,,,,,,,,,,,,,
BAU,0,E5IPPUCARBONATE_ASH,,,2050,0.1043,,,,,,,,,,,,,,,,,,,,,,,,,,,,,,,,,,,,,
BAU,0,E5IPPUIRON_STEEL,,,2018,0.2812,,,,,,,,,,,,,,,,,,,,,,,,,,,,,,,,,,,,,
BAU,0,E5IPPUIRON_STEEL,,,2019,0.294,,,,,,,,,,,,,,,,,,,,,,,,,,,,,,,,,,,,,
BAU,0,E5IPPUIRON_STEEL,,,2020,0.3069,,,,,,,,,,,,,,,,,,,,,,,,,,,,,,,,,,,,,
BAU,0,E5IPPUIRON_STEEL,,,2021,0.2711,,,,,,,,,,,,,,,,,,,,,,,,,,,,,,,,,,,,,
BAU,0,E5IPPUIRON_STEEL,,,2022,0.1335,,,,,,,,,,,,,,,,,,,,,,,,,,,,,,,,,,,,,
BAU,0,E5IPPUIRON_STEEL,,,2023,0.1386,,,,,,,,,,,,,,,,,,,,,,,,,,,,,,,,,,,,,
BAU,0,E5IPPUIRON_STEEL,,,2024,0.1438,,,,,,,,,,,,,,,,,,,,,,,,,,,,,,,,,,,,,
BAU,0,E5IPPUIRON_STEEL,,,2025,0.1493,,,,,,,,,,,,,,,,,,,,,,,,,,,,,,,,,,,,,
BAU,0,E5IPPUIRON_STEEL,,,2026,0.155,,,,,,,,,,,,,,,,,,,,,,,,,,,,,,,,,,,,,
BAU,0,E5IPPUIRON_STEEL,,,2027,0.1609,,,,,,,,,,,,,,,,,,,,,,,,,,,,,,,,,,,,,
BAU,0,E5IPPUIRON_STEEL,,,2028,0.167,,,,,,,,,,,,,,,,,,,,,,,,,,,,,,,,,,,,,
BAU,0,E5IPPUIRON_STEEL,,,2029,0.1733,,,,,,,,,,,,,,,,,,,,,,,,,,,,,,,,,,,,,
BAU,0,E5IPPUIRON_STEEL,,,2030,0.1799,,,,,,,,,,,,,,,,,,,,,,,,,,,,,,,,,,,,,
BAU,0,E5IPPUIRON_STEEL,,,2031,0.1867,,,,,,,,,,,,,,,,,,,,,,,,,,,,,,,,,,,,,
BAU,0,E5IPPUIRON_STEEL,,,2032,0.1938,,,,,,,,,,,,,,,,,,,,,,,,,,,,,,,,,,,,,
BAU,0,E5IPPUIRON_STEEL,,,2033,0.2012,,,,,,,,,,,,,,,,,,,,,,,,,,,,,,,,,,,,,
BAU,0,E5IPPUIRON_STEEL,,,2034,0.2089,,,,,,,,,,,,,,,,,,,,,,,,,,,,,,,,,,,,,
BAU,0,E5IPPUIRON_STEEL,,,2035,0.2168,,,,,,,,,,,,,,,,,,,,,,,,,,,,,,,,,,,,,
BAU,0,E5IPPUIRON_STEEL,,,2036,0.225,,,,,,,,,,,,,,,,,,,,,,,,,,,,,,,,,,,,,
BAU,0,E5IPPUIRON_STEEL,,,2037,0.2336,,,,,,,,,,,,,,,,,,,,,,,,,,,,,,,,,,,,,
BAU,0,E5IPPUIRON_STEEL,,,2038,0.2425,,,,,,,,,,,,,,,,,,,,,,,,,,,,,,,,,,,,,
BAU,0,E5IPPUIRON_STEEL,,,2039,0.2517,,,,,,,,,,,,,,,,,,,,,,,,,,,,,,,,,,,,,
BAU,0,E5IPPUIRON_STEEL,,,2040,0.2612,,,,,,,,,,,,,,,,,,,,,,,,,,,,,,,,,,,,,
BAU,0,E5IPPUIRON_STEEL,,,2041,0.2712,,,,,,,,,,,,,,,,,,,,,,,,,,,,,,,,,,,,,
BAU,0,E5IPPUIRON_STEEL,,,2042,0.2815,,,,,,,,,,,,,,,,,,,,,,,,,,,,,,,,,,,,,
BAU,0,E5IPPUIRON_STEEL,,,2043,0.2922,,,,,,,,,,,,,,,,,,,,,,,,,,,,,,,,,,,,,
BAU,0,E5IPPUIRON_STEEL,,,2044,0.3033,,,,,,,,,,,,,,,,,,,,,,,,,,,,,,,,,,,,,
BAU,0,E5IPPUIRON_STEEL,,,2045,0.3148,,,,,,,,,,,,,,,,,,,,,,,,,,,,,,,,,,,,,
BAU,0,E5IPPUIRON_STEEL,,,2046,0.3268,,,,,,,,,,,,,,,,,,,,,,,,,,,,,,,,,,,,,
BAU,0,E5IPPUIRON_STEEL,,,2047,0.3392,,,,,,,,,,,,,,,,,,,,,,,,,,,,,,,,,,,,,
BAU,0,E5IPPUIRON_STEEL,,,2048,0.3521,,,,,,,,,,,,,,,,,,,,,,,,,,,,,,,,,,,,,
BAU,0,E5IPPUIRON_STEEL,,,2049,0.3654,,,,,,,,,,,,,,,,,,,,,,,,,,,,,,,,,,,,,
BAU,0,E5IPPUIRON_STEEL,,,2050,0.3793,,,,,,,,,,,,,,,,,,,,,,,,,,,,,,,,,,,,,
BAU,0,E5IPPUPROD_FERRO,,,2018,0.3735,,,,,,,,,,,,,,,,,,,,,,,,,,,,,,,,,,,,,
BAU,0,E5IPPUPROD_FERRO,,,2019,0.4729,,,,,,,,,,,,,,,,,,,,,,,,,,,,,,,,,,,,,
BAU,0,E5IPPUPROD_FERRO,,,2020,0.5724,,,,,,,,,,,,,,,,,,,,,,,,,,,,,,,,,,,,,
BAU,0,E5IPPUPROD_FERRO,,,2021,0.0605,,,,,,,,,,,,,,,,,,,,,,,,,,,,,,,,,,,,,
BAU,0,E5IPPUPROD_FERRO,,,2022,0.0279,,,,,,,,,,,,,,,,,,,,,,,,,,,,,,,,,,,,,
BAU,0,E5IPPUPROD_FERRO,,,2023,0.029,,,,,,,,,,,,,,,,,,,,,,,,,,,,,,,,,,,,,
BAU,0,E5IPPUPROD_FERRO,,,2024,0.0301,,,,,,,,,,,,,,,,,,,,,,,,,,,,,,,,,,,,,
BAU,0,E5IPPUPROD_FERRO,,,2025,0.0312,,,,,,,,,,,,,,,,,,,,,,,,,,,,,,,,,,,,,
BAU,0,E5IPPUPROD_FERRO,,,2026,0.0324,,,,,,,,,,,,,,,,,,,,,,,,,,,,,,,,,,,,,
BAU,0,E5IPPUPROD_FERRO,,,2027,0.0336,,,,,,,,,,,,,,,,,,,,,,,,,,,,,,,,,,,,,
BAU,0,E5IPPUPROD_FERRO,,,2028,0.0349,,,,,,,,,,,,,,,,,,,,,,,,,,,,,,,,,,,,,
BAU,0,E5IPPUPROD_FERRO,,,2029,0.0363,,,,,,,,,,,,,,,,,,,,,,,,,,,,,,,,,,,,,
BAU,0,E5IPPUPROD_FERRO,,,2030,0.0376,,,,,,,,,,,,,,,,,,,,,,,,,,,,,,,,,,,,,
BAU,0,E5IPPUPROD_FERRO,,,2031,0.0391,,,,,,,,,,,,,,,,,,,,,,,,,,,,,,,,,,,,,
BAU,0,E5IPPUPROD_FERRO,,,2032,0.0405,,,,,,,,,,,,,,,,,,,,,,,,,,,,,,,,,,,,,
BAU,0,E5IPPUPROD_FERRO,,,2033,0.0421,,,,,,,,,,,,,,,,,,,,,,,,,,,,,,,,,,,,,
BAU,0,E5IPPUPROD_FERRO,,,2034,0.0437,,,,,,,,,,,,,,,,,,,,,,,,,,,,,,,,,,,,,
BAU,0,E5IPPUPROD_FERRO,,,2035,0.0453,,,,,,,,,,,,,,,,,,,,,,,,,,,,,,,,,,,,,
BAU,0,E5IPPUPROD_FERRO,,,2036,0.0471,,,,,,,,,,,,,,,,,,,,,,,,,,,,,,,,,,,,,
BAU,0,E5IPPUPROD_FERRO,,,2037,0.0489,,,,,,,,,,,,,,,,,,,,,,,,,,,,,,,,,,,,,
BAU,0,E5IPPUPROD_FERRO,,,2038,0.0507,,,,,,,,,,,,,,,,,,,,,,,,,,,,,,,,,,,,,
BAU,0,E5IPPUPROD_FERRO,,,2039,0.0526,,,,,,,,,,,,,,,,,,,,,,,,,,,,,,,,,,,,,
BAU,0,E5IPPUPROD_FERRO,,,2040,0.0546,,,,,,,,,,,,,,,,,,,,,,,,,,,,,,,,,,,,,
BAU,0,E5IPPUPROD_FERRO,,,2041,0.0567,,,,,,,,,,,,,,,,,,,,,,,,,,,,,,,,,,,,,
BAU,0,E5IPPUPROD_FERRO,,,2042,0.0589,,,,,,,,,,,,,,,,,,,,,,,,,,,,,,,,,,,,,
BAU,0,E5IPPUPROD_FERRO,,,2043,0.0611,,,,,,,,,,,,,,,,,,,,,,,,,,,,,,,,,,,,,
BAU,0,E5IPPUPROD_FERRO,,,2044,0.0634,,,,,,,,,,,,,,,,,,,,,,,,,,,,,,,,,,,,,
BAU,0,E5IPPUPROD_FERRO,,,2045,0.0658,,,,,,,,,,,,,,,,,,,,,,,,,,,,,,,,,,,,,
BAU,0,E5IPPUPROD_FERRO,,,2046,0.0683,,,,,,,,,,,,,,,,,,,,,,,,,,,,,,,,,,,,,
BAU,0,E5IPPUPROD_FERRO,,,2047,0.0709,,,,,,,,,,,,,,,,,,,,,,,,,,,,,,,,,,,,,
BAU,0,E5IPPUPROD_FERRO,,,2048,0.0736,,,,,,,,,,,,,,,,,,,,,,,,,,,,,,,,,,,,,
BAU,0,E5IPPUPROD_FERRO,,,2049,0.0764,,,,,,,,,,,,,,,,,,,,,,,,,,,,,,,,,,,,,
BAU,0,E5IPPUPROD_FERRO,,,2050,0.0793,,,,,,,,,,,,,,,,,,,,,,,,,,,,,,,,,,,,,
BAU,0,E5IPPULUBRI_OILS,,,2018,0.0442,,,,,,,,,,,,,,,,,,,,,,,,,,,,,,,,,,,,,
BAU,0,E5IPPULUBRI_OILS,,,2019,0.0084,,,,,,,,,,,,,,,,,,,,,,,,,,,,,,,,,,,,,
BAU,0,E5IPPULUBRI_OILS,,,2020,0.0084,,,,,,,,,,,,,,,,,,,,,,,,,,,,,,,,,,,,,
BAU,0,E5IPPULUBRI_OILS,,,2021,0.0598,,,,,,,,,,,,,,,,,,,,,,,,,,,,,,,,,,,,,
BAU,0,E5IPPULUBRI_OILS,,,2022,0.0598,,,,,,,,,,,,,,,,,,,,,,,,,,,,,,,,,,,,,
BAU,0,E5IPPULUBRI_OILS,,,2023,0.062,,,,,,,,,,,,,,,,,,,,,,,,,,,,,,,,,,,,,
BAU,0,E5IPPULUBRI_OILS,,,2024,0.0644,,,,,,,,,,,,,,,,,,,,,,,,,,,,,,,,,,,,,
BAU,0,E5IPPULUBRI_OILS,,,2025,0.0668,,,,,,,,,,,,,,,,,,,,,,,,,,,,,,,,,,,,,
BAU,0,E5IPPULUBRI_OILS,,,2026,0.0694,,,,,,,,,,,,,,,,,,,,,,,,,,,,,,,,,,,,,
BAU,0,E5IPPULUBRI_OILS,,,2027,0.072,,,,,,,,,,,,,,,,,,,,,,,,,,,,,,,,,,,,,
BAU,0,E5IPPULUBRI_OILS,,,2028,0.0747,,,,,,,,,,,,,,,,,,,,,,,,,,,,,,,,,,,,,
BAU,0,E5IPPULUBRI_OILS,,,2029,0.0776,,,,,,,,,,,,,,,,,,,,,,,,,,,,,,,,,,,,,
BAU,0,E5IPPULUBRI_OILS,,,2030,0.0805,,,,,,,,,,,,,,,,,,,,,,,,,,,,,,,,,,,,,
BAU,0,E5IPPULUBRI_OILS,,,2031,0.0836,,,,,,,,,,,,,,,,,,,,,,,,,,,,,,,,,,,,,
BAU,0,E5IPPULUBRI_OILS,,,2032,0.0868,,,,,,,,,,,,,,,,,,,,,,,,,,,,,,,,,,,,,
BAU,0,E5IPPULUBRI_OILS,,,2033,0.0901,,,,,,,,,,,,,,,,,,,,,,,,,,,,,,,,,,,,,
BAU,0,E5IPPULUBRI_OILS,,,2034,0.0935,,,,,,,,,,,,,,,,,,,,,,,,,,,,,,,,,,,,,
BAU,0,E5IPPULUBRI_OILS,,,2035,0.097,,,,,,,,,,,,,,,,,,,,,,,,,,,,,,,,,,,,,
BAU,0,E5IPPULUBRI_OILS,,,2036,0.1007,,,,,,,,,,,,,,,,,,,,,,,,,,,,,,,,,,,,,
BAU,0,E5IPPULUBRI_OILS,,,2037,0.1045,,,,,,,,,,,,,,,,,,,,,,,,,,,,,,,,,,,,,
BAU,0,E5IPPULUBRI_OILS,,,2038,0.1085,,,,,,,,,,,,,,,,,,,,,,,,,,,,,,,,,,,,,
BAU,0,E5IPPULUBRI_OILS,,,2039,0.1126,,,,,,,,,,,,,,,,,,,,,,,,,,,,,,,,,,,,,
BAU,0,E5IPPULUBRI_OILS,,,2040,0.1169,,,,,,,,,,,,,,,,,,,,,,,,,,,,,,,,,,,,,
BAU,0,E5IPPULUBRI_OILS,,,2041,0.1214,,,,,,,,,,,,,,,,,,,,,,,,,,,,,,,,,,,,,
BAU,0,E5IPPULUBRI_OILS,,,2042,0.126,,,,,,,,,,,,,,,,,,,,,,,,,,,,,,,,,,,,,
BAU,0,E5IPPULUBRI_OILS,,,2043,0.1308,,,,,,,,,,,,,,,,,,,,,,,,,,,,,,,,,,,,,
BAU,0,E5IPPULUBRI_OILS,,,2044,0.1357,,,,,,,,,,,,,,,,,,,,,,,,,,,,,,,,,,,,,
BAU,0,E5IPPULUBRI_OILS,,,2045,0.1409,,,,,,,,,,,,,,,,,,,,,,,,,,,,,,,,,,,,,
BAU,0,E5IPPULUBRI_OILS,,,2046,0.1462,,,,,,,,,,,,,,,,,,,,,,,,,,,,,,,,,,,,,
BAU,0,E5IPPULUBRI_OILS,,,2047,0.1518,,,,,,,,,,,,,,,,,,,,,,,,,,,,,,,,,,,,,
BAU,0,E5IPPULUBRI_OILS,,,2048,0.1576,,,,,,,,,,,,,,,,,,,,,,,,,,,,,,,,,,,,,
BAU,0,E5IPPULUBRI_OILS,,,2049,0.1636,,,,,,,,,,,,,,,,,,,,,,,,,,,,,,,,,,,,,
BAU,0,E5IPPULUBRI_OILS,,,2050,0.1698,,,,,,,,,,,,,,,,,,,,,,,,,,,,,,,,,,,,,
BAU,0,E5IPPUPARAFFIN,,,2018,0.0092,,,,,,,,,,,,,,,,,,,,,,,,,,,,,,,,,,,,,
BAU,0,E5IPPUPARAFFIN,,,2019,0.0019,,,,,,,,,,,,,,,,,,,,,,,,,,,,,,,,,,,,,
BAU,0,E5IPPUPARAFFIN,,,2020,0.0031,,,,,,,,,,,,,,,,,,,,,,,,,,,,,,,,,,,,,
BAU,0,E5IPPUPARAFFIN,,,2021,0.0165,,,,,,,,,,,,,,,,,,,,,,,,,,,,,,,,,,,,,
BAU,0,E5IPPUPARAFFIN,,,2022,0.0167,,,,,,,,,,,,,,,,,,,,,,,,,,,,,,,,,,,,,
BAU,0,E5IPPUPARAFFIN,,,2023,0.0173,,,,,,,,,,,,,,,,,,,,,,,,,,,,,,,,,,,,,
BAU,0,E5IPPUPARAFFIN,,,2024,0.018,,,,,,,,,,,,,,,,,,,,,,,,,,,,,,,,,,,,,
BAU,0,E5IPPUPARAFFIN,,,2025,0.0186,,,,,,,,,,,,,,,,,,,,,,,,,,,,,,,,,,,,,
BAU,0,E5IPPUPARAFFIN,,,2026,0.0194,,,,,,,,,,,,,,,,,,,,,,,,,,,,,,,,,,,,,
BAU,0,E5IPPUPARAFFIN,,,2027,0.0201,,,,,,,,,,,,,,,,,,,,,,,,,,,,,,,,,,,,,
BAU,0,E5IPPUPARAFFIN,,,2028,0.0209,,,,,,,,,,,,,,,,,,,,,,,,,,,,,,,,,,,,,
BAU,0,E5IPPUPARAFFIN,,,2029,0.0216,,,,,,,,,,,,,,,,,,,,,,,,,,,,,,,,,,,,,
BAU,0,E5IPPUPARAFFIN,,,2030,0.0225,,,,,,,,,,,,,,,,,,,,,,,,,,,,,,,,,,,,,
BAU,0,E5IPPUPARAFFIN,,,2031,0.0233,,,,,,,,,,,,,,,,,,,,,,,,,,,,,,,,,,,,,
BAU,0,E5IPPUPARAFFIN,,,2032,0.0242,,,,,,,,,,,,,,,,,,,,,,,,,,,,,,,,,,,,,
BAU,0,E5IPPUPARAFFIN,,,2033,0.0251,,,,,,,,,,,,,,,,,,,,,,,,,,,,,,,,,,,,,
BAU,0,E5IPPUPARAFFIN,,,2034,0.0261,,,,,,,,,,,,,,,,,,,,,,,,,,,,,,,,,,,,,
BAU,0,E5IPPUPARAFFIN,,,2035,0.0271,,,,,,,,,,,,,,,,,,,,,,,,,,,,,,,,,,,,,
BAU,0,E5IPPUPARAFFIN,,,2036,0.0281,,,,,,,,,,,,,,,,,,,,,,,,,,,,,,,,,,,,,
BAU,0,E5IPPUPARAFFIN,,,2037,0.0292,,,,,,,,,,,,,,,,,,,,,,,,,,,,,,,,,,,,,
BAU,0,E5IPPUPARAFFIN,,,2038,0.0303,,,,,,,,,,,,,,,,,,,,,,,,,,,,,,,,,,,,,
BAU,0,E5IPPUPARAFFIN,,,2039,0.0314,,,,,,,,,,,,,,,,,,,,,,,,,,,,,,,,,,,,,
BAU,0,E5IPPUPARAFFIN,,,2040,0.0326,,,,,,,,,,,,,,,,,,,,,,,,,,,,,,,,,,,,,
BAU,0,E5IPPUPARAFFIN,,,2041,0.0339,,,,,,,,,,,,,,,,,,,,,,,,,,,,,,,,,,,,,
BAU,0,E5IPPUPARAFFIN,,,2042,0.0351,,,,,,,,,,,,,,,,,,,,,,,,,,,,,,,,,,,,,
BAU,0,E5IPPUPARAFFIN,,,2043,0.0365,,,,,,,,,,,,,,,,,,,,,,,,,,,,,,,,,,,,,
BAU,0,E5IPPUPARAFFIN,,,2044,0.0379,,,,,,,,,,,,,,,,,,,,,,,,,,,,,,,,,,,,,
BAU,0,E5IPPUPARAFFIN,,,2045,0.0393,,,,,,,,,,,,,,,,,,,,,,,,,,,,,,,,,,,,,
BAU,0,E5IPPUPARAFFIN,,,2046,0.0408,,,,,,,,,,,,,,,,,,,,,,,,,,,,,,,,,,,,,
BAU,0,E5IPPUPARAFFIN,,,2047,0.0424,,,,,,,,,,,,,,,,,,,,,,,,,,,,,,,,,,,,,
BAU,0,E5IPPUPARAFFIN,,,2048,0.044,,,,,,,,,,,,,,,,,,,,,,,,,,,,,,,,,,,,,
BAU,0,E5IPPUPARAFFIN,,,2049,0.0456,,,,,,,,,,,,,,,,,,,,,,,,,,,,,,,,,,,,,
BAU,0,E5IPPUPARAFFIN,,,2050,0.0474,,,,,,,,,,,,,,,,,,,,,,,,,,,,,,,,,,,,,
BAU,0,E5IPPUREFR_AC_HFC32,,,2018,0.0165,,,,,,,,,,,,,,,,,,,,,,,,,,,,,,,,,,,,,
BAU,0,E5IPPUREFR_AC_HFC32,,,2019,0.0285,,,,,,,,,,,,,,,,,,,,,,,,,,,,,,,,,,,,,
BAU,0,E5IPPUREFR_AC_HFC32,,,2020,0.0349,,,,,,,,,,,,,,,,,,,,,,,,,,,,,,,,,,,,,
BAU,0,E5IPPUREFR_AC_HFC32,,,2021,0.0394,,,,,,,,,,,,,,,,,,,,,,,,,,,,,,,,,,,,,
BAU,0,E5IPPUREFR_AC_HFC32,,,2022,0.0519,,,,,,,,,,,,,,,,,,,,,,,,,,,,,,,,,,,,,
BAU,0,E5IPPUREFR_AC_HFC32,,,2023,0.0532,,,,,,,,,,,,,,,,,,,,,,,,,,,,,,,,,,,,,
BAU,0,E5IPPUREFR_AC_HFC32,,,2024,0.0545,,,,,,,,,,,,,,,,,,,,,,,,,,,,,,,,,,,,,
BAU,0,E5IPPUREFR_AC_HFC32,,,2025,0.0559,,,,,,,,,,,,,,,,,,,,,,,,,,,,,,,,,,,,,
BAU,0,E5IPPUREFR_AC_HFC32,,,2026,0.0573,,,,,,,,,,,,,,,,,,,,,,,,,,,,,,,,,,,,,
BAU,0,E5IPPUREFR_AC_HFC32,,,2027,0.0587,,,,,,,,,,,,,,,,,,,,,,,,,,,,,,,,,,,,,
BAU,0,E5IPPUREFR_AC_HFC32,,,2028,0.0602,,,,,,,,,,,,,,,,,,,,,,,,,,,,,,,,,,,,,
BAU,0,E5IPPUREFR_AC_HFC32,,,2029,0.0617,,,,,,,,,,,,,,,,,,,,,,,,,,,,,,,,,,,,,
BAU,0,E5IPPUREFR_AC_HFC32,,,2030,0.0633,,,,,,,,,,,,,,,,,,,,,,,,,,,,,,,,,,,,,
BAU,0,E5IPPUREFR_AC_HFC32,,,2031,0.0648,,,,,,,,,,,,,,,,,,,,,,,,,,,,,,,,,,,,,
BAU,0,E5IPPUREFR_AC_HFC32,,,2032,0.0665,,,,,,,,,,,,,,,,,,,,,,,,,,,,,,,,,,,,,
BAU,0,E5IPPUREFR_AC_HFC32,,,2033,0.0681,,,,,,,,,,,,,,,,,,,,,,,,,,,,,,,,,,,,,
BAU,0,E5IPPUREFR_AC_HFC32,,,2034,0.0698,,,,,,,,,,,,,,,,,,,,,,,,,,,,,,,,,,,,,
BAU,0,E5IPPUREFR_AC_HFC32,,,2035,0.0716,,,,,,,,,,,,,,,,,,,,,,,,,,,,,,,,,,,,,
BAU,0,E5IPPUREFR_AC_HFC32,,,2036,0.0734,,,,,,,,,,,,,,,,,,,,,,,,,,,,,,,,,,,,,
BAU,0,E5IPPUREFR_AC_HFC32,,,2037,0.0752,,,,,,,,,,,,,,,,,,,,,,,,,,,,,,,,,,,,,
BAU,0,E5IPPUREFR_AC_HFC32,,,2038,0.0771,,,,,,,,,,,,,,,,,,,,,,,,,,,,,,,,,,,,,
BAU,0,E5IPPUREFR_AC_HFC32,,,2039,0.079,,,,,,,,,,,,,,,,,,,,,,,,,,,,,,,,,,,,,
BAU,0,E5IPPUREFR_AC_HFC32,,,2040,0.081,,,,,,,,,,,,,,,,,,,,,,,,,,,,,,,,,,,,,
BAU,0,E5IPPUREFR_AC_HFC32,,,2041,0.083,,,,,,,,,,,,,,,,,,,,,,,,,,,,,,,,,,,,,
BAU,0,E5IPPUREFR_AC_HFC32,,,2042,0.0851,,,,,,,,,,,,,,,,,,,,,,,,,,,,,,,,,,,,,
BAU,0,E5IPPUREFR_AC_HFC32,,,2043,0.0872,,,,,,,,,,,,,,,,,,,,,,,,,,,,,,,,,,,,,
BAU,0,E5IPPUREFR_AC_HFC32,,,2044,0.0894,,,,,,,,,,,,,,,,,,,,,,,,,,,,,,,,,,,,,
BAU,0,E5IPPUREFR_AC_HFC32,,,2045,0.0916,,,,,,,,,,,,,,,,,,,,,,,,,,,,,,,,,,,,,
BAU,0,E5IPPUREFR_AC_HFC32,,,2046,0.0939,,,,,,,,,,,,,,,,,,,,,,,,,,,,,,,,,,,,,
BAU,0,E5IPPUREFR_AC_HFC32,,,2047,0.0963,,,,,,,,,,,,,,,,,,,,,,,,,,,,,,,,,,,,,
BAU,0,E5IPPUREFR_AC_HFC32,,,2048,0.0987,,,,,,,,,,,,,,,,,,,,,,,,,,,,,,,,,,,,,
BAU,0,E5IPPUREFR_AC_HFC32,,,2049,0.1011,,,,,,,,,,,,,,,,,,,,,,,,,,,,,,,,,,,,,
BAU,0,E5IPPUREFR_AC_HFC32,,,2050,0.1037,,,,,,,,,,,,,,,,,,,,,,,,,,,,,,,,,,,,,
BAU,0,E5IPPUREFR_AC_HFC125,,,2018,0.0175,,,,,,,,,,,,,,,,,,,,,,,,,,,,,,,,,,,,,
BAU,0,E5IPPUREFR_AC_HFC125,,,2019,0.0238,,,,,,,,,,,,,,,,,,,,,,,,,,,,,,,,,,,,,
BAU,0,E5IPPUREFR_AC_HFC125,,,2020,0.0291,,,,,,,,,,,,,,,,,,,,,,,,,,,,,,,,,,,,,
BAU,0,E5IPPUREFR_AC_HFC125,,,2021,0.0321,,,,,,,,,,,,,,,,,,,,,,,,,,,,,,,,,,,,,
BAU,0,E5IPPUREFR_AC_HFC125,,,2022,0.0429,,,,,,,,,,,,,,,,,,,,,,,,,,,,,,,,,,,,,
BAU,0,E5IPPUREFR_AC_HFC125,,,2023,0.044,,,,,,,,,,,,,,,,,,,,,,,,,,,,,,,,,,,,,
BAU,0,E5IPPUREFR_AC_HFC125,,,2024,0.0451,,,,,,,,,,,,,,,,,,,,,,,,,,,,,,,,,,,,,
BAU,0,E5IPPUREFR_AC_HFC125,,,2025,0.0462,,,,,,,,,,,,,,,,,,,,,,,,,,,,,,,,,,,,,
BAU,0,E5IPPUREFR_AC_HFC125,,,2026,0.0474,,,,,,,,,,,,,,,,,,,,,,,,,,,,,,,,,,,,,
BAU,0,E5IPPUREFR_AC_HFC125,,,2027,0.0486,,,,,,,,,,,,,,,,,,,,,,,,,,,,,,,,,,,,,
BAU,0,E5IPPUREFR_AC_HFC125,,,2028,0.0498,,,,,,,,,,,,,,,,,,,,,,,,,,,,,,,,,,,,,
BAU,0,E5IPPUREFR_AC_HFC125,,,2029,0.051,,,,,,,,,,,,,,,,,,,,,,,,,,,,,,,,,,,,,
BAU,0,E5IPPUREFR_AC_HFC125,,,2030,0.0523,,,,,,,,,,,,,,,,,,,,,,,,,,,,,,,,,,,,,
BAU,0,E5IPPUREFR_AC_HFC125,,,2031,0.0536,,,,,,,,,,,,,,,,,,,,,,,,,,,,,,,,,,,,,
BAU,0,E5IPPUREFR_AC_HFC125,,,2032,0.0549,,,,,,,,,,,,,,,,,,,,,,,,,,,,,,,,,,,,,
BAU,0,E5IPPUREFR_AC_HFC125,,,2033,0.0563,,,,,,,,,,,,,,,,,,,,,,,,,,,,,,,,,,,,,
BAU,0,E5IPPUREFR_AC_HFC125,,,2034,0.0577,,,,,,,,,,,,,,,,,,,,,,,,,,,,,,,,,,,,,
BAU,0,E5IPPUREFR_AC_HFC125,,,2035,0.0592,,,,,,,,,,,,,,,,,,,,,,,,,,,,,,,,,,,,,
BAU,0,E5IPPUREFR_AC_HFC125,,,2036,0.0606,,,,,,,,,,,,,,,,,,,,,,,,,,,,,,,,,,,,,
BAU,0,E5IPPUREFR_AC_HFC125,,,2037,0.0622,,,,,,,,,,,,,,,,,,,,,,,,,,,,,,,,,,,,,
BAU,0,E5IPPUREFR_AC_HFC125,,,2038,0.0637,,,,,,,,,,,,,,,,,,,,,,,,,,,,,,,,,,,,,
BAU,0,E5IPPUREFR_AC_HFC125,,,2039,0.0653,,,,,,,,,,,,,,,,,,,,,,,,,,,,,,,,,,,,,
BAU,0,E5IPPUREFR_AC_HFC125,,,2040,0.0669,,,,,,,,,,,,,,,,,,,,,,,,,,,,,,,,,,,,,
BAU,0,E5IPPUREFR_AC_HFC125,,,2041,0.0686,,,,,,,,,,,,,,,,,,,,,,,,,,,,,,,,,,,,,
BAU,0,E5IPPUREFR_AC_HFC125,,,2042,0.0703,,,,,,,,,,,,,,,,,,,,,,,,,,,,,,,,,,,,,
BAU,0,E5IPPUREFR_AC_HFC125,,,2043,0.0721,,,,,,,,,,,,,,,,,,,,,,,,,,,,,,,,,,,,,
BAU,0,E5IPPUREFR_AC_HFC125,,,2044,0.0739,,,,,,,,,,,,,,,,,,,,,,,,,,,,,,,,,,,,,
BAU,0,E5IPPUREFR_AC_HFC125,,,2045,0.0757,,,,,,,,,,,,,,,,,,,,,,,,,,,,,,,,,,,,,
BAU,0,E5IPPUREFR_AC_HFC125,,,2046,0.0776,,,,,,,,,,,,,,,,,,,,,,,,,,,,,,,,,,,,,
BAU,0,E5IPPUREFR_AC_HFC125,,,2047,0.0796,,,,,,,,,,,,,,,,,,,,,,,,,,,,,,,,,,,,,
BAU,0,E5IPPUREFR_AC_HFC125,,,2048,0.0816,,,,,,,,,,,,,,,,,,,,,,,,,,,,,,,,,,,,,
BAU,0,E5IPPUREFR_AC_HFC125,,,2049,0.0836,,,,,,,,,,,,,,,,,,,,,,,,,,,,,,,,,,,,,
BAU,0,E5IPPUREFR_AC_HFC125,,,2050,0.0857,,,,,,,,,,,,,,,,,,,,,,,,,,,,,,,,,,,,,
BAU,0,E5IPPUREFR_AC_HFC134a,,,2018,0.0209,,,,,,,,,,,,,,,,,,,,,,,,,,,,,,,,,,,,,
BAU,0,E5IPPUREFR_AC_HFC134a,,,2019,0.0222,,,,,,,,,,,,,,,,,,,,,,,,,,,,,,,,,,,,,
BAU,0,E5IPPUREFR_AC_HFC134a,,,2020,0.0649,,,,,,,,,,,,,,,,,,,,,,,,,,,,,,,,,,,,,
BAU,0,E5IPPUREFR_AC_HFC134a,,,2021,0.1002,,,,,,,,,,,,,,,,,,,,,,,,,,,,,,,,,,,,,
BAU,0,E5IPPUREFR_AC_HFC134a,,,2022,0.1397,,,,,,,,,,,,,,,,,,,,,,,,,,,,,,,,,,,,,
BAU,0,E5IPPUREFR_AC_HFC134a,,,2023,0.1432,,,,,,,,,,,,,,,,,,,,,,,,,,,,,,,,,,,,,
BAU,0,E5IPPUREFR_AC_HFC134a,,,2024,0.1468,,,,,,,,,,,,,,,,,,,,,,,,,,,,,,,,,,,,,
BAU,0,E5IPPUREFR_AC_HFC134a,,,2025,0.1505,,,,,,,,,,,,,,,,,,,,,,,,,,,,,,,,,,,,,
BAU,0,E5IPPUREFR_AC_HFC134a,,,2026,0.1542,,,,,,,,,,,,,,,,,,,,,,,,,,,,,,,,,,,,,
BAU,0,E5IPPUREFR_AC_HFC134a,,,2027,0.1581,,,,,,,,,,,,,,,,,,,,,,,,,,,,,,,,,,,,,
BAU,0,E5IPPUREFR_AC_HFC134a,,,2028,0.162,,,,,,,,,,,,,,,,,,,,,,,,,,,,,,,,,,,,,
BAU,0,E5IPPUREFR_AC_HFC134a,,,2029,0.1661,,,,,,,,,,,,,,,,,,,,,,,,,,,,,,,,,,,,,
BAU,0,E5IPPUREFR_AC_HFC134a,,,2030,0.1702,,,,,,,,,,,,,,,,,,,,,,,,,,,,,,,,,,,,,
BAU,0,E5IPPUREFR_AC_HFC134a,,,2031,0.1745,,,,,,,,,,,,,,,,,,,,,,,,,,,,,,,,,,,,,
BAU,0,E5IPPUREFR_AC_HFC134a,,,2032,0.1789,,,,,,,,,,,,,,,,,,,,,,,,,,,,,,,,,,,,,
BAU,0,E5IPPUREFR_AC_HFC134a,,,2033,0.1833,,,,,,,,,,,,,,,,,,,,,,,,,,,,,,,,,,,,,
BAU,0,E5IPPUREFR_AC_HFC134a,,,2034,0.1879,,,,,,,,,,,,,,,,,,,,,,,,,,,,,,,,,,,,,
BAU,0,E5IPPUREFR_AC_HFC134a,,,2035,0.1926,,,,,,,,,,,,,,,,,,,,,,,,,,,,,,,,,,,,,
BAU,0,E5IPPUREFR_AC_HFC134a,,,2036,0.1974,,,,,,,,,,,,,,,,,,,,,,,,,,,,,,,,,,,,,
BAU,0,E5IPPUREFR_AC_HFC134a,,,2037,0.2024,,,,,,,,,,,,,,,,,,,,,,,,,,,,,,,,,,,,,
BAU,0,E5IPPUREFR_AC_HFC134a,,,2038,0.2074,,,,,,,,,,,,,,,,,,,,,,,,,,,,,,,,,,,,,
BAU,0,E5IPPUREFR_AC_HFC134a,,,2039,0.2126,,,,,,,,,,,,,,,,,,,,,,,,,,,,,,,,,,,,,
BAU,0,E5IPPUREFR_AC_HFC134a,,,2040,0.2179,,,,,,,,,,,,,,,,,,,,,,,,,,,,,,,,,,,,,
BAU,0,E5IPPUREFR_AC_HFC134a,,,2041,0.2234,,,,,,,,,,,,,,,,,,,,,,,,,,,,,,,,,,,,,
BAU,0,E5IPPUREFR_AC_HFC134a,,,2042,0.2289,,,,,,,,,,,,,,,,,,,,,,,,,,,,,,,,,,,,,
BAU,0,E5IPPUREFR_AC_HFC134a,,,2043,0.2347,,,,,,,,,,,,,,,,,,,,,,,,,,,,,,,,,,,,,
BAU,0,E5IPPUREFR_AC_HFC134a,,,2044,0.2405,,,,,,,,,,,,,,,,,,,,,,,,,,,,,,,,,,,,,
BAU,0,E5IPPUREFR_AC_HFC134a,,,2045,0.2465,,,,,,,,,,,,,,,,,,,,,,,,,,,,,,,,,,,,,
BAU,0,E5IPPUREFR_AC_HFC134a,,,2046,0.2527,,,,,,,,,,,,,,,,,,,,,,,,,,,,,,,,,,,,,
BAU,0,E5IPPUREFR_AC_HFC134a,,,2047,0.259,,,,,,,,,,,,,,,,,,,,,,,,,,,,,,,,,,,,,
BAU,0,E5IPPUREFR_AC_HFC134a,,,2048,0.2655,,,,,,,,,,,,,,,,,,,,,,,,,,,,,,,,,,,,,
BAU,0,E5IPPUREFR_AC_HFC134a,,,2049,0.2721,,,,,,,,,,,,,,,,,,,,,,,,,,,,,,,,,,,,,
BAU,0,E5IPPUREFR_AC_HFC134a,,,2050,0.2789,,,,,,,,,,,,,,,,,,,,,,,,,,,,,,,,,,,,,
BAU,0,E5IPPUREFR_AC_HFC143a,,,2018,0.0139,,,,,,,,,,,,,,,,,,,,,,,,,,,,,,,,,,,,,
BAU,0,E5IPPUREFR_AC_HFC143a,,,2019,0.0235,,,,,,,,,,,,,,,,,,,,,,,,,,,,,,,,,,,,,
BAU,0,E5IPPUREFR_AC_HFC143a,,,2020,0.0279,,,,,,,,,,,,,,,,,,,,,,,,,,,,,,,,,,,,,
BAU,0,E5IPPUREFR_AC_HFC143a,,,2021,0.0309,,,,,,,,,,,,,,,,,,,,,,,,,,,,,,,,,,,,,
BAU,0,E5IPPUREFR_AC_HFC143a,,,2022,0.0363,,,,,,,,,,,,,,,,,,,,,,,,,,,,,,,,,,,,,
BAU,0,E5IPPUREFR_AC_HFC143a,,,2023,0.0372,,,,,,,,,,,,,,,,,,,,,,,,,,,,,,,,,,,,,
BAU,0,E5IPPUREFR_AC_HFC143a,,,2024,0.0382,,,,,,,,,,,,,,,,,,,,,,,,,,,,,,,,,,,,,
BAU,0,E5IPPUREFR_AC_HFC143a,,,2025,0.0391,,,,,,,,,,,,,,,,,,,,,,,,,,,,,,,,,,,,,
BAU,0,E5IPPUREFR_AC_HFC143a,,,2026,0.0401,,,,,,,,,,,,,,,,,,,,,,,,,,,,,,,,,,,,,
BAU,0,E5IPPUREFR_AC_HFC143a,,,2027,0.0411,,,,,,,,,,,,,,,,,,,,,,,,,,,,,,,,,,,,,
BAU,0,E5IPPUREFR_AC_HFC143a,,,2028,0.0421,,,,,,,,,,,,,,,,,,,,,,,,,,,,,,,,,,,,,
BAU,0,E5IPPUREFR_AC_HFC143a,,,2029,0.0432,,,,,,,,,,,,,,,,,,,,,,,,,,,,,,,,,,,,,
BAU,0,E5IPPUREFR_AC_HFC143a,,,2030,0.0443,,,,,,,,,,,,,,,,,,,,,,,,,,,,,,,,,,,,,
BAU,0,E5IPPUREFR_AC_HFC143a,,,2031,0.0454,,,,,,,,,,,,,,,,,,,,,,,,,,,,,,,,,,,,,
BAU,0,E5IPPUREFR_AC_HFC143a,,,2032,0.0465,,,,,,,,,,,,,,,,,,,,,,,,,,,,,,,,,,,,,
BAU,0,E5IPPUREFR_AC_HFC143a,,,2033,0.0477,,,,,,,,,,,,,,,,,,,,,,,,,,,,,,,,,,,,,
BAU,0,E5IPPUREFR_AC_HFC143a,,,2034,0.0489,,,,,,,,,,,,,,,,,,,,,,,,,,,,,,,,,,,,,
BAU,0,E5IPPUREFR_AC_HFC143a,,,2035,0.0501,,,,,,,,,,,,,,,,,,,,,,,,,,,,,,,,,,,,,
BAU,0,E5IPPUREFR_AC_HFC143a,,,2036,0.0513,,,,,,,,,,,,,,,,,,,,,,,,,,,,,,,,,,,,,
BAU,0,E5IPPUREFR_AC_HFC143a,,,2037,0.0526,,,,,,,,,,,,,,,,,,,,,,,,,,,,,,,,,,,,,
BAU,0,E5IPPUREFR_AC_HFC143a,,,2038,0.0539,,,,,,,,,,,,,,,,,,,,,,,,,,,,,,,,,,,,,
BAU,0,E5IPPUREFR_AC_HFC143a,,,2039,0.0553,,,,,,,,,,,,,,,,,,,,,,,,,,,,,,,,,,,,,
BAU,0,E5IPPUREFR_AC_HFC143a,,,2040,0.0567,,,,,,,,,,,,,,,,,,,,,,,,,,,,,,,,,,,,,
BAU,0,E5IPPUREFR_AC_HFC143a,,,2041,0.0581,,,,,,,,,,,,,,,,,,,,,,,,,,,,,,,,,,,,,
BAU,0,E5IPPUREFR_AC_HFC143a,,,2042,0.0595,,,,,,,,,,,,,,,,,,,,,,,,,,,,,,,,,,,,,
BAU,0,E5IPPUREFR_AC_HFC143a,,,2043,0.061,,,,,,,,,,,,,,,,,,,,,,,,,,,,,,,,,,,,,
BAU,0,E5IPPUREFR_AC_HFC143a,,,2044,0.0625,,,,,,,,,,,,,,,,,,,,,,,,,,,,,,,,,,,,,
BAU,0,E5IPPUREFR_AC_HFC143a,,,2045,0.0641,,,,,,,,,,,,,,,,,,,,,,,,,,,,,,,,,,,,,
BAU,0,E5IPPUREFR_AC_HFC143a,,,2046,0.0657,,,,,,,,,,,,,,,,,,,,,,,,,,,,,,,,,,,,,
BAU,0,E5IPPUREFR_AC_HFC143a,,,2047,0.0673,,,,,,,,,,,,,,,,,,,,,,,,,,,,,,,,,,,,,
BAU,0,E5IPPUREFR_AC_HFC143a,,,2048,0.069,,,,,,,,,,,,,,,,,,,,,,,,,,,,,,,,,,,,,
BAU,0,E5IPPUREFR_AC_HFC143a,,,2049,0.0708,,,,,,,,,,,,,,,,,,,,,,,,,,,,,,,,,,,,,
BAU,0,E5IPPUREFR_AC_HFC143a,,,2050,0.0725,,,,,,,,,,,,,,,,,,,,,,,,,,,,,,,,,,,,,
BAU,0,RAW_MAT_CLK,RAW_MAT_CLK,,2018,,,,,,1.90343,,,,,,,,,,,,,,,,,,,,,,,,,,,,,,,,
BAU,0,RAW_MAT_CLK,RAW_MAT_CLK,,2019,,,,,,2.05977,,,,,,,,,,,,,,,,,,,,,,,,,,,,,,,,
BAU,0,RAW_MAT_CLK,RAW_MAT_CLK,,2020,,,,,,2.39171,,,,,,,,,,,,,,,,,,,,,,,,,,,,,,,,
BAU,0,RAW_MAT_CLK,RAW_MAT_CLK,,2021,,,,,,2.8702,,,,,,,,,,,,,,,,,,,,,,,,,,,,,,,,
BAU,0,RAW_MAT_CLK,RAW_MAT_CLK,,2022,,,,,,3.12801,,,,,,,,,,,,,,,,,,,,,,,,,,,,,,,,
BAU,0,RAW_MAT_CLK,RAW_MAT_CLK,,2023,,,,,,3.90998,,,,,,,,,,,,,,,,,,,,,,,,,,,,,,,,
BAU,0,RAW_MAT_CLK,RAW_MAT_CLK,,2024,,,,,,4.18375,,,,,,,,,,,,,,,,,,,,,,,,,,,,,,,,
BAU,0,RAW_MAT_CLK,RAW_MAT_CLK,,2025,,,,,,4.47676,,,,,,,,,,,,,,,,,,,,,,,,,,,,,,,,
BAU,0,RAW_MAT_CLK,RAW_MAT_CLK,,2026,,,,,,4.7902,,,,,,,,,,,,,,,,,,,,,,,,,,,,,,,,
BAU,0,RAW_MAT_CLK,RAW_MAT_CLK,,2027,,,,,,5.12556,,,,,,,,,,,,,,,,,,,,,,,,,,,,,,,,
BAU,0,RAW_MAT_CLK,RAW_MAT_CLK,,2028,,,,,,5.48442,,,,,,,,,,,,,,,,,,,,,,,,,,,,,,,,
BAU,0,RAW_MAT_CLK,RAW_MAT_CLK,,2029,,,,,,5.86836,,,,,,,,,,,,,,,,,,,,,,,,,,,,,,,,
BAU,0,RAW_MAT_CLK,RAW_MAT_CLK,,2030,,,,,,6.27918,,,,,,,,,,,,,,,,,,,,,,,,,,,,,,,,
BAU,0,RAW_MAT_CLK,RAW_MAT_CLK,,2031,,,,,,6.71875,,,,,,,,,,,,,,,,,,,,,,,,,,,,,,,,
BAU,0,RAW_MAT_CLK,RAW_MAT_CLK,,2032,,,,,,7.18904,,,,,,,,,,,,,,,,,,,,,,,,,,,,,,,,
BAU,0,RAW_MAT_CLK,RAW_MAT_CLK,,2033,,,,,,7.69224,,,,,,,,,,,,,,,,,,,,,,,,,,,,,,,,
BAU,0,RAW_MAT_CLK,RAW_MAT_CLK,,2034,,,,,,8.23062,,,,,,,,,,,,,,,,,,,,,,,,,,,,,,,,
BAU,0,RAW_MAT_CLK,RAW_MAT_CLK,,2035,,,,,,8.80661,,,,,,,,,,,,,,,,,,,,,,,,,,,,,,,,
BAU,0,RAW_MAT_CLK,RAW_MAT_CLK,,2036,,,,,,9.42294,,,,,,,,,,,,,,,,,,,,,,,,,,,,,,,,
BAU,0,RAW_MAT_CLK,RAW_MAT_CLK,,2037,,,,,,10.0809,,,,,,,,,,,,,,,,,,,,,,,,,,,,,,,,
BAU,0,RAW_MAT_CLK,RAW_MAT_CLK,,2038,,,,,,10.7863,,,,,,,,,,,,,,,,,,,,,,,,,,,,,,,,
BAU,0,RAW_MAT_CLK,RAW_MAT_CLK,,2039,,,,,,11.541,,,,,,,,,,,,,,,,,,,,,,,,,,,,,,,,
BAU,0,RAW_MAT_CLK,RAW_MAT_CLK,,2040,,,,,,12.3485,,,,,,,,,,,,,,,,,,,,,,,,,,,,,,,,
BAU,0,RAW_MAT_CLK,RAW_MAT_CLK,,2041,,,,,,13.2125,,,,,,,,,,,,,,,,,,,,,,,,,,,,,,,,
BAU,0,RAW_MAT_CLK,RAW_MAT_CLK,,2042,,,,,,14.1368,,,,,,,,,,,,,,,,,,,,,,,,,,,,,,,,
BAU,0,RAW_MAT_CLK,RAW_MAT_CLK,,2043,,,,,,15.1257,,,,,,,,,,,,,,,,,,,,,,,,,,,,,,,,
BAU,0,RAW_MAT_CLK,RAW_MAT_CLK,,2044,,,,,,16.1839,,,,,,,,,,,,,,,,,,,,,,,,,,,,,,,,
BAU,0,RAW_MAT_CLK,RAW_MAT_CLK,,2045,,,,,,17.3159,,,,,,,,,,,,,,,,,,,,,,,,,,,,,,,,
BAU,0,RAW_MAT_CLK,RAW_MAT_CLK,,2046,,,,,,18.5271,,,,,,,,,,,,,,,,,,,,,,,,,,,,,,,,
BAU,0,RAW_MAT_CLK,RAW_MAT_CLK,,2047,,,,,,19.8229,,,,,,,,,,,,,,,,,,,,,,,,,,,,,,,,
BAU,0,RAW_MAT_CLK,RAW_MAT_CLK,,2048,,,,,,21.2093,,,,,,,,,,,,,,,,,,,,,,,,,,,,,,,,
BAU,0,RAW_MAT_CLK,RAW_MAT_CLK,,2049,,,,,,22.6926,,,,,,,,,,,,,,,,,,,,,,,,,,,,,,,,
BAU,0,RAW_MAT_CLK,RAW_MAT_CLK,,2050,,,,,,24.2796,,,,,,,,,,,,,,,,,,,,,,,,,,,,,,,,
BAU,0,RAW_MAT_CEM,RAW_MAT_CEM,,2018,,,,,,0.851171,,,,,,,,,,,,,,,,,,,,,,,,,,,,,,,,
BAU,0,RAW_MAT_CEM,RAW_MAT_CEM,,2019,,,,,,0.944126,,,,,,,,,,,,,,,,,,,,,,,,,,,,,,,,
BAU,0,RAW_MAT_CEM,RAW_MAT_CEM,,2020,,,,,,1.13329,,,,,,,,,,,,,,,,,,,,,,,,,,,,,,,,
BAU,0,RAW_MAT_CEM,RAW_MAT_CEM,,2021,,,,,,1.4073,,,,,,,,,,,,,,,,,,,,,,,,,,,,,,,,
BAU,0,RAW_MAT_CEM,RAW_MAT_CEM,,2022,,,,,,1.49239,,,,,,,,,,,,,,,,,,,,,,,,,,,,,,,,
BAU,0,RAW_MAT_CEM,RAW_MAT_CEM,,2023,,,,,,1.79802,,,,,,,,,,,,,,,,,,,,,,,,,,,,,,,,
BAU,0,RAW_MAT_CEM,RAW_MAT_CEM,,2024,,,,,,1.91235,,,,,,,,,,,,,,,,,,,,,,,,,,,,,,,,
BAU,0,RAW_MAT_CEM,RAW_MAT_CEM,,2025,,,,,,2.03394,,,,,,,,,,,,,,,,,,,,,,,,,,,,,,,,
BAU,0,RAW_MAT_CEM,RAW_MAT_CEM,,2026,,,,,,2.1632,,,,,,,,,,,,,,,,,,,,,,,,,,,,,,,,
BAU,0,RAW_MAT_CEM,RAW_MAT_CEM,,2027,,,,,,2.30064,,,,,,,,,,,,,,,,,,,,,,,,,,,,,,,,
BAU,0,RAW_MAT_CEM,RAW_MAT_CEM,,2028,,,,,,2.44678,,,,,,,,,,,,,,,,,,,,,,,,,,,,,,,,
BAU,0,RAW_MAT_CEM,RAW_MAT_CEM,,2029,,,,,,2.60214,,,,,,,,,,,,,,,,,,,,,,,,,,,,,,,,
BAU,0,RAW_MAT_CEM,RAW_MAT_CEM,,2030,,,,,,2.76732,,,,,,,,,,,,,,,,,,,,,,,,,,,,,,,,
BAU,0,RAW_MAT_CEM,RAW_MAT_CEM,,2031,,,,,,2.94295,,,,,,,,,,,,,,,,,,,,,,,,,,,,,,,,
BAU,0,RAW_MAT_CEM,RAW_MAT_CEM,,2032,,,,,,3.12966,,,,,,,,,,,,,,,,,,,,,,,,,,,,,,,,
BAU,0,RAW_MAT_CEM,RAW_MAT_CEM,,2033,,,,,,3.32816,,,,,,,,,,,,,,,,,,,,,,,,,,,,,,,,
BAU,0,RAW_MAT_CEM,RAW_MAT_CEM,,2034,,,,,,3.53918,,,,,,,,,,,,,,,,,,,,,,,,,,,,,,,,
BAU,0,RAW_MAT_CEM,RAW_MAT_CEM,,2035,,,,,,3.76349,,,,,,,,,,,,,,,,,,,,,,,,,,,,,,,,
BAU,0,RAW_MAT_CEM,RAW_MAT_CEM,,2036,,,,,,4.00196,,,,,,,,,,,,,,,,,,,,,,,,,,,,,,,,
BAU,0,RAW_MAT_CEM,RAW_MAT_CEM,,2037,,,,,,4.25689,,,,,,,,,,,,,,,,,,,,,,,,,,,,,,,,
BAU,0,RAW_MAT_CEM,RAW_MAT_CEM,,2038,,,,,,4.52643,,,,,,,,,,,,,,,,,,,,,,,,,,,,,,,,
BAU,0,RAW_MAT_CEM,RAW_MAT_CEM,,2039,,,,,,4.81298,,,,,,,,,,,,,,,,,,,,,,,,,,,,,,,,
BAU,0,RAW_MAT_CEM,RAW_MAT_CEM,,2040,,,,,,5.11757,,,,,,,,,,,,,,,,,,,,,,,,,,,,,,,,
BAU,0,RAW_MAT_CEM,RAW_MAT_CEM,,2041,,,,,,5.44131,,,,,,,,,,,,,,,,,,,,,,,,,,,,,,,,
BAU,0,RAW_MAT_CEM,RAW_MAT_CEM,,2042,,,,,,5.78541,,,,,,,,,,,,,,,,,,,,,,,,,,,,,,,,
BAU,0,RAW_MAT_CEM,RAW_MAT_CEM,,2043,,,,,,6.15115,,,,,,,,,,,,,,,,,,,,,,,,,,,,,,,,
BAU,0,RAW_MAT_CEM,RAW_MAT_CEM,,2044,,,,,,6.53991,,,,,,,,,,,,,,,,,,,,,,,,,,,,,,,,
BAU,0,RAW_MAT_CEM,RAW_MAT_CEM,,2045,,,,,,6.95307,,,,,,,,,,,,,,,,,,,,,,,,,,,,,,,,
BAU,0,RAW_MAT_CEM,RAW_MAT_CEM,,2046,,,,,,7.39218,,,,,,,,,,,,,,,,,,,,,,,,,,,,,,,,
BAU,0,RAW_MAT_CEM,RAW_MAT_CEM,,2047,,,,,,7.85886,,,,,,,,,,,,,,,,,,,,,,,,,,,,,,,,
BAU,0,RAW_MAT_CEM,RAW_MAT_CEM,,2048,,,,,,8.35481,,,,,,,,,,,,,,,,,,,,,,,,,,,,,,,,
BAU,0,RAW_MAT_CEM,RAW_MAT_CEM,,2049,,,,,,8.88191,,,,,,,,,,,,,,,,,,,,,,,,,,,,,,,,
BAU,0,RAW_MAT_CEM,RAW_MAT_CEM,,2050,,,,,,9.44205,,,,,,,,,,,,,,,,,,,,,,,,,,,,,,,,
BAU,0,LIME_CAL_PROD,LIME_CAL_PROD,,2018,,,,,,0.2436,,,,,,,,,,,,,,,,,,,,,,,,,,,,,,,,
BAU,0,LIME_CAL_PROD,LIME_CAL_PROD,,2019,,,,,,0.3239,,,,,,,,,,,,,,,,,,,,,,,,,,,,,,,,
BAU,0,LIME_CAL_PROD,LIME_CAL_PROD,,2020,,,,,,0.4235,,,,,,,,,,,,,,,,,,,,,,,,,,,,,,,,
BAU,0,LIME_CAL_PROD,LIME_CAL_PROD,,2021,,,,,,0.4008,,,,,,,,,,,,,,,,,,,,,,,,,,,,,,,,
BAU,0,LIME_CAL_PROD,LIME_CAL_PROD,,2022,,,,,,0.4703,,,,,,,,,,,,,,,,,,,,,,,,,,,,,,,,
BAU,0,LIME_CAL_PROD,LIME_CAL_PROD,,2023,,,,,,0.4882,,,,,,,,,,,,,,,,,,,,,,,,,,,,,,,,
BAU,0,LIME_CAL_PROD,LIME_CAL_PROD,,2024,,,,,,0.5068,,,,,,,,,,,,,,,,,,,,,,,,,,,,,,,,
BAU,0,LIME_CAL_PROD,LIME_CAL_PROD,,2025,,,,,,0.526,,,,,,,,,,,,,,,,,,,,,,,,,,,,,,,,
BAU,0,LIME_CAL_PROD,LIME_CAL_PROD,,2026,,,,,,0.546,,,,,,,,,,,,,,,,,,,,,,,,,,,,,,,,
BAU,0,LIME_CAL_PROD,LIME_CAL_PROD,,2027,,,,,,0.5667,,,,,,,,,,,,,,,,,,,,,,,,,,,,,,,,
BAU,0,LIME_CAL_PROD,LIME_CAL_PROD,,2028,,,,,,0.5883,,,,,,,,,,,,,,,,,,,,,,,,,,,,,,,,
BAU,0,LIME_CAL_PROD,LIME_CAL_PROD,,2029,,,,,,0.6106,,,,,,,,,,,,,,,,,,,,,,,,,,,,,,,,
BAU,0,LIME_CAL_PROD,LIME_CAL_PROD,,2030,,,,,,0.6338,,,,,,,,,,,,,,,,,,,,,,,,,,,,,,,,
BAU,0,LIME_CAL_PROD,LIME_CAL_PROD,,2031,,,,,,0.6579,,,,,,,,,,,,,,,,,,,,,,,,,,,,,,,,
BAU,0,LIME_CAL_PROD,LIME_CAL_PROD,,2032,,,,,,0.6829,,,,,,,,,,,,,,,,,,,,,,,,,,,,,,,,
BAU,0,LIME_CAL_PROD,LIME_CAL_PROD,,2033,,,,,,0.7089,,,,,,,,,,,,,,,,,,,,,,,,,,,,,,,,
BAU,0,LIME_CAL_PROD,LIME_CAL_PROD,,2034,,,,,,0.7358,,,,,,,,,,,,,,,,,,,,,,,,,,,,,,,,
BAU,0,LIME_CAL_PROD,LIME_CAL_PROD,,2035,,,,,,0.7638,,,,,,,,,,,,,,,,,,,,,,,,,,,,,,,,
BAU,0,LIME_CAL_PROD,LIME_CAL_PROD,,2036,,,,,,0.7928,,,,,,,,,,,,,,,,,,,,,,,,,,,,,,,,
BAU,0,LIME_CAL_PROD,LIME_CAL_PROD,,2037,,,,,,0.8229,,,,,,,,,,,,,,,,,,,,,,,,,,,,,,,,
BAU,0,LIME_CAL_PROD,LIME_CAL_PROD,,2038,,,,,,0.8542,,,,,,,,,,,,,,,,,,,,,,,,,,,,,,,,
BAU,0,LIME_CAL_PROD,LIME_CAL_PROD,,2039,,,,,,0.8867,,,,,,,,,,,,,,,,,,,,,,,,,,,,,,,,
BAU,0,LIME_CAL_PROD,LIME_CAL_PROD,,2040,,,,,,0.9204,,,,,,,,,,,,,,,,,,,,,,,,,,,,,,,,
BAU,0,LIME_CAL_PROD,LIME_CAL_PROD,,2041,,,,,,0.9553,,,,,,,,,,,,,,,,,,,,,,,,,,,,,,,,
BAU,0,LIME_CAL_PROD,LIME_CAL_PROD,,2042,,,,,,0.9916,,,,,,,,,,,,,,,,,,,,,,,,,,,,,,,,
BAU,0,LIME_CAL_PROD,LIME_CAL_PROD,,2043,,,,,,1.0293,,,,,,,,,,,,,,,,,,,,,,,,,,,,,,,,
BAU,0,LIME_CAL_PROD,LIME_CAL_PROD,,2044,,,,,,1.0684,,,,,,,,,,,,,,,,,,,,,,,,,,,,,,,,
BAU,0,LIME_CAL_PROD,LIME_CAL_PROD,,2045,,,,,,1.109,,,,,,,,,,,,,,,,,,,,,,,,,,,,,,,,
BAU,0,LIME_CAL_PROD,LIME_CAL_PROD,,2046,,,,,,1.1512,,,,,,,,,,,,,,,,,,,,,,,,,,,,,,,,
BAU,0,LIME_CAL_PROD,LIME_CAL_PROD,,2047,,,,,,1.1949,,,,,,,,,,,,,,,,,,,,,,,,,,,,,,,,
BAU,0,LIME_CAL_PROD,LIME_CAL_PROD,,2048,,,,,,1.2403,,,,,,,,,,,,,,,,,,,,,,,,,,,,,,,,
BAU,0,LIME_CAL_PROD,LIME_CAL_PROD,,2049,,,,,,1.2875,,,,,,,,,,,,,,,,,,,,,,,,,,,,,,,,
BAU,0,LIME_CAL_PROD,LIME_CAL_PROD,,2050,,,,,,1.3364,,,,,,,,,,,,,,,,,,,,,,,,,,,,,,,,
BAU,0,LIME_DOL_PROD,LIME_DOL_PROD,,2018,,,,,,0.003,,,,,,,,,,,,,,,,,,,,,,,,,,,,,,,,
BAU,0,LIME_DOL_PROD,LIME_DOL_PROD,,2019,,,,,,0.0188,,,,,,,,,,,,,,,,,,,,,,,,,,,,,,,,
BAU,0,LIME_DOL_PROD,LIME_DOL_PROD,,2020,,,,,,0.1,,,,,,,,,,,,,,,,,,,,,,,,,,,,,,,,
BAU,0,LIME_DOL_PROD,LIME_DOL_PROD,,2021,,,,,,0.1081,,,,,,,,,,,,,,,,,,,,,,,,,,,,,,,,
BAU,0,LIME_DOL_PROD,LIME_DOL_PROD,,2022,,,,,,0.1169,,,,,,,,,,,,,,,,,,,,,,,,,,,,,,,,
BAU,0,LIME_DOL_PROD,LIME_DOL_PROD,,2023,,,,,,0.1213,,,,,,,,,,,,,,,,,,,,,,,,,,,,,,,,
BAU,0,LIME_DOL_PROD,LIME_DOL_PROD,,2024,,,,,,0.1259,,,,,,,,,,,,,,,,,,,,,,,,,,,,,,,,
BAU,0,LIME_DOL_PROD,LIME_DOL_PROD,,2025,,,,,,0.1307,,,,,,,,,,,,,,,,,,,,,,,,,,,,,,,,
BAU,0,LIME_DOL_PROD,LIME_DOL_PROD,,2026,,,,,,0.1356,,,,,,,,,,,,,,,,,,,,,,,,,,,,,,,,
BAU,0,LIME_DOL_PROD,LIME_DOL_PROD,,2027,,,,,,0.1408,,,,,,,,,,,,,,,,,,,,,,,,,,,,,,,,
BAU,0,LIME_DOL_PROD,LIME_DOL_PROD,,2028,,,,,,0.1462,,,,,,,,,,,,,,,,,,,,,,,,,,,,,,,,
BAU,0,LIME_DOL_PROD,LIME_DOL_PROD,,2029,,,,,,0.1517,,,,,,,,,,,,,,,,,,,,,,,,,,,,,,,,
BAU,0,LIME_DOL_PROD,LIME_DOL_PROD,,2030,,,,,,0.1575,,,,,,,,,,,,,,,,,,,,,,,,,,,,,,,,
BAU,0,LIME_DOL_PROD,LIME_DOL_PROD,,2031,,,,,,0.1635,,,,,,,,,,,,,,,,,,,,,,,,,,,,,,,,
BAU,0,LIME_DOL_PROD,LIME_DOL_PROD,,2032,,,,,,0.1697,,,,,,,,,,,,,,,,,,,,,,,,,,,,,,,,
BAU,0,LIME_DOL_PROD,LIME_DOL_PROD,,2033,,,,,,0.1761,,,,,,,,,,,,,,,,,,,,,,,,,,,,,,,,
BAU,0,LIME_DOL_PROD,LIME_DOL_PROD,,2034,,,,,,0.1828,,,,,,,,,,,,,,,,,,,,,,,,,,,,,,,,
BAU,0,LIME_DOL_PROD,LIME_DOL_PROD,,2035,,,,,,0.1898,,,,,,,,,,,,,,,,,,,,,,,,,,,,,,,,
BAU,0,LIME_DOL_PROD,LIME_DOL_PROD,,2036,,,,,,0.197,,,,,,,,,,,,,,,,,,,,,,,,,,,,,,,,
BAU,0,LIME_DOL_PROD,LIME_DOL_PROD,,2037,,,,,,0.2045,,,,,,,,,,,,,,,,,,,,,,,,,,,,,,,,
BAU,0,LIME_DOL_PROD,LIME_DOL_PROD,,2038,,,,,,0.2122,,,,,,,,,,,,,,,,,,,,,,,,,,,,,,,,
BAU,0,LIME_DOL_PROD,LIME_DOL_PROD,,2039,,,,,,0.2203,,,,,,,,,,,,,,,,,,,,,,,,,,,,,,,,
BAU,0,LIME_DOL_PROD,LIME_DOL_PROD,,2040,,,,,,0.2287,,,,,,,,,,,,,,,,,,,,,,,,,,,,,,,,
BAU,0,LIME_DOL_PROD,LIME_DOL_PROD,,2041,,,,,,0.2373,,,,,,,,,,,,,,,,,,,,,,,,,,,,,,,,
BAU,0,LIME_DOL_PROD,LIME_DOL_PROD,,2042,,,,,,0.2464,,,,,,,,,,,,,,,,,,,,,,,,,,,,,,,,
BAU,0,LIME_DOL_PROD,LIME_DOL_PROD,,2043,,,,,,0.2557,,,,,,,,,,,,,,,,,,,,,,,,,,,,,,,,
BAU,0,LIME_DOL_PROD,LIME_DOL_PROD,,2044,,,,,,0.2654,,,,,,,,,,,,,,,,,,,,,,,,,,,,,,,,
BAU,0,LIME_DOL_PROD,LIME_DOL_PROD,,2045,,,,,,0.2755,,,,,,,,,,,,,,,,,,,,,,,,,,,,,,,,
BAU,0,LIME_DOL_PROD,LIME_DOL_PROD,,2046,,,,,,0.286,,,,,,,,,,,,,,,,,,,,,,,,,,,,,,,,
BAU,0,LIME_DOL_PROD,LIME_DOL_PROD,,2047,,,,,,0.2969,,,,,,,,,,,,,,,,,,,,,,,,,,,,,,,,
BAU,0,LIME_DOL_PROD,LIME_DOL_PROD,,2048,,,,,,0.3081,,,,,,,,,,,,,,,,,,,,,,,,,,,,,,,,
BAU,0,LIME_DOL_PROD,LIME_DOL_PROD,,2049,,,,,,0.3199,,,,,,,,,,,,,,,,,,,,,,,,,,,,,,,,
BAU,0,LIME_DOL_PROD,LIME_DOL_PROD,,2050,,,,,,0.332,,,,,,,,,,,,,,,,,,,,,,,,,,,,,,,,
BAU,0,GLASS_PROD,GLASS_PROD,,2018,,,,,,0.1146,,,,,,,,,,,,,,,,,,,,,,,,,,,,,,,,
BAU,0,GLASS_PROD,GLASS_PROD,,2019,,,,,,0.1375,,,,,,,,,,,,,,,,,,,,,,,,,,,,,,,,
BAU,0,GLASS_PROD,GLASS_PROD,,2020,,,,,,0.1796,,,,,,,,,,,,,,,,,,,,,,,,,,,,,,,,
BAU,0,GLASS_PROD,GLASS_PROD,,2021,,,,,,0.1979,,,,,,,,,,,,,,,,,,,,,,,,,,,,,,,,
BAU,0,GLASS_PROD,GLASS_PROD,,2022,,,,,,0.1714,,,,,,,,,,,,,,,,,,,,,,,,,,,,,,,,
BAU,0,GLASS_PROD,GLASS_PROD,,2023,,,,,,0.1779,,,,,,,,,,,,,,,,,,,,,,,,,,,,,,,,
BAU,0,GLASS_PROD,GLASS_PROD,,2024,,,,,,0.1846,,,,,,,,,,,,,,,,,,,,,,,,,,,,,,,,
BAU,0,GLASS_PROD,GLASS_PROD,,2025,,,,,,0.1917,,,,,,,,,,,,,,,,,,,,,,,,,,,,,,,,
BAU,0,GLASS_PROD,GLASS_PROD,,2026,,,,,,0.1989,,,,,,,,,,,,,,,,,,,,,,,,,,,,,,,,
BAU,0,GLASS_PROD,GLASS_PROD,,2027,,,,,,0.2065,,,,,,,,,,,,,,,,,,,,,,,,,,,,,,,,
BAU,0,GLASS_PROD,GLASS_PROD,,2028,,,,,,0.2143,,,,,,,,,,,,,,,,,,,,,,,,,,,,,,,,
BAU,0,GLASS_PROD,GLASS_PROD,,2029,,,,,,0.2225,,,,,,,,,,,,,,,,,,,,,,,,,,,,,,,,
BAU,0,GLASS_PROD,GLASS_PROD,,2030,,,,,,0.2309,,,,,,,,,,,,,,,,,,,,,,,,,,,,,,,,
BAU,0,GLASS_PROD,GLASS_PROD,,2031,,,,,,0.2397,,,,,,,,,,,,,,,,,,,,,,,,,,,,,,,,
BAU,0,GLASS_PROD,GLASS_PROD,,2032,,,,,,0.2488,,,,,,,,,,,,,,,,,,,,,,,,,,,,,,,,
BAU,0,GLASS_PROD,GLASS_PROD,,2033,,,,,,0.2583,,,,,,,,,,,,,,,,,,,,,,,,,,,,,,,,
BAU,0,GLASS_PROD,GLASS_PROD,,2034,,,,,,0.2681,,,,,,,,,,,,,,,,,,,,,,,,,,,,,,,,
BAU,0,GLASS_PROD,GLASS_PROD,,2035,,,,,,0.2783,,,,,,,,,,,,,,,,,,,,,,,,,,,,,,,,
BAU,0,GLASS_PROD,GLASS_PROD,,2036,,,,,,0.2889,,,,,,,,,,,,,,,,,,,,,,,,,,,,,,,,
BAU,0,GLASS_PROD,GLASS_PROD,,2037,,,,,,0.2998,,,,,,,,,,,,,,,,,,,,,,,,,,,,,,,,
BAU,0,GLASS_PROD,GLASS_PROD,,2038,,,,,,0.3112,,,,,,,,,,,,,,,,,,,,,,,,,,,,,,,,
BAU,0,GLASS_PROD,GLASS_PROD,,2039,,,,,,0.3231,,,,,,,,,,,,,,,,,,,,,,,,,,,,,,,,
BAU,0,GLASS_PROD,GLASS_PROD,,2040,,,,,,0.3353,,,,,,,,,,,,,,,,,,,,,,,,,,,,,,,,
BAU,0,GLASS_PROD,GLASS_PROD,,2041,,,,,,0.3481,,,,,,,,,,,,,,,,,,,,,,,,,,,,,,,,
BAU,0,GLASS_PROD,GLASS_PROD,,2042,,,,,,0.3613,,,,,,,,,,,,,,,,,,,,,,,,,,,,,,,,
BAU,0,GLASS_PROD,GLASS_PROD,,2043,,,,,,0.375,,,,,,,,,,,,,,,,,,,,,,,,,,,,,,,,
BAU,0,GLASS_PROD,GLASS_PROD,,2044,,,,,,0.3893,,,,,,,,,,,,,,,,,,,,,,,,,,,,,,,,
BAU,0,GLASS_PROD,GLASS_PROD,,2045,,,,,,0.4041,,,,,,,,,,,,,,,,,,,,,,,,,,,,,,,,
BAU,0,GLASS_PROD,GLASS_PROD,,2046,,,,,,0.4194,,,,,,,,,,,,,,,,,,,,,,,,,,,,,,,,
BAU,0,GLASS_PROD,GLASS_PROD,,2047,,,,,,0.4354,,,,,,,,,,,,,,,,,,,,,,,,,,,,,,,,
BAU,0,GLASS_PROD,GLASS_PROD,,2048,,,,,,0.4519,,,,,,,,,,,,,,,,,,,,,,,,,,,,,,,,
BAU,0,GLASS_PROD,GLASS_PROD,,2049,,,,,,0.4691,,,,,,,,,,,,,,,,,,,,,,,,,,,,,,,,
BAU,0,GLASS_PROD,GLASS_PROD,,2050,,,,,,0.4869,,,,,,,,,,,,,,,,,,,,,,,,,,,,,,,,
BAU,0,CARBONATE_CERAMICS,CARBONATE_CERAMICS,,2018,,,,,,0.0593,,,,,,,,,,,,,,,,,,,,,,,,,,,,,,,,
BAU,0,CARBONATE_CERAMICS,CARBONATE_CERAMICS,,2019,,,,,,0.0066,,,,,,,,,,,,,,,,,,,,,,,,,,,,,,,,
BAU,0,CARBONATE_CERAMICS,CARBONATE_CERAMICS,,2020,,,,,,0.0205,,,,,,,,,,,,,,,,,,,,,,,,,,,,,,,,
BAU,0,CARBONATE_CERAMICS,CARBONATE_CERAMICS,,2021,,,,,,0.0248,,,,,,,,,,,,,,,,,,,,,,,,,,,,,,,,
BAU,0,CARBONATE_CERAMICS,CARBONATE_CERAMICS,,2022,,,,,,0.0301,,,,,,,,,,,,,,,,,,,,,,,,,,,,,,,,
BAU,0,CARBONATE_CERAMICS,CARBONATE_CERAMICS,,2023,,,,,,0.0312,,,,,,,,,,,,,,,,,,,,,,,,,,,,,,,,
BAU,0,CARBONATE_CERAMICS,CARBONATE_CERAMICS,,2024,,,,,,0.0324,,,,,,,,,,,,,,,,,,,,,,,,,,,,,,,,
BAU,0,CARBONATE_CERAMICS,CARBONATE_CERAMICS,,2025,,,,,,0.0336,,,,,,,,,,,,,,,,,,,,,,,,,,,,,,,,
BAU,0,CARBONATE_CERAMICS,CARBONATE_CERAMICS,,2026,,,,,,0.0349,,,,,,,,,,,,,,,,,,,,,,,,,,,,,,,,
BAU,0,CARBONATE_CERAMICS,CARBONATE_CERAMICS,,2027,,,,,,0.0362,,,,,,,,,,,,,,,,,,,,,,,,,,,,,,,,
BAU,0,CARBONATE_CERAMICS,CARBONATE_CERAMICS,,2028,,,,,,0.0376,,,,,,,,,,,,,,,,,,,,,,,,,,,,,,,,
BAU,0,CARBONATE_CERAMICS,CARBONATE_CERAMICS,,2029,,,,,,0.039,,,,,,,,,,,,,,,,,,,,,,,,,,,,,,,,
BAU,0,CARBONATE_CERAMICS,CARBONATE_CERAMICS,,2030,,,,,,0.0405,,,,,,,,,,,,,,,,,,,,,,,,,,,,,,,,
BAU,0,CARBONATE_CERAMICS,CARBONATE_CERAMICS,,2031,,,,,,0.0421,,,,,,,,,,,,,,,,,,,,,,,,,,,,,,,,
BAU,0,CARBONATE_CERAMICS,CARBONATE_CERAMICS,,2032,,,,,,0.0437,,,,,,,,,,,,,,,,,,,,,,,,,,,,,,,,
BAU,0,CARBONATE_CERAMICS,CARBONATE_CERAMICS,,2033,,,,,,0.0453,,,,,,,,,,,,,,,,,,,,,,,,,,,,,,,,
BAU,0,CARBONATE_CERAMICS,CARBONATE_CERAMICS,,2034,,,,,,0.047,,,,,,,,,,,,,,,,,,,,,,,,,,,,,,,,
BAU,0,CARBONATE_CERAMICS,CARBONATE_CERAMICS,,2035,,,,,,0.0488,,,,,,,,,,,,,,,,,,,,,,,,,,,,,,,,
BAU,0,CARBONATE_CERAMICS,CARBONATE_CERAMICS,,2036,,,,,,0.0507,,,,,,,,,,,,,,,,,,,,,,,,,,,,,,,,
BAU,0,CARBONATE_CERAMICS,CARBONATE_CERAMICS,,2037,,,,,,0.0526,,,,,,,,,,,,,,,,,,,,,,,,,,,,,,,,
BAU,0,CARBONATE_CERAMICS,CARBONATE_CERAMICS,,2038,,,,,,0.0546,,,,,,,,,,,,,,,,,,,,,,,,,,,,,,,,
BAU,0,CARBONATE_CERAMICS,CARBONATE_CERAMICS,,2039,,,,,,0.0567,,,,,,,,,,,,,,,,,,,,,,,,,,,,,,,,
BAU,0,CARBONATE_CERAMICS,CARBONATE_CERAMICS,,2040,,,,,,0.0588,,,,,,,,,,,,,,,,,,,,,,,,,,,,,,,,
BAU,0,CARBONATE_CERAMICS,CARBONATE_CERAMICS,,2041,,,,,,0.0611,,,,,,,,,,,,,,,,,,,,,,,,,,,,,,,,
BAU,0,CARBONATE_CERAMICS,CARBONATE_CERAMICS,,2042,,,,,,0.0634,,,,,,,,,,,,,,,,,,,,,,,,,,,,,,,,
BAU,0,CARBONATE_CERAMICS,CARBONATE_CERAMICS,,2043,,,,,,0.0658,,,,,,,,,,,,,,,,,,,,,,,,,,,,,,,,
BAU,0,CARBONATE_CERAMICS,CARBONATE_CERAMICS,,2044,,,,,,0.0683,,,,,,,,,,,,,,,,,,,,,,,,,,,,,,,,
BAU,0,CARBONATE_CERAMICS,CARBONATE_CERAMICS,,2045,,,,,,0.0709,,,,,,,,,,,,,,,,,,,,,,,,,,,,,,,,
BAU,0,CARBONATE_CERAMICS,CARBONATE_CERAMICS,,2046,,,,,,0.0736,,,,,,,,,,,,,,,,,,,,,,,,,,,,,,,,
BAU,0,CARBONATE_CERAMICS,CARBONATE_CERAMICS,,2047,,,,,,0.0764,,,,,,,,,,,,,,,,,,,,,,,,,,,,,,,,
BAU,0,CARBONATE_CERAMICS,CARBONATE_CERAMICS,,2048,,,,,,0.0793,,,,,,,,,,,,,,,,,,,,,,,,,,,,,,,,
BAU,0,CARBONATE_CERAMICS,CARBONATE_CERAMICS,,2049,,,,,,0.0823,,,,,,,,,,,,,,,,,,,,,,,,,,,,,,,,
BAU,0,CARBONATE_CERAMICS,CARBONATE_CERAMICS,,2050,,,,,,0.0854,,,,,,,,,,,,,,,,,,,,,,,,,,,,,,,,
BAU,0,CARBONATE_ASH,CARBONATE_ASH,,2018,,,,,,0.0216,,,,,,,,,,,,,,,,,,,,,,,,,,,,,,,,
BAU,0,CARBONATE_ASH,CARBONATE_ASH,,2019,,,,,,0.0308,,,,,,,,,,,,,,,,,,,,,,,,,,,,,,,,
BAU,0,CARBONATE_ASH,CARBONATE_ASH,,2020,,,,,,0.0288,,,,,,,,,,,,,,,,,,,,,,,,,,,,,,,,
BAU,0,CARBONATE_ASH,CARBONATE_ASH,,2021,,,,,,0.0356,,,,,,,,,,,,,,,,,,,,,,,,,,,,,,,,
BAU,0,CARBONATE_ASH,CARBONATE_ASH,,2022,,,,,,0.0367,,,,,,,,,,,,,,,,,,,,,,,,,,,,,,,,
BAU,0,CARBONATE_ASH,CARBONATE_ASH,,2023,,,,,,0.0381,,,,,,,,,,,,,,,,,,,,,,,,,,,,,,,,
BAU,0,CARBONATE_ASH,CARBONATE_ASH,,2024,,,,,,0.0396,,,,,,,,,,,,,,,,,,,,,,,,,,,,,,,,
BAU,0,CARBONATE_ASH,CARBONATE_ASH,,2025,,,,,,0.0411,,,,,,,,,,,,,,,,,,,,,,,,,,,,,,,,
BAU,0,CARBONATE_ASH,CARBONATE_ASH,,2026,,,,,,0.0426,,,,,,,,,,,,,,,,,,,,,,,,,,,,,,,,
BAU,0,CARBONATE_ASH,CARBONATE_ASH,,2027,,,,,,0.0443,,,,,,,,,,,,,,,,,,,,,,,,,,,,,,,,
BAU,0,CARBONATE_ASH,CARBONATE_ASH,,2028,,,,,,0.0459,,,,,,,,,,,,,,,,,,,,,,,,,,,,,,,,
BAU,0,CARBONATE_ASH,CARBONATE_ASH,,2029,,,,,,0.0477,,,,,,,,,,,,,,,,,,,,,,,,,,,,,,,,
BAU,0,CARBONATE_ASH,CARBONATE_ASH,,2030,,,,,,0.0495,,,,,,,,,,,,,,,,,,,,,,,,,,,,,,,,
BAU,0,CARBONATE_ASH,CARBONATE_ASH,,2031,,,,,,0.0514,,,,,,,,,,,,,,,,,,,,,,,,,,,,,,,,
BAU,0,CARBONATE_ASH,CARBONATE_ASH,,2032,,,,,,0.0533,,,,,,,,,,,,,,,,,,,,,,,,,,,,,,,,
BAU,0,CARBONATE_ASH,CARBONATE_ASH,,2033,,,,,,0.0554,,,,,,,,,,,,,,,,,,,,,,,,,,,,,,,,
BAU,0,CARBONATE_ASH,CARBONATE_ASH,,2034,,,,,,0.0575,,,,,,,,,,,,,,,,,,,,,,,,,,,,,,,,
BAU,0,CARBONATE_ASH,CARBONATE_ASH,,2035,,,,,,0.0596,,,,,,,,,,,,,,,,,,,,,,,,,,,,,,,,
BAU,0,CARBONATE_ASH,CARBONATE_ASH,,2036,,,,,,0.0619,,,,,,,,,,,,,,,,,,,,,,,,,,,,,,,,
BAU,0,CARBONATE_ASH,CARBONATE_ASH,,2037,,,,,,0.0643,,,,,,,,,,,,,,,,,,,,,,,,,,,,,,,,
BAU,0,CARBONATE_ASH,CARBONATE_ASH,,2038,,,,,,0.0667,,,,,,,,,,,,,,,,,,,,,,,,,,,,,,,,
BAU,0,CARBONATE_ASH,CARBONATE_ASH,,2039,,,,,,0.0692,,,,,,,,,,,,,,,,,,,,,,,,,,,,,,,,
BAU,0,CARBONATE_ASH,CARBONATE_ASH,,2040,,,,,,0.0719,,,,,,,,,,,,,,,,,,,,,,,,,,,,,,,,
BAU,0,CARBONATE_ASH,CARBONATE_ASH,,2041,,,,,,0.0746,,,,,,,,,,,,,,,,,,,,,,,,,,,,,,,,
BAU,0,CARBONATE_ASH,CARBONATE_ASH,,2042,,,,,,0.0774,,,,,,,,,,,,,,,,,,,,,,,,,,,,,,,,
BAU,0,CARBONATE_ASH,CARBONATE_ASH,,2043,,,,,,0.0804,,,,,,,,,,,,,,,,,,,,,,,,,,,,,,,,
BAU,0,CARBONATE_ASH,CARBONATE_ASH,,2044,,,,,,0.0834,,,,,,,,,,,,,,,,,,,,,,,,,,,,,,,,
BAU,0,CARBONATE_ASH,CARBONATE_ASH,,2045,,,,,,0.0866,,,,,,,,,,,,,,,,,,,,,,,,,,,,,,,,
BAU,0,CARBONATE_ASH,CARBONATE_ASH,,2046,,,,,,0.0899,,,,,,,,,,,,,,,,,,,,,,,,,,,,,,,,
BAU,0,CARBONATE_ASH,CARBONATE_ASH,,2047,,,,,,0.0933,,,,,,,,,,,,,,,,,,,,,,,,,,,,,,,,
BAU,0,CARBONATE_ASH,CARBONATE_ASH,,2048,,,,,,0.0968,,,,,,,,,,,,,,,,,,,,,,,,,,,,,,,,
BAU,0,CARBONATE_ASH,CARBONATE_ASH,,2049,,,,,,0.1005,,,,,,,,,,,,,,,,,,,,,,,,,,,,,,,,
BAU,0,CARBONATE_ASH,CARBONATE_ASH,,2050,,,,,,0.1043,,,,,,,,,,,,,,,,,,,,,,,,,,,,,,,,
BAU,0,IRON_STEEL,IRON_STEEL,,2018,,,,,,0.2812,,,,,,,,,,,,,,,,,,,,,,,,,,,,,,,,
BAU,0,IRON_STEEL,IRON_STEEL,,2019,,,,,,0.294,,,,,,,,,,,,,,,,,,,,,,,,,,,,,,,,
BAU,0,IRON_STEEL,IRON_STEEL,,2020,,,,,,0.3069,,,,,,,,,,,,,,,,,,,,,,,,,,,,,,,,
BAU,0,IRON_STEEL,IRON_STEEL,,2021,,,,,,0.2711,,,,,,,,,,,,,,,,,,,,,,,,,,,,,,,,
BAU,0,IRON_STEEL,IRON_STEEL,,2022,,,,,,0.1335,,,,,,,,,,,,,,,,,,,,,,,,,,,,,,,,
BAU,0,IRON_STEEL,IRON_STEEL,,2023,,,,,,0.1386,,,,,,,,,,,,,,,,,,,,,,,,,,,,,,,,
BAU,0,IRON_STEEL,IRON_STEEL,,2024,,,,,,0.1438,,,,,,,,,,,,,,,,,,,,,,,,,,,,,,,,
BAU,0,IRON_STEEL,IRON_STEEL,,2025,,,,,,0.1493,,,,,,,,,,,,,,,,,,,,,,,,,,,,,,,,
BAU,0,IRON_STEEL,IRON_STEEL,,2026,,,,,,0.155,,,,,,,,,,,,,,,,,,,,,,,,,,,,,,,,
BAU,0,IRON_STEEL,IRON_STEEL,,2027,,,,,,0.1609,,,,,,,,,,,,,,,,,,,,,,,,,,,,,,,,
BAU,0,IRON_STEEL,IRON_STEEL,,2028,,,,,,0.167,,,,,,,,,,,,,,,,,,,,,,,,,,,,,,,,
BAU,0,IRON_STEEL,IRON_STEEL,,2029,,,,,,0.1733,,,,,,,,,,,,,,,,,,,,,,,,,,,,,,,,
BAU,0,IRON_STEEL,IRON_STEEL,,2030,,,,,,0.1799,,,,,,,,,,,,,,,,,,,,,,,,,,,,,,,,
BAU,0,IRON_STEEL,IRON_STEEL,,2031,,,,,,0.1867,,,,,,,,,,,,,,,,,,,,,,,,,,,,,,,,
BAU,0,IRON_STEEL,IRON_STEEL,,2032,,,,,,0.1938,,,,,,,,,,,,,,,,,,,,,,,,,,,,,,,,
BAU,0,IRON_STEEL,IRON_STEEL,,2033,,,,,,0.2012,,,,,,,,,,,,,,,,,,,,,,,,,,,,,,,,
BAU,0,IRON_STEEL,IRON_STEEL,,2034,,,,,,0.2089,,,,,,,,,,,,,,,,,,,,,,,,,,,,,,,,
BAU,0,IRON_STEEL,IRON_STEEL,,2035,,,,,,0.2168,,,,,,,,,,,,,,,,,,,,,,,,,,,,,,,,
BAU,0,IRON_STEEL,IRON_STEEL,,2036,,,,,,0.225,,,,,,,,,,,,,,,,,,,,,,,,,,,,,,,,
BAU,0,IRON_STEEL,IRON_STEEL,,2037,,,,,,0.2336,,,,,,,,,,,,,,,,,,,,,,,,,,,,,,,,
BAU,0,IRON_STEEL,IRON_STEEL,,2038,,,,,,0.2425,,,,,,,,,,,,,,,,,,,,,,,,,,,,,,,,
BAU,0,IRON_STEEL,IRON_STEEL,,2039,,,,,,0.2517,,,,,,,,,,,,,,,,,,,,,,,,,,,,,,,,
BAU,0,IRON_STEEL,IRON_STEEL,,2040,,,,,,0.2612,,,,,,,,,,,,,,,,,,,,,,,,,,,,,,,,
BAU,0,IRON_STEEL,IRON_STEEL,,2041,,,,,,0.2712,,,,,,,,,,,,,,,,,,,,,,,,,,,,,,,,
BAU,0,IRON_STEEL,IRON_STEEL,,2042,,,,,,0.2815,,,,,,,,,,,,,,,,,,,,,,,,,,,,,,,,
BAU,0,IRON_STEEL,IRON_STEEL,,2043,,,,,,0.2922,,,,,,,,,,,,,,,,,,,,,,,,,,,,,,,,
BAU,0,IRON_STEEL,IRON_STEEL,,2044,,,,,,0.3033,,,,,,,,,,,,,,,,,,,,,,,,,,,,,,,,
BAU,0,IRON_STEEL,IRON_STEEL,,2045,,,,,,0.3148,,,,,,,,,,,,,,,,,,,,,,,,,,,,,,,,
BAU,0,IRON_STEEL,IRON_STEEL,,2046,,,,,,0.3268,,,,,,,,,,,,,,,,,,,,,,,,,,,,,,,,
BAU,0,IRON_STEEL,IRON_STEEL,,2047,,,,,,0.3392,,,,,,,,,,,,,,,,,,,,,,,,,,,,,,,,
BAU,0,IRON_STEEL,IRON_STEEL,,2048,,,,,,0.3521,,,,,,,,,,,,,,,,,,,,,,,,,,,,,,,,
BAU,0,IRON_STEEL,IRON_STEEL,,2049,,,,,,0.3654,,,,,,,,,,,,,,,,,,,,,,,,,,,,,,,,
BAU,0,IRON_STEEL,IRON_STEEL,,2050,,,,,,0.3793,,,,,,,,,,,,,,,,,,,,,,,,,,,,,,,,
BAU,0,PROD_FERRO,PROD_FERRO,,2018,,,,,,0.3735,,,,,,,,,,,,,,,,,,,,,,,,,,,,,,,,
BAU,0,PROD_FERRO,PROD_FERRO,,2019,,,,,,0.4729,,,,,,,,,,,,,,,,,,,,,,,,,,,,,,,,
BAU,0,PROD_FERRO,PROD_FERRO,,2020,,,,,,0.5724,,,,,,,,,,,,,,,,,,,,,,,,,,,,,,,,
BAU,0,PROD_FERRO,PROD_FERRO,,2021,,,,,,0.0605,,,,,,,,,,,,,,,,,,,,,,,,,,,,,,,,
BAU,0,PROD_FERRO,PROD_FERRO,,2022,,,,,,0.0279,,,,,,,,,,,,,,,,,,,,,,,,,,,,,,,,
BAU,0,PROD_FERRO,PROD_FERRO,,2023,,,,,,0.029,,,,,,,,,,,,,,,,,,,,,,,,,,,,,,,,
BAU,0,PROD_FERRO,PROD_FERRO,,2024,,,,,,0.0301,,,,,,,,,,,,,,,,,,,,,,,,,,,,,,,,
BAU,0,PROD_FERRO,PROD_FERRO,,2025,,,,,,0.0312,,,,,,,,,,,,,,,,,,,,,,,,,,,,,,,,
BAU,0,PROD_FERRO,PROD_FERRO,,2026,,,,,,0.0324,,,,,,,,,,,,,,,,,,,,,,,,,,,,,,,,
BAU,0,PROD_FERRO,PROD_FERRO,,2027,,,,,,0.0336,,,,,,,,,,,,,,,,,,,,,,,,,,,,,,,,
BAU,0,PROD_FERRO,PROD_FERRO,,2028,,,,,,0.0349,,,,,,,,,,,,,,,,,,,,,,,,,,,,,,,,
BAU,0,PROD_FERRO,PROD_FERRO,,2029,,,,,,0.0363,,,,,,,,,,,,,,,,,,,,,,,,,,,,,,,,
BAU,0,PROD_FERRO,PROD_FERRO,,2030,,,,,,0.0376,,,,,,,,,,,,,,,,,,,,,,,,,,,,,,,,
BAU,0,PROD_FERRO,PROD_FERRO,,2031,,,,,,0.0391,,,,,,,,,,,,,,,,,,,,,,,,,,,,,,,,
BAU,0,PROD_FERRO,PROD_FERRO,,2032,,,,,,0.0405,,,,,,,,,,,,,,,,,,,,,,,,,,,,,,,,
BAU,0,PROD_FERRO,PROD_FERRO,,2033,,,,,,0.0421,,,,,,,,,,,,,,,,,,,,,,,,,,,,,,,,
BAU,0,PROD_FERRO,PROD_FERRO,,2034,,,,,,0.0437,,,,,,,,,,,,,,,,,,,,,,,,,,,,,,,,
BAU,0,PROD_FERRO,PROD_FERRO,,2035,,,,,,0.0453,,,,,,,,,,,,,,,,,,,,,,,,,,,,,,,,
BAU,0,PROD_FERRO,PROD_FERRO,,2036,,,,,,0.0471,,,,,,,,,,,,,,,,,,,,,,,,,,,,,,,,
BAU,0,PROD_FERRO,PROD_FERRO,,2037,,,,,,0.0489,,,,,,,,,,,,,,,,,,,,,,,,,,,,,,,,
BAU,0,PROD_FERRO,PROD_FERRO,,2038,,,,,,0.0507,,,,,,,,,,,,,,,,,,,,,,,,,,,,,,,,
BAU,0,PROD_FERRO,PROD_FERRO,,2039,,,,,,0.0526,,,,,,,,,,,,,,,,,,,,,,,,,,,,,,,,
BAU,0,PROD_FERRO,PROD_FERRO,,2040,,,,,,0.0546,,,,,,,,,,,,,,,,,,,,,,,,,,,,,,,,
BAU,0,PROD_FERRO,PROD_FERRO,,2041,,,,,,0.0567,,,,,,,,,,,,,,,,,,,,,,,,,,,,,,,,
BAU,0,PROD_FERRO,PROD_FERRO,,2042,,,,,,0.0589,,,,,,,,,,,,,,,,,,,,,,,,,,,,,,,,
BAU,0,PROD_FERRO,PROD_FERRO,,2043,,,,,,0.0611,,,,,,,,,,,,,,,,,,,,,,,,,,,,,,,,
BAU,0,PROD_FERRO,PROD_FERRO,,2044,,,,,,0.0634,,,,,,,,,,,,,,,,,,,,,,,,,,,,,,,,
BAU,0,PROD_FERRO,PROD_FERRO,,2045,,,,,,0.0658,,,,,,,,,,,,,,,,,,,,,,,,,,,,,,,,
BAU,0,PROD_FERRO,PROD_FERRO,,2046,,,,,,0.0683,,,,,,,,,,,,,,,,,,,,,,,,,,,,,,,,
BAU,0,PROD_FERRO,PROD_FERRO,,2047,,,,,,0.0709,,,,,,,,,,,,,,,,,,,,,,,,,,,,,,,,
BAU,0,PROD_FERRO,PROD_FERRO,,2048,,,,,,0.0736,,,,,,,,,,,,,,,,,,,,,,,,,,,,,,,,
BAU,0,PROD_FERRO,PROD_FERRO,,2049,,,,,,0.0764,,,,,,,,,,,,,,,,,,,,,,,,,,,,,,,,
BAU,0,PROD_FERRO,PROD_FERRO,,2050,,,,,,0.0793,,,,,,,,,,,,,,,,,,,,,,,,,,,,,,,,
BAU,0,LUBRI_OILS,LUBRI_OILS,,2018,,,,,,0.0442,,,,,,,,,,,,,,,,,,,,,,,,,,,,,,,,
BAU,0,LUBRI_OILS,LUBRI_OILS,,2019,,,,,,0.0084,,,,,,,,,,,,,,,,,,,,,,,,,,,,,,,,
BAU,0,LUBRI_OILS,LUBRI_OILS,,2020,,,,,,0.0084,,,,,,,,,,,,,,,,,,,,,,,,,,,,,,,,
BAU,0,LUBRI_OILS,LUBRI_OILS,,2021,,,,,,0.0598,,,,,,,,,,,,,,,,,,,,,,,,,,,,,,,,
BAU,0,LUBRI_OILS,LUBRI_OILS,,2022,,,,,,0.0598,,,,,,,,,,,,,,,,,,,,,,,,,,,,,,,,
BAU,0,LUBRI_OILS,LUBRI_OILS,,2023,,,,,,0.062,,,,,,,,,,,,,,,,,,,,,,,,,,,,,,,,
BAU,0,LUBRI_OILS,LUBRI_OILS,,2024,,,,,,0.0644,,,,,,,,,,,,,,,,,,,,,,,,,,,,,,,,
BAU,0,LUBRI_OILS,LUBRI_OILS,,2025,,,,,,0.0668,,,,,,,,,,,,,,,,,,,,,,,,,,,,,,,,
BAU,0,LUBRI_OILS,LUBRI_OILS,,2026,,,,,,0.0694,,,,,,,,,,,,,,,,,,,,,,,,,,,,,,,,
BAU,0,LUBRI_OILS,LUBRI_OILS,,2027,,,,,,0.072,,,,,,,,,,,,,,,,,,,,,,,,,,,,,,,,
BAU,0,LUBRI_OILS,LUBRI_OILS,,2028,,,,,,0.0747,,,,,,,,,,,,,,,,,,,,,,,,,,,,,,,,
BAU,0,LUBRI_OILS,LUBRI_OILS,,2029,,,,,,0.0776,,,,,,,,,,,,,,,,,,,,,,,,,,,,,,,,
BAU,0,LUBRI_OILS,LUBRI_OILS,,2030,,,,,,0.0805,,,,,,,,,,,,,,,,,,,,,,,,,,,,,,,,
BAU,0,LUBRI_OILS,LUBRI_OILS,,2031,,,,,,0.0836,,,,,,,,,,,,,,,,,,,,,,,,,,,,,,,,
BAU,0,LUBRI_OILS,LUBRI_OILS,,2032,,,,,,0.0868,,,,,,,,,,,,,,,,,,,,,,,,,,,,,,,,
BAU,0,LUBRI_OILS,LUBRI_OILS,,2033,,,,,,0.0901,,,,,,,,,,,,,,,,,,,,,,,,,,,,,,,,
BAU,0,LUBRI_OILS,LUBRI_OILS,,2034,,,,,,0.0935,,,,,,,,,,,,,,,,,,,,,,,,,,,,,,,,
BAU,0,LUBRI_OILS,LUBRI_OILS,,2035,,,,,,0.097,,,,,,,,,,,,,,,,,,,,,,,,,,,,,,,,
BAU,0,LUBRI_OILS,LUBRI_OILS,,2036,,,,,,0.1007,,,,,,,,,,,,,,,,,,,,,,,,,,,,,,,,
BAU,0,LUBRI_OILS,LUBRI_OILS,,2037,,,,,,0.1045,,,,,,,,,,,,,,,,,,,,,,,,,,,,,,,,
BAU,0,LUBRI_OILS,LUBRI_OILS,,2038,,,,,,0.1085,,,,,,,,,,,,,,,,,,,,,,,,,,,,,,,,
BAU,0,LUBRI_OILS,LUBRI_OILS,,2039,,,,,,0.1126,,,,,,,,,,,,,,,,,,,,,,,,,,,,,,,,
BAU,0,LUBRI_OILS,LUBRI_OILS,,2040,,,,,,0.1169,,,,,,,,,,,,,,,,,,,,,,,,,,,,,,,,
BAU,0,LUBRI_OILS,LUBRI_OILS,,2041,,,,,,0.1214,,,,,,,,,,,,,,,,,,,,,,,,,,,,,,,,
BAU,0,LUBRI_OILS,LUBRI_OILS,,2042,,,,,,0.126,,,,,,,,,,,,,,,,,,,,,,,,,,,,,,,,
BAU,0,LUBRI_OILS,LUBRI_OILS,,2043,,,,,,0.1308,,,,,,,,,,,,,,,,,,,,,,,,,,,,,,,,
BAU,0,LUBRI_OILS,LUBRI_OILS,,2044,,,,,,0.1357,,,,,,,,,,,,,,,,,,,,,,,,,,,,,,,,
BAU,0,LUBRI_OILS,LUBRI_OILS,,2045,,,,,,0.1409,,,,,,,,,,,,,,,,,,,,,,,,,,,,,,,,
BAU,0,LUBRI_OILS,LUBRI_OILS,,2046,,,,,,0.1462,,,,,,,,,,,,,,,,,,,,,,,,,,,,,,,,
BAU,0,LUBRI_OILS,LUBRI_OILS,,2047,,,,,,0.1518,,,,,,,,,,,,,,,,,,,,,,,,,,,,,,,,
BAU,0,LUBRI_OILS,LUBRI_OILS,,2048,,,,,,0.1576,,,,,,,,,,,,,,,,,,,,,,,,,,,,,,,,
BAU,0,LUBRI_OILS,LUBRI_OILS,,2049,,,,,,0.1636,,,,,,,,,,,,,,,,,,,,,,,,,,,,,,,,
BAU,0,LUBRI_OILS,LUBRI_OILS,,2050,,,,,,0.1698,,,,,,,,,,,,,,,,,,,,,,,,,,,,,,,,
BAU,0,PARAFFIN,PARAFFIN,,2018,,,,,,0.0092,,,,,,,,,,,,,,,,,,,,,,,,,,,,,,,,
BAU,0,PARAFFIN,PARAFFIN,,2019,,,,,,0.0019,,,,,,,,,,,,,,,,,,,,,,,,,,,,,,,,
BAU,0,PARAFFIN,PARAFFIN,,2020,,,,,,0.0031,,,,,,,,,,,,,,,,,,,,,,,,,,,,,,,,
BAU,0,PARAFFIN,PARAFFIN,,2021,,,,,,0.0165,,,,,,,,,,,,,,,,,,,,,,,,,,,,,,,,
BAU,0,PARAFFIN,PARAFFIN,,2022,,,,,,0.0167,,,,,,,,,,,,,,,,,,,,,,,,,,,,,,,,
BAU,0,PARAFFIN,PARAFFIN,,2023,,,,,,0.0173,,,,,,,,,,,,,,,,,,,,,,,,,,,,,,,,
BAU,0,PARAFFIN,PARAFFIN,,2024,,,,,,0.018,,,,,,,,,,,,,,,,,,,,,,,,,,,,,,,,
BAU,0,PARAFFIN,PARAFFIN,,2025,,,,,,0.0186,,,,,,,,,,,,,,,,,,,,,,,,,,,,,,,,
BAU,0,PARAFFIN,PARAFFIN,,2026,,,,,,0.0194,,,,,,,,,,,,,,,,,,,,,,,,,,,,,,,,
BAU,0,PARAFFIN,PARAFFIN,,2027,,,,,,0.0201,,,,,,,,,,,,,,,,,,,,,,,,,,,,,,,,
BAU,0,PARAFFIN,PARAFFIN,,2028,,,,,,0.0209,,,,,,,,,,,,,,,,,,,,,,,,,,,,,,,,
BAU,0,PARAFFIN,PARAFFIN,,2029,,,,,,0.0216,,,,,,,,,,,,,,,,,,,,,,,,,,,,,,,,
BAU,0,PARAFFIN,PARAFFIN,,2030,,,,,,0.0225,,,,,,,,,,,,,,,,,,,,,,,,,,,,,,,,
BAU,0,PARAFFIN,PARAFFIN,,2031,,,,,,0.0233,,,,,,,,,,,,,,,,,,,,,,,,,,,,,,,,
BAU,0,PARAFFIN,PARAFFIN,,2032,,,,,,0.0242,,,,,,,,,,,,,,,,,,,,,,,,,,,,,,,,
BAU,0,PARAFFIN,PARAFFIN,,2033,,,,,,0.0251,,,,,,,,,,,,,,,,,,,,,,,,,,,,,,,,
BAU,0,PARAFFIN,PARAFFIN,,2034,,,,,,0.0261,,,,,,,,,,,,,,,,,,,,,,,,,,,,,,,,
BAU,0,PARAFFIN,PARAFFIN,,2035,,,,,,0.0271,,,,,,,,,,,,,,,,,,,,,,,,,,,,,,,,
BAU,0,PARAFFIN,PARAFFIN,,2036,,,,,,0.0281,,,,,,,,,,,,,,,,,,,,,,,,,,,,,,,,
BAU,0,PARAFFIN,PARAFFIN,,2037,,,,,,0.0292,,,,,,,,,,,,,,,,,,,,,,,,,,,,,,,,
BAU,0,PARAFFIN,PARAFFIN,,2038,,,,,,0.0303,,,,,,,,,,,,,,,,,,,,,,,,,,,,,,,,
BAU,0,PARAFFIN,PARAFFIN,,2039,,,,,,0.0314,,,,,,,,,,,,,,,,,,,,,,,,,,,,,,,,
BAU,0,PARAFFIN,PARAFFIN,,2040,,,,,,0.0326,,,,,,,,,,,,,,,,,,,,,,,,,,,,,,,,
BAU,0,PARAFFIN,PARAFFIN,,2041,,,,,,0.0339,,,,,,,,,,,,,,,,,,,,,,,,,,,,,,,,
BAU,0,PARAFFIN,PARAFFIN,,2042,,,,,,0.0351,,,,,,,,,,,,,,,,,,,,,,,,,,,,,,,,
BAU,0,PARAFFIN,PARAFFIN,,2043,,,,,,0.0365,,,,,,,,,,,,,,,,,,,,,,,,,,,,,,,,
BAU,0,PARAFFIN,PARAFFIN,,2044,,,,,,0.0379,,,,,,,,,,,,,,,,,,,,,,,,,,,,,,,,
BAU,0,PARAFFIN,PARAFFIN,,2045,,,,,,0.0393,,,,,,,,,,,,,,,,,,,,,,,,,,,,,,,,
BAU,0,PARAFFIN,PARAFFIN,,2046,,,,,,0.0408,,,,,,,,,,,,,,,,,,,,,,,,,,,,,,,,
BAU,0,PARAFFIN,PARAFFIN,,2047,,,,,,0.0424,,,,,,,,,,,,,,,,,,,,,,,,,,,,,,,,
BAU,0,PARAFFIN,PARAFFIN,,2048,,,,,,0.044,,,,,,,,,,,,,,,,,,,,,,,,,,,,,,,,
BAU,0,PARAFFIN,PARAFFIN,,2049,,,,,,0.0456,,,,,,,,,,,,,,,,,,,,,,,,,,,,,,,,
BAU,0,PARAFFIN,PARAFFIN,,2050,,,,,,0.0474,,,,,,,,,,,,,,,,,,,,,,,,,,,,,,,,
BAU,0,REFR_AC_HFC32,REFR_AC_HFC32,,2018,,,,,,0.0165,,,,,,,,,,,,,,,,,,,,,,,,,,,,,,,,
BAU,0,REFR_AC_HFC32,REFR_AC_HFC32,,2019,,,,,,0.0285,,,,,,,,,,,,,,,,,,,,,,,,,,,,,,,,
BAU,0,REFR_AC_HFC32,REFR_AC_HFC32,,2020,,,,,,0.0349,,,,,,,,,,,,,,,,,,,,,,,,,,,,,,,,
BAU,0,REFR_AC_HFC32,REFR_AC_HFC32,,2021,,,,,,0.0394,,,,,,,,,,,,,,,,,,,,,,,,,,,,,,,,
BAU,0,REFR_AC_HFC32,REFR_AC_HFC32,,2022,,,,,,0.0519,,,,,,,,,,,,,,,,,,,,,,,,,,,,,,,,
BAU,0,REFR_AC_HFC32,REFR_AC_HFC32,,2023,,,,,,0.0532,,,,,,,,,,,,,,,,,,,,,,,,,,,,,,,,
BAU,0,REFR_AC_HFC32,REFR_AC_HFC32,,2024,,,,,,0.0545,,,,,,,,,,,,,,,,,,,,,,,,,,,,,,,,
BAU,0,REFR_AC_HFC32,REFR_AC_HFC32,,2025,,,,,,0.0559,,,,,,,,,,,,,,,,,,,,,,,,,,,,,,,,
BAU,0,REFR_AC_HFC32,REFR_AC_HFC32,,2026,,,,,,0.0573,,,,,,,,,,,,,,,,,,,,,,,,,,,,,,,,
BAU,0,REFR_AC_HFC32,REFR_AC_HFC32,,2027,,,,,,0.0587,,,,,,,,,,,,,,,,,,,,,,,,,,,,,,,,
BAU,0,REFR_AC_HFC32,REFR_AC_HFC32,,2028,,,,,,0.0602,,,,,,,,,,,,,,,,,,,,,,,,,,,,,,,,
BAU,0,REFR_AC_HFC32,REFR_AC_HFC32,,2029,,,,,,0.0617,,,,,,,,,,,,,,,,,,,,,,,,,,,,,,,,
BAU,0,REFR_AC_HFC32,REFR_AC_HFC32,,2030,,,,,,0.0633,,,,,,,,,,,,,,,,,,,,,,,,,,,,,,,,
BAU,0,REFR_AC_HFC32,REFR_AC_HFC32,,2031,,,,,,0.0648,,,,,,,,,,,,,,,,,,,,,,,,,,,,,,,,
BAU,0,REFR_AC_HFC32,REFR_AC_HFC32,,2032,,,,,,0.0665,,,,,,,,,,,,,,,,,,,,,,,,,,,,,,,,
BAU,0,REFR_AC_HFC32,REFR_AC_HFC32,,2033,,,,,,0.0681,,,,,,,,,,,,,,,,,,,,,,,,,,,,,,,,
BAU,0,REFR_AC_HFC32,REFR_AC_HFC32,,2034,,,,,,0.0698,,,,,,,,,,,,,,,,,,,,,,,,,,,,,,,,
BAU,0,REFR_AC_HFC32,REFR_AC_HFC32,,2035,,,,,,0.0716,,,,,,,,,,,,,,,,,,,,,,,,,,,,,,,,
BAU,0,REFR_AC_HFC32,REFR_AC_HFC32,,2036,,,,,,0.0734,,,,,,,,,,,,,,,,,,,,,,,,,,,,,,,,
BAU,0,REFR_AC_HFC32,REFR_AC_HFC32,,2037,,,,,,0.0752,,,,,,,,,,,,,,,,,,,,,,,,,,,,,,,,
BAU,0,REFR_AC_HFC32,REFR_AC_HFC32,,2038,,,,,,0.0771,,,,,,,,,,,,,,,,,,,,,,,,,,,,,,,,
BAU,0,REFR_AC_HFC32,REFR_AC_HFC32,,2039,,,,,,0.079,,,,,,,,,,,,,,,,,,,,,,,,,,,,,,,,
BAU,0,REFR_AC_HFC32,REFR_AC_HFC32,,2040,,,,,,0.081,,,,,,,,,,,,,,,,,,,,,,,,,,,,,,,,
BAU,0,REFR_AC_HFC32,REFR_AC_HFC32,,2041,,,,,,0.083,,,,,,,,,,,,,,,,,,,,,,,,,,,,,,,,
BAU,0,REFR_AC_HFC32,REFR_AC_HFC32,,2042,,,,,,0.0851,,,,,,,,,,,,,,,,,,,,,,,,,,,,,,,,
BAU,0,REFR_AC_HFC32,REFR_AC_HFC32,,2043,,,,,,0.0872,,,,,,,,,,,,,,,,,,,,,,,,,,,,,,,,
BAU,0,REFR_AC_HFC32,REFR_AC_HFC32,,2044,,,,,,0.0894,,,,,,,,,,,,,,,,,,,,,,,,,,,,,,,,
BAU,0,REFR_AC_HFC32,REFR_AC_HFC32,,2045,,,,,,0.0916,,,,,,,,,,,,,,,,,,,,,,,,,,,,,,,,
BAU,0,REFR_AC_HFC32,REFR_AC_HFC32,,2046,,,,,,0.0939,,,,,,,,,,,,,,,,,,,,,,,,,,,,,,,,
BAU,0,REFR_AC_HFC32,REFR_AC_HFC32,,2047,,,,,,0.0963,,,,,,,,,,,,,,,,,,,,,,,,,,,,,,,,
BAU,0,REFR_AC_HFC32,REFR_AC_HFC32,,2048,,,,,,0.0987,,,,,,,,,,,,,,,,,,,,,,,,,,,,,,,,
BAU,0,REFR_AC_HFC32,REFR_AC_HFC32,,2049,,,,,,0.1011,,,,,,,,,,,,,,,,,,,,,,,,,,,,,,,,
BAU,0,REFR_AC_HFC32,REFR_AC_HFC32,,2050,,,,,,0.1037,,,,,,,,,,,,,,,,,,,,,,,,,,,,,,,,
BAU,0,REFR_AC_HFC125,REFR_AC_HFC125,,2018,,,,,,0.0175,,,,,,,,,,,,,,,,,,,,,,,,,,,,,,,,
BAU,0,REFR_AC_HFC125,REFR_AC_HFC125,,2019,,,,,,0.0238,,,,,,,,,,,,,,,,,,,,,,,,,,,,,,,,
BAU,0,REFR_AC_HFC125,REFR_AC_HFC125,,2020,,,,,,0.0291,,,,,,,,,,,,,,,,,,,,,,,,,,,,,,,,
BAU,0,REFR_AC_HFC125,REFR_AC_HFC125,,2021,,,,,,0.0321,,,,,,,,,,,,,,,,,,,,,,,,,,,,,,,,
BAU,0,REFR_AC_HFC125,REFR_AC_HFC125,,2022,,,,,,0.0429,,,,,,,,,,,,,,,,,,,,,,,,,,,,,,,,
BAU,0,REFR_AC_HFC125,REFR_AC_HFC125,,2023,,,,,,0.044,,,,,,,,,,,,,,,,,,,,,,,,,,,,,,,,
BAU,0,REFR_AC_HFC125,REFR_AC_HFC125,,2024,,,,,,0.0451,,,,,,,,,,,,,,,,,,,,,,,,,,,,,,,,
BAU,0,REFR_AC_HFC125,REFR_AC_HFC125,,2025,,,,,,0.0462,,,,,,,,,,,,,,,,,,,,,,,,,,,,,,,,
BAU,0,REFR_AC_HFC125,REFR_AC_HFC125,,2026,,,,,,0.0474,,,,,,,,,,,,,,,,,,,,,,,,,,,,,,,,
BAU,0,REFR_AC_HFC125,REFR_AC_HFC125,,2027,,,,,,0.0486,,,,,,,,,,,,,,,,,,,,,,,,,,,,,,,,
BAU,0,REFR_AC_HFC125,REFR_AC_HFC125,,2028,,,,,,0.0498,,,,,,,,,,,,,,,,,,,,,,,,,,,,,,,,
BAU,0,REFR_AC_HFC125,REFR_AC_HFC125,,2029,,,,,,0.051,,,,,,,,,,,,,,,,,,,,,,,,,,,,,,,,
BAU,0,REFR_AC_HFC125,REFR_AC_HFC125,,2030,,,,,,0.0523,,,,,,,,,,,,,,,,,,,,,,,,,,,,,,,,
BAU,0,REFR_AC_HFC125,REFR_AC_HFC125,,2031,,,,,,0.0536,,,,,,,,,,,,,,,,,,,,,,,,,,,,,,,,
BAU,0,REFR_AC_HFC125,REFR_AC_HFC125,,2032,,,,,,0.0549,,,,,,,,,,,,,,,,,,,,,,,,,,,,,,,,
BAU,0,REFR_AC_HFC125,REFR_AC_HFC125,,2033,,,,,,0.0563,,,,,,,,,,,,,,,,,,,,,,,,,,,,,,,,
BAU,0,REFR_AC_HFC125,REFR_AC_HFC125,,2034,,,,,,0.0577,,,,,,,,,,,,,,,,,,,,,,,,,,,,,,,,
BAU,0,REFR_AC_HFC125,REFR_AC_HFC125,,2035,,,,,,0.0592,,,,,,,,,,,,,,,,,,,,,,,,,,,,,,,,
BAU,0,REFR_AC_HFC125,REFR_AC_HFC125,,2036,,,,,,0.0606,,,,,,,,,,,,,,,,,,,,,,,,,,,,,,,,
BAU,0,REFR_AC_HFC125,REFR_AC_HFC125,,2037,,,,,,0.0622,,,,,,,,,,,,,,,,,,,,,,,,,,,,,,,,
BAU,0,REFR_AC_HFC125,REFR_AC_HFC125,,2038,,,,,,0.0637,,,,,,,,,,,,,,,,,,,,,,,,,,,,,,,,
BAU,0,REFR_AC_HFC125,REFR_AC_HFC125,,2039,,,,,,0.0653,,,,,,,,,,,,,,,,,,,,,,,,,,,,,,,,
BAU,0,REFR_AC_HFC125,REFR_AC_HFC125,,2040,,,,,,0.0669,,,,,,,,,,,,,,,,,,,,,,,,,,,,,,,,
BAU,0,REFR_AC_HFC125,REFR_AC_HFC125,,2041,,,,,,0.0686,,,,,,,,,,,,,,,,,,,,,,,,,,,,,,,,
BAU,0,REFR_AC_HFC125,REFR_AC_HFC125,,2042,,,,,,0.0703,,,,,,,,,,,,,,,,,,,,,,,,,,,,,,,,
BAU,0,REFR_AC_HFC125,REFR_AC_HFC125,,2043,,,,,,0.0721,,,,,,,,,,,,,,,,,,,,,,,,,,,,,,,,
BAU,0,REFR_AC_HFC125,REFR_AC_HFC125,,2044,,,,,,0.0739,,,,,,,,,,,,,,,,,,,,,,,,,,,,,,,,
BAU,0,REFR_AC_HFC125,REFR_AC_HFC125,,2045,,,,,,0.0757,,,,,,,,,,,,,,,,,,,,,,,,,,,,,,,,
BAU,0,REFR_AC_HFC125,REFR_AC_HFC125,,2046,,,,,,0.0776,,,,,,,,,,,,,,,,,,,,,,,,,,,,,,,,
BAU,0,REFR_AC_HFC125,REFR_AC_HFC125,,2047,,,,,,0.0796,,,,,,,,,,,,,,,,,,,,,,,,,,,,,,,,
BAU,0,REFR_AC_HFC125,REFR_AC_HFC125,,2048,,,,,,0.0816,,,,,,,,,,,,,,,,,,,,,,,,,,,,,,,,
BAU,0,REFR_AC_HFC125,REFR_AC_HFC125,,2049,,,,,,0.0836,,,,,,,,,,,,,,,,,,,,,,,,,,,,,,,,
BAU,0,REFR_AC_HFC125,REFR_AC_HFC125,,2050,,,,,,0.0857,,,,,,,,,,,,,,,,,,,,,,,,,,,,,,,,
BAU,0,REFR_AC_HFC134a,REFR_AC_HFC134a,,2018,,,,,,0.0209,,,,,,,,,,,,,,,,,,,,,,,,,,,,,,,,
BAU,0,REFR_AC_HFC134a,REFR_AC_HFC134a,,2019,,,,,,0.0222,,,,,,,,,,,,,,,,,,,,,,,,,,,,,,,,
BAU,0,REFR_AC_HFC134a,REFR_AC_HFC134a,,2020,,,,,,0.0649,,,,,,,,,,,,,,,,,,,,,,,,,,,,,,,,
BAU,0,REFR_AC_HFC134a,REFR_AC_HFC134a,,2021,,,,,,0.1002,,,,,,,,,,,,,,,,,,,,,,,,,,,,,,,,
BAU,0,REFR_AC_HFC134a,REFR_AC_HFC134a,,2022,,,,,,0.1397,,,,,,,,,,,,,,,,,,,,,,,,,,,,,,,,
BAU,0,REFR_AC_HFC134a,REFR_AC_HFC134a,,2023,,,,,,0.1432,,,,,,,,,,,,,,,,,,,,,,,,,,,,,,,,
BAU,0,REFR_AC_HFC134a,REFR_AC_HFC134a,,2024,,,,,,0.1468,,,,,,,,,,,,,,,,,,,,,,,,,,,,,,,,
BAU,0,REFR_AC_HFC134a,REFR_AC_HFC134a,,2025,,,,,,0.1505,,,,,,,,,,,,,,,,,,,,,,,,,,,,,,,,
BAU,0,REFR_AC_HFC134a,REFR_AC_HFC134a,,2026,,,,,,0.1542,,,,,,,,,,,,,,,,,,,,,,,,,,,,,,,,
BAU,0,REFR_AC_HFC134a,REFR_AC_HFC134a,,2027,,,,,,0.1581,,,,,,,,,,,,,,,,,,,,,,,,,,,,,,,,
BAU,0,REFR_AC_HFC134a,REFR_AC_HFC134a,,2028,,,,,,0.162,,,,,,,,,,,,,,,,,,,,,,,,,,,,,,,,
BAU,0,REFR_AC_HFC134a,REFR_AC_HFC134a,,2029,,,,,,0.1661,,,,,,,,,,,,,,,,,,,,,,,,,,,,,,,,
BAU,0,REFR_AC_HFC134a,REFR_AC_HFC134a,,2030,,,,,,0.1702,,,,,,,,,,,,,,,,,,,,,,,,,,,,,,,,
BAU,0,REFR_AC_HFC134a,REFR_AC_HFC134a,,2031,,,,,,0.1745,,,,,,,,,,,,,,,,,,,,,,,,,,,,,,,,
BAU,0,REFR_AC_HFC134a,REFR_AC_HFC134a,,2032,,,,,,0.1789,,,,,,,,,,,,,,,,,,,,,,,,,,,,,,,,
BAU,0,REFR_AC_HFC134a,REFR_AC_HFC134a,,2033,,,,,,0.1833,,,,,,,,,,,,,,,,,,,,,,,,,,,,,,,,
BAU,0,REFR_AC_HFC134a,REFR_AC_HFC134a,,2034,,,,,,0.1879,,,,,,,,,,,,,,,,,,,,,,,,,,,,,,,,
BAU,0,REFR_AC_HFC134a,REFR_AC_HFC134a,,2035,,,,,,0.1926,,,,,,,,,,,,,,,,,,,,,,,,,,,,,,,,
BAU,0,REFR_AC_HFC134a,REFR_AC_HFC134a,,2036,,,,,,0.1974,,,,,,,,,,,,,,,,,,,,,,,,,,,,,,,,
BAU,0,REFR_AC_HFC134a,REFR_AC_HFC134a,,2037,,,,,,0.2024,,,,,,,,,,,,,,,,,,,,,,,,,,,,,,,,
BAU,0,REFR_AC_HFC134a,REFR_AC_HFC134a,,2038,,,,,,0.2074,,,,,,,,,,,,,,,,,,,,,,,,,,,,,,,,
BAU,0,REFR_AC_HFC134a,REFR_AC_HFC134a,,2039,,,,,,0.2126,,,,,,,,,,,,,,,,,,,,,,,,,,,,,,,,
BAU,0,REFR_AC_HFC134a,REFR_AC_HFC134a,,2040,,,,,,0.2179,,,,,,,,,,,,,,,,,,,,,,,,,,,,,,,,
BAU,0,REFR_AC_HFC134a,REFR_AC_HFC134a,,2041,,,,,,0.2234,,,,,,,,,,,,,,,,,,,,,,,,,,,,,,,,
BAU,0,REFR_AC_HFC134a,REFR_AC_HFC134a,,2042,,,,,,0.2289,,,,,,,,,,,,,,,,,,,,,,,,,,,,,,,,
BAU,0,REFR_AC_HFC134a,REFR_AC_HFC134a,,2043,,,,,,0.2347,,,,,,,,,,,,,,,,,,,,,,,,,,,,,,,,
BAU,0,REFR_AC_HFC134a,REFR_AC_HFC134a,,2044,,,,,,0.2405,,,,,,,,,,,,,,,,,,,,,,,,,,,,,,,,
BAU,0,REFR_AC_HFC134a,REFR_AC_HFC134a,,2045,,,,,,0.2465,,,,,,,,,,,,,,,,,,,,,,,,,,,,,,,,
BAU,0,REFR_AC_HFC134a,REFR_AC_HFC134a,,2046,,,,,,0.2527,,,,,,,,,,,,,,,,,,,,,,,,,,,,,,,,
BAU,0,REFR_AC_HFC134a,REFR_AC_HFC134a,,2047,,,,,,0.259,,,,,,,,,,,,,,,,,,,,,,,,,,,,,,,,
BAU,0,REFR_AC_HFC134a,REFR_AC_HFC134a,,2048,,,,,,0.2655,,,,,,,,,,,,,,,,,,,,,,,,,,,,,,,,
BAU,0,REFR_AC_HFC134a,REFR_AC_HFC134a,,2049,,,,,,0.2721,,,,,,,,,,,,,,,,,,,,,,,,,,,,,,,,
BAU,0,REFR_AC_HFC134a,REFR_AC_HFC134a,,2050,,,,,,0.2789,,,,,,,,,,,,,,,,,,,,,,,,,,,,,,,,
BAU,0,REFR_AC_HFC143a,REFR_AC_HFC143a,,2018,,,,,,0.0139,,,,,,,,,,,,,,,,,,,,,,,,,,,,,,,,
BAU,0,REFR_AC_HFC143a,REFR_AC_HFC143a,,2019,,,,,,0.0235,,,,,,,,,,,,,,,,,,,,,,,,,,,,,,,,
BAU,0,REFR_AC_HFC143a,REFR_AC_HFC143a,,2020,,,,,,0.0279,,,,,,,,,,,,,,,,,,,,,,,,,,,,,,,,
BAU,0,REFR_AC_HFC143a,REFR_AC_HFC143a,,2021,,,,,,0.0309,,,,,,,,,,,,,,,,,,,,,,,,,,,,,,,,
BAU,0,REFR_AC_HFC143a,REFR_AC_HFC143a,,2022,,,,,,0.0363,,,,,,,,,,,,,,,,,,,,,,,,,,,,,,,,
BAU,0,REFR_AC_HFC143a,REFR_AC_HFC143a,,2023,,,,,,0.0372,,,,,,,,,,,,,,,,,,,,,,,,,,,,,,,,
BAU,0,REFR_AC_HFC143a,REFR_AC_HFC143a,,2024,,,,,,0.0382,,,,,,,,,,,,,,,,,,,,,,,,,,,,,,,,
BAU,0,REFR_AC_HFC143a,REFR_AC_HFC143a,,2025,,,,,,0.0391,,,,,,,,,,,,,,,,,,,,,,,,,,,,,,,,
BAU,0,REFR_AC_HFC143a,REFR_AC_HFC143a,,2026,,,,,,0.0401,,,,,,,,,,,,,,,,,,,,,,,,,,,,,,,,
BAU,0,REFR_AC_HFC143a,REFR_AC_HFC143a,,2027,,,,,,0.0411,,,,,,,,,,,,,,,,,,,,,,,,,,,,,,,,
BAU,0,REFR_AC_HFC143a,REFR_AC_HFC143a,,2028,,,,,,0.0421,,,,,,,,,,,,,,,,,,,,,,,,,,,,,,,,
BAU,0,REFR_AC_HFC143a,REFR_AC_HFC143a,,2029,,,,,,0.0432,,,,,,,,,,,,,,,,,,,,,,,,,,,,,,,,
BAU,0,REFR_AC_HFC143a,REFR_AC_HFC143a,,2030,,,,,,0.0443,,,,,,,,,,,,,,,,,,,,,,,,,,,,,,,,
BAU,0,REFR_AC_HFC143a,REFR_AC_HFC143a,,2031,,,,,,0.0454,,,,,,,,,,,,,,,,,,,,,,,,,,,,,,,,
BAU,0,REFR_AC_HFC143a,REFR_AC_HFC143a,,2032,,,,,,0.0465,,,,,,,,,,,,,,,,,,,,,,,,,,,,,,,,
BAU,0,REFR_AC_HFC143a,REFR_AC_HFC143a,,2033,,,,,,0.0477,,,,,,,,,,,,,,,,,,,,,,,,,,,,,,,,
BAU,0,REFR_AC_HFC143a,REFR_AC_HFC143a,,2034,,,,,,0.0489,,,,,,,,,,,,,,,,,,,,,,,,,,,,,,,,
BAU,0,REFR_AC_HFC143a,REFR_AC_HFC143a,,2035,,,,,,0.0501,,,,,,,,,,,,,,,,,,,,,,,,,,,,,,,,
BAU,0,REFR_AC_HFC143a,REFR_AC_HFC143a,,2036,,,,,,0.0513,,,,,,,,,,,,,,,,,,,,,,,,,,,,,,,,
BAU,0,REFR_AC_HFC143a,REFR_AC_HFC143a,,2037,,,,,,0.0526,,,,,,,,,,,,,,,,,,,,,,,,,,,,,,,,
BAU,0,REFR_AC_HFC143a,REFR_AC_HFC143a,,2038,,,,,,0.0539,,,,,,,,,,,,,,,,,,,,,,,,,,,,,,,,
BAU,0,REFR_AC_HFC143a,REFR_AC_HFC143a,,2039,,,,,,0.0553,,,,,,,,,,,,,,,,,,,,,,,,,,,,,,,,
BAU,0,REFR_AC_HFC143a,REFR_AC_HFC143a,,2040,,,,,,0.0567,,,,,,,,,,,,,,,,,,,,,,,,,,,,,,,,
BAU,0,REFR_AC_HFC143a,REFR_AC_HFC143a,,2041,,,,,,0.0581,,,,,,,,,,,,,,,,,,,,,,,,,,,,,,,,
BAU,0,REFR_AC_HFC143a,REFR_AC_HFC143a,,2042,,,,,,0.0595,,,,,,,,,,,,,,,,,,,,,,,,,,,,,,,,
BAU,0,REFR_AC_HFC143a,REFR_AC_HFC143a,,2043,,,,,,0.061,,,,,,,,,,,,,,,,,,,,,,,,,,,,,,,,
BAU,0,REFR_AC_HFC143a,REFR_AC_HFC143a,,2044,,,,,,0.0625,,,,,,,,,,,,,,,,,,,,,,,,,,,,,,,,
BAU,0,REFR_AC_HFC143a,REFR_AC_HFC143a,,2045,,,,,,0.0641,,,,,,,,,,,,,,,,,,,,,,,,,,,,,,,,
BAU,0,REFR_AC_HFC143a,REFR_AC_HFC143a,,2046,,,,,,0.0657,,,,,,,,,,,,,,,,,,,,,,,,,,,,,,,,
BAU,0,REFR_AC_HFC143a,REFR_AC_HFC143a,,2047,,,,,,0.0673,,,,,,,,,,,,,,,,,,,,,,,,,,,,,,,,
BAU,0,REFR_AC_HFC143a,REFR_AC_HFC143a,,2048,,,,,,0.069,,,,,,,,,,,,,,,,,,,,,,,,,,,,,,,,
BAU,0,REFR_AC_HFC143a,REFR_AC_HFC143a,,2049,,,,,,0.0708,,,,,,,,,,,,,,,,,,,,,,,,,,,,,,,,
BAU,0,REFR_AC_HFC143a,REFR_AC_HFC143a,,2050,,,,,,0.0725,,,,,,,,,,,,,,,,,,,,,,,,,,,,,,,,
BAU,0,CLK_PROD,PROD_CLK_TRAD,,2018,,,,,,1.90343,,,,,,,,,,,,,,,,,,,,,,,,,,,,,,,,
BAU,0,CLK_PROD,PROD_CLK_TRAD,,2019,,,,,,2.05977,,,,,,,,,,,,,,,,,,,,,,,,,,,,,,,,
BAU,0,CLK_PROD,PROD_CLK_TRAD,,2020,,,,,,2.39171,,,,,,,,,,,,,,,,,,,,,,,,,,,,,,,,
BAU,0,CLK_PROD,PROD_CLK_TRAD,,2021,,,,,,2.8702,,,,,,,,,,,,,,,,,,,,,,,,,,,,,,,,
BAU,0,CLK_PROD,PROD_CLK_TRAD,,2022,,,,,,3.12801,,,,,,,,,,,,,,,,,,,,,,,,,,,,,,,,
BAU,0,CLK_PROD,PROD_CLK_TRAD,,2023,,,,,,3.90998,,,,,,,,,,,,,,,,,,,,,,,,,,,,,,,,
BAU,0,CLK_PROD,PROD_CLK_TRAD,,2024,,,,,,4.18375,,,,,,,,,,,,,,,,,,,,,,,,,,,,,,,,
BAU,0,CLK_PROD,PROD_CLK_TRAD,,2025,,,,,,4.47676,,,,,,,,,,,,,,,,,,,,,,,,,,,,,,,,
BAU,0,CLK_PROD,PROD_CLK_TRAD,,2026,,,,,,4.7902,,,,,,,,,,,,,,,,,,,,,,,,,,,,,,,,
BAU,0,CLK_PROD,PROD_CLK_TRAD,,2027,,,,,,5.12556,,,,,,,,,,,,,,,,,,,,,,,,,,,,,,,,
BAU,0,CLK_PROD,PROD_CLK_TRAD,,2028,,,,,,5.48442,,,,,,,,,,,,,,,,,,,,,,,,,,,,,,,,
BAU,0,CLK_PROD,PROD_CLK_TRAD,,2029,,,,,,5.86836,,,,,,,,,,,,,,,,,,,,,,,,,,,,,,,,
BAU,0,CLK_PROD,PROD_CLK_TRAD,,2030,,,,,,6.27918,,,,,,,,,,,,,,,,,,,,,,,,,,,,,,,,
BAU,0,CLK_PROD,PROD_CLK_TRAD,,2031,,,,,,6.71875,,,,,,,,,,,,,,,,,,,,,,,,,,,,,,,,
BAU,0,CLK_PROD,PROD_CLK_TRAD,,2032,,,,,,7.18904,,,,,,,,,,,,,,,,,,,,,,,,,,,,,,,,
BAU,0,CLK_PROD,PROD_CLK_TRAD,,2033,,,,,,7.69224,,,,,,,,,,,,,,,,,,,,,,,,,,,,,,,,
BAU,0,CLK_PROD,PROD_CLK_TRAD,,2034,,,,,,8.23062,,,,,,,,,,,,,,,,,,,,,,,,,,,,,,,,
BAU,0,CLK_PROD,PROD_CLK_TRAD,,2035,,,,,,8.80661,,,,,,,,,,,,,,,,,,,,,,,,,,,,,,,,
BAU,0,CLK_PROD,PROD_CLK_TRAD,,2036,,,,,,9.42294,,,,,,,,,,,,,,,,,,,,,,,,,,,,,,,,
BAU,0,CLK_PROD,PROD_CLK_TRAD,,2037,,,,,,10.0809,,,,,,,,,,,,,,,,,,,,,,,,,,,,,,,,
BAU,0,CLK_PROD,PROD_CLK_TRAD,,2038,,,,,,10.7863,,,,,,,,,,,,,,,,,,,,,,,,,,,,,,,,
BAU,0,CLK_PROD,PROD_CLK_TRAD,,2039,,,,,,11.541,,,,,,,,,,,,,,,,,,,,,,,,,,,,,,,,
BAU,0,CLK_PROD,PROD_CLK_TRAD,,2040,,,,,,12.3485,,,,,,,,,,,,,,,,,,,,,,,,,,,,,,,,
BAU,0,CLK_PROD,PROD_CLK_TRAD,,2041,,,,,,13.2125,,,,,,,,,,,,,,,,,,,,,,,,,,,,,,,,
BAU,0,CLK_PROD,PROD_CLK_TRAD,,2042,,,,,,14.1368,,,,,,,,,,,,,,,,,,,,,,,,,,,,,,,,
BAU,0,CLK_PROD,PROD_CLK_TRAD,,2043,,,,,,15.1257,,,,,,,,,,,,,,,,,,,,,,,,,,,,,,,,
BAU,0,CLK_PROD,PROD_CLK_TRAD,,2044,,,,,,16.1839,,,,,,,,,,,,,,,,,,,,,,,,,,,,,,,,
BAU,0,CLK_PROD,PROD_CLK_TRAD,,2045,,,,,,17.3159,,,,,,,,,,,,,,,,,,,,,,,,,,,,,,,,
BAU,0,CLK_PROD,PROD_CLK_TRAD,,2046,,,,,,18.5271,,,,,,,,,,,,,,,,,,,,,,,,,,,,,,,,
BAU,0,CLK_PROD,PROD_CLK_TRAD,,2047,,,,,,19.8229,,,,,,,,,,,,,,,,,,,,,,,,,,,,,,,,
BAU,0,CLK_PROD,PROD_CLK_TRAD,,2048,,,,,,21.2093,,,,,,,,,,,,,,,,,,,,,,,,,,,,,,,,
BAU,0,CLK_PROD,PROD_CLK_TRAD,,2049,,,,,,22.6926,,,,,,,,,,,,,,,,,,,,,,,,,,,,,,,,
BAU,0,CLK_PROD,PROD_CLK_TRAD,,2050,,,,,,24.2796,,,,,,,,,,,,,,,,,,,,,,,,,,,,,,,,
BAU,0,CEM_PROD,PROD_CEM,,2018,,,,,,2.7546,,,,,,,,,,,,,,,,,,,,,,,,,,,,,,,,
BAU,0,CEM_PROD,PROD_CEM,,2019,,,,,,3.0039,,,,,,,,,,,,,,,,,,,,,,,,,,,,,,,,
BAU,0,CEM_PROD,PROD_CEM,,2020,,,,,,3.525,,,,,,,,,,,,,,,,,,,,,,,,,,,,,,,,
BAU,0,CEM_PROD,PROD_CEM,,2021,,,,,,4.2775,,,,,,,,,,,,,,,,,,,,,,,,,,,,,,,,
BAU,0,CEM_PROD,PROD_CEM,,2022,,,,,,4.6204,,,,,,,,,,,,,,,,,,,,,,,,,,,,,,,,
BAU,0,CEM_PROD,PROD_CEM,,2023,,,,,,5.708,,,,,,,,,,,,,,,,,,,,,,,,,,,,,,,,
BAU,0,CEM_PROD,PROD_CEM,,2024,,,,,,6.0961,,,,,,,,,,,,,,,,,,,,,,,,,,,,,,,,
BAU,0,CEM_PROD,PROD_CEM,,2025,,,,,,6.5107,,,,,,,,,,,,,,,,,,,,,,,,,,,,,,,,
BAU,0,CEM_PROD,PROD_CEM,,2026,,,,,,6.9534,,,,,,,,,,,,,,,,,,,,,,,,,,,,,,,,
BAU,0,CEM_PROD,PROD_CEM,,2027,,,,,,7.4262,,,,,,,,,,,,,,,,,,,,,,,,,,,,,,,,
BAU,0,CEM_PROD,PROD_CEM,,2028,,,,,,7.9312,,,,,,,,,,,,,,,,,,,,,,,,,,,,,,,,
BAU,0,CEM_PROD,PROD_CEM,,2029,,,,,,8.4705,,,,,,,,,,,,,,,,,,,,,,,,,,,,,,,,
BAU,0,CEM_PROD,PROD_CEM,,2030,,,,,,9.0465,,,,,,,,,,,,,,,,,,,,,,,,,,,,,,,,
BAU,0,CEM_PROD,PROD_CEM,,2031,,,,,,9.6617,,,,,,,,,,,,,,,,,,,,,,,,,,,,,,,,
BAU,0,CEM_PROD,PROD_CEM,,2032,,,,,,10.3187,,,,,,,,,,,,,,,,,,,,,,,,,,,,,,,,
BAU,0,CEM_PROD,PROD_CEM,,2033,,,,,,11.0204,,,,,,,,,,,,,,,,,,,,,,,,,,,,,,,,
BAU,0,CEM_PROD,PROD_CEM,,2034,,,,,,11.7698,,,,,,,,,,,,,,,,,,,,,,,,,,,,,,,,
BAU,0,CEM_PROD,PROD_CEM,,2035,,,,,,12.5701,,,,,,,,,,,,,,,,,,,,,,,,,,,,,,,,
BAU,0,CEM_PROD,PROD_CEM,,2036,,,,,,13.4249,,,,,,,,,,,,,,,,,,,,,,,,,,,,,,,,
BAU,0,CEM_PROD,PROD_CEM,,2037,,,,,,14.3378,,,,,,,,,,,,,,,,,,,,,,,,,,,,,,,,
BAU,0,CEM_PROD,PROD_CEM,,2038,,,,,,15.3127,,,,,,,,,,,,,,,,,,,,,,,,,,,,,,,,
BAU,0,CEM_PROD,PROD_CEM,,2039,,,,,,16.354,,,,,,,,,,,,,,,,,,,,,,,,,,,,,,,,
BAU,0,CEM_PROD,PROD_CEM,,2040,,,,,,17.4661,,,,,,,,,,,,,,,,,,,,,,,,,,,,,,,,
BAU,0,CEM_PROD,PROD_CEM,,2041,,,,,,18.6538,,,,,,,,,,,,,,,,,,,,,,,,,,,,,,,,
BAU,0,CEM_PROD,PROD_CEM,,2042,,,,,,19.9222,,,,,,,,,,,,,,,,,,,,,,,,,,,,,,,,
BAU,0,CEM_PROD,PROD_CEM,,2043,,,,,,21.2769,,,,,,,,,,,,,,,,,,,,,,,,,,,,,,,,
BAU,0,CEM_PROD,PROD_CEM,,2044,,,,,,22.7238,,,,,,,,,,,,,,,,,,,,,,,,,,,,,,,,
BAU,0,CEM_PROD,PROD_CEM,,2045,,,,,,24.269,,,,,,,,,,,,,,,,,,,,,,,,,,,,,,,,
BAU,0,CEM_PROD,PROD_CEM,,2046,,,,,,25.9193,,,,,,,,,,,,,,,,,,,,,,,,,,,,,,,,
BAU,0,CEM_PROD,PROD_CEM,,2047,,,,,,27.6818,,,,,,,,,,,,,,,,,,,,,,,,,,,,,,,,
BAU,0,CEM_PROD,PROD_CEM,,2048,,,,,,29.5641,,,,,,,,,,,,,,,,,,,,,,,,,,,,,,,,
BAU,0,CEM_PROD,PROD_CEM,,2049,,,,,,31.5745,,,,,,,,,,,,,,,,,,,,,,,,,,,,,,,,
BAU,0,CEM_PROD,PROD_CEM,,2050,,,,,,33.7216,,,,,,,,,,,,,,,,,,,,,,,,,,,,,,,,
BAU,0,E5INDCEM_PROD,T5CEM_PRODIND,,2018,,,,,,2.7546,,,,,,,,,,,,,,,,,,,,,,,,,,,,,,,,
BAU,0,E5INDCEM_PROD,T5CEM_PRODIND,,2019,,,,,,3.0039,,,,,,,,,,,,,,,,,,,,,,,,,,,,,,,,
BAU,0,E5INDCEM_PROD,T5CEM_PRODIND,,2020,,,,,,3.525,,,,,,,,,,,,,,,,,,,,,,,,,,,,,,,,
BAU,0,E5INDCEM_PROD,T5CEM_PRODIND,,2021,,,,,,4.2775,,,,,,,,,,,,,,,,,,,,,,,,,,,,,,,,
BAU,0,E5INDCEM_PROD,T5CEM_PRODIND,,2022,,,,,,4.6204,,,,,,,,,,,,,,,,,,,,,,,,,,,,,,,,
BAU,0,E5INDCEM_PROD,T5CEM_PRODIND,,2023,,,,,,5.708,,,,,,,,,,,,,,,,,,,,,,,,,,,,,,,,
BAU,0,E5INDCEM_PROD,T5CEM_PRODIND,,2024,,,,,,6.0961,,,,,,,,,,,,,,,,,,,,,,,,,,,,,,,,
BAU,0,E5INDCEM_PROD,T5CEM_PRODIND,,2025,,,,,,6.5107,,,,,,,,,,,,,,,,,,,,,,,,,,,,,,,,
BAU,0,E5INDCEM_PROD,T5CEM_PRODIND,,2026,,,,,,6.9534,,,,,,,,,,,,,,,,,,,,,,,,,,,,,,,,
BAU,0,E5INDCEM_PROD,T5CEM_PRODIND,,2027,,,,,,7.4262,,,,,,,,,,,,,,,,,,,,,,,,,,,,,,,,
BAU,0,E5INDCEM_PROD,T5CEM_PRODIND,,2028,,,,,,7.9312,,,,,,,,,,,,,,,,,,,,,,,,,,,,,,,,
BAU,0,E5INDCEM_PROD,T5CEM_PRODIND,,2029,,,,,,8.4705,,,,,,,,,,,,,,,,,,,,,,,,,,,,,,,,
BAU,0,E5INDCEM_PROD,T5CEM_PRODIND,,2030,,,,,,9.0465,,,,,,,,,,,,,,,,,,,,,,,,,,,,,,,,
BAU,0,E5INDCEM_PROD,T5CEM_PRODIND,,2031,,,,,,9.6617,,,,,,,,,,,,,,,,,,,,,,,,,,,,,,,,
BAU,0,E5INDCEM_PROD,T5CEM_PRODIND,,2032,,,,,,10.3187,,,,,,,,,,,,,,,,,,,,,,,,,,,,,,,,
BAU,0,E5INDCEM_PROD,T5CEM_PRODIND,,2033,,,,,,11.0204,,,,,,,,,,,,,,,,,,,,,,,,,,,,,,,,
BAU,0,E5INDCEM_PROD,T5CEM_PRODIND,,2034,,,,,,11.7698,,,,,,,,,,,,,,,,,,,,,,,,,,,,,,,,
BAU,0,E5INDCEM_PROD,T5CEM_PRODIND,,2035,,,,,,12.5701,,,,,,,,,,,,,,,,,,,,,,,,,,,,,,,,
BAU,0,E5INDCEM_PROD,T5CEM_PRODIND,,2036,,,,,,13.4249,,,,,,,,,,,,,,,,,,,,,,,,,,,,,,,,
BAU,0,E5INDCEM_PROD,T5CEM_PRODIND,,2037,,,,,,14.3378,,,,,,,,,,,,,,,,,,,,,,,,,,,,,,,,
BAU,0,E5INDCEM_PROD,T5CEM_PRODIND,,2038,,,,,,15.3127,,,,,,,,,,,,,,,,,,,,,,,,,,,,,,,,
BAU,0,E5INDCEM_PROD,T5CEM_PRODIND,,2039,,,,,,16.354,,,,,,,,,,,,,,,,,,,,,,,,,,,,,,,,
BAU,0,E5INDCEM_PROD,T5CEM_PRODIND,,2040,,,,,,17.4661,,,,,,,,,,,,,,,,,,,,,,,,,,,,,,,,
BAU,0,E5INDCEM_PROD,T5CEM_PRODIND,,2041,,,,,,18.6538,,,,,,,,,,,,,,,,,,,,,,,,,,,,,,,,
BAU,0,E5INDCEM_PROD,T5CEM_PRODIND,,2042,,,,,,19.9222,,,,,,,,,,,,,,,,,,,,,,,,,,,,,,,,
BAU,0,E5INDCEM_PROD,T5CEM_PRODIND,,2043,,,,,,21.2769,,,,,,,,,,,,,,,,,,,,,,,,,,,,,,,,
BAU,0,E5INDCEM_PROD,T5CEM_PRODIND,,2044,,,,,,22.7238,,,,,,,,,,,,,,,,,,,,,,,,,,,,,,,,
BAU,0,E5INDCEM_PROD,T5CEM_PRODIND,,2045,,,,,,24.269,,,,,,,,,,,,,,,,,,,,,,,,,,,,,,,,
BAU,0,E5INDCEM_PROD,T5CEM_PRODIND,,2046,,,,,,25.9193,,,,,,,,,,,,,,,,,,,,,,,,,,,,,,,,
BAU,0,E5INDCEM_PROD,T5CEM_PRODIND,,2047,,,,,,27.6818,,,,,,,,,,,,,,,,,,,,,,,,,,,,,,,,
BAU,0,E5INDCEM_PROD,T5CEM_PRODIND,,2048,,,,,,29.5641,,,,,,,,,,,,,,,,,,,,,,,,,,,,,,,,
BAU,0,E5INDCEM_PROD,T5CEM_PRODIND,,2049,,,,,,31.5745,,,,,,,,,,,,,,,,,,,,,,,,,,,,,,,,
BAU,0,E5INDCEM_PROD,T5CEM_PRODIND,,2050,,,,,,33.7216,,,,,,,,,,,,,,,,,,,,,,,,,,,,,,,,
BAU,0,E5IPPULIME_CAL_PROD,T5LIME_CAL_PRODIPPU,,2018,,,,,,0.2436,,,,,,,,,,,,,,,,,,,,,,,,,,,,,,,,
BAU,0,E5IPPULIME_CAL_PROD,T5LIME_CAL_PRODIPPU,,2019,,,,,,0.3239,,,,,,,,,,,,,,,,,,,,,,,,,,,,,,,,
BAU,0,E5IPPULIME_CAL_PROD,T5LIME_CAL_PRODIPPU,,2020,,,,,,0.4235,,,,,,,,,,,,,,,,,,,,,,,,,,,,,,,,
BAU,0,E5IPPULIME_CAL_PROD,T5LIME_CAL_PRODIPPU,,2021,,,,,,0.4008,,,,,,,,,,,,,,,,,,,,,,,,,,,,,,,,
BAU,0,E5IPPULIME_CAL_PROD,T5LIME_CAL_PRODIPPU,,2022,,,,,,0.4703,,,,,,,,,,,,,,,,,,,,,,,,,,,,,,,,
BAU,0,E5IPPULIME_CAL_PROD,T5LIME_CAL_PRODIPPU,,2023,,,,,,0.4882,,,,,,,,,,,,,,,,,,,,,,,,,,,,,,,,
BAU,0,E5IPPULIME_CAL_PROD,T5LIME_CAL_PRODIPPU,,2024,,,,,,0.5068,,,,,,,,,,,,,,,,,,,,,,,,,,,,,,,,
BAU,0,E5IPPULIME_CAL_PROD,T5LIME_CAL_PRODIPPU,,2025,,,,,,0.526,,,,,,,,,,,,,,,,,,,,,,,,,,,,,,,,
BAU,0,E5IPPULIME_CAL_PROD,T5LIME_CAL_PRODIPPU,,2026,,,,,,0.546,,,,,,,,,,,,,,,,,,,,,,,,,,,,,,,,
BAU,0,E5IPPULIME_CAL_PROD,T5LIME_CAL_PRODIPPU,,2027,,,,,,0.5667,,,,,,,,,,,,,,,,,,,,,,,,,,,,,,,,
BAU,0,E5IPPULIME_CAL_PROD,T5LIME_CAL_PRODIPPU,,2028,,,,,,0.5883,,,,,,,,,,,,,,,,,,,,,,,,,,,,,,,,
BAU,0,E5IPPULIME_CAL_PROD,T5LIME_CAL_PRODIPPU,,2029,,,,,,0.6106,,,,,,,,,,,,,,,,,,,,,,,,,,,,,,,,
BAU,0,E5IPPULIME_CAL_PROD,T5LIME_CAL_PRODIPPU,,2030,,,,,,0.6338,,,,,,,,,,,,,,,,,,,,,,,,,,,,,,,,
BAU,0,E5IPPULIME_CAL_PROD,T5LIME_CAL_PRODIPPU,,2031,,,,,,0.6579,,,,,,,,,,,,,,,,,,,,,,,,,,,,,,,,
BAU,0,E5IPPULIME_CAL_PROD,T5LIME_CAL_PRODIPPU,,2032,,,,,,0.6829,,,,,,,,,,,,,,,,,,,,,,,,,,,,,,,,
BAU,0,E5IPPULIME_CAL_PROD,T5LIME_CAL_PRODIPPU,,2033,,,,,,0.7089,,,,,,,,,,,,,,,,,,,,,,,,,,,,,,,,
BAU,0,E5IPPULIME_CAL_PROD,T5LIME_CAL_PRODIPPU,,2034,,,,,,0.7358,,,,,,,,,,,,,,,,,,,,,,,,,,,,,,,,
BAU,0,E5IPPULIME_CAL_PROD,T5LIME_CAL_PRODIPPU,,2035,,,,,,0.7638,,,,,,,,,,,,,,,,,,,,,,,,,,,,,,,,
BAU,0,E5IPPULIME_CAL_PROD,T5LIME_CAL_PRODIPPU,,2036,,,,,,0.7928,,,,,,,,,,,,,,,,,,,,,,,,,,,,,,,,
BAU,0,E5IPPULIME_CAL_PROD,T5LIME_CAL_PRODIPPU,,2037,,,,,,0.8229,,,,,,,,,,,,,,,,,,,,,,,,,,,,,,,,
BAU,0,E5IPPULIME_CAL_PROD,T5LIME_CAL_PRODIPPU,,2038,,,,,,0.8542,,,,,,,,,,,,,,,,,,,,,,,,,,,,,,,,
BAU,0,E5IPPULIME_CAL_PROD,T5LIME_CAL_PRODIPPU,,2039,,,,,,0.8867,,,,,,,,,,,,,,,,,,,,,,,,,,,,,,,,
BAU,0,E5IPPULIME_CAL_PROD,T5LIME_CAL_PRODIPPU,,2040,,,,,,0.9204,,,,,,,,,,,,,,,,,,,,,,,,,,,,,,,,
BAU,0,E5IPPULIME_CAL_PROD,T5LIME_CAL_PRODIPPU,,2041,,,,,,0.9553,,,,,,,,,,,,,,,,,,,,,,,,,,,,,,,,
BAU,0,E5IPPULIME_CAL_PROD,T5LIME_CAL_PRODIPPU,,2042,,,,,,0.9916,,,,,,,,,,,,,,,,,,,,,,,,,,,,,,,,
BAU,0,E5IPPULIME_CAL_PROD,T5LIME_CAL_PRODIPPU,,2043,,,,,,1.0293,,,,,,,,,,,,,,,,,,,,,,,,,,,,,,,,
BAU,0,E5IPPULIME_CAL_PROD,T5LIME_CAL_PRODIPPU,,2044,,,,,,1.0684,,,,,,,,,,,,,,,,,,,,,,,,,,,,,,,,
BAU,0,E5IPPULIME_CAL_PROD,T5LIME_CAL_PRODIPPU,,2045,,,,,,1.109,,,,,,,,,,,,,,,,,,,,,,,,,,,,,,,,
BAU,0,E5IPPULIME_CAL_PROD,T5LIME_CAL_PRODIPPU,,2046,,,,,,1.1512,,,,,,,,,,,,,,,,,,,,,,,,,,,,,,,,
BAU,0,E5IPPULIME_CAL_PROD,T5LIME_CAL_PRODIPPU,,2047,,,,,,1.1949,,,,,,,,,,,,,,,,,,,,,,,,,,,,,,,,
BAU,0,E5IPPULIME_CAL_PROD,T5LIME_CAL_PRODIPPU,,2048,,,,,,1.2403,,,,,,,,,,,,,,,,,,,,,,,,,,,,,,,,
BAU,0,E5IPPULIME_CAL_PROD,T5LIME_CAL_PRODIPPU,,2049,,,,,,1.2875,,,,,,,,,,,,,,,,,,,,,,,,,,,,,,,,
BAU,0,E5IPPULIME_CAL_PROD,T5LIME_CAL_PRODIPPU,,2050,,,,,,1.3364,,,,,,,,,,,,,,,,,,,,,,,,,,,,,,,,
BAU,0,E5IPPULIME_DOL_PROD,T5LIME_DOL_PRODIPPU,,2018,,,,,,0.003,,,,,,,,,,,,,,,,,,,,,,,,,,,,,,,,
BAU,0,E5IPPULIME_DOL_PROD,T5LIME_DOL_PRODIPPU,,2019,,,,,,0.0188,,,,,,,,,,,,,,,,,,,,,,,,,,,,,,,,
BAU,0,E5IPPULIME_DOL_PROD,T5LIME_DOL_PRODIPPU,,2020,,,,,,0.1,,,,,,,,,,,,,,,,,,,,,,,,,,,,,,,,
BAU,0,E5IPPULIME_DOL_PROD,T5LIME_DOL_PRODIPPU,,2021,,,,,,0.1081,,,,,,,,,,,,,,,,,,,,,,,,,,,,,,,,
BAU,0,E5IPPULIME_DOL_PROD,T5LIME_DOL_PRODIPPU,,2022,,,,,,0.1169,,,,,,,,,,,,,,,,,,,,,,,,,,,,,,,,
BAU,0,E5IPPULIME_DOL_PROD,T5LIME_DOL_PRODIPPU,,2023,,,,,,0.1213,,,,,,,,,,,,,,,,,,,,,,,,,,,,,,,,
BAU,0,E5IPPULIME_DOL_PROD,T5LIME_DOL_PRODIPPU,,2024,,,,,,0.1259,,,,,,,,,,,,,,,,,,,,,,,,,,,,,,,,
BAU,0,E5IPPULIME_DOL_PROD,T5LIME_DOL_PRODIPPU,,2025,,,,,,0.1307,,,,,,,,,,,,,,,,,,,,,,,,,,,,,,,,
BAU,0,E5IPPULIME_DOL_PROD,T5LIME_DOL_PRODIPPU,,2026,,,,,,0.1356,,,,,,,,,,,,,,,,,,,,,,,,,,,,,,,,
BAU,0,E5IPPULIME_DOL_PROD,T5LIME_DOL_PRODIPPU,,2027,,,,,,0.1408,,,,,,,,,,,,,,,,,,,,,,,,,,,,,,,,
BAU,0,E5IPPULIME_DOL_PROD,T5LIME_DOL_PRODIPPU,,2028,,,,,,0.1462,,,,,,,,,,,,,,,,,,,,,,,,,,,,,,,,
BAU,0,E5IPPULIME_DOL_PROD,T5LIME_DOL_PRODIPPU,,2029,,,,,,0.1517,,,,,,,,,,,,,,,,,,,,,,,,,,,,,,,,
BAU,0,E5IPPULIME_DOL_PROD,T5LIME_DOL_PRODIPPU,,2030,,,,,,0.1575,,,,,,,,,,,,,,,,,,,,,,,,,,,,,,,,
BAU,0,E5IPPULIME_DOL_PROD,T5LIME_DOL_PRODIPPU,,2031,,,,,,0.1635,,,,,,,,,,,,,,,,,,,,,,,,,,,,,,,,
BAU,0,E5IPPULIME_DOL_PROD,T5LIME_DOL_PRODIPPU,,2032,,,,,,0.1697,,,,,,,,,,,,,,,,,,,,,,,,,,,,,,,,
BAU,0,E5IPPULIME_DOL_PROD,T5LIME_DOL_PRODIPPU,,2033,,,,,,0.1761,,,,,,,,,,,,,,,,,,,,,,,,,,,,,,,,
BAU,0,E5IPPULIME_DOL_PROD,T5LIME_DOL_PRODIPPU,,2034,,,,,,0.1828,,,,,,,,,,,,,,,,,,,,,,,,,,,,,,,,
BAU,0,E5IPPULIME_DOL_PROD,T5LIME_DOL_PRODIPPU,,2035,,,,,,0.1898,,,,,,,,,,,,,,,,,,,,,,,,,,,,,,,,
BAU,0,E5IPPULIME_DOL_PROD,T5LIME_DOL_PRODIPPU,,2036,,,,,,0.197,,,,,,,,,,,,,,,,,,,,,,,,,,,,,,,,
BAU,0,E5IPPULIME_DOL_PROD,T5LIME_DOL_PRODIPPU,,2037,,,,,,0.2045,,,,,,,,,,,,,,,,,,,,,,,,,,,,,,,,
BAU,0,E5IPPULIME_DOL_PROD,T5LIME_DOL_PRODIPPU,,2038,,,,,,0.2122,,,,,,,,,,,,,,,,,,,,,,,,,,,,,,,,
BAU,0,E5IPPULIME_DOL_PROD,T5LIME_DOL_PRODIPPU,,2039,,,,,,0.2203,,,,,,,,,,,,,,,,,,,,,,,,,,,,,,,,
BAU,0,E5IPPULIME_DOL_PROD,T5LIME_DOL_PRODIPPU,,2040,,,,,,0.2287,,,,,,,,,,,,,,,,,,,,,,,,,,,,,,,,
BAU,0,E5IPPULIME_DOL_PROD,T5LIME_DOL_PRODIPPU,,2041,,,,,,0.2373,,,,,,,,,,,,,,,,,,,,,,,,,,,,,,,,
BAU,0,E5IPPULIME_DOL_PROD,T5LIME_DOL_PRODIPPU,,2042,,,,,,0.2464,,,,,,,,,,,,,,,,,,,,,,,,,,,,,,,,
BAU,0,E5IPPULIME_DOL_PROD,T5LIME_DOL_PRODIPPU,,2043,,,,,,0.2557,,,,,,,,,,,,,,,,,,,,,,,,,,,,,,,,
BAU,0,E5IPPULIME_DOL_PROD,T5LIME_DOL_PRODIPPU,,2044,,,,,,0.2654,,,,,,,,,,,,,,,,,,,,,,,,,,,,,,,,
BAU,0,E5IPPULIME_DOL_PROD,T5LIME_DOL_PRODIPPU,,2045,,,,,,0.2755,,,,,,,,,,,,,,,,,,,,,,,,,,,,,,,,
BAU,0,E5IPPULIME_DOL_PROD,T5LIME_DOL_PRODIPPU,,2046,,,,,,0.286,,,,,,,,,,,,,,,,,,,,,,,,,,,,,,,,
BAU,0,E5IPPULIME_DOL_PROD,T5LIME_DOL_PRODIPPU,,2047,,,,,,0.2969,,,,,,,,,,,,,,,,,,,,,,,,,,,,,,,,
BAU,0,E5IPPULIME_DOL_PROD,T5LIME_DOL_PRODIPPU,,2048,,,,,,0.3081,,,,,,,,,,,,,,,,,,,,,,,,,,,,,,,,
BAU,0,E5IPPULIME_DOL_PROD,T5LIME_DOL_PRODIPPU,,2049,,,,,,0.3199,,,,,,,,,,,,,,,,,,,,,,,,,,,,,,,,
BAU,0,E5IPPULIME_DOL_PROD,T5LIME_DOL_PRODIPPU,,2050,,,,,,0.332,,,,,,,,,,,,,,,,,,,,,,,,,,,,,,,,
BAU,0,E5IPPUGLASS_PROD,T5GLASS_PRODIPPU,,2018,,,,,,0.1146,,,,,,,,,,,,,,,,,,,,,,,,,,,,,,,,
BAU,0,E5IPPUGLASS_PROD,T5GLASS_PRODIPPU,,2019,,,,,,0.1375,,,,,,,,,,,,,,,,,,,,,,,,,,,,,,,,
BAU,0,E5IPPUGLASS_PROD,T5GLASS_PRODIPPU,,2020,,,,,,0.1796,,,,,,,,,,,,,,,,,,,,,,,,,,,,,,,,
BAU,0,E5IPPUGLASS_PROD,T5GLASS_PRODIPPU,,2021,,,,,,0.1979,,,,,,,,,,,,,,,,,,,,,,,,,,,,,,,,
BAU,0,E5IPPUGLASS_PROD,T5GLASS_PRODIPPU,,2022,,,,,,0.1714,,,,,,,,,,,,,,,,,,,,,,,,,,,,,,,,
BAU,0,E5IPPUGLASS_PROD,T5GLASS_PRODIPPU,,2023,,,,,,0.1779,,,,,,,,,,,,,,,,,,,,,,,,,,,,,,,,
BAU,0,E5IPPUGLASS_PROD,T5GLASS_PRODIPPU,,2024,,,,,,0.1846,,,,,,,,,,,,,,,,,,,,,,,,,,,,,,,,
BAU,0,E5IPPUGLASS_PROD,T5GLASS_PRODIPPU,,2025,,,,,,0.1917,,,,,,,,,,,,,,,,,,,,,,,,,,,,,,,,
BAU,0,E5IPPUGLASS_PROD,T5GLASS_PRODIPPU,,2026,,,,,,0.1989,,,,,,,,,,,,,,,,,,,,,,,,,,,,,,,,
BAU,0,E5IPPUGLASS_PROD,T5GLASS_PRODIPPU,,2027,,,,,,0.2065,,,,,,,,,,,,,,,,,,,,,,,,,,,,,,,,
BAU,0,E5IPPUGLASS_PROD,T5GLASS_PRODIPPU,,2028,,,,,,0.2143,,,,,,,,,,,,,,,,,,,,,,,,,,,,,,,,
BAU,0,E5IPPUGLASS_PROD,T5GLASS_PRODIPPU,,2029,,,,,,0.2225,,,,,,,,,,,,,,,,,,,,,,,,,,,,,,,,
BAU,0,E5IPPUGLASS_PROD,T5GLASS_PRODIPPU,,2030,,,,,,0.2309,,,,,,,,,,,,,,,,,,,,,,,,,,,,,,,,
BAU,0,E5IPPUGLASS_PROD,T5GLASS_PRODIPPU,,2031,,,,,,0.2397,,,,,,,,,,,,,,,,,,,,,,,,,,,,,,,,
BAU,0,E5IPPUGLASS_PROD,T5GLASS_PRODIPPU,,2032,,,,,,0.2488,,,,,,,,,,,,,,,,,,,,,,,,,,,,,,,,
BAU,0,E5IPPUGLASS_PROD,T5GLASS_PRODIPPU,,2033,,,,,,0.2583,,,,,,,,,,,,,,,,,,,,,,,,,,,,,,,,
BAU,0,E5IPPUGLASS_PROD,T5GLASS_PRODIPPU,,2034,,,,,,0.2681,,,,,,,,,,,,,,,,,,,,,,,,,,,,,,,,
BAU,0,E5IPPUGLASS_PROD,T5GLASS_PRODIPPU,,2035,,,,,,0.2783,,,,,,,,,,,,,,,,,,,,,,,,,,,,,,,,
BAU,0,E5IPPUGLASS_PROD,T5GLASS_PRODIPPU,,2036,,,,,,0.2889,,,,,,,,,,,,,,,,,,,,,,,,,,,,,,,,
BAU,0,E5IPPUGLASS_PROD,T5GLASS_PRODIPPU,,2037,,,,,,0.2998,,,,,,,,,,,,,,,,,,,,,,,,,,,,,,,,
BAU,0,E5IPPUGLASS_PROD,T5GLASS_PRODIPPU,,2038,,,,,,0.3112,,,,,,,,,,,,,,,,,,,,,,,,,,,,,,,,
BAU,0,E5IPPUGLASS_PROD,T5GLASS_PRODIPPU,,2039,,,,,,0.3231,,,,,,,,,,,,,,,,,,,,,,,,,,,,,,,,
BAU,0,E5IPPUGLASS_PROD,T5GLASS_PRODIPPU,,2040,,,,,,0.3353,,,,,,,,,,,,,,,,,,,,,,,,,,,,,,,,
BAU,0,E5IPPUGLASS_PROD,T5GLASS_PRODIPPU,,2041,,,,,,0.3481,,,,,,,,,,,,,,,,,,,,,,,,,,,,,,,,
BAU,0,E5IPPUGLASS_PROD,T5GLASS_PRODIPPU,,2042,,,,,,0.3613,,,,,,,,,,,,,,,,,,,,,,,,,,,,,,,,
BAU,0,E5IPPUGLASS_PROD,T5GLASS_PRODIPPU,,2043,,,,,,0.375,,,,,,,,,,,,,,,,,,,,,,,,,,,,,,,,
BAU,0,E5IPPUGLASS_PROD,T5GLASS_PRODIPPU,,2044,,,,,,0.3893,,,,,,,,,,,,,,,,,,,,,,,,,,,,,,,,
BAU,0,E5IPPUGLASS_PROD,T5GLASS_PRODIPPU,,2045,,,,,,0.4041,,,,,,,,,,,,,,,,,,,,,,,,,,,,,,,,
BAU,0,E5IPPUGLASS_PROD,T5GLASS_PRODIPPU,,2046,,,,,,0.4194,,,,,,,,,,,,,,,,,,,,,,,,,,,,,,,,
BAU,0,E5IPPUGLASS_PROD,T5GLASS_PRODIPPU,,2047,,,,,,0.4354,,,,,,,,,,,,,,,,,,,,,,,,,,,,,,,,
BAU,0,E5IPPUGLASS_PROD,T5GLASS_PRODIPPU,,2048,,,,,,0.4519,,,,,,,,,,,,,,,,,,,,,,,,,,,,,,,,
BAU,0,E5IPPUGLASS_PROD,T5GLASS_PRODIPPU,,2049,,,,,,0.4691,,,,,,,,,,,,,,,,,,,,,,,,,,,,,,,,
BAU,0,E5IPPUGLASS_PROD,T5GLASS_PRODIPPU,,2050,,,,,,0.4869,,,,,,,,,,,,,,,,,,,,,,,,,,,,,,,,
BAU,0,E5IPPUCARBONATE_CERAMICS,T5CARBONATE_CERAMICSIPPU,,2018,,,,,,0.0593,,,,,,,,,,,,,,,,,,,,,,,,,,,,,,,,
BAU,0,E5IPPUCARBONATE_CERAMICS,T5CARBONATE_CERAMICSIPPU,,2019,,,,,,0.0066,,,,,,,,,,,,,,,,,,,,,,,,,,,,,,,,
BAU,0,E5IPPUCARBONATE_CERAMICS,T5CARBONATE_CERAMICSIPPU,,2020,,,,,,0.0205,,,,,,,,,,,,,,,,,,,,,,,,,,,,,,,,
BAU,0,E5IPPUCARBONATE_CERAMICS,T5CARBONATE_CERAMICSIPPU,,2021,,,,,,0.0248,,,,,,,,,,,,,,,,,,,,,,,,,,,,,,,,
BAU,0,E5IPPUCARBONATE_CERAMICS,T5CARBONATE_CERAMICSIPPU,,2022,,,,,,0.0301,,,,,,,,,,,,,,,,,,,,,,,,,,,,,,,,
BAU,0,E5IPPUCARBONATE_CERAMICS,T5CARBONATE_CERAMICSIPPU,,2023,,,,,,0.0312,,,,,,,,,,,,,,,,,,,,,,,,,,,,,,,,
BAU,0,E5IPPUCARBONATE_CERAMICS,T5CARBONATE_CERAMICSIPPU,,2024,,,,,,0.0324,,,,,,,,,,,,,,,,,,,,,,,,,,,,,,,,
BAU,0,E5IPPUCARBONATE_CERAMICS,T5CARBONATE_CERAMICSIPPU,,2025,,,,,,0.0336,,,,,,,,,,,,,,,,,,,,,,,,,,,,,,,,
BAU,0,E5IPPUCARBONATE_CERAMICS,T5CARBONATE_CERAMICSIPPU,,2026,,,,,,0.0349,,,,,,,,,,,,,,,,,,,,,,,,,,,,,,,,
BAU,0,E5IPPUCARBONATE_CERAMICS,T5CARBONATE_CERAMICSIPPU,,2027,,,,,,0.0362,,,,,,,,,,,,,,,,,,,,,,,,,,,,,,,,
BAU,0,E5IPPUCARBONATE_CERAMICS,T5CARBONATE_CERAMICSIPPU,,2028,,,,,,0.0376,,,,,,,,,,,,,,,,,,,,,,,,,,,,,,,,
BAU,0,E5IPPUCARBONATE_CERAMICS,T5CARBONATE_CERAMICSIPPU,,2029,,,,,,0.039,,,,,,,,,,,,,,,,,,,,,,,,,,,,,,,,
BAU,0,E5IPPUCARBONATE_CERAMICS,T5CARBONATE_CERAMICSIPPU,,2030,,,,,,0.0405,,,,,,,,,,,,,,,,,,,,,,,,,,,,,,,,
BAU,0,E5IPPUCARBONATE_CERAMICS,T5CARBONATE_CERAMICSIPPU,,2031,,,,,,0.0421,,,,,,,,,,,,,,,,,,,,,,,,,,,,,,,,
BAU,0,E5IPPUCARBONATE_CERAMICS,T5CARBONATE_CERAMICSIPPU,,2032,,,,,,0.0437,,,,,,,,,,,,,,,,,,,,,,,,,,,,,,,,
BAU,0,E5IPPUCARBONATE_CERAMICS,T5CARBONATE_CERAMICSIPPU,,2033,,,,,,0.0453,,,,,,,,,,,,,,,,,,,,,,,,,,,,,,,,
BAU,0,E5IPPUCARBONATE_CERAMICS,T5CARBONATE_CERAMICSIPPU,,2034,,,,,,0.047,,,,,,,,,,,,,,,,,,,,,,,,,,,,,,,,
BAU,0,E5IPPUCARBONATE_CERAMICS,T5CARBONATE_CERAMICSIPPU,,2035,,,,,,0.0488,,,,,,,,,,,,,,,,,,,,,,,,,,,,,,,,
BAU,0,E5IPPUCARBONATE_CERAMICS,T5CARBONATE_CERAMICSIPPU,,2036,,,,,,0.0507,,,,,,,,,,,,,,,,,,,,,,,,,,,,,,,,
BAU,0,E5IPPUCARBONATE_CERAMICS,T5CARBONATE_CERAMICSIPPU,,2037,,,,,,0.0526,,,,,,,,,,,,,,,,,,,,,,,,,,,,,,,,
BAU,0,E5IPPUCARBONATE_CERAMICS,T5CARBONATE_CERAMICSIPPU,,2038,,,,,,0.0546,,,,,,,,,,,,,,,,,,,,,,,,,,,,,,,,
BAU,0,E5IPPUCARBONATE_CERAMICS,T5CARBONATE_CERAMICSIPPU,,2039,,,,,,0.0567,,,,,,,,,,,,,,,,,,,,,,,,,,,,,,,,
BAU,0,E5IPPUCARBONATE_CERAMICS,T5CARBONATE_CERAMICSIPPU,,2040,,,,,,0.0588,,,,,,,,,,,,,,,,,,,,,,,,,,,,,,,,
BAU,0,E5IPPUCARBONATE_CERAMICS,T5CARBONATE_CERAMICSIPPU,,2041,,,,,,0.0611,,,,,,,,,,,,,,,,,,,,,,,,,,,,,,,,
BAU,0,E5IPPUCARBONATE_CERAMICS,T5CARBONATE_CERAMICSIPPU,,2042,,,,,,0.0634,,,,,,,,,,,,,,,,,,,,,,,,,,,,,,,,
BAU,0,E5IPPUCARBONATE_CERAMICS,T5CARBONATE_CERAMICSIPPU,,2043,,,,,,0.0658,,,,,,,,,,,,,,,,,,,,,,,,,,,,,,,,
BAU,0,E5IPPUCARBONATE_CERAMICS,T5CARBONATE_CERAMICSIPPU,,2044,,,,,,0.0683,,,,,,,,,,,,,,,,,,,,,,,,,,,,,,,,
BAU,0,E5IPPUCARBONATE_CERAMICS,T5CARBONATE_CERAMICSIPPU,,2045,,,,,,0.0709,,,,,,,,,,,,,,,,,,,,,,,,,,,,,,,,
BAU,0,E5IPPUCARBONATE_CERAMICS,T5CARBONATE_CERAMICSIPPU,,2046,,,,,,0.0736,,,,,,,,,,,,,,,,,,,,,,,,,,,,,,,,
BAU,0,E5IPPUCARBONATE_CERAMICS,T5CARBONATE_CERAMICSIPPU,,2047,,,,,,0.0764,,,,,,,,,,,,,,,,,,,,,,,,,,,,,,,,
BAU,0,E5IPPUCARBONATE_CERAMICS,T5CARBONATE_CERAMICSIPPU,,2048,,,,,,0.0793,,,,,,,,,,,,,,,,,,,,,,,,,,,,,,,,
BAU,0,E5IPPUCARBONATE_CERAMICS,T5CARBONATE_CERAMICSIPPU,,2049,,,,,,0.0823,,,,,,,,,,,,,,,,,,,,,,,,,,,,,,,,
BAU,0,E5IPPUCARBONATE_CERAMICS,T5CARBONATE_CERAMICSIPPU,,2050,,,,,,0.0854,,,,,,,,,,,,,,,,,,,,,,,,,,,,,,,,
BAU,0,E5IPPUCARBONATE_ASH,T5CARBONATE_ASHIPPU,,2018,,,,,,0.0216,,,,,,,,,,,,,,,,,,,,,,,,,,,,,,,,
BAU,0,E5IPPUCARBONATE_ASH,T5CARBONATE_ASHIPPU,,2019,,,,,,0.0308,,,,,,,,,,,,,,,,,,,,,,,,,,,,,,,,
BAU,0,E5IPPUCARBONATE_ASH,T5CARBONATE_ASHIPPU,,2020,,,,,,0.0288,,,,,,,,,,,,,,,,,,,,,,,,,,,,,,,,
BAU,0,E5IPPUCARBONATE_ASH,T5CARBONATE_ASHIPPU,,2021,,,,,,0.0356,,,,,,,,,,,,,,,,,,,,,,,,,,,,,,,,
BAU,0,E5IPPUCARBONATE_ASH,T5CARBONATE_ASHIPPU,,2022,,,,,,0.0367,,,,,,,,,,,,,,,,,,,,,,,,,,,,,,,,
BAU,0,E5IPPUCARBONATE_ASH,T5CARBONATE_ASHIPPU,,2023,,,,,,0.0381,,,,,,,,,,,,,,,,,,,,,,,,,,,,,,,,
BAU,0,E5IPPUCARBONATE_ASH,T5CARBONATE_ASHIPPU,,2024,,,,,,0.0396,,,,,,,,,,,,,,,,,,,,,,,,,,,,,,,,
BAU,0,E5IPPUCARBONATE_ASH,T5CARBONATE_ASHIPPU,,2025,,,,,,0.0411,,,,,,,,,,,,,,,,,,,,,,,,,,,,,,,,
BAU,0,E5IPPUCARBONATE_ASH,T5CARBONATE_ASHIPPU,,2026,,,,,,0.0426,,,,,,,,,,,,,,,,,,,,,,,,,,,,,,,,
BAU,0,E5IPPUCARBONATE_ASH,T5CARBONATE_ASHIPPU,,2027,,,,,,0.0443,,,,,,,,,,,,,,,,,,,,,,,,,,,,,,,,
BAU,0,E5IPPUCARBONATE_ASH,T5CARBONATE_ASHIPPU,,2028,,,,,,0.0459,,,,,,,,,,,,,,,,,,,,,,,,,,,,,,,,
BAU,0,E5IPPUCARBONATE_ASH,T5CARBONATE_ASHIPPU,,2029,,,,,,0.0477,,,,,,,,,,,,,,,,,,,,,,,,,,,,,,,,
BAU,0,E5IPPUCARBONATE_ASH,T5CARBONATE_ASHIPPU,,2030,,,,,,0.0495,,,,,,,,,,,,,,,,,,,,,,,,,,,,,,,,
BAU,0,E5IPPUCARBONATE_ASH,T5CARBONATE_ASHIPPU,,2031,,,,,,0.0514,,,,,,,,,,,,,,,,,,,,,,,,,,,,,,,,
BAU,0,E5IPPUCARBONATE_ASH,T5CARBONATE_ASHIPPU,,2032,,,,,,0.0533,,,,,,,,,,,,,,,,,,,,,,,,,,,,,,,,
BAU,0,E5IPPUCARBONATE_ASH,T5CARBONATE_ASHIPPU,,2033,,,,,,0.0554,,,,,,,,,,,,,,,,,,,,,,,,,,,,,,,,
BAU,0,E5IPPUCARBONATE_ASH,T5CARBONATE_ASHIPPU,,2034,,,,,,0.0575,,,,,,,,,,,,,,,,,,,,,,,,,,,,,,,,
BAU,0,E5IPPUCARBONATE_ASH,T5CARBONATE_ASHIPPU,,2035,,,,,,0.0596,,,,,,,,,,,,,,,,,,,,,,,,,,,,,,,,
BAU,0,E5IPPUCARBONATE_ASH,T5CARBONATE_ASHIPPU,,2036,,,,,,0.0619,,,,,,,,,,,,,,,,,,,,,,,,,,,,,,,,
BAU,0,E5IPPUCARBONATE_ASH,T5CARBONATE_ASHIPPU,,2037,,,,,,0.0643,,,,,,,,,,,,,,,,,,,,,,,,,,,,,,,,
BAU,0,E5IPPUCARBONATE_ASH,T5CARBONATE_ASHIPPU,,2038,,,,,,0.0667,,,,,,,,,,,,,,,,,,,,,,,,,,,,,,,,
BAU,0,E5IPPUCARBONATE_ASH,T5CARBONATE_ASHIPPU,,2039,,,,,,0.0692,,,,,,,,,,,,,,,,,,,,,,,,,,,,,,,,
BAU,0,E5IPPUCARBONATE_ASH,T5CARBONATE_ASHIPPU,,2040,,,,,,0.0719,,,,,,,,,,,,,,,,,,,,,,,,,,,,,,,,
BAU,0,E5IPPUCARBONATE_ASH,T5CARBONATE_ASHIPPU,,2041,,,,,,0.0746,,,,,,,,,,,,,,,,,,,,,,,,,,,,,,,,
BAU,0,E5IPPUCARBONATE_ASH,T5CARBONATE_ASHIPPU,,2042,,,,,,0.0774,,,,,,,,,,,,,,,,,,,,,,,,,,,,,,,,
BAU,0,E5IPPUCARBONATE_ASH,T5CARBONATE_ASHIPPU,,2043,,,,,,0.0804,,,,,,,,,,,,,,,,,,,,,,,,,,,,,,,,
BAU,0,E5IPPUCARBONATE_ASH,T5CARBONATE_ASHIPPU,,2044,,,,,,0.0834,,,,,,,,,,,,,,,,,,,,,,,,,,,,,,,,
BAU,0,E5IPPUCARBONATE_ASH,T5CARBONATE_ASHIPPU,,2045,,,,,,0.0866,,,,,,,,,,,,,,,,,,,,,,,,,,,,,,,,
BAU,0,E5IPPUCARBONATE_ASH,T5CARBONATE_ASHIPPU,,2046,,,,,,0.0899,,,,,,,,,,,,,,,,,,,,,,,,,,,,,,,,
BAU,0,E5IPPUCARBONATE_ASH,T5CARBONATE_ASHIPPU,,2047,,,,,,0.0933,,,,,,,,,,,,,,,,,,,,,,,,,,,,,,,,
BAU,0,E5IPPUCARBONATE_ASH,T5CARBONATE_ASHIPPU,,2048,,,,,,0.0968,,,,,,,,,,,,,,,,,,,,,,,,,,,,,,,,
BAU,0,E5IPPUCARBONATE_ASH,T5CARBONATE_ASHIPPU,,2049,,,,,,0.1005,,,,,,,,,,,,,,,,,,,,,,,,,,,,,,,,
BAU,0,E5IPPUCARBONATE_ASH,T5CARBONATE_ASHIPPU,,2050,,,,,,0.1043,,,,,,,,,,,,,,,,,,,,,,,,,,,,,,,,
BAU,0,E5IPPUIRON_STEEL,T5IRON_STEELIPPU,,2018,,,,,,0.2812,,,,,,,,,,,,,,,,,,,,,,,,,,,,,,,,
BAU,0,E5IPPUIRON_STEEL,T5IRON_STEELIPPU,,2019,,,,,,0.294,,,,,,,,,,,,,,,,,,,,,,,,,,,,,,,,
BAU,0,E5IPPUIRON_STEEL,T5IRON_STEELIPPU,,2020,,,,,,0.3069,,,,,,,,,,,,,,,,,,,,,,,,,,,,,,,,
BAU,0,E5IPPUIRON_STEEL,T5IRON_STEELIPPU,,2021,,,,,,0.2711,,,,,,,,,,,,,,,,,,,,,,,,,,,,,,,,
BAU,0,E5IPPUIRON_STEEL,T5IRON_STEELIPPU,,2022,,,,,,0.1335,,,,,,,,,,,,,,,,,,,,,,,,,,,,,,,,
BAU,0,E5IPPUIRON_STEEL,T5IRON_STEELIPPU,,2023,,,,,,0.1386,,,,,,,,,,,,,,,,,,,,,,,,,,,,,,,,
BAU,0,E5IPPUIRON_STEEL,T5IRON_STEELIPPU,,2024,,,,,,0.1438,,,,,,,,,,,,,,,,,,,,,,,,,,,,,,,,
BAU,0,E5IPPUIRON_STEEL,T5IRON_STEELIPPU,,2025,,,,,,0.1493,,,,,,,,,,,,,,,,,,,,,,,,,,,,,,,,
BAU,0,E5IPPUIRON_STEEL,T5IRON_STEELIPPU,,2026,,,,,,0.155,,,,,,,,,,,,,,,,,,,,,,,,,,,,,,,,
BAU,0,E5IPPUIRON_STEEL,T5IRON_STEELIPPU,,2027,,,,,,0.1609,,,,,,,,,,,,,,,,,,,,,,,,,,,,,,,,
BAU,0,E5IPPUIRON_STEEL,T5IRON_STEELIPPU,,2028,,,,,,0.167,,,,,,,,,,,,,,,,,,,,,,,,,,,,,,,,
BAU,0,E5IPPUIRON_STEEL,T5IRON_STEELIPPU,,2029,,,,,,0.1733,,,,,,,,,,,,,,,,,,,,,,,,,,,,,,,,
BAU,0,E5IPPUIRON_STEEL,T5IRON_STEELIPPU,,2030,,,,,,0.1799,,,,,,,,,,,,,,,,,,,,,,,,,,,,,,,,
BAU,0,E5IPPUIRON_STEEL,T5IRON_STEELIPPU,,2031,,,,,,0.1867,,,,,,,,,,,,,,,,,,,,,,,,,,,,,,,,
BAU,0,E5IPPUIRON_STEEL,T5IRON_STEELIPPU,,2032,,,,,,0.1938,,,,,,,,,,,,,,,,,,,,,,,,,,,,,,,,
BAU,0,E5IPPUIRON_STEEL,T5IRON_STEELIPPU,,2033,,,,,,0.2012,,,,,,,,,,,,,,,,,,,,,,,,,,,,,,,,
BAU,0,E5IPPUIRON_STEEL,T5IRON_STEELIPPU,,2034,,,,,,0.2089,,,,,,,,,,,,,,,,,,,,,,,,,,,,,,,,
BAU,0,E5IPPUIRON_STEEL,T5IRON_STEELIPPU,,2035,,,,,,0.2168,,,,,,,,,,,,,,,,,,,,,,,,,,,,,,,,
BAU,0,E5IPPUIRON_STEEL,T5IRON_STEELIPPU,,2036,,,,,,0.225,,,,,,,,,,,,,,,,,,,,,,,,,,,,,,,,
BAU,0,E5IPPUIRON_STEEL,T5IRON_STEELIPPU,,2037,,,,,,0.2336,,,,,,,,,,,,,,,,,,,,,,,,,,,,,,,,
BAU,0,E5IPPUIRON_STEEL,T5IRON_STEELIPPU,,2038,,,,,,0.2425,,,,,,,,,,,,,,,,,,,,,,,,,,,,,,,,
BAU,0,E5IPPUIRON_STEEL,T5IRON_STEELIPPU,,2039,,,,,,0.2517,,,,,,,,,,,,,,,,,,,,,,,,,,,,,,,,
BAU,0,E5IPPUIRON_STEEL,T5IRON_STEELIPPU,,2040,,,,,,0.2612,,,,,,,,,,,,,,,,,,,,,,,,,,,,,,,,
BAU,0,E5IPPUIRON_STEEL,T5IRON_STEELIPPU,,2041,,,,,,0.2712,,,,,,,,,,,,,,,,,,,,,,,,,,,,,,,,
BAU,0,E5IPPUIRON_STEEL,T5IRON_STEELIPPU,,2042,,,,,,0.2815,,,,,,,,,,,,,,,,,,,,,,,,,,,,,,,,
BAU,0,E5IPPUIRON_STEEL,T5IRON_STEELIPPU,,2043,,,,,,0.2922,,,,,,,,,,,,,,,,,,,,,,,,,,,,,,,,
BAU,0,E5IPPUIRON_STEEL,T5IRON_STEELIPPU,,2044,,,,,,0.3033,,,,,,,,,,,,,,,,,,,,,,,,,,,,,,,,
BAU,0,E5IPPUIRON_STEEL,T5IRON_STEELIPPU,,2045,,,,,,0.3148,,,,,,,,,,,,,,,,,,,,,,,,,,,,,,,,
BAU,0,E5IPPUIRON_STEEL,T5IRON_STEELIPPU,,2046,,,,,,0.3268,,,,,,,,,,,,,,,,,,,,,,,,,,,,,,,,
BAU,0,E5IPPUIRON_STEEL,T5IRON_STEELIPPU,,2047,,,,,,0.3392,,,,,,,,,,,,,,,,,,,,,,,,,,,,,,,,
BAU,0,E5IPPUIRON_STEEL,T5IRON_STEELIPPU,,2048,,,,,,0.3521,,,,,,,,,,,,,,,,,,,,,,,,,,,,,,,,
BAU,0,E5IPPUIRON_STEEL,T5IRON_STEELIPPU,,2049,,,,,,0.3654,,,,,,,,,,,,,,,,,,,,,,,,,,,,,,,,
BAU,0,E5IPPUIRON_STEEL,T5IRON_STEELIPPU,,2050,,,,,,0.3793,,,,,,,,,,,,,,,,,,,,,,,,,,,,,,,,
BAU,0,E5IPPUPROD_FERRO,T5PROD_FERROIPPU,,2018,,,,,,0.3735,,,,,,,,,,,,,,,,,,,,,,,,,,,,,,,,
BAU,0,E5IPPUPROD_FERRO,T5PROD_FERROIPPU,,2019,,,,,,0.4729,,,,,,,,,,,,,,,,,,,,,,,,,,,,,,,,
BAU,0,E5IPPUPROD_FERRO,T5PROD_FERROIPPU,,2020,,,,,,0.5724,,,,,,,,,,,,,,,,,,,,,,,,,,,,,,,,
BAU,0,E5IPPUPROD_FERRO,T5PROD_FERROIPPU,,2021,,,,,,0.0605,,,,,,,,,,,,,,,,,,,,,,,,,,,,,,,,
BAU,0,E5IPPUPROD_FERRO,T5PROD_FERROIPPU,,2022,,,,,,0.0279,,,,,,,,,,,,,,,,,,,,,,,,,,,,,,,,
BAU,0,E5IPPUPROD_FERRO,T5PROD_FERROIPPU,,2023,,,,,,0.029,,,,,,,,,,,,,,,,,,,,,,,,,,,,,,,,
BAU,0,E5IPPUPROD_FERRO,T5PROD_FERROIPPU,,2024,,,,,,0.0301,,,,,,,,,,,,,,,,,,,,,,,,,,,,,,,,
BAU,0,E5IPPUPROD_FERRO,T5PROD_FERROIPPU,,2025,,,,,,0.0312,,,,,,,,,,,,,,,,,,,,,,,,,,,,,,,,
BAU,0,E5IPPUPROD_FERRO,T5PROD_FERROIPPU,,2026,,,,,,0.0324,,,,,,,,,,,,,,,,,,,,,,,,,,,,,,,,
BAU,0,E5IPPUPROD_FERRO,T5PROD_FERROIPPU,,2027,,,,,,0.0336,,,,,,,,,,,,,,,,,,,,,,,,,,,,,,,,
BAU,0,E5IPPUPROD_FERRO,T5PROD_FERROIPPU,,2028,,,,,,0.0349,,,,,,,,,,,,,,,,,,,,,,,,,,,,,,,,
BAU,0,E5IPPUPROD_FERRO,T5PROD_FERROIPPU,,2029,,,,,,0.0363,,,,,,,,,,,,,,,,,,,,,,,,,,,,,,,,
BAU,0,E5IPPUPROD_FERRO,T5PROD_FERROIPPU,,2030,,,,,,0.0376,,,,,,,,,,,,,,,,,,,,,,,,,,,,,,,,
BAU,0,E5IPPUPROD_FERRO,T5PROD_FERROIPPU,,2031,,,,,,0.0391,,,,,,,,,,,,,,,,,,,,,,,,,,,,,,,,
BAU,0,E5IPPUPROD_FERRO,T5PROD_FERROIPPU,,2032,,,,,,0.0405,,,,,,,,,,,,,,,,,,,,,,,,,,,,,,,,
BAU,0,E5IPPUPROD_FERRO,T5PROD_FERROIPPU,,2033,,,,,,0.0421,,,,,,,,,,,,,,,,,,,,,,,,,,,,,,,,
BAU,0,E5IPPUPROD_FERRO,T5PROD_FERROIPPU,,2034,,,,,,0.0437,,,,,,,,,,,,,,,,,,,,,,,,,,,,,,,,
BAU,0,E5IPPUPROD_FERRO,T5PROD_FERROIPPU,,2035,,,,,,0.0453,,,,,,,,,,,,,,,,,,,,,,,,,,,,,,,,
BAU,0,E5IPPUPROD_FERRO,T5PROD_FERROIPPU,,2036,,,,,,0.0471,,,,,,,,,,,,,,,,,,,,,,,,,,,,,,,,
BAU,0,E5IPPUPROD_FERRO,T5PROD_FERROIPPU,,2037,,,,,,0.0489,,,,,,,,,,,,,,,,,,,,,,,,,,,,,,,,
BAU,0,E5IPPUPROD_FERRO,T5PROD_FERROIPPU,,2038,,,,,,0.0507,,,,,,,,,,,,,,,,,,,,,,,,,,,,,,,,
BAU,0,E5IPPUPROD_FERRO,T5PROD_FERROIPPU,,2039,,,,,,0.0526,,,,,,,,,,,,,,,,,,,,,,,,,,,,,,,,
BAU,0,E5IPPUPROD_FERRO,T5PROD_FERROIPPU,,2040,,,,,,0.0546,,,,,,,,,,,,,,,,,,,,,,,,,,,,,,,,
BAU,0,E5IPPUPROD_FERRO,T5PROD_FERROIPPU,,2041,,,,,,0.0567,,,,,,,,,,,,,,,,,,,,,,,,,,,,,,,,
BAU,0,E5IPPUPROD_FERRO,T5PROD_FERROIPPU,,2042,,,,,,0.0589,,,,,,,,,,,,,,,,,,,,,,,,,,,,,,,,
BAU,0,E5IPPUPROD_FERRO,T5PROD_FERROIPPU,,2043,,,,,,0.0611,,,,,,,,,,,,,,,,,,,,,,,,,,,,,,,,
BAU,0,E5IPPUPROD_FERRO,T5PROD_FERROIPPU,,2044,,,,,,0.0634,,,,,,,,,,,,,,,,,,,,,,,,,,,,,,,,
BAU,0,E5IPPUPROD_FERRO,T5PROD_FERROIPPU,,2045,,,,,,0.0658,,,,,,,,,,,,,,,,,,,,,,,,,,,,,,,,
BAU,0,E5IPPUPROD_FERRO,T5PROD_FERROIPPU,,2046,,,,,,0.0683,,,,,,,,,,,,,,,,,,,,,,,,,,,,,,,,
BAU,0,E5IPPUPROD_FERRO,T5PROD_FERROIPPU,,2047,,,,,,0.0709,,,,,,,,,,,,,,,,,,,,,,,,,,,,,,,,
BAU,0,E5IPPUPROD_FERRO,T5PROD_FERROIPPU,,2048,,,,,,0.0736,,,,,,,,,,,,,,,,,,,,,,,,,,,,,,,,
BAU,0,E5IPPUPROD_FERRO,T5PROD_FERROIPPU,,2049,,,,,,0.0764,,,,,,,,,,,,,,,,,,,,,,,,,,,,,,,,
BAU,0,E5IPPUPROD_FERRO,T5PROD_FERROIPPU,,2050,,,,,,0.0793,,,,,,,,,,,,,,,,,,,,,,,,,,,,,,,,
BAU,0,E5IPPULUBRI_OILS,T5LUBRI_OILSIPPU,,2018,,,,,,0.0442,,,,,,,,,,,,,,,,,,,,,,,,,,,,,,,,
BAU,0,E5IPPULUBRI_OILS,T5LUBRI_OILSIPPU,,2019,,,,,,0.0084,,,,,,,,,,,,,,,,,,,,,,,,,,,,,,,,
BAU,0,E5IPPULUBRI_OILS,T5LUBRI_OILSIPPU,,2020,,,,,,0.0084,,,,,,,,,,,,,,,,,,,,,,,,,,,,,,,,
BAU,0,E5IPPULUBRI_OILS,T5LUBRI_OILSIPPU,,2021,,,,,,0.0598,,,,,,,,,,,,,,,,,,,,,,,,,,,,,,,,
BAU,0,E5IPPULUBRI_OILS,T5LUBRI_OILSIPPU,,2022,,,,,,0.0598,,,,,,,,,,,,,,,,,,,,,,,,,,,,,,,,
BAU,0,E5IPPULUBRI_OILS,T5LUBRI_OILSIPPU,,2023,,,,,,0.062,,,,,,,,,,,,,,,,,,,,,,,,,,,,,,,,
BAU,0,E5IPPULUBRI_OILS,T5LUBRI_OILSIPPU,,2024,,,,,,0.0644,,,,,,,,,,,,,,,,,,,,,,,,,,,,,,,,
BAU,0,E5IPPULUBRI_OILS,T5LUBRI_OILSIPPU,,2025,,,,,,0.0668,,,,,,,,,,,,,,,,,,,,,,,,,,,,,,,,
BAU,0,E5IPPULUBRI_OILS,T5LUBRI_OILSIPPU,,2026,,,,,,0.0694,,,,,,,,,,,,,,,,,,,,,,,,,,,,,,,,
BAU,0,E5IPPULUBRI_OILS,T5LUBRI_OILSIPPU,,2027,,,,,,0.072,,,,,,,,,,,,,,,,,,,,,,,,,,,,,,,,
BAU,0,E5IPPULUBRI_OILS,T5LUBRI_OILSIPPU,,2028,,,,,,0.0747,,,,,,,,,,,,,,,,,,,,,,,,,,,,,,,,
BAU,0,E5IPPULUBRI_OILS,T5LUBRI_OILSIPPU,,2029,,,,,,0.0776,,,,,,,,,,,,,,,,,,,,,,,,,,,,,,,,
BAU,0,E5IPPULUBRI_OILS,T5LUBRI_OILSIPPU,,2030,,,,,,0.0805,,,,,,,,,,,,,,,,,,,,,,,,,,,,,,,,
BAU,0,E5IPPULUBRI_OILS,T5LUBRI_OILSIPPU,,2031,,,,,,0.0836,,,,,,,,,,,,,,,,,,,,,,,,,,,,,,,,
BAU,0,E5IPPULUBRI_OILS,T5LUBRI_OILSIPPU,,2032,,,,,,0.0868,,,,,,,,,,,,,,,,,,,,,,,,,,,,,,,,
BAU,0,E5IPPULUBRI_OILS,T5LUBRI_OILSIPPU,,2033,,,,,,0.0901,,,,,,,,,,,,,,,,,,,,,,,,,,,,,,,,
BAU,0,E5IPPULUBRI_OILS,T5LUBRI_OILSIPPU,,2034,,,,,,0.0935,,,,,,,,,,,,,,,,,,,,,,,,,,,,,,,,
BAU,0,E5IPPULUBRI_OILS,T5LUBRI_OILSIPPU,,2035,,,,,,0.097,,,,,,,,,,,,,,,,,,,,,,,,,,,,,,,,
BAU,0,E5IPPULUBRI_OILS,T5LUBRI_OILSIPPU,,2036,,,,,,0.1007,,,,,,,,,,,,,,,,,,,,,,,,,,,,,,,,
BAU,0,E5IPPULUBRI_OILS,T5LUBRI_OILSIPPU,,2037,,,,,,0.1045,,,,,,,,,,,,,,,,,,,,,,,,,,,,,,,,
BAU,0,E5IPPULUBRI_OILS,T5LUBRI_OILSIPPU,,2038,,,,,,0.1085,,,,,,,,,,,,,,,,,,,,,,,,,,,,,,,,
BAU,0,E5IPPULUBRI_OILS,T5LUBRI_OILSIPPU,,2039,,,,,,0.1126,,,,,,,,,,,,,,,,,,,,,,,,,,,,,,,,
BAU,0,E5IPPULUBRI_OILS,T5LUBRI_OILSIPPU,,2040,,,,,,0.1169,,,,,,,,,,,,,,,,,,,,,,,,,,,,,,,,
BAU,0,E5IPPULUBRI_OILS,T5LUBRI_OILSIPPU,,2041,,,,,,0.1214,,,,,,,,,,,,,,,,,,,,,,,,,,,,,,,,
BAU,0,E5IPPULUBRI_OILS,T5LUBRI_OILSIPPU,,2042,,,,,,0.126,,,,,,,,,,,,,,,,,,,,,,,,,,,,,,,,
BAU,0,E5IPPULUBRI_OILS,T5LUBRI_OILSIPPU,,2043,,,,,,0.1308,,,,,,,,,,,,,,,,,,,,,,,,,,,,,,,,
BAU,0,E5IPPULUBRI_OILS,T5LUBRI_OILSIPPU,,2044,,,,,,0.1357,,,,,,,,,,,,,,,,,,,,,,,,,,,,,,,,
BAU,0,E5IPPULUBRI_OILS,T5LUBRI_OILSIPPU,,2045,,,,,,0.1409,,,,,,,,,,,,,,,,,,,,,,,,,,,,,,,,
BAU,0,E5IPPULUBRI_OILS,T5LUBRI_OILSIPPU,,2046,,,,,,0.1462,,,,,,,,,,,,,,,,,,,,,,,,,,,,,,,,
BAU,0,E5IPPULUBRI_OILS,T5LUBRI_OILSIPPU,,2047,,,,,,0.1518,,,,,,,,,,,,,,,,,,,,,,,,,,,,,,,,
BAU,0,E5IPPULUBRI_OILS,T5LUBRI_OILSIPPU,,2048,,,,,,0.1576,,,,,,,,,,,,,,,,,,,,,,,,,,,,,,,,
BAU,0,E5IPPULUBRI_OILS,T5LUBRI_OILSIPPU,,2049,,,,,,0.1636,,,,,,,,,,,,,,,,,,,,,,,,,,,,,,,,
BAU,0,E5IPPULUBRI_OILS,T5LUBRI_OILSIPPU,,2050,,,,,,0.1698,,,,,,,,,,,,,,,,,,,,,,,,,,,,,,,,
BAU,0,E5IPPUPARAFFIN,T5PARAFFINIPPU,,2018,,,,,,0.0092,,,,,,,,,,,,,,,,,,,,,,,,,,,,,,,,
BAU,0,E5IPPUPARAFFIN,T5PARAFFINIPPU,,2019,,,,,,0.0019,,,,,,,,,,,,,,,,,,,,,,,,,,,,,,,,
BAU,0,E5IPPUPARAFFIN,T5PARAFFINIPPU,,2020,,,,,,0.0031,,,,,,,,,,,,,,,,,,,,,,,,,,,,,,,,
BAU,0,E5IPPUPARAFFIN,T5PARAFFINIPPU,,2021,,,,,,0.0165,,,,,,,,,,,,,,,,,,,,,,,,,,,,,,,,
BAU,0,E5IPPUPARAFFIN,T5PARAFFINIPPU,,2022,,,,,,0.0167,,,,,,,,,,,,,,,,,,,,,,,,,,,,,,,,
BAU,0,E5IPPUPARAFFIN,T5PARAFFINIPPU,,2023,,,,,,0.0173,,,,,,,,,,,,,,,,,,,,,,,,,,,,,,,,
BAU,0,E5IPPUPARAFFIN,T5PARAFFINIPPU,,2024,,,,,,0.018,,,,,,,,,,,,,,,,,,,,,,,,,,,,,,,,
BAU,0,E5IPPUPARAFFIN,T5PARAFFINIPPU,,2025,,,,,,0.0186,,,,,,,,,,,,,,,,,,,,,,,,,,,,,,,,
BAU,0,E5IPPUPARAFFIN,T5PARAFFINIPPU,,2026,,,,,,0.0194,,,,,,,,,,,,,,,,,,,,,,,,,,,,,,,,
BAU,0,E5IPPUPARAFFIN,T5PARAFFINIPPU,,2027,,,,,,0.0201,,,,,,,,,,,,,,,,,,,,,,,,,,,,,,,,
BAU,0,E5IPPUPARAFFIN,T5PARAFFINIPPU,,2028,,,,,,0.0209,,,,,,,,,,,,,,,,,,,,,,,,,,,,,,,,
BAU,0,E5IPPUPARAFFIN,T5PARAFFINIPPU,,2029,,,,,,0.0216,,,,,,,,,,,,,,,,,,,,,,,,,,,,,,,,
BAU,0,E5IPPUPARAFFIN,T5PARAFFINIPPU,,2030,,,,,,0.0225,,,,,,,,,,,,,,,,,,,,,,,,,,,,,,,,
BAU,0,E5IPPUPARAFFIN,T5PARAFFINIPPU,,2031,,,,,,0.0233,,,,,,,,,,,,,,,,,,,,,,,,,,,,,,,,
BAU,0,E5IPPUPARAFFIN,T5PARAFFINIPPU,,2032,,,,,,0.0242,,,,,,,,,,,,,,,,,,,,,,,,,,,,,,,,
BAU,0,E5IPPUPARAFFIN,T5PARAFFINIPPU,,2033,,,,,,0.0251,,,,,,,,,,,,,,,,,,,,,,,,,,,,,,,,
BAU,0,E5IPPUPARAFFIN,T5PARAFFINIPPU,,2034,,,,,,0.0261,,,,,,,,,,,,,,,,,,,,,,,,,,,,,,,,
BAU,0,E5IPPUPARAFFIN,T5PARAFFINIPPU,,2035,,,,,,0.0271,,,,,,,,,,,,,,,,,,,,,,,,,,,,,,,,
BAU,0,E5IPPUPARAFFIN,T5PARAFFINIPPU,,2036,,,,,,0.0281,,,,,,,,,,,,,,,,,,,,,,,,,,,,,,,,
BAU,0,E5IPPUPARAFFIN,T5PARAFFINIPPU,,2037,,,,,,0.0292,,,,,,,,,,,,,,,,,,,,,,,,,,,,,,,,
BAU,0,E5IPPUPARAFFIN,T5PARAFFINIPPU,,2038,,,,,,0.0303,,,,,,,,,,,,,,,,,,,,,,,,,,,,,,,,
BAU,0,E5IPPUPARAFFIN,T5PARAFFINIPPU,,2039,,,,,,0.0314,,,,,,,,,,,,,,,,,,,,,,,,,,,,,,,,
BAU,0,E5IPPUPARAFFIN,T5PARAFFINIPPU,,2040,,,,,,0.0326,,,,,,,,,,,,,,,,,,,,,,,,,,,,,,,,
BAU,0,E5IPPUPARAFFIN,T5PARAFFINIPPU,,2041,,,,,,0.0339,,,,,,,,,,,,,,,,,,,,,,,,,,,,,,,,
BAU,0,E5IPPUPARAFFIN,T5PARAFFINIPPU,,2042,,,,,,0.0351,,,,,,,,,,,,,,,,,,,,,,,,,,,,,,,,
BAU,0,E5IPPUPARAFFIN,T5PARAFFINIPPU,,2043,,,,,,0.0365,,,,,,,,,,,,,,,,,,,,,,,,,,,,,,,,
BAU,0,E5IPPUPARAFFIN,T5PARAFFINIPPU,,2044,,,,,,0.0379,,,,,,,,,,,,,,,,,,,,,,,,,,,,,,,,
BAU,0,E5IPPUPARAFFIN,T5PARAFFINIPPU,,2045,,,,,,0.0393,,,,,,,,,,,,,,,,,,,,,,,,,,,,,,,,
BAU,0,E5IPPUPARAFFIN,T5PARAFFINIPPU,,2046,,,,,,0.0408,,,,,,,,,,,,,,,,,,,,,,,,,,,,,,,,
BAU,0,E5IPPUPARAFFIN,T5PARAFFINIPPU,,2047,,,,,,0.0424,,,,,,,,,,,,,,,,,,,,,,,,,,,,,,,,
BAU,0,E5IPPUPARAFFIN,T5PARAFFINIPPU,,2048,,,,,,0.044,,,,,,,,,,,,,,,,,,,,,,,,,,,,,,,,
BAU,0,E5IPPUPARAFFIN,T5PARAFFINIPPU,,2049,,,,,,0.0456,,,,,,,,,,,,,,,,,,,,,,,,,,,,,,,,
BAU,0,E5IPPUPARAFFIN,T5PARAFFINIPPU,,2050,,,,,,0.0474,,,,,,,,,,,,,,,,,,,,,,,,,,,,,,,,
BAU,0,E5IPPUREFR_AC_HFC32,T5REFR_AC_HFC32IPPU,,2018,,,,,,0.0165,,,,,,,,,,,,,,,,,,,,,,,,,,,,,,,,
BAU,0,E5IPPUREFR_AC_HFC32,T5REFR_AC_HFC32IPPU,,2019,,,,,,0.0285,,,,,,,,,,,,,,,,,,,,,,,,,,,,,,,,
BAU,0,E5IPPUREFR_AC_HFC32,T5REFR_AC_HFC32IPPU,,2020,,,,,,0.0349,,,,,,,,,,,,,,,,,,,,,,,,,,,,,,,,
BAU,0,E5IPPUREFR_AC_HFC32,T5REFR_AC_HFC32IPPU,,2021,,,,,,0.0394,,,,,,,,,,,,,,,,,,,,,,,,,,,,,,,,
BAU,0,E5IPPUREFR_AC_HFC32,T5REFR_AC_HFC32IPPU,,2022,,,,,,0.0519,,,,,,,,,,,,,,,,,,,,,,,,,,,,,,,,
BAU,0,E5IPPUREFR_AC_HFC32,T5REFR_AC_HFC32IPPU,,2023,,,,,,0.0532,,,,,,,,,,,,,,,,,,,,,,,,,,,,,,,,
BAU,0,E5IPPUREFR_AC_HFC32,T5REFR_AC_HFC32IPPU,,2024,,,,,,0.0545,,,,,,,,,,,,,,,,,,,,,,,,,,,,,,,,
BAU,0,E5IPPUREFR_AC_HFC32,T5REFR_AC_HFC32IPPU,,2025,,,,,,0.0559,,,,,,,,,,,,,,,,,,,,,,,,,,,,,,,,
BAU,0,E5IPPUREFR_AC_HFC32,T5REFR_AC_HFC32IPPU,,2026,,,,,,0.0573,,,,,,,,,,,,,,,,,,,,,,,,,,,,,,,,
BAU,0,E5IPPUREFR_AC_HFC32,T5REFR_AC_HFC32IPPU,,2027,,,,,,0.0587,,,,,,,,,,,,,,,,,,,,,,,,,,,,,,,,
BAU,0,E5IPPUREFR_AC_HFC32,T5REFR_AC_HFC32IPPU,,2028,,,,,,0.0602,,,,,,,,,,,,,,,,,,,,,,,,,,,,,,,,
BAU,0,E5IPPUREFR_AC_HFC32,T5REFR_AC_HFC32IPPU,,2029,,,,,,0.0617,,,,,,,,,,,,,,,,,,,,,,,,,,,,,,,,
BAU,0,E5IPPUREFR_AC_HFC32,T5REFR_AC_HFC32IPPU,,2030,,,,,,0.0633,,,,,,,,,,,,,,,,,,,,,,,,,,,,,,,,
BAU,0,E5IPPUREFR_AC_HFC32,T5REFR_AC_HFC32IPPU,,2031,,,,,,0.0648,,,,,,,,,,,,,,,,,,,,,,,,,,,,,,,,
BAU,0,E5IPPUREFR_AC_HFC32,T5REFR_AC_HFC32IPPU,,2032,,,,,,0.0665,,,,,,,,,,,,,,,,,,,,,,,,,,,,,,,,
BAU,0,E5IPPUREFR_AC_HFC32,T5REFR_AC_HFC32IPPU,,2033,,,,,,0.0681,,,,,,,,,,,,,,,,,,,,,,,,,,,,,,,,
BAU,0,E5IPPUREFR_AC_HFC32,T5REFR_AC_HFC32IPPU,,2034,,,,,,0.0698,,,,,,,,,,,,,,,,,,,,,,,,,,,,,,,,
BAU,0,E5IPPUREFR_AC_HFC32,T5REFR_AC_HFC32IPPU,,2035,,,,,,0.0716,,,,,,,,,,,,,,,,,,,,,,,,,,,,,,,,
BAU,0,E5IPPUREFR_AC_HFC32,T5REFR_AC_HFC32IPPU,,2036,,,,,,0.0734,,,,,,,,,,,,,,,,,,,,,,,,,,,,,,,,
BAU,0,E5IPPUREFR_AC_HFC32,T5REFR_AC_HFC32IPPU,,2037,,,,,,0.0752,,,,,,,,,,,,,,,,,,,,,,,,,,,,,,,,
BAU,0,E5IPPUREFR_AC_HFC32,T5REFR_AC_HFC32IPPU,,2038,,,,,,0.0771,,,,,,,,,,,,,,,,,,,,,,,,,,,,,,,,
BAU,0,E5IPPUREFR_AC_HFC32,T5REFR_AC_HFC32IPPU,,2039,,,,,,0.079,,,,,,,,,,,,,,,,,,,,,,,,,,,,,,,,
BAU,0,E5IPPUREFR_AC_HFC32,T5REFR_AC_HFC32IPPU,,2040,,,,,,0.081,,,,,,,,,,,,,,,,,,,,,,,,,,,,,,,,
BAU,0,E5IPPUREFR_AC_HFC32,T5REFR_AC_HFC32IPPU,,2041,,,,,,0.083,,,,,,,,,,,,,,,,,,,,,,,,,,,,,,,,
BAU,0,E5IPPUREFR_AC_HFC32,T5REFR_AC_HFC32IPPU,,2042,,,,,,0.0851,,,,,,,,,,,,,,,,,,,,,,,,,,,,,,,,
BAU,0,E5IPPUREFR_AC_HFC32,T5REFR_AC_HFC32IPPU,,2043,,,,,,0.0872,,,,,,,,,,,,,,,,,,,,,,,,,,,,,,,,
BAU,0,E5IPPUREFR_AC_HFC32,T5REFR_AC_HFC32IPPU,,2044,,,,,,0.0894,,,,,,,,,,,,,,,,,,,,,,,,,,,,,,,,
BAU,0,E5IPPUREFR_AC_HFC32,T5REFR_AC_HFC32IPPU,,2045,,,,,,0.0916,,,,,,,,,,,,,,,,,,,,,,,,,,,,,,,,
BAU,0,E5IPPUREFR_AC_HFC32,T5REFR_AC_HFC32IPPU,,2046,,,,,,0.0939,,,,,,,,,,,,,,,,,,,,,,,,,,,,,,,,
BAU,0,E5IPPUREFR_AC_HFC32,T5REFR_AC_HFC32IPPU,,2047,,,,,,0.0963,,,,,,,,,,,,,,,,,,,,,,,,,,,,,,,,
BAU,0,E5IPPUREFR_AC_HFC32,T5REFR_AC_HFC32IPPU,,2048,,,,,,0.0987,,,,,,,,,,,,,,,,,,,,,,,,,,,,,,,,
BAU,0,E5IPPUREFR_AC_HFC32,T5REFR_AC_HFC32IPPU,,2049,,,,,,0.1011,,,,,,,,,,,,,,,,,,,,,,,,,,,,,,,,
BAU,0,E5IPPUREFR_AC_HFC32,T5REFR_AC_HFC32IPPU,,2050,,,,,,0.1037,,,,,,,,,,,,,,,,,,,,,,,,,,,,,,,,
BAU,0,E5IPPUREFR_AC_HFC125,T5REFR_AC_HFC125IPPU,,2018,,,,,,0.0175,,,,,,,,,,,,,,,,,,,,,,,,,,,,,,,,
BAU,0,E5IPPUREFR_AC_HFC125,T5REFR_AC_HFC125IPPU,,2019,,,,,,0.0238,,,,,,,,,,,,,,,,,,,,,,,,,,,,,,,,
BAU,0,E5IPPUREFR_AC_HFC125,T5REFR_AC_HFC125IPPU,,2020,,,,,,0.0291,,,,,,,,,,,,,,,,,,,,,,,,,,,,,,,,
BAU,0,E5IPPUREFR_AC_HFC125,T5REFR_AC_HFC125IPPU,,2021,,,,,,0.0321,,,,,,,,,,,,,,,,,,,,,,,,,,,,,,,,
BAU,0,E5IPPUREFR_AC_HFC125,T5REFR_AC_HFC125IPPU,,2022,,,,,,0.0429,,,,,,,,,,,,,,,,,,,,,,,,,,,,,,,,
BAU,0,E5IPPUREFR_AC_HFC125,T5REFR_AC_HFC125IPPU,,2023,,,,,,0.044,,,,,,,,,,,,,,,,,,,,,,,,,,,,,,,,
BAU,0,E5IPPUREFR_AC_HFC125,T5REFR_AC_HFC125IPPU,,2024,,,,,,0.0451,,,,,,,,,,,,,,,,,,,,,,,,,,,,,,,,
BAU,0,E5IPPUREFR_AC_HFC125,T5REFR_AC_HFC125IPPU,,2025,,,,,,0.0462,,,,,,,,,,,,,,,,,,,,,,,,,,,,,,,,
BAU,0,E5IPPUREFR_AC_HFC125,T5REFR_AC_HFC125IPPU,,2026,,,,,,0.0474,,,,,,,,,,,,,,,,,,,,,,,,,,,,,,,,
BAU,0,E5IPPUREFR_AC_HFC125,T5REFR_AC_HFC125IPPU,,2027,,,,,,0.0486,,,,,,,,,,,,,,,,,,,,,,,,,,,,,,,,
BAU,0,E5IPPUREFR_AC_HFC125,T5REFR_AC_HFC125IPPU,,2028,,,,,,0.0498,,,,,,,,,,,,,,,,,,,,,,,,,,,,,,,,
BAU,0,E5IPPUREFR_AC_HFC125,T5REFR_AC_HFC125IPPU,,2029,,,,,,0.051,,,,,,,,,,,,,,,,,,,,,,,,,,,,,,,,
BAU,0,E5IPPUREFR_AC_HFC125,T5REFR_AC_HFC125IPPU,,2030,,,,,,0.0523,,,,,,,,,,,,,,,,,,,,,,,,,,,,,,,,
BAU,0,E5IPPUREFR_AC_HFC125,T5REFR_AC_HFC125IPPU,,2031,,,,,,0.0536,,,,,,,,,,,,,,,,,,,,,,,,,,,,,,,,
BAU,0,E5IPPUREFR_AC_HFC125,T5REFR_AC_HFC125IPPU,,2032,,,,,,0.0549,,,,,,,,,,,,,,,,,,,,,,,,,,,,,,,,
BAU,0,E5IPPUREFR_AC_HFC125,T5REFR_AC_HFC125IPPU,,2033,,,,,,0.0563,,,,,,,,,,,,,,,,,,,,,,,,,,,,,,,,
BAU,0,E5IPPUREFR_AC_HFC125,T5REFR_AC_HFC125IPPU,,2034,,,,,,0.0577,,,,,,,,,,,,,,,,,,,,,,,,,,,,,,,,
BAU,0,E5IPPUREFR_AC_HFC125,T5REFR_AC_HFC125IPPU,,2035,,,,,,0.0592,,,,,,,,,,,,,,,,,,,,,,,,,,,,,,,,
BAU,0,E5IPPUREFR_AC_HFC125,T5REFR_AC_HFC125IPPU,,2036,,,,,,0.0606,,,,,,,,,,,,,,,,,,,,,,,,,,,,,,,,
BAU,0,E5IPPUREFR_AC_HFC125,T5REFR_AC_HFC125IPPU,,2037,,,,,,0.0622,,,,,,,,,,,,,,,,,,,,,,,,,,,,,,,,
BAU,0,E5IPPUREFR_AC_HFC125,T5REFR_AC_HFC125IPPU,,2038,,,,,,0.0637,,,,,,,,,,,,,,,,,,,,,,,,,,,,,,,,
BAU,0,E5IPPUREFR_AC_HFC125,T5REFR_AC_HFC125IPPU,,2039,,,,,,0.0653,,,,,,,,,,,,,,,,,,,,,,,,,,,,,,,,
BAU,0,E5IPPUREFR_AC_HFC125,T5REFR_AC_HFC125IPPU,,2040,,,,,,0.0669,,,,,,,,,,,,,,,,,,,,,,,,,,,,,,,,
BAU,0,E5IPPUREFR_AC_HFC125,T5REFR_AC_HFC125IPPU,,2041,,,,,,0.0686,,,,,,,,,,,,,,,,,,,,,,,,,,,,,,,,
BAU,0,E5IPPUREFR_AC_HFC125,T5REFR_AC_HFC125IPPU,,2042,,,,,,0.0703,,,,,,,,,,,,,,,,,,,,,,,,,,,,,,,,
BAU,0,E5IPPUREFR_AC_HFC125,T5REFR_AC_HFC125IPPU,,2043,,,,,,0.0721,,,,,,,,,,,,,,,,,,,,,,,,,,,,,,,,
BAU,0,E5IPPUREFR_AC_HFC125,T5REFR_AC_HFC125IPPU,,2044,,,,,,0.0739,,,,,,,,,,,,,,,,,,,,,,,,,,,,,,,,
BAU,0,E5IPPUREFR_AC_HFC125,T5REFR_AC_HFC125IPPU,,2045,,,,,,0.0757,,,,,,,,,,,,,,,,,,,,,,,,,,,,,,,,
BAU,0,E5IPPUREFR_AC_HFC125,T5REFR_AC_HFC125IPPU,,2046,,,,,,0.0776,,,,,,,,,,,,,,,,,,,,,,,,,,,,,,,,
BAU,0,E5IPPUREFR_AC_HFC125,T5REFR_AC_HFC125IPPU,,2047,,,,,,0.0796,,,,,,,,,,,,,,,,,,,,,,,,,,,,,,,,
BAU,0,E5IPPUREFR_AC_HFC125,T5REFR_AC_HFC125IPPU,,2048,,,,,,0.0816,,,,,,,,,,,,,,,,,,,,,,,,,,,,,,,,
BAU,0,E5IPPUREFR_AC_HFC125,T5REFR_AC_HFC125IPPU,,2049,,,,,,0.0836,,,,,,,,,,,,,,,,,,,,,,,,,,,,,,,,
BAU,0,E5IPPUREFR_AC_HFC125,T5REFR_AC_HFC125IPPU,,2050,,,,,,0.0857,,,,,,,,,,,,,,,,,,,,,,,,,,,,,,,,
BAU,0,E5IPPUREFR_AC_HFC134a,T5REFR_AC_HFC134aIPPU,,2018,,,,,,0.0209,,,,,,,,,,,,,,,,,,,,,,,,,,,,,,,,
BAU,0,E5IPPUREFR_AC_HFC134a,T5REFR_AC_HFC134aIPPU,,2019,,,,,,0.0222,,,,,,,,,,,,,,,,,,,,,,,,,,,,,,,,
BAU,0,E5IPPUREFR_AC_HFC134a,T5REFR_AC_HFC134aIPPU,,2020,,,,,,0.0649,,,,,,,,,,,,,,,,,,,,,,,,,,,,,,,,
BAU,0,E5IPPUREFR_AC_HFC134a,T5REFR_AC_HFC134aIPPU,,2021,,,,,,0.1002,,,,,,,,,,,,,,,,,,,,,,,,,,,,,,,,
BAU,0,E5IPPUREFR_AC_HFC134a,T5REFR_AC_HFC134aIPPU,,2022,,,,,,0.1397,,,,,,,,,,,,,,,,,,,,,,,,,,,,,,,,
BAU,0,E5IPPUREFR_AC_HFC134a,T5REFR_AC_HFC134aIPPU,,2023,,,,,,0.1432,,,,,,,,,,,,,,,,,,,,,,,,,,,,,,,,
BAU,0,E5IPPUREFR_AC_HFC134a,T5REFR_AC_HFC134aIPPU,,2024,,,,,,0.1468,,,,,,,,,,,,,,,,,,,,,,,,,,,,,,,,
BAU,0,E5IPPUREFR_AC_HFC134a,T5REFR_AC_HFC134aIPPU,,2025,,,,,,0.1505,,,,,,,,,,,,,,,,,,,,,,,,,,,,,,,,
BAU,0,E5IPPUREFR_AC_HFC134a,T5REFR_AC_HFC134aIPPU,,2026,,,,,,0.1542,,,,,,,,,,,,,,,,,,,,,,,,,,,,,,,,
BAU,0,E5IPPUREFR_AC_HFC134a,T5REFR_AC_HFC134aIPPU,,2027,,,,,,0.1581,,,,,,,,,,,,,,,,,,,,,,,,,,,,,,,,
BAU,0,E5IPPUREFR_AC_HFC134a,T5REFR_AC_HFC134aIPPU,,2028,,,,,,0.162,,,,,,,,,,,,,,,,,,,,,,,,,,,,,,,,
BAU,0,E5IPPUREFR_AC_HFC134a,T5REFR_AC_HFC134aIPPU,,2029,,,,,,0.1661,,,,,,,,,,,,,,,,,,,,,,,,,,,,,,,,
BAU,0,E5IPPUREFR_AC_HFC134a,T5REFR_AC_HFC134aIPPU,,2030,,,,,,0.1702,,,,,,,,,,,,,,,,,,,,,,,,,,,,,,,,
BAU,0,E5IPPUREFR_AC_HFC134a,T5REFR_AC_HFC134aIPPU,,2031,,,,,,0.1745,,,,,,,,,,,,,,,,,,,,,,,,,,,,,,,,
BAU,0,E5IPPUREFR_AC_HFC134a,T5REFR_AC_HFC134aIPPU,,2032,,,,,,0.1789,,,,,,,,,,,,,,,,,,,,,,,,,,,,,,,,
BAU,0,E5IPPUREFR_AC_HFC134a,T5REFR_AC_HFC134aIPPU,,2033,,,,,,0.1833,,,,,,,,,,,,,,,,,,,,,,,,,,,,,,,,
BAU,0,E5IPPUREFR_AC_HFC134a,T5REFR_AC_HFC134aIPPU,,2034,,,,,,0.1879,,,,,,,,,,,,,,,,,,,,,,,,,,,,,,,,
BAU,0,E5IPPUREFR_AC_HFC134a,T5REFR_AC_HFC134aIPPU,,2035,,,,,,0.1926,,,,,,,,,,,,,,,,,,,,,,,,,,,,,,,,
BAU,0,E5IPPUREFR_AC_HFC134a,T5REFR_AC_HFC134aIPPU,,2036,,,,,,0.1974,,,,,,,,,,,,,,,,,,,,,,,,,,,,,,,,
BAU,0,E5IPPUREFR_AC_HFC134a,T5REFR_AC_HFC134aIPPU,,2037,,,,,,0.2024,,,,,,,,,,,,,,,,,,,,,,,,,,,,,,,,
BAU,0,E5IPPUREFR_AC_HFC134a,T5REFR_AC_HFC134aIPPU,,2038,,,,,,0.2074,,,,,,,,,,,,,,,,,,,,,,,,,,,,,,,,
BAU,0,E5IPPUREFR_AC_HFC134a,T5REFR_AC_HFC134aIPPU,,2039,,,,,,0.2126,,,,,,,,,,,,,,,,,,,,,,,,,,,,,,,,
BAU,0,E5IPPUREFR_AC_HFC134a,T5REFR_AC_HFC134aIPPU,,2040,,,,,,0.2179,,,,,,,,,,,,,,,,,,,,,,,,,,,,,,,,
BAU,0,E5IPPUREFR_AC_HFC134a,T5REFR_AC_HFC134aIPPU,,2041,,,,,,0.2234,,,,,,,,,,,,,,,,,,,,,,,,,,,,,,,,
BAU,0,E5IPPUREFR_AC_HFC134a,T5REFR_AC_HFC134aIPPU,,2042,,,,,,0.2289,,,,,,,,,,,,,,,,,,,,,,,,,,,,,,,,
BAU,0,E5IPPUREFR_AC_HFC134a,T5REFR_AC_HFC134aIPPU,,2043,,,,,,0.2347,,,,,,,,,,,,,,,,,,,,,,,,,,,,,,,,
BAU,0,E5IPPUREFR_AC_HFC134a,T5REFR_AC_HFC134aIPPU,,2044,,,,,,0.2405,,,,,,,,,,,,,,,,,,,,,,,,,,,,,,,,
BAU,0,E5IPPUREFR_AC_HFC134a,T5REFR_AC_HFC134aIPPU,,2045,,,,,,0.2465,,,,,,,,,,,,,,,,,,,,,,,,,,,,,,,,
BAU,0,E5IPPUREFR_AC_HFC134a,T5REFR_AC_HFC134aIPPU,,2046,,,,,,0.2527,,,,,,,,,,,,,,,,,,,,,,,,,,,,,,,,
BAU,0,E5IPPUREFR_AC_HFC134a,T5REFR_AC_HFC134aIPPU,,2047,,,,,,0.259,,,,,,,,,,,,,,,,,,,,,,,,,,,,,,,,
BAU,0,E5IPPUREFR_AC_HFC134a,T5REFR_AC_HFC134aIPPU,,2048,,,,,,0.2655,,,,,,,,,,,,,,,,,,,,,,,,,,,,,,,,
BAU,0,E5IPPUREFR_AC_HFC134a,T5REFR_AC_HFC134aIPPU,,2049,,,,,,0.2721,,,,,,,,,,,,,,,,,,,,,,,,,,,,,,,,
BAU,0,E5IPPUREFR_AC_HFC134a,T5REFR_AC_HFC134aIPPU,,2050,,,,,,0.2789,,,,,,,,,,,,,,,,,,,,,,,,,,,,,,,,
BAU,0,E5IPPUREFR_AC_HFC143a,T5REFR_AC_HFC143aIPPU,,2018,,,,,,0.0139,,,,,,,,,,,,,,,,,,,,,,,,,,,,,,,,
BAU,0,E5IPPUREFR_AC_HFC143a,T5REFR_AC_HFC143aIPPU,,2019,,,,,,0.0235,,,,,,,,,,,,,,,,,,,,,,,,,,,,,,,,
BAU,0,E5IPPUREFR_AC_HFC143a,T5REFR_AC_HFC143aIPPU,,2020,,,,,,0.0279,,,,,,,,,,,,,,,,,,,,,,,,,,,,,,,,
BAU,0,E5IPPUREFR_AC_HFC143a,T5REFR_AC_HFC143aIPPU,,2021,,,,,,0.0309,,,,,,,,,,,,,,,,,,,,,,,,,,,,,,,,
BAU,0,E5IPPUREFR_AC_HFC143a,T5REFR_AC_HFC143aIPPU,,2022,,,,,,0.0363,,,,,,,,,,,,,,,,,,,,,,,,,,,,,,,,
BAU,0,E5IPPUREFR_AC_HFC143a,T5REFR_AC_HFC143aIPPU,,2023,,,,,,0.0372,,,,,,,,,,,,,,,,,,,,,,,,,,,,,,,,
BAU,0,E5IPPUREFR_AC_HFC143a,T5REFR_AC_HFC143aIPPU,,2024,,,,,,0.0382,,,,,,,,,,,,,,,,,,,,,,,,,,,,,,,,
BAU,0,E5IPPUREFR_AC_HFC143a,T5REFR_AC_HFC143aIPPU,,2025,,,,,,0.0391,,,,,,,,,,,,,,,,,,,,,,,,,,,,,,,,
BAU,0,E5IPPUREFR_AC_HFC143a,T5REFR_AC_HFC143aIPPU,,2026,,,,,,0.0401,,,,,,,,,,,,,,,,,,,,,,,,,,,,,,,,
BAU,0,E5IPPUREFR_AC_HFC143a,T5REFR_AC_HFC143aIPPU,,2027,,,,,,0.0411,,,,,,,,,,,,,,,,,,,,,,,,,,,,,,,,
BAU,0,E5IPPUREFR_AC_HFC143a,T5REFR_AC_HFC143aIPPU,,2028,,,,,,0.0421,,,,,,,,,,,,,,,,,,,,,,,,,,,,,,,,
BAU,0,E5IPPUREFR_AC_HFC143a,T5REFR_AC_HFC143aIPPU,,2029,,,,,,0.0432,,,,,,,,,,,,,,,,,,,,,,,,,,,,,,,,
BAU,0,E5IPPUREFR_AC_HFC143a,T5REFR_AC_HFC143aIPPU,,2030,,,,,,0.0443,,,,,,,,,,,,,,,,,,,,,,,,,,,,,,,,
BAU,0,E5IPPUREFR_AC_HFC143a,T5REFR_AC_HFC143aIPPU,,2031,,,,,,0.0454,,,,,,,,,,,,,,,,,,,,,,,,,,,,,,,,
BAU,0,E5IPPUREFR_AC_HFC143a,T5REFR_AC_HFC143aIPPU,,2032,,,,,,0.0465,,,,,,,,,,,,,,,,,,,,,,,,,,,,,,,,
BAU,0,E5IPPUREFR_AC_HFC143a,T5REFR_AC_HFC143aIPPU,,2033,,,,,,0.0477,,,,,,,,,,,,,,,,,,,,,,,,,,,,,,,,
BAU,0,E5IPPUREFR_AC_HFC143a,T5REFR_AC_HFC143aIPPU,,2034,,,,,,0.0489,,,,,,,,,,,,,,,,,,,,,,,,,,,,,,,,
BAU,0,E5IPPUREFR_AC_HFC143a,T5REFR_AC_HFC143aIPPU,,2035,,,,,,0.0501,,,,,,,,,,,,,,,,,,,,,,,,,,,,,,,,
BAU,0,E5IPPUREFR_AC_HFC143a,T5REFR_AC_HFC143aIPPU,,2036,,,,,,0.0513,,,,,,,,,,,,,,,,,,,,,,,,,,,,,,,,
BAU,0,E5IPPUREFR_AC_HFC143a,T5REFR_AC_HFC143aIPPU,,2037,,,,,,0.0526,,,,,,,,,,,,,,,,,,,,,,,,,,,,,,,,
BAU,0,E5IPPUREFR_AC_HFC143a,T5REFR_AC_HFC143aIPPU,,2038,,,,,,0.0539,,,,,,,,,,,,,,,,,,,,,,,,,,,,,,,,
BAU,0,E5IPPUREFR_AC_HFC143a,T5REFR_AC_HFC143aIPPU,,2039,,,,,,0.0553,,,,,,,,,,,,,,,,,,,,,,,,,,,,,,,,
BAU,0,E5IPPUREFR_AC_HFC143a,T5REFR_AC_HFC143aIPPU,,2040,,,,,,0.0567,,,,,,,,,,,,,,,,,,,,,,,,,,,,,,,,
BAU,0,E5IPPUREFR_AC_HFC143a,T5REFR_AC_HFC143aIPPU,,2041,,,,,,0.0581,,,,,,,,,,,,,,,,,,,,,,,,,,,,,,,,
BAU,0,E5IPPUREFR_AC_HFC143a,T5REFR_AC_HFC143aIPPU,,2042,,,,,,0.0595,,,,,,,,,,,,,,,,,,,,,,,,,,,,,,,,
BAU,0,E5IPPUREFR_AC_HFC143a,T5REFR_AC_HFC143aIPPU,,2043,,,,,,0.061,,,,,,,,,,,,,,,,,,,,,,,,,,,,,,,,
BAU,0,E5IPPUREFR_AC_HFC143a,T5REFR_AC_HFC143aIPPU,,2044,,,,,,0.0625,,,,,,,,,,,,,,,,,,,,,,,,,,,,,,,,
BAU,0,E5IPPUREFR_AC_HFC143a,T5REFR_AC_HFC143aIPPU,,2045,,,,,,0.0641,,,,,,,,,,,,,,,,,,,,,,,,,,,,,,,,
BAU,0,E5IPPUREFR_AC_HFC143a,T5REFR_AC_HFC143aIPPU,,2046,,,,,,0.0657,,,,,,,,,,,,,,,,,,,,,,,,,,,,,,,,
BAU,0,E5IPPUREFR_AC_HFC143a,T5REFR_AC_HFC143aIPPU,,2047,,,,,,0.0673,,,,,,,,,,,,,,,,,,,,,,,,,,,,,,,,
BAU,0,E5IPPUREFR_AC_HFC143a,T5REFR_AC_HFC143aIPPU,,2048,,,,,,0.069,,,,,,,,,,,,,,,,,,,,,,,,,,,,,,,,
BAU,0,E5IPPUREFR_AC_HFC143a,T5REFR_AC_HFC143aIPPU,,2049,,,,,,0.0708,,,,,,,,,,,,,,,,,,,,,,,,,,,,,,,,
BAU,0,E5IPPUREFR_AC_HFC143a,T5REFR_AC_HFC143aIPPU,,2050,,,,,,0.0725,,,,,,,,,,,,,,,,,,,,,,,,,,,,,,,,
BAU,0,RAW_MAT_CLK,PROD_CLK_TRAD,,2018,,,,,,,1.90343,,,,,,,,,,,,,,,,,,,,,,,,,,,,,,,
BAU,0,RAW_MAT_CLK,PROD_CLK_TRAD,,2019,,,,,,,2.05977,,,,,,,,,,,,,,,,,,,,,,,,,,,,,,,
BAU,0,RAW_MAT_CLK,PROD_CLK_TRAD,,2020,,,,,,,2.39171,,,,,,,,,,,,,,,,,,,,,,,,,,,,,,,
BAU,0,RAW_MAT_CLK,PROD_CLK_TRAD,,2021,,,,,,,2.8702,,,,,,,,,,,,,,,,,,,,,,,,,,,,,,,
BAU,0,RAW_MAT_CLK,PROD_CLK_TRAD,,2022,,,,,,,3.12801,,,,,,,,,,,,,,,,,,,,,,,,,,,,,,,
BAU,0,RAW_MAT_CLK,PROD_CLK_TRAD,,2023,,,,,,,3.90998,,,,,,,,,,,,,,,,,,,,,,,,,,,,,,,
BAU,0,RAW_MAT_CLK,PROD_CLK_TRAD,,2024,,,,,,,4.18375,,,,,,,,,,,,,,,,,,,,,,,,,,,,,,,
BAU,0,RAW_MAT_CLK,PROD_CLK_TRAD,,2025,,,,,,,4.47676,,,,,,,,,,,,,,,,,,,,,,,,,,,,,,,
BAU,0,RAW_MAT_CLK,PROD_CLK_TRAD,,2026,,,,,,,4.7902,,,,,,,,,,,,,,,,,,,,,,,,,,,,,,,
BAU,0,RAW_MAT_CLK,PROD_CLK_TRAD,,2027,,,,,,,5.12556,,,,,,,,,,,,,,,,,,,,,,,,,,,,,,,
BAU,0,RAW_MAT_CLK,PROD_CLK_TRAD,,2028,,,,,,,5.48442,,,,,,,,,,,,,,,,,,,,,,,,,,,,,,,
BAU,0,RAW_MAT_CLK,PROD_CLK_TRAD,,2029,,,,,,,5.86836,,,,,,,,,,,,,,,,,,,,,,,,,,,,,,,
BAU,0,RAW_MAT_CLK,PROD_CLK_TRAD,,2030,,,,,,,6.27918,,,,,,,,,,,,,,,,,,,,,,,,,,,,,,,
BAU,0,RAW_MAT_CLK,PROD_CLK_TRAD,,2031,,,,,,,6.71875,,,,,,,,,,,,,,,,,,,,,,,,,,,,,,,
BAU,0,RAW_MAT_CLK,PROD_CLK_TRAD,,2032,,,,,,,7.18904,,,,,,,,,,,,,,,,,,,,,,,,,,,,,,,
BAU,0,RAW_MAT_CLK,PROD_CLK_TRAD,,2033,,,,,,,7.69224,,,,,,,,,,,,,,,,,,,,,,,,,,,,,,,
BAU,0,RAW_MAT_CLK,PROD_CLK_TRAD,,2034,,,,,,,8.23062,,,,,,,,,,,,,,,,,,,,,,,,,,,,,,,
BAU,0,RAW_MAT_CLK,PROD_CLK_TRAD,,2035,,,,,,,8.80661,,,,,,,,,,,,,,,,,,,,,,,,,,,,,,,
BAU,0,RAW_MAT_CLK,PROD_CLK_TRAD,,2036,,,,,,,9.42294,,,,,,,,,,,,,,,,,,,,,,,,,,,,,,,
BAU,0,RAW_MAT_CLK,PROD_CLK_TRAD,,2037,,,,,,,10.0809,,,,,,,,,,,,,,,,,,,,,,,,,,,,,,,
BAU,0,RAW_MAT_CLK,PROD_CLK_TRAD,,2038,,,,,,,10.7863,,,,,,,,,,,,,,,,,,,,,,,,,,,,,,,
BAU,0,RAW_MAT_CLK,PROD_CLK_TRAD,,2039,,,,,,,11.541,,,,,,,,,,,,,,,,,,,,,,,,,,,,,,,
BAU,0,RAW_MAT_CLK,PROD_CLK_TRAD,,2040,,,,,,,12.3485,,,,,,,,,,,,,,,,,,,,,,,,,,,,,,,
BAU,0,RAW_MAT_CLK,PROD_CLK_TRAD,,2041,,,,,,,13.2125,,,,,,,,,,,,,,,,,,,,,,,,,,,,,,,
BAU,0,RAW_MAT_CLK,PROD_CLK_TRAD,,2042,,,,,,,14.1368,,,,,,,,,,,,,,,,,,,,,,,,,,,,,,,
BAU,0,RAW_MAT_CLK,PROD_CLK_TRAD,,2043,,,,,,,15.1257,,,,,,,,,,,,,,,,,,,,,,,,,,,,,,,
BAU,0,RAW_MAT_CLK,PROD_CLK_TRAD,,2044,,,,,,,16.1839,,,,,,,,,,,,,,,,,,,,,,,,,,,,,,,
BAU,0,RAW_MAT_CLK,PROD_CLK_TRAD,,2045,,,,,,,17.3159,,,,,,,,,,,,,,,,,,,,,,,,,,,,,,,
BAU,0,RAW_MAT_CLK,PROD_CLK_TRAD,,2046,,,,,,,18.5271,,,,,,,,,,,,,,,,,,,,,,,,,,,,,,,
BAU,0,RAW_MAT_CLK,PROD_CLK_TRAD,,2047,,,,,,,19.8229,,,,,,,,,,,,,,,,,,,,,,,,,,,,,,,
BAU,0,RAW_MAT_CLK,PROD_CLK_TRAD,,2048,,,,,,,21.2093,,,,,,,,,,,,,,,,,,,,,,,,,,,,,,,
BAU,0,RAW_MAT_CLK,PROD_CLK_TRAD,,2049,,,,,,,22.6926,,,,,,,,,,,,,,,,,,,,,,,,,,,,,,,
BAU,0,RAW_MAT_CLK,PROD_CLK_TRAD,,2050,,,,,,,24.2796,,,,,,,,,,,,,,,,,,,,,,,,,,,,,,,
BAU,0,RAW_MAT_CEM,PROD_CEM,,2018,,,,,,,0.851171,,,,,,,,,,,,,,,,,,,,,,,,,,,,,,,
BAU,0,RAW_MAT_CEM,PROD_CEM,,2019,,,,,,,0.944126,,,,,,,,,,,,,,,,,,,,,,,,,,,,,,,
BAU,0,RAW_MAT_CEM,PROD_CEM,,2020,,,,,,,1.13329,,,,,,,,,,,,,,,,,,,,,,,,,,,,,,,
BAU,0,RAW_MAT_CEM,PROD_CEM,,2021,,,,,,,1.4073,,,,,,,,,,,,,,,,,,,,,,,,,,,,,,,
BAU,0,RAW_MAT_CEM,PROD_CEM,,2022,,,,,,,1.49239,,,,,,,,,,,,,,,,,,,,,,,,,,,,,,,
BAU,0,RAW_MAT_CEM,PROD_CEM,,2023,,,,,,,1.79802,,,,,,,,,,,,,,,,,,,,,,,,,,,,,,,
BAU,0,RAW_MAT_CEM,PROD_CEM,,2024,,,,,,,1.91235,,,,,,,,,,,,,,,,,,,,,,,,,,,,,,,
BAU,0,RAW_MAT_CEM,PROD_CEM,,2025,,,,,,,2.03394,,,,,,,,,,,,,,,,,,,,,,,,,,,,,,,
BAU,0,RAW_MAT_CEM,PROD_CEM,,2026,,,,,,,2.1632,,,,,,,,,,,,,,,,,,,,,,,,,,,,,,,
BAU,0,RAW_MAT_CEM,PROD_CEM,,2027,,,,,,,2.30064,,,,,,,,,,,,,,,,,,,,,,,,,,,,,,,
BAU,0,RAW_MAT_CEM,PROD_CEM,,2028,,,,,,,2.44678,,,,,,,,,,,,,,,,,,,,,,,,,,,,,,,
BAU,0,RAW_MAT_CEM,PROD_CEM,,2029,,,,,,,2.60214,,,,,,,,,,,,,,,,,,,,,,,,,,,,,,,
BAU,0,RAW_MAT_CEM,PROD_CEM,,2030,,,,,,,2.76732,,,,,,,,,,,,,,,,,,,,,,,,,,,,,,,
BAU,0,RAW_MAT_CEM,PROD_CEM,,2031,,,,,,,2.94295,,,,,,,,,,,,,,,,,,,,,,,,,,,,,,,
BAU,0,RAW_MAT_CEM,PROD_CEM,,2032,,,,,,,3.12966,,,,,,,,,,,,,,,,,,,,,,,,,,,,,,,
BAU,0,RAW_MAT_CEM,PROD_CEM,,2033,,,,,,,3.32816,,,,,,,,,,,,,,,,,,,,,,,,,,,,,,,
BAU,0,RAW_MAT_CEM,PROD_CEM,,2034,,,,,,,3.53918,,,,,,,,,,,,,,,,,,,,,,,,,,,,,,,
BAU,0,RAW_MAT_CEM,PROD_CEM,,2035,,,,,,,3.76349,,,,,,,,,,,,,,,,,,,,,,,,,,,,,,,
BAU,0,RAW_MAT_CEM,PROD_CEM,,2036,,,,,,,4.00196,,,,,,,,,,,,,,,,,,,,,,,,,,,,,,,
BAU,0,RAW_MAT_CEM,PROD_CEM,,2037,,,,,,,4.25689,,,,,,,,,,,,,,,,,,,,,,,,,,,,,,,
BAU,0,RAW_MAT_CEM,PROD_CEM,,2038,,,,,,,4.52643,,,,,,,,,,,,,,,,,,,,,,,,,,,,,,,
BAU,0,RAW_MAT_CEM,PROD_CEM,,2039,,,,,,,4.81298,,,,,,,,,,,,,,,,,,,,,,,,,,,,,,,
BAU,0,RAW_MAT_CEM,PROD_CEM,,2040,,,,,,,5.11757,,,,,,,,,,,,,,,,,,,,,,,,,,,,,,,
BAU,0,RAW_MAT_CEM,PROD_CEM,,2041,,,,,,,5.44131,,,,,,,,,,,,,,,,,,,,,,,,,,,,,,,
BAU,0,RAW_MAT_CEM,PROD_CEM,,2042,,,,,,,5.78541,,,,,,,,,,,,,,,,,,,,,,,,,,,,,,,
BAU,0,RAW_MAT_CEM,PROD_CEM,,2043,,,,,,,6.15115,,,,,,,,,,,,,,,,,,,,,,,,,,,,,,,
BAU,0,RAW_MAT_CEM,PROD_CEM,,2044,,,,,,,6.53991,,,,,,,,,,,,,,,,,,,,,,,,,,,,,,,
BAU,0,RAW_MAT_CEM,PROD_CEM,,2045,,,,,,,6.95307,,,,,,,,,,,,,,,,,,,,,,,,,,,,,,,
BAU,0,RAW_MAT_CEM,PROD_CEM,,2046,,,,,,,7.39218,,,,,,,,,,,,,,,,,,,,,,,,,,,,,,,
BAU,0,RAW_MAT_CEM,PROD_CEM,,2047,,,,,,,7.85886,,,,,,,,,,,,,,,,,,,,,,,,,,,,,,,
BAU,0,RAW_MAT_CEM,PROD_CEM,,2048,,,,,,,8.35481,,,,,,,,,,,,,,,,,,,,,,,,,,,,,,,
BAU,0,RAW_MAT_CEM,PROD_CEM,,2049,,,,,,,8.88191,,,,,,,,,,,,,,,,,,,,,,,,,,,,,,,
BAU,0,RAW_MAT_CEM,PROD_CEM,,2050,,,,,,,9.44205,,,,,,,,,,,,,,,,,,,,,,,,,,,,,,,
BAU,0,CLK_PROD,PROD_CEM,,2018,,,,,,,1.90343,,,,,,,,,,,,,,,,,,,,,,,,,,,,,,,
BAU,0,CLK_PROD,PROD_CEM,,2019,,,,,,,2.05977,,,,,,,,,,,,,,,,,,,,,,,,,,,,,,,
BAU,0,CLK_PROD,PROD_CEM,,2020,,,,,,,2.39171,,,,,,,,,,,,,,,,,,,,,,,,,,,,,,,
BAU,0,CLK_PROD,PROD_CEM,,2021,,,,,,,2.8702,,,,,,,,,,,,,,,,,,,,,,,,,,,,,,,
BAU,0,CLK_PROD,PROD_CEM,,2022,,,,,,,3.12801,,,,,,,,,,,,,,,,,,,,,,,,,,,,,,,
BAU,0,CLK_PROD,PROD_CEM,,2023,,,,,,,3.90998,,,,,,,,,,,,,,,,,,,,,,,,,,,,,,,
BAU,0,CLK_PROD,PROD_CEM,,2024,,,,,,,4.18375,,,,,,,,,,,,,,,,,,,,,,,,,,,,,,,
BAU,0,CLK_PROD,PROD_CEM,,2025,,,,,,,4.47676,,,,,,,,,,,,,,,,,,,,,,,,,,,,,,,
BAU,0,CLK_PROD,PROD_CEM,,2026,,,,,,,4.7902,,,,,,,,,,,,,,,,,,,,,,,,,,,,,,,
BAU,0,CLK_PROD,PROD_CEM,,2027,,,,,,,5.12556,,,,,,,,,,,,,,,,,,,,,,,,,,,,,,,
BAU,0,CLK_PROD,PROD_CEM,,2028,,,,,,,5.48442,,,,,,,,,,,,,,,,,,,,,,,,,,,,,,,
BAU,0,CLK_PROD,PROD_CEM,,2029,,,,,,,5.86836,,,,,,,,,,,,,,,,,,,,,,,,,,,,,,,
BAU,0,CLK_PROD,PROD_CEM,,2030,,,,,,,6.27918,,,,,,,,,,,,,,,,,,,,,,,,,,,,,,,
BAU,0,CLK_PROD,PROD_CEM,,2031,,,,,,,6.71875,,,,,,,,,,,,,,,,,,,,,,,,,,,,,,,
BAU,0,CLK_PROD,PROD_CEM,,2032,,,,,,,7.18904,,,,,,,,,,,,,,,,,,,,,,,,,,,,,,,
BAU,0,CLK_PROD,PROD_CEM,,2033,,,,,,,7.69224,,,,,,,,,,,,,,,,,,,,,,,,,,,,,,,
BAU,0,CLK_PROD,PROD_CEM,,2034,,,,,,,8.23062,,,,,,,,,,,,,,,,,,,,,,,,,,,,,,,
BAU,0,CLK_PROD,PROD_CEM,,2035,,,,,,,8.80661,,,,,,,,,,,,,,,,,,,,,,,,,,,,,,,
BAU,0,CLK_PROD,PROD_CEM,,2036,,,,,,,9.42294,,,,,,,,,,,,,,,,,,,,,,,,,,,,,,,
BAU,0,CLK_PROD,PROD_CEM,,2037,,,,,,,10.0809,,,,,,,,,,,,,,,,,,,,,,,,,,,,,,,
BAU,0,CLK_PROD,PROD_CEM,,2038,,,,,,,10.7863,,,,,,,,,,,,,,,,,,,,,,,,,,,,,,,
BAU,0,CLK_PROD,PROD_CEM,,2039,,,,,,,11.541,,,,,,,,,,,,,,,,,,,,,,,,,,,,,,,
BAU,0,CLK_PROD,PROD_CEM,,2040,,,,,,,12.3485,,,,,,,,,,,,,,,,,,,,,,,,,,,,,,,
BAU,0,CLK_PROD,PROD_CEM,,2041,,,,,,,13.2125,,,,,,,,,,,,,,,,,,,,,,,,,,,,,,,
BAU,0,CLK_PROD,PROD_CEM,,2042,,,,,,,14.1368,,,,,,,,,,,,,,,,,,,,,,,,,,,,,,,
BAU,0,CLK_PROD,PROD_CEM,,2043,,,,,,,15.1257,,,,,,,,,,,,,,,,,,,,,,,,,,,,,,,
BAU,0,CLK_PROD,PROD_CEM,,2044,,,,,,,16.1839,,,,,,,,,,,,,,,,,,,,,,,,,,,,,,,
BAU,0,CLK_PROD,PROD_CEM,,2045,,,,,,,17.3159,,,,,,,,,,,,,,,,,,,,,,,,,,,,,,,
BAU,0,CLK_PROD,PROD_CEM,,2046,,,,,,,18.5271,,,,,,,,,,,,,,,,,,,,,,,,,,,,,,,
BAU,0,CLK_PROD,PROD_CEM,,2047,,,,,,,19.8229,,,,,,,,,,,,,,,,,,,,,,,,,,,,,,,
BAU,0,CLK_PROD,PROD_CEM,,2048,,,,,,,21.2093,,,,,,,,,,,,,,,,,,,,,,,,,,,,,,,
BAU,0,CLK_PROD,PROD_CEM,,2049,,,,,,,22.6926,,,,,,,,,,,,,,,,,,,,,,,,,,,,,,,
BAU,0,CLK_PROD,PROD_CEM,,2050,,,,,,,24.2796,,,,,,,,,,,,,,,,,,,,,,,,,,,,,,,
BAU,0,CEM_PROD,T5CEM_PRODIND,,2018,,,,,,,2.7546,,,,,,,,,,,,,,,,,,,,,,,,,,,,,,,
BAU,0,CEM_PROD,T5CEM_PRODIND,,2019,,,,,,,3.0039,,,,,,,,,,,,,,,,,,,,,,,,,,,,,,,
BAU,0,CEM_PROD,T5CEM_PRODIND,,2020,,,,,,,3.525,,,,,,,,,,,,,,,,,,,,,,,,,,,,,,,
BAU,0,CEM_PROD,T5CEM_PRODIND,,2021,,,,,,,4.2775,,,,,,,,,,,,,,,,,,,,,,,,,,,,,,,
BAU,0,CEM_PROD,T5CEM_PRODIND,,2022,,,,,,,4.6204,,,,,,,,,,,,,,,,,,,,,,,,,,,,,,,
BAU,0,CEM_PROD,T5CEM_PRODIND,,2023,,,,,,,5.708,,,,,,,,,,,,,,,,,,,,,,,,,,,,,,,
BAU,0,CEM_PROD,T5CEM_PRODIND,,2024,,,,,,,6.0961,,,,,,,,,,,,,,,,,,,,,,,,,,,,,,,
BAU,0,CEM_PROD,T5CEM_PRODIND,,2025,,,,,,,6.5107,,,,,,,,,,,,,,,,,,,,,,,,,,,,,,,
BAU,0,CEM_PROD,T5CEM_PRODIND,,2026,,,,,,,6.9534,,,,,,,,,,,,,,,,,,,,,,,,,,,,,,,
BAU,0,CEM_PROD,T5CEM_PRODIND,,2027,,,,,,,7.4262,,,,,,,,,,,,,,,,,,,,,,,,,,,,,,,
BAU,0,CEM_PROD,T5CEM_PRODIND,,2028,,,,,,,7.9312,,,,,,,,,,,,,,,,,,,,,,,,,,,,,,,
BAU,0,CEM_PROD,T5CEM_PRODIND,,2029,,,,,,,8.4705,,,,,,,,,,,,,,,,,,,,,,,,,,,,,,,
BAU,0,CEM_PROD,T5CEM_PRODIND,,2030,,,,,,,9.0465,,,,,,,,,,,,,,,,,,,,,,,,,,,,,,,
BAU,0,CEM_PROD,T5CEM_PRODIND,,2031,,,,,,,9.6617,,,,,,,,,,,,,,,,,,,,,,,,,,,,,,,
BAU,0,CEM_PROD,T5CEM_PRODIND,,2032,,,,,,,10.3187,,,,,,,,,,,,,,,,,,,,,,,,,,,,,,,
BAU,0,CEM_PROD,T5CEM_PRODIND,,2033,,,,,,,11.0204,,,,,,,,,,,,,,,,,,,,,,,,,,,,,,,
BAU,0,CEM_PROD,T5CEM_PRODIND,,2034,,,,,,,11.7698,,,,,,,,,,,,,,,,,,,,,,,,,,,,,,,
BAU,0,CEM_PROD,T5CEM_PRODIND,,2035,,,,,,,12.5701,,,,,,,,,,,,,,,,,,,,,,,,,,,,,,,
BAU,0,CEM_PROD,T5CEM_PRODIND,,2036,,,,,,,13.4249,,,,,,,,,,,,,,,,,,,,,,,,,,,,,,,
BAU,0,CEM_PROD,T5CEM_PRODIND,,2037,,,,,,,14.3378,,,,,,,,,,,,,,,,,,,,,,,,,,,,,,,
BAU,0,CEM_PROD,T5CEM_PRODIND,,2038,,,,,,,15.3127,,,,,,,,,,,,,,,,,,,,,,,,,,,,,,,
BAU,0,CEM_PROD,T5CEM_PRODIND,,2039,,,,,,,16.354,,,,,,,,,,,,,,,,,,,,,,,,,,,,,,,
BAU,0,CEM_PROD,T5CEM_PRODIND,,2040,,,,,,,17.4661,,,,,,,,,,,,,,,,,,,,,,,,,,,,,,,
BAU,0,CEM_PROD,T5CEM_PRODIND,,2041,,,,,,,18.6538,,,,,,,,,,,,,,,,,,,,,,,,,,,,,,,
BAU,0,CEM_PROD,T5CEM_PRODIND,,2042,,,,,,,19.9222,,,,,,,,,,,,,,,,,,,,,,,,,,,,,,,
BAU,0,CEM_PROD,T5CEM_PRODIND,,2043,,,,,,,21.2769,,,,,,,,,,,,,,,,,,,,,,,,,,,,,,,
BAU,0,CEM_PROD,T5CEM_PRODIND,,2044,,,,,,,22.7238,,,,,,,,,,,,,,,,,,,,,,,,,,,,,,,
BAU,0,CEM_PROD,T5CEM_PRODIND,,2045,,,,,,,24.269,,,,,,,,,,,,,,,,,,,,,,,,,,,,,,,
BAU,0,CEM_PROD,T5CEM_PRODIND,,2046,,,,,,,25.9193,,,,,,,,,,,,,,,,,,,,,,,,,,,,,,,
BAU,0,CEM_PROD,T5CEM_PRODIND,,2047,,,,,,,27.6818,,,,,,,,,,,,,,,,,,,,,,,,,,,,,,,
BAU,0,CEM_PROD,T5CEM_PRODIND,,2048,,,,,,,29.5641,,,,,,,,,,,,,,,,,,,,,,,,,,,,,,,
BAU,0,CEM_PROD,T5CEM_PRODIND,,2049,,,,,,,31.5745,,,,,,,,,,,,,,,,,,,,,,,,,,,,,,,
BAU,0,CEM_PROD,T5CEM_PRODIND,,2050,,,,,,,33.7216,,,,,,,,,,,,,,,,,,,,,,,,,,,,,,,
BAU,0,LIME_CAL_PROD,T5LIME_CAL_PRODIPPU,,2018,,,,,,,0.2436,,,,,,,,,,,,,,,,,,,,,,,,,,,,,,,
BAU,0,LIME_CAL_PROD,T5LIME_CAL_PRODIPPU,,2019,,,,,,,0.3239,,,,,,,,,,,,,,,,,,,,,,,,,,,,,,,
BAU,0,LIME_CAL_PROD,T5LIME_CAL_PRODIPPU,,2020,,,,,,,0.4235,,,,,,,,,,,,,,,,,,,,,,,,,,,,,,,
BAU,0,LIME_CAL_PROD,T5LIME_CAL_PRODIPPU,,2021,,,,,,,0.4008,,,,,,,,,,,,,,,,,,,,,,,,,,,,,,,
BAU,0,LIME_CAL_PROD,T5LIME_CAL_PRODIPPU,,2022,,,,,,,0.4703,,,,,,,,,,,,,,,,,,,,,,,,,,,,,,,
BAU,0,LIME_CAL_PROD,T5LIME_CAL_PRODIPPU,,2023,,,,,,,0.4882,,,,,,,,,,,,,,,,,,,,,,,,,,,,,,,
BAU,0,LIME_CAL_PROD,T5LIME_CAL_PRODIPPU,,2024,,,,,,,0.5068,,,,,,,,,,,,,,,,,,,,,,,,,,,,,,,
BAU,0,LIME_CAL_PROD,T5LIME_CAL_PRODIPPU,,2025,,,,,,,0.526,,,,,,,,,,,,,,,,,,,,,,,,,,,,,,,
BAU,0,LIME_CAL_PROD,T5LIME_CAL_PRODIPPU,,2026,,,,,,,0.546,,,,,,,,,,,,,,,,,,,,,,,,,,,,,,,
BAU,0,LIME_CAL_PROD,T5LIME_CAL_PRODIPPU,,2027,,,,,,,0.5667,,,,,,,,,,,,,,,,,,,,,,,,,,,,,,,
BAU,0,LIME_CAL_PROD,T5LIME_CAL_PRODIPPU,,2028,,,,,,,0.5883,,,,,,,,,,,,,,,,,,,,,,,,,,,,,,,
BAU,0,LIME_CAL_PROD,T5LIME_CAL_PRODIPPU,,2029,,,,,,,0.6106,,,,,,,,,,,,,,,,,,,,,,,,,,,,,,,
BAU,0,LIME_CAL_PROD,T5LIME_CAL_PRODIPPU,,2030,,,,,,,0.6338,,,,,,,,,,,,,,,,,,,,,,,,,,,,,,,
BAU,0,LIME_CAL_PROD,T5LIME_CAL_PRODIPPU,,2031,,,,,,,0.6579,,,,,,,,,,,,,,,,,,,,,,,,,,,,,,,
BAU,0,LIME_CAL_PROD,T5LIME_CAL_PRODIPPU,,2032,,,,,,,0.6829,,,,,,,,,,,,,,,,,,,,,,,,,,,,,,,
BAU,0,LIME_CAL_PROD,T5LIME_CAL_PRODIPPU,,2033,,,,,,,0.7089,,,,,,,,,,,,,,,,,,,,,,,,,,,,,,,
BAU,0,LIME_CAL_PROD,T5LIME_CAL_PRODIPPU,,2034,,,,,,,0.7358,,,,,,,,,,,,,,,,,,,,,,,,,,,,,,,
BAU,0,LIME_CAL_PROD,T5LIME_CAL_PRODIPPU,,2035,,,,,,,0.7638,,,,,,,,,,,,,,,,,,,,,,,,,,,,,,,
BAU,0,LIME_CAL_PROD,T5LIME_CAL_PRODIPPU,,2036,,,,,,,0.7928,,,,,,,,,,,,,,,,,,,,,,,,,,,,,,,
BAU,0,LIME_CAL_PROD,T5LIME_CAL_PRODIPPU,,2037,,,,,,,0.8229,,,,,,,,,,,,,,,,,,,,,,,,,,,,,,,
BAU,0,LIME_CAL_PROD,T5LIME_CAL_PRODIPPU,,2038,,,,,,,0.8542,,,,,,,,,,,,,,,,,,,,,,,,,,,,,,,
BAU,0,LIME_CAL_PROD,T5LIME_CAL_PRODIPPU,,2039,,,,,,,0.8867,,,,,,,,,,,,,,,,,,,,,,,,,,,,,,,
BAU,0,LIME_CAL_PROD,T5LIME_CAL_PRODIPPU,,2040,,,,,,,0.9204,,,,,,,,,,,,,,,,,,,,,,,,,,,,,,,
BAU,0,LIME_CAL_PROD,T5LIME_CAL_PRODIPPU,,2041,,,,,,,0.9553,,,,,,,,,,,,,,,,,,,,,,,,,,,,,,,
BAU,0,LIME_CAL_PROD,T5LIME_CAL_PRODIPPU,,2042,,,,,,,0.9916,,,,,,,,,,,,,,,,,,,,,,,,,,,,,,,
BAU,0,LIME_CAL_PROD,T5LIME_CAL_PRODIPPU,,2043,,,,,,,1.0293,,,,,,,,,,,,,,,,,,,,,,,,,,,,,,,
BAU,0,LIME_CAL_PROD,T5LIME_CAL_PRODIPPU,,2044,,,,,,,1.0684,,,,,,,,,,,,,,,,,,,,,,,,,,,,,,,
BAU,0,LIME_CAL_PROD,T5LIME_CAL_PRODIPPU,,2045,,,,,,,1.109,,,,,,,,,,,,,,,,,,,,,,,,,,,,,,,
BAU,0,LIME_CAL_PROD,T5LIME_CAL_PRODIPPU,,2046,,,,,,,1.1512,,,,,,,,,,,,,,,,,,,,,,,,,,,,,,,
BAU,0,LIME_CAL_PROD,T5LIME_CAL_PRODIPPU,,2047,,,,,,,1.1949,,,,,,,,,,,,,,,,,,,,,,,,,,,,,,,
BAU,0,LIME_CAL_PROD,T5LIME_CAL_PRODIPPU,,2048,,,,,,,1.2403,,,,,,,,,,,,,,,,,,,,,,,,,,,,,,,
BAU,0,LIME_CAL_PROD,T5LIME_CAL_PRODIPPU,,2049,,,,,,,1.2875,,,,,,,,,,,,,,,,,,,,,,,,,,,,,,,
BAU,0,LIME_CAL_PROD,T5LIME_CAL_PRODIPPU,,2050,,,,,,,1.3364,,,,,,,,,,,,,,,,,,,,,,,,,,,,,,,
BAU,0,LIME_DOL_PROD,T5LIME_DOL_PRODIPPU,,2018,,,,,,,0.003,,,,,,,,,,,,,,,,,,,,,,,,,,,,,,,
BAU,0,LIME_DOL_PROD,T5LIME_DOL_PRODIPPU,,2019,,,,,,,0.0188,,,,,,,,,,,,,,,,,,,,,,,,,,,,,,,
BAU,0,LIME_DOL_PROD,T5LIME_DOL_PRODIPPU,,2020,,,,,,,0.1,,,,,,,,,,,,,,,,,,,,,,,,,,,,,,,
BAU,0,LIME_DOL_PROD,T5LIME_DOL_PRODIPPU,,2021,,,,,,,0.1081,,,,,,,,,,,,,,,,,,,,,,,,,,,,,,,
BAU,0,LIME_DOL_PROD,T5LIME_DOL_PRODIPPU,,2022,,,,,,,0.1169,,,,,,,,,,,,,,,,,,,,,,,,,,,,,,,
BAU,0,LIME_DOL_PROD,T5LIME_DOL_PRODIPPU,,2023,,,,,,,0.1213,,,,,,,,,,,,,,,,,,,,,,,,,,,,,,,
BAU,0,LIME_DOL_PROD,T5LIME_DOL_PRODIPPU,,2024,,,,,,,0.1259,,,,,,,,,,,,,,,,,,,,,,,,,,,,,,,
BAU,0,LIME_DOL_PROD,T5LIME_DOL_PRODIPPU,,2025,,,,,,,0.1307,,,,,,,,,,,,,,,,,,,,,,,,,,,,,,,
BAU,0,LIME_DOL_PROD,T5LIME_DOL_PRODIPPU,,2026,,,,,,,0.1356,,,,,,,,,,,,,,,,,,,,,,,,,,,,,,,
BAU,0,LIME_DOL_PROD,T5LIME_DOL_PRODIPPU,,2027,,,,,,,0.1408,,,,,,,,,,,,,,,,,,,,,,,,,,,,,,,
BAU,0,LIME_DOL_PROD,T5LIME_DOL_PRODIPPU,,2028,,,,,,,0.1462,,,,,,,,,,,,,,,,,,,,,,,,,,,,,,,
BAU,0,LIME_DOL_PROD,T5LIME_DOL_PRODIPPU,,2029,,,,,,,0.1517,,,,,,,,,,,,,,,,,,,,,,,,,,,,,,,
BAU,0,LIME_DOL_PROD,T5LIME_DOL_PRODIPPU,,2030,,,,,,,0.1575,,,,,,,,,,,,,,,,,,,,,,,,,,,,,,,
BAU,0,LIME_DOL_PROD,T5LIME_DOL_PRODIPPU,,2031,,,,,,,0.1635,,,,,,,,,,,,,,,,,,,,,,,,,,,,,,,
BAU,0,LIME_DOL_PROD,T5LIME_DOL_PRODIPPU,,2032,,,,,,,0.1697,,,,,,,,,,,,,,,,,,,,,,,,,,,,,,,
BAU,0,LIME_DOL_PROD,T5LIME_DOL_PRODIPPU,,2033,,,,,,,0.1761,,,,,,,,,,,,,,,,,,,,,,,,,,,,,,,
BAU,0,LIME_DOL_PROD,T5LIME_DOL_PRODIPPU,,2034,,,,,,,0.1828,,,,,,,,,,,,,,,,,,,,,,,,,,,,,,,
BAU,0,LIME_DOL_PROD,T5LIME_DOL_PRODIPPU,,2035,,,,,,,0.1898,,,,,,,,,,,,,,,,,,,,,,,,,,,,,,,
BAU,0,LIME_DOL_PROD,T5LIME_DOL_PRODIPPU,,2036,,,,,,,0.197,,,,,,,,,,,,,,,,,,,,,,,,,,,,,,,
BAU,0,LIME_DOL_PROD,T5LIME_DOL_PRODIPPU,,2037,,,,,,,0.2045,,,,,,,,,,,,,,,,,,,,,,,,,,,,,,,
BAU,0,LIME_DOL_PROD,T5LIME_DOL_PRODIPPU,,2038,,,,,,,0.2122,,,,,,,,,,,,,,,,,,,,,,,,,,,,,,,
BAU,0,LIME_DOL_PROD,T5LIME_DOL_PRODIPPU,,2039,,,,,,,0.2203,,,,,,,,,,,,,,,,,,,,,,,,,,,,,,,
BAU,0,LIME_DOL_PROD,T5LIME_DOL_PRODIPPU,,2040,,,,,,,0.2287,,,,,,,,,,,,,,,,,,,,,,,,,,,,,,,
BAU,0,LIME_DOL_PROD,T5LIME_DOL_PRODIPPU,,2041,,,,,,,0.2373,,,,,,,,,,,,,,,,,,,,,,,,,,,,,,,
BAU,0,LIME_DOL_PROD,T5LIME_DOL_PRODIPPU,,2042,,,,,,,0.2464,,,,,,,,,,,,,,,,,,,,,,,,,,,,,,,
BAU,0,LIME_DOL_PROD,T5LIME_DOL_PRODIPPU,,2043,,,,,,,0.2557,,,,,,,,,,,,,,,,,,,,,,,,,,,,,,,
BAU,0,LIME_DOL_PROD,T5LIME_DOL_PRODIPPU,,2044,,,,,,,0.2654,,,,,,,,,,,,,,,,,,,,,,,,,,,,,,,
BAU,0,LIME_DOL_PROD,T5LIME_DOL_PRODIPPU,,2045,,,,,,,0.2755,,,,,,,,,,,,,,,,,,,,,,,,,,,,,,,
BAU,0,LIME_DOL_PROD,T5LIME_DOL_PRODIPPU,,2046,,,,,,,0.286,,,,,,,,,,,,,,,,,,,,,,,,,,,,,,,
BAU,0,LIME_DOL_PROD,T5LIME_DOL_PRODIPPU,,2047,,,,,,,0.2969,,,,,,,,,,,,,,,,,,,,,,,,,,,,,,,
BAU,0,LIME_DOL_PROD,T5LIME_DOL_PRODIPPU,,2048,,,,,,,0.3081,,,,,,,,,,,,,,,,,,,,,,,,,,,,,,,
BAU,0,LIME_DOL_PROD,T5LIME_DOL_PRODIPPU,,2049,,,,,,,0.3199,,,,,,,,,,,,,,,,,,,,,,,,,,,,,,,
BAU,0,LIME_DOL_PROD,T5LIME_DOL_PRODIPPU,,2050,,,,,,,0.332,,,,,,,,,,,,,,,,,,,,,,,,,,,,,,,
BAU,0,GLASS_PROD,T5GLASS_PRODIPPU,,2018,,,,,,,0.1146,,,,,,,,,,,,,,,,,,,,,,,,,,,,,,,
BAU,0,GLASS_PROD,T5GLASS_PRODIPPU,,2019,,,,,,,0.1375,,,,,,,,,,,,,,,,,,,,,,,,,,,,,,,
BAU,0,GLASS_PROD,T5GLASS_PRODIPPU,,2020,,,,,,,0.1796,,,,,,,,,,,,,,,,,,,,,,,,,,,,,,,
BAU,0,GLASS_PROD,T5GLASS_PRODIPPU,,2021,,,,,,,0.1979,,,,,,,,,,,,,,,,,,,,,,,,,,,,,,,
BAU,0,GLASS_PROD,T5GLASS_PRODIPPU,,2022,,,,,,,0.1714,,,,,,,,,,,,,,,,,,,,,,,,,,,,,,,
BAU,0,GLASS_PROD,T5GLASS_PRODIPPU,,2023,,,,,,,0.1779,,,,,,,,,,,,,,,,,,,,,,,,,,,,,,,
BAU,0,GLASS_PROD,T5GLASS_PRODIPPU,,2024,,,,,,,0.1846,,,,,,,,,,,,,,,,,,,,,,,,,,,,,,,
BAU,0,GLASS_PROD,T5GLASS_PRODIPPU,,2025,,,,,,,0.1917,,,,,,,,,,,,,,,,,,,,,,,,,,,,,,,
BAU,0,GLASS_PROD,T5GLASS_PRODIPPU,,2026,,,,,,,0.1989,,,,,,,,,,,,,,,,,,,,,,,,,,,,,,,
BAU,0,GLASS_PROD,T5GLASS_PRODIPPU,,2027,,,,,,,0.2065,,,,,,,,,,,,,,,,,,,,,,,,,,,,,,,
BAU,0,GLASS_PROD,T5GLASS_PRODIPPU,,2028,,,,,,,0.2143,,,,,,,,,,,,,,,,,,,,,,,,,,,,,,,
BAU,0,GLASS_PROD,T5GLASS_PRODIPPU,,2029,,,,,,,0.2225,,,,,,,,,,,,,,,,,,,,,,,,,,,,,,,
BAU,0,GLASS_PROD,T5GLASS_PRODIPPU,,2030,,,,,,,0.2309,,,,,,,,,,,,,,,,,,,,,,,,,,,,,,,
BAU,0,GLASS_PROD,T5GLASS_PRODIPPU,,2031,,,,,,,0.2397,,,,,,,,,,,,,,,,,,,,,,,,,,,,,,,
BAU,0,GLASS_PROD,T5GLASS_PRODIPPU,,2032,,,,,,,0.2488,,,,,,,,,,,,,,,,,,,,,,,,,,,,,,,
BAU,0,GLASS_PROD,T5GLASS_PRODIPPU,,2033,,,,,,,0.2583,,,,,,,,,,,,,,,,,,,,,,,,,,,,,,,
BAU,0,GLASS_PROD,T5GLASS_PRODIPPU,,2034,,,,,,,0.2681,,,,,,,,,,,,,,,,,,,,,,,,,,,,,,,
BAU,0,GLASS_PROD,T5GLASS_PRODIPPU,,2035,,,,,,,0.2783,,,,,,,,,,,,,,,,,,,,,,,,,,,,,,,
BAU,0,GLASS_PROD,T5GLASS_PRODIPPU,,2036,,,,,,,0.2889,,,,,,,,,,,,,,,,,,,,,,,,,,,,,,,
BAU,0,GLASS_PROD,T5GLASS_PRODIPPU,,2037,,,,,,,0.2998,,,,,,,,,,,,,,,,,,,,,,,,,,,,,,,
BAU,0,GLASS_PROD,T5GLASS_PRODIPPU,,2038,,,,,,,0.3112,,,,,,,,,,,,,,,,,,,,,,,,,,,,,,,
BAU,0,GLASS_PROD,T5GLASS_PRODIPPU,,2039,,,,,,,0.3231,,,,,,,,,,,,,,,,,,,,,,,,,,,,,,,
BAU,0,GLASS_PROD,T5GLASS_PRODIPPU,,2040,,,,,,,0.3353,,,,,,,,,,,,,,,,,,,,,,,,,,,,,,,
BAU,0,GLASS_PROD,T5GLASS_PRODIPPU,,2041,,,,,,,0.3481,,,,,,,,,,,,,,,,,,,,,,,,,,,,,,,
BAU,0,GLASS_PROD,T5GLASS_PRODIPPU,,2042,,,,,,,0.3613,,,,,,,,,,,,,,,,,,,,,,,,,,,,,,,
BAU,0,GLASS_PROD,T5GLASS_PRODIPPU,,2043,,,,,,,0.375,,,,,,,,,,,,,,,,,,,,,,,,,,,,,,,
BAU,0,GLASS_PROD,T5GLASS_PRODIPPU,,2044,,,,,,,0.3893,,,,,,,,,,,,,,,,,,,,,,,,,,,,,,,
BAU,0,GLASS_PROD,T5GLASS_PRODIPPU,,2045,,,,,,,0.4041,,,,,,,,,,,,,,,,,,,,,,,,,,,,,,,
BAU,0,GLASS_PROD,T5GLASS_PRODIPPU,,2046,,,,,,,0.4194,,,,,,,,,,,,,,,,,,,,,,,,,,,,,,,
BAU,0,GLASS_PROD,T5GLASS_PRODIPPU,,2047,,,,,,,0.4354,,,,,,,,,,,,,,,,,,,,,,,,,,,,,,,
BAU,0,GLASS_PROD,T5GLASS_PRODIPPU,,2048,,,,,,,0.4519,,,,,,,,,,,,,,,,,,,,,,,,,,,,,,,
BAU,0,GLASS_PROD,T5GLASS_PRODIPPU,,2049,,,,,,,0.4691,,,,,,,,,,,,,,,,,,,,,,,,,,,,,,,
BAU,0,GLASS_PROD,T5GLASS_PRODIPPU,,2050,,,,,,,0.4869,,,,,,,,,,,,,,,,,,,,,,,,,,,,,,,
BAU,0,CARBONATE_CERAMICS,T5CARBONATE_CERAMICSIPPU,,2018,,,,,,,0.0593,,,,,,,,,,,,,,,,,,,,,,,,,,,,,,,
BAU,0,CARBONATE_CERAMICS,T5CARBONATE_CERAMICSIPPU,,2019,,,,,,,0.0066,,,,,,,,,,,,,,,,,,,,,,,,,,,,,,,
BAU,0,CARBONATE_CERAMICS,T5CARBONATE_CERAMICSIPPU,,2020,,,,,,,0.0205,,,,,,,,,,,,,,,,,,,,,,,,,,,,,,,
BAU,0,CARBONATE_CERAMICS,T5CARBONATE_CERAMICSIPPU,,2021,,,,,,,0.0248,,,,,,,,,,,,,,,,,,,,,,,,,,,,,,,
BAU,0,CARBONATE_CERAMICS,T5CARBONATE_CERAMICSIPPU,,2022,,,,,,,0.0301,,,,,,,,,,,,,,,,,,,,,,,,,,,,,,,
BAU,0,CARBONATE_CERAMICS,T5CARBONATE_CERAMICSIPPU,,2023,,,,,,,0.0312,,,,,,,,,,,,,,,,,,,,,,,,,,,,,,,
BAU,0,CARBONATE_CERAMICS,T5CARBONATE_CERAMICSIPPU,,2024,,,,,,,0.0324,,,,,,,,,,,,,,,,,,,,,,,,,,,,,,,
BAU,0,CARBONATE_CERAMICS,T5CARBONATE_CERAMICSIPPU,,2025,,,,,,,0.0336,,,,,,,,,,,,,,,,,,,,,,,,,,,,,,,
BAU,0,CARBONATE_CERAMICS,T5CARBONATE_CERAMICSIPPU,,2026,,,,,,,0.0349,,,,,,,,,,,,,,,,,,,,,,,,,,,,,,,
BAU,0,CARBONATE_CERAMICS,T5CARBONATE_CERAMICSIPPU,,2027,,,,,,,0.0362,,,,,,,,,,,,,,,,,,,,,,,,,,,,,,,
BAU,0,CARBONATE_CERAMICS,T5CARBONATE_CERAMICSIPPU,,2028,,,,,,,0.0376,,,,,,,,,,,,,,,,,,,,,,,,,,,,,,,
BAU,0,CARBONATE_CERAMICS,T5CARBONATE_CERAMICSIPPU,,2029,,,,,,,0.039,,,,,,,,,,,,,,,,,,,,,,,,,,,,,,,
BAU,0,CARBONATE_CERAMICS,T5CARBONATE_CERAMICSIPPU,,2030,,,,,,,0.0405,,,,,,,,,,,,,,,,,,,,,,,,,,,,,,,
BAU,0,CARBONATE_CERAMICS,T5CARBONATE_CERAMICSIPPU,,2031,,,,,,,0.0421,,,,,,,,,,,,,,,,,,,,,,,,,,,,,,,
BAU,0,CARBONATE_CERAMICS,T5CARBONATE_CERAMICSIPPU,,2032,,,,,,,0.0437,,,,,,,,,,,,,,,,,,,,,,,,,,,,,,,
BAU,0,CARBONATE_CERAMICS,T5CARBONATE_CERAMICSIPPU,,2033,,,,,,,0.0453,,,,,,,,,,,,,,,,,,,,,,,,,,,,,,,
BAU,0,CARBONATE_CERAMICS,T5CARBONATE_CERAMICSIPPU,,2034,,,,,,,0.047,,,,,,,,,,,,,,,,,,,,,,,,,,,,,,,
BAU,0,CARBONATE_CERAMICS,T5CARBONATE_CERAMICSIPPU,,2035,,,,,,,0.0488,,,,,,,,,,,,,,,,,,,,,,,,,,,,,,,
BAU,0,CARBONATE_CERAMICS,T5CARBONATE_CERAMICSIPPU,,2036,,,,,,,0.0507,,,,,,,,,,,,,,,,,,,,,,,,,,,,,,,
BAU,0,CARBONATE_CERAMICS,T5CARBONATE_CERAMICSIPPU,,2037,,,,,,,0.0526,,,,,,,,,,,,,,,,,,,,,,,,,,,,,,,
BAU,0,CARBONATE_CERAMICS,T5CARBONATE_CERAMICSIPPU,,2038,,,,,,,0.0546,,,,,,,,,,,,,,,,,,,,,,,,,,,,,,,
BAU,0,CARBONATE_CERAMICS,T5CARBONATE_CERAMICSIPPU,,2039,,,,,,,0.0567,,,,,,,,,,,,,,,,,,,,,,,,,,,,,,,
BAU,0,CARBONATE_CERAMICS,T5CARBONATE_CERAMICSIPPU,,2040,,,,,,,0.0588,,,,,,,,,,,,,,,,,,,,,,,,,,,,,,,
BAU,0,CARBONATE_CERAMICS,T5CARBONATE_CERAMICSIPPU,,2041,,,,,,,0.0611,,,,,,,,,,,,,,,,,,,,,,,,,,,,,,,
BAU,0,CARBONATE_CERAMICS,T5CARBONATE_CERAMICSIPPU,,2042,,,,,,,0.0634,,,,,,,,,,,,,,,,,,,,,,,,,,,,,,,
BAU,0,CARBONATE_CERAMICS,T5CARBONATE_CERAMICSIPPU,,2043,,,,,,,0.0658,,,,,,,,,,,,,,,,,,,,,,,,,,,,,,,
BAU,0,CARBONATE_CERAMICS,T5CARBONATE_CERAMICSIPPU,,2044,,,,,,,0.0683,,,,,,,,,,,,,,,,,,,,,,,,,,,,,,,
BAU,0,CARBONATE_CERAMICS,T5CARBONATE_CERAMICSIPPU,,2045,,,,,,,0.0709,,,,,,,,,,,,,,,,,,,,,,,,,,,,,,,
BAU,0,CARBONATE_CERAMICS,T5CARBONATE_CERAMICSIPPU,,2046,,,,,,,0.0736,,,,,,,,,,,,,,,,,,,,,,,,,,,,,,,
BAU,0,CARBONATE_CERAMICS,T5CARBONATE_CERAMICSIPPU,,2047,,,,,,,0.0764,,,,,,,,,,,,,,,,,,,,,,,,,,,,,,,
BAU,0,CARBONATE_CERAMICS,T5CARBONATE_CERAMICSIPPU,,2048,,,,,,,0.0793,,,,,,,,,,,,,,,,,,,,,,,,,,,,,,,
BAU,0,CARBONATE_CERAMICS,T5CARBONATE_CERAMICSIPPU,,2049,,,,,,,0.0823,,,,,,,,,,,,,,,,,,,,,,,,,,,,,,,
BAU,0,CARBONATE_CERAMICS,T5CARBONATE_CERAMICSIPPU,,2050,,,,,,,0.0854,,,,,,,,,,,,,,,,,,,,,,,,,,,,,,,
BAU,0,CARBONATE_ASH,T5CARBONATE_ASHIPPU,,2018,,,,,,,0.0216,,,,,,,,,,,,,,,,,,,,,,,,,,,,,,,
BAU,0,CARBONATE_ASH,T5CARBONATE_ASHIPPU,,2019,,,,,,,0.0308,,,,,,,,,,,,,,,,,,,,,,,,,,,,,,,
BAU,0,CARBONATE_ASH,T5CARBONATE_ASHIPPU,,2020,,,,,,,0.0288,,,,,,,,,,,,,,,,,,,,,,,,,,,,,,,
BAU,0,CARBONATE_ASH,T5CARBONATE_ASHIPPU,,2021,,,,,,,0.0356,,,,,,,,,,,,,,,,,,,,,,,,,,,,,,,
BAU,0,CARBONATE_ASH,T5CARBONATE_ASHIPPU,,2022,,,,,,,0.0367,,,,,,,,,,,,,,,,,,,,,,,,,,,,,,,
BAU,0,CARBONATE_ASH,T5CARBONATE_ASHIPPU,,2023,,,,,,,0.0381,,,,,,,,,,,,,,,,,,,,,,,,,,,,,,,
BAU,0,CARBONATE_ASH,T5CARBONATE_ASHIPPU,,2024,,,,,,,0.0396,,,,,,,,,,,,,,,,,,,,,,,,,,,,,,,
BAU,0,CARBONATE_ASH,T5CARBONATE_ASHIPPU,,2025,,,,,,,0.0411,,,,,,,,,,,,,,,,,,,,,,,,,,,,,,,
BAU,0,CARBONATE_ASH,T5CARBONATE_ASHIPPU,,2026,,,,,,,0.0426,,,,,,,,,,,,,,,,,,,,,,,,,,,,,,,
BAU,0,CARBONATE_ASH,T5CARBONATE_ASHIPPU,,2027,,,,,,,0.0443,,,,,,,,,,,,,,,,,,,,,,,,,,,,,,,
BAU,0,CARBONATE_ASH,T5CARBONATE_ASHIPPU,,2028,,,,,,,0.0459,,,,,,,,,,,,,,,,,,,,,,,,,,,,,,,
BAU,0,CARBONATE_ASH,T5CARBONATE_ASHIPPU,,2029,,,,,,,0.0477,,,,,,,,,,,,,,,,,,,,,,,,,,,,,,,
BAU,0,CARBONATE_ASH,T5CARBONATE_ASHIPPU,,2030,,,,,,,0.0495,,,,,,,,,,,,,,,,,,,,,,,,,,,,,,,
BAU,0,CARBONATE_ASH,T5CARBONATE_ASHIPPU,,2031,,,,,,,0.0514,,,,,,,,,,,,,,,,,,,,,,,,,,,,,,,
BAU,0,CARBONATE_ASH,T5CARBONATE_ASHIPPU,,2032,,,,,,,0.0533,,,,,,,,,,,,,,,,,,,,,,,,,,,,,,,
BAU,0,CARBONATE_ASH,T5CARBONATE_ASHIPPU,,2033,,,,,,,0.0554,,,,,,,,,,,,,,,,,,,,,,,,,,,,,,,
BAU,0,CARBONATE_ASH,T5CARBONATE_ASHIPPU,,2034,,,,,,,0.0575,,,,,,,,,,,,,,,,,,,,,,,,,,,,,,,
BAU,0,CARBONATE_ASH,T5CARBONATE_ASHIPPU,,2035,,,,,,,0.0596,,,,,,,,,,,,,,,,,,,,,,,,,,,,,,,
BAU,0,CARBONATE_ASH,T5CARBONATE_ASHIPPU,,2036,,,,,,,0.0619,,,,,,,,,,,,,,,,,,,,,,,,,,,,,,,
BAU,0,CARBONATE_ASH,T5CARBONATE_ASHIPPU,,2037,,,,,,,0.0643,,,,,,,,,,,,,,,,,,,,,,,,,,,,,,,
BAU,0,CARBONATE_ASH,T5CARBONATE_ASHIPPU,,2038,,,,,,,0.0667,,,,,,,,,,,,,,,,,,,,,,,,,,,,,,,
BAU,0,CARBONATE_ASH,T5CARBONATE_ASHIPPU,,2039,,,,,,,0.0692,,,,,,,,,,,,,,,,,,,,,,,,,,,,,,,
BAU,0,CARBONATE_ASH,T5CARBONATE_ASHIPPU,,2040,,,,,,,0.0719,,,,,,,,,,,,,,,,,,,,,,,,,,,,,,,
BAU,0,CARBONATE_ASH,T5CARBONATE_ASHIPPU,,2041,,,,,,,0.0746,,,,,,,,,,,,,,,,,,,,,,,,,,,,,,,
BAU,0,CARBONATE_ASH,T5CARBONATE_ASHIPPU,,2042,,,,,,,0.0774,,,,,,,,,,,,,,,,,,,,,,,,,,,,,,,
BAU,0,CARBONATE_ASH,T5CARBONATE_ASHIPPU,,2043,,,,,,,0.0804,,,,,,,,,,,,,,,,,,,,,,,,,,,,,,,
BAU,0,CARBONATE_ASH,T5CARBONATE_ASHIPPU,,2044,,,,,,,0.0834,,,,,,,,,,,,,,,,,,,,,,,,,,,,,,,
BAU,0,CARBONATE_ASH,T5CARBONATE_ASHIPPU,,2045,,,,,,,0.0866,,,,,,,,,,,,,,,,,,,,,,,,,,,,,,,
BAU,0,CARBONATE_ASH,T5CARBONATE_ASHIPPU,,2046,,,,,,,0.0899,,,,,,,,,,,,,,,,,,,,,,,,,,,,,,,
BAU,0,CARBONATE_ASH,T5CARBONATE_ASHIPPU,,2047,,,,,,,0.0933,,,,,,,,,,,,,,,,,,,,,,,,,,,,,,,
BAU,0,CARBONATE_ASH,T5CARBONATE_ASHIPPU,,2048,,,,,,,0.0968,,,,,,,,,,,,,,,,,,,,,,,,,,,,,,,
BAU,0,CARBONATE_ASH,T5CARBONATE_ASHIPPU,,2049,,,,,,,0.1005,,,,,,,,,,,,,,,,,,,,,,,,,,,,,,,
BAU,0,CARBONATE_ASH,T5CARBONATE_ASHIPPU,,2050,,,,,,,0.1043,,,,,,,,,,,,,,,,,,,,,,,,,,,,,,,
BAU,0,IRON_STEEL,T5IRON_STEELIPPU,,2018,,,,,,,0.2812,,,,,,,,,,,,,,,,,,,,,,,,,,,,,,,
BAU,0,IRON_STEEL,T5IRON_STEELIPPU,,2019,,,,,,,0.294,,,,,,,,,,,,,,,,,,,,,,,,,,,,,,,
BAU,0,IRON_STEEL,T5IRON_STEELIPPU,,2020,,,,,,,0.3069,,,,,,,,,,,,,,,,,,,,,,,,,,,,,,,
BAU,0,IRON_STEEL,T5IRON_STEELIPPU,,2021,,,,,,,0.2711,,,,,,,,,,,,,,,,,,,,,,,,,,,,,,,
BAU,0,IRON_STEEL,T5IRON_STEELIPPU,,2022,,,,,,,0.1335,,,,,,,,,,,,,,,,,,,,,,,,,,,,,,,
BAU,0,IRON_STEEL,T5IRON_STEELIPPU,,2023,,,,,,,0.1386,,,,,,,,,,,,,,,,,,,,,,,,,,,,,,,
BAU,0,IRON_STEEL,T5IRON_STEELIPPU,,2024,,,,,,,0.1438,,,,,,,,,,,,,,,,,,,,,,,,,,,,,,,
BAU,0,IRON_STEEL,T5IRON_STEELIPPU,,2025,,,,,,,0.1493,,,,,,,,,,,,,,,,,,,,,,,,,,,,,,,
BAU,0,IRON_STEEL,T5IRON_STEELIPPU,,2026,,,,,,,0.155,,,,,,,,,,,,,,,,,,,,,,,,,,,,,,,
BAU,0,IRON_STEEL,T5IRON_STEELIPPU,,2027,,,,,,,0.1609,,,,,,,,,,,,,,,,,,,,,,,,,,,,,,,
BAU,0,IRON_STEEL,T5IRON_STEELIPPU,,2028,,,,,,,0.167,,,,,,,,,,,,,,,,,,,,,,,,,,,,,,,
BAU,0,IRON_STEEL,T5IRON_STEELIPPU,,2029,,,,,,,0.1733,,,,,,,,,,,,,,,,,,,,,,,,,,,,,,,
BAU,0,IRON_STEEL,T5IRON_STEELIPPU,,2030,,,,,,,0.1799,,,,,,,,,,,,,,,,,,,,,,,,,,,,,,,
BAU,0,IRON_STEEL,T5IRON_STEELIPPU,,2031,,,,,,,0.1867,,,,,,,,,,,,,,,,,,,,,,,,,,,,,,,
BAU,0,IRON_STEEL,T5IRON_STEELIPPU,,2032,,,,,,,0.1938,,,,,,,,,,,,,,,,,,,,,,,,,,,,,,,
BAU,0,IRON_STEEL,T5IRON_STEELIPPU,,2033,,,,,,,0.2012,,,,,,,,,,,,,,,,,,,,,,,,,,,,,,,
BAU,0,IRON_STEEL,T5IRON_STEELIPPU,,2034,,,,,,,0.2089,,,,,,,,,,,,,,,,,,,,,,,,,,,,,,,
BAU,0,IRON_STEEL,T5IRON_STEELIPPU,,2035,,,,,,,0.2168,,,,,,,,,,,,,,,,,,,,,,,,,,,,,,,
BAU,0,IRON_STEEL,T5IRON_STEELIPPU,,2036,,,,,,,0.225,,,,,,,,,,,,,,,,,,,,,,,,,,,,,,,
BAU,0,IRON_STEEL,T5IRON_STEELIPPU,,2037,,,,,,,0.2336,,,,,,,,,,,,,,,,,,,,,,,,,,,,,,,
BAU,0,IRON_STEEL,T5IRON_STEELIPPU,,2038,,,,,,,0.2425,,,,,,,,,,,,,,,,,,,,,,,,,,,,,,,
BAU,0,IRON_STEEL,T5IRON_STEELIPPU,,2039,,,,,,,0.2517,,,,,,,,,,,,,,,,,,,,,,,,,,,,,,,
BAU,0,IRON_STEEL,T5IRON_STEELIPPU,,2040,,,,,,,0.2612,,,,,,,,,,,,,,,,,,,,,,,,,,,,,,,
BAU,0,IRON_STEEL,T5IRON_STEELIPPU,,2041,,,,,,,0.2712,,,,,,,,,,,,,,,,,,,,,,,,,,,,,,,
BAU,0,IRON_STEEL,T5IRON_STEELIPPU,,2042,,,,,,,0.2815,,,,,,,,,,,,,,,,,,,,,,,,,,,,,,,
BAU,0,IRON_STEEL,T5IRON_STEELIPPU,,2043,,,,,,,0.2922,,,,,,,,,,,,,,,,,,,,,,,,,,,,,,,
BAU,0,IRON_STEEL,T5IRON_STEELIPPU,,2044,,,,,,,0.3033,,,,,,,,,,,,,,,,,,,,,,,,,,,,,,,
BAU,0,IRON_STEEL,T5IRON_STEELIPPU,,2045,,,,,,,0.3148,,,,,,,,,,,,,,,,,,,,,,,,,,,,,,,
BAU,0,IRON_STEEL,T5IRON_STEELIPPU,,2046,,,,,,,0.3268,,,,,,,,,,,,,,,,,,,,,,,,,,,,,,,
BAU,0,IRON_STEEL,T5IRON_STEELIPPU,,2047,,,,,,,0.3392,,,,,,,,,,,,,,,,,,,,,,,,,,,,,,,
BAU,0,IRON_STEEL,T5IRON_STEELIPPU,,2048,,,,,,,0.3521,,,,,,,,,,,,,,,,,,,,,,,,,,,,,,,
BAU,0,IRON_STEEL,T5IRON_STEELIPPU,,2049,,,,,,,0.3654,,,,,,,,,,,,,,,,,,,,,,,,,,,,,,,
BAU,0,IRON_STEEL,T5IRON_STEELIPPU,,2050,,,,,,,0.3793,,,,,,,,,,,,,,,,,,,,,,,,,,,,,,,
BAU,0,PROD_FERRO,T5PROD_FERROIPPU,,2018,,,,,,,0.3735,,,,,,,,,,,,,,,,,,,,,,,,,,,,,,,
BAU,0,PROD_FERRO,T5PROD_FERROIPPU,,2019,,,,,,,0.4729,,,,,,,,,,,,,,,,,,,,,,,,,,,,,,,
BAU,0,PROD_FERRO,T5PROD_FERROIPPU,,2020,,,,,,,0.5724,,,,,,,,,,,,,,,,,,,,,,,,,,,,,,,
BAU,0,PROD_FERRO,T5PROD_FERROIPPU,,2021,,,,,,,0.0605,,,,,,,,,,,,,,,,,,,,,,,,,,,,,,,
BAU,0,PROD_FERRO,T5PROD_FERROIPPU,,2022,,,,,,,0.0279,,,,,,,,,,,,,,,,,,,,,,,,,,,,,,,
BAU,0,PROD_FERRO,T5PROD_FERROIPPU,,2023,,,,,,,0.029,,,,,,,,,,,,,,,,,,,,,,,,,,,,,,,
BAU,0,PROD_FERRO,T5PROD_FERROIPPU,,2024,,,,,,,0.0301,,,,,,,,,,,,,,,,,,,,,,,,,,,,,,,
BAU,0,PROD_FERRO,T5PROD_FERROIPPU,,2025,,,,,,,0.0312,,,,,,,,,,,,,,,,,,,,,,,,,,,,,,,
BAU,0,PROD_FERRO,T5PROD_FERROIPPU,,2026,,,,,,,0.0324,,,,,,,,,,,,,,,,,,,,,,,,,,,,,,,
BAU,0,PROD_FERRO,T5PROD_FERROIPPU,,2027,,,,,,,0.0336,,,,,,,,,,,,,,,,,,,,,,,,,,,,,,,
BAU,0,PROD_FERRO,T5PROD_FERROIPPU,,2028,,,,,,,0.0349,,,,,,,,,,,,,,,,,,,,,,,,,,,,,,,
BAU,0,PROD_FERRO,T5PROD_FERROIPPU,,2029,,,,,,,0.0363,,,,,,,,,,,,,,,,,,,,,,,,,,,,,,,
BAU,0,PROD_FERRO,T5PROD_FERROIPPU,,2030,,,,,,,0.0376,,,,,,,,,,,,,,,,,,,,,,,,,,,,,,,
BAU,0,PROD_FERRO,T5PROD_FERROIPPU,,2031,,,,,,,0.0391,,,,,,,,,,,,,,,,,,,,,,,,,,,,,,,
BAU,0,PROD_FERRO,T5PROD_FERROIPPU,,2032,,,,,,,0.0405,,,,,,,,,,,,,,,,,,,,,,,,,,,,,,,
BAU,0,PROD_FERRO,T5PROD_FERROIPPU,,2033,,,,,,,0.0421,,,,,,,,,,,,,,,,,,,,,,,,,,,,,,,
BAU,0,PROD_FERRO,T5PROD_FERROIPPU,,2034,,,,,,,0.0437,,,,,,,,,,,,,,,,,,,,,,,,,,,,,,,
BAU,0,PROD_FERRO,T5PROD_FERROIPPU,,2035,,,,,,,0.0453,,,,,,,,,,,,,,,,,,,,,,,,,,,,,,,
BAU,0,PROD_FERRO,T5PROD_FERROIPPU,,2036,,,,,,,0.0471,,,,,,,,,,,,,,,,,,,,,,,,,,,,,,,
BAU,0,PROD_FERRO,T5PROD_FERROIPPU,,2037,,,,,,,0.0489,,,,,,,,,,,,,,,,,,,,,,,,,,,,,,,
BAU,0,PROD_FERRO,T5PROD_FERROIPPU,,2038,,,,,,,0.0507,,,,,,,,,,,,,,,,,,,,,,,,,,,,,,,
BAU,0,PROD_FERRO,T5PROD_FERROIPPU,,2039,,,,,,,0.0526,,,,,,,,,,,,,,,,,,,,,,,,,,,,,,,
BAU,0,PROD_FERRO,T5PROD_FERROIPPU,,2040,,,,,,,0.0546,,,,,,,,,,,,,,,,,,,,,,,,,,,,,,,
BAU,0,PROD_FERRO,T5PROD_FERROIPPU,,2041,,,,,,,0.0567,,,,,,,,,,,,,,,,,,,,,,,,,,,,,,,
BAU,0,PROD_FERRO,T5PROD_FERROIPPU,,2042,,,,,,,0.0589,,,,,,,,,,,,,,,,,,,,,,,,,,,,,,,
BAU,0,PROD_FERRO,T5PROD_FERROIPPU,,2043,,,,,,,0.0611,,,,,,,,,,,,,,,,,,,,,,,,,,,,,,,
BAU,0,PROD_FERRO,T5PROD_FERROIPPU,,2044,,,,,,,0.0634,,,,,,,,,,,,,,,,,,,,,,,,,,,,,,,
BAU,0,PROD_FERRO,T5PROD_FERROIPPU,,2045,,,,,,,0.0658,,,,,,,,,,,,,,,,,,,,,,,,,,,,,,,
BAU,0,PROD_FERRO,T5PROD_FERROIPPU,,2046,,,,,,,0.0683,,,,,,,,,,,,,,,,,,,,,,,,,,,,,,,
BAU,0,PROD_FERRO,T5PROD_FERROIPPU,,2047,,,,,,,0.0709,,,,,,,,,,,,,,,,,,,,,,,,,,,,,,,
BAU,0,PROD_FERRO,T5PROD_FERROIPPU,,2048,,,,,,,0.0736,,,,,,,,,,,,,,,,,,,,,,,,,,,,,,,
BAU,0,PROD_FERRO,T5PROD_FERROIPPU,,2049,,,,,,,0.0764,,,,,,,,,,,,,,,,,,,,,,,,,,,,,,,
BAU,0,PROD_FERRO,T5PROD_FERROIPPU,,2050,,,,,,,0.0793,,,,,,,,,,,,,,,,,,,,,,,,,,,,,,,
BAU,0,LUBRI_OILS,T5LUBRI_OILSIPPU,,2018,,,,,,,0.0442,,,,,,,,,,,,,,,,,,,,,,,,,,,,,,,
BAU,0,LUBRI_OILS,T5LUBRI_OILSIPPU,,2019,,,,,,,0.0084,,,,,,,,,,,,,,,,,,,,,,,,,,,,,,,
BAU,0,LUBRI_OILS,T5LUBRI_OILSIPPU,,2020,,,,,,,0.0084,,,,,,,,,,,,,,,,,,,,,,,,,,,,,,,
BAU,0,LUBRI_OILS,T5LUBRI_OILSIPPU,,2021,,,,,,,0.0598,,,,,,,,,,,,,,,,,,,,,,,,,,,,,,,
BAU,0,LUBRI_OILS,T5LUBRI_OILSIPPU,,2022,,,,,,,0.0598,,,,,,,,,,,,,,,,,,,,,,,,,,,,,,,
BAU,0,LUBRI_OILS,T5LUBRI_OILSIPPU,,2023,,,,,,,0.062,,,,,,,,,,,,,,,,,,,,,,,,,,,,,,,
BAU,0,LUBRI_OILS,T5LUBRI_OILSIPPU,,2024,,,,,,,0.0644,,,,,,,,,,,,,,,,,,,,,,,,,,,,,,,
BAU,0,LUBRI_OILS,T5LUBRI_OILSIPPU,,2025,,,,,,,0.0668,,,,,,,,,,,,,,,,,,,,,,,,,,,,,,,
BAU,0,LUBRI_OILS,T5LUBRI_OILSIPPU,,2026,,,,,,,0.0694,,,,,,,,,,,,,,,,,,,,,,,,,,,,,,,
BAU,0,LUBRI_OILS,T5LUBRI_OILSIPPU,,2027,,,,,,,0.072,,,,,,,,,,,,,,,,,,,,,,,,,,,,,,,
BAU,0,LUBRI_OILS,T5LUBRI_OILSIPPU,,2028,,,,,,,0.0747,,,,,,,,,,,,,,,,,,,,,,,,,,,,,,,
BAU,0,LUBRI_OILS,T5LUBRI_OILSIPPU,,2029,,,,,,,0.0776,,,,,,,,,,,,,,,,,,,,,,,,,,,,,,,
BAU,0,LUBRI_OILS,T5LUBRI_OILSIPPU,,2030,,,,,,,0.0805,,,,,,,,,,,,,,,,,,,,,,,,,,,,,,,
BAU,0,LUBRI_OILS,T5LUBRI_OILSIPPU,,2031,,,,,,,0.0836,,,,,,,,,,,,,,,,,,,,,,,,,,,,,,,
BAU,0,LUBRI_OILS,T5LUBRI_OILSIPPU,,2032,,,,,,,0.0868,,,,,,,,,,,,,,,,,,,,,,,,,,,,,,,
BAU,0,LUBRI_OILS,T5LUBRI_OILSIPPU,,2033,,,,,,,0.0901,,,,,,,,,,,,,,,,,,,,,,,,,,,,,,,
BAU,0,LUBRI_OILS,T5LUBRI_OILSIPPU,,2034,,,,,,,0.0935,,,,,,,,,,,,,,,,,,,,,,,,,,,,,,,
BAU,0,LUBRI_OILS,T5LUBRI_OILSIPPU,,2035,,,,,,,0.097,,,,,,,,,,,,,,,,,,,,,,,,,,,,,,,
BAU,0,LUBRI_OILS,T5LUBRI_OILSIPPU,,2036,,,,,,,0.1007,,,,,,,,,,,,,,,,,,,,,,,,,,,,,,,
BAU,0,LUBRI_OILS,T5LUBRI_OILSIPPU,,2037,,,,,,,0.1045,,,,,,,,,,,,,,,,,,,,,,,,,,,,,,,
BAU,0,LUBRI_OILS,T5LUBRI_OILSIPPU,,2038,,,,,,,0.1085,,,,,,,,,,,,,,,,,,,,,,,,,,,,,,,
BAU,0,LUBRI_OILS,T5LUBRI_OILSIPPU,,2039,,,,,,,0.1126,,,,,,,,,,,,,,,,,,,,,,,,,,,,,,,
BAU,0,LUBRI_OILS,T5LUBRI_OILSIPPU,,2040,,,,,,,0.1169,,,,,,,,,,,,,,,,,,,,,,,,,,,,,,,
BAU,0,LUBRI_OILS,T5LUBRI_OILSIPPU,,2041,,,,,,,0.1214,,,,,,,,,,,,,,,,,,,,,,,,,,,,,,,
BAU,0,LUBRI_OILS,T5LUBRI_OILSIPPU,,2042,,,,,,,0.126,,,,,,,,,,,,,,,,,,,,,,,,,,,,,,,
BAU,0,LUBRI_OILS,T5LUBRI_OILSIPPU,,2043,,,,,,,0.1308,,,,,,,,,,,,,,,,,,,,,,,,,,,,,,,
BAU,0,LUBRI_OILS,T5LUBRI_OILSIPPU,,2044,,,,,,,0.1357,,,,,,,,,,,,,,,,,,,,,,,,,,,,,,,
BAU,0,LUBRI_OILS,T5LUBRI_OILSIPPU,,2045,,,,,,,0.1409,,,,,,,,,,,,,,,,,,,,,,,,,,,,,,,
BAU,0,LUBRI_OILS,T5LUBRI_OILSIPPU,,2046,,,,,,,0.1462,,,,,,,,,,,,,,,,,,,,,,,,,,,,,,,
BAU,0,LUBRI_OILS,T5LUBRI_OILSIPPU,,2047,,,,,,,0.1518,,,,,,,,,,,,,,,,,,,,,,,,,,,,,,,
BAU,0,LUBRI_OILS,T5LUBRI_OILSIPPU,,2048,,,,,,,0.1576,,,,,,,,,,,,,,,,,,,,,,,,,,,,,,,
BAU,0,LUBRI_OILS,T5LUBRI_OILSIPPU,,2049,,,,,,,0.1636,,,,,,,,,,,,,,,,,,,,,,,,,,,,,,,
BAU,0,LUBRI_OILS,T5LUBRI_OILSIPPU,,2050,,,,,,,0.1698,,,,,,,,,,,,,,,,,,,,,,,,,,,,,,,
BAU,0,PARAFFIN,T5PARAFFINIPPU,,2018,,,,,,,0.0092,,,,,,,,,,,,,,,,,,,,,,,,,,,,,,,
BAU,0,PARAFFIN,T5PARAFFINIPPU,,2019,,,,,,,0.0019,,,,,,,,,,,,,,,,,,,,,,,,,,,,,,,
BAU,0,PARAFFIN,T5PARAFFINIPPU,,2020,,,,,,,0.0031,,,,,,,,,,,,,,,,,,,,,,,,,,,,,,,
BAU,0,PARAFFIN,T5PARAFFINIPPU,,2021,,,,,,,0.0165,,,,,,,,,,,,,,,,,,,,,,,,,,,,,,,
BAU,0,PARAFFIN,T5PARAFFINIPPU,,2022,,,,,,,0.0167,,,,,,,,,,,,,,,,,,,,,,,,,,,,,,,
BAU,0,PARAFFIN,T5PARAFFINIPPU,,2023,,,,,,,0.0173,,,,,,,,,,,,,,,,,,,,,,,,,,,,,,,
BAU,0,PARAFFIN,T5PARAFFINIPPU,,2024,,,,,,,0.018,,,,,,,,,,,,,,,,,,,,,,,,,,,,,,,
BAU,0,PARAFFIN,T5PARAFFINIPPU,,2025,,,,,,,0.0186,,,,,,,,,,,,,,,,,,,,,,,,,,,,,,,
BAU,0,PARAFFIN,T5PARAFFINIPPU,,2026,,,,,,,0.0194,,,,,,,,,,,,,,,,,,,,,,,,,,,,,,,
BAU,0,PARAFFIN,T5PARAFFINIPPU,,2027,,,,,,,0.0201,,,,,,,,,,,,,,,,,,,,,,,,,,,,,,,
BAU,0,PARAFFIN,T5PARAFFINIPPU,,2028,,,,,,,0.0209,,,,,,,,,,,,,,,,,,,,,,,,,,,,,,,
BAU,0,PARAFFIN,T5PARAFFINIPPU,,2029,,,,,,,0.0216,,,,,,,,,,,,,,,,,,,,,,,,,,,,,,,
BAU,0,PARAFFIN,T5PARAFFINIPPU,,2030,,,,,,,0.0225,,,,,,,,,,,,,,,,,,,,,,,,,,,,,,,
BAU,0,PARAFFIN,T5PARAFFINIPPU,,2031,,,,,,,0.0233,,,,,,,,,,,,,,,,,,,,,,,,,,,,,,,
BAU,0,PARAFFIN,T5PARAFFINIPPU,,2032,,,,,,,0.0242,,,,,,,,,,,,,,,,,,,,,,,,,,,,,,,
BAU,0,PARAFFIN,T5PARAFFINIPPU,,2033,,,,,,,0.0251,,,,,,,,,,,,,,,,,,,,,,,,,,,,,,,
BAU,0,PARAFFIN,T5PARAFFINIPPU,,2034,,,,,,,0.0261,,,,,,,,,,,,,,,,,,,,,,,,,,,,,,,
BAU,0,PARAFFIN,T5PARAFFINIPPU,,2035,,,,,,,0.0271,,,,,,,,,,,,,,,,,,,,,,,,,,,,,,,
BAU,0,PARAFFIN,T5PARAFFINIPPU,,2036,,,,,,,0.0281,,,,,,,,,,,,,,,,,,,,,,,,,,,,,,,
BAU,0,PARAFFIN,T5PARAFFINIPPU,,2037,,,,,,,0.0292,,,,,,,,,,,,,,,,,,,,,,,,,,,,,,,
BAU,0,PARAFFIN,T5PARAFFINIPPU,,2038,,,,,,,0.0303,,,,,,,,,,,,,,,,,,,,,,,,,,,,,,,
BAU,0,PARAFFIN,T5PARAFFINIPPU,,2039,,,,,,,0.0314,,,,,,,,,,,,,,,,,,,,,,,,,,,,,,,
BAU,0,PARAFFIN,T5PARAFFINIPPU,,2040,,,,,,,0.0326,,,,,,,,,,,,,,,,,,,,,,,,,,,,,,,
BAU,0,PARAFFIN,T5PARAFFINIPPU,,2041,,,,,,,0.0339,,,,,,,,,,,,,,,,,,,,,,,,,,,,,,,
BAU,0,PARAFFIN,T5PARAFFINIPPU,,2042,,,,,,,0.0351,,,,,,,,,,,,,,,,,,,,,,,,,,,,,,,
BAU,0,PARAFFIN,T5PARAFFINIPPU,,2043,,,,,,,0.0365,,,,,,,,,,,,,,,,,,,,,,,,,,,,,,,
BAU,0,PARAFFIN,T5PARAFFINIPPU,,2044,,,,,,,0.0379,,,,,,,,,,,,,,,,,,,,,,,,,,,,,,,
BAU,0,PARAFFIN,T5PARAFFINIPPU,,2045,,,,,,,0.0393,,,,,,,,,,,,,,,,,,,,,,,,,,,,,,,
BAU,0,PARAFFIN,T5PARAFFINIPPU,,2046,,,,,,,0.0408,,,,,,,,,,,,,,,,,,,,,,,,,,,,,,,
BAU,0,PARAFFIN,T5PARAFFINIPPU,,2047,,,,,,,0.0424,,,,,,,,,,,,,,,,,,,,,,,,,,,,,,,
BAU,0,PARAFFIN,T5PARAFFINIPPU,,2048,,,,,,,0.044,,,,,,,,,,,,,,,,,,,,,,,,,,,,,,,
BAU,0,PARAFFIN,T5PARAFFINIPPU,,2049,,,,,,,0.0456,,,,,,,,,,,,,,,,,,,,,,,,,,,,,,,
BAU,0,PARAFFIN,T5PARAFFINIPPU,,2050,,,,,,,0.0474,,,,,,,,,,,,,,,,,,,,,,,,,,,,,,,
BAU,0,REFR_AC_HFC32,T5REFR_AC_HFC32IPPU,,2018,,,,,,,0.0165,,,,,,,,,,,,,,,,,,,,,,,,,,,,,,,
BAU,0,REFR_AC_HFC32,T5REFR_AC_HFC32IPPU,,2019,,,,,,,0.0285,,,,,,,,,,,,,,,,,,,,,,,,,,,,,,,
BAU,0,REFR_AC_HFC32,T5REFR_AC_HFC32IPPU,,2020,,,,,,,0.0349,,,,,,,,,,,,,,,,,,,,,,,,,,,,,,,
BAU,0,REFR_AC_HFC32,T5REFR_AC_HFC32IPPU,,2021,,,,,,,0.0394,,,,,,,,,,,,,,,,,,,,,,,,,,,,,,,
BAU,0,REFR_AC_HFC32,T5REFR_AC_HFC32IPPU,,2022,,,,,,,0.0519,,,,,,,,,,,,,,,,,,,,,,,,,,,,,,,
BAU,0,REFR_AC_HFC32,T5REFR_AC_HFC32IPPU,,2023,,,,,,,0.0532,,,,,,,,,,,,,,,,,,,,,,,,,,,,,,,
BAU,0,REFR_AC_HFC32,T5REFR_AC_HFC32IPPU,,2024,,,,,,,0.0545,,,,,,,,,,,,,,,,,,,,,,,,,,,,,,,
BAU,0,REFR_AC_HFC32,T5REFR_AC_HFC32IPPU,,2025,,,,,,,0.0559,,,,,,,,,,,,,,,,,,,,,,,,,,,,,,,
BAU,0,REFR_AC_HFC32,T5REFR_AC_HFC32IPPU,,2026,,,,,,,0.0573,,,,,,,,,,,,,,,,,,,,,,,,,,,,,,,
BAU,0,REFR_AC_HFC32,T5REFR_AC_HFC32IPPU,,2027,,,,,,,0.0587,,,,,,,,,,,,,,,,,,,,,,,,,,,,,,,
BAU,0,REFR_AC_HFC32,T5REFR_AC_HFC32IPPU,,2028,,,,,,,0.0602,,,,,,,,,,,,,,,,,,,,,,,,,,,,,,,
BAU,0,REFR_AC_HFC32,T5REFR_AC_HFC32IPPU,,2029,,,,,,,0.0617,,,,,,,,,,,,,,,,,,,,,,,,,,,,,,,
BAU,0,REFR_AC_HFC32,T5REFR_AC_HFC32IPPU,,2030,,,,,,,0.0633,,,,,,,,,,,,,,,,,,,,,,,,,,,,,,,
BAU,0,REFR_AC_HFC32,T5REFR_AC_HFC32IPPU,,2031,,,,,,,0.0648,,,,,,,,,,,,,,,,,,,,,,,,,,,,,,,
BAU,0,REFR_AC_HFC32,T5REFR_AC_HFC32IPPU,,2032,,,,,,,0.0665,,,,,,,,,,,,,,,,,,,,,,,,,,,,,,,
BAU,0,REFR_AC_HFC32,T5REFR_AC_HFC32IPPU,,2033,,,,,,,0.0681,,,,,,,,,,,,,,,,,,,,,,,,,,,,,,,
BAU,0,REFR_AC_HFC32,T5REFR_AC_HFC32IPPU,,2034,,,,,,,0.0698,,,,,,,,,,,,,,,,,,,,,,,,,,,,,,,
BAU,0,REFR_AC_HFC32,T5REFR_AC_HFC32IPPU,,2035,,,,,,,0.0716,,,,,,,,,,,,,,,,,,,,,,,,,,,,,,,
BAU,0,REFR_AC_HFC32,T5REFR_AC_HFC32IPPU,,2036,,,,,,,0.0734,,,,,,,,,,,,,,,,,,,,,,,,,,,,,,,
BAU,0,REFR_AC_HFC32,T5REFR_AC_HFC32IPPU,,2037,,,,,,,0.0752,,,,,,,,,,,,,,,,,,,,,,,,,,,,,,,
BAU,0,REFR_AC_HFC32,T5REFR_AC_HFC32IPPU,,2038,,,,,,,0.0771,,,,,,,,,,,,,,,,,,,,,,,,,,,,,,,
BAU,0,REFR_AC_HFC32,T5REFR_AC_HFC32IPPU,,2039,,,,,,,0.079,,,,,,,,,,,,,,,,,,,,,,,,,,,,,,,
BAU,0,REFR_AC_HFC32,T5REFR_AC_HFC32IPPU,,2040,,,,,,,0.081,,,,,,,,,,,,,,,,,,,,,,,,,,,,,,,
BAU,0,REFR_AC_HFC32,T5REFR_AC_HFC32IPPU,,2041,,,,,,,0.083,,,,,,,,,,,,,,,,,,,,,,,,,,,,,,,
BAU,0,REFR_AC_HFC32,T5REFR_AC_HFC32IPPU,,2042,,,,,,,0.0851,,,,,,,,,,,,,,,,,,,,,,,,,,,,,,,
BAU,0,REFR_AC_HFC32,T5REFR_AC_HFC32IPPU,,2043,,,,,,,0.0872,,,,,,,,,,,,,,,,,,,,,,,,,,,,,,,
BAU,0,REFR_AC_HFC32,T5REFR_AC_HFC32IPPU,,2044,,,,,,,0.0894,,,,,,,,,,,,,,,,,,,,,,,,,,,,,,,
BAU,0,REFR_AC_HFC32,T5REFR_AC_HFC32IPPU,,2045,,,,,,,0.0916,,,,,,,,,,,,,,,,,,,,,,,,,,,,,,,
BAU,0,REFR_AC_HFC32,T5REFR_AC_HFC32IPPU,,2046,,,,,,,0.0939,,,,,,,,,,,,,,,,,,,,,,,,,,,,,,,
BAU,0,REFR_AC_HFC32,T5REFR_AC_HFC32IPPU,,2047,,,,,,,0.0963,,,,,,,,,,,,,,,,,,,,,,,,,,,,,,,
BAU,0,REFR_AC_HFC32,T5REFR_AC_HFC32IPPU,,2048,,,,,,,0.0987,,,,,,,,,,,,,,,,,,,,,,,,,,,,,,,
BAU,0,REFR_AC_HFC32,T5REFR_AC_HFC32IPPU,,2049,,,,,,,0.1011,,,,,,,,,,,,,,,,,,,,,,,,,,,,,,,
BAU,0,REFR_AC_HFC32,T5REFR_AC_HFC32IPPU,,2050,,,,,,,0.1037,,,,,,,,,,,,,,,,,,,,,,,,,,,,,,,
BAU,0,REFR_AC_HFC125,T5REFR_AC_HFC125IPPU,,2018,,,,,,,0.0175,,,,,,,,,,,,,,,,,,,,,,,,,,,,,,,
BAU,0,REFR_AC_HFC125,T5REFR_AC_HFC125IPPU,,2019,,,,,,,0.0238,,,,,,,,,,,,,,,,,,,,,,,,,,,,,,,
BAU,0,REFR_AC_HFC125,T5REFR_AC_HFC125IPPU,,2020,,,,,,,0.0291,,,,,,,,,,,,,,,,,,,,,,,,,,,,,,,
BAU,0,REFR_AC_HFC125,T5REFR_AC_HFC125IPPU,,2021,,,,,,,0.0321,,,,,,,,,,,,,,,,,,,,,,,,,,,,,,,
BAU,0,REFR_AC_HFC125,T5REFR_AC_HFC125IPPU,,2022,,,,,,,0.0429,,,,,,,,,,,,,,,,,,,,,,,,,,,,,,,
BAU,0,REFR_AC_HFC125,T5REFR_AC_HFC125IPPU,,2023,,,,,,,0.044,,,,,,,,,,,,,,,,,,,,,,,,,,,,,,,
BAU,0,REFR_AC_HFC125,T5REFR_AC_HFC125IPPU,,2024,,,,,,,0.0451,,,,,,,,,,,,,,,,,,,,,,,,,,,,,,,
BAU,0,REFR_AC_HFC125,T5REFR_AC_HFC125IPPU,,2025,,,,,,,0.0462,,,,,,,,,,,,,,,,,,,,,,,,,,,,,,,
BAU,0,REFR_AC_HFC125,T5REFR_AC_HFC125IPPU,,2026,,,,,,,0.0474,,,,,,,,,,,,,,,,,,,,,,,,,,,,,,,
BAU,0,REFR_AC_HFC125,T5REFR_AC_HFC125IPPU,,2027,,,,,,,0.0486,,,,,,,,,,,,,,,,,,,,,,,,,,,,,,,
BAU,0,REFR_AC_HFC125,T5REFR_AC_HFC125IPPU,,2028,,,,,,,0.0498,,,,,,,,,,,,,,,,,,,,,,,,,,,,,,,
BAU,0,REFR_AC_HFC125,T5REFR_AC_HFC125IPPU,,2029,,,,,,,0.051,,,,,,,,,,,,,,,,,,,,,,,,,,,,,,,
BAU,0,REFR_AC_HFC125,T5REFR_AC_HFC125IPPU,,2030,,,,,,,0.0523,,,,,,,,,,,,,,,,,,,,,,,,,,,,,,,
BAU,0,REFR_AC_HFC125,T5REFR_AC_HFC125IPPU,,2031,,,,,,,0.0536,,,,,,,,,,,,,,,,,,,,,,,,,,,,,,,
BAU,0,REFR_AC_HFC125,T5REFR_AC_HFC125IPPU,,2032,,,,,,,0.0549,,,,,,,,,,,,,,,,,,,,,,,,,,,,,,,
BAU,0,REFR_AC_HFC125,T5REFR_AC_HFC125IPPU,,2033,,,,,,,0.0563,,,,,,,,,,,,,,,,,,,,,,,,,,,,,,,
BAU,0,REFR_AC_HFC125,T5REFR_AC_HFC125IPPU,,2034,,,,,,,0.0577,,,,,,,,,,,,,,,,,,,,,,,,,,,,,,,
BAU,0,REFR_AC_HFC125,T5REFR_AC_HFC125IPPU,,2035,,,,,,,0.0592,,,,,,,,,,,,,,,,,,,,,,,,,,,,,,,
BAU,0,REFR_AC_HFC125,T5REFR_AC_HFC125IPPU,,2036,,,,,,,0.0606,,,,,,,,,,,,,,,,,,,,,,,,,,,,,,,
BAU,0,REFR_AC_HFC125,T5REFR_AC_HFC125IPPU,,2037,,,,,,,0.0622,,,,,,,,,,,,,,,,,,,,,,,,,,,,,,,
BAU,0,REFR_AC_HFC125,T5REFR_AC_HFC125IPPU,,2038,,,,,,,0.0637,,,,,,,,,,,,,,,,,,,,,,,,,,,,,,,
BAU,0,REFR_AC_HFC125,T5REFR_AC_HFC125IPPU,,2039,,,,,,,0.0653,,,,,,,,,,,,,,,,,,,,,,,,,,,,,,,
BAU,0,REFR_AC_HFC125,T5REFR_AC_HFC125IPPU,,2040,,,,,,,0.0669,,,,,,,,,,,,,,,,,,,,,,,,,,,,,,,
BAU,0,REFR_AC_HFC125,T5REFR_AC_HFC125IPPU,,2041,,,,,,,0.0686,,,,,,,,,,,,,,,,,,,,,,,,,,,,,,,
BAU,0,REFR_AC_HFC125,T5REFR_AC_HFC125IPPU,,2042,,,,,,,0.0703,,,,,,,,,,,,,,,,,,,,,,,,,,,,,,,
BAU,0,REFR_AC_HFC125,T5REFR_AC_HFC125IPPU,,2043,,,,,,,0.0721,,,,,,,,,,,,,,,,,,,,,,,,,,,,,,,
BAU,0,REFR_AC_HFC125,T5REFR_AC_HFC125IPPU,,2044,,,,,,,0.0739,,,,,,,,,,,,,,,,,,,,,,,,,,,,,,,
BAU,0,REFR_AC_HFC125,T5REFR_AC_HFC125IPPU,,2045,,,,,,,0.0757,,,,,,,,,,,,,,,,,,,,,,,,,,,,,,,
BAU,0,REFR_AC_HFC125,T5REFR_AC_HFC125IPPU,,2046,,,,,,,0.0776,,,,,,,,,,,,,,,,,,,,,,,,,,,,,,,
BAU,0,REFR_AC_HFC125,T5REFR_AC_HFC125IPPU,,2047,,,,,,,0.0796,,,,,,,,,,,,,,,,,,,,,,,,,,,,,,,
BAU,0,REFR_AC_HFC125,T5REFR_AC_HFC125IPPU,,2048,,,,,,,0.0816,,,,,,,,,,,,,,,,,,,,,,,,,,,,,,,
BAU,0,REFR_AC_HFC125,T5REFR_AC_HFC125IPPU,,2049,,,,,,,0.0836,,,,,,,,,,,,,,,,,,,,,,,,,,,,,,,
BAU,0,REFR_AC_HFC125,T5REFR_AC_HFC125IPPU,,2050,,,,,,,0.0857,,,,,,,,,,,,,,,,,,,,,,,,,,,,,,,
BAU,0,REFR_AC_HFC134a,T5REFR_AC_HFC134aIPPU,,2018,,,,,,,0.0209,,,,,,,,,,,,,,,,,,,,,,,,,,,,,,,
BAU,0,REFR_AC_HFC134a,T5REFR_AC_HFC134aIPPU,,2019,,,,,,,0.0222,,,,,,,,,,,,,,,,,,,,,,,,,,,,,,,
BAU,0,REFR_AC_HFC134a,T5REFR_AC_HFC134aIPPU,,2020,,,,,,,0.0649,,,,,,,,,,,,,,,,,,,,,,,,,,,,,,,
BAU,0,REFR_AC_HFC134a,T5REFR_AC_HFC134aIPPU,,2021,,,,,,,0.1002,,,,,,,,,,,,,,,,,,,,,,,,,,,,,,,
BAU,0,REFR_AC_HFC134a,T5REFR_AC_HFC134aIPPU,,2022,,,,,,,0.1397,,,,,,,,,,,,,,,,,,,,,,,,,,,,,,,
BAU,0,REFR_AC_HFC134a,T5REFR_AC_HFC134aIPPU,,2023,,,,,,,0.1432,,,,,,,,,,,,,,,,,,,,,,,,,,,,,,,
BAU,0,REFR_AC_HFC134a,T5REFR_AC_HFC134aIPPU,,2024,,,,,,,0.1468,,,,,,,,,,,,,,,,,,,,,,,,,,,,,,,
BAU,0,REFR_AC_HFC134a,T5REFR_AC_HFC134aIPPU,,2025,,,,,,,0.1505,,,,,,,,,,,,,,,,,,,,,,,,,,,,,,,
BAU,0,REFR_AC_HFC134a,T5REFR_AC_HFC134aIPPU,,2026,,,,,,,0.1542,,,,,,,,,,,,,,,,,,,,,,,,,,,,,,,
BAU,0,REFR_AC_HFC134a,T5REFR_AC_HFC134aIPPU,,2027,,,,,,,0.1581,,,,,,,,,,,,,,,,,,,,,,,,,,,,,,,
BAU,0,REFR_AC_HFC134a,T5REFR_AC_HFC134aIPPU,,2028,,,,,,,0.162,,,,,,,,,,,,,,,,,,,,,,,,,,,,,,,
BAU,0,REFR_AC_HFC134a,T5REFR_AC_HFC134aIPPU,,2029,,,,,,,0.1661,,,,,,,,,,,,,,,,,,,,,,,,,,,,,,,
BAU,0,REFR_AC_HFC134a,T5REFR_AC_HFC134aIPPU,,2030,,,,,,,0.1702,,,,,,,,,,,,,,,,,,,,,,,,,,,,,,,
BAU,0,REFR_AC_HFC134a,T5REFR_AC_HFC134aIPPU,,2031,,,,,,,0.1745,,,,,,,,,,,,,,,,,,,,,,,,,,,,,,,
BAU,0,REFR_AC_HFC134a,T5REFR_AC_HFC134aIPPU,,2032,,,,,,,0.1789,,,,,,,,,,,,,,,,,,,,,,,,,,,,,,,
BAU,0,REFR_AC_HFC134a,T5REFR_AC_HFC134aIPPU,,2033,,,,,,,0.1833,,,,,,,,,,,,,,,,,,,,,,,,,,,,,,,
BAU,0,REFR_AC_HFC134a,T5REFR_AC_HFC134aIPPU,,2034,,,,,,,0.1879,,,,,,,,,,,,,,,,,,,,,,,,,,,,,,,
BAU,0,REFR_AC_HFC134a,T5REFR_AC_HFC134aIPPU,,2035,,,,,,,0.1926,,,,,,,,,,,,,,,,,,,,,,,,,,,,,,,
BAU,0,REFR_AC_HFC134a,T5REFR_AC_HFC134aIPPU,,2036,,,,,,,0.1974,,,,,,,,,,,,,,,,,,,,,,,,,,,,,,,
BAU,0,REFR_AC_HFC134a,T5REFR_AC_HFC134aIPPU,,2037,,,,,,,0.2024,,,,,,,,,,,,,,,,,,,,,,,,,,,,,,,
BAU,0,REFR_AC_HFC134a,T5REFR_AC_HFC134aIPPU,,2038,,,,,,,0.2074,,,,,,,,,,,,,,,,,,,,,,,,,,,,,,,
BAU,0,REFR_AC_HFC134a,T5REFR_AC_HFC134aIPPU,,2039,,,,,,,0.2126,,,,,,,,,,,,,,,,,,,,,,,,,,,,,,,
BAU,0,REFR_AC_HFC134a,T5REFR_AC_HFC134aIPPU,,2040,,,,,,,0.2179,,,,,,,,,,,,,,,,,,,,,,,,,,,,,,,
BAU,0,REFR_AC_HFC134a,T5REFR_AC_HFC134aIPPU,,2041,,,,,,,0.2234,,,,,,,,,,,,,,,,,,,,,,,,,,,,,,,
BAU,0,REFR_AC_HFC134a,T5REFR_AC_HFC134aIPPU,,2042,,,,,,,0.2289,,,,,,,,,,,,,,,,,,,,,,,,,,,,,,,
BAU,0,REFR_AC_HFC134a,T5REFR_AC_HFC134aIPPU,,2043,,,,,,,0.2347,,,,,,,,,,,,,,,,,,,,,,,,,,,,,,,
BAU,0,REFR_AC_HFC134a,T5REFR_AC_HFC134aIPPU,,2044,,,,,,,0.2405,,,,,,,,,,,,,,,,,,,,,,,,,,,,,,,
BAU,0,REFR_AC_HFC134a,T5REFR_AC_HFC134aIPPU,,2045,,,,,,,0.2465,,,,,,,,,,,,,,,,,,,,,,,,,,,,,,,
BAU,0,REFR_AC_HFC134a,T5REFR_AC_HFC134aIPPU,,2046,,,,,,,0.2527,,,,,,,,,,,,,,,,,,,,,,,,,,,,,,,
BAU,0,REFR_AC_HFC134a,T5REFR_AC_HFC134aIPPU,,2047,,,,,,,0.259,,,,,,,,,,,,,,,,,,,,,,,,,,,,,,,
BAU,0,REFR_AC_HFC134a,T5REFR_AC_HFC134aIPPU,,2048,,,,,,,0.2655,,,,,,,,,,,,,,,,,,,,,,,,,,,,,,,
BAU,0,REFR_AC_HFC134a,T5REFR_AC_HFC134aIPPU,,2049,,,,,,,0.2721,,,,,,,,,,,,,,,,,,,,,,,,,,,,,,,
BAU,0,REFR_AC_HFC134a,T5REFR_AC_HFC134aIPPU,,2050,,,,,,,0.2789,,,,,,,,,,,,,,,,,,,,,,,,,,,,,,,
BAU,0,REFR_AC_HFC143a,T5REFR_AC_HFC143aIPPU,,2018,,,,,,,0.0139,,,,,,,,,,,,,,,,,,,,,,,,,,,,,,,
BAU,0,REFR_AC_HFC143a,T5REFR_AC_HFC143aIPPU,,2019,,,,,,,0.0235,,,,,,,,,,,,,,,,,,,,,,,,,,,,,,,
BAU,0,REFR_AC_HFC143a,T5REFR_AC_HFC143aIPPU,,2020,,,,,,,0.0279,,,,,,,,,,,,,,,,,,,,,,,,,,,,,,,
BAU,0,REFR_AC_HFC143a,T5REFR_AC_HFC143aIPPU,,2021,,,,,,,0.0309,,,,,,,,,,,,,,,,,,,,,,,,,,,,,,,
BAU,0,REFR_AC_HFC143a,T5REFR_AC_HFC143aIPPU,,2022,,,,,,,0.0363,,,,,,,,,,,,,,,,,,,,,,,,,,,,,,,
BAU,0,REFR_AC_HFC143a,T5REFR_AC_HFC143aIPPU,,2023,,,,,,,0.0372,,,,,,,,,,,,,,,,,,,,,,,,,,,,,,,
BAU,0,REFR_AC_HFC143a,T5REFR_AC_HFC143aIPPU,,2024,,,,,,,0.0382,,,,,,,,,,,,,,,,,,,,,,,,,,,,,,,
BAU,0,REFR_AC_HFC143a,T5REFR_AC_HFC143aIPPU,,2025,,,,,,,0.0391,,,,,,,,,,,,,,,,,,,,,,,,,,,,,,,
BAU,0,REFR_AC_HFC143a,T5REFR_AC_HFC143aIPPU,,2026,,,,,,,0.0401,,,,,,,,,,,,,,,,,,,,,,,,,,,,,,,
BAU,0,REFR_AC_HFC143a,T5REFR_AC_HFC143aIPPU,,2027,,,,,,,0.0411,,,,,,,,,,,,,,,,,,,,,,,,,,,,,,,
BAU,0,REFR_AC_HFC143a,T5REFR_AC_HFC143aIPPU,,2028,,,,,,,0.0421,,,,,,,,,,,,,,,,,,,,,,,,,,,,,,,
BAU,0,REFR_AC_HFC143a,T5REFR_AC_HFC143aIPPU,,2029,,,,,,,0.0432,,,,,,,,,,,,,,,,,,,,,,,,,,,,,,,
BAU,0,REFR_AC_HFC143a,T5REFR_AC_HFC143aIPPU,,2030,,,,,,,0.0443,,,,,,,,,,,,,,,,,,,,,,,,,,,,,,,
BAU,0,REFR_AC_HFC143a,T5REFR_AC_HFC143aIPPU,,2031,,,,,,,0.0454,,,,,,,,,,,,,,,,,,,,,,,,,,,,,,,
BAU,0,REFR_AC_HFC143a,T5REFR_AC_HFC143aIPPU,,2032,,,,,,,0.0465,,,,,,,,,,,,,,,,,,,,,,,,,,,,,,,
BAU,0,REFR_AC_HFC143a,T5REFR_AC_HFC143aIPPU,,2033,,,,,,,0.0477,,,,,,,,,,,,,,,,,,,,,,,,,,,,,,,
BAU,0,REFR_AC_HFC143a,T5REFR_AC_HFC143aIPPU,,2034,,,,,,,0.0489,,,,,,,,,,,,,,,,,,,,,,,,,,,,,,,
BAU,0,REFR_AC_HFC143a,T5REFR_AC_HFC143aIPPU,,2035,,,,,,,0.0501,,,,,,,,,,,,,,,,,,,,,,,,,,,,,,,
BAU,0,REFR_AC_HFC143a,T5REFR_AC_HFC143aIPPU,,2036,,,,,,,0.0513,,,,,,,,,,,,,,,,,,,,,,,,,,,,,,,
BAU,0,REFR_AC_HFC143a,T5REFR_AC_HFC143aIPPU,,2037,,,,,,,0.0526,,,,,,,,,,,,,,,,,,,,,,,,,,,,,,,
BAU,0,REFR_AC_HFC143a,T5REFR_AC_HFC143aIPPU,,2038,,,,,,,0.0539,,,,,,,,,,,,,,,,,,,,,,,,,,,,,,,
BAU,0,REFR_AC_HFC143a,T5REFR_AC_HFC143aIPPU,,2039,,,,,,,0.0553,,,,,,,,,,,,,,,,,,,,,,,,,,,,,,,
BAU,0,REFR_AC_HFC143a,T5REFR_AC_HFC143aIPPU,,2040,,,,,,,0.0567,,,,,,,,,,,,,,,,,,,,,,,,,,,,,,,
BAU,0,REFR_AC_HFC143a,T5REFR_AC_HFC143aIPPU,,2041,,,,,,,0.0581,,,,,,,,,,,,,,,,,,,,,,,,,,,,,,,
BAU,0,REFR_AC_HFC143a,T5REFR_AC_HFC143aIPPU,,2042,,,,,,,0.0595,,,,,,,,,,,,,,,,,,,,,,,,,,,,,,,
BAU,0,REFR_AC_HFC143a,T5REFR_AC_HFC143aIPPU,,2043,,,,,,,0.061,,,,,,,,,,,,,,,,,,,,,,,,,,,,,,,
BAU,0,REFR_AC_HFC143a,T5REFR_AC_HFC143aIPPU,,2044,,,,,,,0.0625,,,,,,,,,,,,,,,,,,,,,,,,,,,,,,,
BAU,0,REFR_AC_HFC143a,T5REFR_AC_HFC143aIPPU,,2045,,,,,,,0.0641,,,,,,,,,,,,,,,,,,,,,,,,,,,,,,,
BAU,0,REFR_AC_HFC143a,T5REFR_AC_HFC143aIPPU,,2046,,,,,,,0.0657,,,,,,,,,,,,,,,,,,,,,,,,,,,,,,,
BAU,0,REFR_AC_HFC143a,T5REFR_AC_HFC143aIPPU,,2047,,,,,,,0.0673,,,,,,,,,,,,,,,,,,,,,,,,,,,,,,,
BAU,0,REFR_AC_HFC143a,T5REFR_AC_HFC143aIPPU,,2048,,,,,,,0.069,,,,,,,,,,,,,,,,,,,,,,,,,,,,,,,
BAU,0,REFR_AC_HFC143a,T5REFR_AC_HFC143aIPPU,,2049,,,,,,,0.0708,,,,,,,,,,,,,,,,,,,,,,,,,,,,,,,
BAU,0,REFR_AC_HFC143a,T5REFR_AC_HFC143aIPPU,,2050,,,,,,,0.0725,,,,,,,,,,,,,,,,,,,,,,,,,,,,,,,
