Future.ID,Strategy.ID,Strategy,Fuel,Technology,Emission,Season,Year,SpecifiedAnnualDemand,CapacityFactor,OperationalLife,ResidualCapacity,InputActivityRatio,OutputActivityRatio,EmissionActivityRatio,CapitalCost,VariableCost,FixedCost,TotalAnnualMaxCapacity,TotalAnnualMinCapacity,TotalAnnualMinCapacityInvestment,TotalTechnologyAnnualActivityUpperLimit,TotalTechnologyAnnualActivityLowerLimit,DistanceDriven,UnitCapitalCost (USD),UnitFixedCost (USD),BiofuelShares,FilterFuelType,FilterVehicleType
0,0,BAU,E5INDCEM_PROD,,,,2018,2.7546,,,,,,,,,,,,,,,,,,,,
0,0,BAU,E5INDCEM_PROD,,,,2019,3.0039,,,,,,,,,,,,,,,,,,,,
0,0,BAU,E5INDCEM_PROD,,,,2020,3.525,,,,,,,,,,,,,,,,,,,,
0,0,BAU,E5INDCEM_PROD,,,,2021,4.2775,,,,,,,,,,,,,,,,,,,,
0,0,BAU,E5INDCEM_PROD,,,,2022,4.6204,,,,,,,,,,,,,,,,,,,,
0,0,BAU,E5INDCEM_PROD,,,,2023,5.708,,,,,,,,,,,,,,,,,,,,
0,0,BAU,E5INDCEM_PROD,,,,2024,6.0961,,,,,,,,,,,,,,,,,,,,
0,0,BAU,E5INDCEM_PROD,,,,2025,6.5107,,,,,,,,,,,,,,,,,,,,
0,0,BAU,E5INDCEM_PROD,,,,2026,6.9534,,,,,,,,,,,,,,,,,,,,
0,0,BAU,E5INDCEM_PROD,,,,2027,7.4262,,,,,,,,,,,,,,,,,,,,
0,0,BAU,E5INDCEM_PROD,,,,2028,7.9312,,,,,,,,,,,,,,,,,,,,
0,0,BAU,E5INDCEM_PROD,,,,2029,8.4705,,,,,,,,,,,,,,,,,,,,
0,0,BAU,E5INDCEM_PROD,,,,2030,9.0465,,,,,,,,,,,,,,,,,,,,
0,0,BAU,E5INDCEM_PROD,,,,2031,9.6617,,,,,,,,,,,,,,,,,,,,
0,0,BAU,E5INDCEM_PROD,,,,2032,10.3187,,,,,,,,,,,,,,,,,,,,
0,0,BAU,E5INDCEM_PROD,,,,2033,11.0204,,,,,,,,,,,,,,,,,,,,
0,0,BAU,E5INDCEM_PROD,,,,2034,11.7698,,,,,,,,,,,,,,,,,,,,
0,0,BAU,E5INDCEM_PROD,,,,2035,12.5701,,,,,,,,,,,,,,,,,,,,
0,0,BAU,E5INDCEM_PROD,,,,2036,13.4249,,,,,,,,,,,,,,,,,,,,
0,0,BAU,E5INDCEM_PROD,,,,2037,14.3378,,,,,,,,,,,,,,,,,,,,
0,0,BAU,E5INDCEM_PROD,,,,2038,15.3127,,,,,,,,,,,,,,,,,,,,
0,0,BAU,E5INDCEM_PROD,,,,2039,16.354,,,,,,,,,,,,,,,,,,,,
0,0,BAU,E5INDCEM_PROD,,,,2040,17.4661,,,,,,,,,,,,,,,,,,,,
0,0,BAU,E5INDCEM_PROD,,,,2041,18.6538,,,,,,,,,,,,,,,,,,,,
0,0,BAU,E5INDCEM_PROD,,,,2042,19.9222,,,,,,,,,,,,,,,,,,,,
0,0,BAU,E5INDCEM_PROD,,,,2043,21.2769,,,,,,,,,,,,,,,,,,,,
0,0,BAU,E5INDCEM_PROD,,,,2044,22.7238,,,,,,,,,,,,,,,,,,,,
0,0,BAU,E5INDCEM_PROD,,,,2045,24.269,,,,,,,,,,,,,,,,,,,,
0,0,BAU,E5INDCEM_PROD,,,,2046,25.9193,,,,,,,,,,,,,,,,,,,,
0,0,BAU,E5INDCEM_PROD,,,,2047,27.6818,,,,,,,,,,,,,,,,,,,,
0,0,BAU,E5INDCEM_PROD,,,,2048,29.5641,,,,,,,,,,,,,,,,,,,,
0,0,BAU,E5INDCEM_PROD,,,,2049,31.5745,,,,,,,,,,,,,,,,,,,,
0,0,BAU,E5INDCEM_PROD,,,,2050,33.7216,,,,,,,,,,,,,,,,,,,,
0,0,BAU,E5IPPULIME_CAL_PROD,,,,2018,0.2436,,,,,,,,,,,,,,,,,,,,
0,0,BAU,E5IPPULIME_CAL_PROD,,,,2019,0.3239,,,,,,,,,,,,,,,,,,,,
0,0,BAU,E5IPPULIME_CAL_PROD,,,,2020,0.4235,,,,,,,,,,,,,,,,,,,,
0,0,BAU,E5IPPULIME_CAL_PROD,,,,2021,0.4008,,,,,,,,,,,,,,,,,,,,
0,0,BAU,E5IPPULIME_CAL_PROD,,,,2022,0.4703,,,,,,,,,,,,,,,,,,,,
0,0,BAU,E5IPPULIME_CAL_PROD,,,,2023,0.4882,,,,,,,,,,,,,,,,,,,,
0,0,BAU,E5IPPULIME_CAL_PROD,,,,2024,0.5068,,,,,,,,,,,,,,,,,,,,
0,0,BAU,E5IPPULIME_CAL_PROD,,,,2025,0.526,,,,,,,,,,,,,,,,,,,,
0,0,BAU,E5IPPULIME_CAL_PROD,,,,2026,0.546,,,,,,,,,,,,,,,,,,,,
0,0,BAU,E5IPPULIME_CAL_PROD,,,,2027,0.5667,,,,,,,,,,,,,,,,,,,,
0,0,BAU,E5IPPULIME_CAL_PROD,,,,2028,0.5883,,,,,,,,,,,,,,,,,,,,
0,0,BAU,E5IPPULIME_CAL_PROD,,,,2029,0.6106,,,,,,,,,,,,,,,,,,,,
0,0,BAU,E5IPPULIME_CAL_PROD,,,,2030,0.6338,,,,,,,,,,,,,,,,,,,,
0,0,BAU,E5IPPULIME_CAL_PROD,,,,2031,0.6579,,,,,,,,,,,,,,,,,,,,
0,0,BAU,E5IPPULIME_CAL_PROD,,,,2032,0.6829,,,,,,,,,,,,,,,,,,,,
0,0,BAU,E5IPPULIME_CAL_PROD,,,,2033,0.7089,,,,,,,,,,,,,,,,,,,,
0,0,BAU,E5IPPULIME_CAL_PROD,,,,2034,0.7358,,,,,,,,,,,,,,,,,,,,
0,0,BAU,E5IPPULIME_CAL_PROD,,,,2035,0.7638,,,,,,,,,,,,,,,,,,,,
0,0,BAU,E5IPPULIME_CAL_PROD,,,,2036,0.7928,,,,,,,,,,,,,,,,,,,,
0,0,BAU,E5IPPULIME_CAL_PROD,,,,2037,0.8229,,,,,,,,,,,,,,,,,,,,
0,0,BAU,E5IPPULIME_CAL_PROD,,,,2038,0.8542,,,,,,,,,,,,,,,,,,,,
0,0,BAU,E5IPPULIME_CAL_PROD,,,,2039,0.8867,,,,,,,,,,,,,,,,,,,,
0,0,BAU,E5IPPULIME_CAL_PROD,,,,2040,0.9204,,,,,,,,,,,,,,,,,,,,
0,0,BAU,E5IPPULIME_CAL_PROD,,,,2041,0.9553,,,,,,,,,,,,,,,,,,,,
0,0,BAU,E5IPPULIME_CAL_PROD,,,,2042,0.9916,,,,,,,,,,,,,,,,,,,,
0,0,BAU,E5IPPULIME_CAL_PROD,,,,2043,1.0293,,,,,,,,,,,,,,,,,,,,
0,0,BAU,E5IPPULIME_CAL_PROD,,,,2044,1.0684,,,,,,,,,,,,,,,,,,,,
0,0,BAU,E5IPPULIME_CAL_PROD,,,,2045,1.109,,,,,,,,,,,,,,,,,,,,
0,0,BAU,E5IPPULIME_CAL_PROD,,,,2046,1.1512,,,,,,,,,,,,,,,,,,,,
0,0,BAU,E5IPPULIME_CAL_PROD,,,,2047,1.1949,,,,,,,,,,,,,,,,,,,,
0,0,BAU,E5IPPULIME_CAL_PROD,,,,2048,1.2403,,,,,,,,,,,,,,,,,,,,
0,0,BAU,E5IPPULIME_CAL_PROD,,,,2049,1.2875,,,,,,,,,,,,,,,,,,,,
0,0,BAU,E5IPPULIME_CAL_PROD,,,,2050,1.3364,,,,,,,,,,,,,,,,,,,,
0,0,BAU,E5IPPULIME_DOL_PROD,,,,2018,0.003,,,,,,,,,,,,,,,,,,,,
0,0,BAU,E5IPPULIME_DOL_PROD,,,,2019,0.0188,,,,,,,,,,,,,,,,,,,,
0,0,BAU,E5IPPULIME_DOL_PROD,,,,2020,0.1,,,,,,,,,,,,,,,,,,,,
0,0,BAU,E5IPPULIME_DOL_PROD,,,,2021,0.1081,,,,,,,,,,,,,,,,,,,,
0,0,BAU,E5IPPULIME_DOL_PROD,,,,2022,0.1169,,,,,,,,,,,,,,,,,,,,
0,0,BAU,E5IPPULIME_DOL_PROD,,,,2023,0.1213,,,,,,,,,,,,,,,,,,,,
0,0,BAU,E5IPPULIME_DOL_PROD,,,,2024,0.1259,,,,,,,,,,,,,,,,,,,,
0,0,BAU,E5IPPULIME_DOL_PROD,,,,2025,0.1307,,,,,,,,,,,,,,,,,,,,
0,0,BAU,E5IPPULIME_DOL_PROD,,,,2026,0.1356,,,,,,,,,,,,,,,,,,,,
0,0,BAU,E5IPPULIME_DOL_PROD,,,,2027,0.1408,,,,,,,,,,,,,,,,,,,,
0,0,BAU,E5IPPULIME_DOL_PROD,,,,2028,0.1462,,,,,,,,,,,,,,,,,,,,
0,0,BAU,E5IPPULIME_DOL_PROD,,,,2029,0.1517,,,,,,,,,,,,,,,,,,,,
0,0,BAU,E5IPPULIME_DOL_PROD,,,,2030,0.1575,,,,,,,,,,,,,,,,,,,,
0,0,BAU,E5IPPULIME_DOL_PROD,,,,2031,0.1635,,,,,,,,,,,,,,,,,,,,
0,0,BAU,E5IPPULIME_DOL_PROD,,,,2032,0.1697,,,,,,,,,,,,,,,,,,,,
0,0,BAU,E5IPPULIME_DOL_PROD,,,,2033,0.1761,,,,,,,,,,,,,,,,,,,,
0,0,BAU,E5IPPULIME_DOL_PROD,,,,2034,0.1828,,,,,,,,,,,,,,,,,,,,
0,0,BAU,E5IPPULIME_DOL_PROD,,,,2035,0.1898,,,,,,,,,,,,,,,,,,,,
0,0,BAU,E5IPPULIME_DOL_PROD,,,,2036,0.197,,,,,,,,,,,,,,,,,,,,
0,0,BAU,E5IPPULIME_DOL_PROD,,,,2037,0.2045,,,,,,,,,,,,,,,,,,,,
0,0,BAU,E5IPPULIME_DOL_PROD,,,,2038,0.2122,,,,,,,,,,,,,,,,,,,,
0,0,BAU,E5IPPULIME_DOL_PROD,,,,2039,0.2203,,,,,,,,,,,,,,,,,,,,
0,0,BAU,E5IPPULIME_DOL_PROD,,,,2040,0.2287,,,,,,,,,,,,,,,,,,,,
0,0,BAU,E5IPPULIME_DOL_PROD,,,,2041,0.2373,,,,,,,,,,,,,,,,,,,,
0,0,BAU,E5IPPULIME_DOL_PROD,,,,2042,0.2464,,,,,,,,,,,,,,,,,,,,
0,0,BAU,E5IPPULIME_DOL_PROD,,,,2043,0.2557,,,,,,,,,,,,,,,,,,,,
0,0,BAU,E5IPPULIME_DOL_PROD,,,,2044,0.2654,,,,,,,,,,,,,,,,,,,,
0,0,BAU,E5IPPULIME_DOL_PROD,,,,2045,0.2755,,,,,,,,,,,,,,,,,,,,
0,0,BAU,E5IPPULIME_DOL_PROD,,,,2046,0.286,,,,,,,,,,,,,,,,,,,,
0,0,BAU,E5IPPULIME_DOL_PROD,,,,2047,0.2969,,,,,,,,,,,,,,,,,,,,
0,0,BAU,E5IPPULIME_DOL_PROD,,,,2048,0.3081,,,,,,,,,,,,,,,,,,,,
0,0,BAU,E5IPPULIME_DOL_PROD,,,,2049,0.3199,,,,,,,,,,,,,,,,,,,,
0,0,BAU,E5IPPULIME_DOL_PROD,,,,2050,0.332,,,,,,,,,,,,,,,,,,,,
0,0,BAU,E5IPPUGLASS_PROD,,,,2018,0.1146,,,,,,,,,,,,,,,,,,,,
0,0,BAU,E5IPPUGLASS_PROD,,,,2019,0.1375,,,,,,,,,,,,,,,,,,,,
0,0,BAU,E5IPPUGLASS_PROD,,,,2020,0.1796,,,,,,,,,,,,,,,,,,,,
0,0,BAU,E5IPPUGLASS_PROD,,,,2021,0.1979,,,,,,,,,,,,,,,,,,,,
0,0,BAU,E5IPPUGLASS_PROD,,,,2022,0.1714,,,,,,,,,,,,,,,,,,,,
0,0,BAU,E5IPPUGLASS_PROD,,,,2023,0.1779,,,,,,,,,,,,,,,,,,,,
0,0,BAU,E5IPPUGLASS_PROD,,,,2024,0.1846,,,,,,,,,,,,,,,,,,,,
0,0,BAU,E5IPPUGLASS_PROD,,,,2025,0.1917,,,,,,,,,,,,,,,,,,,,
0,0,BAU,E5IPPUGLASS_PROD,,,,2026,0.1989,,,,,,,,,,,,,,,,,,,,
0,0,BAU,E5IPPUGLASS_PROD,,,,2027,0.2065,,,,,,,,,,,,,,,,,,,,
0,0,BAU,E5IPPUGLASS_PROD,,,,2028,0.2143,,,,,,,,,,,,,,,,,,,,
0,0,BAU,E5IPPUGLASS_PROD,,,,2029,0.2225,,,,,,,,,,,,,,,,,,,,
0,0,BAU,E5IPPUGLASS_PROD,,,,2030,0.2309,,,,,,,,,,,,,,,,,,,,
0,0,BAU,E5IPPUGLASS_PROD,,,,2031,0.2397,,,,,,,,,,,,,,,,,,,,
0,0,BAU,E5IPPUGLASS_PROD,,,,2032,0.2488,,,,,,,,,,,,,,,,,,,,
0,0,BAU,E5IPPUGLASS_PROD,,,,2033,0.2583,,,,,,,,,,,,,,,,,,,,
0,0,BAU,E5IPPUGLASS_PROD,,,,2034,0.2681,,,,,,,,,,,,,,,,,,,,
0,0,BAU,E5IPPUGLASS_PROD,,,,2035,0.2783,,,,,,,,,,,,,,,,,,,,
0,0,BAU,E5IPPUGLASS_PROD,,,,2036,0.2889,,,,,,,,,,,,,,,,,,,,
0,0,BAU,E5IPPUGLASS_PROD,,,,2037,0.2998,,,,,,,,,,,,,,,,,,,,
0,0,BAU,E5IPPUGLASS_PROD,,,,2038,0.3112,,,,,,,,,,,,,,,,,,,,
0,0,BAU,E5IPPUGLASS_PROD,,,,2039,0.3231,,,,,,,,,,,,,,,,,,,,
0,0,BAU,E5IPPUGLASS_PROD,,,,2040,0.3353,,,,,,,,,,,,,,,,,,,,
0,0,BAU,E5IPPUGLASS_PROD,,,,2041,0.3481,,,,,,,,,,,,,,,,,,,,
0,0,BAU,E5IPPUGLASS_PROD,,,,2042,0.3613,,,,,,,,,,,,,,,,,,,,
0,0,BAU,E5IPPUGLASS_PROD,,,,2043,0.375,,,,,,,,,,,,,,,,,,,,
0,0,BAU,E5IPPUGLASS_PROD,,,,2044,0.3893,,,,,,,,,,,,,,,,,,,,
0,0,BAU,E5IPPUGLASS_PROD,,,,2045,0.4041,,,,,,,,,,,,,,,,,,,,
0,0,BAU,E5IPPUGLASS_PROD,,,,2046,0.4194,,,,,,,,,,,,,,,,,,,,
0,0,BAU,E5IPPUGLASS_PROD,,,,2047,0.4354,,,,,,,,,,,,,,,,,,,,
0,0,BAU,E5IPPUGLASS_PROD,,,,2048,0.4519,,,,,,,,,,,,,,,,,,,,
0,0,BAU,E5IPPUGLASS_PROD,,,,2049,0.4691,,,,,,,,,,,,,,,,,,,,
0,0,BAU,E5IPPUGLASS_PROD,,,,2050,0.4869,,,,,,,,,,,,,,,,,,,,
0,0,BAU,E5IPPUCARBONATE_CERAMICS,,,,2018,0.0593,,,,,,,,,,,,,,,,,,,,
0,0,BAU,E5IPPUCARBONATE_CERAMICS,,,,2019,0.0066,,,,,,,,,,,,,,,,,,,,
0,0,BAU,E5IPPUCARBONATE_CERAMICS,,,,2020,0.0205,,,,,,,,,,,,,,,,,,,,
0,0,BAU,E5IPPUCARBONATE_CERAMICS,,,,2021,0.0248,,,,,,,,,,,,,,,,,,,,
0,0,BAU,E5IPPUCARBONATE_CERAMICS,,,,2022,0.0301,,,,,,,,,,,,,,,,,,,,
0,0,BAU,E5IPPUCARBONATE_CERAMICS,,,,2023,0.0312,,,,,,,,,,,,,,,,,,,,
0,0,BAU,E5IPPUCARBONATE_CERAMICS,,,,2024,0.0324,,,,,,,,,,,,,,,,,,,,
0,0,BAU,E5IPPUCARBONATE_CERAMICS,,,,2025,0.0336,,,,,,,,,,,,,,,,,,,,
0,0,BAU,E5IPPUCARBONATE_CERAMICS,,,,2026,0.0349,,,,,,,,,,,,,,,,,,,,
0,0,BAU,E5IPPUCARBONATE_CERAMICS,,,,2027,0.0362,,,,,,,,,,,,,,,,,,,,
0,0,BAU,E5IPPUCARBONATE_CERAMICS,,,,2028,0.0376,,,,,,,,,,,,,,,,,,,,
0,0,BAU,E5IPPUCARBONATE_CERAMICS,,,,2029,0.039,,,,,,,,,,,,,,,,,,,,
0,0,BAU,E5IPPUCARBONATE_CERAMICS,,,,2030,0.0405,,,,,,,,,,,,,,,,,,,,
0,0,BAU,E5IPPUCARBONATE_CERAMICS,,,,2031,0.0421,,,,,,,,,,,,,,,,,,,,
0,0,BAU,E5IPPUCARBONATE_CERAMICS,,,,2032,0.0437,,,,,,,,,,,,,,,,,,,,
0,0,BAU,E5IPPUCARBONATE_CERAMICS,,,,2033,0.0453,,,,,,,,,,,,,,,,,,,,
0,0,BAU,E5IPPUCARBONATE_CERAMICS,,,,2034,0.047,,,,,,,,,,,,,,,,,,,,
0,0,BAU,E5IPPUCARBONATE_CERAMICS,,,,2035,0.0488,,,,,,,,,,,,,,,,,,,,
0,0,BAU,E5IPPUCARBONATE_CERAMICS,,,,2036,0.0507,,,,,,,,,,,,,,,,,,,,
0,0,BAU,E5IPPUCARBONATE_CERAMICS,,,,2037,0.0526,,,,,,,,,,,,,,,,,,,,
0,0,BAU,E5IPPUCARBONATE_CERAMICS,,,,2038,0.0546,,,,,,,,,,,,,,,,,,,,
0,0,BAU,E5IPPUCARBONATE_CERAMICS,,,,2039,0.0567,,,,,,,,,,,,,,,,,,,,
0,0,BAU,E5IPPUCARBONATE_CERAMICS,,,,2040,0.0588,,,,,,,,,,,,,,,,,,,,
0,0,BAU,E5IPPUCARBONATE_CERAMICS,,,,2041,0.0611,,,,,,,,,,,,,,,,,,,,
0,0,BAU,E5IPPUCARBONATE_CERAMICS,,,,2042,0.0634,,,,,,,,,,,,,,,,,,,,
0,0,BAU,E5IPPUCARBONATE_CERAMICS,,,,2043,0.0658,,,,,,,,,,,,,,,,,,,,
0,0,BAU,E5IPPUCARBONATE_CERAMICS,,,,2044,0.0683,,,,,,,,,,,,,,,,,,,,
0,0,BAU,E5IPPUCARBONATE_CERAMICS,,,,2045,0.0709,,,,,,,,,,,,,,,,,,,,
0,0,BAU,E5IPPUCARBONATE_CERAMICS,,,,2046,0.0736,,,,,,,,,,,,,,,,,,,,
0,0,BAU,E5IPPUCARBONATE_CERAMICS,,,,2047,0.0764,,,,,,,,,,,,,,,,,,,,
0,0,BAU,E5IPPUCARBONATE_CERAMICS,,,,2048,0.0793,,,,,,,,,,,,,,,,,,,,
0,0,BAU,E5IPPUCARBONATE_CERAMICS,,,,2049,0.0823,,,,,,,,,,,,,,,,,,,,
0,0,BAU,E5IPPUCARBONATE_CERAMICS,,,,2050,0.0854,,,,,,,,,,,,,,,,,,,,
0,0,BAU,E5IPPUCARBONATE_ASH,,,,2018,0.0216,,,,,,,,,,,,,,,,,,,,
0,0,BAU,E5IPPUCARBONATE_ASH,,,,2019,0.0308,,,,,,,,,,,,,,,,,,,,
0,0,BAU,E5IPPUCARBONATE_ASH,,,,2020,0.0288,,,,,,,,,,,,,,,,,,,,
0,0,BAU,E5IPPUCARBONATE_ASH,,,,2021,0.0356,,,,,,,,,,,,,,,,,,,,
0,0,BAU,E5IPPUCARBONATE_ASH,,,,2022,0.0367,,,,,,,,,,,,,,,,,,,,
0,0,BAU,E5IPPUCARBONATE_ASH,,,,2023,0.0381,,,,,,,,,,,,,,,,,,,,
0,0,BAU,E5IPPUCARBONATE_ASH,,,,2024,0.0396,,,,,,,,,,,,,,,,,,,,
0,0,BAU,E5IPPUCARBONATE_ASH,,,,2025,0.0411,,,,,,,,,,,,,,,,,,,,
0,0,BAU,E5IPPUCARBONATE_ASH,,,,2026,0.0426,,,,,,,,,,,,,,,,,,,,
0,0,BAU,E5IPPUCARBONATE_ASH,,,,2027,0.0443,,,,,,,,,,,,,,,,,,,,
0,0,BAU,E5IPPUCARBONATE_ASH,,,,2028,0.0459,,,,,,,,,,,,,,,,,,,,
0,0,BAU,E5IPPUCARBONATE_ASH,,,,2029,0.0477,,,,,,,,,,,,,,,,,,,,
0,0,BAU,E5IPPUCARBONATE_ASH,,,,2030,0.0495,,,,,,,,,,,,,,,,,,,,
0,0,BAU,E5IPPUCARBONATE_ASH,,,,2031,0.0514,,,,,,,,,,,,,,,,,,,,
0,0,BAU,E5IPPUCARBONATE_ASH,,,,2032,0.0533,,,,,,,,,,,,,,,,,,,,
0,0,BAU,E5IPPUCARBONATE_ASH,,,,2033,0.0554,,,,,,,,,,,,,,,,,,,,
0,0,BAU,E5IPPUCARBONATE_ASH,,,,2034,0.0575,,,,,,,,,,,,,,,,,,,,
0,0,BAU,E5IPPUCARBONATE_ASH,,,,2035,0.0596,,,,,,,,,,,,,,,,,,,,
0,0,BAU,E5IPPUCARBONATE_ASH,,,,2036,0.0619,,,,,,,,,,,,,,,,,,,,
0,0,BAU,E5IPPUCARBONATE_ASH,,,,2037,0.0643,,,,,,,,,,,,,,,,,,,,
0,0,BAU,E5IPPUCARBONATE_ASH,,,,2038,0.0667,,,,,,,,,,,,,,,,,,,,
0,0,BAU,E5IPPUCARBONATE_ASH,,,,2039,0.0692,,,,,,,,,,,,,,,,,,,,
0,0,BAU,E5IPPUCARBONATE_ASH,,,,2040,0.0719,,,,,,,,,,,,,,,,,,,,
0,0,BAU,E5IPPUCARBONATE_ASH,,,,2041,0.0746,,,,,,,,,,,,,,,,,,,,
0,0,BAU,E5IPPUCARBONATE_ASH,,,,2042,0.0774,,,,,,,,,,,,,,,,,,,,
0,0,BAU,E5IPPUCARBONATE_ASH,,,,2043,0.0804,,,,,,,,,,,,,,,,,,,,
0,0,BAU,E5IPPUCARBONATE_ASH,,,,2044,0.0834,,,,,,,,,,,,,,,,,,,,
0,0,BAU,E5IPPUCARBONATE_ASH,,,,2045,0.0866,,,,,,,,,,,,,,,,,,,,
0,0,BAU,E5IPPUCARBONATE_ASH,,,,2046,0.0899,,,,,,,,,,,,,,,,,,,,
0,0,BAU,E5IPPUCARBONATE_ASH,,,,2047,0.0933,,,,,,,,,,,,,,,,,,,,
0,0,BAU,E5IPPUCARBONATE_ASH,,,,2048,0.0968,,,,,,,,,,,,,,,,,,,,
0,0,BAU,E5IPPUCARBONATE_ASH,,,,2049,0.1005,,,,,,,,,,,,,,,,,,,,
0,0,BAU,E5IPPUCARBONATE_ASH,,,,2050,0.1043,,,,,,,,,,,,,,,,,,,,
0,0,BAU,E5IPPUIRON_STEEL,,,,2018,0.2812,,,,,,,,,,,,,,,,,,,,
0,0,BAU,E5IPPUIRON_STEEL,,,,2019,0.294,,,,,,,,,,,,,,,,,,,,
0,0,BAU,E5IPPUIRON_STEEL,,,,2020,0.3069,,,,,,,,,,,,,,,,,,,,
0,0,BAU,E5IPPUIRON_STEEL,,,,2021,0.2711,,,,,,,,,,,,,,,,,,,,
0,0,BAU,E5IPPUIRON_STEEL,,,,2022,0.1335,,,,,,,,,,,,,,,,,,,,
0,0,BAU,E5IPPUIRON_STEEL,,,,2023,0.1386,,,,,,,,,,,,,,,,,,,,
0,0,BAU,E5IPPUIRON_STEEL,,,,2024,0.1438,,,,,,,,,,,,,,,,,,,,
0,0,BAU,E5IPPUIRON_STEEL,,,,2025,0.1493,,,,,,,,,,,,,,,,,,,,
0,0,BAU,E5IPPUIRON_STEEL,,,,2026,0.155,,,,,,,,,,,,,,,,,,,,
0,0,BAU,E5IPPUIRON_STEEL,,,,2027,0.1609,,,,,,,,,,,,,,,,,,,,
0,0,BAU,E5IPPUIRON_STEEL,,,,2028,0.167,,,,,,,,,,,,,,,,,,,,
0,0,BAU,E5IPPUIRON_STEEL,,,,2029,0.1733,,,,,,,,,,,,,,,,,,,,
0,0,BAU,E5IPPUIRON_STEEL,,,,2030,0.1799,,,,,,,,,,,,,,,,,,,,
0,0,BAU,E5IPPUIRON_STEEL,,,,2031,0.1867,,,,,,,,,,,,,,,,,,,,
0,0,BAU,E5IPPUIRON_STEEL,,,,2032,0.1938,,,,,,,,,,,,,,,,,,,,
0,0,BAU,E5IPPUIRON_STEEL,,,,2033,0.2012,,,,,,,,,,,,,,,,,,,,
0,0,BAU,E5IPPUIRON_STEEL,,,,2034,0.2089,,,,,,,,,,,,,,,,,,,,
0,0,BAU,E5IPPUIRON_STEEL,,,,2035,0.2168,,,,,,,,,,,,,,,,,,,,
0,0,BAU,E5IPPUIRON_STEEL,,,,2036,0.225,,,,,,,,,,,,,,,,,,,,
0,0,BAU,E5IPPUIRON_STEEL,,,,2037,0.2336,,,,,,,,,,,,,,,,,,,,
0,0,BAU,E5IPPUIRON_STEEL,,,,2038,0.2425,,,,,,,,,,,,,,,,,,,,
0,0,BAU,E5IPPUIRON_STEEL,,,,2039,0.2517,,,,,,,,,,,,,,,,,,,,
0,0,BAU,E5IPPUIRON_STEEL,,,,2040,0.2612,,,,,,,,,,,,,,,,,,,,
0,0,BAU,E5IPPUIRON_STEEL,,,,2041,0.2712,,,,,,,,,,,,,,,,,,,,
0,0,BAU,E5IPPUIRON_STEEL,,,,2042,0.2815,,,,,,,,,,,,,,,,,,,,
0,0,BAU,E5IPPUIRON_STEEL,,,,2043,0.2922,,,,,,,,,,,,,,,,,,,,
0,0,BAU,E5IPPUIRON_STEEL,,,,2044,0.3033,,,,,,,,,,,,,,,,,,,,
0,0,BAU,E5IPPUIRON_STEEL,,,,2045,0.3148,,,,,,,,,,,,,,,,,,,,
0,0,BAU,E5IPPUIRON_STEEL,,,,2046,0.3268,,,,,,,,,,,,,,,,,,,,
0,0,BAU,E5IPPUIRON_STEEL,,,,2047,0.3392,,,,,,,,,,,,,,,,,,,,
0,0,BAU,E5IPPUIRON_STEEL,,,,2048,0.3521,,,,,,,,,,,,,,,,,,,,
0,0,BAU,E5IPPUIRON_STEEL,,,,2049,0.3654,,,,,,,,,,,,,,,,,,,,
0,0,BAU,E5IPPUIRON_STEEL,,,,2050,0.3793,,,,,,,,,,,,,,,,,,,,
0,0,BAU,E5IPPUPROD_FERRO,,,,2018,0.3735,,,,,,,,,,,,,,,,,,,,
0,0,BAU,E5IPPUPROD_FERRO,,,,2019,0.4729,,,,,,,,,,,,,,,,,,,,
0,0,BAU,E5IPPUPROD_FERRO,,,,2020,0.5724,,,,,,,,,,,,,,,,,,,,
0,0,BAU,E5IPPUPROD_FERRO,,,,2021,0.0605,,,,,,,,,,,,,,,,,,,,
0,0,BAU,E5IPPUPROD_FERRO,,,,2022,0.0279,,,,,,,,,,,,,,,,,,,,
0,0,BAU,E5IPPUPROD_FERRO,,,,2023,0.029,,,,,,,,,,,,,,,,,,,,
0,0,BAU,E5IPPUPROD_FERRO,,,,2024,0.0301,,,,,,,,,,,,,,,,,,,,
0,0,BAU,E5IPPUPROD_FERRO,,,,2025,0.0312,,,,,,,,,,,,,,,,,,,,
0,0,BAU,E5IPPUPROD_FERRO,,,,2026,0.0324,,,,,,,,,,,,,,,,,,,,
0,0,BAU,E5IPPUPROD_FERRO,,,,2027,0.0336,,,,,,,,,,,,,,,,,,,,
0,0,BAU,E5IPPUPROD_FERRO,,,,2028,0.0349,,,,,,,,,,,,,,,,,,,,
0,0,BAU,E5IPPUPROD_FERRO,,,,2029,0.0363,,,,,,,,,,,,,,,,,,,,
0,0,BAU,E5IPPUPROD_FERRO,,,,2030,0.0376,,,,,,,,,,,,,,,,,,,,
0,0,BAU,E5IPPUPROD_FERRO,,,,2031,0.0391,,,,,,,,,,,,,,,,,,,,
0,0,BAU,E5IPPUPROD_FERRO,,,,2032,0.0405,,,,,,,,,,,,,,,,,,,,
0,0,BAU,E5IPPUPROD_FERRO,,,,2033,0.0421,,,,,,,,,,,,,,,,,,,,
0,0,BAU,E5IPPUPROD_FERRO,,,,2034,0.0437,,,,,,,,,,,,,,,,,,,,
0,0,BAU,E5IPPUPROD_FERRO,,,,2035,0.0453,,,,,,,,,,,,,,,,,,,,
0,0,BAU,E5IPPUPROD_FERRO,,,,2036,0.0471,,,,,,,,,,,,,,,,,,,,
0,0,BAU,E5IPPUPROD_FERRO,,,,2037,0.0489,,,,,,,,,,,,,,,,,,,,
0,0,BAU,E5IPPUPROD_FERRO,,,,2038,0.0507,,,,,,,,,,,,,,,,,,,,
0,0,BAU,E5IPPUPROD_FERRO,,,,2039,0.0526,,,,,,,,,,,,,,,,,,,,
0,0,BAU,E5IPPUPROD_FERRO,,,,2040,0.0546,,,,,,,,,,,,,,,,,,,,
0,0,BAU,E5IPPUPROD_FERRO,,,,2041,0.0567,,,,,,,,,,,,,,,,,,,,
0,0,BAU,E5IPPUPROD_FERRO,,,,2042,0.0589,,,,,,,,,,,,,,,,,,,,
0,0,BAU,E5IPPUPROD_FERRO,,,,2043,0.0611,,,,,,,,,,,,,,,,,,,,
0,0,BAU,E5IPPUPROD_FERRO,,,,2044,0.0634,,,,,,,,,,,,,,,,,,,,
0,0,BAU,E5IPPUPROD_FERRO,,,,2045,0.0658,,,,,,,,,,,,,,,,,,,,
0,0,BAU,E5IPPUPROD_FERRO,,,,2046,0.0683,,,,,,,,,,,,,,,,,,,,
0,0,BAU,E5IPPUPROD_FERRO,,,,2047,0.0709,,,,,,,,,,,,,,,,,,,,
0,0,BAU,E5IPPUPROD_FERRO,,,,2048,0.0736,,,,,,,,,,,,,,,,,,,,
0,0,BAU,E5IPPUPROD_FERRO,,,,2049,0.0764,,,,,,,,,,,,,,,,,,,,
0,0,BAU,E5IPPUPROD_FERRO,,,,2050,0.0793,,,,,,,,,,,,,,,,,,,,
0,0,BAU,E5IPPULUBRI_OILS,,,,2018,0.0442,,,,,,,,,,,,,,,,,,,,
0,0,BAU,E5IPPULUBRI_OILS,,,,2019,0.0084,,,,,,,,,,,,,,,,,,,,
0,0,BAU,E5IPPULUBRI_OILS,,,,2020,0.0084,,,,,,,,,,,,,,,,,,,,
0,0,BAU,E5IPPULUBRI_OILS,,,,2021,0.0598,,,,,,,,,,,,,,,,,,,,
0,0,BAU,E5IPPULUBRI_OILS,,,,2022,0.0598,,,,,,,,,,,,,,,,,,,,
0,0,BAU,E5IPPULUBRI_OILS,,,,2023,0.062,,,,,,,,,,,,,,,,,,,,
0,0,BAU,E5IPPULUBRI_OILS,,,,2024,0.0644,,,,,,,,,,,,,,,,,,,,
0,0,BAU,E5IPPULUBRI_OILS,,,,2025,0.0668,,,,,,,,,,,,,,,,,,,,
0,0,BAU,E5IPPULUBRI_OILS,,,,2026,0.0694,,,,,,,,,,,,,,,,,,,,
0,0,BAU,E5IPPULUBRI_OILS,,,,2027,0.072,,,,,,,,,,,,,,,,,,,,
0,0,BAU,E5IPPULUBRI_OILS,,,,2028,0.0747,,,,,,,,,,,,,,,,,,,,
0,0,BAU,E5IPPULUBRI_OILS,,,,2029,0.0776,,,,,,,,,,,,,,,,,,,,
0,0,BAU,E5IPPULUBRI_OILS,,,,2030,0.0805,,,,,,,,,,,,,,,,,,,,
0,0,BAU,E5IPPULUBRI_OILS,,,,2031,0.0836,,,,,,,,,,,,,,,,,,,,
0,0,BAU,E5IPPULUBRI_OILS,,,,2032,0.0868,,,,,,,,,,,,,,,,,,,,
0,0,BAU,E5IPPULUBRI_OILS,,,,2033,0.0901,,,,,,,,,,,,,,,,,,,,
0,0,BAU,E5IPPULUBRI_OILS,,,,2034,0.0935,,,,,,,,,,,,,,,,,,,,
0,0,BAU,E5IPPULUBRI_OILS,,,,2035,0.097,,,,,,,,,,,,,,,,,,,,
0,0,BAU,E5IPPULUBRI_OILS,,,,2036,0.1007,,,,,,,,,,,,,,,,,,,,
0,0,BAU,E5IPPULUBRI_OILS,,,,2037,0.1045,,,,,,,,,,,,,,,,,,,,
0,0,BAU,E5IPPULUBRI_OILS,,,,2038,0.1085,,,,,,,,,,,,,,,,,,,,
0,0,BAU,E5IPPULUBRI_OILS,,,,2039,0.1126,,,,,,,,,,,,,,,,,,,,
0,0,BAU,E5IPPULUBRI_OILS,,,,2040,0.1169,,,,,,,,,,,,,,,,,,,,
0,0,BAU,E5IPPULUBRI_OILS,,,,2041,0.1214,,,,,,,,,,,,,,,,,,,,
0,0,BAU,E5IPPULUBRI_OILS,,,,2042,0.126,,,,,,,,,,,,,,,,,,,,
0,0,BAU,E5IPPULUBRI_OILS,,,,2043,0.1308,,,,,,,,,,,,,,,,,,,,
0,0,BAU,E5IPPULUBRI_OILS,,,,2044,0.1357,,,,,,,,,,,,,,,,,,,,
0,0,BAU,E5IPPULUBRI_OILS,,,,2045,0.1409,,,,,,,,,,,,,,,,,,,,
0,0,BAU,E5IPPULUBRI_OILS,,,,2046,0.1462,,,,,,,,,,,,,,,,,,,,
0,0,BAU,E5IPPULUBRI_OILS,,,,2047,0.1518,,,,,,,,,,,,,,,,,,,,
0,0,BAU,E5IPPULUBRI_OILS,,,,2048,0.1576,,,,,,,,,,,,,,,,,,,,
0,0,BAU,E5IPPULUBRI_OILS,,,,2049,0.1636,,,,,,,,,,,,,,,,,,,,
0,0,BAU,E5IPPULUBRI_OILS,,,,2050,0.1698,,,,,,,,,,,,,,,,,,,,
0,0,BAU,E5IPPUPARAFFIN,,,,2018,0.0092,,,,,,,,,,,,,,,,,,,,
0,0,BAU,E5IPPUPARAFFIN,,,,2019,0.0019,,,,,,,,,,,,,,,,,,,,
0,0,BAU,E5IPPUPARAFFIN,,,,2020,0.0031,,,,,,,,,,,,,,,,,,,,
0,0,BAU,E5IPPUPARAFFIN,,,,2021,0.0165,,,,,,,,,,,,,,,,,,,,
0,0,BAU,E5IPPUPARAFFIN,,,,2022,0.0167,,,,,,,,,,,,,,,,,,,,
0,0,BAU,E5IPPUPARAFFIN,,,,2023,0.0173,,,,,,,,,,,,,,,,,,,,
0,0,BAU,E5IPPUPARAFFIN,,,,2024,0.018,,,,,,,,,,,,,,,,,,,,
0,0,BAU,E5IPPUPARAFFIN,,,,2025,0.0186,,,,,,,,,,,,,,,,,,,,
0,0,BAU,E5IPPUPARAFFIN,,,,2026,0.0194,,,,,,,,,,,,,,,,,,,,
0,0,BAU,E5IPPUPARAFFIN,,,,2027,0.0201,,,,,,,,,,,,,,,,,,,,
0,0,BAU,E5IPPUPARAFFIN,,,,2028,0.0209,,,,,,,,,,,,,,,,,,,,
0,0,BAU,E5IPPUPARAFFIN,,,,2029,0.0216,,,,,,,,,,,,,,,,,,,,
0,0,BAU,E5IPPUPARAFFIN,,,,2030,0.0225,,,,,,,,,,,,,,,,,,,,
0,0,BAU,E5IPPUPARAFFIN,,,,2031,0.0233,,,,,,,,,,,,,,,,,,,,
0,0,BAU,E5IPPUPARAFFIN,,,,2032,0.0242,,,,,,,,,,,,,,,,,,,,
0,0,BAU,E5IPPUPARAFFIN,,,,2033,0.0251,,,,,,,,,,,,,,,,,,,,
0,0,BAU,E5IPPUPARAFFIN,,,,2034,0.0261,,,,,,,,,,,,,,,,,,,,
0,0,BAU,E5IPPUPARAFFIN,,,,2035,0.0271,,,,,,,,,,,,,,,,,,,,
0,0,BAU,E5IPPUPARAFFIN,,,,2036,0.0281,,,,,,,,,,,,,,,,,,,,
0,0,BAU,E5IPPUPARAFFIN,,,,2037,0.0292,,,,,,,,,,,,,,,,,,,,
0,0,BAU,E5IPPUPARAFFIN,,,,2038,0.0303,,,,,,,,,,,,,,,,,,,,
0,0,BAU,E5IPPUPARAFFIN,,,,2039,0.0314,,,,,,,,,,,,,,,,,,,,
0,0,BAU,E5IPPUPARAFFIN,,,,2040,0.0326,,,,,,,,,,,,,,,,,,,,
0,0,BAU,E5IPPUPARAFFIN,,,,2041,0.0339,,,,,,,,,,,,,,,,,,,,
0,0,BAU,E5IPPUPARAFFIN,,,,2042,0.0351,,,,,,,,,,,,,,,,,,,,
0,0,BAU,E5IPPUPARAFFIN,,,,2043,0.0365,,,,,,,,,,,,,,,,,,,,
0,0,BAU,E5IPPUPARAFFIN,,,,2044,0.0379,,,,,,,,,,,,,,,,,,,,
0,0,BAU,E5IPPUPARAFFIN,,,,2045,0.0393,,,,,,,,,,,,,,,,,,,,
0,0,BAU,E5IPPUPARAFFIN,,,,2046,0.0408,,,,,,,,,,,,,,,,,,,,
0,0,BAU,E5IPPUPARAFFIN,,,,2047,0.0424,,,,,,,,,,,,,,,,,,,,
0,0,BAU,E5IPPUPARAFFIN,,,,2048,0.044,,,,,,,,,,,,,,,,,,,,
0,0,BAU,E5IPPUPARAFFIN,,,,2049,0.0456,,,,,,,,,,,,,,,,,,,,
0,0,BAU,E5IPPUPARAFFIN,,,,2050,0.0474,,,,,,,,,,,,,,,,,,,,
0,0,BAU,E5IPPUREFR_AC_HFC32,,,,2018,0.0165,,,,,,,,,,,,,,,,,,,,
0,0,BAU,E5IPPUREFR_AC_HFC32,,,,2019,0.0285,,,,,,,,,,,,,,,,,,,,
0,0,BAU,E5IPPUREFR_AC_HFC32,,,,2020,0.0349,,,,,,,,,,,,,,,,,,,,
0,0,BAU,E5IPPUREFR_AC_HFC32,,,,2021,0.0394,,,,,,,,,,,,,,,,,,,,
0,0,BAU,E5IPPUREFR_AC_HFC32,,,,2022,0.0519,,,,,,,,,,,,,,,,,,,,
0,0,BAU,E5IPPUREFR_AC_HFC32,,,,2023,0.0532,,,,,,,,,,,,,,,,,,,,
0,0,BAU,E5IPPUREFR_AC_HFC32,,,,2024,0.0545,,,,,,,,,,,,,,,,,,,,
0,0,BAU,E5IPPUREFR_AC_HFC32,,,,2025,0.0559,,,,,,,,,,,,,,,,,,,,
0,0,BAU,E5IPPUREFR_AC_HFC32,,,,2026,0.0573,,,,,,,,,,,,,,,,,,,,
0,0,BAU,E5IPPUREFR_AC_HFC32,,,,2027,0.0587,,,,,,,,,,,,,,,,,,,,
0,0,BAU,E5IPPUREFR_AC_HFC32,,,,2028,0.0602,,,,,,,,,,,,,,,,,,,,
0,0,BAU,E5IPPUREFR_AC_HFC32,,,,2029,0.0617,,,,,,,,,,,,,,,,,,,,
0,0,BAU,E5IPPUREFR_AC_HFC32,,,,2030,0.0633,,,,,,,,,,,,,,,,,,,,
0,0,BAU,E5IPPUREFR_AC_HFC32,,,,2031,0.0648,,,,,,,,,,,,,,,,,,,,
0,0,BAU,E5IPPUREFR_AC_HFC32,,,,2032,0.0665,,,,,,,,,,,,,,,,,,,,
0,0,BAU,E5IPPUREFR_AC_HFC32,,,,2033,0.0681,,,,,,,,,,,,,,,,,,,,
0,0,BAU,E5IPPUREFR_AC_HFC32,,,,2034,0.0698,,,,,,,,,,,,,,,,,,,,
0,0,BAU,E5IPPUREFR_AC_HFC32,,,,2035,0.0716,,,,,,,,,,,,,,,,,,,,
0,0,BAU,E5IPPUREFR_AC_HFC32,,,,2036,0.0734,,,,,,,,,,,,,,,,,,,,
0,0,BAU,E5IPPUREFR_AC_HFC32,,,,2037,0.0752,,,,,,,,,,,,,,,,,,,,
0,0,BAU,E5IPPUREFR_AC_HFC32,,,,2038,0.0771,,,,,,,,,,,,,,,,,,,,
0,0,BAU,E5IPPUREFR_AC_HFC32,,,,2039,0.079,,,,,,,,,,,,,,,,,,,,
0,0,BAU,E5IPPUREFR_AC_HFC32,,,,2040,0.081,,,,,,,,,,,,,,,,,,,,
0,0,BAU,E5IPPUREFR_AC_HFC32,,,,2041,0.083,,,,,,,,,,,,,,,,,,,,
0,0,BAU,E5IPPUREFR_AC_HFC32,,,,2042,0.0851,,,,,,,,,,,,,,,,,,,,
0,0,BAU,E5IPPUREFR_AC_HFC32,,,,2043,0.0872,,,,,,,,,,,,,,,,,,,,
0,0,BAU,E5IPPUREFR_AC_HFC32,,,,2044,0.0894,,,,,,,,,,,,,,,,,,,,
0,0,BAU,E5IPPUREFR_AC_HFC32,,,,2045,0.0916,,,,,,,,,,,,,,,,,,,,
0,0,BAU,E5IPPUREFR_AC_HFC32,,,,2046,0.0939,,,,,,,,,,,,,,,,,,,,
0,0,BAU,E5IPPUREFR_AC_HFC32,,,,2047,0.0963,,,,,,,,,,,,,,,,,,,,
0,0,BAU,E5IPPUREFR_AC_HFC32,,,,2048,0.0987,,,,,,,,,,,,,,,,,,,,
0,0,BAU,E5IPPUREFR_AC_HFC32,,,,2049,0.1011,,,,,,,,,,,,,,,,,,,,
0,0,BAU,E5IPPUREFR_AC_HFC32,,,,2050,0.1037,,,,,,,,,,,,,,,,,,,,
0,0,BAU,E5IPPUREFR_AC_HFC125,,,,2018,0.0175,,,,,,,,,,,,,,,,,,,,
0,0,BAU,E5IPPUREFR_AC_HFC125,,,,2019,0.0238,,,,,,,,,,,,,,,,,,,,
0,0,BAU,E5IPPUREFR_AC_HFC125,,,,2020,0.0291,,,,,,,,,,,,,,,,,,,,
0,0,BAU,E5IPPUREFR_AC_HFC125,,,,2021,0.0321,,,,,,,,,,,,,,,,,,,,
0,0,BAU,E5IPPUREFR_AC_HFC125,,,,2022,0.0429,,,,,,,,,,,,,,,,,,,,
0,0,BAU,E5IPPUREFR_AC_HFC125,,,,2023,0.044,,,,,,,,,,,,,,,,,,,,
0,0,BAU,E5IPPUREFR_AC_HFC125,,,,2024,0.0451,,,,,,,,,,,,,,,,,,,,
0,0,BAU,E5IPPUREFR_AC_HFC125,,,,2025,0.0462,,,,,,,,,,,,,,,,,,,,
0,0,BAU,E5IPPUREFR_AC_HFC125,,,,2026,0.0474,,,,,,,,,,,,,,,,,,,,
0,0,BAU,E5IPPUREFR_AC_HFC125,,,,2027,0.0486,,,,,,,,,,,,,,,,,,,,
0,0,BAU,E5IPPUREFR_AC_HFC125,,,,2028,0.0498,,,,,,,,,,,,,,,,,,,,
0,0,BAU,E5IPPUREFR_AC_HFC125,,,,2029,0.051,,,,,,,,,,,,,,,,,,,,
0,0,BAU,E5IPPUREFR_AC_HFC125,,,,2030,0.0523,,,,,,,,,,,,,,,,,,,,
0,0,BAU,E5IPPUREFR_AC_HFC125,,,,2031,0.0536,,,,,,,,,,,,,,,,,,,,
0,0,BAU,E5IPPUREFR_AC_HFC125,,,,2032,0.0549,,,,,,,,,,,,,,,,,,,,
0,0,BAU,E5IPPUREFR_AC_HFC125,,,,2033,0.0563,,,,,,,,,,,,,,,,,,,,
0,0,BAU,E5IPPUREFR_AC_HFC125,,,,2034,0.0577,,,,,,,,,,,,,,,,,,,,
0,0,BAU,E5IPPUREFR_AC_HFC125,,,,2035,0.0592,,,,,,,,,,,,,,,,,,,,
0,0,BAU,E5IPPUREFR_AC_HFC125,,,,2036,0.0606,,,,,,,,,,,,,,,,,,,,
0,0,BAU,E5IPPUREFR_AC_HFC125,,,,2037,0.0622,,,,,,,,,,,,,,,,,,,,
0,0,BAU,E5IPPUREFR_AC_HFC125,,,,2038,0.0637,,,,,,,,,,,,,,,,,,,,
0,0,BAU,E5IPPUREFR_AC_HFC125,,,,2039,0.0653,,,,,,,,,,,,,,,,,,,,
0,0,BAU,E5IPPUREFR_AC_HFC125,,,,2040,0.0669,,,,,,,,,,,,,,,,,,,,
0,0,BAU,E5IPPUREFR_AC_HFC125,,,,2041,0.0686,,,,,,,,,,,,,,,,,,,,
0,0,BAU,E5IPPUREFR_AC_HFC125,,,,2042,0.0703,,,,,,,,,,,,,,,,,,,,
0,0,BAU,E5IPPUREFR_AC_HFC125,,,,2043,0.0721,,,,,,,,,,,,,,,,,,,,
0,0,BAU,E5IPPUREFR_AC_HFC125,,,,2044,0.0739,,,,,,,,,,,,,,,,,,,,
0,0,BAU,E5IPPUREFR_AC_HFC125,,,,2045,0.0757,,,,,,,,,,,,,,,,,,,,
0,0,BAU,E5IPPUREFR_AC_HFC125,,,,2046,0.0776,,,,,,,,,,,,,,,,,,,,
0,0,BAU,E5IPPUREFR_AC_HFC125,,,,2047,0.0796,,,,,,,,,,,,,,,,,,,,
0,0,BAU,E5IPPUREFR_AC_HFC125,,,,2048,0.0816,,,,,,,,,,,,,,,,,,,,
0,0,BAU,E5IPPUREFR_AC_HFC125,,,,2049,0.0836,,,,,,,,,,,,,,,,,,,,
0,0,BAU,E5IPPUREFR_AC_HFC125,,,,2050,0.0857,,,,,,,,,,,,,,,,,,,,
0,0,BAU,E5IPPUREFR_AC_HFC134a,,,,2018,0.0209,,,,,,,,,,,,,,,,,,,,
0,0,BAU,E5IPPUREFR_AC_HFC134a,,,,2019,0.0222,,,,,,,,,,,,,,,,,,,,
0,0,BAU,E5IPPUREFR_AC_HFC134a,,,,2020,0.0649,,,,,,,,,,,,,,,,,,,,
0,0,BAU,E5IPPUREFR_AC_HFC134a,,,,2021,0.1002,,,,,,,,,,,,,,,,,,,,
0,0,BAU,E5IPPUREFR_AC_HFC134a,,,,2022,0.1397,,,,,,,,,,,,,,,,,,,,
0,0,BAU,E5IPPUREFR_AC_HFC134a,,,,2023,0.1432,,,,,,,,,,,,,,,,,,,,
0,0,BAU,E5IPPUREFR_AC_HFC134a,,,,2024,0.1468,,,,,,,,,,,,,,,,,,,,
0,0,BAU,E5IPPUREFR_AC_HFC134a,,,,2025,0.1505,,,,,,,,,,,,,,,,,,,,
0,0,BAU,E5IPPUREFR_AC_HFC134a,,,,2026,0.1542,,,,,,,,,,,,,,,,,,,,
0,0,BAU,E5IPPUREFR_AC_HFC134a,,,,2027,0.1581,,,,,,,,,,,,,,,,,,,,
0,0,BAU,E5IPPUREFR_AC_HFC134a,,,,2028,0.162,,,,,,,,,,,,,,,,,,,,
0,0,BAU,E5IPPUREFR_AC_HFC134a,,,,2029,0.1661,,,,,,,,,,,,,,,,,,,,
0,0,BAU,E5IPPUREFR_AC_HFC134a,,,,2030,0.1702,,,,,,,,,,,,,,,,,,,,
0,0,BAU,E5IPPUREFR_AC_HFC134a,,,,2031,0.1745,,,,,,,,,,,,,,,,,,,,
0,0,BAU,E5IPPUREFR_AC_HFC134a,,,,2032,0.1789,,,,,,,,,,,,,,,,,,,,
0,0,BAU,E5IPPUREFR_AC_HFC134a,,,,2033,0.1833,,,,,,,,,,,,,,,,,,,,
0,0,BAU,E5IPPUREFR_AC_HFC134a,,,,2034,0.1879,,,,,,,,,,,,,,,,,,,,
0,0,BAU,E5IPPUREFR_AC_HFC134a,,,,2035,0.1926,,,,,,,,,,,,,,,,,,,,
0,0,BAU,E5IPPUREFR_AC_HFC134a,,,,2036,0.1974,,,,,,,,,,,,,,,,,,,,
0,0,BAU,E5IPPUREFR_AC_HFC134a,,,,2037,0.2024,,,,,,,,,,,,,,,,,,,,
0,0,BAU,E5IPPUREFR_AC_HFC134a,,,,2038,0.2074,,,,,,,,,,,,,,,,,,,,
0,0,BAU,E5IPPUREFR_AC_HFC134a,,,,2039,0.2126,,,,,,,,,,,,,,,,,,,,
0,0,BAU,E5IPPUREFR_AC_HFC134a,,,,2040,0.2179,,,,,,,,,,,,,,,,,,,,
0,0,BAU,E5IPPUREFR_AC_HFC134a,,,,2041,0.2234,,,,,,,,,,,,,,,,,,,,
0,0,BAU,E5IPPUREFR_AC_HFC134a,,,,2042,0.2289,,,,,,,,,,,,,,,,,,,,
0,0,BAU,E5IPPUREFR_AC_HFC134a,,,,2043,0.2347,,,,,,,,,,,,,,,,,,,,
0,0,BAU,E5IPPUREFR_AC_HFC134a,,,,2044,0.2405,,,,,,,,,,,,,,,,,,,,
0,0,BAU,E5IPPUREFR_AC_HFC134a,,,,2045,0.2465,,,,,,,,,,,,,,,,,,,,
0,0,BAU,E5IPPUREFR_AC_HFC134a,,,,2046,0.2527,,,,,,,,,,,,,,,,,,,,
0,0,BAU,E5IPPUREFR_AC_HFC134a,,,,2047,0.259,,,,,,,,,,,,,,,,,,,,
0,0,BAU,E5IPPUREFR_AC_HFC134a,,,,2048,0.2655,,,,,,,,,,,,,,,,,,,,
0,0,BAU,E5IPPUREFR_AC_HFC134a,,,,2049,0.2721,,,,,,,,,,,,,,,,,,,,
0,0,BAU,E5IPPUREFR_AC_HFC134a,,,,2050,0.2789,,,,,,,,,,,,,,,,,,,,
0,0,BAU,E5IPPUREFR_AC_HFC143a,,,,2018,0.0139,,,,,,,,,,,,,,,,,,,,
0,0,BAU,E5IPPUREFR_AC_HFC143a,,,,2019,0.0235,,,,,,,,,,,,,,,,,,,,
0,0,BAU,E5IPPUREFR_AC_HFC143a,,,,2020,0.0279,,,,,,,,,,,,,,,,,,,,
0,0,BAU,E5IPPUREFR_AC_HFC143a,,,,2021,0.0309,,,,,,,,,,,,,,,,,,,,
0,0,BAU,E5IPPUREFR_AC_HFC143a,,,,2022,0.0363,,,,,,,,,,,,,,,,,,,,
0,0,BAU,E5IPPUREFR_AC_HFC143a,,,,2023,0.0372,,,,,,,,,,,,,,,,,,,,
0,0,BAU,E5IPPUREFR_AC_HFC143a,,,,2024,0.0382,,,,,,,,,,,,,,,,,,,,
0,0,BAU,E5IPPUREFR_AC_HFC143a,,,,2025,0.0391,,,,,,,,,,,,,,,,,,,,
0,0,BAU,E5IPPUREFR_AC_HFC143a,,,,2026,0.0401,,,,,,,,,,,,,,,,,,,,
0,0,BAU,E5IPPUREFR_AC_HFC143a,,,,2027,0.0411,,,,,,,,,,,,,,,,,,,,
0,0,BAU,E5IPPUREFR_AC_HFC143a,,,,2028,0.0421,,,,,,,,,,,,,,,,,,,,
0,0,BAU,E5IPPUREFR_AC_HFC143a,,,,2029,0.0432,,,,,,,,,,,,,,,,,,,,
0,0,BAU,E5IPPUREFR_AC_HFC143a,,,,2030,0.0443,,,,,,,,,,,,,,,,,,,,
0,0,BAU,E5IPPUREFR_AC_HFC143a,,,,2031,0.0454,,,,,,,,,,,,,,,,,,,,
0,0,BAU,E5IPPUREFR_AC_HFC143a,,,,2032,0.0465,,,,,,,,,,,,,,,,,,,,
0,0,BAU,E5IPPUREFR_AC_HFC143a,,,,2033,0.0477,,,,,,,,,,,,,,,,,,,,
0,0,BAU,E5IPPUREFR_AC_HFC143a,,,,2034,0.0489,,,,,,,,,,,,,,,,,,,,
0,0,BAU,E5IPPUREFR_AC_HFC143a,,,,2035,0.0501,,,,,,,,,,,,,,,,,,,,
0,0,BAU,E5IPPUREFR_AC_HFC143a,,,,2036,0.0513,,,,,,,,,,,,,,,,,,,,
0,0,BAU,E5IPPUREFR_AC_HFC143a,,,,2037,0.0526,,,,,,,,,,,,,,,,,,,,
0,0,BAU,E5IPPUREFR_AC_HFC143a,,,,2038,0.0539,,,,,,,,,,,,,,,,,,,,
0,0,BAU,E5IPPUREFR_AC_HFC143a,,,,2039,0.0553,,,,,,,,,,,,,,,,,,,,
0,0,BAU,E5IPPUREFR_AC_HFC143a,,,,2040,0.0567,,,,,,,,,,,,,,,,,,,,
0,0,BAU,E5IPPUREFR_AC_HFC143a,,,,2041,0.0581,,,,,,,,,,,,,,,,,,,,
0,0,BAU,E5IPPUREFR_AC_HFC143a,,,,2042,0.0595,,,,,,,,,,,,,,,,,,,,
0,0,BAU,E5IPPUREFR_AC_HFC143a,,,,2043,0.061,,,,,,,,,,,,,,,,,,,,
0,0,BAU,E5IPPUREFR_AC_HFC143a,,,,2044,0.0625,,,,,,,,,,,,,,,,,,,,
0,0,BAU,E5IPPUREFR_AC_HFC143a,,,,2045,0.0641,,,,,,,,,,,,,,,,,,,,
0,0,BAU,E5IPPUREFR_AC_HFC143a,,,,2046,0.0657,,,,,,,,,,,,,,,,,,,,
0,0,BAU,E5IPPUREFR_AC_HFC143a,,,,2047,0.0673,,,,,,,,,,,,,,,,,,,,
0,0,BAU,E5IPPUREFR_AC_HFC143a,,,,2048,0.069,,,,,,,,,,,,,,,,,,,,
0,0,BAU,E5IPPUREFR_AC_HFC143a,,,,2049,0.0708,,,,,,,,,,,,,,,,,,,,
0,0,BAU,E5IPPUREFR_AC_HFC143a,,,,2050,0.0725,,,,,,,,,,,,,,,,,,,,
0,0,BAU,,RAW_MAT_CLK,,,,,,1,,,,,,,,,,,,,,,,,,
0,0,BAU,,RAW_MAT_CEM,,,,,,1,,,,,,,,,,,,,,,,,,
0,0,BAU,,IMP_STOR,,,,,,1,,,,,,,,,,,,,,,,,,
0,0,BAU,,LIME_CAL_PROD,,,,,,1,,,,,,,,,,,,,,,,,,
0,0,BAU,,LIME_DOL_PROD,,,,,,1,,,,,,,,,,,,,,,,,,
0,0,BAU,,GLASS_PROD,,,,,,1,,,,,,,,,,,,,,,,,,
0,0,BAU,,CARBONATE_CERAMICS,,,,,,1,,,,,,,,,,,,,,,,,,
0,0,BAU,,CARBONATE_ASH,,,,,,1,,,,,,,,,,,,,,,,,,
0,0,BAU,,IRON_STEEL,,,,,,1,,,,,,,,,,,,,,,,,,
0,0,BAU,,PROD_FERRO,,,,,,1,,,,,,,,,,,,,,,,,,
0,0,BAU,,LUBRI_OILS,,,,,,1,,,,,,,,,,,,,,,,,,
0,0,BAU,,PARAFFIN,,,,,,1,,,,,,,,,,,,,,,,,,
0,0,BAU,,REFR_AC_HFC32,,,,,,1,,,,,,,,,,,,,,,,,,
0,0,BAU,,REFR_AC_HFC125,,,,,,1,,,,,,,,,,,,,,,,,,
0,0,BAU,,REFR_AC_HFC134a,,,,,,1,,,,,,,,,,,,,,,,,,
0,0,BAU,,REFR_AC_HFC143a,,,,,,1,,,,,,,,,,,,,,,,,,
0,0,BAU,,PROD_CLK_TRAD,,,,,,1,,,,,,,,,,,,,,,,,,
0,0,BAU,,PROD_CEM,,,,,,1,,,,,,,,,,,,,,,,,,
0,0,BAU,,T5CEM_PRODIND,,,,,,1,,,,,,,,,,,,,,,,,,
0,0,BAU,,T5LIME_CAL_PRODIPPU,,,,,,1,,,,,,,,,,,,,,,,,,
0,0,BAU,,T5LIME_DOL_PRODIPPU,,,,,,1,,,,,,,,,,,,,,,,,,
0,0,BAU,,T5GLASS_PRODIPPU,,,,,,1,,,,,,,,,,,,,,,,,,
0,0,BAU,,T5CARBONATE_CERAMICSIPPU,,,,,,1,,,,,,,,,,,,,,,,,,
0,0,BAU,,T5CARBONATE_ASHIPPU,,,,,,1,,,,,,,,,,,,,,,,,,
0,0,BAU,,T5IRON_STEELIPPU,,,,,,1,,,,,,,,,,,,,,,,,,
0,0,BAU,,T5PROD_FERROIPPU,,,,,,1,,,,,,,,,,,,,,,,,,
0,0,BAU,,T5LUBRI_OILSIPPU,,,,,,1,,,,,,,,,,,,,,,,,,
0,0,BAU,,T5PARAFFINIPPU,,,,,,1,,,,,,,,,,,,,,,,,,
0,0,BAU,,T5REFR_AC_HFC32IPPU,,,,,,1,,,,,,,,,,,,,,,,,,
0,0,BAU,,T5REFR_AC_HFC125IPPU,,,,,,1,,,,,,,,,,,,,,,,,,
0,0,BAU,,T5REFR_AC_HFC134aIPPU,,,,,,1,,,,,,,,,,,,,,,,,,
0,0,BAU,,T5REFR_AC_HFC143aIPPU,,,,,,1,,,,,,,,,,,,,,,,,,
0,0,BAU,RAW_MAT_CLK,PROD_CLK_TRAD,,,2018,,,,,1.0,,,,,,,,,,,,,,,,
0,0,BAU,RAW_MAT_CLK,PROD_CLK_TRAD,,,2019,,,,,1.0,,,,,,,,,,,,,,,,
0,0,BAU,RAW_MAT_CLK,PROD_CLK_TRAD,,,2020,,,,,1.0,,,,,,,,,,,,,,,,
0,0,BAU,RAW_MAT_CLK,PROD_CLK_TRAD,,,2021,,,,,1.0,,,,,,,,,,,,,,,,
0,0,BAU,RAW_MAT_CLK,PROD_CLK_TRAD,,,2022,,,,,1.0,,,,,,,,,,,,,,,,
0,0,BAU,RAW_MAT_CLK,PROD_CLK_TRAD,,,2023,,,,,1.0,,,,,,,,,,,,,,,,
0,0,BAU,RAW_MAT_CLK,PROD_CLK_TRAD,,,2024,,,,,1.0,,,,,,,,,,,,,,,,
0,0,BAU,RAW_MAT_CLK,PROD_CLK_TRAD,,,2025,,,,,1.0,,,,,,,,,,,,,,,,
0,0,BAU,RAW_MAT_CLK,PROD_CLK_TRAD,,,2026,,,,,1.0,,,,,,,,,,,,,,,,
0,0,BAU,RAW_MAT_CLK,PROD_CLK_TRAD,,,2027,,,,,1.0,,,,,,,,,,,,,,,,
0,0,BAU,RAW_MAT_CLK,PROD_CLK_TRAD,,,2028,,,,,1.0,,,,,,,,,,,,,,,,
0,0,BAU,RAW_MAT_CLK,PROD_CLK_TRAD,,,2029,,,,,1.0,,,,,,,,,,,,,,,,
0,0,BAU,RAW_MAT_CLK,PROD_CLK_TRAD,,,2030,,,,,1.0,,,,,,,,,,,,,,,,
0,0,BAU,RAW_MAT_CLK,PROD_CLK_TRAD,,,2031,,,,,1.0,,,,,,,,,,,,,,,,
0,0,BAU,RAW_MAT_CLK,PROD_CLK_TRAD,,,2032,,,,,1.0,,,,,,,,,,,,,,,,
0,0,BAU,RAW_MAT_CLK,PROD_CLK_TRAD,,,2033,,,,,1.0,,,,,,,,,,,,,,,,
0,0,BAU,RAW_MAT_CLK,PROD_CLK_TRAD,,,2034,,,,,1.0,,,,,,,,,,,,,,,,
0,0,BAU,RAW_MAT_CLK,PROD_CLK_TRAD,,,2035,,,,,1.0,,,,,,,,,,,,,,,,
0,0,BAU,RAW_MAT_CLK,PROD_CLK_TRAD,,,2036,,,,,1.0,,,,,,,,,,,,,,,,
0,0,BAU,RAW_MAT_CLK,PROD_CLK_TRAD,,,2037,,,,,1.0,,,,,,,,,,,,,,,,
0,0,BAU,RAW_MAT_CLK,PROD_CLK_TRAD,,,2038,,,,,1.0,,,,,,,,,,,,,,,,
0,0,BAU,RAW_MAT_CLK,PROD_CLK_TRAD,,,2039,,,,,1.0,,,,,,,,,,,,,,,,
0,0,BAU,RAW_MAT_CLK,PROD_CLK_TRAD,,,2040,,,,,1.0,,,,,,,,,,,,,,,,
0,0,BAU,RAW_MAT_CLK,PROD_CLK_TRAD,,,2041,,,,,1.0,,,,,,,,,,,,,,,,
0,0,BAU,RAW_MAT_CLK,PROD_CLK_TRAD,,,2042,,,,,1.0,,,,,,,,,,,,,,,,
0,0,BAU,RAW_MAT_CLK,PROD_CLK_TRAD,,,2043,,,,,1.0,,,,,,,,,,,,,,,,
0,0,BAU,RAW_MAT_CLK,PROD_CLK_TRAD,,,2044,,,,,1.0,,,,,,,,,,,,,,,,
0,0,BAU,RAW_MAT_CLK,PROD_CLK_TRAD,,,2045,,,,,1.0,,,,,,,,,,,,,,,,
0,0,BAU,RAW_MAT_CLK,PROD_CLK_TRAD,,,2046,,,,,1.0,,,,,,,,,,,,,,,,
0,0,BAU,RAW_MAT_CLK,PROD_CLK_TRAD,,,2047,,,,,1.0,,,,,,,,,,,,,,,,
0,0,BAU,RAW_MAT_CLK,PROD_CLK_TRAD,,,2048,,,,,1.0,,,,,,,,,,,,,,,,
0,0,BAU,RAW_MAT_CLK,PROD_CLK_TRAD,,,2049,,,,,1.0,,,,,,,,,,,,,,,,
0,0,BAU,RAW_MAT_CLK,PROD_CLK_TRAD,,,2050,,,,,1.0,,,,,,,,,,,,,,,,
0,0,BAU,CLK_PROD,PROD_CEM,,,2018,,,,,0.691,,,,,,,,,,,,,,,,
0,0,BAU,CLK_PROD,PROD_CEM,,,2019,,,,,0.6857,,,,,,,,,,,,,,,,
0,0,BAU,CLK_PROD,PROD_CEM,,,2020,,,,,0.6785,,,,,,,,,,,,,,,,
0,0,BAU,CLK_PROD,PROD_CEM,,,2021,,,,,0.671,,,,,,,,,,,,,,,,
0,0,BAU,CLK_PROD,PROD_CEM,,,2022,,,,,0.677,,,,,,,,,,,,,,,,
0,0,BAU,CLK_PROD,PROD_CEM,,,2023,,,,,0.685,,,,,,,,,,,,,,,,
0,0,BAU,CLK_PROD,PROD_CEM,,,2024,,,,,0.6863,,,,,,,,,,,,,,,,
0,0,BAU,CLK_PROD,PROD_CEM,,,2025,,,,,0.6876,,,,,,,,,,,,,,,,
0,0,BAU,CLK_PROD,PROD_CEM,,,2026,,,,,0.6889,,,,,,,,,,,,,,,,
0,0,BAU,CLK_PROD,PROD_CEM,,,2027,,,,,0.6902,,,,,,,,,,,,,,,,
0,0,BAU,CLK_PROD,PROD_CEM,,,2028,,,,,0.6915,,,,,,,,,,,,,,,,
0,0,BAU,CLK_PROD,PROD_CEM,,,2029,,,,,0.6928,,,,,,,,,,,,,,,,
0,0,BAU,CLK_PROD,PROD_CEM,,,2030,,,,,0.6941,,,,,,,,,,,,,,,,
0,0,BAU,CLK_PROD,PROD_CEM,,,2031,,,,,0.6954,,,,,,,,,,,,,,,,
0,0,BAU,CLK_PROD,PROD_CEM,,,2032,,,,,0.6967,,,,,,,,,,,,,,,,
0,0,BAU,CLK_PROD,PROD_CEM,,,2033,,,,,0.698,,,,,,,,,,,,,,,,
0,0,BAU,CLK_PROD,PROD_CEM,,,2034,,,,,0.6993,,,,,,,,,,,,,,,,
0,0,BAU,CLK_PROD,PROD_CEM,,,2035,,,,,0.7006,,,,,,,,,,,,,,,,
0,0,BAU,CLK_PROD,PROD_CEM,,,2036,,,,,0.7019,,,,,,,,,,,,,,,,
0,0,BAU,CLK_PROD,PROD_CEM,,,2037,,,,,0.7031,,,,,,,,,,,,,,,,
0,0,BAU,CLK_PROD,PROD_CEM,,,2038,,,,,0.7044,,,,,,,,,,,,,,,,
0,0,BAU,CLK_PROD,PROD_CEM,,,2039,,,,,0.7057,,,,,,,,,,,,,,,,
0,0,BAU,CLK_PROD,PROD_CEM,,,2040,,,,,0.707,,,,,,,,,,,,,,,,
0,0,BAU,CLK_PROD,PROD_CEM,,,2041,,,,,0.7083,,,,,,,,,,,,,,,,
0,0,BAU,CLK_PROD,PROD_CEM,,,2042,,,,,0.7096,,,,,,,,,,,,,,,,
0,0,BAU,CLK_PROD,PROD_CEM,,,2043,,,,,0.7109,,,,,,,,,,,,,,,,
0,0,BAU,CLK_PROD,PROD_CEM,,,2044,,,,,0.7122,,,,,,,,,,,,,,,,
0,0,BAU,CLK_PROD,PROD_CEM,,,2045,,,,,0.7135,,,,,,,,,,,,,,,,
0,0,BAU,CLK_PROD,PROD_CEM,,,2046,,,,,0.7148,,,,,,,,,,,,,,,,
0,0,BAU,CLK_PROD,PROD_CEM,,,2047,,,,,0.7161,,,,,,,,,,,,,,,,
0,0,BAU,CLK_PROD,PROD_CEM,,,2048,,,,,0.7174,,,,,,,,,,,,,,,,
0,0,BAU,CLK_PROD,PROD_CEM,,,2049,,,,,0.7187,,,,,,,,,,,,,,,,
0,0,BAU,CLK_PROD,PROD_CEM,,,2050,,,,,0.72,,,,,,,,,,,,,,,,
0,0,BAU,RAW_MAT_CEM,PROD_CEM,,,2018,,,,,0.309,,,,,,,,,,,,,,,,
0,0,BAU,RAW_MAT_CEM,PROD_CEM,,,2019,,,,,0.3143,,,,,,,,,,,,,,,,
0,0,BAU,RAW_MAT_CEM,PROD_CEM,,,2020,,,,,0.3215,,,,,,,,,,,,,,,,
0,0,BAU,RAW_MAT_CEM,PROD_CEM,,,2021,,,,,0.329,,,,,,,,,,,,,,,,
0,0,BAU,RAW_MAT_CEM,PROD_CEM,,,2022,,,,,0.323,,,,,,,,,,,,,,,,
0,0,BAU,RAW_MAT_CEM,PROD_CEM,,,2023,,,,,0.315,,,,,,,,,,,,,,,,
0,0,BAU,RAW_MAT_CEM,PROD_CEM,,,2024,,,,,0.3137,,,,,,,,,,,,,,,,
0,0,BAU,RAW_MAT_CEM,PROD_CEM,,,2025,,,,,0.3124,,,,,,,,,,,,,,,,
0,0,BAU,RAW_MAT_CEM,PROD_CEM,,,2026,,,,,0.3111,,,,,,,,,,,,,,,,
0,0,BAU,RAW_MAT_CEM,PROD_CEM,,,2027,,,,,0.3098,,,,,,,,,,,,,,,,
0,0,BAU,RAW_MAT_CEM,PROD_CEM,,,2028,,,,,0.3085,,,,,,,,,,,,,,,,
0,0,BAU,RAW_MAT_CEM,PROD_CEM,,,2029,,,,,0.3072,,,,,,,,,,,,,,,,
0,0,BAU,RAW_MAT_CEM,PROD_CEM,,,2030,,,,,0.3059,,,,,,,,,,,,,,,,
0,0,BAU,RAW_MAT_CEM,PROD_CEM,,,2031,,,,,0.3046,,,,,,,,,,,,,,,,
0,0,BAU,RAW_MAT_CEM,PROD_CEM,,,2032,,,,,0.3033,,,,,,,,,,,,,,,,
0,0,BAU,RAW_MAT_CEM,PROD_CEM,,,2033,,,,,0.302,,,,,,,,,,,,,,,,
0,0,BAU,RAW_MAT_CEM,PROD_CEM,,,2034,,,,,0.3007,,,,,,,,,,,,,,,,
0,0,BAU,RAW_MAT_CEM,PROD_CEM,,,2035,,,,,0.2994,,,,,,,,,,,,,,,,
0,0,BAU,RAW_MAT_CEM,PROD_CEM,,,2036,,,,,0.2981,,,,,,,,,,,,,,,,
0,0,BAU,RAW_MAT_CEM,PROD_CEM,,,2037,,,,,0.2969,,,,,,,,,,,,,,,,
0,0,BAU,RAW_MAT_CEM,PROD_CEM,,,2038,,,,,0.2956,,,,,,,,,,,,,,,,
0,0,BAU,RAW_MAT_CEM,PROD_CEM,,,2039,,,,,0.2943,,,,,,,,,,,,,,,,
0,0,BAU,RAW_MAT_CEM,PROD_CEM,,,2040,,,,,0.293,,,,,,,,,,,,,,,,
0,0,BAU,RAW_MAT_CEM,PROD_CEM,,,2041,,,,,0.2917,,,,,,,,,,,,,,,,
0,0,BAU,RAW_MAT_CEM,PROD_CEM,,,2042,,,,,0.2904,,,,,,,,,,,,,,,,
0,0,BAU,RAW_MAT_CEM,PROD_CEM,,,2043,,,,,0.2891,,,,,,,,,,,,,,,,
0,0,BAU,RAW_MAT_CEM,PROD_CEM,,,2044,,,,,0.2878,,,,,,,,,,,,,,,,
0,0,BAU,RAW_MAT_CEM,PROD_CEM,,,2045,,,,,0.2865,,,,,,,,,,,,,,,,
0,0,BAU,RAW_MAT_CEM,PROD_CEM,,,2046,,,,,0.2852,,,,,,,,,,,,,,,,
0,0,BAU,RAW_MAT_CEM,PROD_CEM,,,2047,,,,,0.2839,,,,,,,,,,,,,,,,
0,0,BAU,RAW_MAT_CEM,PROD_CEM,,,2048,,,,,0.2826,,,,,,,,,,,,,,,,
0,0,BAU,RAW_MAT_CEM,PROD_CEM,,,2049,,,,,0.2813,,,,,,,,,,,,,,,,
0,0,BAU,RAW_MAT_CEM,PROD_CEM,,,2050,,,,,0.28,,,,,,,,,,,,,,,,
0,0,BAU,CEM_PROD,T5CEM_PRODIND,,,2018,,,,,1.0,,,,,,,,,,,,,,,,
0,0,BAU,CEM_PROD,T5CEM_PRODIND,,,2019,,,,,1.0,,,,,,,,,,,,,,,,
0,0,BAU,CEM_PROD,T5CEM_PRODIND,,,2020,,,,,1.0,,,,,,,,,,,,,,,,
0,0,BAU,CEM_PROD,T5CEM_PRODIND,,,2021,,,,,1.0,,,,,,,,,,,,,,,,
0,0,BAU,CEM_PROD,T5CEM_PRODIND,,,2022,,,,,1.0,,,,,,,,,,,,,,,,
0,0,BAU,CEM_PROD,T5CEM_PRODIND,,,2023,,,,,1.0,,,,,,,,,,,,,,,,
0,0,BAU,CEM_PROD,T5CEM_PRODIND,,,2024,,,,,1.0,,,,,,,,,,,,,,,,
0,0,BAU,CEM_PROD,T5CEM_PRODIND,,,2025,,,,,1.0,,,,,,,,,,,,,,,,
0,0,BAU,CEM_PROD,T5CEM_PRODIND,,,2026,,,,,1.0,,,,,,,,,,,,,,,,
0,0,BAU,CEM_PROD,T5CEM_PRODIND,,,2027,,,,,1.0,,,,,,,,,,,,,,,,
0,0,BAU,CEM_PROD,T5CEM_PRODIND,,,2028,,,,,1.0,,,,,,,,,,,,,,,,
0,0,BAU,CEM_PROD,T5CEM_PRODIND,,,2029,,,,,1.0,,,,,,,,,,,,,,,,
0,0,BAU,CEM_PROD,T5CEM_PRODIND,,,2030,,,,,1.0,,,,,,,,,,,,,,,,
0,0,BAU,CEM_PROD,T5CEM_PRODIND,,,2031,,,,,1.0,,,,,,,,,,,,,,,,
0,0,BAU,CEM_PROD,T5CEM_PRODIND,,,2032,,,,,1.0,,,,,,,,,,,,,,,,
0,0,BAU,CEM_PROD,T5CEM_PRODIND,,,2033,,,,,1.0,,,,,,,,,,,,,,,,
0,0,BAU,CEM_PROD,T5CEM_PRODIND,,,2034,,,,,1.0,,,,,,,,,,,,,,,,
0,0,BAU,CEM_PROD,T5CEM_PRODIND,,,2035,,,,,1.0,,,,,,,,,,,,,,,,
0,0,BAU,CEM_PROD,T5CEM_PRODIND,,,2036,,,,,1.0,,,,,,,,,,,,,,,,
0,0,BAU,CEM_PROD,T5CEM_PRODIND,,,2037,,,,,1.0,,,,,,,,,,,,,,,,
0,0,BAU,CEM_PROD,T5CEM_PRODIND,,,2038,,,,,1.0,,,,,,,,,,,,,,,,
0,0,BAU,CEM_PROD,T5CEM_PRODIND,,,2039,,,,,1.0,,,,,,,,,,,,,,,,
0,0,BAU,CEM_PROD,T5CEM_PRODIND,,,2040,,,,,1.0,,,,,,,,,,,,,,,,
0,0,BAU,CEM_PROD,T5CEM_PRODIND,,,2041,,,,,1.0,,,,,,,,,,,,,,,,
0,0,BAU,CEM_PROD,T5CEM_PRODIND,,,2042,,,,,1.0,,,,,,,,,,,,,,,,
0,0,BAU,CEM_PROD,T5CEM_PRODIND,,,2043,,,,,1.0,,,,,,,,,,,,,,,,
0,0,BAU,CEM_PROD,T5CEM_PRODIND,,,2044,,,,,1.0,,,,,,,,,,,,,,,,
0,0,BAU,CEM_PROD,T5CEM_PRODIND,,,2045,,,,,1.0,,,,,,,,,,,,,,,,
0,0,BAU,CEM_PROD,T5CEM_PRODIND,,,2046,,,,,1.0,,,,,,,,,,,,,,,,
0,0,BAU,CEM_PROD,T5CEM_PRODIND,,,2047,,,,,1.0,,,,,,,,,,,,,,,,
0,0,BAU,CEM_PROD,T5CEM_PRODIND,,,2048,,,,,1.0,,,,,,,,,,,,,,,,
0,0,BAU,CEM_PROD,T5CEM_PRODIND,,,2049,,,,,1.0,,,,,,,,,,,,,,,,
0,0,BAU,CEM_PROD,T5CEM_PRODIND,,,2050,,,,,1.0,,,,,,,,,,,,,,,,
0,0,BAU,LIME_CAL_PROD,T5LIME_CAL_PRODIPPU,,,2018,,,,,1.0,,,,,,,,,,,,,,,,
0,0,BAU,LIME_CAL_PROD,T5LIME_CAL_PRODIPPU,,,2019,,,,,1.0,,,,,,,,,,,,,,,,
0,0,BAU,LIME_CAL_PROD,T5LIME_CAL_PRODIPPU,,,2020,,,,,1.0,,,,,,,,,,,,,,,,
0,0,BAU,LIME_CAL_PROD,T5LIME_CAL_PRODIPPU,,,2021,,,,,1.0,,,,,,,,,,,,,,,,
0,0,BAU,LIME_CAL_PROD,T5LIME_CAL_PRODIPPU,,,2022,,,,,1.0,,,,,,,,,,,,,,,,
0,0,BAU,LIME_CAL_PROD,T5LIME_CAL_PRODIPPU,,,2023,,,,,1.0,,,,,,,,,,,,,,,,
0,0,BAU,LIME_CAL_PROD,T5LIME_CAL_PRODIPPU,,,2024,,,,,1.0,,,,,,,,,,,,,,,,
0,0,BAU,LIME_CAL_PROD,T5LIME_CAL_PRODIPPU,,,2025,,,,,1.0,,,,,,,,,,,,,,,,
0,0,BAU,LIME_CAL_PROD,T5LIME_CAL_PRODIPPU,,,2026,,,,,1.0,,,,,,,,,,,,,,,,
0,0,BAU,LIME_CAL_PROD,T5LIME_CAL_PRODIPPU,,,2027,,,,,1.0,,,,,,,,,,,,,,,,
0,0,BAU,LIME_CAL_PROD,T5LIME_CAL_PRODIPPU,,,2028,,,,,1.0,,,,,,,,,,,,,,,,
0,0,BAU,LIME_CAL_PROD,T5LIME_CAL_PRODIPPU,,,2029,,,,,1.0,,,,,,,,,,,,,,,,
0,0,BAU,LIME_CAL_PROD,T5LIME_CAL_PRODIPPU,,,2030,,,,,1.0,,,,,,,,,,,,,,,,
0,0,BAU,LIME_CAL_PROD,T5LIME_CAL_PRODIPPU,,,2031,,,,,1.0,,,,,,,,,,,,,,,,
0,0,BAU,LIME_CAL_PROD,T5LIME_CAL_PRODIPPU,,,2032,,,,,1.0,,,,,,,,,,,,,,,,
0,0,BAU,LIME_CAL_PROD,T5LIME_CAL_PRODIPPU,,,2033,,,,,1.0,,,,,,,,,,,,,,,,
0,0,BAU,LIME_CAL_PROD,T5LIME_CAL_PRODIPPU,,,2034,,,,,1.0,,,,,,,,,,,,,,,,
0,0,BAU,LIME_CAL_PROD,T5LIME_CAL_PRODIPPU,,,2035,,,,,1.0,,,,,,,,,,,,,,,,
0,0,BAU,LIME_CAL_PROD,T5LIME_CAL_PRODIPPU,,,2036,,,,,1.0,,,,,,,,,,,,,,,,
0,0,BAU,LIME_CAL_PROD,T5LIME_CAL_PRODIPPU,,,2037,,,,,1.0,,,,,,,,,,,,,,,,
0,0,BAU,LIME_CAL_PROD,T5LIME_CAL_PRODIPPU,,,2038,,,,,1.0,,,,,,,,,,,,,,,,
0,0,BAU,LIME_CAL_PROD,T5LIME_CAL_PRODIPPU,,,2039,,,,,1.0,,,,,,,,,,,,,,,,
0,0,BAU,LIME_CAL_PROD,T5LIME_CAL_PRODIPPU,,,2040,,,,,1.0,,,,,,,,,,,,,,,,
0,0,BAU,LIME_CAL_PROD,T5LIME_CAL_PRODIPPU,,,2041,,,,,1.0,,,,,,,,,,,,,,,,
0,0,BAU,LIME_CAL_PROD,T5LIME_CAL_PRODIPPU,,,2042,,,,,1.0,,,,,,,,,,,,,,,,
0,0,BAU,LIME_CAL_PROD,T5LIME_CAL_PRODIPPU,,,2043,,,,,1.0,,,,,,,,,,,,,,,,
0,0,BAU,LIME_CAL_PROD,T5LIME_CAL_PRODIPPU,,,2044,,,,,1.0,,,,,,,,,,,,,,,,
0,0,BAU,LIME_CAL_PROD,T5LIME_CAL_PRODIPPU,,,2045,,,,,1.0,,,,,,,,,,,,,,,,
0,0,BAU,LIME_CAL_PROD,T5LIME_CAL_PRODIPPU,,,2046,,,,,1.0,,,,,,,,,,,,,,,,
0,0,BAU,LIME_CAL_PROD,T5LIME_CAL_PRODIPPU,,,2047,,,,,1.0,,,,,,,,,,,,,,,,
0,0,BAU,LIME_CAL_PROD,T5LIME_CAL_PRODIPPU,,,2048,,,,,1.0,,,,,,,,,,,,,,,,
0,0,BAU,LIME_CAL_PROD,T5LIME_CAL_PRODIPPU,,,2049,,,,,1.0,,,,,,,,,,,,,,,,
0,0,BAU,LIME_CAL_PROD,T5LIME_CAL_PRODIPPU,,,2050,,,,,1.0,,,,,,,,,,,,,,,,
0,0,BAU,LIME_DOL_PROD,T5LIME_DOL_PRODIPPU,,,2018,,,,,1.0,,,,,,,,,,,,,,,,
0,0,BAU,LIME_DOL_PROD,T5LIME_DOL_PRODIPPU,,,2019,,,,,1.0,,,,,,,,,,,,,,,,
0,0,BAU,LIME_DOL_PROD,T5LIME_DOL_PRODIPPU,,,2020,,,,,1.0,,,,,,,,,,,,,,,,
0,0,BAU,LIME_DOL_PROD,T5LIME_DOL_PRODIPPU,,,2021,,,,,1.0,,,,,,,,,,,,,,,,
0,0,BAU,LIME_DOL_PROD,T5LIME_DOL_PRODIPPU,,,2022,,,,,1.0,,,,,,,,,,,,,,,,
0,0,BAU,LIME_DOL_PROD,T5LIME_DOL_PRODIPPU,,,2023,,,,,1.0,,,,,,,,,,,,,,,,
0,0,BAU,LIME_DOL_PROD,T5LIME_DOL_PRODIPPU,,,2024,,,,,1.0,,,,,,,,,,,,,,,,
0,0,BAU,LIME_DOL_PROD,T5LIME_DOL_PRODIPPU,,,2025,,,,,1.0,,,,,,,,,,,,,,,,
0,0,BAU,LIME_DOL_PROD,T5LIME_DOL_PRODIPPU,,,2026,,,,,1.0,,,,,,,,,,,,,,,,
0,0,BAU,LIME_DOL_PROD,T5LIME_DOL_PRODIPPU,,,2027,,,,,1.0,,,,,,,,,,,,,,,,
0,0,BAU,LIME_DOL_PROD,T5LIME_DOL_PRODIPPU,,,2028,,,,,1.0,,,,,,,,,,,,,,,,
0,0,BAU,LIME_DOL_PROD,T5LIME_DOL_PRODIPPU,,,2029,,,,,1.0,,,,,,,,,,,,,,,,
0,0,BAU,LIME_DOL_PROD,T5LIME_DOL_PRODIPPU,,,2030,,,,,1.0,,,,,,,,,,,,,,,,
0,0,BAU,LIME_DOL_PROD,T5LIME_DOL_PRODIPPU,,,2031,,,,,1.0,,,,,,,,,,,,,,,,
0,0,BAU,LIME_DOL_PROD,T5LIME_DOL_PRODIPPU,,,2032,,,,,1.0,,,,,,,,,,,,,,,,
0,0,BAU,LIME_DOL_PROD,T5LIME_DOL_PRODIPPU,,,2033,,,,,1.0,,,,,,,,,,,,,,,,
0,0,BAU,LIME_DOL_PROD,T5LIME_DOL_PRODIPPU,,,2034,,,,,1.0,,,,,,,,,,,,,,,,
0,0,BAU,LIME_DOL_PROD,T5LIME_DOL_PRODIPPU,,,2035,,,,,1.0,,,,,,,,,,,,,,,,
0,0,BAU,LIME_DOL_PROD,T5LIME_DOL_PRODIPPU,,,2036,,,,,1.0,,,,,,,,,,,,,,,,
0,0,BAU,LIME_DOL_PROD,T5LIME_DOL_PRODIPPU,,,2037,,,,,1.0,,,,,,,,,,,,,,,,
0,0,BAU,LIME_DOL_PROD,T5LIME_DOL_PRODIPPU,,,2038,,,,,1.0,,,,,,,,,,,,,,,,
0,0,BAU,LIME_DOL_PROD,T5LIME_DOL_PRODIPPU,,,2039,,,,,1.0,,,,,,,,,,,,,,,,
0,0,BAU,LIME_DOL_PROD,T5LIME_DOL_PRODIPPU,,,2040,,,,,1.0,,,,,,,,,,,,,,,,
0,0,BAU,LIME_DOL_PROD,T5LIME_DOL_PRODIPPU,,,2041,,,,,1.0,,,,,,,,,,,,,,,,
0,0,BAU,LIME_DOL_PROD,T5LIME_DOL_PRODIPPU,,,2042,,,,,1.0,,,,,,,,,,,,,,,,
0,0,BAU,LIME_DOL_PROD,T5LIME_DOL_PRODIPPU,,,2043,,,,,1.0,,,,,,,,,,,,,,,,
0,0,BAU,LIME_DOL_PROD,T5LIME_DOL_PRODIPPU,,,2044,,,,,1.0,,,,,,,,,,,,,,,,
0,0,BAU,LIME_DOL_PROD,T5LIME_DOL_PRODIPPU,,,2045,,,,,1.0,,,,,,,,,,,,,,,,
0,0,BAU,LIME_DOL_PROD,T5LIME_DOL_PRODIPPU,,,2046,,,,,1.0,,,,,,,,,,,,,,,,
0,0,BAU,LIME_DOL_PROD,T5LIME_DOL_PRODIPPU,,,2047,,,,,1.0,,,,,,,,,,,,,,,,
0,0,BAU,LIME_DOL_PROD,T5LIME_DOL_PRODIPPU,,,2048,,,,,1.0,,,,,,,,,,,,,,,,
0,0,BAU,LIME_DOL_PROD,T5LIME_DOL_PRODIPPU,,,2049,,,,,1.0,,,,,,,,,,,,,,,,
0,0,BAU,LIME_DOL_PROD,T5LIME_DOL_PRODIPPU,,,2050,,,,,1.0,,,,,,,,,,,,,,,,
0,0,BAU,GLASS_PROD,T5GLASS_PRODIPPU,,,2018,,,,,1.0,,,,,,,,,,,,,,,,
0,0,BAU,GLASS_PROD,T5GLASS_PRODIPPU,,,2019,,,,,1.0,,,,,,,,,,,,,,,,
0,0,BAU,GLASS_PROD,T5GLASS_PRODIPPU,,,2020,,,,,1.0,,,,,,,,,,,,,,,,
0,0,BAU,GLASS_PROD,T5GLASS_PRODIPPU,,,2021,,,,,1.0,,,,,,,,,,,,,,,,
0,0,BAU,GLASS_PROD,T5GLASS_PRODIPPU,,,2022,,,,,1.0,,,,,,,,,,,,,,,,
0,0,BAU,GLASS_PROD,T5GLASS_PRODIPPU,,,2023,,,,,1.0,,,,,,,,,,,,,,,,
0,0,BAU,GLASS_PROD,T5GLASS_PRODIPPU,,,2024,,,,,1.0,,,,,,,,,,,,,,,,
0,0,BAU,GLASS_PROD,T5GLASS_PRODIPPU,,,2025,,,,,1.0,,,,,,,,,,,,,,,,
0,0,BAU,GLASS_PROD,T5GLASS_PRODIPPU,,,2026,,,,,1.0,,,,,,,,,,,,,,,,
0,0,BAU,GLASS_PROD,T5GLASS_PRODIPPU,,,2027,,,,,1.0,,,,,,,,,,,,,,,,
0,0,BAU,GLASS_PROD,T5GLASS_PRODIPPU,,,2028,,,,,1.0,,,,,,,,,,,,,,,,
0,0,BAU,GLASS_PROD,T5GLASS_PRODIPPU,,,2029,,,,,1.0,,,,,,,,,,,,,,,,
0,0,BAU,GLASS_PROD,T5GLASS_PRODIPPU,,,2030,,,,,1.0,,,,,,,,,,,,,,,,
0,0,BAU,GLASS_PROD,T5GLASS_PRODIPPU,,,2031,,,,,1.0,,,,,,,,,,,,,,,,
0,0,BAU,GLASS_PROD,T5GLASS_PRODIPPU,,,2032,,,,,1.0,,,,,,,,,,,,,,,,
0,0,BAU,GLASS_PROD,T5GLASS_PRODIPPU,,,2033,,,,,1.0,,,,,,,,,,,,,,,,
0,0,BAU,GLASS_PROD,T5GLASS_PRODIPPU,,,2034,,,,,1.0,,,,,,,,,,,,,,,,
0,0,BAU,GLASS_PROD,T5GLASS_PRODIPPU,,,2035,,,,,1.0,,,,,,,,,,,,,,,,
0,0,BAU,GLASS_PROD,T5GLASS_PRODIPPU,,,2036,,,,,1.0,,,,,,,,,,,,,,,,
0,0,BAU,GLASS_PROD,T5GLASS_PRODIPPU,,,2037,,,,,1.0,,,,,,,,,,,,,,,,
0,0,BAU,GLASS_PROD,T5GLASS_PRODIPPU,,,2038,,,,,1.0,,,,,,,,,,,,,,,,
0,0,BAU,GLASS_PROD,T5GLASS_PRODIPPU,,,2039,,,,,1.0,,,,,,,,,,,,,,,,
0,0,BAU,GLASS_PROD,T5GLASS_PRODIPPU,,,2040,,,,,1.0,,,,,,,,,,,,,,,,
0,0,BAU,GLASS_PROD,T5GLASS_PRODIPPU,,,2041,,,,,1.0,,,,,,,,,,,,,,,,
0,0,BAU,GLASS_PROD,T5GLASS_PRODIPPU,,,2042,,,,,1.0,,,,,,,,,,,,,,,,
0,0,BAU,GLASS_PROD,T5GLASS_PRODIPPU,,,2043,,,,,1.0,,,,,,,,,,,,,,,,
0,0,BAU,GLASS_PROD,T5GLASS_PRODIPPU,,,2044,,,,,1.0,,,,,,,,,,,,,,,,
0,0,BAU,GLASS_PROD,T5GLASS_PRODIPPU,,,2045,,,,,1.0,,,,,,,,,,,,,,,,
0,0,BAU,GLASS_PROD,T5GLASS_PRODIPPU,,,2046,,,,,1.0,,,,,,,,,,,,,,,,
0,0,BAU,GLASS_PROD,T5GLASS_PRODIPPU,,,2047,,,,,1.0,,,,,,,,,,,,,,,,
0,0,BAU,GLASS_PROD,T5GLASS_PRODIPPU,,,2048,,,,,1.0,,,,,,,,,,,,,,,,
0,0,BAU,GLASS_PROD,T5GLASS_PRODIPPU,,,2049,,,,,1.0,,,,,,,,,,,,,,,,
0,0,BAU,GLASS_PROD,T5GLASS_PRODIPPU,,,2050,,,,,1.0,,,,,,,,,,,,,,,,
0,0,BAU,CARBONATE_CERAMICS,T5CARBONATE_CERAMICSIPPU,,,2018,,,,,1.0,,,,,,,,,,,,,,,,
0,0,BAU,CARBONATE_CERAMICS,T5CARBONATE_CERAMICSIPPU,,,2019,,,,,1.0,,,,,,,,,,,,,,,,
0,0,BAU,CARBONATE_CERAMICS,T5CARBONATE_CERAMICSIPPU,,,2020,,,,,1.0,,,,,,,,,,,,,,,,
0,0,BAU,CARBONATE_CERAMICS,T5CARBONATE_CERAMICSIPPU,,,2021,,,,,1.0,,,,,,,,,,,,,,,,
0,0,BAU,CARBONATE_CERAMICS,T5CARBONATE_CERAMICSIPPU,,,2022,,,,,1.0,,,,,,,,,,,,,,,,
0,0,BAU,CARBONATE_CERAMICS,T5CARBONATE_CERAMICSIPPU,,,2023,,,,,1.0,,,,,,,,,,,,,,,,
0,0,BAU,CARBONATE_CERAMICS,T5CARBONATE_CERAMICSIPPU,,,2024,,,,,1.0,,,,,,,,,,,,,,,,
0,0,BAU,CARBONATE_CERAMICS,T5CARBONATE_CERAMICSIPPU,,,2025,,,,,1.0,,,,,,,,,,,,,,,,
0,0,BAU,CARBONATE_CERAMICS,T5CARBONATE_CERAMICSIPPU,,,2026,,,,,1.0,,,,,,,,,,,,,,,,
0,0,BAU,CARBONATE_CERAMICS,T5CARBONATE_CERAMICSIPPU,,,2027,,,,,1.0,,,,,,,,,,,,,,,,
0,0,BAU,CARBONATE_CERAMICS,T5CARBONATE_CERAMICSIPPU,,,2028,,,,,1.0,,,,,,,,,,,,,,,,
0,0,BAU,CARBONATE_CERAMICS,T5CARBONATE_CERAMICSIPPU,,,2029,,,,,1.0,,,,,,,,,,,,,,,,
0,0,BAU,CARBONATE_CERAMICS,T5CARBONATE_CERAMICSIPPU,,,2030,,,,,1.0,,,,,,,,,,,,,,,,
0,0,BAU,CARBONATE_CERAMICS,T5CARBONATE_CERAMICSIPPU,,,2031,,,,,1.0,,,,,,,,,,,,,,,,
0,0,BAU,CARBONATE_CERAMICS,T5CARBONATE_CERAMICSIPPU,,,2032,,,,,1.0,,,,,,,,,,,,,,,,
0,0,BAU,CARBONATE_CERAMICS,T5CARBONATE_CERAMICSIPPU,,,2033,,,,,1.0,,,,,,,,,,,,,,,,
0,0,BAU,CARBONATE_CERAMICS,T5CARBONATE_CERAMICSIPPU,,,2034,,,,,1.0,,,,,,,,,,,,,,,,
0,0,BAU,CARBONATE_CERAMICS,T5CARBONATE_CERAMICSIPPU,,,2035,,,,,1.0,,,,,,,,,,,,,,,,
0,0,BAU,CARBONATE_CERAMICS,T5CARBONATE_CERAMICSIPPU,,,2036,,,,,1.0,,,,,,,,,,,,,,,,
0,0,BAU,CARBONATE_CERAMICS,T5CARBONATE_CERAMICSIPPU,,,2037,,,,,1.0,,,,,,,,,,,,,,,,
0,0,BAU,CARBONATE_CERAMICS,T5CARBONATE_CERAMICSIPPU,,,2038,,,,,1.0,,,,,,,,,,,,,,,,
0,0,BAU,CARBONATE_CERAMICS,T5CARBONATE_CERAMICSIPPU,,,2039,,,,,1.0,,,,,,,,,,,,,,,,
0,0,BAU,CARBONATE_CERAMICS,T5CARBONATE_CERAMICSIPPU,,,2040,,,,,1.0,,,,,,,,,,,,,,,,
0,0,BAU,CARBONATE_CERAMICS,T5CARBONATE_CERAMICSIPPU,,,2041,,,,,1.0,,,,,,,,,,,,,,,,
0,0,BAU,CARBONATE_CERAMICS,T5CARBONATE_CERAMICSIPPU,,,2042,,,,,1.0,,,,,,,,,,,,,,,,
0,0,BAU,CARBONATE_CERAMICS,T5CARBONATE_CERAMICSIPPU,,,2043,,,,,1.0,,,,,,,,,,,,,,,,
0,0,BAU,CARBONATE_CERAMICS,T5CARBONATE_CERAMICSIPPU,,,2044,,,,,1.0,,,,,,,,,,,,,,,,
0,0,BAU,CARBONATE_CERAMICS,T5CARBONATE_CERAMICSIPPU,,,2045,,,,,1.0,,,,,,,,,,,,,,,,
0,0,BAU,CARBONATE_CERAMICS,T5CARBONATE_CERAMICSIPPU,,,2046,,,,,1.0,,,,,,,,,,,,,,,,
0,0,BAU,CARBONATE_CERAMICS,T5CARBONATE_CERAMICSIPPU,,,2047,,,,,1.0,,,,,,,,,,,,,,,,
0,0,BAU,CARBONATE_CERAMICS,T5CARBONATE_CERAMICSIPPU,,,2048,,,,,1.0,,,,,,,,,,,,,,,,
0,0,BAU,CARBONATE_CERAMICS,T5CARBONATE_CERAMICSIPPU,,,2049,,,,,1.0,,,,,,,,,,,,,,,,
0,0,BAU,CARBONATE_CERAMICS,T5CARBONATE_CERAMICSIPPU,,,2050,,,,,1.0,,,,,,,,,,,,,,,,
0,0,BAU,CARBONATE_ASH,T5CARBONATE_ASHIPPU,,,2018,,,,,1.0,,,,,,,,,,,,,,,,
0,0,BAU,CARBONATE_ASH,T5CARBONATE_ASHIPPU,,,2019,,,,,1.0,,,,,,,,,,,,,,,,
0,0,BAU,CARBONATE_ASH,T5CARBONATE_ASHIPPU,,,2020,,,,,1.0,,,,,,,,,,,,,,,,
0,0,BAU,CARBONATE_ASH,T5CARBONATE_ASHIPPU,,,2021,,,,,1.0,,,,,,,,,,,,,,,,
0,0,BAU,CARBONATE_ASH,T5CARBONATE_ASHIPPU,,,2022,,,,,1.0,,,,,,,,,,,,,,,,
0,0,BAU,CARBONATE_ASH,T5CARBONATE_ASHIPPU,,,2023,,,,,1.0,,,,,,,,,,,,,,,,
0,0,BAU,CARBONATE_ASH,T5CARBONATE_ASHIPPU,,,2024,,,,,1.0,,,,,,,,,,,,,,,,
0,0,BAU,CARBONATE_ASH,T5CARBONATE_ASHIPPU,,,2025,,,,,1.0,,,,,,,,,,,,,,,,
0,0,BAU,CARBONATE_ASH,T5CARBONATE_ASHIPPU,,,2026,,,,,1.0,,,,,,,,,,,,,,,,
0,0,BAU,CARBONATE_ASH,T5CARBONATE_ASHIPPU,,,2027,,,,,1.0,,,,,,,,,,,,,,,,
0,0,BAU,CARBONATE_ASH,T5CARBONATE_ASHIPPU,,,2028,,,,,1.0,,,,,,,,,,,,,,,,
0,0,BAU,CARBONATE_ASH,T5CARBONATE_ASHIPPU,,,2029,,,,,1.0,,,,,,,,,,,,,,,,
0,0,BAU,CARBONATE_ASH,T5CARBONATE_ASHIPPU,,,2030,,,,,1.0,,,,,,,,,,,,,,,,
0,0,BAU,CARBONATE_ASH,T5CARBONATE_ASHIPPU,,,2031,,,,,1.0,,,,,,,,,,,,,,,,
0,0,BAU,CARBONATE_ASH,T5CARBONATE_ASHIPPU,,,2032,,,,,1.0,,,,,,,,,,,,,,,,
0,0,BAU,CARBONATE_ASH,T5CARBONATE_ASHIPPU,,,2033,,,,,1.0,,,,,,,,,,,,,,,,
0,0,BAU,CARBONATE_ASH,T5CARBONATE_ASHIPPU,,,2034,,,,,1.0,,,,,,,,,,,,,,,,
0,0,BAU,CARBONATE_ASH,T5CARBONATE_ASHIPPU,,,2035,,,,,1.0,,,,,,,,,,,,,,,,
0,0,BAU,CARBONATE_ASH,T5CARBONATE_ASHIPPU,,,2036,,,,,1.0,,,,,,,,,,,,,,,,
0,0,BAU,CARBONATE_ASH,T5CARBONATE_ASHIPPU,,,2037,,,,,1.0,,,,,,,,,,,,,,,,
0,0,BAU,CARBONATE_ASH,T5CARBONATE_ASHIPPU,,,2038,,,,,1.0,,,,,,,,,,,,,,,,
0,0,BAU,CARBONATE_ASH,T5CARBONATE_ASHIPPU,,,2039,,,,,1.0,,,,,,,,,,,,,,,,
0,0,BAU,CARBONATE_ASH,T5CARBONATE_ASHIPPU,,,2040,,,,,1.0,,,,,,,,,,,,,,,,
0,0,BAU,CARBONATE_ASH,T5CARBONATE_ASHIPPU,,,2041,,,,,1.0,,,,,,,,,,,,,,,,
0,0,BAU,CARBONATE_ASH,T5CARBONATE_ASHIPPU,,,2042,,,,,1.0,,,,,,,,,,,,,,,,
0,0,BAU,CARBONATE_ASH,T5CARBONATE_ASHIPPU,,,2043,,,,,1.0,,,,,,,,,,,,,,,,
0,0,BAU,CARBONATE_ASH,T5CARBONATE_ASHIPPU,,,2044,,,,,1.0,,,,,,,,,,,,,,,,
0,0,BAU,CARBONATE_ASH,T5CARBONATE_ASHIPPU,,,2045,,,,,1.0,,,,,,,,,,,,,,,,
0,0,BAU,CARBONATE_ASH,T5CARBONATE_ASHIPPU,,,2046,,,,,1.0,,,,,,,,,,,,,,,,
0,0,BAU,CARBONATE_ASH,T5CARBONATE_ASHIPPU,,,2047,,,,,1.0,,,,,,,,,,,,,,,,
0,0,BAU,CARBONATE_ASH,T5CARBONATE_ASHIPPU,,,2048,,,,,1.0,,,,,,,,,,,,,,,,
0,0,BAU,CARBONATE_ASH,T5CARBONATE_ASHIPPU,,,2049,,,,,1.0,,,,,,,,,,,,,,,,
0,0,BAU,CARBONATE_ASH,T5CARBONATE_ASHIPPU,,,2050,,,,,1.0,,,,,,,,,,,,,,,,
0,0,BAU,IRON_STEEL,T5IRON_STEELIPPU,,,2018,,,,,1.0,,,,,,,,,,,,,,,,
0,0,BAU,IRON_STEEL,T5IRON_STEELIPPU,,,2019,,,,,1.0,,,,,,,,,,,,,,,,
0,0,BAU,IRON_STEEL,T5IRON_STEELIPPU,,,2020,,,,,1.0,,,,,,,,,,,,,,,,
0,0,BAU,IRON_STEEL,T5IRON_STEELIPPU,,,2021,,,,,1.0,,,,,,,,,,,,,,,,
0,0,BAU,IRON_STEEL,T5IRON_STEELIPPU,,,2022,,,,,1.0,,,,,,,,,,,,,,,,
0,0,BAU,IRON_STEEL,T5IRON_STEELIPPU,,,2023,,,,,1.0,,,,,,,,,,,,,,,,
0,0,BAU,IRON_STEEL,T5IRON_STEELIPPU,,,2024,,,,,1.0,,,,,,,,,,,,,,,,
0,0,BAU,IRON_STEEL,T5IRON_STEELIPPU,,,2025,,,,,1.0,,,,,,,,,,,,,,,,
0,0,BAU,IRON_STEEL,T5IRON_STEELIPPU,,,2026,,,,,1.0,,,,,,,,,,,,,,,,
0,0,BAU,IRON_STEEL,T5IRON_STEELIPPU,,,2027,,,,,1.0,,,,,,,,,,,,,,,,
0,0,BAU,IRON_STEEL,T5IRON_STEELIPPU,,,2028,,,,,1.0,,,,,,,,,,,,,,,,
0,0,BAU,IRON_STEEL,T5IRON_STEELIPPU,,,2029,,,,,1.0,,,,,,,,,,,,,,,,
0,0,BAU,IRON_STEEL,T5IRON_STEELIPPU,,,2030,,,,,1.0,,,,,,,,,,,,,,,,
0,0,BAU,IRON_STEEL,T5IRON_STEELIPPU,,,2031,,,,,1.0,,,,,,,,,,,,,,,,
0,0,BAU,IRON_STEEL,T5IRON_STEELIPPU,,,2032,,,,,1.0,,,,,,,,,,,,,,,,
0,0,BAU,IRON_STEEL,T5IRON_STEELIPPU,,,2033,,,,,1.0,,,,,,,,,,,,,,,,
0,0,BAU,IRON_STEEL,T5IRON_STEELIPPU,,,2034,,,,,1.0,,,,,,,,,,,,,,,,
0,0,BAU,IRON_STEEL,T5IRON_STEELIPPU,,,2035,,,,,1.0,,,,,,,,,,,,,,,,
0,0,BAU,IRON_STEEL,T5IRON_STEELIPPU,,,2036,,,,,1.0,,,,,,,,,,,,,,,,
0,0,BAU,IRON_STEEL,T5IRON_STEELIPPU,,,2037,,,,,1.0,,,,,,,,,,,,,,,,
0,0,BAU,IRON_STEEL,T5IRON_STEELIPPU,,,2038,,,,,1.0,,,,,,,,,,,,,,,,
0,0,BAU,IRON_STEEL,T5IRON_STEELIPPU,,,2039,,,,,1.0,,,,,,,,,,,,,,,,
0,0,BAU,IRON_STEEL,T5IRON_STEELIPPU,,,2040,,,,,1.0,,,,,,,,,,,,,,,,
0,0,BAU,IRON_STEEL,T5IRON_STEELIPPU,,,2041,,,,,1.0,,,,,,,,,,,,,,,,
0,0,BAU,IRON_STEEL,T5IRON_STEELIPPU,,,2042,,,,,1.0,,,,,,,,,,,,,,,,
0,0,BAU,IRON_STEEL,T5IRON_STEELIPPU,,,2043,,,,,1.0,,,,,,,,,,,,,,,,
0,0,BAU,IRON_STEEL,T5IRON_STEELIPPU,,,2044,,,,,1.0,,,,,,,,,,,,,,,,
0,0,BAU,IRON_STEEL,T5IRON_STEELIPPU,,,2045,,,,,1.0,,,,,,,,,,,,,,,,
0,0,BAU,IRON_STEEL,T5IRON_STEELIPPU,,,2046,,,,,1.0,,,,,,,,,,,,,,,,
0,0,BAU,IRON_STEEL,T5IRON_STEELIPPU,,,2047,,,,,1.0,,,,,,,,,,,,,,,,
0,0,BAU,IRON_STEEL,T5IRON_STEELIPPU,,,2048,,,,,1.0,,,,,,,,,,,,,,,,
0,0,BAU,IRON_STEEL,T5IRON_STEELIPPU,,,2049,,,,,1.0,,,,,,,,,,,,,,,,
0,0,BAU,IRON_STEEL,T5IRON_STEELIPPU,,,2050,,,,,1.0,,,,,,,,,,,,,,,,
0,0,BAU,PROD_FERRO,T5PROD_FERROIPPU,,,2018,,,,,1.0,,,,,,,,,,,,,,,,
0,0,BAU,PROD_FERRO,T5PROD_FERROIPPU,,,2019,,,,,1.0,,,,,,,,,,,,,,,,
0,0,BAU,PROD_FERRO,T5PROD_FERROIPPU,,,2020,,,,,1.0,,,,,,,,,,,,,,,,
0,0,BAU,PROD_FERRO,T5PROD_FERROIPPU,,,2021,,,,,1.0,,,,,,,,,,,,,,,,
0,0,BAU,PROD_FERRO,T5PROD_FERROIPPU,,,2022,,,,,1.0,,,,,,,,,,,,,,,,
0,0,BAU,PROD_FERRO,T5PROD_FERROIPPU,,,2023,,,,,1.0,,,,,,,,,,,,,,,,
0,0,BAU,PROD_FERRO,T5PROD_FERROIPPU,,,2024,,,,,1.0,,,,,,,,,,,,,,,,
0,0,BAU,PROD_FERRO,T5PROD_FERROIPPU,,,2025,,,,,1.0,,,,,,,,,,,,,,,,
0,0,BAU,PROD_FERRO,T5PROD_FERROIPPU,,,2026,,,,,1.0,,,,,,,,,,,,,,,,
0,0,BAU,PROD_FERRO,T5PROD_FERROIPPU,,,2027,,,,,1.0,,,,,,,,,,,,,,,,
0,0,BAU,PROD_FERRO,T5PROD_FERROIPPU,,,2028,,,,,1.0,,,,,,,,,,,,,,,,
0,0,BAU,PROD_FERRO,T5PROD_FERROIPPU,,,2029,,,,,1.0,,,,,,,,,,,,,,,,
0,0,BAU,PROD_FERRO,T5PROD_FERROIPPU,,,2030,,,,,1.0,,,,,,,,,,,,,,,,
0,0,BAU,PROD_FERRO,T5PROD_FERROIPPU,,,2031,,,,,1.0,,,,,,,,,,,,,,,,
0,0,BAU,PROD_FERRO,T5PROD_FERROIPPU,,,2032,,,,,1.0,,,,,,,,,,,,,,,,
0,0,BAU,PROD_FERRO,T5PROD_FERROIPPU,,,2033,,,,,1.0,,,,,,,,,,,,,,,,
0,0,BAU,PROD_FERRO,T5PROD_FERROIPPU,,,2034,,,,,1.0,,,,,,,,,,,,,,,,
0,0,BAU,PROD_FERRO,T5PROD_FERROIPPU,,,2035,,,,,1.0,,,,,,,,,,,,,,,,
0,0,BAU,PROD_FERRO,T5PROD_FERROIPPU,,,2036,,,,,1.0,,,,,,,,,,,,,,,,
0,0,BAU,PROD_FERRO,T5PROD_FERROIPPU,,,2037,,,,,1.0,,,,,,,,,,,,,,,,
0,0,BAU,PROD_FERRO,T5PROD_FERROIPPU,,,2038,,,,,1.0,,,,,,,,,,,,,,,,
0,0,BAU,PROD_FERRO,T5PROD_FERROIPPU,,,2039,,,,,1.0,,,,,,,,,,,,,,,,
0,0,BAU,PROD_FERRO,T5PROD_FERROIPPU,,,2040,,,,,1.0,,,,,,,,,,,,,,,,
0,0,BAU,PROD_FERRO,T5PROD_FERROIPPU,,,2041,,,,,1.0,,,,,,,,,,,,,,,,
0,0,BAU,PROD_FERRO,T5PROD_FERROIPPU,,,2042,,,,,1.0,,,,,,,,,,,,,,,,
0,0,BAU,PROD_FERRO,T5PROD_FERROIPPU,,,2043,,,,,1.0,,,,,,,,,,,,,,,,
0,0,BAU,PROD_FERRO,T5PROD_FERROIPPU,,,2044,,,,,1.0,,,,,,,,,,,,,,,,
0,0,BAU,PROD_FERRO,T5PROD_FERROIPPU,,,2045,,,,,1.0,,,,,,,,,,,,,,,,
0,0,BAU,PROD_FERRO,T5PROD_FERROIPPU,,,2046,,,,,1.0,,,,,,,,,,,,,,,,
0,0,BAU,PROD_FERRO,T5PROD_FERROIPPU,,,2047,,,,,1.0,,,,,,,,,,,,,,,,
0,0,BAU,PROD_FERRO,T5PROD_FERROIPPU,,,2048,,,,,1.0,,,,,,,,,,,,,,,,
0,0,BAU,PROD_FERRO,T5PROD_FERROIPPU,,,2049,,,,,1.0,,,,,,,,,,,,,,,,
0,0,BAU,PROD_FERRO,T5PROD_FERROIPPU,,,2050,,,,,1.0,,,,,,,,,,,,,,,,
0,0,BAU,LUBRI_OILS,T5LUBRI_OILSIPPU,,,2018,,,,,1.0,,,,,,,,,,,,,,,,
0,0,BAU,LUBRI_OILS,T5LUBRI_OILSIPPU,,,2019,,,,,1.0,,,,,,,,,,,,,,,,
0,0,BAU,LUBRI_OILS,T5LUBRI_OILSIPPU,,,2020,,,,,1.0,,,,,,,,,,,,,,,,
0,0,BAU,LUBRI_OILS,T5LUBRI_OILSIPPU,,,2021,,,,,1.0,,,,,,,,,,,,,,,,
0,0,BAU,LUBRI_OILS,T5LUBRI_OILSIPPU,,,2022,,,,,1.0,,,,,,,,,,,,,,,,
0,0,BAU,LUBRI_OILS,T5LUBRI_OILSIPPU,,,2023,,,,,1.0,,,,,,,,,,,,,,,,
0,0,BAU,LUBRI_OILS,T5LUBRI_OILSIPPU,,,2024,,,,,1.0,,,,,,,,,,,,,,,,
0,0,BAU,LUBRI_OILS,T5LUBRI_OILSIPPU,,,2025,,,,,1.0,,,,,,,,,,,,,,,,
0,0,BAU,LUBRI_OILS,T5LUBRI_OILSIPPU,,,2026,,,,,1.0,,,,,,,,,,,,,,,,
0,0,BAU,LUBRI_OILS,T5LUBRI_OILSIPPU,,,2027,,,,,1.0,,,,,,,,,,,,,,,,
0,0,BAU,LUBRI_OILS,T5LUBRI_OILSIPPU,,,2028,,,,,1.0,,,,,,,,,,,,,,,,
0,0,BAU,LUBRI_OILS,T5LUBRI_OILSIPPU,,,2029,,,,,1.0,,,,,,,,,,,,,,,,
0,0,BAU,LUBRI_OILS,T5LUBRI_OILSIPPU,,,2030,,,,,1.0,,,,,,,,,,,,,,,,
0,0,BAU,LUBRI_OILS,T5LUBRI_OILSIPPU,,,2031,,,,,1.0,,,,,,,,,,,,,,,,
0,0,BAU,LUBRI_OILS,T5LUBRI_OILSIPPU,,,2032,,,,,1.0,,,,,,,,,,,,,,,,
0,0,BAU,LUBRI_OILS,T5LUBRI_OILSIPPU,,,2033,,,,,1.0,,,,,,,,,,,,,,,,
0,0,BAU,LUBRI_OILS,T5LUBRI_OILSIPPU,,,2034,,,,,1.0,,,,,,,,,,,,,,,,
0,0,BAU,LUBRI_OILS,T5LUBRI_OILSIPPU,,,2035,,,,,1.0,,,,,,,,,,,,,,,,
0,0,BAU,LUBRI_OILS,T5LUBRI_OILSIPPU,,,2036,,,,,1.0,,,,,,,,,,,,,,,,
0,0,BAU,LUBRI_OILS,T5LUBRI_OILSIPPU,,,2037,,,,,1.0,,,,,,,,,,,,,,,,
0,0,BAU,LUBRI_OILS,T5LUBRI_OILSIPPU,,,2038,,,,,1.0,,,,,,,,,,,,,,,,
0,0,BAU,LUBRI_OILS,T5LUBRI_OILSIPPU,,,2039,,,,,1.0,,,,,,,,,,,,,,,,
0,0,BAU,LUBRI_OILS,T5LUBRI_OILSIPPU,,,2040,,,,,1.0,,,,,,,,,,,,,,,,
0,0,BAU,LUBRI_OILS,T5LUBRI_OILSIPPU,,,2041,,,,,1.0,,,,,,,,,,,,,,,,
0,0,BAU,LUBRI_OILS,T5LUBRI_OILSIPPU,,,2042,,,,,1.0,,,,,,,,,,,,,,,,
0,0,BAU,LUBRI_OILS,T5LUBRI_OILSIPPU,,,2043,,,,,1.0,,,,,,,,,,,,,,,,
0,0,BAU,LUBRI_OILS,T5LUBRI_OILSIPPU,,,2044,,,,,1.0,,,,,,,,,,,,,,,,
0,0,BAU,LUBRI_OILS,T5LUBRI_OILSIPPU,,,2045,,,,,1.0,,,,,,,,,,,,,,,,
0,0,BAU,LUBRI_OILS,T5LUBRI_OILSIPPU,,,2046,,,,,1.0,,,,,,,,,,,,,,,,
0,0,BAU,LUBRI_OILS,T5LUBRI_OILSIPPU,,,2047,,,,,1.0,,,,,,,,,,,,,,,,
0,0,BAU,LUBRI_OILS,T5LUBRI_OILSIPPU,,,2048,,,,,1.0,,,,,,,,,,,,,,,,
0,0,BAU,LUBRI_OILS,T5LUBRI_OILSIPPU,,,2049,,,,,1.0,,,,,,,,,,,,,,,,
0,0,BAU,LUBRI_OILS,T5LUBRI_OILSIPPU,,,2050,,,,,1.0,,,,,,,,,,,,,,,,
0,0,BAU,PARAFFIN,T5PARAFFINIPPU,,,2018,,,,,1.0,,,,,,,,,,,,,,,,
0,0,BAU,PARAFFIN,T5PARAFFINIPPU,,,2019,,,,,1.0,,,,,,,,,,,,,,,,
0,0,BAU,PARAFFIN,T5PARAFFINIPPU,,,2020,,,,,1.0,,,,,,,,,,,,,,,,
0,0,BAU,PARAFFIN,T5PARAFFINIPPU,,,2021,,,,,1.0,,,,,,,,,,,,,,,,
0,0,BAU,PARAFFIN,T5PARAFFINIPPU,,,2022,,,,,1.0,,,,,,,,,,,,,,,,
0,0,BAU,PARAFFIN,T5PARAFFINIPPU,,,2023,,,,,1.0,,,,,,,,,,,,,,,,
0,0,BAU,PARAFFIN,T5PARAFFINIPPU,,,2024,,,,,1.0,,,,,,,,,,,,,,,,
0,0,BAU,PARAFFIN,T5PARAFFINIPPU,,,2025,,,,,1.0,,,,,,,,,,,,,,,,
0,0,BAU,PARAFFIN,T5PARAFFINIPPU,,,2026,,,,,1.0,,,,,,,,,,,,,,,,
0,0,BAU,PARAFFIN,T5PARAFFINIPPU,,,2027,,,,,1.0,,,,,,,,,,,,,,,,
0,0,BAU,PARAFFIN,T5PARAFFINIPPU,,,2028,,,,,1.0,,,,,,,,,,,,,,,,
0,0,BAU,PARAFFIN,T5PARAFFINIPPU,,,2029,,,,,1.0,,,,,,,,,,,,,,,,
0,0,BAU,PARAFFIN,T5PARAFFINIPPU,,,2030,,,,,1.0,,,,,,,,,,,,,,,,
0,0,BAU,PARAFFIN,T5PARAFFINIPPU,,,2031,,,,,1.0,,,,,,,,,,,,,,,,
0,0,BAU,PARAFFIN,T5PARAFFINIPPU,,,2032,,,,,1.0,,,,,,,,,,,,,,,,
0,0,BAU,PARAFFIN,T5PARAFFINIPPU,,,2033,,,,,1.0,,,,,,,,,,,,,,,,
0,0,BAU,PARAFFIN,T5PARAFFINIPPU,,,2034,,,,,1.0,,,,,,,,,,,,,,,,
0,0,BAU,PARAFFIN,T5PARAFFINIPPU,,,2035,,,,,1.0,,,,,,,,,,,,,,,,
0,0,BAU,PARAFFIN,T5PARAFFINIPPU,,,2036,,,,,1.0,,,,,,,,,,,,,,,,
0,0,BAU,PARAFFIN,T5PARAFFINIPPU,,,2037,,,,,1.0,,,,,,,,,,,,,,,,
0,0,BAU,PARAFFIN,T5PARAFFINIPPU,,,2038,,,,,1.0,,,,,,,,,,,,,,,,
0,0,BAU,PARAFFIN,T5PARAFFINIPPU,,,2039,,,,,1.0,,,,,,,,,,,,,,,,
0,0,BAU,PARAFFIN,T5PARAFFINIPPU,,,2040,,,,,1.0,,,,,,,,,,,,,,,,
0,0,BAU,PARAFFIN,T5PARAFFINIPPU,,,2041,,,,,1.0,,,,,,,,,,,,,,,,
0,0,BAU,PARAFFIN,T5PARAFFINIPPU,,,2042,,,,,1.0,,,,,,,,,,,,,,,,
0,0,BAU,PARAFFIN,T5PARAFFINIPPU,,,2043,,,,,1.0,,,,,,,,,,,,,,,,
0,0,BAU,PARAFFIN,T5PARAFFINIPPU,,,2044,,,,,1.0,,,,,,,,,,,,,,,,
0,0,BAU,PARAFFIN,T5PARAFFINIPPU,,,2045,,,,,1.0,,,,,,,,,,,,,,,,
0,0,BAU,PARAFFIN,T5PARAFFINIPPU,,,2046,,,,,1.0,,,,,,,,,,,,,,,,
0,0,BAU,PARAFFIN,T5PARAFFINIPPU,,,2047,,,,,1.0,,,,,,,,,,,,,,,,
0,0,BAU,PARAFFIN,T5PARAFFINIPPU,,,2048,,,,,1.0,,,,,,,,,,,,,,,,
0,0,BAU,PARAFFIN,T5PARAFFINIPPU,,,2049,,,,,1.0,,,,,,,,,,,,,,,,
0,0,BAU,PARAFFIN,T5PARAFFINIPPU,,,2050,,,,,1.0,,,,,,,,,,,,,,,,
0,0,BAU,REFR_AC_HFC32,T5REFR_AC_HFC32IPPU,,,2018,,,,,1.0,,,,,,,,,,,,,,,,
0,0,BAU,REFR_AC_HFC32,T5REFR_AC_HFC32IPPU,,,2019,,,,,1.0,,,,,,,,,,,,,,,,
0,0,BAU,REFR_AC_HFC32,T5REFR_AC_HFC32IPPU,,,2020,,,,,1.0,,,,,,,,,,,,,,,,
0,0,BAU,REFR_AC_HFC32,T5REFR_AC_HFC32IPPU,,,2021,,,,,1.0,,,,,,,,,,,,,,,,
0,0,BAU,REFR_AC_HFC32,T5REFR_AC_HFC32IPPU,,,2022,,,,,1.0,,,,,,,,,,,,,,,,
0,0,BAU,REFR_AC_HFC32,T5REFR_AC_HFC32IPPU,,,2023,,,,,1.0,,,,,,,,,,,,,,,,
0,0,BAU,REFR_AC_HFC32,T5REFR_AC_HFC32IPPU,,,2024,,,,,1.0,,,,,,,,,,,,,,,,
0,0,BAU,REFR_AC_HFC32,T5REFR_AC_HFC32IPPU,,,2025,,,,,1.0,,,,,,,,,,,,,,,,
0,0,BAU,REFR_AC_HFC32,T5REFR_AC_HFC32IPPU,,,2026,,,,,1.0,,,,,,,,,,,,,,,,
0,0,BAU,REFR_AC_HFC32,T5REFR_AC_HFC32IPPU,,,2027,,,,,1.0,,,,,,,,,,,,,,,,
0,0,BAU,REFR_AC_HFC32,T5REFR_AC_HFC32IPPU,,,2028,,,,,1.0,,,,,,,,,,,,,,,,
0,0,BAU,REFR_AC_HFC32,T5REFR_AC_HFC32IPPU,,,2029,,,,,1.0,,,,,,,,,,,,,,,,
0,0,BAU,REFR_AC_HFC32,T5REFR_AC_HFC32IPPU,,,2030,,,,,1.0,,,,,,,,,,,,,,,,
0,0,BAU,REFR_AC_HFC32,T5REFR_AC_HFC32IPPU,,,2031,,,,,1.0,,,,,,,,,,,,,,,,
0,0,BAU,REFR_AC_HFC32,T5REFR_AC_HFC32IPPU,,,2032,,,,,1.0,,,,,,,,,,,,,,,,
0,0,BAU,REFR_AC_HFC32,T5REFR_AC_HFC32IPPU,,,2033,,,,,1.0,,,,,,,,,,,,,,,,
0,0,BAU,REFR_AC_HFC32,T5REFR_AC_HFC32IPPU,,,2034,,,,,1.0,,,,,,,,,,,,,,,,
0,0,BAU,REFR_AC_HFC32,T5REFR_AC_HFC32IPPU,,,2035,,,,,1.0,,,,,,,,,,,,,,,,
0,0,BAU,REFR_AC_HFC32,T5REFR_AC_HFC32IPPU,,,2036,,,,,1.0,,,,,,,,,,,,,,,,
0,0,BAU,REFR_AC_HFC32,T5REFR_AC_HFC32IPPU,,,2037,,,,,1.0,,,,,,,,,,,,,,,,
0,0,BAU,REFR_AC_HFC32,T5REFR_AC_HFC32IPPU,,,2038,,,,,1.0,,,,,,,,,,,,,,,,
0,0,BAU,REFR_AC_HFC32,T5REFR_AC_HFC32IPPU,,,2039,,,,,1.0,,,,,,,,,,,,,,,,
0,0,BAU,REFR_AC_HFC32,T5REFR_AC_HFC32IPPU,,,2040,,,,,1.0,,,,,,,,,,,,,,,,
0,0,BAU,REFR_AC_HFC32,T5REFR_AC_HFC32IPPU,,,2041,,,,,1.0,,,,,,,,,,,,,,,,
0,0,BAU,REFR_AC_HFC32,T5REFR_AC_HFC32IPPU,,,2042,,,,,1.0,,,,,,,,,,,,,,,,
0,0,BAU,REFR_AC_HFC32,T5REFR_AC_HFC32IPPU,,,2043,,,,,1.0,,,,,,,,,,,,,,,,
0,0,BAU,REFR_AC_HFC32,T5REFR_AC_HFC32IPPU,,,2044,,,,,1.0,,,,,,,,,,,,,,,,
0,0,BAU,REFR_AC_HFC32,T5REFR_AC_HFC32IPPU,,,2045,,,,,1.0,,,,,,,,,,,,,,,,
0,0,BAU,REFR_AC_HFC32,T5REFR_AC_HFC32IPPU,,,2046,,,,,1.0,,,,,,,,,,,,,,,,
0,0,BAU,REFR_AC_HFC32,T5REFR_AC_HFC32IPPU,,,2047,,,,,1.0,,,,,,,,,,,,,,,,
0,0,BAU,REFR_AC_HFC32,T5REFR_AC_HFC32IPPU,,,2048,,,,,1.0,,,,,,,,,,,,,,,,
0,0,BAU,REFR_AC_HFC32,T5REFR_AC_HFC32IPPU,,,2049,,,,,1.0,,,,,,,,,,,,,,,,
0,0,BAU,REFR_AC_HFC32,T5REFR_AC_HFC32IPPU,,,2050,,,,,1.0,,,,,,,,,,,,,,,,
0,0,BAU,REFR_AC_HFC125,T5REFR_AC_HFC125IPPU,,,2018,,,,,1.0,,,,,,,,,,,,,,,,
0,0,BAU,REFR_AC_HFC125,T5REFR_AC_HFC125IPPU,,,2019,,,,,1.0,,,,,,,,,,,,,,,,
0,0,BAU,REFR_AC_HFC125,T5REFR_AC_HFC125IPPU,,,2020,,,,,1.0,,,,,,,,,,,,,,,,
0,0,BAU,REFR_AC_HFC125,T5REFR_AC_HFC125IPPU,,,2021,,,,,1.0,,,,,,,,,,,,,,,,
0,0,BAU,REFR_AC_HFC125,T5REFR_AC_HFC125IPPU,,,2022,,,,,1.0,,,,,,,,,,,,,,,,
0,0,BAU,REFR_AC_HFC125,T5REFR_AC_HFC125IPPU,,,2023,,,,,1.0,,,,,,,,,,,,,,,,
0,0,BAU,REFR_AC_HFC125,T5REFR_AC_HFC125IPPU,,,2024,,,,,1.0,,,,,,,,,,,,,,,,
0,0,BAU,REFR_AC_HFC125,T5REFR_AC_HFC125IPPU,,,2025,,,,,1.0,,,,,,,,,,,,,,,,
0,0,BAU,REFR_AC_HFC125,T5REFR_AC_HFC125IPPU,,,2026,,,,,1.0,,,,,,,,,,,,,,,,
0,0,BAU,REFR_AC_HFC125,T5REFR_AC_HFC125IPPU,,,2027,,,,,1.0,,,,,,,,,,,,,,,,
0,0,BAU,REFR_AC_HFC125,T5REFR_AC_HFC125IPPU,,,2028,,,,,1.0,,,,,,,,,,,,,,,,
0,0,BAU,REFR_AC_HFC125,T5REFR_AC_HFC125IPPU,,,2029,,,,,1.0,,,,,,,,,,,,,,,,
0,0,BAU,REFR_AC_HFC125,T5REFR_AC_HFC125IPPU,,,2030,,,,,1.0,,,,,,,,,,,,,,,,
0,0,BAU,REFR_AC_HFC125,T5REFR_AC_HFC125IPPU,,,2031,,,,,1.0,,,,,,,,,,,,,,,,
0,0,BAU,REFR_AC_HFC125,T5REFR_AC_HFC125IPPU,,,2032,,,,,1.0,,,,,,,,,,,,,,,,
0,0,BAU,REFR_AC_HFC125,T5REFR_AC_HFC125IPPU,,,2033,,,,,1.0,,,,,,,,,,,,,,,,
0,0,BAU,REFR_AC_HFC125,T5REFR_AC_HFC125IPPU,,,2034,,,,,1.0,,,,,,,,,,,,,,,,
0,0,BAU,REFR_AC_HFC125,T5REFR_AC_HFC125IPPU,,,2035,,,,,1.0,,,,,,,,,,,,,,,,
0,0,BAU,REFR_AC_HFC125,T5REFR_AC_HFC125IPPU,,,2036,,,,,1.0,,,,,,,,,,,,,,,,
0,0,BAU,REFR_AC_HFC125,T5REFR_AC_HFC125IPPU,,,2037,,,,,1.0,,,,,,,,,,,,,,,,
0,0,BAU,REFR_AC_HFC125,T5REFR_AC_HFC125IPPU,,,2038,,,,,1.0,,,,,,,,,,,,,,,,
0,0,BAU,REFR_AC_HFC125,T5REFR_AC_HFC125IPPU,,,2039,,,,,1.0,,,,,,,,,,,,,,,,
0,0,BAU,REFR_AC_HFC125,T5REFR_AC_HFC125IPPU,,,2040,,,,,1.0,,,,,,,,,,,,,,,,
0,0,BAU,REFR_AC_HFC125,T5REFR_AC_HFC125IPPU,,,2041,,,,,1.0,,,,,,,,,,,,,,,,
0,0,BAU,REFR_AC_HFC125,T5REFR_AC_HFC125IPPU,,,2042,,,,,1.0,,,,,,,,,,,,,,,,
0,0,BAU,REFR_AC_HFC125,T5REFR_AC_HFC125IPPU,,,2043,,,,,1.0,,,,,,,,,,,,,,,,
0,0,BAU,REFR_AC_HFC125,T5REFR_AC_HFC125IPPU,,,2044,,,,,1.0,,,,,,,,,,,,,,,,
0,0,BAU,REFR_AC_HFC125,T5REFR_AC_HFC125IPPU,,,2045,,,,,1.0,,,,,,,,,,,,,,,,
0,0,BAU,REFR_AC_HFC125,T5REFR_AC_HFC125IPPU,,,2046,,,,,1.0,,,,,,,,,,,,,,,,
0,0,BAU,REFR_AC_HFC125,T5REFR_AC_HFC125IPPU,,,2047,,,,,1.0,,,,,,,,,,,,,,,,
0,0,BAU,REFR_AC_HFC125,T5REFR_AC_HFC125IPPU,,,2048,,,,,1.0,,,,,,,,,,,,,,,,
0,0,BAU,REFR_AC_HFC125,T5REFR_AC_HFC125IPPU,,,2049,,,,,1.0,,,,,,,,,,,,,,,,
0,0,BAU,REFR_AC_HFC125,T5REFR_AC_HFC125IPPU,,,2050,,,,,1.0,,,,,,,,,,,,,,,,
0,0,BAU,REFR_AC_HFC134a,T5REFR_AC_HFC134aIPPU,,,2018,,,,,1.0,,,,,,,,,,,,,,,,
0,0,BAU,REFR_AC_HFC134a,T5REFR_AC_HFC134aIPPU,,,2019,,,,,1.0,,,,,,,,,,,,,,,,
0,0,BAU,REFR_AC_HFC134a,T5REFR_AC_HFC134aIPPU,,,2020,,,,,1.0,,,,,,,,,,,,,,,,
0,0,BAU,REFR_AC_HFC134a,T5REFR_AC_HFC134aIPPU,,,2021,,,,,1.0,,,,,,,,,,,,,,,,
0,0,BAU,REFR_AC_HFC134a,T5REFR_AC_HFC134aIPPU,,,2022,,,,,1.0,,,,,,,,,,,,,,,,
0,0,BAU,REFR_AC_HFC134a,T5REFR_AC_HFC134aIPPU,,,2023,,,,,1.0,,,,,,,,,,,,,,,,
0,0,BAU,REFR_AC_HFC134a,T5REFR_AC_HFC134aIPPU,,,2024,,,,,1.0,,,,,,,,,,,,,,,,
0,0,BAU,REFR_AC_HFC134a,T5REFR_AC_HFC134aIPPU,,,2025,,,,,1.0,,,,,,,,,,,,,,,,
0,0,BAU,REFR_AC_HFC134a,T5REFR_AC_HFC134aIPPU,,,2026,,,,,1.0,,,,,,,,,,,,,,,,
0,0,BAU,REFR_AC_HFC134a,T5REFR_AC_HFC134aIPPU,,,2027,,,,,1.0,,,,,,,,,,,,,,,,
0,0,BAU,REFR_AC_HFC134a,T5REFR_AC_HFC134aIPPU,,,2028,,,,,1.0,,,,,,,,,,,,,,,,
0,0,BAU,REFR_AC_HFC134a,T5REFR_AC_HFC134aIPPU,,,2029,,,,,1.0,,,,,,,,,,,,,,,,
0,0,BAU,REFR_AC_HFC134a,T5REFR_AC_HFC134aIPPU,,,2030,,,,,1.0,,,,,,,,,,,,,,,,
0,0,BAU,REFR_AC_HFC134a,T5REFR_AC_HFC134aIPPU,,,2031,,,,,1.0,,,,,,,,,,,,,,,,
0,0,BAU,REFR_AC_HFC134a,T5REFR_AC_HFC134aIPPU,,,2032,,,,,1.0,,,,,,,,,,,,,,,,
0,0,BAU,REFR_AC_HFC134a,T5REFR_AC_HFC134aIPPU,,,2033,,,,,1.0,,,,,,,,,,,,,,,,
0,0,BAU,REFR_AC_HFC134a,T5REFR_AC_HFC134aIPPU,,,2034,,,,,1.0,,,,,,,,,,,,,,,,
0,0,BAU,REFR_AC_HFC134a,T5REFR_AC_HFC134aIPPU,,,2035,,,,,1.0,,,,,,,,,,,,,,,,
0,0,BAU,REFR_AC_HFC134a,T5REFR_AC_HFC134aIPPU,,,2036,,,,,1.0,,,,,,,,,,,,,,,,
0,0,BAU,REFR_AC_HFC134a,T5REFR_AC_HFC134aIPPU,,,2037,,,,,1.0,,,,,,,,,,,,,,,,
0,0,BAU,REFR_AC_HFC134a,T5REFR_AC_HFC134aIPPU,,,2038,,,,,1.0,,,,,,,,,,,,,,,,
0,0,BAU,REFR_AC_HFC134a,T5REFR_AC_HFC134aIPPU,,,2039,,,,,1.0,,,,,,,,,,,,,,,,
0,0,BAU,REFR_AC_HFC134a,T5REFR_AC_HFC134aIPPU,,,2040,,,,,1.0,,,,,,,,,,,,,,,,
0,0,BAU,REFR_AC_HFC134a,T5REFR_AC_HFC134aIPPU,,,2041,,,,,1.0,,,,,,,,,,,,,,,,
0,0,BAU,REFR_AC_HFC134a,T5REFR_AC_HFC134aIPPU,,,2042,,,,,1.0,,,,,,,,,,,,,,,,
0,0,BAU,REFR_AC_HFC134a,T5REFR_AC_HFC134aIPPU,,,2043,,,,,1.0,,,,,,,,,,,,,,,,
0,0,BAU,REFR_AC_HFC134a,T5REFR_AC_HFC134aIPPU,,,2044,,,,,1.0,,,,,,,,,,,,,,,,
0,0,BAU,REFR_AC_HFC134a,T5REFR_AC_HFC134aIPPU,,,2045,,,,,1.0,,,,,,,,,,,,,,,,
0,0,BAU,REFR_AC_HFC134a,T5REFR_AC_HFC134aIPPU,,,2046,,,,,1.0,,,,,,,,,,,,,,,,
0,0,BAU,REFR_AC_HFC134a,T5REFR_AC_HFC134aIPPU,,,2047,,,,,1.0,,,,,,,,,,,,,,,,
0,0,BAU,REFR_AC_HFC134a,T5REFR_AC_HFC134aIPPU,,,2048,,,,,1.0,,,,,,,,,,,,,,,,
0,0,BAU,REFR_AC_HFC134a,T5REFR_AC_HFC134aIPPU,,,2049,,,,,1.0,,,,,,,,,,,,,,,,
0,0,BAU,REFR_AC_HFC134a,T5REFR_AC_HFC134aIPPU,,,2050,,,,,1.0,,,,,,,,,,,,,,,,
0,0,BAU,REFR_AC_HFC143a,T5REFR_AC_HFC143aIPPU,,,2018,,,,,1.0,,,,,,,,,,,,,,,,
0,0,BAU,REFR_AC_HFC143a,T5REFR_AC_HFC143aIPPU,,,2019,,,,,1.0,,,,,,,,,,,,,,,,
0,0,BAU,REFR_AC_HFC143a,T5REFR_AC_HFC143aIPPU,,,2020,,,,,1.0,,,,,,,,,,,,,,,,
0,0,BAU,REFR_AC_HFC143a,T5REFR_AC_HFC143aIPPU,,,2021,,,,,1.0,,,,,,,,,,,,,,,,
0,0,BAU,REFR_AC_HFC143a,T5REFR_AC_HFC143aIPPU,,,2022,,,,,1.0,,,,,,,,,,,,,,,,
0,0,BAU,REFR_AC_HFC143a,T5REFR_AC_HFC143aIPPU,,,2023,,,,,1.0,,,,,,,,,,,,,,,,
0,0,BAU,REFR_AC_HFC143a,T5REFR_AC_HFC143aIPPU,,,2024,,,,,1.0,,,,,,,,,,,,,,,,
0,0,BAU,REFR_AC_HFC143a,T5REFR_AC_HFC143aIPPU,,,2025,,,,,1.0,,,,,,,,,,,,,,,,
0,0,BAU,REFR_AC_HFC143a,T5REFR_AC_HFC143aIPPU,,,2026,,,,,1.0,,,,,,,,,,,,,,,,
0,0,BAU,REFR_AC_HFC143a,T5REFR_AC_HFC143aIPPU,,,2027,,,,,1.0,,,,,,,,,,,,,,,,
0,0,BAU,REFR_AC_HFC143a,T5REFR_AC_HFC143aIPPU,,,2028,,,,,1.0,,,,,,,,,,,,,,,,
0,0,BAU,REFR_AC_HFC143a,T5REFR_AC_HFC143aIPPU,,,2029,,,,,1.0,,,,,,,,,,,,,,,,
0,0,BAU,REFR_AC_HFC143a,T5REFR_AC_HFC143aIPPU,,,2030,,,,,1.0,,,,,,,,,,,,,,,,
0,0,BAU,REFR_AC_HFC143a,T5REFR_AC_HFC143aIPPU,,,2031,,,,,1.0,,,,,,,,,,,,,,,,
0,0,BAU,REFR_AC_HFC143a,T5REFR_AC_HFC143aIPPU,,,2032,,,,,1.0,,,,,,,,,,,,,,,,
0,0,BAU,REFR_AC_HFC143a,T5REFR_AC_HFC143aIPPU,,,2033,,,,,1.0,,,,,,,,,,,,,,,,
0,0,BAU,REFR_AC_HFC143a,T5REFR_AC_HFC143aIPPU,,,2034,,,,,1.0,,,,,,,,,,,,,,,,
0,0,BAU,REFR_AC_HFC143a,T5REFR_AC_HFC143aIPPU,,,2035,,,,,1.0,,,,,,,,,,,,,,,,
0,0,BAU,REFR_AC_HFC143a,T5REFR_AC_HFC143aIPPU,,,2036,,,,,1.0,,,,,,,,,,,,,,,,
0,0,BAU,REFR_AC_HFC143a,T5REFR_AC_HFC143aIPPU,,,2037,,,,,1.0,,,,,,,,,,,,,,,,
0,0,BAU,REFR_AC_HFC143a,T5REFR_AC_HFC143aIPPU,,,2038,,,,,1.0,,,,,,,,,,,,,,,,
0,0,BAU,REFR_AC_HFC143a,T5REFR_AC_HFC143aIPPU,,,2039,,,,,1.0,,,,,,,,,,,,,,,,
0,0,BAU,REFR_AC_HFC143a,T5REFR_AC_HFC143aIPPU,,,2040,,,,,1.0,,,,,,,,,,,,,,,,
0,0,BAU,REFR_AC_HFC143a,T5REFR_AC_HFC143aIPPU,,,2041,,,,,1.0,,,,,,,,,,,,,,,,
0,0,BAU,REFR_AC_HFC143a,T5REFR_AC_HFC143aIPPU,,,2042,,,,,1.0,,,,,,,,,,,,,,,,
0,0,BAU,REFR_AC_HFC143a,T5REFR_AC_HFC143aIPPU,,,2043,,,,,1.0,,,,,,,,,,,,,,,,
0,0,BAU,REFR_AC_HFC143a,T5REFR_AC_HFC143aIPPU,,,2044,,,,,1.0,,,,,,,,,,,,,,,,
0,0,BAU,REFR_AC_HFC143a,T5REFR_AC_HFC143aIPPU,,,2045,,,,,1.0,,,,,,,,,,,,,,,,
0,0,BAU,REFR_AC_HFC143a,T5REFR_AC_HFC143aIPPU,,,2046,,,,,1.0,,,,,,,,,,,,,,,,
0,0,BAU,REFR_AC_HFC143a,T5REFR_AC_HFC143aIPPU,,,2047,,,,,1.0,,,,,,,,,,,,,,,,
0,0,BAU,REFR_AC_HFC143a,T5REFR_AC_HFC143aIPPU,,,2048,,,,,1.0,,,,,,,,,,,,,,,,
0,0,BAU,REFR_AC_HFC143a,T5REFR_AC_HFC143aIPPU,,,2049,,,,,1.0,,,,,,,,,,,,,,,,
0,0,BAU,REFR_AC_HFC143a,T5REFR_AC_HFC143aIPPU,,,2050,,,,,1.0,,,,,,,,,,,,,,,,
0,0,BAU,RAW_MAT_CLK,RAW_MAT_CLK,,,2018,,,,,,1,,,,,,,,,,,,,,,
0,0,BAU,RAW_MAT_CLK,RAW_MAT_CLK,,,2019,,,,,,1.0,,,,,,,,,,,,,,,
0,0,BAU,RAW_MAT_CLK,RAW_MAT_CLK,,,2020,,,,,,1.0,,,,,,,,,,,,,,,
0,0,BAU,RAW_MAT_CLK,RAW_MAT_CLK,,,2021,,,,,,1.0,,,,,,,,,,,,,,,
0,0,BAU,RAW_MAT_CLK,RAW_MAT_CLK,,,2022,,,,,,1.0,,,,,,,,,,,,,,,
0,0,BAU,RAW_MAT_CLK,RAW_MAT_CLK,,,2023,,,,,,1.0,,,,,,,,,,,,,,,
0,0,BAU,RAW_MAT_CLK,RAW_MAT_CLK,,,2024,,,,,,1.0,,,,,,,,,,,,,,,
0,0,BAU,RAW_MAT_CLK,RAW_MAT_CLK,,,2025,,,,,,1.0,,,,,,,,,,,,,,,
0,0,BAU,RAW_MAT_CLK,RAW_MAT_CLK,,,2026,,,,,,1.0,,,,,,,,,,,,,,,
0,0,BAU,RAW_MAT_CLK,RAW_MAT_CLK,,,2027,,,,,,1.0,,,,,,,,,,,,,,,
0,0,BAU,RAW_MAT_CLK,RAW_MAT_CLK,,,2028,,,,,,1.0,,,,,,,,,,,,,,,
0,0,BAU,RAW_MAT_CLK,RAW_MAT_CLK,,,2029,,,,,,1.0,,,,,,,,,,,,,,,
0,0,BAU,RAW_MAT_CLK,RAW_MAT_CLK,,,2030,,,,,,1.0,,,,,,,,,,,,,,,
0,0,BAU,RAW_MAT_CLK,RAW_MAT_CLK,,,2031,,,,,,1.0,,,,,,,,,,,,,,,
0,0,BAU,RAW_MAT_CLK,RAW_MAT_CLK,,,2032,,,,,,1.0,,,,,,,,,,,,,,,
0,0,BAU,RAW_MAT_CLK,RAW_MAT_CLK,,,2033,,,,,,1.0,,,,,,,,,,,,,,,
0,0,BAU,RAW_MAT_CLK,RAW_MAT_CLK,,,2034,,,,,,1.0,,,,,,,,,,,,,,,
0,0,BAU,RAW_MAT_CLK,RAW_MAT_CLK,,,2035,,,,,,1.0,,,,,,,,,,,,,,,
0,0,BAU,RAW_MAT_CLK,RAW_MAT_CLK,,,2036,,,,,,1.0,,,,,,,,,,,,,,,
0,0,BAU,RAW_MAT_CLK,RAW_MAT_CLK,,,2037,,,,,,1.0,,,,,,,,,,,,,,,
0,0,BAU,RAW_MAT_CLK,RAW_MAT_CLK,,,2038,,,,,,1.0,,,,,,,,,,,,,,,
0,0,BAU,RAW_MAT_CLK,RAW_MAT_CLK,,,2039,,,,,,1.0,,,,,,,,,,,,,,,
0,0,BAU,RAW_MAT_CLK,RAW_MAT_CLK,,,2040,,,,,,1.0,,,,,,,,,,,,,,,
0,0,BAU,RAW_MAT_CLK,RAW_MAT_CLK,,,2041,,,,,,1.0,,,,,,,,,,,,,,,
0,0,BAU,RAW_MAT_CLK,RAW_MAT_CLK,,,2042,,,,,,1.0,,,,,,,,,,,,,,,
0,0,BAU,RAW_MAT_CLK,RAW_MAT_CLK,,,2043,,,,,,1.0,,,,,,,,,,,,,,,
0,0,BAU,RAW_MAT_CLK,RAW_MAT_CLK,,,2044,,,,,,1.0,,,,,,,,,,,,,,,
0,0,BAU,RAW_MAT_CLK,RAW_MAT_CLK,,,2045,,,,,,1.0,,,,,,,,,,,,,,,
0,0,BAU,RAW_MAT_CLK,RAW_MAT_CLK,,,2046,,,,,,1.0,,,,,,,,,,,,,,,
0,0,BAU,RAW_MAT_CLK,RAW_MAT_CLK,,,2047,,,,,,1.0,,,,,,,,,,,,,,,
0,0,BAU,RAW_MAT_CLK,RAW_MAT_CLK,,,2048,,,,,,1.0,,,,,,,,,,,,,,,
0,0,BAU,RAW_MAT_CLK,RAW_MAT_CLK,,,2049,,,,,,1.0,,,,,,,,,,,,,,,
0,0,BAU,RAW_MAT_CLK,RAW_MAT_CLK,,,2050,,,,,,1.0,,,,,,,,,,,,,,,
0,0,BAU,RAW_MAT_CEM,RAW_MAT_CEM,,,2018,,,,,,1,,,,,,,,,,,,,,,
0,0,BAU,RAW_MAT_CEM,RAW_MAT_CEM,,,2019,,,,,,1.0,,,,,,,,,,,,,,,
0,0,BAU,RAW_MAT_CEM,RAW_MAT_CEM,,,2020,,,,,,1.0,,,,,,,,,,,,,,,
0,0,BAU,RAW_MAT_CEM,RAW_MAT_CEM,,,2021,,,,,,1.0,,,,,,,,,,,,,,,
0,0,BAU,RAW_MAT_CEM,RAW_MAT_CEM,,,2022,,,,,,1.0,,,,,,,,,,,,,,,
0,0,BAU,RAW_MAT_CEM,RAW_MAT_CEM,,,2023,,,,,,1.0,,,,,,,,,,,,,,,
0,0,BAU,RAW_MAT_CEM,RAW_MAT_CEM,,,2024,,,,,,1.0,,,,,,,,,,,,,,,
0,0,BAU,RAW_MAT_CEM,RAW_MAT_CEM,,,2025,,,,,,1.0,,,,,,,,,,,,,,,
0,0,BAU,RAW_MAT_CEM,RAW_MAT_CEM,,,2026,,,,,,1.0,,,,,,,,,,,,,,,
0,0,BAU,RAW_MAT_CEM,RAW_MAT_CEM,,,2027,,,,,,1.0,,,,,,,,,,,,,,,
0,0,BAU,RAW_MAT_CEM,RAW_MAT_CEM,,,2028,,,,,,1.0,,,,,,,,,,,,,,,
0,0,BAU,RAW_MAT_CEM,RAW_MAT_CEM,,,2029,,,,,,1.0,,,,,,,,,,,,,,,
0,0,BAU,RAW_MAT_CEM,RAW_MAT_CEM,,,2030,,,,,,1.0,,,,,,,,,,,,,,,
0,0,BAU,RAW_MAT_CEM,RAW_MAT_CEM,,,2031,,,,,,1.0,,,,,,,,,,,,,,,
0,0,BAU,RAW_MAT_CEM,RAW_MAT_CEM,,,2032,,,,,,1.0,,,,,,,,,,,,,,,
0,0,BAU,RAW_MAT_CEM,RAW_MAT_CEM,,,2033,,,,,,1.0,,,,,,,,,,,,,,,
0,0,BAU,RAW_MAT_CEM,RAW_MAT_CEM,,,2034,,,,,,1.0,,,,,,,,,,,,,,,
0,0,BAU,RAW_MAT_CEM,RAW_MAT_CEM,,,2035,,,,,,1.0,,,,,,,,,,,,,,,
0,0,BAU,RAW_MAT_CEM,RAW_MAT_CEM,,,2036,,,,,,1.0,,,,,,,,,,,,,,,
0,0,BAU,RAW_MAT_CEM,RAW_MAT_CEM,,,2037,,,,,,1.0,,,,,,,,,,,,,,,
0,0,BAU,RAW_MAT_CEM,RAW_MAT_CEM,,,2038,,,,,,1.0,,,,,,,,,,,,,,,
0,0,BAU,RAW_MAT_CEM,RAW_MAT_CEM,,,2039,,,,,,1.0,,,,,,,,,,,,,,,
0,0,BAU,RAW_MAT_CEM,RAW_MAT_CEM,,,2040,,,,,,1.0,,,,,,,,,,,,,,,
0,0,BAU,RAW_MAT_CEM,RAW_MAT_CEM,,,2041,,,,,,1.0,,,,,,,,,,,,,,,
0,0,BAU,RAW_MAT_CEM,RAW_MAT_CEM,,,2042,,,,,,1.0,,,,,,,,,,,,,,,
0,0,BAU,RAW_MAT_CEM,RAW_MAT_CEM,,,2043,,,,,,1.0,,,,,,,,,,,,,,,
0,0,BAU,RAW_MAT_CEM,RAW_MAT_CEM,,,2044,,,,,,1.0,,,,,,,,,,,,,,,
0,0,BAU,RAW_MAT_CEM,RAW_MAT_CEM,,,2045,,,,,,1.0,,,,,,,,,,,,,,,
0,0,BAU,RAW_MAT_CEM,RAW_MAT_CEM,,,2046,,,,,,1.0,,,,,,,,,,,,,,,
0,0,BAU,RAW_MAT_CEM,RAW_MAT_CEM,,,2047,,,,,,1.0,,,,,,,,,,,,,,,
0,0,BAU,RAW_MAT_CEM,RAW_MAT_CEM,,,2048,,,,,,1.0,,,,,,,,,,,,,,,
0,0,BAU,RAW_MAT_CEM,RAW_MAT_CEM,,,2049,,,,,,1.0,,,,,,,,,,,,,,,
0,0,BAU,RAW_MAT_CEM,RAW_MAT_CEM,,,2050,,,,,,1.0,,,,,,,,,,,,,,,
0,0,BAU,CLK_PROD,IMP_STOR,,,2018,,,,,,1,,,,,,,,,,,,,,,
0,0,BAU,CLK_PROD,IMP_STOR,,,2019,,,,,,1.0,,,,,,,,,,,,,,,
0,0,BAU,CLK_PROD,IMP_STOR,,,2020,,,,,,1.0,,,,,,,,,,,,,,,
0,0,BAU,CLK_PROD,IMP_STOR,,,2021,,,,,,1.0,,,,,,,,,,,,,,,
0,0,BAU,CLK_PROD,IMP_STOR,,,2022,,,,,,1.0,,,,,,,,,,,,,,,
0,0,BAU,CLK_PROD,IMP_STOR,,,2023,,,,,,1.0,,,,,,,,,,,,,,,
0,0,BAU,CLK_PROD,IMP_STOR,,,2024,,,,,,1.0,,,,,,,,,,,,,,,
0,0,BAU,CLK_PROD,IMP_STOR,,,2025,,,,,,1.0,,,,,,,,,,,,,,,
0,0,BAU,CLK_PROD,IMP_STOR,,,2026,,,,,,1.0,,,,,,,,,,,,,,,
0,0,BAU,CLK_PROD,IMP_STOR,,,2027,,,,,,1.0,,,,,,,,,,,,,,,
0,0,BAU,CLK_PROD,IMP_STOR,,,2028,,,,,,1.0,,,,,,,,,,,,,,,
0,0,BAU,CLK_PROD,IMP_STOR,,,2029,,,,,,1.0,,,,,,,,,,,,,,,
0,0,BAU,CLK_PROD,IMP_STOR,,,2030,,,,,,1.0,,,,,,,,,,,,,,,
0,0,BAU,CLK_PROD,IMP_STOR,,,2031,,,,,,1.0,,,,,,,,,,,,,,,
0,0,BAU,CLK_PROD,IMP_STOR,,,2032,,,,,,1.0,,,,,,,,,,,,,,,
0,0,BAU,CLK_PROD,IMP_STOR,,,2033,,,,,,1.0,,,,,,,,,,,,,,,
0,0,BAU,CLK_PROD,IMP_STOR,,,2034,,,,,,1.0,,,,,,,,,,,,,,,
0,0,BAU,CLK_PROD,IMP_STOR,,,2035,,,,,,1.0,,,,,,,,,,,,,,,
0,0,BAU,CLK_PROD,IMP_STOR,,,2036,,,,,,1.0,,,,,,,,,,,,,,,
0,0,BAU,CLK_PROD,IMP_STOR,,,2037,,,,,,1.0,,,,,,,,,,,,,,,
0,0,BAU,CLK_PROD,IMP_STOR,,,2038,,,,,,1.0,,,,,,,,,,,,,,,
0,0,BAU,CLK_PROD,IMP_STOR,,,2039,,,,,,1.0,,,,,,,,,,,,,,,
0,0,BAU,CLK_PROD,IMP_STOR,,,2040,,,,,,1.0,,,,,,,,,,,,,,,
0,0,BAU,CLK_PROD,IMP_STOR,,,2041,,,,,,1.0,,,,,,,,,,,,,,,
0,0,BAU,CLK_PROD,IMP_STOR,,,2042,,,,,,1.0,,,,,,,,,,,,,,,
0,0,BAU,CLK_PROD,IMP_STOR,,,2043,,,,,,1.0,,,,,,,,,,,,,,,
0,0,BAU,CLK_PROD,IMP_STOR,,,2044,,,,,,1.0,,,,,,,,,,,,,,,
0,0,BAU,CLK_PROD,IMP_STOR,,,2045,,,,,,1.0,,,,,,,,,,,,,,,
0,0,BAU,CLK_PROD,IMP_STOR,,,2046,,,,,,1.0,,,,,,,,,,,,,,,
0,0,BAU,CLK_PROD,IMP_STOR,,,2047,,,,,,1.0,,,,,,,,,,,,,,,
0,0,BAU,CLK_PROD,IMP_STOR,,,2048,,,,,,1.0,,,,,,,,,,,,,,,
0,0,BAU,CLK_PROD,IMP_STOR,,,2049,,,,,,1.0,,,,,,,,,,,,,,,
0,0,BAU,CLK_PROD,IMP_STOR,,,2050,,,,,,1.0,,,,,,,,,,,,,,,
0,0,BAU,LIME_CAL_PROD,LIME_CAL_PROD,,,2018,,,,,,1,,,,,,,,,,,,,,,
0,0,BAU,LIME_CAL_PROD,LIME_CAL_PROD,,,2019,,,,,,1.0,,,,,,,,,,,,,,,
0,0,BAU,LIME_CAL_PROD,LIME_CAL_PROD,,,2020,,,,,,1.0,,,,,,,,,,,,,,,
0,0,BAU,LIME_CAL_PROD,LIME_CAL_PROD,,,2021,,,,,,1.0,,,,,,,,,,,,,,,
0,0,BAU,LIME_CAL_PROD,LIME_CAL_PROD,,,2022,,,,,,1.0,,,,,,,,,,,,,,,
0,0,BAU,LIME_CAL_PROD,LIME_CAL_PROD,,,2023,,,,,,1.0,,,,,,,,,,,,,,,
0,0,BAU,LIME_CAL_PROD,LIME_CAL_PROD,,,2024,,,,,,1.0,,,,,,,,,,,,,,,
0,0,BAU,LIME_CAL_PROD,LIME_CAL_PROD,,,2025,,,,,,1.0,,,,,,,,,,,,,,,
0,0,BAU,LIME_CAL_PROD,LIME_CAL_PROD,,,2026,,,,,,1.0,,,,,,,,,,,,,,,
0,0,BAU,LIME_CAL_PROD,LIME_CAL_PROD,,,2027,,,,,,1.0,,,,,,,,,,,,,,,
0,0,BAU,LIME_CAL_PROD,LIME_CAL_PROD,,,2028,,,,,,1.0,,,,,,,,,,,,,,,
0,0,BAU,LIME_CAL_PROD,LIME_CAL_PROD,,,2029,,,,,,1.0,,,,,,,,,,,,,,,
0,0,BAU,LIME_CAL_PROD,LIME_CAL_PROD,,,2030,,,,,,1.0,,,,,,,,,,,,,,,
0,0,BAU,LIME_CAL_PROD,LIME_CAL_PROD,,,2031,,,,,,1.0,,,,,,,,,,,,,,,
0,0,BAU,LIME_CAL_PROD,LIME_CAL_PROD,,,2032,,,,,,1.0,,,,,,,,,,,,,,,
0,0,BAU,LIME_CAL_PROD,LIME_CAL_PROD,,,2033,,,,,,1.0,,,,,,,,,,,,,,,
0,0,BAU,LIME_CAL_PROD,LIME_CAL_PROD,,,2034,,,,,,1.0,,,,,,,,,,,,,,,
0,0,BAU,LIME_CAL_PROD,LIME_CAL_PROD,,,2035,,,,,,1.0,,,,,,,,,,,,,,,
0,0,BAU,LIME_CAL_PROD,LIME_CAL_PROD,,,2036,,,,,,1.0,,,,,,,,,,,,,,,
0,0,BAU,LIME_CAL_PROD,LIME_CAL_PROD,,,2037,,,,,,1.0,,,,,,,,,,,,,,,
0,0,BAU,LIME_CAL_PROD,LIME_CAL_PROD,,,2038,,,,,,1.0,,,,,,,,,,,,,,,
0,0,BAU,LIME_CAL_PROD,LIME_CAL_PROD,,,2039,,,,,,1.0,,,,,,,,,,,,,,,
0,0,BAU,LIME_CAL_PROD,LIME_CAL_PROD,,,2040,,,,,,1.0,,,,,,,,,,,,,,,
0,0,BAU,LIME_CAL_PROD,LIME_CAL_PROD,,,2041,,,,,,1.0,,,,,,,,,,,,,,,
0,0,BAU,LIME_CAL_PROD,LIME_CAL_PROD,,,2042,,,,,,1.0,,,,,,,,,,,,,,,
0,0,BAU,LIME_CAL_PROD,LIME_CAL_PROD,,,2043,,,,,,1.0,,,,,,,,,,,,,,,
0,0,BAU,LIME_CAL_PROD,LIME_CAL_PROD,,,2044,,,,,,1.0,,,,,,,,,,,,,,,
0,0,BAU,LIME_CAL_PROD,LIME_CAL_PROD,,,2045,,,,,,1.0,,,,,,,,,,,,,,,
0,0,BAU,LIME_CAL_PROD,LIME_CAL_PROD,,,2046,,,,,,1.0,,,,,,,,,,,,,,,
0,0,BAU,LIME_CAL_PROD,LIME_CAL_PROD,,,2047,,,,,,1.0,,,,,,,,,,,,,,,
0,0,BAU,LIME_CAL_PROD,LIME_CAL_PROD,,,2048,,,,,,1.0,,,,,,,,,,,,,,,
0,0,BAU,LIME_CAL_PROD,LIME_CAL_PROD,,,2049,,,,,,1.0,,,,,,,,,,,,,,,
0,0,BAU,LIME_CAL_PROD,LIME_CAL_PROD,,,2050,,,,,,1.0,,,,,,,,,,,,,,,
0,0,BAU,LIME_DOL_PROD,LIME_DOL_PROD,,,2018,,,,,,1,,,,,,,,,,,,,,,
0,0,BAU,LIME_DOL_PROD,LIME_DOL_PROD,,,2019,,,,,,1.0,,,,,,,,,,,,,,,
0,0,BAU,LIME_DOL_PROD,LIME_DOL_PROD,,,2020,,,,,,1.0,,,,,,,,,,,,,,,
0,0,BAU,LIME_DOL_PROD,LIME_DOL_PROD,,,2021,,,,,,1.0,,,,,,,,,,,,,,,
0,0,BAU,LIME_DOL_PROD,LIME_DOL_PROD,,,2022,,,,,,1.0,,,,,,,,,,,,,,,
0,0,BAU,LIME_DOL_PROD,LIME_DOL_PROD,,,2023,,,,,,1.0,,,,,,,,,,,,,,,
0,0,BAU,LIME_DOL_PROD,LIME_DOL_PROD,,,2024,,,,,,1.0,,,,,,,,,,,,,,,
0,0,BAU,LIME_DOL_PROD,LIME_DOL_PROD,,,2025,,,,,,1.0,,,,,,,,,,,,,,,
0,0,BAU,LIME_DOL_PROD,LIME_DOL_PROD,,,2026,,,,,,1.0,,,,,,,,,,,,,,,
0,0,BAU,LIME_DOL_PROD,LIME_DOL_PROD,,,2027,,,,,,1.0,,,,,,,,,,,,,,,
0,0,BAU,LIME_DOL_PROD,LIME_DOL_PROD,,,2028,,,,,,1.0,,,,,,,,,,,,,,,
0,0,BAU,LIME_DOL_PROD,LIME_DOL_PROD,,,2029,,,,,,1.0,,,,,,,,,,,,,,,
0,0,BAU,LIME_DOL_PROD,LIME_DOL_PROD,,,2030,,,,,,1.0,,,,,,,,,,,,,,,
0,0,BAU,LIME_DOL_PROD,LIME_DOL_PROD,,,2031,,,,,,1.0,,,,,,,,,,,,,,,
0,0,BAU,LIME_DOL_PROD,LIME_DOL_PROD,,,2032,,,,,,1.0,,,,,,,,,,,,,,,
0,0,BAU,LIME_DOL_PROD,LIME_DOL_PROD,,,2033,,,,,,1.0,,,,,,,,,,,,,,,
0,0,BAU,LIME_DOL_PROD,LIME_DOL_PROD,,,2034,,,,,,1.0,,,,,,,,,,,,,,,
0,0,BAU,LIME_DOL_PROD,LIME_DOL_PROD,,,2035,,,,,,1.0,,,,,,,,,,,,,,,
0,0,BAU,LIME_DOL_PROD,LIME_DOL_PROD,,,2036,,,,,,1.0,,,,,,,,,,,,,,,
0,0,BAU,LIME_DOL_PROD,LIME_DOL_PROD,,,2037,,,,,,1.0,,,,,,,,,,,,,,,
0,0,BAU,LIME_DOL_PROD,LIME_DOL_PROD,,,2038,,,,,,1.0,,,,,,,,,,,,,,,
0,0,BAU,LIME_DOL_PROD,LIME_DOL_PROD,,,2039,,,,,,1.0,,,,,,,,,,,,,,,
0,0,BAU,LIME_DOL_PROD,LIME_DOL_PROD,,,2040,,,,,,1.0,,,,,,,,,,,,,,,
0,0,BAU,LIME_DOL_PROD,LIME_DOL_PROD,,,2041,,,,,,1.0,,,,,,,,,,,,,,,
0,0,BAU,LIME_DOL_PROD,LIME_DOL_PROD,,,2042,,,,,,1.0,,,,,,,,,,,,,,,
0,0,BAU,LIME_DOL_PROD,LIME_DOL_PROD,,,2043,,,,,,1.0,,,,,,,,,,,,,,,
0,0,BAU,LIME_DOL_PROD,LIME_DOL_PROD,,,2044,,,,,,1.0,,,,,,,,,,,,,,,
0,0,BAU,LIME_DOL_PROD,LIME_DOL_PROD,,,2045,,,,,,1.0,,,,,,,,,,,,,,,
0,0,BAU,LIME_DOL_PROD,LIME_DOL_PROD,,,2046,,,,,,1.0,,,,,,,,,,,,,,,
0,0,BAU,LIME_DOL_PROD,LIME_DOL_PROD,,,2047,,,,,,1.0,,,,,,,,,,,,,,,
0,0,BAU,LIME_DOL_PROD,LIME_DOL_PROD,,,2048,,,,,,1.0,,,,,,,,,,,,,,,
0,0,BAU,LIME_DOL_PROD,LIME_DOL_PROD,,,2049,,,,,,1.0,,,,,,,,,,,,,,,
0,0,BAU,LIME_DOL_PROD,LIME_DOL_PROD,,,2050,,,,,,1.0,,,,,,,,,,,,,,,
0,0,BAU,GLASS_PROD,GLASS_PROD,,,2018,,,,,,1,,,,,,,,,,,,,,,
0,0,BAU,GLASS_PROD,GLASS_PROD,,,2019,,,,,,1.0,,,,,,,,,,,,,,,
0,0,BAU,GLASS_PROD,GLASS_PROD,,,2020,,,,,,1.0,,,,,,,,,,,,,,,
0,0,BAU,GLASS_PROD,GLASS_PROD,,,2021,,,,,,1.0,,,,,,,,,,,,,,,
0,0,BAU,GLASS_PROD,GLASS_PROD,,,2022,,,,,,1.0,,,,,,,,,,,,,,,
0,0,BAU,GLASS_PROD,GLASS_PROD,,,2023,,,,,,1.0,,,,,,,,,,,,,,,
0,0,BAU,GLASS_PROD,GLASS_PROD,,,2024,,,,,,1.0,,,,,,,,,,,,,,,
0,0,BAU,GLASS_PROD,GLASS_PROD,,,2025,,,,,,1.0,,,,,,,,,,,,,,,
0,0,BAU,GLASS_PROD,GLASS_PROD,,,2026,,,,,,1.0,,,,,,,,,,,,,,,
0,0,BAU,GLASS_PROD,GLASS_PROD,,,2027,,,,,,1.0,,,,,,,,,,,,,,,
0,0,BAU,GLASS_PROD,GLASS_PROD,,,2028,,,,,,1.0,,,,,,,,,,,,,,,
0,0,BAU,GLASS_PROD,GLASS_PROD,,,2029,,,,,,1.0,,,,,,,,,,,,,,,
0,0,BAU,GLASS_PROD,GLASS_PROD,,,2030,,,,,,1.0,,,,,,,,,,,,,,,
0,0,BAU,GLASS_PROD,GLASS_PROD,,,2031,,,,,,1.0,,,,,,,,,,,,,,,
0,0,BAU,GLASS_PROD,GLASS_PROD,,,2032,,,,,,1.0,,,,,,,,,,,,,,,
0,0,BAU,GLASS_PROD,GLASS_PROD,,,2033,,,,,,1.0,,,,,,,,,,,,,,,
0,0,BAU,GLASS_PROD,GLASS_PROD,,,2034,,,,,,1.0,,,,,,,,,,,,,,,
0,0,BAU,GLASS_PROD,GLASS_PROD,,,2035,,,,,,1.0,,,,,,,,,,,,,,,
0,0,BAU,GLASS_PROD,GLASS_PROD,,,2036,,,,,,1.0,,,,,,,,,,,,,,,
0,0,BAU,GLASS_PROD,GLASS_PROD,,,2037,,,,,,1.0,,,,,,,,,,,,,,,
0,0,BAU,GLASS_PROD,GLASS_PROD,,,2038,,,,,,1.0,,,,,,,,,,,,,,,
0,0,BAU,GLASS_PROD,GLASS_PROD,,,2039,,,,,,1.0,,,,,,,,,,,,,,,
0,0,BAU,GLASS_PROD,GLASS_PROD,,,2040,,,,,,1.0,,,,,,,,,,,,,,,
0,0,BAU,GLASS_PROD,GLASS_PROD,,,2041,,,,,,1.0,,,,,,,,,,,,,,,
0,0,BAU,GLASS_PROD,GLASS_PROD,,,2042,,,,,,1.0,,,,,,,,,,,,,,,
0,0,BAU,GLASS_PROD,GLASS_PROD,,,2043,,,,,,1.0,,,,,,,,,,,,,,,
0,0,BAU,GLASS_PROD,GLASS_PROD,,,2044,,,,,,1.0,,,,,,,,,,,,,,,
0,0,BAU,GLASS_PROD,GLASS_PROD,,,2045,,,,,,1.0,,,,,,,,,,,,,,,
0,0,BAU,GLASS_PROD,GLASS_PROD,,,2046,,,,,,1.0,,,,,,,,,,,,,,,
0,0,BAU,GLASS_PROD,GLASS_PROD,,,2047,,,,,,1.0,,,,,,,,,,,,,,,
0,0,BAU,GLASS_PROD,GLASS_PROD,,,2048,,,,,,1.0,,,,,,,,,,,,,,,
0,0,BAU,GLASS_PROD,GLASS_PROD,,,2049,,,,,,1.0,,,,,,,,,,,,,,,
0,0,BAU,GLASS_PROD,GLASS_PROD,,,2050,,,,,,1.0,,,,,,,,,,,,,,,
0,0,BAU,CARBONATE_CERAMICS,CARBONATE_CERAMICS,,,2018,,,,,,1,,,,,,,,,,,,,,,
0,0,BAU,CARBONATE_CERAMICS,CARBONATE_CERAMICS,,,2019,,,,,,1.0,,,,,,,,,,,,,,,
0,0,BAU,CARBONATE_CERAMICS,CARBONATE_CERAMICS,,,2020,,,,,,1.0,,,,,,,,,,,,,,,
0,0,BAU,CARBONATE_CERAMICS,CARBONATE_CERAMICS,,,2021,,,,,,1.0,,,,,,,,,,,,,,,
0,0,BAU,CARBONATE_CERAMICS,CARBONATE_CERAMICS,,,2022,,,,,,1.0,,,,,,,,,,,,,,,
0,0,BAU,CARBONATE_CERAMICS,CARBONATE_CERAMICS,,,2023,,,,,,1.0,,,,,,,,,,,,,,,
0,0,BAU,CARBONATE_CERAMICS,CARBONATE_CERAMICS,,,2024,,,,,,1.0,,,,,,,,,,,,,,,
0,0,BAU,CARBONATE_CERAMICS,CARBONATE_CERAMICS,,,2025,,,,,,1.0,,,,,,,,,,,,,,,
0,0,BAU,CARBONATE_CERAMICS,CARBONATE_CERAMICS,,,2026,,,,,,1.0,,,,,,,,,,,,,,,
0,0,BAU,CARBONATE_CERAMICS,CARBONATE_CERAMICS,,,2027,,,,,,1.0,,,,,,,,,,,,,,,
0,0,BAU,CARBONATE_CERAMICS,CARBONATE_CERAMICS,,,2028,,,,,,1.0,,,,,,,,,,,,,,,
0,0,BAU,CARBONATE_CERAMICS,CARBONATE_CERAMICS,,,2029,,,,,,1.0,,,,,,,,,,,,,,,
0,0,BAU,CARBONATE_CERAMICS,CARBONATE_CERAMICS,,,2030,,,,,,1.0,,,,,,,,,,,,,,,
0,0,BAU,CARBONATE_CERAMICS,CARBONATE_CERAMICS,,,2031,,,,,,1.0,,,,,,,,,,,,,,,
0,0,BAU,CARBONATE_CERAMICS,CARBONATE_CERAMICS,,,2032,,,,,,1.0,,,,,,,,,,,,,,,
0,0,BAU,CARBONATE_CERAMICS,CARBONATE_CERAMICS,,,2033,,,,,,1.0,,,,,,,,,,,,,,,
0,0,BAU,CARBONATE_CERAMICS,CARBONATE_CERAMICS,,,2034,,,,,,1.0,,,,,,,,,,,,,,,
0,0,BAU,CARBONATE_CERAMICS,CARBONATE_CERAMICS,,,2035,,,,,,1.0,,,,,,,,,,,,,,,
0,0,BAU,CARBONATE_CERAMICS,CARBONATE_CERAMICS,,,2036,,,,,,1.0,,,,,,,,,,,,,,,
0,0,BAU,CARBONATE_CERAMICS,CARBONATE_CERAMICS,,,2037,,,,,,1.0,,,,,,,,,,,,,,,
0,0,BAU,CARBONATE_CERAMICS,CARBONATE_CERAMICS,,,2038,,,,,,1.0,,,,,,,,,,,,,,,
0,0,BAU,CARBONATE_CERAMICS,CARBONATE_CERAMICS,,,2039,,,,,,1.0,,,,,,,,,,,,,,,
0,0,BAU,CARBONATE_CERAMICS,CARBONATE_CERAMICS,,,2040,,,,,,1.0,,,,,,,,,,,,,,,
0,0,BAU,CARBONATE_CERAMICS,CARBONATE_CERAMICS,,,2041,,,,,,1.0,,,,,,,,,,,,,,,
0,0,BAU,CARBONATE_CERAMICS,CARBONATE_CERAMICS,,,2042,,,,,,1.0,,,,,,,,,,,,,,,
0,0,BAU,CARBONATE_CERAMICS,CARBONATE_CERAMICS,,,2043,,,,,,1.0,,,,,,,,,,,,,,,
0,0,BAU,CARBONATE_CERAMICS,CARBONATE_CERAMICS,,,2044,,,,,,1.0,,,,,,,,,,,,,,,
0,0,BAU,CARBONATE_CERAMICS,CARBONATE_CERAMICS,,,2045,,,,,,1.0,,,,,,,,,,,,,,,
0,0,BAU,CARBONATE_CERAMICS,CARBONATE_CERAMICS,,,2046,,,,,,1.0,,,,,,,,,,,,,,,
0,0,BAU,CARBONATE_CERAMICS,CARBONATE_CERAMICS,,,2047,,,,,,1.0,,,,,,,,,,,,,,,
0,0,BAU,CARBONATE_CERAMICS,CARBONATE_CERAMICS,,,2048,,,,,,1.0,,,,,,,,,,,,,,,
0,0,BAU,CARBONATE_CERAMICS,CARBONATE_CERAMICS,,,2049,,,,,,1.0,,,,,,,,,,,,,,,
0,0,BAU,CARBONATE_CERAMICS,CARBONATE_CERAMICS,,,2050,,,,,,1.0,,,,,,,,,,,,,,,
0,0,BAU,CARBONATE_ASH,CARBONATE_ASH,,,2018,,,,,,1,,,,,,,,,,,,,,,
0,0,BAU,CARBONATE_ASH,CARBONATE_ASH,,,2019,,,,,,1.0,,,,,,,,,,,,,,,
0,0,BAU,CARBONATE_ASH,CARBONATE_ASH,,,2020,,,,,,1.0,,,,,,,,,,,,,,,
0,0,BAU,CARBONATE_ASH,CARBONATE_ASH,,,2021,,,,,,1.0,,,,,,,,,,,,,,,
0,0,BAU,CARBONATE_ASH,CARBONATE_ASH,,,2022,,,,,,1.0,,,,,,,,,,,,,,,
0,0,BAU,CARBONATE_ASH,CARBONATE_ASH,,,2023,,,,,,1.0,,,,,,,,,,,,,,,
0,0,BAU,CARBONATE_ASH,CARBONATE_ASH,,,2024,,,,,,1.0,,,,,,,,,,,,,,,
0,0,BAU,CARBONATE_ASH,CARBONATE_ASH,,,2025,,,,,,1.0,,,,,,,,,,,,,,,
0,0,BAU,CARBONATE_ASH,CARBONATE_ASH,,,2026,,,,,,1.0,,,,,,,,,,,,,,,
0,0,BAU,CARBONATE_ASH,CARBONATE_ASH,,,2027,,,,,,1.0,,,,,,,,,,,,,,,
0,0,BAU,CARBONATE_ASH,CARBONATE_ASH,,,2028,,,,,,1.0,,,,,,,,,,,,,,,
0,0,BAU,CARBONATE_ASH,CARBONATE_ASH,,,2029,,,,,,1.0,,,,,,,,,,,,,,,
0,0,BAU,CARBONATE_ASH,CARBONATE_ASH,,,2030,,,,,,1.0,,,,,,,,,,,,,,,
0,0,BAU,CARBONATE_ASH,CARBONATE_ASH,,,2031,,,,,,1.0,,,,,,,,,,,,,,,
0,0,BAU,CARBONATE_ASH,CARBONATE_ASH,,,2032,,,,,,1.0,,,,,,,,,,,,,,,
0,0,BAU,CARBONATE_ASH,CARBONATE_ASH,,,2033,,,,,,1.0,,,,,,,,,,,,,,,
0,0,BAU,CARBONATE_ASH,CARBONATE_ASH,,,2034,,,,,,1.0,,,,,,,,,,,,,,,
0,0,BAU,CARBONATE_ASH,CARBONATE_ASH,,,2035,,,,,,1.0,,,,,,,,,,,,,,,
0,0,BAU,CARBONATE_ASH,CARBONATE_ASH,,,2036,,,,,,1.0,,,,,,,,,,,,,,,
0,0,BAU,CARBONATE_ASH,CARBONATE_ASH,,,2037,,,,,,1.0,,,,,,,,,,,,,,,
0,0,BAU,CARBONATE_ASH,CARBONATE_ASH,,,2038,,,,,,1.0,,,,,,,,,,,,,,,
0,0,BAU,CARBONATE_ASH,CARBONATE_ASH,,,2039,,,,,,1.0,,,,,,,,,,,,,,,
0,0,BAU,CARBONATE_ASH,CARBONATE_ASH,,,2040,,,,,,1.0,,,,,,,,,,,,,,,
0,0,BAU,CARBONATE_ASH,CARBONATE_ASH,,,2041,,,,,,1.0,,,,,,,,,,,,,,,
0,0,BAU,CARBONATE_ASH,CARBONATE_ASH,,,2042,,,,,,1.0,,,,,,,,,,,,,,,
0,0,BAU,CARBONATE_ASH,CARBONATE_ASH,,,2043,,,,,,1.0,,,,,,,,,,,,,,,
0,0,BAU,CARBONATE_ASH,CARBONATE_ASH,,,2044,,,,,,1.0,,,,,,,,,,,,,,,
0,0,BAU,CARBONATE_ASH,CARBONATE_ASH,,,2045,,,,,,1.0,,,,,,,,,,,,,,,
0,0,BAU,CARBONATE_ASH,CARBONATE_ASH,,,2046,,,,,,1.0,,,,,,,,,,,,,,,
0,0,BAU,CARBONATE_ASH,CARBONATE_ASH,,,2047,,,,,,1.0,,,,,,,,,,,,,,,
0,0,BAU,CARBONATE_ASH,CARBONATE_ASH,,,2048,,,,,,1.0,,,,,,,,,,,,,,,
0,0,BAU,CARBONATE_ASH,CARBONATE_ASH,,,2049,,,,,,1.0,,,,,,,,,,,,,,,
0,0,BAU,CARBONATE_ASH,CARBONATE_ASH,,,2050,,,,,,1.0,,,,,,,,,,,,,,,
0,0,BAU,IRON_STEEL,IRON_STEEL,,,2018,,,,,,1,,,,,,,,,,,,,,,
0,0,BAU,IRON_STEEL,IRON_STEEL,,,2019,,,,,,1.0,,,,,,,,,,,,,,,
0,0,BAU,IRON_STEEL,IRON_STEEL,,,2020,,,,,,1.0,,,,,,,,,,,,,,,
0,0,BAU,IRON_STEEL,IRON_STEEL,,,2021,,,,,,1.0,,,,,,,,,,,,,,,
0,0,BAU,IRON_STEEL,IRON_STEEL,,,2022,,,,,,1.0,,,,,,,,,,,,,,,
0,0,BAU,IRON_STEEL,IRON_STEEL,,,2023,,,,,,1.0,,,,,,,,,,,,,,,
0,0,BAU,IRON_STEEL,IRON_STEEL,,,2024,,,,,,1.0,,,,,,,,,,,,,,,
0,0,BAU,IRON_STEEL,IRON_STEEL,,,2025,,,,,,1.0,,,,,,,,,,,,,,,
0,0,BAU,IRON_STEEL,IRON_STEEL,,,2026,,,,,,1.0,,,,,,,,,,,,,,,
0,0,BAU,IRON_STEEL,IRON_STEEL,,,2027,,,,,,1.0,,,,,,,,,,,,,,,
0,0,BAU,IRON_STEEL,IRON_STEEL,,,2028,,,,,,1.0,,,,,,,,,,,,,,,
0,0,BAU,IRON_STEEL,IRON_STEEL,,,2029,,,,,,1.0,,,,,,,,,,,,,,,
0,0,BAU,IRON_STEEL,IRON_STEEL,,,2030,,,,,,1.0,,,,,,,,,,,,,,,
0,0,BAU,IRON_STEEL,IRON_STEEL,,,2031,,,,,,1.0,,,,,,,,,,,,,,,
0,0,BAU,IRON_STEEL,IRON_STEEL,,,2032,,,,,,1.0,,,,,,,,,,,,,,,
0,0,BAU,IRON_STEEL,IRON_STEEL,,,2033,,,,,,1.0,,,,,,,,,,,,,,,
0,0,BAU,IRON_STEEL,IRON_STEEL,,,2034,,,,,,1.0,,,,,,,,,,,,,,,
0,0,BAU,IRON_STEEL,IRON_STEEL,,,2035,,,,,,1.0,,,,,,,,,,,,,,,
0,0,BAU,IRON_STEEL,IRON_STEEL,,,2036,,,,,,1.0,,,,,,,,,,,,,,,
0,0,BAU,IRON_STEEL,IRON_STEEL,,,2037,,,,,,1.0,,,,,,,,,,,,,,,
0,0,BAU,IRON_STEEL,IRON_STEEL,,,2038,,,,,,1.0,,,,,,,,,,,,,,,
0,0,BAU,IRON_STEEL,IRON_STEEL,,,2039,,,,,,1.0,,,,,,,,,,,,,,,
0,0,BAU,IRON_STEEL,IRON_STEEL,,,2040,,,,,,1.0,,,,,,,,,,,,,,,
0,0,BAU,IRON_STEEL,IRON_STEEL,,,2041,,,,,,1.0,,,,,,,,,,,,,,,
0,0,BAU,IRON_STEEL,IRON_STEEL,,,2042,,,,,,1.0,,,,,,,,,,,,,,,
0,0,BAU,IRON_STEEL,IRON_STEEL,,,2043,,,,,,1.0,,,,,,,,,,,,,,,
0,0,BAU,IRON_STEEL,IRON_STEEL,,,2044,,,,,,1.0,,,,,,,,,,,,,,,
0,0,BAU,IRON_STEEL,IRON_STEEL,,,2045,,,,,,1.0,,,,,,,,,,,,,,,
0,0,BAU,IRON_STEEL,IRON_STEEL,,,2046,,,,,,1.0,,,,,,,,,,,,,,,
0,0,BAU,IRON_STEEL,IRON_STEEL,,,2047,,,,,,1.0,,,,,,,,,,,,,,,
0,0,BAU,IRON_STEEL,IRON_STEEL,,,2048,,,,,,1.0,,,,,,,,,,,,,,,
0,0,BAU,IRON_STEEL,IRON_STEEL,,,2049,,,,,,1.0,,,,,,,,,,,,,,,
0,0,BAU,IRON_STEEL,IRON_STEEL,,,2050,,,,,,1.0,,,,,,,,,,,,,,,
0,0,BAU,PROD_FERRO,PROD_FERRO,,,2018,,,,,,1,,,,,,,,,,,,,,,
0,0,BAU,PROD_FERRO,PROD_FERRO,,,2019,,,,,,1.0,,,,,,,,,,,,,,,
0,0,BAU,PROD_FERRO,PROD_FERRO,,,2020,,,,,,1.0,,,,,,,,,,,,,,,
0,0,BAU,PROD_FERRO,PROD_FERRO,,,2021,,,,,,1.0,,,,,,,,,,,,,,,
0,0,BAU,PROD_FERRO,PROD_FERRO,,,2022,,,,,,1.0,,,,,,,,,,,,,,,
0,0,BAU,PROD_FERRO,PROD_FERRO,,,2023,,,,,,1.0,,,,,,,,,,,,,,,
0,0,BAU,PROD_FERRO,PROD_FERRO,,,2024,,,,,,1.0,,,,,,,,,,,,,,,
0,0,BAU,PROD_FERRO,PROD_FERRO,,,2025,,,,,,1.0,,,,,,,,,,,,,,,
0,0,BAU,PROD_FERRO,PROD_FERRO,,,2026,,,,,,1.0,,,,,,,,,,,,,,,
0,0,BAU,PROD_FERRO,PROD_FERRO,,,2027,,,,,,1.0,,,,,,,,,,,,,,,
0,0,BAU,PROD_FERRO,PROD_FERRO,,,2028,,,,,,1.0,,,,,,,,,,,,,,,
0,0,BAU,PROD_FERRO,PROD_FERRO,,,2029,,,,,,1.0,,,,,,,,,,,,,,,
0,0,BAU,PROD_FERRO,PROD_FERRO,,,2030,,,,,,1.0,,,,,,,,,,,,,,,
0,0,BAU,PROD_FERRO,PROD_FERRO,,,2031,,,,,,1.0,,,,,,,,,,,,,,,
0,0,BAU,PROD_FERRO,PROD_FERRO,,,2032,,,,,,1.0,,,,,,,,,,,,,,,
0,0,BAU,PROD_FERRO,PROD_FERRO,,,2033,,,,,,1.0,,,,,,,,,,,,,,,
0,0,BAU,PROD_FERRO,PROD_FERRO,,,2034,,,,,,1.0,,,,,,,,,,,,,,,
0,0,BAU,PROD_FERRO,PROD_FERRO,,,2035,,,,,,1.0,,,,,,,,,,,,,,,
0,0,BAU,PROD_FERRO,PROD_FERRO,,,2036,,,,,,1.0,,,,,,,,,,,,,,,
0,0,BAU,PROD_FERRO,PROD_FERRO,,,2037,,,,,,1.0,,,,,,,,,,,,,,,
0,0,BAU,PROD_FERRO,PROD_FERRO,,,2038,,,,,,1.0,,,,,,,,,,,,,,,
0,0,BAU,PROD_FERRO,PROD_FERRO,,,2039,,,,,,1.0,,,,,,,,,,,,,,,
0,0,BAU,PROD_FERRO,PROD_FERRO,,,2040,,,,,,1.0,,,,,,,,,,,,,,,
0,0,BAU,PROD_FERRO,PROD_FERRO,,,2041,,,,,,1.0,,,,,,,,,,,,,,,
0,0,BAU,PROD_FERRO,PROD_FERRO,,,2042,,,,,,1.0,,,,,,,,,,,,,,,
0,0,BAU,PROD_FERRO,PROD_FERRO,,,2043,,,,,,1.0,,,,,,,,,,,,,,,
0,0,BAU,PROD_FERRO,PROD_FERRO,,,2044,,,,,,1.0,,,,,,,,,,,,,,,
0,0,BAU,PROD_FERRO,PROD_FERRO,,,2045,,,,,,1.0,,,,,,,,,,,,,,,
0,0,BAU,PROD_FERRO,PROD_FERRO,,,2046,,,,,,1.0,,,,,,,,,,,,,,,
0,0,BAU,PROD_FERRO,PROD_FERRO,,,2047,,,,,,1.0,,,,,,,,,,,,,,,
0,0,BAU,PROD_FERRO,PROD_FERRO,,,2048,,,,,,1.0,,,,,,,,,,,,,,,
0,0,BAU,PROD_FERRO,PROD_FERRO,,,2049,,,,,,1.0,,,,,,,,,,,,,,,
0,0,BAU,PROD_FERRO,PROD_FERRO,,,2050,,,,,,1.0,,,,,,,,,,,,,,,
0,0,BAU,LUBRI_OILS,LUBRI_OILS,,,2018,,,,,,1,,,,,,,,,,,,,,,
0,0,BAU,LUBRI_OILS,LUBRI_OILS,,,2019,,,,,,1.0,,,,,,,,,,,,,,,
0,0,BAU,LUBRI_OILS,LUBRI_OILS,,,2020,,,,,,1.0,,,,,,,,,,,,,,,
0,0,BAU,LUBRI_OILS,LUBRI_OILS,,,2021,,,,,,1.0,,,,,,,,,,,,,,,
0,0,BAU,LUBRI_OILS,LUBRI_OILS,,,2022,,,,,,1.0,,,,,,,,,,,,,,,
0,0,BAU,LUBRI_OILS,LUBRI_OILS,,,2023,,,,,,1.0,,,,,,,,,,,,,,,
0,0,BAU,LUBRI_OILS,LUBRI_OILS,,,2024,,,,,,1.0,,,,,,,,,,,,,,,
0,0,BAU,LUBRI_OILS,LUBRI_OILS,,,2025,,,,,,1.0,,,,,,,,,,,,,,,
0,0,BAU,LUBRI_OILS,LUBRI_OILS,,,2026,,,,,,1.0,,,,,,,,,,,,,,,
0,0,BAU,LUBRI_OILS,LUBRI_OILS,,,2027,,,,,,1.0,,,,,,,,,,,,,,,
0,0,BAU,LUBRI_OILS,LUBRI_OILS,,,2028,,,,,,1.0,,,,,,,,,,,,,,,
0,0,BAU,LUBRI_OILS,LUBRI_OILS,,,2029,,,,,,1.0,,,,,,,,,,,,,,,
0,0,BAU,LUBRI_OILS,LUBRI_OILS,,,2030,,,,,,1.0,,,,,,,,,,,,,,,
0,0,BAU,LUBRI_OILS,LUBRI_OILS,,,2031,,,,,,1.0,,,,,,,,,,,,,,,
0,0,BAU,LUBRI_OILS,LUBRI_OILS,,,2032,,,,,,1.0,,,,,,,,,,,,,,,
0,0,BAU,LUBRI_OILS,LUBRI_OILS,,,2033,,,,,,1.0,,,,,,,,,,,,,,,
0,0,BAU,LUBRI_OILS,LUBRI_OILS,,,2034,,,,,,1.0,,,,,,,,,,,,,,,
0,0,BAU,LUBRI_OILS,LUBRI_OILS,,,2035,,,,,,1.0,,,,,,,,,,,,,,,
0,0,BAU,LUBRI_OILS,LUBRI_OILS,,,2036,,,,,,1.0,,,,,,,,,,,,,,,
0,0,BAU,LUBRI_OILS,LUBRI_OILS,,,2037,,,,,,1.0,,,,,,,,,,,,,,,
0,0,BAU,LUBRI_OILS,LUBRI_OILS,,,2038,,,,,,1.0,,,,,,,,,,,,,,,
0,0,BAU,LUBRI_OILS,LUBRI_OILS,,,2039,,,,,,1.0,,,,,,,,,,,,,,,
0,0,BAU,LUBRI_OILS,LUBRI_OILS,,,2040,,,,,,1.0,,,,,,,,,,,,,,,
0,0,BAU,LUBRI_OILS,LUBRI_OILS,,,2041,,,,,,1.0,,,,,,,,,,,,,,,
0,0,BAU,LUBRI_OILS,LUBRI_OILS,,,2042,,,,,,1.0,,,,,,,,,,,,,,,
0,0,BAU,LUBRI_OILS,LUBRI_OILS,,,2043,,,,,,1.0,,,,,,,,,,,,,,,
0,0,BAU,LUBRI_OILS,LUBRI_OILS,,,2044,,,,,,1.0,,,,,,,,,,,,,,,
0,0,BAU,LUBRI_OILS,LUBRI_OILS,,,2045,,,,,,1.0,,,,,,,,,,,,,,,
0,0,BAU,LUBRI_OILS,LUBRI_OILS,,,2046,,,,,,1.0,,,,,,,,,,,,,,,
0,0,BAU,LUBRI_OILS,LUBRI_OILS,,,2047,,,,,,1.0,,,,,,,,,,,,,,,
0,0,BAU,LUBRI_OILS,LUBRI_OILS,,,2048,,,,,,1.0,,,,,,,,,,,,,,,
0,0,BAU,LUBRI_OILS,LUBRI_OILS,,,2049,,,,,,1.0,,,,,,,,,,,,,,,
0,0,BAU,LUBRI_OILS,LUBRI_OILS,,,2050,,,,,,1.0,,,,,,,,,,,,,,,
0,0,BAU,PARAFFIN,PARAFFIN,,,2018,,,,,,1,,,,,,,,,,,,,,,
0,0,BAU,PARAFFIN,PARAFFIN,,,2019,,,,,,1.0,,,,,,,,,,,,,,,
0,0,BAU,PARAFFIN,PARAFFIN,,,2020,,,,,,1.0,,,,,,,,,,,,,,,
0,0,BAU,PARAFFIN,PARAFFIN,,,2021,,,,,,1.0,,,,,,,,,,,,,,,
0,0,BAU,PARAFFIN,PARAFFIN,,,2022,,,,,,1.0,,,,,,,,,,,,,,,
0,0,BAU,PARAFFIN,PARAFFIN,,,2023,,,,,,1.0,,,,,,,,,,,,,,,
0,0,BAU,PARAFFIN,PARAFFIN,,,2024,,,,,,1.0,,,,,,,,,,,,,,,
0,0,BAU,PARAFFIN,PARAFFIN,,,2025,,,,,,1.0,,,,,,,,,,,,,,,
0,0,BAU,PARAFFIN,PARAFFIN,,,2026,,,,,,1.0,,,,,,,,,,,,,,,
0,0,BAU,PARAFFIN,PARAFFIN,,,2027,,,,,,1.0,,,,,,,,,,,,,,,
0,0,BAU,PARAFFIN,PARAFFIN,,,2028,,,,,,1.0,,,,,,,,,,,,,,,
0,0,BAU,PARAFFIN,PARAFFIN,,,2029,,,,,,1.0,,,,,,,,,,,,,,,
0,0,BAU,PARAFFIN,PARAFFIN,,,2030,,,,,,1.0,,,,,,,,,,,,,,,
0,0,BAU,PARAFFIN,PARAFFIN,,,2031,,,,,,1.0,,,,,,,,,,,,,,,
0,0,BAU,PARAFFIN,PARAFFIN,,,2032,,,,,,1.0,,,,,,,,,,,,,,,
0,0,BAU,PARAFFIN,PARAFFIN,,,2033,,,,,,1.0,,,,,,,,,,,,,,,
0,0,BAU,PARAFFIN,PARAFFIN,,,2034,,,,,,1.0,,,,,,,,,,,,,,,
0,0,BAU,PARAFFIN,PARAFFIN,,,2035,,,,,,1.0,,,,,,,,,,,,,,,
0,0,BAU,PARAFFIN,PARAFFIN,,,2036,,,,,,1.0,,,,,,,,,,,,,,,
0,0,BAU,PARAFFIN,PARAFFIN,,,2037,,,,,,1.0,,,,,,,,,,,,,,,
0,0,BAU,PARAFFIN,PARAFFIN,,,2038,,,,,,1.0,,,,,,,,,,,,,,,
0,0,BAU,PARAFFIN,PARAFFIN,,,2039,,,,,,1.0,,,,,,,,,,,,,,,
0,0,BAU,PARAFFIN,PARAFFIN,,,2040,,,,,,1.0,,,,,,,,,,,,,,,
0,0,BAU,PARAFFIN,PARAFFIN,,,2041,,,,,,1.0,,,,,,,,,,,,,,,
0,0,BAU,PARAFFIN,PARAFFIN,,,2042,,,,,,1.0,,,,,,,,,,,,,,,
0,0,BAU,PARAFFIN,PARAFFIN,,,2043,,,,,,1.0,,,,,,,,,,,,,,,
0,0,BAU,PARAFFIN,PARAFFIN,,,2044,,,,,,1.0,,,,,,,,,,,,,,,
0,0,BAU,PARAFFIN,PARAFFIN,,,2045,,,,,,1.0,,,,,,,,,,,,,,,
0,0,BAU,PARAFFIN,PARAFFIN,,,2046,,,,,,1.0,,,,,,,,,,,,,,,
0,0,BAU,PARAFFIN,PARAFFIN,,,2047,,,,,,1.0,,,,,,,,,,,,,,,
0,0,BAU,PARAFFIN,PARAFFIN,,,2048,,,,,,1.0,,,,,,,,,,,,,,,
0,0,BAU,PARAFFIN,PARAFFIN,,,2049,,,,,,1.0,,,,,,,,,,,,,,,
0,0,BAU,PARAFFIN,PARAFFIN,,,2050,,,,,,1.0,,,,,,,,,,,,,,,
0,0,BAU,REFR_AC_HFC32,REFR_AC_HFC32,,,2018,,,,,,1,,,,,,,,,,,,,,,
0,0,BAU,REFR_AC_HFC32,REFR_AC_HFC32,,,2019,,,,,,1.0,,,,,,,,,,,,,,,
0,0,BAU,REFR_AC_HFC32,REFR_AC_HFC32,,,2020,,,,,,1.0,,,,,,,,,,,,,,,
0,0,BAU,REFR_AC_HFC32,REFR_AC_HFC32,,,2021,,,,,,1.0,,,,,,,,,,,,,,,
0,0,BAU,REFR_AC_HFC32,REFR_AC_HFC32,,,2022,,,,,,1.0,,,,,,,,,,,,,,,
0,0,BAU,REFR_AC_HFC32,REFR_AC_HFC32,,,2023,,,,,,1.0,,,,,,,,,,,,,,,
0,0,BAU,REFR_AC_HFC32,REFR_AC_HFC32,,,2024,,,,,,1.0,,,,,,,,,,,,,,,
0,0,BAU,REFR_AC_HFC32,REFR_AC_HFC32,,,2025,,,,,,1.0,,,,,,,,,,,,,,,
0,0,BAU,REFR_AC_HFC32,REFR_AC_HFC32,,,2026,,,,,,1.0,,,,,,,,,,,,,,,
0,0,BAU,REFR_AC_HFC32,REFR_AC_HFC32,,,2027,,,,,,1.0,,,,,,,,,,,,,,,
0,0,BAU,REFR_AC_HFC32,REFR_AC_HFC32,,,2028,,,,,,1.0,,,,,,,,,,,,,,,
0,0,BAU,REFR_AC_HFC32,REFR_AC_HFC32,,,2029,,,,,,1.0,,,,,,,,,,,,,,,
0,0,BAU,REFR_AC_HFC32,REFR_AC_HFC32,,,2030,,,,,,1.0,,,,,,,,,,,,,,,
0,0,BAU,REFR_AC_HFC32,REFR_AC_HFC32,,,2031,,,,,,1.0,,,,,,,,,,,,,,,
0,0,BAU,REFR_AC_HFC32,REFR_AC_HFC32,,,2032,,,,,,1.0,,,,,,,,,,,,,,,
0,0,BAU,REFR_AC_HFC32,REFR_AC_HFC32,,,2033,,,,,,1.0,,,,,,,,,,,,,,,
0,0,BAU,REFR_AC_HFC32,REFR_AC_HFC32,,,2034,,,,,,1.0,,,,,,,,,,,,,,,
0,0,BAU,REFR_AC_HFC32,REFR_AC_HFC32,,,2035,,,,,,1.0,,,,,,,,,,,,,,,
0,0,BAU,REFR_AC_HFC32,REFR_AC_HFC32,,,2036,,,,,,1.0,,,,,,,,,,,,,,,
0,0,BAU,REFR_AC_HFC32,REFR_AC_HFC32,,,2037,,,,,,1.0,,,,,,,,,,,,,,,
0,0,BAU,REFR_AC_HFC32,REFR_AC_HFC32,,,2038,,,,,,1.0,,,,,,,,,,,,,,,
0,0,BAU,REFR_AC_HFC32,REFR_AC_HFC32,,,2039,,,,,,1.0,,,,,,,,,,,,,,,
0,0,BAU,REFR_AC_HFC32,REFR_AC_HFC32,,,2040,,,,,,1.0,,,,,,,,,,,,,,,
0,0,BAU,REFR_AC_HFC32,REFR_AC_HFC32,,,2041,,,,,,1.0,,,,,,,,,,,,,,,
0,0,BAU,REFR_AC_HFC32,REFR_AC_HFC32,,,2042,,,,,,1.0,,,,,,,,,,,,,,,
0,0,BAU,REFR_AC_HFC32,REFR_AC_HFC32,,,2043,,,,,,1.0,,,,,,,,,,,,,,,
0,0,BAU,REFR_AC_HFC32,REFR_AC_HFC32,,,2044,,,,,,1.0,,,,,,,,,,,,,,,
0,0,BAU,REFR_AC_HFC32,REFR_AC_HFC32,,,2045,,,,,,1.0,,,,,,,,,,,,,,,
0,0,BAU,REFR_AC_HFC32,REFR_AC_HFC32,,,2046,,,,,,1.0,,,,,,,,,,,,,,,
0,0,BAU,REFR_AC_HFC32,REFR_AC_HFC32,,,2047,,,,,,1.0,,,,,,,,,,,,,,,
0,0,BAU,REFR_AC_HFC32,REFR_AC_HFC32,,,2048,,,,,,1.0,,,,,,,,,,,,,,,
0,0,BAU,REFR_AC_HFC32,REFR_AC_HFC32,,,2049,,,,,,1.0,,,,,,,,,,,,,,,
0,0,BAU,REFR_AC_HFC32,REFR_AC_HFC32,,,2050,,,,,,1.0,,,,,,,,,,,,,,,
0,0,BAU,REFR_AC_HFC125,REFR_AC_HFC125,,,2018,,,,,,1,,,,,,,,,,,,,,,
0,0,BAU,REFR_AC_HFC125,REFR_AC_HFC125,,,2019,,,,,,1.0,,,,,,,,,,,,,,,
0,0,BAU,REFR_AC_HFC125,REFR_AC_HFC125,,,2020,,,,,,1.0,,,,,,,,,,,,,,,
0,0,BAU,REFR_AC_HFC125,REFR_AC_HFC125,,,2021,,,,,,1.0,,,,,,,,,,,,,,,
0,0,BAU,REFR_AC_HFC125,REFR_AC_HFC125,,,2022,,,,,,1.0,,,,,,,,,,,,,,,
0,0,BAU,REFR_AC_HFC125,REFR_AC_HFC125,,,2023,,,,,,1.0,,,,,,,,,,,,,,,
0,0,BAU,REFR_AC_HFC125,REFR_AC_HFC125,,,2024,,,,,,1.0,,,,,,,,,,,,,,,
0,0,BAU,REFR_AC_HFC125,REFR_AC_HFC125,,,2025,,,,,,1.0,,,,,,,,,,,,,,,
0,0,BAU,REFR_AC_HFC125,REFR_AC_HFC125,,,2026,,,,,,1.0,,,,,,,,,,,,,,,
0,0,BAU,REFR_AC_HFC125,REFR_AC_HFC125,,,2027,,,,,,1.0,,,,,,,,,,,,,,,
0,0,BAU,REFR_AC_HFC125,REFR_AC_HFC125,,,2028,,,,,,1.0,,,,,,,,,,,,,,,
0,0,BAU,REFR_AC_HFC125,REFR_AC_HFC125,,,2029,,,,,,1.0,,,,,,,,,,,,,,,
0,0,BAU,REFR_AC_HFC125,REFR_AC_HFC125,,,2030,,,,,,1.0,,,,,,,,,,,,,,,
0,0,BAU,REFR_AC_HFC125,REFR_AC_HFC125,,,2031,,,,,,1.0,,,,,,,,,,,,,,,
0,0,BAU,REFR_AC_HFC125,REFR_AC_HFC125,,,2032,,,,,,1.0,,,,,,,,,,,,,,,
0,0,BAU,REFR_AC_HFC125,REFR_AC_HFC125,,,2033,,,,,,1.0,,,,,,,,,,,,,,,
0,0,BAU,REFR_AC_HFC125,REFR_AC_HFC125,,,2034,,,,,,1.0,,,,,,,,,,,,,,,
0,0,BAU,REFR_AC_HFC125,REFR_AC_HFC125,,,2035,,,,,,1.0,,,,,,,,,,,,,,,
0,0,BAU,REFR_AC_HFC125,REFR_AC_HFC125,,,2036,,,,,,1.0,,,,,,,,,,,,,,,
0,0,BAU,REFR_AC_HFC125,REFR_AC_HFC125,,,2037,,,,,,1.0,,,,,,,,,,,,,,,
0,0,BAU,REFR_AC_HFC125,REFR_AC_HFC125,,,2038,,,,,,1.0,,,,,,,,,,,,,,,
0,0,BAU,REFR_AC_HFC125,REFR_AC_HFC125,,,2039,,,,,,1.0,,,,,,,,,,,,,,,
0,0,BAU,REFR_AC_HFC125,REFR_AC_HFC125,,,2040,,,,,,1.0,,,,,,,,,,,,,,,
0,0,BAU,REFR_AC_HFC125,REFR_AC_HFC125,,,2041,,,,,,1.0,,,,,,,,,,,,,,,
0,0,BAU,REFR_AC_HFC125,REFR_AC_HFC125,,,2042,,,,,,1.0,,,,,,,,,,,,,,,
0,0,BAU,REFR_AC_HFC125,REFR_AC_HFC125,,,2043,,,,,,1.0,,,,,,,,,,,,,,,
0,0,BAU,REFR_AC_HFC125,REFR_AC_HFC125,,,2044,,,,,,1.0,,,,,,,,,,,,,,,
0,0,BAU,REFR_AC_HFC125,REFR_AC_HFC125,,,2045,,,,,,1.0,,,,,,,,,,,,,,,
0,0,BAU,REFR_AC_HFC125,REFR_AC_HFC125,,,2046,,,,,,1.0,,,,,,,,,,,,,,,
0,0,BAU,REFR_AC_HFC125,REFR_AC_HFC125,,,2047,,,,,,1.0,,,,,,,,,,,,,,,
0,0,BAU,REFR_AC_HFC125,REFR_AC_HFC125,,,2048,,,,,,1.0,,,,,,,,,,,,,,,
0,0,BAU,REFR_AC_HFC125,REFR_AC_HFC125,,,2049,,,,,,1.0,,,,,,,,,,,,,,,
0,0,BAU,REFR_AC_HFC125,REFR_AC_HFC125,,,2050,,,,,,1.0,,,,,,,,,,,,,,,
0,0,BAU,REFR_AC_HFC134a,REFR_AC_HFC134a,,,2018,,,,,,1,,,,,,,,,,,,,,,
0,0,BAU,REFR_AC_HFC134a,REFR_AC_HFC134a,,,2019,,,,,,1.0,,,,,,,,,,,,,,,
0,0,BAU,REFR_AC_HFC134a,REFR_AC_HFC134a,,,2020,,,,,,1.0,,,,,,,,,,,,,,,
0,0,BAU,REFR_AC_HFC134a,REFR_AC_HFC134a,,,2021,,,,,,1.0,,,,,,,,,,,,,,,
0,0,BAU,REFR_AC_HFC134a,REFR_AC_HFC134a,,,2022,,,,,,1.0,,,,,,,,,,,,,,,
0,0,BAU,REFR_AC_HFC134a,REFR_AC_HFC134a,,,2023,,,,,,1.0,,,,,,,,,,,,,,,
0,0,BAU,REFR_AC_HFC134a,REFR_AC_HFC134a,,,2024,,,,,,1.0,,,,,,,,,,,,,,,
0,0,BAU,REFR_AC_HFC134a,REFR_AC_HFC134a,,,2025,,,,,,1.0,,,,,,,,,,,,,,,
0,0,BAU,REFR_AC_HFC134a,REFR_AC_HFC134a,,,2026,,,,,,1.0,,,,,,,,,,,,,,,
0,0,BAU,REFR_AC_HFC134a,REFR_AC_HFC134a,,,2027,,,,,,1.0,,,,,,,,,,,,,,,
0,0,BAU,REFR_AC_HFC134a,REFR_AC_HFC134a,,,2028,,,,,,1.0,,,,,,,,,,,,,,,
0,0,BAU,REFR_AC_HFC134a,REFR_AC_HFC134a,,,2029,,,,,,1.0,,,,,,,,,,,,,,,
0,0,BAU,REFR_AC_HFC134a,REFR_AC_HFC134a,,,2030,,,,,,1.0,,,,,,,,,,,,,,,
0,0,BAU,REFR_AC_HFC134a,REFR_AC_HFC134a,,,2031,,,,,,1.0,,,,,,,,,,,,,,,
0,0,BAU,REFR_AC_HFC134a,REFR_AC_HFC134a,,,2032,,,,,,1.0,,,,,,,,,,,,,,,
0,0,BAU,REFR_AC_HFC134a,REFR_AC_HFC134a,,,2033,,,,,,1.0,,,,,,,,,,,,,,,
0,0,BAU,REFR_AC_HFC134a,REFR_AC_HFC134a,,,2034,,,,,,1.0,,,,,,,,,,,,,,,
0,0,BAU,REFR_AC_HFC134a,REFR_AC_HFC134a,,,2035,,,,,,1.0,,,,,,,,,,,,,,,
0,0,BAU,REFR_AC_HFC134a,REFR_AC_HFC134a,,,2036,,,,,,1.0,,,,,,,,,,,,,,,
0,0,BAU,REFR_AC_HFC134a,REFR_AC_HFC134a,,,2037,,,,,,1.0,,,,,,,,,,,,,,,
0,0,BAU,REFR_AC_HFC134a,REFR_AC_HFC134a,,,2038,,,,,,1.0,,,,,,,,,,,,,,,
0,0,BAU,REFR_AC_HFC134a,REFR_AC_HFC134a,,,2039,,,,,,1.0,,,,,,,,,,,,,,,
0,0,BAU,REFR_AC_HFC134a,REFR_AC_HFC134a,,,2040,,,,,,1.0,,,,,,,,,,,,,,,
0,0,BAU,REFR_AC_HFC134a,REFR_AC_HFC134a,,,2041,,,,,,1.0,,,,,,,,,,,,,,,
0,0,BAU,REFR_AC_HFC134a,REFR_AC_HFC134a,,,2042,,,,,,1.0,,,,,,,,,,,,,,,
0,0,BAU,REFR_AC_HFC134a,REFR_AC_HFC134a,,,2043,,,,,,1.0,,,,,,,,,,,,,,,
0,0,BAU,REFR_AC_HFC134a,REFR_AC_HFC134a,,,2044,,,,,,1.0,,,,,,,,,,,,,,,
0,0,BAU,REFR_AC_HFC134a,REFR_AC_HFC134a,,,2045,,,,,,1.0,,,,,,,,,,,,,,,
0,0,BAU,REFR_AC_HFC134a,REFR_AC_HFC134a,,,2046,,,,,,1.0,,,,,,,,,,,,,,,
0,0,BAU,REFR_AC_HFC134a,REFR_AC_HFC134a,,,2047,,,,,,1.0,,,,,,,,,,,,,,,
0,0,BAU,REFR_AC_HFC134a,REFR_AC_HFC134a,,,2048,,,,,,1.0,,,,,,,,,,,,,,,
0,0,BAU,REFR_AC_HFC134a,REFR_AC_HFC134a,,,2049,,,,,,1.0,,,,,,,,,,,,,,,
0,0,BAU,REFR_AC_HFC134a,REFR_AC_HFC134a,,,2050,,,,,,1.0,,,,,,,,,,,,,,,
0,0,BAU,REFR_AC_HFC143a,REFR_AC_HFC143a,,,2018,,,,,,1,,,,,,,,,,,,,,,
0,0,BAU,REFR_AC_HFC143a,REFR_AC_HFC143a,,,2019,,,,,,1.0,,,,,,,,,,,,,,,
0,0,BAU,REFR_AC_HFC143a,REFR_AC_HFC143a,,,2020,,,,,,1.0,,,,,,,,,,,,,,,
0,0,BAU,REFR_AC_HFC143a,REFR_AC_HFC143a,,,2021,,,,,,1.0,,,,,,,,,,,,,,,
0,0,BAU,REFR_AC_HFC143a,REFR_AC_HFC143a,,,2022,,,,,,1.0,,,,,,,,,,,,,,,
0,0,BAU,REFR_AC_HFC143a,REFR_AC_HFC143a,,,2023,,,,,,1.0,,,,,,,,,,,,,,,
0,0,BAU,REFR_AC_HFC143a,REFR_AC_HFC143a,,,2024,,,,,,1.0,,,,,,,,,,,,,,,
0,0,BAU,REFR_AC_HFC143a,REFR_AC_HFC143a,,,2025,,,,,,1.0,,,,,,,,,,,,,,,
0,0,BAU,REFR_AC_HFC143a,REFR_AC_HFC143a,,,2026,,,,,,1.0,,,,,,,,,,,,,,,
0,0,BAU,REFR_AC_HFC143a,REFR_AC_HFC143a,,,2027,,,,,,1.0,,,,,,,,,,,,,,,
0,0,BAU,REFR_AC_HFC143a,REFR_AC_HFC143a,,,2028,,,,,,1.0,,,,,,,,,,,,,,,
0,0,BAU,REFR_AC_HFC143a,REFR_AC_HFC143a,,,2029,,,,,,1.0,,,,,,,,,,,,,,,
0,0,BAU,REFR_AC_HFC143a,REFR_AC_HFC143a,,,2030,,,,,,1.0,,,,,,,,,,,,,,,
0,0,BAU,REFR_AC_HFC143a,REFR_AC_HFC143a,,,2031,,,,,,1.0,,,,,,,,,,,,,,,
0,0,BAU,REFR_AC_HFC143a,REFR_AC_HFC143a,,,2032,,,,,,1.0,,,,,,,,,,,,,,,
0,0,BAU,REFR_AC_HFC143a,REFR_AC_HFC143a,,,2033,,,,,,1.0,,,,,,,,,,,,,,,
0,0,BAU,REFR_AC_HFC143a,REFR_AC_HFC143a,,,2034,,,,,,1.0,,,,,,,,,,,,,,,
0,0,BAU,REFR_AC_HFC143a,REFR_AC_HFC143a,,,2035,,,,,,1.0,,,,,,,,,,,,,,,
0,0,BAU,REFR_AC_HFC143a,REFR_AC_HFC143a,,,2036,,,,,,1.0,,,,,,,,,,,,,,,
0,0,BAU,REFR_AC_HFC143a,REFR_AC_HFC143a,,,2037,,,,,,1.0,,,,,,,,,,,,,,,
0,0,BAU,REFR_AC_HFC143a,REFR_AC_HFC143a,,,2038,,,,,,1.0,,,,,,,,,,,,,,,
0,0,BAU,REFR_AC_HFC143a,REFR_AC_HFC143a,,,2039,,,,,,1.0,,,,,,,,,,,,,,,
0,0,BAU,REFR_AC_HFC143a,REFR_AC_HFC143a,,,2040,,,,,,1.0,,,,,,,,,,,,,,,
0,0,BAU,REFR_AC_HFC143a,REFR_AC_HFC143a,,,2041,,,,,,1.0,,,,,,,,,,,,,,,
0,0,BAU,REFR_AC_HFC143a,REFR_AC_HFC143a,,,2042,,,,,,1.0,,,,,,,,,,,,,,,
0,0,BAU,REFR_AC_HFC143a,REFR_AC_HFC143a,,,2043,,,,,,1.0,,,,,,,,,,,,,,,
0,0,BAU,REFR_AC_HFC143a,REFR_AC_HFC143a,,,2044,,,,,,1.0,,,,,,,,,,,,,,,
0,0,BAU,REFR_AC_HFC143a,REFR_AC_HFC143a,,,2045,,,,,,1.0,,,,,,,,,,,,,,,
0,0,BAU,REFR_AC_HFC143a,REFR_AC_HFC143a,,,2046,,,,,,1.0,,,,,,,,,,,,,,,
0,0,BAU,REFR_AC_HFC143a,REFR_AC_HFC143a,,,2047,,,,,,1.0,,,,,,,,,,,,,,,
0,0,BAU,REFR_AC_HFC143a,REFR_AC_HFC143a,,,2048,,,,,,1.0,,,,,,,,,,,,,,,
0,0,BAU,REFR_AC_HFC143a,REFR_AC_HFC143a,,,2049,,,,,,1.0,,,,,,,,,,,,,,,
0,0,BAU,REFR_AC_HFC143a,REFR_AC_HFC143a,,,2050,,,,,,1.0,,,,,,,,,,,,,,,
0,0,BAU,CLK_PROD,PROD_CLK_TRAD,,,2018,,,,,,1.0,,,,,,,,,,,,,,,
0,0,BAU,CLK_PROD,PROD_CLK_TRAD,,,2019,,,,,,1.0,,,,,,,,,,,,,,,
0,0,BAU,CLK_PROD,PROD_CLK_TRAD,,,2020,,,,,,1.0,,,,,,,,,,,,,,,
0,0,BAU,CLK_PROD,PROD_CLK_TRAD,,,2021,,,,,,1.0,,,,,,,,,,,,,,,
0,0,BAU,CLK_PROD,PROD_CLK_TRAD,,,2022,,,,,,1.0,,,,,,,,,,,,,,,
0,0,BAU,CLK_PROD,PROD_CLK_TRAD,,,2023,,,,,,1.0,,,,,,,,,,,,,,,
0,0,BAU,CLK_PROD,PROD_CLK_TRAD,,,2024,,,,,,1.0,,,,,,,,,,,,,,,
0,0,BAU,CLK_PROD,PROD_CLK_TRAD,,,2025,,,,,,1.0,,,,,,,,,,,,,,,
0,0,BAU,CLK_PROD,PROD_CLK_TRAD,,,2026,,,,,,1.0,,,,,,,,,,,,,,,
0,0,BAU,CLK_PROD,PROD_CLK_TRAD,,,2027,,,,,,1.0,,,,,,,,,,,,,,,
0,0,BAU,CLK_PROD,PROD_CLK_TRAD,,,2028,,,,,,1.0,,,,,,,,,,,,,,,
0,0,BAU,CLK_PROD,PROD_CLK_TRAD,,,2029,,,,,,1.0,,,,,,,,,,,,,,,
0,0,BAU,CLK_PROD,PROD_CLK_TRAD,,,2030,,,,,,1.0,,,,,,,,,,,,,,,
0,0,BAU,CLK_PROD,PROD_CLK_TRAD,,,2031,,,,,,1.0,,,,,,,,,,,,,,,
0,0,BAU,CLK_PROD,PROD_CLK_TRAD,,,2032,,,,,,1.0,,,,,,,,,,,,,,,
0,0,BAU,CLK_PROD,PROD_CLK_TRAD,,,2033,,,,,,1.0,,,,,,,,,,,,,,,
0,0,BAU,CLK_PROD,PROD_CLK_TRAD,,,2034,,,,,,1.0,,,,,,,,,,,,,,,
0,0,BAU,CLK_PROD,PROD_CLK_TRAD,,,2035,,,,,,1.0,,,,,,,,,,,,,,,
0,0,BAU,CLK_PROD,PROD_CLK_TRAD,,,2036,,,,,,1.0,,,,,,,,,,,,,,,
0,0,BAU,CLK_PROD,PROD_CLK_TRAD,,,2037,,,,,,1.0,,,,,,,,,,,,,,,
0,0,BAU,CLK_PROD,PROD_CLK_TRAD,,,2038,,,,,,1.0,,,,,,,,,,,,,,,
0,0,BAU,CLK_PROD,PROD_CLK_TRAD,,,2039,,,,,,1.0,,,,,,,,,,,,,,,
0,0,BAU,CLK_PROD,PROD_CLK_TRAD,,,2040,,,,,,1.0,,,,,,,,,,,,,,,
0,0,BAU,CLK_PROD,PROD_CLK_TRAD,,,2041,,,,,,1.0,,,,,,,,,,,,,,,
0,0,BAU,CLK_PROD,PROD_CLK_TRAD,,,2042,,,,,,1.0,,,,,,,,,,,,,,,
0,0,BAU,CLK_PROD,PROD_CLK_TRAD,,,2043,,,,,,1.0,,,,,,,,,,,,,,,
0,0,BAU,CLK_PROD,PROD_CLK_TRAD,,,2044,,,,,,1.0,,,,,,,,,,,,,,,
0,0,BAU,CLK_PROD,PROD_CLK_TRAD,,,2045,,,,,,1.0,,,,,,,,,,,,,,,
0,0,BAU,CLK_PROD,PROD_CLK_TRAD,,,2046,,,,,,1.0,,,,,,,,,,,,,,,
0,0,BAU,CLK_PROD,PROD_CLK_TRAD,,,2047,,,,,,1.0,,,,,,,,,,,,,,,
0,0,BAU,CLK_PROD,PROD_CLK_TRAD,,,2048,,,,,,1.0,,,,,,,,,,,,,,,
0,0,BAU,CLK_PROD,PROD_CLK_TRAD,,,2049,,,,,,1.0,,,,,,,,,,,,,,,
0,0,BAU,CLK_PROD,PROD_CLK_TRAD,,,2050,,,,,,1.0,,,,,,,,,,,,,,,
0,0,BAU,CEM_PROD,PROD_CEM,,,2018,,,,,,1.0,,,,,,,,,,,,,,,
0,0,BAU,CEM_PROD,PROD_CEM,,,2019,,,,,,1.0,,,,,,,,,,,,,,,
0,0,BAU,CEM_PROD,PROD_CEM,,,2020,,,,,,1.0,,,,,,,,,,,,,,,
0,0,BAU,CEM_PROD,PROD_CEM,,,2021,,,,,,1.0,,,,,,,,,,,,,,,
0,0,BAU,CEM_PROD,PROD_CEM,,,2022,,,,,,1.0,,,,,,,,,,,,,,,
0,0,BAU,CEM_PROD,PROD_CEM,,,2023,,,,,,1.0,,,,,,,,,,,,,,,
0,0,BAU,CEM_PROD,PROD_CEM,,,2024,,,,,,1.0,,,,,,,,,,,,,,,
0,0,BAU,CEM_PROD,PROD_CEM,,,2025,,,,,,1.0,,,,,,,,,,,,,,,
0,0,BAU,CEM_PROD,PROD_CEM,,,2026,,,,,,1.0,,,,,,,,,,,,,,,
0,0,BAU,CEM_PROD,PROD_CEM,,,2027,,,,,,1.0,,,,,,,,,,,,,,,
0,0,BAU,CEM_PROD,PROD_CEM,,,2028,,,,,,1.0,,,,,,,,,,,,,,,
0,0,BAU,CEM_PROD,PROD_CEM,,,2029,,,,,,1.0,,,,,,,,,,,,,,,
0,0,BAU,CEM_PROD,PROD_CEM,,,2030,,,,,,1.0,,,,,,,,,,,,,,,
0,0,BAU,CEM_PROD,PROD_CEM,,,2031,,,,,,1.0,,,,,,,,,,,,,,,
0,0,BAU,CEM_PROD,PROD_CEM,,,2032,,,,,,1.0,,,,,,,,,,,,,,,
0,0,BAU,CEM_PROD,PROD_CEM,,,2033,,,,,,1.0,,,,,,,,,,,,,,,
0,0,BAU,CEM_PROD,PROD_CEM,,,2034,,,,,,1.0,,,,,,,,,,,,,,,
0,0,BAU,CEM_PROD,PROD_CEM,,,2035,,,,,,1.0,,,,,,,,,,,,,,,
0,0,BAU,CEM_PROD,PROD_CEM,,,2036,,,,,,1.0,,,,,,,,,,,,,,,
0,0,BAU,CEM_PROD,PROD_CEM,,,2037,,,,,,1.0,,,,,,,,,,,,,,,
0,0,BAU,CEM_PROD,PROD_CEM,,,2038,,,,,,1.0,,,,,,,,,,,,,,,
0,0,BAU,CEM_PROD,PROD_CEM,,,2039,,,,,,1.0,,,,,,,,,,,,,,,
0,0,BAU,CEM_PROD,PROD_CEM,,,2040,,,,,,1.0,,,,,,,,,,,,,,,
0,0,BAU,CEM_PROD,PROD_CEM,,,2041,,,,,,1.0,,,,,,,,,,,,,,,
0,0,BAU,CEM_PROD,PROD_CEM,,,2042,,,,,,1.0,,,,,,,,,,,,,,,
0,0,BAU,CEM_PROD,PROD_CEM,,,2043,,,,,,1.0,,,,,,,,,,,,,,,
0,0,BAU,CEM_PROD,PROD_CEM,,,2044,,,,,,1.0,,,,,,,,,,,,,,,
0,0,BAU,CEM_PROD,PROD_CEM,,,2045,,,,,,1.0,,,,,,,,,,,,,,,
0,0,BAU,CEM_PROD,PROD_CEM,,,2046,,,,,,1.0,,,,,,,,,,,,,,,
0,0,BAU,CEM_PROD,PROD_CEM,,,2047,,,,,,1.0,,,,,,,,,,,,,,,
0,0,BAU,CEM_PROD,PROD_CEM,,,2048,,,,,,1.0,,,,,,,,,,,,,,,
0,0,BAU,CEM_PROD,PROD_CEM,,,2049,,,,,,1.0,,,,,,,,,,,,,,,
0,0,BAU,CEM_PROD,PROD_CEM,,,2050,,,,,,1.0,,,,,,,,,,,,,,,
0,0,BAU,E5INDCEM_PROD,T5CEM_PRODIND,,,2018,,,,,,1.0,,,,,,,,,,,,,,,
0,0,BAU,E5INDCEM_PROD,T5CEM_PRODIND,,,2019,,,,,,1.0,,,,,,,,,,,,,,,
0,0,BAU,E5INDCEM_PROD,T5CEM_PRODIND,,,2020,,,,,,1.0,,,,,,,,,,,,,,,
0,0,BAU,E5INDCEM_PROD,T5CEM_PRODIND,,,2021,,,,,,1.0,,,,,,,,,,,,,,,
0,0,BAU,E5INDCEM_PROD,T5CEM_PRODIND,,,2022,,,,,,1.0,,,,,,,,,,,,,,,
0,0,BAU,E5INDCEM_PROD,T5CEM_PRODIND,,,2023,,,,,,1.0,,,,,,,,,,,,,,,
0,0,BAU,E5INDCEM_PROD,T5CEM_PRODIND,,,2024,,,,,,1.0,,,,,,,,,,,,,,,
0,0,BAU,E5INDCEM_PROD,T5CEM_PRODIND,,,2025,,,,,,1.0,,,,,,,,,,,,,,,
0,0,BAU,E5INDCEM_PROD,T5CEM_PRODIND,,,2026,,,,,,1.0,,,,,,,,,,,,,,,
0,0,BAU,E5INDCEM_PROD,T5CEM_PRODIND,,,2027,,,,,,1.0,,,,,,,,,,,,,,,
0,0,BAU,E5INDCEM_PROD,T5CEM_PRODIND,,,2028,,,,,,1.0,,,,,,,,,,,,,,,
0,0,BAU,E5INDCEM_PROD,T5CEM_PRODIND,,,2029,,,,,,1.0,,,,,,,,,,,,,,,
0,0,BAU,E5INDCEM_PROD,T5CEM_PRODIND,,,2030,,,,,,1.0,,,,,,,,,,,,,,,
0,0,BAU,E5INDCEM_PROD,T5CEM_PRODIND,,,2031,,,,,,1.0,,,,,,,,,,,,,,,
0,0,BAU,E5INDCEM_PROD,T5CEM_PRODIND,,,2032,,,,,,1.0,,,,,,,,,,,,,,,
0,0,BAU,E5INDCEM_PROD,T5CEM_PRODIND,,,2033,,,,,,1.0,,,,,,,,,,,,,,,
0,0,BAU,E5INDCEM_PROD,T5CEM_PRODIND,,,2034,,,,,,1.0,,,,,,,,,,,,,,,
0,0,BAU,E5INDCEM_PROD,T5CEM_PRODIND,,,2035,,,,,,1.0,,,,,,,,,,,,,,,
0,0,BAU,E5INDCEM_PROD,T5CEM_PRODIND,,,2036,,,,,,1.0,,,,,,,,,,,,,,,
0,0,BAU,E5INDCEM_PROD,T5CEM_PRODIND,,,2037,,,,,,1.0,,,,,,,,,,,,,,,
0,0,BAU,E5INDCEM_PROD,T5CEM_PRODIND,,,2038,,,,,,1.0,,,,,,,,,,,,,,,
0,0,BAU,E5INDCEM_PROD,T5CEM_PRODIND,,,2039,,,,,,1.0,,,,,,,,,,,,,,,
0,0,BAU,E5INDCEM_PROD,T5CEM_PRODIND,,,2040,,,,,,1.0,,,,,,,,,,,,,,,
0,0,BAU,E5INDCEM_PROD,T5CEM_PRODIND,,,2041,,,,,,1.0,,,,,,,,,,,,,,,
0,0,BAU,E5INDCEM_PROD,T5CEM_PRODIND,,,2042,,,,,,1.0,,,,,,,,,,,,,,,
0,0,BAU,E5INDCEM_PROD,T5CEM_PRODIND,,,2043,,,,,,1.0,,,,,,,,,,,,,,,
0,0,BAU,E5INDCEM_PROD,T5CEM_PRODIND,,,2044,,,,,,1.0,,,,,,,,,,,,,,,
0,0,BAU,E5INDCEM_PROD,T5CEM_PRODIND,,,2045,,,,,,1.0,,,,,,,,,,,,,,,
0,0,BAU,E5INDCEM_PROD,T5CEM_PRODIND,,,2046,,,,,,1.0,,,,,,,,,,,,,,,
0,0,BAU,E5INDCEM_PROD,T5CEM_PRODIND,,,2047,,,,,,1.0,,,,,,,,,,,,,,,
0,0,BAU,E5INDCEM_PROD,T5CEM_PRODIND,,,2048,,,,,,1.0,,,,,,,,,,,,,,,
0,0,BAU,E5INDCEM_PROD,T5CEM_PRODIND,,,2049,,,,,,1.0,,,,,,,,,,,,,,,
0,0,BAU,E5INDCEM_PROD,T5CEM_PRODIND,,,2050,,,,,,1.0,,,,,,,,,,,,,,,
0,0,BAU,E5IPPULIME_CAL_PROD,T5LIME_CAL_PRODIPPU,,,2018,,,,,,1.0,,,,,,,,,,,,,,,
0,0,BAU,E5IPPULIME_CAL_PROD,T5LIME_CAL_PRODIPPU,,,2019,,,,,,1.0,,,,,,,,,,,,,,,
0,0,BAU,E5IPPULIME_CAL_PROD,T5LIME_CAL_PRODIPPU,,,2020,,,,,,1.0,,,,,,,,,,,,,,,
0,0,BAU,E5IPPULIME_CAL_PROD,T5LIME_CAL_PRODIPPU,,,2021,,,,,,1.0,,,,,,,,,,,,,,,
0,0,BAU,E5IPPULIME_CAL_PROD,T5LIME_CAL_PRODIPPU,,,2022,,,,,,1.0,,,,,,,,,,,,,,,
0,0,BAU,E5IPPULIME_CAL_PROD,T5LIME_CAL_PRODIPPU,,,2023,,,,,,1.0,,,,,,,,,,,,,,,
0,0,BAU,E5IPPULIME_CAL_PROD,T5LIME_CAL_PRODIPPU,,,2024,,,,,,1.0,,,,,,,,,,,,,,,
0,0,BAU,E5IPPULIME_CAL_PROD,T5LIME_CAL_PRODIPPU,,,2025,,,,,,1.0,,,,,,,,,,,,,,,
0,0,BAU,E5IPPULIME_CAL_PROD,T5LIME_CAL_PRODIPPU,,,2026,,,,,,1.0,,,,,,,,,,,,,,,
0,0,BAU,E5IPPULIME_CAL_PROD,T5LIME_CAL_PRODIPPU,,,2027,,,,,,1.0,,,,,,,,,,,,,,,
0,0,BAU,E5IPPULIME_CAL_PROD,T5LIME_CAL_PRODIPPU,,,2028,,,,,,1.0,,,,,,,,,,,,,,,
0,0,BAU,E5IPPULIME_CAL_PROD,T5LIME_CAL_PRODIPPU,,,2029,,,,,,1.0,,,,,,,,,,,,,,,
0,0,BAU,E5IPPULIME_CAL_PROD,T5LIME_CAL_PRODIPPU,,,2030,,,,,,1.0,,,,,,,,,,,,,,,
0,0,BAU,E5IPPULIME_CAL_PROD,T5LIME_CAL_PRODIPPU,,,2031,,,,,,1.0,,,,,,,,,,,,,,,
0,0,BAU,E5IPPULIME_CAL_PROD,T5LIME_CAL_PRODIPPU,,,2032,,,,,,1.0,,,,,,,,,,,,,,,
0,0,BAU,E5IPPULIME_CAL_PROD,T5LIME_CAL_PRODIPPU,,,2033,,,,,,1.0,,,,,,,,,,,,,,,
0,0,BAU,E5IPPULIME_CAL_PROD,T5LIME_CAL_PRODIPPU,,,2034,,,,,,1.0,,,,,,,,,,,,,,,
0,0,BAU,E5IPPULIME_CAL_PROD,T5LIME_CAL_PRODIPPU,,,2035,,,,,,1.0,,,,,,,,,,,,,,,
0,0,BAU,E5IPPULIME_CAL_PROD,T5LIME_CAL_PRODIPPU,,,2036,,,,,,1.0,,,,,,,,,,,,,,,
0,0,BAU,E5IPPULIME_CAL_PROD,T5LIME_CAL_PRODIPPU,,,2037,,,,,,1.0,,,,,,,,,,,,,,,
0,0,BAU,E5IPPULIME_CAL_PROD,T5LIME_CAL_PRODIPPU,,,2038,,,,,,1.0,,,,,,,,,,,,,,,
0,0,BAU,E5IPPULIME_CAL_PROD,T5LIME_CAL_PRODIPPU,,,2039,,,,,,1.0,,,,,,,,,,,,,,,
0,0,BAU,E5IPPULIME_CAL_PROD,T5LIME_CAL_PRODIPPU,,,2040,,,,,,1.0,,,,,,,,,,,,,,,
0,0,BAU,E5IPPULIME_CAL_PROD,T5LIME_CAL_PRODIPPU,,,2041,,,,,,1.0,,,,,,,,,,,,,,,
0,0,BAU,E5IPPULIME_CAL_PROD,T5LIME_CAL_PRODIPPU,,,2042,,,,,,1.0,,,,,,,,,,,,,,,
0,0,BAU,E5IPPULIME_CAL_PROD,T5LIME_CAL_PRODIPPU,,,2043,,,,,,1.0,,,,,,,,,,,,,,,
0,0,BAU,E5IPPULIME_CAL_PROD,T5LIME_CAL_PRODIPPU,,,2044,,,,,,1.0,,,,,,,,,,,,,,,
0,0,BAU,E5IPPULIME_CAL_PROD,T5LIME_CAL_PRODIPPU,,,2045,,,,,,1.0,,,,,,,,,,,,,,,
0,0,BAU,E5IPPULIME_CAL_PROD,T5LIME_CAL_PRODIPPU,,,2046,,,,,,1.0,,,,,,,,,,,,,,,
0,0,BAU,E5IPPULIME_CAL_PROD,T5LIME_CAL_PRODIPPU,,,2047,,,,,,1.0,,,,,,,,,,,,,,,
0,0,BAU,E5IPPULIME_CAL_PROD,T5LIME_CAL_PRODIPPU,,,2048,,,,,,1.0,,,,,,,,,,,,,,,
0,0,BAU,E5IPPULIME_CAL_PROD,T5LIME_CAL_PRODIPPU,,,2049,,,,,,1.0,,,,,,,,,,,,,,,
0,0,BAU,E5IPPULIME_CAL_PROD,T5LIME_CAL_PRODIPPU,,,2050,,,,,,1.0,,,,,,,,,,,,,,,
0,0,BAU,E5IPPULIME_DOL_PROD,T5LIME_DOL_PRODIPPU,,,2018,,,,,,1.0,,,,,,,,,,,,,,,
0,0,BAU,E5IPPULIME_DOL_PROD,T5LIME_DOL_PRODIPPU,,,2019,,,,,,1.0,,,,,,,,,,,,,,,
0,0,BAU,E5IPPULIME_DOL_PROD,T5LIME_DOL_PRODIPPU,,,2020,,,,,,1.0,,,,,,,,,,,,,,,
0,0,BAU,E5IPPULIME_DOL_PROD,T5LIME_DOL_PRODIPPU,,,2021,,,,,,1.0,,,,,,,,,,,,,,,
0,0,BAU,E5IPPULIME_DOL_PROD,T5LIME_DOL_PRODIPPU,,,2022,,,,,,1.0,,,,,,,,,,,,,,,
0,0,BAU,E5IPPULIME_DOL_PROD,T5LIME_DOL_PRODIPPU,,,2023,,,,,,1.0,,,,,,,,,,,,,,,
0,0,BAU,E5IPPULIME_DOL_PROD,T5LIME_DOL_PRODIPPU,,,2024,,,,,,1.0,,,,,,,,,,,,,,,
0,0,BAU,E5IPPULIME_DOL_PROD,T5LIME_DOL_PRODIPPU,,,2025,,,,,,1.0,,,,,,,,,,,,,,,
0,0,BAU,E5IPPULIME_DOL_PROD,T5LIME_DOL_PRODIPPU,,,2026,,,,,,1.0,,,,,,,,,,,,,,,
0,0,BAU,E5IPPULIME_DOL_PROD,T5LIME_DOL_PRODIPPU,,,2027,,,,,,1.0,,,,,,,,,,,,,,,
0,0,BAU,E5IPPULIME_DOL_PROD,T5LIME_DOL_PRODIPPU,,,2028,,,,,,1.0,,,,,,,,,,,,,,,
0,0,BAU,E5IPPULIME_DOL_PROD,T5LIME_DOL_PRODIPPU,,,2029,,,,,,1.0,,,,,,,,,,,,,,,
0,0,BAU,E5IPPULIME_DOL_PROD,T5LIME_DOL_PRODIPPU,,,2030,,,,,,1.0,,,,,,,,,,,,,,,
0,0,BAU,E5IPPULIME_DOL_PROD,T5LIME_DOL_PRODIPPU,,,2031,,,,,,1.0,,,,,,,,,,,,,,,
0,0,BAU,E5IPPULIME_DOL_PROD,T5LIME_DOL_PRODIPPU,,,2032,,,,,,1.0,,,,,,,,,,,,,,,
0,0,BAU,E5IPPULIME_DOL_PROD,T5LIME_DOL_PRODIPPU,,,2033,,,,,,1.0,,,,,,,,,,,,,,,
0,0,BAU,E5IPPULIME_DOL_PROD,T5LIME_DOL_PRODIPPU,,,2034,,,,,,1.0,,,,,,,,,,,,,,,
0,0,BAU,E5IPPULIME_DOL_PROD,T5LIME_DOL_PRODIPPU,,,2035,,,,,,1.0,,,,,,,,,,,,,,,
0,0,BAU,E5IPPULIME_DOL_PROD,T5LIME_DOL_PRODIPPU,,,2036,,,,,,1.0,,,,,,,,,,,,,,,
0,0,BAU,E5IPPULIME_DOL_PROD,T5LIME_DOL_PRODIPPU,,,2037,,,,,,1.0,,,,,,,,,,,,,,,
0,0,BAU,E5IPPULIME_DOL_PROD,T5LIME_DOL_PRODIPPU,,,2038,,,,,,1.0,,,,,,,,,,,,,,,
0,0,BAU,E5IPPULIME_DOL_PROD,T5LIME_DOL_PRODIPPU,,,2039,,,,,,1.0,,,,,,,,,,,,,,,
0,0,BAU,E5IPPULIME_DOL_PROD,T5LIME_DOL_PRODIPPU,,,2040,,,,,,1.0,,,,,,,,,,,,,,,
0,0,BAU,E5IPPULIME_DOL_PROD,T5LIME_DOL_PRODIPPU,,,2041,,,,,,1.0,,,,,,,,,,,,,,,
0,0,BAU,E5IPPULIME_DOL_PROD,T5LIME_DOL_PRODIPPU,,,2042,,,,,,1.0,,,,,,,,,,,,,,,
0,0,BAU,E5IPPULIME_DOL_PROD,T5LIME_DOL_PRODIPPU,,,2043,,,,,,1.0,,,,,,,,,,,,,,,
0,0,BAU,E5IPPULIME_DOL_PROD,T5LIME_DOL_PRODIPPU,,,2044,,,,,,1.0,,,,,,,,,,,,,,,
0,0,BAU,E5IPPULIME_DOL_PROD,T5LIME_DOL_PRODIPPU,,,2045,,,,,,1.0,,,,,,,,,,,,,,,
0,0,BAU,E5IPPULIME_DOL_PROD,T5LIME_DOL_PRODIPPU,,,2046,,,,,,1.0,,,,,,,,,,,,,,,
0,0,BAU,E5IPPULIME_DOL_PROD,T5LIME_DOL_PRODIPPU,,,2047,,,,,,1.0,,,,,,,,,,,,,,,
0,0,BAU,E5IPPULIME_DOL_PROD,T5LIME_DOL_PRODIPPU,,,2048,,,,,,1.0,,,,,,,,,,,,,,,
0,0,BAU,E5IPPULIME_DOL_PROD,T5LIME_DOL_PRODIPPU,,,2049,,,,,,1.0,,,,,,,,,,,,,,,
0,0,BAU,E5IPPULIME_DOL_PROD,T5LIME_DOL_PRODIPPU,,,2050,,,,,,1.0,,,,,,,,,,,,,,,
0,0,BAU,E5IPPUGLASS_PROD,T5GLASS_PRODIPPU,,,2018,,,,,,1.0,,,,,,,,,,,,,,,
0,0,BAU,E5IPPUGLASS_PROD,T5GLASS_PRODIPPU,,,2019,,,,,,1.0,,,,,,,,,,,,,,,
0,0,BAU,E5IPPUGLASS_PROD,T5GLASS_PRODIPPU,,,2020,,,,,,1.0,,,,,,,,,,,,,,,
0,0,BAU,E5IPPUGLASS_PROD,T5GLASS_PRODIPPU,,,2021,,,,,,1.0,,,,,,,,,,,,,,,
0,0,BAU,E5IPPUGLASS_PROD,T5GLASS_PRODIPPU,,,2022,,,,,,1.0,,,,,,,,,,,,,,,
0,0,BAU,E5IPPUGLASS_PROD,T5GLASS_PRODIPPU,,,2023,,,,,,1.0,,,,,,,,,,,,,,,
0,0,BAU,E5IPPUGLASS_PROD,T5GLASS_PRODIPPU,,,2024,,,,,,1.0,,,,,,,,,,,,,,,
0,0,BAU,E5IPPUGLASS_PROD,T5GLASS_PRODIPPU,,,2025,,,,,,1.0,,,,,,,,,,,,,,,
0,0,BAU,E5IPPUGLASS_PROD,T5GLASS_PRODIPPU,,,2026,,,,,,1.0,,,,,,,,,,,,,,,
0,0,BAU,E5IPPUGLASS_PROD,T5GLASS_PRODIPPU,,,2027,,,,,,1.0,,,,,,,,,,,,,,,
0,0,BAU,E5IPPUGLASS_PROD,T5GLASS_PRODIPPU,,,2028,,,,,,1.0,,,,,,,,,,,,,,,
0,0,BAU,E5IPPUGLASS_PROD,T5GLASS_PRODIPPU,,,2029,,,,,,1.0,,,,,,,,,,,,,,,
0,0,BAU,E5IPPUGLASS_PROD,T5GLASS_PRODIPPU,,,2030,,,,,,1.0,,,,,,,,,,,,,,,
0,0,BAU,E5IPPUGLASS_PROD,T5GLASS_PRODIPPU,,,2031,,,,,,1.0,,,,,,,,,,,,,,,
0,0,BAU,E5IPPUGLASS_PROD,T5GLASS_PRODIPPU,,,2032,,,,,,1.0,,,,,,,,,,,,,,,
0,0,BAU,E5IPPUGLASS_PROD,T5GLASS_PRODIPPU,,,2033,,,,,,1.0,,,,,,,,,,,,,,,
0,0,BAU,E5IPPUGLASS_PROD,T5GLASS_PRODIPPU,,,2034,,,,,,1.0,,,,,,,,,,,,,,,
0,0,BAU,E5IPPUGLASS_PROD,T5GLASS_PRODIPPU,,,2035,,,,,,1.0,,,,,,,,,,,,,,,
0,0,BAU,E5IPPUGLASS_PROD,T5GLASS_PRODIPPU,,,2036,,,,,,1.0,,,,,,,,,,,,,,,
0,0,BAU,E5IPPUGLASS_PROD,T5GLASS_PRODIPPU,,,2037,,,,,,1.0,,,,,,,,,,,,,,,
0,0,BAU,E5IPPUGLASS_PROD,T5GLASS_PRODIPPU,,,2038,,,,,,1.0,,,,,,,,,,,,,,,
0,0,BAU,E5IPPUGLASS_PROD,T5GLASS_PRODIPPU,,,2039,,,,,,1.0,,,,,,,,,,,,,,,
0,0,BAU,E5IPPUGLASS_PROD,T5GLASS_PRODIPPU,,,2040,,,,,,1.0,,,,,,,,,,,,,,,
0,0,BAU,E5IPPUGLASS_PROD,T5GLASS_PRODIPPU,,,2041,,,,,,1.0,,,,,,,,,,,,,,,
0,0,BAU,E5IPPUGLASS_PROD,T5GLASS_PRODIPPU,,,2042,,,,,,1.0,,,,,,,,,,,,,,,
0,0,BAU,E5IPPUGLASS_PROD,T5GLASS_PRODIPPU,,,2043,,,,,,1.0,,,,,,,,,,,,,,,
0,0,BAU,E5IPPUGLASS_PROD,T5GLASS_PRODIPPU,,,2044,,,,,,1.0,,,,,,,,,,,,,,,
0,0,BAU,E5IPPUGLASS_PROD,T5GLASS_PRODIPPU,,,2045,,,,,,1.0,,,,,,,,,,,,,,,
0,0,BAU,E5IPPUGLASS_PROD,T5GLASS_PRODIPPU,,,2046,,,,,,1.0,,,,,,,,,,,,,,,
0,0,BAU,E5IPPUGLASS_PROD,T5GLASS_PRODIPPU,,,2047,,,,,,1.0,,,,,,,,,,,,,,,
0,0,BAU,E5IPPUGLASS_PROD,T5GLASS_PRODIPPU,,,2048,,,,,,1.0,,,,,,,,,,,,,,,
0,0,BAU,E5IPPUGLASS_PROD,T5GLASS_PRODIPPU,,,2049,,,,,,1.0,,,,,,,,,,,,,,,
0,0,BAU,E5IPPUGLASS_PROD,T5GLASS_PRODIPPU,,,2050,,,,,,1.0,,,,,,,,,,,,,,,
0,0,BAU,E5IPPUCARBONATE_CERAMICS,T5CARBONATE_CERAMICSIPPU,,,2018,,,,,,1.0,,,,,,,,,,,,,,,
0,0,BAU,E5IPPUCARBONATE_CERAMICS,T5CARBONATE_CERAMICSIPPU,,,2019,,,,,,1.0,,,,,,,,,,,,,,,
0,0,BAU,E5IPPUCARBONATE_CERAMICS,T5CARBONATE_CERAMICSIPPU,,,2020,,,,,,1.0,,,,,,,,,,,,,,,
0,0,BAU,E5IPPUCARBONATE_CERAMICS,T5CARBONATE_CERAMICSIPPU,,,2021,,,,,,1.0,,,,,,,,,,,,,,,
0,0,BAU,E5IPPUCARBONATE_CERAMICS,T5CARBONATE_CERAMICSIPPU,,,2022,,,,,,1.0,,,,,,,,,,,,,,,
0,0,BAU,E5IPPUCARBONATE_CERAMICS,T5CARBONATE_CERAMICSIPPU,,,2023,,,,,,1.0,,,,,,,,,,,,,,,
0,0,BAU,E5IPPUCARBONATE_CERAMICS,T5CARBONATE_CERAMICSIPPU,,,2024,,,,,,1.0,,,,,,,,,,,,,,,
0,0,BAU,E5IPPUCARBONATE_CERAMICS,T5CARBONATE_CERAMICSIPPU,,,2025,,,,,,1.0,,,,,,,,,,,,,,,
0,0,BAU,E5IPPUCARBONATE_CERAMICS,T5CARBONATE_CERAMICSIPPU,,,2026,,,,,,1.0,,,,,,,,,,,,,,,
0,0,BAU,E5IPPUCARBONATE_CERAMICS,T5CARBONATE_CERAMICSIPPU,,,2027,,,,,,1.0,,,,,,,,,,,,,,,
0,0,BAU,E5IPPUCARBONATE_CERAMICS,T5CARBONATE_CERAMICSIPPU,,,2028,,,,,,1.0,,,,,,,,,,,,,,,
0,0,BAU,E5IPPUCARBONATE_CERAMICS,T5CARBONATE_CERAMICSIPPU,,,2029,,,,,,1.0,,,,,,,,,,,,,,,
0,0,BAU,E5IPPUCARBONATE_CERAMICS,T5CARBONATE_CERAMICSIPPU,,,2030,,,,,,1.0,,,,,,,,,,,,,,,
0,0,BAU,E5IPPUCARBONATE_CERAMICS,T5CARBONATE_CERAMICSIPPU,,,2031,,,,,,1.0,,,,,,,,,,,,,,,
0,0,BAU,E5IPPUCARBONATE_CERAMICS,T5CARBONATE_CERAMICSIPPU,,,2032,,,,,,1.0,,,,,,,,,,,,,,,
0,0,BAU,E5IPPUCARBONATE_CERAMICS,T5CARBONATE_CERAMICSIPPU,,,2033,,,,,,1.0,,,,,,,,,,,,,,,
0,0,BAU,E5IPPUCARBONATE_CERAMICS,T5CARBONATE_CERAMICSIPPU,,,2034,,,,,,1.0,,,,,,,,,,,,,,,
0,0,BAU,E5IPPUCARBONATE_CERAMICS,T5CARBONATE_CERAMICSIPPU,,,2035,,,,,,1.0,,,,,,,,,,,,,,,
0,0,BAU,E5IPPUCARBONATE_CERAMICS,T5CARBONATE_CERAMICSIPPU,,,2036,,,,,,1.0,,,,,,,,,,,,,,,
0,0,BAU,E5IPPUCARBONATE_CERAMICS,T5CARBONATE_CERAMICSIPPU,,,2037,,,,,,1.0,,,,,,,,,,,,,,,
0,0,BAU,E5IPPUCARBONATE_CERAMICS,T5CARBONATE_CERAMICSIPPU,,,2038,,,,,,1.0,,,,,,,,,,,,,,,
0,0,BAU,E5IPPUCARBONATE_CERAMICS,T5CARBONATE_CERAMICSIPPU,,,2039,,,,,,1.0,,,,,,,,,,,,,,,
0,0,BAU,E5IPPUCARBONATE_CERAMICS,T5CARBONATE_CERAMICSIPPU,,,2040,,,,,,1.0,,,,,,,,,,,,,,,
0,0,BAU,E5IPPUCARBONATE_CERAMICS,T5CARBONATE_CERAMICSIPPU,,,2041,,,,,,1.0,,,,,,,,,,,,,,,
0,0,BAU,E5IPPUCARBONATE_CERAMICS,T5CARBONATE_CERAMICSIPPU,,,2042,,,,,,1.0,,,,,,,,,,,,,,,
0,0,BAU,E5IPPUCARBONATE_CERAMICS,T5CARBONATE_CERAMICSIPPU,,,2043,,,,,,1.0,,,,,,,,,,,,,,,
0,0,BAU,E5IPPUCARBONATE_CERAMICS,T5CARBONATE_CERAMICSIPPU,,,2044,,,,,,1.0,,,,,,,,,,,,,,,
0,0,BAU,E5IPPUCARBONATE_CERAMICS,T5CARBONATE_CERAMICSIPPU,,,2045,,,,,,1.0,,,,,,,,,,,,,,,
0,0,BAU,E5IPPUCARBONATE_CERAMICS,T5CARBONATE_CERAMICSIPPU,,,2046,,,,,,1.0,,,,,,,,,,,,,,,
0,0,BAU,E5IPPUCARBONATE_CERAMICS,T5CARBONATE_CERAMICSIPPU,,,2047,,,,,,1.0,,,,,,,,,,,,,,,
0,0,BAU,E5IPPUCARBONATE_CERAMICS,T5CARBONATE_CERAMICSIPPU,,,2048,,,,,,1.0,,,,,,,,,,,,,,,
0,0,BAU,E5IPPUCARBONATE_CERAMICS,T5CARBONATE_CERAMICSIPPU,,,2049,,,,,,1.0,,,,,,,,,,,,,,,
0,0,BAU,E5IPPUCARBONATE_CERAMICS,T5CARBONATE_CERAMICSIPPU,,,2050,,,,,,1.0,,,,,,,,,,,,,,,
0,0,BAU,E5IPPUCARBONATE_ASH,T5CARBONATE_ASHIPPU,,,2018,,,,,,1.0,,,,,,,,,,,,,,,
0,0,BAU,E5IPPUCARBONATE_ASH,T5CARBONATE_ASHIPPU,,,2019,,,,,,1.0,,,,,,,,,,,,,,,
0,0,BAU,E5IPPUCARBONATE_ASH,T5CARBONATE_ASHIPPU,,,2020,,,,,,1.0,,,,,,,,,,,,,,,
0,0,BAU,E5IPPUCARBONATE_ASH,T5CARBONATE_ASHIPPU,,,2021,,,,,,1.0,,,,,,,,,,,,,,,
0,0,BAU,E5IPPUCARBONATE_ASH,T5CARBONATE_ASHIPPU,,,2022,,,,,,1.0,,,,,,,,,,,,,,,
0,0,BAU,E5IPPUCARBONATE_ASH,T5CARBONATE_ASHIPPU,,,2023,,,,,,1.0,,,,,,,,,,,,,,,
0,0,BAU,E5IPPUCARBONATE_ASH,T5CARBONATE_ASHIPPU,,,2024,,,,,,1.0,,,,,,,,,,,,,,,
0,0,BAU,E5IPPUCARBONATE_ASH,T5CARBONATE_ASHIPPU,,,2025,,,,,,1.0,,,,,,,,,,,,,,,
0,0,BAU,E5IPPUCARBONATE_ASH,T5CARBONATE_ASHIPPU,,,2026,,,,,,1.0,,,,,,,,,,,,,,,
0,0,BAU,E5IPPUCARBONATE_ASH,T5CARBONATE_ASHIPPU,,,2027,,,,,,1.0,,,,,,,,,,,,,,,
0,0,BAU,E5IPPUCARBONATE_ASH,T5CARBONATE_ASHIPPU,,,2028,,,,,,1.0,,,,,,,,,,,,,,,
0,0,BAU,E5IPPUCARBONATE_ASH,T5CARBONATE_ASHIPPU,,,2029,,,,,,1.0,,,,,,,,,,,,,,,
0,0,BAU,E5IPPUCARBONATE_ASH,T5CARBONATE_ASHIPPU,,,2030,,,,,,1.0,,,,,,,,,,,,,,,
0,0,BAU,E5IPPUCARBONATE_ASH,T5CARBONATE_ASHIPPU,,,2031,,,,,,1.0,,,,,,,,,,,,,,,
0,0,BAU,E5IPPUCARBONATE_ASH,T5CARBONATE_ASHIPPU,,,2032,,,,,,1.0,,,,,,,,,,,,,,,
0,0,BAU,E5IPPUCARBONATE_ASH,T5CARBONATE_ASHIPPU,,,2033,,,,,,1.0,,,,,,,,,,,,,,,
0,0,BAU,E5IPPUCARBONATE_ASH,T5CARBONATE_ASHIPPU,,,2034,,,,,,1.0,,,,,,,,,,,,,,,
0,0,BAU,E5IPPUCARBONATE_ASH,T5CARBONATE_ASHIPPU,,,2035,,,,,,1.0,,,,,,,,,,,,,,,
0,0,BAU,E5IPPUCARBONATE_ASH,T5CARBONATE_ASHIPPU,,,2036,,,,,,1.0,,,,,,,,,,,,,,,
0,0,BAU,E5IPPUCARBONATE_ASH,T5CARBONATE_ASHIPPU,,,2037,,,,,,1.0,,,,,,,,,,,,,,,
0,0,BAU,E5IPPUCARBONATE_ASH,T5CARBONATE_ASHIPPU,,,2038,,,,,,1.0,,,,,,,,,,,,,,,
0,0,BAU,E5IPPUCARBONATE_ASH,T5CARBONATE_ASHIPPU,,,2039,,,,,,1.0,,,,,,,,,,,,,,,
0,0,BAU,E5IPPUCARBONATE_ASH,T5CARBONATE_ASHIPPU,,,2040,,,,,,1.0,,,,,,,,,,,,,,,
0,0,BAU,E5IPPUCARBONATE_ASH,T5CARBONATE_ASHIPPU,,,2041,,,,,,1.0,,,,,,,,,,,,,,,
0,0,BAU,E5IPPUCARBONATE_ASH,T5CARBONATE_ASHIPPU,,,2042,,,,,,1.0,,,,,,,,,,,,,,,
0,0,BAU,E5IPPUCARBONATE_ASH,T5CARBONATE_ASHIPPU,,,2043,,,,,,1.0,,,,,,,,,,,,,,,
0,0,BAU,E5IPPUCARBONATE_ASH,T5CARBONATE_ASHIPPU,,,2044,,,,,,1.0,,,,,,,,,,,,,,,
0,0,BAU,E5IPPUCARBONATE_ASH,T5CARBONATE_ASHIPPU,,,2045,,,,,,1.0,,,,,,,,,,,,,,,
0,0,BAU,E5IPPUCARBONATE_ASH,T5CARBONATE_ASHIPPU,,,2046,,,,,,1.0,,,,,,,,,,,,,,,
0,0,BAU,E5IPPUCARBONATE_ASH,T5CARBONATE_ASHIPPU,,,2047,,,,,,1.0,,,,,,,,,,,,,,,
0,0,BAU,E5IPPUCARBONATE_ASH,T5CARBONATE_ASHIPPU,,,2048,,,,,,1.0,,,,,,,,,,,,,,,
0,0,BAU,E5IPPUCARBONATE_ASH,T5CARBONATE_ASHIPPU,,,2049,,,,,,1.0,,,,,,,,,,,,,,,
0,0,BAU,E5IPPUCARBONATE_ASH,T5CARBONATE_ASHIPPU,,,2050,,,,,,1.0,,,,,,,,,,,,,,,
0,0,BAU,E5IPPUIRON_STEEL,T5IRON_STEELIPPU,,,2018,,,,,,1.0,,,,,,,,,,,,,,,
0,0,BAU,E5IPPUIRON_STEEL,T5IRON_STEELIPPU,,,2019,,,,,,1.0,,,,,,,,,,,,,,,
0,0,BAU,E5IPPUIRON_STEEL,T5IRON_STEELIPPU,,,2020,,,,,,1.0,,,,,,,,,,,,,,,
0,0,BAU,E5IPPUIRON_STEEL,T5IRON_STEELIPPU,,,2021,,,,,,1.0,,,,,,,,,,,,,,,
0,0,BAU,E5IPPUIRON_STEEL,T5IRON_STEELIPPU,,,2022,,,,,,1.0,,,,,,,,,,,,,,,
0,0,BAU,E5IPPUIRON_STEEL,T5IRON_STEELIPPU,,,2023,,,,,,1.0,,,,,,,,,,,,,,,
0,0,BAU,E5IPPUIRON_STEEL,T5IRON_STEELIPPU,,,2024,,,,,,1.0,,,,,,,,,,,,,,,
0,0,BAU,E5IPPUIRON_STEEL,T5IRON_STEELIPPU,,,2025,,,,,,1.0,,,,,,,,,,,,,,,
0,0,BAU,E5IPPUIRON_STEEL,T5IRON_STEELIPPU,,,2026,,,,,,1.0,,,,,,,,,,,,,,,
0,0,BAU,E5IPPUIRON_STEEL,T5IRON_STEELIPPU,,,2027,,,,,,1.0,,,,,,,,,,,,,,,
0,0,BAU,E5IPPUIRON_STEEL,T5IRON_STEELIPPU,,,2028,,,,,,1.0,,,,,,,,,,,,,,,
0,0,BAU,E5IPPUIRON_STEEL,T5IRON_STEELIPPU,,,2029,,,,,,1.0,,,,,,,,,,,,,,,
0,0,BAU,E5IPPUIRON_STEEL,T5IRON_STEELIPPU,,,2030,,,,,,1.0,,,,,,,,,,,,,,,
0,0,BAU,E5IPPUIRON_STEEL,T5IRON_STEELIPPU,,,2031,,,,,,1.0,,,,,,,,,,,,,,,
0,0,BAU,E5IPPUIRON_STEEL,T5IRON_STEELIPPU,,,2032,,,,,,1.0,,,,,,,,,,,,,,,
0,0,BAU,E5IPPUIRON_STEEL,T5IRON_STEELIPPU,,,2033,,,,,,1.0,,,,,,,,,,,,,,,
0,0,BAU,E5IPPUIRON_STEEL,T5IRON_STEELIPPU,,,2034,,,,,,1.0,,,,,,,,,,,,,,,
0,0,BAU,E5IPPUIRON_STEEL,T5IRON_STEELIPPU,,,2035,,,,,,1.0,,,,,,,,,,,,,,,
0,0,BAU,E5IPPUIRON_STEEL,T5IRON_STEELIPPU,,,2036,,,,,,1.0,,,,,,,,,,,,,,,
0,0,BAU,E5IPPUIRON_STEEL,T5IRON_STEELIPPU,,,2037,,,,,,1.0,,,,,,,,,,,,,,,
0,0,BAU,E5IPPUIRON_STEEL,T5IRON_STEELIPPU,,,2038,,,,,,1.0,,,,,,,,,,,,,,,
0,0,BAU,E5IPPUIRON_STEEL,T5IRON_STEELIPPU,,,2039,,,,,,1.0,,,,,,,,,,,,,,,
0,0,BAU,E5IPPUIRON_STEEL,T5IRON_STEELIPPU,,,2040,,,,,,1.0,,,,,,,,,,,,,,,
0,0,BAU,E5IPPUIRON_STEEL,T5IRON_STEELIPPU,,,2041,,,,,,1.0,,,,,,,,,,,,,,,
0,0,BAU,E5IPPUIRON_STEEL,T5IRON_STEELIPPU,,,2042,,,,,,1.0,,,,,,,,,,,,,,,
0,0,BAU,E5IPPUIRON_STEEL,T5IRON_STEELIPPU,,,2043,,,,,,1.0,,,,,,,,,,,,,,,
0,0,BAU,E5IPPUIRON_STEEL,T5IRON_STEELIPPU,,,2044,,,,,,1.0,,,,,,,,,,,,,,,
0,0,BAU,E5IPPUIRON_STEEL,T5IRON_STEELIPPU,,,2045,,,,,,1.0,,,,,,,,,,,,,,,
0,0,BAU,E5IPPUIRON_STEEL,T5IRON_STEELIPPU,,,2046,,,,,,1.0,,,,,,,,,,,,,,,
0,0,BAU,E5IPPUIRON_STEEL,T5IRON_STEELIPPU,,,2047,,,,,,1.0,,,,,,,,,,,,,,,
0,0,BAU,E5IPPUIRON_STEEL,T5IRON_STEELIPPU,,,2048,,,,,,1.0,,,,,,,,,,,,,,,
0,0,BAU,E5IPPUIRON_STEEL,T5IRON_STEELIPPU,,,2049,,,,,,1.0,,,,,,,,,,,,,,,
0,0,BAU,E5IPPUIRON_STEEL,T5IRON_STEELIPPU,,,2050,,,,,,1.0,,,,,,,,,,,,,,,
0,0,BAU,E5IPPUPROD_FERRO,T5PROD_FERROIPPU,,,2018,,,,,,1.0,,,,,,,,,,,,,,,
0,0,BAU,E5IPPUPROD_FERRO,T5PROD_FERROIPPU,,,2019,,,,,,1.0,,,,,,,,,,,,,,,
0,0,BAU,E5IPPUPROD_FERRO,T5PROD_FERROIPPU,,,2020,,,,,,1.0,,,,,,,,,,,,,,,
0,0,BAU,E5IPPUPROD_FERRO,T5PROD_FERROIPPU,,,2021,,,,,,1.0,,,,,,,,,,,,,,,
0,0,BAU,E5IPPUPROD_FERRO,T5PROD_FERROIPPU,,,2022,,,,,,1.0,,,,,,,,,,,,,,,
0,0,BAU,E5IPPUPROD_FERRO,T5PROD_FERROIPPU,,,2023,,,,,,1.0,,,,,,,,,,,,,,,
0,0,BAU,E5IPPUPROD_FERRO,T5PROD_FERROIPPU,,,2024,,,,,,1.0,,,,,,,,,,,,,,,
0,0,BAU,E5IPPUPROD_FERRO,T5PROD_FERROIPPU,,,2025,,,,,,1.0,,,,,,,,,,,,,,,
0,0,BAU,E5IPPUPROD_FERRO,T5PROD_FERROIPPU,,,2026,,,,,,1.0,,,,,,,,,,,,,,,
0,0,BAU,E5IPPUPROD_FERRO,T5PROD_FERROIPPU,,,2027,,,,,,1.0,,,,,,,,,,,,,,,
0,0,BAU,E5IPPUPROD_FERRO,T5PROD_FERROIPPU,,,2028,,,,,,1.0,,,,,,,,,,,,,,,
0,0,BAU,E5IPPUPROD_FERRO,T5PROD_FERROIPPU,,,2029,,,,,,1.0,,,,,,,,,,,,,,,
0,0,BAU,E5IPPUPROD_FERRO,T5PROD_FERROIPPU,,,2030,,,,,,1.0,,,,,,,,,,,,,,,
0,0,BAU,E5IPPUPROD_FERRO,T5PROD_FERROIPPU,,,2031,,,,,,1.0,,,,,,,,,,,,,,,
0,0,BAU,E5IPPUPROD_FERRO,T5PROD_FERROIPPU,,,2032,,,,,,1.0,,,,,,,,,,,,,,,
0,0,BAU,E5IPPUPROD_FERRO,T5PROD_FERROIPPU,,,2033,,,,,,1.0,,,,,,,,,,,,,,,
0,0,BAU,E5IPPUPROD_FERRO,T5PROD_FERROIPPU,,,2034,,,,,,1.0,,,,,,,,,,,,,,,
0,0,BAU,E5IPPUPROD_FERRO,T5PROD_FERROIPPU,,,2035,,,,,,1.0,,,,,,,,,,,,,,,
0,0,BAU,E5IPPUPROD_FERRO,T5PROD_FERROIPPU,,,2036,,,,,,1.0,,,,,,,,,,,,,,,
0,0,BAU,E5IPPUPROD_FERRO,T5PROD_FERROIPPU,,,2037,,,,,,1.0,,,,,,,,,,,,,,,
0,0,BAU,E5IPPUPROD_FERRO,T5PROD_FERROIPPU,,,2038,,,,,,1.0,,,,,,,,,,,,,,,
0,0,BAU,E5IPPUPROD_FERRO,T5PROD_FERROIPPU,,,2039,,,,,,1.0,,,,,,,,,,,,,,,
0,0,BAU,E5IPPUPROD_FERRO,T5PROD_FERROIPPU,,,2040,,,,,,1.0,,,,,,,,,,,,,,,
0,0,BAU,E5IPPUPROD_FERRO,T5PROD_FERROIPPU,,,2041,,,,,,1.0,,,,,,,,,,,,,,,
0,0,BAU,E5IPPUPROD_FERRO,T5PROD_FERROIPPU,,,2042,,,,,,1.0,,,,,,,,,,,,,,,
0,0,BAU,E5IPPUPROD_FERRO,T5PROD_FERROIPPU,,,2043,,,,,,1.0,,,,,,,,,,,,,,,
0,0,BAU,E5IPPUPROD_FERRO,T5PROD_FERROIPPU,,,2044,,,,,,1.0,,,,,,,,,,,,,,,
0,0,BAU,E5IPPUPROD_FERRO,T5PROD_FERROIPPU,,,2045,,,,,,1.0,,,,,,,,,,,,,,,
0,0,BAU,E5IPPUPROD_FERRO,T5PROD_FERROIPPU,,,2046,,,,,,1.0,,,,,,,,,,,,,,,
0,0,BAU,E5IPPUPROD_FERRO,T5PROD_FERROIPPU,,,2047,,,,,,1.0,,,,,,,,,,,,,,,
0,0,BAU,E5IPPUPROD_FERRO,T5PROD_FERROIPPU,,,2048,,,,,,1.0,,,,,,,,,,,,,,,
0,0,BAU,E5IPPUPROD_FERRO,T5PROD_FERROIPPU,,,2049,,,,,,1.0,,,,,,,,,,,,,,,
0,0,BAU,E5IPPUPROD_FERRO,T5PROD_FERROIPPU,,,2050,,,,,,1.0,,,,,,,,,,,,,,,
0,0,BAU,E5IPPULUBRI_OILS,T5LUBRI_OILSIPPU,,,2018,,,,,,1.0,,,,,,,,,,,,,,,
0,0,BAU,E5IPPULUBRI_OILS,T5LUBRI_OILSIPPU,,,2019,,,,,,1.0,,,,,,,,,,,,,,,
0,0,BAU,E5IPPULUBRI_OILS,T5LUBRI_OILSIPPU,,,2020,,,,,,1.0,,,,,,,,,,,,,,,
0,0,BAU,E5IPPULUBRI_OILS,T5LUBRI_OILSIPPU,,,2021,,,,,,1.0,,,,,,,,,,,,,,,
0,0,BAU,E5IPPULUBRI_OILS,T5LUBRI_OILSIPPU,,,2022,,,,,,1.0,,,,,,,,,,,,,,,
0,0,BAU,E5IPPULUBRI_OILS,T5LUBRI_OILSIPPU,,,2023,,,,,,1.0,,,,,,,,,,,,,,,
0,0,BAU,E5IPPULUBRI_OILS,T5LUBRI_OILSIPPU,,,2024,,,,,,1.0,,,,,,,,,,,,,,,
0,0,BAU,E5IPPULUBRI_OILS,T5LUBRI_OILSIPPU,,,2025,,,,,,1.0,,,,,,,,,,,,,,,
0,0,BAU,E5IPPULUBRI_OILS,T5LUBRI_OILSIPPU,,,2026,,,,,,1.0,,,,,,,,,,,,,,,
0,0,BAU,E5IPPULUBRI_OILS,T5LUBRI_OILSIPPU,,,2027,,,,,,1.0,,,,,,,,,,,,,,,
0,0,BAU,E5IPPULUBRI_OILS,T5LUBRI_OILSIPPU,,,2028,,,,,,1.0,,,,,,,,,,,,,,,
0,0,BAU,E5IPPULUBRI_OILS,T5LUBRI_OILSIPPU,,,2029,,,,,,1.0,,,,,,,,,,,,,,,
0,0,BAU,E5IPPULUBRI_OILS,T5LUBRI_OILSIPPU,,,2030,,,,,,1.0,,,,,,,,,,,,,,,
0,0,BAU,E5IPPULUBRI_OILS,T5LUBRI_OILSIPPU,,,2031,,,,,,1.0,,,,,,,,,,,,,,,
0,0,BAU,E5IPPULUBRI_OILS,T5LUBRI_OILSIPPU,,,2032,,,,,,1.0,,,,,,,,,,,,,,,
0,0,BAU,E5IPPULUBRI_OILS,T5LUBRI_OILSIPPU,,,2033,,,,,,1.0,,,,,,,,,,,,,,,
0,0,BAU,E5IPPULUBRI_OILS,T5LUBRI_OILSIPPU,,,2034,,,,,,1.0,,,,,,,,,,,,,,,
0,0,BAU,E5IPPULUBRI_OILS,T5LUBRI_OILSIPPU,,,2035,,,,,,1.0,,,,,,,,,,,,,,,
0,0,BAU,E5IPPULUBRI_OILS,T5LUBRI_OILSIPPU,,,2036,,,,,,1.0,,,,,,,,,,,,,,,
0,0,BAU,E5IPPULUBRI_OILS,T5LUBRI_OILSIPPU,,,2037,,,,,,1.0,,,,,,,,,,,,,,,
0,0,BAU,E5IPPULUBRI_OILS,T5LUBRI_OILSIPPU,,,2038,,,,,,1.0,,,,,,,,,,,,,,,
0,0,BAU,E5IPPULUBRI_OILS,T5LUBRI_OILSIPPU,,,2039,,,,,,1.0,,,,,,,,,,,,,,,
0,0,BAU,E5IPPULUBRI_OILS,T5LUBRI_OILSIPPU,,,2040,,,,,,1.0,,,,,,,,,,,,,,,
0,0,BAU,E5IPPULUBRI_OILS,T5LUBRI_OILSIPPU,,,2041,,,,,,1.0,,,,,,,,,,,,,,,
0,0,BAU,E5IPPULUBRI_OILS,T5LUBRI_OILSIPPU,,,2042,,,,,,1.0,,,,,,,,,,,,,,,
0,0,BAU,E5IPPULUBRI_OILS,T5LUBRI_OILSIPPU,,,2043,,,,,,1.0,,,,,,,,,,,,,,,
0,0,BAU,E5IPPULUBRI_OILS,T5LUBRI_OILSIPPU,,,2044,,,,,,1.0,,,,,,,,,,,,,,,
0,0,BAU,E5IPPULUBRI_OILS,T5LUBRI_OILSIPPU,,,2045,,,,,,1.0,,,,,,,,,,,,,,,
0,0,BAU,E5IPPULUBRI_OILS,T5LUBRI_OILSIPPU,,,2046,,,,,,1.0,,,,,,,,,,,,,,,
0,0,BAU,E5IPPULUBRI_OILS,T5LUBRI_OILSIPPU,,,2047,,,,,,1.0,,,,,,,,,,,,,,,
0,0,BAU,E5IPPULUBRI_OILS,T5LUBRI_OILSIPPU,,,2048,,,,,,1.0,,,,,,,,,,,,,,,
0,0,BAU,E5IPPULUBRI_OILS,T5LUBRI_OILSIPPU,,,2049,,,,,,1.0,,,,,,,,,,,,,,,
0,0,BAU,E5IPPULUBRI_OILS,T5LUBRI_OILSIPPU,,,2050,,,,,,1.0,,,,,,,,,,,,,,,
0,0,BAU,E5IPPUPARAFFIN,T5PARAFFINIPPU,,,2018,,,,,,1.0,,,,,,,,,,,,,,,
0,0,BAU,E5IPPUPARAFFIN,T5PARAFFINIPPU,,,2019,,,,,,1.0,,,,,,,,,,,,,,,
0,0,BAU,E5IPPUPARAFFIN,T5PARAFFINIPPU,,,2020,,,,,,1.0,,,,,,,,,,,,,,,
0,0,BAU,E5IPPUPARAFFIN,T5PARAFFINIPPU,,,2021,,,,,,1.0,,,,,,,,,,,,,,,
0,0,BAU,E5IPPUPARAFFIN,T5PARAFFINIPPU,,,2022,,,,,,1.0,,,,,,,,,,,,,,,
0,0,BAU,E5IPPUPARAFFIN,T5PARAFFINIPPU,,,2023,,,,,,1.0,,,,,,,,,,,,,,,
0,0,BAU,E5IPPUPARAFFIN,T5PARAFFINIPPU,,,2024,,,,,,1.0,,,,,,,,,,,,,,,
0,0,BAU,E5IPPUPARAFFIN,T5PARAFFINIPPU,,,2025,,,,,,1.0,,,,,,,,,,,,,,,
0,0,BAU,E5IPPUPARAFFIN,T5PARAFFINIPPU,,,2026,,,,,,1.0,,,,,,,,,,,,,,,
0,0,BAU,E5IPPUPARAFFIN,T5PARAFFINIPPU,,,2027,,,,,,1.0,,,,,,,,,,,,,,,
0,0,BAU,E5IPPUPARAFFIN,T5PARAFFINIPPU,,,2028,,,,,,1.0,,,,,,,,,,,,,,,
0,0,BAU,E5IPPUPARAFFIN,T5PARAFFINIPPU,,,2029,,,,,,1.0,,,,,,,,,,,,,,,
0,0,BAU,E5IPPUPARAFFIN,T5PARAFFINIPPU,,,2030,,,,,,1.0,,,,,,,,,,,,,,,
0,0,BAU,E5IPPUPARAFFIN,T5PARAFFINIPPU,,,2031,,,,,,1.0,,,,,,,,,,,,,,,
0,0,BAU,E5IPPUPARAFFIN,T5PARAFFINIPPU,,,2032,,,,,,1.0,,,,,,,,,,,,,,,
0,0,BAU,E5IPPUPARAFFIN,T5PARAFFINIPPU,,,2033,,,,,,1.0,,,,,,,,,,,,,,,
0,0,BAU,E5IPPUPARAFFIN,T5PARAFFINIPPU,,,2034,,,,,,1.0,,,,,,,,,,,,,,,
0,0,BAU,E5IPPUPARAFFIN,T5PARAFFINIPPU,,,2035,,,,,,1.0,,,,,,,,,,,,,,,
0,0,BAU,E5IPPUPARAFFIN,T5PARAFFINIPPU,,,2036,,,,,,1.0,,,,,,,,,,,,,,,
0,0,BAU,E5IPPUPARAFFIN,T5PARAFFINIPPU,,,2037,,,,,,1.0,,,,,,,,,,,,,,,
0,0,BAU,E5IPPUPARAFFIN,T5PARAFFINIPPU,,,2038,,,,,,1.0,,,,,,,,,,,,,,,
0,0,BAU,E5IPPUPARAFFIN,T5PARAFFINIPPU,,,2039,,,,,,1.0,,,,,,,,,,,,,,,
0,0,BAU,E5IPPUPARAFFIN,T5PARAFFINIPPU,,,2040,,,,,,1.0,,,,,,,,,,,,,,,
0,0,BAU,E5IPPUPARAFFIN,T5PARAFFINIPPU,,,2041,,,,,,1.0,,,,,,,,,,,,,,,
0,0,BAU,E5IPPUPARAFFIN,T5PARAFFINIPPU,,,2042,,,,,,1.0,,,,,,,,,,,,,,,
0,0,BAU,E5IPPUPARAFFIN,T5PARAFFINIPPU,,,2043,,,,,,1.0,,,,,,,,,,,,,,,
0,0,BAU,E5IPPUPARAFFIN,T5PARAFFINIPPU,,,2044,,,,,,1.0,,,,,,,,,,,,,,,
0,0,BAU,E5IPPUPARAFFIN,T5PARAFFINIPPU,,,2045,,,,,,1.0,,,,,,,,,,,,,,,
0,0,BAU,E5IPPUPARAFFIN,T5PARAFFINIPPU,,,2046,,,,,,1.0,,,,,,,,,,,,,,,
0,0,BAU,E5IPPUPARAFFIN,T5PARAFFINIPPU,,,2047,,,,,,1.0,,,,,,,,,,,,,,,
0,0,BAU,E5IPPUPARAFFIN,T5PARAFFINIPPU,,,2048,,,,,,1.0,,,,,,,,,,,,,,,
0,0,BAU,E5IPPUPARAFFIN,T5PARAFFINIPPU,,,2049,,,,,,1.0,,,,,,,,,,,,,,,
0,0,BAU,E5IPPUPARAFFIN,T5PARAFFINIPPU,,,2050,,,,,,1.0,,,,,,,,,,,,,,,
0,0,BAU,E5IPPUREFR_AC_HFC32,T5REFR_AC_HFC32IPPU,,,2018,,,,,,1.0,,,,,,,,,,,,,,,
0,0,BAU,E5IPPUREFR_AC_HFC32,T5REFR_AC_HFC32IPPU,,,2019,,,,,,1.0,,,,,,,,,,,,,,,
0,0,BAU,E5IPPUREFR_AC_HFC32,T5REFR_AC_HFC32IPPU,,,2020,,,,,,1.0,,,,,,,,,,,,,,,
0,0,BAU,E5IPPUREFR_AC_HFC32,T5REFR_AC_HFC32IPPU,,,2021,,,,,,1.0,,,,,,,,,,,,,,,
0,0,BAU,E5IPPUREFR_AC_HFC32,T5REFR_AC_HFC32IPPU,,,2022,,,,,,1.0,,,,,,,,,,,,,,,
0,0,BAU,E5IPPUREFR_AC_HFC32,T5REFR_AC_HFC32IPPU,,,2023,,,,,,1.0,,,,,,,,,,,,,,,
0,0,BAU,E5IPPUREFR_AC_HFC32,T5REFR_AC_HFC32IPPU,,,2024,,,,,,1.0,,,,,,,,,,,,,,,
0,0,BAU,E5IPPUREFR_AC_HFC32,T5REFR_AC_HFC32IPPU,,,2025,,,,,,1.0,,,,,,,,,,,,,,,
0,0,BAU,E5IPPUREFR_AC_HFC32,T5REFR_AC_HFC32IPPU,,,2026,,,,,,1.0,,,,,,,,,,,,,,,
0,0,BAU,E5IPPUREFR_AC_HFC32,T5REFR_AC_HFC32IPPU,,,2027,,,,,,1.0,,,,,,,,,,,,,,,
0,0,BAU,E5IPPUREFR_AC_HFC32,T5REFR_AC_HFC32IPPU,,,2028,,,,,,1.0,,,,,,,,,,,,,,,
0,0,BAU,E5IPPUREFR_AC_HFC32,T5REFR_AC_HFC32IPPU,,,2029,,,,,,1.0,,,,,,,,,,,,,,,
0,0,BAU,E5IPPUREFR_AC_HFC32,T5REFR_AC_HFC32IPPU,,,2030,,,,,,1.0,,,,,,,,,,,,,,,
0,0,BAU,E5IPPUREFR_AC_HFC32,T5REFR_AC_HFC32IPPU,,,2031,,,,,,1.0,,,,,,,,,,,,,,,
0,0,BAU,E5IPPUREFR_AC_HFC32,T5REFR_AC_HFC32IPPU,,,2032,,,,,,1.0,,,,,,,,,,,,,,,
0,0,BAU,E5IPPUREFR_AC_HFC32,T5REFR_AC_HFC32IPPU,,,2033,,,,,,1.0,,,,,,,,,,,,,,,
0,0,BAU,E5IPPUREFR_AC_HFC32,T5REFR_AC_HFC32IPPU,,,2034,,,,,,1.0,,,,,,,,,,,,,,,
0,0,BAU,E5IPPUREFR_AC_HFC32,T5REFR_AC_HFC32IPPU,,,2035,,,,,,1.0,,,,,,,,,,,,,,,
0,0,BAU,E5IPPUREFR_AC_HFC32,T5REFR_AC_HFC32IPPU,,,2036,,,,,,1.0,,,,,,,,,,,,,,,
0,0,BAU,E5IPPUREFR_AC_HFC32,T5REFR_AC_HFC32IPPU,,,2037,,,,,,1.0,,,,,,,,,,,,,,,
0,0,BAU,E5IPPUREFR_AC_HFC32,T5REFR_AC_HFC32IPPU,,,2038,,,,,,1.0,,,,,,,,,,,,,,,
0,0,BAU,E5IPPUREFR_AC_HFC32,T5REFR_AC_HFC32IPPU,,,2039,,,,,,1.0,,,,,,,,,,,,,,,
0,0,BAU,E5IPPUREFR_AC_HFC32,T5REFR_AC_HFC32IPPU,,,2040,,,,,,1.0,,,,,,,,,,,,,,,
0,0,BAU,E5IPPUREFR_AC_HFC32,T5REFR_AC_HFC32IPPU,,,2041,,,,,,1.0,,,,,,,,,,,,,,,
0,0,BAU,E5IPPUREFR_AC_HFC32,T5REFR_AC_HFC32IPPU,,,2042,,,,,,1.0,,,,,,,,,,,,,,,
0,0,BAU,E5IPPUREFR_AC_HFC32,T5REFR_AC_HFC32IPPU,,,2043,,,,,,1.0,,,,,,,,,,,,,,,
0,0,BAU,E5IPPUREFR_AC_HFC32,T5REFR_AC_HFC32IPPU,,,2044,,,,,,1.0,,,,,,,,,,,,,,,
0,0,BAU,E5IPPUREFR_AC_HFC32,T5REFR_AC_HFC32IPPU,,,2045,,,,,,1.0,,,,,,,,,,,,,,,
0,0,BAU,E5IPPUREFR_AC_HFC32,T5REFR_AC_HFC32IPPU,,,2046,,,,,,1.0,,,,,,,,,,,,,,,
0,0,BAU,E5IPPUREFR_AC_HFC32,T5REFR_AC_HFC32IPPU,,,2047,,,,,,1.0,,,,,,,,,,,,,,,
0,0,BAU,E5IPPUREFR_AC_HFC32,T5REFR_AC_HFC32IPPU,,,2048,,,,,,1.0,,,,,,,,,,,,,,,
0,0,BAU,E5IPPUREFR_AC_HFC32,T5REFR_AC_HFC32IPPU,,,2049,,,,,,1.0,,,,,,,,,,,,,,,
0,0,BAU,E5IPPUREFR_AC_HFC32,T5REFR_AC_HFC32IPPU,,,2050,,,,,,1.0,,,,,,,,,,,,,,,
0,0,BAU,E5IPPUREFR_AC_HFC125,T5REFR_AC_HFC125IPPU,,,2018,,,,,,1.0,,,,,,,,,,,,,,,
0,0,BAU,E5IPPUREFR_AC_HFC125,T5REFR_AC_HFC125IPPU,,,2019,,,,,,1.0,,,,,,,,,,,,,,,
0,0,BAU,E5IPPUREFR_AC_HFC125,T5REFR_AC_HFC125IPPU,,,2020,,,,,,1.0,,,,,,,,,,,,,,,
0,0,BAU,E5IPPUREFR_AC_HFC125,T5REFR_AC_HFC125IPPU,,,2021,,,,,,1.0,,,,,,,,,,,,,,,
0,0,BAU,E5IPPUREFR_AC_HFC125,T5REFR_AC_HFC125IPPU,,,2022,,,,,,1.0,,,,,,,,,,,,,,,
0,0,BAU,E5IPPUREFR_AC_HFC125,T5REFR_AC_HFC125IPPU,,,2023,,,,,,1.0,,,,,,,,,,,,,,,
0,0,BAU,E5IPPUREFR_AC_HFC125,T5REFR_AC_HFC125IPPU,,,2024,,,,,,1.0,,,,,,,,,,,,,,,
0,0,BAU,E5IPPUREFR_AC_HFC125,T5REFR_AC_HFC125IPPU,,,2025,,,,,,1.0,,,,,,,,,,,,,,,
0,0,BAU,E5IPPUREFR_AC_HFC125,T5REFR_AC_HFC125IPPU,,,2026,,,,,,1.0,,,,,,,,,,,,,,,
0,0,BAU,E5IPPUREFR_AC_HFC125,T5REFR_AC_HFC125IPPU,,,2027,,,,,,1.0,,,,,,,,,,,,,,,
0,0,BAU,E5IPPUREFR_AC_HFC125,T5REFR_AC_HFC125IPPU,,,2028,,,,,,1.0,,,,,,,,,,,,,,,
0,0,BAU,E5IPPUREFR_AC_HFC125,T5REFR_AC_HFC125IPPU,,,2029,,,,,,1.0,,,,,,,,,,,,,,,
0,0,BAU,E5IPPUREFR_AC_HFC125,T5REFR_AC_HFC125IPPU,,,2030,,,,,,1.0,,,,,,,,,,,,,,,
0,0,BAU,E5IPPUREFR_AC_HFC125,T5REFR_AC_HFC125IPPU,,,2031,,,,,,1.0,,,,,,,,,,,,,,,
0,0,BAU,E5IPPUREFR_AC_HFC125,T5REFR_AC_HFC125IPPU,,,2032,,,,,,1.0,,,,,,,,,,,,,,,
0,0,BAU,E5IPPUREFR_AC_HFC125,T5REFR_AC_HFC125IPPU,,,2033,,,,,,1.0,,,,,,,,,,,,,,,
0,0,BAU,E5IPPUREFR_AC_HFC125,T5REFR_AC_HFC125IPPU,,,2034,,,,,,1.0,,,,,,,,,,,,,,,
0,0,BAU,E5IPPUREFR_AC_HFC125,T5REFR_AC_HFC125IPPU,,,2035,,,,,,1.0,,,,,,,,,,,,,,,
0,0,BAU,E5IPPUREFR_AC_HFC125,T5REFR_AC_HFC125IPPU,,,2036,,,,,,1.0,,,,,,,,,,,,,,,
0,0,BAU,E5IPPUREFR_AC_HFC125,T5REFR_AC_HFC125IPPU,,,2037,,,,,,1.0,,,,,,,,,,,,,,,
0,0,BAU,E5IPPUREFR_AC_HFC125,T5REFR_AC_HFC125IPPU,,,2038,,,,,,1.0,,,,,,,,,,,,,,,
0,0,BAU,E5IPPUREFR_AC_HFC125,T5REFR_AC_HFC125IPPU,,,2039,,,,,,1.0,,,,,,,,,,,,,,,
0,0,BAU,E5IPPUREFR_AC_HFC125,T5REFR_AC_HFC125IPPU,,,2040,,,,,,1.0,,,,,,,,,,,,,,,
0,0,BAU,E5IPPUREFR_AC_HFC125,T5REFR_AC_HFC125IPPU,,,2041,,,,,,1.0,,,,,,,,,,,,,,,
0,0,BAU,E5IPPUREFR_AC_HFC125,T5REFR_AC_HFC125IPPU,,,2042,,,,,,1.0,,,,,,,,,,,,,,,
0,0,BAU,E5IPPUREFR_AC_HFC125,T5REFR_AC_HFC125IPPU,,,2043,,,,,,1.0,,,,,,,,,,,,,,,
0,0,BAU,E5IPPUREFR_AC_HFC125,T5REFR_AC_HFC125IPPU,,,2044,,,,,,1.0,,,,,,,,,,,,,,,
0,0,BAU,E5IPPUREFR_AC_HFC125,T5REFR_AC_HFC125IPPU,,,2045,,,,,,1.0,,,,,,,,,,,,,,,
0,0,BAU,E5IPPUREFR_AC_HFC125,T5REFR_AC_HFC125IPPU,,,2046,,,,,,1.0,,,,,,,,,,,,,,,
0,0,BAU,E5IPPUREFR_AC_HFC125,T5REFR_AC_HFC125IPPU,,,2047,,,,,,1.0,,,,,,,,,,,,,,,
0,0,BAU,E5IPPUREFR_AC_HFC125,T5REFR_AC_HFC125IPPU,,,2048,,,,,,1.0,,,,,,,,,,,,,,,
0,0,BAU,E5IPPUREFR_AC_HFC125,T5REFR_AC_HFC125IPPU,,,2049,,,,,,1.0,,,,,,,,,,,,,,,
0,0,BAU,E5IPPUREFR_AC_HFC125,T5REFR_AC_HFC125IPPU,,,2050,,,,,,1.0,,,,,,,,,,,,,,,
0,0,BAU,E5IPPUREFR_AC_HFC134a,T5REFR_AC_HFC134aIPPU,,,2018,,,,,,1.0,,,,,,,,,,,,,,,
0,0,BAU,E5IPPUREFR_AC_HFC134a,T5REFR_AC_HFC134aIPPU,,,2019,,,,,,1.0,,,,,,,,,,,,,,,
0,0,BAU,E5IPPUREFR_AC_HFC134a,T5REFR_AC_HFC134aIPPU,,,2020,,,,,,1.0,,,,,,,,,,,,,,,
0,0,BAU,E5IPPUREFR_AC_HFC134a,T5REFR_AC_HFC134aIPPU,,,2021,,,,,,1.0,,,,,,,,,,,,,,,
0,0,BAU,E5IPPUREFR_AC_HFC134a,T5REFR_AC_HFC134aIPPU,,,2022,,,,,,1.0,,,,,,,,,,,,,,,
0,0,BAU,E5IPPUREFR_AC_HFC134a,T5REFR_AC_HFC134aIPPU,,,2023,,,,,,1.0,,,,,,,,,,,,,,,
0,0,BAU,E5IPPUREFR_AC_HFC134a,T5REFR_AC_HFC134aIPPU,,,2024,,,,,,1.0,,,,,,,,,,,,,,,
0,0,BAU,E5IPPUREFR_AC_HFC134a,T5REFR_AC_HFC134aIPPU,,,2025,,,,,,1.0,,,,,,,,,,,,,,,
0,0,BAU,E5IPPUREFR_AC_HFC134a,T5REFR_AC_HFC134aIPPU,,,2026,,,,,,1.0,,,,,,,,,,,,,,,
0,0,BAU,E5IPPUREFR_AC_HFC134a,T5REFR_AC_HFC134aIPPU,,,2027,,,,,,1.0,,,,,,,,,,,,,,,
0,0,BAU,E5IPPUREFR_AC_HFC134a,T5REFR_AC_HFC134aIPPU,,,2028,,,,,,1.0,,,,,,,,,,,,,,,
0,0,BAU,E5IPPUREFR_AC_HFC134a,T5REFR_AC_HFC134aIPPU,,,2029,,,,,,1.0,,,,,,,,,,,,,,,
0,0,BAU,E5IPPUREFR_AC_HFC134a,T5REFR_AC_HFC134aIPPU,,,2030,,,,,,1.0,,,,,,,,,,,,,,,
0,0,BAU,E5IPPUREFR_AC_HFC134a,T5REFR_AC_HFC134aIPPU,,,2031,,,,,,1.0,,,,,,,,,,,,,,,
0,0,BAU,E5IPPUREFR_AC_HFC134a,T5REFR_AC_HFC134aIPPU,,,2032,,,,,,1.0,,,,,,,,,,,,,,,
0,0,BAU,E5IPPUREFR_AC_HFC134a,T5REFR_AC_HFC134aIPPU,,,2033,,,,,,1.0,,,,,,,,,,,,,,,
0,0,BAU,E5IPPUREFR_AC_HFC134a,T5REFR_AC_HFC134aIPPU,,,2034,,,,,,1.0,,,,,,,,,,,,,,,
0,0,BAU,E5IPPUREFR_AC_HFC134a,T5REFR_AC_HFC134aIPPU,,,2035,,,,,,1.0,,,,,,,,,,,,,,,
0,0,BAU,E5IPPUREFR_AC_HFC134a,T5REFR_AC_HFC134aIPPU,,,2036,,,,,,1.0,,,,,,,,,,,,,,,
0,0,BAU,E5IPPUREFR_AC_HFC134a,T5REFR_AC_HFC134aIPPU,,,2037,,,,,,1.0,,,,,,,,,,,,,,,
0,0,BAU,E5IPPUREFR_AC_HFC134a,T5REFR_AC_HFC134aIPPU,,,2038,,,,,,1.0,,,,,,,,,,,,,,,
0,0,BAU,E5IPPUREFR_AC_HFC134a,T5REFR_AC_HFC134aIPPU,,,2039,,,,,,1.0,,,,,,,,,,,,,,,
0,0,BAU,E5IPPUREFR_AC_HFC134a,T5REFR_AC_HFC134aIPPU,,,2040,,,,,,1.0,,,,,,,,,,,,,,,
0,0,BAU,E5IPPUREFR_AC_HFC134a,T5REFR_AC_HFC134aIPPU,,,2041,,,,,,1.0,,,,,,,,,,,,,,,
0,0,BAU,E5IPPUREFR_AC_HFC134a,T5REFR_AC_HFC134aIPPU,,,2042,,,,,,1.0,,,,,,,,,,,,,,,
0,0,BAU,E5IPPUREFR_AC_HFC134a,T5REFR_AC_HFC134aIPPU,,,2043,,,,,,1.0,,,,,,,,,,,,,,,
0,0,BAU,E5IPPUREFR_AC_HFC134a,T5REFR_AC_HFC134aIPPU,,,2044,,,,,,1.0,,,,,,,,,,,,,,,
0,0,BAU,E5IPPUREFR_AC_HFC134a,T5REFR_AC_HFC134aIPPU,,,2045,,,,,,1.0,,,,,,,,,,,,,,,
0,0,BAU,E5IPPUREFR_AC_HFC134a,T5REFR_AC_HFC134aIPPU,,,2046,,,,,,1.0,,,,,,,,,,,,,,,
0,0,BAU,E5IPPUREFR_AC_HFC134a,T5REFR_AC_HFC134aIPPU,,,2047,,,,,,1.0,,,,,,,,,,,,,,,
0,0,BAU,E5IPPUREFR_AC_HFC134a,T5REFR_AC_HFC134aIPPU,,,2048,,,,,,1.0,,,,,,,,,,,,,,,
0,0,BAU,E5IPPUREFR_AC_HFC134a,T5REFR_AC_HFC134aIPPU,,,2049,,,,,,1.0,,,,,,,,,,,,,,,
0,0,BAU,E5IPPUREFR_AC_HFC134a,T5REFR_AC_HFC134aIPPU,,,2050,,,,,,1.0,,,,,,,,,,,,,,,
0,0,BAU,E5IPPUREFR_AC_HFC143a,T5REFR_AC_HFC143aIPPU,,,2018,,,,,,1.0,,,,,,,,,,,,,,,
0,0,BAU,E5IPPUREFR_AC_HFC143a,T5REFR_AC_HFC143aIPPU,,,2019,,,,,,1.0,,,,,,,,,,,,,,,
0,0,BAU,E5IPPUREFR_AC_HFC143a,T5REFR_AC_HFC143aIPPU,,,2020,,,,,,1.0,,,,,,,,,,,,,,,
0,0,BAU,E5IPPUREFR_AC_HFC143a,T5REFR_AC_HFC143aIPPU,,,2021,,,,,,1.0,,,,,,,,,,,,,,,
0,0,BAU,E5IPPUREFR_AC_HFC143a,T5REFR_AC_HFC143aIPPU,,,2022,,,,,,1.0,,,,,,,,,,,,,,,
0,0,BAU,E5IPPUREFR_AC_HFC143a,T5REFR_AC_HFC143aIPPU,,,2023,,,,,,1.0,,,,,,,,,,,,,,,
0,0,BAU,E5IPPUREFR_AC_HFC143a,T5REFR_AC_HFC143aIPPU,,,2024,,,,,,1.0,,,,,,,,,,,,,,,
0,0,BAU,E5IPPUREFR_AC_HFC143a,T5REFR_AC_HFC143aIPPU,,,2025,,,,,,1.0,,,,,,,,,,,,,,,
0,0,BAU,E5IPPUREFR_AC_HFC143a,T5REFR_AC_HFC143aIPPU,,,2026,,,,,,1.0,,,,,,,,,,,,,,,
0,0,BAU,E5IPPUREFR_AC_HFC143a,T5REFR_AC_HFC143aIPPU,,,2027,,,,,,1.0,,,,,,,,,,,,,,,
0,0,BAU,E5IPPUREFR_AC_HFC143a,T5REFR_AC_HFC143aIPPU,,,2028,,,,,,1.0,,,,,,,,,,,,,,,
0,0,BAU,E5IPPUREFR_AC_HFC143a,T5REFR_AC_HFC143aIPPU,,,2029,,,,,,1.0,,,,,,,,,,,,,,,
0,0,BAU,E5IPPUREFR_AC_HFC143a,T5REFR_AC_HFC143aIPPU,,,2030,,,,,,1.0,,,,,,,,,,,,,,,
0,0,BAU,E5IPPUREFR_AC_HFC143a,T5REFR_AC_HFC143aIPPU,,,2031,,,,,,1.0,,,,,,,,,,,,,,,
0,0,BAU,E5IPPUREFR_AC_HFC143a,T5REFR_AC_HFC143aIPPU,,,2032,,,,,,1.0,,,,,,,,,,,,,,,
0,0,BAU,E5IPPUREFR_AC_HFC143a,T5REFR_AC_HFC143aIPPU,,,2033,,,,,,1.0,,,,,,,,,,,,,,,
0,0,BAU,E5IPPUREFR_AC_HFC143a,T5REFR_AC_HFC143aIPPU,,,2034,,,,,,1.0,,,,,,,,,,,,,,,
0,0,BAU,E5IPPUREFR_AC_HFC143a,T5REFR_AC_HFC143aIPPU,,,2035,,,,,,1.0,,,,,,,,,,,,,,,
0,0,BAU,E5IPPUREFR_AC_HFC143a,T5REFR_AC_HFC143aIPPU,,,2036,,,,,,1.0,,,,,,,,,,,,,,,
0,0,BAU,E5IPPUREFR_AC_HFC143a,T5REFR_AC_HFC143aIPPU,,,2037,,,,,,1.0,,,,,,,,,,,,,,,
0,0,BAU,E5IPPUREFR_AC_HFC143a,T5REFR_AC_HFC143aIPPU,,,2038,,,,,,1.0,,,,,,,,,,,,,,,
0,0,BAU,E5IPPUREFR_AC_HFC143a,T5REFR_AC_HFC143aIPPU,,,2039,,,,,,1.0,,,,,,,,,,,,,,,
0,0,BAU,E5IPPUREFR_AC_HFC143a,T5REFR_AC_HFC143aIPPU,,,2040,,,,,,1.0,,,,,,,,,,,,,,,
0,0,BAU,E5IPPUREFR_AC_HFC143a,T5REFR_AC_HFC143aIPPU,,,2041,,,,,,1.0,,,,,,,,,,,,,,,
0,0,BAU,E5IPPUREFR_AC_HFC143a,T5REFR_AC_HFC143aIPPU,,,2042,,,,,,1.0,,,,,,,,,,,,,,,
0,0,BAU,E5IPPUREFR_AC_HFC143a,T5REFR_AC_HFC143aIPPU,,,2043,,,,,,1.0,,,,,,,,,,,,,,,
0,0,BAU,E5IPPUREFR_AC_HFC143a,T5REFR_AC_HFC143aIPPU,,,2044,,,,,,1.0,,,,,,,,,,,,,,,
0,0,BAU,E5IPPUREFR_AC_HFC143a,T5REFR_AC_HFC143aIPPU,,,2045,,,,,,1.0,,,,,,,,,,,,,,,
0,0,BAU,E5IPPUREFR_AC_HFC143a,T5REFR_AC_HFC143aIPPU,,,2046,,,,,,1.0,,,,,,,,,,,,,,,
0,0,BAU,E5IPPUREFR_AC_HFC143a,T5REFR_AC_HFC143aIPPU,,,2047,,,,,,1.0,,,,,,,,,,,,,,,
0,0,BAU,E5IPPUREFR_AC_HFC143a,T5REFR_AC_HFC143aIPPU,,,2048,,,,,,1.0,,,,,,,,,,,,,,,
0,0,BAU,E5IPPUREFR_AC_HFC143a,T5REFR_AC_HFC143aIPPU,,,2049,,,,,,1.0,,,,,,,,,,,,,,,
0,0,BAU,E5IPPUREFR_AC_HFC143a,T5REFR_AC_HFC143aIPPU,,,2050,,,,,,1.0,,,,,,,,,,,,,,,
0,0,BAU,,PROD_CLK_TRAD,CO2e_IPPU,,2018,,,,,,,0.5202,,,,,,,,,,,,,,
0,0,BAU,,PROD_CLK_TRAD,CO2e_IPPU,,2019,,,,,,,0.5202,,,,,,,,,,,,,,
0,0,BAU,,PROD_CLK_TRAD,CO2e_IPPU,,2020,,,,,,,0.5202,,,,,,,,,,,,,,
0,0,BAU,,PROD_CLK_TRAD,CO2e_IPPU,,2021,,,,,,,0.5202,,,,,,,,,,,,,,
0,0,BAU,,PROD_CLK_TRAD,CO2e_IPPU,,2022,,,,,,,0.5202,,,,,,,,,,,,,,
0,0,BAU,,PROD_CLK_TRAD,CO2e_IPPU,,2023,,,,,,,0.5202,,,,,,,,,,,,,,
0,0,BAU,,PROD_CLK_TRAD,CO2e_IPPU,,2024,,,,,,,0.5202,,,,,,,,,,,,,,
0,0,BAU,,PROD_CLK_TRAD,CO2e_IPPU,,2025,,,,,,,0.5202,,,,,,,,,,,,,,
0,0,BAU,,PROD_CLK_TRAD,CO2e_IPPU,,2026,,,,,,,0.5202,,,,,,,,,,,,,,
0,0,BAU,,PROD_CLK_TRAD,CO2e_IPPU,,2027,,,,,,,0.5202,,,,,,,,,,,,,,
0,0,BAU,,PROD_CLK_TRAD,CO2e_IPPU,,2028,,,,,,,0.5202,,,,,,,,,,,,,,
0,0,BAU,,PROD_CLK_TRAD,CO2e_IPPU,,2029,,,,,,,0.5202,,,,,,,,,,,,,,
0,0,BAU,,PROD_CLK_TRAD,CO2e_IPPU,,2030,,,,,,,0.5202,,,,,,,,,,,,,,
0,0,BAU,,PROD_CLK_TRAD,CO2e_IPPU,,2031,,,,,,,0.5202,,,,,,,,,,,,,,
0,0,BAU,,PROD_CLK_TRAD,CO2e_IPPU,,2032,,,,,,,0.5202,,,,,,,,,,,,,,
0,0,BAU,,PROD_CLK_TRAD,CO2e_IPPU,,2033,,,,,,,0.5202,,,,,,,,,,,,,,
0,0,BAU,,PROD_CLK_TRAD,CO2e_IPPU,,2034,,,,,,,0.5202,,,,,,,,,,,,,,
0,0,BAU,,PROD_CLK_TRAD,CO2e_IPPU,,2035,,,,,,,0.5202,,,,,,,,,,,,,,
0,0,BAU,,PROD_CLK_TRAD,CO2e_IPPU,,2036,,,,,,,0.5202,,,,,,,,,,,,,,
0,0,BAU,,PROD_CLK_TRAD,CO2e_IPPU,,2037,,,,,,,0.5202,,,,,,,,,,,,,,
0,0,BAU,,PROD_CLK_TRAD,CO2e_IPPU,,2038,,,,,,,0.5202,,,,,,,,,,,,,,
0,0,BAU,,PROD_CLK_TRAD,CO2e_IPPU,,2039,,,,,,,0.5202,,,,,,,,,,,,,,
0,0,BAU,,PROD_CLK_TRAD,CO2e_IPPU,,2040,,,,,,,0.5202,,,,,,,,,,,,,,
0,0,BAU,,PROD_CLK_TRAD,CO2e_IPPU,,2041,,,,,,,0.5202,,,,,,,,,,,,,,
0,0,BAU,,PROD_CLK_TRAD,CO2e_IPPU,,2042,,,,,,,0.5202,,,,,,,,,,,,,,
0,0,BAU,,PROD_CLK_TRAD,CO2e_IPPU,,2043,,,,,,,0.5202,,,,,,,,,,,,,,
0,0,BAU,,PROD_CLK_TRAD,CO2e_IPPU,,2044,,,,,,,0.5202,,,,,,,,,,,,,,
0,0,BAU,,PROD_CLK_TRAD,CO2e_IPPU,,2045,,,,,,,0.5202,,,,,,,,,,,,,,
0,0,BAU,,PROD_CLK_TRAD,CO2e_IPPU,,2046,,,,,,,0.5202,,,,,,,,,,,,,,
0,0,BAU,,PROD_CLK_TRAD,CO2e_IPPU,,2047,,,,,,,0.5202,,,,,,,,,,,,,,
0,0,BAU,,PROD_CLK_TRAD,CO2e_IPPU,,2048,,,,,,,0.5202,,,,,,,,,,,,,,
0,0,BAU,,PROD_CLK_TRAD,CO2e_IPPU,,2049,,,,,,,0.5202,,,,,,,,,,,,,,
0,0,BAU,,PROD_CLK_TRAD,CO2e_IPPU,,2050,,,,,,,0.5202,,,,,,,,,,,,,,
0,0,BAU,,LIME_CAL_PROD,CO2e_IPPU,,2018,,,,,,,0.75,,,,,,,,,,,,,,
0,0,BAU,,LIME_CAL_PROD,CO2e_IPPU,,2019,,,,,,,0.75,,,,,,,,,,,,,,
0,0,BAU,,LIME_CAL_PROD,CO2e_IPPU,,2020,,,,,,,0.75,,,,,,,,,,,,,,
0,0,BAU,,LIME_CAL_PROD,CO2e_IPPU,,2021,,,,,,,0.75,,,,,,,,,,,,,,
0,0,BAU,,LIME_CAL_PROD,CO2e_IPPU,,2022,,,,,,,0.75,,,,,,,,,,,,,,
0,0,BAU,,LIME_CAL_PROD,CO2e_IPPU,,2023,,,,,,,0.75,,,,,,,,,,,,,,
0,0,BAU,,LIME_CAL_PROD,CO2e_IPPU,,2024,,,,,,,0.75,,,,,,,,,,,,,,
0,0,BAU,,LIME_CAL_PROD,CO2e_IPPU,,2025,,,,,,,0.75,,,,,,,,,,,,,,
0,0,BAU,,LIME_CAL_PROD,CO2e_IPPU,,2026,,,,,,,0.75,,,,,,,,,,,,,,
0,0,BAU,,LIME_CAL_PROD,CO2e_IPPU,,2027,,,,,,,0.75,,,,,,,,,,,,,,
0,0,BAU,,LIME_CAL_PROD,CO2e_IPPU,,2028,,,,,,,0.75,,,,,,,,,,,,,,
0,0,BAU,,LIME_CAL_PROD,CO2e_IPPU,,2029,,,,,,,0.75,,,,,,,,,,,,,,
0,0,BAU,,LIME_CAL_PROD,CO2e_IPPU,,2030,,,,,,,0.75,,,,,,,,,,,,,,
0,0,BAU,,LIME_CAL_PROD,CO2e_IPPU,,2031,,,,,,,0.75,,,,,,,,,,,,,,
0,0,BAU,,LIME_CAL_PROD,CO2e_IPPU,,2032,,,,,,,0.75,,,,,,,,,,,,,,
0,0,BAU,,LIME_CAL_PROD,CO2e_IPPU,,2033,,,,,,,0.75,,,,,,,,,,,,,,
0,0,BAU,,LIME_CAL_PROD,CO2e_IPPU,,2034,,,,,,,0.75,,,,,,,,,,,,,,
0,0,BAU,,LIME_CAL_PROD,CO2e_IPPU,,2035,,,,,,,0.75,,,,,,,,,,,,,,
0,0,BAU,,LIME_CAL_PROD,CO2e_IPPU,,2036,,,,,,,0.75,,,,,,,,,,,,,,
0,0,BAU,,LIME_CAL_PROD,CO2e_IPPU,,2037,,,,,,,0.75,,,,,,,,,,,,,,
0,0,BAU,,LIME_CAL_PROD,CO2e_IPPU,,2038,,,,,,,0.75,,,,,,,,,,,,,,
0,0,BAU,,LIME_CAL_PROD,CO2e_IPPU,,2039,,,,,,,0.75,,,,,,,,,,,,,,
0,0,BAU,,LIME_CAL_PROD,CO2e_IPPU,,2040,,,,,,,0.75,,,,,,,,,,,,,,
0,0,BAU,,LIME_CAL_PROD,CO2e_IPPU,,2041,,,,,,,0.75,,,,,,,,,,,,,,
0,0,BAU,,LIME_CAL_PROD,CO2e_IPPU,,2042,,,,,,,0.75,,,,,,,,,,,,,,
0,0,BAU,,LIME_CAL_PROD,CO2e_IPPU,,2043,,,,,,,0.75,,,,,,,,,,,,,,
0,0,BAU,,LIME_CAL_PROD,CO2e_IPPU,,2044,,,,,,,0.75,,,,,,,,,,,,,,
0,0,BAU,,LIME_CAL_PROD,CO2e_IPPU,,2045,,,,,,,0.75,,,,,,,,,,,,,,
0,0,BAU,,LIME_CAL_PROD,CO2e_IPPU,,2046,,,,,,,0.75,,,,,,,,,,,,,,
0,0,BAU,,LIME_CAL_PROD,CO2e_IPPU,,2047,,,,,,,0.75,,,,,,,,,,,,,,
0,0,BAU,,LIME_CAL_PROD,CO2e_IPPU,,2048,,,,,,,0.75,,,,,,,,,,,,,,
0,0,BAU,,LIME_CAL_PROD,CO2e_IPPU,,2049,,,,,,,0.75,,,,,,,,,,,,,,
0,0,BAU,,LIME_CAL_PROD,CO2e_IPPU,,2050,,,,,,,0.75,,,,,,,,,,,,,,
0,0,BAU,,LIME_DOL_PROD,CO2e_IPPU,,2018,,,,,,,0.77,,,,,,,,,,,,,,
0,0,BAU,,LIME_DOL_PROD,CO2e_IPPU,,2019,,,,,,,0.77,,,,,,,,,,,,,,
0,0,BAU,,LIME_DOL_PROD,CO2e_IPPU,,2020,,,,,,,0.77,,,,,,,,,,,,,,
0,0,BAU,,LIME_DOL_PROD,CO2e_IPPU,,2021,,,,,,,0.77,,,,,,,,,,,,,,
0,0,BAU,,LIME_DOL_PROD,CO2e_IPPU,,2022,,,,,,,0.77,,,,,,,,,,,,,,
0,0,BAU,,LIME_DOL_PROD,CO2e_IPPU,,2023,,,,,,,0.77,,,,,,,,,,,,,,
0,0,BAU,,LIME_DOL_PROD,CO2e_IPPU,,2024,,,,,,,0.77,,,,,,,,,,,,,,
0,0,BAU,,LIME_DOL_PROD,CO2e_IPPU,,2025,,,,,,,0.77,,,,,,,,,,,,,,
0,0,BAU,,LIME_DOL_PROD,CO2e_IPPU,,2026,,,,,,,0.77,,,,,,,,,,,,,,
0,0,BAU,,LIME_DOL_PROD,CO2e_IPPU,,2027,,,,,,,0.77,,,,,,,,,,,,,,
0,0,BAU,,LIME_DOL_PROD,CO2e_IPPU,,2028,,,,,,,0.77,,,,,,,,,,,,,,
0,0,BAU,,LIME_DOL_PROD,CO2e_IPPU,,2029,,,,,,,0.77,,,,,,,,,,,,,,
0,0,BAU,,LIME_DOL_PROD,CO2e_IPPU,,2030,,,,,,,0.77,,,,,,,,,,,,,,
0,0,BAU,,LIME_DOL_PROD,CO2e_IPPU,,2031,,,,,,,0.77,,,,,,,,,,,,,,
0,0,BAU,,LIME_DOL_PROD,CO2e_IPPU,,2032,,,,,,,0.77,,,,,,,,,,,,,,
0,0,BAU,,LIME_DOL_PROD,CO2e_IPPU,,2033,,,,,,,0.77,,,,,,,,,,,,,,
0,0,BAU,,LIME_DOL_PROD,CO2e_IPPU,,2034,,,,,,,0.77,,,,,,,,,,,,,,
0,0,BAU,,LIME_DOL_PROD,CO2e_IPPU,,2035,,,,,,,0.77,,,,,,,,,,,,,,
0,0,BAU,,LIME_DOL_PROD,CO2e_IPPU,,2036,,,,,,,0.77,,,,,,,,,,,,,,
0,0,BAU,,LIME_DOL_PROD,CO2e_IPPU,,2037,,,,,,,0.77,,,,,,,,,,,,,,
0,0,BAU,,LIME_DOL_PROD,CO2e_IPPU,,2038,,,,,,,0.77,,,,,,,,,,,,,,
0,0,BAU,,LIME_DOL_PROD,CO2e_IPPU,,2039,,,,,,,0.77,,,,,,,,,,,,,,
0,0,BAU,,LIME_DOL_PROD,CO2e_IPPU,,2040,,,,,,,0.77,,,,,,,,,,,,,,
0,0,BAU,,LIME_DOL_PROD,CO2e_IPPU,,2041,,,,,,,0.77,,,,,,,,,,,,,,
0,0,BAU,,LIME_DOL_PROD,CO2e_IPPU,,2042,,,,,,,0.77,,,,,,,,,,,,,,
0,0,BAU,,LIME_DOL_PROD,CO2e_IPPU,,2043,,,,,,,0.77,,,,,,,,,,,,,,
0,0,BAU,,LIME_DOL_PROD,CO2e_IPPU,,2044,,,,,,,0.77,,,,,,,,,,,,,,
0,0,BAU,,LIME_DOL_PROD,CO2e_IPPU,,2045,,,,,,,0.77,,,,,,,,,,,,,,
0,0,BAU,,LIME_DOL_PROD,CO2e_IPPU,,2046,,,,,,,0.77,,,,,,,,,,,,,,
0,0,BAU,,LIME_DOL_PROD,CO2e_IPPU,,2047,,,,,,,0.77,,,,,,,,,,,,,,
0,0,BAU,,LIME_DOL_PROD,CO2e_IPPU,,2048,,,,,,,0.77,,,,,,,,,,,,,,
0,0,BAU,,LIME_DOL_PROD,CO2e_IPPU,,2049,,,,,,,0.77,,,,,,,,,,,,,,
0,0,BAU,,LIME_DOL_PROD,CO2e_IPPU,,2050,,,,,,,0.77,,,,,,,,,,,,,,
0,0,BAU,,GLASS_PROD,CO2e_IPPU,,2018,,,,,,,0.1155,,,,,,,,,,,,,,
0,0,BAU,,GLASS_PROD,CO2e_IPPU,,2019,,,,,,,0.1155,,,,,,,,,,,,,,
0,0,BAU,,GLASS_PROD,CO2e_IPPU,,2020,,,,,,,0.1155,,,,,,,,,,,,,,
0,0,BAU,,GLASS_PROD,CO2e_IPPU,,2021,,,,,,,0.1155,,,,,,,,,,,,,,
0,0,BAU,,GLASS_PROD,CO2e_IPPU,,2022,,,,,,,0.1155,,,,,,,,,,,,,,
0,0,BAU,,GLASS_PROD,CO2e_IPPU,,2023,,,,,,,0.1155,,,,,,,,,,,,,,
0,0,BAU,,GLASS_PROD,CO2e_IPPU,,2024,,,,,,,0.1155,,,,,,,,,,,,,,
0,0,BAU,,GLASS_PROD,CO2e_IPPU,,2025,,,,,,,0.1155,,,,,,,,,,,,,,
0,0,BAU,,GLASS_PROD,CO2e_IPPU,,2026,,,,,,,0.1155,,,,,,,,,,,,,,
0,0,BAU,,GLASS_PROD,CO2e_IPPU,,2027,,,,,,,0.1155,,,,,,,,,,,,,,
0,0,BAU,,GLASS_PROD,CO2e_IPPU,,2028,,,,,,,0.1155,,,,,,,,,,,,,,
0,0,BAU,,GLASS_PROD,CO2e_IPPU,,2029,,,,,,,0.1155,,,,,,,,,,,,,,
0,0,BAU,,GLASS_PROD,CO2e_IPPU,,2030,,,,,,,0.1155,,,,,,,,,,,,,,
0,0,BAU,,GLASS_PROD,CO2e_IPPU,,2031,,,,,,,0.1155,,,,,,,,,,,,,,
0,0,BAU,,GLASS_PROD,CO2e_IPPU,,2032,,,,,,,0.1155,,,,,,,,,,,,,,
0,0,BAU,,GLASS_PROD,CO2e_IPPU,,2033,,,,,,,0.1155,,,,,,,,,,,,,,
0,0,BAU,,GLASS_PROD,CO2e_IPPU,,2034,,,,,,,0.1155,,,,,,,,,,,,,,
0,0,BAU,,GLASS_PROD,CO2e_IPPU,,2035,,,,,,,0.1155,,,,,,,,,,,,,,
0,0,BAU,,GLASS_PROD,CO2e_IPPU,,2036,,,,,,,0.1155,,,,,,,,,,,,,,
0,0,BAU,,GLASS_PROD,CO2e_IPPU,,2037,,,,,,,0.1155,,,,,,,,,,,,,,
0,0,BAU,,GLASS_PROD,CO2e_IPPU,,2038,,,,,,,0.1155,,,,,,,,,,,,,,
0,0,BAU,,GLASS_PROD,CO2e_IPPU,,2039,,,,,,,0.1155,,,,,,,,,,,,,,
0,0,BAU,,GLASS_PROD,CO2e_IPPU,,2040,,,,,,,0.1155,,,,,,,,,,,,,,
0,0,BAU,,GLASS_PROD,CO2e_IPPU,,2041,,,,,,,0.1155,,,,,,,,,,,,,,
0,0,BAU,,GLASS_PROD,CO2e_IPPU,,2042,,,,,,,0.1155,,,,,,,,,,,,,,
0,0,BAU,,GLASS_PROD,CO2e_IPPU,,2043,,,,,,,0.1155,,,,,,,,,,,,,,
0,0,BAU,,GLASS_PROD,CO2e_IPPU,,2044,,,,,,,0.1155,,,,,,,,,,,,,,
0,0,BAU,,GLASS_PROD,CO2e_IPPU,,2045,,,,,,,0.1155,,,,,,,,,,,,,,
0,0,BAU,,GLASS_PROD,CO2e_IPPU,,2046,,,,,,,0.1155,,,,,,,,,,,,,,
0,0,BAU,,GLASS_PROD,CO2e_IPPU,,2047,,,,,,,0.1155,,,,,,,,,,,,,,
0,0,BAU,,GLASS_PROD,CO2e_IPPU,,2048,,,,,,,0.1155,,,,,,,,,,,,,,
0,0,BAU,,GLASS_PROD,CO2e_IPPU,,2049,,,,,,,0.1155,,,,,,,,,,,,,,
0,0,BAU,,GLASS_PROD,CO2e_IPPU,,2050,,,,,,,0.1155,,,,,,,,,,,,,,
0,0,BAU,,CARBONATE_CERAMICS,CO2e_IPPU,,2018,,,,,,,0.44,,,,,,,,,,,,,,
0,0,BAU,,CARBONATE_CERAMICS,CO2e_IPPU,,2019,,,,,,,0.44,,,,,,,,,,,,,,
0,0,BAU,,CARBONATE_CERAMICS,CO2e_IPPU,,2020,,,,,,,0.44,,,,,,,,,,,,,,
0,0,BAU,,CARBONATE_CERAMICS,CO2e_IPPU,,2021,,,,,,,0.44,,,,,,,,,,,,,,
0,0,BAU,,CARBONATE_CERAMICS,CO2e_IPPU,,2022,,,,,,,0.44,,,,,,,,,,,,,,
0,0,BAU,,CARBONATE_CERAMICS,CO2e_IPPU,,2023,,,,,,,0.44,,,,,,,,,,,,,,
0,0,BAU,,CARBONATE_CERAMICS,CO2e_IPPU,,2024,,,,,,,0.44,,,,,,,,,,,,,,
0,0,BAU,,CARBONATE_CERAMICS,CO2e_IPPU,,2025,,,,,,,0.44,,,,,,,,,,,,,,
0,0,BAU,,CARBONATE_CERAMICS,CO2e_IPPU,,2026,,,,,,,0.44,,,,,,,,,,,,,,
0,0,BAU,,CARBONATE_CERAMICS,CO2e_IPPU,,2027,,,,,,,0.44,,,,,,,,,,,,,,
0,0,BAU,,CARBONATE_CERAMICS,CO2e_IPPU,,2028,,,,,,,0.44,,,,,,,,,,,,,,
0,0,BAU,,CARBONATE_CERAMICS,CO2e_IPPU,,2029,,,,,,,0.44,,,,,,,,,,,,,,
0,0,BAU,,CARBONATE_CERAMICS,CO2e_IPPU,,2030,,,,,,,0.44,,,,,,,,,,,,,,
0,0,BAU,,CARBONATE_CERAMICS,CO2e_IPPU,,2031,,,,,,,0.44,,,,,,,,,,,,,,
0,0,BAU,,CARBONATE_CERAMICS,CO2e_IPPU,,2032,,,,,,,0.44,,,,,,,,,,,,,,
0,0,BAU,,CARBONATE_CERAMICS,CO2e_IPPU,,2033,,,,,,,0.44,,,,,,,,,,,,,,
0,0,BAU,,CARBONATE_CERAMICS,CO2e_IPPU,,2034,,,,,,,0.44,,,,,,,,,,,,,,
0,0,BAU,,CARBONATE_CERAMICS,CO2e_IPPU,,2035,,,,,,,0.44,,,,,,,,,,,,,,
0,0,BAU,,CARBONATE_CERAMICS,CO2e_IPPU,,2036,,,,,,,0.44,,,,,,,,,,,,,,
0,0,BAU,,CARBONATE_CERAMICS,CO2e_IPPU,,2037,,,,,,,0.44,,,,,,,,,,,,,,
0,0,BAU,,CARBONATE_CERAMICS,CO2e_IPPU,,2038,,,,,,,0.44,,,,,,,,,,,,,,
0,0,BAU,,CARBONATE_CERAMICS,CO2e_IPPU,,2039,,,,,,,0.44,,,,,,,,,,,,,,
0,0,BAU,,CARBONATE_CERAMICS,CO2e_IPPU,,2040,,,,,,,0.44,,,,,,,,,,,,,,
0,0,BAU,,CARBONATE_CERAMICS,CO2e_IPPU,,2041,,,,,,,0.44,,,,,,,,,,,,,,
0,0,BAU,,CARBONATE_CERAMICS,CO2e_IPPU,,2042,,,,,,,0.44,,,,,,,,,,,,,,
0,0,BAU,,CARBONATE_CERAMICS,CO2e_IPPU,,2043,,,,,,,0.44,,,,,,,,,,,,,,
0,0,BAU,,CARBONATE_CERAMICS,CO2e_IPPU,,2044,,,,,,,0.44,,,,,,,,,,,,,,
0,0,BAU,,CARBONATE_CERAMICS,CO2e_IPPU,,2045,,,,,,,0.44,,,,,,,,,,,,,,
0,0,BAU,,CARBONATE_CERAMICS,CO2e_IPPU,,2046,,,,,,,0.44,,,,,,,,,,,,,,
0,0,BAU,,CARBONATE_CERAMICS,CO2e_IPPU,,2047,,,,,,,0.44,,,,,,,,,,,,,,
0,0,BAU,,CARBONATE_CERAMICS,CO2e_IPPU,,2048,,,,,,,0.44,,,,,,,,,,,,,,
0,0,BAU,,CARBONATE_CERAMICS,CO2e_IPPU,,2049,,,,,,,0.44,,,,,,,,,,,,,,
0,0,BAU,,CARBONATE_CERAMICS,CO2e_IPPU,,2050,,,,,,,0.44,,,,,,,,,,,,,,
0,0,BAU,,CARBONATE_ASH,CO2e_IPPU,,2018,,,,,,,0.41,,,,,,,,,,,,,,
0,0,BAU,,CARBONATE_ASH,CO2e_IPPU,,2019,,,,,,,0.41,,,,,,,,,,,,,,
0,0,BAU,,CARBONATE_ASH,CO2e_IPPU,,2020,,,,,,,0.41,,,,,,,,,,,,,,
0,0,BAU,,CARBONATE_ASH,CO2e_IPPU,,2021,,,,,,,0.41,,,,,,,,,,,,,,
0,0,BAU,,CARBONATE_ASH,CO2e_IPPU,,2022,,,,,,,0.41,,,,,,,,,,,,,,
0,0,BAU,,CARBONATE_ASH,CO2e_IPPU,,2023,,,,,,,0.41,,,,,,,,,,,,,,
0,0,BAU,,CARBONATE_ASH,CO2e_IPPU,,2024,,,,,,,0.41,,,,,,,,,,,,,,
0,0,BAU,,CARBONATE_ASH,CO2e_IPPU,,2025,,,,,,,0.41,,,,,,,,,,,,,,
0,0,BAU,,CARBONATE_ASH,CO2e_IPPU,,2026,,,,,,,0.41,,,,,,,,,,,,,,
0,0,BAU,,CARBONATE_ASH,CO2e_IPPU,,2027,,,,,,,0.41,,,,,,,,,,,,,,
0,0,BAU,,CARBONATE_ASH,CO2e_IPPU,,2028,,,,,,,0.41,,,,,,,,,,,,,,
0,0,BAU,,CARBONATE_ASH,CO2e_IPPU,,2029,,,,,,,0.41,,,,,,,,,,,,,,
0,0,BAU,,CARBONATE_ASH,CO2e_IPPU,,2030,,,,,,,0.41,,,,,,,,,,,,,,
0,0,BAU,,CARBONATE_ASH,CO2e_IPPU,,2031,,,,,,,0.41,,,,,,,,,,,,,,
0,0,BAU,,CARBONATE_ASH,CO2e_IPPU,,2032,,,,,,,0.41,,,,,,,,,,,,,,
0,0,BAU,,CARBONATE_ASH,CO2e_IPPU,,2033,,,,,,,0.41,,,,,,,,,,,,,,
0,0,BAU,,CARBONATE_ASH,CO2e_IPPU,,2034,,,,,,,0.41,,,,,,,,,,,,,,
0,0,BAU,,CARBONATE_ASH,CO2e_IPPU,,2035,,,,,,,0.41,,,,,,,,,,,,,,
0,0,BAU,,CARBONATE_ASH,CO2e_IPPU,,2036,,,,,,,0.41,,,,,,,,,,,,,,
0,0,BAU,,CARBONATE_ASH,CO2e_IPPU,,2037,,,,,,,0.41,,,,,,,,,,,,,,
0,0,BAU,,CARBONATE_ASH,CO2e_IPPU,,2038,,,,,,,0.41,,,,,,,,,,,,,,
0,0,BAU,,CARBONATE_ASH,CO2e_IPPU,,2039,,,,,,,0.41,,,,,,,,,,,,,,
0,0,BAU,,CARBONATE_ASH,CO2e_IPPU,,2040,,,,,,,0.41,,,,,,,,,,,,,,
0,0,BAU,,CARBONATE_ASH,CO2e_IPPU,,2041,,,,,,,0.41,,,,,,,,,,,,,,
0,0,BAU,,CARBONATE_ASH,CO2e_IPPU,,2042,,,,,,,0.41,,,,,,,,,,,,,,
0,0,BAU,,CARBONATE_ASH,CO2e_IPPU,,2043,,,,,,,0.41,,,,,,,,,,,,,,
0,0,BAU,,CARBONATE_ASH,CO2e_IPPU,,2044,,,,,,,0.41,,,,,,,,,,,,,,
0,0,BAU,,CARBONATE_ASH,CO2e_IPPU,,2045,,,,,,,0.41,,,,,,,,,,,,,,
0,0,BAU,,CARBONATE_ASH,CO2e_IPPU,,2046,,,,,,,0.41,,,,,,,,,,,,,,
0,0,BAU,,CARBONATE_ASH,CO2e_IPPU,,2047,,,,,,,0.41,,,,,,,,,,,,,,
0,0,BAU,,CARBONATE_ASH,CO2e_IPPU,,2048,,,,,,,0.41,,,,,,,,,,,,,,
0,0,BAU,,CARBONATE_ASH,CO2e_IPPU,,2049,,,,,,,0.41,,,,,,,,,,,,,,
0,0,BAU,,CARBONATE_ASH,CO2e_IPPU,,2050,,,,,,,0.41,,,,,,,,,,,,,,
0,0,BAU,,IRON_STEEL,CO2e_IPPU,,2018,,,,,,,0.18,,,,,,,,,,,,,,
0,0,BAU,,IRON_STEEL,CO2e_IPPU,,2019,,,,,,,0.18,,,,,,,,,,,,,,
0,0,BAU,,IRON_STEEL,CO2e_IPPU,,2020,,,,,,,0.18,,,,,,,,,,,,,,
0,0,BAU,,IRON_STEEL,CO2e_IPPU,,2021,,,,,,,0.18,,,,,,,,,,,,,,
0,0,BAU,,IRON_STEEL,CO2e_IPPU,,2022,,,,,,,0.18,,,,,,,,,,,,,,
0,0,BAU,,IRON_STEEL,CO2e_IPPU,,2023,,,,,,,0.18,,,,,,,,,,,,,,
0,0,BAU,,IRON_STEEL,CO2e_IPPU,,2024,,,,,,,0.18,,,,,,,,,,,,,,
0,0,BAU,,IRON_STEEL,CO2e_IPPU,,2025,,,,,,,0.18,,,,,,,,,,,,,,
0,0,BAU,,IRON_STEEL,CO2e_IPPU,,2026,,,,,,,0.18,,,,,,,,,,,,,,
0,0,BAU,,IRON_STEEL,CO2e_IPPU,,2027,,,,,,,0.18,,,,,,,,,,,,,,
0,0,BAU,,IRON_STEEL,CO2e_IPPU,,2028,,,,,,,0.18,,,,,,,,,,,,,,
0,0,BAU,,IRON_STEEL,CO2e_IPPU,,2029,,,,,,,0.18,,,,,,,,,,,,,,
0,0,BAU,,IRON_STEEL,CO2e_IPPU,,2030,,,,,,,0.18,,,,,,,,,,,,,,
0,0,BAU,,IRON_STEEL,CO2e_IPPU,,2031,,,,,,,0.18,,,,,,,,,,,,,,
0,0,BAU,,IRON_STEEL,CO2e_IPPU,,2032,,,,,,,0.18,,,,,,,,,,,,,,
0,0,BAU,,IRON_STEEL,CO2e_IPPU,,2033,,,,,,,0.18,,,,,,,,,,,,,,
0,0,BAU,,IRON_STEEL,CO2e_IPPU,,2034,,,,,,,0.18,,,,,,,,,,,,,,
0,0,BAU,,IRON_STEEL,CO2e_IPPU,,2035,,,,,,,0.18,,,,,,,,,,,,,,
0,0,BAU,,IRON_STEEL,CO2e_IPPU,,2036,,,,,,,0.18,,,,,,,,,,,,,,
0,0,BAU,,IRON_STEEL,CO2e_IPPU,,2037,,,,,,,0.18,,,,,,,,,,,,,,
0,0,BAU,,IRON_STEEL,CO2e_IPPU,,2038,,,,,,,0.18,,,,,,,,,,,,,,
0,0,BAU,,IRON_STEEL,CO2e_IPPU,,2039,,,,,,,0.18,,,,,,,,,,,,,,
0,0,BAU,,IRON_STEEL,CO2e_IPPU,,2040,,,,,,,0.18,,,,,,,,,,,,,,
0,0,BAU,,IRON_STEEL,CO2e_IPPU,,2041,,,,,,,0.18,,,,,,,,,,,,,,
0,0,BAU,,IRON_STEEL,CO2e_IPPU,,2042,,,,,,,0.18,,,,,,,,,,,,,,
0,0,BAU,,IRON_STEEL,CO2e_IPPU,,2043,,,,,,,0.18,,,,,,,,,,,,,,
0,0,BAU,,IRON_STEEL,CO2e_IPPU,,2044,,,,,,,0.18,,,,,,,,,,,,,,
0,0,BAU,,IRON_STEEL,CO2e_IPPU,,2045,,,,,,,0.18,,,,,,,,,,,,,,
0,0,BAU,,IRON_STEEL,CO2e_IPPU,,2046,,,,,,,0.18,,,,,,,,,,,,,,
0,0,BAU,,IRON_STEEL,CO2e_IPPU,,2047,,,,,,,0.18,,,,,,,,,,,,,,
0,0,BAU,,IRON_STEEL,CO2e_IPPU,,2048,,,,,,,0.18,,,,,,,,,,,,,,
0,0,BAU,,IRON_STEEL,CO2e_IPPU,,2049,,,,,,,0.18,,,,,,,,,,,,,,
0,0,BAU,,IRON_STEEL,CO2e_IPPU,,2050,,,,,,,0.18,,,,,,,,,,,,,,
0,0,BAU,,PROD_FERRO,CO2e_IPPU,,2018,,,,,,,0.01,,,,,,,,,,,,,,
0,0,BAU,,PROD_FERRO,CO2e_IPPU,,2019,,,,,,,0.01,,,,,,,,,,,,,,
0,0,BAU,,PROD_FERRO,CO2e_IPPU,,2020,,,,,,,0.01,,,,,,,,,,,,,,
0,0,BAU,,PROD_FERRO,CO2e_IPPU,,2021,,,,,,,0.01,,,,,,,,,,,,,,
0,0,BAU,,PROD_FERRO,CO2e_IPPU,,2022,,,,,,,0.01,,,,,,,,,,,,,,
0,0,BAU,,PROD_FERRO,CO2e_IPPU,,2023,,,,,,,0.01,,,,,,,,,,,,,,
0,0,BAU,,PROD_FERRO,CO2e_IPPU,,2024,,,,,,,0.01,,,,,,,,,,,,,,
0,0,BAU,,PROD_FERRO,CO2e_IPPU,,2025,,,,,,,0.01,,,,,,,,,,,,,,
0,0,BAU,,PROD_FERRO,CO2e_IPPU,,2026,,,,,,,0.01,,,,,,,,,,,,,,
0,0,BAU,,PROD_FERRO,CO2e_IPPU,,2027,,,,,,,0.01,,,,,,,,,,,,,,
0,0,BAU,,PROD_FERRO,CO2e_IPPU,,2028,,,,,,,0.01,,,,,,,,,,,,,,
0,0,BAU,,PROD_FERRO,CO2e_IPPU,,2029,,,,,,,0.01,,,,,,,,,,,,,,
0,0,BAU,,PROD_FERRO,CO2e_IPPU,,2030,,,,,,,0.01,,,,,,,,,,,,,,
0,0,BAU,,PROD_FERRO,CO2e_IPPU,,2031,,,,,,,0.01,,,,,,,,,,,,,,
0,0,BAU,,PROD_FERRO,CO2e_IPPU,,2032,,,,,,,0.01,,,,,,,,,,,,,,
0,0,BAU,,PROD_FERRO,CO2e_IPPU,,2033,,,,,,,0.01,,,,,,,,,,,,,,
0,0,BAU,,PROD_FERRO,CO2e_IPPU,,2034,,,,,,,0.01,,,,,,,,,,,,,,
0,0,BAU,,PROD_FERRO,CO2e_IPPU,,2035,,,,,,,0.01,,,,,,,,,,,,,,
0,0,BAU,,PROD_FERRO,CO2e_IPPU,,2036,,,,,,,0.01,,,,,,,,,,,,,,
0,0,BAU,,PROD_FERRO,CO2e_IPPU,,2037,,,,,,,0.01,,,,,,,,,,,,,,
0,0,BAU,,PROD_FERRO,CO2e_IPPU,,2038,,,,,,,0.01,,,,,,,,,,,,,,
0,0,BAU,,PROD_FERRO,CO2e_IPPU,,2039,,,,,,,0.01,,,,,,,,,,,,,,
0,0,BAU,,PROD_FERRO,CO2e_IPPU,,2040,,,,,,,0.01,,,,,,,,,,,,,,
0,0,BAU,,PROD_FERRO,CO2e_IPPU,,2041,,,,,,,0.01,,,,,,,,,,,,,,
0,0,BAU,,PROD_FERRO,CO2e_IPPU,,2042,,,,,,,0.01,,,,,,,,,,,,,,
0,0,BAU,,PROD_FERRO,CO2e_IPPU,,2043,,,,,,,0.01,,,,,,,,,,,,,,
0,0,BAU,,PROD_FERRO,CO2e_IPPU,,2044,,,,,,,0.01,,,,,,,,,,,,,,
0,0,BAU,,PROD_FERRO,CO2e_IPPU,,2045,,,,,,,0.01,,,,,,,,,,,,,,
0,0,BAU,,PROD_FERRO,CO2e_IPPU,,2046,,,,,,,0.01,,,,,,,,,,,,,,
0,0,BAU,,PROD_FERRO,CO2e_IPPU,,2047,,,,,,,0.01,,,,,,,,,,,,,,
0,0,BAU,,PROD_FERRO,CO2e_IPPU,,2048,,,,,,,0.01,,,,,,,,,,,,,,
0,0,BAU,,PROD_FERRO,CO2e_IPPU,,2049,,,,,,,0.01,,,,,,,,,,,,,,
0,0,BAU,,PROD_FERRO,CO2e_IPPU,,2050,,,,,,,0.01,,,,,,,,,,,,,,
0,0,BAU,,LUBRI_OILS,CO2e_IPPU,,2018,,,,,,,0.5896,,,,,,,,,,,,,,
0,0,BAU,,LUBRI_OILS,CO2e_IPPU,,2019,,,,,,,0.5896,,,,,,,,,,,,,,
0,0,BAU,,LUBRI_OILS,CO2e_IPPU,,2020,,,,,,,0.5896,,,,,,,,,,,,,,
0,0,BAU,,LUBRI_OILS,CO2e_IPPU,,2021,,,,,,,0.5896,,,,,,,,,,,,,,
0,0,BAU,,LUBRI_OILS,CO2e_IPPU,,2022,,,,,,,0.5896,,,,,,,,,,,,,,
0,0,BAU,,LUBRI_OILS,CO2e_IPPU,,2023,,,,,,,0.5896,,,,,,,,,,,,,,
0,0,BAU,,LUBRI_OILS,CO2e_IPPU,,2024,,,,,,,0.5896,,,,,,,,,,,,,,
0,0,BAU,,LUBRI_OILS,CO2e_IPPU,,2025,,,,,,,0.5896,,,,,,,,,,,,,,
0,0,BAU,,LUBRI_OILS,CO2e_IPPU,,2026,,,,,,,0.5896,,,,,,,,,,,,,,
0,0,BAU,,LUBRI_OILS,CO2e_IPPU,,2027,,,,,,,0.5896,,,,,,,,,,,,,,
0,0,BAU,,LUBRI_OILS,CO2e_IPPU,,2028,,,,,,,0.5896,,,,,,,,,,,,,,
0,0,BAU,,LUBRI_OILS,CO2e_IPPU,,2029,,,,,,,0.5896,,,,,,,,,,,,,,
0,0,BAU,,LUBRI_OILS,CO2e_IPPU,,2030,,,,,,,0.5896,,,,,,,,,,,,,,
0,0,BAU,,LUBRI_OILS,CO2e_IPPU,,2031,,,,,,,0.5896,,,,,,,,,,,,,,
0,0,BAU,,LUBRI_OILS,CO2e_IPPU,,2032,,,,,,,0.5896,,,,,,,,,,,,,,
0,0,BAU,,LUBRI_OILS,CO2e_IPPU,,2033,,,,,,,0.5896,,,,,,,,,,,,,,
0,0,BAU,,LUBRI_OILS,CO2e_IPPU,,2034,,,,,,,0.5896,,,,,,,,,,,,,,
0,0,BAU,,LUBRI_OILS,CO2e_IPPU,,2035,,,,,,,0.5896,,,,,,,,,,,,,,
0,0,BAU,,LUBRI_OILS,CO2e_IPPU,,2036,,,,,,,0.5896,,,,,,,,,,,,,,
0,0,BAU,,LUBRI_OILS,CO2e_IPPU,,2037,,,,,,,0.5896,,,,,,,,,,,,,,
0,0,BAU,,LUBRI_OILS,CO2e_IPPU,,2038,,,,,,,0.5896,,,,,,,,,,,,,,
0,0,BAU,,LUBRI_OILS,CO2e_IPPU,,2039,,,,,,,0.5896,,,,,,,,,,,,,,
0,0,BAU,,LUBRI_OILS,CO2e_IPPU,,2040,,,,,,,0.5896,,,,,,,,,,,,,,
0,0,BAU,,LUBRI_OILS,CO2e_IPPU,,2041,,,,,,,0.5896,,,,,,,,,,,,,,
0,0,BAU,,LUBRI_OILS,CO2e_IPPU,,2042,,,,,,,0.5896,,,,,,,,,,,,,,
0,0,BAU,,LUBRI_OILS,CO2e_IPPU,,2043,,,,,,,0.5896,,,,,,,,,,,,,,
0,0,BAU,,LUBRI_OILS,CO2e_IPPU,,2044,,,,,,,0.5896,,,,,,,,,,,,,,
0,0,BAU,,LUBRI_OILS,CO2e_IPPU,,2045,,,,,,,0.5896,,,,,,,,,,,,,,
0,0,BAU,,LUBRI_OILS,CO2e_IPPU,,2046,,,,,,,0.5896,,,,,,,,,,,,,,
0,0,BAU,,LUBRI_OILS,CO2e_IPPU,,2047,,,,,,,0.5896,,,,,,,,,,,,,,
0,0,BAU,,LUBRI_OILS,CO2e_IPPU,,2048,,,,,,,0.5896,,,,,,,,,,,,,,
0,0,BAU,,LUBRI_OILS,CO2e_IPPU,,2049,,,,,,,0.5896,,,,,,,,,,,,,,
0,0,BAU,,LUBRI_OILS,CO2e_IPPU,,2050,,,,,,,0.5896,,,,,,,,,,,,,,
0,0,BAU,,PARAFFIN,CO2e_IPPU,,2018,,,,,,,0.5896,,,,,,,,,,,,,,
0,0,BAU,,PARAFFIN,CO2e_IPPU,,2019,,,,,,,0.5896,,,,,,,,,,,,,,
0,0,BAU,,PARAFFIN,CO2e_IPPU,,2020,,,,,,,0.5896,,,,,,,,,,,,,,
0,0,BAU,,PARAFFIN,CO2e_IPPU,,2021,,,,,,,0.5896,,,,,,,,,,,,,,
0,0,BAU,,PARAFFIN,CO2e_IPPU,,2022,,,,,,,0.5896,,,,,,,,,,,,,,
0,0,BAU,,PARAFFIN,CO2e_IPPU,,2023,,,,,,,0.5896,,,,,,,,,,,,,,
0,0,BAU,,PARAFFIN,CO2e_IPPU,,2024,,,,,,,0.5896,,,,,,,,,,,,,,
0,0,BAU,,PARAFFIN,CO2e_IPPU,,2025,,,,,,,0.5896,,,,,,,,,,,,,,
0,0,BAU,,PARAFFIN,CO2e_IPPU,,2026,,,,,,,0.5896,,,,,,,,,,,,,,
0,0,BAU,,PARAFFIN,CO2e_IPPU,,2027,,,,,,,0.5896,,,,,,,,,,,,,,
0,0,BAU,,PARAFFIN,CO2e_IPPU,,2028,,,,,,,0.5896,,,,,,,,,,,,,,
0,0,BAU,,PARAFFIN,CO2e_IPPU,,2029,,,,,,,0.5896,,,,,,,,,,,,,,
0,0,BAU,,PARAFFIN,CO2e_IPPU,,2030,,,,,,,0.5896,,,,,,,,,,,,,,
0,0,BAU,,PARAFFIN,CO2e_IPPU,,2031,,,,,,,0.5896,,,,,,,,,,,,,,
0,0,BAU,,PARAFFIN,CO2e_IPPU,,2032,,,,,,,0.5896,,,,,,,,,,,,,,
0,0,BAU,,PARAFFIN,CO2e_IPPU,,2033,,,,,,,0.5896,,,,,,,,,,,,,,
0,0,BAU,,PARAFFIN,CO2e_IPPU,,2034,,,,,,,0.5896,,,,,,,,,,,,,,
0,0,BAU,,PARAFFIN,CO2e_IPPU,,2035,,,,,,,0.5896,,,,,,,,,,,,,,
0,0,BAU,,PARAFFIN,CO2e_IPPU,,2036,,,,,,,0.5896,,,,,,,,,,,,,,
0,0,BAU,,PARAFFIN,CO2e_IPPU,,2037,,,,,,,0.5896,,,,,,,,,,,,,,
0,0,BAU,,PARAFFIN,CO2e_IPPU,,2038,,,,,,,0.5896,,,,,,,,,,,,,,
0,0,BAU,,PARAFFIN,CO2e_IPPU,,2039,,,,,,,0.5896,,,,,,,,,,,,,,
0,0,BAU,,PARAFFIN,CO2e_IPPU,,2040,,,,,,,0.5896,,,,,,,,,,,,,,
0,0,BAU,,PARAFFIN,CO2e_IPPU,,2041,,,,,,,0.5896,,,,,,,,,,,,,,
0,0,BAU,,PARAFFIN,CO2e_IPPU,,2042,,,,,,,0.5896,,,,,,,,,,,,,,
0,0,BAU,,PARAFFIN,CO2e_IPPU,,2043,,,,,,,0.5896,,,,,,,,,,,,,,
0,0,BAU,,PARAFFIN,CO2e_IPPU,,2044,,,,,,,0.5896,,,,,,,,,,,,,,
0,0,BAU,,PARAFFIN,CO2e_IPPU,,2045,,,,,,,0.5896,,,,,,,,,,,,,,
0,0,BAU,,PARAFFIN,CO2e_IPPU,,2046,,,,,,,0.5896,,,,,,,,,,,,,,
0,0,BAU,,PARAFFIN,CO2e_IPPU,,2047,,,,,,,0.5896,,,,,,,,,,,,,,
0,0,BAU,,PARAFFIN,CO2e_IPPU,,2048,,,,,,,0.5896,,,,,,,,,,,,,,
0,0,BAU,,PARAFFIN,CO2e_IPPU,,2049,,,,,,,0.5896,,,,,,,,,,,,,,
0,0,BAU,,PARAFFIN,CO2e_IPPU,,2050,,,,,,,0.5896,,,,,,,,,,,,,,
0,0,BAU,,REFR_AC_HFC32,CO2e_IPPU,,2018,,,,,,,0.677,,,,,,,,,,,,,,
0,0,BAU,,REFR_AC_HFC32,CO2e_IPPU,,2019,,,,,,,0.677,,,,,,,,,,,,,,
0,0,BAU,,REFR_AC_HFC32,CO2e_IPPU,,2020,,,,,,,0.677,,,,,,,,,,,,,,
0,0,BAU,,REFR_AC_HFC32,CO2e_IPPU,,2021,,,,,,,0.677,,,,,,,,,,,,,,
0,0,BAU,,REFR_AC_HFC32,CO2e_IPPU,,2022,,,,,,,0.677,,,,,,,,,,,,,,
0,0,BAU,,REFR_AC_HFC32,CO2e_IPPU,,2023,,,,,,,0.677,,,,,,,,,,,,,,
0,0,BAU,,REFR_AC_HFC32,CO2e_IPPU,,2024,,,,,,,0.677,,,,,,,,,,,,,,
0,0,BAU,,REFR_AC_HFC32,CO2e_IPPU,,2025,,,,,,,0.677,,,,,,,,,,,,,,
0,0,BAU,,REFR_AC_HFC32,CO2e_IPPU,,2026,,,,,,,0.677,,,,,,,,,,,,,,
0,0,BAU,,REFR_AC_HFC32,CO2e_IPPU,,2027,,,,,,,0.677,,,,,,,,,,,,,,
0,0,BAU,,REFR_AC_HFC32,CO2e_IPPU,,2028,,,,,,,0.677,,,,,,,,,,,,,,
0,0,BAU,,REFR_AC_HFC32,CO2e_IPPU,,2029,,,,,,,0.677,,,,,,,,,,,,,,
0,0,BAU,,REFR_AC_HFC32,CO2e_IPPU,,2030,,,,,,,0.677,,,,,,,,,,,,,,
0,0,BAU,,REFR_AC_HFC32,CO2e_IPPU,,2031,,,,,,,0.677,,,,,,,,,,,,,,
0,0,BAU,,REFR_AC_HFC32,CO2e_IPPU,,2032,,,,,,,0.677,,,,,,,,,,,,,,
0,0,BAU,,REFR_AC_HFC32,CO2e_IPPU,,2033,,,,,,,0.677,,,,,,,,,,,,,,
0,0,BAU,,REFR_AC_HFC32,CO2e_IPPU,,2034,,,,,,,0.677,,,,,,,,,,,,,,
0,0,BAU,,REFR_AC_HFC32,CO2e_IPPU,,2035,,,,,,,0.677,,,,,,,,,,,,,,
0,0,BAU,,REFR_AC_HFC32,CO2e_IPPU,,2036,,,,,,,0.677,,,,,,,,,,,,,,
0,0,BAU,,REFR_AC_HFC32,CO2e_IPPU,,2037,,,,,,,0.677,,,,,,,,,,,,,,
0,0,BAU,,REFR_AC_HFC32,CO2e_IPPU,,2038,,,,,,,0.677,,,,,,,,,,,,,,
0,0,BAU,,REFR_AC_HFC32,CO2e_IPPU,,2039,,,,,,,0.677,,,,,,,,,,,,,,
0,0,BAU,,REFR_AC_HFC32,CO2e_IPPU,,2040,,,,,,,0.677,,,,,,,,,,,,,,
0,0,BAU,,REFR_AC_HFC32,CO2e_IPPU,,2041,,,,,,,0.677,,,,,,,,,,,,,,
0,0,BAU,,REFR_AC_HFC32,CO2e_IPPU,,2042,,,,,,,0.677,,,,,,,,,,,,,,
0,0,BAU,,REFR_AC_HFC32,CO2e_IPPU,,2043,,,,,,,0.677,,,,,,,,,,,,,,
0,0,BAU,,REFR_AC_HFC32,CO2e_IPPU,,2044,,,,,,,0.677,,,,,,,,,,,,,,
0,0,BAU,,REFR_AC_HFC32,CO2e_IPPU,,2045,,,,,,,0.677,,,,,,,,,,,,,,
0,0,BAU,,REFR_AC_HFC32,CO2e_IPPU,,2046,,,,,,,0.677,,,,,,,,,,,,,,
0,0,BAU,,REFR_AC_HFC32,CO2e_IPPU,,2047,,,,,,,0.677,,,,,,,,,,,,,,
0,0,BAU,,REFR_AC_HFC32,CO2e_IPPU,,2048,,,,,,,0.677,,,,,,,,,,,,,,
0,0,BAU,,REFR_AC_HFC32,CO2e_IPPU,,2049,,,,,,,0.677,,,,,,,,,,,,,,
0,0,BAU,,REFR_AC_HFC32,CO2e_IPPU,,2050,,,,,,,0.677,,,,,,,,,,,,,,
0,0,BAU,,REFR_AC_HFC125,CO2e_IPPU,,2018,,,,,,,3.17,,,,,,,,,,,,,,
0,0,BAU,,REFR_AC_HFC125,CO2e_IPPU,,2019,,,,,,,3.17,,,,,,,,,,,,,,
0,0,BAU,,REFR_AC_HFC125,CO2e_IPPU,,2020,,,,,,,3.17,,,,,,,,,,,,,,
0,0,BAU,,REFR_AC_HFC125,CO2e_IPPU,,2021,,,,,,,3.17,,,,,,,,,,,,,,
0,0,BAU,,REFR_AC_HFC125,CO2e_IPPU,,2022,,,,,,,3.17,,,,,,,,,,,,,,
0,0,BAU,,REFR_AC_HFC125,CO2e_IPPU,,2023,,,,,,,3.17,,,,,,,,,,,,,,
0,0,BAU,,REFR_AC_HFC125,CO2e_IPPU,,2024,,,,,,,3.17,,,,,,,,,,,,,,
0,0,BAU,,REFR_AC_HFC125,CO2e_IPPU,,2025,,,,,,,3.17,,,,,,,,,,,,,,
0,0,BAU,,REFR_AC_HFC125,CO2e_IPPU,,2026,,,,,,,3.17,,,,,,,,,,,,,,
0,0,BAU,,REFR_AC_HFC125,CO2e_IPPU,,2027,,,,,,,3.17,,,,,,,,,,,,,,
0,0,BAU,,REFR_AC_HFC125,CO2e_IPPU,,2028,,,,,,,3.17,,,,,,,,,,,,,,
0,0,BAU,,REFR_AC_HFC125,CO2e_IPPU,,2029,,,,,,,3.17,,,,,,,,,,,,,,
0,0,BAU,,REFR_AC_HFC125,CO2e_IPPU,,2030,,,,,,,3.17,,,,,,,,,,,,,,
0,0,BAU,,REFR_AC_HFC125,CO2e_IPPU,,2031,,,,,,,3.17,,,,,,,,,,,,,,
0,0,BAU,,REFR_AC_HFC125,CO2e_IPPU,,2032,,,,,,,3.17,,,,,,,,,,,,,,
0,0,BAU,,REFR_AC_HFC125,CO2e_IPPU,,2033,,,,,,,3.17,,,,,,,,,,,,,,
0,0,BAU,,REFR_AC_HFC125,CO2e_IPPU,,2034,,,,,,,3.17,,,,,,,,,,,,,,
0,0,BAU,,REFR_AC_HFC125,CO2e_IPPU,,2035,,,,,,,3.17,,,,,,,,,,,,,,
0,0,BAU,,REFR_AC_HFC125,CO2e_IPPU,,2036,,,,,,,3.17,,,,,,,,,,,,,,
0,0,BAU,,REFR_AC_HFC125,CO2e_IPPU,,2037,,,,,,,3.17,,,,,,,,,,,,,,
0,0,BAU,,REFR_AC_HFC125,CO2e_IPPU,,2038,,,,,,,3.17,,,,,,,,,,,,,,
0,0,BAU,,REFR_AC_HFC125,CO2e_IPPU,,2039,,,,,,,3.17,,,,,,,,,,,,,,
0,0,BAU,,REFR_AC_HFC125,CO2e_IPPU,,2040,,,,,,,3.17,,,,,,,,,,,,,,
0,0,BAU,,REFR_AC_HFC125,CO2e_IPPU,,2041,,,,,,,3.17,,,,,,,,,,,,,,
0,0,BAU,,REFR_AC_HFC125,CO2e_IPPU,,2042,,,,,,,3.17,,,,,,,,,,,,,,
0,0,BAU,,REFR_AC_HFC125,CO2e_IPPU,,2043,,,,,,,3.17,,,,,,,,,,,,,,
0,0,BAU,,REFR_AC_HFC125,CO2e_IPPU,,2044,,,,,,,3.17,,,,,,,,,,,,,,
0,0,BAU,,REFR_AC_HFC125,CO2e_IPPU,,2045,,,,,,,3.17,,,,,,,,,,,,,,
0,0,BAU,,REFR_AC_HFC125,CO2e_IPPU,,2046,,,,,,,3.17,,,,,,,,,,,,,,
0,0,BAU,,REFR_AC_HFC125,CO2e_IPPU,,2047,,,,,,,3.17,,,,,,,,,,,,,,
0,0,BAU,,REFR_AC_HFC125,CO2e_IPPU,,2048,,,,,,,3.17,,,,,,,,,,,,,,
0,0,BAU,,REFR_AC_HFC125,CO2e_IPPU,,2049,,,,,,,3.17,,,,,,,,,,,,,,
0,0,BAU,,REFR_AC_HFC125,CO2e_IPPU,,2050,,,,,,,3.17,,,,,,,,,,,,,,
0,0,BAU,,REFR_AC_HFC134a,CO2e_IPPU,,2018,,,,,,,1.3,,,,,,,,,,,,,,
0,0,BAU,,REFR_AC_HFC134a,CO2e_IPPU,,2019,,,,,,,1.3,,,,,,,,,,,,,,
0,0,BAU,,REFR_AC_HFC134a,CO2e_IPPU,,2020,,,,,,,1.3,,,,,,,,,,,,,,
0,0,BAU,,REFR_AC_HFC134a,CO2e_IPPU,,2021,,,,,,,1.3,,,,,,,,,,,,,,
0,0,BAU,,REFR_AC_HFC134a,CO2e_IPPU,,2022,,,,,,,1.3,,,,,,,,,,,,,,
0,0,BAU,,REFR_AC_HFC134a,CO2e_IPPU,,2023,,,,,,,1.3,,,,,,,,,,,,,,
0,0,BAU,,REFR_AC_HFC134a,CO2e_IPPU,,2024,,,,,,,1.3,,,,,,,,,,,,,,
0,0,BAU,,REFR_AC_HFC134a,CO2e_IPPU,,2025,,,,,,,1.3,,,,,,,,,,,,,,
0,0,BAU,,REFR_AC_HFC134a,CO2e_IPPU,,2026,,,,,,,1.3,,,,,,,,,,,,,,
0,0,BAU,,REFR_AC_HFC134a,CO2e_IPPU,,2027,,,,,,,1.3,,,,,,,,,,,,,,
0,0,BAU,,REFR_AC_HFC134a,CO2e_IPPU,,2028,,,,,,,1.3,,,,,,,,,,,,,,
0,0,BAU,,REFR_AC_HFC134a,CO2e_IPPU,,2029,,,,,,,1.3,,,,,,,,,,,,,,
0,0,BAU,,REFR_AC_HFC134a,CO2e_IPPU,,2030,,,,,,,1.3,,,,,,,,,,,,,,
0,0,BAU,,REFR_AC_HFC134a,CO2e_IPPU,,2031,,,,,,,1.3,,,,,,,,,,,,,,
0,0,BAU,,REFR_AC_HFC134a,CO2e_IPPU,,2032,,,,,,,1.3,,,,,,,,,,,,,,
0,0,BAU,,REFR_AC_HFC134a,CO2e_IPPU,,2033,,,,,,,1.3,,,,,,,,,,,,,,
0,0,BAU,,REFR_AC_HFC134a,CO2e_IPPU,,2034,,,,,,,1.3,,,,,,,,,,,,,,
0,0,BAU,,REFR_AC_HFC134a,CO2e_IPPU,,2035,,,,,,,1.3,,,,,,,,,,,,,,
0,0,BAU,,REFR_AC_HFC134a,CO2e_IPPU,,2036,,,,,,,1.3,,,,,,,,,,,,,,
0,0,BAU,,REFR_AC_HFC134a,CO2e_IPPU,,2037,,,,,,,1.3,,,,,,,,,,,,,,
0,0,BAU,,REFR_AC_HFC134a,CO2e_IPPU,,2038,,,,,,,1.3,,,,,,,,,,,,,,
0,0,BAU,,REFR_AC_HFC134a,CO2e_IPPU,,2039,,,,,,,1.3,,,,,,,,,,,,,,
0,0,BAU,,REFR_AC_HFC134a,CO2e_IPPU,,2040,,,,,,,1.3,,,,,,,,,,,,,,
0,0,BAU,,REFR_AC_HFC134a,CO2e_IPPU,,2041,,,,,,,1.3,,,,,,,,,,,,,,
0,0,BAU,,REFR_AC_HFC134a,CO2e_IPPU,,2042,,,,,,,1.3,,,,,,,,,,,,,,
0,0,BAU,,REFR_AC_HFC134a,CO2e_IPPU,,2043,,,,,,,1.3,,,,,,,,,,,,,,
0,0,BAU,,REFR_AC_HFC134a,CO2e_IPPU,,2044,,,,,,,1.3,,,,,,,,,,,,,,
0,0,BAU,,REFR_AC_HFC134a,CO2e_IPPU,,2045,,,,,,,1.3,,,,,,,,,,,,,,
0,0,BAU,,REFR_AC_HFC134a,CO2e_IPPU,,2046,,,,,,,1.3,,,,,,,,,,,,,,
0,0,BAU,,REFR_AC_HFC134a,CO2e_IPPU,,2047,,,,,,,1.3,,,,,,,,,,,,,,
0,0,BAU,,REFR_AC_HFC134a,CO2e_IPPU,,2048,,,,,,,1.3,,,,,,,,,,,,,,
0,0,BAU,,REFR_AC_HFC134a,CO2e_IPPU,,2049,,,,,,,1.3,,,,,,,,,,,,,,
0,0,BAU,,REFR_AC_HFC134a,CO2e_IPPU,,2050,,,,,,,1.3,,,,,,,,,,,,,,
0,0,BAU,,REFR_AC_HFC143a,CO2e_IPPU,,2018,,,,,,,4.8,,,,,,,,,,,,,,
0,0,BAU,,REFR_AC_HFC143a,CO2e_IPPU,,2019,,,,,,,4.8,,,,,,,,,,,,,,
0,0,BAU,,REFR_AC_HFC143a,CO2e_IPPU,,2020,,,,,,,4.8,,,,,,,,,,,,,,
0,0,BAU,,REFR_AC_HFC143a,CO2e_IPPU,,2021,,,,,,,4.8,,,,,,,,,,,,,,
0,0,BAU,,REFR_AC_HFC143a,CO2e_IPPU,,2022,,,,,,,4.8,,,,,,,,,,,,,,
0,0,BAU,,REFR_AC_HFC143a,CO2e_IPPU,,2023,,,,,,,4.8,,,,,,,,,,,,,,
0,0,BAU,,REFR_AC_HFC143a,CO2e_IPPU,,2024,,,,,,,4.8,,,,,,,,,,,,,,
0,0,BAU,,REFR_AC_HFC143a,CO2e_IPPU,,2025,,,,,,,4.8,,,,,,,,,,,,,,
0,0,BAU,,REFR_AC_HFC143a,CO2e_IPPU,,2026,,,,,,,4.8,,,,,,,,,,,,,,
0,0,BAU,,REFR_AC_HFC143a,CO2e_IPPU,,2027,,,,,,,4.8,,,,,,,,,,,,,,
0,0,BAU,,REFR_AC_HFC143a,CO2e_IPPU,,2028,,,,,,,4.8,,,,,,,,,,,,,,
0,0,BAU,,REFR_AC_HFC143a,CO2e_IPPU,,2029,,,,,,,4.8,,,,,,,,,,,,,,
0,0,BAU,,REFR_AC_HFC143a,CO2e_IPPU,,2030,,,,,,,4.8,,,,,,,,,,,,,,
0,0,BAU,,REFR_AC_HFC143a,CO2e_IPPU,,2031,,,,,,,4.8,,,,,,,,,,,,,,
0,0,BAU,,REFR_AC_HFC143a,CO2e_IPPU,,2032,,,,,,,4.8,,,,,,,,,,,,,,
0,0,BAU,,REFR_AC_HFC143a,CO2e_IPPU,,2033,,,,,,,4.8,,,,,,,,,,,,,,
0,0,BAU,,REFR_AC_HFC143a,CO2e_IPPU,,2034,,,,,,,4.8,,,,,,,,,,,,,,
0,0,BAU,,REFR_AC_HFC143a,CO2e_IPPU,,2035,,,,,,,4.8,,,,,,,,,,,,,,
0,0,BAU,,REFR_AC_HFC143a,CO2e_IPPU,,2036,,,,,,,4.8,,,,,,,,,,,,,,
0,0,BAU,,REFR_AC_HFC143a,CO2e_IPPU,,2037,,,,,,,4.8,,,,,,,,,,,,,,
0,0,BAU,,REFR_AC_HFC143a,CO2e_IPPU,,2038,,,,,,,4.8,,,,,,,,,,,,,,
0,0,BAU,,REFR_AC_HFC143a,CO2e_IPPU,,2039,,,,,,,4.8,,,,,,,,,,,,,,
0,0,BAU,,REFR_AC_HFC143a,CO2e_IPPU,,2040,,,,,,,4.8,,,,,,,,,,,,,,
0,0,BAU,,REFR_AC_HFC143a,CO2e_IPPU,,2041,,,,,,,4.8,,,,,,,,,,,,,,
0,0,BAU,,REFR_AC_HFC143a,CO2e_IPPU,,2042,,,,,,,4.8,,,,,,,,,,,,,,
0,0,BAU,,REFR_AC_HFC143a,CO2e_IPPU,,2043,,,,,,,4.8,,,,,,,,,,,,,,
0,0,BAU,,REFR_AC_HFC143a,CO2e_IPPU,,2044,,,,,,,4.8,,,,,,,,,,,,,,
0,0,BAU,,REFR_AC_HFC143a,CO2e_IPPU,,2045,,,,,,,4.8,,,,,,,,,,,,,,
0,0,BAU,,REFR_AC_HFC143a,CO2e_IPPU,,2046,,,,,,,4.8,,,,,,,,,,,,,,
0,0,BAU,,REFR_AC_HFC143a,CO2e_IPPU,,2047,,,,,,,4.8,,,,,,,,,,,,,,
0,0,BAU,,REFR_AC_HFC143a,CO2e_IPPU,,2048,,,,,,,4.8,,,,,,,,,,,,,,
0,0,BAU,,REFR_AC_HFC143a,CO2e_IPPU,,2049,,,,,,,4.8,,,,,,,,,,,,,,
0,0,BAU,,REFR_AC_HFC143a,CO2e_IPPU,,2050,,,,,,,4.8,,,,,,,,,,,,,,
0,0,BAU,,REFR_AC_HFC32,,,2018,,,,,,,,0.0,,,,,,0.0165,0.0165,,,,,,
0,0,BAU,,REFR_AC_HFC32,,,2019,,,,,,,,0.0,,,,,,0.0285,0.0285,,,,,,
0,0,BAU,,REFR_AC_HFC32,,,2020,,,,,,,,0.0,,,,,,0.0349,0.0349,,,,,,
0,0,BAU,,REFR_AC_HFC32,,,2021,,,,,,,,0.0,,,,,,0.0394,0.0394,,,,,,
0,0,BAU,,REFR_AC_HFC32,,,2022,,,,,,,,0.0,,,,,,0.0519,0.0519,,,,,,
0,0,BAU,,REFR_AC_HFC32,,,2023,,,,,,,,0.0,,,,,,0.0532,0.0532,,,,,,
0,0,BAU,,REFR_AC_HFC32,,,2024,,,,,,,,0.0,,,,,,0.0545,0.0545,,,,,,
0,0,BAU,,REFR_AC_HFC32,,,2025,,,,,,,,0.0,,,,,,0.0559,0.0559,,,,,,
0,0,BAU,,REFR_AC_HFC32,,,2026,,,,,,,,0.0,,,,,,0.0573,0.0573,,,,,,
0,0,BAU,,REFR_AC_HFC32,,,2027,,,,,,,,0.0,,,,,,0.0587,0.0587,,,,,,
0,0,BAU,,REFR_AC_HFC32,,,2028,,,,,,,,0.0,,,,,,0.0602,0.0602,,,,,,
0,0,BAU,,REFR_AC_HFC32,,,2029,,,,,,,,0.0,,,,,,0.0617,0.0617,,,,,,
0,0,BAU,,REFR_AC_HFC32,,,2030,,,,,,,,0.0,,,,,,0.0633,0.0633,,,,,,
0,0,BAU,,REFR_AC_HFC32,,,2031,,,,,,,,0.0,,,,,,0.0648,0.0648,,,,,,
0,0,BAU,,REFR_AC_HFC32,,,2032,,,,,,,,0.0,,,,,,0.0665,0.0665,,,,,,
0,0,BAU,,REFR_AC_HFC32,,,2033,,,,,,,,0.0,,,,,,0.0681,0.0681,,,,,,
0,0,BAU,,REFR_AC_HFC32,,,2034,,,,,,,,0.0,,,,,,0.0698,0.0698,,,,,,
0,0,BAU,,REFR_AC_HFC32,,,2035,,,,,,,,0.0,,,,,,0.0716,0.0716,,,,,,
0,0,BAU,,REFR_AC_HFC32,,,2036,,,,,,,,0.0,,,,,,0.0734,0.0734,,,,,,
0,0,BAU,,REFR_AC_HFC32,,,2037,,,,,,,,0.0,,,,,,0.0752,0.0752,,,,,,
0,0,BAU,,REFR_AC_HFC32,,,2038,,,,,,,,0.0,,,,,,0.0771,0.0771,,,,,,
0,0,BAU,,REFR_AC_HFC32,,,2039,,,,,,,,0.0,,,,,,0.079,0.079,,,,,,
0,0,BAU,,REFR_AC_HFC32,,,2040,,,,,,,,0.0,,,,,,0.081,0.081,,,,,,
0,0,BAU,,REFR_AC_HFC32,,,2041,,,,,,,,0.0,,,,,,0.083,0.083,,,,,,
0,0,BAU,,REFR_AC_HFC32,,,2042,,,,,,,,0.0,,,,,,0.0851,0.0851,,,,,,
0,0,BAU,,REFR_AC_HFC32,,,2043,,,,,,,,0.0,,,,,,0.0872,0.0872,,,,,,
0,0,BAU,,REFR_AC_HFC32,,,2044,,,,,,,,0.0,,,,,,0.0894,0.0894,,,,,,
0,0,BAU,,REFR_AC_HFC32,,,2045,,,,,,,,0.0,,,,,,0.0916,0.0916,,,,,,
0,0,BAU,,REFR_AC_HFC32,,,2046,,,,,,,,0.0,,,,,,0.0939,0.0939,,,,,,
0,0,BAU,,REFR_AC_HFC32,,,2047,,,,,,,,0.0,,,,,,0.0963,0.0963,,,,,,
0,0,BAU,,REFR_AC_HFC32,,,2048,,,,,,,,0.0,,,,,,0.0987,0.0987,,,,,,
0,0,BAU,,REFR_AC_HFC32,,,2049,,,,,,,,0.0,,,,,,0.1011,0.1011,,,,,,
0,0,BAU,,REFR_AC_HFC32,,,2050,,,,,,,,0.0,,,,,,0.1037,0.1037,,,,,,
0,0,BAU,,REFR_AC_HFC125,,,2018,,,,,,,,0.0,,,,,,0.0175,0.0175,,,,,,
0,0,BAU,,REFR_AC_HFC125,,,2019,,,,,,,,0.0,,,,,,0.0238,0.0238,,,,,,
0,0,BAU,,REFR_AC_HFC125,,,2020,,,,,,,,0.0,,,,,,0.0291,0.0291,,,,,,
0,0,BAU,,REFR_AC_HFC125,,,2021,,,,,,,,0.0,,,,,,0.0321,0.0321,,,,,,
0,0,BAU,,REFR_AC_HFC125,,,2022,,,,,,,,0.0,,,,,,0.0429,0.0429,,,,,,
0,0,BAU,,REFR_AC_HFC125,,,2023,,,,,,,,0.0,,,,,,0.044,0.044,,,,,,
0,0,BAU,,REFR_AC_HFC125,,,2024,,,,,,,,0.0,,,,,,0.0451,0.0451,,,,,,
0,0,BAU,,REFR_AC_HFC125,,,2025,,,,,,,,0.0,,,,,,0.0462,0.0462,,,,,,
0,0,BAU,,REFR_AC_HFC125,,,2026,,,,,,,,0.0,,,,,,0.0474,0.0474,,,,,,
0,0,BAU,,REFR_AC_HFC125,,,2027,,,,,,,,0.0,,,,,,0.0486,0.0486,,,,,,
0,0,BAU,,REFR_AC_HFC125,,,2028,,,,,,,,0.0,,,,,,0.0498,0.0498,,,,,,
0,0,BAU,,REFR_AC_HFC125,,,2029,,,,,,,,0.0,,,,,,0.051,0.051,,,,,,
0,0,BAU,,REFR_AC_HFC125,,,2030,,,,,,,,0.0,,,,,,0.0523,0.0523,,,,,,
0,0,BAU,,REFR_AC_HFC125,,,2031,,,,,,,,0.0,,,,,,0.0536,0.0536,,,,,,
0,0,BAU,,REFR_AC_HFC125,,,2032,,,,,,,,0.0,,,,,,0.0549,0.0549,,,,,,
0,0,BAU,,REFR_AC_HFC125,,,2033,,,,,,,,0.0,,,,,,0.0563,0.0563,,,,,,
0,0,BAU,,REFR_AC_HFC125,,,2034,,,,,,,,0.0,,,,,,0.0577,0.0577,,,,,,
0,0,BAU,,REFR_AC_HFC125,,,2035,,,,,,,,0.0,,,,,,0.0592,0.0592,,,,,,
0,0,BAU,,REFR_AC_HFC125,,,2036,,,,,,,,0.0,,,,,,0.0606,0.0606,,,,,,
0,0,BAU,,REFR_AC_HFC125,,,2037,,,,,,,,0.0,,,,,,0.0622,0.0622,,,,,,
0,0,BAU,,REFR_AC_HFC125,,,2038,,,,,,,,0.0,,,,,,0.0637,0.0637,,,,,,
0,0,BAU,,REFR_AC_HFC125,,,2039,,,,,,,,0.0,,,,,,0.0653,0.0653,,,,,,
0,0,BAU,,REFR_AC_HFC125,,,2040,,,,,,,,0.0,,,,,,0.0669,0.0669,,,,,,
0,0,BAU,,REFR_AC_HFC125,,,2041,,,,,,,,0.0,,,,,,0.0686,0.0686,,,,,,
0,0,BAU,,REFR_AC_HFC125,,,2042,,,,,,,,0.0,,,,,,0.0703,0.0703,,,,,,
0,0,BAU,,REFR_AC_HFC125,,,2043,,,,,,,,0.0,,,,,,0.0721,0.0721,,,,,,
0,0,BAU,,REFR_AC_HFC125,,,2044,,,,,,,,0.0,,,,,,0.0739,0.0739,,,,,,
0,0,BAU,,REFR_AC_HFC125,,,2045,,,,,,,,0.0,,,,,,0.0757,0.0757,,,,,,
0,0,BAU,,REFR_AC_HFC125,,,2046,,,,,,,,0.0,,,,,,0.0776,0.0776,,,,,,
0,0,BAU,,REFR_AC_HFC125,,,2047,,,,,,,,0.0,,,,,,0.0796,0.0796,,,,,,
0,0,BAU,,REFR_AC_HFC125,,,2048,,,,,,,,0.0,,,,,,0.0816,0.0816,,,,,,
0,0,BAU,,REFR_AC_HFC125,,,2049,,,,,,,,0.0,,,,,,0.0836,0.0836,,,,,,
0,0,BAU,,REFR_AC_HFC125,,,2050,,,,,,,,0.0,,,,,,0.0857,0.0857,,,,,,
0,0,BAU,,REFR_AC_HFC134a,,,2018,,,,,,,,0.0,,,,,,0.0209,0.0209,,,,,,
0,0,BAU,,REFR_AC_HFC134a,,,2019,,,,,,,,0.0,,,,,,0.0222,0.0222,,,,,,
0,0,BAU,,REFR_AC_HFC134a,,,2020,,,,,,,,0.0,,,,,,0.0649,0.0649,,,,,,
0,0,BAU,,REFR_AC_HFC134a,,,2021,,,,,,,,0.0,,,,,,0.1002,0.1002,,,,,,
0,0,BAU,,REFR_AC_HFC134a,,,2022,,,,,,,,0.0,,,,,,0.1397,0.1397,,,,,,
0,0,BAU,,REFR_AC_HFC134a,,,2023,,,,,,,,0.0,,,,,,0.1432,0.1432,,,,,,
0,0,BAU,,REFR_AC_HFC134a,,,2024,,,,,,,,0.0,,,,,,0.1468,0.1468,,,,,,
0,0,BAU,,REFR_AC_HFC134a,,,2025,,,,,,,,0.0,,,,,,0.1505,0.1505,,,,,,
0,0,BAU,,REFR_AC_HFC134a,,,2026,,,,,,,,0.0,,,,,,0.1542,0.1542,,,,,,
0,0,BAU,,REFR_AC_HFC134a,,,2027,,,,,,,,0.0,,,,,,0.1581,0.1581,,,,,,
0,0,BAU,,REFR_AC_HFC134a,,,2028,,,,,,,,0.0,,,,,,0.162,0.162,,,,,,
0,0,BAU,,REFR_AC_HFC134a,,,2029,,,,,,,,0.0,,,,,,0.1661,0.1661,,,,,,
0,0,BAU,,REFR_AC_HFC134a,,,2030,,,,,,,,0.0,,,,,,0.1702,0.1702,,,,,,
0,0,BAU,,REFR_AC_HFC134a,,,2031,,,,,,,,0.0,,,,,,0.1745,0.1745,,,,,,
0,0,BAU,,REFR_AC_HFC134a,,,2032,,,,,,,,0.0,,,,,,0.1789,0.1789,,,,,,
0,0,BAU,,REFR_AC_HFC134a,,,2033,,,,,,,,0.0,,,,,,0.1833,0.1833,,,,,,
0,0,BAU,,REFR_AC_HFC134a,,,2034,,,,,,,,0.0,,,,,,0.1879,0.1879,,,,,,
0,0,BAU,,REFR_AC_HFC134a,,,2035,,,,,,,,0.0,,,,,,0.1926,0.1926,,,,,,
0,0,BAU,,REFR_AC_HFC134a,,,2036,,,,,,,,0.0,,,,,,0.1974,0.1974,,,,,,
0,0,BAU,,REFR_AC_HFC134a,,,2037,,,,,,,,0.0,,,,,,0.2024,0.2024,,,,,,
0,0,BAU,,REFR_AC_HFC134a,,,2038,,,,,,,,0.0,,,,,,0.2074,0.2074,,,,,,
0,0,BAU,,REFR_AC_HFC134a,,,2039,,,,,,,,0.0,,,,,,0.2126,0.2126,,,,,,
0,0,BAU,,REFR_AC_HFC134a,,,2040,,,,,,,,0.0,,,,,,0.2179,0.2179,,,,,,
0,0,BAU,,REFR_AC_HFC134a,,,2041,,,,,,,,0.0,,,,,,0.2234,0.2234,,,,,,
0,0,BAU,,REFR_AC_HFC134a,,,2042,,,,,,,,0.0,,,,,,0.2289,0.2289,,,,,,
0,0,BAU,,REFR_AC_HFC134a,,,2043,,,,,,,,0.0,,,,,,0.2347,0.2347,,,,,,
0,0,BAU,,REFR_AC_HFC134a,,,2044,,,,,,,,0.0,,,,,,0.2405,0.2405,,,,,,
0,0,BAU,,REFR_AC_HFC134a,,,2045,,,,,,,,0.0,,,,,,0.2465,0.2465,,,,,,
0,0,BAU,,REFR_AC_HFC134a,,,2046,,,,,,,,0.0,,,,,,0.2527,0.2527,,,,,,
0,0,BAU,,REFR_AC_HFC134a,,,2047,,,,,,,,0.0,,,,,,0.259,0.259,,,,,,
0,0,BAU,,REFR_AC_HFC134a,,,2048,,,,,,,,0.0,,,,,,0.2655,0.2655,,,,,,
0,0,BAU,,REFR_AC_HFC134a,,,2049,,,,,,,,0.0,,,,,,0.2721,0.2721,,,,,,
0,0,BAU,,REFR_AC_HFC134a,,,2050,,,,,,,,0.0,,,,,,0.2789,0.2789,,,,,,
0,0,BAU,,REFR_AC_HFC143a,,,2018,,,,,,,,0.0,,,,,,0.0139,0.0139,,,,,,
0,0,BAU,,REFR_AC_HFC143a,,,2019,,,,,,,,0.0,,,,,,0.0235,0.0235,,,,,,
0,0,BAU,,REFR_AC_HFC143a,,,2020,,,,,,,,0.0,,,,,,0.0279,0.0279,,,,,,
0,0,BAU,,REFR_AC_HFC143a,,,2021,,,,,,,,0.0,,,,,,0.0309,0.0309,,,,,,
0,0,BAU,,REFR_AC_HFC143a,,,2022,,,,,,,,0.0,,,,,,0.0363,0.0363,,,,,,
0,0,BAU,,REFR_AC_HFC143a,,,2023,,,,,,,,0.0,,,,,,0.0372,0.0372,,,,,,
0,0,BAU,,REFR_AC_HFC143a,,,2024,,,,,,,,0.0,,,,,,0.0382,0.0382,,,,,,
0,0,BAU,,REFR_AC_HFC143a,,,2025,,,,,,,,0.0,,,,,,0.0391,0.0391,,,,,,
0,0,BAU,,REFR_AC_HFC143a,,,2026,,,,,,,,0.0,,,,,,0.0401,0.0401,,,,,,
0,0,BAU,,REFR_AC_HFC143a,,,2027,,,,,,,,0.0,,,,,,0.0411,0.0411,,,,,,
0,0,BAU,,REFR_AC_HFC143a,,,2028,,,,,,,,0.0,,,,,,0.0421,0.0421,,,,,,
0,0,BAU,,REFR_AC_HFC143a,,,2029,,,,,,,,0.0,,,,,,0.0432,0.0432,,,,,,
0,0,BAU,,REFR_AC_HFC143a,,,2030,,,,,,,,0.0,,,,,,0.0443,0.0443,,,,,,
0,0,BAU,,REFR_AC_HFC143a,,,2031,,,,,,,,0.0,,,,,,0.0454,0.0454,,,,,,
0,0,BAU,,REFR_AC_HFC143a,,,2032,,,,,,,,0.0,,,,,,0.0465,0.0465,,,,,,
0,0,BAU,,REFR_AC_HFC143a,,,2033,,,,,,,,0.0,,,,,,0.0477,0.0477,,,,,,
0,0,BAU,,REFR_AC_HFC143a,,,2034,,,,,,,,0.0,,,,,,0.0489,0.0489,,,,,,
0,0,BAU,,REFR_AC_HFC143a,,,2035,,,,,,,,0.0,,,,,,0.0501,0.0501,,,,,,
0,0,BAU,,REFR_AC_HFC143a,,,2036,,,,,,,,0.0,,,,,,0.0513,0.0513,,,,,,
0,0,BAU,,REFR_AC_HFC143a,,,2037,,,,,,,,0.0,,,,,,0.0526,0.0526,,,,,,
0,0,BAU,,REFR_AC_HFC143a,,,2038,,,,,,,,0.0,,,,,,0.0539,0.0539,,,,,,
0,0,BAU,,REFR_AC_HFC143a,,,2039,,,,,,,,0.0,,,,,,0.0553,0.0553,,,,,,
0,0,BAU,,REFR_AC_HFC143a,,,2040,,,,,,,,0.0,,,,,,0.0567,0.0567,,,,,,
0,0,BAU,,REFR_AC_HFC143a,,,2041,,,,,,,,0.0,,,,,,0.0581,0.0581,,,,,,
0,0,BAU,,REFR_AC_HFC143a,,,2042,,,,,,,,0.0,,,,,,0.0595,0.0595,,,,,,
0,0,BAU,,REFR_AC_HFC143a,,,2043,,,,,,,,0.0,,,,,,0.061,0.061,,,,,,
0,0,BAU,,REFR_AC_HFC143a,,,2044,,,,,,,,0.0,,,,,,0.0625,0.0625,,,,,,
0,0,BAU,,REFR_AC_HFC143a,,,2045,,,,,,,,0.0,,,,,,0.0641,0.0641,,,,,,
0,0,BAU,,REFR_AC_HFC143a,,,2046,,,,,,,,0.0,,,,,,0.0657,0.0657,,,,,,
0,0,BAU,,REFR_AC_HFC143a,,,2047,,,,,,,,0.0,,,,,,0.0673,0.0673,,,,,,
0,0,BAU,,REFR_AC_HFC143a,,,2048,,,,,,,,0.0,,,,,,0.069,0.069,,,,,,
0,0,BAU,,REFR_AC_HFC143a,,,2049,,,,,,,,0.0,,,,,,0.0708,0.0708,,,,,,
0,0,BAU,,REFR_AC_HFC143a,,,2050,,,,,,,,0.0,,,,,,0.0725,0.0725,,,,,,
0,0,BAU,,IMP_STOR,,,2018,,,,,,,,,,,,,,0.0,,,,,,,
0,0,BAU,,IMP_STOR,,,2019,,,,,,,,,,,,,,0.0,,,,,,,
0,0,BAU,,IMP_STOR,,,2020,,,,,,,,,,,,,,0.0,,,,,,,
0,0,BAU,,IMP_STOR,,,2021,,,,,,,,,,,,,,0.0,,,,,,,
0,0,BAU,,IMP_STOR,,,2022,,,,,,,,,,,,,,0.0,,,,,,,
0,0,BAU,,IMP_STOR,,,2023,,,,,,,,,,,,,,0.0,,,,,,,
0,0,BAU,,IMP_STOR,,,2024,,,,,,,,,,,,,,0.0,,,,,,,
0,0,BAU,,IMP_STOR,,,2025,,,,,,,,,,,,,,0.0,,,,,,,
0,0,BAU,,IMP_STOR,,,2026,,,,,,,,,,,,,,0.0,,,,,,,
0,0,BAU,,IMP_STOR,,,2027,,,,,,,,,,,,,,0.0,,,,,,,
0,0,BAU,,IMP_STOR,,,2028,,,,,,,,,,,,,,0.0,,,,,,,
0,0,BAU,,IMP_STOR,,,2029,,,,,,,,,,,,,,0.0,,,,,,,
0,0,BAU,,IMP_STOR,,,2030,,,,,,,,,,,,,,0.0,,,,,,,
0,0,BAU,,IMP_STOR,,,2031,,,,,,,,,,,,,,0.0,,,,,,,
0,0,BAU,,IMP_STOR,,,2032,,,,,,,,,,,,,,0.0,,,,,,,
0,0,BAU,,IMP_STOR,,,2033,,,,,,,,,,,,,,0.0,,,,,,,
0,0,BAU,,IMP_STOR,,,2034,,,,,,,,,,,,,,0.0,,,,,,,
0,0,BAU,,IMP_STOR,,,2035,,,,,,,,,,,,,,0.0,,,,,,,
0,0,BAU,,IMP_STOR,,,2036,,,,,,,,,,,,,,0.0,,,,,,,
0,0,BAU,,IMP_STOR,,,2037,,,,,,,,,,,,,,0.0,,,,,,,
0,0,BAU,,IMP_STOR,,,2038,,,,,,,,,,,,,,0.0,,,,,,,
0,0,BAU,,IMP_STOR,,,2039,,,,,,,,,,,,,,0.0,,,,,,,
0,0,BAU,,IMP_STOR,,,2040,,,,,,,,,,,,,,0.0,,,,,,,
0,0,BAU,,IMP_STOR,,,2041,,,,,,,,,,,,,,0.0,,,,,,,
0,0,BAU,,IMP_STOR,,,2042,,,,,,,,,,,,,,0.0,,,,,,,
0,0,BAU,,IMP_STOR,,,2043,,,,,,,,,,,,,,0.0,,,,,,,
0,0,BAU,,IMP_STOR,,,2044,,,,,,,,,,,,,,0.0,,,,,,,
0,0,BAU,,IMP_STOR,,,2045,,,,,,,,,,,,,,0.0,,,,,,,
0,0,BAU,,IMP_STOR,,,2046,,,,,,,,,,,,,,0.0,,,,,,,
0,0,BAU,,IMP_STOR,,,2047,,,,,,,,,,,,,,0.0,,,,,,,
0,0,BAU,,IMP_STOR,,,2048,,,,,,,,,,,,,,0.0,,,,,,,
0,0,BAU,,IMP_STOR,,,2049,,,,,,,,,,,,,,0.0,,,,,,,
0,0,BAU,,IMP_STOR,,,2050,,,,,,,,,,,,,,0.0,,,,,,,
0,0,BAU,,LIME_CAL_PROD,,,2018,,,,,,,,,,,,,,0.2436,0.2436,,,,,,
0,0,BAU,,LIME_CAL_PROD,,,2019,,,,,,,,,,,,,,0.3239,0.3239,,,,,,
0,0,BAU,,LIME_CAL_PROD,,,2020,,,,,,,,,,,,,,0.4235,0.4235,,,,,,
0,0,BAU,,LIME_CAL_PROD,,,2021,,,,,,,,,,,,,,0.4008,0.4008,,,,,,
0,0,BAU,,LIME_CAL_PROD,,,2022,,,,,,,,,,,,,,0.4703,0.4703,,,,,,
0,0,BAU,,LIME_CAL_PROD,,,2023,,,,,,,,,,,,,,0.4882,0.4882,,,,,,
0,0,BAU,,LIME_CAL_PROD,,,2024,,,,,,,,,,,,,,0.5068,0.5068,,,,,,
0,0,BAU,,LIME_CAL_PROD,,,2025,,,,,,,,,,,,,,0.526,0.526,,,,,,
0,0,BAU,,LIME_CAL_PROD,,,2026,,,,,,,,,,,,,,0.546,0.546,,,,,,
0,0,BAU,,LIME_CAL_PROD,,,2027,,,,,,,,,,,,,,0.5667,0.5667,,,,,,
0,0,BAU,,LIME_CAL_PROD,,,2028,,,,,,,,,,,,,,0.5883,0.5883,,,,,,
0,0,BAU,,LIME_CAL_PROD,,,2029,,,,,,,,,,,,,,0.6106,0.6106,,,,,,
0,0,BAU,,LIME_CAL_PROD,,,2030,,,,,,,,,,,,,,0.6338,0.6338,,,,,,
0,0,BAU,,LIME_CAL_PROD,,,2031,,,,,,,,,,,,,,0.6579,0.6579,,,,,,
0,0,BAU,,LIME_CAL_PROD,,,2032,,,,,,,,,,,,,,0.6829,0.6829,,,,,,
0,0,BAU,,LIME_CAL_PROD,,,2033,,,,,,,,,,,,,,0.7089,0.7089,,,,,,
0,0,BAU,,LIME_CAL_PROD,,,2034,,,,,,,,,,,,,,0.7358,0.7358,,,,,,
0,0,BAU,,LIME_CAL_PROD,,,2035,,,,,,,,,,,,,,0.7638,0.7638,,,,,,
0,0,BAU,,LIME_CAL_PROD,,,2036,,,,,,,,,,,,,,0.7928,0.7928,,,,,,
0,0,BAU,,LIME_CAL_PROD,,,2037,,,,,,,,,,,,,,0.8229,0.8229,,,,,,
0,0,BAU,,LIME_CAL_PROD,,,2038,,,,,,,,,,,,,,0.8542,0.8542,,,,,,
0,0,BAU,,LIME_CAL_PROD,,,2039,,,,,,,,,,,,,,0.8867,0.8867,,,,,,
0,0,BAU,,LIME_CAL_PROD,,,2040,,,,,,,,,,,,,,0.9204,0.9204,,,,,,
0,0,BAU,,LIME_CAL_PROD,,,2041,,,,,,,,,,,,,,0.9553,0.9553,,,,,,
0,0,BAU,,LIME_CAL_PROD,,,2042,,,,,,,,,,,,,,0.9916,0.9916,,,,,,
0,0,BAU,,LIME_CAL_PROD,,,2043,,,,,,,,,,,,,,1.0293,1.0293,,,,,,
0,0,BAU,,LIME_CAL_PROD,,,2044,,,,,,,,,,,,,,1.0684,1.0684,,,,,,
0,0,BAU,,LIME_CAL_PROD,,,2045,,,,,,,,,,,,,,1.109,1.109,,,,,,
0,0,BAU,,LIME_CAL_PROD,,,2046,,,,,,,,,,,,,,1.1512,1.1512,,,,,,
0,0,BAU,,LIME_CAL_PROD,,,2047,,,,,,,,,,,,,,1.1949,1.1949,,,,,,
0,0,BAU,,LIME_CAL_PROD,,,2048,,,,,,,,,,,,,,1.2403,1.2403,,,,,,
0,0,BAU,,LIME_CAL_PROD,,,2049,,,,,,,,,,,,,,1.2875,1.2875,,,,,,
0,0,BAU,,LIME_CAL_PROD,,,2050,,,,,,,,,,,,,,1.3364,1.3364,,,,,,
0,0,BAU,,LIME_DOL_PROD,,,2018,,,,,,,,,,,,,,0.003,0.003,,,,,,
0,0,BAU,,LIME_DOL_PROD,,,2019,,,,,,,,,,,,,,0.0188,0.0188,,,,,,
0,0,BAU,,LIME_DOL_PROD,,,2020,,,,,,,,,,,,,,0.1,0.1,,,,,,
0,0,BAU,,LIME_DOL_PROD,,,2021,,,,,,,,,,,,,,0.1081,0.1081,,,,,,
0,0,BAU,,LIME_DOL_PROD,,,2022,,,,,,,,,,,,,,0.1169,0.1169,,,,,,
0,0,BAU,,LIME_DOL_PROD,,,2023,,,,,,,,,,,,,,0.1213,0.1213,,,,,,
0,0,BAU,,LIME_DOL_PROD,,,2024,,,,,,,,,,,,,,0.1259,0.1259,,,,,,
0,0,BAU,,LIME_DOL_PROD,,,2025,,,,,,,,,,,,,,0.1307,0.1307,,,,,,
0,0,BAU,,LIME_DOL_PROD,,,2026,,,,,,,,,,,,,,0.1356,0.1356,,,,,,
0,0,BAU,,LIME_DOL_PROD,,,2027,,,,,,,,,,,,,,0.1408,0.1408,,,,,,
0,0,BAU,,LIME_DOL_PROD,,,2028,,,,,,,,,,,,,,0.1462,0.1462,,,,,,
0,0,BAU,,LIME_DOL_PROD,,,2029,,,,,,,,,,,,,,0.1517,0.1517,,,,,,
0,0,BAU,,LIME_DOL_PROD,,,2030,,,,,,,,,,,,,,0.1575,0.1575,,,,,,
0,0,BAU,,LIME_DOL_PROD,,,2031,,,,,,,,,,,,,,0.1635,0.1635,,,,,,
0,0,BAU,,LIME_DOL_PROD,,,2032,,,,,,,,,,,,,,0.1697,0.1697,,,,,,
0,0,BAU,,LIME_DOL_PROD,,,2033,,,,,,,,,,,,,,0.1761,0.1761,,,,,,
0,0,BAU,,LIME_DOL_PROD,,,2034,,,,,,,,,,,,,,0.1828,0.1828,,,,,,
0,0,BAU,,LIME_DOL_PROD,,,2035,,,,,,,,,,,,,,0.1898,0.1898,,,,,,
0,0,BAU,,LIME_DOL_PROD,,,2036,,,,,,,,,,,,,,0.197,0.197,,,,,,
0,0,BAU,,LIME_DOL_PROD,,,2037,,,,,,,,,,,,,,0.2045,0.2045,,,,,,
0,0,BAU,,LIME_DOL_PROD,,,2038,,,,,,,,,,,,,,0.2122,0.2122,,,,,,
0,0,BAU,,LIME_DOL_PROD,,,2039,,,,,,,,,,,,,,0.2203,0.2203,,,,,,
0,0,BAU,,LIME_DOL_PROD,,,2040,,,,,,,,,,,,,,0.2287,0.2287,,,,,,
0,0,BAU,,LIME_DOL_PROD,,,2041,,,,,,,,,,,,,,0.2373,0.2373,,,,,,
0,0,BAU,,LIME_DOL_PROD,,,2042,,,,,,,,,,,,,,0.2464,0.2464,,,,,,
0,0,BAU,,LIME_DOL_PROD,,,2043,,,,,,,,,,,,,,0.2557,0.2557,,,,,,
0,0,BAU,,LIME_DOL_PROD,,,2044,,,,,,,,,,,,,,0.2654,0.2654,,,,,,
0,0,BAU,,LIME_DOL_PROD,,,2045,,,,,,,,,,,,,,0.2755,0.2755,,,,,,
0,0,BAU,,LIME_DOL_PROD,,,2046,,,,,,,,,,,,,,0.286,0.286,,,,,,
0,0,BAU,,LIME_DOL_PROD,,,2047,,,,,,,,,,,,,,0.2969,0.2969,,,,,,
0,0,BAU,,LIME_DOL_PROD,,,2048,,,,,,,,,,,,,,0.3081,0.3081,,,,,,
0,0,BAU,,LIME_DOL_PROD,,,2049,,,,,,,,,,,,,,0.3199,0.3199,,,,,,
0,0,BAU,,LIME_DOL_PROD,,,2050,,,,,,,,,,,,,,0.332,0.332,,,,,,
0,0,BAU,,GLASS_PROD,,,2018,,,,,,,,,,,,,,0.1146,0.1146,,,,,,
0,0,BAU,,GLASS_PROD,,,2019,,,,,,,,,,,,,,0.1375,0.1375,,,,,,
0,0,BAU,,GLASS_PROD,,,2020,,,,,,,,,,,,,,0.1796,0.1796,,,,,,
0,0,BAU,,GLASS_PROD,,,2021,,,,,,,,,,,,,,0.1979,0.1979,,,,,,
0,0,BAU,,GLASS_PROD,,,2022,,,,,,,,,,,,,,0.1714,0.1714,,,,,,
0,0,BAU,,GLASS_PROD,,,2023,,,,,,,,,,,,,,0.1779,0.1779,,,,,,
0,0,BAU,,GLASS_PROD,,,2024,,,,,,,,,,,,,,0.1846,0.1846,,,,,,
0,0,BAU,,GLASS_PROD,,,2025,,,,,,,,,,,,,,0.1917,0.1917,,,,,,
0,0,BAU,,GLASS_PROD,,,2026,,,,,,,,,,,,,,0.1989,0.1989,,,,,,
0,0,BAU,,GLASS_PROD,,,2027,,,,,,,,,,,,,,0.2065,0.2065,,,,,,
0,0,BAU,,GLASS_PROD,,,2028,,,,,,,,,,,,,,0.2143,0.2143,,,,,,
0,0,BAU,,GLASS_PROD,,,2029,,,,,,,,,,,,,,0.2225,0.2225,,,,,,
0,0,BAU,,GLASS_PROD,,,2030,,,,,,,,,,,,,,0.2309,0.2309,,,,,,
0,0,BAU,,GLASS_PROD,,,2031,,,,,,,,,,,,,,0.2397,0.2397,,,,,,
0,0,BAU,,GLASS_PROD,,,2032,,,,,,,,,,,,,,0.2488,0.2488,,,,,,
0,0,BAU,,GLASS_PROD,,,2033,,,,,,,,,,,,,,0.2583,0.2583,,,,,,
0,0,BAU,,GLASS_PROD,,,2034,,,,,,,,,,,,,,0.2681,0.2681,,,,,,
0,0,BAU,,GLASS_PROD,,,2035,,,,,,,,,,,,,,0.2783,0.2783,,,,,,
0,0,BAU,,GLASS_PROD,,,2036,,,,,,,,,,,,,,0.2889,0.2889,,,,,,
0,0,BAU,,GLASS_PROD,,,2037,,,,,,,,,,,,,,0.2998,0.2998,,,,,,
0,0,BAU,,GLASS_PROD,,,2038,,,,,,,,,,,,,,0.3112,0.3112,,,,,,
0,0,BAU,,GLASS_PROD,,,2039,,,,,,,,,,,,,,0.3231,0.3231,,,,,,
0,0,BAU,,GLASS_PROD,,,2040,,,,,,,,,,,,,,0.3353,0.3353,,,,,,
0,0,BAU,,GLASS_PROD,,,2041,,,,,,,,,,,,,,0.3481,0.3481,,,,,,
0,0,BAU,,GLASS_PROD,,,2042,,,,,,,,,,,,,,0.3613,0.3613,,,,,,
0,0,BAU,,GLASS_PROD,,,2043,,,,,,,,,,,,,,0.375,0.375,,,,,,
0,0,BAU,,GLASS_PROD,,,2044,,,,,,,,,,,,,,0.3893,0.3893,,,,,,
0,0,BAU,,GLASS_PROD,,,2045,,,,,,,,,,,,,,0.4041,0.4041,,,,,,
0,0,BAU,,GLASS_PROD,,,2046,,,,,,,,,,,,,,0.4194,0.4194,,,,,,
0,0,BAU,,GLASS_PROD,,,2047,,,,,,,,,,,,,,0.4354,0.4354,,,,,,
0,0,BAU,,GLASS_PROD,,,2048,,,,,,,,,,,,,,0.4519,0.4519,,,,,,
0,0,BAU,,GLASS_PROD,,,2049,,,,,,,,,,,,,,0.4691,0.4691,,,,,,
0,0,BAU,,GLASS_PROD,,,2050,,,,,,,,,,,,,,0.4869,0.4869,,,,,,
0,0,BAU,,CARBONATE_CERAMICS,,,2018,,,,,,,,,,,,,,0.0593,0.0593,,,,,,
0,0,BAU,,CARBONATE_CERAMICS,,,2019,,,,,,,,,,,,,,0.0066,0.0066,,,,,,
0,0,BAU,,CARBONATE_CERAMICS,,,2020,,,,,,,,,,,,,,0.0205,0.0205,,,,,,
0,0,BAU,,CARBONATE_CERAMICS,,,2021,,,,,,,,,,,,,,0.0248,0.0248,,,,,,
0,0,BAU,,CARBONATE_CERAMICS,,,2022,,,,,,,,,,,,,,0.0301,0.0301,,,,,,
0,0,BAU,,CARBONATE_CERAMICS,,,2023,,,,,,,,,,,,,,0.0312,0.0312,,,,,,
0,0,BAU,,CARBONATE_CERAMICS,,,2024,,,,,,,,,,,,,,0.0324,0.0324,,,,,,
0,0,BAU,,CARBONATE_CERAMICS,,,2025,,,,,,,,,,,,,,0.0336,0.0336,,,,,,
0,0,BAU,,CARBONATE_CERAMICS,,,2026,,,,,,,,,,,,,,0.0349,0.0349,,,,,,
0,0,BAU,,CARBONATE_CERAMICS,,,2027,,,,,,,,,,,,,,0.0362,0.0362,,,,,,
0,0,BAU,,CARBONATE_CERAMICS,,,2028,,,,,,,,,,,,,,0.0376,0.0376,,,,,,
0,0,BAU,,CARBONATE_CERAMICS,,,2029,,,,,,,,,,,,,,0.039,0.039,,,,,,
0,0,BAU,,CARBONATE_CERAMICS,,,2030,,,,,,,,,,,,,,0.0405,0.0405,,,,,,
0,0,BAU,,CARBONATE_CERAMICS,,,2031,,,,,,,,,,,,,,0.0421,0.0421,,,,,,
0,0,BAU,,CARBONATE_CERAMICS,,,2032,,,,,,,,,,,,,,0.0437,0.0437,,,,,,
0,0,BAU,,CARBONATE_CERAMICS,,,2033,,,,,,,,,,,,,,0.0453,0.0453,,,,,,
0,0,BAU,,CARBONATE_CERAMICS,,,2034,,,,,,,,,,,,,,0.047,0.047,,,,,,
0,0,BAU,,CARBONATE_CERAMICS,,,2035,,,,,,,,,,,,,,0.0488,0.0488,,,,,,
0,0,BAU,,CARBONATE_CERAMICS,,,2036,,,,,,,,,,,,,,0.0507,0.0507,,,,,,
0,0,BAU,,CARBONATE_CERAMICS,,,2037,,,,,,,,,,,,,,0.0526,0.0526,,,,,,
0,0,BAU,,CARBONATE_CERAMICS,,,2038,,,,,,,,,,,,,,0.0546,0.0546,,,,,,
0,0,BAU,,CARBONATE_CERAMICS,,,2039,,,,,,,,,,,,,,0.0567,0.0567,,,,,,
0,0,BAU,,CARBONATE_CERAMICS,,,2040,,,,,,,,,,,,,,0.0588,0.0588,,,,,,
0,0,BAU,,CARBONATE_CERAMICS,,,2041,,,,,,,,,,,,,,0.0611,0.0611,,,,,,
0,0,BAU,,CARBONATE_CERAMICS,,,2042,,,,,,,,,,,,,,0.0634,0.0634,,,,,,
0,0,BAU,,CARBONATE_CERAMICS,,,2043,,,,,,,,,,,,,,0.0658,0.0658,,,,,,
0,0,BAU,,CARBONATE_CERAMICS,,,2044,,,,,,,,,,,,,,0.0683,0.0683,,,,,,
0,0,BAU,,CARBONATE_CERAMICS,,,2045,,,,,,,,,,,,,,0.0709,0.0709,,,,,,
0,0,BAU,,CARBONATE_CERAMICS,,,2046,,,,,,,,,,,,,,0.0736,0.0736,,,,,,
0,0,BAU,,CARBONATE_CERAMICS,,,2047,,,,,,,,,,,,,,0.0764,0.0764,,,,,,
0,0,BAU,,CARBONATE_CERAMICS,,,2048,,,,,,,,,,,,,,0.0793,0.0793,,,,,,
0,0,BAU,,CARBONATE_CERAMICS,,,2049,,,,,,,,,,,,,,0.0823,0.0823,,,,,,
0,0,BAU,,CARBONATE_CERAMICS,,,2050,,,,,,,,,,,,,,0.0854,0.0854,,,,,,
0,0,BAU,,CARBONATE_ASH,,,2018,,,,,,,,,,,,,,0.0216,0.0216,,,,,,
0,0,BAU,,CARBONATE_ASH,,,2019,,,,,,,,,,,,,,0.0308,0.0308,,,,,,
0,0,BAU,,CARBONATE_ASH,,,2020,,,,,,,,,,,,,,0.0288,0.0288,,,,,,
0,0,BAU,,CARBONATE_ASH,,,2021,,,,,,,,,,,,,,0.0356,0.0356,,,,,,
0,0,BAU,,CARBONATE_ASH,,,2022,,,,,,,,,,,,,,0.0367,0.0367,,,,,,
0,0,BAU,,CARBONATE_ASH,,,2023,,,,,,,,,,,,,,0.0381,0.0381,,,,,,
0,0,BAU,,CARBONATE_ASH,,,2024,,,,,,,,,,,,,,0.0396,0.0396,,,,,,
0,0,BAU,,CARBONATE_ASH,,,2025,,,,,,,,,,,,,,0.0411,0.0411,,,,,,
0,0,BAU,,CARBONATE_ASH,,,2026,,,,,,,,,,,,,,0.0426,0.0426,,,,,,
0,0,BAU,,CARBONATE_ASH,,,2027,,,,,,,,,,,,,,0.0443,0.0443,,,,,,
0,0,BAU,,CARBONATE_ASH,,,2028,,,,,,,,,,,,,,0.0459,0.0459,,,,,,
0,0,BAU,,CARBONATE_ASH,,,2029,,,,,,,,,,,,,,0.0477,0.0477,,,,,,
0,0,BAU,,CARBONATE_ASH,,,2030,,,,,,,,,,,,,,0.0495,0.0495,,,,,,
0,0,BAU,,CARBONATE_ASH,,,2031,,,,,,,,,,,,,,0.0514,0.0514,,,,,,
0,0,BAU,,CARBONATE_ASH,,,2032,,,,,,,,,,,,,,0.0533,0.0533,,,,,,
0,0,BAU,,CARBONATE_ASH,,,2033,,,,,,,,,,,,,,0.0554,0.0554,,,,,,
0,0,BAU,,CARBONATE_ASH,,,2034,,,,,,,,,,,,,,0.0575,0.0575,,,,,,
0,0,BAU,,CARBONATE_ASH,,,2035,,,,,,,,,,,,,,0.0596,0.0596,,,,,,
0,0,BAU,,CARBONATE_ASH,,,2036,,,,,,,,,,,,,,0.0619,0.0619,,,,,,
0,0,BAU,,CARBONATE_ASH,,,2037,,,,,,,,,,,,,,0.0643,0.0643,,,,,,
0,0,BAU,,CARBONATE_ASH,,,2038,,,,,,,,,,,,,,0.0667,0.0667,,,,,,
0,0,BAU,,CARBONATE_ASH,,,2039,,,,,,,,,,,,,,0.0692,0.0692,,,,,,
0,0,BAU,,CARBONATE_ASH,,,2040,,,,,,,,,,,,,,0.0719,0.0719,,,,,,
0,0,BAU,,CARBONATE_ASH,,,2041,,,,,,,,,,,,,,0.0746,0.0746,,,,,,
0,0,BAU,,CARBONATE_ASH,,,2042,,,,,,,,,,,,,,0.0774,0.0774,,,,,,
0,0,BAU,,CARBONATE_ASH,,,2043,,,,,,,,,,,,,,0.0804,0.0804,,,,,,
0,0,BAU,,CARBONATE_ASH,,,2044,,,,,,,,,,,,,,0.0834,0.0834,,,,,,
0,0,BAU,,CARBONATE_ASH,,,2045,,,,,,,,,,,,,,0.0866,0.0866,,,,,,
0,0,BAU,,CARBONATE_ASH,,,2046,,,,,,,,,,,,,,0.0899,0.0899,,,,,,
0,0,BAU,,CARBONATE_ASH,,,2047,,,,,,,,,,,,,,0.0933,0.0933,,,,,,
0,0,BAU,,CARBONATE_ASH,,,2048,,,,,,,,,,,,,,0.0968,0.0968,,,,,,
0,0,BAU,,CARBONATE_ASH,,,2049,,,,,,,,,,,,,,0.1005,0.1005,,,,,,
0,0,BAU,,CARBONATE_ASH,,,2050,,,,,,,,,,,,,,0.1043,0.1043,,,,,,
0,0,BAU,,IRON_STEEL,,,2018,,,,,,,,,,,,,,0.2812,0.2812,,,,,,
0,0,BAU,,IRON_STEEL,,,2019,,,,,,,,,,,,,,0.294,0.294,,,,,,
0,0,BAU,,IRON_STEEL,,,2020,,,,,,,,,,,,,,0.3069,0.3069,,,,,,
0,0,BAU,,IRON_STEEL,,,2021,,,,,,,,,,,,,,0.2711,0.2711,,,,,,
0,0,BAU,,IRON_STEEL,,,2022,,,,,,,,,,,,,,0.1335,0.1335,,,,,,
0,0,BAU,,IRON_STEEL,,,2023,,,,,,,,,,,,,,0.1386,0.1386,,,,,,
0,0,BAU,,IRON_STEEL,,,2024,,,,,,,,,,,,,,0.1438,0.1438,,,,,,
0,0,BAU,,IRON_STEEL,,,2025,,,,,,,,,,,,,,0.1493,0.1493,,,,,,
0,0,BAU,,IRON_STEEL,,,2026,,,,,,,,,,,,,,0.155,0.155,,,,,,
0,0,BAU,,IRON_STEEL,,,2027,,,,,,,,,,,,,,0.1609,0.1609,,,,,,
0,0,BAU,,IRON_STEEL,,,2028,,,,,,,,,,,,,,0.167,0.167,,,,,,
0,0,BAU,,IRON_STEEL,,,2029,,,,,,,,,,,,,,0.1733,0.1733,,,,,,
0,0,BAU,,IRON_STEEL,,,2030,,,,,,,,,,,,,,0.1799,0.1799,,,,,,
0,0,BAU,,IRON_STEEL,,,2031,,,,,,,,,,,,,,0.1867,0.1867,,,,,,
0,0,BAU,,IRON_STEEL,,,2032,,,,,,,,,,,,,,0.1938,0.1938,,,,,,
0,0,BAU,,IRON_STEEL,,,2033,,,,,,,,,,,,,,0.2012,0.2012,,,,,,
0,0,BAU,,IRON_STEEL,,,2034,,,,,,,,,,,,,,0.2089,0.2089,,,,,,
0,0,BAU,,IRON_STEEL,,,2035,,,,,,,,,,,,,,0.2168,0.2168,,,,,,
0,0,BAU,,IRON_STEEL,,,2036,,,,,,,,,,,,,,0.225,0.225,,,,,,
0,0,BAU,,IRON_STEEL,,,2037,,,,,,,,,,,,,,0.2336,0.2336,,,,,,
0,0,BAU,,IRON_STEEL,,,2038,,,,,,,,,,,,,,0.2425,0.2425,,,,,,
0,0,BAU,,IRON_STEEL,,,2039,,,,,,,,,,,,,,0.2517,0.2517,,,,,,
0,0,BAU,,IRON_STEEL,,,2040,,,,,,,,,,,,,,0.2612,0.2612,,,,,,
0,0,BAU,,IRON_STEEL,,,2041,,,,,,,,,,,,,,0.2712,0.2712,,,,,,
0,0,BAU,,IRON_STEEL,,,2042,,,,,,,,,,,,,,0.2815,0.2815,,,,,,
0,0,BAU,,IRON_STEEL,,,2043,,,,,,,,,,,,,,0.2922,0.2922,,,,,,
0,0,BAU,,IRON_STEEL,,,2044,,,,,,,,,,,,,,0.3033,0.3033,,,,,,
0,0,BAU,,IRON_STEEL,,,2045,,,,,,,,,,,,,,0.3148,0.3148,,,,,,
0,0,BAU,,IRON_STEEL,,,2046,,,,,,,,,,,,,,0.3268,0.3268,,,,,,
0,0,BAU,,IRON_STEEL,,,2047,,,,,,,,,,,,,,0.3392,0.3392,,,,,,
0,0,BAU,,IRON_STEEL,,,2048,,,,,,,,,,,,,,0.3521,0.3521,,,,,,
0,0,BAU,,IRON_STEEL,,,2049,,,,,,,,,,,,,,0.3654,0.3654,,,,,,
0,0,BAU,,IRON_STEEL,,,2050,,,,,,,,,,,,,,0.3793,0.3793,,,,,,
0,0,BAU,,PROD_FERRO,,,2018,,,,,,,,,,,,,,0.3735,0.3735,,,,,,
0,0,BAU,,PROD_FERRO,,,2019,,,,,,,,,,,,,,0.4729,0.4729,,,,,,
0,0,BAU,,PROD_FERRO,,,2020,,,,,,,,,,,,,,0.5724,0.5724,,,,,,
0,0,BAU,,PROD_FERRO,,,2021,,,,,,,,,,,,,,0.0605,0.0605,,,,,,
0,0,BAU,,PROD_FERRO,,,2022,,,,,,,,,,,,,,0.0279,0.0279,,,,,,
0,0,BAU,,PROD_FERRO,,,2023,,,,,,,,,,,,,,0.029,0.029,,,,,,
0,0,BAU,,PROD_FERRO,,,2024,,,,,,,,,,,,,,0.0301,0.0301,,,,,,
0,0,BAU,,PROD_FERRO,,,2025,,,,,,,,,,,,,,0.0312,0.0312,,,,,,
0,0,BAU,,PROD_FERRO,,,2026,,,,,,,,,,,,,,0.0324,0.0324,,,,,,
0,0,BAU,,PROD_FERRO,,,2027,,,,,,,,,,,,,,0.0336,0.0336,,,,,,
0,0,BAU,,PROD_FERRO,,,2028,,,,,,,,,,,,,,0.0349,0.0349,,,,,,
0,0,BAU,,PROD_FERRO,,,2029,,,,,,,,,,,,,,0.0363,0.0363,,,,,,
0,0,BAU,,PROD_FERRO,,,2030,,,,,,,,,,,,,,0.0376,0.0376,,,,,,
0,0,BAU,,PROD_FERRO,,,2031,,,,,,,,,,,,,,0.0391,0.0391,,,,,,
0,0,BAU,,PROD_FERRO,,,2032,,,,,,,,,,,,,,0.0405,0.0405,,,,,,
0,0,BAU,,PROD_FERRO,,,2033,,,,,,,,,,,,,,0.0421,0.0421,,,,,,
0,0,BAU,,PROD_FERRO,,,2034,,,,,,,,,,,,,,0.0437,0.0437,,,,,,
0,0,BAU,,PROD_FERRO,,,2035,,,,,,,,,,,,,,0.0453,0.0453,,,,,,
0,0,BAU,,PROD_FERRO,,,2036,,,,,,,,,,,,,,0.0471,0.0471,,,,,,
0,0,BAU,,PROD_FERRO,,,2037,,,,,,,,,,,,,,0.0489,0.0489,,,,,,
0,0,BAU,,PROD_FERRO,,,2038,,,,,,,,,,,,,,0.0507,0.0507,,,,,,
0,0,BAU,,PROD_FERRO,,,2039,,,,,,,,,,,,,,0.0526,0.0526,,,,,,
0,0,BAU,,PROD_FERRO,,,2040,,,,,,,,,,,,,,0.0546,0.0546,,,,,,
0,0,BAU,,PROD_FERRO,,,2041,,,,,,,,,,,,,,0.0567,0.0567,,,,,,
0,0,BAU,,PROD_FERRO,,,2042,,,,,,,,,,,,,,0.0589,0.0589,,,,,,
0,0,BAU,,PROD_FERRO,,,2043,,,,,,,,,,,,,,0.0611,0.0611,,,,,,
0,0,BAU,,PROD_FERRO,,,2044,,,,,,,,,,,,,,0.0634,0.0634,,,,,,
0,0,BAU,,PROD_FERRO,,,2045,,,,,,,,,,,,,,0.0658,0.0658,,,,,,
0,0,BAU,,PROD_FERRO,,,2046,,,,,,,,,,,,,,0.0683,0.0683,,,,,,
0,0,BAU,,PROD_FERRO,,,2047,,,,,,,,,,,,,,0.0709,0.0709,,,,,,
0,0,BAU,,PROD_FERRO,,,2048,,,,,,,,,,,,,,0.0736,0.0736,,,,,,
0,0,BAU,,PROD_FERRO,,,2049,,,,,,,,,,,,,,0.0764,0.0764,,,,,,
0,0,BAU,,PROD_FERRO,,,2050,,,,,,,,,,,,,,0.0793,0.0793,,,,,,
0,0,BAU,,LUBRI_OILS,,,2018,,,,,,,,,,,,,,0.0442,0.0442,,,,,,
0,0,BAU,,LUBRI_OILS,,,2019,,,,,,,,,,,,,,0.0084,0.0084,,,,,,
0,0,BAU,,LUBRI_OILS,,,2020,,,,,,,,,,,,,,0.0084,0.0084,,,,,,
0,0,BAU,,LUBRI_OILS,,,2021,,,,,,,,,,,,,,0.0598,0.0598,,,,,,
0,0,BAU,,LUBRI_OILS,,,2022,,,,,,,,,,,,,,0.0598,0.0598,,,,,,
0,0,BAU,,LUBRI_OILS,,,2023,,,,,,,,,,,,,,0.062,0.062,,,,,,
0,0,BAU,,LUBRI_OILS,,,2024,,,,,,,,,,,,,,0.0644,0.0644,,,,,,
0,0,BAU,,LUBRI_OILS,,,2025,,,,,,,,,,,,,,0.0668,0.0668,,,,,,
0,0,BAU,,LUBRI_OILS,,,2026,,,,,,,,,,,,,,0.0694,0.0694,,,,,,
0,0,BAU,,LUBRI_OILS,,,2027,,,,,,,,,,,,,,0.072,0.072,,,,,,
0,0,BAU,,LUBRI_OILS,,,2028,,,,,,,,,,,,,,0.0747,0.0747,,,,,,
0,0,BAU,,LUBRI_OILS,,,2029,,,,,,,,,,,,,,0.0776,0.0776,,,,,,
0,0,BAU,,LUBRI_OILS,,,2030,,,,,,,,,,,,,,0.0805,0.0805,,,,,,
0,0,BAU,,LUBRI_OILS,,,2031,,,,,,,,,,,,,,0.0836,0.0836,,,,,,
0,0,BAU,,LUBRI_OILS,,,2032,,,,,,,,,,,,,,0.0868,0.0868,,,,,,
0,0,BAU,,LUBRI_OILS,,,2033,,,,,,,,,,,,,,0.0901,0.0901,,,,,,
0,0,BAU,,LUBRI_OILS,,,2034,,,,,,,,,,,,,,0.0935,0.0935,,,,,,
0,0,BAU,,LUBRI_OILS,,,2035,,,,,,,,,,,,,,0.097,0.097,,,,,,
0,0,BAU,,LUBRI_OILS,,,2036,,,,,,,,,,,,,,0.1007,0.1007,,,,,,
0,0,BAU,,LUBRI_OILS,,,2037,,,,,,,,,,,,,,0.1045,0.1045,,,,,,
0,0,BAU,,LUBRI_OILS,,,2038,,,,,,,,,,,,,,0.1085,0.1085,,,,,,
0,0,BAU,,LUBRI_OILS,,,2039,,,,,,,,,,,,,,0.1126,0.1126,,,,,,
0,0,BAU,,LUBRI_OILS,,,2040,,,,,,,,,,,,,,0.1169,0.1169,,,,,,
0,0,BAU,,LUBRI_OILS,,,2041,,,,,,,,,,,,,,0.1214,0.1214,,,,,,
0,0,BAU,,LUBRI_OILS,,,2042,,,,,,,,,,,,,,0.126,0.126,,,,,,
0,0,BAU,,LUBRI_OILS,,,2043,,,,,,,,,,,,,,0.1308,0.1308,,,,,,
0,0,BAU,,LUBRI_OILS,,,2044,,,,,,,,,,,,,,0.1357,0.1357,,,,,,
0,0,BAU,,LUBRI_OILS,,,2045,,,,,,,,,,,,,,0.1409,0.1409,,,,,,
0,0,BAU,,LUBRI_OILS,,,2046,,,,,,,,,,,,,,0.1462,0.1462,,,,,,
0,0,BAU,,LUBRI_OILS,,,2047,,,,,,,,,,,,,,0.1518,0.1518,,,,,,
0,0,BAU,,LUBRI_OILS,,,2048,,,,,,,,,,,,,,0.1576,0.1576,,,,,,
0,0,BAU,,LUBRI_OILS,,,2049,,,,,,,,,,,,,,0.1636,0.1636,,,,,,
0,0,BAU,,LUBRI_OILS,,,2050,,,,,,,,,,,,,,0.1698,0.1698,,,,,,
0,0,BAU,,PARAFFIN,,,2018,,,,,,,,,,,,,,0.0092,0.0092,,,,,,
0,0,BAU,,PARAFFIN,,,2019,,,,,,,,,,,,,,0.0019,0.0019,,,,,,
0,0,BAU,,PARAFFIN,,,2020,,,,,,,,,,,,,,0.0031,0.0031,,,,,,
0,0,BAU,,PARAFFIN,,,2021,,,,,,,,,,,,,,0.0165,0.0165,,,,,,
0,0,BAU,,PARAFFIN,,,2022,,,,,,,,,,,,,,0.0167,0.0167,,,,,,
0,0,BAU,,PARAFFIN,,,2023,,,,,,,,,,,,,,0.0173,0.0173,,,,,,
0,0,BAU,,PARAFFIN,,,2024,,,,,,,,,,,,,,0.018,0.018,,,,,,
0,0,BAU,,PARAFFIN,,,2025,,,,,,,,,,,,,,0.0186,0.0186,,,,,,
0,0,BAU,,PARAFFIN,,,2026,,,,,,,,,,,,,,0.0194,0.0194,,,,,,
0,0,BAU,,PARAFFIN,,,2027,,,,,,,,,,,,,,0.0201,0.0201,,,,,,
0,0,BAU,,PARAFFIN,,,2028,,,,,,,,,,,,,,0.0209,0.0209,,,,,,
0,0,BAU,,PARAFFIN,,,2029,,,,,,,,,,,,,,0.0216,0.0216,,,,,,
0,0,BAU,,PARAFFIN,,,2030,,,,,,,,,,,,,,0.0225,0.0225,,,,,,
0,0,BAU,,PARAFFIN,,,2031,,,,,,,,,,,,,,0.0233,0.0233,,,,,,
0,0,BAU,,PARAFFIN,,,2032,,,,,,,,,,,,,,0.0242,0.0242,,,,,,
0,0,BAU,,PARAFFIN,,,2033,,,,,,,,,,,,,,0.0251,0.0251,,,,,,
0,0,BAU,,PARAFFIN,,,2034,,,,,,,,,,,,,,0.0261,0.0261,,,,,,
0,0,BAU,,PARAFFIN,,,2035,,,,,,,,,,,,,,0.0271,0.0271,,,,,,
0,0,BAU,,PARAFFIN,,,2036,,,,,,,,,,,,,,0.0281,0.0281,,,,,,
0,0,BAU,,PARAFFIN,,,2037,,,,,,,,,,,,,,0.0292,0.0292,,,,,,
0,0,BAU,,PARAFFIN,,,2038,,,,,,,,,,,,,,0.0303,0.0303,,,,,,
0,0,BAU,,PARAFFIN,,,2039,,,,,,,,,,,,,,0.0314,0.0314,,,,,,
0,0,BAU,,PARAFFIN,,,2040,,,,,,,,,,,,,,0.0326,0.0326,,,,,,
0,0,BAU,,PARAFFIN,,,2041,,,,,,,,,,,,,,0.0339,0.0339,,,,,,
0,0,BAU,,PARAFFIN,,,2042,,,,,,,,,,,,,,0.0351,0.0351,,,,,,
0,0,BAU,,PARAFFIN,,,2043,,,,,,,,,,,,,,0.0365,0.0365,,,,,,
0,0,BAU,,PARAFFIN,,,2044,,,,,,,,,,,,,,0.0379,0.0379,,,,,,
0,0,BAU,,PARAFFIN,,,2045,,,,,,,,,,,,,,0.0393,0.0393,,,,,,
0,0,BAU,,PARAFFIN,,,2046,,,,,,,,,,,,,,0.0408,0.0408,,,,,,
0,0,BAU,,PARAFFIN,,,2047,,,,,,,,,,,,,,0.0424,0.0424,,,,,,
0,0,BAU,,PARAFFIN,,,2048,,,,,,,,,,,,,,0.044,0.044,,,,,,
0,0,BAU,,PARAFFIN,,,2049,,,,,,,,,,,,,,0.0456,0.0456,,,,,,
0,0,BAU,,PARAFFIN,,,2050,,,,,,,,,,,,,,0.0474,0.0474,,,,,,
0,0,BAU,,PROD_CLK_TRAD,,,2018,,,,,,,,,,,,,,1.9035,0.0,,,,,,
0,0,BAU,,PROD_CLK_TRAD,,,2019,,,,,,,,,,,,,,2.0598,0.0,,,,,,
0,0,BAU,,PROD_CLK_TRAD,,,2020,,,,,,,,,,,,,,2.3918,0.0,,,,,,
0,0,BAU,,PROD_CLK_TRAD,,,2021,,,,,,,,,,,,,,2.8703,0.0,,,,,,
0,0,BAU,,PROD_CLK_TRAD,,,2022,,,,,,,,,,,,,,3.1281,0.0,,,,,,
0,0,BAU,,PROD_CLK_TRAD,,,2023,,,,,,,,,,,,,,3.91,0.0,,,,,,
0,0,BAU,,PROD_CLK_TRAD,,,2024,,,,,,,,,,,,,,4.1838,0.0,,,,,,
0,0,BAU,,PROD_CLK_TRAD,,,2025,,,,,,,,,,,,,,4.4768,0.0,,,,,,
0,0,BAU,,PROD_CLK_TRAD,,,2026,,,,,,,,,,,,,,4.7902,0.0,,,,,,
0,0,BAU,,PROD_CLK_TRAD,,,2027,,,,,,,,,,,,,,5.1256,0.0,,,,,,
0,0,BAU,,PROD_CLK_TRAD,,,2028,,,,,,,,,,,,,,5.4845,0.0,,,,,,
0,0,BAU,,PROD_CLK_TRAD,,,2029,,,,,,,,,,,,,,5.8684,0.0,,,,,,
0,0,BAU,,PROD_CLK_TRAD,,,2030,,,,,,,,,,,,,,6.2792,0.0,,,,,,
0,0,BAU,,PROD_CLK_TRAD,,,2031,,,,,,,,,,,,,,6.7188,0.0,,,,,,
0,0,BAU,,PROD_CLK_TRAD,,,2032,,,,,,,,,,,,,,7.1891,0.0,,,,,,
0,0,BAU,,PROD_CLK_TRAD,,,2033,,,,,,,,,,,,,,7.6923,0.0,,,,,,
0,0,BAU,,PROD_CLK_TRAD,,,2034,,,,,,,,,,,,,,8.2307,0.0,,,,,,
0,0,BAU,,PROD_CLK_TRAD,,,2035,,,,,,,,,,,,,,8.8067,0.0,,,,,,
0,0,BAU,,PROD_CLK_TRAD,,,2036,,,,,,,,,,,,,,9.423,0.0,,,,,,
0,0,BAU,,PROD_CLK_TRAD,,,2037,,,,,,,,,,,,,,10.081,0.0,,,,,,
0,0,BAU,,PROD_CLK_TRAD,,,2038,,,,,,,,,,,,,,10.7863,0.0,,,,,,
0,0,BAU,,PROD_CLK_TRAD,,,2039,,,,,,,,,,,,,,11.5411,0.0,,,,,,
0,0,BAU,,PROD_CLK_TRAD,,,2040,,,,,,,,,,,,,,12.3486,0.0,,,,,,
0,0,BAU,,PROD_CLK_TRAD,,,2041,,,,,,,,,,,,,,13.2125,0.0,,,,,,
0,0,BAU,,PROD_CLK_TRAD,,,2042,,,,,,,,,,,,,,14.1368,0.0,,,,,,
0,0,BAU,,PROD_CLK_TRAD,,,2043,,,,,,,,,,,,,,15.1258,0.0,,,,,,
0,0,BAU,,PROD_CLK_TRAD,,,2044,,,,,,,,,,,,,,16.1839,0.0,,,,,,
0,0,BAU,,PROD_CLK_TRAD,,,2045,,,,,,,,,,,,,,17.316,0.0,,,,,,
0,0,BAU,,PROD_CLK_TRAD,,,2046,,,,,,,,,,,,,,18.5272,0.0,,,,,,
0,0,BAU,,PROD_CLK_TRAD,,,2047,,,,,,,,,,,,,,19.823,0.0,,,,,,
0,0,BAU,,PROD_CLK_TRAD,,,2048,,,,,,,,,,,,,,21.2093,0.0,,,,,,
0,0,BAU,,PROD_CLK_TRAD,,,2049,,,,,,,,,,,,,,22.6926,0.0,,,,,,
0,0,BAU,,PROD_CLK_TRAD,,,2050,,,,,,,,,,,,,,24.2796,0.0,,,,,,
0,0,BAU,,PROD_CEM,,,2018,,,,,,,,,,,,,,2.7546,,,,,,,
0,0,BAU,,PROD_CEM,,,2019,,,,,,,,,,,,,,3.0039,,,,,,,
0,0,BAU,,PROD_CEM,,,2020,,,,,,,,,,,,,,3.525,,,,,,,
0,0,BAU,,PROD_CEM,,,2021,,,,,,,,,,,,,,4.2775,,,,,,,
0,0,BAU,,PROD_CEM,,,2022,,,,,,,,,,,,,,4.6204,,,,,,,
0,0,BAU,,PROD_CEM,,,2023,,,,,,,,,,,,,,5.708,,,,,,,
0,0,BAU,,PROD_CEM,,,2024,,,,,,,,,,,,,,6.0961,,,,,,,
0,0,BAU,,PROD_CEM,,,2025,,,,,,,,,,,,,,6.5107,,,,,,,
0,0,BAU,,PROD_CEM,,,2026,,,,,,,,,,,,,,6.9534,,,,,,,
0,0,BAU,,PROD_CEM,,,2027,,,,,,,,,,,,,,7.4262,,,,,,,
0,0,BAU,,PROD_CEM,,,2028,,,,,,,,,,,,,,7.9312,,,,,,,
0,0,BAU,,PROD_CEM,,,2029,,,,,,,,,,,,,,8.4705,,,,,,,
0,0,BAU,,PROD_CEM,,,2030,,,,,,,,,,,,,,9.0465,,,,,,,
0,0,BAU,,PROD_CEM,,,2031,,,,,,,,,,,,,,9.6617,,,,,,,
0,0,BAU,,PROD_CEM,,,2032,,,,,,,,,,,,,,10.3187,,,,,,,
0,0,BAU,,PROD_CEM,,,2033,,,,,,,,,,,,,,11.0204,,,,,,,
0,0,BAU,,PROD_CEM,,,2034,,,,,,,,,,,,,,11.7698,,,,,,,
0,0,BAU,,PROD_CEM,,,2035,,,,,,,,,,,,,,12.5701,,,,,,,
0,0,BAU,,PROD_CEM,,,2036,,,,,,,,,,,,,,13.4249,,,,,,,
0,0,BAU,,PROD_CEM,,,2037,,,,,,,,,,,,,,14.3378,,,,,,,
0,0,BAU,,PROD_CEM,,,2038,,,,,,,,,,,,,,15.3127,,,,,,,
0,0,BAU,,PROD_CEM,,,2039,,,,,,,,,,,,,,16.354,,,,,,,
0,0,BAU,,PROD_CEM,,,2040,,,,,,,,,,,,,,17.4661,,,,,,,
0,0,BAU,,PROD_CEM,,,2041,,,,,,,,,,,,,,18.6538,,,,,,,
0,0,BAU,,PROD_CEM,,,2042,,,,,,,,,,,,,,19.9222,,,,,,,
0,0,BAU,,PROD_CEM,,,2043,,,,,,,,,,,,,,21.2769,,,,,,,
0,0,BAU,,PROD_CEM,,,2044,,,,,,,,,,,,,,22.7238,,,,,,,
0,0,BAU,,PROD_CEM,,,2045,,,,,,,,,,,,,,24.269,,,,,,,
0,0,BAU,,PROD_CEM,,,2046,,,,,,,,,,,,,,25.9193,,,,,,,
0,0,BAU,,PROD_CEM,,,2047,,,,,,,,,,,,,,27.6818,,,,,,,
0,0,BAU,,PROD_CEM,,,2048,,,,,,,,,,,,,,29.5641,,,,,,,
0,0,BAU,,PROD_CEM,,,2049,,,,,,,,,,,,,,31.5745,,,,,,,
0,0,BAU,,PROD_CEM,,,2050,,,,,,,,,,,,,,33.7216,,,,,,,
