###############
#    Sets     #
###############
#
set DAILYTIMEBRACKET :=  ;
set DAYTYPE :=  ;
set SEASON :=  ;
set STORAGE :=  ;
set YEAR := 2018 2019 2020 2021 2022 2023 2024 2025 2026 2027 2028 2029 2030 2031 2032 2033 2034 2035 2036 2037 2038 2039 2040 2041 2042 2043 2044 2045 2046 2047 2048 2049 2050 ;
set TECHNOLOGY := LNDRSC IMPRIC IMPBAN IMPCAF IMPSUG IMPMOL IMPPLM IMPPIN IMPORG IMPFRT IMPVEG IMPOTG IMPLEC IMPCAR IMPWOD PROPOR PROCHI LNDFOR LNDAGR LNDGAN AGRSGC AGRRIC AGRBAN AGRCAF AGRPLM AGRPIN AGRORG AGRFRT AGRVEG AGROTG AGROTP AGRWOD PROSUG PROOIL HRDLEC HRDCAR HRDDOP GANLEC GANCAR GANDOP T5RICAGR T5BANAGR T5CAFAGR T5BAGAGR T5SUGAGR T5MOLAGR T5OILAGR T5PINAGR T5ORGAGR T5FRTAGR T5VEGAGR T5OTPAGR T5OTGAGR T5WODAGR T5LECGAN T5CARGAN T5PORGAN T5CHIGAN T5RICAGREXP T5BANAGREXP T5CAFAGREXP T5SUGAGREXP T5MOLAGREXP T5OILAGREXP T5PINAGREXP T5ORGAGREXP T5FRTAGREXP T5VEGAGREXP T5OTPAGREXP T5OTGAGREXP T5LECGANEXP T5CARGANEXP T5PORGANEXP T5CHIGANEXP T5WETCOV T5OTHCOV T5PASCOV T5NINCOV T5INFCOV T5MGRPRIFORCOV T5MGRSECFORCOV T5MSTPRIFORCOV T5MSTSECFORCOV T5PLMPRIFORCOV T5PLMSECFORCOV T5WETPRIFORCOV T5WETSECFORCOV T5DRYPRIFORCOV T5DRYSECFORCOV BOSMANWETPRI BOSMANMSTPRI BOSMANDRYPRI BOSMANMGRPRI BOSMANPLMPRI BOSMANWETSEC BOSMANMSTSEC BOSMANDRYSEC BOSMANMGRSEC BOSMANPLMSEC DEFANTWETPRI DEFANTMSTPRI DEFANTDRYPRI DEFANTMGRPRI DEFANTPLMPRI DEFANTWETSEC DEFANTMSTSEC DEFANTDRYSEC DEFANTMGRSEC DEFANTPLMSEC DEFNONANTWETPRI DEFNONANTMSTPRI DEFNONANTDRYPRI DEFNONANTMGRPRI DEFNONANTPLMPRI DEFNONANTWETSEC DEFNONANTMSTSEC DEFNONANTDRYSEC DEFNONANTMGRSEC DEFNONANTPLMSEC CAMCRPWETSEC CAMCRPMSTSEC CAMCRPDRYSEC CAMCRPMGRSEC CAMCRPPLMSEC CAMPASWETSEC CAMPASMSTSEC CAMPASDRYSEC CAMPASMGRSEC CAMPASPLMSEC CAMOTLWETSEC CAMOTLMSTSEC CAMOTLDRYSEC CAMOTLMGRSEC CAMOTLPLMSEC NOSTCLND DEGFORWET DEGFORMST DEGFORDRY DEGFORMGR DEGFORPLM COPASFORWET COPASFORMST COPASFORDRY COPASFORPLM ;
set TIMESLICE := All ;
set FUEL := E1_LND E3_RIC E3_BAN E3_CAF E3_SUG E3_MOL E3_PLM E3_PIN E3_ORG E3_VEG E3_LEC E3_CAR E3_WOD E3_POR E3_CHI E2_CRP E3_SGC E2_PAS E3_HRDLEC E3_HRDCAR E3_HRDDOP E2_FOR E3_FRT E3_OTG E3_OTP E3_BAG E3_OIL E5AGRRIC E5AGRBAN E5AGRCAF E5AGRBAG E5AGRSUG E5AGRMOL E5AGROIL E5AGRPIN E5AGRORG E5AGRFRT E5AGRVEG E5AGROTP E5AGROTG E5AGRWOD E5GANLEC E5GANCAR E5GANPOR E5GANCHI E5AGREXPRIC E5AGREXPBAN E5AGREXPCAF E5AGREXPSUG E5AGREXPMOL E5AGREXPOIL E5AGREXPPIN E5AGREXPORG E5AGREXPFRT E5AGREXPVEG E5AGREXPOTP E5AGREXPOTG E5GANEXPLEC E5GANEXPCAR E5GANEXPPOR E5GANEXPCHI E5COVWET E5COVOTH E5COVPAS E5COVNIN E5COVINF E5FORCOVMGRPRI E5FORCOVMGRSEC E5FORCOVMSTPRI E5FORCOVMSTSEC E5FORCOVPLMPRI E5FORCOVPLMSEC E5FORCOVWETPRI E5FORCOVWETSEC E5FORCOVDRYPRI E5FORCOVDRYSEC E5BOSMANWETPRI   E5BOSMANMSTPRI   E5BOSMANDRYPRI   E5BOSMANMGRPRI   E5BOSMANPLMPRI   E5BOSMANWETSEC   E5BOSMANMSTSEC   E5BOSMANDRYSEC   E5BOSMANMGRSEC   E5BOSMANPLMSEC E5DEFANTWETPRI   E5DEFANTMSTPRI   E5DEFANTDRYPRI   E5DEFANTMGRPRI   E5DEFANTPLMPRI   E5DEFANTWETSEC   E5DEFANTMSTSEC   E5DEFANTDRYSEC   E5DEFANTMGRSEC   E5DEFANTPLMSEC E5DEFNONANTWETPRI   E5DEFNONANTMSTPRI   E5DEFNONANTDRYPRI   E5DEFNONANTMGRPRI   E5DEFNONANTPLMPRI   E5DEFNONANTWETSEC   E5DEFNONANTMSTSEC   E5DEFNONANTDRYSEC   E5DEFNONANTMGRSEC   E5DEFNONANTPLMSEC E5CRPWETSEC E5CRPMSTSEC E5CRPDRYSEC E5CRPMGRSEC E5CRPPLMSEC E5PASWETSEC E5PASMSTSEC E5PASDRYSEC E5PASMGRSEC E5PASPLMSEC E5OTLWETSEC E5OTLMSTSEC E5OTLDRYSEC E5OTLMGRSEC E5OTLPLMSEC E5NOSTCLND E5DEGWET E5DEGMST E5DEGDRY E5DEGMGR E5DEGPLM E5COPASWET E5COPASMST E5COPASDRY E5COPASPLM ;
set EMISSION := CO2E_USO_SUELO_AFOLU CO2E_FERTI_DIR_AFOLU CO2E_FERTI_IND_AFOLU CO2E_QUEMA_AFOLU CO2E_ENCALADO_AFOLU CO2E_RICE_AFOLU CH4_QUEMA_AFOLU CH4_RICE_AFOLU N2O_FERTI_DIR_AFOLU N2O_FERTI_IND_AFOLU N2O_QUEMA_AFOLU CO2E_FERMEN_AFOLU CO2E_GESTION_AFOLU CH4_FERMEN_AFOLU CH4_GESTION_AFOLU CO2E_ACCIONES ;
set MODE_OF_OPERATION := 1 ;
set REGION := CR ;

###############
#    Parameters     #
###############
#
param CapacityToActivityUnit default 1 :
LNDRSC IMPRIC IMPBAN IMPCAF IMPSUG IMPMOL IMPPLM IMPPIN IMPORG IMPFRT IMPVEG IMPOTG IMPLEC IMPCAR IMPWOD PROPOR PROCHI BOSMANWETPRI BOSMANMSTPRI BOSMANDRYPRI BOSMANMGRPRI BOSMANPLMPRI BOSMANWETSEC BOSMANMSTSEC BOSMANDRYSEC BOSMANMGRSEC BOSMANPLMSEC DEFANTWETPRI DEFANTMSTPRI DEFANTDRYPRI DEFANTMGRPRI DEFANTPLMPRI DEFANTWETSEC DEFANTMSTSEC DEFANTDRYSEC DEFANTMGRSEC DEFANTPLMSEC DEFNONANTWETPRI DEFNONANTMSTPRI DEFNONANTDRYPRI DEFNONANTMGRPRI DEFNONANTPLMPRI DEFNONANTWETSEC DEFNONANTMSTSEC DEFNONANTDRYSEC DEFNONANTMGRSEC DEFNONANTPLMSEC CAMCRPWETSEC CAMCRPMSTSEC CAMCRPDRYSEC CAMCRPMGRSEC CAMCRPPLMSEC CAMPASWETSEC CAMPASMSTSEC CAMPASDRYSEC CAMPASMGRSEC CAMPASPLMSEC CAMOTLWETSEC CAMOTLMSTSEC CAMOTLDRYSEC CAMOTLMGRSEC CAMOTLPLMSEC NOSTCLND DEGFORWET DEGFORMST DEGFORDRY DEGFORMGR DEGFORPLM COPASFORWET COPASFORMST COPASFORDRY COPASFORPLM LNDFOR LNDAGR LNDGAN AGRSGC AGRRIC AGRBAN AGRCAF AGRPLM AGRPIN AGRORG AGRFRT AGRVEG AGROTG AGROTP AGRWOD PROSUG PROOIL HRDLEC HRDCAR HRDDOP GANLEC GANCAR GANDOP T5RICAGR T5BANAGR T5CAFAGR T5BAGAGR T5SUGAGR T5MOLAGR T5OILAGR T5PINAGR T5ORGAGR T5FRTAGR T5VEGAGR T5OTPAGR T5OTGAGR T5WODAGR T5LECGAN T5CARGAN T5PORGAN T5CHIGAN T5RICAGREXP T5BANAGREXP T5CAFAGREXP T5SUGAGREXP T5MOLAGREXP T5OILAGREXP T5PINAGREXP T5ORGAGREXP T5FRTAGREXP T5VEGAGREXP T5OTPAGREXP T5OTGAGREXP T5LECGANEXP T5CARGANEXP T5PORGANEXP T5CHIGANEXP T5WETCOV T5OTHCOV T5PASCOV T5NINCOV T5INFCOV T5MGRPRIFORCOV T5MGRSECFORCOV T5MSTPRIFORCOV T5MSTSECFORCOV T5PLMPRIFORCOV T5PLMSECFORCOV T5WETPRIFORCOV T5WETSECFORCOV T5DRYPRIFORCOV T5DRYSECFORCOV :=
CR 1 1 1 1 1 1 1 1 1 1 1 1 1 1 1 1 1 1 1 1 1 1 1 1 1 1 1 1 1 1 1 1 1 1 1 1 1 1 1 1 1 1 1 1 1 1 1 1 1 1 1 1 1 1 1 1 1 1 1 1 1 1 1 1 1 1 1 1 1 1 1 1 1 1 1 1 1 1 1 1 1 1 1 1 1 1 1 1 1 1 1 1 1 1 1 1 1 1 1 1 1 1 1 1 1 1 1 1 1 1 1 1 1 1 1 1 1 1 1 1 1 1 1 1 1 1 1 1 1 1 1 1 1 1 1 1 1 1 1 1 1 1 1 1 
;

param CapitalCost default 0 :=
[CR,*,*]:
2018 2019 2020 2021 2022 2023 2024 2025 2026 2027 2028 2029 2030 2031 2032 2033 2034 2035 2036 2037 2038 2039 2040 2041 2042 2043 2044 2045 2046 2047 2048 2049 2050 :=
AGRSGC 5001.8 5001.8 5001.8 5001.8 5001.8 5001.8 5001.8 5001.8 5001.8 5001.8 5001.8 5001.8 5001.8 5001.8 5001.8 5001.8 5001.8 5001.8 5001.8 5001.8 5001.8 5001.8 5001.8 5001.8 5001.8 5001.8 5001.8 5001.8 5001.8 5001.8 5001.8 5001.8 5001.8 
AGRRIC 3507.5 3507.5 3507.5 3507.5 3507.5 3507.5 3507.5 3507.5 3507.5 3507.5 3507.5 3507.5 3507.5 3507.5 3507.5 3507.5 3507.5 3507.5 3507.5 3507.5 3507.5 3507.5 3507.5 3507.5 3507.5 3507.5 3507.5 3507.5 3507.5 3507.5 3507.5 3507.5 3507.5 
AGRBAN 4460.2 4460.2 4460.2 4460.2 4460.2 4460.2 4460.2 4460.2 4460.2 4460.2 4460.2 4460.2 4460.2 4460.2 4460.2 4460.2 4460.2 4460.2 4460.2 4460.2 4460.2 4460.2 4460.2 4460.2 4460.2 4460.2 4460.2 4460.2 4460.2 4460.2 4460.2 4460.2 4460.2 
AGRCAF 6142.6 6142.6 6142.6 6142.6 6142.6 6142.6 6142.6 6142.6 6142.6 6142.6 6142.6 6142.6 6142.6 6142.6 6142.6 6142.6 6142.6 6142.6 6142.6 6142.6 6142.6 6142.6 6142.6 6142.6 6142.6 6142.6 6142.6 6142.6 6142.6 6142.6 6142.6 6142.6 6142.6 
AGRPLM 3530.6 3530.6 3530.6 3530.6 3530.6 3530.6 3530.6 3530.6 3530.6 3530.6 3530.6 3530.6 3530.6 3530.6 3530.6 3530.6 3530.6 3530.6 3530.6 3530.6 3530.6 3530.6 3530.6 3530.6 3530.6 3530.6 3530.6 3530.6 3530.6 3530.6 3530.6 3530.6 3530.6 
AGRPIN 5001.8 5001.8 5001.8 5001.8 5001.8 5001.8 5001.8 5001.8 5001.8 5001.8 5001.8 5001.8 5001.8 5001.8 5001.8 5001.8 5001.8 5001.8 5001.8 5001.8 5001.8 5001.8 5001.8 5001.8 5001.8 5001.8 5001.8 5001.8 5001.8 5001.8 5001.8 5001.8 5001.8 
AGRORG 2924.4 2924.4 2924.4 2924.4 2924.4 2924.4 2924.4 2924.4 2924.4 2924.4 2924.4 2924.4 2924.4 2924.4 2924.4 2924.4 2924.4 2924.4 2924.4 2924.4 2924.4 2924.4 2924.4 2924.4 2924.4 2924.4 2924.4 2924.4 2924.4 2924.4 2924.4 2924.4 2924.4 
AGRFRT 3507.5 3507.5 3507.5 3507.5 3507.5 3507.5 3507.5 3507.5 3507.5 3507.5 3507.5 3507.5 3507.5 3507.5 3507.5 3507.5 3507.5 3507.5 3507.5 3507.5 3507.5 3507.5 3507.5 3507.5 3507.5 3507.5 3507.5 3507.5 3507.5 3507.5 3507.5 3507.5 3507.5 
AGRVEG 3507.5 3507.5 3507.5 3507.5 3507.5 3507.5 3507.5 3507.5 3507.5 3507.5 3507.5 3507.5 3507.5 3507.5 3507.5 3507.5 3507.5 3507.5 3507.5 3507.5 3507.5 3507.5 3507.5 3507.5 3507.5 3507.5 3507.5 3507.5 3507.5 3507.5 3507.5 3507.5 3507.5 
AGROTG 3507.5 3507.5 3507.5 3507.5 3507.5 3507.5 3507.5 3507.5 3507.5 3507.5 3507.5 3507.5 3507.5 3507.5 3507.5 3507.5 3507.5 3507.5 3507.5 3507.5 3507.5 3507.5 3507.5 3507.5 3507.5 3507.5 3507.5 3507.5 3507.5 3507.5 3507.5 3507.5 3507.5 
HRDLEC 442.08 442.08 442.08 442.08 442.08 442.08 442.08 442.08 442.08 442.08 442.08 442.08 442.08 442.08 442.08 442.08 442.08 442.08 442.08 442.08 442.08 442.08 442.08 442.08 442.08 442.08 442.08 442.08 442.08 442.08 442.08 442.08 442.08 
HRDCAR 501.02 501.02 501.02 501.02 501.02 501.02 501.02 501.02 501.02 501.02 501.02 501.02 501.02 501.02 501.02 501.02 501.02 501.02 501.02 501.02 501.02 501.02 501.02 501.02 501.02 501.02 501.02 501.02 501.02 501.02 501.02 501.02 501.02 
;

param EmissionActivityRatio default 0 :=
[CR,AGRBAN,CO2E_FERTI_DIR_AFOLU,*,*]:
2018 2019 2020 2021 2022 2023 2024 2025 2026 2027 2028 2029 2030 2031 2032 2033 2034 2035 2036 2037 2038 2039 2040 2041 2042 2043 2044 2045 2046 2047 2048 2049 2050 :=
1 0.9739 0.9739 0.9739 0.9739 0.9739 0.9739 0.9739 0.9739 0.9739 0.9739 0.9739 0.9739 0.9739 0.9739 0.9739 0.9739 0.9739 0.9739 0.9739 0.9739 0.9739 0.9739 0.9739 0.9739 0.9739 0.9739 0.9739 0.9739 0.9739 0.9739 0.9739 0.9739 0.9739 
[CR,DEFANTDRYPRI,CO2E_USO_SUELO_AFOLU,*,*]:
2018 2019 2020 2021 2022 2023 2024 2025 2026 2027 2028 2029 2030 2031 2032 2033 2034 2035 2036 2037 2038 2039 2040 2041 2042 2043 2044 2045 2046 2047 2048 2049 2050 :=
1 0.0 0.0 0.0 0.0 0.0 0.0 0.0 0.0 0.0 0.0 0.0 0.0 0.0 0.0 0.0 0.0 0.0 0.0 0.0 0.0 0.0 0.0 0.0 0.0 0.0 0.0 0.0 0.0 0.0 0.0 0.0 0.0 0.0 
[CR,HRDLEC,CO2E_FERMEN_AFOLU,*,*]:
2018 2019 2020 2021 2022 2023 2024 2025 2026 2027 2028 2029 2030 2031 2032 2033 2034 2035 2036 2037 2038 2039 2040 2041 2042 2043 2044 2045 2046 2047 2048 2049 2050 :=
1 1.711 1.7648 1.4125 1.7892 1.6694 1.6694 1.6694 1.6694 1.6694 1.6694 1.6694 1.6694 1.6694 1.6694 1.6694 1.6694 1.6694 1.6694 1.6694 1.6694 1.6694 1.6694 1.6694 1.6694 1.6694 1.6694 1.6694 1.6694 1.6694 1.6694 1.6694 1.6694 1.6694 
[CR,DEFNONANTDRYSEC,CO2E_USO_SUELO_AFOLU,*,*]:
2018 2019 2020 2021 2022 2023 2024 2025 2026 2027 2028 2029 2030 2031 2032 2033 2034 2035 2036 2037 2038 2039 2040 2041 2042 2043 2044 2045 2046 2047 2048 2049 2050 :=
1 0.0001 0.0001 0.0 0.0 0.0 0.0 0.0 0.0 0.0 0.0 0.0 0.0 0.0 0.0 0.0 0.0 0.0 0.0 0.0 0.0 0.0 0.0 0.0 0.0 0.0 0.0 0.0 0.0 0.0 0.0 0.0 0.0 0.0 
[CR,PROPOR,CH4_FERMEN_AFOLU,*,*]:
2018 2019 2020 2021 2022 2023 2024 2025 2026 2027 2028 2029 2030 2031 2032 2033 2034 2035 2036 2037 2038 2039 2040 2041 2042 2043 2044 2045 2046 2047 2048 2049 2050 :=
1 1.286 1.286 1.286 1.286 1.286 1.286 1.286 1.286 1.286 1.286 1.286 1.286 1.286 1.286 1.286 1.286 1.286 1.286 1.286 1.286 1.286 1.286 1.286 1.286 1.286 1.286 1.286 1.286 1.286 1.286 1.286 1.286 1.286 
[CR,DEFNONANTDRYPRI,CO2E_USO_SUELO_AFOLU,*,*]:
2018 2019 2020 2021 2022 2023 2024 2025 2026 2027 2028 2029 2030 2031 2032 2033 2034 2035 2036 2037 2038 2039 2040 2041 2042 2043 2044 2045 2046 2047 2048 2049 2050 :=
1 0.36 0.36 0.0 0.0 0.18 0.18 0.18 0.18 0.18 0.18 0.18 0.18 0.18 0.18 0.18 0.18 0.18 0.18 0.18 0.18 0.18 0.18 0.18 0.18 0.18 0.18 0.18 0.18 0.18 0.18 0.18 0.18 0.18 
[CR,DEFNONANTMGRPRI,CO2E_USO_SUELO_AFOLU,*,*]:
2018 2019 2020 2021 2022 2023 2024 2025 2026 2027 2028 2029 2030 2031 2032 2033 2034 2035 2036 2037 2038 2039 2040 2041 2042 2043 2044 2045 2046 2047 2048 2049 2050 :=
1 0.0 0.0 0.3406 0.3406 0.1703 0.1703 0.1703 0.1703 0.1703 0.1703 0.1703 0.1703 0.1703 0.1703 0.1703 0.1703 0.1703 0.1703 0.1703 0.1703 0.1703 0.1703 0.1703 0.1703 0.1703 0.1703 0.1703 0.1703 0.1703 0.1703 0.1703 0.1703 0.1703 
[CR,HRDDOP,CO2E_GESTION_AFOLU,*,*]:
2018 2019 2020 2021 2022 2023 2024 2025 2026 2027 2028 2029 2030 2031 2032 2033 2034 2035 2036 2037 2038 2039 2040 2041 2042 2043 2044 2045 2046 2047 2048 2049 2050 :=
1 0.0193 0.0199 0.0158 0.0161 0.0178 0.0178 0.0178 0.0178 0.0178 0.0178 0.0178 0.0178 0.0178 0.0178 0.0178 0.0178 0.0178 0.0178 0.0178 0.0178 0.0178 0.0178 0.0178 0.0178 0.0178 0.0178 0.0178 0.0178 0.0178 0.0178 0.0178 0.0178 0.0178 
[CR,AGRPLM,CO2E_FERTI_DIR_AFOLU,*,*]:
2018 2019 2020 2021 2022 2023 2024 2025 2026 2027 2028 2029 2030 2031 2032 2033 2034 2035 2036 2037 2038 2039 2040 2041 2042 2043 2044 2045 2046 2047 2048 2049 2050 :=
1 0.5461 0.5461 0.5461 0.5461 0.5461 0.5461 0.5461 0.5461 0.5461 0.5461 0.5461 0.5461 0.5461 0.5461 0.5461 0.5461 0.5461 0.5461 0.5461 0.5461 0.5461 0.5461 0.5461 0.5461 0.5461 0.5461 0.5461 0.5461 0.5461 0.5461 0.5461 0.5461 0.5461 
[CR,DEGFORPLM,CO2E_USO_SUELO_AFOLU,*,*]:
2018 2019 2020 2021 2022 2023 2024 2025 2026 2027 2028 2029 2030 2031 2032 2033 2034 2035 2036 2037 2038 2039 2040 2041 2042 2043 2044 2045 2046 2047 2048 2049 2050 :=
1 17.1 17.1 80.4 80.4 37.5 37.5 37.5 37.5 37.5 37.5 37.5 37.5 37.5 37.5 37.5 37.5 37.5 37.5 37.5 37.5 37.5 37.5 37.5 37.5 37.5 37.5 37.5 37.5 37.5 37.5 37.5 37.5 37.5 
[CR,CAMOTLMSTSEC,CO2E_ACCIONES,*,*]:
2018 2019 2020 2021 2022 2023 2024 2025 2026 2027 2028 2029 2030 2031 2032 2033 2034 2035 2036 2037 2038 2039 2040 2041 2042 2043 2044 2045 2046 2047 2048 2049 2050 :=
1 0.0 0.0 0.0 0.0 0.0 0.0 0.0 0.0 0.0 0.0 0.0 0.0 0.0 0.0 0.0 0.0 0.0 0.0 0.0 0.0 0.0 0.0 0.0 0.0 0.0 0.0 0.0 0.0 0.0 0.0 0.0 0.0 0.0 
[CR,LNDAGR,CH4_QUEMA_AFOLU,*,*]:
2018 2019 2020 2021 2022 2023 2024 2025 2026 2027 2028 2029 2030 2031 2032 2033 2034 2035 2036 2037 2038 2039 2040 2041 2042 2043 2044 2045 2046 2047 2048 2049 2050 :=
1 0.0 0.0 0.0 0.0 0.0 0.0 0.0 0.0 0.0 0.0 0.0 0.0 0.0 0.0 0.0 0.0 0.0 0.0 0.0 0.0 0.0 0.0 0.0 0.0 0.0 0.0 0.0 0.0 0.0 0.0 0.0 0.0 0.0 
[CR,AGROTG,N2O_FERTI_IND_AFOLU,*,*]:
2018 2019 2020 2021 2022 2023 2024 2025 2026 2027 2028 2029 2030 2031 2032 2033 2034 2035 2036 2037 2038 2039 2040 2041 2042 2043 2044 2045 2046 2047 2048 2049 2050 :=
1 0.0 0.0 0.0 0.0 0.0 0.0 0.0 0.0 0.0 0.0 0.0 0.0 0.0 0.0 0.0 0.0 0.0 0.0 0.0 0.0 0.0 0.0 0.0 0.0 0.0 0.0 0.0 0.0 0.0 0.0 0.0 0.0 0.0 
[CR,BOSMANMGRPRI,CO2E_ACCIONES,*,*]:
2018 2019 2020 2021 2022 2023 2024 2025 2026 2027 2028 2029 2030 2031 2032 2033 2034 2035 2036 2037 2038 2039 2040 2041 2042 2043 2044 2045 2046 2047 2048 2049 2050 :=
1 0.0 0.0 0.0 0.0 0.0 0.0 0.0 0.0 0.0 0.0 0.0 0.0 0.0 0.0 0.0 0.0 0.0 0.0 0.0 0.0 0.0 0.0 0.0 0.0 0.0 0.0 0.0 0.0 0.0 0.0 0.0 0.0 0.0 
[CR,HRDDOP,CO2E_ACCIONES,*,*]:
2018 2019 2020 2021 2022 2023 2024 2025 2026 2027 2028 2029 2030 2031 2032 2033 2034 2035 2036 2037 2038 2039 2040 2041 2042 2043 2044 2045 2046 2047 2048 2049 2050 :=
1 0.0 0.0 0.0 0.0 0.0 0.0 0.0 0.0 0.0 0.0 0.0 0.0 0.0 0.0 0.0 0.0 0.0 0.0 0.0 0.0 0.0 0.0 0.0 0.0 0.0 0.0 0.0 0.0 0.0 0.0 0.0 0.0 0.0 
[CR,AGRVEG,CO2E_FERTI_DIR_AFOLU,*,*]:
2018 2019 2020 2021 2022 2023 2024 2025 2026 2027 2028 2029 2030 2031 2032 2033 2034 2035 2036 2037 2038 2039 2040 2041 2042 2043 2044 2045 2046 2047 2048 2049 2050 :=
1 0.6653 0.61 0.5979 0.5875 0.6152 0.6152 0.6152 0.6152 0.6152 0.6152 0.6152 0.6152 0.6152 0.6152 0.6152 0.6152 0.6152 0.6152 0.6152 0.6152 0.6152 0.6152 0.6152 0.6152 0.6152 0.6152 0.6152 0.6152 0.6152 0.6152 0.6152 0.6152 0.6152 
[CR,AGRWOD,CO2E_ACCIONES,*,*]:
2018 2019 2020 2021 2022 2023 2024 2025 2026 2027 2028 2029 2030 2031 2032 2033 2034 2035 2036 2037 2038 2039 2040 2041 2042 2043 2044 2045 2046 2047 2048 2049 2050 :=
1 0.0 0.0 0.0 0.0 0.0 0.0 0.0 0.0 0.0 0.0 0.0 0.0 0.0 0.0 0.0 0.0 0.0 0.0 0.0 0.0 0.0 0.0 0.0 0.0 0.0 0.0 0.0 0.0 0.0 0.0 0.0 0.0 0.0 
[CR,PROPOR,CO2E_FERMEN_AFOLU,*,*]:
2018 2019 2020 2021 2022 2023 2024 2025 2026 2027 2028 2029 2030 2031 2032 2033 2034 2035 2036 2037 2038 2039 2040 2041 2042 2043 2044 2045 2046 2047 2048 2049 2050 :=
1 2.256 2.256 2.1713 2.2148 2.2245 2.2245 2.2245 2.2245 2.2245 2.2245 2.2245 2.2245 2.2245 2.2245 2.2245 2.2245 2.2245 2.2245 2.2245 2.2245 2.2245 2.2245 2.2245 2.2245 2.2245 2.2245 2.2245 2.2245 2.2245 2.2245 2.2245 2.2245 2.2245 
[CR,AGRSGC,CO2E_FERTI_DIR_AFOLU,*,*]:
2018 2019 2020 2021 2022 2023 2024 2025 2026 2027 2028 2029 2030 2031 2032 2033 2034 2035 2036 2037 2038 2039 2040 2041 2042 2043 2044 2045 2046 2047 2048 2049 2050 :=
1 1.1744 1.1744 1.1744 1.1744 1.1744 1.1744 1.1744 1.1744 1.1744 1.1744 1.1744 1.1744 1.1744 1.1744 1.1744 1.1744 1.1744 1.1744 1.1744 1.1744 1.1744 1.1744 1.1744 1.1744 1.1744 1.1744 1.1744 1.1744 1.1744 1.1744 1.1744 1.1744 1.1744 
[CR,AGRRIC,CO2E_FERTI_IND_AFOLU,*,*]:
2018 2019 2020 2021 2022 2023 2024 2025 2026 2027 2028 2029 2030 2031 2032 2033 2034 2035 2036 2037 2038 2039 2040 2041 2042 2043 2044 2045 2046 2047 2048 2049 2050 :=
1 0.2423 0.2419 0.2422 0.2424 0.2422 0.2422 0.2422 0.2422 0.2422 0.2422 0.2422 0.2422 0.2422 0.2422 0.2422 0.2422 0.2422 0.2422 0.2422 0.2422 0.2422 0.2422 0.2422 0.2422 0.2422 0.2422 0.2422 0.2422 0.2422 0.2422 0.2422 0.2422 0.2422 
[CR,BOSMANPLMSEC,CO2E_USO_SUELO_AFOLU,*,*]:
2018 2019 2020 2021 2022 2023 2024 2025 2026 2027 2028 2029 2030 2031 2032 2033 2034 2035 2036 2037 2038 2039 2040 2041 2042 2043 2044 2045 2046 2047 2048 2049 2050 :=
1 -0.0027 -0.0027 -0.0027 -0.0027 -0.0027 -0.0027 -0.0027 -0.0027 -0.0027 -0.0027 -0.0027 -0.0027 -0.0027 -0.0027 -0.0027 -0.0027 -0.0027 -0.0027 -0.0027 -0.0027 -0.0027 -0.0027 -0.0027 -0.0027 -0.0027 -0.0027 -0.0027 -0.0027 -0.0027 -0.0027 -0.0027 -0.0027 -0.0027 
[CR,AGRVEG,N2O_FERTI_IND_AFOLU,*,*]:
2018 2019 2020 2021 2022 2023 2024 2025 2026 2027 2028 2029 2030 2031 2032 2033 2034 2035 2036 2037 2038 2039 2040 2041 2042 2043 2044 2045 2046 2047 2048 2049 2050 :=
1 0.0 0.0 0.0 0.0 0.0 0.0 0.0 0.0 0.0 0.0 0.0 0.0 0.0 0.0 0.0 0.0 0.0 0.0 0.0 0.0 0.0 0.0 0.0 0.0 0.0 0.0 0.0 0.0 0.0 0.0 0.0 0.0 0.0 
[CR,AGRBAN,N2O_FERTI_IND_AFOLU,*,*]:
2018 2019 2020 2021 2022 2023 2024 2025 2026 2027 2028 2029 2030 2031 2032 2033 2034 2035 2036 2037 2038 2039 2040 2041 2042 2043 2044 2045 2046 2047 2048 2049 2050 :=
1 0.0 0.0 0.0 0.0 0.0 0.0 0.0 0.0 0.0 0.0 0.0 0.0 0.0 0.0 0.0 0.0 0.0 0.0 0.0 0.0 0.0 0.0 0.0 0.0 0.0 0.0 0.0 0.0 0.0 0.0 0.0 0.0 0.0 
[CR,CAMCRPMGRSEC,CO2E_USO_SUELO_AFOLU,*,*]:
2018 2019 2020 2021 2022 2023 2024 2025 2026 2027 2028 2029 2030 2031 2032 2033 2034 2035 2036 2037 2038 2039 2040 2041 2042 2043 2044 2045 2046 2047 2048 2049 2050 :=
1 0.0347 0.0347 0.0 0.0 0.0174 0.0174 0.0174 0.0174 0.0174 0.0174 0.0174 0.0174 0.0174 0.0174 0.0174 0.0174 0.0174 0.0174 0.0174 0.0174 0.0174 0.0174 0.0174 0.0174 0.0174 0.0174 0.0174 0.0174 0.0174 0.0174 0.0174 0.0174 0.0174 
[CR,AGROTG,N2O_FERTI_DIR_AFOLU,*,*]:
2018 2019 2020 2021 2022 2023 2024 2025 2026 2027 2028 2029 2030 2031 2032 2033 2034 2035 2036 2037 2038 2039 2040 2041 2042 2043 2044 2045 2046 2047 2048 2049 2050 :=
1 0.0 0.0 0.0 0.0 0.0 0.0 0.0 0.0 0.0 0.0 0.0 0.0 0.0 0.0 0.0 0.0 0.0 0.0 0.0 0.0 0.0 0.0 0.0 0.0 0.0 0.0 0.0 0.0 0.0 0.0 0.0 0.0 0.0 
[CR,COPASFORPLM,CO2E_USO_SUELO_AFOLU,*,*]:
2018 2019 2020 2021 2022 2023 2024 2025 2026 2027 2028 2029 2030 2031 2032 2033 2034 2035 2036 2037 2038 2039 2040 2041 2042 2043 2044 2045 2046 2047 2048 2049 2050 :=
1 -3.16 -3.16 -3.16 -3.16 -2.52 -2.52 -2.52 -2.52 -2.52 -2.52 -2.52 -2.52 -2.52 -2.52 -2.52 -2.52 -2.52 -2.52 -2.52 -2.52 -2.52 -2.52 -2.52 -2.52 -2.52 -2.52 -2.52 -2.52 -2.52 -2.52 -2.52 -2.52 -2.52 
[CR,AGRVEG,N2O_FERTI_DIR_AFOLU,*,*]:
2018 2019 2020 2021 2022 2023 2024 2025 2026 2027 2028 2029 2030 2031 2032 2033 2034 2035 2036 2037 2038 2039 2040 2041 2042 2043 2044 2045 2046 2047 2048 2049 2050 :=
1 0.0 0.0 0.0 0.0 0.0 0.0 0.0 0.0 0.0 0.0 0.0 0.0 0.0 0.0 0.0 0.0 0.0 0.0 0.0 0.0 0.0 0.0 0.0 0.0 0.0 0.0 0.0 0.0 0.0 0.0 0.0 0.0 0.0 
[CR,AGRPLM,CO2E_FERTI_IND_AFOLU,*,*]:
2018 2019 2020 2021 2022 2023 2024 2025 2026 2027 2028 2029 2030 2031 2032 2033 2034 2035 2036 2037 2038 2039 2040 2041 2042 2043 2044 2045 2046 2047 2048 2049 2050 :=
1 0.182 0.182 0.182 0.182 0.182 0.182 0.182 0.182 0.182 0.182 0.182 0.182 0.182 0.182 0.182 0.182 0.182 0.182 0.182 0.182 0.182 0.182 0.182 0.182 0.182 0.182 0.182 0.182 0.182 0.182 0.182 0.182 0.182 
[CR,CAMOTLMSTSEC,CO2E_USO_SUELO_AFOLU,*,*]:
2018 2019 2020 2021 2022 2023 2024 2025 2026 2027 2028 2029 2030 2031 2032 2033 2034 2035 2036 2037 2038 2039 2040 2041 2042 2043 2044 2045 2046 2047 2048 2049 2050 :=
1 -0.0586 -0.0586 0.0 0.0 0.0 0.0 0.0 0.0 0.0 0.0 0.0 0.0 0.0 0.0 0.0 0.0 0.0 0.0 0.0 0.0 0.0 0.0 0.0 0.0 0.0 0.0 0.0 0.0 0.0 0.0 0.0 0.0 0.0 
[CR,CAMCRPDRYSEC,CO2E_USO_SUELO_AFOLU,*,*]:
2018 2019 2020 2021 2022 2023 2024 2025 2026 2027 2028 2029 2030 2031 2032 2033 2034 2035 2036 2037 2038 2039 2040 2041 2042 2043 2044 2045 2046 2047 2048 2049 2050 :=
1 0.0 0.0 0.0183 0.0183 0.0092 0.0092 0.0092 0.0092 0.0092 0.0092 0.0092 0.0092 0.0092 0.0092 0.0092 0.0092 0.0092 0.0092 0.0092 0.0092 0.0092 0.0092 0.0092 0.0092 0.0092 0.0092 0.0092 0.0092 0.0092 0.0092 0.0092 0.0092 0.0092 
[CR,AGRPLM,N2O_FERTI_IND_AFOLU,*,*]:
2018 2019 2020 2021 2022 2023 2024 2025 2026 2027 2028 2029 2030 2031 2032 2033 2034 2035 2036 2037 2038 2039 2040 2041 2042 2043 2044 2045 2046 2047 2048 2049 2050 :=
1 0.0 0.0 0.0 0.0 0.0 0.0 0.0 0.0 0.0 0.0 0.0 0.0 0.0 0.0 0.0 0.0 0.0 0.0 0.0 0.0 0.0 0.0 0.0 0.0 0.0 0.0 0.0 0.0 0.0 0.0 0.0 0.0 0.0 
[CR,AGRSGC,N2O_FERTI_IND_AFOLU,*,*]:
2018 2019 2020 2021 2022 2023 2024 2025 2026 2027 2028 2029 2030 2031 2032 2033 2034 2035 2036 2037 2038 2039 2040 2041 2042 2043 2044 2045 2046 2047 2048 2049 2050 :=
1 0.0 0.0 0.0 0.0 0.0 0.0 0.0 0.0 0.0 0.0 0.0 0.0 0.0 0.0 0.0 0.0 0.0 0.0 0.0 0.0 0.0 0.0 0.0 0.0 0.0 0.0 0.0 0.0 0.0 0.0 0.0 0.0 0.0 
[CR,AGROTG,CO2E_FERTI_IND_AFOLU,*,*]:
2018 2019 2020 2021 2022 2023 2024 2025 2026 2027 2028 2029 2030 2031 2032 2033 2034 2035 2036 2037 2038 2039 2040 2041 2042 2043 2044 2045 2046 2047 2048 2049 2050 :=
1 0.4873 0.4702 0.4537 0.4375 0.4622 0.4622 0.4622 0.4622 0.4622 0.4622 0.4622 0.4622 0.4622 0.4622 0.4622 0.4622 0.4622 0.4622 0.4622 0.4622 0.4622 0.4622 0.4622 0.4622 0.4622 0.4622 0.4622 0.4622 0.4622 0.4622 0.4622 0.4622 0.4622 
[CR,DEFANTMSTPRI,CO2E_USO_SUELO_AFOLU,*,*]:
2018 2019 2020 2021 2022 2023 2024 2025 2026 2027 2028 2029 2030 2031 2032 2033 2034 2035 2036 2037 2038 2039 2040 2041 2042 2043 2044 2045 2046 2047 2048 2049 2050 :=
1 0.44 0.44 0.0 0.0 0.22 0.22 0.22 0.22 0.22 0.22 0.22 0.22 0.22 0.22 0.22 0.22 0.22 0.22 0.22 0.22 0.22 0.22 0.22 0.22 0.22 0.22 0.22 0.22 0.22 0.22 0.22 0.22 0.22 
[CR,CAMPASDRYSEC,CO2E_ACCIONES,*,*]:
2018 2019 2020 2021 2022 2023 2024 2025 2026 2027 2028 2029 2030 2031 2032 2033 2034 2035 2036 2037 2038 2039 2040 2041 2042 2043 2044 2045 2046 2047 2048 2049 2050 :=
1 0.0 0.0 0.0 0.0 0.0 0.0 0.0 0.0 0.0 0.0 0.0 0.0 0.0 0.0 0.0 0.0 0.0 0.0 0.0 0.0 0.0 0.0 0.0 0.0 0.0 0.0 0.0 0.0 0.0 0.0 0.0 0.0 0.0 
[CR,BOSMANPLMPRI,CO2E_USO_SUELO_AFOLU,*,*]:
2018 2019 2020 2021 2022 2023 2024 2025 2026 2027 2028 2029 2030 2031 2032 2033 2034 2035 2036 2037 2038 2039 2040 2041 2042 2043 2044 2045 2046 2047 2048 2049 2050 :=
1 0.0 0.0 0.0 0.0 0.0 0.0 0.0 0.0 0.0 0.0 0.0 0.0 0.0 0.0 0.0 0.0 0.0 0.0 0.0 0.0 0.0 0.0 0.0 0.0 0.0 0.0 0.0 0.0 0.0 0.0 0.0 0.0 0.0 
[CR,HRDLEC,CO2E_GESTION_AFOLU,*,*]:
2018 2019 2020 2021 2022 2023 2024 2025 2026 2027 2028 2029 2030 2031 2032 2033 2034 2035 2036 2037 2038 2039 2040 2041 2042 2043 2044 2045 2046 2047 2048 2049 2050 :=
1 0.0193 0.0199 0.0159 0.0202 0.0188 0.0188 0.0188 0.0188 0.0188 0.0188 0.0188 0.0188 0.0188 0.0188 0.0188 0.0188 0.0188 0.0188 0.0188 0.0188 0.0188 0.0188 0.0188 0.0188 0.0188 0.0188 0.0188 0.0188 0.0188 0.0188 0.0188 0.0188 0.0188 
[CR,CAMOTLWETSEC,CO2E_USO_SUELO_AFOLU,*,*]:
2018 2019 2020 2021 2022 2023 2024 2025 2026 2027 2028 2029 2030 2031 2032 2033 2034 2035 2036 2037 2038 2039 2040 2041 2042 2043 2044 2045 2046 2047 2048 2049 2050 :=
1 -0.0464 -0.0464 0.0 0.0 -0.0232 -0.0232 -0.0232 -0.0232 -0.0232 -0.0232 -0.0232 -0.0232 -0.0232 -0.0232 -0.0232 -0.0232 -0.0232 -0.0232 -0.0232 -0.0232 -0.0232 -0.0232 -0.0232 -0.0232 -0.0232 -0.0232 -0.0232 -0.0232 -0.0232 -0.0232 -0.0232 -0.0232 -0.0232 
[CR,PROPOR,CH4_GESTION_AFOLU,*,*]:
2018 2019 2020 2021 2022 2023 2024 2025 2026 2027 2028 2029 2030 2031 2032 2033 2034 2035 2036 2037 2038 2039 2040 2041 2042 2043 2044 2045 2046 2047 2048 2049 2050 :=
1 1.032 1.032 1.032 1.032 1.032 1.032 1.032 1.032 1.032 1.032 1.032 1.032 1.032 1.032 1.032 1.032 1.032 1.032 1.032 1.032 1.032 1.032 1.032 1.032 1.032 1.032 1.032 1.032 1.032 1.032 1.032 1.032 1.032 
[CR,BOSMANMSTPRI,CO2E_USO_SUELO_AFOLU,*,*]:
2018 2019 2020 2021 2022 2023 2024 2025 2026 2027 2028 2029 2030 2031 2032 2033 2034 2035 2036 2037 2038 2039 2040 2041 2042 2043 2044 2045 2046 2047 2048 2049 2050 :=
1 0.0 0.0 0.0 0.0 0.0 0.0 0.0 0.0 0.0 0.0 0.0 0.0 0.0 0.0 0.0 0.0 0.0 0.0 0.0 0.0 0.0 0.0 0.0 0.0 0.0 0.0 0.0 0.0 0.0 0.0 0.0 0.0 0.0 
[CR,CAMCRPMSTSEC,CO2E_USO_SUELO_AFOLU,*,*]:
2018 2019 2020 2021 2022 2023 2024 2025 2026 2027 2028 2029 2030 2031 2032 2033 2034 2035 2036 2037 2038 2039 2040 2041 2042 2043 2044 2045 2046 2047 2048 2049 2050 :=
1 -0.0113 -0.0113 -0.016 -0.016 -0.0137 -0.0137 -0.0137 -0.0137 -0.0137 -0.0137 -0.0137 -0.0137 -0.0137 -0.0137 -0.0137 -0.0137 -0.0137 -0.0137 -0.0137 -0.0137 -0.0137 -0.0137 -0.0137 -0.0137 -0.0137 -0.0137 -0.0137 -0.0137 -0.0137 -0.0137 -0.0137 -0.0137 -0.0137 
[CR,DEGFORMST,CO2E_USO_SUELO_AFOLU,*,*]:
2018 2019 2020 2021 2022 2023 2024 2025 2026 2027 2028 2029 2030 2031 2032 2033 2034 2035 2036 2037 2038 2039 2040 2041 2042 2043 2044 2045 2046 2047 2048 2049 2050 :=
1 24.3 24.3 40.5 40.5 19.6 19.6 19.6 19.6 19.6 19.6 19.6 19.6 19.6 19.6 19.6 19.6 19.6 19.6 19.6 19.6 19.6 19.6 19.6 19.6 19.6 19.6 19.6 19.6 19.6 19.6 19.6 19.6 19.6 
[CR,DEFANTMSTSEC,CO2E_USO_SUELO_AFOLU,*,*]:
2018 2019 2020 2021 2022 2023 2024 2025 2026 2027 2028 2029 2030 2031 2032 2033 2034 2035 2036 2037 2038 2039 2040 2041 2042 2043 2044 2045 2046 2047 2048 2049 2050 :=
1 0.1287 0.1374 0.1246 0.1322 0.1307 0.1307 0.1307 0.1307 0.1307 0.1307 0.1307 0.1307 0.1307 0.1307 0.1307 0.1307 0.1307 0.1307 0.1307 0.1307 0.1307 0.1307 0.1307 0.1307 0.1307 0.1307 0.1307 0.1307 0.1307 0.1307 0.1307 0.1307 0.1307 
[CR,DEGFORDRY,CO2E_USO_SUELO_AFOLU,*,*]:
2018 2019 2020 2021 2022 2023 2024 2025 2026 2027 2028 2029 2030 2031 2032 2033 2034 2035 2036 2037 2038 2039 2040 2041 2042 2043 2044 2045 2046 2047 2048 2049 2050 :=
1 15.4 15.4 29.6 29.6 20.8 20.8 20.8 20.8 20.8 20.8 20.8 20.8 20.8 20.8 20.8 20.8 20.8 20.8 20.8 20.8 20.8 20.8 20.8 20.8 20.8 20.8 20.8 20.8 20.8 20.8 20.8 20.8 20.8 
[CR,AGRVEG,CO2E_FERTI_IND_AFOLU,*,*]:
2018 2019 2020 2021 2022 2023 2024 2025 2026 2027 2028 2029 2030 2031 2032 2033 2034 2035 2036 2037 2038 2039 2040 2041 2042 2043 2044 2045 2046 2047 2048 2049 2050 :=
1 0.3629 0.3327 0.3261 0.3205 0.3355 0.3355 0.3355 0.3355 0.3355 0.3355 0.3355 0.3355 0.3355 0.3355 0.3355 0.3355 0.3355 0.3355 0.3355 0.3355 0.3355 0.3355 0.3355 0.3355 0.3355 0.3355 0.3355 0.3355 0.3355 0.3355 0.3355 0.3355 0.3355 
[CR,AGRCAF,CO2E_FERTI_DIR_AFOLU,*,*]:
2018 2019 2020 2021 2022 2023 2024 2025 2026 2027 2028 2029 2030 2031 2032 2033 2034 2035 2036 2037 2038 2039 2040 2041 2042 2043 2044 2045 2046 2047 2048 2049 2050 :=
1 0.5119 0.5119 0.5119 0.5119 0.5119 0.5119 0.5119 0.5119 0.5119 0.5119 0.5119 0.5119 0.5119 0.5119 0.5119 0.5119 0.5119 0.5119 0.5119 0.5119 0.5119 0.5119 0.5119 0.5119 0.5119 0.5119 0.5119 0.5119 0.5119 0.5119 0.5119 0.5119 0.5119 
[CR,DEFANTDRYSEC,CO2E_USO_SUELO_AFOLU,*,*]:
2018 2019 2020 2021 2022 2023 2024 2025 2026 2027 2028 2029 2030 2031 2032 2033 2034 2035 2036 2037 2038 2039 2040 2041 2042 2043 2044 2045 2046 2047 2048 2049 2050 :=
1 0.1784 0.1867 0.1862 0.1921 0.1859 0.1859 0.1859 0.1859 0.1859 0.1859 0.1859 0.1859 0.1859 0.1859 0.1859 0.1859 0.1859 0.1859 0.1859 0.1859 0.1859 0.1859 0.1859 0.1859 0.1859 0.1859 0.1859 0.1859 0.1859 0.1859 0.1859 0.1859 0.1859 
[CR,BOSMANMGRSEC,CO2E_USO_SUELO_AFOLU,*,*]:
2018 2019 2020 2021 2022 2023 2024 2025 2026 2027 2028 2029 2030 2031 2032 2033 2034 2035 2036 2037 2038 2039 2040 2041 2042 2043 2044 2045 2046 2047 2048 2049 2050 :=
1 -0.003 -0.003 -0.003 -0.003 -0.003 -0.003 -0.003 -0.003 -0.003 -0.003 -0.003 -0.003 -0.003 -0.003 -0.003 -0.003 -0.003 -0.003 -0.003 -0.003 -0.003 -0.003 -0.003 -0.003 -0.003 -0.003 -0.003 -0.003 -0.003 -0.003 -0.003 -0.003 -0.003 
[CR,HRDCAR,CH4_FERMEN_AFOLU,*,*]:
2018 2019 2020 2021 2022 2023 2024 2025 2026 2027 2028 2029 2030 2031 2032 2033 2034 2035 2036 2037 2038 2039 2040 2041 2042 2043 2044 2045 2046 2047 2048 2049 2050 :=
1 44.321 44.321 44.321 44.321 44.321 44.321 44.321 44.321 44.321 44.321 44.321 44.321 44.321 44.321 44.321 44.321 44.321 44.321 44.321 44.321 44.321 44.321 44.321 44.321 44.321 44.321 44.321 44.321 44.321 44.321 44.321 44.321 44.321 
[CR,DEGFORWET,CO2E_USO_SUELO_AFOLU,*,*]:
2018 2019 2020 2021 2022 2023 2024 2025 2026 2027 2028 2029 2030 2031 2032 2033 2034 2035 2036 2037 2038 2039 2040 2041 2042 2043 2044 2045 2046 2047 2048 2049 2050 :=
1 29.9 29.9 54.4 54.4 24.4 24.4 24.4 24.4 24.4 24.4 24.4 24.4 24.4 24.4 24.4 24.4 24.4 24.4 24.4 24.4 24.4 24.4 24.4 24.4 24.4 24.4 24.4 24.4 24.4 24.4 24.4 24.4 24.4 
[CR,AGRCAF,CO2E_ACCIONES,*,*]:
2018 2019 2020 2021 2022 2023 2024 2025 2026 2027 2028 2029 2030 2031 2032 2033 2034 2035 2036 2037 2038 2039 2040 2041 2042 2043 2044 2045 2046 2047 2048 2049 2050 :=
1 0.0 0.0 0.0 0.0 0.0 0.0 0.0 0.0 0.0 0.0 0.0 0.0 0.0 0.0 0.0 0.0 0.0 0.0 0.0 0.0 0.0 0.0 0.0 0.0 0.0 0.0 0.0 0.0 0.0 0.0 0.0 0.0 0.0 
[CR,AGRWOD,CO2E_USO_SUELO_AFOLU,*,*]:
2018 2019 2020 2021 2022 2023 2024 2025 2026 2027 2028 2029 2030 2031 2032 2033 2034 2035 2036 2037 2038 2039 2040 2041 2042 2043 2044 2045 2046 2047 2048 2049 2050 :=
1 -20.1933 -16.3675 -22.6457 -22.5039 -20.4276 -20.4276 -20.4276 -20.4276 -20.4276 -20.4276 -20.4276 -20.4276 -20.4276 -20.4276 -20.4276 -20.4276 -20.4276 -20.4276 -20.4276 -20.4276 -20.4276 -20.4276 -20.4276 -20.4276 -20.4276 -20.4276 -20.4276 -20.4276 -20.4276 -20.4276 -20.4276 -20.4276 -20.4276 
[CR,BOSMANMGRPRI,CO2E_USO_SUELO_AFOLU,*,*]:
2018 2019 2020 2021 2022 2023 2024 2025 2026 2027 2028 2029 2030 2031 2032 2033 2034 2035 2036 2037 2038 2039 2040 2041 2042 2043 2044 2045 2046 2047 2048 2049 2050 :=
1 0.0 0.0 0.0 0.0 0.0 0.0 0.0 0.0 0.0 0.0 0.0 0.0 0.0 0.0 0.0 0.0 0.0 0.0 0.0 0.0 0.0 0.0 0.0 0.0 0.0 0.0 0.0 0.0 0.0 0.0 0.0 0.0 0.0 
[CR,LNDGAN,CO2E_FERTI_IND_AFOLU,*,*]:
2018 2019 2020 2021 2022 2023 2024 2025 2026 2027 2028 2029 2030 2031 2032 2033 2034 2035 2036 2037 2038 2039 2040 2041 2042 2043 2044 2045 2046 2047 2048 2049 2050 :=
1 0.0043 0.0043 0.0043 0.0043 0.0043 0.0043 0.0043 0.0043 0.0043 0.0043 0.0043 0.0043 0.0043 0.0043 0.0043 0.0043 0.0043 0.0043 0.0043 0.0043 0.0043 0.0043 0.0043 0.0043 0.0043 0.0043 0.0043 0.0043 0.0043 0.0043 0.0043 0.0043 0.0043 
[CR,AGRBAN,CO2E_FERTI_IND_AFOLU,*,*]:
2018 2019 2020 2021 2022 2023 2024 2025 2026 2027 2028 2029 2030 2031 2032 2033 2034 2035 2036 2037 2038 2039 2040 2041 2042 2043 2044 2045 2046 2047 2048 2049 2050 :=
1 0.385 0.385 0.385 0.385 0.385 0.385 0.385 0.385 0.385 0.385 0.385 0.385 0.385 0.385 0.385 0.385 0.385 0.385 0.385 0.385 0.385 0.385 0.385 0.385 0.385 0.385 0.385 0.385 0.385 0.385 0.385 0.385 0.385 
[CR,AGRPLM,N2O_FERTI_DIR_AFOLU,*,*]:
2018 2019 2020 2021 2022 2023 2024 2025 2026 2027 2028 2029 2030 2031 2032 2033 2034 2035 2036 2037 2038 2039 2040 2041 2042 2043 2044 2045 2046 2047 2048 2049 2050 :=
1 0.0 0.0 0.0 0.0 0.0 0.0 0.0 0.0 0.0 0.0 0.0 0.0 0.0 0.0 0.0 0.0 0.0 0.0 0.0 0.0 0.0 0.0 0.0 0.0 0.0 0.0 0.0 0.0 0.0 0.0 0.0 0.0 0.0 
[CR,BOSMANDRYPRI,CO2E_USO_SUELO_AFOLU,*,*]:
2018 2019 2020 2021 2022 2023 2024 2025 2026 2027 2028 2029 2030 2031 2032 2033 2034 2035 2036 2037 2038 2039 2040 2041 2042 2043 2044 2045 2046 2047 2048 2049 2050 :=
1 0.0 0.0 0.0 0.0 0.0 0.0 0.0 0.0 0.0 0.0 0.0 0.0 0.0 0.0 0.0 0.0 0.0 0.0 0.0 0.0 0.0 0.0 0.0 0.0 0.0 0.0 0.0 0.0 0.0 0.0 0.0 0.0 0.0 
[CR,DEFANTMGRPRI,CO2E_USO_SUELO_AFOLU,*,*]:
2018 2019 2020 2021 2022 2023 2024 2025 2026 2027 2028 2029 2030 2031 2032 2033 2034 2035 2036 2037 2038 2039 2040 2041 2042 2043 2044 2045 2046 2047 2048 2049 2050 :=
1 0.2754 0.2754 0.0 0.0 0.1377 0.1377 0.1377 0.1377 0.1377 0.1377 0.1377 0.1377 0.1377 0.1377 0.1377 0.1377 0.1377 0.1377 0.1377 0.1377 0.1377 0.1377 0.1377 0.1377 0.1377 0.1377 0.1377 0.1377 0.1377 0.1377 0.1377 0.1377 0.1377 
[CR,LNDAGR,N2O_QUEMA_AFOLU,*,*]:
2018 2019 2020 2021 2022 2023 2024 2025 2026 2027 2028 2029 2030 2031 2032 2033 2034 2035 2036 2037 2038 2039 2040 2041 2042 2043 2044 2045 2046 2047 2048 2049 2050 :=
1 0.0 0.0 0.0 0.0 0.0 0.0 0.0 0.0 0.0 0.0 0.0 0.0 0.0 0.0 0.0 0.0 0.0 0.0 0.0 0.0 0.0 0.0 0.0 0.0 0.0 0.0 0.0 0.0 0.0 0.0 0.0 0.0 0.0 
[CR,CAMCRPWETSEC,CO2E_USO_SUELO_AFOLU,*,*]:
2018 2019 2020 2021 2022 2023 2024 2025 2026 2027 2028 2029 2030 2031 2032 2033 2034 2035 2036 2037 2038 2039 2040 2041 2042 2043 2044 2045 2046 2047 2048 2049 2050 :=
1 -0.0043 -0.0043 -0.0044 -0.0044 -0.0044 -0.0044 -0.0044 -0.0044 -0.0044 -0.0044 -0.0044 -0.0044 -0.0044 -0.0044 -0.0044 -0.0044 -0.0044 -0.0044 -0.0044 -0.0044 -0.0044 -0.0044 -0.0044 -0.0044 -0.0044 -0.0044 -0.0044 -0.0044 -0.0044 -0.0044 -0.0044 -0.0044 -0.0044 
[CR,AGRSGC,CO2E_FERTI_IND_AFOLU,*,*]:
2018 2019 2020 2021 2022 2023 2024 2025 2026 2027 2028 2029 2030 2031 2032 2033 2034 2035 2036 2037 2038 2039 2040 2041 2042 2043 2044 2045 2046 2047 2048 2049 2050 :=
1 0.1572 0.1572 0.1572 0.1572 0.1572 0.1572 0.1572 0.1572 0.1572 0.1572 0.1572 0.1572 0.1572 0.1572 0.1572 0.1572 0.1572 0.1572 0.1572 0.1572 0.1572 0.1572 0.1572 0.1572 0.1572 0.1572 0.1572 0.1572 0.1572 0.1572 0.1572 0.1572 0.1572 
[CR,DEFANTWETPRI,CO2E_USO_SUELO_AFOLU,*,*]:
2018 2019 2020 2021 2022 2023 2024 2025 2026 2027 2028 2029 2030 2031 2032 2033 2034 2035 2036 2037 2038 2039 2040 2041 2042 2043 2044 2045 2046 2047 2048 2049 2050 :=
1 0.0 0.0 0.5552 0.5552 0.2776 0.2776 0.2776 0.2776 0.2776 0.2776 0.2776 0.2776 0.2776 0.2776 0.2776 0.2776 0.2776 0.2776 0.2776 0.2776 0.2776 0.2776 0.2776 0.2776 0.2776 0.2776 0.2776 0.2776 0.2776 0.2776 0.2776 0.2776 0.2776 
[CR,HRDLEC,CH4_GESTION_AFOLU,*,*]:
2018 2019 2020 2021 2022 2023 2024 2025 2026 2027 2028 2029 2030 2031 2032 2033 2034 2035 2036 2037 2038 2039 2040 2041 2042 2043 2044 2045 2046 2047 2048 2049 2050 :=
1 0.5 0.5 0.5 0.5 0.5 0.5 0.5 0.5 0.5 0.5 0.5 0.5 0.5 0.5 0.5 0.5 0.5 0.5 0.5 0.5 0.5 0.5 0.5 0.5 0.5 0.5 0.5 0.5 0.5 0.5 0.5 0.5 0.5 
[CR,CAMPASWETSEC,CO2E_USO_SUELO_AFOLU,*,*]:
2018 2019 2020 2021 2022 2023 2024 2025 2026 2027 2028 2029 2030 2031 2032 2033 2034 2035 2036 2037 2038 2039 2040 2041 2042 2043 2044 2045 2046 2047 2048 2049 2050 :=
1 0.0 0.0 0.0188 0.0188 0.0094 0.0094 0.0094 0.0094 0.0094 0.0094 0.0094 0.0094 0.0094 0.0094 0.0094 0.0094 0.0094 0.0094 0.0094 0.0094 0.0094 0.0094 0.0094 0.0094 0.0094 0.0094 0.0094 0.0094 0.0094 0.0094 0.0094 0.0094 0.0094 
[CR,BOSMANWETSEC,CO2E_USO_SUELO_AFOLU,*,*]:
2018 2019 2020 2021 2022 2023 2024 2025 2026 2027 2028 2029 2030 2031 2032 2033 2034 2035 2036 2037 2038 2039 2040 2041 2042 2043 2044 2045 2046 2047 2048 2049 2050 :=
1 -0.0054 -0.0053 -0.0052 -0.005 -0.0052 -0.0052 -0.0052 -0.0052 -0.0052 -0.0052 -0.0052 -0.0052 -0.0052 -0.0052 -0.0052 -0.0052 -0.0052 -0.0052 -0.0052 -0.0052 -0.0052 -0.0052 -0.0052 -0.0052 -0.0052 -0.0052 -0.0052 -0.0052 -0.0052 -0.0052 -0.0052 -0.0052 -0.0052 
[CR,DEFNONANTMSTPRI,CO2E_USO_SUELO_AFOLU,*,*]:
2018 2019 2020 2021 2022 2023 2024 2025 2026 2027 2028 2029 2030 2031 2032 2033 2034 2035 2036 2037 2038 2039 2040 2041 2042 2043 2044 2045 2046 2047 2048 2049 2050 :=
1 0.44 0.44 0.0 0.0 0.22 0.22 0.22 0.22 0.22 0.22 0.22 0.22 0.22 0.22 0.22 0.22 0.22 0.22 0.22 0.22 0.22 0.22 0.22 0.22 0.22 0.22 0.22 0.22 0.22 0.22 0.22 0.22 0.22 
[CR,CAMPASDRYSEC,CO2E_USO_SUELO_AFOLU,*,*]:
2018 2019 2020 2021 2022 2023 2024 2025 2026 2027 2028 2029 2030 2031 2032 2033 2034 2035 2036 2037 2038 2039 2040 2041 2042 2043 2044 2045 2046 2047 2048 2049 2050 :=
1 0.0415 0.0415 0.0415 0.0415 0.0415 0.0415 0.0415 0.0415 0.0415 0.0415 0.0415 0.0415 0.0415 0.0415 0.0415 0.0415 0.0415 0.0415 0.0415 0.0415 0.0415 0.0415 0.0415 0.0415 0.0415 0.0415 0.0415 0.0415 0.0415 0.0415 0.0415 0.0415 0.0415 
[CR,DEFANTMGRSEC,CO2E_USO_SUELO_AFOLU,*,*]:
2018 2019 2020 2021 2022 2023 2024 2025 2026 2027 2028 2029 2030 2031 2032 2033 2034 2035 2036 2037 2038 2039 2040 2041 2042 2043 2044 2045 2046 2047 2048 2049 2050 :=
1 0.0628 0.0664 0.1204 0.1228 0.0931 0.0931 0.0931 0.0931 0.0931 0.0931 0.0931 0.0931 0.0931 0.0931 0.0931 0.0931 0.0931 0.0931 0.0931 0.0931 0.0931 0.0931 0.0931 0.0931 0.0931 0.0931 0.0931 0.0931 0.0931 0.0931 0.0931 0.0931 0.0931 
[CR,HRDCAR,CO2E_ACCIONES,*,*]:
2018 2019 2020 2021 2022 2023 2024 2025 2026 2027 2028 2029 2030 2031 2032 2033 2034 2035 2036 2037 2038 2039 2040 2041 2042 2043 2044 2045 2046 2047 2048 2049 2050 :=
1 0.0 0.0 0.0 0.0 0.0 0.0 0.0 0.0 0.0 0.0 0.0 0.0 0.0 0.0 0.0 0.0 0.0 0.0 0.0 0.0 0.0 0.0 0.0 0.0 0.0 0.0 0.0 0.0 0.0 0.0 0.0 0.0 0.0 
[CR,HRDCAR,CH4_GESTION_AFOLU,*,*]:
2018 2019 2020 2021 2022 2023 2024 2025 2026 2027 2028 2029 2030 2031 2032 2033 2034 2035 2036 2037 2038 2039 2040 2041 2042 2043 2044 2045 2046 2047 2048 2049 2050 :=
1 0.5 0.5 0.5 0.5 0.5 0.5 0.5 0.5 0.5 0.5 0.5 0.5 0.5 0.5 0.5 0.5 0.5 0.5 0.5 0.5 0.5 0.5 0.5 0.5 0.5 0.5 0.5 0.5 0.5 0.5 0.5 0.5 0.5 
[CR,HRDDOP,CH4_FERMEN_AFOLU,*,*]:
2018 2019 2020 2021 2022 2023 2024 2025 2026 2027 2028 2029 2030 2031 2032 2033 2034 2035 2036 2037 2038 2039 2040 2041 2042 2043 2044 2045 2046 2047 2048 2049 2050 :=
1 47.348 47.348 47.348 47.348 47.348 47.348 47.348 47.348 47.348 47.348 47.348 47.348 47.348 47.348 47.348 47.348 47.348 47.348 47.348 47.348 47.348 47.348 47.348 47.348 47.348 47.348 47.348 47.348 47.348 47.348 47.348 47.348 47.348 
[CR,AGRCAF,N2O_FERTI_DIR_AFOLU,*,*]:
2018 2019 2020 2021 2022 2023 2024 2025 2026 2027 2028 2029 2030 2031 2032 2033 2034 2035 2036 2037 2038 2039 2040 2041 2042 2043 2044 2045 2046 2047 2048 2049 2050 :=
1 0.0 0.0 0.0 0.0 0.0 0.0 0.0 0.0 0.0 0.0 0.0 0.0 0.0 0.0 0.0 0.0 0.0 0.0 0.0 0.0 0.0 0.0 0.0 0.0 0.0 0.0 0.0 0.0 0.0 0.0 0.0 0.0 0.0 
[CR,DEFNONANTMGRSEC,CO2E_USO_SUELO_AFOLU,*,*]:
2018 2019 2020 2021 2022 2023 2024 2025 2026 2027 2028 2029 2030 2031 2032 2033 2034 2035 2036 2037 2038 2039 2040 2041 2042 2043 2044 2045 2046 2047 2048 2049 2050 :=
1 0.0001 0.0001 0.0 0.0 0.0001 0.0001 0.0001 0.0001 0.0001 0.0001 0.0001 0.0001 0.0001 0.0001 0.0001 0.0001 0.0001 0.0001 0.0001 0.0001 0.0001 0.0001 0.0001 0.0001 0.0001 0.0001 0.0001 0.0001 0.0001 0.0001 0.0001 0.0001 0.0001 
[CR,AGROTG,CO2E_FERTI_DIR_AFOLU,*,*]:
2018 2019 2020 2021 2022 2023 2024 2025 2026 2027 2028 2029 2030 2031 2032 2033 2034 2035 2036 2037 2038 2039 2040 2041 2042 2043 2044 2045 2046 2047 2048 2049 2050 :=
1 0.8214 0.7925 0.7648 0.7375 0.7791 0.7791 0.7791 0.7791 0.7791 0.7791 0.7791 0.7791 0.7791 0.7791 0.7791 0.7791 0.7791 0.7791 0.7791 0.7791 0.7791 0.7791 0.7791 0.7791 0.7791 0.7791 0.7791 0.7791 0.7791 0.7791 0.7791 0.7791 0.7791 
[CR,COPASFORDRY,CO2E_USO_SUELO_AFOLU,*,*]:
2018 2019 2020 2021 2022 2023 2024 2025 2026 2027 2028 2029 2030 2031 2032 2033 2034 2035 2036 2037 2038 2039 2040 2041 2042 2043 2044 2045 2046 2047 2048 2049 2050 :=
1 -3.31 -3.31 -3.31 -3.31 -2.64 -2.64 -2.64 -2.64 -2.64 -2.64 -2.64 -2.64 -2.64 -2.64 -2.64 -2.64 -2.64 -2.64 -2.64 -2.64 -2.64 -2.64 -2.64 -2.64 -2.64 -2.64 -2.64 -2.64 -2.64 -2.64 -2.64 -2.64 -2.64 
[CR,HRDLEC,CH4_FERMEN_AFOLU,*,*]:
2018 2019 2020 2021 2022 2023 2024 2025 2026 2027 2028 2029 2030 2031 2032 2033 2034 2035 2036 2037 2038 2039 2040 2041 2042 2043 2044 2045 2046 2047 2048 2049 2050 :=
1 54.77 54.77 54.77 54.77 54.77 54.77 54.77 54.77 54.77 54.77 54.77 54.77 54.77 54.77 54.77 54.77 54.77 54.77 54.77 54.77 54.77 54.77 54.77 54.77 54.77 54.77 54.77 54.77 54.77 54.77 54.77 54.77 54.77 
[CR,AGRRIC,CH4_RICE_AFOLU,*,*]:
2018 2019 2020 2021 2022 2023 2024 2025 2026 2027 2028 2029 2030 2031 2032 2033 2034 2035 2036 2037 2038 2039 2040 2041 2042 2043 2044 2045 2046 2047 2048 2049 2050 :=
1 0.0 0.0 0.0 0.0 0.0 0.0 0.0 0.0 0.0 0.0 0.0 0.0 0.0 0.0 0.0 0.0 0.0 0.0 0.0 0.0 0.0 0.0 0.0 0.0 0.0 0.0 0.0 0.0 0.0 0.0 0.0 0.0 0.0 
[CR,AGRBAN,N2O_FERTI_DIR_AFOLU,*,*]:
2018 2019 2020 2021 2022 2023 2024 2025 2026 2027 2028 2029 2030 2031 2032 2033 2034 2035 2036 2037 2038 2039 2040 2041 2042 2043 2044 2045 2046 2047 2048 2049 2050 :=
1 0.0 0.0 0.0 0.0 0.0 0.0 0.0 0.0 0.0 0.0 0.0 0.0 0.0 0.0 0.0 0.0 0.0 0.0 0.0 0.0 0.0 0.0 0.0 0.0 0.0 0.0 0.0 0.0 0.0 0.0 0.0 0.0 0.0 
[CR,AGRRIC,CO2E_RICE_AFOLU,*,*]:
2018 2019 2020 2021 2022 2023 2024 2025 2026 2027 2028 2029 2030 2031 2032 2033 2034 2035 2036 2037 2038 2039 2040 2041 2042 2043 2044 2045 2046 2047 2048 2049 2050 :=
1 10.1224 10.1224 10.1224 10.1224 10.1224 10.1224 10.1224 10.1224 10.1224 10.1224 10.1224 10.1224 10.1224 10.1224 10.1224 10.1224 10.1224 10.1224 10.1224 10.1224 10.1224 10.1224 10.1224 10.1224 10.1224 10.1224 10.1224 10.1224 10.1224 10.1224 10.1224 10.1224 10.1224 
[CR,LNDAGR,CO2E_ENCALADO_AFOLU,*,*]:
2018 2019 2020 2021 2022 2023 2024 2025 2026 2027 2028 2029 2030 2031 2032 2033 2034 2035 2036 2037 2038 2039 2040 2041 2042 2043 2044 2045 2046 2047 2048 2049 2050 :=
1 0.1158 0.1139 0.1158 0.1129 0.1146 0.1146 0.1146 0.1146 0.1146 0.1146 0.1146 0.1146 0.1146 0.1146 0.1146 0.1146 0.1146 0.1146 0.1146 0.1146 0.1146 0.1146 0.1146 0.1146 0.1146 0.1146 0.1146 0.1146 0.1146 0.1146 0.1146 0.1146 0.1146 
[CR,LNDGAN,CO2E_FERTI_DIR_AFOLU,*,*]:
2018 2019 2020 2021 2022 2023 2024 2025 2026 2027 2028 2029 2030 2031 2032 2033 2034 2035 2036 2037 2038 2039 2040 2041 2042 2043 2044 2045 2046 2047 2048 2049 2050 :=
1 0.1802 0.1802 0.1802 0.1802 0.1802 0.1802 0.1802 0.1802 0.1802 0.1802 0.1802 0.1802 0.1802 0.1802 0.1802 0.1802 0.1802 0.1802 0.1802 0.1802 0.1802 0.1802 0.1802 0.1802 0.1802 0.1802 0.1802 0.1802 0.1802 0.1802 0.1802 0.1802 0.1802 
[CR,CAMOTLDRYSEC,CO2E_USO_SUELO_AFOLU,*,*]:
2018 2019 2020 2021 2022 2023 2024 2025 2026 2027 2028 2029 2030 2031 2032 2033 2034 2035 2036 2037 2038 2039 2040 2041 2042 2043 2044 2045 2046 2047 2048 2049 2050 :=
1 -0.0237 -0.0237 0.0 0.0 -0.0118 -0.0118 -0.0118 -0.0118 -0.0118 -0.0118 -0.0118 -0.0118 -0.0118 -0.0118 -0.0118 -0.0118 -0.0118 -0.0118 -0.0118 -0.0118 -0.0118 -0.0118 -0.0118 -0.0118 -0.0118 -0.0118 -0.0118 -0.0118 -0.0118 -0.0118 -0.0118 -0.0118 -0.0118 
[CR,AGRCAF,CO2E_FERTI_IND_AFOLU,*,*]:
2018 2019 2020 2021 2022 2023 2024 2025 2026 2027 2028 2029 2030 2031 2032 2033 2034 2035 2036 2037 2038 2039 2040 2041 2042 2043 2044 2045 2046 2047 2048 2049 2050 :=
1 0.2545 0.2545 0.2545 0.2545 0.2545 0.2545 0.2545 0.2545 0.2545 0.2545 0.2545 0.2545 0.2545 0.2545 0.2545 0.2545 0.2545 0.2545 0.2545 0.2545 0.2545 0.2545 0.2545 0.2545 0.2545 0.2545 0.2545 0.2545 0.2545 0.2545 0.2545 0.2545 0.2545 
[CR,LNDGAN,N2O_FERTI_IND_AFOLU,*,*]:
2018 2019 2020 2021 2022 2023 2024 2025 2026 2027 2028 2029 2030 2031 2032 2033 2034 2035 2036 2037 2038 2039 2040 2041 2042 2043 2044 2045 2046 2047 2048 2049 2050 :=
1 0.0 0.0 0.0 0.0 0.0 0.0 0.0 0.0 0.0 0.0 0.0 0.0 0.0 0.0 0.0 0.0 0.0 0.0 0.0 0.0 0.0 0.0 0.0 0.0 0.0 0.0 0.0 0.0 0.0 0.0 0.0 0.0 0.0 
[CR,LNDGAN,N2O_QUEMA_AFOLU,*,*]:
2018 2019 2020 2021 2022 2023 2024 2025 2026 2027 2028 2029 2030 2031 2032 2033 2034 2035 2036 2037 2038 2039 2040 2041 2042 2043 2044 2045 2046 2047 2048 2049 2050 :=
1 0.0 0.0 0.0 0.0 0.0 0.0 0.0 0.0 0.0 0.0 0.0 0.0 0.0 0.0 0.0 0.0 0.0 0.0 0.0 0.0 0.0 0.0 0.0 0.0 0.0 0.0 0.0 0.0 0.0 0.0 0.0 0.0 0.0 
[CR,CAMOTLMGRSEC,CO2E_USO_SUELO_AFOLU,*,*]:
2018 2019 2020 2021 2022 2023 2024 2025 2026 2027 2028 2029 2030 2031 2032 2033 2034 2035 2036 2037 2038 2039 2040 2041 2042 2043 2044 2045 2046 2047 2048 2049 2050 :=
1 -0.0143 -0.0143 -0.0143 -0.0143 -0.0143 -0.0143 -0.0143 -0.0143 -0.0143 -0.0143 -0.0143 -0.0143 -0.0143 -0.0143 -0.0143 -0.0143 -0.0143 -0.0143 -0.0143 -0.0143 -0.0143 -0.0143 -0.0143 -0.0143 -0.0143 -0.0143 -0.0143 -0.0143 -0.0143 -0.0143 -0.0143 -0.0143 -0.0143 
[CR,DEFNONANTPLMSEC,CO2E_USO_SUELO_AFOLU,*,*]:
2018 2019 2020 2021 2022 2023 2024 2025 2026 2027 2028 2029 2030 2031 2032 2033 2034 2035 2036 2037 2038 2039 2040 2041 2042 2043 2044 2045 2046 2047 2048 2049 2050 :=
1 0.0 0.0 0.0 0.0 0.0 0.0 0.0 0.0 0.0 0.0 0.0 0.0 0.0 0.0 0.0 0.0 0.0 0.0 0.0 0.0 0.0 0.0 0.0 0.0 0.0 0.0 0.0 0.0 0.0 0.0 0.0 0.0 0.0 
[CR,BOSMANDRYSEC,CO2E_USO_SUELO_AFOLU,*,*]:
2018 2019 2020 2021 2022 2023 2024 2025 2026 2027 2028 2029 2030 2031 2032 2033 2034 2035 2036 2037 2038 2039 2040 2041 2042 2043 2044 2045 2046 2047 2048 2049 2050 :=
1 -0.0068 -0.0066 -0.0063 -0.0061 -0.0064 -0.0064 -0.0064 -0.0064 -0.0064 -0.0064 -0.0064 -0.0064 -0.0064 -0.0064 -0.0064 -0.0064 -0.0064 -0.0064 -0.0064 -0.0064 -0.0064 -0.0064 -0.0064 -0.0064 -0.0064 -0.0064 -0.0064 -0.0064 -0.0064 -0.0064 -0.0064 -0.0064 -0.0064 
[CR,NOSTCLND,CO2E_USO_SUELO_AFOLU,*,*]:
2018 2019 2020 2021 2022 2023 2024 2025 2026 2027 2028 2029 2030 2031 2032 2033 2034 2035 2036 2037 2038 2039 2040 2041 2042 2043 2044 2045 2046 2047 2048 2049 2050 :=
1 0.1146 0.2044 0.0657 0.0154 0.1 0.1 0.1 0.1 0.1 0.1 0.1 0.1 0.1 0.1 0.1 0.1 0.1 0.1 0.1 0.1 0.1 0.1 0.1 0.1 0.1 0.1 0.1 0.1 0.1 0.1 0.1 0.1 0.1 
[CR,COPASFORMST,CO2E_USO_SUELO_AFOLU,*,*]:
2018 2019 2020 2021 2022 2023 2024 2025 2026 2027 2028 2029 2030 2031 2032 2033 2034 2035 2036 2037 2038 2039 2040 2041 2042 2043 2044 2045 2046 2047 2048 2049 2050 :=
1 -8.94 -8.94 -8.94 -8.94 -7.13 -7.13 -7.13 -7.13 -7.13 -7.13 -7.13 -7.13 -7.13 -7.13 -7.13 -7.13 -7.13 -7.13 -7.13 -7.13 -7.13 -7.13 -7.13 -7.13 -7.13 -7.13 -7.13 -7.13 -7.13 -7.13 -7.13 -7.13 -7.13 
[CR,DEFNONANTPLMPRI,CO2E_USO_SUELO_AFOLU,*,*]:
2018 2019 2020 2021 2022 2023 2024 2025 2026 2027 2028 2029 2030 2031 2032 2033 2034 2035 2036 2037 2038 2039 2040 2041 2042 2043 2044 2045 2046 2047 2048 2049 2050 :=
1 0.0 0.0 0.2703 0.2703 0.1351 0.1351 0.1351 0.1351 0.1351 0.1351 0.1351 0.1351 0.1351 0.1351 0.1351 0.1351 0.1351 0.1351 0.1351 0.1351 0.1351 0.1351 0.1351 0.1351 0.1351 0.1351 0.1351 0.1351 0.1351 0.1351 0.1351 0.1351 0.1351 
[CR,CAMOTLPLMSEC,CO2E_USO_SUELO_AFOLU,*,*]:
2018 2019 2020 2021 2022 2023 2024 2025 2026 2027 2028 2029 2030 2031 2032 2033 2034 2035 2036 2037 2038 2039 2040 2041 2042 2043 2044 2045 2046 2047 2048 2049 2050 :=
1 -0.0114 -0.0114 0.0 0.0 -0.0057 -0.0057 -0.0057 -0.0057 -0.0057 -0.0057 -0.0057 -0.0057 -0.0057 -0.0057 -0.0057 -0.0057 -0.0057 -0.0057 -0.0057 -0.0057 -0.0057 -0.0057 -0.0057 -0.0057 -0.0057 -0.0057 -0.0057 -0.0057 -0.0057 -0.0057 -0.0057 -0.0057 -0.0057 
[CR,LNDGAN,CO2E_QUEMA_AFOLU,*,*]:
2018 2019 2020 2021 2022 2023 2024 2025 2026 2027 2028 2029 2030 2031 2032 2033 2034 2035 2036 2037 2038 2039 2040 2041 2042 2043 2044 2045 2046 2047 2048 2049 2050 :=
1 0.0052 0.0052 0.0052 0.0052 0.0052 0.0052 0.0052 0.0052 0.0052 0.0052 0.0052 0.0052 0.0052 0.0052 0.0052 0.0052 0.0052 0.0052 0.0052 0.0052 0.0052 0.0052 0.0052 0.0052 0.0052 0.0052 0.0052 0.0052 0.0052 0.0052 0.0052 0.0052 0.0052 
[CR,HRDDOP,CO2E_FERMEN_AFOLU,*,*]:
2018 2019 2020 2021 2022 2023 2024 2025 2026 2027 2028 2029 2030 2031 2032 2033 2034 2035 2036 2037 2038 2039 2040 2041 2042 2043 2044 2045 2046 2047 2048 2049 2050 :=
1 1.8279 1.8855 1.4958 1.5264 1.6839 1.6839 1.6839 1.6839 1.6839 1.6839 1.6839 1.6839 1.6839 1.6839 1.6839 1.6839 1.6839 1.6839 1.6839 1.6839 1.6839 1.6839 1.6839 1.6839 1.6839 1.6839 1.6839 1.6839 1.6839 1.6839 1.6839 1.6839 1.6839 
[CR,AGRCAF,N2O_FERTI_IND_AFOLU,*,*]:
2018 2019 2020 2021 2022 2023 2024 2025 2026 2027 2028 2029 2030 2031 2032 2033 2034 2035 2036 2037 2038 2039 2040 2041 2042 2043 2044 2045 2046 2047 2048 2049 2050 :=
1 0.0 0.0 0.0 0.0 0.0 0.0 0.0 0.0 0.0 0.0 0.0 0.0 0.0 0.0 0.0 0.0 0.0 0.0 0.0 0.0 0.0 0.0 0.0 0.0 0.0 0.0 0.0 0.0 0.0 0.0 0.0 0.0 0.0 
[CR,LNDAGR,CO2E_QUEMA_AFOLU,*,*]:
2018 2019 2020 2021 2022 2023 2024 2025 2026 2027 2028 2029 2030 2031 2032 2033 2034 2035 2036 2037 2038 2039 2040 2041 2042 2043 2044 2045 2046 2047 2048 2049 2050 :=
1 0.0435 0.0428 0.0435 0.0435 0.0433 0.0433 0.0433 0.0433 0.0433 0.0433 0.0433 0.0433 0.0433 0.0433 0.0433 0.0433 0.0433 0.0433 0.0433 0.0433 0.0433 0.0433 0.0433 0.0433 0.0433 0.0433 0.0433 0.0433 0.0433 0.0433 0.0433 0.0433 0.0433 
[CR,DEFNONANTWETSEC,CO2E_USO_SUELO_AFOLU,*,*]:
2018 2019 2020 2021 2022 2023 2024 2025 2026 2027 2028 2029 2030 2031 2032 2033 2034 2035 2036 2037 2038 2039 2040 2041 2042 2043 2044 2045 2046 2047 2048 2049 2050 :=
1 0.0001 0.0001 0.0012 0.0012 0.0007 0.0007 0.0007 0.0007 0.0007 0.0007 0.0007 0.0007 0.0007 0.0007 0.0007 0.0007 0.0007 0.0007 0.0007 0.0007 0.0007 0.0007 0.0007 0.0007 0.0007 0.0007 0.0007 0.0007 0.0007 0.0007 0.0007 0.0007 0.0007 
[CR,CAMPASMSTSEC,CO2E_USO_SUELO_AFOLU,*,*]:
2018 2019 2020 2021 2022 2023 2024 2025 2026 2027 2028 2029 2030 2031 2032 2033 2034 2035 2036 2037 2038 2039 2040 2041 2042 2043 2044 2045 2046 2047 2048 2049 2050 :=
1 0.0066 0.0066 0.0 0.0 0.0 0.0 0.0 0.0 0.0 0.0 0.0 0.0 0.0 0.0 0.0 0.0 0.0 0.0 0.0 0.0 0.0 0.0 0.0 0.0 0.0 0.0 0.0 0.0 0.0 0.0 0.0 0.0 0.0 
[CR,DEGFORMGR,CO2E_USO_SUELO_AFOLU,*,*]:
2018 2019 2020 2021 2022 2023 2024 2025 2026 2027 2028 2029 2030 2031 2032 2033 2034 2035 2036 2037 2038 2039 2040 2041 2042 2043 2044 2045 2046 2047 2048 2049 2050 :=
1 34.2 34.2 8.7 8.7 9.2 9.2 9.2 9.2 9.2 9.2 9.2 9.2 9.2 9.2 9.2 9.2 9.2 9.2 9.2 9.2 9.2 9.2 9.2 9.2 9.2 9.2 9.2 9.2 9.2 9.2 9.2 9.2 9.2 
[CR,LNDGAN,N2O_FERTI_DIR_AFOLU,*,*]:
2018 2019 2020 2021 2022 2023 2024 2025 2026 2027 2028 2029 2030 2031 2032 2033 2034 2035 2036 2037 2038 2039 2040 2041 2042 2043 2044 2045 2046 2047 2048 2049 2050 :=
1 0.0 0.0 0.0 0.0 0.0 0.0 0.0 0.0 0.0 0.0 0.0 0.0 0.0 0.0 0.0 0.0 0.0 0.0 0.0 0.0 0.0 0.0 0.0 0.0 0.0 0.0 0.0 0.0 0.0 0.0 0.0 0.0 0.0 
[CR,BOSMANMSTSEC,CO2E_USO_SUELO_AFOLU,*,*]:
2018 2019 2020 2021 2022 2023 2024 2025 2026 2027 2028 2029 2030 2031 2032 2033 2034 2035 2036 2037 2038 2039 2040 2041 2042 2043 2044 2045 2046 2047 2048 2049 2050 :=
1 -0.0063 -0.006 -0.0058 -0.0056 -0.006 -0.006 -0.006 -0.006 -0.006 -0.006 -0.006 -0.006 -0.006 -0.006 -0.006 -0.006 -0.006 -0.006 -0.006 -0.006 -0.006 -0.006 -0.006 -0.006 -0.006 -0.006 -0.006 -0.006 -0.006 -0.006 -0.006 -0.006 -0.006 
[CR,HRDCAR,CO2E_GESTION_AFOLU,*,*]:
2018 2019 2020 2021 2022 2023 2024 2025 2026 2027 2028 2029 2030 2031 2032 2033 2034 2035 2036 2037 2038 2039 2040 2041 2042 2043 2044 2045 2046 2047 2048 2049 2050 :=
1 0.0193 0.0199 0.0185 0.0211 0.0197 0.0197 0.0197 0.0197 0.0197 0.0197 0.0197 0.0197 0.0197 0.0197 0.0197 0.0197 0.0197 0.0197 0.0197 0.0197 0.0197 0.0197 0.0197 0.0197 0.0197 0.0197 0.0197 0.0197 0.0197 0.0197 0.0197 0.0197 0.0197 
[CR,HRDCAR,CO2E_FERMEN_AFOLU,*,*]:
2018 2019 2020 2021 2022 2023 2024 2025 2026 2027 2028 2029 2030 2031 2032 2033 2034 2035 2036 2037 2038 2039 2040 2041 2042 2043 2044 2045 2046 2047 2048 2049 2050 :=
1 2.1142 2.1812 2.0219 2.3146 2.158 2.158 2.158 2.158 2.158 2.158 2.158 2.158 2.158 2.158 2.158 2.158 2.158 2.158 2.158 2.158 2.158 2.158 2.158 2.158 2.158 2.158 2.158 2.158 2.158 2.158 2.158 2.158 2.158 
[CR,COPASFORWET,CO2E_USO_SUELO_AFOLU,*,*]:
2018 2019 2020 2021 2022 2023 2024 2025 2026 2027 2028 2029 2030 2031 2032 2033 2034 2035 2036 2037 2038 2039 2040 2041 2042 2043 2044 2045 2046 2047 2048 2049 2050 :=
1 -6.9 -6.9 -6.9 -6.9 -5.51 -5.51 -5.51 -5.51 -5.51 -5.51 -5.51 -5.51 -5.51 -5.51 -5.51 -5.51 -5.51 -5.51 -5.51 -5.51 -5.51 -5.51 -5.51 -5.51 -5.51 -5.51 -5.51 -5.51 -5.51 -5.51 -5.51 -5.51 -5.51 
[CR,DEFNONANTMSTSEC,CO2E_USO_SUELO_AFOLU,*,*]:
2018 2019 2020 2021 2022 2023 2024 2025 2026 2027 2028 2029 2030 2031 2032 2033 2034 2035 2036 2037 2038 2039 2040 2041 2042 2043 2044 2045 2046 2047 2048 2049 2050 :=
1 0.0001 0.0001 0.0002 0.0002 0.0002 0.0002 0.0002 0.0002 0.0002 0.0002 0.0002 0.0002 0.0002 0.0002 0.0002 0.0002 0.0002 0.0002 0.0002 0.0002 0.0002 0.0002 0.0002 0.0002 0.0002 0.0002 0.0002 0.0002 0.0002 0.0002 0.0002 0.0002 0.0002 
[CR,CAMPASPLMSEC,CO2E_USO_SUELO_AFOLU,*,*]:
2018 2019 2020 2021 2022 2023 2024 2025 2026 2027 2028 2029 2030 2031 2032 2033 2034 2035 2036 2037 2038 2039 2040 2041 2042 2043 2044 2045 2046 2047 2048 2049 2050 :=
1 0.0 0.0 0.0 0.0538 0.0135 0.0135 0.0135 0.0135 0.0135 0.0135 0.0135 0.0135 0.0135 0.0135 0.0135 0.0135 0.0135 0.0135 0.0135 0.0135 0.0135 0.0135 0.0135 0.0135 0.0135 0.0135 0.0135 0.0135 0.0135 0.0135 0.0135 0.0135 0.0135 
[CR,DEFANTWETSEC,CO2E_USO_SUELO_AFOLU,*,*]:
2018 2019 2020 2021 2022 2023 2024 2025 2026 2027 2028 2029 2030 2031 2032 2033 2034 2035 2036 2037 2038 2039 2040 2041 2042 2043 2044 2045 2046 2047 2048 2049 2050 :=
1 0.1874 0.1955 0.0723 0.0811 0.1341 0.1341 0.1341 0.1341 0.1341 0.1341 0.1341 0.1341 0.1341 0.1341 0.1341 0.1341 0.1341 0.1341 0.1341 0.1341 0.1341 0.1341 0.1341 0.1341 0.1341 0.1341 0.1341 0.1341 0.1341 0.1341 0.1341 0.1341 0.1341 
[CR,AGRRIC,CO2E_FERTI_DIR_AFOLU,*,*]:
2018 2019 2020 2021 2022 2023 2024 2025 2026 2027 2028 2029 2030 2031 2032 2033 2034 2035 2036 2037 2038 2039 2040 2041 2042 2043 2044 2045 2046 2047 2048 2049 2050 :=
1 0.4098 0.41 0.4099 0.4091 0.4097 0.4097 0.4097 0.4097 0.4097 0.4097 0.4097 0.4097 0.4097 0.4097 0.4097 0.4097 0.4097 0.4097 0.4097 0.4097 0.4097 0.4097 0.4097 0.4097 0.4097 0.4097 0.4097 0.4097 0.4097 0.4097 0.4097 0.4097 0.4097 
[CR,HRDLEC,CO2E_ACCIONES,*,*]:
2018 2019 2020 2021 2022 2023 2024 2025 2026 2027 2028 2029 2030 2031 2032 2033 2034 2035 2036 2037 2038 2039 2040 2041 2042 2043 2044 2045 2046 2047 2048 2049 2050 :=
1 0.0 0.0 0.0 0.0 0.0 0.0 0.0 0.0 0.0 0.0 0.0 0.0 0.0 0.0 0.0 0.0 0.0 0.0 0.0 0.0 0.0 0.0 0.0 0.0 0.0 0.0 0.0 0.0 0.0 0.0 0.0 0.0 0.0 
[CR,AGRRIC,N2O_FERTI_IND_AFOLU,*,*]:
2018 2019 2020 2021 2022 2023 2024 2025 2026 2027 2028 2029 2030 2031 2032 2033 2034 2035 2036 2037 2038 2039 2040 2041 2042 2043 2044 2045 2046 2047 2048 2049 2050 :=
1 0.0 0.0 0.0 0.0 0.0 0.0 0.0 0.0 0.0 0.0 0.0 0.0 0.0 0.0 0.0 0.0 0.0 0.0 0.0 0.0 0.0 0.0 0.0 0.0 0.0 0.0 0.0 0.0 0.0 0.0 0.0 0.0 0.0 
[CR,PROPOR,CO2E_GESTION_AFOLU,*,*]:
2018 2019 2020 2021 2022 2023 2024 2025 2026 2027 2028 2029 2030 2031 2032 2033 2034 2035 2036 2037 2038 2039 2040 2041 2042 2043 2044 2045 2046 2047 2048 2049 2050 :=
1 0.1967 0.1967 0.1893 0.1931 0.194 0.194 0.194 0.194 0.194 0.194 0.194 0.194 0.194 0.194 0.194 0.194 0.194 0.194 0.194 0.194 0.194 0.194 0.194 0.194 0.194 0.194 0.194 0.194 0.194 0.194 0.194 0.194 0.194 
[CR,BOSMANWETPRI,CO2E_USO_SUELO_AFOLU,*,*]:
2018 2019 2020 2021 2022 2023 2024 2025 2026 2027 2028 2029 2030 2031 2032 2033 2034 2035 2036 2037 2038 2039 2040 2041 2042 2043 2044 2045 2046 2047 2048 2049 2050 :=
1 0.0 0.0 0.0 0.0 0.0 0.0 0.0 0.0 0.0 0.0 0.0 0.0 0.0 0.0 0.0 0.0 0.0 0.0 0.0 0.0 0.0 0.0 0.0 0.0 0.0 0.0 0.0 0.0 0.0 0.0 0.0 0.0 0.0 
[CR,AGRRIC,N2O_FERTI_DIR_AFOLU,*,*]:
2018 2019 2020 2021 2022 2023 2024 2025 2026 2027 2028 2029 2030 2031 2032 2033 2034 2035 2036 2037 2038 2039 2040 2041 2042 2043 2044 2045 2046 2047 2048 2049 2050 :=
1 0.0 0.0 0.0 0.0 0.0 0.0 0.0 0.0 0.0 0.0 0.0 0.0 0.0 0.0 0.0 0.0 0.0 0.0 0.0 0.0 0.0 0.0 0.0 0.0 0.0 0.0 0.0 0.0 0.0 0.0 0.0 0.0 0.0 
[CR,CAMPASMGRSEC,CO2E_USO_SUELO_AFOLU,*,*]:
2018 2019 2020 2021 2022 2023 2024 2025 2026 2027 2028 2029 2030 2031 2032 2033 2034 2035 2036 2037 2038 2039 2040 2041 2042 2043 2044 2045 2046 2047 2048 2049 2050 :=
1 0.0 0.0 0.0509 0.0509 0.0255 0.0255 0.0255 0.0255 0.0255 0.0255 0.0255 0.0255 0.0255 0.0255 0.0255 0.0255 0.0255 0.0255 0.0255 0.0255 0.0255 0.0255 0.0255 0.0255 0.0255 0.0255 0.0255 0.0255 0.0255 0.0255 0.0255 0.0255 0.0255 
[CR,HRDDOP,CH4_GESTION_AFOLU,*,*]:
2018 2019 2020 2021 2022 2023 2024 2025 2026 2027 2028 2029 2030 2031 2032 2033 2034 2035 2036 2037 2038 2039 2040 2041 2042 2043 2044 2045 2046 2047 2048 2049 2050 :=
1 0.5 0.5 0.5 0.5 0.5 0.5 0.5 0.5 0.5 0.5 0.5 0.5 0.5 0.5 0.5 0.5 0.5 0.5 0.5 0.5 0.5 0.5 0.5 0.5 0.5 0.5 0.5 0.5 0.5 0.5 0.5 0.5 0.5 
[CR,AGRSGC,N2O_FERTI_DIR_AFOLU,*,*]:
2018 2019 2020 2021 2022 2023 2024 2025 2026 2027 2028 2029 2030 2031 2032 2033 2034 2035 2036 2037 2038 2039 2040 2041 2042 2043 2044 2045 2046 2047 2048 2049 2050 :=
1 0.0 0.0 0.0 0.0 0.0 0.0 0.0 0.0 0.0 0.0 0.0 0.0 0.0 0.0 0.0 0.0 0.0 0.0 0.0 0.0 0.0 0.0 0.0 0.0 0.0 0.0 0.0 0.0 0.0 0.0 0.0 0.0 0.0 
[CR,CAMCRPPLMSEC,CO2E_USO_SUELO_AFOLU,*,*]:
2018 2019 2020 2021 2022 2023 2024 2025 2026 2027 2028 2029 2030 2031 2032 2033 2034 2035 2036 2037 2038 2039 2040 2041 2042 2043 2044 2045 2046 2047 2048 2049 2050 :=
1 0.0337 0.0337 0.0333 0.0333 0.0335 0.0335 0.0335 0.0335 0.0335 0.0335 0.0335 0.0335 0.0335 0.0335 0.0335 0.0335 0.0335 0.0335 0.0335 0.0335 0.0335 0.0335 0.0335 0.0335 0.0335 0.0335 0.0335 0.0335 0.0335 0.0335 0.0335 0.0335 0.0335 
[CR,DEFANTPLMPRI,CO2E_USO_SUELO_AFOLU,*,*]:
2018 2019 2020 2021 2022 2023 2024 2025 2026 2027 2028 2029 2030 2031 2032 2033 2034 2035 2036 2037 2038 2039 2040 2041 2042 2043 2044 2045 2046 2047 2048 2049 2050 :=
1 0.2703 0.2703 0.0 0.0 0.1351 0.1351 0.1351 0.1351 0.1351 0.1351 0.1351 0.1351 0.1351 0.1351 0.1351 0.1351 0.1351 0.1351 0.1351 0.1351 0.1351 0.1351 0.1351 0.1351 0.1351 0.1351 0.1351 0.1351 0.1351 0.1351 0.1351 0.1351 0.1351 
[CR,DEFANTPLMSEC,CO2E_USO_SUELO_AFOLU,*,*]:
2018 2019 2020 2021 2022 2023 2024 2025 2026 2027 2028 2029 2030 2031 2032 2033 2034 2035 2036 2037 2038 2039 2040 2041 2042 2043 2044 2045 2046 2047 2048 2049 2050 :=
1 -0.0277 -0.0249 -0.0244 -0.0216 -0.0247 -0.0247 -0.0247 -0.0247 -0.0247 -0.0247 -0.0247 -0.0247 -0.0247 -0.0247 -0.0247 -0.0247 -0.0247 -0.0247 -0.0247 -0.0247 -0.0247 -0.0247 -0.0247 -0.0247 -0.0247 -0.0247 -0.0247 -0.0247 -0.0247 -0.0247 -0.0247 -0.0247 -0.0247 
[CR,LNDGAN,CH4_QUEMA_AFOLU,*,*]:
2018 2019 2020 2021 2022 2023 2024 2025 2026 2027 2028 2029 2030 2031 2032 2033 2034 2035 2036 2037 2038 2039 2040 2041 2042 2043 2044 2045 2046 2047 2048 2049 2050 :=
1 0.0 0.0 0.0 0.0 0.0 0.0 0.0 0.0 0.0 0.0 0.0 0.0 0.0 0.0 0.0 0.0 0.0 0.0 0.0 0.0 0.0 0.0 0.0 0.0 0.0 0.0 0.0 0.0 0.0 0.0 0.0 0.0 0.0 
[CR,DEFNONANTWETPRI,CO2E_USO_SUELO_AFOLU,*,*]:
2018 2019 2020 2021 2022 2023 2024 2025 2026 2027 2028 2029 2030 2031 2032 2033 2034 2035 2036 2037 2038 2039 2040 2041 2042 2043 2044 2045 2046 2047 2048 2049 2050 :=
1 0.6214 0.6214 0.0 0.0 0.3107 0.3107 0.3107 0.3107 0.3107 0.3107 0.3107 0.3107 0.3107 0.3107 0.3107 0.3107 0.3107 0.3107 0.3107 0.3107 0.3107 0.3107 0.3107 0.3107 0.3107 0.3107 0.3107 0.3107 0.3107 0.3107 0.3107 0.3107 0.3107 
;

param FixedCost default 0 :=
[CR,*,*]:
2018 2019 2020 2021 2022 2023 2024 2025 2026 2027 2028 2029 2030 2031 2032 2033 2034 2035 2036 2037 2038 2039 2040 2041 2042 2043 2044 2045 2046 2047 2048 2049 2050 :=
AGRSGC 51.0 51.0 51.0 51.0 51.0 51.0 51.0 51.0 51.0 51.0 51.0 51.0 51.0 51.0 51.0 51.0 51.0 51.0 51.0 51.0 51.0 51.0 51.0 51.0 51.0 51.0 51.0 51.0 51.0 51.0 51.0 51.0 51.0 
AGRRIC 527.8 527.8 527.8 527.8 527.8 527.8 527.8 527.8 527.8 527.8 527.8 527.8 527.8 527.8 527.8 527.8 527.8 527.8 527.8 527.8 527.8 527.8 527.8 527.8 527.8 527.8 527.8 527.8 527.8 527.8 527.8 527.8 527.8 
AGRBAN 245.3 245.3 245.3 245.3 245.3 245.3 245.3 245.3 245.3 245.3 245.3 245.3 245.3 245.3 245.3 245.3 245.3 245.3 245.3 245.3 245.3 245.3 245.3 245.3 245.3 245.3 245.3 245.3 245.3 245.3 245.3 245.3 245.3 
AGRCAF 649.9 649.9 649.9 649.9 649.9 649.9 649.9 649.9 649.9 649.9 649.9 649.9 649.9 649.9 649.9 649.9 649.9 649.9 649.9 649.9 649.9 649.9 649.9 649.9 649.9 649.9 649.9 649.9 649.9 649.9 649.9 649.9 649.9 
AGRPLM 451.2 451.2 451.2 451.2 451.2 451.2 451.2 451.2 451.2 451.2 451.2 451.2 451.2 451.2 451.2 451.2 451.2 451.2 451.2 451.2 451.2 451.2 451.2 451.2 451.2 451.2 451.2 451.2 451.2 451.2 451.2 451.2 451.2 
AGRPIN 4317.5 4317.5 4317.5 4317.5 4317.5 4317.5 4317.5 4317.5 4317.5 4317.5 4317.5 4317.5 4317.5 4317.5 4317.5 4317.5 4317.5 4317.5 4317.5 4317.5 4317.5 4317.5 4317.5 4317.5 4317.5 4317.5 4317.5 4317.5 4317.5 4317.5 4317.5 4317.5 4317.5 
AGRORG 370.5 370.5 370.5 370.5 370.5 370.5 370.5 370.5 370.5 370.5 370.5 370.5 370.5 370.5 370.5 370.5 370.5 370.5 370.5 370.5 370.5 370.5 370.5 370.5 370.5 370.5 370.5 370.5 370.5 370.5 370.5 370.5 370.5 
AGRFRT 969.6 969.6 969.6 969.6 969.6 969.6 969.6 969.6 969.6 969.6 969.6 969.6 969.6 969.6 969.6 969.6 969.6 969.6 969.6 969.6 969.6 969.6 969.6 969.6 969.6 969.6 969.6 969.6 969.6 969.6 969.6 969.6 969.6 
AGRVEG 2324.3 2324.3 2324.3 2324.3 2324.3 2324.3 2324.3 2324.3 2324.3 2324.3 2324.3 2324.3 2324.3 2324.3 2324.3 2324.3 2324.3 2324.3 2324.3 2324.3 2324.3 2324.3 2324.3 2324.3 2324.3 2324.3 2324.3 2324.3 2324.3 2324.3 2324.3 2324.3 2324.3 
AGROTG 241.3 241.3 241.3 241.3 241.3 241.3 241.3 241.3 241.3 241.3 241.3 241.3 241.3 241.3 241.3 241.3 241.3 241.3 241.3 241.3 241.3 241.3 241.3 241.3 241.3 241.3 241.3 241.3 241.3 241.3 241.3 241.3 241.3 
HRDLEC 212.8 212.8 212.8 212.8 212.8 212.8 212.8 212.8 212.8 212.8 212.8 212.8 212.8 212.8 212.8 212.8 212.8 212.8 212.8 212.8 212.8 212.8 212.8 212.8 212.8 212.8 212.8 212.8 212.8 212.8 212.8 212.8 212.8 
HRDCAR 2918.5 2918.5 2918.5 2918.5 2918.5 2918.5 2918.5 2918.5 2918.5 2918.5 2918.5 2918.5 2918.5 2918.5 2918.5 2918.5 2918.5 2918.5 2918.5 2918.5 2918.5 2918.5 2918.5 2918.5 2918.5 2918.5 2918.5 2918.5 2918.5 2918.5 2918.5 2918.5 2918.5 
;

param InputActivityRatio default 0 :=
[CR,AGROTP,E2_CRP,*,*]:
2018 2019 2020 2021 2022 2023 2024 2025 2026 2027 2028 2029 2030 2031 2032 2033 2034 2035 2036 2037 2038 2039 2040 2041 2042 2043 2044 2045 2046 2047 2048 2049 2050 :=
1 1.0 1.0 1.0 1.0 1.0 1.0 1.0 1.0 1.0 1.0 1.0 1.0 1.0 1.0 1.0 1.0 1.0 1.0 1.0 1.0 1.0 1.0 1.0 1.0 1.0 1.0 1.0 1.0 1.0 1.0 1.0 1.0 1.0 
[CR,AGRRIC,E2_CRP,*,*]:
2018 2019 2020 2021 2022 2023 2024 2025 2026 2027 2028 2029 2030 2031 2032 2033 2034 2035 2036 2037 2038 2039 2040 2041 2042 2043 2044 2045 2046 2047 2048 2049 2050 :=
1 1.0 1.0 1.0 1.0 1.0 1.0 1.0 1.0 1.0 1.0 1.0 1.0 1.0 1.0 1.0 1.0 1.0 1.0 1.0 1.0 1.0 1.0 1.0 1.0 1.0 1.0 1.0 1.0 1.0 1.0 1.0 1.0 1.0 
[CR,T5SUGAGREXP,E3_SUG,*,*]:
2018 2019 2020 2021 2022 2023 2024 2025 2026 2027 2028 2029 2030 2031 2032 2033 2034 2035 2036 2037 2038 2039 2040 2041 2042 2043 2044 2045 2046 2047 2048 2049 2050 :=
1 1.0 1.0 1.0 1.0 1.0 1.0 1.0 1.0 1.0 1.0 1.0 1.0 1.0 1.0 1.0 1.0 1.0 1.0 1.0 1.0 1.0 1.0 1.0 1.0 1.0 1.0 1.0 1.0 1.0 1.0 1.0 1.0 1.0 
[CR,T5OILAGREXP,E3_OIL,*,*]:
2018 2019 2020 2021 2022 2023 2024 2025 2026 2027 2028 2029 2030 2031 2032 2033 2034 2035 2036 2037 2038 2039 2040 2041 2042 2043 2044 2045 2046 2047 2048 2049 2050 :=
1 1.0 1.0 1.0 1.0 1.0 1.0 1.0 1.0 1.0 1.0 1.0 1.0 1.0 1.0 1.0 1.0 1.0 1.0 1.0 1.0 1.0 1.0 1.0 1.0 1.0 1.0 1.0 1.0 1.0 1.0 1.0 1.0 1.0 
[CR,AGRFRT,E2_CRP,*,*]:
2018 2019 2020 2021 2022 2023 2024 2025 2026 2027 2028 2029 2030 2031 2032 2033 2034 2035 2036 2037 2038 2039 2040 2041 2042 2043 2044 2045 2046 2047 2048 2049 2050 :=
1 1.0 1.0 1.0 1.0 1.0 1.0 1.0 1.0 1.0 1.0 1.0 1.0 1.0 1.0 1.0 1.0 1.0 1.0 1.0 1.0 1.0 1.0 1.0 1.0 1.0 1.0 1.0 1.0 1.0 1.0 1.0 1.0 1.0 
[CR,PROOIL,E3_SGC,*,*]:
2018 2019 2020 2021 2022 2023 2024 2025 2026 2027 2028 2029 2030 2031 2032 2033 2034 2035 2036 2037 2038 2039 2040 2041 2042 2043 2044 2045 2046 2047 2048 2049 2050 :=
1 1.0 1.0 1.0 1.0 1.0 1.0 1.0 1.0 1.0 1.0 1.0 1.0 1.0 1.0 1.0 1.0 1.0 1.0 1.0 1.0 1.0 1.0 1.0 1.0 1.0 1.0 1.0 1.0 1.0 1.0 1.0 1.0 1.0 
[CR,T5CAFAGREXP,E3_CAF,*,*]:
2018 2019 2020 2021 2022 2023 2024 2025 2026 2027 2028 2029 2030 2031 2032 2033 2034 2035 2036 2037 2038 2039 2040 2041 2042 2043 2044 2045 2046 2047 2048 2049 2050 :=
1 1.0 1.0 1.0 1.0 1.0 1.0 1.0 1.0 1.0 1.0 1.0 1.0 1.0 1.0 1.0 1.0 1.0 1.0 1.0 1.0 1.0 1.0 1.0 1.0 1.0 1.0 1.0 1.0 1.0 1.0 1.0 1.0 1.0 
[CR,T5RICAGR,E3_RIC,*,*]:
2018 2019 2020 2021 2022 2023 2024 2025 2026 2027 2028 2029 2030 2031 2032 2033 2034 2035 2036 2037 2038 2039 2040 2041 2042 2043 2044 2045 2046 2047 2048 2049 2050 :=
1 1.0 1.0 1.0 1.0 1.0 1.0 1.0 1.0 1.0 1.0 1.0 1.0 1.0 1.0 1.0 1.0 1.0 1.0 1.0 1.0 1.0 1.0 1.0 1.0 1.0 1.0 1.0 1.0 1.0 1.0 1.0 1.0 1.0 
[CR,T5MSTPRIFORCOV,E2_FOR,*,*]:
2018 2019 2020 2021 2022 2023 2024 2025 2026 2027 2028 2029 2030 2031 2032 2033 2034 2035 2036 2037 2038 2039 2040 2041 2042 2043 2044 2045 2046 2047 2048 2049 2050 :=
1 1.0 1.0 1.0 1.0 1.0 1.0 1.0 1.0 1.0 1.0 1.0 1.0 1.0 1.0 1.0 1.0 1.0 1.0 1.0 1.0 1.0 1.0 1.0 1.0 1.0 1.0 1.0 1.0 1.0 1.0 1.0 1.0 1.0 
[CR,T5PLMSECFORCOV,E2_FOR,*,*]:
2018 2019 2020 2021 2022 2023 2024 2025 2026 2027 2028 2029 2030 2031 2032 2033 2034 2035 2036 2037 2038 2039 2040 2041 2042 2043 2044 2045 2046 2047 2048 2049 2050 :=
1 1.0 1.0 1.0 1.0 1.0 1.0 1.0 1.0 1.0 1.0 1.0 1.0 1.0 1.0 1.0 1.0 1.0 1.0 1.0 1.0 1.0 1.0 1.0 1.0 1.0 1.0 1.0 1.0 1.0 1.0 1.0 1.0 1.0 
[CR,T5BANAGR,E3_BAN,*,*]:
2018 2019 2020 2021 2022 2023 2024 2025 2026 2027 2028 2029 2030 2031 2032 2033 2034 2035 2036 2037 2038 2039 2040 2041 2042 2043 2044 2045 2046 2047 2048 2049 2050 :=
1 1.0 1.0 1.0 1.0 1.0 1.0 1.0 1.0 1.0 1.0 1.0 1.0 1.0 1.0 1.0 1.0 1.0 1.0 1.0 1.0 1.0 1.0 1.0 1.0 1.0 1.0 1.0 1.0 1.0 1.0 1.0 1.0 1.0 
[CR,T5FRTAGREXP,E3_FRT,*,*]:
2018 2019 2020 2021 2022 2023 2024 2025 2026 2027 2028 2029 2030 2031 2032 2033 2034 2035 2036 2037 2038 2039 2040 2041 2042 2043 2044 2045 2046 2047 2048 2049 2050 :=
1 1.0 1.0 1.0 1.0 1.0 1.0 1.0 1.0 1.0 1.0 1.0 1.0 1.0 1.0 1.0 1.0 1.0 1.0 1.0 1.0 1.0 1.0 1.0 1.0 1.0 1.0 1.0 1.0 1.0 1.0 1.0 1.0 1.0 
[CR,T5OTGAGREXP,E3_OTG,*,*]:
2018 2019 2020 2021 2022 2023 2024 2025 2026 2027 2028 2029 2030 2031 2032 2033 2034 2035 2036 2037 2038 2039 2040 2041 2042 2043 2044 2045 2046 2047 2048 2049 2050 :=
1 1.0 1.0 1.0 1.0 1.0 1.0 1.0 1.0 1.0 1.0 1.0 1.0 1.0 1.0 1.0 1.0 1.0 1.0 1.0 1.0 1.0 1.0 1.0 1.0 1.0 1.0 1.0 1.0 1.0 1.0 1.0 1.0 1.0 
[CR,AGRBAN,E2_CRP,*,*]:
2018 2019 2020 2021 2022 2023 2024 2025 2026 2027 2028 2029 2030 2031 2032 2033 2034 2035 2036 2037 2038 2039 2040 2041 2042 2043 2044 2045 2046 2047 2048 2049 2050 :=
1 1.0 1.0 1.0 1.0 1.0 1.0 1.0 1.0 1.0 1.0 1.0 1.0 1.0 1.0 1.0 1.0 1.0 1.0 1.0 1.0 1.0 1.0 1.0 1.0 1.0 1.0 1.0 1.0 1.0 1.0 1.0 1.0 1.0 
[CR,T5DRYPRIFORCOV,E2_FOR,*,*]:
2018 2019 2020 2021 2022 2023 2024 2025 2026 2027 2028 2029 2030 2031 2032 2033 2034 2035 2036 2037 2038 2039 2040 2041 2042 2043 2044 2045 2046 2047 2048 2049 2050 :=
1 1.0 1.0 1.0 1.0 1.0 1.0 1.0 1.0 1.0 1.0 1.0 1.0 1.0 1.0 1.0 1.0 1.0 1.0 1.0 1.0 1.0 1.0 1.0 1.0 1.0 1.0 1.0 1.0 1.0 1.0 1.0 1.0 1.0 
[CR,T5VEGAGREXP,E3_VEG,*,*]:
2018 2019 2020 2021 2022 2023 2024 2025 2026 2027 2028 2029 2030 2031 2032 2033 2034 2035 2036 2037 2038 2039 2040 2041 2042 2043 2044 2045 2046 2047 2048 2049 2050 :=
1 1.0 1.0 1.0 1.0 1.0 1.0 1.0 1.0 1.0 1.0 1.0 1.0 1.0 1.0 1.0 1.0 1.0 1.0 1.0 1.0 1.0 1.0 1.0 1.0 1.0 1.0 1.0 1.0 1.0 1.0 1.0 1.0 1.0 
[CR,T5VEGAGR,E3_VEG,*,*]:
2018 2019 2020 2021 2022 2023 2024 2025 2026 2027 2028 2029 2030 2031 2032 2033 2034 2035 2036 2037 2038 2039 2040 2041 2042 2043 2044 2045 2046 2047 2048 2049 2050 :=
1 1.0 1.0 1.0 1.0 1.0 1.0 1.0 1.0 1.0 1.0 1.0 1.0 1.0 1.0 1.0 1.0 1.0 1.0 1.0 1.0 1.0 1.0 1.0 1.0 1.0 1.0 1.0 1.0 1.0 1.0 1.0 1.0 1.0 
[CR,T5CHIGAN,E3_CHI,*,*]:
2018 2019 2020 2021 2022 2023 2024 2025 2026 2027 2028 2029 2030 2031 2032 2033 2034 2035 2036 2037 2038 2039 2040 2041 2042 2043 2044 2045 2046 2047 2048 2049 2050 :=
1 1.0 1.0 1.0 1.0 1.0 1.0 1.0 1.0 1.0 1.0 1.0 1.0 1.0 1.0 1.0 1.0 1.0 1.0 1.0 1.0 1.0 1.0 1.0 1.0 1.0 1.0 1.0 1.0 1.0 1.0 1.0 1.0 1.0 
[CR,T5PORGANEXP,E3_POR,*,*]:
2018 2019 2020 2021 2022 2023 2024 2025 2026 2027 2028 2029 2030 2031 2032 2033 2034 2035 2036 2037 2038 2039 2040 2041 2042 2043 2044 2045 2046 2047 2048 2049 2050 :=
1 1.0 1.0 1.0 1.0 1.0 1.0 1.0 1.0 1.0 1.0 1.0 1.0 1.0 1.0 1.0 1.0 1.0 1.0 1.0 1.0 1.0 1.0 1.0 1.0 1.0 1.0 1.0 1.0 1.0 1.0 1.0 1.0 1.0 
[CR,T5PASCOV,E1_LND,*,*]:
2018 2019 2020 2021 2022 2023 2024 2025 2026 2027 2028 2029 2030 2031 2032 2033 2034 2035 2036 2037 2038 2039 2040 2041 2042 2043 2044 2045 2046 2047 2048 2049 2050 :=
1 1.0 1.0 1.0 1.0 1.0 1.0 1.0 1.0 1.0 1.0 1.0 1.0 1.0 1.0 1.0 1.0 1.0 1.0 1.0 1.0 1.0 1.0 1.0 1.0 1.0 1.0 1.0 1.0 1.0 1.0 1.0 1.0 1.0 
[CR,T5PLMPRIFORCOV,E2_FOR,*,*]:
2018 2019 2020 2021 2022 2023 2024 2025 2026 2027 2028 2029 2030 2031 2032 2033 2034 2035 2036 2037 2038 2039 2040 2041 2042 2043 2044 2045 2046 2047 2048 2049 2050 :=
1 1.0 1.0 1.0 1.0 1.0 1.0 1.0 1.0 1.0 1.0 1.0 1.0 1.0 1.0 1.0 1.0 1.0 1.0 1.0 1.0 1.0 1.0 1.0 1.0 1.0 1.0 1.0 1.0 1.0 1.0 1.0 1.0 1.0 
[CR,T5BAGAGR,E1_LND,*,*]:
2018 2019 2020 2021 2022 2023 2024 2025 2026 2027 2028 2029 2030 2031 2032 2033 2034 2035 2036 2037 2038 2039 2040 2041 2042 2043 2044 2045 2046 2047 2048 2049 2050 :=
1 1.0 1.0 1.0 1.0 1.0 1.0 1.0 1.0 1.0 1.0 1.0 1.0 1.0 1.0 1.0 1.0 1.0 1.0 1.0 1.0 1.0 1.0 1.0 1.0 1.0 1.0 1.0 1.0 1.0 1.0 1.0 1.0 1.0 
[CR,T5SUGAGR,E3_SUG,*,*]:
2018 2019 2020 2021 2022 2023 2024 2025 2026 2027 2028 2029 2030 2031 2032 2033 2034 2035 2036 2037 2038 2039 2040 2041 2042 2043 2044 2045 2046 2047 2048 2049 2050 :=
1 1.0 1.0 1.0 1.0 1.0 1.0 1.0 1.0 1.0 1.0 1.0 1.0 1.0 1.0 1.0 1.0 1.0 1.0 1.0 1.0 1.0 1.0 1.0 1.0 1.0 1.0 1.0 1.0 1.0 1.0 1.0 1.0 1.0 
[CR,T5MSTSECFORCOV,E2_FOR,*,*]:
2018 2019 2020 2021 2022 2023 2024 2025 2026 2027 2028 2029 2030 2031 2032 2033 2034 2035 2036 2037 2038 2039 2040 2041 2042 2043 2044 2045 2046 2047 2048 2049 2050 :=
1 1.0 1.0 1.0 1.0 1.0 1.0 1.0 1.0 1.0 1.0 1.0 1.0 1.0 1.0 1.0 1.0 1.0 1.0 1.0 1.0 1.0 1.0 1.0 1.0 1.0 1.0 1.0 1.0 1.0 1.0 1.0 1.0 1.0 
[CR,T5MOLAGR,E3_MOL,*,*]:
2018 2019 2020 2021 2022 2023 2024 2025 2026 2027 2028 2029 2030 2031 2032 2033 2034 2035 2036 2037 2038 2039 2040 2041 2042 2043 2044 2045 2046 2047 2048 2049 2050 :=
1 1.0 1.0 1.0 1.0 1.0 1.0 1.0 1.0 1.0 1.0 1.0 1.0 1.0 1.0 1.0 1.0 1.0 1.0 1.0 1.0 1.0 1.0 1.0 1.0 1.0 1.0 1.0 1.0 1.0 1.0 1.0 1.0 1.0 
[CR,T5OTPAGREXP,E3_OTP,*,*]:
2018 2019 2020 2021 2022 2023 2024 2025 2026 2027 2028 2029 2030 2031 2032 2033 2034 2035 2036 2037 2038 2039 2040 2041 2042 2043 2044 2045 2046 2047 2048 2049 2050 :=
1 1.0 1.0 1.0 1.0 1.0 1.0 1.0 1.0 1.0 1.0 1.0 1.0 1.0 1.0 1.0 1.0 1.0 1.0 1.0 1.0 1.0 1.0 1.0 1.0 1.0 1.0 1.0 1.0 1.0 1.0 1.0 1.0 1.0 
[CR,GANDOP,E3_HRDDOP,*,*]:
2018 2019 2020 2021 2022 2023 2024 2025 2026 2027 2028 2029 2030 2031 2032 2033 2034 2035 2036 2037 2038 2039 2040 2041 2042 2043 2044 2045 2046 2047 2048 2049 2050 :=
1 1.0 1.0 1.0 1.0 1.0 1.0 1.0 1.0 1.0 1.0 1.0 1.0 1.0 1.0 1.0 1.0 1.0 1.0 1.0 1.0 1.0 1.0 1.0 1.0 1.0 1.0 1.0 1.0 1.0 1.0 1.0 1.0 1.0 
[CR,HRDDOP,E2_PAS,*,*]:
2018 2019 2020 2021 2022 2023 2024 2025 2026 2027 2028 2029 2030 2031 2032 2033 2034 2035 2036 2037 2038 2039 2040 2041 2042 2043 2044 2045 2046 2047 2048 2049 2050 :=
1 1.0 1.0 1.0 1.0 1.0 1.0 1.0 1.0 1.0 1.0 1.0 1.0 1.0 1.0 1.0 1.0 1.0 1.0 1.0 1.0 1.0 1.0 1.0 1.0 1.0 1.0 1.0 1.0 1.0 1.0 1.0 1.0 1.0 
[CR,AGRVEG,E2_CRP,*,*]:
2018 2019 2020 2021 2022 2023 2024 2025 2026 2027 2028 2029 2030 2031 2032 2033 2034 2035 2036 2037 2038 2039 2040 2041 2042 2043 2044 2045 2046 2047 2048 2049 2050 :=
1 1.0 1.0 1.0 1.0 1.0 1.0 1.0 1.0 1.0 1.0 1.0 1.0 1.0 1.0 1.0 1.0 1.0 1.0 1.0 1.0 1.0 1.0 1.0 1.0 1.0 1.0 1.0 1.0 1.0 1.0 1.0 1.0 1.0 
[CR,T5OILAGR,E3_OIL,*,*]:
2018 2019 2020 2021 2022 2023 2024 2025 2026 2027 2028 2029 2030 2031 2032 2033 2034 2035 2036 2037 2038 2039 2040 2041 2042 2043 2044 2045 2046 2047 2048 2049 2050 :=
1 1.0 1.0 1.0 1.0 1.0 1.0 1.0 1.0 1.0 1.0 1.0 1.0 1.0 1.0 1.0 1.0 1.0 1.0 1.0 1.0 1.0 1.0 1.0 1.0 1.0 1.0 1.0 1.0 1.0 1.0 1.0 1.0 1.0 
[CR,HRDCAR,E2_PAS,*,*]:
2018 2019 2020 2021 2022 2023 2024 2025 2026 2027 2028 2029 2030 2031 2032 2033 2034 2035 2036 2037 2038 2039 2040 2041 2042 2043 2044 2045 2046 2047 2048 2049 2050 :=
1 1.0 1.0 1.0 1.0 1.0 1.0 1.0 1.0 1.0 1.0 1.0 1.0 1.0 1.0 1.0 1.0 1.0 1.0 1.0 1.0 1.0 1.0 1.0 1.0 1.0 1.0 1.0 1.0 1.0 1.0 1.0 1.0 1.0 
[CR,T5PINAGREXP,E3_PIN,*,*]:
2018 2019 2020 2021 2022 2023 2024 2025 2026 2027 2028 2029 2030 2031 2032 2033 2034 2035 2036 2037 2038 2039 2040 2041 2042 2043 2044 2045 2046 2047 2048 2049 2050 :=
1 1.0 1.0 1.0 1.0 1.0 1.0 1.0 1.0 1.0 1.0 1.0 1.0 1.0 1.0 1.0 1.0 1.0 1.0 1.0 1.0 1.0 1.0 1.0 1.0 1.0 1.0 1.0 1.0 1.0 1.0 1.0 1.0 1.0 
[CR,T5WETPRIFORCOV,E2_FOR,*,*]:
2018 2019 2020 2021 2022 2023 2024 2025 2026 2027 2028 2029 2030 2031 2032 2033 2034 2035 2036 2037 2038 2039 2040 2041 2042 2043 2044 2045 2046 2047 2048 2049 2050 :=
1 1.0 1.0 1.0 1.0 1.0 1.0 1.0 1.0 1.0 1.0 1.0 1.0 1.0 1.0 1.0 1.0 1.0 1.0 1.0 1.0 1.0 1.0 1.0 1.0 1.0 1.0 1.0 1.0 1.0 1.0 1.0 1.0 1.0 
[CR,AGRPLM,E2_CRP,*,*]:
2018 2019 2020 2021 2022 2023 2024 2025 2026 2027 2028 2029 2030 2031 2032 2033 2034 2035 2036 2037 2038 2039 2040 2041 2042 2043 2044 2045 2046 2047 2048 2049 2050 :=
1 1.0 1.0 1.0 1.0 1.0 1.0 1.0 1.0 1.0 1.0 1.0 1.0 1.0 1.0 1.0 1.0 1.0 1.0 1.0 1.0 1.0 1.0 1.0 1.0 1.0 1.0 1.0 1.0 1.0 1.0 1.0 1.0 1.0 
[CR,AGRPIN,E2_CRP,*,*]:
2018 2019 2020 2021 2022 2023 2024 2025 2026 2027 2028 2029 2030 2031 2032 2033 2034 2035 2036 2037 2038 2039 2040 2041 2042 2043 2044 2045 2046 2047 2048 2049 2050 :=
1 1.0 1.0 1.0 1.0 1.0 1.0 1.0 1.0 1.0 1.0 1.0 1.0 1.0 1.0 1.0 1.0 1.0 1.0 1.0 1.0 1.0 1.0 1.0 1.0 1.0 1.0 1.0 1.0 1.0 1.0 1.0 1.0 1.0 
[CR,T5RICAGREXP,E3_RIC,*,*]:
2018 2019 2020 2021 2022 2023 2024 2025 2026 2027 2028 2029 2030 2031 2032 2033 2034 2035 2036 2037 2038 2039 2040 2041 2042 2043 2044 2045 2046 2047 2048 2049 2050 :=
1 1.0 1.0 1.0 1.0 1.0 1.0 1.0 1.0 1.0 1.0 1.0 1.0 1.0 1.0 1.0 1.0 1.0 1.0 1.0 1.0 1.0 1.0 1.0 1.0 1.0 1.0 1.0 1.0 1.0 1.0 1.0 1.0 1.0 
[CR,AGRORG,E2_CRP,*,*]:
2018 2019 2020 2021 2022 2023 2024 2025 2026 2027 2028 2029 2030 2031 2032 2033 2034 2035 2036 2037 2038 2039 2040 2041 2042 2043 2044 2045 2046 2047 2048 2049 2050 :=
1 1.0 1.0 1.0 1.0 1.0 1.0 1.0 1.0 1.0 1.0 1.0 1.0 1.0 1.0 1.0 1.0 1.0 1.0 1.0 1.0 1.0 1.0 1.0 1.0 1.0 1.0 1.0 1.0 1.0 1.0 1.0 1.0 1.0 
[CR,GANCAR,E3_HRDCAR,*,*]:
2018 2019 2020 2021 2022 2023 2024 2025 2026 2027 2028 2029 2030 2031 2032 2033 2034 2035 2036 2037 2038 2039 2040 2041 2042 2043 2044 2045 2046 2047 2048 2049 2050 :=
1 1.0 1.0 1.0 1.0 1.0 1.0 1.0 1.0 1.0 1.0 1.0 1.0 1.0 1.0 1.0 1.0 1.0 1.0 1.0 1.0 1.0 1.0 1.0 1.0 1.0 1.0 1.0 1.0 1.0 1.0 1.0 1.0 1.0 
[CR,HRDLEC,E2_PAS,*,*]:
2018 2019 2020 2021 2022 2023 2024 2025 2026 2027 2028 2029 2030 2031 2032 2033 2034 2035 2036 2037 2038 2039 2040 2041 2042 2043 2044 2045 2046 2047 2048 2049 2050 :=
1 1.0 1.0 1.0 1.0 1.0 1.0 1.0 1.0 1.0 1.0 1.0 1.0 1.0 1.0 1.0 1.0 1.0 1.0 1.0 1.0 1.0 1.0 1.0 1.0 1.0 1.0 1.0 1.0 1.0 1.0 1.0 1.0 1.0 
[CR,T5CAFAGR,E3_CAF,*,*]:
2018 2019 2020 2021 2022 2023 2024 2025 2026 2027 2028 2029 2030 2031 2032 2033 2034 2035 2036 2037 2038 2039 2040 2041 2042 2043 2044 2045 2046 2047 2048 2049 2050 :=
1 1.0 1.0 1.0 1.0 1.0 1.0 1.0 1.0 1.0 1.0 1.0 1.0 1.0 1.0 1.0 1.0 1.0 1.0 1.0 1.0 1.0 1.0 1.0 1.0 1.0 1.0 1.0 1.0 1.0 1.0 1.0 1.0 1.0 
[CR,T5LECGANEXP,E3_LEC,*,*]:
2018 2019 2020 2021 2022 2023 2024 2025 2026 2027 2028 2029 2030 2031 2032 2033 2034 2035 2036 2037 2038 2039 2040 2041 2042 2043 2044 2045 2046 2047 2048 2049 2050 :=
1 1.0 1.0 1.0 1.0 1.0 1.0 1.0 1.0 1.0 1.0 1.0 1.0 1.0 1.0 1.0 1.0 1.0 1.0 1.0 1.0 1.0 1.0 1.0 1.0 1.0 1.0 1.0 1.0 1.0 1.0 1.0 1.0 1.0 
[CR,T5ORGAGREXP,E3_ORG,*,*]:
2018 2019 2020 2021 2022 2023 2024 2025 2026 2027 2028 2029 2030 2031 2032 2033 2034 2035 2036 2037 2038 2039 2040 2041 2042 2043 2044 2045 2046 2047 2048 2049 2050 :=
1 1.0 1.0 1.0 1.0 1.0 1.0 1.0 1.0 1.0 1.0 1.0 1.0 1.0 1.0 1.0 1.0 1.0 1.0 1.0 1.0 1.0 1.0 1.0 1.0 1.0 1.0 1.0 1.0 1.0 1.0 1.0 1.0 1.0 
[CR,T5OTPAGR,E3_OTP,*,*]:
2018 2019 2020 2021 2022 2023 2024 2025 2026 2027 2028 2029 2030 2031 2032 2033 2034 2035 2036 2037 2038 2039 2040 2041 2042 2043 2044 2045 2046 2047 2048 2049 2050 :=
1 1.0 1.0 1.0 1.0 1.0 1.0 1.0 1.0 1.0 1.0 1.0 1.0 1.0 1.0 1.0 1.0 1.0 1.0 1.0 1.0 1.0 1.0 1.0 1.0 1.0 1.0 1.0 1.0 1.0 1.0 1.0 1.0 1.0 
[CR,T5LECGAN,E3_LEC,*,*]:
2018 2019 2020 2021 2022 2023 2024 2025 2026 2027 2028 2029 2030 2031 2032 2033 2034 2035 2036 2037 2038 2039 2040 2041 2042 2043 2044 2045 2046 2047 2048 2049 2050 :=
1 1.0 1.0 1.0 1.0 1.0 1.0 1.0 1.0 1.0 1.0 1.0 1.0 1.0 1.0 1.0 1.0 1.0 1.0 1.0 1.0 1.0 1.0 1.0 1.0 1.0 1.0 1.0 1.0 1.0 1.0 1.0 1.0 1.0 
[CR,T5NINCOV,E1_LND,*,*]:
2018 2019 2020 2021 2022 2023 2024 2025 2026 2027 2028 2029 2030 2031 2032 2033 2034 2035 2036 2037 2038 2039 2040 2041 2042 2043 2044 2045 2046 2047 2048 2049 2050 :=
1 1.0 1.0 1.0 1.0 1.0 1.0 1.0 1.0 1.0 1.0 1.0 1.0 1.0 1.0 1.0 1.0 1.0 1.0 1.0 1.0 1.0 1.0 1.0 1.0 1.0 1.0 1.0 1.0 1.0 1.0 1.0 1.0 1.0 
[CR,T5CARGAN,E3_CAR,*,*]:
2018 2019 2020 2021 2022 2023 2024 2025 2026 2027 2028 2029 2030 2031 2032 2033 2034 2035 2036 2037 2038 2039 2040 2041 2042 2043 2044 2045 2046 2047 2048 2049 2050 :=
1 1.0 1.0 1.0 1.0 1.0 1.0 1.0 1.0 1.0 1.0 1.0 1.0 1.0 1.0 1.0 1.0 1.0 1.0 1.0 1.0 1.0 1.0 1.0 1.0 1.0 1.0 1.0 1.0 1.0 1.0 1.0 1.0 1.0 
[CR,T5PORGAN,E3_POR,*,*]:
2018 2019 2020 2021 2022 2023 2024 2025 2026 2027 2028 2029 2030 2031 2032 2033 2034 2035 2036 2037 2038 2039 2040 2041 2042 2043 2044 2045 2046 2047 2048 2049 2050 :=
1 1.0 1.0 1.0 1.0 1.0 1.0 1.0 1.0 1.0 1.0 1.0 1.0 1.0 1.0 1.0 1.0 1.0 1.0 1.0 1.0 1.0 1.0 1.0 1.0 1.0 1.0 1.0 1.0 1.0 1.0 1.0 1.0 1.0 
[CR,T5OTHCOV,E1_LND,*,*]:
2018 2019 2020 2021 2022 2023 2024 2025 2026 2027 2028 2029 2030 2031 2032 2033 2034 2035 2036 2037 2038 2039 2040 2041 2042 2043 2044 2045 2046 2047 2048 2049 2050 :=
1 1.0 1.0 1.0 1.0 1.0 1.0 1.0 1.0 1.0 1.0 1.0 1.0 1.0 1.0 1.0 1.0 1.0 1.0 1.0 1.0 1.0 1.0 1.0 1.0 1.0 1.0 1.0 1.0 1.0 1.0 1.0 1.0 1.0 
[CR,LNDGAN,E1_LND,*,*]:
2018 2019 2020 2021 2022 2023 2024 2025 2026 2027 2028 2029 2030 2031 2032 2033 2034 2035 2036 2037 2038 2039 2040 2041 2042 2043 2044 2045 2046 2047 2048 2049 2050 :=
1 1.0 1.0 1.0 1.0 1.0 1.0 1.0 1.0 1.0 1.0 1.0 1.0 1.0 1.0 1.0 1.0 1.0 1.0 1.0 1.0 1.0 1.0 1.0 1.0 1.0 1.0 1.0 1.0 1.0 1.0 1.0 1.0 1.0 
[CR,T5CHIGANEXP,E3_CHI,*,*]:
2018 2019 2020 2021 2022 2023 2024 2025 2026 2027 2028 2029 2030 2031 2032 2033 2034 2035 2036 2037 2038 2039 2040 2041 2042 2043 2044 2045 2046 2047 2048 2049 2050 :=
1 1.0 1.0 1.0 1.0 1.0 1.0 1.0 1.0 1.0 1.0 1.0 1.0 1.0 1.0 1.0 1.0 1.0 1.0 1.0 1.0 1.0 1.0 1.0 1.0 1.0 1.0 1.0 1.0 1.0 1.0 1.0 1.0 1.0 
[CR,T5OTGAGR,E3_OTG,*,*]:
2018 2019 2020 2021 2022 2023 2024 2025 2026 2027 2028 2029 2030 2031 2032 2033 2034 2035 2036 2037 2038 2039 2040 2041 2042 2043 2044 2045 2046 2047 2048 2049 2050 :=
1 1.0 1.0 1.0 1.0 1.0 1.0 1.0 1.0 1.0 1.0 1.0 1.0 1.0 1.0 1.0 1.0 1.0 1.0 1.0 1.0 1.0 1.0 1.0 1.0 1.0 1.0 1.0 1.0 1.0 1.0 1.0 1.0 1.0 
[CR,AGRWOD,E2_CRP,*,*]:
2018 2019 2020 2021 2022 2023 2024 2025 2026 2027 2028 2029 2030 2031 2032 2033 2034 2035 2036 2037 2038 2039 2040 2041 2042 2043 2044 2045 2046 2047 2048 2049 2050 :=
1 1.0 1.0 1.0 1.0 1.0 1.0 1.0 1.0 1.0 1.0 1.0 1.0 1.0 1.0 1.0 1.0 1.0 1.0 1.0 1.0 1.0 1.0 1.0 1.0 1.0 1.0 1.0 1.0 1.0 1.0 1.0 1.0 1.0 
[CR,T5MGRPRIFORCOV,E2_FOR,*,*]:
2018 2019 2020 2021 2022 2023 2024 2025 2026 2027 2028 2029 2030 2031 2032 2033 2034 2035 2036 2037 2038 2039 2040 2041 2042 2043 2044 2045 2046 2047 2048 2049 2050 :=
1 1.0 1.0 1.0 1.0 1.0 1.0 1.0 1.0 1.0 1.0 1.0 1.0 1.0 1.0 1.0 1.0 1.0 1.0 1.0 1.0 1.0 1.0 1.0 1.0 1.0 1.0 1.0 1.0 1.0 1.0 1.0 1.0 1.0 
[CR,T5MGRSECFORCOV,E2_FOR,*,*]:
2018 2019 2020 2021 2022 2023 2024 2025 2026 2027 2028 2029 2030 2031 2032 2033 2034 2035 2036 2037 2038 2039 2040 2041 2042 2043 2044 2045 2046 2047 2048 2049 2050 :=
1 1.0 1.0 1.0 1.0 1.0 1.0 1.0 1.0 1.0 1.0 1.0 1.0 1.0 1.0 1.0 1.0 1.0 1.0 1.0 1.0 1.0 1.0 1.0 1.0 1.0 1.0 1.0 1.0 1.0 1.0 1.0 1.0 1.0 
[CR,T5INFCOV,E1_LND,*,*]:
2018 2019 2020 2021 2022 2023 2024 2025 2026 2027 2028 2029 2030 2031 2032 2033 2034 2035 2036 2037 2038 2039 2040 2041 2042 2043 2044 2045 2046 2047 2048 2049 2050 :=
1 1.0 1.0 1.0 1.0 1.0 1.0 1.0 1.0 1.0 1.0 1.0 1.0 1.0 1.0 1.0 1.0 1.0 1.0 1.0 1.0 1.0 1.0 1.0 1.0 1.0 1.0 1.0 1.0 1.0 1.0 1.0 1.0 1.0 
[CR,T5WODAGR,E3_WOD,*,*]:
2018 2019 2020 2021 2022 2023 2024 2025 2026 2027 2028 2029 2030 2031 2032 2033 2034 2035 2036 2037 2038 2039 2040 2041 2042 2043 2044 2045 2046 2047 2048 2049 2050 :=
1 1.0 1.0 1.0 1.0 1.0 1.0 1.0 1.0 1.0 1.0 1.0 1.0 1.0 1.0 1.0 1.0 1.0 1.0 1.0 1.0 1.0 1.0 1.0 1.0 1.0 1.0 1.0 1.0 1.0 1.0 1.0 1.0 1.0 
[CR,T5WETSECFORCOV,E2_FOR,*,*]:
2018 2019 2020 2021 2022 2023 2024 2025 2026 2027 2028 2029 2030 2031 2032 2033 2034 2035 2036 2037 2038 2039 2040 2041 2042 2043 2044 2045 2046 2047 2048 2049 2050 :=
1 1.0 1.0 1.0 1.0 1.0 1.0 1.0 1.0 1.0 1.0 1.0 1.0 1.0 1.0 1.0 1.0 1.0 1.0 1.0 1.0 1.0 1.0 1.0 1.0 1.0 1.0 1.0 1.0 1.0 1.0 1.0 1.0 1.0 
[CR,LNDAGR,E1_LND,*,*]:
2018 2019 2020 2021 2022 2023 2024 2025 2026 2027 2028 2029 2030 2031 2032 2033 2034 2035 2036 2037 2038 2039 2040 2041 2042 2043 2044 2045 2046 2047 2048 2049 2050 :=
1 1.0 1.0 1.0 1.0 1.0 1.0 1.0 1.0 1.0 1.0 1.0 1.0 1.0 1.0 1.0 1.0 1.0 1.0 1.0 1.0 1.0 1.0 1.0 1.0 1.0 1.0 1.0 1.0 1.0 1.0 1.0 1.0 1.0 
[CR,T5ORGAGR,E3_ORG,*,*]:
2018 2019 2020 2021 2022 2023 2024 2025 2026 2027 2028 2029 2030 2031 2032 2033 2034 2035 2036 2037 2038 2039 2040 2041 2042 2043 2044 2045 2046 2047 2048 2049 2050 :=
1 1.0 1.0 1.0 1.0 1.0 1.0 1.0 1.0 1.0 1.0 1.0 1.0 1.0 1.0 1.0 1.0 1.0 1.0 1.0 1.0 1.0 1.0 1.0 1.0 1.0 1.0 1.0 1.0 1.0 1.0 1.0 1.0 1.0 
[CR,AGRSGC,E2_CRP,*,*]:
2018 2019 2020 2021 2022 2023 2024 2025 2026 2027 2028 2029 2030 2031 2032 2033 2034 2035 2036 2037 2038 2039 2040 2041 2042 2043 2044 2045 2046 2047 2048 2049 2050 :=
1 1.0 1.0 1.0 1.0 1.0 1.0 1.0 1.0 1.0 1.0 1.0 1.0 1.0 1.0 1.0 1.0 1.0 1.0 1.0 1.0 1.0 1.0 1.0 1.0 1.0 1.0 1.0 1.0 1.0 1.0 1.0 1.0 1.0 
[CR,T5FRTAGR,E3_FRT,*,*]:
2018 2019 2020 2021 2022 2023 2024 2025 2026 2027 2028 2029 2030 2031 2032 2033 2034 2035 2036 2037 2038 2039 2040 2041 2042 2043 2044 2045 2046 2047 2048 2049 2050 :=
1 1.0 1.0 1.0 1.0 1.0 1.0 1.0 1.0 1.0 1.0 1.0 1.0 1.0 1.0 1.0 1.0 1.0 1.0 1.0 1.0 1.0 1.0 1.0 1.0 1.0 1.0 1.0 1.0 1.0 1.0 1.0 1.0 1.0 
[CR,T5BANAGREXP,E3_BAN,*,*]:
2018 2019 2020 2021 2022 2023 2024 2025 2026 2027 2028 2029 2030 2031 2032 2033 2034 2035 2036 2037 2038 2039 2040 2041 2042 2043 2044 2045 2046 2047 2048 2049 2050 :=
1 1.0 1.0 1.0 1.0 1.0 1.0 1.0 1.0 1.0 1.0 1.0 1.0 1.0 1.0 1.0 1.0 1.0 1.0 1.0 1.0 1.0 1.0 1.0 1.0 1.0 1.0 1.0 1.0 1.0 1.0 1.0 1.0 1.0 
[CR,GANLEC,E3_HRDLEC,*,*]:
2018 2019 2020 2021 2022 2023 2024 2025 2026 2027 2028 2029 2030 2031 2032 2033 2034 2035 2036 2037 2038 2039 2040 2041 2042 2043 2044 2045 2046 2047 2048 2049 2050 :=
1 1.0 1.0 1.0 1.0 1.0 1.0 1.0 1.0 1.0 1.0 1.0 1.0 1.0 1.0 1.0 1.0 1.0 1.0 1.0 1.0 1.0 1.0 1.0 1.0 1.0 1.0 1.0 1.0 1.0 1.0 1.0 1.0 1.0 
[CR,T5MOLAGREXP,E3_MOL,*,*]:
2018 2019 2020 2021 2022 2023 2024 2025 2026 2027 2028 2029 2030 2031 2032 2033 2034 2035 2036 2037 2038 2039 2040 2041 2042 2043 2044 2045 2046 2047 2048 2049 2050 :=
1 1.0 1.0 1.0 1.0 1.0 1.0 1.0 1.0 1.0 1.0 1.0 1.0 1.0 1.0 1.0 1.0 1.0 1.0 1.0 1.0 1.0 1.0 1.0 1.0 1.0 1.0 1.0 1.0 1.0 1.0 1.0 1.0 1.0 
[CR,LNDFOR,E1_LND,*,*]:
2018 2019 2020 2021 2022 2023 2024 2025 2026 2027 2028 2029 2030 2031 2032 2033 2034 2035 2036 2037 2038 2039 2040 2041 2042 2043 2044 2045 2046 2047 2048 2049 2050 :=
1 1.0 1.0 1.0 1.0 1.0 1.0 1.0 1.0 1.0 1.0 1.0 1.0 1.0 1.0 1.0 1.0 1.0 1.0 1.0 1.0 1.0 1.0 1.0 1.0 1.0 1.0 1.0 1.0 1.0 1.0 1.0 1.0 1.0 
[CR,T5CARGANEXP,E3_CAR,*,*]:
2018 2019 2020 2021 2022 2023 2024 2025 2026 2027 2028 2029 2030 2031 2032 2033 2034 2035 2036 2037 2038 2039 2040 2041 2042 2043 2044 2045 2046 2047 2048 2049 2050 :=
1 1.0 1.0 1.0 1.0 1.0 1.0 1.0 1.0 1.0 1.0 1.0 1.0 1.0 1.0 1.0 1.0 1.0 1.0 1.0 1.0 1.0 1.0 1.0 1.0 1.0 1.0 1.0 1.0 1.0 1.0 1.0 1.0 1.0 
[CR,T5DRYSECFORCOV,E2_FOR,*,*]:
2018 2019 2020 2021 2022 2023 2024 2025 2026 2027 2028 2029 2030 2031 2032 2033 2034 2035 2036 2037 2038 2039 2040 2041 2042 2043 2044 2045 2046 2047 2048 2049 2050 :=
1 1.0 1.0 1.0 1.0 1.0 1.0 1.0 1.0 1.0 1.0 1.0 1.0 1.0 1.0 1.0 1.0 1.0 1.0 1.0 1.0 1.0 1.0 1.0 1.0 1.0 1.0 1.0 1.0 1.0 1.0 1.0 1.0 1.0 
[CR,PROSUG,E3_SGC,*,*]:
2018 2019 2020 2021 2022 2023 2024 2025 2026 2027 2028 2029 2030 2031 2032 2033 2034 2035 2036 2037 2038 2039 2040 2041 2042 2043 2044 2045 2046 2047 2048 2049 2050 :=
1 1.0 1.0 1.0 1.0 1.0 1.0 1.0 1.0 1.0 1.0 1.0 1.0 1.0 1.0 1.0 1.0 1.0 1.0 1.0 1.0 1.0 1.0 1.0 1.0 1.0 1.0 1.0 1.0 1.0 1.0 1.0 1.0 1.0 
[CR,T5WETCOV,E1_LND,*,*]:
2018 2019 2020 2021 2022 2023 2024 2025 2026 2027 2028 2029 2030 2031 2032 2033 2034 2035 2036 2037 2038 2039 2040 2041 2042 2043 2044 2045 2046 2047 2048 2049 2050 :=
1 1.0 1.0 1.0 1.0 1.0 1.0 1.0 1.0 1.0 1.0 1.0 1.0 1.0 1.0 1.0 1.0 1.0 1.0 1.0 1.0 1.0 1.0 1.0 1.0 1.0 1.0 1.0 1.0 1.0 1.0 1.0 1.0 1.0 
[CR,AGROTG,E2_CRP,*,*]:
2018 2019 2020 2021 2022 2023 2024 2025 2026 2027 2028 2029 2030 2031 2032 2033 2034 2035 2036 2037 2038 2039 2040 2041 2042 2043 2044 2045 2046 2047 2048 2049 2050 :=
1 1.0 1.0 1.0 1.0 1.0 1.0 1.0 1.0 1.0 1.0 1.0 1.0 1.0 1.0 1.0 1.0 1.0 1.0 1.0 1.0 1.0 1.0 1.0 1.0 1.0 1.0 1.0 1.0 1.0 1.0 1.0 1.0 1.0 
[CR,AGRCAF,E2_CRP,*,*]:
2018 2019 2020 2021 2022 2023 2024 2025 2026 2027 2028 2029 2030 2031 2032 2033 2034 2035 2036 2037 2038 2039 2040 2041 2042 2043 2044 2045 2046 2047 2048 2049 2050 :=
1 1.0 1.0 1.0 1.0 1.0 1.0 1.0 1.0 1.0 1.0 1.0 1.0 1.0 1.0 1.0 1.0 1.0 1.0 1.0 1.0 1.0 1.0 1.0 1.0 1.0 1.0 1.0 1.0 1.0 1.0 1.0 1.0 1.0 
[CR,T5PINAGR,E3_PIN,*,*]:
2018 2019 2020 2021 2022 2023 2024 2025 2026 2027 2028 2029 2030 2031 2032 2033 2034 2035 2036 2037 2038 2039 2040 2041 2042 2043 2044 2045 2046 2047 2048 2049 2050 :=
1 1.0 1.0 1.0 1.0 1.0 1.0 1.0 1.0 1.0 1.0 1.0 1.0 1.0 1.0 1.0 1.0 1.0 1.0 1.0 1.0 1.0 1.0 1.0 1.0 1.0 1.0 1.0 1.0 1.0 1.0 1.0 1.0 1.0 
;

param OperationalLife default 1 :
LNDRSC IMPRIC IMPBAN IMPCAF IMPSUG IMPMOL IMPPLM IMPPIN IMPORG IMPFRT IMPVEG IMPOTG IMPLEC IMPCAR IMPWOD PROPOR PROCHI BOSMANWETPRI BOSMANMSTPRI BOSMANDRYPRI BOSMANMGRPRI BOSMANPLMPRI BOSMANWETSEC BOSMANMSTSEC BOSMANDRYSEC BOSMANMGRSEC BOSMANPLMSEC DEFANTWETPRI DEFANTMSTPRI DEFANTDRYPRI DEFANTMGRPRI DEFANTPLMPRI DEFANTWETSEC DEFANTMSTSEC DEFANTDRYSEC DEFANTMGRSEC DEFANTPLMSEC DEFNONANTWETPRI DEFNONANTMSTPRI DEFNONANTDRYPRI DEFNONANTMGRPRI DEFNONANTPLMPRI DEFNONANTWETSEC DEFNONANTMSTSEC DEFNONANTDRYSEC DEFNONANTMGRSEC DEFNONANTPLMSEC CAMCRPWETSEC CAMCRPMSTSEC CAMCRPDRYSEC CAMCRPMGRSEC CAMCRPPLMSEC CAMPASWETSEC CAMPASMSTSEC CAMPASDRYSEC CAMPASMGRSEC CAMPASPLMSEC CAMOTLWETSEC CAMOTLMSTSEC CAMOTLDRYSEC CAMOTLMGRSEC CAMOTLPLMSEC NOSTCLND DEGFORWET DEGFORMST DEGFORDRY DEGFORMGR DEGFORPLM COPASFORWET COPASFORMST COPASFORDRY COPASFORPLM LNDFOR LNDAGR LNDGAN AGRSGC AGRRIC AGRBAN AGRCAF AGRPLM AGRPIN AGRORG AGRFRT AGRVEG AGROTG AGROTP AGRWOD PROSUG PROOIL HRDLEC HRDCAR HRDDOP GANLEC GANCAR GANDOP T5RICAGR T5BANAGR T5CAFAGR T5BAGAGR T5SUGAGR T5MOLAGR T5OILAGR T5PINAGR T5ORGAGR T5FRTAGR T5VEGAGR T5OTPAGR T5OTGAGR T5WODAGR T5LECGAN T5CARGAN T5PORGAN T5CHIGAN T5RICAGREXP T5BANAGREXP T5CAFAGREXP T5SUGAGREXP T5MOLAGREXP T5OILAGREXP T5PINAGREXP T5ORGAGREXP T5FRTAGREXP T5VEGAGREXP T5OTPAGREXP T5OTGAGREXP T5LECGANEXP T5CARGANEXP T5PORGANEXP T5CHIGANEXP T5WETCOV T5OTHCOV T5PASCOV T5NINCOV T5INFCOV T5MGRPRIFORCOV T5MGRSECFORCOV T5MSTPRIFORCOV T5MSTSECFORCOV T5PLMPRIFORCOV T5PLMSECFORCOV T5WETPRIFORCOV T5WETSECFORCOV T5DRYPRIFORCOV T5DRYSECFORCOV :=
CR 1 1 1 1 1 1 1 1 1 1 1 1 1 1 1 1 1 1 1 1 1 1 1 1 1 1 1 1 1 1 1 1 1 1 1 1 1 1 1 1 1 1 1 1 1 1 1 1 1 1 1 1 1 1 1 1 1 1 1 1 1 1 1 1 1 1 1 1 1 1 1 1 1 1 1 1 1 1 1 1 1 1 1 1 1 1 1 1 1 1 1 1 1 1 1 1 1 1 1 1 1 1 1 1 1 1 1 1 1 1 1 1 1 1 1 1 1 1 1 1 1 1 1 1 1 1 1 1 1 1 1 1 1 1 1 1 1 1 1 1 1 1 1 1 
;

param OutputActivityRatio default 0 :=
[CR,CAMOTLMGRSEC,E5OTLMGRSEC,*,*]:
2018 2019 2020 2021 2022 2023 2024 2025 2026 2027 2028 2029 2030 2031 2032 2033 2034 2035 2036 2037 2038 2039 2040 2041 2042 2043 2044 2045 2046 2047 2048 2049 2050 :=
1 1 1.0 1.0 1.0 1.0 1.0 1.0 1.0 1.0 1.0 1.0 1.0 1.0 1.0 1.0 1.0 1.0 1.0 1.0 1.0 1.0 1.0 1.0 1.0 1.0 1.0 1.0 1.0 1.0 1.0 1.0 1.0 1.0 
[CR,AGRPIN,E3_PIN,*,*]:
2018 2019 2020 2021 2022 2023 2024 2025 2026 2027 2028 2029 2030 2031 2032 2033 2034 2035 2036 2037 2038 2039 2040 2041 2042 2043 2044 2045 2046 2047 2048 2049 2050 :=
1 66.8672 70.0678 66.2035 73.4584 65.4658 73.4452 77.9523 77.9523 77.9523 77.9523 77.9523 77.9523 77.9523 77.9523 77.9523 77.9523 77.9523 77.9523 77.9523 77.9523 77.9523 77.9523 77.9523 77.9523 77.9523 77.9523 77.9523 77.9523 77.9523 77.9523 77.9523 77.9523 77.9523 
[CR,T5FRTAGREXP,E5AGREXPFRT,*,*]:
2018 2019 2020 2021 2022 2023 2024 2025 2026 2027 2028 2029 2030 2031 2032 2033 2034 2035 2036 2037 2038 2039 2040 2041 2042 2043 2044 2045 2046 2047 2048 2049 2050 :=
1 1 1.0 1.0 1.0 1.0 1.0 1.0 1.0 1.0 1.0 1.0 1.0 1.0 1.0 1.0 1.0 1.0 1.0 1.0 1.0 1.0 1.0 1.0 1.0 1.0 1.0 1.0 1.0 1.0 1.0 1.0 1.0 1.0 
[CR,BOSMANPLMPRI,E5BOSMANPLMPRI  ,*,*]:
2018 2019 2020 2021 2022 2023 2024 2025 2026 2027 2028 2029 2030 2031 2032 2033 2034 2035 2036 2037 2038 2039 2040 2041 2042 2043 2044 2045 2046 2047 2048 2049 2050 :=
1 1 1.0 1.0 1.0 1.0 1.0 1.0 1.0 1.0 1.0 1.0 1.0 1.0 1.0 1.0 1.0 1.0 1.0 1.0 1.0 1.0 1.0 1.0 1.0 1.0 1.0 1.0 1.0 1.0 1.0 1.0 1.0 1.0 
[CR,T5WODAGR,E5AGRWOD,*,*]:
2018 2019 2020 2021 2022 2023 2024 2025 2026 2027 2028 2029 2030 2031 2032 2033 2034 2035 2036 2037 2038 2039 2040 2041 2042 2043 2044 2045 2046 2047 2048 2049 2050 :=
1 1 1.0 1.0 1.0 1.0 1.0 1.0 1.0 1.0 1.0 1.0 1.0 1.0 1.0 1.0 1.0 1.0 1.0 1.0 1.0 1.0 1.0 1.0 1.0 1.0 1.0 1.0 1.0 1.0 1.0 1.0 1.0 1.0 
[CR,DEFANTMGRSEC,E5DEFANTMGRSEC  ,*,*]:
2018 2019 2020 2021 2022 2023 2024 2025 2026 2027 2028 2029 2030 2031 2032 2033 2034 2035 2036 2037 2038 2039 2040 2041 2042 2043 2044 2045 2046 2047 2048 2049 2050 :=
1 1 1.0 1.0 1.0 1.0 1.0 1.0 1.0 1.0 1.0 1.0 1.0 1.0 1.0 1.0 1.0 1.0 1.0 1.0 1.0 1.0 1.0 1.0 1.0 1.0 1.0 1.0 1.0 1.0 1.0 1.0 1.0 1.0 
[CR,T5CAFAGR,E5AGRCAF,*,*]:
2018 2019 2020 2021 2022 2023 2024 2025 2026 2027 2028 2029 2030 2031 2032 2033 2034 2035 2036 2037 2038 2039 2040 2041 2042 2043 2044 2045 2046 2047 2048 2049 2050 :=
1 1 1.0 1.0 1.0 1.0 1.0 1.0 1.0 1.0 1.0 1.0 1.0 1.0 1.0 1.0 1.0 1.0 1.0 1.0 1.0 1.0 1.0 1.0 1.0 1.0 1.0 1.0 1.0 1.0 1.0 1.0 1.0 1.0 
[CR,T5MSTPRIFORCOV,E5FORCOVMSTPRI,*,*]:
2018 2019 2020 2021 2022 2023 2024 2025 2026 2027 2028 2029 2030 2031 2032 2033 2034 2035 2036 2037 2038 2039 2040 2041 2042 2043 2044 2045 2046 2047 2048 2049 2050 :=
1 1 1.0 1.0 1.0 1.0 1.0 1.0 1.0 1.0 1.0 1.0 1.0 1.0 1.0 1.0 1.0 1.0 1.0 1.0 1.0 1.0 1.0 1.0 1.0 1.0 1.0 1.0 1.0 1.0 1.0 1.0 1.0 1.0 
[CR,LNDRSC,E1_LND,*,*]:
2018 2019 2020 2021 2022 2023 2024 2025 2026 2027 2028 2029 2030 2031 2032 2033 2034 2035 2036 2037 2038 2039 2040 2041 2042 2043 2044 2045 2046 2047 2048 2049 2050 :=
1 1 1.0 1.0 1.0 1.0 1.0 1.0 1.0 1.0 1.0 1.0 1.0 1.0 1.0 1.0 1.0 1.0 1.0 1.0 1.0 1.0 1.0 1.0 1.0 1.0 1.0 1.0 1.0 1.0 1.0 1.0 1.0 1.0 
[CR,T5WETSECFORCOV,E5FORCOVWETSEC,*,*]:
2018 2019 2020 2021 2022 2023 2024 2025 2026 2027 2028 2029 2030 2031 2032 2033 2034 2035 2036 2037 2038 2039 2040 2041 2042 2043 2044 2045 2046 2047 2048 2049 2050 :=
1 1 1.0 1.0 1.0 1.0 1.0 1.0 1.0 1.0 1.0 1.0 1.0 1.0 1.0 1.0 1.0 1.0 1.0 1.0 1.0 1.0 1.0 1.0 1.0 1.0 1.0 1.0 1.0 1.0 1.0 1.0 1.0 1.0 
[CR,T5CARGAN,E5GANCAR,*,*]:
2018 2019 2020 2021 2022 2023 2024 2025 2026 2027 2028 2029 2030 2031 2032 2033 2034 2035 2036 2037 2038 2039 2040 2041 2042 2043 2044 2045 2046 2047 2048 2049 2050 :=
1 1 1.0 1.0 1.0 1.0 1.0 1.0 1.0 1.0 1.0 1.0 1.0 1.0 1.0 1.0 1.0 1.0 1.0 1.0 1.0 1.0 1.0 1.0 1.0 1.0 1.0 1.0 1.0 1.0 1.0 1.0 1.0 1.0 
[CR,DEFNONANTMSTPRI,E5DEFNONANTMSTPRI  ,*,*]:
2018 2019 2020 2021 2022 2023 2024 2025 2026 2027 2028 2029 2030 2031 2032 2033 2034 2035 2036 2037 2038 2039 2040 2041 2042 2043 2044 2045 2046 2047 2048 2049 2050 :=
1 1 1.0 1.0 1.0 1.0 1.0 1.0 1.0 1.0 1.0 1.0 1.0 1.0 1.0 1.0 1.0 1.0 1.0 1.0 1.0 1.0 1.0 1.0 1.0 1.0 1.0 1.0 1.0 1.0 1.0 1.0 1.0 1.0 
[CR,AGROTP,E3_OTP,*,*]:
2018 2019 2020 2021 2022 2023 2024 2025 2026 2027 2028 2029 2030 2031 2032 2033 2034 2035 2036 2037 2038 2039 2040 2041 2042 2043 2044 2045 2046 2047 2048 2049 2050 :=
1 1.0 1.0 1.0 1.0 1.0 1.0 1.0 1.0 1.0 1.0 1.0 1.0 1.0 1.0 1.0 1.0 1.0 1.0 1.0 1.0 1.0 1.0 1.0 1.0 1.0 1.0 1.0 1.0 1.0 1.0 1.0 1.0 1.0 
[CR,AGRFRT,E3_FRT,*,*]:
2018 2019 2020 2021 2022 2023 2024 2025 2026 2027 2028 2029 2030 2031 2032 2033 2034 2035 2036 2037 2038 2039 2040 2041 2042 2043 2044 2045 2046 2047 2048 2049 2050 :=
1 36.4998 38.2823 27.2293 27.8242 27.313 28.8859 24.8549 24.8549 24.8549 24.8549 24.8549 24.8549 24.8549 24.8549 24.8549 24.8549 24.8549 24.8549 24.8549 24.8549 24.8549 24.8549 24.8549 24.8549 24.8549 24.8549 24.8549 24.8549 24.8549 24.8549 24.8549 24.8549 24.8549 
[CR,IMPBAN,E3_BAN,*,*]:
2018 2019 2020 2021 2022 2023 2024 2025 2026 2027 2028 2029 2030 2031 2032 2033 2034 2035 2036 2037 2038 2039 2040 2041 2042 2043 2044 2045 2046 2047 2048 2049 2050 :=
1 1 1.0 1.0 1.0 1.0 1.0 1.0 1.0 1.0 1.0 1.0 1.0 1.0 1.0 1.0 1.0 1.0 1.0 1.0 1.0 1.0 1.0 1.0 1.0 1.0 1.0 1.0 1.0 1.0 1.0 1.0 1.0 1.0 
[CR,T5BANAGREXP,E5AGREXPBAN,*,*]:
2018 2019 2020 2021 2022 2023 2024 2025 2026 2027 2028 2029 2030 2031 2032 2033 2034 2035 2036 2037 2038 2039 2040 2041 2042 2043 2044 2045 2046 2047 2048 2049 2050 :=
1 1 1.0 1.0 1.0 1.0 1.0 1.0 1.0 1.0 1.0 1.0 1.0 1.0 1.0 1.0 1.0 1.0 1.0 1.0 1.0 1.0 1.0 1.0 1.0 1.0 1.0 1.0 1.0 1.0 1.0 1.0 1.0 1.0 
[CR,AGRRIC,E3_RIC,*,*]:
2018 2019 2020 2021 2022 2023 2024 2025 2026 2027 2028 2029 2030 2031 2032 2033 2034 2035 2036 2037 2038 2039 2040 2041 2042 2043 2044 2045 2046 2047 2048 2049 2050 :=
1 4.1131 4.559 4.5564 4.5812 4.3842 5.131 4.3558 4.3558 4.3558 4.3558 4.3558 4.3558 4.3558 4.3558 4.3558 4.3558 4.3558 4.3558 4.3558 4.3558 4.3558 4.3558 4.3558 4.3558 4.3558 4.3558 4.3558 4.3558 4.3558 4.3558 4.3558 4.3558 4.3558 
[CR,T5SUGAGREXP,E5AGREXPSUG,*,*]:
2018 2019 2020 2021 2022 2023 2024 2025 2026 2027 2028 2029 2030 2031 2032 2033 2034 2035 2036 2037 2038 2039 2040 2041 2042 2043 2044 2045 2046 2047 2048 2049 2050 :=
1 1 1.0 1.0 1.0 1.0 1.0 1.0 1.0 1.0 1.0 1.0 1.0 1.0 1.0 1.0 1.0 1.0 1.0 1.0 1.0 1.0 1.0 1.0 1.0 1.0 1.0 1.0 1.0 1.0 1.0 1.0 1.0 1.0 
[CR,CAMPASWETSEC,E5PASWETSEC,*,*]:
2018 2019 2020 2021 2022 2023 2024 2025 2026 2027 2028 2029 2030 2031 2032 2033 2034 2035 2036 2037 2038 2039 2040 2041 2042 2043 2044 2045 2046 2047 2048 2049 2050 :=
1 1 1.0 1.0 1.0 1.0 1.0 1.0 1.0 1.0 1.0 1.0 1.0 1.0 1.0 1.0 1.0 1.0 1.0 1.0 1.0 1.0 1.0 1.0 1.0 1.0 1.0 1.0 1.0 1.0 1.0 1.0 1.0 1.0 
[CR,AGRSGC,E3_SGC,*,*]:
2018 2019 2020 2021 2022 2023 2024 2025 2026 2027 2028 2029 2030 2031 2032 2033 2034 2035 2036 2037 2038 2039 2040 2041 2042 2043 2044 2045 2046 2047 2048 2049 2050 :=
1 67.6 64.3 65.3 65.9 65.1 58.1 71.0 71.0 71.0 71.0 71.0 71.0 71.0 71.0 71.0 71.0 71.0 71.0 71.0 71.0 71.0 71.0 71.0 71.0 71.0 71.0 71.0 71.0 71.0 71.0 71.0 71.0 71.0 
[CR,T5CHIGANEXP,E5GANEXPCHI,*,*]:
2018 2019 2020 2021 2022 2023 2024 2025 2026 2027 2028 2029 2030 2031 2032 2033 2034 2035 2036 2037 2038 2039 2040 2041 2042 2043 2044 2045 2046 2047 2048 2049 2050 :=
1 1 1.0 1.0 1.0 1.0 1.0 1.0 1.0 1.0 1.0 1.0 1.0 1.0 1.0 1.0 1.0 1.0 1.0 1.0 1.0 1.0 1.0 1.0 1.0 1.0 1.0 1.0 1.0 1.0 1.0 1.0 1.0 1.0 
[CR,T5MGRPRIFORCOV,E5FORCOVMGRPRI,*,*]:
2018 2019 2020 2021 2022 2023 2024 2025 2026 2027 2028 2029 2030 2031 2032 2033 2034 2035 2036 2037 2038 2039 2040 2041 2042 2043 2044 2045 2046 2047 2048 2049 2050 :=
1 1 1.0 1.0 1.0 1.0 1.0 1.0 1.0 1.0 1.0 1.0 1.0 1.0 1.0 1.0 1.0 1.0 1.0 1.0 1.0 1.0 1.0 1.0 1.0 1.0 1.0 1.0 1.0 1.0 1.0 1.0 1.0 1.0 
[CR,CAMCRPWETSEC,E5CRPWETSEC,*,*]:
2018 2019 2020 2021 2022 2023 2024 2025 2026 2027 2028 2029 2030 2031 2032 2033 2034 2035 2036 2037 2038 2039 2040 2041 2042 2043 2044 2045 2046 2047 2048 2049 2050 :=
1 1 1.0 1.0 1.0 1.0 1.0 1.0 1.0 1.0 1.0 1.0 1.0 1.0 1.0 1.0 1.0 1.0 1.0 1.0 1.0 1.0 1.0 1.0 1.0 1.0 1.0 1.0 1.0 1.0 1.0 1.0 1.0 1.0 
[CR,T5FRTAGR,E5AGRFRT,*,*]:
2018 2019 2020 2021 2022 2023 2024 2025 2026 2027 2028 2029 2030 2031 2032 2033 2034 2035 2036 2037 2038 2039 2040 2041 2042 2043 2044 2045 2046 2047 2048 2049 2050 :=
1 1 1.0 1.0 1.0 1.0 1.0 1.0 1.0 1.0 1.0 1.0 1.0 1.0 1.0 1.0 1.0 1.0 1.0 1.0 1.0 1.0 1.0 1.0 1.0 1.0 1.0 1.0 1.0 1.0 1.0 1.0 1.0 1.0 
[CR,T5BANAGR,E5AGRBAN,*,*]:
2018 2019 2020 2021 2022 2023 2024 2025 2026 2027 2028 2029 2030 2031 2032 2033 2034 2035 2036 2037 2038 2039 2040 2041 2042 2043 2044 2045 2046 2047 2048 2049 2050 :=
1 1 1.0 1.0 1.0 1.0 1.0 1.0 1.0 1.0 1.0 1.0 1.0 1.0 1.0 1.0 1.0 1.0 1.0 1.0 1.0 1.0 1.0 1.0 1.0 1.0 1.0 1.0 1.0 1.0 1.0 1.0 1.0 1.0 
[CR,DEFANTPLMSEC,E5DEFANTPLMSEC,*,*]:
2018 2019 2020 2021 2022 2023 2024 2025 2026 2027 2028 2029 2030 2031 2032 2033 2034 2035 2036 2037 2038 2039 2040 2041 2042 2043 2044 2045 2046 2047 2048 2049 2050 :=
1 1 1.0 1.0 1.0 1.0 1.0 1.0 1.0 1.0 1.0 1.0 1.0 1.0 1.0 1.0 1.0 1.0 1.0 1.0 1.0 1.0 1.0 1.0 1.0 1.0 1.0 1.0 1.0 1.0 1.0 1.0 1.0 1.0 
[CR,T5ORGAGREXP,E5AGREXPORG,*,*]:
2018 2019 2020 2021 2022 2023 2024 2025 2026 2027 2028 2029 2030 2031 2032 2033 2034 2035 2036 2037 2038 2039 2040 2041 2042 2043 2044 2045 2046 2047 2048 2049 2050 :=
1 1 1.0 1.0 1.0 1.0 1.0 1.0 1.0 1.0 1.0 1.0 1.0 1.0 1.0 1.0 1.0 1.0 1.0 1.0 1.0 1.0 1.0 1.0 1.0 1.0 1.0 1.0 1.0 1.0 1.0 1.0 1.0 1.0 
[CR,T5CARGANEXP,E5GANEXPCAR,*,*]:
2018 2019 2020 2021 2022 2023 2024 2025 2026 2027 2028 2029 2030 2031 2032 2033 2034 2035 2036 2037 2038 2039 2040 2041 2042 2043 2044 2045 2046 2047 2048 2049 2050 :=
1 1 1.0 1.0 1.0 1.0 1.0 1.0 1.0 1.0 1.0 1.0 1.0 1.0 1.0 1.0 1.0 1.0 1.0 1.0 1.0 1.0 1.0 1.0 1.0 1.0 1.0 1.0 1.0 1.0 1.0 1.0 1.0 1.0 
[CR,AGRWOD,E3_WOD,*,*]:
2018 2019 2020 2021 2022 2023 2024 2025 2026 2027 2028 2029 2030 2031 2032 2033 2034 2035 2036 2037 2038 2039 2040 2041 2042 2043 2044 2045 2046 2047 2048 2049 2050 :=
1 1.0 1.0 1.0 1.0 1.0 1.0 1.0 1.0 1.0 1.0 1.0 1.0 1.0 1.0 1.0 1.0 1.0 1.0 1.0 1.0 1.0 1.0 1.0 1.0 1.0 1.0 1.0 1.0 1.0 1.0 1.0 1.0 1.0 
[CR,DEFNONANTDRYSEC,E5DEFNONANTDRYSEC  ,*,*]:
2018 2019 2020 2021 2022 2023 2024 2025 2026 2027 2028 2029 2030 2031 2032 2033 2034 2035 2036 2037 2038 2039 2040 2041 2042 2043 2044 2045 2046 2047 2048 2049 2050 :=
1 1 1.0 1.0 1.0 1.0 1.0 1.0 1.0 1.0 1.0 1.0 1.0 1.0 1.0 1.0 1.0 1.0 1.0 1.0 1.0 1.0 1.0 1.0 1.0 1.0 1.0 1.0 1.0 1.0 1.0 1.0 1.0 1.0 
[CR,DEFANTMSTPRI,E5DEFANTMSTPRI  ,*,*]:
2018 2019 2020 2021 2022 2023 2024 2025 2026 2027 2028 2029 2030 2031 2032 2033 2034 2035 2036 2037 2038 2039 2040 2041 2042 2043 2044 2045 2046 2047 2048 2049 2050 :=
1 1 1.0 1.0 1.0 1.0 1.0 1.0 1.0 1.0 1.0 1.0 1.0 1.0 1.0 1.0 1.0 1.0 1.0 1.0 1.0 1.0 1.0 1.0 1.0 1.0 1.0 1.0 1.0 1.0 1.0 1.0 1.0 1.0 
[CR,DEGFORWET,E5DEGWET,*,*]:
2018 2019 2020 2021 2022 2023 2024 2025 2026 2027 2028 2029 2030 2031 2032 2033 2034 2035 2036 2037 2038 2039 2040 2041 2042 2043 2044 2045 2046 2047 2048 2049 2050 :=
1 1 1.0 1.0 1.0 1.0 1.0 1.0 1.0 1.0 1.0 1.0 1.0 1.0 1.0 1.0 1.0 1.0 1.0 1.0 1.0 1.0 1.0 1.0 1.0 1.0 1.0 1.0 1.0 1.0 1.0 1.0 1.0 1.0 
[CR,T5OTPAGREXP,E5AGREXPOTP,*,*]:
2018 2019 2020 2021 2022 2023 2024 2025 2026 2027 2028 2029 2030 2031 2032 2033 2034 2035 2036 2037 2038 2039 2040 2041 2042 2043 2044 2045 2046 2047 2048 2049 2050 :=
1 1 1.0 1.0 1.0 1.0 1.0 1.0 1.0 1.0 1.0 1.0 1.0 1.0 1.0 1.0 1.0 1.0 1.0 1.0 1.0 1.0 1.0 1.0 1.0 1.0 1.0 1.0 1.0 1.0 1.0 1.0 1.0 1.0 
[CR,T5PORGANEXP,E5GANEXPPOR,*,*]:
2018 2019 2020 2021 2022 2023 2024 2025 2026 2027 2028 2029 2030 2031 2032 2033 2034 2035 2036 2037 2038 2039 2040 2041 2042 2043 2044 2045 2046 2047 2048 2049 2050 :=
1 1 1.0 1.0 1.0 1.0 1.0 1.0 1.0 1.0 1.0 1.0 1.0 1.0 1.0 1.0 1.0 1.0 1.0 1.0 1.0 1.0 1.0 1.0 1.0 1.0 1.0 1.0 1.0 1.0 1.0 1.0 1.0 1.0 
[CR,COPASFORPLM,E5COPASPLM,*,*]:
2018 2019 2020 2021 2022 2023 2024 2025 2026 2027 2028 2029 2030 2031 2032 2033 2034 2035 2036 2037 2038 2039 2040 2041 2042 2043 2044 2045 2046 2047 2048 2049 2050 :=
1 1 1.0 1.0 1.0 1.0 1.0 1.0 1.0 1.0 1.0 1.0 1.0 1.0 1.0 1.0 1.0 1.0 1.0 1.0 1.0 1.0 1.0 1.0 1.0 1.0 1.0 1.0 1.0 1.0 1.0 1.0 1.0 1.0 
[CR,BOSMANMGRSEC,E5BOSMANMGRSEC  ,*,*]:
2018 2019 2020 2021 2022 2023 2024 2025 2026 2027 2028 2029 2030 2031 2032 2033 2034 2035 2036 2037 2038 2039 2040 2041 2042 2043 2044 2045 2046 2047 2048 2049 2050 :=
1 1 1.0 1.0 1.0 1.0 1.0 1.0 1.0 1.0 1.0 1.0 1.0 1.0 1.0 1.0 1.0 1.0 1.0 1.0 1.0 1.0 1.0 1.0 1.0 1.0 1.0 1.0 1.0 1.0 1.0 1.0 1.0 1.0 
[CR,DEFNONANTMGRSEC,E5DEFNONANTMGRSEC  ,*,*]:
2018 2019 2020 2021 2022 2023 2024 2025 2026 2027 2028 2029 2030 2031 2032 2033 2034 2035 2036 2037 2038 2039 2040 2041 2042 2043 2044 2045 2046 2047 2048 2049 2050 :=
1 1 1.0 1.0 1.0 1.0 1.0 1.0 1.0 1.0 1.0 1.0 1.0 1.0 1.0 1.0 1.0 1.0 1.0 1.0 1.0 1.0 1.0 1.0 1.0 1.0 1.0 1.0 1.0 1.0 1.0 1.0 1.0 1.0 
[CR,LNDFOR,E2_FOR,*,*]:
2018 2019 2020 2021 2022 2023 2024 2025 2026 2027 2028 2029 2030 2031 2032 2033 2034 2035 2036 2037 2038 2039 2040 2041 2042 2043 2044 2045 2046 2047 2048 2049 2050 :=
1 1.0 1.0 1.0 1.0 1.0 1.0 1.0 1.0 1.0 1.0 1.0 1.0 1.0 1.0 1.0 1.0 1.0 1.0 1.0 1.0 1.0 1.0 1.0 1.0 1.0 1.0 1.0 1.0 1.0 1.0 1.0 1.0 1.0 
[CR,CAMCRPMSTSEC,E5CRPMSTSEC,*,*]:
2018 2019 2020 2021 2022 2023 2024 2025 2026 2027 2028 2029 2030 2031 2032 2033 2034 2035 2036 2037 2038 2039 2040 2041 2042 2043 2044 2045 2046 2047 2048 2049 2050 :=
1 1 1.0 1.0 1.0 1.0 1.0 1.0 1.0 1.0 1.0 1.0 1.0 1.0 1.0 1.0 1.0 1.0 1.0 1.0 1.0 1.0 1.0 1.0 1.0 1.0 1.0 1.0 1.0 1.0 1.0 1.0 1.0 1.0 
[CR,BOSMANMSTPRI,E5BOSMANMSTPRI  ,*,*]:
2018 2019 2020 2021 2022 2023 2024 2025 2026 2027 2028 2029 2030 2031 2032 2033 2034 2035 2036 2037 2038 2039 2040 2041 2042 2043 2044 2045 2046 2047 2048 2049 2050 :=
1 1 1.0 1.0 1.0 1.0 1.0 1.0 1.0 1.0 1.0 1.0 1.0 1.0 1.0 1.0 1.0 1.0 1.0 1.0 1.0 1.0 1.0 1.0 1.0 1.0 1.0 1.0 1.0 1.0 1.0 1.0 1.0 1.0 
[CR,GANLEC,E3_LEC,*,*]:
2018 2019 2020 2021 2022 2023 2024 2025 2026 2027 2028 2029 2030 2031 2032 2033 2034 2035 2036 2037 2038 2039 2040 2041 2042 2043 2044 2045 2046 2047 2048 2049 2050 :=
1 1.93 1.98 2.26 2.02 2.09 1.98 1.91 1.84 1.77 1.7 1.64 1.58 1.52 1.47 1.41 1.36 1.31 1.26 1.22 1.17 1.13 1.09 1.05 1.01 0.98 0.94 0.91 0.87 0.84 0.81 0.78 0.75 0.72 
[CR,T5LECGAN,E5GANLEC,*,*]:
2018 2019 2020 2021 2022 2023 2024 2025 2026 2027 2028 2029 2030 2031 2032 2033 2034 2035 2036 2037 2038 2039 2040 2041 2042 2043 2044 2045 2046 2047 2048 2049 2050 :=
1 1 1.0 1.0 1.0 1.0 1.0 1.0 1.0 1.0 1.0 1.0 1.0 1.0 1.0 1.0 1.0 1.0 1.0 1.0 1.0 1.0 1.0 1.0 1.0 1.0 1.0 1.0 1.0 1.0 1.0 1.0 1.0 1.0 
[CR,T5OTGAGREXP,E5AGREXPOTG,*,*]:
2018 2019 2020 2021 2022 2023 2024 2025 2026 2027 2028 2029 2030 2031 2032 2033 2034 2035 2036 2037 2038 2039 2040 2041 2042 2043 2044 2045 2046 2047 2048 2049 2050 :=
1 1 1.0 1.0 1.0 1.0 1.0 1.0 1.0 1.0 1.0 1.0 1.0 1.0 1.0 1.0 1.0 1.0 1.0 1.0 1.0 1.0 1.0 1.0 1.0 1.0 1.0 1.0 1.0 1.0 1.0 1.0 1.0 1.0 
[CR,T5RICAGR,E5AGRRIC,*,*]:
2018 2019 2020 2021 2022 2023 2024 2025 2026 2027 2028 2029 2030 2031 2032 2033 2034 2035 2036 2037 2038 2039 2040 2041 2042 2043 2044 2045 2046 2047 2048 2049 2050 :=
1 1 1.0 1.0 1.0 1.0 1.0 1.0 1.0 1.0 1.0 1.0 1.0 1.0 1.0 1.0 1.0 1.0 1.0 1.0 1.0 1.0 1.0 1.0 1.0 1.0 1.0 1.0 1.0 1.0 1.0 1.0 1.0 1.0 
[CR,IMPORG,E3_ORG,*,*]:
2018 2019 2020 2021 2022 2023 2024 2025 2026 2027 2028 2029 2030 2031 2032 2033 2034 2035 2036 2037 2038 2039 2040 2041 2042 2043 2044 2045 2046 2047 2048 2049 2050 :=
1 1 1.0 1.0 1.0 1.0 1.0 1.0 1.0 1.0 1.0 1.0 1.0 1.0 1.0 1.0 1.0 1.0 1.0 1.0 1.0 1.0 1.0 1.0 1.0 1.0 1.0 1.0 1.0 1.0 1.0 1.0 1.0 1.0 
[CR,DEFNONANTMGRPRI,E5DEFNONANTMGRPRI  ,*,*]:
2018 2019 2020 2021 2022 2023 2024 2025 2026 2027 2028 2029 2030 2031 2032 2033 2034 2035 2036 2037 2038 2039 2040 2041 2042 2043 2044 2045 2046 2047 2048 2049 2050 :=
1 1 1.0 1.0 1.0 1.0 1.0 1.0 1.0 1.0 1.0 1.0 1.0 1.0 1.0 1.0 1.0 1.0 1.0 1.0 1.0 1.0 1.0 1.0 1.0 1.0 1.0 1.0 1.0 1.0 1.0 1.0 1.0 1.0 
[CR,DEGFORMGR,E5DEGMGR,*,*]:
2018 2019 2020 2021 2022 2023 2024 2025 2026 2027 2028 2029 2030 2031 2032 2033 2034 2035 2036 2037 2038 2039 2040 2041 2042 2043 2044 2045 2046 2047 2048 2049 2050 :=
1 1 1.0 1.0 1.0 1.0 1.0 1.0 1.0 1.0 1.0 1.0 1.0 1.0 1.0 1.0 1.0 1.0 1.0 1.0 1.0 1.0 1.0 1.0 1.0 1.0 1.0 1.0 1.0 1.0 1.0 1.0 1.0 1.0 
[CR,IMPRIC,E3_RIC,*,*]:
2018 2019 2020 2021 2022 2023 2024 2025 2026 2027 2028 2029 2030 2031 2032 2033 2034 2035 2036 2037 2038 2039 2040 2041 2042 2043 2044 2045 2046 2047 2048 2049 2050 :=
1 1 1.0 1.0 1.0 1.0 1.0 1.0 1.0 1.0 1.0 1.0 1.0 1.0 1.0 1.0 1.0 1.0 1.0 1.0 1.0 1.0 1.0 1.0 1.0 1.0 1.0 1.0 1.0 1.0 1.0 1.0 1.0 1.0 
[CR,BOSMANDRYSEC,E5BOSMANDRYSEC  ,*,*]:
2018 2019 2020 2021 2022 2023 2024 2025 2026 2027 2028 2029 2030 2031 2032 2033 2034 2035 2036 2037 2038 2039 2040 2041 2042 2043 2044 2045 2046 2047 2048 2049 2050 :=
1 1 1.0 1.0 1.0 1.0 1.0 1.0 1.0 1.0 1.0 1.0 1.0 1.0 1.0 1.0 1.0 1.0 1.0 1.0 1.0 1.0 1.0 1.0 1.0 1.0 1.0 1.0 1.0 1.0 1.0 1.0 1.0 1.0 
[CR,T5PINAGR,E5AGRPIN,*,*]:
2018 2019 2020 2021 2022 2023 2024 2025 2026 2027 2028 2029 2030 2031 2032 2033 2034 2035 2036 2037 2038 2039 2040 2041 2042 2043 2044 2045 2046 2047 2048 2049 2050 :=
1 1 1.0 1.0 1.0 1.0 1.0 1.0 1.0 1.0 1.0 1.0 1.0 1.0 1.0 1.0 1.0 1.0 1.0 1.0 1.0 1.0 1.0 1.0 1.0 1.0 1.0 1.0 1.0 1.0 1.0 1.0 1.0 1.0 
[CR,BOSMANPLMSEC,E5BOSMANPLMSEC,*,*]:
2018 2019 2020 2021 2022 2023 2024 2025 2026 2027 2028 2029 2030 2031 2032 2033 2034 2035 2036 2037 2038 2039 2040 2041 2042 2043 2044 2045 2046 2047 2048 2049 2050 :=
1 1 1.0 1.0 1.0 1.0 1.0 1.0 1.0 1.0 1.0 1.0 1.0 1.0 1.0 1.0 1.0 1.0 1.0 1.0 1.0 1.0 1.0 1.0 1.0 1.0 1.0 1.0 1.0 1.0 1.0 1.0 1.0 1.0 
[CR,DEFNONANTPLMPRI,E5DEFNONANTPLMPRI  ,*,*]:
2018 2019 2020 2021 2022 2023 2024 2025 2026 2027 2028 2029 2030 2031 2032 2033 2034 2035 2036 2037 2038 2039 2040 2041 2042 2043 2044 2045 2046 2047 2048 2049 2050 :=
1 1 1.0 1.0 1.0 1.0 1.0 1.0 1.0 1.0 1.0 1.0 1.0 1.0 1.0 1.0 1.0 1.0 1.0 1.0 1.0 1.0 1.0 1.0 1.0 1.0 1.0 1.0 1.0 1.0 1.0 1.0 1.0 1.0 
[CR,NOSTCLND,E5NOSTCLND,*,*]:
2018 2019 2020 2021 2022 2023 2024 2025 2026 2027 2028 2029 2030 2031 2032 2033 2034 2035 2036 2037 2038 2039 2040 2041 2042 2043 2044 2045 2046 2047 2048 2049 2050 :=
1 1 1.0 1.0 1.0 1.0 1.0 1.0 1.0 1.0 1.0 1.0 1.0 1.0 1.0 1.0 1.0 1.0 1.0 1.0 1.0 1.0 1.0 1.0 1.0 1.0 1.0 1.0 1.0 1.0 1.0 1.0 1.0 1.0 
[CR,CAMOTLPLMSEC,E5OTLPLMSEC,*,*]:
2018 2019 2020 2021 2022 2023 2024 2025 2026 2027 2028 2029 2030 2031 2032 2033 2034 2035 2036 2037 2038 2039 2040 2041 2042 2043 2044 2045 2046 2047 2048 2049 2050 :=
1 1 1.0 1.0 1.0 1.0 1.0 1.0 1.0 1.0 1.0 1.0 1.0 1.0 1.0 1.0 1.0 1.0 1.0 1.0 1.0 1.0 1.0 1.0 1.0 1.0 1.0 1.0 1.0 1.0 1.0 1.0 1.0 1.0 
[CR,IMPVEG,E3_VEG,*,*]:
2018 2019 2020 2021 2022 2023 2024 2025 2026 2027 2028 2029 2030 2031 2032 2033 2034 2035 2036 2037 2038 2039 2040 2041 2042 2043 2044 2045 2046 2047 2048 2049 2050 :=
1 1 1.0 1.0 1.0 1.0 1.0 1.0 1.0 1.0 1.0 1.0 1.0 1.0 1.0 1.0 1.0 1.0 1.0 1.0 1.0 1.0 1.0 1.0 1.0 1.0 1.0 1.0 1.0 1.0 1.0 1.0 1.0 1.0 
[CR,DEFNONANTWETPRI,E5DEFNONANTWETPRI  ,*,*]:
2018 2019 2020 2021 2022 2023 2024 2025 2026 2027 2028 2029 2030 2031 2032 2033 2034 2035 2036 2037 2038 2039 2040 2041 2042 2043 2044 2045 2046 2047 2048 2049 2050 :=
1 1 1.0 1.0 1.0 1.0 1.0 1.0 1.0 1.0 1.0 1.0 1.0 1.0 1.0 1.0 1.0 1.0 1.0 1.0 1.0 1.0 1.0 1.0 1.0 1.0 1.0 1.0 1.0 1.0 1.0 1.0 1.0 1.0 
[CR,DEFANTPLMPRI,E5DEFANTPLMPRI  ,*,*]:
2018 2019 2020 2021 2022 2023 2024 2025 2026 2027 2028 2029 2030 2031 2032 2033 2034 2035 2036 2037 2038 2039 2040 2041 2042 2043 2044 2045 2046 2047 2048 2049 2050 :=
1 1 1.0 1.0 1.0 1.0 1.0 1.0 1.0 1.0 1.0 1.0 1.0 1.0 1.0 1.0 1.0 1.0 1.0 1.0 1.0 1.0 1.0 1.0 1.0 1.0 1.0 1.0 1.0 1.0 1.0 1.0 1.0 1.0 
[CR,PROOIL,E3_OIL,*,*]:
2018 2019 2020 2021 2022 2023 2024 2025 2026 2027 2028 2029 2030 2031 2032 2033 2034 2035 2036 2037 2038 2039 2040 2041 2042 2043 2044 2045 2046 2047 2048 2049 2050 :=
1 3.16 3.36 3.52 3.53 3.72 3.72 3.65 3.65 3.65 3.65 3.65 3.65 3.65 3.65 3.65 3.65 3.65 3.65 3.65 3.65 3.65 3.65 3.65 3.65 3.65 3.65 3.65 3.65 3.65 3.65 3.65 3.65 3.65 
[CR,CAMPASMGRSEC,E5PASMGRSEC,*,*]:
2018 2019 2020 2021 2022 2023 2024 2025 2026 2027 2028 2029 2030 2031 2032 2033 2034 2035 2036 2037 2038 2039 2040 2041 2042 2043 2044 2045 2046 2047 2048 2049 2050 :=
1 1 1.0 1.0 1.0 1.0 1.0 1.0 1.0 1.0 1.0 1.0 1.0 1.0 1.0 1.0 1.0 1.0 1.0 1.0 1.0 1.0 1.0 1.0 1.0 1.0 1.0 1.0 1.0 1.0 1.0 1.0 1.0 1.0 
[CR,LNDAGR,E2_CRP,*,*]:
2018 2019 2020 2021 2022 2023 2024 2025 2026 2027 2028 2029 2030 2031 2032 2033 2034 2035 2036 2037 2038 2039 2040 2041 2042 2043 2044 2045 2046 2047 2048 2049 2050 :=
1 1.0 1.0 1.0 1.0 1.0 1.0 1.0 1.0 1.0 1.0 1.0 1.0 1.0 1.0 1.0 1.0 1.0 1.0 1.0 1.0 1.0 1.0 1.0 1.0 1.0 1.0 1.0 1.0 1.0 1.0 1.0 1.0 1.0 
[CR,AGRORG,E3_ORG,*,*]:
2018 2019 2020 2021 2022 2023 2024 2025 2026 2027 2028 2029 2030 2031 2032 2033 2034 2035 2036 2037 2038 2039 2040 2041 2042 2043 2044 2045 2046 2047 2048 2049 2050 :=
1 9.8656 9.8656 9.8656 9.756 9.76 9.76 9.76 9.76 9.76 9.76 9.76 9.76 9.76 9.76 9.76 9.76 9.76 9.76 9.76 9.76 9.76 9.76 9.76 9.76 9.76 9.76 9.76 9.76 9.76 9.76 9.76 9.76 9.76 
[CR,BOSMANWETSEC,E5BOSMANWETSEC  ,*,*]:
2018 2019 2020 2021 2022 2023 2024 2025 2026 2027 2028 2029 2030 2031 2032 2033 2034 2035 2036 2037 2038 2039 2040 2041 2042 2043 2044 2045 2046 2047 2048 2049 2050 :=
1 1 1.0 1.0 1.0 1.0 1.0 1.0 1.0 1.0 1.0 1.0 1.0 1.0 1.0 1.0 1.0 1.0 1.0 1.0 1.0 1.0 1.0 1.0 1.0 1.0 1.0 1.0 1.0 1.0 1.0 1.0 1.0 1.0 
[CR,T5DRYPRIFORCOV,E5FORCOVDRYPRI,*,*]:
2018 2019 2020 2021 2022 2023 2024 2025 2026 2027 2028 2029 2030 2031 2032 2033 2034 2035 2036 2037 2038 2039 2040 2041 2042 2043 2044 2045 2046 2047 2048 2049 2050 :=
1 1 1.0 1.0 1.0 1.0 1.0 1.0 1.0 1.0 1.0 1.0 1.0 1.0 1.0 1.0 1.0 1.0 1.0 1.0 1.0 1.0 1.0 1.0 1.0 1.0 1.0 1.0 1.0 1.0 1.0 1.0 1.0 1.0 
[CR,DEGFORPLM,E5DEGPLM,*,*]:
2018 2019 2020 2021 2022 2023 2024 2025 2026 2027 2028 2029 2030 2031 2032 2033 2034 2035 2036 2037 2038 2039 2040 2041 2042 2043 2044 2045 2046 2047 2048 2049 2050 :=
1 1 1.0 1.0 1.0 1.0 1.0 1.0 1.0 1.0 1.0 1.0 1.0 1.0 1.0 1.0 1.0 1.0 1.0 1.0 1.0 1.0 1.0 1.0 1.0 1.0 1.0 1.0 1.0 1.0 1.0 1.0 1.0 1.0 
[CR,DEFANTMGRPRI,E5DEFANTMGRPRI  ,*,*]:
2018 2019 2020 2021 2022 2023 2024 2025 2026 2027 2028 2029 2030 2031 2032 2033 2034 2035 2036 2037 2038 2039 2040 2041 2042 2043 2044 2045 2046 2047 2048 2049 2050 :=
1 1 1.0 1.0 1.0 1.0 1.0 1.0 1.0 1.0 1.0 1.0 1.0 1.0 1.0 1.0 1.0 1.0 1.0 1.0 1.0 1.0 1.0 1.0 1.0 1.0 1.0 1.0 1.0 1.0 1.0 1.0 1.0 1.0 
[CR,PROSUG,E3_BAG,*,*]:
2018 2019 2020 2021 2022 2023 2024 2025 2026 2027 2028 2029 2030 2031 2032 2033 2034 2035 2036 2037 2038 2039 2040 2041 2042 2043 2044 2045 2046 2047 2048 2049 2050 :=
1 0.0674251339556271 0.06864703472682662 0.06823915116920973 0.07060615466255489 0.0730711092776396 0.0839940317292997 0.07008038847382689 0.07008038847382693 0.07008038847382693 0.07008038847382693 0.07008038847382693 0.07008038847382693 0.07008038847382693 0.07008038847382693 0.07008038847382693 0.07008038847382693 0.07008038847382693 0.07008038847382693 0.07008038847382693 0.07008038847382693 0.07008038847382693 0.07008038847382693 0.07008038847382693 0.07008038847382693 0.07008038847382693 0.07008038847382693 0.07008038847382693 0.07008038847382693 0.07008038847382693 0.07008038847382693 0.07008038847382693 0.07008038847382693 0.07008038847382693 
[CR,BOSMANMGRPRI,E5BOSMANMGRPRI  ,*,*]:
2018 2019 2020 2021 2022 2023 2024 2025 2026 2027 2028 2029 2030 2031 2032 2033 2034 2035 2036 2037 2038 2039 2040 2041 2042 2043 2044 2045 2046 2047 2048 2049 2050 :=
1 1 1.0 1.0 1.0 1.0 1.0 1.0 1.0 1.0 1.0 1.0 1.0 1.0 1.0 1.0 1.0 1.0 1.0 1.0 1.0 1.0 1.0 1.0 1.0 1.0 1.0 1.0 1.0 1.0 1.0 1.0 1.0 1.0 
[CR,T5CHIGAN,E5GANCHI,*,*]:
2018 2019 2020 2021 2022 2023 2024 2025 2026 2027 2028 2029 2030 2031 2032 2033 2034 2035 2036 2037 2038 2039 2040 2041 2042 2043 2044 2045 2046 2047 2048 2049 2050 :=
1 1 1.0 1.0 1.0 1.0 1.0 1.0 1.0 1.0 1.0 1.0 1.0 1.0 1.0 1.0 1.0 1.0 1.0 1.0 1.0 1.0 1.0 1.0 1.0 1.0 1.0 1.0 1.0 1.0 1.0 1.0 1.0 1.0 
[CR,T5MOLAGREXP,E5AGREXPMOL,*,*]:
2018 2019 2020 2021 2022 2023 2024 2025 2026 2027 2028 2029 2030 2031 2032 2033 2034 2035 2036 2037 2038 2039 2040 2041 2042 2043 2044 2045 2046 2047 2048 2049 2050 :=
1 1 1.0 1.0 1.0 1.0 1.0 1.0 1.0 1.0 1.0 1.0 1.0 1.0 1.0 1.0 1.0 1.0 1.0 1.0 1.0 1.0 1.0 1.0 1.0 1.0 1.0 1.0 1.0 1.0 1.0 1.0 1.0 1.0 
[CR,LNDGAN,E2_PAS,*,*]:
2018 2019 2020 2021 2022 2023 2024 2025 2026 2027 2028 2029 2030 2031 2032 2033 2034 2035 2036 2037 2038 2039 2040 2041 2042 2043 2044 2045 2046 2047 2048 2049 2050 :=
1 1.0 1.0 1.0 1.0 1.0 1.0 1.0 1.0 1.0 1.0 1.0 1.0 1.0 1.0 1.0 1.0 1.0 1.0 1.0 1.0 1.0 1.0 1.0 1.0 1.0 1.0 1.0 1.0 1.0 1.0 1.0 1.0 1.0 
[CR,IMPLEC,E3_LEC,*,*]:
2018 2019 2020 2021 2022 2023 2024 2025 2026 2027 2028 2029 2030 2031 2032 2033 2034 2035 2036 2037 2038 2039 2040 2041 2042 2043 2044 2045 2046 2047 2048 2049 2050 :=
1 1 1.0 1.0 1.0 1.0 1.0 1.0 1.0 1.0 1.0 1.0 1.0 1.0 1.0 1.0 1.0 1.0 1.0 1.0 1.0 1.0 1.0 1.0 1.0 1.0 1.0 1.0 1.0 1.0 1.0 1.0 1.0 1.0 
[CR,T5WETPRIFORCOV,E5FORCOVWETPRI,*,*]:
2018 2019 2020 2021 2022 2023 2024 2025 2026 2027 2028 2029 2030 2031 2032 2033 2034 2035 2036 2037 2038 2039 2040 2041 2042 2043 2044 2045 2046 2047 2048 2049 2050 :=
1 1 1.0 1.0 1.0 1.0 1.0 1.0 1.0 1.0 1.0 1.0 1.0 1.0 1.0 1.0 1.0 1.0 1.0 1.0 1.0 1.0 1.0 1.0 1.0 1.0 1.0 1.0 1.0 1.0 1.0 1.0 1.0 1.0 
[CR,T5MOLAGR,E5AGRMOL,*,*]:
2018 2019 2020 2021 2022 2023 2024 2025 2026 2027 2028 2029 2030 2031 2032 2033 2034 2035 2036 2037 2038 2039 2040 2041 2042 2043 2044 2045 2046 2047 2048 2049 2050 :=
1 1 1.0 1.0 1.0 1.0 1.0 1.0 1.0 1.0 1.0 1.0 1.0 1.0 1.0 1.0 1.0 1.0 1.0 1.0 1.0 1.0 1.0 1.0 1.0 1.0 1.0 1.0 1.0 1.0 1.0 1.0 1.0 1.0 
[CR,CAMCRPPLMSEC,E5CRPPLMSEC,*,*]:
2018 2019 2020 2021 2022 2023 2024 2025 2026 2027 2028 2029 2030 2031 2032 2033 2034 2035 2036 2037 2038 2039 2040 2041 2042 2043 2044 2045 2046 2047 2048 2049 2050 :=
1 1 1.0 1.0 1.0 1.0 1.0 1.0 1.0 1.0 1.0 1.0 1.0 1.0 1.0 1.0 1.0 1.0 1.0 1.0 1.0 1.0 1.0 1.0 1.0 1.0 1.0 1.0 1.0 1.0 1.0 1.0 1.0 1.0 
[CR,IMPCAR,E3_CAR,*,*]:
2018 2019 2020 2021 2022 2023 2024 2025 2026 2027 2028 2029 2030 2031 2032 2033 2034 2035 2036 2037 2038 2039 2040 2041 2042 2043 2044 2045 2046 2047 2048 2049 2050 :=
1 1 1.0 1.0 1.0 1.0 1.0 1.0 1.0 1.0 1.0 1.0 1.0 1.0 1.0 1.0 1.0 1.0 1.0 1.0 1.0 1.0 1.0 1.0 1.0 1.0 1.0 1.0 1.0 1.0 1.0 1.0 1.0 1.0 
[CR,T5VEGAGREXP,E5AGREXPVEG,*,*]:
2018 2019 2020 2021 2022 2023 2024 2025 2026 2027 2028 2029 2030 2031 2032 2033 2034 2035 2036 2037 2038 2039 2040 2041 2042 2043 2044 2045 2046 2047 2048 2049 2050 :=
1 1 1.0 1.0 1.0 1.0 1.0 1.0 1.0 1.0 1.0 1.0 1.0 1.0 1.0 1.0 1.0 1.0 1.0 1.0 1.0 1.0 1.0 1.0 1.0 1.0 1.0 1.0 1.0 1.0 1.0 1.0 1.0 1.0 
[CR,T5SUGAGR,E5AGRSUG,*,*]:
2018 2019 2020 2021 2022 2023 2024 2025 2026 2027 2028 2029 2030 2031 2032 2033 2034 2035 2036 2037 2038 2039 2040 2041 2042 2043 2044 2045 2046 2047 2048 2049 2050 :=
1 1 1.0 1.0 1.0 1.0 1.0 1.0 1.0 1.0 1.0 1.0 1.0 1.0 1.0 1.0 1.0 1.0 1.0 1.0 1.0 1.0 1.0 1.0 1.0 1.0 1.0 1.0 1.0 1.0 1.0 1.0 1.0 1.0 
[CR,T5CAFAGREXP,E5AGREXPCAF,*,*]:
2018 2019 2020 2021 2022 2023 2024 2025 2026 2027 2028 2029 2030 2031 2032 2033 2034 2035 2036 2037 2038 2039 2040 2041 2042 2043 2044 2045 2046 2047 2048 2049 2050 :=
1 1 1.0 1.0 1.0 1.0 1.0 1.0 1.0 1.0 1.0 1.0 1.0 1.0 1.0 1.0 1.0 1.0 1.0 1.0 1.0 1.0 1.0 1.0 1.0 1.0 1.0 1.0 1.0 1.0 1.0 1.0 1.0 1.0 
[CR,DEFANTDRYPRI,E5DEFANTDRYPRI  ,*,*]:
2018 2019 2020 2021 2022 2023 2024 2025 2026 2027 2028 2029 2030 2031 2032 2033 2034 2035 2036 2037 2038 2039 2040 2041 2042 2043 2044 2045 2046 2047 2048 2049 2050 :=
1 1 1.0 1.0 1.0 1.0 1.0 1.0 1.0 1.0 1.0 1.0 1.0 1.0 1.0 1.0 1.0 1.0 1.0 1.0 1.0 1.0 1.0 1.0 1.0 1.0 1.0 1.0 1.0 1.0 1.0 1.0 1.0 1.0 
[CR,DEFNONANTWETSEC,E5DEFNONANTWETSEC  ,*,*]:
2018 2019 2020 2021 2022 2023 2024 2025 2026 2027 2028 2029 2030 2031 2032 2033 2034 2035 2036 2037 2038 2039 2040 2041 2042 2043 2044 2045 2046 2047 2048 2049 2050 :=
1 1 1.0 1.0 1.0 1.0 1.0 1.0 1.0 1.0 1.0 1.0 1.0 1.0 1.0 1.0 1.0 1.0 1.0 1.0 1.0 1.0 1.0 1.0 1.0 1.0 1.0 1.0 1.0 1.0 1.0 1.0 1.0 1.0 
[CR,IMPOTG,E3_OTG,*,*]:
2018 2019 2020 2021 2022 2023 2024 2025 2026 2027 2028 2029 2030 2031 2032 2033 2034 2035 2036 2037 2038 2039 2040 2041 2042 2043 2044 2045 2046 2047 2048 2049 2050 :=
1 1 1.0 1.0 1.0 1.0 1.0 1.0 1.0 1.0 1.0 1.0 1.0 1.0 1.0 1.0 1.0 1.0 1.0 1.0 1.0 1.0 1.0 1.0 1.0 1.0 1.0 1.0 1.0 1.0 1.0 1.0 1.0 1.0 
[CR,AGRPLM,E3_PLM,*,*]:
2018 2019 2020 2021 2022 2023 2024 2025 2026 2027 2028 2029 2030 2031 2032 2033 2034 2035 2036 2037 2038 2039 2040 2041 2042 2043 2044 2045 2046 2047 2048 2049 2050 :=
1 1.0 1.0 1.0 1.0 1.0 1.0 1.0 1.0 1.0 1.0 1.0 1.0 1.0 1.0 1.0 1.0 1.0 1.0 1.0 1.0 1.0 1.0 1.0 1.0 1.0 1.0 1.0 1.0 1.0 1.0 1.0 1.0 1.0 
[CR,CAMCRPMGRSEC,E5CRPMGRSEC,*,*]:
2018 2019 2020 2021 2022 2023 2024 2025 2026 2027 2028 2029 2030 2031 2032 2033 2034 2035 2036 2037 2038 2039 2040 2041 2042 2043 2044 2045 2046 2047 2048 2049 2050 :=
1 1 1.0 1.0 1.0 1.0 1.0 1.0 1.0 1.0 1.0 1.0 1.0 1.0 1.0 1.0 1.0 1.0 1.0 1.0 1.0 1.0 1.0 1.0 1.0 1.0 1.0 1.0 1.0 1.0 1.0 1.0 1.0 1.0 
[CR,CAMOTLDRYSEC,E5OTLDRYSEC,*,*]:
2018 2019 2020 2021 2022 2023 2024 2025 2026 2027 2028 2029 2030 2031 2032 2033 2034 2035 2036 2037 2038 2039 2040 2041 2042 2043 2044 2045 2046 2047 2048 2049 2050 :=
1 1 1.0 1.0 1.0 1.0 1.0 1.0 1.0 1.0 1.0 1.0 1.0 1.0 1.0 1.0 1.0 1.0 1.0 1.0 1.0 1.0 1.0 1.0 1.0 1.0 1.0 1.0 1.0 1.0 1.0 1.0 1.0 1.0 
[CR,AGROTG,E3_OTG,*,*]:
2018 2019 2020 2021 2022 2023 2024 2025 2026 2027 2028 2029 2030 2031 2032 2033 2034 2035 2036 2037 2038 2039 2040 2041 2042 2043 2044 2045 2046 2047 2048 2049 2050 :=
1 0.8351 0.7603 0.8465 0.8786 0.8924 0.9415 0.9415 0.9415 0.9415 0.9415 0.9415 0.9415 0.9415 0.9415 0.9415 0.9415 0.9415 0.9415 0.9415 0.9415 0.9415 0.9415 0.9415 0.9415 0.9415 0.9415 0.9415 0.9415 0.9415 0.9415 0.9415 0.9415 0.9415 
[CR,IMPMOL,E3_MOL,*,*]:
2018 2019 2020 2021 2022 2023 2024 2025 2026 2027 2028 2029 2030 2031 2032 2033 2034 2035 2036 2037 2038 2039 2040 2041 2042 2043 2044 2045 2046 2047 2048 2049 2050 :=
1 1 1.0 1.0 1.0 1.0 1.0 1.0 1.0 1.0 1.0 1.0 1.0 1.0 1.0 1.0 1.0 1.0 1.0 1.0 1.0 1.0 1.0 1.0 1.0 1.0 1.0 1.0 1.0 1.0 1.0 1.0 1.0 1.0 
[CR,T5LECGANEXP,E5GANEXPLEC,*,*]:
2018 2019 2020 2021 2022 2023 2024 2025 2026 2027 2028 2029 2030 2031 2032 2033 2034 2035 2036 2037 2038 2039 2040 2041 2042 2043 2044 2045 2046 2047 2048 2049 2050 :=
1 1 1.0 1.0 1.0 1.0 1.0 1.0 1.0 1.0 1.0 1.0 1.0 1.0 1.0 1.0 1.0 1.0 1.0 1.0 1.0 1.0 1.0 1.0 1.0 1.0 1.0 1.0 1.0 1.0 1.0 1.0 1.0 1.0 
[CR,IMPFRT,E3_FRT,*,*]:
2018 2019 2020 2021 2022 2023 2024 2025 2026 2027 2028 2029 2030 2031 2032 2033 2034 2035 2036 2037 2038 2039 2040 2041 2042 2043 2044 2045 2046 2047 2048 2049 2050 :=
1 1 1.0 1.0 1.0 1.0 1.0 1.0 1.0 1.0 1.0 1.0 1.0 1.0 1.0 1.0 1.0 1.0 1.0 1.0 1.0 1.0 1.0 1.0 1.0 1.0 1.0 1.0 1.0 1.0 1.0 1.0 1.0 1.0 
[CR,CAMPASMSTSEC,E5PASMSTSEC,*,*]:
2018 2019 2020 2021 2022 2023 2024 2025 2026 2027 2028 2029 2030 2031 2032 2033 2034 2035 2036 2037 2038 2039 2040 2041 2042 2043 2044 2045 2046 2047 2048 2049 2050 :=
1 1 1.0 1.0 1.0 1.0 1.0 1.0 1.0 1.0 1.0 1.0 1.0 1.0 1.0 1.0 1.0 1.0 1.0 1.0 1.0 1.0 1.0 1.0 1.0 1.0 1.0 1.0 1.0 1.0 1.0 1.0 1.0 1.0 
[CR,IMPCAF,E3_CAF,*,*]:
2018 2019 2020 2021 2022 2023 2024 2025 2026 2027 2028 2029 2030 2031 2032 2033 2034 2035 2036 2037 2038 2039 2040 2041 2042 2043 2044 2045 2046 2047 2048 2049 2050 :=
1 1 1.0 1.0 1.0 1.0 1.0 1.0 1.0 1.0 1.0 1.0 1.0 1.0 1.0 1.0 1.0 1.0 1.0 1.0 1.0 1.0 1.0 1.0 1.0 1.0 1.0 1.0 1.0 1.0 1.0 1.0 1.0 1.0 
[CR,HRDDOP,E3_HRDDOP,*,*]:
2018 2019 2020 2021 2022 2023 2024 2025 2026 2027 2028 2029 2030 2031 2032 2033 2034 2035 2036 2037 2038 2039 2040 2041 2042 2043 2044 2045 2046 2047 2048 2049 2050 :=
1 1.38 1.42 1.13 1.15 1.17 1.11 1.09 1.07 1.05 1.04 1.02 1.0 0.98 0.96 0.94 0.93 0.91 0.89 0.88 0.86 0.84 0.83 0.81 0.8 0.78 0.77 0.76 0.74 0.73 0.71 0.7 0.69 0.68 
[CR,T5OILAGREXP,E5AGREXPOIL,*,*]:
2018 2019 2020 2021 2022 2023 2024 2025 2026 2027 2028 2029 2030 2031 2032 2033 2034 2035 2036 2037 2038 2039 2040 2041 2042 2043 2044 2045 2046 2047 2048 2049 2050 :=
1 1 1.0 1.0 1.0 1.0 1.0 1.0 1.0 1.0 1.0 1.0 1.0 1.0 1.0 1.0 1.0 1.0 1.0 1.0 1.0 1.0 1.0 1.0 1.0 1.0 1.0 1.0 1.0 1.0 1.0 1.0 1.0 1.0 
[CR,IMPSUG,E3_SUG,*,*]:
2018 2019 2020 2021 2022 2023 2024 2025 2026 2027 2028 2029 2030 2031 2032 2033 2034 2035 2036 2037 2038 2039 2040 2041 2042 2043 2044 2045 2046 2047 2048 2049 2050 :=
1 1 1.0 1.0 1.0 1.0 1.0 1.0 1.0 1.0 1.0 1.0 1.0 1.0 1.0 1.0 1.0 1.0 1.0 1.0 1.0 1.0 1.0 1.0 1.0 1.0 1.0 1.0 1.0 1.0 1.0 1.0 1.0 1.0 
[CR,DEFANTMSTSEC,E5DEFANTMSTSEC  ,*,*]:
2018 2019 2020 2021 2022 2023 2024 2025 2026 2027 2028 2029 2030 2031 2032 2033 2034 2035 2036 2037 2038 2039 2040 2041 2042 2043 2044 2045 2046 2047 2048 2049 2050 :=
1 1 1.0 1.0 1.0 1.0 1.0 1.0 1.0 1.0 1.0 1.0 1.0 1.0 1.0 1.0 1.0 1.0 1.0 1.0 1.0 1.0 1.0 1.0 1.0 1.0 1.0 1.0 1.0 1.0 1.0 1.0 1.0 1.0 
[CR,T5PINAGREXP,E5AGREXPPIN,*,*]:
2018 2019 2020 2021 2022 2023 2024 2025 2026 2027 2028 2029 2030 2031 2032 2033 2034 2035 2036 2037 2038 2039 2040 2041 2042 2043 2044 2045 2046 2047 2048 2049 2050 :=
1 1 1.0 1.0 1.0 1.0 1.0 1.0 1.0 1.0 1.0 1.0 1.0 1.0 1.0 1.0 1.0 1.0 1.0 1.0 1.0 1.0 1.0 1.0 1.0 1.0 1.0 1.0 1.0 1.0 1.0 1.0 1.0 1.0 
[CR,PROSUG,E3_MOL,*,*]:
2018 2019 2020 2021 2022 2023 2024 2025 2026 2027 2028 2029 2030 2031 2032 2033 2034 2035 2036 2037 2038 2039 2040 2041 2042 2043 2044 2045 2046 2047 2048 2049 2050 :=
1 0.0409 0.040900000000000006 0.039200000000000006 0.036899999999999995 0.039200000000000006 0.038700000000000005 0.038699999999999984 0.038700000000000005 0.038700000000000005 0.038700000000000005 0.038700000000000005 0.038700000000000005 0.038700000000000005 0.038700000000000005 0.038700000000000005 0.038700000000000005 0.038700000000000005 0.038700000000000005 0.038700000000000005 0.038700000000000005 0.038700000000000005 0.038700000000000005 0.038700000000000005 0.038700000000000005 0.038700000000000005 0.038700000000000005 0.038700000000000005 0.038700000000000005 0.038700000000000005 0.038700000000000005 0.038700000000000005 0.038700000000000005 0.038700000000000005 
[CR,DEFNONANTDRYPRI,E5DEFNONANTDRYPRI  ,*,*]:
2018 2019 2020 2021 2022 2023 2024 2025 2026 2027 2028 2029 2030 2031 2032 2033 2034 2035 2036 2037 2038 2039 2040 2041 2042 2043 2044 2045 2046 2047 2048 2049 2050 :=
1 1 1.0 1.0 1.0 1.0 1.0 1.0 1.0 1.0 1.0 1.0 1.0 1.0 1.0 1.0 1.0 1.0 1.0 1.0 1.0 1.0 1.0 1.0 1.0 1.0 1.0 1.0 1.0 1.0 1.0 1.0 1.0 1.0 
[CR,T5RICAGREXP,E5AGREXPRIC,*,*]:
2018 2019 2020 2021 2022 2023 2024 2025 2026 2027 2028 2029 2030 2031 2032 2033 2034 2035 2036 2037 2038 2039 2040 2041 2042 2043 2044 2045 2046 2047 2048 2049 2050 :=
1 1 1.0 1.0 1.0 1.0 1.0 1.0 1.0 1.0 1.0 1.0 1.0 1.0 1.0 1.0 1.0 1.0 1.0 1.0 1.0 1.0 1.0 1.0 1.0 1.0 1.0 1.0 1.0 1.0 1.0 1.0 1.0 1.0 
[CR,CAMCRPDRYSEC,E5CRPDRYSEC,*,*]:
2018 2019 2020 2021 2022 2023 2024 2025 2026 2027 2028 2029 2030 2031 2032 2033 2034 2035 2036 2037 2038 2039 2040 2041 2042 2043 2044 2045 2046 2047 2048 2049 2050 :=
1 1 1.0 1.0 1.0 1.0 1.0 1.0 1.0 1.0 1.0 1.0 1.0 1.0 1.0 1.0 1.0 1.0 1.0 1.0 1.0 1.0 1.0 1.0 1.0 1.0 1.0 1.0 1.0 1.0 1.0 1.0 1.0 1.0 
[CR,GANDOP,E3_LEC,*,*]:
2018 2019 2020 2021 2022 2023 2024 2025 2026 2027 2028 2029 2030 2031 2032 2033 2034 2035 2036 2037 2038 2039 2040 2041 2042 2043 2044 2045 2046 2047 2048 2049 2050 :=
1 1.93 1.98 2.26 2.02 2.09 1.98 2.02 2.05 2.09 2.13 2.17 2.21 2.25 2.29 2.33 2.38 2.42 2.47 2.51 2.56 2.61 2.66 2.71 2.76 2.81 2.86 2.92 2.97 3.03 3.08 3.14 3.2 3.26 
[CR,T5MGRSECFORCOV,E5FORCOVMGRSEC,*,*]:
2018 2019 2020 2021 2022 2023 2024 2025 2026 2027 2028 2029 2030 2031 2032 2033 2034 2035 2036 2037 2038 2039 2040 2041 2042 2043 2044 2045 2046 2047 2048 2049 2050 :=
1 1 1.0 1.0 1.0 1.0 1.0 1.0 1.0 1.0 1.0 1.0 1.0 1.0 1.0 1.0 1.0 1.0 1.0 1.0 1.0 1.0 1.0 1.0 1.0 1.0 1.0 1.0 1.0 1.0 1.0 1.0 1.0 1.0 
[CR,T5PLMSECFORCOV,E5FORCOVPLMSEC,*,*]:
2018 2019 2020 2021 2022 2023 2024 2025 2026 2027 2028 2029 2030 2031 2032 2033 2034 2035 2036 2037 2038 2039 2040 2041 2042 2043 2044 2045 2046 2047 2048 2049 2050 :=
1 1 1.0 1.0 1.0 1.0 1.0 1.0 1.0 1.0 1.0 1.0 1.0 1.0 1.0 1.0 1.0 1.0 1.0 1.0 1.0 1.0 1.0 1.0 1.0 1.0 1.0 1.0 1.0 1.0 1.0 1.0 1.0 1.0 
[CR,DEGFORDRY,E5DEGDRY,*,*]:
2018 2019 2020 2021 2022 2023 2024 2025 2026 2027 2028 2029 2030 2031 2032 2033 2034 2035 2036 2037 2038 2039 2040 2041 2042 2043 2044 2045 2046 2047 2048 2049 2050 :=
1 1 1.0 1.0 1.0 1.0 1.0 1.0 1.0 1.0 1.0 1.0 1.0 1.0 1.0 1.0 1.0 1.0 1.0 1.0 1.0 1.0 1.0 1.0 1.0 1.0 1.0 1.0 1.0 1.0 1.0 1.0 1.0 1.0 
[CR,IMPWOD,E3_WOD,*,*]:
2018 2019 2020 2021 2022 2023 2024 2025 2026 2027 2028 2029 2030 2031 2032 2033 2034 2035 2036 2037 2038 2039 2040 2041 2042 2043 2044 2045 2046 2047 2048 2049 2050 :=
1 1 1.0 1.0 1.0 1.0 1.0 1.0 1.0 1.0 1.0 1.0 1.0 1.0 1.0 1.0 1.0 1.0 1.0 1.0 1.0 1.0 1.0 1.0 1.0 1.0 1.0 1.0 1.0 1.0 1.0 1.0 1.0 1.0 
[CR,PROCHI,E3_CHI,*,*]:
2018 2019 2020 2021 2022 2023 2024 2025 2026 2027 2028 2029 2030 2031 2032 2033 2034 2035 2036 2037 2038 2039 2040 2041 2042 2043 2044 2045 2046 2047 2048 2049 2050 :=
1 1 1.0 1.0 1.0 1.0 1.0 1.0 1.0 1.0 1.0 1.0 1.0 1.0 1.0 1.0 1.0 1.0 1.0 1.0 1.0 1.0 1.0 1.0 1.0 1.0 1.0 1.0 1.0 1.0 1.0 1.0 1.0 1.0 
[CR,T5PORGAN,E5GANPOR,*,*]:
2018 2019 2020 2021 2022 2023 2024 2025 2026 2027 2028 2029 2030 2031 2032 2033 2034 2035 2036 2037 2038 2039 2040 2041 2042 2043 2044 2045 2046 2047 2048 2049 2050 :=
1 1 1.0 1.0 1.0 1.0 1.0 1.0 1.0 1.0 1.0 1.0 1.0 1.0 1.0 1.0 1.0 1.0 1.0 1.0 1.0 1.0 1.0 1.0 1.0 1.0 1.0 1.0 1.0 1.0 1.0 1.0 1.0 1.0 
[CR,BOSMANMSTSEC,E5BOSMANMSTSEC  ,*,*]:
2018 2019 2020 2021 2022 2023 2024 2025 2026 2027 2028 2029 2030 2031 2032 2033 2034 2035 2036 2037 2038 2039 2040 2041 2042 2043 2044 2045 2046 2047 2048 2049 2050 :=
1 1 1.0 1.0 1.0 1.0 1.0 1.0 1.0 1.0 1.0 1.0 1.0 1.0 1.0 1.0 1.0 1.0 1.0 1.0 1.0 1.0 1.0 1.0 1.0 1.0 1.0 1.0 1.0 1.0 1.0 1.0 1.0 1.0 
[CR,BOSMANWETPRI,E5BOSMANWETPRI  ,*,*]:
2018 2019 2020 2021 2022 2023 2024 2025 2026 2027 2028 2029 2030 2031 2032 2033 2034 2035 2036 2037 2038 2039 2040 2041 2042 2043 2044 2045 2046 2047 2048 2049 2050 :=
1 1 1.0 1.0 1.0 1.0 1.0 1.0 1.0 1.0 1.0 1.0 1.0 1.0 1.0 1.0 1.0 1.0 1.0 1.0 1.0 1.0 1.0 1.0 1.0 1.0 1.0 1.0 1.0 1.0 1.0 1.0 1.0 1.0 
[CR,T5PASCOV,E5COVPAS,*,*]:
2018 2019 2020 2021 2022 2023 2024 2025 2026 2027 2028 2029 2030 2031 2032 2033 2034 2035 2036 2037 2038 2039 2040 2041 2042 2043 2044 2045 2046 2047 2048 2049 2050 :=
1 1 1.0 1.0 1.0 1.0 1.0 1.0 1.0 1.0 1.0 1.0 1.0 1.0 1.0 1.0 1.0 1.0 1.0 1.0 1.0 1.0 1.0 1.0 1.0 1.0 1.0 1.0 1.0 1.0 1.0 1.0 1.0 1.0 
[CR,AGRCAF,E3_CAF,*,*]:
2018 2019 2020 2021 2022 2023 2024 2025 2026 2027 2028 2029 2030 2031 2032 2033 2034 2035 2036 2037 2038 2039 2040 2041 2042 2043 2044 2045 2046 2047 2048 2049 2050 :=
1 4.7932 5.1587 4.7267 5.8641 5.1905 5.5861 4.4078 4.4078 4.4078 4.4078 4.4078 4.4078 4.4078 4.4078 4.4078 4.4078 4.4078 4.4078 4.4078 4.4078 4.4078 4.4078 4.4078 4.4078 4.4078 4.4078 4.4078 4.4078 4.4078 4.4078 4.4078 4.4078 4.4078 
[CR,AGRBAN,E3_BAN,*,*]:
2018 2019 2020 2021 2022 2023 2024 2025 2026 2027 2028 2029 2030 2031 2032 2033 2034 2035 2036 2037 2038 2039 2040 2041 2042 2043 2044 2045 2046 2047 2048 2049 2050 :=
1 52.4747 50.9524 54.9436 54.9651 55.2608 54.6291 54.5263 54.5263 54.5263 54.5263 54.5263 54.5263 54.5263 54.5263 54.5263 54.5263 54.5263 54.5263 54.5263 54.5263 54.5263 54.5263 54.5263 54.5263 54.5263 54.5263 54.5263 54.5263 54.5263 54.5263 54.5263 54.5263 54.5263 
[CR,PROPOR,E3_POR,*,*]:
2018 2019 2020 2021 2022 2023 2024 2025 2026 2027 2028 2029 2030 2031 2032 2033 2034 2035 2036 2037 2038 2039 2040 2041 2042 2043 2044 2045 2046 2047 2048 2049 2050 :=
1 1 1.0 1.0 1.0 1.0 1.0 1.0 1.0 1.0 1.0 1.0 1.0 1.0 1.0 1.0 1.0 1.0 1.0 1.0 1.0 1.0 1.0 1.0 1.0 1.0 1.0 1.0 1.0 1.0 1.0 1.0 1.0 1.0 
[CR,DEFANTWETPRI,E5DEFANTWETPRI  ,*,*]:
2018 2019 2020 2021 2022 2023 2024 2025 2026 2027 2028 2029 2030 2031 2032 2033 2034 2035 2036 2037 2038 2039 2040 2041 2042 2043 2044 2045 2046 2047 2048 2049 2050 :=
1 1 1.0 1.0 1.0 1.0 1.0 1.0 1.0 1.0 1.0 1.0 1.0 1.0 1.0 1.0 1.0 1.0 1.0 1.0 1.0 1.0 1.0 1.0 1.0 1.0 1.0 1.0 1.0 1.0 1.0 1.0 1.0 1.0 
[CR,CAMOTLWETSEC,E5OTLWETSEC,*,*]:
2018 2019 2020 2021 2022 2023 2024 2025 2026 2027 2028 2029 2030 2031 2032 2033 2034 2035 2036 2037 2038 2039 2040 2041 2042 2043 2044 2045 2046 2047 2048 2049 2050 :=
1 1 1.0 1.0 1.0 1.0 1.0 1.0 1.0 1.0 1.0 1.0 1.0 1.0 1.0 1.0 1.0 1.0 1.0 1.0 1.0 1.0 1.0 1.0 1.0 1.0 1.0 1.0 1.0 1.0 1.0 1.0 1.0 1.0 
[CR,T5WETCOV,E5COVWET,*,*]:
2018 2019 2020 2021 2022 2023 2024 2025 2026 2027 2028 2029 2030 2031 2032 2033 2034 2035 2036 2037 2038 2039 2040 2041 2042 2043 2044 2045 2046 2047 2048 2049 2050 :=
1 1 1.0 1.0 1.0 1.0 1.0 1.0 1.0 1.0 1.0 1.0 1.0 1.0 1.0 1.0 1.0 1.0 1.0 1.0 1.0 1.0 1.0 1.0 1.0 1.0 1.0 1.0 1.0 1.0 1.0 1.0 1.0 1.0 
[CR,COPASFORMST,E5COPASMST,*,*]:
2018 2019 2020 2021 2022 2023 2024 2025 2026 2027 2028 2029 2030 2031 2032 2033 2034 2035 2036 2037 2038 2039 2040 2041 2042 2043 2044 2045 2046 2047 2048 2049 2050 :=
1 1 1.0 1.0 1.0 1.0 1.0 1.0 1.0 1.0 1.0 1.0 1.0 1.0 1.0 1.0 1.0 1.0 1.0 1.0 1.0 1.0 1.0 1.0 1.0 1.0 1.0 1.0 1.0 1.0 1.0 1.0 1.0 1.0 
[CR,CAMPASPLMSEC,E5PASPLMSEC,*,*]:
2018 2019 2020 2021 2022 2023 2024 2025 2026 2027 2028 2029 2030 2031 2032 2033 2034 2035 2036 2037 2038 2039 2040 2041 2042 2043 2044 2045 2046 2047 2048 2049 2050 :=
1 1 1.0 1.0 1.0 1.0 1.0 1.0 1.0 1.0 1.0 1.0 1.0 1.0 1.0 1.0 1.0 1.0 1.0 1.0 1.0 1.0 1.0 1.0 1.0 1.0 1.0 1.0 1.0 1.0 1.0 1.0 1.0 1.0 
[CR,DEFANTWETSEC,E5DEFANTWETSEC  ,*,*]:
2018 2019 2020 2021 2022 2023 2024 2025 2026 2027 2028 2029 2030 2031 2032 2033 2034 2035 2036 2037 2038 2039 2040 2041 2042 2043 2044 2045 2046 2047 2048 2049 2050 :=
1 1 1.0 1.0 1.0 1.0 1.0 1.0 1.0 1.0 1.0 1.0 1.0 1.0 1.0 1.0 1.0 1.0 1.0 1.0 1.0 1.0 1.0 1.0 1.0 1.0 1.0 1.0 1.0 1.0 1.0 1.0 1.0 1.0 
[CR,GANCAR,E3_CAR,*,*]:
2018 2019 2020 2021 2022 2023 2024 2025 2026 2027 2028 2029 2030 2031 2032 2033 2034 2035 2036 2037 2038 2039 2040 2041 2042 2043 2044 2045 2046 2047 2048 2049 2050 :=
1 0.06 0.06 0.07 0.07 0.07 0.07 0.07 0.07 0.07 0.07 0.08 0.08 0.08 0.08 0.08 0.08 0.08 0.08 0.08 0.09 0.09 0.09 0.09 0.09 0.09 0.09 0.09 0.1 0.1 0.1 0.1 0.1 0.1 
[CR,DEGFORMST,E5DEGMST,*,*]:
2018 2019 2020 2021 2022 2023 2024 2025 2026 2027 2028 2029 2030 2031 2032 2033 2034 2035 2036 2037 2038 2039 2040 2041 2042 2043 2044 2045 2046 2047 2048 2049 2050 :=
1 1 1.0 1.0 1.0 1.0 1.0 1.0 1.0 1.0 1.0 1.0 1.0 1.0 1.0 1.0 1.0 1.0 1.0 1.0 1.0 1.0 1.0 1.0 1.0 1.0 1.0 1.0 1.0 1.0 1.0 1.0 1.0 1.0 
[CR,T5ORGAGR,E5AGRORG,*,*]:
2018 2019 2020 2021 2022 2023 2024 2025 2026 2027 2028 2029 2030 2031 2032 2033 2034 2035 2036 2037 2038 2039 2040 2041 2042 2043 2044 2045 2046 2047 2048 2049 2050 :=
1 1 1.0 1.0 1.0 1.0 1.0 1.0 1.0 1.0 1.0 1.0 1.0 1.0 1.0 1.0 1.0 1.0 1.0 1.0 1.0 1.0 1.0 1.0 1.0 1.0 1.0 1.0 1.0 1.0 1.0 1.0 1.0 1.0 
[CR,T5NINCOV,E5COVNIN,*,*]:
2018 2019 2020 2021 2022 2023 2024 2025 2026 2027 2028 2029 2030 2031 2032 2033 2034 2035 2036 2037 2038 2039 2040 2041 2042 2043 2044 2045 2046 2047 2048 2049 2050 :=
1 1 1.0 1.0 1.0 1.0 1.0 1.0 1.0 1.0 1.0 1.0 1.0 1.0 1.0 1.0 1.0 1.0 1.0 1.0 1.0 1.0 1.0 1.0 1.0 1.0 1.0 1.0 1.0 1.0 1.0 1.0 1.0 1.0 
[CR,GANDOP,E3_CAR,*,*]:
2018 2019 2020 2021 2022 2023 2024 2025 2026 2027 2028 2029 2030 2031 2032 2033 2034 2035 2036 2037 2038 2039 2040 2041 2042 2043 2044 2045 2046 2047 2048 2049 2050 :=
1 0.06 0.06 0.07 0.07 0.07 0.07 0.07 0.07 0.07 0.08 0.08 0.08 0.08 0.08 0.08 0.08 0.09 0.09 0.09 0.09 0.09 0.09 0.1 0.1 0.1 0.1 0.1 0.11 0.11 0.11 0.11 0.11 0.12 
[CR,BOSMANDRYPRI,E5BOSMANDRYPRI  ,*,*]:
2018 2019 2020 2021 2022 2023 2024 2025 2026 2027 2028 2029 2030 2031 2032 2033 2034 2035 2036 2037 2038 2039 2040 2041 2042 2043 2044 2045 2046 2047 2048 2049 2050 :=
1 1 1.0 1.0 1.0 1.0 1.0 1.0 1.0 1.0 1.0 1.0 1.0 1.0 1.0 1.0 1.0 1.0 1.0 1.0 1.0 1.0 1.0 1.0 1.0 1.0 1.0 1.0 1.0 1.0 1.0 1.0 1.0 1.0 
[CR,HRDCAR,E3_HRDCAR,*,*]:
2018 2019 2020 2021 2022 2023 2024 2025 2026 2027 2028 2029 2030 2031 2032 2033 2034 2035 2036 2037 2038 2039 2040 2041 2042 2043 2044 2045 2046 2047 2048 2049 2050 :=
1 1.38 1.42 1.32 1.51 1.37 1.32 1.3 1.29 1.27 1.25 1.24 1.22 1.2 1.18 1.17 1.15 1.14 1.12 1.1 1.09 1.07 1.06 1.04 1.03 1.01 1.0 0.99 0.97 0.96 0.94 0.93 0.92 0.91 
[CR,T5VEGAGR,E5AGRVEG,*,*]:
2018 2019 2020 2021 2022 2023 2024 2025 2026 2027 2028 2029 2030 2031 2032 2033 2034 2035 2036 2037 2038 2039 2040 2041 2042 2043 2044 2045 2046 2047 2048 2049 2050 :=
1 1 1.0 1.0 1.0 1.0 1.0 1.0 1.0 1.0 1.0 1.0 1.0 1.0 1.0 1.0 1.0 1.0 1.0 1.0 1.0 1.0 1.0 1.0 1.0 1.0 1.0 1.0 1.0 1.0 1.0 1.0 1.0 1.0 
[CR,T5OTHCOV,E5COVOTH,*,*]:
2018 2019 2020 2021 2022 2023 2024 2025 2026 2027 2028 2029 2030 2031 2032 2033 2034 2035 2036 2037 2038 2039 2040 2041 2042 2043 2044 2045 2046 2047 2048 2049 2050 :=
1 1 1.0 1.0 1.0 1.0 1.0 1.0 1.0 1.0 1.0 1.0 1.0 1.0 1.0 1.0 1.0 1.0 1.0 1.0 1.0 1.0 1.0 1.0 1.0 1.0 1.0 1.0 1.0 1.0 1.0 1.0 1.0 1.0 
[CR,HRDLEC,E3_HRDLEC,*,*]:
2018 2019 2020 2021 2022 2023 2024 2025 2026 2027 2028 2029 2030 2031 2032 2033 2034 2035 2036 2037 2038 2039 2040 2041 2042 2043 2044 2045 2046 2047 2048 2049 2050 :=
1 1.38 1.42 1.14 1.44 1.31 1.56 1.62 1.68 1.74 1.81 1.88 1.95 2.03 2.1 2.18 2.27 2.35 2.44 2.53 2.63 2.73 2.83 2.94 3.05 3.16 3.28 3.41 3.54 3.67 3.81 3.95 4.1 4.26 
[CR,COPASFORWET,E5COPASWET,*,*]:
2018 2019 2020 2021 2022 2023 2024 2025 2026 2027 2028 2029 2030 2031 2032 2033 2034 2035 2036 2037 2038 2039 2040 2041 2042 2043 2044 2045 2046 2047 2048 2049 2050 :=
1 1 1.0 1.0 1.0 1.0 1.0 1.0 1.0 1.0 1.0 1.0 1.0 1.0 1.0 1.0 1.0 1.0 1.0 1.0 1.0 1.0 1.0 1.0 1.0 1.0 1.0 1.0 1.0 1.0 1.0 1.0 1.0 1.0 
[CR,IMPPIN,E3_PIN,*,*]:
2018 2019 2020 2021 2022 2023 2024 2025 2026 2027 2028 2029 2030 2031 2032 2033 2034 2035 2036 2037 2038 2039 2040 2041 2042 2043 2044 2045 2046 2047 2048 2049 2050 :=
1 1 1.0 1.0 1.0 1.0 1.0 1.0 1.0 1.0 1.0 1.0 1.0 1.0 1.0 1.0 1.0 1.0 1.0 1.0 1.0 1.0 1.0 1.0 1.0 1.0 1.0 1.0 1.0 1.0 1.0 1.0 1.0 1.0 
[CR,T5OTPAGR,E5AGROTP,*,*]:
2018 2019 2020 2021 2022 2023 2024 2025 2026 2027 2028 2029 2030 2031 2032 2033 2034 2035 2036 2037 2038 2039 2040 2041 2042 2043 2044 2045 2046 2047 2048 2049 2050 :=
1 1 1.0 1.0 1.0 1.0 1.0 1.0 1.0 1.0 1.0 1.0 1.0 1.0 1.0 1.0 1.0 1.0 1.0 1.0 1.0 1.0 1.0 1.0 1.0 1.0 1.0 1.0 1.0 1.0 1.0 1.0 1.0 1.0 
[CR,DEFNONANTMSTSEC,E5DEFNONANTMSTSEC  ,*,*]:
2018 2019 2020 2021 2022 2023 2024 2025 2026 2027 2028 2029 2030 2031 2032 2033 2034 2035 2036 2037 2038 2039 2040 2041 2042 2043 2044 2045 2046 2047 2048 2049 2050 :=
1 1 1.0 1.0 1.0 1.0 1.0 1.0 1.0 1.0 1.0 1.0 1.0 1.0 1.0 1.0 1.0 1.0 1.0 1.0 1.0 1.0 1.0 1.0 1.0 1.0 1.0 1.0 1.0 1.0 1.0 1.0 1.0 1.0 
[CR,T5PLMPRIFORCOV,E5FORCOVPLMPRI,*,*]:
2018 2019 2020 2021 2022 2023 2024 2025 2026 2027 2028 2029 2030 2031 2032 2033 2034 2035 2036 2037 2038 2039 2040 2041 2042 2043 2044 2045 2046 2047 2048 2049 2050 :=
1 1 1.0 1.0 1.0 1.0 1.0 1.0 1.0 1.0 1.0 1.0 1.0 1.0 1.0 1.0 1.0 1.0 1.0 1.0 1.0 1.0 1.0 1.0 1.0 1.0 1.0 1.0 1.0 1.0 1.0 1.0 1.0 1.0 
[CR,T5DRYSECFORCOV,E5FORCOVDRYSEC,*,*]:
2018 2019 2020 2021 2022 2023 2024 2025 2026 2027 2028 2029 2030 2031 2032 2033 2034 2035 2036 2037 2038 2039 2040 2041 2042 2043 2044 2045 2046 2047 2048 2049 2050 :=
1 1 1.0 1.0 1.0 1.0 1.0 1.0 1.0 1.0 1.0 1.0 1.0 1.0 1.0 1.0 1.0 1.0 1.0 1.0 1.0 1.0 1.0 1.0 1.0 1.0 1.0 1.0 1.0 1.0 1.0 1.0 1.0 1.0 
[CR,T5OILAGR,E5AGROIL,*,*]:
2018 2019 2020 2021 2022 2023 2024 2025 2026 2027 2028 2029 2030 2031 2032 2033 2034 2035 2036 2037 2038 2039 2040 2041 2042 2043 2044 2045 2046 2047 2048 2049 2050 :=
1 1 1.0 1.0 1.0 1.0 1.0 1.0 1.0 1.0 1.0 1.0 1.0 1.0 1.0 1.0 1.0 1.0 1.0 1.0 1.0 1.0 1.0 1.0 1.0 1.0 1.0 1.0 1.0 1.0 1.0 1.0 1.0 1.0 
[CR,T5BAGAGR,E5AGRBAG,*,*]:
2018 2019 2020 2021 2022 2023 2024 2025 2026 2027 2028 2029 2030 2031 2032 2033 2034 2035 2036 2037 2038 2039 2040 2041 2042 2043 2044 2045 2046 2047 2048 2049 2050 :=
1 1 1.0 1.0 1.0 1.0 1.0 1.0 1.0 1.0 1.0 1.0 1.0 1.0 1.0 1.0 1.0 1.0 1.0 1.0 1.0 1.0 1.0 1.0 1.0 1.0 1.0 1.0 1.0 1.0 1.0 1.0 1.0 1.0 
[CR,T5INFCOV,E5COVINF,*,*]:
2018 2019 2020 2021 2022 2023 2024 2025 2026 2027 2028 2029 2030 2031 2032 2033 2034 2035 2036 2037 2038 2039 2040 2041 2042 2043 2044 2045 2046 2047 2048 2049 2050 :=
1 1 1.0 1.0 1.0 1.0 1.0 1.0 1.0 1.0 1.0 1.0 1.0 1.0 1.0 1.0 1.0 1.0 1.0 1.0 1.0 1.0 1.0 1.0 1.0 1.0 1.0 1.0 1.0 1.0 1.0 1.0 1.0 1.0 
[CR,CAMOTLMSTSEC,E5OTLMSTSEC,*,*]:
2018 2019 2020 2021 2022 2023 2024 2025 2026 2027 2028 2029 2030 2031 2032 2033 2034 2035 2036 2037 2038 2039 2040 2041 2042 2043 2044 2045 2046 2047 2048 2049 2050 :=
1 1 1.0 1.0 1.0 1.0 1.0 1.0 1.0 1.0 1.0 1.0 1.0 1.0 1.0 1.0 1.0 1.0 1.0 1.0 1.0 1.0 1.0 1.0 1.0 1.0 1.0 1.0 1.0 1.0 1.0 1.0 1.0 1.0 
[CR,DEFNONANTPLMSEC,E5DEFNONANTPLMSEC,*,*]:
2018 2019 2020 2021 2022 2023 2024 2025 2026 2027 2028 2029 2030 2031 2032 2033 2034 2035 2036 2037 2038 2039 2040 2041 2042 2043 2044 2045 2046 2047 2048 2049 2050 :=
1 1 1.0 1.0 1.0 1.0 1.0 1.0 1.0 1.0 1.0 1.0 1.0 1.0 1.0 1.0 1.0 1.0 1.0 1.0 1.0 1.0 1.0 1.0 1.0 1.0 1.0 1.0 1.0 1.0 1.0 1.0 1.0 1.0 
[CR,PROSUG,E3_SUG,*,*]:
2018 2019 2020 2021 2022 2023 2024 2025 2026 2027 2028 2029 2030 2031 2032 2033 2034 2035 2036 2037 2038 2039 2040 2041 2042 2043 2044 2045 2046 2047 2048 2049 2050 :=
1 0.1090704541356603 0.10984792496336433 0.10761968787350722 0.10642700161701318 0.10669803750133407 0.10232715227183153 0.08461433463589635 0.08461433463589639 0.08461433463589639 0.08461433463589639 0.08461433463589639 0.08461433463589639 0.08461433463589639 0.08461433463589639 0.08461433463589639 0.08461433463589639 0.08461433463589639 0.08461433463589639 0.08461433463589639 0.08461433463589639 0.08461433463589639 0.08461433463589639 0.08461433463589639 0.08461433463589639 0.08461433463589639 0.08461433463589639 0.08461433463589639 0.08461433463589639 0.08461433463589639 0.08461433463589639 0.08461433463589639 0.08461433463589639 0.08461433463589639 
[CR,AGRVEG,E3_VEG,*,*]:
2018 2019 2020 2021 2022 2023 2024 2025 2026 2027 2028 2029 2030 2031 2032 2033 2034 2035 2036 2037 2038 2039 2040 2041 2042 2043 2044 2045 2046 2047 2048 2049 2050 :=
1 26.8154 27.4919 28.2791 29.0522 29.0578 28.1391 28.219 28.219 28.219 28.219 28.219 28.219 28.219 28.219 28.219 28.219 28.219 28.219 28.219 28.219 28.219 28.219 28.219 28.219 28.219 28.219 28.219 28.219 28.219 28.219 28.219 28.219 28.219 
[CR,IMPPLM,E3_PLM,*,*]:
2018 2019 2020 2021 2022 2023 2024 2025 2026 2027 2028 2029 2030 2031 2032 2033 2034 2035 2036 2037 2038 2039 2040 2041 2042 2043 2044 2045 2046 2047 2048 2049 2050 :=
1 1 1.0 1.0 1.0 1.0 1.0 1.0 1.0 1.0 1.0 1.0 1.0 1.0 1.0 1.0 1.0 1.0 1.0 1.0 1.0 1.0 1.0 1.0 1.0 1.0 1.0 1.0 1.0 1.0 1.0 1.0 1.0 1.0 
[CR,CAMPASDRYSEC,E5PASDRYSEC,*,*]:
2018 2019 2020 2021 2022 2023 2024 2025 2026 2027 2028 2029 2030 2031 2032 2033 2034 2035 2036 2037 2038 2039 2040 2041 2042 2043 2044 2045 2046 2047 2048 2049 2050 :=
1 1 1.0 1.0 1.0 1.0 1.0 1.0 1.0 1.0 1.0 1.0 1.0 1.0 1.0 1.0 1.0 1.0 1.0 1.0 1.0 1.0 1.0 1.0 1.0 1.0 1.0 1.0 1.0 1.0 1.0 1.0 1.0 1.0 
[CR,COPASFORDRY,E5COPASDRY,*,*]:
2018 2019 2020 2021 2022 2023 2024 2025 2026 2027 2028 2029 2030 2031 2032 2033 2034 2035 2036 2037 2038 2039 2040 2041 2042 2043 2044 2045 2046 2047 2048 2049 2050 :=
1 1 1.0 1.0 1.0 1.0 1.0 1.0 1.0 1.0 1.0 1.0 1.0 1.0 1.0 1.0 1.0 1.0 1.0 1.0 1.0 1.0 1.0 1.0 1.0 1.0 1.0 1.0 1.0 1.0 1.0 1.0 1.0 1.0 
[CR,T5MSTSECFORCOV,E5FORCOVMSTSEC,*,*]:
2018 2019 2020 2021 2022 2023 2024 2025 2026 2027 2028 2029 2030 2031 2032 2033 2034 2035 2036 2037 2038 2039 2040 2041 2042 2043 2044 2045 2046 2047 2048 2049 2050 :=
1 1 1.0 1.0 1.0 1.0 1.0 1.0 1.0 1.0 1.0 1.0 1.0 1.0 1.0 1.0 1.0 1.0 1.0 1.0 1.0 1.0 1.0 1.0 1.0 1.0 1.0 1.0 1.0 1.0 1.0 1.0 1.0 1.0 
[CR,DEFANTDRYSEC,E5DEFANTDRYSEC  ,*,*]:
2018 2019 2020 2021 2022 2023 2024 2025 2026 2027 2028 2029 2030 2031 2032 2033 2034 2035 2036 2037 2038 2039 2040 2041 2042 2043 2044 2045 2046 2047 2048 2049 2050 :=
1 1 1.0 1.0 1.0 1.0 1.0 1.0 1.0 1.0 1.0 1.0 1.0 1.0 1.0 1.0 1.0 1.0 1.0 1.0 1.0 1.0 1.0 1.0 1.0 1.0 1.0 1.0 1.0 1.0 1.0 1.0 1.0 1.0 
[CR,T5OTGAGR,E5AGROTG,*,*]:
2018 2019 2020 2021 2022 2023 2024 2025 2026 2027 2028 2029 2030 2031 2032 2033 2034 2035 2036 2037 2038 2039 2040 2041 2042 2043 2044 2045 2046 2047 2048 2049 2050 :=
1 1 1.0 1.0 1.0 1.0 1.0 1.0 1.0 1.0 1.0 1.0 1.0 1.0 1.0 1.0 1.0 1.0 1.0 1.0 1.0 1.0 1.0 1.0 1.0 1.0 1.0 1.0 1.0 1.0 1.0 1.0 1.0 1.0 
;

param SpecifiedAnnualDemand default 0 :=
[CR,*,*]:
2018 2019 2020 2021 2022 2023 2024 2025 2026 2027 2028 2029 2030 2031 2032 2033 2034 2035 2036 2037 2038 2039 2040 2041 2042 2043 2044 2045 2046 2047 2048 2049 2050 :=
E5AGRRIC 0.239707 0.236224 0.239972 0.234256 0.234146 0.262062 0.253555 0.254822775 0.256096888875 0.256096888875 0.2571212764305 0.2571212764305 0.258149761536222 0.2578926402597915 0.25892421082083067 0.25866631818057084 0.2597009834532932 0.259183650816932 0.26022038542019976 0.25970201811856586 0.26074082619104016 0.260221422154803 0.2610015670172312 0.2604816435769578 0.26126256858424846 0.26074212522053475 0.26126256858424846 0.26074212522053475 0.26126256858424846 0.2604813830953142 0.2610013060156642 0.2599604203291236 0.26047930340363284 
E5AGRBAN 0.14102199019 0.14214366069999998 0.14300453948999997 0.14374875277 0.14451991717 0.14539766871999998 0.1462171866 0.146948272533 0.147683013895665 0.14842142896514332 0.1490151146810039 0.1496111751397279 0.15020961984028683 0.15066024869980768 0.1511122294459071 0.15156556613424482 0.15202026283264755 0.15232430335831285 0.15262895196502946 0.1529342098689595 0.15324007828869743 0.15354655844527482 0.15370010500372008 0.1538538051087238 0.1540076589138325 0.15416166657274633 0.15416166657274633 0.15416166657274633 0.15416166657274633 0.15400750490617357 0.1538534974012674 0.15354579040646485 0.15323869882565191 
E5AGRCAF 0.015788028 0.012823144 0.013816652 0.01176266 0.00850655 0.01261872 0.009408426 0.009455468129999998 0.009502745470649998 0.009550259198003248 0.009588460234795261 0.009626814075734442 0.00966532133203738 0.009694317296033492 0.009723400247921593 0.009752570448665359 0.009781828160011354 0.009801391816331377 0.00982099459996404 0.009840636589163967 0.009860317862342295 0.009880038498066979 0.009889918536565045 0.00989980845510161 0.009909708263556713 0.009919617971820269 0.009919617971820269 0.009919617971820269 0.009919617971820269 0.009909698353848449 0.009899788655494601 0.009879989078183611 0.009860229100027243 
E5AGRBAG 0.273351 0.276335 0.279243 0.282073 0.28482300000000005 0.28749199999999997 0.29008199999999995 0.004101281178681373 0.004117836425733444 0.004135031910251698 0.004152787448686563 0.004170862955543478 0.0041891784108286974 0.004207493866113918 0.004225969277809563 0.004244364711291512 0.0042626801620102356 0.004280915625455128 0.004298991102405425 0.004316986580184966 0.0043348220478739725 0.004352497490853775 0.004370012894623363 0.004387368244796906 0.004404563527101337 0.00442151868197734 0.004438393787355368 0.004455028723331878 0.0044715035296506835 0.004487818192588228 0.0045038926157143725 0.00451988695214436 0.004535641008350152 
E5AGRSUG 0.09836420802850002 0.099146584105 0.0997470554235 0.10026615141550001 0.1008040460755 0.101416286308 0.10198790799 0.10249784752995 0.10301033676759976 0.10352538845143776 0.10393949000524351 0.10435524796526448 0.10477266895712553 0.1050869869639969 0.10540224792488889 0.10571845466866356 0.10603561003266955 0.10624768125273489 0.10646017661524035 0.10667309696847083 0.10688644316240777 0.10710021604873259 0.10720731626478132 0.1073145235810461 0.10742183810462715 0.10752925994273177 0.10752925994273177 0.10752925994273177 0.10752925994273177 0.10742173068278904 0.10731430895210625 0.10709968033420204 0.10688548097353363 
E5AGRMOL 0.17456700000000003 0.17653899999999997 0.178466 0.180344 0.18217199999999997 0.183948 0.185672 0.18734499999999998 0.188966 0.19053599999999998 0.19205500000000003 0.19352399999999997 0.194944 0.196316 0.19764199999999998 0.198921 0.200156 0.201403 0.20260299999999998 0.203757 0.204866 0.20592699999999997 0.206942 0.20790999999999998 0.20883100000000002 0.20970399999999997 0.21053 0.211308 0.21203799999999998 0.212721 0.213357 0.213946 0.214489 
E5AGROIL 0.05 0.05 0.054 0.06 0.065 0.065 0.065 0.06532500000000001 0.065651625 0.065979883125 0.0662438026575 0.06650877786813 0.06677481297960253 0.06697513741854133 0.06717606283079695 0.06737759101928935 0.06757972379234721 0.06771488323993191 0.06785031300641177 0.0679860136324246 0.06812198565968945 0.06825822963100883 0.06832648786063984 0.06839481434850048 0.06846320916284898 0.06853167237201183 0.06853167237201183 0.06853167237201183 0.06853167237201183 0.06846314069963981 0.06839467755894017 0.0682578882038223 0.06812137242741464 
E5AGRPIN 0.12209286399000001 0.12306397470000001 0.12380929929000001 0.12445361817 0.12512127057 0.12588120312 0.1265907186 0.12722367219300001 0.127859790553965 0.12849908950673483 0.12901308586476176 0.12952913820822082 0.1300472547610537 0.13043739652533684 0.13082870871491284 0.13122119484105757 0.13161485842558074 0.1318780881424319 0.13214184431871676 0.13240612800735418 0.1326709402633689 0.13293628214389563 0.13306921842603953 0.13320228764446557 0.13333548993211003 0.13346882542204214 0.13346882542204214 0.13346882542204214 0.13346882542204214 0.1333353565966201 0.13320202124002348 0.13293561719754343 0.13266974596314834 
E5AGRORG 0.13569194676 0.13677122279999998 0.13759956395999998 0.13831564907999996 0.13905766667999997 0.13990224288 0.14069078640000002 0.14139424033200002 0.14210121153366 0.1428117175913283 0.1433829644616936 0.14395649631954038 0.14453232230481855 0.144965919271733 0.14540081702954818 0.14583701948063682 0.14627453053907874 0.14656707960015689 0.1468602137593572 0.14715393418687592 0.14744824205524967 0.14774313853936016 0.14789088167789952 0.14803877255957743 0.14818681133213701 0.14833499814346915 0.14833499814346915 0.14833499814346915 0.14833499814346915 0.1481866631453257 0.14803847648218035 0.147742399529216 0.14744691473015756 
E5AGRFRT 0.11422233257 0.11513084209999999 0.11582812047 0.11643090431 0.11705551751 0.11776646216 0.1184302398 0.119022390999 0.119617502953995 0.12021559046876497 0.12069645283064002 0.12117923864196259 0.12166395559653044 0.12202894746332003 0.12239503430571 0.12276221940862712 0.12313050606685301 0.12337676707898672 0.12362352061314469 0.12387076765437098 0.12411850918967972 0.12436674620805908 0.12449111295426714 0.1246156040672214 0.12474021967128862 0.12486495989095991 0.12486495989095991 0.12486495989095991 0.12486495989095991 0.12474009493106895 0.12461535483613788 0.1243661241264656 0.12411739187821266 
E5AGRVEG 0.11830703875000001 0.1192480375 0.11997025125 0.12059459125000002 0.12124154125000002 0.12197791000000001 0.12266542500000001 0.123278752125 0.123895145885625 0.12451462161505313 0.12501268010151334 0.12551273082191938 0.12601478174520706 0.12639282609044267 0.126772004568714 0.12715232058242013 0.1275337775441674 0.12778884509925573 0.12804442278945424 0.12830051163503314 0.12855711265830322 0.12881422688361982 0.12894304111050345 0.12907198415161394 0.12920105613576555 0.1293302571919013 0.1293302571919013 0.1293302571919013 0.1293302571919013 0.12920092693470941 0.1290717260077747 0.12881358255575914 0.12855595539064762 
E5AGROTG 0.987454879366 1.04791186798 0.898262605386 0.8985658111779999 1.0688799973379999 1.009237609008 1.0695714952400002 1.0749193527162002 1.0802939494797812 1.0856954192271802 1.090038200904089 1.0943983537077053 1.0987759471225362 1.1020722749639038 1.1053784917887954 1.1086946272641618 1.1120207111459544 1.1142447525682462 1.1164732420733827 1.1187061885575296 1.1209436009346447 1.123185488136514 1.1243086736246506 1.1254329822982752 1.1265584152805734 1.127684973695854 1.127684973695854 1.127684973695854 1.127684973695854 1.1265572887221582 1.125430731433436 1.123179869970569 1.120933510230628 
E5AGRWOD 0.05688 0.07024243 0.06350281999999999 0.06389610000000001 0.0648001 0.0645217 0.0626505707 0.060833704149700005 0.0590695267293587 0.0573565104542073 0.055693171651035295 0.054078069673155274 0.05250980565263377 0.05098702128870739 0.04950839767133488 0.04807265413886617 0.04667854716883905 0.04532486930094272 0.04401044809121538 0.042734145096570135 0.041494854888769604 0.040291504096995286 0.039123050478182424 0.037988482014315136 0.036886816035899994 0.03581709837085889 0.03477840251810398 0.03376982884507897 0.03279050380857168 0.0318395791981231 0.03091623140137753 0.030019660690737582 0.029149090530706193 
E5GANLEC 2.6649810264015277 2.822986043571673 2.5695249632889756 2.9135797662363534 2.7276228991319686 3.085139945278121 3.085139945278121 3.085139945278121 3.085139945278121 3.085139945278121 3.085139945278121 3.085139945278121 3.085139945278121 3.085139945278121 3.085139945278121 3.085139945278121 3.085139945278121 3.085139945278121 3.085139945278121 3.085139945278121 3.085139945278121 3.085139945278121 3.085139945278121 3.085139945278121 3.085139945278121 3.085139945278121 3.085139945278121 3.085139945278121 3.085139945278121 3.085139945278121 3.085139945278121 3.085139945278121 3.085139945278121 
E5GANCAR 0.0842 0.0915 0.0971 0.1039 0.0965 0.0935 0.0935 0.0935 0.0935 0.0935 0.0935 0.0935 0.0935 0.0935 0.0935 0.0935 0.0935 0.0935 0.0935 0.0935 0.0935 0.0935 0.0935 0.0935 0.0935 0.0935 0.0935 0.0935 0.0935 0.0935 0.0935 0.0935 0.0935 
E5GANPOR 0.0 0.0 0.0 0.0 0.0 0.0 0.0 0.0 0.0 0.0 0.0 0.0 0.0 0.0 0.0 0.0 0.0 0.0 0.0 0.0 0.0 0.0 0.0 0.0 0.0 0.0 0.0 0.0 0.0 0.0 0.0 0.0 0.0 
E5GANCHI 0.0 0.0 0.0 0.0 0.0 0.0 0.0 0.0 0.0 0.0 0.0 0.0 0.0 0.0 0.0 0.0 0.0 0.0 0.0 0.0 0.0 0.0 0.0 0.0 0.0 0.0 0.0 0.0 0.0 0.0 0.0 0.0 0.0 
E5AGREXPRIC 0.00807 0.01306 0.01687 0.01943 0.02116 0.01998 0.02502 0.02249 0.02294 0.0234 0.02364 0.02387 0.02411 0.02435 0.0246 0.02484 0.02509 0.02534 0.0256 0.02585 0.02611 0.02637 0.02637 0.02637 0.02637 0.02637 0.02637 0.02637 0.02637 0.02637 0.02637 0.02611 0.02585 
E5AGREXPBAN 2.34822 2.28524 2.50413 2.44348 2.36063 2.40382 2.36452 2.37832 2.38779 2.39765 2.40799 2.41852 2.42919 2.44 2.4509 2.46176 2.47256 2.48346 2.49425 2.505 2.51564 2.52619 2.53678 2.54727 2.55766 2.56791 2.57825 2.58844 2.59853 2.60866 2.61865 2.62873 2.63866 
E5AGREXPCAF 0.43804 0.48423 0.43951 0.54721 0.43082 0.46098 0.36112 0.36549 0.36697 0.3685 0.37009 0.3717 0.37333 0.37496 0.37661 0.37824 0.37988 0.3815 0.38311 0.38471 0.3863 0.38787 0.38943 0.39098 0.39251 0.39402 0.39552 0.397 0.39847 0.39992 0.40135 0.40277 0.40417 
E5AGREXPSUG 0.35581 0.35532 0.35677 0.3343 0.3159 0.24981 0.24987 0.25034 0.25125 0.25222 0.25333 0.25447 0.25563 0.25689 0.25816 0.25942 0.26068 0.26203 0.26337 0.2647 0.26602 0.26733 0.26872 0.2701 0.27147 0.27282 0.27427 0.27569 0.2771 0.27861 0.28009 0.28168 0.28324 
E5AGREXPMOL 0.0167 0.0167 0.01201 4e-05 2e-05 4e-05 0.02202 0.00751 0.00766 0.00781 0.00789 0.00797 0.00805 0.00813 0.00821 0.00829 0.00837 0.00846 0.00854 0.00863 0.00871 0.0088 0.0088 0.0088 0.0088 0.0088 0.0088 0.0088 0.0088 0.0088 0.0088 0.00871 0.00863 
E5AGREXPOIL 0.25556 0.26241 0.28205 0.27401 0.29004 0.31213 0.3058 0.29956 0.30079 0.30207 0.30336 0.30467 0.306 0.3073 0.30862 0.30993 0.31124 0.31251 0.31378 0.31504 0.31629 0.31753 0.31873 0.31992 0.32111 0.32227 0.32341 0.32453 0.32564 0.32671 0.32777 0.3288 0.32981 
E5AGREXPPIN 2.78693 2.67965 2.54333 2.84274 2.50128 2.81261 2.99289 3.00607 3.01808 3.03058 3.04363 3.05692 3.0704 3.084 3.09771 3.11137 3.12497 3.13863 3.15216 3.16564 3.17899 3.19222 3.20546 3.21858 3.23157 3.24438 3.25726 3.26995 3.28253 3.29511 3.30751 3.31997 3.33225 
E5AGREXPORG 0.17439 0.14845 0.15982 0.18382 0.18305 0.16978 0.16935 0.17386 0.17452 0.17521 0.17598 0.17676 0.17755 0.17839 0.17924 0.18008 0.18092 0.1818 0.18267 0.18353 0.18439 0.18524 0.18612 0.187 0.18787 0.18873 0.18963 0.19051 0.19139 0.19231 0.19321 0.19416 0.19509 
E5AGREXPFRT 0.16814 0.17638 0.145 0.11467 0.10744 0.10852 0.13232 0.11842 0.12078 0.1232 0.12443 0.12568 0.12693 0.1282 0.12948 0.13078 0.13209 0.13341 0.13474 0.13609 0.13745 0.13882 0.13882 0.13882 0.13882 0.13882 0.13882 0.13882 0.13882 0.13882 0.13882 0.13744 0.13606 
E5AGREXPVEG 2.2422 2.65309 2.75739 2.90965 3.47088 3.79502 3.86504 3.87987 3.89566 3.91209 3.92918 3.9466 3.96426 3.98203 3.99996 4.01781 4.03558 4.05338 4.07103 4.08859 4.10599 4.12323 4.14042 4.15746 4.17433 4.19096 4.20764 4.22407 4.24034 4.25657 4.27255 4.28858 4.30437 
E5AGREXPOTG 0.00079 0.00074 0.0068 0.00083 0.00304 0.00226 0.00331 0.00293 0.00299 0.00305 0.00308 0.00311 0.00314 0.00317 0.0032 0.00323 0.00327 0.0033 0.00333 0.00336 0.0034 0.00343 0.00343 0.00343 0.00343 0.00343 0.00343 0.00343 0.00343 0.00343 0.00343 0.0034 0.00336 
E5GANEXPLEC 0.0095 0.0 0.0635 0.0649 0.0663 0.0678 0.0705 0.0723 0.0742 0.0772 0.0794 0.082 0.0852 0.0879 0.0913 0.094 0.0978 0.1005 0.1043 0.1074 0.1115 0.1153 0.1187 0.1225 0.1262 0.1293 0.134 0.138 0.1423 0.1463 0.1505 0.1557 0.1591 
E5GANEXPCAR 0.0194 0.0211 0.0188 0.019 0.0192 0.0195 0.0199 0.0211 0.0206 0.0211 0.0215 0.0212 0.0217 0.0231 0.0228 0.0234 0.0232 0.0238 0.0236 0.0252 0.025 0.0257 0.0256 0.0255 0.0263 0.0263 0.0271 0.0262 0.0262 0.0272 0.0272 0.0281 0.0282 
E5GANEXPPOR 0.0 0.0 0.0 0.0 0.0 0.0 0.0 0.0 0.0 0.0 0.0 0.0 0.0 0.0 0.0 0.0 0.0 0.0 0.0 0.0 0.0 0.0 0.0 0.0 0.0 0.0 0.0 0.0 0.0 0.0 0.0 0.0 0.0 
E5GANEXPCHI 0.0 0.0 0.0 0.0 0.0 0.0 0.0 0.0 0.0 0.0 0.0 0.0 0.0 0.0 0.0 0.0 0.0 0.0 0.0 0.0 0.0 0.0 0.0 0.0 0.0 0.0 0.0 0.0 0.0 0.0 0.0 0.0 0.0 
E5COVOTH 0.1071 0.1099 0.1109 0.1101 0.1028 0.1028 0.1038 0.1061 0.1096 0.1143 0.1205 0.1279 0.1368 0.147 0.1587 0.172 0.1865 0.2028 0.2202 0.2394 0.26 0.282 0.3055 0.3305 0.3572 0.3854 0.4149 0.4461 0.4786 0.5128 0.5485 0.5855 0.6244 
E5COVNIN 0.1 0.08 0.09 0.09 0.09 0.09 0.09 0.09 0.1 0.1 0.1 0.1 0.1 0.11 0.11 0.11 0.11 0.11 0.12 0.12 0.12 0.12 0.12 0.13 0.13 0.13 0.13 0.13 0.13 0.14 0.14 0.14 0.14 
E5COVINF 0.08 0.08 0.08 0.08 0.08 0.08 0.08 0.08 0.09 0.09 0.09 0.09 0.09 0.09 0.09 0.09 0.09 0.09 0.09 0.09 0.09 0.09 0.09 0.1 0.1 0.1 0.1 0.1 0.1 0.1 0.1 0.1 0.1 
E5FORCOVMGRPRI 0.03449871 0.03446609 0.0344426 0.0344192 0.0344192 0.0344192 0.0344192 0.0344192 0.0344192 0.0344192 0.0344192 0.0344192 0.0344192 0.0344192 0.0344192 0.0344192 0.0344192 0.0344192 0.0344192 0.0344192 0.0344192 0.0344192 0.0344192 0.0344192 0.0344192 0.0344192 0.0344192 0.0344192 0.0344192 0.0344192 0.0344192 0.0344192 0.0344192 
E5FORCOVMGRSEC 0.0120345 0.01176005 0.01170578 0.01161745 0.01165521 0.01159373 0.01151402 0.01141477 0.01129707 0.01116151 0.01100525 0.01083137 0.01063889 0.0104275 0.01019705 0.00994712 0.00967984 0.00939138 0.0090871 0.00876087 0.00841745 0.0080555 0.00767528 0.0072754 0.00685561 0.00641685 0.00596125 0.00548554 0.00499294 0.00447967 0.00394793 0.00339917 0.00282811 
E5FORCOVMSTPRI 0.65689185 0.65523761 0.65523761 0.65523761 0.65523761 0.65523761 0.65523761 0.65523761 0.65523761 0.65523761 0.65523761 0.65523761 0.65523761 0.65523761 0.65523761 0.65523761 0.65523761 0.65523761 0.65523761 0.65523761 0.65523761 0.65523761 0.65523761 0.65523761 0.65523761 0.65523761 0.65523761 0.65523761 0.65523761 0.65523761 0.65523761 0.65523761 0.65523761 
E5FORCOVMSTSEC 0.55910639 0.55797256 0.55750152 0.5568494 0.55865916 0.55571236 0.55189184 0.54713453 0.54149301 0.53499509 0.52750516 0.51917058 0.50994492 0.49981231 0.48876646 0.47678679 0.46397553 0.45014906 0.43556423 0.41992748 0.40346632 0.38611727 0.36789253 0.34872533 0.32860388 0.30757323 0.28573553 0.26293384 0.23932238 0.21472004 0.18923277 0.16292941 0.13555727 
E5FORCOVPLMPRI 0.1143424 0.11433516 0.11431113 0.1142871 0.1142871 0.1142871 0.1142871 0.1142871 0.1142871 0.1142871 0.1142871 0.1142871 0.1142871 0.1142871 0.1142871 0.1142871 0.1142871 0.1142871 0.1142871 0.1142871 0.1142871 0.1142871 0.1142871 0.1142871 0.1142871 0.1142871 0.1142871 0.1142871 0.1142871 0.1142871 0.1142871 0.1142871 0.1142871 
E5FORCOVPLMSEC 0.02260105 0.02163471 0.0212817 0.02140603 0.0214756 0.02136232 0.02121545 0.02103258 0.02081571 0.02056592 0.020278 0.0199576 0.01960296 0.01921345 0.01878883 0.01832832 0.01783583 0.01730433 0.01674367 0.01614257 0.01550978 0.01484286 0.01414228 0.01340546 0.01263197 0.01182352 0.01098405 0.01010752 0.00919987 0.00825412 0.00727436 0.00626322 0.005211 
E5FORCOVWETPRI 1.35427185 1.35414999 1.35375059 1.35335118 1.35335118 1.35335118 1.35335118 1.35335118 1.35335118 1.35335118 1.35335118 1.35335118 1.35335118 1.35335118 1.35335118 1.35335118 1.35335118 1.35335118 1.35335118 1.35335118 1.35335118 1.35335118 1.35335118 1.35335118 1.35335118 1.35335118 1.35335118 1.35335118 1.35335118 1.35335118 1.35335118 1.35335118 1.35335118 
E5FORCOVWETSEC 0.30431074 0.30419684 0.30215427 0.30071279 0.3016901 0.30009876 0.29803558 0.29546651 0.29241995 0.28891091 0.28486616 0.28036527 0.27538318 0.26991132 0.26394628 0.25747695 0.25055855 0.2430919 0.23521572 0.22677148 0.21788204 0.20851311 0.19867129 0.18832052 0.17745442 0.16609734 0.15430443 0.14199094 0.12924015 0.11595426 0.10219049 0.08798601 0.07320436 
E5FORCOVDRYPRI 0.03662728 0.03662206 0.03662206 0.03662206 0.03662206 0.03662206 0.03662206 0.03662206 0.03662206 0.03662206 0.03662206 0.03662206 0.03662206 0.03662206 0.03662206 0.03662206 0.03662206 0.03662206 0.03662206 0.03662206 0.03662206 0.03662206 0.03662206 0.03662206 0.03662206 0.03662206 0.03662206 0.03662206 0.03662206 0.03662206 0.03662206 0.03662206 0.03662206 
E5FORCOVDRYSEC 0.02646827 0.02646004 0.02611958 0.02578236 0.02586615 0.02572972 0.02555282 0.02533256 0.02507135 0.0247705 0.02442371 0.02403782 0.02361066 0.02314152 0.02263009 0.02207543 0.02148226 0.02084209 0.02016681 0.01944282 0.01868066 0.01787739 0.01703358 0.01614613 0.0152145 0.01424077 0.01322967 0.01217395 0.01108073 0.00994163 0.00876156 0.0075437 0.00627636 
E5BOSMANWETPRI   1354.27185 1354.14999 1353.75059 1353.3511799999999 1353.3511799999999 1353.3511799999999 1353.3511799999999 1353.3511799999999 1353.3511799999999 1353.3511799999999 1353.3511799999999 1353.3511799999999 1353.3511799999999 1353.3511799999999 1353.3511799999999 1353.3511799999999 1353.3511799999999 1353.3511799999999 1353.3511799999999 1353.3511799999999 1353.3511799999999 1353.3511799999999 1353.3511799999999 1353.3511799999999 1353.3511799999999 1353.3511799999999 1353.3511799999999 1353.3511799999999 1353.3511799999999 1353.3511799999999 1353.3511799999999 1353.3511799999999 1353.3511799999999 
E5BOSMANMSTPRI   656.89185 655.23761 655.23761 655.23761 655.23761 655.23761 655.23761 655.23761 655.23761 655.23761 655.23761 655.23761 655.23761 655.23761 655.23761 655.23761 655.23761 655.23761 655.23761 655.23761 655.23761 655.23761 655.23761 655.23761 655.23761 655.23761 655.23761 655.23761 655.23761 655.23761 655.23761 655.23761 655.23761 
E5BOSMANDRYPRI   36.62728 36.62206 36.62206 36.62206 36.62206 36.62206 36.62206 36.62206 36.62206 36.62206 36.62206 36.62206 36.62206 36.62206 36.62206 36.62206 36.62206 36.62206 36.62206 36.62206 36.62206 36.62206 36.62206 36.62206 36.62206 36.62206 36.62206 36.62206 36.62206 36.62206 36.62206 36.62206 36.62206 
E5BOSMANMGRPRI   34.49871 34.466089999999994 34.4426 34.4192 34.4192 34.4192 34.4192 34.4192 34.4192 34.4192 34.4192 34.4192 34.4192 34.4192 34.4192 34.4192 34.4192 34.4192 34.4192 34.4192 34.4192 34.4192 34.4192 34.4192 34.4192 34.4192 34.4192 34.4192 34.4192 34.4192 34.4192 34.4192 34.4192 
E5BOSMANPLMPRI   114.3424 114.33516 114.31113 114.28710000000001 114.28710000000001 114.28710000000001 114.28710000000001 114.28710000000001 114.28710000000001 114.28710000000001 114.28710000000001 114.28710000000001 114.28710000000001 114.28710000000001 114.28710000000001 114.28710000000001 114.28710000000001 114.28710000000001 114.28710000000001 114.28710000000001 114.28710000000001 114.28710000000001 114.28710000000001 114.28710000000001 114.28710000000001 114.28710000000001 114.28710000000001 114.28710000000001 114.28710000000001 114.28710000000001 114.28710000000001 114.28710000000001 114.28710000000001 
E5BOSMANWETSEC   304.31074 304.19684 302.15427 300.71279 301.6901 300.09876 298.03558000000004 295.46651 292.41995000000003 288.91091 284.86616 280.36527 275.38318 269.91132 263.94628 257.47695 250.55855 243.09189999999998 235.21572 226.77148 217.88204000000002 208.51310999999998 198.67129 188.32052 177.45442 166.09734 154.30443 141.99094 129.24015 115.95425999999999 102.19049000000001 87.98601 73.20436 
E5BOSMANMSTSEC   559.10639 557.97256 557.50152 556.8494000000001 558.65916 555.71236 551.89184 547.13453 541.49301 534.99509 527.50516 519.17058 509.94491999999997 499.81231 488.76646 476.78679 463.97553000000005 450.14906 435.56423 419.92748 403.46632 386.11727 367.89253 348.72533000000004 328.60388 307.57322999999997 285.73553000000004 262.93384000000003 239.32238 214.72004 189.23277 162.92941 135.55727 
E5BOSMANDRYSEC   26.46827 26.46004 26.119580000000003 25.78236 25.86615 25.72972 25.55282 25.33256 25.07135 24.7705 24.42371 24.03782 23.61066 23.14152 22.63009 22.07543 21.48226 20.84209 20.16681 19.44282 18.68066 17.87739 17.03358 16.14613 15.2145 14.240770000000001 13.22967 12.173950000000001 11.080729999999999 9.94163 8.76156 7.543699999999999 6.2763599999999995 
E5BOSMANMGRSEC   12.0345 11.76005 11.70578 11.617450000000002 11.655209999999999 11.593729999999999 11.51402 11.41477 11.29707 11.16151 11.00525 10.831370000000001 10.63889 10.4275 10.197049999999999 9.94712 9.67984 9.39138 9.0871 8.76087 8.41745 8.0555 7.67528 7.275399999999999 6.8556099999999995 6.41685 5.96125 5.48554 4.99294 4.4796700000000005 3.94793 3.3991700000000002 2.82811 
E5BOSMANPLMSEC 22.60105 21.63471 21.2817 21.406029999999998 21.4756 21.36232 21.21545 21.032580000000003 20.81571 20.56592 20.278 19.9576 19.60296 19.21345 18.78883 18.328319999999998 17.83583 17.30433 16.743669999999998 16.14257 15.509780000000001 14.84286 14.142280000000001 13.40546 12.631969999999999 11.82352 10.98405 10.107520000000001 9.19987 8.25412 7.27436 6.2632200000000005 5.211 
E5DEFANTWETPRI   0.0 0.0 0.39941000000000004 0.39941000000000004 0.39941000000000004 0.39941000000000004 0.39941000000000004 0.39941000000000004 0.39941000000000004 0.39941000000000004 0.39941000000000004 0.36212 0.32831 0.29766000000000004 0.26987 0.24468 0.22183 0.20112 0.18234999999999998 0.16532 0.14989 0.1359 0.12321 0.11170999999999999 0.10128 0.09182 0.08325 0.07548 0.06843 0.06204 0.05625 0.051 0.04624 
E5DEFANTMSTPRI   1.4038199999999998 1.4038199999999998 0.0 0.0 0.0 0.0 0.0 0.0 0.0 0.0 0.0 0.0 0.0 0.0 0.0 0.0 0.0 0.0 0.0 0.0 0.0 0.0 0.0 0.0 0.0 0.0 0.0 0.0 0.0 0.0 0.0 0.0 0.0 
E5DEFANTDRYPRI   0.0 0.0 0.0 0.0 0.0 0.0 0.0 0.0 0.0 0.0 0.0 0.0 0.0 0.0 0.0 0.0 0.0 0.0 0.0 0.0 0.0 0.0 0.0 0.0 0.0 0.0 0.0 0.0 0.0 0.0 0.0 0.0 0.0 
E5DEFANTMGRPRI   0.032619999999999996 0.032619999999999996 0.0 0.0 0.0 0.0 0.0 0.0 0.0 0.0 0.0 0.0 0.0 0.0 0.0 0.0 0.0 0.0 0.0 0.0 0.0 0.0 0.0 0.0 0.0 0.0 0.0 0.0 0.0 0.0 0.0 0.0 0.0 
E5DEFANTPLMPRI   0.00724 0.00724 0.0 0.0 0.0 0.0 0.0 0.0 0.0 0.0 0.0 0.0 0.0 0.0 0.0 0.0 0.0 0.0 0.0 0.0 0.0 0.0 0.0 0.0 0.0 0.0 0.0 0.0 0.0 0.0 0.0 0.0 0.0 
E5DEFANTWETSEC   0.5207200000000001 0.5207200000000001 1.9984300000000002 1.9984300000000002 1.9984300000000002 1.9984300000000002 1.9984300000000002 1.9984300000000002 1.9984300000000002 1.9984300000000002 1.9984300000000002 1.8118599999999998 1.6427100000000001 1.48935 1.3503 1.22424 1.10995 1.00632 0.91238 0.8272 0.74997 0.67996 0.61648 0.55892 0.50674 0.45943 0.41654 0.37765 0.3424 0.31043 0.28145 0.25517 0.23135 
E5DEFANTMSTSEC   2.00419 2.00419 1.17964 1.17964 1.17964 1.17964 1.17964 1.17964 1.17964 1.17964 1.17964 1.06951 0.96966 0.87913 0.79706 0.72265 0.65518 0.59401 0.5385599999999999 0.48828 0.44269 0.40137 0.36389 0.32992 0.29912 0.2712 0.24588 0.22291999999999998 0.20211 0.18324000000000001 0.16613 0.15062 0.13656000000000001 
E5DEFANTDRYSEC   0.09868 0.09868 0.44459 0.44459 0.44459 0.44459 0.44459 0.44459 0.44459 0.44459 0.44459 0.40308 0.36545 0.33132999999999996 0.3004 0.27235000000000004 0.24693 0.22387 0.20297 0.18402000000000002 0.16684000000000002 0.15127000000000002 0.13715 0.12434 0.11273000000000001 0.10221 0.09267 0.08402 0.07617 0.06906 0.06261 0.05677 0.05147 
E5DEFANTMGRSEC   0.19106 0.19106 0.027219999999999998 0.027219999999999998 0.027219999999999998 0.027219999999999998 0.027219999999999998 0.027219999999999998 0.027219999999999998 0.027219999999999998 0.027219999999999998 0.02468 0.02238 0.02029 0.01839 0.01668 0.01512 0.013710000000000002 0.01243 0.011269999999999999 0.01022 0.00926 0.008400000000000001 0.0076100000000000004 0.006900000000000001 0.00626 0.00567 0.00514 0.00466 0.00423 0.00383 0.00348 0.00315 
E5DEFANTPLMSEC 1.12852 1.12852 0.6034299999999999 0.6034299999999999 0.6034299999999999 0.6034299999999999 0.6034299999999999 0.6034299999999999 0.6034299999999999 0.6034299999999999 0.6034299999999999 0.5470900000000001 0.49601999999999996 0.44971 0.40773000000000004 0.36966000000000004 0.33515 0.30386 0.27549 0.24977000000000002 0.22646 0.20531 0.18615 0.16877 0.15300999999999998 0.13873 0.12578 0.11403 0.10339 0.09373999999999999 0.08498 0.07705 0.06986 
E5DEFNONANTWETPRI   0.122 0.122 0.0 0.0 0.0 0.0 0.0 0.0 0.0 0.0 0.0 0.0 0.0 0.0 0.0 0.0 0.0 0.0 0.0 0.0 0.0 0.0 0.0 0.0 0.0 0.0 0.0 0.0 0.0 0.0 0.0 0.0 0.0 
E5DEFNONANTMSTPRI   0.25 0.25 0.0 0.0 0.0 0.0 0.0 0.0 0.0 0.0 0.0 0.0 0.0 0.0 0.0 0.0 0.0 0.0 0.0 0.0 0.0 0.0 0.0 0.0 0.0 0.0 0.0 0.0 0.0 0.0 0.0 0.0 0.0 
E5DEFNONANTDRYPRI   0.005 0.005 0.0 0.0 0.0 0.0 0.0 0.0 0.0 0.0 0.0 0.0 0.0 0.0 0.0 0.0 0.0 0.0 0.0 0.0 0.0 0.0 0.0 0.0 0.0 0.0 0.0 0.0 0.0 0.0 0.0 0.0 0.0 
E5DEFNONANTMGRPRI   0.0 0.0 0.023 0.023 0.023 0.023 0.023 0.023 0.023 0.023 0.023 0.023 0.023 0.023 0.023 0.023 0.023 0.023 0.023 0.023 0.023 0.023 0.023 0.023 0.023 0.023 0.023 0.023 0.023 0.023 0.023 0.023 0.023 
E5DEFNONANTPLMPRI   0.0 0.0 0.024 0.024 0.024 0.024 0.024 0.024 0.024 0.024 0.024 0.024 0.024 0.024 0.024 0.024 0.024 0.024 0.024 0.024 0.024 0.024 0.024 0.024 0.024 0.024 0.024 0.024 0.024 0.024 0.024 0.024 0.024 
E5DEFNONANTWETSEC   94.992 94.992 94.992 94.992 94.992 94.992 94.992 94.992 94.992 94.992 94.992 94.992 94.992 94.992 94.992 94.992 94.992 94.992 94.992 94.992 94.992 94.992 94.992 94.992 94.992 94.992 94.992 94.992 94.992 94.992 94.992 94.992 94.992 
E5DEFNONANTMSTSEC   294.2 294.2 294.2 294.2 294.2 294.2 294.2 294.2 294.2 294.2 294.2 294.2 294.2 294.2 294.2 294.2 294.2 294.2 294.2 294.2 294.2 294.2 294.2 294.2 294.2 294.2 294.2 294.2 294.2 294.2 294.2 294.2 294.2 
E5DEFNONANTDRYSEC   13.68 13.68 13.68 13.68 13.68 13.68 13.68 13.68 13.68 13.68 13.68 13.68 13.68 13.68 13.68 13.68 13.68 13.68 13.68 13.68 13.68 13.68 13.68 13.68 13.68 13.68 13.68 13.68 13.68 13.68 13.68 13.68 13.68 
E5DEFNONANTMGRSEC   121.226 121.226 121.226 121.226 121.226 121.226 121.226 121.226 121.226 121.226 121.226 121.226 121.226 121.226 121.226 121.226 121.226 121.226 121.226 121.226 121.226 121.226 121.226 121.226 121.226 121.226 121.226 121.226 121.226 121.226 121.226 121.226 121.226 
E5DEFNONANTPLMSEC 116.591 116.591 116.591 116.591 116.591 116.591 116.591 116.591 116.591 116.591 116.591 116.591 116.591 116.591 116.591 116.591 116.591 116.591 116.591 116.591 116.591 116.591 116.591 116.591 116.591 116.591 116.591 116.591 116.591 116.591 116.591 116.591 116.591 
E5CRPWETSEC 0.1208 0.1208 0.4772 0.4772 0.4772 0.4772 0.4772 0.4772 0.4772 0.4772 0.4772 0.4772 0.4772 0.4772 0.4772 0.4772 0.4772 0.4772 0.4772 0.4772 0.4772 0.4772 0.4772 0.4772 0.4772 0.4772 0.4772 0.4772 0.4772 0.4772 0.4772 0.4772 0.4772 
E5CRPMSTSEC 1.0986 1.0986 0.9835 0.9835 0.9835 0.9835 0.9835 0.9835 0.9835 0.9835 0.9835 0.9835 0.9835 0.9835 0.9835 0.9835 0.9835 0.9835 0.9835 0.9835 0.9835 0.9835 0.9835 0.9835 0.9835 0.9835 0.9835 0.9835 0.9835 0.9835 0.9835 0.9835 0.9835 
E5CRPDRYSEC 0.0 0.0 0.047 0.047 0.047 0.047 0.047 0.047 0.047 0.047 0.047 0.047 0.047 0.047 0.047 0.047 0.047 0.047 0.047 0.047 0.047 0.047 0.047 0.047 0.047 0.047 0.047 0.047 0.047 0.047 0.047 0.047 0.047 
E5CRPMGRSEC 0.033 0.033 0.0 0.0 0.0 0.0 0.0 0.0 0.0 0.0 0.0 0.0 0.0 0.0 0.0 0.0 0.0 0.0 0.0 0.0 0.0 0.0 0.0 0.0 0.0 0.0 0.0 0.0 0.0 0.0 0.0 0.0 0.0 
E5CRPPLMSEC 0.0238 0.0238 0.7099 0.7099 0.7099 0.7099 0.7099 0.7099 0.7099 0.7099 0.7099 0.7099 0.7099 0.7099 0.7099 0.7099 0.7099 0.7099 0.7099 0.7099 0.7099 0.7099 0.7099 0.7099 0.7099 0.7099 0.7099 0.7099 0.7099 0.7099 0.7099 0.7099 0.7099 
E5PASWETSEC 0.0 0.0 0.62575 0.63 0.63 0.63 0.63 0.63 0.63 0.63 0.63 0.63 0.63 0.63 0.63 0.63 0.63 0.63 0.63 0.63 0.63 0.63 0.63 0.63 0.63 0.63 0.63 0.63 0.63 0.63 0.63 0.63 0.63 
E5PASMSTSEC 0.0633 0.0633 0.0 0.0 0.0 0.0 0.0 0.0 0.0 0.0 0.0 0.0 0.0 0.0 0.0 0.0 0.0 0.0 0.0 0.0 0.0 0.0 0.0 0.0 0.0 0.0 0.0 0.0 0.0 0.0 0.0 0.0 0.0 
E5PASDRYSEC 0.0104 0.0104 0.0604 0.0604 0.0604 0.0604 0.0604 0.0604 0.0604 0.0604 0.0604 0.0604 0.0604 0.0604 0.0604 0.0604 0.0604 0.0604 0.0604 0.0604 0.0604 0.0604 0.0604 0.0604 0.0604 0.0604 0.0604 0.0604 0.0604 0.0604 0.0604 0.0604 0.0604 
E5PASMGRSEC 0.0 0.0 0.0024 0.0024 0.0024 0.0024 0.0024 0.0024 0.0024 0.0024 0.0024 0.0024 0.0024 0.0024 0.0024 0.0024 0.0024 0.0024 0.0024 0.0024 0.0024 0.0024 0.0024 0.0024 0.0024 0.0024 0.0024 0.0024 0.0024 0.0024 0.0024 0.0024 0.0024 
E5PASPLMSEC 0.0 0.0 0.0462 0.0462 0.0462 0.0462 0.0462 0.0462 0.0462 0.0462 0.0462 0.0462 0.0462 0.0462 0.0462 0.0462 0.0462 0.0462 0.0462 0.0462 0.0462 0.0462 0.0462 0.0462 0.0462 0.0462 0.0462 0.0462 0.0462 0.0462 0.0462 0.0462 0.0462 
E5OTLWETSEC 0.39 0.39 0.0 0.0 0.0 0.01 0.01 0.02 0.03 0.03 0.04 0.05 0.05 0.06 0.07 0.07 0.07 0.07 0.07 0.07 0.07 0.07 0.07 0.07 0.07 0.07 0.07 0.07 0.07 0.07 0.07 0.07 0.07 
E5OTLMSTSEC 0.0026 0.0026 0.0 0.0 0.0 0.0 0.0 0.0 0.0 0.0 0.0 0.0 0.0 0.0 0.0 0.0 0.0 0.0 0.0 0.0 0.0 0.0 0.0 0.0 0.0 0.0 0.0 0.0 0.0 0.0 0.0 0.0 0.0 
E5OTLDRYSEC 0.1197 0.27256 0.48034 0.85117 0.95874 1.19794 1.58057 2.01132 2.5855 3.25497 3.25497 3.25497 3.25497 3.25497 3.25497 3.25497 3.25497 3.25497 3.25497 3.25497 3.25497 3.25497 3.25497 3.25497 3.25497 3.25497 3.25497 3.25497 3.25497 3.25497 3.25497 3.25497 3.25497 
E5OTLMGRSEC 0.00486 0.00486 0.00139 0.00139 0.00139 0.00139 0.00139 0.00139 0.00139 0.00139 0.00139 0.00139 0.00139 0.00139 0.00139 0.00139 0.00139 0.00139 0.00139 0.00139 0.00139 0.00139 0.00139 0.00139 0.00139 0.00139 0.00139 0.00139 0.00139 0.00139 0.00139 0.00139 0.00139 
E5OTLPLMSEC 0.25496 0.25496 0.0 0.0 0.0 0.0 0.0 0.0 0.0 0.0 0.0 0.0 0.0 0.0 0.0 0.0 0.0 0.0 0.0 0.0 0.0 0.0 0.0 0.0 0.0 0.0 0.0 0.0 0.0 0.0 0.0 0.0 0.0 
E5NOSTCLND 1.87 1.87 1.88 1.88 1.88 1.88 1.88 1.88 1.88 1.88 1.88 1.88 1.88 1.88 1.88 1.88 1.88 1.88 1.88 1.88 1.88 1.88 1.88 1.88 1.88 1.88 1.88 1.88 1.88 1.88 1.88 1.88 1.88 
E5DEGWET 0.05111278 0.05111278 0.02370559 0.02370559 0.03740919 0.03740919 0.03740919 0.03740919 0.03740919 0.03740919 0.03740919 0.03740919 0.03740919 0.03740919 0.03740919 0.03740919 0.03740919 0.03740919 0.03740919 0.03740919 0.03740919 0.03740919 0.03740919 0.03740919 0.03740919 0.03740919 0.03740919 0.03740919 0.03740919 0.03740919 0.03740919 0.03740919 0.03740919 
E5DEGMST 0.0608759 0.0608759 0.03160746 0.03160746 0.04624168 0.04624168 0.04624168 0.04624168 0.04624168 0.04624168 0.04624168 0.04624168 0.04624168 0.04624168 0.04624168 0.04624168 0.04624168 0.04624168 0.04624168 0.04624168 0.04624168 0.04624168 0.04624168 0.04624168 0.04624168 0.04624168 0.04624168 0.04624168 0.04624168 0.04624168 0.04624168 0.04624168 0.04624168 
E5DEGDRY 0.0017229 0.0017229 0.00169326 0.00169326 0.00170808 0.00170808 0.00170808 0.00170808 0.00170808 0.00170808 0.00170808 0.00170808 0.00170808 0.00170808 0.00170808 0.00170808 0.00170808 0.00170808 0.00170808 0.00170808 0.00170808 0.00170808 0.00170808 0.00170808 0.00170808 0.00170808 0.00170808 0.00170808 0.00170808 0.00170808 0.00170808 0.00170808 0.00170808 
E5DEGMGR 0.0005743 0.0005743 0.00169326 0.00169326 0.00113378 0.00113378 0.00113378 0.00113378 0.00113378 0.00113378 0.00113378 0.00113378 0.00113378 0.00113378 0.00113378 0.00113378 0.00113378 0.00113378 0.00113378 0.00113378 0.00113378 0.00113378 0.00113378 0.00113378 0.00113378 0.00113378 0.00113378 0.00113378 0.00113378 0.00113378 0.00113378 0.00113378 0.00113378 
E5DEGPLM 0.0022972 0.0022972 0.00112884 0.00112884 0.00171302 0.00171302 0.00171302 0.00171302 0.00171302 0.00171302 0.00171302 0.00171302 0.00171302 0.00171302 0.00171302 0.00171302 0.00171302 0.00171302 0.00171302 0.00171302 0.00171302 0.00171302 0.00171302 0.00171302 0.00171302 0.00171302 0.00171302 0.00171302 0.00171302 0.00171302 0.00171302 0.00171302 0.00171302 
E5COPASWET 0.03158655 0.03158655 0.03158655 0.03158655 0.03158655 0.03158655 0.03158655 0.03158655 0.03158655 0.03158655 0.03158655 0.03158655 0.03158655 0.03158655 0.03158655 0.03158655 0.03158655 0.03158655 0.03158655 0.03158655 0.03158655 0.03158655 0.03158655 0.03158655 0.03158655 0.03158655 0.03158655 0.03158655 0.03158655 0.03158655 0.03158655 0.03158655 0.03158655 
E5COPASMST 0.04020106 0.04020106 0.04020106 0.04020106 0.04020106 0.04020106 0.04020106 0.04020106 0.04020106 0.04020106 0.04020106 0.04020106 0.04020106 0.04020106 0.04020106 0.04020106 0.04020106 0.04020106 0.04020106 0.04020106 0.04020106 0.04020106 0.04020106 0.04020106 0.04020106 0.04020106 0.04020106 0.04020106 0.04020106 0.04020106 0.04020106 0.04020106 0.04020106 
E5COPASDRY 0.00344581 0.00344581 0.00344581 0.00344581 0.00344581 0.00344581 0.00344581 0.00344581 0.00344581 0.00344581 0.00344581 0.00344581 0.00344581 0.00344581 0.00344581 0.00344581 0.00344581 0.00344581 0.00344581 0.00344581 0.00344581 0.00344581 0.00344581 0.00344581 0.00344581 0.00344581 0.00344581 0.00344581 0.00344581 0.00344581 0.00344581 0.00344581 0.00344581 
E5COPASPLM 0.0011486 0.0011486 0.0011486 0.0011486 0.0011486 0.0011486 0.0011486 0.0011486 0.0011486 0.0011486 0.0011486 0.0011486 0.0011486 0.0011486 0.0011486 0.0011486 0.0011486 0.0011486 0.0011486 0.0011486 0.0011486 0.0011486 0.0011486 0.0011486 0.0011486 0.0011486 0.0011486 0.0011486 0.0011486 0.0011486 0.0011486 0.0011486 0.0011486 
;

param SpecifiedDemandProfile default 0 :=
[CR,E5DEFANTMGRPRI  ,*,*]:
2018 2019 2020 2021 2022 2023 2024 2025 2026 2027 2028 2029 2030 2031 2032 2033 2034 2035 2036 2037 2038 2039 2040 2041 2042 2043 2044 2045 2046 2047 2048 2049 2050 :=
All 1 1 1 1 1 1 1 1 1 1 1 1 1 1 1 1 1 1 1 1 1 1 1 1 1 1 1 1 1 1 1 1 1 
[CR,E5CRPMGRSEC,*,*]:
2018 2019 2020 2021 2022 2023 2024 2025 2026 2027 2028 2029 2030 2031 2032 2033 2034 2035 2036 2037 2038 2039 2040 2041 2042 2043 2044 2045 2046 2047 2048 2049 2050 :=
All 1 1 1 1 1 1 1 1 1 1 1 1 1 1 1 1 1 1 1 1 1 1 1 1 1 1 1 1 1 1 1 1 1 
[CR,E5AGRVEG,*,*]:
2018 2019 2020 2021 2022 2023 2024 2025 2026 2027 2028 2029 2030 2031 2032 2033 2034 2035 2036 2037 2038 2039 2040 2041 2042 2043 2044 2045 2046 2047 2048 2049 2050 :=
All 1 1 1 1 1 1 1 1 1 1 1 1 1 1 1 1 1 1 1 1 1 1 1 1 1 1 1 1 1 1 1 1 1 
[CR,E5BOSMANPLMPRI  ,*,*]:
2018 2019 2020 2021 2022 2023 2024 2025 2026 2027 2028 2029 2030 2031 2032 2033 2034 2035 2036 2037 2038 2039 2040 2041 2042 2043 2044 2045 2046 2047 2048 2049 2050 :=
All 1 1 1 1 1 1 1 1 1 1 1 1 1 1 1 1 1 1 1 1 1 1 1 1 1 1 1 1 1 1 1 1 1 
[CR,E5DEGPLM,*,*]:
2018 2019 2020 2021 2022 2023 2024 2025 2026 2027 2028 2029 2030 2031 2032 2033 2034 2035 2036 2037 2038 2039 2040 2041 2042 2043 2044 2045 2046 2047 2048 2049 2050 :=
All 1 1 1 1 1 1 1 1 1 1 1 1 1 1 1 1 1 1 1 1 1 1 1 1 1 1 1 1 1 1 1 1 1 
[CR,E5AGREXPBAN,*,*]:
2018 2019 2020 2021 2022 2023 2024 2025 2026 2027 2028 2029 2030 2031 2032 2033 2034 2035 2036 2037 2038 2039 2040 2041 2042 2043 2044 2045 2046 2047 2048 2049 2050 :=
All 1 1 1 1 1 1 1 1 1 1 1 1 1 1 1 1 1 1 1 1 1 1 1 1 1 1 1 1 1 1 1 1 1 
[CR,E5DEFANTMSTPRI  ,*,*]:
2018 2019 2020 2021 2022 2023 2024 2025 2026 2027 2028 2029 2030 2031 2032 2033 2034 2035 2036 2037 2038 2039 2040 2041 2042 2043 2044 2045 2046 2047 2048 2049 2050 :=
All 1 1 1 1 1 1 1 1 1 1 1 1 1 1 1 1 1 1 1 1 1 1 1 1 1 1 1 1 1 1 1 1 1 
[CR,E5BOSMANMSTPRI  ,*,*]:
2018 2019 2020 2021 2022 2023 2024 2025 2026 2027 2028 2029 2030 2031 2032 2033 2034 2035 2036 2037 2038 2039 2040 2041 2042 2043 2044 2045 2046 2047 2048 2049 2050 :=
All 1 1 1 1 1 1 1 1 1 1 1 1 1 1 1 1 1 1 1 1 1 1 1 1 1 1 1 1 1 1 1 1 1 
[CR,E5DEFANTPLMPRI  ,*,*]:
2018 2019 2020 2021 2022 2023 2024 2025 2026 2027 2028 2029 2030 2031 2032 2033 2034 2035 2036 2037 2038 2039 2040 2041 2042 2043 2044 2045 2046 2047 2048 2049 2050 :=
All 1 1 1 1 1 1 1 1 1 1 1 1 1 1 1 1 1 1 1 1 1 1 1 1 1 1 1 1 1 1 1 1 1 
[CR,E5OTLWETSEC,*,*]:
2018 2019 2020 2021 2022 2023 2024 2025 2026 2027 2028 2029 2030 2031 2032 2033 2034 2035 2036 2037 2038 2039 2040 2041 2042 2043 2044 2045 2046 2047 2048 2049 2050 :=
All 1 1 1 1 1 1 1 1 1 1 1 1 1 1 1 1 1 1 1 1 1 1 1 1 1 1 1 1 1 1 1 1 1 
[CR,E5AGREXPORG,*,*]:
2018 2019 2020 2021 2022 2023 2024 2025 2026 2027 2028 2029 2030 2031 2032 2033 2034 2035 2036 2037 2038 2039 2040 2041 2042 2043 2044 2045 2046 2047 2048 2049 2050 :=
All 1 1 1 1 1 1 1 1 1 1 1 1 1 1 1 1 1 1 1 1 1 1 1 1 1 1 1 1 1 1 1 1 1 
[CR,E5GANEXPCHI,*,*]:
2018 2019 2020 2021 2022 2023 2024 2025 2026 2027 2028 2029 2030 2031 2032 2033 2034 2035 2036 2037 2038 2039 2040 2041 2042 2043 2044 2045 2046 2047 2048 2049 2050 :=
All 1 1 1 1 1 1 1 1 1 1 1 1 1 1 1 1 1 1 1 1 1 1 1 1 1 1 1 1 1 1 1 1 1 
[CR,E5GANCHI,*,*]:
2018 2019 2020 2021 2022 2023 2024 2025 2026 2027 2028 2029 2030 2031 2032 2033 2034 2035 2036 2037 2038 2039 2040 2041 2042 2043 2044 2045 2046 2047 2048 2049 2050 :=
All 1 1 1 1 1 1 1 1 1 1 1 1 1 1 1 1 1 1 1 1 1 1 1 1 1 1 1 1 1 1 1 1 1 
[CR,E5BOSMANWETSEC  ,*,*]:
2018 2019 2020 2021 2022 2023 2024 2025 2026 2027 2028 2029 2030 2031 2032 2033 2034 2035 2036 2037 2038 2039 2040 2041 2042 2043 2044 2045 2046 2047 2048 2049 2050 :=
All 1 1 1 1 1 1 1 1 1 1 1 1 1 1 1 1 1 1 1 1 1 1 1 1 1 1 1 1 1 1 1 1 1 
[CR,E5AGROIL,*,*]:
2018 2019 2020 2021 2022 2023 2024 2025 2026 2027 2028 2029 2030 2031 2032 2033 2034 2035 2036 2037 2038 2039 2040 2041 2042 2043 2044 2045 2046 2047 2048 2049 2050 :=
All 1 1 1 1 1 1 1 1 1 1 1 1 1 1 1 1 1 1 1 1 1 1 1 1 1 1 1 1 1 1 1 1 1 
[CR,E5AGREXPPIN,*,*]:
2018 2019 2020 2021 2022 2023 2024 2025 2026 2027 2028 2029 2030 2031 2032 2033 2034 2035 2036 2037 2038 2039 2040 2041 2042 2043 2044 2045 2046 2047 2048 2049 2050 :=
All 1 1 1 1 1 1 1 1 1 1 1 1 1 1 1 1 1 1 1 1 1 1 1 1 1 1 1 1 1 1 1 1 1 
[CR,E5DEFANTPLMSEC,*,*]:
2018 2019 2020 2021 2022 2023 2024 2025 2026 2027 2028 2029 2030 2031 2032 2033 2034 2035 2036 2037 2038 2039 2040 2041 2042 2043 2044 2045 2046 2047 2048 2049 2050 :=
All 1 1 1 1 1 1 1 1 1 1 1 1 1 1 1 1 1 1 1 1 1 1 1 1 1 1 1 1 1 1 1 1 1 
[CR,E5COVPAS,*,*]:
2018 2019 2020 2021 2022 2023 2024 2025 2026 2027 2028 2029 2030 2031 2032 2033 2034 2035 2036 2037 2038 2039 2040 2041 2042 2043 2044 2045 2046 2047 2048 2049 2050 :=
All 1 1 1 1 1 1 1 1 1 1 1 1 1 1 1 1 1 1 1 1 1 1 1 1 1 1 1 1 1 1 1 1 1 
[CR,E5DEFNONANTDRYPRI  ,*,*]:
2018 2019 2020 2021 2022 2023 2024 2025 2026 2027 2028 2029 2030 2031 2032 2033 2034 2035 2036 2037 2038 2039 2040 2041 2042 2043 2044 2045 2046 2047 2048 2049 2050 :=
All 1 1 1 1 1 1 1 1 1 1 1 1 1 1 1 1 1 1 1 1 1 1 1 1 1 1 1 1 1 1 1 1 1 
[CR,E5CRPMSTSEC,*,*]:
2018 2019 2020 2021 2022 2023 2024 2025 2026 2027 2028 2029 2030 2031 2032 2033 2034 2035 2036 2037 2038 2039 2040 2041 2042 2043 2044 2045 2046 2047 2048 2049 2050 :=
All 1 1 1 1 1 1 1 1 1 1 1 1 1 1 1 1 1 1 1 1 1 1 1 1 1 1 1 1 1 1 1 1 1 
[CR,E5GANEXPLEC,*,*]:
2018 2019 2020 2021 2022 2023 2024 2025 2026 2027 2028 2029 2030 2031 2032 2033 2034 2035 2036 2037 2038 2039 2040 2041 2042 2043 2044 2045 2046 2047 2048 2049 2050 :=
All 1 1 1 1 1 1 1 1 1 1 1 1 1 1 1 1 1 1 1 1 1 1 1 1 1 1 1 1 1 1 1 1 1 
[CR,E5DEFNONANTPLMSEC,*,*]:
2018 2019 2020 2021 2022 2023 2024 2025 2026 2027 2028 2029 2030 2031 2032 2033 2034 2035 2036 2037 2038 2039 2040 2041 2042 2043 2044 2045 2046 2047 2048 2049 2050 :=
All 1 1 1 1 1 1 1 1 1 1 1 1 1 1 1 1 1 1 1 1 1 1 1 1 1 1 1 1 1 1 1 1 1 
[CR,E5AGREXPSUG,*,*]:
2018 2019 2020 2021 2022 2023 2024 2025 2026 2027 2028 2029 2030 2031 2032 2033 2034 2035 2036 2037 2038 2039 2040 2041 2042 2043 2044 2045 2046 2047 2048 2049 2050 :=
All 1 1 1 1 1 1 1 1 1 1 1 1 1 1 1 1 1 1 1 1 1 1 1 1 1 1 1 1 1 1 1 1 1 
[CR,E5AGRFRT,*,*]:
2018 2019 2020 2021 2022 2023 2024 2025 2026 2027 2028 2029 2030 2031 2032 2033 2034 2035 2036 2037 2038 2039 2040 2041 2042 2043 2044 2045 2046 2047 2048 2049 2050 :=
All 1 1 1 1 1 1 1 1 1 1 1 1 1 1 1 1 1 1 1 1 1 1 1 1 1 1 1 1 1 1 1 1 1 
[CR,E5AGREXPOIL,*,*]:
2018 2019 2020 2021 2022 2023 2024 2025 2026 2027 2028 2029 2030 2031 2032 2033 2034 2035 2036 2037 2038 2039 2040 2041 2042 2043 2044 2045 2046 2047 2048 2049 2050 :=
All 1 1 1 1 1 1 1 1 1 1 1 1 1 1 1 1 1 1 1 1 1 1 1 1 1 1 1 1 1 1 1 1 1 
[CR,E5CRPWETSEC,*,*]:
2018 2019 2020 2021 2022 2023 2024 2025 2026 2027 2028 2029 2030 2031 2032 2033 2034 2035 2036 2037 2038 2039 2040 2041 2042 2043 2044 2045 2046 2047 2048 2049 2050 :=
All 1 1 1 1 1 1 1 1 1 1 1 1 1 1 1 1 1 1 1 1 1 1 1 1 1 1 1 1 1 1 1 1 1 
[CR,E5BOSMANDRYPRI  ,*,*]:
2018 2019 2020 2021 2022 2023 2024 2025 2026 2027 2028 2029 2030 2031 2032 2033 2034 2035 2036 2037 2038 2039 2040 2041 2042 2043 2044 2045 2046 2047 2048 2049 2050 :=
All 1 1 1 1 1 1 1 1 1 1 1 1 1 1 1 1 1 1 1 1 1 1 1 1 1 1 1 1 1 1 1 1 1 
[CR,E5BOSMANMGRSEC  ,*,*]:
2018 2019 2020 2021 2022 2023 2024 2025 2026 2027 2028 2029 2030 2031 2032 2033 2034 2035 2036 2037 2038 2039 2040 2041 2042 2043 2044 2045 2046 2047 2048 2049 2050 :=
All 1 1 1 1 1 1 1 1 1 1 1 1 1 1 1 1 1 1 1 1 1 1 1 1 1 1 1 1 1 1 1 1 1 
[CR,E5FORCOVDRYPRI,*,*]:
2018 2019 2020 2021 2022 2023 2024 2025 2026 2027 2028 2029 2030 2031 2032 2033 2034 2035 2036 2037 2038 2039 2040 2041 2042 2043 2044 2045 2046 2047 2048 2049 2050 :=
All 1 1 1 1 1 1 1 1 1 1 1 1 1 1 1 1 1 1 1 1 1 1 1 1 1 1 1 1 1 1 1 1 1 
[CR,E5DEGDRY,*,*]:
2018 2019 2020 2021 2022 2023 2024 2025 2026 2027 2028 2029 2030 2031 2032 2033 2034 2035 2036 2037 2038 2039 2040 2041 2042 2043 2044 2045 2046 2047 2048 2049 2050 :=
All 1 1 1 1 1 1 1 1 1 1 1 1 1 1 1 1 1 1 1 1 1 1 1 1 1 1 1 1 1 1 1 1 1 
[CR,E5DEFANTWETSEC  ,*,*]:
2018 2019 2020 2021 2022 2023 2024 2025 2026 2027 2028 2029 2030 2031 2032 2033 2034 2035 2036 2037 2038 2039 2040 2041 2042 2043 2044 2045 2046 2047 2048 2049 2050 :=
All 1 1 1 1 1 1 1 1 1 1 1 1 1 1 1 1 1 1 1 1 1 1 1 1 1 1 1 1 1 1 1 1 1 
[CR,E5AGRBAG,*,*]:
2018 2019 2020 2021 2022 2023 2024 2025 2026 2027 2028 2029 2030 2031 2032 2033 2034 2035 2036 2037 2038 2039 2040 2041 2042 2043 2044 2045 2046 2047 2048 2049 2050 :=
All 1 1 1 1 1 1 1 1 1 1 1 1 1 1 1 1 1 1 1 1 1 1 1 1 1 1 1 1 1 1 1 1 1 
[CR,E5COPASMST,*,*]:
2018 2019 2020 2021 2022 2023 2024 2025 2026 2027 2028 2029 2030 2031 2032 2033 2034 2035 2036 2037 2038 2039 2040 2041 2042 2043 2044 2045 2046 2047 2048 2049 2050 :=
All 1 1 1 1 1 1 1 1 1 1 1 1 1 1 1 1 1 1 1 1 1 1 1 1 1 1 1 1 1 1 1 1 1 
[CR,E5DEFNONANTWETPRI  ,*,*]:
2018 2019 2020 2021 2022 2023 2024 2025 2026 2027 2028 2029 2030 2031 2032 2033 2034 2035 2036 2037 2038 2039 2040 2041 2042 2043 2044 2045 2046 2047 2048 2049 2050 :=
All 1 1 1 1 1 1 1 1 1 1 1 1 1 1 1 1 1 1 1 1 1 1 1 1 1 1 1 1 1 1 1 1 1 
[CR,E5OTLDRYSEC,*,*]:
2018 2019 2020 2021 2022 2023 2024 2025 2026 2027 2028 2029 2030 2031 2032 2033 2034 2035 2036 2037 2038 2039 2040 2041 2042 2043 2044 2045 2046 2047 2048 2049 2050 :=
All 1 1 1 1 1 1 1 1 1 1 1 1 1 1 1 1 1 1 1 1 1 1 1 1 1 1 1 1 1 1 1 1 1 
[CR,E5GANEXPPOR,*,*]:
2018 2019 2020 2021 2022 2023 2024 2025 2026 2027 2028 2029 2030 2031 2032 2033 2034 2035 2036 2037 2038 2039 2040 2041 2042 2043 2044 2045 2046 2047 2048 2049 2050 :=
All 1 1 1 1 1 1 1 1 1 1 1 1 1 1 1 1 1 1 1 1 1 1 1 1 1 1 1 1 1 1 1 1 1 
[CR,E5AGRWOD,*,*]:
2018 2019 2020 2021 2022 2023 2024 2025 2026 2027 2028 2029 2030 2031 2032 2033 2034 2035 2036 2037 2038 2039 2040 2041 2042 2043 2044 2045 2046 2047 2048 2049 2050 :=
All 1 1 1 1 1 1 1 1 1 1 1 1 1 1 1 1 1 1 1 1 1 1 1 1 1 1 1 1 1 1 1 1 1 
[CR,E5FORCOVWETPRI,*,*]:
2018 2019 2020 2021 2022 2023 2024 2025 2026 2027 2028 2029 2030 2031 2032 2033 2034 2035 2036 2037 2038 2039 2040 2041 2042 2043 2044 2045 2046 2047 2048 2049 2050 :=
All 1 1 1 1 1 1 1 1 1 1 1 1 1 1 1 1 1 1 1 1 1 1 1 1 1 1 1 1 1 1 1 1 1 
[CR,E5BOSMANDRYSEC  ,*,*]:
2018 2019 2020 2021 2022 2023 2024 2025 2026 2027 2028 2029 2030 2031 2032 2033 2034 2035 2036 2037 2038 2039 2040 2041 2042 2043 2044 2045 2046 2047 2048 2049 2050 :=
All 1 1 1 1 1 1 1 1 1 1 1 1 1 1 1 1 1 1 1 1 1 1 1 1 1 1 1 1 1 1 1 1 1 
[CR,E5FORCOVWETSEC,*,*]:
2018 2019 2020 2021 2022 2023 2024 2025 2026 2027 2028 2029 2030 2031 2032 2033 2034 2035 2036 2037 2038 2039 2040 2041 2042 2043 2044 2045 2046 2047 2048 2049 2050 :=
All 1 1 1 1 1 1 1 1 1 1 1 1 1 1 1 1 1 1 1 1 1 1 1 1 1 1 1 1 1 1 1 1 1 
[CR,E5COVOTH,*,*]:
2018 2019 2020 2021 2022 2023 2024 2025 2026 2027 2028 2029 2030 2031 2032 2033 2034 2035 2036 2037 2038 2039 2040 2041 2042 2043 2044 2045 2046 2047 2048 2049 2050 :=
All 1 1 1 1 1 1 1 1 1 1 1 1 1 1 1 1 1 1 1 1 1 1 1 1 1 1 1 1 1 1 1 1 1 
[CR,E5PASDRYSEC,*,*]:
2018 2019 2020 2021 2022 2023 2024 2025 2026 2027 2028 2029 2030 2031 2032 2033 2034 2035 2036 2037 2038 2039 2040 2041 2042 2043 2044 2045 2046 2047 2048 2049 2050 :=
All 1 1 1 1 1 1 1 1 1 1 1 1 1 1 1 1 1 1 1 1 1 1 1 1 1 1 1 1 1 1 1 1 1 
[CR,E5AGREXPRIC,*,*]:
2018 2019 2020 2021 2022 2023 2024 2025 2026 2027 2028 2029 2030 2031 2032 2033 2034 2035 2036 2037 2038 2039 2040 2041 2042 2043 2044 2045 2046 2047 2048 2049 2050 :=
All 1 1 1 1 1 1 1 1 1 1 1 1 1 1 1 1 1 1 1 1 1 1 1 1 1 1 1 1 1 1 1 1 1 
[CR,E5DEFNONANTDRYSEC  ,*,*]:
2018 2019 2020 2021 2022 2023 2024 2025 2026 2027 2028 2029 2030 2031 2032 2033 2034 2035 2036 2037 2038 2039 2040 2041 2042 2043 2044 2045 2046 2047 2048 2049 2050 :=
All 1 1 1 1 1 1 1 1 1 1 1 1 1 1 1 1 1 1 1 1 1 1 1 1 1 1 1 1 1 1 1 1 1 
[CR,E5DEFANTDRYSEC  ,*,*]:
2018 2019 2020 2021 2022 2023 2024 2025 2026 2027 2028 2029 2030 2031 2032 2033 2034 2035 2036 2037 2038 2039 2040 2041 2042 2043 2044 2045 2046 2047 2048 2049 2050 :=
All 1 1 1 1 1 1 1 1 1 1 1 1 1 1 1 1 1 1 1 1 1 1 1 1 1 1 1 1 1 1 1 1 1 
[CR,E5BOSMANWETPRI  ,*,*]:
2018 2019 2020 2021 2022 2023 2024 2025 2026 2027 2028 2029 2030 2031 2032 2033 2034 2035 2036 2037 2038 2039 2040 2041 2042 2043 2044 2045 2046 2047 2048 2049 2050 :=
All 1 1 1 1 1 1 1 1 1 1 1 1 1 1 1 1 1 1 1 1 1 1 1 1 1 1 1 1 1 1 1 1 1 
[CR,E5COPASDRY,*,*]:
2018 2019 2020 2021 2022 2023 2024 2025 2026 2027 2028 2029 2030 2031 2032 2033 2034 2035 2036 2037 2038 2039 2040 2041 2042 2043 2044 2045 2046 2047 2048 2049 2050 :=
All 1 1 1 1 1 1 1 1 1 1 1 1 1 1 1 1 1 1 1 1 1 1 1 1 1 1 1 1 1 1 1 1 1 
[CR,E5BOSMANMSTSEC  ,*,*]:
2018 2019 2020 2021 2022 2023 2024 2025 2026 2027 2028 2029 2030 2031 2032 2033 2034 2035 2036 2037 2038 2039 2040 2041 2042 2043 2044 2045 2046 2047 2048 2049 2050 :=
All 1 1 1 1 1 1 1 1 1 1 1 1 1 1 1 1 1 1 1 1 1 1 1 1 1 1 1 1 1 1 1 1 1 
[CR,E5AGREXPVEG,*,*]:
2018 2019 2020 2021 2022 2023 2024 2025 2026 2027 2028 2029 2030 2031 2032 2033 2034 2035 2036 2037 2038 2039 2040 2041 2042 2043 2044 2045 2046 2047 2048 2049 2050 :=
All 1 1 1 1 1 1 1 1 1 1 1 1 1 1 1 1 1 1 1 1 1 1 1 1 1 1 1 1 1 1 1 1 1 
[CR,E5CRPDRYSEC,*,*]:
2018 2019 2020 2021 2022 2023 2024 2025 2026 2027 2028 2029 2030 2031 2032 2033 2034 2035 2036 2037 2038 2039 2040 2041 2042 2043 2044 2045 2046 2047 2048 2049 2050 :=
All 1 1 1 1 1 1 1 1 1 1 1 1 1 1 1 1 1 1 1 1 1 1 1 1 1 1 1 1 1 1 1 1 1 
[CR,E5AGRMOL,*,*]:
2018 2019 2020 2021 2022 2023 2024 2025 2026 2027 2028 2029 2030 2031 2032 2033 2034 2035 2036 2037 2038 2039 2040 2041 2042 2043 2044 2045 2046 2047 2048 2049 2050 :=
All 1 1 1 1 1 1 1 1 1 1 1 1 1 1 1 1 1 1 1 1 1 1 1 1 1 1 1 1 1 1 1 1 1 
[CR,E5AGREXPOTG,*,*]:
2018 2019 2020 2021 2022 2023 2024 2025 2026 2027 2028 2029 2030 2031 2032 2033 2034 2035 2036 2037 2038 2039 2040 2041 2042 2043 2044 2045 2046 2047 2048 2049 2050 :=
All 1 1 1 1 1 1 1 1 1 1 1 1 1 1 1 1 1 1 1 1 1 1 1 1 1 1 1 1 1 1 1 1 1 
[CR,E5FORCOVPLMPRI,*,*]:
2018 2019 2020 2021 2022 2023 2024 2025 2026 2027 2028 2029 2030 2031 2032 2033 2034 2035 2036 2037 2038 2039 2040 2041 2042 2043 2044 2045 2046 2047 2048 2049 2050 :=
All 1 1 1 1 1 1 1 1 1 1 1 1 1 1 1 1 1 1 1 1 1 1 1 1 1 1 1 1 1 1 1 1 1 
[CR,E5FORCOVPLMSEC,*,*]:
2018 2019 2020 2021 2022 2023 2024 2025 2026 2027 2028 2029 2030 2031 2032 2033 2034 2035 2036 2037 2038 2039 2040 2041 2042 2043 2044 2045 2046 2047 2048 2049 2050 :=
All 1 1 1 1 1 1 1 1 1 1 1 1 1 1 1 1 1 1 1 1 1 1 1 1 1 1 1 1 1 1 1 1 1 
[CR,E5OTLPLMSEC,*,*]:
2018 2019 2020 2021 2022 2023 2024 2025 2026 2027 2028 2029 2030 2031 2032 2033 2034 2035 2036 2037 2038 2039 2040 2041 2042 2043 2044 2045 2046 2047 2048 2049 2050 :=
All 1 1 1 1 1 1 1 1 1 1 1 1 1 1 1 1 1 1 1 1 1 1 1 1 1 1 1 1 1 1 1 1 1 
[CR,E5GANCAR,*,*]:
2018 2019 2020 2021 2022 2023 2024 2025 2026 2027 2028 2029 2030 2031 2032 2033 2034 2035 2036 2037 2038 2039 2040 2041 2042 2043 2044 2045 2046 2047 2048 2049 2050 :=
All 1 1 1 1 1 1 1 1 1 1 1 1 1 1 1 1 1 1 1 1 1 1 1 1 1 1 1 1 1 1 1 1 1 
[CR,E5FORCOVMGRPRI,*,*]:
2018 2019 2020 2021 2022 2023 2024 2025 2026 2027 2028 2029 2030 2031 2032 2033 2034 2035 2036 2037 2038 2039 2040 2041 2042 2043 2044 2045 2046 2047 2048 2049 2050 :=
All 1 1 1 1 1 1 1 1 1 1 1 1 1 1 1 1 1 1 1 1 1 1 1 1 1 1 1 1 1 1 1 1 1 
[CR,E5PASMSTSEC,*,*]:
2018 2019 2020 2021 2022 2023 2024 2025 2026 2027 2028 2029 2030 2031 2032 2033 2034 2035 2036 2037 2038 2039 2040 2041 2042 2043 2044 2045 2046 2047 2048 2049 2050 :=
All 1 1 1 1 1 1 1 1 1 1 1 1 1 1 1 1 1 1 1 1 1 1 1 1 1 1 1 1 1 1 1 1 1 
[CR,E5AGRBAN,*,*]:
2018 2019 2020 2021 2022 2023 2024 2025 2026 2027 2028 2029 2030 2031 2032 2033 2034 2035 2036 2037 2038 2039 2040 2041 2042 2043 2044 2045 2046 2047 2048 2049 2050 :=
All 1 1 1 1 1 1 1 1 1 1 1 1 1 1 1 1 1 1 1 1 1 1 1 1 1 1 1 1 1 1 1 1 1 
[CR,E5BOSMANPLMSEC,*,*]:
2018 2019 2020 2021 2022 2023 2024 2025 2026 2027 2028 2029 2030 2031 2032 2033 2034 2035 2036 2037 2038 2039 2040 2041 2042 2043 2044 2045 2046 2047 2048 2049 2050 :=
All 1 1 1 1 1 1 1 1 1 1 1 1 1 1 1 1 1 1 1 1 1 1 1 1 1 1 1 1 1 1 1 1 1 
[CR,E5FORCOVMGRSEC,*,*]:
2018 2019 2020 2021 2022 2023 2024 2025 2026 2027 2028 2029 2030 2031 2032 2033 2034 2035 2036 2037 2038 2039 2040 2041 2042 2043 2044 2045 2046 2047 2048 2049 2050 :=
All 1 1 1 1 1 1 1 1 1 1 1 1 1 1 1 1 1 1 1 1 1 1 1 1 1 1 1 1 1 1 1 1 1 
[CR,E5CRPPLMSEC,*,*]:
2018 2019 2020 2021 2022 2023 2024 2025 2026 2027 2028 2029 2030 2031 2032 2033 2034 2035 2036 2037 2038 2039 2040 2041 2042 2043 2044 2045 2046 2047 2048 2049 2050 :=
All 1 1 1 1 1 1 1 1 1 1 1 1 1 1 1 1 1 1 1 1 1 1 1 1 1 1 1 1 1 1 1 1 1 
[CR,E5OTLMGRSEC,*,*]:
2018 2019 2020 2021 2022 2023 2024 2025 2026 2027 2028 2029 2030 2031 2032 2033 2034 2035 2036 2037 2038 2039 2040 2041 2042 2043 2044 2045 2046 2047 2048 2049 2050 :=
All 1 1 1 1 1 1 1 1 1 1 1 1 1 1 1 1 1 1 1 1 1 1 1 1 1 1 1 1 1 1 1 1 1 
[CR,E5AGRORG,*,*]:
2018 2019 2020 2021 2022 2023 2024 2025 2026 2027 2028 2029 2030 2031 2032 2033 2034 2035 2036 2037 2038 2039 2040 2041 2042 2043 2044 2045 2046 2047 2048 2049 2050 :=
All 1 1 1 1 1 1 1 1 1 1 1 1 1 1 1 1 1 1 1 1 1 1 1 1 1 1 1 1 1 1 1 1 1 
[CR,E5DEFANTDRYPRI  ,*,*]:
2018 2019 2020 2021 2022 2023 2024 2025 2026 2027 2028 2029 2030 2031 2032 2033 2034 2035 2036 2037 2038 2039 2040 2041 2042 2043 2044 2045 2046 2047 2048 2049 2050 :=
All 1 1 1 1 1 1 1 1 1 1 1 1 1 1 1 1 1 1 1 1 1 1 1 1 1 1 1 1 1 1 1 1 1 
[CR,E5GANEXPCAR,*,*]:
2018 2019 2020 2021 2022 2023 2024 2025 2026 2027 2028 2029 2030 2031 2032 2033 2034 2035 2036 2037 2038 2039 2040 2041 2042 2043 2044 2045 2046 2047 2048 2049 2050 :=
All 1 1 1 1 1 1 1 1 1 1 1 1 1 1 1 1 1 1 1 1 1 1 1 1 1 1 1 1 1 1 1 1 1 
[CR,E5DEGMST,*,*]:
2018 2019 2020 2021 2022 2023 2024 2025 2026 2027 2028 2029 2030 2031 2032 2033 2034 2035 2036 2037 2038 2039 2040 2041 2042 2043 2044 2045 2046 2047 2048 2049 2050 :=
All 1 1 1 1 1 1 1 1 1 1 1 1 1 1 1 1 1 1 1 1 1 1 1 1 1 1 1 1 1 1 1 1 1 
[CR,E5DEFANTMSTSEC  ,*,*]:
2018 2019 2020 2021 2022 2023 2024 2025 2026 2027 2028 2029 2030 2031 2032 2033 2034 2035 2036 2037 2038 2039 2040 2041 2042 2043 2044 2045 2046 2047 2048 2049 2050 :=
All 1 1 1 1 1 1 1 1 1 1 1 1 1 1 1 1 1 1 1 1 1 1 1 1 1 1 1 1 1 1 1 1 1 
[CR,E5DEFNONANTWETSEC  ,*,*]:
2018 2019 2020 2021 2022 2023 2024 2025 2026 2027 2028 2029 2030 2031 2032 2033 2034 2035 2036 2037 2038 2039 2040 2041 2042 2043 2044 2045 2046 2047 2048 2049 2050 :=
All 1 1 1 1 1 1 1 1 1 1 1 1 1 1 1 1 1 1 1 1 1 1 1 1 1 1 1 1 1 1 1 1 1 
[CR,E5PASWETSEC,*,*]:
2018 2019 2020 2021 2022 2023 2024 2025 2026 2027 2028 2029 2030 2031 2032 2033 2034 2035 2036 2037 2038 2039 2040 2041 2042 2043 2044 2045 2046 2047 2048 2049 2050 :=
All 1 1 1 1 1 1 1 1 1 1 1 1 1 1 1 1 1 1 1 1 1 1 1 1 1 1 1 1 1 1 1 1 1 
[CR,E5DEFNONANTPLMPRI  ,*,*]:
2018 2019 2020 2021 2022 2023 2024 2025 2026 2027 2028 2029 2030 2031 2032 2033 2034 2035 2036 2037 2038 2039 2040 2041 2042 2043 2044 2045 2046 2047 2048 2049 2050 :=
All 1 1 1 1 1 1 1 1 1 1 1 1 1 1 1 1 1 1 1 1 1 1 1 1 1 1 1 1 1 1 1 1 1 
[CR,E5AGRPIN,*,*]:
2018 2019 2020 2021 2022 2023 2024 2025 2026 2027 2028 2029 2030 2031 2032 2033 2034 2035 2036 2037 2038 2039 2040 2041 2042 2043 2044 2045 2046 2047 2048 2049 2050 :=
All 1 1 1 1 1 1 1 1 1 1 1 1 1 1 1 1 1 1 1 1 1 1 1 1 1 1 1 1 1 1 1 1 1 
[CR,E5AGREXPFRT,*,*]:
2018 2019 2020 2021 2022 2023 2024 2025 2026 2027 2028 2029 2030 2031 2032 2033 2034 2035 2036 2037 2038 2039 2040 2041 2042 2043 2044 2045 2046 2047 2048 2049 2050 :=
All 1 1 1 1 1 1 1 1 1 1 1 1 1 1 1 1 1 1 1 1 1 1 1 1 1 1 1 1 1 1 1 1 1 
[CR,E5AGRCAF,*,*]:
2018 2019 2020 2021 2022 2023 2024 2025 2026 2027 2028 2029 2030 2031 2032 2033 2034 2035 2036 2037 2038 2039 2040 2041 2042 2043 2044 2045 2046 2047 2048 2049 2050 :=
All 1 1 1 1 1 1 1 1 1 1 1 1 1 1 1 1 1 1 1 1 1 1 1 1 1 1 1 1 1 1 1 1 1 
[CR,E5AGREXPCAF,*,*]:
2018 2019 2020 2021 2022 2023 2024 2025 2026 2027 2028 2029 2030 2031 2032 2033 2034 2035 2036 2037 2038 2039 2040 2041 2042 2043 2044 2045 2046 2047 2048 2049 2050 :=
All 1 1 1 1 1 1 1 1 1 1 1 1 1 1 1 1 1 1 1 1 1 1 1 1 1 1 1 1 1 1 1 1 1 
[CR,E5COVINF,*,*]:
2018 2019 2020 2021 2022 2023 2024 2025 2026 2027 2028 2029 2030 2031 2032 2033 2034 2035 2036 2037 2038 2039 2040 2041 2042 2043 2044 2045 2046 2047 2048 2049 2050 :=
All 1 1 1 1 1 1 1 1 1 1 1 1 1 1 1 1 1 1 1 1 1 1 1 1 1 1 1 1 1 1 1 1 1 
[CR,E5DEFNONANTMSTSEC  ,*,*]:
2018 2019 2020 2021 2022 2023 2024 2025 2026 2027 2028 2029 2030 2031 2032 2033 2034 2035 2036 2037 2038 2039 2040 2041 2042 2043 2044 2045 2046 2047 2048 2049 2050 :=
All 1 1 1 1 1 1 1 1 1 1 1 1 1 1 1 1 1 1 1 1 1 1 1 1 1 1 1 1 1 1 1 1 1 
[CR,E5PASMGRSEC,*,*]:
2018 2019 2020 2021 2022 2023 2024 2025 2026 2027 2028 2029 2030 2031 2032 2033 2034 2035 2036 2037 2038 2039 2040 2041 2042 2043 2044 2045 2046 2047 2048 2049 2050 :=
All 1 1 1 1 1 1 1 1 1 1 1 1 1 1 1 1 1 1 1 1 1 1 1 1 1 1 1 1 1 1 1 1 1 
[CR,E5GANLEC,*,*]:
2018 2019 2020 2021 2022 2023 2024 2025 2026 2027 2028 2029 2030 2031 2032 2033 2034 2035 2036 2037 2038 2039 2040 2041 2042 2043 2044 2045 2046 2047 2048 2049 2050 :=
All 1 1 1 1 1 1 1 1 1 1 1 1 1 1 1 1 1 1 1 1 1 1 1 1 1 1 1 1 1 1 1 1 1 
[CR,E5COVNIN,*,*]:
2018 2019 2020 2021 2022 2023 2024 2025 2026 2027 2028 2029 2030 2031 2032 2033 2034 2035 2036 2037 2038 2039 2040 2041 2042 2043 2044 2045 2046 2047 2048 2049 2050 :=
All 1 1 1 1 1 1 1 1 1 1 1 1 1 1 1 1 1 1 1 1 1 1 1 1 1 1 1 1 1 1 1 1 1 
[CR,E5COVWET,*,*]:
2018 2019 2020 2021 2022 2023 2024 2025 2026 2027 2028 2029 2030 2031 2032 2033 2034 2035 2036 2037 2038 2039 2040 2041 2042 2043 2044 2045 2046 2047 2048 2049 2050 :=
All 1 1 1 1 1 1 1 1 1 1 1 1 1 1 1 1 1 1 1 1 1 1 1 1 1 1 1 1 1 1 1 1 1 
[CR,E5AGROTG,*,*]:
2018 2019 2020 2021 2022 2023 2024 2025 2026 2027 2028 2029 2030 2031 2032 2033 2034 2035 2036 2037 2038 2039 2040 2041 2042 2043 2044 2045 2046 2047 2048 2049 2050 :=
All 1 1 1 1 1 1 1 1 1 1 1 1 1 1 1 1 1 1 1 1 1 1 1 1 1 1 1 1 1 1 1 1 1 
[CR,E5COPASPLM,*,*]:
2018 2019 2020 2021 2022 2023 2024 2025 2026 2027 2028 2029 2030 2031 2032 2033 2034 2035 2036 2037 2038 2039 2040 2041 2042 2043 2044 2045 2046 2047 2048 2049 2050 :=
All 1 1 1 1 1 1 1 1 1 1 1 1 1 1 1 1 1 1 1 1 1 1 1 1 1 1 1 1 1 1 1 1 1 
[CR,E5DEFNONANTMSTPRI  ,*,*]:
2018 2019 2020 2021 2022 2023 2024 2025 2026 2027 2028 2029 2030 2031 2032 2033 2034 2035 2036 2037 2038 2039 2040 2041 2042 2043 2044 2045 2046 2047 2048 2049 2050 :=
All 1 1 1 1 1 1 1 1 1 1 1 1 1 1 1 1 1 1 1 1 1 1 1 1 1 1 1 1 1 1 1 1 1 
[CR,E5NOSTCLND,*,*]:
2018 2019 2020 2021 2022 2023 2024 2025 2026 2027 2028 2029 2030 2031 2032 2033 2034 2035 2036 2037 2038 2039 2040 2041 2042 2043 2044 2045 2046 2047 2048 2049 2050 :=
All 1 1 1 1 1 1 1 1 1 1 1 1 1 1 1 1 1 1 1 1 1 1 1 1 1 1 1 1 1 1 1 1 1 
[CR,E5DEFNONANTMGRPRI  ,*,*]:
2018 2019 2020 2021 2022 2023 2024 2025 2026 2027 2028 2029 2030 2031 2032 2033 2034 2035 2036 2037 2038 2039 2040 2041 2042 2043 2044 2045 2046 2047 2048 2049 2050 :=
All 1 1 1 1 1 1 1 1 1 1 1 1 1 1 1 1 1 1 1 1 1 1 1 1 1 1 1 1 1 1 1 1 1 
[CR,E5AGRSUG,*,*]:
2018 2019 2020 2021 2022 2023 2024 2025 2026 2027 2028 2029 2030 2031 2032 2033 2034 2035 2036 2037 2038 2039 2040 2041 2042 2043 2044 2045 2046 2047 2048 2049 2050 :=
All 1 1 1 1 1 1 1 1 1 1 1 1 1 1 1 1 1 1 1 1 1 1 1 1 1 1 1 1 1 1 1 1 1 
[CR,E5FORCOVMSTPRI,*,*]:
2018 2019 2020 2021 2022 2023 2024 2025 2026 2027 2028 2029 2030 2031 2032 2033 2034 2035 2036 2037 2038 2039 2040 2041 2042 2043 2044 2045 2046 2047 2048 2049 2050 :=
All 1 1 1 1 1 1 1 1 1 1 1 1 1 1 1 1 1 1 1 1 1 1 1 1 1 1 1 1 1 1 1 1 1 
[CR,E5OTLMSTSEC,*,*]:
2018 2019 2020 2021 2022 2023 2024 2025 2026 2027 2028 2029 2030 2031 2032 2033 2034 2035 2036 2037 2038 2039 2040 2041 2042 2043 2044 2045 2046 2047 2048 2049 2050 :=
All 1 1 1 1 1 1 1 1 1 1 1 1 1 1 1 1 1 1 1 1 1 1 1 1 1 1 1 1 1 1 1 1 1 
[CR,E5GANPOR,*,*]:
2018 2019 2020 2021 2022 2023 2024 2025 2026 2027 2028 2029 2030 2031 2032 2033 2034 2035 2036 2037 2038 2039 2040 2041 2042 2043 2044 2045 2046 2047 2048 2049 2050 :=
All 1 1 1 1 1 1 1 1 1 1 1 1 1 1 1 1 1 1 1 1 1 1 1 1 1 1 1 1 1 1 1 1 1 
[CR,E5PASPLMSEC,*,*]:
2018 2019 2020 2021 2022 2023 2024 2025 2026 2027 2028 2029 2030 2031 2032 2033 2034 2035 2036 2037 2038 2039 2040 2041 2042 2043 2044 2045 2046 2047 2048 2049 2050 :=
All 1 1 1 1 1 1 1 1 1 1 1 1 1 1 1 1 1 1 1 1 1 1 1 1 1 1 1 1 1 1 1 1 1 
[CR,E5DEFNONANTMGRSEC  ,*,*]:
2018 2019 2020 2021 2022 2023 2024 2025 2026 2027 2028 2029 2030 2031 2032 2033 2034 2035 2036 2037 2038 2039 2040 2041 2042 2043 2044 2045 2046 2047 2048 2049 2050 :=
All 1 1 1 1 1 1 1 1 1 1 1 1 1 1 1 1 1 1 1 1 1 1 1 1 1 1 1 1 1 1 1 1 1 
[CR,E5DEFANTMGRSEC  ,*,*]:
2018 2019 2020 2021 2022 2023 2024 2025 2026 2027 2028 2029 2030 2031 2032 2033 2034 2035 2036 2037 2038 2039 2040 2041 2042 2043 2044 2045 2046 2047 2048 2049 2050 :=
All 1 1 1 1 1 1 1 1 1 1 1 1 1 1 1 1 1 1 1 1 1 1 1 1 1 1 1 1 1 1 1 1 1 
[CR,E5AGREXPMOL,*,*]:
2018 2019 2020 2021 2022 2023 2024 2025 2026 2027 2028 2029 2030 2031 2032 2033 2034 2035 2036 2037 2038 2039 2040 2041 2042 2043 2044 2045 2046 2047 2048 2049 2050 :=
All 1 1 1 1 1 1 1 1 1 1 1 1 1 1 1 1 1 1 1 1 1 1 1 1 1 1 1 1 1 1 1 1 1 
[CR,E5COPASWET,*,*]:
2018 2019 2020 2021 2022 2023 2024 2025 2026 2027 2028 2029 2030 2031 2032 2033 2034 2035 2036 2037 2038 2039 2040 2041 2042 2043 2044 2045 2046 2047 2048 2049 2050 :=
All 1 1 1 1 1 1 1 1 1 1 1 1 1 1 1 1 1 1 1 1 1 1 1 1 1 1 1 1 1 1 1 1 1 
[CR,E5DEGWET,*,*]:
2018 2019 2020 2021 2022 2023 2024 2025 2026 2027 2028 2029 2030 2031 2032 2033 2034 2035 2036 2037 2038 2039 2040 2041 2042 2043 2044 2045 2046 2047 2048 2049 2050 :=
All 1 1 1 1 1 1 1 1 1 1 1 1 1 1 1 1 1 1 1 1 1 1 1 1 1 1 1 1 1 1 1 1 1 
[CR,E5FORCOVDRYSEC,*,*]:
2018 2019 2020 2021 2022 2023 2024 2025 2026 2027 2028 2029 2030 2031 2032 2033 2034 2035 2036 2037 2038 2039 2040 2041 2042 2043 2044 2045 2046 2047 2048 2049 2050 :=
All 1 1 1 1 1 1 1 1 1 1 1 1 1 1 1 1 1 1 1 1 1 1 1 1 1 1 1 1 1 1 1 1 1 
[CR,E5DEGMGR,*,*]:
2018 2019 2020 2021 2022 2023 2024 2025 2026 2027 2028 2029 2030 2031 2032 2033 2034 2035 2036 2037 2038 2039 2040 2041 2042 2043 2044 2045 2046 2047 2048 2049 2050 :=
All 1 1 1 1 1 1 1 1 1 1 1 1 1 1 1 1 1 1 1 1 1 1 1 1 1 1 1 1 1 1 1 1 1 
[CR,E5BOSMANMGRPRI  ,*,*]:
2018 2019 2020 2021 2022 2023 2024 2025 2026 2027 2028 2029 2030 2031 2032 2033 2034 2035 2036 2037 2038 2039 2040 2041 2042 2043 2044 2045 2046 2047 2048 2049 2050 :=
All 1 1 1 1 1 1 1 1 1 1 1 1 1 1 1 1 1 1 1 1 1 1 1 1 1 1 1 1 1 1 1 1 1 
[CR,E5FORCOVMSTSEC,*,*]:
2018 2019 2020 2021 2022 2023 2024 2025 2026 2027 2028 2029 2030 2031 2032 2033 2034 2035 2036 2037 2038 2039 2040 2041 2042 2043 2044 2045 2046 2047 2048 2049 2050 :=
All 1 1 1 1 1 1 1 1 1 1 1 1 1 1 1 1 1 1 1 1 1 1 1 1 1 1 1 1 1 1 1 1 1 
[CR,E5AGRRIC,*,*]:
2018 2019 2020 2021 2022 2023 2024 2025 2026 2027 2028 2029 2030 2031 2032 2033 2034 2035 2036 2037 2038 2039 2040 2041 2042 2043 2044 2045 2046 2047 2048 2049 2050 :=
All 1 1 1 1 1 1 1 1 1 1 1 1 1 1 1 1 1 1 1 1 1 1 1 1 1 1 1 1 1 1 1 1 1 
[CR,E5DEFANTWETPRI  ,*,*]:
2018 2019 2020 2021 2022 2023 2024 2025 2026 2027 2028 2029 2030 2031 2032 2033 2034 2035 2036 2037 2038 2039 2040 2041 2042 2043 2044 2045 2046 2047 2048 2049 2050 :=
All 1 1 1 1 1 1 1 1 1 1 1 1 1 1 1 1 1 1 1 1 1 1 1 1 1 1 1 1 1 1 1 1 1 
;

param TotalTechnologyAnnualActivityLowerLimit default 0 :=
[CR,*,*]:
2018 2019 2020 2021 2022 2023 2024 2025 2026 2027 2028 2029 2030 2031 2032 2033 2034 2035 2036 2037 2038 2039 2040 2041 2042 2043 2044 2045 2046 2047 2048 2049 2050 :=
IMPRIC 0.0 0.0 0.0 0.0 0.0 0.0 0.0 0.0 0.0 0.0 0.0 0.0 0.0 0.0 0.0 0.0 0.0 0.0 0.0 0.0 0.0 0.0 0.0 0.0 0.0 0.0 0.0 0.0 0.0 0.0 0.0 0.0 0.0 
IMPBAN 0.0 0.0 0.0 0.0 0.0 0.0 0.0 0.0 0.0 0.0 0.0 0.0 0.0 0.0 0.0 0.0 0.0 0.0 0.0 0.0 0.0 0.0 0.0 0.0 0.0 0.0 0.0 0.0 0.0 0.0 0.0 0.0 0.0 
IMPCAF 0.0 0.0 0.0 0.0 0.0 0.0 0.0 0.0 0.0 0.0 0.0 0.0 0.0 0.0 0.0 0.0 0.0 0.0 0.0 0.0 0.0 0.0 0.0 0.0 0.0 0.0 0.0 0.0 0.0 0.0 0.0 0.0 0.0 
IMPSUG 0.0 0.0 0.0 0.0 0.0 0.0 0.0 0.0 0.0 0.0 0.0 0.0 0.0 0.0 0.0 0.0 0.0 0.0 0.0 0.0 0.0 0.0 0.0 0.0 0.0 0.0 0.0 0.0 0.0 0.0 0.0 0.0 0.0 
IMPMOL 0.0 0.0 0.0 0.0 0.0 0.0 0.0 0.0 0.0 0.0 0.0 0.0 0.0 0.0 0.0 0.0 0.0 0.0 0.0 0.0 0.0 0.0 0.0 0.0 0.0 0.0 0.0 0.0 0.0 0.0 0.0 0.0 0.0 
IMPPLM 0.0 0.0 0.0 0.0 0.0 0.0 0.0 0.0 0.0 0.0 0.0 0.0 0.0 0.0 0.0 0.0 0.0 0.0 0.0 0.0 0.0 0.0 0.0 0.0 0.0 0.0 0.0 0.0 0.0 0.0 0.0 0.0 0.0 
IMPPIN 0.0 0.0 0.0 0.0 0.0 0.0 0.0 0.0 0.0 0.0 0.0 0.0 0.0 0.0 0.0 0.0 0.0 0.0 0.0 0.0 0.0 0.0 0.0 0.0 0.0 0.0 0.0 0.0 0.0 0.0 0.0 0.0 0.0 
IMPORG 0.0 0.0 0.0 0.0 0.0 0.0 0.0 0.0 0.0 0.0 0.0 0.0 0.0 0.0 0.0 0.0 0.0 0.0 0.0 0.0 0.0 0.0 0.0 0.0 0.0 0.0 0.0 0.0 0.0 0.0 0.0 0.0 0.0 
IMPFRT 0.0 0.0 0.0 0.0 0.0 0.0 0.0 0.0 0.0 0.0 0.0 0.0 0.0 0.0 0.0 0.0 0.0 0.0 0.0 0.0 0.0 0.0 0.0 0.0 0.0 0.0 0.0 0.0 0.0 0.0 0.0 0.0 0.0 
IMPVEG 0.0 0.0 0.0 0.0 0.0 0.0 0.0 0.0 0.0 0.0 0.0 0.0 0.0 0.0 0.0 0.0 0.0 0.0 0.0 0.0 0.0 0.0 0.0 0.0 0.0 0.0 0.0 0.0 0.0 0.0 0.0 0.0 0.0 
IMPOTG 0.0 0.0 0.0 0.0 0.0 0.0 0.0 0.0 0.0 0.0 0.0 0.0 0.0 0.0 0.0 0.0 0.0 0.0 0.0 0.0 0.0 0.0 0.0 0.0 0.0 0.0 0.0 0.0 0.0 0.0 0.0 0.0 0.0 
IMPLEC 1.51 1.62 1.43 1.78 1.59 1.95 1.95 1.95 1.95 1.95 1.95 1.95 1.95 1.95 1.95 1.95 1.95 1.95 1.95 1.95 1.95 1.95 1.95 1.95 1.95 1.95 1.95 1.95 1.96 1.96 1.96 1.96 1.96 
IMPCAR 0.0224 0.024 0.0261 0.0294 0.0263 0.0265 0.0267 0.0277 0.0271 0.0273 0.0276 0.0271 0.0274 0.0286 0.0281 0.0285 0.028 0.0284 0.028 0.0293 0.0289 0.0294 0.029 0.0287 0.0293 0.029 0.0296 0.0285 0.0283 0.0289 0.0287 0.0294 0.0293 
PROPOR 0.0651 0.0651 0.0676 0.0663 0.0686 0.0675 0.0658 0.0695 0.0716 0.0716 0.0737 0.0737 0.076 0.076 0.0782 0.0782 0.0806 0.0806 0.083 0.083 0.0855 0.0855 0.0881 0.0881 0.0907 0.0907 0.0934 0.0934 0.0962 0.0962 0.0991 0.0991 0.1021 
BOSMANWETPRI 1340.7291 1340.6085 1340.2131 1339.8177 1339.8177 1339.8177 1339.8177 1339.8177 1339.8177 1339.8177 1339.8177 1339.8177 1339.8177 1339.8177 1339.8177 1339.8177 1339.8177 1339.8177 1339.8177 1339.8177 1339.8177 1339.8177 1339.8177 1339.8177 1339.8177 1339.8177 1339.8177 1339.8177 1339.8177 1339.8177 1339.8177 1339.8177 1339.8177 
BOSMANMSTPRI 650.3229 648.6852 648.6852 648.6852 648.6852 648.6852 648.6852 648.6852 648.6852 648.6852 648.6852 648.6852 648.6852 648.6852 648.6852 648.6852 648.6852 648.6852 648.6852 648.6852 648.6852 648.6852 648.6852 648.6852 648.6852 648.6852 648.6852 648.6852 648.6852 648.6852 648.6852 648.6852 648.6852 
BOSMANDRYPRI 36.261 36.2558 36.2558 36.2558 36.2558 36.2558 36.2558 36.2558 36.2558 36.2558 36.2558 36.2558 36.2558 36.2558 36.2558 36.2558 36.2558 36.2558 36.2558 36.2558 36.2558 36.2558 36.2558 36.2558 36.2558 36.2558 36.2558 36.2558 36.2558 36.2558 36.2558 36.2558 36.2558 
BOSMANMGRPRI 34.1537 34.1214 34.0982 34.075 34.075 34.075 34.075 34.075 34.075 34.075 34.075 34.075 34.075 34.075 34.075 34.075 34.075 34.075 34.075 34.075 34.075 34.075 34.075 34.075 34.075 34.075 34.075 34.075 34.075 34.075 34.075 34.075 34.075 
BOSMANPLMPRI 113.199 113.1918 113.168 113.1442 113.1442 113.1442 113.1442 113.1442 113.1442 113.1442 113.1442 113.1442 113.1442 113.1442 113.1442 113.1442 113.1442 113.1442 113.1442 113.1442 113.1442 113.1442 113.1442 113.1442 113.1442 113.1442 113.1442 113.1442 113.1442 113.1442 113.1442 113.1442 113.1442 
BOSMANWETSEC 301.2676 301.1549 299.1327 297.7057 298.6732 297.0978 295.0552 292.5118 289.4958 286.0218 282.0175 277.5616 272.6293 267.2122 261.3068 254.9022 248.053 240.661 232.8636 224.5038 215.7032 206.428 196.6846 186.4373 175.6799 164.4364 152.7614 140.571 127.9477 114.7947 101.1686 87.1061 72.4723 
BOSMANMSTSEC 553.5153 552.3928 551.9265 551.2809 553.0726 550.1552 546.3729 541.6632 536.0781 529.6451 522.2301 513.9789 504.8455 494.8142 483.8788 472.0189 459.3358 445.6476 431.2086 415.7282 399.4317 382.2561 364.2136 345.2381 325.3178 304.4975 282.8782 260.3045 236.9292 212.5728 187.3404 161.3001 134.2017 
BOSMANDRYSEC 26.2036 26.1954 25.8584 25.5245 25.6075 25.4724 25.2973 25.0792 24.8206 24.5228 24.1795 23.7974 23.3746 22.9101 22.4038 21.8547 21.2674 20.6337 19.9651 19.2484 18.4939 17.6986 16.8632 15.9847 15.0624 14.0984 13.0974 12.0522 10.9699 9.8422 8.6739 7.4683 6.2136 
BOSMANMGRSEC 11.9142 11.6424 11.5887 11.5013 11.5387 11.4778 11.3989 11.3006 11.1841 11.0499 10.8952 10.7231 10.5325 10.3232 10.0951 9.8476 9.583 9.2975 8.9962 8.6733 8.3333 7.9749 7.5985 7.2026 6.7871 6.3527 5.9016 5.4307 4.943 4.4349 3.9085 3.3652 2.7998 
BOSMANPLMSEC 22.375 21.4184 21.0689 21.192 21.2608 21.1487 21.0033 20.8223 20.6076 20.3603 20.0752 19.758 19.4069 19.0213 18.6009 18.145 17.6575 17.1313 16.5762 15.9811 15.3547 14.6944 14.0009 13.2714 12.5057 11.7053 10.8742 10.0064 9.1079 8.1716 7.2016 6.2006 5.1589 
DEFANTWETPRI 0.0 0.0 0.3954 0.3954 0.3954 0.3954 0.3954 0.3954 0.3954 0.3954 0.3954 0.3585 0.325 0.2947 0.2672 0.2422 0.2196 0.1991 0.1805 0.1637 0.1484 0.1345 0.122 0.1106 0.1003 0.0909 0.0824 0.0747 0.0677 0.0614 0.0557 0.0505 0.0458 
DEFANTMSTPRI 1.3898 1.3898 0.0 0.0 0.0 0.0 0.0 0.0 0.0 0.0 0.0 0.0 0.0 0.0 0.0 0.0 0.0 0.0 0.0 0.0 0.0 0.0 0.0 0.0 0.0 0.0 0.0 0.0 0.0 0.0 0.0 0.0 0.0 
DEFANTDRYPRI 0.0 0.0 0.0 0.0 0.0 0.0 0.0 0.0 0.0 0.0 0.0 0.0 0.0 0.0 0.0 0.0 0.0 0.0 0.0 0.0 0.0 0.0 0.0 0.0 0.0 0.0 0.0 0.0 0.0 0.0 0.0 0.0 0.0 
DEFANTMGRPRI 0.0323 0.0323 0.0 0.0 0.0 0.0 0.0 0.0 0.0 0.0 0.0 0.0 0.0 0.0 0.0 0.0 0.0 0.0 0.0 0.0 0.0 0.0 0.0 0.0 0.0 0.0 0.0 0.0 0.0 0.0 0.0 0.0 0.0 
DEFANTPLMPRI 0.0072 0.0072 0.0 0.0 0.0 0.0 0.0 0.0 0.0 0.0 0.0 0.0 0.0 0.0 0.0 0.0 0.0 0.0 0.0 0.0 0.0 0.0 0.0 0.0 0.0 0.0 0.0 0.0 0.0 0.0 0.0 0.0 0.0 
DEFANTWETSEC 0.5155 0.5155 1.9784 1.9784 1.9784 1.9784 1.9784 1.9784 1.9784 1.9784 1.9784 1.7937 1.6263 1.4745 1.3368 1.212 1.0989 0.9963 0.9033 0.8189 0.7425 0.6732 0.6103 0.5533 0.5017 0.4548 0.4124 0.3739 0.339 0.3073 0.2786 0.2526 0.229 
DEFANTMSTSEC 1.9841 1.9841 1.1678 1.1678 1.1678 1.1678 1.1678 1.1678 1.1678 1.1678 1.1678 1.0588 0.96 0.8703 0.7891 0.7154 0.6486 0.5881 0.5332 0.4834 0.4383 0.3974 0.3603 0.3266 0.2961 0.2685 0.2434 0.2207 0.2001 0.1814 0.1645 0.1491 0.1352 
DEFANTDRYSEC 0.0977 0.0977 0.4401 0.4401 0.4401 0.4401 0.4401 0.4401 0.4401 0.4401 0.4401 0.399 0.3618 0.328 0.2974 0.2696 0.2445 0.2216 0.2009 0.1822 0.1652 0.1498 0.1358 0.1231 0.1116 0.1012 0.0917 0.0832 0.0754 0.0684 0.062 0.0562 0.051 
DEFANTMGRSEC 0.1891 0.1891 0.0269 0.0269 0.0269 0.0269 0.0269 0.0269 0.0269 0.0269 0.0269 0.0244 0.0222 0.0201 0.0182 0.0165 0.015 0.0136 0.0123 0.0112 0.0101 0.0092 0.0083 0.0075 0.0068 0.0062 0.0056 0.0051 0.0046 0.0042 0.0038 0.0034 0.0031 
DEFANTPLMSEC 1.1172 1.1172 0.5974 0.5974 0.5974 0.5974 0.5974 0.5974 0.5974 0.5974 0.5974 0.5416 0.4911 0.4452 0.4037 0.366 0.3318 0.3008 0.2727 0.2473 0.2242 0.2033 0.1843 0.1671 0.1515 0.1373 0.1245 0.1129 0.1024 0.0928 0.0841 0.0763 0.0692 
DEFNONANTWETPRI 0.122 0.122 0.0 0.0 0.0 0.0 0.0 0.0 0.0 0.0 0.0 0.0 0.0 0.0 0.0 0.0 0.0 0.0 0.0 0.0 0.0 0.0 0.0 0.0 0.0 0.0 0.0 0.0 0.0 0.0 0.0 0.0 0.0 
DEFNONANTMSTPRI 0.25 0.25 0.0 0.0 0.0 0.0 0.0 0.0 0.0 0.0 0.0 0.0 0.0 0.0 0.0 0.0 0.0 0.0 0.0 0.0 0.0 0.0 0.0 0.0 0.0 0.0 0.0 0.0 0.0 0.0 0.0 0.0 0.0 
DEFNONANTDRYPRI 0.005 0.005 0.0 0.0 0.0 0.0 0.0 0.0 0.0 0.0 0.0 0.0 0.0 0.0 0.0 0.0 0.0 0.0 0.0 0.0 0.0 0.0 0.0 0.0 0.0 0.0 0.0 0.0 0.0 0.0 0.0 0.0 0.0 
DEFNONANTMGRPRI 0.0 0.0 0.023 0.023 0.023 0.023 0.023 0.023 0.023 0.023 0.023 0.023 0.023 0.023 0.023 0.023 0.023 0.023 0.023 0.023 0.023 0.023 0.023 0.023 0.023 0.023 0.023 0.023 0.023 0.023 0.023 0.023 0.023 
DEFNONANTPLMPRI 0.0 0.0 0.024 0.024 0.024 0.024 0.024 0.024 0.024 0.024 0.024 0.024 0.024 0.024 0.024 0.024 0.024 0.024 0.024 0.024 0.024 0.024 0.024 0.024 0.024 0.024 0.024 0.024 0.024 0.024 0.024 0.024 0.024 
DEFNONANTWETSEC 94.992 94.992 94.992 94.992 94.992 94.992 94.992 94.992 94.992 94.992 94.992 94.992 94.992 94.992 94.992 94.992 94.992 94.992 94.992 94.992 94.992 94.992 94.992 94.992 94.992 94.992 94.992 94.992 94.992 94.992 94.992 94.992 94.992 
DEFNONANTMSTSEC 294.2 294.2 294.2 294.2 294.2 294.2 294.2 294.2 294.2 294.2 294.2 294.2 294.2 294.2 294.2 294.2 294.2 294.2 294.2 294.2 294.2 294.2 294.2 294.2 294.2 294.2 294.2 294.2 294.2 294.2 294.2 294.2 294.2 
DEFNONANTDRYSEC 13.68 13.68 13.68 13.68 13.68 13.68 13.68 13.68 13.68 13.68 13.68 13.68 13.68 13.68 13.68 13.68 13.68 13.68 13.68 13.68 13.68 13.68 13.68 13.68 13.68 13.68 13.68 13.68 13.68 13.68 13.68 13.68 13.68 
DEFNONANTMGRSEC 121.226 121.226 121.226 121.226 121.226 121.226 121.226 121.226 121.226 121.226 121.226 121.226 121.226 121.226 121.226 121.226 121.226 121.226 121.226 121.226 121.226 121.226 121.226 121.226 121.226 121.226 121.226 121.226 121.226 121.226 121.226 121.226 121.226 
DEFNONANTPLMSEC 116.591 116.591 116.591 116.591 116.591 116.591 116.591 116.591 116.591 116.591 116.591 116.591 116.591 116.591 116.591 116.591 116.591 116.591 116.591 116.591 116.591 116.591 116.591 116.591 116.591 116.591 116.591 116.591 116.591 116.591 116.591 116.591 116.591 
CAMCRPWETSEC 0.1196 0.1196 0.4724 0.4724 0.4724 0.4724 0.4724 0.4724 0.4724 0.4724 0.4724 0.4724 0.4724 0.4724 0.4724 0.4724 0.4724 0.4724 0.4724 0.4724 0.4724 0.4724 0.4724 0.4724 0.4724 0.4724 0.4724 0.4724 0.4724 0.4724 0.4724 0.4724 0.4724 
CAMCRPMSTSEC 1.0876 1.0876 0.9737 0.9737 0.9737 0.9737 0.9737 0.9737 0.9737 0.9737 0.9737 0.9737 0.9737 0.9737 0.9737 0.9737 0.9737 0.9737 0.9737 0.9737 0.9737 0.9737 0.9737 0.9737 0.9737 0.9737 0.9737 0.9737 0.9737 0.9737 0.9737 0.9737 0.9737 
CAMCRPDRYSEC 0.0 0.0 0.0465 0.0465 0.0465 0.0465 0.0465 0.0465 0.0465 0.0465 0.0465 0.0465 0.0465 0.0465 0.0465 0.0465 0.0465 0.0465 0.0465 0.0465 0.0465 0.0465 0.0465 0.0465 0.0465 0.0465 0.0465 0.0465 0.0465 0.0465 0.0465 0.0465 0.0465 
CAMCRPMGRSEC 0.0327 0.0327 0.0 0.0 0.0 0.0 0.0 0.0 0.0 0.0 0.0 0.0 0.0 0.0 0.0 0.0 0.0 0.0 0.0 0.0 0.0 0.0 0.0 0.0 0.0 0.0 0.0 0.0 0.0 0.0 0.0 0.0 0.0 
CAMCRPPLMSEC 0.0236 0.0236 0.7028 0.7028 0.7028 0.7028 0.7028 0.7028 0.7028 0.7028 0.7028 0.7028 0.7028 0.7028 0.7028 0.7028 0.7028 0.7028 0.7028 0.7028 0.7028 0.7028 0.7028 0.7028 0.7028 0.7028 0.7028 0.7028 0.7028 0.7028 0.7028 0.7028 0.7028 
CAMPASWETSEC 0.0 0.0 0.6195 0.6237 0.6237 0.6237 0.6237 0.6237 0.6237 0.6237 0.6237 0.6237 0.6237 0.6237 0.6237 0.6237 0.6237 0.6237 0.6237 0.6237 0.6237 0.6237 0.6237 0.6237 0.6237 0.6237 0.6237 0.6237 0.6237 0.6237 0.6237 0.6237 0.6237 
CAMPASMSTSEC 0.0627 0.0627 0.0 0.0 0.0 0.0 0.0 0.0 0.0 0.0 0.0 0.0 0.0 0.0 0.0 0.0 0.0 0.0 0.0 0.0 0.0 0.0 0.0 0.0 0.0 0.0 0.0 0.0 0.0 0.0 0.0 0.0 0.0 
CAMPASDRYSEC 0.0103 0.0103 0.0598 0.0598 0.0598 0.0598 0.0598 0.0598 0.0598 0.0598 0.0598 0.0598 0.0598 0.0598 0.0598 0.0598 0.0598 0.0598 0.0598 0.0598 0.0598 0.0598 0.0598 0.0598 0.0598 0.0598 0.0598 0.0598 0.0598 0.0598 0.0598 0.0598 0.0598 
CAMPASMGRSEC 0.0 0.0 0.0024 0.0024 0.0024 0.0024 0.0024 0.0024 0.0024 0.0024 0.0024 0.0024 0.0024 0.0024 0.0024 0.0024 0.0024 0.0024 0.0024 0.0024 0.0024 0.0024 0.0024 0.0024 0.0024 0.0024 0.0024 0.0024 0.0024 0.0024 0.0024 0.0024 0.0024 
CAMPASPLMSEC 0.0 0.0 0.0457 0.0457 0.0457 0.0457 0.0457 0.0457 0.0457 0.0457 0.0457 0.0457 0.0457 0.0457 0.0457 0.0457 0.0457 0.0457 0.0457 0.0457 0.0457 0.0457 0.0457 0.0457 0.0457 0.0457 0.0457 0.0457 0.0457 0.0457 0.0457 0.0457 0.0457 
CAMOTLWETSEC 0.3861 0.3861 0.0 0.0 0.0 0.0099 0.0099 0.0198 0.0297 0.0297 0.0396 0.0495 0.0495 0.0594 0.0693 0.0693 0.0693 0.0693 0.0693 0.0693 0.0693 0.0693 0.0693 0.0693 0.0693 0.0693 0.0693 0.0693 0.0693 0.0693 0.0693 0.0693 0.0693 
CAMOTLMSTSEC 0.0026 0.0026 0.0 0.0 0.0 0.0 0.0 0.0 0.0 0.0 0.0 0.0 0.0 0.0 0.0 0.0 0.0 0.0 0.0 0.0 0.0 0.0 0.0 0.0 0.0 0.0 0.0 0.0 0.0 0.0 0.0 0.0 0.0 
CAMOTLDRYSEC 0.1185 0.2698 0.4755 0.8427 0.9492 1.186 1.5648 1.9912 2.5596 3.2224 3.2224 3.2224 3.2224 3.2224 3.2224 3.2224 3.2224 3.2224 3.2224 3.2224 3.2224 3.2224 3.2224 3.2224 3.2224 3.2224 3.2224 3.2224 3.2224 3.2224 3.2224 3.2224 3.2224 
CAMOTLMGRSEC 0.0048 0.0048 0.0014 0.0014 0.0014 0.0014 0.0014 0.0014 0.0014 0.0014 0.0014 0.0014 0.0014 0.0014 0.0014 0.0014 0.0014 0.0014 0.0014 0.0014 0.0014 0.0014 0.0014 0.0014 0.0014 0.0014 0.0014 0.0014 0.0014 0.0014 0.0014 0.0014 0.0014 
CAMOTLPLMSEC 0.2524 0.2524 0.0 0.0 0.0 0.0 0.0 0.0 0.0 0.0 0.0 0.0 0.0 0.0 0.0 0.0 0.0 0.0 0.0 0.0 0.0 0.0 0.0 0.0 0.0 0.0 0.0 0.0 0.0 0.0 0.0 0.0 0.0 
NOSTCLND 1.87 1.87 1.88 1.88 1.88 1.88 1.88 1.88 1.88 1.88 1.88 1.88 1.88 1.88 1.88 1.88 1.88 1.88 1.88 1.88 1.88 1.88 1.88 1.88 1.88 1.88 1.88 1.88 1.88 1.88 1.88 1.88 1.88 
DEGFORWET 0.0 0.0 0.0 0.0 0.0 0.0 0.0 0.0 0.0 0.0 0.0 0.0 0.0 0.0 0.0 0.0 0.0 0.0 0.0 0.0 0.0 0.0 0.0 0.0 0.0 0.0 0.0 0.0 0.0 0.0 0.0 0.0 0.0 
DEGFORMST 0.0 0.0 0.0 0.0 0.0 0.0 0.0 0.0 0.0 0.0 0.0 0.0 0.0 0.0 0.0 0.0 0.0 0.0 0.0 0.0 0.0 0.0 0.0 0.0 0.0 0.0 0.0 0.0 0.0 0.0 0.0 0.0 0.0 
DEGFORDRY 0.0 0.0 0.0 0.0 0.0 0.0 0.0 0.0 0.0 0.0 0.0 0.0 0.0 0.0 0.0 0.0 0.0 0.0 0.0 0.0 0.0 0.0 0.0 0.0 0.0 0.0 0.0 0.0 0.0 0.0 0.0 0.0 0.0 
DEGFORMGR 0.0 0.0 0.0 0.0 0.0 0.0 0.0 0.0 0.0 0.0 0.0 0.0 0.0 0.0 0.0 0.0 0.0 0.0 0.0 0.0 0.0 0.0 0.0 0.0 0.0 0.0 0.0 0.0 0.0 0.0 0.0 0.0 0.0 
DEGFORPLM 0.0 0.0 0.0 0.0 0.0 0.0 0.0 0.0 0.0 0.0 0.0 0.0 0.0 0.0 0.0 0.0 0.0 0.0 0.0 0.0 0.0 0.0 0.0 0.0 0.0 0.0 0.0 0.0 0.0 0.0 0.0 0.0 0.0 
COPASFORWET 0.0316 0.0316 0.0316 0.0316 0.0316 0.0316 0.0316 0.0316 0.0316 0.0316 0.0316 0.0316 0.0316 0.0316 0.0316 0.0316 0.0316 0.0316 0.0316 0.0316 0.0316 0.0316 0.0316 0.0316 0.0316 0.0316 0.0316 0.0316 0.0316 0.0316 0.0316 0.0316 0.0316 
COPASFORMST 0.0402 0.0402 0.0402 0.0402 0.0402 0.0402 0.0402 0.0402 0.0402 0.0402 0.0402 0.0402 0.0402 0.0402 0.0402 0.0402 0.0402 0.0402 0.0402 0.0402 0.0402 0.0402 0.0402 0.0402 0.0402 0.0402 0.0402 0.0402 0.0402 0.0402 0.0402 0.0402 0.0402 
COPASFORDRY 0.0034 0.0034 0.0034 0.0034 0.0034 0.0034 0.0034 0.0034 0.0034 0.0034 0.0034 0.0034 0.0034 0.0034 0.0034 0.0034 0.0034 0.0034 0.0034 0.0034 0.0034 0.0034 0.0034 0.0034 0.0034 0.0034 0.0034 0.0034 0.0034 0.0034 0.0034 0.0034 0.0034 
COPASFORPLM 0.0011 0.0011 0.0011 0.0011 0.0011 0.0011 0.0011 0.0011 0.0011 0.0011 0.0011 0.0011 0.0011 0.0011 0.0011 0.0011 0.0011 0.0011 0.0011 0.0011 0.0011 0.0011 0.0011 0.0011 0.0011 0.0011 0.0011 0.0011 0.0011 0.0011 0.0011 0.0011 0.0011 
LNDFOR 0.0 0.0 0.0 0.0 0.0 0.0 0.0 0.0 0.0 0.0 0.0 0.0 0.0 0.0 0.0 0.0 0.0 0.0 0.0 0.0 0.0 0.0 0.0 0.0 0.0 0.0 0.0 0.0 0.0 0.0 0.0 0.0 0.0 
LNDAGR 0.0 0.0 0.0 0.0 0.0 0.0 0.0 0.0 0.0 0.0 0.0 0.0 0.0 0.0 0.0 0.0 0.0 0.0 0.0 0.0 0.0 0.0 0.0 0.0 0.0 0.0 0.0 0.0 0.0 0.0 0.0 0.0 0.0 
LNDGAN 0.0 0.0 0.0 0.0 0.0 0.0 0.0 0.0 0.0 0.0 0.0 0.0 0.0 0.0 0.0 0.0 0.0 0.0 0.0 0.0 0.0 0.0 0.0 0.0 0.0 0.0 0.0 0.0 0.0 0.0 0.0 0.0 0.0 
AGRSGC 0.06 0.0626 0.0627 0.0607 0.0598 0.0589 0.0583 0.0585 0.0588 0.059 0.0593 0.0595 0.0598 0.06 0.0603 0.0606 0.0608 0.0611 0.0613 0.0616 0.0619 0.0621 0.0624 0.0626 0.0629 0.0631 0.0633 0.0636 0.0638 0.064 0.0643 0.0645 0.0647 
AGRRIC 0.0388 0.0339 0.0322 0.033 0.0261 0.0148 0.0147 0.0148 0.0148 0.0149 0.0149 0.015 0.0151 0.0151 0.0152 0.0153 0.0153 0.0154 0.0155 0.0155 0.0156 0.0157 0.0157 0.0158 0.0158 0.0159 0.016 0.016 0.0161 0.0161 0.0162 0.0163 0.0163 
AGRBAN 0.0474 0.0473 0.0478 0.0468 0.0451 0.0464 0.0459 0.0461 0.0463 0.0465 0.0467 0.0469 0.0471 0.0473 0.0475 0.0477 0.0479 0.0481 0.0483 0.0485 0.0487 0.0489 0.0491 0.0493 0.0495 0.0497 0.0499 0.05 0.0502 0.0504 0.0506 0.0508 0.051 
AGRCAF 0.0937 0.0937 0.0937 0.0937 0.0825 0.0825 0.0825 0.0828 0.0831 0.0835 0.0839 0.0842 0.0846 0.085 0.0853 0.0857 0.0861 0.0864 0.0868 0.0872 0.0875 0.0879 0.0882 0.0886 0.0889 0.0893 0.0896 0.09 0.0903 0.0906 0.0909 0.0913 0.0916 
AGRPLM 0.0769 0.0724 0.0756 0.0757 0.0759 0.0754 0.0754 0.0757 0.076 0.0763 0.0766 0.077 0.0773 0.0776 0.078 0.0783 0.0787 0.079 0.0793 0.0797 0.08 0.0803 0.0806 0.081 0.0813 0.0816 0.0819 0.0822 0.0825 0.0828 0.0831 0.0834 0.0837 
AGRPIN 0.0435 0.04 0.04 0.04 0.04 0.04 0.04 0.0402 0.0403 0.0405 0.0407 0.0408 0.041 0.0412 0.0414 0.0416 0.0417 0.0419 0.0421 0.0423 0.0424 0.0426 0.0428 0.043 0.0431 0.0433 0.0435 0.0436 0.0438 0.0439 0.0441 0.0443 0.0444 
AGRORG 0.024 0.023 0.0225 0.0225 0.0223 0.0223 0.0223 0.0224 0.0225 0.0226 0.0227 0.0228 0.0229 0.023 0.0231 0.0232 0.0233 0.0234 0.0235 0.0236 0.0237 0.0238 0.0239 0.0239 0.024 0.0241 0.0242 0.0243 0.0244 0.0245 0.0246 0.0247 0.0248 
AGRFRT 0.0077 0.0076 0.0053 0.004 0.004 0.0038 0.0049 0.0049 0.0049 0.005 0.005 0.005 0.005 0.005 0.0051 0.0051 0.0051 0.0051 0.0052 0.0052 0.0052 0.0052 0.0052 0.0053 0.0053 0.0053 0.0053 0.0053 0.0054 0.0054 0.0054 0.0054 0.0054 
AGRVEG 0.088 0.1007 0.1016 0.1042 0.1235 0.1391 0.1409 0.1415 0.1421 0.1427 0.1433 0.1439 0.1446 0.1452 0.1458 0.1465 0.1471 0.1478 0.1484 0.149 0.1497 0.1503 0.1509 0.1515 0.1521 0.1527 0.1533 0.1539 0.1544 0.155 0.1556 0.1561 0.1567 
AGROTG 0.021 0.0194 0.0195 0.0212 0.0238 0.0214 0.0214 0.0215 0.0216 0.0217 0.0218 0.0218 0.0219 0.022 0.0221 0.0222 0.0223 0.0224 0.0225 0.0226 0.0227 0.0228 0.0229 0.023 0.0231 0.0232 0.0232 0.0233 0.0234 0.0235 0.0236 0.0237 0.0238 
AGROTP 0.0 0.0 0.0 0.0 0.0 0.0 0.0 0.0 0.0 0.0 0.0 0.0 0.0 0.0 0.0 0.0 0.0 0.0 0.0 0.0 0.0 0.0 0.0 0.0 0.0 0.0 0.0 0.0 0.0 0.0 0.0 0.0 0.0 
AGRWOD 0.0563 0.0695 0.0629 0.0633 0.0642 0.0639 0.0621 0.0602 0.0585 0.0568 0.0551 0.0536 0.052 0.0505 0.049 0.0476 0.0462 0.0448 0.0436 0.0423 0.0411 0.0399 0.0387 0.0376 0.0365 0.0354 0.0345 0.0335 0.0325 0.0315 0.0306 0.0297 0.0288 
PROSUG 0.0 0.0 0.0 0.0 0.0 0.0 0.0 0.0 0.0 0.0 0.0 0.0 0.0 0.0 0.0 0.0 0.0 0.0 0.0 0.0 0.0 0.0 0.0 0.0 0.0 0.0 0.0 0.0 0.0 0.0 0.0 0.0 0.0 
PROOIL 0.0 0.0 0.0 0.0 0.0 0.0 0.0 0.0 0.0 0.0 0.0 0.0 0.0 0.0 0.0 0.0 0.0 0.0 0.0 0.0 0.0 0.0 0.0 0.0 0.0 0.0 0.0 0.0 0.0 0.0 0.0 0.0 0.0 
HRDLEC 0.0 0.0 0.0 0.0 0.0 0.0 0.0 0.0 0.0 0.0 0.0 0.0 0.0 0.0 0.0 0.0 0.0 0.0 0.0 0.0 0.0 0.0 0.0 0.0 0.0 0.0 0.0 0.0 0.0 0.0 0.0 0.0 0.0 
HRDCAR 0.0 0.0 0.0 0.0 0.0 0.0 0.0 0.0 0.0 0.0 0.0 0.0 0.0 0.0 0.0 0.0 0.0 0.0 0.0 0.0 0.0 0.0 0.0 0.0 0.0 0.0 0.0 0.0 0.0 0.0 0.0 0.0 0.0 
HRDDOP 0.0 0.0 0.0 0.0 0.0 0.0 0.0 0.0 0.0 0.0 0.0 0.0 0.0 0.0 0.0 0.0 0.0 0.0 0.0 0.0 0.0 0.0 0.0 0.0 0.0 0.0 0.0 0.0 0.0 0.0 0.0 0.0 0.0 
GANLEC 0.2499 0.2531 0.207 0.2626 0.2384 0.2849 0.2964 0.3084 0.3209 0.3339 0.3474 0.3615 0.3761 0.3913 0.4072 0.4236 0.4408 0.4586 0.4772 0.4965 0.5166 0.5375 0.5593 0.5819 0.6055 0.63 0.6555 0.682 0.7096 0.7383 0.7682 0.7993 0.8316 
GANCAR 0.9786 1.024 0.8939 1.0248 0.9312 0.9013 0.8909 0.8806 0.8705 0.8605 0.8505 0.8407 0.831 0.8215 0.812 0.8026 0.7934 0.7842 0.7752 0.7663 0.7574 0.7487 0.7401 0.7315 0.7231 0.7148 0.7065 0.6984 0.6903 0.6824 0.6745 0.6667 0.659 
GANDOP 0.0 0.0 0.0 0.0 0.0 0.0 0.0 0.0 0.0 0.0 0.0 0.0 0.0 0.0 0.0 0.0 0.0 0.0 0.0 0.0 0.0 0.0 0.0 0.0 0.0 0.0 0.0 0.0 0.0 0.0 0.0 0.0 0.0 
T5CARGAN 0.0833 0.0905 0.0961 0.1029 0.0955 0.0926 0.0926 0.0926 0.0926 0.0926 0.0926 0.0926 0.0926 0.0926 0.0926 0.0926 0.0926 0.0926 0.0926 0.0926 0.0926 0.0926 0.0926 0.0926 0.0926 0.0926 0.0926 0.0926 0.0926 0.0926 0.0926 0.0926 0.0926 
T5WETCOV 0.0 0.0 0.0 0.0 0.0 0.0 0.0 0.0 0.0 0.0 0.0 0.0 0.0 0.0 0.0 0.0 0.0 0.0 0.0 0.0 0.0 0.0 0.0 0.0 0.0 0.0 0.0 0.0 0.0 0.0 0.0 0.0 0.0 
T5OTHCOV 0.106 0.1088 0.1098 0.109 0.1018 0.1018 0.1028 0.105 0.1085 0.1132 0.1193 0.1266 0.1354 0.1455 0.1571 0.1703 0.1846 0.2008 0.218 0.237 0.2574 0.2792 0.3024 0.3272 0.3536 0.3815 0.4108 0.4416 0.4738 0.5077 0.543 0.5796 0.6182 
T5NINCOV 0.099 0.0792 0.0891 0.0891 0.0891 0.0891 0.0891 0.0891 0.099 0.099 0.099 0.099 0.099 0.1089 0.1089 0.1089 0.1089 0.1089 0.1188 0.1188 0.1188 0.1188 0.1188 0.1287 0.1287 0.1287 0.1287 0.1287 0.1287 0.1386 0.1386 0.1386 0.1386 
T5INFCOV 0.0792 0.0792 0.0792 0.0792 0.0792 0.0792 0.0792 0.0792 0.0891 0.0891 0.0891 0.0891 0.0891 0.0891 0.0891 0.0891 0.0891 0.0891 0.0891 0.0891 0.0891 0.0891 0.0891 0.099 0.099 0.099 0.099 0.099 0.099 0.099 0.099 0.099 0.099 
T5MGRPRIFORCOV 0.0342 0.0341 0.0341 0.0341 0.0341 0.0341 0.0341 0.0341 0.0341 0.0341 0.0341 0.0341 0.0341 0.0341 0.0341 0.0341 0.0341 0.0341 0.0341 0.0341 0.0341 0.0341 0.0341 0.0341 0.0341 0.0341 0.0341 0.0341 0.0341 0.0341 0.0341 0.0341 0.0341 
T5MGRSECFORCOV 0.0119 0.0116 0.0116 0.0115 0.0115 0.0115 0.0114 0.0113 0.0112 0.011 0.0109 0.0107 0.0105 0.0103 0.0101 0.0098 0.0096 0.0093 0.009 0.0087 0.0083 0.008 0.0076 0.0072 0.0068 0.0064 0.0059 0.0054 0.0049 0.0044 0.0039 0.0034 0.0028 
T5MSTPRIFORCOV 0.6503 0.6487 0.6487 0.6487 0.6487 0.6487 0.6487 0.6487 0.6487 0.6487 0.6487 0.6487 0.6487 0.6487 0.6487 0.6487 0.6487 0.6487 0.6487 0.6487 0.6487 0.6487 0.6487 0.6487 0.6487 0.6487 0.6487 0.6487 0.6487 0.6487 0.6487 0.6487 0.6487 
T5MSTSECFORCOV 0.5535 0.5524 0.5519 0.5513 0.5531 0.5502 0.5464 0.5417 0.5361 0.5296 0.5222 0.514 0.5048 0.4948 0.4839 0.472 0.4593 0.4456 0.4312 0.4157 0.3994 0.3823 0.3642 0.3452 0.3253 0.3045 0.2829 0.2603 0.2369 0.2126 0.1873 0.1613 0.1342 
T5PLMPRIFORCOV 0.1132 0.1132 0.1132 0.1131 0.1131 0.1131 0.1131 0.1131 0.1131 0.1131 0.1131 0.1131 0.1131 0.1131 0.1131 0.1131 0.1131 0.1131 0.1131 0.1131 0.1131 0.1131 0.1131 0.1131 0.1131 0.1131 0.1131 0.1131 0.1131 0.1131 0.1131 0.1131 0.1131 
T5PLMSECFORCOV 0.0224 0.0214 0.0211 0.0212 0.0213 0.0211 0.021 0.0208 0.0206 0.0204 0.0201 0.0198 0.0194 0.019 0.0186 0.0181 0.0177 0.0171 0.0166 0.016 0.0154 0.0147 0.014 0.0133 0.0125 0.0117 0.0109 0.01 0.0091 0.0082 0.0072 0.0062 0.0052 
T5WETPRIFORCOV 1.3407 1.3406 1.3402 1.3398 1.3398 1.3398 1.3398 1.3398 1.3398 1.3398 1.3398 1.3398 1.3398 1.3398 1.3398 1.3398 1.3398 1.3398 1.3398 1.3398 1.3398 1.3398 1.3398 1.3398 1.3398 1.3398 1.3398 1.3398 1.3398 1.3398 1.3398 1.3398 1.3398 
T5WETSECFORCOV 0.3013 0.3012 0.2991 0.2977 0.2987 0.2971 0.2951 0.2925 0.2895 0.286 0.282 0.2776 0.2726 0.2672 0.2613 0.2549 0.2481 0.2407 0.2329 0.2245 0.2157 0.2064 0.1967 0.1864 0.1757 0.1644 0.1528 0.1406 0.1279 0.1148 0.1012 0.0871 0.0725 
T5DRYPRIFORCOV 0.0363 0.0363 0.0363 0.0363 0.0363 0.0363 0.0363 0.0363 0.0363 0.0363 0.0363 0.0363 0.0363 0.0363 0.0363 0.0363 0.0363 0.0363 0.0363 0.0363 0.0363 0.0363 0.0363 0.0363 0.0363 0.0363 0.0363 0.0363 0.0363 0.0363 0.0363 0.0363 0.0363 
T5DRYSECFORCOV 0.0262 0.0262 0.0259 0.0255 0.0256 0.0255 0.0253 0.0251 0.0248 0.0245 0.0242 0.0238 0.0234 0.0229 0.0224 0.0219 0.0213 0.0206 0.02 0.0192 0.0185 0.0177 0.0169 0.016 0.0151 0.0141 0.0131 0.0121 0.011 0.0098 0.0087 0.0075 0.0062 
;

param TotalTechnologyAnnualActivityUpperLimit default 99999 :=
[CR,*,*]:
2018 2019 2020 2021 2022 2023 2024 2025 2026 2027 2028 2029 2030 2031 2032 2033 2034 2035 2036 2037 2038 2039 2040 2041 2042 2043 2044 2045 2046 2047 2048 2049 2050 :=
IMPRIC 999.0 999.0 999.0 999.0 999.0 999.0 999.0 999.0 999.0 999.0 999.0 999.0 999.0 999.0 999.0 999.0 999.0 999.0 999.0 999.0 999.0 999.0 999.0 999.0 999.0 999.0 999.0 999.0 999.0 999.0 999.0 999.0 999.0 
IMPBAN 999.0 999.0 999.0 999.0 999.0 999.0 999.0 999.0 999.0 999.0 999.0 999.0 999.0 999.0 999.0 999.0 999.0 999.0 999.0 999.0 999.0 999.0 999.0 999.0 999.0 999.0 999.0 999.0 999.0 999.0 999.0 999.0 999.0 
IMPCAF 999.0 999.0 999.0 999.0 999.0 999.0 999.0 999.0 999.0 999.0 999.0 999.0 999.0 999.0 999.0 999.0 999.0 999.0 999.0 999.0 999.0 999.0 999.0 999.0 999.0 999.0 999.0 999.0 999.0 999.0 999.0 999.0 999.0 
IMPSUG 999.0 999.0 999.0 999.0 999.0 999.0 999.0 999.0 999.0 999.0 999.0 999.0 999.0 999.0 999.0 999.0 999.0 999.0 999.0 999.0 999.0 999.0 999.0 999.0 999.0 999.0 999.0 999.0 999.0 999.0 999.0 999.0 999.0 
IMPMOL 999.0 999.0 999.0 999.0 999.0 999.0 999.0 999.0 999.0 999.0 999.0 999.0 999.0 999.0 999.0 999.0 999.0 999.0 999.0 999.0 999.0 999.0 999.0 999.0 999.0 999.0 999.0 999.0 999.0 999.0 999.0 999.0 999.0 
IMPPLM 999.0 999.0 999.0 999.0 999.0 999.0 999.0 999.0 999.0 999.0 999.0 999.0 999.0 999.0 999.0 999.0 999.0 999.0 999.0 999.0 999.0 999.0 999.0 999.0 999.0 999.0 999.0 999.0 999.0 999.0 999.0 999.0 999.0 
IMPPIN 999.0 999.0 999.0 999.0 999.0 999.0 999.0 999.0 999.0 999.0 999.0 999.0 999.0 999.0 999.0 999.0 999.0 999.0 999.0 999.0 999.0 999.0 999.0 999.0 999.0 999.0 999.0 999.0 999.0 999.0 999.0 999.0 999.0 
IMPORG 999.0 999.0 999.0 999.0 999.0 999.0 999.0 999.0 999.0 999.0 999.0 999.0 999.0 999.0 999.0 999.0 999.0 999.0 999.0 999.0 999.0 999.0 999.0 999.0 999.0 999.0 999.0 999.0 999.0 999.0 999.0 999.0 999.0 
IMPFRT 999.0 999.0 999.0 999.0 999.0 999.0 999.0 999.0 999.0 999.0 999.0 999.0 999.0 999.0 999.0 999.0 999.0 999.0 999.0 999.0 999.0 999.0 999.0 999.0 999.0 999.0 999.0 999.0 999.0 999.0 999.0 999.0 999.0 
IMPVEG 999.0 999.0 999.0 999.0 999.0 999.0 999.0 999.0 999.0 999.0 999.0 999.0 999.0 999.0 999.0 999.0 999.0 999.0 999.0 999.0 999.0 999.0 999.0 999.0 999.0 999.0 999.0 999.0 999.0 999.0 999.0 999.0 999.0 
IMPOTG 999.0 999.0 999.0 999.0 999.0 999.0 999.0 999.0 999.0 999.0 999.0 999.0 999.0 999.0 999.0 999.0 999.0 999.0 999.0 999.0 999.0 999.0 999.0 999.0 999.0 999.0 999.0 999.0 999.0 999.0 999.0 999.0 999.0 
IMPLEC 1.5251 1.6362 1.4443 1.7978 1.6059 1.9695 1.9695 1.9695 1.9695 1.9695 1.9695 1.9695 1.9695 1.9695 1.9695 1.9695 1.9695 1.9695 1.9695 1.9695 1.9695 1.9695 1.9695 1.9695 1.9695 1.9695 1.9695 1.9695 1.9796 1.9796 1.9796 1.9796 1.9796 
IMPCAR 0.0226 0.0242 0.0263 0.0297 0.0266 0.0268 0.027 0.028 0.0274 0.0276 0.0279 0.0273 0.0276 0.0288 0.0283 0.0287 0.0283 0.0287 0.0282 0.0296 0.0292 0.0297 0.0293 0.029 0.0296 0.0293 0.0299 0.0288 0.0285 0.0292 0.029 0.0297 0.0296 
PROPOR 0.0657 0.0657 0.0683 0.0669 0.0693 0.0682 0.0665 0.0702 0.0723 0.0723 0.0745 0.0745 0.0767 0.0767 0.079 0.079 0.0814 0.0814 0.0838 0.0838 0.0864 0.0864 0.0889 0.0889 0.0916 0.0916 0.0944 0.0944 0.0972 0.0972 0.1001 0.1001 0.1031 
BOSMANWETPRI 1367.8146 1367.6915 1367.2881 1366.8847 1366.8847 1366.8847 1366.8847 1366.8847 1366.8847 1366.8847 1366.8847 1366.8847 1366.8847 1366.8847 1366.8847 1366.8847 1366.8847 1366.8847 1366.8847 1366.8847 1366.8847 1366.8847 1366.8847 1366.8847 1366.8847 1366.8847 1366.8847 1366.8847 1366.8847 1366.8847 1366.8847 1366.8847 1366.8847 
BOSMANMSTPRI 663.4608 661.79 661.79 661.79 661.79 661.79 661.79 661.79 661.79 661.79 661.79 661.79 661.79 661.79 661.79 661.79 661.79 661.79 661.79 661.79 661.79 661.79 661.79 661.79 661.79 661.79 661.79 661.79 661.79 661.79 661.79 661.79 661.79 
BOSMANDRYPRI 36.9936 36.9883 36.9883 36.9883 36.9883 36.9883 36.9883 36.9883 36.9883 36.9883 36.9883 36.9883 36.9883 36.9883 36.9883 36.9883 36.9883 36.9883 36.9883 36.9883 36.9883 36.9883 36.9883 36.9883 36.9883 36.9883 36.9883 36.9883 36.9883 36.9883 36.9883 36.9883 36.9883 
BOSMANMGRPRI 34.8437 34.8108 34.787 34.7634 34.7634 34.7634 34.7634 34.7634 34.7634 34.7634 34.7634 34.7634 34.7634 34.7634 34.7634 34.7634 34.7634 34.7634 34.7634 34.7634 34.7634 34.7634 34.7634 34.7634 34.7634 34.7634 34.7634 34.7634 34.7634 34.7634 34.7634 34.7634 34.7634 
BOSMANPLMPRI 115.4858 115.4785 115.4542 115.43 115.43 115.43 115.43 115.43 115.43 115.43 115.43 115.43 115.43 115.43 115.43 115.43 115.43 115.43 115.43 115.43 115.43 115.43 115.43 115.43 115.43 115.43 115.43 115.43 115.43 115.43 115.43 115.43 115.43 
BOSMANWETSEC 307.3538 307.2388 305.1758 303.7199 304.707 303.0997 301.0159 298.4212 295.3441 291.8 287.7148 283.1689 278.137 272.6104 266.5857 260.0517 253.0641 245.5228 237.5679 229.0392 220.0609 210.5982 200.658 190.2037 179.229 167.7583 155.8475 143.4108 130.5326 117.1138 103.2124 88.8659 73.9364 
BOSMANMSTSEC 564.6975 563.5523 563.0765 562.4179 564.2458 561.2695 557.4108 552.6059 546.9079 540.345 532.7802 524.3623 515.0444 504.8104 493.6541 481.5547 468.6153 454.6506 439.9199 424.1268 407.501 389.9784 371.5715 352.2126 331.8899 310.649 288.5929 265.5632 241.7156 216.8672 191.1251 164.5587 136.9128 
BOSMANDRYSEC 26.733 26.7246 26.3808 26.0402 26.1248 25.987 25.8083 25.5859 25.3221 25.0182 24.6679 24.2782 23.8468 23.3729 22.8564 22.2962 21.6971 21.0505 20.3685 19.6372 18.8675 18.0562 17.2039 16.3076 15.3666 14.3832 13.362 12.2957 11.1915 10.041 8.8492 7.6191 6.3391 
BOSMANMGRSEC 12.1548 11.8777 11.8228 11.7336 11.7718 11.7097 11.6292 11.5289 11.41 11.2731 11.1153 10.9397 10.7453 10.5318 10.299 10.0466 9.7766 9.4853 9.178 8.8485 8.5016 8.1361 7.752 7.3482 6.9242 6.481 6.0209 5.5404 5.0429 4.5245 3.9874 3.4332 2.8564 
BOSMANPLMSEC 22.8271 21.8511 21.4945 21.6201 21.6904 21.5759 21.4276 21.2429 21.0239 20.7716 20.4808 20.1572 19.799 19.4056 18.9767 18.5116 18.0142 17.4774 16.9111 16.304 15.6649 14.9913 14.2837 13.5395 12.7583 11.9418 11.0939 10.2086 9.2919 8.3367 7.3471 6.3259 5.2631 
DEFANTWETPRI 0.0 0.0 0.4034 0.4034 0.4034 0.4034 0.4034 0.4034 0.4034 0.4034 0.4034 0.3657 0.3316 0.3006 0.2726 0.2471 0.224 0.2031 0.1842 0.167 0.1514 0.1373 0.1244 0.1128 0.1023 0.0927 0.0841 0.0762 0.0691 0.0627 0.0568 0.0515 0.0467 
DEFANTMSTPRI 1.4179 1.4179 0.0 0.0 0.0 0.0 0.0 0.0 0.0 0.0 0.0 0.0 0.0 0.0 0.0 0.0 0.0 0.0 0.0 0.0 0.0 0.0 0.0 0.0 0.0 0.0 0.0 0.0 0.0 0.0 0.0 0.0 0.0 
DEFANTDRYPRI 0.0 0.0 0.0 0.0 0.0 0.0 0.0 0.0 0.0 0.0 0.0 0.0 0.0 0.0 0.0 0.0 0.0 0.0 0.0 0.0 0.0 0.0 0.0 0.0 0.0 0.0 0.0 0.0 0.0 0.0 0.0 0.0 0.0 
DEFANTMGRPRI 0.0329 0.0329 0.0 0.0 0.0 0.0 0.0 0.0 0.0 0.0 0.0 0.0 0.0 0.0 0.0 0.0 0.0 0.0 0.0 0.0 0.0 0.0 0.0 0.0 0.0 0.0 0.0 0.0 0.0 0.0 0.0 0.0 0.0 
DEFANTPLMPRI 0.0073 0.0073 0.0 0.0 0.0 0.0 0.0 0.0 0.0 0.0 0.0 0.0 0.0 0.0 0.0 0.0 0.0 0.0 0.0 0.0 0.0 0.0 0.0 0.0 0.0 0.0 0.0 0.0 0.0 0.0 0.0 0.0 0.0 
DEFANTWETSEC 0.5259 0.5259 2.0184 2.0184 2.0184 2.0184 2.0184 2.0184 2.0184 2.0184 2.0184 1.83 1.6591 1.5042 1.3638 1.2365 1.121 1.0164 0.9215 0.8355 0.7575 0.6868 0.6226 0.5645 0.5118 0.464 0.4207 0.3814 0.3458 0.3135 0.2843 0.2577 0.2337 
DEFANTMSTSEC 2.0242 2.0242 1.1914 1.1914 1.1914 1.1914 1.1914 1.1914 1.1914 1.1914 1.1914 1.0802 0.9794 0.8879 0.805 0.7299 0.6617 0.6 0.5439 0.4932 0.4471 0.4054 0.3675 0.3332 0.3021 0.2739 0.2483 0.2251 0.2041 0.1851 0.1678 0.1521 0.1379 
DEFANTDRYSEC 0.0997 0.0997 0.449 0.449 0.449 0.449 0.449 0.449 0.449 0.449 0.449 0.4071 0.3691 0.3346 0.3034 0.2751 0.2494 0.2261 0.205 0.1859 0.1685 0.1528 0.1385 0.1256 0.1139 0.1032 0.0936 0.0849 0.0769 0.0698 0.0632 0.0573 0.052 
DEFANTMGRSEC 0.193 0.193 0.0275 0.0275 0.0275 0.0275 0.0275 0.0275 0.0275 0.0275 0.0275 0.0249 0.0226 0.0205 0.0186 0.0168 0.0153 0.0138 0.0126 0.0114 0.0103 0.0094 0.0085 0.0077 0.007 0.0063 0.0057 0.0052 0.0047 0.0043 0.0039 0.0035 0.0032 
DEFANTPLMSEC 1.1398 1.1398 0.6095 0.6095 0.6095 0.6095 0.6095 0.6095 0.6095 0.6095 0.6095 0.5526 0.501 0.4542 0.4118 0.3734 0.3385 0.3069 0.2782 0.2523 0.2287 0.2074 0.188 0.1705 0.1545 0.1401 0.127 0.1152 0.1044 0.0947 0.0858 0.0778 0.0706 
DEFNONANTWETPRI 0.1232 0.1232 0.0 0.0 0.0 0.0 0.0 0.0 0.0 0.0 0.0 0.0 0.0 0.0 0.0 0.0 0.0 0.0 0.0 0.0 0.0 0.0 0.0 0.0 0.0 0.0 0.0 0.0 0.0 0.0 0.0 0.0 0.0 
DEFNONANTMSTPRI 0.2525 0.2525 0.0 0.0 0.0 0.0 0.0 0.0 0.0 0.0 0.0 0.0 0.0 0.0 0.0 0.0 0.0 0.0 0.0 0.0 0.0 0.0 0.0 0.0 0.0 0.0 0.0 0.0 0.0 0.0 0.0 0.0 0.0 
DEFNONANTDRYPRI 0.005 0.005 0.0 0.0 0.0 0.0 0.0 0.0 0.0 0.0 0.0 0.0 0.0 0.0 0.0 0.0 0.0 0.0 0.0 0.0 0.0 0.0 0.0 0.0 0.0 0.0 0.0 0.0 0.0 0.0 0.0 0.0 0.0 
DEFNONANTMGRPRI 0.0 0.0 0.0232 0.0232 0.0232 0.0232 0.0232 0.0232 0.0232 0.0232 0.0232 0.0232 0.0232 0.0232 0.0232 0.0232 0.0232 0.0232 0.0232 0.0232 0.0232 0.0232 0.0232 0.0232 0.0232 0.0232 0.0232 0.0232 0.0232 0.0232 0.0232 0.0232 0.0232 
DEFNONANTPLMPRI 0.0 0.0 0.0242 0.0242 0.0242 0.0242 0.0242 0.0242 0.0242 0.0242 0.0242 0.0242 0.0242 0.0242 0.0242 0.0242 0.0242 0.0242 0.0242 0.0242 0.0242 0.0242 0.0242 0.0242 0.0242 0.0242 0.0242 0.0242 0.0242 0.0242 0.0242 0.0242 0.0242 
DEFNONANTWETSEC 95.9419 95.9419 95.9419 95.9419 95.9419 95.9419 95.9419 95.9419 95.9419 95.9419 95.9419 95.9419 95.9419 95.9419 95.9419 95.9419 95.9419 95.9419 95.9419 95.9419 95.9419 95.9419 95.9419 95.9419 95.9419 95.9419 95.9419 95.9419 95.9419 95.9419 95.9419 95.9419 95.9419 
DEFNONANTMSTSEC 297.142 297.142 297.142 297.142 297.142 297.142 297.142 297.142 297.142 297.142 297.142 297.142 297.142 297.142 297.142 297.142 297.142 297.142 297.142 297.142 297.142 297.142 297.142 297.142 297.142 297.142 297.142 297.142 297.142 297.142 297.142 297.142 297.142 
DEFNONANTDRYSEC 13.8168 13.8168 13.8168 13.8168 13.8168 13.8168 13.8168 13.8168 13.8168 13.8168 13.8168 13.8168 13.8168 13.8168 13.8168 13.8168 13.8168 13.8168 13.8168 13.8168 13.8168 13.8168 13.8168 13.8168 13.8168 13.8168 13.8168 13.8168 13.8168 13.8168 13.8168 13.8168 13.8168 
DEFNONANTMGRSEC 122.4383 122.4383 122.4383 122.4383 122.4383 122.4383 122.4383 122.4383 122.4383 122.4383 122.4383 122.4383 122.4383 122.4383 122.4383 122.4383 122.4383 122.4383 122.4383 122.4383 122.4383 122.4383 122.4383 122.4383 122.4383 122.4383 122.4383 122.4383 122.4383 122.4383 122.4383 122.4383 122.4383 
DEFNONANTPLMSEC 117.7569 117.7569 117.7569 117.7569 117.7569 117.7569 117.7569 117.7569 117.7569 117.7569 117.7569 117.7569 117.7569 117.7569 117.7569 117.7569 117.7569 117.7569 117.7569 117.7569 117.7569 117.7569 117.7569 117.7569 117.7569 117.7569 117.7569 117.7569 117.7569 117.7569 117.7569 117.7569 117.7569 
CAMCRPWETSEC 0.122 0.122 0.482 0.482 0.482 0.482 0.482 0.482 0.482 0.482 0.482 0.482 0.482 0.482 0.482 0.482 0.482 0.482 0.482 0.482 0.482 0.482 0.482 0.482 0.482 0.482 0.482 0.482 0.482 0.482 0.482 0.482 0.482 
CAMCRPMSTSEC 1.1096 1.1096 0.9933 0.9933 0.9933 0.9933 0.9933 0.9933 0.9933 0.9933 0.9933 0.9933 0.9933 0.9933 0.9933 0.9933 0.9933 0.9933 0.9933 0.9933 0.9933 0.9933 0.9933 0.9933 0.9933 0.9933 0.9933 0.9933 0.9933 0.9933 0.9933 0.9933 0.9933 
CAMCRPDRYSEC 0.0 0.0 0.0475 0.0475 0.0475 0.0475 0.0475 0.0475 0.0475 0.0475 0.0475 0.0475 0.0475 0.0475 0.0475 0.0475 0.0475 0.0475 0.0475 0.0475 0.0475 0.0475 0.0475 0.0475 0.0475 0.0475 0.0475 0.0475 0.0475 0.0475 0.0475 0.0475 0.0475 
CAMCRPMGRSEC 0.0333 0.0333 0.0 0.0 0.0 0.0 0.0 0.0 0.0 0.0 0.0 0.0 0.0 0.0 0.0 0.0 0.0 0.0 0.0 0.0 0.0 0.0 0.0 0.0 0.0 0.0 0.0 0.0 0.0 0.0 0.0 0.0 0.0 
CAMCRPPLMSEC 0.024 0.024 0.717 0.717 0.717 0.717 0.717 0.717 0.717 0.717 0.717 0.717 0.717 0.717 0.717 0.717 0.717 0.717 0.717 0.717 0.717 0.717 0.717 0.717 0.717 0.717 0.717 0.717 0.717 0.717 0.717 0.717 0.717 
CAMPASWETSEC 0.0 0.0 0.632 0.6363 0.6363 0.6363 0.6363 0.6363 0.6363 0.6363 0.6363 0.6363 0.6363 0.6363 0.6363 0.6363 0.6363 0.6363 0.6363 0.6363 0.6363 0.6363 0.6363 0.6363 0.6363 0.6363 0.6363 0.6363 0.6363 0.6363 0.6363 0.6363 0.6363 
CAMPASMSTSEC 0.0639 0.0639 0.0 0.0 0.0 0.0 0.0 0.0 0.0 0.0 0.0 0.0 0.0 0.0 0.0 0.0 0.0 0.0 0.0 0.0 0.0 0.0 0.0 0.0 0.0 0.0 0.0 0.0 0.0 0.0 0.0 0.0 0.0 
CAMPASDRYSEC 0.0105 0.0105 0.061 0.061 0.061 0.061 0.061 0.061 0.061 0.061 0.061 0.061 0.061 0.061 0.061 0.061 0.061 0.061 0.061 0.061 0.061 0.061 0.061 0.061 0.061 0.061 0.061 0.061 0.061 0.061 0.061 0.061 0.061 
CAMPASMGRSEC 0.0 0.0 0.0024 0.0024 0.0024 0.0024 0.0024 0.0024 0.0024 0.0024 0.0024 0.0024 0.0024 0.0024 0.0024 0.0024 0.0024 0.0024 0.0024 0.0024 0.0024 0.0024 0.0024 0.0024 0.0024 0.0024 0.0024 0.0024 0.0024 0.0024 0.0024 0.0024 0.0024 
CAMPASPLMSEC 0.0 0.0 0.0467 0.0467 0.0467 0.0467 0.0467 0.0467 0.0467 0.0467 0.0467 0.0467 0.0467 0.0467 0.0467 0.0467 0.0467 0.0467 0.0467 0.0467 0.0467 0.0467 0.0467 0.0467 0.0467 0.0467 0.0467 0.0467 0.0467 0.0467 0.0467 0.0467 0.0467 
CAMOTLWETSEC 0.3939 0.3939 0.0 0.0 0.0 0.0101 0.0101 0.0202 0.0303 0.0303 0.0404 0.0505 0.0505 0.0606 0.0707 0.0707 0.0707 0.0707 0.0707 0.0707 0.0707 0.0707 0.0707 0.0707 0.0707 0.0707 0.0707 0.0707 0.0707 0.0707 0.0707 0.0707 0.0707 
CAMOTLMSTSEC 0.0026 0.0026 0.0 0.0 0.0 0.0 0.0 0.0 0.0 0.0 0.0 0.0 0.0 0.0 0.0 0.0 0.0 0.0 0.0 0.0 0.0 0.0 0.0 0.0 0.0 0.0 0.0 0.0 0.0 0.0 0.0 0.0 0.0 
CAMOTLDRYSEC 0.1209 0.2753 0.4851 0.8597 0.9683 1.2099 1.5964 2.0314 2.6114 3.2875 3.2875 3.2875 3.2875 3.2875 3.2875 3.2875 3.2875 3.2875 3.2875 3.2875 3.2875 3.2875 3.2875 3.2875 3.2875 3.2875 3.2875 3.2875 3.2875 3.2875 3.2875 3.2875 3.2875 
CAMOTLMGRSEC 0.0049 0.0049 0.0014 0.0014 0.0014 0.0014 0.0014 0.0014 0.0014 0.0014 0.0014 0.0014 0.0014 0.0014 0.0014 0.0014 0.0014 0.0014 0.0014 0.0014 0.0014 0.0014 0.0014 0.0014 0.0014 0.0014 0.0014 0.0014 0.0014 0.0014 0.0014 0.0014 0.0014 
CAMOTLPLMSEC 0.2575 0.2575 0.0 0.0 0.0 0.0 0.0 0.0 0.0 0.0 0.0 0.0 0.0 0.0 0.0 0.0 0.0 0.0 0.0 0.0 0.0 0.0 0.0 0.0 0.0 0.0 0.0 0.0 0.0 0.0 0.0 0.0 0.0 
NOSTCLND 1.8887 1.8887 1.8988 1.8988 1.8988 1.8988 1.8988 1.8988 1.8988 1.8988 1.8988 1.8988 1.8988 1.8988 1.8988 1.8988 1.8988 1.8988 1.8988 1.8988 1.8988 1.8988 1.8988 1.8988 1.8988 1.8988 1.8988 1.8988 1.8988 1.8988 1.8988 1.8988 1.8988 
DEGFORWET 999.0 999.0 999.0 999.0 999.0 999.0 999.0 999.0 999.0 999.0 999.0 999.0 999.0 999.0 999.0 999.0 999.0 999.0 999.0 999.0 999.0 999.0 999.0 999.0 999.0 999.0 999.0 999.0 999.0 999.0 999.0 999.0 999.0 
DEGFORMST 999.0 999.0 999.0 999.0 999.0 999.0 999.0 999.0 999.0 999.0 999.0 999.0 999.0 999.0 999.0 999.0 999.0 999.0 999.0 999.0 999.0 999.0 999.0 999.0 999.0 999.0 999.0 999.0 999.0 999.0 999.0 999.0 999.0 
DEGFORDRY 999.0 999.0 999.0 999.0 999.0 999.0 999.0 999.0 999.0 999.0 999.0 999.0 999.0 999.0 999.0 999.0 999.0 999.0 999.0 999.0 999.0 999.0 999.0 999.0 999.0 999.0 999.0 999.0 999.0 999.0 999.0 999.0 999.0 
DEGFORMGR 999.0 999.0 999.0 999.0 999.0 999.0 999.0 999.0 999.0 999.0 999.0 999.0 999.0 999.0 999.0 999.0 999.0 999.0 999.0 999.0 999.0 999.0 999.0 999.0 999.0 999.0 999.0 999.0 999.0 999.0 999.0 999.0 999.0 
DEGFORPLM 999.0 999.0 999.0 999.0 999.0 999.0 999.0 999.0 999.0 999.0 999.0 999.0 999.0 999.0 999.0 999.0 999.0 999.0 999.0 999.0 999.0 999.0 999.0 999.0 999.0 999.0 999.0 999.0 999.0 999.0 999.0 999.0 999.0 
COPASFORWET 0.0319 0.0319 0.0319 0.0319 0.0319 0.0319 0.0319 0.0319 0.0319 0.0319 0.0319 0.0319 0.0319 0.0319 0.0319 0.0319 0.0319 0.0319 0.0319 0.0319 0.0319 0.0319 0.0319 0.0319 0.0319 0.0319 0.0319 0.0319 0.0319 0.0319 0.0319 0.0319 0.0319 
COPASFORMST 0.0406 0.0406 0.0406 0.0406 0.0406 0.0406 0.0406 0.0406 0.0406 0.0406 0.0406 0.0406 0.0406 0.0406 0.0406 0.0406 0.0406 0.0406 0.0406 0.0406 0.0406 0.0406 0.0406 0.0406 0.0406 0.0406 0.0406 0.0406 0.0406 0.0406 0.0406 0.0406 0.0406 
COPASFORDRY 0.0035 0.0035 0.0035 0.0035 0.0035 0.0035 0.0035 0.0035 0.0035 0.0035 0.0035 0.0035 0.0035 0.0035 0.0035 0.0035 0.0035 0.0035 0.0035 0.0035 0.0035 0.0035 0.0035 0.0035 0.0035 0.0035 0.0035 0.0035 0.0035 0.0035 0.0035 0.0035 0.0035 
COPASFORPLM 0.0012 0.0012 0.0012 0.0012 0.0012 0.0012 0.0012 0.0012 0.0012 0.0012 0.0012 0.0012 0.0012 0.0012 0.0012 0.0012 0.0012 0.0012 0.0012 0.0012 0.0012 0.0012 0.0012 0.0012 0.0012 0.0012 0.0012 0.0012 0.0012 0.0012 0.0012 0.0012 0.0012 
LNDFOR 999.0 999.0 999.0 999.0 999.0 999.0 999.0 999.0 999.0 999.0 999.0 999.0 999.0 999.0 999.0 999.0 999.0 999.0 999.0 999.0 999.0 999.0 999.0 999.0 999.0 999.0 999.0 999.0 999.0 999.0 999.0 999.0 999.0 
LNDAGR 999.0 999.0 999.0 999.0 999.0 999.0 999.0 999.0 999.0 999.0 999.0 999.0 999.0 999.0 999.0 999.0 999.0 999.0 999.0 999.0 999.0 999.0 999.0 999.0 999.0 999.0 999.0 999.0 999.0 999.0 999.0 999.0 999.0 
LNDGAN 999.0 999.0 999.0 999.0 999.0 999.0 999.0 999.0 999.0 999.0 999.0 999.0 999.0 999.0 999.0 999.0 999.0 999.0 999.0 999.0 999.0 999.0 999.0 999.0 999.0 999.0 999.0 999.0 999.0 999.0 999.0 999.0 999.0 
AGRSGC 0.0606 0.0632 0.0633 0.0613 0.0604 0.0595 0.0589 0.0591 0.0594 0.0596 0.0599 0.0601 0.0604 0.0606 0.0609 0.0612 0.0614 0.0617 0.0619 0.0622 0.0625 0.0627 0.063 0.0632 0.0635 0.0637 0.0639 0.0642 0.0644 0.0646 0.0649 0.0651 0.0653 
AGRRIC 0.0392 0.0342 0.0325 0.0333 0.0264 0.0149 0.0148 0.0149 0.0149 0.015 0.015 0.0152 0.0153 0.0153 0.0154 0.0155 0.0155 0.0156 0.0157 0.0157 0.0158 0.0159 0.0159 0.016 0.016 0.0161 0.0162 0.0162 0.0163 0.0163 0.0164 0.0165 0.0165 
AGRBAN 0.0479 0.0478 0.0483 0.0473 0.0456 0.0469 0.0464 0.0466 0.0468 0.047 0.0472 0.0474 0.0476 0.0478 0.048 0.0482 0.0484 0.0486 0.0488 0.049 0.0492 0.0494 0.0496 0.0498 0.05 0.0502 0.0504 0.0505 0.0507 0.0509 0.0511 0.0513 0.0515 
AGRCAF 0.0946 0.0946 0.0946 0.0946 0.0833 0.0833 0.0833 0.0836 0.0839 0.0843 0.0847 0.085 0.0854 0.0859 0.0862 0.0866 0.087 0.0873 0.0877 0.0881 0.0884 0.0888 0.0891 0.0895 0.0898 0.0902 0.0905 0.0909 0.0912 0.0915 0.0918 0.0922 0.0925 
AGRPLM 0.0777 0.0731 0.0764 0.0765 0.0767 0.0762 0.0762 0.0765 0.0768 0.0771 0.0774 0.0778 0.0781 0.0784 0.0788 0.0791 0.0795 0.0798 0.0801 0.0805 0.0808 0.0811 0.0814 0.0818 0.0821 0.0824 0.0827 0.083 0.0833 0.0836 0.0839 0.0842 0.0845 
AGRPIN 0.0439 0.0404 0.0404 0.0404 0.0404 0.0404 0.0404 0.0406 0.0407 0.0409 0.0411 0.0412 0.0414 0.0416 0.0418 0.042 0.0421 0.0423 0.0425 0.0427 0.0428 0.043 0.0432 0.0434 0.0435 0.0437 0.0439 0.044 0.0442 0.0443 0.0445 0.0447 0.0448 
AGRORG 0.0242 0.0232 0.0227 0.0227 0.0225 0.0225 0.0225 0.0226 0.0227 0.0228 0.0229 0.023 0.0231 0.0232 0.0233 0.0234 0.0235 0.0236 0.0237 0.0238 0.0239 0.024 0.0241 0.0241 0.0242 0.0243 0.0244 0.0245 0.0246 0.0247 0.0248 0.0249 0.025 
AGRFRT 0.0078 0.0077 0.0054 0.004 0.004 0.0038 0.0049 0.0049 0.0049 0.005 0.005 0.005 0.005 0.005 0.0052 0.0052 0.0052 0.0052 0.0053 0.0053 0.0053 0.0053 0.0053 0.0054 0.0054 0.0054 0.0054 0.0054 0.0055 0.0055 0.0055 0.0055 0.0055 
AGRVEG 0.0889 0.1017 0.1026 0.1052 0.1247 0.1405 0.1423 0.1429 0.1435 0.1441 0.1447 0.1453 0.146 0.1467 0.1473 0.148 0.1486 0.1493 0.1499 0.1505 0.1512 0.1518 0.1524 0.153 0.1536 0.1542 0.1548 0.1554 0.1559 0.1566 0.1572 0.1577 0.1583 
AGROTG 0.0212 0.0196 0.0197 0.0214 0.024 0.0216 0.0216 0.0217 0.0218 0.0219 0.022 0.022 0.0221 0.0222 0.0223 0.0224 0.0225 0.0226 0.0227 0.0228 0.0229 0.023 0.0231 0.0232 0.0233 0.0234 0.0234 0.0235 0.0236 0.0237 0.0238 0.0239 0.024 
AGROTP 999.0 999.0 999.0 999.0 999.0 999.0 999.0 999.0 999.0 999.0 999.0 999.0 999.0 999.0 999.0 999.0 999.0 999.0 999.0 999.0 999.0 999.0 999.0 999.0 999.0 999.0 999.0 999.0 999.0 999.0 999.0 999.0 999.0 
AGRWOD 0.0569 0.0702 0.0635 0.0639 0.0648 0.0645 0.0627 0.0608 0.0591 0.0574 0.0557 0.0541 0.0525 0.051 0.0495 0.0481 0.0467 0.0453 0.044 0.0427 0.0415 0.0403 0.0391 0.038 0.0369 0.0358 0.0348 0.0338 0.0328 0.0318 0.0309 0.03 0.0291 
PROSUG 999.0 999.0 999.0 999.0 999.0 999.0 999.0 999.0 999.0 999.0 999.0 999.0 999.0 999.0 999.0 999.0 999.0 999.0 999.0 999.0 999.0 999.0 999.0 999.0 999.0 999.0 999.0 999.0 999.0 999.0 999.0 999.0 999.0 
PROOIL 999.0 999.0 999.0 999.0 999.0 999.0 999.0 999.0 999.0 999.0 999.0 999.0 999.0 999.0 999.0 999.0 999.0 999.0 999.0 999.0 999.0 999.0 999.0 999.0 999.0 999.0 999.0 999.0 999.0 999.0 999.0 999.0 999.0 
HRDLEC 999.0 999.0 999.0 999.0 999.0 999.0 999.0 999.0 999.0 999.0 999.0 999.0 999.0 999.0 999.0 999.0 999.0 999.0 999.0 999.0 999.0 999.0 999.0 999.0 999.0 999.0 999.0 999.0 999.0 999.0 999.0 999.0 999.0 
HRDCAR 999.0 999.0 999.0 999.0 999.0 999.0 999.0 999.0 999.0 999.0 999.0 999.0 999.0 999.0 999.0 999.0 999.0 999.0 999.0 999.0 999.0 999.0 999.0 999.0 999.0 999.0 999.0 999.0 999.0 999.0 999.0 999.0 999.0 
HRDDOP 999.0 999.0 999.0 999.0 999.0 999.0 999.0 999.0 999.0 999.0 999.0 999.0 999.0 999.0 999.0 999.0 999.0 999.0 999.0 999.0 999.0 999.0 999.0 999.0 999.0 999.0 999.0 999.0 999.0 999.0 999.0 999.0 999.0 
GANLEC 0.2524 0.2557 0.2091 0.2653 0.2408 0.2878 0.2994 0.3115 0.3241 0.3372 0.3509 0.3651 0.3799 0.3952 0.4112 0.4279 0.4452 0.4632 0.482 0.5015 0.5218 0.5429 0.5649 0.5877 0.6115 0.6363 0.662 0.6888 0.7167 0.7457 0.7759 0.8073 0.8399 
GANCAR 0.9884 1.0342 0.9028 1.0351 0.9405 0.9103 0.8998 0.8894 0.8792 0.8691 0.859 0.8491 0.8393 0.8297 0.8201 0.8107 0.8013 0.7921 0.7829 0.7739 0.765 0.7562 0.7475 0.7388 0.7303 0.7219 0.7136 0.7054 0.6972 0.6892 0.6812 0.6734 0.6656 
GANDOP 999.0 999.0 999.0 999.0 999.0 999.0 999.0 999.0 999.0 999.0 999.0 999.0 999.0 999.0 999.0 999.0 999.0 999.0 999.0 999.0 999.0 999.0 999.0 999.0 999.0 999.0 999.0 999.0 999.0 999.0 999.0 999.0 999.0 
T5CARGAN 0.085 0.0924 0.0981 0.105 0.0974 0.0944 0.0944 0.0944 0.0944 0.0944 0.0944 0.0944 0.0944 0.0944 0.0944 0.0944 0.0944 0.0944 0.0944 0.0944 0.0944 0.0944 0.0944 0.0944 0.0944 0.0944 0.0944 0.0944 0.0944 0.0944 0.0944 0.0944 0.0944 
T5WETCOV 999.0 999.0 999.0 999.0 999.0 999.0 999.0 999.0 999.0 999.0 999.0 999.0 999.0 999.0 999.0 999.0 999.0 999.0 999.0 999.0 999.0 999.0 999.0 999.0 999.0 999.0 999.0 999.0 999.0 999.0 999.0 999.0 999.0 
T5OTHCOV 0.1082 0.111 0.112 0.1112 0.1038 0.1038 0.1048 0.1072 0.1107 0.1154 0.1217 0.1292 0.1382 0.1485 0.1603 0.1737 0.1884 0.2048 0.2224 0.2418 0.2626 0.2848 0.3086 0.3338 0.3608 0.3893 0.419 0.4506 0.4834 0.5179 0.554 0.5914 0.6306 
T5NINCOV 0.101 0.0808 0.0909 0.0909 0.0909 0.0909 0.0909 0.0909 0.101 0.101 0.101 0.101 0.101 0.1111 0.1111 0.1111 0.1111 0.1111 0.1212 0.1212 0.1212 0.1212 0.1212 0.1313 0.1313 0.1313 0.1313 0.1313 0.1313 0.1414 0.1414 0.1414 0.1414 
T5INFCOV 0.0808 0.0808 0.0808 0.0808 0.0808 0.0808 0.0808 0.0808 0.0909 0.0909 0.0909 0.0909 0.0909 0.0909 0.0909 0.0909 0.0909 0.0909 0.0909 0.0909 0.0909 0.0909 0.0909 0.101 0.101 0.101 0.101 0.101 0.101 0.101 0.101 0.101 0.101 
T5MGRPRIFORCOV 0.0348 0.0348 0.0348 0.0348 0.0348 0.0348 0.0348 0.0348 0.0348 0.0348 0.0348 0.0348 0.0348 0.0348 0.0348 0.0348 0.0348 0.0348 0.0348 0.0348 0.0348 0.0348 0.0348 0.0348 0.0348 0.0348 0.0348 0.0348 0.0348 0.0348 0.0348 0.0348 0.0348 
T5MGRSECFORCOV 0.0122 0.0119 0.0118 0.0117 0.0118 0.0117 0.0116 0.0115 0.0114 0.0113 0.0111 0.0109 0.0107 0.0105 0.0103 0.01 0.0098 0.0095 0.0092 0.0088 0.0085 0.0081 0.0078 0.0073 0.0069 0.0065 0.006 0.0055 0.005 0.0045 0.004 0.0034 0.0029 
T5MSTPRIFORCOV 0.6635 0.6618 0.6618 0.6618 0.6618 0.6618 0.6618 0.6618 0.6618 0.6618 0.6618 0.6618 0.6618 0.6618 0.6618 0.6618 0.6618 0.6618 0.6618 0.6618 0.6618 0.6618 0.6618 0.6618 0.6618 0.6618 0.6618 0.6618 0.6618 0.6618 0.6618 0.6618 0.6618 
T5MSTSECFORCOV 0.5647 0.5636 0.5631 0.5624 0.5642 0.5613 0.5574 0.5526 0.5469 0.5403 0.5328 0.5244 0.515 0.5048 0.4937 0.4816 0.4686 0.4547 0.4399 0.4241 0.4075 0.39 0.3716 0.3522 0.3319 0.3106 0.2886 0.2656 0.2417 0.2169 0.1911 0.1646 0.1369 
T5PLMPRIFORCOV 0.1155 0.1155 0.1155 0.1154 0.1154 0.1154 0.1154 0.1154 0.1154 0.1154 0.1154 0.1154 0.1154 0.1154 0.1154 0.1154 0.1154 0.1154 0.1154 0.1154 0.1154 0.1154 0.1154 0.1154 0.1154 0.1154 0.1154 0.1154 0.1154 0.1154 0.1154 0.1154 0.1154 
T5PLMSECFORCOV 0.0228 0.0219 0.0215 0.0216 0.0217 0.0216 0.0214 0.0212 0.021 0.0208 0.0205 0.0202 0.0198 0.0194 0.019 0.0185 0.018 0.0175 0.0169 0.0163 0.0157 0.015 0.0143 0.0135 0.0128 0.0119 0.0111 0.0102 0.0093 0.0083 0.0073 0.0063 0.0053 
T5WETPRIFORCOV 1.3678 1.3677 1.3673 1.3669 1.3669 1.3669 1.3669 1.3669 1.3669 1.3669 1.3669 1.3669 1.3669 1.3669 1.3669 1.3669 1.3669 1.3669 1.3669 1.3669 1.3669 1.3669 1.3669 1.3669 1.3669 1.3669 1.3669 1.3669 1.3669 1.3669 1.3669 1.3669 1.3669 
T5WETSECFORCOV 0.3074 0.3072 0.3052 0.3037 0.3047 0.3031 0.301 0.2984 0.2953 0.2918 0.2877 0.2832 0.2781 0.2726 0.2666 0.2601 0.2531 0.2455 0.2376 0.229 0.2201 0.2106 0.2007 0.1902 0.1792 0.1678 0.1558 0.1434 0.1305 0.1171 0.1032 0.0889 0.0739 
T5DRYPRIFORCOV 0.037 0.037 0.037 0.037 0.037 0.037 0.037 0.037 0.037 0.037 0.037 0.037 0.037 0.037 0.037 0.037 0.037 0.037 0.037 0.037 0.037 0.037 0.037 0.037 0.037 0.037 0.037 0.037 0.037 0.037 0.037 0.037 0.037 
T5DRYSECFORCOV 0.0267 0.0267 0.0264 0.026 0.0261 0.026 0.0258 0.0256 0.0253 0.025 0.0247 0.0243 0.0238 0.0234 0.0229 0.0223 0.0217 0.0211 0.0204 0.0196 0.0189 0.0181 0.0172 0.0163 0.0154 0.0144 0.0134 0.0123 0.0112 0.01 0.0088 0.0076 0.0063 
;

param VariableCost default 0 :=
[CR,AGRFRT,*,*]:
2018 2019 2020 2021 2022 2023 2024 2025 2026 2027 2028 2029 2030 2031 2032 2033 2034 2035 2036 2037 2038 2039 2040 2041 2042 2043 2044 2045 2046 2047 2048 2049 2050 :=
1 8314.9 8314.9 8314.9 8314.9 8314.9 8314.9 8314.9 8314.9 8314.9 8314.9 8314.9 8314.9 8314.9 8314.9 8314.9 8314.9 8314.9 8314.9 8314.9 8314.9 8314.9 8314.9 8314.9 8314.9 8314.9 8314.9 8314.9 8314.9 8314.9 8314.9 8314.9 8314.9 8314.9 
[CR,IMPCAF,*,*]:
2018 2019 2020 2021 2022 2023 2024 2025 2026 2027 2028 2029 2030 2031 2032 2033 2034 2035 2036 2037 2038 2039 2040 2041 2042 2043 2044 2045 2046 2047 2048 2049 2050 :=
1 2543.5 2543.5 2543.5 2543.5 2543.5 2543.5 2543.5 2543.5 2543.5 2543.5 2543.5 2543.5 2543.5 2543.5 2543.5 2543.5 2543.5 2543.5 2543.5 2543.5 2543.5 2543.5 2543.5 2543.5 2543.5 2543.5 2543.5 2543.5 2543.5 2543.5 2543.5 2543.5 2543.5 
[CR,T5VEGAGREXP,*,*]:
2018 2019 2020 2021 2022 2023 2024 2025 2026 2027 2028 2029 2030 2031 2032 2033 2034 2035 2036 2037 2038 2039 2040 2041 2042 2043 2044 2045 2046 2047 2048 2049 2050 :=
1 598.0425 2984.8787 8573.277 8261.8746 8689.0518 11777.8779 16029.3061 16090.8099 16156.295 16224.4344 16295.311 16367.5562 16440.7967 16514.4934 16588.8537 16662.8822 16736.5789 16810.4001 16883.5991 16956.4249 17028.5872 17100.0858 17171.3771 17242.0464 17312.0106 17380.9794 17450.1556 17518.295 17585.7709 17653.0808 17719.3539 17785.8344 17851.3196 
[CR,IMPORG,*,*]:
2018 2019 2020 2021 2022 2023 2024 2025 2026 2027 2028 2029 2030 2031 2032 2033 2034 2035 2036 2037 2038 2039 2040 2041 2042 2043 2044 2045 2046 2047 2048 2049 2050 :=
1 341.7 341.7 341.7 341.7 341.7 341.7 341.7 341.7 341.7 341.7 341.7 341.7 341.7 341.7 341.7 341.7 341.7 341.7 341.7 341.7 341.7 341.7 341.7 341.7 341.7 341.7 341.7 341.7 341.7 341.7 341.7 341.7 341.7 
[CR,AGRORG,*,*]:
2018 2019 2020 2021 2022 2023 2024 2025 2026 2027 2028 2029 2030 2031 2032 2033 2034 2035 2036 2037 2038 2039 2040 2041 2042 2043 2044 2045 2046 2047 2048 2049 2050 :=
1 998.6 998.6 998.6 998.6 998.6 998.6 998.6 998.6 998.6 998.6 998.6 998.6 998.6 998.6 998.6 998.6 998.6 998.6 998.6 998.6 998.6 998.6 998.6 998.6 998.6 998.6 998.6 998.6 998.6 998.6 998.6 998.6 998.6 
[CR,AGRCAF,*,*]:
2018 2019 2020 2021 2022 2023 2024 2025 2026 2027 2028 2029 2030 2031 2032 2033 2034 2035 2036 2037 2038 2039 2040 2041 2042 2043 2044 2045 2046 2047 2048 2049 2050 :=
1 3897.9 3897.9 3897.9 3897.9 3897.9 3897.9 3897.9 3897.9 3897.9 3897.9 3897.9 3897.9 3897.9 3897.9 3897.9 3897.9 3897.9 3897.9 3897.9 3897.9 3897.9 3897.9 3897.9 3897.9 3897.9 3897.9 3897.9 3897.9 3897.9 3897.9 3897.9 3897.9 3897.9 
[CR,T5LECGANEXP,*,*]:
2018 2019 2020 2021 2022 2023 2024 2025 2026 2027 2028 2029 2030 2031 2032 2033 2034 2035 2036 2037 2038 2039 2040 2041 2042 2043 2044 2045 2046 2047 2048 2049 2050 :=
1 4884.6 4884.6 4884.6 4884.6 4884.6 4884.6 4884.6 4884.6 4884.6 4884.6 4884.6 4884.6 4884.6 4884.6 4884.6 4884.6 4884.6 4884.6 4884.6 4884.6 4884.6 4884.6 4884.6 4884.6 4884.6 4884.6 4884.6 4884.6 4884.6 4884.6 4884.6 4884.6 4884.6 
[CR,T5OILAGREXP,*,*]:
2018 2019 2020 2021 2022 2023 2024 2025 2026 2027 2028 2029 2030 2031 2032 2033 2034 2035 2036 2037 2038 2039 2040 2041 2042 2043 2044 2045 2046 2047 2048 2049 2050 :=
1 77.3743 66.6846 87.7091 125.1929 156.2693 142.4893 134.1868 148.8981 151.4192 153.9921 155.3512 156.7414 158.1316 159.5322 160.9328 162.3645 163.7962 165.2279 166.6804 168.1432 169.6165 171.1 171.183 171.2764 171.3594 171.4424 171.515 171.5773 171.6499 171.7018 171.764 170.4049 169.0562 
[CR,AGRSGC,*,*]:
2018 2019 2020 2021 2022 2023 2024 2025 2026 2027 2028 2029 2030 2031 2032 2033 2034 2035 2036 2037 2038 2039 2040 2041 2042 2043 2044 2045 2046 2047 2048 2049 2050 :=
1 2029.8 2029.8 2029.8 2029.8 2029.8 2029.8 2029.8 2029.8 2029.8 2029.8 2029.8 2029.8 2029.8 2029.8 2029.8 2029.8 2029.8 2029.8 2029.8 2029.8 2029.8 2029.8 2029.8 2029.8 2029.8 2029.8 2029.8 2029.8 2029.8 2029.8 2029.8 2029.8 2029.8 
[CR,T5PINAGREXP,*,*]:
2018 2019 2020 2021 2022 2023 2024 2025 2026 2027 2028 2029 2030 2031 2032 2033 2034 2035 2036 2037 2038 2039 2040 2041 2042 2043 2044 2045 2046 2047 2048 2049 2050 :=
1 1233.8818 1186.1774 1148.0731 1311.5569 1233.8491 1441.0356 1652.7367 1660.0149 1666.6471 1673.5499 1680.7564 1688.0954 1695.5393 1703.0495 1710.6205 1718.1638 1725.674 1733.2173 1740.6889 1748.1328 1755.505 1762.8109 1770.1223 1777.3674 1784.5408 1791.6147 1798.7273 1805.735 1812.6819 1819.6289 1826.4764 1833.3571 1840.1384 
[CR,HRDLEC,*,*]:
2018 2019 2020 2021 2022 2023 2024 2025 2026 2027 2028 2029 2030 2031 2032 2033 2034 2035 2036 2037 2038 2039 2040 2041 2042 2043 2044 2045 2046 2047 2048 2049 2050 :=
1 1188.2 1188.2 1188.2 1188.2 1188.2 1188.2 1188.2 1188.2 1188.2 1188.2 1188.2 1188.2 1188.2 1188.2 1188.2 1188.2 1188.2 1188.2 1188.2 1188.2 1188.2 1188.2 1188.2 1188.2 1188.2 1188.2 1188.2 1188.2 1188.2 1188.2 1188.2 1188.2 1188.2 
[CR,T5FRTAGREXP,*,*]:
2018 2019 2020 2021 2022 2023 2024 2025 2026 2027 2028 2029 2030 2031 2032 2033 2034 2035 2036 2037 2038 2039 2040 2041 2042 2043 2044 2045 2046 2047 2048 2049 2050 :=
1 84.6449 86.0239 68.7284 55.8184 57.5237 61.4033 79.2325 70.9093 72.3224 73.7715 74.508 75.2565 76.005 76.7655 77.5319 78.3104 79.0948 79.8852 80.6816 81.49 82.3043 83.1247 83.1247 83.1247 83.1247 83.1247 83.1247 83.1247 83.1247 83.1247 83.1247 82.2983 81.472 
[CR,IMPFRT,*,*]:
2018 2019 2020 2021 2022 2023 2024 2025 2026 2027 2028 2029 2030 2031 2032 2033 2034 2035 2036 2037 2038 2039 2040 2041 2042 2043 2044 2045 2046 2047 2048 2049 2050 :=
1 122.2 122.2 122.2 122.2 122.2 122.2 122.2 122.2 122.2 122.2 122.2 122.2 122.2 122.2 122.2 122.2 122.2 122.2 122.2 122.2 122.2 122.2 122.2 122.2 122.2 122.2 122.2 122.2 122.2 122.2 122.2 122.2 122.2 
[CR,T5OTGAGREXP,*,*]:
2018 2019 2020 2021 2022 2023 2024 2025 2026 2027 2028 2029 2030 2031 2032 2033 2034 2035 2036 2037 2038 2039 2040 2041 2042 2043 2044 2045 2046 2047 2048 2049 2050 :=
1 0.9872 0.7939 2.7452 1.0487 2.2767 3.957 6.0292 5.337 5.4463 5.5556 5.6103 5.6649 5.7195 5.7742 5.8288 5.8835 5.9563 6.011 6.0656 6.1203 6.1931 6.2478 6.2478 6.2478 6.2478 6.2478 6.2478 6.2478 6.2478 6.2478 6.2478 6.1931 6.1203 
[CR,T5BANAGREXP,*,*]:
2018 2019 2020 2021 2022 2023 2024 2025 2026 2027 2028 2029 2030 2031 2032 2033 2034 2035 2036 2037 2038 2039 2040 2041 2042 2043 2044 2045 2046 2047 2048 2049 2050 :=
1 973.325 959.254 1032.322 1040.935 1089.711 1167.645 1177.108 1183.978 1188.692 1193.601 1198.748 1203.99 1209.302 1214.684 1220.11 1225.516 1230.893 1236.319 1241.69 1247.042 1252.339 1257.591 1262.863 1268.085 1273.257 1278.36 1283.507 1288.58 1293.603 1298.646 1303.619 1308.637 1313.581 
[CR,IMPBAN,*,*]:
2018 2019 2020 2021 2022 2023 2024 2025 2026 2027 2028 2029 2030 2031 2032 2033 2034 2035 2036 2037 2038 2039 2040 2041 2042 2043 2044 2045 2046 2047 2048 2049 2050 :=
1 52.3 52.3 52.3 52.3 52.3 52.3 52.3 52.3 52.3 52.3 52.3 52.3 52.3 52.3 52.3 52.3 52.3 52.3 52.3 52.3 52.3 52.3 52.3 52.3 52.3 52.3 52.3 52.3 52.3 52.3 52.3 52.3 52.3 
[CR,AGRRIC,*,*]:
2018 2019 2020 2021 2022 2023 2024 2025 2026 2027 2028 2029 2030 2031 2032 2033 2034 2035 2036 2037 2038 2039 2040 2041 2042 2043 2044 2045 2046 2047 2048 2049 2050 :=
1 2627.8 2627.8 2627.8 2627.8 2627.8 2627.8 2627.8 2627.8 2627.8 2627.8 2627.8 2627.8 2627.8 2627.8 2627.8 2627.8 2627.8 2627.8 2627.8 2627.8 2627.8 2627.8 2627.8 2627.8 2627.8 2627.8 2627.8 2627.8 2627.8 2627.8 2627.8 2627.8 2627.8 
[CR,IMPPIN,*,*]:
2018 2019 2020 2021 2022 2023 2024 2025 2026 2027 2028 2029 2030 2031 2032 2033 2034 2035 2036 2037 2038 2039 2040 2041 2042 2043 2044 2045 2046 2047 2048 2049 2050 :=
1 470.8 470.8 470.8 470.8 470.8 470.8 470.8 470.8 470.8 470.8 470.8 470.8 470.8 470.8 470.8 470.8 470.8 470.8 470.8 470.8 470.8 470.8 470.8 470.8 470.8 470.8 470.8 470.8 470.8 470.8 470.8 470.8 470.8 
[CR,HRDCAR,*,*]:
2018 2019 2020 2021 2022 2023 2024 2025 2026 2027 2028 2029 2030 2031 2032 2033 2034 2035 2036 2037 2038 2039 2040 2041 2042 2043 2044 2045 2046 2047 2048 2049 2050 :=
1 485.2 485.2 485.2 485.2 485.2 485.2 485.2 485.2 485.2 485.2 485.2 485.2 485.2 485.2 485.2 485.2 485.2 485.2 485.2 485.2 485.2 485.2 485.2 485.2 485.2 485.2 485.2 485.2 485.2 485.2 485.2 485.2 485.2 
[CR,AGRPLM,*,*]:
2018 2019 2020 2021 2022 2023 2024 2025 2026 2027 2028 2029 2030 2031 2032 2033 2034 2035 2036 2037 2038 2039 2040 2041 2042 2043 2044 2045 2046 2047 2048 2049 2050 :=
1 1540.1 1540.1 1540.1 1540.1 1540.1 1540.1 1540.1 1540.1 1540.1 1540.1 1540.1 1540.1 1540.1 1540.1 1540.1 1540.1 1540.1 1540.1 1540.1 1540.1 1540.1 1540.1 1540.1 1540.1 1540.1 1540.1 1540.1 1540.1 1540.1 1540.1 1540.1 1540.1 1540.1 
[CR,T5CARGANEXP,*,*]:
2018 2019 2020 2021 2022 2023 2024 2025 2026 2027 2028 2029 2030 2031 2032 2033 2034 2035 2036 2037 2038 2039 2040 2041 2042 2043 2044 2045 2046 2047 2048 2049 2050 :=
1 2432.4 2432.4 2432.4 2432.4 2432.4 2432.4 2432.4 2432.4 2432.4 2432.4 2432.4 2432.4 2432.4 2432.4 2432.4 2432.4 2432.4 2432.4 2432.4 2432.4 2432.4 2432.4 2432.4 2432.4 2432.4 2432.4 2432.4 2432.4 2432.4 2432.4 2432.4 2432.4 2432.4 
[CR,IMPVEG,*,*]:
2018 2019 2020 2021 2022 2023 2024 2025 2026 2027 2028 2029 2030 2031 2032 2033 2034 2035 2036 2037 2038 2039 2040 2041 2042 2043 2044 2045 2046 2047 2048 2049 2050 :=
1 1855.5 1855.5 1855.5 1855.5 1855.5 1855.5 1855.5 1855.5 1855.5 1855.5 1855.5 1855.5 1855.5 1855.5 1855.5 1855.5 1855.5 1855.5 1855.5 1855.5 1855.5 1855.5 1855.5 1855.5 1855.5 1855.5 1855.5 1855.5 1855.5 1855.5 1855.5 1855.5 1855.5 
[CR,IMPOTG,*,*]:
2018 2019 2020 2021 2022 2023 2024 2025 2026 2027 2028 2029 2030 2031 2032 2033 2034 2035 2036 2037 2038 2039 2040 2041 2042 2043 2044 2045 2046 2047 2048 2049 2050 :=
1 301.4 301.4 301.4 301.4 301.4 301.4 301.4 301.4 301.4 301.4 301.4 301.4 301.4 301.4 301.4 301.4 301.4 301.4 301.4 301.4 301.4 301.4 301.4 301.4 301.4 301.4 301.4 301.4 301.4 301.4 301.4 301.4 301.4 
[CR,AGRBAN,*,*]:
2018 2019 2020 2021 2022 2023 2024 2025 2026 2027 2028 2029 2030 2031 2032 2033 2034 2035 2036 2037 2038 2039 2040 2041 2042 2043 2044 2045 2046 2047 2048 2049 2050 :=
1 7932.7 7932.7 7932.7 7932.7 7932.7 7932.7 7932.7 7932.7 7932.7 7932.7 7932.7 7932.7 7932.7 7932.7 7932.7 7932.7 7932.7 7932.7 7932.7 7932.7 7932.7 7932.7 7932.7 7932.7 7932.7 7932.7 7932.7 7932.7 7932.7 7932.7 7932.7 7932.7 7932.7 
[CR,T5RICAGREXP,*,*]:
2018 2019 2020 2021 2022 2023 2024 2025 2026 2027 2028 2029 2030 2031 2032 2033 2034 2035 2036 2037 2038 2039 2040 2041 2042 2043 2044 2045 2046 2047 2048 2049 2050 :=
1 2.8203 4.4772 5.0292 7.7907 9.0869 9.7906 11.1756 10.0455 10.2465 10.452 10.5592 10.6619 10.7691 10.8763 10.988 11.0952 11.2069 11.3185 11.4347 11.5463 11.6625 11.7786 11.7786 11.7786 11.7786 11.7786 11.7786 11.7786 11.7786 11.7786 11.7786 11.6625 11.5463 
[CR,T5SUGAGREXP,*,*]:
2018 2019 2020 2021 2022 2023 2024 2025 2026 2027 2028 2029 2030 2031 2032 2033 2034 2035 2036 2037 2038 2039 2040 2041 2042 2043 2044 2045 2046 2047 2048 2049 2050 :=
1 26.037 22.251 23.183 25.299 26.022 2.369 6.893 13.856 14.493 15.146 15.449 15.752 16.06 16.4 16.745 17.09 17.441 17.823 18.205 18.593 18.991 19.384 19.368 19.352 19.337 19.321 19.331 19.342 19.352 19.39 19.427 19.044 18.673 
[CR,IMPRIC,*,*]:
2018 2019 2020 2021 2022 2023 2024 2025 2026 2027 2028 2029 2030 2031 2032 2033 2034 2035 2036 2037 2038 2039 2040 2041 2042 2043 2044 2045 2046 2047 2048 2049 2050 :=
1 558.7 558.7 558.7 558.7 558.7 558.7 558.7 558.7 558.7 558.7 558.7 558.7 558.7 558.7 558.7 558.7 558.7 558.7 558.7 558.7 558.7 558.7 558.7 558.7 558.7 558.7 558.7 558.7 558.7 558.7 558.7 558.7 558.7 
[CR,IMPLEC,*,*]:
2018 2019 2020 2021 2022 2023 2024 2025 2026 2027 2028 2029 2030 2031 2032 2033 2034 2035 2036 2037 2038 2039 2040 2041 2042 2043 2044 2045 2046 2047 2048 2049 2050 :=
1 1992.3 1992.3 1992.3 1992.3 1992.3 1992.3 1992.3 1992.3 1992.3 1992.3 1992.3 1992.3 1992.3 1992.3 1992.3 1992.3 1992.3 1992.3 1992.3 1992.3 1992.3 1992.3 1992.3 1992.3 1992.3 1992.3 1992.3 1992.3 1992.3 1992.3 1992.3 1992.3 1992.3 
[CR,T5CAFAGREXP,*,*]:
2018 2019 2020 2021 2022 2023 2024 2025 2026 2027 2028 2029 2030 2031 2032 2033 2034 2035 2036 2037 2038 2039 2040 2041 2042 2043 2044 2045 2046 2047 2048 2049 2050 :=
1 1783.0325 2100.3909 1945.5167 2549.7796 2477.5468 2267.9122 2093.3406 2118.6726 2127.2519 2136.121 2145.3379 2154.6707 2164.1195 2173.5683 2183.133 2192.5818 2202.0886 2211.4794 2220.8122 2230.0871 2239.304 2248.405 2257.448 2266.433 2275.3022 2284.0553 2292.7505 2301.3298 2309.8511 2318.2564 2326.5459 2334.7773 2342.8928 
[CR,T5MOLAGREXP,*,*]:
2018 2019 2020 2021 2022 2023 2024 2025 2026 2027 2028 2029 2030 2031 2032 2033 2034 2035 2036 2037 2038 2039 2040 2041 2042 2043 2044 2045 2046 2047 2048 2049 2050 :=
1 1.5361 0.0 1.3209 0.0 0.0 0.0 2.43 0.8288 0.8453 0.8619 0.8707 0.8795 0.8884 0.8972 0.906 0.9148 0.9237 0.9336 0.9424 0.9524 0.9612 0.9711 0.9711 0.9711 0.9711 0.9711 0.9711 0.9711 0.9711 0.9711 0.9711 0.9612 0.9524 
[CR,AGRPIN,*,*]:
2018 2019 2020 2021 2022 2023 2024 2025 2026 2027 2028 2029 2030 2031 2032 2033 2034 2035 2036 2037 2038 2039 2040 2041 2042 2043 2044 2045 2046 2047 2048 2049 2050 :=
1 2601.9 2601.9 2601.9 2601.9 2601.9 2601.9 2601.9 2601.9 2601.9 2601.9 2601.9 2601.9 2601.9 2601.9 2601.9 2601.9 2601.9 2601.9 2601.9 2601.9 2601.9 2601.9 2601.9 2601.9 2601.9 2601.9 2601.9 2601.9 2601.9 2601.9 2601.9 2601.9 2601.9 
[CR,AGRVEG,*,*]:
2018 2019 2020 2021 2022 2023 2024 2025 2026 2027 2028 2029 2030 2031 2032 2033 2034 2035 2036 2037 2038 2039 2040 2041 2042 2043 2044 2045 2046 2047 2048 2049 2050 :=
1 15897.1 15897.1 15897.1 15897.1 15897.1 15897.1 15897.1 15897.1 15897.1 15897.1 15897.1 15897.1 15897.1 15897.1 15897.1 15897.1 15897.1 15897.1 15897.1 15897.1 15897.1 15897.1 15897.1 15897.1 15897.1 15897.1 15897.1 15897.1 15897.1 15897.1 15897.1 15897.1 15897.1 
[CR,AGROTG,*,*]:
2018 2019 2020 2021 2022 2023 2024 2025 2026 2027 2028 2029 2030 2031 2032 2033 2034 2035 2036 2037 2038 2039 2040 2041 2042 2043 2044 2045 2046 2047 2048 2049 2050 :=
1 1641.8 1641.8 1641.8 1641.8 1641.8 1641.8 1641.8 1641.8 1641.8 1641.8 1641.8 1641.8 1641.8 1641.8 1641.8 1641.8 1641.8 1641.8 1641.8 1641.8 1641.8 1641.8 1641.8 1641.8 1641.8 1641.8 1641.8 1641.8 1641.8 1641.8 1641.8 1641.8 1641.8 
[CR,IMPSUG,*,*]:
2018 2019 2020 2021 2022 2023 2024 2025 2026 2027 2028 2029 2030 2031 2032 2033 2034 2035 2036 2037 2038 2039 2040 2041 2042 2043 2044 2045 2046 2047 2048 2049 2050 :=
1 691.6 691.6 691.6 691.6 691.6 691.6 691.6 691.6 691.6 691.6 691.6 691.6 691.6 691.6 691.6 691.6 691.6 691.6 691.6 691.6 691.6 691.6 691.6 691.6 691.6 691.6 691.6 691.6 691.6 691.6 691.6 691.6 691.6 
[CR,T5ORGAGREXP,*,*]:
2018 2019 2020 2021 2022 2023 2024 2025 2026 2027 2028 2029 2030 2031 2032 2033 2034 2035 2036 2037 2038 2039 2040 2041 2042 2043 2044 2045 2046 2047 2048 2049 2050 :=
1 24.6181 50.8751 172.6056 39.1701 64.5633 28.6886 48.9489 50.2525 50.4433 50.6427 50.8653 51.0907 51.3191 51.5618 51.8075 52.0503 52.2931 52.5475 52.7989 53.0475 53.2961 53.5418 53.7961 54.0505 54.3019 54.5505 54.8107 55.065 55.3194 55.5853 55.8454 56.12 56.3888 
[CR,IMPMOL,*,*]:
2018 2019 2020 2021 2022 2023 2024 2025 2026 2027 2028 2029 2030 2031 2032 2033 2034 2035 2036 2037 2038 2039 2040 2041 2042 2043 2044 2045 2046 2047 2048 2049 2050 :=
1 130.6 130.6 130.6 130.6 130.6 130.6 130.6 130.6 130.6 130.6 130.6 130.6 130.6 130.6 130.6 130.6 130.6 130.6 130.6 130.6 130.6 130.6 130.6 130.6 130.6 130.6 130.6 130.6 130.6 130.6 130.6 130.6 130.6 
[CR,IMPCAR,*,*]:
2018 2019 2020 2021 2022 2023 2024 2025 2026 2027 2028 2029 2030 2031 2032 2033 2034 2035 2036 2037 2038 2039 2040 2041 2042 2043 2044 2045 2046 2047 2048 2049 2050 :=
1 4533.5 4533.5 4533.5 4533.5 4533.5 4533.5 4533.5 4533.5 4533.5 4533.5 4533.5 4533.5 4533.5 4533.5 4533.5 4533.5 4533.5 4533.5 4533.5 4533.5 4533.5 4533.5 4533.5 4533.5 4533.5 4533.5 4533.5 4533.5 4533.5 4533.5 4533.5 4533.5 4533.5 
;

param YearSplit default 0 :
2018 2019 2020 2021 2022 2023 2024 2025 2026 2027 2028 2029 2030 2031 2032 2033 2034 2035 2036 2037 2038 2039 2040 2041 2042 2043 2044 2045 2046 2047 2048 2049 2050 :=
All 1 1 1 1 1 1 1 1 1 1 1 1 1 1 1 1 1 1 1 1 1 1 1 1 1 1 1 1 1 1 1 1 1 
;

param AccumulatedAnnualDemand default 0 :=
;
param AnnualEmissionLimit default 99999 :=
;
param AnnualExogenousEmission default 0 :=
;
param AvailabilityFactor default 1 :=
;
param CapacityFactor default 1 :=
;
param CapacityOfOneTechnologyUnit default 0 :=
;
param CapitalCostStorage default 0 :=
;
param Conversionld default 0 :=
;
param Conversionlh default 0 :=
;
param Conversionls default 0 :=
;
param DaySplit default 0.00137 :=
;
param DaysInDayType default 7 :=
;
param DepreciationMethod default 1 :=
;
param DiscountRate default 0.05 :=
;
param EmissionsPenalty default 0 :=
;
param MinStorageCharge default 0 :=
;
param ModelPeriodEmissionLimit default 99999 :=
;
param ModelPeriodExogenousEmission default 0 :=
;
param OperationalLifeStorage default 1 :=
;
param REMinProductionTarget default 0 :=
;
param RETagFuel default 0 :=
;
param RETagTechnology default 0 :=
;
param ReserveMargin default 0 :=
;
param ReserveMarginTagFuel default 0 :=
;
param ReserveMarginTagTechnology default 0 :=
;
param ResidualCapacity default 0 :=
;
param ResidualStorageCapacity default 0 :=
;
param StorageLevelStart default 0 :=
;
param StorageMaxChargeRate default 0 :=
;
param StorageMaxDischargeRate default 0 :=
;
param TechnologyFromStorage default 0 :=
;
param TechnologyToStorage default 0 :=
;
param TotalAnnualMaxCapacity default 99999 :=
;
param TotalAnnualMaxCapacityInvestment default 99999 :=
;
param TotalAnnualMinCapacity default 0 :=
;
param TotalAnnualMinCapacityInvestment default 0 :=
;
param TotalTechnologyModelPeriodActivityLowerLimit default 0 :=
;
param TotalTechnologyModelPeriodActivityUpperLimit default 99999 :=
;
param TradeRoute default 0 :=
;
#
end;
