Future.ID,Strategy.ID,Strategy,Fuel,Technology,Emission,Season,Year,SpecifiedAnnualDemand,CapacityFactor,OperationalLife,ResidualCapacity,InputActivityRatio,OutputActivityRatio,EmissionActivityRatio,CapitalCost,VariableCost,FixedCost,TotalAnnualMaxCapacity,TotalAnnualMinCapacity,TotalAnnualMinCapacityInvestment,TotalTechnologyAnnualActivityUpperLimit,TotalTechnologyAnnualActivityLowerLimit,DistanceDriven,UnitCapitalCost (USD),UnitFixedCost (USD),BiofuelShares,FilterFuelType,FilterVehicleType
0,0,BAU,E5INDCEM_PROD,,,,2018,5.4296,,,,,,,,,,,,,,,,,,,,
0,0,BAU,E5INDCEM_PROD,,,,2019,5.6442,,,,,,,,,,,,,,,,,,,,
0,0,BAU,E5INDCEM_PROD,,,,2020,5.169,,,,,,,,,,,,,,,,,,,,
0,0,BAU,E5INDCEM_PROD,,,,2021,6.5624,,,,,,,,,,,,,,,,,,,,
0,0,BAU,E5INDCEM_PROD,,,,2022,6.5347,,,,,,,,,,,,,,,,,,,,
0,0,BAU,E5INDCEM_PROD,,,,2023,6.6716,,,,,,,,,,,,,,,,,,,,
0,0,BAU,E5INDCEM_PROD,,,,2024,6.9195,,,,,,,,,,,,,,,,,,,,
0,0,BAU,E5INDCEM_PROD,,,,2025,7.1687,,,,,,,,,,,,,,,,,,,,
0,0,BAU,E5INDCEM_PROD,,,,2026,7.4047,,,,,,,,,,,,,,,,,,,,
0,0,BAU,E5INDCEM_PROD,,,,2027,7.6449,,,,,,,,,,,,,,,,,,,,
0,0,BAU,E5INDCEM_PROD,,,,2028,7.9001,,,,,,,,,,,,,,,,,,,,
0,0,BAU,E5INDCEM_PROD,,,,2029,8.1464,,,,,,,,,,,,,,,,,,,,
0,0,BAU,E5INDCEM_PROD,,,,2030,8.3923,,,,,,,,,,,,,,,,,,,,
0,0,BAU,E5INDCEM_PROD,,,,2031,8.6156,,,,,,,,,,,,,,,,,,,,
0,0,BAU,E5INDCEM_PROD,,,,2032,8.8437,,,,,,,,,,,,,,,,,,,,
0,0,BAU,E5INDCEM_PROD,,,,2033,9.0764,,,,,,,,,,,,,,,,,,,,
0,0,BAU,E5INDCEM_PROD,,,,2034,9.314,,,,,,,,,,,,,,,,,,,,
0,0,BAU,E5INDCEM_PROD,,,,2035,9.5564,,,,,,,,,,,,,,,,,,,,
0,0,BAU,E5INDCEM_PROD,,,,2036,9.7614,,,,,,,,,,,,,,,,,,,,
0,0,BAU,E5INDCEM_PROD,,,,2037,9.9699,,,,,,,,,,,,,,,,,,,,
0,0,BAU,E5INDCEM_PROD,,,,2038,10.1818,,,,,,,,,,,,,,,,,,,,
0,0,BAU,E5INDCEM_PROD,,,,2039,10.3973,,,,,,,,,,,,,,,,,,,,
0,0,BAU,E5INDCEM_PROD,,,,2040,10.6164,,,,,,,,,,,,,,,,,,,,
0,0,BAU,E5INDCEM_PROD,,,,2041,10.7947,,,,,,,,,,,,,,,,,,,,
0,0,BAU,E5INDCEM_PROD,,,,2042,10.9754,,,,,,,,,,,,,,,,,,,,
0,0,BAU,E5INDCEM_PROD,,,,2043,11.1585,,,,,,,,,,,,,,,,,,,,
0,0,BAU,E5INDCEM_PROD,,,,2044,11.3439,,,,,,,,,,,,,,,,,,,,
0,0,BAU,E5INDCEM_PROD,,,,2045,11.5318,,,,,,,,,,,,,,,,,,,,
0,0,BAU,E5INDCEM_PROD,,,,2046,11.678,,,,,,,,,,,,,,,,,,,,
0,0,BAU,E5INDCEM_PROD,,,,2047,11.8256,,,,,,,,,,,,,,,,,,,,
0,0,BAU,E5INDCEM_PROD,,,,2048,11.9746,,,,,,,,,,,,,,,,,,,,
0,0,BAU,E5INDCEM_PROD,,,,2049,12.1252,,,,,,,,,,,,,,,,,,,,
0,0,BAU,E5INDCEM_PROD,,,,2050,12.2772,,,,,,,,,,,,,,,,,,,,
0,0,BAU,E5IPPULIME_PROD,,,,2018,0.4466,,,,,,,,,,,,,,,,,,,,
0,0,BAU,E5IPPULIME_PROD,,,,2019,0.4216,,,,,,,,,,,,,,,,,,,,
0,0,BAU,E5IPPULIME_PROD,,,,2020,0.4851,,,,,,,,,,,,,,,,,,,,
0,0,BAU,E5IPPULIME_PROD,,,,2021,0.5547,,,,,,,,,,,,,,,,,,,,
0,0,BAU,E5IPPULIME_PROD,,,,2022,0.5264,,,,,,,,,,,,,,,,,,,,
0,0,BAU,E5IPPULIME_PROD,,,,2023,0.5374,,,,,,,,,,,,,,,,,,,,
0,0,BAU,E5IPPULIME_PROD,,,,2024,0.5574,,,,,,,,,,,,,,,,,,,,
0,0,BAU,E5IPPULIME_PROD,,,,2025,0.5775,,,,,,,,,,,,,,,,,,,,
0,0,BAU,E5IPPULIME_PROD,,,,2026,0.5965,,,,,,,,,,,,,,,,,,,,
0,0,BAU,E5IPPULIME_PROD,,,,2027,0.6158,,,,,,,,,,,,,,,,,,,,
0,0,BAU,E5IPPULIME_PROD,,,,2028,0.6364,,,,,,,,,,,,,,,,,,,,
0,0,BAU,E5IPPULIME_PROD,,,,2029,0.6563,,,,,,,,,,,,,,,,,,,,
0,0,BAU,E5IPPULIME_PROD,,,,2030,0.6761,,,,,,,,,,,,,,,,,,,,
0,0,BAU,E5IPPULIME_PROD,,,,2031,0.694,,,,,,,,,,,,,,,,,,,,
0,0,BAU,E5IPPULIME_PROD,,,,2032,0.7124,,,,,,,,,,,,,,,,,,,,
0,0,BAU,E5IPPULIME_PROD,,,,2033,0.7312,,,,,,,,,,,,,,,,,,,,
0,0,BAU,E5IPPULIME_PROD,,,,2034,0.7503,,,,,,,,,,,,,,,,,,,,
0,0,BAU,E5IPPULIME_PROD,,,,2035,0.7698,,,,,,,,,,,,,,,,,,,,
0,0,BAU,E5IPPULIME_PROD,,,,2036,0.7864,,,,,,,,,,,,,,,,,,,,
0,0,BAU,E5IPPULIME_PROD,,,,2037,0.8031,,,,,,,,,,,,,,,,,,,,
0,0,BAU,E5IPPULIME_PROD,,,,2038,0.8202,,,,,,,,,,,,,,,,,,,,
0,0,BAU,E5IPPULIME_PROD,,,,2039,0.8376,,,,,,,,,,,,,,,,,,,,
0,0,BAU,E5IPPULIME_PROD,,,,2040,0.8552,,,,,,,,,,,,,,,,,,,,
0,0,BAU,E5IPPULIME_PROD,,,,2041,0.8696,,,,,,,,,,,,,,,,,,,,
0,0,BAU,E5IPPULIME_PROD,,,,2042,0.8841,,,,,,,,,,,,,,,,,,,,
0,0,BAU,E5IPPULIME_PROD,,,,2043,0.8989,,,,,,,,,,,,,,,,,,,,
0,0,BAU,E5IPPULIME_PROD,,,,2044,0.9138,,,,,,,,,,,,,,,,,,,,
0,0,BAU,E5IPPULIME_PROD,,,,2045,0.929,,,,,,,,,,,,,,,,,,,,
0,0,BAU,E5IPPULIME_PROD,,,,2046,0.9407,,,,,,,,,,,,,,,,,,,,
0,0,BAU,E5IPPULIME_PROD,,,,2047,0.9526,,,,,,,,,,,,,,,,,,,,
0,0,BAU,E5IPPULIME_PROD,,,,2048,0.9646,,,,,,,,,,,,,,,,,,,,
0,0,BAU,E5IPPULIME_PROD,,,,2049,0.9768,,,,,,,,,,,,,,,,,,,,
0,0,BAU,E5IPPULIME_PROD,,,,2050,0.989,,,,,,,,,,,,,,,,,,,,
0,0,BAU,E5IPPUCARBONATE,,,,2018,0.0079,,,,,,,,,,,,,,,,,,,,
0,0,BAU,E5IPPUCARBONATE,,,,2019,0.0062,,,,,,,,,,,,,,,,,,,,
0,0,BAU,E5IPPUCARBONATE,,,,2020,0.0078,,,,,,,,,,,,,,,,,,,,
0,0,BAU,E5IPPUCARBONATE,,,,2021,0.0096,,,,,,,,,,,,,,,,,,,,
0,0,BAU,E5IPPUCARBONATE,,,,2022,0.0106,,,,,,,,,,,,,,,,,,,,
0,0,BAU,E5IPPUCARBONATE,,,,2023,0.0106,,,,,,,,,,,,,,,,,,,,
0,0,BAU,E5IPPUCARBONATE,,,,2024,0.0109,,,,,,,,,,,,,,,,,,,,
0,0,BAU,E5IPPUCARBONATE,,,,2025,0.0112,,,,,,,,,,,,,,,,,,,,
0,0,BAU,E5IPPUCARBONATE,,,,2026,0.0115,,,,,,,,,,,,,,,,,,,,
0,0,BAU,E5IPPUCARBONATE,,,,2027,0.0118,,,,,,,,,,,,,,,,,,,,
0,0,BAU,E5IPPUCARBONATE,,,,2028,0.0121,,,,,,,,,,,,,,,,,,,,
0,0,BAU,E5IPPUCARBONATE,,,,2029,0.0124,,,,,,,,,,,,,,,,,,,,
0,0,BAU,E5IPPUCARBONATE,,,,2030,0.0127,,,,,,,,,,,,,,,,,,,,
0,0,BAU,E5IPPUCARBONATE,,,,2031,0.013,,,,,,,,,,,,,,,,,,,,
0,0,BAU,E5IPPUCARBONATE,,,,2032,0.0133,,,,,,,,,,,,,,,,,,,,
0,0,BAU,E5IPPUCARBONATE,,,,2033,0.0136,,,,,,,,,,,,,,,,,,,,
0,0,BAU,E5IPPUCARBONATE,,,,2034,0.0139,,,,,,,,,,,,,,,,,,,,
0,0,BAU,E5IPPUCARBONATE,,,,2035,0.0142,,,,,,,,,,,,,,,,,,,,
0,0,BAU,E5IPPUCARBONATE,,,,2036,0.0144,,,,,,,,,,,,,,,,,,,,
0,0,BAU,E5IPPUCARBONATE,,,,2037,0.0146,,,,,,,,,,,,,,,,,,,,
0,0,BAU,E5IPPUCARBONATE,,,,2038,0.0148,,,,,,,,,,,,,,,,,,,,
0,0,BAU,E5IPPUCARBONATE,,,,2039,0.015,,,,,,,,,,,,,,,,,,,,
0,0,BAU,E5IPPUCARBONATE,,,,2040,0.0152,,,,,,,,,,,,,,,,,,,,
0,0,BAU,E5IPPUCARBONATE,,,,2041,0.0154,,,,,,,,,,,,,,,,,,,,
0,0,BAU,E5IPPUCARBONATE,,,,2042,0.0156,,,,,,,,,,,,,,,,,,,,
0,0,BAU,E5IPPUCARBONATE,,,,2043,0.0158,,,,,,,,,,,,,,,,,,,,
0,0,BAU,E5IPPUCARBONATE,,,,2044,0.016,,,,,,,,,,,,,,,,,,,,
0,0,BAU,E5IPPUCARBONATE,,,,2045,0.0162,,,,,,,,,,,,,,,,,,,,
0,0,BAU,E5IPPUCARBONATE,,,,2046,0.0164,,,,,,,,,,,,,,,,,,,,
0,0,BAU,E5IPPUCARBONATE,,,,2047,0.0166,,,,,,,,,,,,,,,,,,,,
0,0,BAU,E5IPPUCARBONATE,,,,2048,0.0168,,,,,,,,,,,,,,,,,,,,
0,0,BAU,E5IPPUCARBONATE,,,,2049,0.017,,,,,,,,,,,,,,,,,,,,
0,0,BAU,E5IPPUCARBONATE,,,,2050,0.0172,,,,,,,,,,,,,,,,,,,,
0,0,BAU,E5IPPUCARBIDE_PROD,,,,2018,0.3796,,,,,,,,,,,,,,,,,,,,
0,0,BAU,E5IPPUCARBIDE_PROD,,,,2019,0.4179,,,,,,,,,,,,,,,,,,,,
0,0,BAU,E5IPPUCARBIDE_PROD,,,,2020,0.4058,,,,,,,,,,,,,,,,,,,,
0,0,BAU,E5IPPUCARBIDE_PROD,,,,2021,0.2937,,,,,,,,,,,,,,,,,,,,
0,0,BAU,E5IPPUCARBIDE_PROD,,,,2022,0.551,,,,,,,,,,,,,,,,,,,,
0,0,BAU,E5IPPUCARBIDE_PROD,,,,2023,0.5494,,,,,,,,,,,,,,,,,,,,
0,0,BAU,E5IPPUCARBIDE_PROD,,,,2024,0.5647,,,,,,,,,,,,,,,,,,,,
0,0,BAU,E5IPPUCARBIDE_PROD,,,,2025,0.58,,,,,,,,,,,,,,,,,,,,
0,0,BAU,E5IPPUCARBIDE_PROD,,,,2026,0.5944,,,,,,,,,,,,,,,,,,,,
0,0,BAU,E5IPPUCARBIDE_PROD,,,,2027,0.6089,,,,,,,,,,,,,,,,,,,,
0,0,BAU,E5IPPUCARBIDE_PROD,,,,2028,0.6242,,,,,,,,,,,,,,,,,,,,
0,0,BAU,E5IPPUCARBIDE_PROD,,,,2029,0.6388,,,,,,,,,,,,,,,,,,,,
0,0,BAU,E5IPPUCARBIDE_PROD,,,,2030,0.6533,,,,,,,,,,,,,,,,,,,,
0,0,BAU,E5IPPUCARBIDE_PROD,,,,2031,0.6664,,,,,,,,,,,,,,,,,,,,
0,0,BAU,E5IPPUCARBIDE_PROD,,,,2032,0.6797,,,,,,,,,,,,,,,,,,,,
0,0,BAU,E5IPPUCARBIDE_PROD,,,,2033,0.6932,,,,,,,,,,,,,,,,,,,,
0,0,BAU,E5IPPUCARBIDE_PROD,,,,2034,0.7068,,,,,,,,,,,,,,,,,,,,
0,0,BAU,E5IPPUCARBIDE_PROD,,,,2035,0.7206,,,,,,,,,,,,,,,,,,,,
0,0,BAU,E5IPPUCARBIDE_PROD,,,,2036,0.7322,,,,,,,,,,,,,,,,,,,,
0,0,BAU,E5IPPUCARBIDE_PROD,,,,2037,0.744,,,,,,,,,,,,,,,,,,,,
0,0,BAU,E5IPPUCARBIDE_PROD,,,,2038,0.7559,,,,,,,,,,,,,,,,,,,,
0,0,BAU,E5IPPUCARBIDE_PROD,,,,2039,0.7679,,,,,,,,,,,,,,,,,,,,
0,0,BAU,E5IPPUCARBIDE_PROD,,,,2040,0.7801,,,,,,,,,,,,,,,,,,,,
0,0,BAU,E5IPPUCARBIDE_PROD,,,,2041,0.79,,,,,,,,,,,,,,,,,,,,
0,0,BAU,E5IPPUCARBIDE_PROD,,,,2042,0.7999,,,,,,,,,,,,,,,,,,,,
0,0,BAU,E5IPPUCARBIDE_PROD,,,,2043,0.8099,,,,,,,,,,,,,,,,,,,,
0,0,BAU,E5IPPUCARBIDE_PROD,,,,2044,0.82,,,,,,,,,,,,,,,,,,,,
0,0,BAU,E5IPPUCARBIDE_PROD,,,,2045,0.8302,,,,,,,,,,,,,,,,,,,,
0,0,BAU,E5IPPUCARBIDE_PROD,,,,2046,0.8381,,,,,,,,,,,,,,,,,,,,
0,0,BAU,E5IPPUCARBIDE_PROD,,,,2047,0.8461,,,,,,,,,,,,,,,,,,,,
0,0,BAU,E5IPPUCARBIDE_PROD,,,,2048,0.8541,,,,,,,,,,,,,,,,,,,,
0,0,BAU,E5IPPUCARBIDE_PROD,,,,2049,0.8622,,,,,,,,,,,,,,,,,,,,
0,0,BAU,E5IPPUCARBIDE_PROD,,,,2050,0.8703,,,,,,,,,,,,,,,,,,,,
0,0,BAU,E5IPPUPROD_FERRO,,,,2018,0.0537,,,,,,,,,,,,,,,,,,,,
0,0,BAU,E5IPPUPROD_FERRO,,,,2019,0.0592,,,,,,,,,,,,,,,,,,,,
0,0,BAU,E5IPPUPROD_FERRO,,,,2020,0.0759,,,,,,,,,,,,,,,,,,,,
0,0,BAU,E5IPPUPROD_FERRO,,,,2021,0.0789,,,,,,,,,,,,,,,,,,,,
0,0,BAU,E5IPPUPROD_FERRO,,,,2022,0.0787,,,,,,,,,,,,,,,,,,,,
0,0,BAU,E5IPPUPROD_FERRO,,,,2023,0.0803,,,,,,,,,,,,,,,,,,,,
0,0,BAU,E5IPPUPROD_FERRO,,,,2024,0.0833,,,,,,,,,,,,,,,,,,,,
0,0,BAU,E5IPPUPROD_FERRO,,,,2025,0.0863,,,,,,,,,,,,,,,,,,,,
0,0,BAU,E5IPPUPROD_FERRO,,,,2026,0.0891,,,,,,,,,,,,,,,,,,,,
0,0,BAU,E5IPPUPROD_FERRO,,,,2027,0.092,,,,,,,,,,,,,,,,,,,,
0,0,BAU,E5IPPUPROD_FERRO,,,,2028,0.0951,,,,,,,,,,,,,,,,,,,,
0,0,BAU,E5IPPUPROD_FERRO,,,,2029,0.0981,,,,,,,,,,,,,,,,,,,,
0,0,BAU,E5IPPUPROD_FERRO,,,,2030,0.101,,,,,,,,,,,,,,,,,,,,
0,0,BAU,E5IPPUPROD_FERRO,,,,2031,0.1037,,,,,,,,,,,,,,,,,,,,
0,0,BAU,E5IPPUPROD_FERRO,,,,2032,0.1065,,,,,,,,,,,,,,,,,,,,
0,0,BAU,E5IPPUPROD_FERRO,,,,2033,0.1093,,,,,,,,,,,,,,,,,,,,
0,0,BAU,E5IPPUPROD_FERRO,,,,2034,0.1121,,,,,,,,,,,,,,,,,,,,
0,0,BAU,E5IPPUPROD_FERRO,,,,2035,0.115,,,,,,,,,,,,,,,,,,,,
0,0,BAU,E5IPPUPROD_FERRO,,,,2036,0.1175,,,,,,,,,,,,,,,,,,,,
0,0,BAU,E5IPPUPROD_FERRO,,,,2037,0.12,,,,,,,,,,,,,,,,,,,,
0,0,BAU,E5IPPUPROD_FERRO,,,,2038,0.1226,,,,,,,,,,,,,,,,,,,,
0,0,BAU,E5IPPUPROD_FERRO,,,,2039,0.1252,,,,,,,,,,,,,,,,,,,,
0,0,BAU,E5IPPUPROD_FERRO,,,,2040,0.1278,,,,,,,,,,,,,,,,,,,,
0,0,BAU,E5IPPUPROD_FERRO,,,,2041,0.1299,,,,,,,,,,,,,,,,,,,,
0,0,BAU,E5IPPUPROD_FERRO,,,,2042,0.1321,,,,,,,,,,,,,,,,,,,,
0,0,BAU,E5IPPUPROD_FERRO,,,,2043,0.1343,,,,,,,,,,,,,,,,,,,,
0,0,BAU,E5IPPUPROD_FERRO,,,,2044,0.1366,,,,,,,,,,,,,,,,,,,,
0,0,BAU,E5IPPUPROD_FERRO,,,,2045,0.1388,,,,,,,,,,,,,,,,,,,,
0,0,BAU,E5IPPUPROD_FERRO,,,,2046,0.1406,,,,,,,,,,,,,,,,,,,,
0,0,BAU,E5IPPUPROD_FERRO,,,,2047,0.1424,,,,,,,,,,,,,,,,,,,,
0,0,BAU,E5IPPUPROD_FERRO,,,,2048,0.1442,,,,,,,,,,,,,,,,,,,,
0,0,BAU,E5IPPUPROD_FERRO,,,,2049,0.146,,,,,,,,,,,,,,,,,,,,
0,0,BAU,E5IPPUPROD_FERRO,,,,2050,0.1478,,,,,,,,,,,,,,,,,,,,
0,0,BAU,E5IPPUPROD_CINC,,,,2018,0.004,,,,,,,,,,,,,,,,,,,,
0,0,BAU,E5IPPUPROD_CINC,,,,2019,0.0055,,,,,,,,,,,,,,,,,,,,
0,0,BAU,E5IPPUPROD_CINC,,,,2020,0.0024,,,,,,,,,,,,,,,,,,,,
0,0,BAU,E5IPPUPROD_CINC,,,,2021,0.0049,,,,,,,,,,,,,,,,,,,,
0,0,BAU,E5IPPUPROD_CINC,,,,2022,0.0055,,,,,,,,,,,,,,,,,,,,
0,0,BAU,E5IPPUPROD_CINC,,,,2023,0.0056,,,,,,,,,,,,,,,,,,,,
0,0,BAU,E5IPPUPROD_CINC,,,,2024,0.0058,,,,,,,,,,,,,,,,,,,,
0,0,BAU,E5IPPUPROD_CINC,,,,2025,0.006,,,,,,,,,,,,,,,,,,,,
0,0,BAU,E5IPPUPROD_CINC,,,,2026,0.0062,,,,,,,,,,,,,,,,,,,,
0,0,BAU,E5IPPUPROD_CINC,,,,2027,0.0064,,,,,,,,,,,,,,,,,,,,
0,0,BAU,E5IPPUPROD_CINC,,,,2028,0.0066,,,,,,,,,,,,,,,,,,,,
0,0,BAU,E5IPPUPROD_CINC,,,,2029,0.0068,,,,,,,,,,,,,,,,,,,,
0,0,BAU,E5IPPUPROD_CINC,,,,2030,0.007,,,,,,,,,,,,,,,,,,,,
0,0,BAU,E5IPPUPROD_CINC,,,,2031,0.0072,,,,,,,,,,,,,,,,,,,,
0,0,BAU,E5IPPUPROD_CINC,,,,2032,0.0074,,,,,,,,,,,,,,,,,,,,
0,0,BAU,E5IPPUPROD_CINC,,,,2033,0.0076,,,,,,,,,,,,,,,,,,,,
0,0,BAU,E5IPPUPROD_CINC,,,,2034,0.0078,,,,,,,,,,,,,,,,,,,,
0,0,BAU,E5IPPUPROD_CINC,,,,2035,0.008,,,,,,,,,,,,,,,,,,,,
0,0,BAU,E5IPPUPROD_CINC,,,,2036,0.0082,,,,,,,,,,,,,,,,,,,,
0,0,BAU,E5IPPUPROD_CINC,,,,2037,0.0084,,,,,,,,,,,,,,,,,,,,
0,0,BAU,E5IPPUPROD_CINC,,,,2038,0.0085,,,,,,,,,,,,,,,,,,,,
0,0,BAU,E5IPPUPROD_CINC,,,,2039,0.0087,,,,,,,,,,,,,,,,,,,,
0,0,BAU,E5IPPUPROD_CINC,,,,2040,0.0089,,,,,,,,,,,,,,,,,,,,
0,0,BAU,E5IPPUPROD_CINC,,,,2041,0.0091,,,,,,,,,,,,,,,,,,,,
0,0,BAU,E5IPPUPROD_CINC,,,,2042,0.0092,,,,,,,,,,,,,,,,,,,,
0,0,BAU,E5IPPUPROD_CINC,,,,2043,0.0094,,,,,,,,,,,,,,,,,,,,
0,0,BAU,E5IPPUPROD_CINC,,,,2044,0.0095,,,,,,,,,,,,,,,,,,,,
0,0,BAU,E5IPPUPROD_CINC,,,,2045,0.0097,,,,,,,,,,,,,,,,,,,,
0,0,BAU,E5IPPUPROD_CINC,,,,2046,0.0098,,,,,,,,,,,,,,,,,,,,
0,0,BAU,E5IPPUPROD_CINC,,,,2047,0.0099,,,,,,,,,,,,,,,,,,,,
0,0,BAU,E5IPPUPROD_CINC,,,,2048,0.0101,,,,,,,,,,,,,,,,,,,,
0,0,BAU,E5IPPUPROD_CINC,,,,2049,0.0102,,,,,,,,,,,,,,,,,,,,
0,0,BAU,E5IPPUPROD_CINC,,,,2050,0.0103,,,,,,,,,,,,,,,,,,,,
0,0,BAU,E5IPPULUBRI_OILS,,,,2018,0.043,,,,,,,,,,,,,,,,,,,,
0,0,BAU,E5IPPULUBRI_OILS,,,,2019,0.044,,,,,,,,,,,,,,,,,,,,
0,0,BAU,E5IPPULUBRI_OILS,,,,2020,0.037,,,,,,,,,,,,,,,,,,,,
0,0,BAU,E5IPPULUBRI_OILS,,,,2021,0.043,,,,,,,,,,,,,,,,,,,,
0,0,BAU,E5IPPULUBRI_OILS,,,,2022,0.052,,,,,,,,,,,,,,,,,,,,
0,0,BAU,E5IPPULUBRI_OILS,,,,2023,0.0518,,,,,,,,,,,,,,,,,,,,
0,0,BAU,E5IPPULUBRI_OILS,,,,2024,0.0532,,,,,,,,,,,,,,,,,,,,
0,0,BAU,E5IPPULUBRI_OILS,,,,2025,0.0546,,,,,,,,,,,,,,,,,,,,
0,0,BAU,E5IPPULUBRI_OILS,,,,2026,0.056,,,,,,,,,,,,,,,,,,,,
0,0,BAU,E5IPPULUBRI_OILS,,,,2027,0.0574,,,,,,,,,,,,,,,,,,,,
0,0,BAU,E5IPPULUBRI_OILS,,,,2028,0.0588,,,,,,,,,,,,,,,,,,,,
0,0,BAU,E5IPPULUBRI_OILS,,,,2029,0.0602,,,,,,,,,,,,,,,,,,,,
0,0,BAU,E5IPPULUBRI_OILS,,,,2030,0.0616,,,,,,,,,,,,,,,,,,,,
0,0,BAU,E5IPPULUBRI_OILS,,,,2031,0.0628,,,,,,,,,,,,,,,,,,,,
0,0,BAU,E5IPPULUBRI_OILS,,,,2032,0.0641,,,,,,,,,,,,,,,,,,,,
0,0,BAU,E5IPPULUBRI_OILS,,,,2033,0.0654,,,,,,,,,,,,,,,,,,,,
0,0,BAU,E5IPPULUBRI_OILS,,,,2034,0.0667,,,,,,,,,,,,,,,,,,,,
0,0,BAU,E5IPPULUBRI_OILS,,,,2035,0.068,,,,,,,,,,,,,,,,,,,,
0,0,BAU,E5IPPULUBRI_OILS,,,,2036,0.0691,,,,,,,,,,,,,,,,,,,,
0,0,BAU,E5IPPULUBRI_OILS,,,,2037,0.0702,,,,,,,,,,,,,,,,,,,,
0,0,BAU,E5IPPULUBRI_OILS,,,,2038,0.0713,,,,,,,,,,,,,,,,,,,,
0,0,BAU,E5IPPULUBRI_OILS,,,,2039,0.0724,,,,,,,,,,,,,,,,,,,,
0,0,BAU,E5IPPULUBRI_OILS,,,,2040,0.0735,,,,,,,,,,,,,,,,,,,,
0,0,BAU,E5IPPULUBRI_OILS,,,,2041,0.0744,,,,,,,,,,,,,,,,,,,,
0,0,BAU,E5IPPULUBRI_OILS,,,,2042,0.0753,,,,,,,,,,,,,,,,,,,,
0,0,BAU,E5IPPULUBRI_OILS,,,,2043,0.0762,,,,,,,,,,,,,,,,,,,,
0,0,BAU,E5IPPULUBRI_OILS,,,,2044,0.0772,,,,,,,,,,,,,,,,,,,,
0,0,BAU,E5IPPULUBRI_OILS,,,,2045,0.0782,,,,,,,,,,,,,,,,,,,,
0,0,BAU,E5IPPULUBRI_OILS,,,,2046,0.0789,,,,,,,,,,,,,,,,,,,,
0,0,BAU,E5IPPULUBRI_OILS,,,,2047,0.0797,,,,,,,,,,,,,,,,,,,,
0,0,BAU,E5IPPULUBRI_OILS,,,,2048,0.0805,,,,,,,,,,,,,,,,,,,,
0,0,BAU,E5IPPULUBRI_OILS,,,,2049,0.0813,,,,,,,,,,,,,,,,,,,,
0,0,BAU,E5IPPULUBRI_OILS,,,,2050,0.0821,,,,,,,,,,,,,,,,,,,,
0,0,BAU,E5IPPUPARAFFIN,,,,2018,0.017,,,,,,,,,,,,,,,,,,,,
0,0,BAU,E5IPPUPARAFFIN,,,,2019,0.0164,,,,,,,,,,,,,,,,,,,,
0,0,BAU,E5IPPUPARAFFIN,,,,2020,0.0074,,,,,,,,,,,,,,,,,,,,
0,0,BAU,E5IPPUPARAFFIN,,,,2021,0.015,,,,,,,,,,,,,,,,,,,,
0,0,BAU,E5IPPUPARAFFIN,,,,2022,0.0122,,,,,,,,,,,,,,,,,,,,
0,0,BAU,E5IPPUPARAFFIN,,,,2023,0.0121,,,,,,,,,,,,,,,,,,,,
0,0,BAU,E5IPPUPARAFFIN,,,,2024,0.0125,,,,,,,,,,,,,,,,,,,,
0,0,BAU,E5IPPUPARAFFIN,,,,2025,0.0128,,,,,,,,,,,,,,,,,,,,
0,0,BAU,E5IPPUPARAFFIN,,,,2026,0.0131,,,,,,,,,,,,,,,,,,,,
0,0,BAU,E5IPPUPARAFFIN,,,,2027,0.0134,,,,,,,,,,,,,,,,,,,,
0,0,BAU,E5IPPUPARAFFIN,,,,2028,0.0138,,,,,,,,,,,,,,,,,,,,
0,0,BAU,E5IPPUPARAFFIN,,,,2029,0.0141,,,,,,,,,,,,,,,,,,,,
0,0,BAU,E5IPPUPARAFFIN,,,,2030,0.0144,,,,,,,,,,,,,,,,,,,,
0,0,BAU,E5IPPUPARAFFIN,,,,2031,0.0147,,,,,,,,,,,,,,,,,,,,
0,0,BAU,E5IPPUPARAFFIN,,,,2032,0.015,,,,,,,,,,,,,,,,,,,,
0,0,BAU,E5IPPUPARAFFIN,,,,2033,0.0153,,,,,,,,,,,,,,,,,,,,
0,0,BAU,E5IPPUPARAFFIN,,,,2034,0.0156,,,,,,,,,,,,,,,,,,,,
0,0,BAU,E5IPPUPARAFFIN,,,,2035,0.0159,,,,,,,,,,,,,,,,,,,,
0,0,BAU,E5IPPUPARAFFIN,,,,2036,0.0162,,,,,,,,,,,,,,,,,,,,
0,0,BAU,E5IPPUPARAFFIN,,,,2037,0.0164,,,,,,,,,,,,,,,,,,,,
0,0,BAU,E5IPPUPARAFFIN,,,,2038,0.0167,,,,,,,,,,,,,,,,,,,,
0,0,BAU,E5IPPUPARAFFIN,,,,2039,0.017,,,,,,,,,,,,,,,,,,,,
0,0,BAU,E5IPPUPARAFFIN,,,,2040,0.0172,,,,,,,,,,,,,,,,,,,,
0,0,BAU,E5IPPUPARAFFIN,,,,2041,0.0174,,,,,,,,,,,,,,,,,,,,
0,0,BAU,E5IPPUPARAFFIN,,,,2042,0.0177,,,,,,,,,,,,,,,,,,,,
0,0,BAU,E5IPPUPARAFFIN,,,,2043,0.0179,,,,,,,,,,,,,,,,,,,,
0,0,BAU,E5IPPUPARAFFIN,,,,2044,0.0181,,,,,,,,,,,,,,,,,,,,
0,0,BAU,E5IPPUPARAFFIN,,,,2045,0.0183,,,,,,,,,,,,,,,,,,,,
0,0,BAU,E5IPPUPARAFFIN,,,,2046,0.0185,,,,,,,,,,,,,,,,,,,,
0,0,BAU,E5IPPUPARAFFIN,,,,2047,0.0187,,,,,,,,,,,,,,,,,,,,
0,0,BAU,E5IPPUPARAFFIN,,,,2048,0.0189,,,,,,,,,,,,,,,,,,,,
0,0,BAU,E5IPPUPARAFFIN,,,,2049,0.019,,,,,,,,,,,,,,,,,,,,
0,0,BAU,E5IPPUPARAFFIN,,,,2050,0.0192,,,,,,,,,,,,,,,,,,,,
0,0,BAU,E5IPPUPU_N2O,,,,2018,0.0,,,,,,,,,,,,,,,,,,,,
0,0,BAU,E5IPPUPU_N2O,,,,2019,0.0,,,,,,,,,,,,,,,,,,,,
0,0,BAU,E5IPPUPU_N2O,,,,2020,0.0,,,,,,,,,,,,,,,,,,,,
0,0,BAU,E5IPPUPU_N2O,,,,2021,0.0,,,,,,,,,,,,,,,,,,,,
0,0,BAU,E5IPPUPU_N2O,,,,2022,0.0,,,,,,,,,,,,,,,,,,,,
0,0,BAU,E5IPPUPU_N2O,,,,2023,0.0,,,,,,,,,,,,,,,,,,,,
0,0,BAU,E5IPPUPU_N2O,,,,2024,0.0,,,,,,,,,,,,,,,,,,,,
0,0,BAU,E5IPPUPU_N2O,,,,2025,0.0,,,,,,,,,,,,,,,,,,,,
0,0,BAU,E5IPPUPU_N2O,,,,2026,0.0,,,,,,,,,,,,,,,,,,,,
0,0,BAU,E5IPPUPU_N2O,,,,2027,0.0,,,,,,,,,,,,,,,,,,,,
0,0,BAU,E5IPPUPU_N2O,,,,2028,0.0,,,,,,,,,,,,,,,,,,,,
0,0,BAU,E5IPPUPU_N2O,,,,2029,0.0,,,,,,,,,,,,,,,,,,,,
0,0,BAU,E5IPPUPU_N2O,,,,2030,0.0,,,,,,,,,,,,,,,,,,,,
0,0,BAU,E5IPPUPU_N2O,,,,2031,0.0,,,,,,,,,,,,,,,,,,,,
0,0,BAU,E5IPPUPU_N2O,,,,2032,0.0,,,,,,,,,,,,,,,,,,,,
0,0,BAU,E5IPPUPU_N2O,,,,2033,0.0,,,,,,,,,,,,,,,,,,,,
0,0,BAU,E5IPPUPU_N2O,,,,2034,0.0,,,,,,,,,,,,,,,,,,,,
0,0,BAU,E5IPPUPU_N2O,,,,2035,0.0,,,,,,,,,,,,,,,,,,,,
0,0,BAU,E5IPPUPU_N2O,,,,2036,0.0,,,,,,,,,,,,,,,,,,,,
0,0,BAU,E5IPPUPU_N2O,,,,2037,0.0,,,,,,,,,,,,,,,,,,,,
0,0,BAU,E5IPPUPU_N2O,,,,2038,0.0,,,,,,,,,,,,,,,,,,,,
0,0,BAU,E5IPPUPU_N2O,,,,2039,0.0,,,,,,,,,,,,,,,,,,,,
0,0,BAU,E5IPPUPU_N2O,,,,2040,0.0,,,,,,,,,,,,,,,,,,,,
0,0,BAU,E5IPPUPU_N2O,,,,2041,0.0,,,,,,,,,,,,,,,,,,,,
0,0,BAU,E5IPPUPU_N2O,,,,2042,0.0,,,,,,,,,,,,,,,,,,,,
0,0,BAU,E5IPPUPU_N2O,,,,2043,0.0,,,,,,,,,,,,,,,,,,,,
0,0,BAU,E5IPPUPU_N2O,,,,2044,0.0,,,,,,,,,,,,,,,,,,,,
0,0,BAU,E5IPPUPU_N2O,,,,2045,0.0,,,,,,,,,,,,,,,,,,,,
0,0,BAU,E5IPPUPU_N2O,,,,2046,0.0,,,,,,,,,,,,,,,,,,,,
0,0,BAU,E5IPPUPU_N2O,,,,2047,0.0,,,,,,,,,,,,,,,,,,,,
0,0,BAU,E5IPPUPU_N2O,,,,2048,0.0,,,,,,,,,,,,,,,,,,,,
0,0,BAU,E5IPPUPU_N2O,,,,2049,0.0,,,,,,,,,,,,,,,,,,,,
0,0,BAU,E5IPPUPU_N2O,,,,2050,0.0,,,,,,,,,,,,,,,,,,,,
0,0,BAU,E5IPPUREFR_AC_HFC32,,,,2018,0.0462,,,,,,,,,,,,,,,,,,,,
0,0,BAU,E5IPPUREFR_AC_HFC32,,,,2019,0.0579,,,,,,,,,,,,,,,,,,,,
0,0,BAU,E5IPPUREFR_AC_HFC32,,,,2020,0.0696,,,,,,,,,,,,,,,,,,,,
0,0,BAU,E5IPPUREFR_AC_HFC32,,,,2021,0.0708,,,,,,,,,,,,,,,,,,,,
0,0,BAU,E5IPPUREFR_AC_HFC32,,,,2022,0.0879,,,,,,,,,,,,,,,,,,,,
0,0,BAU,E5IPPUREFR_AC_HFC32,,,,2023,0.0905,,,,,,,,,,,,,,,,,,,,
0,0,BAU,E5IPPUREFR_AC_HFC32,,,,2024,0.0933,,,,,,,,,,,,,,,,,,,,
0,0,BAU,E5IPPUREFR_AC_HFC32,,,,2025,0.0961,,,,,,,,,,,,,,,,,,,,
0,0,BAU,E5IPPUREFR_AC_HFC32,,,,2026,0.0989,,,,,,,,,,,,,,,,,,,,
0,0,BAU,E5IPPUREFR_AC_HFC32,,,,2027,0.1019,,,,,,,,,,,,,,,,,,,,
0,0,BAU,E5IPPUREFR_AC_HFC32,,,,2028,0.105,,,,,,,,,,,,,,,,,,,,
0,0,BAU,E5IPPUREFR_AC_HFC32,,,,2029,0.1081,,,,,,,,,,,,,,,,,,,,
0,0,BAU,E5IPPUREFR_AC_HFC32,,,,2030,0.1113,,,,,,,,,,,,,,,,,,,,
0,0,BAU,E5IPPUREFR_AC_HFC32,,,,2031,0.1147,,,,,,,,,,,,,,,,,,,,
0,0,BAU,E5IPPUREFR_AC_HFC32,,,,2032,0.1181,,,,,,,,,,,,,,,,,,,,
0,0,BAU,E5IPPUREFR_AC_HFC32,,,,2033,0.1217,,,,,,,,,,,,,,,,,,,,
0,0,BAU,E5IPPUREFR_AC_HFC32,,,,2034,0.1253,,,,,,,,,,,,,,,,,,,,
0,0,BAU,E5IPPUREFR_AC_HFC32,,,,2035,0.1291,,,,,,,,,,,,,,,,,,,,
0,0,BAU,E5IPPUREFR_AC_HFC32,,,,2036,0.133,,,,,,,,,,,,,,,,,,,,
0,0,BAU,E5IPPUREFR_AC_HFC32,,,,2037,0.1369,,,,,,,,,,,,,,,,,,,,
0,0,BAU,E5IPPUREFR_AC_HFC32,,,,2038,0.1411,,,,,,,,,,,,,,,,,,,,
0,0,BAU,E5IPPUREFR_AC_HFC32,,,,2039,0.1453,,,,,,,,,,,,,,,,,,,,
0,0,BAU,E5IPPUREFR_AC_HFC32,,,,2040,0.1496,,,,,,,,,,,,,,,,,,,,
0,0,BAU,E5IPPUREFR_AC_HFC32,,,,2041,0.1541,,,,,,,,,,,,,,,,,,,,
0,0,BAU,E5IPPUREFR_AC_HFC32,,,,2042,0.1588,,,,,,,,,,,,,,,,,,,,
0,0,BAU,E5IPPUREFR_AC_HFC32,,,,2043,0.1635,,,,,,,,,,,,,,,,,,,,
0,0,BAU,E5IPPUREFR_AC_HFC32,,,,2044,0.1684,,,,,,,,,,,,,,,,,,,,
0,0,BAU,E5IPPUREFR_AC_HFC32,,,,2045,0.1735,,,,,,,,,,,,,,,,,,,,
0,0,BAU,E5IPPUREFR_AC_HFC32,,,,2046,0.1787,,,,,,,,,,,,,,,,,,,,
0,0,BAU,E5IPPUREFR_AC_HFC32,,,,2047,0.184,,,,,,,,,,,,,,,,,,,,
0,0,BAU,E5IPPUREFR_AC_HFC32,,,,2048,0.1896,,,,,,,,,,,,,,,,,,,,
0,0,BAU,E5IPPUREFR_AC_HFC32,,,,2049,0.1953,,,,,,,,,,,,,,,,,,,,
0,0,BAU,E5IPPUREFR_AC_HFC32,,,,2050,0.2011,,,,,,,,,,,,,,,,,,,,
0,0,BAU,E5IPPUREFR_AC_HFC125,,,,2018,0.4657,,,,,,,,,,,,,,,,,,,,
0,0,BAU,E5IPPUREFR_AC_HFC125,,,,2019,0.555,,,,,,,,,,,,,,,,,,,,
0,0,BAU,E5IPPUREFR_AC_HFC125,,,,2020,0.6443,,,,,,,,,,,,,,,,,,,,
0,0,BAU,E5IPPUREFR_AC_HFC125,,,,2021,0.6443,,,,,,,,,,,,,,,,,,,,
0,0,BAU,E5IPPUREFR_AC_HFC125,,,,2022,0.723,,,,,,,,,,,,,,,,,,,,
0,0,BAU,E5IPPUREFR_AC_HFC125,,,,2023,0.7447,,,,,,,,,,,,,,,,,,,,
0,0,BAU,E5IPPUREFR_AC_HFC125,,,,2024,0.767,,,,,,,,,,,,,,,,,,,,
0,0,BAU,E5IPPUREFR_AC_HFC125,,,,2025,0.79,,,,,,,,,,,,,,,,,,,,
0,0,BAU,E5IPPUREFR_AC_HFC125,,,,2026,0.8137,,,,,,,,,,,,,,,,,,,,
0,0,BAU,E5IPPUREFR_AC_HFC125,,,,2027,0.8382,,,,,,,,,,,,,,,,,,,,
0,0,BAU,E5IPPUREFR_AC_HFC125,,,,2028,0.8633,,,,,,,,,,,,,,,,,,,,
0,0,BAU,E5IPPUREFR_AC_HFC125,,,,2029,0.8892,,,,,,,,,,,,,,,,,,,,
0,0,BAU,E5IPPUREFR_AC_HFC125,,,,2030,0.9159,,,,,,,,,,,,,,,,,,,,
0,0,BAU,E5IPPUREFR_AC_HFC125,,,,2031,0.9434,,,,,,,,,,,,,,,,,,,,
0,0,BAU,E5IPPUREFR_AC_HFC125,,,,2032,0.9717,,,,,,,,,,,,,,,,,,,,
0,0,BAU,E5IPPUREFR_AC_HFC125,,,,2033,1.0008,,,,,,,,,,,,,,,,,,,,
0,0,BAU,E5IPPUREFR_AC_HFC125,,,,2034,1.0308,,,,,,,,,,,,,,,,,,,,
0,0,BAU,E5IPPUREFR_AC_HFC125,,,,2035,1.0617,,,,,,,,,,,,,,,,,,,,
0,0,BAU,E5IPPUREFR_AC_HFC125,,,,2036,1.0936,,,,,,,,,,,,,,,,,,,,
0,0,BAU,E5IPPUREFR_AC_HFC125,,,,2037,1.1264,,,,,,,,,,,,,,,,,,,,
0,0,BAU,E5IPPUREFR_AC_HFC125,,,,2038,1.1602,,,,,,,,,,,,,,,,,,,,
0,0,BAU,E5IPPUREFR_AC_HFC125,,,,2039,1.195,,,,,,,,,,,,,,,,,,,,
0,0,BAU,E5IPPUREFR_AC_HFC125,,,,2040,1.2309,,,,,,,,,,,,,,,,,,,,
0,0,BAU,E5IPPUREFR_AC_HFC125,,,,2041,1.2678,,,,,,,,,,,,,,,,,,,,
0,0,BAU,E5IPPUREFR_AC_HFC125,,,,2042,1.3058,,,,,,,,,,,,,,,,,,,,
0,0,BAU,E5IPPUREFR_AC_HFC125,,,,2043,1.345,,,,,,,,,,,,,,,,,,,,
0,0,BAU,E5IPPUREFR_AC_HFC125,,,,2044,1.3853,,,,,,,,,,,,,,,,,,,,
0,0,BAU,E5IPPUREFR_AC_HFC125,,,,2045,1.4269,,,,,,,,,,,,,,,,,,,,
0,0,BAU,E5IPPUREFR_AC_HFC125,,,,2046,1.4697,,,,,,,,,,,,,,,,,,,,
0,0,BAU,E5IPPUREFR_AC_HFC125,,,,2047,1.5138,,,,,,,,,,,,,,,,,,,,
0,0,BAU,E5IPPUREFR_AC_HFC125,,,,2048,1.5592,,,,,,,,,,,,,,,,,,,,
0,0,BAU,E5IPPUREFR_AC_HFC125,,,,2049,1.606,,,,,,,,,,,,,,,,,,,,
0,0,BAU,E5IPPUREFR_AC_HFC125,,,,2050,1.6542,,,,,,,,,,,,,,,,,,,,
0,0,BAU,E5IPPUREFR_AC_HFC134a,,,,2018,0.7757,,,,,,,,,,,,,,,,,,,,
0,0,BAU,E5IPPUREFR_AC_HFC134a,,,,2019,0.8357,,,,,,,,,,,,,,,,,,,,
0,0,BAU,E5IPPUREFR_AC_HFC134a,,,,2020,0.8957,,,,,,,,,,,,,,,,,,,,
0,0,BAU,E5IPPUREFR_AC_HFC134a,,,,2021,0.9473,,,,,,,,,,,,,,,,,,,,
0,0,BAU,E5IPPUREFR_AC_HFC134a,,,,2022,1.0229,,,,,,,,,,,,,,,,,,,,
0,0,BAU,E5IPPUREFR_AC_HFC134a,,,,2023,1.0536,,,,,,,,,,,,,,,,,,,,
0,0,BAU,E5IPPUREFR_AC_HFC134a,,,,2024,1.0852,,,,,,,,,,,,,,,,,,,,
0,0,BAU,E5IPPUREFR_AC_HFC134a,,,,2025,1.1178,,,,,,,,,,,,,,,,,,,,
0,0,BAU,E5IPPUREFR_AC_HFC134a,,,,2026,1.1513,,,,,,,,,,,,,,,,,,,,
0,0,BAU,E5IPPUREFR_AC_HFC134a,,,,2027,1.1858,,,,,,,,,,,,,,,,,,,,
0,0,BAU,E5IPPUREFR_AC_HFC134a,,,,2028,1.2214,,,,,,,,,,,,,,,,,,,,
0,0,BAU,E5IPPUREFR_AC_HFC134a,,,,2029,1.258,,,,,,,,,,,,,,,,,,,,
0,0,BAU,E5IPPUREFR_AC_HFC134a,,,,2030,1.2958,,,,,,,,,,,,,,,,,,,,
0,0,BAU,E5IPPUREFR_AC_HFC134a,,,,2031,1.3347,,,,,,,,,,,,,,,,,,,,
0,0,BAU,E5IPPUREFR_AC_HFC134a,,,,2032,1.3747,,,,,,,,,,,,,,,,,,,,
0,0,BAU,E5IPPUREFR_AC_HFC134a,,,,2033,1.4159,,,,,,,,,,,,,,,,,,,,
0,0,BAU,E5IPPUREFR_AC_HFC134a,,,,2034,1.4584,,,,,,,,,,,,,,,,,,,,
0,0,BAU,E5IPPUREFR_AC_HFC134a,,,,2035,1.5022,,,,,,,,,,,,,,,,,,,,
0,0,BAU,E5IPPUREFR_AC_HFC134a,,,,2036,1.5472,,,,,,,,,,,,,,,,,,,,
0,0,BAU,E5IPPUREFR_AC_HFC134a,,,,2037,1.5936,,,,,,,,,,,,,,,,,,,,
0,0,BAU,E5IPPUREFR_AC_HFC134a,,,,2038,1.6415,,,,,,,,,,,,,,,,,,,,
0,0,BAU,E5IPPUREFR_AC_HFC134a,,,,2039,1.6907,,,,,,,,,,,,,,,,,,,,
0,0,BAU,E5IPPUREFR_AC_HFC134a,,,,2040,1.7414,,,,,,,,,,,,,,,,,,,,
0,0,BAU,E5IPPUREFR_AC_HFC134a,,,,2041,1.7937,,,,,,,,,,,,,,,,,,,,
0,0,BAU,E5IPPUREFR_AC_HFC134a,,,,2042,1.8475,,,,,,,,,,,,,,,,,,,,
0,0,BAU,E5IPPUREFR_AC_HFC134a,,,,2043,1.9029,,,,,,,,,,,,,,,,,,,,
0,0,BAU,E5IPPUREFR_AC_HFC134a,,,,2044,1.96,,,,,,,,,,,,,,,,,,,,
0,0,BAU,E5IPPUREFR_AC_HFC134a,,,,2045,2.0188,,,,,,,,,,,,,,,,,,,,
0,0,BAU,E5IPPUREFR_AC_HFC134a,,,,2046,2.0793,,,,,,,,,,,,,,,,,,,,
0,0,BAU,E5IPPUREFR_AC_HFC134a,,,,2047,2.1417,,,,,,,,,,,,,,,,,,,,
0,0,BAU,E5IPPUREFR_AC_HFC134a,,,,2048,2.206,,,,,,,,,,,,,,,,,,,,
0,0,BAU,E5IPPUREFR_AC_HFC134a,,,,2049,2.2722,,,,,,,,,,,,,,,,,,,,
0,0,BAU,E5IPPUREFR_AC_HFC134a,,,,2050,2.3403,,,,,,,,,,,,,,,,,,,,
0,0,BAU,E5IPPUREFR_AC_HFC143a,,,,2018,0.384,,,,,,,,,,,,,,,,,,,,
0,0,BAU,E5IPPUREFR_AC_HFC143a,,,,2019,0.4552,,,,,,,,,,,,,,,,,,,,
0,0,BAU,E5IPPUREFR_AC_HFC143a,,,,2020,0.5263,,,,,,,,,,,,,,,,,,,,
0,0,BAU,E5IPPUREFR_AC_HFC143a,,,,2021,0.5263,,,,,,,,,,,,,,,,,,,,
0,0,BAU,E5IPPUREFR_AC_HFC143a,,,,2022,0.5263,,,,,,,,,,,,,,,,,,,,
0,0,BAU,E5IPPUREFR_AC_HFC143a,,,,2023,0.5421,,,,,,,,,,,,,,,,,,,,
0,0,BAU,E5IPPUREFR_AC_HFC143a,,,,2024,0.5584,,,,,,,,,,,,,,,,,,,,
0,0,BAU,E5IPPUREFR_AC_HFC143a,,,,2025,0.5751,,,,,,,,,,,,,,,,,,,,
0,0,BAU,E5IPPUREFR_AC_HFC143a,,,,2026,0.5924,,,,,,,,,,,,,,,,,,,,
0,0,BAU,E5IPPUREFR_AC_HFC143a,,,,2027,0.6101,,,,,,,,,,,,,,,,,,,,
0,0,BAU,E5IPPUREFR_AC_HFC143a,,,,2028,0.6284,,,,,,,,,,,,,,,,,,,,
0,0,BAU,E5IPPUREFR_AC_HFC143a,,,,2029,0.6473,,,,,,,,,,,,,,,,,,,,
0,0,BAU,E5IPPUREFR_AC_HFC143a,,,,2030,0.6667,,,,,,,,,,,,,,,,,,,,
0,0,BAU,E5IPPUREFR_AC_HFC143a,,,,2031,0.6867,,,,,,,,,,,,,,,,,,,,
0,0,BAU,E5IPPUREFR_AC_HFC143a,,,,2032,0.7073,,,,,,,,,,,,,,,,,,,,
0,0,BAU,E5IPPUREFR_AC_HFC143a,,,,2033,0.7285,,,,,,,,,,,,,,,,,,,,
0,0,BAU,E5IPPUREFR_AC_HFC143a,,,,2034,0.7504,,,,,,,,,,,,,,,,,,,,
0,0,BAU,E5IPPUREFR_AC_HFC143a,,,,2035,0.7729,,,,,,,,,,,,,,,,,,,,
0,0,BAU,E5IPPUREFR_AC_HFC143a,,,,2036,0.7961,,,,,,,,,,,,,,,,,,,,
0,0,BAU,E5IPPUREFR_AC_HFC143a,,,,2037,0.82,,,,,,,,,,,,,,,,,,,,
0,0,BAU,E5IPPUREFR_AC_HFC143a,,,,2038,0.8446,,,,,,,,,,,,,,,,,,,,
0,0,BAU,E5IPPUREFR_AC_HFC143a,,,,2039,0.8699,,,,,,,,,,,,,,,,,,,,
0,0,BAU,E5IPPUREFR_AC_HFC143a,,,,2040,0.896,,,,,,,,,,,,,,,,,,,,
0,0,BAU,E5IPPUREFR_AC_HFC143a,,,,2041,0.9229,,,,,,,,,,,,,,,,,,,,
0,0,BAU,E5IPPUREFR_AC_HFC143a,,,,2042,0.9506,,,,,,,,,,,,,,,,,,,,
0,0,BAU,E5IPPUREFR_AC_HFC143a,,,,2043,0.9791,,,,,,,,,,,,,,,,,,,,
0,0,BAU,E5IPPUREFR_AC_HFC143a,,,,2044,1.0084,,,,,,,,,,,,,,,,,,,,
0,0,BAU,E5IPPUREFR_AC_HFC143a,,,,2045,1.0387,,,,,,,,,,,,,,,,,,,,
0,0,BAU,E5IPPUREFR_AC_HFC143a,,,,2046,1.0699,,,,,,,,,,,,,,,,,,,,
0,0,BAU,E5IPPUREFR_AC_HFC143a,,,,2047,1.102,,,,,,,,,,,,,,,,,,,,
0,0,BAU,E5IPPUREFR_AC_HFC143a,,,,2048,1.135,,,,,,,,,,,,,,,,,,,,
0,0,BAU,E5IPPUREFR_AC_HFC143a,,,,2049,1.1691,,,,,,,,,,,,,,,,,,,,
0,0,BAU,E5IPPUREFR_AC_HFC143a,,,,2050,1.2041,,,,,,,,,,,,,,,,,,,,
0,0,BAU,,PROD_CLK_TRAD,,All,2018,,1.0,,,,,,,,,,,,,,,,,,,
0,0,BAU,,PROD_CLK_TRAD,,All,2019,,1.0,,,,,,,,,,,,,,,,,,,
0,0,BAU,,PROD_CLK_TRAD,,All,2020,,1.0,,,,,,,,,,,,,,,,,,,
0,0,BAU,,PROD_CLK_TRAD,,All,2021,,1.0,,,,,,,,,,,,,,,,,,,
0,0,BAU,,PROD_CLK_TRAD,,All,2022,,1.0,,,,,,,,,,,,,,,,,,,
0,0,BAU,,PROD_CLK_TRAD,,All,2023,,1.0,,,,,,,,,,,,,,,,,,,
0,0,BAU,,PROD_CLK_TRAD,,All,2024,,1.0,,,,,,,,,,,,,,,,,,,
0,0,BAU,,PROD_CLK_TRAD,,All,2025,,1.0,,,,,,,,,,,,,,,,,,,
0,0,BAU,,PROD_CLK_TRAD,,All,2026,,1.0,,,,,,,,,,,,,,,,,,,
0,0,BAU,,PROD_CLK_TRAD,,All,2027,,1.0,,,,,,,,,,,,,,,,,,,
0,0,BAU,,PROD_CLK_TRAD,,All,2028,,1.0,,,,,,,,,,,,,,,,,,,
0,0,BAU,,PROD_CLK_TRAD,,All,2029,,1.0,,,,,,,,,,,,,,,,,,,
0,0,BAU,,PROD_CLK_TRAD,,All,2030,,1.0,,,,,,,,,,,,,,,,,,,
0,0,BAU,,PROD_CLK_TRAD,,All,2031,,1.0,,,,,,,,,,,,,,,,,,,
0,0,BAU,,PROD_CLK_TRAD,,All,2032,,1.0,,,,,,,,,,,,,,,,,,,
0,0,BAU,,PROD_CLK_TRAD,,All,2033,,1.0,,,,,,,,,,,,,,,,,,,
0,0,BAU,,PROD_CLK_TRAD,,All,2034,,1.0,,,,,,,,,,,,,,,,,,,
0,0,BAU,,PROD_CLK_TRAD,,All,2035,,1.0,,,,,,,,,,,,,,,,,,,
0,0,BAU,,PROD_CLK_TRAD,,All,2036,,1.0,,,,,,,,,,,,,,,,,,,
0,0,BAU,,PROD_CLK_TRAD,,All,2037,,1.0,,,,,,,,,,,,,,,,,,,
0,0,BAU,,PROD_CLK_TRAD,,All,2038,,1.0,,,,,,,,,,,,,,,,,,,
0,0,BAU,,PROD_CLK_TRAD,,All,2039,,1.0,,,,,,,,,,,,,,,,,,,
0,0,BAU,,PROD_CLK_TRAD,,All,2040,,1.0,,,,,,,,,,,,,,,,,,,
0,0,BAU,,PROD_CLK_TRAD,,All,2041,,1.0,,,,,,,,,,,,,,,,,,,
0,0,BAU,,PROD_CLK_TRAD,,All,2042,,1.0,,,,,,,,,,,,,,,,,,,
0,0,BAU,,PROD_CLK_TRAD,,All,2043,,1.0,,,,,,,,,,,,,,,,,,,
0,0,BAU,,PROD_CLK_TRAD,,All,2044,,1.0,,,,,,,,,,,,,,,,,,,
0,0,BAU,,PROD_CLK_TRAD,,All,2045,,1.0,,,,,,,,,,,,,,,,,,,
0,0,BAU,,PROD_CLK_TRAD,,All,2046,,1.0,,,,,,,,,,,,,,,,,,,
0,0,BAU,,PROD_CLK_TRAD,,All,2047,,1.0,,,,,,,,,,,,,,,,,,,
0,0,BAU,,PROD_CLK_TRAD,,All,2048,,1.0,,,,,,,,,,,,,,,,,,,
0,0,BAU,,PROD_CLK_TRAD,,All,2049,,1.0,,,,,,,,,,,,,,,,,,,
0,0,BAU,,PROD_CLK_TRAD,,All,2050,,1.0,,,,,,,,,,,,,,,,,,,
0,0,BAU,,PROD_CEM,,All,2018,,1.0,,,,,,,,,,,,,,,,,,,
0,0,BAU,,PROD_CEM,,All,2019,,1.0,,,,,,,,,,,,,,,,,,,
0,0,BAU,,PROD_CEM,,All,2020,,1.0,,,,,,,,,,,,,,,,,,,
0,0,BAU,,PROD_CEM,,All,2021,,1.0,,,,,,,,,,,,,,,,,,,
0,0,BAU,,PROD_CEM,,All,2022,,1.0,,,,,,,,,,,,,,,,,,,
0,0,BAU,,PROD_CEM,,All,2023,,1.0,,,,,,,,,,,,,,,,,,,
0,0,BAU,,PROD_CEM,,All,2024,,1.0,,,,,,,,,,,,,,,,,,,
0,0,BAU,,PROD_CEM,,All,2025,,1.0,,,,,,,,,,,,,,,,,,,
0,0,BAU,,PROD_CEM,,All,2026,,1.0,,,,,,,,,,,,,,,,,,,
0,0,BAU,,PROD_CEM,,All,2027,,1.0,,,,,,,,,,,,,,,,,,,
0,0,BAU,,PROD_CEM,,All,2028,,1.0,,,,,,,,,,,,,,,,,,,
0,0,BAU,,PROD_CEM,,All,2029,,1.0,,,,,,,,,,,,,,,,,,,
0,0,BAU,,PROD_CEM,,All,2030,,1.0,,,,,,,,,,,,,,,,,,,
0,0,BAU,,PROD_CEM,,All,2031,,1.0,,,,,,,,,,,,,,,,,,,
0,0,BAU,,PROD_CEM,,All,2032,,1.0,,,,,,,,,,,,,,,,,,,
0,0,BAU,,PROD_CEM,,All,2033,,1.0,,,,,,,,,,,,,,,,,,,
0,0,BAU,,PROD_CEM,,All,2034,,1.0,,,,,,,,,,,,,,,,,,,
0,0,BAU,,PROD_CEM,,All,2035,,1.0,,,,,,,,,,,,,,,,,,,
0,0,BAU,,PROD_CEM,,All,2036,,1.0,,,,,,,,,,,,,,,,,,,
0,0,BAU,,PROD_CEM,,All,2037,,1.0,,,,,,,,,,,,,,,,,,,
0,0,BAU,,PROD_CEM,,All,2038,,1.0,,,,,,,,,,,,,,,,,,,
0,0,BAU,,PROD_CEM,,All,2039,,1.0,,,,,,,,,,,,,,,,,,,
0,0,BAU,,PROD_CEM,,All,2040,,1.0,,,,,,,,,,,,,,,,,,,
0,0,BAU,,PROD_CEM,,All,2041,,1.0,,,,,,,,,,,,,,,,,,,
0,0,BAU,,PROD_CEM,,All,2042,,1.0,,,,,,,,,,,,,,,,,,,
0,0,BAU,,PROD_CEM,,All,2043,,1.0,,,,,,,,,,,,,,,,,,,
0,0,BAU,,PROD_CEM,,All,2044,,1.0,,,,,,,,,,,,,,,,,,,
0,0,BAU,,PROD_CEM,,All,2045,,1.0,,,,,,,,,,,,,,,,,,,
0,0,BAU,,PROD_CEM,,All,2046,,1.0,,,,,,,,,,,,,,,,,,,
0,0,BAU,,PROD_CEM,,All,2047,,1.0,,,,,,,,,,,,,,,,,,,
0,0,BAU,,PROD_CEM,,All,2048,,1.0,,,,,,,,,,,,,,,,,,,
0,0,BAU,,PROD_CEM,,All,2049,,1.0,,,,,,,,,,,,,,,,,,,
0,0,BAU,,PROD_CEM,,All,2050,,1.0,,,,,,,,,,,,,,,,,,,
0,0,BAU,,RAW_MAT_CLK,,,,,,1,,,,,,,,,,,,,,,,,,
0,0,BAU,,RAW_MAT_CEM,,,,,,1,,,,,,,,,,,,,,,,,,
0,0,BAU,,IMP_STOR,,,,,,1,,,,,,,,,,,,,,,,,,
0,0,BAU,,LIME_PROD,,,,,,1,,,,,,,,,,,,,,,,,,
0,0,BAU,,CARBONATE,,,,,,1,,,,,,,,,,,,,,,,,,
0,0,BAU,,CARBIDE_PROD,,,,,,1,,,,,,,,,,,,,,,,,,
0,0,BAU,,PROD_FERRO,,,,,,1,,,,,,,,,,,,,,,,,,
0,0,BAU,,PROD_CINC,,,,,,1,,,,,,,,,,,,,,,,,,
0,0,BAU,,LUBRI_OILS,,,,,,1,,,,,,,,,,,,,,,,,,
0,0,BAU,,PARAFFIN,,,,,,1,,,,,,,,,,,,,,,,,,
0,0,BAU,,PU_N2O,,,,,,1,,,,,,,,,,,,,,,,,,
0,0,BAU,,REFR_AC_HFC32,,,,,,1,,,,,,,,,,,,,,,,,,
0,0,BAU,,REFR_AC_HFC125,,,,,,1,,,,,,,,,,,,,,,,,,
0,0,BAU,,REFR_AC_HFC134a,,,,,,1,,,,,,,,,,,,,,,,,,
0,0,BAU,,REFR_AC_HFC143a,,,,,,1,,,,,,,,,,,,,,,,,,
0,0,BAU,,PROD_CLK_TRAD,,,,,,1,,,,,,,,,,,,,,,,,,
0,0,BAU,,PROD_CEM,,,,,,1,,,,,,,,,,,,,,,,,,
0,0,BAU,,T5CEM_PRODIND,,,,,,1,,,,,,,,,,,,,,,,,,
0,0,BAU,,T5LIME_PRODIPPU,,,,,,1,,,,,,,,,,,,,,,,,,
0,0,BAU,,T5CARBONATEIPPU,,,,,,1,,,,,,,,,,,,,,,,,,
0,0,BAU,,T5CARBIDE_PRODIPPU,,,,,,1,,,,,,,,,,,,,,,,,,
0,0,BAU,,T5PROD_FERROIPPU,,,,,,1,,,,,,,,,,,,,,,,,,
0,0,BAU,,T5PROD_CINCIPPU,,,,,,1,,,,,,,,,,,,,,,,,,
0,0,BAU,,T5LUBRI_OILSIPPU,,,,,,1,,,,,,,,,,,,,,,,,,
0,0,BAU,,T5PARAFFINIPPU,,,,,,1,,,,,,,,,,,,,,,,,,
0,0,BAU,,T5PU_N2OIPPU,,,,,,1,,,,,,,,,,,,,,,,,,
0,0,BAU,,T5REFR_AC_HFC32IPPU,,,,,,1,,,,,,,,,,,,,,,,,,
0,0,BAU,,T5REFR_AC_HFC125IPPU,,,,,,1,,,,,,,,,,,,,,,,,,
0,0,BAU,,T5REFR_AC_HFC134aIPPU,,,,,,1,,,,,,,,,,,,,,,,,,
0,0,BAU,,T5REFR_AC_HFC143aIPPU,,,,,,1,,,,,,,,,,,,,,,,,,
0,0,BAU,,PROD_CLK_TRAD,,,2018,,,,0.0,,,,0.0,0.0,0.0,,,,3.2306,0.0,,,,,,
0,0,BAU,,PROD_CLK_TRAD,,,2019,,,,0.0,,,,0.0,0.0,0.0,,,,3.3315,0.0,,,,,,
0,0,BAU,,PROD_CLK_TRAD,,,2020,,,,0.0,,,,0.0,0.0,0.0,,,,3.0396,0.0,,,,,,
0,0,BAU,,PROD_CLK_TRAD,,,2021,,,,0.0,,,,0.0,0.0,0.0,,,,3.5833,0.0,,,,,,
0,0,BAU,,PROD_CLK_TRAD,,,2022,,,,0.0,,,,0.0,0.0,0.0,,,,3.7081,0.0,,,,,,
0,0,BAU,,PROD_CLK_TRAD,,,2023,,,,0.0,,,,0.0,0.0,0.0,,,,3.7858,0.0,,,,,,
0,0,BAU,,PROD_CLK_TRAD,,,2024,,,,0.0,,,,0.0,0.0,0.0,,,,3.9264,0.0,,,,,,
0,0,BAU,,PROD_CLK_TRAD,,,2025,,,,0.0,,,,0.0,0.0,0.0,,,,4.0679,0.0,,,,,,
0,0,BAU,,PROD_CLK_TRAD,,,2026,,,,0.0,,,,0.0,0.0,0.0,,,,4.2017,0.0,,,,,,
0,0,BAU,,PROD_CLK_TRAD,,,2027,,,,0.0,,,,0.0,0.0,0.0,,,,4.338,0.0,,,,,,
0,0,BAU,,PROD_CLK_TRAD,,,2028,,,,0.0,,,,0.0,0.0,0.0,,,,4.4828,0.0,,,,,,
0,0,BAU,,PROD_CLK_TRAD,,,2029,,,,0.0,,,,0.0,0.0,0.0,,,,4.6226,0.0,,,,,,
0,0,BAU,,PROD_CLK_TRAD,,,2030,,,,0.0,,,,0.0,0.0,0.0,,,,4.7621,0.0,,,,,,
0,0,BAU,,PROD_CLK_TRAD,,,2031,,,,0.0,,,,0.0,0.0,0.0,,,,4.8888,0.0,,,,,,
0,0,BAU,,PROD_CLK_TRAD,,,2032,,,,0.0,,,,0.0,0.0,0.0,,,,5.0183,0.0,,,,,,
0,0,BAU,,PROD_CLK_TRAD,,,2033,,,,0.0,,,,0.0,0.0,0.0,,,,5.1504,0.0,,,,,,
0,0,BAU,,PROD_CLK_TRAD,,,2034,,,,0.0,,,,0.0,0.0,0.0,,,,5.2851,0.0,,,,,,
0,0,BAU,,PROD_CLK_TRAD,,,2035,,,,0.0,,,,0.0,0.0,0.0,,,,5.4227,0.0,,,,,,
0,0,BAU,,PROD_CLK_TRAD,,,2036,,,,0.0,,,,0.0,0.0,0.0,,,,5.539,0.0,,,,,,
0,0,BAU,,PROD_CLK_TRAD,,,2037,,,,0.0,,,,0.0,0.0,0.0,,,,5.6573,0.0,,,,,,
0,0,BAU,,PROD_CLK_TRAD,,,2038,,,,0.0,,,,0.0,0.0,0.0,,,,5.7776,0.0,,,,,,
0,0,BAU,,PROD_CLK_TRAD,,,2039,,,,0.0,,,,0.0,0.0,0.0,,,,5.8999,0.0,,,,,,
0,0,BAU,,PROD_CLK_TRAD,,,2040,,,,0.0,,,,0.0,0.0,0.0,,,,6.0242,0.0,,,,,,
0,0,BAU,,PROD_CLK_TRAD,,,2041,,,,0.0,,,,0.0,0.0,0.0,,,,6.1254,0.0,,,,,,
0,0,BAU,,PROD_CLK_TRAD,,,2042,,,,0.0,,,,0.0,0.0,0.0,,,,6.2279,0.0,,,,,,
0,0,BAU,,PROD_CLK_TRAD,,,2043,,,,0.0,,,,0.0,0.0,0.0,,,,6.3318,0.0,,,,,,
0,0,BAU,,PROD_CLK_TRAD,,,2044,,,,0.0,,,,0.0,0.0,0.0,,,,6.4369,0.0,,,,,,
0,0,BAU,,PROD_CLK_TRAD,,,2045,,,,0.0,,,,0.0,0.0,0.0,,,,6.5436,0.0,,,,,,
0,0,BAU,,PROD_CLK_TRAD,,,2046,,,,0.0,,,,0.0,0.0,0.0,,,,6.6266,0.0,,,,,,
0,0,BAU,,PROD_CLK_TRAD,,,2047,,,,0.0,,,,0.0,0.0,0.0,,,,6.7103,0.0,,,,,,
0,0,BAU,,PROD_CLK_TRAD,,,2048,,,,0.0,,,,0.0,0.0,0.0,,,,6.7948,0.0,,,,,,
0,0,BAU,,PROD_CLK_TRAD,,,2049,,,,0.0,,,,0.0,0.0,0.0,,,,6.8803,0.0,,,,,,
0,0,BAU,,PROD_CLK_TRAD,,,2050,,,,0.0,,,,0.0,0.0,0.0,,,,6.9666,0.0,,,,,,
0,0,BAU,,PROD_CEM,,,2018,,,,0.0,,,,0.0,0.0,0.0,,,,5.4296,,,,,,,
0,0,BAU,,PROD_CEM,,,2019,,,,0.0,,,,0.0,0.0,0.0,,,,5.6442,,,,,,,
0,0,BAU,,PROD_CEM,,,2020,,,,0.0,,,,0.0,0.0,0.0,,,,5.169,,,,,,,
0,0,BAU,,PROD_CEM,,,2021,,,,0.0,,,,0.0,0.0,0.0,,,,6.5624,,,,,,,
0,0,BAU,,PROD_CEM,,,2022,,,,0.0,,,,0.0,0.0,0.0,,,,6.5347,,,,,,,
0,0,BAU,,PROD_CEM,,,2023,,,,0.0,,,,0.0,0.0,0.0,,,,6.6716,,,,,,,
0,0,BAU,,PROD_CEM,,,2024,,,,0.0,,,,0.0,0.0,0.0,,,,6.9195,,,,,,,
0,0,BAU,,PROD_CEM,,,2025,,,,0.0,,,,0.0,0.0,0.0,,,,7.1687,,,,,,,
0,0,BAU,,PROD_CEM,,,2026,,,,0.0,,,,0.0,0.0,0.0,,,,7.4047,,,,,,,
0,0,BAU,,PROD_CEM,,,2027,,,,0.0,,,,0.0,0.0,0.0,,,,7.6449,,,,,,,
0,0,BAU,,PROD_CEM,,,2028,,,,0.0,,,,0.0,0.0,0.0,,,,7.9001,,,,,,,
0,0,BAU,,PROD_CEM,,,2029,,,,0.0,,,,0.0,0.0,0.0,,,,8.1464,,,,,,,
0,0,BAU,,PROD_CEM,,,2030,,,,0.0,,,,0.0,0.0,0.0,,,,8.3923,,,,,,,
0,0,BAU,,PROD_CEM,,,2031,,,,0.0,,,,0.0,0.0,0.0,,,,8.6156,,,,,,,
0,0,BAU,,PROD_CEM,,,2032,,,,0.0,,,,0.0,0.0,0.0,,,,8.8437,,,,,,,
0,0,BAU,,PROD_CEM,,,2033,,,,0.0,,,,0.0,0.0,0.0,,,,9.0764,,,,,,,
0,0,BAU,,PROD_CEM,,,2034,,,,0.0,,,,0.0,0.0,0.0,,,,9.314,,,,,,,
0,0,BAU,,PROD_CEM,,,2035,,,,0.0,,,,0.0,0.0,0.0,,,,9.5564,,,,,,,
0,0,BAU,,PROD_CEM,,,2036,,,,0.0,,,,0.0,0.0,0.0,,,,9.7614,,,,,,,
0,0,BAU,,PROD_CEM,,,2037,,,,0.0,,,,0.0,0.0,0.0,,,,9.9699,,,,,,,
0,0,BAU,,PROD_CEM,,,2038,,,,0.0,,,,0.0,0.0,0.0,,,,10.1818,,,,,,,
0,0,BAU,,PROD_CEM,,,2039,,,,0.0,,,,0.0,0.0,0.0,,,,10.3973,,,,,,,
0,0,BAU,,PROD_CEM,,,2040,,,,0.0,,,,0.0,0.0,0.0,,,,10.6164,,,,,,,
0,0,BAU,,PROD_CEM,,,2041,,,,0.0,,,,0.0,0.0,0.0,,,,10.7947,,,,,,,
0,0,BAU,,PROD_CEM,,,2042,,,,0.0,,,,0.0,0.0,0.0,,,,10.9754,,,,,,,
0,0,BAU,,PROD_CEM,,,2043,,,,0.0,,,,0.0,0.0,0.0,,,,11.1585,,,,,,,
0,0,BAU,,PROD_CEM,,,2044,,,,0.0,,,,0.0,0.0,0.0,,,,11.3439,,,,,,,
0,0,BAU,,PROD_CEM,,,2045,,,,0.0,,,,0.0,0.0,0.0,,,,11.5318,,,,,,,
0,0,BAU,,PROD_CEM,,,2046,,,,0.0,,,,0.0,0.0,0.0,,,,11.678,,,,,,,
0,0,BAU,,PROD_CEM,,,2047,,,,0.0,,,,0.0,0.0,0.0,,,,11.8256,,,,,,,
0,0,BAU,,PROD_CEM,,,2048,,,,0.0,,,,0.0,0.0,0.0,,,,11.9746,,,,,,,
0,0,BAU,,PROD_CEM,,,2049,,,,0.0,,,,0.0,0.0,0.0,,,,12.1252,,,,,,,
0,0,BAU,,PROD_CEM,,,2050,,,,0.0,,,,0.0,0.0,0.0,,,,12.2772,,,,,,,
0,0,BAU,RAW_MAT_CLK,PROD_CLK_TRAD,,,2018,,,,,1.0,,,,,,,,,,,,,,,,
0,0,BAU,RAW_MAT_CLK,PROD_CLK_TRAD,,,2019,,,,,1.0,,,,,,,,,,,,,,,,
0,0,BAU,RAW_MAT_CLK,PROD_CLK_TRAD,,,2020,,,,,1.0,,,,,,,,,,,,,,,,
0,0,BAU,RAW_MAT_CLK,PROD_CLK_TRAD,,,2021,,,,,1.0,,,,,,,,,,,,,,,,
0,0,BAU,RAW_MAT_CLK,PROD_CLK_TRAD,,,2022,,,,,1.0,,,,,,,,,,,,,,,,
0,0,BAU,RAW_MAT_CLK,PROD_CLK_TRAD,,,2023,,,,,1.0,,,,,,,,,,,,,,,,
0,0,BAU,RAW_MAT_CLK,PROD_CLK_TRAD,,,2024,,,,,1.0,,,,,,,,,,,,,,,,
0,0,BAU,RAW_MAT_CLK,PROD_CLK_TRAD,,,2025,,,,,1.0,,,,,,,,,,,,,,,,
0,0,BAU,RAW_MAT_CLK,PROD_CLK_TRAD,,,2026,,,,,1.0,,,,,,,,,,,,,,,,
0,0,BAU,RAW_MAT_CLK,PROD_CLK_TRAD,,,2027,,,,,1.0,,,,,,,,,,,,,,,,
0,0,BAU,RAW_MAT_CLK,PROD_CLK_TRAD,,,2028,,,,,1.0,,,,,,,,,,,,,,,,
0,0,BAU,RAW_MAT_CLK,PROD_CLK_TRAD,,,2029,,,,,1.0,,,,,,,,,,,,,,,,
0,0,BAU,RAW_MAT_CLK,PROD_CLK_TRAD,,,2030,,,,,1.0,,,,,,,,,,,,,,,,
0,0,BAU,RAW_MAT_CLK,PROD_CLK_TRAD,,,2031,,,,,1.0,,,,,,,,,,,,,,,,
0,0,BAU,RAW_MAT_CLK,PROD_CLK_TRAD,,,2032,,,,,1.0,,,,,,,,,,,,,,,,
0,0,BAU,RAW_MAT_CLK,PROD_CLK_TRAD,,,2033,,,,,1.0,,,,,,,,,,,,,,,,
0,0,BAU,RAW_MAT_CLK,PROD_CLK_TRAD,,,2034,,,,,1.0,,,,,,,,,,,,,,,,
0,0,BAU,RAW_MAT_CLK,PROD_CLK_TRAD,,,2035,,,,,1.0,,,,,,,,,,,,,,,,
0,0,BAU,RAW_MAT_CLK,PROD_CLK_TRAD,,,2036,,,,,1.0,,,,,,,,,,,,,,,,
0,0,BAU,RAW_MAT_CLK,PROD_CLK_TRAD,,,2037,,,,,1.0,,,,,,,,,,,,,,,,
0,0,BAU,RAW_MAT_CLK,PROD_CLK_TRAD,,,2038,,,,,1.0,,,,,,,,,,,,,,,,
0,0,BAU,RAW_MAT_CLK,PROD_CLK_TRAD,,,2039,,,,,1.0,,,,,,,,,,,,,,,,
0,0,BAU,RAW_MAT_CLK,PROD_CLK_TRAD,,,2040,,,,,1.0,,,,,,,,,,,,,,,,
0,0,BAU,RAW_MAT_CLK,PROD_CLK_TRAD,,,2041,,,,,1.0,,,,,,,,,,,,,,,,
0,0,BAU,RAW_MAT_CLK,PROD_CLK_TRAD,,,2042,,,,,1.0,,,,,,,,,,,,,,,,
0,0,BAU,RAW_MAT_CLK,PROD_CLK_TRAD,,,2043,,,,,1.0,,,,,,,,,,,,,,,,
0,0,BAU,RAW_MAT_CLK,PROD_CLK_TRAD,,,2044,,,,,1.0,,,,,,,,,,,,,,,,
0,0,BAU,RAW_MAT_CLK,PROD_CLK_TRAD,,,2045,,,,,1.0,,,,,,,,,,,,,,,,
0,0,BAU,RAW_MAT_CLK,PROD_CLK_TRAD,,,2046,,,,,1.0,,,,,,,,,,,,,,,,
0,0,BAU,RAW_MAT_CLK,PROD_CLK_TRAD,,,2047,,,,,1.0,,,,,,,,,,,,,,,,
0,0,BAU,RAW_MAT_CLK,PROD_CLK_TRAD,,,2048,,,,,1.0,,,,,,,,,,,,,,,,
0,0,BAU,RAW_MAT_CLK,PROD_CLK_TRAD,,,2049,,,,,1.0,,,,,,,,,,,,,,,,
0,0,BAU,RAW_MAT_CLK,PROD_CLK_TRAD,,,2050,,,,,1.0,,,,,,,,,,,,,,,,
0,0,BAU,CLK_PROD,PROD_CEM,,,2018,,,,,0.7128,,,,,,,,,,,,,,,,
0,0,BAU,CLK_PROD,PROD_CEM,,,2019,,,,,0.7071,,,,,,,,,,,,,,,,
0,0,BAU,CLK_PROD,PROD_CEM,,,2020,,,,,0.7014,,,,,,,,,,,,,,,,
0,0,BAU,CLK_PROD,PROD_CEM,,,2021,,,,,0.6957,,,,,,,,,,,,,,,,
0,0,BAU,CLK_PROD,PROD_CEM,,,2022,,,,,0.69,,,,,,,,,,,,,,,,
0,0,BAU,CLK_PROD,PROD_CEM,,,2023,,,,,0.69,,,,,,,,,,,,,,,,
0,0,BAU,CLK_PROD,PROD_CEM,,,2024,,,,,0.69,,,,,,,,,,,,,,,,
0,0,BAU,CLK_PROD,PROD_CEM,,,2025,,,,,0.69,,,,,,,,,,,,,,,,
0,0,BAU,CLK_PROD,PROD_CEM,,,2026,,,,,0.69,,,,,,,,,,,,,,,,
0,0,BAU,CLK_PROD,PROD_CEM,,,2027,,,,,0.69,,,,,,,,,,,,,,,,
0,0,BAU,CLK_PROD,PROD_CEM,,,2028,,,,,0.69,,,,,,,,,,,,,,,,
0,0,BAU,CLK_PROD,PROD_CEM,,,2029,,,,,0.69,,,,,,,,,,,,,,,,
0,0,BAU,CLK_PROD,PROD_CEM,,,2030,,,,,0.69,,,,,,,,,,,,,,,,
0,0,BAU,CLK_PROD,PROD_CEM,,,2031,,,,,0.69,,,,,,,,,,,,,,,,
0,0,BAU,CLK_PROD,PROD_CEM,,,2032,,,,,0.69,,,,,,,,,,,,,,,,
0,0,BAU,CLK_PROD,PROD_CEM,,,2033,,,,,0.69,,,,,,,,,,,,,,,,
0,0,BAU,CLK_PROD,PROD_CEM,,,2034,,,,,0.69,,,,,,,,,,,,,,,,
0,0,BAU,CLK_PROD,PROD_CEM,,,2035,,,,,0.69,,,,,,,,,,,,,,,,
0,0,BAU,CLK_PROD,PROD_CEM,,,2036,,,,,0.69,,,,,,,,,,,,,,,,
0,0,BAU,CLK_PROD,PROD_CEM,,,2037,,,,,0.69,,,,,,,,,,,,,,,,
0,0,BAU,CLK_PROD,PROD_CEM,,,2038,,,,,0.69,,,,,,,,,,,,,,,,
0,0,BAU,CLK_PROD,PROD_CEM,,,2039,,,,,0.69,,,,,,,,,,,,,,,,
0,0,BAU,CLK_PROD,PROD_CEM,,,2040,,,,,0.69,,,,,,,,,,,,,,,,
0,0,BAU,CLK_PROD,PROD_CEM,,,2041,,,,,0.69,,,,,,,,,,,,,,,,
0,0,BAU,CLK_PROD,PROD_CEM,,,2042,,,,,0.69,,,,,,,,,,,,,,,,
0,0,BAU,CLK_PROD,PROD_CEM,,,2043,,,,,0.69,,,,,,,,,,,,,,,,
0,0,BAU,CLK_PROD,PROD_CEM,,,2044,,,,,0.69,,,,,,,,,,,,,,,,
0,0,BAU,CLK_PROD,PROD_CEM,,,2045,,,,,0.69,,,,,,,,,,,,,,,,
0,0,BAU,CLK_PROD,PROD_CEM,,,2046,,,,,0.69,,,,,,,,,,,,,,,,
0,0,BAU,CLK_PROD,PROD_CEM,,,2047,,,,,0.69,,,,,,,,,,,,,,,,
0,0,BAU,CLK_PROD,PROD_CEM,,,2048,,,,,0.69,,,,,,,,,,,,,,,,
0,0,BAU,CLK_PROD,PROD_CEM,,,2049,,,,,0.69,,,,,,,,,,,,,,,,
0,0,BAU,CLK_PROD,PROD_CEM,,,2050,,,,,0.69,,,,,,,,,,,,,,,,
0,0,BAU,RAW_MAT_CEM,PROD_CEM,,,2018,,,,,0.2872,,,,,,,,,,,,,,,,
0,0,BAU,RAW_MAT_CEM,PROD_CEM,,,2019,,,,,0.2929,,,,,,,,,,,,,,,,
0,0,BAU,RAW_MAT_CEM,PROD_CEM,,,2020,,,,,0.2986,,,,,,,,,,,,,,,,
0,0,BAU,RAW_MAT_CEM,PROD_CEM,,,2021,,,,,0.3043,,,,,,,,,,,,,,,,
0,0,BAU,RAW_MAT_CEM,PROD_CEM,,,2022,,,,,0.31,,,,,,,,,,,,,,,,
0,0,BAU,RAW_MAT_CEM,PROD_CEM,,,2023,,,,,0.31,,,,,,,,,,,,,,,,
0,0,BAU,RAW_MAT_CEM,PROD_CEM,,,2024,,,,,0.31,,,,,,,,,,,,,,,,
0,0,BAU,RAW_MAT_CEM,PROD_CEM,,,2025,,,,,0.31,,,,,,,,,,,,,,,,
0,0,BAU,RAW_MAT_CEM,PROD_CEM,,,2026,,,,,0.31,,,,,,,,,,,,,,,,
0,0,BAU,RAW_MAT_CEM,PROD_CEM,,,2027,,,,,0.31,,,,,,,,,,,,,,,,
0,0,BAU,RAW_MAT_CEM,PROD_CEM,,,2028,,,,,0.31,,,,,,,,,,,,,,,,
0,0,BAU,RAW_MAT_CEM,PROD_CEM,,,2029,,,,,0.31,,,,,,,,,,,,,,,,
0,0,BAU,RAW_MAT_CEM,PROD_CEM,,,2030,,,,,0.31,,,,,,,,,,,,,,,,
0,0,BAU,RAW_MAT_CEM,PROD_CEM,,,2031,,,,,0.31,,,,,,,,,,,,,,,,
0,0,BAU,RAW_MAT_CEM,PROD_CEM,,,2032,,,,,0.31,,,,,,,,,,,,,,,,
0,0,BAU,RAW_MAT_CEM,PROD_CEM,,,2033,,,,,0.31,,,,,,,,,,,,,,,,
0,0,BAU,RAW_MAT_CEM,PROD_CEM,,,2034,,,,,0.31,,,,,,,,,,,,,,,,
0,0,BAU,RAW_MAT_CEM,PROD_CEM,,,2035,,,,,0.31,,,,,,,,,,,,,,,,
0,0,BAU,RAW_MAT_CEM,PROD_CEM,,,2036,,,,,0.31,,,,,,,,,,,,,,,,
0,0,BAU,RAW_MAT_CEM,PROD_CEM,,,2037,,,,,0.31,,,,,,,,,,,,,,,,
0,0,BAU,RAW_MAT_CEM,PROD_CEM,,,2038,,,,,0.31,,,,,,,,,,,,,,,,
0,0,BAU,RAW_MAT_CEM,PROD_CEM,,,2039,,,,,0.31,,,,,,,,,,,,,,,,
0,0,BAU,RAW_MAT_CEM,PROD_CEM,,,2040,,,,,0.31,,,,,,,,,,,,,,,,
0,0,BAU,RAW_MAT_CEM,PROD_CEM,,,2041,,,,,0.31,,,,,,,,,,,,,,,,
0,0,BAU,RAW_MAT_CEM,PROD_CEM,,,2042,,,,,0.31,,,,,,,,,,,,,,,,
0,0,BAU,RAW_MAT_CEM,PROD_CEM,,,2043,,,,,0.31,,,,,,,,,,,,,,,,
0,0,BAU,RAW_MAT_CEM,PROD_CEM,,,2044,,,,,0.31,,,,,,,,,,,,,,,,
0,0,BAU,RAW_MAT_CEM,PROD_CEM,,,2045,,,,,0.31,,,,,,,,,,,,,,,,
0,0,BAU,RAW_MAT_CEM,PROD_CEM,,,2046,,,,,0.31,,,,,,,,,,,,,,,,
0,0,BAU,RAW_MAT_CEM,PROD_CEM,,,2047,,,,,0.31,,,,,,,,,,,,,,,,
0,0,BAU,RAW_MAT_CEM,PROD_CEM,,,2048,,,,,0.31,,,,,,,,,,,,,,,,
0,0,BAU,RAW_MAT_CEM,PROD_CEM,,,2049,,,,,0.31,,,,,,,,,,,,,,,,
0,0,BAU,RAW_MAT_CEM,PROD_CEM,,,2050,,,,,0.31,,,,,,,,,,,,,,,,
0,0,BAU,CEM_PROD,T5CEM_PRODIND,,,2018,,,,,1.0,,,,,,,,,,,,,,,,
0,0,BAU,CEM_PROD,T5CEM_PRODIND,,,2019,,,,,1.0,,,,,,,,,,,,,,,,
0,0,BAU,CEM_PROD,T5CEM_PRODIND,,,2020,,,,,1.0,,,,,,,,,,,,,,,,
0,0,BAU,CEM_PROD,T5CEM_PRODIND,,,2021,,,,,1.0,,,,,,,,,,,,,,,,
0,0,BAU,CEM_PROD,T5CEM_PRODIND,,,2022,,,,,1.0,,,,,,,,,,,,,,,,
0,0,BAU,CEM_PROD,T5CEM_PRODIND,,,2023,,,,,1.0,,,,,,,,,,,,,,,,
0,0,BAU,CEM_PROD,T5CEM_PRODIND,,,2024,,,,,1.0,,,,,,,,,,,,,,,,
0,0,BAU,CEM_PROD,T5CEM_PRODIND,,,2025,,,,,1.0,,,,,,,,,,,,,,,,
0,0,BAU,CEM_PROD,T5CEM_PRODIND,,,2026,,,,,1.0,,,,,,,,,,,,,,,,
0,0,BAU,CEM_PROD,T5CEM_PRODIND,,,2027,,,,,1.0,,,,,,,,,,,,,,,,
0,0,BAU,CEM_PROD,T5CEM_PRODIND,,,2028,,,,,1.0,,,,,,,,,,,,,,,,
0,0,BAU,CEM_PROD,T5CEM_PRODIND,,,2029,,,,,1.0,,,,,,,,,,,,,,,,
0,0,BAU,CEM_PROD,T5CEM_PRODIND,,,2030,,,,,1.0,,,,,,,,,,,,,,,,
0,0,BAU,CEM_PROD,T5CEM_PRODIND,,,2031,,,,,1.0,,,,,,,,,,,,,,,,
0,0,BAU,CEM_PROD,T5CEM_PRODIND,,,2032,,,,,1.0,,,,,,,,,,,,,,,,
0,0,BAU,CEM_PROD,T5CEM_PRODIND,,,2033,,,,,1.0,,,,,,,,,,,,,,,,
0,0,BAU,CEM_PROD,T5CEM_PRODIND,,,2034,,,,,1.0,,,,,,,,,,,,,,,,
0,0,BAU,CEM_PROD,T5CEM_PRODIND,,,2035,,,,,1.0,,,,,,,,,,,,,,,,
0,0,BAU,CEM_PROD,T5CEM_PRODIND,,,2036,,,,,1.0,,,,,,,,,,,,,,,,
0,0,BAU,CEM_PROD,T5CEM_PRODIND,,,2037,,,,,1.0,,,,,,,,,,,,,,,,
0,0,BAU,CEM_PROD,T5CEM_PRODIND,,,2038,,,,,1.0,,,,,,,,,,,,,,,,
0,0,BAU,CEM_PROD,T5CEM_PRODIND,,,2039,,,,,1.0,,,,,,,,,,,,,,,,
0,0,BAU,CEM_PROD,T5CEM_PRODIND,,,2040,,,,,1.0,,,,,,,,,,,,,,,,
0,0,BAU,CEM_PROD,T5CEM_PRODIND,,,2041,,,,,1.0,,,,,,,,,,,,,,,,
0,0,BAU,CEM_PROD,T5CEM_PRODIND,,,2042,,,,,1.0,,,,,,,,,,,,,,,,
0,0,BAU,CEM_PROD,T5CEM_PRODIND,,,2043,,,,,1.0,,,,,,,,,,,,,,,,
0,0,BAU,CEM_PROD,T5CEM_PRODIND,,,2044,,,,,1.0,,,,,,,,,,,,,,,,
0,0,BAU,CEM_PROD,T5CEM_PRODIND,,,2045,,,,,1.0,,,,,,,,,,,,,,,,
0,0,BAU,CEM_PROD,T5CEM_PRODIND,,,2046,,,,,1.0,,,,,,,,,,,,,,,,
0,0,BAU,CEM_PROD,T5CEM_PRODIND,,,2047,,,,,1.0,,,,,,,,,,,,,,,,
0,0,BAU,CEM_PROD,T5CEM_PRODIND,,,2048,,,,,1.0,,,,,,,,,,,,,,,,
0,0,BAU,CEM_PROD,T5CEM_PRODIND,,,2049,,,,,1.0,,,,,,,,,,,,,,,,
0,0,BAU,CEM_PROD,T5CEM_PRODIND,,,2050,,,,,1.0,,,,,,,,,,,,,,,,
0,0,BAU,LIME_PROD,T5LIME_PRODIPPU,,,2018,,,,,1.0,,,,,,,,,,,,,,,,
0,0,BAU,LIME_PROD,T5LIME_PRODIPPU,,,2019,,,,,1.0,,,,,,,,,,,,,,,,
0,0,BAU,LIME_PROD,T5LIME_PRODIPPU,,,2020,,,,,1.0,,,,,,,,,,,,,,,,
0,0,BAU,LIME_PROD,T5LIME_PRODIPPU,,,2021,,,,,1.0,,,,,,,,,,,,,,,,
0,0,BAU,LIME_PROD,T5LIME_PRODIPPU,,,2022,,,,,1.0,,,,,,,,,,,,,,,,
0,0,BAU,LIME_PROD,T5LIME_PRODIPPU,,,2023,,,,,1.0,,,,,,,,,,,,,,,,
0,0,BAU,LIME_PROD,T5LIME_PRODIPPU,,,2024,,,,,1.0,,,,,,,,,,,,,,,,
0,0,BAU,LIME_PROD,T5LIME_PRODIPPU,,,2025,,,,,1.0,,,,,,,,,,,,,,,,
0,0,BAU,LIME_PROD,T5LIME_PRODIPPU,,,2026,,,,,1.0,,,,,,,,,,,,,,,,
0,0,BAU,LIME_PROD,T5LIME_PRODIPPU,,,2027,,,,,1.0,,,,,,,,,,,,,,,,
0,0,BAU,LIME_PROD,T5LIME_PRODIPPU,,,2028,,,,,1.0,,,,,,,,,,,,,,,,
0,0,BAU,LIME_PROD,T5LIME_PRODIPPU,,,2029,,,,,1.0,,,,,,,,,,,,,,,,
0,0,BAU,LIME_PROD,T5LIME_PRODIPPU,,,2030,,,,,1.0,,,,,,,,,,,,,,,,
0,0,BAU,LIME_PROD,T5LIME_PRODIPPU,,,2031,,,,,1.0,,,,,,,,,,,,,,,,
0,0,BAU,LIME_PROD,T5LIME_PRODIPPU,,,2032,,,,,1.0,,,,,,,,,,,,,,,,
0,0,BAU,LIME_PROD,T5LIME_PRODIPPU,,,2033,,,,,1.0,,,,,,,,,,,,,,,,
0,0,BAU,LIME_PROD,T5LIME_PRODIPPU,,,2034,,,,,1.0,,,,,,,,,,,,,,,,
0,0,BAU,LIME_PROD,T5LIME_PRODIPPU,,,2035,,,,,1.0,,,,,,,,,,,,,,,,
0,0,BAU,LIME_PROD,T5LIME_PRODIPPU,,,2036,,,,,1.0,,,,,,,,,,,,,,,,
0,0,BAU,LIME_PROD,T5LIME_PRODIPPU,,,2037,,,,,1.0,,,,,,,,,,,,,,,,
0,0,BAU,LIME_PROD,T5LIME_PRODIPPU,,,2038,,,,,1.0,,,,,,,,,,,,,,,,
0,0,BAU,LIME_PROD,T5LIME_PRODIPPU,,,2039,,,,,1.0,,,,,,,,,,,,,,,,
0,0,BAU,LIME_PROD,T5LIME_PRODIPPU,,,2040,,,,,1.0,,,,,,,,,,,,,,,,
0,0,BAU,LIME_PROD,T5LIME_PRODIPPU,,,2041,,,,,1.0,,,,,,,,,,,,,,,,
0,0,BAU,LIME_PROD,T5LIME_PRODIPPU,,,2042,,,,,1.0,,,,,,,,,,,,,,,,
0,0,BAU,LIME_PROD,T5LIME_PRODIPPU,,,2043,,,,,1.0,,,,,,,,,,,,,,,,
0,0,BAU,LIME_PROD,T5LIME_PRODIPPU,,,2044,,,,,1.0,,,,,,,,,,,,,,,,
0,0,BAU,LIME_PROD,T5LIME_PRODIPPU,,,2045,,,,,1.0,,,,,,,,,,,,,,,,
0,0,BAU,LIME_PROD,T5LIME_PRODIPPU,,,2046,,,,,1.0,,,,,,,,,,,,,,,,
0,0,BAU,LIME_PROD,T5LIME_PRODIPPU,,,2047,,,,,1.0,,,,,,,,,,,,,,,,
0,0,BAU,LIME_PROD,T5LIME_PRODIPPU,,,2048,,,,,1.0,,,,,,,,,,,,,,,,
0,0,BAU,LIME_PROD,T5LIME_PRODIPPU,,,2049,,,,,1.0,,,,,,,,,,,,,,,,
0,0,BAU,LIME_PROD,T5LIME_PRODIPPU,,,2050,,,,,1.0,,,,,,,,,,,,,,,,
0,0,BAU,CARBONATE,T5CARBONATEIPPU,,,2018,,,,,1.0,,,,,,,,,,,,,,,,
0,0,BAU,CARBONATE,T5CARBONATEIPPU,,,2019,,,,,1.0,,,,,,,,,,,,,,,,
0,0,BAU,CARBONATE,T5CARBONATEIPPU,,,2020,,,,,1.0,,,,,,,,,,,,,,,,
0,0,BAU,CARBONATE,T5CARBONATEIPPU,,,2021,,,,,1.0,,,,,,,,,,,,,,,,
0,0,BAU,CARBONATE,T5CARBONATEIPPU,,,2022,,,,,1.0,,,,,,,,,,,,,,,,
0,0,BAU,CARBONATE,T5CARBONATEIPPU,,,2023,,,,,1.0,,,,,,,,,,,,,,,,
0,0,BAU,CARBONATE,T5CARBONATEIPPU,,,2024,,,,,1.0,,,,,,,,,,,,,,,,
0,0,BAU,CARBONATE,T5CARBONATEIPPU,,,2025,,,,,1.0,,,,,,,,,,,,,,,,
0,0,BAU,CARBONATE,T5CARBONATEIPPU,,,2026,,,,,1.0,,,,,,,,,,,,,,,,
0,0,BAU,CARBONATE,T5CARBONATEIPPU,,,2027,,,,,1.0,,,,,,,,,,,,,,,,
0,0,BAU,CARBONATE,T5CARBONATEIPPU,,,2028,,,,,1.0,,,,,,,,,,,,,,,,
0,0,BAU,CARBONATE,T5CARBONATEIPPU,,,2029,,,,,1.0,,,,,,,,,,,,,,,,
0,0,BAU,CARBONATE,T5CARBONATEIPPU,,,2030,,,,,1.0,,,,,,,,,,,,,,,,
0,0,BAU,CARBONATE,T5CARBONATEIPPU,,,2031,,,,,1.0,,,,,,,,,,,,,,,,
0,0,BAU,CARBONATE,T5CARBONATEIPPU,,,2032,,,,,1.0,,,,,,,,,,,,,,,,
0,0,BAU,CARBONATE,T5CARBONATEIPPU,,,2033,,,,,1.0,,,,,,,,,,,,,,,,
0,0,BAU,CARBONATE,T5CARBONATEIPPU,,,2034,,,,,1.0,,,,,,,,,,,,,,,,
0,0,BAU,CARBONATE,T5CARBONATEIPPU,,,2035,,,,,1.0,,,,,,,,,,,,,,,,
0,0,BAU,CARBONATE,T5CARBONATEIPPU,,,2036,,,,,1.0,,,,,,,,,,,,,,,,
0,0,BAU,CARBONATE,T5CARBONATEIPPU,,,2037,,,,,1.0,,,,,,,,,,,,,,,,
0,0,BAU,CARBONATE,T5CARBONATEIPPU,,,2038,,,,,1.0,,,,,,,,,,,,,,,,
0,0,BAU,CARBONATE,T5CARBONATEIPPU,,,2039,,,,,1.0,,,,,,,,,,,,,,,,
0,0,BAU,CARBONATE,T5CARBONATEIPPU,,,2040,,,,,1.0,,,,,,,,,,,,,,,,
0,0,BAU,CARBONATE,T5CARBONATEIPPU,,,2041,,,,,1.0,,,,,,,,,,,,,,,,
0,0,BAU,CARBONATE,T5CARBONATEIPPU,,,2042,,,,,1.0,,,,,,,,,,,,,,,,
0,0,BAU,CARBONATE,T5CARBONATEIPPU,,,2043,,,,,1.0,,,,,,,,,,,,,,,,
0,0,BAU,CARBONATE,T5CARBONATEIPPU,,,2044,,,,,1.0,,,,,,,,,,,,,,,,
0,0,BAU,CARBONATE,T5CARBONATEIPPU,,,2045,,,,,1.0,,,,,,,,,,,,,,,,
0,0,BAU,CARBONATE,T5CARBONATEIPPU,,,2046,,,,,1.0,,,,,,,,,,,,,,,,
0,0,BAU,CARBONATE,T5CARBONATEIPPU,,,2047,,,,,1.0,,,,,,,,,,,,,,,,
0,0,BAU,CARBONATE,T5CARBONATEIPPU,,,2048,,,,,1.0,,,,,,,,,,,,,,,,
0,0,BAU,CARBONATE,T5CARBONATEIPPU,,,2049,,,,,1.0,,,,,,,,,,,,,,,,
0,0,BAU,CARBONATE,T5CARBONATEIPPU,,,2050,,,,,1.0,,,,,,,,,,,,,,,,
0,0,BAU,CARBIDE_PROD,T5CARBIDE_PRODIPPU,,,2018,,,,,1.0,,,,,,,,,,,,,,,,
0,0,BAU,CARBIDE_PROD,T5CARBIDE_PRODIPPU,,,2019,,,,,1.0,,,,,,,,,,,,,,,,
0,0,BAU,CARBIDE_PROD,T5CARBIDE_PRODIPPU,,,2020,,,,,1.0,,,,,,,,,,,,,,,,
0,0,BAU,CARBIDE_PROD,T5CARBIDE_PRODIPPU,,,2021,,,,,1.0,,,,,,,,,,,,,,,,
0,0,BAU,CARBIDE_PROD,T5CARBIDE_PRODIPPU,,,2022,,,,,1.0,,,,,,,,,,,,,,,,
0,0,BAU,CARBIDE_PROD,T5CARBIDE_PRODIPPU,,,2023,,,,,1.0,,,,,,,,,,,,,,,,
0,0,BAU,CARBIDE_PROD,T5CARBIDE_PRODIPPU,,,2024,,,,,1.0,,,,,,,,,,,,,,,,
0,0,BAU,CARBIDE_PROD,T5CARBIDE_PRODIPPU,,,2025,,,,,1.0,,,,,,,,,,,,,,,,
0,0,BAU,CARBIDE_PROD,T5CARBIDE_PRODIPPU,,,2026,,,,,1.0,,,,,,,,,,,,,,,,
0,0,BAU,CARBIDE_PROD,T5CARBIDE_PRODIPPU,,,2027,,,,,1.0,,,,,,,,,,,,,,,,
0,0,BAU,CARBIDE_PROD,T5CARBIDE_PRODIPPU,,,2028,,,,,1.0,,,,,,,,,,,,,,,,
0,0,BAU,CARBIDE_PROD,T5CARBIDE_PRODIPPU,,,2029,,,,,1.0,,,,,,,,,,,,,,,,
0,0,BAU,CARBIDE_PROD,T5CARBIDE_PRODIPPU,,,2030,,,,,1.0,,,,,,,,,,,,,,,,
0,0,BAU,CARBIDE_PROD,T5CARBIDE_PRODIPPU,,,2031,,,,,1.0,,,,,,,,,,,,,,,,
0,0,BAU,CARBIDE_PROD,T5CARBIDE_PRODIPPU,,,2032,,,,,1.0,,,,,,,,,,,,,,,,
0,0,BAU,CARBIDE_PROD,T5CARBIDE_PRODIPPU,,,2033,,,,,1.0,,,,,,,,,,,,,,,,
0,0,BAU,CARBIDE_PROD,T5CARBIDE_PRODIPPU,,,2034,,,,,1.0,,,,,,,,,,,,,,,,
0,0,BAU,CARBIDE_PROD,T5CARBIDE_PRODIPPU,,,2035,,,,,1.0,,,,,,,,,,,,,,,,
0,0,BAU,CARBIDE_PROD,T5CARBIDE_PRODIPPU,,,2036,,,,,1.0,,,,,,,,,,,,,,,,
0,0,BAU,CARBIDE_PROD,T5CARBIDE_PRODIPPU,,,2037,,,,,1.0,,,,,,,,,,,,,,,,
0,0,BAU,CARBIDE_PROD,T5CARBIDE_PRODIPPU,,,2038,,,,,1.0,,,,,,,,,,,,,,,,
0,0,BAU,CARBIDE_PROD,T5CARBIDE_PRODIPPU,,,2039,,,,,1.0,,,,,,,,,,,,,,,,
0,0,BAU,CARBIDE_PROD,T5CARBIDE_PRODIPPU,,,2040,,,,,1.0,,,,,,,,,,,,,,,,
0,0,BAU,CARBIDE_PROD,T5CARBIDE_PRODIPPU,,,2041,,,,,1.0,,,,,,,,,,,,,,,,
0,0,BAU,CARBIDE_PROD,T5CARBIDE_PRODIPPU,,,2042,,,,,1.0,,,,,,,,,,,,,,,,
0,0,BAU,CARBIDE_PROD,T5CARBIDE_PRODIPPU,,,2043,,,,,1.0,,,,,,,,,,,,,,,,
0,0,BAU,CARBIDE_PROD,T5CARBIDE_PRODIPPU,,,2044,,,,,1.0,,,,,,,,,,,,,,,,
0,0,BAU,CARBIDE_PROD,T5CARBIDE_PRODIPPU,,,2045,,,,,1.0,,,,,,,,,,,,,,,,
0,0,BAU,CARBIDE_PROD,T5CARBIDE_PRODIPPU,,,2046,,,,,1.0,,,,,,,,,,,,,,,,
0,0,BAU,CARBIDE_PROD,T5CARBIDE_PRODIPPU,,,2047,,,,,1.0,,,,,,,,,,,,,,,,
0,0,BAU,CARBIDE_PROD,T5CARBIDE_PRODIPPU,,,2048,,,,,1.0,,,,,,,,,,,,,,,,
0,0,BAU,CARBIDE_PROD,T5CARBIDE_PRODIPPU,,,2049,,,,,1.0,,,,,,,,,,,,,,,,
0,0,BAU,CARBIDE_PROD,T5CARBIDE_PRODIPPU,,,2050,,,,,1.0,,,,,,,,,,,,,,,,
0,0,BAU,PROD_FERRO,T5PROD_FERROIPPU,,,2018,,,,,1.0,,,,,,,,,,,,,,,,
0,0,BAU,PROD_FERRO,T5PROD_FERROIPPU,,,2019,,,,,1.0,,,,,,,,,,,,,,,,
0,0,BAU,PROD_FERRO,T5PROD_FERROIPPU,,,2020,,,,,1.0,,,,,,,,,,,,,,,,
0,0,BAU,PROD_FERRO,T5PROD_FERROIPPU,,,2021,,,,,1.0,,,,,,,,,,,,,,,,
0,0,BAU,PROD_FERRO,T5PROD_FERROIPPU,,,2022,,,,,1.0,,,,,,,,,,,,,,,,
0,0,BAU,PROD_FERRO,T5PROD_FERROIPPU,,,2023,,,,,1.0,,,,,,,,,,,,,,,,
0,0,BAU,PROD_FERRO,T5PROD_FERROIPPU,,,2024,,,,,1.0,,,,,,,,,,,,,,,,
0,0,BAU,PROD_FERRO,T5PROD_FERROIPPU,,,2025,,,,,1.0,,,,,,,,,,,,,,,,
0,0,BAU,PROD_FERRO,T5PROD_FERROIPPU,,,2026,,,,,1.0,,,,,,,,,,,,,,,,
0,0,BAU,PROD_FERRO,T5PROD_FERROIPPU,,,2027,,,,,1.0,,,,,,,,,,,,,,,,
0,0,BAU,PROD_FERRO,T5PROD_FERROIPPU,,,2028,,,,,1.0,,,,,,,,,,,,,,,,
0,0,BAU,PROD_FERRO,T5PROD_FERROIPPU,,,2029,,,,,1.0,,,,,,,,,,,,,,,,
0,0,BAU,PROD_FERRO,T5PROD_FERROIPPU,,,2030,,,,,1.0,,,,,,,,,,,,,,,,
0,0,BAU,PROD_FERRO,T5PROD_FERROIPPU,,,2031,,,,,1.0,,,,,,,,,,,,,,,,
0,0,BAU,PROD_FERRO,T5PROD_FERROIPPU,,,2032,,,,,1.0,,,,,,,,,,,,,,,,
0,0,BAU,PROD_FERRO,T5PROD_FERROIPPU,,,2033,,,,,1.0,,,,,,,,,,,,,,,,
0,0,BAU,PROD_FERRO,T5PROD_FERROIPPU,,,2034,,,,,1.0,,,,,,,,,,,,,,,,
0,0,BAU,PROD_FERRO,T5PROD_FERROIPPU,,,2035,,,,,1.0,,,,,,,,,,,,,,,,
0,0,BAU,PROD_FERRO,T5PROD_FERROIPPU,,,2036,,,,,1.0,,,,,,,,,,,,,,,,
0,0,BAU,PROD_FERRO,T5PROD_FERROIPPU,,,2037,,,,,1.0,,,,,,,,,,,,,,,,
0,0,BAU,PROD_FERRO,T5PROD_FERROIPPU,,,2038,,,,,1.0,,,,,,,,,,,,,,,,
0,0,BAU,PROD_FERRO,T5PROD_FERROIPPU,,,2039,,,,,1.0,,,,,,,,,,,,,,,,
0,0,BAU,PROD_FERRO,T5PROD_FERROIPPU,,,2040,,,,,1.0,,,,,,,,,,,,,,,,
0,0,BAU,PROD_FERRO,T5PROD_FERROIPPU,,,2041,,,,,1.0,,,,,,,,,,,,,,,,
0,0,BAU,PROD_FERRO,T5PROD_FERROIPPU,,,2042,,,,,1.0,,,,,,,,,,,,,,,,
0,0,BAU,PROD_FERRO,T5PROD_FERROIPPU,,,2043,,,,,1.0,,,,,,,,,,,,,,,,
0,0,BAU,PROD_FERRO,T5PROD_FERROIPPU,,,2044,,,,,1.0,,,,,,,,,,,,,,,,
0,0,BAU,PROD_FERRO,T5PROD_FERROIPPU,,,2045,,,,,1.0,,,,,,,,,,,,,,,,
0,0,BAU,PROD_FERRO,T5PROD_FERROIPPU,,,2046,,,,,1.0,,,,,,,,,,,,,,,,
0,0,BAU,PROD_FERRO,T5PROD_FERROIPPU,,,2047,,,,,1.0,,,,,,,,,,,,,,,,
0,0,BAU,PROD_FERRO,T5PROD_FERROIPPU,,,2048,,,,,1.0,,,,,,,,,,,,,,,,
0,0,BAU,PROD_FERRO,T5PROD_FERROIPPU,,,2049,,,,,1.0,,,,,,,,,,,,,,,,
0,0,BAU,PROD_FERRO,T5PROD_FERROIPPU,,,2050,,,,,1.0,,,,,,,,,,,,,,,,
0,0,BAU,PROD_CINC,T5PROD_CINCIPPU,,,2018,,,,,1.0,,,,,,,,,,,,,,,,
0,0,BAU,PROD_CINC,T5PROD_CINCIPPU,,,2019,,,,,1.0,,,,,,,,,,,,,,,,
0,0,BAU,PROD_CINC,T5PROD_CINCIPPU,,,2020,,,,,1.0,,,,,,,,,,,,,,,,
0,0,BAU,PROD_CINC,T5PROD_CINCIPPU,,,2021,,,,,1.0,,,,,,,,,,,,,,,,
0,0,BAU,PROD_CINC,T5PROD_CINCIPPU,,,2022,,,,,1.0,,,,,,,,,,,,,,,,
0,0,BAU,PROD_CINC,T5PROD_CINCIPPU,,,2023,,,,,1.0,,,,,,,,,,,,,,,,
0,0,BAU,PROD_CINC,T5PROD_CINCIPPU,,,2024,,,,,1.0,,,,,,,,,,,,,,,,
0,0,BAU,PROD_CINC,T5PROD_CINCIPPU,,,2025,,,,,1.0,,,,,,,,,,,,,,,,
0,0,BAU,PROD_CINC,T5PROD_CINCIPPU,,,2026,,,,,1.0,,,,,,,,,,,,,,,,
0,0,BAU,PROD_CINC,T5PROD_CINCIPPU,,,2027,,,,,1.0,,,,,,,,,,,,,,,,
0,0,BAU,PROD_CINC,T5PROD_CINCIPPU,,,2028,,,,,1.0,,,,,,,,,,,,,,,,
0,0,BAU,PROD_CINC,T5PROD_CINCIPPU,,,2029,,,,,1.0,,,,,,,,,,,,,,,,
0,0,BAU,PROD_CINC,T5PROD_CINCIPPU,,,2030,,,,,1.0,,,,,,,,,,,,,,,,
0,0,BAU,PROD_CINC,T5PROD_CINCIPPU,,,2031,,,,,1.0,,,,,,,,,,,,,,,,
0,0,BAU,PROD_CINC,T5PROD_CINCIPPU,,,2032,,,,,1.0,,,,,,,,,,,,,,,,
0,0,BAU,PROD_CINC,T5PROD_CINCIPPU,,,2033,,,,,1.0,,,,,,,,,,,,,,,,
0,0,BAU,PROD_CINC,T5PROD_CINCIPPU,,,2034,,,,,1.0,,,,,,,,,,,,,,,,
0,0,BAU,PROD_CINC,T5PROD_CINCIPPU,,,2035,,,,,1.0,,,,,,,,,,,,,,,,
0,0,BAU,PROD_CINC,T5PROD_CINCIPPU,,,2036,,,,,1.0,,,,,,,,,,,,,,,,
0,0,BAU,PROD_CINC,T5PROD_CINCIPPU,,,2037,,,,,1.0,,,,,,,,,,,,,,,,
0,0,BAU,PROD_CINC,T5PROD_CINCIPPU,,,2038,,,,,1.0,,,,,,,,,,,,,,,,
0,0,BAU,PROD_CINC,T5PROD_CINCIPPU,,,2039,,,,,1.0,,,,,,,,,,,,,,,,
0,0,BAU,PROD_CINC,T5PROD_CINCIPPU,,,2040,,,,,1.0,,,,,,,,,,,,,,,,
0,0,BAU,PROD_CINC,T5PROD_CINCIPPU,,,2041,,,,,1.0,,,,,,,,,,,,,,,,
0,0,BAU,PROD_CINC,T5PROD_CINCIPPU,,,2042,,,,,1.0,,,,,,,,,,,,,,,,
0,0,BAU,PROD_CINC,T5PROD_CINCIPPU,,,2043,,,,,1.0,,,,,,,,,,,,,,,,
0,0,BAU,PROD_CINC,T5PROD_CINCIPPU,,,2044,,,,,1.0,,,,,,,,,,,,,,,,
0,0,BAU,PROD_CINC,T5PROD_CINCIPPU,,,2045,,,,,1.0,,,,,,,,,,,,,,,,
0,0,BAU,PROD_CINC,T5PROD_CINCIPPU,,,2046,,,,,1.0,,,,,,,,,,,,,,,,
0,0,BAU,PROD_CINC,T5PROD_CINCIPPU,,,2047,,,,,1.0,,,,,,,,,,,,,,,,
0,0,BAU,PROD_CINC,T5PROD_CINCIPPU,,,2048,,,,,1.0,,,,,,,,,,,,,,,,
0,0,BAU,PROD_CINC,T5PROD_CINCIPPU,,,2049,,,,,1.0,,,,,,,,,,,,,,,,
0,0,BAU,PROD_CINC,T5PROD_CINCIPPU,,,2050,,,,,1.0,,,,,,,,,,,,,,,,
0,0,BAU,LUBRI_OILS,T5LUBRI_OILSIPPU,,,2018,,,,,1.0,,,,,,,,,,,,,,,,
0,0,BAU,LUBRI_OILS,T5LUBRI_OILSIPPU,,,2019,,,,,1.0,,,,,,,,,,,,,,,,
0,0,BAU,LUBRI_OILS,T5LUBRI_OILSIPPU,,,2020,,,,,1.0,,,,,,,,,,,,,,,,
0,0,BAU,LUBRI_OILS,T5LUBRI_OILSIPPU,,,2021,,,,,1.0,,,,,,,,,,,,,,,,
0,0,BAU,LUBRI_OILS,T5LUBRI_OILSIPPU,,,2022,,,,,1.0,,,,,,,,,,,,,,,,
0,0,BAU,LUBRI_OILS,T5LUBRI_OILSIPPU,,,2023,,,,,1.0,,,,,,,,,,,,,,,,
0,0,BAU,LUBRI_OILS,T5LUBRI_OILSIPPU,,,2024,,,,,1.0,,,,,,,,,,,,,,,,
0,0,BAU,LUBRI_OILS,T5LUBRI_OILSIPPU,,,2025,,,,,1.0,,,,,,,,,,,,,,,,
0,0,BAU,LUBRI_OILS,T5LUBRI_OILSIPPU,,,2026,,,,,1.0,,,,,,,,,,,,,,,,
0,0,BAU,LUBRI_OILS,T5LUBRI_OILSIPPU,,,2027,,,,,1.0,,,,,,,,,,,,,,,,
0,0,BAU,LUBRI_OILS,T5LUBRI_OILSIPPU,,,2028,,,,,1.0,,,,,,,,,,,,,,,,
0,0,BAU,LUBRI_OILS,T5LUBRI_OILSIPPU,,,2029,,,,,1.0,,,,,,,,,,,,,,,,
0,0,BAU,LUBRI_OILS,T5LUBRI_OILSIPPU,,,2030,,,,,1.0,,,,,,,,,,,,,,,,
0,0,BAU,LUBRI_OILS,T5LUBRI_OILSIPPU,,,2031,,,,,1.0,,,,,,,,,,,,,,,,
0,0,BAU,LUBRI_OILS,T5LUBRI_OILSIPPU,,,2032,,,,,1.0,,,,,,,,,,,,,,,,
0,0,BAU,LUBRI_OILS,T5LUBRI_OILSIPPU,,,2033,,,,,1.0,,,,,,,,,,,,,,,,
0,0,BAU,LUBRI_OILS,T5LUBRI_OILSIPPU,,,2034,,,,,1.0,,,,,,,,,,,,,,,,
0,0,BAU,LUBRI_OILS,T5LUBRI_OILSIPPU,,,2035,,,,,1.0,,,,,,,,,,,,,,,,
0,0,BAU,LUBRI_OILS,T5LUBRI_OILSIPPU,,,2036,,,,,1.0,,,,,,,,,,,,,,,,
0,0,BAU,LUBRI_OILS,T5LUBRI_OILSIPPU,,,2037,,,,,1.0,,,,,,,,,,,,,,,,
0,0,BAU,LUBRI_OILS,T5LUBRI_OILSIPPU,,,2038,,,,,1.0,,,,,,,,,,,,,,,,
0,0,BAU,LUBRI_OILS,T5LUBRI_OILSIPPU,,,2039,,,,,1.0,,,,,,,,,,,,,,,,
0,0,BAU,LUBRI_OILS,T5LUBRI_OILSIPPU,,,2040,,,,,1.0,,,,,,,,,,,,,,,,
0,0,BAU,LUBRI_OILS,T5LUBRI_OILSIPPU,,,2041,,,,,1.0,,,,,,,,,,,,,,,,
0,0,BAU,LUBRI_OILS,T5LUBRI_OILSIPPU,,,2042,,,,,1.0,,,,,,,,,,,,,,,,
0,0,BAU,LUBRI_OILS,T5LUBRI_OILSIPPU,,,2043,,,,,1.0,,,,,,,,,,,,,,,,
0,0,BAU,LUBRI_OILS,T5LUBRI_OILSIPPU,,,2044,,,,,1.0,,,,,,,,,,,,,,,,
0,0,BAU,LUBRI_OILS,T5LUBRI_OILSIPPU,,,2045,,,,,1.0,,,,,,,,,,,,,,,,
0,0,BAU,LUBRI_OILS,T5LUBRI_OILSIPPU,,,2046,,,,,1.0,,,,,,,,,,,,,,,,
0,0,BAU,LUBRI_OILS,T5LUBRI_OILSIPPU,,,2047,,,,,1.0,,,,,,,,,,,,,,,,
0,0,BAU,LUBRI_OILS,T5LUBRI_OILSIPPU,,,2048,,,,,1.0,,,,,,,,,,,,,,,,
0,0,BAU,LUBRI_OILS,T5LUBRI_OILSIPPU,,,2049,,,,,1.0,,,,,,,,,,,,,,,,
0,0,BAU,LUBRI_OILS,T5LUBRI_OILSIPPU,,,2050,,,,,1.0,,,,,,,,,,,,,,,,
0,0,BAU,PARAFFIN,T5PARAFFINIPPU,,,2018,,,,,1.0,,,,,,,,,,,,,,,,
0,0,BAU,PARAFFIN,T5PARAFFINIPPU,,,2019,,,,,1.0,,,,,,,,,,,,,,,,
0,0,BAU,PARAFFIN,T5PARAFFINIPPU,,,2020,,,,,1.0,,,,,,,,,,,,,,,,
0,0,BAU,PARAFFIN,T5PARAFFINIPPU,,,2021,,,,,1.0,,,,,,,,,,,,,,,,
0,0,BAU,PARAFFIN,T5PARAFFINIPPU,,,2022,,,,,1.0,,,,,,,,,,,,,,,,
0,0,BAU,PARAFFIN,T5PARAFFINIPPU,,,2023,,,,,1.0,,,,,,,,,,,,,,,,
0,0,BAU,PARAFFIN,T5PARAFFINIPPU,,,2024,,,,,1.0,,,,,,,,,,,,,,,,
0,0,BAU,PARAFFIN,T5PARAFFINIPPU,,,2025,,,,,1.0,,,,,,,,,,,,,,,,
0,0,BAU,PARAFFIN,T5PARAFFINIPPU,,,2026,,,,,1.0,,,,,,,,,,,,,,,,
0,0,BAU,PARAFFIN,T5PARAFFINIPPU,,,2027,,,,,1.0,,,,,,,,,,,,,,,,
0,0,BAU,PARAFFIN,T5PARAFFINIPPU,,,2028,,,,,1.0,,,,,,,,,,,,,,,,
0,0,BAU,PARAFFIN,T5PARAFFINIPPU,,,2029,,,,,1.0,,,,,,,,,,,,,,,,
0,0,BAU,PARAFFIN,T5PARAFFINIPPU,,,2030,,,,,1.0,,,,,,,,,,,,,,,,
0,0,BAU,PARAFFIN,T5PARAFFINIPPU,,,2031,,,,,1.0,,,,,,,,,,,,,,,,
0,0,BAU,PARAFFIN,T5PARAFFINIPPU,,,2032,,,,,1.0,,,,,,,,,,,,,,,,
0,0,BAU,PARAFFIN,T5PARAFFINIPPU,,,2033,,,,,1.0,,,,,,,,,,,,,,,,
0,0,BAU,PARAFFIN,T5PARAFFINIPPU,,,2034,,,,,1.0,,,,,,,,,,,,,,,,
0,0,BAU,PARAFFIN,T5PARAFFINIPPU,,,2035,,,,,1.0,,,,,,,,,,,,,,,,
0,0,BAU,PARAFFIN,T5PARAFFINIPPU,,,2036,,,,,1.0,,,,,,,,,,,,,,,,
0,0,BAU,PARAFFIN,T5PARAFFINIPPU,,,2037,,,,,1.0,,,,,,,,,,,,,,,,
0,0,BAU,PARAFFIN,T5PARAFFINIPPU,,,2038,,,,,1.0,,,,,,,,,,,,,,,,
0,0,BAU,PARAFFIN,T5PARAFFINIPPU,,,2039,,,,,1.0,,,,,,,,,,,,,,,,
0,0,BAU,PARAFFIN,T5PARAFFINIPPU,,,2040,,,,,1.0,,,,,,,,,,,,,,,,
0,0,BAU,PARAFFIN,T5PARAFFINIPPU,,,2041,,,,,1.0,,,,,,,,,,,,,,,,
0,0,BAU,PARAFFIN,T5PARAFFINIPPU,,,2042,,,,,1.0,,,,,,,,,,,,,,,,
0,0,BAU,PARAFFIN,T5PARAFFINIPPU,,,2043,,,,,1.0,,,,,,,,,,,,,,,,
0,0,BAU,PARAFFIN,T5PARAFFINIPPU,,,2044,,,,,1.0,,,,,,,,,,,,,,,,
0,0,BAU,PARAFFIN,T5PARAFFINIPPU,,,2045,,,,,1.0,,,,,,,,,,,,,,,,
0,0,BAU,PARAFFIN,T5PARAFFINIPPU,,,2046,,,,,1.0,,,,,,,,,,,,,,,,
0,0,BAU,PARAFFIN,T5PARAFFINIPPU,,,2047,,,,,1.0,,,,,,,,,,,,,,,,
0,0,BAU,PARAFFIN,T5PARAFFINIPPU,,,2048,,,,,1.0,,,,,,,,,,,,,,,,
0,0,BAU,PARAFFIN,T5PARAFFINIPPU,,,2049,,,,,1.0,,,,,,,,,,,,,,,,
0,0,BAU,PARAFFIN,T5PARAFFINIPPU,,,2050,,,,,1.0,,,,,,,,,,,,,,,,
0,0,BAU,PU_N2O,T5PU_N2OIPPU,,,2018,,,,,1.0,,,,,,,,,,,,,,,,
0,0,BAU,PU_N2O,T5PU_N2OIPPU,,,2019,,,,,1.0,,,,,,,,,,,,,,,,
0,0,BAU,PU_N2O,T5PU_N2OIPPU,,,2020,,,,,1.0,,,,,,,,,,,,,,,,
0,0,BAU,PU_N2O,T5PU_N2OIPPU,,,2021,,,,,1.0,,,,,,,,,,,,,,,,
0,0,BAU,PU_N2O,T5PU_N2OIPPU,,,2022,,,,,1.0,,,,,,,,,,,,,,,,
0,0,BAU,PU_N2O,T5PU_N2OIPPU,,,2023,,,,,1.0,,,,,,,,,,,,,,,,
0,0,BAU,PU_N2O,T5PU_N2OIPPU,,,2024,,,,,1.0,,,,,,,,,,,,,,,,
0,0,BAU,PU_N2O,T5PU_N2OIPPU,,,2025,,,,,1.0,,,,,,,,,,,,,,,,
0,0,BAU,PU_N2O,T5PU_N2OIPPU,,,2026,,,,,1.0,,,,,,,,,,,,,,,,
0,0,BAU,PU_N2O,T5PU_N2OIPPU,,,2027,,,,,1.0,,,,,,,,,,,,,,,,
0,0,BAU,PU_N2O,T5PU_N2OIPPU,,,2028,,,,,1.0,,,,,,,,,,,,,,,,
0,0,BAU,PU_N2O,T5PU_N2OIPPU,,,2029,,,,,1.0,,,,,,,,,,,,,,,,
0,0,BAU,PU_N2O,T5PU_N2OIPPU,,,2030,,,,,1.0,,,,,,,,,,,,,,,,
0,0,BAU,PU_N2O,T5PU_N2OIPPU,,,2031,,,,,1.0,,,,,,,,,,,,,,,,
0,0,BAU,PU_N2O,T5PU_N2OIPPU,,,2032,,,,,1.0,,,,,,,,,,,,,,,,
0,0,BAU,PU_N2O,T5PU_N2OIPPU,,,2033,,,,,1.0,,,,,,,,,,,,,,,,
0,0,BAU,PU_N2O,T5PU_N2OIPPU,,,2034,,,,,1.0,,,,,,,,,,,,,,,,
0,0,BAU,PU_N2O,T5PU_N2OIPPU,,,2035,,,,,1.0,,,,,,,,,,,,,,,,
0,0,BAU,PU_N2O,T5PU_N2OIPPU,,,2036,,,,,1.0,,,,,,,,,,,,,,,,
0,0,BAU,PU_N2O,T5PU_N2OIPPU,,,2037,,,,,1.0,,,,,,,,,,,,,,,,
0,0,BAU,PU_N2O,T5PU_N2OIPPU,,,2038,,,,,1.0,,,,,,,,,,,,,,,,
0,0,BAU,PU_N2O,T5PU_N2OIPPU,,,2039,,,,,1.0,,,,,,,,,,,,,,,,
0,0,BAU,PU_N2O,T5PU_N2OIPPU,,,2040,,,,,1.0,,,,,,,,,,,,,,,,
0,0,BAU,PU_N2O,T5PU_N2OIPPU,,,2041,,,,,1.0,,,,,,,,,,,,,,,,
0,0,BAU,PU_N2O,T5PU_N2OIPPU,,,2042,,,,,1.0,,,,,,,,,,,,,,,,
0,0,BAU,PU_N2O,T5PU_N2OIPPU,,,2043,,,,,1.0,,,,,,,,,,,,,,,,
0,0,BAU,PU_N2O,T5PU_N2OIPPU,,,2044,,,,,1.0,,,,,,,,,,,,,,,,
0,0,BAU,PU_N2O,T5PU_N2OIPPU,,,2045,,,,,1.0,,,,,,,,,,,,,,,,
0,0,BAU,PU_N2O,T5PU_N2OIPPU,,,2046,,,,,1.0,,,,,,,,,,,,,,,,
0,0,BAU,PU_N2O,T5PU_N2OIPPU,,,2047,,,,,1.0,,,,,,,,,,,,,,,,
0,0,BAU,PU_N2O,T5PU_N2OIPPU,,,2048,,,,,1.0,,,,,,,,,,,,,,,,
0,0,BAU,PU_N2O,T5PU_N2OIPPU,,,2049,,,,,1.0,,,,,,,,,,,,,,,,
0,0,BAU,PU_N2O,T5PU_N2OIPPU,,,2050,,,,,1.0,,,,,,,,,,,,,,,,
0,0,BAU,REFR_AC_HFC32,T5REFR_AC_HFC32IPPU,,,2018,,,,,1.0,,,,,,,,,,,,,,,,
0,0,BAU,REFR_AC_HFC32,T5REFR_AC_HFC32IPPU,,,2019,,,,,1.0,,,,,,,,,,,,,,,,
0,0,BAU,REFR_AC_HFC32,T5REFR_AC_HFC32IPPU,,,2020,,,,,1.0,,,,,,,,,,,,,,,,
0,0,BAU,REFR_AC_HFC32,T5REFR_AC_HFC32IPPU,,,2021,,,,,1.0,,,,,,,,,,,,,,,,
0,0,BAU,REFR_AC_HFC32,T5REFR_AC_HFC32IPPU,,,2022,,,,,1.0,,,,,,,,,,,,,,,,
0,0,BAU,REFR_AC_HFC32,T5REFR_AC_HFC32IPPU,,,2023,,,,,1.0,,,,,,,,,,,,,,,,
0,0,BAU,REFR_AC_HFC32,T5REFR_AC_HFC32IPPU,,,2024,,,,,1.0,,,,,,,,,,,,,,,,
0,0,BAU,REFR_AC_HFC32,T5REFR_AC_HFC32IPPU,,,2025,,,,,1.0,,,,,,,,,,,,,,,,
0,0,BAU,REFR_AC_HFC32,T5REFR_AC_HFC32IPPU,,,2026,,,,,1.0,,,,,,,,,,,,,,,,
0,0,BAU,REFR_AC_HFC32,T5REFR_AC_HFC32IPPU,,,2027,,,,,1.0,,,,,,,,,,,,,,,,
0,0,BAU,REFR_AC_HFC32,T5REFR_AC_HFC32IPPU,,,2028,,,,,1.0,,,,,,,,,,,,,,,,
0,0,BAU,REFR_AC_HFC32,T5REFR_AC_HFC32IPPU,,,2029,,,,,1.0,,,,,,,,,,,,,,,,
0,0,BAU,REFR_AC_HFC32,T5REFR_AC_HFC32IPPU,,,2030,,,,,1.0,,,,,,,,,,,,,,,,
0,0,BAU,REFR_AC_HFC32,T5REFR_AC_HFC32IPPU,,,2031,,,,,1.0,,,,,,,,,,,,,,,,
0,0,BAU,REFR_AC_HFC32,T5REFR_AC_HFC32IPPU,,,2032,,,,,1.0,,,,,,,,,,,,,,,,
0,0,BAU,REFR_AC_HFC32,T5REFR_AC_HFC32IPPU,,,2033,,,,,1.0,,,,,,,,,,,,,,,,
0,0,BAU,REFR_AC_HFC32,T5REFR_AC_HFC32IPPU,,,2034,,,,,1.0,,,,,,,,,,,,,,,,
0,0,BAU,REFR_AC_HFC32,T5REFR_AC_HFC32IPPU,,,2035,,,,,1.0,,,,,,,,,,,,,,,,
0,0,BAU,REFR_AC_HFC32,T5REFR_AC_HFC32IPPU,,,2036,,,,,1.0,,,,,,,,,,,,,,,,
0,0,BAU,REFR_AC_HFC32,T5REFR_AC_HFC32IPPU,,,2037,,,,,1.0,,,,,,,,,,,,,,,,
0,0,BAU,REFR_AC_HFC32,T5REFR_AC_HFC32IPPU,,,2038,,,,,1.0,,,,,,,,,,,,,,,,
0,0,BAU,REFR_AC_HFC32,T5REFR_AC_HFC32IPPU,,,2039,,,,,1.0,,,,,,,,,,,,,,,,
0,0,BAU,REFR_AC_HFC32,T5REFR_AC_HFC32IPPU,,,2040,,,,,1.0,,,,,,,,,,,,,,,,
0,0,BAU,REFR_AC_HFC32,T5REFR_AC_HFC32IPPU,,,2041,,,,,1.0,,,,,,,,,,,,,,,,
0,0,BAU,REFR_AC_HFC32,T5REFR_AC_HFC32IPPU,,,2042,,,,,1.0,,,,,,,,,,,,,,,,
0,0,BAU,REFR_AC_HFC32,T5REFR_AC_HFC32IPPU,,,2043,,,,,1.0,,,,,,,,,,,,,,,,
0,0,BAU,REFR_AC_HFC32,T5REFR_AC_HFC32IPPU,,,2044,,,,,1.0,,,,,,,,,,,,,,,,
0,0,BAU,REFR_AC_HFC32,T5REFR_AC_HFC32IPPU,,,2045,,,,,1.0,,,,,,,,,,,,,,,,
0,0,BAU,REFR_AC_HFC32,T5REFR_AC_HFC32IPPU,,,2046,,,,,1.0,,,,,,,,,,,,,,,,
0,0,BAU,REFR_AC_HFC32,T5REFR_AC_HFC32IPPU,,,2047,,,,,1.0,,,,,,,,,,,,,,,,
0,0,BAU,REFR_AC_HFC32,T5REFR_AC_HFC32IPPU,,,2048,,,,,1.0,,,,,,,,,,,,,,,,
0,0,BAU,REFR_AC_HFC32,T5REFR_AC_HFC32IPPU,,,2049,,,,,1.0,,,,,,,,,,,,,,,,
0,0,BAU,REFR_AC_HFC32,T5REFR_AC_HFC32IPPU,,,2050,,,,,1.0,,,,,,,,,,,,,,,,
0,0,BAU,REFR_AC_HFC125,T5REFR_AC_HFC125IPPU,,,2018,,,,,1.0,,,,,,,,,,,,,,,,
0,0,BAU,REFR_AC_HFC125,T5REFR_AC_HFC125IPPU,,,2019,,,,,1.0,,,,,,,,,,,,,,,,
0,0,BAU,REFR_AC_HFC125,T5REFR_AC_HFC125IPPU,,,2020,,,,,1.0,,,,,,,,,,,,,,,,
0,0,BAU,REFR_AC_HFC125,T5REFR_AC_HFC125IPPU,,,2021,,,,,1.0,,,,,,,,,,,,,,,,
0,0,BAU,REFR_AC_HFC125,T5REFR_AC_HFC125IPPU,,,2022,,,,,1.0,,,,,,,,,,,,,,,,
0,0,BAU,REFR_AC_HFC125,T5REFR_AC_HFC125IPPU,,,2023,,,,,1.0,,,,,,,,,,,,,,,,
0,0,BAU,REFR_AC_HFC125,T5REFR_AC_HFC125IPPU,,,2024,,,,,1.0,,,,,,,,,,,,,,,,
0,0,BAU,REFR_AC_HFC125,T5REFR_AC_HFC125IPPU,,,2025,,,,,1.0,,,,,,,,,,,,,,,,
0,0,BAU,REFR_AC_HFC125,T5REFR_AC_HFC125IPPU,,,2026,,,,,1.0,,,,,,,,,,,,,,,,
0,0,BAU,REFR_AC_HFC125,T5REFR_AC_HFC125IPPU,,,2027,,,,,1.0,,,,,,,,,,,,,,,,
0,0,BAU,REFR_AC_HFC125,T5REFR_AC_HFC125IPPU,,,2028,,,,,1.0,,,,,,,,,,,,,,,,
0,0,BAU,REFR_AC_HFC125,T5REFR_AC_HFC125IPPU,,,2029,,,,,1.0,,,,,,,,,,,,,,,,
0,0,BAU,REFR_AC_HFC125,T5REFR_AC_HFC125IPPU,,,2030,,,,,1.0,,,,,,,,,,,,,,,,
0,0,BAU,REFR_AC_HFC125,T5REFR_AC_HFC125IPPU,,,2031,,,,,1.0,,,,,,,,,,,,,,,,
0,0,BAU,REFR_AC_HFC125,T5REFR_AC_HFC125IPPU,,,2032,,,,,1.0,,,,,,,,,,,,,,,,
0,0,BAU,REFR_AC_HFC125,T5REFR_AC_HFC125IPPU,,,2033,,,,,1.0,,,,,,,,,,,,,,,,
0,0,BAU,REFR_AC_HFC125,T5REFR_AC_HFC125IPPU,,,2034,,,,,1.0,,,,,,,,,,,,,,,,
0,0,BAU,REFR_AC_HFC125,T5REFR_AC_HFC125IPPU,,,2035,,,,,1.0,,,,,,,,,,,,,,,,
0,0,BAU,REFR_AC_HFC125,T5REFR_AC_HFC125IPPU,,,2036,,,,,1.0,,,,,,,,,,,,,,,,
0,0,BAU,REFR_AC_HFC125,T5REFR_AC_HFC125IPPU,,,2037,,,,,1.0,,,,,,,,,,,,,,,,
0,0,BAU,REFR_AC_HFC125,T5REFR_AC_HFC125IPPU,,,2038,,,,,1.0,,,,,,,,,,,,,,,,
0,0,BAU,REFR_AC_HFC125,T5REFR_AC_HFC125IPPU,,,2039,,,,,1.0,,,,,,,,,,,,,,,,
0,0,BAU,REFR_AC_HFC125,T5REFR_AC_HFC125IPPU,,,2040,,,,,1.0,,,,,,,,,,,,,,,,
0,0,BAU,REFR_AC_HFC125,T5REFR_AC_HFC125IPPU,,,2041,,,,,1.0,,,,,,,,,,,,,,,,
0,0,BAU,REFR_AC_HFC125,T5REFR_AC_HFC125IPPU,,,2042,,,,,1.0,,,,,,,,,,,,,,,,
0,0,BAU,REFR_AC_HFC125,T5REFR_AC_HFC125IPPU,,,2043,,,,,1.0,,,,,,,,,,,,,,,,
0,0,BAU,REFR_AC_HFC125,T5REFR_AC_HFC125IPPU,,,2044,,,,,1.0,,,,,,,,,,,,,,,,
0,0,BAU,REFR_AC_HFC125,T5REFR_AC_HFC125IPPU,,,2045,,,,,1.0,,,,,,,,,,,,,,,,
0,0,BAU,REFR_AC_HFC125,T5REFR_AC_HFC125IPPU,,,2046,,,,,1.0,,,,,,,,,,,,,,,,
0,0,BAU,REFR_AC_HFC125,T5REFR_AC_HFC125IPPU,,,2047,,,,,1.0,,,,,,,,,,,,,,,,
0,0,BAU,REFR_AC_HFC125,T5REFR_AC_HFC125IPPU,,,2048,,,,,1.0,,,,,,,,,,,,,,,,
0,0,BAU,REFR_AC_HFC125,T5REFR_AC_HFC125IPPU,,,2049,,,,,1.0,,,,,,,,,,,,,,,,
0,0,BAU,REFR_AC_HFC125,T5REFR_AC_HFC125IPPU,,,2050,,,,,1.0,,,,,,,,,,,,,,,,
0,0,BAU,REFR_AC_HFC134a,T5REFR_AC_HFC134aIPPU,,,2018,,,,,1.0,,,,,,,,,,,,,,,,
0,0,BAU,REFR_AC_HFC134a,T5REFR_AC_HFC134aIPPU,,,2019,,,,,1.0,,,,,,,,,,,,,,,,
0,0,BAU,REFR_AC_HFC134a,T5REFR_AC_HFC134aIPPU,,,2020,,,,,1.0,,,,,,,,,,,,,,,,
0,0,BAU,REFR_AC_HFC134a,T5REFR_AC_HFC134aIPPU,,,2021,,,,,1.0,,,,,,,,,,,,,,,,
0,0,BAU,REFR_AC_HFC134a,T5REFR_AC_HFC134aIPPU,,,2022,,,,,1.0,,,,,,,,,,,,,,,,
0,0,BAU,REFR_AC_HFC134a,T5REFR_AC_HFC134aIPPU,,,2023,,,,,1.0,,,,,,,,,,,,,,,,
0,0,BAU,REFR_AC_HFC134a,T5REFR_AC_HFC134aIPPU,,,2024,,,,,1.0,,,,,,,,,,,,,,,,
0,0,BAU,REFR_AC_HFC134a,T5REFR_AC_HFC134aIPPU,,,2025,,,,,1.0,,,,,,,,,,,,,,,,
0,0,BAU,REFR_AC_HFC134a,T5REFR_AC_HFC134aIPPU,,,2026,,,,,1.0,,,,,,,,,,,,,,,,
0,0,BAU,REFR_AC_HFC134a,T5REFR_AC_HFC134aIPPU,,,2027,,,,,1.0,,,,,,,,,,,,,,,,
0,0,BAU,REFR_AC_HFC134a,T5REFR_AC_HFC134aIPPU,,,2028,,,,,1.0,,,,,,,,,,,,,,,,
0,0,BAU,REFR_AC_HFC134a,T5REFR_AC_HFC134aIPPU,,,2029,,,,,1.0,,,,,,,,,,,,,,,,
0,0,BAU,REFR_AC_HFC134a,T5REFR_AC_HFC134aIPPU,,,2030,,,,,1.0,,,,,,,,,,,,,,,,
0,0,BAU,REFR_AC_HFC134a,T5REFR_AC_HFC134aIPPU,,,2031,,,,,1.0,,,,,,,,,,,,,,,,
0,0,BAU,REFR_AC_HFC134a,T5REFR_AC_HFC134aIPPU,,,2032,,,,,1.0,,,,,,,,,,,,,,,,
0,0,BAU,REFR_AC_HFC134a,T5REFR_AC_HFC134aIPPU,,,2033,,,,,1.0,,,,,,,,,,,,,,,,
0,0,BAU,REFR_AC_HFC134a,T5REFR_AC_HFC134aIPPU,,,2034,,,,,1.0,,,,,,,,,,,,,,,,
0,0,BAU,REFR_AC_HFC134a,T5REFR_AC_HFC134aIPPU,,,2035,,,,,1.0,,,,,,,,,,,,,,,,
0,0,BAU,REFR_AC_HFC134a,T5REFR_AC_HFC134aIPPU,,,2036,,,,,1.0,,,,,,,,,,,,,,,,
0,0,BAU,REFR_AC_HFC134a,T5REFR_AC_HFC134aIPPU,,,2037,,,,,1.0,,,,,,,,,,,,,,,,
0,0,BAU,REFR_AC_HFC134a,T5REFR_AC_HFC134aIPPU,,,2038,,,,,1.0,,,,,,,,,,,,,,,,
0,0,BAU,REFR_AC_HFC134a,T5REFR_AC_HFC134aIPPU,,,2039,,,,,1.0,,,,,,,,,,,,,,,,
0,0,BAU,REFR_AC_HFC134a,T5REFR_AC_HFC134aIPPU,,,2040,,,,,1.0,,,,,,,,,,,,,,,,
0,0,BAU,REFR_AC_HFC134a,T5REFR_AC_HFC134aIPPU,,,2041,,,,,1.0,,,,,,,,,,,,,,,,
0,0,BAU,REFR_AC_HFC134a,T5REFR_AC_HFC134aIPPU,,,2042,,,,,1.0,,,,,,,,,,,,,,,,
0,0,BAU,REFR_AC_HFC134a,T5REFR_AC_HFC134aIPPU,,,2043,,,,,1.0,,,,,,,,,,,,,,,,
0,0,BAU,REFR_AC_HFC134a,T5REFR_AC_HFC134aIPPU,,,2044,,,,,1.0,,,,,,,,,,,,,,,,
0,0,BAU,REFR_AC_HFC134a,T5REFR_AC_HFC134aIPPU,,,2045,,,,,1.0,,,,,,,,,,,,,,,,
0,0,BAU,REFR_AC_HFC134a,T5REFR_AC_HFC134aIPPU,,,2046,,,,,1.0,,,,,,,,,,,,,,,,
0,0,BAU,REFR_AC_HFC134a,T5REFR_AC_HFC134aIPPU,,,2047,,,,,1.0,,,,,,,,,,,,,,,,
0,0,BAU,REFR_AC_HFC134a,T5REFR_AC_HFC134aIPPU,,,2048,,,,,1.0,,,,,,,,,,,,,,,,
0,0,BAU,REFR_AC_HFC134a,T5REFR_AC_HFC134aIPPU,,,2049,,,,,1.0,,,,,,,,,,,,,,,,
0,0,BAU,REFR_AC_HFC134a,T5REFR_AC_HFC134aIPPU,,,2050,,,,,1.0,,,,,,,,,,,,,,,,
0,0,BAU,REFR_AC_HFC143a,T5REFR_AC_HFC143aIPPU,,,2018,,,,,1.0,,,,,,,,,,,,,,,,
0,0,BAU,REFR_AC_HFC143a,T5REFR_AC_HFC143aIPPU,,,2019,,,,,1.0,,,,,,,,,,,,,,,,
0,0,BAU,REFR_AC_HFC143a,T5REFR_AC_HFC143aIPPU,,,2020,,,,,1.0,,,,,,,,,,,,,,,,
0,0,BAU,REFR_AC_HFC143a,T5REFR_AC_HFC143aIPPU,,,2021,,,,,1.0,,,,,,,,,,,,,,,,
0,0,BAU,REFR_AC_HFC143a,T5REFR_AC_HFC143aIPPU,,,2022,,,,,1.0,,,,,,,,,,,,,,,,
0,0,BAU,REFR_AC_HFC143a,T5REFR_AC_HFC143aIPPU,,,2023,,,,,1.0,,,,,,,,,,,,,,,,
0,0,BAU,REFR_AC_HFC143a,T5REFR_AC_HFC143aIPPU,,,2024,,,,,1.0,,,,,,,,,,,,,,,,
0,0,BAU,REFR_AC_HFC143a,T5REFR_AC_HFC143aIPPU,,,2025,,,,,1.0,,,,,,,,,,,,,,,,
0,0,BAU,REFR_AC_HFC143a,T5REFR_AC_HFC143aIPPU,,,2026,,,,,1.0,,,,,,,,,,,,,,,,
0,0,BAU,REFR_AC_HFC143a,T5REFR_AC_HFC143aIPPU,,,2027,,,,,1.0,,,,,,,,,,,,,,,,
0,0,BAU,REFR_AC_HFC143a,T5REFR_AC_HFC143aIPPU,,,2028,,,,,1.0,,,,,,,,,,,,,,,,
0,0,BAU,REFR_AC_HFC143a,T5REFR_AC_HFC143aIPPU,,,2029,,,,,1.0,,,,,,,,,,,,,,,,
0,0,BAU,REFR_AC_HFC143a,T5REFR_AC_HFC143aIPPU,,,2030,,,,,1.0,,,,,,,,,,,,,,,,
0,0,BAU,REFR_AC_HFC143a,T5REFR_AC_HFC143aIPPU,,,2031,,,,,1.0,,,,,,,,,,,,,,,,
0,0,BAU,REFR_AC_HFC143a,T5REFR_AC_HFC143aIPPU,,,2032,,,,,1.0,,,,,,,,,,,,,,,,
0,0,BAU,REFR_AC_HFC143a,T5REFR_AC_HFC143aIPPU,,,2033,,,,,1.0,,,,,,,,,,,,,,,,
0,0,BAU,REFR_AC_HFC143a,T5REFR_AC_HFC143aIPPU,,,2034,,,,,1.0,,,,,,,,,,,,,,,,
0,0,BAU,REFR_AC_HFC143a,T5REFR_AC_HFC143aIPPU,,,2035,,,,,1.0,,,,,,,,,,,,,,,,
0,0,BAU,REFR_AC_HFC143a,T5REFR_AC_HFC143aIPPU,,,2036,,,,,1.0,,,,,,,,,,,,,,,,
0,0,BAU,REFR_AC_HFC143a,T5REFR_AC_HFC143aIPPU,,,2037,,,,,1.0,,,,,,,,,,,,,,,,
0,0,BAU,REFR_AC_HFC143a,T5REFR_AC_HFC143aIPPU,,,2038,,,,,1.0,,,,,,,,,,,,,,,,
0,0,BAU,REFR_AC_HFC143a,T5REFR_AC_HFC143aIPPU,,,2039,,,,,1.0,,,,,,,,,,,,,,,,
0,0,BAU,REFR_AC_HFC143a,T5REFR_AC_HFC143aIPPU,,,2040,,,,,1.0,,,,,,,,,,,,,,,,
0,0,BAU,REFR_AC_HFC143a,T5REFR_AC_HFC143aIPPU,,,2041,,,,,1.0,,,,,,,,,,,,,,,,
0,0,BAU,REFR_AC_HFC143a,T5REFR_AC_HFC143aIPPU,,,2042,,,,,1.0,,,,,,,,,,,,,,,,
0,0,BAU,REFR_AC_HFC143a,T5REFR_AC_HFC143aIPPU,,,2043,,,,,1.0,,,,,,,,,,,,,,,,
0,0,BAU,REFR_AC_HFC143a,T5REFR_AC_HFC143aIPPU,,,2044,,,,,1.0,,,,,,,,,,,,,,,,
0,0,BAU,REFR_AC_HFC143a,T5REFR_AC_HFC143aIPPU,,,2045,,,,,1.0,,,,,,,,,,,,,,,,
0,0,BAU,REFR_AC_HFC143a,T5REFR_AC_HFC143aIPPU,,,2046,,,,,1.0,,,,,,,,,,,,,,,,
0,0,BAU,REFR_AC_HFC143a,T5REFR_AC_HFC143aIPPU,,,2047,,,,,1.0,,,,,,,,,,,,,,,,
0,0,BAU,REFR_AC_HFC143a,T5REFR_AC_HFC143aIPPU,,,2048,,,,,1.0,,,,,,,,,,,,,,,,
0,0,BAU,REFR_AC_HFC143a,T5REFR_AC_HFC143aIPPU,,,2049,,,,,1.0,,,,,,,,,,,,,,,,
0,0,BAU,REFR_AC_HFC143a,T5REFR_AC_HFC143aIPPU,,,2050,,,,,1.0,,,,,,,,,,,,,,,,
0,0,BAU,RAW_MAT_CLK,RAW_MAT_CLK,,,2018,,,,,,1,,,,,,,,,,,,,,,
0,0,BAU,RAW_MAT_CLK,RAW_MAT_CLK,,,2019,,,,,,1.0,,,,,,,,,,,,,,,
0,0,BAU,RAW_MAT_CLK,RAW_MAT_CLK,,,2020,,,,,,1.0,,,,,,,,,,,,,,,
0,0,BAU,RAW_MAT_CLK,RAW_MAT_CLK,,,2021,,,,,,1.0,,,,,,,,,,,,,,,
0,0,BAU,RAW_MAT_CLK,RAW_MAT_CLK,,,2022,,,,,,1.0,,,,,,,,,,,,,,,
0,0,BAU,RAW_MAT_CLK,RAW_MAT_CLK,,,2023,,,,,,1.0,,,,,,,,,,,,,,,
0,0,BAU,RAW_MAT_CLK,RAW_MAT_CLK,,,2024,,,,,,1.0,,,,,,,,,,,,,,,
0,0,BAU,RAW_MAT_CLK,RAW_MAT_CLK,,,2025,,,,,,1.0,,,,,,,,,,,,,,,
0,0,BAU,RAW_MAT_CLK,RAW_MAT_CLK,,,2026,,,,,,1.0,,,,,,,,,,,,,,,
0,0,BAU,RAW_MAT_CLK,RAW_MAT_CLK,,,2027,,,,,,1.0,,,,,,,,,,,,,,,
0,0,BAU,RAW_MAT_CLK,RAW_MAT_CLK,,,2028,,,,,,1.0,,,,,,,,,,,,,,,
0,0,BAU,RAW_MAT_CLK,RAW_MAT_CLK,,,2029,,,,,,1.0,,,,,,,,,,,,,,,
0,0,BAU,RAW_MAT_CLK,RAW_MAT_CLK,,,2030,,,,,,1.0,,,,,,,,,,,,,,,
0,0,BAU,RAW_MAT_CLK,RAW_MAT_CLK,,,2031,,,,,,1.0,,,,,,,,,,,,,,,
0,0,BAU,RAW_MAT_CLK,RAW_MAT_CLK,,,2032,,,,,,1.0,,,,,,,,,,,,,,,
0,0,BAU,RAW_MAT_CLK,RAW_MAT_CLK,,,2033,,,,,,1.0,,,,,,,,,,,,,,,
0,0,BAU,RAW_MAT_CLK,RAW_MAT_CLK,,,2034,,,,,,1.0,,,,,,,,,,,,,,,
0,0,BAU,RAW_MAT_CLK,RAW_MAT_CLK,,,2035,,,,,,1.0,,,,,,,,,,,,,,,
0,0,BAU,RAW_MAT_CLK,RAW_MAT_CLK,,,2036,,,,,,1.0,,,,,,,,,,,,,,,
0,0,BAU,RAW_MAT_CLK,RAW_MAT_CLK,,,2037,,,,,,1.0,,,,,,,,,,,,,,,
0,0,BAU,RAW_MAT_CLK,RAW_MAT_CLK,,,2038,,,,,,1.0,,,,,,,,,,,,,,,
0,0,BAU,RAW_MAT_CLK,RAW_MAT_CLK,,,2039,,,,,,1.0,,,,,,,,,,,,,,,
0,0,BAU,RAW_MAT_CLK,RAW_MAT_CLK,,,2040,,,,,,1.0,,,,,,,,,,,,,,,
0,0,BAU,RAW_MAT_CLK,RAW_MAT_CLK,,,2041,,,,,,1.0,,,,,,,,,,,,,,,
0,0,BAU,RAW_MAT_CLK,RAW_MAT_CLK,,,2042,,,,,,1.0,,,,,,,,,,,,,,,
0,0,BAU,RAW_MAT_CLK,RAW_MAT_CLK,,,2043,,,,,,1.0,,,,,,,,,,,,,,,
0,0,BAU,RAW_MAT_CLK,RAW_MAT_CLK,,,2044,,,,,,1.0,,,,,,,,,,,,,,,
0,0,BAU,RAW_MAT_CLK,RAW_MAT_CLK,,,2045,,,,,,1.0,,,,,,,,,,,,,,,
0,0,BAU,RAW_MAT_CLK,RAW_MAT_CLK,,,2046,,,,,,1.0,,,,,,,,,,,,,,,
0,0,BAU,RAW_MAT_CLK,RAW_MAT_CLK,,,2047,,,,,,1.0,,,,,,,,,,,,,,,
0,0,BAU,RAW_MAT_CLK,RAW_MAT_CLK,,,2048,,,,,,1.0,,,,,,,,,,,,,,,
0,0,BAU,RAW_MAT_CLK,RAW_MAT_CLK,,,2049,,,,,,1.0,,,,,,,,,,,,,,,
0,0,BAU,RAW_MAT_CLK,RAW_MAT_CLK,,,2050,,,,,,1.0,,,,,,,,,,,,,,,
0,0,BAU,RAW_MAT_CEM,RAW_MAT_CEM,,,2018,,,,,,1,,,,,,,,,,,,,,,
0,0,BAU,RAW_MAT_CEM,RAW_MAT_CEM,,,2019,,,,,,1.0,,,,,,,,,,,,,,,
0,0,BAU,RAW_MAT_CEM,RAW_MAT_CEM,,,2020,,,,,,1.0,,,,,,,,,,,,,,,
0,0,BAU,RAW_MAT_CEM,RAW_MAT_CEM,,,2021,,,,,,1.0,,,,,,,,,,,,,,,
0,0,BAU,RAW_MAT_CEM,RAW_MAT_CEM,,,2022,,,,,,1.0,,,,,,,,,,,,,,,
0,0,BAU,RAW_MAT_CEM,RAW_MAT_CEM,,,2023,,,,,,1.0,,,,,,,,,,,,,,,
0,0,BAU,RAW_MAT_CEM,RAW_MAT_CEM,,,2024,,,,,,1.0,,,,,,,,,,,,,,,
0,0,BAU,RAW_MAT_CEM,RAW_MAT_CEM,,,2025,,,,,,1.0,,,,,,,,,,,,,,,
0,0,BAU,RAW_MAT_CEM,RAW_MAT_CEM,,,2026,,,,,,1.0,,,,,,,,,,,,,,,
0,0,BAU,RAW_MAT_CEM,RAW_MAT_CEM,,,2027,,,,,,1.0,,,,,,,,,,,,,,,
0,0,BAU,RAW_MAT_CEM,RAW_MAT_CEM,,,2028,,,,,,1.0,,,,,,,,,,,,,,,
0,0,BAU,RAW_MAT_CEM,RAW_MAT_CEM,,,2029,,,,,,1.0,,,,,,,,,,,,,,,
0,0,BAU,RAW_MAT_CEM,RAW_MAT_CEM,,,2030,,,,,,1.0,,,,,,,,,,,,,,,
0,0,BAU,RAW_MAT_CEM,RAW_MAT_CEM,,,2031,,,,,,1.0,,,,,,,,,,,,,,,
0,0,BAU,RAW_MAT_CEM,RAW_MAT_CEM,,,2032,,,,,,1.0,,,,,,,,,,,,,,,
0,0,BAU,RAW_MAT_CEM,RAW_MAT_CEM,,,2033,,,,,,1.0,,,,,,,,,,,,,,,
0,0,BAU,RAW_MAT_CEM,RAW_MAT_CEM,,,2034,,,,,,1.0,,,,,,,,,,,,,,,
0,0,BAU,RAW_MAT_CEM,RAW_MAT_CEM,,,2035,,,,,,1.0,,,,,,,,,,,,,,,
0,0,BAU,RAW_MAT_CEM,RAW_MAT_CEM,,,2036,,,,,,1.0,,,,,,,,,,,,,,,
0,0,BAU,RAW_MAT_CEM,RAW_MAT_CEM,,,2037,,,,,,1.0,,,,,,,,,,,,,,,
0,0,BAU,RAW_MAT_CEM,RAW_MAT_CEM,,,2038,,,,,,1.0,,,,,,,,,,,,,,,
0,0,BAU,RAW_MAT_CEM,RAW_MAT_CEM,,,2039,,,,,,1.0,,,,,,,,,,,,,,,
0,0,BAU,RAW_MAT_CEM,RAW_MAT_CEM,,,2040,,,,,,1.0,,,,,,,,,,,,,,,
0,0,BAU,RAW_MAT_CEM,RAW_MAT_CEM,,,2041,,,,,,1.0,,,,,,,,,,,,,,,
0,0,BAU,RAW_MAT_CEM,RAW_MAT_CEM,,,2042,,,,,,1.0,,,,,,,,,,,,,,,
0,0,BAU,RAW_MAT_CEM,RAW_MAT_CEM,,,2043,,,,,,1.0,,,,,,,,,,,,,,,
0,0,BAU,RAW_MAT_CEM,RAW_MAT_CEM,,,2044,,,,,,1.0,,,,,,,,,,,,,,,
0,0,BAU,RAW_MAT_CEM,RAW_MAT_CEM,,,2045,,,,,,1.0,,,,,,,,,,,,,,,
0,0,BAU,RAW_MAT_CEM,RAW_MAT_CEM,,,2046,,,,,,1.0,,,,,,,,,,,,,,,
0,0,BAU,RAW_MAT_CEM,RAW_MAT_CEM,,,2047,,,,,,1.0,,,,,,,,,,,,,,,
0,0,BAU,RAW_MAT_CEM,RAW_MAT_CEM,,,2048,,,,,,1.0,,,,,,,,,,,,,,,
0,0,BAU,RAW_MAT_CEM,RAW_MAT_CEM,,,2049,,,,,,1.0,,,,,,,,,,,,,,,
0,0,BAU,RAW_MAT_CEM,RAW_MAT_CEM,,,2050,,,,,,1.0,,,,,,,,,,,,,,,
0,0,BAU,CLK_PROD,IMP_STOR,,,2018,,,,,,1,,,,,,,,,,,,,,,
0,0,BAU,CLK_PROD,IMP_STOR,,,2019,,,,,,1.0,,,,,,,,,,,,,,,
0,0,BAU,CLK_PROD,IMP_STOR,,,2020,,,,,,1.0,,,,,,,,,,,,,,,
0,0,BAU,CLK_PROD,IMP_STOR,,,2021,,,,,,1.0,,,,,,,,,,,,,,,
0,0,BAU,CLK_PROD,IMP_STOR,,,2022,,,,,,1.0,,,,,,,,,,,,,,,
0,0,BAU,CLK_PROD,IMP_STOR,,,2023,,,,,,1.0,,,,,,,,,,,,,,,
0,0,BAU,CLK_PROD,IMP_STOR,,,2024,,,,,,1.0,,,,,,,,,,,,,,,
0,0,BAU,CLK_PROD,IMP_STOR,,,2025,,,,,,1.0,,,,,,,,,,,,,,,
0,0,BAU,CLK_PROD,IMP_STOR,,,2026,,,,,,1.0,,,,,,,,,,,,,,,
0,0,BAU,CLK_PROD,IMP_STOR,,,2027,,,,,,1.0,,,,,,,,,,,,,,,
0,0,BAU,CLK_PROD,IMP_STOR,,,2028,,,,,,1.0,,,,,,,,,,,,,,,
0,0,BAU,CLK_PROD,IMP_STOR,,,2029,,,,,,1.0,,,,,,,,,,,,,,,
0,0,BAU,CLK_PROD,IMP_STOR,,,2030,,,,,,1.0,,,,,,,,,,,,,,,
0,0,BAU,CLK_PROD,IMP_STOR,,,2031,,,,,,1.0,,,,,,,,,,,,,,,
0,0,BAU,CLK_PROD,IMP_STOR,,,2032,,,,,,1.0,,,,,,,,,,,,,,,
0,0,BAU,CLK_PROD,IMP_STOR,,,2033,,,,,,1.0,,,,,,,,,,,,,,,
0,0,BAU,CLK_PROD,IMP_STOR,,,2034,,,,,,1.0,,,,,,,,,,,,,,,
0,0,BAU,CLK_PROD,IMP_STOR,,,2035,,,,,,1.0,,,,,,,,,,,,,,,
0,0,BAU,CLK_PROD,IMP_STOR,,,2036,,,,,,1.0,,,,,,,,,,,,,,,
0,0,BAU,CLK_PROD,IMP_STOR,,,2037,,,,,,1.0,,,,,,,,,,,,,,,
0,0,BAU,CLK_PROD,IMP_STOR,,,2038,,,,,,1.0,,,,,,,,,,,,,,,
0,0,BAU,CLK_PROD,IMP_STOR,,,2039,,,,,,1.0,,,,,,,,,,,,,,,
0,0,BAU,CLK_PROD,IMP_STOR,,,2040,,,,,,1.0,,,,,,,,,,,,,,,
0,0,BAU,CLK_PROD,IMP_STOR,,,2041,,,,,,1.0,,,,,,,,,,,,,,,
0,0,BAU,CLK_PROD,IMP_STOR,,,2042,,,,,,1.0,,,,,,,,,,,,,,,
0,0,BAU,CLK_PROD,IMP_STOR,,,2043,,,,,,1.0,,,,,,,,,,,,,,,
0,0,BAU,CLK_PROD,IMP_STOR,,,2044,,,,,,1.0,,,,,,,,,,,,,,,
0,0,BAU,CLK_PROD,IMP_STOR,,,2045,,,,,,1.0,,,,,,,,,,,,,,,
0,0,BAU,CLK_PROD,IMP_STOR,,,2046,,,,,,1.0,,,,,,,,,,,,,,,
0,0,BAU,CLK_PROD,IMP_STOR,,,2047,,,,,,1.0,,,,,,,,,,,,,,,
0,0,BAU,CLK_PROD,IMP_STOR,,,2048,,,,,,1.0,,,,,,,,,,,,,,,
0,0,BAU,CLK_PROD,IMP_STOR,,,2049,,,,,,1.0,,,,,,,,,,,,,,,
0,0,BAU,CLK_PROD,IMP_STOR,,,2050,,,,,,1.0,,,,,,,,,,,,,,,
0,0,BAU,LIME_PROD,LIME_PROD,,,2018,,,,,,1,,,,,,,,,,,,,,,
0,0,BAU,LIME_PROD,LIME_PROD,,,2019,,,,,,1.0,,,,,,,,,,,,,,,
0,0,BAU,LIME_PROD,LIME_PROD,,,2020,,,,,,1.0,,,,,,,,,,,,,,,
0,0,BAU,LIME_PROD,LIME_PROD,,,2021,,,,,,1.0,,,,,,,,,,,,,,,
0,0,BAU,LIME_PROD,LIME_PROD,,,2022,,,,,,1.0,,,,,,,,,,,,,,,
0,0,BAU,LIME_PROD,LIME_PROD,,,2023,,,,,,1.0,,,,,,,,,,,,,,,
0,0,BAU,LIME_PROD,LIME_PROD,,,2024,,,,,,1.0,,,,,,,,,,,,,,,
0,0,BAU,LIME_PROD,LIME_PROD,,,2025,,,,,,1.0,,,,,,,,,,,,,,,
0,0,BAU,LIME_PROD,LIME_PROD,,,2026,,,,,,1.0,,,,,,,,,,,,,,,
0,0,BAU,LIME_PROD,LIME_PROD,,,2027,,,,,,1.0,,,,,,,,,,,,,,,
0,0,BAU,LIME_PROD,LIME_PROD,,,2028,,,,,,1.0,,,,,,,,,,,,,,,
0,0,BAU,LIME_PROD,LIME_PROD,,,2029,,,,,,1.0,,,,,,,,,,,,,,,
0,0,BAU,LIME_PROD,LIME_PROD,,,2030,,,,,,1.0,,,,,,,,,,,,,,,
0,0,BAU,LIME_PROD,LIME_PROD,,,2031,,,,,,1.0,,,,,,,,,,,,,,,
0,0,BAU,LIME_PROD,LIME_PROD,,,2032,,,,,,1.0,,,,,,,,,,,,,,,
0,0,BAU,LIME_PROD,LIME_PROD,,,2033,,,,,,1.0,,,,,,,,,,,,,,,
0,0,BAU,LIME_PROD,LIME_PROD,,,2034,,,,,,1.0,,,,,,,,,,,,,,,
0,0,BAU,LIME_PROD,LIME_PROD,,,2035,,,,,,1.0,,,,,,,,,,,,,,,
0,0,BAU,LIME_PROD,LIME_PROD,,,2036,,,,,,1.0,,,,,,,,,,,,,,,
0,0,BAU,LIME_PROD,LIME_PROD,,,2037,,,,,,1.0,,,,,,,,,,,,,,,
0,0,BAU,LIME_PROD,LIME_PROD,,,2038,,,,,,1.0,,,,,,,,,,,,,,,
0,0,BAU,LIME_PROD,LIME_PROD,,,2039,,,,,,1.0,,,,,,,,,,,,,,,
0,0,BAU,LIME_PROD,LIME_PROD,,,2040,,,,,,1.0,,,,,,,,,,,,,,,
0,0,BAU,LIME_PROD,LIME_PROD,,,2041,,,,,,1.0,,,,,,,,,,,,,,,
0,0,BAU,LIME_PROD,LIME_PROD,,,2042,,,,,,1.0,,,,,,,,,,,,,,,
0,0,BAU,LIME_PROD,LIME_PROD,,,2043,,,,,,1.0,,,,,,,,,,,,,,,
0,0,BAU,LIME_PROD,LIME_PROD,,,2044,,,,,,1.0,,,,,,,,,,,,,,,
0,0,BAU,LIME_PROD,LIME_PROD,,,2045,,,,,,1.0,,,,,,,,,,,,,,,
0,0,BAU,LIME_PROD,LIME_PROD,,,2046,,,,,,1.0,,,,,,,,,,,,,,,
0,0,BAU,LIME_PROD,LIME_PROD,,,2047,,,,,,1.0,,,,,,,,,,,,,,,
0,0,BAU,LIME_PROD,LIME_PROD,,,2048,,,,,,1.0,,,,,,,,,,,,,,,
0,0,BAU,LIME_PROD,LIME_PROD,,,2049,,,,,,1.0,,,,,,,,,,,,,,,
0,0,BAU,LIME_PROD,LIME_PROD,,,2050,,,,,,1.0,,,,,,,,,,,,,,,
0,0,BAU,CARBONATE,CARBONATE,,,2018,,,,,,1,,,,,,,,,,,,,,,
0,0,BAU,CARBONATE,CARBONATE,,,2019,,,,,,1.0,,,,,,,,,,,,,,,
0,0,BAU,CARBONATE,CARBONATE,,,2020,,,,,,1.0,,,,,,,,,,,,,,,
0,0,BAU,CARBONATE,CARBONATE,,,2021,,,,,,1.0,,,,,,,,,,,,,,,
0,0,BAU,CARBONATE,CARBONATE,,,2022,,,,,,1.0,,,,,,,,,,,,,,,
0,0,BAU,CARBONATE,CARBONATE,,,2023,,,,,,1.0,,,,,,,,,,,,,,,
0,0,BAU,CARBONATE,CARBONATE,,,2024,,,,,,1.0,,,,,,,,,,,,,,,
0,0,BAU,CARBONATE,CARBONATE,,,2025,,,,,,1.0,,,,,,,,,,,,,,,
0,0,BAU,CARBONATE,CARBONATE,,,2026,,,,,,1.0,,,,,,,,,,,,,,,
0,0,BAU,CARBONATE,CARBONATE,,,2027,,,,,,1.0,,,,,,,,,,,,,,,
0,0,BAU,CARBONATE,CARBONATE,,,2028,,,,,,1.0,,,,,,,,,,,,,,,
0,0,BAU,CARBONATE,CARBONATE,,,2029,,,,,,1.0,,,,,,,,,,,,,,,
0,0,BAU,CARBONATE,CARBONATE,,,2030,,,,,,1.0,,,,,,,,,,,,,,,
0,0,BAU,CARBONATE,CARBONATE,,,2031,,,,,,1.0,,,,,,,,,,,,,,,
0,0,BAU,CARBONATE,CARBONATE,,,2032,,,,,,1.0,,,,,,,,,,,,,,,
0,0,BAU,CARBONATE,CARBONATE,,,2033,,,,,,1.0,,,,,,,,,,,,,,,
0,0,BAU,CARBONATE,CARBONATE,,,2034,,,,,,1.0,,,,,,,,,,,,,,,
0,0,BAU,CARBONATE,CARBONATE,,,2035,,,,,,1.0,,,,,,,,,,,,,,,
0,0,BAU,CARBONATE,CARBONATE,,,2036,,,,,,1.0,,,,,,,,,,,,,,,
0,0,BAU,CARBONATE,CARBONATE,,,2037,,,,,,1.0,,,,,,,,,,,,,,,
0,0,BAU,CARBONATE,CARBONATE,,,2038,,,,,,1.0,,,,,,,,,,,,,,,
0,0,BAU,CARBONATE,CARBONATE,,,2039,,,,,,1.0,,,,,,,,,,,,,,,
0,0,BAU,CARBONATE,CARBONATE,,,2040,,,,,,1.0,,,,,,,,,,,,,,,
0,0,BAU,CARBONATE,CARBONATE,,,2041,,,,,,1.0,,,,,,,,,,,,,,,
0,0,BAU,CARBONATE,CARBONATE,,,2042,,,,,,1.0,,,,,,,,,,,,,,,
0,0,BAU,CARBONATE,CARBONATE,,,2043,,,,,,1.0,,,,,,,,,,,,,,,
0,0,BAU,CARBONATE,CARBONATE,,,2044,,,,,,1.0,,,,,,,,,,,,,,,
0,0,BAU,CARBONATE,CARBONATE,,,2045,,,,,,1.0,,,,,,,,,,,,,,,
0,0,BAU,CARBONATE,CARBONATE,,,2046,,,,,,1.0,,,,,,,,,,,,,,,
0,0,BAU,CARBONATE,CARBONATE,,,2047,,,,,,1.0,,,,,,,,,,,,,,,
0,0,BAU,CARBONATE,CARBONATE,,,2048,,,,,,1.0,,,,,,,,,,,,,,,
0,0,BAU,CARBONATE,CARBONATE,,,2049,,,,,,1.0,,,,,,,,,,,,,,,
0,0,BAU,CARBONATE,CARBONATE,,,2050,,,,,,1.0,,,,,,,,,,,,,,,
0,0,BAU,CARBIDE_PROD,CARBIDE_PROD,,,2018,,,,,,1,,,,,,,,,,,,,,,
0,0,BAU,CARBIDE_PROD,CARBIDE_PROD,,,2019,,,,,,1.0,,,,,,,,,,,,,,,
0,0,BAU,CARBIDE_PROD,CARBIDE_PROD,,,2020,,,,,,1.0,,,,,,,,,,,,,,,
0,0,BAU,CARBIDE_PROD,CARBIDE_PROD,,,2021,,,,,,1.0,,,,,,,,,,,,,,,
0,0,BAU,CARBIDE_PROD,CARBIDE_PROD,,,2022,,,,,,1.0,,,,,,,,,,,,,,,
0,0,BAU,CARBIDE_PROD,CARBIDE_PROD,,,2023,,,,,,1.0,,,,,,,,,,,,,,,
0,0,BAU,CARBIDE_PROD,CARBIDE_PROD,,,2024,,,,,,1.0,,,,,,,,,,,,,,,
0,0,BAU,CARBIDE_PROD,CARBIDE_PROD,,,2025,,,,,,1.0,,,,,,,,,,,,,,,
0,0,BAU,CARBIDE_PROD,CARBIDE_PROD,,,2026,,,,,,1.0,,,,,,,,,,,,,,,
0,0,BAU,CARBIDE_PROD,CARBIDE_PROD,,,2027,,,,,,1.0,,,,,,,,,,,,,,,
0,0,BAU,CARBIDE_PROD,CARBIDE_PROD,,,2028,,,,,,1.0,,,,,,,,,,,,,,,
0,0,BAU,CARBIDE_PROD,CARBIDE_PROD,,,2029,,,,,,1.0,,,,,,,,,,,,,,,
0,0,BAU,CARBIDE_PROD,CARBIDE_PROD,,,2030,,,,,,1.0,,,,,,,,,,,,,,,
0,0,BAU,CARBIDE_PROD,CARBIDE_PROD,,,2031,,,,,,1.0,,,,,,,,,,,,,,,
0,0,BAU,CARBIDE_PROD,CARBIDE_PROD,,,2032,,,,,,1.0,,,,,,,,,,,,,,,
0,0,BAU,CARBIDE_PROD,CARBIDE_PROD,,,2033,,,,,,1.0,,,,,,,,,,,,,,,
0,0,BAU,CARBIDE_PROD,CARBIDE_PROD,,,2034,,,,,,1.0,,,,,,,,,,,,,,,
0,0,BAU,CARBIDE_PROD,CARBIDE_PROD,,,2035,,,,,,1.0,,,,,,,,,,,,,,,
0,0,BAU,CARBIDE_PROD,CARBIDE_PROD,,,2036,,,,,,1.0,,,,,,,,,,,,,,,
0,0,BAU,CARBIDE_PROD,CARBIDE_PROD,,,2037,,,,,,1.0,,,,,,,,,,,,,,,
0,0,BAU,CARBIDE_PROD,CARBIDE_PROD,,,2038,,,,,,1.0,,,,,,,,,,,,,,,
0,0,BAU,CARBIDE_PROD,CARBIDE_PROD,,,2039,,,,,,1.0,,,,,,,,,,,,,,,
0,0,BAU,CARBIDE_PROD,CARBIDE_PROD,,,2040,,,,,,1.0,,,,,,,,,,,,,,,
0,0,BAU,CARBIDE_PROD,CARBIDE_PROD,,,2041,,,,,,1.0,,,,,,,,,,,,,,,
0,0,BAU,CARBIDE_PROD,CARBIDE_PROD,,,2042,,,,,,1.0,,,,,,,,,,,,,,,
0,0,BAU,CARBIDE_PROD,CARBIDE_PROD,,,2043,,,,,,1.0,,,,,,,,,,,,,,,
0,0,BAU,CARBIDE_PROD,CARBIDE_PROD,,,2044,,,,,,1.0,,,,,,,,,,,,,,,
0,0,BAU,CARBIDE_PROD,CARBIDE_PROD,,,2045,,,,,,1.0,,,,,,,,,,,,,,,
0,0,BAU,CARBIDE_PROD,CARBIDE_PROD,,,2046,,,,,,1.0,,,,,,,,,,,,,,,
0,0,BAU,CARBIDE_PROD,CARBIDE_PROD,,,2047,,,,,,1.0,,,,,,,,,,,,,,,
0,0,BAU,CARBIDE_PROD,CARBIDE_PROD,,,2048,,,,,,1.0,,,,,,,,,,,,,,,
0,0,BAU,CARBIDE_PROD,CARBIDE_PROD,,,2049,,,,,,1.0,,,,,,,,,,,,,,,
0,0,BAU,CARBIDE_PROD,CARBIDE_PROD,,,2050,,,,,,1.0,,,,,,,,,,,,,,,
0,0,BAU,PROD_FERRO,PROD_FERRO,,,2018,,,,,,1.0,,,,,,,,,,,,,,,
0,0,BAU,PROD_FERRO,PROD_FERRO,,,2019,,,,,,1.0,,,,,,,,,,,,,,,
0,0,BAU,PROD_FERRO,PROD_FERRO,,,2020,,,,,,1.0,,,,,,,,,,,,,,,
0,0,BAU,PROD_FERRO,PROD_FERRO,,,2021,,,,,,1.0,,,,,,,,,,,,,,,
0,0,BAU,PROD_FERRO,PROD_FERRO,,,2022,,,,,,1.0,,,,,,,,,,,,,,,
0,0,BAU,PROD_FERRO,PROD_FERRO,,,2023,,,,,,1.0,,,,,,,,,,,,,,,
0,0,BAU,PROD_FERRO,PROD_FERRO,,,2024,,,,,,1.0,,,,,,,,,,,,,,,
0,0,BAU,PROD_FERRO,PROD_FERRO,,,2025,,,,,,1.0,,,,,,,,,,,,,,,
0,0,BAU,PROD_FERRO,PROD_FERRO,,,2026,,,,,,1.0,,,,,,,,,,,,,,,
0,0,BAU,PROD_FERRO,PROD_FERRO,,,2027,,,,,,1.0,,,,,,,,,,,,,,,
0,0,BAU,PROD_FERRO,PROD_FERRO,,,2028,,,,,,1.0,,,,,,,,,,,,,,,
0,0,BAU,PROD_FERRO,PROD_FERRO,,,2029,,,,,,1.0,,,,,,,,,,,,,,,
0,0,BAU,PROD_FERRO,PROD_FERRO,,,2030,,,,,,1.0,,,,,,,,,,,,,,,
0,0,BAU,PROD_FERRO,PROD_FERRO,,,2031,,,,,,1.0,,,,,,,,,,,,,,,
0,0,BAU,PROD_FERRO,PROD_FERRO,,,2032,,,,,,1.0,,,,,,,,,,,,,,,
0,0,BAU,PROD_FERRO,PROD_FERRO,,,2033,,,,,,1.0,,,,,,,,,,,,,,,
0,0,BAU,PROD_FERRO,PROD_FERRO,,,2034,,,,,,1.0,,,,,,,,,,,,,,,
0,0,BAU,PROD_FERRO,PROD_FERRO,,,2035,,,,,,1.0,,,,,,,,,,,,,,,
0,0,BAU,PROD_FERRO,PROD_FERRO,,,2036,,,,,,1.0,,,,,,,,,,,,,,,
0,0,BAU,PROD_FERRO,PROD_FERRO,,,2037,,,,,,1.0,,,,,,,,,,,,,,,
0,0,BAU,PROD_FERRO,PROD_FERRO,,,2038,,,,,,1.0,,,,,,,,,,,,,,,
0,0,BAU,PROD_FERRO,PROD_FERRO,,,2039,,,,,,1.0,,,,,,,,,,,,,,,
0,0,BAU,PROD_FERRO,PROD_FERRO,,,2040,,,,,,1.0,,,,,,,,,,,,,,,
0,0,BAU,PROD_FERRO,PROD_FERRO,,,2041,,,,,,1.0,,,,,,,,,,,,,,,
0,0,BAU,PROD_FERRO,PROD_FERRO,,,2042,,,,,,1.0,,,,,,,,,,,,,,,
0,0,BAU,PROD_FERRO,PROD_FERRO,,,2043,,,,,,1.0,,,,,,,,,,,,,,,
0,0,BAU,PROD_FERRO,PROD_FERRO,,,2044,,,,,,1.0,,,,,,,,,,,,,,,
0,0,BAU,PROD_FERRO,PROD_FERRO,,,2045,,,,,,1.0,,,,,,,,,,,,,,,
0,0,BAU,PROD_FERRO,PROD_FERRO,,,2046,,,,,,1.0,,,,,,,,,,,,,,,
0,0,BAU,PROD_FERRO,PROD_FERRO,,,2047,,,,,,1.0,,,,,,,,,,,,,,,
0,0,BAU,PROD_FERRO,PROD_FERRO,,,2048,,,,,,1.0,,,,,,,,,,,,,,,
0,0,BAU,PROD_FERRO,PROD_FERRO,,,2049,,,,,,1.0,,,,,,,,,,,,,,,
0,0,BAU,PROD_FERRO,PROD_FERRO,,,2050,,,,,,1.0,,,,,,,,,,,,,,,
0,0,BAU,PROD_CINC,PROD_CINC,,,2018,,,,,,1,,,,,,,,,,,,,,,
0,0,BAU,PROD_CINC,PROD_CINC,,,2019,,,,,,1.0,,,,,,,,,,,,,,,
0,0,BAU,PROD_CINC,PROD_CINC,,,2020,,,,,,1.0,,,,,,,,,,,,,,,
0,0,BAU,PROD_CINC,PROD_CINC,,,2021,,,,,,1.0,,,,,,,,,,,,,,,
0,0,BAU,PROD_CINC,PROD_CINC,,,2022,,,,,,1.0,,,,,,,,,,,,,,,
0,0,BAU,PROD_CINC,PROD_CINC,,,2023,,,,,,1.0,,,,,,,,,,,,,,,
0,0,BAU,PROD_CINC,PROD_CINC,,,2024,,,,,,1.0,,,,,,,,,,,,,,,
0,0,BAU,PROD_CINC,PROD_CINC,,,2025,,,,,,1.0,,,,,,,,,,,,,,,
0,0,BAU,PROD_CINC,PROD_CINC,,,2026,,,,,,1.0,,,,,,,,,,,,,,,
0,0,BAU,PROD_CINC,PROD_CINC,,,2027,,,,,,1.0,,,,,,,,,,,,,,,
0,0,BAU,PROD_CINC,PROD_CINC,,,2028,,,,,,1.0,,,,,,,,,,,,,,,
0,0,BAU,PROD_CINC,PROD_CINC,,,2029,,,,,,1.0,,,,,,,,,,,,,,,
0,0,BAU,PROD_CINC,PROD_CINC,,,2030,,,,,,1.0,,,,,,,,,,,,,,,
0,0,BAU,PROD_CINC,PROD_CINC,,,2031,,,,,,1.0,,,,,,,,,,,,,,,
0,0,BAU,PROD_CINC,PROD_CINC,,,2032,,,,,,1.0,,,,,,,,,,,,,,,
0,0,BAU,PROD_CINC,PROD_CINC,,,2033,,,,,,1.0,,,,,,,,,,,,,,,
0,0,BAU,PROD_CINC,PROD_CINC,,,2034,,,,,,1.0,,,,,,,,,,,,,,,
0,0,BAU,PROD_CINC,PROD_CINC,,,2035,,,,,,1.0,,,,,,,,,,,,,,,
0,0,BAU,PROD_CINC,PROD_CINC,,,2036,,,,,,1.0,,,,,,,,,,,,,,,
0,0,BAU,PROD_CINC,PROD_CINC,,,2037,,,,,,1.0,,,,,,,,,,,,,,,
0,0,BAU,PROD_CINC,PROD_CINC,,,2038,,,,,,1.0,,,,,,,,,,,,,,,
0,0,BAU,PROD_CINC,PROD_CINC,,,2039,,,,,,1.0,,,,,,,,,,,,,,,
0,0,BAU,PROD_CINC,PROD_CINC,,,2040,,,,,,1.0,,,,,,,,,,,,,,,
0,0,BAU,PROD_CINC,PROD_CINC,,,2041,,,,,,1.0,,,,,,,,,,,,,,,
0,0,BAU,PROD_CINC,PROD_CINC,,,2042,,,,,,1.0,,,,,,,,,,,,,,,
0,0,BAU,PROD_CINC,PROD_CINC,,,2043,,,,,,1.0,,,,,,,,,,,,,,,
0,0,BAU,PROD_CINC,PROD_CINC,,,2044,,,,,,1.0,,,,,,,,,,,,,,,
0,0,BAU,PROD_CINC,PROD_CINC,,,2045,,,,,,1.0,,,,,,,,,,,,,,,
0,0,BAU,PROD_CINC,PROD_CINC,,,2046,,,,,,1.0,,,,,,,,,,,,,,,
0,0,BAU,PROD_CINC,PROD_CINC,,,2047,,,,,,1.0,,,,,,,,,,,,,,,
0,0,BAU,PROD_CINC,PROD_CINC,,,2048,,,,,,1.0,,,,,,,,,,,,,,,
0,0,BAU,PROD_CINC,PROD_CINC,,,2049,,,,,,1.0,,,,,,,,,,,,,,,
0,0,BAU,PROD_CINC,PROD_CINC,,,2050,,,,,,1.0,,,,,,,,,,,,,,,
0,0,BAU,LUBRI_OILS,LUBRI_OILS,,,2018,,,,,,1,,,,,,,,,,,,,,,
0,0,BAU,LUBRI_OILS,LUBRI_OILS,,,2019,,,,,,1.0,,,,,,,,,,,,,,,
0,0,BAU,LUBRI_OILS,LUBRI_OILS,,,2020,,,,,,1.0,,,,,,,,,,,,,,,
0,0,BAU,LUBRI_OILS,LUBRI_OILS,,,2021,,,,,,1.0,,,,,,,,,,,,,,,
0,0,BAU,LUBRI_OILS,LUBRI_OILS,,,2022,,,,,,1.0,,,,,,,,,,,,,,,
0,0,BAU,LUBRI_OILS,LUBRI_OILS,,,2023,,,,,,1.0,,,,,,,,,,,,,,,
0,0,BAU,LUBRI_OILS,LUBRI_OILS,,,2024,,,,,,1.0,,,,,,,,,,,,,,,
0,0,BAU,LUBRI_OILS,LUBRI_OILS,,,2025,,,,,,1.0,,,,,,,,,,,,,,,
0,0,BAU,LUBRI_OILS,LUBRI_OILS,,,2026,,,,,,1.0,,,,,,,,,,,,,,,
0,0,BAU,LUBRI_OILS,LUBRI_OILS,,,2027,,,,,,1.0,,,,,,,,,,,,,,,
0,0,BAU,LUBRI_OILS,LUBRI_OILS,,,2028,,,,,,1.0,,,,,,,,,,,,,,,
0,0,BAU,LUBRI_OILS,LUBRI_OILS,,,2029,,,,,,1.0,,,,,,,,,,,,,,,
0,0,BAU,LUBRI_OILS,LUBRI_OILS,,,2030,,,,,,1.0,,,,,,,,,,,,,,,
0,0,BAU,LUBRI_OILS,LUBRI_OILS,,,2031,,,,,,1.0,,,,,,,,,,,,,,,
0,0,BAU,LUBRI_OILS,LUBRI_OILS,,,2032,,,,,,1.0,,,,,,,,,,,,,,,
0,0,BAU,LUBRI_OILS,LUBRI_OILS,,,2033,,,,,,1.0,,,,,,,,,,,,,,,
0,0,BAU,LUBRI_OILS,LUBRI_OILS,,,2034,,,,,,1.0,,,,,,,,,,,,,,,
0,0,BAU,LUBRI_OILS,LUBRI_OILS,,,2035,,,,,,1.0,,,,,,,,,,,,,,,
0,0,BAU,LUBRI_OILS,LUBRI_OILS,,,2036,,,,,,1.0,,,,,,,,,,,,,,,
0,0,BAU,LUBRI_OILS,LUBRI_OILS,,,2037,,,,,,1.0,,,,,,,,,,,,,,,
0,0,BAU,LUBRI_OILS,LUBRI_OILS,,,2038,,,,,,1.0,,,,,,,,,,,,,,,
0,0,BAU,LUBRI_OILS,LUBRI_OILS,,,2039,,,,,,1.0,,,,,,,,,,,,,,,
0,0,BAU,LUBRI_OILS,LUBRI_OILS,,,2040,,,,,,1.0,,,,,,,,,,,,,,,
0,0,BAU,LUBRI_OILS,LUBRI_OILS,,,2041,,,,,,1.0,,,,,,,,,,,,,,,
0,0,BAU,LUBRI_OILS,LUBRI_OILS,,,2042,,,,,,1.0,,,,,,,,,,,,,,,
0,0,BAU,LUBRI_OILS,LUBRI_OILS,,,2043,,,,,,1.0,,,,,,,,,,,,,,,
0,0,BAU,LUBRI_OILS,LUBRI_OILS,,,2044,,,,,,1.0,,,,,,,,,,,,,,,
0,0,BAU,LUBRI_OILS,LUBRI_OILS,,,2045,,,,,,1.0,,,,,,,,,,,,,,,
0,0,BAU,LUBRI_OILS,LUBRI_OILS,,,2046,,,,,,1.0,,,,,,,,,,,,,,,
0,0,BAU,LUBRI_OILS,LUBRI_OILS,,,2047,,,,,,1.0,,,,,,,,,,,,,,,
0,0,BAU,LUBRI_OILS,LUBRI_OILS,,,2048,,,,,,1.0,,,,,,,,,,,,,,,
0,0,BAU,LUBRI_OILS,LUBRI_OILS,,,2049,,,,,,1.0,,,,,,,,,,,,,,,
0,0,BAU,LUBRI_OILS,LUBRI_OILS,,,2050,,,,,,1.0,,,,,,,,,,,,,,,
0,0,BAU,PARAFFIN,PARAFFIN,,,2018,,,,,,1,,,,,,,,,,,,,,,
0,0,BAU,PARAFFIN,PARAFFIN,,,2019,,,,,,1.0,,,,,,,,,,,,,,,
0,0,BAU,PARAFFIN,PARAFFIN,,,2020,,,,,,1.0,,,,,,,,,,,,,,,
0,0,BAU,PARAFFIN,PARAFFIN,,,2021,,,,,,1.0,,,,,,,,,,,,,,,
0,0,BAU,PARAFFIN,PARAFFIN,,,2022,,,,,,1.0,,,,,,,,,,,,,,,
0,0,BAU,PARAFFIN,PARAFFIN,,,2023,,,,,,1.0,,,,,,,,,,,,,,,
0,0,BAU,PARAFFIN,PARAFFIN,,,2024,,,,,,1.0,,,,,,,,,,,,,,,
0,0,BAU,PARAFFIN,PARAFFIN,,,2025,,,,,,1.0,,,,,,,,,,,,,,,
0,0,BAU,PARAFFIN,PARAFFIN,,,2026,,,,,,1.0,,,,,,,,,,,,,,,
0,0,BAU,PARAFFIN,PARAFFIN,,,2027,,,,,,1.0,,,,,,,,,,,,,,,
0,0,BAU,PARAFFIN,PARAFFIN,,,2028,,,,,,1.0,,,,,,,,,,,,,,,
0,0,BAU,PARAFFIN,PARAFFIN,,,2029,,,,,,1.0,,,,,,,,,,,,,,,
0,0,BAU,PARAFFIN,PARAFFIN,,,2030,,,,,,1.0,,,,,,,,,,,,,,,
0,0,BAU,PARAFFIN,PARAFFIN,,,2031,,,,,,1.0,,,,,,,,,,,,,,,
0,0,BAU,PARAFFIN,PARAFFIN,,,2032,,,,,,1.0,,,,,,,,,,,,,,,
0,0,BAU,PARAFFIN,PARAFFIN,,,2033,,,,,,1.0,,,,,,,,,,,,,,,
0,0,BAU,PARAFFIN,PARAFFIN,,,2034,,,,,,1.0,,,,,,,,,,,,,,,
0,0,BAU,PARAFFIN,PARAFFIN,,,2035,,,,,,1.0,,,,,,,,,,,,,,,
0,0,BAU,PARAFFIN,PARAFFIN,,,2036,,,,,,1.0,,,,,,,,,,,,,,,
0,0,BAU,PARAFFIN,PARAFFIN,,,2037,,,,,,1.0,,,,,,,,,,,,,,,
0,0,BAU,PARAFFIN,PARAFFIN,,,2038,,,,,,1.0,,,,,,,,,,,,,,,
0,0,BAU,PARAFFIN,PARAFFIN,,,2039,,,,,,1.0,,,,,,,,,,,,,,,
0,0,BAU,PARAFFIN,PARAFFIN,,,2040,,,,,,1.0,,,,,,,,,,,,,,,
0,0,BAU,PARAFFIN,PARAFFIN,,,2041,,,,,,1.0,,,,,,,,,,,,,,,
0,0,BAU,PARAFFIN,PARAFFIN,,,2042,,,,,,1.0,,,,,,,,,,,,,,,
0,0,BAU,PARAFFIN,PARAFFIN,,,2043,,,,,,1.0,,,,,,,,,,,,,,,
0,0,BAU,PARAFFIN,PARAFFIN,,,2044,,,,,,1.0,,,,,,,,,,,,,,,
0,0,BAU,PARAFFIN,PARAFFIN,,,2045,,,,,,1.0,,,,,,,,,,,,,,,
0,0,BAU,PARAFFIN,PARAFFIN,,,2046,,,,,,1.0,,,,,,,,,,,,,,,
0,0,BAU,PARAFFIN,PARAFFIN,,,2047,,,,,,1.0,,,,,,,,,,,,,,,
0,0,BAU,PARAFFIN,PARAFFIN,,,2048,,,,,,1.0,,,,,,,,,,,,,,,
0,0,BAU,PARAFFIN,PARAFFIN,,,2049,,,,,,1.0,,,,,,,,,,,,,,,
0,0,BAU,PARAFFIN,PARAFFIN,,,2050,,,,,,1.0,,,,,,,,,,,,,,,
0,0,BAU,PU_N2O,PU_N2O,,,2018,,,,,,1,,,,,,,,,,,,,,,
0,0,BAU,PU_N2O,PU_N2O,,,2019,,,,,,1.0,,,,,,,,,,,,,,,
0,0,BAU,PU_N2O,PU_N2O,,,2020,,,,,,1.0,,,,,,,,,,,,,,,
0,0,BAU,PU_N2O,PU_N2O,,,2021,,,,,,1.0,,,,,,,,,,,,,,,
0,0,BAU,PU_N2O,PU_N2O,,,2022,,,,,,1.0,,,,,,,,,,,,,,,
0,0,BAU,PU_N2O,PU_N2O,,,2023,,,,,,1.0,,,,,,,,,,,,,,,
0,0,BAU,PU_N2O,PU_N2O,,,2024,,,,,,1.0,,,,,,,,,,,,,,,
0,0,BAU,PU_N2O,PU_N2O,,,2025,,,,,,1.0,,,,,,,,,,,,,,,
0,0,BAU,PU_N2O,PU_N2O,,,2026,,,,,,1.0,,,,,,,,,,,,,,,
0,0,BAU,PU_N2O,PU_N2O,,,2027,,,,,,1.0,,,,,,,,,,,,,,,
0,0,BAU,PU_N2O,PU_N2O,,,2028,,,,,,1.0,,,,,,,,,,,,,,,
0,0,BAU,PU_N2O,PU_N2O,,,2029,,,,,,1.0,,,,,,,,,,,,,,,
0,0,BAU,PU_N2O,PU_N2O,,,2030,,,,,,1.0,,,,,,,,,,,,,,,
0,0,BAU,PU_N2O,PU_N2O,,,2031,,,,,,1.0,,,,,,,,,,,,,,,
0,0,BAU,PU_N2O,PU_N2O,,,2032,,,,,,1.0,,,,,,,,,,,,,,,
0,0,BAU,PU_N2O,PU_N2O,,,2033,,,,,,1.0,,,,,,,,,,,,,,,
0,0,BAU,PU_N2O,PU_N2O,,,2034,,,,,,1.0,,,,,,,,,,,,,,,
0,0,BAU,PU_N2O,PU_N2O,,,2035,,,,,,1.0,,,,,,,,,,,,,,,
0,0,BAU,PU_N2O,PU_N2O,,,2036,,,,,,1.0,,,,,,,,,,,,,,,
0,0,BAU,PU_N2O,PU_N2O,,,2037,,,,,,1.0,,,,,,,,,,,,,,,
0,0,BAU,PU_N2O,PU_N2O,,,2038,,,,,,1.0,,,,,,,,,,,,,,,
0,0,BAU,PU_N2O,PU_N2O,,,2039,,,,,,1.0,,,,,,,,,,,,,,,
0,0,BAU,PU_N2O,PU_N2O,,,2040,,,,,,1.0,,,,,,,,,,,,,,,
0,0,BAU,PU_N2O,PU_N2O,,,2041,,,,,,1.0,,,,,,,,,,,,,,,
0,0,BAU,PU_N2O,PU_N2O,,,2042,,,,,,1.0,,,,,,,,,,,,,,,
0,0,BAU,PU_N2O,PU_N2O,,,2043,,,,,,1.0,,,,,,,,,,,,,,,
0,0,BAU,PU_N2O,PU_N2O,,,2044,,,,,,1.0,,,,,,,,,,,,,,,
0,0,BAU,PU_N2O,PU_N2O,,,2045,,,,,,1.0,,,,,,,,,,,,,,,
0,0,BAU,PU_N2O,PU_N2O,,,2046,,,,,,1.0,,,,,,,,,,,,,,,
0,0,BAU,PU_N2O,PU_N2O,,,2047,,,,,,1.0,,,,,,,,,,,,,,,
0,0,BAU,PU_N2O,PU_N2O,,,2048,,,,,,1.0,,,,,,,,,,,,,,,
0,0,BAU,PU_N2O,PU_N2O,,,2049,,,,,,1.0,,,,,,,,,,,,,,,
0,0,BAU,PU_N2O,PU_N2O,,,2050,,,,,,1.0,,,,,,,,,,,,,,,
0,0,BAU,REFR_AC_HFC32,REFR_AC_HFC32,,,2018,,,,,,1,,,,,,,,,,,,,,,
0,0,BAU,REFR_AC_HFC32,REFR_AC_HFC32,,,2019,,,,,,1.0,,,,,,,,,,,,,,,
0,0,BAU,REFR_AC_HFC32,REFR_AC_HFC32,,,2020,,,,,,1.0,,,,,,,,,,,,,,,
0,0,BAU,REFR_AC_HFC32,REFR_AC_HFC32,,,2021,,,,,,1.0,,,,,,,,,,,,,,,
0,0,BAU,REFR_AC_HFC32,REFR_AC_HFC32,,,2022,,,,,,1.0,,,,,,,,,,,,,,,
0,0,BAU,REFR_AC_HFC32,REFR_AC_HFC32,,,2023,,,,,,1.0,,,,,,,,,,,,,,,
0,0,BAU,REFR_AC_HFC32,REFR_AC_HFC32,,,2024,,,,,,1.0,,,,,,,,,,,,,,,
0,0,BAU,REFR_AC_HFC32,REFR_AC_HFC32,,,2025,,,,,,1.0,,,,,,,,,,,,,,,
0,0,BAU,REFR_AC_HFC32,REFR_AC_HFC32,,,2026,,,,,,1.0,,,,,,,,,,,,,,,
0,0,BAU,REFR_AC_HFC32,REFR_AC_HFC32,,,2027,,,,,,1.0,,,,,,,,,,,,,,,
0,0,BAU,REFR_AC_HFC32,REFR_AC_HFC32,,,2028,,,,,,1.0,,,,,,,,,,,,,,,
0,0,BAU,REFR_AC_HFC32,REFR_AC_HFC32,,,2029,,,,,,1.0,,,,,,,,,,,,,,,
0,0,BAU,REFR_AC_HFC32,REFR_AC_HFC32,,,2030,,,,,,1.0,,,,,,,,,,,,,,,
0,0,BAU,REFR_AC_HFC32,REFR_AC_HFC32,,,2031,,,,,,1.0,,,,,,,,,,,,,,,
0,0,BAU,REFR_AC_HFC32,REFR_AC_HFC32,,,2032,,,,,,1.0,,,,,,,,,,,,,,,
0,0,BAU,REFR_AC_HFC32,REFR_AC_HFC32,,,2033,,,,,,1.0,,,,,,,,,,,,,,,
0,0,BAU,REFR_AC_HFC32,REFR_AC_HFC32,,,2034,,,,,,1.0,,,,,,,,,,,,,,,
0,0,BAU,REFR_AC_HFC32,REFR_AC_HFC32,,,2035,,,,,,1.0,,,,,,,,,,,,,,,
0,0,BAU,REFR_AC_HFC32,REFR_AC_HFC32,,,2036,,,,,,1.0,,,,,,,,,,,,,,,
0,0,BAU,REFR_AC_HFC32,REFR_AC_HFC32,,,2037,,,,,,1.0,,,,,,,,,,,,,,,
0,0,BAU,REFR_AC_HFC32,REFR_AC_HFC32,,,2038,,,,,,1.0,,,,,,,,,,,,,,,
0,0,BAU,REFR_AC_HFC32,REFR_AC_HFC32,,,2039,,,,,,1.0,,,,,,,,,,,,,,,
0,0,BAU,REFR_AC_HFC32,REFR_AC_HFC32,,,2040,,,,,,1.0,,,,,,,,,,,,,,,
0,0,BAU,REFR_AC_HFC32,REFR_AC_HFC32,,,2041,,,,,,1.0,,,,,,,,,,,,,,,
0,0,BAU,REFR_AC_HFC32,REFR_AC_HFC32,,,2042,,,,,,1.0,,,,,,,,,,,,,,,
0,0,BAU,REFR_AC_HFC32,REFR_AC_HFC32,,,2043,,,,,,1.0,,,,,,,,,,,,,,,
0,0,BAU,REFR_AC_HFC32,REFR_AC_HFC32,,,2044,,,,,,1.0,,,,,,,,,,,,,,,
0,0,BAU,REFR_AC_HFC32,REFR_AC_HFC32,,,2045,,,,,,1.0,,,,,,,,,,,,,,,
0,0,BAU,REFR_AC_HFC32,REFR_AC_HFC32,,,2046,,,,,,1.0,,,,,,,,,,,,,,,
0,0,BAU,REFR_AC_HFC32,REFR_AC_HFC32,,,2047,,,,,,1.0,,,,,,,,,,,,,,,
0,0,BAU,REFR_AC_HFC32,REFR_AC_HFC32,,,2048,,,,,,1.0,,,,,,,,,,,,,,,
0,0,BAU,REFR_AC_HFC32,REFR_AC_HFC32,,,2049,,,,,,1.0,,,,,,,,,,,,,,,
0,0,BAU,REFR_AC_HFC32,REFR_AC_HFC32,,,2050,,,,,,1.0,,,,,,,,,,,,,,,
0,0,BAU,REFR_AC_HFC125,REFR_AC_HFC125,,,2018,,,,,,1,,,,,,,,,,,,,,,
0,0,BAU,REFR_AC_HFC125,REFR_AC_HFC125,,,2019,,,,,,1.0,,,,,,,,,,,,,,,
0,0,BAU,REFR_AC_HFC125,REFR_AC_HFC125,,,2020,,,,,,1.0,,,,,,,,,,,,,,,
0,0,BAU,REFR_AC_HFC125,REFR_AC_HFC125,,,2021,,,,,,1.0,,,,,,,,,,,,,,,
0,0,BAU,REFR_AC_HFC125,REFR_AC_HFC125,,,2022,,,,,,1.0,,,,,,,,,,,,,,,
0,0,BAU,REFR_AC_HFC125,REFR_AC_HFC125,,,2023,,,,,,1.0,,,,,,,,,,,,,,,
0,0,BAU,REFR_AC_HFC125,REFR_AC_HFC125,,,2024,,,,,,1.0,,,,,,,,,,,,,,,
0,0,BAU,REFR_AC_HFC125,REFR_AC_HFC125,,,2025,,,,,,1.0,,,,,,,,,,,,,,,
0,0,BAU,REFR_AC_HFC125,REFR_AC_HFC125,,,2026,,,,,,1.0,,,,,,,,,,,,,,,
0,0,BAU,REFR_AC_HFC125,REFR_AC_HFC125,,,2027,,,,,,1.0,,,,,,,,,,,,,,,
0,0,BAU,REFR_AC_HFC125,REFR_AC_HFC125,,,2028,,,,,,1.0,,,,,,,,,,,,,,,
0,0,BAU,REFR_AC_HFC125,REFR_AC_HFC125,,,2029,,,,,,1.0,,,,,,,,,,,,,,,
0,0,BAU,REFR_AC_HFC125,REFR_AC_HFC125,,,2030,,,,,,1.0,,,,,,,,,,,,,,,
0,0,BAU,REFR_AC_HFC125,REFR_AC_HFC125,,,2031,,,,,,1.0,,,,,,,,,,,,,,,
0,0,BAU,REFR_AC_HFC125,REFR_AC_HFC125,,,2032,,,,,,1.0,,,,,,,,,,,,,,,
0,0,BAU,REFR_AC_HFC125,REFR_AC_HFC125,,,2033,,,,,,1.0,,,,,,,,,,,,,,,
0,0,BAU,REFR_AC_HFC125,REFR_AC_HFC125,,,2034,,,,,,1.0,,,,,,,,,,,,,,,
0,0,BAU,REFR_AC_HFC125,REFR_AC_HFC125,,,2035,,,,,,1.0,,,,,,,,,,,,,,,
0,0,BAU,REFR_AC_HFC125,REFR_AC_HFC125,,,2036,,,,,,1.0,,,,,,,,,,,,,,,
0,0,BAU,REFR_AC_HFC125,REFR_AC_HFC125,,,2037,,,,,,1.0,,,,,,,,,,,,,,,
0,0,BAU,REFR_AC_HFC125,REFR_AC_HFC125,,,2038,,,,,,1.0,,,,,,,,,,,,,,,
0,0,BAU,REFR_AC_HFC125,REFR_AC_HFC125,,,2039,,,,,,1.0,,,,,,,,,,,,,,,
0,0,BAU,REFR_AC_HFC125,REFR_AC_HFC125,,,2040,,,,,,1.0,,,,,,,,,,,,,,,
0,0,BAU,REFR_AC_HFC125,REFR_AC_HFC125,,,2041,,,,,,1.0,,,,,,,,,,,,,,,
0,0,BAU,REFR_AC_HFC125,REFR_AC_HFC125,,,2042,,,,,,1.0,,,,,,,,,,,,,,,
0,0,BAU,REFR_AC_HFC125,REFR_AC_HFC125,,,2043,,,,,,1.0,,,,,,,,,,,,,,,
0,0,BAU,REFR_AC_HFC125,REFR_AC_HFC125,,,2044,,,,,,1.0,,,,,,,,,,,,,,,
0,0,BAU,REFR_AC_HFC125,REFR_AC_HFC125,,,2045,,,,,,1.0,,,,,,,,,,,,,,,
0,0,BAU,REFR_AC_HFC125,REFR_AC_HFC125,,,2046,,,,,,1.0,,,,,,,,,,,,,,,
0,0,BAU,REFR_AC_HFC125,REFR_AC_HFC125,,,2047,,,,,,1.0,,,,,,,,,,,,,,,
0,0,BAU,REFR_AC_HFC125,REFR_AC_HFC125,,,2048,,,,,,1.0,,,,,,,,,,,,,,,
0,0,BAU,REFR_AC_HFC125,REFR_AC_HFC125,,,2049,,,,,,1.0,,,,,,,,,,,,,,,
0,0,BAU,REFR_AC_HFC125,REFR_AC_HFC125,,,2050,,,,,,1.0,,,,,,,,,,,,,,,
0,0,BAU,REFR_AC_HFC134a,REFR_AC_HFC134a,,,2018,,,,,,1,,,,,,,,,,,,,,,
0,0,BAU,REFR_AC_HFC134a,REFR_AC_HFC134a,,,2019,,,,,,1.0,,,,,,,,,,,,,,,
0,0,BAU,REFR_AC_HFC134a,REFR_AC_HFC134a,,,2020,,,,,,1.0,,,,,,,,,,,,,,,
0,0,BAU,REFR_AC_HFC134a,REFR_AC_HFC134a,,,2021,,,,,,1.0,,,,,,,,,,,,,,,
0,0,BAU,REFR_AC_HFC134a,REFR_AC_HFC134a,,,2022,,,,,,1.0,,,,,,,,,,,,,,,
0,0,BAU,REFR_AC_HFC134a,REFR_AC_HFC134a,,,2023,,,,,,1.0,,,,,,,,,,,,,,,
0,0,BAU,REFR_AC_HFC134a,REFR_AC_HFC134a,,,2024,,,,,,1.0,,,,,,,,,,,,,,,
0,0,BAU,REFR_AC_HFC134a,REFR_AC_HFC134a,,,2025,,,,,,1.0,,,,,,,,,,,,,,,
0,0,BAU,REFR_AC_HFC134a,REFR_AC_HFC134a,,,2026,,,,,,1.0,,,,,,,,,,,,,,,
0,0,BAU,REFR_AC_HFC134a,REFR_AC_HFC134a,,,2027,,,,,,1.0,,,,,,,,,,,,,,,
0,0,BAU,REFR_AC_HFC134a,REFR_AC_HFC134a,,,2028,,,,,,1.0,,,,,,,,,,,,,,,
0,0,BAU,REFR_AC_HFC134a,REFR_AC_HFC134a,,,2029,,,,,,1.0,,,,,,,,,,,,,,,
0,0,BAU,REFR_AC_HFC134a,REFR_AC_HFC134a,,,2030,,,,,,1.0,,,,,,,,,,,,,,,
0,0,BAU,REFR_AC_HFC134a,REFR_AC_HFC134a,,,2031,,,,,,1.0,,,,,,,,,,,,,,,
0,0,BAU,REFR_AC_HFC134a,REFR_AC_HFC134a,,,2032,,,,,,1.0,,,,,,,,,,,,,,,
0,0,BAU,REFR_AC_HFC134a,REFR_AC_HFC134a,,,2033,,,,,,1.0,,,,,,,,,,,,,,,
0,0,BAU,REFR_AC_HFC134a,REFR_AC_HFC134a,,,2034,,,,,,1.0,,,,,,,,,,,,,,,
0,0,BAU,REFR_AC_HFC134a,REFR_AC_HFC134a,,,2035,,,,,,1.0,,,,,,,,,,,,,,,
0,0,BAU,REFR_AC_HFC134a,REFR_AC_HFC134a,,,2036,,,,,,1.0,,,,,,,,,,,,,,,
0,0,BAU,REFR_AC_HFC134a,REFR_AC_HFC134a,,,2037,,,,,,1.0,,,,,,,,,,,,,,,
0,0,BAU,REFR_AC_HFC134a,REFR_AC_HFC134a,,,2038,,,,,,1.0,,,,,,,,,,,,,,,
0,0,BAU,REFR_AC_HFC134a,REFR_AC_HFC134a,,,2039,,,,,,1.0,,,,,,,,,,,,,,,
0,0,BAU,REFR_AC_HFC134a,REFR_AC_HFC134a,,,2040,,,,,,1.0,,,,,,,,,,,,,,,
0,0,BAU,REFR_AC_HFC134a,REFR_AC_HFC134a,,,2041,,,,,,1.0,,,,,,,,,,,,,,,
0,0,BAU,REFR_AC_HFC134a,REFR_AC_HFC134a,,,2042,,,,,,1.0,,,,,,,,,,,,,,,
0,0,BAU,REFR_AC_HFC134a,REFR_AC_HFC134a,,,2043,,,,,,1.0,,,,,,,,,,,,,,,
0,0,BAU,REFR_AC_HFC134a,REFR_AC_HFC134a,,,2044,,,,,,1.0,,,,,,,,,,,,,,,
0,0,BAU,REFR_AC_HFC134a,REFR_AC_HFC134a,,,2045,,,,,,1.0,,,,,,,,,,,,,,,
0,0,BAU,REFR_AC_HFC134a,REFR_AC_HFC134a,,,2046,,,,,,1.0,,,,,,,,,,,,,,,
0,0,BAU,REFR_AC_HFC134a,REFR_AC_HFC134a,,,2047,,,,,,1.0,,,,,,,,,,,,,,,
0,0,BAU,REFR_AC_HFC134a,REFR_AC_HFC134a,,,2048,,,,,,1.0,,,,,,,,,,,,,,,
0,0,BAU,REFR_AC_HFC134a,REFR_AC_HFC134a,,,2049,,,,,,1.0,,,,,,,,,,,,,,,
0,0,BAU,REFR_AC_HFC134a,REFR_AC_HFC134a,,,2050,,,,,,1.0,,,,,,,,,,,,,,,
0,0,BAU,REFR_AC_HFC143a,REFR_AC_HFC143a,,,2018,,,,,,1,,,,,,,,,,,,,,,
0,0,BAU,REFR_AC_HFC143a,REFR_AC_HFC143a,,,2019,,,,,,1.0,,,,,,,,,,,,,,,
0,0,BAU,REFR_AC_HFC143a,REFR_AC_HFC143a,,,2020,,,,,,1.0,,,,,,,,,,,,,,,
0,0,BAU,REFR_AC_HFC143a,REFR_AC_HFC143a,,,2021,,,,,,1.0,,,,,,,,,,,,,,,
0,0,BAU,REFR_AC_HFC143a,REFR_AC_HFC143a,,,2022,,,,,,1.0,,,,,,,,,,,,,,,
0,0,BAU,REFR_AC_HFC143a,REFR_AC_HFC143a,,,2023,,,,,,1.0,,,,,,,,,,,,,,,
0,0,BAU,REFR_AC_HFC143a,REFR_AC_HFC143a,,,2024,,,,,,1.0,,,,,,,,,,,,,,,
0,0,BAU,REFR_AC_HFC143a,REFR_AC_HFC143a,,,2025,,,,,,1.0,,,,,,,,,,,,,,,
0,0,BAU,REFR_AC_HFC143a,REFR_AC_HFC143a,,,2026,,,,,,1.0,,,,,,,,,,,,,,,
0,0,BAU,REFR_AC_HFC143a,REFR_AC_HFC143a,,,2027,,,,,,1.0,,,,,,,,,,,,,,,
0,0,BAU,REFR_AC_HFC143a,REFR_AC_HFC143a,,,2028,,,,,,1.0,,,,,,,,,,,,,,,
0,0,BAU,REFR_AC_HFC143a,REFR_AC_HFC143a,,,2029,,,,,,1.0,,,,,,,,,,,,,,,
0,0,BAU,REFR_AC_HFC143a,REFR_AC_HFC143a,,,2030,,,,,,1.0,,,,,,,,,,,,,,,
0,0,BAU,REFR_AC_HFC143a,REFR_AC_HFC143a,,,2031,,,,,,1.0,,,,,,,,,,,,,,,
0,0,BAU,REFR_AC_HFC143a,REFR_AC_HFC143a,,,2032,,,,,,1.0,,,,,,,,,,,,,,,
0,0,BAU,REFR_AC_HFC143a,REFR_AC_HFC143a,,,2033,,,,,,1.0,,,,,,,,,,,,,,,
0,0,BAU,REFR_AC_HFC143a,REFR_AC_HFC143a,,,2034,,,,,,1.0,,,,,,,,,,,,,,,
0,0,BAU,REFR_AC_HFC143a,REFR_AC_HFC143a,,,2035,,,,,,1.0,,,,,,,,,,,,,,,
0,0,BAU,REFR_AC_HFC143a,REFR_AC_HFC143a,,,2036,,,,,,1.0,,,,,,,,,,,,,,,
0,0,BAU,REFR_AC_HFC143a,REFR_AC_HFC143a,,,2037,,,,,,1.0,,,,,,,,,,,,,,,
0,0,BAU,REFR_AC_HFC143a,REFR_AC_HFC143a,,,2038,,,,,,1.0,,,,,,,,,,,,,,,
0,0,BAU,REFR_AC_HFC143a,REFR_AC_HFC143a,,,2039,,,,,,1.0,,,,,,,,,,,,,,,
0,0,BAU,REFR_AC_HFC143a,REFR_AC_HFC143a,,,2040,,,,,,1.0,,,,,,,,,,,,,,,
0,0,BAU,REFR_AC_HFC143a,REFR_AC_HFC143a,,,2041,,,,,,1.0,,,,,,,,,,,,,,,
0,0,BAU,REFR_AC_HFC143a,REFR_AC_HFC143a,,,2042,,,,,,1.0,,,,,,,,,,,,,,,
0,0,BAU,REFR_AC_HFC143a,REFR_AC_HFC143a,,,2043,,,,,,1.0,,,,,,,,,,,,,,,
0,0,BAU,REFR_AC_HFC143a,REFR_AC_HFC143a,,,2044,,,,,,1.0,,,,,,,,,,,,,,,
0,0,BAU,REFR_AC_HFC143a,REFR_AC_HFC143a,,,2045,,,,,,1.0,,,,,,,,,,,,,,,
0,0,BAU,REFR_AC_HFC143a,REFR_AC_HFC143a,,,2046,,,,,,1.0,,,,,,,,,,,,,,,
0,0,BAU,REFR_AC_HFC143a,REFR_AC_HFC143a,,,2047,,,,,,1.0,,,,,,,,,,,,,,,
0,0,BAU,REFR_AC_HFC143a,REFR_AC_HFC143a,,,2048,,,,,,1.0,,,,,,,,,,,,,,,
0,0,BAU,REFR_AC_HFC143a,REFR_AC_HFC143a,,,2049,,,,,,1.0,,,,,,,,,,,,,,,
0,0,BAU,REFR_AC_HFC143a,REFR_AC_HFC143a,,,2050,,,,,,1.0,,,,,,,,,,,,,,,
0,0,BAU,CLK_PROD,PROD_CLK_TRAD,,,2018,,,,,,1.0,,,,,,,,,,,,,,,
0,0,BAU,CLK_PROD,PROD_CLK_TRAD,,,2019,,,,,,1.0,,,,,,,,,,,,,,,
0,0,BAU,CLK_PROD,PROD_CLK_TRAD,,,2020,,,,,,1.0,,,,,,,,,,,,,,,
0,0,BAU,CLK_PROD,PROD_CLK_TRAD,,,2021,,,,,,1.0,,,,,,,,,,,,,,,
0,0,BAU,CLK_PROD,PROD_CLK_TRAD,,,2022,,,,,,1.0,,,,,,,,,,,,,,,
0,0,BAU,CLK_PROD,PROD_CLK_TRAD,,,2023,,,,,,1.0,,,,,,,,,,,,,,,
0,0,BAU,CLK_PROD,PROD_CLK_TRAD,,,2024,,,,,,1.0,,,,,,,,,,,,,,,
0,0,BAU,CLK_PROD,PROD_CLK_TRAD,,,2025,,,,,,1.0,,,,,,,,,,,,,,,
0,0,BAU,CLK_PROD,PROD_CLK_TRAD,,,2026,,,,,,1.0,,,,,,,,,,,,,,,
0,0,BAU,CLK_PROD,PROD_CLK_TRAD,,,2027,,,,,,1.0,,,,,,,,,,,,,,,
0,0,BAU,CLK_PROD,PROD_CLK_TRAD,,,2028,,,,,,1.0,,,,,,,,,,,,,,,
0,0,BAU,CLK_PROD,PROD_CLK_TRAD,,,2029,,,,,,1.0,,,,,,,,,,,,,,,
0,0,BAU,CLK_PROD,PROD_CLK_TRAD,,,2030,,,,,,1.0,,,,,,,,,,,,,,,
0,0,BAU,CLK_PROD,PROD_CLK_TRAD,,,2031,,,,,,1.0,,,,,,,,,,,,,,,
0,0,BAU,CLK_PROD,PROD_CLK_TRAD,,,2032,,,,,,1.0,,,,,,,,,,,,,,,
0,0,BAU,CLK_PROD,PROD_CLK_TRAD,,,2033,,,,,,1.0,,,,,,,,,,,,,,,
0,0,BAU,CLK_PROD,PROD_CLK_TRAD,,,2034,,,,,,1.0,,,,,,,,,,,,,,,
0,0,BAU,CLK_PROD,PROD_CLK_TRAD,,,2035,,,,,,1.0,,,,,,,,,,,,,,,
0,0,BAU,CLK_PROD,PROD_CLK_TRAD,,,2036,,,,,,1.0,,,,,,,,,,,,,,,
0,0,BAU,CLK_PROD,PROD_CLK_TRAD,,,2037,,,,,,1.0,,,,,,,,,,,,,,,
0,0,BAU,CLK_PROD,PROD_CLK_TRAD,,,2038,,,,,,1.0,,,,,,,,,,,,,,,
0,0,BAU,CLK_PROD,PROD_CLK_TRAD,,,2039,,,,,,1.0,,,,,,,,,,,,,,,
0,0,BAU,CLK_PROD,PROD_CLK_TRAD,,,2040,,,,,,1.0,,,,,,,,,,,,,,,
0,0,BAU,CLK_PROD,PROD_CLK_TRAD,,,2041,,,,,,1.0,,,,,,,,,,,,,,,
0,0,BAU,CLK_PROD,PROD_CLK_TRAD,,,2042,,,,,,1.0,,,,,,,,,,,,,,,
0,0,BAU,CLK_PROD,PROD_CLK_TRAD,,,2043,,,,,,1.0,,,,,,,,,,,,,,,
0,0,BAU,CLK_PROD,PROD_CLK_TRAD,,,2044,,,,,,1.0,,,,,,,,,,,,,,,
0,0,BAU,CLK_PROD,PROD_CLK_TRAD,,,2045,,,,,,1.0,,,,,,,,,,,,,,,
0,0,BAU,CLK_PROD,PROD_CLK_TRAD,,,2046,,,,,,1.0,,,,,,,,,,,,,,,
0,0,BAU,CLK_PROD,PROD_CLK_TRAD,,,2047,,,,,,1.0,,,,,,,,,,,,,,,
0,0,BAU,CLK_PROD,PROD_CLK_TRAD,,,2048,,,,,,1.0,,,,,,,,,,,,,,,
0,0,BAU,CLK_PROD,PROD_CLK_TRAD,,,2049,,,,,,1.0,,,,,,,,,,,,,,,
0,0,BAU,CLK_PROD,PROD_CLK_TRAD,,,2050,,,,,,1.0,,,,,,,,,,,,,,,
0,0,BAU,CEM_PROD,PROD_CEM,,,2018,,,,,,1.0,,,,,,,,,,,,,,,
0,0,BAU,CEM_PROD,PROD_CEM,,,2019,,,,,,1.0,,,,,,,,,,,,,,,
0,0,BAU,CEM_PROD,PROD_CEM,,,2020,,,,,,1.0,,,,,,,,,,,,,,,
0,0,BAU,CEM_PROD,PROD_CEM,,,2021,,,,,,1.0,,,,,,,,,,,,,,,
0,0,BAU,CEM_PROD,PROD_CEM,,,2022,,,,,,1.0,,,,,,,,,,,,,,,
0,0,BAU,CEM_PROD,PROD_CEM,,,2023,,,,,,1.0,,,,,,,,,,,,,,,
0,0,BAU,CEM_PROD,PROD_CEM,,,2024,,,,,,1.0,,,,,,,,,,,,,,,
0,0,BAU,CEM_PROD,PROD_CEM,,,2025,,,,,,1.0,,,,,,,,,,,,,,,
0,0,BAU,CEM_PROD,PROD_CEM,,,2026,,,,,,1.0,,,,,,,,,,,,,,,
0,0,BAU,CEM_PROD,PROD_CEM,,,2027,,,,,,1.0,,,,,,,,,,,,,,,
0,0,BAU,CEM_PROD,PROD_CEM,,,2028,,,,,,1.0,,,,,,,,,,,,,,,
0,0,BAU,CEM_PROD,PROD_CEM,,,2029,,,,,,1.0,,,,,,,,,,,,,,,
0,0,BAU,CEM_PROD,PROD_CEM,,,2030,,,,,,1.0,,,,,,,,,,,,,,,
0,0,BAU,CEM_PROD,PROD_CEM,,,2031,,,,,,1.0,,,,,,,,,,,,,,,
0,0,BAU,CEM_PROD,PROD_CEM,,,2032,,,,,,1.0,,,,,,,,,,,,,,,
0,0,BAU,CEM_PROD,PROD_CEM,,,2033,,,,,,1.0,,,,,,,,,,,,,,,
0,0,BAU,CEM_PROD,PROD_CEM,,,2034,,,,,,1.0,,,,,,,,,,,,,,,
0,0,BAU,CEM_PROD,PROD_CEM,,,2035,,,,,,1.0,,,,,,,,,,,,,,,
0,0,BAU,CEM_PROD,PROD_CEM,,,2036,,,,,,1.0,,,,,,,,,,,,,,,
0,0,BAU,CEM_PROD,PROD_CEM,,,2037,,,,,,1.0,,,,,,,,,,,,,,,
0,0,BAU,CEM_PROD,PROD_CEM,,,2038,,,,,,1.0,,,,,,,,,,,,,,,
0,0,BAU,CEM_PROD,PROD_CEM,,,2039,,,,,,1.0,,,,,,,,,,,,,,,
0,0,BAU,CEM_PROD,PROD_CEM,,,2040,,,,,,1.0,,,,,,,,,,,,,,,
0,0,BAU,CEM_PROD,PROD_CEM,,,2041,,,,,,1.0,,,,,,,,,,,,,,,
0,0,BAU,CEM_PROD,PROD_CEM,,,2042,,,,,,1.0,,,,,,,,,,,,,,,
0,0,BAU,CEM_PROD,PROD_CEM,,,2043,,,,,,1.0,,,,,,,,,,,,,,,
0,0,BAU,CEM_PROD,PROD_CEM,,,2044,,,,,,1.0,,,,,,,,,,,,,,,
0,0,BAU,CEM_PROD,PROD_CEM,,,2045,,,,,,1.0,,,,,,,,,,,,,,,
0,0,BAU,CEM_PROD,PROD_CEM,,,2046,,,,,,1.0,,,,,,,,,,,,,,,
0,0,BAU,CEM_PROD,PROD_CEM,,,2047,,,,,,1.0,,,,,,,,,,,,,,,
0,0,BAU,CEM_PROD,PROD_CEM,,,2048,,,,,,1.0,,,,,,,,,,,,,,,
0,0,BAU,CEM_PROD,PROD_CEM,,,2049,,,,,,1.0,,,,,,,,,,,,,,,
0,0,BAU,CEM_PROD,PROD_CEM,,,2050,,,,,,1.0,,,,,,,,,,,,,,,
0,0,BAU,E5INDCEM_PROD,T5CEM_PRODIND,,,2018,,,,,,1.0,,,,,,,,,,,,,,,
0,0,BAU,E5INDCEM_PROD,T5CEM_PRODIND,,,2019,,,,,,1.0,,,,,,,,,,,,,,,
0,0,BAU,E5INDCEM_PROD,T5CEM_PRODIND,,,2020,,,,,,1.0,,,,,,,,,,,,,,,
0,0,BAU,E5INDCEM_PROD,T5CEM_PRODIND,,,2021,,,,,,1.0,,,,,,,,,,,,,,,
0,0,BAU,E5INDCEM_PROD,T5CEM_PRODIND,,,2022,,,,,,1.0,,,,,,,,,,,,,,,
0,0,BAU,E5INDCEM_PROD,T5CEM_PRODIND,,,2023,,,,,,1.0,,,,,,,,,,,,,,,
0,0,BAU,E5INDCEM_PROD,T5CEM_PRODIND,,,2024,,,,,,1.0,,,,,,,,,,,,,,,
0,0,BAU,E5INDCEM_PROD,T5CEM_PRODIND,,,2025,,,,,,1.0,,,,,,,,,,,,,,,
0,0,BAU,E5INDCEM_PROD,T5CEM_PRODIND,,,2026,,,,,,1.0,,,,,,,,,,,,,,,
0,0,BAU,E5INDCEM_PROD,T5CEM_PRODIND,,,2027,,,,,,1.0,,,,,,,,,,,,,,,
0,0,BAU,E5INDCEM_PROD,T5CEM_PRODIND,,,2028,,,,,,1.0,,,,,,,,,,,,,,,
0,0,BAU,E5INDCEM_PROD,T5CEM_PRODIND,,,2029,,,,,,1.0,,,,,,,,,,,,,,,
0,0,BAU,E5INDCEM_PROD,T5CEM_PRODIND,,,2030,,,,,,1.0,,,,,,,,,,,,,,,
0,0,BAU,E5INDCEM_PROD,T5CEM_PRODIND,,,2031,,,,,,1.0,,,,,,,,,,,,,,,
0,0,BAU,E5INDCEM_PROD,T5CEM_PRODIND,,,2032,,,,,,1.0,,,,,,,,,,,,,,,
0,0,BAU,E5INDCEM_PROD,T5CEM_PRODIND,,,2033,,,,,,1.0,,,,,,,,,,,,,,,
0,0,BAU,E5INDCEM_PROD,T5CEM_PRODIND,,,2034,,,,,,1.0,,,,,,,,,,,,,,,
0,0,BAU,E5INDCEM_PROD,T5CEM_PRODIND,,,2035,,,,,,1.0,,,,,,,,,,,,,,,
0,0,BAU,E5INDCEM_PROD,T5CEM_PRODIND,,,2036,,,,,,1.0,,,,,,,,,,,,,,,
0,0,BAU,E5INDCEM_PROD,T5CEM_PRODIND,,,2037,,,,,,1.0,,,,,,,,,,,,,,,
0,0,BAU,E5INDCEM_PROD,T5CEM_PRODIND,,,2038,,,,,,1.0,,,,,,,,,,,,,,,
0,0,BAU,E5INDCEM_PROD,T5CEM_PRODIND,,,2039,,,,,,1.0,,,,,,,,,,,,,,,
0,0,BAU,E5INDCEM_PROD,T5CEM_PRODIND,,,2040,,,,,,1.0,,,,,,,,,,,,,,,
0,0,BAU,E5INDCEM_PROD,T5CEM_PRODIND,,,2041,,,,,,1.0,,,,,,,,,,,,,,,
0,0,BAU,E5INDCEM_PROD,T5CEM_PRODIND,,,2042,,,,,,1.0,,,,,,,,,,,,,,,
0,0,BAU,E5INDCEM_PROD,T5CEM_PRODIND,,,2043,,,,,,1.0,,,,,,,,,,,,,,,
0,0,BAU,E5INDCEM_PROD,T5CEM_PRODIND,,,2044,,,,,,1.0,,,,,,,,,,,,,,,
0,0,BAU,E5INDCEM_PROD,T5CEM_PRODIND,,,2045,,,,,,1.0,,,,,,,,,,,,,,,
0,0,BAU,E5INDCEM_PROD,T5CEM_PRODIND,,,2046,,,,,,1.0,,,,,,,,,,,,,,,
0,0,BAU,E5INDCEM_PROD,T5CEM_PRODIND,,,2047,,,,,,1.0,,,,,,,,,,,,,,,
0,0,BAU,E5INDCEM_PROD,T5CEM_PRODIND,,,2048,,,,,,1.0,,,,,,,,,,,,,,,
0,0,BAU,E5INDCEM_PROD,T5CEM_PRODIND,,,2049,,,,,,1.0,,,,,,,,,,,,,,,
0,0,BAU,E5INDCEM_PROD,T5CEM_PRODIND,,,2050,,,,,,1.0,,,,,,,,,,,,,,,
0,0,BAU,E5IPPUCARBONATE,T5CARBONATEIPPU,,,2018,,,,,,1.0,,,,,,,,,,,,,,,
0,0,BAU,E5IPPUCARBONATE,T5CARBONATEIPPU,,,2019,,,,,,1.0,,,,,,,,,,,,,,,
0,0,BAU,E5IPPUCARBONATE,T5CARBONATEIPPU,,,2020,,,,,,1.0,,,,,,,,,,,,,,,
0,0,BAU,E5IPPUCARBONATE,T5CARBONATEIPPU,,,2021,,,,,,1.0,,,,,,,,,,,,,,,
0,0,BAU,E5IPPUCARBONATE,T5CARBONATEIPPU,,,2022,,,,,,1.0,,,,,,,,,,,,,,,
0,0,BAU,E5IPPUCARBONATE,T5CARBONATEIPPU,,,2023,,,,,,1.0,,,,,,,,,,,,,,,
0,0,BAU,E5IPPUCARBONATE,T5CARBONATEIPPU,,,2024,,,,,,1.0,,,,,,,,,,,,,,,
0,0,BAU,E5IPPUCARBONATE,T5CARBONATEIPPU,,,2025,,,,,,1.0,,,,,,,,,,,,,,,
0,0,BAU,E5IPPUCARBONATE,T5CARBONATEIPPU,,,2026,,,,,,1.0,,,,,,,,,,,,,,,
0,0,BAU,E5IPPUCARBONATE,T5CARBONATEIPPU,,,2027,,,,,,1.0,,,,,,,,,,,,,,,
0,0,BAU,E5IPPUCARBONATE,T5CARBONATEIPPU,,,2028,,,,,,1.0,,,,,,,,,,,,,,,
0,0,BAU,E5IPPUCARBONATE,T5CARBONATEIPPU,,,2029,,,,,,1.0,,,,,,,,,,,,,,,
0,0,BAU,E5IPPUCARBONATE,T5CARBONATEIPPU,,,2030,,,,,,1.0,,,,,,,,,,,,,,,
0,0,BAU,E5IPPUCARBONATE,T5CARBONATEIPPU,,,2031,,,,,,1.0,,,,,,,,,,,,,,,
0,0,BAU,E5IPPUCARBONATE,T5CARBONATEIPPU,,,2032,,,,,,1.0,,,,,,,,,,,,,,,
0,0,BAU,E5IPPUCARBONATE,T5CARBONATEIPPU,,,2033,,,,,,1.0,,,,,,,,,,,,,,,
0,0,BAU,E5IPPUCARBONATE,T5CARBONATEIPPU,,,2034,,,,,,1.0,,,,,,,,,,,,,,,
0,0,BAU,E5IPPUCARBONATE,T5CARBONATEIPPU,,,2035,,,,,,1.0,,,,,,,,,,,,,,,
0,0,BAU,E5IPPUCARBONATE,T5CARBONATEIPPU,,,2036,,,,,,1.0,,,,,,,,,,,,,,,
0,0,BAU,E5IPPUCARBONATE,T5CARBONATEIPPU,,,2037,,,,,,1.0,,,,,,,,,,,,,,,
0,0,BAU,E5IPPUCARBONATE,T5CARBONATEIPPU,,,2038,,,,,,1.0,,,,,,,,,,,,,,,
0,0,BAU,E5IPPUCARBONATE,T5CARBONATEIPPU,,,2039,,,,,,1.0,,,,,,,,,,,,,,,
0,0,BAU,E5IPPUCARBONATE,T5CARBONATEIPPU,,,2040,,,,,,1.0,,,,,,,,,,,,,,,
0,0,BAU,E5IPPUCARBONATE,T5CARBONATEIPPU,,,2041,,,,,,1.0,,,,,,,,,,,,,,,
0,0,BAU,E5IPPUCARBONATE,T5CARBONATEIPPU,,,2042,,,,,,1.0,,,,,,,,,,,,,,,
0,0,BAU,E5IPPUCARBONATE,T5CARBONATEIPPU,,,2043,,,,,,1.0,,,,,,,,,,,,,,,
0,0,BAU,E5IPPUCARBONATE,T5CARBONATEIPPU,,,2044,,,,,,1.0,,,,,,,,,,,,,,,
0,0,BAU,E5IPPUCARBONATE,T5CARBONATEIPPU,,,2045,,,,,,1.0,,,,,,,,,,,,,,,
0,0,BAU,E5IPPUCARBONATE,T5CARBONATEIPPU,,,2046,,,,,,1.0,,,,,,,,,,,,,,,
0,0,BAU,E5IPPUCARBONATE,T5CARBONATEIPPU,,,2047,,,,,,1.0,,,,,,,,,,,,,,,
0,0,BAU,E5IPPUCARBONATE,T5CARBONATEIPPU,,,2048,,,,,,1.0,,,,,,,,,,,,,,,
0,0,BAU,E5IPPUCARBONATE,T5CARBONATEIPPU,,,2049,,,,,,1.0,,,,,,,,,,,,,,,
0,0,BAU,E5IPPUCARBONATE,T5CARBONATEIPPU,,,2050,,,,,,1.0,,,,,,,,,,,,,,,
0,0,BAU,E5IPPUCARBIDE_PROD,T5CARBIDE_PRODIPPU,,,2018,,,,,,1.0,,,,,,,,,,,,,,,
0,0,BAU,E5IPPUCARBIDE_PROD,T5CARBIDE_PRODIPPU,,,2019,,,,,,1.0,,,,,,,,,,,,,,,
0,0,BAU,E5IPPUCARBIDE_PROD,T5CARBIDE_PRODIPPU,,,2020,,,,,,1.0,,,,,,,,,,,,,,,
0,0,BAU,E5IPPUCARBIDE_PROD,T5CARBIDE_PRODIPPU,,,2021,,,,,,1.0,,,,,,,,,,,,,,,
0,0,BAU,E5IPPUCARBIDE_PROD,T5CARBIDE_PRODIPPU,,,2022,,,,,,1.0,,,,,,,,,,,,,,,
0,0,BAU,E5IPPUCARBIDE_PROD,T5CARBIDE_PRODIPPU,,,2023,,,,,,1.0,,,,,,,,,,,,,,,
0,0,BAU,E5IPPUCARBIDE_PROD,T5CARBIDE_PRODIPPU,,,2024,,,,,,1.0,,,,,,,,,,,,,,,
0,0,BAU,E5IPPUCARBIDE_PROD,T5CARBIDE_PRODIPPU,,,2025,,,,,,1.0,,,,,,,,,,,,,,,
0,0,BAU,E5IPPUCARBIDE_PROD,T5CARBIDE_PRODIPPU,,,2026,,,,,,1.0,,,,,,,,,,,,,,,
0,0,BAU,E5IPPUCARBIDE_PROD,T5CARBIDE_PRODIPPU,,,2027,,,,,,1.0,,,,,,,,,,,,,,,
0,0,BAU,E5IPPUCARBIDE_PROD,T5CARBIDE_PRODIPPU,,,2028,,,,,,1.0,,,,,,,,,,,,,,,
0,0,BAU,E5IPPUCARBIDE_PROD,T5CARBIDE_PRODIPPU,,,2029,,,,,,1.0,,,,,,,,,,,,,,,
0,0,BAU,E5IPPUCARBIDE_PROD,T5CARBIDE_PRODIPPU,,,2030,,,,,,1.0,,,,,,,,,,,,,,,
0,0,BAU,E5IPPUCARBIDE_PROD,T5CARBIDE_PRODIPPU,,,2031,,,,,,1.0,,,,,,,,,,,,,,,
0,0,BAU,E5IPPUCARBIDE_PROD,T5CARBIDE_PRODIPPU,,,2032,,,,,,1.0,,,,,,,,,,,,,,,
0,0,BAU,E5IPPUCARBIDE_PROD,T5CARBIDE_PRODIPPU,,,2033,,,,,,1.0,,,,,,,,,,,,,,,
0,0,BAU,E5IPPUCARBIDE_PROD,T5CARBIDE_PRODIPPU,,,2034,,,,,,1.0,,,,,,,,,,,,,,,
0,0,BAU,E5IPPUCARBIDE_PROD,T5CARBIDE_PRODIPPU,,,2035,,,,,,1.0,,,,,,,,,,,,,,,
0,0,BAU,E5IPPUCARBIDE_PROD,T5CARBIDE_PRODIPPU,,,2036,,,,,,1.0,,,,,,,,,,,,,,,
0,0,BAU,E5IPPUCARBIDE_PROD,T5CARBIDE_PRODIPPU,,,2037,,,,,,1.0,,,,,,,,,,,,,,,
0,0,BAU,E5IPPUCARBIDE_PROD,T5CARBIDE_PRODIPPU,,,2038,,,,,,1.0,,,,,,,,,,,,,,,
0,0,BAU,E5IPPUCARBIDE_PROD,T5CARBIDE_PRODIPPU,,,2039,,,,,,1.0,,,,,,,,,,,,,,,
0,0,BAU,E5IPPUCARBIDE_PROD,T5CARBIDE_PRODIPPU,,,2040,,,,,,1.0,,,,,,,,,,,,,,,
0,0,BAU,E5IPPUCARBIDE_PROD,T5CARBIDE_PRODIPPU,,,2041,,,,,,1.0,,,,,,,,,,,,,,,
0,0,BAU,E5IPPUCARBIDE_PROD,T5CARBIDE_PRODIPPU,,,2042,,,,,,1.0,,,,,,,,,,,,,,,
0,0,BAU,E5IPPUCARBIDE_PROD,T5CARBIDE_PRODIPPU,,,2043,,,,,,1.0,,,,,,,,,,,,,,,
0,0,BAU,E5IPPUCARBIDE_PROD,T5CARBIDE_PRODIPPU,,,2044,,,,,,1.0,,,,,,,,,,,,,,,
0,0,BAU,E5IPPUCARBIDE_PROD,T5CARBIDE_PRODIPPU,,,2045,,,,,,1.0,,,,,,,,,,,,,,,
0,0,BAU,E5IPPUCARBIDE_PROD,T5CARBIDE_PRODIPPU,,,2046,,,,,,1.0,,,,,,,,,,,,,,,
0,0,BAU,E5IPPUCARBIDE_PROD,T5CARBIDE_PRODIPPU,,,2047,,,,,,1.0,,,,,,,,,,,,,,,
0,0,BAU,E5IPPUCARBIDE_PROD,T5CARBIDE_PRODIPPU,,,2048,,,,,,1.0,,,,,,,,,,,,,,,
0,0,BAU,E5IPPUCARBIDE_PROD,T5CARBIDE_PRODIPPU,,,2049,,,,,,1.0,,,,,,,,,,,,,,,
0,0,BAU,E5IPPUCARBIDE_PROD,T5CARBIDE_PRODIPPU,,,2050,,,,,,1.0,,,,,,,,,,,,,,,
0,0,BAU,E5IPPUPROD_FERRO,T5PROD_FERROIPPU,,,2018,,,,,,1.0,,,,,,,,,,,,,,,
0,0,BAU,E5IPPUPROD_FERRO,T5PROD_FERROIPPU,,,2019,,,,,,1.0,,,,,,,,,,,,,,,
0,0,BAU,E5IPPUPROD_FERRO,T5PROD_FERROIPPU,,,2020,,,,,,1.0,,,,,,,,,,,,,,,
0,0,BAU,E5IPPUPROD_FERRO,T5PROD_FERROIPPU,,,2021,,,,,,1.0,,,,,,,,,,,,,,,
0,0,BAU,E5IPPUPROD_FERRO,T5PROD_FERROIPPU,,,2022,,,,,,1.0,,,,,,,,,,,,,,,
0,0,BAU,E5IPPUPROD_FERRO,T5PROD_FERROIPPU,,,2023,,,,,,1.0,,,,,,,,,,,,,,,
0,0,BAU,E5IPPUPROD_FERRO,T5PROD_FERROIPPU,,,2024,,,,,,1.0,,,,,,,,,,,,,,,
0,0,BAU,E5IPPUPROD_FERRO,T5PROD_FERROIPPU,,,2025,,,,,,1.0,,,,,,,,,,,,,,,
0,0,BAU,E5IPPUPROD_FERRO,T5PROD_FERROIPPU,,,2026,,,,,,1.0,,,,,,,,,,,,,,,
0,0,BAU,E5IPPUPROD_FERRO,T5PROD_FERROIPPU,,,2027,,,,,,1.0,,,,,,,,,,,,,,,
0,0,BAU,E5IPPUPROD_FERRO,T5PROD_FERROIPPU,,,2028,,,,,,1.0,,,,,,,,,,,,,,,
0,0,BAU,E5IPPUPROD_FERRO,T5PROD_FERROIPPU,,,2029,,,,,,1.0,,,,,,,,,,,,,,,
0,0,BAU,E5IPPUPROD_FERRO,T5PROD_FERROIPPU,,,2030,,,,,,1.0,,,,,,,,,,,,,,,
0,0,BAU,E5IPPUPROD_FERRO,T5PROD_FERROIPPU,,,2031,,,,,,1.0,,,,,,,,,,,,,,,
0,0,BAU,E5IPPUPROD_FERRO,T5PROD_FERROIPPU,,,2032,,,,,,1.0,,,,,,,,,,,,,,,
0,0,BAU,E5IPPUPROD_FERRO,T5PROD_FERROIPPU,,,2033,,,,,,1.0,,,,,,,,,,,,,,,
0,0,BAU,E5IPPUPROD_FERRO,T5PROD_FERROIPPU,,,2034,,,,,,1.0,,,,,,,,,,,,,,,
0,0,BAU,E5IPPUPROD_FERRO,T5PROD_FERROIPPU,,,2035,,,,,,1.0,,,,,,,,,,,,,,,
0,0,BAU,E5IPPUPROD_FERRO,T5PROD_FERROIPPU,,,2036,,,,,,1.0,,,,,,,,,,,,,,,
0,0,BAU,E5IPPUPROD_FERRO,T5PROD_FERROIPPU,,,2037,,,,,,1.0,,,,,,,,,,,,,,,
0,0,BAU,E5IPPUPROD_FERRO,T5PROD_FERROIPPU,,,2038,,,,,,1.0,,,,,,,,,,,,,,,
0,0,BAU,E5IPPUPROD_FERRO,T5PROD_FERROIPPU,,,2039,,,,,,1.0,,,,,,,,,,,,,,,
0,0,BAU,E5IPPUPROD_FERRO,T5PROD_FERROIPPU,,,2040,,,,,,1.0,,,,,,,,,,,,,,,
0,0,BAU,E5IPPUPROD_FERRO,T5PROD_FERROIPPU,,,2041,,,,,,1.0,,,,,,,,,,,,,,,
0,0,BAU,E5IPPUPROD_FERRO,T5PROD_FERROIPPU,,,2042,,,,,,1.0,,,,,,,,,,,,,,,
0,0,BAU,E5IPPUPROD_FERRO,T5PROD_FERROIPPU,,,2043,,,,,,1.0,,,,,,,,,,,,,,,
0,0,BAU,E5IPPUPROD_FERRO,T5PROD_FERROIPPU,,,2044,,,,,,1.0,,,,,,,,,,,,,,,
0,0,BAU,E5IPPUPROD_FERRO,T5PROD_FERROIPPU,,,2045,,,,,,1.0,,,,,,,,,,,,,,,
0,0,BAU,E5IPPUPROD_FERRO,T5PROD_FERROIPPU,,,2046,,,,,,1.0,,,,,,,,,,,,,,,
0,0,BAU,E5IPPUPROD_FERRO,T5PROD_FERROIPPU,,,2047,,,,,,1.0,,,,,,,,,,,,,,,
0,0,BAU,E5IPPUPROD_FERRO,T5PROD_FERROIPPU,,,2048,,,,,,1.0,,,,,,,,,,,,,,,
0,0,BAU,E5IPPUPROD_FERRO,T5PROD_FERROIPPU,,,2049,,,,,,1.0,,,,,,,,,,,,,,,
0,0,BAU,E5IPPUPROD_FERRO,T5PROD_FERROIPPU,,,2050,,,,,,1.0,,,,,,,,,,,,,,,
0,0,BAU,E5IPPUPROD_CINC,T5PROD_CINCIPPU,,,2018,,,,,,1.0,,,,,,,,,,,,,,,
0,0,BAU,E5IPPUPROD_CINC,T5PROD_CINCIPPU,,,2019,,,,,,1.0,,,,,,,,,,,,,,,
0,0,BAU,E5IPPUPROD_CINC,T5PROD_CINCIPPU,,,2020,,,,,,1.0,,,,,,,,,,,,,,,
0,0,BAU,E5IPPUPROD_CINC,T5PROD_CINCIPPU,,,2021,,,,,,1.0,,,,,,,,,,,,,,,
0,0,BAU,E5IPPUPROD_CINC,T5PROD_CINCIPPU,,,2022,,,,,,1.0,,,,,,,,,,,,,,,
0,0,BAU,E5IPPUPROD_CINC,T5PROD_CINCIPPU,,,2023,,,,,,1.0,,,,,,,,,,,,,,,
0,0,BAU,E5IPPUPROD_CINC,T5PROD_CINCIPPU,,,2024,,,,,,1.0,,,,,,,,,,,,,,,
0,0,BAU,E5IPPUPROD_CINC,T5PROD_CINCIPPU,,,2025,,,,,,1.0,,,,,,,,,,,,,,,
0,0,BAU,E5IPPUPROD_CINC,T5PROD_CINCIPPU,,,2026,,,,,,1.0,,,,,,,,,,,,,,,
0,0,BAU,E5IPPUPROD_CINC,T5PROD_CINCIPPU,,,2027,,,,,,1.0,,,,,,,,,,,,,,,
0,0,BAU,E5IPPUPROD_CINC,T5PROD_CINCIPPU,,,2028,,,,,,1.0,,,,,,,,,,,,,,,
0,0,BAU,E5IPPUPROD_CINC,T5PROD_CINCIPPU,,,2029,,,,,,1.0,,,,,,,,,,,,,,,
0,0,BAU,E5IPPUPROD_CINC,T5PROD_CINCIPPU,,,2030,,,,,,1.0,,,,,,,,,,,,,,,
0,0,BAU,E5IPPUPROD_CINC,T5PROD_CINCIPPU,,,2031,,,,,,1.0,,,,,,,,,,,,,,,
0,0,BAU,E5IPPUPROD_CINC,T5PROD_CINCIPPU,,,2032,,,,,,1.0,,,,,,,,,,,,,,,
0,0,BAU,E5IPPUPROD_CINC,T5PROD_CINCIPPU,,,2033,,,,,,1.0,,,,,,,,,,,,,,,
0,0,BAU,E5IPPUPROD_CINC,T5PROD_CINCIPPU,,,2034,,,,,,1.0,,,,,,,,,,,,,,,
0,0,BAU,E5IPPUPROD_CINC,T5PROD_CINCIPPU,,,2035,,,,,,1.0,,,,,,,,,,,,,,,
0,0,BAU,E5IPPUPROD_CINC,T5PROD_CINCIPPU,,,2036,,,,,,1.0,,,,,,,,,,,,,,,
0,0,BAU,E5IPPUPROD_CINC,T5PROD_CINCIPPU,,,2037,,,,,,1.0,,,,,,,,,,,,,,,
0,0,BAU,E5IPPUPROD_CINC,T5PROD_CINCIPPU,,,2038,,,,,,1.0,,,,,,,,,,,,,,,
0,0,BAU,E5IPPUPROD_CINC,T5PROD_CINCIPPU,,,2039,,,,,,1.0,,,,,,,,,,,,,,,
0,0,BAU,E5IPPUPROD_CINC,T5PROD_CINCIPPU,,,2040,,,,,,1.0,,,,,,,,,,,,,,,
0,0,BAU,E5IPPUPROD_CINC,T5PROD_CINCIPPU,,,2041,,,,,,1.0,,,,,,,,,,,,,,,
0,0,BAU,E5IPPUPROD_CINC,T5PROD_CINCIPPU,,,2042,,,,,,1.0,,,,,,,,,,,,,,,
0,0,BAU,E5IPPUPROD_CINC,T5PROD_CINCIPPU,,,2043,,,,,,1.0,,,,,,,,,,,,,,,
0,0,BAU,E5IPPUPROD_CINC,T5PROD_CINCIPPU,,,2044,,,,,,1.0,,,,,,,,,,,,,,,
0,0,BAU,E5IPPUPROD_CINC,T5PROD_CINCIPPU,,,2045,,,,,,1.0,,,,,,,,,,,,,,,
0,0,BAU,E5IPPUPROD_CINC,T5PROD_CINCIPPU,,,2046,,,,,,1.0,,,,,,,,,,,,,,,
0,0,BAU,E5IPPUPROD_CINC,T5PROD_CINCIPPU,,,2047,,,,,,1.0,,,,,,,,,,,,,,,
0,0,BAU,E5IPPUPROD_CINC,T5PROD_CINCIPPU,,,2048,,,,,,1.0,,,,,,,,,,,,,,,
0,0,BAU,E5IPPUPROD_CINC,T5PROD_CINCIPPU,,,2049,,,,,,1.0,,,,,,,,,,,,,,,
0,0,BAU,E5IPPUPROD_CINC,T5PROD_CINCIPPU,,,2050,,,,,,1.0,,,,,,,,,,,,,,,
0,0,BAU,E5IPPULUBRI_OILS,T5LUBRI_OILSIPPU,,,2018,,,,,,1.0,,,,,,,,,,,,,,,
0,0,BAU,E5IPPULUBRI_OILS,T5LUBRI_OILSIPPU,,,2019,,,,,,1.0,,,,,,,,,,,,,,,
0,0,BAU,E5IPPULUBRI_OILS,T5LUBRI_OILSIPPU,,,2020,,,,,,1.0,,,,,,,,,,,,,,,
0,0,BAU,E5IPPULUBRI_OILS,T5LUBRI_OILSIPPU,,,2021,,,,,,1.0,,,,,,,,,,,,,,,
0,0,BAU,E5IPPULUBRI_OILS,T5LUBRI_OILSIPPU,,,2022,,,,,,1.0,,,,,,,,,,,,,,,
0,0,BAU,E5IPPULUBRI_OILS,T5LUBRI_OILSIPPU,,,2023,,,,,,1.0,,,,,,,,,,,,,,,
0,0,BAU,E5IPPULUBRI_OILS,T5LUBRI_OILSIPPU,,,2024,,,,,,1.0,,,,,,,,,,,,,,,
0,0,BAU,E5IPPULUBRI_OILS,T5LUBRI_OILSIPPU,,,2025,,,,,,1.0,,,,,,,,,,,,,,,
0,0,BAU,E5IPPULUBRI_OILS,T5LUBRI_OILSIPPU,,,2026,,,,,,1.0,,,,,,,,,,,,,,,
0,0,BAU,E5IPPULUBRI_OILS,T5LUBRI_OILSIPPU,,,2027,,,,,,1.0,,,,,,,,,,,,,,,
0,0,BAU,E5IPPULUBRI_OILS,T5LUBRI_OILSIPPU,,,2028,,,,,,1.0,,,,,,,,,,,,,,,
0,0,BAU,E5IPPULUBRI_OILS,T5LUBRI_OILSIPPU,,,2029,,,,,,1.0,,,,,,,,,,,,,,,
0,0,BAU,E5IPPULUBRI_OILS,T5LUBRI_OILSIPPU,,,2030,,,,,,1.0,,,,,,,,,,,,,,,
0,0,BAU,E5IPPULUBRI_OILS,T5LUBRI_OILSIPPU,,,2031,,,,,,1.0,,,,,,,,,,,,,,,
0,0,BAU,E5IPPULUBRI_OILS,T5LUBRI_OILSIPPU,,,2032,,,,,,1.0,,,,,,,,,,,,,,,
0,0,BAU,E5IPPULUBRI_OILS,T5LUBRI_OILSIPPU,,,2033,,,,,,1.0,,,,,,,,,,,,,,,
0,0,BAU,E5IPPULUBRI_OILS,T5LUBRI_OILSIPPU,,,2034,,,,,,1.0,,,,,,,,,,,,,,,
0,0,BAU,E5IPPULUBRI_OILS,T5LUBRI_OILSIPPU,,,2035,,,,,,1.0,,,,,,,,,,,,,,,
0,0,BAU,E5IPPULUBRI_OILS,T5LUBRI_OILSIPPU,,,2036,,,,,,1.0,,,,,,,,,,,,,,,
0,0,BAU,E5IPPULUBRI_OILS,T5LUBRI_OILSIPPU,,,2037,,,,,,1.0,,,,,,,,,,,,,,,
0,0,BAU,E5IPPULUBRI_OILS,T5LUBRI_OILSIPPU,,,2038,,,,,,1.0,,,,,,,,,,,,,,,
0,0,BAU,E5IPPULUBRI_OILS,T5LUBRI_OILSIPPU,,,2039,,,,,,1.0,,,,,,,,,,,,,,,
0,0,BAU,E5IPPULUBRI_OILS,T5LUBRI_OILSIPPU,,,2040,,,,,,1.0,,,,,,,,,,,,,,,
0,0,BAU,E5IPPULUBRI_OILS,T5LUBRI_OILSIPPU,,,2041,,,,,,1.0,,,,,,,,,,,,,,,
0,0,BAU,E5IPPULUBRI_OILS,T5LUBRI_OILSIPPU,,,2042,,,,,,1.0,,,,,,,,,,,,,,,
0,0,BAU,E5IPPULUBRI_OILS,T5LUBRI_OILSIPPU,,,2043,,,,,,1.0,,,,,,,,,,,,,,,
0,0,BAU,E5IPPULUBRI_OILS,T5LUBRI_OILSIPPU,,,2044,,,,,,1.0,,,,,,,,,,,,,,,
0,0,BAU,E5IPPULUBRI_OILS,T5LUBRI_OILSIPPU,,,2045,,,,,,1.0,,,,,,,,,,,,,,,
0,0,BAU,E5IPPULUBRI_OILS,T5LUBRI_OILSIPPU,,,2046,,,,,,1.0,,,,,,,,,,,,,,,
0,0,BAU,E5IPPULUBRI_OILS,T5LUBRI_OILSIPPU,,,2047,,,,,,1.0,,,,,,,,,,,,,,,
0,0,BAU,E5IPPULUBRI_OILS,T5LUBRI_OILSIPPU,,,2048,,,,,,1.0,,,,,,,,,,,,,,,
0,0,BAU,E5IPPULUBRI_OILS,T5LUBRI_OILSIPPU,,,2049,,,,,,1.0,,,,,,,,,,,,,,,
0,0,BAU,E5IPPULUBRI_OILS,T5LUBRI_OILSIPPU,,,2050,,,,,,1.0,,,,,,,,,,,,,,,
0,0,BAU,E5IPPUPARAFFIN,T5PARAFFINIPPU,,,2018,,,,,,1.0,,,,,,,,,,,,,,,
0,0,BAU,E5IPPUPARAFFIN,T5PARAFFINIPPU,,,2019,,,,,,1.0,,,,,,,,,,,,,,,
0,0,BAU,E5IPPUPARAFFIN,T5PARAFFINIPPU,,,2020,,,,,,1.0,,,,,,,,,,,,,,,
0,0,BAU,E5IPPUPARAFFIN,T5PARAFFINIPPU,,,2021,,,,,,1.0,,,,,,,,,,,,,,,
0,0,BAU,E5IPPUPARAFFIN,T5PARAFFINIPPU,,,2022,,,,,,1.0,,,,,,,,,,,,,,,
0,0,BAU,E5IPPUPARAFFIN,T5PARAFFINIPPU,,,2023,,,,,,1.0,,,,,,,,,,,,,,,
0,0,BAU,E5IPPUPARAFFIN,T5PARAFFINIPPU,,,2024,,,,,,1.0,,,,,,,,,,,,,,,
0,0,BAU,E5IPPUPARAFFIN,T5PARAFFINIPPU,,,2025,,,,,,1.0,,,,,,,,,,,,,,,
0,0,BAU,E5IPPUPARAFFIN,T5PARAFFINIPPU,,,2026,,,,,,1.0,,,,,,,,,,,,,,,
0,0,BAU,E5IPPUPARAFFIN,T5PARAFFINIPPU,,,2027,,,,,,1.0,,,,,,,,,,,,,,,
0,0,BAU,E5IPPUPARAFFIN,T5PARAFFINIPPU,,,2028,,,,,,1.0,,,,,,,,,,,,,,,
0,0,BAU,E5IPPUPARAFFIN,T5PARAFFINIPPU,,,2029,,,,,,1.0,,,,,,,,,,,,,,,
0,0,BAU,E5IPPUPARAFFIN,T5PARAFFINIPPU,,,2030,,,,,,1.0,,,,,,,,,,,,,,,
0,0,BAU,E5IPPUPARAFFIN,T5PARAFFINIPPU,,,2031,,,,,,1.0,,,,,,,,,,,,,,,
0,0,BAU,E5IPPUPARAFFIN,T5PARAFFINIPPU,,,2032,,,,,,1.0,,,,,,,,,,,,,,,
0,0,BAU,E5IPPUPARAFFIN,T5PARAFFINIPPU,,,2033,,,,,,1.0,,,,,,,,,,,,,,,
0,0,BAU,E5IPPUPARAFFIN,T5PARAFFINIPPU,,,2034,,,,,,1.0,,,,,,,,,,,,,,,
0,0,BAU,E5IPPUPARAFFIN,T5PARAFFINIPPU,,,2035,,,,,,1.0,,,,,,,,,,,,,,,
0,0,BAU,E5IPPUPARAFFIN,T5PARAFFINIPPU,,,2036,,,,,,1.0,,,,,,,,,,,,,,,
0,0,BAU,E5IPPUPARAFFIN,T5PARAFFINIPPU,,,2037,,,,,,1.0,,,,,,,,,,,,,,,
0,0,BAU,E5IPPUPARAFFIN,T5PARAFFINIPPU,,,2038,,,,,,1.0,,,,,,,,,,,,,,,
0,0,BAU,E5IPPUPARAFFIN,T5PARAFFINIPPU,,,2039,,,,,,1.0,,,,,,,,,,,,,,,
0,0,BAU,E5IPPUPARAFFIN,T5PARAFFINIPPU,,,2040,,,,,,1.0,,,,,,,,,,,,,,,
0,0,BAU,E5IPPUPARAFFIN,T5PARAFFINIPPU,,,2041,,,,,,1.0,,,,,,,,,,,,,,,
0,0,BAU,E5IPPUPARAFFIN,T5PARAFFINIPPU,,,2042,,,,,,1.0,,,,,,,,,,,,,,,
0,0,BAU,E5IPPUPARAFFIN,T5PARAFFINIPPU,,,2043,,,,,,1.0,,,,,,,,,,,,,,,
0,0,BAU,E5IPPUPARAFFIN,T5PARAFFINIPPU,,,2044,,,,,,1.0,,,,,,,,,,,,,,,
0,0,BAU,E5IPPUPARAFFIN,T5PARAFFINIPPU,,,2045,,,,,,1.0,,,,,,,,,,,,,,,
0,0,BAU,E5IPPUPARAFFIN,T5PARAFFINIPPU,,,2046,,,,,,1.0,,,,,,,,,,,,,,,
0,0,BAU,E5IPPUPARAFFIN,T5PARAFFINIPPU,,,2047,,,,,,1.0,,,,,,,,,,,,,,,
0,0,BAU,E5IPPUPARAFFIN,T5PARAFFINIPPU,,,2048,,,,,,1.0,,,,,,,,,,,,,,,
0,0,BAU,E5IPPUPARAFFIN,T5PARAFFINIPPU,,,2049,,,,,,1.0,,,,,,,,,,,,,,,
0,0,BAU,E5IPPUPARAFFIN,T5PARAFFINIPPU,,,2050,,,,,,1.0,,,,,,,,,,,,,,,
0,0,BAU,E5IPPUPU_N2O,T5PU_N2OIPPU,,,2018,,,,,,1.0,,,,,,,,,,,,,,,
0,0,BAU,E5IPPUPU_N2O,T5PU_N2OIPPU,,,2019,,,,,,1.0,,,,,,,,,,,,,,,
0,0,BAU,E5IPPUPU_N2O,T5PU_N2OIPPU,,,2020,,,,,,1.0,,,,,,,,,,,,,,,
0,0,BAU,E5IPPUPU_N2O,T5PU_N2OIPPU,,,2021,,,,,,1.0,,,,,,,,,,,,,,,
0,0,BAU,E5IPPUPU_N2O,T5PU_N2OIPPU,,,2022,,,,,,1.0,,,,,,,,,,,,,,,
0,0,BAU,E5IPPUPU_N2O,T5PU_N2OIPPU,,,2023,,,,,,1.0,,,,,,,,,,,,,,,
0,0,BAU,E5IPPUPU_N2O,T5PU_N2OIPPU,,,2024,,,,,,1.0,,,,,,,,,,,,,,,
0,0,BAU,E5IPPUPU_N2O,T5PU_N2OIPPU,,,2025,,,,,,1.0,,,,,,,,,,,,,,,
0,0,BAU,E5IPPUPU_N2O,T5PU_N2OIPPU,,,2026,,,,,,1.0,,,,,,,,,,,,,,,
0,0,BAU,E5IPPUPU_N2O,T5PU_N2OIPPU,,,2027,,,,,,1.0,,,,,,,,,,,,,,,
0,0,BAU,E5IPPUPU_N2O,T5PU_N2OIPPU,,,2028,,,,,,1.0,,,,,,,,,,,,,,,
0,0,BAU,E5IPPUPU_N2O,T5PU_N2OIPPU,,,2029,,,,,,1.0,,,,,,,,,,,,,,,
0,0,BAU,E5IPPUPU_N2O,T5PU_N2OIPPU,,,2030,,,,,,1.0,,,,,,,,,,,,,,,
0,0,BAU,E5IPPUPU_N2O,T5PU_N2OIPPU,,,2031,,,,,,1.0,,,,,,,,,,,,,,,
0,0,BAU,E5IPPUPU_N2O,T5PU_N2OIPPU,,,2032,,,,,,1.0,,,,,,,,,,,,,,,
0,0,BAU,E5IPPUPU_N2O,T5PU_N2OIPPU,,,2033,,,,,,1.0,,,,,,,,,,,,,,,
0,0,BAU,E5IPPUPU_N2O,T5PU_N2OIPPU,,,2034,,,,,,1.0,,,,,,,,,,,,,,,
0,0,BAU,E5IPPUPU_N2O,T5PU_N2OIPPU,,,2035,,,,,,1.0,,,,,,,,,,,,,,,
0,0,BAU,E5IPPUPU_N2O,T5PU_N2OIPPU,,,2036,,,,,,1.0,,,,,,,,,,,,,,,
0,0,BAU,E5IPPUPU_N2O,T5PU_N2OIPPU,,,2037,,,,,,1.0,,,,,,,,,,,,,,,
0,0,BAU,E5IPPUPU_N2O,T5PU_N2OIPPU,,,2038,,,,,,1.0,,,,,,,,,,,,,,,
0,0,BAU,E5IPPUPU_N2O,T5PU_N2OIPPU,,,2039,,,,,,1.0,,,,,,,,,,,,,,,
0,0,BAU,E5IPPUPU_N2O,T5PU_N2OIPPU,,,2040,,,,,,1.0,,,,,,,,,,,,,,,
0,0,BAU,E5IPPUPU_N2O,T5PU_N2OIPPU,,,2041,,,,,,1.0,,,,,,,,,,,,,,,
0,0,BAU,E5IPPUPU_N2O,T5PU_N2OIPPU,,,2042,,,,,,1.0,,,,,,,,,,,,,,,
0,0,BAU,E5IPPUPU_N2O,T5PU_N2OIPPU,,,2043,,,,,,1.0,,,,,,,,,,,,,,,
0,0,BAU,E5IPPUPU_N2O,T5PU_N2OIPPU,,,2044,,,,,,1.0,,,,,,,,,,,,,,,
0,0,BAU,E5IPPUPU_N2O,T5PU_N2OIPPU,,,2045,,,,,,1.0,,,,,,,,,,,,,,,
0,0,BAU,E5IPPUPU_N2O,T5PU_N2OIPPU,,,2046,,,,,,1.0,,,,,,,,,,,,,,,
0,0,BAU,E5IPPUPU_N2O,T5PU_N2OIPPU,,,2047,,,,,,1.0,,,,,,,,,,,,,,,
0,0,BAU,E5IPPUPU_N2O,T5PU_N2OIPPU,,,2048,,,,,,1.0,,,,,,,,,,,,,,,
0,0,BAU,E5IPPUPU_N2O,T5PU_N2OIPPU,,,2049,,,,,,1.0,,,,,,,,,,,,,,,
0,0,BAU,E5IPPUPU_N2O,T5PU_N2OIPPU,,,2050,,,,,,1.0,,,,,,,,,,,,,,,
0,0,BAU,E5IPPUREFR_AC_HFC32,T5REFR_AC_HFC32IPPU,,,2018,,,,,,1.0,,,,,,,,,,,,,,,
0,0,BAU,E5IPPUREFR_AC_HFC32,T5REFR_AC_HFC32IPPU,,,2019,,,,,,1.0,,,,,,,,,,,,,,,
0,0,BAU,E5IPPUREFR_AC_HFC32,T5REFR_AC_HFC32IPPU,,,2020,,,,,,1.0,,,,,,,,,,,,,,,
0,0,BAU,E5IPPUREFR_AC_HFC32,T5REFR_AC_HFC32IPPU,,,2021,,,,,,1.0,,,,,,,,,,,,,,,
0,0,BAU,E5IPPUREFR_AC_HFC32,T5REFR_AC_HFC32IPPU,,,2022,,,,,,1.0,,,,,,,,,,,,,,,
0,0,BAU,E5IPPUREFR_AC_HFC32,T5REFR_AC_HFC32IPPU,,,2023,,,,,,1.0,,,,,,,,,,,,,,,
0,0,BAU,E5IPPUREFR_AC_HFC32,T5REFR_AC_HFC32IPPU,,,2024,,,,,,1.0,,,,,,,,,,,,,,,
0,0,BAU,E5IPPUREFR_AC_HFC32,T5REFR_AC_HFC32IPPU,,,2025,,,,,,1.0,,,,,,,,,,,,,,,
0,0,BAU,E5IPPUREFR_AC_HFC32,T5REFR_AC_HFC32IPPU,,,2026,,,,,,1.0,,,,,,,,,,,,,,,
0,0,BAU,E5IPPUREFR_AC_HFC32,T5REFR_AC_HFC32IPPU,,,2027,,,,,,1.0,,,,,,,,,,,,,,,
0,0,BAU,E5IPPUREFR_AC_HFC32,T5REFR_AC_HFC32IPPU,,,2028,,,,,,1.0,,,,,,,,,,,,,,,
0,0,BAU,E5IPPUREFR_AC_HFC32,T5REFR_AC_HFC32IPPU,,,2029,,,,,,1.0,,,,,,,,,,,,,,,
0,0,BAU,E5IPPUREFR_AC_HFC32,T5REFR_AC_HFC32IPPU,,,2030,,,,,,1.0,,,,,,,,,,,,,,,
0,0,BAU,E5IPPUREFR_AC_HFC32,T5REFR_AC_HFC32IPPU,,,2031,,,,,,1.0,,,,,,,,,,,,,,,
0,0,BAU,E5IPPUREFR_AC_HFC32,T5REFR_AC_HFC32IPPU,,,2032,,,,,,1.0,,,,,,,,,,,,,,,
0,0,BAU,E5IPPUREFR_AC_HFC32,T5REFR_AC_HFC32IPPU,,,2033,,,,,,1.0,,,,,,,,,,,,,,,
0,0,BAU,E5IPPUREFR_AC_HFC32,T5REFR_AC_HFC32IPPU,,,2034,,,,,,1.0,,,,,,,,,,,,,,,
0,0,BAU,E5IPPUREFR_AC_HFC32,T5REFR_AC_HFC32IPPU,,,2035,,,,,,1.0,,,,,,,,,,,,,,,
0,0,BAU,E5IPPUREFR_AC_HFC32,T5REFR_AC_HFC32IPPU,,,2036,,,,,,1.0,,,,,,,,,,,,,,,
0,0,BAU,E5IPPUREFR_AC_HFC32,T5REFR_AC_HFC32IPPU,,,2037,,,,,,1.0,,,,,,,,,,,,,,,
0,0,BAU,E5IPPUREFR_AC_HFC32,T5REFR_AC_HFC32IPPU,,,2038,,,,,,1.0,,,,,,,,,,,,,,,
0,0,BAU,E5IPPUREFR_AC_HFC32,T5REFR_AC_HFC32IPPU,,,2039,,,,,,1.0,,,,,,,,,,,,,,,
0,0,BAU,E5IPPUREFR_AC_HFC32,T5REFR_AC_HFC32IPPU,,,2040,,,,,,1.0,,,,,,,,,,,,,,,
0,0,BAU,E5IPPUREFR_AC_HFC32,T5REFR_AC_HFC32IPPU,,,2041,,,,,,1.0,,,,,,,,,,,,,,,
0,0,BAU,E5IPPUREFR_AC_HFC32,T5REFR_AC_HFC32IPPU,,,2042,,,,,,1.0,,,,,,,,,,,,,,,
0,0,BAU,E5IPPUREFR_AC_HFC32,T5REFR_AC_HFC32IPPU,,,2043,,,,,,1.0,,,,,,,,,,,,,,,
0,0,BAU,E5IPPUREFR_AC_HFC32,T5REFR_AC_HFC32IPPU,,,2044,,,,,,1.0,,,,,,,,,,,,,,,
0,0,BAU,E5IPPUREFR_AC_HFC32,T5REFR_AC_HFC32IPPU,,,2045,,,,,,1.0,,,,,,,,,,,,,,,
0,0,BAU,E5IPPUREFR_AC_HFC32,T5REFR_AC_HFC32IPPU,,,2046,,,,,,1.0,,,,,,,,,,,,,,,
0,0,BAU,E5IPPUREFR_AC_HFC32,T5REFR_AC_HFC32IPPU,,,2047,,,,,,1.0,,,,,,,,,,,,,,,
0,0,BAU,E5IPPUREFR_AC_HFC32,T5REFR_AC_HFC32IPPU,,,2048,,,,,,1.0,,,,,,,,,,,,,,,
0,0,BAU,E5IPPUREFR_AC_HFC32,T5REFR_AC_HFC32IPPU,,,2049,,,,,,1.0,,,,,,,,,,,,,,,
0,0,BAU,E5IPPUREFR_AC_HFC32,T5REFR_AC_HFC32IPPU,,,2050,,,,,,1.0,,,,,,,,,,,,,,,
0,0,BAU,E5IPPUREFR_AC_HFC125,T5REFR_AC_HFC125IPPU,,,2018,,,,,,1.0,,,,,,,,,,,,,,,
0,0,BAU,E5IPPUREFR_AC_HFC125,T5REFR_AC_HFC125IPPU,,,2019,,,,,,1.0,,,,,,,,,,,,,,,
0,0,BAU,E5IPPUREFR_AC_HFC125,T5REFR_AC_HFC125IPPU,,,2020,,,,,,1.0,,,,,,,,,,,,,,,
0,0,BAU,E5IPPUREFR_AC_HFC125,T5REFR_AC_HFC125IPPU,,,2021,,,,,,1.0,,,,,,,,,,,,,,,
0,0,BAU,E5IPPUREFR_AC_HFC125,T5REFR_AC_HFC125IPPU,,,2022,,,,,,1.0,,,,,,,,,,,,,,,
0,0,BAU,E5IPPUREFR_AC_HFC125,T5REFR_AC_HFC125IPPU,,,2023,,,,,,1.0,,,,,,,,,,,,,,,
0,0,BAU,E5IPPUREFR_AC_HFC125,T5REFR_AC_HFC125IPPU,,,2024,,,,,,1.0,,,,,,,,,,,,,,,
0,0,BAU,E5IPPUREFR_AC_HFC125,T5REFR_AC_HFC125IPPU,,,2025,,,,,,1.0,,,,,,,,,,,,,,,
0,0,BAU,E5IPPUREFR_AC_HFC125,T5REFR_AC_HFC125IPPU,,,2026,,,,,,1.0,,,,,,,,,,,,,,,
0,0,BAU,E5IPPUREFR_AC_HFC125,T5REFR_AC_HFC125IPPU,,,2027,,,,,,1.0,,,,,,,,,,,,,,,
0,0,BAU,E5IPPUREFR_AC_HFC125,T5REFR_AC_HFC125IPPU,,,2028,,,,,,1.0,,,,,,,,,,,,,,,
0,0,BAU,E5IPPUREFR_AC_HFC125,T5REFR_AC_HFC125IPPU,,,2029,,,,,,1.0,,,,,,,,,,,,,,,
0,0,BAU,E5IPPUREFR_AC_HFC125,T5REFR_AC_HFC125IPPU,,,2030,,,,,,1.0,,,,,,,,,,,,,,,
0,0,BAU,E5IPPUREFR_AC_HFC125,T5REFR_AC_HFC125IPPU,,,2031,,,,,,1.0,,,,,,,,,,,,,,,
0,0,BAU,E5IPPUREFR_AC_HFC125,T5REFR_AC_HFC125IPPU,,,2032,,,,,,1.0,,,,,,,,,,,,,,,
0,0,BAU,E5IPPUREFR_AC_HFC125,T5REFR_AC_HFC125IPPU,,,2033,,,,,,1.0,,,,,,,,,,,,,,,
0,0,BAU,E5IPPUREFR_AC_HFC125,T5REFR_AC_HFC125IPPU,,,2034,,,,,,1.0,,,,,,,,,,,,,,,
0,0,BAU,E5IPPUREFR_AC_HFC125,T5REFR_AC_HFC125IPPU,,,2035,,,,,,1.0,,,,,,,,,,,,,,,
0,0,BAU,E5IPPUREFR_AC_HFC125,T5REFR_AC_HFC125IPPU,,,2036,,,,,,1.0,,,,,,,,,,,,,,,
0,0,BAU,E5IPPUREFR_AC_HFC125,T5REFR_AC_HFC125IPPU,,,2037,,,,,,1.0,,,,,,,,,,,,,,,
0,0,BAU,E5IPPUREFR_AC_HFC125,T5REFR_AC_HFC125IPPU,,,2038,,,,,,1.0,,,,,,,,,,,,,,,
0,0,BAU,E5IPPUREFR_AC_HFC125,T5REFR_AC_HFC125IPPU,,,2039,,,,,,1.0,,,,,,,,,,,,,,,
0,0,BAU,E5IPPUREFR_AC_HFC125,T5REFR_AC_HFC125IPPU,,,2040,,,,,,1.0,,,,,,,,,,,,,,,
0,0,BAU,E5IPPUREFR_AC_HFC125,T5REFR_AC_HFC125IPPU,,,2041,,,,,,1.0,,,,,,,,,,,,,,,
0,0,BAU,E5IPPUREFR_AC_HFC125,T5REFR_AC_HFC125IPPU,,,2042,,,,,,1.0,,,,,,,,,,,,,,,
0,0,BAU,E5IPPUREFR_AC_HFC125,T5REFR_AC_HFC125IPPU,,,2043,,,,,,1.0,,,,,,,,,,,,,,,
0,0,BAU,E5IPPUREFR_AC_HFC125,T5REFR_AC_HFC125IPPU,,,2044,,,,,,1.0,,,,,,,,,,,,,,,
0,0,BAU,E5IPPUREFR_AC_HFC125,T5REFR_AC_HFC125IPPU,,,2045,,,,,,1.0,,,,,,,,,,,,,,,
0,0,BAU,E5IPPUREFR_AC_HFC125,T5REFR_AC_HFC125IPPU,,,2046,,,,,,1.0,,,,,,,,,,,,,,,
0,0,BAU,E5IPPUREFR_AC_HFC125,T5REFR_AC_HFC125IPPU,,,2047,,,,,,1.0,,,,,,,,,,,,,,,
0,0,BAU,E5IPPUREFR_AC_HFC125,T5REFR_AC_HFC125IPPU,,,2048,,,,,,1.0,,,,,,,,,,,,,,,
0,0,BAU,E5IPPUREFR_AC_HFC125,T5REFR_AC_HFC125IPPU,,,2049,,,,,,1.0,,,,,,,,,,,,,,,
0,0,BAU,E5IPPUREFR_AC_HFC125,T5REFR_AC_HFC125IPPU,,,2050,,,,,,1.0,,,,,,,,,,,,,,,
0,0,BAU,E5IPPUREFR_AC_HFC134a,T5REFR_AC_HFC134aIPPU,,,2018,,,,,,1.0,,,,,,,,,,,,,,,
0,0,BAU,E5IPPUREFR_AC_HFC134a,T5REFR_AC_HFC134aIPPU,,,2019,,,,,,1.0,,,,,,,,,,,,,,,
0,0,BAU,E5IPPUREFR_AC_HFC134a,T5REFR_AC_HFC134aIPPU,,,2020,,,,,,1.0,,,,,,,,,,,,,,,
0,0,BAU,E5IPPUREFR_AC_HFC134a,T5REFR_AC_HFC134aIPPU,,,2021,,,,,,1.0,,,,,,,,,,,,,,,
0,0,BAU,E5IPPUREFR_AC_HFC134a,T5REFR_AC_HFC134aIPPU,,,2022,,,,,,1.0,,,,,,,,,,,,,,,
0,0,BAU,E5IPPUREFR_AC_HFC134a,T5REFR_AC_HFC134aIPPU,,,2023,,,,,,1.0,,,,,,,,,,,,,,,
0,0,BAU,E5IPPUREFR_AC_HFC134a,T5REFR_AC_HFC134aIPPU,,,2024,,,,,,1.0,,,,,,,,,,,,,,,
0,0,BAU,E5IPPUREFR_AC_HFC134a,T5REFR_AC_HFC134aIPPU,,,2025,,,,,,1.0,,,,,,,,,,,,,,,
0,0,BAU,E5IPPUREFR_AC_HFC134a,T5REFR_AC_HFC134aIPPU,,,2026,,,,,,1.0,,,,,,,,,,,,,,,
0,0,BAU,E5IPPUREFR_AC_HFC134a,T5REFR_AC_HFC134aIPPU,,,2027,,,,,,1.0,,,,,,,,,,,,,,,
0,0,BAU,E5IPPUREFR_AC_HFC134a,T5REFR_AC_HFC134aIPPU,,,2028,,,,,,1.0,,,,,,,,,,,,,,,
0,0,BAU,E5IPPUREFR_AC_HFC134a,T5REFR_AC_HFC134aIPPU,,,2029,,,,,,1.0,,,,,,,,,,,,,,,
0,0,BAU,E5IPPUREFR_AC_HFC134a,T5REFR_AC_HFC134aIPPU,,,2030,,,,,,1.0,,,,,,,,,,,,,,,
0,0,BAU,E5IPPUREFR_AC_HFC134a,T5REFR_AC_HFC134aIPPU,,,2031,,,,,,1.0,,,,,,,,,,,,,,,
0,0,BAU,E5IPPUREFR_AC_HFC134a,T5REFR_AC_HFC134aIPPU,,,2032,,,,,,1.0,,,,,,,,,,,,,,,
0,0,BAU,E5IPPUREFR_AC_HFC134a,T5REFR_AC_HFC134aIPPU,,,2033,,,,,,1.0,,,,,,,,,,,,,,,
0,0,BAU,E5IPPUREFR_AC_HFC134a,T5REFR_AC_HFC134aIPPU,,,2034,,,,,,1.0,,,,,,,,,,,,,,,
0,0,BAU,E5IPPUREFR_AC_HFC134a,T5REFR_AC_HFC134aIPPU,,,2035,,,,,,1.0,,,,,,,,,,,,,,,
0,0,BAU,E5IPPUREFR_AC_HFC134a,T5REFR_AC_HFC134aIPPU,,,2036,,,,,,1.0,,,,,,,,,,,,,,,
0,0,BAU,E5IPPUREFR_AC_HFC134a,T5REFR_AC_HFC134aIPPU,,,2037,,,,,,1.0,,,,,,,,,,,,,,,
0,0,BAU,E5IPPUREFR_AC_HFC134a,T5REFR_AC_HFC134aIPPU,,,2038,,,,,,1.0,,,,,,,,,,,,,,,
0,0,BAU,E5IPPUREFR_AC_HFC134a,T5REFR_AC_HFC134aIPPU,,,2039,,,,,,1.0,,,,,,,,,,,,,,,
0,0,BAU,E5IPPUREFR_AC_HFC134a,T5REFR_AC_HFC134aIPPU,,,2040,,,,,,1.0,,,,,,,,,,,,,,,
0,0,BAU,E5IPPUREFR_AC_HFC134a,T5REFR_AC_HFC134aIPPU,,,2041,,,,,,1.0,,,,,,,,,,,,,,,
0,0,BAU,E5IPPUREFR_AC_HFC134a,T5REFR_AC_HFC134aIPPU,,,2042,,,,,,1.0,,,,,,,,,,,,,,,
0,0,BAU,E5IPPUREFR_AC_HFC134a,T5REFR_AC_HFC134aIPPU,,,2043,,,,,,1.0,,,,,,,,,,,,,,,
0,0,BAU,E5IPPUREFR_AC_HFC134a,T5REFR_AC_HFC134aIPPU,,,2044,,,,,,1.0,,,,,,,,,,,,,,,
0,0,BAU,E5IPPUREFR_AC_HFC134a,T5REFR_AC_HFC134aIPPU,,,2045,,,,,,1.0,,,,,,,,,,,,,,,
0,0,BAU,E5IPPUREFR_AC_HFC134a,T5REFR_AC_HFC134aIPPU,,,2046,,,,,,1.0,,,,,,,,,,,,,,,
0,0,BAU,E5IPPUREFR_AC_HFC134a,T5REFR_AC_HFC134aIPPU,,,2047,,,,,,1.0,,,,,,,,,,,,,,,
0,0,BAU,E5IPPUREFR_AC_HFC134a,T5REFR_AC_HFC134aIPPU,,,2048,,,,,,1.0,,,,,,,,,,,,,,,
0,0,BAU,E5IPPUREFR_AC_HFC134a,T5REFR_AC_HFC134aIPPU,,,2049,,,,,,1.0,,,,,,,,,,,,,,,
0,0,BAU,E5IPPUREFR_AC_HFC134a,T5REFR_AC_HFC134aIPPU,,,2050,,,,,,1.0,,,,,,,,,,,,,,,
0,0,BAU,E5IPPUREFR_AC_HFC143a,T5REFR_AC_HFC143aIPPU,,,2018,,,,,,1.0,,,,,,,,,,,,,,,
0,0,BAU,E5IPPUREFR_AC_HFC143a,T5REFR_AC_HFC143aIPPU,,,2019,,,,,,1.0,,,,,,,,,,,,,,,
0,0,BAU,E5IPPUREFR_AC_HFC143a,T5REFR_AC_HFC143aIPPU,,,2020,,,,,,1.0,,,,,,,,,,,,,,,
0,0,BAU,E5IPPUREFR_AC_HFC143a,T5REFR_AC_HFC143aIPPU,,,2021,,,,,,1.0,,,,,,,,,,,,,,,
0,0,BAU,E5IPPUREFR_AC_HFC143a,T5REFR_AC_HFC143aIPPU,,,2022,,,,,,1.0,,,,,,,,,,,,,,,
0,0,BAU,E5IPPUREFR_AC_HFC143a,T5REFR_AC_HFC143aIPPU,,,2023,,,,,,1.0,,,,,,,,,,,,,,,
0,0,BAU,E5IPPUREFR_AC_HFC143a,T5REFR_AC_HFC143aIPPU,,,2024,,,,,,1.0,,,,,,,,,,,,,,,
0,0,BAU,E5IPPUREFR_AC_HFC143a,T5REFR_AC_HFC143aIPPU,,,2025,,,,,,1.0,,,,,,,,,,,,,,,
0,0,BAU,E5IPPUREFR_AC_HFC143a,T5REFR_AC_HFC143aIPPU,,,2026,,,,,,1.0,,,,,,,,,,,,,,,
0,0,BAU,E5IPPUREFR_AC_HFC143a,T5REFR_AC_HFC143aIPPU,,,2027,,,,,,1.0,,,,,,,,,,,,,,,
0,0,BAU,E5IPPUREFR_AC_HFC143a,T5REFR_AC_HFC143aIPPU,,,2028,,,,,,1.0,,,,,,,,,,,,,,,
0,0,BAU,E5IPPUREFR_AC_HFC143a,T5REFR_AC_HFC143aIPPU,,,2029,,,,,,1.0,,,,,,,,,,,,,,,
0,0,BAU,E5IPPUREFR_AC_HFC143a,T5REFR_AC_HFC143aIPPU,,,2030,,,,,,1.0,,,,,,,,,,,,,,,
0,0,BAU,E5IPPUREFR_AC_HFC143a,T5REFR_AC_HFC143aIPPU,,,2031,,,,,,1.0,,,,,,,,,,,,,,,
0,0,BAU,E5IPPUREFR_AC_HFC143a,T5REFR_AC_HFC143aIPPU,,,2032,,,,,,1.0,,,,,,,,,,,,,,,
0,0,BAU,E5IPPUREFR_AC_HFC143a,T5REFR_AC_HFC143aIPPU,,,2033,,,,,,1.0,,,,,,,,,,,,,,,
0,0,BAU,E5IPPUREFR_AC_HFC143a,T5REFR_AC_HFC143aIPPU,,,2034,,,,,,1.0,,,,,,,,,,,,,,,
0,0,BAU,E5IPPUREFR_AC_HFC143a,T5REFR_AC_HFC143aIPPU,,,2035,,,,,,1.0,,,,,,,,,,,,,,,
0,0,BAU,E5IPPUREFR_AC_HFC143a,T5REFR_AC_HFC143aIPPU,,,2036,,,,,,1.0,,,,,,,,,,,,,,,
0,0,BAU,E5IPPUREFR_AC_HFC143a,T5REFR_AC_HFC143aIPPU,,,2037,,,,,,1.0,,,,,,,,,,,,,,,
0,0,BAU,E5IPPUREFR_AC_HFC143a,T5REFR_AC_HFC143aIPPU,,,2038,,,,,,1.0,,,,,,,,,,,,,,,
0,0,BAU,E5IPPUREFR_AC_HFC143a,T5REFR_AC_HFC143aIPPU,,,2039,,,,,,1.0,,,,,,,,,,,,,,,
0,0,BAU,E5IPPUREFR_AC_HFC143a,T5REFR_AC_HFC143aIPPU,,,2040,,,,,,1.0,,,,,,,,,,,,,,,
0,0,BAU,E5IPPUREFR_AC_HFC143a,T5REFR_AC_HFC143aIPPU,,,2041,,,,,,1.0,,,,,,,,,,,,,,,
0,0,BAU,E5IPPUREFR_AC_HFC143a,T5REFR_AC_HFC143aIPPU,,,2042,,,,,,1.0,,,,,,,,,,,,,,,
0,0,BAU,E5IPPUREFR_AC_HFC143a,T5REFR_AC_HFC143aIPPU,,,2043,,,,,,1.0,,,,,,,,,,,,,,,
0,0,BAU,E5IPPUREFR_AC_HFC143a,T5REFR_AC_HFC143aIPPU,,,2044,,,,,,1.0,,,,,,,,,,,,,,,
0,0,BAU,E5IPPUREFR_AC_HFC143a,T5REFR_AC_HFC143aIPPU,,,2045,,,,,,1.0,,,,,,,,,,,,,,,
0,0,BAU,E5IPPUREFR_AC_HFC143a,T5REFR_AC_HFC143aIPPU,,,2046,,,,,,1.0,,,,,,,,,,,,,,,
0,0,BAU,E5IPPUREFR_AC_HFC143a,T5REFR_AC_HFC143aIPPU,,,2047,,,,,,1.0,,,,,,,,,,,,,,,
0,0,BAU,E5IPPUREFR_AC_HFC143a,T5REFR_AC_HFC143aIPPU,,,2048,,,,,,1.0,,,,,,,,,,,,,,,
0,0,BAU,E5IPPUREFR_AC_HFC143a,T5REFR_AC_HFC143aIPPU,,,2049,,,,,,1.0,,,,,,,,,,,,,,,
0,0,BAU,E5IPPUREFR_AC_HFC143a,T5REFR_AC_HFC143aIPPU,,,2050,,,,,,1.0,,,,,,,,,,,,,,,
0,0,BAU,,PROD_CLK_TRAD,CO2e_IPPU,,2018,,,,,,,0.5203,,,,,,,,,,,,,,
0,0,BAU,,PROD_CLK_TRAD,CO2e_IPPU,,2019,,,,,,,0.5203,,,,,,,,,,,,,,
0,0,BAU,,PROD_CLK_TRAD,CO2e_IPPU,,2020,,,,,,,0.5203,,,,,,,,,,,,,,
0,0,BAU,,PROD_CLK_TRAD,CO2e_IPPU,,2021,,,,,,,0.5203,,,,,,,,,,,,,,
0,0,BAU,,PROD_CLK_TRAD,CO2e_IPPU,,2022,,,,,,,0.5203,,,,,,,,,,,,,,
0,0,BAU,,PROD_CLK_TRAD,CO2e_IPPU,,2023,,,,,,,0.5203,,,,,,,,,,,,,,
0,0,BAU,,PROD_CLK_TRAD,CO2e_IPPU,,2024,,,,,,,0.5203,,,,,,,,,,,,,,
0,0,BAU,,PROD_CLK_TRAD,CO2e_IPPU,,2025,,,,,,,0.5203,,,,,,,,,,,,,,
0,0,BAU,,PROD_CLK_TRAD,CO2e_IPPU,,2026,,,,,,,0.5203,,,,,,,,,,,,,,
0,0,BAU,,PROD_CLK_TRAD,CO2e_IPPU,,2027,,,,,,,0.5203,,,,,,,,,,,,,,
0,0,BAU,,PROD_CLK_TRAD,CO2e_IPPU,,2028,,,,,,,0.5203,,,,,,,,,,,,,,
0,0,BAU,,PROD_CLK_TRAD,CO2e_IPPU,,2029,,,,,,,0.5203,,,,,,,,,,,,,,
0,0,BAU,,PROD_CLK_TRAD,CO2e_IPPU,,2030,,,,,,,0.5203,,,,,,,,,,,,,,
0,0,BAU,,PROD_CLK_TRAD,CO2e_IPPU,,2031,,,,,,,0.5203,,,,,,,,,,,,,,
0,0,BAU,,PROD_CLK_TRAD,CO2e_IPPU,,2032,,,,,,,0.5203,,,,,,,,,,,,,,
0,0,BAU,,PROD_CLK_TRAD,CO2e_IPPU,,2033,,,,,,,0.5203,,,,,,,,,,,,,,
0,0,BAU,,PROD_CLK_TRAD,CO2e_IPPU,,2034,,,,,,,0.5203,,,,,,,,,,,,,,
0,0,BAU,,PROD_CLK_TRAD,CO2e_IPPU,,2035,,,,,,,0.5203,,,,,,,,,,,,,,
0,0,BAU,,PROD_CLK_TRAD,CO2e_IPPU,,2036,,,,,,,0.5203,,,,,,,,,,,,,,
0,0,BAU,,PROD_CLK_TRAD,CO2e_IPPU,,2037,,,,,,,0.5203,,,,,,,,,,,,,,
0,0,BAU,,PROD_CLK_TRAD,CO2e_IPPU,,2038,,,,,,,0.5203,,,,,,,,,,,,,,
0,0,BAU,,PROD_CLK_TRAD,CO2e_IPPU,,2039,,,,,,,0.5203,,,,,,,,,,,,,,
0,0,BAU,,PROD_CLK_TRAD,CO2e_IPPU,,2040,,,,,,,0.5203,,,,,,,,,,,,,,
0,0,BAU,,PROD_CLK_TRAD,CO2e_IPPU,,2041,,,,,,,0.5203,,,,,,,,,,,,,,
0,0,BAU,,PROD_CLK_TRAD,CO2e_IPPU,,2042,,,,,,,0.5203,,,,,,,,,,,,,,
0,0,BAU,,PROD_CLK_TRAD,CO2e_IPPU,,2043,,,,,,,0.5203,,,,,,,,,,,,,,
0,0,BAU,,PROD_CLK_TRAD,CO2e_IPPU,,2044,,,,,,,0.5203,,,,,,,,,,,,,,
0,0,BAU,,PROD_CLK_TRAD,CO2e_IPPU,,2045,,,,,,,0.5203,,,,,,,,,,,,,,
0,0,BAU,,PROD_CLK_TRAD,CO2e_IPPU,,2046,,,,,,,0.5203,,,,,,,,,,,,,,
0,0,BAU,,PROD_CLK_TRAD,CO2e_IPPU,,2047,,,,,,,0.5203,,,,,,,,,,,,,,
0,0,BAU,,PROD_CLK_TRAD,CO2e_IPPU,,2048,,,,,,,0.5203,,,,,,,,,,,,,,
0,0,BAU,,PROD_CLK_TRAD,CO2e_IPPU,,2049,,,,,,,0.5203,,,,,,,,,,,,,,
0,0,BAU,,PROD_CLK_TRAD,CO2e_IPPU,,2050,,,,,,,0.5203,,,,,,,,,,,,,,
0,0,BAU,,LIME_PROD,CO2e_IPPU,,2018,,,,,,,0.75,,,,,,,,,,,,,,
0,0,BAU,,LIME_PROD,CO2e_IPPU,,2019,,,,,,,0.75,,,,,,,,,,,,,,
0,0,BAU,,LIME_PROD,CO2e_IPPU,,2020,,,,,,,0.75,,,,,,,,,,,,,,
0,0,BAU,,LIME_PROD,CO2e_IPPU,,2021,,,,,,,0.75,,,,,,,,,,,,,,
0,0,BAU,,LIME_PROD,CO2e_IPPU,,2022,,,,,,,0.75,,,,,,,,,,,,,,
0,0,BAU,,LIME_PROD,CO2e_IPPU,,2023,,,,,,,0.75,,,,,,,,,,,,,,
0,0,BAU,,LIME_PROD,CO2e_IPPU,,2024,,,,,,,0.75,,,,,,,,,,,,,,
0,0,BAU,,LIME_PROD,CO2e_IPPU,,2025,,,,,,,0.75,,,,,,,,,,,,,,
0,0,BAU,,LIME_PROD,CO2e_IPPU,,2026,,,,,,,0.75,,,,,,,,,,,,,,
0,0,BAU,,LIME_PROD,CO2e_IPPU,,2027,,,,,,,0.75,,,,,,,,,,,,,,
0,0,BAU,,LIME_PROD,CO2e_IPPU,,2028,,,,,,,0.75,,,,,,,,,,,,,,
0,0,BAU,,LIME_PROD,CO2e_IPPU,,2029,,,,,,,0.75,,,,,,,,,,,,,,
0,0,BAU,,LIME_PROD,CO2e_IPPU,,2030,,,,,,,0.75,,,,,,,,,,,,,,
0,0,BAU,,LIME_PROD,CO2e_IPPU,,2031,,,,,,,0.75,,,,,,,,,,,,,,
0,0,BAU,,LIME_PROD,CO2e_IPPU,,2032,,,,,,,0.75,,,,,,,,,,,,,,
0,0,BAU,,LIME_PROD,CO2e_IPPU,,2033,,,,,,,0.75,,,,,,,,,,,,,,
0,0,BAU,,LIME_PROD,CO2e_IPPU,,2034,,,,,,,0.75,,,,,,,,,,,,,,
0,0,BAU,,LIME_PROD,CO2e_IPPU,,2035,,,,,,,0.75,,,,,,,,,,,,,,
0,0,BAU,,LIME_PROD,CO2e_IPPU,,2036,,,,,,,0.75,,,,,,,,,,,,,,
0,0,BAU,,LIME_PROD,CO2e_IPPU,,2037,,,,,,,0.75,,,,,,,,,,,,,,
0,0,BAU,,LIME_PROD,CO2e_IPPU,,2038,,,,,,,0.75,,,,,,,,,,,,,,
0,0,BAU,,LIME_PROD,CO2e_IPPU,,2039,,,,,,,0.75,,,,,,,,,,,,,,
0,0,BAU,,LIME_PROD,CO2e_IPPU,,2040,,,,,,,0.75,,,,,,,,,,,,,,
0,0,BAU,,LIME_PROD,CO2e_IPPU,,2041,,,,,,,0.75,,,,,,,,,,,,,,
0,0,BAU,,LIME_PROD,CO2e_IPPU,,2042,,,,,,,0.75,,,,,,,,,,,,,,
0,0,BAU,,LIME_PROD,CO2e_IPPU,,2043,,,,,,,0.75,,,,,,,,,,,,,,
0,0,BAU,,LIME_PROD,CO2e_IPPU,,2044,,,,,,,0.75,,,,,,,,,,,,,,
0,0,BAU,,LIME_PROD,CO2e_IPPU,,2045,,,,,,,0.75,,,,,,,,,,,,,,
0,0,BAU,,LIME_PROD,CO2e_IPPU,,2046,,,,,,,0.75,,,,,,,,,,,,,,
0,0,BAU,,LIME_PROD,CO2e_IPPU,,2047,,,,,,,0.75,,,,,,,,,,,,,,
0,0,BAU,,LIME_PROD,CO2e_IPPU,,2048,,,,,,,0.75,,,,,,,,,,,,,,
0,0,BAU,,LIME_PROD,CO2e_IPPU,,2049,,,,,,,0.75,,,,,,,,,,,,,,
0,0,BAU,,LIME_PROD,CO2e_IPPU,,2050,,,,,,,0.75,,,,,,,,,,,,,,
0,0,BAU,,CARBONATE,CO2e_IPPU,,2018,,,,,,,0.4149,,,,,,,,,,,,,,
0,0,BAU,,CARBONATE,CO2e_IPPU,,2019,,,,,,,0.4149,,,,,,,,,,,,,,
0,0,BAU,,CARBONATE,CO2e_IPPU,,2020,,,,,,,0.4149,,,,,,,,,,,,,,
0,0,BAU,,CARBONATE,CO2e_IPPU,,2021,,,,,,,0.4149,,,,,,,,,,,,,,
0,0,BAU,,CARBONATE,CO2e_IPPU,,2022,,,,,,,0.4149,,,,,,,,,,,,,,
0,0,BAU,,CARBONATE,CO2e_IPPU,,2023,,,,,,,0.4149,,,,,,,,,,,,,,
0,0,BAU,,CARBONATE,CO2e_IPPU,,2024,,,,,,,0.4149,,,,,,,,,,,,,,
0,0,BAU,,CARBONATE,CO2e_IPPU,,2025,,,,,,,0.4149,,,,,,,,,,,,,,
0,0,BAU,,CARBONATE,CO2e_IPPU,,2026,,,,,,,0.4149,,,,,,,,,,,,,,
0,0,BAU,,CARBONATE,CO2e_IPPU,,2027,,,,,,,0.4149,,,,,,,,,,,,,,
0,0,BAU,,CARBONATE,CO2e_IPPU,,2028,,,,,,,0.4149,,,,,,,,,,,,,,
0,0,BAU,,CARBONATE,CO2e_IPPU,,2029,,,,,,,0.4149,,,,,,,,,,,,,,
0,0,BAU,,CARBONATE,CO2e_IPPU,,2030,,,,,,,0.4149,,,,,,,,,,,,,,
0,0,BAU,,CARBONATE,CO2e_IPPU,,2031,,,,,,,0.4149,,,,,,,,,,,,,,
0,0,BAU,,CARBONATE,CO2e_IPPU,,2032,,,,,,,0.4149,,,,,,,,,,,,,,
0,0,BAU,,CARBONATE,CO2e_IPPU,,2033,,,,,,,0.4149,,,,,,,,,,,,,,
0,0,BAU,,CARBONATE,CO2e_IPPU,,2034,,,,,,,0.4149,,,,,,,,,,,,,,
0,0,BAU,,CARBONATE,CO2e_IPPU,,2035,,,,,,,0.4149,,,,,,,,,,,,,,
0,0,BAU,,CARBONATE,CO2e_IPPU,,2036,,,,,,,0.4149,,,,,,,,,,,,,,
0,0,BAU,,CARBONATE,CO2e_IPPU,,2037,,,,,,,0.4149,,,,,,,,,,,,,,
0,0,BAU,,CARBONATE,CO2e_IPPU,,2038,,,,,,,0.4149,,,,,,,,,,,,,,
0,0,BAU,,CARBONATE,CO2e_IPPU,,2039,,,,,,,0.4149,,,,,,,,,,,,,,
0,0,BAU,,CARBONATE,CO2e_IPPU,,2040,,,,,,,0.4149,,,,,,,,,,,,,,
0,0,BAU,,CARBONATE,CO2e_IPPU,,2041,,,,,,,0.4149,,,,,,,,,,,,,,
0,0,BAU,,CARBONATE,CO2e_IPPU,,2042,,,,,,,0.4149,,,,,,,,,,,,,,
0,0,BAU,,CARBONATE,CO2e_IPPU,,2043,,,,,,,0.4149,,,,,,,,,,,,,,
0,0,BAU,,CARBONATE,CO2e_IPPU,,2044,,,,,,,0.4149,,,,,,,,,,,,,,
0,0,BAU,,CARBONATE,CO2e_IPPU,,2045,,,,,,,0.4149,,,,,,,,,,,,,,
0,0,BAU,,CARBONATE,CO2e_IPPU,,2046,,,,,,,0.4149,,,,,,,,,,,,,,
0,0,BAU,,CARBONATE,CO2e_IPPU,,2047,,,,,,,0.4149,,,,,,,,,,,,,,
0,0,BAU,,CARBONATE,CO2e_IPPU,,2048,,,,,,,0.4149,,,,,,,,,,,,,,
0,0,BAU,,CARBONATE,CO2e_IPPU,,2049,,,,,,,0.4149,,,,,,,,,,,,,,
0,0,BAU,,CARBONATE,CO2e_IPPU,,2050,,,,,,,0.4149,,,,,,,,,,,,,,
0,0,BAU,,CARBIDE_PROD,CO2e_IPPU,,2018,,,,,,,0.0011,,,,,,,,,,,,,,
0,0,BAU,,CARBIDE_PROD,CO2e_IPPU,,2019,,,,,,,0.0011,,,,,,,,,,,,,,
0,0,BAU,,CARBIDE_PROD,CO2e_IPPU,,2020,,,,,,,0.0011,,,,,,,,,,,,,,
0,0,BAU,,CARBIDE_PROD,CO2e_IPPU,,2021,,,,,,,0.0011,,,,,,,,,,,,,,
0,0,BAU,,CARBIDE_PROD,CO2e_IPPU,,2022,,,,,,,0.0011,,,,,,,,,,,,,,
0,0,BAU,,CARBIDE_PROD,CO2e_IPPU,,2023,,,,,,,0.0011,,,,,,,,,,,,,,
0,0,BAU,,CARBIDE_PROD,CO2e_IPPU,,2024,,,,,,,0.0011,,,,,,,,,,,,,,
0,0,BAU,,CARBIDE_PROD,CO2e_IPPU,,2025,,,,,,,0.0011,,,,,,,,,,,,,,
0,0,BAU,,CARBIDE_PROD,CO2e_IPPU,,2026,,,,,,,0.0011,,,,,,,,,,,,,,
0,0,BAU,,CARBIDE_PROD,CO2e_IPPU,,2027,,,,,,,0.0011,,,,,,,,,,,,,,
0,0,BAU,,CARBIDE_PROD,CO2e_IPPU,,2028,,,,,,,0.0011,,,,,,,,,,,,,,
0,0,BAU,,CARBIDE_PROD,CO2e_IPPU,,2029,,,,,,,0.0011,,,,,,,,,,,,,,
0,0,BAU,,CARBIDE_PROD,CO2e_IPPU,,2030,,,,,,,0.0011,,,,,,,,,,,,,,
0,0,BAU,,CARBIDE_PROD,CO2e_IPPU,,2031,,,,,,,0.0011,,,,,,,,,,,,,,
0,0,BAU,,CARBIDE_PROD,CO2e_IPPU,,2032,,,,,,,0.0011,,,,,,,,,,,,,,
0,0,BAU,,CARBIDE_PROD,CO2e_IPPU,,2033,,,,,,,0.0011,,,,,,,,,,,,,,
0,0,BAU,,CARBIDE_PROD,CO2e_IPPU,,2034,,,,,,,0.0011,,,,,,,,,,,,,,
0,0,BAU,,CARBIDE_PROD,CO2e_IPPU,,2035,,,,,,,0.0011,,,,,,,,,,,,,,
0,0,BAU,,CARBIDE_PROD,CO2e_IPPU,,2036,,,,,,,0.0011,,,,,,,,,,,,,,
0,0,BAU,,CARBIDE_PROD,CO2e_IPPU,,2037,,,,,,,0.0011,,,,,,,,,,,,,,
0,0,BAU,,CARBIDE_PROD,CO2e_IPPU,,2038,,,,,,,0.0011,,,,,,,,,,,,,,
0,0,BAU,,CARBIDE_PROD,CO2e_IPPU,,2039,,,,,,,0.0011,,,,,,,,,,,,,,
0,0,BAU,,CARBIDE_PROD,CO2e_IPPU,,2040,,,,,,,0.0011,,,,,,,,,,,,,,
0,0,BAU,,CARBIDE_PROD,CO2e_IPPU,,2041,,,,,,,0.0011,,,,,,,,,,,,,,
0,0,BAU,,CARBIDE_PROD,CO2e_IPPU,,2042,,,,,,,0.0011,,,,,,,,,,,,,,
0,0,BAU,,CARBIDE_PROD,CO2e_IPPU,,2043,,,,,,,0.0011,,,,,,,,,,,,,,
0,0,BAU,,CARBIDE_PROD,CO2e_IPPU,,2044,,,,,,,0.0011,,,,,,,,,,,,,,
0,0,BAU,,CARBIDE_PROD,CO2e_IPPU,,2045,,,,,,,0.0011,,,,,,,,,,,,,,
0,0,BAU,,CARBIDE_PROD,CO2e_IPPU,,2046,,,,,,,0.0011,,,,,,,,,,,,,,
0,0,BAU,,CARBIDE_PROD,CO2e_IPPU,,2047,,,,,,,0.0011,,,,,,,,,,,,,,
0,0,BAU,,CARBIDE_PROD,CO2e_IPPU,,2048,,,,,,,0.0011,,,,,,,,,,,,,,
0,0,BAU,,CARBIDE_PROD,CO2e_IPPU,,2049,,,,,,,0.0011,,,,,,,,,,,,,,
0,0,BAU,,CARBIDE_PROD,CO2e_IPPU,,2050,,,,,,,0.0011,,,,,,,,,,,,,,
0,0,BAU,,PROD_FERRO,CO2e_IPPU,,2018,,,,,,,4.0158,,,,,,,,,,,,,,
0,0,BAU,,PROD_FERRO,CO2e_IPPU,,2019,,,,,,,4.0158,,,,,,,,,,,,,,
0,0,BAU,,PROD_FERRO,CO2e_IPPU,,2020,,,,,,,4.0158,,,,,,,,,,,,,,
0,0,BAU,,PROD_FERRO,CO2e_IPPU,,2021,,,,,,,4.0158,,,,,,,,,,,,,,
0,0,BAU,,PROD_FERRO,CO2e_IPPU,,2022,,,,,,,4.0158,,,,,,,,,,,,,,
0,0,BAU,,PROD_FERRO,CO2e_IPPU,,2023,,,,,,,4.0158,,,,,,,,,,,,,,
0,0,BAU,,PROD_FERRO,CO2e_IPPU,,2024,,,,,,,4.0158,,,,,,,,,,,,,,
0,0,BAU,,PROD_FERRO,CO2e_IPPU,,2025,,,,,,,4.0158,,,,,,,,,,,,,,
0,0,BAU,,PROD_FERRO,CO2e_IPPU,,2026,,,,,,,4.0158,,,,,,,,,,,,,,
0,0,BAU,,PROD_FERRO,CO2e_IPPU,,2027,,,,,,,4.0158,,,,,,,,,,,,,,
0,0,BAU,,PROD_FERRO,CO2e_IPPU,,2028,,,,,,,4.0158,,,,,,,,,,,,,,
0,0,BAU,,PROD_FERRO,CO2e_IPPU,,2029,,,,,,,4.0158,,,,,,,,,,,,,,
0,0,BAU,,PROD_FERRO,CO2e_IPPU,,2030,,,,,,,4.0158,,,,,,,,,,,,,,
0,0,BAU,,PROD_FERRO,CO2e_IPPU,,2031,,,,,,,4.0158,,,,,,,,,,,,,,
0,0,BAU,,PROD_FERRO,CO2e_IPPU,,2032,,,,,,,4.0158,,,,,,,,,,,,,,
0,0,BAU,,PROD_FERRO,CO2e_IPPU,,2033,,,,,,,4.0158,,,,,,,,,,,,,,
0,0,BAU,,PROD_FERRO,CO2e_IPPU,,2034,,,,,,,4.0158,,,,,,,,,,,,,,
0,0,BAU,,PROD_FERRO,CO2e_IPPU,,2035,,,,,,,4.0158,,,,,,,,,,,,,,
0,0,BAU,,PROD_FERRO,CO2e_IPPU,,2036,,,,,,,4.0158,,,,,,,,,,,,,,
0,0,BAU,,PROD_FERRO,CO2e_IPPU,,2037,,,,,,,4.0158,,,,,,,,,,,,,,
0,0,BAU,,PROD_FERRO,CO2e_IPPU,,2038,,,,,,,4.0158,,,,,,,,,,,,,,
0,0,BAU,,PROD_FERRO,CO2e_IPPU,,2039,,,,,,,4.0158,,,,,,,,,,,,,,
0,0,BAU,,PROD_FERRO,CO2e_IPPU,,2040,,,,,,,4.0158,,,,,,,,,,,,,,
0,0,BAU,,PROD_FERRO,CO2e_IPPU,,2041,,,,,,,4.0158,,,,,,,,,,,,,,
0,0,BAU,,PROD_FERRO,CO2e_IPPU,,2042,,,,,,,4.0158,,,,,,,,,,,,,,
0,0,BAU,,PROD_FERRO,CO2e_IPPU,,2043,,,,,,,4.0158,,,,,,,,,,,,,,
0,0,BAU,,PROD_FERRO,CO2e_IPPU,,2044,,,,,,,4.0158,,,,,,,,,,,,,,
0,0,BAU,,PROD_FERRO,CO2e_IPPU,,2045,,,,,,,4.0158,,,,,,,,,,,,,,
0,0,BAU,,PROD_FERRO,CO2e_IPPU,,2046,,,,,,,4.0158,,,,,,,,,,,,,,
0,0,BAU,,PROD_FERRO,CO2e_IPPU,,2047,,,,,,,4.0158,,,,,,,,,,,,,,
0,0,BAU,,PROD_FERRO,CO2e_IPPU,,2048,,,,,,,4.0158,,,,,,,,,,,,,,
0,0,BAU,,PROD_FERRO,CO2e_IPPU,,2049,,,,,,,4.0158,,,,,,,,,,,,,,
0,0,BAU,,PROD_FERRO,CO2e_IPPU,,2050,,,,,,,4.0158,,,,,,,,,,,,,,
0,0,BAU,,PROD_CINC,CO2e_IPPU,,2018,,,,,,,1.72,,,,,,,,,,,,,,
0,0,BAU,,PROD_CINC,CO2e_IPPU,,2019,,,,,,,1.72,,,,,,,,,,,,,,
0,0,BAU,,PROD_CINC,CO2e_IPPU,,2020,,,,,,,1.72,,,,,,,,,,,,,,
0,0,BAU,,PROD_CINC,CO2e_IPPU,,2021,,,,,,,1.72,,,,,,,,,,,,,,
0,0,BAU,,PROD_CINC,CO2e_IPPU,,2022,,,,,,,1.72,,,,,,,,,,,,,,
0,0,BAU,,PROD_CINC,CO2e_IPPU,,2023,,,,,,,1.72,,,,,,,,,,,,,,
0,0,BAU,,PROD_CINC,CO2e_IPPU,,2024,,,,,,,1.72,,,,,,,,,,,,,,
0,0,BAU,,PROD_CINC,CO2e_IPPU,,2025,,,,,,,1.72,,,,,,,,,,,,,,
0,0,BAU,,PROD_CINC,CO2e_IPPU,,2026,,,,,,,1.72,,,,,,,,,,,,,,
0,0,BAU,,PROD_CINC,CO2e_IPPU,,2027,,,,,,,1.72,,,,,,,,,,,,,,
0,0,BAU,,PROD_CINC,CO2e_IPPU,,2028,,,,,,,1.72,,,,,,,,,,,,,,
0,0,BAU,,PROD_CINC,CO2e_IPPU,,2029,,,,,,,1.72,,,,,,,,,,,,,,
0,0,BAU,,PROD_CINC,CO2e_IPPU,,2030,,,,,,,1.72,,,,,,,,,,,,,,
0,0,BAU,,PROD_CINC,CO2e_IPPU,,2031,,,,,,,1.72,,,,,,,,,,,,,,
0,0,BAU,,PROD_CINC,CO2e_IPPU,,2032,,,,,,,1.72,,,,,,,,,,,,,,
0,0,BAU,,PROD_CINC,CO2e_IPPU,,2033,,,,,,,1.72,,,,,,,,,,,,,,
0,0,BAU,,PROD_CINC,CO2e_IPPU,,2034,,,,,,,1.72,,,,,,,,,,,,,,
0,0,BAU,,PROD_CINC,CO2e_IPPU,,2035,,,,,,,1.72,,,,,,,,,,,,,,
0,0,BAU,,PROD_CINC,CO2e_IPPU,,2036,,,,,,,1.72,,,,,,,,,,,,,,
0,0,BAU,,PROD_CINC,CO2e_IPPU,,2037,,,,,,,1.72,,,,,,,,,,,,,,
0,0,BAU,,PROD_CINC,CO2e_IPPU,,2038,,,,,,,1.72,,,,,,,,,,,,,,
0,0,BAU,,PROD_CINC,CO2e_IPPU,,2039,,,,,,,1.72,,,,,,,,,,,,,,
0,0,BAU,,PROD_CINC,CO2e_IPPU,,2040,,,,,,,1.72,,,,,,,,,,,,,,
0,0,BAU,,PROD_CINC,CO2e_IPPU,,2041,,,,,,,1.72,,,,,,,,,,,,,,
0,0,BAU,,PROD_CINC,CO2e_IPPU,,2042,,,,,,,1.72,,,,,,,,,,,,,,
0,0,BAU,,PROD_CINC,CO2e_IPPU,,2043,,,,,,,1.72,,,,,,,,,,,,,,
0,0,BAU,,PROD_CINC,CO2e_IPPU,,2044,,,,,,,1.72,,,,,,,,,,,,,,
0,0,BAU,,PROD_CINC,CO2e_IPPU,,2045,,,,,,,1.72,,,,,,,,,,,,,,
0,0,BAU,,PROD_CINC,CO2e_IPPU,,2046,,,,,,,1.72,,,,,,,,,,,,,,
0,0,BAU,,PROD_CINC,CO2e_IPPU,,2047,,,,,,,1.72,,,,,,,,,,,,,,
0,0,BAU,,PROD_CINC,CO2e_IPPU,,2048,,,,,,,1.72,,,,,,,,,,,,,,
0,0,BAU,,PROD_CINC,CO2e_IPPU,,2049,,,,,,,1.72,,,,,,,,,,,,,,
0,0,BAU,,PROD_CINC,CO2e_IPPU,,2050,,,,,,,1.72,,,,,,,,,,,,,,
0,0,BAU,,LUBRI_OILS,CO2e_IPPU,,2018,,,,,,,0.7108,,,,,,,,,,,,,,
0,0,BAU,,LUBRI_OILS,CO2e_IPPU,,2019,,,,,,,0.7108,,,,,,,,,,,,,,
0,0,BAU,,LUBRI_OILS,CO2e_IPPU,,2020,,,,,,,0.7108,,,,,,,,,,,,,,
0,0,BAU,,LUBRI_OILS,CO2e_IPPU,,2021,,,,,,,0.6116,,,,,,,,,,,,,,
0,0,BAU,,LUBRI_OILS,CO2e_IPPU,,2022,,,,,,,0.5058,,,,,,,,,,,,,,
0,0,BAU,,LUBRI_OILS,CO2e_IPPU,,2023,,,,,,,0.5058,,,,,,,,,,,,,,
0,0,BAU,,LUBRI_OILS,CO2e_IPPU,,2024,,,,,,,0.5058,,,,,,,,,,,,,,
0,0,BAU,,LUBRI_OILS,CO2e_IPPU,,2025,,,,,,,0.5058,,,,,,,,,,,,,,
0,0,BAU,,LUBRI_OILS,CO2e_IPPU,,2026,,,,,,,0.5058,,,,,,,,,,,,,,
0,0,BAU,,LUBRI_OILS,CO2e_IPPU,,2027,,,,,,,0.5058,,,,,,,,,,,,,,
0,0,BAU,,LUBRI_OILS,CO2e_IPPU,,2028,,,,,,,0.5058,,,,,,,,,,,,,,
0,0,BAU,,LUBRI_OILS,CO2e_IPPU,,2029,,,,,,,0.5058,,,,,,,,,,,,,,
0,0,BAU,,LUBRI_OILS,CO2e_IPPU,,2030,,,,,,,0.5058,,,,,,,,,,,,,,
0,0,BAU,,LUBRI_OILS,CO2e_IPPU,,2031,,,,,,,0.5058,,,,,,,,,,,,,,
0,0,BAU,,LUBRI_OILS,CO2e_IPPU,,2032,,,,,,,0.5058,,,,,,,,,,,,,,
0,0,BAU,,LUBRI_OILS,CO2e_IPPU,,2033,,,,,,,0.5058,,,,,,,,,,,,,,
0,0,BAU,,LUBRI_OILS,CO2e_IPPU,,2034,,,,,,,0.5058,,,,,,,,,,,,,,
0,0,BAU,,LUBRI_OILS,CO2e_IPPU,,2035,,,,,,,0.5058,,,,,,,,,,,,,,
0,0,BAU,,LUBRI_OILS,CO2e_IPPU,,2036,,,,,,,0.5058,,,,,,,,,,,,,,
0,0,BAU,,LUBRI_OILS,CO2e_IPPU,,2037,,,,,,,0.5058,,,,,,,,,,,,,,
0,0,BAU,,LUBRI_OILS,CO2e_IPPU,,2038,,,,,,,0.5058,,,,,,,,,,,,,,
0,0,BAU,,LUBRI_OILS,CO2e_IPPU,,2039,,,,,,,0.5058,,,,,,,,,,,,,,
0,0,BAU,,LUBRI_OILS,CO2e_IPPU,,2040,,,,,,,0.5058,,,,,,,,,,,,,,
0,0,BAU,,LUBRI_OILS,CO2e_IPPU,,2041,,,,,,,0.5058,,,,,,,,,,,,,,
0,0,BAU,,LUBRI_OILS,CO2e_IPPU,,2042,,,,,,,0.5058,,,,,,,,,,,,,,
0,0,BAU,,LUBRI_OILS,CO2e_IPPU,,2043,,,,,,,0.5058,,,,,,,,,,,,,,
0,0,BAU,,LUBRI_OILS,CO2e_IPPU,,2044,,,,,,,0.5058,,,,,,,,,,,,,,
0,0,BAU,,LUBRI_OILS,CO2e_IPPU,,2045,,,,,,,0.5058,,,,,,,,,,,,,,
0,0,BAU,,LUBRI_OILS,CO2e_IPPU,,2046,,,,,,,0.5058,,,,,,,,,,,,,,
0,0,BAU,,LUBRI_OILS,CO2e_IPPU,,2047,,,,,,,0.5058,,,,,,,,,,,,,,
0,0,BAU,,LUBRI_OILS,CO2e_IPPU,,2048,,,,,,,0.5058,,,,,,,,,,,,,,
0,0,BAU,,LUBRI_OILS,CO2e_IPPU,,2049,,,,,,,0.5058,,,,,,,,,,,,,,
0,0,BAU,,LUBRI_OILS,CO2e_IPPU,,2050,,,,,,,0.5058,,,,,,,,,,,,,,
0,0,BAU,,PARAFFIN,CO2e_IPPU,,2018,,,,,,,0.6747,,,,,,,,,,,,,,
0,0,BAU,,PARAFFIN,CO2e_IPPU,,2019,,,,,,,0.6747,,,,,,,,,,,,,,
0,0,BAU,,PARAFFIN,CO2e_IPPU,,2020,,,,,,,0.6747,,,,,,,,,,,,,,
0,0,BAU,,PARAFFIN,CO2e_IPPU,,2021,,,,,,,0.6747,,,,,,,,,,,,,,
0,0,BAU,,PARAFFIN,CO2e_IPPU,,2022,,,,,,,0.6747,,,,,,,,,,,,,,
0,0,BAU,,PARAFFIN,CO2e_IPPU,,2023,,,,,,,0.6747,,,,,,,,,,,,,,
0,0,BAU,,PARAFFIN,CO2e_IPPU,,2024,,,,,,,0.6747,,,,,,,,,,,,,,
0,0,BAU,,PARAFFIN,CO2e_IPPU,,2025,,,,,,,0.6747,,,,,,,,,,,,,,
0,0,BAU,,PARAFFIN,CO2e_IPPU,,2026,,,,,,,0.6747,,,,,,,,,,,,,,
0,0,BAU,,PARAFFIN,CO2e_IPPU,,2027,,,,,,,0.6747,,,,,,,,,,,,,,
0,0,BAU,,PARAFFIN,CO2e_IPPU,,2028,,,,,,,0.6747,,,,,,,,,,,,,,
0,0,BAU,,PARAFFIN,CO2e_IPPU,,2029,,,,,,,0.6747,,,,,,,,,,,,,,
0,0,BAU,,PARAFFIN,CO2e_IPPU,,2030,,,,,,,0.6747,,,,,,,,,,,,,,
0,0,BAU,,PARAFFIN,CO2e_IPPU,,2031,,,,,,,0.6747,,,,,,,,,,,,,,
0,0,BAU,,PARAFFIN,CO2e_IPPU,,2032,,,,,,,0.6747,,,,,,,,,,,,,,
0,0,BAU,,PARAFFIN,CO2e_IPPU,,2033,,,,,,,0.6747,,,,,,,,,,,,,,
0,0,BAU,,PARAFFIN,CO2e_IPPU,,2034,,,,,,,0.6747,,,,,,,,,,,,,,
0,0,BAU,,PARAFFIN,CO2e_IPPU,,2035,,,,,,,0.6747,,,,,,,,,,,,,,
0,0,BAU,,PARAFFIN,CO2e_IPPU,,2036,,,,,,,0.6747,,,,,,,,,,,,,,
0,0,BAU,,PARAFFIN,CO2e_IPPU,,2037,,,,,,,0.6747,,,,,,,,,,,,,,
0,0,BAU,,PARAFFIN,CO2e_IPPU,,2038,,,,,,,0.6747,,,,,,,,,,,,,,
0,0,BAU,,PARAFFIN,CO2e_IPPU,,2039,,,,,,,0.6747,,,,,,,,,,,,,,
0,0,BAU,,PARAFFIN,CO2e_IPPU,,2040,,,,,,,0.6747,,,,,,,,,,,,,,
0,0,BAU,,PARAFFIN,CO2e_IPPU,,2041,,,,,,,0.6747,,,,,,,,,,,,,,
0,0,BAU,,PARAFFIN,CO2e_IPPU,,2042,,,,,,,0.6747,,,,,,,,,,,,,,
0,0,BAU,,PARAFFIN,CO2e_IPPU,,2043,,,,,,,0.6747,,,,,,,,,,,,,,
0,0,BAU,,PARAFFIN,CO2e_IPPU,,2044,,,,,,,0.6747,,,,,,,,,,,,,,
0,0,BAU,,PARAFFIN,CO2e_IPPU,,2045,,,,,,,0.6747,,,,,,,,,,,,,,
0,0,BAU,,PARAFFIN,CO2e_IPPU,,2046,,,,,,,0.6747,,,,,,,,,,,,,,
0,0,BAU,,PARAFFIN,CO2e_IPPU,,2047,,,,,,,0.6747,,,,,,,,,,,,,,
0,0,BAU,,PARAFFIN,CO2e_IPPU,,2048,,,,,,,0.6747,,,,,,,,,,,,,,
0,0,BAU,,PARAFFIN,CO2e_IPPU,,2049,,,,,,,0.6747,,,,,,,,,,,,,,
0,0,BAU,,PARAFFIN,CO2e_IPPU,,2050,,,,,,,0.6747,,,,,,,,,,,,,,
0,0,BAU,,PU_N2O,CO2e_IPPU,,2018,,,,,,,1.0,,,,,,,,,,,,,,
0,0,BAU,,PU_N2O,CO2e_IPPU,,2019,,,,,,,1.0,,,,,,,,,,,,,,
0,0,BAU,,PU_N2O,CO2e_IPPU,,2020,,,,,,,1.0,,,,,,,,,,,,,,
0,0,BAU,,PU_N2O,CO2e_IPPU,,2021,,,,,,,1.0,,,,,,,,,,,,,,
0,0,BAU,,PU_N2O,CO2e_IPPU,,2022,,,,,,,1.0,,,,,,,,,,,,,,
0,0,BAU,,PU_N2O,CO2e_IPPU,,2023,,,,,,,1.0,,,,,,,,,,,,,,
0,0,BAU,,PU_N2O,CO2e_IPPU,,2024,,,,,,,1.0,,,,,,,,,,,,,,
0,0,BAU,,PU_N2O,CO2e_IPPU,,2025,,,,,,,1.0,,,,,,,,,,,,,,
0,0,BAU,,PU_N2O,CO2e_IPPU,,2026,,,,,,,1.0,,,,,,,,,,,,,,
0,0,BAU,,PU_N2O,CO2e_IPPU,,2027,,,,,,,1.0,,,,,,,,,,,,,,
0,0,BAU,,PU_N2O,CO2e_IPPU,,2028,,,,,,,1.0,,,,,,,,,,,,,,
0,0,BAU,,PU_N2O,CO2e_IPPU,,2029,,,,,,,1.0,,,,,,,,,,,,,,
0,0,BAU,,PU_N2O,CO2e_IPPU,,2030,,,,,,,1.0,,,,,,,,,,,,,,
0,0,BAU,,PU_N2O,CO2e_IPPU,,2031,,,,,,,1.0,,,,,,,,,,,,,,
0,0,BAU,,PU_N2O,CO2e_IPPU,,2032,,,,,,,1.0,,,,,,,,,,,,,,
0,0,BAU,,PU_N2O,CO2e_IPPU,,2033,,,,,,,1.0,,,,,,,,,,,,,,
0,0,BAU,,PU_N2O,CO2e_IPPU,,2034,,,,,,,1.0,,,,,,,,,,,,,,
0,0,BAU,,PU_N2O,CO2e_IPPU,,2035,,,,,,,1.0,,,,,,,,,,,,,,
0,0,BAU,,PU_N2O,CO2e_IPPU,,2036,,,,,,,1.0,,,,,,,,,,,,,,
0,0,BAU,,PU_N2O,CO2e_IPPU,,2037,,,,,,,1.0,,,,,,,,,,,,,,
0,0,BAU,,PU_N2O,CO2e_IPPU,,2038,,,,,,,1.0,,,,,,,,,,,,,,
0,0,BAU,,PU_N2O,CO2e_IPPU,,2039,,,,,,,1.0,,,,,,,,,,,,,,
0,0,BAU,,PU_N2O,CO2e_IPPU,,2040,,,,,,,1.0,,,,,,,,,,,,,,
0,0,BAU,,PU_N2O,CO2e_IPPU,,2041,,,,,,,1.0,,,,,,,,,,,,,,
0,0,BAU,,PU_N2O,CO2e_IPPU,,2042,,,,,,,1.0,,,,,,,,,,,,,,
0,0,BAU,,PU_N2O,CO2e_IPPU,,2043,,,,,,,1.0,,,,,,,,,,,,,,
0,0,BAU,,PU_N2O,CO2e_IPPU,,2044,,,,,,,1.0,,,,,,,,,,,,,,
0,0,BAU,,PU_N2O,CO2e_IPPU,,2045,,,,,,,1.0,,,,,,,,,,,,,,
0,0,BAU,,PU_N2O,CO2e_IPPU,,2046,,,,,,,1.0,,,,,,,,,,,,,,
0,0,BAU,,PU_N2O,CO2e_IPPU,,2047,,,,,,,1.0,,,,,,,,,,,,,,
0,0,BAU,,PU_N2O,CO2e_IPPU,,2048,,,,,,,1.0,,,,,,,,,,,,,,
0,0,BAU,,PU_N2O,CO2e_IPPU,,2049,,,,,,,1.0,,,,,,,,,,,,,,
0,0,BAU,,PU_N2O,CO2e_IPPU,,2050,,,,,,,1.0,,,,,,,,,,,,,,
0,0,BAU,,REFR_AC_HFC32,CO2e_IPPU,,2018,,,,,,,1.0,,,,,,,,,,,,,,
0,0,BAU,,REFR_AC_HFC32,CO2e_IPPU,,2019,,,,,,,1.0,,,,,,,,,,,,,,
0,0,BAU,,REFR_AC_HFC32,CO2e_IPPU,,2020,,,,,,,1.0,,,,,,,,,,,,,,
0,0,BAU,,REFR_AC_HFC32,CO2e_IPPU,,2021,,,,,,,1.0,,,,,,,,,,,,,,
0,0,BAU,,REFR_AC_HFC32,CO2e_IPPU,,2022,,,,,,,1.0,,,,,,,,,,,,,,
0,0,BAU,,REFR_AC_HFC32,CO2e_IPPU,,2023,,,,,,,1.0,,,,,,,,,,,,,,
0,0,BAU,,REFR_AC_HFC32,CO2e_IPPU,,2024,,,,,,,1.0,,,,,,,,,,,,,,
0,0,BAU,,REFR_AC_HFC32,CO2e_IPPU,,2025,,,,,,,1.0,,,,,,,,,,,,,,
0,0,BAU,,REFR_AC_HFC32,CO2e_IPPU,,2026,,,,,,,1.0,,,,,,,,,,,,,,
0,0,BAU,,REFR_AC_HFC32,CO2e_IPPU,,2027,,,,,,,1.0,,,,,,,,,,,,,,
0,0,BAU,,REFR_AC_HFC32,CO2e_IPPU,,2028,,,,,,,1.0,,,,,,,,,,,,,,
0,0,BAU,,REFR_AC_HFC32,CO2e_IPPU,,2029,,,,,,,1.0,,,,,,,,,,,,,,
0,0,BAU,,REFR_AC_HFC32,CO2e_IPPU,,2030,,,,,,,1.0,,,,,,,,,,,,,,
0,0,BAU,,REFR_AC_HFC32,CO2e_IPPU,,2031,,,,,,,1.0,,,,,,,,,,,,,,
0,0,BAU,,REFR_AC_HFC32,CO2e_IPPU,,2032,,,,,,,1.0,,,,,,,,,,,,,,
0,0,BAU,,REFR_AC_HFC32,CO2e_IPPU,,2033,,,,,,,1.0,,,,,,,,,,,,,,
0,0,BAU,,REFR_AC_HFC32,CO2e_IPPU,,2034,,,,,,,1.0,,,,,,,,,,,,,,
0,0,BAU,,REFR_AC_HFC32,CO2e_IPPU,,2035,,,,,,,1.0,,,,,,,,,,,,,,
0,0,BAU,,REFR_AC_HFC32,CO2e_IPPU,,2036,,,,,,,1.0,,,,,,,,,,,,,,
0,0,BAU,,REFR_AC_HFC32,CO2e_IPPU,,2037,,,,,,,1.0,,,,,,,,,,,,,,
0,0,BAU,,REFR_AC_HFC32,CO2e_IPPU,,2038,,,,,,,1.0,,,,,,,,,,,,,,
0,0,BAU,,REFR_AC_HFC32,CO2e_IPPU,,2039,,,,,,,1.0,,,,,,,,,,,,,,
0,0,BAU,,REFR_AC_HFC32,CO2e_IPPU,,2040,,,,,,,1.0,,,,,,,,,,,,,,
0,0,BAU,,REFR_AC_HFC32,CO2e_IPPU,,2041,,,,,,,1.0,,,,,,,,,,,,,,
0,0,BAU,,REFR_AC_HFC32,CO2e_IPPU,,2042,,,,,,,1.0,,,,,,,,,,,,,,
0,0,BAU,,REFR_AC_HFC32,CO2e_IPPU,,2043,,,,,,,1.0,,,,,,,,,,,,,,
0,0,BAU,,REFR_AC_HFC32,CO2e_IPPU,,2044,,,,,,,1.0,,,,,,,,,,,,,,
0,0,BAU,,REFR_AC_HFC32,CO2e_IPPU,,2045,,,,,,,1.0,,,,,,,,,,,,,,
0,0,BAU,,REFR_AC_HFC32,CO2e_IPPU,,2046,,,,,,,1.0,,,,,,,,,,,,,,
0,0,BAU,,REFR_AC_HFC32,CO2e_IPPU,,2047,,,,,,,1.0,,,,,,,,,,,,,,
0,0,BAU,,REFR_AC_HFC32,CO2e_IPPU,,2048,,,,,,,1.0,,,,,,,,,,,,,,
0,0,BAU,,REFR_AC_HFC32,CO2e_IPPU,,2049,,,,,,,1.0,,,,,,,,,,,,,,
0,0,BAU,,REFR_AC_HFC32,CO2e_IPPU,,2050,,,,,,,1.0,,,,,,,,,,,,,,
0,0,BAU,,REFR_AC_HFC125,CO2e_IPPU,,2018,,,,,,,1.0,,,,,,,,,,,,,,
0,0,BAU,,REFR_AC_HFC125,CO2e_IPPU,,2019,,,,,,,1.0,,,,,,,,,,,,,,
0,0,BAU,,REFR_AC_HFC125,CO2e_IPPU,,2020,,,,,,,1.0,,,,,,,,,,,,,,
0,0,BAU,,REFR_AC_HFC125,CO2e_IPPU,,2021,,,,,,,1.0,,,,,,,,,,,,,,
0,0,BAU,,REFR_AC_HFC125,CO2e_IPPU,,2022,,,,,,,1.0,,,,,,,,,,,,,,
0,0,BAU,,REFR_AC_HFC125,CO2e_IPPU,,2023,,,,,,,1.0,,,,,,,,,,,,,,
0,0,BAU,,REFR_AC_HFC125,CO2e_IPPU,,2024,,,,,,,1.0,,,,,,,,,,,,,,
0,0,BAU,,REFR_AC_HFC125,CO2e_IPPU,,2025,,,,,,,1.0,,,,,,,,,,,,,,
0,0,BAU,,REFR_AC_HFC125,CO2e_IPPU,,2026,,,,,,,1.0,,,,,,,,,,,,,,
0,0,BAU,,REFR_AC_HFC125,CO2e_IPPU,,2027,,,,,,,1.0,,,,,,,,,,,,,,
0,0,BAU,,REFR_AC_HFC125,CO2e_IPPU,,2028,,,,,,,1.0,,,,,,,,,,,,,,
0,0,BAU,,REFR_AC_HFC125,CO2e_IPPU,,2029,,,,,,,1.0,,,,,,,,,,,,,,
0,0,BAU,,REFR_AC_HFC125,CO2e_IPPU,,2030,,,,,,,1.0,,,,,,,,,,,,,,
0,0,BAU,,REFR_AC_HFC125,CO2e_IPPU,,2031,,,,,,,1.0,,,,,,,,,,,,,,
0,0,BAU,,REFR_AC_HFC125,CO2e_IPPU,,2032,,,,,,,1.0,,,,,,,,,,,,,,
0,0,BAU,,REFR_AC_HFC125,CO2e_IPPU,,2033,,,,,,,1.0,,,,,,,,,,,,,,
0,0,BAU,,REFR_AC_HFC125,CO2e_IPPU,,2034,,,,,,,1.0,,,,,,,,,,,,,,
0,0,BAU,,REFR_AC_HFC125,CO2e_IPPU,,2035,,,,,,,1.0,,,,,,,,,,,,,,
0,0,BAU,,REFR_AC_HFC125,CO2e_IPPU,,2036,,,,,,,1.0,,,,,,,,,,,,,,
0,0,BAU,,REFR_AC_HFC125,CO2e_IPPU,,2037,,,,,,,1.0,,,,,,,,,,,,,,
0,0,BAU,,REFR_AC_HFC125,CO2e_IPPU,,2038,,,,,,,1.0,,,,,,,,,,,,,,
0,0,BAU,,REFR_AC_HFC125,CO2e_IPPU,,2039,,,,,,,1.0,,,,,,,,,,,,,,
0,0,BAU,,REFR_AC_HFC125,CO2e_IPPU,,2040,,,,,,,1.0,,,,,,,,,,,,,,
0,0,BAU,,REFR_AC_HFC125,CO2e_IPPU,,2041,,,,,,,1.0,,,,,,,,,,,,,,
0,0,BAU,,REFR_AC_HFC125,CO2e_IPPU,,2042,,,,,,,1.0,,,,,,,,,,,,,,
0,0,BAU,,REFR_AC_HFC125,CO2e_IPPU,,2043,,,,,,,1.0,,,,,,,,,,,,,,
0,0,BAU,,REFR_AC_HFC125,CO2e_IPPU,,2044,,,,,,,1.0,,,,,,,,,,,,,,
0,0,BAU,,REFR_AC_HFC125,CO2e_IPPU,,2045,,,,,,,1.0,,,,,,,,,,,,,,
0,0,BAU,,REFR_AC_HFC125,CO2e_IPPU,,2046,,,,,,,1.0,,,,,,,,,,,,,,
0,0,BAU,,REFR_AC_HFC125,CO2e_IPPU,,2047,,,,,,,1.0,,,,,,,,,,,,,,
0,0,BAU,,REFR_AC_HFC125,CO2e_IPPU,,2048,,,,,,,1.0,,,,,,,,,,,,,,
0,0,BAU,,REFR_AC_HFC125,CO2e_IPPU,,2049,,,,,,,1.0,,,,,,,,,,,,,,
0,0,BAU,,REFR_AC_HFC125,CO2e_IPPU,,2050,,,,,,,1.0,,,,,,,,,,,,,,
0,0,BAU,,REFR_AC_HFC134a,CO2e_IPPU,,2018,,,,,,,1.0,,,,,,,,,,,,,,
0,0,BAU,,REFR_AC_HFC134a,CO2e_IPPU,,2019,,,,,,,1.0,,,,,,,,,,,,,,
0,0,BAU,,REFR_AC_HFC134a,CO2e_IPPU,,2020,,,,,,,1.0,,,,,,,,,,,,,,
0,0,BAU,,REFR_AC_HFC134a,CO2e_IPPU,,2021,,,,,,,1.0,,,,,,,,,,,,,,
0,0,BAU,,REFR_AC_HFC134a,CO2e_IPPU,,2022,,,,,,,1.0,,,,,,,,,,,,,,
0,0,BAU,,REFR_AC_HFC134a,CO2e_IPPU,,2023,,,,,,,1.0,,,,,,,,,,,,,,
0,0,BAU,,REFR_AC_HFC134a,CO2e_IPPU,,2024,,,,,,,1.0,,,,,,,,,,,,,,
0,0,BAU,,REFR_AC_HFC134a,CO2e_IPPU,,2025,,,,,,,1.0,,,,,,,,,,,,,,
0,0,BAU,,REFR_AC_HFC134a,CO2e_IPPU,,2026,,,,,,,1.0,,,,,,,,,,,,,,
0,0,BAU,,REFR_AC_HFC134a,CO2e_IPPU,,2027,,,,,,,1.0,,,,,,,,,,,,,,
0,0,BAU,,REFR_AC_HFC134a,CO2e_IPPU,,2028,,,,,,,1.0,,,,,,,,,,,,,,
0,0,BAU,,REFR_AC_HFC134a,CO2e_IPPU,,2029,,,,,,,1.0,,,,,,,,,,,,,,
0,0,BAU,,REFR_AC_HFC134a,CO2e_IPPU,,2030,,,,,,,1.0,,,,,,,,,,,,,,
0,0,BAU,,REFR_AC_HFC134a,CO2e_IPPU,,2031,,,,,,,1.0,,,,,,,,,,,,,,
0,0,BAU,,REFR_AC_HFC134a,CO2e_IPPU,,2032,,,,,,,1.0,,,,,,,,,,,,,,
0,0,BAU,,REFR_AC_HFC134a,CO2e_IPPU,,2033,,,,,,,1.0,,,,,,,,,,,,,,
0,0,BAU,,REFR_AC_HFC134a,CO2e_IPPU,,2034,,,,,,,1.0,,,,,,,,,,,,,,
0,0,BAU,,REFR_AC_HFC134a,CO2e_IPPU,,2035,,,,,,,1.0,,,,,,,,,,,,,,
0,0,BAU,,REFR_AC_HFC134a,CO2e_IPPU,,2036,,,,,,,1.0,,,,,,,,,,,,,,
0,0,BAU,,REFR_AC_HFC134a,CO2e_IPPU,,2037,,,,,,,1.0,,,,,,,,,,,,,,
0,0,BAU,,REFR_AC_HFC134a,CO2e_IPPU,,2038,,,,,,,1.0,,,,,,,,,,,,,,
0,0,BAU,,REFR_AC_HFC134a,CO2e_IPPU,,2039,,,,,,,1.0,,,,,,,,,,,,,,
0,0,BAU,,REFR_AC_HFC134a,CO2e_IPPU,,2040,,,,,,,1.0,,,,,,,,,,,,,,
0,0,BAU,,REFR_AC_HFC134a,CO2e_IPPU,,2041,,,,,,,1.0,,,,,,,,,,,,,,
0,0,BAU,,REFR_AC_HFC134a,CO2e_IPPU,,2042,,,,,,,1.0,,,,,,,,,,,,,,
0,0,BAU,,REFR_AC_HFC134a,CO2e_IPPU,,2043,,,,,,,1.0,,,,,,,,,,,,,,
0,0,BAU,,REFR_AC_HFC134a,CO2e_IPPU,,2044,,,,,,,1.0,,,,,,,,,,,,,,
0,0,BAU,,REFR_AC_HFC134a,CO2e_IPPU,,2045,,,,,,,1.0,,,,,,,,,,,,,,
0,0,BAU,,REFR_AC_HFC134a,CO2e_IPPU,,2046,,,,,,,1.0,,,,,,,,,,,,,,
0,0,BAU,,REFR_AC_HFC134a,CO2e_IPPU,,2047,,,,,,,1.0,,,,,,,,,,,,,,
0,0,BAU,,REFR_AC_HFC134a,CO2e_IPPU,,2048,,,,,,,1.0,,,,,,,,,,,,,,
0,0,BAU,,REFR_AC_HFC134a,CO2e_IPPU,,2049,,,,,,,1.0,,,,,,,,,,,,,,
0,0,BAU,,REFR_AC_HFC134a,CO2e_IPPU,,2050,,,,,,,1.0,,,,,,,,,,,,,,
0,0,BAU,,REFR_AC_HFC143a,CO2e_IPPU,,2018,,,,,,,1.0,,,,,,,,,,,,,,
0,0,BAU,,REFR_AC_HFC143a,CO2e_IPPU,,2019,,,,,,,1.0,,,,,,,,,,,,,,
0,0,BAU,,REFR_AC_HFC143a,CO2e_IPPU,,2020,,,,,,,1.0,,,,,,,,,,,,,,
0,0,BAU,,REFR_AC_HFC143a,CO2e_IPPU,,2021,,,,,,,1.0,,,,,,,,,,,,,,
0,0,BAU,,REFR_AC_HFC143a,CO2e_IPPU,,2022,,,,,,,1.0,,,,,,,,,,,,,,
0,0,BAU,,REFR_AC_HFC143a,CO2e_IPPU,,2023,,,,,,,1.0,,,,,,,,,,,,,,
0,0,BAU,,REFR_AC_HFC143a,CO2e_IPPU,,2024,,,,,,,1.0,,,,,,,,,,,,,,
0,0,BAU,,REFR_AC_HFC143a,CO2e_IPPU,,2025,,,,,,,1.0,,,,,,,,,,,,,,
0,0,BAU,,REFR_AC_HFC143a,CO2e_IPPU,,2026,,,,,,,1.0,,,,,,,,,,,,,,
0,0,BAU,,REFR_AC_HFC143a,CO2e_IPPU,,2027,,,,,,,1.0,,,,,,,,,,,,,,
0,0,BAU,,REFR_AC_HFC143a,CO2e_IPPU,,2028,,,,,,,1.0,,,,,,,,,,,,,,
0,0,BAU,,REFR_AC_HFC143a,CO2e_IPPU,,2029,,,,,,,1.0,,,,,,,,,,,,,,
0,0,BAU,,REFR_AC_HFC143a,CO2e_IPPU,,2030,,,,,,,1.0,,,,,,,,,,,,,,
0,0,BAU,,REFR_AC_HFC143a,CO2e_IPPU,,2031,,,,,,,1.0,,,,,,,,,,,,,,
0,0,BAU,,REFR_AC_HFC143a,CO2e_IPPU,,2032,,,,,,,1.0,,,,,,,,,,,,,,
0,0,BAU,,REFR_AC_HFC143a,CO2e_IPPU,,2033,,,,,,,1.0,,,,,,,,,,,,,,
0,0,BAU,,REFR_AC_HFC143a,CO2e_IPPU,,2034,,,,,,,1.0,,,,,,,,,,,,,,
0,0,BAU,,REFR_AC_HFC143a,CO2e_IPPU,,2035,,,,,,,1.0,,,,,,,,,,,,,,
0,0,BAU,,REFR_AC_HFC143a,CO2e_IPPU,,2036,,,,,,,1.0,,,,,,,,,,,,,,
0,0,BAU,,REFR_AC_HFC143a,CO2e_IPPU,,2037,,,,,,,1.0,,,,,,,,,,,,,,
0,0,BAU,,REFR_AC_HFC143a,CO2e_IPPU,,2038,,,,,,,1.0,,,,,,,,,,,,,,
0,0,BAU,,REFR_AC_HFC143a,CO2e_IPPU,,2039,,,,,,,1.0,,,,,,,,,,,,,,
0,0,BAU,,REFR_AC_HFC143a,CO2e_IPPU,,2040,,,,,,,1.0,,,,,,,,,,,,,,
0,0,BAU,,REFR_AC_HFC143a,CO2e_IPPU,,2041,,,,,,,1.0,,,,,,,,,,,,,,
0,0,BAU,,REFR_AC_HFC143a,CO2e_IPPU,,2042,,,,,,,1.0,,,,,,,,,,,,,,
0,0,BAU,,REFR_AC_HFC143a,CO2e_IPPU,,2043,,,,,,,1.0,,,,,,,,,,,,,,
0,0,BAU,,REFR_AC_HFC143a,CO2e_IPPU,,2044,,,,,,,1.0,,,,,,,,,,,,,,
0,0,BAU,,REFR_AC_HFC143a,CO2e_IPPU,,2045,,,,,,,1.0,,,,,,,,,,,,,,
0,0,BAU,,REFR_AC_HFC143a,CO2e_IPPU,,2046,,,,,,,1.0,,,,,,,,,,,,,,
0,0,BAU,,REFR_AC_HFC143a,CO2e_IPPU,,2047,,,,,,,1.0,,,,,,,,,,,,,,
0,0,BAU,,REFR_AC_HFC143a,CO2e_IPPU,,2048,,,,,,,1.0,,,,,,,,,,,,,,
0,0,BAU,,REFR_AC_HFC143a,CO2e_IPPU,,2049,,,,,,,1.0,,,,,,,,,,,,,,
0,0,BAU,,REFR_AC_HFC143a,CO2e_IPPU,,2050,,,,,,,1.0,,,,,,,,,,,,,,
0,0,BAU,,REFR_AC_HFC32,,,2018,,,,,,,,0.0,,,,,,0.0462,0.0462,,,,,,
0,0,BAU,,REFR_AC_HFC32,,,2019,,,,,,,,0.0,,,,,,0.0579,0.0579,,,,,,
0,0,BAU,,REFR_AC_HFC32,,,2020,,,,,,,,0.0,,,,,,0.0696,0.0696,,,,,,
0,0,BAU,,REFR_AC_HFC32,,,2021,,,,,,,,0.0,,,,,,0.0708,0.0708,,,,,,
0,0,BAU,,REFR_AC_HFC32,,,2022,,,,,,,,0.0,,,,,,0.0879,0.0879,,,,,,
0,0,BAU,,REFR_AC_HFC32,,,2023,,,,,,,,0.0,,,,,,0.0905,0.0905,,,,,,
0,0,BAU,,REFR_AC_HFC32,,,2024,,,,,,,,0.0,,,,,,0.0933,0.0933,,,,,,
0,0,BAU,,REFR_AC_HFC32,,,2025,,,,,,,,0.0,,,,,,0.0961,0.0961,,,,,,
0,0,BAU,,REFR_AC_HFC32,,,2026,,,,,,,,0.0,,,,,,0.0989,0.0989,,,,,,
0,0,BAU,,REFR_AC_HFC32,,,2027,,,,,,,,0.0,,,,,,0.1019,0.1019,,,,,,
0,0,BAU,,REFR_AC_HFC32,,,2028,,,,,,,,0.0,,,,,,0.105,0.105,,,,,,
0,0,BAU,,REFR_AC_HFC32,,,2029,,,,,,,,0.0,,,,,,0.1081,0.1081,,,,,,
0,0,BAU,,REFR_AC_HFC32,,,2030,,,,,,,,0.0,,,,,,0.1113,0.1113,,,,,,
0,0,BAU,,REFR_AC_HFC32,,,2031,,,,,,,,0.0,,,,,,0.1147,0.1147,,,,,,
0,0,BAU,,REFR_AC_HFC32,,,2032,,,,,,,,0.0,,,,,,0.1181,0.1181,,,,,,
0,0,BAU,,REFR_AC_HFC32,,,2033,,,,,,,,0.0,,,,,,0.1217,0.1217,,,,,,
0,0,BAU,,REFR_AC_HFC32,,,2034,,,,,,,,0.0,,,,,,0.1253,0.1253,,,,,,
0,0,BAU,,REFR_AC_HFC32,,,2035,,,,,,,,0.0,,,,,,0.1291,0.1291,,,,,,
0,0,BAU,,REFR_AC_HFC32,,,2036,,,,,,,,0.0,,,,,,0.133,0.133,,,,,,
0,0,BAU,,REFR_AC_HFC32,,,2037,,,,,,,,0.0,,,,,,0.1369,0.1369,,,,,,
0,0,BAU,,REFR_AC_HFC32,,,2038,,,,,,,,0.0,,,,,,0.1411,0.1411,,,,,,
0,0,BAU,,REFR_AC_HFC32,,,2039,,,,,,,,0.0,,,,,,0.1453,0.1453,,,,,,
0,0,BAU,,REFR_AC_HFC32,,,2040,,,,,,,,0.0,,,,,,0.1496,0.1496,,,,,,
0,0,BAU,,REFR_AC_HFC32,,,2041,,,,,,,,0.0,,,,,,0.1541,0.1541,,,,,,
0,0,BAU,,REFR_AC_HFC32,,,2042,,,,,,,,0.0,,,,,,0.1588,0.1588,,,,,,
0,0,BAU,,REFR_AC_HFC32,,,2043,,,,,,,,0.0,,,,,,0.1635,0.1635,,,,,,
0,0,BAU,,REFR_AC_HFC32,,,2044,,,,,,,,0.0,,,,,,0.1684,0.1684,,,,,,
0,0,BAU,,REFR_AC_HFC32,,,2045,,,,,,,,0.0,,,,,,0.1735,0.1735,,,,,,
0,0,BAU,,REFR_AC_HFC32,,,2046,,,,,,,,0.0,,,,,,0.1787,0.1787,,,,,,
0,0,BAU,,REFR_AC_HFC32,,,2047,,,,,,,,0.0,,,,,,0.184,0.184,,,,,,
0,0,BAU,,REFR_AC_HFC32,,,2048,,,,,,,,0.0,,,,,,0.1896,0.1896,,,,,,
0,0,BAU,,REFR_AC_HFC32,,,2049,,,,,,,,0.0,,,,,,0.1953,0.1953,,,,,,
0,0,BAU,,REFR_AC_HFC32,,,2050,,,,,,,,0.0,,,,,,0.2011,0.2011,,,,,,
0,0,BAU,,REFR_AC_HFC125,,,2018,,,,,,,,0.0,,,,,,0.4657,0.4657,,,,,,
0,0,BAU,,REFR_AC_HFC125,,,2019,,,,,,,,0.0,,,,,,0.555,0.555,,,,,,
0,0,BAU,,REFR_AC_HFC125,,,2020,,,,,,,,0.0,,,,,,0.6443,0.6443,,,,,,
0,0,BAU,,REFR_AC_HFC125,,,2021,,,,,,,,0.0,,,,,,0.6443,0.6443,,,,,,
0,0,BAU,,REFR_AC_HFC125,,,2022,,,,,,,,0.0,,,,,,0.723,0.723,,,,,,
0,0,BAU,,REFR_AC_HFC125,,,2023,,,,,,,,0.0,,,,,,0.7447,0.7447,,,,,,
0,0,BAU,,REFR_AC_HFC125,,,2024,,,,,,,,0.0,,,,,,0.767,0.767,,,,,,
0,0,BAU,,REFR_AC_HFC125,,,2025,,,,,,,,0.0,,,,,,0.79,0.79,,,,,,
0,0,BAU,,REFR_AC_HFC125,,,2026,,,,,,,,0.0,,,,,,0.8137,0.8137,,,,,,
0,0,BAU,,REFR_AC_HFC125,,,2027,,,,,,,,0.0,,,,,,0.8382,0.8382,,,,,,
0,0,BAU,,REFR_AC_HFC125,,,2028,,,,,,,,0.0,,,,,,0.8633,0.8633,,,,,,
0,0,BAU,,REFR_AC_HFC125,,,2029,,,,,,,,0.0,,,,,,0.8892,0.8892,,,,,,
0,0,BAU,,REFR_AC_HFC125,,,2030,,,,,,,,0.0,,,,,,0.9159,0.9159,,,,,,
0,0,BAU,,REFR_AC_HFC125,,,2031,,,,,,,,0.0,,,,,,0.9434,0.9434,,,,,,
0,0,BAU,,REFR_AC_HFC125,,,2032,,,,,,,,0.0,,,,,,0.9717,0.9717,,,,,,
0,0,BAU,,REFR_AC_HFC125,,,2033,,,,,,,,0.0,,,,,,1.0008,1.0008,,,,,,
0,0,BAU,,REFR_AC_HFC125,,,2034,,,,,,,,0.0,,,,,,1.0308,1.0308,,,,,,
0,0,BAU,,REFR_AC_HFC125,,,2035,,,,,,,,0.0,,,,,,1.0617,1.0617,,,,,,
0,0,BAU,,REFR_AC_HFC125,,,2036,,,,,,,,0.0,,,,,,1.0936,1.0936,,,,,,
0,0,BAU,,REFR_AC_HFC125,,,2037,,,,,,,,0.0,,,,,,1.1264,1.1264,,,,,,
0,0,BAU,,REFR_AC_HFC125,,,2038,,,,,,,,0.0,,,,,,1.1602,1.1602,,,,,,
0,0,BAU,,REFR_AC_HFC125,,,2039,,,,,,,,0.0,,,,,,1.195,1.195,,,,,,
0,0,BAU,,REFR_AC_HFC125,,,2040,,,,,,,,0.0,,,,,,1.2309,1.2309,,,,,,
0,0,BAU,,REFR_AC_HFC125,,,2041,,,,,,,,0.0,,,,,,1.2678,1.2678,,,,,,
0,0,BAU,,REFR_AC_HFC125,,,2042,,,,,,,,0.0,,,,,,1.3058,1.3058,,,,,,
0,0,BAU,,REFR_AC_HFC125,,,2043,,,,,,,,0.0,,,,,,1.345,1.345,,,,,,
0,0,BAU,,REFR_AC_HFC125,,,2044,,,,,,,,0.0,,,,,,1.3853,1.3853,,,,,,
0,0,BAU,,REFR_AC_HFC125,,,2045,,,,,,,,0.0,,,,,,1.4269,1.4269,,,,,,
0,0,BAU,,REFR_AC_HFC125,,,2046,,,,,,,,0.0,,,,,,1.4697,1.4697,,,,,,
0,0,BAU,,REFR_AC_HFC125,,,2047,,,,,,,,0.0,,,,,,1.5138,1.5138,,,,,,
0,0,BAU,,REFR_AC_HFC125,,,2048,,,,,,,,0.0,,,,,,1.5592,1.5592,,,,,,
0,0,BAU,,REFR_AC_HFC125,,,2049,,,,,,,,0.0,,,,,,1.606,1.606,,,,,,
0,0,BAU,,REFR_AC_HFC125,,,2050,,,,,,,,0.0,,,,,,1.6542,1.6542,,,,,,
0,0,BAU,,REFR_AC_HFC134a,,,2018,,,,,,,,0.0,,,,,,0.7757,0.7757,,,,,,
0,0,BAU,,REFR_AC_HFC134a,,,2019,,,,,,,,0.0,,,,,,0.8357,0.8357,,,,,,
0,0,BAU,,REFR_AC_HFC134a,,,2020,,,,,,,,0.0,,,,,,0.8957,0.8957,,,,,,
0,0,BAU,,REFR_AC_HFC134a,,,2021,,,,,,,,0.0,,,,,,0.9473,0.9473,,,,,,
0,0,BAU,,REFR_AC_HFC134a,,,2022,,,,,,,,0.0,,,,,,1.0229,1.0229,,,,,,
0,0,BAU,,REFR_AC_HFC134a,,,2023,,,,,,,,0.0,,,,,,1.0536,1.0536,,,,,,
0,0,BAU,,REFR_AC_HFC134a,,,2024,,,,,,,,0.0,,,,,,1.0852,1.0852,,,,,,
0,0,BAU,,REFR_AC_HFC134a,,,2025,,,,,,,,0.0,,,,,,1.1178,1.1178,,,,,,
0,0,BAU,,REFR_AC_HFC134a,,,2026,,,,,,,,0.0,,,,,,1.1513,1.1513,,,,,,
0,0,BAU,,REFR_AC_HFC134a,,,2027,,,,,,,,0.0,,,,,,1.1858,1.1858,,,,,,
0,0,BAU,,REFR_AC_HFC134a,,,2028,,,,,,,,0.0,,,,,,1.2214,1.2214,,,,,,
0,0,BAU,,REFR_AC_HFC134a,,,2029,,,,,,,,0.0,,,,,,1.258,1.258,,,,,,
0,0,BAU,,REFR_AC_HFC134a,,,2030,,,,,,,,0.0,,,,,,1.2958,1.2958,,,,,,
0,0,BAU,,REFR_AC_HFC134a,,,2031,,,,,,,,0.0,,,,,,1.3347,1.3347,,,,,,
0,0,BAU,,REFR_AC_HFC134a,,,2032,,,,,,,,0.0,,,,,,1.3747,1.3747,,,,,,
0,0,BAU,,REFR_AC_HFC134a,,,2033,,,,,,,,0.0,,,,,,1.4159,1.4159,,,,,,
0,0,BAU,,REFR_AC_HFC134a,,,2034,,,,,,,,0.0,,,,,,1.4584,1.4584,,,,,,
0,0,BAU,,REFR_AC_HFC134a,,,2035,,,,,,,,0.0,,,,,,1.5022,1.5022,,,,,,
0,0,BAU,,REFR_AC_HFC134a,,,2036,,,,,,,,0.0,,,,,,1.5472,1.5472,,,,,,
0,0,BAU,,REFR_AC_HFC134a,,,2037,,,,,,,,0.0,,,,,,1.5936,1.5936,,,,,,
0,0,BAU,,REFR_AC_HFC134a,,,2038,,,,,,,,0.0,,,,,,1.6415,1.6415,,,,,,
0,0,BAU,,REFR_AC_HFC134a,,,2039,,,,,,,,0.0,,,,,,1.6907,1.6907,,,,,,
0,0,BAU,,REFR_AC_HFC134a,,,2040,,,,,,,,0.0,,,,,,1.7414,1.7414,,,,,,
0,0,BAU,,REFR_AC_HFC134a,,,2041,,,,,,,,0.0,,,,,,1.7937,1.7937,,,,,,
0,0,BAU,,REFR_AC_HFC134a,,,2042,,,,,,,,0.0,,,,,,1.8475,1.8475,,,,,,
0,0,BAU,,REFR_AC_HFC134a,,,2043,,,,,,,,0.0,,,,,,1.9029,1.9029,,,,,,
0,0,BAU,,REFR_AC_HFC134a,,,2044,,,,,,,,0.0,,,,,,1.96,1.96,,,,,,
0,0,BAU,,REFR_AC_HFC134a,,,2045,,,,,,,,0.0,,,,,,2.0188,2.0188,,,,,,
0,0,BAU,,REFR_AC_HFC134a,,,2046,,,,,,,,0.0,,,,,,2.0793,2.0793,,,,,,
0,0,BAU,,REFR_AC_HFC134a,,,2047,,,,,,,,0.0,,,,,,2.1417,2.1417,,,,,,
0,0,BAU,,REFR_AC_HFC134a,,,2048,,,,,,,,0.0,,,,,,2.206,2.206,,,,,,
0,0,BAU,,REFR_AC_HFC134a,,,2049,,,,,,,,0.0,,,,,,2.2722,2.2722,,,,,,
0,0,BAU,,REFR_AC_HFC134a,,,2050,,,,,,,,0.0,,,,,,2.3403,2.3403,,,,,,
0,0,BAU,,REFR_AC_HFC143a,,,2018,,,,,,,,0.0,,,,,,0.384,0.384,,,,,,
0,0,BAU,,REFR_AC_HFC143a,,,2019,,,,,,,,0.0,,,,,,0.4552,0.4552,,,,,,
0,0,BAU,,REFR_AC_HFC143a,,,2020,,,,,,,,0.0,,,,,,0.5263,0.5263,,,,,,
0,0,BAU,,REFR_AC_HFC143a,,,2021,,,,,,,,0.0,,,,,,0.5263,0.5263,,,,,,
0,0,BAU,,REFR_AC_HFC143a,,,2022,,,,,,,,0.0,,,,,,0.5263,0.5263,,,,,,
0,0,BAU,,REFR_AC_HFC143a,,,2023,,,,,,,,0.0,,,,,,0.5421,0.5421,,,,,,
0,0,BAU,,REFR_AC_HFC143a,,,2024,,,,,,,,0.0,,,,,,0.5584,0.5584,,,,,,
0,0,BAU,,REFR_AC_HFC143a,,,2025,,,,,,,,0.0,,,,,,0.5751,0.5751,,,,,,
0,0,BAU,,REFR_AC_HFC143a,,,2026,,,,,,,,0.0,,,,,,0.5924,0.5924,,,,,,
0,0,BAU,,REFR_AC_HFC143a,,,2027,,,,,,,,0.0,,,,,,0.6101,0.6101,,,,,,
0,0,BAU,,REFR_AC_HFC143a,,,2028,,,,,,,,0.0,,,,,,0.6284,0.6284,,,,,,
0,0,BAU,,REFR_AC_HFC143a,,,2029,,,,,,,,0.0,,,,,,0.6473,0.6473,,,,,,
0,0,BAU,,REFR_AC_HFC143a,,,2030,,,,,,,,0.0,,,,,,0.6667,0.6667,,,,,,
0,0,BAU,,REFR_AC_HFC143a,,,2031,,,,,,,,0.0,,,,,,0.6867,0.6867,,,,,,
0,0,BAU,,REFR_AC_HFC143a,,,2032,,,,,,,,0.0,,,,,,0.7073,0.7073,,,,,,
0,0,BAU,,REFR_AC_HFC143a,,,2033,,,,,,,,0.0,,,,,,0.7285,0.7285,,,,,,
0,0,BAU,,REFR_AC_HFC143a,,,2034,,,,,,,,0.0,,,,,,0.7504,0.7504,,,,,,
0,0,BAU,,REFR_AC_HFC143a,,,2035,,,,,,,,0.0,,,,,,0.7729,0.7729,,,,,,
0,0,BAU,,REFR_AC_HFC143a,,,2036,,,,,,,,0.0,,,,,,0.7961,0.7961,,,,,,
0,0,BAU,,REFR_AC_HFC143a,,,2037,,,,,,,,0.0,,,,,,0.82,0.82,,,,,,
0,0,BAU,,REFR_AC_HFC143a,,,2038,,,,,,,,0.0,,,,,,0.8446,0.8446,,,,,,
0,0,BAU,,REFR_AC_HFC143a,,,2039,,,,,,,,0.0,,,,,,0.8699,0.8699,,,,,,
0,0,BAU,,REFR_AC_HFC143a,,,2040,,,,,,,,0.0,,,,,,0.896,0.896,,,,,,
0,0,BAU,,REFR_AC_HFC143a,,,2041,,,,,,,,0.0,,,,,,0.9229,0.9229,,,,,,
0,0,BAU,,REFR_AC_HFC143a,,,2042,,,,,,,,0.0,,,,,,0.9506,0.9506,,,,,,
0,0,BAU,,REFR_AC_HFC143a,,,2043,,,,,,,,0.0,,,,,,0.9791,0.9791,,,,,,
0,0,BAU,,REFR_AC_HFC143a,,,2044,,,,,,,,0.0,,,,,,1.0084,1.0084,,,,,,
0,0,BAU,,REFR_AC_HFC143a,,,2045,,,,,,,,0.0,,,,,,1.0387,1.0387,,,,,,
0,0,BAU,,REFR_AC_HFC143a,,,2046,,,,,,,,0.0,,,,,,1.0699,1.0699,,,,,,
0,0,BAU,,REFR_AC_HFC143a,,,2047,,,,,,,,0.0,,,,,,1.102,1.102,,,,,,
0,0,BAU,,REFR_AC_HFC143a,,,2048,,,,,,,,0.0,,,,,,1.135,1.135,,,,,,
0,0,BAU,,REFR_AC_HFC143a,,,2049,,,,,,,,0.0,,,,,,1.1691,1.1691,,,,,,
0,0,BAU,,REFR_AC_HFC143a,,,2050,,,,,,,,0.0,,,,,,1.2041,1.2041,,,,,,
0,0,BAU,,IMP_STOR,,,2018,,,,,,,,,,,,,,0.6397,,,,,,,
0,0,BAU,,IMP_STOR,,,2019,,,,,,,,,,,,,,0.6596,,,,,,,
0,0,BAU,,IMP_STOR,,,2020,,,,,,,,,,,,,,0.586,,,,,,,
0,0,BAU,,IMP_STOR,,,2021,,,,,,,,,,,,,,0.9822,,,,,,,
0,0,BAU,,IMP_STOR,,,2022,,,,,,,,,,,,,,0.8009,,,,,,,
0,0,BAU,,IMP_STOR,,,2023,,,,,,,,,,,,,,0.8177,,,,,,,
0,0,BAU,,IMP_STOR,,,2024,,,,,,,,,,,,,,0.8481,,,,,,,
0,0,BAU,,IMP_STOR,,,2025,,,,,,,,,,,,,,0.8786,,,,,,,
0,0,BAU,,IMP_STOR,,,2026,,,,,,,,,,,,,,0.9076,,,,,,,
0,0,BAU,,IMP_STOR,,,2027,,,,,,,,,,,,,,0.937,,,,,,,
0,0,BAU,,IMP_STOR,,,2028,,,,,,,,,,,,,,0.9683,,,,,,,
0,0,BAU,,IMP_STOR,,,2029,,,,,,,,,,,,,,0.9985,,,,,,,
0,0,BAU,,IMP_STOR,,,2030,,,,,,,,,,,,,,1.0286,,,,,,,
0,0,BAU,,IMP_STOR,,,2031,,,,,,,,,,,,,,1.056,,,,,,,
0,0,BAU,,IMP_STOR,,,2032,,,,,,,,,,,,,,1.0839,,,,,,,
0,0,BAU,,IMP_STOR,,,2033,,,,,,,,,,,,,,1.1124,,,,,,,
0,0,BAU,,IMP_STOR,,,2034,,,,,,,,,,,,,,1.1416,,,,,,,
0,0,BAU,,IMP_STOR,,,2035,,,,,,,,,,,,,,1.1713,,,,,,,
0,0,BAU,,IMP_STOR,,,2036,,,,,,,,,,,,,,1.1964,,,,,,,
0,0,BAU,,IMP_STOR,,,2037,,,,,,,,,,,,,,1.222,,,,,,,
0,0,BAU,,IMP_STOR,,,2038,,,,,,,,,,,,,,1.2479,,,,,,,
0,0,BAU,,IMP_STOR,,,2039,,,,,,,,,,,,,,1.2743,,,,,,,
0,0,BAU,,IMP_STOR,,,2040,,,,,,,,,,,,,,1.3012,,,,,,,
0,0,BAU,,IMP_STOR,,,2041,,,,,,,,,,,,,,1.323,,,,,,,
0,0,BAU,,IMP_STOR,,,2042,,,,,,,,,,,,,,1.3452,,,,,,,
0,0,BAU,,IMP_STOR,,,2043,,,,,,,,,,,,,,1.3676,,,,,,,
0,0,BAU,,IMP_STOR,,,2044,,,,,,,,,,,,,,1.3904,,,,,,,
0,0,BAU,,IMP_STOR,,,2045,,,,,,,,,,,,,,1.4134,,,,,,,
0,0,BAU,,IMP_STOR,,,2046,,,,,,,,,,,,,,1.4313,,,,,,,
0,0,BAU,,IMP_STOR,,,2047,,,,,,,,,,,,,,1.4494,,,,,,,
0,0,BAU,,IMP_STOR,,,2048,,,,,,,,,,,,,,1.4677,,,,,,,
0,0,BAU,,IMP_STOR,,,2049,,,,,,,,,,,,,,1.4861,,,,,,,
0,0,BAU,,IMP_STOR,,,2050,,,,,,,,,,,,,,1.5047,,,,,,,
0,0,BAU,,LIME_PROD,,,2018,,,,,,,,,,,,,,0.4466,0.4466,,,,,,
0,0,BAU,,LIME_PROD,,,2019,,,,,,,,,,,,,,0.4216,0.4216,,,,,,
0,0,BAU,,LIME_PROD,,,2020,,,,,,,,,,,,,,0.4851,0.4851,,,,,,
0,0,BAU,,LIME_PROD,,,2021,,,,,,,,,,,,,,0.5547,0.5547,,,,,,
0,0,BAU,,LIME_PROD,,,2022,,,,,,,,,,,,,,0.5264,0.5264,,,,,,
0,0,BAU,,LIME_PROD,,,2023,,,,,,,,,,,,,,0.5374,0.5374,,,,,,
0,0,BAU,,LIME_PROD,,,2024,,,,,,,,,,,,,,0.5574,0.5574,,,,,,
0,0,BAU,,LIME_PROD,,,2025,,,,,,,,,,,,,,0.5775,0.5775,,,,,,
0,0,BAU,,LIME_PROD,,,2026,,,,,,,,,,,,,,0.5965,0.5965,,,,,,
0,0,BAU,,LIME_PROD,,,2027,,,,,,,,,,,,,,0.6158,0.6158,,,,,,
0,0,BAU,,LIME_PROD,,,2028,,,,,,,,,,,,,,0.6364,0.6364,,,,,,
0,0,BAU,,LIME_PROD,,,2029,,,,,,,,,,,,,,0.6563,0.6563,,,,,,
0,0,BAU,,LIME_PROD,,,2030,,,,,,,,,,,,,,0.6761,0.6761,,,,,,
0,0,BAU,,LIME_PROD,,,2031,,,,,,,,,,,,,,0.694,0.694,,,,,,
0,0,BAU,,LIME_PROD,,,2032,,,,,,,,,,,,,,0.7124,0.7124,,,,,,
0,0,BAU,,LIME_PROD,,,2033,,,,,,,,,,,,,,0.7312,0.7312,,,,,,
0,0,BAU,,LIME_PROD,,,2034,,,,,,,,,,,,,,0.7503,0.7503,,,,,,
0,0,BAU,,LIME_PROD,,,2035,,,,,,,,,,,,,,0.7698,0.7698,,,,,,
0,0,BAU,,LIME_PROD,,,2036,,,,,,,,,,,,,,0.7864,0.7864,,,,,,
0,0,BAU,,LIME_PROD,,,2037,,,,,,,,,,,,,,0.8031,0.8031,,,,,,
0,0,BAU,,LIME_PROD,,,2038,,,,,,,,,,,,,,0.8202,0.8202,,,,,,
0,0,BAU,,LIME_PROD,,,2039,,,,,,,,,,,,,,0.8376,0.8376,,,,,,
0,0,BAU,,LIME_PROD,,,2040,,,,,,,,,,,,,,0.8552,0.8552,,,,,,
0,0,BAU,,LIME_PROD,,,2041,,,,,,,,,,,,,,0.8696,0.8696,,,,,,
0,0,BAU,,LIME_PROD,,,2042,,,,,,,,,,,,,,0.8841,0.8841,,,,,,
0,0,BAU,,LIME_PROD,,,2043,,,,,,,,,,,,,,0.8989,0.8989,,,,,,
0,0,BAU,,LIME_PROD,,,2044,,,,,,,,,,,,,,0.9138,0.9138,,,,,,
0,0,BAU,,LIME_PROD,,,2045,,,,,,,,,,,,,,0.929,0.929,,,,,,
0,0,BAU,,LIME_PROD,,,2046,,,,,,,,,,,,,,0.9407,0.9407,,,,,,
0,0,BAU,,LIME_PROD,,,2047,,,,,,,,,,,,,,0.9526,0.9526,,,,,,
0,0,BAU,,LIME_PROD,,,2048,,,,,,,,,,,,,,0.9646,0.9646,,,,,,
0,0,BAU,,LIME_PROD,,,2049,,,,,,,,,,,,,,0.9768,0.9768,,,,,,
0,0,BAU,,LIME_PROD,,,2050,,,,,,,,,,,,,,0.989,0.989,,,,,,
0,0,BAU,,CARBONATE,,,2018,,,,,,,,,,,,,,0.0079,0.0079,,,,,,
0,0,BAU,,CARBONATE,,,2019,,,,,,,,,,,,,,0.0062,0.0062,,,,,,
0,0,BAU,,CARBONATE,,,2020,,,,,,,,,,,,,,0.0078,0.0078,,,,,,
0,0,BAU,,CARBONATE,,,2021,,,,,,,,,,,,,,0.0096,0.0096,,,,,,
0,0,BAU,,CARBONATE,,,2022,,,,,,,,,,,,,,0.0106,0.0106,,,,,,
0,0,BAU,,CARBONATE,,,2023,,,,,,,,,,,,,,0.0106,0.0106,,,,,,
0,0,BAU,,CARBONATE,,,2024,,,,,,,,,,,,,,0.0109,0.0109,,,,,,
0,0,BAU,,CARBONATE,,,2025,,,,,,,,,,,,,,0.0112,0.0112,,,,,,
0,0,BAU,,CARBONATE,,,2026,,,,,,,,,,,,,,0.0115,0.0115,,,,,,
0,0,BAU,,CARBONATE,,,2027,,,,,,,,,,,,,,0.0118,0.0118,,,,,,
0,0,BAU,,CARBONATE,,,2028,,,,,,,,,,,,,,0.0121,0.0121,,,,,,
0,0,BAU,,CARBONATE,,,2029,,,,,,,,,,,,,,0.0124,0.0124,,,,,,
0,0,BAU,,CARBONATE,,,2030,,,,,,,,,,,,,,0.0127,0.0127,,,,,,
0,0,BAU,,CARBONATE,,,2031,,,,,,,,,,,,,,0.013,0.013,,,,,,
0,0,BAU,,CARBONATE,,,2032,,,,,,,,,,,,,,0.0133,0.0133,,,,,,
0,0,BAU,,CARBONATE,,,2033,,,,,,,,,,,,,,0.0136,0.0136,,,,,,
0,0,BAU,,CARBONATE,,,2034,,,,,,,,,,,,,,0.0139,0.0139,,,,,,
0,0,BAU,,CARBONATE,,,2035,,,,,,,,,,,,,,0.0142,0.0142,,,,,,
0,0,BAU,,CARBONATE,,,2036,,,,,,,,,,,,,,0.0144,0.0144,,,,,,
0,0,BAU,,CARBONATE,,,2037,,,,,,,,,,,,,,0.0146,0.0146,,,,,,
0,0,BAU,,CARBONATE,,,2038,,,,,,,,,,,,,,0.0148,0.0148,,,,,,
0,0,BAU,,CARBONATE,,,2039,,,,,,,,,,,,,,0.015,0.015,,,,,,
0,0,BAU,,CARBONATE,,,2040,,,,,,,,,,,,,,0.0152,0.0152,,,,,,
0,0,BAU,,CARBONATE,,,2041,,,,,,,,,,,,,,0.0154,0.0154,,,,,,
0,0,BAU,,CARBONATE,,,2042,,,,,,,,,,,,,,0.0156,0.0156,,,,,,
0,0,BAU,,CARBONATE,,,2043,,,,,,,,,,,,,,0.0158,0.0158,,,,,,
0,0,BAU,,CARBONATE,,,2044,,,,,,,,,,,,,,0.016,0.016,,,,,,
0,0,BAU,,CARBONATE,,,2045,,,,,,,,,,,,,,0.0162,0.0162,,,,,,
0,0,BAU,,CARBONATE,,,2046,,,,,,,,,,,,,,0.0164,0.0164,,,,,,
0,0,BAU,,CARBONATE,,,2047,,,,,,,,,,,,,,0.0166,0.0166,,,,,,
0,0,BAU,,CARBONATE,,,2048,,,,,,,,,,,,,,0.0168,0.0168,,,,,,
0,0,BAU,,CARBONATE,,,2049,,,,,,,,,,,,,,0.017,0.017,,,,,,
0,0,BAU,,CARBONATE,,,2050,,,,,,,,,,,,,,0.0172,0.0172,,,,,,
0,0,BAU,,CARBIDE_PROD,,,2018,,,,,,,,,,,,,,0.3796,0.3796,,,,,,
0,0,BAU,,CARBIDE_PROD,,,2019,,,,,,,,,,,,,,0.4179,0.4179,,,,,,
0,0,BAU,,CARBIDE_PROD,,,2020,,,,,,,,,,,,,,0.4058,0.4058,,,,,,
0,0,BAU,,CARBIDE_PROD,,,2021,,,,,,,,,,,,,,0.2937,0.2937,,,,,,
0,0,BAU,,CARBIDE_PROD,,,2022,,,,,,,,,,,,,,0.551,0.551,,,,,,
0,0,BAU,,CARBIDE_PROD,,,2023,,,,,,,,,,,,,,0.5494,0.5494,,,,,,
0,0,BAU,,CARBIDE_PROD,,,2024,,,,,,,,,,,,,,0.5647,0.5647,,,,,,
0,0,BAU,,CARBIDE_PROD,,,2025,,,,,,,,,,,,,,0.58,0.58,,,,,,
0,0,BAU,,CARBIDE_PROD,,,2026,,,,,,,,,,,,,,0.5944,0.5944,,,,,,
0,0,BAU,,CARBIDE_PROD,,,2027,,,,,,,,,,,,,,0.6089,0.6089,,,,,,
0,0,BAU,,CARBIDE_PROD,,,2028,,,,,,,,,,,,,,0.6242,0.6242,,,,,,
0,0,BAU,,CARBIDE_PROD,,,2029,,,,,,,,,,,,,,0.6388,0.6388,,,,,,
0,0,BAU,,CARBIDE_PROD,,,2030,,,,,,,,,,,,,,0.6533,0.6533,,,,,,
0,0,BAU,,CARBIDE_PROD,,,2031,,,,,,,,,,,,,,0.6664,0.6664,,,,,,
0,0,BAU,,CARBIDE_PROD,,,2032,,,,,,,,,,,,,,0.6797,0.6797,,,,,,
0,0,BAU,,CARBIDE_PROD,,,2033,,,,,,,,,,,,,,0.6932,0.6932,,,,,,
0,0,BAU,,CARBIDE_PROD,,,2034,,,,,,,,,,,,,,0.7068,0.7068,,,,,,
0,0,BAU,,CARBIDE_PROD,,,2035,,,,,,,,,,,,,,0.7206,0.7206,,,,,,
0,0,BAU,,CARBIDE_PROD,,,2036,,,,,,,,,,,,,,0.7322,0.7322,,,,,,
0,0,BAU,,CARBIDE_PROD,,,2037,,,,,,,,,,,,,,0.744,0.744,,,,,,
0,0,BAU,,CARBIDE_PROD,,,2038,,,,,,,,,,,,,,0.7559,0.7559,,,,,,
0,0,BAU,,CARBIDE_PROD,,,2039,,,,,,,,,,,,,,0.7679,0.7679,,,,,,
0,0,BAU,,CARBIDE_PROD,,,2040,,,,,,,,,,,,,,0.7801,0.7801,,,,,,
0,0,BAU,,CARBIDE_PROD,,,2041,,,,,,,,,,,,,,0.79,0.79,,,,,,
0,0,BAU,,CARBIDE_PROD,,,2042,,,,,,,,,,,,,,0.7999,0.7999,,,,,,
0,0,BAU,,CARBIDE_PROD,,,2043,,,,,,,,,,,,,,0.8099,0.8099,,,,,,
0,0,BAU,,CARBIDE_PROD,,,2044,,,,,,,,,,,,,,0.82,0.82,,,,,,
0,0,BAU,,CARBIDE_PROD,,,2045,,,,,,,,,,,,,,0.8302,0.8302,,,,,,
0,0,BAU,,CARBIDE_PROD,,,2046,,,,,,,,,,,,,,0.8381,0.8381,,,,,,
0,0,BAU,,CARBIDE_PROD,,,2047,,,,,,,,,,,,,,0.8461,0.8461,,,,,,
0,0,BAU,,CARBIDE_PROD,,,2048,,,,,,,,,,,,,,0.8541,0.8541,,,,,,
0,0,BAU,,CARBIDE_PROD,,,2049,,,,,,,,,,,,,,0.8622,0.8622,,,,,,
0,0,BAU,,CARBIDE_PROD,,,2050,,,,,,,,,,,,,,0.8703,0.8703,,,,,,
0,0,BAU,,PROD_FERRO,,,2018,,,,,,,,,,,,,,0.0537,0.0537,,,,,,
0,0,BAU,,PROD_FERRO,,,2019,,,,,,,,,,,,,,0.0592,0.0592,,,,,,
0,0,BAU,,PROD_FERRO,,,2020,,,,,,,,,,,,,,0.0759,0.0759,,,,,,
0,0,BAU,,PROD_FERRO,,,2021,,,,,,,,,,,,,,0.0789,0.0789,,,,,,
0,0,BAU,,PROD_FERRO,,,2022,,,,,,,,,,,,,,0.0787,0.0787,,,,,,
0,0,BAU,,PROD_FERRO,,,2023,,,,,,,,,,,,,,0.0803,0.0803,,,,,,
0,0,BAU,,PROD_FERRO,,,2024,,,,,,,,,,,,,,0.0833,0.0833,,,,,,
0,0,BAU,,PROD_FERRO,,,2025,,,,,,,,,,,,,,0.0863,0.0863,,,,,,
0,0,BAU,,PROD_FERRO,,,2026,,,,,,,,,,,,,,0.0891,0.0891,,,,,,
0,0,BAU,,PROD_FERRO,,,2027,,,,,,,,,,,,,,0.092,0.092,,,,,,
0,0,BAU,,PROD_FERRO,,,2028,,,,,,,,,,,,,,0.0951,0.0951,,,,,,
0,0,BAU,,PROD_FERRO,,,2029,,,,,,,,,,,,,,0.0981,0.0981,,,,,,
0,0,BAU,,PROD_FERRO,,,2030,,,,,,,,,,,,,,0.101,0.101,,,,,,
0,0,BAU,,PROD_FERRO,,,2031,,,,,,,,,,,,,,0.1037,0.1037,,,,,,
0,0,BAU,,PROD_FERRO,,,2032,,,,,,,,,,,,,,0.1065,0.1065,,,,,,
0,0,BAU,,PROD_FERRO,,,2033,,,,,,,,,,,,,,0.1093,0.1093,,,,,,
0,0,BAU,,PROD_FERRO,,,2034,,,,,,,,,,,,,,0.1121,0.1121,,,,,,
0,0,BAU,,PROD_FERRO,,,2035,,,,,,,,,,,,,,0.115,0.115,,,,,,
0,0,BAU,,PROD_FERRO,,,2036,,,,,,,,,,,,,,0.1175,0.1175,,,,,,
0,0,BAU,,PROD_FERRO,,,2037,,,,,,,,,,,,,,0.12,0.12,,,,,,
0,0,BAU,,PROD_FERRO,,,2038,,,,,,,,,,,,,,0.1226,0.1226,,,,,,
0,0,BAU,,PROD_FERRO,,,2039,,,,,,,,,,,,,,0.1252,0.1252,,,,,,
0,0,BAU,,PROD_FERRO,,,2040,,,,,,,,,,,,,,0.1278,0.1278,,,,,,
0,0,BAU,,PROD_FERRO,,,2041,,,,,,,,,,,,,,0.1299,0.1299,,,,,,
0,0,BAU,,PROD_FERRO,,,2042,,,,,,,,,,,,,,0.1321,0.1321,,,,,,
0,0,BAU,,PROD_FERRO,,,2043,,,,,,,,,,,,,,0.1343,0.1343,,,,,,
0,0,BAU,,PROD_FERRO,,,2044,,,,,,,,,,,,,,0.1366,0.1366,,,,,,
0,0,BAU,,PROD_FERRO,,,2045,,,,,,,,,,,,,,0.1388,0.1388,,,,,,
0,0,BAU,,PROD_FERRO,,,2046,,,,,,,,,,,,,,0.1406,0.1406,,,,,,
0,0,BAU,,PROD_FERRO,,,2047,,,,,,,,,,,,,,0.1424,0.1424,,,,,,
0,0,BAU,,PROD_FERRO,,,2048,,,,,,,,,,,,,,0.1442,0.1442,,,,,,
0,0,BAU,,PROD_FERRO,,,2049,,,,,,,,,,,,,,0.146,0.146,,,,,,
0,0,BAU,,PROD_FERRO,,,2050,,,,,,,,,,,,,,0.1478,0.1478,,,,,,
0,0,BAU,,PROD_CINC,,,2018,,,,,,,,,,,,,,0.004,0.004,,,,,,
0,0,BAU,,PROD_CINC,,,2019,,,,,,,,,,,,,,0.0055,0.0055,,,,,,
0,0,BAU,,PROD_CINC,,,2020,,,,,,,,,,,,,,0.0024,0.0024,,,,,,
0,0,BAU,,PROD_CINC,,,2021,,,,,,,,,,,,,,0.0049,0.0049,,,,,,
0,0,BAU,,PROD_CINC,,,2022,,,,,,,,,,,,,,0.0055,0.0055,,,,,,
0,0,BAU,,PROD_CINC,,,2023,,,,,,,,,,,,,,0.0056,0.0056,,,,,,
0,0,BAU,,PROD_CINC,,,2024,,,,,,,,,,,,,,0.0058,0.0058,,,,,,
0,0,BAU,,PROD_CINC,,,2025,,,,,,,,,,,,,,0.006,0.006,,,,,,
0,0,BAU,,PROD_CINC,,,2026,,,,,,,,,,,,,,0.0062,0.0062,,,,,,
0,0,BAU,,PROD_CINC,,,2027,,,,,,,,,,,,,,0.0064,0.0064,,,,,,
0,0,BAU,,PROD_CINC,,,2028,,,,,,,,,,,,,,0.0066,0.0066,,,,,,
0,0,BAU,,PROD_CINC,,,2029,,,,,,,,,,,,,,0.0068,0.0068,,,,,,
0,0,BAU,,PROD_CINC,,,2030,,,,,,,,,,,,,,0.007,0.007,,,,,,
0,0,BAU,,PROD_CINC,,,2031,,,,,,,,,,,,,,0.0072,0.0072,,,,,,
0,0,BAU,,PROD_CINC,,,2032,,,,,,,,,,,,,,0.0074,0.0074,,,,,,
0,0,BAU,,PROD_CINC,,,2033,,,,,,,,,,,,,,0.0076,0.0076,,,,,,
0,0,BAU,,PROD_CINC,,,2034,,,,,,,,,,,,,,0.0078,0.0078,,,,,,
0,0,BAU,,PROD_CINC,,,2035,,,,,,,,,,,,,,0.008,0.008,,,,,,
0,0,BAU,,PROD_CINC,,,2036,,,,,,,,,,,,,,0.0082,0.0082,,,,,,
0,0,BAU,,PROD_CINC,,,2037,,,,,,,,,,,,,,0.0084,0.0084,,,,,,
0,0,BAU,,PROD_CINC,,,2038,,,,,,,,,,,,,,0.0085,0.0085,,,,,,
0,0,BAU,,PROD_CINC,,,2039,,,,,,,,,,,,,,0.0087,0.0087,,,,,,
0,0,BAU,,PROD_CINC,,,2040,,,,,,,,,,,,,,0.0089,0.0089,,,,,,
0,0,BAU,,PROD_CINC,,,2041,,,,,,,,,,,,,,0.0091,0.0091,,,,,,
0,0,BAU,,PROD_CINC,,,2042,,,,,,,,,,,,,,0.0092,0.0092,,,,,,
0,0,BAU,,PROD_CINC,,,2043,,,,,,,,,,,,,,0.0094,0.0094,,,,,,
0,0,BAU,,PROD_CINC,,,2044,,,,,,,,,,,,,,0.0095,0.0095,,,,,,
0,0,BAU,,PROD_CINC,,,2045,,,,,,,,,,,,,,0.0097,0.0097,,,,,,
0,0,BAU,,PROD_CINC,,,2046,,,,,,,,,,,,,,0.0098,0.0098,,,,,,
0,0,BAU,,PROD_CINC,,,2047,,,,,,,,,,,,,,0.0099,0.0099,,,,,,
0,0,BAU,,PROD_CINC,,,2048,,,,,,,,,,,,,,0.0101,0.0101,,,,,,
0,0,BAU,,PROD_CINC,,,2049,,,,,,,,,,,,,,0.0102,0.0102,,,,,,
0,0,BAU,,PROD_CINC,,,2050,,,,,,,,,,,,,,0.0103,0.0103,,,,,,
0,0,BAU,,LUBRI_OILS,,,2018,,,,,,,,,,,,,,0.043,0.043,,,,,,
0,0,BAU,,LUBRI_OILS,,,2019,,,,,,,,,,,,,,0.044,0.044,,,,,,
0,0,BAU,,LUBRI_OILS,,,2020,,,,,,,,,,,,,,0.037,0.037,,,,,,
0,0,BAU,,LUBRI_OILS,,,2021,,,,,,,,,,,,,,0.043,0.043,,,,,,
0,0,BAU,,LUBRI_OILS,,,2022,,,,,,,,,,,,,,0.052,0.052,,,,,,
0,0,BAU,,LUBRI_OILS,,,2023,,,,,,,,,,,,,,0.0518,0.0518,,,,,,
0,0,BAU,,LUBRI_OILS,,,2024,,,,,,,,,,,,,,0.0532,0.0532,,,,,,
0,0,BAU,,LUBRI_OILS,,,2025,,,,,,,,,,,,,,0.0546,0.0546,,,,,,
0,0,BAU,,LUBRI_OILS,,,2026,,,,,,,,,,,,,,0.056,0.056,,,,,,
0,0,BAU,,LUBRI_OILS,,,2027,,,,,,,,,,,,,,0.0574,0.0574,,,,,,
0,0,BAU,,LUBRI_OILS,,,2028,,,,,,,,,,,,,,0.0588,0.0588,,,,,,
0,0,BAU,,LUBRI_OILS,,,2029,,,,,,,,,,,,,,0.0602,0.0602,,,,,,
0,0,BAU,,LUBRI_OILS,,,2030,,,,,,,,,,,,,,0.0616,0.0616,,,,,,
0,0,BAU,,LUBRI_OILS,,,2031,,,,,,,,,,,,,,0.0628,0.0628,,,,,,
0,0,BAU,,LUBRI_OILS,,,2032,,,,,,,,,,,,,,0.0641,0.0641,,,,,,
0,0,BAU,,LUBRI_OILS,,,2033,,,,,,,,,,,,,,0.0654,0.0654,,,,,,
0,0,BAU,,LUBRI_OILS,,,2034,,,,,,,,,,,,,,0.0667,0.0667,,,,,,
0,0,BAU,,LUBRI_OILS,,,2035,,,,,,,,,,,,,,0.068,0.068,,,,,,
0,0,BAU,,LUBRI_OILS,,,2036,,,,,,,,,,,,,,0.0691,0.0691,,,,,,
0,0,BAU,,LUBRI_OILS,,,2037,,,,,,,,,,,,,,0.0702,0.0702,,,,,,
0,0,BAU,,LUBRI_OILS,,,2038,,,,,,,,,,,,,,0.0713,0.0713,,,,,,
0,0,BAU,,LUBRI_OILS,,,2039,,,,,,,,,,,,,,0.0724,0.0724,,,,,,
0,0,BAU,,LUBRI_OILS,,,2040,,,,,,,,,,,,,,0.0735,0.0735,,,,,,
0,0,BAU,,LUBRI_OILS,,,2041,,,,,,,,,,,,,,0.0744,0.0744,,,,,,
0,0,BAU,,LUBRI_OILS,,,2042,,,,,,,,,,,,,,0.0753,0.0753,,,,,,
0,0,BAU,,LUBRI_OILS,,,2043,,,,,,,,,,,,,,0.0762,0.0762,,,,,,
0,0,BAU,,LUBRI_OILS,,,2044,,,,,,,,,,,,,,0.0772,0.0772,,,,,,
0,0,BAU,,LUBRI_OILS,,,2045,,,,,,,,,,,,,,0.0782,0.0782,,,,,,
0,0,BAU,,LUBRI_OILS,,,2046,,,,,,,,,,,,,,0.0789,0.0789,,,,,,
0,0,BAU,,LUBRI_OILS,,,2047,,,,,,,,,,,,,,0.0797,0.0797,,,,,,
0,0,BAU,,LUBRI_OILS,,,2048,,,,,,,,,,,,,,0.0805,0.0805,,,,,,
0,0,BAU,,LUBRI_OILS,,,2049,,,,,,,,,,,,,,0.0813,0.0813,,,,,,
0,0,BAU,,LUBRI_OILS,,,2050,,,,,,,,,,,,,,0.0821,0.0821,,,,,,
0,0,BAU,,PARAFFIN,,,2018,,,,,,,,,,,,,,0.017,0.017,,,,,,
0,0,BAU,,PARAFFIN,,,2019,,,,,,,,,,,,,,0.0164,0.0164,,,,,,
0,0,BAU,,PARAFFIN,,,2020,,,,,,,,,,,,,,0.0074,0.0074,,,,,,
0,0,BAU,,PARAFFIN,,,2021,,,,,,,,,,,,,,0.015,0.015,,,,,,
0,0,BAU,,PARAFFIN,,,2022,,,,,,,,,,,,,,0.0122,0.0122,,,,,,
0,0,BAU,,PARAFFIN,,,2023,,,,,,,,,,,,,,0.0121,0.0121,,,,,,
0,0,BAU,,PARAFFIN,,,2024,,,,,,,,,,,,,,0.0125,0.0125,,,,,,
0,0,BAU,,PARAFFIN,,,2025,,,,,,,,,,,,,,0.0128,0.0128,,,,,,
0,0,BAU,,PARAFFIN,,,2026,,,,,,,,,,,,,,0.0131,0.0131,,,,,,
0,0,BAU,,PARAFFIN,,,2027,,,,,,,,,,,,,,0.0134,0.0134,,,,,,
0,0,BAU,,PARAFFIN,,,2028,,,,,,,,,,,,,,0.0138,0.0138,,,,,,
0,0,BAU,,PARAFFIN,,,2029,,,,,,,,,,,,,,0.0141,0.0141,,,,,,
0,0,BAU,,PARAFFIN,,,2030,,,,,,,,,,,,,,0.0144,0.0144,,,,,,
0,0,BAU,,PARAFFIN,,,2031,,,,,,,,,,,,,,0.0147,0.0147,,,,,,
0,0,BAU,,PARAFFIN,,,2032,,,,,,,,,,,,,,0.015,0.015,,,,,,
0,0,BAU,,PARAFFIN,,,2033,,,,,,,,,,,,,,0.0153,0.0153,,,,,,
0,0,BAU,,PARAFFIN,,,2034,,,,,,,,,,,,,,0.0156,0.0156,,,,,,
0,0,BAU,,PARAFFIN,,,2035,,,,,,,,,,,,,,0.0159,0.0159,,,,,,
0,0,BAU,,PARAFFIN,,,2036,,,,,,,,,,,,,,0.0162,0.0162,,,,,,
0,0,BAU,,PARAFFIN,,,2037,,,,,,,,,,,,,,0.0164,0.0164,,,,,,
0,0,BAU,,PARAFFIN,,,2038,,,,,,,,,,,,,,0.0167,0.0167,,,,,,
0,0,BAU,,PARAFFIN,,,2039,,,,,,,,,,,,,,0.017,0.017,,,,,,
0,0,BAU,,PARAFFIN,,,2040,,,,,,,,,,,,,,0.0172,0.0172,,,,,,
0,0,BAU,,PARAFFIN,,,2041,,,,,,,,,,,,,,0.0174,0.0174,,,,,,
0,0,BAU,,PARAFFIN,,,2042,,,,,,,,,,,,,,0.0177,0.0177,,,,,,
0,0,BAU,,PARAFFIN,,,2043,,,,,,,,,,,,,,0.0179,0.0179,,,,,,
0,0,BAU,,PARAFFIN,,,2044,,,,,,,,,,,,,,0.0181,0.0181,,,,,,
0,0,BAU,,PARAFFIN,,,2045,,,,,,,,,,,,,,0.0183,0.0183,,,,,,
0,0,BAU,,PARAFFIN,,,2046,,,,,,,,,,,,,,0.0185,0.0185,,,,,,
0,0,BAU,,PARAFFIN,,,2047,,,,,,,,,,,,,,0.0187,0.0187,,,,,,
0,0,BAU,,PARAFFIN,,,2048,,,,,,,,,,,,,,0.0189,0.0189,,,,,,
0,0,BAU,,PARAFFIN,,,2049,,,,,,,,,,,,,,0.019,0.019,,,,,,
0,0,BAU,,PARAFFIN,,,2050,,,,,,,,,,,,,,0.0192,0.0192,,,,,,
0,0,BAU,,PU_N2O,,,2018,,,,,,,,,,,,,,0.0,0.0,,,,,,
0,0,BAU,,PU_N2O,,,2019,,,,,,,,,,,,,,0.0,0.0,,,,,,
0,0,BAU,,PU_N2O,,,2020,,,,,,,,,,,,,,0.0,0.0,,,,,,
0,0,BAU,,PU_N2O,,,2021,,,,,,,,,,,,,,0.0,0.0,,,,,,
0,0,BAU,,PU_N2O,,,2022,,,,,,,,,,,,,,0.0,0.0,,,,,,
0,0,BAU,,PU_N2O,,,2023,,,,,,,,,,,,,,0.0,0.0,,,,,,
0,0,BAU,,PU_N2O,,,2024,,,,,,,,,,,,,,0.0,0.0,,,,,,
0,0,BAU,,PU_N2O,,,2025,,,,,,,,,,,,,,0.0,0.0,,,,,,
0,0,BAU,,PU_N2O,,,2026,,,,,,,,,,,,,,0.0,0.0,,,,,,
0,0,BAU,,PU_N2O,,,2027,,,,,,,,,,,,,,0.0,0.0,,,,,,
0,0,BAU,,PU_N2O,,,2028,,,,,,,,,,,,,,0.0,0.0,,,,,,
0,0,BAU,,PU_N2O,,,2029,,,,,,,,,,,,,,0.0,0.0,,,,,,
0,0,BAU,,PU_N2O,,,2030,,,,,,,,,,,,,,0.0,0.0,,,,,,
0,0,BAU,,PU_N2O,,,2031,,,,,,,,,,,,,,0.0,0.0,,,,,,
0,0,BAU,,PU_N2O,,,2032,,,,,,,,,,,,,,0.0,0.0,,,,,,
0,0,BAU,,PU_N2O,,,2033,,,,,,,,,,,,,,0.0,0.0,,,,,,
0,0,BAU,,PU_N2O,,,2034,,,,,,,,,,,,,,0.0,0.0,,,,,,
0,0,BAU,,PU_N2O,,,2035,,,,,,,,,,,,,,0.0,0.0,,,,,,
0,0,BAU,,PU_N2O,,,2036,,,,,,,,,,,,,,0.0,0.0,,,,,,
0,0,BAU,,PU_N2O,,,2037,,,,,,,,,,,,,,0.0,0.0,,,,,,
0,0,BAU,,PU_N2O,,,2038,,,,,,,,,,,,,,0.0,0.0,,,,,,
0,0,BAU,,PU_N2O,,,2039,,,,,,,,,,,,,,0.0,0.0,,,,,,
0,0,BAU,,PU_N2O,,,2040,,,,,,,,,,,,,,0.0,0.0,,,,,,
0,0,BAU,,PU_N2O,,,2041,,,,,,,,,,,,,,0.0,0.0,,,,,,
0,0,BAU,,PU_N2O,,,2042,,,,,,,,,,,,,,0.0,0.0,,,,,,
0,0,BAU,,PU_N2O,,,2043,,,,,,,,,,,,,,0.0,0.0,,,,,,
0,0,BAU,,PU_N2O,,,2044,,,,,,,,,,,,,,0.0,0.0,,,,,,
0,0,BAU,,PU_N2O,,,2045,,,,,,,,,,,,,,0.0,0.0,,,,,,
0,0,BAU,,PU_N2O,,,2046,,,,,,,,,,,,,,0.0,0.0,,,,,,
0,0,BAU,,PU_N2O,,,2047,,,,,,,,,,,,,,0.0,0.0,,,,,,
0,0,BAU,,PU_N2O,,,2048,,,,,,,,,,,,,,0.0,0.0,,,,,,
0,0,BAU,,PU_N2O,,,2049,,,,,,,,,,,,,,0.0,0.0,,,,,,
0,0,BAU,,PU_N2O,,,2050,,,,,,,,,,,,,,0.0,0.0,,,,,,
