PARAMETER,Scenario,REGION,TECHNOLOGY,FUEL,EMISSION,MODE_OF_OPERATION,YEAR,TIMESLICE,SEASON,DAYTYPE,DAILYTIMEBRACKET,STORAGE,Value
SpecifiedDemandProfile,NDCINC,ECU,,E5AGRELE,,,2010,All,,,,,1
SpecifiedDemandProfile,NDCINC,ECU,,E5AGRELE,,,2011,All,,,,,1
SpecifiedDemandProfile,NDCINC,ECU,,E5AGRELE,,,2012,All,,,,,1
SpecifiedDemandProfile,NDCINC,ECU,,E5AGRELE,,,2013,All,,,,,1
SpecifiedDemandProfile,NDCINC,ECU,,E5AGRELE,,,2014,All,,,,,1
SpecifiedDemandProfile,NDCINC,ECU,,E5AGRELE,,,2015,All,,,,,1
SpecifiedDemandProfile,NDCINC,ECU,,E5AGRELE,,,2016,All,,,,,1
SpecifiedDemandProfile,NDCINC,ECU,,E5AGRELE,,,2017,All,,,,,1
SpecifiedDemandProfile,NDCINC,ECU,,E5AGRELE,,,2018,All,,,,,1
SpecifiedDemandProfile,NDCINC,ECU,,E5AGRELE,,,2019,All,,,,,1
SpecifiedDemandProfile,NDCINC,ECU,,E5AGRELE,,,2020,All,,,,,1
SpecifiedDemandProfile,NDCINC,ECU,,E5AGRELE,,,2021,All,,,,,1
SpecifiedDemandProfile,NDCINC,ECU,,E5AGRELE,,,2022,All,,,,,1
SpecifiedDemandProfile,NDCINC,ECU,,E5AGRELE,,,2023,All,,,,,1
SpecifiedDemandProfile,NDCINC,ECU,,E5AGRELE,,,2024,All,,,,,1
SpecifiedDemandProfile,NDCINC,ECU,,E5AGRELE,,,2025,All,,,,,1
SpecifiedDemandProfile,NDCINC,ECU,,E5AGRELE,,,2026,All,,,,,1
SpecifiedDemandProfile,NDCINC,ECU,,E5AGRELE,,,2027,All,,,,,1
SpecifiedDemandProfile,NDCINC,ECU,,E5AGRELE,,,2028,All,,,,,1
SpecifiedDemandProfile,NDCINC,ECU,,E5AGRELE,,,2029,All,,,,,1
SpecifiedDemandProfile,NDCINC,ECU,,E5AGRELE,,,2030,All,,,,,1
SpecifiedDemandProfile,NDCINC,ECU,,E5AGRELE,,,2031,All,,,,,1
SpecifiedDemandProfile,NDCINC,ECU,,E5AGRELE,,,2032,All,,,,,1
SpecifiedDemandProfile,NDCINC,ECU,,E5AGRELE,,,2033,All,,,,,1
SpecifiedDemandProfile,NDCINC,ECU,,E5AGRELE,,,2034,All,,,,,1
SpecifiedDemandProfile,NDCINC,ECU,,E5AGRELE,,,2035,All,,,,,1
SpecifiedDemandProfile,NDCINC,ECU,,E5AGRARR,,,2010,All,,,,,1
SpecifiedDemandProfile,NDCINC,ECU,,E5AGRARR,,,2011,All,,,,,1
SpecifiedDemandProfile,NDCINC,ECU,,E5AGRARR,,,2012,All,,,,,1
SpecifiedDemandProfile,NDCINC,ECU,,E5AGRARR,,,2013,All,,,,,1
SpecifiedDemandProfile,NDCINC,ECU,,E5AGRARR,,,2014,All,,,,,1
SpecifiedDemandProfile,NDCINC,ECU,,E5AGRARR,,,2015,All,,,,,1
SpecifiedDemandProfile,NDCINC,ECU,,E5AGRARR,,,2016,All,,,,,1
SpecifiedDemandProfile,NDCINC,ECU,,E5AGRARR,,,2017,All,,,,,1
SpecifiedDemandProfile,NDCINC,ECU,,E5AGRARR,,,2018,All,,,,,1
SpecifiedDemandProfile,NDCINC,ECU,,E5AGRARR,,,2019,All,,,,,1
SpecifiedDemandProfile,NDCINC,ECU,,E5AGRARR,,,2020,All,,,,,1
SpecifiedDemandProfile,NDCINC,ECU,,E5AGRARR,,,2021,All,,,,,1
SpecifiedDemandProfile,NDCINC,ECU,,E5AGRARR,,,2022,All,,,,,1
SpecifiedDemandProfile,NDCINC,ECU,,E5AGRARR,,,2023,All,,,,,1
SpecifiedDemandProfile,NDCINC,ECU,,E5AGRARR,,,2024,All,,,,,1
SpecifiedDemandProfile,NDCINC,ECU,,E5AGRARR,,,2025,All,,,,,1
SpecifiedDemandProfile,NDCINC,ECU,,E5AGRARR,,,2026,All,,,,,1
SpecifiedDemandProfile,NDCINC,ECU,,E5AGRARR,,,2027,All,,,,,1
SpecifiedDemandProfile,NDCINC,ECU,,E5AGRARR,,,2028,All,,,,,1
SpecifiedDemandProfile,NDCINC,ECU,,E5AGRARR,,,2029,All,,,,,1
SpecifiedDemandProfile,NDCINC,ECU,,E5AGRARR,,,2030,All,,,,,1
SpecifiedDemandProfile,NDCINC,ECU,,E5AGRARR,,,2031,All,,,,,1
SpecifiedDemandProfile,NDCINC,ECU,,E5AGRARR,,,2032,All,,,,,1
SpecifiedDemandProfile,NDCINC,ECU,,E5AGRARR,,,2033,All,,,,,1
SpecifiedDemandProfile,NDCINC,ECU,,E5AGRARR,,,2034,All,,,,,1
SpecifiedDemandProfile,NDCINC,ECU,,E5AGRARR,,,2035,All,,,,,1
SpecifiedDemandProfile,NDCINC,ECU,,E5AGRBAN,,,2010,All,,,,,1
SpecifiedDemandProfile,NDCINC,ECU,,E5AGRBAN,,,2011,All,,,,,1
SpecifiedDemandProfile,NDCINC,ECU,,E5AGRBAN,,,2012,All,,,,,1
SpecifiedDemandProfile,NDCINC,ECU,,E5AGRBAN,,,2013,All,,,,,1
SpecifiedDemandProfile,NDCINC,ECU,,E5AGRBAN,,,2014,All,,,,,1
SpecifiedDemandProfile,NDCINC,ECU,,E5AGRBAN,,,2015,All,,,,,1
SpecifiedDemandProfile,NDCINC,ECU,,E5AGRBAN,,,2016,All,,,,,1
SpecifiedDemandProfile,NDCINC,ECU,,E5AGRBAN,,,2017,All,,,,,1
SpecifiedDemandProfile,NDCINC,ECU,,E5AGRBAN,,,2018,All,,,,,1
SpecifiedDemandProfile,NDCINC,ECU,,E5AGRBAN,,,2019,All,,,,,1
SpecifiedDemandProfile,NDCINC,ECU,,E5AGRBAN,,,2020,All,,,,,1
SpecifiedDemandProfile,NDCINC,ECU,,E5AGRBAN,,,2021,All,,,,,1
SpecifiedDemandProfile,NDCINC,ECU,,E5AGRBAN,,,2022,All,,,,,1
SpecifiedDemandProfile,NDCINC,ECU,,E5AGRBAN,,,2023,All,,,,,1
SpecifiedDemandProfile,NDCINC,ECU,,E5AGRBAN,,,2024,All,,,,,1
SpecifiedDemandProfile,NDCINC,ECU,,E5AGRBAN,,,2025,All,,,,,1
SpecifiedDemandProfile,NDCINC,ECU,,E5AGRBAN,,,2026,All,,,,,1
SpecifiedDemandProfile,NDCINC,ECU,,E5AGRBAN,,,2027,All,,,,,1
SpecifiedDemandProfile,NDCINC,ECU,,E5AGRBAN,,,2028,All,,,,,1
SpecifiedDemandProfile,NDCINC,ECU,,E5AGRBAN,,,2029,All,,,,,1
SpecifiedDemandProfile,NDCINC,ECU,,E5AGRBAN,,,2030,All,,,,,1
SpecifiedDemandProfile,NDCINC,ECU,,E5AGRBAN,,,2031,All,,,,,1
SpecifiedDemandProfile,NDCINC,ECU,,E5AGRBAN,,,2032,All,,,,,1
SpecifiedDemandProfile,NDCINC,ECU,,E5AGRBAN,,,2033,All,,,,,1
SpecifiedDemandProfile,NDCINC,ECU,,E5AGRBAN,,,2034,All,,,,,1
SpecifiedDemandProfile,NDCINC,ECU,,E5AGRBAN,,,2035,All,,,,,1
SpecifiedDemandProfile,NDCINC,ECU,,E5AGRCOC,,,2010,All,,,,,1
SpecifiedDemandProfile,NDCINC,ECU,,E5AGRCOC,,,2011,All,,,,,1
SpecifiedDemandProfile,NDCINC,ECU,,E5AGRCOC,,,2012,All,,,,,1
SpecifiedDemandProfile,NDCINC,ECU,,E5AGRCOC,,,2013,All,,,,,1
SpecifiedDemandProfile,NDCINC,ECU,,E5AGRCOC,,,2014,All,,,,,1
SpecifiedDemandProfile,NDCINC,ECU,,E5AGRCOC,,,2015,All,,,,,1
SpecifiedDemandProfile,NDCINC,ECU,,E5AGRCOC,,,2016,All,,,,,1
SpecifiedDemandProfile,NDCINC,ECU,,E5AGRCOC,,,2017,All,,,,,1
SpecifiedDemandProfile,NDCINC,ECU,,E5AGRCOC,,,2018,All,,,,,1
SpecifiedDemandProfile,NDCINC,ECU,,E5AGRCOC,,,2019,All,,,,,1
SpecifiedDemandProfile,NDCINC,ECU,,E5AGRCOC,,,2020,All,,,,,1
SpecifiedDemandProfile,NDCINC,ECU,,E5AGRCOC,,,2021,All,,,,,1
SpecifiedDemandProfile,NDCINC,ECU,,E5AGRCOC,,,2022,All,,,,,1
SpecifiedDemandProfile,NDCINC,ECU,,E5AGRCOC,,,2023,All,,,,,1
SpecifiedDemandProfile,NDCINC,ECU,,E5AGRCOC,,,2024,All,,,,,1
SpecifiedDemandProfile,NDCINC,ECU,,E5AGRCOC,,,2025,All,,,,,1
SpecifiedDemandProfile,NDCINC,ECU,,E5AGRCOC,,,2026,All,,,,,1
SpecifiedDemandProfile,NDCINC,ECU,,E5AGRCOC,,,2027,All,,,,,1
SpecifiedDemandProfile,NDCINC,ECU,,E5AGRCOC,,,2028,All,,,,,1
SpecifiedDemandProfile,NDCINC,ECU,,E5AGRCOC,,,2029,All,,,,,1
SpecifiedDemandProfile,NDCINC,ECU,,E5AGRCOC,,,2030,All,,,,,1
SpecifiedDemandProfile,NDCINC,ECU,,E5AGRCOC,,,2031,All,,,,,1
SpecifiedDemandProfile,NDCINC,ECU,,E5AGRCOC,,,2032,All,,,,,1
SpecifiedDemandProfile,NDCINC,ECU,,E5AGRCOC,,,2033,All,,,,,1
SpecifiedDemandProfile,NDCINC,ECU,,E5AGRCOC,,,2034,All,,,,,1
SpecifiedDemandProfile,NDCINC,ECU,,E5AGRCOC,,,2035,All,,,,,1
SpecifiedDemandProfile,NDCINC,ECU,,E5AGRCOF,,,2010,All,,,,,1
SpecifiedDemandProfile,NDCINC,ECU,,E5AGRCOF,,,2011,All,,,,,1
SpecifiedDemandProfile,NDCINC,ECU,,E5AGRCOF,,,2012,All,,,,,1
SpecifiedDemandProfile,NDCINC,ECU,,E5AGRCOF,,,2013,All,,,,,1
SpecifiedDemandProfile,NDCINC,ECU,,E5AGRCOF,,,2014,All,,,,,1
SpecifiedDemandProfile,NDCINC,ECU,,E5AGRCOF,,,2015,All,,,,,1
SpecifiedDemandProfile,NDCINC,ECU,,E5AGRCOF,,,2016,All,,,,,1
SpecifiedDemandProfile,NDCINC,ECU,,E5AGRCOF,,,2017,All,,,,,1
SpecifiedDemandProfile,NDCINC,ECU,,E5AGRCOF,,,2018,All,,,,,1
SpecifiedDemandProfile,NDCINC,ECU,,E5AGRCOF,,,2019,All,,,,,1
SpecifiedDemandProfile,NDCINC,ECU,,E5AGRCOF,,,2020,All,,,,,1
SpecifiedDemandProfile,NDCINC,ECU,,E5AGRCOF,,,2021,All,,,,,1
SpecifiedDemandProfile,NDCINC,ECU,,E5AGRCOF,,,2022,All,,,,,1
SpecifiedDemandProfile,NDCINC,ECU,,E5AGRCOF,,,2023,All,,,,,1
SpecifiedDemandProfile,NDCINC,ECU,,E5AGRCOF,,,2024,All,,,,,1
SpecifiedDemandProfile,NDCINC,ECU,,E5AGRCOF,,,2025,All,,,,,1
SpecifiedDemandProfile,NDCINC,ECU,,E5AGRCOF,,,2026,All,,,,,1
SpecifiedDemandProfile,NDCINC,ECU,,E5AGRCOF,,,2027,All,,,,,1
SpecifiedDemandProfile,NDCINC,ECU,,E5AGRCOF,,,2028,All,,,,,1
SpecifiedDemandProfile,NDCINC,ECU,,E5AGRCOF,,,2029,All,,,,,1
SpecifiedDemandProfile,NDCINC,ECU,,E5AGRCOF,,,2030,All,,,,,1
SpecifiedDemandProfile,NDCINC,ECU,,E5AGRCOF,,,2031,All,,,,,1
SpecifiedDemandProfile,NDCINC,ECU,,E5AGRCOF,,,2032,All,,,,,1
SpecifiedDemandProfile,NDCINC,ECU,,E5AGRCOF,,,2033,All,,,,,1
SpecifiedDemandProfile,NDCINC,ECU,,E5AGRCOF,,,2034,All,,,,,1
SpecifiedDemandProfile,NDCINC,ECU,,E5AGRCOF,,,2035,All,,,,,1
SpecifiedDemandProfile,NDCINC,ECU,,E5AGRSUG,,,2010,All,,,,,1
SpecifiedDemandProfile,NDCINC,ECU,,E5AGRSUG,,,2011,All,,,,,1
SpecifiedDemandProfile,NDCINC,ECU,,E5AGRSUG,,,2012,All,,,,,1
SpecifiedDemandProfile,NDCINC,ECU,,E5AGRSUG,,,2013,All,,,,,1
SpecifiedDemandProfile,NDCINC,ECU,,E5AGRSUG,,,2014,All,,,,,1
SpecifiedDemandProfile,NDCINC,ECU,,E5AGRSUG,,,2015,All,,,,,1
SpecifiedDemandProfile,NDCINC,ECU,,E5AGRSUG,,,2016,All,,,,,1
SpecifiedDemandProfile,NDCINC,ECU,,E5AGRSUG,,,2017,All,,,,,1
SpecifiedDemandProfile,NDCINC,ECU,,E5AGRSUG,,,2018,All,,,,,1
SpecifiedDemandProfile,NDCINC,ECU,,E5AGRSUG,,,2019,All,,,,,1
SpecifiedDemandProfile,NDCINC,ECU,,E5AGRSUG,,,2020,All,,,,,1
SpecifiedDemandProfile,NDCINC,ECU,,E5AGRSUG,,,2021,All,,,,,1
SpecifiedDemandProfile,NDCINC,ECU,,E5AGRSUG,,,2022,All,,,,,1
SpecifiedDemandProfile,NDCINC,ECU,,E5AGRSUG,,,2023,All,,,,,1
SpecifiedDemandProfile,NDCINC,ECU,,E5AGRSUG,,,2024,All,,,,,1
SpecifiedDemandProfile,NDCINC,ECU,,E5AGRSUG,,,2025,All,,,,,1
SpecifiedDemandProfile,NDCINC,ECU,,E5AGRSUG,,,2026,All,,,,,1
SpecifiedDemandProfile,NDCINC,ECU,,E5AGRSUG,,,2027,All,,,,,1
SpecifiedDemandProfile,NDCINC,ECU,,E5AGRSUG,,,2028,All,,,,,1
SpecifiedDemandProfile,NDCINC,ECU,,E5AGRSUG,,,2029,All,,,,,1
SpecifiedDemandProfile,NDCINC,ECU,,E5AGRSUG,,,2030,All,,,,,1
SpecifiedDemandProfile,NDCINC,ECU,,E5AGRSUG,,,2031,All,,,,,1
SpecifiedDemandProfile,NDCINC,ECU,,E5AGRSUG,,,2032,All,,,,,1
SpecifiedDemandProfile,NDCINC,ECU,,E5AGRSUG,,,2033,All,,,,,1
SpecifiedDemandProfile,NDCINC,ECU,,E5AGRSUG,,,2034,All,,,,,1
SpecifiedDemandProfile,NDCINC,ECU,,E5AGRSUG,,,2035,All,,,,,1
SpecifiedDemandProfile,NDCINC,ECU,,E5AGRMAI,,,2010,All,,,,,1
SpecifiedDemandProfile,NDCINC,ECU,,E5AGRMAI,,,2011,All,,,,,1
SpecifiedDemandProfile,NDCINC,ECU,,E5AGRMAI,,,2012,All,,,,,1
SpecifiedDemandProfile,NDCINC,ECU,,E5AGRMAI,,,2013,All,,,,,1
SpecifiedDemandProfile,NDCINC,ECU,,E5AGRMAI,,,2014,All,,,,,1
SpecifiedDemandProfile,NDCINC,ECU,,E5AGRMAI,,,2015,All,,,,,1
SpecifiedDemandProfile,NDCINC,ECU,,E5AGRMAI,,,2016,All,,,,,1
SpecifiedDemandProfile,NDCINC,ECU,,E5AGRMAI,,,2017,All,,,,,1
SpecifiedDemandProfile,NDCINC,ECU,,E5AGRMAI,,,2018,All,,,,,1
SpecifiedDemandProfile,NDCINC,ECU,,E5AGRMAI,,,2019,All,,,,,1
SpecifiedDemandProfile,NDCINC,ECU,,E5AGRMAI,,,2020,All,,,,,1
SpecifiedDemandProfile,NDCINC,ECU,,E5AGRMAI,,,2021,All,,,,,1
SpecifiedDemandProfile,NDCINC,ECU,,E5AGRMAI,,,2022,All,,,,,1
SpecifiedDemandProfile,NDCINC,ECU,,E5AGRMAI,,,2023,All,,,,,1
SpecifiedDemandProfile,NDCINC,ECU,,E5AGRMAI,,,2024,All,,,,,1
SpecifiedDemandProfile,NDCINC,ECU,,E5AGRMAI,,,2025,All,,,,,1
SpecifiedDemandProfile,NDCINC,ECU,,E5AGRMAI,,,2026,All,,,,,1
SpecifiedDemandProfile,NDCINC,ECU,,E5AGRMAI,,,2027,All,,,,,1
SpecifiedDemandProfile,NDCINC,ECU,,E5AGRMAI,,,2028,All,,,,,1
SpecifiedDemandProfile,NDCINC,ECU,,E5AGRMAI,,,2029,All,,,,,1
SpecifiedDemandProfile,NDCINC,ECU,,E5AGRMAI,,,2030,All,,,,,1
SpecifiedDemandProfile,NDCINC,ECU,,E5AGRMAI,,,2031,All,,,,,1
SpecifiedDemandProfile,NDCINC,ECU,,E5AGRMAI,,,2032,All,,,,,1
SpecifiedDemandProfile,NDCINC,ECU,,E5AGRMAI,,,2033,All,,,,,1
SpecifiedDemandProfile,NDCINC,ECU,,E5AGRMAI,,,2034,All,,,,,1
SpecifiedDemandProfile,NDCINC,ECU,,E5AGRMAI,,,2035,All,,,,,1
SpecifiedDemandProfile,NDCINC,ECU,,E5AGRPAF,,,2010,All,,,,,1
SpecifiedDemandProfile,NDCINC,ECU,,E5AGRPAF,,,2011,All,,,,,1
SpecifiedDemandProfile,NDCINC,ECU,,E5AGRPAF,,,2012,All,,,,,1
SpecifiedDemandProfile,NDCINC,ECU,,E5AGRPAF,,,2013,All,,,,,1
SpecifiedDemandProfile,NDCINC,ECU,,E5AGRPAF,,,2014,All,,,,,1
SpecifiedDemandProfile,NDCINC,ECU,,E5AGRPAF,,,2015,All,,,,,1
SpecifiedDemandProfile,NDCINC,ECU,,E5AGRPAF,,,2016,All,,,,,1
SpecifiedDemandProfile,NDCINC,ECU,,E5AGRPAF,,,2017,All,,,,,1
SpecifiedDemandProfile,NDCINC,ECU,,E5AGRPAF,,,2018,All,,,,,1
SpecifiedDemandProfile,NDCINC,ECU,,E5AGRPAF,,,2019,All,,,,,1
SpecifiedDemandProfile,NDCINC,ECU,,E5AGRPAF,,,2020,All,,,,,1
SpecifiedDemandProfile,NDCINC,ECU,,E5AGRPAF,,,2021,All,,,,,1
SpecifiedDemandProfile,NDCINC,ECU,,E5AGRPAF,,,2022,All,,,,,1
SpecifiedDemandProfile,NDCINC,ECU,,E5AGRPAF,,,2023,All,,,,,1
SpecifiedDemandProfile,NDCINC,ECU,,E5AGRPAF,,,2024,All,,,,,1
SpecifiedDemandProfile,NDCINC,ECU,,E5AGRPAF,,,2025,All,,,,,1
SpecifiedDemandProfile,NDCINC,ECU,,E5AGRPAF,,,2026,All,,,,,1
SpecifiedDemandProfile,NDCINC,ECU,,E5AGRPAF,,,2027,All,,,,,1
SpecifiedDemandProfile,NDCINC,ECU,,E5AGRPAF,,,2028,All,,,,,1
SpecifiedDemandProfile,NDCINC,ECU,,E5AGRPAF,,,2029,All,,,,,1
SpecifiedDemandProfile,NDCINC,ECU,,E5AGRPAF,,,2030,All,,,,,1
SpecifiedDemandProfile,NDCINC,ECU,,E5AGRPAF,,,2031,All,,,,,1
SpecifiedDemandProfile,NDCINC,ECU,,E5AGRPAF,,,2032,All,,,,,1
SpecifiedDemandProfile,NDCINC,ECU,,E5AGRPAF,,,2033,All,,,,,1
SpecifiedDemandProfile,NDCINC,ECU,,E5AGRPAF,,,2034,All,,,,,1
SpecifiedDemandProfile,NDCINC,ECU,,E5AGRPAF,,,2035,All,,,,,1
SpecifiedDemandProfile,NDCINC,ECU,,E5AGRSOY,,,2010,All,,,,,1
SpecifiedDemandProfile,NDCINC,ECU,,E5AGRSOY,,,2011,All,,,,,1
SpecifiedDemandProfile,NDCINC,ECU,,E5AGRSOY,,,2012,All,,,,,1
SpecifiedDemandProfile,NDCINC,ECU,,E5AGRSOY,,,2013,All,,,,,1
SpecifiedDemandProfile,NDCINC,ECU,,E5AGRSOY,,,2014,All,,,,,1
SpecifiedDemandProfile,NDCINC,ECU,,E5AGRSOY,,,2015,All,,,,,1
SpecifiedDemandProfile,NDCINC,ECU,,E5AGRSOY,,,2016,All,,,,,1
SpecifiedDemandProfile,NDCINC,ECU,,E5AGRSOY,,,2017,All,,,,,1
SpecifiedDemandProfile,NDCINC,ECU,,E5AGRSOY,,,2018,All,,,,,1
SpecifiedDemandProfile,NDCINC,ECU,,E5AGRSOY,,,2019,All,,,,,1
SpecifiedDemandProfile,NDCINC,ECU,,E5AGRSOY,,,2020,All,,,,,1
SpecifiedDemandProfile,NDCINC,ECU,,E5AGRSOY,,,2021,All,,,,,1
SpecifiedDemandProfile,NDCINC,ECU,,E5AGRSOY,,,2022,All,,,,,1
SpecifiedDemandProfile,NDCINC,ECU,,E5AGRSOY,,,2023,All,,,,,1
SpecifiedDemandProfile,NDCINC,ECU,,E5AGRSOY,,,2024,All,,,,,1
SpecifiedDemandProfile,NDCINC,ECU,,E5AGRSOY,,,2025,All,,,,,1
SpecifiedDemandProfile,NDCINC,ECU,,E5AGRSOY,,,2026,All,,,,,1
SpecifiedDemandProfile,NDCINC,ECU,,E5AGRSOY,,,2027,All,,,,,1
SpecifiedDemandProfile,NDCINC,ECU,,E5AGRSOY,,,2028,All,,,,,1
SpecifiedDemandProfile,NDCINC,ECU,,E5AGRSOY,,,2029,All,,,,,1
SpecifiedDemandProfile,NDCINC,ECU,,E5AGRSOY,,,2030,All,,,,,1
SpecifiedDemandProfile,NDCINC,ECU,,E5AGRSOY,,,2031,All,,,,,1
SpecifiedDemandProfile,NDCINC,ECU,,E5AGRSOY,,,2032,All,,,,,1
SpecifiedDemandProfile,NDCINC,ECU,,E5AGRSOY,,,2033,All,,,,,1
SpecifiedDemandProfile,NDCINC,ECU,,E5AGRSOY,,,2034,All,,,,,1
SpecifiedDemandProfile,NDCINC,ECU,,E5AGRSOY,,,2035,All,,,,,1
SpecifiedDemandProfile,NDCINC,ECU,,E5AGRPAL,,,2010,All,,,,,1
SpecifiedDemandProfile,NDCINC,ECU,,E5AGRPAL,,,2011,All,,,,,1
SpecifiedDemandProfile,NDCINC,ECU,,E5AGRPAL,,,2012,All,,,,,1
SpecifiedDemandProfile,NDCINC,ECU,,E5AGRPAL,,,2013,All,,,,,1
SpecifiedDemandProfile,NDCINC,ECU,,E5AGRPAL,,,2014,All,,,,,1
SpecifiedDemandProfile,NDCINC,ECU,,E5AGRPAL,,,2015,All,,,,,1
SpecifiedDemandProfile,NDCINC,ECU,,E5AGRPAL,,,2016,All,,,,,1
SpecifiedDemandProfile,NDCINC,ECU,,E5AGRPAL,,,2017,All,,,,,1
SpecifiedDemandProfile,NDCINC,ECU,,E5AGRPAL,,,2018,All,,,,,1
SpecifiedDemandProfile,NDCINC,ECU,,E5AGRPAL,,,2019,All,,,,,1
SpecifiedDemandProfile,NDCINC,ECU,,E5AGRPAL,,,2020,All,,,,,1
SpecifiedDemandProfile,NDCINC,ECU,,E5AGRPAL,,,2021,All,,,,,1
SpecifiedDemandProfile,NDCINC,ECU,,E5AGRPAL,,,2022,All,,,,,1
SpecifiedDemandProfile,NDCINC,ECU,,E5AGRPAL,,,2023,All,,,,,1
SpecifiedDemandProfile,NDCINC,ECU,,E5AGRPAL,,,2024,All,,,,,1
SpecifiedDemandProfile,NDCINC,ECU,,E5AGRPAL,,,2025,All,,,,,1
SpecifiedDemandProfile,NDCINC,ECU,,E5AGRPAL,,,2026,All,,,,,1
SpecifiedDemandProfile,NDCINC,ECU,,E5AGRPAL,,,2027,All,,,,,1
SpecifiedDemandProfile,NDCINC,ECU,,E5AGRPAL,,,2028,All,,,,,1
SpecifiedDemandProfile,NDCINC,ECU,,E5AGRPAL,,,2029,All,,,,,1
SpecifiedDemandProfile,NDCINC,ECU,,E5AGRPAL,,,2030,All,,,,,1
SpecifiedDemandProfile,NDCINC,ECU,,E5AGRPAL,,,2031,All,,,,,1
SpecifiedDemandProfile,NDCINC,ECU,,E5AGRPAL,,,2032,All,,,,,1
SpecifiedDemandProfile,NDCINC,ECU,,E5AGRPAL,,,2033,All,,,,,1
SpecifiedDemandProfile,NDCINC,ECU,,E5AGRPAL,,,2034,All,,,,,1
SpecifiedDemandProfile,NDCINC,ECU,,E5AGRPAL,,,2035,All,,,,,1
SpecifiedDemandProfile,NDCINC,ECU,,E5AGRLEG,,,2010,All,,,,,1
SpecifiedDemandProfile,NDCINC,ECU,,E5AGRLEG,,,2011,All,,,,,1
SpecifiedDemandProfile,NDCINC,ECU,,E5AGRLEG,,,2012,All,,,,,1
SpecifiedDemandProfile,NDCINC,ECU,,E5AGRLEG,,,2013,All,,,,,1
SpecifiedDemandProfile,NDCINC,ECU,,E5AGRLEG,,,2014,All,,,,,1
SpecifiedDemandProfile,NDCINC,ECU,,E5AGRLEG,,,2015,All,,,,,1
SpecifiedDemandProfile,NDCINC,ECU,,E5AGRLEG,,,2016,All,,,,,1
SpecifiedDemandProfile,NDCINC,ECU,,E5AGRLEG,,,2017,All,,,,,1
SpecifiedDemandProfile,NDCINC,ECU,,E5AGRLEG,,,2018,All,,,,,1
SpecifiedDemandProfile,NDCINC,ECU,,E5AGRLEG,,,2019,All,,,,,1
SpecifiedDemandProfile,NDCINC,ECU,,E5AGRLEG,,,2020,All,,,,,1
SpecifiedDemandProfile,NDCINC,ECU,,E5AGRLEG,,,2021,All,,,,,1
SpecifiedDemandProfile,NDCINC,ECU,,E5AGRLEG,,,2022,All,,,,,1
SpecifiedDemandProfile,NDCINC,ECU,,E5AGRLEG,,,2023,All,,,,,1
SpecifiedDemandProfile,NDCINC,ECU,,E5AGRLEG,,,2024,All,,,,,1
SpecifiedDemandProfile,NDCINC,ECU,,E5AGRLEG,,,2025,All,,,,,1
SpecifiedDemandProfile,NDCINC,ECU,,E5AGRLEG,,,2026,All,,,,,1
SpecifiedDemandProfile,NDCINC,ECU,,E5AGRLEG,,,2027,All,,,,,1
SpecifiedDemandProfile,NDCINC,ECU,,E5AGRLEG,,,2028,All,,,,,1
SpecifiedDemandProfile,NDCINC,ECU,,E5AGRLEG,,,2029,All,,,,,1
SpecifiedDemandProfile,NDCINC,ECU,,E5AGRLEG,,,2030,All,,,,,1
SpecifiedDemandProfile,NDCINC,ECU,,E5AGRLEG,,,2031,All,,,,,1
SpecifiedDemandProfile,NDCINC,ECU,,E5AGRLEG,,,2032,All,,,,,1
SpecifiedDemandProfile,NDCINC,ECU,,E5AGRLEG,,,2033,All,,,,,1
SpecifiedDemandProfile,NDCINC,ECU,,E5AGRLEG,,,2034,All,,,,,1
SpecifiedDemandProfile,NDCINC,ECU,,E5AGRLEG,,,2035,All,,,,,1
SpecifiedDemandProfile,NDCINC,ECU,,E5AGRCER,,,2010,All,,,,,1
SpecifiedDemandProfile,NDCINC,ECU,,E5AGRCER,,,2011,All,,,,,1
SpecifiedDemandProfile,NDCINC,ECU,,E5AGRCER,,,2012,All,,,,,1
SpecifiedDemandProfile,NDCINC,ECU,,E5AGRCER,,,2013,All,,,,,1
SpecifiedDemandProfile,NDCINC,ECU,,E5AGRCER,,,2014,All,,,,,1
SpecifiedDemandProfile,NDCINC,ECU,,E5AGRCER,,,2015,All,,,,,1
SpecifiedDemandProfile,NDCINC,ECU,,E5AGRCER,,,2016,All,,,,,1
SpecifiedDemandProfile,NDCINC,ECU,,E5AGRCER,,,2017,All,,,,,1
SpecifiedDemandProfile,NDCINC,ECU,,E5AGRCER,,,2018,All,,,,,1
SpecifiedDemandProfile,NDCINC,ECU,,E5AGRCER,,,2019,All,,,,,1
SpecifiedDemandProfile,NDCINC,ECU,,E5AGRCER,,,2020,All,,,,,1
SpecifiedDemandProfile,NDCINC,ECU,,E5AGRCER,,,2021,All,,,,,1
SpecifiedDemandProfile,NDCINC,ECU,,E5AGRCER,,,2022,All,,,,,1
SpecifiedDemandProfile,NDCINC,ECU,,E5AGRCER,,,2023,All,,,,,1
SpecifiedDemandProfile,NDCINC,ECU,,E5AGRCER,,,2024,All,,,,,1
SpecifiedDemandProfile,NDCINC,ECU,,E5AGRCER,,,2025,All,,,,,1
SpecifiedDemandProfile,NDCINC,ECU,,E5AGRCER,,,2026,All,,,,,1
SpecifiedDemandProfile,NDCINC,ECU,,E5AGRCER,,,2027,All,,,,,1
SpecifiedDemandProfile,NDCINC,ECU,,E5AGRCER,,,2028,All,,,,,1
SpecifiedDemandProfile,NDCINC,ECU,,E5AGRCER,,,2029,All,,,,,1
SpecifiedDemandProfile,NDCINC,ECU,,E5AGRCER,,,2030,All,,,,,1
SpecifiedDemandProfile,NDCINC,ECU,,E5AGRCER,,,2031,All,,,,,1
SpecifiedDemandProfile,NDCINC,ECU,,E5AGRCER,,,2032,All,,,,,1
SpecifiedDemandProfile,NDCINC,ECU,,E5AGRCER,,,2033,All,,,,,1
SpecifiedDemandProfile,NDCINC,ECU,,E5AGRCER,,,2034,All,,,,,1
SpecifiedDemandProfile,NDCINC,ECU,,E5AGRCER,,,2035,All,,,,,1
SpecifiedDemandProfile,NDCINC,ECU,,E5AGRTUB,,,2010,All,,,,,1
SpecifiedDemandProfile,NDCINC,ECU,,E5AGRTUB,,,2011,All,,,,,1
SpecifiedDemandProfile,NDCINC,ECU,,E5AGRTUB,,,2012,All,,,,,1
SpecifiedDemandProfile,NDCINC,ECU,,E5AGRTUB,,,2013,All,,,,,1
SpecifiedDemandProfile,NDCINC,ECU,,E5AGRTUB,,,2014,All,,,,,1
SpecifiedDemandProfile,NDCINC,ECU,,E5AGRTUB,,,2015,All,,,,,1
SpecifiedDemandProfile,NDCINC,ECU,,E5AGRTUB,,,2016,All,,,,,1
SpecifiedDemandProfile,NDCINC,ECU,,E5AGRTUB,,,2017,All,,,,,1
SpecifiedDemandProfile,NDCINC,ECU,,E5AGRTUB,,,2018,All,,,,,1
SpecifiedDemandProfile,NDCINC,ECU,,E5AGRTUB,,,2019,All,,,,,1
SpecifiedDemandProfile,NDCINC,ECU,,E5AGRTUB,,,2020,All,,,,,1
SpecifiedDemandProfile,NDCINC,ECU,,E5AGRTUB,,,2021,All,,,,,1
SpecifiedDemandProfile,NDCINC,ECU,,E5AGRTUB,,,2022,All,,,,,1
SpecifiedDemandProfile,NDCINC,ECU,,E5AGRTUB,,,2023,All,,,,,1
SpecifiedDemandProfile,NDCINC,ECU,,E5AGRTUB,,,2024,All,,,,,1
SpecifiedDemandProfile,NDCINC,ECU,,E5AGRTUB,,,2025,All,,,,,1
SpecifiedDemandProfile,NDCINC,ECU,,E5AGRTUB,,,2026,All,,,,,1
SpecifiedDemandProfile,NDCINC,ECU,,E5AGRTUB,,,2027,All,,,,,1
SpecifiedDemandProfile,NDCINC,ECU,,E5AGRTUB,,,2028,All,,,,,1
SpecifiedDemandProfile,NDCINC,ECU,,E5AGRTUB,,,2029,All,,,,,1
SpecifiedDemandProfile,NDCINC,ECU,,E5AGRTUB,,,2030,All,,,,,1
SpecifiedDemandProfile,NDCINC,ECU,,E5AGRTUB,,,2031,All,,,,,1
SpecifiedDemandProfile,NDCINC,ECU,,E5AGRTUB,,,2032,All,,,,,1
SpecifiedDemandProfile,NDCINC,ECU,,E5AGRTUB,,,2033,All,,,,,1
SpecifiedDemandProfile,NDCINC,ECU,,E5AGRTUB,,,2034,All,,,,,1
SpecifiedDemandProfile,NDCINC,ECU,,E5AGRTUB,,,2035,All,,,,,1
SpecifiedDemandProfile,NDCINC,ECU,,E5AGRFRT,,,2010,All,,,,,1
SpecifiedDemandProfile,NDCINC,ECU,,E5AGRFRT,,,2011,All,,,,,1
SpecifiedDemandProfile,NDCINC,ECU,,E5AGRFRT,,,2012,All,,,,,1
SpecifiedDemandProfile,NDCINC,ECU,,E5AGRFRT,,,2013,All,,,,,1
SpecifiedDemandProfile,NDCINC,ECU,,E5AGRFRT,,,2014,All,,,,,1
SpecifiedDemandProfile,NDCINC,ECU,,E5AGRFRT,,,2015,All,,,,,1
SpecifiedDemandProfile,NDCINC,ECU,,E5AGRFRT,,,2016,All,,,,,1
SpecifiedDemandProfile,NDCINC,ECU,,E5AGRFRT,,,2017,All,,,,,1
SpecifiedDemandProfile,NDCINC,ECU,,E5AGRFRT,,,2018,All,,,,,1
SpecifiedDemandProfile,NDCINC,ECU,,E5AGRFRT,,,2019,All,,,,,1
SpecifiedDemandProfile,NDCINC,ECU,,E5AGRFRT,,,2020,All,,,,,1
SpecifiedDemandProfile,NDCINC,ECU,,E5AGRFRT,,,2021,All,,,,,1
SpecifiedDemandProfile,NDCINC,ECU,,E5AGRFRT,,,2022,All,,,,,1
SpecifiedDemandProfile,NDCINC,ECU,,E5AGRFRT,,,2023,All,,,,,1
SpecifiedDemandProfile,NDCINC,ECU,,E5AGRFRT,,,2024,All,,,,,1
SpecifiedDemandProfile,NDCINC,ECU,,E5AGRFRT,,,2025,All,,,,,1
SpecifiedDemandProfile,NDCINC,ECU,,E5AGRFRT,,,2026,All,,,,,1
SpecifiedDemandProfile,NDCINC,ECU,,E5AGRFRT,,,2027,All,,,,,1
SpecifiedDemandProfile,NDCINC,ECU,,E5AGRFRT,,,2028,All,,,,,1
SpecifiedDemandProfile,NDCINC,ECU,,E5AGRFRT,,,2029,All,,,,,1
SpecifiedDemandProfile,NDCINC,ECU,,E5AGRFRT,,,2030,All,,,,,1
SpecifiedDemandProfile,NDCINC,ECU,,E5AGRFRT,,,2031,All,,,,,1
SpecifiedDemandProfile,NDCINC,ECU,,E5AGRFRT,,,2032,All,,,,,1
SpecifiedDemandProfile,NDCINC,ECU,,E5AGRFRT,,,2033,All,,,,,1
SpecifiedDemandProfile,NDCINC,ECU,,E5AGRFRT,,,2034,All,,,,,1
SpecifiedDemandProfile,NDCINC,ECU,,E5AGRFRT,,,2035,All,,,,,1
SpecifiedDemandProfile,NDCINC,ECU,,E5AGRVEG,,,2010,All,,,,,1
SpecifiedDemandProfile,NDCINC,ECU,,E5AGRVEG,,,2011,All,,,,,1
SpecifiedDemandProfile,NDCINC,ECU,,E5AGRVEG,,,2012,All,,,,,1
SpecifiedDemandProfile,NDCINC,ECU,,E5AGRVEG,,,2013,All,,,,,1
SpecifiedDemandProfile,NDCINC,ECU,,E5AGRVEG,,,2014,All,,,,,1
SpecifiedDemandProfile,NDCINC,ECU,,E5AGRVEG,,,2015,All,,,,,1
SpecifiedDemandProfile,NDCINC,ECU,,E5AGRVEG,,,2016,All,,,,,1
SpecifiedDemandProfile,NDCINC,ECU,,E5AGRVEG,,,2017,All,,,,,1
SpecifiedDemandProfile,NDCINC,ECU,,E5AGRVEG,,,2018,All,,,,,1
SpecifiedDemandProfile,NDCINC,ECU,,E5AGRVEG,,,2019,All,,,,,1
SpecifiedDemandProfile,NDCINC,ECU,,E5AGRVEG,,,2020,All,,,,,1
SpecifiedDemandProfile,NDCINC,ECU,,E5AGRVEG,,,2021,All,,,,,1
SpecifiedDemandProfile,NDCINC,ECU,,E5AGRVEG,,,2022,All,,,,,1
SpecifiedDemandProfile,NDCINC,ECU,,E5AGRVEG,,,2023,All,,,,,1
SpecifiedDemandProfile,NDCINC,ECU,,E5AGRVEG,,,2024,All,,,,,1
SpecifiedDemandProfile,NDCINC,ECU,,E5AGRVEG,,,2025,All,,,,,1
SpecifiedDemandProfile,NDCINC,ECU,,E5AGRVEG,,,2026,All,,,,,1
SpecifiedDemandProfile,NDCINC,ECU,,E5AGRVEG,,,2027,All,,,,,1
SpecifiedDemandProfile,NDCINC,ECU,,E5AGRVEG,,,2028,All,,,,,1
SpecifiedDemandProfile,NDCINC,ECU,,E5AGRVEG,,,2029,All,,,,,1
SpecifiedDemandProfile,NDCINC,ECU,,E5AGRVEG,,,2030,All,,,,,1
SpecifiedDemandProfile,NDCINC,ECU,,E5AGRVEG,,,2031,All,,,,,1
SpecifiedDemandProfile,NDCINC,ECU,,E5AGRVEG,,,2032,All,,,,,1
SpecifiedDemandProfile,NDCINC,ECU,,E5AGRVEG,,,2033,All,,,,,1
SpecifiedDemandProfile,NDCINC,ECU,,E5AGRVEG,,,2034,All,,,,,1
SpecifiedDemandProfile,NDCINC,ECU,,E5AGRVEG,,,2035,All,,,,,1
SpecifiedDemandProfile,NDCINC,ECU,,E5AGRFLO,,,2010,All,,,,,1
SpecifiedDemandProfile,NDCINC,ECU,,E5AGRFLO,,,2011,All,,,,,1
SpecifiedDemandProfile,NDCINC,ECU,,E5AGRFLO,,,2012,All,,,,,1
SpecifiedDemandProfile,NDCINC,ECU,,E5AGRFLO,,,2013,All,,,,,1
SpecifiedDemandProfile,NDCINC,ECU,,E5AGRFLO,,,2014,All,,,,,1
SpecifiedDemandProfile,NDCINC,ECU,,E5AGRFLO,,,2015,All,,,,,1
SpecifiedDemandProfile,NDCINC,ECU,,E5AGRFLO,,,2016,All,,,,,1
SpecifiedDemandProfile,NDCINC,ECU,,E5AGRFLO,,,2017,All,,,,,1
SpecifiedDemandProfile,NDCINC,ECU,,E5AGRFLO,,,2018,All,,,,,1
SpecifiedDemandProfile,NDCINC,ECU,,E5AGRFLO,,,2019,All,,,,,1
SpecifiedDemandProfile,NDCINC,ECU,,E5AGRFLO,,,2020,All,,,,,1
SpecifiedDemandProfile,NDCINC,ECU,,E5AGRFLO,,,2021,All,,,,,1
SpecifiedDemandProfile,NDCINC,ECU,,E5AGRFLO,,,2022,All,,,,,1
SpecifiedDemandProfile,NDCINC,ECU,,E5AGRFLO,,,2023,All,,,,,1
SpecifiedDemandProfile,NDCINC,ECU,,E5AGRFLO,,,2024,All,,,,,1
SpecifiedDemandProfile,NDCINC,ECU,,E5AGRFLO,,,2025,All,,,,,1
SpecifiedDemandProfile,NDCINC,ECU,,E5AGRFLO,,,2026,All,,,,,1
SpecifiedDemandProfile,NDCINC,ECU,,E5AGRFLO,,,2027,All,,,,,1
SpecifiedDemandProfile,NDCINC,ECU,,E5AGRFLO,,,2028,All,,,,,1
SpecifiedDemandProfile,NDCINC,ECU,,E5AGRFLO,,,2029,All,,,,,1
SpecifiedDemandProfile,NDCINC,ECU,,E5AGRFLO,,,2030,All,,,,,1
SpecifiedDemandProfile,NDCINC,ECU,,E5AGRFLO,,,2031,All,,,,,1
SpecifiedDemandProfile,NDCINC,ECU,,E5AGRFLO,,,2032,All,,,,,1
SpecifiedDemandProfile,NDCINC,ECU,,E5AGRFLO,,,2033,All,,,,,1
SpecifiedDemandProfile,NDCINC,ECU,,E5AGRFLO,,,2034,All,,,,,1
SpecifiedDemandProfile,NDCINC,ECU,,E5AGRFLO,,,2035,All,,,,,1
SpecifiedDemandProfile,NDCINC,ECU,,E5GANBOV,,,2010,All,,,,,1
SpecifiedDemandProfile,NDCINC,ECU,,E5GANBOV,,,2011,All,,,,,1
SpecifiedDemandProfile,NDCINC,ECU,,E5GANBOV,,,2012,All,,,,,1
SpecifiedDemandProfile,NDCINC,ECU,,E5GANBOV,,,2013,All,,,,,1
SpecifiedDemandProfile,NDCINC,ECU,,E5GANBOV,,,2014,All,,,,,1
SpecifiedDemandProfile,NDCINC,ECU,,E5GANBOV,,,2015,All,,,,,1
SpecifiedDemandProfile,NDCINC,ECU,,E5GANBOV,,,2016,All,,,,,1
SpecifiedDemandProfile,NDCINC,ECU,,E5GANBOV,,,2017,All,,,,,1
SpecifiedDemandProfile,NDCINC,ECU,,E5GANBOV,,,2018,All,,,,,1
SpecifiedDemandProfile,NDCINC,ECU,,E5GANBOV,,,2019,All,,,,,1
SpecifiedDemandProfile,NDCINC,ECU,,E5GANBOV,,,2020,All,,,,,1
SpecifiedDemandProfile,NDCINC,ECU,,E5GANBOV,,,2021,All,,,,,1
SpecifiedDemandProfile,NDCINC,ECU,,E5GANBOV,,,2022,All,,,,,1
SpecifiedDemandProfile,NDCINC,ECU,,E5GANBOV,,,2023,All,,,,,1
SpecifiedDemandProfile,NDCINC,ECU,,E5GANBOV,,,2024,All,,,,,1
SpecifiedDemandProfile,NDCINC,ECU,,E5GANBOV,,,2025,All,,,,,1
SpecifiedDemandProfile,NDCINC,ECU,,E5GANBOV,,,2026,All,,,,,1
SpecifiedDemandProfile,NDCINC,ECU,,E5GANBOV,,,2027,All,,,,,1
SpecifiedDemandProfile,NDCINC,ECU,,E5GANBOV,,,2028,All,,,,,1
SpecifiedDemandProfile,NDCINC,ECU,,E5GANBOV,,,2029,All,,,,,1
SpecifiedDemandProfile,NDCINC,ECU,,E5GANBOV,,,2030,All,,,,,1
SpecifiedDemandProfile,NDCINC,ECU,,E5GANBOV,,,2031,All,,,,,1
SpecifiedDemandProfile,NDCINC,ECU,,E5GANBOV,,,2032,All,,,,,1
SpecifiedDemandProfile,NDCINC,ECU,,E5GANBOV,,,2033,All,,,,,1
SpecifiedDemandProfile,NDCINC,ECU,,E5GANBOV,,,2034,All,,,,,1
SpecifiedDemandProfile,NDCINC,ECU,,E5GANBOV,,,2035,All,,,,,1
SpecifiedDemandProfile,NDCINC,ECU,,E5GANBOVVAC,,,2010,All,,,,,1
SpecifiedDemandProfile,NDCINC,ECU,,E5GANBOVVAC,,,2011,All,,,,,1
SpecifiedDemandProfile,NDCINC,ECU,,E5GANBOVVAC,,,2012,All,,,,,1
SpecifiedDemandProfile,NDCINC,ECU,,E5GANBOVVAC,,,2013,All,,,,,1
SpecifiedDemandProfile,NDCINC,ECU,,E5GANBOVVAC,,,2014,All,,,,,1
SpecifiedDemandProfile,NDCINC,ECU,,E5GANBOVVAC,,,2015,All,,,,,1
SpecifiedDemandProfile,NDCINC,ECU,,E5GANBOVVAC,,,2016,All,,,,,1
SpecifiedDemandProfile,NDCINC,ECU,,E5GANBOVVAC,,,2017,All,,,,,1
SpecifiedDemandProfile,NDCINC,ECU,,E5GANBOVVAC,,,2018,All,,,,,1
SpecifiedDemandProfile,NDCINC,ECU,,E5GANBOVVAC,,,2019,All,,,,,1
SpecifiedDemandProfile,NDCINC,ECU,,E5GANBOVVAC,,,2020,All,,,,,1
SpecifiedDemandProfile,NDCINC,ECU,,E5GANBOVVAC,,,2021,All,,,,,1
SpecifiedDemandProfile,NDCINC,ECU,,E5GANBOVVAC,,,2022,All,,,,,1
SpecifiedDemandProfile,NDCINC,ECU,,E5GANBOVVAC,,,2023,All,,,,,1
SpecifiedDemandProfile,NDCINC,ECU,,E5GANBOVVAC,,,2024,All,,,,,1
SpecifiedDemandProfile,NDCINC,ECU,,E5GANBOVVAC,,,2025,All,,,,,1
SpecifiedDemandProfile,NDCINC,ECU,,E5GANBOVVAC,,,2026,All,,,,,1
SpecifiedDemandProfile,NDCINC,ECU,,E5GANBOVVAC,,,2027,All,,,,,1
SpecifiedDemandProfile,NDCINC,ECU,,E5GANBOVVAC,,,2028,All,,,,,1
SpecifiedDemandProfile,NDCINC,ECU,,E5GANBOVVAC,,,2029,All,,,,,1
SpecifiedDemandProfile,NDCINC,ECU,,E5GANBOVVAC,,,2030,All,,,,,1
SpecifiedDemandProfile,NDCINC,ECU,,E5GANBOVVAC,,,2031,All,,,,,1
SpecifiedDemandProfile,NDCINC,ECU,,E5GANBOVVAC,,,2032,All,,,,,1
SpecifiedDemandProfile,NDCINC,ECU,,E5GANBOVVAC,,,2033,All,,,,,1
SpecifiedDemandProfile,NDCINC,ECU,,E5GANBOVVAC,,,2034,All,,,,,1
SpecifiedDemandProfile,NDCINC,ECU,,E5GANBOVVAC,,,2035,All,,,,,1
SpecifiedDemandProfile,NDCINC,ECU,,E5GANBOVCRE,,,2010,All,,,,,1
SpecifiedDemandProfile,NDCINC,ECU,,E5GANBOVCRE,,,2011,All,,,,,1
SpecifiedDemandProfile,NDCINC,ECU,,E5GANBOVCRE,,,2012,All,,,,,1
SpecifiedDemandProfile,NDCINC,ECU,,E5GANBOVCRE,,,2013,All,,,,,1
SpecifiedDemandProfile,NDCINC,ECU,,E5GANBOVCRE,,,2014,All,,,,,1
SpecifiedDemandProfile,NDCINC,ECU,,E5GANBOVCRE,,,2015,All,,,,,1
SpecifiedDemandProfile,NDCINC,ECU,,E5GANBOVCRE,,,2016,All,,,,,1
SpecifiedDemandProfile,NDCINC,ECU,,E5GANBOVCRE,,,2017,All,,,,,1
SpecifiedDemandProfile,NDCINC,ECU,,E5GANBOVCRE,,,2018,All,,,,,1
SpecifiedDemandProfile,NDCINC,ECU,,E5GANBOVCRE,,,2019,All,,,,,1
SpecifiedDemandProfile,NDCINC,ECU,,E5GANBOVCRE,,,2020,All,,,,,1
SpecifiedDemandProfile,NDCINC,ECU,,E5GANBOVCRE,,,2021,All,,,,,1
SpecifiedDemandProfile,NDCINC,ECU,,E5GANBOVCRE,,,2022,All,,,,,1
SpecifiedDemandProfile,NDCINC,ECU,,E5GANBOVCRE,,,2023,All,,,,,1
SpecifiedDemandProfile,NDCINC,ECU,,E5GANBOVCRE,,,2024,All,,,,,1
SpecifiedDemandProfile,NDCINC,ECU,,E5GANBOVCRE,,,2025,All,,,,,1
SpecifiedDemandProfile,NDCINC,ECU,,E5GANBOVCRE,,,2026,All,,,,,1
SpecifiedDemandProfile,NDCINC,ECU,,E5GANBOVCRE,,,2027,All,,,,,1
SpecifiedDemandProfile,NDCINC,ECU,,E5GANBOVCRE,,,2028,All,,,,,1
SpecifiedDemandProfile,NDCINC,ECU,,E5GANBOVCRE,,,2029,All,,,,,1
SpecifiedDemandProfile,NDCINC,ECU,,E5GANBOVCRE,,,2030,All,,,,,1
SpecifiedDemandProfile,NDCINC,ECU,,E5GANBOVCRE,,,2031,All,,,,,1
SpecifiedDemandProfile,NDCINC,ECU,,E5GANBOVCRE,,,2032,All,,,,,1
SpecifiedDemandProfile,NDCINC,ECU,,E5GANBOVCRE,,,2033,All,,,,,1
SpecifiedDemandProfile,NDCINC,ECU,,E5GANBOVCRE,,,2034,All,,,,,1
SpecifiedDemandProfile,NDCINC,ECU,,E5GANBOVCRE,,,2035,All,,,,,1
SpecifiedDemandProfile,NDCINC,ECU,,E5GANBOVLEC,,,2010,All,,,,,1
SpecifiedDemandProfile,NDCINC,ECU,,E5GANBOVLEC,,,2011,All,,,,,1
SpecifiedDemandProfile,NDCINC,ECU,,E5GANBOVLEC,,,2012,All,,,,,1
SpecifiedDemandProfile,NDCINC,ECU,,E5GANBOVLEC,,,2013,All,,,,,1
SpecifiedDemandProfile,NDCINC,ECU,,E5GANBOVLEC,,,2014,All,,,,,1
SpecifiedDemandProfile,NDCINC,ECU,,E5GANBOVLEC,,,2015,All,,,,,1
SpecifiedDemandProfile,NDCINC,ECU,,E5GANBOVLEC,,,2016,All,,,,,1
SpecifiedDemandProfile,NDCINC,ECU,,E5GANBOVLEC,,,2017,All,,,,,1
SpecifiedDemandProfile,NDCINC,ECU,,E5GANBOVLEC,,,2018,All,,,,,1
SpecifiedDemandProfile,NDCINC,ECU,,E5GANBOVLEC,,,2019,All,,,,,1
SpecifiedDemandProfile,NDCINC,ECU,,E5GANBOVLEC,,,2020,All,,,,,1
SpecifiedDemandProfile,NDCINC,ECU,,E5GANBOVLEC,,,2021,All,,,,,1
SpecifiedDemandProfile,NDCINC,ECU,,E5GANBOVLEC,,,2022,All,,,,,1
SpecifiedDemandProfile,NDCINC,ECU,,E5GANBOVLEC,,,2023,All,,,,,1
SpecifiedDemandProfile,NDCINC,ECU,,E5GANBOVLEC,,,2024,All,,,,,1
SpecifiedDemandProfile,NDCINC,ECU,,E5GANBOVLEC,,,2025,All,,,,,1
SpecifiedDemandProfile,NDCINC,ECU,,E5GANBOVLEC,,,2026,All,,,,,1
SpecifiedDemandProfile,NDCINC,ECU,,E5GANBOVLEC,,,2027,All,,,,,1
SpecifiedDemandProfile,NDCINC,ECU,,E5GANBOVLEC,,,2028,All,,,,,1
SpecifiedDemandProfile,NDCINC,ECU,,E5GANBOVLEC,,,2029,All,,,,,1
SpecifiedDemandProfile,NDCINC,ECU,,E5GANBOVLEC,,,2030,All,,,,,1
SpecifiedDemandProfile,NDCINC,ECU,,E5GANBOVLEC,,,2031,All,,,,,1
SpecifiedDemandProfile,NDCINC,ECU,,E5GANBOVLEC,,,2032,All,,,,,1
SpecifiedDemandProfile,NDCINC,ECU,,E5GANBOVLEC,,,2033,All,,,,,1
SpecifiedDemandProfile,NDCINC,ECU,,E5GANBOVLEC,,,2034,All,,,,,1
SpecifiedDemandProfile,NDCINC,ECU,,E5GANBOVLEC,,,2035,All,,,,,1
SpecifiedDemandProfile,NDCINC,ECU,,E5GANBOVREG,,,2010,All,,,,,1
SpecifiedDemandProfile,NDCINC,ECU,,E5GANBOVREG,,,2011,All,,,,,1
SpecifiedDemandProfile,NDCINC,ECU,,E5GANBOVREG,,,2012,All,,,,,1
SpecifiedDemandProfile,NDCINC,ECU,,E5GANBOVREG,,,2013,All,,,,,1
SpecifiedDemandProfile,NDCINC,ECU,,E5GANBOVREG,,,2014,All,,,,,1
SpecifiedDemandProfile,NDCINC,ECU,,E5GANBOVREG,,,2015,All,,,,,1
SpecifiedDemandProfile,NDCINC,ECU,,E5GANBOVREG,,,2016,All,,,,,1
SpecifiedDemandProfile,NDCINC,ECU,,E5GANBOVREG,,,2017,All,,,,,1
SpecifiedDemandProfile,NDCINC,ECU,,E5GANBOVREG,,,2018,All,,,,,1
SpecifiedDemandProfile,NDCINC,ECU,,E5GANBOVREG,,,2019,All,,,,,1
SpecifiedDemandProfile,NDCINC,ECU,,E5GANBOVREG,,,2020,All,,,,,1
SpecifiedDemandProfile,NDCINC,ECU,,E5GANBOVREG,,,2021,All,,,,,1
SpecifiedDemandProfile,NDCINC,ECU,,E5GANBOVREG,,,2022,All,,,,,1
SpecifiedDemandProfile,NDCINC,ECU,,E5GANBOVREG,,,2023,All,,,,,1
SpecifiedDemandProfile,NDCINC,ECU,,E5GANBOVREG,,,2024,All,,,,,1
SpecifiedDemandProfile,NDCINC,ECU,,E5GANBOVREG,,,2025,All,,,,,1
SpecifiedDemandProfile,NDCINC,ECU,,E5GANBOVREG,,,2026,All,,,,,1
SpecifiedDemandProfile,NDCINC,ECU,,E5GANBOVREG,,,2027,All,,,,,1
SpecifiedDemandProfile,NDCINC,ECU,,E5GANBOVREG,,,2028,All,,,,,1
SpecifiedDemandProfile,NDCINC,ECU,,E5GANBOVREG,,,2029,All,,,,,1
SpecifiedDemandProfile,NDCINC,ECU,,E5GANBOVREG,,,2030,All,,,,,1
SpecifiedDemandProfile,NDCINC,ECU,,E5GANBOVREG,,,2031,All,,,,,1
SpecifiedDemandProfile,NDCINC,ECU,,E5GANBOVREG,,,2032,All,,,,,1
SpecifiedDemandProfile,NDCINC,ECU,,E5GANBOVREG,,,2033,All,,,,,1
SpecifiedDemandProfile,NDCINC,ECU,,E5GANBOVREG,,,2034,All,,,,,1
SpecifiedDemandProfile,NDCINC,ECU,,E5GANBOVREG,,,2035,All,,,,,1
SpecifiedDemandProfile,NDCINC,ECU,,E5GANBOVVACREG,,,2010,All,,,,,1
SpecifiedDemandProfile,NDCINC,ECU,,E5GANBOVVACREG,,,2011,All,,,,,1
SpecifiedDemandProfile,NDCINC,ECU,,E5GANBOVVACREG,,,2012,All,,,,,1
SpecifiedDemandProfile,NDCINC,ECU,,E5GANBOVVACREG,,,2013,All,,,,,1
SpecifiedDemandProfile,NDCINC,ECU,,E5GANBOVVACREG,,,2014,All,,,,,1
SpecifiedDemandProfile,NDCINC,ECU,,E5GANBOVVACREG,,,2015,All,,,,,1
SpecifiedDemandProfile,NDCINC,ECU,,E5GANBOVVACREG,,,2016,All,,,,,1
SpecifiedDemandProfile,NDCINC,ECU,,E5GANBOVVACREG,,,2017,All,,,,,1
SpecifiedDemandProfile,NDCINC,ECU,,E5GANBOVVACREG,,,2018,All,,,,,1
SpecifiedDemandProfile,NDCINC,ECU,,E5GANBOVVACREG,,,2019,All,,,,,1
SpecifiedDemandProfile,NDCINC,ECU,,E5GANBOVVACREG,,,2020,All,,,,,1
SpecifiedDemandProfile,NDCINC,ECU,,E5GANBOVVACREG,,,2021,All,,,,,1
SpecifiedDemandProfile,NDCINC,ECU,,E5GANBOVVACREG,,,2022,All,,,,,1
SpecifiedDemandProfile,NDCINC,ECU,,E5GANBOVVACREG,,,2023,All,,,,,1
SpecifiedDemandProfile,NDCINC,ECU,,E5GANBOVVACREG,,,2024,All,,,,,1
SpecifiedDemandProfile,NDCINC,ECU,,E5GANBOVVACREG,,,2025,All,,,,,1
SpecifiedDemandProfile,NDCINC,ECU,,E5GANBOVVACREG,,,2026,All,,,,,1
SpecifiedDemandProfile,NDCINC,ECU,,E5GANBOVVACREG,,,2027,All,,,,,1
SpecifiedDemandProfile,NDCINC,ECU,,E5GANBOVVACREG,,,2028,All,,,,,1
SpecifiedDemandProfile,NDCINC,ECU,,E5GANBOVVACREG,,,2029,All,,,,,1
SpecifiedDemandProfile,NDCINC,ECU,,E5GANBOVVACREG,,,2030,All,,,,,1
SpecifiedDemandProfile,NDCINC,ECU,,E5GANBOVVACREG,,,2031,All,,,,,1
SpecifiedDemandProfile,NDCINC,ECU,,E5GANBOVVACREG,,,2032,All,,,,,1
SpecifiedDemandProfile,NDCINC,ECU,,E5GANBOVVACREG,,,2033,All,,,,,1
SpecifiedDemandProfile,NDCINC,ECU,,E5GANBOVVACREG,,,2034,All,,,,,1
SpecifiedDemandProfile,NDCINC,ECU,,E5GANBOVVACREG,,,2035,All,,,,,1
SpecifiedDemandProfile,NDCINC,ECU,,E5GANBOVCREREG,,,2010,All,,,,,1
SpecifiedDemandProfile,NDCINC,ECU,,E5GANBOVCREREG,,,2011,All,,,,,1
SpecifiedDemandProfile,NDCINC,ECU,,E5GANBOVCREREG,,,2012,All,,,,,1
SpecifiedDemandProfile,NDCINC,ECU,,E5GANBOVCREREG,,,2013,All,,,,,1
SpecifiedDemandProfile,NDCINC,ECU,,E5GANBOVCREREG,,,2014,All,,,,,1
SpecifiedDemandProfile,NDCINC,ECU,,E5GANBOVCREREG,,,2015,All,,,,,1
SpecifiedDemandProfile,NDCINC,ECU,,E5GANBOVCREREG,,,2016,All,,,,,1
SpecifiedDemandProfile,NDCINC,ECU,,E5GANBOVCREREG,,,2017,All,,,,,1
SpecifiedDemandProfile,NDCINC,ECU,,E5GANBOVCREREG,,,2018,All,,,,,1
SpecifiedDemandProfile,NDCINC,ECU,,E5GANBOVCREREG,,,2019,All,,,,,1
SpecifiedDemandProfile,NDCINC,ECU,,E5GANBOVCREREG,,,2020,All,,,,,1
SpecifiedDemandProfile,NDCINC,ECU,,E5GANBOVCREREG,,,2021,All,,,,,1
SpecifiedDemandProfile,NDCINC,ECU,,E5GANBOVCREREG,,,2022,All,,,,,1
SpecifiedDemandProfile,NDCINC,ECU,,E5GANBOVCREREG,,,2023,All,,,,,1
SpecifiedDemandProfile,NDCINC,ECU,,E5GANBOVCREREG,,,2024,All,,,,,1
SpecifiedDemandProfile,NDCINC,ECU,,E5GANBOVCREREG,,,2025,All,,,,,1
SpecifiedDemandProfile,NDCINC,ECU,,E5GANBOVCREREG,,,2026,All,,,,,1
SpecifiedDemandProfile,NDCINC,ECU,,E5GANBOVCREREG,,,2027,All,,,,,1
SpecifiedDemandProfile,NDCINC,ECU,,E5GANBOVCREREG,,,2028,All,,,,,1
SpecifiedDemandProfile,NDCINC,ECU,,E5GANBOVCREREG,,,2029,All,,,,,1
SpecifiedDemandProfile,NDCINC,ECU,,E5GANBOVCREREG,,,2030,All,,,,,1
SpecifiedDemandProfile,NDCINC,ECU,,E5GANBOVCREREG,,,2031,All,,,,,1
SpecifiedDemandProfile,NDCINC,ECU,,E5GANBOVCREREG,,,2032,All,,,,,1
SpecifiedDemandProfile,NDCINC,ECU,,E5GANBOVCREREG,,,2033,All,,,,,1
SpecifiedDemandProfile,NDCINC,ECU,,E5GANBOVCREREG,,,2034,All,,,,,1
SpecifiedDemandProfile,NDCINC,ECU,,E5GANBOVCREREG,,,2035,All,,,,,1
SpecifiedDemandProfile,NDCINC,ECU,,E5GANBOVLECREG,,,2010,All,,,,,1
SpecifiedDemandProfile,NDCINC,ECU,,E5GANBOVLECREG,,,2011,All,,,,,1
SpecifiedDemandProfile,NDCINC,ECU,,E5GANBOVLECREG,,,2012,All,,,,,1
SpecifiedDemandProfile,NDCINC,ECU,,E5GANBOVLECREG,,,2013,All,,,,,1
SpecifiedDemandProfile,NDCINC,ECU,,E5GANBOVLECREG,,,2014,All,,,,,1
SpecifiedDemandProfile,NDCINC,ECU,,E5GANBOVLECREG,,,2015,All,,,,,1
SpecifiedDemandProfile,NDCINC,ECU,,E5GANBOVLECREG,,,2016,All,,,,,1
SpecifiedDemandProfile,NDCINC,ECU,,E5GANBOVLECREG,,,2017,All,,,,,1
SpecifiedDemandProfile,NDCINC,ECU,,E5GANBOVLECREG,,,2018,All,,,,,1
SpecifiedDemandProfile,NDCINC,ECU,,E5GANBOVLECREG,,,2019,All,,,,,1
SpecifiedDemandProfile,NDCINC,ECU,,E5GANBOVLECREG,,,2020,All,,,,,1
SpecifiedDemandProfile,NDCINC,ECU,,E5GANBOVLECREG,,,2021,All,,,,,1
SpecifiedDemandProfile,NDCINC,ECU,,E5GANBOVLECREG,,,2022,All,,,,,1
SpecifiedDemandProfile,NDCINC,ECU,,E5GANBOVLECREG,,,2023,All,,,,,1
SpecifiedDemandProfile,NDCINC,ECU,,E5GANBOVLECREG,,,2024,All,,,,,1
SpecifiedDemandProfile,NDCINC,ECU,,E5GANBOVLECREG,,,2025,All,,,,,1
SpecifiedDemandProfile,NDCINC,ECU,,E5GANBOVLECREG,,,2026,All,,,,,1
SpecifiedDemandProfile,NDCINC,ECU,,E5GANBOVLECREG,,,2027,All,,,,,1
SpecifiedDemandProfile,NDCINC,ECU,,E5GANBOVLECREG,,,2028,All,,,,,1
SpecifiedDemandProfile,NDCINC,ECU,,E5GANBOVLECREG,,,2029,All,,,,,1
SpecifiedDemandProfile,NDCINC,ECU,,E5GANBOVLECREG,,,2030,All,,,,,1
SpecifiedDemandProfile,NDCINC,ECU,,E5GANBOVLECREG,,,2031,All,,,,,1
SpecifiedDemandProfile,NDCINC,ECU,,E5GANBOVLECREG,,,2032,All,,,,,1
SpecifiedDemandProfile,NDCINC,ECU,,E5GANBOVLECREG,,,2033,All,,,,,1
SpecifiedDemandProfile,NDCINC,ECU,,E5GANBOVLECREG,,,2034,All,,,,,1
SpecifiedDemandProfile,NDCINC,ECU,,E5GANBOVLECREG,,,2035,All,,,,,1
SpecifiedDemandProfile,NDCINC,ECU,,E5GANBUF,,,2010,All,,,,,1
SpecifiedDemandProfile,NDCINC,ECU,,E5GANBUF,,,2011,All,,,,,1
SpecifiedDemandProfile,NDCINC,ECU,,E5GANBUF,,,2012,All,,,,,1
SpecifiedDemandProfile,NDCINC,ECU,,E5GANBUF,,,2013,All,,,,,1
SpecifiedDemandProfile,NDCINC,ECU,,E5GANBUF,,,2014,All,,,,,1
SpecifiedDemandProfile,NDCINC,ECU,,E5GANBUF,,,2015,All,,,,,1
SpecifiedDemandProfile,NDCINC,ECU,,E5GANBUF,,,2016,All,,,,,1
SpecifiedDemandProfile,NDCINC,ECU,,E5GANBUF,,,2017,All,,,,,1
SpecifiedDemandProfile,NDCINC,ECU,,E5GANBUF,,,2018,All,,,,,1
SpecifiedDemandProfile,NDCINC,ECU,,E5GANBUF,,,2019,All,,,,,1
SpecifiedDemandProfile,NDCINC,ECU,,E5GANBUF,,,2020,All,,,,,1
SpecifiedDemandProfile,NDCINC,ECU,,E5GANBUF,,,2021,All,,,,,1
SpecifiedDemandProfile,NDCINC,ECU,,E5GANBUF,,,2022,All,,,,,1
SpecifiedDemandProfile,NDCINC,ECU,,E5GANBUF,,,2023,All,,,,,1
SpecifiedDemandProfile,NDCINC,ECU,,E5GANBUF,,,2024,All,,,,,1
SpecifiedDemandProfile,NDCINC,ECU,,E5GANBUF,,,2025,All,,,,,1
SpecifiedDemandProfile,NDCINC,ECU,,E5GANBUF,,,2026,All,,,,,1
SpecifiedDemandProfile,NDCINC,ECU,,E5GANBUF,,,2027,All,,,,,1
SpecifiedDemandProfile,NDCINC,ECU,,E5GANBUF,,,2028,All,,,,,1
SpecifiedDemandProfile,NDCINC,ECU,,E5GANBUF,,,2029,All,,,,,1
SpecifiedDemandProfile,NDCINC,ECU,,E5GANBUF,,,2030,All,,,,,1
SpecifiedDemandProfile,NDCINC,ECU,,E5GANBUF,,,2031,All,,,,,1
SpecifiedDemandProfile,NDCINC,ECU,,E5GANBUF,,,2032,All,,,,,1
SpecifiedDemandProfile,NDCINC,ECU,,E5GANBUF,,,2033,All,,,,,1
SpecifiedDemandProfile,NDCINC,ECU,,E5GANBUF,,,2034,All,,,,,1
SpecifiedDemandProfile,NDCINC,ECU,,E5GANBUF,,,2035,All,,,,,1
SpecifiedDemandProfile,NDCINC,ECU,,E5GANOVE,,,2010,All,,,,,1
SpecifiedDemandProfile,NDCINC,ECU,,E5GANOVE,,,2011,All,,,,,1
SpecifiedDemandProfile,NDCINC,ECU,,E5GANOVE,,,2012,All,,,,,1
SpecifiedDemandProfile,NDCINC,ECU,,E5GANOVE,,,2013,All,,,,,1
SpecifiedDemandProfile,NDCINC,ECU,,E5GANOVE,,,2014,All,,,,,1
SpecifiedDemandProfile,NDCINC,ECU,,E5GANOVE,,,2015,All,,,,,1
SpecifiedDemandProfile,NDCINC,ECU,,E5GANOVE,,,2016,All,,,,,1
SpecifiedDemandProfile,NDCINC,ECU,,E5GANOVE,,,2017,All,,,,,1
SpecifiedDemandProfile,NDCINC,ECU,,E5GANOVE,,,2018,All,,,,,1
SpecifiedDemandProfile,NDCINC,ECU,,E5GANOVE,,,2019,All,,,,,1
SpecifiedDemandProfile,NDCINC,ECU,,E5GANOVE,,,2020,All,,,,,1
SpecifiedDemandProfile,NDCINC,ECU,,E5GANOVE,,,2021,All,,,,,1
SpecifiedDemandProfile,NDCINC,ECU,,E5GANOVE,,,2022,All,,,,,1
SpecifiedDemandProfile,NDCINC,ECU,,E5GANOVE,,,2023,All,,,,,1
SpecifiedDemandProfile,NDCINC,ECU,,E5GANOVE,,,2024,All,,,,,1
SpecifiedDemandProfile,NDCINC,ECU,,E5GANOVE,,,2025,All,,,,,1
SpecifiedDemandProfile,NDCINC,ECU,,E5GANOVE,,,2026,All,,,,,1
SpecifiedDemandProfile,NDCINC,ECU,,E5GANOVE,,,2027,All,,,,,1
SpecifiedDemandProfile,NDCINC,ECU,,E5GANOVE,,,2028,All,,,,,1
SpecifiedDemandProfile,NDCINC,ECU,,E5GANOVE,,,2029,All,,,,,1
SpecifiedDemandProfile,NDCINC,ECU,,E5GANOVE,,,2030,All,,,,,1
SpecifiedDemandProfile,NDCINC,ECU,,E5GANOVE,,,2031,All,,,,,1
SpecifiedDemandProfile,NDCINC,ECU,,E5GANOVE,,,2032,All,,,,,1
SpecifiedDemandProfile,NDCINC,ECU,,E5GANOVE,,,2033,All,,,,,1
SpecifiedDemandProfile,NDCINC,ECU,,E5GANOVE,,,2034,All,,,,,1
SpecifiedDemandProfile,NDCINC,ECU,,E5GANOVE,,,2035,All,,,,,1
SpecifiedDemandProfile,NDCINC,ECU,,E5GANCBR,,,2010,All,,,,,1
SpecifiedDemandProfile,NDCINC,ECU,,E5GANCBR,,,2011,All,,,,,1
SpecifiedDemandProfile,NDCINC,ECU,,E5GANCBR,,,2012,All,,,,,1
SpecifiedDemandProfile,NDCINC,ECU,,E5GANCBR,,,2013,All,,,,,1
SpecifiedDemandProfile,NDCINC,ECU,,E5GANCBR,,,2014,All,,,,,1
SpecifiedDemandProfile,NDCINC,ECU,,E5GANCBR,,,2015,All,,,,,1
SpecifiedDemandProfile,NDCINC,ECU,,E5GANCBR,,,2016,All,,,,,1
SpecifiedDemandProfile,NDCINC,ECU,,E5GANCBR,,,2017,All,,,,,1
SpecifiedDemandProfile,NDCINC,ECU,,E5GANCBR,,,2018,All,,,,,1
SpecifiedDemandProfile,NDCINC,ECU,,E5GANCBR,,,2019,All,,,,,1
SpecifiedDemandProfile,NDCINC,ECU,,E5GANCBR,,,2020,All,,,,,1
SpecifiedDemandProfile,NDCINC,ECU,,E5GANCBR,,,2021,All,,,,,1
SpecifiedDemandProfile,NDCINC,ECU,,E5GANCBR,,,2022,All,,,,,1
SpecifiedDemandProfile,NDCINC,ECU,,E5GANCBR,,,2023,All,,,,,1
SpecifiedDemandProfile,NDCINC,ECU,,E5GANCBR,,,2024,All,,,,,1
SpecifiedDemandProfile,NDCINC,ECU,,E5GANCBR,,,2025,All,,,,,1
SpecifiedDemandProfile,NDCINC,ECU,,E5GANCBR,,,2026,All,,,,,1
SpecifiedDemandProfile,NDCINC,ECU,,E5GANCBR,,,2027,All,,,,,1
SpecifiedDemandProfile,NDCINC,ECU,,E5GANCBR,,,2028,All,,,,,1
SpecifiedDemandProfile,NDCINC,ECU,,E5GANCBR,,,2029,All,,,,,1
SpecifiedDemandProfile,NDCINC,ECU,,E5GANCBR,,,2030,All,,,,,1
SpecifiedDemandProfile,NDCINC,ECU,,E5GANCBR,,,2031,All,,,,,1
SpecifiedDemandProfile,NDCINC,ECU,,E5GANCBR,,,2032,All,,,,,1
SpecifiedDemandProfile,NDCINC,ECU,,E5GANCBR,,,2033,All,,,,,1
SpecifiedDemandProfile,NDCINC,ECU,,E5GANCBR,,,2034,All,,,,,1
SpecifiedDemandProfile,NDCINC,ECU,,E5GANCBR,,,2035,All,,,,,1
SpecifiedDemandProfile,NDCINC,ECU,,E5GANCAM,,,2010,All,,,,,1
SpecifiedDemandProfile,NDCINC,ECU,,E5GANCAM,,,2011,All,,,,,1
SpecifiedDemandProfile,NDCINC,ECU,,E5GANCAM,,,2012,All,,,,,1
SpecifiedDemandProfile,NDCINC,ECU,,E5GANCAM,,,2013,All,,,,,1
SpecifiedDemandProfile,NDCINC,ECU,,E5GANCAM,,,2014,All,,,,,1
SpecifiedDemandProfile,NDCINC,ECU,,E5GANCAM,,,2015,All,,,,,1
SpecifiedDemandProfile,NDCINC,ECU,,E5GANCAM,,,2016,All,,,,,1
SpecifiedDemandProfile,NDCINC,ECU,,E5GANCAM,,,2017,All,,,,,1
SpecifiedDemandProfile,NDCINC,ECU,,E5GANCAM,,,2018,All,,,,,1
SpecifiedDemandProfile,NDCINC,ECU,,E5GANCAM,,,2019,All,,,,,1
SpecifiedDemandProfile,NDCINC,ECU,,E5GANCAM,,,2020,All,,,,,1
SpecifiedDemandProfile,NDCINC,ECU,,E5GANCAM,,,2021,All,,,,,1
SpecifiedDemandProfile,NDCINC,ECU,,E5GANCAM,,,2022,All,,,,,1
SpecifiedDemandProfile,NDCINC,ECU,,E5GANCAM,,,2023,All,,,,,1
SpecifiedDemandProfile,NDCINC,ECU,,E5GANCAM,,,2024,All,,,,,1
SpecifiedDemandProfile,NDCINC,ECU,,E5GANCAM,,,2025,All,,,,,1
SpecifiedDemandProfile,NDCINC,ECU,,E5GANCAM,,,2026,All,,,,,1
SpecifiedDemandProfile,NDCINC,ECU,,E5GANCAM,,,2027,All,,,,,1
SpecifiedDemandProfile,NDCINC,ECU,,E5GANCAM,,,2028,All,,,,,1
SpecifiedDemandProfile,NDCINC,ECU,,E5GANCAM,,,2029,All,,,,,1
SpecifiedDemandProfile,NDCINC,ECU,,E5GANCAM,,,2030,All,,,,,1
SpecifiedDemandProfile,NDCINC,ECU,,E5GANCAM,,,2031,All,,,,,1
SpecifiedDemandProfile,NDCINC,ECU,,E5GANCAM,,,2032,All,,,,,1
SpecifiedDemandProfile,NDCINC,ECU,,E5GANCAM,,,2033,All,,,,,1
SpecifiedDemandProfile,NDCINC,ECU,,E5GANCAM,,,2034,All,,,,,1
SpecifiedDemandProfile,NDCINC,ECU,,E5GANCAM,,,2035,All,,,,,1
SpecifiedDemandProfile,NDCINC,ECU,,E5GANCAB,,,2010,All,,,,,1
SpecifiedDemandProfile,NDCINC,ECU,,E5GANCAB,,,2011,All,,,,,1
SpecifiedDemandProfile,NDCINC,ECU,,E5GANCAB,,,2012,All,,,,,1
SpecifiedDemandProfile,NDCINC,ECU,,E5GANCAB,,,2013,All,,,,,1
SpecifiedDemandProfile,NDCINC,ECU,,E5GANCAB,,,2014,All,,,,,1
SpecifiedDemandProfile,NDCINC,ECU,,E5GANCAB,,,2015,All,,,,,1
SpecifiedDemandProfile,NDCINC,ECU,,E5GANCAB,,,2016,All,,,,,1
SpecifiedDemandProfile,NDCINC,ECU,,E5GANCAB,,,2017,All,,,,,1
SpecifiedDemandProfile,NDCINC,ECU,,E5GANCAB,,,2018,All,,,,,1
SpecifiedDemandProfile,NDCINC,ECU,,E5GANCAB,,,2019,All,,,,,1
SpecifiedDemandProfile,NDCINC,ECU,,E5GANCAB,,,2020,All,,,,,1
SpecifiedDemandProfile,NDCINC,ECU,,E5GANCAB,,,2021,All,,,,,1
SpecifiedDemandProfile,NDCINC,ECU,,E5GANCAB,,,2022,All,,,,,1
SpecifiedDemandProfile,NDCINC,ECU,,E5GANCAB,,,2023,All,,,,,1
SpecifiedDemandProfile,NDCINC,ECU,,E5GANCAB,,,2024,All,,,,,1
SpecifiedDemandProfile,NDCINC,ECU,,E5GANCAB,,,2025,All,,,,,1
SpecifiedDemandProfile,NDCINC,ECU,,E5GANCAB,,,2026,All,,,,,1
SpecifiedDemandProfile,NDCINC,ECU,,E5GANCAB,,,2027,All,,,,,1
SpecifiedDemandProfile,NDCINC,ECU,,E5GANCAB,,,2028,All,,,,,1
SpecifiedDemandProfile,NDCINC,ECU,,E5GANCAB,,,2029,All,,,,,1
SpecifiedDemandProfile,NDCINC,ECU,,E5GANCAB,,,2030,All,,,,,1
SpecifiedDemandProfile,NDCINC,ECU,,E5GANCAB,,,2031,All,,,,,1
SpecifiedDemandProfile,NDCINC,ECU,,E5GANCAB,,,2032,All,,,,,1
SpecifiedDemandProfile,NDCINC,ECU,,E5GANCAB,,,2033,All,,,,,1
SpecifiedDemandProfile,NDCINC,ECU,,E5GANCAB,,,2034,All,,,,,1
SpecifiedDemandProfile,NDCINC,ECU,,E5GANCAB,,,2035,All,,,,,1
SpecifiedDemandProfile,NDCINC,ECU,,E5GANMUL,,,2010,All,,,,,1
SpecifiedDemandProfile,NDCINC,ECU,,E5GANMUL,,,2011,All,,,,,1
SpecifiedDemandProfile,NDCINC,ECU,,E5GANMUL,,,2012,All,,,,,1
SpecifiedDemandProfile,NDCINC,ECU,,E5GANMUL,,,2013,All,,,,,1
SpecifiedDemandProfile,NDCINC,ECU,,E5GANMUL,,,2014,All,,,,,1
SpecifiedDemandProfile,NDCINC,ECU,,E5GANMUL,,,2015,All,,,,,1
SpecifiedDemandProfile,NDCINC,ECU,,E5GANMUL,,,2016,All,,,,,1
SpecifiedDemandProfile,NDCINC,ECU,,E5GANMUL,,,2017,All,,,,,1
SpecifiedDemandProfile,NDCINC,ECU,,E5GANMUL,,,2018,All,,,,,1
SpecifiedDemandProfile,NDCINC,ECU,,E5GANMUL,,,2019,All,,,,,1
SpecifiedDemandProfile,NDCINC,ECU,,E5GANMUL,,,2020,All,,,,,1
SpecifiedDemandProfile,NDCINC,ECU,,E5GANMUL,,,2021,All,,,,,1
SpecifiedDemandProfile,NDCINC,ECU,,E5GANMUL,,,2022,All,,,,,1
SpecifiedDemandProfile,NDCINC,ECU,,E5GANMUL,,,2023,All,,,,,1
SpecifiedDemandProfile,NDCINC,ECU,,E5GANMUL,,,2024,All,,,,,1
SpecifiedDemandProfile,NDCINC,ECU,,E5GANMUL,,,2025,All,,,,,1
SpecifiedDemandProfile,NDCINC,ECU,,E5GANMUL,,,2026,All,,,,,1
SpecifiedDemandProfile,NDCINC,ECU,,E5GANMUL,,,2027,All,,,,,1
SpecifiedDemandProfile,NDCINC,ECU,,E5GANMUL,,,2028,All,,,,,1
SpecifiedDemandProfile,NDCINC,ECU,,E5GANMUL,,,2029,All,,,,,1
SpecifiedDemandProfile,NDCINC,ECU,,E5GANMUL,,,2030,All,,,,,1
SpecifiedDemandProfile,NDCINC,ECU,,E5GANMUL,,,2031,All,,,,,1
SpecifiedDemandProfile,NDCINC,ECU,,E5GANMUL,,,2032,All,,,,,1
SpecifiedDemandProfile,NDCINC,ECU,,E5GANMUL,,,2033,All,,,,,1
SpecifiedDemandProfile,NDCINC,ECU,,E5GANMUL,,,2034,All,,,,,1
SpecifiedDemandProfile,NDCINC,ECU,,E5GANMUL,,,2035,All,,,,,1
SpecifiedDemandProfile,NDCINC,ECU,,E5GANCER,,,2010,All,,,,,1
SpecifiedDemandProfile,NDCINC,ECU,,E5GANCER,,,2011,All,,,,,1
SpecifiedDemandProfile,NDCINC,ECU,,E5GANCER,,,2012,All,,,,,1
SpecifiedDemandProfile,NDCINC,ECU,,E5GANCER,,,2013,All,,,,,1
SpecifiedDemandProfile,NDCINC,ECU,,E5GANCER,,,2014,All,,,,,1
SpecifiedDemandProfile,NDCINC,ECU,,E5GANCER,,,2015,All,,,,,1
SpecifiedDemandProfile,NDCINC,ECU,,E5GANCER,,,2016,All,,,,,1
SpecifiedDemandProfile,NDCINC,ECU,,E5GANCER,,,2017,All,,,,,1
SpecifiedDemandProfile,NDCINC,ECU,,E5GANCER,,,2018,All,,,,,1
SpecifiedDemandProfile,NDCINC,ECU,,E5GANCER,,,2019,All,,,,,1
SpecifiedDemandProfile,NDCINC,ECU,,E5GANCER,,,2020,All,,,,,1
SpecifiedDemandProfile,NDCINC,ECU,,E5GANCER,,,2021,All,,,,,1
SpecifiedDemandProfile,NDCINC,ECU,,E5GANCER,,,2022,All,,,,,1
SpecifiedDemandProfile,NDCINC,ECU,,E5GANCER,,,2023,All,,,,,1
SpecifiedDemandProfile,NDCINC,ECU,,E5GANCER,,,2024,All,,,,,1
SpecifiedDemandProfile,NDCINC,ECU,,E5GANCER,,,2025,All,,,,,1
SpecifiedDemandProfile,NDCINC,ECU,,E5GANCER,,,2026,All,,,,,1
SpecifiedDemandProfile,NDCINC,ECU,,E5GANCER,,,2027,All,,,,,1
SpecifiedDemandProfile,NDCINC,ECU,,E5GANCER,,,2028,All,,,,,1
SpecifiedDemandProfile,NDCINC,ECU,,E5GANCER,,,2029,All,,,,,1
SpecifiedDemandProfile,NDCINC,ECU,,E5GANCER,,,2030,All,,,,,1
SpecifiedDemandProfile,NDCINC,ECU,,E5GANCER,,,2031,All,,,,,1
SpecifiedDemandProfile,NDCINC,ECU,,E5GANCER,,,2032,All,,,,,1
SpecifiedDemandProfile,NDCINC,ECU,,E5GANCER,,,2033,All,,,,,1
SpecifiedDemandProfile,NDCINC,ECU,,E5GANCER,,,2034,All,,,,,1
SpecifiedDemandProfile,NDCINC,ECU,,E5GANCER,,,2035,All,,,,,1
SpecifiedDemandProfile,NDCINC,ECU,,E5GANAVE,,,2010,All,,,,,1
SpecifiedDemandProfile,NDCINC,ECU,,E5GANAVE,,,2011,All,,,,,1
SpecifiedDemandProfile,NDCINC,ECU,,E5GANAVE,,,2012,All,,,,,1
SpecifiedDemandProfile,NDCINC,ECU,,E5GANAVE,,,2013,All,,,,,1
SpecifiedDemandProfile,NDCINC,ECU,,E5GANAVE,,,2014,All,,,,,1
SpecifiedDemandProfile,NDCINC,ECU,,E5GANAVE,,,2015,All,,,,,1
SpecifiedDemandProfile,NDCINC,ECU,,E5GANAVE,,,2016,All,,,,,1
SpecifiedDemandProfile,NDCINC,ECU,,E5GANAVE,,,2017,All,,,,,1
SpecifiedDemandProfile,NDCINC,ECU,,E5GANAVE,,,2018,All,,,,,1
SpecifiedDemandProfile,NDCINC,ECU,,E5GANAVE,,,2019,All,,,,,1
SpecifiedDemandProfile,NDCINC,ECU,,E5GANAVE,,,2020,All,,,,,1
SpecifiedDemandProfile,NDCINC,ECU,,E5GANAVE,,,2021,All,,,,,1
SpecifiedDemandProfile,NDCINC,ECU,,E5GANAVE,,,2022,All,,,,,1
SpecifiedDemandProfile,NDCINC,ECU,,E5GANAVE,,,2023,All,,,,,1
SpecifiedDemandProfile,NDCINC,ECU,,E5GANAVE,,,2024,All,,,,,1
SpecifiedDemandProfile,NDCINC,ECU,,E5GANAVE,,,2025,All,,,,,1
SpecifiedDemandProfile,NDCINC,ECU,,E5GANAVE,,,2026,All,,,,,1
SpecifiedDemandProfile,NDCINC,ECU,,E5GANAVE,,,2027,All,,,,,1
SpecifiedDemandProfile,NDCINC,ECU,,E5GANAVE,,,2028,All,,,,,1
SpecifiedDemandProfile,NDCINC,ECU,,E5GANAVE,,,2029,All,,,,,1
SpecifiedDemandProfile,NDCINC,ECU,,E5GANAVE,,,2030,All,,,,,1
SpecifiedDemandProfile,NDCINC,ECU,,E5GANAVE,,,2031,All,,,,,1
SpecifiedDemandProfile,NDCINC,ECU,,E5GANAVE,,,2032,All,,,,,1
SpecifiedDemandProfile,NDCINC,ECU,,E5GANAVE,,,2033,All,,,,,1
SpecifiedDemandProfile,NDCINC,ECU,,E5GANAVE,,,2034,All,,,,,1
SpecifiedDemandProfile,NDCINC,ECU,,E5GANAVE,,,2035,All,,,,,1
SpecifiedDemandProfile,NDCINC,ECU,,E5GANPAT,,,2010,All,,,,,1
SpecifiedDemandProfile,NDCINC,ECU,,E5GANPAT,,,2011,All,,,,,1
SpecifiedDemandProfile,NDCINC,ECU,,E5GANPAT,,,2012,All,,,,,1
SpecifiedDemandProfile,NDCINC,ECU,,E5GANPAT,,,2013,All,,,,,1
SpecifiedDemandProfile,NDCINC,ECU,,E5GANPAT,,,2014,All,,,,,1
SpecifiedDemandProfile,NDCINC,ECU,,E5GANPAT,,,2015,All,,,,,1
SpecifiedDemandProfile,NDCINC,ECU,,E5GANPAT,,,2016,All,,,,,1
SpecifiedDemandProfile,NDCINC,ECU,,E5GANPAT,,,2017,All,,,,,1
SpecifiedDemandProfile,NDCINC,ECU,,E5GANPAT,,,2018,All,,,,,1
SpecifiedDemandProfile,NDCINC,ECU,,E5GANPAT,,,2019,All,,,,,1
SpecifiedDemandProfile,NDCINC,ECU,,E5GANPAT,,,2020,All,,,,,1
SpecifiedDemandProfile,NDCINC,ECU,,E5GANPAT,,,2021,All,,,,,1
SpecifiedDemandProfile,NDCINC,ECU,,E5GANPAT,,,2022,All,,,,,1
SpecifiedDemandProfile,NDCINC,ECU,,E5GANPAT,,,2023,All,,,,,1
SpecifiedDemandProfile,NDCINC,ECU,,E5GANPAT,,,2024,All,,,,,1
SpecifiedDemandProfile,NDCINC,ECU,,E5GANPAT,,,2025,All,,,,,1
SpecifiedDemandProfile,NDCINC,ECU,,E5GANPAT,,,2026,All,,,,,1
SpecifiedDemandProfile,NDCINC,ECU,,E5GANPAT,,,2027,All,,,,,1
SpecifiedDemandProfile,NDCINC,ECU,,E5GANPAT,,,2028,All,,,,,1
SpecifiedDemandProfile,NDCINC,ECU,,E5GANPAT,,,2029,All,,,,,1
SpecifiedDemandProfile,NDCINC,ECU,,E5GANPAT,,,2030,All,,,,,1
SpecifiedDemandProfile,NDCINC,ECU,,E5GANPAT,,,2031,All,,,,,1
SpecifiedDemandProfile,NDCINC,ECU,,E5GANPAT,,,2032,All,,,,,1
SpecifiedDemandProfile,NDCINC,ECU,,E5GANPAT,,,2033,All,,,,,1
SpecifiedDemandProfile,NDCINC,ECU,,E5GANPAT,,,2034,All,,,,,1
SpecifiedDemandProfile,NDCINC,ECU,,E5GANPAT,,,2035,All,,,,,1
SpecifiedDemandProfile,NDCINC,ECU,,E5GANPAV,,,2010,All,,,,,1
SpecifiedDemandProfile,NDCINC,ECU,,E5GANPAV,,,2011,All,,,,,1
SpecifiedDemandProfile,NDCINC,ECU,,E5GANPAV,,,2012,All,,,,,1
SpecifiedDemandProfile,NDCINC,ECU,,E5GANPAV,,,2013,All,,,,,1
SpecifiedDemandProfile,NDCINC,ECU,,E5GANPAV,,,2014,All,,,,,1
SpecifiedDemandProfile,NDCINC,ECU,,E5GANPAV,,,2015,All,,,,,1
SpecifiedDemandProfile,NDCINC,ECU,,E5GANPAV,,,2016,All,,,,,1
SpecifiedDemandProfile,NDCINC,ECU,,E5GANPAV,,,2017,All,,,,,1
SpecifiedDemandProfile,NDCINC,ECU,,E5GANPAV,,,2018,All,,,,,1
SpecifiedDemandProfile,NDCINC,ECU,,E5GANPAV,,,2019,All,,,,,1
SpecifiedDemandProfile,NDCINC,ECU,,E5GANPAV,,,2020,All,,,,,1
SpecifiedDemandProfile,NDCINC,ECU,,E5GANPAV,,,2021,All,,,,,1
SpecifiedDemandProfile,NDCINC,ECU,,E5GANPAV,,,2022,All,,,,,1
SpecifiedDemandProfile,NDCINC,ECU,,E5GANPAV,,,2023,All,,,,,1
SpecifiedDemandProfile,NDCINC,ECU,,E5GANPAV,,,2024,All,,,,,1
SpecifiedDemandProfile,NDCINC,ECU,,E5GANPAV,,,2025,All,,,,,1
SpecifiedDemandProfile,NDCINC,ECU,,E5GANPAV,,,2026,All,,,,,1
SpecifiedDemandProfile,NDCINC,ECU,,E5GANPAV,,,2027,All,,,,,1
SpecifiedDemandProfile,NDCINC,ECU,,E5GANPAV,,,2028,All,,,,,1
SpecifiedDemandProfile,NDCINC,ECU,,E5GANPAV,,,2029,All,,,,,1
SpecifiedDemandProfile,NDCINC,ECU,,E5GANPAV,,,2030,All,,,,,1
SpecifiedDemandProfile,NDCINC,ECU,,E5GANPAV,,,2031,All,,,,,1
SpecifiedDemandProfile,NDCINC,ECU,,E5GANPAV,,,2032,All,,,,,1
SpecifiedDemandProfile,NDCINC,ECU,,E5GANPAV,,,2033,All,,,,,1
SpecifiedDemandProfile,NDCINC,ECU,,E5GANPAV,,,2034,All,,,,,1
SpecifiedDemandProfile,NDCINC,ECU,,E5GANPAV,,,2035,All,,,,,1
SpecifiedDemandProfile,NDCINC,ECU,,E5GANPON,,,2010,All,,,,,1
SpecifiedDemandProfile,NDCINC,ECU,,E5GANPON,,,2011,All,,,,,1
SpecifiedDemandProfile,NDCINC,ECU,,E5GANPON,,,2012,All,,,,,1
SpecifiedDemandProfile,NDCINC,ECU,,E5GANPON,,,2013,All,,,,,1
SpecifiedDemandProfile,NDCINC,ECU,,E5GANPON,,,2014,All,,,,,1
SpecifiedDemandProfile,NDCINC,ECU,,E5GANPON,,,2015,All,,,,,1
SpecifiedDemandProfile,NDCINC,ECU,,E5GANPON,,,2016,All,,,,,1
SpecifiedDemandProfile,NDCINC,ECU,,E5GANPON,,,2017,All,,,,,1
SpecifiedDemandProfile,NDCINC,ECU,,E5GANPON,,,2018,All,,,,,1
SpecifiedDemandProfile,NDCINC,ECU,,E5GANPON,,,2019,All,,,,,1
SpecifiedDemandProfile,NDCINC,ECU,,E5GANPON,,,2020,All,,,,,1
SpecifiedDemandProfile,NDCINC,ECU,,E5GANPON,,,2021,All,,,,,1
SpecifiedDemandProfile,NDCINC,ECU,,E5GANPON,,,2022,All,,,,,1
SpecifiedDemandProfile,NDCINC,ECU,,E5GANPON,,,2023,All,,,,,1
SpecifiedDemandProfile,NDCINC,ECU,,E5GANPON,,,2024,All,,,,,1
SpecifiedDemandProfile,NDCINC,ECU,,E5GANPON,,,2025,All,,,,,1
SpecifiedDemandProfile,NDCINC,ECU,,E5GANPON,,,2026,All,,,,,1
SpecifiedDemandProfile,NDCINC,ECU,,E5GANPON,,,2027,All,,,,,1
SpecifiedDemandProfile,NDCINC,ECU,,E5GANPON,,,2028,All,,,,,1
SpecifiedDemandProfile,NDCINC,ECU,,E5GANPON,,,2029,All,,,,,1
SpecifiedDemandProfile,NDCINC,ECU,,E5GANPON,,,2030,All,,,,,1
SpecifiedDemandProfile,NDCINC,ECU,,E5GANPON,,,2031,All,,,,,1
SpecifiedDemandProfile,NDCINC,ECU,,E5GANPON,,,2032,All,,,,,1
SpecifiedDemandProfile,NDCINC,ECU,,E5GANPON,,,2033,All,,,,,1
SpecifiedDemandProfile,NDCINC,ECU,,E5GANPON,,,2034,All,,,,,1
SpecifiedDemandProfile,NDCINC,ECU,,E5GANPON,,,2035,All,,,,,1
SpecifiedDemandProfile,NDCINC,ECU,,E5AGREXPARR,,,2010,All,,,,,1
SpecifiedDemandProfile,NDCINC,ECU,,E5AGREXPARR,,,2011,All,,,,,1
SpecifiedDemandProfile,NDCINC,ECU,,E5AGREXPARR,,,2012,All,,,,,1
SpecifiedDemandProfile,NDCINC,ECU,,E5AGREXPARR,,,2013,All,,,,,1
SpecifiedDemandProfile,NDCINC,ECU,,E5AGREXPARR,,,2014,All,,,,,1
SpecifiedDemandProfile,NDCINC,ECU,,E5AGREXPARR,,,2015,All,,,,,1
SpecifiedDemandProfile,NDCINC,ECU,,E5AGREXPARR,,,2016,All,,,,,1
SpecifiedDemandProfile,NDCINC,ECU,,E5AGREXPARR,,,2017,All,,,,,1
SpecifiedDemandProfile,NDCINC,ECU,,E5AGREXPARR,,,2018,All,,,,,1
SpecifiedDemandProfile,NDCINC,ECU,,E5AGREXPARR,,,2019,All,,,,,1
SpecifiedDemandProfile,NDCINC,ECU,,E5AGREXPARR,,,2020,All,,,,,1
SpecifiedDemandProfile,NDCINC,ECU,,E5AGREXPARR,,,2021,All,,,,,1
SpecifiedDemandProfile,NDCINC,ECU,,E5AGREXPARR,,,2022,All,,,,,1
SpecifiedDemandProfile,NDCINC,ECU,,E5AGREXPARR,,,2023,All,,,,,1
SpecifiedDemandProfile,NDCINC,ECU,,E5AGREXPARR,,,2024,All,,,,,1
SpecifiedDemandProfile,NDCINC,ECU,,E5AGREXPARR,,,2025,All,,,,,1
SpecifiedDemandProfile,NDCINC,ECU,,E5AGREXPARR,,,2026,All,,,,,1
SpecifiedDemandProfile,NDCINC,ECU,,E5AGREXPARR,,,2027,All,,,,,1
SpecifiedDemandProfile,NDCINC,ECU,,E5AGREXPARR,,,2028,All,,,,,1
SpecifiedDemandProfile,NDCINC,ECU,,E5AGREXPARR,,,2029,All,,,,,1
SpecifiedDemandProfile,NDCINC,ECU,,E5AGREXPARR,,,2030,All,,,,,1
SpecifiedDemandProfile,NDCINC,ECU,,E5AGREXPARR,,,2031,All,,,,,1
SpecifiedDemandProfile,NDCINC,ECU,,E5AGREXPARR,,,2032,All,,,,,1
SpecifiedDemandProfile,NDCINC,ECU,,E5AGREXPARR,,,2033,All,,,,,1
SpecifiedDemandProfile,NDCINC,ECU,,E5AGREXPARR,,,2034,All,,,,,1
SpecifiedDemandProfile,NDCINC,ECU,,E5AGREXPARR,,,2035,All,,,,,1
SpecifiedDemandProfile,NDCINC,ECU,,E5AGREXPBAN,,,2010,All,,,,,1
SpecifiedDemandProfile,NDCINC,ECU,,E5AGREXPBAN,,,2011,All,,,,,1
SpecifiedDemandProfile,NDCINC,ECU,,E5AGREXPBAN,,,2012,All,,,,,1
SpecifiedDemandProfile,NDCINC,ECU,,E5AGREXPBAN,,,2013,All,,,,,1
SpecifiedDemandProfile,NDCINC,ECU,,E5AGREXPBAN,,,2014,All,,,,,1
SpecifiedDemandProfile,NDCINC,ECU,,E5AGREXPBAN,,,2015,All,,,,,1
SpecifiedDemandProfile,NDCINC,ECU,,E5AGREXPBAN,,,2016,All,,,,,1
SpecifiedDemandProfile,NDCINC,ECU,,E5AGREXPBAN,,,2017,All,,,,,1
SpecifiedDemandProfile,NDCINC,ECU,,E5AGREXPBAN,,,2018,All,,,,,1
SpecifiedDemandProfile,NDCINC,ECU,,E5AGREXPBAN,,,2019,All,,,,,1
SpecifiedDemandProfile,NDCINC,ECU,,E5AGREXPBAN,,,2020,All,,,,,1
SpecifiedDemandProfile,NDCINC,ECU,,E5AGREXPBAN,,,2021,All,,,,,1
SpecifiedDemandProfile,NDCINC,ECU,,E5AGREXPBAN,,,2022,All,,,,,1
SpecifiedDemandProfile,NDCINC,ECU,,E5AGREXPBAN,,,2023,All,,,,,1
SpecifiedDemandProfile,NDCINC,ECU,,E5AGREXPBAN,,,2024,All,,,,,1
SpecifiedDemandProfile,NDCINC,ECU,,E5AGREXPBAN,,,2025,All,,,,,1
SpecifiedDemandProfile,NDCINC,ECU,,E5AGREXPBAN,,,2026,All,,,,,1
SpecifiedDemandProfile,NDCINC,ECU,,E5AGREXPBAN,,,2027,All,,,,,1
SpecifiedDemandProfile,NDCINC,ECU,,E5AGREXPBAN,,,2028,All,,,,,1
SpecifiedDemandProfile,NDCINC,ECU,,E5AGREXPBAN,,,2029,All,,,,,1
SpecifiedDemandProfile,NDCINC,ECU,,E5AGREXPBAN,,,2030,All,,,,,1
SpecifiedDemandProfile,NDCINC,ECU,,E5AGREXPBAN,,,2031,All,,,,,1
SpecifiedDemandProfile,NDCINC,ECU,,E5AGREXPBAN,,,2032,All,,,,,1
SpecifiedDemandProfile,NDCINC,ECU,,E5AGREXPBAN,,,2033,All,,,,,1
SpecifiedDemandProfile,NDCINC,ECU,,E5AGREXPBAN,,,2034,All,,,,,1
SpecifiedDemandProfile,NDCINC,ECU,,E5AGREXPBAN,,,2035,All,,,,,1
SpecifiedDemandProfile,NDCINC,ECU,,E5AGREXPCOC,,,2010,All,,,,,1
SpecifiedDemandProfile,NDCINC,ECU,,E5AGREXPCOC,,,2011,All,,,,,1
SpecifiedDemandProfile,NDCINC,ECU,,E5AGREXPCOC,,,2012,All,,,,,1
SpecifiedDemandProfile,NDCINC,ECU,,E5AGREXPCOC,,,2013,All,,,,,1
SpecifiedDemandProfile,NDCINC,ECU,,E5AGREXPCOC,,,2014,All,,,,,1
SpecifiedDemandProfile,NDCINC,ECU,,E5AGREXPCOC,,,2015,All,,,,,1
SpecifiedDemandProfile,NDCINC,ECU,,E5AGREXPCOC,,,2016,All,,,,,1
SpecifiedDemandProfile,NDCINC,ECU,,E5AGREXPCOC,,,2017,All,,,,,1
SpecifiedDemandProfile,NDCINC,ECU,,E5AGREXPCOC,,,2018,All,,,,,1
SpecifiedDemandProfile,NDCINC,ECU,,E5AGREXPCOC,,,2019,All,,,,,1
SpecifiedDemandProfile,NDCINC,ECU,,E5AGREXPCOC,,,2020,All,,,,,1
SpecifiedDemandProfile,NDCINC,ECU,,E5AGREXPCOC,,,2021,All,,,,,1
SpecifiedDemandProfile,NDCINC,ECU,,E5AGREXPCOC,,,2022,All,,,,,1
SpecifiedDemandProfile,NDCINC,ECU,,E5AGREXPCOC,,,2023,All,,,,,1
SpecifiedDemandProfile,NDCINC,ECU,,E5AGREXPCOC,,,2024,All,,,,,1
SpecifiedDemandProfile,NDCINC,ECU,,E5AGREXPCOC,,,2025,All,,,,,1
SpecifiedDemandProfile,NDCINC,ECU,,E5AGREXPCOC,,,2026,All,,,,,1
SpecifiedDemandProfile,NDCINC,ECU,,E5AGREXPCOC,,,2027,All,,,,,1
SpecifiedDemandProfile,NDCINC,ECU,,E5AGREXPCOC,,,2028,All,,,,,1
SpecifiedDemandProfile,NDCINC,ECU,,E5AGREXPCOC,,,2029,All,,,,,1
SpecifiedDemandProfile,NDCINC,ECU,,E5AGREXPCOC,,,2030,All,,,,,1
SpecifiedDemandProfile,NDCINC,ECU,,E5AGREXPCOC,,,2031,All,,,,,1
SpecifiedDemandProfile,NDCINC,ECU,,E5AGREXPCOC,,,2032,All,,,,,1
SpecifiedDemandProfile,NDCINC,ECU,,E5AGREXPCOC,,,2033,All,,,,,1
SpecifiedDemandProfile,NDCINC,ECU,,E5AGREXPCOC,,,2034,All,,,,,1
SpecifiedDemandProfile,NDCINC,ECU,,E5AGREXPCOC,,,2035,All,,,,,1
SpecifiedDemandProfile,NDCINC,ECU,,E5AGREXPCOF,,,2010,All,,,,,1
SpecifiedDemandProfile,NDCINC,ECU,,E5AGREXPCOF,,,2011,All,,,,,1
SpecifiedDemandProfile,NDCINC,ECU,,E5AGREXPCOF,,,2012,All,,,,,1
SpecifiedDemandProfile,NDCINC,ECU,,E5AGREXPCOF,,,2013,All,,,,,1
SpecifiedDemandProfile,NDCINC,ECU,,E5AGREXPCOF,,,2014,All,,,,,1
SpecifiedDemandProfile,NDCINC,ECU,,E5AGREXPCOF,,,2015,All,,,,,1
SpecifiedDemandProfile,NDCINC,ECU,,E5AGREXPCOF,,,2016,All,,,,,1
SpecifiedDemandProfile,NDCINC,ECU,,E5AGREXPCOF,,,2017,All,,,,,1
SpecifiedDemandProfile,NDCINC,ECU,,E5AGREXPCOF,,,2018,All,,,,,1
SpecifiedDemandProfile,NDCINC,ECU,,E5AGREXPCOF,,,2019,All,,,,,1
SpecifiedDemandProfile,NDCINC,ECU,,E5AGREXPCOF,,,2020,All,,,,,1
SpecifiedDemandProfile,NDCINC,ECU,,E5AGREXPCOF,,,2021,All,,,,,1
SpecifiedDemandProfile,NDCINC,ECU,,E5AGREXPCOF,,,2022,All,,,,,1
SpecifiedDemandProfile,NDCINC,ECU,,E5AGREXPCOF,,,2023,All,,,,,1
SpecifiedDemandProfile,NDCINC,ECU,,E5AGREXPCOF,,,2024,All,,,,,1
SpecifiedDemandProfile,NDCINC,ECU,,E5AGREXPCOF,,,2025,All,,,,,1
SpecifiedDemandProfile,NDCINC,ECU,,E5AGREXPCOF,,,2026,All,,,,,1
SpecifiedDemandProfile,NDCINC,ECU,,E5AGREXPCOF,,,2027,All,,,,,1
SpecifiedDemandProfile,NDCINC,ECU,,E5AGREXPCOF,,,2028,All,,,,,1
SpecifiedDemandProfile,NDCINC,ECU,,E5AGREXPCOF,,,2029,All,,,,,1
SpecifiedDemandProfile,NDCINC,ECU,,E5AGREXPCOF,,,2030,All,,,,,1
SpecifiedDemandProfile,NDCINC,ECU,,E5AGREXPCOF,,,2031,All,,,,,1
SpecifiedDemandProfile,NDCINC,ECU,,E5AGREXPCOF,,,2032,All,,,,,1
SpecifiedDemandProfile,NDCINC,ECU,,E5AGREXPCOF,,,2033,All,,,,,1
SpecifiedDemandProfile,NDCINC,ECU,,E5AGREXPCOF,,,2034,All,,,,,1
SpecifiedDemandProfile,NDCINC,ECU,,E5AGREXPCOF,,,2035,All,,,,,1
SpecifiedDemandProfile,NDCINC,ECU,,E5AGREXPSUG,,,2010,All,,,,,1
SpecifiedDemandProfile,NDCINC,ECU,,E5AGREXPSUG,,,2011,All,,,,,1
SpecifiedDemandProfile,NDCINC,ECU,,E5AGREXPSUG,,,2012,All,,,,,1
SpecifiedDemandProfile,NDCINC,ECU,,E5AGREXPSUG,,,2013,All,,,,,1
SpecifiedDemandProfile,NDCINC,ECU,,E5AGREXPSUG,,,2014,All,,,,,1
SpecifiedDemandProfile,NDCINC,ECU,,E5AGREXPSUG,,,2015,All,,,,,1
SpecifiedDemandProfile,NDCINC,ECU,,E5AGREXPSUG,,,2016,All,,,,,1
SpecifiedDemandProfile,NDCINC,ECU,,E5AGREXPSUG,,,2017,All,,,,,1
SpecifiedDemandProfile,NDCINC,ECU,,E5AGREXPSUG,,,2018,All,,,,,1
SpecifiedDemandProfile,NDCINC,ECU,,E5AGREXPSUG,,,2019,All,,,,,1
SpecifiedDemandProfile,NDCINC,ECU,,E5AGREXPSUG,,,2020,All,,,,,1
SpecifiedDemandProfile,NDCINC,ECU,,E5AGREXPSUG,,,2021,All,,,,,1
SpecifiedDemandProfile,NDCINC,ECU,,E5AGREXPSUG,,,2022,All,,,,,1
SpecifiedDemandProfile,NDCINC,ECU,,E5AGREXPSUG,,,2023,All,,,,,1
SpecifiedDemandProfile,NDCINC,ECU,,E5AGREXPSUG,,,2024,All,,,,,1
SpecifiedDemandProfile,NDCINC,ECU,,E5AGREXPSUG,,,2025,All,,,,,1
SpecifiedDemandProfile,NDCINC,ECU,,E5AGREXPSUG,,,2026,All,,,,,1
SpecifiedDemandProfile,NDCINC,ECU,,E5AGREXPSUG,,,2027,All,,,,,1
SpecifiedDemandProfile,NDCINC,ECU,,E5AGREXPSUG,,,2028,All,,,,,1
SpecifiedDemandProfile,NDCINC,ECU,,E5AGREXPSUG,,,2029,All,,,,,1
SpecifiedDemandProfile,NDCINC,ECU,,E5AGREXPSUG,,,2030,All,,,,,1
SpecifiedDemandProfile,NDCINC,ECU,,E5AGREXPSUG,,,2031,All,,,,,1
SpecifiedDemandProfile,NDCINC,ECU,,E5AGREXPSUG,,,2032,All,,,,,1
SpecifiedDemandProfile,NDCINC,ECU,,E5AGREXPSUG,,,2033,All,,,,,1
SpecifiedDemandProfile,NDCINC,ECU,,E5AGREXPSUG,,,2034,All,,,,,1
SpecifiedDemandProfile,NDCINC,ECU,,E5AGREXPSUG,,,2035,All,,,,,1
SpecifiedDemandProfile,NDCINC,ECU,,E5AGREXPMAI,,,2010,All,,,,,1
SpecifiedDemandProfile,NDCINC,ECU,,E5AGREXPMAI,,,2011,All,,,,,1
SpecifiedDemandProfile,NDCINC,ECU,,E5AGREXPMAI,,,2012,All,,,,,1
SpecifiedDemandProfile,NDCINC,ECU,,E5AGREXPMAI,,,2013,All,,,,,1
SpecifiedDemandProfile,NDCINC,ECU,,E5AGREXPMAI,,,2014,All,,,,,1
SpecifiedDemandProfile,NDCINC,ECU,,E5AGREXPMAI,,,2015,All,,,,,1
SpecifiedDemandProfile,NDCINC,ECU,,E5AGREXPMAI,,,2016,All,,,,,1
SpecifiedDemandProfile,NDCINC,ECU,,E5AGREXPMAI,,,2017,All,,,,,1
SpecifiedDemandProfile,NDCINC,ECU,,E5AGREXPMAI,,,2018,All,,,,,1
SpecifiedDemandProfile,NDCINC,ECU,,E5AGREXPMAI,,,2019,All,,,,,1
SpecifiedDemandProfile,NDCINC,ECU,,E5AGREXPMAI,,,2020,All,,,,,1
SpecifiedDemandProfile,NDCINC,ECU,,E5AGREXPMAI,,,2021,All,,,,,1
SpecifiedDemandProfile,NDCINC,ECU,,E5AGREXPMAI,,,2022,All,,,,,1
SpecifiedDemandProfile,NDCINC,ECU,,E5AGREXPMAI,,,2023,All,,,,,1
SpecifiedDemandProfile,NDCINC,ECU,,E5AGREXPMAI,,,2024,All,,,,,1
SpecifiedDemandProfile,NDCINC,ECU,,E5AGREXPMAI,,,2025,All,,,,,1
SpecifiedDemandProfile,NDCINC,ECU,,E5AGREXPMAI,,,2026,All,,,,,1
SpecifiedDemandProfile,NDCINC,ECU,,E5AGREXPMAI,,,2027,All,,,,,1
SpecifiedDemandProfile,NDCINC,ECU,,E5AGREXPMAI,,,2028,All,,,,,1
SpecifiedDemandProfile,NDCINC,ECU,,E5AGREXPMAI,,,2029,All,,,,,1
SpecifiedDemandProfile,NDCINC,ECU,,E5AGREXPMAI,,,2030,All,,,,,1
SpecifiedDemandProfile,NDCINC,ECU,,E5AGREXPMAI,,,2031,All,,,,,1
SpecifiedDemandProfile,NDCINC,ECU,,E5AGREXPMAI,,,2032,All,,,,,1
SpecifiedDemandProfile,NDCINC,ECU,,E5AGREXPMAI,,,2033,All,,,,,1
SpecifiedDemandProfile,NDCINC,ECU,,E5AGREXPMAI,,,2034,All,,,,,1
SpecifiedDemandProfile,NDCINC,ECU,,E5AGREXPMAI,,,2035,All,,,,,1
SpecifiedDemandProfile,NDCINC,ECU,,E5AGREXPPAF,,,2010,All,,,,,1
SpecifiedDemandProfile,NDCINC,ECU,,E5AGREXPPAF,,,2011,All,,,,,1
SpecifiedDemandProfile,NDCINC,ECU,,E5AGREXPPAF,,,2012,All,,,,,1
SpecifiedDemandProfile,NDCINC,ECU,,E5AGREXPPAF,,,2013,All,,,,,1
SpecifiedDemandProfile,NDCINC,ECU,,E5AGREXPPAF,,,2014,All,,,,,1
SpecifiedDemandProfile,NDCINC,ECU,,E5AGREXPPAF,,,2015,All,,,,,1
SpecifiedDemandProfile,NDCINC,ECU,,E5AGREXPPAF,,,2016,All,,,,,1
SpecifiedDemandProfile,NDCINC,ECU,,E5AGREXPPAF,,,2017,All,,,,,1
SpecifiedDemandProfile,NDCINC,ECU,,E5AGREXPPAF,,,2018,All,,,,,1
SpecifiedDemandProfile,NDCINC,ECU,,E5AGREXPPAF,,,2019,All,,,,,1
SpecifiedDemandProfile,NDCINC,ECU,,E5AGREXPPAF,,,2020,All,,,,,1
SpecifiedDemandProfile,NDCINC,ECU,,E5AGREXPPAF,,,2021,All,,,,,1
SpecifiedDemandProfile,NDCINC,ECU,,E5AGREXPPAF,,,2022,All,,,,,1
SpecifiedDemandProfile,NDCINC,ECU,,E5AGREXPPAF,,,2023,All,,,,,1
SpecifiedDemandProfile,NDCINC,ECU,,E5AGREXPPAF,,,2024,All,,,,,1
SpecifiedDemandProfile,NDCINC,ECU,,E5AGREXPPAF,,,2025,All,,,,,1
SpecifiedDemandProfile,NDCINC,ECU,,E5AGREXPPAF,,,2026,All,,,,,1
SpecifiedDemandProfile,NDCINC,ECU,,E5AGREXPPAF,,,2027,All,,,,,1
SpecifiedDemandProfile,NDCINC,ECU,,E5AGREXPPAF,,,2028,All,,,,,1
SpecifiedDemandProfile,NDCINC,ECU,,E5AGREXPPAF,,,2029,All,,,,,1
SpecifiedDemandProfile,NDCINC,ECU,,E5AGREXPPAF,,,2030,All,,,,,1
SpecifiedDemandProfile,NDCINC,ECU,,E5AGREXPPAF,,,2031,All,,,,,1
SpecifiedDemandProfile,NDCINC,ECU,,E5AGREXPPAF,,,2032,All,,,,,1
SpecifiedDemandProfile,NDCINC,ECU,,E5AGREXPPAF,,,2033,All,,,,,1
SpecifiedDemandProfile,NDCINC,ECU,,E5AGREXPPAF,,,2034,All,,,,,1
SpecifiedDemandProfile,NDCINC,ECU,,E5AGREXPPAF,,,2035,All,,,,,1
SpecifiedDemandProfile,NDCINC,ECU,,E5AGREXPSOY,,,2010,All,,,,,1
SpecifiedDemandProfile,NDCINC,ECU,,E5AGREXPSOY,,,2011,All,,,,,1
SpecifiedDemandProfile,NDCINC,ECU,,E5AGREXPSOY,,,2012,All,,,,,1
SpecifiedDemandProfile,NDCINC,ECU,,E5AGREXPSOY,,,2013,All,,,,,1
SpecifiedDemandProfile,NDCINC,ECU,,E5AGREXPSOY,,,2014,All,,,,,1
SpecifiedDemandProfile,NDCINC,ECU,,E5AGREXPSOY,,,2015,All,,,,,1
SpecifiedDemandProfile,NDCINC,ECU,,E5AGREXPSOY,,,2016,All,,,,,1
SpecifiedDemandProfile,NDCINC,ECU,,E5AGREXPSOY,,,2017,All,,,,,1
SpecifiedDemandProfile,NDCINC,ECU,,E5AGREXPSOY,,,2018,All,,,,,1
SpecifiedDemandProfile,NDCINC,ECU,,E5AGREXPSOY,,,2019,All,,,,,1
SpecifiedDemandProfile,NDCINC,ECU,,E5AGREXPSOY,,,2020,All,,,,,1
SpecifiedDemandProfile,NDCINC,ECU,,E5AGREXPSOY,,,2021,All,,,,,1
SpecifiedDemandProfile,NDCINC,ECU,,E5AGREXPSOY,,,2022,All,,,,,1
SpecifiedDemandProfile,NDCINC,ECU,,E5AGREXPSOY,,,2023,All,,,,,1
SpecifiedDemandProfile,NDCINC,ECU,,E5AGREXPSOY,,,2024,All,,,,,1
SpecifiedDemandProfile,NDCINC,ECU,,E5AGREXPSOY,,,2025,All,,,,,1
SpecifiedDemandProfile,NDCINC,ECU,,E5AGREXPSOY,,,2026,All,,,,,1
SpecifiedDemandProfile,NDCINC,ECU,,E5AGREXPSOY,,,2027,All,,,,,1
SpecifiedDemandProfile,NDCINC,ECU,,E5AGREXPSOY,,,2028,All,,,,,1
SpecifiedDemandProfile,NDCINC,ECU,,E5AGREXPSOY,,,2029,All,,,,,1
SpecifiedDemandProfile,NDCINC,ECU,,E5AGREXPSOY,,,2030,All,,,,,1
SpecifiedDemandProfile,NDCINC,ECU,,E5AGREXPSOY,,,2031,All,,,,,1
SpecifiedDemandProfile,NDCINC,ECU,,E5AGREXPSOY,,,2032,All,,,,,1
SpecifiedDemandProfile,NDCINC,ECU,,E5AGREXPSOY,,,2033,All,,,,,1
SpecifiedDemandProfile,NDCINC,ECU,,E5AGREXPSOY,,,2034,All,,,,,1
SpecifiedDemandProfile,NDCINC,ECU,,E5AGREXPSOY,,,2035,All,,,,,1
SpecifiedDemandProfile,NDCINC,ECU,,E5AGREXPPAL,,,2010,All,,,,,1
SpecifiedDemandProfile,NDCINC,ECU,,E5AGREXPPAL,,,2011,All,,,,,1
SpecifiedDemandProfile,NDCINC,ECU,,E5AGREXPPAL,,,2012,All,,,,,1
SpecifiedDemandProfile,NDCINC,ECU,,E5AGREXPPAL,,,2013,All,,,,,1
SpecifiedDemandProfile,NDCINC,ECU,,E5AGREXPPAL,,,2014,All,,,,,1
SpecifiedDemandProfile,NDCINC,ECU,,E5AGREXPPAL,,,2015,All,,,,,1
SpecifiedDemandProfile,NDCINC,ECU,,E5AGREXPPAL,,,2016,All,,,,,1
SpecifiedDemandProfile,NDCINC,ECU,,E5AGREXPPAL,,,2017,All,,,,,1
SpecifiedDemandProfile,NDCINC,ECU,,E5AGREXPPAL,,,2018,All,,,,,1
SpecifiedDemandProfile,NDCINC,ECU,,E5AGREXPPAL,,,2019,All,,,,,1
SpecifiedDemandProfile,NDCINC,ECU,,E5AGREXPPAL,,,2020,All,,,,,1
SpecifiedDemandProfile,NDCINC,ECU,,E5AGREXPPAL,,,2021,All,,,,,1
SpecifiedDemandProfile,NDCINC,ECU,,E5AGREXPPAL,,,2022,All,,,,,1
SpecifiedDemandProfile,NDCINC,ECU,,E5AGREXPPAL,,,2023,All,,,,,1
SpecifiedDemandProfile,NDCINC,ECU,,E5AGREXPPAL,,,2024,All,,,,,1
SpecifiedDemandProfile,NDCINC,ECU,,E5AGREXPPAL,,,2025,All,,,,,1
SpecifiedDemandProfile,NDCINC,ECU,,E5AGREXPPAL,,,2026,All,,,,,1
SpecifiedDemandProfile,NDCINC,ECU,,E5AGREXPPAL,,,2027,All,,,,,1
SpecifiedDemandProfile,NDCINC,ECU,,E5AGREXPPAL,,,2028,All,,,,,1
SpecifiedDemandProfile,NDCINC,ECU,,E5AGREXPPAL,,,2029,All,,,,,1
SpecifiedDemandProfile,NDCINC,ECU,,E5AGREXPPAL,,,2030,All,,,,,1
SpecifiedDemandProfile,NDCINC,ECU,,E5AGREXPPAL,,,2031,All,,,,,1
SpecifiedDemandProfile,NDCINC,ECU,,E5AGREXPPAL,,,2032,All,,,,,1
SpecifiedDemandProfile,NDCINC,ECU,,E5AGREXPPAL,,,2033,All,,,,,1
SpecifiedDemandProfile,NDCINC,ECU,,E5AGREXPPAL,,,2034,All,,,,,1
SpecifiedDemandProfile,NDCINC,ECU,,E5AGREXPPAL,,,2035,All,,,,,1
SpecifiedDemandProfile,NDCINC,ECU,,E5AGREXPLEG,,,2010,All,,,,,1
SpecifiedDemandProfile,NDCINC,ECU,,E5AGREXPLEG,,,2011,All,,,,,1
SpecifiedDemandProfile,NDCINC,ECU,,E5AGREXPLEG,,,2012,All,,,,,1
SpecifiedDemandProfile,NDCINC,ECU,,E5AGREXPLEG,,,2013,All,,,,,1
SpecifiedDemandProfile,NDCINC,ECU,,E5AGREXPLEG,,,2014,All,,,,,1
SpecifiedDemandProfile,NDCINC,ECU,,E5AGREXPLEG,,,2015,All,,,,,1
SpecifiedDemandProfile,NDCINC,ECU,,E5AGREXPLEG,,,2016,All,,,,,1
SpecifiedDemandProfile,NDCINC,ECU,,E5AGREXPLEG,,,2017,All,,,,,1
SpecifiedDemandProfile,NDCINC,ECU,,E5AGREXPLEG,,,2018,All,,,,,1
SpecifiedDemandProfile,NDCINC,ECU,,E5AGREXPLEG,,,2019,All,,,,,1
SpecifiedDemandProfile,NDCINC,ECU,,E5AGREXPLEG,,,2020,All,,,,,1
SpecifiedDemandProfile,NDCINC,ECU,,E5AGREXPLEG,,,2021,All,,,,,1
SpecifiedDemandProfile,NDCINC,ECU,,E5AGREXPLEG,,,2022,All,,,,,1
SpecifiedDemandProfile,NDCINC,ECU,,E5AGREXPLEG,,,2023,All,,,,,1
SpecifiedDemandProfile,NDCINC,ECU,,E5AGREXPLEG,,,2024,All,,,,,1
SpecifiedDemandProfile,NDCINC,ECU,,E5AGREXPLEG,,,2025,All,,,,,1
SpecifiedDemandProfile,NDCINC,ECU,,E5AGREXPLEG,,,2026,All,,,,,1
SpecifiedDemandProfile,NDCINC,ECU,,E5AGREXPLEG,,,2027,All,,,,,1
SpecifiedDemandProfile,NDCINC,ECU,,E5AGREXPLEG,,,2028,All,,,,,1
SpecifiedDemandProfile,NDCINC,ECU,,E5AGREXPLEG,,,2029,All,,,,,1
SpecifiedDemandProfile,NDCINC,ECU,,E5AGREXPLEG,,,2030,All,,,,,1
SpecifiedDemandProfile,NDCINC,ECU,,E5AGREXPLEG,,,2031,All,,,,,1
SpecifiedDemandProfile,NDCINC,ECU,,E5AGREXPLEG,,,2032,All,,,,,1
SpecifiedDemandProfile,NDCINC,ECU,,E5AGREXPLEG,,,2033,All,,,,,1
SpecifiedDemandProfile,NDCINC,ECU,,E5AGREXPLEG,,,2034,All,,,,,1
SpecifiedDemandProfile,NDCINC,ECU,,E5AGREXPLEG,,,2035,All,,,,,1
SpecifiedDemandProfile,NDCINC,ECU,,E5AGREXPCER,,,2010,All,,,,,1
SpecifiedDemandProfile,NDCINC,ECU,,E5AGREXPCER,,,2011,All,,,,,1
SpecifiedDemandProfile,NDCINC,ECU,,E5AGREXPCER,,,2012,All,,,,,1
SpecifiedDemandProfile,NDCINC,ECU,,E5AGREXPCER,,,2013,All,,,,,1
SpecifiedDemandProfile,NDCINC,ECU,,E5AGREXPCER,,,2014,All,,,,,1
SpecifiedDemandProfile,NDCINC,ECU,,E5AGREXPCER,,,2015,All,,,,,1
SpecifiedDemandProfile,NDCINC,ECU,,E5AGREXPCER,,,2016,All,,,,,1
SpecifiedDemandProfile,NDCINC,ECU,,E5AGREXPCER,,,2017,All,,,,,1
SpecifiedDemandProfile,NDCINC,ECU,,E5AGREXPCER,,,2018,All,,,,,1
SpecifiedDemandProfile,NDCINC,ECU,,E5AGREXPCER,,,2019,All,,,,,1
SpecifiedDemandProfile,NDCINC,ECU,,E5AGREXPCER,,,2020,All,,,,,1
SpecifiedDemandProfile,NDCINC,ECU,,E5AGREXPCER,,,2021,All,,,,,1
SpecifiedDemandProfile,NDCINC,ECU,,E5AGREXPCER,,,2022,All,,,,,1
SpecifiedDemandProfile,NDCINC,ECU,,E5AGREXPCER,,,2023,All,,,,,1
SpecifiedDemandProfile,NDCINC,ECU,,E5AGREXPCER,,,2024,All,,,,,1
SpecifiedDemandProfile,NDCINC,ECU,,E5AGREXPCER,,,2025,All,,,,,1
SpecifiedDemandProfile,NDCINC,ECU,,E5AGREXPCER,,,2026,All,,,,,1
SpecifiedDemandProfile,NDCINC,ECU,,E5AGREXPCER,,,2027,All,,,,,1
SpecifiedDemandProfile,NDCINC,ECU,,E5AGREXPCER,,,2028,All,,,,,1
SpecifiedDemandProfile,NDCINC,ECU,,E5AGREXPCER,,,2029,All,,,,,1
SpecifiedDemandProfile,NDCINC,ECU,,E5AGREXPCER,,,2030,All,,,,,1
SpecifiedDemandProfile,NDCINC,ECU,,E5AGREXPCER,,,2031,All,,,,,1
SpecifiedDemandProfile,NDCINC,ECU,,E5AGREXPCER,,,2032,All,,,,,1
SpecifiedDemandProfile,NDCINC,ECU,,E5AGREXPCER,,,2033,All,,,,,1
SpecifiedDemandProfile,NDCINC,ECU,,E5AGREXPCER,,,2034,All,,,,,1
SpecifiedDemandProfile,NDCINC,ECU,,E5AGREXPCER,,,2035,All,,,,,1
SpecifiedDemandProfile,NDCINC,ECU,,E5AGREXPTUB,,,2010,All,,,,,1
SpecifiedDemandProfile,NDCINC,ECU,,E5AGREXPTUB,,,2011,All,,,,,1
SpecifiedDemandProfile,NDCINC,ECU,,E5AGREXPTUB,,,2012,All,,,,,1
SpecifiedDemandProfile,NDCINC,ECU,,E5AGREXPTUB,,,2013,All,,,,,1
SpecifiedDemandProfile,NDCINC,ECU,,E5AGREXPTUB,,,2014,All,,,,,1
SpecifiedDemandProfile,NDCINC,ECU,,E5AGREXPTUB,,,2015,All,,,,,1
SpecifiedDemandProfile,NDCINC,ECU,,E5AGREXPTUB,,,2016,All,,,,,1
SpecifiedDemandProfile,NDCINC,ECU,,E5AGREXPTUB,,,2017,All,,,,,1
SpecifiedDemandProfile,NDCINC,ECU,,E5AGREXPTUB,,,2018,All,,,,,1
SpecifiedDemandProfile,NDCINC,ECU,,E5AGREXPTUB,,,2019,All,,,,,1
SpecifiedDemandProfile,NDCINC,ECU,,E5AGREXPTUB,,,2020,All,,,,,1
SpecifiedDemandProfile,NDCINC,ECU,,E5AGREXPTUB,,,2021,All,,,,,1
SpecifiedDemandProfile,NDCINC,ECU,,E5AGREXPTUB,,,2022,All,,,,,1
SpecifiedDemandProfile,NDCINC,ECU,,E5AGREXPTUB,,,2023,All,,,,,1
SpecifiedDemandProfile,NDCINC,ECU,,E5AGREXPTUB,,,2024,All,,,,,1
SpecifiedDemandProfile,NDCINC,ECU,,E5AGREXPTUB,,,2025,All,,,,,1
SpecifiedDemandProfile,NDCINC,ECU,,E5AGREXPTUB,,,2026,All,,,,,1
SpecifiedDemandProfile,NDCINC,ECU,,E5AGREXPTUB,,,2027,All,,,,,1
SpecifiedDemandProfile,NDCINC,ECU,,E5AGREXPTUB,,,2028,All,,,,,1
SpecifiedDemandProfile,NDCINC,ECU,,E5AGREXPTUB,,,2029,All,,,,,1
SpecifiedDemandProfile,NDCINC,ECU,,E5AGREXPTUB,,,2030,All,,,,,1
SpecifiedDemandProfile,NDCINC,ECU,,E5AGREXPTUB,,,2031,All,,,,,1
SpecifiedDemandProfile,NDCINC,ECU,,E5AGREXPTUB,,,2032,All,,,,,1
SpecifiedDemandProfile,NDCINC,ECU,,E5AGREXPTUB,,,2033,All,,,,,1
SpecifiedDemandProfile,NDCINC,ECU,,E5AGREXPTUB,,,2034,All,,,,,1
SpecifiedDemandProfile,NDCINC,ECU,,E5AGREXPTUB,,,2035,All,,,,,1
SpecifiedDemandProfile,NDCINC,ECU,,E5AGREXPFRT,,,2010,All,,,,,1
SpecifiedDemandProfile,NDCINC,ECU,,E5AGREXPFRT,,,2011,All,,,,,1
SpecifiedDemandProfile,NDCINC,ECU,,E5AGREXPFRT,,,2012,All,,,,,1
SpecifiedDemandProfile,NDCINC,ECU,,E5AGREXPFRT,,,2013,All,,,,,1
SpecifiedDemandProfile,NDCINC,ECU,,E5AGREXPFRT,,,2014,All,,,,,1
SpecifiedDemandProfile,NDCINC,ECU,,E5AGREXPFRT,,,2015,All,,,,,1
SpecifiedDemandProfile,NDCINC,ECU,,E5AGREXPFRT,,,2016,All,,,,,1
SpecifiedDemandProfile,NDCINC,ECU,,E5AGREXPFRT,,,2017,All,,,,,1
SpecifiedDemandProfile,NDCINC,ECU,,E5AGREXPFRT,,,2018,All,,,,,1
SpecifiedDemandProfile,NDCINC,ECU,,E5AGREXPFRT,,,2019,All,,,,,1
SpecifiedDemandProfile,NDCINC,ECU,,E5AGREXPFRT,,,2020,All,,,,,1
SpecifiedDemandProfile,NDCINC,ECU,,E5AGREXPFRT,,,2021,All,,,,,1
SpecifiedDemandProfile,NDCINC,ECU,,E5AGREXPFRT,,,2022,All,,,,,1
SpecifiedDemandProfile,NDCINC,ECU,,E5AGREXPFRT,,,2023,All,,,,,1
SpecifiedDemandProfile,NDCINC,ECU,,E5AGREXPFRT,,,2024,All,,,,,1
SpecifiedDemandProfile,NDCINC,ECU,,E5AGREXPFRT,,,2025,All,,,,,1
SpecifiedDemandProfile,NDCINC,ECU,,E5AGREXPFRT,,,2026,All,,,,,1
SpecifiedDemandProfile,NDCINC,ECU,,E5AGREXPFRT,,,2027,All,,,,,1
SpecifiedDemandProfile,NDCINC,ECU,,E5AGREXPFRT,,,2028,All,,,,,1
SpecifiedDemandProfile,NDCINC,ECU,,E5AGREXPFRT,,,2029,All,,,,,1
SpecifiedDemandProfile,NDCINC,ECU,,E5AGREXPFRT,,,2030,All,,,,,1
SpecifiedDemandProfile,NDCINC,ECU,,E5AGREXPFRT,,,2031,All,,,,,1
SpecifiedDemandProfile,NDCINC,ECU,,E5AGREXPFRT,,,2032,All,,,,,1
SpecifiedDemandProfile,NDCINC,ECU,,E5AGREXPFRT,,,2033,All,,,,,1
SpecifiedDemandProfile,NDCINC,ECU,,E5AGREXPFRT,,,2034,All,,,,,1
SpecifiedDemandProfile,NDCINC,ECU,,E5AGREXPFRT,,,2035,All,,,,,1
SpecifiedDemandProfile,NDCINC,ECU,,E5AGREXPVEG,,,2010,All,,,,,1
SpecifiedDemandProfile,NDCINC,ECU,,E5AGREXPVEG,,,2011,All,,,,,1
SpecifiedDemandProfile,NDCINC,ECU,,E5AGREXPVEG,,,2012,All,,,,,1
SpecifiedDemandProfile,NDCINC,ECU,,E5AGREXPVEG,,,2013,All,,,,,1
SpecifiedDemandProfile,NDCINC,ECU,,E5AGREXPVEG,,,2014,All,,,,,1
SpecifiedDemandProfile,NDCINC,ECU,,E5AGREXPVEG,,,2015,All,,,,,1
SpecifiedDemandProfile,NDCINC,ECU,,E5AGREXPVEG,,,2016,All,,,,,1
SpecifiedDemandProfile,NDCINC,ECU,,E5AGREXPVEG,,,2017,All,,,,,1
SpecifiedDemandProfile,NDCINC,ECU,,E5AGREXPVEG,,,2018,All,,,,,1
SpecifiedDemandProfile,NDCINC,ECU,,E5AGREXPVEG,,,2019,All,,,,,1
SpecifiedDemandProfile,NDCINC,ECU,,E5AGREXPVEG,,,2020,All,,,,,1
SpecifiedDemandProfile,NDCINC,ECU,,E5AGREXPVEG,,,2021,All,,,,,1
SpecifiedDemandProfile,NDCINC,ECU,,E5AGREXPVEG,,,2022,All,,,,,1
SpecifiedDemandProfile,NDCINC,ECU,,E5AGREXPVEG,,,2023,All,,,,,1
SpecifiedDemandProfile,NDCINC,ECU,,E5AGREXPVEG,,,2024,All,,,,,1
SpecifiedDemandProfile,NDCINC,ECU,,E5AGREXPVEG,,,2025,All,,,,,1
SpecifiedDemandProfile,NDCINC,ECU,,E5AGREXPVEG,,,2026,All,,,,,1
SpecifiedDemandProfile,NDCINC,ECU,,E5AGREXPVEG,,,2027,All,,,,,1
SpecifiedDemandProfile,NDCINC,ECU,,E5AGREXPVEG,,,2028,All,,,,,1
SpecifiedDemandProfile,NDCINC,ECU,,E5AGREXPVEG,,,2029,All,,,,,1
SpecifiedDemandProfile,NDCINC,ECU,,E5AGREXPVEG,,,2030,All,,,,,1
SpecifiedDemandProfile,NDCINC,ECU,,E5AGREXPVEG,,,2031,All,,,,,1
SpecifiedDemandProfile,NDCINC,ECU,,E5AGREXPVEG,,,2032,All,,,,,1
SpecifiedDemandProfile,NDCINC,ECU,,E5AGREXPVEG,,,2033,All,,,,,1
SpecifiedDemandProfile,NDCINC,ECU,,E5AGREXPVEG,,,2034,All,,,,,1
SpecifiedDemandProfile,NDCINC,ECU,,E5AGREXPVEG,,,2035,All,,,,,1
SpecifiedDemandProfile,NDCINC,ECU,,E5AGREXPFLO,,,2010,All,,,,,1
SpecifiedDemandProfile,NDCINC,ECU,,E5AGREXPFLO,,,2011,All,,,,,1
SpecifiedDemandProfile,NDCINC,ECU,,E5AGREXPFLO,,,2012,All,,,,,1
SpecifiedDemandProfile,NDCINC,ECU,,E5AGREXPFLO,,,2013,All,,,,,1
SpecifiedDemandProfile,NDCINC,ECU,,E5AGREXPFLO,,,2014,All,,,,,1
SpecifiedDemandProfile,NDCINC,ECU,,E5AGREXPFLO,,,2015,All,,,,,1
SpecifiedDemandProfile,NDCINC,ECU,,E5AGREXPFLO,,,2016,All,,,,,1
SpecifiedDemandProfile,NDCINC,ECU,,E5AGREXPFLO,,,2017,All,,,,,1
SpecifiedDemandProfile,NDCINC,ECU,,E5AGREXPFLO,,,2018,All,,,,,1
SpecifiedDemandProfile,NDCINC,ECU,,E5AGREXPFLO,,,2019,All,,,,,1
SpecifiedDemandProfile,NDCINC,ECU,,E5AGREXPFLO,,,2020,All,,,,,1
SpecifiedDemandProfile,NDCINC,ECU,,E5AGREXPFLO,,,2021,All,,,,,1
SpecifiedDemandProfile,NDCINC,ECU,,E5AGREXPFLO,,,2022,All,,,,,1
SpecifiedDemandProfile,NDCINC,ECU,,E5AGREXPFLO,,,2023,All,,,,,1
SpecifiedDemandProfile,NDCINC,ECU,,E5AGREXPFLO,,,2024,All,,,,,1
SpecifiedDemandProfile,NDCINC,ECU,,E5AGREXPFLO,,,2025,All,,,,,1
SpecifiedDemandProfile,NDCINC,ECU,,E5AGREXPFLO,,,2026,All,,,,,1
SpecifiedDemandProfile,NDCINC,ECU,,E5AGREXPFLO,,,2027,All,,,,,1
SpecifiedDemandProfile,NDCINC,ECU,,E5AGREXPFLO,,,2028,All,,,,,1
SpecifiedDemandProfile,NDCINC,ECU,,E5AGREXPFLO,,,2029,All,,,,,1
SpecifiedDemandProfile,NDCINC,ECU,,E5AGREXPFLO,,,2030,All,,,,,1
SpecifiedDemandProfile,NDCINC,ECU,,E5AGREXPFLO,,,2031,All,,,,,1
SpecifiedDemandProfile,NDCINC,ECU,,E5AGREXPFLO,,,2032,All,,,,,1
SpecifiedDemandProfile,NDCINC,ECU,,E5AGREXPFLO,,,2033,All,,,,,1
SpecifiedDemandProfile,NDCINC,ECU,,E5AGREXPFLO,,,2034,All,,,,,1
SpecifiedDemandProfile,NDCINC,ECU,,E5AGREXPFLO,,,2035,All,,,,,1
SpecifiedDemandProfile,NDCINC,ECU,,E5GANEXPBOV,,,2010,All,,,,,1
SpecifiedDemandProfile,NDCINC,ECU,,E5GANEXPBOV,,,2011,All,,,,,1
SpecifiedDemandProfile,NDCINC,ECU,,E5GANEXPBOV,,,2012,All,,,,,1
SpecifiedDemandProfile,NDCINC,ECU,,E5GANEXPBOV,,,2013,All,,,,,1
SpecifiedDemandProfile,NDCINC,ECU,,E5GANEXPBOV,,,2014,All,,,,,1
SpecifiedDemandProfile,NDCINC,ECU,,E5GANEXPBOV,,,2015,All,,,,,1
SpecifiedDemandProfile,NDCINC,ECU,,E5GANEXPBOV,,,2016,All,,,,,1
SpecifiedDemandProfile,NDCINC,ECU,,E5GANEXPBOV,,,2017,All,,,,,1
SpecifiedDemandProfile,NDCINC,ECU,,E5GANEXPBOV,,,2018,All,,,,,1
SpecifiedDemandProfile,NDCINC,ECU,,E5GANEXPBOV,,,2019,All,,,,,1
SpecifiedDemandProfile,NDCINC,ECU,,E5GANEXPBOV,,,2020,All,,,,,1
SpecifiedDemandProfile,NDCINC,ECU,,E5GANEXPBOV,,,2021,All,,,,,1
SpecifiedDemandProfile,NDCINC,ECU,,E5GANEXPBOV,,,2022,All,,,,,1
SpecifiedDemandProfile,NDCINC,ECU,,E5GANEXPBOV,,,2023,All,,,,,1
SpecifiedDemandProfile,NDCINC,ECU,,E5GANEXPBOV,,,2024,All,,,,,1
SpecifiedDemandProfile,NDCINC,ECU,,E5GANEXPBOV,,,2025,All,,,,,1
SpecifiedDemandProfile,NDCINC,ECU,,E5GANEXPBOV,,,2026,All,,,,,1
SpecifiedDemandProfile,NDCINC,ECU,,E5GANEXPBOV,,,2027,All,,,,,1
SpecifiedDemandProfile,NDCINC,ECU,,E5GANEXPBOV,,,2028,All,,,,,1
SpecifiedDemandProfile,NDCINC,ECU,,E5GANEXPBOV,,,2029,All,,,,,1
SpecifiedDemandProfile,NDCINC,ECU,,E5GANEXPBOV,,,2030,All,,,,,1
SpecifiedDemandProfile,NDCINC,ECU,,E5GANEXPBOV,,,2031,All,,,,,1
SpecifiedDemandProfile,NDCINC,ECU,,E5GANEXPBOV,,,2032,All,,,,,1
SpecifiedDemandProfile,NDCINC,ECU,,E5GANEXPBOV,,,2033,All,,,,,1
SpecifiedDemandProfile,NDCINC,ECU,,E5GANEXPBOV,,,2034,All,,,,,1
SpecifiedDemandProfile,NDCINC,ECU,,E5GANEXPBOV,,,2035,All,,,,,1
SpecifiedDemandProfile,NDCINC,ECU,,E5GANEXPBOVLEC,,,2010,All,,,,,1
SpecifiedDemandProfile,NDCINC,ECU,,E5GANEXPBOVLEC,,,2011,All,,,,,1
SpecifiedDemandProfile,NDCINC,ECU,,E5GANEXPBOVLEC,,,2012,All,,,,,1
SpecifiedDemandProfile,NDCINC,ECU,,E5GANEXPBOVLEC,,,2013,All,,,,,1
SpecifiedDemandProfile,NDCINC,ECU,,E5GANEXPBOVLEC,,,2014,All,,,,,1
SpecifiedDemandProfile,NDCINC,ECU,,E5GANEXPBOVLEC,,,2015,All,,,,,1
SpecifiedDemandProfile,NDCINC,ECU,,E5GANEXPBOVLEC,,,2016,All,,,,,1
SpecifiedDemandProfile,NDCINC,ECU,,E5GANEXPBOVLEC,,,2017,All,,,,,1
SpecifiedDemandProfile,NDCINC,ECU,,E5GANEXPBOVLEC,,,2018,All,,,,,1
SpecifiedDemandProfile,NDCINC,ECU,,E5GANEXPBOVLEC,,,2019,All,,,,,1
SpecifiedDemandProfile,NDCINC,ECU,,E5GANEXPBOVLEC,,,2020,All,,,,,1
SpecifiedDemandProfile,NDCINC,ECU,,E5GANEXPBOVLEC,,,2021,All,,,,,1
SpecifiedDemandProfile,NDCINC,ECU,,E5GANEXPBOVLEC,,,2022,All,,,,,1
SpecifiedDemandProfile,NDCINC,ECU,,E5GANEXPBOVLEC,,,2023,All,,,,,1
SpecifiedDemandProfile,NDCINC,ECU,,E5GANEXPBOVLEC,,,2024,All,,,,,1
SpecifiedDemandProfile,NDCINC,ECU,,E5GANEXPBOVLEC,,,2025,All,,,,,1
SpecifiedDemandProfile,NDCINC,ECU,,E5GANEXPBOVLEC,,,2026,All,,,,,1
SpecifiedDemandProfile,NDCINC,ECU,,E5GANEXPBOVLEC,,,2027,All,,,,,1
SpecifiedDemandProfile,NDCINC,ECU,,E5GANEXPBOVLEC,,,2028,All,,,,,1
SpecifiedDemandProfile,NDCINC,ECU,,E5GANEXPBOVLEC,,,2029,All,,,,,1
SpecifiedDemandProfile,NDCINC,ECU,,E5GANEXPBOVLEC,,,2030,All,,,,,1
SpecifiedDemandProfile,NDCINC,ECU,,E5GANEXPBOVLEC,,,2031,All,,,,,1
SpecifiedDemandProfile,NDCINC,ECU,,E5GANEXPBOVLEC,,,2032,All,,,,,1
SpecifiedDemandProfile,NDCINC,ECU,,E5GANEXPBOVLEC,,,2033,All,,,,,1
SpecifiedDemandProfile,NDCINC,ECU,,E5GANEXPBOVLEC,,,2034,All,,,,,1
SpecifiedDemandProfile,NDCINC,ECU,,E5GANEXPBOVLEC,,,2035,All,,,,,1
SpecifiedDemandProfile,NDCINC,ECU,,E5GANEXPBUF,,,2010,All,,,,,1
SpecifiedDemandProfile,NDCINC,ECU,,E5GANEXPBUF,,,2011,All,,,,,1
SpecifiedDemandProfile,NDCINC,ECU,,E5GANEXPBUF,,,2012,All,,,,,1
SpecifiedDemandProfile,NDCINC,ECU,,E5GANEXPBUF,,,2013,All,,,,,1
SpecifiedDemandProfile,NDCINC,ECU,,E5GANEXPBUF,,,2014,All,,,,,1
SpecifiedDemandProfile,NDCINC,ECU,,E5GANEXPBUF,,,2015,All,,,,,1
SpecifiedDemandProfile,NDCINC,ECU,,E5GANEXPBUF,,,2016,All,,,,,1
SpecifiedDemandProfile,NDCINC,ECU,,E5GANEXPBUF,,,2017,All,,,,,1
SpecifiedDemandProfile,NDCINC,ECU,,E5GANEXPBUF,,,2018,All,,,,,1
SpecifiedDemandProfile,NDCINC,ECU,,E5GANEXPBUF,,,2019,All,,,,,1
SpecifiedDemandProfile,NDCINC,ECU,,E5GANEXPBUF,,,2020,All,,,,,1
SpecifiedDemandProfile,NDCINC,ECU,,E5GANEXPBUF,,,2021,All,,,,,1
SpecifiedDemandProfile,NDCINC,ECU,,E5GANEXPBUF,,,2022,All,,,,,1
SpecifiedDemandProfile,NDCINC,ECU,,E5GANEXPBUF,,,2023,All,,,,,1
SpecifiedDemandProfile,NDCINC,ECU,,E5GANEXPBUF,,,2024,All,,,,,1
SpecifiedDemandProfile,NDCINC,ECU,,E5GANEXPBUF,,,2025,All,,,,,1
SpecifiedDemandProfile,NDCINC,ECU,,E5GANEXPBUF,,,2026,All,,,,,1
SpecifiedDemandProfile,NDCINC,ECU,,E5GANEXPBUF,,,2027,All,,,,,1
SpecifiedDemandProfile,NDCINC,ECU,,E5GANEXPBUF,,,2028,All,,,,,1
SpecifiedDemandProfile,NDCINC,ECU,,E5GANEXPBUF,,,2029,All,,,,,1
SpecifiedDemandProfile,NDCINC,ECU,,E5GANEXPBUF,,,2030,All,,,,,1
SpecifiedDemandProfile,NDCINC,ECU,,E5GANEXPBUF,,,2031,All,,,,,1
SpecifiedDemandProfile,NDCINC,ECU,,E5GANEXPBUF,,,2032,All,,,,,1
SpecifiedDemandProfile,NDCINC,ECU,,E5GANEXPBUF,,,2033,All,,,,,1
SpecifiedDemandProfile,NDCINC,ECU,,E5GANEXPBUF,,,2034,All,,,,,1
SpecifiedDemandProfile,NDCINC,ECU,,E5GANEXPBUF,,,2035,All,,,,,1
SpecifiedDemandProfile,NDCINC,ECU,,E5GANEXPOVE,,,2010,All,,,,,1
SpecifiedDemandProfile,NDCINC,ECU,,E5GANEXPOVE,,,2011,All,,,,,1
SpecifiedDemandProfile,NDCINC,ECU,,E5GANEXPOVE,,,2012,All,,,,,1
SpecifiedDemandProfile,NDCINC,ECU,,E5GANEXPOVE,,,2013,All,,,,,1
SpecifiedDemandProfile,NDCINC,ECU,,E5GANEXPOVE,,,2014,All,,,,,1
SpecifiedDemandProfile,NDCINC,ECU,,E5GANEXPOVE,,,2015,All,,,,,1
SpecifiedDemandProfile,NDCINC,ECU,,E5GANEXPOVE,,,2016,All,,,,,1
SpecifiedDemandProfile,NDCINC,ECU,,E5GANEXPOVE,,,2017,All,,,,,1
SpecifiedDemandProfile,NDCINC,ECU,,E5GANEXPOVE,,,2018,All,,,,,1
SpecifiedDemandProfile,NDCINC,ECU,,E5GANEXPOVE,,,2019,All,,,,,1
SpecifiedDemandProfile,NDCINC,ECU,,E5GANEXPOVE,,,2020,All,,,,,1
SpecifiedDemandProfile,NDCINC,ECU,,E5GANEXPOVE,,,2021,All,,,,,1
SpecifiedDemandProfile,NDCINC,ECU,,E5GANEXPOVE,,,2022,All,,,,,1
SpecifiedDemandProfile,NDCINC,ECU,,E5GANEXPOVE,,,2023,All,,,,,1
SpecifiedDemandProfile,NDCINC,ECU,,E5GANEXPOVE,,,2024,All,,,,,1
SpecifiedDemandProfile,NDCINC,ECU,,E5GANEXPOVE,,,2025,All,,,,,1
SpecifiedDemandProfile,NDCINC,ECU,,E5GANEXPOVE,,,2026,All,,,,,1
SpecifiedDemandProfile,NDCINC,ECU,,E5GANEXPOVE,,,2027,All,,,,,1
SpecifiedDemandProfile,NDCINC,ECU,,E5GANEXPOVE,,,2028,All,,,,,1
SpecifiedDemandProfile,NDCINC,ECU,,E5GANEXPOVE,,,2029,All,,,,,1
SpecifiedDemandProfile,NDCINC,ECU,,E5GANEXPOVE,,,2030,All,,,,,1
SpecifiedDemandProfile,NDCINC,ECU,,E5GANEXPOVE,,,2031,All,,,,,1
SpecifiedDemandProfile,NDCINC,ECU,,E5GANEXPOVE,,,2032,All,,,,,1
SpecifiedDemandProfile,NDCINC,ECU,,E5GANEXPOVE,,,2033,All,,,,,1
SpecifiedDemandProfile,NDCINC,ECU,,E5GANEXPOVE,,,2034,All,,,,,1
SpecifiedDemandProfile,NDCINC,ECU,,E5GANEXPOVE,,,2035,All,,,,,1
SpecifiedDemandProfile,NDCINC,ECU,,E5GANEXPCBR,,,2010,All,,,,,1
SpecifiedDemandProfile,NDCINC,ECU,,E5GANEXPCBR,,,2011,All,,,,,1
SpecifiedDemandProfile,NDCINC,ECU,,E5GANEXPCBR,,,2012,All,,,,,1
SpecifiedDemandProfile,NDCINC,ECU,,E5GANEXPCBR,,,2013,All,,,,,1
SpecifiedDemandProfile,NDCINC,ECU,,E5GANEXPCBR,,,2014,All,,,,,1
SpecifiedDemandProfile,NDCINC,ECU,,E5GANEXPCBR,,,2015,All,,,,,1
SpecifiedDemandProfile,NDCINC,ECU,,E5GANEXPCBR,,,2016,All,,,,,1
SpecifiedDemandProfile,NDCINC,ECU,,E5GANEXPCBR,,,2017,All,,,,,1
SpecifiedDemandProfile,NDCINC,ECU,,E5GANEXPCBR,,,2018,All,,,,,1
SpecifiedDemandProfile,NDCINC,ECU,,E5GANEXPCBR,,,2019,All,,,,,1
SpecifiedDemandProfile,NDCINC,ECU,,E5GANEXPCBR,,,2020,All,,,,,1
SpecifiedDemandProfile,NDCINC,ECU,,E5GANEXPCBR,,,2021,All,,,,,1
SpecifiedDemandProfile,NDCINC,ECU,,E5GANEXPCBR,,,2022,All,,,,,1
SpecifiedDemandProfile,NDCINC,ECU,,E5GANEXPCBR,,,2023,All,,,,,1
SpecifiedDemandProfile,NDCINC,ECU,,E5GANEXPCBR,,,2024,All,,,,,1
SpecifiedDemandProfile,NDCINC,ECU,,E5GANEXPCBR,,,2025,All,,,,,1
SpecifiedDemandProfile,NDCINC,ECU,,E5GANEXPCBR,,,2026,All,,,,,1
SpecifiedDemandProfile,NDCINC,ECU,,E5GANEXPCBR,,,2027,All,,,,,1
SpecifiedDemandProfile,NDCINC,ECU,,E5GANEXPCBR,,,2028,All,,,,,1
SpecifiedDemandProfile,NDCINC,ECU,,E5GANEXPCBR,,,2029,All,,,,,1
SpecifiedDemandProfile,NDCINC,ECU,,E5GANEXPCBR,,,2030,All,,,,,1
SpecifiedDemandProfile,NDCINC,ECU,,E5GANEXPCBR,,,2031,All,,,,,1
SpecifiedDemandProfile,NDCINC,ECU,,E5GANEXPCBR,,,2032,All,,,,,1
SpecifiedDemandProfile,NDCINC,ECU,,E5GANEXPCBR,,,2033,All,,,,,1
SpecifiedDemandProfile,NDCINC,ECU,,E5GANEXPCBR,,,2034,All,,,,,1
SpecifiedDemandProfile,NDCINC,ECU,,E5GANEXPCBR,,,2035,All,,,,,1
SpecifiedDemandProfile,NDCINC,ECU,,E5GANEXPCAM,,,2010,All,,,,,1
SpecifiedDemandProfile,NDCINC,ECU,,E5GANEXPCAM,,,2011,All,,,,,1
SpecifiedDemandProfile,NDCINC,ECU,,E5GANEXPCAM,,,2012,All,,,,,1
SpecifiedDemandProfile,NDCINC,ECU,,E5GANEXPCAM,,,2013,All,,,,,1
SpecifiedDemandProfile,NDCINC,ECU,,E5GANEXPCAM,,,2014,All,,,,,1
SpecifiedDemandProfile,NDCINC,ECU,,E5GANEXPCAM,,,2015,All,,,,,1
SpecifiedDemandProfile,NDCINC,ECU,,E5GANEXPCAM,,,2016,All,,,,,1
SpecifiedDemandProfile,NDCINC,ECU,,E5GANEXPCAM,,,2017,All,,,,,1
SpecifiedDemandProfile,NDCINC,ECU,,E5GANEXPCAM,,,2018,All,,,,,1
SpecifiedDemandProfile,NDCINC,ECU,,E5GANEXPCAM,,,2019,All,,,,,1
SpecifiedDemandProfile,NDCINC,ECU,,E5GANEXPCAM,,,2020,All,,,,,1
SpecifiedDemandProfile,NDCINC,ECU,,E5GANEXPCAM,,,2021,All,,,,,1
SpecifiedDemandProfile,NDCINC,ECU,,E5GANEXPCAM,,,2022,All,,,,,1
SpecifiedDemandProfile,NDCINC,ECU,,E5GANEXPCAM,,,2023,All,,,,,1
SpecifiedDemandProfile,NDCINC,ECU,,E5GANEXPCAM,,,2024,All,,,,,1
SpecifiedDemandProfile,NDCINC,ECU,,E5GANEXPCAM,,,2025,All,,,,,1
SpecifiedDemandProfile,NDCINC,ECU,,E5GANEXPCAM,,,2026,All,,,,,1
SpecifiedDemandProfile,NDCINC,ECU,,E5GANEXPCAM,,,2027,All,,,,,1
SpecifiedDemandProfile,NDCINC,ECU,,E5GANEXPCAM,,,2028,All,,,,,1
SpecifiedDemandProfile,NDCINC,ECU,,E5GANEXPCAM,,,2029,All,,,,,1
SpecifiedDemandProfile,NDCINC,ECU,,E5GANEXPCAM,,,2030,All,,,,,1
SpecifiedDemandProfile,NDCINC,ECU,,E5GANEXPCAM,,,2031,All,,,,,1
SpecifiedDemandProfile,NDCINC,ECU,,E5GANEXPCAM,,,2032,All,,,,,1
SpecifiedDemandProfile,NDCINC,ECU,,E5GANEXPCAM,,,2033,All,,,,,1
SpecifiedDemandProfile,NDCINC,ECU,,E5GANEXPCAM,,,2034,All,,,,,1
SpecifiedDemandProfile,NDCINC,ECU,,E5GANEXPCAM,,,2035,All,,,,,1
SpecifiedDemandProfile,NDCINC,ECU,,E5GANEXPCAB,,,2010,All,,,,,1
SpecifiedDemandProfile,NDCINC,ECU,,E5GANEXPCAB,,,2011,All,,,,,1
SpecifiedDemandProfile,NDCINC,ECU,,E5GANEXPCAB,,,2012,All,,,,,1
SpecifiedDemandProfile,NDCINC,ECU,,E5GANEXPCAB,,,2013,All,,,,,1
SpecifiedDemandProfile,NDCINC,ECU,,E5GANEXPCAB,,,2014,All,,,,,1
SpecifiedDemandProfile,NDCINC,ECU,,E5GANEXPCAB,,,2015,All,,,,,1
SpecifiedDemandProfile,NDCINC,ECU,,E5GANEXPCAB,,,2016,All,,,,,1
SpecifiedDemandProfile,NDCINC,ECU,,E5GANEXPCAB,,,2017,All,,,,,1
SpecifiedDemandProfile,NDCINC,ECU,,E5GANEXPCAB,,,2018,All,,,,,1
SpecifiedDemandProfile,NDCINC,ECU,,E5GANEXPCAB,,,2019,All,,,,,1
SpecifiedDemandProfile,NDCINC,ECU,,E5GANEXPCAB,,,2020,All,,,,,1
SpecifiedDemandProfile,NDCINC,ECU,,E5GANEXPCAB,,,2021,All,,,,,1
SpecifiedDemandProfile,NDCINC,ECU,,E5GANEXPCAB,,,2022,All,,,,,1
SpecifiedDemandProfile,NDCINC,ECU,,E5GANEXPCAB,,,2023,All,,,,,1
SpecifiedDemandProfile,NDCINC,ECU,,E5GANEXPCAB,,,2024,All,,,,,1
SpecifiedDemandProfile,NDCINC,ECU,,E5GANEXPCAB,,,2025,All,,,,,1
SpecifiedDemandProfile,NDCINC,ECU,,E5GANEXPCAB,,,2026,All,,,,,1
SpecifiedDemandProfile,NDCINC,ECU,,E5GANEXPCAB,,,2027,All,,,,,1
SpecifiedDemandProfile,NDCINC,ECU,,E5GANEXPCAB,,,2028,All,,,,,1
SpecifiedDemandProfile,NDCINC,ECU,,E5GANEXPCAB,,,2029,All,,,,,1
SpecifiedDemandProfile,NDCINC,ECU,,E5GANEXPCAB,,,2030,All,,,,,1
SpecifiedDemandProfile,NDCINC,ECU,,E5GANEXPCAB,,,2031,All,,,,,1
SpecifiedDemandProfile,NDCINC,ECU,,E5GANEXPCAB,,,2032,All,,,,,1
SpecifiedDemandProfile,NDCINC,ECU,,E5GANEXPCAB,,,2033,All,,,,,1
SpecifiedDemandProfile,NDCINC,ECU,,E5GANEXPCAB,,,2034,All,,,,,1
SpecifiedDemandProfile,NDCINC,ECU,,E5GANEXPCAB,,,2035,All,,,,,1
SpecifiedDemandProfile,NDCINC,ECU,,E5GANEXPMUL,,,2010,All,,,,,1
SpecifiedDemandProfile,NDCINC,ECU,,E5GANEXPMUL,,,2011,All,,,,,1
SpecifiedDemandProfile,NDCINC,ECU,,E5GANEXPMUL,,,2012,All,,,,,1
SpecifiedDemandProfile,NDCINC,ECU,,E5GANEXPMUL,,,2013,All,,,,,1
SpecifiedDemandProfile,NDCINC,ECU,,E5GANEXPMUL,,,2014,All,,,,,1
SpecifiedDemandProfile,NDCINC,ECU,,E5GANEXPMUL,,,2015,All,,,,,1
SpecifiedDemandProfile,NDCINC,ECU,,E5GANEXPMUL,,,2016,All,,,,,1
SpecifiedDemandProfile,NDCINC,ECU,,E5GANEXPMUL,,,2017,All,,,,,1
SpecifiedDemandProfile,NDCINC,ECU,,E5GANEXPMUL,,,2018,All,,,,,1
SpecifiedDemandProfile,NDCINC,ECU,,E5GANEXPMUL,,,2019,All,,,,,1
SpecifiedDemandProfile,NDCINC,ECU,,E5GANEXPMUL,,,2020,All,,,,,1
SpecifiedDemandProfile,NDCINC,ECU,,E5GANEXPMUL,,,2021,All,,,,,1
SpecifiedDemandProfile,NDCINC,ECU,,E5GANEXPMUL,,,2022,All,,,,,1
SpecifiedDemandProfile,NDCINC,ECU,,E5GANEXPMUL,,,2023,All,,,,,1
SpecifiedDemandProfile,NDCINC,ECU,,E5GANEXPMUL,,,2024,All,,,,,1
SpecifiedDemandProfile,NDCINC,ECU,,E5GANEXPMUL,,,2025,All,,,,,1
SpecifiedDemandProfile,NDCINC,ECU,,E5GANEXPMUL,,,2026,All,,,,,1
SpecifiedDemandProfile,NDCINC,ECU,,E5GANEXPMUL,,,2027,All,,,,,1
SpecifiedDemandProfile,NDCINC,ECU,,E5GANEXPMUL,,,2028,All,,,,,1
SpecifiedDemandProfile,NDCINC,ECU,,E5GANEXPMUL,,,2029,All,,,,,1
SpecifiedDemandProfile,NDCINC,ECU,,E5GANEXPMUL,,,2030,All,,,,,1
SpecifiedDemandProfile,NDCINC,ECU,,E5GANEXPMUL,,,2031,All,,,,,1
SpecifiedDemandProfile,NDCINC,ECU,,E5GANEXPMUL,,,2032,All,,,,,1
SpecifiedDemandProfile,NDCINC,ECU,,E5GANEXPMUL,,,2033,All,,,,,1
SpecifiedDemandProfile,NDCINC,ECU,,E5GANEXPMUL,,,2034,All,,,,,1
SpecifiedDemandProfile,NDCINC,ECU,,E5GANEXPMUL,,,2035,All,,,,,1
SpecifiedDemandProfile,NDCINC,ECU,,E5GANEXPCER,,,2010,All,,,,,1
SpecifiedDemandProfile,NDCINC,ECU,,E5GANEXPCER,,,2011,All,,,,,1
SpecifiedDemandProfile,NDCINC,ECU,,E5GANEXPCER,,,2012,All,,,,,1
SpecifiedDemandProfile,NDCINC,ECU,,E5GANEXPCER,,,2013,All,,,,,1
SpecifiedDemandProfile,NDCINC,ECU,,E5GANEXPCER,,,2014,All,,,,,1
SpecifiedDemandProfile,NDCINC,ECU,,E5GANEXPCER,,,2015,All,,,,,1
SpecifiedDemandProfile,NDCINC,ECU,,E5GANEXPCER,,,2016,All,,,,,1
SpecifiedDemandProfile,NDCINC,ECU,,E5GANEXPCER,,,2017,All,,,,,1
SpecifiedDemandProfile,NDCINC,ECU,,E5GANEXPCER,,,2018,All,,,,,1
SpecifiedDemandProfile,NDCINC,ECU,,E5GANEXPCER,,,2019,All,,,,,1
SpecifiedDemandProfile,NDCINC,ECU,,E5GANEXPCER,,,2020,All,,,,,1
SpecifiedDemandProfile,NDCINC,ECU,,E5GANEXPCER,,,2021,All,,,,,1
SpecifiedDemandProfile,NDCINC,ECU,,E5GANEXPCER,,,2022,All,,,,,1
SpecifiedDemandProfile,NDCINC,ECU,,E5GANEXPCER,,,2023,All,,,,,1
SpecifiedDemandProfile,NDCINC,ECU,,E5GANEXPCER,,,2024,All,,,,,1
SpecifiedDemandProfile,NDCINC,ECU,,E5GANEXPCER,,,2025,All,,,,,1
SpecifiedDemandProfile,NDCINC,ECU,,E5GANEXPCER,,,2026,All,,,,,1
SpecifiedDemandProfile,NDCINC,ECU,,E5GANEXPCER,,,2027,All,,,,,1
SpecifiedDemandProfile,NDCINC,ECU,,E5GANEXPCER,,,2028,All,,,,,1
SpecifiedDemandProfile,NDCINC,ECU,,E5GANEXPCER,,,2029,All,,,,,1
SpecifiedDemandProfile,NDCINC,ECU,,E5GANEXPCER,,,2030,All,,,,,1
SpecifiedDemandProfile,NDCINC,ECU,,E5GANEXPCER,,,2031,All,,,,,1
SpecifiedDemandProfile,NDCINC,ECU,,E5GANEXPCER,,,2032,All,,,,,1
SpecifiedDemandProfile,NDCINC,ECU,,E5GANEXPCER,,,2033,All,,,,,1
SpecifiedDemandProfile,NDCINC,ECU,,E5GANEXPCER,,,2034,All,,,,,1
SpecifiedDemandProfile,NDCINC,ECU,,E5GANEXPCER,,,2035,All,,,,,1
SpecifiedDemandProfile,NDCINC,ECU,,E5GANEXPAVE,,,2010,All,,,,,1
SpecifiedDemandProfile,NDCINC,ECU,,E5GANEXPAVE,,,2011,All,,,,,1
SpecifiedDemandProfile,NDCINC,ECU,,E5GANEXPAVE,,,2012,All,,,,,1
SpecifiedDemandProfile,NDCINC,ECU,,E5GANEXPAVE,,,2013,All,,,,,1
SpecifiedDemandProfile,NDCINC,ECU,,E5GANEXPAVE,,,2014,All,,,,,1
SpecifiedDemandProfile,NDCINC,ECU,,E5GANEXPAVE,,,2015,All,,,,,1
SpecifiedDemandProfile,NDCINC,ECU,,E5GANEXPAVE,,,2016,All,,,,,1
SpecifiedDemandProfile,NDCINC,ECU,,E5GANEXPAVE,,,2017,All,,,,,1
SpecifiedDemandProfile,NDCINC,ECU,,E5GANEXPAVE,,,2018,All,,,,,1
SpecifiedDemandProfile,NDCINC,ECU,,E5GANEXPAVE,,,2019,All,,,,,1
SpecifiedDemandProfile,NDCINC,ECU,,E5GANEXPAVE,,,2020,All,,,,,1
SpecifiedDemandProfile,NDCINC,ECU,,E5GANEXPAVE,,,2021,All,,,,,1
SpecifiedDemandProfile,NDCINC,ECU,,E5GANEXPAVE,,,2022,All,,,,,1
SpecifiedDemandProfile,NDCINC,ECU,,E5GANEXPAVE,,,2023,All,,,,,1
SpecifiedDemandProfile,NDCINC,ECU,,E5GANEXPAVE,,,2024,All,,,,,1
SpecifiedDemandProfile,NDCINC,ECU,,E5GANEXPAVE,,,2025,All,,,,,1
SpecifiedDemandProfile,NDCINC,ECU,,E5GANEXPAVE,,,2026,All,,,,,1
SpecifiedDemandProfile,NDCINC,ECU,,E5GANEXPAVE,,,2027,All,,,,,1
SpecifiedDemandProfile,NDCINC,ECU,,E5GANEXPAVE,,,2028,All,,,,,1
SpecifiedDemandProfile,NDCINC,ECU,,E5GANEXPAVE,,,2029,All,,,,,1
SpecifiedDemandProfile,NDCINC,ECU,,E5GANEXPAVE,,,2030,All,,,,,1
SpecifiedDemandProfile,NDCINC,ECU,,E5GANEXPAVE,,,2031,All,,,,,1
SpecifiedDemandProfile,NDCINC,ECU,,E5GANEXPAVE,,,2032,All,,,,,1
SpecifiedDemandProfile,NDCINC,ECU,,E5GANEXPAVE,,,2033,All,,,,,1
SpecifiedDemandProfile,NDCINC,ECU,,E5GANEXPAVE,,,2034,All,,,,,1
SpecifiedDemandProfile,NDCINC,ECU,,E5GANEXPAVE,,,2035,All,,,,,1
SpecifiedDemandProfile,NDCINC,ECU,,E6TDFREHEA,,,2010,All,,,,,1
SpecifiedDemandProfile,NDCINC,ECU,,E6TDFREHEA,,,2011,All,,,,,1
SpecifiedDemandProfile,NDCINC,ECU,,E6TDFREHEA,,,2012,All,,,,,1
SpecifiedDemandProfile,NDCINC,ECU,,E6TDFREHEA,,,2013,All,,,,,1
SpecifiedDemandProfile,NDCINC,ECU,,E6TDFREHEA,,,2014,All,,,,,1
SpecifiedDemandProfile,NDCINC,ECU,,E6TDFREHEA,,,2015,All,,,,,1
SpecifiedDemandProfile,NDCINC,ECU,,E6TDFREHEA,,,2016,All,,,,,1
SpecifiedDemandProfile,NDCINC,ECU,,E6TDFREHEA,,,2017,All,,,,,1
SpecifiedDemandProfile,NDCINC,ECU,,E6TDFREHEA,,,2018,All,,,,,1
SpecifiedDemandProfile,NDCINC,ECU,,E6TDFREHEA,,,2019,All,,,,,1
SpecifiedDemandProfile,NDCINC,ECU,,E6TDFREHEA,,,2020,All,,,,,1
SpecifiedDemandProfile,NDCINC,ECU,,E6TDFREHEA,,,2021,All,,,,,1
SpecifiedDemandProfile,NDCINC,ECU,,E6TDFREHEA,,,2022,All,,,,,1
SpecifiedDemandProfile,NDCINC,ECU,,E6TDFREHEA,,,2023,All,,,,,1
SpecifiedDemandProfile,NDCINC,ECU,,E6TDFREHEA,,,2024,All,,,,,1
SpecifiedDemandProfile,NDCINC,ECU,,E6TDFREHEA,,,2025,All,,,,,1
SpecifiedDemandProfile,NDCINC,ECU,,E6TDFREHEA,,,2026,All,,,,,1
SpecifiedDemandProfile,NDCINC,ECU,,E6TDFREHEA,,,2027,All,,,,,1
SpecifiedDemandProfile,NDCINC,ECU,,E6TDFREHEA,,,2028,All,,,,,1
SpecifiedDemandProfile,NDCINC,ECU,,E6TDFREHEA,,,2029,All,,,,,1
SpecifiedDemandProfile,NDCINC,ECU,,E6TDFREHEA,,,2030,All,,,,,1
SpecifiedDemandProfile,NDCINC,ECU,,E6TDFREHEA,,,2031,All,,,,,1
SpecifiedDemandProfile,NDCINC,ECU,,E6TDFREHEA,,,2032,All,,,,,1
SpecifiedDemandProfile,NDCINC,ECU,,E6TDFREHEA,,,2033,All,,,,,1
SpecifiedDemandProfile,NDCINC,ECU,,E6TDFREHEA,,,2034,All,,,,,1
SpecifiedDemandProfile,NDCINC,ECU,,E6TDFREHEA,,,2035,All,,,,,1
SpecifiedDemandProfile,NDCINC,ECU,,E6TRNOMOT,,,2010,All,,,,,1
SpecifiedDemandProfile,NDCINC,ECU,,E6TRNOMOT,,,2011,All,,,,,1
SpecifiedDemandProfile,NDCINC,ECU,,E6TRNOMOT,,,2012,All,,,,,1
SpecifiedDemandProfile,NDCINC,ECU,,E6TRNOMOT,,,2013,All,,,,,1
SpecifiedDemandProfile,NDCINC,ECU,,E6TRNOMOT,,,2014,All,,,,,1
SpecifiedDemandProfile,NDCINC,ECU,,E6TRNOMOT,,,2015,All,,,,,1
SpecifiedDemandProfile,NDCINC,ECU,,E6TRNOMOT,,,2016,All,,,,,1
SpecifiedDemandProfile,NDCINC,ECU,,E6TRNOMOT,,,2017,All,,,,,1
SpecifiedDemandProfile,NDCINC,ECU,,E6TRNOMOT,,,2018,All,,,,,1
SpecifiedDemandProfile,NDCINC,ECU,,E6TRNOMOT,,,2019,All,,,,,1
SpecifiedDemandProfile,NDCINC,ECU,,E6TRNOMOT,,,2020,All,,,,,1
SpecifiedDemandProfile,NDCINC,ECU,,E6TRNOMOT,,,2021,All,,,,,1
SpecifiedDemandProfile,NDCINC,ECU,,E6TRNOMOT,,,2022,All,,,,,1
SpecifiedDemandProfile,NDCINC,ECU,,E6TRNOMOT,,,2023,All,,,,,1
SpecifiedDemandProfile,NDCINC,ECU,,E6TRNOMOT,,,2024,All,,,,,1
SpecifiedDemandProfile,NDCINC,ECU,,E6TRNOMOT,,,2025,All,,,,,1
SpecifiedDemandProfile,NDCINC,ECU,,E6TRNOMOT,,,2026,All,,,,,1
SpecifiedDemandProfile,NDCINC,ECU,,E6TRNOMOT,,,2027,All,,,,,1
SpecifiedDemandProfile,NDCINC,ECU,,E6TRNOMOT,,,2028,All,,,,,1
SpecifiedDemandProfile,NDCINC,ECU,,E6TRNOMOT,,,2029,All,,,,,1
SpecifiedDemandProfile,NDCINC,ECU,,E6TRNOMOT,,,2030,All,,,,,1
SpecifiedDemandProfile,NDCINC,ECU,,E6TRNOMOT,,,2031,All,,,,,1
SpecifiedDemandProfile,NDCINC,ECU,,E6TRNOMOT,,,2032,All,,,,,1
SpecifiedDemandProfile,NDCINC,ECU,,E6TRNOMOT,,,2033,All,,,,,1
SpecifiedDemandProfile,NDCINC,ECU,,E6TRNOMOT,,,2034,All,,,,,1
SpecifiedDemandProfile,NDCINC,ECU,,E6TRNOMOT,,,2035,All,,,,,1
