Future.ID,Strategy.ID,Strategy,Fuel,Technology,Emission,Season,Year,SpecifiedAnnualDemand,CapacityFactor,OperationalLife,ResidualCapacity,InputActivityRatio,OutputActivityRatio,EmissionActivityRatio,CapitalCost,VariableCost,FixedCost,TotalAnnualMaxCapacity,TotalAnnualMinCapacity,TotalAnnualMinCapacityInvestment,TotalTechnologyAnnualActivityUpperLimit,TotalTechnologyAnnualActivityLowerLimit,DistanceDriven,UnitCapitalCost (USD),UnitFixedCost (USD),BiofuelShares,FilterFuelType,FilterVehicleType
0,0,BAU,E5TSWTSW,,,,2018,3.7224,,,,,,,,,,,,,,,,,,,,
0,0,BAU,E5TSWTSW,,,,2019,3.7335,,,,,,,,,,,,,,,,,,,,
0,0,BAU,E5TSWTSW,,,,2020,3.8611,,,,,,,,,,,,,,,,,,,,
0,0,BAU,E5TSWTSW,,,,2021,3.9904,,,,,,,,,,,,,,,,,,,,
0,0,BAU,E5TSWTSW,,,,2022,4.0719,,,,,,,,,,,,,,,,,,,,
0,0,BAU,E5TSWTSW,,,,2023,4.2193,,,,,,,,,,,,,,,,,,,,
0,0,BAU,E5TSWTSW,,,,2024,4.3415,,,,,,,,,,,,,,,,,,,,
0,0,BAU,E5TSWTSW,,,,2025,4.4634,,,,,,,,,,,,,,,,,,,,
0,0,BAU,E5TSWTSW,,,,2026,4.578,,,,,,,,,,,,,,,,,,,,
0,0,BAU,E5TSWTSW,,,,2027,4.6938,,,,,,,,,,,,,,,,,,,,
0,0,BAU,E5TSWTSW,,,,2028,4.816,,,,,,,,,,,,,,,,,,,,
0,0,BAU,E5TSWTSW,,,,2029,4.933,,,,,,,,,,,,,,,,,,,,
0,0,BAU,E5TSWTSW,,,,2030,5.0491,,,,,,,,,,,,,,,,,,,,
0,0,BAU,E5TSWTSW,,,,2031,5.1539,,,,,,,,,,,,,,,,,,,,
0,0,BAU,E5TSWTSW,,,,2032,5.2602,,,,,,,,,,,,,,,,,,,,
0,0,BAU,E5TSWTSW,,,,2033,5.3682,,,,,,,,,,,,,,,,,,,,
0,0,BAU,E5TSWTSW,,,,2034,5.4777,,,,,,,,,,,,,,,,,,,,
0,0,BAU,E5TSWTSW,,,,2035,5.5889,,,,,,,,,,,,,,,,,,,,
0,0,BAU,E5TSWTSW,,,,2036,5.6824,,,,,,,,,,,,,,,,,,,,
0,0,BAU,E5TSWTSW,,,,2037,5.777,,,,,,,,,,,,,,,,,,,,
0,0,BAU,E5TSWTSW,,,,2038,5.8727,,,,,,,,,,,,,,,,,,,,
0,0,BAU,E5TSWTSW,,,,2039,5.9697,,,,,,,,,,,,,,,,,,,,
0,0,BAU,E5TSWTSW,,,,2040,6.0677,,,,,,,,,,,,,,,,,,,,
0,0,BAU,E5TSWTSW,,,,2041,6.1472,,,,,,,,,,,,,,,,,,,,
0,0,BAU,E5TSWTSW,,,,2042,6.2274,,,,,,,,,,,,,,,,,,,,
0,0,BAU,E5TSWTSW,,,,2043,6.3084,,,,,,,,,,,,,,,,,,,,
0,0,BAU,E5TSWTSW,,,,2044,6.3902,,,,,,,,,,,,,,,,,,,,
0,0,BAU,E5TSWTSW,,,,2045,6.4727,,,,,,,,,,,,,,,,,,,,
0,0,BAU,E5TSWTSW,,,,2046,6.5366,,,,,,,,,,,,,,,,,,,,
0,0,BAU,E5TSWTSW,,,,2047,6.6011,,,,,,,,,,,,,,,,,,,,
0,0,BAU,E5TSWTSW,,,,2048,6.6659,,,,,,,,,,,,,,,,,,,,
0,0,BAU,E5TSWTSW,,,,2049,6.7313,,,,,,,,,,,,,,,,,,,,
0,0,BAU,E5TSWTSW,,,,2050,6.7971,,,,,,,,,,,,,,,,,,,,
0,0,BAU,E5TSWLANDFILL_ELEC,,,,2018,0.0,,,,,,,,,,,,,,,,,,,,
0,0,BAU,E5TSWLANDFILL_ELEC,,,,2019,0.0,,,,,,,,,,,,,,,,,,,,
0,0,BAU,E5TSWLANDFILL_ELEC,,,,2020,0.0,,,,,,,,,,,,,,,,,,,,
0,0,BAU,E5TSWLANDFILL_ELEC,,,,2021,0.0,,,,,,,,,,,,,,,,,,,,
0,0,BAU,E5TSWLANDFILL_ELEC,,,,2022,0.0,,,,,,,,,,,,,,,,,,,,
0,0,BAU,E5TSWLANDFILL_ELEC,,,,2023,0.0,,,,,,,,,,,,,,,,,,,,
0,0,BAU,E5TSWLANDFILL_ELEC,,,,2024,0.0,,,,,,,,,,,,,,,,,,,,
0,0,BAU,E5TSWLANDFILL_ELEC,,,,2025,0.0,,,,,,,,,,,,,,,,,,,,
0,0,BAU,E5TSWLANDFILL_ELEC,,,,2026,0.0,,,,,,,,,,,,,,,,,,,,
0,0,BAU,E5TSWLANDFILL_ELEC,,,,2027,0.0,,,,,,,,,,,,,,,,,,,,
0,0,BAU,E5TSWLANDFILL_ELEC,,,,2028,0.0,,,,,,,,,,,,,,,,,,,,
0,0,BAU,E5TSWLANDFILL_ELEC,,,,2029,0.0,,,,,,,,,,,,,,,,,,,,
0,0,BAU,E5TSWLANDFILL_ELEC,,,,2030,0.0,,,,,,,,,,,,,,,,,,,,
0,0,BAU,E5TSWLANDFILL_ELEC,,,,2031,0.0,,,,,,,,,,,,,,,,,,,,
0,0,BAU,E5TSWLANDFILL_ELEC,,,,2032,0.0,,,,,,,,,,,,,,,,,,,,
0,0,BAU,E5TSWLANDFILL_ELEC,,,,2033,0.0,,,,,,,,,,,,,,,,,,,,
0,0,BAU,E5TSWLANDFILL_ELEC,,,,2034,0.0,,,,,,,,,,,,,,,,,,,,
0,0,BAU,E5TSWLANDFILL_ELEC,,,,2035,0.0,,,,,,,,,,,,,,,,,,,,
0,0,BAU,E5TSWLANDFILL_ELEC,,,,2036,0.0,,,,,,,,,,,,,,,,,,,,
0,0,BAU,E5TSWLANDFILL_ELEC,,,,2037,0.0,,,,,,,,,,,,,,,,,,,,
0,0,BAU,E5TSWLANDFILL_ELEC,,,,2038,0.0,,,,,,,,,,,,,,,,,,,,
0,0,BAU,E5TSWLANDFILL_ELEC,,,,2039,0.0,,,,,,,,,,,,,,,,,,,,
0,0,BAU,E5TSWLANDFILL_ELEC,,,,2040,0.0,,,,,,,,,,,,,,,,,,,,
0,0,BAU,E5TSWLANDFILL_ELEC,,,,2041,0.0,,,,,,,,,,,,,,,,,,,,
0,0,BAU,E5TSWLANDFILL_ELEC,,,,2042,0.0,,,,,,,,,,,,,,,,,,,,
0,0,BAU,E5TSWLANDFILL_ELEC,,,,2043,0.0,,,,,,,,,,,,,,,,,,,,
0,0,BAU,E5TSWLANDFILL_ELEC,,,,2044,0.0,,,,,,,,,,,,,,,,,,,,
0,0,BAU,E5TSWLANDFILL_ELEC,,,,2045,0.0,,,,,,,,,,,,,,,,,,,,
0,0,BAU,E5TSWLANDFILL_ELEC,,,,2046,0.0,,,,,,,,,,,,,,,,,,,,
0,0,BAU,E5TSWLANDFILL_ELEC,,,,2047,0.0,,,,,,,,,,,,,,,,,,,,
0,0,BAU,E5TSWLANDFILL_ELEC,,,,2048,0.0,,,,,,,,,,,,,,,,,,,,
0,0,BAU,E5TSWLANDFILL_ELEC,,,,2049,0.0,,,,,,,,,,,,,,,,,,,,
0,0,BAU,E5TSWLANDFILL_ELEC,,,,2050,0.0,,,,,,,,,,,,,,,,,,,,
0,0,BAU,E5TSWIND_SW,,,,2018,1.4544,,,,,,,,,,,,,,,,,,,,
0,0,BAU,E5TSWIND_SW,,,,2019,1.512,,,,,,,,,,,,,,,,,,,,
0,0,BAU,E5TSWIND_SW,,,,2020,1.3404,,,,,,,,,,,,,,,,,,,,
0,0,BAU,E5TSWIND_SW,,,,2021,1.6021,,,,,,,,,,,,,,,,,,,,
0,0,BAU,E5TSWIND_SW,,,,2022,1.9319,,,,,,,,,,,,,,,,,,,,
0,0,BAU,E5TSWIND_SW,,,,2023,1.9859,,,,,,,,,,,,,,,,,,,,
0,0,BAU,E5TSWIND_SW,,,,2024,2.0397,,,,,,,,,,,,,,,,,,,,
0,0,BAU,E5TSWIND_SW,,,,2025,2.0902,,,,,,,,,,,,,,,,,,,,
0,0,BAU,E5TSWIND_SW,,,,2026,2.1412,,,,,,,,,,,,,,,,,,,,
0,0,BAU,E5TSWIND_SW,,,,2027,2.1949,,,,,,,,,,,,,,,,,,,,
0,0,BAU,E5TSWIND_SW,,,,2028,2.2464,,,,,,,,,,,,,,,,,,,,
0,0,BAU,E5TSWIND_SW,,,,2029,2.2974,,,,,,,,,,,,,,,,,,,,
0,0,BAU,E5TSWIND_SW,,,,2030,2.3434,,,,,,,,,,,,,,,,,,,,
0,0,BAU,E5TSWIND_SW,,,,2031,2.39,,,,,,,,,,,,,,,,,,,,
0,0,BAU,E5TSWIND_SW,,,,2032,2.4373,,,,,,,,,,,,,,,,,,,,
0,0,BAU,E5TSWIND_SW,,,,2033,2.4853,,,,,,,,,,,,,,,,,,,,
0,0,BAU,E5TSWIND_SW,,,,2034,2.534,,,,,,,,,,,,,,,,,,,,
0,0,BAU,E5TSWIND_SW,,,,2035,2.5748,,,,,,,,,,,,,,,,,,,,
0,0,BAU,E5TSWIND_SW,,,,2036,2.6162,,,,,,,,,,,,,,,,,,,,
0,0,BAU,E5TSWIND_SW,,,,2037,2.658,,,,,,,,,,,,,,,,,,,,
0,0,BAU,E5TSWIND_SW,,,,2038,2.7003,,,,,,,,,,,,,,,,,,,,
0,0,BAU,E5TSWIND_SW,,,,2039,2.7431,,,,,,,,,,,,,,,,,,,,
0,0,BAU,E5TSWIND_SW,,,,2040,2.7778,,,,,,,,,,,,,,,,,,,,
0,0,BAU,E5TSWIND_SW,,,,2041,2.8128,,,,,,,,,,,,,,,,,,,,
0,0,BAU,E5TSWIND_SW,,,,2042,2.848,,,,,,,,,,,,,,,,,,,,
0,0,BAU,E5TSWIND_SW,,,,2043,2.8836,,,,,,,,,,,,,,,,,,,,
0,0,BAU,E5TSWIND_SW,,,,2044,2.9196,,,,,,,,,,,,,,,,,,,,
0,0,BAU,E5TSWIND_SW,,,,2045,2.9474,,,,,,,,,,,,,,,,,,,,
0,0,BAU,E5TSWIND_SW,,,,2046,2.9754,,,,,,,,,,,,,,,,,,,,
0,0,BAU,E5TSWIND_SW,,,,2047,3.0036,,,,,,,,,,,,,,,,,,,,
0,0,BAU,E5TSWIND_SW,,,,2048,3.032,,,,,,,,,,,,,,,,,,,,
0,0,BAU,E5TSWIND_SW,,,,2049,3.0606,,,,,,,,,,,,,,,,,,,,
0,0,BAU,E5TSWIND_SW,,,,2050,3.0606,,,,,,,,,,,,,,,,,,,,
0,0,BAU,E5TSWCO2_CH4_BURN,,,,2018,0.0,,,,,,,,,,,,,,,,,,,,
0,0,BAU,E5TSWCO2_CH4_BURN,,,,2019,0.0,,,,,,,,,,,,,,,,,,,,
0,0,BAU,E5TSWCO2_CH4_BURN,,,,2020,0.0,,,,,,,,,,,,,,,,,,,,
0,0,BAU,E5TSWCO2_CH4_BURN,,,,2021,0.0,,,,,,,,,,,,,,,,,,,,
0,0,BAU,E5TSWCO2_CH4_BURN,,,,2022,0.0,,,,,,,,,,,,,,,,,,,,
0,0,BAU,E5TSWCO2_CH4_BURN,,,,2023,0.0,,,,,,,,,,,,,,,,,,,,
0,0,BAU,E5TSWCO2_CH4_BURN,,,,2024,0.0,,,,,,,,,,,,,,,,,,,,
0,0,BAU,E5TSWCO2_CH4_BURN,,,,2025,0.0,,,,,,,,,,,,,,,,,,,,
0,0,BAU,E5TSWCO2_CH4_BURN,,,,2026,0.0,,,,,,,,,,,,,,,,,,,,
0,0,BAU,E5TSWCO2_CH4_BURN,,,,2027,0.0,,,,,,,,,,,,,,,,,,,,
0,0,BAU,E5TSWCO2_CH4_BURN,,,,2028,0.0,,,,,,,,,,,,,,,,,,,,
0,0,BAU,E5TSWCO2_CH4_BURN,,,,2029,0.0,,,,,,,,,,,,,,,,,,,,
0,0,BAU,E5TSWCO2_CH4_BURN,,,,2030,0.0,,,,,,,,,,,,,,,,,,,,
0,0,BAU,E5TSWCO2_CH4_BURN,,,,2031,0.0,,,,,,,,,,,,,,,,,,,,
0,0,BAU,E5TSWCO2_CH4_BURN,,,,2032,0.0,,,,,,,,,,,,,,,,,,,,
0,0,BAU,E5TSWCO2_CH4_BURN,,,,2033,0.0,,,,,,,,,,,,,,,,,,,,
0,0,BAU,E5TSWCO2_CH4_BURN,,,,2034,0.0,,,,,,,,,,,,,,,,,,,,
0,0,BAU,E5TSWCO2_CH4_BURN,,,,2035,0.0,,,,,,,,,,,,,,,,,,,,
0,0,BAU,E5TSWCO2_CH4_BURN,,,,2036,0.0,,,,,,,,,,,,,,,,,,,,
0,0,BAU,E5TSWCO2_CH4_BURN,,,,2037,0.0,,,,,,,,,,,,,,,,,,,,
0,0,BAU,E5TSWCO2_CH4_BURN,,,,2038,0.0,,,,,,,,,,,,,,,,,,,,
0,0,BAU,E5TSWCO2_CH4_BURN,,,,2039,0.0,,,,,,,,,,,,,,,,,,,,
0,0,BAU,E5TSWCO2_CH4_BURN,,,,2040,0.0,,,,,,,,,,,,,,,,,,,,
0,0,BAU,E5TSWCO2_CH4_BURN,,,,2041,0.0,,,,,,,,,,,,,,,,,,,,
0,0,BAU,E5TSWCO2_CH4_BURN,,,,2042,0.0,,,,,,,,,,,,,,,,,,,,
0,0,BAU,E5TSWCO2_CH4_BURN,,,,2043,0.0,,,,,,,,,,,,,,,,,,,,
0,0,BAU,E5TSWCO2_CH4_BURN,,,,2044,0.0,,,,,,,,,,,,,,,,,,,,
0,0,BAU,E5TSWCO2_CH4_BURN,,,,2045,0.0,,,,,,,,,,,,,,,,,,,,
0,0,BAU,E5TSWCO2_CH4_BURN,,,,2046,0.0,,,,,,,,,,,,,,,,,,,,
0,0,BAU,E5TSWCO2_CH4_BURN,,,,2047,0.0,,,,,,,,,,,,,,,,,,,,
0,0,BAU,E5TSWCO2_CH4_BURN,,,,2048,0.0,,,,,,,,,,,,,,,,,,,,
0,0,BAU,E5TSWCO2_CH4_BURN,,,,2049,0.0,,,,,,,,,,,,,,,,,,,,
0,0,BAU,E5TSWCO2_CH4_BURN,,,,2050,0.0,,,,,,,,,,,,,,,,,,,,
0,0,BAU,E5WWTWW,,,,2018,0.281,,,,,,,,,,,,,,,,,,,,
0,0,BAU,E5WWTWW,,,,2019,0.2177,,,,,,,,,,,,,,,,,,,,
0,0,BAU,E5WWTWW,,,,2020,0.1544,,,,,,,,,,,,,,,,,,,,
0,0,BAU,E5WWTWW,,,,2021,0.1372,,,,,,,,,,,,,,,,,,,,
0,0,BAU,E5WWTWW,,,,2022,0.1286,,,,,,,,,,,,,,,,,,,,
0,0,BAU,E5WWTWW,,,,2023,0.1333,,,,,,,,,,,,,,,,,,,,
0,0,BAU,E5WWTWW,,,,2024,0.1371,,,,,,,,,,,,,,,,,,,,
0,0,BAU,E5WWTWW,,,,2025,0.141,,,,,,,,,,,,,,,,,,,,
0,0,BAU,E5WWTWW,,,,2026,0.1446,,,,,,,,,,,,,,,,,,,,
0,0,BAU,E5WWTWW,,,,2027,0.1482,,,,,,,,,,,,,,,,,,,,
0,0,BAU,E5WWTWW,,,,2028,0.1521,,,,,,,,,,,,,,,,,,,,
0,0,BAU,E5WWTWW,,,,2029,0.1558,,,,,,,,,,,,,,,,,,,,
0,0,BAU,E5WWTWW,,,,2030,0.1595,,,,,,,,,,,,,,,,,,,,
0,0,BAU,E5WWTWW,,,,2031,0.1628,,,,,,,,,,,,,,,,,,,,
0,0,BAU,E5WWTWW,,,,2032,0.1661,,,,,,,,,,,,,,,,,,,,
0,0,BAU,E5WWTWW,,,,2033,0.1695,,,,,,,,,,,,,,,,,,,,
0,0,BAU,E5WWTWW,,,,2034,0.173,,,,,,,,,,,,,,,,,,,,
0,0,BAU,E5WWTWW,,,,2035,0.1765,,,,,,,,,,,,,,,,,,,,
0,0,BAU,E5WWTWW,,,,2036,0.1795,,,,,,,,,,,,,,,,,,,,
0,0,BAU,E5WWTWW,,,,2037,0.1825,,,,,,,,,,,,,,,,,,,,
0,0,BAU,E5WWTWW,,,,2038,0.1855,,,,,,,,,,,,,,,,,,,,
0,0,BAU,E5WWTWW,,,,2039,0.1885,,,,,,,,,,,,,,,,,,,,
0,0,BAU,E5WWTWW,,,,2040,0.1916,,,,,,,,,,,,,,,,,,,,
0,0,BAU,E5WWTWW,,,,2041,0.1942,,,,,,,,,,,,,,,,,,,,
0,0,BAU,E5WWTWW,,,,2042,0.1967,,,,,,,,,,,,,,,,,,,,
0,0,BAU,E5WWTWW,,,,2043,0.1992,,,,,,,,,,,,,,,,,,,,
0,0,BAU,E5WWTWW,,,,2044,0.2018,,,,,,,,,,,,,,,,,,,,
0,0,BAU,E5WWTWW,,,,2045,0.2044,,,,,,,,,,,,,,,,,,,,
0,0,BAU,E5WWTWW,,,,2046,0.2065,,,,,,,,,,,,,,,,,,,,
0,0,BAU,E5WWTWW,,,,2047,0.2085,,,,,,,,,,,,,,,,,,,,
0,0,BAU,E5WWTWW,,,,2048,0.2105,,,,,,,,,,,,,,,,,,,,
0,0,BAU,E5WWTWW,,,,2049,0.2126,,,,,,,,,,,,,,,,,,,,
0,0,BAU,E5WWTWW,,,,2050,0.2147,,,,,,,,,,,,,,,,,,,,
0,0,BAU,E5WWIWW_MEAT,,,,2018,0.1221,,,,,,,,,,,,,,,,,,,,
0,0,BAU,E5WWIWW_MEAT,,,,2019,0.1248,,,,,,,,,,,,,,,,,,,,
0,0,BAU,E5WWIWW_MEAT,,,,2020,0.1275,,,,,,,,,,,,,,,,,,,,
0,0,BAU,E5WWIWW_MEAT,,,,2021,0.144,,,,,,,,,,,,,,,,,,,,
0,0,BAU,E5WWIWW_MEAT,,,,2022,0.1542,,,,,,,,,,,,,,,,,,,,
0,0,BAU,E5WWIWW_MEAT,,,,2023,0.1537,,,,,,,,,,,,,,,,,,,,
0,0,BAU,E5WWIWW_MEAT,,,,2024,0.158,,,,,,,,,,,,,,,,,,,,
0,0,BAU,E5WWIWW_MEAT,,,,2025,0.1623,,,,,,,,,,,,,,,,,,,,
0,0,BAU,E5WWIWW_MEAT,,,,2026,0.1663,,,,,,,,,,,,,,,,,,,,
0,0,BAU,E5WWIWW_MEAT,,,,2027,0.1704,,,,,,,,,,,,,,,,,,,,
0,0,BAU,E5WWIWW_MEAT,,,,2028,0.1747,,,,,,,,,,,,,,,,,,,,
0,0,BAU,E5WWIWW_MEAT,,,,2029,0.1788,,,,,,,,,,,,,,,,,,,,
0,0,BAU,E5WWIWW_MEAT,,,,2030,0.1828,,,,,,,,,,,,,,,,,,,,
0,0,BAU,E5WWIWW_MEAT,,,,2031,0.1865,,,,,,,,,,,,,,,,,,,,
0,0,BAU,E5WWIWW_MEAT,,,,2032,0.1902,,,,,,,,,,,,,,,,,,,,
0,0,BAU,E5WWIWW_MEAT,,,,2033,0.194,,,,,,,,,,,,,,,,,,,,
0,0,BAU,E5WWIWW_MEAT,,,,2034,0.1978,,,,,,,,,,,,,,,,,,,,
0,0,BAU,E5WWIWW_MEAT,,,,2035,0.2017,,,,,,,,,,,,,,,,,,,,
0,0,BAU,E5WWIWW_MEAT,,,,2036,0.2049,,,,,,,,,,,,,,,,,,,,
0,0,BAU,E5WWIWW_MEAT,,,,2037,0.2082,,,,,,,,,,,,,,,,,,,,
0,0,BAU,E5WWIWW_MEAT,,,,2038,0.2115,,,,,,,,,,,,,,,,,,,,
0,0,BAU,E5WWIWW_MEAT,,,,2039,0.2149,,,,,,,,,,,,,,,,,,,,
0,0,BAU,E5WWIWW_MEAT,,,,2040,0.2183,,,,,,,,,,,,,,,,,,,,
0,0,BAU,E5WWIWW_MEAT,,,,2041,0.2211,,,,,,,,,,,,,,,,,,,,
0,0,BAU,E5WWIWW_MEAT,,,,2042,0.2238,,,,,,,,,,,,,,,,,,,,
0,0,BAU,E5WWIWW_MEAT,,,,2043,0.2267,,,,,,,,,,,,,,,,,,,,
0,0,BAU,E5WWIWW_MEAT,,,,2044,0.2295,,,,,,,,,,,,,,,,,,,,
0,0,BAU,E5WWIWW_MEAT,,,,2045,0.2323,,,,,,,,,,,,,,,,,,,,
0,0,BAU,E5WWIWW_MEAT,,,,2046,0.2346,,,,,,,,,,,,,,,,,,,,
0,0,BAU,E5WWIWW_MEAT,,,,2047,0.2368,,,,,,,,,,,,,,,,,,,,
0,0,BAU,E5WWIWW_MEAT,,,,2048,0.239,,,,,,,,,,,,,,,,,,,,
0,0,BAU,E5WWIWW_MEAT,,,,2049,0.2413,,,,,,,,,,,,,,,,,,,,
0,0,BAU,E5WWIWW_MEAT,,,,2050,0.2436,,,,,,,,,,,,,,,,,,,,
0,0,BAU,E5WWIWW_SUGAR,,,,2018,0.0,,,,,,,,,,,,,,,,,,,,
0,0,BAU,E5WWIWW_SUGAR,,,,2019,0.0,,,,,,,,,,,,,,,,,,,,
0,0,BAU,E5WWIWW_SUGAR,,,,2020,0.0,,,,,,,,,,,,,,,,,,,,
0,0,BAU,E5WWIWW_SUGAR,,,,2021,0.0,,,,,,,,,,,,,,,,,,,,
0,0,BAU,E5WWIWW_SUGAR,,,,2022,0.0,,,,,,,,,,,,,,,,,,,,
0,0,BAU,E5WWIWW_SUGAR,,,,2023,0.0,,,,,,,,,,,,,,,,,,,,
0,0,BAU,E5WWIWW_SUGAR,,,,2024,0.0,,,,,,,,,,,,,,,,,,,,
0,0,BAU,E5WWIWW_SUGAR,,,,2025,0.0,,,,,,,,,,,,,,,,,,,,
0,0,BAU,E5WWIWW_SUGAR,,,,2026,0.0,,,,,,,,,,,,,,,,,,,,
0,0,BAU,E5WWIWW_SUGAR,,,,2027,0.0,,,,,,,,,,,,,,,,,,,,
0,0,BAU,E5WWIWW_SUGAR,,,,2028,0.0,,,,,,,,,,,,,,,,,,,,
0,0,BAU,E5WWIWW_SUGAR,,,,2029,0.0,,,,,,,,,,,,,,,,,,,,
0,0,BAU,E5WWIWW_SUGAR,,,,2030,0.0,,,,,,,,,,,,,,,,,,,,
0,0,BAU,E5WWIWW_SUGAR,,,,2031,0.0,,,,,,,,,,,,,,,,,,,,
0,0,BAU,E5WWIWW_SUGAR,,,,2032,0.0,,,,,,,,,,,,,,,,,,,,
0,0,BAU,E5WWIWW_SUGAR,,,,2033,0.0,,,,,,,,,,,,,,,,,,,,
0,0,BAU,E5WWIWW_SUGAR,,,,2034,0.0,,,,,,,,,,,,,,,,,,,,
0,0,BAU,E5WWIWW_SUGAR,,,,2035,0.0,,,,,,,,,,,,,,,,,,,,
0,0,BAU,E5WWIWW_SUGAR,,,,2036,0.0,,,,,,,,,,,,,,,,,,,,
0,0,BAU,E5WWIWW_SUGAR,,,,2037,0.0,,,,,,,,,,,,,,,,,,,,
0,0,BAU,E5WWIWW_SUGAR,,,,2038,0.0,,,,,,,,,,,,,,,,,,,,
0,0,BAU,E5WWIWW_SUGAR,,,,2039,0.0,,,,,,,,,,,,,,,,,,,,
0,0,BAU,E5WWIWW_SUGAR,,,,2040,0.0,,,,,,,,,,,,,,,,,,,,
0,0,BAU,E5WWIWW_SUGAR,,,,2041,0.0,,,,,,,,,,,,,,,,,,,,
0,0,BAU,E5WWIWW_SUGAR,,,,2042,0.0,,,,,,,,,,,,,,,,,,,,
0,0,BAU,E5WWIWW_SUGAR,,,,2043,0.0,,,,,,,,,,,,,,,,,,,,
0,0,BAU,E5WWIWW_SUGAR,,,,2044,0.0,,,,,,,,,,,,,,,,,,,,
0,0,BAU,E5WWIWW_SUGAR,,,,2045,0.0,,,,,,,,,,,,,,,,,,,,
0,0,BAU,E5WWIWW_SUGAR,,,,2046,0.0,,,,,,,,,,,,,,,,,,,,
0,0,BAU,E5WWIWW_SUGAR,,,,2047,0.0,,,,,,,,,,,,,,,,,,,,
0,0,BAU,E5WWIWW_SUGAR,,,,2048,0.0,,,,,,,,,,,,,,,,,,,,
0,0,BAU,E5WWIWW_SUGAR,,,,2049,0.0,,,,,,,,,,,,,,,,,,,,
0,0,BAU,E5WWIWW_SUGAR,,,,2050,0.0,,,,,,,,,,,,,,,,,,,,
0,0,BAU,E5WWIWW_ALCOHOL,,,,2018,0.0,,,,,,,,,,,,,,,,,,,,
0,0,BAU,E5WWIWW_ALCOHOL,,,,2019,0.0,,,,,,,,,,,,,,,,,,,,
0,0,BAU,E5WWIWW_ALCOHOL,,,,2020,0.0,,,,,,,,,,,,,,,,,,,,
0,0,BAU,E5WWIWW_ALCOHOL,,,,2021,0.0,,,,,,,,,,,,,,,,,,,,
0,0,BAU,E5WWIWW_ALCOHOL,,,,2022,0.0,,,,,,,,,,,,,,,,,,,,
0,0,BAU,E5WWIWW_ALCOHOL,,,,2023,0.0,,,,,,,,,,,,,,,,,,,,
0,0,BAU,E5WWIWW_ALCOHOL,,,,2024,0.0,,,,,,,,,,,,,,,,,,,,
0,0,BAU,E5WWIWW_ALCOHOL,,,,2025,0.0,,,,,,,,,,,,,,,,,,,,
0,0,BAU,E5WWIWW_ALCOHOL,,,,2026,0.0,,,,,,,,,,,,,,,,,,,,
0,0,BAU,E5WWIWW_ALCOHOL,,,,2027,0.0,,,,,,,,,,,,,,,,,,,,
0,0,BAU,E5WWIWW_ALCOHOL,,,,2028,0.0,,,,,,,,,,,,,,,,,,,,
0,0,BAU,E5WWIWW_ALCOHOL,,,,2029,0.0,,,,,,,,,,,,,,,,,,,,
0,0,BAU,E5WWIWW_ALCOHOL,,,,2030,0.0,,,,,,,,,,,,,,,,,,,,
0,0,BAU,E5WWIWW_ALCOHOL,,,,2031,0.0,,,,,,,,,,,,,,,,,,,,
0,0,BAU,E5WWIWW_ALCOHOL,,,,2032,0.0,,,,,,,,,,,,,,,,,,,,
0,0,BAU,E5WWIWW_ALCOHOL,,,,2033,0.0,,,,,,,,,,,,,,,,,,,,
0,0,BAU,E5WWIWW_ALCOHOL,,,,2034,0.0,,,,,,,,,,,,,,,,,,,,
0,0,BAU,E5WWIWW_ALCOHOL,,,,2035,0.0,,,,,,,,,,,,,,,,,,,,
0,0,BAU,E5WWIWW_ALCOHOL,,,,2036,0.0,,,,,,,,,,,,,,,,,,,,
0,0,BAU,E5WWIWW_ALCOHOL,,,,2037,0.0,,,,,,,,,,,,,,,,,,,,
0,0,BAU,E5WWIWW_ALCOHOL,,,,2038,0.0,,,,,,,,,,,,,,,,,,,,
0,0,BAU,E5WWIWW_ALCOHOL,,,,2039,0.0,,,,,,,,,,,,,,,,,,,,
0,0,BAU,E5WWIWW_ALCOHOL,,,,2040,0.0,,,,,,,,,,,,,,,,,,,,
0,0,BAU,E5WWIWW_ALCOHOL,,,,2041,0.0,,,,,,,,,,,,,,,,,,,,
0,0,BAU,E5WWIWW_ALCOHOL,,,,2042,0.0,,,,,,,,,,,,,,,,,,,,
0,0,BAU,E5WWIWW_ALCOHOL,,,,2043,0.0,,,,,,,,,,,,,,,,,,,,
0,0,BAU,E5WWIWW_ALCOHOL,,,,2044,0.0,,,,,,,,,,,,,,,,,,,,
0,0,BAU,E5WWIWW_ALCOHOL,,,,2045,0.0,,,,,,,,,,,,,,,,,,,,
0,0,BAU,E5WWIWW_ALCOHOL,,,,2046,0.0,,,,,,,,,,,,,,,,,,,,
0,0,BAU,E5WWIWW_ALCOHOL,,,,2047,0.0,,,,,,,,,,,,,,,,,,,,
0,0,BAU,E5WWIWW_ALCOHOL,,,,2048,0.0,,,,,,,,,,,,,,,,,,,,
0,0,BAU,E5WWIWW_ALCOHOL,,,,2049,0.0,,,,,,,,,,,,,,,,,,,,
0,0,BAU,E5WWIWW_ALCOHOL,,,,2050,0.0,,,,,,,,,,,,,,,,,,,,
0,0,BAU,E5WWIWW_BEER,,,,2018,0.0,,,,,,,,,,,,,,,,,,,,
0,0,BAU,E5WWIWW_BEER,,,,2019,0.0,,,,,,,,,,,,,,,,,,,,
0,0,BAU,E5WWIWW_BEER,,,,2020,0.0,,,,,,,,,,,,,,,,,,,,
0,0,BAU,E5WWIWW_BEER,,,,2021,0.0,,,,,,,,,,,,,,,,,,,,
0,0,BAU,E5WWIWW_BEER,,,,2022,0.0,,,,,,,,,,,,,,,,,,,,
0,0,BAU,E5WWIWW_BEER,,,,2023,0.0,,,,,,,,,,,,,,,,,,,,
0,0,BAU,E5WWIWW_BEER,,,,2024,0.0,,,,,,,,,,,,,,,,,,,,
0,0,BAU,E5WWIWW_BEER,,,,2025,0.0,,,,,,,,,,,,,,,,,,,,
0,0,BAU,E5WWIWW_BEER,,,,2026,0.0,,,,,,,,,,,,,,,,,,,,
0,0,BAU,E5WWIWW_BEER,,,,2027,0.0,,,,,,,,,,,,,,,,,,,,
0,0,BAU,E5WWIWW_BEER,,,,2028,0.0,,,,,,,,,,,,,,,,,,,,
0,0,BAU,E5WWIWW_BEER,,,,2029,0.0,,,,,,,,,,,,,,,,,,,,
0,0,BAU,E5WWIWW_BEER,,,,2030,0.0,,,,,,,,,,,,,,,,,,,,
0,0,BAU,E5WWIWW_BEER,,,,2031,0.0,,,,,,,,,,,,,,,,,,,,
0,0,BAU,E5WWIWW_BEER,,,,2032,0.0,,,,,,,,,,,,,,,,,,,,
0,0,BAU,E5WWIWW_BEER,,,,2033,0.0,,,,,,,,,,,,,,,,,,,,
0,0,BAU,E5WWIWW_BEER,,,,2034,0.0,,,,,,,,,,,,,,,,,,,,
0,0,BAU,E5WWIWW_BEER,,,,2035,0.0,,,,,,,,,,,,,,,,,,,,
0,0,BAU,E5WWIWW_BEER,,,,2036,0.0,,,,,,,,,,,,,,,,,,,,
0,0,BAU,E5WWIWW_BEER,,,,2037,0.0,,,,,,,,,,,,,,,,,,,,
0,0,BAU,E5WWIWW_BEER,,,,2038,0.0,,,,,,,,,,,,,,,,,,,,
0,0,BAU,E5WWIWW_BEER,,,,2039,0.0,,,,,,,,,,,,,,,,,,,,
0,0,BAU,E5WWIWW_BEER,,,,2040,0.0,,,,,,,,,,,,,,,,,,,,
0,0,BAU,E5WWIWW_BEER,,,,2041,0.0,,,,,,,,,,,,,,,,,,,,
0,0,BAU,E5WWIWW_BEER,,,,2042,0.0,,,,,,,,,,,,,,,,,,,,
0,0,BAU,E5WWIWW_BEER,,,,2043,0.0,,,,,,,,,,,,,,,,,,,,
0,0,BAU,E5WWIWW_BEER,,,,2044,0.0,,,,,,,,,,,,,,,,,,,,
0,0,BAU,E5WWIWW_BEER,,,,2045,0.0,,,,,,,,,,,,,,,,,,,,
0,0,BAU,E5WWIWW_BEER,,,,2046,0.0,,,,,,,,,,,,,,,,,,,,
0,0,BAU,E5WWIWW_BEER,,,,2047,0.0,,,,,,,,,,,,,,,,,,,,
0,0,BAU,E5WWIWW_BEER,,,,2048,0.0,,,,,,,,,,,,,,,,,,,,
0,0,BAU,E5WWIWW_BEER,,,,2049,0.0,,,,,,,,,,,,,,,,,,,,
0,0,BAU,E5WWIWW_BEER,,,,2050,0.0,,,,,,,,,,,,,,,,,,,,
0,0,BAU,E5WWIWW_MILK,,,,2018,0.0,,,,,,,,,,,,,,,,,,,,
0,0,BAU,E5WWIWW_MILK,,,,2019,0.0,,,,,,,,,,,,,,,,,,,,
0,0,BAU,E5WWIWW_MILK,,,,2020,0.0,,,,,,,,,,,,,,,,,,,,
0,0,BAU,E5WWIWW_MILK,,,,2021,0.0,,,,,,,,,,,,,,,,,,,,
0,0,BAU,E5WWIWW_MILK,,,,2022,0.0,,,,,,,,,,,,,,,,,,,,
0,0,BAU,E5WWIWW_MILK,,,,2023,0.0,,,,,,,,,,,,,,,,,,,,
0,0,BAU,E5WWIWW_MILK,,,,2024,0.0,,,,,,,,,,,,,,,,,,,,
0,0,BAU,E5WWIWW_MILK,,,,2025,0.0,,,,,,,,,,,,,,,,,,,,
0,0,BAU,E5WWIWW_MILK,,,,2026,0.0,,,,,,,,,,,,,,,,,,,,
0,0,BAU,E5WWIWW_MILK,,,,2027,0.0,,,,,,,,,,,,,,,,,,,,
0,0,BAU,E5WWIWW_MILK,,,,2028,0.0,,,,,,,,,,,,,,,,,,,,
0,0,BAU,E5WWIWW_MILK,,,,2029,0.0,,,,,,,,,,,,,,,,,,,,
0,0,BAU,E5WWIWW_MILK,,,,2030,0.0,,,,,,,,,,,,,,,,,,,,
0,0,BAU,E5WWIWW_MILK,,,,2031,0.0,,,,,,,,,,,,,,,,,,,,
0,0,BAU,E5WWIWW_MILK,,,,2032,0.0,,,,,,,,,,,,,,,,,,,,
0,0,BAU,E5WWIWW_MILK,,,,2033,0.0,,,,,,,,,,,,,,,,,,,,
0,0,BAU,E5WWIWW_MILK,,,,2034,0.0,,,,,,,,,,,,,,,,,,,,
0,0,BAU,E5WWIWW_MILK,,,,2035,0.0,,,,,,,,,,,,,,,,,,,,
0,0,BAU,E5WWIWW_MILK,,,,2036,0.0,,,,,,,,,,,,,,,,,,,,
0,0,BAU,E5WWIWW_MILK,,,,2037,0.0,,,,,,,,,,,,,,,,,,,,
0,0,BAU,E5WWIWW_MILK,,,,2038,0.0,,,,,,,,,,,,,,,,,,,,
0,0,BAU,E5WWIWW_MILK,,,,2039,0.0,,,,,,,,,,,,,,,,,,,,
0,0,BAU,E5WWIWW_MILK,,,,2040,0.0,,,,,,,,,,,,,,,,,,,,
0,0,BAU,E5WWIWW_MILK,,,,2041,0.0,,,,,,,,,,,,,,,,,,,,
0,0,BAU,E5WWIWW_MILK,,,,2042,0.0,,,,,,,,,,,,,,,,,,,,
0,0,BAU,E5WWIWW_MILK,,,,2043,0.0,,,,,,,,,,,,,,,,,,,,
0,0,BAU,E5WWIWW_MILK,,,,2044,0.0,,,,,,,,,,,,,,,,,,,,
0,0,BAU,E5WWIWW_MILK,,,,2045,0.0,,,,,,,,,,,,,,,,,,,,
0,0,BAU,E5WWIWW_MILK,,,,2046,0.0,,,,,,,,,,,,,,,,,,,,
0,0,BAU,E5WWIWW_MILK,,,,2047,0.0,,,,,,,,,,,,,,,,,,,,
0,0,BAU,E5WWIWW_MILK,,,,2048,0.0,,,,,,,,,,,,,,,,,,,,
0,0,BAU,E5WWIWW_MILK,,,,2049,0.0,,,,,,,,,,,,,,,,,,,,
0,0,BAU,E5WWIWW_MILK,,,,2050,0.0,,,,,,,,,,,,,,,,,,,,
0,0,BAU,,INORG_RCY_OS,,,,,,1,,,,,,,,,,,,,,,,,,
0,0,BAU,,AD,,,,,,1,,,,,,,,,,,,,,,,,,
0,0,BAU,,COMPOST,,,,,,1,,,,,,,,,,,,,,,,,,
0,0,BAU,,LANDFILL,,,,,,1,,,,,,,,,,,,,,,,,,
0,0,BAU,,NO_CONTR_OD,,,,,,1,,,,,,,,,,,,,,,,,,
0,0,BAU,,COPROC,,,,,,1,,,,,,,,,,,,,,,,,,
0,0,BAU,,INCIN,,,,,,1,,,,,,,,,,,,,,,,,,
0,0,BAU,,GAS_MSW,,,,,,1,,,,,,,,,,,,,,,,,,
0,0,BAU,,HTC,,,,,,1,,,,,,,,,,,,,,,,,,
0,0,BAU,,OPEN_BURN,,,,,,1,,,,,,,,,,,,,,,,,,
0,0,BAU,,SIT_CLAN,,,,,,1,,,,,,,,,,,,,,,,,,
0,0,BAU,,LANDFILL_ELEC,,,,,,1,,,,,,,,,,,,,,,,,,
0,0,BAU,,IND_SW,,,,,,1,,,,,,,,,,,,,,,,,,
0,0,BAU,,CO2_CH4_BURN,,,,,,1,,,,,,,,,,,,,,,,,,
0,0,BAU,,PTAR_OLD,,,,,,60,,,,,,,,,,,,,,,,,,
0,0,BAU,,PTAR_NEW,,,,,,60,,,,,,,,,,,,,,,,,,
0,0,BAU,,SEWER_NO_T,,,,,,1,,,,,,,,,,,,,,,,,,
0,0,BAU,,SEPT_SYST,,,,,,20,,,,,,,,,,,,,,,,,,
0,0,BAU,,LATR,,,,,,20,,,,,,,,,,,,,,,,,,
0,0,BAU,,IWW_MEAT,,,,,,1,,,,,,,,,,,,,,,,,,
0,0,BAU,,IWW_SUGAR,,,,,,1,,,,,,,,,,,,,,,,,,
0,0,BAU,,IWW_ALCOHOL,,,,,,1,,,,,,,,,,,,,,,,,,
0,0,BAU,,IWW_BEER,,,,,,1,,,,,,,,,,,,,,,,,,
0,0,BAU,,IWW_MILK,,,,,,1,,,,,,,,,,,,,,,,,,
0,0,BAU,,OSS_INORG,,,,,,1,,,,,,,,,,,,,,,,,,
0,0,BAU,,OSS_ORG,,,,,,1,,,,,,,,,,,,,,,,,,
0,0,BAU,,NO_OSS_BLEND,,,,,,1,,,,,,,,,,,,,,,,,,
0,0,BAU,,NO_OSS_NO_COLL,,,,,,1,,,,,,,,,,,,,,,,,,
0,0,BAU,,INORG_DCOLL,,,,,,1,,,,,,,,,,,,,,,,,,
0,0,BAU,,ORG_DCOLL,,,,,,1,,,,,,,,,,,,,,,,,,
0,0,BAU,,BLEND_NO_DCOLL,,,,,,1,,,,,,,,,,,,,,,,,,
0,0,BAU,,BLEND_NO_COLL,,,,,,1,,,,,,,,,,,,,,,,,,
0,0,BAU,,INORG_SS,,,,,,1,,,,,,,,,,,,,,,,,,
0,0,BAU,,ORG_SS,,,,,,1,,,,,,,,,,,,,,,,,,
0,0,BAU,,NO_SS,,,,,,1,,,,,,,,,,,,,,,,,,
0,0,BAU,,SEWERWW,,,,,,60,,,,,,,,,,,,,,,,,,
0,0,BAU,,DIRECT_DISC,,,,,,1,,,,,,,,,,,,,,,,,,
0,0,BAU,,T5TSWTSW,,,,,,1,,,,,,,,,,,,,,,,,,
0,0,BAU,,T5LANDFILL_ELECTSW,,,,,,1,,,,,,,,,,,,,,,,,,
0,0,BAU,,T5IND_SWTSW,,,,,,1,,,,,,,,,,,,,,,,,,
0,0,BAU,,T5CO2_CH4_BURNTSW,,,,,,1,,,,,,,,,,,,,,,,,,
0,0,BAU,,T5TWWWW,,,,,,1,,,,,,,,,,,,,,,,,,
0,0,BAU,,T5IWW_MEATWW,,,,,,1,,,,,,,,,,,,,,,,,,
0,0,BAU,,T5IWW_SUGARWW,,,,,,1,,,,,,,,,,,,,,,,,,
0,0,BAU,,T5IWW_ALCOHOLWW,,,,,,1,,,,,,,,,,,,,,,,,,
0,0,BAU,,T5IWW_BEERWW,,,,,,1,,,,,,,,,,,,,,,,,,
0,0,BAU,,T5IWW_MILKWW,,,,,,1,,,,,,,,,,,,,,,,,,
0,0,BAU,OSS_INORG,OSS_INORG,,,2018,,,,,1.0,,,,,,,,,,,,,,,,
0,0,BAU,OSS_INORG,OSS_INORG,,,2019,,,,,1.0,,,,,,,,,,,,,,,,
0,0,BAU,OSS_INORG,OSS_INORG,,,2020,,,,,1.0,,,,,,,,,,,,,,,,
0,0,BAU,OSS_INORG,OSS_INORG,,,2021,,,,,1.0,,,,,,,,,,,,,,,,
0,0,BAU,OSS_INORG,OSS_INORG,,,2022,,,,,1.0,,,,,,,,,,,,,,,,
0,0,BAU,OSS_INORG,OSS_INORG,,,2023,,,,,1.0,,,,,,,,,,,,,,,,
0,0,BAU,OSS_INORG,OSS_INORG,,,2024,,,,,1.0,,,,,,,,,,,,,,,,
0,0,BAU,OSS_INORG,OSS_INORG,,,2025,,,,,1.0,,,,,,,,,,,,,,,,
0,0,BAU,OSS_INORG,OSS_INORG,,,2026,,,,,1.0,,,,,,,,,,,,,,,,
0,0,BAU,OSS_INORG,OSS_INORG,,,2027,,,,,1.0,,,,,,,,,,,,,,,,
0,0,BAU,OSS_INORG,OSS_INORG,,,2028,,,,,1.0,,,,,,,,,,,,,,,,
0,0,BAU,OSS_INORG,OSS_INORG,,,2029,,,,,1.0,,,,,,,,,,,,,,,,
0,0,BAU,OSS_INORG,OSS_INORG,,,2030,,,,,1.0,,,,,,,,,,,,,,,,
0,0,BAU,OSS_INORG,OSS_INORG,,,2031,,,,,1.0,,,,,,,,,,,,,,,,
0,0,BAU,OSS_INORG,OSS_INORG,,,2032,,,,,1.0,,,,,,,,,,,,,,,,
0,0,BAU,OSS_INORG,OSS_INORG,,,2033,,,,,1.0,,,,,,,,,,,,,,,,
0,0,BAU,OSS_INORG,OSS_INORG,,,2034,,,,,1.0,,,,,,,,,,,,,,,,
0,0,BAU,OSS_INORG,OSS_INORG,,,2035,,,,,1.0,,,,,,,,,,,,,,,,
0,0,BAU,OSS_INORG,OSS_INORG,,,2036,,,,,1.0,,,,,,,,,,,,,,,,
0,0,BAU,OSS_INORG,OSS_INORG,,,2037,,,,,1.0,,,,,,,,,,,,,,,,
0,0,BAU,OSS_INORG,OSS_INORG,,,2038,,,,,1.0,,,,,,,,,,,,,,,,
0,0,BAU,OSS_INORG,OSS_INORG,,,2039,,,,,1.0,,,,,,,,,,,,,,,,
0,0,BAU,OSS_INORG,OSS_INORG,,,2040,,,,,1.0,,,,,,,,,,,,,,,,
0,0,BAU,OSS_INORG,OSS_INORG,,,2041,,,,,1.0,,,,,,,,,,,,,,,,
0,0,BAU,OSS_INORG,OSS_INORG,,,2042,,,,,1.0,,,,,,,,,,,,,,,,
0,0,BAU,OSS_INORG,OSS_INORG,,,2043,,,,,1.0,,,,,,,,,,,,,,,,
0,0,BAU,OSS_INORG,OSS_INORG,,,2044,,,,,1.0,,,,,,,,,,,,,,,,
0,0,BAU,OSS_INORG,OSS_INORG,,,2045,,,,,1.0,,,,,,,,,,,,,,,,
0,0,BAU,OSS_INORG,OSS_INORG,,,2046,,,,,1.0,,,,,,,,,,,,,,,,
0,0,BAU,OSS_INORG,OSS_INORG,,,2047,,,,,1.0,,,,,,,,,,,,,,,,
0,0,BAU,OSS_INORG,OSS_INORG,,,2048,,,,,1.0,,,,,,,,,,,,,,,,
0,0,BAU,OSS_INORG,OSS_INORG,,,2049,,,,,1.0,,,,,,,,,,,,,,,,
0,0,BAU,OSS_INORG,OSS_INORG,,,2050,,,,,1.0,,,,,,,,,,,,,,,,
0,0,BAU,OSS_ORG,OSS_ORG,,,2018,,,,,1.0,,,,,,,,,,,,,,,,
0,0,BAU,OSS_ORG,OSS_ORG,,,2019,,,,,1.0,,,,,,,,,,,,,,,,
0,0,BAU,OSS_ORG,OSS_ORG,,,2020,,,,,1.0,,,,,,,,,,,,,,,,
0,0,BAU,OSS_ORG,OSS_ORG,,,2021,,,,,1.0,,,,,,,,,,,,,,,,
0,0,BAU,OSS_ORG,OSS_ORG,,,2022,,,,,1.0,,,,,,,,,,,,,,,,
0,0,BAU,OSS_ORG,OSS_ORG,,,2023,,,,,1.0,,,,,,,,,,,,,,,,
0,0,BAU,OSS_ORG,OSS_ORG,,,2024,,,,,1.0,,,,,,,,,,,,,,,,
0,0,BAU,OSS_ORG,OSS_ORG,,,2025,,,,,1.0,,,,,,,,,,,,,,,,
0,0,BAU,OSS_ORG,OSS_ORG,,,2026,,,,,1.0,,,,,,,,,,,,,,,,
0,0,BAU,OSS_ORG,OSS_ORG,,,2027,,,,,1.0,,,,,,,,,,,,,,,,
0,0,BAU,OSS_ORG,OSS_ORG,,,2028,,,,,1.0,,,,,,,,,,,,,,,,
0,0,BAU,OSS_ORG,OSS_ORG,,,2029,,,,,1.0,,,,,,,,,,,,,,,,
0,0,BAU,OSS_ORG,OSS_ORG,,,2030,,,,,1.0,,,,,,,,,,,,,,,,
0,0,BAU,OSS_ORG,OSS_ORG,,,2031,,,,,1.0,,,,,,,,,,,,,,,,
0,0,BAU,OSS_ORG,OSS_ORG,,,2032,,,,,1.0,,,,,,,,,,,,,,,,
0,0,BAU,OSS_ORG,OSS_ORG,,,2033,,,,,1.0,,,,,,,,,,,,,,,,
0,0,BAU,OSS_ORG,OSS_ORG,,,2034,,,,,1.0,,,,,,,,,,,,,,,,
0,0,BAU,OSS_ORG,OSS_ORG,,,2035,,,,,1.0,,,,,,,,,,,,,,,,
0,0,BAU,OSS_ORG,OSS_ORG,,,2036,,,,,1.0,,,,,,,,,,,,,,,,
0,0,BAU,OSS_ORG,OSS_ORG,,,2037,,,,,1.0,,,,,,,,,,,,,,,,
0,0,BAU,OSS_ORG,OSS_ORG,,,2038,,,,,1.0,,,,,,,,,,,,,,,,
0,0,BAU,OSS_ORG,OSS_ORG,,,2039,,,,,1.0,,,,,,,,,,,,,,,,
0,0,BAU,OSS_ORG,OSS_ORG,,,2040,,,,,1.0,,,,,,,,,,,,,,,,
0,0,BAU,OSS_ORG,OSS_ORG,,,2041,,,,,1.0,,,,,,,,,,,,,,,,
0,0,BAU,OSS_ORG,OSS_ORG,,,2042,,,,,1.0,,,,,,,,,,,,,,,,
0,0,BAU,OSS_ORG,OSS_ORG,,,2043,,,,,1.0,,,,,,,,,,,,,,,,
0,0,BAU,OSS_ORG,OSS_ORG,,,2044,,,,,1.0,,,,,,,,,,,,,,,,
0,0,BAU,OSS_ORG,OSS_ORG,,,2045,,,,,1.0,,,,,,,,,,,,,,,,
0,0,BAU,OSS_ORG,OSS_ORG,,,2046,,,,,1.0,,,,,,,,,,,,,,,,
0,0,BAU,OSS_ORG,OSS_ORG,,,2047,,,,,1.0,,,,,,,,,,,,,,,,
0,0,BAU,OSS_ORG,OSS_ORG,,,2048,,,,,1.0,,,,,,,,,,,,,,,,
0,0,BAU,OSS_ORG,OSS_ORG,,,2049,,,,,1.0,,,,,,,,,,,,,,,,
0,0,BAU,OSS_ORG,OSS_ORG,,,2050,,,,,1.0,,,,,,,,,,,,,,,,
0,0,BAU,NO_OSS,NO_OSS_BLEND,,,2018,,,,,1.0,,,,,,,,,,,,,,,,
0,0,BAU,NO_OSS,NO_OSS_BLEND,,,2019,,,,,1.0,,,,,,,,,,,,,,,,
0,0,BAU,NO_OSS,NO_OSS_BLEND,,,2020,,,,,1.0,,,,,,,,,,,,,,,,
0,0,BAU,NO_OSS,NO_OSS_BLEND,,,2021,,,,,1.0,,,,,,,,,,,,,,,,
0,0,BAU,NO_OSS,NO_OSS_BLEND,,,2022,,,,,1.0,,,,,,,,,,,,,,,,
0,0,BAU,NO_OSS,NO_OSS_BLEND,,,2023,,,,,1.0,,,,,,,,,,,,,,,,
0,0,BAU,NO_OSS,NO_OSS_BLEND,,,2024,,,,,1.0,,,,,,,,,,,,,,,,
0,0,BAU,NO_OSS,NO_OSS_BLEND,,,2025,,,,,1.0,,,,,,,,,,,,,,,,
0,0,BAU,NO_OSS,NO_OSS_BLEND,,,2026,,,,,1.0,,,,,,,,,,,,,,,,
0,0,BAU,NO_OSS,NO_OSS_BLEND,,,2027,,,,,1.0,,,,,,,,,,,,,,,,
0,0,BAU,NO_OSS,NO_OSS_BLEND,,,2028,,,,,1.0,,,,,,,,,,,,,,,,
0,0,BAU,NO_OSS,NO_OSS_BLEND,,,2029,,,,,1.0,,,,,,,,,,,,,,,,
0,0,BAU,NO_OSS,NO_OSS_BLEND,,,2030,,,,,1.0,,,,,,,,,,,,,,,,
0,0,BAU,NO_OSS,NO_OSS_BLEND,,,2031,,,,,1.0,,,,,,,,,,,,,,,,
0,0,BAU,NO_OSS,NO_OSS_BLEND,,,2032,,,,,1.0,,,,,,,,,,,,,,,,
0,0,BAU,NO_OSS,NO_OSS_BLEND,,,2033,,,,,1.0,,,,,,,,,,,,,,,,
0,0,BAU,NO_OSS,NO_OSS_BLEND,,,2034,,,,,1.0,,,,,,,,,,,,,,,,
0,0,BAU,NO_OSS,NO_OSS_BLEND,,,2035,,,,,1.0,,,,,,,,,,,,,,,,
0,0,BAU,NO_OSS,NO_OSS_BLEND,,,2036,,,,,1.0,,,,,,,,,,,,,,,,
0,0,BAU,NO_OSS,NO_OSS_BLEND,,,2037,,,,,1.0,,,,,,,,,,,,,,,,
0,0,BAU,NO_OSS,NO_OSS_BLEND,,,2038,,,,,1.0,,,,,,,,,,,,,,,,
0,0,BAU,NO_OSS,NO_OSS_BLEND,,,2039,,,,,1.0,,,,,,,,,,,,,,,,
0,0,BAU,NO_OSS,NO_OSS_BLEND,,,2040,,,,,1.0,,,,,,,,,,,,,,,,
0,0,BAU,NO_OSS,NO_OSS_BLEND,,,2041,,,,,1.0,,,,,,,,,,,,,,,,
0,0,BAU,NO_OSS,NO_OSS_BLEND,,,2042,,,,,1.0,,,,,,,,,,,,,,,,
0,0,BAU,NO_OSS,NO_OSS_BLEND,,,2043,,,,,1.0,,,,,,,,,,,,,,,,
0,0,BAU,NO_OSS,NO_OSS_BLEND,,,2044,,,,,1.0,,,,,,,,,,,,,,,,
0,0,BAU,NO_OSS,NO_OSS_BLEND,,,2045,,,,,1.0,,,,,,,,,,,,,,,,
0,0,BAU,NO_OSS,NO_OSS_BLEND,,,2046,,,,,1.0,,,,,,,,,,,,,,,,
0,0,BAU,NO_OSS,NO_OSS_BLEND,,,2047,,,,,1.0,,,,,,,,,,,,,,,,
0,0,BAU,NO_OSS,NO_OSS_BLEND,,,2048,,,,,1.0,,,,,,,,,,,,,,,,
0,0,BAU,NO_OSS,NO_OSS_BLEND,,,2049,,,,,1.0,,,,,,,,,,,,,,,,
0,0,BAU,NO_OSS,NO_OSS_BLEND,,,2050,,,,,1.0,,,,,,,,,,,,,,,,
0,0,BAU,NO_COLL_SDF,NO_OSS_NO_COLL,,,2018,,,,,1.0,,,,,,,,,,,,,,,,
0,0,BAU,NO_COLL_SDF,NO_OSS_NO_COLL,,,2019,,,,,1.0,,,,,,,,,,,,,,,,
0,0,BAU,NO_COLL_SDF,NO_OSS_NO_COLL,,,2020,,,,,1.0,,,,,,,,,,,,,,,,
0,0,BAU,NO_COLL_SDF,NO_OSS_NO_COLL,,,2021,,,,,1.0,,,,,,,,,,,,,,,,
0,0,BAU,NO_COLL_SDF,NO_OSS_NO_COLL,,,2022,,,,,1.0,,,,,,,,,,,,,,,,
0,0,BAU,NO_COLL_SDF,NO_OSS_NO_COLL,,,2023,,,,,1.0,,,,,,,,,,,,,,,,
0,0,BAU,NO_COLL_SDF,NO_OSS_NO_COLL,,,2024,,,,,1.0,,,,,,,,,,,,,,,,
0,0,BAU,NO_COLL_SDF,NO_OSS_NO_COLL,,,2025,,,,,1.0,,,,,,,,,,,,,,,,
0,0,BAU,NO_COLL_SDF,NO_OSS_NO_COLL,,,2026,,,,,1.0,,,,,,,,,,,,,,,,
0,0,BAU,NO_COLL_SDF,NO_OSS_NO_COLL,,,2027,,,,,1.0,,,,,,,,,,,,,,,,
0,0,BAU,NO_COLL_SDF,NO_OSS_NO_COLL,,,2028,,,,,1.0,,,,,,,,,,,,,,,,
0,0,BAU,NO_COLL_SDF,NO_OSS_NO_COLL,,,2029,,,,,1.0,,,,,,,,,,,,,,,,
0,0,BAU,NO_COLL_SDF,NO_OSS_NO_COLL,,,2030,,,,,1.0,,,,,,,,,,,,,,,,
0,0,BAU,NO_COLL_SDF,NO_OSS_NO_COLL,,,2031,,,,,1.0,,,,,,,,,,,,,,,,
0,0,BAU,NO_COLL_SDF,NO_OSS_NO_COLL,,,2032,,,,,1.0,,,,,,,,,,,,,,,,
0,0,BAU,NO_COLL_SDF,NO_OSS_NO_COLL,,,2033,,,,,1.0,,,,,,,,,,,,,,,,
0,0,BAU,NO_COLL_SDF,NO_OSS_NO_COLL,,,2034,,,,,1.0,,,,,,,,,,,,,,,,
0,0,BAU,NO_COLL_SDF,NO_OSS_NO_COLL,,,2035,,,,,1.0,,,,,,,,,,,,,,,,
0,0,BAU,NO_COLL_SDF,NO_OSS_NO_COLL,,,2036,,,,,1.0,,,,,,,,,,,,,,,,
0,0,BAU,NO_COLL_SDF,NO_OSS_NO_COLL,,,2037,,,,,1.0,,,,,,,,,,,,,,,,
0,0,BAU,NO_COLL_SDF,NO_OSS_NO_COLL,,,2038,,,,,1.0,,,,,,,,,,,,,,,,
0,0,BAU,NO_COLL_SDF,NO_OSS_NO_COLL,,,2039,,,,,1.0,,,,,,,,,,,,,,,,
0,0,BAU,NO_COLL_SDF,NO_OSS_NO_COLL,,,2040,,,,,1.0,,,,,,,,,,,,,,,,
0,0,BAU,NO_COLL_SDF,NO_OSS_NO_COLL,,,2041,,,,,1.0,,,,,,,,,,,,,,,,
0,0,BAU,NO_COLL_SDF,NO_OSS_NO_COLL,,,2042,,,,,1.0,,,,,,,,,,,,,,,,
0,0,BAU,NO_COLL_SDF,NO_OSS_NO_COLL,,,2043,,,,,1.0,,,,,,,,,,,,,,,,
0,0,BAU,NO_COLL_SDF,NO_OSS_NO_COLL,,,2044,,,,,1.0,,,,,,,,,,,,,,,,
0,0,BAU,NO_COLL_SDF,NO_OSS_NO_COLL,,,2045,,,,,1.0,,,,,,,,,,,,,,,,
0,0,BAU,NO_COLL_SDF,NO_OSS_NO_COLL,,,2046,,,,,1.0,,,,,,,,,,,,,,,,
0,0,BAU,NO_COLL_SDF,NO_OSS_NO_COLL,,,2047,,,,,1.0,,,,,,,,,,,,,,,,
0,0,BAU,NO_COLL_SDF,NO_OSS_NO_COLL,,,2048,,,,,1.0,,,,,,,,,,,,,,,,
0,0,BAU,NO_COLL_SDF,NO_OSS_NO_COLL,,,2049,,,,,1.0,,,,,,,,,,,,,,,,
0,0,BAU,NO_COLL_SDF,NO_OSS_NO_COLL,,,2050,,,,,1.0,,,,,,,,,,,,,,,,
0,0,BAU,COLL_INORG,INORG_DCOLL,,,2018,,,,,1.0,,,,,,,,,,,,,,,,
0,0,BAU,COLL_INORG,INORG_DCOLL,,,2019,,,,,1.0,,,,,,,,,,,,,,,,
0,0,BAU,COLL_INORG,INORG_DCOLL,,,2020,,,,,1.0,,,,,,,,,,,,,,,,
0,0,BAU,COLL_INORG,INORG_DCOLL,,,2021,,,,,1.0,,,,,,,,,,,,,,,,
0,0,BAU,COLL_INORG,INORG_DCOLL,,,2022,,,,,1.0,,,,,,,,,,,,,,,,
0,0,BAU,COLL_INORG,INORG_DCOLL,,,2023,,,,,1.0,,,,,,,,,,,,,,,,
0,0,BAU,COLL_INORG,INORG_DCOLL,,,2024,,,,,1.0,,,,,,,,,,,,,,,,
0,0,BAU,COLL_INORG,INORG_DCOLL,,,2025,,,,,1.0,,,,,,,,,,,,,,,,
0,0,BAU,COLL_INORG,INORG_DCOLL,,,2026,,,,,1.0,,,,,,,,,,,,,,,,
0,0,BAU,COLL_INORG,INORG_DCOLL,,,2027,,,,,1.0,,,,,,,,,,,,,,,,
0,0,BAU,COLL_INORG,INORG_DCOLL,,,2028,,,,,1.0,,,,,,,,,,,,,,,,
0,0,BAU,COLL_INORG,INORG_DCOLL,,,2029,,,,,1.0,,,,,,,,,,,,,,,,
0,0,BAU,COLL_INORG,INORG_DCOLL,,,2030,,,,,1.0,,,,,,,,,,,,,,,,
0,0,BAU,COLL_INORG,INORG_DCOLL,,,2031,,,,,1.0,,,,,,,,,,,,,,,,
0,0,BAU,COLL_INORG,INORG_DCOLL,,,2032,,,,,1.0,,,,,,,,,,,,,,,,
0,0,BAU,COLL_INORG,INORG_DCOLL,,,2033,,,,,1.0,,,,,,,,,,,,,,,,
0,0,BAU,COLL_INORG,INORG_DCOLL,,,2034,,,,,1.0,,,,,,,,,,,,,,,,
0,0,BAU,COLL_INORG,INORG_DCOLL,,,2035,,,,,1.0,,,,,,,,,,,,,,,,
0,0,BAU,COLL_INORG,INORG_DCOLL,,,2036,,,,,1.0,,,,,,,,,,,,,,,,
0,0,BAU,COLL_INORG,INORG_DCOLL,,,2037,,,,,1.0,,,,,,,,,,,,,,,,
0,0,BAU,COLL_INORG,INORG_DCOLL,,,2038,,,,,1.0,,,,,,,,,,,,,,,,
0,0,BAU,COLL_INORG,INORG_DCOLL,,,2039,,,,,1.0,,,,,,,,,,,,,,,,
0,0,BAU,COLL_INORG,INORG_DCOLL,,,2040,,,,,1.0,,,,,,,,,,,,,,,,
0,0,BAU,COLL_INORG,INORG_DCOLL,,,2041,,,,,1.0,,,,,,,,,,,,,,,,
0,0,BAU,COLL_INORG,INORG_DCOLL,,,2042,,,,,1.0,,,,,,,,,,,,,,,,
0,0,BAU,COLL_INORG,INORG_DCOLL,,,2043,,,,,1.0,,,,,,,,,,,,,,,,
0,0,BAU,COLL_INORG,INORG_DCOLL,,,2044,,,,,1.0,,,,,,,,,,,,,,,,
0,0,BAU,COLL_INORG,INORG_DCOLL,,,2045,,,,,1.0,,,,,,,,,,,,,,,,
0,0,BAU,COLL_INORG,INORG_DCOLL,,,2046,,,,,1.0,,,,,,,,,,,,,,,,
0,0,BAU,COLL_INORG,INORG_DCOLL,,,2047,,,,,1.0,,,,,,,,,,,,,,,,
0,0,BAU,COLL_INORG,INORG_DCOLL,,,2048,,,,,1.0,,,,,,,,,,,,,,,,
0,0,BAU,COLL_INORG,INORG_DCOLL,,,2049,,,,,1.0,,,,,,,,,,,,,,,,
0,0,BAU,COLL_INORG,INORG_DCOLL,,,2050,,,,,1.0,,,,,,,,,,,,,,,,
0,0,BAU,COLL_ORG,ORG_DCOLL,,,2018,,,,,1.0,,,,,,,,,,,,,,,,
0,0,BAU,COLL_ORG,ORG_DCOLL,,,2019,,,,,1.0,,,,,,,,,,,,,,,,
0,0,BAU,COLL_ORG,ORG_DCOLL,,,2020,,,,,1.0,,,,,,,,,,,,,,,,
0,0,BAU,COLL_ORG,ORG_DCOLL,,,2021,,,,,1.0,,,,,,,,,,,,,,,,
0,0,BAU,COLL_ORG,ORG_DCOLL,,,2022,,,,,1.0,,,,,,,,,,,,,,,,
0,0,BAU,COLL_ORG,ORG_DCOLL,,,2023,,,,,1.0,,,,,,,,,,,,,,,,
0,0,BAU,COLL_ORG,ORG_DCOLL,,,2024,,,,,1.0,,,,,,,,,,,,,,,,
0,0,BAU,COLL_ORG,ORG_DCOLL,,,2025,,,,,1.0,,,,,,,,,,,,,,,,
0,0,BAU,COLL_ORG,ORG_DCOLL,,,2026,,,,,1.0,,,,,,,,,,,,,,,,
0,0,BAU,COLL_ORG,ORG_DCOLL,,,2027,,,,,1.0,,,,,,,,,,,,,,,,
0,0,BAU,COLL_ORG,ORG_DCOLL,,,2028,,,,,1.0,,,,,,,,,,,,,,,,
0,0,BAU,COLL_ORG,ORG_DCOLL,,,2029,,,,,1.0,,,,,,,,,,,,,,,,
0,0,BAU,COLL_ORG,ORG_DCOLL,,,2030,,,,,1.0,,,,,,,,,,,,,,,,
0,0,BAU,COLL_ORG,ORG_DCOLL,,,2031,,,,,1.0,,,,,,,,,,,,,,,,
0,0,BAU,COLL_ORG,ORG_DCOLL,,,2032,,,,,1.0,,,,,,,,,,,,,,,,
0,0,BAU,COLL_ORG,ORG_DCOLL,,,2033,,,,,1.0,,,,,,,,,,,,,,,,
0,0,BAU,COLL_ORG,ORG_DCOLL,,,2034,,,,,1.0,,,,,,,,,,,,,,,,
0,0,BAU,COLL_ORG,ORG_DCOLL,,,2035,,,,,1.0,,,,,,,,,,,,,,,,
0,0,BAU,COLL_ORG,ORG_DCOLL,,,2036,,,,,1.0,,,,,,,,,,,,,,,,
0,0,BAU,COLL_ORG,ORG_DCOLL,,,2037,,,,,1.0,,,,,,,,,,,,,,,,
0,0,BAU,COLL_ORG,ORG_DCOLL,,,2038,,,,,1.0,,,,,,,,,,,,,,,,
0,0,BAU,COLL_ORG,ORG_DCOLL,,,2039,,,,,1.0,,,,,,,,,,,,,,,,
0,0,BAU,COLL_ORG,ORG_DCOLL,,,2040,,,,,1.0,,,,,,,,,,,,,,,,
0,0,BAU,COLL_ORG,ORG_DCOLL,,,2041,,,,,1.0,,,,,,,,,,,,,,,,
0,0,BAU,COLL_ORG,ORG_DCOLL,,,2042,,,,,1.0,,,,,,,,,,,,,,,,
0,0,BAU,COLL_ORG,ORG_DCOLL,,,2043,,,,,1.0,,,,,,,,,,,,,,,,
0,0,BAU,COLL_ORG,ORG_DCOLL,,,2044,,,,,1.0,,,,,,,,,,,,,,,,
0,0,BAU,COLL_ORG,ORG_DCOLL,,,2045,,,,,1.0,,,,,,,,,,,,,,,,
0,0,BAU,COLL_ORG,ORG_DCOLL,,,2046,,,,,1.0,,,,,,,,,,,,,,,,
0,0,BAU,COLL_ORG,ORG_DCOLL,,,2047,,,,,1.0,,,,,,,,,,,,,,,,
0,0,BAU,COLL_ORG,ORG_DCOLL,,,2048,,,,,1.0,,,,,,,,,,,,,,,,
0,0,BAU,COLL_ORG,ORG_DCOLL,,,2049,,,,,1.0,,,,,,,,,,,,,,,,
0,0,BAU,COLL_ORG,ORG_DCOLL,,,2050,,,,,1.0,,,,,,,,,,,,,,,,
0,0,BAU,COLL_BLEND,BLEND_NO_DCOLL,,,2018,,,,,1.0,,,,,,,,,,,,,,,,
0,0,BAU,COLL_BLEND,BLEND_NO_DCOLL,,,2019,,,,,1.0,,,,,,,,,,,,,,,,
0,0,BAU,COLL_BLEND,BLEND_NO_DCOLL,,,2020,,,,,1.0,,,,,,,,,,,,,,,,
0,0,BAU,COLL_BLEND,BLEND_NO_DCOLL,,,2021,,,,,1.0,,,,,,,,,,,,,,,,
0,0,BAU,COLL_BLEND,BLEND_NO_DCOLL,,,2022,,,,,1.0,,,,,,,,,,,,,,,,
0,0,BAU,COLL_BLEND,BLEND_NO_DCOLL,,,2023,,,,,1.0,,,,,,,,,,,,,,,,
0,0,BAU,COLL_BLEND,BLEND_NO_DCOLL,,,2024,,,,,1.0,,,,,,,,,,,,,,,,
0,0,BAU,COLL_BLEND,BLEND_NO_DCOLL,,,2025,,,,,1.0,,,,,,,,,,,,,,,,
0,0,BAU,COLL_BLEND,BLEND_NO_DCOLL,,,2026,,,,,1.0,,,,,,,,,,,,,,,,
0,0,BAU,COLL_BLEND,BLEND_NO_DCOLL,,,2027,,,,,1.0,,,,,,,,,,,,,,,,
0,0,BAU,COLL_BLEND,BLEND_NO_DCOLL,,,2028,,,,,1.0,,,,,,,,,,,,,,,,
0,0,BAU,COLL_BLEND,BLEND_NO_DCOLL,,,2029,,,,,1.0,,,,,,,,,,,,,,,,
0,0,BAU,COLL_BLEND,BLEND_NO_DCOLL,,,2030,,,,,1.0,,,,,,,,,,,,,,,,
0,0,BAU,COLL_BLEND,BLEND_NO_DCOLL,,,2031,,,,,1.0,,,,,,,,,,,,,,,,
0,0,BAU,COLL_BLEND,BLEND_NO_DCOLL,,,2032,,,,,1.0,,,,,,,,,,,,,,,,
0,0,BAU,COLL_BLEND,BLEND_NO_DCOLL,,,2033,,,,,1.0,,,,,,,,,,,,,,,,
0,0,BAU,COLL_BLEND,BLEND_NO_DCOLL,,,2034,,,,,1.0,,,,,,,,,,,,,,,,
0,0,BAU,COLL_BLEND,BLEND_NO_DCOLL,,,2035,,,,,1.0,,,,,,,,,,,,,,,,
0,0,BAU,COLL_BLEND,BLEND_NO_DCOLL,,,2036,,,,,1.0,,,,,,,,,,,,,,,,
0,0,BAU,COLL_BLEND,BLEND_NO_DCOLL,,,2037,,,,,1.0,,,,,,,,,,,,,,,,
0,0,BAU,COLL_BLEND,BLEND_NO_DCOLL,,,2038,,,,,1.0,,,,,,,,,,,,,,,,
0,0,BAU,COLL_BLEND,BLEND_NO_DCOLL,,,2039,,,,,1.0,,,,,,,,,,,,,,,,
0,0,BAU,COLL_BLEND,BLEND_NO_DCOLL,,,2040,,,,,1.0,,,,,,,,,,,,,,,,
0,0,BAU,COLL_BLEND,BLEND_NO_DCOLL,,,2041,,,,,1.0,,,,,,,,,,,,,,,,
0,0,BAU,COLL_BLEND,BLEND_NO_DCOLL,,,2042,,,,,1.0,,,,,,,,,,,,,,,,
0,0,BAU,COLL_BLEND,BLEND_NO_DCOLL,,,2043,,,,,1.0,,,,,,,,,,,,,,,,
0,0,BAU,COLL_BLEND,BLEND_NO_DCOLL,,,2044,,,,,1.0,,,,,,,,,,,,,,,,
0,0,BAU,COLL_BLEND,BLEND_NO_DCOLL,,,2045,,,,,1.0,,,,,,,,,,,,,,,,
0,0,BAU,COLL_BLEND,BLEND_NO_DCOLL,,,2046,,,,,1.0,,,,,,,,,,,,,,,,
0,0,BAU,COLL_BLEND,BLEND_NO_DCOLL,,,2047,,,,,1.0,,,,,,,,,,,,,,,,
0,0,BAU,COLL_BLEND,BLEND_NO_DCOLL,,,2048,,,,,1.0,,,,,,,,,,,,,,,,
0,0,BAU,COLL_BLEND,BLEND_NO_DCOLL,,,2049,,,,,1.0,,,,,,,,,,,,,,,,
0,0,BAU,COLL_BLEND,BLEND_NO_DCOLL,,,2050,,,,,1.0,,,,,,,,,,,,,,,,
0,0,BAU,NO_COLL,BLEND_NO_COLL,,,2018,,,,,1.0,,,,,,,,,,,,,,,,
0,0,BAU,NO_COLL,BLEND_NO_COLL,,,2019,,,,,1.0,,,,,,,,,,,,,,,,
0,0,BAU,NO_COLL,BLEND_NO_COLL,,,2020,,,,,1.0,,,,,,,,,,,,,,,,
0,0,BAU,NO_COLL,BLEND_NO_COLL,,,2021,,,,,1.0,,,,,,,,,,,,,,,,
0,0,BAU,NO_COLL,BLEND_NO_COLL,,,2022,,,,,1.0,,,,,,,,,,,,,,,,
0,0,BAU,NO_COLL,BLEND_NO_COLL,,,2023,,,,,1.0,,,,,,,,,,,,,,,,
0,0,BAU,NO_COLL,BLEND_NO_COLL,,,2024,,,,,1.0,,,,,,,,,,,,,,,,
0,0,BAU,NO_COLL,BLEND_NO_COLL,,,2025,,,,,1.0,,,,,,,,,,,,,,,,
0,0,BAU,NO_COLL,BLEND_NO_COLL,,,2026,,,,,1.0,,,,,,,,,,,,,,,,
0,0,BAU,NO_COLL,BLEND_NO_COLL,,,2027,,,,,1.0,,,,,,,,,,,,,,,,
0,0,BAU,NO_COLL,BLEND_NO_COLL,,,2028,,,,,1.0,,,,,,,,,,,,,,,,
0,0,BAU,NO_COLL,BLEND_NO_COLL,,,2029,,,,,1.0,,,,,,,,,,,,,,,,
0,0,BAU,NO_COLL,BLEND_NO_COLL,,,2030,,,,,1.0,,,,,,,,,,,,,,,,
0,0,BAU,NO_COLL,BLEND_NO_COLL,,,2031,,,,,1.0,,,,,,,,,,,,,,,,
0,0,BAU,NO_COLL,BLEND_NO_COLL,,,2032,,,,,1.0,,,,,,,,,,,,,,,,
0,0,BAU,NO_COLL,BLEND_NO_COLL,,,2033,,,,,1.0,,,,,,,,,,,,,,,,
0,0,BAU,NO_COLL,BLEND_NO_COLL,,,2034,,,,,1.0,,,,,,,,,,,,,,,,
0,0,BAU,NO_COLL,BLEND_NO_COLL,,,2035,,,,,1.0,,,,,,,,,,,,,,,,
0,0,BAU,NO_COLL,BLEND_NO_COLL,,,2036,,,,,1.0,,,,,,,,,,,,,,,,
0,0,BAU,NO_COLL,BLEND_NO_COLL,,,2037,,,,,1.0,,,,,,,,,,,,,,,,
0,0,BAU,NO_COLL,BLEND_NO_COLL,,,2038,,,,,1.0,,,,,,,,,,,,,,,,
0,0,BAU,NO_COLL,BLEND_NO_COLL,,,2039,,,,,1.0,,,,,,,,,,,,,,,,
0,0,BAU,NO_COLL,BLEND_NO_COLL,,,2040,,,,,1.0,,,,,,,,,,,,,,,,
0,0,BAU,NO_COLL,BLEND_NO_COLL,,,2041,,,,,1.0,,,,,,,,,,,,,,,,
0,0,BAU,NO_COLL,BLEND_NO_COLL,,,2042,,,,,1.0,,,,,,,,,,,,,,,,
0,0,BAU,NO_COLL,BLEND_NO_COLL,,,2043,,,,,1.0,,,,,,,,,,,,,,,,
0,0,BAU,NO_COLL,BLEND_NO_COLL,,,2044,,,,,1.0,,,,,,,,,,,,,,,,
0,0,BAU,NO_COLL,BLEND_NO_COLL,,,2045,,,,,1.0,,,,,,,,,,,,,,,,
0,0,BAU,NO_COLL,BLEND_NO_COLL,,,2046,,,,,1.0,,,,,,,,,,,,,,,,
0,0,BAU,NO_COLL,BLEND_NO_COLL,,,2047,,,,,1.0,,,,,,,,,,,,,,,,
0,0,BAU,NO_COLL,BLEND_NO_COLL,,,2048,,,,,1.0,,,,,,,,,,,,,,,,
0,0,BAU,NO_COLL,BLEND_NO_COLL,,,2049,,,,,1.0,,,,,,,,,,,,,,,,
0,0,BAU,NO_COLL,BLEND_NO_COLL,,,2050,,,,,1.0,,,,,,,,,,,,,,,,
0,0,BAU,INORGSS,INORG_SS,,,2018,,,,,1.0,,,,,,,,,,,,,,,,
0,0,BAU,INORGSS,INORG_SS,,,2019,,,,,1.0,,,,,,,,,,,,,,,,
0,0,BAU,INORGSS,INORG_SS,,,2020,,,,,1.0,,,,,,,,,,,,,,,,
0,0,BAU,INORGSS,INORG_SS,,,2021,,,,,1.0,,,,,,,,,,,,,,,,
0,0,BAU,INORGSS,INORG_SS,,,2022,,,,,1.0,,,,,,,,,,,,,,,,
0,0,BAU,INORGSS,INORG_SS,,,2023,,,,,1.0,,,,,,,,,,,,,,,,
0,0,BAU,INORGSS,INORG_SS,,,2024,,,,,1.0,,,,,,,,,,,,,,,,
0,0,BAU,INORGSS,INORG_SS,,,2025,,,,,1.0,,,,,,,,,,,,,,,,
0,0,BAU,INORGSS,INORG_SS,,,2026,,,,,1.0,,,,,,,,,,,,,,,,
0,0,BAU,INORGSS,INORG_SS,,,2027,,,,,1.0,,,,,,,,,,,,,,,,
0,0,BAU,INORGSS,INORG_SS,,,2028,,,,,1.0,,,,,,,,,,,,,,,,
0,0,BAU,INORGSS,INORG_SS,,,2029,,,,,1.0,,,,,,,,,,,,,,,,
0,0,BAU,INORGSS,INORG_SS,,,2030,,,,,1.0,,,,,,,,,,,,,,,,
0,0,BAU,INORGSS,INORG_SS,,,2031,,,,,1.0,,,,,,,,,,,,,,,,
0,0,BAU,INORGSS,INORG_SS,,,2032,,,,,1.0,,,,,,,,,,,,,,,,
0,0,BAU,INORGSS,INORG_SS,,,2033,,,,,1.0,,,,,,,,,,,,,,,,
0,0,BAU,INORGSS,INORG_SS,,,2034,,,,,1.0,,,,,,,,,,,,,,,,
0,0,BAU,INORGSS,INORG_SS,,,2035,,,,,1.0,,,,,,,,,,,,,,,,
0,0,BAU,INORGSS,INORG_SS,,,2036,,,,,1.0,,,,,,,,,,,,,,,,
0,0,BAU,INORGSS,INORG_SS,,,2037,,,,,1.0,,,,,,,,,,,,,,,,
0,0,BAU,INORGSS,INORG_SS,,,2038,,,,,1.0,,,,,,,,,,,,,,,,
0,0,BAU,INORGSS,INORG_SS,,,2039,,,,,1.0,,,,,,,,,,,,,,,,
0,0,BAU,INORGSS,INORG_SS,,,2040,,,,,1.0,,,,,,,,,,,,,,,,
0,0,BAU,INORGSS,INORG_SS,,,2041,,,,,1.0,,,,,,,,,,,,,,,,
0,0,BAU,INORGSS,INORG_SS,,,2042,,,,,1.0,,,,,,,,,,,,,,,,
0,0,BAU,INORGSS,INORG_SS,,,2043,,,,,1.0,,,,,,,,,,,,,,,,
0,0,BAU,INORGSS,INORG_SS,,,2044,,,,,1.0,,,,,,,,,,,,,,,,
0,0,BAU,INORGSS,INORG_SS,,,2045,,,,,1.0,,,,,,,,,,,,,,,,
0,0,BAU,INORGSS,INORG_SS,,,2046,,,,,1.0,,,,,,,,,,,,,,,,
0,0,BAU,INORGSS,INORG_SS,,,2047,,,,,1.0,,,,,,,,,,,,,,,,
0,0,BAU,INORGSS,INORG_SS,,,2048,,,,,1.0,,,,,,,,,,,,,,,,
0,0,BAU,INORGSS,INORG_SS,,,2049,,,,,1.0,,,,,,,,,,,,,,,,
0,0,BAU,INORGSS,INORG_SS,,,2050,,,,,1.0,,,,,,,,,,,,,,,,
0,0,BAU,ORGSS,ORG_SS,,,2018,,,,,1.0,,,,,,,,,,,,,,,,
0,0,BAU,ORGSS,ORG_SS,,,2019,,,,,1.0,,,,,,,,,,,,,,,,
0,0,BAU,ORGSS,ORG_SS,,,2020,,,,,1.0,,,,,,,,,,,,,,,,
0,0,BAU,ORGSS,ORG_SS,,,2021,,,,,1.0,,,,,,,,,,,,,,,,
0,0,BAU,ORGSS,ORG_SS,,,2022,,,,,1.0,,,,,,,,,,,,,,,,
0,0,BAU,ORGSS,ORG_SS,,,2023,,,,,1.0,,,,,,,,,,,,,,,,
0,0,BAU,ORGSS,ORG_SS,,,2024,,,,,1.0,,,,,,,,,,,,,,,,
0,0,BAU,ORGSS,ORG_SS,,,2025,,,,,1.0,,,,,,,,,,,,,,,,
0,0,BAU,ORGSS,ORG_SS,,,2026,,,,,1.0,,,,,,,,,,,,,,,,
0,0,BAU,ORGSS,ORG_SS,,,2027,,,,,1.0,,,,,,,,,,,,,,,,
0,0,BAU,ORGSS,ORG_SS,,,2028,,,,,1.0,,,,,,,,,,,,,,,,
0,0,BAU,ORGSS,ORG_SS,,,2029,,,,,1.0,,,,,,,,,,,,,,,,
0,0,BAU,ORGSS,ORG_SS,,,2030,,,,,1.0,,,,,,,,,,,,,,,,
0,0,BAU,ORGSS,ORG_SS,,,2031,,,,,1.0,,,,,,,,,,,,,,,,
0,0,BAU,ORGSS,ORG_SS,,,2032,,,,,1.0,,,,,,,,,,,,,,,,
0,0,BAU,ORGSS,ORG_SS,,,2033,,,,,1.0,,,,,,,,,,,,,,,,
0,0,BAU,ORGSS,ORG_SS,,,2034,,,,,1.0,,,,,,,,,,,,,,,,
0,0,BAU,ORGSS,ORG_SS,,,2035,,,,,1.0,,,,,,,,,,,,,,,,
0,0,BAU,ORGSS,ORG_SS,,,2036,,,,,1.0,,,,,,,,,,,,,,,,
0,0,BAU,ORGSS,ORG_SS,,,2037,,,,,1.0,,,,,,,,,,,,,,,,
0,0,BAU,ORGSS,ORG_SS,,,2038,,,,,1.0,,,,,,,,,,,,,,,,
0,0,BAU,ORGSS,ORG_SS,,,2039,,,,,1.0,,,,,,,,,,,,,,,,
0,0,BAU,ORGSS,ORG_SS,,,2040,,,,,1.0,,,,,,,,,,,,,,,,
0,0,BAU,ORGSS,ORG_SS,,,2041,,,,,1.0,,,,,,,,,,,,,,,,
0,0,BAU,ORGSS,ORG_SS,,,2042,,,,,1.0,,,,,,,,,,,,,,,,
0,0,BAU,ORGSS,ORG_SS,,,2043,,,,,1.0,,,,,,,,,,,,,,,,
0,0,BAU,ORGSS,ORG_SS,,,2044,,,,,1.0,,,,,,,,,,,,,,,,
0,0,BAU,ORGSS,ORG_SS,,,2045,,,,,1.0,,,,,,,,,,,,,,,,
0,0,BAU,ORGSS,ORG_SS,,,2046,,,,,1.0,,,,,,,,,,,,,,,,
0,0,BAU,ORGSS,ORG_SS,,,2047,,,,,1.0,,,,,,,,,,,,,,,,
0,0,BAU,ORGSS,ORG_SS,,,2048,,,,,1.0,,,,,,,,,,,,,,,,
0,0,BAU,ORGSS,ORG_SS,,,2049,,,,,1.0,,,,,,,,,,,,,,,,
0,0,BAU,ORGSS,ORG_SS,,,2050,,,,,1.0,,,,,,,,,,,,,,,,
0,0,BAU,NOSS,NO_SS,,,2018,,,,,1.0,,,,,,,,,,,,,,,,
0,0,BAU,NOSS,NO_SS,,,2019,,,,,1.0,,,,,,,,,,,,,,,,
0,0,BAU,NOSS,NO_SS,,,2020,,,,,1.0,,,,,,,,,,,,,,,,
0,0,BAU,NOSS,NO_SS,,,2021,,,,,1.0,,,,,,,,,,,,,,,,
0,0,BAU,NOSS,NO_SS,,,2022,,,,,1.0,,,,,,,,,,,,,,,,
0,0,BAU,NOSS,NO_SS,,,2023,,,,,1.0,,,,,,,,,,,,,,,,
0,0,BAU,NOSS,NO_SS,,,2024,,,,,1.0,,,,,,,,,,,,,,,,
0,0,BAU,NOSS,NO_SS,,,2025,,,,,1.0,,,,,,,,,,,,,,,,
0,0,BAU,NOSS,NO_SS,,,2026,,,,,1.0,,,,,,,,,,,,,,,,
0,0,BAU,NOSS,NO_SS,,,2027,,,,,1.0,,,,,,,,,,,,,,,,
0,0,BAU,NOSS,NO_SS,,,2028,,,,,1.0,,,,,,,,,,,,,,,,
0,0,BAU,NOSS,NO_SS,,,2029,,,,,1.0,,,,,,,,,,,,,,,,
0,0,BAU,NOSS,NO_SS,,,2030,,,,,1.0,,,,,,,,,,,,,,,,
0,0,BAU,NOSS,NO_SS,,,2031,,,,,1.0,,,,,,,,,,,,,,,,
0,0,BAU,NOSS,NO_SS,,,2032,,,,,1.0,,,,,,,,,,,,,,,,
0,0,BAU,NOSS,NO_SS,,,2033,,,,,1.0,,,,,,,,,,,,,,,,
0,0,BAU,NOSS,NO_SS,,,2034,,,,,1.0,,,,,,,,,,,,,,,,
0,0,BAU,NOSS,NO_SS,,,2035,,,,,1.0,,,,,,,,,,,,,,,,
0,0,BAU,NOSS,NO_SS,,,2036,,,,,1.0,,,,,,,,,,,,,,,,
0,0,BAU,NOSS,NO_SS,,,2037,,,,,1.0,,,,,,,,,,,,,,,,
0,0,BAU,NOSS,NO_SS,,,2038,,,,,1.0,,,,,,,,,,,,,,,,
0,0,BAU,NOSS,NO_SS,,,2039,,,,,1.0,,,,,,,,,,,,,,,,
0,0,BAU,NOSS,NO_SS,,,2040,,,,,1.0,,,,,,,,,,,,,,,,
0,0,BAU,NOSS,NO_SS,,,2041,,,,,1.0,,,,,,,,,,,,,,,,
0,0,BAU,NOSS,NO_SS,,,2042,,,,,1.0,,,,,,,,,,,,,,,,
0,0,BAU,NOSS,NO_SS,,,2043,,,,,1.0,,,,,,,,,,,,,,,,
0,0,BAU,NOSS,NO_SS,,,2044,,,,,1.0,,,,,,,,,,,,,,,,
0,0,BAU,NOSS,NO_SS,,,2045,,,,,1.0,,,,,,,,,,,,,,,,
0,0,BAU,NOSS,NO_SS,,,2046,,,,,1.0,,,,,,,,,,,,,,,,
0,0,BAU,NOSS,NO_SS,,,2047,,,,,1.0,,,,,,,,,,,,,,,,
0,0,BAU,NOSS,NO_SS,,,2048,,,,,1.0,,,,,,,,,,,,,,,,
0,0,BAU,NOSS,NO_SS,,,2049,,,,,1.0,,,,,,,,,,,,,,,,
0,0,BAU,NOSS,NO_SS,,,2050,,,,,1.0,,,,,,,,,,,,,,,,
0,0,BAU,SEWERWW,SEWERWW,,,2018,,,,,1.0,,,,,,,,,,,,,,,,
0,0,BAU,SEWERWW,SEWERWW,,,2019,,,,,1.0,,,,,,,,,,,,,,,,
0,0,BAU,SEWERWW,SEWERWW,,,2020,,,,,1.0,,,,,,,,,,,,,,,,
0,0,BAU,SEWERWW,SEWERWW,,,2021,,,,,1.0,,,,,,,,,,,,,,,,
0,0,BAU,SEWERWW,SEWERWW,,,2022,,,,,1.0,,,,,,,,,,,,,,,,
0,0,BAU,SEWERWW,SEWERWW,,,2023,,,,,1.0,,,,,,,,,,,,,,,,
0,0,BAU,SEWERWW,SEWERWW,,,2024,,,,,1.0,,,,,,,,,,,,,,,,
0,0,BAU,SEWERWW,SEWERWW,,,2025,,,,,1.0,,,,,,,,,,,,,,,,
0,0,BAU,SEWERWW,SEWERWW,,,2026,,,,,1.0,,,,,,,,,,,,,,,,
0,0,BAU,SEWERWW,SEWERWW,,,2027,,,,,1.0,,,,,,,,,,,,,,,,
0,0,BAU,SEWERWW,SEWERWW,,,2028,,,,,1.0,,,,,,,,,,,,,,,,
0,0,BAU,SEWERWW,SEWERWW,,,2029,,,,,1.0,,,,,,,,,,,,,,,,
0,0,BAU,SEWERWW,SEWERWW,,,2030,,,,,1.0,,,,,,,,,,,,,,,,
0,0,BAU,SEWERWW,SEWERWW,,,2031,,,,,1.0,,,,,,,,,,,,,,,,
0,0,BAU,SEWERWW,SEWERWW,,,2032,,,,,1.0,,,,,,,,,,,,,,,,
0,0,BAU,SEWERWW,SEWERWW,,,2033,,,,,1.0,,,,,,,,,,,,,,,,
0,0,BAU,SEWERWW,SEWERWW,,,2034,,,,,1.0,,,,,,,,,,,,,,,,
0,0,BAU,SEWERWW,SEWERWW,,,2035,,,,,1.0,,,,,,,,,,,,,,,,
0,0,BAU,SEWERWW,SEWERWW,,,2036,,,,,1.0,,,,,,,,,,,,,,,,
0,0,BAU,SEWERWW,SEWERWW,,,2037,,,,,1.0,,,,,,,,,,,,,,,,
0,0,BAU,SEWERWW,SEWERWW,,,2038,,,,,1.0,,,,,,,,,,,,,,,,
0,0,BAU,SEWERWW,SEWERWW,,,2039,,,,,1.0,,,,,,,,,,,,,,,,
0,0,BAU,SEWERWW,SEWERWW,,,2040,,,,,1.0,,,,,,,,,,,,,,,,
0,0,BAU,SEWERWW,SEWERWW,,,2041,,,,,1.0,,,,,,,,,,,,,,,,
0,0,BAU,SEWERWW,SEWERWW,,,2042,,,,,1.0,,,,,,,,,,,,,,,,
0,0,BAU,SEWERWW,SEWERWW,,,2043,,,,,1.0,,,,,,,,,,,,,,,,
0,0,BAU,SEWERWW,SEWERWW,,,2044,,,,,1.0,,,,,,,,,,,,,,,,
0,0,BAU,SEWERWW,SEWERWW,,,2045,,,,,1.0,,,,,,,,,,,,,,,,
0,0,BAU,SEWERWW,SEWERWW,,,2046,,,,,1.0,,,,,,,,,,,,,,,,
0,0,BAU,SEWERWW,SEWERWW,,,2047,,,,,1.0,,,,,,,,,,,,,,,,
0,0,BAU,SEWERWW,SEWERWW,,,2048,,,,,1.0,,,,,,,,,,,,,,,,
0,0,BAU,SEWERWW,SEWERWW,,,2049,,,,,1.0,,,,,,,,,,,,,,,,
0,0,BAU,SEWERWW,SEWERWW,,,2050,,,,,1.0,,,,,,,,,,,,,,,,
0,0,BAU,DIRECT_DISC,DIRECT_DISC,,,2018,,,,,1.0,,,,,,,,,,,,,,,,
0,0,BAU,DIRECT_DISC,DIRECT_DISC,,,2019,,,,,1.0,,,,,,,,,,,,,,,,
0,0,BAU,DIRECT_DISC,DIRECT_DISC,,,2020,,,,,1.0,,,,,,,,,,,,,,,,
0,0,BAU,DIRECT_DISC,DIRECT_DISC,,,2021,,,,,1.0,,,,,,,,,,,,,,,,
0,0,BAU,DIRECT_DISC,DIRECT_DISC,,,2022,,,,,1.0,,,,,,,,,,,,,,,,
0,0,BAU,DIRECT_DISC,DIRECT_DISC,,,2023,,,,,1.0,,,,,,,,,,,,,,,,
0,0,BAU,DIRECT_DISC,DIRECT_DISC,,,2024,,,,,1.0,,,,,,,,,,,,,,,,
0,0,BAU,DIRECT_DISC,DIRECT_DISC,,,2025,,,,,1.0,,,,,,,,,,,,,,,,
0,0,BAU,DIRECT_DISC,DIRECT_DISC,,,2026,,,,,1.0,,,,,,,,,,,,,,,,
0,0,BAU,DIRECT_DISC,DIRECT_DISC,,,2027,,,,,1.0,,,,,,,,,,,,,,,,
0,0,BAU,DIRECT_DISC,DIRECT_DISC,,,2028,,,,,1.0,,,,,,,,,,,,,,,,
0,0,BAU,DIRECT_DISC,DIRECT_DISC,,,2029,,,,,1.0,,,,,,,,,,,,,,,,
0,0,BAU,DIRECT_DISC,DIRECT_DISC,,,2030,,,,,1.0,,,,,,,,,,,,,,,,
0,0,BAU,DIRECT_DISC,DIRECT_DISC,,,2031,,,,,1.0,,,,,,,,,,,,,,,,
0,0,BAU,DIRECT_DISC,DIRECT_DISC,,,2032,,,,,1.0,,,,,,,,,,,,,,,,
0,0,BAU,DIRECT_DISC,DIRECT_DISC,,,2033,,,,,1.0,,,,,,,,,,,,,,,,
0,0,BAU,DIRECT_DISC,DIRECT_DISC,,,2034,,,,,1.0,,,,,,,,,,,,,,,,
0,0,BAU,DIRECT_DISC,DIRECT_DISC,,,2035,,,,,1.0,,,,,,,,,,,,,,,,
0,0,BAU,DIRECT_DISC,DIRECT_DISC,,,2036,,,,,1.0,,,,,,,,,,,,,,,,
0,0,BAU,DIRECT_DISC,DIRECT_DISC,,,2037,,,,,1.0,,,,,,,,,,,,,,,,
0,0,BAU,DIRECT_DISC,DIRECT_DISC,,,2038,,,,,1.0,,,,,,,,,,,,,,,,
0,0,BAU,DIRECT_DISC,DIRECT_DISC,,,2039,,,,,1.0,,,,,,,,,,,,,,,,
0,0,BAU,DIRECT_DISC,DIRECT_DISC,,,2040,,,,,1.0,,,,,,,,,,,,,,,,
0,0,BAU,DIRECT_DISC,DIRECT_DISC,,,2041,,,,,1.0,,,,,,,,,,,,,,,,
0,0,BAU,DIRECT_DISC,DIRECT_DISC,,,2042,,,,,1.0,,,,,,,,,,,,,,,,
0,0,BAU,DIRECT_DISC,DIRECT_DISC,,,2043,,,,,1.0,,,,,,,,,,,,,,,,
0,0,BAU,DIRECT_DISC,DIRECT_DISC,,,2044,,,,,1.0,,,,,,,,,,,,,,,,
0,0,BAU,DIRECT_DISC,DIRECT_DISC,,,2045,,,,,1.0,,,,,,,,,,,,,,,,
0,0,BAU,DIRECT_DISC,DIRECT_DISC,,,2046,,,,,1.0,,,,,,,,,,,,,,,,
0,0,BAU,DIRECT_DISC,DIRECT_DISC,,,2047,,,,,1.0,,,,,,,,,,,,,,,,
0,0,BAU,DIRECT_DISC,DIRECT_DISC,,,2048,,,,,1.0,,,,,,,,,,,,,,,,
0,0,BAU,DIRECT_DISC,DIRECT_DISC,,,2049,,,,,1.0,,,,,,,,,,,,,,,,
0,0,BAU,DIRECT_DISC,DIRECT_DISC,,,2050,,,,,1.0,,,,,,,,,,,,,,,,
0,0,BAU,TSW,T5TSWTSW,,,2018,,,,,1.0,,,,,,,,,,,,,,,,
0,0,BAU,TSW,T5TSWTSW,,,2019,,,,,1.0,,,,,,,,,,,,,,,,
0,0,BAU,TSW,T5TSWTSW,,,2020,,,,,1.0,,,,,,,,,,,,,,,,
0,0,BAU,TSW,T5TSWTSW,,,2021,,,,,1.0,,,,,,,,,,,,,,,,
0,0,BAU,TSW,T5TSWTSW,,,2022,,,,,1.0,,,,,,,,,,,,,,,,
0,0,BAU,TSW,T5TSWTSW,,,2023,,,,,1.0,,,,,,,,,,,,,,,,
0,0,BAU,TSW,T5TSWTSW,,,2024,,,,,1.0,,,,,,,,,,,,,,,,
0,0,BAU,TSW,T5TSWTSW,,,2025,,,,,1.0,,,,,,,,,,,,,,,,
0,0,BAU,TSW,T5TSWTSW,,,2026,,,,,1.0,,,,,,,,,,,,,,,,
0,0,BAU,TSW,T5TSWTSW,,,2027,,,,,1.0,,,,,,,,,,,,,,,,
0,0,BAU,TSW,T5TSWTSW,,,2028,,,,,1.0,,,,,,,,,,,,,,,,
0,0,BAU,TSW,T5TSWTSW,,,2029,,,,,1.0,,,,,,,,,,,,,,,,
0,0,BAU,TSW,T5TSWTSW,,,2030,,,,,1.0,,,,,,,,,,,,,,,,
0,0,BAU,TSW,T5TSWTSW,,,2031,,,,,1.0,,,,,,,,,,,,,,,,
0,0,BAU,TSW,T5TSWTSW,,,2032,,,,,1.0,,,,,,,,,,,,,,,,
0,0,BAU,TSW,T5TSWTSW,,,2033,,,,,1.0,,,,,,,,,,,,,,,,
0,0,BAU,TSW,T5TSWTSW,,,2034,,,,,1.0,,,,,,,,,,,,,,,,
0,0,BAU,TSW,T5TSWTSW,,,2035,,,,,1.0,,,,,,,,,,,,,,,,
0,0,BAU,TSW,T5TSWTSW,,,2036,,,,,1.0,,,,,,,,,,,,,,,,
0,0,BAU,TSW,T5TSWTSW,,,2037,,,,,1.0,,,,,,,,,,,,,,,,
0,0,BAU,TSW,T5TSWTSW,,,2038,,,,,1.0,,,,,,,,,,,,,,,,
0,0,BAU,TSW,T5TSWTSW,,,2039,,,,,1.0,,,,,,,,,,,,,,,,
0,0,BAU,TSW,T5TSWTSW,,,2040,,,,,1.0,,,,,,,,,,,,,,,,
0,0,BAU,TSW,T5TSWTSW,,,2041,,,,,1.0,,,,,,,,,,,,,,,,
0,0,BAU,TSW,T5TSWTSW,,,2042,,,,,1.0,,,,,,,,,,,,,,,,
0,0,BAU,TSW,T5TSWTSW,,,2043,,,,,1.0,,,,,,,,,,,,,,,,
0,0,BAU,TSW,T5TSWTSW,,,2044,,,,,1.0,,,,,,,,,,,,,,,,
0,0,BAU,TSW,T5TSWTSW,,,2045,,,,,1.0,,,,,,,,,,,,,,,,
0,0,BAU,TSW,T5TSWTSW,,,2046,,,,,1.0,,,,,,,,,,,,,,,,
0,0,BAU,TSW,T5TSWTSW,,,2047,,,,,1.0,,,,,,,,,,,,,,,,
0,0,BAU,TSW,T5TSWTSW,,,2048,,,,,1.0,,,,,,,,,,,,,,,,
0,0,BAU,TSW,T5TSWTSW,,,2049,,,,,1.0,,,,,,,,,,,,,,,,
0,0,BAU,TSW,T5TSWTSW,,,2050,,,,,1.0,,,,,,,,,,,,,,,,
0,0,BAU,LANDFILL_ELEC,T5LANDFILL_ELECTSW,,,2018,,,,,1.0,,,,,,,,,,,,,,,,
0,0,BAU,LANDFILL_ELEC,T5LANDFILL_ELECTSW,,,2019,,,,,1.0,,,,,,,,,,,,,,,,
0,0,BAU,LANDFILL_ELEC,T5LANDFILL_ELECTSW,,,2020,,,,,1.0,,,,,,,,,,,,,,,,
0,0,BAU,LANDFILL_ELEC,T5LANDFILL_ELECTSW,,,2021,,,,,1.0,,,,,,,,,,,,,,,,
0,0,BAU,LANDFILL_ELEC,T5LANDFILL_ELECTSW,,,2022,,,,,1.0,,,,,,,,,,,,,,,,
0,0,BAU,LANDFILL_ELEC,T5LANDFILL_ELECTSW,,,2023,,,,,1.0,,,,,,,,,,,,,,,,
0,0,BAU,LANDFILL_ELEC,T5LANDFILL_ELECTSW,,,2024,,,,,1.0,,,,,,,,,,,,,,,,
0,0,BAU,LANDFILL_ELEC,T5LANDFILL_ELECTSW,,,2025,,,,,1.0,,,,,,,,,,,,,,,,
0,0,BAU,LANDFILL_ELEC,T5LANDFILL_ELECTSW,,,2026,,,,,1.0,,,,,,,,,,,,,,,,
0,0,BAU,LANDFILL_ELEC,T5LANDFILL_ELECTSW,,,2027,,,,,1.0,,,,,,,,,,,,,,,,
0,0,BAU,LANDFILL_ELEC,T5LANDFILL_ELECTSW,,,2028,,,,,1.0,,,,,,,,,,,,,,,,
0,0,BAU,LANDFILL_ELEC,T5LANDFILL_ELECTSW,,,2029,,,,,1.0,,,,,,,,,,,,,,,,
0,0,BAU,LANDFILL_ELEC,T5LANDFILL_ELECTSW,,,2030,,,,,1.0,,,,,,,,,,,,,,,,
0,0,BAU,LANDFILL_ELEC,T5LANDFILL_ELECTSW,,,2031,,,,,1.0,,,,,,,,,,,,,,,,
0,0,BAU,LANDFILL_ELEC,T5LANDFILL_ELECTSW,,,2032,,,,,1.0,,,,,,,,,,,,,,,,
0,0,BAU,LANDFILL_ELEC,T5LANDFILL_ELECTSW,,,2033,,,,,1.0,,,,,,,,,,,,,,,,
0,0,BAU,LANDFILL_ELEC,T5LANDFILL_ELECTSW,,,2034,,,,,1.0,,,,,,,,,,,,,,,,
0,0,BAU,LANDFILL_ELEC,T5LANDFILL_ELECTSW,,,2035,,,,,1.0,,,,,,,,,,,,,,,,
0,0,BAU,LANDFILL_ELEC,T5LANDFILL_ELECTSW,,,2036,,,,,1.0,,,,,,,,,,,,,,,,
0,0,BAU,LANDFILL_ELEC,T5LANDFILL_ELECTSW,,,2037,,,,,1.0,,,,,,,,,,,,,,,,
0,0,BAU,LANDFILL_ELEC,T5LANDFILL_ELECTSW,,,2038,,,,,1.0,,,,,,,,,,,,,,,,
0,0,BAU,LANDFILL_ELEC,T5LANDFILL_ELECTSW,,,2039,,,,,1.0,,,,,,,,,,,,,,,,
0,0,BAU,LANDFILL_ELEC,T5LANDFILL_ELECTSW,,,2040,,,,,1.0,,,,,,,,,,,,,,,,
0,0,BAU,LANDFILL_ELEC,T5LANDFILL_ELECTSW,,,2041,,,,,1.0,,,,,,,,,,,,,,,,
0,0,BAU,LANDFILL_ELEC,T5LANDFILL_ELECTSW,,,2042,,,,,1.0,,,,,,,,,,,,,,,,
0,0,BAU,LANDFILL_ELEC,T5LANDFILL_ELECTSW,,,2043,,,,,1.0,,,,,,,,,,,,,,,,
0,0,BAU,LANDFILL_ELEC,T5LANDFILL_ELECTSW,,,2044,,,,,1.0,,,,,,,,,,,,,,,,
0,0,BAU,LANDFILL_ELEC,T5LANDFILL_ELECTSW,,,2045,,,,,1.0,,,,,,,,,,,,,,,,
0,0,BAU,LANDFILL_ELEC,T5LANDFILL_ELECTSW,,,2046,,,,,1.0,,,,,,,,,,,,,,,,
0,0,BAU,LANDFILL_ELEC,T5LANDFILL_ELECTSW,,,2047,,,,,1.0,,,,,,,,,,,,,,,,
0,0,BAU,LANDFILL_ELEC,T5LANDFILL_ELECTSW,,,2048,,,,,1.0,,,,,,,,,,,,,,,,
0,0,BAU,LANDFILL_ELEC,T5LANDFILL_ELECTSW,,,2049,,,,,1.0,,,,,,,,,,,,,,,,
0,0,BAU,LANDFILL_ELEC,T5LANDFILL_ELECTSW,,,2050,,,,,1.0,,,,,,,,,,,,,,,,
0,0,BAU,IND_SW,T5IND_SWTSW,,,2018,,,,,1.0,,,,,,,,,,,,,,,,
0,0,BAU,IND_SW,T5IND_SWTSW,,,2019,,,,,1.0,,,,,,,,,,,,,,,,
0,0,BAU,IND_SW,T5IND_SWTSW,,,2020,,,,,1.0,,,,,,,,,,,,,,,,
0,0,BAU,IND_SW,T5IND_SWTSW,,,2021,,,,,1.0,,,,,,,,,,,,,,,,
0,0,BAU,IND_SW,T5IND_SWTSW,,,2022,,,,,1.0,,,,,,,,,,,,,,,,
0,0,BAU,IND_SW,T5IND_SWTSW,,,2023,,,,,1.0,,,,,,,,,,,,,,,,
0,0,BAU,IND_SW,T5IND_SWTSW,,,2024,,,,,1.0,,,,,,,,,,,,,,,,
0,0,BAU,IND_SW,T5IND_SWTSW,,,2025,,,,,1.0,,,,,,,,,,,,,,,,
0,0,BAU,IND_SW,T5IND_SWTSW,,,2026,,,,,1.0,,,,,,,,,,,,,,,,
0,0,BAU,IND_SW,T5IND_SWTSW,,,2027,,,,,1.0,,,,,,,,,,,,,,,,
0,0,BAU,IND_SW,T5IND_SWTSW,,,2028,,,,,1.0,,,,,,,,,,,,,,,,
0,0,BAU,IND_SW,T5IND_SWTSW,,,2029,,,,,1.0,,,,,,,,,,,,,,,,
0,0,BAU,IND_SW,T5IND_SWTSW,,,2030,,,,,1.0,,,,,,,,,,,,,,,,
0,0,BAU,IND_SW,T5IND_SWTSW,,,2031,,,,,1.0,,,,,,,,,,,,,,,,
0,0,BAU,IND_SW,T5IND_SWTSW,,,2032,,,,,1.0,,,,,,,,,,,,,,,,
0,0,BAU,IND_SW,T5IND_SWTSW,,,2033,,,,,1.0,,,,,,,,,,,,,,,,
0,0,BAU,IND_SW,T5IND_SWTSW,,,2034,,,,,1.0,,,,,,,,,,,,,,,,
0,0,BAU,IND_SW,T5IND_SWTSW,,,2035,,,,,1.0,,,,,,,,,,,,,,,,
0,0,BAU,IND_SW,T5IND_SWTSW,,,2036,,,,,1.0,,,,,,,,,,,,,,,,
0,0,BAU,IND_SW,T5IND_SWTSW,,,2037,,,,,1.0,,,,,,,,,,,,,,,,
0,0,BAU,IND_SW,T5IND_SWTSW,,,2038,,,,,1.0,,,,,,,,,,,,,,,,
0,0,BAU,IND_SW,T5IND_SWTSW,,,2039,,,,,1.0,,,,,,,,,,,,,,,,
0,0,BAU,IND_SW,T5IND_SWTSW,,,2040,,,,,1.0,,,,,,,,,,,,,,,,
0,0,BAU,IND_SW,T5IND_SWTSW,,,2041,,,,,1.0,,,,,,,,,,,,,,,,
0,0,BAU,IND_SW,T5IND_SWTSW,,,2042,,,,,1.0,,,,,,,,,,,,,,,,
0,0,BAU,IND_SW,T5IND_SWTSW,,,2043,,,,,1.0,,,,,,,,,,,,,,,,
0,0,BAU,IND_SW,T5IND_SWTSW,,,2044,,,,,1.0,,,,,,,,,,,,,,,,
0,0,BAU,IND_SW,T5IND_SWTSW,,,2045,,,,,1.0,,,,,,,,,,,,,,,,
0,0,BAU,IND_SW,T5IND_SWTSW,,,2046,,,,,1.0,,,,,,,,,,,,,,,,
0,0,BAU,IND_SW,T5IND_SWTSW,,,2047,,,,,1.0,,,,,,,,,,,,,,,,
0,0,BAU,IND_SW,T5IND_SWTSW,,,2048,,,,,1.0,,,,,,,,,,,,,,,,
0,0,BAU,IND_SW,T5IND_SWTSW,,,2049,,,,,1.0,,,,,,,,,,,,,,,,
0,0,BAU,IND_SW,T5IND_SWTSW,,,2050,,,,,1.0,,,,,,,,,,,,,,,,
0,0,BAU,CO2_CH4_BURN,T5CO2_CH4_BURNTSW,,,2018,,,,,1.0,,,,,,,,,,,,,,,,
0,0,BAU,CO2_CH4_BURN,T5CO2_CH4_BURNTSW,,,2019,,,,,1.0,,,,,,,,,,,,,,,,
0,0,BAU,CO2_CH4_BURN,T5CO2_CH4_BURNTSW,,,2020,,,,,1.0,,,,,,,,,,,,,,,,
0,0,BAU,CO2_CH4_BURN,T5CO2_CH4_BURNTSW,,,2021,,,,,1.0,,,,,,,,,,,,,,,,
0,0,BAU,CO2_CH4_BURN,T5CO2_CH4_BURNTSW,,,2022,,,,,1.0,,,,,,,,,,,,,,,,
0,0,BAU,CO2_CH4_BURN,T5CO2_CH4_BURNTSW,,,2023,,,,,1.0,,,,,,,,,,,,,,,,
0,0,BAU,CO2_CH4_BURN,T5CO2_CH4_BURNTSW,,,2024,,,,,1.0,,,,,,,,,,,,,,,,
0,0,BAU,CO2_CH4_BURN,T5CO2_CH4_BURNTSW,,,2025,,,,,1.0,,,,,,,,,,,,,,,,
0,0,BAU,CO2_CH4_BURN,T5CO2_CH4_BURNTSW,,,2026,,,,,1.0,,,,,,,,,,,,,,,,
0,0,BAU,CO2_CH4_BURN,T5CO2_CH4_BURNTSW,,,2027,,,,,1.0,,,,,,,,,,,,,,,,
0,0,BAU,CO2_CH4_BURN,T5CO2_CH4_BURNTSW,,,2028,,,,,1.0,,,,,,,,,,,,,,,,
0,0,BAU,CO2_CH4_BURN,T5CO2_CH4_BURNTSW,,,2029,,,,,1.0,,,,,,,,,,,,,,,,
0,0,BAU,CO2_CH4_BURN,T5CO2_CH4_BURNTSW,,,2030,,,,,1.0,,,,,,,,,,,,,,,,
0,0,BAU,CO2_CH4_BURN,T5CO2_CH4_BURNTSW,,,2031,,,,,1.0,,,,,,,,,,,,,,,,
0,0,BAU,CO2_CH4_BURN,T5CO2_CH4_BURNTSW,,,2032,,,,,1.0,,,,,,,,,,,,,,,,
0,0,BAU,CO2_CH4_BURN,T5CO2_CH4_BURNTSW,,,2033,,,,,1.0,,,,,,,,,,,,,,,,
0,0,BAU,CO2_CH4_BURN,T5CO2_CH4_BURNTSW,,,2034,,,,,1.0,,,,,,,,,,,,,,,,
0,0,BAU,CO2_CH4_BURN,T5CO2_CH4_BURNTSW,,,2035,,,,,1.0,,,,,,,,,,,,,,,,
0,0,BAU,CO2_CH4_BURN,T5CO2_CH4_BURNTSW,,,2036,,,,,1.0,,,,,,,,,,,,,,,,
0,0,BAU,CO2_CH4_BURN,T5CO2_CH4_BURNTSW,,,2037,,,,,1.0,,,,,,,,,,,,,,,,
0,0,BAU,CO2_CH4_BURN,T5CO2_CH4_BURNTSW,,,2038,,,,,1.0,,,,,,,,,,,,,,,,
0,0,BAU,CO2_CH4_BURN,T5CO2_CH4_BURNTSW,,,2039,,,,,1.0,,,,,,,,,,,,,,,,
0,0,BAU,CO2_CH4_BURN,T5CO2_CH4_BURNTSW,,,2040,,,,,1.0,,,,,,,,,,,,,,,,
0,0,BAU,CO2_CH4_BURN,T5CO2_CH4_BURNTSW,,,2041,,,,,1.0,,,,,,,,,,,,,,,,
0,0,BAU,CO2_CH4_BURN,T5CO2_CH4_BURNTSW,,,2042,,,,,1.0,,,,,,,,,,,,,,,,
0,0,BAU,CO2_CH4_BURN,T5CO2_CH4_BURNTSW,,,2043,,,,,1.0,,,,,,,,,,,,,,,,
0,0,BAU,CO2_CH4_BURN,T5CO2_CH4_BURNTSW,,,2044,,,,,1.0,,,,,,,,,,,,,,,,
0,0,BAU,CO2_CH4_BURN,T5CO2_CH4_BURNTSW,,,2045,,,,,1.0,,,,,,,,,,,,,,,,
0,0,BAU,CO2_CH4_BURN,T5CO2_CH4_BURNTSW,,,2046,,,,,1.0,,,,,,,,,,,,,,,,
0,0,BAU,CO2_CH4_BURN,T5CO2_CH4_BURNTSW,,,2047,,,,,1.0,,,,,,,,,,,,,,,,
0,0,BAU,CO2_CH4_BURN,T5CO2_CH4_BURNTSW,,,2048,,,,,1.0,,,,,,,,,,,,,,,,
0,0,BAU,CO2_CH4_BURN,T5CO2_CH4_BURNTSW,,,2049,,,,,1.0,,,,,,,,,,,,,,,,
0,0,BAU,CO2_CH4_BURN,T5CO2_CH4_BURNTSW,,,2050,,,,,1.0,,,,,,,,,,,,,,,,
0,0,BAU,TWW,T5TWWWW,,,2018,,,,,1.0,,,,,,,,,,,,,,,,
0,0,BAU,TWW,T5TWWWW,,,2019,,,,,1.0,,,,,,,,,,,,,,,,
0,0,BAU,TWW,T5TWWWW,,,2020,,,,,1.0,,,,,,,,,,,,,,,,
0,0,BAU,TWW,T5TWWWW,,,2021,,,,,1.0,,,,,,,,,,,,,,,,
0,0,BAU,TWW,T5TWWWW,,,2022,,,,,1.0,,,,,,,,,,,,,,,,
0,0,BAU,TWW,T5TWWWW,,,2023,,,,,1.0,,,,,,,,,,,,,,,,
0,0,BAU,TWW,T5TWWWW,,,2024,,,,,1.0,,,,,,,,,,,,,,,,
0,0,BAU,TWW,T5TWWWW,,,2025,,,,,1.0,,,,,,,,,,,,,,,,
0,0,BAU,TWW,T5TWWWW,,,2026,,,,,1.0,,,,,,,,,,,,,,,,
0,0,BAU,TWW,T5TWWWW,,,2027,,,,,1.0,,,,,,,,,,,,,,,,
0,0,BAU,TWW,T5TWWWW,,,2028,,,,,1.0,,,,,,,,,,,,,,,,
0,0,BAU,TWW,T5TWWWW,,,2029,,,,,1.0,,,,,,,,,,,,,,,,
0,0,BAU,TWW,T5TWWWW,,,2030,,,,,1.0,,,,,,,,,,,,,,,,
0,0,BAU,TWW,T5TWWWW,,,2031,,,,,1.0,,,,,,,,,,,,,,,,
0,0,BAU,TWW,T5TWWWW,,,2032,,,,,1.0,,,,,,,,,,,,,,,,
0,0,BAU,TWW,T5TWWWW,,,2033,,,,,1.0,,,,,,,,,,,,,,,,
0,0,BAU,TWW,T5TWWWW,,,2034,,,,,1.0,,,,,,,,,,,,,,,,
0,0,BAU,TWW,T5TWWWW,,,2035,,,,,1.0,,,,,,,,,,,,,,,,
0,0,BAU,TWW,T5TWWWW,,,2036,,,,,1.0,,,,,,,,,,,,,,,,
0,0,BAU,TWW,T5TWWWW,,,2037,,,,,1.0,,,,,,,,,,,,,,,,
0,0,BAU,TWW,T5TWWWW,,,2038,,,,,1.0,,,,,,,,,,,,,,,,
0,0,BAU,TWW,T5TWWWW,,,2039,,,,,1.0,,,,,,,,,,,,,,,,
0,0,BAU,TWW,T5TWWWW,,,2040,,,,,1.0,,,,,,,,,,,,,,,,
0,0,BAU,TWW,T5TWWWW,,,2041,,,,,1.0,,,,,,,,,,,,,,,,
0,0,BAU,TWW,T5TWWWW,,,2042,,,,,1.0,,,,,,,,,,,,,,,,
0,0,BAU,TWW,T5TWWWW,,,2043,,,,,1.0,,,,,,,,,,,,,,,,
0,0,BAU,TWW,T5TWWWW,,,2044,,,,,1.0,,,,,,,,,,,,,,,,
0,0,BAU,TWW,T5TWWWW,,,2045,,,,,1.0,,,,,,,,,,,,,,,,
0,0,BAU,TWW,T5TWWWW,,,2046,,,,,1.0,,,,,,,,,,,,,,,,
0,0,BAU,TWW,T5TWWWW,,,2047,,,,,1.0,,,,,,,,,,,,,,,,
0,0,BAU,TWW,T5TWWWW,,,2048,,,,,1.0,,,,,,,,,,,,,,,,
0,0,BAU,TWW,T5TWWWW,,,2049,,,,,1.0,,,,,,,,,,,,,,,,
0,0,BAU,TWW,T5TWWWW,,,2050,,,,,1.0,,,,,,,,,,,,,,,,
0,0,BAU,IWW_MEAT,T5IWW_MEATWW,,,2018,,,,,1.0,,,,,,,,,,,,,,,,
0,0,BAU,IWW_MEAT,T5IWW_MEATWW,,,2019,,,,,1.0,,,,,,,,,,,,,,,,
0,0,BAU,IWW_MEAT,T5IWW_MEATWW,,,2020,,,,,1.0,,,,,,,,,,,,,,,,
0,0,BAU,IWW_MEAT,T5IWW_MEATWW,,,2021,,,,,1.0,,,,,,,,,,,,,,,,
0,0,BAU,IWW_MEAT,T5IWW_MEATWW,,,2022,,,,,1.0,,,,,,,,,,,,,,,,
0,0,BAU,IWW_MEAT,T5IWW_MEATWW,,,2023,,,,,1.0,,,,,,,,,,,,,,,,
0,0,BAU,IWW_MEAT,T5IWW_MEATWW,,,2024,,,,,1.0,,,,,,,,,,,,,,,,
0,0,BAU,IWW_MEAT,T5IWW_MEATWW,,,2025,,,,,1.0,,,,,,,,,,,,,,,,
0,0,BAU,IWW_MEAT,T5IWW_MEATWW,,,2026,,,,,1.0,,,,,,,,,,,,,,,,
0,0,BAU,IWW_MEAT,T5IWW_MEATWW,,,2027,,,,,1.0,,,,,,,,,,,,,,,,
0,0,BAU,IWW_MEAT,T5IWW_MEATWW,,,2028,,,,,1.0,,,,,,,,,,,,,,,,
0,0,BAU,IWW_MEAT,T5IWW_MEATWW,,,2029,,,,,1.0,,,,,,,,,,,,,,,,
0,0,BAU,IWW_MEAT,T5IWW_MEATWW,,,2030,,,,,1.0,,,,,,,,,,,,,,,,
0,0,BAU,IWW_MEAT,T5IWW_MEATWW,,,2031,,,,,1.0,,,,,,,,,,,,,,,,
0,0,BAU,IWW_MEAT,T5IWW_MEATWW,,,2032,,,,,1.0,,,,,,,,,,,,,,,,
0,0,BAU,IWW_MEAT,T5IWW_MEATWW,,,2033,,,,,1.0,,,,,,,,,,,,,,,,
0,0,BAU,IWW_MEAT,T5IWW_MEATWW,,,2034,,,,,1.0,,,,,,,,,,,,,,,,
0,0,BAU,IWW_MEAT,T5IWW_MEATWW,,,2035,,,,,1.0,,,,,,,,,,,,,,,,
0,0,BAU,IWW_MEAT,T5IWW_MEATWW,,,2036,,,,,1.0,,,,,,,,,,,,,,,,
0,0,BAU,IWW_MEAT,T5IWW_MEATWW,,,2037,,,,,1.0,,,,,,,,,,,,,,,,
0,0,BAU,IWW_MEAT,T5IWW_MEATWW,,,2038,,,,,1.0,,,,,,,,,,,,,,,,
0,0,BAU,IWW_MEAT,T5IWW_MEATWW,,,2039,,,,,1.0,,,,,,,,,,,,,,,,
0,0,BAU,IWW_MEAT,T5IWW_MEATWW,,,2040,,,,,1.0,,,,,,,,,,,,,,,,
0,0,BAU,IWW_MEAT,T5IWW_MEATWW,,,2041,,,,,1.0,,,,,,,,,,,,,,,,
0,0,BAU,IWW_MEAT,T5IWW_MEATWW,,,2042,,,,,1.0,,,,,,,,,,,,,,,,
0,0,BAU,IWW_MEAT,T5IWW_MEATWW,,,2043,,,,,1.0,,,,,,,,,,,,,,,,
0,0,BAU,IWW_MEAT,T5IWW_MEATWW,,,2044,,,,,1.0,,,,,,,,,,,,,,,,
0,0,BAU,IWW_MEAT,T5IWW_MEATWW,,,2045,,,,,1.0,,,,,,,,,,,,,,,,
0,0,BAU,IWW_MEAT,T5IWW_MEATWW,,,2046,,,,,1.0,,,,,,,,,,,,,,,,
0,0,BAU,IWW_MEAT,T5IWW_MEATWW,,,2047,,,,,1.0,,,,,,,,,,,,,,,,
0,0,BAU,IWW_MEAT,T5IWW_MEATWW,,,2048,,,,,1.0,,,,,,,,,,,,,,,,
0,0,BAU,IWW_MEAT,T5IWW_MEATWW,,,2049,,,,,1.0,,,,,,,,,,,,,,,,
0,0,BAU,IWW_MEAT,T5IWW_MEATWW,,,2050,,,,,1.0,,,,,,,,,,,,,,,,
0,0,BAU,IWW_SUGAR,T5IWW_SUGARWW,,,2018,,,,,1.0,,,,,,,,,,,,,,,,
0,0,BAU,IWW_SUGAR,T5IWW_SUGARWW,,,2019,,,,,1.0,,,,,,,,,,,,,,,,
0,0,BAU,IWW_SUGAR,T5IWW_SUGARWW,,,2020,,,,,1.0,,,,,,,,,,,,,,,,
0,0,BAU,IWW_SUGAR,T5IWW_SUGARWW,,,2021,,,,,1.0,,,,,,,,,,,,,,,,
0,0,BAU,IWW_SUGAR,T5IWW_SUGARWW,,,2022,,,,,1.0,,,,,,,,,,,,,,,,
0,0,BAU,IWW_SUGAR,T5IWW_SUGARWW,,,2023,,,,,1.0,,,,,,,,,,,,,,,,
0,0,BAU,IWW_SUGAR,T5IWW_SUGARWW,,,2024,,,,,1.0,,,,,,,,,,,,,,,,
0,0,BAU,IWW_SUGAR,T5IWW_SUGARWW,,,2025,,,,,1.0,,,,,,,,,,,,,,,,
0,0,BAU,IWW_SUGAR,T5IWW_SUGARWW,,,2026,,,,,1.0,,,,,,,,,,,,,,,,
0,0,BAU,IWW_SUGAR,T5IWW_SUGARWW,,,2027,,,,,1.0,,,,,,,,,,,,,,,,
0,0,BAU,IWW_SUGAR,T5IWW_SUGARWW,,,2028,,,,,1.0,,,,,,,,,,,,,,,,
0,0,BAU,IWW_SUGAR,T5IWW_SUGARWW,,,2029,,,,,1.0,,,,,,,,,,,,,,,,
0,0,BAU,IWW_SUGAR,T5IWW_SUGARWW,,,2030,,,,,1.0,,,,,,,,,,,,,,,,
0,0,BAU,IWW_SUGAR,T5IWW_SUGARWW,,,2031,,,,,1.0,,,,,,,,,,,,,,,,
0,0,BAU,IWW_SUGAR,T5IWW_SUGARWW,,,2032,,,,,1.0,,,,,,,,,,,,,,,,
0,0,BAU,IWW_SUGAR,T5IWW_SUGARWW,,,2033,,,,,1.0,,,,,,,,,,,,,,,,
0,0,BAU,IWW_SUGAR,T5IWW_SUGARWW,,,2034,,,,,1.0,,,,,,,,,,,,,,,,
0,0,BAU,IWW_SUGAR,T5IWW_SUGARWW,,,2035,,,,,1.0,,,,,,,,,,,,,,,,
0,0,BAU,IWW_SUGAR,T5IWW_SUGARWW,,,2036,,,,,1.0,,,,,,,,,,,,,,,,
0,0,BAU,IWW_SUGAR,T5IWW_SUGARWW,,,2037,,,,,1.0,,,,,,,,,,,,,,,,
0,0,BAU,IWW_SUGAR,T5IWW_SUGARWW,,,2038,,,,,1.0,,,,,,,,,,,,,,,,
0,0,BAU,IWW_SUGAR,T5IWW_SUGARWW,,,2039,,,,,1.0,,,,,,,,,,,,,,,,
0,0,BAU,IWW_SUGAR,T5IWW_SUGARWW,,,2040,,,,,1.0,,,,,,,,,,,,,,,,
0,0,BAU,IWW_SUGAR,T5IWW_SUGARWW,,,2041,,,,,1.0,,,,,,,,,,,,,,,,
0,0,BAU,IWW_SUGAR,T5IWW_SUGARWW,,,2042,,,,,1.0,,,,,,,,,,,,,,,,
0,0,BAU,IWW_SUGAR,T5IWW_SUGARWW,,,2043,,,,,1.0,,,,,,,,,,,,,,,,
0,0,BAU,IWW_SUGAR,T5IWW_SUGARWW,,,2044,,,,,1.0,,,,,,,,,,,,,,,,
0,0,BAU,IWW_SUGAR,T5IWW_SUGARWW,,,2045,,,,,1.0,,,,,,,,,,,,,,,,
0,0,BAU,IWW_SUGAR,T5IWW_SUGARWW,,,2046,,,,,1.0,,,,,,,,,,,,,,,,
0,0,BAU,IWW_SUGAR,T5IWW_SUGARWW,,,2047,,,,,1.0,,,,,,,,,,,,,,,,
0,0,BAU,IWW_SUGAR,T5IWW_SUGARWW,,,2048,,,,,1.0,,,,,,,,,,,,,,,,
0,0,BAU,IWW_SUGAR,T5IWW_SUGARWW,,,2049,,,,,1.0,,,,,,,,,,,,,,,,
0,0,BAU,IWW_SUGAR,T5IWW_SUGARWW,,,2050,,,,,1.0,,,,,,,,,,,,,,,,
0,0,BAU,IWW_ALCOHOL,T5IWW_ALCOHOLWW,,,2018,,,,,1.0,,,,,,,,,,,,,,,,
0,0,BAU,IWW_ALCOHOL,T5IWW_ALCOHOLWW,,,2019,,,,,1.0,,,,,,,,,,,,,,,,
0,0,BAU,IWW_ALCOHOL,T5IWW_ALCOHOLWW,,,2020,,,,,1.0,,,,,,,,,,,,,,,,
0,0,BAU,IWW_ALCOHOL,T5IWW_ALCOHOLWW,,,2021,,,,,1.0,,,,,,,,,,,,,,,,
0,0,BAU,IWW_ALCOHOL,T5IWW_ALCOHOLWW,,,2022,,,,,1.0,,,,,,,,,,,,,,,,
0,0,BAU,IWW_ALCOHOL,T5IWW_ALCOHOLWW,,,2023,,,,,1.0,,,,,,,,,,,,,,,,
0,0,BAU,IWW_ALCOHOL,T5IWW_ALCOHOLWW,,,2024,,,,,1.0,,,,,,,,,,,,,,,,
0,0,BAU,IWW_ALCOHOL,T5IWW_ALCOHOLWW,,,2025,,,,,1.0,,,,,,,,,,,,,,,,
0,0,BAU,IWW_ALCOHOL,T5IWW_ALCOHOLWW,,,2026,,,,,1.0,,,,,,,,,,,,,,,,
0,0,BAU,IWW_ALCOHOL,T5IWW_ALCOHOLWW,,,2027,,,,,1.0,,,,,,,,,,,,,,,,
0,0,BAU,IWW_ALCOHOL,T5IWW_ALCOHOLWW,,,2028,,,,,1.0,,,,,,,,,,,,,,,,
0,0,BAU,IWW_ALCOHOL,T5IWW_ALCOHOLWW,,,2029,,,,,1.0,,,,,,,,,,,,,,,,
0,0,BAU,IWW_ALCOHOL,T5IWW_ALCOHOLWW,,,2030,,,,,1.0,,,,,,,,,,,,,,,,
0,0,BAU,IWW_ALCOHOL,T5IWW_ALCOHOLWW,,,2031,,,,,1.0,,,,,,,,,,,,,,,,
0,0,BAU,IWW_ALCOHOL,T5IWW_ALCOHOLWW,,,2032,,,,,1.0,,,,,,,,,,,,,,,,
0,0,BAU,IWW_ALCOHOL,T5IWW_ALCOHOLWW,,,2033,,,,,1.0,,,,,,,,,,,,,,,,
0,0,BAU,IWW_ALCOHOL,T5IWW_ALCOHOLWW,,,2034,,,,,1.0,,,,,,,,,,,,,,,,
0,0,BAU,IWW_ALCOHOL,T5IWW_ALCOHOLWW,,,2035,,,,,1.0,,,,,,,,,,,,,,,,
0,0,BAU,IWW_ALCOHOL,T5IWW_ALCOHOLWW,,,2036,,,,,1.0,,,,,,,,,,,,,,,,
0,0,BAU,IWW_ALCOHOL,T5IWW_ALCOHOLWW,,,2037,,,,,1.0,,,,,,,,,,,,,,,,
0,0,BAU,IWW_ALCOHOL,T5IWW_ALCOHOLWW,,,2038,,,,,1.0,,,,,,,,,,,,,,,,
0,0,BAU,IWW_ALCOHOL,T5IWW_ALCOHOLWW,,,2039,,,,,1.0,,,,,,,,,,,,,,,,
0,0,BAU,IWW_ALCOHOL,T5IWW_ALCOHOLWW,,,2040,,,,,1.0,,,,,,,,,,,,,,,,
0,0,BAU,IWW_ALCOHOL,T5IWW_ALCOHOLWW,,,2041,,,,,1.0,,,,,,,,,,,,,,,,
0,0,BAU,IWW_ALCOHOL,T5IWW_ALCOHOLWW,,,2042,,,,,1.0,,,,,,,,,,,,,,,,
0,0,BAU,IWW_ALCOHOL,T5IWW_ALCOHOLWW,,,2043,,,,,1.0,,,,,,,,,,,,,,,,
0,0,BAU,IWW_ALCOHOL,T5IWW_ALCOHOLWW,,,2044,,,,,1.0,,,,,,,,,,,,,,,,
0,0,BAU,IWW_ALCOHOL,T5IWW_ALCOHOLWW,,,2045,,,,,1.0,,,,,,,,,,,,,,,,
0,0,BAU,IWW_ALCOHOL,T5IWW_ALCOHOLWW,,,2046,,,,,1.0,,,,,,,,,,,,,,,,
0,0,BAU,IWW_ALCOHOL,T5IWW_ALCOHOLWW,,,2047,,,,,1.0,,,,,,,,,,,,,,,,
0,0,BAU,IWW_ALCOHOL,T5IWW_ALCOHOLWW,,,2048,,,,,1.0,,,,,,,,,,,,,,,,
0,0,BAU,IWW_ALCOHOL,T5IWW_ALCOHOLWW,,,2049,,,,,1.0,,,,,,,,,,,,,,,,
0,0,BAU,IWW_ALCOHOL,T5IWW_ALCOHOLWW,,,2050,,,,,1.0,,,,,,,,,,,,,,,,
0,0,BAU,IWW_BEER,T5IWW_BEERWW,,,2018,,,,,1.0,,,,,,,,,,,,,,,,
0,0,BAU,IWW_BEER,T5IWW_BEERWW,,,2019,,,,,1.0,,,,,,,,,,,,,,,,
0,0,BAU,IWW_BEER,T5IWW_BEERWW,,,2020,,,,,1.0,,,,,,,,,,,,,,,,
0,0,BAU,IWW_BEER,T5IWW_BEERWW,,,2021,,,,,1.0,,,,,,,,,,,,,,,,
0,0,BAU,IWW_BEER,T5IWW_BEERWW,,,2022,,,,,1.0,,,,,,,,,,,,,,,,
0,0,BAU,IWW_BEER,T5IWW_BEERWW,,,2023,,,,,1.0,,,,,,,,,,,,,,,,
0,0,BAU,IWW_BEER,T5IWW_BEERWW,,,2024,,,,,1.0,,,,,,,,,,,,,,,,
0,0,BAU,IWW_BEER,T5IWW_BEERWW,,,2025,,,,,1.0,,,,,,,,,,,,,,,,
0,0,BAU,IWW_BEER,T5IWW_BEERWW,,,2026,,,,,1.0,,,,,,,,,,,,,,,,
0,0,BAU,IWW_BEER,T5IWW_BEERWW,,,2027,,,,,1.0,,,,,,,,,,,,,,,,
0,0,BAU,IWW_BEER,T5IWW_BEERWW,,,2028,,,,,1.0,,,,,,,,,,,,,,,,
0,0,BAU,IWW_BEER,T5IWW_BEERWW,,,2029,,,,,1.0,,,,,,,,,,,,,,,,
0,0,BAU,IWW_BEER,T5IWW_BEERWW,,,2030,,,,,1.0,,,,,,,,,,,,,,,,
0,0,BAU,IWW_BEER,T5IWW_BEERWW,,,2031,,,,,1.0,,,,,,,,,,,,,,,,
0,0,BAU,IWW_BEER,T5IWW_BEERWW,,,2032,,,,,1.0,,,,,,,,,,,,,,,,
0,0,BAU,IWW_BEER,T5IWW_BEERWW,,,2033,,,,,1.0,,,,,,,,,,,,,,,,
0,0,BAU,IWW_BEER,T5IWW_BEERWW,,,2034,,,,,1.0,,,,,,,,,,,,,,,,
0,0,BAU,IWW_BEER,T5IWW_BEERWW,,,2035,,,,,1.0,,,,,,,,,,,,,,,,
0,0,BAU,IWW_BEER,T5IWW_BEERWW,,,2036,,,,,1.0,,,,,,,,,,,,,,,,
0,0,BAU,IWW_BEER,T5IWW_BEERWW,,,2037,,,,,1.0,,,,,,,,,,,,,,,,
0,0,BAU,IWW_BEER,T5IWW_BEERWW,,,2038,,,,,1.0,,,,,,,,,,,,,,,,
0,0,BAU,IWW_BEER,T5IWW_BEERWW,,,2039,,,,,1.0,,,,,,,,,,,,,,,,
0,0,BAU,IWW_BEER,T5IWW_BEERWW,,,2040,,,,,1.0,,,,,,,,,,,,,,,,
0,0,BAU,IWW_BEER,T5IWW_BEERWW,,,2041,,,,,1.0,,,,,,,,,,,,,,,,
0,0,BAU,IWW_BEER,T5IWW_BEERWW,,,2042,,,,,1.0,,,,,,,,,,,,,,,,
0,0,BAU,IWW_BEER,T5IWW_BEERWW,,,2043,,,,,1.0,,,,,,,,,,,,,,,,
0,0,BAU,IWW_BEER,T5IWW_BEERWW,,,2044,,,,,1.0,,,,,,,,,,,,,,,,
0,0,BAU,IWW_BEER,T5IWW_BEERWW,,,2045,,,,,1.0,,,,,,,,,,,,,,,,
0,0,BAU,IWW_BEER,T5IWW_BEERWW,,,2046,,,,,1.0,,,,,,,,,,,,,,,,
0,0,BAU,IWW_BEER,T5IWW_BEERWW,,,2047,,,,,1.0,,,,,,,,,,,,,,,,
0,0,BAU,IWW_BEER,T5IWW_BEERWW,,,2048,,,,,1.0,,,,,,,,,,,,,,,,
0,0,BAU,IWW_BEER,T5IWW_BEERWW,,,2049,,,,,1.0,,,,,,,,,,,,,,,,
0,0,BAU,IWW_BEER,T5IWW_BEERWW,,,2050,,,,,1.0,,,,,,,,,,,,,,,,
0,0,BAU,IWW_MILK,T5IWW_MILKWW,,,2018,,,,,1.0,,,,,,,,,,,,,,,,
0,0,BAU,IWW_MILK,T5IWW_MILKWW,,,2019,,,,,1.0,,,,,,,,,,,,,,,,
0,0,BAU,IWW_MILK,T5IWW_MILKWW,,,2020,,,,,1.0,,,,,,,,,,,,,,,,
0,0,BAU,IWW_MILK,T5IWW_MILKWW,,,2021,,,,,1.0,,,,,,,,,,,,,,,,
0,0,BAU,IWW_MILK,T5IWW_MILKWW,,,2022,,,,,1.0,,,,,,,,,,,,,,,,
0,0,BAU,IWW_MILK,T5IWW_MILKWW,,,2023,,,,,1.0,,,,,,,,,,,,,,,,
0,0,BAU,IWW_MILK,T5IWW_MILKWW,,,2024,,,,,1.0,,,,,,,,,,,,,,,,
0,0,BAU,IWW_MILK,T5IWW_MILKWW,,,2025,,,,,1.0,,,,,,,,,,,,,,,,
0,0,BAU,IWW_MILK,T5IWW_MILKWW,,,2026,,,,,1.0,,,,,,,,,,,,,,,,
0,0,BAU,IWW_MILK,T5IWW_MILKWW,,,2027,,,,,1.0,,,,,,,,,,,,,,,,
0,0,BAU,IWW_MILK,T5IWW_MILKWW,,,2028,,,,,1.0,,,,,,,,,,,,,,,,
0,0,BAU,IWW_MILK,T5IWW_MILKWW,,,2029,,,,,1.0,,,,,,,,,,,,,,,,
0,0,BAU,IWW_MILK,T5IWW_MILKWW,,,2030,,,,,1.0,,,,,,,,,,,,,,,,
0,0,BAU,IWW_MILK,T5IWW_MILKWW,,,2031,,,,,1.0,,,,,,,,,,,,,,,,
0,0,BAU,IWW_MILK,T5IWW_MILKWW,,,2032,,,,,1.0,,,,,,,,,,,,,,,,
0,0,BAU,IWW_MILK,T5IWW_MILKWW,,,2033,,,,,1.0,,,,,,,,,,,,,,,,
0,0,BAU,IWW_MILK,T5IWW_MILKWW,,,2034,,,,,1.0,,,,,,,,,,,,,,,,
0,0,BAU,IWW_MILK,T5IWW_MILKWW,,,2035,,,,,1.0,,,,,,,,,,,,,,,,
0,0,BAU,IWW_MILK,T5IWW_MILKWW,,,2036,,,,,1.0,,,,,,,,,,,,,,,,
0,0,BAU,IWW_MILK,T5IWW_MILKWW,,,2037,,,,,1.0,,,,,,,,,,,,,,,,
0,0,BAU,IWW_MILK,T5IWW_MILKWW,,,2038,,,,,1.0,,,,,,,,,,,,,,,,
0,0,BAU,IWW_MILK,T5IWW_MILKWW,,,2039,,,,,1.0,,,,,,,,,,,,,,,,
0,0,BAU,IWW_MILK,T5IWW_MILKWW,,,2040,,,,,1.0,,,,,,,,,,,,,,,,
0,0,BAU,IWW_MILK,T5IWW_MILKWW,,,2041,,,,,1.0,,,,,,,,,,,,,,,,
0,0,BAU,IWW_MILK,T5IWW_MILKWW,,,2042,,,,,1.0,,,,,,,,,,,,,,,,
0,0,BAU,IWW_MILK,T5IWW_MILKWW,,,2043,,,,,1.0,,,,,,,,,,,,,,,,
0,0,BAU,IWW_MILK,T5IWW_MILKWW,,,2044,,,,,1.0,,,,,,,,,,,,,,,,
0,0,BAU,IWW_MILK,T5IWW_MILKWW,,,2045,,,,,1.0,,,,,,,,,,,,,,,,
0,0,BAU,IWW_MILK,T5IWW_MILKWW,,,2046,,,,,1.0,,,,,,,,,,,,,,,,
0,0,BAU,IWW_MILK,T5IWW_MILKWW,,,2047,,,,,1.0,,,,,,,,,,,,,,,,
0,0,BAU,IWW_MILK,T5IWW_MILKWW,,,2048,,,,,1.0,,,,,,,,,,,,,,,,
0,0,BAU,IWW_MILK,T5IWW_MILKWW,,,2049,,,,,1.0,,,,,,,,,,,,,,,,
0,0,BAU,IWW_MILK,T5IWW_MILKWW,,,2050,,,,,1.0,,,,,,,,,,,,,,,,
0,0,BAU,OSS_INORG,INORG_RCY_OS,,,2018,,,,,,1,,,,,,,,,,,,,,,
0,0,BAU,OSS_INORG,INORG_RCY_OS,,,2019,,,,,,1.0,,,,,,,,,,,,,,,
0,0,BAU,OSS_INORG,INORG_RCY_OS,,,2020,,,,,,1.0,,,,,,,,,,,,,,,
0,0,BAU,OSS_INORG,INORG_RCY_OS,,,2021,,,,,,1.0,,,,,,,,,,,,,,,
0,0,BAU,OSS_INORG,INORG_RCY_OS,,,2022,,,,,,1.0,,,,,,,,,,,,,,,
0,0,BAU,OSS_INORG,INORG_RCY_OS,,,2023,,,,,,1.0,,,,,,,,,,,,,,,
0,0,BAU,OSS_INORG,INORG_RCY_OS,,,2024,,,,,,1.0,,,,,,,,,,,,,,,
0,0,BAU,OSS_INORG,INORG_RCY_OS,,,2025,,,,,,1.0,,,,,,,,,,,,,,,
0,0,BAU,OSS_INORG,INORG_RCY_OS,,,2026,,,,,,1.0,,,,,,,,,,,,,,,
0,0,BAU,OSS_INORG,INORG_RCY_OS,,,2027,,,,,,1.0,,,,,,,,,,,,,,,
0,0,BAU,OSS_INORG,INORG_RCY_OS,,,2028,,,,,,1.0,,,,,,,,,,,,,,,
0,0,BAU,OSS_INORG,INORG_RCY_OS,,,2029,,,,,,1.0,,,,,,,,,,,,,,,
0,0,BAU,OSS_INORG,INORG_RCY_OS,,,2030,,,,,,1.0,,,,,,,,,,,,,,,
0,0,BAU,OSS_INORG,INORG_RCY_OS,,,2031,,,,,,1.0,,,,,,,,,,,,,,,
0,0,BAU,OSS_INORG,INORG_RCY_OS,,,2032,,,,,,1.0,,,,,,,,,,,,,,,
0,0,BAU,OSS_INORG,INORG_RCY_OS,,,2033,,,,,,1.0,,,,,,,,,,,,,,,
0,0,BAU,OSS_INORG,INORG_RCY_OS,,,2034,,,,,,1.0,,,,,,,,,,,,,,,
0,0,BAU,OSS_INORG,INORG_RCY_OS,,,2035,,,,,,1.0,,,,,,,,,,,,,,,
0,0,BAU,OSS_INORG,INORG_RCY_OS,,,2036,,,,,,1.0,,,,,,,,,,,,,,,
0,0,BAU,OSS_INORG,INORG_RCY_OS,,,2037,,,,,,1.0,,,,,,,,,,,,,,,
0,0,BAU,OSS_INORG,INORG_RCY_OS,,,2038,,,,,,1.0,,,,,,,,,,,,,,,
0,0,BAU,OSS_INORG,INORG_RCY_OS,,,2039,,,,,,1.0,,,,,,,,,,,,,,,
0,0,BAU,OSS_INORG,INORG_RCY_OS,,,2040,,,,,,1.0,,,,,,,,,,,,,,,
0,0,BAU,OSS_INORG,INORG_RCY_OS,,,2041,,,,,,1.0,,,,,,,,,,,,,,,
0,0,BAU,OSS_INORG,INORG_RCY_OS,,,2042,,,,,,1.0,,,,,,,,,,,,,,,
0,0,BAU,OSS_INORG,INORG_RCY_OS,,,2043,,,,,,1.0,,,,,,,,,,,,,,,
0,0,BAU,OSS_INORG,INORG_RCY_OS,,,2044,,,,,,1.0,,,,,,,,,,,,,,,
0,0,BAU,OSS_INORG,INORG_RCY_OS,,,2045,,,,,,1.0,,,,,,,,,,,,,,,
0,0,BAU,OSS_INORG,INORG_RCY_OS,,,2046,,,,,,1.0,,,,,,,,,,,,,,,
0,0,BAU,OSS_INORG,INORG_RCY_OS,,,2047,,,,,,1.0,,,,,,,,,,,,,,,
0,0,BAU,OSS_INORG,INORG_RCY_OS,,,2048,,,,,,1.0,,,,,,,,,,,,,,,
0,0,BAU,OSS_INORG,INORG_RCY_OS,,,2049,,,,,,1.0,,,,,,,,,,,,,,,
0,0,BAU,OSS_INORG,INORG_RCY_OS,,,2050,,,,,,1.0,,,,,,,,,,,,,,,
0,0,BAU,OSS_ORG,AD,,,2018,,,,,,1,,,,,,,,,,,,,,,
0,0,BAU,OSS_ORG,AD,,,2019,,,,,,1.0,,,,,,,,,,,,,,,
0,0,BAU,OSS_ORG,AD,,,2020,,,,,,1.0,,,,,,,,,,,,,,,
0,0,BAU,OSS_ORG,AD,,,2021,,,,,,1.0,,,,,,,,,,,,,,,
0,0,BAU,OSS_ORG,AD,,,2022,,,,,,1.0,,,,,,,,,,,,,,,
0,0,BAU,OSS_ORG,AD,,,2023,,,,,,1.0,,,,,,,,,,,,,,,
0,0,BAU,OSS_ORG,AD,,,2024,,,,,,1.0,,,,,,,,,,,,,,,
0,0,BAU,OSS_ORG,AD,,,2025,,,,,,1.0,,,,,,,,,,,,,,,
0,0,BAU,OSS_ORG,AD,,,2026,,,,,,1.0,,,,,,,,,,,,,,,
0,0,BAU,OSS_ORG,AD,,,2027,,,,,,1.0,,,,,,,,,,,,,,,
0,0,BAU,OSS_ORG,AD,,,2028,,,,,,1.0,,,,,,,,,,,,,,,
0,0,BAU,OSS_ORG,AD,,,2029,,,,,,1.0,,,,,,,,,,,,,,,
0,0,BAU,OSS_ORG,AD,,,2030,,,,,,1.0,,,,,,,,,,,,,,,
0,0,BAU,OSS_ORG,AD,,,2031,,,,,,1.0,,,,,,,,,,,,,,,
0,0,BAU,OSS_ORG,AD,,,2032,,,,,,1.0,,,,,,,,,,,,,,,
0,0,BAU,OSS_ORG,AD,,,2033,,,,,,1.0,,,,,,,,,,,,,,,
0,0,BAU,OSS_ORG,AD,,,2034,,,,,,1.0,,,,,,,,,,,,,,,
0,0,BAU,OSS_ORG,AD,,,2035,,,,,,1.0,,,,,,,,,,,,,,,
0,0,BAU,OSS_ORG,AD,,,2036,,,,,,1.0,,,,,,,,,,,,,,,
0,0,BAU,OSS_ORG,AD,,,2037,,,,,,1.0,,,,,,,,,,,,,,,
0,0,BAU,OSS_ORG,AD,,,2038,,,,,,1.0,,,,,,,,,,,,,,,
0,0,BAU,OSS_ORG,AD,,,2039,,,,,,1.0,,,,,,,,,,,,,,,
0,0,BAU,OSS_ORG,AD,,,2040,,,,,,1.0,,,,,,,,,,,,,,,
0,0,BAU,OSS_ORG,AD,,,2041,,,,,,1.0,,,,,,,,,,,,,,,
0,0,BAU,OSS_ORG,AD,,,2042,,,,,,1.0,,,,,,,,,,,,,,,
0,0,BAU,OSS_ORG,AD,,,2043,,,,,,1.0,,,,,,,,,,,,,,,
0,0,BAU,OSS_ORG,AD,,,2044,,,,,,1.0,,,,,,,,,,,,,,,
0,0,BAU,OSS_ORG,AD,,,2045,,,,,,1.0,,,,,,,,,,,,,,,
0,0,BAU,OSS_ORG,AD,,,2046,,,,,,1.0,,,,,,,,,,,,,,,
0,0,BAU,OSS_ORG,AD,,,2047,,,,,,1.0,,,,,,,,,,,,,,,
0,0,BAU,OSS_ORG,AD,,,2048,,,,,,1.0,,,,,,,,,,,,,,,
0,0,BAU,OSS_ORG,AD,,,2049,,,,,,1.0,,,,,,,,,,,,,,,
0,0,BAU,OSS_ORG,AD,,,2050,,,,,,1.0,,,,,,,,,,,,,,,
0,0,BAU,OSS_ORG,COMPOST,,,2018,,,,,,1,,,,,,,,,,,,,,,
0,0,BAU,OSS_ORG,COMPOST,,,2019,,,,,,1.0,,,,,,,,,,,,,,,
0,0,BAU,OSS_ORG,COMPOST,,,2020,,,,,,1.0,,,,,,,,,,,,,,,
0,0,BAU,OSS_ORG,COMPOST,,,2021,,,,,,1.0,,,,,,,,,,,,,,,
0,0,BAU,OSS_ORG,COMPOST,,,2022,,,,,,1.0,,,,,,,,,,,,,,,
0,0,BAU,OSS_ORG,COMPOST,,,2023,,,,,,1.0,,,,,,,,,,,,,,,
0,0,BAU,OSS_ORG,COMPOST,,,2024,,,,,,1.0,,,,,,,,,,,,,,,
0,0,BAU,OSS_ORG,COMPOST,,,2025,,,,,,1.0,,,,,,,,,,,,,,,
0,0,BAU,OSS_ORG,COMPOST,,,2026,,,,,,1.0,,,,,,,,,,,,,,,
0,0,BAU,OSS_ORG,COMPOST,,,2027,,,,,,1.0,,,,,,,,,,,,,,,
0,0,BAU,OSS_ORG,COMPOST,,,2028,,,,,,1.0,,,,,,,,,,,,,,,
0,0,BAU,OSS_ORG,COMPOST,,,2029,,,,,,1.0,,,,,,,,,,,,,,,
0,0,BAU,OSS_ORG,COMPOST,,,2030,,,,,,1.0,,,,,,,,,,,,,,,
0,0,BAU,OSS_ORG,COMPOST,,,2031,,,,,,1.0,,,,,,,,,,,,,,,
0,0,BAU,OSS_ORG,COMPOST,,,2032,,,,,,1.0,,,,,,,,,,,,,,,
0,0,BAU,OSS_ORG,COMPOST,,,2033,,,,,,1.0,,,,,,,,,,,,,,,
0,0,BAU,OSS_ORG,COMPOST,,,2034,,,,,,1.0,,,,,,,,,,,,,,,
0,0,BAU,OSS_ORG,COMPOST,,,2035,,,,,,1.0,,,,,,,,,,,,,,,
0,0,BAU,OSS_ORG,COMPOST,,,2036,,,,,,1.0,,,,,,,,,,,,,,,
0,0,BAU,OSS_ORG,COMPOST,,,2037,,,,,,1.0,,,,,,,,,,,,,,,
0,0,BAU,OSS_ORG,COMPOST,,,2038,,,,,,1.0,,,,,,,,,,,,,,,
0,0,BAU,OSS_ORG,COMPOST,,,2039,,,,,,1.0,,,,,,,,,,,,,,,
0,0,BAU,OSS_ORG,COMPOST,,,2040,,,,,,1.0,,,,,,,,,,,,,,,
0,0,BAU,OSS_ORG,COMPOST,,,2041,,,,,,1.0,,,,,,,,,,,,,,,
0,0,BAU,OSS_ORG,COMPOST,,,2042,,,,,,1.0,,,,,,,,,,,,,,,
0,0,BAU,OSS_ORG,COMPOST,,,2043,,,,,,1.0,,,,,,,,,,,,,,,
0,0,BAU,OSS_ORG,COMPOST,,,2044,,,,,,1.0,,,,,,,,,,,,,,,
0,0,BAU,OSS_ORG,COMPOST,,,2045,,,,,,1.0,,,,,,,,,,,,,,,
0,0,BAU,OSS_ORG,COMPOST,,,2046,,,,,,1.0,,,,,,,,,,,,,,,
0,0,BAU,OSS_ORG,COMPOST,,,2047,,,,,,1.0,,,,,,,,,,,,,,,
0,0,BAU,OSS_ORG,COMPOST,,,2048,,,,,,1.0,,,,,,,,,,,,,,,
0,0,BAU,OSS_ORG,COMPOST,,,2049,,,,,,1.0,,,,,,,,,,,,,,,
0,0,BAU,OSS_ORG,COMPOST,,,2050,,,,,,1.0,,,,,,,,,,,,,,,
0,0,BAU,NO_OSS,LANDFILL,,,2018,,,,,,1,,,,,,,,,,,,,,,
0,0,BAU,NO_OSS,LANDFILL,,,2019,,,,,,1.0,,,,,,,,,,,,,,,
0,0,BAU,NO_OSS,LANDFILL,,,2020,,,,,,1.0,,,,,,,,,,,,,,,
0,0,BAU,NO_OSS,LANDFILL,,,2021,,,,,,1.0,,,,,,,,,,,,,,,
0,0,BAU,NO_OSS,LANDFILL,,,2022,,,,,,1.0,,,,,,,,,,,,,,,
0,0,BAU,NO_OSS,LANDFILL,,,2023,,,,,,1.0,,,,,,,,,,,,,,,
0,0,BAU,NO_OSS,LANDFILL,,,2024,,,,,,1.0,,,,,,,,,,,,,,,
0,0,BAU,NO_OSS,LANDFILL,,,2025,,,,,,1.0,,,,,,,,,,,,,,,
0,0,BAU,NO_OSS,LANDFILL,,,2026,,,,,,1.0,,,,,,,,,,,,,,,
0,0,BAU,NO_OSS,LANDFILL,,,2027,,,,,,1.0,,,,,,,,,,,,,,,
0,0,BAU,NO_OSS,LANDFILL,,,2028,,,,,,1.0,,,,,,,,,,,,,,,
0,0,BAU,NO_OSS,LANDFILL,,,2029,,,,,,1.0,,,,,,,,,,,,,,,
0,0,BAU,NO_OSS,LANDFILL,,,2030,,,,,,1.0,,,,,,,,,,,,,,,
0,0,BAU,NO_OSS,LANDFILL,,,2031,,,,,,1.0,,,,,,,,,,,,,,,
0,0,BAU,NO_OSS,LANDFILL,,,2032,,,,,,1.0,,,,,,,,,,,,,,,
0,0,BAU,NO_OSS,LANDFILL,,,2033,,,,,,1.0,,,,,,,,,,,,,,,
0,0,BAU,NO_OSS,LANDFILL,,,2034,,,,,,1.0,,,,,,,,,,,,,,,
0,0,BAU,NO_OSS,LANDFILL,,,2035,,,,,,1.0,,,,,,,,,,,,,,,
0,0,BAU,NO_OSS,LANDFILL,,,2036,,,,,,1.0,,,,,,,,,,,,,,,
0,0,BAU,NO_OSS,LANDFILL,,,2037,,,,,,1.0,,,,,,,,,,,,,,,
0,0,BAU,NO_OSS,LANDFILL,,,2038,,,,,,1.0,,,,,,,,,,,,,,,
0,0,BAU,NO_OSS,LANDFILL,,,2039,,,,,,1.0,,,,,,,,,,,,,,,
0,0,BAU,NO_OSS,LANDFILL,,,2040,,,,,,1.0,,,,,,,,,,,,,,,
0,0,BAU,NO_OSS,LANDFILL,,,2041,,,,,,1.0,,,,,,,,,,,,,,,
0,0,BAU,NO_OSS,LANDFILL,,,2042,,,,,,1.0,,,,,,,,,,,,,,,
0,0,BAU,NO_OSS,LANDFILL,,,2043,,,,,,1.0,,,,,,,,,,,,,,,
0,0,BAU,NO_OSS,LANDFILL,,,2044,,,,,,1.0,,,,,,,,,,,,,,,
0,0,BAU,NO_OSS,LANDFILL,,,2045,,,,,,1.0,,,,,,,,,,,,,,,
0,0,BAU,NO_OSS,LANDFILL,,,2046,,,,,,1.0,,,,,,,,,,,,,,,
0,0,BAU,NO_OSS,LANDFILL,,,2047,,,,,,1.0,,,,,,,,,,,,,,,
0,0,BAU,NO_OSS,LANDFILL,,,2048,,,,,,1.0,,,,,,,,,,,,,,,
0,0,BAU,NO_OSS,LANDFILL,,,2049,,,,,,1.0,,,,,,,,,,,,,,,
0,0,BAU,NO_OSS,LANDFILL,,,2050,,,,,,1.0,,,,,,,,,,,,,,,
0,0,BAU,NO_OSS,NO_CONTR_OD,,,2018,,,,,,1,,,,,,,,,,,,,,,
0,0,BAU,NO_OSS,NO_CONTR_OD,,,2019,,,,,,1.0,,,,,,,,,,,,,,,
0,0,BAU,NO_OSS,NO_CONTR_OD,,,2020,,,,,,1.0,,,,,,,,,,,,,,,
0,0,BAU,NO_OSS,NO_CONTR_OD,,,2021,,,,,,1.0,,,,,,,,,,,,,,,
0,0,BAU,NO_OSS,NO_CONTR_OD,,,2022,,,,,,1.0,,,,,,,,,,,,,,,
0,0,BAU,NO_OSS,NO_CONTR_OD,,,2023,,,,,,1.0,,,,,,,,,,,,,,,
0,0,BAU,NO_OSS,NO_CONTR_OD,,,2024,,,,,,1.0,,,,,,,,,,,,,,,
0,0,BAU,NO_OSS,NO_CONTR_OD,,,2025,,,,,,1.0,,,,,,,,,,,,,,,
0,0,BAU,NO_OSS,NO_CONTR_OD,,,2026,,,,,,1.0,,,,,,,,,,,,,,,
0,0,BAU,NO_OSS,NO_CONTR_OD,,,2027,,,,,,1.0,,,,,,,,,,,,,,,
0,0,BAU,NO_OSS,NO_CONTR_OD,,,2028,,,,,,1.0,,,,,,,,,,,,,,,
0,0,BAU,NO_OSS,NO_CONTR_OD,,,2029,,,,,,1.0,,,,,,,,,,,,,,,
0,0,BAU,NO_OSS,NO_CONTR_OD,,,2030,,,,,,1.0,,,,,,,,,,,,,,,
0,0,BAU,NO_OSS,NO_CONTR_OD,,,2031,,,,,,1.0,,,,,,,,,,,,,,,
0,0,BAU,NO_OSS,NO_CONTR_OD,,,2032,,,,,,1.0,,,,,,,,,,,,,,,
0,0,BAU,NO_OSS,NO_CONTR_OD,,,2033,,,,,,1.0,,,,,,,,,,,,,,,
0,0,BAU,NO_OSS,NO_CONTR_OD,,,2034,,,,,,1.0,,,,,,,,,,,,,,,
0,0,BAU,NO_OSS,NO_CONTR_OD,,,2035,,,,,,1.0,,,,,,,,,,,,,,,
0,0,BAU,NO_OSS,NO_CONTR_OD,,,2036,,,,,,1.0,,,,,,,,,,,,,,,
0,0,BAU,NO_OSS,NO_CONTR_OD,,,2037,,,,,,1.0,,,,,,,,,,,,,,,
0,0,BAU,NO_OSS,NO_CONTR_OD,,,2038,,,,,,1.0,,,,,,,,,,,,,,,
0,0,BAU,NO_OSS,NO_CONTR_OD,,,2039,,,,,,1.0,,,,,,,,,,,,,,,
0,0,BAU,NO_OSS,NO_CONTR_OD,,,2040,,,,,,1.0,,,,,,,,,,,,,,,
0,0,BAU,NO_OSS,NO_CONTR_OD,,,2041,,,,,,1.0,,,,,,,,,,,,,,,
0,0,BAU,NO_OSS,NO_CONTR_OD,,,2042,,,,,,1.0,,,,,,,,,,,,,,,
0,0,BAU,NO_OSS,NO_CONTR_OD,,,2043,,,,,,1.0,,,,,,,,,,,,,,,
0,0,BAU,NO_OSS,NO_CONTR_OD,,,2044,,,,,,1.0,,,,,,,,,,,,,,,
0,0,BAU,NO_OSS,NO_CONTR_OD,,,2045,,,,,,1.0,,,,,,,,,,,,,,,
0,0,BAU,NO_OSS,NO_CONTR_OD,,,2046,,,,,,1.0,,,,,,,,,,,,,,,
0,0,BAU,NO_OSS,NO_CONTR_OD,,,2047,,,,,,1.0,,,,,,,,,,,,,,,
0,0,BAU,NO_OSS,NO_CONTR_OD,,,2048,,,,,,1.0,,,,,,,,,,,,,,,
0,0,BAU,NO_OSS,NO_CONTR_OD,,,2049,,,,,,1.0,,,,,,,,,,,,,,,
0,0,BAU,NO_OSS,NO_CONTR_OD,,,2050,,,,,,1.0,,,,,,,,,,,,,,,
0,0,BAU,NO_OSS,COPROC,,,2018,,,,,,1,,,,,,,,,,,,,,,
0,0,BAU,NO_OSS,COPROC,,,2019,,,,,,1.0,,,,,,,,,,,,,,,
0,0,BAU,NO_OSS,COPROC,,,2020,,,,,,1.0,,,,,,,,,,,,,,,
0,0,BAU,NO_OSS,COPROC,,,2021,,,,,,1.0,,,,,,,,,,,,,,,
0,0,BAU,NO_OSS,COPROC,,,2022,,,,,,1.0,,,,,,,,,,,,,,,
0,0,BAU,NO_OSS,COPROC,,,2023,,,,,,1.0,,,,,,,,,,,,,,,
0,0,BAU,NO_OSS,COPROC,,,2024,,,,,,1.0,,,,,,,,,,,,,,,
0,0,BAU,NO_OSS,COPROC,,,2025,,,,,,1.0,,,,,,,,,,,,,,,
0,0,BAU,NO_OSS,COPROC,,,2026,,,,,,1.0,,,,,,,,,,,,,,,
0,0,BAU,NO_OSS,COPROC,,,2027,,,,,,1.0,,,,,,,,,,,,,,,
0,0,BAU,NO_OSS,COPROC,,,2028,,,,,,1.0,,,,,,,,,,,,,,,
0,0,BAU,NO_OSS,COPROC,,,2029,,,,,,1.0,,,,,,,,,,,,,,,
0,0,BAU,NO_OSS,COPROC,,,2030,,,,,,1.0,,,,,,,,,,,,,,,
0,0,BAU,NO_OSS,COPROC,,,2031,,,,,,1.0,,,,,,,,,,,,,,,
0,0,BAU,NO_OSS,COPROC,,,2032,,,,,,1.0,,,,,,,,,,,,,,,
0,0,BAU,NO_OSS,COPROC,,,2033,,,,,,1.0,,,,,,,,,,,,,,,
0,0,BAU,NO_OSS,COPROC,,,2034,,,,,,1.0,,,,,,,,,,,,,,,
0,0,BAU,NO_OSS,COPROC,,,2035,,,,,,1.0,,,,,,,,,,,,,,,
0,0,BAU,NO_OSS,COPROC,,,2036,,,,,,1.0,,,,,,,,,,,,,,,
0,0,BAU,NO_OSS,COPROC,,,2037,,,,,,1.0,,,,,,,,,,,,,,,
0,0,BAU,NO_OSS,COPROC,,,2038,,,,,,1.0,,,,,,,,,,,,,,,
0,0,BAU,NO_OSS,COPROC,,,2039,,,,,,1.0,,,,,,,,,,,,,,,
0,0,BAU,NO_OSS,COPROC,,,2040,,,,,,1.0,,,,,,,,,,,,,,,
0,0,BAU,NO_OSS,COPROC,,,2041,,,,,,1.0,,,,,,,,,,,,,,,
0,0,BAU,NO_OSS,COPROC,,,2042,,,,,,1.0,,,,,,,,,,,,,,,
0,0,BAU,NO_OSS,COPROC,,,2043,,,,,,1.0,,,,,,,,,,,,,,,
0,0,BAU,NO_OSS,COPROC,,,2044,,,,,,1.0,,,,,,,,,,,,,,,
0,0,BAU,NO_OSS,COPROC,,,2045,,,,,,1.0,,,,,,,,,,,,,,,
0,0,BAU,NO_OSS,COPROC,,,2046,,,,,,1.0,,,,,,,,,,,,,,,
0,0,BAU,NO_OSS,COPROC,,,2047,,,,,,1.0,,,,,,,,,,,,,,,
0,0,BAU,NO_OSS,COPROC,,,2048,,,,,,1.0,,,,,,,,,,,,,,,
0,0,BAU,NO_OSS,COPROC,,,2049,,,,,,1.0,,,,,,,,,,,,,,,
0,0,BAU,NO_OSS,COPROC,,,2050,,,,,,1.0,,,,,,,,,,,,,,,
0,0,BAU,NO_OSS,INCIN,,,2018,,,,,,1,,,,,,,,,,,,,,,
0,0,BAU,NO_OSS,INCIN,,,2019,,,,,,1.0,,,,,,,,,,,,,,,
0,0,BAU,NO_OSS,INCIN,,,2020,,,,,,1.0,,,,,,,,,,,,,,,
0,0,BAU,NO_OSS,INCIN,,,2021,,,,,,1.0,,,,,,,,,,,,,,,
0,0,BAU,NO_OSS,INCIN,,,2022,,,,,,1.0,,,,,,,,,,,,,,,
0,0,BAU,NO_OSS,INCIN,,,2023,,,,,,1.0,,,,,,,,,,,,,,,
0,0,BAU,NO_OSS,INCIN,,,2024,,,,,,1.0,,,,,,,,,,,,,,,
0,0,BAU,NO_OSS,INCIN,,,2025,,,,,,1.0,,,,,,,,,,,,,,,
0,0,BAU,NO_OSS,INCIN,,,2026,,,,,,1.0,,,,,,,,,,,,,,,
0,0,BAU,NO_OSS,INCIN,,,2027,,,,,,1.0,,,,,,,,,,,,,,,
0,0,BAU,NO_OSS,INCIN,,,2028,,,,,,1.0,,,,,,,,,,,,,,,
0,0,BAU,NO_OSS,INCIN,,,2029,,,,,,1.0,,,,,,,,,,,,,,,
0,0,BAU,NO_OSS,INCIN,,,2030,,,,,,1.0,,,,,,,,,,,,,,,
0,0,BAU,NO_OSS,INCIN,,,2031,,,,,,1.0,,,,,,,,,,,,,,,
0,0,BAU,NO_OSS,INCIN,,,2032,,,,,,1.0,,,,,,,,,,,,,,,
0,0,BAU,NO_OSS,INCIN,,,2033,,,,,,1.0,,,,,,,,,,,,,,,
0,0,BAU,NO_OSS,INCIN,,,2034,,,,,,1.0,,,,,,,,,,,,,,,
0,0,BAU,NO_OSS,INCIN,,,2035,,,,,,1.0,,,,,,,,,,,,,,,
0,0,BAU,NO_OSS,INCIN,,,2036,,,,,,1.0,,,,,,,,,,,,,,,
0,0,BAU,NO_OSS,INCIN,,,2037,,,,,,1.0,,,,,,,,,,,,,,,
0,0,BAU,NO_OSS,INCIN,,,2038,,,,,,1.0,,,,,,,,,,,,,,,
0,0,BAU,NO_OSS,INCIN,,,2039,,,,,,1.0,,,,,,,,,,,,,,,
0,0,BAU,NO_OSS,INCIN,,,2040,,,,,,1.0,,,,,,,,,,,,,,,
0,0,BAU,NO_OSS,INCIN,,,2041,,,,,,1.0,,,,,,,,,,,,,,,
0,0,BAU,NO_OSS,INCIN,,,2042,,,,,,1.0,,,,,,,,,,,,,,,
0,0,BAU,NO_OSS,INCIN,,,2043,,,,,,1.0,,,,,,,,,,,,,,,
0,0,BAU,NO_OSS,INCIN,,,2044,,,,,,1.0,,,,,,,,,,,,,,,
0,0,BAU,NO_OSS,INCIN,,,2045,,,,,,1.0,,,,,,,,,,,,,,,
0,0,BAU,NO_OSS,INCIN,,,2046,,,,,,1.0,,,,,,,,,,,,,,,
0,0,BAU,NO_OSS,INCIN,,,2047,,,,,,1.0,,,,,,,,,,,,,,,
0,0,BAU,NO_OSS,INCIN,,,2048,,,,,,1.0,,,,,,,,,,,,,,,
0,0,BAU,NO_OSS,INCIN,,,2049,,,,,,1.0,,,,,,,,,,,,,,,
0,0,BAU,NO_OSS,INCIN,,,2050,,,,,,1.0,,,,,,,,,,,,,,,
0,0,BAU,NO_OSS,GAS_MSW,,,2018,,,,,,1,,,,,,,,,,,,,,,
0,0,BAU,NO_OSS,GAS_MSW,,,2019,,,,,,1.0,,,,,,,,,,,,,,,
0,0,BAU,NO_OSS,GAS_MSW,,,2020,,,,,,1.0,,,,,,,,,,,,,,,
0,0,BAU,NO_OSS,GAS_MSW,,,2021,,,,,,1.0,,,,,,,,,,,,,,,
0,0,BAU,NO_OSS,GAS_MSW,,,2022,,,,,,1.0,,,,,,,,,,,,,,,
0,0,BAU,NO_OSS,GAS_MSW,,,2023,,,,,,1.0,,,,,,,,,,,,,,,
0,0,BAU,NO_OSS,GAS_MSW,,,2024,,,,,,1.0,,,,,,,,,,,,,,,
0,0,BAU,NO_OSS,GAS_MSW,,,2025,,,,,,1.0,,,,,,,,,,,,,,,
0,0,BAU,NO_OSS,GAS_MSW,,,2026,,,,,,1.0,,,,,,,,,,,,,,,
0,0,BAU,NO_OSS,GAS_MSW,,,2027,,,,,,1.0,,,,,,,,,,,,,,,
0,0,BAU,NO_OSS,GAS_MSW,,,2028,,,,,,1.0,,,,,,,,,,,,,,,
0,0,BAU,NO_OSS,GAS_MSW,,,2029,,,,,,1.0,,,,,,,,,,,,,,,
0,0,BAU,NO_OSS,GAS_MSW,,,2030,,,,,,1.0,,,,,,,,,,,,,,,
0,0,BAU,NO_OSS,GAS_MSW,,,2031,,,,,,1.0,,,,,,,,,,,,,,,
0,0,BAU,NO_OSS,GAS_MSW,,,2032,,,,,,1.0,,,,,,,,,,,,,,,
0,0,BAU,NO_OSS,GAS_MSW,,,2033,,,,,,1.0,,,,,,,,,,,,,,,
0,0,BAU,NO_OSS,GAS_MSW,,,2034,,,,,,1.0,,,,,,,,,,,,,,,
0,0,BAU,NO_OSS,GAS_MSW,,,2035,,,,,,1.0,,,,,,,,,,,,,,,
0,0,BAU,NO_OSS,GAS_MSW,,,2036,,,,,,1.0,,,,,,,,,,,,,,,
0,0,BAU,NO_OSS,GAS_MSW,,,2037,,,,,,1.0,,,,,,,,,,,,,,,
0,0,BAU,NO_OSS,GAS_MSW,,,2038,,,,,,1.0,,,,,,,,,,,,,,,
0,0,BAU,NO_OSS,GAS_MSW,,,2039,,,,,,1.0,,,,,,,,,,,,,,,
0,0,BAU,NO_OSS,GAS_MSW,,,2040,,,,,,1.0,,,,,,,,,,,,,,,
0,0,BAU,NO_OSS,GAS_MSW,,,2041,,,,,,1.0,,,,,,,,,,,,,,,
0,0,BAU,NO_OSS,GAS_MSW,,,2042,,,,,,1.0,,,,,,,,,,,,,,,
0,0,BAU,NO_OSS,GAS_MSW,,,2043,,,,,,1.0,,,,,,,,,,,,,,,
0,0,BAU,NO_OSS,GAS_MSW,,,2044,,,,,,1.0,,,,,,,,,,,,,,,
0,0,BAU,NO_OSS,GAS_MSW,,,2045,,,,,,1.0,,,,,,,,,,,,,,,
0,0,BAU,NO_OSS,GAS_MSW,,,2046,,,,,,1.0,,,,,,,,,,,,,,,
0,0,BAU,NO_OSS,GAS_MSW,,,2047,,,,,,1.0,,,,,,,,,,,,,,,
0,0,BAU,NO_OSS,GAS_MSW,,,2048,,,,,,1.0,,,,,,,,,,,,,,,
0,0,BAU,NO_OSS,GAS_MSW,,,2049,,,,,,1.0,,,,,,,,,,,,,,,
0,0,BAU,NO_OSS,GAS_MSW,,,2050,,,,,,1.0,,,,,,,,,,,,,,,
0,0,BAU,NO_OSS,HTC,,,2018,,,,,,1,,,,,,,,,,,,,,,
0,0,BAU,NO_OSS,HTC,,,2019,,,,,,1.0,,,,,,,,,,,,,,,
0,0,BAU,NO_OSS,HTC,,,2020,,,,,,1.0,,,,,,,,,,,,,,,
0,0,BAU,NO_OSS,HTC,,,2021,,,,,,1.0,,,,,,,,,,,,,,,
0,0,BAU,NO_OSS,HTC,,,2022,,,,,,1.0,,,,,,,,,,,,,,,
0,0,BAU,NO_OSS,HTC,,,2023,,,,,,1.0,,,,,,,,,,,,,,,
0,0,BAU,NO_OSS,HTC,,,2024,,,,,,1.0,,,,,,,,,,,,,,,
0,0,BAU,NO_OSS,HTC,,,2025,,,,,,1.0,,,,,,,,,,,,,,,
0,0,BAU,NO_OSS,HTC,,,2026,,,,,,1.0,,,,,,,,,,,,,,,
0,0,BAU,NO_OSS,HTC,,,2027,,,,,,1.0,,,,,,,,,,,,,,,
0,0,BAU,NO_OSS,HTC,,,2028,,,,,,1.0,,,,,,,,,,,,,,,
0,0,BAU,NO_OSS,HTC,,,2029,,,,,,1.0,,,,,,,,,,,,,,,
0,0,BAU,NO_OSS,HTC,,,2030,,,,,,1.0,,,,,,,,,,,,,,,
0,0,BAU,NO_OSS,HTC,,,2031,,,,,,1.0,,,,,,,,,,,,,,,
0,0,BAU,NO_OSS,HTC,,,2032,,,,,,1.0,,,,,,,,,,,,,,,
0,0,BAU,NO_OSS,HTC,,,2033,,,,,,1.0,,,,,,,,,,,,,,,
0,0,BAU,NO_OSS,HTC,,,2034,,,,,,1.0,,,,,,,,,,,,,,,
0,0,BAU,NO_OSS,HTC,,,2035,,,,,,1.0,,,,,,,,,,,,,,,
0,0,BAU,NO_OSS,HTC,,,2036,,,,,,1.0,,,,,,,,,,,,,,,
0,0,BAU,NO_OSS,HTC,,,2037,,,,,,1.0,,,,,,,,,,,,,,,
0,0,BAU,NO_OSS,HTC,,,2038,,,,,,1.0,,,,,,,,,,,,,,,
0,0,BAU,NO_OSS,HTC,,,2039,,,,,,1.0,,,,,,,,,,,,,,,
0,0,BAU,NO_OSS,HTC,,,2040,,,,,,1.0,,,,,,,,,,,,,,,
0,0,BAU,NO_OSS,HTC,,,2041,,,,,,1.0,,,,,,,,,,,,,,,
0,0,BAU,NO_OSS,HTC,,,2042,,,,,,1.0,,,,,,,,,,,,,,,
0,0,BAU,NO_OSS,HTC,,,2043,,,,,,1.0,,,,,,,,,,,,,,,
0,0,BAU,NO_OSS,HTC,,,2044,,,,,,1.0,,,,,,,,,,,,,,,
0,0,BAU,NO_OSS,HTC,,,2045,,,,,,1.0,,,,,,,,,,,,,,,
0,0,BAU,NO_OSS,HTC,,,2046,,,,,,1.0,,,,,,,,,,,,,,,
0,0,BAU,NO_OSS,HTC,,,2047,,,,,,1.0,,,,,,,,,,,,,,,
0,0,BAU,NO_OSS,HTC,,,2048,,,,,,1.0,,,,,,,,,,,,,,,
0,0,BAU,NO_OSS,HTC,,,2049,,,,,,1.0,,,,,,,,,,,,,,,
0,0,BAU,NO_OSS,HTC,,,2050,,,,,,1.0,,,,,,,,,,,,,,,
0,0,BAU,NO_COLL_SDF,OPEN_BURN,,,2018,,,,,,1,,,,,,,,,,,,,,,
0,0,BAU,NO_COLL_SDF,OPEN_BURN,,,2019,,,,,,1.0,,,,,,,,,,,,,,,
0,0,BAU,NO_COLL_SDF,OPEN_BURN,,,2020,,,,,,1.0,,,,,,,,,,,,,,,
0,0,BAU,NO_COLL_SDF,OPEN_BURN,,,2021,,,,,,1.0,,,,,,,,,,,,,,,
0,0,BAU,NO_COLL_SDF,OPEN_BURN,,,2022,,,,,,1.0,,,,,,,,,,,,,,,
0,0,BAU,NO_COLL_SDF,OPEN_BURN,,,2023,,,,,,1.0,,,,,,,,,,,,,,,
0,0,BAU,NO_COLL_SDF,OPEN_BURN,,,2024,,,,,,1.0,,,,,,,,,,,,,,,
0,0,BAU,NO_COLL_SDF,OPEN_BURN,,,2025,,,,,,1.0,,,,,,,,,,,,,,,
0,0,BAU,NO_COLL_SDF,OPEN_BURN,,,2026,,,,,,1.0,,,,,,,,,,,,,,,
0,0,BAU,NO_COLL_SDF,OPEN_BURN,,,2027,,,,,,1.0,,,,,,,,,,,,,,,
0,0,BAU,NO_COLL_SDF,OPEN_BURN,,,2028,,,,,,1.0,,,,,,,,,,,,,,,
0,0,BAU,NO_COLL_SDF,OPEN_BURN,,,2029,,,,,,1.0,,,,,,,,,,,,,,,
0,0,BAU,NO_COLL_SDF,OPEN_BURN,,,2030,,,,,,1.0,,,,,,,,,,,,,,,
0,0,BAU,NO_COLL_SDF,OPEN_BURN,,,2031,,,,,,1.0,,,,,,,,,,,,,,,
0,0,BAU,NO_COLL_SDF,OPEN_BURN,,,2032,,,,,,1.0,,,,,,,,,,,,,,,
0,0,BAU,NO_COLL_SDF,OPEN_BURN,,,2033,,,,,,1.0,,,,,,,,,,,,,,,
0,0,BAU,NO_COLL_SDF,OPEN_BURN,,,2034,,,,,,1.0,,,,,,,,,,,,,,,
0,0,BAU,NO_COLL_SDF,OPEN_BURN,,,2035,,,,,,1.0,,,,,,,,,,,,,,,
0,0,BAU,NO_COLL_SDF,OPEN_BURN,,,2036,,,,,,1.0,,,,,,,,,,,,,,,
0,0,BAU,NO_COLL_SDF,OPEN_BURN,,,2037,,,,,,1.0,,,,,,,,,,,,,,,
0,0,BAU,NO_COLL_SDF,OPEN_BURN,,,2038,,,,,,1.0,,,,,,,,,,,,,,,
0,0,BAU,NO_COLL_SDF,OPEN_BURN,,,2039,,,,,,1.0,,,,,,,,,,,,,,,
0,0,BAU,NO_COLL_SDF,OPEN_BURN,,,2040,,,,,,1.0,,,,,,,,,,,,,,,
0,0,BAU,NO_COLL_SDF,OPEN_BURN,,,2041,,,,,,1.0,,,,,,,,,,,,,,,
0,0,BAU,NO_COLL_SDF,OPEN_BURN,,,2042,,,,,,1.0,,,,,,,,,,,,,,,
0,0,BAU,NO_COLL_SDF,OPEN_BURN,,,2043,,,,,,1.0,,,,,,,,,,,,,,,
0,0,BAU,NO_COLL_SDF,OPEN_BURN,,,2044,,,,,,1.0,,,,,,,,,,,,,,,
0,0,BAU,NO_COLL_SDF,OPEN_BURN,,,2045,,,,,,1.0,,,,,,,,,,,,,,,
0,0,BAU,NO_COLL_SDF,OPEN_BURN,,,2046,,,,,,1.0,,,,,,,,,,,,,,,
0,0,BAU,NO_COLL_SDF,OPEN_BURN,,,2047,,,,,,1.0,,,,,,,,,,,,,,,
0,0,BAU,NO_COLL_SDF,OPEN_BURN,,,2048,,,,,,1.0,,,,,,,,,,,,,,,
0,0,BAU,NO_COLL_SDF,OPEN_BURN,,,2049,,,,,,1.0,,,,,,,,,,,,,,,
0,0,BAU,NO_COLL_SDF,OPEN_BURN,,,2050,,,,,,1.0,,,,,,,,,,,,,,,
0,0,BAU,NO_COLL_SDF,SIT_CLAN,,,2018,,,,,,1,,,,,,,,,,,,,,,
0,0,BAU,NO_COLL_SDF,SIT_CLAN,,,2019,,,,,,1.0,,,,,,,,,,,,,,,
0,0,BAU,NO_COLL_SDF,SIT_CLAN,,,2020,,,,,,1.0,,,,,,,,,,,,,,,
0,0,BAU,NO_COLL_SDF,SIT_CLAN,,,2021,,,,,,1.0,,,,,,,,,,,,,,,
0,0,BAU,NO_COLL_SDF,SIT_CLAN,,,2022,,,,,,1.0,,,,,,,,,,,,,,,
0,0,BAU,NO_COLL_SDF,SIT_CLAN,,,2023,,,,,,1.0,,,,,,,,,,,,,,,
0,0,BAU,NO_COLL_SDF,SIT_CLAN,,,2024,,,,,,1.0,,,,,,,,,,,,,,,
0,0,BAU,NO_COLL_SDF,SIT_CLAN,,,2025,,,,,,1.0,,,,,,,,,,,,,,,
0,0,BAU,NO_COLL_SDF,SIT_CLAN,,,2026,,,,,,1.0,,,,,,,,,,,,,,,
0,0,BAU,NO_COLL_SDF,SIT_CLAN,,,2027,,,,,,1.0,,,,,,,,,,,,,,,
0,0,BAU,NO_COLL_SDF,SIT_CLAN,,,2028,,,,,,1.0,,,,,,,,,,,,,,,
0,0,BAU,NO_COLL_SDF,SIT_CLAN,,,2029,,,,,,1.0,,,,,,,,,,,,,,,
0,0,BAU,NO_COLL_SDF,SIT_CLAN,,,2030,,,,,,1.0,,,,,,,,,,,,,,,
0,0,BAU,NO_COLL_SDF,SIT_CLAN,,,2031,,,,,,1.0,,,,,,,,,,,,,,,
0,0,BAU,NO_COLL_SDF,SIT_CLAN,,,2032,,,,,,1.0,,,,,,,,,,,,,,,
0,0,BAU,NO_COLL_SDF,SIT_CLAN,,,2033,,,,,,1.0,,,,,,,,,,,,,,,
0,0,BAU,NO_COLL_SDF,SIT_CLAN,,,2034,,,,,,1.0,,,,,,,,,,,,,,,
0,0,BAU,NO_COLL_SDF,SIT_CLAN,,,2035,,,,,,1.0,,,,,,,,,,,,,,,
0,0,BAU,NO_COLL_SDF,SIT_CLAN,,,2036,,,,,,1.0,,,,,,,,,,,,,,,
0,0,BAU,NO_COLL_SDF,SIT_CLAN,,,2037,,,,,,1.0,,,,,,,,,,,,,,,
0,0,BAU,NO_COLL_SDF,SIT_CLAN,,,2038,,,,,,1.0,,,,,,,,,,,,,,,
0,0,BAU,NO_COLL_SDF,SIT_CLAN,,,2039,,,,,,1.0,,,,,,,,,,,,,,,
0,0,BAU,NO_COLL_SDF,SIT_CLAN,,,2040,,,,,,1.0,,,,,,,,,,,,,,,
0,0,BAU,NO_COLL_SDF,SIT_CLAN,,,2041,,,,,,1.0,,,,,,,,,,,,,,,
0,0,BAU,NO_COLL_SDF,SIT_CLAN,,,2042,,,,,,1.0,,,,,,,,,,,,,,,
0,0,BAU,NO_COLL_SDF,SIT_CLAN,,,2043,,,,,,1.0,,,,,,,,,,,,,,,
0,0,BAU,NO_COLL_SDF,SIT_CLAN,,,2044,,,,,,1.0,,,,,,,,,,,,,,,
0,0,BAU,NO_COLL_SDF,SIT_CLAN,,,2045,,,,,,1.0,,,,,,,,,,,,,,,
0,0,BAU,NO_COLL_SDF,SIT_CLAN,,,2046,,,,,,1.0,,,,,,,,,,,,,,,
0,0,BAU,NO_COLL_SDF,SIT_CLAN,,,2047,,,,,,1.0,,,,,,,,,,,,,,,
0,0,BAU,NO_COLL_SDF,SIT_CLAN,,,2048,,,,,,1.0,,,,,,,,,,,,,,,
0,0,BAU,NO_COLL_SDF,SIT_CLAN,,,2049,,,,,,1.0,,,,,,,,,,,,,,,
0,0,BAU,NO_COLL_SDF,SIT_CLAN,,,2050,,,,,,1.0,,,,,,,,,,,,,,,
0,0,BAU,LANDFILL_ELEC,LANDFILL_ELEC,,,2018,,,,,,1,,,,,,,,,,,,,,,
0,0,BAU,LANDFILL_ELEC,LANDFILL_ELEC,,,2019,,,,,,1.0,,,,,,,,,,,,,,,
0,0,BAU,LANDFILL_ELEC,LANDFILL_ELEC,,,2020,,,,,,1.0,,,,,,,,,,,,,,,
0,0,BAU,LANDFILL_ELEC,LANDFILL_ELEC,,,2021,,,,,,1.0,,,,,,,,,,,,,,,
0,0,BAU,LANDFILL_ELEC,LANDFILL_ELEC,,,2022,,,,,,1.0,,,,,,,,,,,,,,,
0,0,BAU,LANDFILL_ELEC,LANDFILL_ELEC,,,2023,,,,,,1.0,,,,,,,,,,,,,,,
0,0,BAU,LANDFILL_ELEC,LANDFILL_ELEC,,,2024,,,,,,1.0,,,,,,,,,,,,,,,
0,0,BAU,LANDFILL_ELEC,LANDFILL_ELEC,,,2025,,,,,,1.0,,,,,,,,,,,,,,,
0,0,BAU,LANDFILL_ELEC,LANDFILL_ELEC,,,2026,,,,,,1.0,,,,,,,,,,,,,,,
0,0,BAU,LANDFILL_ELEC,LANDFILL_ELEC,,,2027,,,,,,1.0,,,,,,,,,,,,,,,
0,0,BAU,LANDFILL_ELEC,LANDFILL_ELEC,,,2028,,,,,,1.0,,,,,,,,,,,,,,,
0,0,BAU,LANDFILL_ELEC,LANDFILL_ELEC,,,2029,,,,,,1.0,,,,,,,,,,,,,,,
0,0,BAU,LANDFILL_ELEC,LANDFILL_ELEC,,,2030,,,,,,1.0,,,,,,,,,,,,,,,
0,0,BAU,LANDFILL_ELEC,LANDFILL_ELEC,,,2031,,,,,,1.0,,,,,,,,,,,,,,,
0,0,BAU,LANDFILL_ELEC,LANDFILL_ELEC,,,2032,,,,,,1.0,,,,,,,,,,,,,,,
0,0,BAU,LANDFILL_ELEC,LANDFILL_ELEC,,,2033,,,,,,1.0,,,,,,,,,,,,,,,
0,0,BAU,LANDFILL_ELEC,LANDFILL_ELEC,,,2034,,,,,,1.0,,,,,,,,,,,,,,,
0,0,BAU,LANDFILL_ELEC,LANDFILL_ELEC,,,2035,,,,,,1.0,,,,,,,,,,,,,,,
0,0,BAU,LANDFILL_ELEC,LANDFILL_ELEC,,,2036,,,,,,1.0,,,,,,,,,,,,,,,
0,0,BAU,LANDFILL_ELEC,LANDFILL_ELEC,,,2037,,,,,,1.0,,,,,,,,,,,,,,,
0,0,BAU,LANDFILL_ELEC,LANDFILL_ELEC,,,2038,,,,,,1.0,,,,,,,,,,,,,,,
0,0,BAU,LANDFILL_ELEC,LANDFILL_ELEC,,,2039,,,,,,1.0,,,,,,,,,,,,,,,
0,0,BAU,LANDFILL_ELEC,LANDFILL_ELEC,,,2040,,,,,,1.0,,,,,,,,,,,,,,,
0,0,BAU,LANDFILL_ELEC,LANDFILL_ELEC,,,2041,,,,,,1.0,,,,,,,,,,,,,,,
0,0,BAU,LANDFILL_ELEC,LANDFILL_ELEC,,,2042,,,,,,1.0,,,,,,,,,,,,,,,
0,0,BAU,LANDFILL_ELEC,LANDFILL_ELEC,,,2043,,,,,,1.0,,,,,,,,,,,,,,,
0,0,BAU,LANDFILL_ELEC,LANDFILL_ELEC,,,2044,,,,,,1.0,,,,,,,,,,,,,,,
0,0,BAU,LANDFILL_ELEC,LANDFILL_ELEC,,,2045,,,,,,1.0,,,,,,,,,,,,,,,
0,0,BAU,LANDFILL_ELEC,LANDFILL_ELEC,,,2046,,,,,,1.0,,,,,,,,,,,,,,,
0,0,BAU,LANDFILL_ELEC,LANDFILL_ELEC,,,2047,,,,,,1.0,,,,,,,,,,,,,,,
0,0,BAU,LANDFILL_ELEC,LANDFILL_ELEC,,,2048,,,,,,1.0,,,,,,,,,,,,,,,
0,0,BAU,LANDFILL_ELEC,LANDFILL_ELEC,,,2049,,,,,,1.0,,,,,,,,,,,,,,,
0,0,BAU,LANDFILL_ELEC,LANDFILL_ELEC,,,2050,,,,,,1.0,,,,,,,,,,,,,,,
0,0,BAU,IND_SW,IND_SW,,,2018,,,,,,1,,,,,,,,,,,,,,,
0,0,BAU,IND_SW,IND_SW,,,2019,,,,,,1.0,,,,,,,,,,,,,,,
0,0,BAU,IND_SW,IND_SW,,,2020,,,,,,1.0,,,,,,,,,,,,,,,
0,0,BAU,IND_SW,IND_SW,,,2021,,,,,,1.0,,,,,,,,,,,,,,,
0,0,BAU,IND_SW,IND_SW,,,2022,,,,,,1.0,,,,,,,,,,,,,,,
0,0,BAU,IND_SW,IND_SW,,,2023,,,,,,1.0,,,,,,,,,,,,,,,
0,0,BAU,IND_SW,IND_SW,,,2024,,,,,,1.0,,,,,,,,,,,,,,,
0,0,BAU,IND_SW,IND_SW,,,2025,,,,,,1.0,,,,,,,,,,,,,,,
0,0,BAU,IND_SW,IND_SW,,,2026,,,,,,1.0,,,,,,,,,,,,,,,
0,0,BAU,IND_SW,IND_SW,,,2027,,,,,,1.0,,,,,,,,,,,,,,,
0,0,BAU,IND_SW,IND_SW,,,2028,,,,,,1.0,,,,,,,,,,,,,,,
0,0,BAU,IND_SW,IND_SW,,,2029,,,,,,1.0,,,,,,,,,,,,,,,
0,0,BAU,IND_SW,IND_SW,,,2030,,,,,,1.0,,,,,,,,,,,,,,,
0,0,BAU,IND_SW,IND_SW,,,2031,,,,,,1.0,,,,,,,,,,,,,,,
0,0,BAU,IND_SW,IND_SW,,,2032,,,,,,1.0,,,,,,,,,,,,,,,
0,0,BAU,IND_SW,IND_SW,,,2033,,,,,,1.0,,,,,,,,,,,,,,,
0,0,BAU,IND_SW,IND_SW,,,2034,,,,,,1.0,,,,,,,,,,,,,,,
0,0,BAU,IND_SW,IND_SW,,,2035,,,,,,1.0,,,,,,,,,,,,,,,
0,0,BAU,IND_SW,IND_SW,,,2036,,,,,,1.0,,,,,,,,,,,,,,,
0,0,BAU,IND_SW,IND_SW,,,2037,,,,,,1.0,,,,,,,,,,,,,,,
0,0,BAU,IND_SW,IND_SW,,,2038,,,,,,1.0,,,,,,,,,,,,,,,
0,0,BAU,IND_SW,IND_SW,,,2039,,,,,,1.0,,,,,,,,,,,,,,,
0,0,BAU,IND_SW,IND_SW,,,2040,,,,,,1.0,,,,,,,,,,,,,,,
0,0,BAU,IND_SW,IND_SW,,,2041,,,,,,1.0,,,,,,,,,,,,,,,
0,0,BAU,IND_SW,IND_SW,,,2042,,,,,,1.0,,,,,,,,,,,,,,,
0,0,BAU,IND_SW,IND_SW,,,2043,,,,,,1.0,,,,,,,,,,,,,,,
0,0,BAU,IND_SW,IND_SW,,,2044,,,,,,1.0,,,,,,,,,,,,,,,
0,0,BAU,IND_SW,IND_SW,,,2045,,,,,,1.0,,,,,,,,,,,,,,,
0,0,BAU,IND_SW,IND_SW,,,2046,,,,,,1.0,,,,,,,,,,,,,,,
0,0,BAU,IND_SW,IND_SW,,,2047,,,,,,1.0,,,,,,,,,,,,,,,
0,0,BAU,IND_SW,IND_SW,,,2048,,,,,,1.0,,,,,,,,,,,,,,,
0,0,BAU,IND_SW,IND_SW,,,2049,,,,,,1.0,,,,,,,,,,,,,,,
0,0,BAU,IND_SW,IND_SW,,,2050,,,,,,1.0,,,,,,,,,,,,,,,
0,0,BAU,CO2_CH4_BURN,CO2_CH4_BURN,,,2018,,,,,,1,,,,,,,,,,,,,,,
0,0,BAU,CO2_CH4_BURN,CO2_CH4_BURN,,,2019,,,,,,1.0,,,,,,,,,,,,,,,
0,0,BAU,CO2_CH4_BURN,CO2_CH4_BURN,,,2020,,,,,,1.0,,,,,,,,,,,,,,,
0,0,BAU,CO2_CH4_BURN,CO2_CH4_BURN,,,2021,,,,,,1.0,,,,,,,,,,,,,,,
0,0,BAU,CO2_CH4_BURN,CO2_CH4_BURN,,,2022,,,,,,1.0,,,,,,,,,,,,,,,
0,0,BAU,CO2_CH4_BURN,CO2_CH4_BURN,,,2023,,,,,,1.0,,,,,,,,,,,,,,,
0,0,BAU,CO2_CH4_BURN,CO2_CH4_BURN,,,2024,,,,,,1.0,,,,,,,,,,,,,,,
0,0,BAU,CO2_CH4_BURN,CO2_CH4_BURN,,,2025,,,,,,1.0,,,,,,,,,,,,,,,
0,0,BAU,CO2_CH4_BURN,CO2_CH4_BURN,,,2026,,,,,,1.0,,,,,,,,,,,,,,,
0,0,BAU,CO2_CH4_BURN,CO2_CH4_BURN,,,2027,,,,,,1.0,,,,,,,,,,,,,,,
0,0,BAU,CO2_CH4_BURN,CO2_CH4_BURN,,,2028,,,,,,1.0,,,,,,,,,,,,,,,
0,0,BAU,CO2_CH4_BURN,CO2_CH4_BURN,,,2029,,,,,,1.0,,,,,,,,,,,,,,,
0,0,BAU,CO2_CH4_BURN,CO2_CH4_BURN,,,2030,,,,,,1.0,,,,,,,,,,,,,,,
0,0,BAU,CO2_CH4_BURN,CO2_CH4_BURN,,,2031,,,,,,1.0,,,,,,,,,,,,,,,
0,0,BAU,CO2_CH4_BURN,CO2_CH4_BURN,,,2032,,,,,,1.0,,,,,,,,,,,,,,,
0,0,BAU,CO2_CH4_BURN,CO2_CH4_BURN,,,2033,,,,,,1.0,,,,,,,,,,,,,,,
0,0,BAU,CO2_CH4_BURN,CO2_CH4_BURN,,,2034,,,,,,1.0,,,,,,,,,,,,,,,
0,0,BAU,CO2_CH4_BURN,CO2_CH4_BURN,,,2035,,,,,,1.0,,,,,,,,,,,,,,,
0,0,BAU,CO2_CH4_BURN,CO2_CH4_BURN,,,2036,,,,,,1.0,,,,,,,,,,,,,,,
0,0,BAU,CO2_CH4_BURN,CO2_CH4_BURN,,,2037,,,,,,1.0,,,,,,,,,,,,,,,
0,0,BAU,CO2_CH4_BURN,CO2_CH4_BURN,,,2038,,,,,,1.0,,,,,,,,,,,,,,,
0,0,BAU,CO2_CH4_BURN,CO2_CH4_BURN,,,2039,,,,,,1.0,,,,,,,,,,,,,,,
0,0,BAU,CO2_CH4_BURN,CO2_CH4_BURN,,,2040,,,,,,1.0,,,,,,,,,,,,,,,
0,0,BAU,CO2_CH4_BURN,CO2_CH4_BURN,,,2041,,,,,,1.0,,,,,,,,,,,,,,,
0,0,BAU,CO2_CH4_BURN,CO2_CH4_BURN,,,2042,,,,,,1.0,,,,,,,,,,,,,,,
0,0,BAU,CO2_CH4_BURN,CO2_CH4_BURN,,,2043,,,,,,1.0,,,,,,,,,,,,,,,
0,0,BAU,CO2_CH4_BURN,CO2_CH4_BURN,,,2044,,,,,,1.0,,,,,,,,,,,,,,,
0,0,BAU,CO2_CH4_BURN,CO2_CH4_BURN,,,2045,,,,,,1.0,,,,,,,,,,,,,,,
0,0,BAU,CO2_CH4_BURN,CO2_CH4_BURN,,,2046,,,,,,1.0,,,,,,,,,,,,,,,
0,0,BAU,CO2_CH4_BURN,CO2_CH4_BURN,,,2047,,,,,,1.0,,,,,,,,,,,,,,,
0,0,BAU,CO2_CH4_BURN,CO2_CH4_BURN,,,2048,,,,,,1.0,,,,,,,,,,,,,,,
0,0,BAU,CO2_CH4_BURN,CO2_CH4_BURN,,,2049,,,,,,1.0,,,,,,,,,,,,,,,
0,0,BAU,CO2_CH4_BURN,CO2_CH4_BURN,,,2050,,,,,,1.0,,,,,,,,,,,,,,,
0,0,BAU,SEWERWW,PTAR_OLD,,,2018,,,,,,1,,,,,,,,,,,,,,,
0,0,BAU,SEWERWW,PTAR_OLD,,,2019,,,,,,1.0,,,,,,,,,,,,,,,
0,0,BAU,SEWERWW,PTAR_OLD,,,2020,,,,,,1.0,,,,,,,,,,,,,,,
0,0,BAU,SEWERWW,PTAR_OLD,,,2021,,,,,,1.0,,,,,,,,,,,,,,,
0,0,BAU,SEWERWW,PTAR_OLD,,,2022,,,,,,1.0,,,,,,,,,,,,,,,
0,0,BAU,SEWERWW,PTAR_OLD,,,2023,,,,,,1.0,,,,,,,,,,,,,,,
0,0,BAU,SEWERWW,PTAR_OLD,,,2024,,,,,,1.0,,,,,,,,,,,,,,,
0,0,BAU,SEWERWW,PTAR_OLD,,,2025,,,,,,1.0,,,,,,,,,,,,,,,
0,0,BAU,SEWERWW,PTAR_OLD,,,2026,,,,,,1.0,,,,,,,,,,,,,,,
0,0,BAU,SEWERWW,PTAR_OLD,,,2027,,,,,,1.0,,,,,,,,,,,,,,,
0,0,BAU,SEWERWW,PTAR_OLD,,,2028,,,,,,1.0,,,,,,,,,,,,,,,
0,0,BAU,SEWERWW,PTAR_OLD,,,2029,,,,,,1.0,,,,,,,,,,,,,,,
0,0,BAU,SEWERWW,PTAR_OLD,,,2030,,,,,,1.0,,,,,,,,,,,,,,,
0,0,BAU,SEWERWW,PTAR_OLD,,,2031,,,,,,1.0,,,,,,,,,,,,,,,
0,0,BAU,SEWERWW,PTAR_OLD,,,2032,,,,,,1.0,,,,,,,,,,,,,,,
0,0,BAU,SEWERWW,PTAR_OLD,,,2033,,,,,,1.0,,,,,,,,,,,,,,,
0,0,BAU,SEWERWW,PTAR_OLD,,,2034,,,,,,1.0,,,,,,,,,,,,,,,
0,0,BAU,SEWERWW,PTAR_OLD,,,2035,,,,,,1.0,,,,,,,,,,,,,,,
0,0,BAU,SEWERWW,PTAR_OLD,,,2036,,,,,,1.0,,,,,,,,,,,,,,,
0,0,BAU,SEWERWW,PTAR_OLD,,,2037,,,,,,1.0,,,,,,,,,,,,,,,
0,0,BAU,SEWERWW,PTAR_OLD,,,2038,,,,,,1.0,,,,,,,,,,,,,,,
0,0,BAU,SEWERWW,PTAR_OLD,,,2039,,,,,,1.0,,,,,,,,,,,,,,,
0,0,BAU,SEWERWW,PTAR_OLD,,,2040,,,,,,1.0,,,,,,,,,,,,,,,
0,0,BAU,SEWERWW,PTAR_OLD,,,2041,,,,,,1.0,,,,,,,,,,,,,,,
0,0,BAU,SEWERWW,PTAR_OLD,,,2042,,,,,,1.0,,,,,,,,,,,,,,,
0,0,BAU,SEWERWW,PTAR_OLD,,,2043,,,,,,1.0,,,,,,,,,,,,,,,
0,0,BAU,SEWERWW,PTAR_OLD,,,2044,,,,,,1.0,,,,,,,,,,,,,,,
0,0,BAU,SEWERWW,PTAR_OLD,,,2045,,,,,,1.0,,,,,,,,,,,,,,,
0,0,BAU,SEWERWW,PTAR_OLD,,,2046,,,,,,1.0,,,,,,,,,,,,,,,
0,0,BAU,SEWERWW,PTAR_OLD,,,2047,,,,,,1.0,,,,,,,,,,,,,,,
0,0,BAU,SEWERWW,PTAR_OLD,,,2048,,,,,,1.0,,,,,,,,,,,,,,,
0,0,BAU,SEWERWW,PTAR_OLD,,,2049,,,,,,1.0,,,,,,,,,,,,,,,
0,0,BAU,SEWERWW,PTAR_OLD,,,2050,,,,,,1.0,,,,,,,,,,,,,,,
0,0,BAU,SEWERWW,PTAR_NEW,,,2018,,,,,,1,,,,,,,,,,,,,,,
0,0,BAU,SEWERWW,PTAR_NEW,,,2019,,,,,,1.0,,,,,,,,,,,,,,,
0,0,BAU,SEWERWW,PTAR_NEW,,,2020,,,,,,1.0,,,,,,,,,,,,,,,
0,0,BAU,SEWERWW,PTAR_NEW,,,2021,,,,,,1.0,,,,,,,,,,,,,,,
0,0,BAU,SEWERWW,PTAR_NEW,,,2022,,,,,,1.0,,,,,,,,,,,,,,,
0,0,BAU,SEWERWW,PTAR_NEW,,,2023,,,,,,1.0,,,,,,,,,,,,,,,
0,0,BAU,SEWERWW,PTAR_NEW,,,2024,,,,,,1.0,,,,,,,,,,,,,,,
0,0,BAU,SEWERWW,PTAR_NEW,,,2025,,,,,,1.0,,,,,,,,,,,,,,,
0,0,BAU,SEWERWW,PTAR_NEW,,,2026,,,,,,1.0,,,,,,,,,,,,,,,
0,0,BAU,SEWERWW,PTAR_NEW,,,2027,,,,,,1.0,,,,,,,,,,,,,,,
0,0,BAU,SEWERWW,PTAR_NEW,,,2028,,,,,,1.0,,,,,,,,,,,,,,,
0,0,BAU,SEWERWW,PTAR_NEW,,,2029,,,,,,1.0,,,,,,,,,,,,,,,
0,0,BAU,SEWERWW,PTAR_NEW,,,2030,,,,,,1.0,,,,,,,,,,,,,,,
0,0,BAU,SEWERWW,PTAR_NEW,,,2031,,,,,,1.0,,,,,,,,,,,,,,,
0,0,BAU,SEWERWW,PTAR_NEW,,,2032,,,,,,1.0,,,,,,,,,,,,,,,
0,0,BAU,SEWERWW,PTAR_NEW,,,2033,,,,,,1.0,,,,,,,,,,,,,,,
0,0,BAU,SEWERWW,PTAR_NEW,,,2034,,,,,,1.0,,,,,,,,,,,,,,,
0,0,BAU,SEWERWW,PTAR_NEW,,,2035,,,,,,1.0,,,,,,,,,,,,,,,
0,0,BAU,SEWERWW,PTAR_NEW,,,2036,,,,,,1.0,,,,,,,,,,,,,,,
0,0,BAU,SEWERWW,PTAR_NEW,,,2037,,,,,,1.0,,,,,,,,,,,,,,,
0,0,BAU,SEWERWW,PTAR_NEW,,,2038,,,,,,1.0,,,,,,,,,,,,,,,
0,0,BAU,SEWERWW,PTAR_NEW,,,2039,,,,,,1.0,,,,,,,,,,,,,,,
0,0,BAU,SEWERWW,PTAR_NEW,,,2040,,,,,,1.0,,,,,,,,,,,,,,,
0,0,BAU,SEWERWW,PTAR_NEW,,,2041,,,,,,1.0,,,,,,,,,,,,,,,
0,0,BAU,SEWERWW,PTAR_NEW,,,2042,,,,,,1.0,,,,,,,,,,,,,,,
0,0,BAU,SEWERWW,PTAR_NEW,,,2043,,,,,,1.0,,,,,,,,,,,,,,,
0,0,BAU,SEWERWW,PTAR_NEW,,,2044,,,,,,1.0,,,,,,,,,,,,,,,
0,0,BAU,SEWERWW,PTAR_NEW,,,2045,,,,,,1.0,,,,,,,,,,,,,,,
0,0,BAU,SEWERWW,PTAR_NEW,,,2046,,,,,,1.0,,,,,,,,,,,,,,,
0,0,BAU,SEWERWW,PTAR_NEW,,,2047,,,,,,1.0,,,,,,,,,,,,,,,
0,0,BAU,SEWERWW,PTAR_NEW,,,2048,,,,,,1.0,,,,,,,,,,,,,,,
0,0,BAU,SEWERWW,PTAR_NEW,,,2049,,,,,,1.0,,,,,,,,,,,,,,,
0,0,BAU,SEWERWW,PTAR_NEW,,,2050,,,,,,1.0,,,,,,,,,,,,,,,
0,0,BAU,SEWERWW,SEWER_NO_T,,,2018,,,,,,1,,,,,,,,,,,,,,,
0,0,BAU,SEWERWW,SEWER_NO_T,,,2019,,,,,,1.0,,,,,,,,,,,,,,,
0,0,BAU,SEWERWW,SEWER_NO_T,,,2020,,,,,,1.0,,,,,,,,,,,,,,,
0,0,BAU,SEWERWW,SEWER_NO_T,,,2021,,,,,,1.0,,,,,,,,,,,,,,,
0,0,BAU,SEWERWW,SEWER_NO_T,,,2022,,,,,,1.0,,,,,,,,,,,,,,,
0,0,BAU,SEWERWW,SEWER_NO_T,,,2023,,,,,,1.0,,,,,,,,,,,,,,,
0,0,BAU,SEWERWW,SEWER_NO_T,,,2024,,,,,,1.0,,,,,,,,,,,,,,,
0,0,BAU,SEWERWW,SEWER_NO_T,,,2025,,,,,,1.0,,,,,,,,,,,,,,,
0,0,BAU,SEWERWW,SEWER_NO_T,,,2026,,,,,,1.0,,,,,,,,,,,,,,,
0,0,BAU,SEWERWW,SEWER_NO_T,,,2027,,,,,,1.0,,,,,,,,,,,,,,,
0,0,BAU,SEWERWW,SEWER_NO_T,,,2028,,,,,,1.0,,,,,,,,,,,,,,,
0,0,BAU,SEWERWW,SEWER_NO_T,,,2029,,,,,,1.0,,,,,,,,,,,,,,,
0,0,BAU,SEWERWW,SEWER_NO_T,,,2030,,,,,,1.0,,,,,,,,,,,,,,,
0,0,BAU,SEWERWW,SEWER_NO_T,,,2031,,,,,,1.0,,,,,,,,,,,,,,,
0,0,BAU,SEWERWW,SEWER_NO_T,,,2032,,,,,,1.0,,,,,,,,,,,,,,,
0,0,BAU,SEWERWW,SEWER_NO_T,,,2033,,,,,,1.0,,,,,,,,,,,,,,,
0,0,BAU,SEWERWW,SEWER_NO_T,,,2034,,,,,,1.0,,,,,,,,,,,,,,,
0,0,BAU,SEWERWW,SEWER_NO_T,,,2035,,,,,,1.0,,,,,,,,,,,,,,,
0,0,BAU,SEWERWW,SEWER_NO_T,,,2036,,,,,,1.0,,,,,,,,,,,,,,,
0,0,BAU,SEWERWW,SEWER_NO_T,,,2037,,,,,,1.0,,,,,,,,,,,,,,,
0,0,BAU,SEWERWW,SEWER_NO_T,,,2038,,,,,,1.0,,,,,,,,,,,,,,,
0,0,BAU,SEWERWW,SEWER_NO_T,,,2039,,,,,,1.0,,,,,,,,,,,,,,,
0,0,BAU,SEWERWW,SEWER_NO_T,,,2040,,,,,,1.0,,,,,,,,,,,,,,,
0,0,BAU,SEWERWW,SEWER_NO_T,,,2041,,,,,,1.0,,,,,,,,,,,,,,,
0,0,BAU,SEWERWW,SEWER_NO_T,,,2042,,,,,,1.0,,,,,,,,,,,,,,,
0,0,BAU,SEWERWW,SEWER_NO_T,,,2043,,,,,,1.0,,,,,,,,,,,,,,,
0,0,BAU,SEWERWW,SEWER_NO_T,,,2044,,,,,,1.0,,,,,,,,,,,,,,,
0,0,BAU,SEWERWW,SEWER_NO_T,,,2045,,,,,,1.0,,,,,,,,,,,,,,,
0,0,BAU,SEWERWW,SEWER_NO_T,,,2046,,,,,,1.0,,,,,,,,,,,,,,,
0,0,BAU,SEWERWW,SEWER_NO_T,,,2047,,,,,,1.0,,,,,,,,,,,,,,,
0,0,BAU,SEWERWW,SEWER_NO_T,,,2048,,,,,,1.0,,,,,,,,,,,,,,,
0,0,BAU,SEWERWW,SEWER_NO_T,,,2049,,,,,,1.0,,,,,,,,,,,,,,,
0,0,BAU,SEWERWW,SEWER_NO_T,,,2050,,,,,,1.0,,,,,,,,,,,,,,,
0,0,BAU,DIRECT_DISC,SEPT_SYST,,,2018,,,,,,1,,,,,,,,,,,,,,,
0,0,BAU,DIRECT_DISC,SEPT_SYST,,,2019,,,,,,1.0,,,,,,,,,,,,,,,
0,0,BAU,DIRECT_DISC,SEPT_SYST,,,2020,,,,,,1.0,,,,,,,,,,,,,,,
0,0,BAU,DIRECT_DISC,SEPT_SYST,,,2021,,,,,,1.0,,,,,,,,,,,,,,,
0,0,BAU,DIRECT_DISC,SEPT_SYST,,,2022,,,,,,1.0,,,,,,,,,,,,,,,
0,0,BAU,DIRECT_DISC,SEPT_SYST,,,2023,,,,,,1.0,,,,,,,,,,,,,,,
0,0,BAU,DIRECT_DISC,SEPT_SYST,,,2024,,,,,,1.0,,,,,,,,,,,,,,,
0,0,BAU,DIRECT_DISC,SEPT_SYST,,,2025,,,,,,1.0,,,,,,,,,,,,,,,
0,0,BAU,DIRECT_DISC,SEPT_SYST,,,2026,,,,,,1.0,,,,,,,,,,,,,,,
0,0,BAU,DIRECT_DISC,SEPT_SYST,,,2027,,,,,,1.0,,,,,,,,,,,,,,,
0,0,BAU,DIRECT_DISC,SEPT_SYST,,,2028,,,,,,1.0,,,,,,,,,,,,,,,
0,0,BAU,DIRECT_DISC,SEPT_SYST,,,2029,,,,,,1.0,,,,,,,,,,,,,,,
0,0,BAU,DIRECT_DISC,SEPT_SYST,,,2030,,,,,,1.0,,,,,,,,,,,,,,,
0,0,BAU,DIRECT_DISC,SEPT_SYST,,,2031,,,,,,1.0,,,,,,,,,,,,,,,
0,0,BAU,DIRECT_DISC,SEPT_SYST,,,2032,,,,,,1.0,,,,,,,,,,,,,,,
0,0,BAU,DIRECT_DISC,SEPT_SYST,,,2033,,,,,,1.0,,,,,,,,,,,,,,,
0,0,BAU,DIRECT_DISC,SEPT_SYST,,,2034,,,,,,1.0,,,,,,,,,,,,,,,
0,0,BAU,DIRECT_DISC,SEPT_SYST,,,2035,,,,,,1.0,,,,,,,,,,,,,,,
0,0,BAU,DIRECT_DISC,SEPT_SYST,,,2036,,,,,,1.0,,,,,,,,,,,,,,,
0,0,BAU,DIRECT_DISC,SEPT_SYST,,,2037,,,,,,1.0,,,,,,,,,,,,,,,
0,0,BAU,DIRECT_DISC,SEPT_SYST,,,2038,,,,,,1.0,,,,,,,,,,,,,,,
0,0,BAU,DIRECT_DISC,SEPT_SYST,,,2039,,,,,,1.0,,,,,,,,,,,,,,,
0,0,BAU,DIRECT_DISC,SEPT_SYST,,,2040,,,,,,1.0,,,,,,,,,,,,,,,
0,0,BAU,DIRECT_DISC,SEPT_SYST,,,2041,,,,,,1.0,,,,,,,,,,,,,,,
0,0,BAU,DIRECT_DISC,SEPT_SYST,,,2042,,,,,,1.0,,,,,,,,,,,,,,,
0,0,BAU,DIRECT_DISC,SEPT_SYST,,,2043,,,,,,1.0,,,,,,,,,,,,,,,
0,0,BAU,DIRECT_DISC,SEPT_SYST,,,2044,,,,,,1.0,,,,,,,,,,,,,,,
0,0,BAU,DIRECT_DISC,SEPT_SYST,,,2045,,,,,,1.0,,,,,,,,,,,,,,,
0,0,BAU,DIRECT_DISC,SEPT_SYST,,,2046,,,,,,1.0,,,,,,,,,,,,,,,
0,0,BAU,DIRECT_DISC,SEPT_SYST,,,2047,,,,,,1.0,,,,,,,,,,,,,,,
0,0,BAU,DIRECT_DISC,SEPT_SYST,,,2048,,,,,,1.0,,,,,,,,,,,,,,,
0,0,BAU,DIRECT_DISC,SEPT_SYST,,,2049,,,,,,1.0,,,,,,,,,,,,,,,
0,0,BAU,DIRECT_DISC,SEPT_SYST,,,2050,,,,,,1.0,,,,,,,,,,,,,,,
0,0,BAU,DIRECT_DISC,LATR,,,2018,,,,,,1,,,,,,,,,,,,,,,
0,0,BAU,DIRECT_DISC,LATR,,,2019,,,,,,1.0,,,,,,,,,,,,,,,
0,0,BAU,DIRECT_DISC,LATR,,,2020,,,,,,1.0,,,,,,,,,,,,,,,
0,0,BAU,DIRECT_DISC,LATR,,,2021,,,,,,1.0,,,,,,,,,,,,,,,
0,0,BAU,DIRECT_DISC,LATR,,,2022,,,,,,1.0,,,,,,,,,,,,,,,
0,0,BAU,DIRECT_DISC,LATR,,,2023,,,,,,1.0,,,,,,,,,,,,,,,
0,0,BAU,DIRECT_DISC,LATR,,,2024,,,,,,1.0,,,,,,,,,,,,,,,
0,0,BAU,DIRECT_DISC,LATR,,,2025,,,,,,1.0,,,,,,,,,,,,,,,
0,0,BAU,DIRECT_DISC,LATR,,,2026,,,,,,1.0,,,,,,,,,,,,,,,
0,0,BAU,DIRECT_DISC,LATR,,,2027,,,,,,1.0,,,,,,,,,,,,,,,
0,0,BAU,DIRECT_DISC,LATR,,,2028,,,,,,1.0,,,,,,,,,,,,,,,
0,0,BAU,DIRECT_DISC,LATR,,,2029,,,,,,1.0,,,,,,,,,,,,,,,
0,0,BAU,DIRECT_DISC,LATR,,,2030,,,,,,1.0,,,,,,,,,,,,,,,
0,0,BAU,DIRECT_DISC,LATR,,,2031,,,,,,1.0,,,,,,,,,,,,,,,
0,0,BAU,DIRECT_DISC,LATR,,,2032,,,,,,1.0,,,,,,,,,,,,,,,
0,0,BAU,DIRECT_DISC,LATR,,,2033,,,,,,1.0,,,,,,,,,,,,,,,
0,0,BAU,DIRECT_DISC,LATR,,,2034,,,,,,1.0,,,,,,,,,,,,,,,
0,0,BAU,DIRECT_DISC,LATR,,,2035,,,,,,1.0,,,,,,,,,,,,,,,
0,0,BAU,DIRECT_DISC,LATR,,,2036,,,,,,1.0,,,,,,,,,,,,,,,
0,0,BAU,DIRECT_DISC,LATR,,,2037,,,,,,1.0,,,,,,,,,,,,,,,
0,0,BAU,DIRECT_DISC,LATR,,,2038,,,,,,1.0,,,,,,,,,,,,,,,
0,0,BAU,DIRECT_DISC,LATR,,,2039,,,,,,1.0,,,,,,,,,,,,,,,
0,0,BAU,DIRECT_DISC,LATR,,,2040,,,,,,1.0,,,,,,,,,,,,,,,
0,0,BAU,DIRECT_DISC,LATR,,,2041,,,,,,1.0,,,,,,,,,,,,,,,
0,0,BAU,DIRECT_DISC,LATR,,,2042,,,,,,1.0,,,,,,,,,,,,,,,
0,0,BAU,DIRECT_DISC,LATR,,,2043,,,,,,1.0,,,,,,,,,,,,,,,
0,0,BAU,DIRECT_DISC,LATR,,,2044,,,,,,1.0,,,,,,,,,,,,,,,
0,0,BAU,DIRECT_DISC,LATR,,,2045,,,,,,1.0,,,,,,,,,,,,,,,
0,0,BAU,DIRECT_DISC,LATR,,,2046,,,,,,1.0,,,,,,,,,,,,,,,
0,0,BAU,DIRECT_DISC,LATR,,,2047,,,,,,1.0,,,,,,,,,,,,,,,
0,0,BAU,DIRECT_DISC,LATR,,,2048,,,,,,1.0,,,,,,,,,,,,,,,
0,0,BAU,DIRECT_DISC,LATR,,,2049,,,,,,1.0,,,,,,,,,,,,,,,
0,0,BAU,DIRECT_DISC,LATR,,,2050,,,,,,1.0,,,,,,,,,,,,,,,
0,0,BAU,IWW_MEAT,IWW_MEAT,,,2018,,,,,,1,,,,,,,,,,,,,,,
0,0,BAU,IWW_MEAT,IWW_MEAT,,,2019,,,,,,1.0,,,,,,,,,,,,,,,
0,0,BAU,IWW_MEAT,IWW_MEAT,,,2020,,,,,,1.0,,,,,,,,,,,,,,,
0,0,BAU,IWW_MEAT,IWW_MEAT,,,2021,,,,,,1.0,,,,,,,,,,,,,,,
0,0,BAU,IWW_MEAT,IWW_MEAT,,,2022,,,,,,1.0,,,,,,,,,,,,,,,
0,0,BAU,IWW_MEAT,IWW_MEAT,,,2023,,,,,,1.0,,,,,,,,,,,,,,,
0,0,BAU,IWW_MEAT,IWW_MEAT,,,2024,,,,,,1.0,,,,,,,,,,,,,,,
0,0,BAU,IWW_MEAT,IWW_MEAT,,,2025,,,,,,1.0,,,,,,,,,,,,,,,
0,0,BAU,IWW_MEAT,IWW_MEAT,,,2026,,,,,,1.0,,,,,,,,,,,,,,,
0,0,BAU,IWW_MEAT,IWW_MEAT,,,2027,,,,,,1.0,,,,,,,,,,,,,,,
0,0,BAU,IWW_MEAT,IWW_MEAT,,,2028,,,,,,1.0,,,,,,,,,,,,,,,
0,0,BAU,IWW_MEAT,IWW_MEAT,,,2029,,,,,,1.0,,,,,,,,,,,,,,,
0,0,BAU,IWW_MEAT,IWW_MEAT,,,2030,,,,,,1.0,,,,,,,,,,,,,,,
0,0,BAU,IWW_MEAT,IWW_MEAT,,,2031,,,,,,1.0,,,,,,,,,,,,,,,
0,0,BAU,IWW_MEAT,IWW_MEAT,,,2032,,,,,,1.0,,,,,,,,,,,,,,,
0,0,BAU,IWW_MEAT,IWW_MEAT,,,2033,,,,,,1.0,,,,,,,,,,,,,,,
0,0,BAU,IWW_MEAT,IWW_MEAT,,,2034,,,,,,1.0,,,,,,,,,,,,,,,
0,0,BAU,IWW_MEAT,IWW_MEAT,,,2035,,,,,,1.0,,,,,,,,,,,,,,,
0,0,BAU,IWW_MEAT,IWW_MEAT,,,2036,,,,,,1.0,,,,,,,,,,,,,,,
0,0,BAU,IWW_MEAT,IWW_MEAT,,,2037,,,,,,1.0,,,,,,,,,,,,,,,
0,0,BAU,IWW_MEAT,IWW_MEAT,,,2038,,,,,,1.0,,,,,,,,,,,,,,,
0,0,BAU,IWW_MEAT,IWW_MEAT,,,2039,,,,,,1.0,,,,,,,,,,,,,,,
0,0,BAU,IWW_MEAT,IWW_MEAT,,,2040,,,,,,1.0,,,,,,,,,,,,,,,
0,0,BAU,IWW_MEAT,IWW_MEAT,,,2041,,,,,,1.0,,,,,,,,,,,,,,,
0,0,BAU,IWW_MEAT,IWW_MEAT,,,2042,,,,,,1.0,,,,,,,,,,,,,,,
0,0,BAU,IWW_MEAT,IWW_MEAT,,,2043,,,,,,1.0,,,,,,,,,,,,,,,
0,0,BAU,IWW_MEAT,IWW_MEAT,,,2044,,,,,,1.0,,,,,,,,,,,,,,,
0,0,BAU,IWW_MEAT,IWW_MEAT,,,2045,,,,,,1.0,,,,,,,,,,,,,,,
0,0,BAU,IWW_MEAT,IWW_MEAT,,,2046,,,,,,1.0,,,,,,,,,,,,,,,
0,0,BAU,IWW_MEAT,IWW_MEAT,,,2047,,,,,,1.0,,,,,,,,,,,,,,,
0,0,BAU,IWW_MEAT,IWW_MEAT,,,2048,,,,,,1.0,,,,,,,,,,,,,,,
0,0,BAU,IWW_MEAT,IWW_MEAT,,,2049,,,,,,1.0,,,,,,,,,,,,,,,
0,0,BAU,IWW_MEAT,IWW_MEAT,,,2050,,,,,,1.0,,,,,,,,,,,,,,,
0,0,BAU,IWW_SUGAR,IWW_SUGAR,,,2018,,,,,,1,,,,,,,,,,,,,,,
0,0,BAU,IWW_SUGAR,IWW_SUGAR,,,2019,,,,,,1.0,,,,,,,,,,,,,,,
0,0,BAU,IWW_SUGAR,IWW_SUGAR,,,2020,,,,,,1.0,,,,,,,,,,,,,,,
0,0,BAU,IWW_SUGAR,IWW_SUGAR,,,2021,,,,,,1.0,,,,,,,,,,,,,,,
0,0,BAU,IWW_SUGAR,IWW_SUGAR,,,2022,,,,,,1.0,,,,,,,,,,,,,,,
0,0,BAU,IWW_SUGAR,IWW_SUGAR,,,2023,,,,,,1.0,,,,,,,,,,,,,,,
0,0,BAU,IWW_SUGAR,IWW_SUGAR,,,2024,,,,,,1.0,,,,,,,,,,,,,,,
0,0,BAU,IWW_SUGAR,IWW_SUGAR,,,2025,,,,,,1.0,,,,,,,,,,,,,,,
0,0,BAU,IWW_SUGAR,IWW_SUGAR,,,2026,,,,,,1.0,,,,,,,,,,,,,,,
0,0,BAU,IWW_SUGAR,IWW_SUGAR,,,2027,,,,,,1.0,,,,,,,,,,,,,,,
0,0,BAU,IWW_SUGAR,IWW_SUGAR,,,2028,,,,,,1.0,,,,,,,,,,,,,,,
0,0,BAU,IWW_SUGAR,IWW_SUGAR,,,2029,,,,,,1.0,,,,,,,,,,,,,,,
0,0,BAU,IWW_SUGAR,IWW_SUGAR,,,2030,,,,,,1.0,,,,,,,,,,,,,,,
0,0,BAU,IWW_SUGAR,IWW_SUGAR,,,2031,,,,,,1.0,,,,,,,,,,,,,,,
0,0,BAU,IWW_SUGAR,IWW_SUGAR,,,2032,,,,,,1.0,,,,,,,,,,,,,,,
0,0,BAU,IWW_SUGAR,IWW_SUGAR,,,2033,,,,,,1.0,,,,,,,,,,,,,,,
0,0,BAU,IWW_SUGAR,IWW_SUGAR,,,2034,,,,,,1.0,,,,,,,,,,,,,,,
0,0,BAU,IWW_SUGAR,IWW_SUGAR,,,2035,,,,,,1.0,,,,,,,,,,,,,,,
0,0,BAU,IWW_SUGAR,IWW_SUGAR,,,2036,,,,,,1.0,,,,,,,,,,,,,,,
0,0,BAU,IWW_SUGAR,IWW_SUGAR,,,2037,,,,,,1.0,,,,,,,,,,,,,,,
0,0,BAU,IWW_SUGAR,IWW_SUGAR,,,2038,,,,,,1.0,,,,,,,,,,,,,,,
0,0,BAU,IWW_SUGAR,IWW_SUGAR,,,2039,,,,,,1.0,,,,,,,,,,,,,,,
0,0,BAU,IWW_SUGAR,IWW_SUGAR,,,2040,,,,,,1.0,,,,,,,,,,,,,,,
0,0,BAU,IWW_SUGAR,IWW_SUGAR,,,2041,,,,,,1.0,,,,,,,,,,,,,,,
0,0,BAU,IWW_SUGAR,IWW_SUGAR,,,2042,,,,,,1.0,,,,,,,,,,,,,,,
0,0,BAU,IWW_SUGAR,IWW_SUGAR,,,2043,,,,,,1.0,,,,,,,,,,,,,,,
0,0,BAU,IWW_SUGAR,IWW_SUGAR,,,2044,,,,,,1.0,,,,,,,,,,,,,,,
0,0,BAU,IWW_SUGAR,IWW_SUGAR,,,2045,,,,,,1.0,,,,,,,,,,,,,,,
0,0,BAU,IWW_SUGAR,IWW_SUGAR,,,2046,,,,,,1.0,,,,,,,,,,,,,,,
0,0,BAU,IWW_SUGAR,IWW_SUGAR,,,2047,,,,,,1.0,,,,,,,,,,,,,,,
0,0,BAU,IWW_SUGAR,IWW_SUGAR,,,2048,,,,,,1.0,,,,,,,,,,,,,,,
0,0,BAU,IWW_SUGAR,IWW_SUGAR,,,2049,,,,,,1.0,,,,,,,,,,,,,,,
0,0,BAU,IWW_SUGAR,IWW_SUGAR,,,2050,,,,,,1.0,,,,,,,,,,,,,,,
0,0,BAU,IWW_ALCOHOL,IWW_ALCOHOL,,,2018,,,,,,1,,,,,,,,,,,,,,,
0,0,BAU,IWW_ALCOHOL,IWW_ALCOHOL,,,2019,,,,,,1.0,,,,,,,,,,,,,,,
0,0,BAU,IWW_ALCOHOL,IWW_ALCOHOL,,,2020,,,,,,1.0,,,,,,,,,,,,,,,
0,0,BAU,IWW_ALCOHOL,IWW_ALCOHOL,,,2021,,,,,,1.0,,,,,,,,,,,,,,,
0,0,BAU,IWW_ALCOHOL,IWW_ALCOHOL,,,2022,,,,,,1.0,,,,,,,,,,,,,,,
0,0,BAU,IWW_ALCOHOL,IWW_ALCOHOL,,,2023,,,,,,1.0,,,,,,,,,,,,,,,
0,0,BAU,IWW_ALCOHOL,IWW_ALCOHOL,,,2024,,,,,,1.0,,,,,,,,,,,,,,,
0,0,BAU,IWW_ALCOHOL,IWW_ALCOHOL,,,2025,,,,,,1.0,,,,,,,,,,,,,,,
0,0,BAU,IWW_ALCOHOL,IWW_ALCOHOL,,,2026,,,,,,1.0,,,,,,,,,,,,,,,
0,0,BAU,IWW_ALCOHOL,IWW_ALCOHOL,,,2027,,,,,,1.0,,,,,,,,,,,,,,,
0,0,BAU,IWW_ALCOHOL,IWW_ALCOHOL,,,2028,,,,,,1.0,,,,,,,,,,,,,,,
0,0,BAU,IWW_ALCOHOL,IWW_ALCOHOL,,,2029,,,,,,1.0,,,,,,,,,,,,,,,
0,0,BAU,IWW_ALCOHOL,IWW_ALCOHOL,,,2030,,,,,,1.0,,,,,,,,,,,,,,,
0,0,BAU,IWW_ALCOHOL,IWW_ALCOHOL,,,2031,,,,,,1.0,,,,,,,,,,,,,,,
0,0,BAU,IWW_ALCOHOL,IWW_ALCOHOL,,,2032,,,,,,1.0,,,,,,,,,,,,,,,
0,0,BAU,IWW_ALCOHOL,IWW_ALCOHOL,,,2033,,,,,,1.0,,,,,,,,,,,,,,,
0,0,BAU,IWW_ALCOHOL,IWW_ALCOHOL,,,2034,,,,,,1.0,,,,,,,,,,,,,,,
0,0,BAU,IWW_ALCOHOL,IWW_ALCOHOL,,,2035,,,,,,1.0,,,,,,,,,,,,,,,
0,0,BAU,IWW_ALCOHOL,IWW_ALCOHOL,,,2036,,,,,,1.0,,,,,,,,,,,,,,,
0,0,BAU,IWW_ALCOHOL,IWW_ALCOHOL,,,2037,,,,,,1.0,,,,,,,,,,,,,,,
0,0,BAU,IWW_ALCOHOL,IWW_ALCOHOL,,,2038,,,,,,1.0,,,,,,,,,,,,,,,
0,0,BAU,IWW_ALCOHOL,IWW_ALCOHOL,,,2039,,,,,,1.0,,,,,,,,,,,,,,,
0,0,BAU,IWW_ALCOHOL,IWW_ALCOHOL,,,2040,,,,,,1.0,,,,,,,,,,,,,,,
0,0,BAU,IWW_ALCOHOL,IWW_ALCOHOL,,,2041,,,,,,1.0,,,,,,,,,,,,,,,
0,0,BAU,IWW_ALCOHOL,IWW_ALCOHOL,,,2042,,,,,,1.0,,,,,,,,,,,,,,,
0,0,BAU,IWW_ALCOHOL,IWW_ALCOHOL,,,2043,,,,,,1.0,,,,,,,,,,,,,,,
0,0,BAU,IWW_ALCOHOL,IWW_ALCOHOL,,,2044,,,,,,1.0,,,,,,,,,,,,,,,
0,0,BAU,IWW_ALCOHOL,IWW_ALCOHOL,,,2045,,,,,,1.0,,,,,,,,,,,,,,,
0,0,BAU,IWW_ALCOHOL,IWW_ALCOHOL,,,2046,,,,,,1.0,,,,,,,,,,,,,,,
0,0,BAU,IWW_ALCOHOL,IWW_ALCOHOL,,,2047,,,,,,1.0,,,,,,,,,,,,,,,
0,0,BAU,IWW_ALCOHOL,IWW_ALCOHOL,,,2048,,,,,,1.0,,,,,,,,,,,,,,,
0,0,BAU,IWW_ALCOHOL,IWW_ALCOHOL,,,2049,,,,,,1.0,,,,,,,,,,,,,,,
0,0,BAU,IWW_ALCOHOL,IWW_ALCOHOL,,,2050,,,,,,1.0,,,,,,,,,,,,,,,
0,0,BAU,IWW_BEER,IWW_BEER,,,2018,,,,,,1,,,,,,,,,,,,,,,
0,0,BAU,IWW_BEER,IWW_BEER,,,2019,,,,,,1.0,,,,,,,,,,,,,,,
0,0,BAU,IWW_BEER,IWW_BEER,,,2020,,,,,,1.0,,,,,,,,,,,,,,,
0,0,BAU,IWW_BEER,IWW_BEER,,,2021,,,,,,1.0,,,,,,,,,,,,,,,
0,0,BAU,IWW_BEER,IWW_BEER,,,2022,,,,,,1.0,,,,,,,,,,,,,,,
0,0,BAU,IWW_BEER,IWW_BEER,,,2023,,,,,,1.0,,,,,,,,,,,,,,,
0,0,BAU,IWW_BEER,IWW_BEER,,,2024,,,,,,1.0,,,,,,,,,,,,,,,
0,0,BAU,IWW_BEER,IWW_BEER,,,2025,,,,,,1.0,,,,,,,,,,,,,,,
0,0,BAU,IWW_BEER,IWW_BEER,,,2026,,,,,,1.0,,,,,,,,,,,,,,,
0,0,BAU,IWW_BEER,IWW_BEER,,,2027,,,,,,1.0,,,,,,,,,,,,,,,
0,0,BAU,IWW_BEER,IWW_BEER,,,2028,,,,,,1.0,,,,,,,,,,,,,,,
0,0,BAU,IWW_BEER,IWW_BEER,,,2029,,,,,,1.0,,,,,,,,,,,,,,,
0,0,BAU,IWW_BEER,IWW_BEER,,,2030,,,,,,1.0,,,,,,,,,,,,,,,
0,0,BAU,IWW_BEER,IWW_BEER,,,2031,,,,,,1.0,,,,,,,,,,,,,,,
0,0,BAU,IWW_BEER,IWW_BEER,,,2032,,,,,,1.0,,,,,,,,,,,,,,,
0,0,BAU,IWW_BEER,IWW_BEER,,,2033,,,,,,1.0,,,,,,,,,,,,,,,
0,0,BAU,IWW_BEER,IWW_BEER,,,2034,,,,,,1.0,,,,,,,,,,,,,,,
0,0,BAU,IWW_BEER,IWW_BEER,,,2035,,,,,,1.0,,,,,,,,,,,,,,,
0,0,BAU,IWW_BEER,IWW_BEER,,,2036,,,,,,1.0,,,,,,,,,,,,,,,
0,0,BAU,IWW_BEER,IWW_BEER,,,2037,,,,,,1.0,,,,,,,,,,,,,,,
0,0,BAU,IWW_BEER,IWW_BEER,,,2038,,,,,,1.0,,,,,,,,,,,,,,,
0,0,BAU,IWW_BEER,IWW_BEER,,,2039,,,,,,1.0,,,,,,,,,,,,,,,
0,0,BAU,IWW_BEER,IWW_BEER,,,2040,,,,,,1.0,,,,,,,,,,,,,,,
0,0,BAU,IWW_BEER,IWW_BEER,,,2041,,,,,,1.0,,,,,,,,,,,,,,,
0,0,BAU,IWW_BEER,IWW_BEER,,,2042,,,,,,1.0,,,,,,,,,,,,,,,
0,0,BAU,IWW_BEER,IWW_BEER,,,2043,,,,,,1.0,,,,,,,,,,,,,,,
0,0,BAU,IWW_BEER,IWW_BEER,,,2044,,,,,,1.0,,,,,,,,,,,,,,,
0,0,BAU,IWW_BEER,IWW_BEER,,,2045,,,,,,1.0,,,,,,,,,,,,,,,
0,0,BAU,IWW_BEER,IWW_BEER,,,2046,,,,,,1.0,,,,,,,,,,,,,,,
0,0,BAU,IWW_BEER,IWW_BEER,,,2047,,,,,,1.0,,,,,,,,,,,,,,,
0,0,BAU,IWW_BEER,IWW_BEER,,,2048,,,,,,1.0,,,,,,,,,,,,,,,
0,0,BAU,IWW_BEER,IWW_BEER,,,2049,,,,,,1.0,,,,,,,,,,,,,,,
0,0,BAU,IWW_BEER,IWW_BEER,,,2050,,,,,,1.0,,,,,,,,,,,,,,,
0,0,BAU,IWW_MILK,IWW_MILK,,,2018,,,,,,1,,,,,,,,,,,,,,,
0,0,BAU,IWW_MILK,IWW_MILK,,,2019,,,,,,1.0,,,,,,,,,,,,,,,
0,0,BAU,IWW_MILK,IWW_MILK,,,2020,,,,,,1.0,,,,,,,,,,,,,,,
0,0,BAU,IWW_MILK,IWW_MILK,,,2021,,,,,,1.0,,,,,,,,,,,,,,,
0,0,BAU,IWW_MILK,IWW_MILK,,,2022,,,,,,1.0,,,,,,,,,,,,,,,
0,0,BAU,IWW_MILK,IWW_MILK,,,2023,,,,,,1.0,,,,,,,,,,,,,,,
0,0,BAU,IWW_MILK,IWW_MILK,,,2024,,,,,,1.0,,,,,,,,,,,,,,,
0,0,BAU,IWW_MILK,IWW_MILK,,,2025,,,,,,1.0,,,,,,,,,,,,,,,
0,0,BAU,IWW_MILK,IWW_MILK,,,2026,,,,,,1.0,,,,,,,,,,,,,,,
0,0,BAU,IWW_MILK,IWW_MILK,,,2027,,,,,,1.0,,,,,,,,,,,,,,,
0,0,BAU,IWW_MILK,IWW_MILK,,,2028,,,,,,1.0,,,,,,,,,,,,,,,
0,0,BAU,IWW_MILK,IWW_MILK,,,2029,,,,,,1.0,,,,,,,,,,,,,,,
0,0,BAU,IWW_MILK,IWW_MILK,,,2030,,,,,,1.0,,,,,,,,,,,,,,,
0,0,BAU,IWW_MILK,IWW_MILK,,,2031,,,,,,1.0,,,,,,,,,,,,,,,
0,0,BAU,IWW_MILK,IWW_MILK,,,2032,,,,,,1.0,,,,,,,,,,,,,,,
0,0,BAU,IWW_MILK,IWW_MILK,,,2033,,,,,,1.0,,,,,,,,,,,,,,,
0,0,BAU,IWW_MILK,IWW_MILK,,,2034,,,,,,1.0,,,,,,,,,,,,,,,
0,0,BAU,IWW_MILK,IWW_MILK,,,2035,,,,,,1.0,,,,,,,,,,,,,,,
0,0,BAU,IWW_MILK,IWW_MILK,,,2036,,,,,,1.0,,,,,,,,,,,,,,,
0,0,BAU,IWW_MILK,IWW_MILK,,,2037,,,,,,1.0,,,,,,,,,,,,,,,
0,0,BAU,IWW_MILK,IWW_MILK,,,2038,,,,,,1.0,,,,,,,,,,,,,,,
0,0,BAU,IWW_MILK,IWW_MILK,,,2039,,,,,,1.0,,,,,,,,,,,,,,,
0,0,BAU,IWW_MILK,IWW_MILK,,,2040,,,,,,1.0,,,,,,,,,,,,,,,
0,0,BAU,IWW_MILK,IWW_MILK,,,2041,,,,,,1.0,,,,,,,,,,,,,,,
0,0,BAU,IWW_MILK,IWW_MILK,,,2042,,,,,,1.0,,,,,,,,,,,,,,,
0,0,BAU,IWW_MILK,IWW_MILK,,,2043,,,,,,1.0,,,,,,,,,,,,,,,
0,0,BAU,IWW_MILK,IWW_MILK,,,2044,,,,,,1.0,,,,,,,,,,,,,,,
0,0,BAU,IWW_MILK,IWW_MILK,,,2045,,,,,,1.0,,,,,,,,,,,,,,,
0,0,BAU,IWW_MILK,IWW_MILK,,,2046,,,,,,1.0,,,,,,,,,,,,,,,
0,0,BAU,IWW_MILK,IWW_MILK,,,2047,,,,,,1.0,,,,,,,,,,,,,,,
0,0,BAU,IWW_MILK,IWW_MILK,,,2048,,,,,,1.0,,,,,,,,,,,,,,,
0,0,BAU,IWW_MILK,IWW_MILK,,,2049,,,,,,1.0,,,,,,,,,,,,,,,
0,0,BAU,IWW_MILK,IWW_MILK,,,2050,,,,,,1.0,,,,,,,,,,,,,,,
0,0,BAU,COLL_INORG,OSS_INORG,,,2018,,,,,,1.0,,,,,,,,,,,,,,,
0,0,BAU,COLL_INORG,OSS_INORG,,,2019,,,,,,1.0,,,,,,,,,,,,,,,
0,0,BAU,COLL_INORG,OSS_INORG,,,2020,,,,,,1.0,,,,,,,,,,,,,,,
0,0,BAU,COLL_INORG,OSS_INORG,,,2021,,,,,,1.0,,,,,,,,,,,,,,,
0,0,BAU,COLL_INORG,OSS_INORG,,,2022,,,,,,1.0,,,,,,,,,,,,,,,
0,0,BAU,COLL_INORG,OSS_INORG,,,2023,,,,,,1.0,,,,,,,,,,,,,,,
0,0,BAU,COLL_INORG,OSS_INORG,,,2024,,,,,,1.0,,,,,,,,,,,,,,,
0,0,BAU,COLL_INORG,OSS_INORG,,,2025,,,,,,1.0,,,,,,,,,,,,,,,
0,0,BAU,COLL_INORG,OSS_INORG,,,2026,,,,,,1.0,,,,,,,,,,,,,,,
0,0,BAU,COLL_INORG,OSS_INORG,,,2027,,,,,,1.0,,,,,,,,,,,,,,,
0,0,BAU,COLL_INORG,OSS_INORG,,,2028,,,,,,1.0,,,,,,,,,,,,,,,
0,0,BAU,COLL_INORG,OSS_INORG,,,2029,,,,,,1.0,,,,,,,,,,,,,,,
0,0,BAU,COLL_INORG,OSS_INORG,,,2030,,,,,,1.0,,,,,,,,,,,,,,,
0,0,BAU,COLL_INORG,OSS_INORG,,,2031,,,,,,1.0,,,,,,,,,,,,,,,
0,0,BAU,COLL_INORG,OSS_INORG,,,2032,,,,,,1.0,,,,,,,,,,,,,,,
0,0,BAU,COLL_INORG,OSS_INORG,,,2033,,,,,,1.0,,,,,,,,,,,,,,,
0,0,BAU,COLL_INORG,OSS_INORG,,,2034,,,,,,1.0,,,,,,,,,,,,,,,
0,0,BAU,COLL_INORG,OSS_INORG,,,2035,,,,,,1.0,,,,,,,,,,,,,,,
0,0,BAU,COLL_INORG,OSS_INORG,,,2036,,,,,,1.0,,,,,,,,,,,,,,,
0,0,BAU,COLL_INORG,OSS_INORG,,,2037,,,,,,1.0,,,,,,,,,,,,,,,
0,0,BAU,COLL_INORG,OSS_INORG,,,2038,,,,,,1.0,,,,,,,,,,,,,,,
0,0,BAU,COLL_INORG,OSS_INORG,,,2039,,,,,,1.0,,,,,,,,,,,,,,,
0,0,BAU,COLL_INORG,OSS_INORG,,,2040,,,,,,1.0,,,,,,,,,,,,,,,
0,0,BAU,COLL_INORG,OSS_INORG,,,2041,,,,,,1.0,,,,,,,,,,,,,,,
0,0,BAU,COLL_INORG,OSS_INORG,,,2042,,,,,,1.0,,,,,,,,,,,,,,,
0,0,BAU,COLL_INORG,OSS_INORG,,,2043,,,,,,1.0,,,,,,,,,,,,,,,
0,0,BAU,COLL_INORG,OSS_INORG,,,2044,,,,,,1.0,,,,,,,,,,,,,,,
0,0,BAU,COLL_INORG,OSS_INORG,,,2045,,,,,,1.0,,,,,,,,,,,,,,,
0,0,BAU,COLL_INORG,OSS_INORG,,,2046,,,,,,1.0,,,,,,,,,,,,,,,
0,0,BAU,COLL_INORG,OSS_INORG,,,2047,,,,,,1.0,,,,,,,,,,,,,,,
0,0,BAU,COLL_INORG,OSS_INORG,,,2048,,,,,,1.0,,,,,,,,,,,,,,,
0,0,BAU,COLL_INORG,OSS_INORG,,,2049,,,,,,1.0,,,,,,,,,,,,,,,
0,0,BAU,COLL_INORG,OSS_INORG,,,2050,,,,,,1.0,,,,,,,,,,,,,,,
0,0,BAU,COLL_ORG,OSS_ORG,,,2018,,,,,,1.0,,,,,,,,,,,,,,,
0,0,BAU,COLL_ORG,OSS_ORG,,,2019,,,,,,1.0,,,,,,,,,,,,,,,
0,0,BAU,COLL_ORG,OSS_ORG,,,2020,,,,,,1.0,,,,,,,,,,,,,,,
0,0,BAU,COLL_ORG,OSS_ORG,,,2021,,,,,,1.0,,,,,,,,,,,,,,,
0,0,BAU,COLL_ORG,OSS_ORG,,,2022,,,,,,1.0,,,,,,,,,,,,,,,
0,0,BAU,COLL_ORG,OSS_ORG,,,2023,,,,,,1.0,,,,,,,,,,,,,,,
0,0,BAU,COLL_ORG,OSS_ORG,,,2024,,,,,,1.0,,,,,,,,,,,,,,,
0,0,BAU,COLL_ORG,OSS_ORG,,,2025,,,,,,1.0,,,,,,,,,,,,,,,
0,0,BAU,COLL_ORG,OSS_ORG,,,2026,,,,,,1.0,,,,,,,,,,,,,,,
0,0,BAU,COLL_ORG,OSS_ORG,,,2027,,,,,,1.0,,,,,,,,,,,,,,,
0,0,BAU,COLL_ORG,OSS_ORG,,,2028,,,,,,1.0,,,,,,,,,,,,,,,
0,0,BAU,COLL_ORG,OSS_ORG,,,2029,,,,,,1.0,,,,,,,,,,,,,,,
0,0,BAU,COLL_ORG,OSS_ORG,,,2030,,,,,,1.0,,,,,,,,,,,,,,,
0,0,BAU,COLL_ORG,OSS_ORG,,,2031,,,,,,1.0,,,,,,,,,,,,,,,
0,0,BAU,COLL_ORG,OSS_ORG,,,2032,,,,,,1.0,,,,,,,,,,,,,,,
0,0,BAU,COLL_ORG,OSS_ORG,,,2033,,,,,,1.0,,,,,,,,,,,,,,,
0,0,BAU,COLL_ORG,OSS_ORG,,,2034,,,,,,1.0,,,,,,,,,,,,,,,
0,0,BAU,COLL_ORG,OSS_ORG,,,2035,,,,,,1.0,,,,,,,,,,,,,,,
0,0,BAU,COLL_ORG,OSS_ORG,,,2036,,,,,,1.0,,,,,,,,,,,,,,,
0,0,BAU,COLL_ORG,OSS_ORG,,,2037,,,,,,1.0,,,,,,,,,,,,,,,
0,0,BAU,COLL_ORG,OSS_ORG,,,2038,,,,,,1.0,,,,,,,,,,,,,,,
0,0,BAU,COLL_ORG,OSS_ORG,,,2039,,,,,,1.0,,,,,,,,,,,,,,,
0,0,BAU,COLL_ORG,OSS_ORG,,,2040,,,,,,1.0,,,,,,,,,,,,,,,
0,0,BAU,COLL_ORG,OSS_ORG,,,2041,,,,,,1.0,,,,,,,,,,,,,,,
0,0,BAU,COLL_ORG,OSS_ORG,,,2042,,,,,,1.0,,,,,,,,,,,,,,,
0,0,BAU,COLL_ORG,OSS_ORG,,,2043,,,,,,1.0,,,,,,,,,,,,,,,
0,0,BAU,COLL_ORG,OSS_ORG,,,2044,,,,,,1.0,,,,,,,,,,,,,,,
0,0,BAU,COLL_ORG,OSS_ORG,,,2045,,,,,,1.0,,,,,,,,,,,,,,,
0,0,BAU,COLL_ORG,OSS_ORG,,,2046,,,,,,1.0,,,,,,,,,,,,,,,
0,0,BAU,COLL_ORG,OSS_ORG,,,2047,,,,,,1.0,,,,,,,,,,,,,,,
0,0,BAU,COLL_ORG,OSS_ORG,,,2048,,,,,,1.0,,,,,,,,,,,,,,,
0,0,BAU,COLL_ORG,OSS_ORG,,,2049,,,,,,1.0,,,,,,,,,,,,,,,
0,0,BAU,COLL_ORG,OSS_ORG,,,2050,,,,,,1.0,,,,,,,,,,,,,,,
0,0,BAU,COLL_BLEND,NO_OSS_BLEND,,,2018,,,,,,1.0,,,,,,,,,,,,,,,
0,0,BAU,COLL_BLEND,NO_OSS_BLEND,,,2019,,,,,,1.0,,,,,,,,,,,,,,,
0,0,BAU,COLL_BLEND,NO_OSS_BLEND,,,2020,,,,,,1.0,,,,,,,,,,,,,,,
0,0,BAU,COLL_BLEND,NO_OSS_BLEND,,,2021,,,,,,1.0,,,,,,,,,,,,,,,
0,0,BAU,COLL_BLEND,NO_OSS_BLEND,,,2022,,,,,,1.0,,,,,,,,,,,,,,,
0,0,BAU,COLL_BLEND,NO_OSS_BLEND,,,2023,,,,,,1.0,,,,,,,,,,,,,,,
0,0,BAU,COLL_BLEND,NO_OSS_BLEND,,,2024,,,,,,1.0,,,,,,,,,,,,,,,
0,0,BAU,COLL_BLEND,NO_OSS_BLEND,,,2025,,,,,,1.0,,,,,,,,,,,,,,,
0,0,BAU,COLL_BLEND,NO_OSS_BLEND,,,2026,,,,,,1.0,,,,,,,,,,,,,,,
0,0,BAU,COLL_BLEND,NO_OSS_BLEND,,,2027,,,,,,1.0,,,,,,,,,,,,,,,
0,0,BAU,COLL_BLEND,NO_OSS_BLEND,,,2028,,,,,,1.0,,,,,,,,,,,,,,,
0,0,BAU,COLL_BLEND,NO_OSS_BLEND,,,2029,,,,,,1.0,,,,,,,,,,,,,,,
0,0,BAU,COLL_BLEND,NO_OSS_BLEND,,,2030,,,,,,1.0,,,,,,,,,,,,,,,
0,0,BAU,COLL_BLEND,NO_OSS_BLEND,,,2031,,,,,,1.0,,,,,,,,,,,,,,,
0,0,BAU,COLL_BLEND,NO_OSS_BLEND,,,2032,,,,,,1.0,,,,,,,,,,,,,,,
0,0,BAU,COLL_BLEND,NO_OSS_BLEND,,,2033,,,,,,1.0,,,,,,,,,,,,,,,
0,0,BAU,COLL_BLEND,NO_OSS_BLEND,,,2034,,,,,,1.0,,,,,,,,,,,,,,,
0,0,BAU,COLL_BLEND,NO_OSS_BLEND,,,2035,,,,,,1.0,,,,,,,,,,,,,,,
0,0,BAU,COLL_BLEND,NO_OSS_BLEND,,,2036,,,,,,1.0,,,,,,,,,,,,,,,
0,0,BAU,COLL_BLEND,NO_OSS_BLEND,,,2037,,,,,,1.0,,,,,,,,,,,,,,,
0,0,BAU,COLL_BLEND,NO_OSS_BLEND,,,2038,,,,,,1.0,,,,,,,,,,,,,,,
0,0,BAU,COLL_BLEND,NO_OSS_BLEND,,,2039,,,,,,1.0,,,,,,,,,,,,,,,
0,0,BAU,COLL_BLEND,NO_OSS_BLEND,,,2040,,,,,,1.0,,,,,,,,,,,,,,,
0,0,BAU,COLL_BLEND,NO_OSS_BLEND,,,2041,,,,,,1.0,,,,,,,,,,,,,,,
0,0,BAU,COLL_BLEND,NO_OSS_BLEND,,,2042,,,,,,1.0,,,,,,,,,,,,,,,
0,0,BAU,COLL_BLEND,NO_OSS_BLEND,,,2043,,,,,,1.0,,,,,,,,,,,,,,,
0,0,BAU,COLL_BLEND,NO_OSS_BLEND,,,2044,,,,,,1.0,,,,,,,,,,,,,,,
0,0,BAU,COLL_BLEND,NO_OSS_BLEND,,,2045,,,,,,1.0,,,,,,,,,,,,,,,
0,0,BAU,COLL_BLEND,NO_OSS_BLEND,,,2046,,,,,,1.0,,,,,,,,,,,,,,,
0,0,BAU,COLL_BLEND,NO_OSS_BLEND,,,2047,,,,,,1.0,,,,,,,,,,,,,,,
0,0,BAU,COLL_BLEND,NO_OSS_BLEND,,,2048,,,,,,1.0,,,,,,,,,,,,,,,
0,0,BAU,COLL_BLEND,NO_OSS_BLEND,,,2049,,,,,,1.0,,,,,,,,,,,,,,,
0,0,BAU,COLL_BLEND,NO_OSS_BLEND,,,2050,,,,,,1.0,,,,,,,,,,,,,,,
0,0,BAU,NO_COLL,NO_OSS_NO_COLL,,,2018,,,,,,1.0,,,,,,,,,,,,,,,
0,0,BAU,NO_COLL,NO_OSS_NO_COLL,,,2019,,,,,,1.0,,,,,,,,,,,,,,,
0,0,BAU,NO_COLL,NO_OSS_NO_COLL,,,2020,,,,,,1.0,,,,,,,,,,,,,,,
0,0,BAU,NO_COLL,NO_OSS_NO_COLL,,,2021,,,,,,1.0,,,,,,,,,,,,,,,
0,0,BAU,NO_COLL,NO_OSS_NO_COLL,,,2022,,,,,,1.0,,,,,,,,,,,,,,,
0,0,BAU,NO_COLL,NO_OSS_NO_COLL,,,2023,,,,,,1.0,,,,,,,,,,,,,,,
0,0,BAU,NO_COLL,NO_OSS_NO_COLL,,,2024,,,,,,1.0,,,,,,,,,,,,,,,
0,0,BAU,NO_COLL,NO_OSS_NO_COLL,,,2025,,,,,,1.0,,,,,,,,,,,,,,,
0,0,BAU,NO_COLL,NO_OSS_NO_COLL,,,2026,,,,,,1.0,,,,,,,,,,,,,,,
0,0,BAU,NO_COLL,NO_OSS_NO_COLL,,,2027,,,,,,1.0,,,,,,,,,,,,,,,
0,0,BAU,NO_COLL,NO_OSS_NO_COLL,,,2028,,,,,,1.0,,,,,,,,,,,,,,,
0,0,BAU,NO_COLL,NO_OSS_NO_COLL,,,2029,,,,,,1.0,,,,,,,,,,,,,,,
0,0,BAU,NO_COLL,NO_OSS_NO_COLL,,,2030,,,,,,1.0,,,,,,,,,,,,,,,
0,0,BAU,NO_COLL,NO_OSS_NO_COLL,,,2031,,,,,,1.0,,,,,,,,,,,,,,,
0,0,BAU,NO_COLL,NO_OSS_NO_COLL,,,2032,,,,,,1.0,,,,,,,,,,,,,,,
0,0,BAU,NO_COLL,NO_OSS_NO_COLL,,,2033,,,,,,1.0,,,,,,,,,,,,,,,
0,0,BAU,NO_COLL,NO_OSS_NO_COLL,,,2034,,,,,,1.0,,,,,,,,,,,,,,,
0,0,BAU,NO_COLL,NO_OSS_NO_COLL,,,2035,,,,,,1.0,,,,,,,,,,,,,,,
0,0,BAU,NO_COLL,NO_OSS_NO_COLL,,,2036,,,,,,1.0,,,,,,,,,,,,,,,
0,0,BAU,NO_COLL,NO_OSS_NO_COLL,,,2037,,,,,,1.0,,,,,,,,,,,,,,,
0,0,BAU,NO_COLL,NO_OSS_NO_COLL,,,2038,,,,,,1.0,,,,,,,,,,,,,,,
0,0,BAU,NO_COLL,NO_OSS_NO_COLL,,,2039,,,,,,1.0,,,,,,,,,,,,,,,
0,0,BAU,NO_COLL,NO_OSS_NO_COLL,,,2040,,,,,,1.0,,,,,,,,,,,,,,,
0,0,BAU,NO_COLL,NO_OSS_NO_COLL,,,2041,,,,,,1.0,,,,,,,,,,,,,,,
0,0,BAU,NO_COLL,NO_OSS_NO_COLL,,,2042,,,,,,1.0,,,,,,,,,,,,,,,
0,0,BAU,NO_COLL,NO_OSS_NO_COLL,,,2043,,,,,,1.0,,,,,,,,,,,,,,,
0,0,BAU,NO_COLL,NO_OSS_NO_COLL,,,2044,,,,,,1.0,,,,,,,,,,,,,,,
0,0,BAU,NO_COLL,NO_OSS_NO_COLL,,,2045,,,,,,1.0,,,,,,,,,,,,,,,
0,0,BAU,NO_COLL,NO_OSS_NO_COLL,,,2046,,,,,,1.0,,,,,,,,,,,,,,,
0,0,BAU,NO_COLL,NO_OSS_NO_COLL,,,2047,,,,,,1.0,,,,,,,,,,,,,,,
0,0,BAU,NO_COLL,NO_OSS_NO_COLL,,,2048,,,,,,1.0,,,,,,,,,,,,,,,
0,0,BAU,NO_COLL,NO_OSS_NO_COLL,,,2049,,,,,,1.0,,,,,,,,,,,,,,,
0,0,BAU,NO_COLL,NO_OSS_NO_COLL,,,2050,,,,,,1.0,,,,,,,,,,,,,,,
0,0,BAU,INORGSS,INORG_DCOLL,,,2018,,,,,,1.0,,,,,,,,,,,,,,,
0,0,BAU,INORGSS,INORG_DCOLL,,,2019,,,,,,1.0,,,,,,,,,,,,,,,
0,0,BAU,INORGSS,INORG_DCOLL,,,2020,,,,,,1.0,,,,,,,,,,,,,,,
0,0,BAU,INORGSS,INORG_DCOLL,,,2021,,,,,,1.0,,,,,,,,,,,,,,,
0,0,BAU,INORGSS,INORG_DCOLL,,,2022,,,,,,1.0,,,,,,,,,,,,,,,
0,0,BAU,INORGSS,INORG_DCOLL,,,2023,,,,,,1.0,,,,,,,,,,,,,,,
0,0,BAU,INORGSS,INORG_DCOLL,,,2024,,,,,,1.0,,,,,,,,,,,,,,,
0,0,BAU,INORGSS,INORG_DCOLL,,,2025,,,,,,1.0,,,,,,,,,,,,,,,
0,0,BAU,INORGSS,INORG_DCOLL,,,2026,,,,,,1.0,,,,,,,,,,,,,,,
0,0,BAU,INORGSS,INORG_DCOLL,,,2027,,,,,,1.0,,,,,,,,,,,,,,,
0,0,BAU,INORGSS,INORG_DCOLL,,,2028,,,,,,1.0,,,,,,,,,,,,,,,
0,0,BAU,INORGSS,INORG_DCOLL,,,2029,,,,,,1.0,,,,,,,,,,,,,,,
0,0,BAU,INORGSS,INORG_DCOLL,,,2030,,,,,,1.0,,,,,,,,,,,,,,,
0,0,BAU,INORGSS,INORG_DCOLL,,,2031,,,,,,1.0,,,,,,,,,,,,,,,
0,0,BAU,INORGSS,INORG_DCOLL,,,2032,,,,,,1.0,,,,,,,,,,,,,,,
0,0,BAU,INORGSS,INORG_DCOLL,,,2033,,,,,,1.0,,,,,,,,,,,,,,,
0,0,BAU,INORGSS,INORG_DCOLL,,,2034,,,,,,1.0,,,,,,,,,,,,,,,
0,0,BAU,INORGSS,INORG_DCOLL,,,2035,,,,,,1.0,,,,,,,,,,,,,,,
0,0,BAU,INORGSS,INORG_DCOLL,,,2036,,,,,,1.0,,,,,,,,,,,,,,,
0,0,BAU,INORGSS,INORG_DCOLL,,,2037,,,,,,1.0,,,,,,,,,,,,,,,
0,0,BAU,INORGSS,INORG_DCOLL,,,2038,,,,,,1.0,,,,,,,,,,,,,,,
0,0,BAU,INORGSS,INORG_DCOLL,,,2039,,,,,,1.0,,,,,,,,,,,,,,,
0,0,BAU,INORGSS,INORG_DCOLL,,,2040,,,,,,1.0,,,,,,,,,,,,,,,
0,0,BAU,INORGSS,INORG_DCOLL,,,2041,,,,,,1.0,,,,,,,,,,,,,,,
0,0,BAU,INORGSS,INORG_DCOLL,,,2042,,,,,,1.0,,,,,,,,,,,,,,,
0,0,BAU,INORGSS,INORG_DCOLL,,,2043,,,,,,1.0,,,,,,,,,,,,,,,
0,0,BAU,INORGSS,INORG_DCOLL,,,2044,,,,,,1.0,,,,,,,,,,,,,,,
0,0,BAU,INORGSS,INORG_DCOLL,,,2045,,,,,,1.0,,,,,,,,,,,,,,,
0,0,BAU,INORGSS,INORG_DCOLL,,,2046,,,,,,1.0,,,,,,,,,,,,,,,
0,0,BAU,INORGSS,INORG_DCOLL,,,2047,,,,,,1.0,,,,,,,,,,,,,,,
0,0,BAU,INORGSS,INORG_DCOLL,,,2048,,,,,,1.0,,,,,,,,,,,,,,,
0,0,BAU,INORGSS,INORG_DCOLL,,,2049,,,,,,1.0,,,,,,,,,,,,,,,
0,0,BAU,INORGSS,INORG_DCOLL,,,2050,,,,,,1.0,,,,,,,,,,,,,,,
0,0,BAU,ORGSS,ORG_DCOLL,,,2018,,,,,,1.0,,,,,,,,,,,,,,,
0,0,BAU,ORGSS,ORG_DCOLL,,,2019,,,,,,1.0,,,,,,,,,,,,,,,
0,0,BAU,ORGSS,ORG_DCOLL,,,2020,,,,,,1.0,,,,,,,,,,,,,,,
0,0,BAU,ORGSS,ORG_DCOLL,,,2021,,,,,,1.0,,,,,,,,,,,,,,,
0,0,BAU,ORGSS,ORG_DCOLL,,,2022,,,,,,1.0,,,,,,,,,,,,,,,
0,0,BAU,ORGSS,ORG_DCOLL,,,2023,,,,,,1.0,,,,,,,,,,,,,,,
0,0,BAU,ORGSS,ORG_DCOLL,,,2024,,,,,,1.0,,,,,,,,,,,,,,,
0,0,BAU,ORGSS,ORG_DCOLL,,,2025,,,,,,1.0,,,,,,,,,,,,,,,
0,0,BAU,ORGSS,ORG_DCOLL,,,2026,,,,,,1.0,,,,,,,,,,,,,,,
0,0,BAU,ORGSS,ORG_DCOLL,,,2027,,,,,,1.0,,,,,,,,,,,,,,,
0,0,BAU,ORGSS,ORG_DCOLL,,,2028,,,,,,1.0,,,,,,,,,,,,,,,
0,0,BAU,ORGSS,ORG_DCOLL,,,2029,,,,,,1.0,,,,,,,,,,,,,,,
0,0,BAU,ORGSS,ORG_DCOLL,,,2030,,,,,,1.0,,,,,,,,,,,,,,,
0,0,BAU,ORGSS,ORG_DCOLL,,,2031,,,,,,1.0,,,,,,,,,,,,,,,
0,0,BAU,ORGSS,ORG_DCOLL,,,2032,,,,,,1.0,,,,,,,,,,,,,,,
0,0,BAU,ORGSS,ORG_DCOLL,,,2033,,,,,,1.0,,,,,,,,,,,,,,,
0,0,BAU,ORGSS,ORG_DCOLL,,,2034,,,,,,1.0,,,,,,,,,,,,,,,
0,0,BAU,ORGSS,ORG_DCOLL,,,2035,,,,,,1.0,,,,,,,,,,,,,,,
0,0,BAU,ORGSS,ORG_DCOLL,,,2036,,,,,,1.0,,,,,,,,,,,,,,,
0,0,BAU,ORGSS,ORG_DCOLL,,,2037,,,,,,1.0,,,,,,,,,,,,,,,
0,0,BAU,ORGSS,ORG_DCOLL,,,2038,,,,,,1.0,,,,,,,,,,,,,,,
0,0,BAU,ORGSS,ORG_DCOLL,,,2039,,,,,,1.0,,,,,,,,,,,,,,,
0,0,BAU,ORGSS,ORG_DCOLL,,,2040,,,,,,1.0,,,,,,,,,,,,,,,
0,0,BAU,ORGSS,ORG_DCOLL,,,2041,,,,,,1.0,,,,,,,,,,,,,,,
0,0,BAU,ORGSS,ORG_DCOLL,,,2042,,,,,,1.0,,,,,,,,,,,,,,,
0,0,BAU,ORGSS,ORG_DCOLL,,,2043,,,,,,1.0,,,,,,,,,,,,,,,
0,0,BAU,ORGSS,ORG_DCOLL,,,2044,,,,,,1.0,,,,,,,,,,,,,,,
0,0,BAU,ORGSS,ORG_DCOLL,,,2045,,,,,,1.0,,,,,,,,,,,,,,,
0,0,BAU,ORGSS,ORG_DCOLL,,,2046,,,,,,1.0,,,,,,,,,,,,,,,
0,0,BAU,ORGSS,ORG_DCOLL,,,2047,,,,,,1.0,,,,,,,,,,,,,,,
0,0,BAU,ORGSS,ORG_DCOLL,,,2048,,,,,,1.0,,,,,,,,,,,,,,,
0,0,BAU,ORGSS,ORG_DCOLL,,,2049,,,,,,1.0,,,,,,,,,,,,,,,
0,0,BAU,ORGSS,ORG_DCOLL,,,2050,,,,,,1.0,,,,,,,,,,,,,,,
0,0,BAU,NOSS,BLEND_NO_DCOLL,,,2018,,,,,,1.0,,,,,,,,,,,,,,,
0,0,BAU,NOSS,BLEND_NO_DCOLL,,,2019,,,,,,1.0,,,,,,,,,,,,,,,
0,0,BAU,NOSS,BLEND_NO_DCOLL,,,2020,,,,,,1.0,,,,,,,,,,,,,,,
0,0,BAU,NOSS,BLEND_NO_DCOLL,,,2021,,,,,,1.0,,,,,,,,,,,,,,,
0,0,BAU,NOSS,BLEND_NO_DCOLL,,,2022,,,,,,1.0,,,,,,,,,,,,,,,
0,0,BAU,NOSS,BLEND_NO_DCOLL,,,2023,,,,,,1.0,,,,,,,,,,,,,,,
0,0,BAU,NOSS,BLEND_NO_DCOLL,,,2024,,,,,,1.0,,,,,,,,,,,,,,,
0,0,BAU,NOSS,BLEND_NO_DCOLL,,,2025,,,,,,1.0,,,,,,,,,,,,,,,
0,0,BAU,NOSS,BLEND_NO_DCOLL,,,2026,,,,,,1.0,,,,,,,,,,,,,,,
0,0,BAU,NOSS,BLEND_NO_DCOLL,,,2027,,,,,,1.0,,,,,,,,,,,,,,,
0,0,BAU,NOSS,BLEND_NO_DCOLL,,,2028,,,,,,1.0,,,,,,,,,,,,,,,
0,0,BAU,NOSS,BLEND_NO_DCOLL,,,2029,,,,,,1.0,,,,,,,,,,,,,,,
0,0,BAU,NOSS,BLEND_NO_DCOLL,,,2030,,,,,,1.0,,,,,,,,,,,,,,,
0,0,BAU,NOSS,BLEND_NO_DCOLL,,,2031,,,,,,1.0,,,,,,,,,,,,,,,
0,0,BAU,NOSS,BLEND_NO_DCOLL,,,2032,,,,,,1.0,,,,,,,,,,,,,,,
0,0,BAU,NOSS,BLEND_NO_DCOLL,,,2033,,,,,,1.0,,,,,,,,,,,,,,,
0,0,BAU,NOSS,BLEND_NO_DCOLL,,,2034,,,,,,1.0,,,,,,,,,,,,,,,
0,0,BAU,NOSS,BLEND_NO_DCOLL,,,2035,,,,,,1.0,,,,,,,,,,,,,,,
0,0,BAU,NOSS,BLEND_NO_DCOLL,,,2036,,,,,,1.0,,,,,,,,,,,,,,,
0,0,BAU,NOSS,BLEND_NO_DCOLL,,,2037,,,,,,1.0,,,,,,,,,,,,,,,
0,0,BAU,NOSS,BLEND_NO_DCOLL,,,2038,,,,,,1.0,,,,,,,,,,,,,,,
0,0,BAU,NOSS,BLEND_NO_DCOLL,,,2039,,,,,,1.0,,,,,,,,,,,,,,,
0,0,BAU,NOSS,BLEND_NO_DCOLL,,,2040,,,,,,1.0,,,,,,,,,,,,,,,
0,0,BAU,NOSS,BLEND_NO_DCOLL,,,2041,,,,,,1.0,,,,,,,,,,,,,,,
0,0,BAU,NOSS,BLEND_NO_DCOLL,,,2042,,,,,,1.0,,,,,,,,,,,,,,,
0,0,BAU,NOSS,BLEND_NO_DCOLL,,,2043,,,,,,1.0,,,,,,,,,,,,,,,
0,0,BAU,NOSS,BLEND_NO_DCOLL,,,2044,,,,,,1.0,,,,,,,,,,,,,,,
0,0,BAU,NOSS,BLEND_NO_DCOLL,,,2045,,,,,,1.0,,,,,,,,,,,,,,,
0,0,BAU,NOSS,BLEND_NO_DCOLL,,,2046,,,,,,1.0,,,,,,,,,,,,,,,
0,0,BAU,NOSS,BLEND_NO_DCOLL,,,2047,,,,,,1.0,,,,,,,,,,,,,,,
0,0,BAU,NOSS,BLEND_NO_DCOLL,,,2048,,,,,,1.0,,,,,,,,,,,,,,,
0,0,BAU,NOSS,BLEND_NO_DCOLL,,,2049,,,,,,1.0,,,,,,,,,,,,,,,
0,0,BAU,NOSS,BLEND_NO_DCOLL,,,2050,,,,,,1.0,,,,,,,,,,,,,,,
0,0,BAU,NOSS,BLEND_NO_COLL,,,2018,,,,,,1.0,,,,,,,,,,,,,,,
0,0,BAU,NOSS,BLEND_NO_COLL,,,2019,,,,,,1.0,,,,,,,,,,,,,,,
0,0,BAU,NOSS,BLEND_NO_COLL,,,2020,,,,,,1.0,,,,,,,,,,,,,,,
0,0,BAU,NOSS,BLEND_NO_COLL,,,2021,,,,,,1.0,,,,,,,,,,,,,,,
0,0,BAU,NOSS,BLEND_NO_COLL,,,2022,,,,,,1.0,,,,,,,,,,,,,,,
0,0,BAU,NOSS,BLEND_NO_COLL,,,2023,,,,,,1.0,,,,,,,,,,,,,,,
0,0,BAU,NOSS,BLEND_NO_COLL,,,2024,,,,,,1.0,,,,,,,,,,,,,,,
0,0,BAU,NOSS,BLEND_NO_COLL,,,2025,,,,,,1.0,,,,,,,,,,,,,,,
0,0,BAU,NOSS,BLEND_NO_COLL,,,2026,,,,,,1.0,,,,,,,,,,,,,,,
0,0,BAU,NOSS,BLEND_NO_COLL,,,2027,,,,,,1.0,,,,,,,,,,,,,,,
0,0,BAU,NOSS,BLEND_NO_COLL,,,2028,,,,,,1.0,,,,,,,,,,,,,,,
0,0,BAU,NOSS,BLEND_NO_COLL,,,2029,,,,,,1.0,,,,,,,,,,,,,,,
0,0,BAU,NOSS,BLEND_NO_COLL,,,2030,,,,,,1.0,,,,,,,,,,,,,,,
0,0,BAU,NOSS,BLEND_NO_COLL,,,2031,,,,,,1.0,,,,,,,,,,,,,,,
0,0,BAU,NOSS,BLEND_NO_COLL,,,2032,,,,,,1.0,,,,,,,,,,,,,,,
0,0,BAU,NOSS,BLEND_NO_COLL,,,2033,,,,,,1.0,,,,,,,,,,,,,,,
0,0,BAU,NOSS,BLEND_NO_COLL,,,2034,,,,,,1.0,,,,,,,,,,,,,,,
0,0,BAU,NOSS,BLEND_NO_COLL,,,2035,,,,,,1.0,,,,,,,,,,,,,,,
0,0,BAU,NOSS,BLEND_NO_COLL,,,2036,,,,,,1.0,,,,,,,,,,,,,,,
0,0,BAU,NOSS,BLEND_NO_COLL,,,2037,,,,,,1.0,,,,,,,,,,,,,,,
0,0,BAU,NOSS,BLEND_NO_COLL,,,2038,,,,,,1.0,,,,,,,,,,,,,,,
0,0,BAU,NOSS,BLEND_NO_COLL,,,2039,,,,,,1.0,,,,,,,,,,,,,,,
0,0,BAU,NOSS,BLEND_NO_COLL,,,2040,,,,,,1.0,,,,,,,,,,,,,,,
0,0,BAU,NOSS,BLEND_NO_COLL,,,2041,,,,,,1.0,,,,,,,,,,,,,,,
0,0,BAU,NOSS,BLEND_NO_COLL,,,2042,,,,,,1.0,,,,,,,,,,,,,,,
0,0,BAU,NOSS,BLEND_NO_COLL,,,2043,,,,,,1.0,,,,,,,,,,,,,,,
0,0,BAU,NOSS,BLEND_NO_COLL,,,2044,,,,,,1.0,,,,,,,,,,,,,,,
0,0,BAU,NOSS,BLEND_NO_COLL,,,2045,,,,,,1.0,,,,,,,,,,,,,,,
0,0,BAU,NOSS,BLEND_NO_COLL,,,2046,,,,,,1.0,,,,,,,,,,,,,,,
0,0,BAU,NOSS,BLEND_NO_COLL,,,2047,,,,,,1.0,,,,,,,,,,,,,,,
0,0,BAU,NOSS,BLEND_NO_COLL,,,2048,,,,,,1.0,,,,,,,,,,,,,,,
0,0,BAU,NOSS,BLEND_NO_COLL,,,2049,,,,,,1.0,,,,,,,,,,,,,,,
0,0,BAU,NOSS,BLEND_NO_COLL,,,2050,,,,,,1.0,,,,,,,,,,,,,,,
0,0,BAU,TSW,INORG_SS,,,2018,,,,,,1.0,,,,,,,,,,,,,,,
0,0,BAU,TSW,INORG_SS,,,2019,,,,,,1.0,,,,,,,,,,,,,,,
0,0,BAU,TSW,INORG_SS,,,2020,,,,,,1.0,,,,,,,,,,,,,,,
0,0,BAU,TSW,INORG_SS,,,2021,,,,,,1.0,,,,,,,,,,,,,,,
0,0,BAU,TSW,INORG_SS,,,2022,,,,,,1.0,,,,,,,,,,,,,,,
0,0,BAU,TSW,INORG_SS,,,2023,,,,,,1.0,,,,,,,,,,,,,,,
0,0,BAU,TSW,INORG_SS,,,2024,,,,,,1.0,,,,,,,,,,,,,,,
0,0,BAU,TSW,INORG_SS,,,2025,,,,,,1.0,,,,,,,,,,,,,,,
0,0,BAU,TSW,INORG_SS,,,2026,,,,,,1.0,,,,,,,,,,,,,,,
0,0,BAU,TSW,INORG_SS,,,2027,,,,,,1.0,,,,,,,,,,,,,,,
0,0,BAU,TSW,INORG_SS,,,2028,,,,,,1.0,,,,,,,,,,,,,,,
0,0,BAU,TSW,INORG_SS,,,2029,,,,,,1.0,,,,,,,,,,,,,,,
0,0,BAU,TSW,INORG_SS,,,2030,,,,,,1.0,,,,,,,,,,,,,,,
0,0,BAU,TSW,INORG_SS,,,2031,,,,,,1.0,,,,,,,,,,,,,,,
0,0,BAU,TSW,INORG_SS,,,2032,,,,,,1.0,,,,,,,,,,,,,,,
0,0,BAU,TSW,INORG_SS,,,2033,,,,,,1.0,,,,,,,,,,,,,,,
0,0,BAU,TSW,INORG_SS,,,2034,,,,,,1.0,,,,,,,,,,,,,,,
0,0,BAU,TSW,INORG_SS,,,2035,,,,,,1.0,,,,,,,,,,,,,,,
0,0,BAU,TSW,INORG_SS,,,2036,,,,,,1.0,,,,,,,,,,,,,,,
0,0,BAU,TSW,INORG_SS,,,2037,,,,,,1.0,,,,,,,,,,,,,,,
0,0,BAU,TSW,INORG_SS,,,2038,,,,,,1.0,,,,,,,,,,,,,,,
0,0,BAU,TSW,INORG_SS,,,2039,,,,,,1.0,,,,,,,,,,,,,,,
0,0,BAU,TSW,INORG_SS,,,2040,,,,,,1.0,,,,,,,,,,,,,,,
0,0,BAU,TSW,INORG_SS,,,2041,,,,,,1.0,,,,,,,,,,,,,,,
0,0,BAU,TSW,INORG_SS,,,2042,,,,,,1.0,,,,,,,,,,,,,,,
0,0,BAU,TSW,INORG_SS,,,2043,,,,,,1.0,,,,,,,,,,,,,,,
0,0,BAU,TSW,INORG_SS,,,2044,,,,,,1.0,,,,,,,,,,,,,,,
0,0,BAU,TSW,INORG_SS,,,2045,,,,,,1.0,,,,,,,,,,,,,,,
0,0,BAU,TSW,INORG_SS,,,2046,,,,,,1.0,,,,,,,,,,,,,,,
0,0,BAU,TSW,INORG_SS,,,2047,,,,,,1.0,,,,,,,,,,,,,,,
0,0,BAU,TSW,INORG_SS,,,2048,,,,,,1.0,,,,,,,,,,,,,,,
0,0,BAU,TSW,INORG_SS,,,2049,,,,,,1.0,,,,,,,,,,,,,,,
0,0,BAU,TSW,INORG_SS,,,2050,,,,,,1.0,,,,,,,,,,,,,,,
0,0,BAU,TSW,ORG_SS,,,2018,,,,,,1.0,,,,,,,,,,,,,,,
0,0,BAU,TSW,ORG_SS,,,2019,,,,,,1.0,,,,,,,,,,,,,,,
0,0,BAU,TSW,ORG_SS,,,2020,,,,,,1.0,,,,,,,,,,,,,,,
0,0,BAU,TSW,ORG_SS,,,2021,,,,,,1.0,,,,,,,,,,,,,,,
0,0,BAU,TSW,ORG_SS,,,2022,,,,,,1.0,,,,,,,,,,,,,,,
0,0,BAU,TSW,ORG_SS,,,2023,,,,,,1.0,,,,,,,,,,,,,,,
0,0,BAU,TSW,ORG_SS,,,2024,,,,,,1.0,,,,,,,,,,,,,,,
0,0,BAU,TSW,ORG_SS,,,2025,,,,,,1.0,,,,,,,,,,,,,,,
0,0,BAU,TSW,ORG_SS,,,2026,,,,,,1.0,,,,,,,,,,,,,,,
0,0,BAU,TSW,ORG_SS,,,2027,,,,,,1.0,,,,,,,,,,,,,,,
0,0,BAU,TSW,ORG_SS,,,2028,,,,,,1.0,,,,,,,,,,,,,,,
0,0,BAU,TSW,ORG_SS,,,2029,,,,,,1.0,,,,,,,,,,,,,,,
0,0,BAU,TSW,ORG_SS,,,2030,,,,,,1.0,,,,,,,,,,,,,,,
0,0,BAU,TSW,ORG_SS,,,2031,,,,,,1.0,,,,,,,,,,,,,,,
0,0,BAU,TSW,ORG_SS,,,2032,,,,,,1.0,,,,,,,,,,,,,,,
0,0,BAU,TSW,ORG_SS,,,2033,,,,,,1.0,,,,,,,,,,,,,,,
0,0,BAU,TSW,ORG_SS,,,2034,,,,,,1.0,,,,,,,,,,,,,,,
0,0,BAU,TSW,ORG_SS,,,2035,,,,,,1.0,,,,,,,,,,,,,,,
0,0,BAU,TSW,ORG_SS,,,2036,,,,,,1.0,,,,,,,,,,,,,,,
0,0,BAU,TSW,ORG_SS,,,2037,,,,,,1.0,,,,,,,,,,,,,,,
0,0,BAU,TSW,ORG_SS,,,2038,,,,,,1.0,,,,,,,,,,,,,,,
0,0,BAU,TSW,ORG_SS,,,2039,,,,,,1.0,,,,,,,,,,,,,,,
0,0,BAU,TSW,ORG_SS,,,2040,,,,,,1.0,,,,,,,,,,,,,,,
0,0,BAU,TSW,ORG_SS,,,2041,,,,,,1.0,,,,,,,,,,,,,,,
0,0,BAU,TSW,ORG_SS,,,2042,,,,,,1.0,,,,,,,,,,,,,,,
0,0,BAU,TSW,ORG_SS,,,2043,,,,,,1.0,,,,,,,,,,,,,,,
0,0,BAU,TSW,ORG_SS,,,2044,,,,,,1.0,,,,,,,,,,,,,,,
0,0,BAU,TSW,ORG_SS,,,2045,,,,,,1.0,,,,,,,,,,,,,,,
0,0,BAU,TSW,ORG_SS,,,2046,,,,,,1.0,,,,,,,,,,,,,,,
0,0,BAU,TSW,ORG_SS,,,2047,,,,,,1.0,,,,,,,,,,,,,,,
0,0,BAU,TSW,ORG_SS,,,2048,,,,,,1.0,,,,,,,,,,,,,,,
0,0,BAU,TSW,ORG_SS,,,2049,,,,,,1.0,,,,,,,,,,,,,,,
0,0,BAU,TSW,ORG_SS,,,2050,,,,,,1.0,,,,,,,,,,,,,,,
0,0,BAU,TSW,NO_SS,,,2018,,,,,,1.0,,,,,,,,,,,,,,,
0,0,BAU,TSW,NO_SS,,,2019,,,,,,1.0,,,,,,,,,,,,,,,
0,0,BAU,TSW,NO_SS,,,2020,,,,,,1.0,,,,,,,,,,,,,,,
0,0,BAU,TSW,NO_SS,,,2021,,,,,,1.0,,,,,,,,,,,,,,,
0,0,BAU,TSW,NO_SS,,,2022,,,,,,1.0,,,,,,,,,,,,,,,
0,0,BAU,TSW,NO_SS,,,2023,,,,,,1.0,,,,,,,,,,,,,,,
0,0,BAU,TSW,NO_SS,,,2024,,,,,,1.0,,,,,,,,,,,,,,,
0,0,BAU,TSW,NO_SS,,,2025,,,,,,1.0,,,,,,,,,,,,,,,
0,0,BAU,TSW,NO_SS,,,2026,,,,,,1.0,,,,,,,,,,,,,,,
0,0,BAU,TSW,NO_SS,,,2027,,,,,,1.0,,,,,,,,,,,,,,,
0,0,BAU,TSW,NO_SS,,,2028,,,,,,1.0,,,,,,,,,,,,,,,
0,0,BAU,TSW,NO_SS,,,2029,,,,,,1.0,,,,,,,,,,,,,,,
0,0,BAU,TSW,NO_SS,,,2030,,,,,,1.0,,,,,,,,,,,,,,,
0,0,BAU,TSW,NO_SS,,,2031,,,,,,1.0,,,,,,,,,,,,,,,
0,0,BAU,TSW,NO_SS,,,2032,,,,,,1.0,,,,,,,,,,,,,,,
0,0,BAU,TSW,NO_SS,,,2033,,,,,,1.0,,,,,,,,,,,,,,,
0,0,BAU,TSW,NO_SS,,,2034,,,,,,1.0,,,,,,,,,,,,,,,
0,0,BAU,TSW,NO_SS,,,2035,,,,,,1.0,,,,,,,,,,,,,,,
0,0,BAU,TSW,NO_SS,,,2036,,,,,,1.0,,,,,,,,,,,,,,,
0,0,BAU,TSW,NO_SS,,,2037,,,,,,1.0,,,,,,,,,,,,,,,
0,0,BAU,TSW,NO_SS,,,2038,,,,,,1.0,,,,,,,,,,,,,,,
0,0,BAU,TSW,NO_SS,,,2039,,,,,,1.0,,,,,,,,,,,,,,,
0,0,BAU,TSW,NO_SS,,,2040,,,,,,1.0,,,,,,,,,,,,,,,
0,0,BAU,TSW,NO_SS,,,2041,,,,,,1.0,,,,,,,,,,,,,,,
0,0,BAU,TSW,NO_SS,,,2042,,,,,,1.0,,,,,,,,,,,,,,,
0,0,BAU,TSW,NO_SS,,,2043,,,,,,1.0,,,,,,,,,,,,,,,
0,0,BAU,TSW,NO_SS,,,2044,,,,,,1.0,,,,,,,,,,,,,,,
0,0,BAU,TSW,NO_SS,,,2045,,,,,,1.0,,,,,,,,,,,,,,,
0,0,BAU,TSW,NO_SS,,,2046,,,,,,1.0,,,,,,,,,,,,,,,
0,0,BAU,TSW,NO_SS,,,2047,,,,,,1.0,,,,,,,,,,,,,,,
0,0,BAU,TSW,NO_SS,,,2048,,,,,,1.0,,,,,,,,,,,,,,,
0,0,BAU,TSW,NO_SS,,,2049,,,,,,1.0,,,,,,,,,,,,,,,
0,0,BAU,TSW,NO_SS,,,2050,,,,,,1.0,,,,,,,,,,,,,,,
0,0,BAU,TWW,SEWERWW,,,2018,,,,,,1.0,,,,,,,,,,,,,,,
0,0,BAU,TWW,SEWERWW,,,2019,,,,,,1.0,,,,,,,,,,,,,,,
0,0,BAU,TWW,SEWERWW,,,2020,,,,,,1.0,,,,,,,,,,,,,,,
0,0,BAU,TWW,SEWERWW,,,2021,,,,,,1.0,,,,,,,,,,,,,,,
0,0,BAU,TWW,SEWERWW,,,2022,,,,,,1.0,,,,,,,,,,,,,,,
0,0,BAU,TWW,SEWERWW,,,2023,,,,,,1.0,,,,,,,,,,,,,,,
0,0,BAU,TWW,SEWERWW,,,2024,,,,,,1.0,,,,,,,,,,,,,,,
0,0,BAU,TWW,SEWERWW,,,2025,,,,,,1.0,,,,,,,,,,,,,,,
0,0,BAU,TWW,SEWERWW,,,2026,,,,,,1.0,,,,,,,,,,,,,,,
0,0,BAU,TWW,SEWERWW,,,2027,,,,,,1.0,,,,,,,,,,,,,,,
0,0,BAU,TWW,SEWERWW,,,2028,,,,,,1.0,,,,,,,,,,,,,,,
0,0,BAU,TWW,SEWERWW,,,2029,,,,,,1.0,,,,,,,,,,,,,,,
0,0,BAU,TWW,SEWERWW,,,2030,,,,,,1.0,,,,,,,,,,,,,,,
0,0,BAU,TWW,SEWERWW,,,2031,,,,,,1.0,,,,,,,,,,,,,,,
0,0,BAU,TWW,SEWERWW,,,2032,,,,,,1.0,,,,,,,,,,,,,,,
0,0,BAU,TWW,SEWERWW,,,2033,,,,,,1.0,,,,,,,,,,,,,,,
0,0,BAU,TWW,SEWERWW,,,2034,,,,,,1.0,,,,,,,,,,,,,,,
0,0,BAU,TWW,SEWERWW,,,2035,,,,,,1.0,,,,,,,,,,,,,,,
0,0,BAU,TWW,SEWERWW,,,2036,,,,,,1.0,,,,,,,,,,,,,,,
0,0,BAU,TWW,SEWERWW,,,2037,,,,,,1.0,,,,,,,,,,,,,,,
0,0,BAU,TWW,SEWERWW,,,2038,,,,,,1.0,,,,,,,,,,,,,,,
0,0,BAU,TWW,SEWERWW,,,2039,,,,,,1.0,,,,,,,,,,,,,,,
0,0,BAU,TWW,SEWERWW,,,2040,,,,,,1.0,,,,,,,,,,,,,,,
0,0,BAU,TWW,SEWERWW,,,2041,,,,,,1.0,,,,,,,,,,,,,,,
0,0,BAU,TWW,SEWERWW,,,2042,,,,,,1.0,,,,,,,,,,,,,,,
0,0,BAU,TWW,SEWERWW,,,2043,,,,,,1.0,,,,,,,,,,,,,,,
0,0,BAU,TWW,SEWERWW,,,2044,,,,,,1.0,,,,,,,,,,,,,,,
0,0,BAU,TWW,SEWERWW,,,2045,,,,,,1.0,,,,,,,,,,,,,,,
0,0,BAU,TWW,SEWERWW,,,2046,,,,,,1.0,,,,,,,,,,,,,,,
0,0,BAU,TWW,SEWERWW,,,2047,,,,,,1.0,,,,,,,,,,,,,,,
0,0,BAU,TWW,SEWERWW,,,2048,,,,,,1.0,,,,,,,,,,,,,,,
0,0,BAU,TWW,SEWERWW,,,2049,,,,,,1.0,,,,,,,,,,,,,,,
0,0,BAU,TWW,SEWERWW,,,2050,,,,,,1.0,,,,,,,,,,,,,,,
0,0,BAU,TWW,DIRECT_DISC,,,2018,,,,,,1.0,,,,,,,,,,,,,,,
0,0,BAU,TWW,DIRECT_DISC,,,2019,,,,,,1.0,,,,,,,,,,,,,,,
0,0,BAU,TWW,DIRECT_DISC,,,2020,,,,,,1.0,,,,,,,,,,,,,,,
0,0,BAU,TWW,DIRECT_DISC,,,2021,,,,,,1.0,,,,,,,,,,,,,,,
0,0,BAU,TWW,DIRECT_DISC,,,2022,,,,,,1.0,,,,,,,,,,,,,,,
0,0,BAU,TWW,DIRECT_DISC,,,2023,,,,,,1.0,,,,,,,,,,,,,,,
0,0,BAU,TWW,DIRECT_DISC,,,2024,,,,,,1.0,,,,,,,,,,,,,,,
0,0,BAU,TWW,DIRECT_DISC,,,2025,,,,,,1.0,,,,,,,,,,,,,,,
0,0,BAU,TWW,DIRECT_DISC,,,2026,,,,,,1.0,,,,,,,,,,,,,,,
0,0,BAU,TWW,DIRECT_DISC,,,2027,,,,,,1.0,,,,,,,,,,,,,,,
0,0,BAU,TWW,DIRECT_DISC,,,2028,,,,,,1.0,,,,,,,,,,,,,,,
0,0,BAU,TWW,DIRECT_DISC,,,2029,,,,,,1.0,,,,,,,,,,,,,,,
0,0,BAU,TWW,DIRECT_DISC,,,2030,,,,,,1.0,,,,,,,,,,,,,,,
0,0,BAU,TWW,DIRECT_DISC,,,2031,,,,,,1.0,,,,,,,,,,,,,,,
0,0,BAU,TWW,DIRECT_DISC,,,2032,,,,,,1.0,,,,,,,,,,,,,,,
0,0,BAU,TWW,DIRECT_DISC,,,2033,,,,,,1.0,,,,,,,,,,,,,,,
0,0,BAU,TWW,DIRECT_DISC,,,2034,,,,,,1.0,,,,,,,,,,,,,,,
0,0,BAU,TWW,DIRECT_DISC,,,2035,,,,,,1.0,,,,,,,,,,,,,,,
0,0,BAU,TWW,DIRECT_DISC,,,2036,,,,,,1.0,,,,,,,,,,,,,,,
0,0,BAU,TWW,DIRECT_DISC,,,2037,,,,,,1.0,,,,,,,,,,,,,,,
0,0,BAU,TWW,DIRECT_DISC,,,2038,,,,,,1.0,,,,,,,,,,,,,,,
0,0,BAU,TWW,DIRECT_DISC,,,2039,,,,,,1.0,,,,,,,,,,,,,,,
0,0,BAU,TWW,DIRECT_DISC,,,2040,,,,,,1.0,,,,,,,,,,,,,,,
0,0,BAU,TWW,DIRECT_DISC,,,2041,,,,,,1.0,,,,,,,,,,,,,,,
0,0,BAU,TWW,DIRECT_DISC,,,2042,,,,,,1.0,,,,,,,,,,,,,,,
0,0,BAU,TWW,DIRECT_DISC,,,2043,,,,,,1.0,,,,,,,,,,,,,,,
0,0,BAU,TWW,DIRECT_DISC,,,2044,,,,,,1.0,,,,,,,,,,,,,,,
0,0,BAU,TWW,DIRECT_DISC,,,2045,,,,,,1.0,,,,,,,,,,,,,,,
0,0,BAU,TWW,DIRECT_DISC,,,2046,,,,,,1.0,,,,,,,,,,,,,,,
0,0,BAU,TWW,DIRECT_DISC,,,2047,,,,,,1.0,,,,,,,,,,,,,,,
0,0,BAU,TWW,DIRECT_DISC,,,2048,,,,,,1.0,,,,,,,,,,,,,,,
0,0,BAU,TWW,DIRECT_DISC,,,2049,,,,,,1.0,,,,,,,,,,,,,,,
0,0,BAU,TWW,DIRECT_DISC,,,2050,,,,,,1.0,,,,,,,,,,,,,,,
0,0,BAU,E5TSWLANDFILL_ELEC,T5LANDFILL_ELECTSW,,,2018,,,,,,1,,,,,,,,,,,,,,,
0,0,BAU,E5TSWLANDFILL_ELEC,T5LANDFILL_ELECTSW,,,2019,,,,,,1.0,,,,,,,,,,,,,,,
0,0,BAU,E5TSWLANDFILL_ELEC,T5LANDFILL_ELECTSW,,,2020,,,,,,1.0,,,,,,,,,,,,,,,
0,0,BAU,E5TSWLANDFILL_ELEC,T5LANDFILL_ELECTSW,,,2021,,,,,,1.0,,,,,,,,,,,,,,,
0,0,BAU,E5TSWLANDFILL_ELEC,T5LANDFILL_ELECTSW,,,2022,,,,,,1.0,,,,,,,,,,,,,,,
0,0,BAU,E5TSWLANDFILL_ELEC,T5LANDFILL_ELECTSW,,,2023,,,,,,1.0,,,,,,,,,,,,,,,
0,0,BAU,E5TSWLANDFILL_ELEC,T5LANDFILL_ELECTSW,,,2024,,,,,,1.0,,,,,,,,,,,,,,,
0,0,BAU,E5TSWLANDFILL_ELEC,T5LANDFILL_ELECTSW,,,2025,,,,,,1.0,,,,,,,,,,,,,,,
0,0,BAU,E5TSWLANDFILL_ELEC,T5LANDFILL_ELECTSW,,,2026,,,,,,1.0,,,,,,,,,,,,,,,
0,0,BAU,E5TSWLANDFILL_ELEC,T5LANDFILL_ELECTSW,,,2027,,,,,,1.0,,,,,,,,,,,,,,,
0,0,BAU,E5TSWLANDFILL_ELEC,T5LANDFILL_ELECTSW,,,2028,,,,,,1.0,,,,,,,,,,,,,,,
0,0,BAU,E5TSWLANDFILL_ELEC,T5LANDFILL_ELECTSW,,,2029,,,,,,1.0,,,,,,,,,,,,,,,
0,0,BAU,E5TSWLANDFILL_ELEC,T5LANDFILL_ELECTSW,,,2030,,,,,,1.0,,,,,,,,,,,,,,,
0,0,BAU,E5TSWLANDFILL_ELEC,T5LANDFILL_ELECTSW,,,2031,,,,,,1.0,,,,,,,,,,,,,,,
0,0,BAU,E5TSWLANDFILL_ELEC,T5LANDFILL_ELECTSW,,,2032,,,,,,1.0,,,,,,,,,,,,,,,
0,0,BAU,E5TSWLANDFILL_ELEC,T5LANDFILL_ELECTSW,,,2033,,,,,,1.0,,,,,,,,,,,,,,,
0,0,BAU,E5TSWLANDFILL_ELEC,T5LANDFILL_ELECTSW,,,2034,,,,,,1.0,,,,,,,,,,,,,,,
0,0,BAU,E5TSWLANDFILL_ELEC,T5LANDFILL_ELECTSW,,,2035,,,,,,1.0,,,,,,,,,,,,,,,
0,0,BAU,E5TSWLANDFILL_ELEC,T5LANDFILL_ELECTSW,,,2036,,,,,,1.0,,,,,,,,,,,,,,,
0,0,BAU,E5TSWLANDFILL_ELEC,T5LANDFILL_ELECTSW,,,2037,,,,,,1.0,,,,,,,,,,,,,,,
0,0,BAU,E5TSWLANDFILL_ELEC,T5LANDFILL_ELECTSW,,,2038,,,,,,1.0,,,,,,,,,,,,,,,
0,0,BAU,E5TSWLANDFILL_ELEC,T5LANDFILL_ELECTSW,,,2039,,,,,,1.0,,,,,,,,,,,,,,,
0,0,BAU,E5TSWLANDFILL_ELEC,T5LANDFILL_ELECTSW,,,2040,,,,,,1.0,,,,,,,,,,,,,,,
0,0,BAU,E5TSWLANDFILL_ELEC,T5LANDFILL_ELECTSW,,,2041,,,,,,1.0,,,,,,,,,,,,,,,
0,0,BAU,E5TSWLANDFILL_ELEC,T5LANDFILL_ELECTSW,,,2042,,,,,,1.0,,,,,,,,,,,,,,,
0,0,BAU,E5TSWLANDFILL_ELEC,T5LANDFILL_ELECTSW,,,2043,,,,,,1.0,,,,,,,,,,,,,,,
0,0,BAU,E5TSWLANDFILL_ELEC,T5LANDFILL_ELECTSW,,,2044,,,,,,1.0,,,,,,,,,,,,,,,
0,0,BAU,E5TSWLANDFILL_ELEC,T5LANDFILL_ELECTSW,,,2045,,,,,,1.0,,,,,,,,,,,,,,,
0,0,BAU,E5TSWLANDFILL_ELEC,T5LANDFILL_ELECTSW,,,2046,,,,,,1.0,,,,,,,,,,,,,,,
0,0,BAU,E5TSWLANDFILL_ELEC,T5LANDFILL_ELECTSW,,,2047,,,,,,1.0,,,,,,,,,,,,,,,
0,0,BAU,E5TSWLANDFILL_ELEC,T5LANDFILL_ELECTSW,,,2048,,,,,,1.0,,,,,,,,,,,,,,,
0,0,BAU,E5TSWLANDFILL_ELEC,T5LANDFILL_ELECTSW,,,2049,,,,,,1.0,,,,,,,,,,,,,,,
0,0,BAU,E5TSWLANDFILL_ELEC,T5LANDFILL_ELECTSW,,,2050,,,,,,1.0,,,,,,,,,,,,,,,
0,0,BAU,E5TSWIND_SW,T5IND_SWTSW,,,2018,,,,,,1,,,,,,,,,,,,,,,
0,0,BAU,E5TSWIND_SW,T5IND_SWTSW,,,2019,,,,,,1.0,,,,,,,,,,,,,,,
0,0,BAU,E5TSWIND_SW,T5IND_SWTSW,,,2020,,,,,,1.0,,,,,,,,,,,,,,,
0,0,BAU,E5TSWIND_SW,T5IND_SWTSW,,,2021,,,,,,1.0,,,,,,,,,,,,,,,
0,0,BAU,E5TSWIND_SW,T5IND_SWTSW,,,2022,,,,,,1.0,,,,,,,,,,,,,,,
0,0,BAU,E5TSWIND_SW,T5IND_SWTSW,,,2023,,,,,,1.0,,,,,,,,,,,,,,,
0,0,BAU,E5TSWIND_SW,T5IND_SWTSW,,,2024,,,,,,1.0,,,,,,,,,,,,,,,
0,0,BAU,E5TSWIND_SW,T5IND_SWTSW,,,2025,,,,,,1.0,,,,,,,,,,,,,,,
0,0,BAU,E5TSWIND_SW,T5IND_SWTSW,,,2026,,,,,,1.0,,,,,,,,,,,,,,,
0,0,BAU,E5TSWIND_SW,T5IND_SWTSW,,,2027,,,,,,1.0,,,,,,,,,,,,,,,
0,0,BAU,E5TSWIND_SW,T5IND_SWTSW,,,2028,,,,,,1.0,,,,,,,,,,,,,,,
0,0,BAU,E5TSWIND_SW,T5IND_SWTSW,,,2029,,,,,,1.0,,,,,,,,,,,,,,,
0,0,BAU,E5TSWIND_SW,T5IND_SWTSW,,,2030,,,,,,1.0,,,,,,,,,,,,,,,
0,0,BAU,E5TSWIND_SW,T5IND_SWTSW,,,2031,,,,,,1.0,,,,,,,,,,,,,,,
0,0,BAU,E5TSWIND_SW,T5IND_SWTSW,,,2032,,,,,,1.0,,,,,,,,,,,,,,,
0,0,BAU,E5TSWIND_SW,T5IND_SWTSW,,,2033,,,,,,1.0,,,,,,,,,,,,,,,
0,0,BAU,E5TSWIND_SW,T5IND_SWTSW,,,2034,,,,,,1.0,,,,,,,,,,,,,,,
0,0,BAU,E5TSWIND_SW,T5IND_SWTSW,,,2035,,,,,,1.0,,,,,,,,,,,,,,,
0,0,BAU,E5TSWIND_SW,T5IND_SWTSW,,,2036,,,,,,1.0,,,,,,,,,,,,,,,
0,0,BAU,E5TSWIND_SW,T5IND_SWTSW,,,2037,,,,,,1.0,,,,,,,,,,,,,,,
0,0,BAU,E5TSWIND_SW,T5IND_SWTSW,,,2038,,,,,,1.0,,,,,,,,,,,,,,,
0,0,BAU,E5TSWIND_SW,T5IND_SWTSW,,,2039,,,,,,1.0,,,,,,,,,,,,,,,
0,0,BAU,E5TSWIND_SW,T5IND_SWTSW,,,2040,,,,,,1.0,,,,,,,,,,,,,,,
0,0,BAU,E5TSWIND_SW,T5IND_SWTSW,,,2041,,,,,,1.0,,,,,,,,,,,,,,,
0,0,BAU,E5TSWIND_SW,T5IND_SWTSW,,,2042,,,,,,1.0,,,,,,,,,,,,,,,
0,0,BAU,E5TSWIND_SW,T5IND_SWTSW,,,2043,,,,,,1.0,,,,,,,,,,,,,,,
0,0,BAU,E5TSWIND_SW,T5IND_SWTSW,,,2044,,,,,,1.0,,,,,,,,,,,,,,,
0,0,BAU,E5TSWIND_SW,T5IND_SWTSW,,,2045,,,,,,1.0,,,,,,,,,,,,,,,
0,0,BAU,E5TSWIND_SW,T5IND_SWTSW,,,2046,,,,,,1.0,,,,,,,,,,,,,,,
0,0,BAU,E5TSWIND_SW,T5IND_SWTSW,,,2047,,,,,,1.0,,,,,,,,,,,,,,,
0,0,BAU,E5TSWIND_SW,T5IND_SWTSW,,,2048,,,,,,1.0,,,,,,,,,,,,,,,
0,0,BAU,E5TSWIND_SW,T5IND_SWTSW,,,2049,,,,,,1.0,,,,,,,,,,,,,,,
0,0,BAU,E5TSWIND_SW,T5IND_SWTSW,,,2050,,,,,,1.0,,,,,,,,,,,,,,,
0,0,BAU,E5TSWCO2_CH4_BURN,T5CO2_CH4_BURNTSW,,,2018,,,,,,1,,,,,,,,,,,,,,,
0,0,BAU,E5TSWCO2_CH4_BURN,T5CO2_CH4_BURNTSW,,,2019,,,,,,1.0,,,,,,,,,,,,,,,
0,0,BAU,E5TSWCO2_CH4_BURN,T5CO2_CH4_BURNTSW,,,2020,,,,,,1.0,,,,,,,,,,,,,,,
0,0,BAU,E5TSWCO2_CH4_BURN,T5CO2_CH4_BURNTSW,,,2021,,,,,,1.0,,,,,,,,,,,,,,,
0,0,BAU,E5TSWCO2_CH4_BURN,T5CO2_CH4_BURNTSW,,,2022,,,,,,1.0,,,,,,,,,,,,,,,
0,0,BAU,E5TSWCO2_CH4_BURN,T5CO2_CH4_BURNTSW,,,2023,,,,,,1.0,,,,,,,,,,,,,,,
0,0,BAU,E5TSWCO2_CH4_BURN,T5CO2_CH4_BURNTSW,,,2024,,,,,,1.0,,,,,,,,,,,,,,,
0,0,BAU,E5TSWCO2_CH4_BURN,T5CO2_CH4_BURNTSW,,,2025,,,,,,1.0,,,,,,,,,,,,,,,
0,0,BAU,E5TSWCO2_CH4_BURN,T5CO2_CH4_BURNTSW,,,2026,,,,,,1.0,,,,,,,,,,,,,,,
0,0,BAU,E5TSWCO2_CH4_BURN,T5CO2_CH4_BURNTSW,,,2027,,,,,,1.0,,,,,,,,,,,,,,,
0,0,BAU,E5TSWCO2_CH4_BURN,T5CO2_CH4_BURNTSW,,,2028,,,,,,1.0,,,,,,,,,,,,,,,
0,0,BAU,E5TSWCO2_CH4_BURN,T5CO2_CH4_BURNTSW,,,2029,,,,,,1.0,,,,,,,,,,,,,,,
0,0,BAU,E5TSWCO2_CH4_BURN,T5CO2_CH4_BURNTSW,,,2030,,,,,,1.0,,,,,,,,,,,,,,,
0,0,BAU,E5TSWCO2_CH4_BURN,T5CO2_CH4_BURNTSW,,,2031,,,,,,1.0,,,,,,,,,,,,,,,
0,0,BAU,E5TSWCO2_CH4_BURN,T5CO2_CH4_BURNTSW,,,2032,,,,,,1.0,,,,,,,,,,,,,,,
0,0,BAU,E5TSWCO2_CH4_BURN,T5CO2_CH4_BURNTSW,,,2033,,,,,,1.0,,,,,,,,,,,,,,,
0,0,BAU,E5TSWCO2_CH4_BURN,T5CO2_CH4_BURNTSW,,,2034,,,,,,1.0,,,,,,,,,,,,,,,
0,0,BAU,E5TSWCO2_CH4_BURN,T5CO2_CH4_BURNTSW,,,2035,,,,,,1.0,,,,,,,,,,,,,,,
0,0,BAU,E5TSWCO2_CH4_BURN,T5CO2_CH4_BURNTSW,,,2036,,,,,,1.0,,,,,,,,,,,,,,,
0,0,BAU,E5TSWCO2_CH4_BURN,T5CO2_CH4_BURNTSW,,,2037,,,,,,1.0,,,,,,,,,,,,,,,
0,0,BAU,E5TSWCO2_CH4_BURN,T5CO2_CH4_BURNTSW,,,2038,,,,,,1.0,,,,,,,,,,,,,,,
0,0,BAU,E5TSWCO2_CH4_BURN,T5CO2_CH4_BURNTSW,,,2039,,,,,,1.0,,,,,,,,,,,,,,,
0,0,BAU,E5TSWCO2_CH4_BURN,T5CO2_CH4_BURNTSW,,,2040,,,,,,1.0,,,,,,,,,,,,,,,
0,0,BAU,E5TSWCO2_CH4_BURN,T5CO2_CH4_BURNTSW,,,2041,,,,,,1.0,,,,,,,,,,,,,,,
0,0,BAU,E5TSWCO2_CH4_BURN,T5CO2_CH4_BURNTSW,,,2042,,,,,,1.0,,,,,,,,,,,,,,,
0,0,BAU,E5TSWCO2_CH4_BURN,T5CO2_CH4_BURNTSW,,,2043,,,,,,1.0,,,,,,,,,,,,,,,
0,0,BAU,E5TSWCO2_CH4_BURN,T5CO2_CH4_BURNTSW,,,2044,,,,,,1.0,,,,,,,,,,,,,,,
0,0,BAU,E5TSWCO2_CH4_BURN,T5CO2_CH4_BURNTSW,,,2045,,,,,,1.0,,,,,,,,,,,,,,,
0,0,BAU,E5TSWCO2_CH4_BURN,T5CO2_CH4_BURNTSW,,,2046,,,,,,1.0,,,,,,,,,,,,,,,
0,0,BAU,E5TSWCO2_CH4_BURN,T5CO2_CH4_BURNTSW,,,2047,,,,,,1.0,,,,,,,,,,,,,,,
0,0,BAU,E5TSWCO2_CH4_BURN,T5CO2_CH4_BURNTSW,,,2048,,,,,,1.0,,,,,,,,,,,,,,,
0,0,BAU,E5TSWCO2_CH4_BURN,T5CO2_CH4_BURNTSW,,,2049,,,,,,1.0,,,,,,,,,,,,,,,
0,0,BAU,E5TSWCO2_CH4_BURN,T5CO2_CH4_BURNTSW,,,2050,,,,,,1.0,,,,,,,,,,,,,,,
0,0,BAU,E5WWTWW,T5TWWWW,,,2018,,,,,,1,,,,,,,,,,,,,,,
0,0,BAU,E5WWTWW,T5TWWWW,,,2019,,,,,,1.0,,,,,,,,,,,,,,,
0,0,BAU,E5WWTWW,T5TWWWW,,,2020,,,,,,1.0,,,,,,,,,,,,,,,
0,0,BAU,E5WWTWW,T5TWWWW,,,2021,,,,,,1.0,,,,,,,,,,,,,,,
0,0,BAU,E5WWTWW,T5TWWWW,,,2022,,,,,,1.0,,,,,,,,,,,,,,,
0,0,BAU,E5WWTWW,T5TWWWW,,,2023,,,,,,1.0,,,,,,,,,,,,,,,
0,0,BAU,E5WWTWW,T5TWWWW,,,2024,,,,,,1.0,,,,,,,,,,,,,,,
0,0,BAU,E5WWTWW,T5TWWWW,,,2025,,,,,,1.0,,,,,,,,,,,,,,,
0,0,BAU,E5WWTWW,T5TWWWW,,,2026,,,,,,1.0,,,,,,,,,,,,,,,
0,0,BAU,E5WWTWW,T5TWWWW,,,2027,,,,,,1.0,,,,,,,,,,,,,,,
0,0,BAU,E5WWTWW,T5TWWWW,,,2028,,,,,,1.0,,,,,,,,,,,,,,,
0,0,BAU,E5WWTWW,T5TWWWW,,,2029,,,,,,1.0,,,,,,,,,,,,,,,
0,0,BAU,E5WWTWW,T5TWWWW,,,2030,,,,,,1.0,,,,,,,,,,,,,,,
0,0,BAU,E5WWTWW,T5TWWWW,,,2031,,,,,,1.0,,,,,,,,,,,,,,,
0,0,BAU,E5WWTWW,T5TWWWW,,,2032,,,,,,1.0,,,,,,,,,,,,,,,
0,0,BAU,E5WWTWW,T5TWWWW,,,2033,,,,,,1.0,,,,,,,,,,,,,,,
0,0,BAU,E5WWTWW,T5TWWWW,,,2034,,,,,,1.0,,,,,,,,,,,,,,,
0,0,BAU,E5WWTWW,T5TWWWW,,,2035,,,,,,1.0,,,,,,,,,,,,,,,
0,0,BAU,E5WWTWW,T5TWWWW,,,2036,,,,,,1.0,,,,,,,,,,,,,,,
0,0,BAU,E5WWTWW,T5TWWWW,,,2037,,,,,,1.0,,,,,,,,,,,,,,,
0,0,BAU,E5WWTWW,T5TWWWW,,,2038,,,,,,1.0,,,,,,,,,,,,,,,
0,0,BAU,E5WWTWW,T5TWWWW,,,2039,,,,,,1.0,,,,,,,,,,,,,,,
0,0,BAU,E5WWTWW,T5TWWWW,,,2040,,,,,,1.0,,,,,,,,,,,,,,,
0,0,BAU,E5WWTWW,T5TWWWW,,,2041,,,,,,1.0,,,,,,,,,,,,,,,
0,0,BAU,E5WWTWW,T5TWWWW,,,2042,,,,,,1.0,,,,,,,,,,,,,,,
0,0,BAU,E5WWTWW,T5TWWWW,,,2043,,,,,,1.0,,,,,,,,,,,,,,,
0,0,BAU,E5WWTWW,T5TWWWW,,,2044,,,,,,1.0,,,,,,,,,,,,,,,
0,0,BAU,E5WWTWW,T5TWWWW,,,2045,,,,,,1.0,,,,,,,,,,,,,,,
0,0,BAU,E5WWTWW,T5TWWWW,,,2046,,,,,,1.0,,,,,,,,,,,,,,,
0,0,BAU,E5WWTWW,T5TWWWW,,,2047,,,,,,1.0,,,,,,,,,,,,,,,
0,0,BAU,E5WWTWW,T5TWWWW,,,2048,,,,,,1.0,,,,,,,,,,,,,,,
0,0,BAU,E5WWTWW,T5TWWWW,,,2049,,,,,,1.0,,,,,,,,,,,,,,,
0,0,BAU,E5WWTWW,T5TWWWW,,,2050,,,,,,1.0,,,,,,,,,,,,,,,
0,0,BAU,E5WWIWW_MEAT,T5IWW_MEATWW,,,2018,,,,,,1,,,,,,,,,,,,,,,
0,0,BAU,E5WWIWW_MEAT,T5IWW_MEATWW,,,2019,,,,,,1.0,,,,,,,,,,,,,,,
0,0,BAU,E5WWIWW_MEAT,T5IWW_MEATWW,,,2020,,,,,,1.0,,,,,,,,,,,,,,,
0,0,BAU,E5WWIWW_MEAT,T5IWW_MEATWW,,,2021,,,,,,1.0,,,,,,,,,,,,,,,
0,0,BAU,E5WWIWW_MEAT,T5IWW_MEATWW,,,2022,,,,,,1.0,,,,,,,,,,,,,,,
0,0,BAU,E5WWIWW_MEAT,T5IWW_MEATWW,,,2023,,,,,,1.0,,,,,,,,,,,,,,,
0,0,BAU,E5WWIWW_MEAT,T5IWW_MEATWW,,,2024,,,,,,1.0,,,,,,,,,,,,,,,
0,0,BAU,E5WWIWW_MEAT,T5IWW_MEATWW,,,2025,,,,,,1.0,,,,,,,,,,,,,,,
0,0,BAU,E5WWIWW_MEAT,T5IWW_MEATWW,,,2026,,,,,,1.0,,,,,,,,,,,,,,,
0,0,BAU,E5WWIWW_MEAT,T5IWW_MEATWW,,,2027,,,,,,1.0,,,,,,,,,,,,,,,
0,0,BAU,E5WWIWW_MEAT,T5IWW_MEATWW,,,2028,,,,,,1.0,,,,,,,,,,,,,,,
0,0,BAU,E5WWIWW_MEAT,T5IWW_MEATWW,,,2029,,,,,,1.0,,,,,,,,,,,,,,,
0,0,BAU,E5WWIWW_MEAT,T5IWW_MEATWW,,,2030,,,,,,1.0,,,,,,,,,,,,,,,
0,0,BAU,E5WWIWW_MEAT,T5IWW_MEATWW,,,2031,,,,,,1.0,,,,,,,,,,,,,,,
0,0,BAU,E5WWIWW_MEAT,T5IWW_MEATWW,,,2032,,,,,,1.0,,,,,,,,,,,,,,,
0,0,BAU,E5WWIWW_MEAT,T5IWW_MEATWW,,,2033,,,,,,1.0,,,,,,,,,,,,,,,
0,0,BAU,E5WWIWW_MEAT,T5IWW_MEATWW,,,2034,,,,,,1.0,,,,,,,,,,,,,,,
0,0,BAU,E5WWIWW_MEAT,T5IWW_MEATWW,,,2035,,,,,,1.0,,,,,,,,,,,,,,,
0,0,BAU,E5WWIWW_MEAT,T5IWW_MEATWW,,,2036,,,,,,1.0,,,,,,,,,,,,,,,
0,0,BAU,E5WWIWW_MEAT,T5IWW_MEATWW,,,2037,,,,,,1.0,,,,,,,,,,,,,,,
0,0,BAU,E5WWIWW_MEAT,T5IWW_MEATWW,,,2038,,,,,,1.0,,,,,,,,,,,,,,,
0,0,BAU,E5WWIWW_MEAT,T5IWW_MEATWW,,,2039,,,,,,1.0,,,,,,,,,,,,,,,
0,0,BAU,E5WWIWW_MEAT,T5IWW_MEATWW,,,2040,,,,,,1.0,,,,,,,,,,,,,,,
0,0,BAU,E5WWIWW_MEAT,T5IWW_MEATWW,,,2041,,,,,,1.0,,,,,,,,,,,,,,,
0,0,BAU,E5WWIWW_MEAT,T5IWW_MEATWW,,,2042,,,,,,1.0,,,,,,,,,,,,,,,
0,0,BAU,E5WWIWW_MEAT,T5IWW_MEATWW,,,2043,,,,,,1.0,,,,,,,,,,,,,,,
0,0,BAU,E5WWIWW_MEAT,T5IWW_MEATWW,,,2044,,,,,,1.0,,,,,,,,,,,,,,,
0,0,BAU,E5WWIWW_MEAT,T5IWW_MEATWW,,,2045,,,,,,1.0,,,,,,,,,,,,,,,
0,0,BAU,E5WWIWW_MEAT,T5IWW_MEATWW,,,2046,,,,,,1.0,,,,,,,,,,,,,,,
0,0,BAU,E5WWIWW_MEAT,T5IWW_MEATWW,,,2047,,,,,,1.0,,,,,,,,,,,,,,,
0,0,BAU,E5WWIWW_MEAT,T5IWW_MEATWW,,,2048,,,,,,1.0,,,,,,,,,,,,,,,
0,0,BAU,E5WWIWW_MEAT,T5IWW_MEATWW,,,2049,,,,,,1.0,,,,,,,,,,,,,,,
0,0,BAU,E5WWIWW_MEAT,T5IWW_MEATWW,,,2050,,,,,,1.0,,,,,,,,,,,,,,,
0,0,BAU,E5WWIWW_SUGAR,T5IWW_SUGARWW,,,2018,,,,,,1,,,,,,,,,,,,,,,
0,0,BAU,E5WWIWW_SUGAR,T5IWW_SUGARWW,,,2019,,,,,,1.0,,,,,,,,,,,,,,,
0,0,BAU,E5WWIWW_SUGAR,T5IWW_SUGARWW,,,2020,,,,,,1.0,,,,,,,,,,,,,,,
0,0,BAU,E5WWIWW_SUGAR,T5IWW_SUGARWW,,,2021,,,,,,1.0,,,,,,,,,,,,,,,
0,0,BAU,E5WWIWW_SUGAR,T5IWW_SUGARWW,,,2022,,,,,,1.0,,,,,,,,,,,,,,,
0,0,BAU,E5WWIWW_SUGAR,T5IWW_SUGARWW,,,2023,,,,,,1.0,,,,,,,,,,,,,,,
0,0,BAU,E5WWIWW_SUGAR,T5IWW_SUGARWW,,,2024,,,,,,1.0,,,,,,,,,,,,,,,
0,0,BAU,E5WWIWW_SUGAR,T5IWW_SUGARWW,,,2025,,,,,,1.0,,,,,,,,,,,,,,,
0,0,BAU,E5WWIWW_SUGAR,T5IWW_SUGARWW,,,2026,,,,,,1.0,,,,,,,,,,,,,,,
0,0,BAU,E5WWIWW_SUGAR,T5IWW_SUGARWW,,,2027,,,,,,1.0,,,,,,,,,,,,,,,
0,0,BAU,E5WWIWW_SUGAR,T5IWW_SUGARWW,,,2028,,,,,,1.0,,,,,,,,,,,,,,,
0,0,BAU,E5WWIWW_SUGAR,T5IWW_SUGARWW,,,2029,,,,,,1.0,,,,,,,,,,,,,,,
0,0,BAU,E5WWIWW_SUGAR,T5IWW_SUGARWW,,,2030,,,,,,1.0,,,,,,,,,,,,,,,
0,0,BAU,E5WWIWW_SUGAR,T5IWW_SUGARWW,,,2031,,,,,,1.0,,,,,,,,,,,,,,,
0,0,BAU,E5WWIWW_SUGAR,T5IWW_SUGARWW,,,2032,,,,,,1.0,,,,,,,,,,,,,,,
0,0,BAU,E5WWIWW_SUGAR,T5IWW_SUGARWW,,,2033,,,,,,1.0,,,,,,,,,,,,,,,
0,0,BAU,E5WWIWW_SUGAR,T5IWW_SUGARWW,,,2034,,,,,,1.0,,,,,,,,,,,,,,,
0,0,BAU,E5WWIWW_SUGAR,T5IWW_SUGARWW,,,2035,,,,,,1.0,,,,,,,,,,,,,,,
0,0,BAU,E5WWIWW_SUGAR,T5IWW_SUGARWW,,,2036,,,,,,1.0,,,,,,,,,,,,,,,
0,0,BAU,E5WWIWW_SUGAR,T5IWW_SUGARWW,,,2037,,,,,,1.0,,,,,,,,,,,,,,,
0,0,BAU,E5WWIWW_SUGAR,T5IWW_SUGARWW,,,2038,,,,,,1.0,,,,,,,,,,,,,,,
0,0,BAU,E5WWIWW_SUGAR,T5IWW_SUGARWW,,,2039,,,,,,1.0,,,,,,,,,,,,,,,
0,0,BAU,E5WWIWW_SUGAR,T5IWW_SUGARWW,,,2040,,,,,,1.0,,,,,,,,,,,,,,,
0,0,BAU,E5WWIWW_SUGAR,T5IWW_SUGARWW,,,2041,,,,,,1.0,,,,,,,,,,,,,,,
0,0,BAU,E5WWIWW_SUGAR,T5IWW_SUGARWW,,,2042,,,,,,1.0,,,,,,,,,,,,,,,
0,0,BAU,E5WWIWW_SUGAR,T5IWW_SUGARWW,,,2043,,,,,,1.0,,,,,,,,,,,,,,,
0,0,BAU,E5WWIWW_SUGAR,T5IWW_SUGARWW,,,2044,,,,,,1.0,,,,,,,,,,,,,,,
0,0,BAU,E5WWIWW_SUGAR,T5IWW_SUGARWW,,,2045,,,,,,1.0,,,,,,,,,,,,,,,
0,0,BAU,E5WWIWW_SUGAR,T5IWW_SUGARWW,,,2046,,,,,,1.0,,,,,,,,,,,,,,,
0,0,BAU,E5WWIWW_SUGAR,T5IWW_SUGARWW,,,2047,,,,,,1.0,,,,,,,,,,,,,,,
0,0,BAU,E5WWIWW_SUGAR,T5IWW_SUGARWW,,,2048,,,,,,1.0,,,,,,,,,,,,,,,
0,0,BAU,E5WWIWW_SUGAR,T5IWW_SUGARWW,,,2049,,,,,,1.0,,,,,,,,,,,,,,,
0,0,BAU,E5WWIWW_SUGAR,T5IWW_SUGARWW,,,2050,,,,,,1.0,,,,,,,,,,,,,,,
0,0,BAU,E5WWIWW_ALCOHOL,T5IWW_ALCOHOLWW,,,2018,,,,,,1,,,,,,,,,,,,,,,
0,0,BAU,E5WWIWW_ALCOHOL,T5IWW_ALCOHOLWW,,,2019,,,,,,1.0,,,,,,,,,,,,,,,
0,0,BAU,E5WWIWW_ALCOHOL,T5IWW_ALCOHOLWW,,,2020,,,,,,1.0,,,,,,,,,,,,,,,
0,0,BAU,E5WWIWW_ALCOHOL,T5IWW_ALCOHOLWW,,,2021,,,,,,1.0,,,,,,,,,,,,,,,
0,0,BAU,E5WWIWW_ALCOHOL,T5IWW_ALCOHOLWW,,,2022,,,,,,1.0,,,,,,,,,,,,,,,
0,0,BAU,E5WWIWW_ALCOHOL,T5IWW_ALCOHOLWW,,,2023,,,,,,1.0,,,,,,,,,,,,,,,
0,0,BAU,E5WWIWW_ALCOHOL,T5IWW_ALCOHOLWW,,,2024,,,,,,1.0,,,,,,,,,,,,,,,
0,0,BAU,E5WWIWW_ALCOHOL,T5IWW_ALCOHOLWW,,,2025,,,,,,1.0,,,,,,,,,,,,,,,
0,0,BAU,E5WWIWW_ALCOHOL,T5IWW_ALCOHOLWW,,,2026,,,,,,1.0,,,,,,,,,,,,,,,
0,0,BAU,E5WWIWW_ALCOHOL,T5IWW_ALCOHOLWW,,,2027,,,,,,1.0,,,,,,,,,,,,,,,
0,0,BAU,E5WWIWW_ALCOHOL,T5IWW_ALCOHOLWW,,,2028,,,,,,1.0,,,,,,,,,,,,,,,
0,0,BAU,E5WWIWW_ALCOHOL,T5IWW_ALCOHOLWW,,,2029,,,,,,1.0,,,,,,,,,,,,,,,
0,0,BAU,E5WWIWW_ALCOHOL,T5IWW_ALCOHOLWW,,,2030,,,,,,1.0,,,,,,,,,,,,,,,
0,0,BAU,E5WWIWW_ALCOHOL,T5IWW_ALCOHOLWW,,,2031,,,,,,1.0,,,,,,,,,,,,,,,
0,0,BAU,E5WWIWW_ALCOHOL,T5IWW_ALCOHOLWW,,,2032,,,,,,1.0,,,,,,,,,,,,,,,
0,0,BAU,E5WWIWW_ALCOHOL,T5IWW_ALCOHOLWW,,,2033,,,,,,1.0,,,,,,,,,,,,,,,
0,0,BAU,E5WWIWW_ALCOHOL,T5IWW_ALCOHOLWW,,,2034,,,,,,1.0,,,,,,,,,,,,,,,
0,0,BAU,E5WWIWW_ALCOHOL,T5IWW_ALCOHOLWW,,,2035,,,,,,1.0,,,,,,,,,,,,,,,
0,0,BAU,E5WWIWW_ALCOHOL,T5IWW_ALCOHOLWW,,,2036,,,,,,1.0,,,,,,,,,,,,,,,
0,0,BAU,E5WWIWW_ALCOHOL,T5IWW_ALCOHOLWW,,,2037,,,,,,1.0,,,,,,,,,,,,,,,
0,0,BAU,E5WWIWW_ALCOHOL,T5IWW_ALCOHOLWW,,,2038,,,,,,1.0,,,,,,,,,,,,,,,
0,0,BAU,E5WWIWW_ALCOHOL,T5IWW_ALCOHOLWW,,,2039,,,,,,1.0,,,,,,,,,,,,,,,
0,0,BAU,E5WWIWW_ALCOHOL,T5IWW_ALCOHOLWW,,,2040,,,,,,1.0,,,,,,,,,,,,,,,
0,0,BAU,E5WWIWW_ALCOHOL,T5IWW_ALCOHOLWW,,,2041,,,,,,1.0,,,,,,,,,,,,,,,
0,0,BAU,E5WWIWW_ALCOHOL,T5IWW_ALCOHOLWW,,,2042,,,,,,1.0,,,,,,,,,,,,,,,
0,0,BAU,E5WWIWW_ALCOHOL,T5IWW_ALCOHOLWW,,,2043,,,,,,1.0,,,,,,,,,,,,,,,
0,0,BAU,E5WWIWW_ALCOHOL,T5IWW_ALCOHOLWW,,,2044,,,,,,1.0,,,,,,,,,,,,,,,
0,0,BAU,E5WWIWW_ALCOHOL,T5IWW_ALCOHOLWW,,,2045,,,,,,1.0,,,,,,,,,,,,,,,
0,0,BAU,E5WWIWW_ALCOHOL,T5IWW_ALCOHOLWW,,,2046,,,,,,1.0,,,,,,,,,,,,,,,
0,0,BAU,E5WWIWW_ALCOHOL,T5IWW_ALCOHOLWW,,,2047,,,,,,1.0,,,,,,,,,,,,,,,
0,0,BAU,E5WWIWW_ALCOHOL,T5IWW_ALCOHOLWW,,,2048,,,,,,1.0,,,,,,,,,,,,,,,
0,0,BAU,E5WWIWW_ALCOHOL,T5IWW_ALCOHOLWW,,,2049,,,,,,1.0,,,,,,,,,,,,,,,
0,0,BAU,E5WWIWW_ALCOHOL,T5IWW_ALCOHOLWW,,,2050,,,,,,1.0,,,,,,,,,,,,,,,
0,0,BAU,E5WWIWW_BEER,T5IWW_BEERWW,,,2018,,,,,,1,,,,,,,,,,,,,,,
0,0,BAU,E5WWIWW_BEER,T5IWW_BEERWW,,,2019,,,,,,1.0,,,,,,,,,,,,,,,
0,0,BAU,E5WWIWW_BEER,T5IWW_BEERWW,,,2020,,,,,,1.0,,,,,,,,,,,,,,,
0,0,BAU,E5WWIWW_BEER,T5IWW_BEERWW,,,2021,,,,,,1.0,,,,,,,,,,,,,,,
0,0,BAU,E5WWIWW_BEER,T5IWW_BEERWW,,,2022,,,,,,1.0,,,,,,,,,,,,,,,
0,0,BAU,E5WWIWW_BEER,T5IWW_BEERWW,,,2023,,,,,,1.0,,,,,,,,,,,,,,,
0,0,BAU,E5WWIWW_BEER,T5IWW_BEERWW,,,2024,,,,,,1.0,,,,,,,,,,,,,,,
0,0,BAU,E5WWIWW_BEER,T5IWW_BEERWW,,,2025,,,,,,1.0,,,,,,,,,,,,,,,
0,0,BAU,E5WWIWW_BEER,T5IWW_BEERWW,,,2026,,,,,,1.0,,,,,,,,,,,,,,,
0,0,BAU,E5WWIWW_BEER,T5IWW_BEERWW,,,2027,,,,,,1.0,,,,,,,,,,,,,,,
0,0,BAU,E5WWIWW_BEER,T5IWW_BEERWW,,,2028,,,,,,1.0,,,,,,,,,,,,,,,
0,0,BAU,E5WWIWW_BEER,T5IWW_BEERWW,,,2029,,,,,,1.0,,,,,,,,,,,,,,,
0,0,BAU,E5WWIWW_BEER,T5IWW_BEERWW,,,2030,,,,,,1.0,,,,,,,,,,,,,,,
0,0,BAU,E5WWIWW_BEER,T5IWW_BEERWW,,,2031,,,,,,1.0,,,,,,,,,,,,,,,
0,0,BAU,E5WWIWW_BEER,T5IWW_BEERWW,,,2032,,,,,,1.0,,,,,,,,,,,,,,,
0,0,BAU,E5WWIWW_BEER,T5IWW_BEERWW,,,2033,,,,,,1.0,,,,,,,,,,,,,,,
0,0,BAU,E5WWIWW_BEER,T5IWW_BEERWW,,,2034,,,,,,1.0,,,,,,,,,,,,,,,
0,0,BAU,E5WWIWW_BEER,T5IWW_BEERWW,,,2035,,,,,,1.0,,,,,,,,,,,,,,,
0,0,BAU,E5WWIWW_BEER,T5IWW_BEERWW,,,2036,,,,,,1.0,,,,,,,,,,,,,,,
0,0,BAU,E5WWIWW_BEER,T5IWW_BEERWW,,,2037,,,,,,1.0,,,,,,,,,,,,,,,
0,0,BAU,E5WWIWW_BEER,T5IWW_BEERWW,,,2038,,,,,,1.0,,,,,,,,,,,,,,,
0,0,BAU,E5WWIWW_BEER,T5IWW_BEERWW,,,2039,,,,,,1.0,,,,,,,,,,,,,,,
0,0,BAU,E5WWIWW_BEER,T5IWW_BEERWW,,,2040,,,,,,1.0,,,,,,,,,,,,,,,
0,0,BAU,E5WWIWW_BEER,T5IWW_BEERWW,,,2041,,,,,,1.0,,,,,,,,,,,,,,,
0,0,BAU,E5WWIWW_BEER,T5IWW_BEERWW,,,2042,,,,,,1.0,,,,,,,,,,,,,,,
0,0,BAU,E5WWIWW_BEER,T5IWW_BEERWW,,,2043,,,,,,1.0,,,,,,,,,,,,,,,
0,0,BAU,E5WWIWW_BEER,T5IWW_BEERWW,,,2044,,,,,,1.0,,,,,,,,,,,,,,,
0,0,BAU,E5WWIWW_BEER,T5IWW_BEERWW,,,2045,,,,,,1.0,,,,,,,,,,,,,,,
0,0,BAU,E5WWIWW_BEER,T5IWW_BEERWW,,,2046,,,,,,1.0,,,,,,,,,,,,,,,
0,0,BAU,E5WWIWW_BEER,T5IWW_BEERWW,,,2047,,,,,,1.0,,,,,,,,,,,,,,,
0,0,BAU,E5WWIWW_BEER,T5IWW_BEERWW,,,2048,,,,,,1.0,,,,,,,,,,,,,,,
0,0,BAU,E5WWIWW_BEER,T5IWW_BEERWW,,,2049,,,,,,1.0,,,,,,,,,,,,,,,
0,0,BAU,E5WWIWW_BEER,T5IWW_BEERWW,,,2050,,,,,,1.0,,,,,,,,,,,,,,,
0,0,BAU,E5WWIWW_MILK,T5IWW_MILKWW,,,2018,,,,,,1,,,,,,,,,,,,,,,
0,0,BAU,E5WWIWW_MILK,T5IWW_MILKWW,,,2019,,,,,,1.0,,,,,,,,,,,,,,,
0,0,BAU,E5WWIWW_MILK,T5IWW_MILKWW,,,2020,,,,,,1.0,,,,,,,,,,,,,,,
0,0,BAU,E5WWIWW_MILK,T5IWW_MILKWW,,,2021,,,,,,1.0,,,,,,,,,,,,,,,
0,0,BAU,E5WWIWW_MILK,T5IWW_MILKWW,,,2022,,,,,,1.0,,,,,,,,,,,,,,,
0,0,BAU,E5WWIWW_MILK,T5IWW_MILKWW,,,2023,,,,,,1.0,,,,,,,,,,,,,,,
0,0,BAU,E5WWIWW_MILK,T5IWW_MILKWW,,,2024,,,,,,1.0,,,,,,,,,,,,,,,
0,0,BAU,E5WWIWW_MILK,T5IWW_MILKWW,,,2025,,,,,,1.0,,,,,,,,,,,,,,,
0,0,BAU,E5WWIWW_MILK,T5IWW_MILKWW,,,2026,,,,,,1.0,,,,,,,,,,,,,,,
0,0,BAU,E5WWIWW_MILK,T5IWW_MILKWW,,,2027,,,,,,1.0,,,,,,,,,,,,,,,
0,0,BAU,E5WWIWW_MILK,T5IWW_MILKWW,,,2028,,,,,,1.0,,,,,,,,,,,,,,,
0,0,BAU,E5WWIWW_MILK,T5IWW_MILKWW,,,2029,,,,,,1.0,,,,,,,,,,,,,,,
0,0,BAU,E5WWIWW_MILK,T5IWW_MILKWW,,,2030,,,,,,1.0,,,,,,,,,,,,,,,
0,0,BAU,E5WWIWW_MILK,T5IWW_MILKWW,,,2031,,,,,,1.0,,,,,,,,,,,,,,,
0,0,BAU,E5WWIWW_MILK,T5IWW_MILKWW,,,2032,,,,,,1.0,,,,,,,,,,,,,,,
0,0,BAU,E5WWIWW_MILK,T5IWW_MILKWW,,,2033,,,,,,1.0,,,,,,,,,,,,,,,
0,0,BAU,E5WWIWW_MILK,T5IWW_MILKWW,,,2034,,,,,,1.0,,,,,,,,,,,,,,,
0,0,BAU,E5WWIWW_MILK,T5IWW_MILKWW,,,2035,,,,,,1.0,,,,,,,,,,,,,,,
0,0,BAU,E5WWIWW_MILK,T5IWW_MILKWW,,,2036,,,,,,1.0,,,,,,,,,,,,,,,
0,0,BAU,E5WWIWW_MILK,T5IWW_MILKWW,,,2037,,,,,,1.0,,,,,,,,,,,,,,,
0,0,BAU,E5WWIWW_MILK,T5IWW_MILKWW,,,2038,,,,,,1.0,,,,,,,,,,,,,,,
0,0,BAU,E5WWIWW_MILK,T5IWW_MILKWW,,,2039,,,,,,1.0,,,,,,,,,,,,,,,
0,0,BAU,E5WWIWW_MILK,T5IWW_MILKWW,,,2040,,,,,,1.0,,,,,,,,,,,,,,,
0,0,BAU,E5WWIWW_MILK,T5IWW_MILKWW,,,2041,,,,,,1.0,,,,,,,,,,,,,,,
0,0,BAU,E5WWIWW_MILK,T5IWW_MILKWW,,,2042,,,,,,1.0,,,,,,,,,,,,,,,
0,0,BAU,E5WWIWW_MILK,T5IWW_MILKWW,,,2043,,,,,,1.0,,,,,,,,,,,,,,,
0,0,BAU,E5WWIWW_MILK,T5IWW_MILKWW,,,2044,,,,,,1.0,,,,,,,,,,,,,,,
0,0,BAU,E5WWIWW_MILK,T5IWW_MILKWW,,,2045,,,,,,1.0,,,,,,,,,,,,,,,
0,0,BAU,E5WWIWW_MILK,T5IWW_MILKWW,,,2046,,,,,,1.0,,,,,,,,,,,,,,,
0,0,BAU,E5WWIWW_MILK,T5IWW_MILKWW,,,2047,,,,,,1.0,,,,,,,,,,,,,,,
0,0,BAU,E5WWIWW_MILK,T5IWW_MILKWW,,,2048,,,,,,1.0,,,,,,,,,,,,,,,
0,0,BAU,E5WWIWW_MILK,T5IWW_MILKWW,,,2049,,,,,,1.0,,,,,,,,,,,,,,,
0,0,BAU,E5WWIWW_MILK,T5IWW_MILKWW,,,2050,,,,,,1.0,,,,,,,,,,,,,,,
0,0,BAU,,INORG_RCY_OS,CO2e_WASTE,,2018,,,,,,,0.0,,,,,,,,,,,,,,
0,0,BAU,,INORG_RCY_OS,CO2e_WASTE,,2019,,,,,,,0.0,,,,,,,,,,,,,,
0,0,BAU,,INORG_RCY_OS,CO2e_WASTE,,2020,,,,,,,0.0,,,,,,,,,,,,,,
0,0,BAU,,INORG_RCY_OS,CO2e_WASTE,,2021,,,,,,,0.0,,,,,,,,,,,,,,
0,0,BAU,,INORG_RCY_OS,CO2e_WASTE,,2022,,,,,,,0.0,,,,,,,,,,,,,,
0,0,BAU,,INORG_RCY_OS,CO2e_WASTE,,2023,,,,,,,0.0,,,,,,,,,,,,,,
0,0,BAU,,INORG_RCY_OS,CO2e_WASTE,,2024,,,,,,,0.0,,,,,,,,,,,,,,
0,0,BAU,,INORG_RCY_OS,CO2e_WASTE,,2025,,,,,,,0.0,,,,,,,,,,,,,,
0,0,BAU,,INORG_RCY_OS,CO2e_WASTE,,2026,,,,,,,0.0,,,,,,,,,,,,,,
0,0,BAU,,INORG_RCY_OS,CO2e_WASTE,,2027,,,,,,,0.0,,,,,,,,,,,,,,
0,0,BAU,,INORG_RCY_OS,CO2e_WASTE,,2028,,,,,,,0.0,,,,,,,,,,,,,,
0,0,BAU,,INORG_RCY_OS,CO2e_WASTE,,2029,,,,,,,0.0,,,,,,,,,,,,,,
0,0,BAU,,INORG_RCY_OS,CO2e_WASTE,,2030,,,,,,,0.0,,,,,,,,,,,,,,
0,0,BAU,,INORG_RCY_OS,CO2e_WASTE,,2031,,,,,,,0.0,,,,,,,,,,,,,,
0,0,BAU,,INORG_RCY_OS,CO2e_WASTE,,2032,,,,,,,0.0,,,,,,,,,,,,,,
0,0,BAU,,INORG_RCY_OS,CO2e_WASTE,,2033,,,,,,,0.0,,,,,,,,,,,,,,
0,0,BAU,,INORG_RCY_OS,CO2e_WASTE,,2034,,,,,,,0.0,,,,,,,,,,,,,,
0,0,BAU,,INORG_RCY_OS,CO2e_WASTE,,2035,,,,,,,0.0,,,,,,,,,,,,,,
0,0,BAU,,INORG_RCY_OS,CO2e_WASTE,,2036,,,,,,,0.0,,,,,,,,,,,,,,
0,0,BAU,,INORG_RCY_OS,CO2e_WASTE,,2037,,,,,,,0.0,,,,,,,,,,,,,,
0,0,BAU,,INORG_RCY_OS,CO2e_WASTE,,2038,,,,,,,0.0,,,,,,,,,,,,,,
0,0,BAU,,INORG_RCY_OS,CO2e_WASTE,,2039,,,,,,,0.0,,,,,,,,,,,,,,
0,0,BAU,,INORG_RCY_OS,CO2e_WASTE,,2040,,,,,,,0.0,,,,,,,,,,,,,,
0,0,BAU,,INORG_RCY_OS,CO2e_WASTE,,2041,,,,,,,0.0,,,,,,,,,,,,,,
0,0,BAU,,INORG_RCY_OS,CO2e_WASTE,,2042,,,,,,,0.0,,,,,,,,,,,,,,
0,0,BAU,,INORG_RCY_OS,CO2e_WASTE,,2043,,,,,,,0.0,,,,,,,,,,,,,,
0,0,BAU,,INORG_RCY_OS,CO2e_WASTE,,2044,,,,,,,0.0,,,,,,,,,,,,,,
0,0,BAU,,INORG_RCY_OS,CO2e_WASTE,,2045,,,,,,,0.0,,,,,,,,,,,,,,
0,0,BAU,,INORG_RCY_OS,CO2e_WASTE,,2046,,,,,,,0.0,,,,,,,,,,,,,,
0,0,BAU,,INORG_RCY_OS,CO2e_WASTE,,2047,,,,,,,0.0,,,,,,,,,,,,,,
0,0,BAU,,INORG_RCY_OS,CO2e_WASTE,,2048,,,,,,,0.0,,,,,,,,,,,,,,
0,0,BAU,,INORG_RCY_OS,CO2e_WASTE,,2049,,,,,,,0.0,,,,,,,,,,,,,,
0,0,BAU,,INORG_RCY_OS,CO2e_WASTE,,2050,,,,,,,0.0,,,,,,,,,,,,,,
0,0,BAU,,AD,CO2e_WASTE,,2018,,,,,,,0.0,,,,,,,,,,,,,,
0,0,BAU,,AD,CO2e_WASTE,,2019,,,,,,,0.0,,,,,,,,,,,,,,
0,0,BAU,,AD,CO2e_WASTE,,2020,,,,,,,0.0,,,,,,,,,,,,,,
0,0,BAU,,AD,CO2e_WASTE,,2021,,,,,,,0.0,,,,,,,,,,,,,,
0,0,BAU,,AD,CO2e_WASTE,,2022,,,,,,,0.0,,,,,,,,,,,,,,
0,0,BAU,,AD,CO2e_WASTE,,2023,,,,,,,0.0,,,,,,,,,,,,,,
0,0,BAU,,AD,CO2e_WASTE,,2024,,,,,,,0.0,,,,,,,,,,,,,,
0,0,BAU,,AD,CO2e_WASTE,,2025,,,,,,,0.0,,,,,,,,,,,,,,
0,0,BAU,,AD,CO2e_WASTE,,2026,,,,,,,0.0,,,,,,,,,,,,,,
0,0,BAU,,AD,CO2e_WASTE,,2027,,,,,,,0.0,,,,,,,,,,,,,,
0,0,BAU,,AD,CO2e_WASTE,,2028,,,,,,,0.0,,,,,,,,,,,,,,
0,0,BAU,,AD,CO2e_WASTE,,2029,,,,,,,0.0,,,,,,,,,,,,,,
0,0,BAU,,AD,CO2e_WASTE,,2030,,,,,,,0.0,,,,,,,,,,,,,,
0,0,BAU,,AD,CO2e_WASTE,,2031,,,,,,,0.0,,,,,,,,,,,,,,
0,0,BAU,,AD,CO2e_WASTE,,2032,,,,,,,0.0,,,,,,,,,,,,,,
0,0,BAU,,AD,CO2e_WASTE,,2033,,,,,,,0.0,,,,,,,,,,,,,,
0,0,BAU,,AD,CO2e_WASTE,,2034,,,,,,,0.0,,,,,,,,,,,,,,
0,0,BAU,,AD,CO2e_WASTE,,2035,,,,,,,0.0,,,,,,,,,,,,,,
0,0,BAU,,AD,CO2e_WASTE,,2036,,,,,,,0.0,,,,,,,,,,,,,,
0,0,BAU,,AD,CO2e_WASTE,,2037,,,,,,,0.0,,,,,,,,,,,,,,
0,0,BAU,,AD,CO2e_WASTE,,2038,,,,,,,0.0,,,,,,,,,,,,,,
0,0,BAU,,AD,CO2e_WASTE,,2039,,,,,,,0.0,,,,,,,,,,,,,,
0,0,BAU,,AD,CO2e_WASTE,,2040,,,,,,,0.0,,,,,,,,,,,,,,
0,0,BAU,,AD,CO2e_WASTE,,2041,,,,,,,0.0,,,,,,,,,,,,,,
0,0,BAU,,AD,CO2e_WASTE,,2042,,,,,,,0.0,,,,,,,,,,,,,,
0,0,BAU,,AD,CO2e_WASTE,,2043,,,,,,,0.0,,,,,,,,,,,,,,
0,0,BAU,,AD,CO2e_WASTE,,2044,,,,,,,0.0,,,,,,,,,,,,,,
0,0,BAU,,AD,CO2e_WASTE,,2045,,,,,,,0.0,,,,,,,,,,,,,,
0,0,BAU,,AD,CO2e_WASTE,,2046,,,,,,,0.0,,,,,,,,,,,,,,
0,0,BAU,,AD,CO2e_WASTE,,2047,,,,,,,0.0,,,,,,,,,,,,,,
0,0,BAU,,AD,CO2e_WASTE,,2048,,,,,,,0.0,,,,,,,,,,,,,,
0,0,BAU,,AD,CO2e_WASTE,,2049,,,,,,,0.0,,,,,,,,,,,,,,
0,0,BAU,,AD,CO2e_WASTE,,2050,,,,,,,0.0,,,,,,,,,,,,,,
0,0,BAU,,COMPOST,CO2e_WASTE,,2018,,,,,,,0.1915,,,,,,,,,,,,,,
0,0,BAU,,COMPOST,CO2e_WASTE,,2019,,,,,,,0.1915,,,,,,,,,,,,,,
0,0,BAU,,COMPOST,CO2e_WASTE,,2020,,,,,,,0.1915,,,,,,,,,,,,,,
0,0,BAU,,COMPOST,CO2e_WASTE,,2021,,,,,,,0.1915,,,,,,,,,,,,,,
0,0,BAU,,COMPOST,CO2e_WASTE,,2022,,,,,,,0.1915,,,,,,,,,,,,,,
0,0,BAU,,COMPOST,CO2e_WASTE,,2023,,,,,,,0.1915,,,,,,,,,,,,,,
0,0,BAU,,COMPOST,CO2e_WASTE,,2024,,,,,,,0.1915,,,,,,,,,,,,,,
0,0,BAU,,COMPOST,CO2e_WASTE,,2025,,,,,,,0.1915,,,,,,,,,,,,,,
0,0,BAU,,COMPOST,CO2e_WASTE,,2026,,,,,,,0.1915,,,,,,,,,,,,,,
0,0,BAU,,COMPOST,CO2e_WASTE,,2027,,,,,,,0.1915,,,,,,,,,,,,,,
0,0,BAU,,COMPOST,CO2e_WASTE,,2028,,,,,,,0.1915,,,,,,,,,,,,,,
0,0,BAU,,COMPOST,CO2e_WASTE,,2029,,,,,,,0.1915,,,,,,,,,,,,,,
0,0,BAU,,COMPOST,CO2e_WASTE,,2030,,,,,,,0.1915,,,,,,,,,,,,,,
0,0,BAU,,COMPOST,CO2e_WASTE,,2031,,,,,,,0.1915,,,,,,,,,,,,,,
0,0,BAU,,COMPOST,CO2e_WASTE,,2032,,,,,,,0.1915,,,,,,,,,,,,,,
0,0,BAU,,COMPOST,CO2e_WASTE,,2033,,,,,,,0.1915,,,,,,,,,,,,,,
0,0,BAU,,COMPOST,CO2e_WASTE,,2034,,,,,,,0.1915,,,,,,,,,,,,,,
0,0,BAU,,COMPOST,CO2e_WASTE,,2035,,,,,,,0.1915,,,,,,,,,,,,,,
0,0,BAU,,COMPOST,CO2e_WASTE,,2036,,,,,,,0.1915,,,,,,,,,,,,,,
0,0,BAU,,COMPOST,CO2e_WASTE,,2037,,,,,,,0.1915,,,,,,,,,,,,,,
0,0,BAU,,COMPOST,CO2e_WASTE,,2038,,,,,,,0.1915,,,,,,,,,,,,,,
0,0,BAU,,COMPOST,CO2e_WASTE,,2039,,,,,,,0.1915,,,,,,,,,,,,,,
0,0,BAU,,COMPOST,CO2e_WASTE,,2040,,,,,,,0.1915,,,,,,,,,,,,,,
0,0,BAU,,COMPOST,CO2e_WASTE,,2041,,,,,,,0.1915,,,,,,,,,,,,,,
0,0,BAU,,COMPOST,CO2e_WASTE,,2042,,,,,,,0.1915,,,,,,,,,,,,,,
0,0,BAU,,COMPOST,CO2e_WASTE,,2043,,,,,,,0.1915,,,,,,,,,,,,,,
0,0,BAU,,COMPOST,CO2e_WASTE,,2044,,,,,,,0.1915,,,,,,,,,,,,,,
0,0,BAU,,COMPOST,CO2e_WASTE,,2045,,,,,,,0.1915,,,,,,,,,,,,,,
0,0,BAU,,COMPOST,CO2e_WASTE,,2046,,,,,,,0.1915,,,,,,,,,,,,,,
0,0,BAU,,COMPOST,CO2e_WASTE,,2047,,,,,,,0.1915,,,,,,,,,,,,,,
0,0,BAU,,COMPOST,CO2e_WASTE,,2048,,,,,,,0.1915,,,,,,,,,,,,,,
0,0,BAU,,COMPOST,CO2e_WASTE,,2049,,,,,,,0.1915,,,,,,,,,,,,,,
0,0,BAU,,COMPOST,CO2e_WASTE,,2050,,,,,,,0.1915,,,,,,,,,,,,,,
0,0,BAU,,LANDFILL,CO2e_WASTE,,2018,,,,,,,0.8142,,,,,,,,,,,,,,
0,0,BAU,,LANDFILL,CO2e_WASTE,,2019,,,,,,,0.8373,,,,,,,,,,,,,,
0,0,BAU,,LANDFILL,CO2e_WASTE,,2020,,,,,,,0.8837,,,,,,,,,,,,,,
0,0,BAU,,LANDFILL,CO2e_WASTE,,2021,,,,,,,0.827,,,,,,,,,,,,,,
0,0,BAU,,LANDFILL,CO2e_WASTE,,2022,,,,,,,0.7942,,,,,,,,,,,,,,
0,0,BAU,,LANDFILL,CO2e_WASTE,,2023,,,,,,,0.7902,,,,,,,,,,,,,,
0,0,BAU,,LANDFILL,CO2e_WASTE,,2024,,,,,,,0.7862,,,,,,,,,,,,,,
0,0,BAU,,LANDFILL,CO2e_WASTE,,2025,,,,,,,0.7822,,,,,,,,,,,,,,
0,0,BAU,,LANDFILL,CO2e_WASTE,,2026,,,,,,,0.7783,,,,,,,,,,,,,,
0,0,BAU,,LANDFILL,CO2e_WASTE,,2027,,,,,,,0.7744,,,,,,,,,,,,,,
0,0,BAU,,LANDFILL,CO2e_WASTE,,2028,,,,,,,0.7705,,,,,,,,,,,,,,
0,0,BAU,,LANDFILL,CO2e_WASTE,,2029,,,,,,,0.7666,,,,,,,,,,,,,,
0,0,BAU,,LANDFILL,CO2e_WASTE,,2030,,,,,,,0.7627,,,,,,,,,,,,,,
0,0,BAU,,LANDFILL,CO2e_WASTE,,2031,,,,,,,0.7589,,,,,,,,,,,,,,
0,0,BAU,,LANDFILL,CO2e_WASTE,,2032,,,,,,,0.7551,,,,,,,,,,,,,,
0,0,BAU,,LANDFILL,CO2e_WASTE,,2033,,,,,,,0.7513,,,,,,,,,,,,,,
0,0,BAU,,LANDFILL,CO2e_WASTE,,2034,,,,,,,0.7475,,,,,,,,,,,,,,
0,0,BAU,,LANDFILL,CO2e_WASTE,,2035,,,,,,,0.7437,,,,,,,,,,,,,,
0,0,BAU,,LANDFILL,CO2e_WASTE,,2036,,,,,,,0.74,,,,,,,,,,,,,,
0,0,BAU,,LANDFILL,CO2e_WASTE,,2037,,,,,,,0.7362,,,,,,,,,,,,,,
0,0,BAU,,LANDFILL,CO2e_WASTE,,2038,,,,,,,0.7325,,,,,,,,,,,,,,
0,0,BAU,,LANDFILL,CO2e_WASTE,,2039,,,,,,,0.7288,,,,,,,,,,,,,,
0,0,BAU,,LANDFILL,CO2e_WASTE,,2040,,,,,,,0.7252,,,,,,,,,,,,,,
0,0,BAU,,LANDFILL,CO2e_WASTE,,2041,,,,,,,0.7215,,,,,,,,,,,,,,
0,0,BAU,,LANDFILL,CO2e_WASTE,,2042,,,,,,,0.7179,,,,,,,,,,,,,,
0,0,BAU,,LANDFILL,CO2e_WASTE,,2043,,,,,,,0.7143,,,,,,,,,,,,,,
0,0,BAU,,LANDFILL,CO2e_WASTE,,2044,,,,,,,0.7107,,,,,,,,,,,,,,
0,0,BAU,,LANDFILL,CO2e_WASTE,,2045,,,,,,,0.7071,,,,,,,,,,,,,,
0,0,BAU,,LANDFILL,CO2e_WASTE,,2046,,,,,,,0.7035,,,,,,,,,,,,,,
0,0,BAU,,LANDFILL,CO2e_WASTE,,2047,,,,,,,0.7,,,,,,,,,,,,,,
0,0,BAU,,LANDFILL,CO2e_WASTE,,2048,,,,,,,0.6965,,,,,,,,,,,,,,
0,0,BAU,,LANDFILL,CO2e_WASTE,,2049,,,,,,,0.693,,,,,,,,,,,,,,
0,0,BAU,,LANDFILL,CO2e_WASTE,,2050,,,,,,,0.6895,,,,,,,,,,,,,,
0,0,BAU,,NO_CONTR_OD,CO2e_WASTE,,2018,,,,,,,0.8142,,,,,,,,,,,,,,
0,0,BAU,,NO_CONTR_OD,CO2e_WASTE,,2019,,,,,,,0.8373,,,,,,,,,,,,,,
0,0,BAU,,NO_CONTR_OD,CO2e_WASTE,,2020,,,,,,,0.8837,,,,,,,,,,,,,,
0,0,BAU,,NO_CONTR_OD,CO2e_WASTE,,2021,,,,,,,0.827,,,,,,,,,,,,,,
0,0,BAU,,NO_CONTR_OD,CO2e_WASTE,,2022,,,,,,,0.7942,,,,,,,,,,,,,,
0,0,BAU,,NO_CONTR_OD,CO2e_WASTE,,2023,,,,,,,0.7902,,,,,,,,,,,,,,
0,0,BAU,,NO_CONTR_OD,CO2e_WASTE,,2024,,,,,,,0.7862,,,,,,,,,,,,,,
0,0,BAU,,NO_CONTR_OD,CO2e_WASTE,,2025,,,,,,,0.7822,,,,,,,,,,,,,,
0,0,BAU,,NO_CONTR_OD,CO2e_WASTE,,2026,,,,,,,0.7783,,,,,,,,,,,,,,
0,0,BAU,,NO_CONTR_OD,CO2e_WASTE,,2027,,,,,,,0.7744,,,,,,,,,,,,,,
0,0,BAU,,NO_CONTR_OD,CO2e_WASTE,,2028,,,,,,,0.7705,,,,,,,,,,,,,,
0,0,BAU,,NO_CONTR_OD,CO2e_WASTE,,2029,,,,,,,0.7666,,,,,,,,,,,,,,
0,0,BAU,,NO_CONTR_OD,CO2e_WASTE,,2030,,,,,,,0.7627,,,,,,,,,,,,,,
0,0,BAU,,NO_CONTR_OD,CO2e_WASTE,,2031,,,,,,,0.7589,,,,,,,,,,,,,,
0,0,BAU,,NO_CONTR_OD,CO2e_WASTE,,2032,,,,,,,0.7551,,,,,,,,,,,,,,
0,0,BAU,,NO_CONTR_OD,CO2e_WASTE,,2033,,,,,,,0.7513,,,,,,,,,,,,,,
0,0,BAU,,NO_CONTR_OD,CO2e_WASTE,,2034,,,,,,,0.7475,,,,,,,,,,,,,,
0,0,BAU,,NO_CONTR_OD,CO2e_WASTE,,2035,,,,,,,0.7437,,,,,,,,,,,,,,
0,0,BAU,,NO_CONTR_OD,CO2e_WASTE,,2036,,,,,,,0.74,,,,,,,,,,,,,,
0,0,BAU,,NO_CONTR_OD,CO2e_WASTE,,2037,,,,,,,0.7362,,,,,,,,,,,,,,
0,0,BAU,,NO_CONTR_OD,CO2e_WASTE,,2038,,,,,,,0.7325,,,,,,,,,,,,,,
0,0,BAU,,NO_CONTR_OD,CO2e_WASTE,,2039,,,,,,,0.7288,,,,,,,,,,,,,,
0,0,BAU,,NO_CONTR_OD,CO2e_WASTE,,2040,,,,,,,0.7252,,,,,,,,,,,,,,
0,0,BAU,,NO_CONTR_OD,CO2e_WASTE,,2041,,,,,,,0.7215,,,,,,,,,,,,,,
0,0,BAU,,NO_CONTR_OD,CO2e_WASTE,,2042,,,,,,,0.7179,,,,,,,,,,,,,,
0,0,BAU,,NO_CONTR_OD,CO2e_WASTE,,2043,,,,,,,0.7143,,,,,,,,,,,,,,
0,0,BAU,,NO_CONTR_OD,CO2e_WASTE,,2044,,,,,,,0.7107,,,,,,,,,,,,,,
0,0,BAU,,NO_CONTR_OD,CO2e_WASTE,,2045,,,,,,,0.7071,,,,,,,,,,,,,,
0,0,BAU,,NO_CONTR_OD,CO2e_WASTE,,2046,,,,,,,0.7035,,,,,,,,,,,,,,
0,0,BAU,,NO_CONTR_OD,CO2e_WASTE,,2047,,,,,,,0.7,,,,,,,,,,,,,,
0,0,BAU,,NO_CONTR_OD,CO2e_WASTE,,2048,,,,,,,0.6965,,,,,,,,,,,,,,
0,0,BAU,,NO_CONTR_OD,CO2e_WASTE,,2049,,,,,,,0.693,,,,,,,,,,,,,,
0,0,BAU,,NO_CONTR_OD,CO2e_WASTE,,2050,,,,,,,0.6895,,,,,,,,,,,,,,
0,0,BAU,,COPROC,CO2e_WASTE,,2018,,,,,,,0.0,,,,,,,,,,,,,,
0,0,BAU,,COPROC,CO2e_WASTE,,2019,,,,,,,0.0,,,,,,,,,,,,,,
0,0,BAU,,COPROC,CO2e_WASTE,,2020,,,,,,,0.0,,,,,,,,,,,,,,
0,0,BAU,,COPROC,CO2e_WASTE,,2021,,,,,,,0.0,,,,,,,,,,,,,,
0,0,BAU,,COPROC,CO2e_WASTE,,2022,,,,,,,0.0,,,,,,,,,,,,,,
0,0,BAU,,COPROC,CO2e_WASTE,,2023,,,,,,,0.0,,,,,,,,,,,,,,
0,0,BAU,,COPROC,CO2e_WASTE,,2024,,,,,,,0.0,,,,,,,,,,,,,,
0,0,BAU,,COPROC,CO2e_WASTE,,2025,,,,,,,0.0,,,,,,,,,,,,,,
0,0,BAU,,COPROC,CO2e_WASTE,,2026,,,,,,,0.0,,,,,,,,,,,,,,
0,0,BAU,,COPROC,CO2e_WASTE,,2027,,,,,,,0.0,,,,,,,,,,,,,,
0,0,BAU,,COPROC,CO2e_WASTE,,2028,,,,,,,0.0,,,,,,,,,,,,,,
0,0,BAU,,COPROC,CO2e_WASTE,,2029,,,,,,,0.0,,,,,,,,,,,,,,
0,0,BAU,,COPROC,CO2e_WASTE,,2030,,,,,,,0.0,,,,,,,,,,,,,,
0,0,BAU,,COPROC,CO2e_WASTE,,2031,,,,,,,0.0,,,,,,,,,,,,,,
0,0,BAU,,COPROC,CO2e_WASTE,,2032,,,,,,,0.0,,,,,,,,,,,,,,
0,0,BAU,,COPROC,CO2e_WASTE,,2033,,,,,,,0.0,,,,,,,,,,,,,,
0,0,BAU,,COPROC,CO2e_WASTE,,2034,,,,,,,0.0,,,,,,,,,,,,,,
0,0,BAU,,COPROC,CO2e_WASTE,,2035,,,,,,,0.0,,,,,,,,,,,,,,
0,0,BAU,,COPROC,CO2e_WASTE,,2036,,,,,,,0.0,,,,,,,,,,,,,,
0,0,BAU,,COPROC,CO2e_WASTE,,2037,,,,,,,0.0,,,,,,,,,,,,,,
0,0,BAU,,COPROC,CO2e_WASTE,,2038,,,,,,,0.0,,,,,,,,,,,,,,
0,0,BAU,,COPROC,CO2e_WASTE,,2039,,,,,,,0.0,,,,,,,,,,,,,,
0,0,BAU,,COPROC,CO2e_WASTE,,2040,,,,,,,0.0,,,,,,,,,,,,,,
0,0,BAU,,COPROC,CO2e_WASTE,,2041,,,,,,,0.0,,,,,,,,,,,,,,
0,0,BAU,,COPROC,CO2e_WASTE,,2042,,,,,,,0.0,,,,,,,,,,,,,,
0,0,BAU,,COPROC,CO2e_WASTE,,2043,,,,,,,0.0,,,,,,,,,,,,,,
0,0,BAU,,COPROC,CO2e_WASTE,,2044,,,,,,,0.0,,,,,,,,,,,,,,
0,0,BAU,,COPROC,CO2e_WASTE,,2045,,,,,,,0.0,,,,,,,,,,,,,,
0,0,BAU,,COPROC,CO2e_WASTE,,2046,,,,,,,0.0,,,,,,,,,,,,,,
0,0,BAU,,COPROC,CO2e_WASTE,,2047,,,,,,,0.0,,,,,,,,,,,,,,
0,0,BAU,,COPROC,CO2e_WASTE,,2048,,,,,,,0.0,,,,,,,,,,,,,,
0,0,BAU,,COPROC,CO2e_WASTE,,2049,,,,,,,0.0,,,,,,,,,,,,,,
0,0,BAU,,COPROC,CO2e_WASTE,,2050,,,,,,,0.0,,,,,,,,,,,,,,
0,0,BAU,,INCIN,CO2e_WASTE,,2018,,,,,,,0.0,,,,,,,,,,,,,,
0,0,BAU,,INCIN,CO2e_WASTE,,2019,,,,,,,0.0,,,,,,,,,,,,,,
0,0,BAU,,INCIN,CO2e_WASTE,,2020,,,,,,,0.0,,,,,,,,,,,,,,
0,0,BAU,,INCIN,CO2e_WASTE,,2021,,,,,,,0.0,,,,,,,,,,,,,,
0,0,BAU,,INCIN,CO2e_WASTE,,2022,,,,,,,0.0,,,,,,,,,,,,,,
0,0,BAU,,INCIN,CO2e_WASTE,,2023,,,,,,,0.0,,,,,,,,,,,,,,
0,0,BAU,,INCIN,CO2e_WASTE,,2024,,,,,,,0.0,,,,,,,,,,,,,,
0,0,BAU,,INCIN,CO2e_WASTE,,2025,,,,,,,0.0,,,,,,,,,,,,,,
0,0,BAU,,INCIN,CO2e_WASTE,,2026,,,,,,,0.0,,,,,,,,,,,,,,
0,0,BAU,,INCIN,CO2e_WASTE,,2027,,,,,,,0.0,,,,,,,,,,,,,,
0,0,BAU,,INCIN,CO2e_WASTE,,2028,,,,,,,0.0,,,,,,,,,,,,,,
0,0,BAU,,INCIN,CO2e_WASTE,,2029,,,,,,,0.0,,,,,,,,,,,,,,
0,0,BAU,,INCIN,CO2e_WASTE,,2030,,,,,,,0.0,,,,,,,,,,,,,,
0,0,BAU,,INCIN,CO2e_WASTE,,2031,,,,,,,0.0,,,,,,,,,,,,,,
0,0,BAU,,INCIN,CO2e_WASTE,,2032,,,,,,,0.0,,,,,,,,,,,,,,
0,0,BAU,,INCIN,CO2e_WASTE,,2033,,,,,,,0.0,,,,,,,,,,,,,,
0,0,BAU,,INCIN,CO2e_WASTE,,2034,,,,,,,0.0,,,,,,,,,,,,,,
0,0,BAU,,INCIN,CO2e_WASTE,,2035,,,,,,,0.0,,,,,,,,,,,,,,
0,0,BAU,,INCIN,CO2e_WASTE,,2036,,,,,,,0.0,,,,,,,,,,,,,,
0,0,BAU,,INCIN,CO2e_WASTE,,2037,,,,,,,0.0,,,,,,,,,,,,,,
0,0,BAU,,INCIN,CO2e_WASTE,,2038,,,,,,,0.0,,,,,,,,,,,,,,
0,0,BAU,,INCIN,CO2e_WASTE,,2039,,,,,,,0.0,,,,,,,,,,,,,,
0,0,BAU,,INCIN,CO2e_WASTE,,2040,,,,,,,0.0,,,,,,,,,,,,,,
0,0,BAU,,INCIN,CO2e_WASTE,,2041,,,,,,,0.0,,,,,,,,,,,,,,
0,0,BAU,,INCIN,CO2e_WASTE,,2042,,,,,,,0.0,,,,,,,,,,,,,,
0,0,BAU,,INCIN,CO2e_WASTE,,2043,,,,,,,0.0,,,,,,,,,,,,,,
0,0,BAU,,INCIN,CO2e_WASTE,,2044,,,,,,,0.0,,,,,,,,,,,,,,
0,0,BAU,,INCIN,CO2e_WASTE,,2045,,,,,,,0.0,,,,,,,,,,,,,,
0,0,BAU,,INCIN,CO2e_WASTE,,2046,,,,,,,0.0,,,,,,,,,,,,,,
0,0,BAU,,INCIN,CO2e_WASTE,,2047,,,,,,,0.0,,,,,,,,,,,,,,
0,0,BAU,,INCIN,CO2e_WASTE,,2048,,,,,,,0.0,,,,,,,,,,,,,,
0,0,BAU,,INCIN,CO2e_WASTE,,2049,,,,,,,0.0,,,,,,,,,,,,,,
0,0,BAU,,INCIN,CO2e_WASTE,,2050,,,,,,,0.0,,,,,,,,,,,,,,
0,0,BAU,,GAS_MSW,CO2e_WASTE,,2018,,,,,,,0.0,,,,,,,,,,,,,,
0,0,BAU,,GAS_MSW,CO2e_WASTE,,2019,,,,,,,0.0,,,,,,,,,,,,,,
0,0,BAU,,GAS_MSW,CO2e_WASTE,,2020,,,,,,,0.0,,,,,,,,,,,,,,
0,0,BAU,,GAS_MSW,CO2e_WASTE,,2021,,,,,,,0.0,,,,,,,,,,,,,,
0,0,BAU,,GAS_MSW,CO2e_WASTE,,2022,,,,,,,0.0,,,,,,,,,,,,,,
0,0,BAU,,GAS_MSW,CO2e_WASTE,,2023,,,,,,,0.0,,,,,,,,,,,,,,
0,0,BAU,,GAS_MSW,CO2e_WASTE,,2024,,,,,,,0.0,,,,,,,,,,,,,,
0,0,BAU,,GAS_MSW,CO2e_WASTE,,2025,,,,,,,0.0,,,,,,,,,,,,,,
0,0,BAU,,GAS_MSW,CO2e_WASTE,,2026,,,,,,,0.0,,,,,,,,,,,,,,
0,0,BAU,,GAS_MSW,CO2e_WASTE,,2027,,,,,,,0.0,,,,,,,,,,,,,,
0,0,BAU,,GAS_MSW,CO2e_WASTE,,2028,,,,,,,0.0,,,,,,,,,,,,,,
0,0,BAU,,GAS_MSW,CO2e_WASTE,,2029,,,,,,,0.0,,,,,,,,,,,,,,
0,0,BAU,,GAS_MSW,CO2e_WASTE,,2030,,,,,,,0.0,,,,,,,,,,,,,,
0,0,BAU,,GAS_MSW,CO2e_WASTE,,2031,,,,,,,0.0,,,,,,,,,,,,,,
0,0,BAU,,GAS_MSW,CO2e_WASTE,,2032,,,,,,,0.0,,,,,,,,,,,,,,
0,0,BAU,,GAS_MSW,CO2e_WASTE,,2033,,,,,,,0.0,,,,,,,,,,,,,,
0,0,BAU,,GAS_MSW,CO2e_WASTE,,2034,,,,,,,0.0,,,,,,,,,,,,,,
0,0,BAU,,GAS_MSW,CO2e_WASTE,,2035,,,,,,,0.0,,,,,,,,,,,,,,
0,0,BAU,,GAS_MSW,CO2e_WASTE,,2036,,,,,,,0.0,,,,,,,,,,,,,,
0,0,BAU,,GAS_MSW,CO2e_WASTE,,2037,,,,,,,0.0,,,,,,,,,,,,,,
0,0,BAU,,GAS_MSW,CO2e_WASTE,,2038,,,,,,,0.0,,,,,,,,,,,,,,
0,0,BAU,,GAS_MSW,CO2e_WASTE,,2039,,,,,,,0.0,,,,,,,,,,,,,,
0,0,BAU,,GAS_MSW,CO2e_WASTE,,2040,,,,,,,0.0,,,,,,,,,,,,,,
0,0,BAU,,GAS_MSW,CO2e_WASTE,,2041,,,,,,,0.0,,,,,,,,,,,,,,
0,0,BAU,,GAS_MSW,CO2e_WASTE,,2042,,,,,,,0.0,,,,,,,,,,,,,,
0,0,BAU,,GAS_MSW,CO2e_WASTE,,2043,,,,,,,0.0,,,,,,,,,,,,,,
0,0,BAU,,GAS_MSW,CO2e_WASTE,,2044,,,,,,,0.0,,,,,,,,,,,,,,
0,0,BAU,,GAS_MSW,CO2e_WASTE,,2045,,,,,,,0.0,,,,,,,,,,,,,,
0,0,BAU,,GAS_MSW,CO2e_WASTE,,2046,,,,,,,0.0,,,,,,,,,,,,,,
0,0,BAU,,GAS_MSW,CO2e_WASTE,,2047,,,,,,,0.0,,,,,,,,,,,,,,
0,0,BAU,,GAS_MSW,CO2e_WASTE,,2048,,,,,,,0.0,,,,,,,,,,,,,,
0,0,BAU,,GAS_MSW,CO2e_WASTE,,2049,,,,,,,0.0,,,,,,,,,,,,,,
0,0,BAU,,GAS_MSW,CO2e_WASTE,,2050,,,,,,,0.0,,,,,,,,,,,,,,
0,0,BAU,,HTC,CO2e_WASTE,,2018,,,,,,,0.0,,,,,,,,,,,,,,
0,0,BAU,,HTC,CO2e_WASTE,,2019,,,,,,,0.0,,,,,,,,,,,,,,
0,0,BAU,,HTC,CO2e_WASTE,,2020,,,,,,,0.0,,,,,,,,,,,,,,
0,0,BAU,,HTC,CO2e_WASTE,,2021,,,,,,,0.0,,,,,,,,,,,,,,
0,0,BAU,,HTC,CO2e_WASTE,,2022,,,,,,,0.0,,,,,,,,,,,,,,
0,0,BAU,,HTC,CO2e_WASTE,,2023,,,,,,,0.0,,,,,,,,,,,,,,
0,0,BAU,,HTC,CO2e_WASTE,,2024,,,,,,,0.0,,,,,,,,,,,,,,
0,0,BAU,,HTC,CO2e_WASTE,,2025,,,,,,,0.0,,,,,,,,,,,,,,
0,0,BAU,,HTC,CO2e_WASTE,,2026,,,,,,,0.0,,,,,,,,,,,,,,
0,0,BAU,,HTC,CO2e_WASTE,,2027,,,,,,,0.0,,,,,,,,,,,,,,
0,0,BAU,,HTC,CO2e_WASTE,,2028,,,,,,,0.0,,,,,,,,,,,,,,
0,0,BAU,,HTC,CO2e_WASTE,,2029,,,,,,,0.0,,,,,,,,,,,,,,
0,0,BAU,,HTC,CO2e_WASTE,,2030,,,,,,,0.0,,,,,,,,,,,,,,
0,0,BAU,,HTC,CO2e_WASTE,,2031,,,,,,,0.0,,,,,,,,,,,,,,
0,0,BAU,,HTC,CO2e_WASTE,,2032,,,,,,,0.0,,,,,,,,,,,,,,
0,0,BAU,,HTC,CO2e_WASTE,,2033,,,,,,,0.0,,,,,,,,,,,,,,
0,0,BAU,,HTC,CO2e_WASTE,,2034,,,,,,,0.0,,,,,,,,,,,,,,
0,0,BAU,,HTC,CO2e_WASTE,,2035,,,,,,,0.0,,,,,,,,,,,,,,
0,0,BAU,,HTC,CO2e_WASTE,,2036,,,,,,,0.0,,,,,,,,,,,,,,
0,0,BAU,,HTC,CO2e_WASTE,,2037,,,,,,,0.0,,,,,,,,,,,,,,
0,0,BAU,,HTC,CO2e_WASTE,,2038,,,,,,,0.0,,,,,,,,,,,,,,
0,0,BAU,,HTC,CO2e_WASTE,,2039,,,,,,,0.0,,,,,,,,,,,,,,
0,0,BAU,,HTC,CO2e_WASTE,,2040,,,,,,,0.0,,,,,,,,,,,,,,
0,0,BAU,,HTC,CO2e_WASTE,,2041,,,,,,,0.0,,,,,,,,,,,,,,
0,0,BAU,,HTC,CO2e_WASTE,,2042,,,,,,,0.0,,,,,,,,,,,,,,
0,0,BAU,,HTC,CO2e_WASTE,,2043,,,,,,,0.0,,,,,,,,,,,,,,
0,0,BAU,,HTC,CO2e_WASTE,,2044,,,,,,,0.0,,,,,,,,,,,,,,
0,0,BAU,,HTC,CO2e_WASTE,,2045,,,,,,,0.0,,,,,,,,,,,,,,
0,0,BAU,,HTC,CO2e_WASTE,,2046,,,,,,,0.0,,,,,,,,,,,,,,
0,0,BAU,,HTC,CO2e_WASTE,,2047,,,,,,,0.0,,,,,,,,,,,,,,
0,0,BAU,,HTC,CO2e_WASTE,,2048,,,,,,,0.0,,,,,,,,,,,,,,
0,0,BAU,,HTC,CO2e_WASTE,,2049,,,,,,,0.0,,,,,,,,,,,,,,
0,0,BAU,,HTC,CO2e_WASTE,,2050,,,,,,,0.0,,,,,,,,,,,,,,
0,0,BAU,,OPEN_BURN,CO2e_WASTE,,2018,,,,,,,0.28211756,,,,,,,,,,,,,,
0,0,BAU,,OPEN_BURN,CO2e_WASTE,,2019,,,,,,,0.28211756,,,,,,,,,,,,,,
0,0,BAU,,OPEN_BURN,CO2e_WASTE,,2020,,,,,,,0.28211756,,,,,,,,,,,,,,
0,0,BAU,,OPEN_BURN,CO2e_WASTE,,2021,,,,,,,0.28211756,,,,,,,,,,,,,,
0,0,BAU,,OPEN_BURN,CO2e_WASTE,,2022,,,,,,,0.28211756,,,,,,,,,,,,,,
0,0,BAU,,OPEN_BURN,CO2e_WASTE,,2023,,,,,,,0.28211756,,,,,,,,,,,,,,
0,0,BAU,,OPEN_BURN,CO2e_WASTE,,2024,,,,,,,0.28211756,,,,,,,,,,,,,,
0,0,BAU,,OPEN_BURN,CO2e_WASTE,,2025,,,,,,,0.28211756,,,,,,,,,,,,,,
0,0,BAU,,OPEN_BURN,CO2e_WASTE,,2026,,,,,,,0.28211756,,,,,,,,,,,,,,
0,0,BAU,,OPEN_BURN,CO2e_WASTE,,2027,,,,,,,0.28211756,,,,,,,,,,,,,,
0,0,BAU,,OPEN_BURN,CO2e_WASTE,,2028,,,,,,,0.28211756,,,,,,,,,,,,,,
0,0,BAU,,OPEN_BURN,CO2e_WASTE,,2029,,,,,,,0.28211756,,,,,,,,,,,,,,
0,0,BAU,,OPEN_BURN,CO2e_WASTE,,2030,,,,,,,0.28211756,,,,,,,,,,,,,,
0,0,BAU,,OPEN_BURN,CO2e_WASTE,,2031,,,,,,,0.28211756,,,,,,,,,,,,,,
0,0,BAU,,OPEN_BURN,CO2e_WASTE,,2032,,,,,,,0.28211756,,,,,,,,,,,,,,
0,0,BAU,,OPEN_BURN,CO2e_WASTE,,2033,,,,,,,0.28211756,,,,,,,,,,,,,,
0,0,BAU,,OPEN_BURN,CO2e_WASTE,,2034,,,,,,,0.28211756,,,,,,,,,,,,,,
0,0,BAU,,OPEN_BURN,CO2e_WASTE,,2035,,,,,,,0.28211756,,,,,,,,,,,,,,
0,0,BAU,,OPEN_BURN,CO2e_WASTE,,2036,,,,,,,0.28211756,,,,,,,,,,,,,,
0,0,BAU,,OPEN_BURN,CO2e_WASTE,,2037,,,,,,,0.28211756,,,,,,,,,,,,,,
0,0,BAU,,OPEN_BURN,CO2e_WASTE,,2038,,,,,,,0.28211756,,,,,,,,,,,,,,
0,0,BAU,,OPEN_BURN,CO2e_WASTE,,2039,,,,,,,0.28211756,,,,,,,,,,,,,,
0,0,BAU,,OPEN_BURN,CO2e_WASTE,,2040,,,,,,,0.28211756,,,,,,,,,,,,,,
0,0,BAU,,OPEN_BURN,CO2e_WASTE,,2041,,,,,,,0.28211756,,,,,,,,,,,,,,
0,0,BAU,,OPEN_BURN,CO2e_WASTE,,2042,,,,,,,0.28211756,,,,,,,,,,,,,,
0,0,BAU,,OPEN_BURN,CO2e_WASTE,,2043,,,,,,,0.28211756,,,,,,,,,,,,,,
0,0,BAU,,OPEN_BURN,CO2e_WASTE,,2044,,,,,,,0.28211756,,,,,,,,,,,,,,
0,0,BAU,,OPEN_BURN,CO2e_WASTE,,2045,,,,,,,0.28211756,,,,,,,,,,,,,,
0,0,BAU,,OPEN_BURN,CO2e_WASTE,,2046,,,,,,,0.28211756,,,,,,,,,,,,,,
0,0,BAU,,OPEN_BURN,CO2e_WASTE,,2047,,,,,,,0.28211756,,,,,,,,,,,,,,
0,0,BAU,,OPEN_BURN,CO2e_WASTE,,2048,,,,,,,0.28211756,,,,,,,,,,,,,,
0,0,BAU,,OPEN_BURN,CO2e_WASTE,,2049,,,,,,,0.28211756,,,,,,,,,,,,,,
0,0,BAU,,OPEN_BURN,CO2e_WASTE,,2050,,,,,,,0.28211756,,,,,,,,,,,,,,
0,0,BAU,,SIT_CLAN,CO2e_WASTE,,2018,,,,,,,0.8142,,,,,,,,,,,,,,
0,0,BAU,,SIT_CLAN,CO2e_WASTE,,2019,,,,,,,0.8373,,,,,,,,,,,,,,
0,0,BAU,,SIT_CLAN,CO2e_WASTE,,2020,,,,,,,0.8837,,,,,,,,,,,,,,
0,0,BAU,,SIT_CLAN,CO2e_WASTE,,2021,,,,,,,0.827,,,,,,,,,,,,,,
0,0,BAU,,SIT_CLAN,CO2e_WASTE,,2022,,,,,,,0.7942,,,,,,,,,,,,,,
0,0,BAU,,SIT_CLAN,CO2e_WASTE,,2023,,,,,,,0.7902,,,,,,,,,,,,,,
0,0,BAU,,SIT_CLAN,CO2e_WASTE,,2024,,,,,,,0.7862,,,,,,,,,,,,,,
0,0,BAU,,SIT_CLAN,CO2e_WASTE,,2025,,,,,,,0.7822,,,,,,,,,,,,,,
0,0,BAU,,SIT_CLAN,CO2e_WASTE,,2026,,,,,,,0.7783,,,,,,,,,,,,,,
0,0,BAU,,SIT_CLAN,CO2e_WASTE,,2027,,,,,,,0.7744,,,,,,,,,,,,,,
0,0,BAU,,SIT_CLAN,CO2e_WASTE,,2028,,,,,,,0.7705,,,,,,,,,,,,,,
0,0,BAU,,SIT_CLAN,CO2e_WASTE,,2029,,,,,,,0.7666,,,,,,,,,,,,,,
0,0,BAU,,SIT_CLAN,CO2e_WASTE,,2030,,,,,,,0.7627,,,,,,,,,,,,,,
0,0,BAU,,SIT_CLAN,CO2e_WASTE,,2031,,,,,,,0.7589,,,,,,,,,,,,,,
0,0,BAU,,SIT_CLAN,CO2e_WASTE,,2032,,,,,,,0.7551,,,,,,,,,,,,,,
0,0,BAU,,SIT_CLAN,CO2e_WASTE,,2033,,,,,,,0.7513,,,,,,,,,,,,,,
0,0,BAU,,SIT_CLAN,CO2e_WASTE,,2034,,,,,,,0.7475,,,,,,,,,,,,,,
0,0,BAU,,SIT_CLAN,CO2e_WASTE,,2035,,,,,,,0.7437,,,,,,,,,,,,,,
0,0,BAU,,SIT_CLAN,CO2e_WASTE,,2036,,,,,,,0.74,,,,,,,,,,,,,,
0,0,BAU,,SIT_CLAN,CO2e_WASTE,,2037,,,,,,,0.7362,,,,,,,,,,,,,,
0,0,BAU,,SIT_CLAN,CO2e_WASTE,,2038,,,,,,,0.7325,,,,,,,,,,,,,,
0,0,BAU,,SIT_CLAN,CO2e_WASTE,,2039,,,,,,,0.7288,,,,,,,,,,,,,,
0,0,BAU,,SIT_CLAN,CO2e_WASTE,,2040,,,,,,,0.7252,,,,,,,,,,,,,,
0,0,BAU,,SIT_CLAN,CO2e_WASTE,,2041,,,,,,,0.7215,,,,,,,,,,,,,,
0,0,BAU,,SIT_CLAN,CO2e_WASTE,,2042,,,,,,,0.7179,,,,,,,,,,,,,,
0,0,BAU,,SIT_CLAN,CO2e_WASTE,,2043,,,,,,,0.7143,,,,,,,,,,,,,,
0,0,BAU,,SIT_CLAN,CO2e_WASTE,,2044,,,,,,,0.7107,,,,,,,,,,,,,,
0,0,BAU,,SIT_CLAN,CO2e_WASTE,,2045,,,,,,,0.7071,,,,,,,,,,,,,,
0,0,BAU,,SIT_CLAN,CO2e_WASTE,,2046,,,,,,,0.7035,,,,,,,,,,,,,,
0,0,BAU,,SIT_CLAN,CO2e_WASTE,,2047,,,,,,,0.7,,,,,,,,,,,,,,
0,0,BAU,,SIT_CLAN,CO2e_WASTE,,2048,,,,,,,0.6965,,,,,,,,,,,,,,
0,0,BAU,,SIT_CLAN,CO2e_WASTE,,2049,,,,,,,0.693,,,,,,,,,,,,,,
0,0,BAU,,SIT_CLAN,CO2e_WASTE,,2050,,,,,,,0.6895,,,,,,,,,,,,,,
0,0,BAU,,LANDFILL_ELEC,CO2e_WASTE,,2018,,,,,,,-1.0,,,,,,,,,,,,,,
0,0,BAU,,LANDFILL_ELEC,CO2e_WASTE,,2019,,,,,,,-1.0,,,,,,,,,,,,,,
0,0,BAU,,LANDFILL_ELEC,CO2e_WASTE,,2020,,,,,,,-1.0,,,,,,,,,,,,,,
0,0,BAU,,LANDFILL_ELEC,CO2e_WASTE,,2021,,,,,,,-1.0,,,,,,,,,,,,,,
0,0,BAU,,LANDFILL_ELEC,CO2e_WASTE,,2022,,,,,,,-1.0,,,,,,,,,,,,,,
0,0,BAU,,LANDFILL_ELEC,CO2e_WASTE,,2023,,,,,,,-1.0,,,,,,,,,,,,,,
0,0,BAU,,LANDFILL_ELEC,CO2e_WASTE,,2024,,,,,,,-1.0,,,,,,,,,,,,,,
0,0,BAU,,LANDFILL_ELEC,CO2e_WASTE,,2025,,,,,,,-1.0,,,,,,,,,,,,,,
0,0,BAU,,LANDFILL_ELEC,CO2e_WASTE,,2026,,,,,,,-1.0,,,,,,,,,,,,,,
0,0,BAU,,LANDFILL_ELEC,CO2e_WASTE,,2027,,,,,,,-1.0,,,,,,,,,,,,,,
0,0,BAU,,LANDFILL_ELEC,CO2e_WASTE,,2028,,,,,,,-1.0,,,,,,,,,,,,,,
0,0,BAU,,LANDFILL_ELEC,CO2e_WASTE,,2029,,,,,,,-1.0,,,,,,,,,,,,,,
0,0,BAU,,LANDFILL_ELEC,CO2e_WASTE,,2030,,,,,,,-1.0,,,,,,,,,,,,,,
0,0,BAU,,LANDFILL_ELEC,CO2e_WASTE,,2031,,,,,,,-1.0,,,,,,,,,,,,,,
0,0,BAU,,LANDFILL_ELEC,CO2e_WASTE,,2032,,,,,,,-1.0,,,,,,,,,,,,,,
0,0,BAU,,LANDFILL_ELEC,CO2e_WASTE,,2033,,,,,,,-1.0,,,,,,,,,,,,,,
0,0,BAU,,LANDFILL_ELEC,CO2e_WASTE,,2034,,,,,,,-1.0,,,,,,,,,,,,,,
0,0,BAU,,LANDFILL_ELEC,CO2e_WASTE,,2035,,,,,,,-1.0,,,,,,,,,,,,,,
0,0,BAU,,LANDFILL_ELEC,CO2e_WASTE,,2036,,,,,,,-1.0,,,,,,,,,,,,,,
0,0,BAU,,LANDFILL_ELEC,CO2e_WASTE,,2037,,,,,,,-1.0,,,,,,,,,,,,,,
0,0,BAU,,LANDFILL_ELEC,CO2e_WASTE,,2038,,,,,,,-1.0,,,,,,,,,,,,,,
0,0,BAU,,LANDFILL_ELEC,CO2e_WASTE,,2039,,,,,,,-1.0,,,,,,,,,,,,,,
0,0,BAU,,LANDFILL_ELEC,CO2e_WASTE,,2040,,,,,,,-1.0,,,,,,,,,,,,,,
0,0,BAU,,LANDFILL_ELEC,CO2e_WASTE,,2041,,,,,,,-1.0,,,,,,,,,,,,,,
0,0,BAU,,LANDFILL_ELEC,CO2e_WASTE,,2042,,,,,,,-1.0,,,,,,,,,,,,,,
0,0,BAU,,LANDFILL_ELEC,CO2e_WASTE,,2043,,,,,,,-1.0,,,,,,,,,,,,,,
0,0,BAU,,LANDFILL_ELEC,CO2e_WASTE,,2044,,,,,,,-1.0,,,,,,,,,,,,,,
0,0,BAU,,LANDFILL_ELEC,CO2e_WASTE,,2045,,,,,,,-1.0,,,,,,,,,,,,,,
0,0,BAU,,LANDFILL_ELEC,CO2e_WASTE,,2046,,,,,,,-1.0,,,,,,,,,,,,,,
0,0,BAU,,LANDFILL_ELEC,CO2e_WASTE,,2047,,,,,,,-1.0,,,,,,,,,,,,,,
0,0,BAU,,LANDFILL_ELEC,CO2e_WASTE,,2048,,,,,,,-1.0,,,,,,,,,,,,,,
0,0,BAU,,LANDFILL_ELEC,CO2e_WASTE,,2049,,,,,,,-1.0,,,,,,,,,,,,,,
0,0,BAU,,LANDFILL_ELEC,CO2e_WASTE,,2050,,,,,,,-1.0,,,,,,,,,,,,,,
0,0,BAU,,IND_SW,CO2e_WASTE,,2018,,,,,,,0.8142,,,,,,,,,,,,,,
0,0,BAU,,IND_SW,CO2e_WASTE,,2019,,,,,,,0.8373,,,,,,,,,,,,,,
0,0,BAU,,IND_SW,CO2e_WASTE,,2020,,,,,,,0.8837,,,,,,,,,,,,,,
0,0,BAU,,IND_SW,CO2e_WASTE,,2021,,,,,,,0.827,,,,,,,,,,,,,,
0,0,BAU,,IND_SW,CO2e_WASTE,,2022,,,,,,,0.7942,,,,,,,,,,,,,,
0,0,BAU,,IND_SW,CO2e_WASTE,,2023,,,,,,,0.7902,,,,,,,,,,,,,,
0,0,BAU,,IND_SW,CO2e_WASTE,,2024,,,,,,,0.7862,,,,,,,,,,,,,,
0,0,BAU,,IND_SW,CO2e_WASTE,,2025,,,,,,,0.7822,,,,,,,,,,,,,,
0,0,BAU,,IND_SW,CO2e_WASTE,,2026,,,,,,,0.7783,,,,,,,,,,,,,,
0,0,BAU,,IND_SW,CO2e_WASTE,,2027,,,,,,,0.7744,,,,,,,,,,,,,,
0,0,BAU,,IND_SW,CO2e_WASTE,,2028,,,,,,,0.7705,,,,,,,,,,,,,,
0,0,BAU,,IND_SW,CO2e_WASTE,,2029,,,,,,,0.7666,,,,,,,,,,,,,,
0,0,BAU,,IND_SW,CO2e_WASTE,,2030,,,,,,,0.7627,,,,,,,,,,,,,,
0,0,BAU,,IND_SW,CO2e_WASTE,,2031,,,,,,,0.7589,,,,,,,,,,,,,,
0,0,BAU,,IND_SW,CO2e_WASTE,,2032,,,,,,,0.7551,,,,,,,,,,,,,,
0,0,BAU,,IND_SW,CO2e_WASTE,,2033,,,,,,,0.7513,,,,,,,,,,,,,,
0,0,BAU,,IND_SW,CO2e_WASTE,,2034,,,,,,,0.7475,,,,,,,,,,,,,,
0,0,BAU,,IND_SW,CO2e_WASTE,,2035,,,,,,,0.7437,,,,,,,,,,,,,,
0,0,BAU,,IND_SW,CO2e_WASTE,,2036,,,,,,,0.74,,,,,,,,,,,,,,
0,0,BAU,,IND_SW,CO2e_WASTE,,2037,,,,,,,0.7362,,,,,,,,,,,,,,
0,0,BAU,,IND_SW,CO2e_WASTE,,2038,,,,,,,0.7325,,,,,,,,,,,,,,
0,0,BAU,,IND_SW,CO2e_WASTE,,2039,,,,,,,0.7288,,,,,,,,,,,,,,
0,0,BAU,,IND_SW,CO2e_WASTE,,2040,,,,,,,0.7252,,,,,,,,,,,,,,
0,0,BAU,,IND_SW,CO2e_WASTE,,2041,,,,,,,0.7215,,,,,,,,,,,,,,
0,0,BAU,,IND_SW,CO2e_WASTE,,2042,,,,,,,0.7179,,,,,,,,,,,,,,
0,0,BAU,,IND_SW,CO2e_WASTE,,2043,,,,,,,0.7143,,,,,,,,,,,,,,
0,0,BAU,,IND_SW,CO2e_WASTE,,2044,,,,,,,0.7107,,,,,,,,,,,,,,
0,0,BAU,,IND_SW,CO2e_WASTE,,2045,,,,,,,0.7071,,,,,,,,,,,,,,
0,0,BAU,,IND_SW,CO2e_WASTE,,2046,,,,,,,0.7035,,,,,,,,,,,,,,
0,0,BAU,,IND_SW,CO2e_WASTE,,2047,,,,,,,0.7,,,,,,,,,,,,,,
0,0,BAU,,IND_SW,CO2e_WASTE,,2048,,,,,,,0.6965,,,,,,,,,,,,,,
0,0,BAU,,IND_SW,CO2e_WASTE,,2049,,,,,,,0.693,,,,,,,,,,,,,,
0,0,BAU,,IND_SW,CO2e_WASTE,,2050,,,,,,,0.6895,,,,,,,,,,,,,,
0,0,BAU,,CO2_CH4_BURN,CO2e_WASTE,,2018,,,,,,,1.0,,,,,,,,,,,,,,
0,0,BAU,,CO2_CH4_BURN,CO2e_WASTE,,2019,,,,,,,1.0,,,,,,,,,,,,,,
0,0,BAU,,CO2_CH4_BURN,CO2e_WASTE,,2020,,,,,,,1.0,,,,,,,,,,,,,,
0,0,BAU,,CO2_CH4_BURN,CO2e_WASTE,,2021,,,,,,,1.0,,,,,,,,,,,,,,
0,0,BAU,,CO2_CH4_BURN,CO2e_WASTE,,2022,,,,,,,1.0,,,,,,,,,,,,,,
0,0,BAU,,CO2_CH4_BURN,CO2e_WASTE,,2023,,,,,,,1.0,,,,,,,,,,,,,,
0,0,BAU,,CO2_CH4_BURN,CO2e_WASTE,,2024,,,,,,,1.0,,,,,,,,,,,,,,
0,0,BAU,,CO2_CH4_BURN,CO2e_WASTE,,2025,,,,,,,1.0,,,,,,,,,,,,,,
0,0,BAU,,CO2_CH4_BURN,CO2e_WASTE,,2026,,,,,,,1.0,,,,,,,,,,,,,,
0,0,BAU,,CO2_CH4_BURN,CO2e_WASTE,,2027,,,,,,,1.0,,,,,,,,,,,,,,
0,0,BAU,,CO2_CH4_BURN,CO2e_WASTE,,2028,,,,,,,1.0,,,,,,,,,,,,,,
0,0,BAU,,CO2_CH4_BURN,CO2e_WASTE,,2029,,,,,,,1.0,,,,,,,,,,,,,,
0,0,BAU,,CO2_CH4_BURN,CO2e_WASTE,,2030,,,,,,,1.0,,,,,,,,,,,,,,
0,0,BAU,,CO2_CH4_BURN,CO2e_WASTE,,2031,,,,,,,1.0,,,,,,,,,,,,,,
0,0,BAU,,CO2_CH4_BURN,CO2e_WASTE,,2032,,,,,,,1.0,,,,,,,,,,,,,,
0,0,BAU,,CO2_CH4_BURN,CO2e_WASTE,,2033,,,,,,,1.0,,,,,,,,,,,,,,
0,0,BAU,,CO2_CH4_BURN,CO2e_WASTE,,2034,,,,,,,1.0,,,,,,,,,,,,,,
0,0,BAU,,CO2_CH4_BURN,CO2e_WASTE,,2035,,,,,,,1.0,,,,,,,,,,,,,,
0,0,BAU,,CO2_CH4_BURN,CO2e_WASTE,,2036,,,,,,,1.0,,,,,,,,,,,,,,
0,0,BAU,,CO2_CH4_BURN,CO2e_WASTE,,2037,,,,,,,1.0,,,,,,,,,,,,,,
0,0,BAU,,CO2_CH4_BURN,CO2e_WASTE,,2038,,,,,,,1.0,,,,,,,,,,,,,,
0,0,BAU,,CO2_CH4_BURN,CO2e_WASTE,,2039,,,,,,,1.0,,,,,,,,,,,,,,
0,0,BAU,,CO2_CH4_BURN,CO2e_WASTE,,2040,,,,,,,1.0,,,,,,,,,,,,,,
0,0,BAU,,CO2_CH4_BURN,CO2e_WASTE,,2041,,,,,,,1.0,,,,,,,,,,,,,,
0,0,BAU,,CO2_CH4_BURN,CO2e_WASTE,,2042,,,,,,,1.0,,,,,,,,,,,,,,
0,0,BAU,,CO2_CH4_BURN,CO2e_WASTE,,2043,,,,,,,1.0,,,,,,,,,,,,,,
0,0,BAU,,CO2_CH4_BURN,CO2e_WASTE,,2044,,,,,,,1.0,,,,,,,,,,,,,,
0,0,BAU,,CO2_CH4_BURN,CO2e_WASTE,,2045,,,,,,,1.0,,,,,,,,,,,,,,
0,0,BAU,,CO2_CH4_BURN,CO2e_WASTE,,2046,,,,,,,1.0,,,,,,,,,,,,,,
0,0,BAU,,CO2_CH4_BURN,CO2e_WASTE,,2047,,,,,,,1.0,,,,,,,,,,,,,,
0,0,BAU,,CO2_CH4_BURN,CO2e_WASTE,,2048,,,,,,,1.0,,,,,,,,,,,,,,
0,0,BAU,,CO2_CH4_BURN,CO2e_WASTE,,2049,,,,,,,1.0,,,,,,,,,,,,,,
0,0,BAU,,CO2_CH4_BURN,CO2e_WASTE,,2050,,,,,,,1.0,,,,,,,,,,,,,,
0,0,BAU,,PTAR_OLD,CO2e_WASTE,,2018,,,,,,,0.0,,,,,,,,,,,,,,
0,0,BAU,,PTAR_OLD,CO2e_WASTE,,2019,,,,,,,0.0,,,,,,,,,,,,,,
0,0,BAU,,PTAR_OLD,CO2e_WASTE,,2020,,,,,,,0.0,,,,,,,,,,,,,,
0,0,BAU,,PTAR_OLD,CO2e_WASTE,,2021,,,,,,,0.0,,,,,,,,,,,,,,
0,0,BAU,,PTAR_OLD,CO2e_WASTE,,2022,,,,,,,0.0,,,,,,,,,,,,,,
0,0,BAU,,PTAR_OLD,CO2e_WASTE,,2023,,,,,,,0.0,,,,,,,,,,,,,,
0,0,BAU,,PTAR_OLD,CO2e_WASTE,,2024,,,,,,,0.0,,,,,,,,,,,,,,
0,0,BAU,,PTAR_OLD,CO2e_WASTE,,2025,,,,,,,0.0,,,,,,,,,,,,,,
0,0,BAU,,PTAR_OLD,CO2e_WASTE,,2026,,,,,,,0.0,,,,,,,,,,,,,,
0,0,BAU,,PTAR_OLD,CO2e_WASTE,,2027,,,,,,,0.0,,,,,,,,,,,,,,
0,0,BAU,,PTAR_OLD,CO2e_WASTE,,2028,,,,,,,0.0,,,,,,,,,,,,,,
0,0,BAU,,PTAR_OLD,CO2e_WASTE,,2029,,,,,,,0.0,,,,,,,,,,,,,,
0,0,BAU,,PTAR_OLD,CO2e_WASTE,,2030,,,,,,,0.0,,,,,,,,,,,,,,
0,0,BAU,,PTAR_OLD,CO2e_WASTE,,2031,,,,,,,0.0,,,,,,,,,,,,,,
0,0,BAU,,PTAR_OLD,CO2e_WASTE,,2032,,,,,,,0.0,,,,,,,,,,,,,,
0,0,BAU,,PTAR_OLD,CO2e_WASTE,,2033,,,,,,,0.0,,,,,,,,,,,,,,
0,0,BAU,,PTAR_OLD,CO2e_WASTE,,2034,,,,,,,0.0,,,,,,,,,,,,,,
0,0,BAU,,PTAR_OLD,CO2e_WASTE,,2035,,,,,,,0.0,,,,,,,,,,,,,,
0,0,BAU,,PTAR_OLD,CO2e_WASTE,,2036,,,,,,,0.0,,,,,,,,,,,,,,
0,0,BAU,,PTAR_OLD,CO2e_WASTE,,2037,,,,,,,0.0,,,,,,,,,,,,,,
0,0,BAU,,PTAR_OLD,CO2e_WASTE,,2038,,,,,,,0.0,,,,,,,,,,,,,,
0,0,BAU,,PTAR_OLD,CO2e_WASTE,,2039,,,,,,,0.0,,,,,,,,,,,,,,
0,0,BAU,,PTAR_OLD,CO2e_WASTE,,2040,,,,,,,0.0,,,,,,,,,,,,,,
0,0,BAU,,PTAR_OLD,CO2e_WASTE,,2041,,,,,,,0.0,,,,,,,,,,,,,,
0,0,BAU,,PTAR_OLD,CO2e_WASTE,,2042,,,,,,,0.0,,,,,,,,,,,,,,
0,0,BAU,,PTAR_OLD,CO2e_WASTE,,2043,,,,,,,0.0,,,,,,,,,,,,,,
0,0,BAU,,PTAR_OLD,CO2e_WASTE,,2044,,,,,,,0.0,,,,,,,,,,,,,,
0,0,BAU,,PTAR_OLD,CO2e_WASTE,,2045,,,,,,,0.0,,,,,,,,,,,,,,
0,0,BAU,,PTAR_OLD,CO2e_WASTE,,2046,,,,,,,0.0,,,,,,,,,,,,,,
0,0,BAU,,PTAR_OLD,CO2e_WASTE,,2047,,,,,,,0.0,,,,,,,,,,,,,,
0,0,BAU,,PTAR_OLD,CO2e_WASTE,,2048,,,,,,,0.0,,,,,,,,,,,,,,
0,0,BAU,,PTAR_OLD,CO2e_WASTE,,2049,,,,,,,0.0,,,,,,,,,,,,,,
0,0,BAU,,PTAR_OLD,CO2e_WASTE,,2050,,,,,,,0.0,,,,,,,,,,,,,,
0,0,BAU,,PTAR_NEW,CO2e_WASTE,,2018,,,,,,,0.0,,,,,,,,,,,,,,
0,0,BAU,,PTAR_NEW,CO2e_WASTE,,2019,,,,,,,0.0,,,,,,,,,,,,,,
0,0,BAU,,PTAR_NEW,CO2e_WASTE,,2020,,,,,,,0.0,,,,,,,,,,,,,,
0,0,BAU,,PTAR_NEW,CO2e_WASTE,,2021,,,,,,,0.0,,,,,,,,,,,,,,
0,0,BAU,,PTAR_NEW,CO2e_WASTE,,2022,,,,,,,0.0,,,,,,,,,,,,,,
0,0,BAU,,PTAR_NEW,CO2e_WASTE,,2023,,,,,,,0.0,,,,,,,,,,,,,,
0,0,BAU,,PTAR_NEW,CO2e_WASTE,,2024,,,,,,,0.0,,,,,,,,,,,,,,
0,0,BAU,,PTAR_NEW,CO2e_WASTE,,2025,,,,,,,0.0,,,,,,,,,,,,,,
0,0,BAU,,PTAR_NEW,CO2e_WASTE,,2026,,,,,,,0.0,,,,,,,,,,,,,,
0,0,BAU,,PTAR_NEW,CO2e_WASTE,,2027,,,,,,,0.0,,,,,,,,,,,,,,
0,0,BAU,,PTAR_NEW,CO2e_WASTE,,2028,,,,,,,0.0,,,,,,,,,,,,,,
0,0,BAU,,PTAR_NEW,CO2e_WASTE,,2029,,,,,,,0.0,,,,,,,,,,,,,,
0,0,BAU,,PTAR_NEW,CO2e_WASTE,,2030,,,,,,,0.0,,,,,,,,,,,,,,
0,0,BAU,,PTAR_NEW,CO2e_WASTE,,2031,,,,,,,0.0,,,,,,,,,,,,,,
0,0,BAU,,PTAR_NEW,CO2e_WASTE,,2032,,,,,,,0.0,,,,,,,,,,,,,,
0,0,BAU,,PTAR_NEW,CO2e_WASTE,,2033,,,,,,,0.0,,,,,,,,,,,,,,
0,0,BAU,,PTAR_NEW,CO2e_WASTE,,2034,,,,,,,0.0,,,,,,,,,,,,,,
0,0,BAU,,PTAR_NEW,CO2e_WASTE,,2035,,,,,,,0.0,,,,,,,,,,,,,,
0,0,BAU,,PTAR_NEW,CO2e_WASTE,,2036,,,,,,,0.0,,,,,,,,,,,,,,
0,0,BAU,,PTAR_NEW,CO2e_WASTE,,2037,,,,,,,0.0,,,,,,,,,,,,,,
0,0,BAU,,PTAR_NEW,CO2e_WASTE,,2038,,,,,,,0.0,,,,,,,,,,,,,,
0,0,BAU,,PTAR_NEW,CO2e_WASTE,,2039,,,,,,,0.0,,,,,,,,,,,,,,
0,0,BAU,,PTAR_NEW,CO2e_WASTE,,2040,,,,,,,0.0,,,,,,,,,,,,,,
0,0,BAU,,PTAR_NEW,CO2e_WASTE,,2041,,,,,,,0.0,,,,,,,,,,,,,,
0,0,BAU,,PTAR_NEW,CO2e_WASTE,,2042,,,,,,,0.0,,,,,,,,,,,,,,
0,0,BAU,,PTAR_NEW,CO2e_WASTE,,2043,,,,,,,0.0,,,,,,,,,,,,,,
0,0,BAU,,PTAR_NEW,CO2e_WASTE,,2044,,,,,,,0.0,,,,,,,,,,,,,,
0,0,BAU,,PTAR_NEW,CO2e_WASTE,,2045,,,,,,,0.0,,,,,,,,,,,,,,
0,0,BAU,,PTAR_NEW,CO2e_WASTE,,2046,,,,,,,0.0,,,,,,,,,,,,,,
0,0,BAU,,PTAR_NEW,CO2e_WASTE,,2047,,,,,,,0.0,,,,,,,,,,,,,,
0,0,BAU,,PTAR_NEW,CO2e_WASTE,,2048,,,,,,,0.0,,,,,,,,,,,,,,
0,0,BAU,,PTAR_NEW,CO2e_WASTE,,2049,,,,,,,0.0,,,,,,,,,,,,,,
0,0,BAU,,PTAR_NEW,CO2e_WASTE,,2050,,,,,,,0.0,,,,,,,,,,,,,,
0,0,BAU,,SEWER_NO_T,CO2e_WASTE,,2018,,,,,,,3.8279,,,,,,,,,,,,,,
0,0,BAU,,SEWER_NO_T,CO2e_WASTE,,2019,,,,,,,3.8279,,,,,,,,,,,,,,
0,0,BAU,,SEWER_NO_T,CO2e_WASTE,,2020,,,,,,,3.8279,,,,,,,,,,,,,,
0,0,BAU,,SEWER_NO_T,CO2e_WASTE,,2021,,,,,,,3.8279,,,,,,,,,,,,,,
0,0,BAU,,SEWER_NO_T,CO2e_WASTE,,2022,,,,,,,3.8279,,,,,,,,,,,,,,
0,0,BAU,,SEWER_NO_T,CO2e_WASTE,,2023,,,,,,,3.8279,,,,,,,,,,,,,,
0,0,BAU,,SEWER_NO_T,CO2e_WASTE,,2024,,,,,,,3.8279,,,,,,,,,,,,,,
0,0,BAU,,SEWER_NO_T,CO2e_WASTE,,2025,,,,,,,3.8279,,,,,,,,,,,,,,
0,0,BAU,,SEWER_NO_T,CO2e_WASTE,,2026,,,,,,,3.8279,,,,,,,,,,,,,,
0,0,BAU,,SEWER_NO_T,CO2e_WASTE,,2027,,,,,,,3.8279,,,,,,,,,,,,,,
0,0,BAU,,SEWER_NO_T,CO2e_WASTE,,2028,,,,,,,3.8279,,,,,,,,,,,,,,
0,0,BAU,,SEWER_NO_T,CO2e_WASTE,,2029,,,,,,,3.8279,,,,,,,,,,,,,,
0,0,BAU,,SEWER_NO_T,CO2e_WASTE,,2030,,,,,,,3.8279,,,,,,,,,,,,,,
0,0,BAU,,SEWER_NO_T,CO2e_WASTE,,2031,,,,,,,3.8279,,,,,,,,,,,,,,
0,0,BAU,,SEWER_NO_T,CO2e_WASTE,,2032,,,,,,,3.8279,,,,,,,,,,,,,,
0,0,BAU,,SEWER_NO_T,CO2e_WASTE,,2033,,,,,,,3.8279,,,,,,,,,,,,,,
0,0,BAU,,SEWER_NO_T,CO2e_WASTE,,2034,,,,,,,3.8279,,,,,,,,,,,,,,
0,0,BAU,,SEWER_NO_T,CO2e_WASTE,,2035,,,,,,,3.8279,,,,,,,,,,,,,,
0,0,BAU,,SEWER_NO_T,CO2e_WASTE,,2036,,,,,,,3.8279,,,,,,,,,,,,,,
0,0,BAU,,SEWER_NO_T,CO2e_WASTE,,2037,,,,,,,3.8279,,,,,,,,,,,,,,
0,0,BAU,,SEWER_NO_T,CO2e_WASTE,,2038,,,,,,,3.8279,,,,,,,,,,,,,,
0,0,BAU,,SEWER_NO_T,CO2e_WASTE,,2039,,,,,,,3.8279,,,,,,,,,,,,,,
0,0,BAU,,SEWER_NO_T,CO2e_WASTE,,2040,,,,,,,3.8279,,,,,,,,,,,,,,
0,0,BAU,,SEWER_NO_T,CO2e_WASTE,,2041,,,,,,,3.8279,,,,,,,,,,,,,,
0,0,BAU,,SEWER_NO_T,CO2e_WASTE,,2042,,,,,,,3.8279,,,,,,,,,,,,,,
0,0,BAU,,SEWER_NO_T,CO2e_WASTE,,2043,,,,,,,3.8279,,,,,,,,,,,,,,
0,0,BAU,,SEWER_NO_T,CO2e_WASTE,,2044,,,,,,,3.8279,,,,,,,,,,,,,,
0,0,BAU,,SEWER_NO_T,CO2e_WASTE,,2045,,,,,,,3.8279,,,,,,,,,,,,,,
0,0,BAU,,SEWER_NO_T,CO2e_WASTE,,2046,,,,,,,3.8279,,,,,,,,,,,,,,
0,0,BAU,,SEWER_NO_T,CO2e_WASTE,,2047,,,,,,,3.8279,,,,,,,,,,,,,,
0,0,BAU,,SEWER_NO_T,CO2e_WASTE,,2048,,,,,,,3.8279,,,,,,,,,,,,,,
0,0,BAU,,SEWER_NO_T,CO2e_WASTE,,2049,,,,,,,3.8279,,,,,,,,,,,,,,
0,0,BAU,,SEWER_NO_T,CO2e_WASTE,,2050,,,,,,,3.8279,,,,,,,,,,,,,,
0,0,BAU,,SEPT_SYST,CO2e_WASTE,,2018,,,,,,,0.0,,,,,,,,,,,,,,
0,0,BAU,,SEPT_SYST,CO2e_WASTE,,2019,,,,,,,0.0,,,,,,,,,,,,,,
0,0,BAU,,SEPT_SYST,CO2e_WASTE,,2020,,,,,,,0.0,,,,,,,,,,,,,,
0,0,BAU,,SEPT_SYST,CO2e_WASTE,,2021,,,,,,,0.0,,,,,,,,,,,,,,
0,0,BAU,,SEPT_SYST,CO2e_WASTE,,2022,,,,,,,0.0,,,,,,,,,,,,,,
0,0,BAU,,SEPT_SYST,CO2e_WASTE,,2023,,,,,,,0.0,,,,,,,,,,,,,,
0,0,BAU,,SEPT_SYST,CO2e_WASTE,,2024,,,,,,,0.0,,,,,,,,,,,,,,
0,0,BAU,,SEPT_SYST,CO2e_WASTE,,2025,,,,,,,0.0,,,,,,,,,,,,,,
0,0,BAU,,SEPT_SYST,CO2e_WASTE,,2026,,,,,,,0.0,,,,,,,,,,,,,,
0,0,BAU,,SEPT_SYST,CO2e_WASTE,,2027,,,,,,,0.0,,,,,,,,,,,,,,
0,0,BAU,,SEPT_SYST,CO2e_WASTE,,2028,,,,,,,0.0,,,,,,,,,,,,,,
0,0,BAU,,SEPT_SYST,CO2e_WASTE,,2029,,,,,,,0.0,,,,,,,,,,,,,,
0,0,BAU,,SEPT_SYST,CO2e_WASTE,,2030,,,,,,,0.0,,,,,,,,,,,,,,
0,0,BAU,,SEPT_SYST,CO2e_WASTE,,2031,,,,,,,0.0,,,,,,,,,,,,,,
0,0,BAU,,SEPT_SYST,CO2e_WASTE,,2032,,,,,,,0.0,,,,,,,,,,,,,,
0,0,BAU,,SEPT_SYST,CO2e_WASTE,,2033,,,,,,,0.0,,,,,,,,,,,,,,
0,0,BAU,,SEPT_SYST,CO2e_WASTE,,2034,,,,,,,0.0,,,,,,,,,,,,,,
0,0,BAU,,SEPT_SYST,CO2e_WASTE,,2035,,,,,,,0.0,,,,,,,,,,,,,,
0,0,BAU,,SEPT_SYST,CO2e_WASTE,,2036,,,,,,,0.0,,,,,,,,,,,,,,
0,0,BAU,,SEPT_SYST,CO2e_WASTE,,2037,,,,,,,0.0,,,,,,,,,,,,,,
0,0,BAU,,SEPT_SYST,CO2e_WASTE,,2038,,,,,,,0.0,,,,,,,,,,,,,,
0,0,BAU,,SEPT_SYST,CO2e_WASTE,,2039,,,,,,,0.0,,,,,,,,,,,,,,
0,0,BAU,,SEPT_SYST,CO2e_WASTE,,2040,,,,,,,0.0,,,,,,,,,,,,,,
0,0,BAU,,SEPT_SYST,CO2e_WASTE,,2041,,,,,,,0.0,,,,,,,,,,,,,,
0,0,BAU,,SEPT_SYST,CO2e_WASTE,,2042,,,,,,,0.0,,,,,,,,,,,,,,
0,0,BAU,,SEPT_SYST,CO2e_WASTE,,2043,,,,,,,0.0,,,,,,,,,,,,,,
0,0,BAU,,SEPT_SYST,CO2e_WASTE,,2044,,,,,,,0.0,,,,,,,,,,,,,,
0,0,BAU,,SEPT_SYST,CO2e_WASTE,,2045,,,,,,,0.0,,,,,,,,,,,,,,
0,0,BAU,,SEPT_SYST,CO2e_WASTE,,2046,,,,,,,0.0,,,,,,,,,,,,,,
0,0,BAU,,SEPT_SYST,CO2e_WASTE,,2047,,,,,,,0.0,,,,,,,,,,,,,,
0,0,BAU,,SEPT_SYST,CO2e_WASTE,,2048,,,,,,,0.0,,,,,,,,,,,,,,
0,0,BAU,,SEPT_SYST,CO2e_WASTE,,2049,,,,,,,0.0,,,,,,,,,,,,,,
0,0,BAU,,SEPT_SYST,CO2e_WASTE,,2050,,,,,,,0.0,,,,,,,,,,,,,,
0,0,BAU,,LATR,CO2e_WASTE,,2018,,,,,,,0.0,,,,,,,,,,,,,,
0,0,BAU,,LATR,CO2e_WASTE,,2019,,,,,,,0.0,,,,,,,,,,,,,,
0,0,BAU,,LATR,CO2e_WASTE,,2020,,,,,,,0.0,,,,,,,,,,,,,,
0,0,BAU,,LATR,CO2e_WASTE,,2021,,,,,,,0.0,,,,,,,,,,,,,,
0,0,BAU,,LATR,CO2e_WASTE,,2022,,,,,,,0.0,,,,,,,,,,,,,,
0,0,BAU,,LATR,CO2e_WASTE,,2023,,,,,,,0.0,,,,,,,,,,,,,,
0,0,BAU,,LATR,CO2e_WASTE,,2024,,,,,,,0.0,,,,,,,,,,,,,,
0,0,BAU,,LATR,CO2e_WASTE,,2025,,,,,,,0.0,,,,,,,,,,,,,,
0,0,BAU,,LATR,CO2e_WASTE,,2026,,,,,,,0.0,,,,,,,,,,,,,,
0,0,BAU,,LATR,CO2e_WASTE,,2027,,,,,,,0.0,,,,,,,,,,,,,,
0,0,BAU,,LATR,CO2e_WASTE,,2028,,,,,,,0.0,,,,,,,,,,,,,,
0,0,BAU,,LATR,CO2e_WASTE,,2029,,,,,,,0.0,,,,,,,,,,,,,,
0,0,BAU,,LATR,CO2e_WASTE,,2030,,,,,,,0.0,,,,,,,,,,,,,,
0,0,BAU,,LATR,CO2e_WASTE,,2031,,,,,,,0.0,,,,,,,,,,,,,,
0,0,BAU,,LATR,CO2e_WASTE,,2032,,,,,,,0.0,,,,,,,,,,,,,,
0,0,BAU,,LATR,CO2e_WASTE,,2033,,,,,,,0.0,,,,,,,,,,,,,,
0,0,BAU,,LATR,CO2e_WASTE,,2034,,,,,,,0.0,,,,,,,,,,,,,,
0,0,BAU,,LATR,CO2e_WASTE,,2035,,,,,,,0.0,,,,,,,,,,,,,,
0,0,BAU,,LATR,CO2e_WASTE,,2036,,,,,,,0.0,,,,,,,,,,,,,,
0,0,BAU,,LATR,CO2e_WASTE,,2037,,,,,,,0.0,,,,,,,,,,,,,,
0,0,BAU,,LATR,CO2e_WASTE,,2038,,,,,,,0.0,,,,,,,,,,,,,,
0,0,BAU,,LATR,CO2e_WASTE,,2039,,,,,,,0.0,,,,,,,,,,,,,,
0,0,BAU,,LATR,CO2e_WASTE,,2040,,,,,,,0.0,,,,,,,,,,,,,,
0,0,BAU,,LATR,CO2e_WASTE,,2041,,,,,,,0.0,,,,,,,,,,,,,,
0,0,BAU,,LATR,CO2e_WASTE,,2042,,,,,,,0.0,,,,,,,,,,,,,,
0,0,BAU,,LATR,CO2e_WASTE,,2043,,,,,,,0.0,,,,,,,,,,,,,,
0,0,BAU,,LATR,CO2e_WASTE,,2044,,,,,,,0.0,,,,,,,,,,,,,,
0,0,BAU,,LATR,CO2e_WASTE,,2045,,,,,,,0.0,,,,,,,,,,,,,,
0,0,BAU,,LATR,CO2e_WASTE,,2046,,,,,,,0.0,,,,,,,,,,,,,,
0,0,BAU,,LATR,CO2e_WASTE,,2047,,,,,,,0.0,,,,,,,,,,,,,,
0,0,BAU,,LATR,CO2e_WASTE,,2048,,,,,,,0.0,,,,,,,,,,,,,,
0,0,BAU,,LATR,CO2e_WASTE,,2049,,,,,,,0.0,,,,,,,,,,,,,,
0,0,BAU,,LATR,CO2e_WASTE,,2050,,,,,,,0.0,,,,,,,,,,,,,,
0,0,BAU,,IWW_MEAT,CO2e_WASTE,,2018,,,,,,,1.0,,,,,,,,,,,,,,
0,0,BAU,,IWW_MEAT,CO2e_WASTE,,2019,,,,,,,1.0,,,,,,,,,,,,,,
0,0,BAU,,IWW_MEAT,CO2e_WASTE,,2020,,,,,,,1.0,,,,,,,,,,,,,,
0,0,BAU,,IWW_MEAT,CO2e_WASTE,,2021,,,,,,,1.0,,,,,,,,,,,,,,
0,0,BAU,,IWW_MEAT,CO2e_WASTE,,2022,,,,,,,1.0,,,,,,,,,,,,,,
0,0,BAU,,IWW_MEAT,CO2e_WASTE,,2023,,,,,,,1.0,,,,,,,,,,,,,,
0,0,BAU,,IWW_MEAT,CO2e_WASTE,,2024,,,,,,,1.0,,,,,,,,,,,,,,
0,0,BAU,,IWW_MEAT,CO2e_WASTE,,2025,,,,,,,1.0,,,,,,,,,,,,,,
0,0,BAU,,IWW_MEAT,CO2e_WASTE,,2026,,,,,,,1.0,,,,,,,,,,,,,,
0,0,BAU,,IWW_MEAT,CO2e_WASTE,,2027,,,,,,,1.0,,,,,,,,,,,,,,
0,0,BAU,,IWW_MEAT,CO2e_WASTE,,2028,,,,,,,1.0,,,,,,,,,,,,,,
0,0,BAU,,IWW_MEAT,CO2e_WASTE,,2029,,,,,,,1.0,,,,,,,,,,,,,,
0,0,BAU,,IWW_MEAT,CO2e_WASTE,,2030,,,,,,,1.0,,,,,,,,,,,,,,
0,0,BAU,,IWW_MEAT,CO2e_WASTE,,2031,,,,,,,1.0,,,,,,,,,,,,,,
0,0,BAU,,IWW_MEAT,CO2e_WASTE,,2032,,,,,,,1.0,,,,,,,,,,,,,,
0,0,BAU,,IWW_MEAT,CO2e_WASTE,,2033,,,,,,,1.0,,,,,,,,,,,,,,
0,0,BAU,,IWW_MEAT,CO2e_WASTE,,2034,,,,,,,1.0,,,,,,,,,,,,,,
0,0,BAU,,IWW_MEAT,CO2e_WASTE,,2035,,,,,,,1.0,,,,,,,,,,,,,,
0,0,BAU,,IWW_MEAT,CO2e_WASTE,,2036,,,,,,,1.0,,,,,,,,,,,,,,
0,0,BAU,,IWW_MEAT,CO2e_WASTE,,2037,,,,,,,1.0,,,,,,,,,,,,,,
0,0,BAU,,IWW_MEAT,CO2e_WASTE,,2038,,,,,,,1.0,,,,,,,,,,,,,,
0,0,BAU,,IWW_MEAT,CO2e_WASTE,,2039,,,,,,,1.0,,,,,,,,,,,,,,
0,0,BAU,,IWW_MEAT,CO2e_WASTE,,2040,,,,,,,1.0,,,,,,,,,,,,,,
0,0,BAU,,IWW_MEAT,CO2e_WASTE,,2041,,,,,,,1.0,,,,,,,,,,,,,,
0,0,BAU,,IWW_MEAT,CO2e_WASTE,,2042,,,,,,,1.0,,,,,,,,,,,,,,
0,0,BAU,,IWW_MEAT,CO2e_WASTE,,2043,,,,,,,1.0,,,,,,,,,,,,,,
0,0,BAU,,IWW_MEAT,CO2e_WASTE,,2044,,,,,,,1.0,,,,,,,,,,,,,,
0,0,BAU,,IWW_MEAT,CO2e_WASTE,,2045,,,,,,,1.0,,,,,,,,,,,,,,
0,0,BAU,,IWW_MEAT,CO2e_WASTE,,2046,,,,,,,1.0,,,,,,,,,,,,,,
0,0,BAU,,IWW_MEAT,CO2e_WASTE,,2047,,,,,,,1.0,,,,,,,,,,,,,,
0,0,BAU,,IWW_MEAT,CO2e_WASTE,,2048,,,,,,,1.0,,,,,,,,,,,,,,
0,0,BAU,,IWW_MEAT,CO2e_WASTE,,2049,,,,,,,1.0,,,,,,,,,,,,,,
0,0,BAU,,IWW_MEAT,CO2e_WASTE,,2050,,,,,,,1.0,,,,,,,,,,,,,,
0,0,BAU,,IWW_SUGAR,CO2e_WASTE,,2018,,,,,,,1.0,,,,,,,,,,,,,,
0,0,BAU,,IWW_SUGAR,CO2e_WASTE,,2019,,,,,,,1.0,,,,,,,,,,,,,,
0,0,BAU,,IWW_SUGAR,CO2e_WASTE,,2020,,,,,,,1.0,,,,,,,,,,,,,,
0,0,BAU,,IWW_SUGAR,CO2e_WASTE,,2021,,,,,,,1.0,,,,,,,,,,,,,,
0,0,BAU,,IWW_SUGAR,CO2e_WASTE,,2022,,,,,,,1.0,,,,,,,,,,,,,,
0,0,BAU,,IWW_SUGAR,CO2e_WASTE,,2023,,,,,,,1.0,,,,,,,,,,,,,,
0,0,BAU,,IWW_SUGAR,CO2e_WASTE,,2024,,,,,,,1.0,,,,,,,,,,,,,,
0,0,BAU,,IWW_SUGAR,CO2e_WASTE,,2025,,,,,,,1.0,,,,,,,,,,,,,,
0,0,BAU,,IWW_SUGAR,CO2e_WASTE,,2026,,,,,,,1.0,,,,,,,,,,,,,,
0,0,BAU,,IWW_SUGAR,CO2e_WASTE,,2027,,,,,,,1.0,,,,,,,,,,,,,,
0,0,BAU,,IWW_SUGAR,CO2e_WASTE,,2028,,,,,,,1.0,,,,,,,,,,,,,,
0,0,BAU,,IWW_SUGAR,CO2e_WASTE,,2029,,,,,,,1.0,,,,,,,,,,,,,,
0,0,BAU,,IWW_SUGAR,CO2e_WASTE,,2030,,,,,,,1.0,,,,,,,,,,,,,,
0,0,BAU,,IWW_SUGAR,CO2e_WASTE,,2031,,,,,,,1.0,,,,,,,,,,,,,,
0,0,BAU,,IWW_SUGAR,CO2e_WASTE,,2032,,,,,,,1.0,,,,,,,,,,,,,,
0,0,BAU,,IWW_SUGAR,CO2e_WASTE,,2033,,,,,,,1.0,,,,,,,,,,,,,,
0,0,BAU,,IWW_SUGAR,CO2e_WASTE,,2034,,,,,,,1.0,,,,,,,,,,,,,,
0,0,BAU,,IWW_SUGAR,CO2e_WASTE,,2035,,,,,,,1.0,,,,,,,,,,,,,,
0,0,BAU,,IWW_SUGAR,CO2e_WASTE,,2036,,,,,,,1.0,,,,,,,,,,,,,,
0,0,BAU,,IWW_SUGAR,CO2e_WASTE,,2037,,,,,,,1.0,,,,,,,,,,,,,,
0,0,BAU,,IWW_SUGAR,CO2e_WASTE,,2038,,,,,,,1.0,,,,,,,,,,,,,,
0,0,BAU,,IWW_SUGAR,CO2e_WASTE,,2039,,,,,,,1.0,,,,,,,,,,,,,,
0,0,BAU,,IWW_SUGAR,CO2e_WASTE,,2040,,,,,,,1.0,,,,,,,,,,,,,,
0,0,BAU,,IWW_SUGAR,CO2e_WASTE,,2041,,,,,,,1.0,,,,,,,,,,,,,,
0,0,BAU,,IWW_SUGAR,CO2e_WASTE,,2042,,,,,,,1.0,,,,,,,,,,,,,,
0,0,BAU,,IWW_SUGAR,CO2e_WASTE,,2043,,,,,,,1.0,,,,,,,,,,,,,,
0,0,BAU,,IWW_SUGAR,CO2e_WASTE,,2044,,,,,,,1.0,,,,,,,,,,,,,,
0,0,BAU,,IWW_SUGAR,CO2e_WASTE,,2045,,,,,,,1.0,,,,,,,,,,,,,,
0,0,BAU,,IWW_SUGAR,CO2e_WASTE,,2046,,,,,,,1.0,,,,,,,,,,,,,,
0,0,BAU,,IWW_SUGAR,CO2e_WASTE,,2047,,,,,,,1.0,,,,,,,,,,,,,,
0,0,BAU,,IWW_SUGAR,CO2e_WASTE,,2048,,,,,,,1.0,,,,,,,,,,,,,,
0,0,BAU,,IWW_SUGAR,CO2e_WASTE,,2049,,,,,,,1.0,,,,,,,,,,,,,,
0,0,BAU,,IWW_SUGAR,CO2e_WASTE,,2050,,,,,,,1.0,,,,,,,,,,,,,,
0,0,BAU,,IWW_ALCOHOL,CO2e_WASTE,,2018,,,,,,,1.0,,,,,,,,,,,,,,
0,0,BAU,,IWW_ALCOHOL,CO2e_WASTE,,2019,,,,,,,1.0,,,,,,,,,,,,,,
0,0,BAU,,IWW_ALCOHOL,CO2e_WASTE,,2020,,,,,,,1.0,,,,,,,,,,,,,,
0,0,BAU,,IWW_ALCOHOL,CO2e_WASTE,,2021,,,,,,,1.0,,,,,,,,,,,,,,
0,0,BAU,,IWW_ALCOHOL,CO2e_WASTE,,2022,,,,,,,1.0,,,,,,,,,,,,,,
0,0,BAU,,IWW_ALCOHOL,CO2e_WASTE,,2023,,,,,,,1.0,,,,,,,,,,,,,,
0,0,BAU,,IWW_ALCOHOL,CO2e_WASTE,,2024,,,,,,,1.0,,,,,,,,,,,,,,
0,0,BAU,,IWW_ALCOHOL,CO2e_WASTE,,2025,,,,,,,1.0,,,,,,,,,,,,,,
0,0,BAU,,IWW_ALCOHOL,CO2e_WASTE,,2026,,,,,,,1.0,,,,,,,,,,,,,,
0,0,BAU,,IWW_ALCOHOL,CO2e_WASTE,,2027,,,,,,,1.0,,,,,,,,,,,,,,
0,0,BAU,,IWW_ALCOHOL,CO2e_WASTE,,2028,,,,,,,1.0,,,,,,,,,,,,,,
0,0,BAU,,IWW_ALCOHOL,CO2e_WASTE,,2029,,,,,,,1.0,,,,,,,,,,,,,,
0,0,BAU,,IWW_ALCOHOL,CO2e_WASTE,,2030,,,,,,,1.0,,,,,,,,,,,,,,
0,0,BAU,,IWW_ALCOHOL,CO2e_WASTE,,2031,,,,,,,1.0,,,,,,,,,,,,,,
0,0,BAU,,IWW_ALCOHOL,CO2e_WASTE,,2032,,,,,,,1.0,,,,,,,,,,,,,,
0,0,BAU,,IWW_ALCOHOL,CO2e_WASTE,,2033,,,,,,,1.0,,,,,,,,,,,,,,
0,0,BAU,,IWW_ALCOHOL,CO2e_WASTE,,2034,,,,,,,1.0,,,,,,,,,,,,,,
0,0,BAU,,IWW_ALCOHOL,CO2e_WASTE,,2035,,,,,,,1.0,,,,,,,,,,,,,,
0,0,BAU,,IWW_ALCOHOL,CO2e_WASTE,,2036,,,,,,,1.0,,,,,,,,,,,,,,
0,0,BAU,,IWW_ALCOHOL,CO2e_WASTE,,2037,,,,,,,1.0,,,,,,,,,,,,,,
0,0,BAU,,IWW_ALCOHOL,CO2e_WASTE,,2038,,,,,,,1.0,,,,,,,,,,,,,,
0,0,BAU,,IWW_ALCOHOL,CO2e_WASTE,,2039,,,,,,,1.0,,,,,,,,,,,,,,
0,0,BAU,,IWW_ALCOHOL,CO2e_WASTE,,2040,,,,,,,1.0,,,,,,,,,,,,,,
0,0,BAU,,IWW_ALCOHOL,CO2e_WASTE,,2041,,,,,,,1.0,,,,,,,,,,,,,,
0,0,BAU,,IWW_ALCOHOL,CO2e_WASTE,,2042,,,,,,,1.0,,,,,,,,,,,,,,
0,0,BAU,,IWW_ALCOHOL,CO2e_WASTE,,2043,,,,,,,1.0,,,,,,,,,,,,,,
0,0,BAU,,IWW_ALCOHOL,CO2e_WASTE,,2044,,,,,,,1.0,,,,,,,,,,,,,,
0,0,BAU,,IWW_ALCOHOL,CO2e_WASTE,,2045,,,,,,,1.0,,,,,,,,,,,,,,
0,0,BAU,,IWW_ALCOHOL,CO2e_WASTE,,2046,,,,,,,1.0,,,,,,,,,,,,,,
0,0,BAU,,IWW_ALCOHOL,CO2e_WASTE,,2047,,,,,,,1.0,,,,,,,,,,,,,,
0,0,BAU,,IWW_ALCOHOL,CO2e_WASTE,,2048,,,,,,,1.0,,,,,,,,,,,,,,
0,0,BAU,,IWW_ALCOHOL,CO2e_WASTE,,2049,,,,,,,1.0,,,,,,,,,,,,,,
0,0,BAU,,IWW_ALCOHOL,CO2e_WASTE,,2050,,,,,,,1.0,,,,,,,,,,,,,,
0,0,BAU,,IWW_BEER,CO2e_WASTE,,2018,,,,,,,1.0,,,,,,,,,,,,,,
0,0,BAU,,IWW_BEER,CO2e_WASTE,,2019,,,,,,,1.0,,,,,,,,,,,,,,
0,0,BAU,,IWW_BEER,CO2e_WASTE,,2020,,,,,,,1.0,,,,,,,,,,,,,,
0,0,BAU,,IWW_BEER,CO2e_WASTE,,2021,,,,,,,1.0,,,,,,,,,,,,,,
0,0,BAU,,IWW_BEER,CO2e_WASTE,,2022,,,,,,,1.0,,,,,,,,,,,,,,
0,0,BAU,,IWW_BEER,CO2e_WASTE,,2023,,,,,,,1.0,,,,,,,,,,,,,,
0,0,BAU,,IWW_BEER,CO2e_WASTE,,2024,,,,,,,1.0,,,,,,,,,,,,,,
0,0,BAU,,IWW_BEER,CO2e_WASTE,,2025,,,,,,,1.0,,,,,,,,,,,,,,
0,0,BAU,,IWW_BEER,CO2e_WASTE,,2026,,,,,,,1.0,,,,,,,,,,,,,,
0,0,BAU,,IWW_BEER,CO2e_WASTE,,2027,,,,,,,1.0,,,,,,,,,,,,,,
0,0,BAU,,IWW_BEER,CO2e_WASTE,,2028,,,,,,,1.0,,,,,,,,,,,,,,
0,0,BAU,,IWW_BEER,CO2e_WASTE,,2029,,,,,,,1.0,,,,,,,,,,,,,,
0,0,BAU,,IWW_BEER,CO2e_WASTE,,2030,,,,,,,1.0,,,,,,,,,,,,,,
0,0,BAU,,IWW_BEER,CO2e_WASTE,,2031,,,,,,,1.0,,,,,,,,,,,,,,
0,0,BAU,,IWW_BEER,CO2e_WASTE,,2032,,,,,,,1.0,,,,,,,,,,,,,,
0,0,BAU,,IWW_BEER,CO2e_WASTE,,2033,,,,,,,1.0,,,,,,,,,,,,,,
0,0,BAU,,IWW_BEER,CO2e_WASTE,,2034,,,,,,,1.0,,,,,,,,,,,,,,
0,0,BAU,,IWW_BEER,CO2e_WASTE,,2035,,,,,,,1.0,,,,,,,,,,,,,,
0,0,BAU,,IWW_BEER,CO2e_WASTE,,2036,,,,,,,1.0,,,,,,,,,,,,,,
0,0,BAU,,IWW_BEER,CO2e_WASTE,,2037,,,,,,,1.0,,,,,,,,,,,,,,
0,0,BAU,,IWW_BEER,CO2e_WASTE,,2038,,,,,,,1.0,,,,,,,,,,,,,,
0,0,BAU,,IWW_BEER,CO2e_WASTE,,2039,,,,,,,1.0,,,,,,,,,,,,,,
0,0,BAU,,IWW_BEER,CO2e_WASTE,,2040,,,,,,,1.0,,,,,,,,,,,,,,
0,0,BAU,,IWW_BEER,CO2e_WASTE,,2041,,,,,,,1.0,,,,,,,,,,,,,,
0,0,BAU,,IWW_BEER,CO2e_WASTE,,2042,,,,,,,1.0,,,,,,,,,,,,,,
0,0,BAU,,IWW_BEER,CO2e_WASTE,,2043,,,,,,,1.0,,,,,,,,,,,,,,
0,0,BAU,,IWW_BEER,CO2e_WASTE,,2044,,,,,,,1.0,,,,,,,,,,,,,,
0,0,BAU,,IWW_BEER,CO2e_WASTE,,2045,,,,,,,1.0,,,,,,,,,,,,,,
0,0,BAU,,IWW_BEER,CO2e_WASTE,,2046,,,,,,,1.0,,,,,,,,,,,,,,
0,0,BAU,,IWW_BEER,CO2e_WASTE,,2047,,,,,,,1.0,,,,,,,,,,,,,,
0,0,BAU,,IWW_BEER,CO2e_WASTE,,2048,,,,,,,1.0,,,,,,,,,,,,,,
0,0,BAU,,IWW_BEER,CO2e_WASTE,,2049,,,,,,,1.0,,,,,,,,,,,,,,
0,0,BAU,,IWW_BEER,CO2e_WASTE,,2050,,,,,,,1.0,,,,,,,,,,,,,,
0,0,BAU,,IWW_MILK,CO2e_WASTE,,2018,,,,,,,1.0,,,,,,,,,,,,,,
0,0,BAU,,IWW_MILK,CO2e_WASTE,,2019,,,,,,,1.0,,,,,,,,,,,,,,
0,0,BAU,,IWW_MILK,CO2e_WASTE,,2020,,,,,,,1.0,,,,,,,,,,,,,,
0,0,BAU,,IWW_MILK,CO2e_WASTE,,2021,,,,,,,1.0,,,,,,,,,,,,,,
0,0,BAU,,IWW_MILK,CO2e_WASTE,,2022,,,,,,,1.0,,,,,,,,,,,,,,
0,0,BAU,,IWW_MILK,CO2e_WASTE,,2023,,,,,,,1.0,,,,,,,,,,,,,,
0,0,BAU,,IWW_MILK,CO2e_WASTE,,2024,,,,,,,1.0,,,,,,,,,,,,,,
0,0,BAU,,IWW_MILK,CO2e_WASTE,,2025,,,,,,,1.0,,,,,,,,,,,,,,
0,0,BAU,,IWW_MILK,CO2e_WASTE,,2026,,,,,,,1.0,,,,,,,,,,,,,,
0,0,BAU,,IWW_MILK,CO2e_WASTE,,2027,,,,,,,1.0,,,,,,,,,,,,,,
0,0,BAU,,IWW_MILK,CO2e_WASTE,,2028,,,,,,,1.0,,,,,,,,,,,,,,
0,0,BAU,,IWW_MILK,CO2e_WASTE,,2029,,,,,,,1.0,,,,,,,,,,,,,,
0,0,BAU,,IWW_MILK,CO2e_WASTE,,2030,,,,,,,1.0,,,,,,,,,,,,,,
0,0,BAU,,IWW_MILK,CO2e_WASTE,,2031,,,,,,,1.0,,,,,,,,,,,,,,
0,0,BAU,,IWW_MILK,CO2e_WASTE,,2032,,,,,,,1.0,,,,,,,,,,,,,,
0,0,BAU,,IWW_MILK,CO2e_WASTE,,2033,,,,,,,1.0,,,,,,,,,,,,,,
0,0,BAU,,IWW_MILK,CO2e_WASTE,,2034,,,,,,,1.0,,,,,,,,,,,,,,
0,0,BAU,,IWW_MILK,CO2e_WASTE,,2035,,,,,,,1.0,,,,,,,,,,,,,,
0,0,BAU,,IWW_MILK,CO2e_WASTE,,2036,,,,,,,1.0,,,,,,,,,,,,,,
0,0,BAU,,IWW_MILK,CO2e_WASTE,,2037,,,,,,,1.0,,,,,,,,,,,,,,
0,0,BAU,,IWW_MILK,CO2e_WASTE,,2038,,,,,,,1.0,,,,,,,,,,,,,,
0,0,BAU,,IWW_MILK,CO2e_WASTE,,2039,,,,,,,1.0,,,,,,,,,,,,,,
0,0,BAU,,IWW_MILK,CO2e_WASTE,,2040,,,,,,,1.0,,,,,,,,,,,,,,
0,0,BAU,,IWW_MILK,CO2e_WASTE,,2041,,,,,,,1.0,,,,,,,,,,,,,,
0,0,BAU,,IWW_MILK,CO2e_WASTE,,2042,,,,,,,1.0,,,,,,,,,,,,,,
0,0,BAU,,IWW_MILK,CO2e_WASTE,,2043,,,,,,,1.0,,,,,,,,,,,,,,
0,0,BAU,,IWW_MILK,CO2e_WASTE,,2044,,,,,,,1.0,,,,,,,,,,,,,,
0,0,BAU,,IWW_MILK,CO2e_WASTE,,2045,,,,,,,1.0,,,,,,,,,,,,,,
0,0,BAU,,IWW_MILK,CO2e_WASTE,,2046,,,,,,,1.0,,,,,,,,,,,,,,
0,0,BAU,,IWW_MILK,CO2e_WASTE,,2047,,,,,,,1.0,,,,,,,,,,,,,,
0,0,BAU,,IWW_MILK,CO2e_WASTE,,2048,,,,,,,1.0,,,,,,,,,,,,,,
0,0,BAU,,IWW_MILK,CO2e_WASTE,,2049,,,,,,,1.0,,,,,,,,,,,,,,
0,0,BAU,,IWW_MILK,CO2e_WASTE,,2050,,,,,,,1.0,,,,,,,,,,,,,,
0,0,BAU,,INORG_RCY_OS,RM,,2018,,,,,,,1.0,,,,,,,,,,,,,,
0,0,BAU,,INORG_RCY_OS,RM,,2019,,,,,,,1.0,,,,,,,,,,,,,,
0,0,BAU,,INORG_RCY_OS,RM,,2020,,,,,,,1.0,,,,,,,,,,,,,,
0,0,BAU,,INORG_RCY_OS,RM,,2021,,,,,,,1.0,,,,,,,,,,,,,,
0,0,BAU,,INORG_RCY_OS,RM,,2022,,,,,,,1.0,,,,,,,,,,,,,,
0,0,BAU,,INORG_RCY_OS,RM,,2023,,,,,,,1.0,,,,,,,,,,,,,,
0,0,BAU,,INORG_RCY_OS,RM,,2024,,,,,,,1.0,,,,,,,,,,,,,,
0,0,BAU,,INORG_RCY_OS,RM,,2025,,,,,,,1.0,,,,,,,,,,,,,,
0,0,BAU,,INORG_RCY_OS,RM,,2026,,,,,,,1.0,,,,,,,,,,,,,,
0,0,BAU,,INORG_RCY_OS,RM,,2027,,,,,,,1.0,,,,,,,,,,,,,,
0,0,BAU,,INORG_RCY_OS,RM,,2028,,,,,,,1.0,,,,,,,,,,,,,,
0,0,BAU,,INORG_RCY_OS,RM,,2029,,,,,,,1.0,,,,,,,,,,,,,,
0,0,BAU,,INORG_RCY_OS,RM,,2030,,,,,,,1.0,,,,,,,,,,,,,,
0,0,BAU,,INORG_RCY_OS,RM,,2031,,,,,,,1.0,,,,,,,,,,,,,,
0,0,BAU,,INORG_RCY_OS,RM,,2032,,,,,,,1.0,,,,,,,,,,,,,,
0,0,BAU,,INORG_RCY_OS,RM,,2033,,,,,,,1.0,,,,,,,,,,,,,,
0,0,BAU,,INORG_RCY_OS,RM,,2034,,,,,,,1.0,,,,,,,,,,,,,,
0,0,BAU,,INORG_RCY_OS,RM,,2035,,,,,,,1.0,,,,,,,,,,,,,,
0,0,BAU,,INORG_RCY_OS,RM,,2036,,,,,,,1.0,,,,,,,,,,,,,,
0,0,BAU,,INORG_RCY_OS,RM,,2037,,,,,,,1.0,,,,,,,,,,,,,,
0,0,BAU,,INORG_RCY_OS,RM,,2038,,,,,,,1.0,,,,,,,,,,,,,,
0,0,BAU,,INORG_RCY_OS,RM,,2039,,,,,,,1.0,,,,,,,,,,,,,,
0,0,BAU,,INORG_RCY_OS,RM,,2040,,,,,,,1.0,,,,,,,,,,,,,,
0,0,BAU,,INORG_RCY_OS,RM,,2041,,,,,,,1.0,,,,,,,,,,,,,,
0,0,BAU,,INORG_RCY_OS,RM,,2042,,,,,,,1.0,,,,,,,,,,,,,,
0,0,BAU,,INORG_RCY_OS,RM,,2043,,,,,,,1.0,,,,,,,,,,,,,,
0,0,BAU,,INORG_RCY_OS,RM,,2044,,,,,,,1.0,,,,,,,,,,,,,,
0,0,BAU,,INORG_RCY_OS,RM,,2045,,,,,,,1.0,,,,,,,,,,,,,,
0,0,BAU,,INORG_RCY_OS,RM,,2046,,,,,,,1.0,,,,,,,,,,,,,,
0,0,BAU,,INORG_RCY_OS,RM,,2047,,,,,,,1.0,,,,,,,,,,,,,,
0,0,BAU,,INORG_RCY_OS,RM,,2048,,,,,,,1.0,,,,,,,,,,,,,,
0,0,BAU,,INORG_RCY_OS,RM,,2049,,,,,,,1.0,,,,,,,,,,,,,,
0,0,BAU,,INORG_RCY_OS,RM,,2050,,,,,,,1.0,,,,,,,,,,,,,,
0,0,BAU,,COMPOST,FERT_ORG,,2018,,,,,,,1.0,,,,,,,,,,,,,,
0,0,BAU,,COMPOST,FERT_ORG,,2019,,,,,,,1.0,,,,,,,,,,,,,,
0,0,BAU,,COMPOST,FERT_ORG,,2020,,,,,,,1.0,,,,,,,,,,,,,,
0,0,BAU,,COMPOST,FERT_ORG,,2021,,,,,,,1.0,,,,,,,,,,,,,,
0,0,BAU,,COMPOST,FERT_ORG,,2022,,,,,,,1.0,,,,,,,,,,,,,,
0,0,BAU,,COMPOST,FERT_ORG,,2023,,,,,,,1.0,,,,,,,,,,,,,,
0,0,BAU,,COMPOST,FERT_ORG,,2024,,,,,,,1.0,,,,,,,,,,,,,,
0,0,BAU,,COMPOST,FERT_ORG,,2025,,,,,,,1.0,,,,,,,,,,,,,,
0,0,BAU,,COMPOST,FERT_ORG,,2026,,,,,,,1.0,,,,,,,,,,,,,,
0,0,BAU,,COMPOST,FERT_ORG,,2027,,,,,,,1.0,,,,,,,,,,,,,,
0,0,BAU,,COMPOST,FERT_ORG,,2028,,,,,,,1.0,,,,,,,,,,,,,,
0,0,BAU,,COMPOST,FERT_ORG,,2029,,,,,,,1.0,,,,,,,,,,,,,,
0,0,BAU,,COMPOST,FERT_ORG,,2030,,,,,,,1.0,,,,,,,,,,,,,,
0,0,BAU,,COMPOST,FERT_ORG,,2031,,,,,,,1.0,,,,,,,,,,,,,,
0,0,BAU,,COMPOST,FERT_ORG,,2032,,,,,,,1.0,,,,,,,,,,,,,,
0,0,BAU,,COMPOST,FERT_ORG,,2033,,,,,,,1.0,,,,,,,,,,,,,,
0,0,BAU,,COMPOST,FERT_ORG,,2034,,,,,,,1.0,,,,,,,,,,,,,,
0,0,BAU,,COMPOST,FERT_ORG,,2035,,,,,,,1.0,,,,,,,,,,,,,,
0,0,BAU,,COMPOST,FERT_ORG,,2036,,,,,,,1.0,,,,,,,,,,,,,,
0,0,BAU,,COMPOST,FERT_ORG,,2037,,,,,,,1.0,,,,,,,,,,,,,,
0,0,BAU,,COMPOST,FERT_ORG,,2038,,,,,,,1.0,,,,,,,,,,,,,,
0,0,BAU,,COMPOST,FERT_ORG,,2039,,,,,,,1.0,,,,,,,,,,,,,,
0,0,BAU,,COMPOST,FERT_ORG,,2040,,,,,,,1.0,,,,,,,,,,,,,,
0,0,BAU,,COMPOST,FERT_ORG,,2041,,,,,,,1.0,,,,,,,,,,,,,,
0,0,BAU,,COMPOST,FERT_ORG,,2042,,,,,,,1.0,,,,,,,,,,,,,,
0,0,BAU,,COMPOST,FERT_ORG,,2043,,,,,,,1.0,,,,,,,,,,,,,,
0,0,BAU,,COMPOST,FERT_ORG,,2044,,,,,,,1.0,,,,,,,,,,,,,,
0,0,BAU,,COMPOST,FERT_ORG,,2045,,,,,,,1.0,,,,,,,,,,,,,,
0,0,BAU,,COMPOST,FERT_ORG,,2046,,,,,,,1.0,,,,,,,,,,,,,,
0,0,BAU,,COMPOST,FERT_ORG,,2047,,,,,,,1.0,,,,,,,,,,,,,,
0,0,BAU,,COMPOST,FERT_ORG,,2048,,,,,,,1.0,,,,,,,,,,,,,,
0,0,BAU,,COMPOST,FERT_ORG,,2049,,,,,,,1.0,,,,,,,,,,,,,,
0,0,BAU,,COMPOST,FERT_ORG,,2050,,,,,,,1.0,,,,,,,,,,,,,,
0,0,BAU,,AD,FERT_ORG,,2018,,,,,,,1.0,,,,,,,,,,,,,,
0,0,BAU,,AD,FERT_ORG,,2019,,,,,,,1.0,,,,,,,,,,,,,,
0,0,BAU,,AD,FERT_ORG,,2020,,,,,,,1.0,,,,,,,,,,,,,,
0,0,BAU,,AD,FERT_ORG,,2021,,,,,,,1.0,,,,,,,,,,,,,,
0,0,BAU,,AD,FERT_ORG,,2022,,,,,,,1.0,,,,,,,,,,,,,,
0,0,BAU,,AD,FERT_ORG,,2023,,,,,,,1.0,,,,,,,,,,,,,,
0,0,BAU,,AD,FERT_ORG,,2024,,,,,,,1.0,,,,,,,,,,,,,,
0,0,BAU,,AD,FERT_ORG,,2025,,,,,,,1.0,,,,,,,,,,,,,,
0,0,BAU,,AD,FERT_ORG,,2026,,,,,,,1.0,,,,,,,,,,,,,,
0,0,BAU,,AD,FERT_ORG,,2027,,,,,,,1.0,,,,,,,,,,,,,,
0,0,BAU,,AD,FERT_ORG,,2028,,,,,,,1.0,,,,,,,,,,,,,,
0,0,BAU,,AD,FERT_ORG,,2029,,,,,,,1.0,,,,,,,,,,,,,,
0,0,BAU,,AD,FERT_ORG,,2030,,,,,,,1.0,,,,,,,,,,,,,,
0,0,BAU,,AD,FERT_ORG,,2031,,,,,,,1.0,,,,,,,,,,,,,,
0,0,BAU,,AD,FERT_ORG,,2032,,,,,,,1.0,,,,,,,,,,,,,,
0,0,BAU,,AD,FERT_ORG,,2033,,,,,,,1.0,,,,,,,,,,,,,,
0,0,BAU,,AD,FERT_ORG,,2034,,,,,,,1.0,,,,,,,,,,,,,,
0,0,BAU,,AD,FERT_ORG,,2035,,,,,,,1.0,,,,,,,,,,,,,,
0,0,BAU,,AD,FERT_ORG,,2036,,,,,,,1.0,,,,,,,,,,,,,,
0,0,BAU,,AD,FERT_ORG,,2037,,,,,,,1.0,,,,,,,,,,,,,,
0,0,BAU,,AD,FERT_ORG,,2038,,,,,,,1.0,,,,,,,,,,,,,,
0,0,BAU,,AD,FERT_ORG,,2039,,,,,,,1.0,,,,,,,,,,,,,,
0,0,BAU,,AD,FERT_ORG,,2040,,,,,,,1.0,,,,,,,,,,,,,,
0,0,BAU,,AD,FERT_ORG,,2041,,,,,,,1.0,,,,,,,,,,,,,,
0,0,BAU,,AD,FERT_ORG,,2042,,,,,,,1.0,,,,,,,,,,,,,,
0,0,BAU,,AD,FERT_ORG,,2043,,,,,,,1.0,,,,,,,,,,,,,,
0,0,BAU,,AD,FERT_ORG,,2044,,,,,,,1.0,,,,,,,,,,,,,,
0,0,BAU,,AD,FERT_ORG,,2045,,,,,,,1.0,,,,,,,,,,,,,,
0,0,BAU,,AD,FERT_ORG,,2046,,,,,,,1.0,,,,,,,,,,,,,,
0,0,BAU,,AD,FERT_ORG,,2047,,,,,,,1.0,,,,,,,,,,,,,,
0,0,BAU,,AD,FERT_ORG,,2048,,,,,,,1.0,,,,,,,,,,,,,,
0,0,BAU,,AD,FERT_ORG,,2049,,,,,,,1.0,,,,,,,,,,,,,,
0,0,BAU,,AD,FERT_ORG,,2050,,,,,,,1.0,,,,,,,,,,,,,,
0,0,BAU,,NO_CONTR_OD,salud_residuos,,2018,,,,,,,1.0,,,,,,,,,,,,,,
0,0,BAU,,NO_CONTR_OD,salud_residuos,,2019,,,,,,,1.0,,,,,,,,,,,,,,
0,0,BAU,,NO_CONTR_OD,salud_residuos,,2020,,,,,,,1.0,,,,,,,,,,,,,,
0,0,BAU,,NO_CONTR_OD,salud_residuos,,2021,,,,,,,1.0,,,,,,,,,,,,,,
0,0,BAU,,NO_CONTR_OD,salud_residuos,,2022,,,,,,,1.0,,,,,,,,,,,,,,
0,0,BAU,,NO_CONTR_OD,salud_residuos,,2023,,,,,,,1.0,,,,,,,,,,,,,,
0,0,BAU,,NO_CONTR_OD,salud_residuos,,2024,,,,,,,1.0,,,,,,,,,,,,,,
0,0,BAU,,NO_CONTR_OD,salud_residuos,,2025,,,,,,,1.0,,,,,,,,,,,,,,
0,0,BAU,,NO_CONTR_OD,salud_residuos,,2026,,,,,,,1.0,,,,,,,,,,,,,,
0,0,BAU,,NO_CONTR_OD,salud_residuos,,2027,,,,,,,1.0,,,,,,,,,,,,,,
0,0,BAU,,NO_CONTR_OD,salud_residuos,,2028,,,,,,,1.0,,,,,,,,,,,,,,
0,0,BAU,,NO_CONTR_OD,salud_residuos,,2029,,,,,,,1.0,,,,,,,,,,,,,,
0,0,BAU,,NO_CONTR_OD,salud_residuos,,2030,,,,,,,1.0,,,,,,,,,,,,,,
0,0,BAU,,NO_CONTR_OD,salud_residuos,,2031,,,,,,,1.0,,,,,,,,,,,,,,
0,0,BAU,,NO_CONTR_OD,salud_residuos,,2032,,,,,,,1.0,,,,,,,,,,,,,,
0,0,BAU,,NO_CONTR_OD,salud_residuos,,2033,,,,,,,1.0,,,,,,,,,,,,,,
0,0,BAU,,NO_CONTR_OD,salud_residuos,,2034,,,,,,,1.0,,,,,,,,,,,,,,
0,0,BAU,,NO_CONTR_OD,salud_residuos,,2035,,,,,,,1.0,,,,,,,,,,,,,,
0,0,BAU,,NO_CONTR_OD,salud_residuos,,2036,,,,,,,1.0,,,,,,,,,,,,,,
0,0,BAU,,NO_CONTR_OD,salud_residuos,,2037,,,,,,,1.0,,,,,,,,,,,,,,
0,0,BAU,,NO_CONTR_OD,salud_residuos,,2038,,,,,,,1.0,,,,,,,,,,,,,,
0,0,BAU,,NO_CONTR_OD,salud_residuos,,2039,,,,,,,1.0,,,,,,,,,,,,,,
0,0,BAU,,NO_CONTR_OD,salud_residuos,,2040,,,,,,,1.0,,,,,,,,,,,,,,
0,0,BAU,,NO_CONTR_OD,salud_residuos,,2041,,,,,,,1.0,,,,,,,,,,,,,,
0,0,BAU,,NO_CONTR_OD,salud_residuos,,2042,,,,,,,1.0,,,,,,,,,,,,,,
0,0,BAU,,NO_CONTR_OD,salud_residuos,,2043,,,,,,,1.0,,,,,,,,,,,,,,
0,0,BAU,,NO_CONTR_OD,salud_residuos,,2044,,,,,,,1.0,,,,,,,,,,,,,,
0,0,BAU,,NO_CONTR_OD,salud_residuos,,2045,,,,,,,1.0,,,,,,,,,,,,,,
0,0,BAU,,NO_CONTR_OD,salud_residuos,,2046,,,,,,,1.0,,,,,,,,,,,,,,
0,0,BAU,,NO_CONTR_OD,salud_residuos,,2047,,,,,,,1.0,,,,,,,,,,,,,,
0,0,BAU,,NO_CONTR_OD,salud_residuos,,2048,,,,,,,1.0,,,,,,,,,,,,,,
0,0,BAU,,NO_CONTR_OD,salud_residuos,,2049,,,,,,,1.0,,,,,,,,,,,,,,
0,0,BAU,,NO_CONTR_OD,salud_residuos,,2050,,,,,,,1.0,,,,,,,,,,,,,,
0,0,BAU,,NO_CONTR_OD,contam_agua,,2018,,,,,,,1.0,,,,,,,,,,,,,,
0,0,BAU,,NO_CONTR_OD,contam_agua,,2019,,,,,,,1.0,,,,,,,,,,,,,,
0,0,BAU,,NO_CONTR_OD,contam_agua,,2020,,,,,,,1.0,,,,,,,,,,,,,,
0,0,BAU,,NO_CONTR_OD,contam_agua,,2021,,,,,,,1.0,,,,,,,,,,,,,,
0,0,BAU,,NO_CONTR_OD,contam_agua,,2022,,,,,,,1.0,,,,,,,,,,,,,,
0,0,BAU,,NO_CONTR_OD,contam_agua,,2023,,,,,,,1.0,,,,,,,,,,,,,,
0,0,BAU,,NO_CONTR_OD,contam_agua,,2024,,,,,,,1.0,,,,,,,,,,,,,,
0,0,BAU,,NO_CONTR_OD,contam_agua,,2025,,,,,,,1.0,,,,,,,,,,,,,,
0,0,BAU,,NO_CONTR_OD,contam_agua,,2026,,,,,,,1.0,,,,,,,,,,,,,,
0,0,BAU,,NO_CONTR_OD,contam_agua,,2027,,,,,,,1.0,,,,,,,,,,,,,,
0,0,BAU,,NO_CONTR_OD,contam_agua,,2028,,,,,,,1.0,,,,,,,,,,,,,,
0,0,BAU,,NO_CONTR_OD,contam_agua,,2029,,,,,,,1.0,,,,,,,,,,,,,,
0,0,BAU,,NO_CONTR_OD,contam_agua,,2030,,,,,,,1.0,,,,,,,,,,,,,,
0,0,BAU,,NO_CONTR_OD,contam_agua,,2031,,,,,,,1.0,,,,,,,,,,,,,,
0,0,BAU,,NO_CONTR_OD,contam_agua,,2032,,,,,,,1.0,,,,,,,,,,,,,,
0,0,BAU,,NO_CONTR_OD,contam_agua,,2033,,,,,,,1.0,,,,,,,,,,,,,,
0,0,BAU,,NO_CONTR_OD,contam_agua,,2034,,,,,,,1.0,,,,,,,,,,,,,,
0,0,BAU,,NO_CONTR_OD,contam_agua,,2035,,,,,,,1.0,,,,,,,,,,,,,,
0,0,BAU,,NO_CONTR_OD,contam_agua,,2036,,,,,,,1.0,,,,,,,,,,,,,,
0,0,BAU,,NO_CONTR_OD,contam_agua,,2037,,,,,,,1.0,,,,,,,,,,,,,,
0,0,BAU,,NO_CONTR_OD,contam_agua,,2038,,,,,,,1.0,,,,,,,,,,,,,,
0,0,BAU,,NO_CONTR_OD,contam_agua,,2039,,,,,,,1.0,,,,,,,,,,,,,,
0,0,BAU,,NO_CONTR_OD,contam_agua,,2040,,,,,,,1.0,,,,,,,,,,,,,,
0,0,BAU,,NO_CONTR_OD,contam_agua,,2041,,,,,,,1.0,,,,,,,,,,,,,,
0,0,BAU,,NO_CONTR_OD,contam_agua,,2042,,,,,,,1.0,,,,,,,,,,,,,,
0,0,BAU,,NO_CONTR_OD,contam_agua,,2043,,,,,,,1.0,,,,,,,,,,,,,,
0,0,BAU,,NO_CONTR_OD,contam_agua,,2044,,,,,,,1.0,,,,,,,,,,,,,,
0,0,BAU,,NO_CONTR_OD,contam_agua,,2045,,,,,,,1.0,,,,,,,,,,,,,,
0,0,BAU,,NO_CONTR_OD,contam_agua,,2046,,,,,,,1.0,,,,,,,,,,,,,,
0,0,BAU,,NO_CONTR_OD,contam_agua,,2047,,,,,,,1.0,,,,,,,,,,,,,,
0,0,BAU,,NO_CONTR_OD,contam_agua,,2048,,,,,,,1.0,,,,,,,,,,,,,,
0,0,BAU,,NO_CONTR_OD,contam_agua,,2049,,,,,,,1.0,,,,,,,,,,,,,,
0,0,BAU,,NO_CONTR_OD,contam_agua,,2050,,,,,,,1.0,,,,,,,,,,,,,,
0,0,BAU,,OPEN_BURN,salud_residuos,,2018,,,,,,,1.0,,,,,,,,,,,,,,
0,0,BAU,,OPEN_BURN,salud_residuos,,2019,,,,,,,1.0,,,,,,,,,,,,,,
0,0,BAU,,OPEN_BURN,salud_residuos,,2020,,,,,,,1.0,,,,,,,,,,,,,,
0,0,BAU,,OPEN_BURN,salud_residuos,,2021,,,,,,,1.0,,,,,,,,,,,,,,
0,0,BAU,,OPEN_BURN,salud_residuos,,2022,,,,,,,1.0,,,,,,,,,,,,,,
0,0,BAU,,OPEN_BURN,salud_residuos,,2023,,,,,,,1.0,,,,,,,,,,,,,,
0,0,BAU,,OPEN_BURN,salud_residuos,,2024,,,,,,,1.0,,,,,,,,,,,,,,
0,0,BAU,,OPEN_BURN,salud_residuos,,2025,,,,,,,1.0,,,,,,,,,,,,,,
0,0,BAU,,OPEN_BURN,salud_residuos,,2026,,,,,,,1.0,,,,,,,,,,,,,,
0,0,BAU,,OPEN_BURN,salud_residuos,,2027,,,,,,,1.0,,,,,,,,,,,,,,
0,0,BAU,,OPEN_BURN,salud_residuos,,2028,,,,,,,1.0,,,,,,,,,,,,,,
0,0,BAU,,OPEN_BURN,salud_residuos,,2029,,,,,,,1.0,,,,,,,,,,,,,,
0,0,BAU,,OPEN_BURN,salud_residuos,,2030,,,,,,,1.0,,,,,,,,,,,,,,
0,0,BAU,,OPEN_BURN,salud_residuos,,2031,,,,,,,1.0,,,,,,,,,,,,,,
0,0,BAU,,OPEN_BURN,salud_residuos,,2032,,,,,,,1.0,,,,,,,,,,,,,,
0,0,BAU,,OPEN_BURN,salud_residuos,,2033,,,,,,,1.0,,,,,,,,,,,,,,
0,0,BAU,,OPEN_BURN,salud_residuos,,2034,,,,,,,1.0,,,,,,,,,,,,,,
0,0,BAU,,OPEN_BURN,salud_residuos,,2035,,,,,,,1.0,,,,,,,,,,,,,,
0,0,BAU,,OPEN_BURN,salud_residuos,,2036,,,,,,,1.0,,,,,,,,,,,,,,
0,0,BAU,,OPEN_BURN,salud_residuos,,2037,,,,,,,1.0,,,,,,,,,,,,,,
0,0,BAU,,OPEN_BURN,salud_residuos,,2038,,,,,,,1.0,,,,,,,,,,,,,,
0,0,BAU,,OPEN_BURN,salud_residuos,,2039,,,,,,,1.0,,,,,,,,,,,,,,
0,0,BAU,,OPEN_BURN,salud_residuos,,2040,,,,,,,1.0,,,,,,,,,,,,,,
0,0,BAU,,OPEN_BURN,salud_residuos,,2041,,,,,,,1.0,,,,,,,,,,,,,,
0,0,BAU,,OPEN_BURN,salud_residuos,,2042,,,,,,,1.0,,,,,,,,,,,,,,
0,0,BAU,,OPEN_BURN,salud_residuos,,2043,,,,,,,1.0,,,,,,,,,,,,,,
0,0,BAU,,OPEN_BURN,salud_residuos,,2044,,,,,,,1.0,,,,,,,,,,,,,,
0,0,BAU,,OPEN_BURN,salud_residuos,,2045,,,,,,,1.0,,,,,,,,,,,,,,
0,0,BAU,,OPEN_BURN,salud_residuos,,2046,,,,,,,1.0,,,,,,,,,,,,,,
0,0,BAU,,OPEN_BURN,salud_residuos,,2047,,,,,,,1.0,,,,,,,,,,,,,,
0,0,BAU,,OPEN_BURN,salud_residuos,,2048,,,,,,,1.0,,,,,,,,,,,,,,
0,0,BAU,,OPEN_BURN,salud_residuos,,2049,,,,,,,1.0,,,,,,,,,,,,,,
0,0,BAU,,OPEN_BURN,salud_residuos,,2050,,,,,,,1.0,,,,,,,,,,,,,,
0,0,BAU,,SIT_CLAN,salud_residuos,,2018,,,,,,,1.0,,,,,,,,,,,,,,
0,0,BAU,,SIT_CLAN,salud_residuos,,2019,,,,,,,1.0,,,,,,,,,,,,,,
0,0,BAU,,SIT_CLAN,salud_residuos,,2020,,,,,,,1.0,,,,,,,,,,,,,,
0,0,BAU,,SIT_CLAN,salud_residuos,,2021,,,,,,,1.0,,,,,,,,,,,,,,
0,0,BAU,,SIT_CLAN,salud_residuos,,2022,,,,,,,1.0,,,,,,,,,,,,,,
0,0,BAU,,SIT_CLAN,salud_residuos,,2023,,,,,,,1.0,,,,,,,,,,,,,,
0,0,BAU,,SIT_CLAN,salud_residuos,,2024,,,,,,,1.0,,,,,,,,,,,,,,
0,0,BAU,,SIT_CLAN,salud_residuos,,2025,,,,,,,1.0,,,,,,,,,,,,,,
0,0,BAU,,SIT_CLAN,salud_residuos,,2026,,,,,,,1.0,,,,,,,,,,,,,,
0,0,BAU,,SIT_CLAN,salud_residuos,,2027,,,,,,,1.0,,,,,,,,,,,,,,
0,0,BAU,,SIT_CLAN,salud_residuos,,2028,,,,,,,1.0,,,,,,,,,,,,,,
0,0,BAU,,SIT_CLAN,salud_residuos,,2029,,,,,,,1.0,,,,,,,,,,,,,,
0,0,BAU,,SIT_CLAN,salud_residuos,,2030,,,,,,,1.0,,,,,,,,,,,,,,
0,0,BAU,,SIT_CLAN,salud_residuos,,2031,,,,,,,1.0,,,,,,,,,,,,,,
0,0,BAU,,SIT_CLAN,salud_residuos,,2032,,,,,,,1.0,,,,,,,,,,,,,,
0,0,BAU,,SIT_CLAN,salud_residuos,,2033,,,,,,,1.0,,,,,,,,,,,,,,
0,0,BAU,,SIT_CLAN,salud_residuos,,2034,,,,,,,1.0,,,,,,,,,,,,,,
0,0,BAU,,SIT_CLAN,salud_residuos,,2035,,,,,,,1.0,,,,,,,,,,,,,,
0,0,BAU,,SIT_CLAN,salud_residuos,,2036,,,,,,,1.0,,,,,,,,,,,,,,
0,0,BAU,,SIT_CLAN,salud_residuos,,2037,,,,,,,1.0,,,,,,,,,,,,,,
0,0,BAU,,SIT_CLAN,salud_residuos,,2038,,,,,,,1.0,,,,,,,,,,,,,,
0,0,BAU,,SIT_CLAN,salud_residuos,,2039,,,,,,,1.0,,,,,,,,,,,,,,
0,0,BAU,,SIT_CLAN,salud_residuos,,2040,,,,,,,1.0,,,,,,,,,,,,,,
0,0,BAU,,SIT_CLAN,salud_residuos,,2041,,,,,,,1.0,,,,,,,,,,,,,,
0,0,BAU,,SIT_CLAN,salud_residuos,,2042,,,,,,,1.0,,,,,,,,,,,,,,
0,0,BAU,,SIT_CLAN,salud_residuos,,2043,,,,,,,1.0,,,,,,,,,,,,,,
0,0,BAU,,SIT_CLAN,salud_residuos,,2044,,,,,,,1.0,,,,,,,,,,,,,,
0,0,BAU,,SIT_CLAN,salud_residuos,,2045,,,,,,,1.0,,,,,,,,,,,,,,
0,0,BAU,,SIT_CLAN,salud_residuos,,2046,,,,,,,1.0,,,,,,,,,,,,,,
0,0,BAU,,SIT_CLAN,salud_residuos,,2047,,,,,,,1.0,,,,,,,,,,,,,,
0,0,BAU,,SIT_CLAN,salud_residuos,,2048,,,,,,,1.0,,,,,,,,,,,,,,
0,0,BAU,,SIT_CLAN,salud_residuos,,2049,,,,,,,1.0,,,,,,,,,,,,,,
0,0,BAU,,SIT_CLAN,salud_residuos,,2050,,,,,,,1.0,,,,,,,,,,,,,,
0,0,BAU,,SIT_CLAN,contam_agua,,2018,,,,,,,1.0,,,,,,,,,,,,,,
0,0,BAU,,SIT_CLAN,contam_agua,,2019,,,,,,,1.0,,,,,,,,,,,,,,
0,0,BAU,,SIT_CLAN,contam_agua,,2020,,,,,,,1.0,,,,,,,,,,,,,,
0,0,BAU,,SIT_CLAN,contam_agua,,2021,,,,,,,1.0,,,,,,,,,,,,,,
0,0,BAU,,SIT_CLAN,contam_agua,,2022,,,,,,,1.0,,,,,,,,,,,,,,
0,0,BAU,,SIT_CLAN,contam_agua,,2023,,,,,,,1.0,,,,,,,,,,,,,,
0,0,BAU,,SIT_CLAN,contam_agua,,2024,,,,,,,1.0,,,,,,,,,,,,,,
0,0,BAU,,SIT_CLAN,contam_agua,,2025,,,,,,,1.0,,,,,,,,,,,,,,
0,0,BAU,,SIT_CLAN,contam_agua,,2026,,,,,,,1.0,,,,,,,,,,,,,,
0,0,BAU,,SIT_CLAN,contam_agua,,2027,,,,,,,1.0,,,,,,,,,,,,,,
0,0,BAU,,SIT_CLAN,contam_agua,,2028,,,,,,,1.0,,,,,,,,,,,,,,
0,0,BAU,,SIT_CLAN,contam_agua,,2029,,,,,,,1.0,,,,,,,,,,,,,,
0,0,BAU,,SIT_CLAN,contam_agua,,2030,,,,,,,1.0,,,,,,,,,,,,,,
0,0,BAU,,SIT_CLAN,contam_agua,,2031,,,,,,,1.0,,,,,,,,,,,,,,
0,0,BAU,,SIT_CLAN,contam_agua,,2032,,,,,,,1.0,,,,,,,,,,,,,,
0,0,BAU,,SIT_CLAN,contam_agua,,2033,,,,,,,1.0,,,,,,,,,,,,,,
0,0,BAU,,SIT_CLAN,contam_agua,,2034,,,,,,,1.0,,,,,,,,,,,,,,
0,0,BAU,,SIT_CLAN,contam_agua,,2035,,,,,,,1.0,,,,,,,,,,,,,,
0,0,BAU,,SIT_CLAN,contam_agua,,2036,,,,,,,1.0,,,,,,,,,,,,,,
0,0,BAU,,SIT_CLAN,contam_agua,,2037,,,,,,,1.0,,,,,,,,,,,,,,
0,0,BAU,,SIT_CLAN,contam_agua,,2038,,,,,,,1.0,,,,,,,,,,,,,,
0,0,BAU,,SIT_CLAN,contam_agua,,2039,,,,,,,1.0,,,,,,,,,,,,,,
0,0,BAU,,SIT_CLAN,contam_agua,,2040,,,,,,,1.0,,,,,,,,,,,,,,
0,0,BAU,,SIT_CLAN,contam_agua,,2041,,,,,,,1.0,,,,,,,,,,,,,,
0,0,BAU,,SIT_CLAN,contam_agua,,2042,,,,,,,1.0,,,,,,,,,,,,,,
0,0,BAU,,SIT_CLAN,contam_agua,,2043,,,,,,,1.0,,,,,,,,,,,,,,
0,0,BAU,,SIT_CLAN,contam_agua,,2044,,,,,,,1.0,,,,,,,,,,,,,,
0,0,BAU,,SIT_CLAN,contam_agua,,2045,,,,,,,1.0,,,,,,,,,,,,,,
0,0,BAU,,SIT_CLAN,contam_agua,,2046,,,,,,,1.0,,,,,,,,,,,,,,
0,0,BAU,,SIT_CLAN,contam_agua,,2047,,,,,,,1.0,,,,,,,,,,,,,,
0,0,BAU,,SIT_CLAN,contam_agua,,2048,,,,,,,1.0,,,,,,,,,,,,,,
0,0,BAU,,SIT_CLAN,contam_agua,,2049,,,,,,,1.0,,,,,,,,,,,,,,
0,0,BAU,,SIT_CLAN,contam_agua,,2050,,,,,,,1.0,,,,,,,,,,,,,,
0,0,BAU,,SIT_CLAN,turismo_residuos,,2018,,,,,,,1.0,,,,,,,,,,,,,,
0,0,BAU,,SIT_CLAN,turismo_residuos,,2019,,,,,,,1.0,,,,,,,,,,,,,,
0,0,BAU,,SIT_CLAN,turismo_residuos,,2020,,,,,,,1.0,,,,,,,,,,,,,,
0,0,BAU,,SIT_CLAN,turismo_residuos,,2021,,,,,,,1.0,,,,,,,,,,,,,,
0,0,BAU,,SIT_CLAN,turismo_residuos,,2022,,,,,,,1.0,,,,,,,,,,,,,,
0,0,BAU,,SIT_CLAN,turismo_residuos,,2023,,,,,,,1.0,,,,,,,,,,,,,,
0,0,BAU,,SIT_CLAN,turismo_residuos,,2024,,,,,,,1.0,,,,,,,,,,,,,,
0,0,BAU,,SIT_CLAN,turismo_residuos,,2025,,,,,,,1.0,,,,,,,,,,,,,,
0,0,BAU,,SIT_CLAN,turismo_residuos,,2026,,,,,,,1.0,,,,,,,,,,,,,,
0,0,BAU,,SIT_CLAN,turismo_residuos,,2027,,,,,,,1.0,,,,,,,,,,,,,,
0,0,BAU,,SIT_CLAN,turismo_residuos,,2028,,,,,,,1.0,,,,,,,,,,,,,,
0,0,BAU,,SIT_CLAN,turismo_residuos,,2029,,,,,,,1.0,,,,,,,,,,,,,,
0,0,BAU,,SIT_CLAN,turismo_residuos,,2030,,,,,,,1.0,,,,,,,,,,,,,,
0,0,BAU,,SIT_CLAN,turismo_residuos,,2031,,,,,,,1.0,,,,,,,,,,,,,,
0,0,BAU,,SIT_CLAN,turismo_residuos,,2032,,,,,,,1.0,,,,,,,,,,,,,,
0,0,BAU,,SIT_CLAN,turismo_residuos,,2033,,,,,,,1.0,,,,,,,,,,,,,,
0,0,BAU,,SIT_CLAN,turismo_residuos,,2034,,,,,,,1.0,,,,,,,,,,,,,,
0,0,BAU,,SIT_CLAN,turismo_residuos,,2035,,,,,,,1.0,,,,,,,,,,,,,,
0,0,BAU,,SIT_CLAN,turismo_residuos,,2036,,,,,,,1.0,,,,,,,,,,,,,,
0,0,BAU,,SIT_CLAN,turismo_residuos,,2037,,,,,,,1.0,,,,,,,,,,,,,,
0,0,BAU,,SIT_CLAN,turismo_residuos,,2038,,,,,,,1.0,,,,,,,,,,,,,,
0,0,BAU,,SIT_CLAN,turismo_residuos,,2039,,,,,,,1.0,,,,,,,,,,,,,,
0,0,BAU,,SIT_CLAN,turismo_residuos,,2040,,,,,,,1.0,,,,,,,,,,,,,,
0,0,BAU,,SIT_CLAN,turismo_residuos,,2041,,,,,,,1.0,,,,,,,,,,,,,,
0,0,BAU,,SIT_CLAN,turismo_residuos,,2042,,,,,,,1.0,,,,,,,,,,,,,,
0,0,BAU,,SIT_CLAN,turismo_residuos,,2043,,,,,,,1.0,,,,,,,,,,,,,,
0,0,BAU,,SIT_CLAN,turismo_residuos,,2044,,,,,,,1.0,,,,,,,,,,,,,,
0,0,BAU,,SIT_CLAN,turismo_residuos,,2045,,,,,,,1.0,,,,,,,,,,,,,,
0,0,BAU,,SIT_CLAN,turismo_residuos,,2046,,,,,,,1.0,,,,,,,,,,,,,,
0,0,BAU,,SIT_CLAN,turismo_residuos,,2047,,,,,,,1.0,,,,,,,,,,,,,,
0,0,BAU,,SIT_CLAN,turismo_residuos,,2048,,,,,,,1.0,,,,,,,,,,,,,,
0,0,BAU,,SIT_CLAN,turismo_residuos,,2049,,,,,,,1.0,,,,,,,,,,,,,,
0,0,BAU,,SIT_CLAN,turismo_residuos,,2050,,,,,,,1.0,,,,,,,,,,,,,,
0,0,BAU,,INORG_RCY_OS,,,2018,,,,,,,,75.0,38.0,,,,,0.2233,0.2233,,,,,,
0,0,BAU,,INORG_RCY_OS,,,2019,,,,,,,,75.0,38.0,,,,,0.224,0.224,,,,,,
0,0,BAU,,INORG_RCY_OS,,,2020,,,,,,,,75.0,38.0,,,,,0.2317,0.2317,,,,,,
0,0,BAU,,INORG_RCY_OS,,,2021,,,,,,,,75.0,38.0,,,,,0.2394,0.2394,,,,,,
0,0,BAU,,INORG_RCY_OS,,,2022,,,,,,,,75.0,38.0,,,,,0.2443,0.2443,,,,,,
0,0,BAU,,INORG_RCY_OS,,,2023,,,,,,,,75.0,38.0,,,,,0.2532,0.2532,,,,,,
0,0,BAU,,INORG_RCY_OS,,,2024,,,,,,,,75.0,38.0,,,,,0.2605,0.2605,,,,,,
0,0,BAU,,INORG_RCY_OS,,,2025,,,,,,,,75.0,38.0,,,,,0.2678,0.2678,,,,,,
0,0,BAU,,INORG_RCY_OS,,,2026,,,,,,,,75.0,38.0,,,,,0.2747,0.2747,,,,,,
0,0,BAU,,INORG_RCY_OS,,,2027,,,,,,,,75.0,38.0,,,,,0.2816,0.2816,,,,,,
0,0,BAU,,INORG_RCY_OS,,,2028,,,,,,,,75.0,38.0,,,,,0.289,0.289,,,,,,
0,0,BAU,,INORG_RCY_OS,,,2029,,,,,,,,75.0,38.0,,,,,0.296,0.296,,,,,,
0,0,BAU,,INORG_RCY_OS,,,2030,,,,,,,,75.0,38.0,,,,,0.3029,0.3029,,,,,,
0,0,BAU,,INORG_RCY_OS,,,2031,,,,,,,,75.0,38.0,,,,,0.3092,0.3092,,,,,,
0,0,BAU,,INORG_RCY_OS,,,2032,,,,,,,,75.0,38.0,,,,,0.3156,0.3156,,,,,,
0,0,BAU,,INORG_RCY_OS,,,2033,,,,,,,,75.0,38.0,,,,,0.3221,0.3221,,,,,,
0,0,BAU,,INORG_RCY_OS,,,2034,,,,,,,,75.0,38.0,,,,,0.3287,0.3287,,,,,,
0,0,BAU,,INORG_RCY_OS,,,2035,,,,,,,,75.0,38.0,,,,,0.3353,0.3353,,,,,,
0,0,BAU,,INORG_RCY_OS,,,2036,,,,,,,,75.0,38.0,,,,,0.3409,0.3409,,,,,,
0,0,BAU,,INORG_RCY_OS,,,2037,,,,,,,,75.0,38.0,,,,,0.3466,0.3466,,,,,,
0,0,BAU,,INORG_RCY_OS,,,2038,,,,,,,,75.0,38.0,,,,,0.3524,0.3524,,,,,,
0,0,BAU,,INORG_RCY_OS,,,2039,,,,,,,,75.0,38.0,,,,,0.3582,0.3582,,,,,,
0,0,BAU,,INORG_RCY_OS,,,2040,,,,,,,,75.0,38.0,,,,,0.3641,0.3641,,,,,,
0,0,BAU,,INORG_RCY_OS,,,2041,,,,,,,,75.0,38.0,,,,,0.3688,0.3688,,,,,,
0,0,BAU,,INORG_RCY_OS,,,2042,,,,,,,,75.0,38.0,,,,,0.3736,0.3736,,,,,,
0,0,BAU,,INORG_RCY_OS,,,2043,,,,,,,,75.0,38.0,,,,,0.3785,0.3785,,,,,,
0,0,BAU,,INORG_RCY_OS,,,2044,,,,,,,,75.0,38.0,,,,,0.3834,0.3834,,,,,,
0,0,BAU,,INORG_RCY_OS,,,2045,,,,,,,,75.0,38.0,,,,,0.3884,0.3884,,,,,,
0,0,BAU,,INORG_RCY_OS,,,2046,,,,,,,,75.0,38.0,,,,,0.3922,0.3922,,,,,,
0,0,BAU,,INORG_RCY_OS,,,2047,,,,,,,,75.0,38.0,,,,,0.3961,0.3961,,,,,,
0,0,BAU,,INORG_RCY_OS,,,2048,,,,,,,,75.0,38.0,,,,,0.4,0.4,,,,,,
0,0,BAU,,INORG_RCY_OS,,,2049,,,,,,,,75.0,38.0,,,,,0.4039,0.4039,,,,,,
0,0,BAU,,INORG_RCY_OS,,,2050,,,,,,,,75.0,38.0,,,,,0.4078,0.4078,,,,,,
0,0,BAU,,AD,,,2018,,,,,,,,250.0,60.0,,,,,0.0,0.0,,,,,,
0,0,BAU,,AD,,,2019,,,,,,,,250.0,60.0,,,,,0.0,0.0,,,,,,
0,0,BAU,,AD,,,2020,,,,,,,,250.0,60.0,,,,,0.0,0.0,,,,,,
0,0,BAU,,AD,,,2021,,,,,,,,250.0,60.0,,,,,0.0,0.0,,,,,,
0,0,BAU,,AD,,,2022,,,,,,,,250.0,60.0,,,,,0.0,0.0,,,,,,
0,0,BAU,,AD,,,2023,,,,,,,,250.0,60.0,,,,,0.0,0.0,,,,,,
0,0,BAU,,AD,,,2024,,,,,,,,250.0,60.0,,,,,0.0,0.0,,,,,,
0,0,BAU,,AD,,,2025,,,,,,,,250.0,60.0,,,,,0.0,0.0,,,,,,
0,0,BAU,,AD,,,2026,,,,,,,,250.0,60.0,,,,,0.0,0.0,,,,,,
0,0,BAU,,AD,,,2027,,,,,,,,250.0,60.0,,,,,0.0,0.0,,,,,,
0,0,BAU,,AD,,,2028,,,,,,,,250.0,60.0,,,,,0.0,0.0,,,,,,
0,0,BAU,,AD,,,2029,,,,,,,,250.0,60.0,,,,,0.0,0.0,,,,,,
0,0,BAU,,AD,,,2030,,,,,,,,250.0,60.0,,,,,0.0,0.0,,,,,,
0,0,BAU,,AD,,,2031,,,,,,,,250.0,60.0,,,,,0.0,0.0,,,,,,
0,0,BAU,,AD,,,2032,,,,,,,,250.0,60.0,,,,,0.0,0.0,,,,,,
0,0,BAU,,AD,,,2033,,,,,,,,250.0,60.0,,,,,0.0,0.0,,,,,,
0,0,BAU,,AD,,,2034,,,,,,,,250.0,60.0,,,,,0.0,0.0,,,,,,
0,0,BAU,,AD,,,2035,,,,,,,,250.0,60.0,,,,,0.0,0.0,,,,,,
0,0,BAU,,AD,,,2036,,,,,,,,250.0,60.0,,,,,0.0,0.0,,,,,,
0,0,BAU,,AD,,,2037,,,,,,,,250.0,60.0,,,,,0.0,0.0,,,,,,
0,0,BAU,,AD,,,2038,,,,,,,,250.0,60.0,,,,,0.0,0.0,,,,,,
0,0,BAU,,AD,,,2039,,,,,,,,250.0,60.0,,,,,0.0,0.0,,,,,,
0,0,BAU,,AD,,,2040,,,,,,,,250.0,60.0,,,,,0.0,0.0,,,,,,
0,0,BAU,,AD,,,2041,,,,,,,,250.0,60.0,,,,,0.0,0.0,,,,,,
0,0,BAU,,AD,,,2042,,,,,,,,250.0,60.0,,,,,0.0,0.0,,,,,,
0,0,BAU,,AD,,,2043,,,,,,,,250.0,60.0,,,,,0.0,0.0,,,,,,
0,0,BAU,,AD,,,2044,,,,,,,,250.0,60.0,,,,,0.0,0.0,,,,,,
0,0,BAU,,AD,,,2045,,,,,,,,250.0,60.0,,,,,0.0,0.0,,,,,,
0,0,BAU,,AD,,,2046,,,,,,,,250.0,60.0,,,,,0.0,0.0,,,,,,
0,0,BAU,,AD,,,2047,,,,,,,,250.0,60.0,,,,,0.0,0.0,,,,,,
0,0,BAU,,AD,,,2048,,,,,,,,250.0,60.0,,,,,0.0,0.0,,,,,,
0,0,BAU,,AD,,,2049,,,,,,,,250.0,60.0,,,,,0.0,0.0,,,,,,
0,0,BAU,,AD,,,2050,,,,,,,,250.0,60.0,,,,,0.0,0.0,,,,,,
0,0,BAU,,COMPOST,,,2018,,,,,,,,80.0,45.0,,,,,0.0,0.0,,,,,,
0,0,BAU,,COMPOST,,,2019,,,,,,,,80.0,45.0,,,,,0.0,0.0,,,,,,
0,0,BAU,,COMPOST,,,2020,,,,,,,,80.0,45.0,,,,,0.0,0.0,,,,,,
0,0,BAU,,COMPOST,,,2021,,,,,,,,80.0,45.0,,,,,0.0,0.0,,,,,,
0,0,BAU,,COMPOST,,,2022,,,,,,,,80.0,45.0,,,,,0.0,0.0,,,,,,
0,0,BAU,,COMPOST,,,2023,,,,,,,,80.0,45.0,,,,,0.0,0.0,,,,,,
0,0,BAU,,COMPOST,,,2024,,,,,,,,80.0,45.0,,,,,0.0,0.0,,,,,,
0,0,BAU,,COMPOST,,,2025,,,,,,,,80.0,45.0,,,,,0.0,0.0,,,,,,
0,0,BAU,,COMPOST,,,2026,,,,,,,,80.0,45.0,,,,,0.0,0.0,,,,,,
0,0,BAU,,COMPOST,,,2027,,,,,,,,80.0,45.0,,,,,0.0,0.0,,,,,,
0,0,BAU,,COMPOST,,,2028,,,,,,,,80.0,45.0,,,,,0.0,0.0,,,,,,
0,0,BAU,,COMPOST,,,2029,,,,,,,,80.0,45.0,,,,,0.0,0.0,,,,,,
0,0,BAU,,COMPOST,,,2030,,,,,,,,80.0,45.0,,,,,0.0,0.0,,,,,,
0,0,BAU,,COMPOST,,,2031,,,,,,,,80.0,45.0,,,,,0.0,0.0,,,,,,
0,0,BAU,,COMPOST,,,2032,,,,,,,,80.0,45.0,,,,,0.0,0.0,,,,,,
0,0,BAU,,COMPOST,,,2033,,,,,,,,80.0,45.0,,,,,0.0,0.0,,,,,,
0,0,BAU,,COMPOST,,,2034,,,,,,,,80.0,45.0,,,,,0.0,0.0,,,,,,
0,0,BAU,,COMPOST,,,2035,,,,,,,,80.0,45.0,,,,,0.0,0.0,,,,,,
0,0,BAU,,COMPOST,,,2036,,,,,,,,80.0,45.0,,,,,0.0,0.0,,,,,,
0,0,BAU,,COMPOST,,,2037,,,,,,,,80.0,45.0,,,,,0.0,0.0,,,,,,
0,0,BAU,,COMPOST,,,2038,,,,,,,,80.0,45.0,,,,,0.0,0.0,,,,,,
0,0,BAU,,COMPOST,,,2039,,,,,,,,80.0,45.0,,,,,0.0,0.0,,,,,,
0,0,BAU,,COMPOST,,,2040,,,,,,,,80.0,45.0,,,,,0.0,0.0,,,,,,
0,0,BAU,,COMPOST,,,2041,,,,,,,,80.0,45.0,,,,,0.0,0.0,,,,,,
0,0,BAU,,COMPOST,,,2042,,,,,,,,80.0,45.0,,,,,0.0,0.0,,,,,,
0,0,BAU,,COMPOST,,,2043,,,,,,,,80.0,45.0,,,,,0.0,0.0,,,,,,
0,0,BAU,,COMPOST,,,2044,,,,,,,,80.0,45.0,,,,,0.0,0.0,,,,,,
0,0,BAU,,COMPOST,,,2045,,,,,,,,80.0,45.0,,,,,0.0,0.0,,,,,,
0,0,BAU,,COMPOST,,,2046,,,,,,,,80.0,45.0,,,,,0.0,0.0,,,,,,
0,0,BAU,,COMPOST,,,2047,,,,,,,,80.0,45.0,,,,,0.0,0.0,,,,,,
0,0,BAU,,COMPOST,,,2048,,,,,,,,80.0,45.0,,,,,0.0,0.0,,,,,,
0,0,BAU,,COMPOST,,,2049,,,,,,,,80.0,45.0,,,,,0.0,0.0,,,,,,
0,0,BAU,,COMPOST,,,2050,,,,,,,,80.0,45.0,,,,,0.0,0.0,,,,,,
0,0,BAU,,LANDFILL,,,2018,,,,,,,,5.0,62.3,,,,,,0.0037,,,,,,
0,0,BAU,,LANDFILL,,,2019,,,,,,,,5.0,62.3,,,,,,0.0037,,,,,,
0,0,BAU,,LANDFILL,,,2020,,,,,,,,5.0,62.3,,,,,,0.0039,,,,,,
0,0,BAU,,LANDFILL,,,2021,,,,,,,,5.0,62.3,,,,,,0.004,,,,,,
0,0,BAU,,LANDFILL,,,2022,,,,,,,,5.0,62.3,,,,,,0.0041,,,,,,
0,0,BAU,,LANDFILL,,,2023,,,,,,,,5.0,62.3,,,,,,0.0042,,,,,,
0,0,BAU,,LANDFILL,,,2024,,,,,,,,5.0,62.3,,,,,,0.0043,,,,,,
0,0,BAU,,LANDFILL,,,2025,,,,,,,,5.0,62.3,,,,,,0.0045,,,,,,
0,0,BAU,,LANDFILL,,,2026,,,,,,,,5.0,62.3,,,,,,0.0046,,,,,,
0,0,BAU,,LANDFILL,,,2027,,,,,,,,5.0,62.3,,,,,,0.0047,,,,,,
0,0,BAU,,LANDFILL,,,2028,,,,,,,,5.0,62.3,,,,,,0.0048,,,,,,
0,0,BAU,,LANDFILL,,,2029,,,,,,,,5.0,62.3,,,,,,0.0049,,,,,,
0,0,BAU,,LANDFILL,,,2030,,,,,,,,5.0,62.3,,,,,,0.005,,,,,,
0,0,BAU,,LANDFILL,,,2031,,,,,,,,5.0,62.3,,,,,,0.0052,,,,,,
0,0,BAU,,LANDFILL,,,2032,,,,,,,,5.0,62.3,,,,,,0.0053,,,,,,
0,0,BAU,,LANDFILL,,,2033,,,,,,,,5.0,62.3,,,,,,0.0054,,,,,,
0,0,BAU,,LANDFILL,,,2034,,,,,,,,5.0,62.3,,,,,,0.0055,,,,,,
0,0,BAU,,LANDFILL,,,2035,,,,,,,,5.0,62.3,,,,,,0.0056,,,,,,
0,0,BAU,,LANDFILL,,,2036,,,,,,,,5.0,62.3,,,,,,0.0057,,,,,,
0,0,BAU,,LANDFILL,,,2037,,,,,,,,5.0,62.3,,,,,,0.0058,,,,,,
0,0,BAU,,LANDFILL,,,2038,,,,,,,,5.0,62.3,,,,,,0.0059,,,,,,
0,0,BAU,,LANDFILL,,,2039,,,,,,,,5.0,62.3,,,,,,0.006,,,,,,
0,0,BAU,,LANDFILL,,,2040,,,,,,,,5.0,62.3,,,,,,0.0061,,,,,,
0,0,BAU,,LANDFILL,,,2041,,,,,,,,5.0,62.3,,,,,,0.0061,,,,,,
0,0,BAU,,LANDFILL,,,2042,,,,,,,,5.0,62.3,,,,,,0.0062,,,,,,
0,0,BAU,,LANDFILL,,,2043,,,,,,,,5.0,62.3,,,,,,0.0063,,,,,,
0,0,BAU,,LANDFILL,,,2044,,,,,,,,5.0,62.3,,,,,,0.0064,,,,,,
0,0,BAU,,LANDFILL,,,2045,,,,,,,,5.0,62.3,,,,,,0.0065,,,,,,
0,0,BAU,,LANDFILL,,,2046,,,,,,,,5.0,62.3,,,,,,0.0065,,,,,,
0,0,BAU,,LANDFILL,,,2047,,,,,,,,5.0,62.3,,,,,,0.0066,,,,,,
0,0,BAU,,LANDFILL,,,2048,,,,,,,,5.0,62.3,,,,,,0.0067,,,,,,
0,0,BAU,,LANDFILL,,,2049,,,,,,,,5.0,62.3,,,,,,0.0067,,,,,,
0,0,BAU,,LANDFILL,,,2050,,,,,,,,5.0,62.3,,,,,,0.0068,,,,,,
0,0,BAU,,NO_CONTR_OD,,,2018,,,,,,,,0.0,42.1,,,,,,3.0408,,,,,,
0,0,BAU,,NO_CONTR_OD,,,2019,,,,,,,,0.0,42.1,,,,,,3.0433,,,,,,
0,0,BAU,,NO_CONTR_OD,,,2020,,,,,,,,0.0,42.1,,,,,,3.1063,,,,,,
0,0,BAU,,NO_CONTR_OD,,,2021,,,,,,,,0.0,42.1,,,,,,3.3478,,,,,,
0,0,BAU,,NO_CONTR_OD,,,2022,,,,,,,,0.0,42.1,,,,,,3.4773,,,,,,
0,0,BAU,,NO_CONTR_OD,,,2023,,,,,,,,0.0,42.1,,,,,,3.6032,,,,,,
0,0,BAU,,NO_CONTR_OD,,,2024,,,,,,,,0.0,42.1,,,,,,3.7075,,,,,,
0,0,BAU,,NO_CONTR_OD,,,2025,,,,,,,,0.0,42.1,,,,,,3.8116,,,,,,
0,0,BAU,,NO_CONTR_OD,,,2026,,,,,,,,0.0,42.1,,,,,,3.9095,,,,,,
0,0,BAU,,NO_CONTR_OD,,,2027,,,,,,,,0.0,42.1,,,,,,4.0084,,,,,,
0,0,BAU,,NO_CONTR_OD,,,2028,,,,,,,,0.0,42.1,,,,,,4.1127,,,,,,
0,0,BAU,,NO_CONTR_OD,,,2029,,,,,,,,0.0,42.1,,,,,,4.2127,,,,,,
0,0,BAU,,NO_CONTR_OD,,,2030,,,,,,,,0.0,42.1,,,,,,4.3118,,,,,,
0,0,BAU,,NO_CONTR_OD,,,2031,,,,,,,,0.0,42.1,,,,,,4.4013,,,,,,
0,0,BAU,,NO_CONTR_OD,,,2032,,,,,,,,0.0,42.1,,,,,,4.4921,,,,,,
0,0,BAU,,NO_CONTR_OD,,,2033,,,,,,,,0.0,42.1,,,,,,4.5843,,,,,,
0,0,BAU,,NO_CONTR_OD,,,2034,,,,,,,,0.0,42.1,,,,,,4.6778,,,,,,
0,0,BAU,,NO_CONTR_OD,,,2035,,,,,,,,0.0,42.1,,,,,,4.7728,,,,,,
0,0,BAU,,NO_CONTR_OD,,,2036,,,,,,,,0.0,42.1,,,,,,4.8526,,,,,,
0,0,BAU,,NO_CONTR_OD,,,2037,,,,,,,,0.0,42.1,,,,,,4.9334,,,,,,
0,0,BAU,,NO_CONTR_OD,,,2038,,,,,,,,0.0,42.1,,,,,,5.0151,,,,,,
0,0,BAU,,NO_CONTR_OD,,,2039,,,,,,,,0.0,42.1,,,,,,5.098,,,,,,
0,0,BAU,,NO_CONTR_OD,,,2040,,,,,,,,0.0,42.1,,,,,,5.1817,,,,,,
0,0,BAU,,NO_CONTR_OD,,,2041,,,,,,,,0.0,42.1,,,,,,5.2495,,,,,,
0,0,BAU,,NO_CONTR_OD,,,2042,,,,,,,,0.0,42.1,,,,,,5.318,,,,,,
0,0,BAU,,NO_CONTR_OD,,,2043,,,,,,,,0.0,42.1,,,,,,5.3872,,,,,,
0,0,BAU,,NO_CONTR_OD,,,2044,,,,,,,,0.0,42.1,,,,,,5.4571,,,,,,
0,0,BAU,,NO_CONTR_OD,,,2045,,,,,,,,0.0,42.1,,,,,,5.5275,,,,,,
0,0,BAU,,NO_CONTR_OD,,,2046,,,,,,,,0.0,42.1,,,,,,5.5821,,,,,,
0,0,BAU,,NO_CONTR_OD,,,2047,,,,,,,,0.0,42.1,,,,,,5.6372,,,,,,
0,0,BAU,,NO_CONTR_OD,,,2048,,,,,,,,0.0,42.1,,,,,,5.6925,,,,,,
0,0,BAU,,NO_CONTR_OD,,,2049,,,,,,,,0.0,42.1,,,,,,5.7484,,,,,,
0,0,BAU,,NO_CONTR_OD,,,2050,,,,,,,,0.0,42.1,,,,,,5.8045,,,,,,
0,0,BAU,,COPROC,,,2018,,,,,,,,30.0,25.0,,,,,0.0,0.0,,,,,,
0,0,BAU,,COPROC,,,2019,,,,,,,,30.0,25.0,,,,,0.0,0.0,,,,,,
0,0,BAU,,COPROC,,,2020,,,,,,,,30.0,25.0,,,,,0.0,0.0,,,,,,
0,0,BAU,,COPROC,,,2021,,,,,,,,30.0,25.0,,,,,0.0,0.0,,,,,,
0,0,BAU,,COPROC,,,2022,,,,,,,,30.0,25.0,,,,,0.0,0.0,,,,,,
0,0,BAU,,COPROC,,,2023,,,,,,,,30.0,25.0,,,,,0.0,0.0,,,,,,
0,0,BAU,,COPROC,,,2024,,,,,,,,30.0,25.0,,,,,0.0,0.0,,,,,,
0,0,BAU,,COPROC,,,2025,,,,,,,,30.0,25.0,,,,,0.0,0.0,,,,,,
0,0,BAU,,COPROC,,,2026,,,,,,,,30.0,25.0,,,,,0.0,0.0,,,,,,
0,0,BAU,,COPROC,,,2027,,,,,,,,30.0,25.0,,,,,0.0,0.0,,,,,,
0,0,BAU,,COPROC,,,2028,,,,,,,,30.0,25.0,,,,,0.0,0.0,,,,,,
0,0,BAU,,COPROC,,,2029,,,,,,,,30.0,25.0,,,,,0.0,0.0,,,,,,
0,0,BAU,,COPROC,,,2030,,,,,,,,30.0,25.0,,,,,0.0,0.0,,,,,,
0,0,BAU,,COPROC,,,2031,,,,,,,,30.0,25.0,,,,,0.0,0.0,,,,,,
0,0,BAU,,COPROC,,,2032,,,,,,,,30.0,25.0,,,,,0.0,0.0,,,,,,
0,0,BAU,,COPROC,,,2033,,,,,,,,30.0,25.0,,,,,0.0,0.0,,,,,,
0,0,BAU,,COPROC,,,2034,,,,,,,,30.0,25.0,,,,,0.0,0.0,,,,,,
0,0,BAU,,COPROC,,,2035,,,,,,,,30.0,25.0,,,,,0.0,0.0,,,,,,
0,0,BAU,,COPROC,,,2036,,,,,,,,30.0,25.0,,,,,0.0,0.0,,,,,,
0,0,BAU,,COPROC,,,2037,,,,,,,,30.0,25.0,,,,,0.0,0.0,,,,,,
0,0,BAU,,COPROC,,,2038,,,,,,,,30.0,25.0,,,,,0.0,0.0,,,,,,
0,0,BAU,,COPROC,,,2039,,,,,,,,30.0,25.0,,,,,0.0,0.0,,,,,,
0,0,BAU,,COPROC,,,2040,,,,,,,,30.0,25.0,,,,,0.0,0.0,,,,,,
0,0,BAU,,COPROC,,,2041,,,,,,,,30.0,25.0,,,,,0.0,0.0,,,,,,
0,0,BAU,,COPROC,,,2042,,,,,,,,30.0,25.0,,,,,0.0,0.0,,,,,,
0,0,BAU,,COPROC,,,2043,,,,,,,,30.0,25.0,,,,,0.0,0.0,,,,,,
0,0,BAU,,COPROC,,,2044,,,,,,,,30.0,25.0,,,,,0.0,0.0,,,,,,
0,0,BAU,,COPROC,,,2045,,,,,,,,30.0,25.0,,,,,0.0,0.0,,,,,,
0,0,BAU,,COPROC,,,2046,,,,,,,,30.0,25.0,,,,,0.0,0.0,,,,,,
0,0,BAU,,COPROC,,,2047,,,,,,,,30.0,25.0,,,,,0.0,0.0,,,,,,
0,0,BAU,,COPROC,,,2048,,,,,,,,30.0,25.0,,,,,0.0,0.0,,,,,,
0,0,BAU,,COPROC,,,2049,,,,,,,,30.0,25.0,,,,,0.0,0.0,,,,,,
0,0,BAU,,COPROC,,,2050,,,,,,,,30.0,25.0,,,,,0.0,0.0,,,,,,
0,0,BAU,,INCIN,,,2018,,,,,,,,700.0,90.0,,,,,0.0,0.0,,,,,,
0,0,BAU,,INCIN,,,2019,,,,,,,,700.0,90.0,,,,,0.0,0.0,,,,,,
0,0,BAU,,INCIN,,,2020,,,,,,,,700.0,90.0,,,,,0.0,0.0,,,,,,
0,0,BAU,,INCIN,,,2021,,,,,,,,700.0,90.0,,,,,0.0,0.0,,,,,,
0,0,BAU,,INCIN,,,2022,,,,,,,,700.0,90.0,,,,,0.0,0.0,,,,,,
0,0,BAU,,INCIN,,,2023,,,,,,,,700.0,90.0,,,,,0.0,0.0,,,,,,
0,0,BAU,,INCIN,,,2024,,,,,,,,700.0,90.0,,,,,0.0,0.0,,,,,,
0,0,BAU,,INCIN,,,2025,,,,,,,,700.0,90.0,,,,,0.0,0.0,,,,,,
0,0,BAU,,INCIN,,,2026,,,,,,,,700.0,90.0,,,,,0.0,0.0,,,,,,
0,0,BAU,,INCIN,,,2027,,,,,,,,700.0,90.0,,,,,0.0,0.0,,,,,,
0,0,BAU,,INCIN,,,2028,,,,,,,,700.0,90.0,,,,,0.0,0.0,,,,,,
0,0,BAU,,INCIN,,,2029,,,,,,,,700.0,90.0,,,,,0.0,0.0,,,,,,
0,0,BAU,,INCIN,,,2030,,,,,,,,700.0,90.0,,,,,0.0,0.0,,,,,,
0,0,BAU,,INCIN,,,2031,,,,,,,,700.0,90.0,,,,,0.0,0.0,,,,,,
0,0,BAU,,INCIN,,,2032,,,,,,,,700.0,90.0,,,,,0.0,0.0,,,,,,
0,0,BAU,,INCIN,,,2033,,,,,,,,700.0,90.0,,,,,0.0,0.0,,,,,,
0,0,BAU,,INCIN,,,2034,,,,,,,,700.0,90.0,,,,,0.0,0.0,,,,,,
0,0,BAU,,INCIN,,,2035,,,,,,,,700.0,90.0,,,,,0.0,0.0,,,,,,
0,0,BAU,,INCIN,,,2036,,,,,,,,700.0,90.0,,,,,0.0,0.0,,,,,,
0,0,BAU,,INCIN,,,2037,,,,,,,,700.0,90.0,,,,,0.0,0.0,,,,,,
0,0,BAU,,INCIN,,,2038,,,,,,,,700.0,90.0,,,,,0.0,0.0,,,,,,
0,0,BAU,,INCIN,,,2039,,,,,,,,700.0,90.0,,,,,0.0,0.0,,,,,,
0,0,BAU,,INCIN,,,2040,,,,,,,,700.0,90.0,,,,,0.0,0.0,,,,,,
0,0,BAU,,INCIN,,,2041,,,,,,,,700.0,90.0,,,,,0.0,0.0,,,,,,
0,0,BAU,,INCIN,,,2042,,,,,,,,700.0,90.0,,,,,0.0,0.0,,,,,,
0,0,BAU,,INCIN,,,2043,,,,,,,,700.0,90.0,,,,,0.0,0.0,,,,,,
0,0,BAU,,INCIN,,,2044,,,,,,,,700.0,90.0,,,,,0.0,0.0,,,,,,
0,0,BAU,,INCIN,,,2045,,,,,,,,700.0,90.0,,,,,0.0,0.0,,,,,,
0,0,BAU,,INCIN,,,2046,,,,,,,,700.0,90.0,,,,,0.0,0.0,,,,,,
0,0,BAU,,INCIN,,,2047,,,,,,,,700.0,90.0,,,,,0.0,0.0,,,,,,
0,0,BAU,,INCIN,,,2048,,,,,,,,700.0,90.0,,,,,0.0,0.0,,,,,,
0,0,BAU,,INCIN,,,2049,,,,,,,,700.0,90.0,,,,,0.0,0.0,,,,,,
0,0,BAU,,INCIN,,,2050,,,,,,,,700.0,90.0,,,,,0.0,0.0,,,,,,
0,0,BAU,,GAS_MSW,,,2018,,,,,,,,700.0,180.0,,,,,0.0,0.0,,,,,,
0,0,BAU,,GAS_MSW,,,2019,,,,,,,,700.0,180.0,,,,,0.0,0.0,,,,,,
0,0,BAU,,GAS_MSW,,,2020,,,,,,,,700.0,180.0,,,,,0.0,0.0,,,,,,
0,0,BAU,,GAS_MSW,,,2021,,,,,,,,700.0,180.0,,,,,0.0,0.0,,,,,,
0,0,BAU,,GAS_MSW,,,2022,,,,,,,,700.0,180.0,,,,,0.0,0.0,,,,,,
0,0,BAU,,GAS_MSW,,,2023,,,,,,,,700.0,180.0,,,,,0.0,0.0,,,,,,
0,0,BAU,,GAS_MSW,,,2024,,,,,,,,700.0,180.0,,,,,0.0,0.0,,,,,,
0,0,BAU,,GAS_MSW,,,2025,,,,,,,,700.0,180.0,,,,,0.0,0.0,,,,,,
0,0,BAU,,GAS_MSW,,,2026,,,,,,,,700.0,180.0,,,,,0.0,0.0,,,,,,
0,0,BAU,,GAS_MSW,,,2027,,,,,,,,700.0,180.0,,,,,0.0,0.0,,,,,,
0,0,BAU,,GAS_MSW,,,2028,,,,,,,,700.0,180.0,,,,,0.0,0.0,,,,,,
0,0,BAU,,GAS_MSW,,,2029,,,,,,,,700.0,180.0,,,,,0.0,0.0,,,,,,
0,0,BAU,,GAS_MSW,,,2030,,,,,,,,700.0,180.0,,,,,0.0,0.0,,,,,,
0,0,BAU,,GAS_MSW,,,2031,,,,,,,,700.0,180.0,,,,,0.0,0.0,,,,,,
0,0,BAU,,GAS_MSW,,,2032,,,,,,,,700.0,180.0,,,,,0.0,0.0,,,,,,
0,0,BAU,,GAS_MSW,,,2033,,,,,,,,700.0,180.0,,,,,0.0,0.0,,,,,,
0,0,BAU,,GAS_MSW,,,2034,,,,,,,,700.0,180.0,,,,,0.0,0.0,,,,,,
0,0,BAU,,GAS_MSW,,,2035,,,,,,,,700.0,180.0,,,,,0.0,0.0,,,,,,
0,0,BAU,,GAS_MSW,,,2036,,,,,,,,700.0,180.0,,,,,0.0,0.0,,,,,,
0,0,BAU,,GAS_MSW,,,2037,,,,,,,,700.0,180.0,,,,,0.0,0.0,,,,,,
0,0,BAU,,GAS_MSW,,,2038,,,,,,,,700.0,180.0,,,,,0.0,0.0,,,,,,
0,0,BAU,,GAS_MSW,,,2039,,,,,,,,700.0,180.0,,,,,0.0,0.0,,,,,,
0,0,BAU,,GAS_MSW,,,2040,,,,,,,,700.0,180.0,,,,,0.0,0.0,,,,,,
0,0,BAU,,GAS_MSW,,,2041,,,,,,,,700.0,180.0,,,,,0.0,0.0,,,,,,
0,0,BAU,,GAS_MSW,,,2042,,,,,,,,700.0,180.0,,,,,0.0,0.0,,,,,,
0,0,BAU,,GAS_MSW,,,2043,,,,,,,,700.0,180.0,,,,,0.0,0.0,,,,,,
0,0,BAU,,GAS_MSW,,,2044,,,,,,,,700.0,180.0,,,,,0.0,0.0,,,,,,
0,0,BAU,,GAS_MSW,,,2045,,,,,,,,700.0,180.0,,,,,0.0,0.0,,,,,,
0,0,BAU,,GAS_MSW,,,2046,,,,,,,,700.0,180.0,,,,,0.0,0.0,,,,,,
0,0,BAU,,GAS_MSW,,,2047,,,,,,,,700.0,180.0,,,,,0.0,0.0,,,,,,
0,0,BAU,,GAS_MSW,,,2048,,,,,,,,700.0,180.0,,,,,0.0,0.0,,,,,,
0,0,BAU,,GAS_MSW,,,2049,,,,,,,,700.0,180.0,,,,,0.0,0.0,,,,,,
0,0,BAU,,GAS_MSW,,,2050,,,,,,,,700.0,180.0,,,,,0.0,0.0,,,,,,
0,0,BAU,,HTC,,,2018,,,,,,,,570.8,171.24,,,,,0.0,0.0,,,,,,
0,0,BAU,,HTC,,,2019,,,,,,,,570.8,171.24,,,,,0.0,0.0,,,,,,
0,0,BAU,,HTC,,,2020,,,,,,,,570.8,171.24,,,,,0.0,0.0,,,,,,
0,0,BAU,,HTC,,,2021,,,,,,,,570.8,171.24,,,,,0.0,0.0,,,,,,
0,0,BAU,,HTC,,,2022,,,,,,,,570.8,171.24,,,,,0.0,0.0,,,,,,
0,0,BAU,,HTC,,,2023,,,,,,,,570.8,171.24,,,,,0.0,0.0,,,,,,
0,0,BAU,,HTC,,,2024,,,,,,,,570.8,171.24,,,,,0.0,0.0,,,,,,
0,0,BAU,,HTC,,,2025,,,,,,,,570.8,171.24,,,,,0.0,0.0,,,,,,
0,0,BAU,,HTC,,,2026,,,,,,,,570.8,171.24,,,,,0.0,0.0,,,,,,
0,0,BAU,,HTC,,,2027,,,,,,,,570.8,171.24,,,,,0.0,0.0,,,,,,
0,0,BAU,,HTC,,,2028,,,,,,,,570.8,171.24,,,,,0.0,0.0,,,,,,
0,0,BAU,,HTC,,,2029,,,,,,,,570.8,171.24,,,,,0.0,0.0,,,,,,
0,0,BAU,,HTC,,,2030,,,,,,,,570.8,171.24,,,,,0.0,0.0,,,,,,
0,0,BAU,,HTC,,,2031,,,,,,,,570.8,171.24,,,,,0.0,0.0,,,,,,
0,0,BAU,,HTC,,,2032,,,,,,,,570.8,171.24,,,,,0.0,0.0,,,,,,
0,0,BAU,,HTC,,,2033,,,,,,,,570.8,171.24,,,,,0.0,0.0,,,,,,
0,0,BAU,,HTC,,,2034,,,,,,,,570.8,171.24,,,,,0.0,0.0,,,,,,
0,0,BAU,,HTC,,,2035,,,,,,,,570.8,171.24,,,,,0.0,0.0,,,,,,
0,0,BAU,,HTC,,,2036,,,,,,,,570.8,171.24,,,,,0.0,0.0,,,,,,
0,0,BAU,,HTC,,,2037,,,,,,,,570.8,171.24,,,,,0.0,0.0,,,,,,
0,0,BAU,,HTC,,,2038,,,,,,,,570.8,171.24,,,,,0.0,0.0,,,,,,
0,0,BAU,,HTC,,,2039,,,,,,,,570.8,171.24,,,,,0.0,0.0,,,,,,
0,0,BAU,,HTC,,,2040,,,,,,,,570.8,171.24,,,,,0.0,0.0,,,,,,
0,0,BAU,,HTC,,,2041,,,,,,,,570.8,171.24,,,,,0.0,0.0,,,,,,
0,0,BAU,,HTC,,,2042,,,,,,,,570.8,171.24,,,,,0.0,0.0,,,,,,
0,0,BAU,,HTC,,,2043,,,,,,,,570.8,171.24,,,,,0.0,0.0,,,,,,
0,0,BAU,,HTC,,,2044,,,,,,,,570.8,171.24,,,,,0.0,0.0,,,,,,
0,0,BAU,,HTC,,,2045,,,,,,,,570.8,171.24,,,,,0.0,0.0,,,,,,
0,0,BAU,,HTC,,,2046,,,,,,,,570.8,171.24,,,,,0.0,0.0,,,,,,
0,0,BAU,,HTC,,,2047,,,,,,,,570.8,171.24,,,,,0.0,0.0,,,,,,
0,0,BAU,,HTC,,,2048,,,,,,,,570.8,171.24,,,,,0.0,0.0,,,,,,
0,0,BAU,,HTC,,,2049,,,,,,,,570.8,171.24,,,,,0.0,0.0,,,,,,
0,0,BAU,,HTC,,,2050,,,,,,,,570.8,171.24,,,,,0.0,0.0,,,,,,
0,0,BAU,,PTAR_OLD,,,2018,,,,,,,,0.867,,0.0145,,,,0.0,0.0,,,,,,
0,0,BAU,,PTAR_OLD,,,2019,,,,,,,,0.867,,0.0145,,,,0.0,0.0,,,,,,
0,0,BAU,,PTAR_OLD,,,2020,,,,,,,,0.867,,0.0145,,,,0.0,0.0,,,,,,
0,0,BAU,,PTAR_OLD,,,2021,,,,,,,,0.867,,0.0145,,,,0.0,0.0,,,,,,
0,0,BAU,,PTAR_OLD,,,2022,,,,,,,,0.867,,0.0145,,,,0.0,0.0,,,,,,
0,0,BAU,,PTAR_OLD,,,2023,,,,,,,,0.867,,0.0145,,,,0.0,0.0,,,,,,
0,0,BAU,,PTAR_OLD,,,2024,,,,,,,,0.867,,0.0145,,,,0.0,0.0,,,,,,
0,0,BAU,,PTAR_OLD,,,2025,,,,,,,,0.867,,0.0145,,,,0.0,0.0,,,,,,
0,0,BAU,,PTAR_OLD,,,2026,,,,,,,,0.867,,0.0145,,,,0.0,0.0,,,,,,
0,0,BAU,,PTAR_OLD,,,2027,,,,,,,,0.867,,0.0145,,,,0.0,0.0,,,,,,
0,0,BAU,,PTAR_OLD,,,2028,,,,,,,,0.867,,0.0145,,,,0.0,0.0,,,,,,
0,0,BAU,,PTAR_OLD,,,2029,,,,,,,,0.867,,0.0145,,,,0.0,0.0,,,,,,
0,0,BAU,,PTAR_OLD,,,2030,,,,,,,,0.867,,0.0145,,,,0.0,0.0,,,,,,
0,0,BAU,,PTAR_OLD,,,2031,,,,,,,,0.867,,0.0145,,,,0.0,0.0,,,,,,
0,0,BAU,,PTAR_OLD,,,2032,,,,,,,,0.867,,0.0145,,,,0.0,0.0,,,,,,
0,0,BAU,,PTAR_OLD,,,2033,,,,,,,,0.867,,0.0145,,,,0.0,0.0,,,,,,
0,0,BAU,,PTAR_OLD,,,2034,,,,,,,,0.867,,0.0145,,,,0.0,0.0,,,,,,
0,0,BAU,,PTAR_OLD,,,2035,,,,,,,,0.867,,0.0145,,,,0.0,0.0,,,,,,
0,0,BAU,,PTAR_OLD,,,2036,,,,,,,,0.867,,0.0145,,,,0.0,0.0,,,,,,
0,0,BAU,,PTAR_OLD,,,2037,,,,,,,,0.867,,0.0145,,,,0.0,0.0,,,,,,
0,0,BAU,,PTAR_OLD,,,2038,,,,,,,,0.867,,0.0145,,,,0.0,0.0,,,,,,
0,0,BAU,,PTAR_OLD,,,2039,,,,,,,,0.867,,0.0145,,,,0.0,0.0,,,,,,
0,0,BAU,,PTAR_OLD,,,2040,,,,,,,,0.867,,0.0145,,,,0.0,0.0,,,,,,
0,0,BAU,,PTAR_OLD,,,2041,,,,,,,,0.867,,0.0145,,,,0.0,0.0,,,,,,
0,0,BAU,,PTAR_OLD,,,2042,,,,,,,,0.867,,0.0145,,,,0.0,0.0,,,,,,
0,0,BAU,,PTAR_OLD,,,2043,,,,,,,,0.867,,0.0145,,,,0.0,0.0,,,,,,
0,0,BAU,,PTAR_OLD,,,2044,,,,,,,,0.867,,0.0145,,,,0.0,0.0,,,,,,
0,0,BAU,,PTAR_OLD,,,2045,,,,,,,,0.867,,0.0145,,,,0.0,0.0,,,,,,
0,0,BAU,,PTAR_OLD,,,2046,,,,,,,,0.867,,0.0145,,,,0.0,0.0,,,,,,
0,0,BAU,,PTAR_OLD,,,2047,,,,,,,,0.867,,0.0145,,,,0.0,0.0,,,,,,
0,0,BAU,,PTAR_OLD,,,2048,,,,,,,,0.867,,0.0145,,,,0.0,0.0,,,,,,
0,0,BAU,,PTAR_OLD,,,2049,,,,,,,,0.867,,0.0145,,,,0.0,0.0,,,,,,
0,0,BAU,,PTAR_OLD,,,2050,,,,,,,,0.867,,0.0145,,,,0.0,0.0,,,,,,
0,0,BAU,,PTAR_NEW,,,2018,,,,,,,,0.867,,0.0145,,,,0.0,0.0,,,,,,
0,0,BAU,,PTAR_NEW,,,2019,,,,,,,,0.867,,0.0145,,,,0.0,0.0,,,,,,
0,0,BAU,,PTAR_NEW,,,2020,,,,,,,,0.867,,0.0145,,,,0.0,0.0,,,,,,
0,0,BAU,,PTAR_NEW,,,2021,,,,,,,,0.867,,0.0145,,,,0.0,0.0,,,,,,
0,0,BAU,,PTAR_NEW,,,2022,,,,,,,,0.867,,0.0145,,,,0.0,0.0,,,,,,
0,0,BAU,,PTAR_NEW,,,2023,,,,,,,,0.867,,0.0145,,,,0.0,0.0,,,,,,
0,0,BAU,,PTAR_NEW,,,2024,,,,,,,,0.867,,0.0145,,,,0.0,0.0,,,,,,
0,0,BAU,,PTAR_NEW,,,2025,,,,,,,,0.867,,0.0145,,,,0.0,0.0,,,,,,
0,0,BAU,,PTAR_NEW,,,2026,,,,,,,,0.867,,0.0145,,,,0.0,0.0,,,,,,
0,0,BAU,,PTAR_NEW,,,2027,,,,,,,,0.867,,0.0145,,,,0.0,0.0,,,,,,
0,0,BAU,,PTAR_NEW,,,2028,,,,,,,,0.867,,0.0145,,,,0.0,0.0,,,,,,
0,0,BAU,,PTAR_NEW,,,2029,,,,,,,,0.867,,0.0145,,,,0.0,0.0,,,,,,
0,0,BAU,,PTAR_NEW,,,2030,,,,,,,,0.867,,0.0145,,,,0.0,0.0,,,,,,
0,0,BAU,,PTAR_NEW,,,2031,,,,,,,,0.867,,0.0145,,,,0.0,0.0,,,,,,
0,0,BAU,,PTAR_NEW,,,2032,,,,,,,,0.867,,0.0145,,,,0.0,0.0,,,,,,
0,0,BAU,,PTAR_NEW,,,2033,,,,,,,,0.867,,0.0145,,,,0.0,0.0,,,,,,
0,0,BAU,,PTAR_NEW,,,2034,,,,,,,,0.867,,0.0145,,,,0.0,0.0,,,,,,
0,0,BAU,,PTAR_NEW,,,2035,,,,,,,,0.867,,0.0145,,,,0.0,0.0,,,,,,
0,0,BAU,,PTAR_NEW,,,2036,,,,,,,,0.867,,0.0145,,,,0.0,0.0,,,,,,
0,0,BAU,,PTAR_NEW,,,2037,,,,,,,,0.867,,0.0145,,,,0.0,0.0,,,,,,
0,0,BAU,,PTAR_NEW,,,2038,,,,,,,,0.867,,0.0145,,,,0.0,0.0,,,,,,
0,0,BAU,,PTAR_NEW,,,2039,,,,,,,,0.867,,0.0145,,,,0.0,0.0,,,,,,
0,0,BAU,,PTAR_NEW,,,2040,,,,,,,,0.867,,0.0145,,,,0.0,0.0,,,,,,
0,0,BAU,,PTAR_NEW,,,2041,,,,,,,,0.867,,0.0145,,,,0.0,0.0,,,,,,
0,0,BAU,,PTAR_NEW,,,2042,,,,,,,,0.867,,0.0145,,,,0.0,0.0,,,,,,
0,0,BAU,,PTAR_NEW,,,2043,,,,,,,,0.867,,0.0145,,,,0.0,0.0,,,,,,
0,0,BAU,,PTAR_NEW,,,2044,,,,,,,,0.867,,0.0145,,,,0.0,0.0,,,,,,
0,0,BAU,,PTAR_NEW,,,2045,,,,,,,,0.867,,0.0145,,,,0.0,0.0,,,,,,
0,0,BAU,,PTAR_NEW,,,2046,,,,,,,,0.867,,0.0145,,,,0.0,0.0,,,,,,
0,0,BAU,,PTAR_NEW,,,2047,,,,,,,,0.867,,0.0145,,,,0.0,0.0,,,,,,
0,0,BAU,,PTAR_NEW,,,2048,,,,,,,,0.867,,0.0145,,,,0.0,0.0,,,,,,
0,0,BAU,,PTAR_NEW,,,2049,,,,,,,,0.867,,0.0145,,,,0.0,0.0,,,,,,
0,0,BAU,,PTAR_NEW,,,2050,,,,,,,,0.867,,0.0145,,,,0.0,0.0,,,,,,
0,0,BAU,,SEPT_SYST,,,2018,,,,,,,,0.142,,0.0071,,,,0.0,0.0,,,,,,
0,0,BAU,,SEPT_SYST,,,2019,,,,,,,,0.142,,0.0071,,,,0.0,0.0,,,,,,
0,0,BAU,,SEPT_SYST,,,2020,,,,,,,,0.142,,0.0071,,,,0.0,0.0,,,,,,
0,0,BAU,,SEPT_SYST,,,2021,,,,,,,,0.142,,0.0071,,,,0.0,0.0,,,,,,
0,0,BAU,,SEPT_SYST,,,2022,,,,,,,,0.142,,0.0071,,,,0.0,0.0,,,,,,
0,0,BAU,,SEPT_SYST,,,2023,,,,,,,,0.142,,0.0071,,,,0.0,0.0,,,,,,
0,0,BAU,,SEPT_SYST,,,2024,,,,,,,,0.142,,0.0071,,,,0.0,0.0,,,,,,
0,0,BAU,,SEPT_SYST,,,2025,,,,,,,,0.142,,0.0071,,,,0.0,0.0,,,,,,
0,0,BAU,,SEPT_SYST,,,2026,,,,,,,,0.142,,0.0071,,,,0.0,0.0,,,,,,
0,0,BAU,,SEPT_SYST,,,2027,,,,,,,,0.142,,0.0071,,,,0.0,0.0,,,,,,
0,0,BAU,,SEPT_SYST,,,2028,,,,,,,,0.142,,0.0071,,,,0.0,0.0,,,,,,
0,0,BAU,,SEPT_SYST,,,2029,,,,,,,,0.142,,0.0071,,,,0.0,0.0,,,,,,
0,0,BAU,,SEPT_SYST,,,2030,,,,,,,,0.142,,0.0071,,,,0.0,0.0,,,,,,
0,0,BAU,,SEPT_SYST,,,2031,,,,,,,,0.142,,0.0071,,,,0.0,0.0,,,,,,
0,0,BAU,,SEPT_SYST,,,2032,,,,,,,,0.142,,0.0071,,,,0.0,0.0,,,,,,
0,0,BAU,,SEPT_SYST,,,2033,,,,,,,,0.142,,0.0071,,,,0.0,0.0,,,,,,
0,0,BAU,,SEPT_SYST,,,2034,,,,,,,,0.142,,0.0071,,,,0.0,0.0,,,,,,
0,0,BAU,,SEPT_SYST,,,2035,,,,,,,,0.142,,0.0071,,,,0.0,0.0,,,,,,
0,0,BAU,,SEPT_SYST,,,2036,,,,,,,,0.142,,0.0071,,,,0.0,0.0,,,,,,
0,0,BAU,,SEPT_SYST,,,2037,,,,,,,,0.142,,0.0071,,,,0.0,0.0,,,,,,
0,0,BAU,,SEPT_SYST,,,2038,,,,,,,,0.142,,0.0071,,,,0.0,0.0,,,,,,
0,0,BAU,,SEPT_SYST,,,2039,,,,,,,,0.142,,0.0071,,,,0.0,0.0,,,,,,
0,0,BAU,,SEPT_SYST,,,2040,,,,,,,,0.142,,0.0071,,,,0.0,0.0,,,,,,
0,0,BAU,,SEPT_SYST,,,2041,,,,,,,,0.142,,0.0071,,,,0.0,0.0,,,,,,
0,0,BAU,,SEPT_SYST,,,2042,,,,,,,,0.142,,0.0071,,,,0.0,0.0,,,,,,
0,0,BAU,,SEPT_SYST,,,2043,,,,,,,,0.142,,0.0071,,,,0.0,0.0,,,,,,
0,0,BAU,,SEPT_SYST,,,2044,,,,,,,,0.142,,0.0071,,,,0.0,0.0,,,,,,
0,0,BAU,,SEPT_SYST,,,2045,,,,,,,,0.142,,0.0071,,,,0.0,0.0,,,,,,
0,0,BAU,,SEPT_SYST,,,2046,,,,,,,,0.142,,0.0071,,,,0.0,0.0,,,,,,
0,0,BAU,,SEPT_SYST,,,2047,,,,,,,,0.142,,0.0071,,,,0.0,0.0,,,,,,
0,0,BAU,,SEPT_SYST,,,2048,,,,,,,,0.142,,0.0071,,,,0.0,0.0,,,,,,
0,0,BAU,,SEPT_SYST,,,2049,,,,,,,,0.142,,0.0071,,,,0.0,0.0,,,,,,
0,0,BAU,,SEPT_SYST,,,2050,,,,,,,,0.142,,0.0071,,,,0.0,0.0,,,,,,
0,0,BAU,,LATR,,,2018,,,,,,,,0.142,,0.0071,,,,0.0,0.0,,,,,,
0,0,BAU,,LATR,,,2019,,,,,,,,0.142,,0.0071,,,,0.0,0.0,,,,,,
0,0,BAU,,LATR,,,2020,,,,,,,,0.142,,0.0071,,,,0.0,0.0,,,,,,
0,0,BAU,,LATR,,,2021,,,,,,,,0.142,,0.0071,,,,0.0,0.0,,,,,,
0,0,BAU,,LATR,,,2022,,,,,,,,0.142,,0.0071,,,,0.0,0.0,,,,,,
0,0,BAU,,LATR,,,2023,,,,,,,,0.142,,0.0071,,,,0.0,0.0,,,,,,
0,0,BAU,,LATR,,,2024,,,,,,,,0.142,,0.0071,,,,0.0,0.0,,,,,,
0,0,BAU,,LATR,,,2025,,,,,,,,0.142,,0.0071,,,,0.0,0.0,,,,,,
0,0,BAU,,LATR,,,2026,,,,,,,,0.142,,0.0071,,,,0.0,0.0,,,,,,
0,0,BAU,,LATR,,,2027,,,,,,,,0.142,,0.0071,,,,0.0,0.0,,,,,,
0,0,BAU,,LATR,,,2028,,,,,,,,0.142,,0.0071,,,,0.0,0.0,,,,,,
0,0,BAU,,LATR,,,2029,,,,,,,,0.142,,0.0071,,,,0.0,0.0,,,,,,
0,0,BAU,,LATR,,,2030,,,,,,,,0.142,,0.0071,,,,0.0,0.0,,,,,,
0,0,BAU,,LATR,,,2031,,,,,,,,0.142,,0.0071,,,,0.0,0.0,,,,,,
0,0,BAU,,LATR,,,2032,,,,,,,,0.142,,0.0071,,,,0.0,0.0,,,,,,
0,0,BAU,,LATR,,,2033,,,,,,,,0.142,,0.0071,,,,0.0,0.0,,,,,,
0,0,BAU,,LATR,,,2034,,,,,,,,0.142,,0.0071,,,,0.0,0.0,,,,,,
0,0,BAU,,LATR,,,2035,,,,,,,,0.142,,0.0071,,,,0.0,0.0,,,,,,
0,0,BAU,,LATR,,,2036,,,,,,,,0.142,,0.0071,,,,0.0,0.0,,,,,,
0,0,BAU,,LATR,,,2037,,,,,,,,0.142,,0.0071,,,,0.0,0.0,,,,,,
0,0,BAU,,LATR,,,2038,,,,,,,,0.142,,0.0071,,,,0.0,0.0,,,,,,
0,0,BAU,,LATR,,,2039,,,,,,,,0.142,,0.0071,,,,0.0,0.0,,,,,,
0,0,BAU,,LATR,,,2040,,,,,,,,0.142,,0.0071,,,,0.0,0.0,,,,,,
0,0,BAU,,LATR,,,2041,,,,,,,,0.142,,0.0071,,,,0.0,0.0,,,,,,
0,0,BAU,,LATR,,,2042,,,,,,,,0.142,,0.0071,,,,0.0,0.0,,,,,,
0,0,BAU,,LATR,,,2043,,,,,,,,0.142,,0.0071,,,,0.0,0.0,,,,,,
0,0,BAU,,LATR,,,2044,,,,,,,,0.142,,0.0071,,,,0.0,0.0,,,,,,
0,0,BAU,,LATR,,,2045,,,,,,,,0.142,,0.0071,,,,0.0,0.0,,,,,,
0,0,BAU,,LATR,,,2046,,,,,,,,0.142,,0.0071,,,,0.0,0.0,,,,,,
0,0,BAU,,LATR,,,2047,,,,,,,,0.142,,0.0071,,,,0.0,0.0,,,,,,
0,0,BAU,,LATR,,,2048,,,,,,,,0.142,,0.0071,,,,0.0,0.0,,,,,,
0,0,BAU,,LATR,,,2049,,,,,,,,0.142,,0.0071,,,,0.0,0.0,,,,,,
0,0,BAU,,LATR,,,2050,,,,,,,,0.142,,0.0071,,,,0.0,0.0,,,,,,
0,0,BAU,,INORG_DCOLL,,,2018,,,,,,,,9.0,29.7,,,,,,0.2233,,,,,,
0,0,BAU,,INORG_DCOLL,,,2019,,,,,,,,9.0,29.7,,,,,,0.224,,,,,,
0,0,BAU,,INORG_DCOLL,,,2020,,,,,,,,9.0,29.7,,,,,,0.2317,,,,,,
0,0,BAU,,INORG_DCOLL,,,2021,,,,,,,,9.0,29.7,,,,,,0.2394,,,,,,
0,0,BAU,,INORG_DCOLL,,,2022,,,,,,,,9.0,29.7,,,,,,0.2443,,,,,,
0,0,BAU,,INORG_DCOLL,,,2023,,,,,,,,9.0,29.7,,,,,,0.2532,,,,,,
0,0,BAU,,INORG_DCOLL,,,2024,,,,,,,,9.0,29.7,,,,,,0.2605,,,,,,
0,0,BAU,,INORG_DCOLL,,,2025,,,,,,,,9.0,29.7,,,,,,0.2678,,,,,,
0,0,BAU,,INORG_DCOLL,,,2026,,,,,,,,9.0,29.7,,,,,,0.2747,,,,,,
0,0,BAU,,INORG_DCOLL,,,2027,,,,,,,,9.0,29.7,,,,,,0.2816,,,,,,
0,0,BAU,,INORG_DCOLL,,,2028,,,,,,,,9.0,29.7,,,,,,0.289,,,,,,
0,0,BAU,,INORG_DCOLL,,,2029,,,,,,,,9.0,29.7,,,,,,0.296,,,,,,
0,0,BAU,,INORG_DCOLL,,,2030,,,,,,,,9.0,29.7,,,,,,0.3029,,,,,,
0,0,BAU,,INORG_DCOLL,,,2031,,,,,,,,9.0,29.7,,,,,,0.3092,,,,,,
0,0,BAU,,INORG_DCOLL,,,2032,,,,,,,,9.0,29.7,,,,,,0.3156,,,,,,
0,0,BAU,,INORG_DCOLL,,,2033,,,,,,,,9.0,29.7,,,,,,0.3221,,,,,,
0,0,BAU,,INORG_DCOLL,,,2034,,,,,,,,9.0,29.7,,,,,,0.3287,,,,,,
0,0,BAU,,INORG_DCOLL,,,2035,,,,,,,,9.0,29.7,,,,,,0.3353,,,,,,
0,0,BAU,,INORG_DCOLL,,,2036,,,,,,,,9.0,29.7,,,,,,0.3409,,,,,,
0,0,BAU,,INORG_DCOLL,,,2037,,,,,,,,9.0,29.7,,,,,,0.3466,,,,,,
0,0,BAU,,INORG_DCOLL,,,2038,,,,,,,,9.0,29.7,,,,,,0.3524,,,,,,
0,0,BAU,,INORG_DCOLL,,,2039,,,,,,,,9.0,29.7,,,,,,0.3582,,,,,,
0,0,BAU,,INORG_DCOLL,,,2040,,,,,,,,9.0,29.7,,,,,,0.3641,,,,,,
0,0,BAU,,INORG_DCOLL,,,2041,,,,,,,,9.0,29.7,,,,,,0.3688,,,,,,
0,0,BAU,,INORG_DCOLL,,,2042,,,,,,,,9.0,29.7,,,,,,0.3736,,,,,,
0,0,BAU,,INORG_DCOLL,,,2043,,,,,,,,9.0,29.7,,,,,,0.3785,,,,,,
0,0,BAU,,INORG_DCOLL,,,2044,,,,,,,,9.0,29.7,,,,,,0.3834,,,,,,
0,0,BAU,,INORG_DCOLL,,,2045,,,,,,,,9.0,29.7,,,,,,0.3884,,,,,,
0,0,BAU,,INORG_DCOLL,,,2046,,,,,,,,9.0,29.7,,,,,,0.3922,,,,,,
0,0,BAU,,INORG_DCOLL,,,2047,,,,,,,,9.0,29.7,,,,,,0.3961,,,,,,
0,0,BAU,,INORG_DCOLL,,,2048,,,,,,,,9.0,29.7,,,,,,0.4,,,,,,
0,0,BAU,,INORG_DCOLL,,,2049,,,,,,,,9.0,29.7,,,,,,0.4039,,,,,,
0,0,BAU,,INORG_DCOLL,,,2050,,,,,,,,9.0,29.7,,,,,,0.4078,,,,,,
0,0,BAU,,ORG_DCOLL,,,2018,,,,,,,,9.0,29.7,,,,,,0.0,,,,,,
0,0,BAU,,ORG_DCOLL,,,2019,,,,,,,,9.0,29.7,,,,,,0.0,,,,,,
0,0,BAU,,ORG_DCOLL,,,2020,,,,,,,,9.0,29.7,,,,,,0.0,,,,,,
0,0,BAU,,ORG_DCOLL,,,2021,,,,,,,,9.0,29.7,,,,,,0.0,,,,,,
0,0,BAU,,ORG_DCOLL,,,2022,,,,,,,,9.0,29.7,,,,,,0.0,,,,,,
0,0,BAU,,ORG_DCOLL,,,2023,,,,,,,,9.0,29.7,,,,,,0.0,,,,,,
0,0,BAU,,ORG_DCOLL,,,2024,,,,,,,,9.0,29.7,,,,,,0.0,,,,,,
0,0,BAU,,ORG_DCOLL,,,2025,,,,,,,,9.0,29.7,,,,,,0.0,,,,,,
0,0,BAU,,ORG_DCOLL,,,2026,,,,,,,,9.0,29.7,,,,,,0.0,,,,,,
0,0,BAU,,ORG_DCOLL,,,2027,,,,,,,,9.0,29.7,,,,,,0.0,,,,,,
0,0,BAU,,ORG_DCOLL,,,2028,,,,,,,,9.0,29.7,,,,,,0.0,,,,,,
0,0,BAU,,ORG_DCOLL,,,2029,,,,,,,,9.0,29.7,,,,,,0.0,,,,,,
0,0,BAU,,ORG_DCOLL,,,2030,,,,,,,,9.0,29.7,,,,,,0.0,,,,,,
0,0,BAU,,ORG_DCOLL,,,2031,,,,,,,,9.0,29.7,,,,,,0.0,,,,,,
0,0,BAU,,ORG_DCOLL,,,2032,,,,,,,,9.0,29.7,,,,,,0.0,,,,,,
0,0,BAU,,ORG_DCOLL,,,2033,,,,,,,,9.0,29.7,,,,,,0.0,,,,,,
0,0,BAU,,ORG_DCOLL,,,2034,,,,,,,,9.0,29.7,,,,,,0.0,,,,,,
0,0,BAU,,ORG_DCOLL,,,2035,,,,,,,,9.0,29.7,,,,,,0.0,,,,,,
0,0,BAU,,ORG_DCOLL,,,2036,,,,,,,,9.0,29.7,,,,,,0.0,,,,,,
0,0,BAU,,ORG_DCOLL,,,2037,,,,,,,,9.0,29.7,,,,,,0.0,,,,,,
0,0,BAU,,ORG_DCOLL,,,2038,,,,,,,,9.0,29.7,,,,,,0.0,,,,,,
0,0,BAU,,ORG_DCOLL,,,2039,,,,,,,,9.0,29.7,,,,,,0.0,,,,,,
0,0,BAU,,ORG_DCOLL,,,2040,,,,,,,,9.0,29.7,,,,,,0.0,,,,,,
0,0,BAU,,ORG_DCOLL,,,2041,,,,,,,,9.0,29.7,,,,,,0.0,,,,,,
0,0,BAU,,ORG_DCOLL,,,2042,,,,,,,,9.0,29.7,,,,,,0.0,,,,,,
0,0,BAU,,ORG_DCOLL,,,2043,,,,,,,,9.0,29.7,,,,,,0.0,,,,,,
0,0,BAU,,ORG_DCOLL,,,2044,,,,,,,,9.0,29.7,,,,,,0.0,,,,,,
0,0,BAU,,ORG_DCOLL,,,2045,,,,,,,,9.0,29.7,,,,,,0.0,,,,,,
0,0,BAU,,ORG_DCOLL,,,2046,,,,,,,,9.0,29.7,,,,,,0.0,,,,,,
0,0,BAU,,ORG_DCOLL,,,2047,,,,,,,,9.0,29.7,,,,,,0.0,,,,,,
0,0,BAU,,ORG_DCOLL,,,2048,,,,,,,,9.0,29.7,,,,,,0.0,,,,,,
0,0,BAU,,ORG_DCOLL,,,2049,,,,,,,,9.0,29.7,,,,,,0.0,,,,,,
0,0,BAU,,ORG_DCOLL,,,2050,,,,,,,,9.0,29.7,,,,,,0.0,,,,,,
0,0,BAU,,BLEND_NO_DCOLL,,,2018,,,,,,,,9.0,29.7,,,,,,3.0445,,,,,,
0,0,BAU,,BLEND_NO_DCOLL,,,2019,,,,,,,,9.0,29.7,,,,,,3.047,,,,,,
0,0,BAU,,BLEND_NO_DCOLL,,,2020,,,,,,,,9.0,29.7,,,,,,3.1102,,,,,,
0,0,BAU,,BLEND_NO_DCOLL,,,2021,,,,,,,,9.0,29.7,,,,,,3.3518,,,,,,
0,0,BAU,,BLEND_NO_DCOLL,,,2022,,,,,,,,9.0,29.7,,,,,,3.4814,,,,,,
0,0,BAU,,BLEND_NO_DCOLL,,,2023,,,,,,,,9.0,29.7,,,,,,3.6074,,,,,,
0,0,BAU,,BLEND_NO_DCOLL,,,2024,,,,,,,,9.0,29.7,,,,,,3.7118,,,,,,
0,0,BAU,,BLEND_NO_DCOLL,,,2025,,,,,,,,9.0,29.7,,,,,,3.8161,,,,,,
0,0,BAU,,BLEND_NO_DCOLL,,,2026,,,,,,,,9.0,29.7,,,,,,3.9141,,,,,,
0,0,BAU,,BLEND_NO_DCOLL,,,2027,,,,,,,,9.0,29.7,,,,,,4.0131,,,,,,
0,0,BAU,,BLEND_NO_DCOLL,,,2028,,,,,,,,9.0,29.7,,,,,,4.1175,,,,,,
0,0,BAU,,BLEND_NO_DCOLL,,,2029,,,,,,,,9.0,29.7,,,,,,4.2176,,,,,,
0,0,BAU,,BLEND_NO_DCOLL,,,2030,,,,,,,,9.0,29.7,,,,,,4.3168,,,,,,
0,0,BAU,,BLEND_NO_DCOLL,,,2031,,,,,,,,9.0,29.7,,,,,,4.4065,,,,,,
0,0,BAU,,BLEND_NO_DCOLL,,,2032,,,,,,,,9.0,29.7,,,,,,4.4974,,,,,,
0,0,BAU,,BLEND_NO_DCOLL,,,2033,,,,,,,,9.0,29.7,,,,,,4.5897,,,,,,
0,0,BAU,,BLEND_NO_DCOLL,,,2034,,,,,,,,9.0,29.7,,,,,,4.6833,,,,,,
0,0,BAU,,BLEND_NO_DCOLL,,,2035,,,,,,,,9.0,29.7,,,,,,4.7784,,,,,,
0,0,BAU,,BLEND_NO_DCOLL,,,2036,,,,,,,,9.0,29.7,,,,,,4.8583,,,,,,
0,0,BAU,,BLEND_NO_DCOLL,,,2037,,,,,,,,9.0,29.7,,,,,,4.9392,,,,,,
0,0,BAU,,BLEND_NO_DCOLL,,,2038,,,,,,,,9.0,29.7,,,,,,5.021,,,,,,
0,0,BAU,,BLEND_NO_DCOLL,,,2039,,,,,,,,9.0,29.7,,,,,,5.104,,,,,,
0,0,BAU,,BLEND_NO_DCOLL,,,2040,,,,,,,,9.0,29.7,,,,,,5.1878,,,,,,
0,0,BAU,,BLEND_NO_DCOLL,,,2041,,,,,,,,9.0,29.7,,,,,,5.2556,,,,,,
0,0,BAU,,BLEND_NO_DCOLL,,,2042,,,,,,,,9.0,29.7,,,,,,5.3242,,,,,,
0,0,BAU,,BLEND_NO_DCOLL,,,2043,,,,,,,,9.0,29.7,,,,,,5.3935,,,,,,
0,0,BAU,,BLEND_NO_DCOLL,,,2044,,,,,,,,9.0,29.7,,,,,,5.4635,,,,,,
0,0,BAU,,BLEND_NO_DCOLL,,,2045,,,,,,,,9.0,29.7,,,,,,5.534,,,,,,
0,0,BAU,,BLEND_NO_DCOLL,,,2046,,,,,,,,9.0,29.7,,,,,,5.5886,,,,,,
0,0,BAU,,BLEND_NO_DCOLL,,,2047,,,,,,,,9.0,29.7,,,,,,5.6438,,,,,,
0,0,BAU,,BLEND_NO_DCOLL,,,2048,,,,,,,,9.0,29.7,,,,,,5.6992,,,,,,
0,0,BAU,,BLEND_NO_DCOLL,,,2049,,,,,,,,9.0,29.7,,,,,,5.7551,,,,,,
0,0,BAU,,BLEND_NO_DCOLL,,,2050,,,,,,,,9.0,29.7,,,,,,5.8113,,,,,,
0,0,BAU,,LANDFILL_ELEC,,,2018,,,,,,,,,,,,,,0.0,0.0,,,,,,
0,0,BAU,,LANDFILL_ELEC,,,2019,,,,,,,,,,,,,,0.0,0.0,,,,,,
0,0,BAU,,LANDFILL_ELEC,,,2020,,,,,,,,,,,,,,0.0,0.0,,,,,,
0,0,BAU,,LANDFILL_ELEC,,,2021,,,,,,,,,,,,,,0.0,0.0,,,,,,
0,0,BAU,,LANDFILL_ELEC,,,2022,,,,,,,,,,,,,,0.0,0.0,,,,,,
0,0,BAU,,LANDFILL_ELEC,,,2023,,,,,,,,,,,,,,0.0,0.0,,,,,,
0,0,BAU,,LANDFILL_ELEC,,,2024,,,,,,,,,,,,,,0.0,0.0,,,,,,
0,0,BAU,,LANDFILL_ELEC,,,2025,,,,,,,,,,,,,,0.0,0.0,,,,,,
0,0,BAU,,LANDFILL_ELEC,,,2026,,,,,,,,,,,,,,0.0,0.0,,,,,,
0,0,BAU,,LANDFILL_ELEC,,,2027,,,,,,,,,,,,,,0.0,0.0,,,,,,
0,0,BAU,,LANDFILL_ELEC,,,2028,,,,,,,,,,,,,,0.0,0.0,,,,,,
0,0,BAU,,LANDFILL_ELEC,,,2029,,,,,,,,,,,,,,0.0,0.0,,,,,,
0,0,BAU,,LANDFILL_ELEC,,,2030,,,,,,,,,,,,,,0.0,0.0,,,,,,
0,0,BAU,,LANDFILL_ELEC,,,2031,,,,,,,,,,,,,,0.0,0.0,,,,,,
0,0,BAU,,LANDFILL_ELEC,,,2032,,,,,,,,,,,,,,0.0,0.0,,,,,,
0,0,BAU,,LANDFILL_ELEC,,,2033,,,,,,,,,,,,,,0.0,0.0,,,,,,
0,0,BAU,,LANDFILL_ELEC,,,2034,,,,,,,,,,,,,,0.0,0.0,,,,,,
0,0,BAU,,LANDFILL_ELEC,,,2035,,,,,,,,,,,,,,0.0,0.0,,,,,,
0,0,BAU,,LANDFILL_ELEC,,,2036,,,,,,,,,,,,,,0.0,0.0,,,,,,
0,0,BAU,,LANDFILL_ELEC,,,2037,,,,,,,,,,,,,,0.0,0.0,,,,,,
0,0,BAU,,LANDFILL_ELEC,,,2038,,,,,,,,,,,,,,0.0,0.0,,,,,,
0,0,BAU,,LANDFILL_ELEC,,,2039,,,,,,,,,,,,,,0.0,0.0,,,,,,
0,0,BAU,,LANDFILL_ELEC,,,2040,,,,,,,,,,,,,,0.0,0.0,,,,,,
0,0,BAU,,LANDFILL_ELEC,,,2041,,,,,,,,,,,,,,0.0,0.0,,,,,,
0,0,BAU,,LANDFILL_ELEC,,,2042,,,,,,,,,,,,,,0.0,0.0,,,,,,
0,0,BAU,,LANDFILL_ELEC,,,2043,,,,,,,,,,,,,,0.0,0.0,,,,,,
0,0,BAU,,LANDFILL_ELEC,,,2044,,,,,,,,,,,,,,0.0,0.0,,,,,,
0,0,BAU,,LANDFILL_ELEC,,,2045,,,,,,,,,,,,,,0.0,0.0,,,,,,
0,0,BAU,,LANDFILL_ELEC,,,2046,,,,,,,,,,,,,,0.0,0.0,,,,,,
0,0,BAU,,LANDFILL_ELEC,,,2047,,,,,,,,,,,,,,0.0,0.0,,,,,,
0,0,BAU,,LANDFILL_ELEC,,,2048,,,,,,,,,,,,,,0.0,0.0,,,,,,
0,0,BAU,,LANDFILL_ELEC,,,2049,,,,,,,,,,,,,,0.0,0.0,,,,,,
0,0,BAU,,LANDFILL_ELEC,,,2050,,,,,,,,,,,,,,0.0,0.0,,,,,,
0,0,BAU,,IND_SW,,,2018,,,,,,,,,,,,,,1.4544,1.4544,,,,,,
0,0,BAU,,IND_SW,,,2019,,,,,,,,,,,,,,1.512,1.512,,,,,,
0,0,BAU,,IND_SW,,,2020,,,,,,,,,,,,,,1.3404,1.3404,,,,,,
0,0,BAU,,IND_SW,,,2021,,,,,,,,,,,,,,1.6021,1.6021,,,,,,
0,0,BAU,,IND_SW,,,2022,,,,,,,,,,,,,,1.9319,1.9319,,,,,,
0,0,BAU,,IND_SW,,,2023,,,,,,,,,,,,,,1.9859,1.9859,,,,,,
0,0,BAU,,IND_SW,,,2024,,,,,,,,,,,,,,2.0397,2.0397,,,,,,
0,0,BAU,,IND_SW,,,2025,,,,,,,,,,,,,,2.0902,2.0902,,,,,,
0,0,BAU,,IND_SW,,,2026,,,,,,,,,,,,,,2.1412,2.1412,,,,,,
0,0,BAU,,IND_SW,,,2027,,,,,,,,,,,,,,2.1949,2.1949,,,,,,
0,0,BAU,,IND_SW,,,2028,,,,,,,,,,,,,,2.2464,2.2464,,,,,,
0,0,BAU,,IND_SW,,,2029,,,,,,,,,,,,,,2.2974,2.2974,,,,,,
0,0,BAU,,IND_SW,,,2030,,,,,,,,,,,,,,2.3434,2.3434,,,,,,
0,0,BAU,,IND_SW,,,2031,,,,,,,,,,,,,,2.39,2.39,,,,,,
0,0,BAU,,IND_SW,,,2032,,,,,,,,,,,,,,2.4373,2.4373,,,,,,
0,0,BAU,,IND_SW,,,2033,,,,,,,,,,,,,,2.4853,2.4853,,,,,,
0,0,BAU,,IND_SW,,,2034,,,,,,,,,,,,,,2.534,2.534,,,,,,
0,0,BAU,,IND_SW,,,2035,,,,,,,,,,,,,,2.5748,2.5748,,,,,,
0,0,BAU,,IND_SW,,,2036,,,,,,,,,,,,,,2.6162,2.6162,,,,,,
0,0,BAU,,IND_SW,,,2037,,,,,,,,,,,,,,2.658,2.658,,,,,,
0,0,BAU,,IND_SW,,,2038,,,,,,,,,,,,,,2.7003,2.7003,,,,,,
0,0,BAU,,IND_SW,,,2039,,,,,,,,,,,,,,2.7431,2.7431,,,,,,
0,0,BAU,,IND_SW,,,2040,,,,,,,,,,,,,,2.7778,2.7778,,,,,,
0,0,BAU,,IND_SW,,,2041,,,,,,,,,,,,,,2.8128,2.8128,,,,,,
0,0,BAU,,IND_SW,,,2042,,,,,,,,,,,,,,2.848,2.848,,,,,,
0,0,BAU,,IND_SW,,,2043,,,,,,,,,,,,,,2.8836,2.8836,,,,,,
0,0,BAU,,IND_SW,,,2044,,,,,,,,,,,,,,2.9196,2.9196,,,,,,
0,0,BAU,,IND_SW,,,2045,,,,,,,,,,,,,,2.9474,2.9474,,,,,,
0,0,BAU,,IND_SW,,,2046,,,,,,,,,,,,,,2.9754,2.9754,,,,,,
0,0,BAU,,IND_SW,,,2047,,,,,,,,,,,,,,3.0036,3.0036,,,,,,
0,0,BAU,,IND_SW,,,2048,,,,,,,,,,,,,,3.032,3.032,,,,,,
0,0,BAU,,IND_SW,,,2049,,,,,,,,,,,,,,3.0606,3.0606,,,,,,
0,0,BAU,,IND_SW,,,2050,,,,,,,,,,,,,,3.0606,3.0606,,,,,,
0,0,BAU,,CO2_CH4_BURN,,,2018,,,,,,,,,,,,,,0.0,0.0,,,,,,
0,0,BAU,,CO2_CH4_BURN,,,2019,,,,,,,,,,,,,,0.0,0.0,,,,,,
0,0,BAU,,CO2_CH4_BURN,,,2020,,,,,,,,,,,,,,0.0,0.0,,,,,,
0,0,BAU,,CO2_CH4_BURN,,,2021,,,,,,,,,,,,,,0.0,0.0,,,,,,
0,0,BAU,,CO2_CH4_BURN,,,2022,,,,,,,,,,,,,,0.0,0.0,,,,,,
0,0,BAU,,CO2_CH4_BURN,,,2023,,,,,,,,,,,,,,0.0,0.0,,,,,,
0,0,BAU,,CO2_CH4_BURN,,,2024,,,,,,,,,,,,,,0.0,0.0,,,,,,
0,0,BAU,,CO2_CH4_BURN,,,2025,,,,,,,,,,,,,,0.0,0.0,,,,,,
0,0,BAU,,CO2_CH4_BURN,,,2026,,,,,,,,,,,,,,0.0,0.0,,,,,,
0,0,BAU,,CO2_CH4_BURN,,,2027,,,,,,,,,,,,,,0.0,0.0,,,,,,
0,0,BAU,,CO2_CH4_BURN,,,2028,,,,,,,,,,,,,,0.0,0.0,,,,,,
0,0,BAU,,CO2_CH4_BURN,,,2029,,,,,,,,,,,,,,0.0,0.0,,,,,,
0,0,BAU,,CO2_CH4_BURN,,,2030,,,,,,,,,,,,,,0.0,0.0,,,,,,
0,0,BAU,,CO2_CH4_BURN,,,2031,,,,,,,,,,,,,,0.0,0.0,,,,,,
0,0,BAU,,CO2_CH4_BURN,,,2032,,,,,,,,,,,,,,0.0,0.0,,,,,,
0,0,BAU,,CO2_CH4_BURN,,,2033,,,,,,,,,,,,,,0.0,0.0,,,,,,
0,0,BAU,,CO2_CH4_BURN,,,2034,,,,,,,,,,,,,,0.0,0.0,,,,,,
0,0,BAU,,CO2_CH4_BURN,,,2035,,,,,,,,,,,,,,0.0,0.0,,,,,,
0,0,BAU,,CO2_CH4_BURN,,,2036,,,,,,,,,,,,,,0.0,0.0,,,,,,
0,0,BAU,,CO2_CH4_BURN,,,2037,,,,,,,,,,,,,,0.0,0.0,,,,,,
0,0,BAU,,CO2_CH4_BURN,,,2038,,,,,,,,,,,,,,0.0,0.0,,,,,,
0,0,BAU,,CO2_CH4_BURN,,,2039,,,,,,,,,,,,,,0.0,0.0,,,,,,
0,0,BAU,,CO2_CH4_BURN,,,2040,,,,,,,,,,,,,,0.0,0.0,,,,,,
0,0,BAU,,CO2_CH4_BURN,,,2041,,,,,,,,,,,,,,0.0,0.0,,,,,,
0,0,BAU,,CO2_CH4_BURN,,,2042,,,,,,,,,,,,,,0.0,0.0,,,,,,
0,0,BAU,,CO2_CH4_BURN,,,2043,,,,,,,,,,,,,,0.0,0.0,,,,,,
0,0,BAU,,CO2_CH4_BURN,,,2044,,,,,,,,,,,,,,0.0,0.0,,,,,,
0,0,BAU,,CO2_CH4_BURN,,,2045,,,,,,,,,,,,,,0.0,0.0,,,,,,
0,0,BAU,,CO2_CH4_BURN,,,2046,,,,,,,,,,,,,,0.0,0.0,,,,,,
0,0,BAU,,CO2_CH4_BURN,,,2047,,,,,,,,,,,,,,0.0,0.0,,,,,,
0,0,BAU,,CO2_CH4_BURN,,,2048,,,,,,,,,,,,,,0.0,0.0,,,,,,
0,0,BAU,,CO2_CH4_BURN,,,2049,,,,,,,,,,,,,,0.0,0.0,,,,,,
0,0,BAU,,CO2_CH4_BURN,,,2050,,,,,,,,,,,,,,0.0,0.0,,,,,,
0,0,BAU,,SEWER_NO_T,,,2018,,,,,,,,,,,,,,0.281,0.281,,,,,,
0,0,BAU,,SEWER_NO_T,,,2019,,,,,,,,,,,,,,0.2177,0.2177,,,,,,
0,0,BAU,,SEWER_NO_T,,,2020,,,,,,,,,,,,,,0.1544,0.1544,,,,,,
0,0,BAU,,SEWER_NO_T,,,2021,,,,,,,,,,,,,,0.1372,0.1372,,,,,,
0,0,BAU,,SEWER_NO_T,,,2022,,,,,,,,,,,,,,0.1286,0.1286,,,,,,
0,0,BAU,,SEWER_NO_T,,,2023,,,,,,,,,,,,,,0.1333,0.1333,,,,,,
0,0,BAU,,SEWER_NO_T,,,2024,,,,,,,,,,,,,,0.1371,0.1371,,,,,,
0,0,BAU,,SEWER_NO_T,,,2025,,,,,,,,,,,,,,0.141,0.141,,,,,,
0,0,BAU,,SEWER_NO_T,,,2026,,,,,,,,,,,,,,0.1446,0.1446,,,,,,
0,0,BAU,,SEWER_NO_T,,,2027,,,,,,,,,,,,,,0.1482,0.1482,,,,,,
0,0,BAU,,SEWER_NO_T,,,2028,,,,,,,,,,,,,,0.1521,0.1521,,,,,,
0,0,BAU,,SEWER_NO_T,,,2029,,,,,,,,,,,,,,0.1558,0.1558,,,,,,
0,0,BAU,,SEWER_NO_T,,,2030,,,,,,,,,,,,,,0.1595,0.1595,,,,,,
0,0,BAU,,SEWER_NO_T,,,2031,,,,,,,,,,,,,,0.1628,0.1628,,,,,,
0,0,BAU,,SEWER_NO_T,,,2032,,,,,,,,,,,,,,0.1661,0.1661,,,,,,
0,0,BAU,,SEWER_NO_T,,,2033,,,,,,,,,,,,,,0.1695,0.1695,,,,,,
0,0,BAU,,SEWER_NO_T,,,2034,,,,,,,,,,,,,,0.173,0.173,,,,,,
0,0,BAU,,SEWER_NO_T,,,2035,,,,,,,,,,,,,,0.1765,0.1765,,,,,,
0,0,BAU,,SEWER_NO_T,,,2036,,,,,,,,,,,,,,0.1795,0.1795,,,,,,
0,0,BAU,,SEWER_NO_T,,,2037,,,,,,,,,,,,,,0.1825,0.1825,,,,,,
0,0,BAU,,SEWER_NO_T,,,2038,,,,,,,,,,,,,,0.1855,0.1855,,,,,,
0,0,BAU,,SEWER_NO_T,,,2039,,,,,,,,,,,,,,0.1885,0.1885,,,,,,
0,0,BAU,,SEWER_NO_T,,,2040,,,,,,,,,,,,,,0.1916,0.1916,,,,,,
0,0,BAU,,SEWER_NO_T,,,2041,,,,,,,,,,,,,,0.1942,0.1942,,,,,,
0,0,BAU,,SEWER_NO_T,,,2042,,,,,,,,,,,,,,0.1967,0.1967,,,,,,
0,0,BAU,,SEWER_NO_T,,,2043,,,,,,,,,,,,,,0.1992,0.1992,,,,,,
0,0,BAU,,SEWER_NO_T,,,2044,,,,,,,,,,,,,,0.2018,0.2018,,,,,,
0,0,BAU,,SEWER_NO_T,,,2045,,,,,,,,,,,,,,0.2044,0.2044,,,,,,
0,0,BAU,,SEWER_NO_T,,,2046,,,,,,,,,,,,,,0.2065,0.2065,,,,,,
0,0,BAU,,SEWER_NO_T,,,2047,,,,,,,,,,,,,,0.2085,0.2085,,,,,,
0,0,BAU,,SEWER_NO_T,,,2048,,,,,,,,,,,,,,0.2105,0.2105,,,,,,
0,0,BAU,,SEWER_NO_T,,,2049,,,,,,,,,,,,,,0.2126,0.2126,,,,,,
0,0,BAU,,SEWER_NO_T,,,2050,,,,,,,,,,,,,,0.2147,0.2147,,,,,,
0,0,BAU,,IWW_MEAT,,,2018,,,,,,,,,,,,,,0.1221,0.1221,,,,,,
0,0,BAU,,IWW_MEAT,,,2019,,,,,,,,,,,,,,0.1248,0.1248,,,,,,
0,0,BAU,,IWW_MEAT,,,2020,,,,,,,,,,,,,,0.1275,0.1275,,,,,,
0,0,BAU,,IWW_MEAT,,,2021,,,,,,,,,,,,,,0.144,0.144,,,,,,
0,0,BAU,,IWW_MEAT,,,2022,,,,,,,,,,,,,,0.1542,0.1542,,,,,,
0,0,BAU,,IWW_MEAT,,,2023,,,,,,,,,,,,,,0.1537,0.1537,,,,,,
0,0,BAU,,IWW_MEAT,,,2024,,,,,,,,,,,,,,0.158,0.158,,,,,,
0,0,BAU,,IWW_MEAT,,,2025,,,,,,,,,,,,,,0.1623,0.1623,,,,,,
0,0,BAU,,IWW_MEAT,,,2026,,,,,,,,,,,,,,0.1663,0.1663,,,,,,
0,0,BAU,,IWW_MEAT,,,2027,,,,,,,,,,,,,,0.1704,0.1704,,,,,,
0,0,BAU,,IWW_MEAT,,,2028,,,,,,,,,,,,,,0.1747,0.1747,,,,,,
0,0,BAU,,IWW_MEAT,,,2029,,,,,,,,,,,,,,0.1788,0.1788,,,,,,
0,0,BAU,,IWW_MEAT,,,2030,,,,,,,,,,,,,,0.1828,0.1828,,,,,,
0,0,BAU,,IWW_MEAT,,,2031,,,,,,,,,,,,,,0.1865,0.1865,,,,,,
0,0,BAU,,IWW_MEAT,,,2032,,,,,,,,,,,,,,0.1902,0.1902,,,,,,
0,0,BAU,,IWW_MEAT,,,2033,,,,,,,,,,,,,,0.194,0.194,,,,,,
0,0,BAU,,IWW_MEAT,,,2034,,,,,,,,,,,,,,0.1978,0.1978,,,,,,
0,0,BAU,,IWW_MEAT,,,2035,,,,,,,,,,,,,,0.2017,0.2017,,,,,,
0,0,BAU,,IWW_MEAT,,,2036,,,,,,,,,,,,,,0.2049,0.2049,,,,,,
0,0,BAU,,IWW_MEAT,,,2037,,,,,,,,,,,,,,0.2082,0.2082,,,,,,
0,0,BAU,,IWW_MEAT,,,2038,,,,,,,,,,,,,,0.2115,0.2115,,,,,,
0,0,BAU,,IWW_MEAT,,,2039,,,,,,,,,,,,,,0.2149,0.2149,,,,,,
0,0,BAU,,IWW_MEAT,,,2040,,,,,,,,,,,,,,0.2183,0.2183,,,,,,
0,0,BAU,,IWW_MEAT,,,2041,,,,,,,,,,,,,,0.2211,0.2211,,,,,,
0,0,BAU,,IWW_MEAT,,,2042,,,,,,,,,,,,,,0.2238,0.2238,,,,,,
0,0,BAU,,IWW_MEAT,,,2043,,,,,,,,,,,,,,0.2267,0.2267,,,,,,
0,0,BAU,,IWW_MEAT,,,2044,,,,,,,,,,,,,,0.2295,0.2295,,,,,,
0,0,BAU,,IWW_MEAT,,,2045,,,,,,,,,,,,,,0.2323,0.2323,,,,,,
0,0,BAU,,IWW_MEAT,,,2046,,,,,,,,,,,,,,0.2346,0.2346,,,,,,
0,0,BAU,,IWW_MEAT,,,2047,,,,,,,,,,,,,,0.2368,0.2368,,,,,,
0,0,BAU,,IWW_MEAT,,,2048,,,,,,,,,,,,,,0.239,0.239,,,,,,
0,0,BAU,,IWW_MEAT,,,2049,,,,,,,,,,,,,,0.2413,0.2413,,,,,,
0,0,BAU,,IWW_MEAT,,,2050,,,,,,,,,,,,,,0.2436,0.2436,,,,,,
0,0,BAU,,IWW_SUGAR,,,2018,,,,,,,,,,,,,,0.0,0.0,,,,,,
0,0,BAU,,IWW_SUGAR,,,2019,,,,,,,,,,,,,,0.0,0.0,,,,,,
0,0,BAU,,IWW_SUGAR,,,2020,,,,,,,,,,,,,,0.0,0.0,,,,,,
0,0,BAU,,IWW_SUGAR,,,2021,,,,,,,,,,,,,,0.0,0.0,,,,,,
0,0,BAU,,IWW_SUGAR,,,2022,,,,,,,,,,,,,,0.0,0.0,,,,,,
0,0,BAU,,IWW_SUGAR,,,2023,,,,,,,,,,,,,,0.0,0.0,,,,,,
0,0,BAU,,IWW_SUGAR,,,2024,,,,,,,,,,,,,,0.0,0.0,,,,,,
0,0,BAU,,IWW_SUGAR,,,2025,,,,,,,,,,,,,,0.0,0.0,,,,,,
0,0,BAU,,IWW_SUGAR,,,2026,,,,,,,,,,,,,,0.0,0.0,,,,,,
0,0,BAU,,IWW_SUGAR,,,2027,,,,,,,,,,,,,,0.0,0.0,,,,,,
0,0,BAU,,IWW_SUGAR,,,2028,,,,,,,,,,,,,,0.0,0.0,,,,,,
0,0,BAU,,IWW_SUGAR,,,2029,,,,,,,,,,,,,,0.0,0.0,,,,,,
0,0,BAU,,IWW_SUGAR,,,2030,,,,,,,,,,,,,,0.0,0.0,,,,,,
0,0,BAU,,IWW_SUGAR,,,2031,,,,,,,,,,,,,,0.0,0.0,,,,,,
0,0,BAU,,IWW_SUGAR,,,2032,,,,,,,,,,,,,,0.0,0.0,,,,,,
0,0,BAU,,IWW_SUGAR,,,2033,,,,,,,,,,,,,,0.0,0.0,,,,,,
0,0,BAU,,IWW_SUGAR,,,2034,,,,,,,,,,,,,,0.0,0.0,,,,,,
0,0,BAU,,IWW_SUGAR,,,2035,,,,,,,,,,,,,,0.0,0.0,,,,,,
0,0,BAU,,IWW_SUGAR,,,2036,,,,,,,,,,,,,,0.0,0.0,,,,,,
0,0,BAU,,IWW_SUGAR,,,2037,,,,,,,,,,,,,,0.0,0.0,,,,,,
0,0,BAU,,IWW_SUGAR,,,2038,,,,,,,,,,,,,,0.0,0.0,,,,,,
0,0,BAU,,IWW_SUGAR,,,2039,,,,,,,,,,,,,,0.0,0.0,,,,,,
0,0,BAU,,IWW_SUGAR,,,2040,,,,,,,,,,,,,,0.0,0.0,,,,,,
0,0,BAU,,IWW_SUGAR,,,2041,,,,,,,,,,,,,,0.0,0.0,,,,,,
0,0,BAU,,IWW_SUGAR,,,2042,,,,,,,,,,,,,,0.0,0.0,,,,,,
0,0,BAU,,IWW_SUGAR,,,2043,,,,,,,,,,,,,,0.0,0.0,,,,,,
0,0,BAU,,IWW_SUGAR,,,2044,,,,,,,,,,,,,,0.0,0.0,,,,,,
0,0,BAU,,IWW_SUGAR,,,2045,,,,,,,,,,,,,,0.0,0.0,,,,,,
0,0,BAU,,IWW_SUGAR,,,2046,,,,,,,,,,,,,,0.0,0.0,,,,,,
0,0,BAU,,IWW_SUGAR,,,2047,,,,,,,,,,,,,,0.0,0.0,,,,,,
0,0,BAU,,IWW_SUGAR,,,2048,,,,,,,,,,,,,,0.0,0.0,,,,,,
0,0,BAU,,IWW_SUGAR,,,2049,,,,,,,,,,,,,,0.0,0.0,,,,,,
0,0,BAU,,IWW_SUGAR,,,2050,,,,,,,,,,,,,,0.0,0.0,,,,,,
0,0,BAU,,IWW_ALCOHOL,,,2018,,,,,,,,,,,,,,0.0,0.0,,,,,,
0,0,BAU,,IWW_ALCOHOL,,,2019,,,,,,,,,,,,,,0.0,0.0,,,,,,
0,0,BAU,,IWW_ALCOHOL,,,2020,,,,,,,,,,,,,,0.0,0.0,,,,,,
0,0,BAU,,IWW_ALCOHOL,,,2021,,,,,,,,,,,,,,0.0,0.0,,,,,,
0,0,BAU,,IWW_ALCOHOL,,,2022,,,,,,,,,,,,,,0.0,0.0,,,,,,
0,0,BAU,,IWW_ALCOHOL,,,2023,,,,,,,,,,,,,,0.0,0.0,,,,,,
0,0,BAU,,IWW_ALCOHOL,,,2024,,,,,,,,,,,,,,0.0,0.0,,,,,,
0,0,BAU,,IWW_ALCOHOL,,,2025,,,,,,,,,,,,,,0.0,0.0,,,,,,
0,0,BAU,,IWW_ALCOHOL,,,2026,,,,,,,,,,,,,,0.0,0.0,,,,,,
0,0,BAU,,IWW_ALCOHOL,,,2027,,,,,,,,,,,,,,0.0,0.0,,,,,,
0,0,BAU,,IWW_ALCOHOL,,,2028,,,,,,,,,,,,,,0.0,0.0,,,,,,
0,0,BAU,,IWW_ALCOHOL,,,2029,,,,,,,,,,,,,,0.0,0.0,,,,,,
0,0,BAU,,IWW_ALCOHOL,,,2030,,,,,,,,,,,,,,0.0,0.0,,,,,,
0,0,BAU,,IWW_ALCOHOL,,,2031,,,,,,,,,,,,,,0.0,0.0,,,,,,
0,0,BAU,,IWW_ALCOHOL,,,2032,,,,,,,,,,,,,,0.0,0.0,,,,,,
0,0,BAU,,IWW_ALCOHOL,,,2033,,,,,,,,,,,,,,0.0,0.0,,,,,,
0,0,BAU,,IWW_ALCOHOL,,,2034,,,,,,,,,,,,,,0.0,0.0,,,,,,
0,0,BAU,,IWW_ALCOHOL,,,2035,,,,,,,,,,,,,,0.0,0.0,,,,,,
0,0,BAU,,IWW_ALCOHOL,,,2036,,,,,,,,,,,,,,0.0,0.0,,,,,,
0,0,BAU,,IWW_ALCOHOL,,,2037,,,,,,,,,,,,,,0.0,0.0,,,,,,
0,0,BAU,,IWW_ALCOHOL,,,2038,,,,,,,,,,,,,,0.0,0.0,,,,,,
0,0,BAU,,IWW_ALCOHOL,,,2039,,,,,,,,,,,,,,0.0,0.0,,,,,,
0,0,BAU,,IWW_ALCOHOL,,,2040,,,,,,,,,,,,,,0.0,0.0,,,,,,
0,0,BAU,,IWW_ALCOHOL,,,2041,,,,,,,,,,,,,,0.0,0.0,,,,,,
0,0,BAU,,IWW_ALCOHOL,,,2042,,,,,,,,,,,,,,0.0,0.0,,,,,,
0,0,BAU,,IWW_ALCOHOL,,,2043,,,,,,,,,,,,,,0.0,0.0,,,,,,
0,0,BAU,,IWW_ALCOHOL,,,2044,,,,,,,,,,,,,,0.0,0.0,,,,,,
0,0,BAU,,IWW_ALCOHOL,,,2045,,,,,,,,,,,,,,0.0,0.0,,,,,,
0,0,BAU,,IWW_ALCOHOL,,,2046,,,,,,,,,,,,,,0.0,0.0,,,,,,
0,0,BAU,,IWW_ALCOHOL,,,2047,,,,,,,,,,,,,,0.0,0.0,,,,,,
0,0,BAU,,IWW_ALCOHOL,,,2048,,,,,,,,,,,,,,0.0,0.0,,,,,,
0,0,BAU,,IWW_ALCOHOL,,,2049,,,,,,,,,,,,,,0.0,0.0,,,,,,
0,0,BAU,,IWW_ALCOHOL,,,2050,,,,,,,,,,,,,,0.0,0.0,,,,,,
0,0,BAU,,IWW_BEER,,,2018,,,,,,,,,,,,,,0.0,0.0,,,,,,
0,0,BAU,,IWW_BEER,,,2019,,,,,,,,,,,,,,0.0,0.0,,,,,,
0,0,BAU,,IWW_BEER,,,2020,,,,,,,,,,,,,,0.0,0.0,,,,,,
0,0,BAU,,IWW_BEER,,,2021,,,,,,,,,,,,,,0.0,0.0,,,,,,
0,0,BAU,,IWW_BEER,,,2022,,,,,,,,,,,,,,0.0,0.0,,,,,,
0,0,BAU,,IWW_BEER,,,2023,,,,,,,,,,,,,,0.0,0.0,,,,,,
0,0,BAU,,IWW_BEER,,,2024,,,,,,,,,,,,,,0.0,0.0,,,,,,
0,0,BAU,,IWW_BEER,,,2025,,,,,,,,,,,,,,0.0,0.0,,,,,,
0,0,BAU,,IWW_BEER,,,2026,,,,,,,,,,,,,,0.0,0.0,,,,,,
0,0,BAU,,IWW_BEER,,,2027,,,,,,,,,,,,,,0.0,0.0,,,,,,
0,0,BAU,,IWW_BEER,,,2028,,,,,,,,,,,,,,0.0,0.0,,,,,,
0,0,BAU,,IWW_BEER,,,2029,,,,,,,,,,,,,,0.0,0.0,,,,,,
0,0,BAU,,IWW_BEER,,,2030,,,,,,,,,,,,,,0.0,0.0,,,,,,
0,0,BAU,,IWW_BEER,,,2031,,,,,,,,,,,,,,0.0,0.0,,,,,,
0,0,BAU,,IWW_BEER,,,2032,,,,,,,,,,,,,,0.0,0.0,,,,,,
0,0,BAU,,IWW_BEER,,,2033,,,,,,,,,,,,,,0.0,0.0,,,,,,
0,0,BAU,,IWW_BEER,,,2034,,,,,,,,,,,,,,0.0,0.0,,,,,,
0,0,BAU,,IWW_BEER,,,2035,,,,,,,,,,,,,,0.0,0.0,,,,,,
0,0,BAU,,IWW_BEER,,,2036,,,,,,,,,,,,,,0.0,0.0,,,,,,
0,0,BAU,,IWW_BEER,,,2037,,,,,,,,,,,,,,0.0,0.0,,,,,,
0,0,BAU,,IWW_BEER,,,2038,,,,,,,,,,,,,,0.0,0.0,,,,,,
0,0,BAU,,IWW_BEER,,,2039,,,,,,,,,,,,,,0.0,0.0,,,,,,
0,0,BAU,,IWW_BEER,,,2040,,,,,,,,,,,,,,0.0,0.0,,,,,,
0,0,BAU,,IWW_BEER,,,2041,,,,,,,,,,,,,,0.0,0.0,,,,,,
0,0,BAU,,IWW_BEER,,,2042,,,,,,,,,,,,,,0.0,0.0,,,,,,
0,0,BAU,,IWW_BEER,,,2043,,,,,,,,,,,,,,0.0,0.0,,,,,,
0,0,BAU,,IWW_BEER,,,2044,,,,,,,,,,,,,,0.0,0.0,,,,,,
0,0,BAU,,IWW_BEER,,,2045,,,,,,,,,,,,,,0.0,0.0,,,,,,
0,0,BAU,,IWW_BEER,,,2046,,,,,,,,,,,,,,0.0,0.0,,,,,,
0,0,BAU,,IWW_BEER,,,2047,,,,,,,,,,,,,,0.0,0.0,,,,,,
0,0,BAU,,IWW_BEER,,,2048,,,,,,,,,,,,,,0.0,0.0,,,,,,
0,0,BAU,,IWW_BEER,,,2049,,,,,,,,,,,,,,0.0,0.0,,,,,,
0,0,BAU,,IWW_BEER,,,2050,,,,,,,,,,,,,,0.0,0.0,,,,,,
0,0,BAU,,IWW_MILK,,,2018,,,,,,,,,,,,,,0.0,0.0,,,,,,
0,0,BAU,,IWW_MILK,,,2019,,,,,,,,,,,,,,0.0,0.0,,,,,,
0,0,BAU,,IWW_MILK,,,2020,,,,,,,,,,,,,,0.0,0.0,,,,,,
0,0,BAU,,IWW_MILK,,,2021,,,,,,,,,,,,,,0.0,0.0,,,,,,
0,0,BAU,,IWW_MILK,,,2022,,,,,,,,,,,,,,0.0,0.0,,,,,,
0,0,BAU,,IWW_MILK,,,2023,,,,,,,,,,,,,,0.0,0.0,,,,,,
0,0,BAU,,IWW_MILK,,,2024,,,,,,,,,,,,,,0.0,0.0,,,,,,
0,0,BAU,,IWW_MILK,,,2025,,,,,,,,,,,,,,0.0,0.0,,,,,,
0,0,BAU,,IWW_MILK,,,2026,,,,,,,,,,,,,,0.0,0.0,,,,,,
0,0,BAU,,IWW_MILK,,,2027,,,,,,,,,,,,,,0.0,0.0,,,,,,
0,0,BAU,,IWW_MILK,,,2028,,,,,,,,,,,,,,0.0,0.0,,,,,,
0,0,BAU,,IWW_MILK,,,2029,,,,,,,,,,,,,,0.0,0.0,,,,,,
0,0,BAU,,IWW_MILK,,,2030,,,,,,,,,,,,,,0.0,0.0,,,,,,
0,0,BAU,,IWW_MILK,,,2031,,,,,,,,,,,,,,0.0,0.0,,,,,,
0,0,BAU,,IWW_MILK,,,2032,,,,,,,,,,,,,,0.0,0.0,,,,,,
0,0,BAU,,IWW_MILK,,,2033,,,,,,,,,,,,,,0.0,0.0,,,,,,
0,0,BAU,,IWW_MILK,,,2034,,,,,,,,,,,,,,0.0,0.0,,,,,,
0,0,BAU,,IWW_MILK,,,2035,,,,,,,,,,,,,,0.0,0.0,,,,,,
0,0,BAU,,IWW_MILK,,,2036,,,,,,,,,,,,,,0.0,0.0,,,,,,
0,0,BAU,,IWW_MILK,,,2037,,,,,,,,,,,,,,0.0,0.0,,,,,,
0,0,BAU,,IWW_MILK,,,2038,,,,,,,,,,,,,,0.0,0.0,,,,,,
0,0,BAU,,IWW_MILK,,,2039,,,,,,,,,,,,,,0.0,0.0,,,,,,
0,0,BAU,,IWW_MILK,,,2040,,,,,,,,,,,,,,0.0,0.0,,,,,,
0,0,BAU,,IWW_MILK,,,2041,,,,,,,,,,,,,,0.0,0.0,,,,,,
0,0,BAU,,IWW_MILK,,,2042,,,,,,,,,,,,,,0.0,0.0,,,,,,
0,0,BAU,,IWW_MILK,,,2043,,,,,,,,,,,,,,0.0,0.0,,,,,,
0,0,BAU,,IWW_MILK,,,2044,,,,,,,,,,,,,,0.0,0.0,,,,,,
0,0,BAU,,IWW_MILK,,,2045,,,,,,,,,,,,,,0.0,0.0,,,,,,
0,0,BAU,,IWW_MILK,,,2046,,,,,,,,,,,,,,0.0,0.0,,,,,,
0,0,BAU,,IWW_MILK,,,2047,,,,,,,,,,,,,,0.0,0.0,,,,,,
0,0,BAU,,IWW_MILK,,,2048,,,,,,,,,,,,,,0.0,0.0,,,,,,
0,0,BAU,,IWW_MILK,,,2049,,,,,,,,,,,,,,0.0,0.0,,,,,,
0,0,BAU,,IWW_MILK,,,2050,,,,,,,,,,,,,,0.0,0.0,,,,,,
0,0,BAU,,SEWERWW,,,2018,,,,,,,,,,,,,,0.281,0.281,,,,,,
0,0,BAU,,SEWERWW,,,2019,,,,,,,,,,,,,,0.2177,0.2177,,,,,,
0,0,BAU,,SEWERWW,,,2020,,,,,,,,,,,,,,0.1544,0.1544,,,,,,
0,0,BAU,,SEWERWW,,,2021,,,,,,,,,,,,,,0.1372,0.1372,,,,,,
0,0,BAU,,SEWERWW,,,2022,,,,,,,,,,,,,,0.1286,0.1286,,,,,,
0,0,BAU,,SEWERWW,,,2023,,,,,,,,,,,,,,0.1333,0.1333,,,,,,
0,0,BAU,,SEWERWW,,,2024,,,,,,,,,,,,,,0.1371,0.1371,,,,,,
0,0,BAU,,SEWERWW,,,2025,,,,,,,,,,,,,,0.141,0.141,,,,,,
0,0,BAU,,SEWERWW,,,2026,,,,,,,,,,,,,,0.1446,0.1446,,,,,,
0,0,BAU,,SEWERWW,,,2027,,,,,,,,,,,,,,0.1482,0.1482,,,,,,
0,0,BAU,,SEWERWW,,,2028,,,,,,,,,,,,,,0.1521,0.1521,,,,,,
0,0,BAU,,SEWERWW,,,2029,,,,,,,,,,,,,,0.1558,0.1558,,,,,,
0,0,BAU,,SEWERWW,,,2030,,,,,,,,,,,,,,0.1595,0.1595,,,,,,
0,0,BAU,,SEWERWW,,,2031,,,,,,,,,,,,,,0.1628,0.1628,,,,,,
0,0,BAU,,SEWERWW,,,2032,,,,,,,,,,,,,,0.1661,0.1661,,,,,,
0,0,BAU,,SEWERWW,,,2033,,,,,,,,,,,,,,0.1695,0.1695,,,,,,
0,0,BAU,,SEWERWW,,,2034,,,,,,,,,,,,,,0.173,0.173,,,,,,
0,0,BAU,,SEWERWW,,,2035,,,,,,,,,,,,,,0.1765,0.1765,,,,,,
0,0,BAU,,SEWERWW,,,2036,,,,,,,,,,,,,,0.1795,0.1795,,,,,,
0,0,BAU,,SEWERWW,,,2037,,,,,,,,,,,,,,0.1825,0.1825,,,,,,
0,0,BAU,,SEWERWW,,,2038,,,,,,,,,,,,,,0.1855,0.1855,,,,,,
0,0,BAU,,SEWERWW,,,2039,,,,,,,,,,,,,,0.1885,0.1885,,,,,,
0,0,BAU,,SEWERWW,,,2040,,,,,,,,,,,,,,0.1916,0.1916,,,,,,
0,0,BAU,,SEWERWW,,,2041,,,,,,,,,,,,,,0.1942,0.1942,,,,,,
0,0,BAU,,SEWERWW,,,2042,,,,,,,,,,,,,,0.1967,0.1967,,,,,,
0,0,BAU,,SEWERWW,,,2043,,,,,,,,,,,,,,0.1992,0.1992,,,,,,
0,0,BAU,,SEWERWW,,,2044,,,,,,,,,,,,,,0.2018,0.2018,,,,,,
0,0,BAU,,SEWERWW,,,2045,,,,,,,,,,,,,,0.2044,0.2044,,,,,,
0,0,BAU,,SEWERWW,,,2046,,,,,,,,,,,,,,0.2065,0.2065,,,,,,
0,0,BAU,,SEWERWW,,,2047,,,,,,,,,,,,,,0.2085,0.2085,,,,,,
0,0,BAU,,SEWERWW,,,2048,,,,,,,,,,,,,,0.2105,0.2105,,,,,,
0,0,BAU,,SEWERWW,,,2049,,,,,,,,,,,,,,0.2126,0.2126,,,,,,
0,0,BAU,,SEWERWW,,,2050,,,,,,,,,,,,,,0.2147,0.2147,,,,,,
0,0,BAU,,DIRECT_DISC,,,2018,,,,,,,,,,,,,,0.0,0.0,,,,,,
0,0,BAU,,DIRECT_DISC,,,2019,,,,,,,,,,,,,,0.0,0.0,,,,,,
0,0,BAU,,DIRECT_DISC,,,2020,,,,,,,,,,,,,,0.0,0.0,,,,,,
0,0,BAU,,DIRECT_DISC,,,2021,,,,,,,,,,,,,,0.0,0.0,,,,,,
0,0,BAU,,DIRECT_DISC,,,2022,,,,,,,,,,,,,,0.0,0.0,,,,,,
0,0,BAU,,DIRECT_DISC,,,2023,,,,,,,,,,,,,,0.0,0.0,,,,,,
0,0,BAU,,DIRECT_DISC,,,2024,,,,,,,,,,,,,,0.0,0.0,,,,,,
0,0,BAU,,DIRECT_DISC,,,2025,,,,,,,,,,,,,,0.0,0.0,,,,,,
0,0,BAU,,DIRECT_DISC,,,2026,,,,,,,,,,,,,,0.0,0.0,,,,,,
0,0,BAU,,DIRECT_DISC,,,2027,,,,,,,,,,,,,,0.0,0.0,,,,,,
0,0,BAU,,DIRECT_DISC,,,2028,,,,,,,,,,,,,,0.0,0.0,,,,,,
0,0,BAU,,DIRECT_DISC,,,2029,,,,,,,,,,,,,,0.0,0.0,,,,,,
0,0,BAU,,DIRECT_DISC,,,2030,,,,,,,,,,,,,,0.0,0.0,,,,,,
0,0,BAU,,DIRECT_DISC,,,2031,,,,,,,,,,,,,,0.0,0.0,,,,,,
0,0,BAU,,DIRECT_DISC,,,2032,,,,,,,,,,,,,,0.0,0.0,,,,,,
0,0,BAU,,DIRECT_DISC,,,2033,,,,,,,,,,,,,,0.0,0.0,,,,,,
0,0,BAU,,DIRECT_DISC,,,2034,,,,,,,,,,,,,,0.0,0.0,,,,,,
0,0,BAU,,DIRECT_DISC,,,2035,,,,,,,,,,,,,,0.0,0.0,,,,,,
0,0,BAU,,DIRECT_DISC,,,2036,,,,,,,,,,,,,,0.0,0.0,,,,,,
0,0,BAU,,DIRECT_DISC,,,2037,,,,,,,,,,,,,,0.0,0.0,,,,,,
0,0,BAU,,DIRECT_DISC,,,2038,,,,,,,,,,,,,,0.0,0.0,,,,,,
0,0,BAU,,DIRECT_DISC,,,2039,,,,,,,,,,,,,,0.0,0.0,,,,,,
0,0,BAU,,DIRECT_DISC,,,2040,,,,,,,,,,,,,,0.0,0.0,,,,,,
0,0,BAU,,DIRECT_DISC,,,2041,,,,,,,,,,,,,,0.0,0.0,,,,,,
0,0,BAU,,DIRECT_DISC,,,2042,,,,,,,,,,,,,,0.0,0.0,,,,,,
0,0,BAU,,DIRECT_DISC,,,2043,,,,,,,,,,,,,,0.0,0.0,,,,,,
0,0,BAU,,DIRECT_DISC,,,2044,,,,,,,,,,,,,,0.0,0.0,,,,,,
0,0,BAU,,DIRECT_DISC,,,2045,,,,,,,,,,,,,,0.0,0.0,,,,,,
0,0,BAU,,DIRECT_DISC,,,2046,,,,,,,,,,,,,,0.0,0.0,,,,,,
0,0,BAU,,DIRECT_DISC,,,2047,,,,,,,,,,,,,,0.0,0.0,,,,,,
0,0,BAU,,DIRECT_DISC,,,2048,,,,,,,,,,,,,,0.0,0.0,,,,,,
0,0,BAU,,DIRECT_DISC,,,2049,,,,,,,,,,,,,,0.0,0.0,,,,,,
0,0,BAU,,DIRECT_DISC,,,2050,,,,,,,,,,,,,,0.0,0.0,,,,,,
0,0,BAU,,OPEN_BURN,,,2018,,,,,,,,,,,,,,,0.1956,,,,,,
0,0,BAU,,OPEN_BURN,,,2019,,,,,,,,,,,,,,,0.2123,,,,,,
0,0,BAU,,OPEN_BURN,,,2020,,,,,,,,,,,,,,,0.2403,,,,,,
0,0,BAU,,OPEN_BURN,,,2021,,,,,,,,,,,,,,,0.1538,,,,,,
0,0,BAU,,OPEN_BURN,,,2022,,,,,,,,,,,,,,,0.1396,,,,,,
0,0,BAU,,OPEN_BURN,,,2023,,,,,,,,,,,,,,,0.1447,,,,,,
0,0,BAU,,OPEN_BURN,,,2024,,,,,,,,,,,,,,,0.1488,,,,,,
0,0,BAU,,OPEN_BURN,,,2025,,,,,,,,,,,,,,,0.153,,,,,,
0,0,BAU,,OPEN_BURN,,,2026,,,,,,,,,,,,,,,0.157,,,,,,
0,0,BAU,,OPEN_BURN,,,2027,,,,,,,,,,,,,,,0.1609,,,,,,
0,0,BAU,,OPEN_BURN,,,2028,,,,,,,,,,,,,,,0.1651,,,,,,
0,0,BAU,,OPEN_BURN,,,2029,,,,,,,,,,,,,,,0.1691,,,,,,
0,0,BAU,,OPEN_BURN,,,2030,,,,,,,,,,,,,,,0.1731,,,,,,
0,0,BAU,,OPEN_BURN,,,2031,,,,,,,,,,,,,,,0.1767,,,,,,
0,0,BAU,,OPEN_BURN,,,2032,,,,,,,,,,,,,,,0.1803,,,,,,
0,0,BAU,,OPEN_BURN,,,2033,,,,,,,,,,,,,,,0.184,,,,,,
0,0,BAU,,OPEN_BURN,,,2034,,,,,,,,,,,,,,,0.1878,,,,,,
0,0,BAU,,OPEN_BURN,,,2035,,,,,,,,,,,,,,,0.1916,,,,,,
0,0,BAU,,OPEN_BURN,,,2036,,,,,,,,,,,,,,,0.1948,,,,,,
0,0,BAU,,OPEN_BURN,,,2037,,,,,,,,,,,,,,,0.1981,,,,,,
0,0,BAU,,OPEN_BURN,,,2038,,,,,,,,,,,,,,,0.2013,,,,,,
0,0,BAU,,OPEN_BURN,,,2039,,,,,,,,,,,,,,,0.2047,,,,,,
0,0,BAU,,OPEN_BURN,,,2040,,,,,,,,,,,,,,,0.208,,,,,,
0,0,BAU,,OPEN_BURN,,,2041,,,,,,,,,,,,,,,0.2107,,,,,,
0,0,BAU,,OPEN_BURN,,,2042,,,,,,,,,,,,,,,0.2135,,,,,,
0,0,BAU,,OPEN_BURN,,,2043,,,,,,,,,,,,,,,0.2163,,,,,,
0,0,BAU,,OPEN_BURN,,,2044,,,,,,,,,,,,,,,0.2191,,,,,,
0,0,BAU,,OPEN_BURN,,,2045,,,,,,,,,,,,,,,0.2219,,,,,,
0,0,BAU,,OPEN_BURN,,,2046,,,,,,,,,,,,,,,0.2241,,,,,,
0,0,BAU,,OPEN_BURN,,,2047,,,,,,,,,,,,,,,0.2263,,,,,,
0,0,BAU,,OPEN_BURN,,,2048,,,,,,,,,,,,,,,0.2285,,,,,,
0,0,BAU,,OPEN_BURN,,,2049,,,,,,,,,,,,,,,0.2308,,,,,,
0,0,BAU,,OPEN_BURN,,,2050,,,,,,,,,,,,,,,0.233,,,,,,
0,0,BAU,,SIT_CLAN,,,2018,,,,,,,,,,,,,,,0.2589,,,,,,
0,0,BAU,,SIT_CLAN,,,2019,,,,,,,,,,,,,,,0.2501,,,,,,
0,0,BAU,,SIT_CLAN,,,2020,,,,,,,,,,,,,,,0.279,,,,,,
0,0,BAU,,SIT_CLAN,,,2021,,,,,,,,,,,,,,,0.2454,,,,,,
0,0,BAU,,SIT_CLAN,,,2022,,,,,,,,,,,,,,,0.2066,,,,,,
0,0,BAU,,SIT_CLAN,,,2023,,,,,,,,,,,,,,,0.2141,,,,,,
0,0,BAU,,SIT_CLAN,,,2024,,,,,,,,,,,,,,,0.2203,,,,,,
0,0,BAU,,SIT_CLAN,,,2025,,,,,,,,,,,,,,,0.2265,,,,,,
0,0,BAU,,SIT_CLAN,,,2026,,,,,,,,,,,,,,,0.2323,,,,,,
0,0,BAU,,SIT_CLAN,,,2027,,,,,,,,,,,,,,,0.2382,,,,,,
0,0,BAU,,SIT_CLAN,,,2028,,,,,,,,,,,,,,,0.2444,,,,,,
0,0,BAU,,SIT_CLAN,,,2029,,,,,,,,,,,,,,,0.2503,,,,,,
0,0,BAU,,SIT_CLAN,,,2030,,,,,,,,,,,,,,,0.2562,,,,,,
0,0,BAU,,SIT_CLAN,,,2031,,,,,,,,,,,,,,,0.2615,,,,,,
0,0,BAU,,SIT_CLAN,,,2032,,,,,,,,,,,,,,,0.2669,,,,,,
0,0,BAU,,SIT_CLAN,,,2033,,,,,,,,,,,,,,,0.2724,,,,,,
0,0,BAU,,SIT_CLAN,,,2034,,,,,,,,,,,,,,,0.278,,,,,,
0,0,BAU,,SIT_CLAN,,,2035,,,,,,,,,,,,,,,0.2836,,,,,,
0,0,BAU,,SIT_CLAN,,,2036,,,,,,,,,,,,,,,0.2883,,,,,,
0,0,BAU,,SIT_CLAN,,,2037,,,,,,,,,,,,,,,0.2931,,,,,,
0,0,BAU,,SIT_CLAN,,,2038,,,,,,,,,,,,,,,0.298,,,,,,
0,0,BAU,,SIT_CLAN,,,2039,,,,,,,,,,,,,,,0.3029,,,,,,
0,0,BAU,,SIT_CLAN,,,2040,,,,,,,,,,,,,,,0.3079,,,,,,
0,0,BAU,,SIT_CLAN,,,2041,,,,,,,,,,,,,,,0.3119,,,,,,
0,0,BAU,,SIT_CLAN,,,2042,,,,,,,,,,,,,,,0.316,,,,,,
0,0,BAU,,SIT_CLAN,,,2043,,,,,,,,,,,,,,,0.3201,,,,,,
0,0,BAU,,SIT_CLAN,,,2044,,,,,,,,,,,,,,,0.3243,,,,,,
0,0,BAU,,SIT_CLAN,,,2045,,,,,,,,,,,,,,,0.3284,,,,,,
0,0,BAU,,SIT_CLAN,,,2046,,,,,,,,,,,,,,,0.3317,,,,,,
0,0,BAU,,SIT_CLAN,,,2047,,,,,,,,,,,,,,,0.335,,,,,,
0,0,BAU,,SIT_CLAN,,,2048,,,,,,,,,,,,,,,0.3382,,,,,,
0,0,BAU,,SIT_CLAN,,,2049,,,,,,,,,,,,,,,0.3416,,,,,,
0,0,BAU,,SIT_CLAN,,,2050,,,,,,,,,,,,,,,0.3449,,,,,,
0,0,BAU,,OSS_INORG,,,2018,,,,,,,,,,,,,,,0.2233,,,,,,
0,0,BAU,,OSS_INORG,,,2019,,,,,,,,,,,,,,,0.224,,,,,,
0,0,BAU,,OSS_INORG,,,2020,,,,,,,,,,,,,,,0.2317,,,,,,
0,0,BAU,,OSS_INORG,,,2021,,,,,,,,,,,,,,,0.2394,,,,,,
0,0,BAU,,OSS_INORG,,,2022,,,,,,,,,,,,,,,0.2443,,,,,,
0,0,BAU,,OSS_INORG,,,2023,,,,,,,,,,,,,,,0.2532,,,,,,
0,0,BAU,,OSS_INORG,,,2024,,,,,,,,,,,,,,,0.2605,,,,,,
0,0,BAU,,OSS_INORG,,,2025,,,,,,,,,,,,,,,0.2678,,,,,,
0,0,BAU,,OSS_INORG,,,2026,,,,,,,,,,,,,,,0.2747,,,,,,
0,0,BAU,,OSS_INORG,,,2027,,,,,,,,,,,,,,,0.2816,,,,,,
0,0,BAU,,OSS_INORG,,,2028,,,,,,,,,,,,,,,0.289,,,,,,
0,0,BAU,,OSS_INORG,,,2029,,,,,,,,,,,,,,,0.296,,,,,,
0,0,BAU,,OSS_INORG,,,2030,,,,,,,,,,,,,,,0.3029,,,,,,
0,0,BAU,,OSS_INORG,,,2031,,,,,,,,,,,,,,,0.3092,,,,,,
0,0,BAU,,OSS_INORG,,,2032,,,,,,,,,,,,,,,0.3156,,,,,,
0,0,BAU,,OSS_INORG,,,2033,,,,,,,,,,,,,,,0.3221,,,,,,
0,0,BAU,,OSS_INORG,,,2034,,,,,,,,,,,,,,,0.3287,,,,,,
0,0,BAU,,OSS_INORG,,,2035,,,,,,,,,,,,,,,0.3353,,,,,,
0,0,BAU,,OSS_INORG,,,2036,,,,,,,,,,,,,,,0.3409,,,,,,
0,0,BAU,,OSS_INORG,,,2037,,,,,,,,,,,,,,,0.3466,,,,,,
0,0,BAU,,OSS_INORG,,,2038,,,,,,,,,,,,,,,0.3524,,,,,,
0,0,BAU,,OSS_INORG,,,2039,,,,,,,,,,,,,,,0.3582,,,,,,
0,0,BAU,,OSS_INORG,,,2040,,,,,,,,,,,,,,,0.3641,,,,,,
0,0,BAU,,OSS_INORG,,,2041,,,,,,,,,,,,,,,0.3688,,,,,,
0,0,BAU,,OSS_INORG,,,2042,,,,,,,,,,,,,,,0.3736,,,,,,
0,0,BAU,,OSS_INORG,,,2043,,,,,,,,,,,,,,,0.3785,,,,,,
0,0,BAU,,OSS_INORG,,,2044,,,,,,,,,,,,,,,0.3834,,,,,,
0,0,BAU,,OSS_INORG,,,2045,,,,,,,,,,,,,,,0.3884,,,,,,
0,0,BAU,,OSS_INORG,,,2046,,,,,,,,,,,,,,,0.3922,,,,,,
0,0,BAU,,OSS_INORG,,,2047,,,,,,,,,,,,,,,0.3961,,,,,,
0,0,BAU,,OSS_INORG,,,2048,,,,,,,,,,,,,,,0.4,,,,,,
0,0,BAU,,OSS_INORG,,,2049,,,,,,,,,,,,,,,0.4039,,,,,,
0,0,BAU,,OSS_INORG,,,2050,,,,,,,,,,,,,,,0.4078,,,,,,
0,0,BAU,,OSS_ORG,,,2018,,,,,,,,,,,,,,,0.0,,,,,,
0,0,BAU,,OSS_ORG,,,2019,,,,,,,,,,,,,,,0.0,,,,,,
0,0,BAU,,OSS_ORG,,,2020,,,,,,,,,,,,,,,0.0,,,,,,
0,0,BAU,,OSS_ORG,,,2021,,,,,,,,,,,,,,,0.0,,,,,,
0,0,BAU,,OSS_ORG,,,2022,,,,,,,,,,,,,,,0.0,,,,,,
0,0,BAU,,OSS_ORG,,,2023,,,,,,,,,,,,,,,0.0,,,,,,
0,0,BAU,,OSS_ORG,,,2024,,,,,,,,,,,,,,,0.0,,,,,,
0,0,BAU,,OSS_ORG,,,2025,,,,,,,,,,,,,,,0.0,,,,,,
0,0,BAU,,OSS_ORG,,,2026,,,,,,,,,,,,,,,0.0,,,,,,
0,0,BAU,,OSS_ORG,,,2027,,,,,,,,,,,,,,,0.0,,,,,,
0,0,BAU,,OSS_ORG,,,2028,,,,,,,,,,,,,,,0.0,,,,,,
0,0,BAU,,OSS_ORG,,,2029,,,,,,,,,,,,,,,0.0,,,,,,
0,0,BAU,,OSS_ORG,,,2030,,,,,,,,,,,,,,,0.0,,,,,,
0,0,BAU,,OSS_ORG,,,2031,,,,,,,,,,,,,,,0.0,,,,,,
0,0,BAU,,OSS_ORG,,,2032,,,,,,,,,,,,,,,0.0,,,,,,
0,0,BAU,,OSS_ORG,,,2033,,,,,,,,,,,,,,,0.0,,,,,,
0,0,BAU,,OSS_ORG,,,2034,,,,,,,,,,,,,,,0.0,,,,,,
0,0,BAU,,OSS_ORG,,,2035,,,,,,,,,,,,,,,0.0,,,,,,
0,0,BAU,,OSS_ORG,,,2036,,,,,,,,,,,,,,,0.0,,,,,,
0,0,BAU,,OSS_ORG,,,2037,,,,,,,,,,,,,,,0.0,,,,,,
0,0,BAU,,OSS_ORG,,,2038,,,,,,,,,,,,,,,0.0,,,,,,
0,0,BAU,,OSS_ORG,,,2039,,,,,,,,,,,,,,,0.0,,,,,,
0,0,BAU,,OSS_ORG,,,2040,,,,,,,,,,,,,,,0.0,,,,,,
0,0,BAU,,OSS_ORG,,,2041,,,,,,,,,,,,,,,0.0,,,,,,
0,0,BAU,,OSS_ORG,,,2042,,,,,,,,,,,,,,,0.0,,,,,,
0,0,BAU,,OSS_ORG,,,2043,,,,,,,,,,,,,,,0.0,,,,,,
0,0,BAU,,OSS_ORG,,,2044,,,,,,,,,,,,,,,0.0,,,,,,
0,0,BAU,,OSS_ORG,,,2045,,,,,,,,,,,,,,,0.0,,,,,,
0,0,BAU,,OSS_ORG,,,2046,,,,,,,,,,,,,,,0.0,,,,,,
0,0,BAU,,OSS_ORG,,,2047,,,,,,,,,,,,,,,0.0,,,,,,
0,0,BAU,,OSS_ORG,,,2048,,,,,,,,,,,,,,,0.0,,,,,,
0,0,BAU,,OSS_ORG,,,2049,,,,,,,,,,,,,,,0.0,,,,,,
0,0,BAU,,OSS_ORG,,,2050,,,,,,,,,,,,,,,0.0,,,,,,
0,0,BAU,,NO_OSS_BLEND,,,2018,,,,,,,,,,,,,,,3.0445,,,,,,
0,0,BAU,,NO_OSS_BLEND,,,2019,,,,,,,,,,,,,,,3.047,,,,,,
0,0,BAU,,NO_OSS_BLEND,,,2020,,,,,,,,,,,,,,,3.1102,,,,,,
0,0,BAU,,NO_OSS_BLEND,,,2021,,,,,,,,,,,,,,,3.3518,,,,,,
0,0,BAU,,NO_OSS_BLEND,,,2022,,,,,,,,,,,,,,,3.4814,,,,,,
0,0,BAU,,NO_OSS_BLEND,,,2023,,,,,,,,,,,,,,,3.6074,,,,,,
0,0,BAU,,NO_OSS_BLEND,,,2024,,,,,,,,,,,,,,,3.7118,,,,,,
0,0,BAU,,NO_OSS_BLEND,,,2025,,,,,,,,,,,,,,,3.8161,,,,,,
0,0,BAU,,NO_OSS_BLEND,,,2026,,,,,,,,,,,,,,,3.9141,,,,,,
0,0,BAU,,NO_OSS_BLEND,,,2027,,,,,,,,,,,,,,,4.0131,,,,,,
0,0,BAU,,NO_OSS_BLEND,,,2028,,,,,,,,,,,,,,,4.1175,,,,,,
0,0,BAU,,NO_OSS_BLEND,,,2029,,,,,,,,,,,,,,,4.2176,,,,,,
0,0,BAU,,NO_OSS_BLEND,,,2030,,,,,,,,,,,,,,,4.3168,,,,,,
0,0,BAU,,NO_OSS_BLEND,,,2031,,,,,,,,,,,,,,,4.4065,,,,,,
0,0,BAU,,NO_OSS_BLEND,,,2032,,,,,,,,,,,,,,,4.4974,,,,,,
0,0,BAU,,NO_OSS_BLEND,,,2033,,,,,,,,,,,,,,,4.5897,,,,,,
0,0,BAU,,NO_OSS_BLEND,,,2034,,,,,,,,,,,,,,,4.6833,,,,,,
0,0,BAU,,NO_OSS_BLEND,,,2035,,,,,,,,,,,,,,,4.7784,,,,,,
0,0,BAU,,NO_OSS_BLEND,,,2036,,,,,,,,,,,,,,,4.8583,,,,,,
0,0,BAU,,NO_OSS_BLEND,,,2037,,,,,,,,,,,,,,,4.9392,,,,,,
0,0,BAU,,NO_OSS_BLEND,,,2038,,,,,,,,,,,,,,,5.021,,,,,,
0,0,BAU,,NO_OSS_BLEND,,,2039,,,,,,,,,,,,,,,5.104,,,,,,
0,0,BAU,,NO_OSS_BLEND,,,2040,,,,,,,,,,,,,,,5.1878,,,,,,
0,0,BAU,,NO_OSS_BLEND,,,2041,,,,,,,,,,,,,,,5.2556,,,,,,
0,0,BAU,,NO_OSS_BLEND,,,2042,,,,,,,,,,,,,,,5.3242,,,,,,
0,0,BAU,,NO_OSS_BLEND,,,2043,,,,,,,,,,,,,,,5.3935,,,,,,
0,0,BAU,,NO_OSS_BLEND,,,2044,,,,,,,,,,,,,,,5.4635,,,,,,
0,0,BAU,,NO_OSS_BLEND,,,2045,,,,,,,,,,,,,,,5.534,,,,,,
0,0,BAU,,NO_OSS_BLEND,,,2046,,,,,,,,,,,,,,,5.5886,,,,,,
0,0,BAU,,NO_OSS_BLEND,,,2047,,,,,,,,,,,,,,,5.6438,,,,,,
0,0,BAU,,NO_OSS_BLEND,,,2048,,,,,,,,,,,,,,,5.6992,,,,,,
0,0,BAU,,NO_OSS_BLEND,,,2049,,,,,,,,,,,,,,,5.7551,,,,,,
0,0,BAU,,NO_OSS_BLEND,,,2050,,,,,,,,,,,,,,,5.8113,,,,,,
0,0,BAU,,NO_OSS_NO_COLL,,,2018,,,,,,,,,,,,,,,0.4545,,,,,,
0,0,BAU,,NO_OSS_NO_COLL,,,2019,,,,,,,,,,,,,,,0.4624,,,,,,
0,0,BAU,,NO_OSS_NO_COLL,,,2020,,,,,,,,,,,,,,,0.5193,,,,,,
0,0,BAU,,NO_OSS_NO_COLL,,,2021,,,,,,,,,,,,,,,0.3992,,,,,,
0,0,BAU,,NO_OSS_NO_COLL,,,2022,,,,,,,,,,,,,,,0.3462,,,,,,
0,0,BAU,,NO_OSS_NO_COLL,,,2023,,,,,,,,,,,,,,,0.3588,,,,,,
0,0,BAU,,NO_OSS_NO_COLL,,,2024,,,,,,,,,,,,,,,0.3691,,,,,,
0,0,BAU,,NO_OSS_NO_COLL,,,2025,,,,,,,,,,,,,,,0.3795,,,,,,
0,0,BAU,,NO_OSS_NO_COLL,,,2026,,,,,,,,,,,,,,,0.3893,,,,,,
0,0,BAU,,NO_OSS_NO_COLL,,,2027,,,,,,,,,,,,,,,0.3991,,,,,,
0,0,BAU,,NO_OSS_NO_COLL,,,2028,,,,,,,,,,,,,,,0.4095,,,,,,
0,0,BAU,,NO_OSS_NO_COLL,,,2029,,,,,,,,,,,,,,,0.4194,,,,,,
0,0,BAU,,NO_OSS_NO_COLL,,,2030,,,,,,,,,,,,,,,0.4293,,,,,,
0,0,BAU,,NO_OSS_NO_COLL,,,2031,,,,,,,,,,,,,,,0.4382,,,,,,
0,0,BAU,,NO_OSS_NO_COLL,,,2032,,,,,,,,,,,,,,,0.4472,,,,,,
0,0,BAU,,NO_OSS_NO_COLL,,,2033,,,,,,,,,,,,,,,0.4564,,,,,,
0,0,BAU,,NO_OSS_NO_COLL,,,2034,,,,,,,,,,,,,,,0.4658,,,,,,
0,0,BAU,,NO_OSS_NO_COLL,,,2035,,,,,,,,,,,,,,,0.4752,,,,,,
0,0,BAU,,NO_OSS_NO_COLL,,,2036,,,,,,,,,,,,,,,0.4831,,,,,,
0,0,BAU,,NO_OSS_NO_COLL,,,2037,,,,,,,,,,,,,,,0.4912,,,,,,
0,0,BAU,,NO_OSS_NO_COLL,,,2038,,,,,,,,,,,,,,,0.4993,,,,,,
0,0,BAU,,NO_OSS_NO_COLL,,,2039,,,,,,,,,,,,,,,0.5076,,,,,,
0,0,BAU,,NO_OSS_NO_COLL,,,2040,,,,,,,,,,,,,,,0.5159,,,,,,
0,0,BAU,,NO_OSS_NO_COLL,,,2041,,,,,,,,,,,,,,,0.5226,,,,,,
0,0,BAU,,NO_OSS_NO_COLL,,,2042,,,,,,,,,,,,,,,0.5295,,,,,,
0,0,BAU,,NO_OSS_NO_COLL,,,2043,,,,,,,,,,,,,,,0.5364,,,,,,
0,0,BAU,,NO_OSS_NO_COLL,,,2044,,,,,,,,,,,,,,,0.5434,,,,,,
0,0,BAU,,NO_OSS_NO_COLL,,,2045,,,,,,,,,,,,,,,0.5503,,,,,,
0,0,BAU,,NO_OSS_NO_COLL,,,2046,,,,,,,,,,,,,,,0.5558,,,,,,
0,0,BAU,,NO_OSS_NO_COLL,,,2047,,,,,,,,,,,,,,,0.5613,,,,,,
0,0,BAU,,NO_OSS_NO_COLL,,,2048,,,,,,,,,,,,,,,0.5667,,,,,,
0,0,BAU,,NO_OSS_NO_COLL,,,2049,,,,,,,,,,,,,,,0.5724,,,,,,
0,0,BAU,,NO_OSS_NO_COLL,,,2050,,,,,,,,,,,,,,,0.5779,,,,,,
0,0,BAU,,BLEND_NO_COLL,,,2018,,,,,,,,,,,,,,,0.4545,,,,,,
0,0,BAU,,BLEND_NO_COLL,,,2019,,,,,,,,,,,,,,,0.4624,,,,,,
0,0,BAU,,BLEND_NO_COLL,,,2020,,,,,,,,,,,,,,,0.5193,,,,,,
0,0,BAU,,BLEND_NO_COLL,,,2021,,,,,,,,,,,,,,,0.3992,,,,,,
0,0,BAU,,BLEND_NO_COLL,,,2022,,,,,,,,,,,,,,,0.3462,,,,,,
0,0,BAU,,BLEND_NO_COLL,,,2023,,,,,,,,,,,,,,,0.3588,,,,,,
0,0,BAU,,BLEND_NO_COLL,,,2024,,,,,,,,,,,,,,,0.3691,,,,,,
0,0,BAU,,BLEND_NO_COLL,,,2025,,,,,,,,,,,,,,,0.3795,,,,,,
0,0,BAU,,BLEND_NO_COLL,,,2026,,,,,,,,,,,,,,,0.3893,,,,,,
0,0,BAU,,BLEND_NO_COLL,,,2027,,,,,,,,,,,,,,,0.3991,,,,,,
0,0,BAU,,BLEND_NO_COLL,,,2028,,,,,,,,,,,,,,,0.4095,,,,,,
0,0,BAU,,BLEND_NO_COLL,,,2029,,,,,,,,,,,,,,,0.4194,,,,,,
0,0,BAU,,BLEND_NO_COLL,,,2030,,,,,,,,,,,,,,,0.4293,,,,,,
0,0,BAU,,BLEND_NO_COLL,,,2031,,,,,,,,,,,,,,,0.4382,,,,,,
0,0,BAU,,BLEND_NO_COLL,,,2032,,,,,,,,,,,,,,,0.4472,,,,,,
0,0,BAU,,BLEND_NO_COLL,,,2033,,,,,,,,,,,,,,,0.4564,,,,,,
0,0,BAU,,BLEND_NO_COLL,,,2034,,,,,,,,,,,,,,,0.4658,,,,,,
0,0,BAU,,BLEND_NO_COLL,,,2035,,,,,,,,,,,,,,,0.4752,,,,,,
0,0,BAU,,BLEND_NO_COLL,,,2036,,,,,,,,,,,,,,,0.4831,,,,,,
0,0,BAU,,BLEND_NO_COLL,,,2037,,,,,,,,,,,,,,,0.4912,,,,,,
0,0,BAU,,BLEND_NO_COLL,,,2038,,,,,,,,,,,,,,,0.4993,,,,,,
0,0,BAU,,BLEND_NO_COLL,,,2039,,,,,,,,,,,,,,,0.5076,,,,,,
0,0,BAU,,BLEND_NO_COLL,,,2040,,,,,,,,,,,,,,,0.5159,,,,,,
0,0,BAU,,BLEND_NO_COLL,,,2041,,,,,,,,,,,,,,,0.5226,,,,,,
0,0,BAU,,BLEND_NO_COLL,,,2042,,,,,,,,,,,,,,,0.5295,,,,,,
0,0,BAU,,BLEND_NO_COLL,,,2043,,,,,,,,,,,,,,,0.5364,,,,,,
0,0,BAU,,BLEND_NO_COLL,,,2044,,,,,,,,,,,,,,,0.5434,,,,,,
0,0,BAU,,BLEND_NO_COLL,,,2045,,,,,,,,,,,,,,,0.5503,,,,,,
0,0,BAU,,BLEND_NO_COLL,,,2046,,,,,,,,,,,,,,,0.5558,,,,,,
0,0,BAU,,BLEND_NO_COLL,,,2047,,,,,,,,,,,,,,,0.5613,,,,,,
0,0,BAU,,BLEND_NO_COLL,,,2048,,,,,,,,,,,,,,,0.5667,,,,,,
0,0,BAU,,BLEND_NO_COLL,,,2049,,,,,,,,,,,,,,,0.5724,,,,,,
0,0,BAU,,BLEND_NO_COLL,,,2050,,,,,,,,,,,,,,,0.5779,,,,,,
0,0,BAU,,INORG_SS,,,2018,,,,,,,,,,,,,,,0.2233,,,,,,
0,0,BAU,,INORG_SS,,,2019,,,,,,,,,,,,,,,0.224,,,,,,
0,0,BAU,,INORG_SS,,,2020,,,,,,,,,,,,,,,0.2317,,,,,,
0,0,BAU,,INORG_SS,,,2021,,,,,,,,,,,,,,,0.2394,,,,,,
0,0,BAU,,INORG_SS,,,2022,,,,,,,,,,,,,,,0.2443,,,,,,
0,0,BAU,,INORG_SS,,,2023,,,,,,,,,,,,,,,0.2532,,,,,,
0,0,BAU,,INORG_SS,,,2024,,,,,,,,,,,,,,,0.2605,,,,,,
0,0,BAU,,INORG_SS,,,2025,,,,,,,,,,,,,,,0.2678,,,,,,
0,0,BAU,,INORG_SS,,,2026,,,,,,,,,,,,,,,0.2747,,,,,,
0,0,BAU,,INORG_SS,,,2027,,,,,,,,,,,,,,,0.2816,,,,,,
0,0,BAU,,INORG_SS,,,2028,,,,,,,,,,,,,,,0.289,,,,,,
0,0,BAU,,INORG_SS,,,2029,,,,,,,,,,,,,,,0.296,,,,,,
0,0,BAU,,INORG_SS,,,2030,,,,,,,,,,,,,,,0.3029,,,,,,
0,0,BAU,,INORG_SS,,,2031,,,,,,,,,,,,,,,0.3092,,,,,,
0,0,BAU,,INORG_SS,,,2032,,,,,,,,,,,,,,,0.3156,,,,,,
0,0,BAU,,INORG_SS,,,2033,,,,,,,,,,,,,,,0.3221,,,,,,
0,0,BAU,,INORG_SS,,,2034,,,,,,,,,,,,,,,0.3287,,,,,,
0,0,BAU,,INORG_SS,,,2035,,,,,,,,,,,,,,,0.3353,,,,,,
0,0,BAU,,INORG_SS,,,2036,,,,,,,,,,,,,,,0.3409,,,,,,
0,0,BAU,,INORG_SS,,,2037,,,,,,,,,,,,,,,0.3466,,,,,,
0,0,BAU,,INORG_SS,,,2038,,,,,,,,,,,,,,,0.3524,,,,,,
0,0,BAU,,INORG_SS,,,2039,,,,,,,,,,,,,,,0.3582,,,,,,
0,0,BAU,,INORG_SS,,,2040,,,,,,,,,,,,,,,0.3641,,,,,,
0,0,BAU,,INORG_SS,,,2041,,,,,,,,,,,,,,,0.3688,,,,,,
0,0,BAU,,INORG_SS,,,2042,,,,,,,,,,,,,,,0.3736,,,,,,
0,0,BAU,,INORG_SS,,,2043,,,,,,,,,,,,,,,0.3785,,,,,,
0,0,BAU,,INORG_SS,,,2044,,,,,,,,,,,,,,,0.3834,,,,,,
0,0,BAU,,INORG_SS,,,2045,,,,,,,,,,,,,,,0.3884,,,,,,
0,0,BAU,,INORG_SS,,,2046,,,,,,,,,,,,,,,0.3922,,,,,,
0,0,BAU,,INORG_SS,,,2047,,,,,,,,,,,,,,,0.3961,,,,,,
0,0,BAU,,INORG_SS,,,2048,,,,,,,,,,,,,,,0.4,,,,,,
0,0,BAU,,INORG_SS,,,2049,,,,,,,,,,,,,,,0.4039,,,,,,
0,0,BAU,,INORG_SS,,,2050,,,,,,,,,,,,,,,0.4078,,,,,,
0,0,BAU,,ORG_SS,,,2018,,,,,,,,,,,,,,,0.0,,,,,,
0,0,BAU,,ORG_SS,,,2019,,,,,,,,,,,,,,,0.0,,,,,,
0,0,BAU,,ORG_SS,,,2020,,,,,,,,,,,,,,,0.0,,,,,,
0,0,BAU,,ORG_SS,,,2021,,,,,,,,,,,,,,,0.0,,,,,,
0,0,BAU,,ORG_SS,,,2022,,,,,,,,,,,,,,,0.0,,,,,,
0,0,BAU,,ORG_SS,,,2023,,,,,,,,,,,,,,,0.0,,,,,,
0,0,BAU,,ORG_SS,,,2024,,,,,,,,,,,,,,,0.0,,,,,,
0,0,BAU,,ORG_SS,,,2025,,,,,,,,,,,,,,,0.0,,,,,,
0,0,BAU,,ORG_SS,,,2026,,,,,,,,,,,,,,,0.0,,,,,,
0,0,BAU,,ORG_SS,,,2027,,,,,,,,,,,,,,,0.0,,,,,,
0,0,BAU,,ORG_SS,,,2028,,,,,,,,,,,,,,,0.0,,,,,,
0,0,BAU,,ORG_SS,,,2029,,,,,,,,,,,,,,,0.0,,,,,,
0,0,BAU,,ORG_SS,,,2030,,,,,,,,,,,,,,,0.0,,,,,,
0,0,BAU,,ORG_SS,,,2031,,,,,,,,,,,,,,,0.0,,,,,,
0,0,BAU,,ORG_SS,,,2032,,,,,,,,,,,,,,,0.0,,,,,,
0,0,BAU,,ORG_SS,,,2033,,,,,,,,,,,,,,,0.0,,,,,,
0,0,BAU,,ORG_SS,,,2034,,,,,,,,,,,,,,,0.0,,,,,,
0,0,BAU,,ORG_SS,,,2035,,,,,,,,,,,,,,,0.0,,,,,,
0,0,BAU,,ORG_SS,,,2036,,,,,,,,,,,,,,,0.0,,,,,,
0,0,BAU,,ORG_SS,,,2037,,,,,,,,,,,,,,,0.0,,,,,,
0,0,BAU,,ORG_SS,,,2038,,,,,,,,,,,,,,,0.0,,,,,,
0,0,BAU,,ORG_SS,,,2039,,,,,,,,,,,,,,,0.0,,,,,,
0,0,BAU,,ORG_SS,,,2040,,,,,,,,,,,,,,,0.0,,,,,,
0,0,BAU,,ORG_SS,,,2041,,,,,,,,,,,,,,,0.0,,,,,,
0,0,BAU,,ORG_SS,,,2042,,,,,,,,,,,,,,,0.0,,,,,,
0,0,BAU,,ORG_SS,,,2043,,,,,,,,,,,,,,,0.0,,,,,,
0,0,BAU,,ORG_SS,,,2044,,,,,,,,,,,,,,,0.0,,,,,,
0,0,BAU,,ORG_SS,,,2045,,,,,,,,,,,,,,,0.0,,,,,,
0,0,BAU,,ORG_SS,,,2046,,,,,,,,,,,,,,,0.0,,,,,,
0,0,BAU,,ORG_SS,,,2047,,,,,,,,,,,,,,,0.0,,,,,,
0,0,BAU,,ORG_SS,,,2048,,,,,,,,,,,,,,,0.0,,,,,,
0,0,BAU,,ORG_SS,,,2049,,,,,,,,,,,,,,,0.0,,,,,,
0,0,BAU,,ORG_SS,,,2050,,,,,,,,,,,,,,,0.0,,,,,,
0,0,BAU,,NO_SS,,,2018,,,,,,,,,,,,,,,3.499,,,,,,
0,0,BAU,,NO_SS,,,2019,,,,,,,,,,,,,,,3.5094,,,,,,
0,0,BAU,,NO_SS,,,2020,,,,,,,,,,,,,,,3.6295,,,,,,
0,0,BAU,,NO_SS,,,2021,,,,,,,,,,,,,,,3.751,,,,,,
0,0,BAU,,NO_SS,,,2022,,,,,,,,,,,,,,,3.8276,,,,,,
0,0,BAU,,NO_SS,,,2023,,,,,,,,,,,,,,,3.9662,,,,,,
0,0,BAU,,NO_SS,,,2024,,,,,,,,,,,,,,,4.0809,,,,,,
0,0,BAU,,NO_SS,,,2025,,,,,,,,,,,,,,,4.1956,,,,,,
0,0,BAU,,NO_SS,,,2026,,,,,,,,,,,,,,,4.3034,,,,,,
0,0,BAU,,NO_SS,,,2027,,,,,,,,,,,,,,,4.4122,,,,,,
0,0,BAU,,NO_SS,,,2028,,,,,,,,,,,,,,,4.527,,,,,,
0,0,BAU,,NO_SS,,,2029,,,,,,,,,,,,,,,4.637,,,,,,
0,0,BAU,,NO_SS,,,2030,,,,,,,,,,,,,,,4.7461,,,,,,
0,0,BAU,,NO_SS,,,2031,,,,,,,,,,,,,,,4.8447,,,,,,
0,0,BAU,,NO_SS,,,2032,,,,,,,,,,,,,,,4.9446,,,,,,
0,0,BAU,,NO_SS,,,2033,,,,,,,,,,,,,,,5.0461,,,,,,
0,0,BAU,,NO_SS,,,2034,,,,,,,,,,,,,,,5.1491,,,,,,
0,0,BAU,,NO_SS,,,2035,,,,,,,,,,,,,,,5.2536,,,,,,
0,0,BAU,,NO_SS,,,2036,,,,,,,,,,,,,,,5.3414,,,,,,
0,0,BAU,,NO_SS,,,2037,,,,,,,,,,,,,,,5.4304,,,,,,
0,0,BAU,,NO_SS,,,2038,,,,,,,,,,,,,,,5.5203,,,,,,
0,0,BAU,,NO_SS,,,2039,,,,,,,,,,,,,,,5.6116,,,,,,
0,0,BAU,,NO_SS,,,2040,,,,,,,,,,,,,,,5.7037,,,,,,
0,0,BAU,,NO_SS,,,2041,,,,,,,,,,,,,,,5.7782,,,,,,
0,0,BAU,,NO_SS,,,2042,,,,,,,,,,,,,,,5.8537,,,,,,
0,0,BAU,,NO_SS,,,2043,,,,,,,,,,,,,,,5.9299,,,,,,
0,0,BAU,,NO_SS,,,2044,,,,,,,,,,,,,,,6.0069,,,,,,
0,0,BAU,,NO_SS,,,2045,,,,,,,,,,,,,,,6.0843,,,,,,
0,0,BAU,,NO_SS,,,2046,,,,,,,,,,,,,,,6.1444,,,,,,
0,0,BAU,,NO_SS,,,2047,,,,,,,,,,,,,,,6.2051,,,,,,
0,0,BAU,,NO_SS,,,2048,,,,,,,,,,,,,,,6.2659,,,,,,
0,0,BAU,,NO_SS,,,2049,,,,,,,,,,,,,,,6.3275,,,,,,
0,0,BAU,,NO_SS,,,2050,,,,,,,,,,,,,,,6.3892,,,,,,
